# mimo_cg accuracy_losses: numpy=2.5.3, base_seed=20260930, target_ber=0.001, interpolation=log-BER
modulation,M,K,residual,detector,W,g_s,nit,status,snr_db,loss_mmse_db,loss_cg_db
qpsk,32,4,recurrence,zf,,,,ok,-4.422923e+00,7.885142e-02,
qpsk,32,4,recurrence,mmse,,,,ok,-4.501774e+00,0.000000e+00,
qpsk,32,4,recurrence,cg1,,,1,floor,,,
qpsk,32,4,recurrence,cg2,,,2,ok,-4.238845e+00,2.629287e-01,
qpsk,32,4,recurrence,cg3,,,3,ok,-4.505215e+00,-3.441224e-03,
qpsk,32,4,recurrence,cg4,,,4,ok,-4.501774e+00,0.000000e+00,
qpsk,32,4,recurrence,fx:W8g0:cg1,8,0,1,floor,,,
qpsk,32,4,recurrence,fx:W8g0:cg2,8,0,2,floor,,,
qpsk,32,4,recurrence,fx:W8g0:cg3,8,0,3,floor,,,
qpsk,32,4,recurrence,fx:W8g0:cg4,8,0,4,floor,,,
qpsk,32,4,recurrence,fx:W8g4:cg1,8,4,1,floor,,,
qpsk,32,4,recurrence,fx:W8g4:cg2,8,4,2,ok,-2.673653e+00,1.828121e+00,1.565192e+00
qpsk,32,4,recurrence,fx:W8g4:cg3,8,4,3,ok,-3.559883e+00,9.418909e-01,9.453322e-01
qpsk,32,4,recurrence,fx:W8g4:cg4,8,4,4,ok,-3.612544e+00,8.892298e-01,8.892298e-01
qpsk,32,4,recurrence,fx:W8g8:cg1,8,8,1,floor,,,
qpsk,32,4,recurrence,fx:W8g8:cg2,8,8,2,ok,-3.816993e+00,6.847810e-01,4.218523e-01
qpsk,32,4,recurrence,fx:W8g8:cg3,8,8,3,ok,-3.847686e+00,6.540881e-01,6.575294e-01
qpsk,32,4,recurrence,fx:W8g8:cg4,8,8,4,ok,-3.537877e+00,9.638973e-01,9.638973e-01
qpsk,32,4,recurrence,fx:W10g0:cg1,10,0,1,floor,,,
qpsk,32,4,recurrence,fx:W10g0:cg2,10,0,2,floor,,,
qpsk,32,4,recurrence,fx:W10g0:cg3,10,0,3,ok,-4.215611e-01,4.080213e+00,4.083654e+00
qpsk,32,4,recurrence,fx:W10g0:cg4,10,0,4,ok,-4.227041e-01,4.079070e+00,4.079070e+00
qpsk,32,4,recurrence,fx:W10g4:cg1,10,4,1,floor,,,
qpsk,32,4,recurrence,fx:W10g4:cg2,10,4,2,ok,-4.116881e+00,3.848926e-01,1.219640e-01
qpsk,32,4,recurrence,fx:W10g4:cg3,10,4,3,ok,-4.165601e+00,3.361735e-01,3.396147e-01
qpsk,32,4,recurrence,fx:W10g4:cg4,10,4,4,ok,-4.271131e+00,2.306430e-01,2.306430e-01
qpsk,32,4,recurrence,fx:W10g8:cg1,10,8,1,floor,,,
qpsk,32,4,recurrence,fx:W10g8:cg2,10,8,2,ok,-4.158869e+00,3.429051e-01,7.997643e-02
qpsk,32,4,recurrence,fx:W10g8:cg3,10,8,3,ok,-4.422923e+00,7.885142e-02,8.229264e-02
qpsk,32,4,recurrence,fx:W10g8:cg4,10,8,4,ok,-4.428474e+00,7.330017e-02,7.330017e-02
qpsk,32,4,recurrence,fx:W12g0:cg1,12,0,1,floor,,,
qpsk,32,4,recurrence,fx:W12g0:cg2,12,0,2,ok,-2.506356e+00,1.995418e+00,1.732490e+00
qpsk,32,4,recurrence,fx:W12g0:cg3,12,0,3,ok,-3.710339e+00,7.914347e-01,7.948759e-01
qpsk,32,4,recurrence,fx:W12g0:cg4,12,0,4,ok,-3.771069e+00,7.307050e-01,7.307050e-01
qpsk,32,4,recurrence,fx:W12g4:cg1,12,4,1,floor,,,
qpsk,32,4,recurrence,fx:W12g4:cg2,12,4,2,ok,-4.192039e+00,3.097355e-01,4.680688e-02
qpsk,32,4,recurrence,fx:W12g4:cg3,12,4,3,ok,-4.354060e+00,1.477140e-01,1.511552e-01
qpsk,32,4,recurrence,fx:W12g4:cg4,12,4,4,ok,-4.458706e+00,4.306773e-02,4.306773e-02
qpsk,32,4,recurrence,fx:W12g8:cg1,12,8,1,floor,,,
qpsk,32,4,recurrence,fx:W12g8:cg2,12,8,2,ok,-4.194576e+00,3.071983e-01,4.426963e-02
qpsk,32,4,recurrence,fx:W12g8:cg3,12,8,3,ok,-4.512895e+00,-1.112140e-02,-7.680177e-03
qpsk,32,4,recurrence,fx:W12g8:cg4,12,8,4,ok,-4.517279e+00,-1.550474e-02,-1.550474e-02
qpsk,32,4,recurrence,fx:W14g0:cg1,14,0,1,floor,,,
qpsk,32,4,recurrence,fx:W14g0:cg2,14,0,2,ok,-4.158256e+00,3.435184e-01,8.058971e-02
qpsk,32,4,recurrence,fx:W14g0:cg3,14,0,3,ok,-4.201069e+00,3.007052e-01,3.041464e-01
qpsk,32,4,recurrence,fx:W14g0:cg4,14,0,4,ok,-4.314553e+00,1.872210e-01,1.872210e-01
qpsk,32,4,recurrence,fx:W14g4:cg1,14,4,1,floor,,,
qpsk,32,4,recurrence,fx:W14g4:cg2,14,4,2,ok,-4.231635e+00,2.701392e-01,7.210559e-03
qpsk,32,4,recurrence,fx:W14g4:cg3,14,4,3,ok,-4.500999e+00,7.750091e-04,4.216233e-03
qpsk,32,4,recurrence,fx:W14g4:cg4,14,4,4,ok,-4.506608e+00,-4.834269e-03,-4.834269e-03
qpsk,32,4,recurrence,fx:W14g8:cg1,14,8,1,floor,,,
qpsk,32,4,recurrence,fx:W14g8:cg2,14,8,2,ok,-4.232611e+00,2.691629e-01,6.234284e-03
qpsk,32,4,recurrence,fx:W14g8:cg3,14,8,3,ok,-4.507760e+00,-5.985547e-03,-2.544323e-03
qpsk,32,4,recurrence,fx:W14g8:cg4,14,8,4,ok,-4.499491e+00,2.282577e-03,2.282577e-03
qpsk,32,4,recurrence,fx:W16g0:cg1,16,0,1,floor,,,
qpsk,32,4,recurrence,fx:W16g0:cg2,16,0,2,ok,-4.220025e+00,2.817489e-01,1.882021e-02
qpsk,32,4,recurrence,fx:W16g0:cg3,16,0,3,ok,-4.369607e+00,1.321674e-01,1.356086e-01
qpsk,32,4,recurrence,fx:W16g0:cg4,16,0,4,ok,-4.456453e+00,4.532087e-02,4.532087e-02
qpsk,32,4,recurrence,fx:W16g4:cg1,16,4,1,floor,,,
qpsk,32,4,recurrence,fx:W16g4:cg2,16,4,2,ok,-4.237992e+00,2.637817e-01,8.530822e-04
qpsk,32,4,recurrence,fx:W16g4:cg3,16,4,3,ok,-4.515624e+00,-1.385030e-02,-1.040908e-02
qpsk,32,4,recurrence,fx:W16g4:cg4,16,4,4,ok,-4.509747e+00,-7.973396e-03,-7.973396e-03
qpsk,32,4,recurrence,fx:W16g8:cg1,16,8,1,floor,,,
qpsk,32,4,recurrence,fx:W16g8:cg2,16,8,2,ok,-4.237992e+00,2.637817e-01,8.530822e-04
qpsk,32,4,recurrence,fx:W16g8:cg3,16,8,3,ok,-4.508410e+00,-6.636399e-03,-3.195175e-03
qpsk,32,4,recurrence,fx:W16g8:cg4,16,8,4,ok,-4.500999e+00,7.750091e-04,7.750091e-04
qpsk,32,4,recurrence,fx:W18g0:cg1,18,0,1,floor,,,
qpsk,32,4,recurrence,fx:W18g0:cg2,18,0,2,ok,-4.236888e+00,2.648864e-01,1.957733e-03
qpsk,32,4,recurrence,fx:W18g0:cg3,18,0,3,ok,-4.502709e+00,-9.345070e-04,2.506717e-03
qpsk,32,4,recurrence,fx:W18g0:cg4,18,0,4,ok,-4.508410e+00,-6.636399e-03,-6.636399e-03
qpsk,32,4,recurrence,fx:W18g4:cg1,18,4,1,floor,,,
qpsk,32,4,recurrence,fx:W18g4:cg2,18,4,2,ok,-4.239934e+00,2.618398e-01,-1.088875e-03
qpsk,32,4,recurrence,fx:W18g4:cg3,18,4,3,ok,-4.501998e+00,-2.242922e-04,3.216932e-03
qpsk,32,4,recurrence,fx:W18g4:cg4,18,4,4,ok,-4.496253e+00,5.521494e-03,5.521494e-03
qpsk,32,4,recurrence,fx:W18g8:cg1,18,8,1,floor,,,
qpsk,32,4,recurrence,fx:W18g8:cg2,18,8,2,ok,-4.238845e+00,2.629287e-01,0.000000e+00
qpsk,32,4,recurrence,fx:W18g8:cg3,18,8,3,ok,-4.505215e+00,-3.441224e-03,0.000000e+00
qpsk,32,4,recurrence,fx:W18g8:cg4,18,8,4,ok,-4.499408e+00,2.366413e-03,2.366413e-03
qpsk,32,4,recurrence,fx:W20g0:cg1,20,0,1,floor,,,
qpsk,32,4,recurrence,fx:W20g0:cg2,20,0,2,ok,-4.232611e+00,2.691629e-01,6.234284e-03
qpsk,32,4,recurrence,fx:W20g0:cg3,20,0,3,ok,-4.509747e+00,-7.973396e-03,-4.532172e-03
qpsk,32,4,recurrence,fx:W20g0:cg4,20,0,4,ok,-4.506509e+00,-4.735276e-03,-4.735276e-03
qpsk,32,4,recurrence,fx:W20g4:cg1,20,4,1,floor,,,
qpsk,32,4,recurrence,fx:W20g4:cg2,20,4,2,ok,-4.241038e+00,2.607364e-01,-2.192241e-03
qpsk,32,4,recurrence,fx:W20g4:cg3,20,4,3,ok,-4.505215e+00,-3.441224e-03,0.000000e+00
qpsk,32,4,recurrence,fx:W20g4:cg4,20,4,4,ok,-4.501774e+00,0.000000e+00,0.000000e+00
qpsk,32,4,recurrence,fx:W20g8:cg1,20,8,1,floor,,,
qpsk,32,4,recurrence,fx:W20g8:cg2,20,8,2,ok,-4.238845e+00,2.629287e-01,0.000000e+00
qpsk,32,4,recurrence,fx:W20g8:cg3,20,8,3,ok,-4.505215e+00,-3.441224e-03,0.000000e+00
qpsk,32,4,recurrence,fx:W20g8:cg4,20,8,4,ok,-4.501774e+00,0.000000e+00,0.000000e+00
qpsk,32,8,recurrence,zf,,,,ok,-3.675835e+00,8.771692e-02,
qpsk,32,8,recurrence,mmse,,,,ok,-3.763552e+00,0.000000e+00,
qpsk,32,8,recurrence,cg1,,,1,floor,,,
qpsk,32,8,recurrence,cg2,,,2,ok,-1.558205e+00,2.205348e+00,
qpsk,32,8,recurrence,cg3,,,3,ok,-3.462598e+00,3.009543e-01,
qpsk,32,8,recurrence,cg4,,,4,ok,-3.744001e+00,1.955157e-02,
qpsk,32,8,recurrence,cg6,,,6,ok,-3.765389e+00,-1.836684e-03,
qpsk,32,8,recurrence,cg8,,,8,ok,-3.763552e+00,0.000000e+00,
qpsk,32,8,recurrence,fx:W8g0:cg1,8,0,1,floor,,,
qpsk,32,8,recurrence,fx:W8g0:cg2,8,0,2,floor,,,
qpsk,32,8,recurrence,fx:W8g0:cg3,8,0,3,floor,,,
qpsk,32,8,recurrence,fx:W8g0:cg4,8,0,4,floor,,,
qpsk,32,8,recurrence,fx:W8g0:cg6,8,0,6,floor,,,
qpsk,32,8,recurrence,fx:W8g0:cg8,8,0,8,floor,,,
qpsk,32,8,recurrence,fx:W8g4:cg1,8,4,1,floor,,,
qpsk,32,8,recurrence,fx:W8g4:cg2,8,4,2,ok,-9.443464e-01,2.819206e+00,6.138582e-01
qpsk,32,8,recurrence,fx:W8g4:cg3,8,4,3,ok,-2.160187e+00,1.603365e+00,1.302411e+00
qpsk,32,8,recurrence,fx:W8g4:cg4,8,4,4,ok,-2.242669e+00,1.520884e+00,1.501332e+00
qpsk,32,8,recurrence,fx:W8g4:cg6,8,4,6,floor,,,
qpsk,32,8,recurrence,fx:W8g4:cg8,8,4,8,floor,,,
qpsk,32,8,recurrence,fx:W8g8:cg1,8,8,1,floor,,,
qpsk,32,8,recurrence,fx:W8g8:cg2,8,8,2,ok,-1.022977e+00,2.740576e+00,5.352281e-01
qpsk,32,8,recurrence,fx:W8g8:cg3,8,8,3,ok,-2.711806e+00,1.051747e+00,7.507922e-01
qpsk,32,8,recurrence,fx:W8g8:cg4,8,8,4,ok,-2.573651e+00,1.189901e+00,1.170350e+00
qpsk,32,8,recurrence,fx:W8g8:cg6,8,8,6,ok,-1.167463e+00,2.596090e+00,2.597926e+00
qpsk,32,8,recurrence,fx:W8g8:cg8,8,8,8,ok,1.501701e+00,5.265253e+00,5.265253e+00
qpsk,32,8,recurrence,fx:W10g0:cg1,10,0,1,floor,,,
qpsk,32,8,recurrence,fx:W10g0:cg2,10,0,2,floor,,,
qpsk,32,8,recurrence,fx:W10g0:cg3,10,0,3,ok,1.094189e+00,4.857741e+00,4.556787e+00
qpsk,32,8,recurrence,fx:W10g0:cg4,10,0,4,ok,7.801487e-01,4.543701e+00,4.524150e+00
qpsk,32,8,recurrence,fx:W10g0:cg6,10,0,6,ok,8.157416e-01,4.579294e+00,4.581131e+00
qpsk,32,8,recurrence,fx:W10g0:cg8,10,0,8,ok,8.301197e-01,4.593672e+00,4.593672e+00
qpsk,32,8,recurrence,fx:W10g4:cg1,10,4,1,floor,,,
qpsk,32,8,recurrence,fx:W10g4:cg2,10,4,2,ok,-1.526426e+00,2.237127e+00,3.177874e-02
qpsk,32,8,recurrence,fx:W10g4:cg3,10,4,3,ok,-3.405610e+00,3.579424e-01,5.698803e-02
qpsk,32,8,recurrence,fx:W10g4:cg4,10,4,4,ok,-3.426422e+00,3.371303e-01,3.175787e-01
qpsk,32,8,recurrence,fx:W10g4:cg6,10,4,6,ok,-3.433874e+00,3.296785e-01,3.315152e-01
qpsk,32,8,recurrence,fx:W10g4:cg8,10,4,8,ok,-3.173027e+00,5.905250e-01,5.905250e-01
qpsk,32,8,recurrence,fx:W10g8:cg1,10,8,1,floor,,,
qpsk,32,8,recurrence,fx:W10g8:cg2,10,8,2,ok,-1.528894e+00,2.234658e+00,2.931018e-02
qpsk,32,8,recurrence,fx:W10g8:cg3,10,8,3,ok,-3.432743e+00,3.308092e-01,2.985492e-02
qpsk,32,8,recurrence,fx:W10g8:cg4,10,8,4,ok,-3.664654e+00,9.889860e-02,7.934703e-02
qpsk,32,8,recurrence,fx:W10g8:cg6,10,8,6,ok,-3.665266e+00,9.828589e-02,1.001226e-01
qpsk,32,8,recurrence,fx:W10g8:cg8,10,8,8,ok,-3.613061e+00,1.504917e-01,1.504917e-01
qpsk,32,8,recurrence,fx:W12g0:cg1,12,0,1,floor,,,
qpsk,32,8,recurrence,fx:W12g0:cg2,12,0,2,ok,-1.491478e+00,2.272074e+00,6.672614e-02
qpsk,32,8,recurrence,fx:W12g0:cg3,12,0,3,ok,-2.087481e+00,1.676072e+00,1.375117e+00
qpsk,32,8,recurrence,fx:W12g0:cg4,12,0,4,ok,-2.947794e+00,8.157585e-01,7.962069e-01
qpsk,32,8,recurrence,fx:W12g0:cg6,12,0,6,ok,-2.941021e+00,8.225313e-01,8.243679e-01
qpsk,32,8,recurrence,fx:W12g0:cg8,12,0,8,ok,-2.924384e+00,8.391684e-01,8.391684e-01
qpsk,32,8,recurrence,fx:W12g4:cg1,12,4,1,floor,,,
qpsk,32,8,recurrence,fx:W12g4:cg2,12,4,2,ok,-1.564946e+00,2.198606e+00,-6.741568e-03
qpsk,32,8,recurrence,fx:W12g4:cg3,12,4,3,ok,-3.441232e+00,3.223201e-01,2.136581e-02
qpsk,32,8,recurrence,fx:W12g4:cg4,12,4,4,ok,-3.658783e+00,1.047695e-01,8.521795e-02
qpsk,32,8,recurrence,fx:W12g4:cg6,12,4,6,ok,-3.695551e+00,6.800092e-02,6.983760e-02
qpsk,32,8,recurrence,fx:W12g4:cg8,12,4,8,ok,-3.691535e+00,7.201699e-02,7.201699e-02
qpsk,32,8,recurrence,fx:W12g8:cg1,12,8,1,floor,,,
qpsk,32,8,recurrence,fx:W12g8:cg2,12,8,2,ok,-1.555534e+00,2.208019e+00,2.670949e-03
qpsk,32,8,recurrence,fx:W12g8:cg3,12,8,3,ok,-3.465667e+00,2.978855e-01,-3.068811e-03
qpsk,32,8,recurrence,fx:W12g8:cg4,12,8,4,ok,-3.730751e+00,3.280150e-02,1.324993e-02
qpsk,32,8,recurrence,fx:W12g8:cg6,12,8,6,ok,-3.756107e+00,7.445817e-03,9.282501e-03
qpsk,32,8,recurrence,fx:W12g8:cg8,12,8,8,ok,-3.744978e+00,1.857449e-02,1.857449e-02
qpsk,32,8,recurrence,fx:W14g0:cg1,14,0,1,floor,,,
qpsk,32,8,recurrence,fx:W14g0:cg2,14,0,2,ok,-1.554550e+00,2.209002e+00,3.654355e-03
qpsk,32,8,recurrence,fx:W14g0:cg3,14,0,3,ok,-3.382658e+00,3.808942e-01,7.993985e-02
qpsk,32,8,recurrence,fx:W14g0:cg4,14,0,4,ok,-3.435313e+00,3.282393e-01,3.086877e-01
qpsk,32,8,recurrence,fx:W14g0:cg6,14,0,6,ok,-3.538249e+00,2.253035e-01,2.271402e-01
qpsk,32,8,recurrence,fx:W14g0:cg8,14,0,8,ok,-3.443434e+00,3.201181e-01,3.201181e-01
qpsk,32,8,recurrence,fx:W14g4:cg1,14,4,1,floor,,,
qpsk,32,8,recurrence,fx:W14g4:cg2,14,4,2,ok,-1.553951e+00,2.209601e+00,4.253490e-03
qpsk,32,8,recurrence,fx:W14g4:cg3,14,4,3,ok,-3.454231e+00,3.093215e-01,8.367195e-03
qpsk,32,8,recurrence,fx:W14g4:cg4,14,4,4,ok,-3.732412e+00,3.114061e-02,1.158904e-02
qpsk,32,8,recurrence,fx:W14g4:cg6,14,4,6,ok,-3.755878e+00,7.674623e-03,9.511308e-03
qpsk,32,8,recurrence,fx:W14g4:cg8,14,4,8,ok,-3.740980e+00,2.257262e-02,2.257262e-02
qpsk,32,8,recurrence,fx:W14g8:cg1,14,8,1,floor,,,
qpsk,32,8,recurrence,fx:W14g8:cg2,14,8,2,ok,-1.556900e+00,2.206652e+00,1.304200e-03
qpsk,32,8,recurrence,fx:W14g8:cg3,14,8,3,ok,-3.441232e+00,3.223201e-01,2.136581e-02
qpsk,32,8,recurrence,fx:W14g8:cg4,14,8,4,ok,-3.736220e+00,2.733221e-02,7.780641e-03
qpsk,32,8,recurrence,fx:W14g8:cg6,14,8,6,ok,-3.774809e+00,-1.125695e-02,-9.420262e-03
qpsk,32,8,recurrence,fx:W14g8:cg8,14,8,8,ok,-3.773240e+00,-9.687636e-03,-9.687636e-03
qpsk,32,8,recurrence,fx:W16g0:cg1,16,0,1,floor,,,
qpsk,32,8,recurrence,fx:W16g0:cg2,16,0,2,ok,-1.554339e+00,2.209214e+00,3.866084e-03
qpsk,32,8,recurrence,fx:W16g0:cg3,16,0,3,ok,-3.442406e+00,3.211460e-01,2.019172e-02
qpsk,32,8,recurrence,fx:W16g0:cg4,16,0,4,ok,-3.666667e+00,9.688573e-02,7.733416e-02
qpsk,32,8,recurrence,fx:W16g0:cg6,16,0,6,ok,-3.714519e+00,4.903355e-02,5.087023e-02
qpsk,32,8,recurrence,fx:W16g0:cg8,16,0,8,ok,-3.712657e+00,5.089537e-02,5.089537e-02
qpsk,32,8,recurrence,fx:W16g4:cg1,16,4,1,floor,,,
qpsk,32,8,recurrence,fx:W16g4:cg2,16,4,2,ok,-1.555043e+00,2.208509e+00,3.161343e-03
qpsk,32,8,recurrence,fx:W16g4:cg3,16,4,3,ok,-3.455575e+00,3.079774e-01,7.023052e-03
qpsk,32,8,recurrence,fx:W16g4:cg4,16,4,4,ok,-3.744001e+00,1.955157e-02,0.000000e+00
qpsk,32,8,recurrence,fx:W16g4:cg6,16,4,6,ok,-3.775065e+00,-1.151220e-02,-9.675518e-03
qpsk,32,8,recurrence,fx:W16g4:cg8,16,4,8,ok,-3.772987e+00,-9.434701e-03,-9.434701e-03
qpsk,32,8,recurrence,fx:W16g8:cg1,16,8,1,floor,,,
qpsk,32,8,recurrence,fx:W16g8:cg2,16,8,2,ok,-1.555697e+00,2.207856e+00,2.507978e-03
qpsk,32,8,recurrence,fx:W16g8:cg3,16,8,3,ok,-3.466072e+00,2.974808e-01,-3.473569e-03
qpsk,32,8,recurrence,fx:W16g8:cg4,16,8,4,ok,-3.741967e+00,2.158572e-02,2.034151e-03
qpsk,32,8,recurrence,fx:W16g8:cg6,16,8,6,ok,-3.771002e+00,-7.449513e-03,-5.612829e-03
qpsk,32,8,recurrence,fx:W16g8:cg8,16,8,8,ok,-3.769158e+00,-5.605637e-03,-5.605637e-03
qpsk,32,8,recurrence,fx:W18g0:cg1,18,0,1,floor,,,
qpsk,32,8,recurrence,fx:W18g0:cg2,18,0,2,ok,-1.555860e+00,2.207692e+00,2.344166e-03
qpsk,32,8,recurrence,fx:W18g0:cg3,18,0,3,ok,-3.450713e+00,3.128396e-01,1.188525e-02
qpsk,32,8,recurrence,fx:W18g0:cg4,18,0,4,ok,-3.742000e+00,2.155249e-02,2.000915e-03
qpsk,32,8,recurrence,fx:W18g0:cg6,18,0,6,ok,-3.769553e+00,-6.000457e-03,-4.163773e-03
qpsk,32,8,recurrence,fx:W18g0:cg8,18,0,8,ok,-3.769553e+00,-6.000457e-03,-6.000457e-03
qpsk,32,8,recurrence,fx:W18g4:cg1,18,4,1,floor,,,
qpsk,32,8,recurrence,fx:W18g4:cg2,18,4,2,ok,-1.558421e+00,2.205131e+00,-2.167758e-04
qpsk,32,8,recurrence,fx:W18g4:cg3,18,4,3,ok,-3.459099e+00,3.044531e-01,3.498762e-03
qpsk,32,8,recurrence,fx:W18g4:cg4,18,4,4,ok,-3.744001e+00,1.955157e-02,0.000000e+00
qpsk,32,8,recurrence,fx:W18g4:cg6,18,4,6,ok,-3.769158e+00,-5.605637e-03,-3.768953e-03
qpsk,32,8,recurrence,fx:W18g4:cg8,18,4,8,ok,-3.769158e+00,-5.605637e-03,-5.605637e-03
qpsk,32,8,recurrence,fx:W18g8:cg1,18,8,1,floor,,,
qpsk,32,8,recurrence,fx:W18g8:cg2,18,8,2,ok,-1.557492e+00,2.206061e+00,7.130927e-04
qpsk,32,8,recurrence,fx:W18g8:cg3,18,8,3,ok,-3.459099e+00,3.044531e-01,3.498762e-03
qpsk,32,8,recurrence,fx:W18g8:cg4,18,8,4,ok,-3.739960e+00,2.359240e-02,4.040829e-03
qpsk,32,8,recurrence,fx:W18g8:cg6,18,8,6,ok,-3.761678e+00,1.874589e-03,3.711273e-03
qpsk,32,8,recurrence,fx:W18g8:cg8,18,8,8,ok,-3.759780e+00,3.772023e-03,3.772023e-03
qpsk,32,8,recurrence,fx:W20g0:cg1,20,0,1,floor,,,
qpsk,32,8,recurrence,fx:W20g0:cg2,20,0,2,ok,-1.557925e+00,2.205627e+00,2.797098e-04
qpsk,32,8,recurrence,fx:W20g0:cg3,20,0,3,ok,-3.459099e+00,3.044531e-01,3.498762e-03
qpsk,32,8,recurrence,fx:W20g0:cg4,20,0,4,ok,-3.748024e+00,1.552820e-02,-4.023371e-03
qpsk,32,8,recurrence,fx:W20g0:cg6,20,0,6,ok,-3.761623e+00,1.929831e-03,3.766516e-03
qpsk,32,8,recurrence,fx:W20g0:cg8,20,0,8,ok,-3.765389e+00,-1.836684e-03,-1.836684e-03
qpsk,32,8,recurrence,fx:W20g4:cg1,20,4,1,floor,,,
qpsk,32,8,recurrence,fx:W20g4:cg2,20,4,2,ok,-1.558205e+00,2.205348e+00,0.000000e+00
qpsk,32,8,recurrence,fx:W20g4:cg3,20,4,3,ok,-3.462598e+00,3.009543e-01,0.000000e+00
qpsk,32,8,recurrence,fx:W20g4:cg4,20,4,4,ok,-3.744001e+00,1.955157e-02,0.000000e+00
qpsk,32,8,recurrence,fx:W20g4:cg6,20,4,6,ok,-3.761623e+00,1.929831e-03,3.766516e-03
qpsk,32,8,recurrence,fx:W20g4:cg8,20,4,8,ok,-3.761623e+00,1.929831e-03,1.929831e-03
qpsk,32,8,recurrence,fx:W20g8:cg1,20,8,1,floor,,,
qpsk,32,8,recurrence,fx:W20g8:cg2,20,8,2,ok,-1.558205e+00,2.205348e+00,0.000000e+00
qpsk,32,8,recurrence,fx:W20g8:cg3,20,8,3,ok,-3.462598e+00,3.009543e-01,0.000000e+00
qpsk,32,8,recurrence,fx:W20g8:cg4,20,8,4,ok,-3.744001e+00,1.955157e-02,0.000000e+00
qpsk,32,8,recurrence,fx:W20g8:cg6,20,8,6,ok,-3.765389e+00,-1.836684e-03,0.000000e+00
qpsk,32,8,recurrence,fx:W20g8:cg8,20,8,8,ok,-3.763552e+00,0.000000e+00,0.000000e+00
qpsk,32,16,recurrence,zf,,,,ok,-1.825963e+00,3.162620e-01,
qpsk,32,16,recurrence,mmse,,,,ok,-2.142225e+00,0.000000e+00,
qpsk,32,16,recurrence,cg1,,,1,floor,,,
qpsk,32,16,recurrence,cg2,,,2,floor,,,
qpsk,32,16,recurrence,cg3,,,3,floor,,,
qpsk,32,16,recurrence,cg4,,,4,ok,-9.372825e-01,1.204943e+00,
qpsk,32,16,recurrence,cg6,,,6,ok,-1.919897e+00,2.223279e-01,
qpsk,32,16,recurrence,cg8,,,8,ok,-2.126566e+00,1.565908e-02,
qpsk,32,16,recurrence,cg12,,,12,ok,-2.143010e+00,-7.853418e-04,
qpsk,32,16,recurrence,cg16,,,16,ok,-2.142225e+00,0.000000e+00,
qpsk,32,16,recurrence,fx:W8g0:cg1,8,0,1,floor,,,
qpsk,32,16,recurrence,fx:W8g0:cg2,8,0,2,floor,,,
qpsk,32,16,recurrence,fx:W8g0:cg3,8,0,3,floor,,,
qpsk,32,16,recurrence,fx:W8g0:cg4,8,0,4,floor,,,
qpsk,32,16,recurrence,fx:W8g0:cg6,8,0,6,floor,,,
qpsk,32,16,recurrence,fx:W8g0:cg8,8,0,8,floor,,,
qpsk,32,16,recurrence,fx:W8g0:cg12,8,0,12,floor,,,
qpsk,32,16,recurrence,fx:W8g0:cg16,8,0,16,floor,,,
qpsk,32,16,recurrence,fx:W8g4:cg1,8,4,1,floor,,,
qpsk,32,16,recurrence,fx:W8g4:cg2,8,4,2,floor,,,
qpsk,32,16,recurrence,fx:W8g4:cg3,8,4,3,floor,,,
qpsk,32,16,recurrence,fx:W8g4:cg4,8,4,4,ok,3.169984e+00,5.312209e+00,4.107266e+00
qpsk,32,16,recurrence,fx:W8g4:cg6,8,4,6,floor,,,
qpsk,32,16,recurrence,fx:W8g4:cg8,8,4,8,floor,,,
qpsk,32,16,recurrence,fx:W8g4:cg12,8,4,12,floor,,,
qpsk,32,16,recurrence,fx:W8g4:cg16,8,4,16,floor,,,
qpsk,32,16,recurrence,fx:W8g8:cg1,8,8,1,floor,,,
qpsk,32,16,recurrence,fx:W8g8:cg2,8,8,2,floor,,,
qpsk,32,16,recurrence,fx:W8g8:cg3,8,8,3,floor,,,
qpsk,32,16,recurrence,fx:W8g8:cg4,8,8,4,ok,2.347282e+00,4.489507e+00,3.284564e+00
qpsk,32,16,recurrence,fx:W8g8:cg6,8,8,6,floor,,,
qpsk,32,16,recurrence,fx:W8g8:cg8,8,8,8,floor,,,
qpsk,32,16,recurrence,fx:W8g8:cg12,8,8,12,floor,,,
qpsk,32,16,recurrence,fx:W8g8:cg16,8,8,16,floor,,,
qpsk,32,16,recurrence,fx:W10g0:cg1,10,0,1,floor,,,
qpsk,32,16,recurrence,fx:W10g0:cg2,10,0,2,floor,,,
qpsk,32,16,recurrence,fx:W10g0:cg3,10,0,3,floor,,,
qpsk,32,16,recurrence,fx:W10g0:cg4,10,0,4,floor,,,
qpsk,32,16,recurrence,fx:W10g0:cg6,10,0,6,floor,,,
qpsk,32,16,recurrence,fx:W10g0:cg8,10,0,8,floor,,,
qpsk,32,16,recurrence,fx:W10g0:cg12,10,0,12,floor,,,
qpsk,32,16,recurrence,fx:W10g0:cg16,10,0,16,floor,,,
qpsk,32,16,recurrence,fx:W10g4:cg1,10,4,1,floor,,,
qpsk,32,16,recurrence,fx:W10g4:cg2,10,4,2,floor,,,
qpsk,32,16,recurrence,fx:W10g4:cg3,10,4,3,floor,,,
qpsk,32,16,recurrence,fx:W10g4:cg4,10,4,4,ok,-7.800249e-01,1.362200e+00,1.572576e-01
qpsk,32,16,recurrence,fx:W10g4:cg6,10,4,6,ok,-1.417459e+00,7.247660e-01,5.024382e-01
qpsk,32,16,recurrence,fx:W10g4:cg8,10,4,8,ok,1.321684e+00,3.463909e+00,3.448249e+00
qpsk,32,16,recurrence,fx:W10g4:cg12,10,4,12,floor,,,
qpsk,32,16,recurrence,fx:W10g4:cg16,10,4,16,floor,,,
qpsk,32,16,recurrence,fx:W10g8:cg1,10,8,1,floor,,,
qpsk,32,16,recurrence,fx:W10g8:cg2,10,8,2,floor,,,
qpsk,32,16,recurrence,fx:W10g8:cg3,10,8,3,floor,,,
qpsk,32,16,recurrence,fx:W10g8:cg4,10,8,4,ok,-7.626637e-01,1.379561e+00,1.746188e-01
qpsk,32,16,recurrence,fx:W10g8:cg6,10,8,6,ok,-1.816371e+00,3.258541e-01,1.035262e-01
qpsk,32,16,recurrence,fx:W10g8:cg8,10,8,8,ok,-1.783102e+00,3.591235e-01,3.434644e-01
qpsk,32,16,recurrence,fx:W10g8:cg12,10,8,12,ok,-1.483894e+00,6.583313e-01,6.591166e-01
qpsk,32,16,recurrence,fx:W10g8:cg16,10,8,16,ok,-9.514657e-01,1.190759e+00,1.190759e+00
qpsk,32,16,recurrence,fx:W12g0:cg1,12,0,1,floor,,,
qpsk,32,16,recurrence,fx:W12g0:cg2,12,0,2,floor,,,
qpsk,32,16,recurrence,fx:W12g0:cg3,12,0,3,floor,,,
qpsk,32,16,recurrence,fx:W12g0:cg4,12,0,4,ok,1.427281e+00,3.569506e+00,2.364563e+00
qpsk,32,16,recurrence,fx:W12g0:cg6,12,0,6,ok,1.570049e+00,3.712274e+00,3.489946e+00
qpsk,32,16,recurrence,fx:W12g0:cg8,12,0,8,floor,,,
qpsk,32,16,recurrence,fx:W12g0:cg12,12,0,12,floor,,,
qpsk,32,16,recurrence,fx:W12g0:cg16,12,0,16,floor,,,
qpsk,32,16,recurrence,fx:W12g4:cg1,12,4,1,floor,,,
qpsk,32,16,recurrence,fx:W12g4:cg2,12,4,2,floor,,,
qpsk,32,16,recurrence,fx:W12g4:cg3,12,4,3,floor,,,
qpsk,32,16,recurrence,fx:W12g4:cg4,12,4,4,ok,-8.771230e-01,1.265102e+00,6.015948e-02
qpsk,32,16,recurrence,fx:W12g4:cg6,12,4,6,ok,-1.884298e+00,2.579275e-01,3.559964e-02
qpsk,32,16,recurrence,fx:W12g4:cg8,12,4,8,ok,-1.927574e+00,2.146513e-01,1.989922e-01
qpsk,32,16,recurrence,fx:W12g4:cg12,12,4,12,floor,,,
qpsk,32,16,recurrence,fx:W12g4:cg16,12,4,16,floor,,,
qpsk,32,16,recurrence,fx:W12g8:cg1,12,8,1,floor,,,
qpsk,32,16,recurrence,fx:W12g8:cg2,12,8,2,floor,,,
qpsk,32,16,recurrence,fx:W12g8:cg3,12,8,3,floor,,,
qpsk,32,16,recurrence,fx:W12g8:cg4,12,8,4,ok,-9.027907e-01,1.239434e+00,3.449181e-02
qpsk,32,16,recurrence,fx:W12g8:cg6,12,8,6,ok,-1.934816e+00,2.074087e-01,-1.491917e-02
qpsk,32,16,recurrence,fx:W12g8:cg8,12,8,8,ok,-2.123647e+00,1.857805e-02,2.918973e-03
qpsk,32,16,recurrence,fx:W12g8:cg12,12,8,12,ok,-2.088620e+00,5.360468e-02,5.439002e-02
qpsk,32,16,recurrence,fx:W12g8:cg16,12,8,16,ok,-1.959870e+00,1.823551e-01,1.823551e-01
qpsk,32,16,recurrence,fx:W14g0:cg1,14,0,1,floor,,,
qpsk,32,16,recurrence,fx:W14g0:cg2,14,0,2,floor,,,
qpsk,32,16,recurrence,fx:W14g0:cg3,14,0,3,floor,,,
qpsk,32,16,recurrence,fx:W14g0:cg4,14,0,4,ok,-9.179982e-01,1.224227e+00,1.928429e-02
qpsk,32,16,recurrence,fx:W14g0:cg6,14,0,6,ok,-1.546788e+00,5.954366e-01,3.731087e-01
qpsk,32,16,recurrence,fx:W14g0:cg8,14,0,8,ok,-3.066781e-01,1.835547e+00,1.819888e+00
qpsk,32,16,recurrence,fx:W14g0:cg12,14,0,12,floor,,,
qpsk,32,16,recurrence,fx:W14g0:cg16,14,0,16,floor,,,
qpsk,32,16,recurrence,fx:W14g4:cg1,14,4,1,floor,,,
qpsk,32,16,recurrence,fx:W14g4:cg2,14,4,2,floor,,,
qpsk,32,16,recurrence,fx:W14g4:cg3,14,4,3,floor,,,
qpsk,32,16,recurrence,fx:W14g4:cg4,14,4,4,ok,-9.263091e-01,1.215916e+00,1.097347e-02
qpsk,32,16,recurrence,fx:W14g4:cg6,14,4,6,ok,-1.929977e+00,2.122482e-01,-1.007962e-02
qpsk,32,16,recurrence,fx:W14g4:cg8,14,4,8,ok,-2.087182e+00,5.504322e-02,3.938414e-02
qpsk,32,16,recurrence,fx:W14g4:cg12,14,4,12,ok,-1.662882e+00,4.793427e-01,4.801281e-01
qpsk,32,16,recurrence,fx:W14g4:cg16,14,4,16,floor,,,
qpsk,32,16,recurrence,fx:W14g8:cg1,14,8,1,floor,,,
qpsk,32,16,recurrence,fx:W14g8:cg2,14,8,2,floor,,,
qpsk,32,16,recurrence,fx:W14g8:cg3,14,8,3,floor,,,
qpsk,32,16,recurrence,fx:W14g8:cg4,14,8,4,ok,-9.238255e-01,1.218400e+00,1.345706e-02
qpsk,32,16,recurrence,fx:W14g8:cg6,14,8,6,ok,-1.918352e+00,2.238730e-01,1.545122e-03
qpsk,32,16,recurrence,fx:W14g8:cg8,14,8,8,ok,-2.147984e+00,-5.759282e-03,-2.141836e-02
qpsk,32,16,recurrence,fx:W14g8:cg12,14,8,12,ok,-2.123647e+00,1.857805e-02,1.936339e-02
qpsk,32,16,recurrence,fx:W14g8:cg16,14,8,16,ok,-2.079558e+00,6.266746e-02,6.266746e-02
qpsk,32,16,recurrence,fx:W16g0:cg1,16,0,1,floor,,,
qpsk,32,16,recurrence,fx:W16g0:cg2,16,0,2,floor,,,
qpsk,32,16,recurrence,fx:W16g0:cg3,16,0,3,floor,,,
qpsk,32,16,recurrence,fx:W16g0:cg4,16,0,4,ok,-9.206023e-01,1.221623e+00,1.668023e-02
qpsk,32,16,recurrence,fx:W16g0:cg6,16,0,6,ok,-1.840407e+00,3.018185e-01,7.949064e-02
qpsk,32,16,recurrence,fx:W16g0:cg8,16,0,8,ok,-1.870322e+00,2.719034e-01,2.562443e-01
qpsk,32,16,recurrence,fx:W16g0:cg12,16,0,12,floor,,,
qpsk,32,16,recurrence,fx:W16g0:cg16,16,0,16,floor,,,
qpsk,32,16,recurrence,fx:W16g4:cg1,16,4,1,floor,,,
qpsk,32,16,recurrence,fx:W16g4:cg2,16,4,2,floor,,,
qpsk,32,16,recurrence,fx:W16g4:cg3,16,4,3,floor,,,
qpsk,32,16,recurrence,fx:W16g4:cg4,16,4,4,ok,-9.346321e-01,1.207593e+00,2.650461e-03
qpsk,32,16,recurrence,fx:W16g4:cg6,16,4,6,ok,-1.920661e+00,2.215644e-01,-7.634183e-04
qpsk,32,16,recurrence,fx:W16g4:cg8,16,4,8,ok,-2.145439e+00,-3.214457e-03,-1.887353e-02
qpsk,32,16,recurrence,fx:W16g4:cg12,16,4,12,ok,-2.105062e+00,3.716281e-02,3.794815e-02
qpsk,32,16,recurrence,fx:W16g4:cg16,16,4,16,ok,-9.309621e-02,2.049129e+00,2.049129e+00
qpsk,32,16,recurrence,fx:W16g8:cg1,16,8,1,floor,,,
qpsk,32,16,recurrence,fx:W16g8:cg2,16,8,2,floor,,,
qpsk,32,16,recurrence,fx:W16g8:cg3,16,8,3,floor,,,
qpsk,32,16,recurrence,fx:W16g8:cg4,16,8,4,ok,-9.293562e-01,1.212869e+00,7.926285e-03
qpsk,32,16,recurrence,fx:W16g8:cg6,16,8,6,ok,-1.926104e+00,2.161207e-01,-6.207159e-03
qpsk,32,16,recurrence,fx:W16g8:cg8,16,8,8,ok,-2.135339e+00,6.886468e-03,-8.772609e-03
qpsk,32,16,recurrence,fx:W16g8:cg12,16,8,12,ok,-2.138468e+00,3.756601e-03,4.541943e-03
qpsk,32,16,recurrence,fx:W16g8:cg16,16,8,16,ok,-2.139198e+00,3.027181e-03,3.027181e-03
qpsk,32,16,recurrence,fx:W18g0:cg1,18,0,1,floor,,,
qpsk,32,16,recurrence,fx:W18g0:cg2,18,0,2,floor,,,
qpsk,32,16,recurrence,fx:W18g0:cg3,18,0,3,floor,,,
qpsk,32,16,recurrence,fx:W18g0:cg4,18,0,4,ok,-9.393577e-01,1.202867e+00,-2.075196e-03
qpsk,32,16,recurrence,fx:W18g0:cg6,18,0,6,ok,-1.926104e+00,2.161207e-01,-6.207159e-03
qpsk,32,16,recurrence,fx:W18g0:cg8,18,0,8,ok,-2.068431e+00,7.379359e-02,5.813452e-02
qpsk,32,16,recurrence,fx:W18g0:cg12,18,0,12,ok,-1.555645e+00,5.865796e-01,5.873649e-01
qpsk,32,16,recurrence,fx:W18g0:cg16,18,0,16,floor,,,
qpsk,32,16,recurrence,fx:W18g4:cg1,18,4,1,floor,,,
qpsk,32,16,recurrence,fx:W18g4:cg2,18,4,2,floor,,,
qpsk,32,16,recurrence,fx:W18g4:cg3,18,4,3,floor,,,
qpsk,32,16,recurrence,fx:W18g4:cg4,18,4,4,ok,-9.372825e-01,1.204943e+00,0.000000e+00
qpsk,32,16,recurrence,fx:W18g4:cg6,18,4,6,ok,-1.920280e+00,2.219454e-01,-3.824685e-04
qpsk,32,16,recurrence,fx:W18g4:cg8,18,4,8,ok,-2.156272e+00,-1.404701e-02,-2.970609e-02
qpsk,32,16,recurrence,fx:W18g4:cg12,18,4,12,ok,-2.157167e+00,-1.494244e-02,-1.415709e-02
qpsk,32,16,recurrence,fx:W18g4:cg16,18,4,16,ok,-2.101107e+00,4.111847e-02,4.111847e-02
qpsk,32,16,recurrence,fx:W18g8:cg1,18,8,1,floor,,,
qpsk,32,16,recurrence,fx:W18g8:cg2,18,8,2,floor,,,
qpsk,32,16,recurrence,fx:W18g8:cg3,18,8,3,floor,,,
qpsk,32,16,recurrence,fx:W18g8:cg4,18,8,4,ok,-9.372825e-01,1.204943e+00,0.000000e+00
qpsk,32,16,recurrence,fx:W18g8:cg6,18,8,6,ok,-1.925389e+00,2.168360e-01,-5.491876e-03
qpsk,32,16,recurrence,fx:W18g8:cg8,18,8,8,ok,-2.126566e+00,1.565908e-02,0.000000e+00
qpsk,32,16,recurrence,fx:W18g8:cg12,18,8,12,ok,-2.142225e+00,0.000000e+00,7.853418e-04
qpsk,32,16,recurrence,fx:W18g8:cg16,18,8,16,ok,-2.142225e+00,0.000000e+00,0.000000e+00
qpsk,32,16,recurrence,fx:W20g0:cg1,20,0,1,floor,,,
qpsk,32,16,recurrence,fx:W20g0:cg2,20,0,2,floor,,,
qpsk,32,16,recurrence,fx:W20g0:cg3,20,0,3,floor,,,
qpsk,32,16,recurrence,fx:W20g0:cg4,20,0,4,ok,-9.372825e-01,1.204943e+00,0.000000e+00
qpsk,32,16,recurrence,fx:W20g0:cg6,20,0,6,ok,-1.926104e+00,2.161207e-01,-6.207159e-03
qpsk,32,16,recurrence,fx:W20g0:cg8,20,0,8,ok,-2.112047e+00,3.017829e-02,1.451921e-02
qpsk,32,16,recurrence,fx:W20g0:cg12,20,0,12,ok,-2.085805e+00,5.641971e-02,5.720505e-02
qpsk,32,16,recurrence,fx:W20g0:cg16,20,0,16,ok,-2.458732e-01,1.896352e+00,1.896352e+00
qpsk,32,16,recurrence,fx:W20g4:cg1,20,4,1,floor,,,
qpsk,32,16,recurrence,fx:W20g4:cg2,20,4,2,floor,,,
qpsk,32,16,recurrence,fx:W20g4:cg3,20,4,3,floor,,,
qpsk,32,16,recurrence,fx:W20g4:cg4,20,4,4,ok,-9.372825e-01,1.204943e+00,0.000000e+00
qpsk,32,16,recurrence,fx:W20g4:cg6,20,4,6,ok,-1.919897e+00,2.223279e-01,0.000000e+00
qpsk,32,16,recurrence,fx:W20g4:cg8,20,4,8,ok,-2.136924e+00,5.301425e-03,-1.035765e-02
qpsk,32,16,recurrence,fx:W20g4:cg12,20,4,12,ok,-2.150372e+00,-8.147009e-03,-7.361667e-03
qpsk,32,16,recurrence,fx:W20g4:cg16,20,4,16,ok,-2.140689e+00,1.535950e-03,1.535950e-03
qpsk,32,16,recurrence,fx:W20g8:cg1,20,8,1,floor,,,
qpsk,32,16,recurrence,fx:W20g8:cg2,20,8,2,floor,,,
qpsk,32,16,recurrence,fx:W20g8:cg3,20,8,3,floor,,,
qpsk,32,16,recurrence,fx:W20g8:cg4,20,8,4,ok,-9.398267e-01,1.202398e+00,-2.544178e-03
qpsk,32,16,recurrence,fx:W20g8:cg6,20,8,6,ok,-1.919897e+00,2.223279e-01,0.000000e+00
qpsk,32,16,recurrence,fx:W20g8:cg8,20,8,8,ok,-2.126566e+00,1.565908e-02,0.000000e+00
qpsk,32,16,recurrence,fx:W20g8:cg12,20,8,12,ok,-2.143808e+00,-1.582657e-03,-7.973153e-04
qpsk,32,16,recurrence,fx:W20g8:cg16,20,8,16,ok,-2.133052e+00,9.173145e-03,9.173145e-03
qpsk,64,4,recurrence,zf,,,,ok,-7.867995e+00,8.688144e-03,
qpsk,64,4,recurrence,mmse,,,,ok,-7.876683e+00,0.000000e+00,
qpsk,64,4,recurrence,cg1,,,1,ok,-5.350249e+00,2.526434e+00,
qpsk,64,4,recurrence,cg2,,,2,ok,-7.831873e+00,4.481010e-02,
qpsk,64,4,recurrence,cg3,,,3,ok,-7.861456e+00,1.522729e-02,
qpsk,64,4,recurrence,cg4,,,4,ok,-7.876683e+00,0.000000e+00,
qpsk,64,4,recurrence,fx:W8g0:cg1,8,0,1,floor,,,
qpsk,64,4,recurrence,fx:W8g0:cg2,8,0,2,ok,-5.187799e+00,2.688884e+00,2.644074e+00
qpsk,64,4,recurrence,fx:W8g0:cg3,8,0,3,ok,-5.158927e+00,2.717756e+00,2.702529e+00
qpsk,64,4,recurrence,fx:W8g0:cg4,8,0,4,ok,-5.158927e+00,2.717756e+00,2.717756e+00
qpsk,64,4,recurrence,fx:W8g4:cg1,8,4,1,ok,-5.190802e+00,2.685881e+00,1.594472e-01
qpsk,64,4,recurrence,fx:W8g4:cg2,8,4,2,ok,-6.761603e+00,1.115080e+00,1.070270e+00
qpsk,64,4,recurrence,fx:W8g4:cg3,8,4,3,ok,-7.265827e+00,6.108558e-01,5.956285e-01
qpsk,64,4,recurrence,fx:W8g4:cg4,8,4,4,ok,-7.277034e+00,5.996490e-01,5.996490e-01
qpsk,64,4,recurrence,fx:W8g8:cg1,8,8,1,ok,-5.190802e+00,2.685881e+00,1.594472e-01
qpsk,64,4,recurrence,fx:W8g8:cg2,8,8,2,ok,-7.485038e+00,3.916455e-01,3.468354e-01
qpsk,64,4,recurrence,fx:W8g8:cg3,8,8,3,ok,-7.466260e+00,4.104235e-01,3.951962e-01
qpsk,64,4,recurrence,fx:W8g8:cg4,8,8,4,ok,-7.170948e+00,7.057348e-01,7.057348e-01
qpsk,64,4,recurrence,fx:W10g0:cg1,10,0,1,ok,-5.335225e+00,2.541459e+00,1.502462e-02
qpsk,64,4,recurrence,fx:W10g0:cg2,10,0,2,ok,-5.358081e+00,2.518603e+00,2.473793e+00
qpsk,64,4,recurrence,fx:W10g0:cg3,10,0,3,ok,-5.864458e+00,2.012225e+00,1.996998e+00
qpsk,64,4,recurrence,fx:W10g0:cg4,10,0,4,ok,-5.864458e+00,2.012225e+00,2.012225e+00
qpsk,64,4,recurrence,fx:W10g4:cg1,10,4,1,ok,-5.335225e+00,2.541459e+00,1.502462e-02
qpsk,64,4,recurrence,fx:W10g4:cg2,10,4,2,ok,-7.814619e+00,6.206385e-02,1.725376e-02
qpsk,64,4,recurrence,fx:W10g4:cg3,10,4,3,ok,-7.821917e+00,5.476609e-02,3.953880e-02
qpsk,64,4,recurrence,fx:W10g4:cg4,10,4,4,ok,-7.818474e+00,5.820945e-02,5.820945e-02
qpsk,64,4,recurrence,fx:W10g8:cg1,10,8,1,ok,-5.335225e+00,2.541459e+00,1.502462e-02
qpsk,64,4,recurrence,fx:W10g8:cg2,10,8,2,ok,-7.815352e+00,6.133166e-02,1.652156e-02
qpsk,64,4,recurrence,fx:W10g8:cg3,10,8,3,ok,-7.838667e+00,3.801623e-02,2.278895e-02
qpsk,64,4,recurrence,fx:W10g8:cg4,10,8,4,ok,-7.846073e+00,3.061066e-02,3.061066e-02
qpsk,64,4,recurrence,fx:W12g0:cg1,12,0,1,ok,-5.347692e+00,2.528991e+00,2.556914e-03
qpsk,64,4,recurrence,fx:W12g0:cg2,12,0,2,ok,-6.734130e+00,1.142553e+00,1.097743e+00
qpsk,64,4,recurrence,fx:W12g0:cg3,12,0,3,ok,-7.436439e+00,4.402447e-01,4.250174e-01
qpsk,64,4,recurrence,fx:W12g0:cg4,12,0,4,ok,-7.438841e+00,4.378420e-01,4.378420e-01
qpsk,64,4,recurrence,fx:W12g4:cg1,12,4,1,ok,-5.347692e+00,2.528991e+00,2.556914e-03
qpsk,64,4,recurrence,fx:W12g4:cg2,12,4,2,ok,-7.834760e+00,4.192294e-02,-2.887154e-03
qpsk,64,4,recurrence,fx:W12g4:cg3,12,4,3,ok,-7.839474e+00,3.720957e-02,2.198228e-02
qpsk,64,4,recurrence,fx:W12g4:cg4,12,4,4,ok,-7.844989e+00,3.169448e-02,3.169448e-02
qpsk,64,4,recurrence,fx:W12g8:cg1,12,8,1,ok,-5.347692e+00,2.528991e+00,2.556914e-03
qpsk,64,4,recurrence,fx:W12g8:cg2,12,8,2,ok,-7.822116e+00,5.456705e-02,9.756953e-03
qpsk,64,4,recurrence,fx:W12g8:cg3,12,8,3,ok,-7.874405e+00,2.278588e-03,-1.294870e-02
qpsk,64,4,recurrence,fx:W12g8:cg4,12,8,4,ok,-7.878866e+00,-2.182517e-03,-2.182517e-03
qpsk,64,4,recurrence,fx:W14g0:cg1,14,0,1,ok,-5.351616e+00,2.525067e+00,-1.366963e-03
qpsk,64,4,recurrence,fx:W14g0:cg2,14,0,2,ok,-7.787847e+00,8.883601e-02,4.402592e-02
qpsk,64,4,recurrence,fx:W14g0:cg3,14,0,3,ok,-7.799444e+00,7.723952e-02,6.201223e-02
qpsk,64,4,recurrence,fx:W14g0:cg4,14,0,4,ok,-7.801565e+00,7.511830e-02,7.511830e-02
qpsk,64,4,recurrence,fx:W14g4:cg1,14,4,1,ok,-5.351616e+00,2.525067e+00,-1.366963e-03
qpsk,64,4,recurrence,fx:W14g4:cg2,14,4,2,ok,-7.843358e+00,3.332480e-02,-1.148529e-02
qpsk,64,4,recurrence,fx:W14g4:cg3,14,4,3,ok,-7.858104e+00,1.857876e-02,3.351473e-03
qpsk,64,4,recurrence,fx:W14g4:cg4,14,4,4,ok,-7.875167e+00,1.515795e-03,1.515795e-03
qpsk,64,4,recurrence,fx:W14g8:cg1,14,8,1,ok,-5.351616e+00,2.525067e+00,-1.366963e-03
qpsk,64,4,recurrence,fx:W14g8:cg2,14,8,2,ok,-7.839474e+00,3.720957e-02,-7.600524e-03
qpsk,64,4,recurrence,fx:W14g8:cg3,14,8,3,ok,-7.857278e+00,1.940495e-02,4.177661e-03
qpsk,64,4,recurrence,fx:W14g8:cg4,14,8,4,ok,-7.858975e+00,1.770855e-02,1.770855e-02
qpsk,64,4,recurrence,fx:W16g0:cg1,16,0,1,ok,-5.351004e+00,2.525679e+00,-7.551566e-04
qpsk,64,4,recurrence,fx:W16g0:cg2,16,0,2,ok,-7.843358e+00,3.332480e-02,-1.148529e-02
qpsk,64,4,recurrence,fx:W16g0:cg3,16,0,3,ok,-7.845179e+00,3.150401e-02,1.627672e-02
qpsk,64,4,recurrence,fx:W16g0:cg4,16,0,4,ok,-7.855254e+00,2.142923e-02,2.142923e-02
qpsk,64,4,recurrence,fx:W16g4:cg1,16,4,1,ok,-5.351004e+00,2.525679e+00,-7.551566e-04
qpsk,64,4,recurrence,fx:W16g4:cg2,16,4,2,ok,-7.827177e+00,4.950637e-02,4.696278e-03
qpsk,64,4,recurrence,fx:W16g4:cg3,16,4,3,ok,-7.871585e+00,5.097959e-03,-1.012933e-02
qpsk,64,4,recurrence,fx:W16g4:cg4,16,4,4,ok,-7.871585e+00,5.097959e-03,5.097959e-03
qpsk,64,4,recurrence,fx:W16g8:cg1,16,8,1,ok,-5.351004e+00,2.525679e+00,-7.551566e-04
qpsk,64,4,recurrence,fx:W16g8:cg2,16,8,2,ok,-7.827177e+00,4.950637e-02,4.696278e-03
qpsk,64,4,recurrence,fx:W16g8:cg3,16,8,3,ok,-7.862285e+00,1.439824e-02,-8.290502e-04
qpsk,64,4,recurrence,fx:W16g8:cg4,16,8,4,ok,-7.868912e+00,7.771392e-03,7.771392e-03
qpsk,64,4,recurrence,fx:W18g0:cg1,18,0,1,ok,-5.349890e+00,2.526793e+00,3.592347e-04
qpsk,64,4,recurrence,fx:W18g0:cg2,18,0,2,ok,-7.821548e+00,5.513490e-02,1.032480e-02
qpsk,64,4,recurrence,fx:W18g0:cg3,18,0,3,ok,-7.843703e+00,3.298051e-02,1.775322e-02
qpsk,64,4,recurrence,fx:W18g0:cg4,18,0,4,ok,-7.852293e+00,2.439067e-02,2.439067e-02
qpsk,64,4,recurrence,fx:W18g4:cg1,18,4,1,ok,-5.349890e+00,2.526793e+00,3.592347e-04
qpsk,64,4,recurrence,fx:W18g4:cg2,18,4,2,ok,-7.831873e+00,4.481010e-02,0.000000e+00
qpsk,64,4,recurrence,fx:W18g4:cg3,18,4,3,ok,-7.860623e+00,1.605984e-02,8.325562e-04
qpsk,64,4,recurrence,fx:W18g4:cg4,18,4,4,ok,-7.862285e+00,1.439824e-02,1.439824e-02
qpsk,64,4,recurrence,fx:W18g8:cg1,18,8,1,ok,-5.349890e+00,2.526793e+00,3.592347e-04
qpsk,64,4,recurrence,fx:W18g8:cg2,18,8,2,ok,-7.831873e+00,4.481010e-02,0.000000e+00
qpsk,64,4,recurrence,fx:W18g8:cg3,18,8,3,ok,-7.861456e+00,1.522729e-02,0.000000e+00
qpsk,64,4,recurrence,fx:W18g8:cg4,18,8,4,ok,-7.863111e+00,1.357261e-02,1.357261e-02
qpsk,64,4,recurrence,fx:W20g0:cg1,20,0,1,ok,-5.349890e+00,2.526793e+00,3.592347e-04
qpsk,64,4,recurrence,fx:W20g0:cg2,20,0,2,ok,-7.826183e+00,5.050009e-02,5.689997e-03
qpsk,64,4,recurrence,fx:W20g0:cg3,20,0,3,ok,-7.870803e+00,5.880121e-03,-9.347168e-03
qpsk,64,4,recurrence,fx:W20g0:cg4,20,0,4,ok,-7.870803e+00,5.880121e-03,5.880121e-03
qpsk,64,4,recurrence,fx:W20g4:cg1,20,4,1,ok,-5.349890e+00,2.526793e+00,3.592347e-04
qpsk,64,4,recurrence,fx:W20g4:cg2,20,4,2,ok,-7.831873e+00,4.481010e-02,0.000000e+00
qpsk,64,4,recurrence,fx:W20g4:cg3,20,4,3,ok,-7.861456e+00,1.522729e-02,0.000000e+00
qpsk,64,4,recurrence,fx:W20g4:cg4,20,4,4,ok,-7.863111e+00,1.357261e-02,1.357261e-02
qpsk,64,4,recurrence,fx:W20g8:cg1,20,8,1,ok,-5.349890e+00,2.526793e+00,3.592347e-04
qpsk,64,4,recurrence,fx:W20g8:cg2,20,8,2,ok,-7.831873e+00,4.481010e-02,0.000000e+00
qpsk,64,4,recurrence,fx:W20g8:cg3,20,8,3,ok,-7.861456e+00,1.522729e-02,0.000000e+00
qpsk,64,4,recurrence,fx:W20g8:cg4,20,8,4,ok,-7.868114e+00,8.568957e-03,8.568957e-03
qpsk,64,8,recurrence,zf,,,,ok,-7.618411e+00,6.900687e-02,
qpsk,64,8,recurrence,mmse,,,,ok,-7.687418e+00,0.000000e+00,
qpsk,64,8,recurrence,cg1,,,1,floor,,,
qpsk,64,8,recurrence,cg2,,,2,ok,-7.230778e+00,4.566408e-01,
qpsk,64,8,recurrence,cg3,,,3,ok,-7.656888e+00,3.053023e-02,
qpsk,64,8,recurrence,cg4,,,4,ok,-7.680644e+00,6.774485e-03,
qpsk,64,8,recurrence,cg6,,,6,ok,-7.687418e+00,0.000000e+00,
qpsk,64,8,recurrence,cg8,,,8,ok,-7.687418e+00,0.000000e+00,
qpsk,64,8,recurrence,fx:W8g0:cg1,8,0,1,floor,,,
qpsk,64,8,recurrence,fx:W8g0:cg2,8,0,2,floor,,,
qpsk,64,8,recurrence,fx:W8g0:cg3,8,0,3,floor,,,
qpsk,64,8,recurrence,fx:W8g0:cg4,8,0,4,floor,,,
qpsk,64,8,recurrence,fx:W8g0:cg6,8,0,6,floor,,,
qpsk,64,8,recurrence,fx:W8g0:cg8,8,0,8,floor,,,
qpsk,64,8,recurrence,fx:W8g4:cg1,8,4,1,floor,,,
qpsk,64,8,recurrence,fx:W8g4:cg2,8,4,2,ok,-6.915924e+00,7.714940e-01,3.148531e-01
qpsk,64,8,recurrence,fx:W8g4:cg3,8,4,3,ok,-7.011464e+00,6.759546e-01,6.454243e-01
qpsk,64,8,recurrence,fx:W8g4:cg4,8,4,4,ok,-6.921717e+00,7.657015e-01,7.589270e-01
qpsk,64,8,recurrence,fx:W8g4:cg6,8,4,6,ok,-5.623726e+00,2.063693e+00,2.063693e+00
qpsk,64,8,recurrence,fx:W8g4:cg8,8,4,8,floor,,,
qpsk,64,8,recurrence,fx:W8g8:cg1,8,8,1,floor,,,
qpsk,64,8,recurrence,fx:W8g8:cg2,8,8,2,ok,-6.991997e+00,6.954214e-01,2.387806e-01
qpsk,64,8,recurrence,fx:W8g8:cg3,8,8,3,ok,-7.035888e+00,6.515305e-01,6.210003e-01
qpsk,64,8,recurrence,fx:W8g8:cg4,8,8,4,ok,-6.812355e+00,8.750633e-01,8.682888e-01
qpsk,64,8,recurrence,fx:W8g8:cg6,8,8,6,ok,-6.014149e+00,1.673269e+00,1.673269e+00
qpsk,64,8,recurrence,fx:W8g8:cg8,8,8,8,ok,-5.278831e+00,2.408587e+00,2.408587e+00
qpsk,64,8,recurrence,fx:W10g0:cg1,10,0,1,floor,,,
qpsk,64,8,recurrence,fx:W10g0:cg2,10,0,2,ok,-2.368941e+00,5.318477e+00,4.861836e+00
qpsk,64,8,recurrence,fx:W10g0:cg3,10,0,3,ok,-6.191782e+00,1.495636e+00,1.465106e+00
qpsk,64,8,recurrence,fx:W10g0:cg4,10,0,4,ok,-6.193909e+00,1.493509e+00,1.486735e+00
qpsk,64,8,recurrence,fx:W10g0:cg6,10,0,6,ok,-6.193909e+00,1.493509e+00,1.493509e+00
qpsk,64,8,recurrence,fx:W10g0:cg8,10,0,8,ok,-6.193909e+00,1.493509e+00,1.493509e+00
qpsk,64,8,recurrence,fx:W10g4:cg1,10,4,1,floor,,,
qpsk,64,8,recurrence,fx:W10g4:cg2,10,4,2,ok,-7.217702e+00,4.697166e-01,1.307576e-02
qpsk,64,8,recurrence,fx:W10g4:cg3,10,4,3,ok,-7.494740e+00,1.926788e-01,1.621486e-01
qpsk,64,8,recurrence,fx:W10g4:cg4,10,4,4,ok,-7.552158e+00,1.352602e-01,1.284857e-01
qpsk,64,8,recurrence,fx:W10g4:cg6,10,4,6,ok,-7.549335e+00,1.380838e-01,1.380838e-01
qpsk,64,8,recurrence,fx:W10g4:cg8,10,4,8,ok,-7.549335e+00,1.380838e-01,1.380838e-01
qpsk,64,8,recurrence,fx:W10g8:cg1,10,8,1,floor,,,
qpsk,64,8,recurrence,fx:W10g8:cg2,10,8,2,ok,-7.218386e+00,4.690327e-01,1.239186e-02
qpsk,64,8,recurrence,fx:W10g8:cg3,10,8,3,ok,-7.651733e+00,3.568534e-02,5.155113e-03
qpsk,64,8,recurrence,fx:W10g8:cg4,10,8,4,ok,-7.658935e+00,2.848325e-02,2.170877e-02
qpsk,64,8,recurrence,fx:W10g8:cg6,10,8,6,ok,-7.618712e+00,6.870617e-02,6.870617e-02
qpsk,64,8,recurrence,fx:W10g8:cg8,10,8,8,ok,-7.586298e+00,1.011203e-01,1.011203e-01
qpsk,64,8,recurrence,fx:W12g0:cg1,12,0,1,floor,,,
qpsk,64,8,recurrence,fx:W12g0:cg2,12,0,2,ok,-7.152697e+00,5.347213e-01,7.808050e-02
qpsk,64,8,recurrence,fx:W12g0:cg3,12,0,3,ok,-7.168705e+00,5.187136e-01,4.881834e-01
qpsk,64,8,recurrence,fx:W12g0:cg4,12,0,4,ok,-7.267474e+00,4.199447e-01,4.131702e-01
qpsk,64,8,recurrence,fx:W12g0:cg6,12,0,6,ok,-7.271086e+00,4.163329e-01,4.163329e-01
qpsk,64,8,recurrence,fx:W12g0:cg8,12,0,8,ok,-7.271086e+00,4.163329e-01,4.163329e-01
qpsk,64,8,recurrence,fx:W12g4:cg1,12,4,1,floor,,,
qpsk,64,8,recurrence,fx:W12g4:cg2,12,4,2,ok,-7.218311e+00,4.691075e-01,1.246667e-02
qpsk,64,8,recurrence,fx:W12g4:cg3,12,4,3,ok,-7.646342e+00,4.107596e-02,1.054574e-02
qpsk,64,8,recurrence,fx:W12g4:cg4,12,4,4,ok,-7.653852e+00,3.356645e-02,2.679197e-02
qpsk,64,8,recurrence,fx:W12g4:cg6,12,4,6,ok,-7.658369e+00,2.904935e-02,2.904935e-02
qpsk,64,8,recurrence,fx:W12g4:cg8,12,4,8,ok,-7.658369e+00,2.904935e-02,2.904935e-02
qpsk,64,8,recurrence,fx:W12g8:cg1,12,8,1,floor,,,
qpsk,64,8,recurrence,fx:W12g8:cg2,12,8,2,ok,-7.214638e+00,4.727800e-01,1.613915e-02
qpsk,64,8,recurrence,fx:W12g8:cg3,12,8,3,ok,-7.664417e+00,2.300130e-02,-7.528926e-03
qpsk,64,8,recurrence,fx:W12g8:cg4,12,8,4,ok,-7.690113e+00,-2.694477e-03,-9.468962e-03
qpsk,64,8,recurrence,fx:W12g8:cg6,12,8,6,ok,-7.686132e+00,1.286861e-03,1.286861e-03
qpsk,64,8,recurrence,fx:W12g8:cg8,12,8,8,ok,-7.688930e+00,-1.511570e-03,-1.511570e-03
qpsk,64,8,recurrence,fx:W14g0:cg1,14,0,1,floor,,,
qpsk,64,8,recurrence,fx:W14g0:cg2,14,0,2,ok,-7.210378e+00,4.770407e-01,2.039985e-02
qpsk,64,8,recurrence,fx:W14g0:cg3,14,0,3,ok,-7.441417e+00,2.460018e-01,2.154715e-01
qpsk,64,8,recurrence,fx:W14g0:cg4,14,0,4,ok,-7.528379e+00,1.590391e-01,1.522646e-01
qpsk,64,8,recurrence,fx:W14g0:cg6,14,0,6,ok,-7.538545e+00,1.488731e-01,1.488731e-01
qpsk,64,8,recurrence,fx:W14g0:cg8,14,0,8,ok,-7.538545e+00,1.488731e-01,1.488731e-01
qpsk,64,8,recurrence,fx:W14g4:cg1,14,4,1,floor,,,
qpsk,64,8,recurrence,fx:W14g4:cg2,14,4,2,ok,-7.240792e+00,4.466261e-01,-1.001470e-02
qpsk,64,8,recurrence,fx:W14g4:cg3,14,4,3,ok,-7.659666e+00,2.775227e-02,-2.777960e-03
qpsk,64,8,recurrence,fx:W14g4:cg4,14,4,4,ok,-7.683370e+00,4.048509e-03,-2.725976e-03
qpsk,64,8,recurrence,fx:W14g4:cg6,14,4,6,ok,-7.680233e+00,7.185015e-03,7.185015e-03
qpsk,64,8,recurrence,fx:W14g4:cg8,14,4,8,ok,-7.680233e+00,7.185015e-03,7.185015e-03
qpsk,64,8,recurrence,fx:W14g8:cg1,14,8,1,floor,,,
qpsk,64,8,recurrence,fx:W14g8:cg2,14,8,2,ok,-7.244358e+00,4.430607e-01,-1.358014e-02
qpsk,64,8,recurrence,fx:W14g8:cg3,14,8,3,ok,-7.646342e+00,4.107596e-02,1.054574e-02
qpsk,64,8,recurrence,fx:W14g8:cg4,14,8,4,ok,-7.678816e+00,8.602609e-03,1.828124e-03
qpsk,64,8,recurrence,fx:W14g8:cg6,14,8,6,ok,-7.673359e+00,1.405957e-02,1.405957e-02
qpsk,64,8,recurrence,fx:W14g8:cg8,14,8,8,ok,-7.675662e+00,1.175627e-02,1.175627e-02
qpsk,64,8,recurrence,fx:W16g0:cg1,16,0,1,floor,,,
qpsk,64,8,recurrence,fx:W16g0:cg2,16,0,2,ok,-7.252269e+00,4.351499e-01,-2.149095e-02
qpsk,64,8,recurrence,fx:W16g0:cg3,16,0,3,ok,-7.649633e+00,3.778579e-02,7.255564e-03
qpsk,64,8,recurrence,fx:W16g0:cg4,16,0,4,ok,-7.664855e+00,2.256361e-02,1.578912e-02
qpsk,64,8,recurrence,fx:W16g0:cg6,16,0,6,ok,-7.667214e+00,2.020454e-02,2.020454e-02
qpsk,64,8,recurrence,fx:W16g0:cg8,16,0,8,ok,-7.667214e+00,2.020454e-02,2.020454e-02
qpsk,64,8,recurrence,fx:W16g4:cg1,16,4,1,floor,,,
qpsk,64,8,recurrence,fx:W16g4:cg2,16,4,2,ok,-7.237211e+00,4.502077e-01,-6.433141e-03
qpsk,64,8,recurrence,fx:W16g4:cg3,16,4,3,ok,-7.657271e+00,3.014784e-02,-3.823860e-04
qpsk,64,8,recurrence,fx:W16g4:cg4,16,4,4,ok,-7.685629e+00,1.789278e-03,-4.985207e-03
qpsk,64,8,recurrence,fx:W16g4:cg6,16,4,6,ok,-7.693393e+00,-5.974770e-03,-5.974770e-03
qpsk,64,8,recurrence,fx:W16g4:cg8,16,4,8,ok,-7.693393e+00,-5.974770e-03,-5.974770e-03
qpsk,64,8,recurrence,fx:W16g8:cg1,16,8,1,floor,,,
qpsk,64,8,recurrence,fx:W16g8:cg2,16,8,2,ok,-7.237211e+00,4.502077e-01,-6.433141e-03
qpsk,64,8,recurrence,fx:W16g8:cg3,16,8,3,ok,-7.656888e+00,3.053023e-02,0.000000e+00
qpsk,64,8,recurrence,fx:W16g8:cg4,16,8,4,ok,-7.680644e+00,6.774485e-03,0.000000e+00
qpsk,64,8,recurrence,fx:W16g8:cg6,16,8,6,ok,-7.687418e+00,0.000000e+00,0.000000e+00
qpsk,64,8,recurrence,fx:W16g8:cg8,16,8,8,ok,-7.684759e+00,2.659686e-03,2.659686e-03
qpsk,64,8,recurrence,fx:W18g0:cg1,18,0,1,floor,,,
qpsk,64,8,recurrence,fx:W18g0:cg2,18,0,2,ok,-7.227916e+00,4.595020e-01,2.861159e-03
qpsk,64,8,recurrence,fx:W18g0:cg3,18,0,3,ok,-7.659666e+00,2.775227e-02,-2.777960e-03
qpsk,64,8,recurrence,fx:W18g0:cg4,18,0,4,ok,-7.680233e+00,7.185015e-03,4.105297e-04
qpsk,64,8,recurrence,fx:W18g0:cg6,18,0,6,ok,-7.677263e+00,1.015560e-02,1.015560e-02
qpsk,64,8,recurrence,fx:W18g0:cg8,18,0,8,ok,-7.677263e+00,1.015560e-02,1.015560e-02
qpsk,64,8,recurrence,fx:W18g4:cg1,18,4,1,floor,,,
qpsk,64,8,recurrence,fx:W18g4:cg2,18,4,2,ok,-7.233613e+00,4.538055e-01,-2.835304e-03
qpsk,64,8,recurrence,fx:W18g4:cg3,18,4,3,ok,-7.654147e+00,3.327143e-02,2.741200e-03
qpsk,64,8,recurrence,fx:W18g4:cg4,18,4,4,ok,-7.680644e+00,6.774485e-03,0.000000e+00
qpsk,64,8,recurrence,fx:W18g4:cg6,18,4,6,ok,-7.682502e+00,4.916701e-03,4.916701e-03
qpsk,64,8,recurrence,fx:W18g4:cg8,18,4,8,ok,-7.682502e+00,4.916701e-03,4.916701e-03
qpsk,64,8,recurrence,fx:W18g8:cg1,18,8,1,floor,,,
qpsk,64,8,recurrence,fx:W18g8:cg2,18,8,2,ok,-7.229999e+00,4.574198e-01,7.789624e-04
qpsk,64,8,recurrence,fx:W18g8:cg3,18,8,3,ok,-7.656888e+00,3.053023e-02,0.000000e+00
qpsk,64,8,recurrence,fx:W18g8:cg4,18,8,4,ok,-7.680644e+00,6.774485e-03,0.000000e+00
qpsk,64,8,recurrence,fx:W18g8:cg6,18,8,6,ok,-7.687418e+00,0.000000e+00,0.000000e+00
qpsk,64,8,recurrence,fx:W18g8:cg8,18,8,8,ok,-7.687418e+00,0.000000e+00,0.000000e+00
qpsk,64,8,recurrence,fx:W20g0:cg1,20,0,1,floor,,,
qpsk,64,8,recurrence,fx:W20g0:cg2,20,0,2,ok,-7.230778e+00,4.566408e-01,0.000000e+00
qpsk,64,8,recurrence,fx:W20g0:cg3,20,0,3,ok,-7.659666e+00,2.775227e-02,-2.777960e-03
qpsk,64,8,recurrence,fx:W20g0:cg4,20,0,4,ok,-7.685629e+00,1.789278e-03,-4.985207e-03
qpsk,64,8,recurrence,fx:W20g0:cg6,20,0,6,ok,-7.690617e+00,-3.198459e-03,-3.198459e-03
qpsk,64,8,recurrence,fx:W20g0:cg8,20,0,8,ok,-7.690617e+00,-3.198459e-03,-3.198459e-03
qpsk,64,8,recurrence,fx:W20g4:cg1,20,4,1,floor,,,
qpsk,64,8,recurrence,fx:W20g4:cg2,20,4,2,ok,-7.234400e+00,4.530180e-01,-3.622781e-03
qpsk,64,8,recurrence,fx:W20g4:cg3,20,4,3,ok,-7.656888e+00,3.053023e-02,0.000000e+00
qpsk,64,8,recurrence,fx:W20g4:cg4,20,4,4,ok,-7.680644e+00,6.774485e-03,0.000000e+00
qpsk,64,8,recurrence,fx:W20g4:cg6,20,4,6,ok,-7.682502e+00,4.916701e-03,4.916701e-03
qpsk,64,8,recurrence,fx:W20g4:cg8,20,4,8,ok,-7.682502e+00,4.916701e-03,4.916701e-03
qpsk,64,8,recurrence,fx:W20g8:cg1,20,8,1,floor,,,
qpsk,64,8,recurrence,fx:W20g8:cg2,20,8,2,ok,-7.234400e+00,4.530180e-01,-3.622781e-03
qpsk,64,8,recurrence,fx:W20g8:cg3,20,8,3,ok,-7.656888e+00,3.053023e-02,0.000000e+00
qpsk,64,8,recurrence,fx:W20g8:cg4,20,8,4,ok,-7.680644e+00,6.774485e-03,0.000000e+00
qpsk,64,8,recurrence,fx:W20g8:cg6,20,8,6,ok,-7.684759e+00,2.659686e-03,2.659686e-03
qpsk,64,8,recurrence,fx:W20g8:cg8,20,8,8,ok,-7.684759e+00,2.659686e-03,2.659686e-03
qpsk,64,16,recurrence,zf,,,,ok,-6.876064e+00,6.318868e-02,
qpsk,64,16,recurrence,mmse,,,,ok,-6.939252e+00,0.000000e+00,
qpsk,64,16,recurrence,cg1,,,1,floor,,,
qpsk,64,16,recurrence,cg2,,,2,ok,-4.493865e+00,2.445387e+00,
qpsk,64,16,recurrence,cg3,,,3,ok,-6.651097e+00,2.881550e-01,
qpsk,64,16,recurrence,cg4,,,4,ok,-6.902510e+00,3.674180e-02,
qpsk,64,16,recurrence,cg6,,,6,ok,-6.958965e+00,-1.971272e-02,
qpsk,64,16,recurrence,cg8,,,8,ok,-6.939252e+00,0.000000e+00,
qpsk,64,16,recurrence,cg12,,,12,ok,-6.939252e+00,0.000000e+00,
qpsk,64,16,recurrence,cg16,,,16,ok,-6.939252e+00,0.000000e+00,
qpsk,64,16,recurrence,fx:W8g0:cg1,8,0,1,floor,,,
qpsk,64,16,recurrence,fx:W8g0:cg2,8,0,2,floor,,,
qpsk,64,16,recurrence,fx:W8g0:cg3,8,0,3,floor,,,
qpsk,64,16,recurrence,fx:W8g0:cg4,8,0,4,floor,,,
qpsk,64,16,recurrence,fx:W8g0:cg6,8,0,6,floor,,,
qpsk,64,16,recurrence,fx:W8g0:cg8,8,0,8,floor,,,
qpsk,64,16,recurrence,fx:W8g0:cg12,8,0,12,floor,,,
qpsk,64,16,recurrence,fx:W8g0:cg16,8,0,16,floor,,,
qpsk,64,16,recurrence,fx:W8g4:cg1,8,4,1,floor,,,
qpsk,64,16,recurrence,fx:W8g4:cg2,8,4,2,ok,-3.932662e+00,3.006590e+00,5.612028e-01
qpsk,64,16,recurrence,fx:W8g4:cg3,8,4,3,ok,-5.908969e+00,1.030283e+00,7.421282e-01
qpsk,64,16,recurrence,fx:W8g4:cg4,8,4,4,ok,-5.467173e+00,1.472079e+00,1.435337e+00
qpsk,64,16,recurrence,fx:W8g4:cg6,8,4,6,floor,,,
qpsk,64,16,recurrence,fx:W8g4:cg8,8,4,8,floor,,,
qpsk,64,16,recurrence,fx:W8g4:cg12,8,4,12,floor,,,
qpsk,64,16,recurrence,fx:W8g4:cg16,8,4,16,floor,,,
qpsk,64,16,recurrence,fx:W8g8:cg1,8,8,1,floor,,,
qpsk,64,16,recurrence,fx:W8g8:cg2,8,8,2,ok,-3.933623e+00,3.005629e+00,5.602421e-01
qpsk,64,16,recurrence,fx:W8g8:cg3,8,8,3,ok,-6.029045e+00,9.102072e-01,6.220522e-01
qpsk,64,16,recurrence,fx:W8g8:cg4,8,8,4,ok,-5.930721e+00,1.008531e+00,9.717896e-01
qpsk,64,16,recurrence,fx:W8g8:cg6,8,8,6,ok,-4.785256e+00,2.153996e+00,2.173708e+00
qpsk,64,16,recurrence,fx:W8g8:cg8,8,8,8,ok,-3.375147e+00,3.564106e+00,3.564106e+00
qpsk,64,16,recurrence,fx:W8g8:cg12,8,8,12,floor,,,
qpsk,64,16,recurrence,fx:W8g8:cg16,8,8,16,floor,,,
qpsk,64,16,recurrence,fx:W10g0:cg1,10,0,1,floor,,,
qpsk,64,16,recurrence,fx:W10g0:cg2,10,0,2,ok,-4.218599e+00,2.720653e+00,2.752656e-01
qpsk,64,16,recurrence,fx:W10g0:cg3,10,0,3,ok,-4.638372e+00,2.300880e+00,2.012725e+00
qpsk,64,16,recurrence,fx:W10g0:cg4,10,0,4,ok,-5.672188e+00,1.267064e+00,1.230323e+00
qpsk,64,16,recurrence,fx:W10g0:cg6,10,0,6,ok,-5.640303e+00,1.298949e+00,1.318662e+00
qpsk,64,16,recurrence,fx:W10g0:cg8,10,0,8,ok,-5.583417e+00,1.355835e+00,1.355835e+00
qpsk,64,16,recurrence,fx:W10g0:cg12,10,0,12,ok,-5.614301e+00,1.324951e+00,1.324951e+00
qpsk,64,16,recurrence,fx:W10g0:cg16,10,0,16,ok,-5.619890e+00,1.319362e+00,1.319362e+00
qpsk,64,16,recurrence,fx:W10g4:cg1,10,4,1,floor,,,
qpsk,64,16,recurrence,fx:W10g4:cg2,10,4,2,ok,-4.464076e+00,2.475176e+00,2.978899e-02
qpsk,64,16,recurrence,fx:W10g4:cg3,10,4,3,ok,-6.608019e+00,3.312332e-01,4.307818e-02
qpsk,64,16,recurrence,fx:W10g4:cg4,10,4,4,ok,-6.802156e+00,1.370958e-01,1.003540e-01
qpsk,64,16,recurrence,fx:W10g4:cg6,10,4,6,ok,-6.798841e+00,1.404109e-01,1.601236e-01
qpsk,64,16,recurrence,fx:W10g4:cg8,10,4,8,ok,-6.655989e+00,2.832631e-01,2.832631e-01
qpsk,64,16,recurrence,fx:W10g4:cg12,10,4,12,ok,-6.042528e+00,8.967241e-01,8.967241e-01
qpsk,64,16,recurrence,fx:W10g4:cg16,10,4,16,floor,,,
qpsk,64,16,recurrence,fx:W10g8:cg1,10,8,1,floor,,,
qpsk,64,16,recurrence,fx:W10g8:cg2,10,8,2,ok,-4.456676e+00,2.482576e+00,3.718862e-02
qpsk,64,16,recurrence,fx:W10g8:cg3,10,8,3,ok,-6.594659e+00,3.445936e-01,5.643858e-02
qpsk,64,16,recurrence,fx:W10g8:cg4,10,8,4,ok,-6.823094e+00,1.161581e-01,7.941632e-02
qpsk,64,16,recurrence,fx:W10g8:cg6,10,8,6,ok,-6.898759e+00,4.049364e-02,6.020636e-02
qpsk,64,16,recurrence,fx:W10g8:cg8,10,8,8,ok,-6.866841e+00,7.241095e-02,7.241095e-02
qpsk,64,16,recurrence,fx:W10g8:cg12,10,8,12,ok,-6.801338e+00,1.379141e-01,1.379141e-01
qpsk,64,16,recurrence,fx:W10g8:cg16,10,8,16,ok,-6.462177e+00,4.770756e-01,4.770756e-01
qpsk,64,16,recurrence,fx:W12g0:cg1,12,0,1,floor,,,
qpsk,64,16,recurrence,fx:W12g0:cg2,12,0,2,ok,-4.483897e+00,2.455355e+00,9.968110e-03
qpsk,64,16,recurrence,fx:W12g0:cg3,12,0,3,ok,-6.504658e+00,4.345937e-01,1.464388e-01
qpsk,64,16,recurrence,fx:W12g0:cg4,12,0,4,ok,-6.544725e+00,3.945277e-01,3.577859e-01
qpsk,64,16,recurrence,fx:W12g0:cg6,12,0,6,ok,-6.595215e+00,3.440371e-01,3.637498e-01
qpsk,64,16,recurrence,fx:W12g0:cg8,12,0,8,ok,-6.540306e+00,3.989459e-01,3.989459e-01
qpsk,64,16,recurrence,fx:W12g0:cg12,12,0,12,ok,-6.546695e+00,3.925575e-01,3.925575e-01
qpsk,64,16,recurrence,fx:W12g0:cg16,12,0,16,ok,-6.554737e+00,3.845157e-01,3.845157e-01
qpsk,64,16,recurrence,fx:W12g4:cg1,12,4,1,floor,,,
qpsk,64,16,recurrence,fx:W12g4:cg2,12,4,2,ok,-4.486282e+00,2.452971e+00,7.583354e-03
qpsk,64,16,recurrence,fx:W12g4:cg3,12,4,3,ok,-6.660426e+00,2.788259e-01,-9.329092e-03
qpsk,64,16,recurrence,fx:W12g4:cg4,12,4,4,ok,-6.881652e+00,5.759991e-02,2.085811e-02
qpsk,64,16,recurrence,fx:W12g4:cg6,12,4,6,ok,-6.920566e+00,1.868646e-02,3.839917e-02
qpsk,64,16,recurrence,fx:W12g4:cg8,12,4,8,ok,-6.916389e+00,2.286356e-02,2.286356e-02
qpsk,64,16,recurrence,fx:W12g4:cg12,12,4,12,ok,-6.885553e+00,5.369919e-02,5.369919e-02
qpsk,64,16,recurrence,fx:W12g4:cg16,12,4,16,ok,-6.886271e+00,5.298113e-02,5.298113e-02
qpsk,64,16,recurrence,fx:W12g8:cg1,12,8,1,floor,,,
qpsk,64,16,recurrence,fx:W12g8:cg2,12,8,2,ok,-4.485649e+00,2.453603e+00,8.215445e-03
qpsk,64,16,recurrence,fx:W12g8:cg3,12,8,3,ok,-6.640496e+00,2.987557e-01,1.060074e-02
qpsk,64,16,recurrence,fx:W12g8:cg4,12,8,4,ok,-6.866841e+00,7.241095e-02,3.566914e-02
qpsk,64,16,recurrence,fx:W12g8:cg6,12,8,6,ok,-6.925604e+00,1.364820e-02,3.336092e-02
qpsk,64,16,recurrence,fx:W12g8:cg8,12,8,8,ok,-6.929370e+00,9.882653e-03,9.882653e-03
qpsk,64,16,recurrence,fx:W12g8:cg12,12,8,12,ok,-6.923697e+00,1.555470e-02,1.555470e-02
qpsk,64,16,recurrence,fx:W12g8:cg16,12,8,16,ok,-4.909909e+00,2.029343e+00,2.029343e+00
qpsk,64,16,recurrence,fx:W14g0:cg1,14,0,1,floor,,,
qpsk,64,16,recurrence,fx:W14g0:cg2,14,0,2,ok,-4.492075e+00,2.447177e+00,1.789620e-03
qpsk,64,16,recurrence,fx:W14g0:cg3,14,0,3,ok,-6.647789e+00,2.914632e-01,3.308231e-03
qpsk,64,16,recurrence,fx:W14g0:cg4,14,0,4,ok,-6.837206e+00,1.020462e-01,6.530439e-02
qpsk,64,16,recurrence,fx:W14g0:cg6,14,0,6,ok,-6.886579e+00,5.267365e-02,7.238636e-02
qpsk,64,16,recurrence,fx:W14g0:cg8,14,0,8,ok,-6.885179e+00,5.407292e-02,5.407292e-02
qpsk,64,16,recurrence,fx:W14g0:cg12,14,0,12,ok,-6.883766e+00,5.548638e-02,5.548638e-02
qpsk,64,16,recurrence,fx:W14g0:cg16,14,0,16,ok,-6.862267e+00,7.698489e-02,7.698489e-02
qpsk,64,16,recurrence,fx:W14g4:cg1,14,4,1,floor,,,
qpsk,64,16,recurrence,fx:W14g4:cg2,14,4,2,ok,-4.491684e+00,2.447568e+00,2.180806e-03
qpsk,64,16,recurrence,fx:W14g4:cg3,14,4,3,ok,-6.642166e+00,2.970862e-01,8.931229e-03
qpsk,64,16,recurrence,fx:W14g4:cg4,14,4,4,ok,-6.908356e+00,3.089644e-02,-5.845357e-03
qpsk,64,16,recurrence,fx:W14g4:cg6,14,4,6,ok,-6.948786e+00,-9.533659e-03,1.017906e-02
qpsk,64,16,recurrence,fx:W14g4:cg8,14,4,8,ok,-6.939656e+00,-4.033150e-04,-4.033150e-04
qpsk,64,16,recurrence,fx:W14g4:cg12,14,4,12,ok,-6.934279e+00,4.973319e-03,4.973319e-03
qpsk,64,16,recurrence,fx:W14g4:cg16,14,4,16,ok,-6.930762e+00,8.489846e-03,8.489846e-03
qpsk,64,16,recurrence,fx:W14g8:cg1,14,8,1,floor,,,
qpsk,64,16,recurrence,fx:W14g8:cg2,14,8,2,ok,-4.492524e+00,2.446728e+00,1.340705e-03
qpsk,64,16,recurrence,fx:W14g8:cg3,14,8,3,ok,-6.640496e+00,2.987557e-01,1.060074e-02
qpsk,64,16,recurrence,fx:W14g8:cg4,14,8,4,ok,-6.903118e+00,3.613402e-02,-6.077826e-04
qpsk,64,16,recurrence,fx:W14g8:cg6,14,8,6,ok,-6.942430e+00,-3.177544e-03,1.653517e-02
qpsk,64,16,recurrence,fx:W14g8:cg8,14,8,8,ok,-6.953480e+00,-1.422752e-02,-1.422752e-02
qpsk,64,16,recurrence,fx:W14g8:cg12,14,8,12,ok,-6.945986e+00,-6.733980e-03,-6.733980e-03
qpsk,64,16,recurrence,fx:W14g8:cg16,14,8,16,ok,-6.819170e+00,1.200822e-01,1.200822e-01
qpsk,64,16,recurrence,fx:W16g0:cg1,16,0,1,floor,,,
qpsk,64,16,recurrence,fx:W16g0:cg2,16,0,2,ok,-4.495641e+00,2.443611e+00,-1.776314e-03
qpsk,64,16,recurrence,fx:W16g0:cg3,16,0,3,ok,-6.649727e+00,2.895250e-01,1.369985e-03
qpsk,64,16,recurrence,fx:W16g0:cg4,16,0,4,ok,-6.903723e+00,3.552931e-02,-1.212493e-03
qpsk,64,16,recurrence,fx:W16g0:cg6,16,0,6,ok,-6.945268e+00,-6.016151e-03,1.369656e-02
qpsk,64,16,recurrence,fx:W16g0:cg8,16,0,8,ok,-6.954036e+00,-1.478413e-02,-1.478413e-02
qpsk,64,16,recurrence,fx:W16g0:cg12,16,0,12,ok,-6.940972e+00,-1.719601e-03,-1.719601e-03
qpsk,64,16,recurrence,fx:W16g0:cg16,16,0,16,ok,-6.906250e+00,3.300224e-02,3.300224e-02
qpsk,64,16,recurrence,fx:W16g4:cg1,16,4,1,floor,,,
qpsk,64,16,recurrence,fx:W16g4:cg2,16,4,2,ok,-4.493525e+00,2.445728e+00,3.403304e-04
qpsk,64,16,recurrence,fx:W16g4:cg3,16,4,3,ok,-6.651097e+00,2.881550e-01,0.000000e+00
qpsk,64,16,recurrence,fx:W16g4:cg4,16,4,4,ok,-6.901899e+00,3.735272e-02,6.109195e-04
qpsk,64,16,recurrence,fx:W16g4:cg6,16,4,6,ok,-6.953480e+00,-1.422752e-02,5.485191e-03
qpsk,64,16,recurrence,fx:W16g4:cg8,16,4,8,ok,-6.948786e+00,-9.533659e-03,-9.533659e-03
qpsk,64,16,recurrence,fx:W16g4:cg12,16,4,12,ok,-6.947749e+00,-8.496772e-03,-8.496772e-03
qpsk,64,16,recurrence,fx:W16g4:cg16,16,4,16,ok,-6.948442e+00,-9.189703e-03,-9.189703e-03
qpsk,64,16,recurrence,fx:W16g8:cg1,16,8,1,floor,,,
qpsk,64,16,recurrence,fx:W16g8:cg2,16,8,2,ok,-4.493525e+00,2.445728e+00,3.403304e-04
qpsk,64,16,recurrence,fx:W16g8:cg3,16,8,3,ok,-6.651097e+00,2.881550e-01,0.000000e+00
qpsk,64,16,recurrence,fx:W16g8:cg4,16,8,4,ok,-6.901899e+00,3.735272e-02,6.109195e-04
qpsk,64,16,recurrence,fx:W16g8:cg6,16,8,6,ok,-6.953480e+00,-1.422752e-02,5.485191e-03
qpsk,64,16,recurrence,fx:W16g8:cg8,16,8,8,ok,-6.938440e+00,8.121757e-04,8.121757e-04
qpsk,64,16,recurrence,fx:W16g8:cg12,16,8,12,ok,-6.938847e+00,4.051489e-04,4.051489e-04
qpsk,64,16,recurrence,fx:W16g8:cg16,16,8,16,ok,-6.938847e+00,4.051489e-04,4.051489e-04
qpsk,64,16,recurrence,fx:W18g0:cg1,18,0,1,floor,,,
qpsk,64,16,recurrence,fx:W18g0:cg2,18,0,2,ok,-4.493774e+00,2.445478e+00,9.063026e-05
qpsk,64,16,recurrence,fx:W18g0:cg3,18,0,3,ok,-6.648077e+00,2.911752e-01,3.020217e-03
qpsk,64,16,recurrence,fx:W18g0:cg4,18,0,4,ok,-6.896057e+00,4.319553e-02,6.453727e-03
qpsk,64,16,recurrence,fx:W18g0:cg6,18,0,6,ok,-6.965976e+00,-2.672406e-02,-7.011346e-03
qpsk,64,16,recurrence,fx:W18g0:cg8,18,0,8,ok,-6.956529e+00,-1.727687e-02,-1.727687e-02
qpsk,64,16,recurrence,fx:W18g0:cg12,18,0,12,ok,-6.855649e+00,8.360306e-02,8.360306e-02
qpsk,64,16,recurrence,fx:W18g0:cg16,18,0,16,ok,-6.812624e+00,1.266280e-01,1.266280e-01
qpsk,64,16,recurrence,fx:W18g4:cg1,18,4,1,floor,,,
qpsk,64,16,recurrence,fx:W18g4:cg2,18,4,2,ok,-4.493150e+00,2.446102e+00,7.150966e-04
qpsk,64,16,recurrence,fx:W18g4:cg3,18,4,3,ok,-6.651097e+00,2.881550e-01,0.000000e+00
qpsk,64,16,recurrence,fx:W18g4:cg4,18,4,4,ok,-6.901899e+00,3.735272e-02,6.109195e-04
qpsk,64,16,recurrence,fx:W18g4:cg6,18,4,6,ok,-6.948442e+00,-9.189703e-03,1.052301e-02
qpsk,64,16,recurrence,fx:W18g4:cg8,18,4,8,ok,-6.953791e+00,-1.453904e-02,-1.453904e-02
qpsk,64,16,recurrence,fx:W18g4:cg12,18,4,12,ok,-6.953791e+00,-1.453904e-02,-1.453904e-02
qpsk,64,16,recurrence,fx:W18g4:cg16,18,4,16,ok,-6.953480e+00,-1.422752e-02,-1.422752e-02
qpsk,64,16,recurrence,fx:W18g8:cg1,18,8,1,floor,,,
qpsk,64,16,recurrence,fx:W18g8:cg2,18,8,2,ok,-4.493615e+00,2.445637e+00,2.498537e-04
qpsk,64,16,recurrence,fx:W18g8:cg3,18,8,3,ok,-6.651097e+00,2.881550e-01,0.000000e+00
qpsk,64,16,recurrence,fx:W18g8:cg4,18,8,4,ok,-6.901899e+00,3.735272e-02,6.109195e-04
qpsk,64,16,recurrence,fx:W18g8:cg6,18,8,6,ok,-6.959241e+00,-1.998907e-02,-2.763591e-04
qpsk,64,16,recurrence,fx:W18g8:cg8,18,8,8,ok,-6.944314e+00,-5.062263e-03,-5.062263e-03
qpsk,64,16,recurrence,fx:W18g8:cg12,18,8,12,ok,-6.939252e+00,0.000000e+00,0.000000e+00
qpsk,64,16,recurrence,fx:W18g8:cg16,18,8,16,ok,-6.939252e+00,0.000000e+00,0.000000e+00
qpsk,64,16,recurrence,fx:W20g0:cg1,20,0,1,floor,,,
qpsk,64,16,recurrence,fx:W20g0:cg2,20,0,2,ok,-4.493865e+00,2.445387e+00,0.000000e+00
qpsk,64,16,recurrence,fx:W20g0:cg3,20,0,3,ok,-6.651097e+00,2.881550e-01,0.000000e+00
qpsk,64,16,recurrence,fx:W20g0:cg4,20,0,4,ok,-6.907196e+00,3.205603e-02,-4.685769e-03
qpsk,64,16,recurrence,fx:W20g0:cg6,20,0,6,ok,-6.949128e+00,-9.875989e-03,9.836726e-03
qpsk,64,16,recurrence,fx:W20g0:cg8,20,0,8,ok,-6.949128e+00,-9.875989e-03,-9.875989e-03
qpsk,64,16,recurrence,fx:W20g0:cg12,20,0,12,ok,-6.948786e+00,-9.533659e-03,-9.533659e-03
qpsk,64,16,recurrence,fx:W20g0:cg16,20,0,16,ok,-6.948786e+00,-9.533659e-03,-9.533659e-03
qpsk,64,16,recurrence,fx:W20g4:cg1,20,4,1,floor,,,
qpsk,64,16,recurrence,fx:W20g4:cg2,20,4,2,ok,-4.493865e+00,2.445387e+00,0.000000e+00
qpsk,64,16,recurrence,fx:W20g4:cg3,20,4,3,ok,-6.651097e+00,2.881550e-01,0.000000e+00
qpsk,64,16,recurrence,fx:W20g4:cg4,20,4,4,ok,-6.901899e+00,3.735272e-02,6.109195e-04
qpsk,64,16,recurrence,fx:W20g4:cg6,20,4,6,ok,-6.958965e+00,-1.971272e-02,0.000000e+00
qpsk,64,16,recurrence,fx:W20g4:cg8,20,4,8,ok,-6.944314e+00,-5.062263e-03,-5.062263e-03
qpsk,64,16,recurrence,fx:W20g4:cg12,20,4,12,ok,-6.944686e+00,-5.433948e-03,-5.433948e-03
qpsk,64,16,recurrence,fx:W20g4:cg16,20,4,16,ok,-6.944686e+00,-5.433948e-03,-5.433948e-03
qpsk,64,16,recurrence,fx:W20g8:cg1,20,8,1,floor,,,
qpsk,64,16,recurrence,fx:W20g8:cg2,20,8,2,ok,-4.493865e+00,2.445387e+00,0.000000e+00
qpsk,64,16,recurrence,fx:W20g8:cg3,20,8,3,ok,-6.651097e+00,2.881550e-01,0.000000e+00
qpsk,64,16,recurrence,fx:W20g8:cg4,20,8,4,ok,-6.902510e+00,3.674180e-02,0.000000e+00
qpsk,64,16,recurrence,fx:W20g8:cg6,20,8,6,ok,-6.958965e+00,-1.971272e-02,0.000000e+00
qpsk,64,16,recurrence,fx:W20g8:cg8,20,8,8,ok,-6.938847e+00,4.051489e-04,4.051489e-04
qpsk,64,16,recurrence,fx:W20g8:cg12,20,8,12,ok,-6.939252e+00,0.000000e+00,0.000000e+00
qpsk,64,16,recurrence,fx:W20g8:cg16,20,8,16,ok,-6.939252e+00,0.000000e+00,0.000000e+00
qpsk,128,4,recurrence,zf,,,,ok,-1.114546e+01,-2.762688e-02,
qpsk,128,4,recurrence,mmse,,,,ok,-1.111784e+01,0.000000e+00,
qpsk,128,4,recurrence,cg1,,,1,ok,-1.005098e+01,1.066859e+00,
qpsk,128,4,recurrence,cg2,,,2,ok,-1.111119e+01,6.644460e-03,
qpsk,128,4,recurrence,cg3,,,3,ok,-1.112504e+01,-7.206689e-03,
qpsk,128,4,recurrence,cg4,,,4,ok,-1.111784e+01,0.000000e+00,
qpsk,128,4,recurrence,fx:W8g0:cg1,8,0,1,floor,,,
qpsk,128,4,recurrence,fx:W8g0:cg2,8,0,2,ok,-9.975470e+00,1.142366e+00,1.135722e+00
qpsk,128,4,recurrence,fx:W8g0:cg3,8,0,3,ok,-9.910941e+00,1.206895e+00,1.214102e+00
qpsk,128,4,recurrence,fx:W8g0:cg4,8,0,4,ok,-9.910941e+00,1.206895e+00,1.206895e+00
qpsk,128,4,recurrence,fx:W8g4:cg1,8,4,1,ok,-9.975470e+00,1.142366e+00,7.550725e-02
qpsk,128,4,recurrence,fx:W8g4:cg2,8,4,2,ok,-1.030879e+01,8.090417e-01,8.023973e-01
qpsk,128,4,recurrence,fx:W8g4:cg3,8,4,3,ok,-1.065865e+01,4.591901e-01,4.663968e-01
qpsk,128,4,recurrence,fx:W8g4:cg4,8,4,4,ok,-1.065743e+01,4.604081e-01,4.604081e-01
qpsk,128,4,recurrence,fx:W8g8:cg1,8,8,1,ok,-9.975470e+00,1.142366e+00,7.550725e-02
qpsk,128,4,recurrence,fx:W8g8:cg2,8,8,2,ok,-1.078960e+01,3.282405e-01,3.215961e-01
qpsk,128,4,recurrence,fx:W8g8:cg3,8,8,3,ok,-1.070411e+01,4.137281e-01,4.209348e-01
qpsk,128,4,recurrence,fx:W8g8:cg4,8,8,4,ok,-1.053825e+01,5.795873e-01,5.795873e-01
qpsk,128,4,recurrence,fx:W10g0:cg1,10,0,1,ok,-1.006130e+01,1.056532e+00,-1.032727e-02
qpsk,128,4,recurrence,fx:W10g0:cg2,10,0,2,ok,-1.006130e+01,1.056532e+00,1.049887e+00
qpsk,128,4,recurrence,fx:W10g0:cg3,10,0,3,ok,-1.011512e+01,1.002718e+00,1.009925e+00
qpsk,128,4,recurrence,fx:W10g0:cg4,10,0,4,ok,-1.011512e+01,1.002718e+00,1.002718e+00
qpsk,128,4,recurrence,fx:W10g4:cg1,10,4,1,ok,-1.006130e+01,1.056532e+00,-1.032727e-02
qpsk,128,4,recurrence,fx:W10g4:cg2,10,4,2,ok,-1.100052e+01,1.173177e-01,1.106732e-01
qpsk,128,4,recurrence,fx:W10g4:cg3,10,4,3,ok,-1.101516e+01,1.026748e-01,1.098815e-01
qpsk,128,4,recurrence,fx:W10g4:cg4,10,4,4,ok,-1.101520e+01,1.026355e-01,1.026355e-01
qpsk,128,4,recurrence,fx:W10g8:cg1,10,8,1,ok,-1.006130e+01,1.056532e+00,-1.032727e-02
qpsk,128,4,recurrence,fx:W10g8:cg2,10,8,2,ok,-1.111005e+01,7.789277e-03,1.144817e-03
qpsk,128,4,recurrence,fx:W10g8:cg3,10,8,3,ok,-1.114367e+01,-2.583326e-02,-1.862657e-02
qpsk,128,4,recurrence,fx:W10g8:cg4,10,8,4,ok,-1.114438e+01,-2.654232e-02,-2.654232e-02
qpsk,128,4,recurrence,fx:W12g0:cg1,12,0,1,ok,-1.004690e+01,1.070937e+00,4.078117e-03
qpsk,128,4,recurrence,fx:W12g0:cg2,12,0,2,ok,-1.026629e+01,8.515499e-01,8.449055e-01
qpsk,128,4,recurrence,fx:W12g0:cg3,12,0,3,ok,-1.067525e+01,4.425891e-01,4.497958e-01
qpsk,128,4,recurrence,fx:W12g0:cg4,12,0,4,ok,-1.067525e+01,4.425891e-01,4.425891e-01
qpsk,128,4,recurrence,fx:W12g4:cg1,12,4,1,ok,-1.004690e+01,1.070937e+00,4.078117e-03
qpsk,128,4,recurrence,fx:W12g4:cg2,12,4,2,ok,-1.106733e+01,5.050547e-02,4.386101e-02
qpsk,128,4,recurrence,fx:W12g4:cg3,12,4,3,ok,-1.106733e+01,5.050547e-02,5.771216e-02
qpsk,128,4,recurrence,fx:W12g4:cg4,12,4,4,ok,-1.109539e+01,2.244942e-02,2.244942e-02
qpsk,128,4,recurrence,fx:W12g8:cg1,12,8,1,ok,-1.004690e+01,1.070937e+00,4.078117e-03
qpsk,128,4,recurrence,fx:W12g8:cg2,12,8,2,ok,-1.109766e+01,2.017249e-02,1.352803e-02
qpsk,128,4,recurrence,fx:W12g8:cg3,12,8,3,ok,-1.111664e+01,1.197333e-03,8.404021e-03
qpsk,128,4,recurrence,fx:W12g8:cg4,12,8,4,ok,-1.110977e+01,8.069787e-03,8.069787e-03
qpsk,128,4,recurrence,fx:W14g0:cg1,14,0,1,ok,-1.005098e+01,1.066859e+00,0.000000e+00
qpsk,128,4,recurrence,fx:W14g0:cg2,14,0,2,ok,-1.099477e+01,1.230656e-01,1.164211e-01
qpsk,128,4,recurrence,fx:W14g0:cg3,14,0,3,ok,-1.103610e+01,8.173936e-02,8.894605e-02
qpsk,128,4,recurrence,fx:W14g0:cg4,14,0,4,ok,-1.102915e+01,8.868814e-02,8.868814e-02
qpsk,128,4,recurrence,fx:W14g4:cg1,14,4,1,ok,-1.005098e+01,1.066859e+00,0.000000e+00
qpsk,128,4,recurrence,fx:W14g4:cg2,14,4,2,ok,-1.111753e+01,3.029101e-04,-6.341550e-03
qpsk,128,4,recurrence,fx:W14g4:cg3,14,4,3,ok,-1.112409e+01,-6.252270e-03,9.544187e-04
qpsk,128,4,recurrence,fx:W14g4:cg4,14,4,4,ok,-1.111753e+01,3.029101e-04,3.029101e-04
qpsk,128,4,recurrence,fx:W14g8:cg1,14,8,1,ok,-1.005098e+01,1.066859e+00,0.000000e+00
qpsk,128,4,recurrence,fx:W14g8:cg2,14,8,2,ok,-1.111005e+01,7.789277e-03,1.144817e-03
qpsk,128,4,recurrence,fx:W14g8:cg3,14,8,3,ok,-1.113190e+01,-1.406020e-02,-6.853511e-03
qpsk,128,4,recurrence,fx:W14g8:cg4,14,8,4,ok,-1.113156e+01,-1.372456e-02,-1.372456e-02
qpsk,128,4,recurrence,fx:W16g0:cg1,16,0,1,ok,-1.004705e+01,1.070790e+00,3.930742e-03
qpsk,128,4,recurrence,fx:W16g0:cg2,16,0,2,ok,-1.108267e+01,3.516783e-02,2.852337e-02
qpsk,128,4,recurrence,fx:W16g0:cg3,16,0,3,ok,-1.108267e+01,3.516783e-02,4.237452e-02
qpsk,128,4,recurrence,fx:W16g0:cg4,16,0,4,ok,-1.109689e+01,2.095002e-02,2.095002e-02
qpsk,128,4,recurrence,fx:W16g4:cg1,16,4,1,ok,-1.004705e+01,1.070790e+00,3.930742e-03
qpsk,128,4,recurrence,fx:W16g4:cg2,16,4,2,ok,-1.111148e+01,6.352455e-03,-2.920049e-04
qpsk,128,4,recurrence,fx:W16g4:cg3,16,4,3,ok,-1.112504e+01,-7.206689e-03,0.000000e+00
qpsk,128,4,recurrence,fx:W16g4:cg4,16,4,4,ok,-1.111845e+01,-6.132154e-04,-6.132154e-04
qpsk,128,4,recurrence,fx:W16g8:cg1,16,8,1,ok,-1.004705e+01,1.070790e+00,3.930742e-03
qpsk,128,4,recurrence,fx:W16g8:cg2,16,8,2,ok,-1.111119e+01,6.644460e-03,0.000000e+00
qpsk,128,4,recurrence,fx:W16g8:cg3,16,8,3,ok,-1.111814e+01,-3.053915e-04,6.901297e-03
qpsk,128,4,recurrence,fx:W16g8:cg4,16,8,4,ok,-1.111814e+01,-3.053915e-04,-3.053915e-04
qpsk,128,4,recurrence,fx:W18g0:cg1,18,0,1,ok,-1.005098e+01,1.066859e+00,0.000000e+00
qpsk,128,4,recurrence,fx:W18g0:cg2,18,0,2,ok,-1.111753e+01,3.029101e-04,-6.341550e-03
qpsk,128,4,recurrence,fx:W18g0:cg3,18,0,3,ok,-1.112440e+01,-6.567866e-03,6.388230e-04
qpsk,128,4,recurrence,fx:W18g0:cg4,18,0,4,ok,-1.111814e+01,-3.053915e-04,-3.053915e-04
qpsk,128,4,recurrence,fx:W18g4:cg1,18,4,1,ok,-1.005098e+01,1.066859e+00,0.000000e+00
qpsk,128,4,recurrence,fx:W18g4:cg2,18,4,2,ok,-1.111119e+01,6.644460e-03,0.000000e+00
qpsk,128,4,recurrence,fx:W18g4:cg3,18,4,3,ok,-1.113292e+01,-1.508332e-02,-7.876627e-03
qpsk,128,4,recurrence,fx:W18g4:cg4,18,4,4,ok,-1.113258e+01,-1.473950e-02,-1.473950e-02
qpsk,128,4,recurrence,fx:W18g8:cg1,18,8,1,ok,-1.005098e+01,1.066859e+00,0.000000e+00
qpsk,128,4,recurrence,fx:W18g8:cg2,18,8,2,ok,-1.111119e+01,6.644460e-03,0.000000e+00
qpsk,128,4,recurrence,fx:W18g8:cg3,18,8,3,ok,-1.112537e+01,-7.529938e-03,-3.232492e-04
qpsk,128,4,recurrence,fx:W18g8:cg4,18,8,4,ok,-1.111845e+01,-6.132154e-04,-6.132154e-04
qpsk,128,4,recurrence,fx:W20g0:cg1,20,0,1,ok,-1.005098e+01,1.066859e+00,0.000000e+00
qpsk,128,4,recurrence,fx:W20g0:cg2,20,0,2,ok,-1.111148e+01,6.352455e-03,-2.920049e-04
qpsk,128,4,recurrence,fx:W20g0:cg3,20,0,3,ok,-1.113190e+01,-1.406020e-02,-6.853511e-03
qpsk,128,4,recurrence,fx:W20g0:cg4,20,0,4,ok,-1.112537e+01,-7.529938e-03,-7.529938e-03
qpsk,128,4,recurrence,fx:W20g4:cg1,20,4,1,ok,-1.005098e+01,1.066859e+00,0.000000e+00
qpsk,128,4,recurrence,fx:W20g4:cg2,20,4,2,ok,-1.111119e+01,6.644460e-03,0.000000e+00
qpsk,128,4,recurrence,fx:W20g4:cg3,20,4,3,ok,-1.112504e+01,-7.206689e-03,0.000000e+00
qpsk,128,4,recurrence,fx:W20g4:cg4,20,4,4,ok,-1.112504e+01,-7.206689e-03,-7.206689e-03
qpsk,128,4,recurrence,fx:W20g8:cg1,20,8,1,ok,-1.005098e+01,1.066859e+00,0.000000e+00
qpsk,128,4,recurrence,fx:W20g8:cg2,20,8,2,ok,-1.111119e+01,6.644460e-03,0.000000e+00
qpsk,128,4,recurrence,fx:W20g8:cg3,20,8,3,ok,-1.112504e+01,-7.206689e-03,0.000000e+00
qpsk,128,4,recurrence,fx:W20g8:cg4,20,8,4,ok,-1.111814e+01,-3.053915e-04,-3.053915e-04
qpsk,128,8,recurrence,zf,,,,ok,-1.090444e+01,9.071272e-03,
qpsk,128,8,recurrence,mmse,,,,ok,-1.091352e+01,0.000000e+00,
qpsk,128,8,recurrence,cg1,,,1,ok,-7.888769e+00,3.024747e+00,
qpsk,128,8,recurrence,cg2,,,2,ok,-1.085142e+01,6.210054e-02,
qpsk,128,8,recurrence,cg3,,,3,ok,-1.092398e+01,-1.046110e-02,
qpsk,128,8,recurrence,cg4,,,4,ok,-1.090975e+01,3.770025e-03,
qpsk,128,8,recurrence,cg6,,,6,ok,-1.091352e+01,0.000000e+00,
qpsk,128,8,recurrence,cg8,,,8,ok,-1.091352e+01,0.000000e+00,
qpsk,128,8,recurrence,fx:W8g0:cg1,8,0,1,ok,-7.676487e+00,3.237029e+00,2.122820e-01
qpsk,128,8,recurrence,fx:W8g0:cg2,8,0,2,ok,-7.685825e+00,3.227691e+00,3.165590e+00
qpsk,128,8,recurrence,fx:W8g0:cg3,8,0,3,ok,-7.895499e+00,3.018016e+00,3.028477e+00
qpsk,128,8,recurrence,fx:W8g0:cg4,8,0,4,ok,-7.896262e+00,3.017254e+00,3.013484e+00
qpsk,128,8,recurrence,fx:W8g0:cg6,8,0,6,ok,-7.896262e+00,3.017254e+00,3.017254e+00
qpsk,128,8,recurrence,fx:W8g0:cg8,8,0,8,ok,-7.896262e+00,3.017254e+00,3.017254e+00
qpsk,128,8,recurrence,fx:W8g4:cg1,8,4,1,ok,-7.676487e+00,3.237029e+00,2.122820e-01
qpsk,128,8,recurrence,fx:W8g4:cg2,8,4,2,ok,-1.044311e+01,4.704094e-01,4.083089e-01
qpsk,128,8,recurrence,fx:W8g4:cg3,8,4,3,ok,-1.044405e+01,4.694624e-01,4.799235e-01
qpsk,128,8,recurrence,fx:W8g4:cg4,8,4,4,ok,-1.047364e+01,4.398757e-01,4.361057e-01
qpsk,128,8,recurrence,fx:W8g4:cg6,8,4,6,ok,-1.041348e+01,5.000349e-01,5.000349e-01
qpsk,128,8,recurrence,fx:W8g4:cg8,8,4,8,ok,-1.031633e+01,5.971845e-01,5.971845e-01
qpsk,128,8,recurrence,fx:W8g8:cg1,8,8,1,ok,-7.676487e+00,3.237029e+00,2.122820e-01
qpsk,128,8,recurrence,fx:W8g8:cg2,8,8,2,ok,-1.060486e+01,3.086549e-01,2.465543e-01
qpsk,128,8,recurrence,fx:W8g8:cg3,8,8,3,ok,-1.056986e+01,3.436590e-01,3.541201e-01
qpsk,128,8,recurrence,fx:W8g8:cg4,8,8,4,ok,-1.037171e+01,5.418054e-01,5.380354e-01
qpsk,128,8,recurrence,fx:W8g8:cg6,8,8,6,ok,-9.869278e+00,1.044238e+00,1.044238e+00
qpsk,128,8,recurrence,fx:W8g8:cg8,8,8,8,ok,-9.277616e+00,1.635900e+00,1.635900e+00
qpsk,128,8,recurrence,fx:W10g0:cg1,10,0,1,ok,-7.883253e+00,3.030263e+00,5.516271e-03
qpsk,128,8,recurrence,fx:W10g0:cg2,10,0,2,ok,-8.362181e+00,2.551335e+00,2.489234e+00
qpsk,128,8,recurrence,fx:W10g0:cg3,10,0,3,ok,-1.010081e+01,8.127068e-01,8.231679e-01
qpsk,128,8,recurrence,fx:W10g0:cg4,10,0,4,ok,-1.010081e+01,8.127068e-01,8.089368e-01
qpsk,128,8,recurrence,fx:W10g0:cg6,10,0,6,ok,-1.010081e+01,8.127068e-01,8.127068e-01
qpsk,128,8,recurrence,fx:W10g0:cg8,10,0,8,ok,-1.010081e+01,8.127068e-01,8.127068e-01
qpsk,128,8,recurrence,fx:W10g4:cg1,10,4,1,ok,-7.883253e+00,3.030263e+00,5.516271e-03
qpsk,128,8,recurrence,fx:W10g4:cg2,10,4,2,ok,-1.083488e+01,7.863082e-02,1.653028e-02
qpsk,128,8,recurrence,fx:W10g4:cg3,10,4,3,ok,-1.084335e+01,7.016693e-02,8.062803e-02
qpsk,128,8,recurrence,fx:W10g4:cg4,10,4,4,ok,-1.089748e+01,1.603213e-02,1.226210e-02
qpsk,128,8,recurrence,fx:W10g4:cg6,10,4,6,ok,-1.089748e+01,1.603213e-02,1.603213e-02
qpsk,128,8,recurrence,fx:W10g4:cg8,10,4,8,ok,-1.089748e+01,1.603213e-02,1.603213e-02
qpsk,128,8,recurrence,fx:W10g8:cg1,10,8,1,ok,-7.883253e+00,3.030263e+00,5.516271e-03
qpsk,128,8,recurrence,fx:W10g8:cg2,10,8,2,ok,-1.083584e+01,7.767916e-02,1.557862e-02
qpsk,128,8,recurrence,fx:W10g8:cg3,10,8,3,ok,-1.093762e+01,-2.410457e-02,-1.364347e-02
qpsk,128,8,recurrence,fx:W10g8:cg4,10,8,4,ok,-1.095379e+01,-4.027552e-02,-4.404554e-02
qpsk,128,8,recurrence,fx:W10g8:cg6,10,8,6,ok,-1.096358e+01,-5.006480e-02,-5.006480e-02
qpsk,128,8,recurrence,fx:W10g8:cg8,10,8,8,ok,-1.095524e+01,-4.172206e-02,-4.172206e-02
qpsk,128,8,recurrence,fx:W12g0:cg1,12,0,1,ok,-7.890752e+00,3.022764e+00,-1.982402e-03
qpsk,128,8,recurrence,fx:W12g0:cg2,12,0,2,ok,-1.074329e+01,1.702219e-01,1.081213e-01
qpsk,128,8,recurrence,fx:W12g0:cg3,12,0,3,ok,-1.075107e+01,1.624467e-01,1.729078e-01
qpsk,128,8,recurrence,fx:W12g0:cg4,12,0,4,ok,-1.079508e+01,1.184343e-01,1.146642e-01
qpsk,128,8,recurrence,fx:W12g0:cg6,12,0,6,ok,-1.079859e+01,1.149226e-01,1.149226e-01
qpsk,128,8,recurrence,fx:W12g0:cg8,12,0,8,ok,-1.079859e+01,1.149226e-01,1.149226e-01
qpsk,128,8,recurrence,fx:W12g4:cg1,12,4,1,ok,-7.890752e+00,3.022764e+00,-1.982402e-03
qpsk,128,8,recurrence,fx:W12g4:cg2,12,4,2,ok,-1.085297e+01,6.054078e-02,-1.559759e-03
qpsk,128,8,recurrence,fx:W12g4:cg3,12,4,3,ok,-1.092398e+01,-1.046110e-02,0.000000e+00
qpsk,128,8,recurrence,fx:W12g4:cg4,12,4,4,ok,-1.091208e+01,1.434067e-03,-2.335958e-03
qpsk,128,8,recurrence,fx:W12g4:cg6,12,4,6,ok,-1.091033e+01,3.182801e-03,3.182801e-03
qpsk,128,8,recurrence,fx:W12g4:cg8,12,4,8,ok,-1.091033e+01,3.182801e-03,3.182801e-03
qpsk,128,8,recurrence,fx:W12g8:cg1,12,8,1,ok,-7.890752e+00,3.022764e+00,-1.982402e-03
qpsk,128,8,recurrence,fx:W12g8:cg2,12,8,2,ok,-1.084552e+01,6.799240e-02,5.891861e-03
qpsk,128,8,recurrence,fx:W12g8:cg3,12,8,3,ok,-1.090856e+01,4.951200e-03,1.541230e-02
qpsk,128,8,recurrence,fx:W12g8:cg4,12,8,4,ok,-1.093078e+01,-1.726139e-02,-2.103141e-02
qpsk,128,8,recurrence,fx:W12g8:cg6,12,8,6,ok,-1.093032e+01,-1.680149e-02,-1.680149e-02
qpsk,128,8,recurrence,fx:W12g8:cg8,12,8,8,ok,-1.093032e+01,-1.680149e-02,-1.680149e-02
qpsk,128,8,recurrence,fx:W14g0:cg1,14,0,1,ok,-7.892295e+00,3.021221e+00,-3.526052e-03
qpsk,128,8,recurrence,fx:W14g0:cg2,14,0,2,ok,-1.082965e+01,8.386964e-02,2.176910e-02
qpsk,128,8,recurrence,fx:W14g0:cg3,14,0,3,ok,-1.083062e+01,8.289285e-02,9.335396e-02
qpsk,128,8,recurrence,fx:W14g0:cg4,14,0,4,ok,-1.088107e+01,3.244130e-02,2.867128e-02
qpsk,128,8,recurrence,fx:W14g0:cg6,14,0,6,ok,-1.088107e+01,3.244130e-02,3.244130e-02
qpsk,128,8,recurrence,fx:W14g0:cg8,14,0,8,ok,-1.088107e+01,3.244130e-02,3.244130e-02
qpsk,128,8,recurrence,fx:W14g4:cg1,14,4,1,ok,-7.892295e+00,3.021221e+00,-3.526052e-03
qpsk,128,8,recurrence,fx:W14g4:cg2,14,4,2,ok,-1.085053e+01,6.298157e-02,8.810302e-04
qpsk,128,8,recurrence,fx:W14g4:cg3,14,4,3,ok,-1.090975e+01,3.770025e-03,1.423113e-02
qpsk,128,8,recurrence,fx:W14g4:cg4,14,4,4,ok,-1.090975e+01,3.770025e-03,0.000000e+00
qpsk,128,8,recurrence,fx:W14g4:cg6,14,4,6,ok,-1.090487e+01,8.648223e-03,8.648223e-03
qpsk,128,8,recurrence,fx:W14g4:cg8,14,4,8,ok,-1.090487e+01,8.648223e-03,8.648223e-03
qpsk,128,8,recurrence,fx:W14g8:cg1,14,8,1,ok,-7.892295e+00,3.021221e+00,-3.526052e-03
qpsk,128,8,recurrence,fx:W14g8:cg2,14,8,2,ok,-1.085053e+01,6.298157e-02,8.810302e-04
qpsk,128,8,recurrence,fx:W14g8:cg3,14,8,3,ok,-1.091464e+01,-1.125504e-03,9.335600e-03
qpsk,128,8,recurrence,fx:W14g8:cg4,14,8,4,ok,-1.091033e+01,3.182801e-03,-5.872232e-04
qpsk,128,8,recurrence,fx:W14g8:cg6,14,8,6,ok,-1.091033e+01,3.182801e-03,3.182801e-03
qpsk,128,8,recurrence,fx:W14g8:cg8,14,8,8,ok,-1.091033e+01,3.182801e-03,3.182801e-03
qpsk,128,8,recurrence,fx:W16g0:cg1,16,0,1,ok,-7.889069e+00,3.024447e+00,-2.997520e-04
qpsk,128,8,recurrence,fx:W16g0:cg2,16,0,2,ok,-1.084552e+01,6.799240e-02,5.891861e-03
qpsk,128,8,recurrence,fx:W16g0:cg3,16,0,3,ok,-1.091468e+01,-1.159748e-03,9.301355e-03
qpsk,128,8,recurrence,fx:W16g0:cg4,16,0,4,ok,-1.091577e+01,-2.259101e-03,-6.029126e-03
qpsk,128,8,recurrence,fx:W16g0:cg6,16,0,6,ok,-1.091577e+01,-2.259101e-03,-2.259101e-03
qpsk,128,8,recurrence,fx:W16g0:cg8,16,0,8,ok,-1.091577e+01,-2.259101e-03,-2.259101e-03
qpsk,128,8,recurrence,fx:W16g4:cg1,16,4,1,ok,-7.889069e+00,3.024447e+00,-2.997520e-04
qpsk,128,8,recurrence,fx:W16g4:cg2,16,4,2,ok,-1.085142e+01,6.210054e-02,0.000000e+00
qpsk,128,8,recurrence,fx:W16g4:cg3,16,4,3,ok,-1.092347e+01,-9.954603e-03,5.065007e-04
qpsk,128,8,recurrence,fx:W16g4:cg4,16,4,4,ok,-1.091408e+01,-5.638324e-04,-4.333857e-03
qpsk,128,8,recurrence,fx:W16g4:cg6,16,4,6,ok,-1.091848e+01,-4.968405e-03,-4.968405e-03
qpsk,128,8,recurrence,fx:W16g4:cg8,16,4,8,ok,-1.091848e+01,-4.968405e-03,-4.968405e-03
qpsk,128,8,recurrence,fx:W16g8:cg1,16,8,1,ok,-7.889069e+00,3.024447e+00,-2.997520e-04
qpsk,128,8,recurrence,fx:W16g8:cg2,16,8,2,ok,-1.085142e+01,6.210054e-02,0.000000e+00
qpsk,128,8,recurrence,fx:W16g8:cg3,16,8,3,ok,-1.092448e+01,-1.096563e-02,-5.045271e-04
qpsk,128,8,recurrence,fx:W16g8:cg4,16,8,4,ok,-1.091033e+01,3.182801e-03,-5.872232e-04
qpsk,128,8,recurrence,fx:W16g8:cg6,16,8,6,ok,-1.091033e+01,3.182801e-03,3.182801e-03
qpsk,128,8,recurrence,fx:W16g8:cg8,16,8,8,ok,-1.091033e+01,3.182801e-03,3.182801e-03
qpsk,128,8,recurrence,fx:W18g0:cg1,18,0,1,ok,-7.888171e+00,3.025345e+00,5.981048e-04
qpsk,128,8,recurrence,fx:W18g0:cg2,18,0,2,ok,-1.084733e+01,6.618687e-02,4.086324e-03
qpsk,128,8,recurrence,fx:W18g0:cg3,18,0,3,ok,-1.091033e+01,3.182801e-03,1.364390e-02
qpsk,128,8,recurrence,fx:W18g0:cg4,18,0,4,ok,-1.091033e+01,3.182801e-03,-5.872232e-04
qpsk,128,8,recurrence,fx:W18g0:cg6,18,0,6,ok,-1.091033e+01,3.182801e-03,3.182801e-03
qpsk,128,8,recurrence,fx:W18g0:cg8,18,0,8,ok,-1.091033e+01,3.182801e-03,3.182801e-03
qpsk,128,8,recurrence,fx:W18g4:cg1,18,4,1,ok,-7.888171e+00,3.025345e+00,5.981048e-04
qpsk,128,8,recurrence,fx:W18g4:cg2,18,4,2,ok,-1.085142e+01,6.210054e-02,0.000000e+00
qpsk,128,8,recurrence,fx:W18g4:cg3,18,4,3,ok,-1.092398e+01,-1.046110e-02,0.000000e+00
qpsk,128,8,recurrence,fx:W18g4:cg4,18,4,4,ok,-1.091033e+01,3.182801e-03,-5.872232e-04
qpsk,128,8,recurrence,fx:W18g4:cg6,18,4,6,ok,-1.091033e+01,3.182801e-03,3.182801e-03
qpsk,128,8,recurrence,fx:W18g4:cg8,18,4,8,ok,-1.091033e+01,3.182801e-03,3.182801e-03
qpsk,128,8,recurrence,fx:W18g8:cg1,18,8,1,ok,-7.888171e+00,3.025345e+00,5.981048e-04
qpsk,128,8,recurrence,fx:W18g8:cg2,18,8,2,ok,-1.085142e+01,6.210054e-02,0.000000e+00
qpsk,128,8,recurrence,fx:W18g8:cg3,18,8,3,ok,-1.092398e+01,-1.046110e-02,0.000000e+00
qpsk,128,8,recurrence,fx:W18g8:cg4,18,8,4,ok,-1.090975e+01,3.770025e-03,0.000000e+00
qpsk,128,8,recurrence,fx:W18g8:cg6,18,8,6,ok,-1.091352e+01,0.000000e+00,0.000000e+00
qpsk,128,8,recurrence,fx:W18g8:cg8,18,8,8,ok,-1.091352e+01,0.000000e+00,0.000000e+00
qpsk,128,8,recurrence,fx:W20g0:cg1,20,0,1,ok,-7.888769e+00,3.024747e+00,0.000000e+00
qpsk,128,8,recurrence,fx:W20g0:cg2,20,0,2,ok,-1.085142e+01,6.210054e-02,0.000000e+00
qpsk,128,8,recurrence,fx:W20g0:cg3,20,0,3,ok,-1.092347e+01,-9.954603e-03,5.065007e-04
qpsk,128,8,recurrence,fx:W20g0:cg4,20,0,4,ok,-1.091464e+01,-1.125504e-03,-4.895529e-03
qpsk,128,8,recurrence,fx:W20g0:cg6,20,0,6,ok,-1.091848e+01,-4.968405e-03,-4.968405e-03
qpsk,128,8,recurrence,fx:W20g0:cg8,20,0,8,ok,-1.091848e+01,-4.968405e-03,-4.968405e-03
qpsk,128,8,recurrence,fx:W20g4:cg1,20,4,1,ok,-7.888769e+00,3.024747e+00,0.000000e+00
qpsk,128,8,recurrence,fx:W20g4:cg2,20,4,2,ok,-1.085142e+01,6.210054e-02,0.000000e+00
qpsk,128,8,recurrence,fx:W20g4:cg3,20,4,3,ok,-1.092398e+01,-1.046110e-02,0.000000e+00
qpsk,128,8,recurrence,fx:W20g4:cg4,20,4,4,ok,-1.090548e+01,8.033842e-03,4.263818e-03
qpsk,128,8,recurrence,fx:W20g4:cg6,20,4,6,ok,-1.090548e+01,8.033842e-03,8.033842e-03
qpsk,128,8,recurrence,fx:W20g4:cg8,20,4,8,ok,-1.090548e+01,8.033842e-03,8.033842e-03
qpsk,128,8,recurrence,fx:W20g8:cg1,20,8,1,ok,-7.888769e+00,3.024747e+00,0.000000e+00
qpsk,128,8,recurrence,fx:W20g8:cg2,20,8,2,ok,-1.085142e+01,6.210054e-02,0.000000e+00
qpsk,128,8,recurrence,fx:W20g8:cg3,20,8,3,ok,-1.092398e+01,-1.046110e-02,0.000000e+00
qpsk,128,8,recurrence,fx:W20g8:cg4,20,8,4,ok,-1.090975e+01,3.770025e-03,0.000000e+00
qpsk,128,8,recurrence,fx:W20g8:cg6,20,8,6,ok,-1.091352e+01,0.000000e+00,0.000000e+00
qpsk,128,8,recurrence,fx:W20g8:cg8,20,8,8,ok,-1.091352e+01,0.000000e+00,0.000000e+00
qpsk,128,16,recurrence,zf,,,,ok,-1.063033e+01,8.542803e-03,
qpsk,128,16,recurrence,mmse,,,,ok,-1.063888e+01,0.000000e+00,
qpsk,128,16,recurrence,cg1,,,1,floor,,,
qpsk,128,16,recurrence,cg2,,,2,ok,-1.017823e+01,4.606493e-01,
qpsk,128,16,recurrence,cg3,,,3,ok,-1.061402e+01,2.485623e-02,
qpsk,128,16,recurrence,cg4,,,4,ok,-1.065498e+01,-1.610467e-02,
qpsk,128,16,recurrence,cg6,,,6,ok,-1.063587e+01,3.010722e-03,
qpsk,128,16,recurrence,cg8,,,8,ok,-1.063888e+01,0.000000e+00,
qpsk,128,16,recurrence,cg12,,,12,ok,-1.063888e+01,0.000000e+00,
qpsk,128,16,recurrence,cg16,,,16,ok,-1.063888e+01,0.000000e+00,
qpsk,128,16,recurrence,fx:W8g0:cg1,8,0,1,floor,,,
qpsk,128,16,recurrence,fx:W8g0:cg2,8,0,2,floor,,,
qpsk,128,16,recurrence,fx:W8g0:cg3,8,0,3,ok,-8.048052e+00,2.590824e+00,2.565968e+00
qpsk,128,16,recurrence,fx:W8g0:cg4,8,0,4,ok,-8.048052e+00,2.590824e+00,2.606929e+00
qpsk,128,16,recurrence,fx:W8g0:cg6,8,0,6,ok,-8.048052e+00,2.590824e+00,2.587813e+00
qpsk,128,16,recurrence,fx:W8g0:cg8,8,0,8,ok,-8.048052e+00,2.590824e+00,2.590824e+00
qpsk,128,16,recurrence,fx:W8g0:cg12,8,0,12,ok,-8.048052e+00,2.590824e+00,2.590824e+00
qpsk,128,16,recurrence,fx:W8g0:cg16,8,0,16,ok,-8.048052e+00,2.590824e+00,2.590824e+00
qpsk,128,16,recurrence,fx:W8g4:cg1,8,4,1,floor,,,
qpsk,128,16,recurrence,fx:W8g4:cg2,8,4,2,ok,-9.818264e+00,8.206114e-01,3.599621e-01
qpsk,128,16,recurrence,fx:W8g4:cg3,8,4,3,ok,-1.000982e+01,6.290554e-01,6.041991e-01
qpsk,128,16,recurrence,fx:W8g4:cg4,8,4,4,ok,-9.962046e+00,6.768294e-01,6.929341e-01
qpsk,128,16,recurrence,fx:W8g4:cg6,8,4,6,ok,-9.448266e+00,1.190610e+00,1.187599e+00
qpsk,128,16,recurrence,fx:W8g4:cg8,8,4,8,floor,,,
qpsk,128,16,recurrence,fx:W8g4:cg12,8,4,12,floor,,,
qpsk,128,16,recurrence,fx:W8g4:cg16,8,4,16,floor,,,
qpsk,128,16,recurrence,fx:W8g8:cg1,8,8,1,floor,,,
qpsk,128,16,recurrence,fx:W8g8:cg2,8,8,2,ok,-9.818046e+00,8.208303e-01,3.601810e-01
qpsk,128,16,recurrence,fx:W8g8:cg3,8,8,3,ok,-1.009153e+01,5.473443e-01,5.224881e-01
qpsk,128,16,recurrence,fx:W8g8:cg4,8,8,4,ok,-9.803247e+00,8.356284e-01,8.517331e-01
qpsk,128,16,recurrence,fx:W8g8:cg6,8,8,6,ok,-9.190893e+00,1.447982e+00,1.444972e+00
qpsk,128,16,recurrence,fx:W8g8:cg8,8,8,8,ok,-8.575347e+00,2.063529e+00,2.063529e+00
qpsk,128,16,recurrence,fx:W8g8:cg12,8,8,12,floor,,,
qpsk,128,16,recurrence,fx:W8g8:cg16,8,8,16,floor,,,
qpsk,128,16,recurrence,fx:W10g0:cg1,10,0,1,floor,,,
qpsk,128,16,recurrence,fx:W10g0:cg2,10,0,2,ok,-1.001224e+01,6.266342e-01,1.659849e-01
qpsk,128,16,recurrence,fx:W10g0:cg3,10,0,3,ok,-1.002037e+01,6.185083e-01,5.936521e-01
qpsk,128,16,recurrence,fx:W10g0:cg4,10,0,4,ok,-1.012667e+01,5.122058e-01,5.283105e-01
qpsk,128,16,recurrence,fx:W10g0:cg6,10,0,6,ok,-1.013315e+01,5.057235e-01,5.027127e-01
qpsk,128,16,recurrence,fx:W10g0:cg8,10,0,8,ok,-1.013315e+01,5.057235e-01,5.057235e-01
qpsk,128,16,recurrence,fx:W10g0:cg12,10,0,12,ok,-1.013315e+01,5.057235e-01,5.057235e-01
qpsk,128,16,recurrence,fx:W10g0:cg16,10,0,16,ok,-1.013315e+01,5.057235e-01,5.057235e-01
qpsk,128,16,recurrence,fx:W10g4:cg1,10,4,1,floor,,,
qpsk,128,16,recurrence,fx:W10g4:cg2,10,4,2,ok,-1.015017e+01,4.887085e-01,2.805920e-02
qpsk,128,16,recurrence,fx:W10g4:cg3,10,4,3,ok,-1.055813e+01,8.074347e-02,5.588724e-02
qpsk,128,16,recurrence,fx:W10g4:cg4,10,4,4,ok,-1.055897e+01,7.990407e-02,9.600874e-02
qpsk,128,16,recurrence,fx:W10g4:cg6,10,4,6,ok,-1.057318e+01,6.569939e-02,6.268867e-02
qpsk,128,16,recurrence,fx:W10g4:cg8,10,4,8,ok,-1.057065e+01,6.822893e-02,6.822893e-02
qpsk,128,16,recurrence,fx:W10g4:cg12,10,4,12,ok,-1.057065e+01,6.822893e-02,6.822893e-02
qpsk,128,16,recurrence,fx:W10g4:cg16,10,4,16,ok,-1.057318e+01,6.569939e-02,6.569939e-02
qpsk,128,16,recurrence,fx:W10g8:cg1,10,8,1,floor,,,
qpsk,128,16,recurrence,fx:W10g8:cg2,10,8,2,ok,-1.016507e+01,4.738039e-01,1.315464e-02
qpsk,128,16,recurrence,fx:W10g8:cg3,10,8,3,ok,-1.058356e+01,5.531198e-02,3.045575e-02
qpsk,128,16,recurrence,fx:W10g8:cg4,10,8,4,ok,-1.064787e+01,-8.991008e-03,7.113665e-03
qpsk,128,16,recurrence,fx:W10g8:cg6,10,8,6,ok,-1.062402e+01,1.485167e-02,1.184095e-02
qpsk,128,16,recurrence,fx:W10g8:cg8,10,8,8,ok,-1.059191e+01,4.696391e-02,4.696391e-02
qpsk,128,16,recurrence,fx:W10g8:cg12,10,8,12,ok,-1.050976e+01,1.291137e-01,1.291137e-01
qpsk,128,16,recurrence,fx:W10g8:cg16,10,8,16,ok,-8.595773e+00,2.043103e+00,2.043103e+00
qpsk,128,16,recurrence,fx:W12g0:cg1,12,0,1,floor,,,
qpsk,128,16,recurrence,fx:W12g0:cg2,12,0,2,ok,-1.017646e+01,4.624186e-01,1.769350e-03
qpsk,128,16,recurrence,fx:W12g0:cg3,12,0,3,ok,-1.029978e+01,3.391005e-01,3.142442e-01
qpsk,128,16,recurrence,fx:W12g0:cg4,12,0,4,ok,-1.050932e+01,1.295552e-01,1.456599e-01
qpsk,128,16,recurrence,fx:W12g0:cg6,12,0,6,ok,-1.050932e+01,1.295552e-01,1.265445e-01
qpsk,128,16,recurrence,fx:W12g0:cg8,12,0,8,ok,-1.050932e+01,1.295552e-01,1.295552e-01
qpsk,128,16,recurrence,fx:W12g0:cg12,12,0,12,ok,-1.050932e+01,1.295552e-01,1.295552e-01
qpsk,128,16,recurrence,fx:W12g0:cg16,12,0,16,ok,-1.050932e+01,1.295552e-01,1.295552e-01
qpsk,128,16,recurrence,fx:W12g4:cg1,12,4,1,floor,,,
qpsk,128,16,recurrence,fx:W12g4:cg2,12,4,2,ok,-1.016589e+01,4.729899e-01,1.234061e-02
qpsk,128,16,recurrence,fx:W12g4:cg3,12,4,3,ok,-1.063281e+01,6.061198e-03,-1.879503e-02
qpsk,128,16,recurrence,fx:W12g4:cg4,12,4,4,ok,-1.065252e+01,-1.364158e-02,2.463089e-03
qpsk,128,16,recurrence,fx:W12g4:cg6,12,4,6,ok,-1.067337e+01,-3.449690e-02,-3.750762e-02
qpsk,128,16,recurrence,fx:W12g4:cg8,12,4,8,ok,-1.067337e+01,-3.449690e-02,-3.449690e-02
qpsk,128,16,recurrence,fx:W12g4:cg12,12,4,12,ok,-1.067337e+01,-3.449690e-02,-3.449690e-02
qpsk,128,16,recurrence,fx:W12g4:cg16,12,4,16,ok,-1.067337e+01,-3.449690e-02,-3.449690e-02
qpsk,128,16,recurrence,fx:W12g8:cg1,12,8,1,floor,,,
qpsk,128,16,recurrence,fx:W12g8:cg2,12,8,2,ok,-1.017497e+01,4.639021e-01,3.252879e-03
qpsk,128,16,recurrence,fx:W12g8:cg3,12,8,3,ok,-1.061991e+01,1.896751e-02,-5.888723e-03
qpsk,128,16,recurrence,fx:W12g8:cg4,12,8,4,ok,-1.065880e+01,-1.992092e-02,-3.816243e-03
qpsk,128,16,recurrence,fx:W12g8:cg6,12,8,6,ok,-1.066953e+01,-3.064944e-02,-3.366016e-02
qpsk,128,16,recurrence,fx:W12g8:cg8,12,8,8,ok,-1.067194e+01,-3.306006e-02,-3.306006e-02
qpsk,128,16,recurrence,fx:W12g8:cg12,12,8,12,ok,-1.065378e+01,-1.490793e-02,-1.490793e-02
qpsk,128,16,recurrence,fx:W12g8:cg16,12,8,16,ok,-9.813818e+00,8.250579e-01,8.250579e-01
qpsk,128,16,recurrence,fx:W14g0:cg1,14,0,1,floor,,,
qpsk,128,16,recurrence,fx:W14g0:cg2,14,0,2,ok,-1.017890e+01,4.599764e-01,-6.728770e-04
qpsk,128,16,recurrence,fx:W14g0:cg3,14,0,3,ok,-1.060011e+01,3.876229e-02,1.390606e-02
qpsk,128,16,recurrence,fx:W14g0:cg4,14,0,4,ok,-1.060562e+01,3.325477e-02,4.935944e-02
qpsk,128,16,recurrence,fx:W14g0:cg6,14,0,6,ok,-1.061623e+01,2.264175e-02,1.963102e-02
qpsk,128,16,recurrence,fx:W14g0:cg8,14,0,8,ok,-1.061623e+01,2.264175e-02,2.264175e-02
qpsk,128,16,recurrence,fx:W14g0:cg12,14,0,12,ok,-1.061623e+01,2.264175e-02,2.264175e-02
qpsk,128,16,recurrence,fx:W14g0:cg16,14,0,16,ok,-1.061623e+01,2.264175e-02,2.264175e-02
qpsk,128,16,recurrence,fx:W14g4:cg1,14,4,1,floor,,,
qpsk,128,16,recurrence,fx:W14g4:cg2,14,4,2,ok,-1.017308e+01,4.657967e-01,5.147485e-03
qpsk,128,16,recurrence,fx:W14g4:cg3,14,4,3,ok,-1.062254e+01,1.633603e-02,-8.520200e-03
qpsk,128,16,recurrence,fx:W14g4:cg4,14,4,4,ok,-1.065004e+01,-1.116259e-02,4.942081e-03
qpsk,128,16,recurrence,fx:W14g4:cg6,14,4,6,ok,-1.064818e+01,-9.303726e-03,-1.231445e-02
qpsk,128,16,recurrence,fx:W14g4:cg8,14,4,8,ok,-1.064503e+01,-6.156169e-03,-6.156169e-03
qpsk,128,16,recurrence,fx:W14g4:cg12,14,4,12,ok,-1.064503e+01,-6.156169e-03,-6.156169e-03
qpsk,128,16,recurrence,fx:W14g4:cg16,14,4,16,ok,-1.064503e+01,-6.156169e-03,-6.156169e-03
qpsk,128,16,recurrence,fx:W14g8:cg1,14,8,1,floor,,,
qpsk,128,16,recurrence,fx:W14g8:cg2,14,8,2,ok,-1.017308e+01,4.657967e-01,5.147485e-03
qpsk,128,16,recurrence,fx:W14g8:cg3,14,8,3,ok,-1.061643e+01,2.244510e-02,-2.411132e-03
qpsk,128,16,recurrence,fx:W14g8:cg4,14,8,4,ok,-1.064754e+01,-8.667531e-03,7.437143e-03
qpsk,128,16,recurrence,fx:W14g8:cg6,14,8,6,ok,-1.065317e+01,-1.428963e-02,-1.730035e-02
qpsk,128,16,recurrence,fx:W14g8:cg8,14,8,8,ok,-1.064141e+01,-2.530703e-03,-2.530703e-03
qpsk,128,16,recurrence,fx:W14g8:cg12,14,8,12,ok,-1.064141e+01,-2.530703e-03,-2.530703e-03
qpsk,128,16,recurrence,fx:W14g8:cg16,14,8,16,ok,-1.064141e+01,-2.530703e-03,-2.530703e-03
qpsk,128,16,recurrence,fx:W16g0:cg1,16,0,1,floor,,,
qpsk,128,16,recurrence,fx:W16g0:cg2,16,0,2,ok,-1.017758e+01,4.612918e-01,6.425329e-04
qpsk,128,16,recurrence,fx:W16g0:cg3,16,0,3,ok,-1.062028e+01,1.859839e-02,-6.257843e-03
qpsk,128,16,recurrence,fx:W16g0:cg4,16,0,4,ok,-1.061623e+01,2.264175e-02,3.874642e-02
qpsk,128,16,recurrence,fx:W16g0:cg6,16,0,6,ok,-1.063760e+01,1.278674e-03,-1.732048e-03
qpsk,128,16,recurrence,fx:W16g0:cg8,16,0,8,ok,-1.063760e+01,1.278674e-03,1.278674e-03
qpsk,128,16,recurrence,fx:W16g0:cg12,16,0,12,ok,-1.063760e+01,1.278674e-03,1.278674e-03
qpsk,128,16,recurrence,fx:W16g0:cg16,16,0,16,ok,-1.063760e+01,1.278674e-03,1.278674e-03
qpsk,128,16,recurrence,fx:W16g4:cg1,16,4,1,floor,,,
qpsk,128,16,recurrence,fx:W16g4:cg2,16,4,2,ok,-1.017823e+01,4.606493e-01,0.000000e+00
qpsk,128,16,recurrence,fx:W16g4:cg3,16,4,3,ok,-1.061402e+01,2.485623e-02,0.000000e+00
qpsk,128,16,recurrence,fx:W16g4:cg4,16,4,4,ok,-1.065563e+01,-1.675820e-02,-6.535294e-04
qpsk,128,16,recurrence,fx:W16g4:cg6,16,4,6,ok,-1.065317e+01,-1.428963e-02,-1.730035e-02
qpsk,128,16,recurrence,fx:W16g4:cg8,16,4,8,ok,-1.065317e+01,-1.428963e-02,-1.428963e-02
qpsk,128,16,recurrence,fx:W16g4:cg12,16,4,12,ok,-1.065317e+01,-1.428963e-02,-1.428963e-02
qpsk,128,16,recurrence,fx:W16g4:cg16,16,4,16,ok,-1.065317e+01,-1.428963e-02,-1.428963e-02
qpsk,128,16,recurrence,fx:W16g8:cg1,16,8,1,floor,,,
qpsk,128,16,recurrence,fx:W16g8:cg2,16,8,2,ok,-1.017823e+01,4.606493e-01,0.000000e+00
qpsk,128,16,recurrence,fx:W16g8:cg3,16,8,3,ok,-1.061694e+01,2.193359e-02,-2.922644e-03
qpsk,128,16,recurrence,fx:W16g8:cg4,16,8,4,ok,-1.065498e+01,-1.610467e-02,0.000000e+00
qpsk,128,16,recurrence,fx:W16g8:cg6,16,8,6,ok,-1.064754e+01,-8.667531e-03,-1.167825e-02
qpsk,128,16,recurrence,fx:W16g8:cg8,16,8,8,ok,-1.064754e+01,-8.667531e-03,-8.667531e-03
qpsk,128,16,recurrence,fx:W16g8:cg12,16,8,12,ok,-1.064754e+01,-8.667531e-03,-8.667531e-03
qpsk,128,16,recurrence,fx:W16g8:cg16,16,8,16,ok,-1.064754e+01,-8.667531e-03,-8.667531e-03
qpsk,128,16,recurrence,fx:W18g0:cg1,18,0,1,floor,,,
qpsk,128,16,recurrence,fx:W18g0:cg2,18,0,2,ok,-1.017823e+01,4.606493e-01,0.000000e+00
qpsk,128,16,recurrence,fx:W18g0:cg3,18,0,3,ok,-1.061114e+01,2.773717e-02,2.880943e-03
qpsk,128,16,recurrence,fx:W18g0:cg4,18,0,4,ok,-1.065252e+01,-1.364158e-02,2.463089e-03
qpsk,128,16,recurrence,fx:W18g0:cg6,18,0,6,ok,-1.064887e+01,-9.991181e-03,-1.300190e-02
qpsk,128,16,recurrence,fx:W18g0:cg8,18,0,8,ok,-1.064887e+01,-9.991181e-03,-9.991181e-03
qpsk,128,16,recurrence,fx:W18g0:cg12,18,0,12,ok,-1.064887e+01,-9.991181e-03,-9.991181e-03
qpsk,128,16,recurrence,fx:W18g0:cg16,18,0,16,ok,-1.064887e+01,-9.991181e-03,-9.991181e-03
qpsk,128,16,recurrence,fx:W18g4:cg1,18,4,1,floor,,,
qpsk,128,16,recurrence,fx:W18g4:cg2,18,4,2,ok,-1.017823e+01,4.606493e-01,0.000000e+00
qpsk,128,16,recurrence,fx:W18g4:cg3,18,4,3,ok,-1.061402e+01,2.485623e-02,0.000000e+00
qpsk,128,16,recurrence,fx:W18g4:cg4,18,4,4,ok,-1.065498e+01,-1.610467e-02,0.000000e+00
qpsk,128,16,recurrence,fx:W18g4:cg6,18,4,6,ok,-1.064193e+01,-3.055553e-03,-6.066275e-03
qpsk,128,16,recurrence,fx:W18g4:cg8,18,4,8,ok,-1.063888e+01,0.000000e+00,0.000000e+00
qpsk,128,16,recurrence,fx:W18g4:cg12,18,4,12,ok,-1.063888e+01,0.000000e+00,0.000000e+00
qpsk,128,16,recurrence,fx:W18g4:cg16,18,4,16,ok,-1.063888e+01,0.000000e+00,0.000000e+00
qpsk,128,16,recurrence,fx:W18g8:cg1,18,8,1,floor,,,
qpsk,128,16,recurrence,fx:W18g8:cg2,18,8,2,ok,-1.017823e+01,4.606493e-01,0.000000e+00
qpsk,128,16,recurrence,fx:W18g8:cg3,18,8,3,ok,-1.061402e+01,2.485623e-02,0.000000e+00
qpsk,128,16,recurrence,fx:W18g8:cg4,18,8,4,ok,-1.065498e+01,-1.610467e-02,0.000000e+00
qpsk,128,16,recurrence,fx:W18g8:cg6,18,8,6,ok,-1.063587e+01,3.010722e-03,0.000000e+00
qpsk,128,16,recurrence,fx:W18g8:cg8,18,8,8,ok,-1.063587e+01,3.010722e-03,3.010722e-03
qpsk,128,16,recurrence,fx:W18g8:cg12,18,8,12,ok,-1.063587e+01,3.010722e-03,3.010722e-03
qpsk,128,16,recurrence,fx:W18g8:cg16,18,8,16,ok,-1.063587e+01,3.010722e-03,3.010722e-03
qpsk,128,16,recurrence,fx:W20g0:cg1,20,0,1,floor,,,
qpsk,128,16,recurrence,fx:W20g0:cg2,20,0,2,ok,-1.017823e+01,4.606493e-01,0.000000e+00
qpsk,128,16,recurrence,fx:W20g0:cg3,20,0,3,ok,-1.061114e+01,2.773717e-02,2.880943e-03
qpsk,128,16,recurrence,fx:W20g0:cg4,20,0,4,ok,-1.065252e+01,-1.364158e-02,2.463089e-03
qpsk,128,16,recurrence,fx:W20g0:cg6,20,0,6,ok,-1.065004e+01,-1.116259e-02,-1.417331e-02
qpsk,128,16,recurrence,fx:W20g0:cg8,20,0,8,ok,-1.065004e+01,-1.116259e-02,-1.116259e-02
qpsk,128,16,recurrence,fx:W20g0:cg12,20,0,12,ok,-1.065004e+01,-1.116259e-02,-1.116259e-02
qpsk,128,16,recurrence,fx:W20g0:cg16,20,0,16,ok,-1.065004e+01,-1.116259e-02,-1.116259e-02
qpsk,128,16,recurrence,fx:W20g4:cg1,20,4,1,floor,,,
qpsk,128,16,recurrence,fx:W20g4:cg2,20,4,2,ok,-1.017823e+01,4.606493e-01,0.000000e+00
qpsk,128,16,recurrence,fx:W20g4:cg3,20,4,3,ok,-1.061402e+01,2.485623e-02,0.000000e+00
qpsk,128,16,recurrence,fx:W20g4:cg4,20,4,4,ok,-1.065498e+01,-1.610467e-02,0.000000e+00
qpsk,128,16,recurrence,fx:W20g4:cg6,20,4,6,ok,-1.063587e+01,3.010722e-03,0.000000e+00
qpsk,128,16,recurrence,fx:W20g4:cg8,20,4,8,ok,-1.063888e+01,0.000000e+00,0.000000e+00
qpsk,128,16,recurrence,fx:W20g4:cg12,20,4,12,ok,-1.063888e+01,0.000000e+00,0.000000e+00
qpsk,128,16,recurrence,fx:W20g4:cg16,20,4,16,ok,-1.063888e+01,0.000000e+00,0.000000e+00
qpsk,128,16,recurrence,fx:W20g8:cg1,20,8,1,floor,,,
qpsk,128,16,recurrence,fx:W20g8:cg2,20,8,2,ok,-1.017823e+01,4.606493e-01,0.000000e+00
qpsk,128,16,recurrence,fx:W20g8:cg3,20,8,3,ok,-1.061402e+01,2.485623e-02,0.000000e+00
qpsk,128,16,recurrence,fx:W20g8:cg4,20,8,4,ok,-1.065498e+01,-1.610467e-02,0.000000e+00
qpsk,128,16,recurrence,fx:W20g8:cg6,20,8,6,ok,-1.063587e+01,3.010722e-03,0.000000e+00
qpsk,128,16,recurrence,fx:W20g8:cg8,20,8,8,ok,-1.063888e+01,0.000000e+00,0.000000e+00
qpsk,128,16,recurrence,fx:W20g8:cg12,20,8,12,ok,-1.063888e+01,0.000000e+00,0.000000e+00
qpsk,128,16,recurrence,fx:W20g8:cg16,20,8,16,ok,-1.063888e+01,0.000000e+00,0.000000e+00
16qam,32,4,recurrence,zf,,,,ok,2.293606e+00,1.494805e-02,
16qam,32,4,recurrence,mmse,,,,ok,2.278658e+00,0.000000e+00,
16qam,32,4,recurrence,cg1,,,1,floor,,,
16qam,32,4,recurrence,cg2,,,2,ok,4.827264e+00,2.548606e+00,
16qam,32,4,recurrence,cg3,,,3,ok,2.338762e+00,6.010400e-02,
16qam,32,4,recurrence,cg4,,,4,ok,2.278658e+00,0.000000e+00,
16qam,32,4,recurrence,fx:W8g0:cg1,8,0,1,floor,,,
16qam,32,4,recurrence,fx:W8g0:cg2,8,0,2,floor,,,
16qam,32,4,recurrence,fx:W8g0:cg3,8,0,3,floor,,,
16qam,32,4,recurrence,fx:W8g0:cg4,8,0,4,floor,,,
16qam,32,4,recurrence,fx:W8g4:cg1,8,4,1,floor,,,
16qam,32,4,recurrence,fx:W8g4:cg2,8,4,2,floor,,,
16qam,32,4,recurrence,fx:W8g4:cg3,8,4,3,floor,,,
16qam,32,4,recurrence,fx:W8g4:cg4,8,4,4,floor,,,
16qam,32,4,recurrence,fx:W8g8:cg1,8,8,1,floor,,,
16qam,32,4,recurrence,fx:W8g8:cg2,8,8,2,floor,,,
16qam,32,4,recurrence,fx:W8g8:cg3,8,8,3,floor,,,
16qam,32,4,recurrence,fx:W8g8:cg4,8,8,4,floor,,,
16qam,32,4,recurrence,fx:W10g0:cg1,10,0,1,floor,,,
16qam,32,4,recurrence,fx:W10g0:cg2,10,0,2,floor,,,
16qam,32,4,recurrence,fx:W10g0:cg3,10,0,3,floor,,,
16qam,32,4,recurrence,fx:W10g0:cg4,10,0,4,floor,,,
16qam,32,4,recurrence,fx:W10g4:cg1,10,4,1,floor,,,
16qam,32,4,recurrence,fx:W10g4:cg2,10,4,2,ok,5.522532e+00,3.243874e+00,6.952681e-01
16qam,32,4,recurrence,fx:W10g4:cg3,10,4,3,ok,4.497960e+00,2.219303e+00,2.159199e+00
16qam,32,4,recurrence,fx:W10g4:cg4,10,4,4,ok,3.336010e+00,1.057352e+00,1.057352e+00
16qam,32,4,recurrence,fx:W10g8:cg1,10,8,1,floor,,,
16qam,32,4,recurrence,fx:W10g8:cg2,10,8,2,ok,4.971791e+00,2.693133e+00,1.445266e-01
16qam,32,4,recurrence,fx:W10g8:cg3,10,8,3,ok,2.526600e+00,2.479423e-01,1.878383e-01
16qam,32,4,recurrence,fx:W10g8:cg4,10,8,4,ok,2.554414e+00,2.757569e-01,2.757569e-01
16qam,32,4,recurrence,fx:W12g0:cg1,12,0,1,floor,,,
16qam,32,4,recurrence,fx:W12g0:cg2,12,0,2,floor,,,
16qam,32,4,recurrence,fx:W12g0:cg3,12,0,3,floor,,,
16qam,32,4,recurrence,fx:W12g0:cg4,12,0,4,floor,,,
16qam,32,4,recurrence,fx:W12g4:cg1,12,4,1,floor,,,
16qam,32,4,recurrence,fx:W12g4:cg2,12,4,2,ok,4.863662e+00,2.585005e+00,3.639840e-02
16qam,32,4,recurrence,fx:W12g4:cg3,12,4,3,ok,2.711119e+00,4.324618e-01,3.723578e-01
16qam,32,4,recurrence,fx:W12g4:cg4,12,4,4,ok,2.491590e+00,2.129320e-01,2.129320e-01
16qam,32,4,recurrence,fx:W12g8:cg1,12,8,1,floor,,,
16qam,32,4,recurrence,fx:W12g8:cg2,12,8,2,ok,4.843729e+00,2.565071e+00,1.646470e-02
16qam,32,4,recurrence,fx:W12g8:cg3,12,8,3,ok,2.379723e+00,1.010650e-01,4.096099e-02
16qam,32,4,recurrence,fx:W12g8:cg4,12,8,4,ok,2.330475e+00,5.181716e-02,5.181716e-02
16qam,32,4,recurrence,fx:W14g0:cg1,14,0,1,floor,,,
16qam,32,4,recurrence,fx:W14g0:cg2,14,0,2,ok,5.319158e+00,3.040500e+00,4.918939e-01
16qam,32,4,recurrence,fx:W14g0:cg3,14,0,3,ok,4.424157e+00,2.145500e+00,2.085396e+00
16qam,32,4,recurrence,fx:W14g0:cg4,14,0,4,ok,3.249856e+00,9.711983e-01,9.711983e-01
16qam,32,4,recurrence,fx:W14g4:cg1,14,4,1,floor,,,
16qam,32,4,recurrence,fx:W14g4:cg2,14,4,2,ok,4.830599e+00,2.551942e+00,3.335557e-03
16qam,32,4,recurrence,fx:W14g4:cg3,14,4,3,ok,2.367102e+00,8.844462e-02,2.834062e-02
16qam,32,4,recurrence,fx:W14g4:cg4,14,4,4,ok,2.338762e+00,6.010400e-02,6.010400e-02
16qam,32,4,recurrence,fx:W14g8:cg1,14,8,1,floor,,,
16qam,32,4,recurrence,fx:W14g8:cg2,14,8,2,ok,4.829168e+00,2.550510e+00,1.904040e-03
16qam,32,4,recurrence,fx:W14g8:cg3,14,8,3,ok,2.333148e+00,5.449039e-02,-5.613612e-03
16qam,32,4,recurrence,fx:W14g8:cg4,14,8,4,ok,2.283598e+00,4.940590e-03,4.940590e-03
16qam,32,4,recurrence,fx:W16g0:cg1,16,0,1,floor,,,
16qam,32,4,recurrence,fx:W16g0:cg2,16,0,2,ok,4.849320e+00,2.570662e+00,2.205603e-02
16qam,32,4,recurrence,fx:W16g0:cg3,16,0,3,ok,2.709832e+00,4.311748e-01,3.710708e-01
16qam,32,4,recurrence,fx:W16g0:cg4,16,0,4,ok,2.488416e+00,2.097583e-01,2.097583e-01
16qam,32,4,recurrence,fx:W16g4:cg1,16,4,1,floor,,,
16qam,32,4,recurrence,fx:W16g4:cg2,16,4,2,ok,4.826798e+00,2.548141e+00,-4.656135e-04
16qam,32,4,recurrence,fx:W16g4:cg3,16,4,3,ok,2.333925e+00,5.526770e-02,-4.836307e-03
16qam,32,4,recurrence,fx:W16g4:cg4,16,4,4,ok,2.278658e+00,0.000000e+00,0.000000e+00
16qam,32,4,recurrence,fx:W16g8:cg1,16,8,1,floor,,,
16qam,32,4,recurrence,fx:W16g8:cg2,16,8,2,ok,4.826495e+00,2.547837e+00,-7.691810e-04
16qam,32,4,recurrence,fx:W16g8:cg3,16,8,3,ok,2.336336e+00,5.767806e-02,-2.425943e-03
16qam,32,4,recurrence,fx:W16g8:cg4,16,8,4,ok,2.290107e+00,1.144942e-02,1.144942e-02
16qam,32,4,recurrence,fx:W18g0:cg1,18,0,1,floor,,,
16qam,32,4,recurrence,fx:W18g0:cg2,18,0,2,ok,4.826843e+00,2.548186e+00,-4.205776e-04
16qam,32,4,recurrence,fx:W18g0:cg3,18,0,3,ok,2.358069e+00,7.941105e-02,1.930705e-02
16qam,32,4,recurrence,fx:W18g0:cg4,18,0,4,ok,2.324253e+00,4.559493e-02,4.559493e-02
16qam,32,4,recurrence,fx:W18g4:cg1,18,4,1,floor,,,
16qam,32,4,recurrence,fx:W18g4:cg2,18,4,2,ok,4.826542e+00,2.547885e+00,-7.216065e-04
16qam,32,4,recurrence,fx:W18g4:cg3,18,4,3,ok,2.338762e+00,6.010400e-02,0.000000e+00
16qam,32,4,recurrence,fx:W18g4:cg4,18,4,4,ok,2.283593e+00,4.935472e-03,4.935472e-03
16qam,32,4,recurrence,fx:W18g8:cg1,18,8,1,floor,,,
16qam,32,4,recurrence,fx:W18g8:cg2,18,8,2,ok,4.827264e+00,2.548606e+00,0.000000e+00
16qam,32,4,recurrence,fx:W18g8:cg3,18,8,3,ok,2.341913e+00,6.325583e-02,3.151827e-03
16qam,32,4,recurrence,fx:W18g8:cg4,18,8,4,ok,2.284386e+00,5.728780e-03,5.728780e-03
16qam,32,4,recurrence,fx:W20g0:cg1,20,0,1,floor,,,
16qam,32,4,recurrence,fx:W20g0:cg2,20,0,2,ok,4.825660e+00,2.547003e+00,-1.603594e-03
16qam,32,4,recurrence,fx:W20g0:cg3,20,0,3,ok,2.325153e+00,4.649581e-02,-1.360820e-02
16qam,32,4,recurrence,fx:W20g0:cg4,20,0,4,ok,2.279280e+00,6.220630e-04,6.220630e-04
16qam,32,4,recurrence,fx:W20g4:cg1,20,4,1,floor,,,
16qam,32,4,recurrence,fx:W20g4:cg2,20,4,2,ok,4.826333e+00,2.547675e+00,-9.308319e-04
16qam,32,4,recurrence,fx:W20g4:cg3,20,4,3,ok,2.345020e+00,6.636193e-02,6.257930e-03
16qam,32,4,recurrence,fx:W20g4:cg4,20,4,4,ok,2.284386e+00,5.728780e-03,5.728780e-03
16qam,32,4,recurrence,fx:W20g8:cg1,20,8,1,floor,,,
16qam,32,4,recurrence,fx:W20g8:cg2,20,8,2,ok,4.826798e+00,2.548141e+00,-4.656135e-04
16qam,32,4,recurrence,fx:W20g8:cg3,20,8,3,ok,2.338762e+00,6.010400e-02,0.000000e+00
16qam,32,4,recurrence,fx:W20g8:cg4,20,8,4,ok,2.278658e+00,0.000000e+00,0.000000e+00
16qam,32,8,recurrence,zf,,,,ok,3.018784e+00,6.203157e-03,
16qam,32,8,recurrence,mmse,,,,ok,3.012581e+00,0.000000e+00,
16qam,32,8,recurrence,cg1,,,1,floor,,,
16qam,32,8,recurrence,cg2,,,2,floor,,,
16qam,32,8,recurrence,cg3,,,3,ok,5.927536e+00,2.914955e+00,
16qam,32,8,recurrence,cg4,,,4,ok,3.262148e+00,2.495670e-01,
16qam,32,8,recurrence,cg6,,,6,ok,2.999424e+00,-1.315690e-02,
16qam,32,8,recurrence,cg8,,,8,ok,3.012581e+00,0.000000e+00,
16qam,32,8,recurrence,fx:W8g0:cg1,8,0,1,floor,,,
16qam,32,8,recurrence,fx:W8g0:cg2,8,0,2,floor,,,
16qam,32,8,recurrence,fx:W8g0:cg3,8,0,3,floor,,,
16qam,32,8,recurrence,fx:W8g0:cg4,8,0,4,floor,,,
16qam,32,8,recurrence,fx:W8g0:cg6,8,0,6,floor,,,
16qam,32,8,recurrence,fx:W8g0:cg8,8,0,8,floor,,,
16qam,32,8,recurrence,fx:W8g4:cg1,8,4,1,floor,,,
16qam,32,8,recurrence,fx:W8g4:cg2,8,4,2,floor,,,
16qam,32,8,recurrence,fx:W8g4:cg3,8,4,3,floor,,,
16qam,32,8,recurrence,fx:W8g4:cg4,8,4,4,floor,,,
16qam,32,8,recurrence,fx:W8g4:cg6,8,4,6,floor,,,
16qam,32,8,recurrence,fx:W8g4:cg8,8,4,8,floor,,,
16qam,32,8,recurrence,fx:W8g8:cg1,8,8,1,floor,,,
16qam,32,8,recurrence,fx:W8g8:cg2,8,8,2,floor,,,
16qam,32,8,recurrence,fx:W8g8:cg3,8,8,3,floor,,,
16qam,32,8,recurrence,fx:W8g8:cg4,8,8,4,floor,,,
16qam,32,8,recurrence,fx:W8g8:cg6,8,8,6,floor,,,
16qam,32,8,recurrence,fx:W8g8:cg8,8,8,8,floor,,,
16qam,32,8,recurrence,fx:W10g0:cg1,10,0,1,floor,,,
16qam,32,8,recurrence,fx:W10g0:cg2,10,0,2,floor,,,
16qam,32,8,recurrence,fx:W10g0:cg3,10,0,3,floor,,,
16qam,32,8,recurrence,fx:W10g0:cg4,10,0,4,floor,,,
16qam,32,8,recurrence,fx:W10g0:cg6,10,0,6,floor,,,
16qam,32,8,recurrence,fx:W10g0:cg8,10,0,8,floor,,,
16qam,32,8,recurrence,fx:W10g4:cg1,10,4,1,floor,,,
16qam,32,8,recurrence,fx:W10g4:cg2,10,4,2,floor,,,
16qam,32,8,recurrence,fx:W10g4:cg3,10,4,3,ok,7.138450e+00,4.125869e+00,1.210914e+00
16qam,32,8,recurrence,fx:W10g4:cg4,10,4,4,ok,5.983749e+00,2.971169e+00,2.721602e+00
16qam,32,8,recurrence,fx:W10g4:cg6,10,4,6,ok,5.395771e+00,2.383191e+00,2.396348e+00
16qam,32,8,recurrence,fx:W10g4:cg8,10,4,8,ok,6.876764e+00,3.864184e+00,3.864184e+00
16qam,32,8,recurrence,fx:W10g8:cg1,10,8,1,floor,,,
16qam,32,8,recurrence,fx:W10g8:cg2,10,8,2,floor,,,
16qam,32,8,recurrence,fx:W10g8:cg3,10,8,3,ok,6.409645e+00,3.397064e+00,4.821095e-01
16qam,32,8,recurrence,fx:W10g8:cg4,10,8,4,ok,3.630951e+00,6.183704e-01,3.688034e-01
16qam,32,8,recurrence,fx:W10g8:cg6,10,8,6,ok,3.747036e+00,7.344552e-01,7.476121e-01
16qam,32,8,recurrence,fx:W10g8:cg8,10,8,8,ok,4.293641e+00,1.281060e+00,1.281060e+00
16qam,32,8,recurrence,fx:W12g0:cg1,12,0,1,floor,,,
16qam,32,8,recurrence,fx:W12g0:cg2,12,0,2,floor,,,
16qam,32,8,recurrence,fx:W12g0:cg3,12,0,3,floor,,,
16qam,32,8,recurrence,fx:W12g0:cg4,12,0,4,floor,,,
16qam,32,8,recurrence,fx:W12g0:cg6,12,0,6,floor,,,
16qam,32,8,recurrence,fx:W12g0:cg8,12,0,8,floor,,,
16qam,32,8,recurrence,fx:W12g4:cg1,12,4,1,floor,,,
16qam,32,8,recurrence,fx:W12g4:cg2,12,4,2,floor,,,
16qam,32,8,recurrence,fx:W12g4:cg3,12,4,3,ok,5.965902e+00,2.953321e+00,3.836619e-02
16qam,32,8,recurrence,fx:W12g4:cg4,12,4,4,ok,3.512595e+00,5.000147e-01,2.504477e-01
16qam,32,8,recurrence,fx:W12g4:cg6,12,4,6,ok,3.325092e+00,3.125115e-01,3.256684e-01
16qam,32,8,recurrence,fx:W12g4:cg8,12,4,8,ok,3.341792e+00,3.292109e-01,3.292109e-01
16qam,32,8,recurrence,fx:W12g8:cg1,12,8,1,floor,,,
16qam,32,8,recurrence,fx:W12g8:cg2,12,8,2,floor,,,
16qam,32,8,recurrence,fx:W12g8:cg3,12,8,3,ok,5.941995e+00,2.929414e+00,1.445879e-02
16qam,32,8,recurrence,fx:W12g8:cg4,12,8,4,ok,3.266197e+00,2.536158e-01,4.048862e-03
16qam,32,8,recurrence,fx:W12g8:cg6,12,8,6,ok,3.082361e+00,6.978007e-02,8.293696e-02
16qam,32,8,recurrence,fx:W12g8:cg8,12,8,8,ok,3.081840e+00,6.925893e-02,6.925893e-02
16qam,32,8,recurrence,fx:W14g0:cg1,14,0,1,floor,,,
16qam,32,8,recurrence,fx:W14g0:cg2,14,0,2,floor,,,
16qam,32,8,recurrence,fx:W14g0:cg3,14,0,3,ok,6.635924e+00,3.623343e+00,7.083884e-01
16qam,32,8,recurrence,fx:W14g0:cg4,14,0,4,ok,5.731255e+00,2.718674e+00,2.469107e+00
16qam,32,8,recurrence,fx:W14g0:cg6,14,0,6,ok,4.525851e+00,1.513270e+00,1.526427e+00
16qam,32,8,recurrence,fx:W14g0:cg8,14,0,8,ok,4.655270e+00,1.642690e+00,1.642690e+00
16qam,32,8,recurrence,fx:W14g4:cg1,14,4,1,floor,,,
16qam,32,8,recurrence,fx:W14g4:cg2,14,4,2,floor,,,
16qam,32,8,recurrence,fx:W14g4:cg3,14,4,3,ok,5.928412e+00,2.915831e+00,8.763524e-04
16qam,32,8,recurrence,fx:W14g4:cg4,14,4,4,ok,3.273319e+00,2.607378e-01,1.117085e-02
16qam,32,8,recurrence,fx:W14g4:cg6,14,4,6,ok,3.095757e+00,8.317643e-02,9.633332e-02
16qam,32,8,recurrence,fx:W14g4:cg8,14,4,8,ok,3.104590e+00,9.200878e-02,9.200878e-02
16qam,32,8,recurrence,fx:W14g8:cg1,14,8,1,floor,,,
16qam,32,8,recurrence,fx:W14g8:cg2,14,8,2,floor,,,
16qam,32,8,recurrence,fx:W14g8:cg3,14,8,3,ok,5.935362e+00,2.922782e+00,7.826696e-03
16qam,32,8,recurrence,fx:W14g8:cg4,14,8,4,ok,3.259345e+00,2.467639e-01,-2.803086e-03
16qam,32,8,recurrence,fx:W14g8:cg6,14,8,6,ok,3.013847e+00,1.266571e-03,1.442347e-02
16qam,32,8,recurrence,fx:W14g8:cg8,14,8,8,ok,3.032707e+00,2.012594e-02,2.012594e-02
16qam,32,8,recurrence,fx:W16g0:cg1,16,0,1,floor,,,
16qam,32,8,recurrence,fx:W16g0:cg2,16,0,2,floor,,,
16qam,32,8,recurrence,fx:W16g0:cg3,16,0,3,ok,5.943072e+00,2.930492e+00,1.553660e-02
16qam,32,8,recurrence,fx:W16g0:cg4,16,0,4,ok,3.480429e+00,4.678479e-01,2.182809e-01
16qam,32,8,recurrence,fx:W16g0:cg6,16,0,6,ok,3.282914e+00,2.703330e-01,2.834898e-01
16qam,32,8,recurrence,fx:W16g0:cg8,16,0,8,ok,3.284383e+00,2.718018e-01,2.718018e-01
16qam,32,8,recurrence,fx:W16g4:cg1,16,4,1,floor,,,
16qam,32,8,recurrence,fx:W16g4:cg2,16,4,2,floor,,,
16qam,32,8,recurrence,fx:W16g4:cg3,16,4,3,ok,5.924171e+00,2.911590e+00,-3.364872e-03
16qam,32,8,recurrence,fx:W16g4:cg4,16,4,4,ok,3.246335e+00,2.337541e-01,-1.581287e-02
16qam,32,8,recurrence,fx:W16g4:cg6,16,4,6,ok,3.026697e+00,1.411583e-02,2.727273e-02
16qam,32,8,recurrence,fx:W16g4:cg8,16,4,8,ok,3.026161e+00,1.358028e-02,1.358028e-02
16qam,32,8,recurrence,fx:W16g8:cg1,16,8,1,floor,,,
16qam,32,8,recurrence,fx:W16g8:cg2,16,8,2,floor,,,
16qam,32,8,recurrence,fx:W16g8:cg3,16,8,3,ok,5.925944e+00,2.913363e+00,-1.591834e-03
16qam,32,8,recurrence,fx:W16g8:cg4,16,8,4,ok,3.252378e+00,2.397975e-01,-9.769504e-03
16qam,32,8,recurrence,fx:W16g8:cg6,16,8,6,ok,2.991484e+00,-2.109674e-02,-7.939841e-03
16qam,32,8,recurrence,fx:W16g8:cg8,16,8,8,ok,2.991484e+00,-2.109674e-02,-2.109674e-02
16qam,32,8,recurrence,fx:W18g0:cg1,18,0,1,floor,,,
16qam,32,8,recurrence,fx:W18g0:cg2,18,0,2,floor,,,
16qam,32,8,recurrence,fx:W18g0:cg3,18,0,3,ok,5.922919e+00,2.910338e+00,-4.616622e-03
16qam,32,8,recurrence,fx:W18g0:cg4,18,0,4,ok,3.260723e+00,2.481421e-01,-1.424891e-03
16qam,32,8,recurrence,fx:W18g0:cg6,18,0,6,ok,3.104392e+00,9.181071e-02,1.049676e-01
16qam,32,8,recurrence,fx:W18g0:cg8,18,0,8,ok,3.084013e+00,7.143236e-02,7.143236e-02
16qam,32,8,recurrence,fx:W18g4:cg1,18,4,1,floor,,,
16qam,32,8,recurrence,fx:W18g4:cg2,18,4,2,floor,,,
16qam,32,8,recurrence,fx:W18g4:cg3,18,4,3,ok,5.925944e+00,2.913363e+00,-1.591834e-03
16qam,32,8,recurrence,fx:W18g4:cg4,18,4,4,ok,3.255084e+00,2.425031e-01,-7.063915e-03
16qam,32,8,recurrence,fx:W18g4:cg6,18,4,6,ok,3.013201e+00,6.197193e-04,1.377662e-02
16qam,32,8,recurrence,fx:W18g4:cg8,18,4,8,ok,3.006247e+00,-6.333983e-03,-6.333983e-03
16qam,32,8,recurrence,fx:W18g8:cg1,18,8,1,floor,,,
16qam,32,8,recurrence,fx:W18g8:cg2,18,8,2,floor,,,
16qam,32,8,recurrence,fx:W18g8:cg3,18,8,3,ok,5.927437e+00,2.914856e+00,-9.893396e-05
16qam,32,8,recurrence,fx:W18g8:cg4,18,8,4,ok,3.262148e+00,2.495670e-01,0.000000e+00
16qam,32,8,recurrence,fx:W18g8:cg6,18,8,6,ok,2.999422e+00,-1.315868e-02,-1.784608e-06
16qam,32,8,recurrence,fx:W18g8:cg8,18,8,8,ok,2.999426e+00,-1.315513e-02,-1.315513e-02
16qam,32,8,recurrence,fx:W20g0:cg1,20,0,1,floor,,,
16qam,32,8,recurrence,fx:W20g0:cg2,20,0,2,floor,,,
16qam,32,8,recurrence,fx:W20g0:cg3,20,0,3,ok,5.923619e+00,2.911038e+00,-3.917238e-03
16qam,32,8,recurrence,fx:W20g0:cg4,20,0,4,ok,3.248073e+00,2.354924e-01,-1.407454e-02
16qam,32,8,recurrence,fx:W20g0:cg6,20,0,6,ok,3.033371e+00,2.079051e-02,3.394741e-02
16qam,32,8,recurrence,fx:W20g0:cg8,20,0,8,ok,3.038173e+00,2.559216e-02,2.559216e-02
16qam,32,8,recurrence,fx:W20g4:cg1,20,4,1,floor,,,
16qam,32,8,recurrence,fx:W20g4:cg2,20,4,2,floor,,,
16qam,32,8,recurrence,fx:W20g4:cg3,20,4,3,ok,5.926131e+00,2.913551e+00,-1.404345e-03
16qam,32,8,recurrence,fx:W20g4:cg4,20,4,4,ok,3.262148e+00,2.495670e-01,0.000000e+00
16qam,32,8,recurrence,fx:W20g4:cg6,20,4,6,ok,2.991484e+00,-2.109674e-02,-7.939841e-03
16qam,32,8,recurrence,fx:W20g4:cg8,20,4,8,ok,2.991535e+00,-2.104541e-02,-2.104541e-02
16qam,32,8,recurrence,fx:W20g8:cg1,20,8,1,floor,,,
16qam,32,8,recurrence,fx:W20g8:cg2,20,8,2,floor,,,
16qam,32,8,recurrence,fx:W20g8:cg3,20,8,3,ok,5.925664e+00,2.913083e+00,-1.871842e-03
16qam,32,8,recurrence,fx:W20g8:cg4,20,8,4,ok,3.262148e+00,2.495670e-01,0.000000e+00
16qam,32,8,recurrence,fx:W20g8:cg6,20,8,6,ok,2.999424e+00,-1.315690e-02,0.000000e+00
16qam,32,8,recurrence,fx:W20g8:cg8,20,8,8,ok,3.012581e+00,0.000000e+00,0.000000e+00
16qam,32,16,recurrence,zf,,,,ok,5.047464e+00,4.195648e-02,
16qam,32,16,recurrence,mmse,,,,ok,5.005508e+00,0.000000e+00,
16qam,32,16,recurrence,cg1,,,1,floor,,,
16qam,32,16,recurrence,cg2,,,2,floor,,,
16qam,32,16,recurrence,cg3,,,3,floor,,,
16qam,32,16,recurrence,cg4,,,4,floor,,,
16qam,32,16,recurrence,cg6,,,6,ok,6.728737e+00,1.723229e+00,
16qam,32,16,recurrence,cg8,,,8,ok,5.221205e+00,2.156977e-01,
16qam,32,16,recurrence,cg12,,,12,ok,4.989395e+00,-1.611288e-02,
16qam,32,16,recurrence,cg16,,,16,ok,5.005508e+00,0.000000e+00,
16qam,32,16,recurrence,fx:W8g0:cg1,8,0,1,floor,,,
16qam,32,16,recurrence,fx:W8g0:cg2,8,0,2,floor,,,
16qam,32,16,recurrence,fx:W8g0:cg3,8,0,3,floor,,,
16qam,32,16,recurrence,fx:W8g0:cg4,8,0,4,floor,,,
16qam,32,16,recurrence,fx:W8g0:cg6,8,0,6,floor,,,
16qam,32,16,recurrence,fx:W8g0:cg8,8,0,8,floor,,,
16qam,32,16,recurrence,fx:W8g0:cg12,8,0,12,floor,,,
16qam,32,16,recurrence,fx:W8g0:cg16,8,0,16,floor,,,
16qam,32,16,recurrence,fx:W8g4:cg1,8,4,1,floor,,,
16qam,32,16,recurrence,fx:W8g4:cg2,8,4,2,floor,,,
16qam,32,16,recurrence,fx:W8g4:cg3,8,4,3,floor,,,
16qam,32,16,recurrence,fx:W8g4:cg4,8,4,4,floor,,,
16qam,32,16,recurrence,fx:W8g4:cg6,8,4,6,floor,,,
16qam,32,16,recurrence,fx:W8g4:cg8,8,4,8,floor,,,
16qam,32,16,recurrence,fx:W8g4:cg12,8,4,12,floor,,,
16qam,32,16,recurrence,fx:W8g4:cg16,8,4,16,floor,,,
16qam,32,16,recurrence,fx:W8g8:cg1,8,8,1,floor,,,
16qam,32,16,recurrence,fx:W8g8:cg2,8,8,2,floor,,,
16qam,32,16,recurrence,fx:W8g8:cg3,8,8,3,floor,,,
16qam,32,16,recurrence,fx:W8g8:cg4,8,8,4,floor,,,
16qam,32,16,recurrence,fx:W8g8:cg6,8,8,6,floor,,,
16qam,32,16,recurrence,fx:W8g8:cg8,8,8,8,floor,,,
16qam,32,16,recurrence,fx:W8g8:cg12,8,8,12,floor,,,
16qam,32,16,recurrence,fx:W8g8:cg16,8,8,16,floor,,,
16qam,32,16,recurrence,fx:W10g0:cg1,10,0,1,floor,,,
16qam,32,16,recurrence,fx:W10g0:cg2,10,0,2,floor,,,
16qam,32,16,recurrence,fx:W10g0:cg3,10,0,3,floor,,,
16qam,32,16,recurrence,fx:W10g0:cg4,10,0,4,floor,,,
16qam,32,16,recurrence,fx:W10g0:cg6,10,0,6,floor,,,
16qam,32,16,recurrence,fx:W10g0:cg8,10,0,8,floor,,,
16qam,32,16,recurrence,fx:W10g0:cg12,10,0,12,floor,,,
16qam,32,16,recurrence,fx:W10g0:cg16,10,0,16,floor,,,
16qam,32,16,recurrence,fx:W10g4:cg1,10,4,1,floor,,,
16qam,32,16,recurrence,fx:W10g4:cg2,10,4,2,floor,,,
16qam,32,16,recurrence,fx:W10g4:cg3,10,4,3,floor,,,
16qam,32,16,recurrence,fx:W10g4:cg4,10,4,4,floor,,,
16qam,32,16,recurrence,fx:W10g4:cg6,10,4,6,floor,,,
16qam,32,16,recurrence,fx:W10g4:cg8,10,4,8,floor,,,
16qam,32,16,recurrence,fx:W10g4:cg12,10,4,12,floor,,,
16qam,32,16,recurrence,fx:W10g4:cg16,10,4,16,floor,,,
16qam,32,16,recurrence,fx:W10g8:cg1,10,8,1,floor,,,
16qam,32,16,recurrence,fx:W10g8:cg2,10,8,2,floor,,,
16qam,32,16,recurrence,fx:W10g8:cg3,10,8,3,floor,,,
16qam,32,16,recurrence,fx:W10g8:cg4,10,8,4,floor,,,
16qam,32,16,recurrence,fx:W10g8:cg6,10,8,6,ok,1.041193e+01,5.406418e+00,3.683188e+00
16qam,32,16,recurrence,fx:W10g8:cg8,10,8,8,ok,8.742637e+00,3.737130e+00,3.521432e+00
16qam,32,16,recurrence,fx:W10g8:cg12,10,8,12,floor,,,
16qam,32,16,recurrence,fx:W10g8:cg16,10,8,16,floor,,,
16qam,32,16,recurrence,fx:W12g0:cg1,12,0,1,floor,,,
16qam,32,16,recurrence,fx:W12g0:cg2,12,0,2,floor,,,
16qam,32,16,recurrence,fx:W12g0:cg3,12,0,3,floor,,,
16qam,32,16,recurrence,fx:W12g0:cg4,12,0,4,floor,,,
16qam,32,16,recurrence,fx:W12g0:cg6,12,0,6,floor,,,
16qam,32,16,recurrence,fx:W12g0:cg8,12,0,8,floor,,,
16qam,32,16,recurrence,fx:W12g0:cg12,12,0,12,floor,,,
16qam,32,16,recurrence,fx:W12g0:cg16,12,0,16,floor,,,
16qam,32,16,recurrence,fx:W12g4:cg1,12,4,1,floor,,,
16qam,32,16,recurrence,fx:W12g4:cg2,12,4,2,floor,,,
16qam,32,16,recurrence,fx:W12g4:cg3,12,4,3,floor,,,
16qam,32,16,recurrence,fx:W12g4:cg4,12,4,4,floor,,,
16qam,32,16,recurrence,fx:W12g4:cg6,12,4,6,ok,7.486984e+00,2.481476e+00,7.582472e-01
16qam,32,16,recurrence,fx:W12g4:cg8,12,4,8,ok,7.204664e+00,2.199156e+00,1.983458e+00
16qam,32,16,recurrence,fx:W12g4:cg12,12,4,12,floor,,,
16qam,32,16,recurrence,fx:W12g4:cg16,12,4,16,floor,,,
16qam,32,16,recurrence,fx:W12g8:cg1,12,8,1,floor,,,
16qam,32,16,recurrence,fx:W12g8:cg2,12,8,2,floor,,,
16qam,32,16,recurrence,fx:W12g8:cg3,12,8,3,floor,,,
16qam,32,16,recurrence,fx:W12g8:cg4,12,8,4,floor,,,
16qam,32,16,recurrence,fx:W12g8:cg6,12,8,6,ok,6.934026e+00,1.928519e+00,2.052893e-01
16qam,32,16,recurrence,fx:W12g8:cg8,12,8,8,ok,5.358560e+00,3.530522e-01,1.373545e-01
16qam,32,16,recurrence,fx:W12g8:cg12,12,8,12,ok,5.364985e+00,3.594774e-01,3.755903e-01
16qam,32,16,recurrence,fx:W12g8:cg16,12,8,16,ok,5.845681e+00,8.401737e-01,8.401737e-01
16qam,32,16,recurrence,fx:W14g0:cg1,14,0,1,floor,,,
16qam,32,16,recurrence,fx:W14g0:cg2,14,0,2,floor,,,
16qam,32,16,recurrence,fx:W14g0:cg3,14,0,3,floor,,,
16qam,32,16,recurrence,fx:W14g0:cg4,14,0,4,floor,,,
16qam,32,16,recurrence,fx:W14g0:cg6,14,0,6,floor,,,
16qam,32,16,recurrence,fx:W14g0:cg8,14,0,8,floor,,,
16qam,32,16,recurrence,fx:W14g0:cg12,14,0,12,floor,,,
16qam,32,16,recurrence,fx:W14g0:cg16,14,0,16,floor,,,
16qam,32,16,recurrence,fx:W14g4:cg1,14,4,1,floor,,,
16qam,32,16,recurrence,fx:W14g4:cg2,14,4,2,floor,,,
16qam,32,16,recurrence,fx:W14g4:cg3,14,4,3,floor,,,
16qam,32,16,recurrence,fx:W14g4:cg4,14,4,4,floor,,,
16qam,32,16,recurrence,fx:W14g4:cg6,14,4,6,ok,6.759989e+00,1.754481e+00,3.125160e-02
16qam,32,16,recurrence,fx:W14g4:cg8,14,4,8,ok,5.439340e+00,4.338327e-01,2.181350e-01
16qam,32,16,recurrence,fx:W14g4:cg12,14,4,12,floor,,,
16qam,32,16,recurrence,fx:W14g4:cg16,14,4,16,floor,,,
16qam,32,16,recurrence,fx:W14g8:cg1,14,8,1,floor,,,
16qam,32,16,recurrence,fx:W14g8:cg2,14,8,2,floor,,,
16qam,32,16,recurrence,fx:W14g8:cg3,14,8,3,floor,,,
16qam,32,16,recurrence,fx:W14g8:cg4,14,8,4,floor,,,
16qam,32,16,recurrence,fx:W14g8:cg6,14,8,6,ok,6.724081e+00,1.718574e+00,-4.655770e-03
16qam,32,16,recurrence,fx:W14g8:cg8,14,8,8,ok,5.234564e+00,2.290559e-01,1.335817e-02
16qam,32,16,recurrence,fx:W14g8:cg12,14,8,12,ok,5.012408e+00,6.900621e-03,2.301350e-02
16qam,32,16,recurrence,fx:W14g8:cg16,14,8,16,ok,5.053456e+00,4.794814e-02,4.794814e-02
16qam,32,16,recurrence,fx:W16g0:cg1,16,0,1,floor,,,
16qam,32,16,recurrence,fx:W16g0:cg2,16,0,2,floor,,,
16qam,32,16,recurrence,fx:W16g0:cg3,16,0,3,floor,,,
16qam,32,16,recurrence,fx:W16g0:cg4,16,0,4,floor,,,
16qam,32,16,recurrence,fx:W16g0:cg6,16,0,6,ok,7.382234e+00,2.376726e+00,6.534969e-01
16qam,32,16,recurrence,fx:W16g0:cg8,16,0,8,ok,7.333074e+00,2.327567e+00,2.111869e+00
16qam,32,16,recurrence,fx:W16g0:cg12,16,0,12,floor,,,
16qam,32,16,recurrence,fx:W16g0:cg16,16,0,16,floor,,,
16qam,32,16,recurrence,fx:W16g4:cg1,16,4,1,floor,,,
16qam,32,16,recurrence,fx:W16g4:cg2,16,4,2,floor,,,
16qam,32,16,recurrence,fx:W16g4:cg3,16,4,3,floor,,,
16qam,32,16,recurrence,fx:W16g4:cg4,16,4,4,floor,,,
16qam,32,16,recurrence,fx:W16g4:cg6,16,4,6,ok,6.728616e+00,1.723108e+00,-1.215059e-04
16qam,32,16,recurrence,fx:W16g4:cg8,16,4,8,ok,5.217591e+00,2.120829e-01,-3.614821e-03
16qam,32,16,recurrence,fx:W16g4:cg12,16,4,12,ok,5.197969e+00,1.924615e-01,2.085744e-01
16qam,32,16,recurrence,fx:W16g4:cg16,16,4,16,floor,,,
16qam,32,16,recurrence,fx:W16g8:cg1,16,8,1,floor,,,
16qam,32,16,recurrence,fx:W16g8:cg2,16,8,2,floor,,,
16qam,32,16,recurrence,fx:W16g8:cg3,16,8,3,floor,,,
16qam,32,16,recurrence,fx:W16g8:cg4,16,8,4,floor,,,
16qam,32,16,recurrence,fx:W16g8:cg6,16,8,6,ok,6.727457e+00,1.721950e+00,-1.279670e-03
16qam,32,16,recurrence,fx:W16g8:cg8,16,8,8,ok,5.230852e+00,2.253445e-01,9.646733e-03
16qam,32,16,recurrence,fx:W16g8:cg12,16,8,12,ok,4.969839e+00,-3.566899e-02,-1.955611e-02
16qam,32,16,recurrence,fx:W16g8:cg16,16,8,16,ok,4.970754e+00,-3.475381e-02,-3.475381e-02
16qam,32,16,recurrence,fx:W18g0:cg1,18,0,1,floor,,,
16qam,32,16,recurrence,fx:W18g0:cg2,18,0,2,floor,,,
16qam,32,16,recurrence,fx:W18g0:cg3,18,0,3,floor,,,
16qam,32,16,recurrence,fx:W18g0:cg4,18,0,4,floor,,,
16qam,32,16,recurrence,fx:W18g0:cg6,18,0,6,ok,6.722430e+00,1.716922e+00,-6.307097e-03
16qam,32,16,recurrence,fx:W18g0:cg8,18,0,8,ok,5.471621e+00,4.661130e-01,2.504153e-01
16qam,32,16,recurrence,fx:W18g0:cg12,18,0,12,floor,,,
16qam,32,16,recurrence,fx:W18g0:cg16,18,0,16,floor,,,
16qam,32,16,recurrence,fx:W18g4:cg1,18,4,1,floor,,,
16qam,32,16,recurrence,fx:W18g4:cg2,18,4,2,floor,,,
16qam,32,16,recurrence,fx:W18g4:cg3,18,4,3,floor,,,
16qam,32,16,recurrence,fx:W18g4:cg4,18,4,4,floor,,,
16qam,32,16,recurrence,fx:W18g4:cg6,18,4,6,ok,6.728844e+00,1.723336e+00,1.067310e-04
16qam,32,16,recurrence,fx:W18g4:cg8,18,4,8,ok,5.221144e+00,2.156363e-01,-6.141812e-05
16qam,32,16,recurrence,fx:W18g4:cg12,18,4,12,ok,5.017167e+00,1.165968e-02,2.777257e-02
16qam,32,16,recurrence,fx:W18g4:cg16,18,4,16,ok,5.215688e+00,2.101807e-01,2.101807e-01
16qam,32,16,recurrence,fx:W18g8:cg1,18,8,1,floor,,,
16qam,32,16,recurrence,fx:W18g8:cg2,18,8,2,floor,,,
16qam,32,16,recurrence,fx:W18g8:cg3,18,8,3,floor,,,
16qam,32,16,recurrence,fx:W18g8:cg4,18,8,4,floor,,,
16qam,32,16,recurrence,fx:W18g8:cg6,18,8,6,ok,6.731784e+00,1.726276e+00,3.046779e-03
16qam,32,16,recurrence,fx:W18g8:cg8,18,8,8,ok,5.223598e+00,2.180898e-01,2.392076e-03
16qam,32,16,recurrence,fx:W18g8:cg12,18,8,12,ok,4.989346e+00,-1.616176e-02,-4.887231e-05
16qam,32,16,recurrence,fx:W18g8:cg16,18,8,16,ok,4.989491e+00,-1.601697e-02,-1.601697e-02
16qam,32,16,recurrence,fx:W20g0:cg1,20,0,1,floor,,,
16qam,32,16,recurrence,fx:W20g0:cg2,20,0,2,floor,,,
16qam,32,16,recurrence,fx:W20g0:cg3,20,0,3,floor,,,
16qam,32,16,recurrence,fx:W20g0:cg4,20,0,4,floor,,,
16qam,32,16,recurrence,fx:W20g0:cg6,20,0,6,ok,6.721974e+00,1.716466e+00,-6.763341e-03
16qam,32,16,recurrence,fx:W20g0:cg8,20,0,8,ok,5.238178e+00,2.326703e-01,1.697258e-02
16qam,32,16,recurrence,fx:W20g0:cg12,20,0,12,ok,5.118281e+00,1.127733e-01,1.288861e-01
16qam,32,16,recurrence,fx:W20g0:cg16,20,0,16,floor,,,
16qam,32,16,recurrence,fx:W20g4:cg1,20,4,1,floor,,,
16qam,32,16,recurrence,fx:W20g4:cg2,20,4,2,floor,,,
16qam,32,16,recurrence,fx:W20g4:cg3,20,4,3,floor,,,
16qam,32,16,recurrence,fx:W20g4:cg4,20,4,4,floor,,,
16qam,32,16,recurrence,fx:W20g4:cg6,20,4,6,ok,6.726636e+00,1.721128e+00,-2.101330e-03
16qam,32,16,recurrence,fx:W20g4:cg8,20,4,8,ok,5.216416e+00,2.109081e-01,-4.789677e-03
16qam,32,16,recurrence,fx:W20g4:cg12,20,4,12,ok,4.969562e+00,-3.594549e-02,-1.983260e-02
16qam,32,16,recurrence,fx:W20g4:cg16,20,4,16,ok,4.999287e+00,-6.221085e-03,-6.221085e-03
16qam,32,16,recurrence,fx:W20g8:cg1,20,8,1,floor,,,
16qam,32,16,recurrence,fx:W20g8:cg2,20,8,2,floor,,,
16qam,32,16,recurrence,fx:W20g8:cg3,20,8,3,floor,,,
16qam,32,16,recurrence,fx:W20g8:cg4,20,8,4,floor,,,
16qam,32,16,recurrence,fx:W20g8:cg6,20,8,6,ok,6.729203e+00,1.723696e+00,4.662526e-04
16qam,32,16,recurrence,fx:W20g8:cg8,20,8,8,ok,5.221205e+00,2.156977e-01,0.000000e+00
16qam,32,16,recurrence,fx:W20g8:cg12,20,8,12,ok,4.979533e+00,-2.597469e-02,-9.861802e-03
16qam,32,16,recurrence,fx:W20g8:cg16,20,8,16,ok,4.989491e+00,-1.601697e-02,-1.601697e-02
16qam,64,4,recurrence,zf,,,,ok,-1.213036e+00,-2.508193e-02,
16qam,64,4,recurrence,mmse,,,,ok,-1.187954e+00,0.000000e+00,
16qam,64,4,recurrence,cg1,,,1,floor,,,
16qam,64,4,recurrence,cg2,,,2,ok,-9.049958e-01,2.829579e-01,
16qam,64,4,recurrence,cg3,,,3,ok,-1.192159e+00,-4.205274e-03,
16qam,64,4,recurrence,cg4,,,4,ok,-1.187954e+00,0.000000e+00,
16qam,64,4,recurrence,fx:W8g0:cg1,8,0,1,floor,,,
16qam,64,4,recurrence,fx:W8g0:cg2,8,0,2,floor,,,
16qam,64,4,recurrence,fx:W8g0:cg3,8,0,3,floor,,,
16qam,64,4,recurrence,fx:W8g0:cg4,8,0,4,floor,,,
16qam,64,4,recurrence,fx:W8g4:cg1,8,4,1,floor,,,
16qam,64,4,recurrence,fx:W8g4:cg2,8,4,2,floor,,,
16qam,64,4,recurrence,fx:W8g4:cg3,8,4,3,ok,4.860051e+00,6.048005e+00,6.052210e+00
16qam,64,4,recurrence,fx:W8g4:cg4,8,4,4,ok,4.217685e+00,5.405638e+00,5.405638e+00
16qam,64,4,recurrence,fx:W8g8:cg1,8,8,1,floor,,,
16qam,64,4,recurrence,fx:W8g8:cg2,8,8,2,ok,1.146955e+00,2.334909e+00,2.051951e+00
16qam,64,4,recurrence,fx:W8g8:cg3,8,8,3,ok,2.955496e+00,4.143450e+00,4.147655e+00
16qam,64,4,recurrence,fx:W8g8:cg4,8,8,4,floor,,,
16qam,64,4,recurrence,fx:W10g0:cg1,10,0,1,floor,,,
16qam,64,4,recurrence,fx:W10g0:cg2,10,0,2,floor,,,
16qam,64,4,recurrence,fx:W10g0:cg3,10,0,3,floor,,,
16qam,64,4,recurrence,fx:W10g0:cg4,10,0,4,floor,,,
16qam,64,4,recurrence,fx:W10g4:cg1,10,4,1,floor,,,
16qam,64,4,recurrence,fx:W10g4:cg2,10,4,2,ok,-2.007143e-01,9.872394e-01,7.042815e-01
16qam,64,4,recurrence,fx:W10g4:cg3,10,4,3,ok,-3.471935e-01,8.407602e-01,8.449655e-01
16qam,64,4,recurrence,fx:W10g4:cg4,10,4,4,ok,-5.705299e-01,6.174238e-01,6.174238e-01
16qam,64,4,recurrence,fx:W10g8:cg1,10,8,1,floor,,,
16qam,64,4,recurrence,fx:W10g8:cg2,10,8,2,ok,-7.424388e-01,4.455150e-01,1.625570e-01
16qam,64,4,recurrence,fx:W10g8:cg3,10,8,3,ok,-1.062985e+00,1.249689e-01,1.291742e-01
16qam,64,4,recurrence,fx:W10g8:cg4,10,8,4,ok,-1.056884e+00,1.310697e-01,1.310697e-01
16qam,64,4,recurrence,fx:W12g0:cg1,12,0,1,floor,,,
16qam,64,4,recurrence,fx:W12g0:cg2,12,0,2,floor,,,
16qam,64,4,recurrence,fx:W12g0:cg3,12,0,3,ok,2.532731e+00,3.720685e+00,3.724890e+00
16qam,64,4,recurrence,fx:W12g0:cg4,12,0,4,ok,2.342927e+00,3.530881e+00,3.530881e+00
16qam,64,4,recurrence,fx:W12g4:cg1,12,4,1,floor,,,
16qam,64,4,recurrence,fx:W12g4:cg2,12,4,2,ok,-8.366528e-01,3.513010e-01,6.834305e-02
16qam,64,4,recurrence,fx:W12g4:cg3,12,4,3,ok,-9.360707e-01,2.518830e-01,2.560883e-01
16qam,64,4,recurrence,fx:W12g4:cg4,12,4,4,ok,-1.058000e+00,1.299534e-01,1.299534e-01
16qam,64,4,recurrence,fx:W12g8:cg1,12,8,1,floor,,,
16qam,64,4,recurrence,fx:W12g8:cg2,12,8,2,ok,-8.838730e-01,3.040807e-01,2.112279e-02
16qam,64,4,recurrence,fx:W12g8:cg3,12,8,3,ok,-1.206285e+00,-1.833106e-02,-1.412579e-02
16qam,64,4,recurrence,fx:W12g8:cg4,12,8,4,ok,-1.220045e+00,-3.209151e-02,-3.209151e-02
16qam,64,4,recurrence,fx:W14g0:cg1,14,0,1,floor,,,
16qam,64,4,recurrence,fx:W14g0:cg2,14,0,2,ok,-3.921248e-01,7.958289e-01,5.128710e-01
16qam,64,4,recurrence,fx:W14g0:cg3,14,0,3,ok,-5.183898e-01,6.695640e-01,6.737692e-01
16qam,64,4,recurrence,fx:W14g0:cg4,14,0,4,ok,-6.839397e-01,5.040140e-01,5.040140e-01
16qam,64,4,recurrence,fx:W14g4:cg1,14,4,1,floor,,,
16qam,64,4,recurrence,fx:W14g4:cg2,14,4,2,ok,-8.880971e-01,2.998567e-01,1.689872e-02
16qam,64,4,recurrence,fx:W14g4:cg3,14,4,3,ok,-1.136979e+00,5.097452e-02,5.517979e-02
16qam,64,4,recurrence,fx:W14g4:cg4,14,4,4,ok,-1.166707e+00,2.124684e-02,2.124684e-02
16qam,64,4,recurrence,fx:W14g8:cg1,14,8,1,floor,,,
16qam,64,4,recurrence,fx:W14g8:cg2,14,8,2,ok,-9.005958e-01,2.873579e-01,4.400011e-03
16qam,64,4,recurrence,fx:W14g8:cg3,14,8,3,ok,-1.199317e+00,-1.136318e-02,-7.157902e-03
16qam,64,4,recurrence,fx:W14g8:cg4,14,8,4,ok,-1.227206e+00,-3.925205e-02,-3.925205e-02
16qam,64,4,recurrence,fx:W16g0:cg1,16,0,1,floor,,,
16qam,64,4,recurrence,fx:W16g0:cg2,16,0,2,ok,-8.900317e-01,2.979221e-01,1.496414e-02
16qam,64,4,recurrence,fx:W16g0:cg3,16,0,3,ok,-9.932728e-01,1.946809e-01,1.988862e-01
16qam,64,4,recurrence,fx:W16g0:cg4,16,0,4,ok,-1.088176e+00,9.977822e-02,9.977822e-02
16qam,64,4,recurrence,fx:W16g4:cg1,16,4,1,floor,,,
16qam,64,4,recurrence,fx:W16g4:cg2,16,4,2,ok,-8.915567e-01,2.963970e-01,1.343910e-02
16qam,64,4,recurrence,fx:W16g4:cg3,16,4,3,ok,-1.190191e+00,-2.237647e-03,1.967628e-03
16qam,64,4,recurrence,fx:W16g4:cg4,16,4,4,ok,-1.183086e+00,4.867759e-03,4.867759e-03
16qam,64,4,recurrence,fx:W16g8:cg1,16,8,1,floor,,,
16qam,64,4,recurrence,fx:W16g8:cg2,16,8,2,ok,-8.930605e-01,2.948933e-01,1.193534e-02
16qam,64,4,recurrence,fx:W16g8:cg3,16,8,3,ok,-1.192661e+00,-4.707277e-03,-5.020024e-04
16qam,64,4,recurrence,fx:W16g8:cg4,16,8,4,ok,-1.201420e+00,-1.346659e-02,-1.346659e-02
16qam,64,4,recurrence,fx:W18g0:cg1,18,0,1,floor,,,
16qam,64,4,recurrence,fx:W18g0:cg2,18,0,2,ok,-8.860083e-01,3.019455e-01,1.898753e-02
16qam,64,4,recurrence,fx:W18g0:cg3,18,0,3,ok,-1.165881e+00,2.207245e-02,2.627772e-02
16qam,64,4,recurrence,fx:W18g0:cg4,18,0,4,ok,-1.201326e+00,-1.337200e-02,-1.337200e-02
16qam,64,4,recurrence,fx:W18g4:cg1,18,4,1,floor,,,
16qam,64,4,recurrence,fx:W18g4:cg2,18,4,2,ok,-8.987146e-01,2.892391e-01,6.281165e-03
16qam,64,4,recurrence,fx:W18g4:cg3,18,4,3,ok,-1.198291e+00,-1.033715e-02,-6.131874e-03
16qam,64,4,recurrence,fx:W18g4:cg4,18,4,4,ok,-1.221265e+00,-3.331113e-02,-3.331113e-02
16qam,64,4,recurrence,fx:W18g8:cg1,18,8,1,floor,,,
16qam,64,4,recurrence,fx:W18g8:cg2,18,8,2,ok,-9.049958e-01,2.829579e-01,0.000000e+00
16qam,64,4,recurrence,fx:W18g8:cg3,18,8,3,ok,-1.192159e+00,-4.205274e-03,0.000000e+00
16qam,64,4,recurrence,fx:W18g8:cg4,18,8,4,ok,-1.194192e+00,-6.238505e-03,-6.238505e-03
16qam,64,4,recurrence,fx:W20g0:cg1,20,0,1,floor,,,
16qam,64,4,recurrence,fx:W20g0:cg2,20,0,2,ok,-8.977608e-01,2.901930e-01,7.235048e-03
16qam,64,4,recurrence,fx:W20g0:cg3,20,0,3,ok,-1.184985e+00,2.968677e-03,7.173952e-03
16qam,64,4,recurrence,fx:W20g0:cg4,20,0,4,ok,-1.178262e+00,9.691599e-03,9.691599e-03
16qam,64,4,recurrence,fx:W20g4:cg1,20,4,1,floor,,,
16qam,64,4,recurrence,fx:W20g4:cg2,20,4,2,ok,-9.049958e-01,2.829579e-01,0.000000e+00
16qam,64,4,recurrence,fx:W20g4:cg3,20,4,3,ok,-1.192661e+00,-4.707277e-03,-5.020024e-04
16qam,64,4,recurrence,fx:W20g4:cg4,20,4,4,ok,-1.200360e+00,-1.240618e-02,-1.240618e-02
16qam,64,4,recurrence,fx:W20g8:cg1,20,8,1,floor,,,
16qam,64,4,recurrence,fx:W20g8:cg2,20,8,2,ok,-9.049958e-01,2.829579e-01,0.000000e+00
16qam,64,4,recurrence,fx:W20g8:cg3,20,8,3,ok,-1.192159e+00,-4.205274e-03,0.000000e+00
16qam,64,4,recurrence,fx:W20g8:cg4,20,8,4,ok,-1.194711e+00,-6.757529e-03,-6.757529e-03
16qam,64,8,recurrence,zf,,,,ok,-8.196439e-01,2.893246e-02,
16qam,64,8,recurrence,mmse,,,,ok,-8.485763e-01,0.000000e+00,
16qam,64,8,recurrence,cg1,,,1,floor,,,
16qam,64,8,recurrence,cg2,,,2,ok,3.222327e+00,4.070903e+00,
16qam,64,8,recurrence,cg3,,,3,ok,-6.637128e-01,1.848636e-01,
16qam,64,8,recurrence,cg4,,,4,ok,-8.575439e-01,-8.967553e-03,
16qam,64,8,recurrence,cg6,,,6,ok,-8.494626e-01,-8.862268e-04,
16qam,64,8,recurrence,cg8,,,8,ok,-8.485763e-01,0.000000e+00,
16qam,64,8,recurrence,fx:W8g0:cg1,8,0,1,floor,,,
16qam,64,8,recurrence,fx:W8g0:cg2,8,0,2,floor,,,
16qam,64,8,recurrence,fx:W8g0:cg3,8,0,3,floor,,,
16qam,64,8,recurrence,fx:W8g0:cg4,8,0,4,floor,,,
16qam,64,8,recurrence,fx:W8g0:cg6,8,0,6,floor,,,
16qam,64,8,recurrence,fx:W8g0:cg8,8,0,8,floor,,,
16qam,64,8,recurrence,fx:W8g4:cg1,8,4,1,floor,,,
16qam,64,8,recurrence,fx:W8g4:cg2,8,4,2,floor,,,
16qam,64,8,recurrence,fx:W8g4:cg3,8,4,3,floor,,,
16qam,64,8,recurrence,fx:W8g4:cg4,8,4,4,floor,,,
16qam,64,8,recurrence,fx:W8g4:cg6,8,4,6,floor,,,
16qam,64,8,recurrence,fx:W8g4:cg8,8,4,8,floor,,,
16qam,64,8,recurrence,fx:W8g8:cg1,8,8,1,floor,,,
16qam,64,8,recurrence,fx:W8g8:cg2,8,8,2,floor,,,
16qam,64,8,recurrence,fx:W8g8:cg3,8,8,3,ok,4.144599e+00,4.993175e+00,4.808312e+00
16qam,64,8,recurrence,fx:W8g8:cg4,8,8,4,floor,,,
16qam,64,8,recurrence,fx:W8g8:cg6,8,8,6,floor,,,
16qam,64,8,recurrence,fx:W8g8:cg8,8,8,8,floor,,,
16qam,64,8,recurrence,fx:W10g0:cg1,10,0,1,floor,,,
16qam,64,8,recurrence,fx:W10g0:cg2,10,0,2,floor,,,
16qam,64,8,recurrence,fx:W10g0:cg3,10,0,3,floor,,,
16qam,64,8,recurrence,fx:W10g0:cg4,10,0,4,floor,,,
16qam,64,8,recurrence,fx:W10g0:cg6,10,0,6,floor,,,
16qam,64,8,recurrence,fx:W10g0:cg8,10,0,8,floor,,,
16qam,64,8,recurrence,fx:W10g4:cg1,10,4,1,floor,,,
16qam,64,8,recurrence,fx:W10g4:cg2,10,4,2,ok,3.585415e+00,4.433992e+00,3.630887e-01
16qam,64,8,recurrence,fx:W10g4:cg3,10,4,3,ok,1.329278e-01,9.815042e-01,7.966406e-01
16qam,64,8,recurrence,fx:W10g4:cg4,10,4,4,ok,-1.519564e-01,6.966200e-01,7.055875e-01
16qam,64,8,recurrence,fx:W10g4:cg6,10,4,6,ok,-2.157331e-01,6.328433e-01,6.337295e-01
16qam,64,8,recurrence,fx:W10g4:cg8,10,4,8,ok,-2.165976e-01,6.319787e-01,6.319787e-01
16qam,64,8,recurrence,fx:W10g8:cg1,10,8,1,floor,,,
16qam,64,8,recurrence,fx:W10g8:cg2,10,8,2,ok,3.524248e+00,4.372825e+00,3.019215e-01
16qam,64,8,recurrence,fx:W10g8:cg3,10,8,3,ok,-4.881529e-01,3.604234e-01,1.755598e-01
16qam,64,8,recurrence,fx:W10g8:cg4,10,8,4,ok,-5.717866e-01,2.767897e-01,2.857573e-01
16qam,64,8,recurrence,fx:W10g8:cg6,10,8,6,ok,-3.640228e-01,4.845535e-01,4.854398e-01
16qam,64,8,recurrence,fx:W10g8:cg8,10,8,8,ok,-1.681914e-01,6.803849e-01,6.803849e-01
16qam,64,8,recurrence,fx:W12g0:cg1,12,0,1,floor,,,
16qam,64,8,recurrence,fx:W12g0:cg2,12,0,2,ok,4.584040e+00,5.432616e+00,1.361713e+00
16qam,64,8,recurrence,fx:W12g0:cg3,12,0,3,ok,3.846300e+00,4.694876e+00,4.510013e+00
16qam,64,8,recurrence,fx:W12g0:cg4,12,0,4,ok,1.622136e+00,2.470712e+00,2.479679e+00
16qam,64,8,recurrence,fx:W12g0:cg6,12,0,6,ok,1.560171e+00,2.408747e+00,2.409633e+00
16qam,64,8,recurrence,fx:W12g0:cg8,12,0,8,ok,1.557810e+00,2.406387e+00,2.406387e+00
16qam,64,8,recurrence,fx:W12g4:cg1,12,4,1,floor,,,
16qam,64,8,recurrence,fx:W12g4:cg2,12,4,2,ok,3.241292e+00,4.089868e+00,1.896495e-02
16qam,64,8,recurrence,fx:W12g4:cg3,12,4,3,ok,-6.330319e-01,2.155444e-01,3.068087e-02
16qam,64,8,recurrence,fx:W12g4:cg4,12,4,4,ok,-6.708391e-01,1.777372e-01,1.867048e-01
16qam,64,8,recurrence,fx:W12g4:cg6,12,4,6,ok,-7.419667e-01,1.066097e-01,1.074959e-01
16qam,64,8,recurrence,fx:W12g4:cg8,12,4,8,ok,-7.419667e-01,1.066097e-01,1.066097e-01
16qam,64,8,recurrence,fx:W12g8:cg1,12,8,1,floor,,,
16qam,64,8,recurrence,fx:W12g8:cg2,12,8,2,ok,3.241071e+00,4.089647e+00,1.874428e-02
16qam,64,8,recurrence,fx:W12g8:cg3,12,8,3,ok,-6.607054e-01,1.878709e-01,3.007342e-03
16qam,64,8,recurrence,fx:W12g8:cg4,12,8,4,ok,-8.442712e-01,4.305131e-03,1.327268e-02
16qam,64,8,recurrence,fx:W12g8:cg6,12,8,6,ok,-8.711708e-01,-2.259443e-02,-2.170821e-02
16qam,64,8,recurrence,fx:W12g8:cg8,12,8,8,ok,-8.719453e-01,-2.336895e-02,-2.336895e-02
16qam,64,8,recurrence,fx:W14g0:cg1,14,0,1,floor,,,
16qam,64,8,recurrence,fx:W14g0:cg2,14,0,2,ok,3.279667e+00,4.128243e+00,5.734044e-02
16qam,64,8,recurrence,fx:W14g0:cg3,14,0,3,ok,1.820793e-02,8.667843e-01,6.819207e-01
16qam,64,8,recurrence,fx:W14g0:cg4,14,0,4,ok,-3.354940e-01,5.130824e-01,5.220499e-01
16qam,64,8,recurrence,fx:W14g0:cg6,14,0,6,ok,-3.639522e-01,4.846242e-01,4.855104e-01
16qam,64,8,recurrence,fx:W14g0:cg8,14,0,8,ok,-3.639522e-01,4.846242e-01,4.846242e-01
16qam,64,8,recurrence,fx:W14g4:cg1,14,4,1,floor,,,
16qam,64,8,recurrence,fx:W14g4:cg2,14,4,2,ok,3.222392e+00,4.070968e+00,6.522782e-05
16qam,64,8,recurrence,fx:W14g4:cg3,14,4,3,ok,-6.603800e-01,1.881964e-01,3.332810e-03
16qam,64,8,recurrence,fx:W14g4:cg4,14,4,4,ok,-8.102607e-01,3.831563e-02,4.728318e-02
16qam,64,8,recurrence,fx:W14g4:cg6,14,4,6,ok,-8.385429e-01,1.003343e-02,1.091966e-02
16qam,64,8,recurrence,fx:W14g4:cg8,14,4,8,ok,-8.385429e-01,1.003343e-02,1.003343e-02
16qam,64,8,recurrence,fx:W14g8:cg1,14,8,1,floor,,,
16qam,64,8,recurrence,fx:W14g8:cg2,14,8,2,ok,3.223688e+00,4.072265e+00,1.361669e-03
16qam,64,8,recurrence,fx:W14g8:cg3,14,8,3,ok,-6.689168e-01,1.796595e-01,-5.204070e-03
16qam,64,8,recurrence,fx:W14g8:cg4,14,8,4,ok,-8.478758e-01,7.005728e-04,9.668125e-03
16qam,64,8,recurrence,fx:W14g8:cg6,14,8,6,ok,-8.440806e-01,4.495740e-03,5.381967e-03
16qam,64,8,recurrence,fx:W14g8:cg8,14,8,8,ok,-8.440806e-01,4.495740e-03,4.495740e-03
16qam,64,8,recurrence,fx:W16g0:cg1,16,0,1,floor,,,
16qam,64,8,recurrence,fx:W16g0:cg2,16,0,2,ok,3.224614e+00,4.073190e+00,2.287458e-03
16qam,64,8,recurrence,fx:W16g0:cg3,16,0,3,ok,-6.116118e-01,2.369646e-01,5.210101e-02
16qam,64,8,recurrence,fx:W16g0:cg4,16,0,4,ok,-6.458709e-01,2.027054e-01,2.116730e-01
16qam,64,8,recurrence,fx:W16g0:cg6,16,0,6,ok,-7.043699e-01,1.442064e-01,1.450927e-01
16qam,64,8,recurrence,fx:W16g0:cg8,16,0,8,ok,-7.091136e-01,1.394628e-01,1.394628e-01
16qam,64,8,recurrence,fx:W16g4:cg1,16,4,1,floor,,,
16qam,64,8,recurrence,fx:W16g4:cg2,16,4,2,ok,3.223335e+00,4.071911e+00,1.008456e-03
16qam,64,8,recurrence,fx:W16g4:cg3,16,4,3,ok,-6.654704e-01,1.831060e-01,-1.757605e-03
16qam,64,8,recurrence,fx:W16g4:cg4,16,4,4,ok,-8.633277e-01,-1.475139e-02,-5.783834e-03
16qam,64,8,recurrence,fx:W16g4:cg6,16,4,6,ok,-8.526671e-01,-4.090809e-03,-3.204582e-03
16qam,64,8,recurrence,fx:W16g4:cg8,16,4,8,ok,-8.526671e-01,-4.090809e-03,-4.090809e-03
16qam,64,8,recurrence,fx:W16g8:cg1,16,8,1,floor,,,
16qam,64,8,recurrence,fx:W16g8:cg2,16,8,2,ok,3.222981e+00,4.071557e+00,6.543821e-04
16qam,64,8,recurrence,fx:W16g8:cg3,16,8,3,ok,-6.638352e-01,1.847411e-01,-1.224750e-04
16qam,64,8,recurrence,fx:W16g8:cg4,16,8,4,ok,-8.469815e-01,1.594855e-03,1.056241e-02
16qam,64,8,recurrence,fx:W16g8:cg6,16,8,6,ok,-8.633544e-01,-1.477806e-02,-1.389183e-02
16qam,64,8,recurrence,fx:W16g8:cg8,16,8,8,ok,-8.586438e-01,-1.006744e-02,-1.006744e-02
16qam,64,8,recurrence,fx:W18g0:cg1,18,0,1,floor,,,
16qam,64,8,recurrence,fx:W18g0:cg2,18,0,2,ok,3.221953e+00,4.070529e+00,-3.739674e-04
16qam,64,8,recurrence,fx:W18g0:cg3,18,0,3,ok,-6.687180e-01,1.798583e-01,-5.005240e-03
16qam,64,8,recurrence,fx:W18g0:cg4,18,0,4,ok,-8.155216e-01,3.305477e-02,4.202233e-02
16qam,64,8,recurrence,fx:W18g0:cg6,18,0,6,ok,-8.442712e-01,4.305131e-03,5.191357e-03
16qam,64,8,recurrence,fx:W18g0:cg8,18,0,8,ok,-8.451792e-01,3.397097e-03,3.397097e-03
16qam,64,8,recurrence,fx:W18g4:cg1,18,4,1,floor,,,
16qam,64,8,recurrence,fx:W18g4:cg2,18,4,2,ok,3.223029e+00,4.071606e+00,7.027710e-04
16qam,64,8,recurrence,fx:W18g4:cg3,18,4,3,ok,-6.637128e-01,1.848636e-01,0.000000e+00
16qam,64,8,recurrence,fx:W18g4:cg4,18,4,4,ok,-8.625097e-01,-1.393338e-02,-4.965826e-03
16qam,64,8,recurrence,fx:W18g4:cg6,18,4,6,ok,-8.494626e-01,-8.862268e-04,0.000000e+00
16qam,64,8,recurrence,fx:W18g4:cg8,18,4,8,ok,-8.476859e-01,8.904375e-04,8.904375e-04
16qam,64,8,recurrence,fx:W18g8:cg1,18,8,1,floor,,,
16qam,64,8,recurrence,fx:W18g8:cg2,18,8,2,ok,3.222767e+00,4.071343e+00,4.403365e-04
16qam,64,8,recurrence,fx:W18g8:cg3,18,8,3,ok,-6.637128e-01,1.848636e-01,0.000000e+00
16qam,64,8,recurrence,fx:W18g8:cg4,18,8,4,ok,-8.575439e-01,-8.967553e-03,0.000000e+00
16qam,64,8,recurrence,fx:W18g8:cg6,18,8,6,ok,-8.594810e-01,-1.090464e-02,-1.001841e-02
16qam,64,8,recurrence,fx:W18g8:cg8,18,8,8,ok,-8.586438e-01,-1.006744e-02,-1.006744e-02
16qam,64,8,recurrence,fx:W20g0:cg1,20,0,1,floor,,,
16qam,64,8,recurrence,fx:W20g0:cg2,20,0,2,ok,3.223689e+00,4.072266e+00,1.362743e-03
16qam,64,8,recurrence,fx:W20g0:cg3,20,0,3,ok,-6.620770e-01,1.864993e-01,1.635773e-03
16qam,64,8,recurrence,fx:W20g0:cg4,20,0,4,ok,-8.683584e-01,-1.978204e-02,-1.081449e-02
16qam,64,8,recurrence,fx:W20g0:cg6,20,0,6,ok,-8.616874e-01,-1.311109e-02,-1.222486e-02
16qam,64,8,recurrence,fx:W20g0:cg8,20,0,8,ok,-8.616874e-01,-1.311109e-02,-1.311109e-02
16qam,64,8,recurrence,fx:W20g4:cg1,20,4,1,floor,,,
16qam,64,8,recurrence,fx:W20g4:cg2,20,4,2,ok,3.222987e+00,4.071563e+00,6.602875e-04
16qam,64,8,recurrence,fx:W20g4:cg3,20,4,3,ok,-6.637128e-01,1.848636e-01,0.000000e+00
16qam,64,8,recurrence,fx:W20g4:cg4,20,4,4,ok,-8.575439e-01,-8.967553e-03,0.000000e+00
16qam,64,8,recurrence,fx:W20g4:cg6,20,4,6,ok,-8.649511e-01,-1.637480e-02,-1.548857e-02
16qam,64,8,recurrence,fx:W20g4:cg8,20,4,8,ok,-8.649511e-01,-1.637480e-02,-1.637480e-02
16qam,64,8,recurrence,fx:W20g8:cg1,20,8,1,floor,,,
16qam,64,8,recurrence,fx:W20g8:cg2,20,8,2,ok,3.222767e+00,4.071343e+00,4.403365e-04
16qam,64,8,recurrence,fx:W20g8:cg3,20,8,3,ok,-6.637128e-01,1.848636e-01,0.000000e+00
16qam,64,8,recurrence,fx:W20g8:cg4,20,8,4,ok,-8.575439e-01,-8.967553e-03,0.000000e+00
16qam,64,8,recurrence,fx:W20g8:cg6,20,8,6,ok,-8.494626e-01,-8.862268e-04,0.000000e+00
16qam,64,8,recurrence,fx:W20g8:cg8,20,8,8,ok,-8.494626e-01,-8.862268e-04,-8.862268e-04
16qam,64,16,recurrence,zf,,,,ok,-5.222420e-02,7.770998e-02,
16qam,64,16,recurrence,mmse,,,,ok,-1.299342e-01,0.000000e+00,
16qam,64,16,recurrence,cg1,,,1,floor,,,
16qam,64,16,recurrence,cg2,,,2,floor,,,
16qam,64,16,recurrence,cg3,,,3,ok,3.712115e+00,3.842049e+00,
16qam,64,16,recurrence,cg4,,,4,ok,3.687469e-01,4.986811e-01,
16qam,64,16,recurrence,cg6,,,6,ok,-8.587688e-02,4.405730e-02,
16qam,64,16,recurrence,cg8,,,8,ok,-1.304020e-01,-4.677825e-04,
16qam,64,16,recurrence,cg12,,,12,ok,-1.299342e-01,0.000000e+00,
16qam,64,16,recurrence,cg16,,,16,ok,-1.299342e-01,0.000000e+00,
16qam,64,16,recurrence,fx:W8g0:cg1,8,0,1,floor,,,
16qam,64,16,recurrence,fx:W8g0:cg2,8,0,2,floor,,,
16qam,64,16,recurrence,fx:W8g0:cg3,8,0,3,floor,,,
16qam,64,16,recurrence,fx:W8g0:cg4,8,0,4,floor,,,
16qam,64,16,recurrence,fx:W8g0:cg6,8,0,6,floor,,,
16qam,64,16,recurrence,fx:W8g0:cg8,8,0,8,floor,,,
16qam,64,16,recurrence,fx:W8g0:cg12,8,0,12,floor,,,
16qam,64,16,recurrence,fx:W8g0:cg16,8,0,16,floor,,,
16qam,64,16,recurrence,fx:W8g4:cg1,8,4,1,floor,,,
16qam,64,16,recurrence,fx:W8g4:cg2,8,4,2,floor,,,
16qam,64,16,recurrence,fx:W8g4:cg3,8,4,3,floor,,,
16qam,64,16,recurrence,fx:W8g4:cg4,8,4,4,floor,,,
16qam,64,16,recurrence,fx:W8g4:cg6,8,4,6,floor,,,
16qam,64,16,recurrence,fx:W8g4:cg8,8,4,8,floor,,,
16qam,64,16,recurrence,fx:W8g4:cg12,8,4,12,floor,,,
16qam,64,16,recurrence,fx:W8g4:cg16,8,4,16,floor,,,
16qam,64,16,recurrence,fx:W8g8:cg1,8,8,1,floor,,,
16qam,64,16,recurrence,fx:W8g8:cg2,8,8,2,floor,,,
16qam,64,16,recurrence,fx:W8g8:cg3,8,8,3,floor,,,
16qam,64,16,recurrence,fx:W8g8:cg4,8,8,4,floor,,,
16qam,64,16,recurrence,fx:W8g8:cg6,8,8,6,floor,,,
16qam,64,16,recurrence,fx:W8g8:cg8,8,8,8,floor,,,
16qam,64,16,recurrence,fx:W8g8:cg12,8,8,12,floor,,,
16qam,64,16,recurrence,fx:W8g8:cg16,8,8,16,floor,,,
16qam,64,16,recurrence,fx:W10g0:cg1,10,0,1,floor,,,
16qam,64,16,recurrence,fx:W10g0:cg2,10,0,2,floor,,,
16qam,64,16,recurrence,fx:W10g0:cg3,10,0,3,floor,,,
16qam,64,16,recurrence,fx:W10g0:cg4,10,0,4,floor,,,
16qam,64,16,recurrence,fx:W10g0:cg6,10,0,6,floor,,,
16qam,64,16,recurrence,fx:W10g0:cg8,10,0,8,floor,,,
16qam,64,16,recurrence,fx:W10g0:cg12,10,0,12,floor,,,
16qam,64,16,recurrence,fx:W10g0:cg16,10,0,16,floor,,,
16qam,64,16,recurrence,fx:W10g4:cg1,10,4,1,floor,,,
16qam,64,16,recurrence,fx:W10g4:cg2,10,4,2,floor,,,
16qam,64,16,recurrence,fx:W10g4:cg3,10,4,3,ok,4.398087e+00,4.528021e+00,6.859713e-01
16qam,64,16,recurrence,fx:W10g4:cg4,10,4,4,ok,9.214396e-01,1.051374e+00,5.526927e-01
16qam,64,16,recurrence,fx:W10g4:cg6,10,4,6,ok,9.353516e-01,1.065286e+00,1.021228e+00
16qam,64,16,recurrence,fx:W10g4:cg8,10,4,8,ok,1.717095e+00,1.847029e+00,1.847497e+00
16qam,64,16,recurrence,fx:W10g4:cg12,10,4,12,floor,,,
16qam,64,16,recurrence,fx:W10g4:cg16,10,4,16,floor,,,
16qam,64,16,recurrence,fx:W10g8:cg1,10,8,1,floor,,,
16qam,64,16,recurrence,fx:W10g8:cg2,10,8,2,floor,,,
16qam,64,16,recurrence,fx:W10g8:cg3,10,8,3,ok,4.324520e+00,4.454455e+00,6.124050e-01
16qam,64,16,recurrence,fx:W10g8:cg4,10,8,4,ok,6.576247e-01,7.875589e-01,2.888779e-01
16qam,64,16,recurrence,fx:W10g8:cg6,10,8,6,ok,4.428151e-01,5.727493e-01,5.286920e-01
16qam,64,16,recurrence,fx:W10g8:cg8,10,8,8,ok,7.019541e-01,8.318883e-01,8.323561e-01
16qam,64,16,recurrence,fx:W10g8:cg12,10,8,12,ok,1.282948e+00,1.412882e+00,1.412882e+00
16qam,64,16,recurrence,fx:W10g8:cg16,10,8,16,ok,4.061229e+00,4.191163e+00,4.191163e+00
16qam,64,16,recurrence,fx:W12g0:cg1,12,0,1,floor,,,
16qam,64,16,recurrence,fx:W12g0:cg2,12,0,2,floor,,,
16qam,64,16,recurrence,fx:W12g0:cg3,12,0,3,ok,5.654910e+00,5.784844e+00,1.942795e+00
16qam,64,16,recurrence,fx:W12g0:cg4,12,0,4,ok,4.609670e+00,4.739605e+00,4.240924e+00
16qam,64,16,recurrence,fx:W12g0:cg6,12,0,6,ok,3.094971e+00,3.224905e+00,3.180848e+00
16qam,64,16,recurrence,fx:W12g0:cg8,12,0,8,ok,3.378141e+00,3.508075e+00,3.508543e+00
16qam,64,16,recurrence,fx:W12g0:cg12,12,0,12,ok,3.409936e+00,3.539870e+00,3.539870e+00
16qam,64,16,recurrence,fx:W12g0:cg16,12,0,16,ok,3.398894e+00,3.528829e+00,3.528829e+00
16qam,64,16,recurrence,fx:W12g4:cg1,12,4,1,floor,,,
16qam,64,16,recurrence,fx:W12g4:cg2,12,4,2,floor,,,
16qam,64,16,recurrence,fx:W12g4:cg3,12,4,3,ok,3.749118e+00,3.879052e+00,3.700268e-02
16qam,64,16,recurrence,fx:W12g4:cg4,12,4,4,ok,3.705560e-01,5.004902e-01,1.809135e-03
16qam,64,16,recurrence,fx:W12g4:cg6,12,4,6,ok,4.931462e-02,1.792488e-01,1.351915e-01
16qam,64,16,recurrence,fx:W12g4:cg8,12,4,8,ok,1.200149e-01,2.499491e-01,2.504169e-01
16qam,64,16,recurrence,fx:W12g4:cg12,12,4,12,ok,5.428075e-01,6.727417e-01,6.727417e-01
16qam,64,16,recurrence,fx:W12g4:cg16,12,4,16,ok,8.483095e-01,9.782437e-01,9.782437e-01
16qam,64,16,recurrence,fx:W12g8:cg1,12,8,1,floor,,,
16qam,64,16,recurrence,fx:W12g8:cg2,12,8,2,floor,,,
16qam,64,16,recurrence,fx:W12g8:cg3,12,8,3,ok,3.745476e+00,3.875410e+00,3.336088e-02
16qam,64,16,recurrence,fx:W12g8:cg4,12,8,4,ok,3.493193e-01,4.792535e-01,-1.942756e-02
16qam,64,16,recurrence,fx:W12g8:cg6,12,8,6,ok,9.750706e-03,1.396849e-01,9.562759e-02
16qam,64,16,recurrence,fx:W12g8:cg8,12,8,8,ok,-6.402782e-04,1.292939e-01,1.297617e-01
16qam,64,16,recurrence,fx:W12g8:cg12,12,8,12,ok,9.552763e-02,2.254618e-01,2.254618e-01
16qam,64,16,recurrence,fx:W12g8:cg16,12,8,16,floor,,,
16qam,64,16,recurrence,fx:W14g0:cg1,14,0,1,floor,,,
16qam,64,16,recurrence,fx:W14g0:cg2,14,0,2,floor,,,
16qam,64,16,recurrence,fx:W14g0:cg3,14,0,3,ok,3.775587e+00,3.905522e+00,6.347211e-02
16qam,64,16,recurrence,fx:W14g0:cg4,14,0,4,ok,7.416720e-01,8.716062e-01,3.729251e-01
16qam,64,16,recurrence,fx:W14g0:cg6,14,0,6,ok,4.974109e-01,6.273451e-01,5.832878e-01
16qam,64,16,recurrence,fx:W14g0:cg8,14,0,8,ok,5.863653e-01,7.162994e-01,7.167672e-01
16qam,64,16,recurrence,fx:W14g0:cg12,14,0,12,ok,8.197819e-01,9.497161e-01,9.497161e-01
16qam,64,16,recurrence,fx:W14g0:cg16,14,0,16,ok,8.015139e-01,9.314481e-01,9.314481e-01
16qam,64,16,recurrence,fx:W14g4:cg1,14,4,1,floor,,,
16qam,64,16,recurrence,fx:W14g4:cg2,14,4,2,floor,,,
16qam,64,16,recurrence,fx:W14g4:cg3,14,4,3,ok,3.713357e+00,3.843291e+00,1.241544e-03
16qam,64,16,recurrence,fx:W14g4:cg4,14,4,4,ok,3.852327e-01,5.151669e-01,1.648584e-02
16qam,64,16,recurrence,fx:W14g4:cg6,14,4,6,ok,-6.828661e-02,6.164757e-02,1.759027e-02
16qam,64,16,recurrence,fx:W14g4:cg8,14,4,8,ok,-8.617886e-02,4.375533e-02,4.422311e-02
16qam,64,16,recurrence,fx:W14g4:cg12,14,4,12,ok,-8.017895e-02,4.975523e-02,4.975523e-02
16qam,64,16,recurrence,fx:W14g4:cg16,14,4,16,ok,-7.695354e-02,5.298064e-02,5.298064e-02
16qam,64,16,recurrence,fx:W14g8:cg1,14,8,1,floor,,,
16qam,64,16,recurrence,fx:W14g8:cg2,14,8,2,floor,,,
16qam,64,16,recurrence,fx:W14g8:cg3,14,8,3,ok,3.707161e+00,3.837095e+00,-4.954065e-03
16qam,64,16,recurrence,fx:W14g8:cg4,14,8,4,ok,3.835693e-01,5.135035e-01,1.482242e-02
16qam,64,16,recurrence,fx:W14g8:cg6,14,8,6,ok,-6.140266e-02,6.853152e-02,2.447422e-02
16qam,64,16,recurrence,fx:W14g8:cg8,14,8,8,ok,-1.223600e-01,7.574156e-03,8.041939e-03
16qam,64,16,recurrence,fx:W14g8:cg12,14,8,12,ok,-9.667004e-02,3.326414e-02,3.326414e-02
16qam,64,16,recurrence,fx:W14g8:cg16,14,8,16,ok,1.223106e+00,1.353040e+00,1.353040e+00
16qam,64,16,recurrence,fx:W16g0:cg1,16,0,1,floor,,,
16qam,64,16,recurrence,fx:W16g0:cg2,16,0,2,floor,,,
16qam,64,16,recurrence,fx:W16g0:cg3,16,0,3,ok,3.710174e+00,3.840108e+00,-1.941375e-03
16qam,64,16,recurrence,fx:W16g0:cg4,16,0,4,ok,3.734103e-01,5.033445e-01,4.663443e-03
16qam,64,16,recurrence,fx:W16g0:cg6,16,0,6,ok,4.351499e-02,1.734492e-01,1.293919e-01
16qam,64,16,recurrence,fx:W16g0:cg8,16,0,8,ok,3.685161e-02,1.667858e-01,1.672536e-01
16qam,64,16,recurrence,fx:W16g0:cg12,16,0,12,ok,6.066659e-02,1.906008e-01,1.906008e-01
16qam,64,16,recurrence,fx:W16g0:cg16,16,0,16,ok,1.706872e-01,3.006214e-01,3.006214e-01
16qam,64,16,recurrence,fx:W16g4:cg1,16,4,1,floor,,,
16qam,64,16,recurrence,fx:W16g4:cg2,16,4,2,floor,,,
16qam,64,16,recurrence,fx:W16g4:cg3,16,4,3,ok,3.708009e+00,3.837943e+00,-4.106633e-03
16qam,64,16,recurrence,fx:W16g4:cg4,16,4,4,ok,3.713120e-01,5.012462e-01,2.565173e-03
16qam,64,16,recurrence,fx:W16g4:cg6,16,4,6,ok,-7.827842e-02,5.165576e-02,7.598461e-03
16qam,64,16,recurrence,fx:W16g4:cg8,16,4,8,ok,-7.913207e-02,5.080211e-02,5.126989e-02
16qam,64,16,recurrence,fx:W16g4:cg12,16,4,12,ok,-7.050364e-02,5.943054e-02,5.943054e-02
16qam,64,16,recurrence,fx:W16g4:cg16,16,4,16,ok,-6.521145e-02,6.472273e-02,6.472273e-02
16qam,64,16,recurrence,fx:W16g8:cg1,16,8,1,floor,,,
16qam,64,16,recurrence,fx:W16g8:cg2,16,8,2,floor,,,
16qam,64,16,recurrence,fx:W16g8:cg3,16,8,3,ok,3.707586e+00,3.837520e+00,-4.529687e-03
16qam,64,16,recurrence,fx:W16g8:cg4,16,8,4,ok,3.700274e-01,4.999616e-01,1.280555e-03
16qam,64,16,recurrence,fx:W16g8:cg6,16,8,6,ok,-7.718090e-02,5.275328e-02,8.695976e-03
16qam,64,16,recurrence,fx:W16g8:cg8,16,8,8,ok,-1.228078e-01,7.126372e-03,7.594155e-03
16qam,64,16,recurrence,fx:W16g8:cg12,16,8,12,ok,-1.228078e-01,7.126372e-03,7.126372e-03
16qam,64,16,recurrence,fx:W16g8:cg16,16,8,16,ok,-1.214787e-01,8.455502e-03,8.455502e-03
16qam,64,16,recurrence,fx:W18g0:cg1,18,0,1,floor,,,
16qam,64,16,recurrence,fx:W18g0:cg2,18,0,2,floor,,,
16qam,64,16,recurrence,fx:W18g0:cg3,18,0,3,ok,3.707799e+00,3.837734e+00,-4.315833e-03
16qam,64,16,recurrence,fx:W18g0:cg4,18,0,4,ok,3.615950e-01,4.915292e-01,-7.151819e-03
16qam,64,16,recurrence,fx:W18g0:cg6,18,0,6,ok,-7.438120e-02,5.555298e-02,1.149568e-02
16qam,64,16,recurrence,fx:W18g0:cg8,18,0,8,ok,-7.561612e-02,5.431807e-02,5.478585e-02
16qam,64,16,recurrence,fx:W18g0:cg12,18,0,12,ok,-4.740312e-02,8.253106e-02,8.253106e-02
16qam,64,16,recurrence,fx:W18g0:cg16,18,0,16,ok,-1.578467e-02,1.141495e-01,1.141495e-01
16qam,64,16,recurrence,fx:W18g4:cg1,18,4,1,floor,,,
16qam,64,16,recurrence,fx:W18g4:cg2,18,4,2,floor,,,
16qam,64,16,recurrence,fx:W18g4:cg3,18,4,3,ok,3.711787e+00,3.841721e+00,-3.283056e-04
16qam,64,16,recurrence,fx:W18g4:cg4,18,4,4,ok,3.674702e-01,4.974044e-01,-1.276654e-03
16qam,64,16,recurrence,fx:W18g4:cg6,18,4,6,ok,-6.118169e-02,6.875249e-02,2.469519e-02
16qam,64,16,recurrence,fx:W18g4:cg8,18,4,8,ok,-1.060355e-01,2.389871e-02,2.436649e-02
16qam,64,16,recurrence,fx:W18g4:cg12,18,4,12,ok,-1.064308e-01,2.350342e-02,2.350342e-02
16qam,64,16,recurrence,fx:W18g4:cg16,18,4,16,ok,-1.926390e-02,1.106703e-01,1.106703e-01
16qam,64,16,recurrence,fx:W18g8:cg1,18,8,1,floor,,,
16qam,64,16,recurrence,fx:W18g8:cg2,18,8,2,floor,,,
16qam,64,16,recurrence,fx:W18g8:cg3,18,8,3,ok,3.711458e+00,3.841392e+00,-6.574889e-04
16qam,64,16,recurrence,fx:W18g8:cg4,18,8,4,ok,3.674702e-01,4.974044e-01,-1.276654e-03
16qam,64,16,recurrence,fx:W18g8:cg6,18,8,6,ok,-8.528208e-02,4.465210e-02,5.947963e-04
16qam,64,16,recurrence,fx:W18g8:cg8,18,8,8,ok,-1.308748e-01,-9.406079e-04,-4.728253e-04
16qam,64,16,recurrence,fx:W18g8:cg12,18,8,12,ok,-1.457373e-01,-1.580307e-02,-1.580307e-02
16qam,64,16,recurrence,fx:W18g8:cg16,18,8,16,ok,-1.457373e-01,-1.580307e-02,-1.580307e-02
16qam,64,16,recurrence,fx:W20g0:cg1,20,0,1,floor,,,
16qam,64,16,recurrence,fx:W20g0:cg2,20,0,2,floor,,,
16qam,64,16,recurrence,fx:W20g0:cg3,20,0,3,ok,3.711984e+00,3.841918e+00,-1.312172e-04
16qam,64,16,recurrence,fx:W20g0:cg4,20,0,4,ok,3.700274e-01,4.999616e-01,1.280555e-03
16qam,64,16,recurrence,fx:W20g0:cg6,20,0,6,ok,-4.399362e-02,8.594056e-02,4.188326e-02
16qam,64,16,recurrence,fx:W20g0:cg8,20,0,8,ok,-7.129050e-02,5.864369e-02,5.911147e-02
16qam,64,16,recurrence,fx:W20g0:cg12,20,0,12,ok,-6.254335e-02,6.739083e-02,6.739083e-02
16qam,64,16,recurrence,fx:W20g0:cg16,20,0,16,ok,-6.254335e-02,6.739083e-02,6.739083e-02
16qam,64,16,recurrence,fx:W20g4:cg1,20,4,1,floor,,,
16qam,64,16,recurrence,fx:W20g4:cg2,20,4,2,floor,,,
16qam,64,16,recurrence,fx:W20g4:cg3,20,4,3,ok,3.712344e+00,3.842278e+00,2.283939e-04
16qam,64,16,recurrence,fx:W20g4:cg4,20,4,4,ok,3.687469e-01,4.986811e-01,0.000000e+00
16qam,64,16,recurrence,fx:W20g4:cg6,20,4,6,ok,-8.587688e-02,4.405730e-02,0.000000e+00
16qam,64,16,recurrence,fx:W20g4:cg8,20,4,8,ok,-1.398727e-01,-9.938514e-03,-9.470732e-03
16qam,64,16,recurrence,fx:W20g4:cg12,20,4,12,ok,-1.472990e-01,-1.736481e-02,-1.736481e-02
16qam,64,16,recurrence,fx:W20g4:cg16,20,4,16,ok,-1.472990e-01,-1.736481e-02,-1.736481e-02
16qam,64,16,recurrence,fx:W20g8:cg1,20,8,1,floor,,,
16qam,64,16,recurrence,fx:W20g8:cg2,20,8,2,floor,,,
16qam,64,16,recurrence,fx:W20g8:cg3,20,8,3,ok,3.712410e+00,3.842344e+00,2.945807e-04
16qam,64,16,recurrence,fx:W20g8:cg4,20,8,4,ok,3.674702e-01,4.974044e-01,-1.276654e-03
16qam,64,16,recurrence,fx:W20g8:cg6,20,8,6,ok,-8.557795e-02,4.435624e-02,2.989339e-04
16qam,64,16,recurrence,fx:W20g8:cg8,20,8,8,ok,-1.308748e-01,-9.406079e-04,-4.728253e-04
16qam,64,16,recurrence,fx:W20g8:cg12,20,8,12,ok,-1.383656e-01,-8.431418e-03,-8.431418e-03
16qam,64,16,recurrence,fx:W20g8:cg16,20,8,16,ok,-1.383656e-01,-8.431418e-03,-8.431418e-03
16qam,128,4,recurrence,zf,,,,ok,-4.397993e+00,-6.837356e-03,
16qam,128,4,recurrence,mmse,,,,ok,-4.391155e+00,0.000000e+00,
16qam,128,4,recurrence,cg1,,,1,floor,,,
16qam,128,4,recurrence,cg2,,,2,ok,-4.349656e+00,4.149922e-02,
16qam,128,4,recurrence,cg3,,,3,ok,-4.400387e+00,-9.232135e-03,
16qam,128,4,recurrence,cg4,,,4,ok,-4.391155e+00,0.000000e+00,
16qam,128,4,recurrence,fx:W8g0:cg1,8,0,1,floor,,,
16qam,128,4,recurrence,fx:W8g0:cg2,8,0,2,floor,,,
16qam,128,4,recurrence,fx:W8g0:cg3,8,0,3,floor,,,
16qam,128,4,recurrence,fx:W8g0:cg4,8,0,4,floor,,,
16qam,128,4,recurrence,fx:W8g4:cg1,8,4,1,floor,,,
16qam,128,4,recurrence,fx:W8g4:cg2,8,4,2,floor,,,
16qam,128,4,recurrence,fx:W8g4:cg3,8,4,3,ok,-1.053852e+00,3.337304e+00,3.346536e+00
16qam,128,4,recurrence,fx:W8g4:cg4,8,4,4,ok,-1.173740e+00,3.217415e+00,3.217415e+00
16qam,128,4,recurrence,fx:W8g8:cg1,8,8,1,floor,,,
16qam,128,4,recurrence,fx:W8g8:cg2,8,8,2,ok,-2.577313e+00,1.813842e+00,1.772343e+00
16qam,128,4,recurrence,fx:W8g8:cg3,8,8,3,ok,-4.393828e-01,3.951772e+00,3.961005e+00
16qam,128,4,recurrence,fx:W8g8:cg4,8,8,4,floor,,,
16qam,128,4,recurrence,fx:W10g0:cg1,10,0,1,floor,,,
16qam,128,4,recurrence,fx:W10g0:cg2,10,0,2,floor,,,
16qam,128,4,recurrence,fx:W10g0:cg3,10,0,3,floor,,,
16qam,128,4,recurrence,fx:W10g0:cg4,10,0,4,floor,,,
16qam,128,4,recurrence,fx:W10g4:cg1,10,4,1,floor,,,
16qam,128,4,recurrence,fx:W10g4:cg2,10,4,2,ok,-3.598607e+00,7.925486e-01,7.510494e-01
16qam,128,4,recurrence,fx:W10g4:cg3,10,4,3,ok,-3.872553e+00,5.186027e-01,5.278348e-01
16qam,128,4,recurrence,fx:W10g4:cg4,10,4,4,ok,-3.970152e+00,4.210036e-01,4.210036e-01
16qam,128,4,recurrence,fx:W10g8:cg1,10,8,1,floor,,,
16qam,128,4,recurrence,fx:W10g8:cg2,10,8,2,ok,-4.226156e+00,1.649992e-01,1.235000e-01
16qam,128,4,recurrence,fx:W10g8:cg3,10,8,3,ok,-4.259204e+00,1.319509e-01,1.411830e-01
16qam,128,4,recurrence,fx:W10g8:cg4,10,8,4,ok,-4.289584e+00,1.015711e-01,1.015711e-01
16qam,128,4,recurrence,fx:W12g0:cg1,12,0,1,floor,,,
16qam,128,4,recurrence,fx:W12g0:cg2,12,0,2,floor,,,
16qam,128,4,recurrence,fx:W12g0:cg3,12,0,3,ok,-1.866394e+00,2.524762e+00,2.533994e+00
16qam,128,4,recurrence,fx:W12g0:cg4,12,0,4,ok,-1.872151e+00,2.519004e+00,2.519004e+00
16qam,128,4,recurrence,fx:W12g4:cg1,12,4,1,floor,,,
16qam,128,4,recurrence,fx:W12g4:cg2,12,4,2,ok,-4.318642e+00,7.251325e-02,3.101403e-02
16qam,128,4,recurrence,fx:W12g4:cg3,12,4,3,ok,-4.328390e+00,6.276524e-02,7.199738e-02
16qam,128,4,recurrence,fx:W12g4:cg4,12,4,4,ok,-4.343239e+00,4.791577e-02,4.791577e-02
16qam,128,4,recurrence,fx:W12g8:cg1,12,8,1,floor,,,
16qam,128,4,recurrence,fx:W12g8:cg2,12,8,2,ok,-4.341045e+00,5.011018e-02,8.610956e-03
16qam,128,4,recurrence,fx:W12g8:cg3,12,8,3,ok,-4.397322e+00,-6.167144e-03,3.064992e-03
16qam,128,4,recurrence,fx:W12g8:cg4,12,8,4,ok,-4.398534e+00,-7.378866e-03,-7.378866e-03
16qam,128,4,recurrence,fx:W14g0:cg1,14,0,1,floor,,,
16qam,128,4,recurrence,fx:W14g0:cg2,14,0,2,ok,-3.642053e+00,7.491023e-01,7.076031e-01
16qam,128,4,recurrence,fx:W14g0:cg3,14,0,3,ok,-3.919055e+00,4.721003e-01,4.813325e-01
16qam,128,4,recurrence,fx:W14g0:cg4,14,0,4,ok,-4.031398e+00,3.597569e-01,3.597569e-01
16qam,128,4,recurrence,fx:W14g4:cg1,14,4,1,floor,,,
16qam,128,4,recurrence,fx:W14g4:cg2,14,4,2,ok,-4.349656e+00,4.149922e-02,0.000000e+00
16qam,128,4,recurrence,fx:W14g4:cg3,14,4,3,ok,-4.376010e+00,1.514525e-02,2.437739e-02
16qam,128,4,recurrence,fx:W14g4:cg4,14,4,4,ok,-4.389962e+00,1.193552e-03,1.193552e-03
16qam,128,4,recurrence,fx:W14g8:cg1,14,8,1,floor,,,
16qam,128,4,recurrence,fx:W14g8:cg2,14,8,2,ok,-4.348651e+00,4.250464e-02,1.005414e-03
16qam,128,4,recurrence,fx:W14g8:cg3,14,8,3,ok,-4.393048e+00,-1.892916e-03,7.339219e-03
16qam,128,4,recurrence,fx:W14g8:cg4,14,8,4,ok,-4.390689e+00,4.659931e-04,4.659931e-04
16qam,128,4,recurrence,fx:W16g0:cg1,16,0,1,floor,,,
16qam,128,4,recurrence,fx:W16g0:cg2,16,0,2,ok,-4.319312e+00,7.184286e-02,3.034363e-02
16qam,128,4,recurrence,fx:W16g0:cg3,16,0,3,ok,-4.330191e+00,6.096444e-02,7.019658e-02
16qam,128,4,recurrence,fx:W16g0:cg4,16,0,4,ok,-4.352788e+00,3.836706e-02,3.836706e-02
16qam,128,4,recurrence,fx:W16g4:cg1,16,4,1,floor,,,
16qam,128,4,recurrence,fx:W16g4:cg2,16,4,2,ok,-4.349656e+00,4.149922e-02,0.000000e+00
16qam,128,4,recurrence,fx:W16g4:cg3,16,4,3,ok,-4.398534e+00,-7.378866e-03,1.853269e-03
16qam,128,4,recurrence,fx:W16g4:cg4,16,4,4,ok,-4.393578e+00,-2.422264e-03,-2.422264e-03
16qam,128,4,recurrence,fx:W16g8:cg1,16,8,1,floor,,,
16qam,128,4,recurrence,fx:W16g8:cg2,16,8,2,ok,-4.346406e+00,4.474917e-02,3.249942e-03
16qam,128,4,recurrence,fx:W16g8:cg3,16,8,3,ok,-4.401039e+00,-9.884091e-03,-6.519558e-04
16qam,128,4,recurrence,fx:W16g8:cg4,16,8,4,ok,-4.398684e+00,-7.528823e-03,-7.528823e-03
16qam,128,4,recurrence,fx:W18g0:cg1,18,0,1,floor,,,
16qam,128,4,recurrence,fx:W18g0:cg2,18,0,2,ok,-4.344206e+00,4.694917e-02,5.449944e-03
16qam,128,4,recurrence,fx:W18g0:cg3,18,0,3,ok,-4.377989e+00,1.316590e-02,2.239804e-02
16qam,128,4,recurrence,fx:W18g0:cg4,18,0,4,ok,-4.385302e+00,5.853186e-03,5.853186e-03
16qam,128,4,recurrence,fx:W18g4:cg1,18,4,1,floor,,,
16qam,128,4,recurrence,fx:W18g4:cg2,18,4,2,ok,-4.349656e+00,4.149922e-02,0.000000e+00
16qam,128,4,recurrence,fx:W18g4:cg3,18,4,3,ok,-4.393757e+00,-2.601627e-03,6.630508e-03
16qam,128,4,recurrence,fx:W18g4:cg4,18,4,4,ok,-4.392591e+00,-1.435709e-03,-1.435709e-03
16qam,128,4,recurrence,fx:W18g8:cg1,18,8,1,floor,,,
16qam,128,4,recurrence,fx:W18g8:cg2,18,8,2,ok,-4.349656e+00,4.149922e-02,0.000000e+00
16qam,128,4,recurrence,fx:W18g8:cg3,18,8,3,ok,-4.400387e+00,-9.232135e-03,0.000000e+00
16qam,128,4,recurrence,fx:W18g8:cg4,18,8,4,ok,-4.394245e+00,-3.089810e-03,-3.089810e-03
16qam,128,4,recurrence,fx:W20g0:cg1,20,0,1,floor,,,
16qam,128,4,recurrence,fx:W20g0:cg2,20,0,2,ok,-4.346406e+00,4.474917e-02,3.249942e-03
16qam,128,4,recurrence,fx:W20g0:cg3,20,0,3,ok,-4.401602e+00,-1.044698e-02,-1.214841e-03
16qam,128,4,recurrence,fx:W20g0:cg4,20,0,4,ok,-4.400994e+00,-9.838461e-03,-9.838461e-03
16qam,128,4,recurrence,fx:W20g4:cg1,20,4,1,floor,,,
16qam,128,4,recurrence,fx:W20g4:cg2,20,4,2,ok,-4.349656e+00,4.149922e-02,0.000000e+00
16qam,128,4,recurrence,fx:W20g4:cg3,20,4,3,ok,-4.400387e+00,-9.232135e-03,0.000000e+00
16qam,128,4,recurrence,fx:W20g4:cg4,20,4,4,ok,-4.397993e+00,-6.837356e-03,-6.837356e-03
16qam,128,4,recurrence,fx:W20g8:cg1,20,8,1,floor,,,
16qam,128,4,recurrence,fx:W20g8:cg2,20,8,2,ok,-4.349656e+00,4.149922e-02,0.000000e+00
16qam,128,4,recurrence,fx:W20g8:cg3,20,8,3,ok,-4.400387e+00,-9.232135e-03,0.000000e+00
16qam,128,4,recurrence,fx:W20g8:cg4,20,8,4,ok,-4.398534e+00,-7.378866e-03,-7.378866e-03
16qam,128,8,recurrence,zf,,,,ok,-4.256518e+00,3.833226e-02,
16qam,128,8,recurrence,mmse,,,,ok,-4.294850e+00,0.000000e+00,
16qam,128,8,recurrence,cg1,,,1,floor,,,
16qam,128,8,recurrence,cg2,,,2,ok,-3.607123e+00,6.877263e-01,
16qam,128,8,recurrence,cg3,,,3,ok,-4.276608e+00,1.824225e-02,
16qam,128,8,recurrence,cg4,,,4,ok,-4.294198e+00,6.519392e-04,
16qam,128,8,recurrence,cg6,,,6,ok,-4.294850e+00,0.000000e+00,
16qam,128,8,recurrence,cg8,,,8,ok,-4.294850e+00,0.000000e+00,
16qam,128,8,recurrence,fx:W8g0:cg1,8,0,1,floor,,,
16qam,128,8,recurrence,fx:W8g0:cg2,8,0,2,floor,,,
16qam,128,8,recurrence,fx:W8g0:cg3,8,0,3,floor,,,
16qam,128,8,recurrence,fx:W8g0:cg4,8,0,4,floor,,,
16qam,128,8,recurrence,fx:W8g0:cg6,8,0,6,floor,,,
16qam,128,8,recurrence,fx:W8g0:cg8,8,0,8,floor,,,
16qam,128,8,recurrence,fx:W8g4:cg1,8,4,1,floor,,,
16qam,128,8,recurrence,fx:W8g4:cg2,8,4,2,ok,4.442155e-02,4.339271e+00,3.651545e+00
16qam,128,8,recurrence,fx:W8g4:cg3,8,4,3,ok,2.841609e-01,4.579011e+00,4.560768e+00
16qam,128,8,recurrence,fx:W8g4:cg4,8,4,4,ok,-1.333010e-01,4.161549e+00,4.160897e+00
16qam,128,8,recurrence,fx:W8g4:cg6,8,4,6,ok,2.457041e-01,4.540554e+00,4.540554e+00
16qam,128,8,recurrence,fx:W8g4:cg8,8,4,8,ok,2.768615e-01,4.571711e+00,4.571711e+00
16qam,128,8,recurrence,fx:W8g8:cg1,8,8,1,floor,,,
16qam,128,8,recurrence,fx:W8g8:cg2,8,8,2,ok,-1.525890e+00,2.768960e+00,2.081233e+00
16qam,128,8,recurrence,fx:W8g8:cg3,8,8,3,ok,-3.067426e-01,3.988107e+00,3.969865e+00
16qam,128,8,recurrence,fx:W8g8:cg4,8,8,4,floor,,,
16qam,128,8,recurrence,fx:W8g8:cg6,8,8,6,floor,,,
16qam,128,8,recurrence,fx:W8g8:cg8,8,8,8,floor,,,
16qam,128,8,recurrence,fx:W10g0:cg1,10,0,1,floor,,,
16qam,128,8,recurrence,fx:W10g0:cg2,10,0,2,floor,,,
16qam,128,8,recurrence,fx:W10g0:cg3,10,0,3,floor,,,
16qam,128,8,recurrence,fx:W10g0:cg4,10,0,4,floor,,,
16qam,128,8,recurrence,fx:W10g0:cg6,10,0,6,floor,,,
16qam,128,8,recurrence,fx:W10g0:cg8,10,0,8,floor,,,
16qam,128,8,recurrence,fx:W10g4:cg1,10,4,1,floor,,,
16qam,128,8,recurrence,fx:W10g4:cg2,10,4,2,ok,-3.470625e+00,8.242244e-01,1.364980e-01
16qam,128,8,recurrence,fx:W10g4:cg3,10,4,3,ok,-3.604635e+00,6.902147e-01,6.719725e-01
16qam,128,8,recurrence,fx:W10g4:cg4,10,4,4,ok,-3.918744e+00,3.761054e-01,3.754535e-01
16qam,128,8,recurrence,fx:W10g4:cg6,10,4,6,ok,-3.919132e+00,3.757174e-01,3.757174e-01
16qam,128,8,recurrence,fx:W10g4:cg8,10,4,8,ok,-3.919132e+00,3.757174e-01,3.757174e-01
16qam,128,8,recurrence,fx:W10g8:cg1,10,8,1,floor,,,
16qam,128,8,recurrence,fx:W10g8:cg2,10,8,2,ok,-3.521329e+00,7.735209e-01,8.579456e-02
16qam,128,8,recurrence,fx:W10g8:cg3,10,8,3,ok,-4.134487e+00,1.603624e-01,1.421202e-01
16qam,128,8,recurrence,fx:W10g8:cg4,10,8,4,ok,-4.079082e+00,2.157683e-01,2.151163e-01
16qam,128,8,recurrence,fx:W10g8:cg6,10,8,6,ok,-3.993026e+00,3.018240e-01,3.018240e-01
16qam,128,8,recurrence,fx:W10g8:cg8,10,8,8,ok,-3.801975e+00,4.928748e-01,4.928748e-01
16qam,128,8,recurrence,fx:W12g0:cg1,12,0,1,floor,,,
16qam,128,8,recurrence,fx:W12g0:cg2,12,0,2,ok,-2.576601e+00,1.718249e+00,1.030522e+00
16qam,128,8,recurrence,fx:W12g0:cg3,12,0,3,ok,-2.789945e+00,1.504905e+00,1.486663e+00
16qam,128,8,recurrence,fx:W12g0:cg4,12,0,4,ok,-3.171470e+00,1.123380e+00,1.122728e+00
16qam,128,8,recurrence,fx:W12g0:cg6,12,0,6,ok,-3.177307e+00,1.117543e+00,1.117543e+00
16qam,128,8,recurrence,fx:W12g0:cg8,12,0,8,ok,-3.177307e+00,1.117543e+00,1.117543e+00
16qam,128,8,recurrence,fx:W12g4:cg1,12,4,1,floor,,,
16qam,128,8,recurrence,fx:W12g4:cg2,12,4,2,ok,-3.586458e+00,7.083918e-01,2.066543e-02
16qam,128,8,recurrence,fx:W12g4:cg3,12,4,3,ok,-4.223956e+00,7.089417e-02,5.265192e-02
16qam,128,8,recurrence,fx:W12g4:cg4,12,4,4,ok,-4.252315e+00,4.253524e-02,4.188330e-02
16qam,128,8,recurrence,fx:W12g4:cg6,12,4,6,ok,-4.260231e+00,3.461851e-02,3.461851e-02
16qam,128,8,recurrence,fx:W12g4:cg8,12,4,8,ok,-4.260231e+00,3.461851e-02,3.461851e-02
16qam,128,8,recurrence,fx:W12g8:cg1,12,8,1,floor,,,
16qam,128,8,recurrence,fx:W12g8:cg2,12,8,2,ok,-3.598379e+00,6.964704e-01,8.744053e-03
16qam,128,8,recurrence,fx:W12g8:cg3,12,8,3,ok,-4.253926e+00,4.092349e-02,2.268125e-02
16qam,128,8,recurrence,fx:W12g8:cg4,12,8,4,ok,-4.267616e+00,2.723363e-02,2.658169e-02
16qam,128,8,recurrence,fx:W12g8:cg6,12,8,6,ok,-4.283243e+00,1.160650e-02,1.160650e-02
16qam,128,8,recurrence,fx:W12g8:cg8,12,8,8,ok,-4.283243e+00,1.160650e-02,1.160650e-02
16qam,128,8,recurrence,fx:W14g0:cg1,14,0,1,floor,,,
16qam,128,8,recurrence,fx:W14g0:cg2,14,0,2,ok,-3.537360e+00,7.574895e-01,6.976318e-02
16qam,128,8,recurrence,fx:W14g0:cg3,14,0,3,ok,-3.629973e+00,6.648765e-01,6.466342e-01
16qam,128,8,recurrence,fx:W14g0:cg4,14,0,4,ok,-3.923280e+00,3.715694e-01,3.709175e-01
16qam,128,8,recurrence,fx:W14g0:cg6,14,0,6,ok,-3.923280e+00,3.715694e-01,3.715694e-01
16qam,128,8,recurrence,fx:W14g0:cg8,14,0,8,ok,-3.923280e+00,3.715694e-01,3.715694e-01
16qam,128,8,recurrence,fx:W14g4:cg1,14,4,1,floor,,,
16qam,128,8,recurrence,fx:W14g4:cg2,14,4,2,ok,-3.596256e+00,6.985939e-01,1.086758e-02
16qam,128,8,recurrence,fx:W14g4:cg3,14,4,3,ok,-4.258067e+00,3.678240e-02,1.854015e-02
16qam,128,8,recurrence,fx:W14g4:cg4,14,4,4,ok,-4.258067e+00,3.678240e-02,3.613046e-02
16qam,128,8,recurrence,fx:W14g4:cg6,14,4,6,ok,-4.269017e+00,2.583273e-02,2.583273e-02
16qam,128,8,recurrence,fx:W14g4:cg8,14,4,8,ok,-4.269017e+00,2.583273e-02,2.583273e-02
16qam,128,8,recurrence,fx:W14g8:cg1,14,8,1,floor,,,
16qam,128,8,recurrence,fx:W14g8:cg2,14,8,2,ok,-3.594804e+00,7.000458e-01,1.231945e-02
16qam,128,8,recurrence,fx:W14g8:cg3,14,8,3,ok,-4.263268e+00,3.158217e-02,1.333992e-02
16qam,128,8,recurrence,fx:W14g8:cg4,14,8,4,ok,-4.299020e+00,-4.170127e-03,-4.822066e-03
16qam,128,8,recurrence,fx:W14g8:cg6,14,8,6,ok,-4.293115e+00,1.734658e-03,1.734658e-03
16qam,128,8,recurrence,fx:W14g8:cg8,14,8,8,ok,-4.293115e+00,1.734658e-03,1.734658e-03
16qam,128,8,recurrence,fx:W16g0:cg1,16,0,1,floor,,,
16qam,128,8,recurrence,fx:W16g0:cg2,16,0,2,ok,-3.604995e+00,6.898552e-01,2.128831e-03
16qam,128,8,recurrence,fx:W16g0:cg3,16,0,3,ok,-4.208082e+00,8.676807e-02,6.852582e-02
16qam,128,8,recurrence,fx:W16g0:cg4,16,0,4,ok,-4.223660e+00,7.119009e-02,7.053815e-02
16qam,128,8,recurrence,fx:W16g0:cg6,16,0,6,ok,-4.246426e+00,4.842419e-02,4.842419e-02
16qam,128,8,recurrence,fx:W16g0:cg8,16,0,8,ok,-4.246426e+00,4.842419e-02,4.842419e-02
16qam,128,8,recurrence,fx:W16g4:cg1,16,4,1,floor,,,
16qam,128,8,recurrence,fx:W16g4:cg2,16,4,2,ok,-3.613230e+00,6.816194e-01,-6.106941e-03
16qam,128,8,recurrence,fx:W16g4:cg3,16,4,3,ok,-4.279910e+00,1.493993e-02,-3.302313e-03
16qam,128,8,recurrence,fx:W16g4:cg4,16,4,4,ok,-4.298135e+00,-3.285007e-03,-3.936946e-03
16qam,128,8,recurrence,fx:W16g4:cg6,16,4,6,ok,-4.300815e+00,-5.965581e-03,-5.965581e-03
16qam,128,8,recurrence,fx:W16g4:cg8,16,4,8,ok,-4.300815e+00,-5.965581e-03,-5.965581e-03
16qam,128,8,recurrence,fx:W16g8:cg1,16,8,1,floor,,,
16qam,128,8,recurrence,fx:W16g8:cg2,16,8,2,ok,-3.608190e+00,6.866595e-01,-1.066872e-03
16qam,128,8,recurrence,fx:W16g8:cg3,16,8,3,ok,-4.279910e+00,1.493993e-02,-3.302313e-03
16qam,128,8,recurrence,fx:W16g8:cg4,16,8,4,ok,-4.298135e+00,-3.285007e-03,-3.936946e-03
16qam,128,8,recurrence,fx:W16g8:cg6,16,8,6,ok,-4.294850e+00,0.000000e+00,0.000000e+00
16qam,128,8,recurrence,fx:W16g8:cg8,16,8,8,ok,-4.294850e+00,0.000000e+00,0.000000e+00
16qam,128,8,recurrence,fx:W18g0:cg1,18,0,1,floor,,,
16qam,128,8,recurrence,fx:W18g0:cg2,18,0,2,ok,-3.607900e+00,6.869499e-01,-7.763838e-04
16qam,128,8,recurrence,fx:W18g0:cg3,18,0,3,ok,-4.250134e+00,4.471617e-02,2.647392e-02
16qam,128,8,recurrence,fx:W18g0:cg4,18,0,4,ok,-4.254996e+00,3.985360e-02,3.920166e-02
16qam,128,8,recurrence,fx:W18g0:cg6,18,0,6,ok,-4.276608e+00,1.824225e-02,1.824225e-02
16qam,128,8,recurrence,fx:W18g0:cg8,18,0,8,ok,-4.276608e+00,1.824225e-02,1.824225e-02
16qam,128,8,recurrence,fx:W18g4:cg1,18,4,1,floor,,,
16qam,128,8,recurrence,fx:W18g4:cg2,18,4,2,ok,-3.603528e+00,6.913214e-01,3.595047e-03
16qam,128,8,recurrence,fx:W18g4:cg3,18,4,3,ok,-4.275011e+00,1.983866e-02,1.596417e-03
16qam,128,8,recurrence,fx:W18g4:cg4,18,4,4,ok,-4.287381e+00,7.469251e-03,6.817312e-03
16qam,128,8,recurrence,fx:W18g4:cg6,18,4,6,ok,-4.287381e+00,7.469251e-03,7.469251e-03
16qam,128,8,recurrence,fx:W18g4:cg8,18,4,8,ok,-4.287381e+00,7.469251e-03,7.469251e-03
16qam,128,8,recurrence,fx:W18g8:cg1,18,8,1,floor,,,
16qam,128,8,recurrence,fx:W18g8:cg2,18,8,2,ok,-3.603528e+00,6.913214e-01,3.595047e-03
16qam,128,8,recurrence,fx:W18g8:cg3,18,8,3,ok,-4.276608e+00,1.824225e-02,0.000000e+00
16qam,128,8,recurrence,fx:W18g8:cg4,18,8,4,ok,-4.294198e+00,6.519392e-04,0.000000e+00
16qam,128,8,recurrence,fx:W18g8:cg6,18,8,6,ok,-4.297513e+00,-2.663558e-03,-2.663558e-03
16qam,128,8,recurrence,fx:W18g8:cg8,18,8,8,ok,-4.295729e+00,-8.794764e-04,-8.794764e-04
16qam,128,8,recurrence,fx:W20g0:cg1,20,0,1,floor,,,
16qam,128,8,recurrence,fx:W20g0:cg2,20,0,2,ok,-3.605318e+00,6.895318e-01,1.805500e-03
16qam,128,8,recurrence,fx:W20g0:cg3,20,0,3,ok,-4.271708e+00,2.314197e-02,4.899728e-03
16qam,128,8,recurrence,fx:W20g0:cg4,20,0,4,ok,-4.293115e+00,1.734658e-03,1.082719e-03
16qam,128,8,recurrence,fx:W20g0:cg6,20,0,6,ok,-4.299913e+00,-5.063688e-03,-5.063688e-03
16qam,128,8,recurrence,fx:W20g0:cg8,20,0,8,ok,-4.299913e+00,-5.063688e-03,-5.063688e-03
16qam,128,8,recurrence,fx:W20g4:cg1,20,4,1,floor,,,
16qam,128,8,recurrence,fx:W20g4:cg2,20,4,2,ok,-3.607123e+00,6.877263e-01,0.000000e+00
16qam,128,8,recurrence,fx:W20g4:cg3,20,4,3,ok,-4.273292e+00,2.155750e-02,3.315257e-03
16qam,128,8,recurrence,fx:W20g4:cg4,20,4,4,ok,-4.297513e+00,-2.663558e-03,-3.315498e-03
16qam,128,8,recurrence,fx:W20g4:cg6,20,4,6,ok,-4.293307e+00,1.542315e-03,1.542315e-03
16qam,128,8,recurrence,fx:W20g4:cg8,20,4,8,ok,-4.293307e+00,1.542315e-03,1.542315e-03
16qam,128,8,recurrence,fx:W20g8:cg1,20,8,1,floor,,,
16qam,128,8,recurrence,fx:W20g8:cg2,20,8,2,ok,-3.607123e+00,6.877263e-01,0.000000e+00
16qam,128,8,recurrence,fx:W20g8:cg3,20,8,3,ok,-4.279910e+00,1.493993e-02,-3.302313e-03
16qam,128,8,recurrence,fx:W20g8:cg4,20,8,4,ok,-4.295097e+00,-2.470697e-04,-8.990089e-04
16qam,128,8,recurrence,fx:W20g8:cg6,20,8,6,ok,-4.297258e+00,-2.408090e-03,-2.408090e-03
16qam,128,8,recurrence,fx:W20g8:cg8,20,8,8,ok,-4.297258e+00,-2.408090e-03,-2.408090e-03
16qam,128,16,recurrence,zf,,,,ok,-3.904243e+00,5.260631e-03,
16qam,128,16,recurrence,mmse,,,,ok,-3.909503e+00,0.000000e+00,
16qam,128,16,recurrence,cg1,,,1,floor,,,
16qam,128,16,recurrence,cg2,,,2,ok,9.023801e-01,4.811884e+00,
16qam,128,16,recurrence,cg3,,,3,ok,-3.652474e+00,2.570298e-01,
16qam,128,16,recurrence,cg4,,,4,ok,-3.861687e+00,4.781598e-02,
16qam,128,16,recurrence,cg6,,,6,ok,-3.903118e+00,6.385233e-03,
16qam,128,16,recurrence,cg8,,,8,ok,-3.908931e+00,5.723435e-04,
16qam,128,16,recurrence,cg12,,,12,ok,-3.909503e+00,0.000000e+00,
16qam,128,16,recurrence,cg16,,,16,ok,-3.909503e+00,0.000000e+00,
16qam,128,16,recurrence,fx:W8g0:cg1,8,0,1,floor,,,
16qam,128,16,recurrence,fx:W8g0:cg2,8,0,2,floor,,,
16qam,128,16,recurrence,fx:W8g0:cg3,8,0,3,floor,,,
16qam,128,16,recurrence,fx:W8g0:cg4,8,0,4,floor,,,
16qam,128,16,recurrence,fx:W8g0:cg6,8,0,6,floor,,,
16qam,128,16,recurrence,fx:W8g0:cg8,8,0,8,floor,,,
16qam,128,16,recurrence,fx:W8g0:cg12,8,0,12,floor,,,
16qam,128,16,recurrence,fx:W8g0:cg16,8,0,16,floor,,,
16qam,128,16,recurrence,fx:W8g4:cg1,8,4,1,floor,,,
16qam,128,16,recurrence,fx:W8g4:cg2,8,4,2,floor,,,
16qam,128,16,recurrence,fx:W8g4:cg3,8,4,3,floor,,,
16qam,128,16,recurrence,fx:W8g4:cg4,8,4,4,floor,,,
16qam,128,16,recurrence,fx:W8g4:cg6,8,4,6,floor,,,
16qam,128,16,recurrence,fx:W8g4:cg8,8,4,8,floor,,,
16qam,128,16,recurrence,fx:W8g4:cg12,8,4,12,floor,,,
16qam,128,16,recurrence,fx:W8g4:cg16,8,4,16,floor,,,
16qam,128,16,recurrence,fx:W8g8:cg1,8,8,1,floor,,,
16qam,128,16,recurrence,fx:W8g8:cg2,8,8,2,floor,,,
16qam,128,16,recurrence,fx:W8g8:cg3,8,8,3,ok,1.284250e+00,5.193753e+00,4.936724e+00
16qam,128,16,recurrence,fx:W8g8:cg4,8,8,4,floor,,,
16qam,128,16,recurrence,fx:W8g8:cg6,8,8,6,floor,,,
16qam,128,16,recurrence,fx:W8g8:cg8,8,8,8,floor,,,
16qam,128,16,recurrence,fx:W8g8:cg12,8,8,12,floor,,,
16qam,128,16,recurrence,fx:W8g8:cg16,8,8,16,floor,,,
16qam,128,16,recurrence,fx:W10g0:cg1,10,0,1,floor,,,
16qam,128,16,recurrence,fx:W10g0:cg2,10,0,2,floor,,,
16qam,128,16,recurrence,fx:W10g0:cg3,10,0,3,floor,,,
16qam,128,16,recurrence,fx:W10g0:cg4,10,0,4,floor,,,
16qam,128,16,recurrence,fx:W10g0:cg6,10,0,6,floor,,,
16qam,128,16,recurrence,fx:W10g0:cg8,10,0,8,floor,,,
16qam,128,16,recurrence,fx:W10g0:cg12,10,0,12,floor,,,
16qam,128,16,recurrence,fx:W10g0:cg16,10,0,16,floor,,,
16qam,128,16,recurrence,fx:W10g4:cg1,10,4,1,floor,,,
16qam,128,16,recurrence,fx:W10g4:cg2,10,4,2,ok,1.221420e+00,5.130924e+00,3.190401e-01
16qam,128,16,recurrence,fx:W10g4:cg3,10,4,3,ok,-3.424562e+00,4.849419e-01,2.279121e-01
16qam,128,16,recurrence,fx:W10g4:cg4,10,4,4,ok,-3.453061e+00,4.564425e-01,4.086265e-01
16qam,128,16,recurrence,fx:W10g4:cg6,10,4,6,ok,-3.542998e+00,3.665050e-01,3.601197e-01
16qam,128,16,recurrence,fx:W10g4:cg8,10,4,8,ok,-3.455500e+00,4.540038e-01,4.534315e-01
16qam,128,16,recurrence,fx:W10g4:cg12,10,4,12,ok,-3.443643e+00,4.658608e-01,4.658608e-01
16qam,128,16,recurrence,fx:W10g4:cg16,10,4,16,ok,-3.472812e+00,4.366913e-01,4.366913e-01
16qam,128,16,recurrence,fx:W10g8:cg1,10,8,1,floor,,,
16qam,128,16,recurrence,fx:W10g8:cg2,10,8,2,ok,1.207659e+00,5.117162e+00,3.052787e-01
16qam,128,16,recurrence,fx:W10g8:cg3,10,8,3,ok,-3.491900e+00,4.176038e-01,1.605741e-01
16qam,128,16,recurrence,fx:W10g8:cg4,10,8,4,ok,-3.647342e+00,2.621613e-01,2.143453e-01
16qam,128,16,recurrence,fx:W10g8:cg6,10,8,6,ok,-3.512442e+00,3.970615e-01,3.906763e-01
16qam,128,16,recurrence,fx:W10g8:cg8,10,8,8,ok,-3.323294e+00,5.862089e-01,5.856366e-01
16qam,128,16,recurrence,fx:W10g8:cg12,10,8,12,ok,-2.887753e+00,1.021750e+00,1.021750e+00
16qam,128,16,recurrence,fx:W10g8:cg16,10,8,16,floor,,,
16qam,128,16,recurrence,fx:W12g0:cg1,12,0,1,floor,,,
16qam,128,16,recurrence,fx:W12g0:cg2,12,0,2,ok,1.152941e+00,5.062444e+00,2.505606e-01
16qam,128,16,recurrence,fx:W12g0:cg3,12,0,3,ok,-1.400292e+00,2.509211e+00,2.252182e+00
16qam,128,16,recurrence,fx:W12g0:cg4,12,0,4,ok,-2.890702e+00,1.018801e+00,9.709850e-01
16qam,128,16,recurrence,fx:W12g0:cg6,12,0,6,ok,-2.890896e+00,1.018608e+00,1.012222e+00
16qam,128,16,recurrence,fx:W12g0:cg8,12,0,8,ok,-2.890896e+00,1.018608e+00,1.018035e+00
16qam,128,16,recurrence,fx:W12g0:cg12,12,0,12,ok,-2.890896e+00,1.018608e+00,1.018608e+00
16qam,128,16,recurrence,fx:W12g0:cg16,12,0,16,ok,-2.890896e+00,1.018608e+00,1.018608e+00
16qam,128,16,recurrence,fx:W12g4:cg1,12,4,1,floor,,,
16qam,128,16,recurrence,fx:W12g4:cg2,12,4,2,ok,9.235966e-01,4.833100e+00,2.121650e-02
16qam,128,16,recurrence,fx:W12g4:cg3,12,4,3,ok,-3.625572e+00,2.839310e-01,2.690126e-02
16qam,128,16,recurrence,fx:W12g4:cg4,12,4,4,ok,-3.799337e+00,1.101660e-01,6.234997e-02
16qam,128,16,recurrence,fx:W12g4:cg6,12,4,6,ok,-3.819057e+00,9.044607e-02,8.406084e-02
16qam,128,16,recurrence,fx:W12g4:cg8,12,4,8,ok,-3.819057e+00,9.044607e-02,8.987373e-02
16qam,128,16,recurrence,fx:W12g4:cg12,12,4,12,ok,-3.819057e+00,9.044607e-02,9.044607e-02
16qam,128,16,recurrence,fx:W12g4:cg16,12,4,16,ok,-3.819057e+00,9.044607e-02,9.044607e-02
16qam,128,16,recurrence,fx:W12g8:cg1,12,8,1,floor,,,
16qam,128,16,recurrence,fx:W12g8:cg2,12,8,2,ok,9.203951e-01,4.829898e+00,1.801495e-02
16qam,128,16,recurrence,fx:W12g8:cg3,12,8,3,ok,-3.638345e+00,2.711583e-01,1.412853e-02
16qam,128,16,recurrence,fx:W12g8:cg4,12,8,4,ok,-3.867355e+00,4.214799e-02,-5.667992e-03
16qam,128,16,recurrence,fx:W12g8:cg6,12,8,6,ok,-3.890922e+00,1.858120e-02,1.219597e-02
16qam,128,16,recurrence,fx:W12g8:cg8,12,8,8,ok,-3.903039e+00,6.464569e-03,5.892225e-03
16qam,128,16,recurrence,fx:W12g8:cg12,12,8,12,ok,-3.844350e+00,6.515295e-02,6.515295e-02
16qam,128,16,recurrence,fx:W12g8:cg16,12,8,16,floor,,,
16qam,128,16,recurrence,fx:W14g0:cg1,14,0,1,floor,,,
16qam,128,16,recurrence,fx:W14g0:cg2,14,0,2,ok,9.151969e-01,4.824700e+00,1.281682e-02
16qam,128,16,recurrence,fx:W14g0:cg3,14,0,3,ok,-3.620260e+00,2.892438e-01,3.221399e-02
16qam,128,16,recurrence,fx:W14g0:cg4,14,0,4,ok,-3.624612e+00,2.848912e-01,2.370752e-01
16qam,128,16,recurrence,fx:W14g0:cg6,14,0,6,ok,-3.718211e+00,1.912921e-01,1.849068e-01
16qam,128,16,recurrence,fx:W14g0:cg8,14,0,8,ok,-3.718211e+00,1.912921e-01,1.907197e-01
16qam,128,16,recurrence,fx:W14g0:cg12,14,0,12,ok,-3.715261e+00,1.942422e-01,1.942422e-01
16qam,128,16,recurrence,fx:W14g0:cg16,14,0,16,ok,-3.701592e+00,2.079116e-01,2.079116e-01
16qam,128,16,recurrence,fx:W14g4:cg1,14,4,1,floor,,,
16qam,128,16,recurrence,fx:W14g4:cg2,14,4,2,ok,9.102647e-01,4.819768e+00,7.884530e-03
16qam,128,16,recurrence,fx:W14g4:cg3,14,4,3,ok,-3.660264e+00,2.492396e-01,-7.790117e-03
16qam,128,16,recurrence,fx:W14g4:cg4,14,4,4,ok,-3.868358e+00,4.114504e-02,-6.670948e-03
16qam,128,16,recurrence,fx:W14g4:cg6,14,4,6,ok,-3.878734e+00,3.076932e-02,2.438408e-02
16qam,128,16,recurrence,fx:W14g4:cg8,14,4,8,ok,-3.883766e+00,2.573760e-02,2.516525e-02
16qam,128,16,recurrence,fx:W14g4:cg12,14,4,12,ok,-3.883766e+00,2.573760e-02,2.573760e-02
16qam,128,16,recurrence,fx:W14g4:cg16,14,4,16,ok,-3.883766e+00,2.573760e-02,2.573760e-02
16qam,128,16,recurrence,fx:W14g8:cg1,14,8,1,floor,,,
16qam,128,16,recurrence,fx:W14g8:cg2,14,8,2,ok,9.087910e-01,4.818294e+00,6.410864e-03
16qam,128,16,recurrence,fx:W14g8:cg3,14,8,3,ok,-3.660264e+00,2.492396e-01,-7.790117e-03
16qam,128,16,recurrence,fx:W14g8:cg4,14,8,4,ok,-3.865968e+00,4.353528e-02,-4.280704e-03
16qam,128,16,recurrence,fx:W14g8:cg6,14,8,6,ok,-3.918092e+00,-8.588722e-03,-1.497395e-02
16qam,128,16,recurrence,fx:W14g8:cg8,14,8,8,ok,-3.918092e+00,-8.588722e-03,-9.161065e-03
16qam,128,16,recurrence,fx:W14g8:cg12,14,8,12,ok,-3.918092e+00,-8.588722e-03,-8.588722e-03
16qam,128,16,recurrence,fx:W14g8:cg16,14,8,16,ok,-3.918092e+00,-8.588722e-03,-8.588722e-03
16qam,128,16,recurrence,fx:W16g0:cg1,16,0,1,floor,,,
16qam,128,16,recurrence,fx:W16g0:cg2,16,0,2,ok,9.025469e-01,4.812050e+00,1.667666e-04
16qam,128,16,recurrence,fx:W16g0:cg3,16,0,3,ok,-3.656456e+00,2.530471e-01,-3.982612e-03
16qam,128,16,recurrence,fx:W16g0:cg4,16,0,4,ok,-3.825918e+00,8.358508e-02,3.576909e-02
16qam,128,16,recurrence,fx:W16g0:cg6,16,0,6,ok,-3.829896e+00,7.960773e-02,7.322249e-02
16qam,128,16,recurrence,fx:W16g0:cg8,16,0,8,ok,-3.829896e+00,7.960773e-02,7.903538e-02
16qam,128,16,recurrence,fx:W16g0:cg12,16,0,12,ok,-3.829896e+00,7.960773e-02,7.960773e-02
16qam,128,16,recurrence,fx:W16g0:cg16,16,0,16,ok,-3.829896e+00,7.960773e-02,7.960773e-02
16qam,128,16,recurrence,fx:W16g4:cg1,16,4,1,floor,,,
16qam,128,16,recurrence,fx:W16g4:cg2,16,4,2,ok,9.021015e-01,4.811605e+00,-2.786469e-04
16qam,128,16,recurrence,fx:W16g4:cg3,16,4,3,ok,-3.647299e+00,2.622045e-01,5.174779e-03
16qam,128,16,recurrence,fx:W16g4:cg4,16,4,4,ok,-3.869147e+00,4.035664e-02,-7.459345e-03
16qam,128,16,recurrence,fx:W16g4:cg6,16,4,6,ok,-3.912040e+00,-2.536103e-03,-8.921336e-03
16qam,128,16,recurrence,fx:W16g4:cg8,16,4,8,ok,-3.908356e+00,1.147659e-03,5.753151e-04
16qam,128,16,recurrence,fx:W16g4:cg12,16,4,12,ok,-3.908356e+00,1.147659e-03,1.147659e-03
16qam,128,16,recurrence,fx:W16g4:cg16,16,4,16,ok,-3.908356e+00,1.147659e-03,1.147659e-03
16qam,128,16,recurrence,fx:W16g8:cg1,16,8,1,floor,,,
16qam,128,16,recurrence,fx:W16g8:cg2,16,8,2,ok,9.013177e-01,4.810821e+00,-1.062391e-03
16qam,128,16,recurrence,fx:W16g8:cg3,16,8,3,ok,-3.649033e+00,2.604708e-01,3.441075e-03
16qam,128,16,recurrence,fx:W16g8:cg4,16,8,4,ok,-3.867566e+00,4.193755e-02,-5.878430e-03
16qam,128,16,recurrence,fx:W16g8:cg6,16,8,6,ok,-3.901899e+00,7.603935e-03,1.218702e-03
16qam,128,16,recurrence,fx:W16g8:cg8,16,8,8,ok,-3.901899e+00,7.603935e-03,7.031591e-03
16qam,128,16,recurrence,fx:W16g8:cg12,16,8,12,ok,-3.901899e+00,7.603935e-03,7.603935e-03
16qam,128,16,recurrence,fx:W16g8:cg16,16,8,16,ok,-3.901899e+00,7.603935e-03,7.603935e-03
16qam,128,16,recurrence,fx:W18g0:cg1,18,0,1,floor,,,
16qam,128,16,recurrence,fx:W18g0:cg2,18,0,2,ok,9.008042e-01,4.810308e+00,-1.575882e-03
16qam,128,16,recurrence,fx:W18g0:cg3,18,0,3,ok,-3.649033e+00,2.604708e-01,3.441075e-03
16qam,128,16,recurrence,fx:W18g0:cg4,18,0,4,ok,-3.876472e+00,3.303121e-02,-1.478477e-02
16qam,128,16,recurrence,fx:W18g0:cg6,18,0,6,ok,-3.887516e+00,2.198749e-02,1.560225e-02
16qam,128,16,recurrence,fx:W18g0:cg8,18,0,8,ok,-3.887516e+00,2.198749e-02,2.141514e-02
16qam,128,16,recurrence,fx:W18g0:cg12,18,0,12,ok,-3.887516e+00,2.198749e-02,2.198749e-02
16qam,128,16,recurrence,fx:W18g0:cg16,18,0,16,ok,-3.887516e+00,2.198749e-02,2.198749e-02
16qam,128,16,recurrence,fx:W18g4:cg1,18,4,1,floor,,,
16qam,128,16,recurrence,fx:W18g4:cg2,18,4,2,ok,9.016161e-01,4.811120e+00,-7.639861e-04
16qam,128,16,recurrence,fx:W18g4:cg3,18,4,3,ok,-3.652474e+00,2.570298e-01,0.000000e+00
16qam,128,16,recurrence,fx:W18g4:cg4,18,4,4,ok,-3.871945e+00,3.755813e-02,-1.025786e-02
16qam,128,16,recurrence,fx:W18g4:cg6,18,4,6,ok,-3.899866e+00,9.637713e-03,3.252480e-03
16qam,128,16,recurrence,fx:W18g4:cg8,18,4,8,ok,-3.892925e+00,1.657885e-02,1.600651e-02
16qam,128,16,recurrence,fx:W18g4:cg12,18,4,12,ok,-3.892925e+00,1.657885e-02,1.657885e-02
16qam,128,16,recurrence,fx:W18g4:cg16,18,4,16,ok,-3.892925e+00,1.657885e-02,1.657885e-02
16qam,128,16,recurrence,fx:W18g8:cg1,18,8,1,floor,,,
16qam,128,16,recurrence,fx:W18g8:cg2,18,8,2,ok,9.012641e-01,4.810768e+00,-1.116024e-03
16qam,128,16,recurrence,fx:W18g8:cg3,18,8,3,ok,-3.652474e+00,2.570298e-01,0.000000e+00
16qam,128,16,recurrence,fx:W18g8:cg4,18,8,4,ok,-3.861687e+00,4.781598e-02,0.000000e+00
16qam,128,16,recurrence,fx:W18g8:cg6,18,8,6,ok,-3.912593e+00,-3.089788e-03,-9.475020e-03
16qam,128,16,recurrence,fx:W18g8:cg8,18,8,8,ok,-3.908356e+00,1.147659e-03,5.753151e-04
16qam,128,16,recurrence,fx:W18g8:cg12,18,8,12,ok,-3.908356e+00,1.147659e-03,1.147659e-03
16qam,128,16,recurrence,fx:W18g8:cg16,18,8,16,ok,-3.908356e+00,1.147659e-03,1.147659e-03
16qam,128,16,recurrence,fx:W20g0:cg1,20,0,1,floor,,,
16qam,128,16,recurrence,fx:W20g0:cg2,20,0,2,ok,9.022403e-01,4.811744e+00,-1.398713e-04
16qam,128,16,recurrence,fx:W20g0:cg3,20,0,3,ok,-3.654181e+00,2.553221e-01,-1.707610e-03
16qam,128,16,recurrence,fx:W20g0:cg4,20,0,4,ok,-3.871945e+00,3.755813e-02,-1.025786e-02
16qam,128,16,recurrence,fx:W20g0:cg6,20,0,6,ok,-3.912040e+00,-2.536103e-03,-8.921336e-03
16qam,128,16,recurrence,fx:W20g0:cg8,20,0,8,ok,-3.906024e+00,3.479123e-03,2.906780e-03
16qam,128,16,recurrence,fx:W20g0:cg12,20,0,12,ok,-3.906024e+00,3.479123e-03,3.479123e-03
16qam,128,16,recurrence,fx:W20g0:cg16,20,0,16,ok,-3.906024e+00,3.479123e-03,3.479123e-03
16qam,128,16,recurrence,fx:W20g4:cg1,20,4,1,floor,,,
16qam,128,16,recurrence,fx:W20g4:cg2,20,4,2,ok,9.027333e-01,4.812237e+00,3.532007e-04
16qam,128,16,recurrence,fx:W20g4:cg3,20,4,3,ok,-3.652474e+00,2.570298e-01,0.000000e+00
16qam,128,16,recurrence,fx:W20g4:cg4,20,4,4,ok,-3.861687e+00,4.781598e-02,0.000000e+00
16qam,128,16,recurrence,fx:W20g4:cg6,20,4,6,ok,-3.897976e+00,1.152785e-02,5.142620e-03
16qam,128,16,recurrence,fx:W20g4:cg8,20,4,8,ok,-3.903118e+00,6.385233e-03,5.812889e-03
16qam,128,16,recurrence,fx:W20g4:cg12,20,4,12,ok,-3.903118e+00,6.385233e-03,6.385233e-03
16qam,128,16,recurrence,fx:W20g4:cg16,20,4,16,ok,-3.903118e+00,6.385233e-03,6.385233e-03
16qam,128,16,recurrence,fx:W20g8:cg1,20,8,1,floor,,,
16qam,128,16,recurrence,fx:W20g8:cg2,20,8,2,ok,9.020537e-01,4.811557e+00,-3.264523e-04
16qam,128,16,recurrence,fx:W20g8:cg3,20,8,3,ok,-3.652474e+00,2.570298e-01,0.000000e+00
16qam,128,16,recurrence,fx:W20g8:cg4,20,8,4,ok,-3.856697e+00,5.280657e-02,4.990591e-03
16qam,128,16,recurrence,fx:W20g8:cg6,20,8,6,ok,-3.902510e+00,6.993015e-03,6.077826e-04
16qam,128,16,recurrence,fx:W20g8:cg8,20,8,8,ok,-3.908931e+00,5.723435e-04,0.000000e+00
16qam,128,16,recurrence,fx:W20g8:cg12,20,8,12,ok,-3.908931e+00,5.723435e-04,5.723435e-04
16qam,128,16,recurrence,fx:W20g8:cg16,20,8,16,ok,-3.908931e+00,5.723435e-04,5.723435e-04
64qam,32,4,recurrence,zf,,,,ok,8.122305e+00,7.821050e-03,
64qam,32,4,recurrence,mmse,,,,ok,8.114484e+00,0.000000e+00,
64qam,32,4,recurrence,cg1,,,1,floor,,,
64qam,32,4,recurrence,cg2,,,2,floor,,,
64qam,32,4,recurrence,cg3,,,3,ok,8.384884e+00,2.704005e-01,
64qam,32,4,recurrence,cg4,,,4,ok,8.114484e+00,0.000000e+00,
64qam,32,4,recurrence,fx:W8g0:cg1,8,0,1,floor,,,
64qam,32,4,recurrence,fx:W8g0:cg2,8,0,2,floor,,,
64qam,32,4,recurrence,fx:W8g0:cg3,8,0,3,floor,,,
64qam,32,4,recurrence,fx:W8g0:cg4,8,0,4,floor,,,
64qam,32,4,recurrence,fx:W8g4:cg1,8,4,1,floor,,,
64qam,32,4,recurrence,fx:W8g4:cg2,8,4,2,floor,,,
64qam,32,4,recurrence,fx:W8g4:cg3,8,4,3,floor,,,
64qam,32,4,recurrence,fx:W8g4:cg4,8,4,4,floor,,,
64qam,32,4,recurrence,fx:W8g8:cg1,8,8,1,floor,,,
64qam,32,4,recurrence,fx:W8g8:cg2,8,8,2,floor,,,
64qam,32,4,recurrence,fx:W8g8:cg3,8,8,3,floor,,,
64qam,32,4,recurrence,fx:W8g8:cg4,8,8,4,floor,,,
64qam,32,4,recurrence,fx:W10g0:cg1,10,0,1,floor,,,
64qam,32,4,recurrence,fx:W10g0:cg2,10,0,2,floor,,,
64qam,32,4,recurrence,fx:W10g0:cg3,10,0,3,floor,,,
64qam,32,4,recurrence,fx:W10g0:cg4,10,0,4,floor,,,
64qam,32,4,recurrence,fx:W10g4:cg1,10,4,1,floor,,,
64qam,32,4,recurrence,fx:W10g4:cg2,10,4,2,floor,,,
64qam,32,4,recurrence,fx:W10g4:cg3,10,4,3,floor,,,
64qam,32,4,recurrence,fx:W10g4:cg4,10,4,4,floor,,,
64qam,32,4,recurrence,fx:W10g8:cg1,10,8,1,floor,,,
64qam,32,4,recurrence,fx:W10g8:cg2,10,8,2,floor,,,
64qam,32,4,recurrence,fx:W10g8:cg3,10,8,3,ok,9.627088e+00,1.512604e+00,1.242204e+00
64qam,32,4,recurrence,fx:W10g8:cg4,10,8,4,ok,9.693683e+00,1.579199e+00,1.579199e+00
64qam,32,4,recurrence,fx:W12g0:cg1,12,0,1,floor,,,
64qam,32,4,recurrence,fx:W12g0:cg2,12,0,2,floor,,,
64qam,32,4,recurrence,fx:W12g0:cg3,12,0,3,floor,,,
64qam,32,4,recurrence,fx:W12g0:cg4,12,0,4,floor,,,
64qam,32,4,recurrence,fx:W12g4:cg1,12,4,1,floor,,,
64qam,32,4,recurrence,fx:W12g4:cg2,12,4,2,floor,,,
64qam,32,4,recurrence,fx:W12g4:cg3,12,4,3,ok,1.083604e+01,2.721553e+00,2.451152e+00
64qam,32,4,recurrence,fx:W12g4:cg4,12,4,4,ok,9.445235e+00,1.330751e+00,1.330751e+00
64qam,32,4,recurrence,fx:W12g8:cg1,12,8,1,floor,,,
64qam,32,4,recurrence,fx:W12g8:cg2,12,8,2,floor,,,
64qam,32,4,recurrence,fx:W12g8:cg3,12,8,3,ok,8.479225e+00,3.647416e-01,9.434108e-02
64qam,32,4,recurrence,fx:W12g8:cg4,12,8,4,ok,8.238673e+00,1.241890e-01,1.241890e-01
64qam,32,4,recurrence,fx:W14g0:cg1,14,0,1,floor,,,
64qam,32,4,recurrence,fx:W14g0:cg2,14,0,2,floor,,,
64qam,32,4,recurrence,fx:W14g0:cg3,14,0,3,floor,,,
64qam,32,4,recurrence,fx:W14g0:cg4,14,0,4,floor,,,
64qam,32,4,recurrence,fx:W14g4:cg1,14,4,1,floor,,,
64qam,32,4,recurrence,fx:W14g4:cg2,14,4,2,floor,,,
64qam,32,4,recurrence,fx:W14g4:cg3,14,4,3,ok,8.639975e+00,5.254908e-01,2.550903e-01
64qam,32,4,recurrence,fx:W14g4:cg4,14,4,4,ok,8.433267e+00,3.187829e-01,3.187829e-01
64qam,32,4,recurrence,fx:W14g8:cg1,14,8,1,floor,,,
64qam,32,4,recurrence,fx:W14g8:cg2,14,8,2,floor,,,
64qam,32,4,recurrence,fx:W14g8:cg3,14,8,3,ok,8.409480e+00,2.949964e-01,2.459596e-02
64qam,32,4,recurrence,fx:W14g8:cg4,14,8,4,ok,8.145444e+00,3.095981e-02,3.095981e-02
64qam,32,4,recurrence,fx:W16g0:cg1,16,0,1,floor,,,
64qam,32,4,recurrence,fx:W16g0:cg2,16,0,2,floor,,,
64qam,32,4,recurrence,fx:W16g0:cg3,16,0,3,ok,1.076943e+01,2.654948e+00,2.384548e+00
64qam,32,4,recurrence,fx:W16g0:cg4,16,0,4,ok,9.433378e+00,1.318894e+00,1.318894e+00
64qam,32,4,recurrence,fx:W16g4:cg1,16,4,1,floor,,,
64qam,32,4,recurrence,fx:W16g4:cg2,16,4,2,floor,,,
64qam,32,4,recurrence,fx:W16g4:cg3,16,4,3,ok,8.367903e+00,2.534194e-01,-1.698112e-02
64qam,32,4,recurrence,fx:W16g4:cg4,16,4,4,ok,8.148172e+00,3.368818e-02,3.368818e-02
64qam,32,4,recurrence,fx:W16g8:cg1,16,8,1,floor,,,
64qam,32,4,recurrence,fx:W16g8:cg2,16,8,2,floor,,,
64qam,32,4,recurrence,fx:W16g8:cg3,16,8,3,ok,8.364931e+00,2.504473e-01,-1.995320e-02
64qam,32,4,recurrence,fx:W16g8:cg4,16,8,4,ok,8.123361e+00,8.877493e-03,8.877493e-03
64qam,32,4,recurrence,fx:W18g0:cg1,18,0,1,floor,,,
64qam,32,4,recurrence,fx:W18g0:cg2,18,0,2,floor,,,
64qam,32,4,recurrence,fx:W18g0:cg3,18,0,3,ok,8.640123e+00,5.256387e-01,2.552382e-01
64qam,32,4,recurrence,fx:W18g0:cg4,18,0,4,ok,8.424053e+00,3.095693e-01,3.095693e-01
64qam,32,4,recurrence,fx:W18g4:cg1,18,4,1,floor,,,
64qam,32,4,recurrence,fx:W18g4:cg2,18,4,2,floor,,,
64qam,32,4,recurrence,fx:W18g4:cg3,18,4,3,ok,8.376429e+00,2.619454e-01,-8.455085e-03
64qam,32,4,recurrence,fx:W18g4:cg4,18,4,4,ok,8.066539e+00,-4.794531e-02,-4.794531e-02
64qam,32,4,recurrence,fx:W18g8:cg1,18,8,1,floor,,,
64qam,32,4,recurrence,fx:W18g8:cg2,18,8,2,floor,,,
64qam,32,4,recurrence,fx:W18g8:cg3,18,8,3,ok,8.378696e+00,2.642119e-01,-6.188602e-03
64qam,32,4,recurrence,fx:W18g8:cg4,18,8,4,ok,8.106729e+00,-7.754809e-03,-7.754809e-03
64qam,32,4,recurrence,fx:W20g0:cg1,20,0,1,floor,,,
64qam,32,4,recurrence,fx:W20g0:cg2,20,0,2,floor,,,
64qam,32,4,recurrence,fx:W20g0:cg3,20,0,3,ok,8.384884e+00,2.704005e-01,0.000000e+00
64qam,32,4,recurrence,fx:W20g0:cg4,20,0,4,ok,8.153809e+00,3.932490e-02,3.932490e-02
64qam,32,4,recurrence,fx:W20g4:cg1,20,4,1,floor,,,
64qam,32,4,recurrence,fx:W20g4:cg2,20,4,2,floor,,,
64qam,32,4,recurrence,fx:W20g4:cg3,20,4,3,ok,8.383355e+00,2.688709e-01,-1.529578e-03
64qam,32,4,recurrence,fx:W20g4:cg4,20,4,4,ok,8.118882e+00,4.398483e-03,4.398483e-03
64qam,32,4,recurrence,fx:W20g8:cg1,20,8,1,floor,,,
64qam,32,4,recurrence,fx:W20g8:cg2,20,8,2,floor,,,
64qam,32,4,recurrence,fx:W20g8:cg3,20,8,3,ok,8.384884e+00,2.704005e-01,0.000000e+00
64qam,32,4,recurrence,fx:W20g8:cg4,20,8,4,ok,8.114484e+00,0.000000e+00,0.000000e+00
64qam,32,8,recurrence,zf,,,,ok,8.861550e+00,2.658460e-03,
64qam,32,8,recurrence,mmse,,,,ok,8.858891e+00,0.000000e+00,
64qam,32,8,recurrence,cg1,,,1,floor,,,
64qam,32,8,recurrence,cg2,,,2,floor,,,
64qam,32,8,recurrence,cg3,,,3,floor,,,
64qam,32,8,recurrence,cg4,,,4,ok,1.047848e+01,1.619592e+00,
64qam,32,8,recurrence,cg6,,,6,ok,8.853462e+00,-5.429097e-03,
64qam,32,8,recurrence,cg8,,,8,ok,8.858891e+00,0.000000e+00,
64qam,32,8,recurrence,fx:W8g0:cg1,8,0,1,floor,,,
64qam,32,8,recurrence,fx:W8g0:cg2,8,0,2,floor,,,
64qam,32,8,recurrence,fx:W8g0:cg3,8,0,3,floor,,,
64qam,32,8,recurrence,fx:W8g0:cg4,8,0,4,floor,,,
64qam,32,8,recurrence,fx:W8g0:cg6,8,0,6,floor,,,
64qam,32,8,recurrence,fx:W8g0:cg8,8,0,8,floor,,,
64qam,32,8,recurrence,fx:W8g4:cg1,8,4,1,floor,,,
64qam,32,8,recurrence,fx:W8g4:cg2,8,4,2,floor,,,
64qam,32,8,recurrence,fx:W8g4:cg3,8,4,3,floor,,,
64qam,32,8,recurrence,fx:W8g4:cg4,8,4,4,floor,,,
64qam,32,8,recurrence,fx:W8g4:cg6,8,4,6,floor,,,
64qam,32,8,recurrence,fx:W8g4:cg8,8,4,8,floor,,,
64qam,32,8,recurrence,fx:W8g8:cg1,8,8,1,floor,,,
64qam,32,8,recurrence,fx:W8g8:cg2,8,8,2,floor,,,
64qam,32,8,recurrence,fx:W8g8:cg3,8,8,3,floor,,,
64qam,32,8,recurrence,fx:W8g8:cg4,8,8,4,floor,,,
64qam,32,8,recurrence,fx:W8g8:cg6,8,8,6,floor,,,
64qam,32,8,recurrence,fx:W8g8:cg8,8,8,8,floor,,,
64qam,32,8,recurrence,fx:W10g0:cg1,10,0,1,floor,,,
64qam,32,8,recurrence,fx:W10g0:cg2,10,0,2,floor,,,
64qam,32,8,recurrence,fx:W10g0:cg3,10,0,3,floor,,,
64qam,32,8,recurrence,fx:W10g0:cg4,10,0,4,floor,,,
64qam,32,8,recurrence,fx:W10g0:cg6,10,0,6,floor,,,
64qam,32,8,recurrence,fx:W10g0:cg8,10,0,8,floor,,,
64qam,32,8,recurrence,fx:W10g4:cg1,10,4,1,floor,,,
64qam,32,8,recurrence,fx:W10g4:cg2,10,4,2,floor,,,
64qam,32,8,recurrence,fx:W10g4:cg3,10,4,3,floor,,,
64qam,32,8,recurrence,fx:W10g4:cg4,10,4,4,floor,,,
64qam,32,8,recurrence,fx:W10g4:cg6,10,4,6,floor,,,
64qam,32,8,recurrence,fx:W10g4:cg8,10,4,8,floor,,,
64qam,32,8,recurrence,fx:W10g8:cg1,10,8,1,floor,,,
64qam,32,8,recurrence,fx:W10g8:cg2,10,8,2,floor,,,
64qam,32,8,recurrence,fx:W10g8:cg3,10,8,3,floor,,,
64qam,32,8,recurrence,fx:W10g8:cg4,10,8,4,ok,1.413536e+01,5.276471e+00,3.656879e+00
64qam,32,8,recurrence,fx:W10g8:cg6,10,8,6,ok,1.491159e+01,6.052695e+00,6.058124e+00
64qam,32,8,recurrence,fx:W10g8:cg8,10,8,8,floor,,,
64qam,32,8,recurrence,fx:W12g0:cg1,12,0,1,floor,,,
64qam,32,8,recurrence,fx:W12g0:cg2,12,0,2,floor,,,
64qam,32,8,recurrence,fx:W12g0:cg3,12,0,3,floor,,,
64qam,32,8,recurrence,fx:W12g0:cg4,12,0,4,floor,,,
64qam,32,8,recurrence,fx:W12g0:cg6,12,0,6,floor,,,
64qam,32,8,recurrence,fx:W12g0:cg8,12,0,8,floor,,,
64qam,32,8,recurrence,fx:W12g4:cg1,12,4,1,floor,,,
64qam,32,8,recurrence,fx:W12g4:cg2,12,4,2,floor,,,
64qam,32,8,recurrence,fx:W12g4:cg3,12,4,3,floor,,,
64qam,32,8,recurrence,fx:W12g4:cg4,12,4,4,ok,1.257228e+01,3.713387e+00,2.093795e+00
64qam,32,8,recurrence,fx:W12g4:cg6,12,4,6,ok,1.071199e+01,1.853098e+00,1.858527e+00
64qam,32,8,recurrence,fx:W12g4:cg8,12,4,8,ok,1.071504e+01,1.856147e+00,1.856147e+00
64qam,32,8,recurrence,fx:W12g8:cg1,12,8,1,floor,,,
64qam,32,8,recurrence,fx:W12g8:cg2,12,8,2,floor,,,
64qam,32,8,recurrence,fx:W12g8:cg3,12,8,3,floor,,,
64qam,32,8,recurrence,fx:W12g8:cg4,12,8,4,ok,1.059167e+01,1.732774e+00,1.131824e-01
64qam,32,8,recurrence,fx:W12g8:cg6,12,8,6,ok,9.096018e+00,2.371267e-01,2.425558e-01
64qam,32,8,recurrence,fx:W12g8:cg8,12,8,8,ok,9.146182e+00,2.872908e-01,2.872908e-01
64qam,32,8,recurrence,fx:W14g0:cg1,14,0,1,floor,,,
64qam,32,8,recurrence,fx:W14g0:cg2,14,0,2,floor,,,
64qam,32,8,recurrence,fx:W14g0:cg3,14,0,3,floor,,,
64qam,32,8,recurrence,fx:W14g0:cg4,14,0,4,floor,,,
64qam,32,8,recurrence,fx:W14g0:cg6,14,0,6,floor,,,
64qam,32,8,recurrence,fx:W14g0:cg8,14,0,8,floor,,,
64qam,32,8,recurrence,fx:W14g4:cg1,14,4,1,floor,,,
64qam,32,8,recurrence,fx:W14g4:cg2,14,4,2,floor,,,
64qam,32,8,recurrence,fx:W14g4:cg3,14,4,3,floor,,,
64qam,32,8,recurrence,fx:W14g4:cg4,14,4,4,ok,1.054219e+01,1.683300e+00,6.370811e-02
64qam,32,8,recurrence,fx:W14g4:cg6,14,4,6,ok,9.252119e+00,3.932283e-01,3.986574e-01
64qam,32,8,recurrence,fx:W14g4:cg8,14,4,8,ok,9.181433e+00,3.225419e-01,3.225419e-01
64qam,32,8,recurrence,fx:W14g8:cg1,14,8,1,floor,,,
64qam,32,8,recurrence,fx:W14g8:cg2,14,8,2,floor,,,
64qam,32,8,recurrence,fx:W14g8:cg3,14,8,3,floor,,,
64qam,32,8,recurrence,fx:W14g8:cg4,14,8,4,ok,1.049448e+01,1.635594e+00,1.600161e-02
64qam,32,8,recurrence,fx:W14g8:cg6,14,8,6,ok,8.911690e+00,5.279929e-02,5.822839e-02
64qam,32,8,recurrence,fx:W14g8:cg8,14,8,8,ok,8.932059e+00,7.316785e-02,7.316785e-02
64qam,32,8,recurrence,fx:W16g0:cg1,16,0,1,floor,,,
64qam,32,8,recurrence,fx:W16g0:cg2,16,0,2,floor,,,
64qam,32,8,recurrence,fx:W16g0:cg3,16,0,3,floor,,,
64qam,32,8,recurrence,fx:W16g0:cg4,16,0,4,ok,1.244595e+01,3.587063e+00,1.967471e+00
64qam,32,8,recurrence,fx:W16g0:cg6,16,0,6,ok,1.056101e+01,1.702115e+00,1.707544e+00
64qam,32,8,recurrence,fx:W16g0:cg8,16,0,8,ok,1.049043e+01,1.631536e+00,1.631536e+00
64qam,32,8,recurrence,fx:W16g4:cg1,16,4,1,floor,,,
64qam,32,8,recurrence,fx:W16g4:cg2,16,4,2,floor,,,
64qam,32,8,recurrence,fx:W16g4:cg3,16,4,3,floor,,,
64qam,32,8,recurrence,fx:W16g4:cg4,16,4,4,ok,1.047716e+01,1.618267e+00,-1.324594e-03
64qam,32,8,recurrence,fx:W16g4:cg6,16,4,6,ok,8.878464e+00,1.957316e-02,2.500226e-02
64qam,32,8,recurrence,fx:W16g4:cg8,16,4,8,ok,8.890934e+00,3.204309e-02,3.204309e-02
64qam,32,8,recurrence,fx:W16g8:cg1,16,8,1,floor,,,
64qam,32,8,recurrence,fx:W16g8:cg2,16,8,2,floor,,,
64qam,32,8,recurrence,fx:W16g8:cg3,16,8,3,floor,,,
64qam,32,8,recurrence,fx:W16g8:cg4,16,8,4,ok,1.048308e+01,1.624185e+00,4.592772e-03
64qam,32,8,recurrence,fx:W16g8:cg6,16,8,6,ok,8.847757e+00,-1.113411e-02,-5.705013e-03
64qam,32,8,recurrence,fx:W16g8:cg8,16,8,8,ok,8.833728e+00,-2.516261e-02,-2.516261e-02
64qam,32,8,recurrence,fx:W18g0:cg1,18,0,1,floor,,,
64qam,32,8,recurrence,fx:W18g0:cg2,18,0,2,floor,,,
64qam,32,8,recurrence,fx:W18g0:cg3,18,0,3,floor,,,
64qam,32,8,recurrence,fx:W18g0:cg4,18,0,4,ok,1.051346e+01,1.654572e+00,3.497959e-02
64qam,32,8,recurrence,fx:W18g0:cg6,18,0,6,ok,9.216605e+00,3.577143e-01,3.631434e-01
64qam,32,8,recurrence,fx:W18g0:cg8,18,0,8,ok,9.100714e+00,2.418229e-01,2.418229e-01
64qam,32,8,recurrence,fx:W18g4:cg1,18,4,1,floor,,,
64qam,32,8,recurrence,fx:W18g4:cg2,18,4,2,floor,,,
64qam,32,8,recurrence,fx:W18g4:cg3,18,4,3,floor,,,
64qam,32,8,recurrence,fx:W18g4:cg4,18,4,4,ok,1.047714e+01,1.618250e+00,-1.341620e-03
64qam,32,8,recurrence,fx:W18g4:cg6,18,4,6,ok,8.874519e+00,1.562755e-02,2.105665e-02
64qam,32,8,recurrence,fx:W18g4:cg8,18,4,8,ok,8.840924e+00,-1.796739e-02,-1.796739e-02
64qam,32,8,recurrence,fx:W18g8:cg1,18,8,1,floor,,,
64qam,32,8,recurrence,fx:W18g8:cg2,18,8,2,floor,,,
64qam,32,8,recurrence,fx:W18g8:cg3,18,8,3,floor,,,
64qam,32,8,recurrence,fx:W18g8:cg4,18,8,4,ok,1.047714e+01,1.618250e+00,-1.341620e-03
64qam,32,8,recurrence,fx:W18g8:cg6,18,8,6,ok,8.846545e+00,-1.234605e-02,-6.916949e-03
64qam,32,8,recurrence,fx:W18g8:cg8,18,8,8,ok,8.837070e+00,-2.182117e-02,-2.182117e-02
64qam,32,8,recurrence,fx:W20g0:cg1,20,0,1,floor,,,
64qam,32,8,recurrence,fx:W20g0:cg2,20,0,2,floor,,,
64qam,32,8,recurrence,fx:W20g0:cg3,20,0,3,floor,,,
64qam,32,8,recurrence,fx:W20g0:cg4,20,0,4,ok,1.047511e+01,1.616217e+00,-3.375078e-03
64qam,32,8,recurrence,fx:W20g0:cg6,20,0,6,ok,8.873192e+00,1.430048e-02,1.972957e-02
64qam,32,8,recurrence,fx:W20g0:cg8,20,0,8,ok,8.891516e+00,3.262484e-02,3.262484e-02
64qam,32,8,recurrence,fx:W20g4:cg1,20,4,1,floor,,,
64qam,32,8,recurrence,fx:W20g4:cg2,20,4,2,floor,,,
64qam,32,8,recurrence,fx:W20g4:cg3,20,4,3,floor,,,
64qam,32,8,recurrence,fx:W20g4:cg4,20,4,4,ok,1.048053e+01,1.621637e+00,2.045185e-03
64qam,32,8,recurrence,fx:W20g4:cg6,20,4,6,ok,8.881312e+00,2.242119e-02,2.785029e-02
64qam,32,8,recurrence,fx:W20g4:cg8,20,4,8,ok,8.851039e+00,-7.852404e-03,-7.852404e-03
64qam,32,8,recurrence,fx:W20g8:cg1,20,8,1,floor,,,
64qam,32,8,recurrence,fx:W20g8:cg2,20,8,2,floor,,,
64qam,32,8,recurrence,fx:W20g8:cg3,20,8,3,floor,,,
64qam,32,8,recurrence,fx:W20g8:cg4,20,8,4,ok,1.047848e+01,1.619592e+00,0.000000e+00
64qam,32,8,recurrence,fx:W20g8:cg6,20,8,6,ok,8.853462e+00,-5.429097e-03,0.000000e+00
64qam,32,8,recurrence,fx:W20g8:cg8,20,8,8,ok,8.851451e+00,-7.439900e-03,-7.439900e-03
64qam,32,16,recurrence,zf,,,,ok,1.083639e+01,4.079801e-02,
64qam,32,16,recurrence,mmse,,,,ok,1.079559e+01,0.000000e+00,
64qam,32,16,recurrence,cg1,,,1,floor,,,
64qam,32,16,recurrence,cg2,,,2,floor,,,
64qam,32,16,recurrence,cg3,,,3,floor,,,
64qam,32,16,recurrence,cg4,,,4,floor,,,
64qam,32,16,recurrence,cg6,,,6,floor,,,
64qam,32,16,recurrence,cg8,,,8,ok,1.194863e+01,1.153032e+00,
64qam,32,16,recurrence,cg12,,,12,ok,1.079790e+01,2.308992e-03,
64qam,32,16,recurrence,cg16,,,16,ok,1.079559e+01,0.000000e+00,
64qam,32,16,recurrence,fx:W8g0:cg1,8,0,1,floor,,,
64qam,32,16,recurrence,fx:W8g0:cg2,8,0,2,floor,,,
64qam,32,16,recurrence,fx:W8g0:cg3,8,0,3,floor,,,
64qam,32,16,recurrence,fx:W8g0:cg4,8,0,4,floor,,,
64qam,32,16,recurrence,fx:W8g0:cg6,8,0,6,floor,,,
64qam,32,16,recurrence,fx:W8g0:cg8,8,0,8,floor,,,
64qam,32,16,recurrence,fx:W8g0:cg12,8,0,12,floor,,,
64qam,32,16,recurrence,fx:W8g0:cg16,8,0,16,floor,,,
64qam,32,16,recurrence,fx:W8g4:cg1,8,4,1,floor,,,
64qam,32,16,recurrence,fx:W8g4:cg2,8,4,2,floor,,,
64qam,32,16,recurrence,fx:W8g4:cg3,8,4,3,floor,,,
64qam,32,16,recurrence,fx:W8g4:cg4,8,4,4,floor,,,
64qam,32,16,recurrence,fx:W8g4:cg6,8,4,6,floor,,,
64qam,32,16,recurrence,fx:W8g4:cg8,8,4,8,floor,,,
64qam,32,16,recurrence,fx:W8g4:cg12,8,4,12,floor,,,
64qam,32,16,recurrence,fx:W8g4:cg16,8,4,16,floor,,,
64qam,32,16,recurrence,fx:W8g8:cg1,8,8,1,floor,,,
64qam,32,16,recurrence,fx:W8g8:cg2,8,8,2,floor,,,
64qam,32,16,recurrence,fx:W8g8:cg3,8,8,3,floor,,,
64qam,32,16,recurrence,fx:W8g8:cg4,8,8,4,floor,,,
64qam,32,16,recurrence,fx:W8g8:cg6,8,8,6,floor,,,
64qam,32,16,recurrence,fx:W8g8:cg8,8,8,8,floor,,,
64qam,32,16,recurrence,fx:W8g8:cg12,8,8,12,floor,,,
64qam,32,16,recurrence,fx:W8g8:cg16,8,8,16,floor,,,
64qam,32,16,recurrence,fx:W10g0:cg1,10,0,1,floor,,,
64qam,32,16,recurrence,fx:W10g0:cg2,10,0,2,floor,,,
64qam,32,16,recurrence,fx:W10g0:cg3,10,0,3,floor,,,
64qam,32,16,recurrence,fx:W10g0:cg4,10,0,4,floor,,,
64qam,32,16,recurrence,fx:W10g0:cg6,10,0,6,floor,,,
64qam,32,16,recurrence,fx:W10g0:cg8,10,0,8,floor,,,
64qam,32,16,recurrence,fx:W10g0:cg12,10,0,12,floor,,,
64qam,32,16,recurrence,fx:W10g0:cg16,10,0,16,floor,,,
64qam,32,16,recurrence,fx:W10g4:cg1,10,4,1,floor,,,
64qam,32,16,recurrence,fx:W10g4:cg2,10,4,2,floor,,,
64qam,32,16,recurrence,fx:W10g4:cg3,10,4,3,floor,,,
64qam,32,16,recurrence,fx:W10g4:cg4,10,4,4,floor,,,
64qam,32,16,recurrence,fx:W10g4:cg6,10,4,6,floor,,,
64qam,32,16,recurrence,fx:W10g4:cg8,10,4,8,floor,,,
64qam,32,16,recurrence,fx:W10g4:cg12,10,4,12,floor,,,
64qam,32,16,recurrence,fx:W10g4:cg16,10,4,16,floor,,,
64qam,32,16,recurrence,fx:W10g8:cg1,10,8,1,floor,,,
64qam,32,16,recurrence,fx:W10g8:cg2,10,8,2,floor,,,
64qam,32,16,recurrence,fx:W10g8:cg3,10,8,3,floor,,,
64qam,32,16,recurrence,fx:W10g8:cg4,10,8,4,floor,,,
64qam,32,16,recurrence,fx:W10g8:cg6,10,8,6,floor,,,
64qam,32,16,recurrence,fx:W10g8:cg8,10,8,8,floor,,,
64qam,32,16,recurrence,fx:W10g8:cg12,10,8,12,floor,,,
64qam,32,16,recurrence,fx:W10g8:cg16,10,8,16,floor,,,
64qam,32,16,recurrence,fx:W12g0:cg1,12,0,1,floor,,,
64qam,32,16,recurrence,fx:W12g0:cg2,12,0,2,floor,,,
64qam,32,16,recurrence,fx:W12g0:cg3,12,0,3,floor,,,
64qam,32,16,recurrence,fx:W12g0:cg4,12,0,4,floor,,,
64qam,32,16,recurrence,fx:W12g0:cg6,12,0,6,floor,,,
64qam,32,16,recurrence,fx:W12g0:cg8,12,0,8,floor,,,
64qam,32,16,recurrence,fx:W12g0:cg12,12,0,12,floor,,,
64qam,32,16,recurrence,fx:W12g0:cg16,12,0,16,floor,,,
64qam,32,16,recurrence,fx:W12g4:cg1,12,4,1,floor,,,
64qam,32,16,recurrence,fx:W12g4:cg2,12,4,2,floor,,,
64qam,32,16,recurrence,fx:W12g4:cg3,12,4,3,floor,,,
64qam,32,16,recurrence,fx:W12g4:cg4,12,4,4,floor,,,
64qam,32,16,recurrence,fx:W12g4:cg6,12,4,6,floor,,,
64qam,32,16,recurrence,fx:W12g4:cg8,12,4,8,floor,,,
64qam,32,16,recurrence,fx:W12g4:cg12,12,4,12,floor,,,
64qam,32,16,recurrence,fx:W12g4:cg16,12,4,16,floor,,,
64qam,32,16,recurrence,fx:W12g8:cg1,12,8,1,floor,,,
64qam,32,16,recurrence,fx:W12g8:cg2,12,8,2,floor,,,
64qam,32,16,recurrence,fx:W12g8:cg3,12,8,3,floor,,,
64qam,32,16,recurrence,fx:W12g8:cg4,12,8,4,floor,,,
64qam,32,16,recurrence,fx:W12g8:cg6,12,8,6,floor,,,
64qam,32,16,recurrence,fx:W12g8:cg8,12,8,8,ok,1.329695e+01,2.501359e+00,1.348327e+00
64qam,32,16,recurrence,fx:W12g8:cg12,12,8,12,ok,1.287376e+01,2.078165e+00,2.075856e+00
64qam,32,16,recurrence,fx:W12g8:cg16,12,8,16,floor,,,
64qam,32,16,recurrence,fx:W14g0:cg1,14,0,1,floor,,,
64qam,32,16,recurrence,fx:W14g0:cg2,14,0,2,floor,,,
64qam,32,16,recurrence,fx:W14g0:cg3,14,0,3,floor,,,
64qam,32,16,recurrence,fx:W14g0:cg4,14,0,4,floor,,,
64qam,32,16,recurrence,fx:W14g0:cg6,14,0,6,floor,,,
64qam,32,16,recurrence,fx:W14g0:cg8,14,0,8,floor,,,
64qam,32,16,recurrence,fx:W14g0:cg12,14,0,12,floor,,,
64qam,32,16,recurrence,fx:W14g0:cg16,14,0,16,floor,,,
64qam,32,16,recurrence,fx:W14g4:cg1,14,4,1,floor,,,
64qam,32,16,recurrence,fx:W14g4:cg2,14,4,2,floor,,,
64qam,32,16,recurrence,fx:W14g4:cg3,14,4,3,floor,,,
64qam,32,16,recurrence,fx:W14g4:cg4,14,4,4,floor,,,
64qam,32,16,recurrence,fx:W14g4:cg6,14,4,6,floor,,,
64qam,32,16,recurrence,fx:W14g4:cg8,14,4,8,ok,1.318901e+01,2.393413e+00,1.240380e+00
64qam,32,16,recurrence,fx:W14g4:cg12,14,4,12,floor,,,
64qam,32,16,recurrence,fx:W14g4:cg16,14,4,16,floor,,,
64qam,32,16,recurrence,fx:W14g8:cg1,14,8,1,floor,,,
64qam,32,16,recurrence,fx:W14g8:cg2,14,8,2,floor,,,
64qam,32,16,recurrence,fx:W14g8:cg3,14,8,3,floor,,,
64qam,32,16,recurrence,fx:W14g8:cg4,14,8,4,floor,,,
64qam,32,16,recurrence,fx:W14g8:cg6,14,8,6,floor,,,
64qam,32,16,recurrence,fx:W14g8:cg8,14,8,8,ok,1.215381e+01,1.358214e+00,2.051819e-01
64qam,32,16,recurrence,fx:W14g8:cg12,14,8,12,ok,1.094811e+01,1.525195e-01,1.502105e-01
64qam,32,16,recurrence,fx:W14g8:cg16,14,8,16,ok,1.129170e+01,4.961080e-01,4.961080e-01
64qam,32,16,recurrence,fx:W16g0:cg1,16,0,1,floor,,,
64qam,32,16,recurrence,fx:W16g0:cg2,16,0,2,floor,,,
64qam,32,16,recurrence,fx:W16g0:cg3,16,0,3,floor,,,
64qam,32,16,recurrence,fx:W16g0:cg4,16,0,4,floor,,,
64qam,32,16,recurrence,fx:W16g0:cg6,16,0,6,floor,,,
64qam,32,16,recurrence,fx:W16g0:cg8,16,0,8,floor,,,
64qam,32,16,recurrence,fx:W16g0:cg12,16,0,12,floor,,,
64qam,32,16,recurrence,fx:W16g0:cg16,16,0,16,floor,,,
64qam,32,16,recurrence,fx:W16g4:cg1,16,4,1,floor,,,
64qam,32,16,recurrence,fx:W16g4:cg2,16,4,2,floor,,,
64qam,32,16,recurrence,fx:W16g4:cg3,16,4,3,floor,,,
64qam,32,16,recurrence,fx:W16g4:cg4,16,4,4,floor,,,
64qam,32,16,recurrence,fx:W16g4:cg6,16,4,6,floor,,,
64qam,32,16,recurrence,fx:W16g4:cg8,16,4,8,ok,1.201822e+01,1.222623e+00,6.959034e-02
64qam,32,16,recurrence,fx:W16g4:cg12,16,4,12,ok,1.160620e+01,8.106069e-01,8.082979e-01
64qam,32,16,recurrence,fx:W16g4:cg16,16,4,16,floor,,,
64qam,32,16,recurrence,fx:W16g8:cg1,16,8,1,floor,,,
64qam,32,16,recurrence,fx:W16g8:cg2,16,8,2,floor,,,
64qam,32,16,recurrence,fx:W16g8:cg3,16,8,3,floor,,,
64qam,32,16,recurrence,fx:W16g8:cg4,16,8,4,floor,,,
64qam,32,16,recurrence,fx:W16g8:cg6,16,8,6,floor,,,
64qam,32,16,recurrence,fx:W16g8:cg8,16,8,8,ok,1.198565e+01,1.190052e+00,3.701947e-02
64qam,32,16,recurrence,fx:W16g8:cg12,16,8,12,ok,1.084340e+01,4.780848e-02,4.549949e-02
64qam,32,16,recurrence,fx:W16g8:cg16,16,8,16,ok,1.084939e+01,5.379662e-02,5.379662e-02
64qam,32,16,recurrence,fx:W18g0:cg1,18,0,1,floor,,,
64qam,32,16,recurrence,fx:W18g0:cg2,18,0,2,floor,,,
64qam,32,16,recurrence,fx:W18g0:cg3,18,0,3,floor,,,
64qam,32,16,recurrence,fx:W18g0:cg4,18,0,4,floor,,,
64qam,32,16,recurrence,fx:W18g0:cg6,18,0,6,floor,,,
64qam,32,16,recurrence,fx:W18g0:cg8,18,0,8,ok,1.325858e+01,2.462981e+00,1.309949e+00
64qam,32,16,recurrence,fx:W18g0:cg12,18,0,12,floor,,,
64qam,32,16,recurrence,fx:W18g0:cg16,18,0,16,floor,,,
64qam,32,16,recurrence,fx:W18g4:cg1,18,4,1,floor,,,
64qam,32,16,recurrence,fx:W18g4:cg2,18,4,2,floor,,,
64qam,32,16,recurrence,fx:W18g4:cg3,18,4,3,floor,,,
64qam,32,16,recurrence,fx:W18g4:cg4,18,4,4,floor,,,
64qam,32,16,recurrence,fx:W18g4:cg6,18,4,6,floor,,,
64qam,32,16,recurrence,fx:W18g4:cg8,18,4,8,ok,1.195385e+01,1.158255e+00,5.222291e-03
64qam,32,16,recurrence,fx:W18g4:cg12,18,4,12,ok,1.090023e+01,1.046312e-01,1.023222e-01
64qam,32,16,recurrence,fx:W18g4:cg16,18,4,16,ok,1.245414e+01,1.658545e+00,1.658545e+00
64qam,32,16,recurrence,fx:W18g8:cg1,18,8,1,floor,,,
64qam,32,16,recurrence,fx:W18g8:cg2,18,8,2,floor,,,
64qam,32,16,recurrence,fx:W18g8:cg3,18,8,3,floor,,,
64qam,32,16,recurrence,fx:W18g8:cg4,18,8,4,floor,,,
64qam,32,16,recurrence,fx:W18g8:cg6,18,8,6,floor,,,
64qam,32,16,recurrence,fx:W18g8:cg8,18,8,8,ok,1.194924e+01,1.153642e+00,6.092343e-04
64qam,32,16,recurrence,fx:W18g8:cg12,18,8,12,ok,1.079617e+01,5.719815e-04,-1.737011e-03
64qam,32,16,recurrence,fx:W18g8:cg16,18,8,16,ok,1.078369e+01,-1.190078e-02,-1.190078e-02
64qam,32,16,recurrence,fx:W20g0:cg1,20,0,1,floor,,,
64qam,32,16,recurrence,fx:W20g0:cg2,20,0,2,floor,,,
64qam,32,16,recurrence,fx:W20g0:cg3,20,0,3,floor,,,
64qam,32,16,recurrence,fx:W20g0:cg4,20,0,4,floor,,,
64qam,32,16,recurrence,fx:W20g0:cg6,20,0,6,floor,,,
64qam,32,16,recurrence,fx:W20g0:cg8,20,0,8,ok,1.205526e+01,1.259662e+00,1.066296e-01
64qam,32,16,recurrence,fx:W20g0:cg12,20,0,12,ok,1.194817e+01,1.152576e+00,1.150267e+00
64qam,32,16,recurrence,fx:W20g0:cg16,20,0,16,floor,,,
64qam,32,16,recurrence,fx:W20g4:cg1,20,4,1,floor,,,
64qam,32,16,recurrence,fx:W20g4:cg2,20,4,2,floor,,,
64qam,32,16,recurrence,fx:W20g4:cg3,20,4,3,floor,,,
64qam,32,16,recurrence,fx:W20g4:cg4,20,4,4,floor,,,
64qam,32,16,recurrence,fx:W20g4:cg6,20,4,6,floor,,,
64qam,32,16,recurrence,fx:W20g4:cg8,20,4,8,ok,1.196185e+01,1.166256e+00,1.322398e-02
64qam,32,16,recurrence,fx:W20g4:cg12,20,4,12,ok,1.082562e+01,3.002091e-02,2.771192e-02
64qam,32,16,recurrence,fx:W20g4:cg16,20,4,16,ok,1.085509e+01,5.949857e-02,5.949857e-02
64qam,32,16,recurrence,fx:W20g8:cg1,20,8,1,floor,,,
64qam,32,16,recurrence,fx:W20g8:cg2,20,8,2,floor,,,
64qam,32,16,recurrence,fx:W20g8:cg3,20,8,3,floor,,,
64qam,32,16,recurrence,fx:W20g8:cg4,20,8,4,floor,,,
64qam,32,16,recurrence,fx:W20g8:cg6,20,8,6,floor,,,
64qam,32,16,recurrence,fx:W20g8:cg8,20,8,8,ok,1.194904e+01,1.153441e+00,4.082423e-04
64qam,32,16,recurrence,fx:W20g8:cg12,20,8,12,ok,1.081057e+01,1.497390e-02,1.266491e-02
64qam,32,16,recurrence,fx:W20g8:cg16,20,8,16,ok,1.079502e+01,-5.771036e-04,-5.771036e-04
64qam,64,4,recurrence,zf,,,,ok,4.825926e+00,1.003101e-02,
64qam,64,4,recurrence,mmse,,,,ok,4.815895e+00,0.000000e+00,
64qam,64,4,recurrence,cg1,,,1,floor,,,
64qam,64,4,recurrence,cg2,,,2,ok,7.032373e+00,2.216478e+00,
64qam,64,4,recurrence,cg3,,,3,ok,4.787788e+00,-2.810669e-02,
64qam,64,4,recurrence,cg4,,,4,ok,4.815895e+00,0.000000e+00,
64qam,64,4,recurrence,fx:W8g0:cg1,8,0,1,floor,,,
64qam,64,4,recurrence,fx:W8g0:cg2,8,0,2,floor,,,
64qam,64,4,recurrence,fx:W8g0:cg3,8,0,3,floor,,,
64qam,64,4,recurrence,fx:W8g0:cg4,8,0,4,floor,,,
64qam,64,4,recurrence,fx:W8g4:cg1,8,4,1,floor,,,
64qam,64,4,recurrence,fx:W8g4:cg2,8,4,2,floor,,,
64qam,64,4,recurrence,fx:W8g4:cg3,8,4,3,floor,,,
64qam,64,4,recurrence,fx:W8g4:cg4,8,4,4,floor,,,
64qam,64,4,recurrence,fx:W8g8:cg1,8,8,1,floor,,,
64qam,64,4,recurrence,fx:W8g8:cg2,8,8,2,floor,,,
64qam,64,4,recurrence,fx:W8g8:cg3,8,8,3,floor,,,
64qam,64,4,recurrence,fx:W8g8:cg4,8,8,4,floor,,,
64qam,64,4,recurrence,fx:W10g0:cg1,10,0,1,floor,,,
64qam,64,4,recurrence,fx:W10g0:cg2,10,0,2,floor,,,
64qam,64,4,recurrence,fx:W10g0:cg3,10,0,3,floor,,,
64qam,64,4,recurrence,fx:W10g0:cg4,10,0,4,floor,,,
64qam,64,4,recurrence,fx:W10g4:cg1,10,4,1,floor,,,
64qam,64,4,recurrence,fx:W10g4:cg2,10,4,2,floor,,,
64qam,64,4,recurrence,fx:W10g4:cg3,10,4,3,ok,1.015984e+01,5.343945e+00,5.372052e+00
64qam,64,4,recurrence,fx:W10g4:cg4,10,4,4,ok,8.134015e+00,3.318121e+00,3.318121e+00
64qam,64,4,recurrence,fx:W10g8:cg1,10,8,1,floor,,,
64qam,64,4,recurrence,fx:W10g8:cg2,10,8,2,ok,7.677498e+00,2.861603e+00,6.451250e-01
64qam,64,4,recurrence,fx:W10g8:cg3,10,8,3,ok,5.629988e+00,8.140930e-01,8.421997e-01
64qam,64,4,recurrence,fx:W10g8:cg4,10,8,4,ok,5.792250e+00,9.763553e-01,9.763553e-01
64qam,64,4,recurrence,fx:W12g0:cg1,12,0,1,floor,,,
64qam,64,4,recurrence,fx:W12g0:cg2,12,0,2,floor,,,
64qam,64,4,recurrence,fx:W12g0:cg3,12,0,3,floor,,,
64qam,64,4,recurrence,fx:W12g0:cg4,12,0,4,floor,,,
64qam,64,4,recurrence,fx:W12g4:cg1,12,4,1,floor,,,
64qam,64,4,recurrence,fx:W12g4:cg2,12,4,2,ok,7.112081e+00,2.296186e+00,7.970762e-02
64qam,64,4,recurrence,fx:W12g4:cg3,12,4,3,ok,6.117266e+00,1.301371e+00,1.329478e+00
64qam,64,4,recurrence,fx:W12g4:cg4,12,4,4,ok,5.471706e+00,6.558109e-01,6.558109e-01
64qam,64,4,recurrence,fx:W12g8:cg1,12,8,1,floor,,,
64qam,64,4,recurrence,fx:W12g8:cg2,12,8,2,ok,7.043669e+00,2.227775e+00,1.129616e-02
64qam,64,4,recurrence,fx:W12g8:cg3,12,8,3,ok,4.885748e+00,6.985303e-02,9.795972e-02
64qam,64,4,recurrence,fx:W12g8:cg4,12,8,4,ok,4.887079e+00,7.118400e-02,7.118400e-02
64qam,64,4,recurrence,fx:W14g0:cg1,14,0,1,floor,,,
64qam,64,4,recurrence,fx:W14g0:cg2,14,0,2,floor,,,
64qam,64,4,recurrence,fx:W14g0:cg3,14,0,3,ok,9.154785e+00,4.338890e+00,4.366997e+00
64qam,64,4,recurrence,fx:W14g0:cg4,14,0,4,ok,7.578082e+00,2.762187e+00,2.762187e+00
64qam,64,4,recurrence,fx:W14g4:cg1,14,4,1,floor,,,
64qam,64,4,recurrence,fx:W14g4:cg2,14,4,2,ok,7.030871e+00,2.214976e+00,-1.502246e-03
64qam,64,4,recurrence,fx:W14g4:cg3,14,4,3,ok,4.978534e+00,1.626395e-01,1.907462e-01
64qam,64,4,recurrence,fx:W14g4:cg4,14,4,4,ok,4.894214e+00,7.831959e-02,7.831959e-02
64qam,64,4,recurrence,fx:W14g8:cg1,14,8,1,floor,,,
64qam,64,4,recurrence,fx:W14g8:cg2,14,8,2,ok,7.041867e+00,2.225973e+00,9.494182e-03
64qam,64,4,recurrence,fx:W14g8:cg3,14,8,3,ok,4.818668e+00,2.773364e-03,3.088005e-02
64qam,64,4,recurrence,fx:W14g8:cg4,14,8,4,ok,4.803793e+00,-1.210210e-02,-1.210210e-02
64qam,64,4,recurrence,fx:W16g0:cg1,16,0,1,floor,,,
64qam,64,4,recurrence,fx:W16g0:cg2,16,0,2,ok,7.101040e+00,2.285145e+00,6.866695e-02
64qam,64,4,recurrence,fx:W16g0:cg3,16,0,3,ok,6.081713e+00,1.265818e+00,1.293925e+00
64qam,64,4,recurrence,fx:W16g0:cg4,16,0,4,ok,5.359290e+00,5.433952e-01,5.433952e-01
64qam,64,4,recurrence,fx:W16g4:cg1,16,4,1,floor,,,
64qam,64,4,recurrence,fx:W16g4:cg2,16,4,2,ok,7.030259e+00,2.214364e+00,-2.114239e-03
64qam,64,4,recurrence,fx:W16g4:cg3,16,4,3,ok,4.841438e+00,2.554286e-02,5.364955e-02
64qam,64,4,recurrence,fx:W16g4:cg4,16,4,4,ok,4.833948e+00,1.805286e-02,1.805286e-02
64qam,64,4,recurrence,fx:W16g8:cg1,16,8,1,floor,,,
64qam,64,4,recurrence,fx:W16g8:cg2,16,8,2,ok,7.033338e+00,2.217443e+00,9.645003e-04
64qam,64,4,recurrence,fx:W16g8:cg3,16,8,3,ok,4.793891e+00,-2.200429e-02,6.102396e-03
64qam,64,4,recurrence,fx:W16g8:cg4,16,8,4,ok,4.800871e+00,-1.502351e-02,-1.502351e-02
64qam,64,4,recurrence,fx:W18g0:cg1,18,0,1,floor,,,
64qam,64,4,recurrence,fx:W18g0:cg2,18,0,2,ok,7.034965e+00,2.219070e+00,2.591817e-03
64qam,64,4,recurrence,fx:W18g0:cg3,18,0,3,ok,4.995325e+00,1.794298e-01,2.075365e-01
64qam,64,4,recurrence,fx:W18g0:cg4,18,0,4,ok,4.902842e+00,8.694769e-02,8.694769e-02
64qam,64,4,recurrence,fx:W18g4:cg1,18,4,1,floor,,,
64qam,64,4,recurrence,fx:W18g4:cg2,18,4,2,ok,7.033466e+00,2.217571e+00,1.092989e-03
64qam,64,4,recurrence,fx:W18g4:cg3,18,4,3,ok,4.789985e+00,-2.590942e-02,2.197264e-03
64qam,64,4,recurrence,fx:W18g4:cg4,18,4,4,ok,4.801614e+00,-1.428113e-02,-1.428113e-02
64qam,64,4,recurrence,fx:W18g8:cg1,18,8,1,floor,,,
64qam,64,4,recurrence,fx:W18g8:cg2,18,8,2,ok,7.035578e+00,2.219683e+00,3.204712e-03
64qam,64,4,recurrence,fx:W18g8:cg3,18,8,3,ok,4.795393e+00,-2.050133e-02,7.605361e-03
64qam,64,4,recurrence,fx:W18g8:cg4,18,8,4,ok,4.808695e+00,-7.199664e-03,-7.199664e-03
64qam,64,4,recurrence,fx:W20g0:cg1,20,0,1,floor,,,
64qam,64,4,recurrence,fx:W20g0:cg2,20,0,2,ok,7.030376e+00,2.214481e+00,-1.997213e-03
64qam,64,4,recurrence,fx:W20g0:cg3,20,0,3,ok,4.809415e+00,-6.479515e-03,2.162717e-02
64qam,64,4,recurrence,fx:W20g0:cg4,20,0,4,ok,4.809415e+00,-6.479515e-03,-6.479515e-03
64qam,64,4,recurrence,fx:W20g4:cg1,20,4,1,floor,,,
64qam,64,4,recurrence,fx:W20g4:cg2,20,4,2,ok,7.031362e+00,2.215467e+00,-1.011256e-03
64qam,64,4,recurrence,fx:W20g4:cg3,20,4,3,ok,4.788548e+00,-2.734719e-02,7.594990e-04
64qam,64,4,recurrence,fx:W20g4:cg4,20,4,4,ok,4.803793e+00,-1.210210e-02,-1.210210e-02
64qam,64,4,recurrence,fx:W20g8:cg1,20,8,1,floor,,,
64qam,64,4,recurrence,fx:W20g8:cg2,20,8,2,ok,7.031332e+00,2.215437e+00,-1.041469e-03
64qam,64,4,recurrence,fx:W20g8:cg3,20,8,3,ok,4.787020e+00,-2.887448e-02,-7.677930e-04
64qam,64,4,recurrence,fx:W20g8:cg4,20,8,4,ok,4.809415e+00,-6.479515e-03,-6.479515e-03
64qam,64,8,recurrence,zf,,,,ok,5.207526e+00,-1.146068e-03,
64qam,64,8,recurrence,mmse,,,,ok,5.208672e+00,0.000000e+00,
64qam,64,8,recurrence,cg1,,,1,floor,,,
64qam,64,8,recurrence,cg2,,,2,floor,,,
64qam,64,8,recurrence,cg3,,,3,ok,6.045845e+00,8.371733e-01,
64qam,64,8,recurrence,cg4,,,4,ok,5.242896e+00,3.422366e-02,
64qam,64,8,recurrence,cg6,,,6,ok,5.208672e+00,0.000000e+00,
64qam,64,8,recurrence,cg8,,,8,ok,5.208672e+00,0.000000e+00,
64qam,64,8,recurrence,fx:W8g0:cg1,8,0,1,floor,,,
64qam,64,8,recurrence,fx:W8g0:cg2,8,0,2,floor,,,
64qam,64,8,recurrence,fx:W8g0:cg3,8,0,3,floor,,,
64qam,64,8,recurrence,fx:W8g0:cg4,8,0,4,floor,,,
64qam,64,8,recurrence,fx:W8g0:cg6,8,0,6,floor,,,
64qam,64,8,recurrence,fx:W8g0:cg8,8,0,8,floor,,,
64qam,64,8,recurrence,fx:W8g4:cg1,8,4,1,floor,,,
64qam,64,8,recurrence,fx:W8g4:cg2,8,4,2,floor,,,
64qam,64,8,recurrence,fx:W8g4:cg3,8,4,3,floor,,,
64qam,64,8,recurrence,fx:W8g4:cg4,8,4,4,floor,,,
64qam,64,8,recurrence,fx:W8g4:cg6,8,4,6,floor,,,
64qam,64,8,recurrence,fx:W8g4:cg8,8,4,8,floor,,,
64qam,64,8,recurrence,fx:W8g8:cg1,8,8,1,floor,,,
64qam,64,8,recurrence,fx:W8g8:cg2,8,8,2,floor,,,
64qam,64,8,recurrence,fx:W8g8:cg3,8,8,3,floor,,,
64qam,64,8,recurrence,fx:W8g8:cg4,8,8,4,floor,,,
64qam,64,8,recurrence,fx:W8g8:cg6,8,8,6,floor,,,
64qam,64,8,recurrence,fx:W8g8:cg8,8,8,8,floor,,,
64qam,64,8,recurrence,fx:W10g0:cg1,10,0,1,floor,,,
64qam,64,8,recurrence,fx:W10g0:cg2,10,0,2,floor,,,
64qam,64,8,recurrence,fx:W10g0:cg3,10,0,3,floor,,,
64qam,64,8,recurrence,fx:W10g0:cg4,10,0,4,floor,,,
64qam,64,8,recurrence,fx:W10g0:cg6,10,0,6,floor,,,
64qam,64,8,recurrence,fx:W10g0:cg8,10,0,8,floor,,,
64qam,64,8,recurrence,fx:W10g4:cg1,10,4,1,floor,,,
64qam,64,8,recurrence,fx:W10g4:cg2,10,4,2,floor,,,
64qam,64,8,recurrence,fx:W10g4:cg3,10,4,3,floor,,,
64qam,64,8,recurrence,fx:W10g4:cg4,10,4,4,ok,9.081621e+00,3.872949e+00,3.838725e+00
64qam,64,8,recurrence,fx:W10g4:cg6,10,4,6,ok,8.549812e+00,3.341140e+00,3.341140e+00
64qam,64,8,recurrence,fx:W10g4:cg8,10,4,8,ok,8.538525e+00,3.329853e+00,3.329853e+00
64qam,64,8,recurrence,fx:W10g8:cg1,10,8,1,floor,,,
64qam,64,8,recurrence,fx:W10g8:cg2,10,8,2,floor,,,
64qam,64,8,recurrence,fx:W10g8:cg3,10,8,3,ok,6.882579e+00,1.673907e+00,8.367339e-01
64qam,64,8,recurrence,fx:W10g8:cg4,10,8,4,ok,6.318208e+00,1.109536e+00,1.075312e+00
64qam,64,8,recurrence,fx:W10g8:cg6,10,8,6,ok,7.497528e+00,2.288856e+00,2.288856e+00
64qam,64,8,recurrence,fx:W10g8:cg8,10,8,8,floor,,,
64qam,64,8,recurrence,fx:W12g0:cg1,12,0,1,floor,,,
64qam,64,8,recurrence,fx:W12g0:cg2,12,0,2,floor,,,
64qam,64,8,recurrence,fx:W12g0:cg3,12,0,3,floor,,,
64qam,64,8,recurrence,fx:W12g0:cg4,12,0,4,floor,,,
64qam,64,8,recurrence,fx:W12g0:cg6,12,0,6,floor,,,
64qam,64,8,recurrence,fx:W12g0:cg8,12,0,8,floor,,,
64qam,64,8,recurrence,fx:W12g4:cg1,12,4,1,floor,,,
64qam,64,8,recurrence,fx:W12g4:cg2,12,4,2,floor,,,
64qam,64,8,recurrence,fx:W12g4:cg3,12,4,3,ok,6.177856e+00,9.691837e-01,1.320103e-01
64qam,64,8,recurrence,fx:W12g4:cg4,12,4,4,ok,5.934097e+00,7.254249e-01,6.912012e-01
64qam,64,8,recurrence,fx:W12g4:cg6,12,4,6,ok,5.586153e+00,3.774807e-01,3.774807e-01
64qam,64,8,recurrence,fx:W12g4:cg8,12,4,8,ok,5.586153e+00,3.774807e-01,3.774807e-01
64qam,64,8,recurrence,fx:W12g8:cg1,12,8,1,floor,,,
64qam,64,8,recurrence,fx:W12g8:cg2,12,8,2,floor,,,
64qam,64,8,recurrence,fx:W12g8:cg3,12,8,3,ok,6.091233e+00,8.825614e-01,4.538810e-02
64qam,64,8,recurrence,fx:W12g8:cg4,12,8,4,ok,5.290472e+00,8.180044e-02,4.757678e-02
64qam,64,8,recurrence,fx:W12g8:cg6,12,8,6,ok,5.269045e+00,6.037299e-02,6.037299e-02
64qam,64,8,recurrence,fx:W12g8:cg8,12,8,8,ok,5.281305e+00,7.263286e-02,7.263286e-02
64qam,64,8,recurrence,fx:W14g0:cg1,14,0,1,floor,,,
64qam,64,8,recurrence,fx:W14g0:cg2,14,0,2,floor,,,
64qam,64,8,recurrence,fx:W14g0:cg3,14,0,3,floor,,,
64qam,64,8,recurrence,fx:W14g0:cg4,14,0,4,ok,8.024739e+00,2.816067e+00,2.781843e+00
64qam,64,8,recurrence,fx:W14g0:cg6,14,0,6,ok,7.663588e+00,2.454916e+00,2.454916e+00
64qam,64,8,recurrence,fx:W14g0:cg8,14,0,8,ok,7.658417e+00,2.449745e+00,2.449745e+00
64qam,64,8,recurrence,fx:W14g4:cg1,14,4,1,floor,,,
64qam,64,8,recurrence,fx:W14g4:cg2,14,4,2,floor,,,
64qam,64,8,recurrence,fx:W14g4:cg3,14,4,3,ok,6.069755e+00,8.610827e-01,2.390935e-02
64qam,64,8,recurrence,fx:W14g4:cg4,14,4,4,ok,5.352987e+00,1.443154e-01,1.100918e-01
64qam,64,8,recurrence,fx:W14g4:cg6,14,4,6,ok,5.303709e+00,9.503733e-02,9.503733e-02
64qam,64,8,recurrence,fx:W14g4:cg8,14,4,8,ok,5.302215e+00,9.354255e-02,9.354255e-02
64qam,64,8,recurrence,fx:W14g8:cg1,14,8,1,floor,,,
64qam,64,8,recurrence,fx:W14g8:cg2,14,8,2,floor,,,
64qam,64,8,recurrence,fx:W14g8:cg3,14,8,3,ok,6.072559e+00,8.638873e-01,2.671399e-02
64qam,64,8,recurrence,fx:W14g8:cg4,14,8,4,ok,5.254096e+00,4.542417e-02,1.120051e-02
64qam,64,8,recurrence,fx:W14g8:cg6,14,8,6,ok,5.211898e+00,3.226304e-03,3.226304e-03
64qam,64,8,recurrence,fx:W14g8:cg8,14,8,8,ok,5.218058e+00,9.385613e-03,9.385613e-03
64qam,64,8,recurrence,fx:W16g0:cg1,16,0,1,floor,,,
64qam,64,8,recurrence,fx:W16g0:cg2,16,0,2,floor,,,
64qam,64,8,recurrence,fx:W16g0:cg3,16,0,3,ok,6.178178e+00,9.695063e-01,1.323329e-01
64qam,64,8,recurrence,fx:W16g0:cg4,16,0,4,ok,5.973871e+00,7.651994e-01,7.309758e-01
64qam,64,8,recurrence,fx:W16g0:cg6,16,0,6,ok,5.590239e+00,3.815673e-01,3.815673e-01
64qam,64,8,recurrence,fx:W16g0:cg8,16,0,8,ok,5.590239e+00,3.815673e-01,3.815673e-01
64qam,64,8,recurrence,fx:W16g4:cg1,16,4,1,floor,,,
64qam,64,8,recurrence,fx:W16g4:cg2,16,4,2,floor,,,
64qam,64,8,recurrence,fx:W16g4:cg3,16,4,3,ok,6.057009e+00,8.483373e-01,1.116400e-02
64qam,64,8,recurrence,fx:W16g4:cg4,16,4,4,ok,5.261199e+00,5.252703e-02,1.830338e-02
64qam,64,8,recurrence,fx:W16g4:cg6,16,4,6,ok,5.250463e+00,4.179060e-02,4.179060e-02
64qam,64,8,recurrence,fx:W16g4:cg8,16,4,8,ok,5.250463e+00,4.179060e-02,4.179060e-02
64qam,64,8,recurrence,fx:W16g8:cg1,16,8,1,floor,,,
64qam,64,8,recurrence,fx:W16g8:cg2,16,8,2,floor,,,
64qam,64,8,recurrence,fx:W16g8:cg3,16,8,3,ok,6.051531e+00,8.428593e-01,5.686031e-03
64qam,64,8,recurrence,fx:W16g8:cg4,16,8,4,ok,5.245253e+00,3.658087e-02,2.357216e-03
64qam,64,8,recurrence,fx:W16g8:cg6,16,8,6,ok,5.210980e+00,2.307757e-03,2.307757e-03
64qam,64,8,recurrence,fx:W16g8:cg8,16,8,8,ok,5.216175e+00,7.502784e-03,7.502784e-03
64qam,64,8,recurrence,fx:W18g0:cg1,18,0,1,floor,,,
64qam,64,8,recurrence,fx:W18g0:cg2,18,0,2,floor,,,
64qam,64,8,recurrence,fx:W18g0:cg3,18,0,3,ok,6.067031e+00,8.583591e-01,2.118575e-02
64qam,64,8,recurrence,fx:W18g0:cg4,18,0,4,ok,5.345201e+00,1.365286e-01,1.023050e-01
64qam,64,8,recurrence,fx:W18g0:cg6,18,0,6,ok,5.291321e+00,8.264883e-02,8.264883e-02
64qam,64,8,recurrence,fx:W18g0:cg8,18,0,8,ok,5.291321e+00,8.264883e-02,8.264883e-02
64qam,64,8,recurrence,fx:W18g4:cg1,18,4,1,floor,,,
64qam,64,8,recurrence,fx:W18g4:cg2,18,4,2,floor,,,
64qam,64,8,recurrence,fx:W18g4:cg3,18,4,3,ok,6.045962e+00,8.372900e-01,1.167225e-04
64qam,64,8,recurrence,fx:W18g4:cg4,18,4,4,ok,5.231594e+00,2.292217e-02,-1.130149e-02
64qam,64,8,recurrence,fx:W18g4:cg6,18,4,6,ok,5.188805e+00,-1.986674e-02,-1.986674e-02
64qam,64,8,recurrence,fx:W18g4:cg8,18,4,8,ok,5.194237e+00,-1.443486e-02,-1.443486e-02
64qam,64,8,recurrence,fx:W18g8:cg1,18,8,1,floor,,,
64qam,64,8,recurrence,fx:W18g8:cg2,18,8,2,floor,,,
64qam,64,8,recurrence,fx:W18g8:cg3,18,8,3,ok,6.051401e+00,8.427292e-01,5.555927e-03
64qam,64,8,recurrence,fx:W18g8:cg4,18,8,4,ok,5.242896e+00,3.422366e-02,0.000000e+00
64qam,64,8,recurrence,fx:W18g8:cg6,18,8,6,ok,5.221636e+00,1.296403e-02,1.296403e-02
64qam,64,8,recurrence,fx:W18g8:cg8,18,8,8,ok,5.225451e+00,1.677871e-02,1.677871e-02
64qam,64,8,recurrence,fx:W20g0:cg1,20,0,1,floor,,,
64qam,64,8,recurrence,fx:W20g0:cg2,20,0,2,floor,,,
64qam,64,8,recurrence,fx:W20g0:cg3,20,0,3,ok,6.051531e+00,8.428593e-01,5.686031e-03
64qam,64,8,recurrence,fx:W20g0:cg4,20,0,4,ok,5.253685e+00,4.501260e-02,1.078895e-02
64qam,64,8,recurrence,fx:W20g0:cg6,20,0,6,ok,5.235401e+00,2.672850e-02,2.672850e-02
64qam,64,8,recurrence,fx:W20g0:cg8,20,0,8,ok,5.235401e+00,2.672850e-02,2.672850e-02
64qam,64,8,recurrence,fx:W20g4:cg1,20,4,1,floor,,,
64qam,64,8,recurrence,fx:W20g4:cg2,20,4,2,floor,,,
64qam,64,8,recurrence,fx:W20g4:cg3,20,4,3,ok,6.048512e+00,8.398397e-01,2.666380e-03
64qam,64,8,recurrence,fx:W20g4:cg4,20,4,4,ok,5.240460e+00,3.178816e-02,-2.435495e-03
64qam,64,8,recurrence,fx:W20g4:cg6,20,4,6,ok,5.210980e+00,2.307757e-03,2.307757e-03
64qam,64,8,recurrence,fx:W20g4:cg8,20,4,8,ok,5.208672e+00,0.000000e+00,0.000000e+00
64qam,64,8,recurrence,fx:W20g8:cg1,20,8,1,floor,,,
64qam,64,8,recurrence,fx:W20g8:cg2,20,8,2,floor,,,
64qam,64,8,recurrence,fx:W20g8:cg3,20,8,3,ok,6.048635e+00,8.399628e-01,2.789479e-03
64qam,64,8,recurrence,fx:W20g8:cg4,20,8,4,ok,5.242896e+00,3.422366e-02,0.000000e+00
64qam,64,8,recurrence,fx:W20g8:cg6,20,8,6,ok,5.216578e+00,7.906380e-03,7.906380e-03
64qam,64,8,recurrence,fx:W20g8:cg8,20,8,8,ok,5.216578e+00,7.906380e-03,7.906380e-03
64qam,64,16,recurrence,zf,,,,ok,5.921997e+00,2.816565e-02,
64qam,64,16,recurrence,mmse,,,,ok,5.893831e+00,0.000000e+00,
64qam,64,16,recurrence,cg1,,,1,floor,,,
64qam,64,16,recurrence,cg2,,,2,floor,,,
64qam,64,16,recurrence,cg3,,,3,floor,,,
64qam,64,16,recurrence,cg4,,,4,ok,8.974913e+00,3.081082e+00,
64qam,64,16,recurrence,cg6,,,6,ok,5.921439e+00,2.760778e-02,
64qam,64,16,recurrence,cg8,,,8,ok,5.919391e+00,2.555949e-02,
64qam,64,16,recurrence,cg12,,,12,ok,5.893831e+00,0.000000e+00,
64qam,64,16,recurrence,cg16,,,16,ok,5.893831e+00,0.000000e+00,
64qam,64,16,recurrence,fx:W8g0:cg1,8,0,1,floor,,,
64qam,64,16,recurrence,fx:W8g0:cg2,8,0,2,floor,,,
64qam,64,16,recurrence,fx:W8g0:cg3,8,0,3,floor,,,
64qam,64,16,recurrence,fx:W8g0:cg4,8,0,4,floor,,,
64qam,64,16,recurrence,fx:W8g0:cg6,8,0,6,floor,,,
64qam,64,16,recurrence,fx:W8g0:cg8,8,0,8,floor,,,
64qam,64,16,recurrence,fx:W8g0:cg12,8,0,12,floor,,,
64qam,64,16,recurrence,fx:W8g0:cg16,8,0,16,floor,,,
64qam,64,16,recurrence,fx:W8g4:cg1,8,4,1,floor,,,
64qam,64,16,recurrence,fx:W8g4:cg2,8,4,2,floor,,,
64qam,64,16,recurrence,fx:W8g4:cg3,8,4,3,floor,,,
64qam,64,16,recurrence,fx:W8g4:cg4,8,4,4,floor,,,
64qam,64,16,recurrence,fx:W8g4:cg6,8,4,6,floor,,,
64qam,64,16,recurrence,fx:W8g4:cg8,8,4,8,floor,,,
64qam,64,16,recurrence,fx:W8g4:cg12,8,4,12,floor,,,
64qam,64,16,recurrence,fx:W8g4:cg16,8,4,16,floor,,,
64qam,64,16,recurrence,fx:W8g8:cg1,8,8,1,floor,,,
64qam,64,16,recurrence,fx:W8g8:cg2,8,8,2,floor,,,
64qam,64,16,recurrence,fx:W8g8:cg3,8,8,3,floor,,,
64qam,64,16,recurrence,fx:W8g8:cg4,8,8,4,floor,,,
64qam,64,16,recurrence,fx:W8g8:cg6,8,8,6,floor,,,
64qam,64,16,recurrence,fx:W8g8:cg8,8,8,8,floor,,,
64qam,64,16,recurrence,fx:W8g8:cg12,8,8,12,floor,,,
64qam,64,16,recurrence,fx:W8g8:cg16,8,8,16,floor,,,
64qam,64,16,recurrence,fx:W10g0:cg1,10,0,1,floor,,,
64qam,64,16,recurrence,fx:W10g0:cg2,10,0,2,floor,,,
64qam,64,16,recurrence,fx:W10g0:cg3,10,0,3,floor,,,
64qam,64,16,recurrence,fx:W10g0:cg4,10,0,4,floor,,,
64qam,64,16,recurrence,fx:W10g0:cg6,10,0,6,floor,,,
64qam,64,16,recurrence,fx:W10g0:cg8,10,0,8,floor,,,
64qam,64,16,recurrence,fx:W10g0:cg12,10,0,12,floor,,,
64qam,64,16,recurrence,fx:W10g0:cg16,10,0,16,floor,,,
64qam,64,16,recurrence,fx:W10g4:cg1,10,4,1,floor,,,
64qam,64,16,recurrence,fx:W10g4:cg2,10,4,2,floor,,,
64qam,64,16,recurrence,fx:W10g4:cg3,10,4,3,floor,,,
64qam,64,16,recurrence,fx:W10g4:cg4,10,4,4,floor,,,
64qam,64,16,recurrence,fx:W10g4:cg6,10,4,6,floor,,,
64qam,64,16,recurrence,fx:W10g4:cg8,10,4,8,floor,,,
64qam,64,16,recurrence,fx:W10g4:cg12,10,4,12,floor,,,
64qam,64,16,recurrence,fx:W10g4:cg16,10,4,16,floor,,,
64qam,64,16,recurrence,fx:W10g8:cg1,10,8,1,floor,,,
64qam,64,16,recurrence,fx:W10g8:cg2,10,8,2,floor,,,
64qam,64,16,recurrence,fx:W10g8:cg3,10,8,3,floor,,,
64qam,64,16,recurrence,fx:W10g8:cg4,10,8,4,floor,,,
64qam,64,16,recurrence,fx:W10g8:cg6,10,8,6,ok,9.295934e+00,3.402103e+00,3.374495e+00
64qam,64,16,recurrence,fx:W10g8:cg8,10,8,8,floor,,,
64qam,64,16,recurrence,fx:W10g8:cg12,10,8,12,floor,,,
64qam,64,16,recurrence,fx:W10g8:cg16,10,8,16,floor,,,
64qam,64,16,recurrence,fx:W12g0:cg1,12,0,1,floor,,,
64qam,64,16,recurrence,fx:W12g0:cg2,12,0,2,floor,,,
64qam,64,16,recurrence,fx:W12g0:cg3,12,0,3,floor,,,
64qam,64,16,recurrence,fx:W12g0:cg4,12,0,4,floor,,,
64qam,64,16,recurrence,fx:W12g0:cg6,12,0,6,floor,,,
64qam,64,16,recurrence,fx:W12g0:cg8,12,0,8,floor,,,
64qam,64,16,recurrence,fx:W12g0:cg12,12,0,12,floor,,,
64qam,64,16,recurrence,fx:W12g0:cg16,12,0,16,floor,,,
64qam,64,16,recurrence,fx:W12g4:cg1,12,4,1,floor,,,
64qam,64,16,recurrence,fx:W12g4:cg2,12,4,2,floor,,,
64qam,64,16,recurrence,fx:W12g4:cg3,12,4,3,floor,,,
64qam,64,16,recurrence,fx:W12g4:cg4,12,4,4,ok,9.234128e+00,3.340297e+00,2.592147e-01
64qam,64,16,recurrence,fx:W12g4:cg6,12,4,6,ok,6.862480e+00,9.686490e-01,9.410413e-01
64qam,64,16,recurrence,fx:W12g4:cg8,12,4,8,ok,7.069231e+00,1.175399e+00,1.149840e+00
64qam,64,16,recurrence,fx:W12g4:cg12,12,4,12,ok,7.962581e+00,2.068750e+00,2.068750e+00
64qam,64,16,recurrence,fx:W12g4:cg16,12,4,16,ok,8.561141e+00,2.667310e+00,2.667310e+00
64qam,64,16,recurrence,fx:W12g8:cg1,12,8,1,floor,,,
64qam,64,16,recurrence,fx:W12g8:cg2,12,8,2,floor,,,
64qam,64,16,recurrence,fx:W12g8:cg3,12,8,3,floor,,,
64qam,64,16,recurrence,fx:W12g8:cg4,12,8,4,ok,9.126412e+00,3.232580e+00,1.514983e-01
64qam,64,16,recurrence,fx:W12g8:cg6,12,8,6,ok,6.153470e+00,2.596390e-01,2.320313e-01
64qam,64,16,recurrence,fx:W12g8:cg8,12,8,8,ok,6.157849e+00,2.640181e-01,2.384586e-01
64qam,64,16,recurrence,fx:W12g8:cg12,12,8,12,ok,6.883814e+00,9.899824e-01,9.899824e-01
64qam,64,16,recurrence,fx:W12g8:cg16,12,8,16,floor,,,
64qam,64,16,recurrence,fx:W14g0:cg1,14,0,1,floor,,,
64qam,64,16,recurrence,fx:W14g0:cg2,14,0,2,floor,,,
64qam,64,16,recurrence,fx:W14g0:cg3,14,0,3,floor,,,
64qam,64,16,recurrence,fx:W14g0:cg4,14,0,4,floor,,,
64qam,64,16,recurrence,fx:W14g0:cg6,14,0,6,ok,1.016553e+01,4.271701e+00,4.244093e+00
64qam,64,16,recurrence,fx:W14g0:cg8,14,0,8,ok,1.024400e+01,4.350164e+00,4.324605e+00
64qam,64,16,recurrence,fx:W14g0:cg12,14,0,12,ok,1.073708e+01,4.843250e+00,4.843250e+00
64qam,64,16,recurrence,fx:W14g0:cg16,14,0,16,ok,1.090217e+01,5.008335e+00,5.008335e+00
64qam,64,16,recurrence,fx:W14g4:cg1,14,4,1,floor,,,
64qam,64,16,recurrence,fx:W14g4:cg2,14,4,2,floor,,,
64qam,64,16,recurrence,fx:W14g4:cg3,14,4,3,floor,,,
64qam,64,16,recurrence,fx:W14g4:cg4,14,4,4,ok,8.976335e+00,3.082504e+00,1.422179e-03
64qam,64,16,recurrence,fx:W14g4:cg6,14,4,6,ok,6.041842e+00,1.480106e-01,1.204029e-01
64qam,64,16,recurrence,fx:W14g4:cg8,14,4,8,ok,6.006956e+00,1.131246e-01,8.756509e-02
64qam,64,16,recurrence,fx:W14g4:cg12,14,4,12,ok,6.236097e+00,3.422660e-01,3.422660e-01
64qam,64,16,recurrence,fx:W14g4:cg16,14,4,16,ok,6.648405e+00,7.545734e-01,7.545734e-01
64qam,64,16,recurrence,fx:W14g8:cg1,14,8,1,floor,,,
64qam,64,16,recurrence,fx:W14g8:cg2,14,8,2,floor,,,
64qam,64,16,recurrence,fx:W14g8:cg3,14,8,3,floor,,,
64qam,64,16,recurrence,fx:W14g8:cg4,14,8,4,ok,8.977247e+00,3.083416e+00,2.333531e-03
64qam,64,16,recurrence,fx:W14g8:cg6,14,8,6,ok,5.973172e+00,7.934103e-02,5.173324e-02
64qam,64,16,recurrence,fx:W14g8:cg8,14,8,8,ok,5.946964e+00,5.313325e-02,2.757375e-02
64qam,64,16,recurrence,fx:W14g8:cg12,14,8,12,ok,5.982471e+00,8.863988e-02,8.863988e-02
64qam,64,16,recurrence,fx:W14g8:cg16,14,8,16,ok,7.418232e+00,1.524401e+00,1.524401e+00
64qam,64,16,recurrence,fx:W16g0:cg1,16,0,1,floor,,,
64qam,64,16,recurrence,fx:W16g0:cg2,16,0,2,floor,,,
64qam,64,16,recurrence,fx:W16g0:cg3,16,0,3,floor,,,
64qam,64,16,recurrence,fx:W16g0:cg4,16,0,4,ok,9.053188e+00,3.159357e+00,7.827521e-02
64qam,64,16,recurrence,fx:W16g0:cg6,16,0,6,ok,6.719918e+00,8.260864e-01,7.984786e-01
64qam,64,16,recurrence,fx:W16g0:cg8,16,0,8,ok,6.778843e+00,8.850117e-01,8.594522e-01
64qam,64,16,recurrence,fx:W16g0:cg12,16,0,12,ok,7.612615e+00,1.718784e+00,1.718784e+00
64qam,64,16,recurrence,fx:W16g0:cg16,16,0,16,ok,7.796654e+00,1.902823e+00,1.902823e+00
64qam,64,16,recurrence,fx:W16g4:cg1,16,4,1,floor,,,
64qam,64,16,recurrence,fx:W16g4:cg2,16,4,2,floor,,,
64qam,64,16,recurrence,fx:W16g4:cg3,16,4,3,floor,,,
64qam,64,16,recurrence,fx:W16g4:cg4,16,4,4,ok,8.973433e+00,3.079601e+00,-1.480521e-03
64qam,64,16,recurrence,fx:W16g4:cg6,16,4,6,ok,5.906272e+00,1.244038e-02,-1.516741e-02
64qam,64,16,recurrence,fx:W16g4:cg8,16,4,8,ok,5.945761e+00,5.192997e-02,2.637048e-02
64qam,64,16,recurrence,fx:W16g4:cg12,16,4,12,ok,5.949662e+00,5.583111e-02,5.583111e-02
64qam,64,16,recurrence,fx:W16g4:cg16,16,4,16,ok,5.952700e+00,5.886844e-02,5.886844e-02
64qam,64,16,recurrence,fx:W16g8:cg1,16,8,1,floor,,,
64qam,64,16,recurrence,fx:W16g8:cg2,16,8,2,floor,,,
64qam,64,16,recurrence,fx:W16g8:cg3,16,8,3,floor,,,
64qam,64,16,recurrence,fx:W16g8:cg4,16,8,4,ok,8.980866e+00,3.087035e+00,5.953098e-03
64qam,64,16,recurrence,fx:W16g8:cg6,16,8,6,ok,5.947349e+00,5.351746e-02,2.590968e-02
64qam,64,16,recurrence,fx:W16g8:cg8,16,8,8,ok,5.927952e+00,3.412096e-02,8.561465e-03
64qam,64,16,recurrence,fx:W16g8:cg12,16,8,12,ok,5.911898e+00,1.806681e-02,1.806681e-02
64qam,64,16,recurrence,fx:W16g8:cg16,16,8,16,ok,5.914369e+00,2.053802e-02,2.053802e-02
64qam,64,16,recurrence,fx:W18g0:cg1,18,0,1,floor,,,
64qam,64,16,recurrence,fx:W18g0:cg2,18,0,2,floor,,,
64qam,64,16,recurrence,fx:W18g0:cg3,18,0,3,floor,,,
64qam,64,16,recurrence,fx:W18g0:cg4,18,0,4,ok,8.985171e+00,3.091340e+00,1.025804e-02
64qam,64,16,recurrence,fx:W18g0:cg6,18,0,6,ok,6.033463e+00,1.396314e-01,1.120236e-01
64qam,64,16,recurrence,fx:W18g0:cg8,18,0,8,ok,6.006705e+00,1.128734e-01,8.731391e-02
64qam,64,16,recurrence,fx:W18g0:cg12,18,0,12,ok,6.097408e+00,2.035764e-01,2.035764e-01
64qam,64,16,recurrence,fx:W18g0:cg16,18,0,16,ok,6.265538e+00,3.717066e-01,3.717066e-01
64qam,64,16,recurrence,fx:W18g4:cg1,18,4,1,floor,,,
64qam,64,16,recurrence,fx:W18g4:cg2,18,4,2,floor,,,
64qam,64,16,recurrence,fx:W18g4:cg3,18,4,3,floor,,,
64qam,64,16,recurrence,fx:W18g4:cg4,18,4,4,ok,8.982279e+00,3.088447e+00,7.365395e-03
64qam,64,16,recurrence,fx:W18g4:cg6,18,4,6,ok,5.889929e+00,-3.902521e-03,-3.151030e-02
64qam,64,16,recurrence,fx:W18g4:cg8,18,4,8,ok,5.918464e+00,2.463296e-02,-9.265376e-04
64qam,64,16,recurrence,fx:W18g4:cg12,18,4,12,ok,5.919391e+00,2.555949e-02,2.555949e-02
64qam,64,16,recurrence,fx:W18g4:cg16,18,4,16,ok,5.919693e+00,2.586165e-02,2.586165e-02
64qam,64,16,recurrence,fx:W18g8:cg1,18,8,1,floor,,,
64qam,64,16,recurrence,fx:W18g8:cg2,18,8,2,floor,,,
64qam,64,16,recurrence,fx:W18g8:cg3,18,8,3,floor,,,
64qam,64,16,recurrence,fx:W18g8:cg4,18,8,4,ok,8.980964e+00,3.087133e+00,6.051165e-03
64qam,64,16,recurrence,fx:W18g8:cg6,18,8,6,ok,5.929286e+00,3.545460e-02,7.846812e-03
64qam,64,16,recurrence,fx:W18g8:cg8,18,8,8,ok,5.903240e+00,9.409015e-03,-1.615048e-02
64qam,64,16,recurrence,fx:W18g8:cg12,18,8,12,ok,5.910244e+00,1.641231e-02,1.641231e-02
64qam,64,16,recurrence,fx:W18g8:cg16,18,8,16,ok,5.910244e+00,1.641231e-02,1.641231e-02
64qam,64,16,recurrence,fx:W20g0:cg1,20,0,1,floor,,,
64qam,64,16,recurrence,fx:W20g0:cg2,20,0,2,floor,,,
64qam,64,16,recurrence,fx:W20g0:cg3,20,0,3,floor,,,
64qam,64,16,recurrence,fx:W20g0:cg4,20,0,4,ok,8.977421e+00,3.083590e+00,2.507533e-03
64qam,64,16,recurrence,fx:W20g0:cg6,20,0,6,ok,5.913159e+00,1.932817e-02,-8.279615e-03
64qam,64,16,recurrence,fx:W20g0:cg8,20,0,8,ok,5.918776e+00,2.494520e-02,-6.142901e-04
64qam,64,16,recurrence,fx:W20g0:cg12,20,0,12,ok,5.926311e+00,3.247929e-02,3.247929e-02
64qam,64,16,recurrence,fx:W20g0:cg16,20,0,16,ok,5.964282e+00,7.045099e-02,7.045099e-02
64qam,64,16,recurrence,fx:W20g4:cg1,20,4,1,floor,,,
64qam,64,16,recurrence,fx:W20g4:cg2,20,4,2,floor,,,
64qam,64,16,recurrence,fx:W20g4:cg3,20,4,3,floor,,,
64qam,64,16,recurrence,fx:W20g4:cg4,20,4,4,ok,8.975226e+00,3.081395e+00,3.130336e-04
64qam,64,16,recurrence,fx:W20g4:cg6,20,4,6,ok,5.929544e+00,3.571280e-02,8.105016e-03
64qam,64,16,recurrence,fx:W20g4:cg8,20,4,8,ok,5.910916e+00,1.708488e-02,-8.474616e-03
64qam,64,16,recurrence,fx:W20g4:cg12,20,4,12,ok,5.902885e+00,9.054194e-03,9.054194e-03
64qam,64,16,recurrence,fx:W20g4:cg16,20,4,16,ok,5.902885e+00,9.054194e-03,9.054194e-03
64qam,64,16,recurrence,fx:W20g8:cg1,20,8,1,floor,,,
64qam,64,16,recurrence,fx:W20g8:cg2,20,8,2,floor,,,
64qam,64,16,recurrence,fx:W20g8:cg3,20,8,3,floor,,,
64qam,64,16,recurrence,fx:W20g8:cg4,20,8,4,ok,8.975852e+00,3.082021e+00,9.390656e-04
64qam,64,16,recurrence,fx:W20g8:cg6,20,8,6,ok,5.921156e+00,2.732442e-02,-2.833613e-04
64qam,64,16,recurrence,fx:W20g8:cg8,20,8,8,ok,5.919693e+00,2.586165e-02,3.021566e-04
64qam,64,16,recurrence,fx:W20g8:cg12,20,8,12,ok,5.910582e+00,1.675045e-02,1.675045e-02
64qam,64,16,recurrence,fx:W20g8:cg16,20,8,16,ok,5.910582e+00,1.675045e-02,1.675045e-02
64qam,128,4,recurrence,zf,,,,ok,1.616601e+00,-9.225801e-03,
64qam,128,4,recurrence,mmse,,,,ok,1.625827e+00,0.000000e+00,
64qam,128,4,recurrence,cg1,,,1,floor,,,
64qam,128,4,recurrence,cg2,,,2,ok,2.073630e+00,4.478037e-01,
64qam,128,4,recurrence,cg3,,,3,ok,1.632485e+00,6.658785e-03,
64qam,128,4,recurrence,cg4,,,4,ok,1.625827e+00,0.000000e+00,
64qam,128,4,recurrence,fx:W8g0:cg1,8,0,1,floor,,,
64qam,128,4,recurrence,fx:W8g0:cg2,8,0,2,floor,,,
64qam,128,4,recurrence,fx:W8g0:cg3,8,0,3,floor,,,
64qam,128,4,recurrence,fx:W8g0:cg4,8,0,4,floor,,,
64qam,128,4,recurrence,fx:W8g4:cg1,8,4,1,floor,,,
64qam,128,4,recurrence,fx:W8g4:cg2,8,4,2,floor,,,
64qam,128,4,recurrence,fx:W8g4:cg3,8,4,3,floor,,,
64qam,128,4,recurrence,fx:W8g4:cg4,8,4,4,floor,,,
64qam,128,4,recurrence,fx:W8g8:cg1,8,8,1,floor,,,
64qam,128,4,recurrence,fx:W8g8:cg2,8,8,2,floor,,,
64qam,128,4,recurrence,fx:W8g8:cg3,8,8,3,floor,,,
64qam,128,4,recurrence,fx:W8g8:cg4,8,8,4,floor,,,
64qam,128,4,recurrence,fx:W10g0:cg1,10,0,1,floor,,,
64qam,128,4,recurrence,fx:W10g0:cg2,10,0,2,floor,,,
64qam,128,4,recurrence,fx:W10g0:cg3,10,0,3,floor,,,
64qam,128,4,recurrence,fx:W10g0:cg4,10,0,4,floor,,,
64qam,128,4,recurrence,fx:W10g4:cg1,10,4,1,floor,,,
64qam,128,4,recurrence,fx:W10g4:cg2,10,4,2,ok,7.342652e+00,5.716826e+00,5.269022e+00
64qam,128,4,recurrence,fx:W10g4:cg3,10,4,3,ok,4.587178e+00,2.961351e+00,2.954692e+00
64qam,128,4,recurrence,fx:W10g4:cg4,10,4,4,ok,3.818644e+00,2.192818e+00,2.192818e+00
64qam,128,4,recurrence,fx:W10g8:cg1,10,8,1,floor,,,
64qam,128,4,recurrence,fx:W10g8:cg2,10,8,2,ok,2.405435e+00,7.796081e-01,3.318044e-01
64qam,128,4,recurrence,fx:W10g8:cg3,10,8,3,ok,2.204738e+00,5.789108e-01,5.722521e-01
64qam,128,4,recurrence,fx:W10g8:cg4,10,8,4,ok,2.199795e+00,5.739681e-01,5.739681e-01
64qam,128,4,recurrence,fx:W12g0:cg1,12,0,1,floor,,,
64qam,128,4,recurrence,fx:W12g0:cg2,12,0,2,floor,,,
64qam,128,4,recurrence,fx:W12g0:cg3,12,0,3,floor,,,
64qam,128,4,recurrence,fx:W12g0:cg4,12,0,4,floor,,,
64qam,128,4,recurrence,fx:W12g4:cg1,12,4,1,floor,,,
64qam,128,4,recurrence,fx:W12g4:cg2,12,4,2,ok,2.235219e+00,6.093928e-01,1.615890e-01
64qam,128,4,recurrence,fx:W12g4:cg3,12,4,3,ok,2.199032e+00,5.732048e-01,5.665461e-01
64qam,128,4,recurrence,fx:W12g4:cg4,12,4,4,ok,2.088965e+00,4.631383e-01,4.631383e-01
64qam,128,4,recurrence,fx:W12g8:cg1,12,8,1,floor,,,
64qam,128,4,recurrence,fx:W12g8:cg2,12,8,2,ok,2.076759e+00,4.509321e-01,3.128354e-03
64qam,128,4,recurrence,fx:W12g8:cg3,12,8,3,ok,1.692140e+00,6.631351e-02,5.965472e-02
64qam,128,4,recurrence,fx:W12g8:cg4,12,8,4,ok,1.694840e+00,6.901325e-02,6.901325e-02
64qam,128,4,recurrence,fx:W14g0:cg1,14,0,1,floor,,,
64qam,128,4,recurrence,fx:W14g0:cg2,14,0,2,ok,6.639506e+00,5.013679e+00,4.565875e+00
64qam,128,4,recurrence,fx:W14g0:cg3,14,0,3,ok,4.057169e+00,2.431342e+00,2.424684e+00
64qam,128,4,recurrence,fx:W14g0:cg4,14,0,4,ok,3.474576e+00,1.848749e+00,1.848749e+00
64qam,128,4,recurrence,fx:W14g4:cg1,14,4,1,floor,,,
64qam,128,4,recurrence,fx:W14g4:cg2,14,4,2,ok,2.089287e+00,4.634599e-01,1.565614e-02
64qam,128,4,recurrence,fx:W14g4:cg3,14,4,3,ok,1.861031e+00,2.352045e-01,2.285457e-01
64qam,128,4,recurrence,fx:W14g4:cg4,14,4,4,ok,1.756598e+00,1.307718e-01,1.307718e-01
64qam,128,4,recurrence,fx:W14g8:cg1,14,8,1,floor,,,
64qam,128,4,recurrence,fx:W14g8:cg2,14,8,2,ok,2.096314e+00,4.704876e-01,2.268388e-02
64qam,128,4,recurrence,fx:W14g8:cg3,14,8,3,ok,1.652610e+00,2.678325e-02,2.012447e-02
64qam,128,4,recurrence,fx:W14g8:cg4,14,8,4,ok,1.651816e+00,2.598966e-02,2.598966e-02
64qam,128,4,recurrence,fx:W16g0:cg1,16,0,1,floor,,,
64qam,128,4,recurrence,fx:W16g0:cg2,16,0,2,ok,2.191053e+00,5.652263e-01,1.174225e-01
64qam,128,4,recurrence,fx:W16g0:cg3,16,0,3,ok,2.159494e+00,5.336669e-01,5.270081e-01
64qam,128,4,recurrence,fx:W16g0:cg4,16,0,4,ok,2.075586e+00,4.497597e-01,4.497597e-01
64qam,128,4,recurrence,fx:W16g4:cg1,16,4,1,floor,,,
64qam,128,4,recurrence,fx:W16g4:cg2,16,4,2,ok,2.075296e+00,4.494692e-01,1.665435e-03
64qam,128,4,recurrence,fx:W16g4:cg3,16,4,3,ok,1.652577e+00,2.675033e-02,2.009155e-02
64qam,128,4,recurrence,fx:W16g4:cg4,16,4,4,ok,1.664384e+00,3.855768e-02,3.855768e-02
64qam,128,4,recurrence,fx:W16g8:cg1,16,8,1,floor,,,
64qam,128,4,recurrence,fx:W16g8:cg2,16,8,2,ok,2.078942e+00,4.531151e-01,5.311309e-03
64qam,128,4,recurrence,fx:W16g8:cg3,16,8,3,ok,1.658325e+00,3.249818e-02,2.583939e-02
64qam,128,4,recurrence,fx:W16g8:cg4,16,8,4,ok,1.651234e+00,2.540708e-02,2.540708e-02
64qam,128,4,recurrence,fx:W18g0:cg1,18,0,1,floor,,,
64qam,128,4,recurrence,fx:W18g0:cg2,18,0,2,ok,2.105089e+00,4.792619e-01,3.145818e-02
64qam,128,4,recurrence,fx:W18g0:cg3,18,0,3,ok,1.902889e+00,2.770620e-01,2.704032e-01
64qam,128,4,recurrence,fx:W18g0:cg4,18,0,4,ok,1.796985e+00,1.711587e-01,1.711587e-01
64qam,128,4,recurrence,fx:W18g4:cg1,18,4,1,floor,,,
64qam,128,4,recurrence,fx:W18g4:cg2,18,4,2,ok,2.079245e+00,4.534184e-01,5.614670e-03
64qam,128,4,recurrence,fx:W18g4:cg3,18,4,3,ok,1.661034e+00,3.520765e-02,2.854886e-02
64qam,128,4,recurrence,fx:W18g4:cg4,18,4,4,ok,1.664980e+00,3.915374e-02,3.915374e-02
64qam,128,4,recurrence,fx:W18g8:cg1,18,8,1,floor,,,
64qam,128,4,recurrence,fx:W18g8:cg2,18,8,2,ok,2.076464e+00,4.506374e-01,2.833638e-03
64qam,128,4,recurrence,fx:W18g8:cg3,18,8,3,ok,1.628957e+00,3.130704e-03,-3.528081e-03
64qam,128,4,recurrence,fx:W18g8:cg4,18,8,4,ok,1.619084e+00,-6.742855e-03,-6.742855e-03
64qam,128,4,recurrence,fx:W20g0:cg1,20,0,1,floor,,,
64qam,128,4,recurrence,fx:W20g0:cg2,20,0,2,ok,2.076170e+00,4.503437e-01,2.539994e-03
64qam,128,4,recurrence,fx:W20g0:cg3,20,0,3,ok,1.657759e+00,3.193267e-02,2.527389e-02
64qam,128,4,recurrence,fx:W20g0:cg4,20,0,4,ok,1.667240e+00,4.141320e-02,4.141320e-02
64qam,128,4,recurrence,fx:W20g4:cg1,20,4,1,floor,,,
64qam,128,4,recurrence,fx:W20g4:cg2,20,4,2,ok,2.073915e+00,4.480884e-01,2.846883e-04
64qam,128,4,recurrence,fx:W20g4:cg3,20,4,3,ok,1.644902e+00,1.907491e-02,1.241613e-02
64qam,128,4,recurrence,fx:W20g4:cg4,20,4,4,ok,1.637899e+00,1.207277e-02,1.207277e-02
64qam,128,4,recurrence,fx:W20g8:cg1,20,8,1,floor,,,
64qam,128,4,recurrence,fx:W20g8:cg2,20,8,2,ok,2.073347e+00,4.475201e-01,-2.836592e-04
64qam,128,4,recurrence,fx:W20g8:cg3,20,8,3,ok,1.628957e+00,3.130704e-03,-3.528081e-03
64qam,128,4,recurrence,fx:W20g8:cg4,20,8,4,ok,1.622307e+00,-3.520077e-03,-3.520077e-03
64qam,128,8,recurrence,zf,,,,ok,1.806965e+00,2.028875e-02,
64qam,128,8,recurrence,mmse,,,,ok,1.786676e+00,0.000000e+00,
64qam,128,8,recurrence,cg1,,,1,floor,,,
64qam,128,8,recurrence,cg2,,,2,ok,5.509166e+00,3.722490e+00,
64qam,128,8,recurrence,cg3,,,3,ok,1.942961e+00,1.562848e-01,
64qam,128,8,recurrence,cg4,,,4,ok,1.794171e+00,7.494375e-03,
64qam,128,8,recurrence,cg6,,,6,ok,1.786676e+00,0.000000e+00,
64qam,128,8,recurrence,cg8,,,8,ok,1.786676e+00,0.000000e+00,
64qam,128,8,recurrence,fx:W8g0:cg1,8,0,1,floor,,,
64qam,128,8,recurrence,fx:W8g0:cg2,8,0,2,floor,,,
64qam,128,8,recurrence,fx:W8g0:cg3,8,0,3,floor,,,
64qam,128,8,recurrence,fx:W8g0:cg4,8,0,4,floor,,,
64qam,128,8,recurrence,fx:W8g0:cg6,8,0,6,floor,,,
64qam,128,8,recurrence,fx:W8g0:cg8,8,0,8,floor,,,
64qam,128,8,recurrence,fx:W8g4:cg1,8,4,1,floor,,,
64qam,128,8,recurrence,fx:W8g4:cg2,8,4,2,floor,,,
64qam,128,8,recurrence,fx:W8g4:cg3,8,4,3,floor,,,
64qam,128,8,recurrence,fx:W8g4:cg4,8,4,4,floor,,,
64qam,128,8,recurrence,fx:W8g4:cg6,8,4,6,floor,,,
64qam,128,8,recurrence,fx:W8g4:cg8,8,4,8,floor,,,
64qam,128,8,recurrence,fx:W8g8:cg1,8,8,1,floor,,,
64qam,128,8,recurrence,fx:W8g8:cg2,8,8,2,floor,,,
64qam,128,8,recurrence,fx:W8g8:cg3,8,8,3,floor,,,
64qam,128,8,recurrence,fx:W8g8:cg4,8,8,4,floor,,,
64qam,128,8,recurrence,fx:W8g8:cg6,8,8,6,floor,,,
64qam,128,8,recurrence,fx:W8g8:cg8,8,8,8,floor,,,
64qam,128,8,recurrence,fx:W10g0:cg1,10,0,1,floor,,,
64qam,128,8,recurrence,fx:W10g0:cg2,10,0,2,floor,,,
64qam,128,8,recurrence,fx:W10g0:cg3,10,0,3,floor,,,
64qam,128,8,recurrence,fx:W10g0:cg4,10,0,4,floor,,,
64qam,128,8,recurrence,fx:W10g0:cg6,10,0,6,floor,,,
64qam,128,8,recurrence,fx:W10g0:cg8,10,0,8,floor,,,
64qam,128,8,recurrence,fx:W10g4:cg1,10,4,1,floor,,,
64qam,128,8,recurrence,fx:W10g4:cg2,10,4,2,ok,6.744435e+00,4.957759e+00,1.235269e+00
64qam,128,8,recurrence,fx:W10g4:cg3,10,4,3,ok,5.308256e+00,3.521580e+00,3.365296e+00
64qam,128,8,recurrence,fx:W10g4:cg4,10,4,4,ok,3.420453e+00,1.633777e+00,1.626282e+00
64qam,128,8,recurrence,fx:W10g4:cg6,10,4,6,ok,3.415122e+00,1.628446e+00,1.628446e+00
64qam,128,8,recurrence,fx:W10g4:cg8,10,4,8,ok,3.415122e+00,1.628446e+00,1.628446e+00
64qam,128,8,recurrence,fx:W10g8:cg1,10,8,1,floor,,,
64qam,128,8,recurrence,fx:W10g8:cg2,10,8,2,ok,6.419461e+00,4.632785e+00,9.102951e-01
64qam,128,8,recurrence,fx:W10g8:cg3,10,8,3,ok,2.458127e+00,6.714512e-01,5.151665e-01
64qam,128,8,recurrence,fx:W10g8:cg4,10,8,4,ok,2.654850e+00,8.681740e-01,8.606796e-01
64qam,128,8,recurrence,fx:W10g8:cg6,10,8,6,ok,3.308214e+00,1.521538e+00,1.521538e+00
64qam,128,8,recurrence,fx:W10g8:cg8,10,8,8,ok,4.698262e+00,2.911586e+00,2.911586e+00
64qam,128,8,recurrence,fx:W12g0:cg1,12,0,1,floor,,,
64qam,128,8,recurrence,fx:W12g0:cg2,12,0,2,floor,,,
64qam,128,8,recurrence,fx:W12g0:cg3,12,0,3,floor,,,
64qam,128,8,recurrence,fx:W12g0:cg4,12,0,4,floor,,,
64qam,128,8,recurrence,fx:W12g0:cg6,12,0,6,floor,,,
64qam,128,8,recurrence,fx:W12g0:cg8,12,0,8,floor,,,
64qam,128,8,recurrence,fx:W12g4:cg1,12,4,1,floor,,,
64qam,128,8,recurrence,fx:W12g4:cg2,12,4,2,ok,5.578050e+00,3.791373e+00,6.888355e-02
64qam,128,8,recurrence,fx:W12g4:cg3,12,4,3,ok,2.260478e+00,4.738016e-01,3.175168e-01
64qam,128,8,recurrence,fx:W12g4:cg4,12,4,4,ok,2.131359e+00,3.446827e-01,3.371883e-01
64qam,128,8,recurrence,fx:W12g4:cg6,12,4,6,ok,2.090397e+00,3.037205e-01,3.037205e-01
64qam,128,8,recurrence,fx:W12g4:cg8,12,4,8,ok,2.090397e+00,3.037205e-01,3.037205e-01
64qam,128,8,recurrence,fx:W12g8:cg1,12,8,1,floor,,,
64qam,128,8,recurrence,fx:W12g8:cg2,12,8,2,ok,5.557238e+00,3.770562e+00,4.807183e-02
64qam,128,8,recurrence,fx:W12g8:cg3,12,8,3,ok,1.980425e+00,1.937483e-01,3.746356e-02
64qam,128,8,recurrence,fx:W12g8:cg4,12,8,4,ok,1.878921e+00,9.224475e-02,8.475038e-02
64qam,128,8,recurrence,fx:W12g8:cg6,12,8,6,ok,1.901934e+00,1.152581e-01,1.152581e-01
64qam,128,8,recurrence,fx:W12g8:cg8,12,8,8,ok,1.901934e+00,1.152581e-01,1.152581e-01
64qam,128,8,recurrence,fx:W14g0:cg1,14,0,1,floor,,,
64qam,128,8,recurrence,fx:W14g0:cg2,14,0,2,ok,5.878411e+00,4.091735e+00,3.692450e-01
64qam,128,8,recurrence,fx:W14g0:cg3,14,0,3,ok,4.826679e+00,3.040003e+00,2.883718e+00
64qam,128,8,recurrence,fx:W14g0:cg4,14,0,4,ok,3.143311e+00,1.356635e+00,1.349140e+00
64qam,128,8,recurrence,fx:W14g0:cg6,14,0,6,ok,3.140820e+00,1.354144e+00,1.354144e+00
64qam,128,8,recurrence,fx:W14g0:cg8,14,0,8,ok,3.140820e+00,1.354144e+00,1.354144e+00
64qam,128,8,recurrence,fx:W14g4:cg1,14,4,1,floor,,,
64qam,128,8,recurrence,fx:W14g4:cg2,14,4,2,ok,5.511844e+00,3.725168e+00,2.678055e-03
64qam,128,8,recurrence,fx:W14g4:cg3,14,4,3,ok,1.965955e+00,1.792793e-01,2.299454e-02
64qam,128,8,recurrence,fx:W14g4:cg4,14,4,4,ok,1.958419e+00,1.717430e-01,1.642487e-01
64qam,128,8,recurrence,fx:W14g4:cg6,14,4,6,ok,1.941837e+00,1.551611e-01,1.551611e-01
64qam,128,8,recurrence,fx:W14g4:cg8,14,4,8,ok,1.941837e+00,1.551611e-01,1.551611e-01
64qam,128,8,recurrence,fx:W14g8:cg1,14,8,1,floor,,,
64qam,128,8,recurrence,fx:W14g8:cg2,14,8,2,ok,5.515499e+00,3.728823e+00,6.332828e-03
64qam,128,8,recurrence,fx:W14g8:cg3,14,8,3,ok,1.914063e+00,1.273871e-01,-2.889773e-02
64qam,128,8,recurrence,fx:W14g8:cg4,14,8,4,ok,1.809216e+00,2.254001e-02,1.504563e-02
64qam,128,8,recurrence,fx:W14g8:cg6,14,8,6,ok,1.822782e+00,3.610569e-02,3.610569e-02
64qam,128,8,recurrence,fx:W14g8:cg8,14,8,8,ok,1.822782e+00,3.610569e-02,3.610569e-02
64qam,128,8,recurrence,fx:W16g0:cg1,16,0,1,floor,,,
64qam,128,8,recurrence,fx:W16g0:cg2,16,0,2,ok,5.524497e+00,3.737821e+00,1.533112e-02
64qam,128,8,recurrence,fx:W16g0:cg3,16,0,3,ok,2.190063e+00,4.033873e-01,2.471025e-01
64qam,128,8,recurrence,fx:W16g0:cg4,16,0,4,ok,2.097146e+00,3.104697e-01,3.029753e-01
64qam,128,8,recurrence,fx:W16g0:cg6,16,0,6,ok,2.071736e+00,2.850595e-01,2.850595e-01
64qam,128,8,recurrence,fx:W16g0:cg8,16,0,8,ok,2.071736e+00,2.850595e-01,2.850595e-01
64qam,128,8,recurrence,fx:W16g4:cg1,16,4,1,floor,,,
64qam,128,8,recurrence,fx:W16g4:cg2,16,4,2,ok,5.509111e+00,3.722435e+00,-5.478137e-05
64qam,128,8,recurrence,fx:W16g4:cg3,16,4,3,ok,1.936003e+00,1.493269e-01,-6.957912e-03
64qam,128,8,recurrence,fx:W16g4:cg4,16,4,4,ok,1.863272e+00,7.659540e-02,6.910103e-02
64qam,128,8,recurrence,fx:W16g4:cg6,16,4,6,ok,1.811919e+00,2.524319e-02,2.524319e-02
64qam,128,8,recurrence,fx:W16g4:cg8,16,4,8,ok,1.811919e+00,2.524319e-02,2.524319e-02
64qam,128,8,recurrence,fx:W16g8:cg1,16,8,1,floor,,,
64qam,128,8,recurrence,fx:W16g8:cg2,16,8,2,ok,5.509738e+00,3.723061e+00,5.715613e-04
64qam,128,8,recurrence,fx:W16g8:cg3,16,8,3,ok,1.935657e+00,1.489809e-01,-7.303900e-03
64qam,128,8,recurrence,fx:W16g8:cg4,16,8,4,ok,1.794171e+00,7.494375e-03,0.000000e+00
64qam,128,8,recurrence,fx:W16g8:cg6,16,8,6,ok,1.796502e+00,9.825538e-03,9.825538e-03
64qam,128,8,recurrence,fx:W16g8:cg8,16,8,8,ok,1.796502e+00,9.825538e-03,9.825538e-03
64qam,128,8,recurrence,fx:W18g0:cg1,18,0,1,floor,,,
64qam,128,8,recurrence,fx:W18g0:cg2,18,0,2,ok,5.514779e+00,3.728103e+00,5.613230e-03
64qam,128,8,recurrence,fx:W18g0:cg3,18,0,3,ok,1.973324e+00,1.866476e-01,3.036277e-02
64qam,128,8,recurrence,fx:W18g0:cg4,18,0,4,ok,1.965772e+00,1.790957e-01,1.716013e-01
64qam,128,8,recurrence,fx:W18g0:cg6,18,0,6,ok,1.934026e+00,1.473501e-01,1.473501e-01
64qam,128,8,recurrence,fx:W18g0:cg8,18,0,8,ok,1.934026e+00,1.473501e-01,1.473501e-01
64qam,128,8,recurrence,fx:W18g4:cg1,18,4,1,floor,,,
64qam,128,8,recurrence,fx:W18g4:cg2,18,4,2,ok,5.507721e+00,3.721045e+00,-1.444883e-03
64qam,128,8,recurrence,fx:W18g4:cg3,18,4,3,ok,1.943270e+00,1.565939e-01,3.090945e-04
64qam,128,8,recurrence,fx:W18g4:cg4,18,4,4,ok,1.766949e+00,-1.972749e-02,-2.722186e-02
64qam,128,8,recurrence,fx:W18g4:cg6,18,4,6,ok,1.780456e+00,-6.220464e-03,-6.220464e-03
64qam,128,8,recurrence,fx:W18g4:cg8,18,4,8,ok,1.780456e+00,-6.220464e-03,-6.220464e-03
64qam,128,8,recurrence,fx:W18g8:cg1,18,8,1,floor,,,
64qam,128,8,recurrence,fx:W18g8:cg2,18,8,2,ok,5.507562e+00,3.720886e+00,-1.604130e-03
64qam,128,8,recurrence,fx:W18g8:cg3,18,8,3,ok,1.942804e+00,1.561283e-01,-1.565045e-04
64qam,128,8,recurrence,fx:W18g8:cg4,18,8,4,ok,1.780456e+00,-6.220464e-03,-1.371484e-02
64qam,128,8,recurrence,fx:W18g8:cg6,18,8,6,ok,1.787287e+00,6.105160e-04,6.105160e-04
64qam,128,8,recurrence,fx:W18g8:cg8,18,8,8,ok,1.787892e+00,1.215544e-03,1.215544e-03
64qam,128,8,recurrence,fx:W20g0:cg1,20,0,1,floor,,,
64qam,128,8,recurrence,fx:W20g0:cg2,20,0,2,ok,5.508262e+00,3.721586e+00,-9.039011e-04
64qam,128,8,recurrence,fx:W20g0:cg3,20,0,3,ok,1.950725e+00,1.640484e-01,7.763590e-03
64qam,128,8,recurrence,fx:W20g0:cg4,20,0,4,ok,1.870150e+00,8.347363e-02,7.597925e-02
64qam,128,8,recurrence,fx:W20g0:cg6,20,0,6,ok,1.798752e+00,1.207632e-02,1.207632e-02
64qam,128,8,recurrence,fx:W20g0:cg8,20,0,8,ok,1.798752e+00,1.207632e-02,1.207632e-02
64qam,128,8,recurrence,fx:W20g4:cg1,20,4,1,floor,,,
64qam,128,8,recurrence,fx:W20g4:cg2,20,4,2,ok,5.509417e+00,3.722741e+00,2.511597e-04
64qam,128,8,recurrence,fx:W20g4:cg3,20,4,3,ok,1.935657e+00,1.489809e-01,-7.303900e-03
64qam,128,8,recurrence,fx:W20g4:cg4,20,4,4,ok,1.786676e+00,0.000000e+00,-7.494375e-03
64qam,128,8,recurrence,fx:W20g4:cg6,20,4,6,ok,1.788491e+00,1.815238e-03,1.815238e-03
64qam,128,8,recurrence,fx:W20g4:cg8,20,4,8,ok,1.788491e+00,1.815238e-03,1.815238e-03
64qam,128,8,recurrence,fx:W20g8:cg1,20,8,1,floor,,,
64qam,128,8,recurrence,fx:W20g8:cg2,20,8,2,ok,5.509542e+00,3.722866e+00,3.759971e-04
64qam,128,8,recurrence,fx:W20g8:cg3,20,8,3,ok,1.942961e+00,1.562848e-01,0.000000e+00
64qam,128,8,recurrence,fx:W20g8:cg4,20,8,4,ok,1.794171e+00,7.494375e-03,0.000000e+00
64qam,128,8,recurrence,fx:W20g8:cg6,20,8,6,ok,1.787892e+00,1.215544e-03,1.215544e-03
64qam,128,8,recurrence,fx:W20g8:cg8,20,8,8,ok,1.787892e+00,1.215544e-03,1.215544e-03
64qam,128,16,recurrence,zf,,,,ok,2.141251e+00,-9.654768e-03,
64qam,128,16,recurrence,mmse,,,,ok,2.150906e+00,0.000000e+00,
64qam,128,16,recurrence,cg1,,,1,floor,,,
64qam,128,16,recurrence,cg2,,,2,floor,,,
64qam,128,16,recurrence,cg3,,,3,ok,3.424333e+00,1.273427e+00,
64qam,128,16,recurrence,cg4,,,4,ok,2.212752e+00,6.184608e-02,
64qam,128,16,recurrence,cg6,,,6,ok,2.131390e+00,-1.951595e-02,
64qam,128,16,recurrence,cg8,,,8,ok,2.150906e+00,0.000000e+00,
64qam,128,16,recurrence,cg12,,,12,ok,2.150906e+00,0.000000e+00,
64qam,128,16,recurrence,cg16,,,16,ok,2.150906e+00,0.000000e+00,
64qam,128,16,recurrence,fx:W8g0:cg1,8,0,1,floor,,,
64qam,128,16,recurrence,fx:W8g0:cg2,8,0,2,floor,,,
64qam,128,16,recurrence,fx:W8g0:cg3,8,0,3,floor,,,
64qam,128,16,recurrence,fx:W8g0:cg4,8,0,4,floor,,,
64qam,128,16,recurrence,fx:W8g0:cg6,8,0,6,floor,,,
64qam,128,16,recurrence,fx:W8g0:cg8,8,0,8,floor,,,
64qam,128,16,recurrence,fx:W8g0:cg12,8,0,12,floor,,,
64qam,128,16,recurrence,fx:W8g0:cg16,8,0,16,floor,,,
64qam,128,16,recurrence,fx:W8g4:cg1,8,4,1,floor,,,
64qam,128,16,recurrence,fx:W8g4:cg2,8,4,2,floor,,,
64qam,128,16,recurrence,fx:W8g4:cg3,8,4,3,floor,,,
64qam,128,16,recurrence,fx:W8g4:cg4,8,4,4,floor,,,
64qam,128,16,recurrence,fx:W8g4:cg6,8,4,6,floor,,,
64qam,128,16,recurrence,fx:W8g4:cg8,8,4,8,floor,,,
64qam,128,16,recurrence,fx:W8g4:cg12,8,4,12,floor,,,
64qam,128,16,recurrence,fx:W8g4:cg16,8,4,16,floor,,,
64qam,128,16,recurrence,fx:W8g8:cg1,8,8,1,floor,,,
64qam,128,16,recurrence,fx:W8g8:cg2,8,8,2,floor,,,
64qam,128,16,recurrence,fx:W8g8:cg3,8,8,3,floor,,,
64qam,128,16,recurrence,fx:W8g8:cg4,8,8,4,floor,,,
64qam,128,16,recurrence,fx:W8g8:cg6,8,8,6,floor,,,
64qam,128,16,recurrence,fx:W8g8:cg8,8,8,8,floor,,,
64qam,128,16,recurrence,fx:W8g8:cg12,8,8,12,floor,,,
64qam,128,16,recurrence,fx:W8g8:cg16,8,8,16,floor,,,
64qam,128,16,recurrence,fx:W10g0:cg1,10,0,1,floor,,,
64qam,128,16,recurrence,fx:W10g0:cg2,10,0,2,floor,,,
64qam,128,16,recurrence,fx:W10g0:cg3,10,0,3,floor,,,
64qam,128,16,recurrence,fx:W10g0:cg4,10,0,4,floor,,,
64qam,128,16,recurrence,fx:W10g0:cg6,10,0,6,floor,,,
64qam,128,16,recurrence,fx:W10g0:cg8,10,0,8,floor,,,
64qam,128,16,recurrence,fx:W10g0:cg12,10,0,12,floor,,,
64qam,128,16,recurrence,fx:W10g0:cg16,10,0,16,floor,,,
64qam,128,16,recurrence,fx:W10g4:cg1,10,4,1,floor,,,
64qam,128,16,recurrence,fx:W10g4:cg2,10,4,2,floor,,,
64qam,128,16,recurrence,fx:W10g4:cg3,10,4,3,ok,4.998040e+00,2.847134e+00,1.573707e+00
64qam,128,16,recurrence,fx:W10g4:cg4,10,4,4,ok,4.762447e+00,2.611542e+00,2.549696e+00
64qam,128,16,recurrence,fx:W10g4:cg6,10,4,6,ok,3.934244e+00,1.783339e+00,1.802855e+00
64qam,128,16,recurrence,fx:W10g4:cg8,10,4,8,ok,3.955376e+00,1.804470e+00,1.804470e+00
64qam,128,16,recurrence,fx:W10g4:cg12,10,4,12,ok,3.980485e+00,1.829579e+00,1.829579e+00
64qam,128,16,recurrence,fx:W10g4:cg16,10,4,16,ok,4.020933e+00,1.870027e+00,1.870027e+00
64qam,128,16,recurrence,fx:W10g8:cg1,10,8,1,floor,,,
64qam,128,16,recurrence,fx:W10g8:cg2,10,8,2,floor,,,
64qam,128,16,recurrence,fx:W10g8:cg3,10,8,3,ok,4.510352e+00,2.359446e+00,1.086019e+00
64qam,128,16,recurrence,fx:W10g8:cg4,10,8,4,ok,3.306479e+00,1.155573e+00,1.093727e+00
64qam,128,16,recurrence,fx:W10g8:cg6,10,8,6,ok,4.158348e+00,2.007442e+00,2.026958e+00
64qam,128,16,recurrence,fx:W10g8:cg8,10,8,8,ok,5.416703e+00,3.265797e+00,3.265797e+00
64qam,128,16,recurrence,fx:W10g8:cg12,10,8,12,floor,,,
64qam,128,16,recurrence,fx:W10g8:cg16,10,8,16,floor,,,
64qam,128,16,recurrence,fx:W12g0:cg1,12,0,1,floor,,,
64qam,128,16,recurrence,fx:W12g0:cg2,12,0,2,floor,,,
64qam,128,16,recurrence,fx:W12g0:cg3,12,0,3,floor,,,
64qam,128,16,recurrence,fx:W12g0:cg4,12,0,4,floor,,,
64qam,128,16,recurrence,fx:W12g0:cg6,12,0,6,floor,,,
64qam,128,16,recurrence,fx:W12g0:cg8,12,0,8,floor,,,
64qam,128,16,recurrence,fx:W12g0:cg12,12,0,12,floor,,,
64qam,128,16,recurrence,fx:W12g0:cg16,12,0,16,floor,,,
64qam,128,16,recurrence,fx:W12g4:cg1,12,4,1,floor,,,
64qam,128,16,recurrence,fx:W12g4:cg2,12,4,2,floor,,,
64qam,128,16,recurrence,fx:W12g4:cg3,12,4,3,ok,3.508622e+00,1.357716e+00,8.428928e-02
64qam,128,16,recurrence,fx:W12g4:cg4,12,4,4,ok,2.478504e+00,3.275979e-01,2.657518e-01
64qam,128,16,recurrence,fx:W12g4:cg6,12,4,6,ok,2.362631e+00,2.117254e-01,2.312413e-01
64qam,128,16,recurrence,fx:W12g4:cg8,12,4,8,ok,2.363823e+00,2.129177e-01,2.129177e-01
64qam,128,16,recurrence,fx:W12g4:cg12,12,4,12,ok,2.363823e+00,2.129177e-01,2.129177e-01
64qam,128,16,recurrence,fx:W12g4:cg16,12,4,16,ok,2.363823e+00,2.129177e-01,2.129177e-01
64qam,128,16,recurrence,fx:W12g8:cg1,12,8,1,floor,,,
64qam,128,16,recurrence,fx:W12g8:cg2,12,8,2,floor,,,
64qam,128,16,recurrence,fx:W12g8:cg3,12,8,3,ok,3.474727e+00,1.323821e+00,5.039407e-02
64qam,128,16,recurrence,fx:W12g8:cg4,12,8,4,ok,2.260055e+00,1.091493e-01,4.730318e-02
64qam,128,16,recurrence,fx:W12g8:cg6,12,8,6,ok,2.180792e+00,2.988652e-02,4.940247e-02
64qam,128,16,recurrence,fx:W12g8:cg8,12,8,8,ok,2.216569e+00,6.566316e-02,6.566316e-02
64qam,128,16,recurrence,fx:W12g8:cg12,12,8,12,ok,2.869430e+00,7.185245e-01,7.185245e-01
64qam,128,16,recurrence,fx:W12g8:cg16,12,8,16,floor,,,
64qam,128,16,recurrence,fx:W14g0:cg1,14,0,1,floor,,,
64qam,128,16,recurrence,fx:W14g0:cg2,14,0,2,floor,,,
64qam,128,16,recurrence,fx:W14g0:cg3,14,0,3,ok,3.846858e+00,1.695953e+00,4.225259e-01
64qam,128,16,recurrence,fx:W14g0:cg4,14,0,4,ok,3.690183e+00,1.539278e+00,1.477432e+00
64qam,128,16,recurrence,fx:W14g0:cg6,14,0,6,ok,2.976934e+00,8.260280e-01,8.455440e-01
64qam,128,16,recurrence,fx:W14g0:cg8,14,0,8,ok,2.973844e+00,8.229380e-01,8.229380e-01
64qam,128,16,recurrence,fx:W14g0:cg12,14,0,12,ok,2.973844e+00,8.229380e-01,8.229380e-01
64qam,128,16,recurrence,fx:W14g0:cg16,14,0,16,ok,2.973844e+00,8.229380e-01,8.229380e-01
64qam,128,16,recurrence,fx:W14g4:cg1,14,4,1,floor,,,
64qam,128,16,recurrence,fx:W14g4:cg2,14,4,2,floor,,,
64qam,128,16,recurrence,fx:W14g4:cg3,14,4,3,ok,3.440213e+00,1.289307e+00,1.588045e-02
64qam,128,16,recurrence,fx:W14g4:cg4,14,4,4,ok,2.249639e+00,9.873382e-02,3.688774e-02
64qam,128,16,recurrence,fx:W14g4:cg6,14,4,6,ok,2.191420e+00,4.051434e-02,6.003029e-02
64qam,128,16,recurrence,fx:W14g4:cg8,14,4,8,ok,2.182883e+00,3.197717e-02,3.197717e-02
64qam,128,16,recurrence,fx:W14g4:cg12,14,4,12,ok,2.182883e+00,3.197717e-02,3.197717e-02
64qam,128,16,recurrence,fx:W14g4:cg16,14,4,16,ok,2.182883e+00,3.197717e-02,3.197717e-02
64qam,128,16,recurrence,fx:W14g8:cg1,14,8,1,floor,,,
64qam,128,16,recurrence,fx:W14g8:cg2,14,8,2,floor,,,
64qam,128,16,recurrence,fx:W14g8:cg3,14,8,3,ok,3.443238e+00,1.292333e+00,1.890573e-02
64qam,128,16,recurrence,fx:W14g8:cg4,14,8,4,ok,2.216569e+00,6.566316e-02,3.817075e-03
64qam,128,16,recurrence,fx:W14g8:cg6,14,8,6,ok,2.156391e+00,5.484941e-03,2.500089e-02
64qam,128,16,recurrence,fx:W14g8:cg8,14,8,8,ok,2.159862e+00,8.956471e-03,8.956471e-03
64qam,128,16,recurrence,fx:W14g8:cg12,14,8,12,ok,2.159862e+00,8.956471e-03,8.956471e-03
64qam,128,16,recurrence,fx:W14g8:cg16,14,8,16,ok,2.159862e+00,8.956471e-03,8.956471e-03
64qam,128,16,recurrence,fx:W16g0:cg1,16,0,1,floor,,,
64qam,128,16,recurrence,fx:W16g0:cg2,16,0,2,floor,,,
64qam,128,16,recurrence,fx:W16g0:cg3,16,0,3,ok,3.436531e+00,1.285625e+00,1.219834e-02
64qam,128,16,recurrence,fx:W16g0:cg4,16,0,4,ok,2.448916e+00,2.980100e-01,2.361639e-01
64qam,128,16,recurrence,fx:W16g0:cg6,16,0,6,ok,2.339488e+00,1.885825e-01,2.080985e-01
64qam,128,16,recurrence,fx:W16g0:cg8,16,0,8,ok,2.337826e+00,1.869206e-01,1.869206e-01
64qam,128,16,recurrence,fx:W16g0:cg12,16,0,12,ok,2.337826e+00,1.869206e-01,1.869206e-01
64qam,128,16,recurrence,fx:W16g0:cg16,16,0,16,ok,2.337826e+00,1.869206e-01,1.869206e-01
64qam,128,16,recurrence,fx:W16g4:cg1,16,4,1,floor,,,
64qam,128,16,recurrence,fx:W16g4:cg2,16,4,2,floor,,,
64qam,128,16,recurrence,fx:W16g4:cg3,16,4,3,ok,3.426427e+00,1.275521e+00,2.094378e-03
64qam,128,16,recurrence,fx:W16g4:cg4,16,4,4,ok,2.220210e+00,6.930481e-02,7.458728e-03
64qam,128,16,recurrence,fx:W16g4:cg6,16,4,6,ok,2.141821e+00,-9.085009e-03,1.043094e-02
64qam,128,16,recurrence,fx:W16g4:cg8,16,4,8,ok,2.137112e+00,-1.379352e-02,-1.379352e-02
64qam,128,16,recurrence,fx:W16g4:cg12,16,4,12,ok,2.137112e+00,-1.379352e-02,-1.379352e-02
64qam,128,16,recurrence,fx:W16g4:cg16,16,4,16,ok,2.137112e+00,-1.379352e-02,-1.379352e-02
64qam,128,16,recurrence,fx:W16g8:cg1,16,8,1,floor,,,
64qam,128,16,recurrence,fx:W16g8:cg2,16,8,2,floor,,,
64qam,128,16,recurrence,fx:W16g8:cg3,16,8,3,ok,3.423947e+00,1.273042e+00,-3.851993e-04
64qam,128,16,recurrence,fx:W16g8:cg4,16,8,4,ok,2.209997e+00,5.909146e-02,-2.754619e-03
64qam,128,16,recurrence,fx:W16g8:cg6,16,8,6,ok,2.140399e+00,-1.050703e-02,9.008925e-03
64qam,128,16,recurrence,fx:W16g8:cg8,16,8,8,ok,2.140399e+00,-1.050703e-02,-1.050703e-02
64qam,128,16,recurrence,fx:W16g8:cg12,16,8,12,ok,2.140399e+00,-1.050703e-02,-1.050703e-02
64qam,128,16,recurrence,fx:W16g8:cg16,16,8,16,ok,2.140399e+00,-1.050703e-02,-1.050703e-02
64qam,128,16,recurrence,fx:W18g0:cg1,18,0,1,floor,,,
64qam,128,16,recurrence,fx:W18g0:cg2,18,0,2,floor,,,
64qam,128,16,recurrence,fx:W18g0:cg3,18,0,3,ok,3.433291e+00,1.282385e+00,8.958376e-03
64qam,128,16,recurrence,fx:W18g0:cg4,18,0,4,ok,2.254075e+00,1.031692e-01,4.132308e-02
64qam,128,16,recurrence,fx:W18g0:cg6,18,0,6,ok,2.201512e+00,5.060669e-02,7.012264e-02
64qam,128,16,recurrence,fx:W18g0:cg8,18,0,8,ok,2.194145e+00,4.323901e-02,4.323901e-02
64qam,128,16,recurrence,fx:W18g0:cg12,18,0,12,ok,2.194145e+00,4.323901e-02,4.323901e-02
64qam,128,16,recurrence,fx:W18g0:cg16,18,0,16,ok,2.194145e+00,4.323901e-02,4.323901e-02
64qam,128,16,recurrence,fx:W18g4:cg1,18,4,1,floor,,,
64qam,128,16,recurrence,fx:W18g4:cg2,18,4,2,floor,,,
64qam,128,16,recurrence,fx:W18g4:cg3,18,4,3,ok,3.424333e+00,1.273427e+00,0.000000e+00
64qam,128,16,recurrence,fx:W18g4:cg4,18,4,4,ok,2.217804e+00,6.689814e-02,5.052060e-03
64qam,128,16,recurrence,fx:W18g4:cg6,18,4,6,ok,2.131516e+00,-1.938964e-02,1.263068e-04
64qam,128,16,recurrence,fx:W18g4:cg8,18,4,8,ok,2.131516e+00,-1.938964e-02,-1.938964e-02
64qam,128,16,recurrence,fx:W18g4:cg12,18,4,12,ok,2.131516e+00,-1.938964e-02,-1.938964e-02
64qam,128,16,recurrence,fx:W18g4:cg16,18,4,16,ok,2.131516e+00,-1.938964e-02,-1.938964e-02
64qam,128,16,recurrence,fx:W18g8:cg1,18,8,1,floor,,,
64qam,128,16,recurrence,fx:W18g8:cg2,18,8,2,floor,,,
64qam,128,16,recurrence,fx:W18g8:cg3,18,8,3,ok,3.422849e+00,1.271943e+00,-1.483731e-03
64qam,128,16,recurrence,fx:W18g8:cg4,18,8,4,ok,2.215117e+00,6.421135e-02,2.365272e-03
64qam,128,16,recurrence,fx:W18g8:cg6,18,8,6,ok,2.132196e+00,-1.870997e-02,8.059806e-04
64qam,128,16,recurrence,fx:W18g8:cg8,18,8,8,ok,2.157050e+00,6.144656e-03,6.144656e-03
64qam,128,16,recurrence,fx:W18g8:cg12,18,8,12,ok,2.152717e+00,1.811759e-03,1.811759e-03
64qam,128,16,recurrence,fx:W18g8:cg16,18,8,16,ok,2.152717e+00,1.811759e-03,1.811759e-03
64qam,128,16,recurrence,fx:W20g0:cg1,20,0,1,floor,,,
64qam,128,16,recurrence,fx:W20g0:cg2,20,0,2,floor,,,
64qam,128,16,recurrence,fx:W20g0:cg3,20,0,3,ok,3.425576e+00,1.274670e+00,1.243243e-03
64qam,128,16,recurrence,fx:W20g0:cg4,20,0,4,ok,2.213932e+00,6.302612e-02,1.180041e-03
64qam,128,16,recurrence,fx:W20g0:cg6,20,0,6,ok,2.140119e+00,-1.078710e-02,8.728853e-03
64qam,128,16,recurrence,fx:W20g0:cg8,20,0,8,ok,2.136283e+00,-1.462277e-02,-1.462277e-02
64qam,128,16,recurrence,fx:W20g0:cg12,20,0,12,ok,2.136283e+00,-1.462277e-02,-1.462277e-02
64qam,128,16,recurrence,fx:W20g0:cg16,20,0,16,ok,2.136283e+00,-1.462277e-02,-1.462277e-02
64qam,128,16,recurrence,fx:W20g4:cg1,20,4,1,floor,,,
64qam,128,16,recurrence,fx:W20g4:cg2,20,4,2,floor,,,
64qam,128,16,recurrence,fx:W20g4:cg3,20,4,3,ok,3.424566e+00,1.273660e+00,2.329874e-04
64qam,128,16,recurrence,fx:W20g4:cg4,20,4,4,ok,2.212752e+00,6.184608e-02,0.000000e+00
64qam,128,16,recurrence,fx:W20g4:cg6,20,4,6,ok,2.142107e+00,-8.798651e-03,1.071730e-02
64qam,128,16,recurrence,fx:W20g4:cg8,20,4,8,ok,2.139274e+00,-1.163210e-02,-1.163210e-02
64qam,128,16,recurrence,fx:W20g4:cg12,20,4,12,ok,2.139274e+00,-1.163210e-02,-1.163210e-02
64qam,128,16,recurrence,fx:W20g4:cg16,20,4,16,ok,2.139274e+00,-1.163210e-02,-1.163210e-02
64qam,128,16,recurrence,fx:W20g8:cg1,20,8,1,floor,,,
64qam,128,16,recurrence,fx:W20g8:cg2,20,8,2,floor,,,
64qam,128,16,recurrence,fx:W20g8:cg3,20,8,3,ok,3.425805e+00,1.274900e+00,1.472772e-03
64qam,128,16,recurrence,fx:W20g8:cg4,20,8,4,ok,2.212752e+00,6.184608e-02,0.000000e+00
64qam,128,16,recurrence,fx:W20g8:cg6,20,8,6,ok,2.131390e+00,-1.951595e-02,0.000000e+00
64qam,128,16,recurrence,fx:W20g8:cg8,20,8,8,ok,2.150006e+00,-8.998555e-04,-8.998555e-04
64qam,128,16,recurrence,fx:W20g8:cg12,20,8,12,ok,2.151810e+00,9.038540e-04,9.038540e-04
64qam,128,16,recurrence,fx:W20g8:cg16,20,8,16,ok,2.151810e+00,9.038540e-04,9.038540e-04
16qam,64,8,explicit,zf,,,,ok,-8.196439e-01,2.893246e-02,
16qam,64,8,explicit,mmse,,,,ok,-8.485763e-01,0.000000e+00,
16qam,64,8,explicit,cg1,,,1,floor,,,
16qam,64,8,explicit,cg2,,,2,ok,3.222327e+00,4.070903e+00,
16qam,64,8,explicit,cg3,,,3,ok,-6.637128e-01,1.848636e-01,
16qam,64,8,explicit,cg4,,,4,ok,-8.575439e-01,-8.967553e-03,
16qam,64,8,explicit,cg6,,,6,ok,-8.494626e-01,-8.862268e-04,
16qam,64,8,explicit,cg8,,,8,ok,-8.485763e-01,0.000000e+00,
16qam,64,8,explicit,fx:W8g0:cg1,8,0,1,floor,,,
16qam,64,8,explicit,fx:W8g0:cg2,8,0,2,floor,,,
16qam,64,8,explicit,fx:W8g0:cg3,8,0,3,floor,,,
16qam,64,8,explicit,fx:W8g0:cg4,8,0,4,floor,,,
16qam,64,8,explicit,fx:W8g0:cg6,8,0,6,floor,,,
16qam,64,8,explicit,fx:W8g0:cg8,8,0,8,floor,,,
16qam,64,8,explicit,fx:W8g4:cg1,8,4,1,floor,,,
16qam,64,8,explicit,fx:W8g4:cg2,8,4,2,floor,,,
16qam,64,8,explicit,fx:W8g4:cg3,8,4,3,floor,,,
16qam,64,8,explicit,fx:W8g4:cg4,8,4,4,ok,2.208448e+00,3.057025e+00,3.065992e+00
16qam,64,8,explicit,fx:W8g4:cg6,8,4,6,ok,2.158565e+00,3.007142e+00,3.008028e+00
16qam,64,8,explicit,fx:W8g4:cg8,8,4,8,ok,2.207913e+00,3.056489e+00,3.056489e+00
16qam,64,8,explicit,fx:W8g8:cg1,8,8,1,floor,,,
16qam,64,8,explicit,fx:W8g8:cg2,8,8,2,floor,,,
16qam,64,8,explicit,fx:W8g8:cg3,8,8,3,ok,7.586580e-01,1.607234e+00,1.422371e+00
16qam,64,8,explicit,fx:W8g8:cg4,8,8,4,ok,4.257393e+00,5.105969e+00,5.114937e+00
16qam,64,8,explicit,fx:W8g8:cg6,8,8,6,floor,,,
16qam,64,8,explicit,fx:W8g8:cg8,8,8,8,floor,,,
16qam,64,8,explicit,fx:W10g0:cg1,10,0,1,floor,,,
16qam,64,8,explicit,fx:W10g0:cg2,10,0,2,floor,,,
16qam,64,8,explicit,fx:W10g0:cg3,10,0,3,floor,,,
16qam,64,8,explicit,fx:W10g0:cg4,10,0,4,floor,,,
16qam,64,8,explicit,fx:W10g0:cg6,10,0,6,floor,,,
16qam,64,8,explicit,fx:W10g0:cg8,10,0,8,floor,,,
16qam,64,8,explicit,fx:W10g4:cg1,10,4,1,floor,,,
16qam,64,8,explicit,fx:W10g4:cg2,10,4,2,ok,3.500885e+00,4.349461e+00,2.785580e-01
16qam,64,8,explicit,fx:W10g4:cg3,10,4,3,ok,4.911024e-02,8.976866e-01,7.128230e-01
16qam,64,8,explicit,fx:W10g4:cg4,10,4,4,ok,-3.042088e-01,5.443675e-01,5.533351e-01
16qam,64,8,explicit,fx:W10g4:cg6,10,4,6,ok,-3.508601e-01,4.977162e-01,4.986025e-01
16qam,64,8,explicit,fx:W10g4:cg8,10,4,8,ok,-3.508601e-01,4.977162e-01,4.977162e-01
16qam,64,8,explicit,fx:W10g8:cg1,10,8,1,floor,,,
16qam,64,8,explicit,fx:W10g8:cg2,10,8,2,ok,3.434029e+00,4.282605e+00,2.117020e-01
16qam,64,8,explicit,fx:W10g8:cg3,10,8,3,ok,-6.062108e-01,2.423655e-01,5.750198e-02
16qam,64,8,explicit,fx:W10g8:cg4,10,8,4,ok,-7.802049e-01,6.837145e-02,7.733901e-02
16qam,64,8,explicit,fx:W10g8:cg6,10,8,6,ok,-7.134378e-01,1.351385e-01,1.360248e-01
16qam,64,8,explicit,fx:W10g8:cg8,10,8,8,ok,1.116119e-01,9.601882e-01,9.601882e-01
16qam,64,8,explicit,fx:W12g0:cg1,12,0,1,floor,,,
16qam,64,8,explicit,fx:W12g0:cg2,12,0,2,ok,4.586454e+00,5.435030e+00,1.364127e+00
16qam,64,8,explicit,fx:W12g0:cg3,12,0,3,ok,3.849628e+00,4.698204e+00,4.513340e+00
16qam,64,8,explicit,fx:W12g0:cg4,12,0,4,ok,1.614269e+00,2.462845e+00,2.471812e+00
16qam,64,8,explicit,fx:W12g0:cg6,12,0,6,ok,1.551594e+00,2.400170e+00,2.401057e+00
16qam,64,8,explicit,fx:W12g0:cg8,12,0,8,ok,1.550338e+00,2.398914e+00,2.398914e+00
16qam,64,8,explicit,fx:W12g4:cg1,12,4,1,floor,,,
16qam,64,8,explicit,fx:W12g4:cg2,12,4,2,ok,3.236206e+00,4.084782e+00,1.387914e-02
16qam,64,8,explicit,fx:W12g4:cg3,12,4,3,ok,-6.281757e-01,2.204006e-01,3.553707e-02
16qam,64,8,explicit,fx:W12g4:cg4,12,4,4,ok,-6.715147e-01,1.770616e-01,1.860292e-01
16qam,64,8,explicit,fx:W12g4:cg6,12,4,6,ok,-7.474672e-01,1.011091e-01,1.019953e-01
16qam,64,8,explicit,fx:W12g4:cg8,12,4,8,ok,-7.474672e-01,1.011091e-01,1.011091e-01
16qam,64,8,explicit,fx:W12g8:cg1,12,8,1,floor,,,
16qam,64,8,explicit,fx:W12g8:cg2,12,8,2,ok,3.218929e+00,4.067505e+00,-3.398155e-03
16qam,64,8,explicit,fx:W12g8:cg3,12,8,3,ok,-6.609268e-01,1.876495e-01,2.785940e-03
16qam,64,8,explicit,fx:W12g8:cg4,12,8,4,ok,-8.887558e-01,-4.017942e-02,-3.121187e-02
16qam,64,8,explicit,fx:W12g8:cg6,12,8,6,ok,-8.772528e-01,-2.867646e-02,-2.779023e-02
16qam,64,8,explicit,fx:W12g8:cg8,12,8,8,ok,-8.794364e-01,-3.086008e-02,-3.086008e-02
16qam,64,8,explicit,fx:W14g0:cg1,14,0,1,floor,,,
16qam,64,8,explicit,fx:W14g0:cg2,14,0,2,ok,3.276828e+00,4.125404e+00,5.450125e-02
16qam,64,8,explicit,fx:W14g0:cg3,14,0,3,ok,3.007079e-03,8.515834e-01,6.667198e-01
16qam,64,8,explicit,fx:W14g0:cg4,14,0,4,ok,-3.300907e-01,5.184857e-01,5.274532e-01
16qam,64,8,explicit,fx:W14g0:cg6,14,0,6,ok,-3.605471e-01,4.880293e-01,4.889155e-01
16qam,64,8,explicit,fx:W14g0:cg8,14,0,8,ok,-3.605471e-01,4.880293e-01,4.880293e-01
16qam,64,8,explicit,fx:W14g4:cg1,14,4,1,floor,,,
16qam,64,8,explicit,fx:W14g4:cg2,14,4,2,ok,3.221818e+00,4.070394e+00,-5.088642e-04
16qam,64,8,explicit,fx:W14g4:cg3,14,4,3,ok,-6.727506e-01,1.758258e-01,-9.037812e-03
16qam,64,8,explicit,fx:W14g4:cg4,14,4,4,ok,-8.114596e-01,3.711673e-02,4.608429e-02
16qam,64,8,explicit,fx:W14g4:cg6,14,4,6,ok,-8.251313e-01,2.344504e-02,2.433126e-02
16qam,64,8,explicit,fx:W14g4:cg8,14,4,8,ok,-8.251313e-01,2.344504e-02,2.344504e-02
16qam,64,8,explicit,fx:W14g8:cg1,14,8,1,floor,,,
16qam,64,8,explicit,fx:W14g8:cg2,14,8,2,ok,3.221627e+00,4.070203e+00,-6.995585e-04
16qam,64,8,explicit,fx:W14g8:cg3,14,8,3,ok,-6.691745e-01,1.794019e-01,-5.461705e-03
16qam,64,8,explicit,fx:W14g8:cg4,14,8,4,ok,-8.608608e-01,-1.228444e-02,-3.316884e-03
16qam,64,8,explicit,fx:W14g8:cg6,14,8,6,ok,-8.522812e-01,-3.704850e-03,-2.818623e-03
16qam,64,8,explicit,fx:W14g8:cg8,14,8,8,ok,-8.485763e-01,0.000000e+00,0.000000e+00
16qam,64,8,explicit,fx:W16g0:cg1,16,0,1,floor,,,
16qam,64,8,explicit,fx:W16g0:cg2,16,0,2,ok,3.221872e+00,4.070448e+00,-4.550779e-04
16qam,64,8,explicit,fx:W16g0:cg3,16,0,3,ok,-6.110106e-01,2.375657e-01,5.270212e-02
16qam,64,8,explicit,fx:W16g0:cg4,16,0,4,ok,-6.488670e-01,1.997093e-01,2.086769e-01
16qam,64,8,explicit,fx:W16g0:cg6,16,0,6,ok,-7.100523e-01,1.385241e-01,1.394103e-01
16qam,64,8,explicit,fx:W16g0:cg8,16,0,8,ok,-7.149666e-01,1.336098e-01,1.336098e-01
16qam,64,8,explicit,fx:W16g4:cg1,16,4,1,floor,,,
16qam,64,8,explicit,fx:W16g4:cg2,16,4,2,ok,3.223160e+00,4.071736e+00,8.328738e-04
16qam,64,8,explicit,fx:W16g4:cg3,16,4,3,ok,-6.604337e-01,1.881426e-01,3.279026e-03
16qam,64,8,explicit,fx:W16g4:cg4,16,4,4,ok,-8.566968e-01,-8.120499e-03,8.470532e-04
16qam,64,8,explicit,fx:W16g4:cg6,16,4,6,ok,-8.500405e-01,-1.464194e-03,-5.779672e-04
16qam,64,8,explicit,fx:W16g4:cg8,16,4,8,ok,-8.500405e-01,-1.464194e-03,-1.464194e-03
16qam,64,8,explicit,fx:W16g8:cg1,16,8,1,floor,,,
16qam,64,8,explicit,fx:W16g8:cg2,16,8,2,ok,3.221261e+00,4.069837e+00,-1.065786e-03
16qam,64,8,explicit,fx:W16g8:cg3,16,8,3,ok,-6.637128e-01,1.848636e-01,0.000000e+00
16qam,64,8,explicit,fx:W16g8:cg4,16,8,4,ok,-8.566968e-01,-8.120499e-03,8.470532e-04
16qam,64,8,explicit,fx:W16g8:cg6,16,8,6,ok,-8.600592e-01,-1.148285e-02,-1.059662e-02
16qam,64,8,explicit,fx:W16g8:cg8,16,8,8,ok,-8.552540e-01,-6.677676e-03,-6.677676e-03
16qam,64,8,explicit,fx:W18g0:cg1,18,0,1,floor,,,
16qam,64,8,explicit,fx:W18g0:cg2,18,0,2,ok,3.222485e+00,4.071062e+00,1.585506e-04
16qam,64,8,explicit,fx:W18g0:cg3,18,0,3,ok,-6.687180e-01,1.798583e-01,-5.005240e-03
16qam,64,8,explicit,fx:W18g0:cg4,18,0,4,ok,-8.175935e-01,3.098288e-02,3.995043e-02
16qam,64,8,explicit,fx:W18g0:cg6,18,0,6,ok,-8.442712e-01,4.305131e-03,5.191357e-03
16qam,64,8,explicit,fx:W18g0:cg8,18,0,8,ok,-8.451792e-01,3.397097e-03,3.397097e-03
16qam,64,8,explicit,fx:W18g4:cg1,18,4,1,floor,,,
16qam,64,8,explicit,fx:W18g4:cg2,18,4,2,ok,3.222809e+00,4.071385e+00,4.824902e-04
16qam,64,8,explicit,fx:W18g4:cg3,18,4,3,ok,-6.653410e-01,1.832353e-01,-1.628238e-03
16qam,64,8,explicit,fx:W18g4:cg4,18,4,4,ok,-8.625097e-01,-1.393338e-02,-4.965826e-03
16qam,64,8,explicit,fx:W18g4:cg6,18,4,6,ok,-8.485763e-01,0.000000e+00,8.862268e-04
16qam,64,8,explicit,fx:W18g4:cg8,18,4,8,ok,-8.467912e-01,1.785173e-03,1.785173e-03
16qam,64,8,explicit,fx:W18g8:cg1,18,8,1,floor,,,
16qam,64,8,explicit,fx:W18g8:cg2,18,8,2,ok,3.223162e+00,4.071738e+00,8.353094e-04
16qam,64,8,explicit,fx:W18g8:cg3,18,8,3,ok,-6.653410e-01,1.832353e-01,-1.628238e-03
16qam,64,8,explicit,fx:W18g8:cg4,18,8,4,ok,-8.526671e-01,-4.090809e-03,4.876744e-03
16qam,64,8,explicit,fx:W18g8:cg6,18,8,6,ok,-8.633544e-01,-1.477806e-02,-1.389183e-02
16qam,64,8,explicit,fx:W18g8:cg8,18,8,8,ok,-8.586438e-01,-1.006744e-02,-1.006744e-02
16qam,64,8,explicit,fx:W20g0:cg1,20,0,1,floor,,,
16qam,64,8,explicit,fx:W20g0:cg2,20,0,2,ok,3.224701e+00,4.073277e+00,2.373992e-03
16qam,64,8,explicit,fx:W20g0:cg3,20,0,3,ok,-6.620770e-01,1.864993e-01,1.635773e-03
16qam,64,8,explicit,fx:W20g0:cg4,20,0,4,ok,-8.683584e-01,-1.978204e-02,-1.081449e-02
16qam,64,8,explicit,fx:W20g0:cg6,20,0,6,ok,-8.616874e-01,-1.311109e-02,-1.222486e-02
16qam,64,8,explicit,fx:W20g0:cg8,20,0,8,ok,-8.616874e-01,-1.311109e-02,-1.311109e-02
16qam,64,8,explicit,fx:W20g4:cg1,20,4,1,floor,,,
16qam,64,8,explicit,fx:W20g4:cg2,20,4,2,ok,3.222854e+00,4.071431e+00,5.277572e-04
16qam,64,8,explicit,fx:W20g4:cg3,20,4,3,ok,-6.653410e-01,1.832353e-01,-1.628238e-03
16qam,64,8,explicit,fx:W20g4:cg4,20,4,4,ok,-8.575439e-01,-8.967553e-03,0.000000e+00
16qam,64,8,explicit,fx:W20g4:cg6,20,4,6,ok,-8.657566e-01,-1.718028e-02,-1.629405e-02
16qam,64,8,explicit,fx:W20g4:cg8,20,4,8,ok,-8.657566e-01,-1.718028e-02,-1.718028e-02
16qam,64,8,explicit,fx:W20g8:cg1,20,8,1,floor,,,
16qam,64,8,explicit,fx:W20g8:cg2,20,8,2,ok,3.222106e+00,4.070683e+00,-2.203859e-04
16qam,64,8,explicit,fx:W20g8:cg3,20,8,3,ok,-6.637128e-01,1.848636e-01,0.000000e+00
16qam,64,8,explicit,fx:W20g8:cg4,20,8,4,ok,-8.575439e-01,-8.967553e-03,0.000000e+00
16qam,64,8,explicit,fx:W20g8:cg6,20,8,6,ok,-8.494626e-01,-8.862268e-04,0.000000e+00
16qam,64,8,explicit,fx:W20g8:cg8,20,8,8,ok,-8.494626e-01,-8.862268e-04,-8.862268e-04
