# mimo_cg bruteforce_decisions: numpy=2.5.3, base_seed=20260930, model_sha256=d95510d337e992d3, guard=2.0, job_budgets=8, margin=1.1
modulation,M,K,budget_db,job_budget,resource,problem,candidates,eligible,pick,pick_nit,pick_cost,pick_job
16qam,32,4,2.500000e-01,1180,dsp,0,144,12,bf_det_k4_l16_r4_c16_m3_w14g4_d64_s2_q2,3,384,1.086490e+03
16qam,32,4,2.500000e-01,1180,lut,1,144,12,bf_det_k4_l16_r4_c16_m3_w12g8_d32_s2_q2,3,86719,1.141290e+03
16qam,32,4,2.500000e-01,1180,ff,2,144,12,bf_det_k4_l16_r4_c16_m3_w12g8_d32_s2_q2,3,52488,1.141290e+03
16qam,32,4,2.500000e-01,1180,bram,3,144,12,bf_det_k4_l16_r4_c16_m4_w12g8_d32_s2_q2,3,48,1.127440e+03
16qam,32,4,2.500000e-01,1747,dsp,4,144,44,bf_det_k4_l16_r1_c16_m3_w14g4_d64_s2_q2,3,240,1.567520e+03
16qam,32,4,2.500000e-01,1747,lut,5,144,44,bf_det_k4_l16_r1_c16_m3_w12g8_d32_s2_q2,3,80322,1.622310e+03
16qam,32,4,2.500000e-01,1747,ff,6,144,44,bf_det_k4_l16_r1_c16_m3_w12g8_d32_s2_q2,3,45196,1.622310e+03
16qam,32,4,2.500000e-01,1747,bram,7,144,44,bf_det_k4_l16_r4_c16_m4_w12g8_d32_s2_q2,3,48,1.127440e+03
16qam,32,4,2.500000e-01,2585,dsp,8,144,48,bf_det_k4_l16_r1_c16_m3_w14g4_d64_s2_q2,3,240,1.567520e+03
16qam,32,4,2.500000e-01,2585,lut,9,144,48,bf_det_k4_l16_r1_c16_m3_w12g8_d32_s2_q2,3,80322,1.622310e+03
16qam,32,4,2.500000e-01,2585,ff,10,144,48,bf_det_k4_l16_r1_c16_m3_w12g8_d32_s2_q2,3,45196,1.622310e+03
16qam,32,4,2.500000e-01,2585,bram,11,144,48,bf_det_k4_l16_r4_c16_m4_w12g8_d32_s2_q2,3,48,1.127440e+03
16qam,32,4,2.500000e-01,3826,dsp,12,144,62,bf_det_k4_l4_r1_c4_m4_w14g4_d64_s2_q2,3,64,3.647770e+03
16qam,32,4,2.500000e-01,3826,lut,13,144,62,bf_det_k4_l4_r1_c4_m4_w14g4_d32_s2_q2,3,28324,3.652770e+03
16qam,32,4,2.500000e-01,3826,ff,14,144,62,bf_det_k4_l4_r1_c4_m4_w14g4_d32_s2_q2,3,16785,3.652770e+03
16qam,32,4,2.500000e-01,3826,bram,15,144,62,bf_det_k4_l4_r4_c4_m4_w12g8_d32_s2_q2,3,16,3.664000e+03
16qam,32,4,2.500000e-01,5662,dsp,16,144,96,bf_det_k4_l4_r1_c4_m3_w14g4_d64_s2_q2,3,60,3.869440e+03
16qam,32,4,2.500000e-01,5662,lut,17,144,96,bf_det_k4_l4_r1_c4_m3_w12g8_d32_s2_q2,3,27368,4.061540e+03
16qam,32,4,2.500000e-01,5662,ff,18,144,96,bf_det_k4_l4_r1_c4_m3_w12g8_d32_s2_q2,3,15683,4.061540e+03
16qam,32,4,2.500000e-01,5662,bram,19,144,96,bf_det_k4_l4_r4_c4_m4_w12g8_d32_s2_q2,3,16,3.664000e+03
16qam,32,4,2.500000e-01,8379,dsp,20,144,96,bf_det_k4_l4_r1_c4_m3_w14g4_d64_s2_q2,3,60,3.869440e+03
16qam,32,4,2.500000e-01,8379,lut,21,144,96,bf_det_k4_l4_r1_c4_m3_w12g8_d32_s2_q2,3,27368,4.061540e+03
16qam,32,4,2.500000e-01,8379,ff,22,144,96,bf_det_k4_l4_r1_c4_m3_w12g8_d32_s2_q2,3,15683,4.061540e+03
16qam,32,4,2.500000e-01,8379,bram,23,144,96,bf_det_k4_l4_r4_c4_m4_w12g8_d32_s2_q2,3,16,3.664000e+03
16qam,32,4,2.500000e-01,12401,dsp,24,144,100,bf_det_k4_l4_r1_c4_m3_w14g4_d64_s2_q2,3,60,3.869440e+03
16qam,32,4,2.500000e-01,12401,lut,25,144,100,bf_det_k4_l1_r4_c4_m3_w14g4_d32_s2_q2,3,17155,1.219629e+04
16qam,32,4,2.500000e-01,12401,ff,26,144,100,bf_det_k4_l1_r4_c4_m3_w14g4_d32_s2_q2,3,11716,1.219629e+04
16qam,32,4,2.500000e-01,12401,bram,27,144,100,bf_det_k4_l1_r4_c4_m4_w14g4_d32_s2_q2,3,14,1.214087e+04
16qam,32,4,2.500000e-01,18353,dsp,28,144,144,bf_det_k4_l1_r1_c4_m3_w14g4_d64_s2_q2,3,24,1.331229e+04
16qam,32,4,2.500000e-01,18353,lut,29,144,144,bf_det_k4_l1_r1_c4_m3_w12g8_d32_s2_q2,3,14971,1.405359e+04
16qam,32,4,2.500000e-01,18353,ff,30,144,144,bf_det_k4_l1_r1_c4_m3_w12g8_d32_s2_q2,3,9417,1.405359e+04
16qam,32,4,2.500000e-01,18353,bram,31,144,144,bf_det_k4_l1_r4_c4_m4_w14g4_d32_s2_q2,3,14,1.214087e+04
16qam,32,4,5.000000e-01,1115,dsp,32,192,16,bf_det_k4_l16_r4_c16_m4_w10g8_d64_s2_q2,3,208,1.063340e+03
16qam,32,4,5.000000e-01,1115,lut,33,192,16,bf_det_k4_l16_r4_c16_m3_w12g4_d32_s2_q2,3,83212,1.032400e+03
16qam,32,4,5.000000e-01,1115,ff,34,192,16,bf_det_k4_l16_r4_c16_m3_w10g8_d32_s2_q2,3,49064,1.082200e+03
16qam,32,4,5.000000e-01,1115,bram,35,192,16,bf_det_k4_l16_r4_c16_m4_w10g8_d32_s2_q2,3,40,1.068340e+03
16qam,32,4,5.000000e-01,1647,dsp,36,192,58,bf_det_k4_l16_r1_c16_m4_w10g8_d64_s2_q2,3,112,1.502800e+03
16qam,32,4,5.000000e-01,1647,lut,37,192,58,bf_det_k4_l16_r1_c16_m3_w12g4_d32_s2_q2,3,76815,1.513420e+03
16qam,32,4,5.000000e-01,1647,ff,38,192,58,bf_det_k4_l16_r1_c16_m3_w12g4_d32_s2_q2,3,41785,1.513420e+03
16qam,32,4,5.000000e-01,1647,bram,39,192,58,bf_det_k4_l16_r4_c16_m4_w10g8_d32_s2_q2,3,40,1.068340e+03
16qam,32,4,5.000000e-01,2433,dsp,40,192,64,bf_det_k4_l16_r1_c16_m4_w10g8_d64_s2_q2,3,112,1.502800e+03
16qam,32,4,5.000000e-01,2433,lut,41,192,64,bf_det_k4_l16_r1_c16_m3_w12g4_d32_s2_q2,3,76815,1.513420e+03
16qam,32,4,5.000000e-01,2433,ff,42,192,64,bf_det_k4_l16_r1_c16_m3_w12g4_d32_s2_q2,3,41785,1.513420e+03
16qam,32,4,5.000000e-01,2433,bram,43,192,64,bf_det_k4_l16_r4_c16_m4_w10g8_d32_s2_q2,3,40,1.068340e+03
16qam,32,4,5.000000e-01,3593,dsp,44,192,84,bf_det_k4_l4_r4_c4_m4_w10g8_d64_s2_q2,3,52,3.462970e+03
16qam,32,4,5.000000e-01,3593,lut,45,192,84,bf_det_k4_l4_r1_c4_m4_w12g4_d32_s2_q2,3,26416,3.456740e+03
16qam,32,4,5.000000e-01,3593,ff,46,192,84,bf_det_k4_l4_r1_c4_m4_w12g4_d32_s2_q2,3,15178,3.456740e+03
16qam,32,4,5.000000e-01,3593,bram,47,192,84,bf_det_k4_l4_r4_c4_m4_w12g4_d32_s2_q2,3,16,3.280870e+03
16qam,32,4,5.000000e-01,5306,dsp,48,192,128,bf_det_k4_l4_r1_c4_m4_w10g8_d64_s2_q2,3,28,3.638840e+03
16qam,32,4,5.000000e-01,5306,lut,49,192,128,bf_det_k4_l4_r1_c4_m3_w12g4_d32_s2_q2,3,26388,3.678420e+03
16qam,32,4,5.000000e-01,5306,ff,50,192,128,bf_det_k4_l4_r1_c4_m3_w12g4_d32_s2_q2,3,14945,3.678420e+03
16qam,32,4,5.000000e-01,5306,bram,51,192,128,bf_det_k4_l4_r4_c4_m4_w12g4_d32_s2_q2,3,16,3.280870e+03
16qam,32,4,5.000000e-01,7837,dsp,52,192,128,bf_det_k4_l4_r1_c4_m4_w10g8_d64_s2_q2,3,28,3.638840e+03
16qam,32,4,5.000000e-01,7837,lut,53,192,128,bf_det_k4_l4_r1_c4_m3_w12g4_d32_s2_q2,3,26388,3.678420e+03
16qam,32,4,5.000000e-01,7837,ff,54,192,128,bf_det_k4_l4_r1_c4_m3_w12g4_d32_s2_q2,3,14945,3.678420e+03
16qam,32,4,5.000000e-01,7837,bram,55,192,128,bf_det_k4_l4_r4_c4_m4_w12g4_d32_s2_q2,3,16,3.280870e+03
16qam,32,4,5.000000e-01,11575,dsp,56,192,136,bf_det_k4_l4_r1_c4_m4_w10g8_d64_s2_q2,3,28,3.638840e+03
16qam,32,4,5.000000e-01,11575,lut,57,192,136,bf_det_k4_l1_r4_c4_m3_w12g4_d32_s2_q2,3,16355,1.145253e+04
16qam,32,4,5.000000e-01,11575,ff,58,192,136,bf_det_k4_l1_r4_c4_m3_w12g4_d32_s2_q2,3,10876,1.145253e+04
16qam,32,4,5.000000e-01,11575,bram,59,192,136,bf_det_k4_l1_r4_c4_m4_w12g4_d32_s2_q2,3,14,1.139711e+04
16qam,32,4,5.000000e-01,17096,dsp,60,192,192,bf_det_k4_l1_r1_c4_m4_w10g8_d64_s2_q2,3,13,1.308315e+04
16qam,32,4,5.000000e-01,17096,lut,61,192,192,bf_det_k4_l1_r1_c4_m3_w12g4_d32_s2_q2,3,14623,1.257353e+04
16qam,32,4,5.000000e-01,17096,ff,62,192,192,bf_det_k4_l1_r1_c4_m3_w10g8_d32_s2_q2,3,9077,1.330982e+04
16qam,32,4,5.000000e-01,17096,bram,63,192,192,bf_det_k4_l1_r4_c4_m4_w12g4_d32_s2_q2,3,14,1.139711e+04
16qam,32,4,1.000000e+00,1115,dsp,64,216,16,bf_det_k4_l16_r4_c16_m4_w10g8_d64_s2_q2,3,208,1.063340e+03
16qam,32,4,1.000000e+00,1115,lut,65,216,16,bf_det_k4_l16_r4_c16_m3_w12g4_d32_s2_q2,3,83212,1.032400e+03
16qam,32,4,1.000000e+00,1115,ff,66,216,16,bf_det_k4_l16_r4_c16_m3_w10g8_d32_s2_q2,3,49064,1.082200e+03
16qam,32,4,1.000000e+00,1115,bram,67,216,16,bf_det_k4_l16_r4_c16_m4_w10g8_d32_s2_q2,3,40,1.068340e+03
16qam,32,4,1.000000e+00,1649,dsp,68,216,62,bf_det_k4_l16_r1_c16_m4_w10g8_d64_s2_q2,3,112,1.502800e+03
16qam,32,4,1.000000e+00,1649,lut,69,216,62,bf_det_k4_l16_r1_c16_m3_w12g4_d32_s2_q2,3,76815,1.513420e+03
16qam,32,4,1.000000e+00,1649,ff,70,216,62,bf_det_k4_l16_r1_c16_m3_w12g4_d32_s2_q2,3,41785,1.513420e+03
16qam,32,4,1.000000e+00,1649,bram,71,216,62,bf_det_k4_l16_r4_c16_m4_w10g8_d32_s2_q2,3,40,1.068340e+03
16qam,32,4,1.000000e+00,2439,dsp,72,216,72,bf_det_k4_l16_r1_c16_m4_w10g8_d64_s2_q2,3,112,1.502800e+03
16qam,32,4,1.000000e+00,2439,lut,73,216,72,bf_det_k4_l16_r1_c16_m3_w12g4_d32_s2_q2,3,76815,1.513420e+03
16qam,32,4,1.000000e+00,2439,ff,74,216,72,bf_det_k4_l16_r1_c16_m3_w12g4_d32_s2_q2,3,41785,1.513420e+03
16qam,32,4,1.000000e+00,2439,bram,75,216,72,bf_det_k4_l16_r4_c16_m4_w10g8_d32_s2_q2,3,40,1.068340e+03
16qam,32,4,1.000000e+00,3608,dsp,76,216,92,bf_det_k4_l4_r4_c4_m4_w10g8_d64_s2_q2,3,52,3.462970e+03
16qam,32,4,1.000000e+00,3608,lut,77,216,92,bf_det_k4_l4_r1_c4_m4_w12g4_d32_s2_q2,3,26416,3.456740e+03
16qam,32,4,1.000000e+00,3608,ff,78,216,92,bf_det_k4_l4_r1_c4_m4_w12g4_d32_s2_q2,3,15178,3.456740e+03
16qam,32,4,1.000000e+00,3608,bram,79,216,92,bf_det_k4_l4_r4_c4_m4_w12g4_d32_s2_q2,3,16,3.280870e+03
16qam,32,4,1.000000e+00,5336,dsp,80,216,144,bf_det_k4_l4_r1_c4_m4_w10g8_d64_s2_q2,3,28,3.638840e+03
16qam,32,4,1.000000e+00,5336,lut,81,216,144,bf_det_k4_l4_r1_c4_m3_w12g4_d32_s2_q2,3,26388,3.678420e+03
16qam,32,4,1.000000e+00,5336,ff,82,216,144,bf_det_k4_l4_r1_c4_m3_w12g4_d32_s2_q2,3,14945,3.678420e+03
16qam,32,4,1.000000e+00,5336,bram,83,216,144,bf_det_k4_l4_r4_c4_m4_w12g4_d32_s2_q2,3,16,3.280870e+03
16qam,32,4,1.000000e+00,7891,dsp,84,216,144,bf_det_k4_l4_r1_c4_m4_w10g8_d64_s2_q2,3,28,3.638840e+03
16qam,32,4,1.000000e+00,7891,lut,85,216,144,bf_det_k4_l4_r1_c4_m3_w12g4_d32_s2_q2,3,26388,3.678420e+03
16qam,32,4,1.000000e+00,7891,ff,86,216,144,bf_det_k4_l4_r1_c4_m3_w12g4_d32_s2_q2,3,14945,3.678420e+03
16qam,32,4,1.000000e+00,7891,bram,87,216,144,bf_det_k4_l4_r4_c4_m4_w12g4_d32_s2_q2,3,16,3.280870e+03
16qam,32,4,1.000000e+00,11671,dsp,88,216,152,bf_det_k4_l4_r1_c4_m4_w10g8_d64_s2_q2,3,28,3.638840e+03
16qam,32,4,1.000000e+00,11671,lut,89,216,152,bf_det_k4_l1_r4_c4_m3_w12g4_d32_s2_q2,3,16355,1.145253e+04
16qam,32,4,1.000000e+00,11671,ff,90,216,152,bf_det_k4_l1_r4_c4_m3_w12g4_d32_s2_q2,3,10876,1.145253e+04
16qam,32,4,1.000000e+00,11671,bram,91,216,152,bf_det_k4_l1_r4_c4_m4_w12g4_d32_s2_q2,3,14,1.139711e+04
16qam,32,4,1.000000e+00,17262,dsp,92,216,216,bf_det_k4_l1_r1_c4_m4_w10g8_d64_s2_q2,3,13,1.308315e+04
16qam,32,4,1.000000e+00,17262,lut,93,216,216,bf_det_k4_l1_r1_c4_m3_w12g4_d32_s2_q2,3,14623,1.257353e+04
16qam,32,4,1.000000e+00,17262,ff,94,216,216,bf_det_k4_l1_r1_c4_m3_w10g8_d32_s2_q2,3,9077,1.330982e+04
16qam,32,4,1.000000e+00,17262,bram,95,216,216,bf_det_k4_l1_r4_c4_m4_w12g4_d32_s2_q2,3,14,1.139711e+04
16qam,32,8,2.500000e-01,2773,dsp,96,180,16,bf_det_k8_l16_r8_c16_m3_w14g4_d64_s2_q2,6,576,2.547900e+03
16qam,32,8,2.500000e-01,2773,lut,97,180,16,bf_det_k8_l16_r8_c16_m3_w12g8_d32_s2_q2,6,99170,2.652730e+03
16qam,32,8,2.500000e-01,2773,ff,98,180,16,bf_det_k8_l16_r8_c16_m3_w12g8_d32_s2_q2,6,63447,2.652730e+03
16qam,32,8,2.500000e-01,2773,bram,99,180,16,bf_det_k8_l16_r8_c16_m4_w12g8_d32_s2_q2,6,54,2.625030e+03
16qam,32,8,2.500000e-01,4122,dsp,100,180,40,bf_det_k8_l16_r4_c16_m3_w14g4_d64_s2_q2,6,384,2.963720e+03
16qam,32,8,2.500000e-01,4122,lut,101,180,40,bf_det_k8_l16_r4_c16_m3_w12g8_d32_s2_q2,6,90641,3.068560e+03
16qam,32,8,2.500000e-01,4122,ff,102,180,40,bf_det_k8_l16_r4_c16_m3_w12g8_d32_s2_q2,6,53918,3.068560e+03
16qam,32,8,2.500000e-01,4122,bram,103,180,40,bf_det_k8_l16_r8_c16_m4_w12g8_d32_s2_q2,6,54,2.625030e+03
16qam,32,8,2.500000e-01,6127,dsp,104,180,60,bf_det_k8_l16_r1_c16_m3_w14g4_d64_s2_q2,6,240,5.175820e+03
16qam,32,8,2.500000e-01,6127,lut,105,180,60,bf_det_k8_l16_r1_c16_m3_w12g8_d32_s2_q2,6,84244,5.280650e+03
16qam,32,8,2.500000e-01,6127,ff,106,180,60,bf_det_k8_l16_r1_c16_m3_w12g8_d32_s2_q2,6,46626,5.280650e+03
16qam,32,8,2.500000e-01,6127,bram,107,180,60,bf_det_k8_l16_r8_c16_m4_w12g8_d32_s2_q2,6,54,2.625030e+03
16qam,32,8,2.500000e-01,9109,dsp,108,180,72,bf_det_k8_l4_r8_c4_m3_w14g4_d64_s2_q2,6,144,8.586340e+03
16qam,32,8,2.500000e-01,9109,lut,109,180,72,bf_det_k8_l4_r8_c4_m3_w12g8_d32_s2_q2,6,35022,8.965770e+03
16qam,32,8,2.500000e-01,9109,ff,110,180,72,bf_det_k8_l4_r8_c4_m3_w12g8_d32_s2_q2,6,21029,8.965770e+03
16qam,32,8,2.500000e-01,9109,bram,111,180,72,bf_det_k8_l4_r8_c4_m4_w12g8_d32_s2_q2,6,22,8.854930e+03
16qam,32,8,2.500000e-01,13541,dsp,112,180,120,bf_det_k8_l4_r1_c4_m3_w14g4_d64_s2_q2,6,60,1.201793e+04
16qam,32,8,2.500000e-01,13541,lut,113,180,120,bf_det_k8_l4_r1_c4_m3_w12g8_d32_s2_q2,6,31290,1.239737e+04
16qam,32,8,2.500000e-01,13541,ff,114,180,120,bf_det_k8_l4_r1_c4_m3_w12g8_d32_s2_q2,6,17114,1.239737e+04
16qam,32,8,2.500000e-01,13541,bram,115,180,120,bf_det_k8_l4_r8_c4_m4_w12g8_d32_s2_q2,6,22,8.854930e+03
16qam,32,8,2.500000e-01,20130,dsp,116,180,120,bf_det_k8_l4_r1_c4_m3_w14g4_d64_s2_q2,6,60,1.201793e+04
16qam,32,8,2.500000e-01,20130,lut,117,180,120,bf_det_k8_l4_r1_c4_m3_w12g8_d32_s2_q2,6,31290,1.239737e+04
16qam,32,8,2.500000e-01,20130,ff,118,180,120,bf_det_k8_l4_r1_c4_m3_w12g8_d32_s2_q2,6,17114,1.239737e+04
16qam,32,8,2.500000e-01,20130,bram,119,180,120,bf_det_k8_l4_r8_c4_m4_w12g8_d32_s2_q2,6,22,8.854930e+03
16qam,32,8,2.500000e-01,29926,dsp,120,180,124,bf_det_k8_l4_r1_c4_m3_w14g4_d64_s2_q2,6,60,1.201793e+04
16qam,32,8,2.500000e-01,29926,lut,121,180,124,bf_det_k8_l1_r8_c4_m3_w14g4_d32_s2_q2,6,23796,2.939443e+04
16qam,32,8,2.500000e-01,29926,ff,122,180,124,bf_det_k8_l1_r8_c4_m3_w14g4_d32_s2_q2,6,15944,2.939443e+04
16qam,32,8,2.500000e-01,29926,bram,123,180,124,bf_det_k8_l1_r8_c4_m4_w14g4_d32_s2_q2,6,21,2.928359e+04
16qam,32,8,2.500000e-01,44488,dsp,124,180,180,bf_det_k8_l1_r1_c4_m3_w14g4_d64_s2_q2,6,24,3.599091e+04
16qam,32,8,2.500000e-01,44488,lut,125,180,180,bf_det_k8_l1_r1_c4_m3_w12g8_d32_s2_q2,6,18749,3.746875e+04
16qam,32,8,2.500000e-01,44488,ff,126,180,180,bf_det_k8_l1_r1_c4_m3_w12g8_d32_s2_q2,6,10848,3.746875e+04
16qam,32,8,2.500000e-01,44488,bram,127,180,180,bf_det_k8_l1_r8_c4_m4_w12g8_d32_s2_q2,6,20,3.075642e+04
16qam,32,8,5.000000e-01,1864,dsp,128,252,16,bf_det_k8_l16_r8_c16_m3_w14g4_d64_s2_q2,4,576,1.712830e+03
16qam,32,8,5.000000e-01,1864,lut,129,252,16,bf_det_k8_l16_r8_c16_m3_w12g8_d32_s2_q2,4,99170,1.784300e+03
16qam,32,8,5.000000e-01,1864,ff,130,252,16,bf_det_k8_l16_r8_c16_m3_w12g8_d32_s2_q2,4,63447,1.784300e+03
16qam,32,8,5.000000e-01,1864,bram,131,252,16,bf_det_k8_l16_r8_c16_m4_w12g8_d32_s2_q2,4,54,1.765830e+03
16qam,32,8,5.000000e-01,2867,dsp,132,252,55,bf_det_k8_l16_r4_c16_m3_w14g4_d64_s2_q2,4,384,1.990040e+03
16qam,32,8,5.000000e-01,2867,lut,133,252,55,bf_det_k8_l16_r4_c16_m3_w12g4_d32_s2_q2,6,87134,2.850780e+03
16qam,32,8,5.000000e-01,2867,ff,134,252,55,bf_det_k8_l16_r4_c16_m3_w12g4_d32_s2_q2,6,50507,2.850780e+03
16qam,32,8,5.000000e-01,2867,bram,135,252,55,bf_det_k8_l16_r8_c16_m4_w12g8_d32_s2_q2,4,54,1.765830e+03
16qam,32,8,5.000000e-01,4410,dsp,136,252,76,bf_det_k8_l16_r1_c16_m3_w14g4_d64_s2_q2,4,240,3.464770e+03
16qam,32,8,5.000000e-01,4410,lut,137,252,76,bf_det_k8_l16_r1_c16_m3_w12g8_d32_s2_q2,4,84244,3.536250e+03
16qam,32,8,5.000000e-01,4410,ff,138,252,76,bf_det_k8_l16_r1_c16_m3_w12g8_d32_s2_q2,4,46626,3.536250e+03
16qam,32,8,5.000000e-01,4410,bram,139,252,76,bf_det_k8_l16_r8_c16_m4_w12g8_d32_s2_q2,4,54,1.765830e+03
16qam,32,8,5.000000e-01,6784,dsp,140,252,118,bf_det_k8_l4_r4_c4_m3_w14g4_d64_s2_q2,4,96,6.414100e+03
16qam,32,8,5.000000e-01,6784,lut,141,252,118,bf_det_k8_l4_r4_c4_m3_w12g8_d32_s2_q2,4,32890,6.668640e+03
16qam,32,8,5.000000e-01,6784,ff,142,252,118,bf_det_k8_l4_r4_c4_m3_w12g8_d32_s2_q2,4,18792,6.668640e+03
16qam,32,8,5.000000e-01,6784,bram,143,252,118,bf_det_k8_l4_r8_c4_m4_w12g8_d32_s2_q2,4,22,5.951090e+03
16qam,32,8,5.000000e-01,10435,dsp,144,252,160,bf_det_k8_l4_r1_c4_m3_w14g4_d64_s2_q2,4,60,8.058180e+03
16qam,32,8,5.000000e-01,10435,lut,145,252,160,bf_det_k8_l4_r1_c4_m3_w12g8_d32_s2_q2,4,31290,8.312720e+03
16qam,32,8,5.000000e-01,10435,ff,146,252,160,bf_det_k8_l4_r1_c4_m3_w12g8_d32_s2_q2,4,17114,8.312720e+03
16qam,32,8,5.000000e-01,10435,bram,147,252,160,bf_det_k8_l4_r8_c4_m4_w12g8_d32_s2_q2,4,22,5.951090e+03
16qam,32,8,5.000000e-01,16050,dsp,148,252,168,bf_det_k8_l4_r1_c4_m3_w14g4_d64_s2_q2,4,60,8.058180e+03
16qam,32,8,5.000000e-01,16050,lut,149,252,168,bf_det_k8_l4_r1_c4_m3_w12g4_d32_s2_q2,6,30310,1.163112e+04
16qam,32,8,5.000000e-01,16050,ff,150,252,168,bf_det_k8_l4_r1_c4_m3_w12g4_d32_s2_q2,6,16376,1.163112e+04
16qam,32,8,5.000000e-01,16050,bram,151,252,168,bf_det_k8_l4_r8_c4_m4_w12g8_d32_s2_q2,4,22,5.951090e+03
16qam,32,8,5.000000e-01,24689,dsp,152,252,216,bf_det_k8_l1_r1_c4_m3_w14g4_d64_s2_q2,4,24,2.416814e+04
16qam,32,8,5.000000e-01,24689,lut,153,252,216,bf_det_k8_l1_r1_c4_m4_w12g8_d32_s2_q2,4,18777,2.456382e+04
16qam,32,8,5.000000e-01,24689,ff,154,252,216,bf_det_k8_l1_r1_c4_m4_w12g8_d32_s2_q2,4,11081,2.456382e+04
16qam,32,8,5.000000e-01,24689,bram,155,252,216,bf_det_k8_l1_r8_c4_m4_w12g8_d32_s2_q2,4,20,2.068006e+04
16qam,32,8,5.000000e-01,37976,dsp,156,252,252,bf_det_k8_l1_r1_c4_m3_w14g4_d64_s2_q2,4,24,2.416814e+04
16qam,32,8,5.000000e-01,37976,lut,157,252,252,bf_det_k8_l1_r1_c4_m3_w12g4_d32_s2_q2,6,18401,3.450862e+04
16qam,32,8,5.000000e-01,37976,ff,158,252,252,bf_det_k8_l1_r1_c4_m3_w12g4_d32_s2_q2,6,10629,3.450862e+04
16qam,32,8,5.000000e-01,37976,bram,159,252,252,bf_det_k8_l1_r8_c4_m4_w12g8_d32_s2_q2,4,20,2.068006e+04
16qam,32,8,1.000000e+00,1778,dsp,160,288,19,bf_det_k8_l16_r8_c16_m4_w10g8_d64_s2_q2,4,336,1.682120e+03
16qam,32,8,1.000000e+00,1778,lut,161,288,19,bf_det_k8_l16_r8_c16_m3_w12g4_d32_s2_q2,4,95663,1.639110e+03
16qam,32,8,1.000000e+00,1778,ff,162,288,19,bf_det_k8_l16_r8_c16_m3_w10g8_d32_s2_q2,4,58314,1.705590e+03
16qam,32,8,1.000000e+00,1778,bram,163,288,19,bf_det_k8_l16_r8_c16_m4_w10g8_d32_s2_q2,4,45,1.687120e+03
16qam,32,8,1.000000e+00,2660,dsp,164,288,64,bf_det_k8_l16_r4_c16_m4_w10g8_d64_s2_q2,4,208,1.940860e+03
16qam,32,8,1.000000e+00,2660,lut,165,288,64,bf_det_k8_l16_r4_c16_m3_w12g4_d32_s2_q2,4,87134,1.916330e+03
16qam,32,8,1.000000e+00,2660,ff,166,288,64,bf_det_k8_l16_r4_c16_m3_w10g8_d32_s2_q2,4,50287,1.982810e+03
16qam,32,8,1.000000e+00,2660,bram,167,288,64,bf_det_k8_l16_r8_c16_m4_w10g8_d32_s2_q2,4,45,1.687120e+03
16qam,32,8,1.000000e+00,3980,dsp,168,288,96,bf_det_k8_l16_r1_c16_m4_w10g8_d64_s2_q2,4,112,3.304750e+03
16qam,32,8,1.000000e+00,3980,lut,169,288,96,bf_det_k8_l16_r1_c16_m3_w12g4_d32_s2_q2,4,80737,3.391060e+03
16qam,32,8,1.000000e+00,3980,ff,170,288,96,bf_det_k8_l16_r1_c16_m3_w12g4_d32_s2_q2,4,43215,3.391060e+03
16qam,32,8,1.000000e+00,3980,bram,171,288,96,bf_det_k8_l16_r8_c16_m4_w10g8_d32_s2_q2,4,45,1.687120e+03
16qam,32,8,1.000000e+00,5955,dsp,172,288,114,bf_det_k8_l4_r8_c4_m4_w10g8_d64_s2_q2,4,84,5.684800e+03
16qam,32,8,1.000000e+00,5955,lut,173,288,114,bf_det_k8_l4_r8_c4_m3_w12g4_d32_s2_q2,4,34042,5.514150e+03
16qam,32,8,1.000000e+00,5955,ff,174,288,114,bf_det_k8_l4_r8_c4_m3_w10g8_d32_s2_q2,4,19586,5.763700e+03
16qam,32,8,1.000000e+00,5955,bram,175,288,114,bf_det_k8_l4_r8_c4_m4_w10g8_d32_s2_q2,4,21,5.689800e+03
16qam,32,8,1.000000e+00,8910,dsp,176,288,192,bf_det_k8_l4_r1_c4_m4_w10g8_d64_s2_q2,4,28,7.455300e+03
16qam,32,8,1.000000e+00,8910,lut,177,288,192,bf_det_k8_l4_r1_c4_m3_w12g4_d32_s2_q2,4,30310,7.801880e+03
16qam,32,8,1.000000e+00,8910,ff,178,288,192,bf_det_k8_l4_r1_c4_m3_w10g8_d32_s2_q2,4,16286,8.051430e+03
16qam,32,8,1.000000e+00,8910,bram,179,288,192,bf_det_k8_l4_r8_c4_m4_w10g8_d32_s2_q2,4,21,5.689800e+03
16qam,32,8,1.000000e+00,13333,dsp,180,288,192,bf_det_k8_l4_r1_c4_m4_w10g8_d64_s2_q2,4,28,7.455300e+03
16qam,32,8,1.000000e+00,13333,lut,181,288,192,bf_det_k8_l4_r1_c4_m3_w12g4_d32_s2_q2,4,30310,7.801880e+03
16qam,32,8,1.000000e+00,13333,ff,182,288,192,bf_det_k8_l4_r1_c4_m3_w10g8_d32_s2_q2,4,16286,8.051430e+03
16qam,32,8,1.000000e+00,13333,bram,183,288,192,bf_det_k8_l4_r8_c4_m4_w10g8_d32_s2_q2,4,21,5.689800e+03
16qam,32,8,1.000000e+00,19950,dsp,184,288,216,bf_det_k8_l4_r1_c4_m4_w10g8_d64_s2_q2,4,28,7.455300e+03
16qam,32,8,1.000000e+00,19950,lut,185,288,216,bf_det_k8_l1_r4_c4_m3_w12g4_d32_s2_q2,4,20133,1.942420e+04
16qam,32,8,1.000000e+00,19950,ff,186,288,216,bf_det_k8_l1_r4_c4_m3_w12g4_d32_s2_q2,4,12307,1.942420e+04
16qam,32,8,1.000000e+00,19950,bram,187,288,216,bf_det_k8_l1_r8_c4_m4_w10g8_d32_s2_q2,4,19,1.968846e+04
16qam,32,8,1.000000e+00,29852,dsp,188,288,288,bf_det_k8_l1_r1_c4_m4_w10g8_d64_s2_q2,4,13,2.356721e+04
16qam,32,8,1.000000e+00,29852,lut,189,288,288,bf_det_k8_l1_r1_c4_m3_w10g8_d32_s2_q2,4,18262,2.416334e+04
16qam,32,8,1.000000e+00,29852,ff,190,288,288,bf_det_k8_l1_r1_c4_m3_w10g8_d32_s2_q2,4,10301,2.416334e+04
16qam,32,8,1.000000e+00,29852,bram,191,288,288,bf_det_k8_l1_r8_c4_m4_w10g8_d32_s2_q2,4,19,1.968846e+04
16qam,32,16,2.500000e-01,5020,dsp,192,108,12,bf_det_k16_l16_r16_c16_m3_w16g4_d64_s2_q2,8,960,4.600410e+03
16qam,32,16,2.500000e-01,5020,lut,193,108,12,bf_det_k16_l16_r16_c16_m3_w14g8_d32_s2_q2,8,136846,4.738600e+03
16qam,32,16,2.500000e-01,5020,ff,194,108,12,bf_det_k16_l16_r16_c16_m3_w14g8_d32_s2_q2,8,100505,4.738600e+03
16qam,32,16,2.500000e-01,5020,bram,195,108,12,bf_det_k16_l16_r16_c16_m4_w14g8_d32_s2_q2,8,69,4.701660e+03
16qam,32,16,2.500000e-01,7629,dsp,196,108,24,bf_det_k16_l16_r4_c16_m3_w16g4_d64_s2_q2,8,384,6.647710e+03
16qam,32,16,2.500000e-01,7629,lut,197,108,24,bf_det_k16_l16_r4_c16_m3_w14g8_d32_s2_q2,8,109039,6.785900e+03
16qam,32,16,2.500000e-01,7629,ff,198,108,24,bf_det_k16_l16_r4_c16_m3_w14g8_d32_s2_q2,8,67414,6.785900e+03
16qam,32,16,2.500000e-01,7629,bram,199,108,24,bf_det_k16_l16_r16_c16_m4_w14g8_d32_s2_q2,8,69,4.701660e+03
16qam,32,16,2.500000e-01,11593,dsp,200,108,24,bf_det_k16_l16_r4_c16_m3_w16g4_d64_s2_q2,8,384,6.647710e+03
16qam,32,16,2.500000e-01,11593,lut,201,108,24,bf_det_k16_l16_r4_c16_m3_w14g8_d32_s2_q2,8,109039,6.785900e+03
16qam,32,16,2.500000e-01,11593,ff,202,108,24,bf_det_k16_l16_r4_c16_m3_w14g8_d32_s2_q2,8,67414,6.785900e+03
16qam,32,16,2.500000e-01,11593,bram,203,108,24,bf_det_k16_l16_r16_c16_m4_w14g8_d32_s2_q2,8,69,4.701660e+03
16qam,32,16,2.500000e-01,17617,dsp,204,108,48,bf_det_k16_l16_r1_c16_m3_w16g4_d64_s2_q2,8,240,1.408262e+04
16qam,32,16,2.500000e-01,17617,lut,205,108,48,bf_det_k16_l4_r16_c4_m3_w14g8_d32_s2_q2,8,52363,1.666989e+04
16qam,32,16,2.500000e-01,17617,ff,206,108,48,bf_det_k16_l4_r16_c4_m3_w14g8_d32_s2_q2,8,34668,1.666989e+04
16qam,32,16,2.500000e-01,17617,bram,207,108,48,bf_det_k16_l4_r16_c4_m4_w14g8_d32_s2_q2,8,65,1.652211e+04
16qam,32,16,2.500000e-01,26772,dsp,208,108,60,bf_det_k16_l4_r4_c4_m3_w16g4_d64_s2_q2,8,96,2.156351e+04
16qam,32,16,2.500000e-01,26772,lut,209,108,60,bf_det_k16_l4_r4_c4_m3_w14g8_d32_s2_q2,8,45412,2.206784e+04
16qam,32,16,2.500000e-01,26772,ff,210,108,60,bf_det_k16_l4_r4_c4_m3_w14g8_d32_s2_q2,8,26902,2.206784e+04
16qam,32,16,2.500000e-01,26772,bram,211,108,60,bf_det_k16_l4_r16_c4_m4_w14g8_d32_s2_q2,8,65,1.652211e+04
16qam,32,16,2.500000e-01,40683,dsp,212,108,72,bf_det_k16_l4_r1_c4_m3_w16g4_d64_s2_q2,8,60,3.421129e+04
16qam,32,16,2.500000e-01,40683,lut,213,108,72,bf_det_k16_l4_r1_c4_m3_w14g8_d32_s2_q2,8,43674,3.471562e+04
16qam,32,16,2.500000e-01,40683,ff,214,108,72,bf_det_k16_l4_r1_c4_m3_w14g8_d32_s2_q2,8,24961,3.471562e+04
16qam,32,16,2.500000e-01,40683,bram,215,108,72,bf_det_k16_l4_r16_c4_m4_w14g8_d32_s2_q2,8,65,1.652211e+04
16qam,32,16,2.500000e-01,61824,dsp,216,108,90,bf_det_k16_l4_r1_c4_m3_w16g4_d64_s2_q2,8,60,3.421129e+04
16qam,32,16,2.500000e-01,61824,lut,217,108,90,bf_det_k16_l1_r4_c4_m4_w14g8_d32_s2_q2,8,32132,6.166234e+04
16qam,32,16,2.500000e-01,61824,ff,218,108,90,bf_det_k16_l1_r4_c4_m4_w14g8_d32_s2_q2,8,20728,6.166234e+04
16qam,32,16,2.500000e-01,61824,bram,219,108,90,bf_det_k16_l1_r16_c4_m4_w14g8_d32_s2_q2,8,39,5.670774e+04
16qam,32,16,2.500000e-01,93951,dsp,220,108,108,bf_det_k16_l1_r1_c4_m3_w16g4_d64_s2_q2,8,24,8.145794e+04
16qam,32,16,2.500000e-01,93951,lut,221,108,108,bf_det_k16_l1_r1_c4_m3_w14g8_d32_s2_q2,8,30188,8.342679e+04
16qam,32,16,2.500000e-01,93951,ff,222,108,108,bf_det_k16_l1_r1_c4_m3_w14g8_d32_s2_q2,8,17702,8.342679e+04
16qam,32,16,2.500000e-01,93951,bram,223,108,108,bf_det_k16_l1_r16_c4_m4_w14g8_d32_s2_q2,8,39,5.670774e+04
16qam,32,16,5.000000e-01,4847,dsp,224,180,16,bf_det_k16_l16_r16_c16_m3_w14g4_d64_s2_q2,8,960,4.443220e+03
16qam,32,16,5.000000e-01,4847,lut,225,180,16,bf_det_k16_l16_r16_c16_m3_w12g8_d32_s2_q2,8,126347,4.581420e+03
16qam,32,16,5.000000e-01,4847,ff,226,180,16,bf_det_k16_l16_r16_c16_m3_w12g8_d32_s2_q2,8,87758,4.581420e+03
16qam,32,16,5.000000e-01,4847,bram,227,180,16,bf_det_k16_l16_r16_c16_m4_w12g8_d32_s2_q2,8,59,4.544470e+03
16qam,32,16,5.000000e-01,7403,dsp,228,180,40,bf_det_k16_l16_r4_c16_m3_w14g4_d64_s2_q2,8,384,6.490520e+03
16qam,32,16,5.000000e-01,7403,lut,229,180,40,bf_det_k16_l16_r4_c16_m3_w12g8_d32_s2_q2,8,100759,6.628710e+03
16qam,32,16,5.000000e-01,7403,ff,230,180,40,bf_det_k16_l16_r4_c16_m3_w12g8_d32_s2_q2,8,59171,6.628710e+03
16qam,32,16,5.000000e-01,7403,bram,231,180,40,bf_det_k16_l16_r16_c16_m4_w12g8_d32_s2_q2,8,59,4.544470e+03
16qam,32,16,5.000000e-01,11306,dsp,232,180,40,bf_det_k16_l16_r4_c16_m3_w14g4_d64_s2_q2,8,384,6.490520e+03
16qam,32,16,5.000000e-01,11306,lut,233,180,40,bf_det_k16_l16_r4_c16_m3_w12g8_d32_s2_q2,8,100759,6.628710e+03
16qam,32,16,5.000000e-01,11306,ff,234,180,40,bf_det_k16_l16_r4_c16_m3_w12g8_d32_s2_q2,8,59171,6.628710e+03
16qam,32,16,5.000000e-01,11306,bram,235,180,40,bf_det_k16_l16_r16_c16_m4_w12g8_d32_s2_q2,8,59,4.544470e+03
16qam,32,16,5.000000e-01,17268,dsp,236,180,80,bf_det_k16_l16_r1_c16_m3_w14g4_d64_s2_q2,8,240,1.392544e+04
16qam,32,16,5.000000e-01,17268,lut,237,180,80,bf_det_k16_l4_r16_c4_m3_w12g8_d32_s2_q2,8,48637,1.614755e+04
16qam,32,16,5.000000e-01,17268,ff,238,180,80,bf_det_k16_l4_r16_c4_m3_w12g8_d32_s2_q2,8,30757,1.614755e+04
16qam,32,16,5.000000e-01,17268,bram,239,180,80,bf_det_k16_l16_r16_c16_m4_w12g8_d32_s2_q2,8,59,4.544470e+03
16qam,32,16,5.000000e-01,26372,dsp,240,180,100,bf_det_k16_l4_r4_c4_m3_w14g4_d64_s2_q2,8,96,2.104117e+04
16qam,32,16,5.000000e-01,26372,lut,241,180,100,bf_det_k16_l4_r4_c4_m3_w12g8_d32_s2_q2,8,42240,2.154549e+04
16qam,32,16,5.000000e-01,26372,ff,242,180,100,bf_det_k16_l4_r4_c4_m3_w12g8_d32_s2_q2,8,24046,2.154549e+04
16qam,32,16,5.000000e-01,26372,bram,243,180,100,bf_det_k16_l16_r16_c16_m4_w12g8_d32_s2_q2,8,59,4.544470e+03
16qam,32,16,5.000000e-01,40278,dsp,244,180,120,bf_det_k16_l4_r1_c4_m3_w14g4_d64_s2_q2,8,60,3.368895e+04
16qam,32,16,5.000000e-01,40278,lut,245,180,120,bf_det_k16_l4_r1_c4_m3_w12g8_d32_s2_q2,8,40640,3.419327e+04
16qam,32,16,5.000000e-01,40278,ff,246,180,120,bf_det_k16_l4_r1_c4_m3_w12g8_d32_s2_q2,8,22368,3.419327e+04
16qam,32,16,5.000000e-01,40278,bram,247,180,120,bf_det_k16_l16_r16_c16_m4_w12g8_d32_s2_q2,8,59,4.544470e+03
16qam,32,16,5.000000e-01,61515,dsp,248,180,152,bf_det_k16_l4_r1_c4_m3_w14g4_d64_s2_q2,8,60,3.368895e+04
16qam,32,16,5.000000e-01,61515,lut,249,180,152,bf_det_k16_l1_r4_c4_m3_w12g8_d32_s2_q2,8,30119,6.027049e+04
16qam,32,16,5.000000e-01,61515,ff,250,180,152,bf_det_k16_l1_r4_c4_m3_w12g8_d32_s2_q2,8,17780,6.027049e+04
16qam,32,16,5.000000e-01,61515,bram,251,180,152,bf_det_k16_l1_r16_c4_m4_w12g8_d32_s2_q2,8,37,5.472476e+04
16qam,32,16,5.000000e-01,93951,dsp,252,180,180,bf_det_k16_l1_r1_c4_m3_w14g4_d64_s2_q2,8,24,7.947496e+04
16qam,32,16,5.000000e-01,93951,lut,253,180,180,bf_det_k16_l1_r1_c4_m3_w12g8_d32_s2_q2,8,28386,8.144382e+04
16qam,32,16,5.000000e-01,93951,ff,254,180,180,bf_det_k16_l1_r1_c4_m3_w12g8_d32_s2_q2,8,16102,8.144382e+04
16qam,32,16,5.000000e-01,93951,bram,255,180,180,bf_det_k16_l1_r16_c4_m4_w12g8_d32_s2_q2,8,37,5.472476e+04
16qam,32,16,1.000000e+00,4847,dsp,224,180,16,bf_det_k16_l16_r16_c16_m3_w14g4_d64_s2_q2,8,960,4.443220e+03
16qam,32,16,1.000000e+00,4847,lut,225,180,16,bf_det_k16_l16_r16_c16_m3_w12g8_d32_s2_q2,8,126347,4.581420e+03
16qam,32,16,1.000000e+00,4847,ff,226,180,16,bf_det_k16_l16_r16_c16_m3_w12g8_d32_s2_q2,8,87758,4.581420e+03
16qam,32,16,1.000000e+00,4847,bram,227,180,16,bf_det_k16_l16_r16_c16_m4_w12g8_d32_s2_q2,8,59,4.544470e+03
16qam,32,16,1.000000e+00,7403,dsp,228,180,40,bf_det_k16_l16_r4_c16_m3_w14g4_d64_s2_q2,8,384,6.490520e+03
16qam,32,16,1.000000e+00,7403,lut,229,180,40,bf_det_k16_l16_r4_c16_m3_w12g8_d32_s2_q2,8,100759,6.628710e+03
16qam,32,16,1.000000e+00,7403,ff,230,180,40,bf_det_k16_l16_r4_c16_m3_w12g8_d32_s2_q2,8,59171,6.628710e+03
16qam,32,16,1.000000e+00,7403,bram,231,180,40,bf_det_k16_l16_r16_c16_m4_w12g8_d32_s2_q2,8,59,4.544470e+03
16qam,32,16,1.000000e+00,11306,dsp,232,180,40,bf_det_k16_l16_r4_c16_m3_w14g4_d64_s2_q2,8,384,6.490520e+03
16qam,32,16,1.000000e+00,11306,lut,233,180,40,bf_det_k16_l16_r4_c16_m3_w12g8_d32_s2_q2,8,100759,6.628710e+03
16qam,32,16,1.000000e+00,11306,ff,234,180,40,bf_det_k16_l16_r4_c16_m3_w12g8_d32_s2_q2,8,59171,6.628710e+03
16qam,32,16,1.000000e+00,11306,bram,235,180,40,bf_det_k16_l16_r16_c16_m4_w12g8_d32_s2_q2,8,59,4.544470e+03
16qam,32,16,1.000000e+00,17268,dsp,236,180,80,bf_det_k16_l16_r1_c16_m3_w14g4_d64_s2_q2,8,240,1.392544e+04
16qam,32,16,1.000000e+00,17268,lut,237,180,80,bf_det_k16_l4_r16_c4_m3_w12g8_d32_s2_q2,8,48637,1.614755e+04
16qam,32,16,1.000000e+00,17268,ff,238,180,80,bf_det_k16_l4_r16_c4_m3_w12g8_d32_s2_q2,8,30757,1.614755e+04
16qam,32,16,1.000000e+00,17268,bram,239,180,80,bf_det_k16_l16_r16_c16_m4_w12g8_d32_s2_q2,8,59,4.544470e+03
16qam,32,16,1.000000e+00,26372,dsp,240,180,100,bf_det_k16_l4_r4_c4_m3_w14g4_d64_s2_q2,8,96,2.104117e+04
16qam,32,16,1.000000e+00,26372,lut,241,180,100,bf_det_k16_l4_r4_c4_m3_w12g8_d32_s2_q2,8,42240,2.154549e+04
16qam,32,16,1.000000e+00,26372,ff,242,180,100,bf_det_k16_l4_r4_c4_m3_w12g8_d32_s2_q2,8,24046,2.154549e+04
16qam,32,16,1.000000e+00,26372,bram,243,180,100,bf_det_k16_l16_r16_c16_m4_w12g8_d32_s2_q2,8,59,4.544470e+03
16qam,32,16,1.000000e+00,40278,dsp,244,180,120,bf_det_k16_l4_r1_c4_m3_w14g4_d64_s2_q2,8,60,3.368895e+04
16qam,32,16,1.000000e+00,40278,lut,245,180,120,bf_det_k16_l4_r1_c4_m3_w12g8_d32_s2_q2,8,40640,3.419327e+04
16qam,32,16,1.000000e+00,40278,ff,246,180,120,bf_det_k16_l4_r1_c4_m3_w12g8_d32_s2_q2,8,22368,3.419327e+04
16qam,32,16,1.000000e+00,40278,bram,247,180,120,bf_det_k16_l16_r16_c16_m4_w12g8_d32_s2_q2,8,59,4.544470e+03
16qam,32,16,1.000000e+00,61515,dsp,248,180,152,bf_det_k16_l4_r1_c4_m3_w14g4_d64_s2_q2,8,60,3.368895e+04
16qam,32,16,1.000000e+00,61515,lut,249,180,152,bf_det_k16_l1_r4_c4_m3_w12g8_d32_s2_q2,8,30119,6.027049e+04
16qam,32,16,1.000000e+00,61515,ff,250,180,152,bf_det_k16_l1_r4_c4_m3_w12g8_d32_s2_q2,8,17780,6.027049e+04
16qam,32,16,1.000000e+00,61515,bram,251,180,152,bf_det_k16_l1_r16_c4_m4_w12g8_d32_s2_q2,8,37,5.472476e+04
16qam,32,16,1.000000e+00,93951,dsp,252,180,180,bf_det_k16_l1_r1_c4_m3_w14g4_d64_s2_q2,8,24,7.947496e+04
16qam,32,16,1.000000e+00,93951,lut,253,180,180,bf_det_k16_l1_r1_c4_m3_w12g8_d32_s2_q2,8,28386,8.144382e+04
16qam,32,16,1.000000e+00,93951,ff,254,180,180,bf_det_k16_l1_r1_c4_m3_w12g8_d32_s2_q2,8,16102,8.144382e+04
16qam,32,16,1.000000e+00,93951,bram,255,180,180,bf_det_k16_l1_r16_c4_m4_w12g8_d32_s2_q2,8,37,5.472476e+04
16qam,64,4,2.500000e-01,1115,dsp,32,192,16,bf_det_k4_l16_r4_c16_m4_w10g8_d64_s2_q2,3,208,1.063340e+03
16qam,64,4,2.500000e-01,1115,lut,33,192,16,bf_det_k4_l16_r4_c16_m3_w12g4_d32_s2_q2,3,83212,1.032400e+03
16qam,64,4,2.500000e-01,1115,ff,34,192,16,bf_det_k4_l16_r4_c16_m3_w10g8_d32_s2_q2,3,49064,1.082200e+03
16qam,64,4,2.500000e-01,1115,bram,35,192,16,bf_det_k4_l16_r4_c16_m4_w10g8_d32_s2_q2,3,40,1.068340e+03
16qam,64,4,2.500000e-01,1647,dsp,36,192,58,bf_det_k4_l16_r1_c16_m4_w10g8_d64_s2_q2,3,112,1.502800e+03
16qam,64,4,2.500000e-01,1647,lut,37,192,58,bf_det_k4_l16_r1_c16_m3_w12g4_d32_s2_q2,3,76815,1.513420e+03
16qam,64,4,2.500000e-01,1647,ff,38,192,58,bf_det_k4_l16_r1_c16_m3_w12g4_d32_s2_q2,3,41785,1.513420e+03
16qam,64,4,2.500000e-01,1647,bram,39,192,58,bf_det_k4_l16_r4_c16_m4_w10g8_d32_s2_q2,3,40,1.068340e+03
16qam,64,4,2.500000e-01,2433,dsp,40,192,64,bf_det_k4_l16_r1_c16_m4_w10g8_d64_s2_q2,3,112,1.502800e+03
16qam,64,4,2.500000e-01,2433,lut,41,192,64,bf_det_k4_l16_r1_c16_m3_w12g4_d32_s2_q2,3,76815,1.513420e+03
16qam,64,4,2.500000e-01,2433,ff,42,192,64,bf_det_k4_l16_r1_c16_m3_w12g4_d32_s2_q2,3,41785,1.513420e+03
16qam,64,4,2.500000e-01,2433,bram,43,192,64,bf_det_k4_l16_r4_c16_m4_w10g8_d32_s2_q2,3,40,1.068340e+03
16qam,64,4,2.500000e-01,3593,dsp,44,192,84,bf_det_k4_l4_r4_c4_m4_w10g8_d64_s2_q2,3,52,3.462970e+03
16qam,64,4,2.500000e-01,3593,lut,45,192,84,bf_det_k4_l4_r1_c4_m4_w12g4_d32_s2_q2,3,26416,3.456740e+03
16qam,64,4,2.500000e-01,3593,ff,46,192,84,bf_det_k4_l4_r1_c4_m4_w12g4_d32_s2_q2,3,15178,3.456740e+03
16qam,64,4,2.500000e-01,3593,bram,47,192,84,bf_det_k4_l4_r4_c4_m4_w12g4_d32_s2_q2,3,16,3.280870e+03
16qam,64,4,2.500000e-01,5306,dsp,48,192,128,bf_det_k4_l4_r1_c4_m4_w10g8_d64_s2_q2,3,28,3.638840e+03
16qam,64,4,2.500000e-01,5306,lut,49,192,128,bf_det_k4_l4_r1_c4_m3_w12g4_d32_s2_q2,3,26388,3.678420e+03
16qam,64,4,2.500000e-01,5306,ff,50,192,128,bf_det_k4_l4_r1_c4_m3_w12g4_d32_s2_q2,3,14945,3.678420e+03
16qam,64,4,2.500000e-01,5306,bram,51,192,128,bf_det_k4_l4_r4_c4_m4_w12g4_d32_s2_q2,3,16,3.280870e+03
16qam,64,4,2.500000e-01,7837,dsp,52,192,128,bf_det_k4_l4_r1_c4_m4_w10g8_d64_s2_q2,3,28,3.638840e+03
16qam,64,4,2.500000e-01,7837,lut,53,192,128,bf_det_k4_l4_r1_c4_m3_w12g4_d32_s2_q2,3,26388,3.678420e+03
16qam,64,4,2.500000e-01,7837,ff,54,192,128,bf_det_k4_l4_r1_c4_m3_w12g4_d32_s2_q2,3,14945,3.678420e+03
16qam,64,4,2.500000e-01,7837,bram,55,192,128,bf_det_k4_l4_r4_c4_m4_w12g4_d32_s2_q2,3,16,3.280870e+03
16qam,64,4,2.500000e-01,11575,dsp,56,192,136,bf_det_k4_l4_r1_c4_m4_w10g8_d64_s2_q2,3,28,3.638840e+03
16qam,64,4,2.500000e-01,11575,lut,57,192,136,bf_det_k4_l1_r4_c4_m3_w12g4_d32_s2_q2,3,16355,1.145253e+04
16qam,64,4,2.500000e-01,11575,ff,58,192,136,bf_det_k4_l1_r4_c4_m3_w12g4_d32_s2_q2,3,10876,1.145253e+04
16qam,64,4,2.500000e-01,11575,bram,59,192,136,bf_det_k4_l1_r4_c4_m4_w12g4_d32_s2_q2,3,14,1.139711e+04
16qam,64,4,2.500000e-01,17096,dsp,60,192,192,bf_det_k4_l1_r1_c4_m4_w10g8_d64_s2_q2,3,13,1.308315e+04
16qam,64,4,2.500000e-01,17096,lut,61,192,192,bf_det_k4_l1_r1_c4_m3_w12g4_d32_s2_q2,3,14623,1.257353e+04
16qam,64,4,2.500000e-01,17096,ff,62,192,192,bf_det_k4_l1_r1_c4_m3_w10g8_d32_s2_q2,3,9077,1.330982e+04
16qam,64,4,2.500000e-01,17096,bram,63,192,192,bf_det_k4_l1_r4_c4_m4_w12g4_d32_s2_q2,3,14,1.139711e+04
16qam,64,4,5.000000e-01,753,dsp,256,216,16,bf_det_k4_l16_r4_c16_m4_w10g8_d64_s2_q2,2,208,7.176300e+02
16qam,64,4,5.000000e-01,753,lut,257,216,16,bf_det_k4_l16_r4_c16_m3_w12g4_d32_s2_q2,2,83212,6.987500e+02
16qam,64,4,5.000000e-01,753,ff,258,216,16,bf_det_k4_l16_r4_c16_m3_w10g8_d32_s2_q2,2,49064,7.318700e+02
16qam,64,4,5.000000e-01,753,bram,259,216,16,bf_det_k4_l16_r4_c16_m4_w10g8_d32_s2_q2,2,40,7.226300e+02
16qam,64,4,5.000000e-01,1178,dsp,260,216,64,bf_det_k4_l16_r1_c16_m4_w10g8_d64_s2_q2,2,112,1.010600e+03
16qam,64,4,5.000000e-01,1178,lut,261,216,64,bf_det_k4_l16_r1_c16_m3_w12g4_d32_s2_q2,2,76815,1.019430e+03
16qam,64,4,5.000000e-01,1178,ff,262,216,64,bf_det_k4_l16_r1_c16_m3_w12g4_d32_s2_q2,2,41785,1.019430e+03
16qam,64,4,5.000000e-01,1178,bram,263,216,64,bf_det_k4_l16_r4_c16_m4_w10g8_d32_s2_q2,2,40,7.226300e+02
16qam,64,4,5.000000e-01,1843,dsp,264,216,68,bf_det_k4_l16_r1_c16_m4_w10g8_d64_s2_q2,2,112,1.010600e+03
16qam,64,4,5.000000e-01,1843,lut,265,216,68,bf_det_k4_l16_r1_c16_m3_w12g4_d32_s2_q2,2,76815,1.019430e+03
16qam,64,4,5.000000e-01,1843,ff,266,216,68,bf_det_k4_l16_r1_c16_m3_w12g4_d32_s2_q2,2,41785,1.019430e+03
16qam,64,4,5.000000e-01,1843,bram,267,216,68,bf_det_k4_l16_r4_c16_m4_w10g8_d32_s2_q2,2,40,7.226300e+02
16qam,64,4,5.000000e-01,2883,dsp,268,216,134,bf_det_k4_l4_r1_c4_m4_w10g8_d64_s2_q2,2,28,2.450620e+03
16qam,64,4,5.000000e-01,2883,lut,269,216,134,bf_det_k4_l4_r1_c4_m3_w12g4_d32_s2_q2,2,26388,2.478750e+03
16qam,64,4,5.000000e-01,2883,ff,270,216,134,bf_det_k4_l4_r1_c4_m3_w12g4_d32_s2_q2,2,14945,2.478750e+03
16qam,64,4,5.000000e-01,2883,bram,271,216,134,bf_det_k4_l4_r4_c4_m4_w12g4_d32_s2_q2,2,16,2.213720e+03
16qam,64,4,5.000000e-01,4510,dsp,272,216,142,bf_det_k4_l4_r1_c4_m4_w10g8_d64_s2_q2,2,28,2.450620e+03
16qam,64,4,5.000000e-01,4510,lut,273,216,142,bf_det_k4_l4_r1_c4_m3_w12g4_d32_s2_q2,2,26388,2.478750e+03
16qam,64,4,5.000000e-01,4510,ff,274,216,142,bf_det_k4_l4_r1_c4_m3_w12g4_d32_s2_q2,2,14945,2.478750e+03
16qam,64,4,5.000000e-01,4510,bram,275,216,142,bf_det_k4_l4_r4_c4_m4_w12g4_d32_s2_q2,2,16,2.213720e+03
16qam,64,4,5.000000e-01,7054,dsp,276,216,144,bf_det_k4_l4_r1_c4_m4_w10g8_d64_s2_q2,2,28,2.450620e+03
16qam,64,4,5.000000e-01,7054,lut,277,216,144,bf_det_k4_l4_r1_c4_m3_w12g4_d32_s2_q2,2,26388,2.478750e+03
16qam,64,4,5.000000e-01,7054,ff,278,216,144,bf_det_k4_l4_r1_c4_m3_w12g4_d32_s2_q2,2,14945,2.478750e+03
16qam,64,4,5.000000e-01,7054,bram,279,216,144,bf_det_k4_l4_r4_c4_m4_w12g4_d32_s2_q2,2,16,2.213720e+03
16qam,64,4,5.000000e-01,11035,dsp,280,216,208,bf_det_k4_l1_r1_c4_m4_w10g8_d64_s2_q2,2,13,8.810820e+03
16qam,64,4,5.000000e-01,11035,lut,281,216,208,bf_det_k4_l1_r1_c4_m3_w12g4_d32_s2_q2,2,14623,8.472810e+03
16qam,64,4,5.000000e-01,11035,ff,282,216,208,bf_det_k4_l1_r1_c4_m3_w10g8_d32_s2_q2,2,9077,8.963600e+03
16qam,64,4,5.000000e-01,11035,bram,283,216,208,bf_det_k4_l1_r4_c4_m4_w12g4_d32_s2_q2,2,14,7.688540e+03
16qam,64,4,5.000000e-01,17262,dsp,284,216,216,bf_det_k4_l1_r1_c4_m4_w10g8_d64_s2_q2,2,13,8.810820e+03
16qam,64,4,5.000000e-01,17262,lut,285,216,216,bf_det_k4_l1_r1_c4_m3_w12g4_d32_s2_q2,2,14623,8.472810e+03
16qam,64,4,5.000000e-01,17262,ff,286,216,216,bf_det_k4_l1_r1_c4_m3_w10g8_d32_s2_q2,2,9077,8.963600e+03
16qam,64,4,5.000000e-01,17262,bram,287,216,216,bf_det_k4_l1_r4_c4_m4_w12g4_d32_s2_q2,2,14,7.688540e+03
16qam,64,4,1.000000e+00,710,dsp,288,240,16,bf_det_k4_l16_r4_c16_m4_w10g4_d64_s2_q2,2,208,6.450400e+02
16qam,64,4,1.000000e+00,710,lut,289,240,16,bf_det_k4_l16_r4_c16_m3_w12g4_d32_s2_q2,2,83212,6.987500e+02
16qam,64,4,1.000000e+00,710,ff,290,240,16,bf_det_k4_l16_r4_c16_m3_w10g4_d32_s2_q2,2,45653,6.592700e+02
16qam,64,4,1.000000e+00,710,bram,291,240,16,bf_det_k4_l16_r4_c16_m4_w10g4_d32_s2_q2,2,40,6.500400e+02
16qam,64,4,1.000000e+00,1057,dsp,292,240,66,bf_det_k4_l16_r1_c16_m4_w10g4_d64_s2_q2,2,112,9.380100e+02
16qam,64,4,1.000000e+00,1057,lut,293,240,66,bf_det_k4_l16_r1_c16_m3_w12g4_d32_s2_q2,2,76815,1.019430e+03
16qam,64,4,1.000000e+00,1057,ff,294,240,66,bf_det_k4_l16_r1_c16_m3_w10g4_d32_s2_q2,2,39512,9.799500e+02
16qam,64,4,1.000000e+00,1057,bram,295,240,66,bf_det_k4_l16_r4_c16_m4_w10g4_d32_s2_q2,2,40,6.500400e+02
16qam,64,4,1.000000e+00,1573,dsp,296,240,80,bf_det_k4_l16_r1_c16_m4_w10g4_d64_s2_q2,2,112,9.380100e+02
16qam,64,4,1.000000e+00,1573,lut,297,240,80,bf_det_k4_l16_r1_c16_m3_w12g4_d32_s2_q2,2,76815,1.019430e+03
16qam,64,4,1.000000e+00,1573,ff,298,240,80,bf_det_k4_l16_r1_c16_m3_w10g4_d32_s2_q2,2,39512,9.799500e+02
16qam,64,4,1.000000e+00,1573,bram,299,240,80,bf_det_k4_l16_r4_c16_m4_w10g4_d32_s2_q2,2,40,6.500400e+02
16qam,64,4,1.000000e+00,2341,dsp,300,240,107,bf_det_k4_l4_r1_c4_m4_w10g4_d64_s2_q2,2,28,2.195210e+03
16qam,64,4,1.000000e+00,2341,lut,301,240,107,bf_det_k4_l4_r1_c4_m4_w12g4_d32_s2_q2,2,26416,2.330970e+03
16qam,64,4,1.000000e+00,2341,ff,302,240,107,bf_det_k4_l4_r1_c4_m4_w10g4_d32_s2_q2,2,14519,2.200210e+03
16qam,64,4,1.000000e+00,2341,bram,303,240,107,bf_det_k4_l4_r4_c4_m4_w10g4_d32_s2_q2,2,16,2.082960e+03
16qam,64,4,1.000000e+00,3485,dsp,304,240,160,bf_det_k4_l4_r1_c4_m4_w10g4_d64_s2_q2,2,28,2.195210e+03
16qam,64,4,1.000000e+00,3485,lut,305,240,160,bf_det_k4_l4_r1_c4_m3_w12g4_d32_s2_q2,2,26388,2.478750e+03
16qam,64,4,1.000000e+00,3485,ff,306,240,160,bf_det_k4_l4_r1_c4_m3_w10g4_d32_s2_q2,2,14324,2.347990e+03
16qam,64,4,1.000000e+00,3485,bram,307,240,160,bf_det_k4_l4_r4_c4_m4_w10g4_d32_s2_q2,2,16,2.082960e+03
16qam,64,4,1.000000e+00,5188,dsp,308,240,160,bf_det_k4_l4_r1_c4_m4_w10g4_d64_s2_q2,2,28,2.195210e+03
16qam,64,4,1.000000e+00,5188,lut,309,240,160,bf_det_k4_l4_r1_c4_m3_w12g4_d32_s2_q2,2,26388,2.478750e+03
16qam,64,4,1.000000e+00,5188,ff,310,240,160,bf_det_k4_l4_r1_c4_m3_w10g4_d32_s2_q2,2,14324,2.347990e+03
16qam,64,4,1.000000e+00,5188,bram,311,240,160,bf_det_k4_l4_r4_c4_m4_w10g4_d32_s2_q2,2,16,2.082960e+03
16qam,64,4,1.000000e+00,7723,dsp,312,240,173,bf_det_k4_l4_r1_c4_m4_w10g4_d64_s2_q2,2,28,2.195210e+03
16qam,64,4,1.000000e+00,7723,lut,313,240,173,bf_det_k4_l1_r4_c4_m3_w10g4_d32_s2_q2,2,16099,7.229560e+03
16qam,64,4,1.000000e+00,7723,ff,314,240,173,bf_det_k4_l1_r4_c4_m3_w10g4_d32_s2_q2,2,10274,7.229560e+03
16qam,64,4,1.000000e+00,7723,bram,315,240,173,bf_det_k4_l1_r4_c4_m4_w10g4_d32_s2_q2,2,14,7.192610e+03
16qam,64,4,1.000000e+00,11497,dsp,316,240,240,bf_det_k4_l1_r1_c4_m4_w10g4_d64_s2_q2,2,13,7.824110e+03
16qam,64,4,1.000000e+00,11497,lut,317,240,240,bf_det_k4_l1_r1_c4_m3_w10g4_d32_s2_q2,2,14505,7.976890e+03
16qam,64,4,1.000000e+00,11497,ff,318,240,240,bf_det_k4_l1_r1_c4_m3_w10g4_d32_s2_q2,2,8859,7.976890e+03
16qam,64,4,1.000000e+00,11497,bram,319,240,240,bf_det_k4_l1_r4_c4_m4_w10g4_d32_s2_q2,2,14,7.192610e+03
16qam,64,8,2.500000e-01,1345,dsp,320,288,15,bf_det_k8_l16_r8_c16_m3_w12g4_d64_s2_q2,3,576,1.236190e+03
16qam,64,8,2.500000e-01,1345,lut,321,288,15,bf_det_k8_l16_r8_c16_m3_w12g4_d32_s2_q2,3,95663,1.241190e+03
16qam,64,8,2.500000e-01,1345,ff,322,288,15,bf_det_k8_l16_r8_c16_m3_w12g4_d32_s2_q2,3,60036,1.241190e+03
16qam,64,8,2.500000e-01,1345,bram,323,288,15,bf_det_k8_l16_r8_c16_m4_w12g4_d32_s2_q2,3,54,1.227340e+03
16qam,64,8,2.500000e-01,2060,dsp,324,288,64,bf_det_k8_l16_r4_c16_m4_w10g8_d64_s2_q2,4,208,1.940860e+03
16qam,64,8,2.500000e-01,2060,lut,325,288,64,bf_det_k8_l16_r4_c16_m3_w12g4_d32_s2_q2,3,87134,1.449110e+03
16qam,64,8,2.500000e-01,2060,ff,326,288,64,bf_det_k8_l16_r4_c16_m3_w10g8_d32_s2_q2,4,50287,1.982810e+03
16qam,64,8,2.500000e-01,2060,bram,327,288,64,bf_det_k8_l16_r8_c16_m4_w10g8_d32_s2_q2,4,45,1.687120e+03
16qam,64,8,2.500000e-01,3154,dsp,328,288,92,bf_det_k8_l16_r4_c16_m4_w10g8_d64_s2_q2,4,208,1.940860e+03
16qam,64,8,2.500000e-01,3154,lut,329,288,92,bf_det_k8_l16_r1_c16_m3_w12g4_d32_s2_q2,3,80737,2.555150e+03
16qam,64,8,2.500000e-01,3154,ff,330,288,92,bf_det_k8_l16_r1_c16_m3_w12g4_d32_s2_q2,3,43215,2.555150e+03
16qam,64,8,2.500000e-01,3154,bram,331,288,92,bf_det_k8_l16_r8_c16_m4_w10g8_d32_s2_q2,4,45,1.687120e+03
16qam,64,8,2.500000e-01,4831,dsp,332,288,130,bf_det_k8_l4_r4_c4_m3_w12g4_d64_s2_q2,3,96,4.649210e+03
16qam,64,8,2.500000e-01,4831,lut,333,288,130,bf_det_k8_l4_r4_c4_m3_w12g4_d32_s2_q2,3,31910,4.654210e+03
16qam,64,8,2.500000e-01,4831,ff,334,288,130,bf_det_k8_l4_r4_c4_m3_w12g4_d32_s2_q2,3,18054,4.654210e+03
16qam,64,8,2.500000e-01,4831,bram,335,288,130,bf_det_k8_l4_r8_c4_m4_w12g4_d32_s2_q2,3,22,4.116050e+03
16qam,64,8,2.500000e-01,7399,dsp,336,288,188,bf_det_k8_l4_r4_c4_m4_w10g8_d64_s2_q2,4,52,6.254570e+03
16qam,64,8,2.500000e-01,7399,lut,337,288,188,bf_det_k8_l4_r1_c4_m3_w12g4_d32_s2_q2,3,30310,5.887270e+03
16qam,64,8,2.500000e-01,7399,ff,338,288,188,bf_det_k8_l4_r1_c4_m3_w12g4_d32_s2_q2,3,16376,5.887270e+03
16qam,64,8,2.500000e-01,7399,bram,339,288,188,bf_det_k8_l4_r8_c4_m4_w10g8_d32_s2_q2,4,21,5.689800e+03
16qam,64,8,2.500000e-01,11332,dsp,340,288,192,bf_det_k8_l4_r1_c4_m4_w10g8_d64_s2_q2,4,28,7.455300e+03
16qam,64,8,2.500000e-01,11332,lut,341,288,192,bf_det_k8_l4_r1_c4_m3_w12g4_d32_s2_q2,3,30310,5.887270e+03
16qam,64,8,2.500000e-01,11332,ff,342,288,192,bf_det_k8_l4_r1_c4_m3_w10g8_d32_s2_q2,4,16286,8.051430e+03
16qam,64,8,2.500000e-01,11332,bram,343,288,192,bf_det_k8_l4_r8_c4_m4_w10g8_d32_s2_q2,4,21,5.689800e+03
16qam,64,8,2.500000e-01,17355,dsp,344,288,248,bf_det_k8_l4_r1_c4_m4_w10g8_d64_s2_q2,4,28,7.455300e+03
16qam,64,8,2.500000e-01,17355,lut,345,288,248,bf_det_k8_l1_r1_c4_m4_w12g4_d32_s2_q2,3,18429,1.707464e+04
16qam,64,8,2.500000e-01,17355,ff,346,288,248,bf_det_k8_l1_r1_c4_m4_w12g4_d32_s2_q2,3,10862,1.707464e+04
16qam,64,8,2.500000e-01,17355,bram,347,288,248,bf_det_k8_l1_r8_c4_m4_w12g4_d32_s2_q2,3,20,1.416182e+04
16qam,64,8,2.500000e-01,26580,dsp,348,288,288,bf_det_k8_l1_r1_c4_m4_w10g8_d64_s2_q2,4,13,2.356721e+04
16qam,64,8,2.500000e-01,26580,lut,349,288,288,bf_det_k8_l1_r1_c4_m3_w10g8_d32_s2_q2,4,18262,2.416334e+04
16qam,64,8,2.500000e-01,26580,ff,350,288,288,bf_det_k8_l1_r1_c4_m3_w10g8_d32_s2_q2,4,10301,2.416334e+04
16qam,64,8,2.500000e-01,26580,bram,351,288,288,bf_det_k8_l1_r8_c4_m4_w10g8_d32_s2_q2,4,19,1.968846e+04
16qam,64,8,5.000000e-01,1345,dsp,352,324,19,bf_det_k8_l16_r8_c16_m4_w10g8_d64_s2_q2,3,336,1.272140e+03
16qam,64,8,5.000000e-01,1345,lut,353,324,19,bf_det_k8_l16_r8_c16_m3_w12g4_d32_s2_q2,3,95663,1.241190e+03
16qam,64,8,5.000000e-01,1345,ff,354,324,19,bf_det_k8_l16_r8_c16_m3_w10g8_d32_s2_q2,3,58314,1.290990e+03
16qam,64,8,5.000000e-01,1345,bram,355,324,19,bf_det_k8_l16_r8_c16_m4_w10g8_d32_s2_q2,3,45,1.277140e+03
16qam,64,8,5.000000e-01,2035,dsp,356,324,72,bf_det_k8_l16_r4_c16_m4_w10g8_d64_s2_q2,3,208,1.466200e+03
16qam,64,8,5.000000e-01,2035,lut,357,324,72,bf_det_k8_l16_r4_c16_m3_w12g4_d32_s2_q2,3,87134,1.449110e+03
16qam,64,8,5.000000e-01,2035,ff,358,324,72,bf_det_k8_l16_r4_c16_m3_w10g8_d32_s2_q2,3,50287,1.498900e+03
16qam,64,8,5.000000e-01,2035,bram,359,324,72,bf_det_k8_l16_r8_c16_m4_w10g8_d32_s2_q2,3,45,1.277140e+03
16qam,64,8,5.000000e-01,3079,dsp,360,324,104,bf_det_k8_l16_r1_c16_m4_w10g8_d64_s2_q2,3,112,2.489120e+03
16qam,64,8,5.000000e-01,3079,lut,361,324,104,bf_det_k8_l16_r1_c16_m3_w12g4_d32_s2_q2,3,80737,2.555150e+03
16qam,64,8,5.000000e-01,3079,ff,362,324,104,bf_det_k8_l16_r1_c16_m3_w12g4_d32_s2_q2,3,43215,2.555150e+03
16qam,64,8,5.000000e-01,3079,bram,363,324,104,bf_det_k8_l16_r8_c16_m4_w10g8_d32_s2_q2,3,45,1.277140e+03
16qam,64,8,5.000000e-01,4659,dsp,364,324,139,bf_det_k8_l4_r8_c4_m4_w10g8_d64_s2_q2,3,84,4.298150e+03
16qam,64,8,5.000000e-01,4659,lut,365,324,139,bf_det_k8_l4_r4_c4_m3_w12g4_d32_s2_q2,3,31910,4.654210e+03
16qam,64,8,5.000000e-01,4659,ff,366,324,139,bf_det_k8_l4_r4_c4_m3_w12g4_d32_s2_q2,3,18054,4.654210e+03
16qam,64,8,5.000000e-01,4659,bram,367,324,139,bf_det_k8_l4_r8_c4_m4_w10g8_d32_s2_q2,3,21,4.303150e+03
16qam,64,8,5.000000e-01,7049,dsp,368,324,214,bf_det_k8_l4_r1_c4_m4_w10g8_d64_s2_q2,3,28,5.626020e+03
16qam,64,8,5.000000e-01,7049,lut,369,324,214,bf_det_k8_l4_r1_c4_m3_w12g4_d32_s2_q2,3,30310,5.887270e+03
16qam,64,8,5.000000e-01,7049,ff,370,324,214,bf_det_k8_l4_r1_c4_m3_w10g8_d32_s2_q2,3,16286,6.074370e+03
16qam,64,8,5.000000e-01,7049,bram,371,324,214,bf_det_k8_l4_r8_c4_m4_w10g8_d32_s2_q2,3,21,4.303150e+03
16qam,64,8,5.000000e-01,10666,dsp,372,324,216,bf_det_k8_l4_r1_c4_m4_w10g8_d64_s2_q2,3,28,5.626020e+03
16qam,64,8,5.000000e-01,10666,lut,373,324,216,bf_det_k8_l4_r1_c4_m3_w12g4_d32_s2_q2,3,30310,5.887270e+03
16qam,64,8,5.000000e-01,10666,ff,374,324,216,bf_det_k8_l4_r1_c4_m3_w10g8_d32_s2_q2,3,16286,6.074370e+03
16qam,64,8,5.000000e-01,10666,bram,375,324,216,bf_det_k8_l4_r8_c4_m4_w10g8_d32_s2_q2,3,21,4.303150e+03
16qam,64,8,5.000000e-01,16139,dsp,376,324,260,bf_det_k8_l4_r1_c4_m4_w10g8_d64_s2_q2,3,28,5.626020e+03
16qam,64,8,5.000000e-01,16139,lut,377,324,260,bf_det_k8_l1_r4_c4_m3_w10g8_d32_s2_q2,3,19856,1.543628e+04
16qam,64,8,5.000000e-01,16139,ff,378,324,260,bf_det_k8_l1_r4_c4_m3_w10g8_d32_s2_q2,3,11715,1.543628e+04
16qam,64,8,5.000000e-01,16139,bram,379,324,260,bf_det_k8_l1_r8_c4_m4_w10g8_d32_s2_q2,3,19,1.489812e+04
16qam,64,8,5.000000e-01,24420,dsp,380,324,324,bf_det_k8_l1_r1_c4_m4_w10g8_d64_s2_q2,3,13,1.780593e+04
16qam,64,8,5.000000e-01,24420,lut,381,324,324,bf_det_k8_l1_r1_c4_m3_w10g8_d32_s2_q2,3,18262,1.825428e+04
16qam,64,8,5.000000e-01,24420,ff,382,324,324,bf_det_k8_l1_r1_c4_m3_w10g8_d32_s2_q2,3,10301,1.825428e+04
16qam,64,8,5.000000e-01,24420,bram,383,324,324,bf_det_k8_l1_r8_c4_m4_w10g8_d32_s2_q2,3,19,1.489812e+04
16qam,64,8,1.000000e+00,1280,dsp,384,360,18,bf_det_k8_l16_r8_c16_m4_w10g4_d64_s2_q2,3,336,1.163250e+03
16qam,64,8,1.000000e+00,1280,lut,385,360,18,bf_det_k8_l16_r8_c16_m3_w12g4_d32_s2_q2,3,95663,1.241190e+03
16qam,64,8,1.000000e+00,1280,ff,386,360,18,bf_det_k8_l16_r8_c16_m3_w10g4_d32_s2_q2,3,54903,1.182100e+03
16qam,64,8,1.000000e+00,1280,bram,387,360,18,bf_det_k8_l16_r8_c16_m4_w10g4_d32_s2_q2,3,45,1.168250e+03
16qam,64,8,1.000000e+00,1928,dsp,388,360,80,bf_det_k8_l16_r4_c16_m4_w10g4_d64_s2_q2,3,208,1.357300e+03
16qam,64,8,1.000000e+00,1928,lut,389,360,80,bf_det_k8_l16_r4_c16_m3_w12g4_d32_s2_q2,3,87134,1.449110e+03
16qam,64,8,1.000000e+00,1928,ff,390,360,80,bf_det_k8_l16_r4_c16_m3_w10g4_d32_s2_q2,3,46876,1.390010e+03
16qam,64,8,1.000000e+00,1928,bram,391,360,80,bf_det_k8_l16_r8_c16_m4_w10g4_d32_s2_q2,3,45,1.168250e+03
16qam,64,8,1.000000e+00,2905,dsp,392,360,120,bf_det_k8_l16_r1_c16_m4_w10g4_d64_s2_q2,3,112,2.380220e+03
16qam,64,8,1.000000e+00,2905,lut,393,360,120,bf_det_k8_l16_r1_c16_m3_w12g4_d32_s2_q2,3,80737,2.555150e+03
16qam,64,8,1.000000e+00,2905,ff,394,360,120,bf_det_k8_l16_r1_c16_m3_w10g4_d32_s2_q2,3,40734,2.496060e+03
16qam,64,8,1.000000e+00,2905,bram,395,360,120,bf_det_k8_l16_r8_c16_m4_w10g4_d32_s2_q2,3,45,1.168250e+03
16qam,64,8,1.000000e+00,4375,dsp,396,360,148,bf_det_k8_l4_r4_c4_m4_w10g4_d64_s2_q2,3,52,4.342350e+03
16qam,64,8,1.000000e+00,4375,lut,397,360,148,bf_det_k8_l4_r4_c4_m4_w14g0_d32_s2_q2,3,33452,4.356280e+03
16qam,64,8,1.000000e+00,4375,ff,398,360,148,bf_det_k8_l4_r4_c4_m4_w10g4_d32_s2_q2,3,17742,4.347350e+03
16qam,64,8,1.000000e+00,4375,bram,399,360,148,bf_det_k8_l4_r8_c4_m4_w10g4_d32_s2_q2,3,21,3.920020e+03
16qam,64,8,1.000000e+00,6591,dsp,400,360,238,bf_det_k8_l4_r1_c4_m4_w10g4_d64_s2_q2,3,28,5.242890e+03
16qam,64,8,1.000000e+00,6591,lut,401,360,238,bf_det_k8_l4_r1_c4_m3_w10g4_d32_s2_q2,3,30174,5.691240e+03
16qam,64,8,1.000000e+00,6591,ff,402,360,238,bf_det_k8_l4_r1_c4_m3_w10g4_d32_s2_q2,3,15548,5.691240e+03
16qam,64,8,1.000000e+00,6591,bram,403,360,238,bf_det_k8_l4_r8_c4_m4_w10g4_d32_s2_q2,3,21,3.920020e+03
16qam,64,8,1.000000e+00,9929,dsp,404,360,240,bf_det_k8_l4_r1_c4_m4_w10g4_d64_s2_q2,3,28,5.242890e+03
16qam,64,8,1.000000e+00,9929,lut,405,360,240,bf_det_k8_l4_r1_c4_m3_w10g4_d32_s2_q2,3,30174,5.691240e+03
16qam,64,8,1.000000e+00,9929,ff,406,360,240,bf_det_k8_l4_r1_c4_m3_w10g4_d32_s2_q2,3,15548,5.691240e+03
16qam,64,8,1.000000e+00,9929,bram,407,360,240,bf_det_k8_l4_r8_c4_m4_w10g4_d32_s2_q2,3,21,3.920020e+03
16qam,64,8,1.000000e+00,14958,dsp,408,360,279,bf_det_k8_l4_r1_c4_m4_w10g4_d64_s2_q2,3,28,5.242890e+03
16qam,64,8,1.000000e+00,14958,lut,409,360,279,bf_det_k8_l1_r4_c4_m3_w10g4_d32_s2_q2,3,19508,1.395622e+04
16qam,64,8,1.000000e+00,14958,ff,410,360,279,bf_det_k8_l1_r4_c4_m3_w10g4_d32_s2_q2,3,11497,1.395622e+04
16qam,64,8,1.000000e+00,14958,bram,411,360,279,bf_det_k8_l1_r8_c4_m4_w10g4_d32_s2_q2,3,19,1.341806e+04
16qam,64,8,1.000000e+00,22535,dsp,412,360,360,bf_det_k8_l1_r1_c4_m4_w10g4_d64_s2_q2,3,13,1.632587e+04
16qam,64,8,1.000000e+00,22535,lut,413,360,360,bf_det_k8_l1_r1_c4_m3_w10g4_d32_s2_q2,3,17914,1.677422e+04
16qam,64,8,1.000000e+00,22535,ff,414,360,360,bf_det_k8_l1_r1_c4_m3_w10g4_d32_s2_q2,3,10083,1.677422e+04
16qam,64,8,1.000000e+00,22535,bram,415,360,360,bf_det_k8_l1_r8_c4_m4_w10g4_d32_s2_q2,3,19,1.341806e+04
16qam,64,16,2.500000e-01,3526,dsp,416,252,20,bf_det_k16_l16_r16_c16_m3_w12g4_d64_s2_q2,6,960,3.233140e+03
16qam,64,16,2.500000e-01,3526,lut,417,252,20,bf_det_k16_l16_r16_c16_m3_w12g4_d32_s2_q2,6,122840,3.238140e+03
16qam,64,16,2.500000e-01,3526,ff,418,252,20,bf_det_k16_l16_r16_c16_m3_w12g4_d32_s2_q2,6,84347,3.238140e+03
16qam,64,16,2.500000e-01,3526,bram,419,252,20,bf_det_k16_l16_r16_c16_m4_w12g4_d32_s2_q2,6,59,3.210430e+03
16qam,64,16,2.500000e-01,5412,dsp,420,252,56,bf_det_k16_l16_r4_c16_m3_w12g4_d64_s2_q2,6,384,4.768610e+03
16qam,64,16,2.500000e-01,5412,lut,421,252,56,bf_det_k16_l16_r4_c16_m3_w12g4_d32_s2_q2,6,97252,4.773610e+03
16qam,64,16,2.500000e-01,5412,ff,422,252,56,bf_det_k16_l16_r4_c16_m3_w12g4_d32_s2_q2,6,55760,4.773610e+03
16qam,64,16,2.500000e-01,5412,bram,423,252,56,bf_det_k16_l16_r16_c16_m4_w12g4_d32_s2_q2,6,59,3.210430e+03
16qam,64,16,2.500000e-01,8307,dsp,424,252,56,bf_det_k16_l16_r4_c16_m3_w12g4_d64_s2_q2,6,384,4.768610e+03
16qam,64,16,2.500000e-01,8307,lut,425,252,56,bf_det_k16_l16_r4_c16_m3_w12g4_d32_s2_q2,6,97252,4.773610e+03
16qam,64,16,2.500000e-01,8307,ff,426,252,56,bf_det_k16_l16_r4_c16_m3_w12g4_d32_s2_q2,6,55760,4.773610e+03
16qam,64,16,2.500000e-01,8307,bram,427,252,56,bf_det_k16_l16_r16_c16_m4_w12g4_d32_s2_q2,6,59,3.210430e+03
16qam,64,16,2.500000e-01,12749,dsp,428,252,108,bf_det_k16_l16_r1_c16_m3_w12g4_d64_s2_q2,6,240,1.034480e+04
16qam,64,16,2.500000e-01,12749,lut,429,252,108,bf_det_k16_l4_r16_c4_m3_w12g4_d32_s2_q2,6,47657,1.141226e+04
16qam,64,16,2.500000e-01,12749,ff,430,252,108,bf_det_k16_l4_r16_c4_m3_w12g4_d32_s2_q2,6,30019,1.141226e+04
16qam,64,16,2.500000e-01,12749,bram,431,252,108,bf_det_k16_l16_r16_c16_m4_w12g4_d32_s2_q2,6,59,3.210430e+03
16qam,64,16,2.500000e-01,19568,dsp,432,252,140,bf_det_k16_l4_r4_c4_m3_w12g4_d64_s2_q2,6,96,1.545572e+04
16qam,64,16,2.500000e-01,19568,lut,433,252,140,bf_det_k16_l4_r4_c4_m3_w12g4_d32_s2_q2,6,41260,1.546072e+04
16qam,64,16,2.500000e-01,19568,ff,434,252,140,bf_det_k16_l4_r4_c4_m3_w12g4_d32_s2_q2,6,23308,1.546072e+04
16qam,64,16,2.500000e-01,19568,bram,435,252,140,bf_det_k16_l16_r16_c16_m4_w12g4_d32_s2_q2,6,59,3.210430e+03
16qam,64,16,2.500000e-01,30033,dsp,436,252,168,bf_det_k16_l4_r1_c4_m3_w12g4_d64_s2_q2,6,60,2.494155e+04
16qam,64,16,2.500000e-01,30033,lut,437,252,168,bf_det_k16_l4_r1_c4_m3_w12g4_d32_s2_q2,6,39660,2.494655e+04
16qam,64,16,2.500000e-01,30033,ff,438,252,168,bf_det_k16_l4_r1_c4_m3_w12g4_d32_s2_q2,6,21630,2.494655e+04
16qam,64,16,2.500000e-01,30033,bram,439,252,168,bf_det_k16_l16_r16_c16_m4_w12g4_d32_s2_q2,6,59,3.210430e+03
16qam,64,16,2.500000e-01,46096,dsp,440,252,216,bf_det_k16_l4_r1_c4_m3_w12g4_d64_s2_q2,6,60,2.494155e+04
16qam,64,16,2.500000e-01,46096,lut,441,252,216,bf_det_k16_l1_r4_c4_m3_w12g4_d32_s2_q2,6,29771,4.250256e+04
16qam,64,16,2.500000e-01,46096,ff,442,252,216,bf_det_k16_l1_r4_c4_m3_w12g4_d32_s2_q2,6,17561,4.250256e+04
16qam,64,16,2.500000e-01,46096,bram,443,252,216,bf_det_k16_l1_r16_c4_m4_w12g4_d32_s2_q2,6,37,3.834326e+04
16qam,64,16,2.500000e-01,70749,dsp,444,252,252,bf_det_k16_l1_r1_c4_m3_w12g4_d64_s2_q2,6,24,5.837755e+04
16qam,64,16,2.500000e-01,70749,lut,445,252,252,bf_det_k16_l1_r1_c4_m3_w12g4_d32_s2_q2,6,28038,5.838255e+04
16qam,64,16,2.500000e-01,70749,ff,446,252,252,bf_det_k16_l1_r1_c4_m3_w12g4_d32_s2_q2,6,15883,5.838255e+04
16qam,64,16,2.500000e-01,70749,bram,447,252,252,bf_det_k16_l1_r16_c4_m4_w12g4_d32_s2_q2,6,37,3.834326e+04
16qam,64,16,5.000000e-01,2378,dsp,448,252,20,bf_det_k16_l16_r16_c16_m3_w12g4_d64_s2_q2,4,960,2.180230e+03
16qam,64,16,5.000000e-01,2378,lut,449,252,20,bf_det_k16_l16_r16_c16_m3_w12g4_d32_s2_q2,4,122840,2.185230e+03
16qam,64,16,5.000000e-01,2378,ff,450,252,20,bf_det_k16_l16_r16_c16_m3_w12g4_d32_s2_q2,4,84347,2.185230e+03
16qam,64,16,5.000000e-01,2378,bram,451,252,20,bf_det_k16_l16_r16_c16_m4_w12g4_d32_s2_q2,4,59,2.166760e+03
16qam,64,16,5.000000e-01,3648,dsp,452,252,56,bf_det_k16_l16_r4_c16_m3_w12g4_d64_s2_q2,4,384,3.203880e+03
16qam,64,16,5.000000e-01,3648,lut,453,252,56,bf_det_k16_l16_r4_c16_m3_w12g4_d32_s2_q2,4,97252,3.208880e+03
16qam,64,16,5.000000e-01,3648,ff,454,252,56,bf_det_k16_l16_r4_c16_m3_w12g4_d32_s2_q2,4,55760,3.208880e+03
16qam,64,16,5.000000e-01,3648,bram,455,252,56,bf_det_k16_l16_r16_c16_m4_w12g4_d32_s2_q2,4,59,2.166760e+03
16qam,64,16,5.000000e-01,5597,dsp,456,252,56,bf_det_k16_l16_r4_c16_m3_w12g4_d64_s2_q2,4,384,3.203880e+03
16qam,64,16,5.000000e-01,5597,lut,457,252,56,bf_det_k16_l16_r4_c16_m3_w12g4_d32_s2_q2,4,97252,3.208880e+03
16qam,64,16,5.000000e-01,5597,ff,458,252,56,bf_det_k16_l16_r4_c16_m3_w12g4_d32_s2_q2,4,55760,3.208880e+03
16qam,64,16,5.000000e-01,5597,bram,459,252,56,bf_det_k16_l16_r16_c16_m4_w12g4_d32_s2_q2,4,59,2.166760e+03
16qam,64,16,5.000000e-01,8585,dsp,460,252,108,bf_det_k16_l16_r1_c16_m3_w12g4_d64_s2_q2,4,240,6.921340e+03
16qam,64,16,5.000000e-01,8585,lut,461,252,108,bf_det_k16_l4_r16_c4_m3_w12g4_d32_s2_q2,4,47657,7.698640e+03
16qam,64,16,5.000000e-01,8585,ff,462,252,108,bf_det_k16_l4_r16_c4_m3_w12g4_d32_s2_q2,4,30019,7.698640e+03
16qam,64,16,5.000000e-01,8585,bram,463,252,108,bf_det_k16_l16_r16_c16_m4_w12g4_d32_s2_q2,4,59,2.166760e+03
16qam,64,16,5.000000e-01,13171,dsp,464,252,140,bf_det_k16_l4_r4_c4_m3_w12g4_d64_s2_q2,4,96,1.039261e+04
16qam,64,16,5.000000e-01,13171,lut,465,252,140,bf_det_k16_l4_r4_c4_m3_w12g4_d32_s2_q2,4,41260,1.039761e+04
16qam,64,16,5.000000e-01,13171,ff,466,252,140,bf_det_k16_l4_r4_c4_m3_w12g4_d32_s2_q2,4,23308,1.039761e+04
16qam,64,16,5.000000e-01,13171,bram,467,252,140,bf_det_k16_l16_r16_c16_m4_w12g4_d32_s2_q2,4,59,2.166760e+03
16qam,64,16,5.000000e-01,20204,dsp,468,252,168,bf_det_k16_l4_r1_c4_m3_w12g4_d64_s2_q2,4,60,1.671650e+04
16qam,64,16,5.000000e-01,20204,lut,469,252,168,bf_det_k16_l4_r1_c4_m3_w12g4_d32_s2_q2,4,39660,1.672150e+04
16qam,64,16,5.000000e-01,20204,ff,470,252,168,bf_det_k16_l4_r1_c4_m3_w12g4_d32_s2_q2,4,21630,1.672150e+04
16qam,64,16,5.000000e-01,20204,bram,471,252,168,bf_det_k16_l16_r16_c16_m4_w12g4_d32_s2_q2,4,59,2.166760e+03
16qam,64,16,5.000000e-01,30995,dsp,472,252,216,bf_det_k16_l4_r1_c4_m3_w12g4_d64_s2_q2,4,60,1.671650e+04
16qam,64,16,5.000000e-01,30995,lut,473,252,216,bf_det_k16_l1_r4_c4_m3_w12g4_d32_s2_q2,4,29771,2.868145e+04
16qam,64,16,5.000000e-01,30995,ff,474,252,216,bf_det_k16_l1_r4_c4_m3_w12g4_d32_s2_q2,4,17561,2.868145e+04
16qam,64,16,5.000000e-01,30995,bram,475,252,216,bf_det_k16_l1_r16_c4_m4_w12g4_d32_s2_q2,4,37,2.590859e+04
16qam,64,16,5.000000e-01,47548,dsp,476,252,252,bf_det_k16_l1_r1_c4_m3_w12g4_d64_s2_q2,4,24,3.926312e+04
16qam,64,16,5.000000e-01,47548,lut,477,252,252,bf_det_k16_l1_r1_c4_m3_w12g4_d32_s2_q2,4,28038,3.926812e+04
16qam,64,16,5.000000e-01,47548,ff,478,252,252,bf_det_k16_l1_r1_c4_m3_w12g4_d32_s2_q2,4,15883,3.926812e+04
16qam,64,16,5.000000e-01,47548,bram,479,252,252,bf_det_k16_l1_r16_c4_m4_w12g4_d32_s2_q2,4,37,2.590859e+04
16qam,64,16,1.000000e+00,2305,dsp,480,324,20,bf_det_k16_l16_r16_c16_m4_w10g8_d64_s2_q2,4,592,2.228240e+03
16qam,64,16,1.000000e+00,2305,lut,481,324,20,bf_det_k16_l16_r16_c16_m3_w12g4_d32_s2_q2,4,122840,2.185230e+03
16qam,64,16,1.000000e+00,2305,ff,482,324,20,bf_det_k16_l16_r16_c16_m3_w10g8_d32_s2_q2,4,78806,2.251710e+03
16qam,64,16,1.000000e+00,2305,bram,483,324,20,bf_det_k16_l16_r16_c16_m4_w10g8_d32_s2_q2,4,49,2.233240e+03
16qam,64,16,1.000000e+00,3552,dsp,484,324,72,bf_det_k16_l16_r4_c16_m4_w10g8_d64_s2_q2,4,208,3.196470e+03
16qam,64,16,1.000000e+00,3552,lut,485,324,72,bf_det_k16_l16_r4_c16_m3_w12g4_d32_s2_q2,4,97252,3.208880e+03
16qam,64,16,1.000000e+00,3552,ff,486,324,72,bf_det_k16_l16_r4_c16_m3_w10g8_d32_s2_q2,4,54723,3.275360e+03
16qam,64,16,1.000000e+00,3552,bram,487,324,72,bf_det_k16_l16_r16_c16_m4_w10g8_d32_s2_q2,4,49,2.233240e+03
16qam,64,16,1.000000e+00,5473,dsp,488,324,72,bf_det_k16_l16_r4_c16_m4_w10g8_d64_s2_q2,4,208,3.196470e+03
16qam,64,16,1.000000e+00,5473,lut,489,324,72,bf_det_k16_l16_r4_c16_m3_w12g4_d32_s2_q2,4,97252,3.208880e+03
16qam,64,16,1.000000e+00,5473,ff,490,324,72,bf_det_k16_l16_r4_c16_m3_w10g8_d32_s2_q2,4,54723,3.275360e+03
16qam,64,16,1.000000e+00,5473,bram,491,324,72,bf_det_k16_l16_r16_c16_m4_w10g8_d32_s2_q2,4,49,2.233240e+03
16qam,64,16,1.000000e+00,8434,dsp,492,324,138,bf_det_k16_l16_r1_c16_m4_w10g8_d64_s2_q2,4,112,6.692250e+03
16qam,64,16,1.000000e+00,8434,lut,493,324,138,bf_det_k16_l4_r16_c4_m3_w10g8_d32_s2_q2,4,47084,7.948180e+03
16qam,64,16,1.000000e+00,8434,ff,494,324,138,bf_det_k16_l4_r16_c4_m3_w10g8_d32_s2_q2,4,27794,7.948180e+03
16qam,64,16,1.000000e+00,8434,bram,495,324,138,bf_det_k16_l16_r16_c16_m4_w10g8_d32_s2_q2,4,49,2.233240e+03
16qam,64,16,1.000000e+00,12995,dsp,496,324,180,bf_det_k16_l4_r4_c4_m4_w10g8_d64_s2_q2,4,52,1.034659e+04
16qam,64,16,1.000000e+00,12995,lut,497,324,180,bf_det_k16_l4_r4_c4_m3_w10g8_d32_s2_q2,4,41241,1.064715e+04
16qam,64,16,1.000000e+00,12995,ff,498,324,180,bf_det_k16_l4_r4_c4_m3_w10g8_d32_s2_q2,4,22136,1.064715e+04
16qam,64,16,1.000000e+00,12995,bram,499,324,180,bf_det_k16_l16_r16_c16_m4_w10g8_d32_s2_q2,4,49,2.233240e+03
16qam,64,16,1.000000e+00,20025,dsp,500,324,216,bf_det_k16_l4_r1_c4_m4_w10g8_d64_s2_q2,4,28,1.578378e+04
16qam,64,16,1.000000e+00,20025,lut,501,324,216,bf_det_k16_l4_r1_c4_m3_w12g4_d32_s2_q2,4,39660,1.672150e+04
16qam,64,16,1.000000e+00,20025,ff,502,324,216,bf_det_k16_l4_r1_c4_m3_w10g8_d32_s2_q2,4,20721,1.697104e+04
16qam,64,16,1.000000e+00,20025,bram,503,324,216,bf_det_k16_l16_r16_c16_m4_w10g8_d32_s2_q2,4,49,2.233240e+03
16qam,64,16,1.000000e+00,30857,dsp,504,324,280,bf_det_k16_l4_r1_c4_m4_w10g8_d64_s2_q2,4,28,1.578378e+04
16qam,64,16,1.000000e+00,30857,lut,505,324,280,bf_det_k16_l1_r4_c4_m3_w10g8_d32_s2_q2,4,28723,2.966326e+04
16qam,64,16,1.000000e+00,30857,ff,506,324,280,bf_det_k16_l1_r4_c4_m3_w10g8_d32_s2_q2,4,16151,2.966326e+04
16qam,64,16,1.000000e+00,30857,bram,507,324,280,bf_det_k16_l1_r16_c4_m4_w10g8_d32_s2_q2,4,35,2.689040e+04
16qam,64,16,1.000000e+00,47548,dsp,508,324,324,bf_det_k16_l1_r1_c4_m4_w10g8_d64_s2_q2,4,13,3.906267e+04
16qam,64,16,1.000000e+00,47548,lut,509,324,324,bf_det_k16_l1_r1_c4_m3_w10g8_d32_s2_q2,4,27129,4.024993e+04
16qam,64,16,1.000000e+00,47548,ff,510,324,324,bf_det_k16_l1_r1_c4_m3_w10g8_d32_s2_q2,4,14736,4.024993e+04
16qam,64,16,1.000000e+00,47548,bram,511,324,324,bf_det_k16_l1_r16_c4_m4_w10g8_d32_s2_q2,4,35,2.689040e+04
16qam,128,4,2.500000e-01,753,dsp,512,192,16,bf_det_k4_l16_r4_c16_m4_w10g8_d64_s2_q2,2,208,7.176300e+02
16qam,128,4,2.500000e-01,753,lut,513,192,16,bf_det_k4_l16_r4_c16_m3_w12g4_d32_s2_q2,2,83212,6.987500e+02
16qam,128,4,2.500000e-01,753,ff,514,192,16,bf_det_k4_l16_r4_c16_m3_w10g8_d32_s2_q2,2,49064,7.318700e+02
16qam,128,4,2.500000e-01,753,bram,515,192,16,bf_det_k4_l16_r4_c16_m4_w10g8_d32_s2_q2,2,40,7.226300e+02
16qam,128,4,2.500000e-01,1112,dsp,516,192,58,bf_det_k4_l16_r1_c16_m4_w10g8_d64_s2_q2,2,112,1.010600e+03
16qam,128,4,2.500000e-01,1112,lut,517,192,58,bf_det_k4_l16_r1_c16_m3_w12g4_d32_s2_q2,2,76815,1.019430e+03
16qam,128,4,2.500000e-01,1112,ff,518,192,58,bf_det_k4_l16_r1_c16_m3_w12g4_d32_s2_q2,2,41785,1.019430e+03
16qam,128,4,2.500000e-01,1112,bram,519,192,58,bf_det_k4_l16_r4_c16_m4_w10g8_d32_s2_q2,2,40,7.226300e+02
16qam,128,4,2.500000e-01,1641,dsp,520,192,64,bf_det_k4_l16_r1_c16_m4_w10g8_d64_s2_q2,2,112,1.010600e+03
16qam,128,4,2.500000e-01,1641,lut,521,192,64,bf_det_k4_l16_r1_c16_m3_w12g4_d32_s2_q2,2,76815,1.019430e+03
16qam,128,4,2.500000e-01,1641,ff,522,192,64,bf_det_k4_l16_r1_c16_m3_w12g4_d32_s2_q2,2,41785,1.019430e+03
16qam,128,4,2.500000e-01,1641,bram,523,192,64,bf_det_k4_l16_r4_c16_m4_w10g8_d32_s2_q2,2,40,7.226300e+02
16qam,128,4,2.500000e-01,2422,dsp,524,192,84,bf_det_k4_l4_r4_c4_m4_w10g8_d64_s2_q2,2,52,2.333380e+03
16qam,128,4,2.500000e-01,2422,lut,525,192,84,bf_det_k4_l4_r1_c4_m4_w12g4_d32_s2_q2,2,26416,2.330970e+03
16qam,128,4,2.500000e-01,2422,ff,526,192,84,bf_det_k4_l4_r1_c4_m4_w12g4_d32_s2_q2,2,15178,2.330970e+03
16qam,128,4,2.500000e-01,2422,bram,527,192,84,bf_det_k4_l4_r4_c4_m4_w12g4_d32_s2_q2,2,16,2.213720e+03
16qam,128,4,2.500000e-01,3575,dsp,528,192,128,bf_det_k4_l4_r1_c4_m4_w10g8_d64_s2_q2,2,28,2.450620e+03
16qam,128,4,2.500000e-01,3575,lut,529,192,128,bf_det_k4_l4_r1_c4_m3_w12g4_d32_s2_q2,2,26388,2.478750e+03
16qam,128,4,2.500000e-01,3575,ff,530,192,128,bf_det_k4_l4_r1_c4_m3_w12g4_d32_s2_q2,2,14945,2.478750e+03
16qam,128,4,2.500000e-01,3575,bram,531,192,128,bf_det_k4_l4_r4_c4_m4_w12g4_d32_s2_q2,2,16,2.213720e+03
16qam,128,4,2.500000e-01,5277,dsp,532,192,128,bf_det_k4_l4_r1_c4_m4_w10g8_d64_s2_q2,2,28,2.450620e+03
16qam,128,4,2.500000e-01,5277,lut,533,192,128,bf_det_k4_l4_r1_c4_m3_w12g4_d32_s2_q2,2,26388,2.478750e+03
16qam,128,4,2.500000e-01,5277,ff,534,192,128,bf_det_k4_l4_r1_c4_m3_w12g4_d32_s2_q2,2,14945,2.478750e+03
16qam,128,4,2.500000e-01,5277,bram,535,192,128,bf_det_k4_l4_r4_c4_m4_w12g4_d32_s2_q2,2,16,2.213720e+03
16qam,128,4,2.500000e-01,7789,dsp,536,192,136,bf_det_k4_l4_r1_c4_m4_w10g8_d64_s2_q2,2,28,2.450620e+03
16qam,128,4,2.500000e-01,7789,lut,537,192,136,bf_det_k4_l1_r4_c4_m3_w12g4_d32_s2_q2,2,16355,7.725480e+03
16qam,128,4,2.500000e-01,7789,ff,538,192,136,bf_det_k4_l1_r4_c4_m3_w12g4_d32_s2_q2,2,10876,7.725480e+03
16qam,128,4,2.500000e-01,7789,bram,539,192,136,bf_det_k4_l1_r4_c4_m4_w12g4_d32_s2_q2,2,14,7.688540e+03
16qam,128,4,2.500000e-01,11497,dsp,540,192,192,bf_det_k4_l1_r1_c4_m4_w10g8_d64_s2_q2,2,13,8.810820e+03
16qam,128,4,2.500000e-01,11497,lut,541,192,192,bf_det_k4_l1_r1_c4_m3_w12g4_d32_s2_q2,2,14623,8.472810e+03
16qam,128,4,2.500000e-01,11497,ff,542,192,192,bf_det_k4_l1_r1_c4_m3_w10g8_d32_s2_q2,2,9077,8.963600e+03
16qam,128,4,2.500000e-01,11497,bram,543,192,192,bf_det_k4_l1_r4_c4_m4_w12g4_d32_s2_q2,2,14,7.688540e+03
16qam,128,4,5.000000e-01,753,dsp,544,240,16,bf_det_k4_l16_r4_c16_m4_w10g8_d64_s2_q2,2,208,7.176300e+02
16qam,128,4,5.000000e-01,753,lut,545,240,16,bf_det_k4_l16_r4_c16_m3_w12g4_d32_s2_q2,2,83212,6.987500e+02
16qam,128,4,5.000000e-01,753,ff,546,240,16,bf_det_k4_l16_r4_c16_m3_w10g8_d32_s2_q2,2,49064,7.318700e+02
16qam,128,4,5.000000e-01,753,bram,547,240,16,bf_det_k4_l16_r4_c16_m4_w10g8_d32_s2_q2,2,40,7.226300e+02
16qam,128,4,5.000000e-01,1132,dsp,548,240,69,bf_det_k4_l16_r1_c16_m4_w10g8_d64_s2_q2,2,112,1.010600e+03
16qam,128,4,5.000000e-01,1132,lut,549,240,69,bf_det_k4_l16_r1_c16_m3_w12g4_d32_s2_q2,2,76815,1.019430e+03
16qam,128,4,5.000000e-01,1132,ff,550,240,69,bf_det_k4_l16_r1_c16_m3_w12g4_d32_s2_q2,2,41785,1.019430e+03
16qam,128,4,5.000000e-01,1132,bram,551,240,69,bf_det_k4_l16_r4_c16_m4_w10g8_d32_s2_q2,2,40,7.226300e+02
16qam,128,4,5.000000e-01,1701,dsp,552,240,80,bf_det_k4_l16_r1_c16_m4_w10g8_d64_s2_q2,2,112,1.010600e+03
16qam,128,4,5.000000e-01,1701,lut,553,240,80,bf_det_k4_l16_r1_c16_m3_w12g4_d32_s2_q2,2,76815,1.019430e+03
16qam,128,4,5.000000e-01,1701,ff,554,240,80,bf_det_k4_l16_r1_c16_m3_w10g4_d32_s2_q2,3,39512,1.454330e+03
16qam,128,4,5.000000e-01,1701,bram,555,240,80,bf_det_k4_l16_r4_c16_m4_w10g8_d32_s2_q2,2,40,7.226300e+02
16qam,128,4,5.000000e-01,2555,dsp,556,240,116,bf_det_k4_l4_r1_c4_m4_w10g8_d64_s2_q2,2,28,2.450620e+03
16qam,128,4,5.000000e-01,2555,lut,557,240,116,bf_det_k4_l4_r1_c4_m3_w12g4_d32_s2_q2,2,26388,2.478750e+03
16qam,128,4,5.000000e-01,2555,ff,558,240,116,bf_det_k4_l4_r1_c4_m3_w12g4_d32_s2_q2,2,14945,2.478750e+03
16qam,128,4,5.000000e-01,2555,bram,559,240,116,bf_det_k4_l4_r4_c4_m4_w12g4_d32_s2_q2,2,16,2.213720e+03
16qam,128,4,5.000000e-01,3839,dsp,560,240,160,bf_det_k4_l4_r1_c4_m4_w10g8_d64_s2_q2,2,28,2.450620e+03
16qam,128,4,5.000000e-01,3839,lut,561,240,160,bf_det_k4_l4_r1_c4_m3_w12g4_d32_s2_q2,2,26388,2.478750e+03
16qam,128,4,5.000000e-01,3839,ff,562,240,160,bf_det_k4_l4_r1_c4_m3_w10g4_d32_s2_q2,3,14324,3.482390e+03
16qam,128,4,5.000000e-01,3839,bram,563,240,160,bf_det_k4_l4_r4_c4_m4_w12g4_d32_s2_q2,2,16,2.213720e+03
16qam,128,4,5.000000e-01,5768,dsp,564,240,160,bf_det_k4_l4_r1_c4_m4_w10g8_d64_s2_q2,2,28,2.450620e+03
16qam,128,4,5.000000e-01,5768,lut,565,240,160,bf_det_k4_l4_r1_c4_m3_w12g4_d32_s2_q2,2,26388,2.478750e+03
16qam,128,4,5.000000e-01,5768,ff,566,240,160,bf_det_k4_l4_r1_c4_m3_w10g4_d32_s2_q2,3,14324,3.482390e+03
16qam,128,4,5.000000e-01,5768,bram,567,240,160,bf_det_k4_l4_r4_c4_m4_w12g4_d32_s2_q2,2,16,2.213720e+03
16qam,128,4,5.000000e-01,8666,dsp,568,240,184,bf_det_k4_l1_r1_c4_m3_w12g4_d64_s2_q2,2,24,8.467810e+03
16qam,128,4,5.000000e-01,8666,lut,569,240,184,bf_det_k4_l1_r1_c4_m3_w12g4_d32_s2_q2,2,14623,8.472810e+03
16qam,128,4,5.000000e-01,8666,ff,570,240,184,bf_det_k4_l1_r1_c4_m3_w12g4_d32_s2_q2,2,9198,8.472810e+03
16qam,128,4,5.000000e-01,8666,bram,571,240,184,bf_det_k4_l1_r4_c4_m4_w12g4_d32_s2_q2,2,14,7.688540e+03
16qam,128,4,5.000000e-01,13021,dsp,572,240,240,bf_det_k4_l1_r1_c4_m4_w10g8_d64_s2_q2,2,13,8.810820e+03
16qam,128,4,5.000000e-01,13021,lut,573,240,240,bf_det_k4_l1_r1_c4_m3_w10g4_d32_s2_q2,3,14505,1.182976e+04
16qam,128,4,5.000000e-01,13021,ff,574,240,240,bf_det_k4_l1_r1_c4_m3_w10g4_d32_s2_q2,3,8859,1.182976e+04
16qam,128,4,5.000000e-01,13021,bram,575,240,240,bf_det_k4_l1_r4_c4_m4_w12g4_d32_s2_q2,2,14,7.688540e+03
16qam,128,4,1.000000e+00,710,dsp,288,240,16,bf_det_k4_l16_r4_c16_m4_w10g4_d64_s2_q2,2,208,6.450400e+02
16qam,128,4,1.000000e+00,710,lut,289,240,16,bf_det_k4_l16_r4_c16_m3_w12g4_d32_s2_q2,2,83212,6.987500e+02
16qam,128,4,1.000000e+00,710,ff,290,240,16,bf_det_k4_l16_r4_c16_m3_w10g4_d32_s2_q2,2,45653,6.592700e+02
16qam,128,4,1.000000e+00,710,bram,291,240,16,bf_det_k4_l16_r4_c16_m4_w10g4_d32_s2_q2,2,40,6.500400e+02
16qam,128,4,1.000000e+00,1057,dsp,292,240,66,bf_det_k4_l16_r1_c16_m4_w10g4_d64_s2_q2,2,112,9.380100e+02
16qam,128,4,1.000000e+00,1057,lut,293,240,66,bf_det_k4_l16_r1_c16_m3_w12g4_d32_s2_q2,2,76815,1.019430e+03
16qam,128,4,1.000000e+00,1057,ff,294,240,66,bf_det_k4_l16_r1_c16_m3_w10g4_d32_s2_q2,2,39512,9.799500e+02
16qam,128,4,1.000000e+00,1057,bram,295,240,66,bf_det_k4_l16_r4_c16_m4_w10g4_d32_s2_q2,2,40,6.500400e+02
16qam,128,4,1.000000e+00,1573,dsp,296,240,80,bf_det_k4_l16_r1_c16_m4_w10g4_d64_s2_q2,2,112,9.380100e+02
16qam,128,4,1.000000e+00,1573,lut,297,240,80,bf_det_k4_l16_r1_c16_m3_w12g4_d32_s2_q2,2,76815,1.019430e+03
16qam,128,4,1.000000e+00,1573,ff,298,240,80,bf_det_k4_l16_r1_c16_m3_w10g4_d32_s2_q2,2,39512,9.799500e+02
16qam,128,4,1.000000e+00,1573,bram,299,240,80,bf_det_k4_l16_r4_c16_m4_w10g4_d32_s2_q2,2,40,6.500400e+02
16qam,128,4,1.000000e+00,2341,dsp,300,240,107,bf_det_k4_l4_r1_c4_m4_w10g4_d64_s2_q2,2,28,2.195210e+03
16qam,128,4,1.000000e+00,2341,lut,301,240,107,bf_det_k4_l4_r1_c4_m4_w12g4_d32_s2_q2,2,26416,2.330970e+03
16qam,128,4,1.000000e+00,2341,ff,302,240,107,bf_det_k4_l4_r1_c4_m4_w10g4_d32_s2_q2,2,14519,2.200210e+03
16qam,128,4,1.000000e+00,2341,bram,303,240,107,bf_det_k4_l4_r4_c4_m4_w10g4_d32_s2_q2,2,16,2.082960e+03
16qam,128,4,1.000000e+00,3485,dsp,304,240,160,bf_det_k4_l4_r1_c4_m4_w10g4_d64_s2_q2,2,28,2.195210e+03
16qam,128,4,1.000000e+00,3485,lut,305,240,160,bf_det_k4_l4_r1_c4_m3_w12g4_d32_s2_q2,2,26388,2.478750e+03
16qam,128,4,1.000000e+00,3485,ff,306,240,160,bf_det_k4_l4_r1_c4_m3_w10g4_d32_s2_q2,2,14324,2.347990e+03
16qam,128,4,1.000000e+00,3485,bram,307,240,160,bf_det_k4_l4_r4_c4_m4_w10g4_d32_s2_q2,2,16,2.082960e+03
16qam,128,4,1.000000e+00,5188,dsp,308,240,160,bf_det_k4_l4_r1_c4_m4_w10g4_d64_s2_q2,2,28,2.195210e+03
16qam,128,4,1.000000e+00,5188,lut,309,240,160,bf_det_k4_l4_r1_c4_m3_w12g4_d32_s2_q2,2,26388,2.478750e+03
16qam,128,4,1.000000e+00,5188,ff,310,240,160,bf_det_k4_l4_r1_c4_m3_w10g4_d32_s2_q2,2,14324,2.347990e+03
16qam,128,4,1.000000e+00,5188,bram,311,240,160,bf_det_k4_l4_r4_c4_m4_w10g4_d32_s2_q2,2,16,2.082960e+03
16qam,128,4,1.000000e+00,7723,dsp,312,240,173,bf_det_k4_l4_r1_c4_m4_w10g4_d64_s2_q2,2,28,2.195210e+03
16qam,128,4,1.000000e+00,7723,lut,313,240,173,bf_det_k4_l1_r4_c4_m3_w10g4_d32_s2_q2,2,16099,7.229560e+03
16qam,128,4,1.000000e+00,7723,ff,314,240,173,bf_det_k4_l1_r4_c4_m3_w10g4_d32_s2_q2,2,10274,7.229560e+03
16qam,128,4,1.000000e+00,7723,bram,315,240,173,bf_det_k4_l1_r4_c4_m4_w10g4_d32_s2_q2,2,14,7.192610e+03
16qam,128,4,1.000000e+00,11497,dsp,316,240,240,bf_det_k4_l1_r1_c4_m4_w10g4_d64_s2_q2,2,13,7.824110e+03
16qam,128,4,1.000000e+00,11497,lut,317,240,240,bf_det_k4_l1_r1_c4_m3_w10g4_d32_s2_q2,2,14505,7.976890e+03
16qam,128,4,1.000000e+00,11497,ff,318,240,240,bf_det_k4_l1_r1_c4_m3_w10g4_d32_s2_q2,2,8859,7.976890e+03
16qam,128,4,1.000000e+00,11497,bram,319,240,240,bf_det_k4_l1_r4_c4_m4_w10g4_d32_s2_q2,2,14,7.192610e+03
16qam,128,8,2.500000e-01,1345,dsp,576,288,19,bf_det_k8_l16_r8_c16_m4_w10g8_d64_s2_q2,3,336,1.272140e+03
16qam,128,8,2.500000e-01,1345,lut,577,288,19,bf_det_k8_l16_r8_c16_m3_w12g4_d32_s2_q2,3,95663,1.241190e+03
16qam,128,8,2.500000e-01,1345,ff,578,288,19,bf_det_k8_l16_r8_c16_m3_w10g8_d32_s2_q2,3,58314,1.290990e+03
16qam,128,8,2.500000e-01,1345,bram,579,288,19,bf_det_k8_l16_r8_c16_m4_w10g8_d32_s2_q2,3,45,1.277140e+03
16qam,128,8,2.500000e-01,2012,dsp,580,288,64,bf_det_k8_l16_r4_c16_m4_w10g8_d64_s2_q2,3,208,1.466200e+03
16qam,128,8,2.500000e-01,2012,lut,581,288,64,bf_det_k8_l16_r4_c16_m3_w12g4_d32_s2_q2,3,87134,1.449110e+03
16qam,128,8,2.500000e-01,2012,ff,582,288,64,bf_det_k8_l16_r4_c16_m3_w10g8_d32_s2_q2,3,50287,1.498900e+03
16qam,128,8,2.500000e-01,2012,bram,583,288,64,bf_det_k8_l16_r8_c16_m4_w10g8_d32_s2_q2,3,45,1.277140e+03
16qam,128,8,2.500000e-01,3009,dsp,584,288,96,bf_det_k8_l16_r1_c16_m4_w10g8_d64_s2_q2,3,112,2.489120e+03
16qam,128,8,2.500000e-01,3009,lut,585,288,96,bf_det_k8_l16_r1_c16_m3_w12g4_d32_s2_q2,3,80737,2.555150e+03
16qam,128,8,2.500000e-01,3009,ff,586,288,96,bf_det_k8_l16_r1_c16_m3_w12g4_d32_s2_q2,3,43215,2.555150e+03
16qam,128,8,2.500000e-01,3009,bram,587,288,96,bf_det_k8_l16_r8_c16_m4_w10g8_d32_s2_q2,3,45,1.277140e+03
16qam,128,8,2.500000e-01,4501,dsp,588,288,114,bf_det_k8_l4_r8_c4_m4_w10g8_d64_s2_q2,3,84,4.298150e+03
16qam,128,8,2.500000e-01,4501,lut,589,288,114,bf_det_k8_l4_r8_c4_m3_w12g4_d32_s2_q2,3,34042,4.171470e+03
16qam,128,8,2.500000e-01,4501,ff,590,288,114,bf_det_k8_l4_r8_c4_m3_w10g8_d32_s2_q2,3,19586,4.358570e+03
16qam,128,8,2.500000e-01,4501,bram,591,288,114,bf_det_k8_l4_r8_c4_m4_w10g8_d32_s2_q2,3,21,4.303150e+03
16qam,128,8,2.500000e-01,6733,dsp,592,288,192,bf_det_k8_l4_r1_c4_m4_w10g8_d64_s2_q2,3,28,5.626020e+03
16qam,128,8,2.500000e-01,6733,lut,593,288,192,bf_det_k8_l4_r1_c4_m3_w12g4_d32_s2_q2,3,30310,5.887270e+03
16qam,128,8,2.500000e-01,6733,ff,594,288,192,bf_det_k8_l4_r1_c4_m3_w10g8_d32_s2_q2,3,16286,6.074370e+03
16qam,128,8,2.500000e-01,6733,bram,595,288,192,bf_det_k8_l4_r8_c4_m4_w10g8_d32_s2_q2,3,21,4.303150e+03
16qam,128,8,2.500000e-01,10071,dsp,596,288,192,bf_det_k8_l4_r1_c4_m4_w10g8_d64_s2_q2,3,28,5.626020e+03
16qam,128,8,2.500000e-01,10071,lut,597,288,192,bf_det_k8_l4_r1_c4_m3_w12g4_d32_s2_q2,3,30310,5.887270e+03
16qam,128,8,2.500000e-01,10071,ff,598,288,192,bf_det_k8_l4_r1_c4_m3_w10g8_d32_s2_q2,3,16286,6.074370e+03
16qam,128,8,2.500000e-01,10071,bram,599,288,192,bf_det_k8_l4_r8_c4_m4_w10g8_d32_s2_q2,3,21,4.303150e+03
16qam,128,8,2.500000e-01,15065,dsp,600,288,216,bf_det_k8_l4_r1_c4_m4_w10g8_d64_s2_q2,3,28,5.626020e+03
16qam,128,8,2.500000e-01,15065,lut,601,288,216,bf_det_k8_l1_r4_c4_m3_w12g4_d32_s2_q2,3,20133,1.469998e+04
16qam,128,8,2.500000e-01,15065,ff,602,288,216,bf_det_k8_l1_r4_c4_m3_w12g4_d32_s2_q2,3,12307,1.469998e+04
16qam,128,8,2.500000e-01,15065,bram,603,288,216,bf_det_k8_l1_r8_c4_m4_w10g8_d32_s2_q2,3,19,1.489812e+04
16qam,128,8,2.500000e-01,22535,dsp,604,288,288,bf_det_k8_l1_r1_c4_m4_w10g8_d64_s2_q2,3,13,1.780593e+04
16qam,128,8,2.500000e-01,22535,lut,605,288,288,bf_det_k8_l1_r1_c4_m3_w10g8_d32_s2_q2,3,18262,1.825428e+04
16qam,128,8,2.500000e-01,22535,ff,606,288,288,bf_det_k8_l1_r1_c4_m3_w10g8_d32_s2_q2,3,10301,1.825428e+04
16qam,128,8,2.500000e-01,22535,bram,607,288,288,bf_det_k8_l1_r8_c4_m4_w10g8_d32_s2_q2,3,19,1.489812e+04
16qam,128,8,5.000000e-01,1345,dsp,608,360,19,bf_det_k8_l16_r8_c16_m4_w10g8_d64_s2_q2,3,336,1.272140e+03
16qam,128,8,5.000000e-01,1345,lut,609,360,19,bf_det_k8_l16_r8_c16_m3_w12g4_d32_s2_q2,3,95663,1.241190e+03
16qam,128,8,5.000000e-01,1345,ff,610,360,19,bf_det_k8_l16_r8_c16_m3_w10g8_d32_s2_q2,3,58314,1.290990e+03
16qam,128,8,5.000000e-01,1345,bram,611,360,19,bf_det_k8_l16_r8_c16_m4_w10g8_d32_s2_q2,3,45,1.277140e+03
16qam,128,8,5.000000e-01,2035,dsp,612,360,80,bf_det_k8_l16_r4_c16_m4_w10g8_d64_s2_q2,3,208,1.466200e+03
16qam,128,8,5.000000e-01,2035,lut,613,360,80,bf_det_k8_l16_r4_c16_m3_w12g4_d32_s2_q2,3,87134,1.449110e+03
16qam,128,8,5.000000e-01,2035,ff,614,360,80,bf_det_k8_l16_r4_c16_m3_w10g4_d32_s2_q2,4,46876,1.837620e+03
16qam,128,8,5.000000e-01,2035,bram,615,360,80,bf_det_k8_l16_r8_c16_m4_w10g8_d32_s2_q2,3,45,1.277140e+03
16qam,128,8,5.000000e-01,3079,dsp,616,360,112,bf_det_k8_l16_r1_c16_m4_w10g8_d64_s2_q2,3,112,2.489120e+03
16qam,128,8,5.000000e-01,3079,lut,617,360,112,bf_det_k8_l16_r1_c16_m3_w12g4_d32_s2_q2,3,80737,2.555150e+03
16qam,128,8,5.000000e-01,3079,ff,618,360,112,bf_det_k8_l16_r1_c16_m3_w12g4_d32_s2_q2,3,43215,2.555150e+03
16qam,128,8,5.000000e-01,3079,bram,619,360,112,bf_det_k8_l16_r8_c16_m4_w10g8_d32_s2_q2,3,45,1.277140e+03
16qam,128,8,5.000000e-01,4659,dsp,620,360,151,bf_det_k8_l4_r8_c4_m4_w10g8_d64_s2_q2,3,84,4.298150e+03
16qam,128,8,5.000000e-01,4659,lut,621,360,151,bf_det_k8_l4_r4_c4_m3_w12g4_d32_s2_q2,3,31910,4.654210e+03
16qam,128,8,5.000000e-01,4659,ff,622,360,151,bf_det_k8_l4_r4_c4_m3_w12g4_d32_s2_q2,3,18054,4.654210e+03
16qam,128,8,5.000000e-01,4659,bram,623,360,151,bf_det_k8_l4_r8_c4_m4_w10g8_d32_s2_q2,3,21,4.303150e+03
16qam,128,8,5.000000e-01,7049,dsp,624,360,236,bf_det_k8_l4_r1_c4_m4_w10g8_d64_s2_q2,3,28,5.626020e+03
16qam,128,8,5.000000e-01,7049,lut,625,360,236,bf_det_k8_l4_r1_c4_m3_w12g4_d32_s2_q2,3,30310,5.887270e+03
16qam,128,8,5.000000e-01,7049,ff,626,360,236,bf_det_k8_l4_r1_c4_m4_w10g4_d32_s2_q2,4,15743,6.949460e+03
16qam,128,8,5.000000e-01,7049,bram,627,360,236,bf_det_k8_l4_r8_c4_m4_w10g8_d32_s2_q2,3,21,4.303150e+03
16qam,128,8,5.000000e-01,10666,dsp,628,360,240,bf_det_k8_l4_r1_c4_m4_w10g8_d64_s2_q2,3,28,5.626020e+03
16qam,128,8,5.000000e-01,10666,lut,629,360,240,bf_det_k8_l4_r1_c4_m3_w10g4_d32_s2_q2,4,30174,7.540590e+03
16qam,128,8,5.000000e-01,10666,ff,630,360,240,bf_det_k8_l4_r1_c4_m3_w10g4_d32_s2_q2,4,15548,7.540590e+03
16qam,128,8,5.000000e-01,10666,bram,631,360,240,bf_det_k8_l4_r8_c4_m4_w10g8_d32_s2_q2,3,21,4.303150e+03
16qam,128,8,5.000000e-01,16139,dsp,632,360,284,bf_det_k8_l4_r1_c4_m4_w10g8_d64_s2_q2,3,28,5.626020e+03
16qam,128,8,5.000000e-01,16139,lut,633,360,284,bf_det_k8_l1_r4_c4_m3_w10g8_d32_s2_q2,3,19856,1.543628e+04
16qam,128,8,5.000000e-01,16139,ff,634,360,284,bf_det_k8_l1_r4_c4_m3_w10g8_d32_s2_q2,3,11715,1.543628e+04
16qam,128,8,5.000000e-01,16139,bram,635,360,284,bf_det_k8_l1_r8_c4_m4_w10g8_d32_s2_q2,3,19,1.489812e+04
16qam,128,8,5.000000e-01,24420,dsp,636,360,360,bf_det_k8_l1_r1_c4_m4_w10g8_d64_s2_q2,3,13,1.780593e+04
16qam,128,8,5.000000e-01,24420,lut,637,360,360,bf_det_k8_l1_r1_c4_m3_w10g4_d32_s2_q2,4,17914,2.218992e+04
16qam,128,8,5.000000e-01,24420,ff,638,360,360,bf_det_k8_l1_r1_c4_m3_w10g4_d32_s2_q2,4,10083,2.218992e+04
16qam,128,8,5.000000e-01,24420,bram,639,360,360,bf_det_k8_l1_r8_c4_m4_w10g8_d32_s2_q2,3,19,1.489812e+04
16qam,128,8,1.000000e+00,869,dsp,640,360,19,bf_det_k8_l16_r8_c16_m4_w10g4_d64_s2_q2,2,336,7.895600e+02
16qam,128,8,1.000000e+00,869,lut,641,360,19,bf_det_k8_l16_r8_c16_m3_w12g4_d32_s2_q2,2,95663,8.432800e+02
16qam,128,8,1.000000e+00,869,ff,642,360,19,bf_det_k8_l16_r8_c16_m3_w10g4_d32_s2_q2,2,54903,8.038000e+02
16qam,128,8,1.000000e+00,869,bram,643,360,19,bf_det_k8_l16_r8_c16_m4_w10g4_d32_s2_q2,2,45,7.945600e+02
16qam,128,8,1.000000e+00,1308,dsp,644,360,80,bf_det_k8_l16_r4_c16_m4_w10g4_d64_s2_q2,2,208,9.189400e+02
16qam,128,8,1.000000e+00,1308,lut,645,360,80,bf_det_k8_l16_r4_c16_m3_w12g4_d32_s2_q2,2,87134,9.818800e+02
16qam,128,8,1.000000e+00,1308,ff,646,360,80,bf_det_k8_l16_r4_c16_m3_w10g4_d32_s2_q2,2,46876,9.424100e+02
16qam,128,8,1.000000e+00,1308,bram,647,360,80,bf_det_k8_l16_r8_c16_m4_w10g4_d32_s2_q2,2,45,7.945600e+02
16qam,128,8,1.000000e+00,1969,dsp,648,360,120,bf_det_k8_l16_r1_c16_m4_w10g4_d64_s2_q2,2,112,1.600880e+03
16qam,128,8,1.000000e+00,1969,lut,649,360,120,bf_det_k8_l16_r1_c16_m3_w12g4_d32_s2_q2,2,80737,1.719250e+03
16qam,128,8,1.000000e+00,1969,ff,650,360,120,bf_det_k8_l16_r1_c16_m3_w10g4_d32_s2_q2,2,40734,1.679770e+03
16qam,128,8,1.000000e+00,1969,bram,651,360,120,bf_det_k8_l16_r8_c16_m4_w10g4_d32_s2_q2,2,45,7.945600e+02
16qam,128,8,1.000000e+00,2963,dsp,652,360,148,bf_det_k8_l4_r4_c4_m4_w10g4_d64_s2_q2,2,52,2.940960e+03
16qam,128,8,1.000000e+00,2963,lut,653,360,148,bf_det_k8_l4_r4_c4_m4_w14g0_d32_s2_q2,2,33452,2.952070e+03
16qam,128,8,1.000000e+00,2963,ff,654,360,148,bf_det_k8_l4_r4_c4_m4_w10g4_d32_s2_q2,2,17742,2.945960e+03
16qam,128,8,1.000000e+00,2963,bram,655,360,148,bf_det_k8_l4_r8_c4_m4_w10g4_d32_s2_q2,2,21,2.661080e+03
16qam,128,8,1.000000e+00,4461,dsp,656,360,238,bf_det_k8_l4_r1_c4_m4_w10g4_d64_s2_q2,2,28,3.541320e+03
16qam,128,8,1.000000e+00,4461,lut,657,360,238,bf_det_k8_l4_r1_c4_m3_w10g4_d32_s2_q2,2,30174,3.841890e+03
16qam,128,8,1.000000e+00,4461,ff,658,360,238,bf_det_k8_l4_r1_c4_m3_w10g4_d32_s2_q2,2,15548,3.841890e+03
16qam,128,8,1.000000e+00,4461,bram,659,360,238,bf_det_k8_l4_r8_c4_m4_w10g4_d32_s2_q2,2,21,2.661080e+03
16qam,128,8,1.000000e+00,6715,dsp,660,360,240,bf_det_k8_l4_r1_c4_m4_w10g4_d64_s2_q2,2,28,3.541320e+03
16qam,128,8,1.000000e+00,6715,lut,661,360,240,bf_det_k8_l4_r1_c4_m3_w10g4_d32_s2_q2,2,30174,3.841890e+03
16qam,128,8,1.000000e+00,6715,ff,662,360,240,bf_det_k8_l4_r1_c4_m3_w10g4_d32_s2_q2,2,15548,3.841890e+03
16qam,128,8,1.000000e+00,6715,bram,663,360,240,bf_det_k8_l4_r8_c4_m4_w10g4_d32_s2_q2,2,21,2.661080e+03
16qam,128,8,1.000000e+00,10108,dsp,664,360,275,bf_det_k8_l4_r1_c4_m4_w10g4_d64_s2_q2,2,28,3.541320e+03
16qam,128,8,1.000000e+00,10108,lut,665,360,275,bf_det_k8_l1_r4_c4_m3_w10g4_d32_s2_q2,2,19508,9.479850e+03
16qam,128,8,1.000000e+00,10108,ff,666,360,275,bf_det_k8_l1_r4_c4_m3_w10g4_d32_s2_q2,2,11497,9.479850e+03
16qam,128,8,1.000000e+00,10108,bram,667,360,275,bf_det_k8_l1_r8_c4_m4_w10g4_d32_s2_q2,2,19,9.121070e+03
16qam,128,8,1.000000e+00,15217,dsp,668,360,360,bf_det_k8_l1_r1_c4_m4_w10g4_d64_s2_q2,2,13,1.105795e+04
16qam,128,8,1.000000e+00,15217,lut,669,360,360,bf_det_k8_l1_r1_c4_m3_w10g4_d32_s2_q2,2,17914,1.135851e+04
16qam,128,8,1.000000e+00,15217,ff,670,360,360,bf_det_k8_l1_r1_c4_m3_w10g4_d32_s2_q2,2,10083,1.135851e+04
16qam,128,8,1.000000e+00,15217,bram,671,360,360,bf_det_k8_l1_r8_c4_m4_w10g4_d32_s2_q2,2,19,9.121070e+03
16qam,128,16,2.500000e-01,2378,dsp,672,288,20,bf_det_k16_l16_r16_c16_m3_w12g4_d64_s2_q2,4,960,2.180230e+03
16qam,128,16,2.500000e-01,2378,lut,673,288,20,bf_det_k16_l16_r16_c16_m3_w12g4_d32_s2_q2,4,122840,2.185230e+03
16qam,128,16,2.500000e-01,2378,ff,674,288,20,bf_det_k16_l16_r16_c16_m3_w12g4_d32_s2_q2,4,84347,2.185230e+03
16qam,128,16,2.500000e-01,2378,bram,675,288,20,bf_det_k16_l16_r16_c16_m4_w12g4_d32_s2_q2,4,59,2.166760e+03
16qam,128,16,2.500000e-01,3795,dsp,676,288,60,bf_det_k16_l16_r4_c16_m3_w12g4_d64_s2_q2,4,384,3.203880e+03
16qam,128,16,2.500000e-01,3795,lut,677,288,60,bf_det_k16_l16_r4_c16_m3_w12g4_d32_s2_q2,4,97252,3.208880e+03
16qam,128,16,2.500000e-01,3795,ff,678,288,60,bf_det_k16_l16_r4_c16_m3_w12g4_d32_s2_q2,4,55760,3.208880e+03
16qam,128,16,2.500000e-01,3795,bram,679,288,60,bf_det_k16_l16_r16_c16_m4_w12g4_d32_s2_q2,4,59,2.166760e+03
16qam,128,16,2.500000e-01,6054,dsp,680,288,64,bf_det_k16_l16_r4_c16_m3_w12g4_d64_s2_q2,4,384,3.203880e+03
16qam,128,16,2.500000e-01,6054,lut,681,288,64,bf_det_k16_l16_r4_c16_m3_w12g4_d32_s2_q2,4,97252,3.208880e+03
16qam,128,16,2.500000e-01,6054,ff,682,288,64,bf_det_k16_l16_r4_c16_m3_w12g4_d32_s2_q2,4,55760,3.208880e+03
16qam,128,16,2.500000e-01,6054,bram,683,288,64,bf_det_k16_l16_r16_c16_m4_w12g4_d32_s2_q2,4,59,2.166760e+03
16qam,128,16,2.500000e-01,9660,dsp,684,288,120,bf_det_k16_l16_r1_c16_m3_w12g4_d64_s2_q2,4,240,6.921340e+03
16qam,128,16,2.500000e-01,9660,lut,685,288,120,bf_det_k16_l4_r16_c4_m3_w12g4_d32_s2_q2,4,47657,7.698640e+03
16qam,128,16,2.500000e-01,9660,ff,686,288,120,bf_det_k16_l4_r16_c4_m3_w12g4_d32_s2_q2,4,30019,7.698640e+03
16qam,128,16,2.500000e-01,9660,bram,687,288,120,bf_det_k16_l16_r16_c16_m4_w12g4_d32_s2_q2,4,59,2.166760e+03
16qam,128,16,2.500000e-01,15412,dsp,688,288,160,bf_det_k16_l4_r4_c4_m3_w12g4_d64_s2_q2,4,96,1.039261e+04
16qam,128,16,2.500000e-01,15412,lut,689,288,160,bf_det_k16_l4_r4_c4_m3_w12g4_d32_s2_q2,4,41260,1.039761e+04
16qam,128,16,2.500000e-01,15412,ff,690,288,160,bf_det_k16_l4_r4_c4_m3_w12g4_d32_s2_q2,4,23308,1.039761e+04
16qam,128,16,2.500000e-01,15412,bram,691,288,160,bf_det_k16_l16_r16_c16_m4_w12g4_d32_s2_q2,4,59,2.166760e+03
16qam,128,16,2.500000e-01,24590,dsp,692,288,192,bf_det_k16_l4_r1_c4_m3_w12g4_d64_s2_q2,4,60,1.671650e+04
16qam,128,16,2.500000e-01,24590,lut,693,288,192,bf_det_k16_l4_r1_c4_m3_w12g4_d32_s2_q2,4,39660,1.672150e+04
16qam,128,16,2.500000e-01,24590,ff,694,288,192,bf_det_k16_l4_r1_c4_m3_w12g4_d32_s2_q2,4,21630,1.672150e+04
16qam,128,16,2.500000e-01,24590,bram,695,288,192,bf_det_k16_l16_r16_c16_m4_w12g4_d32_s2_q2,4,59,2.166760e+03
16qam,128,16,2.500000e-01,39235,dsp,696,288,258,bf_det_k16_l1_r1_c4_m4_w12g4_d64_s2_q2,4,28,3.808086e+04
16qam,128,16,2.500000e-01,39235,lut,697,288,258,bf_det_k16_l1_r1_c4_m4_w12g4_d32_s2_q2,4,28067,3.808586e+04
16qam,128,16,2.500000e-01,39235,ff,698,288,258,bf_det_k16_l1_r1_c4_m4_w12g4_d32_s2_q2,4,16116,3.808586e+04
16qam,128,16,2.500000e-01,39235,bram,699,288,258,bf_det_k16_l1_r16_c4_m4_w12g4_d32_s2_q2,4,37,2.590859e+04
16qam,128,16,2.500000e-01,62601,dsp,700,288,288,bf_det_k16_l1_r1_c4_m3_w12g4_d64_s2_q2,4,24,3.926312e+04
16qam,128,16,2.500000e-01,62601,lut,701,288,288,bf_det_k16_l1_r1_c4_m3_w12g4_d32_s2_q2,4,28038,3.926812e+04
16qam,128,16,2.500000e-01,62601,ff,702,288,288,bf_det_k16_l1_r1_c4_m3_w12g4_d32_s2_q2,4,15883,3.926812e+04
16qam,128,16,2.500000e-01,62601,bram,703,288,288,bf_det_k16_l1_r16_c4_m4_w12g4_d32_s2_q2,4,37,2.590859e+04
16qam,128,16,5.000000e-01,1750,dsp,704,360,21,bf_det_k16_l16_r16_c16_m4_w10g8_d64_s2_q2,3,592,1.689730e+03
16qam,128,16,5.000000e-01,1750,lut,705,360,21,bf_det_k16_l16_r16_c16_m3_w12g4_d32_s2_q2,3,122840,1.658780e+03
16qam,128,16,5.000000e-01,1750,ff,706,360,21,bf_det_k16_l16_r16_c16_m3_w10g8_d32_s2_q2,3,78806,1.708580e+03
16qam,128,16,5.000000e-01,1750,bram,707,360,21,bf_det_k16_l16_r16_c16_m4_w10g8_d32_s2_q2,3,49,1.694730e+03
16qam,128,16,5.000000e-01,2756,dsp,708,360,76,bf_det_k16_l16_r4_c16_m4_w10g8_d64_s2_q2,3,208,2.415900e+03
16qam,128,16,5.000000e-01,2756,lut,709,360,76,bf_det_k16_l16_r4_c16_m3_w12g4_d32_s2_q2,3,97252,2.426520e+03
16qam,128,16,5.000000e-01,2756,ff,710,360,76,bf_det_k16_l16_r4_c16_m3_w10g8_d32_s2_q2,3,54723,2.476320e+03
16qam,128,16,5.000000e-01,2756,bram,711,360,76,bf_det_k16_l16_r16_c16_m4_w10g8_d32_s2_q2,3,49,1.694730e+03
16qam,128,16,5.000000e-01,4341,dsp,712,360,80,bf_det_k16_l16_r4_c16_m4_w10g8_d64_s2_q2,3,208,2.415900e+03
16qam,128,16,5.000000e-01,4341,lut,713,360,80,bf_det_k16_l16_r4_c16_m3_w12g4_d32_s2_q2,3,97252,2.426520e+03
16qam,128,16,5.000000e-01,4341,ff,714,360,80,bf_det_k16_l16_r4_c16_m3_w10g4_d32_s2_q2,4,51312,3.130170e+03
16qam,128,16,5.000000e-01,4341,bram,715,360,80,bf_det_k16_l16_r16_c16_m4_w10g8_d32_s2_q2,3,49,1.694730e+03
16qam,128,16,5.000000e-01,6838,dsp,716,360,154,bf_det_k16_l16_r1_c16_m4_w10g8_d64_s2_q2,3,112,5.037740e+03
16qam,128,16,5.000000e-01,6838,lut,717,360,154,bf_det_k16_l4_r16_c4_m3_w10g8_d32_s2_q2,3,47084,6.028920e+03
16qam,128,16,5.000000e-01,6838,ff,718,360,154,bf_det_k16_l4_r16_c4_m3_w10g8_d32_s2_q2,3,27794,6.028920e+03
16qam,128,16,5.000000e-01,6838,bram,719,360,154,bf_det_k16_l16_r16_c16_m4_w10g8_d32_s2_q2,3,49,1.694730e+03
16qam,128,16,5.000000e-01,10771,dsp,720,360,200,bf_det_k16_l4_r4_c4_m4_w10g8_d64_s2_q2,3,52,7.826480e+03
16qam,128,16,5.000000e-01,10771,lut,721,360,200,bf_det_k16_l4_r4_c4_m3_w10g4_d32_s2_q2,4,40261,1.013632e+04
16qam,128,16,5.000000e-01,10771,ff,722,360,200,bf_det_k16_l4_r4_c4_m3_w10g4_d32_s2_q2,4,21398,1.013632e+04
16qam,128,16,5.000000e-01,10771,bram,723,360,200,bf_det_k16_l16_r16_c16_m4_w10g8_d32_s2_q2,3,49,1.694730e+03
16qam,128,16,5.000000e-01,16968,dsp,724,360,240,bf_det_k16_l4_r1_c4_m4_w10g8_d64_s2_q2,3,28,1.190438e+04
16qam,128,16,5.000000e-01,16968,lut,725,360,240,bf_det_k16_l4_r1_c4_m3_w10g4_d32_s2_q2,4,38801,1.646021e+04
16qam,128,16,5.000000e-01,16968,ff,726,360,240,bf_det_k16_l4_r1_c4_m3_w10g4_d32_s2_q2,4,19983,1.646021e+04
16qam,128,16,5.000000e-01,16968,bram,727,360,240,bf_det_k16_l16_r16_c16_m4_w10g8_d32_s2_q2,3,49,1.694730e+03
16qam,128,16,5.000000e-01,26729,dsp,728,360,316,bf_det_k16_l4_r1_c4_m4_w10g8_d64_s2_q2,3,28,1.190438e+04
16qam,128,16,5.000000e-01,26729,lut,729,360,316,bf_det_k16_l1_r4_c4_m3_w10g8_d32_s2_q2,3,28723,2.250720e+04
16qam,128,16,5.000000e-01,26729,ff,730,360,316,bf_det_k16_l1_r4_c4_m3_w10g8_d32_s2_q2,3,16151,2.250720e+04
16qam,128,16,5.000000e-01,26729,bram,731,360,316,bf_det_k16_l1_r16_c4_m4_w10g8_d32_s2_q2,3,35,2.042755e+04
16qam,128,16,5.000000e-01,42105,dsp,732,360,360,bf_det_k16_l1_r1_c4_m4_w10g8_d64_s2_q2,3,13,2.955550e+04
16qam,128,16,5.000000e-01,42105,lut,733,360,360,bf_det_k16_l1_r1_c4_m3_w10g4_d32_s2_q2,4,26781,3.827651e+04
16qam,128,16,5.000000e-01,42105,ff,734,360,360,bf_det_k16_l1_r1_c4_m3_w10g4_d32_s2_q2,4,14518,3.827651e+04
16qam,128,16,5.000000e-01,42105,bram,735,360,360,bf_det_k16_l1_r16_c4_m4_w10g8_d32_s2_q2,3,35,2.042755e+04
16qam,128,16,1.000000e+00,1739,dsp,736,360,24,bf_det_k16_l16_r16_c16_m4_w10g4_d64_s2_q2,3,592,1.580840e+03
16qam,128,16,1.000000e+00,1739,lut,737,360,24,bf_det_k16_l16_r16_c16_m3_w10g4_d32_s2_q2,3,121036,1.599690e+03
16qam,128,16,1.000000e+00,1739,ff,738,360,24,bf_det_k16_l16_r16_c16_m3_w10g4_d32_s2_q2,3,75395,1.599690e+03
16qam,128,16,1.000000e+00,1739,bram,739,360,24,bf_det_k16_l16_r16_c16_m4_w10g4_d32_s2_q2,3,49,1.585840e+03
16qam,128,16,1.000000e+00,2681,dsp,740,360,80,bf_det_k16_l16_r4_c16_m4_w10g4_d64_s2_q2,3,208,2.307010e+03
16qam,128,16,1.000000e+00,2681,lut,741,360,80,bf_det_k16_l16_r4_c16_m3_w12g4_d32_s2_q2,3,97252,2.426520e+03
16qam,128,16,1.000000e+00,2681,ff,742,360,80,bf_det_k16_l16_r4_c16_m3_w10g4_d32_s2_q2,3,51312,2.367430e+03
16qam,128,16,1.000000e+00,2681,bram,743,360,80,bf_det_k16_l16_r16_c16_m4_w10g4_d32_s2_q2,3,49,1.585840e+03
16qam,128,16,1.000000e+00,4132,dsp,744,360,80,bf_det_k16_l16_r4_c16_m4_w10g4_d64_s2_q2,3,208,2.307010e+03
16qam,128,16,1.000000e+00,4132,lut,745,360,80,bf_det_k16_l16_r4_c16_m3_w12g4_d32_s2_q2,3,97252,2.426520e+03
16qam,128,16,1.000000e+00,4132,ff,746,360,80,bf_det_k16_l16_r4_c16_m3_w10g4_d32_s2_q2,3,51312,2.367430e+03
16qam,128,16,1.000000e+00,4132,bram,747,360,80,bf_det_k16_l16_r16_c16_m4_w10g4_d32_s2_q2,3,49,1.585840e+03
16qam,128,16,1.000000e+00,6369,dsp,748,360,154,bf_det_k16_l16_r1_c16_m4_w10g4_d64_s2_q2,3,112,4.928850e+03
16qam,128,16,1.000000e+00,6369,lut,749,360,154,bf_det_k16_l4_r16_c4_m3_w10g4_d32_s2_q2,3,46104,5.645800e+03
16qam,128,16,1.000000e+00,6369,ff,750,360,154,bf_det_k16_l4_r16_c4_m3_w10g4_d32_s2_q2,3,27056,5.645800e+03
16qam,128,16,1.000000e+00,6369,bram,751,360,154,bf_det_k16_l16_r16_c16_m4_w10g4_d32_s2_q2,3,49,1.585840e+03
16qam,128,16,1.000000e+00,9816,dsp,752,360,200,bf_det_k16_l4_r4_c4_m4_w10g4_d64_s2_q2,3,52,7.443350e+03
16qam,128,16,1.000000e+00,9816,lut,753,360,200,bf_det_k16_l4_r4_c4_m3_w10g4_d32_s2_q2,3,40261,7.670030e+03
16qam,128,16,1.000000e+00,9816,ff,754,360,200,bf_det_k16_l4_r4_c4_m3_w10g4_d32_s2_q2,3,21398,7.670030e+03
16qam,128,16,1.000000e+00,9816,bram,755,360,200,bf_det_k16_l16_r16_c16_m4_w10g4_d32_s2_q2,3,49,1.585840e+03
16qam,128,16,1.000000e+00,15130,dsp,756,360,240,bf_det_k16_l4_r1_c4_m4_w10g4_d64_s2_q2,3,28,1.152125e+04
16qam,128,16,1.000000e+00,15130,lut,757,360,240,bf_det_k16_l4_r1_c4_m3_w10g4_d32_s2_q2,3,38801,1.241295e+04
16qam,128,16,1.000000e+00,15130,ff,758,360,240,bf_det_k16_l4_r1_c4_m3_w10g4_d32_s2_q2,3,19983,1.241295e+04
16qam,128,16,1.000000e+00,15130,bram,759,360,240,bf_det_k16_l16_r16_c16_m4_w10g4_d32_s2_q2,3,49,1.585840e+03
16qam,128,16,1.000000e+00,23321,dsp,760,360,312,bf_det_k16_l4_r1_c4_m4_w10g4_d64_s2_q2,3,28,1.152125e+04
16qam,128,16,1.000000e+00,23321,lut,761,360,312,bf_det_k16_l1_r4_c4_m3_w10g4_d32_s2_q2,3,28375,2.102714e+04
16qam,128,16,1.000000e+00,23321,ff,762,360,312,bf_det_k16_l1_r4_c4_m3_w10g4_d32_s2_q2,3,15933,2.102714e+04
16qam,128,16,1.000000e+00,23321,bram,763,360,312,bf_det_k16_l1_r16_c4_m4_w10g4_d32_s2_q2,3,35,1.894749e+04
16qam,128,16,1.000000e+00,35947,dsp,764,360,360,bf_det_k16_l1_r1_c4_m4_w10g4_d64_s2_q2,3,13,2.807544e+04
16qam,128,16,1.000000e+00,35947,lut,765,360,360,bf_det_k16_l1_r1_c4_m3_w10g4_d32_s2_q2,3,26781,2.896713e+04
16qam,128,16,1.000000e+00,35947,ff,766,360,360,bf_det_k16_l1_r1_c4_m3_w10g4_d32_s2_q2,3,14518,2.896713e+04
16qam,128,16,1.000000e+00,35947,bram,767,360,360,bf_det_k16_l1_r16_c4_m4_w10g4_d32_s2_q2,3,35,1.894749e+04
64qam,32,4,2.500000e-01,1245,dsp,768,96,9,bf_det_k4_l16_r4_c16_m3_w16g4_d64_s2_q2,3,384,1.145590e+03
64qam,32,4,2.500000e-01,1245,lut,769,96,9,bf_det_k4_l16_r4_c16_m3_w14g8_d32_s2_q2,3,93755,1.200380e+03
64qam,32,4,2.500000e-01,1245,ff,770,96,9,bf_det_k4_l16_r4_c16_m3_w14g8_d32_s2_q2,3,59704,1.200380e+03
64qam,32,4,2.500000e-01,1245,bram,771,96,9,bf_det_k4_l16_r4_c16_m4_w14g8_d32_s2_q2,3,56,1.186530e+03
64qam,32,4,2.500000e-01,1858,dsp,772,96,28,bf_det_k4_l16_r1_c16_m3_w16g4_d64_s2_q2,3,240,1.626610e+03
64qam,32,4,2.500000e-01,1858,lut,773,96,28,bf_det_k4_l16_r4_c16_m3_w12g8_d32_s2_q2,4,86719,1.511240e+03
64qam,32,4,2.500000e-01,1858,ff,774,96,28,bf_det_k4_l16_r1_c16_m3_w14g8_d32_s2_q2,3,51262,1.681410e+03
64qam,32,4,2.500000e-01,1858,bram,775,96,28,bf_det_k4_l16_r4_c16_m4_w12g8_d32_s2_q2,4,48,1.492770e+03
64qam,32,4,2.500000e-01,2773,dsp,776,96,32,bf_det_k4_l16_r1_c16_m3_w16g4_d64_s2_q2,3,240,1.626610e+03
64qam,32,4,2.500000e-01,2773,lut,777,96,32,bf_det_k4_l16_r1_c16_m3_w12g8_d32_s2_q2,4,80322,2.152610e+03
64qam,32,4,2.500000e-01,2773,ff,778,96,32,bf_det_k4_l16_r1_c16_m3_w12g8_d32_s2_q2,4,45196,2.152610e+03
64qam,32,4,2.500000e-01,2773,bram,779,96,32,bf_det_k4_l16_r4_c16_m4_w12g8_d32_s2_q2,4,48,1.492770e+03
64qam,32,4,2.500000e-01,4137,dsp,780,96,50,bf_det_k4_l4_r1_c4_m3_w16g4_d64_s2_q2,3,60,4.065470e+03
64qam,32,4,2.500000e-01,4137,lut,781,96,50,bf_det_k4_l4_r1_c4_m4_w14g8_d32_s2_q2,3,29304,4.035900e+03
64qam,32,4,2.500000e-01,4137,ff,782,96,50,bf_det_k4_l4_r1_c4_m4_w14g8_d32_s2_q2,3,17523,4.035900e+03
64qam,32,4,2.500000e-01,4137,bram,783,96,50,bf_det_k4_l4_r4_c4_m4_w14g8_d32_s2_q2,3,20,3.860020e+03
64qam,32,4,2.500000e-01,6174,dsp,784,96,64,bf_det_k4_l4_r1_c4_m3_w16g4_d64_s2_q2,3,60,4.065470e+03
64qam,32,4,2.500000e-01,6174,lut,785,96,64,bf_det_k4_l4_r1_c4_m3_w12g8_d32_s2_q2,4,27368,5.388910e+03
64qam,32,4,2.500000e-01,6174,ff,786,96,64,bf_det_k4_l4_r1_c4_m3_w12g8_d32_s2_q2,4,15683,5.388910e+03
64qam,32,4,2.500000e-01,6174,bram,787,96,64,bf_det_k4_l4_r4_c4_m4_w12g8_d32_s2_q2,4,16,4.858850e+03
64qam,32,4,2.500000e-01,9212,dsp,788,96,64,bf_det_k4_l4_r1_c4_m3_w16g4_d64_s2_q2,3,60,4.065470e+03
64qam,32,4,2.500000e-01,9212,lut,789,96,64,bf_det_k4_l4_r1_c4_m3_w12g8_d32_s2_q2,4,27368,5.388910e+03
64qam,32,4,2.500000e-01,9212,ff,790,96,64,bf_det_k4_l4_r1_c4_m3_w12g8_d32_s2_q2,4,15683,5.388910e+03
64qam,32,4,2.500000e-01,9212,bram,791,96,64,bf_det_k4_l4_r4_c4_m4_w12g8_d32_s2_q2,4,16,4.858850e+03
64qam,32,4,2.500000e-01,13747,dsp,792,96,72,bf_det_k4_l4_r1_c4_m3_w16g4_d64_s2_q2,3,60,4.065470e+03
64qam,32,4,2.500000e-01,13747,lut,793,96,72,bf_det_k4_l1_r4_c4_m3_w14g8_d32_s2_q2,3,17503,1.367635e+04
64qam,32,4,2.500000e-01,13747,ff,794,96,72,bf_det_k4_l1_r4_c4_m3_w14g8_d32_s2_q2,3,11934,1.367635e+04
64qam,32,4,2.500000e-01,13747,bram,795,96,72,bf_det_k4_l1_r4_c4_m4_w14g8_d32_s2_q2,3,14,1.362093e+04
64qam,32,4,2.500000e-01,20513,dsp,796,96,96,bf_det_k4_l1_r1_c4_m3_w16g4_d64_s2_q2,3,24,1.405605e+04
64qam,32,4,2.500000e-01,20513,lut,797,96,96,bf_det_k4_l1_r1_c4_m3_w12g8_d32_s2_q2,4,14971,1.864765e+04
64qam,32,4,2.500000e-01,20513,ff,798,96,96,bf_det_k4_l1_r1_c4_m3_w12g8_d32_s2_q2,4,9417,1.864765e+04
64qam,32,4,2.500000e-01,20513,bram,799,96,96,bf_det_k4_l1_r4_c4_m4_w14g8_d32_s2_q2,3,14,1.362093e+04
64qam,32,4,5.000000e-01,1180,dsp,800,120,12,bf_det_k4_l16_r4_c16_m3_w14g4_d64_s2_q2,3,384,1.086490e+03
64qam,32,4,5.000000e-01,1180,lut,801,120,12,bf_det_k4_l16_r4_c16_m3_w12g8_d32_s2_q2,3,86719,1.141290e+03
64qam,32,4,5.000000e-01,1180,ff,802,120,12,bf_det_k4_l16_r4_c16_m3_w12g8_d32_s2_q2,3,52488,1.141290e+03
64qam,32,4,5.000000e-01,1180,bram,803,120,12,bf_det_k4_l16_r4_c16_m4_w12g8_d32_s2_q2,3,48,1.127440e+03
64qam,32,4,5.000000e-01,1729,dsp,804,120,38,bf_det_k4_l16_r1_c16_m3_w14g4_d64_s2_q2,3,240,1.567520e+03
64qam,32,4,5.000000e-01,1729,lut,805,120,38,bf_det_k4_l16_r1_c16_m3_w12g8_d32_s2_q2,3,80322,1.622310e+03
64qam,32,4,5.000000e-01,1729,ff,806,120,38,bf_det_k4_l16_r1_c16_m3_w12g8_d32_s2_q2,3,45196,1.622310e+03
64qam,32,4,5.000000e-01,1729,bram,807,120,38,bf_det_k4_l16_r4_c16_m4_w12g8_d32_s2_q2,3,48,1.127440e+03
64qam,32,4,5.000000e-01,2533,dsp,808,120,40,bf_det_k4_l16_r1_c16_m3_w14g4_d64_s2_q2,3,240,1.567520e+03
64qam,32,4,5.000000e-01,2533,lut,809,120,40,bf_det_k4_l16_r1_c16_m3_w12g8_d32_s2_q2,3,80322,1.622310e+03
64qam,32,4,5.000000e-01,2533,ff,810,120,40,bf_det_k4_l16_r1_c16_m3_w12g8_d32_s2_q2,3,45196,1.622310e+03
64qam,32,4,5.000000e-01,2533,bram,811,120,40,bf_det_k4_l16_r4_c16_m4_w12g8_d32_s2_q2,3,48,1.127440e+03
64qam,32,4,5.000000e-01,3711,dsp,812,120,50,bf_det_k4_l4_r1_c4_m4_w14g4_d64_s2_q2,3,64,3.647770e+03
64qam,32,4,5.000000e-01,3711,lut,813,120,50,bf_det_k4_l4_r1_c4_m4_w14g4_d32_s2_q2,3,28324,3.652770e+03
64qam,32,4,5.000000e-01,3711,ff,814,120,50,bf_det_k4_l4_r1_c4_m4_w14g4_d32_s2_q2,3,16785,3.652770e+03
64qam,32,4,5.000000e-01,3711,bram,815,120,50,bf_det_k4_l4_r4_c4_m4_w12g8_d32_s2_q2,3,16,3.664000e+03
64qam,32,4,5.000000e-01,5437,dsp,816,120,80,bf_det_k4_l4_r1_c4_m3_w14g4_d64_s2_q2,3,60,3.869440e+03
64qam,32,4,5.000000e-01,5437,lut,817,120,80,bf_det_k4_l4_r1_c4_m3_w12g8_d32_s2_q2,3,27368,4.061540e+03
64qam,32,4,5.000000e-01,5437,ff,818,120,80,bf_det_k4_l4_r1_c4_m3_w12g8_d32_s2_q2,3,15683,4.061540e+03
64qam,32,4,5.000000e-01,5437,bram,819,120,80,bf_det_k4_l4_r4_c4_m4_w12g8_d32_s2_q2,3,16,3.664000e+03
64qam,32,4,5.000000e-01,7965,dsp,820,120,80,bf_det_k4_l4_r1_c4_m3_w14g4_d64_s2_q2,3,60,3.869440e+03
64qam,32,4,5.000000e-01,7965,lut,821,120,80,bf_det_k4_l4_r1_c4_m3_w12g8_d32_s2_q2,3,27368,4.061540e+03
64qam,32,4,5.000000e-01,7965,ff,822,120,80,bf_det_k4_l4_r1_c4_m3_w12g8_d32_s2_q2,3,15683,4.061540e+03
64qam,32,4,5.000000e-01,7965,bram,823,120,80,bf_det_k4_l4_r4_c4_m4_w12g8_d32_s2_q2,3,16,3.664000e+03
64qam,32,4,5.000000e-01,11669,dsp,824,120,80,bf_det_k4_l4_r1_c4_m3_w14g4_d64_s2_q2,3,60,3.869440e+03
64qam,32,4,5.000000e-01,11669,lut,825,120,80,bf_det_k4_l4_r1_c4_m3_w12g8_d32_s2_q2,3,27368,4.061540e+03
64qam,32,4,5.000000e-01,11669,ff,826,120,80,bf_det_k4_l4_r1_c4_m3_w12g8_d32_s2_q2,3,15683,4.061540e+03
64qam,32,4,5.000000e-01,11669,bram,827,120,80,bf_det_k4_l4_r4_c4_m4_w12g8_d32_s2_q2,3,16,3.664000e+03
64qam,32,4,5.000000e-01,17096,dsp,828,120,120,bf_det_k4_l1_r1_c4_m3_w14g4_d64_s2_q2,3,24,1.331229e+04
64qam,32,4,5.000000e-01,17096,lut,829,120,120,bf_det_k4_l1_r1_c4_m3_w12g8_d32_s2_q2,3,14971,1.405359e+04
64qam,32,4,5.000000e-01,17096,ff,830,120,120,bf_det_k4_l1_r1_c4_m3_w12g8_d32_s2_q2,3,9417,1.405359e+04
64qam,32,4,5.000000e-01,17096,bram,831,120,120,bf_det_k4_l1_r4_c4_m4_w14g4_d32_s2_q2,3,14,1.214087e+04
64qam,32,4,1.000000e+00,1180,dsp,800,120,12,bf_det_k4_l16_r4_c16_m3_w14g4_d64_s2_q2,3,384,1.086490e+03
64qam,32,4,1.000000e+00,1180,lut,801,120,12,bf_det_k4_l16_r4_c16_m3_w12g8_d32_s2_q2,3,86719,1.141290e+03
64qam,32,4,1.000000e+00,1180,ff,802,120,12,bf_det_k4_l16_r4_c16_m3_w12g8_d32_s2_q2,3,52488,1.141290e+03
64qam,32,4,1.000000e+00,1180,bram,803,120,12,bf_det_k4_l16_r4_c16_m4_w12g8_d32_s2_q2,3,48,1.127440e+03
64qam,32,4,1.000000e+00,1729,dsp,804,120,38,bf_det_k4_l16_r1_c16_m3_w14g4_d64_s2_q2,3,240,1.567520e+03
64qam,32,4,1.000000e+00,1729,lut,805,120,38,bf_det_k4_l16_r1_c16_m3_w12g8_d32_s2_q2,3,80322,1.622310e+03
64qam,32,4,1.000000e+00,1729,ff,806,120,38,bf_det_k4_l16_r1_c16_m3_w12g8_d32_s2_q2,3,45196,1.622310e+03
64qam,32,4,1.000000e+00,1729,bram,807,120,38,bf_det_k4_l16_r4_c16_m4_w12g8_d32_s2_q2,3,48,1.127440e+03
64qam,32,4,1.000000e+00,2533,dsp,808,120,40,bf_det_k4_l16_r1_c16_m3_w14g4_d64_s2_q2,3,240,1.567520e+03
64qam,32,4,1.000000e+00,2533,lut,809,120,40,bf_det_k4_l16_r1_c16_m3_w12g8_d32_s2_q2,3,80322,1.622310e+03
64qam,32,4,1.000000e+00,2533,ff,810,120,40,bf_det_k4_l16_r1_c16_m3_w12g8_d32_s2_q2,3,45196,1.622310e+03
64qam,32,4,1.000000e+00,2533,bram,811,120,40,bf_det_k4_l16_r4_c16_m4_w12g8_d32_s2_q2,3,48,1.127440e+03
64qam,32,4,1.000000e+00,3711,dsp,812,120,50,bf_det_k4_l4_r1_c4_m4_w14g4_d64_s2_q2,3,64,3.647770e+03
64qam,32,4,1.000000e+00,3711,lut,813,120,50,bf_det_k4_l4_r1_c4_m4_w14g4_d32_s2_q2,3,28324,3.652770e+03
64qam,32,4,1.000000e+00,3711,ff,814,120,50,bf_det_k4_l4_r1_c4_m4_w14g4_d32_s2_q2,3,16785,3.652770e+03
64qam,32,4,1.000000e+00,3711,bram,815,120,50,bf_det_k4_l4_r4_c4_m4_w12g8_d32_s2_q2,3,16,3.664000e+03
64qam,32,4,1.000000e+00,5437,dsp,816,120,80,bf_det_k4_l4_r1_c4_m3_w14g4_d64_s2_q2,3,60,3.869440e+03
64qam,32,4,1.000000e+00,5437,lut,817,120,80,bf_det_k4_l4_r1_c4_m3_w12g8_d32_s2_q2,3,27368,4.061540e+03
64qam,32,4,1.000000e+00,5437,ff,818,120,80,bf_det_k4_l4_r1_c4_m3_w12g8_d32_s2_q2,3,15683,4.061540e+03
64qam,32,4,1.000000e+00,5437,bram,819,120,80,bf_det_k4_l4_r4_c4_m4_w12g8_d32_s2_q2,3,16,3.664000e+03
64qam,32,4,1.000000e+00,7965,dsp,820,120,80,bf_det_k4_l4_r1_c4_m3_w14g4_d64_s2_q2,3,60,3.869440e+03
64qam,32,4,1.000000e+00,7965,lut,821,120,80,bf_det_k4_l4_r1_c4_m3_w12g8_d32_s2_q2,3,27368,4.061540e+03
64qam,32,4,1.000000e+00,7965,ff,822,120,80,bf_det_k4_l4_r1_c4_m3_w12g8_d32_s2_q2,3,15683,4.061540e+03
64qam,32,4,1.000000e+00,7965,bram,823,120,80,bf_det_k4_l4_r4_c4_m4_w12g8_d32_s2_q2,3,16,3.664000e+03
64qam,32,4,1.000000e+00,11669,dsp,824,120,80,bf_det_k4_l4_r1_c4_m3_w14g4_d64_s2_q2,3,60,3.869440e+03
64qam,32,4,1.000000e+00,11669,lut,825,120,80,bf_det_k4_l4_r1_c4_m3_w12g8_d32_s2_q2,3,27368,4.061540e+03
64qam,32,4,1.000000e+00,11669,ff,826,120,80,bf_det_k4_l4_r1_c4_m3_w12g8_d32_s2_q2,3,15683,4.061540e+03
64qam,32,4,1.000000e+00,11669,bram,827,120,80,bf_det_k4_l4_r4_c4_m4_w12g8_d32_s2_q2,3,16,3.664000e+03
64qam,32,4,1.000000e+00,17096,dsp,828,120,120,bf_det_k4_l1_r1_c4_m3_w14g4_d64_s2_q2,3,24,1.331229e+04
64qam,32,4,1.000000e+00,17096,lut,829,120,120,bf_det_k4_l1_r1_c4_m3_w12g8_d32_s2_q2,3,14971,1.405359e+04
64qam,32,4,1.000000e+00,17096,ff,830,120,120,bf_det_k4_l1_r1_c4_m3_w12g8_d32_s2_q2,3,9417,1.405359e+04
64qam,32,4,1.000000e+00,17096,bram,831,120,120,bf_det_k4_l1_r4_c4_m4_w14g4_d32_s2_q2,3,14,1.214087e+04
64qam,32,8,2.500000e-01,2902,dsp,832,108,12,bf_det_k8_l16_r8_c16_m3_w16g4_d64_s2_q2,6,576,2.665850e+03
64qam,32,8,2.500000e-01,2902,lut,833,108,12,bf_det_k8_l16_r8_c16_m3_w14g8_d32_s2_q2,6,107339,2.770680e+03
64qam,32,8,2.500000e-01,2902,ff,834,108,12,bf_det_k8_l16_r8_c16_m3_w14g8_d32_s2_q2,6,72374,2.770680e+03
64qam,32,8,2.500000e-01,2902,bram,835,108,12,bf_det_k8_l16_r8_c16_m4_w14g8_d32_s2_q2,6,63,2.742970e+03
64qam,32,8,2.500000e-01,4287,dsp,836,108,24,bf_det_k8_l16_r4_c16_m3_w16g4_d64_s2_q2,6,384,3.081670e+03
64qam,32,8,2.500000e-01,4287,lut,837,108,24,bf_det_k8_l16_r4_c16_m3_w14g8_d32_s2_q2,6,98070,3.186510e+03
64qam,32,8,2.500000e-01,4287,ff,838,108,24,bf_det_k8_l16_r4_c16_m3_w14g8_d32_s2_q2,6,61343,3.186510e+03
64qam,32,8,2.500000e-01,4287,bram,839,108,24,bf_det_k8_l16_r8_c16_m4_w14g8_d32_s2_q2,6,63,2.742970e+03
64qam,32,8,2.500000e-01,6331,dsp,840,108,36,bf_det_k8_l16_r1_c16_m3_w16g4_d64_s2_q2,6,240,5.293770e+03
64qam,32,8,2.500000e-01,6331,lut,841,108,36,bf_det_k8_l16_r1_c16_m3_w14g8_d32_s2_q2,6,91119,5.398600e+03
64qam,32,8,2.500000e-01,6331,ff,842,108,36,bf_det_k8_l16_r1_c16_m3_w14g8_d32_s2_q2,6,52901,5.398600e+03
64qam,32,8,2.500000e-01,6331,bram,843,108,36,bf_det_k8_l16_r8_c16_m4_w14g8_d32_s2_q2,6,63,2.742970e+03
64qam,32,8,2.500000e-01,9350,dsp,844,108,42,bf_det_k8_l4_r8_c4_m3_w16g4_d64_s2_q2,6,144,8.978150e+03
64qam,32,8,2.500000e-01,9350,lut,845,108,42,bf_det_k8_l4_r8_c4_m4_w14g8_d32_s2_q2,6,37802,9.246750e+03
64qam,32,8,2.500000e-01,9350,ff,846,108,42,bf_det_k8_l4_r8_c4_m3_w16g4_d32_s2_q2,6,25074,8.983150e+03
64qam,32,8,2.500000e-01,9350,bram,847,108,42,bf_det_k8_l4_r8_c4_m4_w14g8_d32_s2_q2,6,27,9.246750e+03
64qam,32,8,2.500000e-01,13809,dsp,848,108,72,bf_det_k8_l4_r1_c4_m3_w16g4_d64_s2_q2,6,60,1.240975e+04
64qam,32,8,2.500000e-01,13809,lut,849,108,72,bf_det_k8_l4_r1_c4_m3_w14g8_d32_s2_q2,6,33601,1.278919e+04
64qam,32,8,2.500000e-01,13809,ff,850,108,72,bf_det_k8_l4_r1_c4_m3_w14g8_d32_s2_q2,6,18891,1.278919e+04
64qam,32,8,2.500000e-01,13809,bram,851,108,72,bf_det_k8_l4_r8_c4_m4_w14g8_d32_s2_q2,6,27,9.246750e+03
64qam,32,8,2.500000e-01,20395,dsp,852,108,72,bf_det_k8_l4_r1_c4_m3_w16g4_d64_s2_q2,6,60,1.240975e+04
64qam,32,8,2.500000e-01,20395,lut,853,108,72,bf_det_k8_l4_r1_c4_m3_w14g8_d32_s2_q2,6,33601,1.278919e+04
64qam,32,8,2.500000e-01,20395,ff,854,108,72,bf_det_k8_l4_r1_c4_m3_w14g8_d32_s2_q2,6,18891,1.278919e+04
64qam,32,8,2.500000e-01,20395,bram,855,108,72,bf_det_k8_l4_r8_c4_m4_w14g8_d32_s2_q2,6,27,9.246750e+03
64qam,32,8,2.500000e-01,30122,dsp,856,108,72,bf_det_k8_l4_r1_c4_m3_w16g4_d64_s2_q2,6,60,1.240975e+04
64qam,32,8,2.500000e-01,30122,lut,857,108,72,bf_det_k8_l4_r1_c4_m3_w14g8_d32_s2_q2,6,33601,1.278919e+04
64qam,32,8,2.500000e-01,30122,ff,858,108,72,bf_det_k8_l4_r1_c4_m3_w14g8_d32_s2_q2,6,18891,1.278919e+04
64qam,32,8,2.500000e-01,30122,bram,859,108,72,bf_det_k8_l4_r8_c4_m4_w14g8_d32_s2_q2,6,27,9.246750e+03
64qam,32,8,2.500000e-01,44488,dsp,860,108,108,bf_det_k8_l1_r1_c4_m3_w16g4_d64_s2_q2,6,24,3.747820e+04
64qam,32,8,2.500000e-01,44488,lut,861,108,108,bf_det_k8_l1_r1_c4_m3_w14g8_d32_s2_q2,6,19779,3.895604e+04
64qam,32,8,2.500000e-01,44488,ff,862,108,108,bf_det_k8_l1_r1_c4_m3_w14g8_d32_s2_q2,6,11633,3.895604e+04
64qam,32,8,2.500000e-01,44488,bram,863,108,108,bf_det_k8_l1_r8_c4_m4_w14g8_d32_s2_q2,6,21,3.224371e+04
64qam,32,8,5.000000e-01,2773,dsp,96,180,16,bf_det_k8_l16_r8_c16_m3_w14g4_d64_s2_q2,6,576,2.547900e+03
64qam,32,8,5.000000e-01,2773,lut,97,180,16,bf_det_k8_l16_r8_c16_m3_w12g8_d32_s2_q2,6,99170,2.652730e+03
64qam,32,8,5.000000e-01,2773,ff,98,180,16,bf_det_k8_l16_r8_c16_m3_w12g8_d32_s2_q2,6,63447,2.652730e+03
64qam,32,8,5.000000e-01,2773,bram,99,180,16,bf_det_k8_l16_r8_c16_m4_w12g8_d32_s2_q2,6,54,2.625030e+03
64qam,32,8,5.000000e-01,4122,dsp,100,180,40,bf_det_k8_l16_r4_c16_m3_w14g4_d64_s2_q2,6,384,2.963720e+03
64qam,32,8,5.000000e-01,4122,lut,101,180,40,bf_det_k8_l16_r4_c16_m3_w12g8_d32_s2_q2,6,90641,3.068560e+03
64qam,32,8,5.000000e-01,4122,ff,102,180,40,bf_det_k8_l16_r4_c16_m3_w12g8_d32_s2_q2,6,53918,3.068560e+03
64qam,32,8,5.000000e-01,4122,bram,103,180,40,bf_det_k8_l16_r8_c16_m4_w12g8_d32_s2_q2,6,54,2.625030e+03
64qam,32,8,5.000000e-01,6127,dsp,104,180,60,bf_det_k8_l16_r1_c16_m3_w14g4_d64_s2_q2,6,240,5.175820e+03
64qam,32,8,5.000000e-01,6127,lut,105,180,60,bf_det_k8_l16_r1_c16_m3_w12g8_d32_s2_q2,6,84244,5.280650e+03
64qam,32,8,5.000000e-01,6127,ff,106,180,60,bf_det_k8_l16_r1_c16_m3_w12g8_d32_s2_q2,6,46626,5.280650e+03
64qam,32,8,5.000000e-01,6127,bram,107,180,60,bf_det_k8_l16_r8_c16_m4_w12g8_d32_s2_q2,6,54,2.625030e+03
64qam,32,8,5.000000e-01,9109,dsp,108,180,72,bf_det_k8_l4_r8_c4_m3_w14g4_d64_s2_q2,6,144,8.586340e+03
64qam,32,8,5.000000e-01,9109,lut,109,180,72,bf_det_k8_l4_r8_c4_m3_w12g8_d32_s2_q2,6,35022,8.965770e+03
64qam,32,8,5.000000e-01,9109,ff,110,180,72,bf_det_k8_l4_r8_c4_m3_w12g8_d32_s2_q2,6,21029,8.965770e+03
64qam,32,8,5.000000e-01,9109,bram,111,180,72,bf_det_k8_l4_r8_c4_m4_w12g8_d32_s2_q2,6,22,8.854930e+03
64qam,32,8,5.000000e-01,13541,dsp,112,180,120,bf_det_k8_l4_r1_c4_m3_w14g4_d64_s2_q2,6,60,1.201793e+04
64qam,32,8,5.000000e-01,13541,lut,113,180,120,bf_det_k8_l4_r1_c4_m3_w12g8_d32_s2_q2,6,31290,1.239737e+04
64qam,32,8,5.000000e-01,13541,ff,114,180,120,bf_det_k8_l4_r1_c4_m3_w12g8_d32_s2_q2,6,17114,1.239737e+04
64qam,32,8,5.000000e-01,13541,bram,115,180,120,bf_det_k8_l4_r8_c4_m4_w12g8_d32_s2_q2,6,22,8.854930e+03
64qam,32,8,5.000000e-01,20130,dsp,116,180,120,bf_det_k8_l4_r1_c4_m3_w14g4_d64_s2_q2,6,60,1.201793e+04
64qam,32,8,5.000000e-01,20130,lut,117,180,120,bf_det_k8_l4_r1_c4_m3_w12g8_d32_s2_q2,6,31290,1.239737e+04
64qam,32,8,5.000000e-01,20130,ff,118,180,120,bf_det_k8_l4_r1_c4_m3_w12g8_d32_s2_q2,6,17114,1.239737e+04
64qam,32,8,5.000000e-01,20130,bram,119,180,120,bf_det_k8_l4_r8_c4_m4_w12g8_d32_s2_q2,6,22,8.854930e+03
64qam,32,8,5.000000e-01,29926,dsp,120,180,124,bf_det_k8_l4_r1_c4_m3_w14g4_d64_s2_q2,6,60,1.201793e+04
64qam,32,8,5.000000e-01,29926,lut,121,180,124,bf_det_k8_l1_r8_c4_m3_w14g4_d32_s2_q2,6,23796,2.939443e+04
64qam,32,8,5.000000e-01,29926,ff,122,180,124,bf_det_k8_l1_r8_c4_m3_w14g4_d32_s2_q2,6,15944,2.939443e+04
64qam,32,8,5.000000e-01,29926,bram,123,180,124,bf_det_k8_l1_r8_c4_m4_w14g4_d32_s2_q2,6,21,2.928359e+04
64qam,32,8,5.000000e-01,44488,dsp,124,180,180,bf_det_k8_l1_r1_c4_m3_w14g4_d64_s2_q2,6,24,3.599091e+04
64qam,32,8,5.000000e-01,44488,lut,125,180,180,bf_det_k8_l1_r1_c4_m3_w12g8_d32_s2_q2,6,18749,3.746875e+04
64qam,32,8,5.000000e-01,44488,ff,126,180,180,bf_det_k8_l1_r1_c4_m3_w12g8_d32_s2_q2,6,10848,3.746875e+04
64qam,32,8,5.000000e-01,44488,bram,127,180,180,bf_det_k8_l1_r8_c4_m4_w12g8_d32_s2_q2,6,20,3.075642e+04
64qam,32,8,1.000000e+00,2773,dsp,96,180,16,bf_det_k8_l16_r8_c16_m3_w14g4_d64_s2_q2,6,576,2.547900e+03
64qam,32,8,1.000000e+00,2773,lut,97,180,16,bf_det_k8_l16_r8_c16_m3_w12g8_d32_s2_q2,6,99170,2.652730e+03
64qam,32,8,1.000000e+00,2773,ff,98,180,16,bf_det_k8_l16_r8_c16_m3_w12g8_d32_s2_q2,6,63447,2.652730e+03
64qam,32,8,1.000000e+00,2773,bram,99,180,16,bf_det_k8_l16_r8_c16_m4_w12g8_d32_s2_q2,6,54,2.625030e+03
64qam,32,8,1.000000e+00,4122,dsp,100,180,40,bf_det_k8_l16_r4_c16_m3_w14g4_d64_s2_q2,6,384,2.963720e+03
64qam,32,8,1.000000e+00,4122,lut,101,180,40,bf_det_k8_l16_r4_c16_m3_w12g8_d32_s2_q2,6,90641,3.068560e+03
64qam,32,8,1.000000e+00,4122,ff,102,180,40,bf_det_k8_l16_r4_c16_m3_w12g8_d32_s2_q2,6,53918,3.068560e+03
64qam,32,8,1.000000e+00,4122,bram,103,180,40,bf_det_k8_l16_r8_c16_m4_w12g8_d32_s2_q2,6,54,2.625030e+03
64qam,32,8,1.000000e+00,6127,dsp,104,180,60,bf_det_k8_l16_r1_c16_m3_w14g4_d64_s2_q2,6,240,5.175820e+03
64qam,32,8,1.000000e+00,6127,lut,105,180,60,bf_det_k8_l16_r1_c16_m3_w12g8_d32_s2_q2,6,84244,5.280650e+03
64qam,32,8,1.000000e+00,6127,ff,106,180,60,bf_det_k8_l16_r1_c16_m3_w12g8_d32_s2_q2,6,46626,5.280650e+03
64qam,32,8,1.000000e+00,6127,bram,107,180,60,bf_det_k8_l16_r8_c16_m4_w12g8_d32_s2_q2,6,54,2.625030e+03
64qam,32,8,1.000000e+00,9109,dsp,108,180,72,bf_det_k8_l4_r8_c4_m3_w14g4_d64_s2_q2,6,144,8.586340e+03
64qam,32,8,1.000000e+00,9109,lut,109,180,72,bf_det_k8_l4_r8_c4_m3_w12g8_d32_s2_q2,6,35022,8.965770e+03
64qam,32,8,1.000000e+00,9109,ff,110,180,72,bf_det_k8_l4_r8_c4_m3_w12g8_d32_s2_q2,6,21029,8.965770e+03
64qam,32,8,1.000000e+00,9109,bram,111,180,72,bf_det_k8_l4_r8_c4_m4_w12g8_d32_s2_q2,6,22,8.854930e+03
64qam,32,8,1.000000e+00,13541,dsp,112,180,120,bf_det_k8_l4_r1_c4_m3_w14g4_d64_s2_q2,6,60,1.201793e+04
64qam,32,8,1.000000e+00,13541,lut,113,180,120,bf_det_k8_l4_r1_c4_m3_w12g8_d32_s2_q2,6,31290,1.239737e+04
64qam,32,8,1.000000e+00,13541,ff,114,180,120,bf_det_k8_l4_r1_c4_m3_w12g8_d32_s2_q2,6,17114,1.239737e+04
64qam,32,8,1.000000e+00,13541,bram,115,180,120,bf_det_k8_l4_r8_c4_m4_w12g8_d32_s2_q2,6,22,8.854930e+03
64qam,32,8,1.000000e+00,20130,dsp,116,180,120,bf_det_k8_l4_r1_c4_m3_w14g4_d64_s2_q2,6,60,1.201793e+04
64qam,32,8,1.000000e+00,20130,lut,117,180,120,bf_det_k8_l4_r1_c4_m3_w12g8_d32_s2_q2,6,31290,1.239737e+04
64qam,32,8,1.000000e+00,20130,ff,118,180,120,bf_det_k8_l4_r1_c4_m3_w12g8_d32_s2_q2,6,17114,1.239737e+04
64qam,32,8,1.000000e+00,20130,bram,119,180,120,bf_det_k8_l4_r8_c4_m4_w12g8_d32_s2_q2,6,22,8.854930e+03
64qam,32,8,1.000000e+00,29926,dsp,120,180,124,bf_det_k8_l4_r1_c4_m3_w14g4_d64_s2_q2,6,60,1.201793e+04
64qam,32,8,1.000000e+00,29926,lut,121,180,124,bf_det_k8_l1_r8_c4_m3_w14g4_d32_s2_q2,6,23796,2.939443e+04
64qam,32,8,1.000000e+00,29926,ff,122,180,124,bf_det_k8_l1_r8_c4_m3_w14g4_d32_s2_q2,6,15944,2.939443e+04
64qam,32,8,1.000000e+00,29926,bram,123,180,124,bf_det_k8_l1_r8_c4_m4_w14g4_d32_s2_q2,6,21,2.928359e+04
64qam,32,8,1.000000e+00,44488,dsp,124,180,180,bf_det_k8_l1_r1_c4_m3_w14g4_d64_s2_q2,6,24,3.599091e+04
64qam,32,8,1.000000e+00,44488,lut,125,180,180,bf_det_k8_l1_r1_c4_m3_w12g8_d32_s2_q2,6,18749,3.746875e+04
64qam,32,8,1.000000e+00,44488,ff,126,180,180,bf_det_k8_l1_r1_c4_m3_w12g8_d32_s2_q2,6,10848,3.746875e+04
64qam,32,8,1.000000e+00,44488,bram,127,180,180,bf_det_k8_l1_r8_c4_m4_w12g8_d32_s2_q2,6,20,3.075642e+04
64qam,32,16,2.500000e-01,7709,dsp,864,72,8,bf_det_k16_l16_r16_c16_m3_w14g8_d64_s2_q2,12,960,7.063070e+03
64qam,32,16,2.500000e-01,7709,lut,865,72,8,bf_det_k16_l16_r16_c16_m3_w14g8_d32_s2_q2,12,136846,7.068070e+03
64qam,32,16,2.500000e-01,7709,ff,866,72,8,bf_det_k16_l16_r16_c16_m3_w14g8_d32_s2_q2,12,100505,7.068070e+03
64qam,32,16,2.500000e-01,7709,bram,867,72,8,bf_det_k16_l16_r16_c16_m4_w14g8_d32_s2_q2,12,69,7.012650e+03
64qam,32,16,2.500000e-01,11669,dsp,868,72,16,bf_det_k16_l16_r4_c16_m3_w14g8_d64_s2_q2,12,384,1.013401e+04
64qam,32,16,2.500000e-01,11669,lut,869,72,16,bf_det_k16_l16_r4_c16_m3_w14g8_d32_s2_q2,12,109039,1.013901e+04
64qam,32,16,2.500000e-01,11669,ff,870,72,16,bf_det_k16_l16_r4_c16_m3_w14g8_d32_s2_q2,12,67414,1.013901e+04
64qam,32,16,2.500000e-01,11669,bram,871,72,16,bf_det_k16_l16_r16_c16_m4_w14g8_d32_s2_q2,12,69,7.012650e+03
64qam,32,16,2.500000e-01,17662,dsp,872,72,16,bf_det_k16_l16_r4_c16_m3_w14g8_d64_s2_q2,12,384,1.013401e+04
64qam,32,16,2.500000e-01,17662,lut,873,72,16,bf_det_k16_l16_r4_c16_m3_w14g8_d32_s2_q2,12,109039,1.013901e+04
64qam,32,16,2.500000e-01,17662,ff,874,72,16,bf_det_k16_l16_r4_c16_m3_w14g8_d32_s2_q2,12,67414,1.013901e+04
64qam,32,16,2.500000e-01,17662,bram,875,72,16,bf_det_k16_l16_r16_c16_m4_w14g8_d32_s2_q2,12,69,7.012650e+03
64qam,32,16,2.500000e-01,26735,dsp,876,72,32,bf_det_k16_l16_r1_c16_m3_w14g8_d64_s2_q2,12,240,2.128639e+04
64qam,32,16,2.500000e-01,26735,lut,877,72,32,bf_det_k16_l4_r16_c4_m3_w14g8_d32_s2_q2,12,52363,2.486902e+04
64qam,32,16,2.500000e-01,26735,ff,878,72,32,bf_det_k16_l4_r16_c4_m3_w14g8_d32_s2_q2,12,34668,2.486902e+04
64qam,32,16,2.500000e-01,26735,bram,879,72,32,bf_det_k16_l4_r16_c4_m4_w14g8_d32_s2_q2,12,65,2.464735e+04
64qam,32,16,2.500000e-01,40469,dsp,880,72,40,bf_det_k16_l4_r4_c4_m3_w14g8_d64_s2_q2,12,96,3.296094e+04
64qam,32,16,2.500000e-01,40469,lut,881,72,40,bf_det_k16_l4_r4_c4_m3_w14g8_d32_s2_q2,12,45412,3.296594e+04
64qam,32,16,2.500000e-01,40469,ff,882,72,40,bf_det_k16_l4_r4_c4_m3_w14g8_d32_s2_q2,12,26902,3.296594e+04
64qam,32,16,2.500000e-01,40469,bram,883,72,40,bf_det_k16_l4_r16_c4_m4_w14g8_d32_s2_q2,12,65,2.464735e+04
64qam,32,16,2.500000e-01,61257,dsp,884,72,48,bf_det_k16_l4_r1_c4_m3_w14g8_d64_s2_q2,12,60,5.193261e+04
64qam,32,16,2.500000e-01,61257,lut,885,72,48,bf_det_k16_l4_r1_c4_m3_w14g8_d32_s2_q2,12,43674,5.193761e+04
64qam,32,16,2.500000e-01,61257,ff,886,72,48,bf_det_k16_l4_r1_c4_m3_w14g8_d32_s2_q2,12,24961,5.193761e+04
64qam,32,16,2.500000e-01,61257,bram,887,72,48,bf_det_k16_l4_r16_c4_m4_w14g8_d32_s2_q2,12,65,2.464735e+04
64qam,32,16,2.500000e-01,92724,dsp,888,72,58,bf_det_k16_l4_r1_c4_m3_w14g8_d64_s2_q2,12,60,5.193261e+04
64qam,32,16,2.500000e-01,92724,lut,889,72,58,bf_det_k16_l1_r4_c4_m4_w14g8_d32_s2_q2,12,32132,9.197376e+04
64qam,32,16,2.500000e-01,92724,ff,890,72,58,bf_det_k16_l1_r4_c4_m4_w14g8_d32_s2_q2,12,20728,9.197376e+04
64qam,32,16,2.500000e-01,92724,bram,891,72,58,bf_det_k16_l1_r16_c4_m4_w14g8_d32_s2_q2,12,39,8.454186e+04
64qam,32,16,2.500000e-01,140355,dsp,892,72,72,bf_det_k16_l1_r1_c4_m3_w14g8_d64_s2_q2,12,24,1.246154e+05
64qam,32,16,2.500000e-01,140355,lut,893,72,72,bf_det_k16_l1_r1_c4_m3_w14g8_d32_s2_q2,12,30188,1.246204e+05
64qam,32,16,2.500000e-01,140355,ff,894,72,72,bf_det_k16_l1_r1_c4_m3_w14g8_d32_s2_q2,12,17702,1.246204e+05
64qam,32,16,2.500000e-01,140355,bram,895,72,72,bf_det_k16_l1_r16_c4_m4_w14g8_d32_s2_q2,12,39,8.454186e+04
64qam,32,16,5.000000e-01,7709,dsp,864,72,8,bf_det_k16_l16_r16_c16_m3_w14g8_d64_s2_q2,12,960,7.063070e+03
64qam,32,16,5.000000e-01,7709,lut,865,72,8,bf_det_k16_l16_r16_c16_m3_w14g8_d32_s2_q2,12,136846,7.068070e+03
64qam,32,16,5.000000e-01,7709,ff,866,72,8,bf_det_k16_l16_r16_c16_m3_w14g8_d32_s2_q2,12,100505,7.068070e+03
64qam,32,16,5.000000e-01,7709,bram,867,72,8,bf_det_k16_l16_r16_c16_m4_w14g8_d32_s2_q2,12,69,7.012650e+03
64qam,32,16,5.000000e-01,11669,dsp,868,72,16,bf_det_k16_l16_r4_c16_m3_w14g8_d64_s2_q2,12,384,1.013401e+04
64qam,32,16,5.000000e-01,11669,lut,869,72,16,bf_det_k16_l16_r4_c16_m3_w14g8_d32_s2_q2,12,109039,1.013901e+04
64qam,32,16,5.000000e-01,11669,ff,870,72,16,bf_det_k16_l16_r4_c16_m3_w14g8_d32_s2_q2,12,67414,1.013901e+04
64qam,32,16,5.000000e-01,11669,bram,871,72,16,bf_det_k16_l16_r16_c16_m4_w14g8_d32_s2_q2,12,69,7.012650e+03
64qam,32,16,5.000000e-01,17662,dsp,872,72,16,bf_det_k16_l16_r4_c16_m3_w14g8_d64_s2_q2,12,384,1.013401e+04
64qam,32,16,5.000000e-01,17662,lut,873,72,16,bf_det_k16_l16_r4_c16_m3_w14g8_d32_s2_q2,12,109039,1.013901e+04
64qam,32,16,5.000000e-01,17662,ff,874,72,16,bf_det_k16_l16_r4_c16_m3_w14g8_d32_s2_q2,12,67414,1.013901e+04
64qam,32,16,5.000000e-01,17662,bram,875,72,16,bf_det_k16_l16_r16_c16_m4_w14g8_d32_s2_q2,12,69,7.012650e+03
64qam,32,16,5.000000e-01,26735,dsp,876,72,32,bf_det_k16_l16_r1_c16_m3_w14g8_d64_s2_q2,12,240,2.128639e+04
64qam,32,16,5.000000e-01,26735,lut,877,72,32,bf_det_k16_l4_r16_c4_m3_w14g8_d32_s2_q2,12,52363,2.486902e+04
64qam,32,16,5.000000e-01,26735,ff,878,72,32,bf_det_k16_l4_r16_c4_m3_w14g8_d32_s2_q2,12,34668,2.486902e+04
64qam,32,16,5.000000e-01,26735,bram,879,72,32,bf_det_k16_l4_r16_c4_m4_w14g8_d32_s2_q2,12,65,2.464735e+04
64qam,32,16,5.000000e-01,40469,dsp,880,72,40,bf_det_k16_l4_r4_c4_m3_w14g8_d64_s2_q2,12,96,3.296094e+04
64qam,32,16,5.000000e-01,40469,lut,881,72,40,bf_det_k16_l4_r4_c4_m3_w14g8_d32_s2_q2,12,45412,3.296594e+04
64qam,32,16,5.000000e-01,40469,ff,882,72,40,bf_det_k16_l4_r4_c4_m3_w14g8_d32_s2_q2,12,26902,3.296594e+04
64qam,32,16,5.000000e-01,40469,bram,883,72,40,bf_det_k16_l4_r16_c4_m4_w14g8_d32_s2_q2,12,65,2.464735e+04
64qam,32,16,5.000000e-01,61257,dsp,884,72,48,bf_det_k16_l4_r1_c4_m3_w14g8_d64_s2_q2,12,60,5.193261e+04
64qam,32,16,5.000000e-01,61257,lut,885,72,48,bf_det_k16_l4_r1_c4_m3_w14g8_d32_s2_q2,12,43674,5.193761e+04
64qam,32,16,5.000000e-01,61257,ff,886,72,48,bf_det_k16_l4_r1_c4_m3_w14g8_d32_s2_q2,12,24961,5.193761e+04
64qam,32,16,5.000000e-01,61257,bram,887,72,48,bf_det_k16_l4_r16_c4_m4_w14g8_d32_s2_q2,12,65,2.464735e+04
64qam,32,16,5.000000e-01,92724,dsp,888,72,58,bf_det_k16_l4_r1_c4_m3_w14g8_d64_s2_q2,12,60,5.193261e+04
64qam,32,16,5.000000e-01,92724,lut,889,72,58,bf_det_k16_l1_r4_c4_m4_w14g8_d32_s2_q2,12,32132,9.197376e+04
64qam,32,16,5.000000e-01,92724,ff,890,72,58,bf_det_k16_l1_r4_c4_m4_w14g8_d32_s2_q2,12,20728,9.197376e+04
64qam,32,16,5.000000e-01,92724,bram,891,72,58,bf_det_k16_l1_r16_c4_m4_w14g8_d32_s2_q2,12,39,8.454186e+04
64qam,32,16,5.000000e-01,140355,dsp,892,72,72,bf_det_k16_l1_r1_c4_m3_w14g8_d64_s2_q2,12,24,1.246154e+05
64qam,32,16,5.000000e-01,140355,lut,893,72,72,bf_det_k16_l1_r1_c4_m3_w14g8_d32_s2_q2,12,30188,1.246204e+05
64qam,32,16,5.000000e-01,140355,ff,894,72,72,bf_det_k16_l1_r1_c4_m3_w14g8_d32_s2_q2,12,17702,1.246204e+05
64qam,32,16,5.000000e-01,140355,bram,895,72,72,bf_det_k16_l1_r16_c4_m4_w14g8_d32_s2_q2,12,39,8.454186e+04
64qam,32,16,1.000000e+00,7489,dsp,896,108,12,bf_det_k16_l16_r16_c16_m3_w16g4_d64_s2_q2,12,960,6.863160e+03
64qam,32,16,1.000000e+00,7489,lut,897,108,12,bf_det_k16_l16_r16_c16_m3_w14g8_d32_s2_q2,12,136846,7.068070e+03
64qam,32,16,1.000000e+00,7489,ff,898,108,12,bf_det_k16_l16_r16_c16_m3_w14g8_d32_s2_q2,12,100505,7.068070e+03
64qam,32,16,1.000000e+00,7489,bram,899,108,12,bf_det_k16_l16_r16_c16_m4_w14g8_d32_s2_q2,12,69,7.012650e+03
64qam,32,16,1.000000e+00,11383,dsp,900,108,24,bf_det_k16_l16_r4_c16_m3_w16g4_d64_s2_q2,12,384,9.934100e+03
64qam,32,16,1.000000e+00,11383,lut,901,108,24,bf_det_k16_l16_r4_c16_m3_w14g8_d32_s2_q2,12,109039,1.013901e+04
64qam,32,16,1.000000e+00,11383,ff,902,108,24,bf_det_k16_l16_r4_c16_m3_w14g8_d32_s2_q2,12,67414,1.013901e+04
64qam,32,16,1.000000e+00,11383,bram,903,108,24,bf_det_k16_l16_r16_c16_m4_w14g8_d32_s2_q2,12,69,7.012650e+03
64qam,32,16,1.000000e+00,17301,dsp,904,108,24,bf_det_k16_l16_r4_c16_m3_w16g4_d64_s2_q2,12,384,9.934100e+03
64qam,32,16,1.000000e+00,17301,lut,905,108,24,bf_det_k16_l16_r4_c16_m3_w14g8_d32_s2_q2,12,109039,1.013901e+04
64qam,32,16,1.000000e+00,17301,ff,906,108,24,bf_det_k16_l16_r4_c16_m3_w14g8_d32_s2_q2,12,67414,1.013901e+04
64qam,32,16,1.000000e+00,17301,bram,907,108,24,bf_det_k16_l16_r16_c16_m4_w14g8_d32_s2_q2,12,69,7.012650e+03
64qam,32,16,1.000000e+00,26297,dsp,908,108,48,bf_det_k16_l16_r1_c16_m3_w16g4_d64_s2_q2,12,240,2.108648e+04
64qam,32,16,1.000000e+00,26297,lut,909,108,48,bf_det_k16_l4_r16_c4_m3_w14g8_d32_s2_q2,12,52363,2.486902e+04
64qam,32,16,1.000000e+00,26297,ff,910,108,48,bf_det_k16_l4_r16_c4_m3_w14g8_d32_s2_q2,12,34668,2.486902e+04
64qam,32,16,1.000000e+00,26297,bram,911,108,48,bf_det_k16_l4_r16_c4_m4_w14g8_d32_s2_q2,12,65,2.464735e+04
64qam,32,16,1.000000e+00,39970,dsp,912,108,60,bf_det_k16_l4_r4_c4_m3_w16g4_d64_s2_q2,12,96,3.221183e+04
64qam,32,16,1.000000e+00,39970,lut,913,108,60,bf_det_k16_l4_r4_c4_m3_w14g8_d32_s2_q2,12,45412,3.296594e+04
64qam,32,16,1.000000e+00,39970,ff,914,108,60,bf_det_k16_l4_r4_c4_m3_w14g8_d32_s2_q2,12,26902,3.296594e+04
64qam,32,16,1.000000e+00,39970,bram,915,108,60,bf_det_k16_l4_r16_c4_m4_w14g8_d32_s2_q2,12,65,2.464735e+04
64qam,32,16,1.000000e+00,60752,dsp,916,108,72,bf_det_k16_l4_r1_c4_m3_w16g4_d64_s2_q2,12,60,5.118350e+04
64qam,32,16,1.000000e+00,60752,lut,917,108,72,bf_det_k16_l4_r1_c4_m3_w14g8_d32_s2_q2,12,43674,5.193761e+04
64qam,32,16,1.000000e+00,60752,ff,918,108,72,bf_det_k16_l4_r1_c4_m3_w14g8_d32_s2_q2,12,24961,5.193761e+04
64qam,32,16,1.000000e+00,60752,bram,919,108,72,bf_det_k16_l4_r16_c4_m4_w14g8_d32_s2_q2,12,65,2.464735e+04
64qam,32,16,1.000000e+00,92341,dsp,920,108,90,bf_det_k16_l4_r1_c4_m3_w16g4_d64_s2_q2,12,60,5.118350e+04
64qam,32,16,1.000000e+00,92341,lut,921,108,90,bf_det_k16_l1_r4_c4_m4_w14g8_d32_s2_q2,12,32132,9.197376e+04
64qam,32,16,1.000000e+00,92341,ff,922,108,90,bf_det_k16_l1_r4_c4_m4_w14g8_d32_s2_q2,12,20728,9.197376e+04
64qam,32,16,1.000000e+00,92341,bram,923,108,90,bf_det_k16_l1_r16_c4_m4_w14g8_d32_s2_q2,12,39,8.454186e+04
64qam,32,16,1.000000e+00,140355,dsp,924,108,108,bf_det_k16_l1_r1_c4_m3_w16g4_d64_s2_q2,12,24,1.216696e+05
64qam,32,16,1.000000e+00,140355,lut,925,108,108,bf_det_k16_l1_r1_c4_m3_w14g8_d32_s2_q2,12,30188,1.246204e+05
64qam,32,16,1.000000e+00,140355,ff,926,108,108,bf_det_k16_l1_r1_c4_m3_w14g8_d32_s2_q2,12,17702,1.246204e+05
64qam,32,16,1.000000e+00,140355,bram,927,108,108,bf_det_k16_l1_r16_c4_m4_w14g8_d32_s2_q2,12,39,8.454186e+04
64qam,64,4,2.500000e-01,1180,dsp,800,120,12,bf_det_k4_l16_r4_c16_m3_w14g4_d64_s2_q2,3,384,1.086490e+03
64qam,64,4,2.500000e-01,1180,lut,801,120,12,bf_det_k4_l16_r4_c16_m3_w12g8_d32_s2_q2,3,86719,1.141290e+03
64qam,64,4,2.500000e-01,1180,ff,802,120,12,bf_det_k4_l16_r4_c16_m3_w12g8_d32_s2_q2,3,52488,1.141290e+03
64qam,64,4,2.500000e-01,1180,bram,803,120,12,bf_det_k4_l16_r4_c16_m4_w12g8_d32_s2_q2,3,48,1.127440e+03
64qam,64,4,2.500000e-01,1729,dsp,804,120,38,bf_det_k4_l16_r1_c16_m3_w14g4_d64_s2_q2,3,240,1.567520e+03
64qam,64,4,2.500000e-01,1729,lut,805,120,38,bf_det_k4_l16_r1_c16_m3_w12g8_d32_s2_q2,3,80322,1.622310e+03
64qam,64,4,2.500000e-01,1729,ff,806,120,38,bf_det_k4_l16_r1_c16_m3_w12g8_d32_s2_q2,3,45196,1.622310e+03
64qam,64,4,2.500000e-01,1729,bram,807,120,38,bf_det_k4_l16_r4_c16_m4_w12g8_d32_s2_q2,3,48,1.127440e+03
64qam,64,4,2.500000e-01,2533,dsp,808,120,40,bf_det_k4_l16_r1_c16_m3_w14g4_d64_s2_q2,3,240,1.567520e+03
64qam,64,4,2.500000e-01,2533,lut,809,120,40,bf_det_k4_l16_r1_c16_m3_w12g8_d32_s2_q2,3,80322,1.622310e+03
64qam,64,4,2.500000e-01,2533,ff,810,120,40,bf_det_k4_l16_r1_c16_m3_w12g8_d32_s2_q2,3,45196,1.622310e+03
64qam,64,4,2.500000e-01,2533,bram,811,120,40,bf_det_k4_l16_r4_c16_m4_w12g8_d32_s2_q2,3,48,1.127440e+03
64qam,64,4,2.500000e-01,3711,dsp,812,120,50,bf_det_k4_l4_r1_c4_m4_w14g4_d64_s2_q2,3,64,3.647770e+03
64qam,64,4,2.500000e-01,3711,lut,813,120,50,bf_det_k4_l4_r1_c4_m4_w14g4_d32_s2_q2,3,28324,3.652770e+03
64qam,64,4,2.500000e-01,3711,ff,814,120,50,bf_det_k4_l4_r1_c4_m4_w14g4_d32_s2_q2,3,16785,3.652770e+03
64qam,64,4,2.500000e-01,3711,bram,815,120,50,bf_det_k4_l4_r4_c4_m4_w12g8_d32_s2_q2,3,16,3.664000e+03
64qam,64,4,2.500000e-01,5437,dsp,816,120,80,bf_det_k4_l4_r1_c4_m3_w14g4_d64_s2_q2,3,60,3.869440e+03
64qam,64,4,2.500000e-01,5437,lut,817,120,80,bf_det_k4_l4_r1_c4_m3_w12g8_d32_s2_q2,3,27368,4.061540e+03
64qam,64,4,2.500000e-01,5437,ff,818,120,80,bf_det_k4_l4_r1_c4_m3_w12g8_d32_s2_q2,3,15683,4.061540e+03
64qam,64,4,2.500000e-01,5437,bram,819,120,80,bf_det_k4_l4_r4_c4_m4_w12g8_d32_s2_q2,3,16,3.664000e+03
64qam,64,4,2.500000e-01,7965,dsp,820,120,80,bf_det_k4_l4_r1_c4_m3_w14g4_d64_s2_q2,3,60,3.869440e+03
64qam,64,4,2.500000e-01,7965,lut,821,120,80,bf_det_k4_l4_r1_c4_m3_w12g8_d32_s2_q2,3,27368,4.061540e+03
64qam,64,4,2.500000e-01,7965,ff,822,120,80,bf_det_k4_l4_r1_c4_m3_w12g8_d32_s2_q2,3,15683,4.061540e+03
64qam,64,4,2.500000e-01,7965,bram,823,120,80,bf_det_k4_l4_r4_c4_m4_w12g8_d32_s2_q2,3,16,3.664000e+03
64qam,64,4,2.500000e-01,11669,dsp,824,120,80,bf_det_k4_l4_r1_c4_m3_w14g4_d64_s2_q2,3,60,3.869440e+03
64qam,64,4,2.500000e-01,11669,lut,825,120,80,bf_det_k4_l4_r1_c4_m3_w12g8_d32_s2_q2,3,27368,4.061540e+03
64qam,64,4,2.500000e-01,11669,ff,826,120,80,bf_det_k4_l4_r1_c4_m3_w12g8_d32_s2_q2,3,15683,4.061540e+03
64qam,64,4,2.500000e-01,11669,bram,827,120,80,bf_det_k4_l4_r4_c4_m4_w12g8_d32_s2_q2,3,16,3.664000e+03
64qam,64,4,2.500000e-01,17096,dsp,828,120,120,bf_det_k4_l1_r1_c4_m3_w14g4_d64_s2_q2,3,24,1.331229e+04
64qam,64,4,2.500000e-01,17096,lut,829,120,120,bf_det_k4_l1_r1_c4_m3_w12g8_d32_s2_q2,3,14971,1.405359e+04
64qam,64,4,2.500000e-01,17096,ff,830,120,120,bf_det_k4_l1_r1_c4_m3_w12g8_d32_s2_q2,3,9417,1.405359e+04
64qam,64,4,2.500000e-01,17096,bram,831,120,120,bf_det_k4_l1_r4_c4_m4_w14g4_d32_s2_q2,3,14,1.214087e+04
64qam,64,4,5.000000e-01,1180,dsp,800,120,12,bf_det_k4_l16_r4_c16_m3_w14g4_d64_s2_q2,3,384,1.086490e+03
64qam,64,4,5.000000e-01,1180,lut,801,120,12,bf_det_k4_l16_r4_c16_m3_w12g8_d32_s2_q2,3,86719,1.141290e+03
64qam,64,4,5.000000e-01,1180,ff,802,120,12,bf_det_k4_l16_r4_c16_m3_w12g8_d32_s2_q2,3,52488,1.141290e+03
64qam,64,4,5.000000e-01,1180,bram,803,120,12,bf_det_k4_l16_r4_c16_m4_w12g8_d32_s2_q2,3,48,1.127440e+03
64qam,64,4,5.000000e-01,1729,dsp,804,120,38,bf_det_k4_l16_r1_c16_m3_w14g4_d64_s2_q2,3,240,1.567520e+03
64qam,64,4,5.000000e-01,1729,lut,805,120,38,bf_det_k4_l16_r1_c16_m3_w12g8_d32_s2_q2,3,80322,1.622310e+03
64qam,64,4,5.000000e-01,1729,ff,806,120,38,bf_det_k4_l16_r1_c16_m3_w12g8_d32_s2_q2,3,45196,1.622310e+03
64qam,64,4,5.000000e-01,1729,bram,807,120,38,bf_det_k4_l16_r4_c16_m4_w12g8_d32_s2_q2,3,48,1.127440e+03
64qam,64,4,5.000000e-01,2533,dsp,808,120,40,bf_det_k4_l16_r1_c16_m3_w14g4_d64_s2_q2,3,240,1.567520e+03
64qam,64,4,5.000000e-01,2533,lut,809,120,40,bf_det_k4_l16_r1_c16_m3_w12g8_d32_s2_q2,3,80322,1.622310e+03
64qam,64,4,5.000000e-01,2533,ff,810,120,40,bf_det_k4_l16_r1_c16_m3_w12g8_d32_s2_q2,3,45196,1.622310e+03
64qam,64,4,5.000000e-01,2533,bram,811,120,40,bf_det_k4_l16_r4_c16_m4_w12g8_d32_s2_q2,3,48,1.127440e+03
64qam,64,4,5.000000e-01,3711,dsp,812,120,50,bf_det_k4_l4_r1_c4_m4_w14g4_d64_s2_q2,3,64,3.647770e+03
64qam,64,4,5.000000e-01,3711,lut,813,120,50,bf_det_k4_l4_r1_c4_m4_w14g4_d32_s2_q2,3,28324,3.652770e+03
64qam,64,4,5.000000e-01,3711,ff,814,120,50,bf_det_k4_l4_r1_c4_m4_w14g4_d32_s2_q2,3,16785,3.652770e+03
64qam,64,4,5.000000e-01,3711,bram,815,120,50,bf_det_k4_l4_r4_c4_m4_w12g8_d32_s2_q2,3,16,3.664000e+03
64qam,64,4,5.000000e-01,5437,dsp,816,120,80,bf_det_k4_l4_r1_c4_m3_w14g4_d64_s2_q2,3,60,3.869440e+03
64qam,64,4,5.000000e-01,5437,lut,817,120,80,bf_det_k4_l4_r1_c4_m3_w12g8_d32_s2_q2,3,27368,4.061540e+03
64qam,64,4,5.000000e-01,5437,ff,818,120,80,bf_det_k4_l4_r1_c4_m3_w12g8_d32_s2_q2,3,15683,4.061540e+03
64qam,64,4,5.000000e-01,5437,bram,819,120,80,bf_det_k4_l4_r4_c4_m4_w12g8_d32_s2_q2,3,16,3.664000e+03
64qam,64,4,5.000000e-01,7965,dsp,820,120,80,bf_det_k4_l4_r1_c4_m3_w14g4_d64_s2_q2,3,60,3.869440e+03
64qam,64,4,5.000000e-01,7965,lut,821,120,80,bf_det_k4_l4_r1_c4_m3_w12g8_d32_s2_q2,3,27368,4.061540e+03
64qam,64,4,5.000000e-01,7965,ff,822,120,80,bf_det_k4_l4_r1_c4_m3_w12g8_d32_s2_q2,3,15683,4.061540e+03
64qam,64,4,5.000000e-01,7965,bram,823,120,80,bf_det_k4_l4_r4_c4_m4_w12g8_d32_s2_q2,3,16,3.664000e+03
64qam,64,4,5.000000e-01,11669,dsp,824,120,80,bf_det_k4_l4_r1_c4_m3_w14g4_d64_s2_q2,3,60,3.869440e+03
64qam,64,4,5.000000e-01,11669,lut,825,120,80,bf_det_k4_l4_r1_c4_m3_w12g8_d32_s2_q2,3,27368,4.061540e+03
64qam,64,4,5.000000e-01,11669,ff,826,120,80,bf_det_k4_l4_r1_c4_m3_w12g8_d32_s2_q2,3,15683,4.061540e+03
64qam,64,4,5.000000e-01,11669,bram,827,120,80,bf_det_k4_l4_r4_c4_m4_w12g8_d32_s2_q2,3,16,3.664000e+03
64qam,64,4,5.000000e-01,17096,dsp,828,120,120,bf_det_k4_l1_r1_c4_m3_w14g4_d64_s2_q2,3,24,1.331229e+04
64qam,64,4,5.000000e-01,17096,lut,829,120,120,bf_det_k4_l1_r1_c4_m3_w12g8_d32_s2_q2,3,14971,1.405359e+04
64qam,64,4,5.000000e-01,17096,ff,830,120,120,bf_det_k4_l1_r1_c4_m3_w12g8_d32_s2_q2,3,9417,1.405359e+04
64qam,64,4,5.000000e-01,17096,bram,831,120,120,bf_det_k4_l1_r4_c4_m4_w14g4_d32_s2_q2,3,14,1.214087e+04
64qam,64,4,1.000000e+00,1170,dsp,928,192,16,bf_det_k4_l16_r4_c16_m4_w10g8_d64_s2_q2,3,208,1.063340e+03
64qam,64,4,1.000000e+00,1170,lut,929,192,16,bf_det_k4_l16_r4_c16_m3_w12g8_d32_s2_q2,3,86719,1.141290e+03
64qam,64,4,1.000000e+00,1170,ff,930,192,16,bf_det_k4_l16_r4_c16_m3_w10g8_d32_s2_q2,3,49064,1.082200e+03
64qam,64,4,1.000000e+00,1170,bram,931,192,16,bf_det_k4_l16_r4_c16_m4_w10g8_d32_s2_q2,3,40,1.068340e+03
64qam,64,4,1.000000e+00,1734,dsp,932,192,54,bf_det_k4_l16_r1_c16_m4_w10g8_d64_s2_q2,3,112,1.502800e+03
64qam,64,4,1.000000e+00,1734,lut,933,192,54,bf_det_k4_l16_r1_c16_m3_w12g8_d32_s2_q2,3,80322,1.622310e+03
64qam,64,4,1.000000e+00,1734,ff,934,192,54,bf_det_k4_l16_r1_c16_m3_w10g8_d32_s2_q2,3,42923,1.563220e+03
64qam,64,4,1.000000e+00,1734,bram,935,192,54,bf_det_k4_l16_r4_c16_m4_w10g8_d32_s2_q2,3,40,1.068340e+03
64qam,64,4,1.000000e+00,2569,dsp,936,192,64,bf_det_k4_l16_r1_c16_m4_w10g8_d64_s2_q2,3,112,1.502800e+03
64qam,64,4,1.000000e+00,2569,lut,937,192,64,bf_det_k4_l16_r1_c16_m3_w12g4_d32_s2_q2,4,76815,2.007420e+03
64qam,64,4,1.000000e+00,2569,ff,938,192,64,bf_det_k4_l16_r1_c16_m3_w12g4_d32_s2_q2,4,41785,2.007420e+03
64qam,64,4,1.000000e+00,2569,bram,939,192,64,bf_det_k4_l16_r4_c16_m4_w10g8_d32_s2_q2,3,40,1.068340e+03
64qam,64,4,1.000000e+00,3807,dsp,940,192,84,bf_det_k4_l4_r1_c4_m4_w10g8_d64_s2_q2,3,28,3.638840e+03
64qam,64,4,1.000000e+00,3807,lut,941,192,84,bf_det_k4_l4_r1_c4_m4_w10g8_d32_s2_q2,3,28110,3.643840e+03
64qam,64,4,1.000000e+00,3807,ff,942,192,84,bf_det_k4_l4_r1_c4_m4_w10g8_d32_s2_q2,3,15257,3.643840e+03
64qam,64,4,1.000000e+00,3807,bram,943,192,84,bf_det_k4_l4_r4_c4_m4_w10g8_d32_s2_q2,3,16,3.467970e+03
64qam,64,4,1.000000e+00,5641,dsp,944,192,128,bf_det_k4_l4_r1_c4_m4_w10g8_d64_s2_q2,3,28,3.638840e+03
64qam,64,4,1.000000e+00,5641,lut,945,192,128,bf_det_k4_l4_r1_c4_m3_w12g4_d32_s2_q2,4,26388,4.878080e+03
64qam,64,4,1.000000e+00,5641,ff,946,192,128,bf_det_k4_l4_r1_c4_m3_w12g4_d32_s2_q2,4,14945,4.878080e+03
64qam,64,4,1.000000e+00,5641,bram,947,192,128,bf_det_k4_l4_r4_c4_m4_w10g8_d32_s2_q2,3,16,3.467970e+03
64qam,64,4,1.000000e+00,8358,dsp,948,192,128,bf_det_k4_l4_r1_c4_m4_w10g8_d64_s2_q2,3,28,3.638840e+03
64qam,64,4,1.000000e+00,8358,lut,949,192,128,bf_det_k4_l4_r1_c4_m3_w12g4_d32_s2_q2,4,26388,4.878080e+03
64qam,64,4,1.000000e+00,8358,ff,950,192,128,bf_det_k4_l4_r1_c4_m3_w12g4_d32_s2_q2,4,14945,4.878080e+03
64qam,64,4,1.000000e+00,8358,bram,951,192,128,bf_det_k4_l4_r4_c4_m4_w10g8_d32_s2_q2,3,16,3.467970e+03
64qam,64,4,1.000000e+00,12385,dsp,952,192,136,bf_det_k4_l4_r1_c4_m4_w10g8_d64_s2_q2,3,28,3.638840e+03
64qam,64,4,1.000000e+00,12385,lut,953,192,136,bf_det_k4_l1_r4_c4_m3_w10g8_d32_s2_q2,3,16447,1.218882e+04
64qam,64,4,1.000000e+00,12385,ff,954,192,136,bf_det_k4_l1_r4_c4_m3_w10g8_d32_s2_q2,3,10492,1.218882e+04
64qam,64,4,1.000000e+00,12385,bram,955,192,136,bf_det_k4_l1_r4_c4_m4_w10g8_d32_s2_q2,3,14,1.213340e+04
64qam,64,4,1.000000e+00,18353,dsp,956,192,192,bf_det_k4_l1_r1_c4_m4_w10g8_d64_s2_q2,3,13,1.308315e+04
64qam,64,4,1.000000e+00,18353,lut,957,192,192,bf_det_k4_l1_r1_c4_m3_w12g4_d32_s2_q2,4,14623,1.667424e+04
64qam,64,4,1.000000e+00,18353,ff,958,192,192,bf_det_k4_l1_r1_c4_m3_w10g8_d32_s2_q2,3,9077,1.330982e+04
64qam,64,4,1.000000e+00,18353,bram,959,192,192,bf_det_k4_l1_r4_c4_m4_w10g8_d32_s2_q2,3,14,1.213340e+04
64qam,64,8,2.500000e-01,1864,dsp,960,180,16,bf_det_k8_l16_r8_c16_m3_w14g4_d64_s2_q2,4,576,1.712830e+03
64qam,64,8,2.500000e-01,1864,lut,961,180,16,bf_det_k8_l16_r8_c16_m3_w12g8_d32_s2_q2,4,99170,1.784300e+03
64qam,64,8,2.500000e-01,1864,ff,962,180,16,bf_det_k8_l16_r8_c16_m3_w12g8_d32_s2_q2,4,63447,1.784300e+03
64qam,64,8,2.500000e-01,1864,bram,963,180,16,bf_det_k8_l16_r8_c16_m4_w12g8_d32_s2_q2,4,54,1.765830e+03
64qam,64,8,2.500000e-01,2770,dsp,964,180,40,bf_det_k8_l16_r4_c16_m3_w14g4_d64_s2_q2,4,384,1.990040e+03
64qam,64,8,2.500000e-01,2770,lut,965,180,40,bf_det_k8_l16_r4_c16_m3_w12g8_d32_s2_q2,4,90641,2.061520e+03
64qam,64,8,2.500000e-01,2770,ff,966,180,40,bf_det_k8_l16_r4_c16_m3_w12g8_d32_s2_q2,4,53918,2.061520e+03
64qam,64,8,2.500000e-01,2770,bram,967,180,40,bf_det_k8_l16_r8_c16_m4_w12g8_d32_s2_q2,4,54,1.765830e+03
64qam,64,8,2.500000e-01,4117,dsp,968,180,60,bf_det_k8_l16_r1_c16_m3_w14g4_d64_s2_q2,4,240,3.464770e+03
64qam,64,8,2.500000e-01,4117,lut,969,180,60,bf_det_k8_l16_r1_c16_m3_w12g8_d32_s2_q2,4,84244,3.536250e+03
64qam,64,8,2.500000e-01,4117,ff,970,180,60,bf_det_k8_l16_r1_c16_m3_w12g8_d32_s2_q2,4,46626,3.536250e+03
64qam,64,8,2.500000e-01,4117,bram,971,180,60,bf_det_k8_l16_r8_c16_m4_w12g8_d32_s2_q2,4,54,1.765830e+03
64qam,64,8,2.500000e-01,6119,dsp,972,180,72,bf_det_k8_l4_r8_c4_m3_w14g4_d64_s2_q2,4,144,5.770440e+03
64qam,64,8,2.500000e-01,6119,lut,973,180,72,bf_det_k8_l4_r8_c4_m3_w12g8_d32_s2_q2,4,35022,6.024990e+03
64qam,64,8,2.500000e-01,6119,ff,974,180,72,bf_det_k8_l4_r8_c4_m3_w12g8_d32_s2_q2,4,21029,6.024990e+03
64qam,64,8,2.500000e-01,6119,bram,975,180,72,bf_det_k8_l4_r8_c4_m4_w12g8_d32_s2_q2,4,22,5.951090e+03
64qam,64,8,2.500000e-01,9094,dsp,976,180,120,bf_det_k8_l4_r1_c4_m3_w14g4_d64_s2_q2,4,60,8.058180e+03
64qam,64,8,2.500000e-01,9094,lut,977,180,120,bf_det_k8_l4_r1_c4_m3_w12g8_d32_s2_q2,4,31290,8.312720e+03
64qam,64,8,2.500000e-01,9094,ff,978,180,120,bf_det_k8_l4_r1_c4_m3_w12g8_d32_s2_q2,4,17114,8.312720e+03
64qam,64,8,2.500000e-01,9094,bram,979,180,120,bf_det_k8_l4_r8_c4_m4_w12g8_d32_s2_q2,4,22,5.951090e+03
64qam,64,8,2.500000e-01,13515,dsp,980,180,120,bf_det_k8_l4_r1_c4_m3_w14g4_d64_s2_q2,4,60,8.058180e+03
64qam,64,8,2.500000e-01,13515,lut,981,180,120,bf_det_k8_l4_r1_c4_m3_w12g8_d32_s2_q2,4,31290,8.312720e+03
64qam,64,8,2.500000e-01,13515,ff,982,180,120,bf_det_k8_l4_r1_c4_m3_w12g8_d32_s2_q2,4,17114,8.312720e+03
64qam,64,8,2.500000e-01,13515,bram,983,180,120,bf_det_k8_l4_r8_c4_m4_w12g8_d32_s2_q2,4,22,5.951090e+03
64qam,64,8,2.500000e-01,20086,dsp,984,180,124,bf_det_k8_l4_r1_c4_m3_w14g4_d64_s2_q2,4,60,8.058180e+03
64qam,64,8,2.500000e-01,20086,lut,985,180,124,bf_det_k8_l1_r8_c4_m3_w14g4_d32_s2_q2,4,23796,1.977215e+04
64qam,64,8,2.500000e-01,20086,ff,986,180,124,bf_det_k8_l1_r8_c4_m3_w14g4_d32_s2_q2,4,15944,1.977215e+04
64qam,64,8,2.500000e-01,20086,bram,987,180,124,bf_det_k8_l1_r8_c4_m4_w14g4_d32_s2_q2,4,21,1.969825e+04
64qam,64,8,2.500000e-01,29852,dsp,988,180,180,bf_det_k8_l1_r1_c4_m3_w14g4_d64_s2_q2,4,24,2.416814e+04
64qam,64,8,2.500000e-01,29852,lut,989,180,180,bf_det_k8_l1_r1_c4_m3_w12g8_d32_s2_q2,4,18749,2.515494e+04
64qam,64,8,2.500000e-01,29852,ff,990,180,180,bf_det_k8_l1_r1_c4_m3_w12g8_d32_s2_q2,4,10848,2.515494e+04
64qam,64,8,2.500000e-01,29852,bram,991,180,180,bf_det_k8_l1_r8_c4_m4_w12g8_d32_s2_q2,4,20,2.068006e+04
64qam,64,8,5.000000e-01,1864,dsp,128,252,16,bf_det_k8_l16_r8_c16_m3_w14g4_d64_s2_q2,4,576,1.712830e+03
64qam,64,8,5.000000e-01,1864,lut,129,252,16,bf_det_k8_l16_r8_c16_m3_w12g8_d32_s2_q2,4,99170,1.784300e+03
64qam,64,8,5.000000e-01,1864,ff,130,252,16,bf_det_k8_l16_r8_c16_m3_w12g8_d32_s2_q2,4,63447,1.784300e+03
64qam,64,8,5.000000e-01,1864,bram,131,252,16,bf_det_k8_l16_r8_c16_m4_w12g8_d32_s2_q2,4,54,1.765830e+03
64qam,64,8,5.000000e-01,2867,dsp,132,252,55,bf_det_k8_l16_r4_c16_m3_w14g4_d64_s2_q2,4,384,1.990040e+03
64qam,64,8,5.000000e-01,2867,lut,133,252,55,bf_det_k8_l16_r4_c16_m3_w12g4_d32_s2_q2,6,87134,2.850780e+03
64qam,64,8,5.000000e-01,2867,ff,134,252,55,bf_det_k8_l16_r4_c16_m3_w12g4_d32_s2_q2,6,50507,2.850780e+03
64qam,64,8,5.000000e-01,2867,bram,135,252,55,bf_det_k8_l16_r8_c16_m4_w12g8_d32_s2_q2,4,54,1.765830e+03
64qam,64,8,5.000000e-01,4410,dsp,136,252,76,bf_det_k8_l16_r1_c16_m3_w14g4_d64_s2_q2,4,240,3.464770e+03
64qam,64,8,5.000000e-01,4410,lut,137,252,76,bf_det_k8_l16_r1_c16_m3_w12g8_d32_s2_q2,4,84244,3.536250e+03
64qam,64,8,5.000000e-01,4410,ff,138,252,76,bf_det_k8_l16_r1_c16_m3_w12g8_d32_s2_q2,4,46626,3.536250e+03
64qam,64,8,5.000000e-01,4410,bram,139,252,76,bf_det_k8_l16_r8_c16_m4_w12g8_d32_s2_q2,4,54,1.765830e+03
64qam,64,8,5.000000e-01,6784,dsp,140,252,118,bf_det_k8_l4_r4_c4_m3_w14g4_d64_s2_q2,4,96,6.414100e+03
64qam,64,8,5.000000e-01,6784,lut,141,252,118,bf_det_k8_l4_r4_c4_m3_w12g8_d32_s2_q2,4,32890,6.668640e+03
64qam,64,8,5.000000e-01,6784,ff,142,252,118,bf_det_k8_l4_r4_c4_m3_w12g8_d32_s2_q2,4,18792,6.668640e+03
64qam,64,8,5.000000e-01,6784,bram,143,252,118,bf_det_k8_l4_r8_c4_m4_w12g8_d32_s2_q2,4,22,5.951090e+03
64qam,64,8,5.000000e-01,10435,dsp,144,252,160,bf_det_k8_l4_r1_c4_m3_w14g4_d64_s2_q2,4,60,8.058180e+03
64qam,64,8,5.000000e-01,10435,lut,145,252,160,bf_det_k8_l4_r1_c4_m3_w12g8_d32_s2_q2,4,31290,8.312720e+03
64qam,64,8,5.000000e-01,10435,ff,146,252,160,bf_det_k8_l4_r1_c4_m3_w12g8_d32_s2_q2,4,17114,8.312720e+03
64qam,64,8,5.000000e-01,10435,bram,147,252,160,bf_det_k8_l4_r8_c4_m4_w12g8_d32_s2_q2,4,22,5.951090e+03
64qam,64,8,5.000000e-01,16050,dsp,148,252,168,bf_det_k8_l4_r1_c4_m3_w14g4_d64_s2_q2,4,60,8.058180e+03
64qam,64,8,5.000000e-01,16050,lut,149,252,168,bf_det_k8_l4_r1_c4_m3_w12g4_d32_s2_q2,6,30310,1.163112e+04
64qam,64,8,5.000000e-01,16050,ff,150,252,168,bf_det_k8_l4_r1_c4_m3_w12g4_d32_s2_q2,6,16376,1.163112e+04
64qam,64,8,5.000000e-01,16050,bram,151,252,168,bf_det_k8_l4_r8_c4_m4_w12g8_d32_s2_q2,4,22,5.951090e+03
64qam,64,8,5.000000e-01,24689,dsp,152,252,216,bf_det_k8_l1_r1_c4_m3_w14g4_d64_s2_q2,4,24,2.416814e+04
64qam,64,8,5.000000e-01,24689,lut,153,252,216,bf_det_k8_l1_r1_c4_m4_w12g8_d32_s2_q2,4,18777,2.456382e+04
64qam,64,8,5.000000e-01,24689,ff,154,252,216,bf_det_k8_l1_r1_c4_m4_w12g8_d32_s2_q2,4,11081,2.456382e+04
64qam,64,8,5.000000e-01,24689,bram,155,252,216,bf_det_k8_l1_r8_c4_m4_w12g8_d32_s2_q2,4,20,2.068006e+04
64qam,64,8,5.000000e-01,37976,dsp,156,252,252,bf_det_k8_l1_r1_c4_m3_w14g4_d64_s2_q2,4,24,2.416814e+04
64qam,64,8,5.000000e-01,37976,lut,157,252,252,bf_det_k8_l1_r1_c4_m3_w12g4_d32_s2_q2,6,18401,3.450862e+04
64qam,64,8,5.000000e-01,37976,ff,158,252,252,bf_det_k8_l1_r1_c4_m3_w12g4_d32_s2_q2,6,10629,3.450862e+04
64qam,64,8,5.000000e-01,37976,bram,159,252,252,bf_det_k8_l1_r8_c4_m4_w12g8_d32_s2_q2,4,20,2.068006e+04
64qam,64,8,1.000000e+00,1410,dsp,992,252,16,bf_det_k8_l16_r8_c16_m3_w14g4_d64_s2_q2,3,576,1.295290e+03
64qam,64,8,1.000000e+00,1410,lut,993,252,16,bf_det_k8_l16_r8_c16_m3_w12g8_d32_s2_q2,3,99170,1.350090e+03
64qam,64,8,1.000000e+00,1410,ff,994,252,16,bf_det_k8_l16_r8_c16_m3_w12g8_d32_s2_q2,3,63447,1.350090e+03
64qam,64,8,1.000000e+00,1410,bram,995,252,16,bf_det_k8_l16_r8_c16_m4_w12g8_d32_s2_q2,3,54,1.336230e+03
64qam,64,8,1.000000e+00,2132,dsp,996,252,56,bf_det_k8_l16_r4_c16_m3_w14g4_d64_s2_q2,3,384,1.503200e+03
64qam,64,8,1.000000e+00,2132,lut,997,252,56,bf_det_k8_l16_r4_c16_m3_w12g4_d32_s2_q2,4,87134,1.916330e+03
64qam,64,8,1.000000e+00,2132,ff,998,252,56,bf_det_k8_l16_r4_c16_m3_w12g4_d32_s2_q2,4,50507,1.916330e+03
64qam,64,8,1.000000e+00,2132,bram,999,252,56,bf_det_k8_l16_r8_c16_m4_w12g8_d32_s2_q2,3,54,1.336230e+03
64qam,64,8,1.000000e+00,3225,dsp,1000,252,76,bf_det_k8_l16_r1_c16_m3_w14g4_d64_s2_q2,3,240,2.609250e+03
64qam,64,8,1.000000e+00,3225,lut,1001,252,76,bf_det_k8_l16_r1_c16_m3_w12g8_d32_s2_q2,3,84244,2.664050e+03
64qam,64,8,1.000000e+00,3225,ff,1002,252,76,bf_det_k8_l16_r1_c16_m3_w12g8_d32_s2_q2,3,46626,2.664050e+03
64qam,64,8,1.000000e+00,3225,bram,1003,252,76,bf_det_k8_l16_r8_c16_m4_w12g8_d32_s2_q2,3,54,1.336230e+03
64qam,64,8,1.000000e+00,4877,dsp,1004,252,104,bf_det_k8_l4_r4_c4_m3_w14g4_d64_s2_q2,3,96,4.845240e+03
64qam,64,8,1.000000e+00,4877,lut,1005,252,104,bf_det_k8_l4_r4_c4_m3_w14g4_d32_s2_q2,3,34359,4.850240e+03
64qam,64,8,1.000000e+00,4877,ff,1006,252,104,bf_det_k8_l4_r4_c4_m3_w14g4_d32_s2_q2,3,20094,4.850240e+03
64qam,64,8,1.000000e+00,4877,bram,1007,252,104,bf_det_k8_l4_r8_c4_m4_w12g8_d32_s2_q2,3,22,4.499180e+03
64qam,64,8,1.000000e+00,7375,dsp,1008,252,164,bf_det_k8_l4_r1_c4_m3_w14g4_d64_s2_q2,3,60,6.078300e+03
64qam,64,8,1.000000e+00,7375,lut,1009,252,164,bf_det_k8_l4_r1_c4_m4_w12g4_d32_s2_q2,4,30338,7.210760e+03
64qam,64,8,1.000000e+00,7375,ff,1010,252,164,bf_det_k8_l4_r1_c4_m4_w12g4_d32_s2_q2,4,16609,7.210760e+03
64qam,64,8,1.000000e+00,7375,bram,1011,252,164,bf_det_k8_l4_r8_c4_m4_w12g8_d32_s2_q2,3,22,4.499180e+03
64qam,64,8,1.000000e+00,11154,dsp,1012,252,168,bf_det_k8_l4_r1_c4_m3_w14g4_d64_s2_q2,3,60,6.078300e+03
64qam,64,8,1.000000e+00,11154,lut,1013,252,168,bf_det_k8_l4_r1_c4_m3_w12g4_d32_s2_q2,4,30310,7.801880e+03
64qam,64,8,1.000000e+00,11154,ff,1014,252,168,bf_det_k8_l4_r1_c4_m3_w12g4_d32_s2_q2,4,16376,7.801880e+03
64qam,64,8,1.000000e+00,11154,bram,1015,252,168,bf_det_k8_l4_r8_c4_m4_w12g8_d32_s2_q2,3,22,4.499180e+03
64qam,64,8,1.000000e+00,16868,dsp,1016,252,198,bf_det_k8_l4_r1_c4_m3_w14g4_d64_s2_q2,3,60,6.078300e+03
64qam,64,8,1.000000e+00,16868,lut,1017,252,198,bf_det_k8_l1_r4_c4_m3_w12g8_d32_s2_q2,3,20481,1.618005e+04
64qam,64,8,1.000000e+00,16868,ff,1018,252,198,bf_det_k8_l1_r4_c4_m3_w12g8_d32_s2_q2,3,12526,1.618005e+04
64qam,64,8,1.000000e+00,16868,bram,1019,252,198,bf_det_k8_l1_r8_c4_m4_w12g8_d32_s2_q2,3,20,1.564188e+04
64qam,64,8,1.000000e+00,25511,dsp,1020,252,252,bf_det_k8_l1_r1_c4_m3_w14g4_d64_s2_q2,3,24,1.825675e+04
64qam,64,8,1.000000e+00,25511,lut,1021,252,252,bf_det_k8_l1_r1_c4_m3_w12g4_d32_s2_q2,4,18401,2.318153e+04
64qam,64,8,1.000000e+00,25511,ff,1022,252,252,bf_det_k8_l1_r1_c4_m3_w12g4_d32_s2_q2,4,10629,2.318153e+04
64qam,64,8,1.000000e+00,25511,bram,1023,252,252,bf_det_k8_l1_r8_c4_m4_w12g8_d32_s2_q2,3,20,1.564188e+04
64qam,64,16,2.500000e-01,3656,dsp,1024,180,16,bf_det_k16_l16_r16_c16_m3_w14g4_d64_s2_q2,6,960,3.351080e+03
64qam,64,16,2.500000e-01,3656,lut,1025,180,16,bf_det_k16_l16_r16_c16_m3_w12g8_d32_s2_q2,6,126347,3.455920e+03
64qam,64,16,2.500000e-01,3656,ff,1026,180,16,bf_det_k16_l16_r16_c16_m3_w12g8_d32_s2_q2,6,87758,3.455920e+03
64qam,64,16,2.500000e-01,3656,bram,1027,180,16,bf_det_k16_l16_r16_c16_m4_w12g8_d32_s2_q2,6,59,3.428210e+03
64qam,64,16,2.500000e-01,5583,dsp,1028,180,40,bf_det_k16_l16_r4_c16_m3_w14g4_d64_s2_q2,6,384,4.886560e+03
64qam,64,16,2.500000e-01,5583,lut,1029,180,40,bf_det_k16_l16_r4_c16_m3_w12g8_d32_s2_q2,6,100759,4.991390e+03
64qam,64,16,2.500000e-01,5583,ff,1030,180,40,bf_det_k16_l16_r4_c16_m3_w12g8_d32_s2_q2,6,59171,4.991390e+03
64qam,64,16,2.500000e-01,5583,bram,1031,180,40,bf_det_k16_l16_r16_c16_m4_w12g8_d32_s2_q2,6,59,3.428210e+03
64qam,64,16,2.500000e-01,8524,dsp,1032,180,40,bf_det_k16_l16_r4_c16_m3_w14g4_d64_s2_q2,6,384,4.886560e+03
64qam,64,16,2.500000e-01,8524,lut,1033,180,40,bf_det_k16_l16_r4_c16_m3_w12g8_d32_s2_q2,6,100759,4.991390e+03
64qam,64,16,2.500000e-01,8524,ff,1034,180,40,bf_det_k16_l16_r4_c16_m3_w12g8_d32_s2_q2,6,59171,4.991390e+03
64qam,64,16,2.500000e-01,8524,bram,1035,180,40,bf_det_k16_l16_r16_c16_m4_w12g8_d32_s2_q2,6,59,3.428210e+03
64qam,64,16,2.500000e-01,13015,dsp,1036,180,80,bf_det_k16_l16_r1_c16_m3_w14g4_d64_s2_q2,6,240,1.046275e+04
64qam,64,16,2.500000e-01,13015,lut,1037,180,80,bf_det_k16_l4_r16_c4_m3_w12g8_d32_s2_q2,6,48637,1.217851e+04
64qam,64,16,2.500000e-01,13015,ff,1038,180,80,bf_det_k16_l4_r16_c4_m3_w12g8_d32_s2_q2,6,30757,1.217851e+04
64qam,64,16,2.500000e-01,13015,bram,1039,180,80,bf_det_k16_l16_r16_c16_m4_w12g8_d32_s2_q2,6,59,3.428210e+03
64qam,64,16,2.500000e-01,19873,dsp,1040,180,100,bf_det_k16_l4_r4_c4_m3_w14g4_d64_s2_q2,6,96,1.584754e+04
64qam,64,16,2.500000e-01,19873,lut,1041,180,100,bf_det_k16_l4_r4_c4_m3_w12g8_d32_s2_q2,6,42240,1.622697e+04
64qam,64,16,2.500000e-01,19873,ff,1042,180,100,bf_det_k16_l4_r4_c4_m3_w12g8_d32_s2_q2,6,24046,1.622697e+04
64qam,64,16,2.500000e-01,19873,bram,1043,180,100,bf_det_k16_l16_r16_c16_m4_w12g8_d32_s2_q2,6,59,3.428210e+03
64qam,64,16,2.500000e-01,30345,dsp,1044,180,120,bf_det_k16_l4_r1_c4_m3_w14g4_d64_s2_q2,6,60,2.533337e+04
64qam,64,16,2.500000e-01,30345,lut,1045,180,120,bf_det_k16_l4_r1_c4_m3_w12g8_d32_s2_q2,6,40640,2.571280e+04
64qam,64,16,2.500000e-01,30345,ff,1046,180,120,bf_det_k16_l4_r1_c4_m3_w12g8_d32_s2_q2,6,22368,2.571280e+04
64qam,64,16,2.500000e-01,30345,bram,1047,180,120,bf_det_k16_l16_r16_c16_m4_w12g8_d32_s2_q2,6,59,3.428210e+03
64qam,64,16,2.500000e-01,46334,dsp,1048,180,152,bf_det_k16_l4_r1_c4_m3_w14g4_d64_s2_q2,6,60,2.533337e+04
64qam,64,16,2.500000e-01,46334,lut,1049,180,152,bf_det_k16_l1_r4_c4_m3_w12g8_d32_s2_q2,6,30119,4.546268e+04
64qam,64,16,2.500000e-01,46334,ff,1050,180,152,bf_det_k16_l1_r4_c4_m3_w12g8_d32_s2_q2,6,17780,4.546268e+04
64qam,64,16,2.500000e-01,46334,bram,1051,180,152,bf_det_k16_l1_r16_c4_m4_w12g8_d32_s2_q2,6,37,4.130338e+04
64qam,64,16,2.500000e-01,70749,dsp,1052,180,180,bf_det_k16_l1_r1_c4_m3_w14g4_d64_s2_q2,6,24,5.986484e+04
64qam,64,16,2.500000e-01,70749,lut,1053,180,180,bf_det_k16_l1_r1_c4_m3_w12g8_d32_s2_q2,6,28386,6.134268e+04
64qam,64,16,2.500000e-01,70749,ff,1054,180,180,bf_det_k16_l1_r1_c4_m3_w12g8_d32_s2_q2,6,16102,6.134268e+04
64qam,64,16,2.500000e-01,70749,bram,1055,180,180,bf_det_k16_l1_r16_c4_m4_w12g8_d32_s2_q2,6,37,4.130338e+04
64qam,64,16,5.000000e-01,3656,dsp,1024,180,16,bf_det_k16_l16_r16_c16_m3_w14g4_d64_s2_q2,6,960,3.351080e+03
64qam,64,16,5.000000e-01,3656,lut,1025,180,16,bf_det_k16_l16_r16_c16_m3_w12g8_d32_s2_q2,6,126347,3.455920e+03
64qam,64,16,5.000000e-01,3656,ff,1026,180,16,bf_det_k16_l16_r16_c16_m3_w12g8_d32_s2_q2,6,87758,3.455920e+03
64qam,64,16,5.000000e-01,3656,bram,1027,180,16,bf_det_k16_l16_r16_c16_m4_w12g8_d32_s2_q2,6,59,3.428210e+03
64qam,64,16,5.000000e-01,5583,dsp,1028,180,40,bf_det_k16_l16_r4_c16_m3_w14g4_d64_s2_q2,6,384,4.886560e+03
64qam,64,16,5.000000e-01,5583,lut,1029,180,40,bf_det_k16_l16_r4_c16_m3_w12g8_d32_s2_q2,6,100759,4.991390e+03
64qam,64,16,5.000000e-01,5583,ff,1030,180,40,bf_det_k16_l16_r4_c16_m3_w12g8_d32_s2_q2,6,59171,4.991390e+03
64qam,64,16,5.000000e-01,5583,bram,1031,180,40,bf_det_k16_l16_r16_c16_m4_w12g8_d32_s2_q2,6,59,3.428210e+03
64qam,64,16,5.000000e-01,8524,dsp,1032,180,40,bf_det_k16_l16_r4_c16_m3_w14g4_d64_s2_q2,6,384,4.886560e+03
64qam,64,16,5.000000e-01,8524,lut,1033,180,40,bf_det_k16_l16_r4_c16_m3_w12g8_d32_s2_q2,6,100759,4.991390e+03
64qam,64,16,5.000000e-01,8524,ff,1034,180,40,bf_det_k16_l16_r4_c16_m3_w12g8_d32_s2_q2,6,59171,4.991390e+03
64qam,64,16,5.000000e-01,8524,bram,1035,180,40,bf_det_k16_l16_r16_c16_m4_w12g8_d32_s2_q2,6,59,3.428210e+03
64qam,64,16,5.000000e-01,13015,dsp,1036,180,80,bf_det_k16_l16_r1_c16_m3_w14g4_d64_s2_q2,6,240,1.046275e+04
64qam,64,16,5.000000e-01,13015,lut,1037,180,80,bf_det_k16_l4_r16_c4_m3_w12g8_d32_s2_q2,6,48637,1.217851e+04
64qam,64,16,5.000000e-01,13015,ff,1038,180,80,bf_det_k16_l4_r16_c4_m3_w12g8_d32_s2_q2,6,30757,1.217851e+04
64qam,64,16,5.000000e-01,13015,bram,1039,180,80,bf_det_k16_l16_r16_c16_m4_w12g8_d32_s2_q2,6,59,3.428210e+03
64qam,64,16,5.000000e-01,19873,dsp,1040,180,100,bf_det_k16_l4_r4_c4_m3_w14g4_d64_s2_q2,6,96,1.584754e+04
64qam,64,16,5.000000e-01,19873,lut,1041,180,100,bf_det_k16_l4_r4_c4_m3_w12g8_d32_s2_q2,6,42240,1.622697e+04
64qam,64,16,5.000000e-01,19873,ff,1042,180,100,bf_det_k16_l4_r4_c4_m3_w12g8_d32_s2_q2,6,24046,1.622697e+04
64qam,64,16,5.000000e-01,19873,bram,1043,180,100,bf_det_k16_l16_r16_c16_m4_w12g8_d32_s2_q2,6,59,3.428210e+03
64qam,64,16,5.000000e-01,30345,dsp,1044,180,120,bf_det_k16_l4_r1_c4_m3_w14g4_d64_s2_q2,6,60,2.533337e+04
64qam,64,16,5.000000e-01,30345,lut,1045,180,120,bf_det_k16_l4_r1_c4_m3_w12g8_d32_s2_q2,6,40640,2.571280e+04
64qam,64,16,5.000000e-01,30345,ff,1046,180,120,bf_det_k16_l4_r1_c4_m3_w12g8_d32_s2_q2,6,22368,2.571280e+04
64qam,64,16,5.000000e-01,30345,bram,1047,180,120,bf_det_k16_l16_r16_c16_m4_w12g8_d32_s2_q2,6,59,3.428210e+03
64qam,64,16,5.000000e-01,46334,dsp,1048,180,152,bf_det_k16_l4_r1_c4_m3_w14g4_d64_s2_q2,6,60,2.533337e+04
64qam,64,16,5.000000e-01,46334,lut,1049,180,152,bf_det_k16_l1_r4_c4_m3_w12g8_d32_s2_q2,6,30119,4.546268e+04
64qam,64,16,5.000000e-01,46334,ff,1050,180,152,bf_det_k16_l1_r4_c4_m3_w12g8_d32_s2_q2,6,17780,4.546268e+04
64qam,64,16,5.000000e-01,46334,bram,1051,180,152,bf_det_k16_l1_r16_c4_m4_w12g8_d32_s2_q2,6,37,4.130338e+04
64qam,64,16,5.000000e-01,70749,dsp,1052,180,180,bf_det_k16_l1_r1_c4_m3_w14g4_d64_s2_q2,6,24,5.986484e+04
64qam,64,16,5.000000e-01,70749,lut,1053,180,180,bf_det_k16_l1_r1_c4_m3_w12g8_d32_s2_q2,6,28386,6.134268e+04
64qam,64,16,5.000000e-01,70749,ff,1054,180,180,bf_det_k16_l1_r1_c4_m3_w12g8_d32_s2_q2,6,16102,6.134268e+04
64qam,64,16,5.000000e-01,70749,bram,1055,180,180,bf_det_k16_l1_r16_c4_m4_w12g8_d32_s2_q2,6,37,4.130338e+04
64qam,64,16,1.000000e+00,3526,dsp,416,252,20,bf_det_k16_l16_r16_c16_m3_w12g4_d64_s2_q2,6,960,3.233140e+03
64qam,64,16,1.000000e+00,3526,lut,417,252,20,bf_det_k16_l16_r16_c16_m3_w12g4_d32_s2_q2,6,122840,3.238140e+03
64qam,64,16,1.000000e+00,3526,ff,418,252,20,bf_det_k16_l16_r16_c16_m3_w12g4_d32_s2_q2,6,84347,3.238140e+03
64qam,64,16,1.000000e+00,3526,bram,419,252,20,bf_det_k16_l16_r16_c16_m4_w12g4_d32_s2_q2,6,59,3.210430e+03
64qam,64,16,1.000000e+00,5412,dsp,420,252,56,bf_det_k16_l16_r4_c16_m3_w12g4_d64_s2_q2,6,384,4.768610e+03
64qam,64,16,1.000000e+00,5412,lut,421,252,56,bf_det_k16_l16_r4_c16_m3_w12g4_d32_s2_q2,6,97252,4.773610e+03
64qam,64,16,1.000000e+00,5412,ff,422,252,56,bf_det_k16_l16_r4_c16_m3_w12g4_d32_s2_q2,6,55760,4.773610e+03
64qam,64,16,1.000000e+00,5412,bram,423,252,56,bf_det_k16_l16_r16_c16_m4_w12g4_d32_s2_q2,6,59,3.210430e+03
64qam,64,16,1.000000e+00,8307,dsp,424,252,56,bf_det_k16_l16_r4_c16_m3_w12g4_d64_s2_q2,6,384,4.768610e+03
64qam,64,16,1.000000e+00,8307,lut,425,252,56,bf_det_k16_l16_r4_c16_m3_w12g4_d32_s2_q2,6,97252,4.773610e+03
64qam,64,16,1.000000e+00,8307,ff,426,252,56,bf_det_k16_l16_r4_c16_m3_w12g4_d32_s2_q2,6,55760,4.773610e+03
64qam,64,16,1.000000e+00,8307,bram,427,252,56,bf_det_k16_l16_r16_c16_m4_w12g4_d32_s2_q2,6,59,3.210430e+03
64qam,64,16,1.000000e+00,12749,dsp,428,252,108,bf_det_k16_l16_r1_c16_m3_w12g4_d64_s2_q2,6,240,1.034480e+04
64qam,64,16,1.000000e+00,12749,lut,429,252,108,bf_det_k16_l4_r16_c4_m3_w12g4_d32_s2_q2,6,47657,1.141226e+04
64qam,64,16,1.000000e+00,12749,ff,430,252,108,bf_det_k16_l4_r16_c4_m3_w12g4_d32_s2_q2,6,30019,1.141226e+04
64qam,64,16,1.000000e+00,12749,bram,431,252,108,bf_det_k16_l16_r16_c16_m4_w12g4_d32_s2_q2,6,59,3.210430e+03
64qam,64,16,1.000000e+00,19568,dsp,432,252,140,bf_det_k16_l4_r4_c4_m3_w12g4_d64_s2_q2,6,96,1.545572e+04
64qam,64,16,1.000000e+00,19568,lut,433,252,140,bf_det_k16_l4_r4_c4_m3_w12g4_d32_s2_q2,6,41260,1.546072e+04
64qam,64,16,1.000000e+00,19568,ff,434,252,140,bf_det_k16_l4_r4_c4_m3_w12g4_d32_s2_q2,6,23308,1.546072e+04
64qam,64,16,1.000000e+00,19568,bram,435,252,140,bf_det_k16_l16_r16_c16_m4_w12g4_d32_s2_q2,6,59,3.210430e+03
64qam,64,16,1.000000e+00,30033,dsp,436,252,168,bf_det_k16_l4_r1_c4_m3_w12g4_d64_s2_q2,6,60,2.494155e+04
64qam,64,16,1.000000e+00,30033,lut,437,252,168,bf_det_k16_l4_r1_c4_m3_w12g4_d32_s2_q2,6,39660,2.494655e+04
64qam,64,16,1.000000e+00,30033,ff,438,252,168,bf_det_k16_l4_r1_c4_m3_w12g4_d32_s2_q2,6,21630,2.494655e+04
64qam,64,16,1.000000e+00,30033,bram,439,252,168,bf_det_k16_l16_r16_c16_m4_w12g4_d32_s2_q2,6,59,3.210430e+03
64qam,64,16,1.000000e+00,46096,dsp,440,252,216,bf_det_k16_l4_r1_c4_m3_w12g4_d64_s2_q2,6,60,2.494155e+04
64qam,64,16,1.000000e+00,46096,lut,441,252,216,bf_det_k16_l1_r4_c4_m3_w12g4_d32_s2_q2,6,29771,4.250256e+04
64qam,64,16,1.000000e+00,46096,ff,442,252,216,bf_det_k16_l1_r4_c4_m3_w12g4_d32_s2_q2,6,17561,4.250256e+04
64qam,64,16,1.000000e+00,46096,bram,443,252,216,bf_det_k16_l1_r16_c4_m4_w12g4_d32_s2_q2,6,37,3.834326e+04
64qam,64,16,1.000000e+00,70749,dsp,444,252,252,bf_det_k16_l1_r1_c4_m3_w12g4_d64_s2_q2,6,24,5.837755e+04
64qam,64,16,1.000000e+00,70749,lut,445,252,252,bf_det_k16_l1_r1_c4_m3_w12g4_d32_s2_q2,6,28038,5.838255e+04
64qam,64,16,1.000000e+00,70749,ff,446,252,252,bf_det_k16_l1_r1_c4_m3_w12g4_d32_s2_q2,6,15883,5.838255e+04
64qam,64,16,1.000000e+00,70749,bram,447,252,252,bf_det_k16_l1_r16_c4_m4_w12g4_d32_s2_q2,6,37,3.834326e+04
64qam,128,4,2.500000e-01,1180,dsp,800,120,12,bf_det_k4_l16_r4_c16_m3_w14g4_d64_s2_q2,3,384,1.086490e+03
64qam,128,4,2.500000e-01,1180,lut,801,120,12,bf_det_k4_l16_r4_c16_m3_w12g8_d32_s2_q2,3,86719,1.141290e+03
64qam,128,4,2.500000e-01,1180,ff,802,120,12,bf_det_k4_l16_r4_c16_m3_w12g8_d32_s2_q2,3,52488,1.141290e+03
64qam,128,4,2.500000e-01,1180,bram,803,120,12,bf_det_k4_l16_r4_c16_m4_w12g8_d32_s2_q2,3,48,1.127440e+03
64qam,128,4,2.500000e-01,1729,dsp,804,120,38,bf_det_k4_l16_r1_c16_m3_w14g4_d64_s2_q2,3,240,1.567520e+03
64qam,128,4,2.500000e-01,1729,lut,805,120,38,bf_det_k4_l16_r1_c16_m3_w12g8_d32_s2_q2,3,80322,1.622310e+03
64qam,128,4,2.500000e-01,1729,ff,806,120,38,bf_det_k4_l16_r1_c16_m3_w12g8_d32_s2_q2,3,45196,1.622310e+03
64qam,128,4,2.500000e-01,1729,bram,807,120,38,bf_det_k4_l16_r4_c16_m4_w12g8_d32_s2_q2,3,48,1.127440e+03
64qam,128,4,2.500000e-01,2533,dsp,808,120,40,bf_det_k4_l16_r1_c16_m3_w14g4_d64_s2_q2,3,240,1.567520e+03
64qam,128,4,2.500000e-01,2533,lut,809,120,40,bf_det_k4_l16_r1_c16_m3_w12g8_d32_s2_q2,3,80322,1.622310e+03
64qam,128,4,2.500000e-01,2533,ff,810,120,40,bf_det_k4_l16_r1_c16_m3_w12g8_d32_s2_q2,3,45196,1.622310e+03
64qam,128,4,2.500000e-01,2533,bram,811,120,40,bf_det_k4_l16_r4_c16_m4_w12g8_d32_s2_q2,3,48,1.127440e+03
64qam,128,4,2.500000e-01,3711,dsp,812,120,50,bf_det_k4_l4_r1_c4_m4_w14g4_d64_s2_q2,3,64,3.647770e+03
64qam,128,4,2.500000e-01,3711,lut,813,120,50,bf_det_k4_l4_r1_c4_m4_w14g4_d32_s2_q2,3,28324,3.652770e+03
64qam,128,4,2.500000e-01,3711,ff,814,120,50,bf_det_k4_l4_r1_c4_m4_w14g4_d32_s2_q2,3,16785,3.652770e+03
64qam,128,4,2.500000e-01,3711,bram,815,120,50,bf_det_k4_l4_r4_c4_m4_w12g8_d32_s2_q2,3,16,3.664000e+03
64qam,128,4,2.500000e-01,5437,dsp,816,120,80,bf_det_k4_l4_r1_c4_m3_w14g4_d64_s2_q2,3,60,3.869440e+03
64qam,128,4,2.500000e-01,5437,lut,817,120,80,bf_det_k4_l4_r1_c4_m3_w12g8_d32_s2_q2,3,27368,4.061540e+03
64qam,128,4,2.500000e-01,5437,ff,818,120,80,bf_det_k4_l4_r1_c4_m3_w12g8_d32_s2_q2,3,15683,4.061540e+03
64qam,128,4,2.500000e-01,5437,bram,819,120,80,bf_det_k4_l4_r4_c4_m4_w12g8_d32_s2_q2,3,16,3.664000e+03
64qam,128,4,2.500000e-01,7965,dsp,820,120,80,bf_det_k4_l4_r1_c4_m3_w14g4_d64_s2_q2,3,60,3.869440e+03
64qam,128,4,2.500000e-01,7965,lut,821,120,80,bf_det_k4_l4_r1_c4_m3_w12g8_d32_s2_q2,3,27368,4.061540e+03
64qam,128,4,2.500000e-01,7965,ff,822,120,80,bf_det_k4_l4_r1_c4_m3_w12g8_d32_s2_q2,3,15683,4.061540e+03
64qam,128,4,2.500000e-01,7965,bram,823,120,80,bf_det_k4_l4_r4_c4_m4_w12g8_d32_s2_q2,3,16,3.664000e+03
64qam,128,4,2.500000e-01,11669,dsp,824,120,80,bf_det_k4_l4_r1_c4_m3_w14g4_d64_s2_q2,3,60,3.869440e+03
64qam,128,4,2.500000e-01,11669,lut,825,120,80,bf_det_k4_l4_r1_c4_m3_w12g8_d32_s2_q2,3,27368,4.061540e+03
64qam,128,4,2.500000e-01,11669,ff,826,120,80,bf_det_k4_l4_r1_c4_m3_w12g8_d32_s2_q2,3,15683,4.061540e+03
64qam,128,4,2.500000e-01,11669,bram,827,120,80,bf_det_k4_l4_r4_c4_m4_w12g8_d32_s2_q2,3,16,3.664000e+03
64qam,128,4,2.500000e-01,17096,dsp,828,120,120,bf_det_k4_l1_r1_c4_m3_w14g4_d64_s2_q2,3,24,1.331229e+04
64qam,128,4,2.500000e-01,17096,lut,829,120,120,bf_det_k4_l1_r1_c4_m3_w12g8_d32_s2_q2,3,14971,1.405359e+04
64qam,128,4,2.500000e-01,17096,ff,830,120,120,bf_det_k4_l1_r1_c4_m3_w12g8_d32_s2_q2,3,9417,1.405359e+04
64qam,128,4,2.500000e-01,17096,bram,831,120,120,bf_det_k4_l1_r4_c4_m4_w14g4_d32_s2_q2,3,14,1.214087e+04
64qam,128,4,5.000000e-01,797,dsp,1056,168,13,bf_det_k4_l16_r4_c16_m3_w14g4_d64_s2_q2,2,384,7.332200e+02
64qam,128,4,5.000000e-01,797,lut,1057,168,13,bf_det_k4_l16_r4_c16_m3_w12g8_d32_s2_q2,2,86719,7.713400e+02
64qam,128,4,5.000000e-01,797,ff,1058,168,13,bf_det_k4_l16_r4_c16_m3_w12g8_d32_s2_q2,2,52488,7.713400e+02
64qam,128,4,5.000000e-01,797,bram,1059,168,13,bf_det_k4_l16_r4_c16_m4_w12g8_d32_s2_q2,2,48,7.621000e+02
64qam,128,4,5.000000e-01,1247,dsp,1060,168,40,bf_det_k4_l16_r1_c16_m3_w14g4_d64_s2_q2,2,240,1.053900e+03
64qam,128,4,5.000000e-01,1247,lut,1061,168,40,bf_det_k4_l16_r1_c16_m3_w12g8_d32_s2_q2,2,80322,1.092020e+03
64qam,128,4,5.000000e-01,1247,ff,1062,168,40,bf_det_k4_l16_r1_c16_m3_w12g8_d32_s2_q2,2,45196,1.092020e+03
64qam,128,4,5.000000e-01,1247,bram,1063,168,40,bf_det_k4_l16_r4_c16_m4_w12g8_d32_s2_q2,2,48,7.621000e+02
64qam,128,4,5.000000e-01,1952,dsp,1064,168,52,bf_det_k4_l16_r1_c16_m3_w14g4_d64_s2_q2,2,240,1.053900e+03
64qam,128,4,5.000000e-01,1952,lut,1065,168,52,bf_det_k4_l16_r1_c16_m4_w12g4_d32_s2_q2,4,76927,1.933530e+03
64qam,128,4,5.000000e-01,1952,ff,1066,168,52,bf_det_k4_l16_r1_c16_m4_w12g4_d32_s2_q2,4,42717,1.933530e+03
64qam,128,4,5.000000e-01,1952,bram,1067,168,52,bf_det_k4_l16_r4_c16_m4_w12g8_d32_s2_q2,2,48,7.621000e+02
64qam,128,4,5.000000e-01,3056,dsp,1068,168,96,bf_det_k4_l4_r1_c4_m3_w14g4_d64_s2_q2,2,60,2.604520e+03
64qam,128,4,5.000000e-01,3056,lut,1069,168,96,bf_det_k4_l4_r1_c4_m3_w12g8_d32_s2_q2,2,27368,2.734170e+03
64qam,128,4,5.000000e-01,3056,ff,1070,168,96,bf_det_k4_l4_r1_c4_m3_w12g8_d32_s2_q2,2,15683,2.734170e+03
64qam,128,4,5.000000e-01,3056,bram,1071,168,96,bf_det_k4_l4_r4_c4_m4_w12g8_d32_s2_q2,2,16,2.469140e+03
64qam,128,4,5.000000e-01,4784,dsp,1072,168,108,bf_det_k4_l4_r1_c4_m3_w14g4_d64_s2_q2,2,60,2.604520e+03
64qam,128,4,5.000000e-01,4784,lut,1073,168,108,bf_det_k4_l4_r1_c4_m4_w12g4_d32_s2_q2,4,26416,4.582510e+03
64qam,128,4,5.000000e-01,4784,ff,1074,168,108,bf_det_k4_l4_r1_c4_m4_w12g4_d32_s2_q2,4,15178,4.582510e+03
64qam,128,4,5.000000e-01,4784,bram,1075,168,108,bf_det_k4_l4_r4_c4_m4_w12g8_d32_s2_q2,2,16,2.469140e+03
64qam,128,4,5.000000e-01,7489,dsp,1076,168,112,bf_det_k4_l4_r1_c4_m3_w14g4_d64_s2_q2,2,60,2.604520e+03
64qam,128,4,5.000000e-01,7489,lut,1077,168,112,bf_det_k4_l4_r1_c4_m3_w12g4_d32_s2_q2,4,26388,4.878080e+03
64qam,128,4,5.000000e-01,7489,ff,1078,168,112,bf_det_k4_l4_r1_c4_m3_w12g4_d32_s2_q2,4,14945,4.878080e+03
64qam,128,4,5.000000e-01,7489,bram,1079,168,112,bf_det_k4_l4_r4_c4_m4_w12g8_d32_s2_q2,2,16,2.469140e+03
64qam,128,4,5.000000e-01,11724,dsp,1080,168,152,bf_det_k4_l1_r1_c4_m3_w14g4_d64_s2_q2,2,24,8.963740e+03
64qam,128,4,5.000000e-01,11724,lut,1081,168,152,bf_det_k4_l1_r1_c4_m3_w12g8_d32_s2_q2,2,14971,9.459520e+03
64qam,128,4,5.000000e-01,11724,ff,1082,168,152,bf_det_k4_l1_r1_c4_m3_w12g8_d32_s2_q2,2,9417,9.459520e+03
64qam,128,4,5.000000e-01,11724,bram,1083,168,152,bf_det_k4_l1_r4_c4_m4_w14g4_d32_s2_q2,2,14,8.184460e+03
64qam,128,4,5.000000e-01,18353,dsp,1084,168,168,bf_det_k4_l1_r1_c4_m3_w14g4_d64_s2_q2,2,24,8.963740e+03
64qam,128,4,5.000000e-01,18353,lut,1085,168,168,bf_det_k4_l1_r1_c4_m3_w12g4_d32_s2_q2,4,14623,1.667424e+04
64qam,128,4,5.000000e-01,18353,ff,1086,168,168,bf_det_k4_l1_r1_c4_m3_w12g4_d32_s2_q2,4,9198,1.667424e+04
64qam,128,4,5.000000e-01,18353,bram,1087,168,168,bf_det_k4_l1_r4_c4_m4_w14g4_d32_s2_q2,2,14,8.184460e+03
64qam,128,4,1.000000e+00,753,dsp,512,192,16,bf_det_k4_l16_r4_c16_m4_w10g8_d64_s2_q2,2,208,7.176300e+02
64qam,128,4,1.000000e+00,753,lut,513,192,16,bf_det_k4_l16_r4_c16_m3_w12g4_d32_s2_q2,2,83212,6.987500e+02
64qam,128,4,1.000000e+00,753,ff,514,192,16,bf_det_k4_l16_r4_c16_m3_w10g8_d32_s2_q2,2,49064,7.318700e+02
64qam,128,4,1.000000e+00,753,bram,515,192,16,bf_det_k4_l16_r4_c16_m4_w10g8_d32_s2_q2,2,40,7.226300e+02
64qam,128,4,1.000000e+00,1112,dsp,516,192,58,bf_det_k4_l16_r1_c16_m4_w10g8_d64_s2_q2,2,112,1.010600e+03
64qam,128,4,1.000000e+00,1112,lut,517,192,58,bf_det_k4_l16_r1_c16_m3_w12g4_d32_s2_q2,2,76815,1.019430e+03
64qam,128,4,1.000000e+00,1112,ff,518,192,58,bf_det_k4_l16_r1_c16_m3_w12g4_d32_s2_q2,2,41785,1.019430e+03
64qam,128,4,1.000000e+00,1112,bram,519,192,58,bf_det_k4_l16_r4_c16_m4_w10g8_d32_s2_q2,2,40,7.226300e+02
64qam,128,4,1.000000e+00,1641,dsp,520,192,64,bf_det_k4_l16_r1_c16_m4_w10g8_d64_s2_q2,2,112,1.010600e+03
64qam,128,4,1.000000e+00,1641,lut,521,192,64,bf_det_k4_l16_r1_c16_m3_w12g4_d32_s2_q2,2,76815,1.019430e+03
64qam,128,4,1.000000e+00,1641,ff,522,192,64,bf_det_k4_l16_r1_c16_m3_w12g4_d32_s2_q2,2,41785,1.019430e+03
64qam,128,4,1.000000e+00,1641,bram,523,192,64,bf_det_k4_l16_r4_c16_m4_w10g8_d32_s2_q2,2,40,7.226300e+02
64qam,128,4,1.000000e+00,2422,dsp,524,192,84,bf_det_k4_l4_r4_c4_m4_w10g8_d64_s2_q2,2,52,2.333380e+03
64qam,128,4,1.000000e+00,2422,lut,525,192,84,bf_det_k4_l4_r1_c4_m4_w12g4_d32_s2_q2,2,26416,2.330970e+03
64qam,128,4,1.000000e+00,2422,ff,526,192,84,bf_det_k4_l4_r1_c4_m4_w12g4_d32_s2_q2,2,15178,2.330970e+03
64qam,128,4,1.000000e+00,2422,bram,527,192,84,bf_det_k4_l4_r4_c4_m4_w12g4_d32_s2_q2,2,16,2.213720e+03
64qam,128,4,1.000000e+00,3575,dsp,528,192,128,bf_det_k4_l4_r1_c4_m4_w10g8_d64_s2_q2,2,28,2.450620e+03
64qam,128,4,1.000000e+00,3575,lut,529,192,128,bf_det_k4_l4_r1_c4_m3_w12g4_d32_s2_q2,2,26388,2.478750e+03
64qam,128,4,1.000000e+00,3575,ff,530,192,128,bf_det_k4_l4_r1_c4_m3_w12g4_d32_s2_q2,2,14945,2.478750e+03
64qam,128,4,1.000000e+00,3575,bram,531,192,128,bf_det_k4_l4_r4_c4_m4_w12g4_d32_s2_q2,2,16,2.213720e+03
64qam,128,4,1.000000e+00,5277,dsp,532,192,128,bf_det_k4_l4_r1_c4_m4_w10g8_d64_s2_q2,2,28,2.450620e+03
64qam,128,4,1.000000e+00,5277,lut,533,192,128,bf_det_k4_l4_r1_c4_m3_w12g4_d32_s2_q2,2,26388,2.478750e+03
64qam,128,4,1.000000e+00,5277,ff,534,192,128,bf_det_k4_l4_r1_c4_m3_w12g4_d32_s2_q2,2,14945,2.478750e+03
64qam,128,4,1.000000e+00,5277,bram,535,192,128,bf_det_k4_l4_r4_c4_m4_w12g4_d32_s2_q2,2,16,2.213720e+03
64qam,128,4,1.000000e+00,7789,dsp,536,192,136,bf_det_k4_l4_r1_c4_m4_w10g8_d64_s2_q2,2,28,2.450620e+03
64qam,128,4,1.000000e+00,7789,lut,537,192,136,bf_det_k4_l1_r4_c4_m3_w12g4_d32_s2_q2,2,16355,7.725480e+03
64qam,128,4,1.000000e+00,7789,ff,538,192,136,bf_det_k4_l1_r4_c4_m3_w12g4_d32_s2_q2,2,10876,7.725480e+03
64qam,128,4,1.000000e+00,7789,bram,539,192,136,bf_det_k4_l1_r4_c4_m4_w12g4_d32_s2_q2,2,14,7.688540e+03
64qam,128,4,1.000000e+00,11497,dsp,540,192,192,bf_det_k4_l1_r1_c4_m4_w10g8_d64_s2_q2,2,13,8.810820e+03
64qam,128,4,1.000000e+00,11497,lut,541,192,192,bf_det_k4_l1_r1_c4_m3_w12g4_d32_s2_q2,2,14623,8.472810e+03
64qam,128,4,1.000000e+00,11497,ff,542,192,192,bf_det_k4_l1_r1_c4_m3_w10g8_d32_s2_q2,2,9077,8.963600e+03
64qam,128,4,1.000000e+00,11497,bram,543,192,192,bf_det_k4_l1_r4_c4_m4_w12g4_d32_s2_q2,2,14,7.688540e+03
64qam,128,8,2.500000e-01,1410,dsp,1088,180,16,bf_det_k8_l16_r8_c16_m3_w14g4_d64_s2_q2,3,576,1.295290e+03
64qam,128,8,2.500000e-01,1410,lut,1089,180,16,bf_det_k8_l16_r8_c16_m3_w12g8_d32_s2_q2,3,99170,1.350090e+03
64qam,128,8,2.500000e-01,1410,ff,1090,180,16,bf_det_k8_l16_r8_c16_m3_w12g8_d32_s2_q2,3,63447,1.350090e+03
64qam,128,8,2.500000e-01,1410,bram,1091,180,16,bf_det_k8_l16_r8_c16_m4_w12g8_d32_s2_q2,3,54,1.336230e+03
64qam,128,8,2.500000e-01,2095,dsp,1092,180,40,bf_det_k8_l16_r4_c16_m3_w14g4_d64_s2_q2,3,384,1.503200e+03
64qam,128,8,2.500000e-01,2095,lut,1093,180,40,bf_det_k8_l16_r4_c16_m3_w12g8_d32_s2_q2,3,90641,1.558000e+03
64qam,128,8,2.500000e-01,2095,ff,1094,180,40,bf_det_k8_l16_r4_c16_m3_w12g8_d32_s2_q2,3,53918,1.558000e+03
64qam,128,8,2.500000e-01,2095,bram,1095,180,40,bf_det_k8_l16_r8_c16_m4_w12g8_d32_s2_q2,3,54,1.336230e+03
64qam,128,8,2.500000e-01,3112,dsp,1096,180,60,bf_det_k8_l16_r1_c16_m3_w14g4_d64_s2_q2,3,240,2.609250e+03
64qam,128,8,2.500000e-01,3112,lut,1097,180,60,bf_det_k8_l16_r1_c16_m3_w12g8_d32_s2_q2,3,84244,2.664050e+03
64qam,128,8,2.500000e-01,3112,ff,1098,180,60,bf_det_k8_l16_r1_c16_m3_w12g8_d32_s2_q2,3,46626,2.664050e+03
64qam,128,8,2.500000e-01,3112,bram,1099,180,60,bf_det_k8_l16_r8_c16_m4_w12g8_d32_s2_q2,3,54,1.336230e+03
64qam,128,8,2.500000e-01,4624,dsp,1100,180,72,bf_det_k8_l4_r8_c4_m3_w14g4_d64_s2_q2,3,144,4.362500e+03
64qam,128,8,2.500000e-01,4624,lut,1101,180,72,bf_det_k8_l4_r8_c4_m3_w12g8_d32_s2_q2,3,35022,4.554590e+03
64qam,128,8,2.500000e-01,4624,ff,1102,180,72,bf_det_k8_l4_r8_c4_m3_w12g8_d32_s2_q2,3,21029,4.554590e+03
64qam,128,8,2.500000e-01,4624,bram,1103,180,72,bf_det_k8_l4_r8_c4_m4_w12g8_d32_s2_q2,3,22,4.499180e+03
64qam,128,8,2.500000e-01,6870,dsp,1104,180,120,bf_det_k8_l4_r1_c4_m3_w14g4_d64_s2_q2,3,60,6.078300e+03
64qam,128,8,2.500000e-01,6870,lut,1105,180,120,bf_det_k8_l4_r1_c4_m3_w12g8_d32_s2_q2,3,31290,6.270390e+03
64qam,128,8,2.500000e-01,6870,ff,1106,180,120,bf_det_k8_l4_r1_c4_m3_w12g8_d32_s2_q2,3,17114,6.270390e+03
64qam,128,8,2.500000e-01,6870,bram,1107,180,120,bf_det_k8_l4_r8_c4_m4_w12g8_d32_s2_q2,3,22,4.499180e+03
64qam,128,8,2.500000e-01,10208,dsp,1108,180,120,bf_det_k8_l4_r1_c4_m3_w14g4_d64_s2_q2,3,60,6.078300e+03
64qam,128,8,2.500000e-01,10208,lut,1109,180,120,bf_det_k8_l4_r1_c4_m3_w12g8_d32_s2_q2,3,31290,6.270390e+03
64qam,128,8,2.500000e-01,10208,ff,1110,180,120,bf_det_k8_l4_r1_c4_m3_w12g8_d32_s2_q2,3,17114,6.270390e+03
64qam,128,8,2.500000e-01,10208,bram,1111,180,120,bf_det_k8_l4_r8_c4_m4_w12g8_d32_s2_q2,3,22,4.499180e+03
64qam,128,8,2.500000e-01,15167,dsp,1112,180,124,bf_det_k8_l4_r1_c4_m3_w14g4_d64_s2_q2,3,60,6.078300e+03
64qam,128,8,2.500000e-01,15167,lut,1113,180,124,bf_det_k8_l1_r8_c4_m3_w14g4_d32_s2_q2,3,23796,1.496100e+04
64qam,128,8,2.500000e-01,15167,ff,1114,180,124,bf_det_k8_l1_r8_c4_m3_w14g4_d32_s2_q2,3,15944,1.496100e+04
64qam,128,8,2.500000e-01,15167,bram,1115,180,124,bf_det_k8_l1_r8_c4_m4_w14g4_d32_s2_q2,3,21,1.490559e+04
64qam,128,8,2.500000e-01,22535,dsp,1116,180,180,bf_det_k8_l1_r1_c4_m3_w14g4_d64_s2_q2,3,24,1.825675e+04
64qam,128,8,2.500000e-01,22535,lut,1117,180,180,bf_det_k8_l1_r1_c4_m3_w12g8_d32_s2_q2,3,18749,1.899804e+04
64qam,128,8,2.500000e-01,22535,ff,1118,180,180,bf_det_k8_l1_r1_c4_m3_w12g8_d32_s2_q2,3,10848,1.899804e+04
64qam,128,8,2.500000e-01,22535,bram,1119,180,180,bf_det_k8_l1_r8_c4_m4_w12g8_d32_s2_q2,3,20,1.564188e+04
64qam,128,8,5.000000e-01,1345,dsp,1120,252,15,bf_det_k8_l16_r8_c16_m3_w12g4_d64_s2_q2,3,576,1.236190e+03
64qam,128,8,5.000000e-01,1345,lut,1121,252,15,bf_det_k8_l16_r8_c16_m3_w12g4_d32_s2_q2,3,95663,1.241190e+03
64qam,128,8,5.000000e-01,1345,ff,1122,252,15,bf_det_k8_l16_r8_c16_m3_w12g4_d32_s2_q2,3,60036,1.241190e+03
64qam,128,8,5.000000e-01,1345,bram,1123,252,15,bf_det_k8_l16_r8_c16_m4_w12g4_d32_s2_q2,3,54,1.227340e+03
64qam,128,8,5.000000e-01,2012,dsp,1124,252,56,bf_det_k8_l16_r4_c16_m3_w12g4_d64_s2_q2,3,384,1.444110e+03
64qam,128,8,5.000000e-01,2012,lut,1125,252,56,bf_det_k8_l16_r4_c16_m3_w12g4_d32_s2_q2,3,87134,1.449110e+03
64qam,128,8,5.000000e-01,2012,ff,1126,252,56,bf_det_k8_l16_r4_c16_m3_w12g4_d32_s2_q2,3,50507,1.449110e+03
64qam,128,8,5.000000e-01,2012,bram,1127,252,56,bf_det_k8_l16_r8_c16_m4_w12g4_d32_s2_q2,3,54,1.227340e+03
64qam,128,8,5.000000e-01,3009,dsp,1128,252,84,bf_det_k8_l16_r1_c16_m3_w12g4_d64_s2_q2,3,240,2.550150e+03
64qam,128,8,5.000000e-01,3009,lut,1129,252,84,bf_det_k8_l16_r1_c16_m3_w12g4_d32_s2_q2,3,80737,2.555150e+03
64qam,128,8,5.000000e-01,3009,ff,1130,252,84,bf_det_k8_l16_r1_c16_m3_w12g4_d32_s2_q2,3,43215,2.555150e+03
64qam,128,8,5.000000e-01,3009,bram,1131,252,84,bf_det_k8_l16_r8_c16_m4_w12g4_d32_s2_q2,3,54,1.227340e+03
64qam,128,8,5.000000e-01,4501,dsp,1132,252,98,bf_det_k8_l4_r8_c4_m3_w12g4_d64_s2_q2,3,144,4.166470e+03
64qam,128,8,5.000000e-01,4501,lut,1133,252,98,bf_det_k8_l4_r8_c4_m3_w12g4_d32_s2_q2,3,34042,4.171470e+03
64qam,128,8,5.000000e-01,4501,ff,1134,252,98,bf_det_k8_l4_r8_c4_m3_w12g4_d32_s2_q2,3,20291,4.171470e+03
64qam,128,8,5.000000e-01,4501,bram,1135,252,98,bf_det_k8_l4_r8_c4_m4_w12g4_d32_s2_q2,3,22,4.116050e+03
64qam,128,8,5.000000e-01,6733,dsp,1136,252,168,bf_det_k8_l4_r1_c4_m3_w12g4_d64_s2_q2,3,60,5.882270e+03
64qam,128,8,5.000000e-01,6733,lut,1137,252,168,bf_det_k8_l4_r1_c4_m3_w12g4_d32_s2_q2,3,30310,5.887270e+03
64qam,128,8,5.000000e-01,6733,ff,1138,252,168,bf_det_k8_l4_r1_c4_m3_w12g4_d32_s2_q2,3,16376,5.887270e+03
64qam,128,8,5.000000e-01,6733,bram,1139,252,168,bf_det_k8_l4_r8_c4_m4_w12g4_d32_s2_q2,3,22,4.116050e+03
64qam,128,8,5.000000e-01,10071,dsp,1140,252,168,bf_det_k8_l4_r1_c4_m3_w12g4_d64_s2_q2,3,60,5.882270e+03
64qam,128,8,5.000000e-01,10071,lut,1141,252,168,bf_det_k8_l4_r1_c4_m3_w12g4_d32_s2_q2,3,30310,5.887270e+03
64qam,128,8,5.000000e-01,10071,ff,1142,252,168,bf_det_k8_l4_r1_c4_m3_w12g4_d32_s2_q2,3,16376,5.887270e+03
64qam,128,8,5.000000e-01,10071,bram,1143,252,168,bf_det_k8_l4_r8_c4_m4_w12g4_d32_s2_q2,3,22,4.116050e+03
64qam,128,8,5.000000e-01,15065,dsp,1144,252,188,bf_det_k8_l4_r1_c4_m3_w12g4_d64_s2_q2,3,60,5.882270e+03
64qam,128,8,5.000000e-01,15065,lut,1145,252,188,bf_det_k8_l1_r4_c4_m3_w12g4_d32_s2_q2,3,20133,1.469998e+04
64qam,128,8,5.000000e-01,15065,ff,1146,252,188,bf_det_k8_l1_r4_c4_m3_w12g4_d32_s2_q2,3,12307,1.469998e+04
64qam,128,8,5.000000e-01,15065,bram,1147,252,188,bf_det_k8_l1_r8_c4_m4_w12g4_d32_s2_q2,3,20,1.416182e+04
64qam,128,8,5.000000e-01,22535,dsp,1148,252,252,bf_det_k8_l1_r1_c4_m3_w12g4_d64_s2_q2,3,24,1.751298e+04
64qam,128,8,5.000000e-01,22535,lut,1149,252,252,bf_det_k8_l1_r1_c4_m3_w12g4_d32_s2_q2,3,18401,1.751798e+04
64qam,128,8,5.000000e-01,22535,ff,1150,252,252,bf_det_k8_l1_r1_c4_m3_w12g4_d32_s2_q2,3,10629,1.751798e+04
64qam,128,8,5.000000e-01,22535,bram,1151,252,252,bf_det_k8_l1_r8_c4_m4_w12g4_d32_s2_q2,3,20,1.416182e+04
64qam,128,8,1.000000e+00,1345,dsp,576,288,19,bf_det_k8_l16_r8_c16_m4_w10g8_d64_s2_q2,3,336,1.272140e+03
64qam,128,8,1.000000e+00,1345,lut,577,288,19,bf_det_k8_l16_r8_c16_m3_w12g4_d32_s2_q2,3,95663,1.241190e+03
64qam,128,8,1.000000e+00,1345,ff,578,288,19,bf_det_k8_l16_r8_c16_m3_w10g8_d32_s2_q2,3,58314,1.290990e+03
64qam,128,8,1.000000e+00,1345,bram,579,288,19,bf_det_k8_l16_r8_c16_m4_w10g8_d32_s2_q2,3,45,1.277140e+03
64qam,128,8,1.000000e+00,2012,dsp,580,288,64,bf_det_k8_l16_r4_c16_m4_w10g8_d64_s2_q2,3,208,1.466200e+03
64qam,128,8,1.000000e+00,2012,lut,581,288,64,bf_det_k8_l16_r4_c16_m3_w12g4_d32_s2_q2,3,87134,1.449110e+03
64qam,128,8,1.000000e+00,2012,ff,582,288,64,bf_det_k8_l16_r4_c16_m3_w10g8_d32_s2_q2,3,50287,1.498900e+03
64qam,128,8,1.000000e+00,2012,bram,583,288,64,bf_det_k8_l16_r8_c16_m4_w10g8_d32_s2_q2,3,45,1.277140e+03
64qam,128,8,1.000000e+00,3009,dsp,584,288,96,bf_det_k8_l16_r1_c16_m4_w10g8_d64_s2_q2,3,112,2.489120e+03
64qam,128,8,1.000000e+00,3009,lut,585,288,96,bf_det_k8_l16_r1_c16_m3_w12g4_d32_s2_q2,3,80737,2.555150e+03
64qam,128,8,1.000000e+00,3009,ff,586,288,96,bf_det_k8_l16_r1_c16_m3_w12g4_d32_s2_q2,3,43215,2.555150e+03
64qam,128,8,1.000000e+00,3009,bram,587,288,96,bf_det_k8_l16_r8_c16_m4_w10g8_d32_s2_q2,3,45,1.277140e+03
64qam,128,8,1.000000e+00,4501,dsp,588,288,114,bf_det_k8_l4_r8_c4_m4_w10g8_d64_s2_q2,3,84,4.298150e+03
64qam,128,8,1.000000e+00,4501,lut,589,288,114,bf_det_k8_l4_r8_c4_m3_w12g4_d32_s2_q2,3,34042,4.171470e+03
64qam,128,8,1.000000e+00,4501,ff,590,288,114,bf_det_k8_l4_r8_c4_m3_w10g8_d32_s2_q2,3,19586,4.358570e+03
64qam,128,8,1.000000e+00,4501,bram,591,288,114,bf_det_k8_l4_r8_c4_m4_w10g8_d32_s2_q2,3,21,4.303150e+03
64qam,128,8,1.000000e+00,6733,dsp,592,288,192,bf_det_k8_l4_r1_c4_m4_w10g8_d64_s2_q2,3,28,5.626020e+03
64qam,128,8,1.000000e+00,6733,lut,593,288,192,bf_det_k8_l4_r1_c4_m3_w12g4_d32_s2_q2,3,30310,5.887270e+03
64qam,128,8,1.000000e+00,6733,ff,594,288,192,bf_det_k8_l4_r1_c4_m3_w10g8_d32_s2_q2,3,16286,6.074370e+03
64qam,128,8,1.000000e+00,6733,bram,595,288,192,bf_det_k8_l4_r8_c4_m4_w10g8_d32_s2_q2,3,21,4.303150e+03
64qam,128,8,1.000000e+00,10071,dsp,596,288,192,bf_det_k8_l4_r1_c4_m4_w10g8_d64_s2_q2,3,28,5.626020e+03
64qam,128,8,1.000000e+00,10071,lut,597,288,192,bf_det_k8_l4_r1_c4_m3_w12g4_d32_s2_q2,3,30310,5.887270e+03
64qam,128,8,1.000000e+00,10071,ff,598,288,192,bf_det_k8_l4_r1_c4_m3_w10g8_d32_s2_q2,3,16286,6.074370e+03
64qam,128,8,1.000000e+00,10071,bram,599,288,192,bf_det_k8_l4_r8_c4_m4_w10g8_d32_s2_q2,3,21,4.303150e+03
64qam,128,8,1.000000e+00,15065,dsp,600,288,216,bf_det_k8_l4_r1_c4_m4_w10g8_d64_s2_q2,3,28,5.626020e+03
64qam,128,8,1.000000e+00,15065,lut,601,288,216,bf_det_k8_l1_r4_c4_m3_w12g4_d32_s2_q2,3,20133,1.469998e+04
64qam,128,8,1.000000e+00,15065,ff,602,288,216,bf_det_k8_l1_r4_c4_m3_w12g4_d32_s2_q2,3,12307,1.469998e+04
64qam,128,8,1.000000e+00,15065,bram,603,288,216,bf_det_k8_l1_r8_c4_m4_w10g8_d32_s2_q2,3,19,1.489812e+04
64qam,128,8,1.000000e+00,22535,dsp,604,288,288,bf_det_k8_l1_r1_c4_m4_w10g8_d64_s2_q2,3,13,1.780593e+04
64qam,128,8,1.000000e+00,22535,lut,605,288,288,bf_det_k8_l1_r1_c4_m3_w10g8_d32_s2_q2,3,18262,1.825428e+04
64qam,128,8,1.000000e+00,22535,ff,606,288,288,bf_det_k8_l1_r1_c4_m3_w10g8_d32_s2_q2,3,10301,1.825428e+04
64qam,128,8,1.000000e+00,22535,bram,607,288,288,bf_det_k8_l1_r8_c4_m4_w10g8_d32_s2_q2,3,19,1.489812e+04
64qam,128,16,2.500000e-01,2465,dsp,1152,216,17,bf_det_k16_l16_r16_c16_m3_w14g4_d64_s2_q2,4,960,2.258950e+03
64qam,128,16,2.500000e-01,2465,lut,1153,216,17,bf_det_k16_l16_r16_c16_m3_w12g8_d32_s2_q2,4,126347,2.330420e+03
64qam,128,16,2.500000e-01,2465,ff,1154,216,17,bf_det_k16_l16_r16_c16_m3_w12g8_d32_s2_q2,4,87758,2.330420e+03
64qam,128,16,2.500000e-01,2465,bram,1155,216,17,bf_det_k16_l16_r16_c16_m4_w12g8_d32_s2_q2,4,59,2.311950e+03
64qam,128,16,2.500000e-01,3927,dsp,1156,216,44,bf_det_k16_l16_r4_c16_m3_w14g4_d64_s2_q2,4,384,3.282590e+03
64qam,128,16,2.500000e-01,3927,lut,1157,216,44,bf_det_k16_l16_r4_c16_m3_w12g8_d32_s2_q2,4,100759,3.354070e+03
64qam,128,16,2.500000e-01,3927,ff,1158,216,44,bf_det_k16_l16_r4_c16_m3_w12g8_d32_s2_q2,4,59171,3.354070e+03
64qam,128,16,2.500000e-01,3927,bram,1159,216,44,bf_det_k16_l16_r16_c16_m4_w12g8_d32_s2_q2,4,59,2.311950e+03
64qam,128,16,2.500000e-01,6257,dsp,1160,216,48,bf_det_k16_l16_r4_c16_m3_w14g4_d64_s2_q2,4,384,3.282590e+03
64qam,128,16,2.500000e-01,6257,lut,1161,216,48,bf_det_k16_l16_r4_c16_m3_w12g8_d32_s2_q2,4,100759,3.354070e+03
64qam,128,16,2.500000e-01,6257,ff,1162,216,48,bf_det_k16_l16_r4_c16_m3_w12g8_d32_s2_q2,4,59171,3.354070e+03
64qam,128,16,2.500000e-01,6257,bram,1163,216,48,bf_det_k16_l16_r16_c16_m4_w12g8_d32_s2_q2,4,59,2.311950e+03
64qam,128,16,2.500000e-01,9969,dsp,1164,216,90,bf_det_k16_l16_r1_c16_m3_w14g4_d64_s2_q2,4,240,7.000050e+03
64qam,128,16,2.500000e-01,9969,lut,1165,216,90,bf_det_k16_l4_r16_c4_m3_w12g8_d32_s2_q2,4,48637,8.209470e+03
64qam,128,16,2.500000e-01,9969,ff,1166,216,90,bf_det_k16_l4_r16_c4_m3_w12g8_d32_s2_q2,4,30757,8.209470e+03
64qam,128,16,2.500000e-01,9969,bram,1167,216,90,bf_det_k16_l16_r16_c16_m4_w12g8_d32_s2_q2,4,59,2.311950e+03
64qam,128,16,2.500000e-01,15882,dsp,1168,216,122,bf_det_k16_l4_r1_c4_m4_w14g4_d64_s2_q2,4,64,1.579553e+04
64qam,128,16,2.500000e-01,15882,lut,1169,216,122,bf_det_k16_l4_r4_c4_m3_w12g8_d32_s2_q2,4,42240,1.090844e+04
64qam,128,16,2.500000e-01,15882,ff,1170,216,122,bf_det_k16_l4_r4_c4_m3_w12g8_d32_s2_q2,4,24046,1.090844e+04
64qam,128,16,2.500000e-01,15882,bram,1171,216,122,bf_det_k16_l16_r16_c16_m4_w12g8_d32_s2_q2,4,59,2.311950e+03
64qam,128,16,2.500000e-01,25305,dsp,1172,216,144,bf_det_k16_l4_r1_c4_m3_w14g4_d64_s2_q2,4,60,1.697779e+04
64qam,128,16,2.500000e-01,25305,lut,1173,216,144,bf_det_k16_l4_r1_c4_m3_w12g8_d32_s2_q2,4,40640,1.723233e+04
64qam,128,16,2.500000e-01,25305,ff,1174,216,144,bf_det_k16_l4_r1_c4_m3_w12g8_d32_s2_q2,4,22368,1.723233e+04
64qam,128,16,2.500000e-01,25305,bram,1175,216,144,bf_det_k16_l16_r16_c16_m4_w12g8_d32_s2_q2,4,59,2.311950e+03
64qam,128,16,2.500000e-01,40318,dsp,1176,216,196,bf_det_k16_l1_r1_c4_m3_w14g4_d64_s2_q2,4,24,4.025472e+04
64qam,128,16,2.500000e-01,40318,lut,1177,216,196,bf_det_k16_l1_r1_c4_m4_w12g8_d32_s2_q2,4,28415,4.005927e+04
64qam,128,16,2.500000e-01,40318,ff,1178,216,196,bf_det_k16_l1_r1_c4_m4_w12g8_d32_s2_q2,4,16335,4.005927e+04
64qam,128,16,2.500000e-01,40318,bram,1179,216,196,bf_det_k16_l1_r16_c4_m4_w12g8_d32_s2_q2,4,37,2.788200e+04
64qam,128,16,2.500000e-01,64237,dsp,1180,216,216,bf_det_k16_l1_r1_c4_m3_w14g4_d64_s2_q2,4,24,4.025472e+04
64qam,128,16,2.500000e-01,64237,lut,1181,216,216,bf_det_k16_l1_r1_c4_m3_w12g8_d32_s2_q2,4,28386,4.124153e+04
64qam,128,16,2.500000e-01,64237,ff,1182,216,216,bf_det_k16_l1_r1_c4_m3_w12g8_d32_s2_q2,4,16102,4.124153e+04
64qam,128,16,2.500000e-01,64237,bram,1183,216,216,bf_det_k16_l1_r16_c4_m4_w12g8_d32_s2_q2,4,37,2.788200e+04
64qam,128,16,5.000000e-01,2378,dsp,448,252,20,bf_det_k16_l16_r16_c16_m3_w12g4_d64_s2_q2,4,960,2.180230e+03
64qam,128,16,5.000000e-01,2378,lut,449,252,20,bf_det_k16_l16_r16_c16_m3_w12g4_d32_s2_q2,4,122840,2.185230e+03
64qam,128,16,5.000000e-01,2378,ff,450,252,20,bf_det_k16_l16_r16_c16_m3_w12g4_d32_s2_q2,4,84347,2.185230e+03
64qam,128,16,5.000000e-01,2378,bram,451,252,20,bf_det_k16_l16_r16_c16_m4_w12g4_d32_s2_q2,4,59,2.166760e+03
64qam,128,16,5.000000e-01,3648,dsp,452,252,56,bf_det_k16_l16_r4_c16_m3_w12g4_d64_s2_q2,4,384,3.203880e+03
64qam,128,16,5.000000e-01,3648,lut,453,252,56,bf_det_k16_l16_r4_c16_m3_w12g4_d32_s2_q2,4,97252,3.208880e+03
64qam,128,16,5.000000e-01,3648,ff,454,252,56,bf_det_k16_l16_r4_c16_m3_w12g4_d32_s2_q2,4,55760,3.208880e+03
64qam,128,16,5.000000e-01,3648,bram,455,252,56,bf_det_k16_l16_r16_c16_m4_w12g4_d32_s2_q2,4,59,2.166760e+03
64qam,128,16,5.000000e-01,5597,dsp,456,252,56,bf_det_k16_l16_r4_c16_m3_w12g4_d64_s2_q2,4,384,3.203880e+03
64qam,128,16,5.000000e-01,5597,lut,457,252,56,bf_det_k16_l16_r4_c16_m3_w12g4_d32_s2_q2,4,97252,3.208880e+03
64qam,128,16,5.000000e-01,5597,ff,458,252,56,bf_det_k16_l16_r4_c16_m3_w12g4_d32_s2_q2,4,55760,3.208880e+03
64qam,128,16,5.000000e-01,5597,bram,459,252,56,bf_det_k16_l16_r16_c16_m4_w12g4_d32_s2_q2,4,59,2.166760e+03
64qam,128,16,5.000000e-01,8585,dsp,460,252,108,bf_det_k16_l16_r1_c16_m3_w12g4_d64_s2_q2,4,240,6.921340e+03
64qam,128,16,5.000000e-01,8585,lut,461,252,108,bf_det_k16_l4_r16_c4_m3_w12g4_d32_s2_q2,4,47657,7.698640e+03
64qam,128,16,5.000000e-01,8585,ff,462,252,108,bf_det_k16_l4_r16_c4_m3_w12g4_d32_s2_q2,4,30019,7.698640e+03
64qam,128,16,5.000000e-01,8585,bram,463,252,108,bf_det_k16_l16_r16_c16_m4_w12g4_d32_s2_q2,4,59,2.166760e+03
64qam,128,16,5.000000e-01,13171,dsp,464,252,140,bf_det_k16_l4_r4_c4_m3_w12g4_d64_s2_q2,4,96,1.039261e+04
64qam,128,16,5.000000e-01,13171,lut,465,252,140,bf_det_k16_l4_r4_c4_m3_w12g4_d32_s2_q2,4,41260,1.039761e+04
64qam,128,16,5.000000e-01,13171,ff,466,252,140,bf_det_k16_l4_r4_c4_m3_w12g4_d32_s2_q2,4,23308,1.039761e+04
64qam,128,16,5.000000e-01,13171,bram,467,252,140,bf_det_k16_l16_r16_c16_m4_w12g4_d32_s2_q2,4,59,2.166760e+03
64qam,128,16,5.000000e-01,20204,dsp,468,252,168,bf_det_k16_l4_r1_c4_m3_w12g4_d64_s2_q2,4,60,1.671650e+04
64qam,128,16,5.000000e-01,20204,lut,469,252,168,bf_det_k16_l4_r1_c4_m3_w12g4_d32_s2_q2,4,39660,1.672150e+04
64qam,128,16,5.000000e-01,20204,ff,470,252,168,bf_det_k16_l4_r1_c4_m3_w12g4_d32_s2_q2,4,21630,1.672150e+04
64qam,128,16,5.000000e-01,20204,bram,471,252,168,bf_det_k16_l16_r16_c16_m4_w12g4_d32_s2_q2,4,59,2.166760e+03
64qam,128,16,5.000000e-01,30995,dsp,472,252,216,bf_det_k16_l4_r1_c4_m3_w12g4_d64_s2_q2,4,60,1.671650e+04
64qam,128,16,5.000000e-01,30995,lut,473,252,216,bf_det_k16_l1_r4_c4_m3_w12g4_d32_s2_q2,4,29771,2.868145e+04
64qam,128,16,5.000000e-01,30995,ff,474,252,216,bf_det_k16_l1_r4_c4_m3_w12g4_d32_s2_q2,4,17561,2.868145e+04
64qam,128,16,5.000000e-01,30995,bram,475,252,216,bf_det_k16_l1_r16_c4_m4_w12g4_d32_s2_q2,4,37,2.590859e+04
64qam,128,16,5.000000e-01,47548,dsp,476,252,252,bf_det_k16_l1_r1_c4_m3_w12g4_d64_s2_q2,4,24,3.926312e+04
64qam,128,16,5.000000e-01,47548,lut,477,252,252,bf_det_k16_l1_r1_c4_m3_w12g4_d32_s2_q2,4,28038,3.926812e+04
64qam,128,16,5.000000e-01,47548,ff,478,252,252,bf_det_k16_l1_r1_c4_m3_w12g4_d32_s2_q2,4,15883,3.926812e+04
64qam,128,16,5.000000e-01,47548,bram,479,252,252,bf_det_k16_l1_r16_c4_m4_w12g4_d32_s2_q2,4,37,2.590859e+04
64qam,128,16,1.000000e+00,2378,dsp,672,288,20,bf_det_k16_l16_r16_c16_m3_w12g4_d64_s2_q2,4,960,2.180230e+03
64qam,128,16,1.000000e+00,2378,lut,673,288,20,bf_det_k16_l16_r16_c16_m3_w12g4_d32_s2_q2,4,122840,2.185230e+03
64qam,128,16,1.000000e+00,2378,ff,674,288,20,bf_det_k16_l16_r16_c16_m3_w12g4_d32_s2_q2,4,84347,2.185230e+03
64qam,128,16,1.000000e+00,2378,bram,675,288,20,bf_det_k16_l16_r16_c16_m4_w12g4_d32_s2_q2,4,59,2.166760e+03
64qam,128,16,1.000000e+00,3795,dsp,676,288,60,bf_det_k16_l16_r4_c16_m3_w12g4_d64_s2_q2,4,384,3.203880e+03
64qam,128,16,1.000000e+00,3795,lut,677,288,60,bf_det_k16_l16_r4_c16_m3_w12g4_d32_s2_q2,4,97252,3.208880e+03
64qam,128,16,1.000000e+00,3795,ff,678,288,60,bf_det_k16_l16_r4_c16_m3_w12g4_d32_s2_q2,4,55760,3.208880e+03
64qam,128,16,1.000000e+00,3795,bram,679,288,60,bf_det_k16_l16_r16_c16_m4_w12g4_d32_s2_q2,4,59,2.166760e+03
64qam,128,16,1.000000e+00,6054,dsp,680,288,64,bf_det_k16_l16_r4_c16_m3_w12g4_d64_s2_q2,4,384,3.203880e+03
64qam,128,16,1.000000e+00,6054,lut,681,288,64,bf_det_k16_l16_r4_c16_m3_w12g4_d32_s2_q2,4,97252,3.208880e+03
64qam,128,16,1.000000e+00,6054,ff,682,288,64,bf_det_k16_l16_r4_c16_m3_w12g4_d32_s2_q2,4,55760,3.208880e+03
64qam,128,16,1.000000e+00,6054,bram,683,288,64,bf_det_k16_l16_r16_c16_m4_w12g4_d32_s2_q2,4,59,2.166760e+03
64qam,128,16,1.000000e+00,9660,dsp,684,288,120,bf_det_k16_l16_r1_c16_m3_w12g4_d64_s2_q2,4,240,6.921340e+03
64qam,128,16,1.000000e+00,9660,lut,685,288,120,bf_det_k16_l4_r16_c4_m3_w12g4_d32_s2_q2,4,47657,7.698640e+03
64qam,128,16,1.000000e+00,9660,ff,686,288,120,bf_det_k16_l4_r16_c4_m3_w12g4_d32_s2_q2,4,30019,7.698640e+03
64qam,128,16,1.000000e+00,9660,bram,687,288,120,bf_det_k16_l16_r16_c16_m4_w12g4_d32_s2_q2,4,59,2.166760e+03
64qam,128,16,1.000000e+00,15412,dsp,688,288,160,bf_det_k16_l4_r4_c4_m3_w12g4_d64_s2_q2,4,96,1.039261e+04
64qam,128,16,1.000000e+00,15412,lut,689,288,160,bf_det_k16_l4_r4_c4_m3_w12g4_d32_s2_q2,4,41260,1.039761e+04
64qam,128,16,1.000000e+00,15412,ff,690,288,160,bf_det_k16_l4_r4_c4_m3_w12g4_d32_s2_q2,4,23308,1.039761e+04
64qam,128,16,1.000000e+00,15412,bram,691,288,160,bf_det_k16_l16_r16_c16_m4_w12g4_d32_s2_q2,4,59,2.166760e+03
64qam,128,16,1.000000e+00,24590,dsp,692,288,192,bf_det_k16_l4_r1_c4_m3_w12g4_d64_s2_q2,4,60,1.671650e+04
64qam,128,16,1.000000e+00,24590,lut,693,288,192,bf_det_k16_l4_r1_c4_m3_w12g4_d32_s2_q2,4,39660,1.672150e+04
64qam,128,16,1.000000e+00,24590,ff,694,288,192,bf_det_k16_l4_r1_c4_m3_w12g4_d32_s2_q2,4,21630,1.672150e+04
64qam,128,16,1.000000e+00,24590,bram,695,288,192,bf_det_k16_l16_r16_c16_m4_w12g4_d32_s2_q2,4,59,2.166760e+03
64qam,128,16,1.000000e+00,39235,dsp,696,288,258,bf_det_k16_l1_r1_c4_m4_w12g4_d64_s2_q2,4,28,3.808086e+04
64qam,128,16,1.000000e+00,39235,lut,697,288,258,bf_det_k16_l1_r1_c4_m4_w12g4_d32_s2_q2,4,28067,3.808586e+04
64qam,128,16,1.000000e+00,39235,ff,698,288,258,bf_det_k16_l1_r1_c4_m4_w12g4_d32_s2_q2,4,16116,3.808586e+04
64qam,128,16,1.000000e+00,39235,bram,699,288,258,bf_det_k16_l1_r16_c4_m4_w12g4_d32_s2_q2,4,37,2.590859e+04
64qam,128,16,1.000000e+00,62601,dsp,700,288,288,bf_det_k16_l1_r1_c4_m3_w12g4_d64_s2_q2,4,24,3.926312e+04
64qam,128,16,1.000000e+00,62601,lut,701,288,288,bf_det_k16_l1_r1_c4_m3_w12g4_d32_s2_q2,4,28038,3.926812e+04
64qam,128,16,1.000000e+00,62601,ff,702,288,288,bf_det_k16_l1_r1_c4_m3_w12g4_d32_s2_q2,4,15883,3.926812e+04
64qam,128,16,1.000000e+00,62601,bram,703,288,288,bf_det_k16_l1_r16_c4_m4_w12g4_d32_s2_q2,4,37,2.590859e+04
qpsk,32,4,2.500000e-01,1115,dsp,1184,240,16,bf_det_k4_l16_r4_c16_m4_w10g8_d64_s2_q2,3,208,1.063340e+03
qpsk,32,4,2.500000e-01,1115,lut,1185,240,16,bf_det_k4_l16_r4_c16_m3_w12g4_d32_s2_q2,3,83212,1.032400e+03
qpsk,32,4,2.500000e-01,1115,ff,1186,240,16,bf_det_k4_l16_r4_c16_m3_w10g8_d32_s2_q2,3,49064,1.082200e+03
qpsk,32,4,2.500000e-01,1115,bram,1187,240,16,bf_det_k4_l16_r4_c16_m4_w10g8_d32_s2_q2,3,40,1.068340e+03
qpsk,32,4,2.500000e-01,1649,dsp,1188,240,66,bf_det_k4_l16_r1_c16_m4_w10g8_d64_s2_q2,3,112,1.502800e+03
qpsk,32,4,2.500000e-01,1649,lut,1189,240,66,bf_det_k4_l16_r1_c16_m3_w12g4_d32_s2_q2,3,76815,1.513420e+03
qpsk,32,4,2.500000e-01,1649,ff,1190,240,66,bf_det_k4_l16_r1_c16_m3_w12g4_d32_s2_q2,3,41785,1.513420e+03
qpsk,32,4,2.500000e-01,1649,bram,1191,240,66,bf_det_k4_l16_r4_c16_m4_w10g8_d32_s2_q2,3,40,1.068340e+03
qpsk,32,4,2.500000e-01,2439,dsp,1192,240,80,bf_det_k4_l16_r1_c16_m4_w10g8_d64_s2_q2,3,112,1.502800e+03
qpsk,32,4,2.500000e-01,2439,lut,1193,240,80,bf_det_k4_l16_r1_c16_m3_w12g4_d32_s2_q2,3,76815,1.513420e+03
qpsk,32,4,2.500000e-01,2439,ff,1194,240,80,bf_det_k4_l16_r1_c16_m3_w10g4_d32_s2_q2,4,39512,1.928710e+03
qpsk,32,4,2.500000e-01,2439,bram,1195,240,80,bf_det_k4_l16_r4_c16_m4_w10g8_d32_s2_q2,3,40,1.068340e+03
qpsk,32,4,2.500000e-01,3608,dsp,1196,240,100,bf_det_k4_l4_r4_c4_m4_w10g8_d64_s2_q2,3,52,3.462970e+03
qpsk,32,4,2.500000e-01,3608,lut,1197,240,100,bf_det_k4_l4_r1_c4_m4_w12g4_d32_s2_q2,3,26416,3.456740e+03
qpsk,32,4,2.500000e-01,3608,ff,1198,240,100,bf_det_k4_l4_r1_c4_m4_w12g4_d32_s2_q2,3,15178,3.456740e+03
qpsk,32,4,2.500000e-01,3608,bram,1199,240,100,bf_det_k4_l4_r4_c4_m4_w12g4_d32_s2_q2,3,16,3.280870e+03
qpsk,32,4,2.500000e-01,5336,dsp,1200,240,160,bf_det_k4_l4_r1_c4_m4_w10g8_d64_s2_q2,3,28,3.638840e+03
qpsk,32,4,2.500000e-01,5336,lut,1201,240,160,bf_det_k4_l4_r1_c4_m3_w12g4_d32_s2_q2,3,26388,3.678420e+03
qpsk,32,4,2.500000e-01,5336,ff,1202,240,160,bf_det_k4_l4_r1_c4_m3_w10g4_d32_s2_q2,4,14324,4.616790e+03
qpsk,32,4,2.500000e-01,5336,bram,1203,240,160,bf_det_k4_l4_r4_c4_m4_w12g4_d32_s2_q2,3,16,3.280870e+03
qpsk,32,4,2.500000e-01,7891,dsp,1204,240,160,bf_det_k4_l4_r1_c4_m4_w10g8_d64_s2_q2,3,28,3.638840e+03
qpsk,32,4,2.500000e-01,7891,lut,1205,240,160,bf_det_k4_l4_r1_c4_m3_w12g4_d32_s2_q2,3,26388,3.678420e+03
qpsk,32,4,2.500000e-01,7891,ff,1206,240,160,bf_det_k4_l4_r1_c4_m3_w10g4_d32_s2_q2,4,14324,4.616790e+03
qpsk,32,4,2.500000e-01,7891,bram,1207,240,160,bf_det_k4_l4_r4_c4_m4_w12g4_d32_s2_q2,3,16,3.280870e+03
qpsk,32,4,2.500000e-01,11671,dsp,1208,240,168,bf_det_k4_l4_r1_c4_m4_w10g8_d64_s2_q2,3,28,3.638840e+03
qpsk,32,4,2.500000e-01,11671,lut,1209,240,168,bf_det_k4_l1_r4_c4_m3_w12g4_d32_s2_q2,3,16355,1.145253e+04
qpsk,32,4,2.500000e-01,11671,ff,1210,240,168,bf_det_k4_l1_r4_c4_m3_w12g4_d32_s2_q2,3,10876,1.145253e+04
qpsk,32,4,2.500000e-01,11671,bram,1211,240,168,bf_det_k4_l1_r4_c4_m4_w12g4_d32_s2_q2,3,14,1.139711e+04
qpsk,32,4,2.500000e-01,17262,dsp,1212,240,240,bf_det_k4_l1_r1_c4_m4_w10g8_d64_s2_q2,3,13,1.308315e+04
qpsk,32,4,2.500000e-01,17262,lut,1213,240,240,bf_det_k4_l1_r1_c4_m3_w10g4_d32_s2_q2,4,14505,1.568263e+04
qpsk,32,4,2.500000e-01,17262,ff,1214,240,240,bf_det_k4_l1_r1_c4_m3_w10g4_d32_s2_q2,4,8859,1.568263e+04
qpsk,32,4,2.500000e-01,17262,bram,1215,240,240,bf_det_k4_l1_r4_c4_m4_w12g4_d32_s2_q2,3,14,1.139711e+04
qpsk,32,4,5.000000e-01,710,dsp,288,240,16,bf_det_k4_l16_r4_c16_m4_w10g4_d64_s2_q2,2,208,6.450400e+02
qpsk,32,4,5.000000e-01,710,lut,289,240,16,bf_det_k4_l16_r4_c16_m3_w12g4_d32_s2_q2,2,83212,6.987500e+02
qpsk,32,4,5.000000e-01,710,ff,290,240,16,bf_det_k4_l16_r4_c16_m3_w10g4_d32_s2_q2,2,45653,6.592700e+02
qpsk,32,4,5.000000e-01,710,bram,291,240,16,bf_det_k4_l16_r4_c16_m4_w10g4_d32_s2_q2,2,40,6.500400e+02
qpsk,32,4,5.000000e-01,1057,dsp,292,240,66,bf_det_k4_l16_r1_c16_m4_w10g4_d64_s2_q2,2,112,9.380100e+02
qpsk,32,4,5.000000e-01,1057,lut,293,240,66,bf_det_k4_l16_r1_c16_m3_w12g4_d32_s2_q2,2,76815,1.019430e+03
qpsk,32,4,5.000000e-01,1057,ff,294,240,66,bf_det_k4_l16_r1_c16_m3_w10g4_d32_s2_q2,2,39512,9.799500e+02
qpsk,32,4,5.000000e-01,1057,bram,295,240,66,bf_det_k4_l16_r4_c16_m4_w10g4_d32_s2_q2,2,40,6.500400e+02
qpsk,32,4,5.000000e-01,1573,dsp,296,240,80,bf_det_k4_l16_r1_c16_m4_w10g4_d64_s2_q2,2,112,9.380100e+02
qpsk,32,4,5.000000e-01,1573,lut,297,240,80,bf_det_k4_l16_r1_c16_m3_w12g4_d32_s2_q2,2,76815,1.019430e+03
qpsk,32,4,5.000000e-01,1573,ff,298,240,80,bf_det_k4_l16_r1_c16_m3_w10g4_d32_s2_q2,2,39512,9.799500e+02
qpsk,32,4,5.000000e-01,1573,bram,299,240,80,bf_det_k4_l16_r4_c16_m4_w10g4_d32_s2_q2,2,40,6.500400e+02
qpsk,32,4,5.000000e-01,2341,dsp,300,240,107,bf_det_k4_l4_r1_c4_m4_w10g4_d64_s2_q2,2,28,2.195210e+03
qpsk,32,4,5.000000e-01,2341,lut,301,240,107,bf_det_k4_l4_r1_c4_m4_w12g4_d32_s2_q2,2,26416,2.330970e+03
qpsk,32,4,5.000000e-01,2341,ff,302,240,107,bf_det_k4_l4_r1_c4_m4_w10g4_d32_s2_q2,2,14519,2.200210e+03
qpsk,32,4,5.000000e-01,2341,bram,303,240,107,bf_det_k4_l4_r4_c4_m4_w10g4_d32_s2_q2,2,16,2.082960e+03
qpsk,32,4,5.000000e-01,3485,dsp,304,240,160,bf_det_k4_l4_r1_c4_m4_w10g4_d64_s2_q2,2,28,2.195210e+03
qpsk,32,4,5.000000e-01,3485,lut,305,240,160,bf_det_k4_l4_r1_c4_m3_w12g4_d32_s2_q2,2,26388,2.478750e+03
qpsk,32,4,5.000000e-01,3485,ff,306,240,160,bf_det_k4_l4_r1_c4_m3_w10g4_d32_s2_q2,2,14324,2.347990e+03
qpsk,32,4,5.000000e-01,3485,bram,307,240,160,bf_det_k4_l4_r4_c4_m4_w10g4_d32_s2_q2,2,16,2.082960e+03
qpsk,32,4,5.000000e-01,5188,dsp,308,240,160,bf_det_k4_l4_r1_c4_m4_w10g4_d64_s2_q2,2,28,2.195210e+03
qpsk,32,4,5.000000e-01,5188,lut,309,240,160,bf_det_k4_l4_r1_c4_m3_w12g4_d32_s2_q2,2,26388,2.478750e+03
qpsk,32,4,5.000000e-01,5188,ff,310,240,160,bf_det_k4_l4_r1_c4_m3_w10g4_d32_s2_q2,2,14324,2.347990e+03
qpsk,32,4,5.000000e-01,5188,bram,311,240,160,bf_det_k4_l4_r4_c4_m4_w10g4_d32_s2_q2,2,16,2.082960e+03
qpsk,32,4,5.000000e-01,7723,dsp,312,240,173,bf_det_k4_l4_r1_c4_m4_w10g4_d64_s2_q2,2,28,2.195210e+03
qpsk,32,4,5.000000e-01,7723,lut,313,240,173,bf_det_k4_l1_r4_c4_m3_w10g4_d32_s2_q2,2,16099,7.229560e+03
qpsk,32,4,5.000000e-01,7723,ff,314,240,173,bf_det_k4_l1_r4_c4_m3_w10g4_d32_s2_q2,2,10274,7.229560e+03
qpsk,32,4,5.000000e-01,7723,bram,315,240,173,bf_det_k4_l1_r4_c4_m4_w10g4_d32_s2_q2,2,14,7.192610e+03
qpsk,32,4,5.000000e-01,11497,dsp,316,240,240,bf_det_k4_l1_r1_c4_m4_w10g4_d64_s2_q2,2,13,7.824110e+03
qpsk,32,4,5.000000e-01,11497,lut,317,240,240,bf_det_k4_l1_r1_c4_m3_w10g4_d32_s2_q2,2,14505,7.976890e+03
qpsk,32,4,5.000000e-01,11497,ff,318,240,240,bf_det_k4_l1_r1_c4_m3_w10g4_d32_s2_q2,2,8859,7.976890e+03
qpsk,32,4,5.000000e-01,11497,bram,319,240,240,bf_det_k4_l1_r4_c4_m4_w10g4_d32_s2_q2,2,14,7.192610e+03
qpsk,32,4,1.000000e+00,710,dsp,1216,312,20,bf_det_k4_l16_r4_c16_m4_w8g8_d64_s2_q2,2,176,6.781500e+02
qpsk,32,4,1.000000e+00,710,lut,1217,312,20,bf_det_k4_l16_r4_c16_m3_w8g8_d32_s2_q2,2,79801,6.923900e+02
qpsk,32,4,1.000000e+00,710,ff,1218,312,20,bf_det_k4_l16_r4_c16_m3_w8g8_d32_s2_q2,2,41177,6.923900e+02
qpsk,32,4,1.000000e+00,710,bram,1219,312,20,bf_det_k4_l16_r4_c16_m4_w8g8_d32_s2_q2,2,36,6.831500e+02
qpsk,32,4,1.000000e+00,1066,dsp,1220,312,84,bf_det_k4_l16_r1_c16_m4_w8g8_d64_s2_q2,2,80,9.711300e+02
qpsk,32,4,1.000000e+00,1066,lut,1221,312,84,bf_det_k4_l16_r1_c16_m3_w8g8_d32_s2_q2,2,74513,1.013070e+03
qpsk,32,4,1.000000e+00,1066,ff,1222,312,84,bf_det_k4_l16_r1_c16_m3_w8g8_d32_s2_q2,2,36185,1.013070e+03
qpsk,32,4,1.000000e+00,1066,bram,1223,312,84,bf_det_k4_l16_r4_c16_m4_w8g8_d32_s2_q2,2,36,6.831500e+02
qpsk,32,4,1.000000e+00,1600,dsp,1224,312,104,bf_det_k4_l16_r1_c16_m4_w8g8_d64_s2_q2,2,80,9.711300e+02
qpsk,32,4,1.000000e+00,1600,lut,1225,312,104,bf_det_k4_l16_r1_c16_m3_w8g4_d32_s2_q2,3,71006,1.395240e+03
qpsk,32,4,1.000000e+00,1600,ff,1226,312,104,bf_det_k4_l16_r1_c16_m3_w8g4_d32_s2_q2,3,32774,1.395240e+03
qpsk,32,4,1.000000e+00,1600,bram,1227,312,104,bf_det_k4_l16_r4_c16_m4_w8g8_d32_s2_q2,2,36,6.831500e+02
qpsk,32,4,1.000000e+00,2402,dsp,1228,312,146,bf_det_k4_l4_r1_c4_m4_w8g8_d64_s2_q2,2,20,2.319860e+03
qpsk,32,4,1.000000e+00,2402,lut,1229,312,146,bf_det_k4_l4_r1_c4_m4_w8g8_d32_s2_q2,2,25657,2.324860e+03
qpsk,32,4,1.000000e+00,2402,ff,1230,312,146,bf_det_k4_l4_r1_c4_m4_w8g8_d32_s2_q2,2,13483,2.324860e+03
qpsk,32,4,1.000000e+00,2402,bram,1231,312,146,bf_det_k4_l4_r4_c4_m4_w8g8_d32_s2_q2,2,12,2.207610e+03
qpsk,32,4,1.000000e+00,3606,dsp,1232,312,208,bf_det_k4_l4_r1_c4_m4_w8g8_d64_s2_q2,2,20,2.319860e+03
qpsk,32,4,1.000000e+00,3606,lut,1233,312,208,bf_det_k4_l4_r1_c4_m3_w8g4_d32_s2_q2,3,24343,3.286360e+03
qpsk,32,4,1.000000e+00,3606,ff,1234,312,208,bf_det_k4_l4_r1_c4_m3_w8g4_d32_s2_q2,3,12588,3.286360e+03
qpsk,32,4,1.000000e+00,3606,bram,1235,312,208,bf_det_k4_l4_r4_c4_m4_w8g8_d32_s2_q2,2,12,2.207610e+03
qpsk,32,4,1.000000e+00,5414,dsp,1236,312,208,bf_det_k4_l4_r1_c4_m4_w8g8_d64_s2_q2,2,20,2.319860e+03
qpsk,32,4,1.000000e+00,5414,lut,1237,312,208,bf_det_k4_l4_r1_c4_m3_w8g4_d32_s2_q2,3,24343,3.286360e+03
qpsk,32,4,1.000000e+00,5414,ff,1238,312,208,bf_det_k4_l4_r1_c4_m3_w8g4_d32_s2_q2,3,12588,3.286360e+03
qpsk,32,4,1.000000e+00,5414,bram,1239,312,208,bf_det_k4_l4_r4_c4_m4_w8g8_d32_s2_q2,2,12,2.207610e+03
qpsk,32,4,1.000000e+00,8128,dsp,1240,312,236,bf_det_k4_l1_r1_c4_m4_w10g4_d64_s2_q2,2,13,7.824110e+03
qpsk,32,4,1.000000e+00,8128,lut,1241,312,236,bf_det_k4_l1_r1_c4_m3_w10g4_d32_s2_q2,2,14505,7.976890e+03
qpsk,32,4,1.000000e+00,8128,ff,1242,312,236,bf_det_k4_l1_r1_c4_m3_w10g4_d32_s2_q2,2,8859,7.976890e+03
qpsk,32,4,1.000000e+00,8128,bram,1243,312,236,bf_det_k4_l4_r4_c4_m4_w8g8_d32_s2_q2,2,12,2.207610e+03
qpsk,32,4,1.000000e+00,12203,dsp,1244,312,312,bf_det_k4_l1_r1_c4_m4_w8g8_d64_s2_q2,2,11,8.314900e+03
qpsk,32,4,1.000000e+00,12203,lut,1245,312,312,bf_det_k4_l1_r1_c4_m3_w8g4_d32_s2_q2,3,13747,1.108600e+04
qpsk,32,4,1.000000e+00,12203,ff,1246,312,312,bf_det_k4_l1_r1_c4_m3_w8g4_d32_s2_q2,3,8241,1.108600e+04
qpsk,32,4,1.000000e+00,12203,bram,1247,312,312,bf_det_k4_l4_r4_c4_m4_w8g8_d32_s2_q2,2,12,2.207610e+03
qpsk,32,8,2.500000e-01,1410,dsp,1248,324,16,bf_det_k8_l16_r8_c16_m3_w14g4_d64_s2_q2,3,576,1.295290e+03
qpsk,32,8,2.500000e-01,1410,lut,1249,324,16,bf_det_k8_l16_r8_c16_m3_w12g8_d32_s2_q2,3,99170,1.350090e+03
qpsk,32,8,2.500000e-01,1410,ff,1250,324,16,bf_det_k8_l16_r8_c16_m3_w12g8_d32_s2_q2,3,63447,1.350090e+03
qpsk,32,8,2.500000e-01,1410,bram,1251,324,16,bf_det_k8_l16_r8_c16_m4_w12g8_d32_s2_q2,3,54,1.336230e+03
qpsk,32,8,2.500000e-01,2243,dsp,1252,324,64,bf_det_k8_l16_r4_c16_m4_w10g8_d64_s2_q2,4,208,1.940860e+03
qpsk,32,8,2.500000e-01,2243,lut,1253,324,64,bf_det_k8_l16_r4_c16_m3_w12g4_d32_s2_q2,4,87134,1.916330e+03
qpsk,32,8,2.500000e-01,2243,ff,1254,324,64,bf_det_k8_l16_r4_c16_m3_w10g8_d32_s2_q2,4,50287,1.982810e+03
qpsk,32,8,2.500000e-01,2243,bram,1255,324,64,bf_det_k8_l16_r8_c16_m4_w10g8_d32_s2_q2,4,45,1.687120e+03
qpsk,32,8,2.500000e-01,3568,dsp,1256,324,104,bf_det_k8_l16_r1_c16_m4_w10g8_d64_s2_q2,4,112,3.304750e+03
qpsk,32,8,2.500000e-01,3568,lut,1257,324,104,bf_det_k8_l16_r1_c16_m3_w12g4_d32_s2_q2,4,80737,3.391060e+03
qpsk,32,8,2.500000e-01,3568,ff,1258,324,104,bf_det_k8_l16_r1_c16_m3_w12g4_d32_s2_q2,4,43215,3.391060e+03
qpsk,32,8,2.500000e-01,3568,bram,1259,324,104,bf_det_k8_l16_r8_c16_m4_w10g8_d32_s2_q2,4,45,1.687120e+03
qpsk,32,8,2.500000e-01,5675,dsp,1260,324,158,bf_det_k8_l4_r1_c4_m4_w14g4_d64_s2_q2,3,64,5.634950e+03
qpsk,32,8,2.500000e-01,5675,lut,1261,324,158,bf_det_k8_l4_r1_c4_m4_w14g4_d32_s2_q2,3,32639,5.639950e+03
qpsk,32,8,2.500000e-01,5675,ff,1262,324,158,bf_det_k8_l4_r1_c4_m4_w14g4_d32_s2_q2,3,18424,5.639950e+03
qpsk,32,8,2.500000e-01,5675,bram,1263,324,158,bf_det_k8_l4_r8_c4_m4_w12g8_d32_s2_q2,3,22,4.499180e+03
qpsk,32,8,2.500000e-01,9027,dsp,1264,324,212,bf_det_k8_l4_r1_c4_m4_w10g8_d64_s2_q2,4,28,7.455300e+03
qpsk,32,8,2.500000e-01,9027,lut,1265,324,212,bf_det_k8_l4_r1_c4_m3_w12g4_d32_s2_q2,4,30310,7.801880e+03
qpsk,32,8,2.500000e-01,9027,ff,1266,324,212,bf_det_k8_l4_r1_c4_m3_w10g8_d32_s2_q2,4,16286,8.051430e+03
qpsk,32,8,2.500000e-01,9027,bram,1267,324,212,bf_det_k8_l4_r8_c4_m4_w10g8_d32_s2_q2,4,21,5.689800e+03
qpsk,32,8,2.500000e-01,14360,dsp,1268,324,216,bf_det_k8_l4_r1_c4_m4_w10g8_d64_s2_q2,4,28,7.455300e+03
qpsk,32,8,2.500000e-01,14360,lut,1269,324,216,bf_det_k8_l4_r1_c4_m3_w12g4_d32_s2_q2,4,30310,7.801880e+03
qpsk,32,8,2.500000e-01,14360,ff,1270,324,216,bf_det_k8_l4_r1_c4_m3_w10g8_d32_s2_q2,4,16286,8.051430e+03
qpsk,32,8,2.500000e-01,14360,bram,1271,324,216,bf_det_k8_l4_r8_c4_m4_w10g8_d32_s2_q2,4,21,5.689800e+03
qpsk,32,8,2.500000e-01,22844,dsp,1272,324,304,bf_det_k8_l1_r1_c4_m3_w14g4_d64_s2_q2,3,24,1.825675e+04
qpsk,32,8,2.500000e-01,22844,lut,1273,324,304,bf_det_k8_l1_r1_c4_m4_w12g4_d32_s2_q2,4,18429,2.259040e+04
qpsk,32,8,2.500000e-01,22844,ff,1274,324,304,bf_det_k8_l1_r1_c4_m3_w12g8_d32_s2_q2,3,10848,1.899804e+04
qpsk,32,8,2.500000e-01,22844,bram,1275,324,304,bf_det_k8_l1_r8_c4_m4_w10g8_d32_s2_q2,4,19,1.968846e+04
qpsk,32,8,2.500000e-01,36340,dsp,1276,324,324,bf_det_k8_l1_r1_c4_m4_w10g8_d64_s2_q2,4,13,2.356721e+04
qpsk,32,8,2.500000e-01,36340,lut,1277,324,324,bf_det_k8_l1_r1_c4_m3_w10g8_d32_s2_q2,4,18262,2.416334e+04
qpsk,32,8,2.500000e-01,36340,ff,1278,324,324,bf_det_k8_l1_r1_c4_m3_w10g8_d32_s2_q2,4,10301,2.416334e+04
qpsk,32,8,2.500000e-01,36340,bram,1279,324,324,bf_det_k8_l1_r8_c4_m4_w10g8_d32_s2_q2,4,19,1.968846e+04
qpsk,32,8,5.000000e-01,1280,dsp,384,360,18,bf_det_k8_l16_r8_c16_m4_w10g4_d64_s2_q2,3,336,1.163250e+03
qpsk,32,8,5.000000e-01,1280,lut,385,360,18,bf_det_k8_l16_r8_c16_m3_w12g4_d32_s2_q2,3,95663,1.241190e+03
qpsk,32,8,5.000000e-01,1280,ff,386,360,18,bf_det_k8_l16_r8_c16_m3_w10g4_d32_s2_q2,3,54903,1.182100e+03
qpsk,32,8,5.000000e-01,1280,bram,387,360,18,bf_det_k8_l16_r8_c16_m4_w10g4_d32_s2_q2,3,45,1.168250e+03
qpsk,32,8,5.000000e-01,1928,dsp,388,360,80,bf_det_k8_l16_r4_c16_m4_w10g4_d64_s2_q2,3,208,1.357300e+03
qpsk,32,8,5.000000e-01,1928,lut,389,360,80,bf_det_k8_l16_r4_c16_m3_w12g4_d32_s2_q2,3,87134,1.449110e+03
qpsk,32,8,5.000000e-01,1928,ff,390,360,80,bf_det_k8_l16_r4_c16_m3_w10g4_d32_s2_q2,3,46876,1.390010e+03
qpsk,32,8,5.000000e-01,1928,bram,391,360,80,bf_det_k8_l16_r8_c16_m4_w10g4_d32_s2_q2,3,45,1.168250e+03
qpsk,32,8,5.000000e-01,2905,dsp,392,360,120,bf_det_k8_l16_r1_c16_m4_w10g4_d64_s2_q2,3,112,2.380220e+03
qpsk,32,8,5.000000e-01,2905,lut,393,360,120,bf_det_k8_l16_r1_c16_m3_w12g4_d32_s2_q2,3,80737,2.555150e+03
qpsk,32,8,5.000000e-01,2905,ff,394,360,120,bf_det_k8_l16_r1_c16_m3_w10g4_d32_s2_q2,3,40734,2.496060e+03
qpsk,32,8,5.000000e-01,2905,bram,395,360,120,bf_det_k8_l16_r8_c16_m4_w10g4_d32_s2_q2,3,45,1.168250e+03
qpsk,32,8,5.000000e-01,4375,dsp,396,360,148,bf_det_k8_l4_r4_c4_m4_w10g4_d64_s2_q2,3,52,4.342350e+03
qpsk,32,8,5.000000e-01,4375,lut,397,360,148,bf_det_k8_l4_r4_c4_m4_w14g0_d32_s2_q2,3,33452,4.356280e+03
qpsk,32,8,5.000000e-01,4375,ff,398,360,148,bf_det_k8_l4_r4_c4_m4_w10g4_d32_s2_q2,3,17742,4.347350e+03
qpsk,32,8,5.000000e-01,4375,bram,399,360,148,bf_det_k8_l4_r8_c4_m4_w10g4_d32_s2_q2,3,21,3.920020e+03
qpsk,32,8,5.000000e-01,6591,dsp,400,360,238,bf_det_k8_l4_r1_c4_m4_w10g4_d64_s2_q2,3,28,5.242890e+03
qpsk,32,8,5.000000e-01,6591,lut,401,360,238,bf_det_k8_l4_r1_c4_m3_w10g4_d32_s2_q2,3,30174,5.691240e+03
qpsk,32,8,5.000000e-01,6591,ff,402,360,238,bf_det_k8_l4_r1_c4_m3_w10g4_d32_s2_q2,3,15548,5.691240e+03
qpsk,32,8,5.000000e-01,6591,bram,403,360,238,bf_det_k8_l4_r8_c4_m4_w10g4_d32_s2_q2,3,21,3.920020e+03
qpsk,32,8,5.000000e-01,9929,dsp,404,360,240,bf_det_k8_l4_r1_c4_m4_w10g4_d64_s2_q2,3,28,5.242890e+03
qpsk,32,8,5.000000e-01,9929,lut,405,360,240,bf_det_k8_l4_r1_c4_m3_w10g4_d32_s2_q2,3,30174,5.691240e+03
qpsk,32,8,5.000000e-01,9929,ff,406,360,240,bf_det_k8_l4_r1_c4_m3_w10g4_d32_s2_q2,3,15548,5.691240e+03
qpsk,32,8,5.000000e-01,9929,bram,407,360,240,bf_det_k8_l4_r8_c4_m4_w10g4_d32_s2_q2,3,21,3.920020e+03
qpsk,32,8,5.000000e-01,14958,dsp,408,360,279,bf_det_k8_l4_r1_c4_m4_w10g4_d64_s2_q2,3,28,5.242890e+03
qpsk,32,8,5.000000e-01,14958,lut,409,360,279,bf_det_k8_l1_r4_c4_m3_w10g4_d32_s2_q2,3,19508,1.395622e+04
qpsk,32,8,5.000000e-01,14958,ff,410,360,279,bf_det_k8_l1_r4_c4_m3_w10g4_d32_s2_q2,3,11497,1.395622e+04
qpsk,32,8,5.000000e-01,14958,bram,411,360,279,bf_det_k8_l1_r8_c4_m4_w10g4_d32_s2_q2,3,19,1.341806e+04
qpsk,32,8,5.000000e-01,22535,dsp,412,360,360,bf_det_k8_l1_r1_c4_m4_w10g4_d64_s2_q2,3,13,1.632587e+04
qpsk,32,8,5.000000e-01,22535,lut,413,360,360,bf_det_k8_l1_r1_c4_m3_w10g4_d32_s2_q2,3,17914,1.677422e+04
qpsk,32,8,5.000000e-01,22535,ff,414,360,360,bf_det_k8_l1_r1_c4_m3_w10g4_d32_s2_q2,3,10083,1.677422e+04
qpsk,32,8,5.000000e-01,22535,bram,415,360,360,bf_det_k8_l1_r8_c4_m4_w10g4_d32_s2_q2,3,19,1.341806e+04
qpsk,32,8,1.000000e+00,1280,dsp,1280,396,18,bf_det_k8_l16_r8_c16_m4_w10g4_d64_s2_q2,3,336,1.163250e+03
qpsk,32,8,1.000000e+00,1280,lut,1281,396,18,bf_det_k8_l16_r8_c16_m3_w12g4_d32_s2_q2,3,95663,1.241190e+03
qpsk,32,8,1.000000e+00,1280,ff,1282,396,18,bf_det_k8_l16_r8_c16_m3_w10g4_d32_s2_q2,3,54903,1.182100e+03
qpsk,32,8,1.000000e+00,1280,bram,1283,396,18,bf_det_k8_l16_r8_c16_m4_w10g4_d32_s2_q2,3,45,1.168250e+03
qpsk,32,8,1.000000e+00,1938,dsp,1284,396,88,bf_det_k8_l16_r4_c16_m4_w10g4_d64_s2_q2,3,208,1.357300e+03
qpsk,32,8,1.000000e+00,1938,lut,1285,396,88,bf_det_k8_l16_r4_c16_m3_w12g0_d32_s2_q2,4,83626,1.771140e+03
qpsk,32,8,1.000000e+00,1938,ff,1286,396,88,bf_det_k8_l16_r4_c16_m3_w10g4_d32_s2_q2,3,46876,1.390010e+03
qpsk,32,8,1.000000e+00,1938,bram,1287,396,88,bf_det_k8_l16_r8_c16_m4_w10g4_d32_s2_q2,3,45,1.168250e+03
qpsk,32,8,1.000000e+00,2933,dsp,1288,396,128,bf_det_k8_l16_r1_c16_m4_w10g4_d64_s2_q2,3,112,2.380220e+03
qpsk,32,8,1.000000e+00,2933,lut,1289,396,128,bf_det_k8_l16_r1_c16_m3_w12g4_d32_s2_q2,3,80737,2.555150e+03
qpsk,32,8,1.000000e+00,2933,ff,1290,396,128,bf_det_k8_l16_r1_c16_m3_w10g4_d32_s2_q2,3,40734,2.496060e+03
qpsk,32,8,1.000000e+00,2933,bram,1291,396,128,bf_det_k8_l16_r8_c16_m4_w10g4_d32_s2_q2,3,45,1.168250e+03
qpsk,32,8,1.000000e+00,4441,dsp,1292,396,160,bf_det_k8_l4_r4_c4_m4_w10g4_d64_s2_q2,3,52,4.342350e+03
qpsk,32,8,1.000000e+00,4441,lut,1293,396,160,bf_det_k8_l4_r4_c4_m4_w14g0_d32_s2_q2,3,33452,4.356280e+03
qpsk,32,8,1.000000e+00,4441,ff,1294,396,160,bf_det_k8_l4_r4_c4_m4_w10g4_d32_s2_q2,3,17742,4.347350e+03
qpsk,32,8,1.000000e+00,4441,bram,1295,396,160,bf_det_k8_l4_r8_c4_m4_w10g4_d32_s2_q2,3,21,3.920020e+03
qpsk,32,8,1.000000e+00,6723,dsp,1296,396,262,bf_det_k8_l4_r1_c4_m4_w10g4_d64_s2_q2,3,28,5.242890e+03
qpsk,32,8,1.000000e+00,6723,lut,1297,396,262,bf_det_k8_l4_r1_c4_m4_w12g0_d32_s2_q2,4,29358,6.699920e+03
qpsk,32,8,1.000000e+00,6723,ff,1298,396,262,bf_det_k8_l4_r1_c4_m3_w10g4_d32_s2_q2,3,15548,5.691240e+03
qpsk,32,8,1.000000e+00,6723,bram,1299,396,262,bf_det_k8_l4_r8_c4_m4_w10g4_d32_s2_q2,3,21,3.920020e+03
qpsk,32,8,1.000000e+00,10178,dsp,1300,396,264,bf_det_k8_l4_r1_c4_m4_w10g4_d64_s2_q2,3,28,5.242890e+03
qpsk,32,8,1.000000e+00,10178,lut,1301,396,264,bf_det_k8_l4_r1_c4_m3_w12g0_d32_s2_q2,4,29330,7.291050e+03
qpsk,32,8,1.000000e+00,10178,ff,1302,396,264,bf_det_k8_l4_r1_c4_m3_w10g4_d32_s2_q2,3,15548,5.691240e+03
qpsk,32,8,1.000000e+00,10178,bram,1303,396,264,bf_det_k8_l4_r8_c4_m4_w10g4_d32_s2_q2,3,21,3.920020e+03
qpsk,32,8,1.000000e+00,15410,dsp,1304,396,308,bf_det_k8_l4_r1_c4_m4_w10g4_d64_s2_q2,3,28,5.242890e+03
qpsk,32,8,1.000000e+00,15410,lut,1305,396,308,bf_det_k8_l1_r4_c4_m3_w10g4_d32_s2_q2,3,19508,1.395622e+04
qpsk,32,8,1.000000e+00,15410,ff,1306,396,308,bf_det_k8_l1_r4_c4_m3_w10g4_d32_s2_q2,3,11497,1.395622e+04
qpsk,32,8,1.000000e+00,15410,bram,1307,396,308,bf_det_k8_l1_r8_c4_m4_w10g4_d32_s2_q2,3,19,1.341806e+04
qpsk,32,8,1.000000e+00,23329,dsp,1308,396,396,bf_det_k8_l1_r1_c4_m4_w10g4_d64_s2_q2,3,13,1.632587e+04
qpsk,32,8,1.000000e+00,23329,lut,1309,396,396,bf_det_k8_l1_r1_c4_m3_w10g4_d32_s2_q2,3,17914,1.677422e+04
qpsk,32,8,1.000000e+00,23329,ff,1310,396,396,bf_det_k8_l1_r1_c4_m3_w10g4_d32_s2_q2,3,10083,1.677422e+04
qpsk,32,8,1.000000e+00,23329,bram,1311,396,396,bf_det_k8_l1_r8_c4_m4_w10g4_d32_s2_q2,3,19,1.341806e+04
qpsk,32,16,2.500000e-01,3546,dsp,1312,252,17,bf_det_k16_l16_r16_c16_m3_w16g0_d64_s2_q2,6,960,3.251250e+03
qpsk,32,16,2.500000e-01,3546,lut,1313,252,17,bf_det_k16_l16_r16_c16_m3_w12g8_d32_s2_q2,6,126347,3.455920e+03
qpsk,32,16,2.500000e-01,3546,ff,1314,252,17,bf_det_k16_l16_r16_c16_m3_w12g8_d32_s2_q2,6,87758,3.455920e+03
qpsk,32,16,2.500000e-01,3546,bram,1315,252,17,bf_det_k16_l16_r16_c16_m4_w12g8_d32_s2_q2,6,59,3.428210e+03
qpsk,32,16,2.500000e-01,5585,dsp,1316,252,52,bf_det_k16_l16_r4_c16_m3_w16g0_d64_s2_q2,6,384,4.786720e+03
qpsk,32,16,2.500000e-01,5585,lut,1317,252,52,bf_det_k16_l16_r4_c16_m3_w12g8_d32_s2_q2,6,100759,4.991390e+03
qpsk,32,16,2.500000e-01,5585,ff,1318,252,52,bf_det_k16_l16_r4_c16_m3_w12g8_d32_s2_q2,6,59171,4.991390e+03
qpsk,32,16,2.500000e-01,5585,bram,1319,252,52,bf_det_k16_l16_r16_c16_m4_w12g8_d32_s2_q2,6,59,3.428210e+03
qpsk,32,16,2.500000e-01,8796,dsp,1320,252,56,bf_det_k16_l16_r4_c16_m3_w16g0_d64_s2_q2,6,384,4.786720e+03
qpsk,32,16,2.500000e-01,8796,lut,1321,252,56,bf_det_k16_l16_r4_c16_m3_w12g4_d32_s2_q2,8,97252,6.338330e+03
qpsk,32,16,2.500000e-01,8796,ff,1322,252,56,bf_det_k16_l16_r4_c16_m3_w12g4_d32_s2_q2,8,55760,6.338330e+03
qpsk,32,16,2.500000e-01,8796,bram,1323,252,56,bf_det_k16_l16_r16_c16_m4_w12g8_d32_s2_q2,6,59,3.428210e+03
qpsk,32,16,2.500000e-01,13854,dsp,1324,252,108,bf_det_k16_l16_r1_c16_m3_w16g0_d64_s2_q2,6,240,1.036291e+04
qpsk,32,16,2.500000e-01,13854,lut,1325,252,108,bf_det_k16_l4_r16_c4_m3_w12g8_d32_s2_q2,6,48637,1.217851e+04
qpsk,32,16,2.500000e-01,13854,ff,1326,252,108,bf_det_k16_l4_r16_c4_m3_w12g8_d32_s2_q2,6,30757,1.217851e+04
qpsk,32,16,2.500000e-01,13854,bram,1327,252,108,bf_det_k16_l16_r16_c16_m4_w12g8_d32_s2_q2,6,59,3.428210e+03
qpsk,32,16,2.500000e-01,21820,dsp,1328,252,140,bf_det_k16_l4_r4_c4_m3_w16g0_d64_s2_q2,6,96,1.547310e+04
qpsk,32,16,2.500000e-01,21820,lut,1329,252,140,bf_det_k16_l4_r4_c4_m3_w12g4_d32_s2_q2,8,41260,2.052383e+04
qpsk,32,16,2.500000e-01,21820,ff,1330,252,140,bf_det_k16_l4_r4_c4_m3_w12g4_d32_s2_q2,8,23308,2.052383e+04
qpsk,32,16,2.500000e-01,21820,bram,1331,252,140,bf_det_k16_l16_r16_c16_m4_w12g8_d32_s2_q2,6,59,3.428210e+03
qpsk,32,16,2.500000e-01,34366,dsp,1332,252,168,bf_det_k16_l4_r1_c4_m3_w16g0_d64_s2_q2,6,60,2.495893e+04
qpsk,32,16,2.500000e-01,34366,lut,1333,252,168,bf_det_k16_l4_r1_c4_m3_w12g4_d32_s2_q2,8,39660,3.317160e+04
qpsk,32,16,2.500000e-01,34366,ff,1334,252,168,bf_det_k16_l4_r1_c4_m3_w12g4_d32_s2_q2,8,21630,3.317160e+04
qpsk,32,16,2.500000e-01,34366,bram,1335,252,168,bf_det_k16_l16_r16_c16_m4_w12g8_d32_s2_q2,6,59,3.428210e+03
qpsk,32,16,2.500000e-01,54126,dsp,1336,252,220,bf_det_k16_l4_r1_c4_m3_w16g0_d64_s2_q2,6,60,2.495893e+04
qpsk,32,16,2.500000e-01,54126,lut,1337,252,220,bf_det_k16_l1_r4_c4_m3_w12g8_d32_s2_q2,6,30119,4.546268e+04
qpsk,32,16,2.500000e-01,54126,ff,1338,252,220,bf_det_k16_l1_r4_c4_m3_w12g8_d32_s2_q2,6,17780,4.546268e+04
qpsk,32,16,2.500000e-01,54126,bram,1339,252,220,bf_det_k16_l1_r16_c4_m4_w12g8_d32_s2_q2,6,37,4.130338e+04
qpsk,32,16,2.500000e-01,85247,dsp,1340,252,252,bf_det_k16_l1_r1_c4_m3_w16g0_d64_s2_q2,6,24,5.839201e+04
qpsk,32,16,2.500000e-01,85247,lut,1341,252,252,bf_det_k16_l1_r1_c4_m3_w12g4_d32_s2_q2,8,28038,7.749699e+04
qpsk,32,16,2.500000e-01,85247,ff,1342,252,252,bf_det_k16_l1_r1_c4_m3_w12g4_d32_s2_q2,8,15883,7.749699e+04
qpsk,32,16,2.500000e-01,85247,bram,1343,252,252,bf_det_k16_l1_r16_c4_m4_w12g8_d32_s2_q2,6,37,4.130338e+04
qpsk,32,16,5.000000e-01,3526,dsp,1344,288,24,bf_det_k16_l16_r16_c16_m4_w10g8_d64_s2_q2,6,592,3.305260e+03
qpsk,32,16,5.000000e-01,3526,lut,1345,288,24,bf_det_k16_l16_r16_c16_m3_w12g4_d32_s2_q2,6,122840,3.238140e+03
qpsk,32,16,5.000000e-01,3526,ff,1346,288,24,bf_det_k16_l16_r16_c16_m3_w10g8_d32_s2_q2,6,78806,3.337970e+03
qpsk,32,16,5.000000e-01,3526,bram,1347,288,24,bf_det_k16_l16_r16_c16_m4_w10g8_d32_s2_q2,6,49,3.310260e+03
qpsk,32,16,5.000000e-01,5412,dsp,1348,288,64,bf_det_k16_l16_r4_c16_m4_w10g8_d64_s2_q2,6,208,4.757610e+03
qpsk,32,16,5.000000e-01,5412,lut,1349,288,64,bf_det_k16_l16_r4_c16_m3_w12g4_d32_s2_q2,6,97252,4.773610e+03
qpsk,32,16,5.000000e-01,5412,ff,1350,288,64,bf_det_k16_l16_r4_c16_m3_w10g8_d32_s2_q2,6,54723,4.873440e+03
qpsk,32,16,5.000000e-01,5412,bram,1351,288,64,bf_det_k16_l16_r16_c16_m4_w10g8_d32_s2_q2,6,49,3.310260e+03
qpsk,32,16,5.000000e-01,8307,dsp,1352,288,64,bf_det_k16_l16_r4_c16_m4_w10g8_d64_s2_q2,6,208,4.757610e+03
qpsk,32,16,5.000000e-01,8307,lut,1353,288,64,bf_det_k16_l16_r4_c16_m3_w12g4_d32_s2_q2,6,97252,4.773610e+03
qpsk,32,16,5.000000e-01,8307,ff,1354,288,64,bf_det_k16_l16_r4_c16_m3_w10g8_d32_s2_q2,6,54723,4.873440e+03
qpsk,32,16,5.000000e-01,8307,bram,1355,288,64,bf_det_k16_l16_r16_c16_m4_w10g8_d32_s2_q2,6,49,3.310260e+03
qpsk,32,16,5.000000e-01,12749,dsp,1356,288,124,bf_det_k16_l16_r1_c16_m4_w10g8_d64_s2_q2,6,112,1.000129e+04
qpsk,32,16,5.000000e-01,12749,lut,1357,288,124,bf_det_k16_l4_r16_c4_m3_w10g8_d32_s2_q2,6,47084,1.178669e+04
qpsk,32,16,5.000000e-01,12749,ff,1358,288,124,bf_det_k16_l4_r16_c4_m3_w10g8_d32_s2_q2,6,27794,1.178669e+04
qpsk,32,16,5.000000e-01,12749,bram,1359,288,124,bf_det_k16_l16_r16_c16_m4_w10g8_d32_s2_q2,6,49,3.310260e+03
qpsk,32,16,5.000000e-01,19568,dsp,1360,288,160,bf_det_k16_l4_r4_c4_m4_w10g8_d64_s2_q2,6,52,1.538681e+04
qpsk,32,16,5.000000e-01,19568,lut,1361,288,160,bf_det_k16_l4_r4_c4_m3_w10g8_d32_s2_q2,6,41241,1.583515e+04
qpsk,32,16,5.000000e-01,19568,ff,1362,288,160,bf_det_k16_l4_r4_c4_m3_w10g8_d32_s2_q2,6,22136,1.583515e+04
qpsk,32,16,5.000000e-01,19568,bram,1363,288,160,bf_det_k16_l16_r16_c16_m4_w10g8_d32_s2_q2,6,49,3.310260e+03
qpsk,32,16,5.000000e-01,30033,dsp,1364,288,192,bf_det_k16_l4_r1_c4_m4_w10g8_d64_s2_q2,6,28,2.354260e+04
qpsk,32,16,5.000000e-01,30033,lut,1365,288,192,bf_det_k16_l4_r1_c4_m3_w12g4_d32_s2_q2,6,39660,2.494655e+04
qpsk,32,16,5.000000e-01,30033,ff,1366,288,192,bf_det_k16_l4_r1_c4_m3_w10g8_d32_s2_q2,6,20721,2.532099e+04
qpsk,32,16,5.000000e-01,30033,bram,1367,288,192,bf_det_k16_l16_r16_c16_m4_w10g8_d32_s2_q2,6,49,3.310260e+03
qpsk,32,16,5.000000e-01,46096,dsp,1368,288,248,bf_det_k16_l4_r1_c4_m4_w10g8_d64_s2_q2,6,28,2.354260e+04
qpsk,32,16,5.000000e-01,46096,lut,1369,288,248,bf_det_k16_l1_r4_c4_m3_w10g8_d32_s2_q2,6,28723,4.397539e+04
qpsk,32,16,5.000000e-01,46096,ff,1370,288,248,bf_det_k16_l1_r4_c4_m3_w10g8_d32_s2_q2,6,16151,4.397539e+04
qpsk,32,16,5.000000e-01,46096,bram,1371,288,248,bf_det_k16_l1_r16_c4_m4_w10g8_d32_s2_q2,6,35,3.981609e+04
qpsk,32,16,5.000000e-01,70749,dsp,1372,288,288,bf_det_k16_l1_r1_c4_m4_w10g8_d64_s2_q2,6,13,5.807700e+04
qpsk,32,16,5.000000e-01,70749,lut,1373,288,288,bf_det_k16_l1_r1_c4_m3_w10g8_d32_s2_q2,6,27129,5.985538e+04
qpsk,32,16,5.000000e-01,70749,ff,1374,288,288,bf_det_k16_l1_r1_c4_m3_w10g8_d32_s2_q2,6,14736,5.985538e+04
qpsk,32,16,5.000000e-01,70749,bram,1375,288,288,bf_det_k16_l1_r16_c4_m4_w10g8_d32_s2_q2,6,35,3.981609e+04
qpsk,32,16,1.000000e+00,3397,dsp,1376,360,24,bf_det_k16_l16_r16_c16_m4_w10g4_d64_s2_q2,6,592,3.087480e+03
qpsk,32,16,1.000000e+00,3397,lut,1377,360,24,bf_det_k16_l16_r16_c16_m3_w10g4_d32_s2_q2,6,121036,3.120190e+03
qpsk,32,16,1.000000e+00,3397,ff,1378,360,24,bf_det_k16_l16_r16_c16_m3_w10g4_d32_s2_q2,6,75395,3.120190e+03
qpsk,32,16,1.000000e+00,3397,bram,1379,360,24,bf_det_k16_l16_r16_c16_m4_w10g4_d32_s2_q2,6,49,3.092480e+03
qpsk,32,16,1.000000e+00,5241,dsp,1380,360,80,bf_det_k16_l16_r4_c16_m4_w10g4_d64_s2_q2,6,208,4.539820e+03
qpsk,32,16,1.000000e+00,5241,lut,1381,360,80,bf_det_k16_l16_r4_c16_m3_w12g4_d32_s2_q2,6,97252,4.773610e+03
qpsk,32,16,1.000000e+00,5241,ff,1382,360,80,bf_det_k16_l16_r4_c16_m3_w10g4_d32_s2_q2,6,51312,4.655660e+03
qpsk,32,16,1.000000e+00,5241,bram,1383,360,80,bf_det_k16_l16_r16_c16_m4_w10g4_d32_s2_q2,6,49,3.092480e+03
qpsk,32,16,1.000000e+00,8087,dsp,1384,360,80,bf_det_k16_l16_r4_c16_m4_w10g4_d64_s2_q2,6,208,4.539820e+03
qpsk,32,16,1.000000e+00,8087,lut,1385,360,80,bf_det_k16_l16_r4_c16_m3_w12g4_d32_s2_q2,6,97252,4.773610e+03
qpsk,32,16,1.000000e+00,8087,ff,1386,360,80,bf_det_k16_l16_r4_c16_m3_w10g4_d32_s2_q2,6,51312,4.655660e+03
qpsk,32,16,1.000000e+00,8087,bram,1387,360,80,bf_det_k16_l16_r16_c16_m4_w10g4_d32_s2_q2,6,49,3.092480e+03
qpsk,32,16,1.000000e+00,12479,dsp,1388,360,154,bf_det_k16_l16_r1_c16_m4_w10g4_d64_s2_q2,6,112,9.783500e+03
qpsk,32,16,1.000000e+00,12479,lut,1389,360,154,bf_det_k16_l4_r16_c4_m3_w10g4_d32_s2_q2,6,46104,1.102044e+04
qpsk,32,16,1.000000e+00,12479,ff,1390,360,154,bf_det_k16_l4_r16_c4_m3_w10g4_d32_s2_q2,6,27056,1.102044e+04
qpsk,32,16,1.000000e+00,12479,bram,1391,360,154,bf_det_k16_l16_r16_c16_m4_w10g4_d32_s2_q2,6,49,3.092480e+03
qpsk,32,16,1.000000e+00,19256,dsp,1392,360,200,bf_det_k16_l4_r4_c4_m4_w10g4_d64_s2_q2,6,52,1.462055e+04
qpsk,32,16,1.000000e+00,19256,lut,1393,360,200,bf_det_k16_l4_r4_c4_m3_w10g4_d32_s2_q2,6,40261,1.506890e+04
qpsk,32,16,1.000000e+00,19256,ff,1394,360,200,bf_det_k16_l4_r4_c4_m3_w10g4_d32_s2_q2,6,21398,1.506890e+04
qpsk,32,16,1.000000e+00,19256,bram,1395,360,200,bf_det_k16_l16_r16_c16_m4_w10g4_d32_s2_q2,6,49,3.092480e+03
qpsk,32,16,1.000000e+00,29713,dsp,1396,360,240,bf_det_k16_l4_r1_c4_m4_w10g4_d64_s2_q2,6,28,2.277635e+04
qpsk,32,16,1.000000e+00,29713,lut,1397,360,240,bf_det_k16_l4_r1_c4_m3_w10g4_d32_s2_q2,6,38801,2.455473e+04
qpsk,32,16,1.000000e+00,29713,ff,1398,360,240,bf_det_k16_l4_r1_c4_m3_w10g4_d32_s2_q2,6,19983,2.455473e+04
qpsk,32,16,1.000000e+00,29713,bram,1399,360,240,bf_det_k16_l16_r16_c16_m4_w10g4_d32_s2_q2,6,49,3.092480e+03
qpsk,32,16,1.000000e+00,45850,dsp,1400,360,312,bf_det_k16_l4_r1_c4_m4_w10g4_d64_s2_q2,6,28,2.277635e+04
qpsk,32,16,1.000000e+00,45850,lut,1401,360,312,bf_det_k16_l1_r4_c4_m3_w10g4_d32_s2_q2,6,28375,4.101526e+04
qpsk,32,16,1.000000e+00,45850,ff,1402,360,312,bf_det_k16_l1_r4_c4_m3_w10g4_d32_s2_q2,6,15933,4.101526e+04
qpsk,32,16,1.000000e+00,45850,bram,1403,360,312,bf_det_k16_l1_r16_c4_m4_w10g4_d32_s2_q2,6,35,3.685597e+04
qpsk,32,16,1.000000e+00,70749,dsp,1404,360,360,bf_det_k16_l1_r1_c4_m4_w10g4_d64_s2_q2,6,13,5.511687e+04
qpsk,32,16,1.000000e+00,70749,lut,1405,360,360,bf_det_k16_l1_r1_c4_m3_w10g4_d32_s2_q2,6,26781,5.689526e+04
qpsk,32,16,1.000000e+00,70749,ff,1406,360,360,bf_det_k16_l1_r1_c4_m3_w10g4_d32_s2_q2,6,14518,5.689526e+04
qpsk,32,16,1.000000e+00,70749,bram,1407,360,360,bf_det_k16_l1_r16_c4_m4_w10g4_d32_s2_q2,6,35,3.685597e+04
qpsk,64,4,2.500000e-01,710,dsp,288,240,16,bf_det_k4_l16_r4_c16_m4_w10g4_d64_s2_q2,2,208,6.450400e+02
qpsk,64,4,2.500000e-01,710,lut,289,240,16,bf_det_k4_l16_r4_c16_m3_w12g4_d32_s2_q2,2,83212,6.987500e+02
qpsk,64,4,2.500000e-01,710,ff,290,240,16,bf_det_k4_l16_r4_c16_m3_w10g4_d32_s2_q2,2,45653,6.592700e+02
qpsk,64,4,2.500000e-01,710,bram,291,240,16,bf_det_k4_l16_r4_c16_m4_w10g4_d32_s2_q2,2,40,6.500400e+02
qpsk,64,4,2.500000e-01,1057,dsp,292,240,66,bf_det_k4_l16_r1_c16_m4_w10g4_d64_s2_q2,2,112,9.380100e+02
qpsk,64,4,2.500000e-01,1057,lut,293,240,66,bf_det_k4_l16_r1_c16_m3_w12g4_d32_s2_q2,2,76815,1.019430e+03
qpsk,64,4,2.500000e-01,1057,ff,294,240,66,bf_det_k4_l16_r1_c16_m3_w10g4_d32_s2_q2,2,39512,9.799500e+02
qpsk,64,4,2.500000e-01,1057,bram,295,240,66,bf_det_k4_l16_r4_c16_m4_w10g4_d32_s2_q2,2,40,6.500400e+02
qpsk,64,4,2.500000e-01,1573,dsp,296,240,80,bf_det_k4_l16_r1_c16_m4_w10g4_d64_s2_q2,2,112,9.380100e+02
qpsk,64,4,2.500000e-01,1573,lut,297,240,80,bf_det_k4_l16_r1_c16_m3_w12g4_d32_s2_q2,2,76815,1.019430e+03
qpsk,64,4,2.500000e-01,1573,ff,298,240,80,bf_det_k4_l16_r1_c16_m3_w10g4_d32_s2_q2,2,39512,9.799500e+02
qpsk,64,4,2.500000e-01,1573,bram,299,240,80,bf_det_k4_l16_r4_c16_m4_w10g4_d32_s2_q2,2,40,6.500400e+02
qpsk,64,4,2.500000e-01,2341,dsp,300,240,107,bf_det_k4_l4_r1_c4_m4_w10g4_d64_s2_q2,2,28,2.195210e+03
qpsk,64,4,2.500000e-01,2341,lut,301,240,107,bf_det_k4_l4_r1_c4_m4_w12g4_d32_s2_q2,2,26416,2.330970e+03
qpsk,64,4,2.500000e-01,2341,ff,302,240,107,bf_det_k4_l4_r1_c4_m4_w10g4_d32_s2_q2,2,14519,2.200210e+03
qpsk,64,4,2.500000e-01,2341,bram,303,240,107,bf_det_k4_l4_r4_c4_m4_w10g4_d32_s2_q2,2,16,2.082960e+03
qpsk,64,4,2.500000e-01,3485,dsp,304,240,160,bf_det_k4_l4_r1_c4_m4_w10g4_d64_s2_q2,2,28,2.195210e+03
qpsk,64,4,2.500000e-01,3485,lut,305,240,160,bf_det_k4_l4_r1_c4_m3_w12g4_d32_s2_q2,2,26388,2.478750e+03
qpsk,64,4,2.500000e-01,3485,ff,306,240,160,bf_det_k4_l4_r1_c4_m3_w10g4_d32_s2_q2,2,14324,2.347990e+03
qpsk,64,4,2.500000e-01,3485,bram,307,240,160,bf_det_k4_l4_r4_c4_m4_w10g4_d32_s2_q2,2,16,2.082960e+03
qpsk,64,4,2.500000e-01,5188,dsp,308,240,160,bf_det_k4_l4_r1_c4_m4_w10g4_d64_s2_q2,2,28,2.195210e+03
qpsk,64,4,2.500000e-01,5188,lut,309,240,160,bf_det_k4_l4_r1_c4_m3_w12g4_d32_s2_q2,2,26388,2.478750e+03
qpsk,64,4,2.500000e-01,5188,ff,310,240,160,bf_det_k4_l4_r1_c4_m3_w10g4_d32_s2_q2,2,14324,2.347990e+03
qpsk,64,4,2.500000e-01,5188,bram,311,240,160,bf_det_k4_l4_r4_c4_m4_w10g4_d32_s2_q2,2,16,2.082960e+03
qpsk,64,4,2.500000e-01,7723,dsp,312,240,173,bf_det_k4_l4_r1_c4_m4_w10g4_d64_s2_q2,2,28,2.195210e+03
qpsk,64,4,2.500000e-01,7723,lut,313,240,173,bf_det_k4_l1_r4_c4_m3_w10g4_d32_s2_q2,2,16099,7.229560e+03
qpsk,64,4,2.500000e-01,7723,ff,314,240,173,bf_det_k4_l1_r4_c4_m3_w10g4_d32_s2_q2,2,10274,7.229560e+03
qpsk,64,4,2.500000e-01,7723,bram,315,240,173,bf_det_k4_l1_r4_c4_m4_w10g4_d32_s2_q2,2,14,7.192610e+03
qpsk,64,4,2.500000e-01,11497,dsp,316,240,240,bf_det_k4_l1_r1_c4_m4_w10g4_d64_s2_q2,2,13,7.824110e+03
qpsk,64,4,2.500000e-01,11497,lut,317,240,240,bf_det_k4_l1_r1_c4_m3_w10g4_d32_s2_q2,2,14505,7.976890e+03
qpsk,64,4,2.500000e-01,11497,ff,318,240,240,bf_det_k4_l1_r1_c4_m3_w10g4_d32_s2_q2,2,8859,7.976890e+03
qpsk,64,4,2.500000e-01,11497,bram,319,240,240,bf_det_k4_l1_r4_c4_m4_w10g4_d32_s2_q2,2,14,7.192610e+03
qpsk,64,4,5.000000e-01,710,dsp,1408,288,20,bf_det_k4_l16_r4_c16_m4_w8g8_d64_s2_q2,2,176,6.781500e+02
qpsk,64,4,5.000000e-01,710,lut,1409,288,20,bf_det_k4_l16_r4_c16_m3_w8g8_d32_s2_q2,2,79801,6.923900e+02
qpsk,64,4,5.000000e-01,710,ff,1410,288,20,bf_det_k4_l16_r4_c16_m3_w8g8_d32_s2_q2,2,41177,6.923900e+02
qpsk,64,4,5.000000e-01,710,bram,1411,288,20,bf_det_k4_l16_r4_c16_m4_w8g8_d32_s2_q2,2,36,6.831500e+02
qpsk,64,4,5.000000e-01,1066,dsp,1412,288,80,bf_det_k4_l16_r1_c16_m4_w8g8_d64_s2_q2,2,80,9.711300e+02
qpsk,64,4,5.000000e-01,1066,lut,1413,288,80,bf_det_k4_l16_r1_c16_m3_w8g8_d32_s2_q2,2,74513,1.013070e+03
qpsk,64,4,5.000000e-01,1066,ff,1414,288,80,bf_det_k4_l16_r1_c16_m3_w8g8_d32_s2_q2,2,36185,1.013070e+03
qpsk,64,4,5.000000e-01,1066,bram,1415,288,80,bf_det_k4_l16_r4_c16_m4_w8g8_d32_s2_q2,2,36,6.831500e+02
qpsk,64,4,5.000000e-01,1600,dsp,1416,288,96,bf_det_k4_l16_r1_c16_m4_w8g8_d64_s2_q2,2,80,9.711300e+02
qpsk,64,4,5.000000e-01,1600,lut,1417,288,96,bf_det_k4_l16_r1_c16_m3_w12g0_d32_s2_q2,3,73307,1.404530e+03
qpsk,64,4,5.000000e-01,1600,ff,1418,288,96,bf_det_k4_l16_r1_c16_m3_w8g8_d32_s2_q2,2,36185,1.013070e+03
qpsk,64,4,5.000000e-01,1600,bram,1419,288,96,bf_det_k4_l16_r4_c16_m4_w8g8_d32_s2_q2,2,36,6.831500e+02
qpsk,64,4,5.000000e-01,2402,dsp,1420,288,138,bf_det_k4_l4_r1_c4_m4_w8g8_d64_s2_q2,2,20,2.319860e+03
qpsk,64,4,5.000000e-01,2402,lut,1421,288,138,bf_det_k4_l4_r1_c4_m4_w8g8_d32_s2_q2,2,25657,2.324860e+03
qpsk,64,4,5.000000e-01,2402,ff,1422,288,138,bf_det_k4_l4_r1_c4_m4_w8g8_d32_s2_q2,2,13483,2.324860e+03
qpsk,64,4,5.000000e-01,2402,bram,1423,288,138,bf_det_k4_l4_r4_c4_m4_w8g8_d32_s2_q2,2,12,2.207610e+03
qpsk,64,4,5.000000e-01,3606,dsp,1424,288,192,bf_det_k4_l4_r1_c4_m4_w8g8_d64_s2_q2,2,20,2.319860e+03
qpsk,64,4,5.000000e-01,3606,lut,1425,288,192,bf_det_k4_l4_r1_c4_m3_w8g8_d32_s2_q2,2,25323,2.472640e+03
qpsk,64,4,5.000000e-01,3606,ff,1426,288,192,bf_det_k4_l4_r1_c4_m3_w8g8_d32_s2_q2,2,13326,2.472640e+03
qpsk,64,4,5.000000e-01,3606,bram,1427,288,192,bf_det_k4_l4_r4_c4_m4_w8g8_d32_s2_q2,2,12,2.207610e+03
qpsk,64,4,5.000000e-01,5414,dsp,1428,288,192,bf_det_k4_l4_r1_c4_m4_w8g8_d64_s2_q2,2,20,2.319860e+03
qpsk,64,4,5.000000e-01,5414,lut,1429,288,192,bf_det_k4_l4_r1_c4_m3_w8g8_d32_s2_q2,2,25323,2.472640e+03
qpsk,64,4,5.000000e-01,5414,ff,1430,288,192,bf_det_k4_l4_r1_c4_m3_w8g8_d32_s2_q2,2,13326,2.472640e+03
qpsk,64,4,5.000000e-01,5414,bram,1431,288,192,bf_det_k4_l4_r4_c4_m4_w8g8_d32_s2_q2,2,12,2.207610e+03
qpsk,64,4,5.000000e-01,8128,dsp,1432,288,220,bf_det_k4_l1_r1_c4_m4_w10g4_d64_s2_q2,2,13,7.824110e+03
qpsk,64,4,5.000000e-01,8128,lut,1433,288,220,bf_det_k4_l1_r1_c4_m3_w10g4_d32_s2_q2,2,14505,7.976890e+03
qpsk,64,4,5.000000e-01,8128,ff,1434,288,220,bf_det_k4_l1_r1_c4_m3_w10g4_d32_s2_q2,2,8859,7.976890e+03
qpsk,64,4,5.000000e-01,8128,bram,1435,288,220,bf_det_k4_l4_r4_c4_m4_w8g8_d32_s2_q2,2,12,2.207610e+03
qpsk,64,4,5.000000e-01,12203,dsp,1436,288,288,bf_det_k4_l1_r1_c4_m4_w8g8_d64_s2_q2,2,11,8.314900e+03
qpsk,64,4,5.000000e-01,12203,lut,1437,288,288,bf_det_k4_l1_r1_c4_m3_w8g8_d32_s2_q2,2,14096,8.467680e+03
qpsk,64,4,5.000000e-01,12203,ff,1438,288,288,bf_det_k4_l1_r1_c4_m3_w8g8_d32_s2_q2,2,8460,8.467680e+03
qpsk,64,4,5.000000e-01,12203,bram,1439,288,288,bf_det_k4_l4_r4_c4_m4_w8g8_d32_s2_q2,2,12,2.207610e+03
qpsk,64,4,1.000000e+00,710,dsp,1216,312,20,bf_det_k4_l16_r4_c16_m4_w8g8_d64_s2_q2,2,176,6.781500e+02
qpsk,64,4,1.000000e+00,710,lut,1217,312,20,bf_det_k4_l16_r4_c16_m3_w8g8_d32_s2_q2,2,79801,6.923900e+02
qpsk,64,4,1.000000e+00,710,ff,1218,312,20,bf_det_k4_l16_r4_c16_m3_w8g8_d32_s2_q2,2,41177,6.923900e+02
qpsk,64,4,1.000000e+00,710,bram,1219,312,20,bf_det_k4_l16_r4_c16_m4_w8g8_d32_s2_q2,2,36,6.831500e+02
qpsk,64,4,1.000000e+00,1066,dsp,1220,312,84,bf_det_k4_l16_r1_c16_m4_w8g8_d64_s2_q2,2,80,9.711300e+02
qpsk,64,4,1.000000e+00,1066,lut,1221,312,84,bf_det_k4_l16_r1_c16_m3_w8g8_d32_s2_q2,2,74513,1.013070e+03
qpsk,64,4,1.000000e+00,1066,ff,1222,312,84,bf_det_k4_l16_r1_c16_m3_w8g8_d32_s2_q2,2,36185,1.013070e+03
qpsk,64,4,1.000000e+00,1066,bram,1223,312,84,bf_det_k4_l16_r4_c16_m4_w8g8_d32_s2_q2,2,36,6.831500e+02
qpsk,64,4,1.000000e+00,1600,dsp,1224,312,104,bf_det_k4_l16_r1_c16_m4_w8g8_d64_s2_q2,2,80,9.711300e+02
qpsk,64,4,1.000000e+00,1600,lut,1225,312,104,bf_det_k4_l16_r1_c16_m3_w8g4_d32_s2_q2,3,71006,1.395240e+03
qpsk,64,4,1.000000e+00,1600,ff,1226,312,104,bf_det_k4_l16_r1_c16_m3_w8g4_d32_s2_q2,3,32774,1.395240e+03
qpsk,64,4,1.000000e+00,1600,bram,1227,312,104,bf_det_k4_l16_r4_c16_m4_w8g8_d32_s2_q2,2,36,6.831500e+02
qpsk,64,4,1.000000e+00,2402,dsp,1228,312,146,bf_det_k4_l4_r1_c4_m4_w8g8_d64_s2_q2,2,20,2.319860e+03
qpsk,64,4,1.000000e+00,2402,lut,1229,312,146,bf_det_k4_l4_r1_c4_m4_w8g8_d32_s2_q2,2,25657,2.324860e+03
qpsk,64,4,1.000000e+00,2402,ff,1230,312,146,bf_det_k4_l4_r1_c4_m4_w8g8_d32_s2_q2,2,13483,2.324860e+03
qpsk,64,4,1.000000e+00,2402,bram,1231,312,146,bf_det_k4_l4_r4_c4_m4_w8g8_d32_s2_q2,2,12,2.207610e+03
qpsk,64,4,1.000000e+00,3606,dsp,1232,312,208,bf_det_k4_l4_r1_c4_m4_w8g8_d64_s2_q2,2,20,2.319860e+03
qpsk,64,4,1.000000e+00,3606,lut,1233,312,208,bf_det_k4_l4_r1_c4_m3_w8g4_d32_s2_q2,3,24343,3.286360e+03
qpsk,64,4,1.000000e+00,3606,ff,1234,312,208,bf_det_k4_l4_r1_c4_m3_w8g4_d32_s2_q2,3,12588,3.286360e+03
qpsk,64,4,1.000000e+00,3606,bram,1235,312,208,bf_det_k4_l4_r4_c4_m4_w8g8_d32_s2_q2,2,12,2.207610e+03
qpsk,64,4,1.000000e+00,5414,dsp,1236,312,208,bf_det_k4_l4_r1_c4_m4_w8g8_d64_s2_q2,2,20,2.319860e+03
qpsk,64,4,1.000000e+00,5414,lut,1237,312,208,bf_det_k4_l4_r1_c4_m3_w8g4_d32_s2_q2,3,24343,3.286360e+03
qpsk,64,4,1.000000e+00,5414,ff,1238,312,208,bf_det_k4_l4_r1_c4_m3_w8g4_d32_s2_q2,3,12588,3.286360e+03
qpsk,64,4,1.000000e+00,5414,bram,1239,312,208,bf_det_k4_l4_r4_c4_m4_w8g8_d32_s2_q2,2,12,2.207610e+03
qpsk,64,4,1.000000e+00,8128,dsp,1240,312,236,bf_det_k4_l1_r1_c4_m4_w10g4_d64_s2_q2,2,13,7.824110e+03
qpsk,64,4,1.000000e+00,8128,lut,1241,312,236,bf_det_k4_l1_r1_c4_m3_w10g4_d32_s2_q2,2,14505,7.976890e+03
qpsk,64,4,1.000000e+00,8128,ff,1242,312,236,bf_det_k4_l1_r1_c4_m3_w10g4_d32_s2_q2,2,8859,7.976890e+03
qpsk,64,4,1.000000e+00,8128,bram,1243,312,236,bf_det_k4_l4_r4_c4_m4_w8g8_d32_s2_q2,2,12,2.207610e+03
qpsk,64,4,1.000000e+00,12203,dsp,1244,312,312,bf_det_k4_l1_r1_c4_m4_w8g8_d64_s2_q2,2,11,8.314900e+03
qpsk,64,4,1.000000e+00,12203,lut,1245,312,312,bf_det_k4_l1_r1_c4_m3_w8g4_d32_s2_q2,3,13747,1.108600e+04
qpsk,64,4,1.000000e+00,12203,ff,1246,312,312,bf_det_k4_l1_r1_c4_m3_w8g4_d32_s2_q2,3,8241,1.108600e+04
qpsk,64,4,1.000000e+00,12203,bram,1247,312,312,bf_det_k4_l4_r4_c4_m4_w8g8_d32_s2_q2,2,12,2.207610e+03
qpsk,64,8,2.500000e-01,1280,dsp,384,360,18,bf_det_k8_l16_r8_c16_m4_w10g4_d64_s2_q2,3,336,1.163250e+03
qpsk,64,8,2.500000e-01,1280,lut,385,360,18,bf_det_k8_l16_r8_c16_m3_w12g4_d32_s2_q2,3,95663,1.241190e+03
qpsk,64,8,2.500000e-01,1280,ff,386,360,18,bf_det_k8_l16_r8_c16_m3_w10g4_d32_s2_q2,3,54903,1.182100e+03
qpsk,64,8,2.500000e-01,1280,bram,387,360,18,bf_det_k8_l16_r8_c16_m4_w10g4_d32_s2_q2,3,45,1.168250e+03
qpsk,64,8,2.500000e-01,1928,dsp,388,360,80,bf_det_k8_l16_r4_c16_m4_w10g4_d64_s2_q2,3,208,1.357300e+03
qpsk,64,8,2.500000e-01,1928,lut,389,360,80,bf_det_k8_l16_r4_c16_m3_w12g4_d32_s2_q2,3,87134,1.449110e+03
qpsk,64,8,2.500000e-01,1928,ff,390,360,80,bf_det_k8_l16_r4_c16_m3_w10g4_d32_s2_q2,3,46876,1.390010e+03
qpsk,64,8,2.500000e-01,1928,bram,391,360,80,bf_det_k8_l16_r8_c16_m4_w10g4_d32_s2_q2,3,45,1.168250e+03
qpsk,64,8,2.500000e-01,2905,dsp,392,360,120,bf_det_k8_l16_r1_c16_m4_w10g4_d64_s2_q2,3,112,2.380220e+03
qpsk,64,8,2.500000e-01,2905,lut,393,360,120,bf_det_k8_l16_r1_c16_m3_w12g4_d32_s2_q2,3,80737,2.555150e+03
qpsk,64,8,2.500000e-01,2905,ff,394,360,120,bf_det_k8_l16_r1_c16_m3_w10g4_d32_s2_q2,3,40734,2.496060e+03
qpsk,64,8,2.500000e-01,2905,bram,395,360,120,bf_det_k8_l16_r8_c16_m4_w10g4_d32_s2_q2,3,45,1.168250e+03
qpsk,64,8,2.500000e-01,4375,dsp,396,360,148,bf_det_k8_l4_r4_c4_m4_w10g4_d64_s2_q2,3,52,4.342350e+03
qpsk,64,8,2.500000e-01,4375,lut,397,360,148,bf_det_k8_l4_r4_c4_m4_w14g0_d32_s2_q2,3,33452,4.356280e+03
qpsk,64,8,2.500000e-01,4375,ff,398,360,148,bf_det_k8_l4_r4_c4_m4_w10g4_d32_s2_q2,3,17742,4.347350e+03
qpsk,64,8,2.500000e-01,4375,bram,399,360,148,bf_det_k8_l4_r8_c4_m4_w10g4_d32_s2_q2,3,21,3.920020e+03
qpsk,64,8,2.500000e-01,6591,dsp,400,360,238,bf_det_k8_l4_r1_c4_m4_w10g4_d64_s2_q2,3,28,5.242890e+03
qpsk,64,8,2.500000e-01,6591,lut,401,360,238,bf_det_k8_l4_r1_c4_m3_w10g4_d32_s2_q2,3,30174,5.691240e+03
qpsk,64,8,2.500000e-01,6591,ff,402,360,238,bf_det_k8_l4_r1_c4_m3_w10g4_d32_s2_q2,3,15548,5.691240e+03
qpsk,64,8,2.500000e-01,6591,bram,403,360,238,bf_det_k8_l4_r8_c4_m4_w10g4_d32_s2_q2,3,21,3.920020e+03
qpsk,64,8,2.500000e-01,9929,dsp,404,360,240,bf_det_k8_l4_r1_c4_m4_w10g4_d64_s2_q2,3,28,5.242890e+03
qpsk,64,8,2.500000e-01,9929,lut,405,360,240,bf_det_k8_l4_r1_c4_m3_w10g4_d32_s2_q2,3,30174,5.691240e+03
qpsk,64,8,2.500000e-01,9929,ff,406,360,240,bf_det_k8_l4_r1_c4_m3_w10g4_d32_s2_q2,3,15548,5.691240e+03
qpsk,64,8,2.500000e-01,9929,bram,407,360,240,bf_det_k8_l4_r8_c4_m4_w10g4_d32_s2_q2,3,21,3.920020e+03
qpsk,64,8,2.500000e-01,14958,dsp,408,360,279,bf_det_k8_l4_r1_c4_m4_w10g4_d64_s2_q2,3,28,5.242890e+03
qpsk,64,8,2.500000e-01,14958,lut,409,360,279,bf_det_k8_l1_r4_c4_m3_w10g4_d32_s2_q2,3,19508,1.395622e+04
qpsk,64,8,2.500000e-01,14958,ff,410,360,279,bf_det_k8_l1_r4_c4_m3_w10g4_d32_s2_q2,3,11497,1.395622e+04
qpsk,64,8,2.500000e-01,14958,bram,411,360,279,bf_det_k8_l1_r8_c4_m4_w10g4_d32_s2_q2,3,19,1.341806e+04
qpsk,64,8,2.500000e-01,22535,dsp,412,360,360,bf_det_k8_l1_r1_c4_m4_w10g4_d64_s2_q2,3,13,1.632587e+04
qpsk,64,8,2.500000e-01,22535,lut,413,360,360,bf_det_k8_l1_r1_c4_m3_w10g4_d32_s2_q2,3,17914,1.677422e+04
qpsk,64,8,2.500000e-01,22535,ff,414,360,360,bf_det_k8_l1_r1_c4_m3_w10g4_d32_s2_q2,3,10083,1.677422e+04
qpsk,64,8,2.500000e-01,22535,bram,415,360,360,bf_det_k8_l1_r8_c4_m4_w10g4_d32_s2_q2,3,19,1.341806e+04
qpsk,64,8,5.000000e-01,833,dsp,1440,396,13,bf_det_k8_l16_r8_c16_m4_w10g4_d64_s2_q2,2,336,7.895600e+02
qpsk,64,8,5.000000e-01,833,lut,1441,396,13,bf_det_k8_l16_r8_c16_m3_w12g0_d32_s2_q2,2,92155,7.706800e+02
qpsk,64,8,5.000000e-01,833,ff,1442,396,13,bf_det_k8_l16_r8_c16_m3_w10g4_d32_s2_q2,2,54903,8.038000e+02
qpsk,64,8,5.000000e-01,833,bram,1443,396,13,bf_det_k8_l16_r8_c16_m4_w10g4_d32_s2_q2,2,45,7.945600e+02
qpsk,64,8,5.000000e-01,1261,dsp,1444,396,88,bf_det_k8_l16_r4_c16_m4_w10g4_d64_s2_q2,2,208,9.189400e+02
qpsk,64,8,5.000000e-01,1261,lut,1445,396,88,bf_det_k8_l16_r4_c16_m3_w12g0_d32_s2_q2,2,83626,9.092900e+02
qpsk,64,8,5.000000e-01,1261,ff,1446,396,88,bf_det_k8_l16_r4_c16_m3_w10g4_d32_s2_q2,2,46876,9.424100e+02
qpsk,64,8,5.000000e-01,1261,bram,1447,396,88,bf_det_k8_l16_r8_c16_m4_w10g4_d32_s2_q2,2,45,7.945600e+02
qpsk,64,8,5.000000e-01,1909,dsp,1448,396,132,bf_det_k8_l16_r1_c16_m4_w10g4_d64_s2_q2,2,112,1.600880e+03
qpsk,64,8,5.000000e-01,1909,lut,1449,396,132,bf_det_k8_l16_r1_c16_m3_w12g0_d32_s2_q2,2,77229,1.646650e+03
qpsk,64,8,5.000000e-01,1909,ff,1450,396,132,bf_det_k8_l16_r1_c16_m3_w12g0_d32_s2_q2,2,39804,1.646650e+03
qpsk,64,8,5.000000e-01,1909,bram,1451,396,132,bf_det_k8_l16_r8_c16_m4_w10g4_d32_s2_q2,2,45,7.945600e+02
qpsk,64,8,5.000000e-01,2892,dsp,1452,396,155,bf_det_k8_l4_r8_c4_m4_w10g4_d64_s2_q2,2,84,2.656080e+03
qpsk,64,8,5.000000e-01,2892,lut,1453,396,155,bf_det_k8_l4_r4_c4_m4_w12g0_d32_s2_q2,2,31042,2.821310e+03
qpsk,64,8,5.000000e-01,2892,ff,1454,396,155,bf_det_k8_l4_r4_c4_m4_w12g0_d32_s2_q2,2,18249,2.821310e+03
qpsk,64,8,5.000000e-01,2892,bram,1455,396,155,bf_det_k8_l4_r8_c4_m4_w10g4_d32_s2_q2,2,21,2.661080e+03
qpsk,64,8,5.000000e-01,4380,dsp,1456,396,262,bf_det_k8_l4_r1_c4_m4_w10g4_d64_s2_q2,2,28,3.541320e+03
qpsk,64,8,5.000000e-01,4380,lut,1457,396,262,bf_det_k8_l4_r1_c4_m3_w12g0_d32_s2_q2,2,29330,3.717230e+03
qpsk,64,8,5.000000e-01,4380,ff,1458,396,262,bf_det_k8_l4_r1_c4_m3_w10g4_d32_s2_q2,2,15548,3.841890e+03
qpsk,64,8,5.000000e-01,4380,bram,1459,396,262,bf_det_k8_l4_r8_c4_m4_w10g4_d32_s2_q2,2,21,2.661080e+03
qpsk,64,8,5.000000e-01,6633,dsp,1460,396,264,bf_det_k8_l4_r1_c4_m4_w10g4_d64_s2_q2,2,28,3.541320e+03
qpsk,64,8,5.000000e-01,6633,lut,1461,396,264,bf_det_k8_l4_r1_c4_m3_w12g0_d32_s2_q2,2,29330,3.717230e+03
qpsk,64,8,5.000000e-01,6633,ff,1462,396,264,bf_det_k8_l4_r1_c4_m3_w10g4_d32_s2_q2,2,15548,3.841890e+03
qpsk,64,8,5.000000e-01,6633,bram,1463,396,264,bf_det_k8_l4_r8_c4_m4_w10g4_d32_s2_q2,2,21,2.661080e+03
qpsk,64,8,5.000000e-01,10047,dsp,1464,396,304,bf_det_k8_l4_r1_c4_m4_w10g4_d64_s2_q2,2,28,3.541320e+03
qpsk,64,8,5.000000e-01,10047,lut,1465,396,304,bf_det_k8_l1_r4_c4_m3_w10g4_d32_s2_q2,2,19508,9.479850e+03
qpsk,64,8,5.000000e-01,10047,ff,1466,396,304,bf_det_k8_l1_r4_c4_m3_w10g4_d32_s2_q2,2,11497,9.479850e+03
qpsk,64,8,5.000000e-01,10047,bram,1467,396,304,bf_det_k8_l1_r8_c4_m4_w10g4_d32_s2_q2,2,19,9.121070e+03
qpsk,64,8,5.000000e-01,15217,dsp,1468,396,396,bf_det_k8_l1_r1_c4_m4_w10g4_d64_s2_q2,2,13,1.105795e+04
qpsk,64,8,5.000000e-01,15217,lut,1469,396,396,bf_det_k8_l1_r1_c4_m3_w10g4_d32_s2_q2,2,17914,1.135851e+04
qpsk,64,8,5.000000e-01,15217,ff,1470,396,396,bf_det_k8_l1_r1_c4_m3_w10g4_d32_s2_q2,2,10083,1.135851e+04
qpsk,64,8,5.000000e-01,15217,bram,1471,396,396,bf_det_k8_l1_r8_c4_m4_w10g4_d32_s2_q2,2,19,9.121070e+03
qpsk,64,8,1.000000e+00,826,dsp,1472,468,17,bf_det_k8_l16_r8_c16_m4_w8g4_d64_s2_q2,2,304,7.500900e+02
qpsk,64,8,1.000000e+00,826,lut,1473,468,17,bf_det_k8_l16_r8_c16_m3_w8g4_d32_s2_q2,2,86480,7.643300e+02
qpsk,64,8,1.000000e+00,826,ff,1474,468,17,bf_det_k8_l16_r8_c16_m3_w8g4_d32_s2_q2,2,45306,7.643300e+02
qpsk,64,8,1.000000e+00,826,bram,1475,468,17,bf_det_k8_l16_r8_c16_m4_w8g4_d32_s2_q2,2,40,7.550900e+02
qpsk,64,8,1.000000e+00,1252,dsp,1476,468,104,bf_det_k8_l16_r4_c16_m4_w8g4_d64_s2_q2,2,176,8.794600e+02
qpsk,64,8,1.000000e+00,1252,lut,1477,468,104,bf_det_k8_l16_r4_c16_m3_w8g4_d32_s2_q2,2,79430,9.029300e+02
qpsk,64,8,1.000000e+00,1252,ff,1478,468,104,bf_det_k8_l16_r4_c16_m3_w8g4_d32_s2_q2,2,38780,9.029300e+02
qpsk,64,8,1.000000e+00,1252,bram,1479,468,104,bf_det_k8_l16_r8_c16_m4_w8g4_d32_s2_q2,2,40,7.550900e+02
qpsk,64,8,1.000000e+00,1898,dsp,1480,468,156,bf_det_k8_l16_r1_c16_m4_w8g4_d64_s2_q2,2,80,1.561410e+03
qpsk,64,8,1.000000e+00,1898,lut,1481,468,156,bf_det_k8_l16_r1_c16_m3_w8g4_d32_s2_q2,2,74142,1.640300e+03
qpsk,64,8,1.000000e+00,1898,ff,1482,468,156,bf_det_k8_l16_r1_c16_m3_w8g4_d32_s2_q2,2,33789,1.640300e+03
qpsk,64,8,1.000000e+00,1898,bram,1483,468,156,bf_det_k8_l16_r8_c16_m4_w8g4_d32_s2_q2,2,40,7.550900e+02
qpsk,64,8,1.000000e+00,2878,dsp,1484,468,188,bf_det_k8_l4_r4_c4_m4_w8g4_d64_s2_q2,2,44,2.810190e+03
qpsk,64,8,1.000000e+00,2878,lut,1485,468,188,bf_det_k8_l4_r4_c4_m4_w8g4_d32_s2_q2,2,30138,2.815190e+03
qpsk,64,8,1.000000e+00,2878,ff,1486,468,188,bf_det_k8_l4_r4_c4_m4_w8g4_d32_s2_q2,2,15380,2.815190e+03
qpsk,64,8,1.000000e+00,2878,bram,1487,468,188,bf_det_k8_l4_r8_c4_m4_w8g4_d32_s2_q2,2,16,2.530310e+03
qpsk,64,8,1.000000e+00,4364,dsp,1488,468,310,bf_det_k8_l4_r1_c4_m4_w8g4_d64_s2_q2,2,20,3.410560e+03
qpsk,64,8,1.000000e+00,4364,lut,1489,468,310,bf_det_k8_l4_r1_c4_m3_w8g4_d32_s2_q2,2,27479,3.711120e+03
qpsk,64,8,1.000000e+00,4364,ff,1490,468,310,bf_det_k8_l4_r1_c4_m3_w8g4_d32_s2_q2,2,13602,3.711120e+03
qpsk,64,8,1.000000e+00,4364,bram,1491,468,310,bf_det_k8_l4_r8_c4_m4_w8g4_d32_s2_q2,2,16,2.530310e+03
qpsk,64,8,1.000000e+00,6617,dsp,1492,468,312,bf_det_k8_l4_r1_c4_m4_w8g4_d64_s2_q2,2,20,3.410560e+03
qpsk,64,8,1.000000e+00,6617,lut,1493,468,312,bf_det_k8_l4_r1_c4_m3_w8g4_d32_s2_q2,2,27479,3.711120e+03
qpsk,64,8,1.000000e+00,6617,ff,1494,468,312,bf_det_k8_l4_r1_c4_m3_w8g4_d32_s2_q2,2,13602,3.711120e+03
qpsk,64,8,1.000000e+00,6617,bram,1495,468,312,bf_det_k8_l4_r8_c4_m4_w8g4_d32_s2_q2,2,16,2.530310e+03
qpsk,64,8,1.000000e+00,10035,dsp,1496,468,368,bf_det_k8_l4_r1_c4_m4_w8g4_d64_s2_q2,2,20,3.410560e+03
qpsk,64,8,1.000000e+00,10035,lut,1497,468,368,bf_det_k8_l1_r4_c4_m3_w8g4_d32_s2_q2,2,18242,8.983930e+03
qpsk,64,8,1.000000e+00,10035,ff,1498,468,368,bf_det_k8_l1_r4_c4_m3_w8g4_d32_s2_q2,2,10407,8.983930e+03
qpsk,64,8,1.000000e+00,10035,bram,1499,468,368,bf_det_k8_l4_r8_c4_m4_w8g4_d32_s2_q2,2,16,2.530310e+03
qpsk,64,8,1.000000e+00,15217,dsp,1500,468,468,bf_det_k8_l1_r1_c4_m4_w8g4_d64_s2_q2,2,11,1.056203e+04
qpsk,64,8,1.000000e+00,15217,lut,1501,468,468,bf_det_k8_l1_r1_c4_m3_w8g4_d32_s2_q2,2,16787,1.086259e+04
qpsk,64,8,1.000000e+00,15217,ff,1502,468,468,bf_det_k8_l1_r1_c4_m3_w8g4_d32_s2_q2,2,9255,1.086259e+04
qpsk,64,8,1.000000e+00,15217,bram,1503,468,468,bf_det_k8_l4_r8_c4_m4_w8g4_d32_s2_q2,2,16,2.530310e+03
qpsk,64,16,2.500000e-01,2292,dsp,1504,360,24,bf_det_k16_l16_r16_c16_m4_w10g4_d64_s2_q2,4,592,2.083050e+03
qpsk,64,16,2.500000e-01,2292,lut,1505,360,24,bf_det_k16_l16_r16_c16_m3_w10g4_d32_s2_q2,4,121036,2.106520e+03
qpsk,64,16,2.500000e-01,2292,ff,1506,360,24,bf_det_k16_l16_r16_c16_m3_w10g4_d32_s2_q2,4,75395,2.106520e+03
qpsk,64,16,2.500000e-01,2292,bram,1507,360,24,bf_det_k16_l16_r16_c16_m4_w10g4_d32_s2_q2,4,49,2.088050e+03
qpsk,64,16,2.500000e-01,3534,dsp,1508,360,80,bf_det_k16_l16_r4_c16_m4_w10g4_d64_s2_q2,4,208,3.051280e+03
qpsk,64,16,2.500000e-01,3534,lut,1509,360,80,bf_det_k16_l16_r4_c16_m3_w12g4_d32_s2_q2,4,97252,3.208880e+03
qpsk,64,16,2.500000e-01,3534,ff,1510,360,80,bf_det_k16_l16_r4_c16_m3_w10g4_d32_s2_q2,4,51312,3.130170e+03
qpsk,64,16,2.500000e-01,3534,bram,1511,360,80,bf_det_k16_l16_r16_c16_m4_w10g4_d32_s2_q2,4,49,2.088050e+03
qpsk,64,16,2.500000e-01,5450,dsp,1512,360,80,bf_det_k16_l16_r4_c16_m4_w10g4_d64_s2_q2,4,208,3.051280e+03
qpsk,64,16,2.500000e-01,5450,lut,1513,360,80,bf_det_k16_l16_r4_c16_m3_w12g4_d32_s2_q2,4,97252,3.208880e+03
qpsk,64,16,2.500000e-01,5450,ff,1514,360,80,bf_det_k16_l16_r4_c16_m3_w10g4_d32_s2_q2,4,51312,3.130170e+03
qpsk,64,16,2.500000e-01,5450,bram,1515,360,80,bf_det_k16_l16_r16_c16_m4_w10g4_d32_s2_q2,4,49,2.088050e+03
qpsk,64,16,2.500000e-01,8405,dsp,1516,360,154,bf_det_k16_l16_r1_c16_m4_w10g4_d64_s2_q2,4,112,6.547070e+03
qpsk,64,16,2.500000e-01,8405,lut,1517,360,154,bf_det_k16_l4_r16_c4_m3_w10g4_d32_s2_q2,4,46104,7.437350e+03
qpsk,64,16,2.500000e-01,8405,ff,1518,360,154,bf_det_k16_l4_r16_c4_m3_w10g4_d32_s2_q2,4,27056,7.437350e+03
qpsk,64,16,2.500000e-01,8405,bram,1519,360,154,bf_det_k16_l16_r16_c16_m4_w10g4_d32_s2_q2,4,49,2.088050e+03
qpsk,64,16,2.500000e-01,12963,dsp,1520,360,200,bf_det_k16_l4_r4_c4_m4_w10g4_d64_s2_q2,4,52,9.835750e+03
qpsk,64,16,2.500000e-01,12963,lut,1521,360,200,bf_det_k16_l4_r4_c4_m3_w10g4_d32_s2_q2,4,40261,1.013632e+04
qpsk,64,16,2.500000e-01,12963,ff,1522,360,200,bf_det_k16_l4_r4_c4_m3_w10g4_d32_s2_q2,4,21398,1.013632e+04
qpsk,64,16,2.500000e-01,12963,bram,1523,360,200,bf_det_k16_l16_r16_c16_m4_w10g4_d32_s2_q2,4,49,2.088050e+03
qpsk,64,16,2.500000e-01,19991,dsp,1524,360,240,bf_det_k16_l4_r1_c4_m4_w10g4_d64_s2_q2,4,28,1.527295e+04
qpsk,64,16,2.500000e-01,19991,lut,1525,360,240,bf_det_k16_l4_r1_c4_m3_w10g4_d32_s2_q2,4,38801,1.646021e+04
qpsk,64,16,2.500000e-01,19991,ff,1526,360,240,bf_det_k16_l4_r1_c4_m3_w10g4_d32_s2_q2,4,19983,1.646021e+04
qpsk,64,16,2.500000e-01,19991,bram,1527,360,240,bf_det_k16_l16_r16_c16_m4_w10g4_d32_s2_q2,4,49,2.088050e+03
qpsk,64,16,2.500000e-01,30831,dsp,1528,360,312,bf_det_k16_l4_r1_c4_m4_w10g4_d64_s2_q2,4,28,1.527295e+04
qpsk,64,16,2.500000e-01,30831,lut,1529,360,312,bf_det_k16_l1_r4_c4_m3_w10g4_d32_s2_q2,4,28375,2.768985e+04
qpsk,64,16,2.500000e-01,30831,ff,1530,360,312,bf_det_k16_l1_r4_c4_m3_w10g4_d32_s2_q2,4,15933,2.768985e+04
qpsk,64,16,2.500000e-01,30831,bram,1531,360,312,bf_det_k16_l1_r16_c4_m4_w10g4_d32_s2_q2,4,35,2.491698e+04
qpsk,64,16,2.500000e-01,47548,dsp,1532,360,360,bf_det_k16_l1_r1_c4_m4_w10g4_d64_s2_q2,4,13,3.708925e+04
qpsk,64,16,2.500000e-01,47548,lut,1533,360,360,bf_det_k16_l1_r1_c4_m3_w10g4_d32_s2_q2,4,26781,3.827651e+04
qpsk,64,16,2.500000e-01,47548,ff,1534,360,360,bf_det_k16_l1_r1_c4_m3_w10g4_d32_s2_q2,4,14518,3.827651e+04
qpsk,64,16,2.500000e-01,47548,bram,1535,360,360,bf_det_k16_l1_r16_c4_m4_w10g4_d32_s2_q2,4,35,2.491698e+04
qpsk,64,16,5.000000e-01,1685,dsp,1536,396,20,bf_det_k16_l16_r16_c16_m4_w10g4_d64_s2_q2,3,592,1.580840e+03
qpsk,64,16,5.000000e-01,1685,lut,1537,396,20,bf_det_k16_l16_r16_c16_m3_w12g0_d32_s2_q2,3,119332,1.549890e+03
qpsk,64,16,5.000000e-01,1685,ff,1538,396,20,bf_det_k16_l16_r16_c16_m3_w10g4_d32_s2_q2,3,75395,1.599690e+03
qpsk,64,16,5.000000e-01,1685,bram,1539,396,20,bf_det_k16_l16_r16_c16_m4_w10g4_d32_s2_q2,3,49,1.585840e+03
qpsk,64,16,5.000000e-01,2608,dsp,1540,396,86,bf_det_k16_l16_r4_c16_m4_w10g4_d64_s2_q2,3,208,2.307010e+03
qpsk,64,16,5.000000e-01,2608,lut,1541,396,86,bf_det_k16_l16_r4_c16_m3_w12g0_d32_s2_q2,3,93744,2.317630e+03
qpsk,64,16,5.000000e-01,2608,ff,1542,396,86,bf_det_k16_l16_r4_c16_m3_w10g4_d32_s2_q2,3,51312,2.367430e+03
qpsk,64,16,5.000000e-01,2608,bram,1543,396,86,bf_det_k16_l16_r16_c16_m4_w10g4_d32_s2_q2,3,49,1.585840e+03
qpsk,64,16,5.000000e-01,4039,dsp,1544,396,88,bf_det_k16_l16_r4_c16_m4_w10g4_d64_s2_q2,3,208,2.307010e+03
qpsk,64,16,5.000000e-01,4039,lut,1545,396,88,bf_det_k16_l16_r4_c16_m3_w12g0_d32_s2_q2,3,93744,2.317630e+03
qpsk,64,16,5.000000e-01,4039,ff,1546,396,88,bf_det_k16_l16_r4_c16_m3_w10g4_d32_s2_q2,3,51312,2.367430e+03
qpsk,64,16,5.000000e-01,4039,bram,1547,396,88,bf_det_k16_l16_r16_c16_m4_w10g4_d32_s2_q2,3,49,1.585840e+03
qpsk,64,16,5.000000e-01,6253,dsp,1548,396,168,bf_det_k16_l16_r1_c16_m4_w10g4_d64_s2_q2,3,112,4.928850e+03
qpsk,64,16,5.000000e-01,6253,lut,1549,396,168,bf_det_k16_l4_r16_c4_m3_w10g4_d32_s2_q2,3,46104,5.645800e+03
qpsk,64,16,5.000000e-01,6253,ff,1550,396,168,bf_det_k16_l4_r16_c4_m3_w10g4_d32_s2_q2,3,27056,5.645800e+03
qpsk,64,16,5.000000e-01,6253,bram,1551,396,168,bf_det_k16_l16_r16_c16_m4_w10g4_d32_s2_q2,3,49,1.585840e+03
qpsk,64,16,5.000000e-01,9682,dsp,1552,396,220,bf_det_k16_l4_r4_c4_m4_w10g4_d64_s2_q2,3,52,7.443350e+03
qpsk,64,16,5.000000e-01,9682,lut,1553,396,220,bf_det_k16_l4_r4_c4_m3_w10g4_d32_s2_q2,3,40261,7.670030e+03
qpsk,64,16,5.000000e-01,9682,ff,1554,396,220,bf_det_k16_l4_r4_c4_m3_w10g4_d32_s2_q2,3,21398,7.670030e+03
qpsk,64,16,5.000000e-01,9682,bram,1555,396,220,bf_det_k16_l16_r16_c16_m4_w10g4_d32_s2_q2,3,49,1.585840e+03
qpsk,64,16,5.000000e-01,14993,dsp,1556,396,264,bf_det_k16_l4_r1_c4_m4_w10g4_d64_s2_q2,3,28,1.152125e+04
qpsk,64,16,5.000000e-01,14993,lut,1557,396,264,bf_det_k16_l4_r1_c4_m3_w12g0_d32_s2_q2,3,38680,1.222585e+04
qpsk,64,16,5.000000e-01,14993,ff,1558,396,264,bf_det_k16_l4_r1_c4_m3_w10g4_d32_s2_q2,3,19983,1.241295e+04
qpsk,64,16,5.000000e-01,14993,bram,1559,396,264,bf_det_k16_l16_r16_c16_m4_w10g4_d32_s2_q2,3,49,1.585840e+03
qpsk,64,16,5.000000e-01,23215,dsp,1560,396,340,bf_det_k16_l4_r1_c4_m4_w10g4_d64_s2_q2,3,28,1.152125e+04
qpsk,64,16,5.000000e-01,23215,lut,1561,396,340,bf_det_k16_l1_r4_c4_m3_w10g4_d32_s2_q2,3,28375,2.102714e+04
qpsk,64,16,5.000000e-01,23215,ff,1562,396,340,bf_det_k16_l1_r4_c4_m3_w10g4_d32_s2_q2,3,15933,2.102714e+04
qpsk,64,16,5.000000e-01,23215,bram,1563,396,340,bf_det_k16_l1_r16_c4_m4_w10g4_d32_s2_q2,3,35,1.894749e+04
qpsk,64,16,5.000000e-01,35947,dsp,1564,396,396,bf_det_k16_l1_r1_c4_m4_w10g4_d64_s2_q2,3,13,2.807544e+04
qpsk,64,16,5.000000e-01,35947,lut,1565,396,396,bf_det_k16_l1_r1_c4_m3_w10g4_d32_s2_q2,3,26781,2.896713e+04
qpsk,64,16,5.000000e-01,35947,ff,1566,396,396,bf_det_k16_l1_r1_c4_m3_w10g4_d32_s2_q2,3,14518,2.896713e+04
qpsk,64,16,5.000000e-01,35947,bram,1567,396,396,bf_det_k16_l1_r16_c4_m4_w10g4_d32_s2_q2,3,35,1.894749e+04
qpsk,64,16,1.000000e+00,1685,dsp,1536,396,20,bf_det_k16_l16_r16_c16_m4_w10g4_d64_s2_q2,3,592,1.580840e+03
qpsk,64,16,1.000000e+00,1685,lut,1537,396,20,bf_det_k16_l16_r16_c16_m3_w12g0_d32_s2_q2,3,119332,1.549890e+03
qpsk,64,16,1.000000e+00,1685,ff,1538,396,20,bf_det_k16_l16_r16_c16_m3_w10g4_d32_s2_q2,3,75395,1.599690e+03
qpsk,64,16,1.000000e+00,1685,bram,1539,396,20,bf_det_k16_l16_r16_c16_m4_w10g4_d32_s2_q2,3,49,1.585840e+03
qpsk,64,16,1.000000e+00,2608,dsp,1540,396,86,bf_det_k16_l16_r4_c16_m4_w10g4_d64_s2_q2,3,208,2.307010e+03
qpsk,64,16,1.000000e+00,2608,lut,1541,396,86,bf_det_k16_l16_r4_c16_m3_w12g0_d32_s2_q2,3,93744,2.317630e+03
qpsk,64,16,1.000000e+00,2608,ff,1542,396,86,bf_det_k16_l16_r4_c16_m3_w10g4_d32_s2_q2,3,51312,2.367430e+03
qpsk,64,16,1.000000e+00,2608,bram,1543,396,86,bf_det_k16_l16_r16_c16_m4_w10g4_d32_s2_q2,3,49,1.585840e+03
qpsk,64,16,1.000000e+00,4039,dsp,1544,396,88,bf_det_k16_l16_r4_c16_m4_w10g4_d64_s2_q2,3,208,2.307010e+03
qpsk,64,16,1.000000e+00,4039,lut,1545,396,88,bf_det_k16_l16_r4_c16_m3_w12g0_d32_s2_q2,3,93744,2.317630e+03
qpsk,64,16,1.000000e+00,4039,ff,1546,396,88,bf_det_k16_l16_r4_c16_m3_w10g4_d32_s2_q2,3,51312,2.367430e+03
qpsk,64,16,1.000000e+00,4039,bram,1547,396,88,bf_det_k16_l16_r16_c16_m4_w10g4_d32_s2_q2,3,49,1.585840e+03
qpsk,64,16,1.000000e+00,6253,dsp,1548,396,168,bf_det_k16_l16_r1_c16_m4_w10g4_d64_s2_q2,3,112,4.928850e+03
qpsk,64,16,1.000000e+00,6253,lut,1549,396,168,bf_det_k16_l4_r16_c4_m3_w10g4_d32_s2_q2,3,46104,5.645800e+03
qpsk,64,16,1.000000e+00,6253,ff,1550,396,168,bf_det_k16_l4_r16_c4_m3_w10g4_d32_s2_q2,3,27056,5.645800e+03
qpsk,64,16,1.000000e+00,6253,bram,1551,396,168,bf_det_k16_l16_r16_c16_m4_w10g4_d32_s2_q2,3,49,1.585840e+03
qpsk,64,16,1.000000e+00,9682,dsp,1552,396,220,bf_det_k16_l4_r4_c4_m4_w10g4_d64_s2_q2,3,52,7.443350e+03
qpsk,64,16,1.000000e+00,9682,lut,1553,396,220,bf_det_k16_l4_r4_c4_m3_w10g4_d32_s2_q2,3,40261,7.670030e+03
qpsk,64,16,1.000000e+00,9682,ff,1554,396,220,bf_det_k16_l4_r4_c4_m3_w10g4_d32_s2_q2,3,21398,7.670030e+03
qpsk,64,16,1.000000e+00,9682,bram,1555,396,220,bf_det_k16_l16_r16_c16_m4_w10g4_d32_s2_q2,3,49,1.585840e+03
qpsk,64,16,1.000000e+00,14993,dsp,1556,396,264,bf_det_k16_l4_r1_c4_m4_w10g4_d64_s2_q2,3,28,1.152125e+04
qpsk,64,16,1.000000e+00,14993,lut,1557,396,264,bf_det_k16_l4_r1_c4_m3_w12g0_d32_s2_q2,3,38680,1.222585e+04
qpsk,64,16,1.000000e+00,14993,ff,1558,396,264,bf_det_k16_l4_r1_c4_m3_w10g4_d32_s2_q2,3,19983,1.241295e+04
qpsk,64,16,1.000000e+00,14993,bram,1559,396,264,bf_det_k16_l16_r16_c16_m4_w10g4_d32_s2_q2,3,49,1.585840e+03
qpsk,64,16,1.000000e+00,23215,dsp,1560,396,340,bf_det_k16_l4_r1_c4_m4_w10g4_d64_s2_q2,3,28,1.152125e+04
qpsk,64,16,1.000000e+00,23215,lut,1561,396,340,bf_det_k16_l1_r4_c4_m3_w10g4_d32_s2_q2,3,28375,2.102714e+04
qpsk,64,16,1.000000e+00,23215,ff,1562,396,340,bf_det_k16_l1_r4_c4_m3_w10g4_d32_s2_q2,3,15933,2.102714e+04
qpsk,64,16,1.000000e+00,23215,bram,1563,396,340,bf_det_k16_l1_r16_c4_m4_w10g4_d32_s2_q2,3,35,1.894749e+04
qpsk,64,16,1.000000e+00,35947,dsp,1564,396,396,bf_det_k16_l1_r1_c4_m4_w10g4_d64_s2_q2,3,13,2.807544e+04
qpsk,64,16,1.000000e+00,35947,lut,1565,396,396,bf_det_k16_l1_r1_c4_m3_w10g4_d32_s2_q2,3,26781,2.896713e+04
qpsk,64,16,1.000000e+00,35947,ff,1566,396,396,bf_det_k16_l1_r1_c4_m3_w10g4_d32_s2_q2,3,14518,2.896713e+04
qpsk,64,16,1.000000e+00,35947,bram,1567,396,396,bf_det_k16_l1_r16_c4_m4_w10g4_d32_s2_q2,3,35,1.894749e+04
qpsk,128,4,2.500000e-01,710,dsp,288,240,16,bf_det_k4_l16_r4_c16_m4_w10g4_d64_s2_q2,2,208,6.450400e+02
qpsk,128,4,2.500000e-01,710,lut,289,240,16,bf_det_k4_l16_r4_c16_m3_w12g4_d32_s2_q2,2,83212,6.987500e+02
qpsk,128,4,2.500000e-01,710,ff,290,240,16,bf_det_k4_l16_r4_c16_m3_w10g4_d32_s2_q2,2,45653,6.592700e+02
qpsk,128,4,2.500000e-01,710,bram,291,240,16,bf_det_k4_l16_r4_c16_m4_w10g4_d32_s2_q2,2,40,6.500400e+02
qpsk,128,4,2.500000e-01,1057,dsp,292,240,66,bf_det_k4_l16_r1_c16_m4_w10g4_d64_s2_q2,2,112,9.380100e+02
qpsk,128,4,2.500000e-01,1057,lut,293,240,66,bf_det_k4_l16_r1_c16_m3_w12g4_d32_s2_q2,2,76815,1.019430e+03
qpsk,128,4,2.500000e-01,1057,ff,294,240,66,bf_det_k4_l16_r1_c16_m3_w10g4_d32_s2_q2,2,39512,9.799500e+02
qpsk,128,4,2.500000e-01,1057,bram,295,240,66,bf_det_k4_l16_r4_c16_m4_w10g4_d32_s2_q2,2,40,6.500400e+02
qpsk,128,4,2.500000e-01,1573,dsp,296,240,80,bf_det_k4_l16_r1_c16_m4_w10g4_d64_s2_q2,2,112,9.380100e+02
qpsk,128,4,2.500000e-01,1573,lut,297,240,80,bf_det_k4_l16_r1_c16_m3_w12g4_d32_s2_q2,2,76815,1.019430e+03
qpsk,128,4,2.500000e-01,1573,ff,298,240,80,bf_det_k4_l16_r1_c16_m3_w10g4_d32_s2_q2,2,39512,9.799500e+02
qpsk,128,4,2.500000e-01,1573,bram,299,240,80,bf_det_k4_l16_r4_c16_m4_w10g4_d32_s2_q2,2,40,6.500400e+02
qpsk,128,4,2.500000e-01,2341,dsp,300,240,107,bf_det_k4_l4_r1_c4_m4_w10g4_d64_s2_q2,2,28,2.195210e+03
qpsk,128,4,2.500000e-01,2341,lut,301,240,107,bf_det_k4_l4_r1_c4_m4_w12g4_d32_s2_q2,2,26416,2.330970e+03
qpsk,128,4,2.500000e-01,2341,ff,302,240,107,bf_det_k4_l4_r1_c4_m4_w10g4_d32_s2_q2,2,14519,2.200210e+03
qpsk,128,4,2.500000e-01,2341,bram,303,240,107,bf_det_k4_l4_r4_c4_m4_w10g4_d32_s2_q2,2,16,2.082960e+03
qpsk,128,4,2.500000e-01,3485,dsp,304,240,160,bf_det_k4_l4_r1_c4_m4_w10g4_d64_s2_q2,2,28,2.195210e+03
qpsk,128,4,2.500000e-01,3485,lut,305,240,160,bf_det_k4_l4_r1_c4_m3_w12g4_d32_s2_q2,2,26388,2.478750e+03
qpsk,128,4,2.500000e-01,3485,ff,306,240,160,bf_det_k4_l4_r1_c4_m3_w10g4_d32_s2_q2,2,14324,2.347990e+03
qpsk,128,4,2.500000e-01,3485,bram,307,240,160,bf_det_k4_l4_r4_c4_m4_w10g4_d32_s2_q2,2,16,2.082960e+03
qpsk,128,4,2.500000e-01,5188,dsp,308,240,160,bf_det_k4_l4_r1_c4_m4_w10g4_d64_s2_q2,2,28,2.195210e+03
qpsk,128,4,2.500000e-01,5188,lut,309,240,160,bf_det_k4_l4_r1_c4_m3_w12g4_d32_s2_q2,2,26388,2.478750e+03
qpsk,128,4,2.500000e-01,5188,ff,310,240,160,bf_det_k4_l4_r1_c4_m3_w10g4_d32_s2_q2,2,14324,2.347990e+03
qpsk,128,4,2.500000e-01,5188,bram,311,240,160,bf_det_k4_l4_r4_c4_m4_w10g4_d32_s2_q2,2,16,2.082960e+03
qpsk,128,4,2.500000e-01,7723,dsp,312,240,173,bf_det_k4_l4_r1_c4_m4_w10g4_d64_s2_q2,2,28,2.195210e+03
qpsk,128,4,2.500000e-01,7723,lut,313,240,173,bf_det_k4_l1_r4_c4_m3_w10g4_d32_s2_q2,2,16099,7.229560e+03
qpsk,128,4,2.500000e-01,7723,ff,314,240,173,bf_det_k4_l1_r4_c4_m3_w10g4_d32_s2_q2,2,10274,7.229560e+03
qpsk,128,4,2.500000e-01,7723,bram,315,240,173,bf_det_k4_l1_r4_c4_m4_w10g4_d32_s2_q2,2,14,7.192610e+03
qpsk,128,4,2.500000e-01,11497,dsp,316,240,240,bf_det_k4_l1_r1_c4_m4_w10g4_d64_s2_q2,2,13,7.824110e+03
qpsk,128,4,2.500000e-01,11497,lut,317,240,240,bf_det_k4_l1_r1_c4_m3_w10g4_d32_s2_q2,2,14505,7.976890e+03
qpsk,128,4,2.500000e-01,11497,ff,318,240,240,bf_det_k4_l1_r1_c4_m3_w10g4_d32_s2_q2,2,8859,7.976890e+03
qpsk,128,4,2.500000e-01,11497,bram,319,240,240,bf_det_k4_l1_r4_c4_m4_w10g4_d32_s2_q2,2,14,7.192610e+03
qpsk,128,4,5.000000e-01,710,dsp,1216,312,20,bf_det_k4_l16_r4_c16_m4_w8g8_d64_s2_q2,2,176,6.781500e+02
qpsk,128,4,5.000000e-01,710,lut,1217,312,20,bf_det_k4_l16_r4_c16_m3_w8g8_d32_s2_q2,2,79801,6.923900e+02
qpsk,128,4,5.000000e-01,710,ff,1218,312,20,bf_det_k4_l16_r4_c16_m3_w8g8_d32_s2_q2,2,41177,6.923900e+02
qpsk,128,4,5.000000e-01,710,bram,1219,312,20,bf_det_k4_l16_r4_c16_m4_w8g8_d32_s2_q2,2,36,6.831500e+02
qpsk,128,4,5.000000e-01,1066,dsp,1220,312,84,bf_det_k4_l16_r1_c16_m4_w8g8_d64_s2_q2,2,80,9.711300e+02
qpsk,128,4,5.000000e-01,1066,lut,1221,312,84,bf_det_k4_l16_r1_c16_m3_w8g8_d32_s2_q2,2,74513,1.013070e+03
qpsk,128,4,5.000000e-01,1066,ff,1222,312,84,bf_det_k4_l16_r1_c16_m3_w8g8_d32_s2_q2,2,36185,1.013070e+03
qpsk,128,4,5.000000e-01,1066,bram,1223,312,84,bf_det_k4_l16_r4_c16_m4_w8g8_d32_s2_q2,2,36,6.831500e+02
qpsk,128,4,5.000000e-01,1600,dsp,1224,312,104,bf_det_k4_l16_r1_c16_m4_w8g8_d64_s2_q2,2,80,9.711300e+02
qpsk,128,4,5.000000e-01,1600,lut,1225,312,104,bf_det_k4_l16_r1_c16_m3_w8g4_d32_s2_q2,3,71006,1.395240e+03
qpsk,128,4,5.000000e-01,1600,ff,1226,312,104,bf_det_k4_l16_r1_c16_m3_w8g4_d32_s2_q2,3,32774,1.395240e+03
qpsk,128,4,5.000000e-01,1600,bram,1227,312,104,bf_det_k4_l16_r4_c16_m4_w8g8_d32_s2_q2,2,36,6.831500e+02
qpsk,128,4,5.000000e-01,2402,dsp,1228,312,146,bf_det_k4_l4_r1_c4_m4_w8g8_d64_s2_q2,2,20,2.319860e+03
qpsk,128,4,5.000000e-01,2402,lut,1229,312,146,bf_det_k4_l4_r1_c4_m4_w8g8_d32_s2_q2,2,25657,2.324860e+03
qpsk,128,4,5.000000e-01,2402,ff,1230,312,146,bf_det_k4_l4_r1_c4_m4_w8g8_d32_s2_q2,2,13483,2.324860e+03
qpsk,128,4,5.000000e-01,2402,bram,1231,312,146,bf_det_k4_l4_r4_c4_m4_w8g8_d32_s2_q2,2,12,2.207610e+03
qpsk,128,4,5.000000e-01,3606,dsp,1232,312,208,bf_det_k4_l4_r1_c4_m4_w8g8_d64_s2_q2,2,20,2.319860e+03
qpsk,128,4,5.000000e-01,3606,lut,1233,312,208,bf_det_k4_l4_r1_c4_m3_w8g4_d32_s2_q2,3,24343,3.286360e+03
qpsk,128,4,5.000000e-01,3606,ff,1234,312,208,bf_det_k4_l4_r1_c4_m3_w8g4_d32_s2_q2,3,12588,3.286360e+03
qpsk,128,4,5.000000e-01,3606,bram,1235,312,208,bf_det_k4_l4_r4_c4_m4_w8g8_d32_s2_q2,2,12,2.207610e+03
qpsk,128,4,5.000000e-01,5414,dsp,1236,312,208,bf_det_k4_l4_r1_c4_m4_w8g8_d64_s2_q2,2,20,2.319860e+03
qpsk,128,4,5.000000e-01,5414,lut,1237,312,208,bf_det_k4_l4_r1_c4_m3_w8g4_d32_s2_q2,3,24343,3.286360e+03
qpsk,128,4,5.000000e-01,5414,ff,1238,312,208,bf_det_k4_l4_r1_c4_m3_w8g4_d32_s2_q2,3,12588,3.286360e+03
qpsk,128,4,5.000000e-01,5414,bram,1239,312,208,bf_det_k4_l4_r4_c4_m4_w8g8_d32_s2_q2,2,12,2.207610e+03
qpsk,128,4,5.000000e-01,8128,dsp,1240,312,236,bf_det_k4_l1_r1_c4_m4_w10g4_d64_s2_q2,2,13,7.824110e+03
qpsk,128,4,5.000000e-01,8128,lut,1241,312,236,bf_det_k4_l1_r1_c4_m3_w10g4_d32_s2_q2,2,14505,7.976890e+03
qpsk,128,4,5.000000e-01,8128,ff,1242,312,236,bf_det_k4_l1_r1_c4_m3_w10g4_d32_s2_q2,2,8859,7.976890e+03
qpsk,128,4,5.000000e-01,8128,bram,1243,312,236,bf_det_k4_l4_r4_c4_m4_w8g8_d32_s2_q2,2,12,2.207610e+03
qpsk,128,4,5.000000e-01,12203,dsp,1244,312,312,bf_det_k4_l1_r1_c4_m4_w8g8_d64_s2_q2,2,11,8.314900e+03
qpsk,128,4,5.000000e-01,12203,lut,1245,312,312,bf_det_k4_l1_r1_c4_m3_w8g4_d32_s2_q2,3,13747,1.108600e+04
qpsk,128,4,5.000000e-01,12203,ff,1246,312,312,bf_det_k4_l1_r1_c4_m3_w8g4_d32_s2_q2,3,8241,1.108600e+04
qpsk,128,4,5.000000e-01,12203,bram,1247,312,312,bf_det_k4_l4_r4_c4_m4_w8g8_d32_s2_q2,2,12,2.207610e+03
qpsk,128,4,1.000000e+00,330,dsp,1568,336,8,bf_det_k4_l16_r4_c16_m4_w10g0_d64_s2_q2,1,208,2.993200e+02
qpsk,128,4,1.000000e+00,330,lut,1569,336,8,bf_det_k4_l16_r4_c16_m3_w12g0_d32_s2_q2,1,79704,3.288000e+02
qpsk,128,4,1.000000e+00,330,ff,1570,336,8,bf_det_k4_l16_r4_c16_m3_w10g0_d32_s2_q2,1,42242,3.089400e+02
qpsk,128,4,1.000000e+00,330,bram,1571,336,8,bf_det_k4_l16_r4_c16_m4_w10g0_d32_s2_q2,1,40,3.043200e+02
qpsk,128,4,1.000000e+00,531,dsp,1572,336,76,bf_det_k4_l16_r1_c16_m4_w10g0_d64_s2_q2,1,112,4.458100e+02
qpsk,128,4,1.000000e+00,531,lut,1573,336,76,bf_det_k4_l16_r1_c16_m3_w12g0_d32_s2_q2,1,73307,4.891400e+02
qpsk,128,4,1.000000e+00,531,ff,1574,336,76,bf_det_k4_l16_r1_c16_m3_w10g0_d32_s2_q2,1,36101,4.692800e+02
qpsk,128,4,1.000000e+00,531,bram,1575,336,76,bf_det_k4_l16_r4_c16_m4_w10g0_d32_s2_q2,1,40,3.043200e+02
qpsk,128,4,1.000000e+00,856,dsp,1576,336,104,bf_det_k4_l16_r1_c16_m4_w10g0_d64_s2_q2,1,112,4.458100e+02
qpsk,128,4,1.000000e+00,856,lut,1577,336,104,bf_det_k4_l16_r1_c16_m3_w12g0_d32_s2_q2,1,73307,4.891400e+02
qpsk,128,4,1.000000e+00,856,ff,1578,336,104,bf_det_k4_l16_r1_c16_m3_w10g0_d32_s2_q2,1,36101,4.692800e+02
qpsk,128,4,1.000000e+00,856,bram,1579,336,104,bf_det_k4_l16_r4_c16_m4_w8g4_d32_s2_q2,2,36,6.105600e+02
qpsk,128,4,1.000000e+00,1380,dsp,1580,336,192,bf_det_k4_l4_r1_c4_m4_w10g0_d64_s2_q2,1,28,1.006990e+03
qpsk,128,4,1.000000e+00,1380,lut,1581,336,192,bf_det_k4_l4_r1_c4_m3_w12g0_d32_s2_q2,1,25408,1.151380e+03
qpsk,128,4,1.000000e+00,1380,ff,1582,336,192,bf_det_k4_l4_r1_c4_m3_w10g0_d32_s2_q2,1,13587,1.085880e+03
qpsk,128,4,1.000000e+00,1380,bram,1583,336,192,bf_det_k4_l4_r4_c4_m4_w10g0_d32_s2_q2,1,16,9.533700e+02
qpsk,128,4,1.000000e+00,2224,dsp,1584,336,218,bf_det_k4_l4_r1_c4_m4_w8g4_d64_s2_q2,2,20,2.064440e+03
qpsk,128,4,1.000000e+00,2224,lut,1585,336,218,bf_det_k4_l4_r1_c4_m3_w8g4_d32_s2_q2,2,24343,2.217230e+03
qpsk,128,4,1.000000e+00,2224,ff,1586,336,218,bf_det_k4_l4_r1_c4_m3_w8g4_d32_s2_q2,2,12588,2.217230e+03
qpsk,128,4,1.000000e+00,2224,bram,1587,336,218,bf_det_k4_l4_r4_c4_m4_w8g4_d32_s2_q2,2,12,1.952200e+03
qpsk,128,4,1.000000e+00,3585,dsp,1588,336,234,bf_det_k4_l1_r1_c4_m4_w10g0_d64_s2_q2,1,13,3.551780e+03
qpsk,128,4,1.000000e+00,3585,lut,1589,336,234,bf_det_k4_l1_r1_c4_m4_w10g0_d32_s2_q2,1,14643,3.556780e+03
qpsk,128,4,1.000000e+00,3585,ff,1590,336,234,bf_det_k4_l1_r1_c4_m4_w10g0_d32_s2_q2,1,8836,3.556780e+03
qpsk,128,4,1.000000e+00,3585,bram,1591,336,234,bf_det_k4_l4_r4_c4_m4_w8g4_d32_s2_q2,2,12,1.952200e+03
qpsk,128,4,1.000000e+00,5779,dsp,1592,336,320,bf_det_k4_l1_r1_c4_m4_w10g0_d64_s2_q2,1,13,3.551780e+03
qpsk,128,4,1.000000e+00,5779,lut,1593,336,320,bf_det_k4_l1_r1_c4_m3_w10g0_d32_s2_q2,1,14157,3.630670e+03
qpsk,128,4,1.000000e+00,5779,ff,1594,336,320,bf_det_k4_l1_r1_c4_m3_w10g0_d32_s2_q2,1,8641,3.630670e+03
qpsk,128,4,1.000000e+00,5779,bram,1595,336,320,bf_det_k4_l4_r4_c4_m4_w8g4_d32_s2_q2,2,12,1.952200e+03
qpsk,128,4,1.000000e+00,9315,dsp,1596,336,336,bf_det_k4_l1_r1_c4_m4_w8g4_d64_s2_q2,2,11,7.328190e+03
qpsk,128,4,1.000000e+00,9315,lut,1597,336,336,bf_det_k4_l1_r1_c4_m3_w8g4_d32_s2_q2,2,13747,7.480970e+03
qpsk,128,4,1.000000e+00,9315,ff,1598,336,336,bf_det_k4_l1_r1_c4_m3_w8g4_d32_s2_q2,2,8241,7.480970e+03
qpsk,128,4,1.000000e+00,9315,bram,1599,336,336,bf_det_k4_l4_r4_c4_m4_w8g4_d32_s2_q2,2,12,1.952200e+03
qpsk,128,8,2.500000e-01,833,dsp,1440,396,13,bf_det_k8_l16_r8_c16_m4_w10g4_d64_s2_q2,2,336,7.895600e+02
qpsk,128,8,2.500000e-01,833,lut,1441,396,13,bf_det_k8_l16_r8_c16_m3_w12g0_d32_s2_q2,2,92155,7.706800e+02
qpsk,128,8,2.500000e-01,833,ff,1442,396,13,bf_det_k8_l16_r8_c16_m3_w10g4_d32_s2_q2,2,54903,8.038000e+02
qpsk,128,8,2.500000e-01,833,bram,1443,396,13,bf_det_k8_l16_r8_c16_m4_w10g4_d32_s2_q2,2,45,7.945600e+02
qpsk,128,8,2.500000e-01,1261,dsp,1444,396,88,bf_det_k8_l16_r4_c16_m4_w10g4_d64_s2_q2,2,208,9.189400e+02
qpsk,128,8,2.500000e-01,1261,lut,1445,396,88,bf_det_k8_l16_r4_c16_m3_w12g0_d32_s2_q2,2,83626,9.092900e+02
qpsk,128,8,2.500000e-01,1261,ff,1446,396,88,bf_det_k8_l16_r4_c16_m3_w10g4_d32_s2_q2,2,46876,9.424100e+02
qpsk,128,8,2.500000e-01,1261,bram,1447,396,88,bf_det_k8_l16_r8_c16_m4_w10g4_d32_s2_q2,2,45,7.945600e+02
qpsk,128,8,2.500000e-01,1909,dsp,1448,396,132,bf_det_k8_l16_r1_c16_m4_w10g4_d64_s2_q2,2,112,1.600880e+03
qpsk,128,8,2.500000e-01,1909,lut,1449,396,132,bf_det_k8_l16_r1_c16_m3_w12g0_d32_s2_q2,2,77229,1.646650e+03
qpsk,128,8,2.500000e-01,1909,ff,1450,396,132,bf_det_k8_l16_r1_c16_m3_w12g0_d32_s2_q2,2,39804,1.646650e+03
qpsk,128,8,2.500000e-01,1909,bram,1451,396,132,bf_det_k8_l16_r8_c16_m4_w10g4_d32_s2_q2,2,45,7.945600e+02
qpsk,128,8,2.500000e-01,2892,dsp,1452,396,155,bf_det_k8_l4_r8_c4_m4_w10g4_d64_s2_q2,2,84,2.656080e+03
qpsk,128,8,2.500000e-01,2892,lut,1453,396,155,bf_det_k8_l4_r4_c4_m4_w12g0_d32_s2_q2,2,31042,2.821310e+03
qpsk,128,8,2.500000e-01,2892,ff,1454,396,155,bf_det_k8_l4_r4_c4_m4_w12g0_d32_s2_q2,2,18249,2.821310e+03
qpsk,128,8,2.500000e-01,2892,bram,1455,396,155,bf_det_k8_l4_r8_c4_m4_w10g4_d32_s2_q2,2,21,2.661080e+03
qpsk,128,8,2.500000e-01,4380,dsp,1456,396,262,bf_det_k8_l4_r1_c4_m4_w10g4_d64_s2_q2,2,28,3.541320e+03
qpsk,128,8,2.500000e-01,4380,lut,1457,396,262,bf_det_k8_l4_r1_c4_m3_w12g0_d32_s2_q2,2,29330,3.717230e+03
qpsk,128,8,2.500000e-01,4380,ff,1458,396,262,bf_det_k8_l4_r1_c4_m3_w10g4_d32_s2_q2,2,15548,3.841890e+03
qpsk,128,8,2.500000e-01,4380,bram,1459,396,262,bf_det_k8_l4_r8_c4_m4_w10g4_d32_s2_q2,2,21,2.661080e+03
qpsk,128,8,2.500000e-01,6633,dsp,1460,396,264,bf_det_k8_l4_r1_c4_m4_w10g4_d64_s2_q2,2,28,3.541320e+03
qpsk,128,8,2.500000e-01,6633,lut,1461,396,264,bf_det_k8_l4_r1_c4_m3_w12g0_d32_s2_q2,2,29330,3.717230e+03
qpsk,128,8,2.500000e-01,6633,ff,1462,396,264,bf_det_k8_l4_r1_c4_m3_w10g4_d32_s2_q2,2,15548,3.841890e+03
qpsk,128,8,2.500000e-01,6633,bram,1463,396,264,bf_det_k8_l4_r8_c4_m4_w10g4_d32_s2_q2,2,21,2.661080e+03
qpsk,128,8,2.500000e-01,10047,dsp,1464,396,304,bf_det_k8_l4_r1_c4_m4_w10g4_d64_s2_q2,2,28,3.541320e+03
qpsk,128,8,2.500000e-01,10047,lut,1465,396,304,bf_det_k8_l1_r4_c4_m3_w10g4_d32_s2_q2,2,19508,9.479850e+03
qpsk,128,8,2.500000e-01,10047,ff,1466,396,304,bf_det_k8_l1_r4_c4_m3_w10g4_d32_s2_q2,2,11497,9.479850e+03
qpsk,128,8,2.500000e-01,10047,bram,1467,396,304,bf_det_k8_l1_r8_c4_m4_w10g4_d32_s2_q2,2,19,9.121070e+03
qpsk,128,8,2.500000e-01,15217,dsp,1468,396,396,bf_det_k8_l1_r1_c4_m4_w10g4_d64_s2_q2,2,13,1.105795e+04
qpsk,128,8,2.500000e-01,15217,lut,1469,396,396,bf_det_k8_l1_r1_c4_m3_w10g4_d32_s2_q2,2,17914,1.135851e+04
qpsk,128,8,2.500000e-01,15217,ff,1470,396,396,bf_det_k8_l1_r1_c4_m3_w10g4_d32_s2_q2,2,10083,1.135851e+04
qpsk,128,8,2.500000e-01,15217,bram,1471,396,396,bf_det_k8_l1_r8_c4_m4_w10g4_d32_s2_q2,2,19,9.121070e+03
qpsk,128,8,5.000000e-01,833,dsp,1600,468,16,bf_det_k8_l16_r8_c16_m4_w8g8_d64_s2_q2,2,304,8.226800e+02
qpsk,128,8,5.000000e-01,833,lut,1601,468,16,bf_det_k8_l16_r8_c16_m3_w12g0_d32_s2_q2,2,92155,7.706800e+02
qpsk,128,8,5.000000e-01,833,ff,1602,468,16,bf_det_k8_l16_r8_c16_m3_w8g8_d64_s2_q2,2,50059,8.319200e+02
qpsk,128,8,5.000000e-01,833,bram,1603,468,16,bf_det_k8_l16_r8_c16_m4_w8g8_d32_s2_q2,2,40,8.276800e+02
qpsk,128,8,5.000000e-01,1340,dsp,1604,468,96,bf_det_k8_l16_r4_c16_m4_w8g8_d64_s2_q2,2,176,9.520600e+02
qpsk,128,8,5.000000e-01,1340,lut,1605,468,96,bf_det_k8_l16_r4_c16_m3_w8g8_d32_s2_q2,2,82937,9.755300e+02
qpsk,128,8,5.000000e-01,1340,ff,1606,468,96,bf_det_k8_l16_r4_c16_m3_w8g8_d32_s2_q2,2,42191,9.755300e+02
qpsk,128,8,5.000000e-01,1340,bram,1607,468,96,bf_det_k8_l16_r8_c16_m4_w8g8_d32_s2_q2,2,40,8.276800e+02
qpsk,128,8,5.000000e-01,2157,dsp,1608,468,152,bf_det_k8_l16_r1_c16_m4_w8g8_d64_s2_q2,2,80,1.634000e+03
qpsk,128,8,5.000000e-01,2157,lut,1609,468,152,bf_det_k8_l16_r1_c16_m3_w12g0_d32_s2_q2,2,77229,1.646650e+03
qpsk,128,8,5.000000e-01,2157,ff,1610,468,152,bf_det_k8_l16_r1_c16_m3_w8g8_d32_s2_q2,2,37200,1.712890e+03
qpsk,128,8,5.000000e-01,2157,bram,1611,468,152,bf_det_k8_l16_r8_c16_m4_w8g8_d32_s2_q2,2,40,8.276800e+02
qpsk,128,8,5.000000e-01,3472,dsp,1612,468,248,bf_det_k8_l4_r4_c4_m4_w8g8_d64_s2_q2,2,44,3.065610e+03
qpsk,128,8,5.000000e-01,3472,lut,1613,468,248,bf_det_k8_l4_r1_c4_m4_w12g0_d32_s2_q2,2,29358,3.421670e+03
qpsk,128,8,5.000000e-01,3472,ff,1614,468,248,bf_det_k8_l4_r4_c4_m3_w8g8_d32_s2_q2,2,15492,3.144500e+03
qpsk,128,8,5.000000e-01,3472,bram,1615,468,248,bf_det_k8_l4_r8_c4_m4_w8g8_d32_s2_q2,2,16,2.785730e+03
qpsk,128,8,5.000000e-01,5589,dsp,1616,468,306,bf_det_k8_l4_r1_c4_m4_w8g8_d64_s2_q2,2,20,3.665980e+03
qpsk,128,8,5.000000e-01,5589,lut,1617,468,306,bf_det_k8_l4_r1_c4_m3_w8g8_d32_s2_q2,2,28459,3.966540e+03
qpsk,128,8,5.000000e-01,5589,ff,1618,468,306,bf_det_k8_l4_r1_c4_m3_w8g8_d32_s2_q2,2,14340,3.966540e+03
qpsk,128,8,5.000000e-01,5589,bram,1619,468,306,bf_det_k8_l4_r8_c4_m4_w8g8_d32_s2_q2,2,16,2.785730e+03
qpsk,128,8,5.000000e-01,8998,dsp,1620,468,320,bf_det_k8_l4_r1_c4_m4_w8g8_d64_s2_q2,2,20,3.665980e+03
qpsk,128,8,5.000000e-01,8998,lut,1621,468,320,bf_det_k8_l1_r4_c4_m3_w12g0_d32_s2_q2,2,19785,8.989060e+03
qpsk,128,8,5.000000e-01,8998,ff,1622,468,320,bf_det_k8_l1_r4_c4_m3_w12g0_d32_s2_q2,2,12089,8.989060e+03
qpsk,128,8,5.000000e-01,8998,bram,1623,468,320,bf_det_k8_l4_r8_c4_m4_w8g8_d32_s2_q2,2,16,2.785730e+03
qpsk,128,8,5.000000e-01,14485,dsp,1624,468,456,bf_det_k8_l1_r1_c4_m4_w8g8_d64_s2_q2,2,11,1.154873e+04
qpsk,128,8,5.000000e-01,14485,lut,1625,468,456,bf_det_k8_l1_r1_c4_m3_w8g8_d32_s2_q2,2,17136,1.184930e+04
qpsk,128,8,5.000000e-01,14485,ff,1626,468,456,bf_det_k8_l1_r1_c4_m3_w8g8_d32_s2_q2,2,9474,1.184930e+04
qpsk,128,8,5.000000e-01,14485,bram,1627,468,456,bf_det_k8_l4_r8_c4_m4_w8g8_d32_s2_q2,2,16,2.785730e+03
qpsk,128,8,5.000000e-01,23319,dsp,1628,468,468,bf_det_k8_l1_r1_c4_m4_w8g8_d64_s2_q2,2,11,1.154873e+04
qpsk,128,8,5.000000e-01,23319,lut,1629,468,468,bf_det_k8_l1_r1_c4_m3_w8g4_d32_s2_q2,4,16787,2.119832e+04
qpsk,128,8,5.000000e-01,23319,ff,1630,468,468,bf_det_k8_l1_r1_c4_m3_w8g4_d32_s2_q2,4,9255,2.119832e+04
qpsk,128,8,5.000000e-01,23319,bram,1631,468,468,bf_det_k8_l4_r8_c4_m4_w8g8_d32_s2_q2,2,16,2.785730e+03
qpsk,128,8,1.000000e+00,826,dsp,1632,504,17,bf_det_k8_l16_r8_c16_m4_w8g4_d64_s2_q2,2,304,7.500900e+02
qpsk,128,8,1.000000e+00,826,lut,1633,504,17,bf_det_k8_l16_r8_c16_m3_w8g4_d32_s2_q2,2,86480,7.643300e+02
qpsk,128,8,1.000000e+00,826,ff,1634,504,17,bf_det_k8_l16_r8_c16_m3_w8g4_d32_s2_q2,2,45306,7.643300e+02
qpsk,128,8,1.000000e+00,826,bram,1635,504,17,bf_det_k8_l16_r8_c16_m4_w8g4_d32_s2_q2,2,40,7.550900e+02
qpsk,128,8,1.000000e+00,1270,dsp,1636,504,110,bf_det_k8_l16_r4_c16_m4_w8g4_d64_s2_q2,2,176,8.794600e+02
qpsk,128,8,1.000000e+00,1270,lut,1637,504,110,bf_det_k8_l16_r4_c16_m3_w8g4_d32_s2_q2,2,79430,9.029300e+02
qpsk,128,8,1.000000e+00,1270,ff,1638,504,110,bf_det_k8_l16_r4_c16_m3_w8g4_d32_s2_q2,2,38780,9.029300e+02
qpsk,128,8,1.000000e+00,1270,bram,1639,504,110,bf_det_k8_l16_r8_c16_m4_w8g4_d32_s2_q2,2,40,7.550900e+02
qpsk,128,8,1.000000e+00,1953,dsp,1640,504,164,bf_det_k8_l16_r1_c16_m4_w8g4_d64_s2_q2,2,80,1.561410e+03
qpsk,128,8,1.000000e+00,1953,lut,1641,504,164,bf_det_k8_l16_r1_c16_m3_w8g4_d32_s2_q2,2,74142,1.640300e+03
qpsk,128,8,1.000000e+00,1953,ff,1642,504,164,bf_det_k8_l16_r1_c16_m3_w8g4_d32_s2_q2,2,33789,1.640300e+03
qpsk,128,8,1.000000e+00,1953,bram,1643,504,164,bf_det_k8_l16_r8_c16_m4_w8g4_d32_s2_q2,2,40,7.550900e+02
qpsk,128,8,1.000000e+00,3004,dsp,1644,504,216,bf_det_k8_l4_r4_c4_m4_w8g4_d64_s2_q2,2,44,2.810190e+03
qpsk,128,8,1.000000e+00,3004,lut,1645,504,216,bf_det_k8_l4_r4_c4_m3_w8g4_d32_s2_q2,2,28801,2.889090e+03
qpsk,128,8,1.000000e+00,3004,ff,1646,504,216,bf_det_k8_l4_r4_c4_m3_w8g4_d32_s2_q2,2,14754,2.889090e+03
qpsk,128,8,1.000000e+00,3004,bram,1647,504,216,bf_det_k8_l4_r8_c4_m4_w8g4_d32_s2_q2,2,16,2.530310e+03
qpsk,128,8,1.000000e+00,4622,dsp,1648,504,332,bf_det_k8_l4_r1_c4_m4_w8g4_d64_s2_q2,2,20,3.410560e+03
qpsk,128,8,1.000000e+00,4622,lut,1649,504,332,bf_det_k8_l4_r1_c4_m3_w8g4_d32_s2_q2,2,27479,3.711120e+03
qpsk,128,8,1.000000e+00,4622,ff,1650,504,332,bf_det_k8_l4_r1_c4_m3_w8g4_d32_s2_q2,2,13602,3.711120e+03
qpsk,128,8,1.000000e+00,4622,bram,1651,504,332,bf_det_k8_l4_r8_c4_m4_w8g4_d32_s2_q2,2,16,2.530310e+03
qpsk,128,8,1.000000e+00,7109,dsp,1652,504,336,bf_det_k8_l4_r1_c4_m4_w8g4_d64_s2_q2,2,20,3.410560e+03
qpsk,128,8,1.000000e+00,7109,lut,1653,504,336,bf_det_k8_l4_r1_c4_m3_w8g4_d32_s2_q2,2,27479,3.711120e+03
qpsk,128,8,1.000000e+00,7109,ff,1654,504,336,bf_det_k8_l4_r1_c4_m3_w8g4_d32_s2_q2,2,13602,3.711120e+03
qpsk,128,8,1.000000e+00,7109,bram,1655,504,336,bf_det_k8_l4_r8_c4_m4_w8g4_d32_s2_q2,2,16,2.530310e+03
qpsk,128,8,1.000000e+00,10937,dsp,1656,504,428,bf_det_k8_l1_r1_c4_m4_w8g4_d64_s2_q2,2,11,1.056203e+04
qpsk,128,8,1.000000e+00,10937,lut,1657,504,428,bf_det_k8_l1_r1_c4_m3_w8g4_d32_s2_q2,2,16787,1.086259e+04
qpsk,128,8,1.000000e+00,10937,ff,1658,504,428,bf_det_k8_l1_r1_c4_m3_w8g4_d32_s2_q2,2,9255,1.086259e+04
qpsk,128,8,1.000000e+00,10937,bram,1659,504,428,bf_det_k8_l4_r8_c4_m4_w8g4_d32_s2_q2,2,16,2.530310e+03
qpsk,128,8,1.000000e+00,16824,dsp,1660,504,504,bf_det_k8_l1_r1_c4_m4_w8g4_d64_s2_q2,2,11,1.056203e+04
qpsk,128,8,1.000000e+00,16824,lut,1661,504,504,bf_det_k8_l1_r1_c4_m3_w8g4_d32_s2_q2,2,16787,1.086259e+04
qpsk,128,8,1.000000e+00,16824,ff,1662,504,504,bf_det_k8_l1_r1_c4_m3_w8g4_d32_s2_q2,2,9255,1.086259e+04
qpsk,128,8,1.000000e+00,16824,bram,1663,504,504,bf_det_k8_l4_r8_c4_m4_w8g4_d32_s2_q2,2,16,2.530310e+03
qpsk,128,16,2.500000e-01,1739,dsp,1664,396,24,bf_det_k16_l16_r16_c16_m4_w10g4_d64_s2_q2,3,592,1.580840e+03
qpsk,128,16,2.500000e-01,1739,lut,1665,396,24,bf_det_k16_l16_r16_c16_m3_w10g4_d32_s2_q2,3,121036,1.599690e+03
qpsk,128,16,2.500000e-01,1739,ff,1666,396,24,bf_det_k16_l16_r16_c16_m3_w10g4_d32_s2_q2,3,75395,1.599690e+03
qpsk,128,16,2.500000e-01,1739,bram,1667,396,24,bf_det_k16_l16_r16_c16_m4_w10g4_d32_s2_q2,3,49,1.585840e+03
qpsk,128,16,2.500000e-01,2732,dsp,1668,396,84,bf_det_k16_l16_r4_c16_m4_w10g4_d64_s2_q2,3,208,2.307010e+03
qpsk,128,16,2.500000e-01,2732,lut,1669,396,84,bf_det_k16_l16_r4_c16_m3_w12g4_d32_s2_q2,3,97252,2.426520e+03
qpsk,128,16,2.500000e-01,2732,ff,1670,396,84,bf_det_k16_l16_r4_c16_m3_w10g4_d32_s2_q2,3,51312,2.367430e+03
qpsk,128,16,2.500000e-01,2732,bram,1671,396,84,bf_det_k16_l16_r16_c16_m4_w10g4_d32_s2_q2,3,49,1.585840e+03
qpsk,128,16,2.500000e-01,4291,dsp,1672,396,88,bf_det_k16_l16_r4_c16_m4_w10g4_d64_s2_q2,3,208,2.307010e+03
qpsk,128,16,2.500000e-01,4291,lut,1673,396,88,bf_det_k16_l16_r4_c16_m3_w12g0_d32_s2_q2,4,93744,3.063690e+03
qpsk,128,16,2.500000e-01,4291,ff,1674,396,88,bf_det_k16_l16_r4_c16_m3_w10g4_d32_s2_q2,3,51312,2.367430e+03
qpsk,128,16,2.500000e-01,4291,bram,1675,396,88,bf_det_k16_l16_r16_c16_m4_w10g4_d32_s2_q2,3,49,1.585840e+03
qpsk,128,16,2.500000e-01,6740,dsp,1676,396,170,bf_det_k16_l16_r1_c16_m4_w10g4_d64_s2_q2,3,112,4.928850e+03
qpsk,128,16,2.500000e-01,6740,lut,1677,396,170,bf_det_k16_l4_r16_c4_m3_w10g4_d32_s2_q2,3,46104,5.645800e+03
qpsk,128,16,2.500000e-01,6740,ff,1678,396,170,bf_det_k16_l4_r16_c4_m3_w10g4_d32_s2_q2,3,27056,5.645800e+03
qpsk,128,16,2.500000e-01,6740,bram,1679,396,170,bf_det_k16_l16_r16_c16_m4_w10g4_d32_s2_q2,3,49,1.585840e+03
qpsk,128,16,2.500000e-01,10586,dsp,1680,396,220,bf_det_k16_l4_r4_c4_m4_w10g4_d64_s2_q2,3,52,7.443350e+03
qpsk,128,16,2.500000e-01,10586,lut,1681,396,220,bf_det_k16_l4_r4_c4_m3_w10g4_d32_s2_q2,3,40261,7.670030e+03
qpsk,128,16,2.500000e-01,10586,ff,1682,396,220,bf_det_k16_l4_r4_c4_m3_w10g4_d32_s2_q2,3,21398,7.670030e+03
qpsk,128,16,2.500000e-01,10586,bram,1683,396,220,bf_det_k16_l16_r16_c16_m4_w10g4_d32_s2_q2,3,49,1.585840e+03
qpsk,128,16,2.500000e-01,16628,dsp,1684,396,264,bf_det_k16_l4_r1_c4_m4_w10g4_d64_s2_q2,3,28,1.152125e+04
qpsk,128,16,2.500000e-01,16628,lut,1685,396,264,bf_det_k16_l4_r1_c4_m3_w12g0_d32_s2_q2,4,38680,1.621066e+04
qpsk,128,16,2.500000e-01,16628,ff,1686,396,264,bf_det_k16_l4_r1_c4_m3_w10g4_d32_s2_q2,3,19983,1.241295e+04
qpsk,128,16,2.500000e-01,16628,bram,1687,396,264,bf_det_k16_l16_r16_c16_m4_w10g4_d32_s2_q2,3,49,1.585840e+03
qpsk,128,16,2.500000e-01,26118,dsp,1688,396,348,bf_det_k16_l4_r1_c4_m4_w10g4_d64_s2_q2,3,28,1.152125e+04
qpsk,128,16,2.500000e-01,26118,lut,1689,396,348,bf_det_k16_l1_r4_c4_m3_w10g4_d32_s2_q2,3,28375,2.102714e+04
qpsk,128,16,2.500000e-01,26118,ff,1690,396,348,bf_det_k16_l1_r4_c4_m3_w10g4_d32_s2_q2,3,15933,2.102714e+04
qpsk,128,16,2.500000e-01,26118,bram,1691,396,348,bf_det_k16_l1_r16_c4_m4_w10g4_d32_s2_q2,3,35,1.894749e+04
qpsk,128,16,2.500000e-01,41025,dsp,1692,396,396,bf_det_k16_l1_r1_c4_m4_w10g4_d64_s2_q2,3,13,2.807544e+04
qpsk,128,16,2.500000e-01,41025,lut,1693,396,396,bf_det_k16_l1_r1_c4_m3_w10g4_d32_s2_q2,3,26781,2.896713e+04
qpsk,128,16,2.500000e-01,41025,ff,1694,396,396,bf_det_k16_l1_r1_c4_m3_w10g4_d32_s2_q2,3,14518,2.896713e+04
qpsk,128,16,2.500000e-01,41025,bram,1695,396,396,bf_det_k16_l1_r16_c4_m4_w10g4_d32_s2_q2,3,35,1.894749e+04
qpsk,128,16,5.000000e-01,1685,dsp,1536,396,20,bf_det_k16_l16_r16_c16_m4_w10g4_d64_s2_q2,3,592,1.580840e+03
qpsk,128,16,5.000000e-01,1685,lut,1537,396,20,bf_det_k16_l16_r16_c16_m3_w12g0_d32_s2_q2,3,119332,1.549890e+03
qpsk,128,16,5.000000e-01,1685,ff,1538,396,20,bf_det_k16_l16_r16_c16_m3_w10g4_d32_s2_q2,3,75395,1.599690e+03
qpsk,128,16,5.000000e-01,1685,bram,1539,396,20,bf_det_k16_l16_r16_c16_m4_w10g4_d32_s2_q2,3,49,1.585840e+03
qpsk,128,16,5.000000e-01,2608,dsp,1540,396,86,bf_det_k16_l16_r4_c16_m4_w10g4_d64_s2_q2,3,208,2.307010e+03
qpsk,128,16,5.000000e-01,2608,lut,1541,396,86,bf_det_k16_l16_r4_c16_m3_w12g0_d32_s2_q2,3,93744,2.317630e+03
qpsk,128,16,5.000000e-01,2608,ff,1542,396,86,bf_det_k16_l16_r4_c16_m3_w10g4_d32_s2_q2,3,51312,2.367430e+03
qpsk,128,16,5.000000e-01,2608,bram,1543,396,86,bf_det_k16_l16_r16_c16_m4_w10g4_d32_s2_q2,3,49,1.585840e+03
qpsk,128,16,5.000000e-01,4039,dsp,1544,396,88,bf_det_k16_l16_r4_c16_m4_w10g4_d64_s2_q2,3,208,2.307010e+03
qpsk,128,16,5.000000e-01,4039,lut,1545,396,88,bf_det_k16_l16_r4_c16_m3_w12g0_d32_s2_q2,3,93744,2.317630e+03
qpsk,128,16,5.000000e-01,4039,ff,1546,396,88,bf_det_k16_l16_r4_c16_m3_w10g4_d32_s2_q2,3,51312,2.367430e+03
qpsk,128,16,5.000000e-01,4039,bram,1547,396,88,bf_det_k16_l16_r16_c16_m4_w10g4_d32_s2_q2,3,49,1.585840e+03
qpsk,128,16,5.000000e-01,6253,dsp,1548,396,168,bf_det_k16_l16_r1_c16_m4_w10g4_d64_s2_q2,3,112,4.928850e+03
qpsk,128,16,5.000000e-01,6253,lut,1549,396,168,bf_det_k16_l4_r16_c4_m3_w10g4_d32_s2_q2,3,46104,5.645800e+03
qpsk,128,16,5.000000e-01,6253,ff,1550,396,168,bf_det_k16_l4_r16_c4_m3_w10g4_d32_s2_q2,3,27056,5.645800e+03
qpsk,128,16,5.000000e-01,6253,bram,1551,396,168,bf_det_k16_l16_r16_c16_m4_w10g4_d32_s2_q2,3,49,1.585840e+03
qpsk,128,16,5.000000e-01,9682,dsp,1552,396,220,bf_det_k16_l4_r4_c4_m4_w10g4_d64_s2_q2,3,52,7.443350e+03
qpsk,128,16,5.000000e-01,9682,lut,1553,396,220,bf_det_k16_l4_r4_c4_m3_w10g4_d32_s2_q2,3,40261,7.670030e+03
qpsk,128,16,5.000000e-01,9682,ff,1554,396,220,bf_det_k16_l4_r4_c4_m3_w10g4_d32_s2_q2,3,21398,7.670030e+03
qpsk,128,16,5.000000e-01,9682,bram,1555,396,220,bf_det_k16_l16_r16_c16_m4_w10g4_d32_s2_q2,3,49,1.585840e+03
qpsk,128,16,5.000000e-01,14993,dsp,1556,396,264,bf_det_k16_l4_r1_c4_m4_w10g4_d64_s2_q2,3,28,1.152125e+04
qpsk,128,16,5.000000e-01,14993,lut,1557,396,264,bf_det_k16_l4_r1_c4_m3_w12g0_d32_s2_q2,3,38680,1.222585e+04
qpsk,128,16,5.000000e-01,14993,ff,1558,396,264,bf_det_k16_l4_r1_c4_m3_w10g4_d32_s2_q2,3,19983,1.241295e+04
qpsk,128,16,5.000000e-01,14993,bram,1559,396,264,bf_det_k16_l16_r16_c16_m4_w10g4_d32_s2_q2,3,49,1.585840e+03
qpsk,128,16,5.000000e-01,23215,dsp,1560,396,340,bf_det_k16_l4_r1_c4_m4_w10g4_d64_s2_q2,3,28,1.152125e+04
qpsk,128,16,5.000000e-01,23215,lut,1561,396,340,bf_det_k16_l1_r4_c4_m3_w10g4_d32_s2_q2,3,28375,2.102714e+04
qpsk,128,16,5.000000e-01,23215,ff,1562,396,340,bf_det_k16_l1_r4_c4_m3_w10g4_d32_s2_q2,3,15933,2.102714e+04
qpsk,128,16,5.000000e-01,23215,bram,1563,396,340,bf_det_k16_l1_r16_c4_m4_w10g4_d32_s2_q2,3,35,1.894749e+04
qpsk,128,16,5.000000e-01,35947,dsp,1564,396,396,bf_det_k16_l1_r1_c4_m4_w10g4_d64_s2_q2,3,13,2.807544e+04
qpsk,128,16,5.000000e-01,35947,lut,1565,396,396,bf_det_k16_l1_r1_c4_m3_w10g4_d32_s2_q2,3,26781,2.896713e+04
qpsk,128,16,5.000000e-01,35947,ff,1566,396,396,bf_det_k16_l1_r1_c4_m3_w10g4_d32_s2_q2,3,14518,2.896713e+04
qpsk,128,16,5.000000e-01,35947,bram,1567,396,396,bf_det_k16_l1_r16_c4_m4_w10g4_d32_s2_q2,3,35,1.894749e+04
qpsk,128,16,1.000000e+00,1107,dsp,1696,504,10,bf_det_k16_l16_r16_c16_m4_w8g4_d64_s2_q2,2,560,1.039150e+03
qpsk,128,16,1.000000e+00,1107,lut,1697,504,10,bf_det_k16_l16_r16_c16_m3_w8g4_d64_s2_q2,2,122508,1.048380e+03
qpsk,128,16,1.000000e+00,1107,ff,1698,504,10,bf_det_k16_l16_r16_c16_m3_w8g4_d64_s2_q2,2,63437,1.048380e+03
qpsk,128,16,1.000000e+00,1107,bram,1699,504,10,bf_det_k16_l16_r16_c16_m4_w8g4_d64_s2_q2,2,48,1.039150e+03
qpsk,128,16,1.000000e+00,1721,dsp,1700,504,73,bf_det_k16_l16_r4_c16_m4_w8g4_d64_s2_q2,2,176,1.523260e+03
qpsk,128,16,1.000000e+00,1721,lut,1701,504,73,bf_det_k16_l16_r4_c16_m3_w8g4_d32_s2_q2,2,87847,1.565210e+03
qpsk,128,16,1.000000e+00,1721,ff,1702,504,73,bf_det_k16_l16_r4_c16_m3_w8g4_d32_s2_q2,2,42399,1.565210e+03
qpsk,128,16,1.000000e+00,1721,bram,1703,504,73,bf_det_k16_l16_r4_c16_m3_w8g4_d32_s2_q2,2,44,1.565210e+03
qpsk,128,16,1.000000e+00,2677,dsp,1704,504,80,bf_det_k16_l16_r4_c16_m4_w8g4_d64_s2_q2,2,176,1.523260e+03
qpsk,128,16,1.000000e+00,2677,lut,1705,504,80,bf_det_k16_l16_r4_c16_m3_w8g4_d32_s2_q2,2,87847,1.565210e+03
qpsk,128,16,1.000000e+00,2677,ff,1706,504,80,bf_det_k16_l16_r4_c16_m3_w8g4_d32_s2_q2,2,42399,1.565210e+03
qpsk,128,16,1.000000e+00,2677,bram,1707,504,80,bf_det_k16_l16_r4_c16_m3_w8g4_d32_s2_q2,2,44,1.565210e+03
qpsk,128,16,1.000000e+00,4163,dsp,1708,504,176,bf_det_k16_l16_r1_c16_m4_w8g4_d64_s2_q2,2,80,3.271150e+03
qpsk,128,16,1.000000e+00,4163,lut,1709,504,176,bf_det_k16_l4_r16_c4_m3_w8g4_d32_s2_q2,2,41993,3.723490e+03
qpsk,128,16,1.000000e+00,4163,ff,1710,504,176,bf_det_k16_l4_r16_c4_m3_w8g4_d32_s2_q2,2,22977,3.723490e+03
qpsk,128,16,1.000000e+00,4163,bram,1711,504,176,bf_det_k16_l16_r4_c16_m3_w8g4_d32_s2_q2,2,44,1.565210e+03
qpsk,128,16,1.000000e+00,6473,dsp,1712,504,248,bf_det_k16_l4_r4_c4_m4_w8g4_d64_s2_q2,2,44,4.920190e+03
qpsk,128,16,1.000000e+00,6473,lut,1713,504,248,bf_det_k16_l4_r4_c4_m3_w8g4_d32_s2_q2,2,36705,5.072970e+03
qpsk,128,16,1.000000e+00,6473,ff,1714,504,248,bf_det_k16_l4_r4_c4_m3_w8g4_d32_s2_q2,2,18373,5.072970e+03
qpsk,128,16,1.000000e+00,6473,bram,1715,504,248,bf_det_k16_l16_r4_c16_m3_w8g4_d32_s2_q2,2,44,1.565210e+03
qpsk,128,16,1.000000e+00,10067,dsp,1716,504,304,bf_det_k16_l4_r1_c4_m4_w8g4_d64_s2_q2,2,20,7.638790e+03
qpsk,128,16,1.000000e+00,10067,lut,1717,504,304,bf_det_k16_l4_r1_c4_m3_w8g4_d32_s2_q2,2,35383,8.234920e+03
qpsk,128,16,1.000000e+00,10067,ff,1718,504,304,bf_det_k16_l4_r1_c4_m3_w8g4_d32_s2_q2,2,17222,8.234920e+03
qpsk,128,16,1.000000e+00,10067,bram,1719,504,304,bf_det_k16_l16_r4_c16_m3_w8g4_d32_s2_q2,2,44,1.565210e+03
qpsk,128,16,1.000000e+00,15655,dsp,1720,504,400,bf_det_k16_l4_r1_c4_m4_w8g4_d64_s2_q2,2,20,7.638790e+03
qpsk,128,16,1.000000e+00,15655,lut,1721,504,400,bf_det_k16_l1_r4_c4_m3_w8g4_d32_s2_q2,2,26338,1.386850e+04
qpsk,128,16,1.000000e+00,15655,ff,1722,504,400,bf_det_k16_l1_r4_c4_m3_w8g4_d32_s2_q2,2,14026,1.386850e+04
qpsk,128,16,1.000000e+00,15655,bram,1723,504,400,bf_det_k16_l1_r16_c4_m4_w8g4_d32_s2_q2,2,30,1.248207e+04
qpsk,128,16,1.000000e+00,24346,dsp,1724,504,472,bf_det_k16_l1_r1_c4_m4_w8g4_d64_s2_q2,2,11,1.856571e+04
qpsk,128,16,1.000000e+00,24346,lut,1725,504,472,bf_det_k16_l1_r1_c4_m3_w8g4_d32_s2_q2,2,24883,1.916184e+04
qpsk,128,16,1.000000e+00,24346,ff,1726,504,472,bf_det_k16_l1_r1_c4_m3_w8g4_d32_s2_q2,2,12875,1.916184e+04
qpsk,128,16,1.000000e+00,24346,bram,1727,504,472,bf_det_k16_l1_r16_c4_m4_w8g4_d32_s2_q2,2,30,1.248207e+04
