# mimo_cg bruteforce_grid: numpy=2.5.3, base_seed=20260930
build,top,role,K,L,R,C,cmul,W,g_s,mem_dw,sob_depth,cmd_depth,in_fit,vec_in_fit,mm_in_fit
bf_det_k4_l1_r1_c4_m3_w8g0_d32_s2_q2,det,bruteforce,4,1,1,4,3,8,0,32,2,2,0,0,0
bf_det_k4_l1_r1_c4_m3_w8g0_d64_s2_q2,det,bruteforce,4,1,1,4,3,8,0,64,2,2,0,0,0
bf_det_k4_l1_r1_c4_m3_w8g4_d32_s2_q2,det,bruteforce,4,1,1,4,3,8,4,32,2,2,0,0,0
bf_det_k4_l1_r1_c4_m3_w8g4_d64_s2_q2,det,bruteforce,4,1,1,4,3,8,4,64,2,2,0,0,0
bf_det_k4_l1_r1_c4_m3_w8g8_d32_s2_q2,det,bruteforce,4,1,1,4,3,8,8,32,2,2,0,0,0
bf_det_k4_l1_r1_c4_m3_w8g8_d64_s2_q2,det,bruteforce,4,1,1,4,3,8,8,64,2,2,0,0,0
bf_det_k4_l1_r1_c4_m3_w10g0_d32_s2_q2,det,bruteforce,4,1,1,4,3,10,0,32,2,2,0,0,0
bf_det_k4_l1_r1_c4_m3_w10g0_d64_s2_q2,det,bruteforce,4,1,1,4,3,10,0,64,2,2,0,0,0
bf_det_k4_l1_r1_c4_m3_w10g4_d32_s2_q2,det,bruteforce,4,1,1,4,3,10,4,32,2,2,0,0,0
bf_det_k4_l1_r1_c4_m3_w10g4_d64_s2_q2,det,bruteforce,4,1,1,4,3,10,4,64,2,2,0,0,0
bf_det_k4_l1_r1_c4_m3_w10g8_d32_s2_q2,det,bruteforce,4,1,1,4,3,10,8,32,2,2,0,0,0
bf_det_k4_l1_r1_c4_m3_w10g8_d64_s2_q2,det,bruteforce,4,1,1,4,3,10,8,64,2,2,0,0,0
bf_det_k4_l1_r1_c4_m3_w12g0_d32_s2_q2,det,bruteforce,4,1,1,4,3,12,0,32,2,2,0,0,0
bf_det_k4_l1_r1_c4_m3_w12g0_d64_s2_q2,det,bruteforce,4,1,1,4,3,12,0,64,2,2,0,0,0
bf_det_k4_l1_r1_c4_m3_w12g4_d32_s2_q2,det,bruteforce,4,1,1,4,3,12,4,32,2,2,0,0,0
bf_det_k4_l1_r1_c4_m3_w12g4_d64_s2_q2,det,bruteforce,4,1,1,4,3,12,4,64,2,2,0,0,0
bf_det_k4_l1_r1_c4_m3_w12g8_d32_s2_q2,det,bruteforce,4,1,1,4,3,12,8,32,2,2,0,1,0
bf_det_k4_l1_r1_c4_m3_w12g8_d64_s2_q2,det,bruteforce,4,1,1,4,3,12,8,64,2,2,0,1,0
bf_det_k4_l1_r1_c4_m3_w14g0_d32_s2_q2,det,bruteforce,4,1,1,4,3,14,0,32,2,2,0,0,0
bf_det_k4_l1_r1_c4_m3_w14g0_d64_s2_q2,det,bruteforce,4,1,1,4,3,14,0,64,2,2,0,0,0
bf_det_k4_l1_r1_c4_m3_w14g4_d32_s2_q2,det,bruteforce,4,1,1,4,3,14,4,32,2,2,0,0,0
bf_det_k4_l1_r1_c4_m3_w14g4_d64_s2_q2,det,bruteforce,4,1,1,4,3,14,4,64,2,2,0,0,0
bf_det_k4_l1_r1_c4_m3_w14g8_d32_s2_q2,det,bruteforce,4,1,1,4,3,14,8,32,2,2,0,0,0
bf_det_k4_l1_r1_c4_m3_w14g8_d64_s2_q2,det,bruteforce,4,1,1,4,3,14,8,64,2,2,0,0,0
bf_det_k4_l1_r1_c4_m3_w16g0_d32_s2_q2,det,bruteforce,4,1,1,4,3,16,0,32,2,2,0,0,0
bf_det_k4_l1_r1_c4_m3_w16g0_d64_s2_q2,det,bruteforce,4,1,1,4,3,16,0,64,2,2,0,0,0
bf_det_k4_l1_r1_c4_m3_w16g4_d32_s2_q2,det,bruteforce,4,1,1,4,3,16,4,32,2,2,0,0,0
bf_det_k4_l1_r1_c4_m3_w16g4_d64_s2_q2,det,bruteforce,4,1,1,4,3,16,4,64,2,2,0,0,0
bf_det_k4_l1_r1_c4_m3_w16g8_d32_s2_q2,det,bruteforce,4,1,1,4,3,16,8,32,2,2,0,0,0
bf_det_k4_l1_r1_c4_m3_w16g8_d64_s2_q2,det,bruteforce,4,1,1,4,3,16,8,64,2,2,0,0,0
bf_det_k4_l1_r1_c4_m4_w8g0_d32_s2_q2,det,bruteforce,4,1,1,4,4,8,0,32,2,2,0,0,0
bf_det_k4_l1_r1_c4_m4_w8g0_d64_s2_q2,det,bruteforce,4,1,1,4,4,8,0,64,2,2,0,0,0
bf_det_k4_l1_r1_c4_m4_w8g4_d32_s2_q2,det,bruteforce,4,1,1,4,4,8,4,32,2,2,0,0,0
bf_det_k4_l1_r1_c4_m4_w8g4_d64_s2_q2,det,bruteforce,4,1,1,4,4,8,4,64,2,2,0,0,0
bf_det_k4_l1_r1_c4_m4_w8g8_d32_s2_q2,det,bruteforce,4,1,1,4,4,8,8,32,2,2,0,0,0
bf_det_k4_l1_r1_c4_m4_w8g8_d64_s2_q2,det,bruteforce,4,1,1,4,4,8,8,64,2,2,0,0,0
bf_det_k4_l1_r1_c4_m4_w10g0_d32_s2_q2,det,bruteforce,4,1,1,4,4,10,0,32,2,2,0,0,0
bf_det_k4_l1_r1_c4_m4_w10g0_d64_s2_q2,det,bruteforce,4,1,1,4,4,10,0,64,2,2,0,0,0
bf_det_k4_l1_r1_c4_m4_w10g4_d32_s2_q2,det,bruteforce,4,1,1,4,4,10,4,32,2,2,0,0,0
bf_det_k4_l1_r1_c4_m4_w10g4_d64_s2_q2,det,bruteforce,4,1,1,4,4,10,4,64,2,2,0,0,0
bf_det_k4_l1_r1_c4_m4_w10g8_d32_s2_q2,det,bruteforce,4,1,1,4,4,10,8,32,2,2,0,0,0
bf_det_k4_l1_r1_c4_m4_w10g8_d64_s2_q2,det,bruteforce,4,1,1,4,4,10,8,64,2,2,0,0,0
bf_det_k4_l1_r1_c4_m4_w12g0_d32_s2_q2,det,bruteforce,4,1,1,4,4,12,0,32,2,2,0,0,0
bf_det_k4_l1_r1_c4_m4_w12g0_d64_s2_q2,det,bruteforce,4,1,1,4,4,12,0,64,2,2,0,0,0
bf_det_k4_l1_r1_c4_m4_w12g4_d32_s2_q2,det,bruteforce,4,1,1,4,4,12,4,32,2,2,0,0,0
bf_det_k4_l1_r1_c4_m4_w12g4_d64_s2_q2,det,bruteforce,4,1,1,4,4,12,4,64,2,2,0,0,0
bf_det_k4_l1_r1_c4_m4_w12g8_d32_s2_q2,det,bruteforce,4,1,1,4,4,12,8,32,2,2,0,1,0
bf_det_k4_l1_r1_c4_m4_w12g8_d64_s2_q2,det,bruteforce,4,1,1,4,4,12,8,64,2,2,0,1,0
bf_det_k4_l1_r1_c4_m4_w14g0_d32_s2_q2,det,bruteforce,4,1,1,4,4,14,0,32,2,2,0,0,0
bf_det_k4_l1_r1_c4_m4_w14g0_d64_s2_q2,det,bruteforce,4,1,1,4,4,14,0,64,2,2,0,0,0
bf_det_k4_l1_r1_c4_m4_w14g4_d32_s2_q2,det,bruteforce,4,1,1,4,4,14,4,32,2,2,0,0,0
bf_det_k4_l1_r1_c4_m4_w14g4_d64_s2_q2,det,bruteforce,4,1,1,4,4,14,4,64,2,2,0,0,0
bf_det_k4_l1_r1_c4_m4_w14g8_d32_s2_q2,det,bruteforce,4,1,1,4,4,14,8,32,2,2,0,0,0
bf_det_k4_l1_r1_c4_m4_w14g8_d64_s2_q2,det,bruteforce,4,1,1,4,4,14,8,64,2,2,0,0,0
bf_det_k4_l1_r1_c4_m4_w16g0_d32_s2_q2,det,bruteforce,4,1,1,4,4,16,0,32,2,2,0,0,0
bf_det_k4_l1_r1_c4_m4_w16g0_d64_s2_q2,det,bruteforce,4,1,1,4,4,16,0,64,2,2,0,0,0
bf_det_k4_l1_r1_c4_m4_w16g4_d32_s2_q2,det,bruteforce,4,1,1,4,4,16,4,32,2,2,0,0,0
bf_det_k4_l1_r1_c4_m4_w16g4_d64_s2_q2,det,bruteforce,4,1,1,4,4,16,4,64,2,2,0,0,0
bf_det_k4_l1_r1_c4_m4_w16g8_d32_s2_q2,det,bruteforce,4,1,1,4,4,16,8,32,2,2,0,0,0
bf_det_k4_l1_r1_c4_m4_w16g8_d64_s2_q2,det,bruteforce,4,1,1,4,4,16,8,64,2,2,0,0,0
bf_det_k4_l1_r4_c4_m3_w8g0_d32_s2_q2,det,bruteforce,4,1,4,4,3,8,0,32,2,2,0,0,0
bf_det_k4_l1_r4_c4_m3_w8g0_d64_s2_q2,det,bruteforce,4,1,4,4,3,8,0,64,2,2,0,0,0
bf_det_k4_l1_r4_c4_m3_w8g4_d32_s2_q2,det,bruteforce,4,1,4,4,3,8,4,32,2,2,0,0,0
bf_det_k4_l1_r4_c4_m3_w8g4_d64_s2_q2,det,bruteforce,4,1,4,4,3,8,4,64,2,2,0,0,0
bf_det_k4_l1_r4_c4_m3_w8g8_d32_s2_q2,det,bruteforce,4,1,4,4,3,8,8,32,2,2,0,0,0
bf_det_k4_l1_r4_c4_m3_w8g8_d64_s2_q2,det,bruteforce,4,1,4,4,3,8,8,64,2,2,0,0,0
bf_det_k4_l1_r4_c4_m3_w10g0_d32_s2_q2,det,bruteforce,4,1,4,4,3,10,0,32,2,2,0,0,0
bf_det_k4_l1_r4_c4_m3_w10g0_d64_s2_q2,det,bruteforce,4,1,4,4,3,10,0,64,2,2,0,0,0
bf_det_k4_l1_r4_c4_m3_w10g4_d32_s2_q2,det,bruteforce,4,1,4,4,3,10,4,32,2,2,0,0,0
bf_det_k4_l1_r4_c4_m3_w10g4_d64_s2_q2,det,bruteforce,4,1,4,4,3,10,4,64,2,2,0,0,0
bf_det_k4_l1_r4_c4_m3_w10g8_d32_s2_q2,det,bruteforce,4,1,4,4,3,10,8,32,2,2,0,0,0
bf_det_k4_l1_r4_c4_m3_w10g8_d64_s2_q2,det,bruteforce,4,1,4,4,3,10,8,64,2,2,0,0,0
bf_det_k4_l1_r4_c4_m3_w12g0_d32_s2_q2,det,bruteforce,4,1,4,4,3,12,0,32,2,2,0,0,0
bf_det_k4_l1_r4_c4_m3_w12g0_d64_s2_q2,det,bruteforce,4,1,4,4,3,12,0,64,2,2,0,0,0
bf_det_k4_l1_r4_c4_m3_w12g4_d32_s2_q2,det,bruteforce,4,1,4,4,3,12,4,32,2,2,0,0,0
bf_det_k4_l1_r4_c4_m3_w12g4_d64_s2_q2,det,bruteforce,4,1,4,4,3,12,4,64,2,2,0,0,0
bf_det_k4_l1_r4_c4_m3_w12g8_d32_s2_q2,det,bruteforce,4,1,4,4,3,12,8,32,2,2,0,1,0
bf_det_k4_l1_r4_c4_m3_w12g8_d64_s2_q2,det,bruteforce,4,1,4,4,3,12,8,64,2,2,0,1,0
bf_det_k4_l1_r4_c4_m3_w14g0_d32_s2_q2,det,bruteforce,4,1,4,4,3,14,0,32,2,2,0,0,0
bf_det_k4_l1_r4_c4_m3_w14g0_d64_s2_q2,det,bruteforce,4,1,4,4,3,14,0,64,2,2,0,0,0
bf_det_k4_l1_r4_c4_m3_w14g4_d32_s2_q2,det,bruteforce,4,1,4,4,3,14,4,32,2,2,0,0,0
bf_det_k4_l1_r4_c4_m3_w14g4_d64_s2_q2,det,bruteforce,4,1,4,4,3,14,4,64,2,2,0,0,0
bf_det_k4_l1_r4_c4_m3_w14g8_d32_s2_q2,det,bruteforce,4,1,4,4,3,14,8,32,2,2,0,0,0
bf_det_k4_l1_r4_c4_m3_w14g8_d64_s2_q2,det,bruteforce,4,1,4,4,3,14,8,64,2,2,0,0,0
bf_det_k4_l1_r4_c4_m3_w16g0_d32_s2_q2,det,bruteforce,4,1,4,4,3,16,0,32,2,2,0,0,0
bf_det_k4_l1_r4_c4_m3_w16g0_d64_s2_q2,det,bruteforce,4,1,4,4,3,16,0,64,2,2,0,0,0
bf_det_k4_l1_r4_c4_m3_w16g4_d32_s2_q2,det,bruteforce,4,1,4,4,3,16,4,32,2,2,0,0,0
bf_det_k4_l1_r4_c4_m3_w16g4_d64_s2_q2,det,bruteforce,4,1,4,4,3,16,4,64,2,2,0,0,0
bf_det_k4_l1_r4_c4_m3_w16g8_d32_s2_q2,det,bruteforce,4,1,4,4,3,16,8,32,2,2,0,0,0
bf_det_k4_l1_r4_c4_m3_w16g8_d64_s2_q2,det,bruteforce,4,1,4,4,3,16,8,64,2,2,0,0,0
bf_det_k4_l1_r4_c4_m4_w8g0_d32_s2_q2,det,bruteforce,4,1,4,4,4,8,0,32,2,2,0,0,0
bf_det_k4_l1_r4_c4_m4_w8g0_d64_s2_q2,det,bruteforce,4,1,4,4,4,8,0,64,2,2,0,0,0
bf_det_k4_l1_r4_c4_m4_w8g4_d32_s2_q2,det,bruteforce,4,1,4,4,4,8,4,32,2,2,0,0,0
bf_det_k4_l1_r4_c4_m4_w8g4_d64_s2_q2,det,bruteforce,4,1,4,4,4,8,4,64,2,2,0,0,0
bf_det_k4_l1_r4_c4_m4_w8g8_d32_s2_q2,det,bruteforce,4,1,4,4,4,8,8,32,2,2,0,0,0
bf_det_k4_l1_r4_c4_m4_w8g8_d64_s2_q2,det,bruteforce,4,1,4,4,4,8,8,64,2,2,0,0,0
bf_det_k4_l1_r4_c4_m4_w10g0_d32_s2_q2,det,bruteforce,4,1,4,4,4,10,0,32,2,2,0,0,0
bf_det_k4_l1_r4_c4_m4_w10g0_d64_s2_q2,det,bruteforce,4,1,4,4,4,10,0,64,2,2,0,0,0
bf_det_k4_l1_r4_c4_m4_w10g4_d32_s2_q2,det,bruteforce,4,1,4,4,4,10,4,32,2,2,0,0,0
bf_det_k4_l1_r4_c4_m4_w10g4_d64_s2_q2,det,bruteforce,4,1,4,4,4,10,4,64,2,2,0,0,0
bf_det_k4_l1_r4_c4_m4_w10g8_d32_s2_q2,det,bruteforce,4,1,4,4,4,10,8,32,2,2,0,0,0
bf_det_k4_l1_r4_c4_m4_w10g8_d64_s2_q2,det,bruteforce,4,1,4,4,4,10,8,64,2,2,0,0,0
bf_det_k4_l1_r4_c4_m4_w12g0_d32_s2_q2,det,bruteforce,4,1,4,4,4,12,0,32,2,2,0,0,1
bf_det_k4_l1_r4_c4_m4_w12g0_d64_s2_q2,det,bruteforce,4,1,4,4,4,12,0,64,2,2,0,0,1
bf_det_k4_l1_r4_c4_m4_w12g4_d32_s2_q2,det,bruteforce,4,1,4,4,4,12,4,32,2,2,0,0,1
bf_det_k4_l1_r4_c4_m4_w12g4_d64_s2_q2,det,bruteforce,4,1,4,4,4,12,4,64,2,2,0,0,1
bf_det_k4_l1_r4_c4_m4_w12g8_d32_s2_q2,det,bruteforce,4,1,4,4,4,12,8,32,2,2,0,1,1
bf_det_k4_l1_r4_c4_m4_w12g8_d64_s2_q2,det,bruteforce,4,1,4,4,4,12,8,64,2,2,1,1,1
bf_det_k4_l1_r4_c4_m4_w14g0_d32_s2_q2,det,bruteforce,4,1,4,4,4,14,0,32,2,2,0,0,0
bf_det_k4_l1_r4_c4_m4_w14g0_d64_s2_q2,det,bruteforce,4,1,4,4,4,14,0,64,2,2,0,0,0
bf_det_k4_l1_r4_c4_m4_w14g4_d32_s2_q2,det,bruteforce,4,1,4,4,4,14,4,32,2,2,0,0,0
bf_det_k4_l1_r4_c4_m4_w14g4_d64_s2_q2,det,bruteforce,4,1,4,4,4,14,4,64,2,2,0,0,0
bf_det_k4_l1_r4_c4_m4_w14g8_d32_s2_q2,det,bruteforce,4,1,4,4,4,14,8,32,2,2,0,0,0
bf_det_k4_l1_r4_c4_m4_w14g8_d64_s2_q2,det,bruteforce,4,1,4,4,4,14,8,64,2,2,0,0,0
bf_det_k4_l1_r4_c4_m4_w16g0_d32_s2_q2,det,bruteforce,4,1,4,4,4,16,0,32,2,2,0,0,0
bf_det_k4_l1_r4_c4_m4_w16g0_d64_s2_q2,det,bruteforce,4,1,4,4,4,16,0,64,2,2,0,0,0
bf_det_k4_l1_r4_c4_m4_w16g4_d32_s2_q2,det,bruteforce,4,1,4,4,4,16,4,32,2,2,0,0,0
bf_det_k4_l1_r4_c4_m4_w16g4_d64_s2_q2,det,bruteforce,4,1,4,4,4,16,4,64,2,2,0,0,0
bf_det_k4_l1_r4_c4_m4_w16g8_d32_s2_q2,det,bruteforce,4,1,4,4,4,16,8,32,2,2,0,0,0
bf_det_k4_l1_r4_c4_m4_w16g8_d64_s2_q2,det,bruteforce,4,1,4,4,4,16,8,64,2,2,0,0,0
bf_det_k4_l4_r1_c4_m3_w8g0_d32_s2_q2,det,bruteforce,4,4,1,4,3,8,0,32,2,2,0,0,0
bf_det_k4_l4_r1_c4_m3_w8g0_d64_s2_q2,det,bruteforce,4,4,1,4,3,8,0,64,2,2,0,0,0
bf_det_k4_l4_r1_c4_m3_w8g4_d32_s2_q2,det,bruteforce,4,4,1,4,3,8,4,32,2,2,0,0,0
bf_det_k4_l4_r1_c4_m3_w8g4_d64_s2_q2,det,bruteforce,4,4,1,4,3,8,4,64,2,2,0,0,0
bf_det_k4_l4_r1_c4_m3_w8g8_d32_s2_q2,det,bruteforce,4,4,1,4,3,8,8,32,2,2,0,1,0
bf_det_k4_l4_r1_c4_m3_w8g8_d64_s2_q2,det,bruteforce,4,4,1,4,3,8,8,64,2,2,0,1,0
bf_det_k4_l4_r1_c4_m3_w10g0_d32_s2_q2,det,bruteforce,4,4,1,4,3,10,0,32,2,2,0,0,0
bf_det_k4_l4_r1_c4_m3_w10g0_d64_s2_q2,det,bruteforce,4,4,1,4,3,10,0,64,2,2,0,0,0
bf_det_k4_l4_r1_c4_m3_w10g4_d32_s2_q2,det,bruteforce,4,4,1,4,3,10,4,32,2,2,0,0,0
bf_det_k4_l4_r1_c4_m3_w10g4_d64_s2_q2,det,bruteforce,4,4,1,4,3,10,4,64,2,2,0,0,0
bf_det_k4_l4_r1_c4_m3_w10g8_d32_s2_q2,det,bruteforce,4,4,1,4,3,10,8,32,2,2,0,0,0
bf_det_k4_l4_r1_c4_m3_w10g8_d64_s2_q2,det,bruteforce,4,4,1,4,3,10,8,64,2,2,0,0,0
bf_det_k4_l4_r1_c4_m3_w12g0_d32_s2_q2,det,bruteforce,4,4,1,4,3,12,0,32,2,2,0,0,0
bf_det_k4_l4_r1_c4_m3_w12g0_d64_s2_q2,det,bruteforce,4,4,1,4,3,12,0,64,2,2,0,0,0
bf_det_k4_l4_r1_c4_m3_w12g4_d32_s2_q2,det,bruteforce,4,4,1,4,3,12,4,32,2,2,0,0,0
bf_det_k4_l4_r1_c4_m3_w12g4_d64_s2_q2,det,bruteforce,4,4,1,4,3,12,4,64,2,2,0,0,0
bf_det_k4_l4_r1_c4_m3_w12g8_d32_s2_q2,det,bruteforce,4,4,1,4,3,12,8,32,2,2,0,1,0
bf_det_k4_l4_r1_c4_m3_w12g8_d64_s2_q2,det,bruteforce,4,4,1,4,3,12,8,64,2,2,0,1,0
bf_det_k4_l4_r1_c4_m3_w14g0_d32_s2_q2,det,bruteforce,4,4,1,4,3,14,0,32,2,2,0,0,0
bf_det_k4_l4_r1_c4_m3_w14g0_d64_s2_q2,det,bruteforce,4,4,1,4,3,14,0,64,2,2,0,0,0
bf_det_k4_l4_r1_c4_m3_w14g4_d32_s2_q2,det,bruteforce,4,4,1,4,3,14,4,32,2,2,0,0,0
bf_det_k4_l4_r1_c4_m3_w14g4_d64_s2_q2,det,bruteforce,4,4,1,4,3,14,4,64,2,2,0,0,0
bf_det_k4_l4_r1_c4_m3_w14g8_d32_s2_q2,det,bruteforce,4,4,1,4,3,14,8,32,2,2,0,0,0
bf_det_k4_l4_r1_c4_m3_w14g8_d64_s2_q2,det,bruteforce,4,4,1,4,3,14,8,64,2,2,0,0,0
bf_det_k4_l4_r1_c4_m3_w16g0_d32_s2_q2,det,bruteforce,4,4,1,4,3,16,0,32,2,2,0,0,0
bf_det_k4_l4_r1_c4_m3_w16g0_d64_s2_q2,det,bruteforce,4,4,1,4,3,16,0,64,2,2,0,0,0
bf_det_k4_l4_r1_c4_m3_w16g4_d32_s2_q2,det,bruteforce,4,4,1,4,3,16,4,32,2,2,0,0,0
bf_det_k4_l4_r1_c4_m3_w16g4_d64_s2_q2,det,bruteforce,4,4,1,4,3,16,4,64,2,2,0,0,0
bf_det_k4_l4_r1_c4_m3_w16g8_d32_s2_q2,det,bruteforce,4,4,1,4,3,16,8,32,2,2,0,1,0
bf_det_k4_l4_r1_c4_m3_w16g8_d64_s2_q2,det,bruteforce,4,4,1,4,3,16,8,64,2,2,0,1,0
bf_det_k4_l4_r1_c4_m4_w8g0_d32_s2_q2,det,bruteforce,4,4,1,4,4,8,0,32,2,2,0,0,0
bf_det_k4_l4_r1_c4_m4_w8g0_d64_s2_q2,det,bruteforce,4,4,1,4,4,8,0,64,2,2,0,0,0
bf_det_k4_l4_r1_c4_m4_w8g4_d32_s2_q2,det,bruteforce,4,4,1,4,4,8,4,32,2,2,0,0,0
bf_det_k4_l4_r1_c4_m4_w8g4_d64_s2_q2,det,bruteforce,4,4,1,4,4,8,4,64,2,2,0,0,0
bf_det_k4_l4_r1_c4_m4_w8g8_d32_s2_q2,det,bruteforce,4,4,1,4,4,8,8,32,2,2,0,1,0
bf_det_k4_l4_r1_c4_m4_w8g8_d64_s2_q2,det,bruteforce,4,4,1,4,4,8,8,64,2,2,0,1,0
bf_det_k4_l4_r1_c4_m4_w10g0_d32_s2_q2,det,bruteforce,4,4,1,4,4,10,0,32,2,2,0,0,0
bf_det_k4_l4_r1_c4_m4_w10g0_d64_s2_q2,det,bruteforce,4,4,1,4,4,10,0,64,2,2,0,0,0
bf_det_k4_l4_r1_c4_m4_w10g4_d32_s2_q2,det,bruteforce,4,4,1,4,4,10,4,32,2,2,0,0,0
bf_det_k4_l4_r1_c4_m4_w10g4_d64_s2_q2,det,bruteforce,4,4,1,4,4,10,4,64,2,2,0,0,0
bf_det_k4_l4_r1_c4_m4_w10g8_d32_s2_q2,det,bruteforce,4,4,1,4,4,10,8,32,2,2,0,0,0
bf_det_k4_l4_r1_c4_m4_w10g8_d64_s2_q2,det,bruteforce,4,4,1,4,4,10,8,64,2,2,0,0,0
bf_det_k4_l4_r1_c4_m4_w12g0_d32_s2_q2,det,bruteforce,4,4,1,4,4,12,0,32,2,2,0,0,0
bf_det_k4_l4_r1_c4_m4_w12g0_d64_s2_q2,det,bruteforce,4,4,1,4,4,12,0,64,2,2,0,0,0
bf_det_k4_l4_r1_c4_m4_w12g4_d32_s2_q2,det,bruteforce,4,4,1,4,4,12,4,32,2,2,0,0,0
bf_det_k4_l4_r1_c4_m4_w12g4_d64_s2_q2,det,bruteforce,4,4,1,4,4,12,4,64,2,2,0,0,0
bf_det_k4_l4_r1_c4_m4_w12g8_d32_s2_q2,det,bruteforce,4,4,1,4,4,12,8,32,2,2,0,1,0
bf_det_k4_l4_r1_c4_m4_w12g8_d64_s2_q2,det,bruteforce,4,4,1,4,4,12,8,64,2,2,0,1,0
bf_det_k4_l4_r1_c4_m4_w14g0_d32_s2_q2,det,bruteforce,4,4,1,4,4,14,0,32,2,2,0,0,0
bf_det_k4_l4_r1_c4_m4_w14g0_d64_s2_q2,det,bruteforce,4,4,1,4,4,14,0,64,2,2,0,0,0
bf_det_k4_l4_r1_c4_m4_w14g4_d32_s2_q2,det,bruteforce,4,4,1,4,4,14,4,32,2,2,0,0,0
bf_det_k4_l4_r1_c4_m4_w14g4_d64_s2_q2,det,bruteforce,4,4,1,4,4,14,4,64,2,2,0,0,0
bf_det_k4_l4_r1_c4_m4_w14g8_d32_s2_q2,det,bruteforce,4,4,1,4,4,14,8,32,2,2,0,0,0
bf_det_k4_l4_r1_c4_m4_w14g8_d64_s2_q2,det,bruteforce,4,4,1,4,4,14,8,64,2,2,0,0,0
bf_det_k4_l4_r1_c4_m4_w16g0_d32_s2_q2,det,bruteforce,4,4,1,4,4,16,0,32,2,2,0,0,0
bf_det_k4_l4_r1_c4_m4_w16g0_d64_s2_q2,det,bruteforce,4,4,1,4,4,16,0,64,2,2,0,0,0
bf_det_k4_l4_r1_c4_m4_w16g4_d32_s2_q2,det,bruteforce,4,4,1,4,4,16,4,32,2,2,0,0,0
bf_det_k4_l4_r1_c4_m4_w16g4_d64_s2_q2,det,bruteforce,4,4,1,4,4,16,4,64,2,2,0,0,0
bf_det_k4_l4_r1_c4_m4_w16g8_d32_s2_q2,det,bruteforce,4,4,1,4,4,16,8,32,2,2,0,1,0
bf_det_k4_l4_r1_c4_m4_w16g8_d64_s2_q2,det,bruteforce,4,4,1,4,4,16,8,64,2,2,0,1,0
bf_det_k4_l4_r4_c4_m3_w8g0_d32_s2_q2,det,bruteforce,4,4,4,4,3,8,0,32,2,2,0,0,0
bf_det_k4_l4_r4_c4_m3_w8g0_d64_s2_q2,det,bruteforce,4,4,4,4,3,8,0,64,2,2,0,0,0
bf_det_k4_l4_r4_c4_m3_w8g4_d32_s2_q2,det,bruteforce,4,4,4,4,3,8,4,32,2,2,0,0,0
bf_det_k4_l4_r4_c4_m3_w8g4_d64_s2_q2,det,bruteforce,4,4,4,4,3,8,4,64,2,2,0,0,0
bf_det_k4_l4_r4_c4_m3_w8g8_d32_s2_q2,det,bruteforce,4,4,4,4,3,8,8,32,2,2,0,1,0
bf_det_k4_l4_r4_c4_m3_w8g8_d64_s2_q2,det,bruteforce,4,4,4,4,3,8,8,64,2,2,0,1,0
bf_det_k4_l4_r4_c4_m3_w10g0_d32_s2_q2,det,bruteforce,4,4,4,4,3,10,0,32,2,2,0,0,0
bf_det_k4_l4_r4_c4_m3_w10g0_d64_s2_q2,det,bruteforce,4,4,4,4,3,10,0,64,2,2,0,0,0
bf_det_k4_l4_r4_c4_m3_w10g4_d32_s2_q2,det,bruteforce,4,4,4,4,3,10,4,32,2,2,0,0,0
bf_det_k4_l4_r4_c4_m3_w10g4_d64_s2_q2,det,bruteforce,4,4,4,4,3,10,4,64,2,2,0,0,0
bf_det_k4_l4_r4_c4_m3_w10g8_d32_s2_q2,det,bruteforce,4,4,4,4,3,10,8,32,2,2,0,0,0
bf_det_k4_l4_r4_c4_m3_w10g8_d64_s2_q2,det,bruteforce,4,4,4,4,3,10,8,64,2,2,0,0,0
bf_det_k4_l4_r4_c4_m3_w12g0_d32_s2_q2,det,bruteforce,4,4,4,4,3,12,0,32,2,2,0,0,0
bf_det_k4_l4_r4_c4_m3_w12g0_d64_s2_q2,det,bruteforce,4,4,4,4,3,12,0,64,2,2,0,0,0
bf_det_k4_l4_r4_c4_m3_w12g4_d32_s2_q2,det,bruteforce,4,4,4,4,3,12,4,32,2,2,0,0,0
bf_det_k4_l4_r4_c4_m3_w12g4_d64_s2_q2,det,bruteforce,4,4,4,4,3,12,4,64,2,2,0,0,0
bf_det_k4_l4_r4_c4_m3_w12g8_d32_s2_q2,det,bruteforce,4,4,4,4,3,12,8,32,2,2,0,1,0
bf_det_k4_l4_r4_c4_m3_w12g8_d64_s2_q2,det,bruteforce,4,4,4,4,3,12,8,64,2,2,0,1,0
bf_det_k4_l4_r4_c4_m3_w14g0_d32_s2_q2,det,bruteforce,4,4,4,4,3,14,0,32,2,2,0,0,0
bf_det_k4_l4_r4_c4_m3_w14g0_d64_s2_q2,det,bruteforce,4,4,4,4,3,14,0,64,2,2,0,0,0
bf_det_k4_l4_r4_c4_m3_w14g4_d32_s2_q2,det,bruteforce,4,4,4,4,3,14,4,32,2,2,0,0,0
bf_det_k4_l4_r4_c4_m3_w14g4_d64_s2_q2,det,bruteforce,4,4,4,4,3,14,4,64,2,2,0,0,0
bf_det_k4_l4_r4_c4_m3_w14g8_d32_s2_q2,det,bruteforce,4,4,4,4,3,14,8,32,2,2,0,0,0
bf_det_k4_l4_r4_c4_m3_w14g8_d64_s2_q2,det,bruteforce,4,4,4,4,3,14,8,64,2,2,0,0,0
bf_det_k4_l4_r4_c4_m3_w16g0_d32_s2_q2,det,bruteforce,4,4,4,4,3,16,0,32,2,2,0,0,0
bf_det_k4_l4_r4_c4_m3_w16g0_d64_s2_q2,det,bruteforce,4,4,4,4,3,16,0,64,2,2,0,0,0
bf_det_k4_l4_r4_c4_m3_w16g4_d32_s2_q2,det,bruteforce,4,4,4,4,3,16,4,32,2,2,0,0,0
bf_det_k4_l4_r4_c4_m3_w16g4_d64_s2_q2,det,bruteforce,4,4,4,4,3,16,4,64,2,2,0,0,0
bf_det_k4_l4_r4_c4_m3_w16g8_d32_s2_q2,det,bruteforce,4,4,4,4,3,16,8,32,2,2,0,1,0
bf_det_k4_l4_r4_c4_m3_w16g8_d64_s2_q2,det,bruteforce,4,4,4,4,3,16,8,64,2,2,0,1,0
bf_det_k4_l4_r4_c4_m4_w8g0_d32_s2_q2,det,bruteforce,4,4,4,4,4,8,0,32,2,2,0,0,1
bf_det_k4_l4_r4_c4_m4_w8g0_d64_s2_q2,det,bruteforce,4,4,4,4,4,8,0,64,2,2,0,0,1
bf_det_k4_l4_r4_c4_m4_w8g4_d32_s2_q2,det,bruteforce,4,4,4,4,4,8,4,32,2,2,0,0,1
bf_det_k4_l4_r4_c4_m4_w8g4_d64_s2_q2,det,bruteforce,4,4,4,4,4,8,4,64,2,2,0,0,1
bf_det_k4_l4_r4_c4_m4_w8g8_d32_s2_q2,det,bruteforce,4,4,4,4,4,8,8,32,2,2,0,1,1
bf_det_k4_l4_r4_c4_m4_w8g8_d64_s2_q2,det,bruteforce,4,4,4,4,4,8,8,64,2,2,1,1,1
bf_det_k4_l4_r4_c4_m4_w10g0_d32_s2_q2,det,bruteforce,4,4,4,4,4,10,0,32,2,2,0,0,0
bf_det_k4_l4_r4_c4_m4_w10g0_d64_s2_q2,det,bruteforce,4,4,4,4,4,10,0,64,2,2,0,0,0
bf_det_k4_l4_r4_c4_m4_w10g4_d32_s2_q2,det,bruteforce,4,4,4,4,4,10,4,32,2,2,0,0,0
bf_det_k4_l4_r4_c4_m4_w10g4_d64_s2_q2,det,bruteforce,4,4,4,4,4,10,4,64,2,2,0,0,0
bf_det_k4_l4_r4_c4_m4_w10g8_d32_s2_q2,det,bruteforce,4,4,4,4,4,10,8,32,2,2,0,0,0
bf_det_k4_l4_r4_c4_m4_w10g8_d64_s2_q2,det,bruteforce,4,4,4,4,4,10,8,64,2,2,0,0,0
bf_det_k4_l4_r4_c4_m4_w12g0_d32_s2_q2,det,bruteforce,4,4,4,4,4,12,0,32,2,2,0,0,1
bf_det_k4_l4_r4_c4_m4_w12g0_d64_s2_q2,det,bruteforce,4,4,4,4,4,12,0,64,2,2,0,0,1
bf_det_k4_l4_r4_c4_m4_w12g4_d32_s2_q2,det,bruteforce,4,4,4,4,4,12,4,32,2,2,0,0,1
bf_det_k4_l4_r4_c4_m4_w12g4_d64_s2_q2,det,bruteforce,4,4,4,4,4,12,4,64,2,2,0,0,1
bf_det_k4_l4_r4_c4_m4_w12g8_d32_s2_q2,det,bruteforce,4,4,4,4,4,12,8,32,2,2,1,1,1
bf_det_k4_l4_r4_c4_m4_w12g8_d64_s2_q2,det,bruteforce,4,4,4,4,4,12,8,64,2,2,1,1,1
bf_det_k4_l4_r4_c4_m4_w14g0_d32_s2_q2,det,bruteforce,4,4,4,4,4,14,0,32,2,2,0,0,0
bf_det_k4_l4_r4_c4_m4_w14g0_d64_s2_q2,det,bruteforce,4,4,4,4,4,14,0,64,2,2,0,0,0
bf_det_k4_l4_r4_c4_m4_w14g4_d32_s2_q2,det,bruteforce,4,4,4,4,4,14,4,32,2,2,0,0,0
bf_det_k4_l4_r4_c4_m4_w14g4_d64_s2_q2,det,bruteforce,4,4,4,4,4,14,4,64,2,2,0,0,0
bf_det_k4_l4_r4_c4_m4_w14g8_d32_s2_q2,det,bruteforce,4,4,4,4,4,14,8,32,2,2,0,0,0
bf_det_k4_l4_r4_c4_m4_w14g8_d64_s2_q2,det,bruteforce,4,4,4,4,4,14,8,64,2,2,0,0,0
bf_det_k4_l4_r4_c4_m4_w16g0_d32_s2_q2,det,bruteforce,4,4,4,4,4,16,0,32,2,2,0,0,1
bf_det_k4_l4_r4_c4_m4_w16g0_d64_s2_q2,det,bruteforce,4,4,4,4,4,16,0,64,2,2,0,0,1
bf_det_k4_l4_r4_c4_m4_w16g4_d32_s2_q2,det,bruteforce,4,4,4,4,4,16,4,32,2,2,0,0,1
bf_det_k4_l4_r4_c4_m4_w16g4_d64_s2_q2,det,bruteforce,4,4,4,4,4,16,4,64,2,2,0,0,1
bf_det_k4_l4_r4_c4_m4_w16g8_d32_s2_q2,det,bruteforce,4,4,4,4,4,16,8,32,2,2,0,1,1
bf_det_k4_l4_r4_c4_m4_w16g8_d64_s2_q2,det,bruteforce,4,4,4,4,4,16,8,64,2,2,1,1,1
bf_det_k4_l16_r1_c16_m3_w8g0_d32_s2_q2,det,bruteforce,4,16,1,16,3,8,0,32,2,2,0,0,0
bf_det_k4_l16_r1_c16_m3_w8g0_d64_s2_q2,det,bruteforce,4,16,1,16,3,8,0,64,2,2,0,0,0
bf_det_k4_l16_r1_c16_m3_w8g4_d32_s2_q2,det,bruteforce,4,16,1,16,3,8,4,32,2,2,0,0,0
bf_det_k4_l16_r1_c16_m3_w8g4_d64_s2_q2,det,bruteforce,4,16,1,16,3,8,4,64,2,2,0,0,0
bf_det_k4_l16_r1_c16_m3_w8g8_d32_s2_q2,det,bruteforce,4,16,1,16,3,8,8,32,2,2,0,0,0
bf_det_k4_l16_r1_c16_m3_w8g8_d64_s2_q2,det,bruteforce,4,16,1,16,3,8,8,64,2,2,0,0,0
bf_det_k4_l16_r1_c16_m3_w10g0_d32_s2_q2,det,bruteforce,4,16,1,16,3,10,0,32,2,2,0,0,0
bf_det_k4_l16_r1_c16_m3_w10g0_d64_s2_q2,det,bruteforce,4,16,1,16,3,10,0,64,2,2,0,0,0
bf_det_k4_l16_r1_c16_m3_w10g4_d32_s2_q2,det,bruteforce,4,16,1,16,3,10,4,32,2,2,0,0,0
bf_det_k4_l16_r1_c16_m3_w10g4_d64_s2_q2,det,bruteforce,4,16,1,16,3,10,4,64,2,2,0,0,0
bf_det_k4_l16_r1_c16_m3_w10g8_d32_s2_q2,det,bruteforce,4,16,1,16,3,10,8,32,2,2,0,0,0
bf_det_k4_l16_r1_c16_m3_w10g8_d64_s2_q2,det,bruteforce,4,16,1,16,3,10,8,64,2,2,0,0,0
bf_det_k4_l16_r1_c16_m3_w12g0_d32_s2_q2,det,bruteforce,4,16,1,16,3,12,0,32,2,2,0,0,0
bf_det_k4_l16_r1_c16_m3_w12g0_d64_s2_q2,det,bruteforce,4,16,1,16,3,12,0,64,2,2,0,0,0
bf_det_k4_l16_r1_c16_m3_w12g4_d32_s2_q2,det,bruteforce,4,16,1,16,3,12,4,32,2,2,0,0,0
bf_det_k4_l16_r1_c16_m3_w12g4_d64_s2_q2,det,bruteforce,4,16,1,16,3,12,4,64,2,2,0,0,0
bf_det_k4_l16_r1_c16_m3_w12g8_d32_s2_q2,det,bruteforce,4,16,1,16,3,12,8,32,2,2,0,1,0
bf_det_k4_l16_r1_c16_m3_w12g8_d64_s2_q2,det,bruteforce,4,16,1,16,3,12,8,64,2,2,0,1,0
bf_det_k4_l16_r1_c16_m3_w14g0_d32_s2_q2,det,bruteforce,4,16,1,16,3,14,0,32,2,2,0,0,0
bf_det_k4_l16_r1_c16_m3_w14g0_d64_s2_q2,det,bruteforce,4,16,1,16,3,14,0,64,2,2,0,0,0
bf_det_k4_l16_r1_c16_m3_w14g4_d32_s2_q2,det,bruteforce,4,16,1,16,3,14,4,32,2,2,0,0,0
bf_det_k4_l16_r1_c16_m3_w14g4_d64_s2_q2,det,bruteforce,4,16,1,16,3,14,4,64,2,2,0,0,0
bf_det_k4_l16_r1_c16_m3_w14g8_d32_s2_q2,det,bruteforce,4,16,1,16,3,14,8,32,2,2,0,0,0
bf_det_k4_l16_r1_c16_m3_w14g8_d64_s2_q2,det,bruteforce,4,16,1,16,3,14,8,64,2,2,0,0,0
bf_det_k4_l16_r1_c16_m3_w16g0_d32_s2_q2,det,bruteforce,4,16,1,16,3,16,0,32,2,2,0,0,0
bf_det_k4_l16_r1_c16_m3_w16g0_d64_s2_q2,det,bruteforce,4,16,1,16,3,16,0,64,2,2,0,0,0
bf_det_k4_l16_r1_c16_m3_w16g4_d32_s2_q2,det,bruteforce,4,16,1,16,3,16,4,32,2,2,0,0,0
bf_det_k4_l16_r1_c16_m3_w16g4_d64_s2_q2,det,bruteforce,4,16,1,16,3,16,4,64,2,2,0,0,0
bf_det_k4_l16_r1_c16_m3_w16g8_d32_s2_q2,det,bruteforce,4,16,1,16,3,16,8,32,2,2,0,0,0
bf_det_k4_l16_r1_c16_m3_w16g8_d64_s2_q2,det,bruteforce,4,16,1,16,3,16,8,64,2,2,0,0,0
bf_det_k4_l16_r1_c16_m4_w8g0_d32_s2_q2,det,bruteforce,4,16,1,16,4,8,0,32,2,2,0,0,0
bf_det_k4_l16_r1_c16_m4_w8g0_d64_s2_q2,det,bruteforce,4,16,1,16,4,8,0,64,2,2,0,0,0
bf_det_k4_l16_r1_c16_m4_w8g4_d32_s2_q2,det,bruteforce,4,16,1,16,4,8,4,32,2,2,0,0,0
bf_det_k4_l16_r1_c16_m4_w8g4_d64_s2_q2,det,bruteforce,4,16,1,16,4,8,4,64,2,2,0,0,0
bf_det_k4_l16_r1_c16_m4_w8g8_d32_s2_q2,det,bruteforce,4,16,1,16,4,8,8,32,2,2,0,0,0
bf_det_k4_l16_r1_c16_m4_w8g8_d64_s2_q2,det,bruteforce,4,16,1,16,4,8,8,64,2,2,0,0,0
bf_det_k4_l16_r1_c16_m4_w10g0_d32_s2_q2,det,bruteforce,4,16,1,16,4,10,0,32,2,2,0,0,0
bf_det_k4_l16_r1_c16_m4_w10g0_d64_s2_q2,det,bruteforce,4,16,1,16,4,10,0,64,2,2,0,0,0
bf_det_k4_l16_r1_c16_m4_w10g4_d32_s2_q2,det,bruteforce,4,16,1,16,4,10,4,32,2,2,0,0,0
bf_det_k4_l16_r1_c16_m4_w10g4_d64_s2_q2,det,bruteforce,4,16,1,16,4,10,4,64,2,2,0,0,0
bf_det_k4_l16_r1_c16_m4_w10g8_d32_s2_q2,det,bruteforce,4,16,1,16,4,10,8,32,2,2,0,0,0
bf_det_k4_l16_r1_c16_m4_w10g8_d64_s2_q2,det,bruteforce,4,16,1,16,4,10,8,64,2,2,0,0,0
bf_det_k4_l16_r1_c16_m4_w12g0_d32_s2_q2,det,bruteforce,4,16,1,16,4,12,0,32,2,2,0,0,0
bf_det_k4_l16_r1_c16_m4_w12g0_d64_s2_q2,det,bruteforce,4,16,1,16,4,12,0,64,2,2,0,0,0
bf_det_k4_l16_r1_c16_m4_w12g4_d32_s2_q2,det,bruteforce,4,16,1,16,4,12,4,32,2,2,0,0,0
bf_det_k4_l16_r1_c16_m4_w12g4_d64_s2_q2,det,bruteforce,4,16,1,16,4,12,4,64,2,2,0,0,0
bf_det_k4_l16_r1_c16_m4_w12g8_d32_s2_q2,det,bruteforce,4,16,1,16,4,12,8,32,2,2,0,1,0
bf_det_k4_l16_r1_c16_m4_w12g8_d64_s2_q2,det,bruteforce,4,16,1,16,4,12,8,64,2,2,0,1,0
bf_det_k4_l16_r1_c16_m4_w14g0_d32_s2_q2,det,bruteforce,4,16,1,16,4,14,0,32,2,2,0,0,0
bf_det_k4_l16_r1_c16_m4_w14g0_d64_s2_q2,det,bruteforce,4,16,1,16,4,14,0,64,2,2,0,0,0
bf_det_k4_l16_r1_c16_m4_w14g4_d32_s2_q2,det,bruteforce,4,16,1,16,4,14,4,32,2,2,0,0,0
bf_det_k4_l16_r1_c16_m4_w14g4_d64_s2_q2,det,bruteforce,4,16,1,16,4,14,4,64,2,2,0,0,0
bf_det_k4_l16_r1_c16_m4_w14g8_d32_s2_q2,det,bruteforce,4,16,1,16,4,14,8,32,2,2,0,0,0
bf_det_k4_l16_r1_c16_m4_w14g8_d64_s2_q2,det,bruteforce,4,16,1,16,4,14,8,64,2,2,0,0,0
bf_det_k4_l16_r1_c16_m4_w16g0_d32_s2_q2,det,bruteforce,4,16,1,16,4,16,0,32,2,2,0,0,0
bf_det_k4_l16_r1_c16_m4_w16g0_d64_s2_q2,det,bruteforce,4,16,1,16,4,16,0,64,2,2,0,0,0
bf_det_k4_l16_r1_c16_m4_w16g4_d32_s2_q2,det,bruteforce,4,16,1,16,4,16,4,32,2,2,0,0,0
bf_det_k4_l16_r1_c16_m4_w16g4_d64_s2_q2,det,bruteforce,4,16,1,16,4,16,4,64,2,2,0,0,0
bf_det_k4_l16_r1_c16_m4_w16g8_d32_s2_q2,det,bruteforce,4,16,1,16,4,16,8,32,2,2,0,0,0
bf_det_k4_l16_r1_c16_m4_w16g8_d64_s2_q2,det,bruteforce,4,16,1,16,4,16,8,64,2,2,0,0,0
bf_det_k4_l16_r4_c16_m3_w8g0_d32_s2_q2,det,bruteforce,4,16,4,16,3,8,0,32,2,2,0,0,0
bf_det_k4_l16_r4_c16_m3_w8g0_d64_s2_q2,det,bruteforce,4,16,4,16,3,8,0,64,2,2,0,0,0
bf_det_k4_l16_r4_c16_m3_w8g4_d32_s2_q2,det,bruteforce,4,16,4,16,3,8,4,32,2,2,0,0,0
bf_det_k4_l16_r4_c16_m3_w8g4_d64_s2_q2,det,bruteforce,4,16,4,16,3,8,4,64,2,2,0,0,0
bf_det_k4_l16_r4_c16_m3_w8g8_d32_s2_q2,det,bruteforce,4,16,4,16,3,8,8,32,2,2,0,0,0
bf_det_k4_l16_r4_c16_m3_w8g8_d64_s2_q2,det,bruteforce,4,16,4,16,3,8,8,64,2,2,0,0,0
bf_det_k4_l16_r4_c16_m3_w10g0_d32_s2_q2,det,bruteforce,4,16,4,16,3,10,0,32,2,2,0,0,0
bf_det_k4_l16_r4_c16_m3_w10g0_d64_s2_q2,det,bruteforce,4,16,4,16,3,10,0,64,2,2,0,0,0
bf_det_k4_l16_r4_c16_m3_w10g4_d32_s2_q2,det,bruteforce,4,16,4,16,3,10,4,32,2,2,0,0,0
bf_det_k4_l16_r4_c16_m3_w10g4_d64_s2_q2,det,bruteforce,4,16,4,16,3,10,4,64,2,2,0,0,0
bf_det_k4_l16_r4_c16_m3_w10g8_d32_s2_q2,det,bruteforce,4,16,4,16,3,10,8,32,2,2,0,0,0
bf_det_k4_l16_r4_c16_m3_w10g8_d64_s2_q2,det,bruteforce,4,16,4,16,3,10,8,64,2,2,0,0,0
bf_det_k4_l16_r4_c16_m3_w12g0_d32_s2_q2,det,bruteforce,4,16,4,16,3,12,0,32,2,2,0,0,0
bf_det_k4_l16_r4_c16_m3_w12g0_d64_s2_q2,det,bruteforce,4,16,4,16,3,12,0,64,2,2,0,0,0
bf_det_k4_l16_r4_c16_m3_w12g4_d32_s2_q2,det,bruteforce,4,16,4,16,3,12,4,32,2,2,0,0,0
bf_det_k4_l16_r4_c16_m3_w12g4_d64_s2_q2,det,bruteforce,4,16,4,16,3,12,4,64,2,2,0,0,0
bf_det_k4_l16_r4_c16_m3_w12g8_d32_s2_q2,det,bruteforce,4,16,4,16,3,12,8,32,2,2,0,1,0
bf_det_k4_l16_r4_c16_m3_w12g8_d64_s2_q2,det,bruteforce,4,16,4,16,3,12,8,64,2,2,0,1,0
bf_det_k4_l16_r4_c16_m3_w14g0_d32_s2_q2,det,bruteforce,4,16,4,16,3,14,0,32,2,2,0,0,0
bf_det_k4_l16_r4_c16_m3_w14g0_d64_s2_q2,det,bruteforce,4,16,4,16,3,14,0,64,2,2,0,0,0
bf_det_k4_l16_r4_c16_m3_w14g4_d32_s2_q2,det,bruteforce,4,16,4,16,3,14,4,32,2,2,0,0,0
bf_det_k4_l16_r4_c16_m3_w14g4_d64_s2_q2,det,bruteforce,4,16,4,16,3,14,4,64,2,2,0,0,0
bf_det_k4_l16_r4_c16_m3_w14g8_d32_s2_q2,det,bruteforce,4,16,4,16,3,14,8,32,2,2,0,0,0
bf_det_k4_l16_r4_c16_m3_w14g8_d64_s2_q2,det,bruteforce,4,16,4,16,3,14,8,64,2,2,0,0,0
bf_det_k4_l16_r4_c16_m3_w16g0_d32_s2_q2,det,bruteforce,4,16,4,16,3,16,0,32,2,2,0,0,0
bf_det_k4_l16_r4_c16_m3_w16g0_d64_s2_q2,det,bruteforce,4,16,4,16,3,16,0,64,2,2,0,0,0
bf_det_k4_l16_r4_c16_m3_w16g4_d32_s2_q2,det,bruteforce,4,16,4,16,3,16,4,32,2,2,0,0,0
bf_det_k4_l16_r4_c16_m3_w16g4_d64_s2_q2,det,bruteforce,4,16,4,16,3,16,4,64,2,2,0,0,0
bf_det_k4_l16_r4_c16_m3_w16g8_d32_s2_q2,det,bruteforce,4,16,4,16,3,16,8,32,2,2,0,0,0
bf_det_k4_l16_r4_c16_m3_w16g8_d64_s2_q2,det,bruteforce,4,16,4,16,3,16,8,64,2,2,0,0,0
bf_det_k4_l16_r4_c16_m4_w8g0_d32_s2_q2,det,bruteforce,4,16,4,16,4,8,0,32,2,2,0,0,0
bf_det_k4_l16_r4_c16_m4_w8g0_d64_s2_q2,det,bruteforce,4,16,4,16,4,8,0,64,2,2,0,0,0
bf_det_k4_l16_r4_c16_m4_w8g4_d32_s2_q2,det,bruteforce,4,16,4,16,4,8,4,32,2,2,0,0,0
bf_det_k4_l16_r4_c16_m4_w8g4_d64_s2_q2,det,bruteforce,4,16,4,16,4,8,4,64,2,2,0,0,0
bf_det_k4_l16_r4_c16_m4_w8g8_d32_s2_q2,det,bruteforce,4,16,4,16,4,8,8,32,2,2,0,0,0
bf_det_k4_l16_r4_c16_m4_w8g8_d64_s2_q2,det,bruteforce,4,16,4,16,4,8,8,64,2,2,0,0,0
bf_det_k4_l16_r4_c16_m4_w10g0_d32_s2_q2,det,bruteforce,4,16,4,16,4,10,0,32,2,2,0,0,0
bf_det_k4_l16_r4_c16_m4_w10g0_d64_s2_q2,det,bruteforce,4,16,4,16,4,10,0,64,2,2,0,0,0
bf_det_k4_l16_r4_c16_m4_w10g4_d32_s2_q2,det,bruteforce,4,16,4,16,4,10,4,32,2,2,0,0,0
bf_det_k4_l16_r4_c16_m4_w10g4_d64_s2_q2,det,bruteforce,4,16,4,16,4,10,4,64,2,2,0,0,0
bf_det_k4_l16_r4_c16_m4_w10g8_d32_s2_q2,det,bruteforce,4,16,4,16,4,10,8,32,2,2,0,0,0
bf_det_k4_l16_r4_c16_m4_w10g8_d64_s2_q2,det,bruteforce,4,16,4,16,4,10,8,64,2,2,0,0,0
bf_det_k4_l16_r4_c16_m4_w12g0_d32_s2_q2,det,bruteforce,4,16,4,16,4,12,0,32,2,2,0,0,1
bf_det_k4_l16_r4_c16_m4_w12g0_d64_s2_q2,det,bruteforce,4,16,4,16,4,12,0,64,2,2,0,0,1
bf_det_k4_l16_r4_c16_m4_w12g4_d32_s2_q2,det,bruteforce,4,16,4,16,4,12,4,32,2,2,0,0,1
bf_det_k4_l16_r4_c16_m4_w12g4_d64_s2_q2,det,bruteforce,4,16,4,16,4,12,4,64,2,2,0,0,1
bf_det_k4_l16_r4_c16_m4_w12g8_d32_s2_q2,det,bruteforce,4,16,4,16,4,12,8,32,2,2,0,1,1
bf_det_k4_l16_r4_c16_m4_w12g8_d64_s2_q2,det,bruteforce,4,16,4,16,4,12,8,64,2,2,1,1,1
bf_det_k4_l16_r4_c16_m4_w14g0_d32_s2_q2,det,bruteforce,4,16,4,16,4,14,0,32,2,2,0,0,0
bf_det_k4_l16_r4_c16_m4_w14g0_d64_s2_q2,det,bruteforce,4,16,4,16,4,14,0,64,2,2,0,0,0
bf_det_k4_l16_r4_c16_m4_w14g4_d32_s2_q2,det,bruteforce,4,16,4,16,4,14,4,32,2,2,0,0,0
bf_det_k4_l16_r4_c16_m4_w14g4_d64_s2_q2,det,bruteforce,4,16,4,16,4,14,4,64,2,2,0,0,0
bf_det_k4_l16_r4_c16_m4_w14g8_d32_s2_q2,det,bruteforce,4,16,4,16,4,14,8,32,2,2,0,0,0
bf_det_k4_l16_r4_c16_m4_w14g8_d64_s2_q2,det,bruteforce,4,16,4,16,4,14,8,64,2,2,0,0,0
bf_det_k4_l16_r4_c16_m4_w16g0_d32_s2_q2,det,bruteforce,4,16,4,16,4,16,0,32,2,2,0,0,0
bf_det_k4_l16_r4_c16_m4_w16g0_d64_s2_q2,det,bruteforce,4,16,4,16,4,16,0,64,2,2,0,0,0
bf_det_k4_l16_r4_c16_m4_w16g4_d32_s2_q2,det,bruteforce,4,16,4,16,4,16,4,32,2,2,0,0,0
bf_det_k4_l16_r4_c16_m4_w16g4_d64_s2_q2,det,bruteforce,4,16,4,16,4,16,4,64,2,2,0,0,0
bf_det_k4_l16_r4_c16_m4_w16g8_d32_s2_q2,det,bruteforce,4,16,4,16,4,16,8,32,2,2,0,0,0
bf_det_k4_l16_r4_c16_m4_w16g8_d64_s2_q2,det,bruteforce,4,16,4,16,4,16,8,64,2,2,0,0,0
bf_det_k8_l1_r1_c4_m3_w8g0_d32_s2_q2,det,bruteforce,8,1,1,4,3,8,0,32,2,2,0,1,0
bf_det_k8_l1_r1_c4_m3_w8g0_d64_s2_q2,det,bruteforce,8,1,1,4,3,8,0,64,2,2,0,1,0
bf_det_k8_l1_r1_c4_m3_w8g4_d32_s2_q2,det,bruteforce,8,1,1,4,3,8,4,32,2,2,0,0,0
bf_det_k8_l1_r1_c4_m3_w8g4_d64_s2_q2,det,bruteforce,8,1,1,4,3,8,4,64,2,2,0,0,0
bf_det_k8_l1_r1_c4_m3_w8g8_d32_s2_q2,det,bruteforce,8,1,1,4,3,8,8,32,2,2,0,1,0
bf_det_k8_l1_r1_c4_m3_w8g8_d64_s2_q2,det,bruteforce,8,1,1,4,3,8,8,64,2,2,0,1,0
bf_det_k8_l1_r1_c4_m3_w10g0_d32_s2_q2,det,bruteforce,8,1,1,4,3,10,0,32,2,2,0,0,0
bf_det_k8_l1_r1_c4_m3_w10g0_d64_s2_q2,det,bruteforce,8,1,1,4,3,10,0,64,2,2,0,0,0
bf_det_k8_l1_r1_c4_m3_w10g4_d32_s2_q2,det,bruteforce,8,1,1,4,3,10,4,32,2,2,0,0,0
bf_det_k8_l1_r1_c4_m3_w10g4_d64_s2_q2,det,bruteforce,8,1,1,4,3,10,4,64,2,2,0,0,0
bf_det_k8_l1_r1_c4_m3_w10g8_d32_s2_q2,det,bruteforce,8,1,1,4,3,10,8,32,2,2,0,0,0
bf_det_k8_l1_r1_c4_m3_w10g8_d64_s2_q2,det,bruteforce,8,1,1,4,3,10,8,64,2,2,0,0,0
bf_det_k8_l1_r1_c4_m3_w12g0_d32_s2_q2,det,bruteforce,8,1,1,4,3,12,0,32,2,2,0,0,0
bf_det_k8_l1_r1_c4_m3_w12g0_d64_s2_q2,det,bruteforce,8,1,1,4,3,12,0,64,2,2,0,0,0
bf_det_k8_l1_r1_c4_m3_w12g4_d32_s2_q2,det,bruteforce,8,1,1,4,3,12,4,32,2,2,0,0,0
bf_det_k8_l1_r1_c4_m3_w12g4_d64_s2_q2,det,bruteforce,8,1,1,4,3,12,4,64,2,2,0,0,0
bf_det_k8_l1_r1_c4_m3_w12g8_d32_s2_q2,det,bruteforce,8,1,1,4,3,12,8,32,2,2,0,1,0
bf_det_k8_l1_r1_c4_m3_w12g8_d64_s2_q2,det,bruteforce,8,1,1,4,3,12,8,64,2,2,0,1,0
bf_det_k8_l1_r1_c4_m3_w14g0_d32_s2_q2,det,bruteforce,8,1,1,4,3,14,0,32,2,2,0,0,0
bf_det_k8_l1_r1_c4_m3_w14g0_d64_s2_q2,det,bruteforce,8,1,1,4,3,14,0,64,2,2,0,0,0
bf_det_k8_l1_r1_c4_m3_w14g4_d32_s2_q2,det,bruteforce,8,1,1,4,3,14,4,32,2,2,0,0,0
bf_det_k8_l1_r1_c4_m3_w14g4_d64_s2_q2,det,bruteforce,8,1,1,4,3,14,4,64,2,2,0,0,0
bf_det_k8_l1_r1_c4_m3_w14g8_d32_s2_q2,det,bruteforce,8,1,1,4,3,14,8,32,2,2,0,0,0
bf_det_k8_l1_r1_c4_m3_w14g8_d64_s2_q2,det,bruteforce,8,1,1,4,3,14,8,64,2,2,0,0,0
bf_det_k8_l1_r1_c4_m3_w16g0_d32_s2_q2,det,bruteforce,8,1,1,4,3,16,0,32,2,2,0,1,0
bf_det_k8_l1_r1_c4_m3_w16g0_d64_s2_q2,det,bruteforce,8,1,1,4,3,16,0,64,2,2,0,1,0
bf_det_k8_l1_r1_c4_m3_w16g4_d32_s2_q2,det,bruteforce,8,1,1,4,3,16,4,32,2,2,0,0,0
bf_det_k8_l1_r1_c4_m3_w16g4_d64_s2_q2,det,bruteforce,8,1,1,4,3,16,4,64,2,2,0,0,0
bf_det_k8_l1_r1_c4_m3_w16g8_d32_s2_q2,det,bruteforce,8,1,1,4,3,16,8,32,2,2,0,1,0
bf_det_k8_l1_r1_c4_m3_w16g8_d64_s2_q2,det,bruteforce,8,1,1,4,3,16,8,64,2,2,0,1,0
bf_det_k8_l1_r1_c4_m4_w8g0_d32_s2_q2,det,bruteforce,8,1,1,4,4,8,0,32,2,2,0,1,0
bf_det_k8_l1_r1_c4_m4_w8g0_d64_s2_q2,det,bruteforce,8,1,1,4,4,8,0,64,2,2,0,1,0
bf_det_k8_l1_r1_c4_m4_w8g4_d32_s2_q2,det,bruteforce,8,1,1,4,4,8,4,32,2,2,0,0,0
bf_det_k8_l1_r1_c4_m4_w8g4_d64_s2_q2,det,bruteforce,8,1,1,4,4,8,4,64,2,2,0,0,0
bf_det_k8_l1_r1_c4_m4_w8g8_d32_s2_q2,det,bruteforce,8,1,1,4,4,8,8,32,2,2,0,1,0
bf_det_k8_l1_r1_c4_m4_w8g8_d64_s2_q2,det,bruteforce,8,1,1,4,4,8,8,64,2,2,0,1,0
bf_det_k8_l1_r1_c4_m4_w10g0_d32_s2_q2,det,bruteforce,8,1,1,4,4,10,0,32,2,2,0,0,0
bf_det_k8_l1_r1_c4_m4_w10g0_d64_s2_q2,det,bruteforce,8,1,1,4,4,10,0,64,2,2,0,0,0
bf_det_k8_l1_r1_c4_m4_w10g4_d32_s2_q2,det,bruteforce,8,1,1,4,4,10,4,32,2,2,0,0,0
bf_det_k8_l1_r1_c4_m4_w10g4_d64_s2_q2,det,bruteforce,8,1,1,4,4,10,4,64,2,2,0,0,0
bf_det_k8_l1_r1_c4_m4_w10g8_d32_s2_q2,det,bruteforce,8,1,1,4,4,10,8,32,2,2,0,0,0
bf_det_k8_l1_r1_c4_m4_w10g8_d64_s2_q2,det,bruteforce,8,1,1,4,4,10,8,64,2,2,0,0,0
bf_det_k8_l1_r1_c4_m4_w12g0_d32_s2_q2,det,bruteforce,8,1,1,4,4,12,0,32,2,2,0,0,0
bf_det_k8_l1_r1_c4_m4_w12g0_d64_s2_q2,det,bruteforce,8,1,1,4,4,12,0,64,2,2,0,0,0
bf_det_k8_l1_r1_c4_m4_w12g4_d32_s2_q2,det,bruteforce,8,1,1,4,4,12,4,32,2,2,0,0,0
bf_det_k8_l1_r1_c4_m4_w12g4_d64_s2_q2,det,bruteforce,8,1,1,4,4,12,4,64,2,2,0,0,0
bf_det_k8_l1_r1_c4_m4_w12g8_d32_s2_q2,det,bruteforce,8,1,1,4,4,12,8,32,2,2,0,1,0
bf_det_k8_l1_r1_c4_m4_w12g8_d64_s2_q2,det,bruteforce,8,1,1,4,4,12,8,64,2,2,0,1,0
bf_det_k8_l1_r1_c4_m4_w14g0_d32_s2_q2,det,bruteforce,8,1,1,4,4,14,0,32,2,2,0,0,0
bf_det_k8_l1_r1_c4_m4_w14g0_d64_s2_q2,det,bruteforce,8,1,1,4,4,14,0,64,2,2,0,0,0
bf_det_k8_l1_r1_c4_m4_w14g4_d32_s2_q2,det,bruteforce,8,1,1,4,4,14,4,32,2,2,0,0,0
bf_det_k8_l1_r1_c4_m4_w14g4_d64_s2_q2,det,bruteforce,8,1,1,4,4,14,4,64,2,2,0,0,0
bf_det_k8_l1_r1_c4_m4_w14g8_d32_s2_q2,det,bruteforce,8,1,1,4,4,14,8,32,2,2,0,0,0
bf_det_k8_l1_r1_c4_m4_w14g8_d64_s2_q2,det,bruteforce,8,1,1,4,4,14,8,64,2,2,0,0,0
bf_det_k8_l1_r1_c4_m4_w16g0_d32_s2_q2,det,bruteforce,8,1,1,4,4,16,0,32,2,2,0,1,0
bf_det_k8_l1_r1_c4_m4_w16g0_d64_s2_q2,det,bruteforce,8,1,1,4,4,16,0,64,2,2,0,1,0
bf_det_k8_l1_r1_c4_m4_w16g4_d32_s2_q2,det,bruteforce,8,1,1,4,4,16,4,32,2,2,0,0,0
bf_det_k8_l1_r1_c4_m4_w16g4_d64_s2_q2,det,bruteforce,8,1,1,4,4,16,4,64,2,2,0,0,0
bf_det_k8_l1_r1_c4_m4_w16g8_d32_s2_q2,det,bruteforce,8,1,1,4,4,16,8,32,2,2,0,1,0
bf_det_k8_l1_r1_c4_m4_w16g8_d64_s2_q2,det,bruteforce,8,1,1,4,4,16,8,64,2,2,0,1,0
bf_det_k8_l1_r4_c4_m3_w8g0_d32_s2_q2,det,bruteforce,8,1,4,4,3,8,0,32,2,2,0,1,0
bf_det_k8_l1_r4_c4_m3_w8g0_d64_s2_q2,det,bruteforce,8,1,4,4,3,8,0,64,2,2,0,1,0
bf_det_k8_l1_r4_c4_m3_w8g4_d32_s2_q2,det,bruteforce,8,1,4,4,3,8,4,32,2,2,0,0,0
bf_det_k8_l1_r4_c4_m3_w8g4_d64_s2_q2,det,bruteforce,8,1,4,4,3,8,4,64,2,2,0,0,0
bf_det_k8_l1_r4_c4_m3_w8g8_d32_s2_q2,det,bruteforce,8,1,4,4,3,8,8,32,2,2,0,1,0
bf_det_k8_l1_r4_c4_m3_w8g8_d64_s2_q2,det,bruteforce,8,1,4,4,3,8,8,64,2,2,0,1,0
bf_det_k8_l1_r4_c4_m3_w10g0_d32_s2_q2,det,bruteforce,8,1,4,4,3,10,0,32,2,2,0,0,0
bf_det_k8_l1_r4_c4_m3_w10g0_d64_s2_q2,det,bruteforce,8,1,4,4,3,10,0,64,2,2,0,0,0
bf_det_k8_l1_r4_c4_m3_w10g4_d32_s2_q2,det,bruteforce,8,1,4,4,3,10,4,32,2,2,0,0,0
bf_det_k8_l1_r4_c4_m3_w10g4_d64_s2_q2,det,bruteforce,8,1,4,4,3,10,4,64,2,2,0,0,0
bf_det_k8_l1_r4_c4_m3_w10g8_d32_s2_q2,det,bruteforce,8,1,4,4,3,10,8,32,2,2,0,0,0
bf_det_k8_l1_r4_c4_m3_w10g8_d64_s2_q2,det,bruteforce,8,1,4,4,3,10,8,64,2,2,0,0,0
bf_det_k8_l1_r4_c4_m3_w12g0_d32_s2_q2,det,bruteforce,8,1,4,4,3,12,0,32,2,2,0,0,0
bf_det_k8_l1_r4_c4_m3_w12g0_d64_s2_q2,det,bruteforce,8,1,4,4,3,12,0,64,2,2,0,0,0
bf_det_k8_l1_r4_c4_m3_w12g4_d32_s2_q2,det,bruteforce,8,1,4,4,3,12,4,32,2,2,0,0,0
bf_det_k8_l1_r4_c4_m3_w12g4_d64_s2_q2,det,bruteforce,8,1,4,4,3,12,4,64,2,2,0,0,0
bf_det_k8_l1_r4_c4_m3_w12g8_d32_s2_q2,det,bruteforce,8,1,4,4,3,12,8,32,2,2,0,1,0
bf_det_k8_l1_r4_c4_m3_w12g8_d64_s2_q2,det,bruteforce,8,1,4,4,3,12,8,64,2,2,0,1,0
bf_det_k8_l1_r4_c4_m3_w14g0_d32_s2_q2,det,bruteforce,8,1,4,4,3,14,0,32,2,2,0,0,0
bf_det_k8_l1_r4_c4_m3_w14g0_d64_s2_q2,det,bruteforce,8,1,4,4,3,14,0,64,2,2,0,0,0
bf_det_k8_l1_r4_c4_m3_w14g4_d32_s2_q2,det,bruteforce,8,1,4,4,3,14,4,32,2,2,0,0,0
bf_det_k8_l1_r4_c4_m3_w14g4_d64_s2_q2,det,bruteforce,8,1,4,4,3,14,4,64,2,2,0,0,0
bf_det_k8_l1_r4_c4_m3_w14g8_d32_s2_q2,det,bruteforce,8,1,4,4,3,14,8,32,2,2,0,0,0
bf_det_k8_l1_r4_c4_m3_w14g8_d64_s2_q2,det,bruteforce,8,1,4,4,3,14,8,64,2,2,0,0,0
bf_det_k8_l1_r4_c4_m3_w16g0_d32_s2_q2,det,bruteforce,8,1,4,4,3,16,0,32,2,2,0,1,0
bf_det_k8_l1_r4_c4_m3_w16g0_d64_s2_q2,det,bruteforce,8,1,4,4,3,16,0,64,2,2,0,1,0
bf_det_k8_l1_r4_c4_m3_w16g4_d32_s2_q2,det,bruteforce,8,1,4,4,3,16,4,32,2,2,0,0,0
bf_det_k8_l1_r4_c4_m3_w16g4_d64_s2_q2,det,bruteforce,8,1,4,4,3,16,4,64,2,2,0,0,0
bf_det_k8_l1_r4_c4_m3_w16g8_d32_s2_q2,det,bruteforce,8,1,4,4,3,16,8,32,2,2,0,1,0
bf_det_k8_l1_r4_c4_m3_w16g8_d64_s2_q2,det,bruteforce,8,1,4,4,3,16,8,64,2,2,0,1,0
bf_det_k8_l1_r4_c4_m4_w8g0_d32_s2_q2,det,bruteforce,8,1,4,4,4,8,0,32,2,2,0,1,0
bf_det_k8_l1_r4_c4_m4_w8g0_d64_s2_q2,det,bruteforce,8,1,4,4,4,8,0,64,2,2,0,1,0
bf_det_k8_l1_r4_c4_m4_w8g4_d32_s2_q2,det,bruteforce,8,1,4,4,4,8,4,32,2,2,0,0,0
bf_det_k8_l1_r4_c4_m4_w8g4_d64_s2_q2,det,bruteforce,8,1,4,4,4,8,4,64,2,2,0,0,0
bf_det_k8_l1_r4_c4_m4_w8g8_d32_s2_q2,det,bruteforce,8,1,4,4,4,8,8,32,2,2,0,1,0
bf_det_k8_l1_r4_c4_m4_w8g8_d64_s2_q2,det,bruteforce,8,1,4,4,4,8,8,64,2,2,0,1,0
bf_det_k8_l1_r4_c4_m4_w10g0_d32_s2_q2,det,bruteforce,8,1,4,4,4,10,0,32,2,2,0,0,0
bf_det_k8_l1_r4_c4_m4_w10g0_d64_s2_q2,det,bruteforce,8,1,4,4,4,10,0,64,2,2,0,0,0
bf_det_k8_l1_r4_c4_m4_w10g4_d32_s2_q2,det,bruteforce,8,1,4,4,4,10,4,32,2,2,0,0,0
bf_det_k8_l1_r4_c4_m4_w10g4_d64_s2_q2,det,bruteforce,8,1,4,4,4,10,4,64,2,2,0,0,0
bf_det_k8_l1_r4_c4_m4_w10g8_d32_s2_q2,det,bruteforce,8,1,4,4,4,10,8,32,2,2,0,0,0
bf_det_k8_l1_r4_c4_m4_w10g8_d64_s2_q2,det,bruteforce,8,1,4,4,4,10,8,64,2,2,0,0,0
bf_det_k8_l1_r4_c4_m4_w12g0_d32_s2_q2,det,bruteforce,8,1,4,4,4,12,0,32,2,2,0,0,0
bf_det_k8_l1_r4_c4_m4_w12g0_d64_s2_q2,det,bruteforce,8,1,4,4,4,12,0,64,2,2,0,0,0
bf_det_k8_l1_r4_c4_m4_w12g4_d32_s2_q2,det,bruteforce,8,1,4,4,4,12,4,32,2,2,0,0,0
bf_det_k8_l1_r4_c4_m4_w12g4_d64_s2_q2,det,bruteforce,8,1,4,4,4,12,4,64,2,2,0,0,0
bf_det_k8_l1_r4_c4_m4_w12g8_d32_s2_q2,det,bruteforce,8,1,4,4,4,12,8,32,2,2,0,1,0
bf_det_k8_l1_r4_c4_m4_w12g8_d64_s2_q2,det,bruteforce,8,1,4,4,4,12,8,64,2,2,0,1,0
bf_det_k8_l1_r4_c4_m4_w14g0_d32_s2_q2,det,bruteforce,8,1,4,4,4,14,0,32,2,2,0,0,0
bf_det_k8_l1_r4_c4_m4_w14g0_d64_s2_q2,det,bruteforce,8,1,4,4,4,14,0,64,2,2,0,0,0
bf_det_k8_l1_r4_c4_m4_w14g4_d32_s2_q2,det,bruteforce,8,1,4,4,4,14,4,32,2,2,0,0,0
bf_det_k8_l1_r4_c4_m4_w14g4_d64_s2_q2,det,bruteforce,8,1,4,4,4,14,4,64,2,2,0,0,0
bf_det_k8_l1_r4_c4_m4_w14g8_d32_s2_q2,det,bruteforce,8,1,4,4,4,14,8,32,2,2,0,0,0
bf_det_k8_l1_r4_c4_m4_w14g8_d64_s2_q2,det,bruteforce,8,1,4,4,4,14,8,64,2,2,0,0,0
bf_det_k8_l1_r4_c4_m4_w16g0_d32_s2_q2,det,bruteforce,8,1,4,4,4,16,0,32,2,2,0,1,0
bf_det_k8_l1_r4_c4_m4_w16g0_d64_s2_q2,det,bruteforce,8,1,4,4,4,16,0,64,2,2,0,1,0
bf_det_k8_l1_r4_c4_m4_w16g4_d32_s2_q2,det,bruteforce,8,1,4,4,4,16,4,32,2,2,0,0,0
bf_det_k8_l1_r4_c4_m4_w16g4_d64_s2_q2,det,bruteforce,8,1,4,4,4,16,4,64,2,2,0,0,0
bf_det_k8_l1_r4_c4_m4_w16g8_d32_s2_q2,det,bruteforce,8,1,4,4,4,16,8,32,2,2,0,1,0
bf_det_k8_l1_r4_c4_m4_w16g8_d64_s2_q2,det,bruteforce,8,1,4,4,4,16,8,64,2,2,0,1,0
bf_det_k8_l1_r8_c4_m3_w8g0_d32_s2_q2,det,bruteforce,8,1,8,4,3,8,0,32,2,2,0,1,0
bf_det_k8_l1_r8_c4_m3_w8g0_d64_s2_q2,det,bruteforce,8,1,8,4,3,8,0,64,2,2,0,1,0
bf_det_k8_l1_r8_c4_m3_w8g4_d32_s2_q2,det,bruteforce,8,1,8,4,3,8,4,32,2,2,0,0,0
bf_det_k8_l1_r8_c4_m3_w8g4_d64_s2_q2,det,bruteforce,8,1,8,4,3,8,4,64,2,2,0,0,0
bf_det_k8_l1_r8_c4_m3_w8g8_d32_s2_q2,det,bruteforce,8,1,8,4,3,8,8,32,2,2,0,1,0
bf_det_k8_l1_r8_c4_m3_w8g8_d64_s2_q2,det,bruteforce,8,1,8,4,3,8,8,64,2,2,0,1,0
bf_det_k8_l1_r8_c4_m3_w10g0_d32_s2_q2,det,bruteforce,8,1,8,4,3,10,0,32,2,2,0,0,0
bf_det_k8_l1_r8_c4_m3_w10g0_d64_s2_q2,det,bruteforce,8,1,8,4,3,10,0,64,2,2,0,0,0
bf_det_k8_l1_r8_c4_m3_w10g4_d32_s2_q2,det,bruteforce,8,1,8,4,3,10,4,32,2,2,0,0,0
bf_det_k8_l1_r8_c4_m3_w10g4_d64_s2_q2,det,bruteforce,8,1,8,4,3,10,4,64,2,2,0,0,0
bf_det_k8_l1_r8_c4_m3_w10g8_d32_s2_q2,det,bruteforce,8,1,8,4,3,10,8,32,2,2,0,0,0
bf_det_k8_l1_r8_c4_m3_w10g8_d64_s2_q2,det,bruteforce,8,1,8,4,3,10,8,64,2,2,0,0,0
bf_det_k8_l1_r8_c4_m3_w12g0_d32_s2_q2,det,bruteforce,8,1,8,4,3,12,0,32,2,2,0,0,0
bf_det_k8_l1_r8_c4_m3_w12g0_d64_s2_q2,det,bruteforce,8,1,8,4,3,12,0,64,2,2,0,0,0
bf_det_k8_l1_r8_c4_m3_w12g4_d32_s2_q2,det,bruteforce,8,1,8,4,3,12,4,32,2,2,0,0,0
bf_det_k8_l1_r8_c4_m3_w12g4_d64_s2_q2,det,bruteforce,8,1,8,4,3,12,4,64,2,2,0,0,0
bf_det_k8_l1_r8_c4_m3_w12g8_d32_s2_q2,det,bruteforce,8,1,8,4,3,12,8,32,2,2,0,1,0
bf_det_k8_l1_r8_c4_m3_w12g8_d64_s2_q2,det,bruteforce,8,1,8,4,3,12,8,64,2,2,0,1,0
bf_det_k8_l1_r8_c4_m3_w14g0_d32_s2_q2,det,bruteforce,8,1,8,4,3,14,0,32,2,2,0,0,0
bf_det_k8_l1_r8_c4_m3_w14g0_d64_s2_q2,det,bruteforce,8,1,8,4,3,14,0,64,2,2,0,0,0
bf_det_k8_l1_r8_c4_m3_w14g4_d32_s2_q2,det,bruteforce,8,1,8,4,3,14,4,32,2,2,0,0,0
bf_det_k8_l1_r8_c4_m3_w14g4_d64_s2_q2,det,bruteforce,8,1,8,4,3,14,4,64,2,2,0,0,0
bf_det_k8_l1_r8_c4_m3_w14g8_d32_s2_q2,det,bruteforce,8,1,8,4,3,14,8,32,2,2,0,0,0
bf_det_k8_l1_r8_c4_m3_w14g8_d64_s2_q2,det,bruteforce,8,1,8,4,3,14,8,64,2,2,0,0,0
bf_det_k8_l1_r8_c4_m3_w16g0_d32_s2_q2,det,bruteforce,8,1,8,4,3,16,0,32,2,2,0,1,0
bf_det_k8_l1_r8_c4_m3_w16g0_d64_s2_q2,det,bruteforce,8,1,8,4,3,16,0,64,2,2,0,1,0
bf_det_k8_l1_r8_c4_m3_w16g4_d32_s2_q2,det,bruteforce,8,1,8,4,3,16,4,32,2,2,0,0,0
bf_det_k8_l1_r8_c4_m3_w16g4_d64_s2_q2,det,bruteforce,8,1,8,4,3,16,4,64,2,2,0,0,0
bf_det_k8_l1_r8_c4_m3_w16g8_d32_s2_q2,det,bruteforce,8,1,8,4,3,16,8,32,2,2,0,1,0
bf_det_k8_l1_r8_c4_m3_w16g8_d64_s2_q2,det,bruteforce,8,1,8,4,3,16,8,64,2,2,0,1,0
bf_det_k8_l1_r8_c4_m4_w8g0_d32_s2_q2,det,bruteforce,8,1,8,4,4,8,0,32,2,2,0,1,0
bf_det_k8_l1_r8_c4_m4_w8g0_d64_s2_q2,det,bruteforce,8,1,8,4,4,8,0,64,2,2,0,1,0
bf_det_k8_l1_r8_c4_m4_w8g4_d32_s2_q2,det,bruteforce,8,1,8,4,4,8,4,32,2,2,0,0,0
bf_det_k8_l1_r8_c4_m4_w8g4_d64_s2_q2,det,bruteforce,8,1,8,4,4,8,4,64,2,2,0,0,0
bf_det_k8_l1_r8_c4_m4_w8g8_d32_s2_q2,det,bruteforce,8,1,8,4,4,8,8,32,2,2,0,1,0
bf_det_k8_l1_r8_c4_m4_w8g8_d64_s2_q2,det,bruteforce,8,1,8,4,4,8,8,64,2,2,0,1,0
bf_det_k8_l1_r8_c4_m4_w10g0_d32_s2_q2,det,bruteforce,8,1,8,4,4,10,0,32,2,2,0,0,0
bf_det_k8_l1_r8_c4_m4_w10g0_d64_s2_q2,det,bruteforce,8,1,8,4,4,10,0,64,2,2,0,0,0
bf_det_k8_l1_r8_c4_m4_w10g4_d32_s2_q2,det,bruteforce,8,1,8,4,4,10,4,32,2,2,0,0,0
bf_det_k8_l1_r8_c4_m4_w10g4_d64_s2_q2,det,bruteforce,8,1,8,4,4,10,4,64,2,2,0,0,0
bf_det_k8_l1_r8_c4_m4_w10g8_d32_s2_q2,det,bruteforce,8,1,8,4,4,10,8,32,2,2,0,0,0
bf_det_k8_l1_r8_c4_m4_w10g8_d64_s2_q2,det,bruteforce,8,1,8,4,4,10,8,64,2,2,0,0,0
bf_det_k8_l1_r8_c4_m4_w12g0_d32_s2_q2,det,bruteforce,8,1,8,4,4,12,0,32,2,2,0,0,0
bf_det_k8_l1_r8_c4_m4_w12g0_d64_s2_q2,det,bruteforce,8,1,8,4,4,12,0,64,2,2,0,0,0
bf_det_k8_l1_r8_c4_m4_w12g4_d32_s2_q2,det,bruteforce,8,1,8,4,4,12,4,32,2,2,0,0,0
bf_det_k8_l1_r8_c4_m4_w12g4_d64_s2_q2,det,bruteforce,8,1,8,4,4,12,4,64,2,2,0,0,0
bf_det_k8_l1_r8_c4_m4_w12g8_d32_s2_q2,det,bruteforce,8,1,8,4,4,12,8,32,2,2,0,1,0
bf_det_k8_l1_r8_c4_m4_w12g8_d64_s2_q2,det,bruteforce,8,1,8,4,4,12,8,64,2,2,0,1,0
bf_det_k8_l1_r8_c4_m4_w14g0_d32_s2_q2,det,bruteforce,8,1,8,4,4,14,0,32,2,2,0,0,0
bf_det_k8_l1_r8_c4_m4_w14g0_d64_s2_q2,det,bruteforce,8,1,8,4,4,14,0,64,2,2,0,0,0
bf_det_k8_l1_r8_c4_m4_w14g4_d32_s2_q2,det,bruteforce,8,1,8,4,4,14,4,32,2,2,0,0,0
bf_det_k8_l1_r8_c4_m4_w14g4_d64_s2_q2,det,bruteforce,8,1,8,4,4,14,4,64,2,2,0,0,0
bf_det_k8_l1_r8_c4_m4_w14g8_d32_s2_q2,det,bruteforce,8,1,8,4,4,14,8,32,2,2,0,0,0
bf_det_k8_l1_r8_c4_m4_w14g8_d64_s2_q2,det,bruteforce,8,1,8,4,4,14,8,64,2,2,0,0,0
bf_det_k8_l1_r8_c4_m4_w16g0_d32_s2_q2,det,bruteforce,8,1,8,4,4,16,0,32,2,2,0,1,0
bf_det_k8_l1_r8_c4_m4_w16g0_d64_s2_q2,det,bruteforce,8,1,8,4,4,16,0,64,2,2,0,1,0
bf_det_k8_l1_r8_c4_m4_w16g4_d32_s2_q2,det,bruteforce,8,1,8,4,4,16,4,32,2,2,0,0,0
bf_det_k8_l1_r8_c4_m4_w16g4_d64_s2_q2,det,bruteforce,8,1,8,4,4,16,4,64,2,2,0,0,0
bf_det_k8_l1_r8_c4_m4_w16g8_d32_s2_q2,det,bruteforce,8,1,8,4,4,16,8,32,2,2,0,1,0
bf_det_k8_l1_r8_c4_m4_w16g8_d64_s2_q2,det,bruteforce,8,1,8,4,4,16,8,64,2,2,0,1,0
bf_det_k8_l4_r1_c4_m3_w8g0_d32_s2_q2,det,bruteforce,8,4,1,4,3,8,0,32,2,2,0,0,0
bf_det_k8_l4_r1_c4_m3_w8g0_d64_s2_q2,det,bruteforce,8,4,1,4,3,8,0,64,2,2,0,0,0
bf_det_k8_l4_r1_c4_m3_w8g4_d32_s2_q2,det,bruteforce,8,4,1,4,3,8,4,32,2,2,0,0,0
bf_det_k8_l4_r1_c4_m3_w8g4_d64_s2_q2,det,bruteforce,8,4,1,4,3,8,4,64,2,2,0,0,0
bf_det_k8_l4_r1_c4_m3_w8g8_d32_s2_q2,det,bruteforce,8,4,1,4,3,8,8,32,2,2,0,1,0
bf_det_k8_l4_r1_c4_m3_w8g8_d64_s2_q2,det,bruteforce,8,4,1,4,3,8,8,64,2,2,0,1,0
bf_det_k8_l4_r1_c4_m3_w10g0_d32_s2_q2,det,bruteforce,8,4,1,4,3,10,0,32,2,2,0,0,0
bf_det_k8_l4_r1_c4_m3_w10g0_d64_s2_q2,det,bruteforce,8,4,1,4,3,10,0,64,2,2,0,0,0
bf_det_k8_l4_r1_c4_m3_w10g4_d32_s2_q2,det,bruteforce,8,4,1,4,3,10,4,32,2,2,0,0,0
bf_det_k8_l4_r1_c4_m3_w10g4_d64_s2_q2,det,bruteforce,8,4,1,4,3,10,4,64,2,2,0,0,0
bf_det_k8_l4_r1_c4_m3_w10g8_d32_s2_q2,det,bruteforce,8,4,1,4,3,10,8,32,2,2,0,1,0
bf_det_k8_l4_r1_c4_m3_w10g8_d64_s2_q2,det,bruteforce,8,4,1,4,3,10,8,64,2,2,0,1,0
bf_det_k8_l4_r1_c4_m3_w12g0_d32_s2_q2,det,bruteforce,8,4,1,4,3,12,0,32,2,2,0,1,0
bf_det_k8_l4_r1_c4_m3_w12g0_d64_s2_q2,det,bruteforce,8,4,1,4,3,12,0,64,2,2,0,1,0
bf_det_k8_l4_r1_c4_m3_w12g4_d32_s2_q2,det,bruteforce,8,4,1,4,3,12,4,32,2,2,0,1,0
bf_det_k8_l4_r1_c4_m3_w12g4_d64_s2_q2,det,bruteforce,8,4,1,4,3,12,4,64,2,2,0,1,0
bf_det_k8_l4_r1_c4_m3_w12g8_d32_s2_q2,det,bruteforce,8,4,1,4,3,12,8,32,2,2,0,1,0
bf_det_k8_l4_r1_c4_m3_w12g8_d64_s2_q2,det,bruteforce,8,4,1,4,3,12,8,64,2,2,0,1,0
bf_det_k8_l4_r1_c4_m3_w14g0_d32_s2_q2,det,bruteforce,8,4,1,4,3,14,0,32,2,2,0,0,0
bf_det_k8_l4_r1_c4_m3_w14g0_d64_s2_q2,det,bruteforce,8,4,1,4,3,14,0,64,2,2,0,0,0
bf_det_k8_l4_r1_c4_m3_w14g4_d32_s2_q2,det,bruteforce,8,4,1,4,3,14,4,32,2,2,0,0,0
bf_det_k8_l4_r1_c4_m3_w14g4_d64_s2_q2,det,bruteforce,8,4,1,4,3,14,4,64,2,2,0,0,0
bf_det_k8_l4_r1_c4_m3_w14g8_d32_s2_q2,det,bruteforce,8,4,1,4,3,14,8,32,2,2,0,1,0
bf_det_k8_l4_r1_c4_m3_w14g8_d64_s2_q2,det,bruteforce,8,4,1,4,3,14,8,64,2,2,0,1,0
bf_det_k8_l4_r1_c4_m3_w16g0_d32_s2_q2,det,bruteforce,8,4,1,4,3,16,0,32,2,2,0,0,0
bf_det_k8_l4_r1_c4_m3_w16g0_d64_s2_q2,det,bruteforce,8,4,1,4,3,16,0,64,2,2,0,0,0
bf_det_k8_l4_r1_c4_m3_w16g4_d32_s2_q2,det,bruteforce,8,4,1,4,3,16,4,32,2,2,0,0,0
bf_det_k8_l4_r1_c4_m3_w16g4_d64_s2_q2,det,bruteforce,8,4,1,4,3,16,4,64,2,2,0,0,0
bf_det_k8_l4_r1_c4_m3_w16g8_d32_s2_q2,det,bruteforce,8,4,1,4,3,16,8,32,2,2,0,1,0
bf_det_k8_l4_r1_c4_m3_w16g8_d64_s2_q2,det,bruteforce,8,4,1,4,3,16,8,64,2,2,0,1,0
bf_det_k8_l4_r1_c4_m4_w8g0_d32_s2_q2,det,bruteforce,8,4,1,4,4,8,0,32,2,2,0,0,1
bf_det_k8_l4_r1_c4_m4_w8g0_d64_s2_q2,det,bruteforce,8,4,1,4,4,8,0,64,2,2,0,0,1
bf_det_k8_l4_r1_c4_m4_w8g4_d32_s2_q2,det,bruteforce,8,4,1,4,4,8,4,32,2,2,0,0,1
bf_det_k8_l4_r1_c4_m4_w8g4_d64_s2_q2,det,bruteforce,8,4,1,4,4,8,4,64,2,2,0,0,1
bf_det_k8_l4_r1_c4_m4_w8g8_d32_s2_q2,det,bruteforce,8,4,1,4,4,8,8,32,2,2,0,1,1
bf_det_k8_l4_r1_c4_m4_w8g8_d64_s2_q2,det,bruteforce,8,4,1,4,4,8,8,64,2,2,0,1,1
bf_det_k8_l4_r1_c4_m4_w10g0_d32_s2_q2,det,bruteforce,8,4,1,4,4,10,0,32,2,2,0,0,0
bf_det_k8_l4_r1_c4_m4_w10g0_d64_s2_q2,det,bruteforce,8,4,1,4,4,10,0,64,2,2,0,0,0
bf_det_k8_l4_r1_c4_m4_w10g4_d32_s2_q2,det,bruteforce,8,4,1,4,4,10,4,32,2,2,0,0,0
bf_det_k8_l4_r1_c4_m4_w10g4_d64_s2_q2,det,bruteforce,8,4,1,4,4,10,4,64,2,2,0,0,0
bf_det_k8_l4_r1_c4_m4_w10g8_d32_s2_q2,det,bruteforce,8,4,1,4,4,10,8,32,2,2,0,1,0
bf_det_k8_l4_r1_c4_m4_w10g8_d64_s2_q2,det,bruteforce,8,4,1,4,4,10,8,64,2,2,0,1,0
bf_det_k8_l4_r1_c4_m4_w12g0_d32_s2_q2,det,bruteforce,8,4,1,4,4,12,0,32,2,2,0,1,0
bf_det_k8_l4_r1_c4_m4_w12g0_d64_s2_q2,det,bruteforce,8,4,1,4,4,12,0,64,2,2,0,1,0
bf_det_k8_l4_r1_c4_m4_w12g4_d32_s2_q2,det,bruteforce,8,4,1,4,4,12,4,32,2,2,0,1,0
bf_det_k8_l4_r1_c4_m4_w12g4_d64_s2_q2,det,bruteforce,8,4,1,4,4,12,4,64,2,2,0,1,0
bf_det_k8_l4_r1_c4_m4_w12g8_d32_s2_q2,det,bruteforce,8,4,1,4,4,12,8,32,2,2,0,1,0
bf_det_k8_l4_r1_c4_m4_w12g8_d64_s2_q2,det,bruteforce,8,4,1,4,4,12,8,64,2,2,0,1,0
bf_det_k8_l4_r1_c4_m4_w14g0_d32_s2_q2,det,bruteforce,8,4,1,4,4,14,0,32,2,2,0,0,0
bf_det_k8_l4_r1_c4_m4_w14g0_d64_s2_q2,det,bruteforce,8,4,1,4,4,14,0,64,2,2,0,0,0
bf_det_k8_l4_r1_c4_m4_w14g4_d32_s2_q2,det,bruteforce,8,4,1,4,4,14,4,32,2,2,0,0,0
bf_det_k8_l4_r1_c4_m4_w14g4_d64_s2_q2,det,bruteforce,8,4,1,4,4,14,4,64,2,2,0,0,0
bf_det_k8_l4_r1_c4_m4_w14g8_d32_s2_q2,det,bruteforce,8,4,1,4,4,14,8,32,2,2,0,1,0
bf_det_k8_l4_r1_c4_m4_w14g8_d64_s2_q2,det,bruteforce,8,4,1,4,4,14,8,64,2,2,0,1,0
bf_det_k8_l4_r1_c4_m4_w16g0_d32_s2_q2,det,bruteforce,8,4,1,4,4,16,0,32,2,2,0,0,1
bf_det_k8_l4_r1_c4_m4_w16g0_d64_s2_q2,det,bruteforce,8,4,1,4,4,16,0,64,2,2,0,0,1
bf_det_k8_l4_r1_c4_m4_w16g4_d32_s2_q2,det,bruteforce,8,4,1,4,4,16,4,32,2,2,0,0,1
bf_det_k8_l4_r1_c4_m4_w16g4_d64_s2_q2,det,bruteforce,8,4,1,4,4,16,4,64,2,2,0,0,1
bf_det_k8_l4_r1_c4_m4_w16g8_d32_s2_q2,det,bruteforce,8,4,1,4,4,16,8,32,2,2,0,1,1
bf_det_k8_l4_r1_c4_m4_w16g8_d64_s2_q2,det,bruteforce,8,4,1,4,4,16,8,64,2,2,0,1,1
bf_det_k8_l4_r4_c4_m3_w8g0_d32_s2_q2,det,bruteforce,8,4,4,4,3,8,0,32,2,2,0,0,0
bf_det_k8_l4_r4_c4_m3_w8g0_d64_s2_q2,det,bruteforce,8,4,4,4,3,8,0,64,2,2,0,0,0
bf_det_k8_l4_r4_c4_m3_w8g4_d32_s2_q2,det,bruteforce,8,4,4,4,3,8,4,32,2,2,0,0,0
bf_det_k8_l4_r4_c4_m3_w8g4_d64_s2_q2,det,bruteforce,8,4,4,4,3,8,4,64,2,2,0,0,0
bf_det_k8_l4_r4_c4_m3_w8g8_d32_s2_q2,det,bruteforce,8,4,4,4,3,8,8,32,2,2,0,1,0
bf_det_k8_l4_r4_c4_m3_w8g8_d64_s2_q2,det,bruteforce,8,4,4,4,3,8,8,64,2,2,0,1,0
bf_det_k8_l4_r4_c4_m3_w10g0_d32_s2_q2,det,bruteforce,8,4,4,4,3,10,0,32,2,2,0,0,0
bf_det_k8_l4_r4_c4_m3_w10g0_d64_s2_q2,det,bruteforce,8,4,4,4,3,10,0,64,2,2,0,0,0
bf_det_k8_l4_r4_c4_m3_w10g4_d32_s2_q2,det,bruteforce,8,4,4,4,3,10,4,32,2,2,0,0,0
bf_det_k8_l4_r4_c4_m3_w10g4_d64_s2_q2,det,bruteforce,8,4,4,4,3,10,4,64,2,2,0,0,0
bf_det_k8_l4_r4_c4_m3_w10g8_d32_s2_q2,det,bruteforce,8,4,4,4,3,10,8,32,2,2,0,1,0
bf_det_k8_l4_r4_c4_m3_w10g8_d64_s2_q2,det,bruteforce,8,4,4,4,3,10,8,64,2,2,0,1,0
bf_det_k8_l4_r4_c4_m3_w12g0_d32_s2_q2,det,bruteforce,8,4,4,4,3,12,0,32,2,2,0,1,0
bf_det_k8_l4_r4_c4_m3_w12g0_d64_s2_q2,det,bruteforce,8,4,4,4,3,12,0,64,2,2,0,1,0
bf_det_k8_l4_r4_c4_m3_w12g4_d32_s2_q2,det,bruteforce,8,4,4,4,3,12,4,32,2,2,0,1,0
bf_det_k8_l4_r4_c4_m3_w12g4_d64_s2_q2,det,bruteforce,8,4,4,4,3,12,4,64,2,2,0,1,0
bf_det_k8_l4_r4_c4_m3_w12g8_d32_s2_q2,det,bruteforce,8,4,4,4,3,12,8,32,2,2,0,1,0
bf_det_k8_l4_r4_c4_m3_w12g8_d64_s2_q2,det,bruteforce,8,4,4,4,3,12,8,64,2,2,0,1,0
bf_det_k8_l4_r4_c4_m3_w14g0_d32_s2_q2,det,bruteforce,8,4,4,4,3,14,0,32,2,2,0,0,0
bf_det_k8_l4_r4_c4_m3_w14g0_d64_s2_q2,det,bruteforce,8,4,4,4,3,14,0,64,2,2,0,0,0
bf_det_k8_l4_r4_c4_m3_w14g4_d32_s2_q2,det,bruteforce,8,4,4,4,3,14,4,32,2,2,0,0,0
bf_det_k8_l4_r4_c4_m3_w14g4_d64_s2_q2,det,bruteforce,8,4,4,4,3,14,4,64,2,2,0,0,0
bf_det_k8_l4_r4_c4_m3_w14g8_d32_s2_q2,det,bruteforce,8,4,4,4,3,14,8,32,2,2,0,1,0
bf_det_k8_l4_r4_c4_m3_w14g8_d64_s2_q2,det,bruteforce,8,4,4,4,3,14,8,64,2,2,0,1,0
bf_det_k8_l4_r4_c4_m3_w16g0_d32_s2_q2,det,bruteforce,8,4,4,4,3,16,0,32,2,2,0,0,0
bf_det_k8_l4_r4_c4_m3_w16g0_d64_s2_q2,det,bruteforce,8,4,4,4,3,16,0,64,2,2,0,0,0
bf_det_k8_l4_r4_c4_m3_w16g4_d32_s2_q2,det,bruteforce,8,4,4,4,3,16,4,32,2,2,0,0,0
bf_det_k8_l4_r4_c4_m3_w16g4_d64_s2_q2,det,bruteforce,8,4,4,4,3,16,4,64,2,2,0,0,0
bf_det_k8_l4_r4_c4_m3_w16g8_d32_s2_q2,det,bruteforce,8,4,4,4,3,16,8,32,2,2,0,1,0
bf_det_k8_l4_r4_c4_m3_w16g8_d64_s2_q2,det,bruteforce,8,4,4,4,3,16,8,64,2,2,0,1,0
bf_det_k8_l4_r4_c4_m4_w8g0_d32_s2_q2,det,bruteforce,8,4,4,4,4,8,0,32,2,2,0,0,0
bf_det_k8_l4_r4_c4_m4_w8g0_d64_s2_q2,det,bruteforce,8,4,4,4,4,8,0,64,2,2,0,0,0
bf_det_k8_l4_r4_c4_m4_w8g4_d32_s2_q2,det,bruteforce,8,4,4,4,4,8,4,32,2,2,0,0,0
bf_det_k8_l4_r4_c4_m4_w8g4_d64_s2_q2,det,bruteforce,8,4,4,4,4,8,4,64,2,2,0,0,0
bf_det_k8_l4_r4_c4_m4_w8g8_d32_s2_q2,det,bruteforce,8,4,4,4,4,8,8,32,2,2,0,1,0
bf_det_k8_l4_r4_c4_m4_w8g8_d64_s2_q2,det,bruteforce,8,4,4,4,4,8,8,64,2,2,0,1,0
bf_det_k8_l4_r4_c4_m4_w10g0_d32_s2_q2,det,bruteforce,8,4,4,4,4,10,0,32,2,2,0,0,0
bf_det_k8_l4_r4_c4_m4_w10g0_d64_s2_q2,det,bruteforce,8,4,4,4,4,10,0,64,2,2,0,0,0
bf_det_k8_l4_r4_c4_m4_w10g4_d32_s2_q2,det,bruteforce,8,4,4,4,4,10,4,32,2,2,0,0,0
bf_det_k8_l4_r4_c4_m4_w10g4_d64_s2_q2,det,bruteforce,8,4,4,4,4,10,4,64,2,2,0,0,0
bf_det_k8_l4_r4_c4_m4_w10g8_d32_s2_q2,det,bruteforce,8,4,4,4,4,10,8,32,2,2,0,1,0
bf_det_k8_l4_r4_c4_m4_w10g8_d64_s2_q2,det,bruteforce,8,4,4,4,4,10,8,64,2,2,0,1,0
bf_det_k8_l4_r4_c4_m4_w12g0_d32_s2_q2,det,bruteforce,8,4,4,4,4,12,0,32,2,2,0,1,1
bf_det_k8_l4_r4_c4_m4_w12g0_d64_s2_q2,det,bruteforce,8,4,4,4,4,12,0,64,2,2,0,1,1
bf_det_k8_l4_r4_c4_m4_w12g4_d32_s2_q2,det,bruteforce,8,4,4,4,4,12,4,32,2,2,0,1,1
bf_det_k8_l4_r4_c4_m4_w12g4_d64_s2_q2,det,bruteforce,8,4,4,4,4,12,4,64,2,2,0,1,1
bf_det_k8_l4_r4_c4_m4_w12g8_d32_s2_q2,det,bruteforce,8,4,4,4,4,12,8,32,2,2,0,1,1
bf_det_k8_l4_r4_c4_m4_w12g8_d64_s2_q2,det,bruteforce,8,4,4,4,4,12,8,64,2,2,0,1,1
bf_det_k8_l4_r4_c4_m4_w14g0_d32_s2_q2,det,bruteforce,8,4,4,4,4,14,0,32,2,2,0,0,0
bf_det_k8_l4_r4_c4_m4_w14g0_d64_s2_q2,det,bruteforce,8,4,4,4,4,14,0,64,2,2,0,0,0
bf_det_k8_l4_r4_c4_m4_w14g4_d32_s2_q2,det,bruteforce,8,4,4,4,4,14,4,32,2,2,0,0,0
bf_det_k8_l4_r4_c4_m4_w14g4_d64_s2_q2,det,bruteforce,8,4,4,4,4,14,4,64,2,2,0,0,0
bf_det_k8_l4_r4_c4_m4_w14g8_d32_s2_q2,det,bruteforce,8,4,4,4,4,14,8,32,2,2,0,1,0
bf_det_k8_l4_r4_c4_m4_w14g8_d64_s2_q2,det,bruteforce,8,4,4,4,4,14,8,64,2,2,0,1,0
bf_det_k8_l4_r4_c4_m4_w16g0_d32_s2_q2,det,bruteforce,8,4,4,4,4,16,0,32,2,2,0,0,0
bf_det_k8_l4_r4_c4_m4_w16g0_d64_s2_q2,det,bruteforce,8,4,4,4,4,16,0,64,2,2,0,0,0
bf_det_k8_l4_r4_c4_m4_w16g4_d32_s2_q2,det,bruteforce,8,4,4,4,4,16,4,32,2,2,0,0,0
bf_det_k8_l4_r4_c4_m4_w16g4_d64_s2_q2,det,bruteforce,8,4,4,4,4,16,4,64,2,2,0,0,0
bf_det_k8_l4_r4_c4_m4_w16g8_d32_s2_q2,det,bruteforce,8,4,4,4,4,16,8,32,2,2,0,1,0
bf_det_k8_l4_r4_c4_m4_w16g8_d64_s2_q2,det,bruteforce,8,4,4,4,4,16,8,64,2,2,0,1,0
bf_det_k8_l4_r8_c4_m3_w8g0_d32_s2_q2,det,bruteforce,8,4,8,4,3,8,0,32,2,2,0,0,0
bf_det_k8_l4_r8_c4_m3_w8g0_d64_s2_q2,det,bruteforce,8,4,8,4,3,8,0,64,2,2,0,0,0
bf_det_k8_l4_r8_c4_m3_w8g4_d32_s2_q2,det,bruteforce,8,4,8,4,3,8,4,32,2,2,0,0,0
bf_det_k8_l4_r8_c4_m3_w8g4_d64_s2_q2,det,bruteforce,8,4,8,4,3,8,4,64,2,2,0,0,0
bf_det_k8_l4_r8_c4_m3_w8g8_d32_s2_q2,det,bruteforce,8,4,8,4,3,8,8,32,2,2,0,1,0
bf_det_k8_l4_r8_c4_m3_w8g8_d64_s2_q2,det,bruteforce,8,4,8,4,3,8,8,64,2,2,0,1,0
bf_det_k8_l4_r8_c4_m3_w10g0_d32_s2_q2,det,bruteforce,8,4,8,4,3,10,0,32,2,2,0,0,0
bf_det_k8_l4_r8_c4_m3_w10g0_d64_s2_q2,det,bruteforce,8,4,8,4,3,10,0,64,2,2,0,0,0
bf_det_k8_l4_r8_c4_m3_w10g4_d32_s2_q2,det,bruteforce,8,4,8,4,3,10,4,32,2,2,0,0,0
bf_det_k8_l4_r8_c4_m3_w10g4_d64_s2_q2,det,bruteforce,8,4,8,4,3,10,4,64,2,2,0,0,0
bf_det_k8_l4_r8_c4_m3_w10g8_d32_s2_q2,det,bruteforce,8,4,8,4,3,10,8,32,2,2,0,1,0
bf_det_k8_l4_r8_c4_m3_w10g8_d64_s2_q2,det,bruteforce,8,4,8,4,3,10,8,64,2,2,0,1,0
bf_det_k8_l4_r8_c4_m3_w12g0_d32_s2_q2,det,bruteforce,8,4,8,4,3,12,0,32,2,2,0,1,0
bf_det_k8_l4_r8_c4_m3_w12g0_d64_s2_q2,det,bruteforce,8,4,8,4,3,12,0,64,2,2,0,1,0
bf_det_k8_l4_r8_c4_m3_w12g4_d32_s2_q2,det,bruteforce,8,4,8,4,3,12,4,32,2,2,0,1,0
bf_det_k8_l4_r8_c4_m3_w12g4_d64_s2_q2,det,bruteforce,8,4,8,4,3,12,4,64,2,2,0,1,0
bf_det_k8_l4_r8_c4_m3_w12g8_d32_s2_q2,det,bruteforce,8,4,8,4,3,12,8,32,2,2,0,1,0
bf_det_k8_l4_r8_c4_m3_w12g8_d64_s2_q2,det,bruteforce,8,4,8,4,3,12,8,64,2,2,0,1,0
bf_det_k8_l4_r8_c4_m3_w14g0_d32_s2_q2,det,bruteforce,8,4,8,4,3,14,0,32,2,2,0,0,0
bf_det_k8_l4_r8_c4_m3_w14g0_d64_s2_q2,det,bruteforce,8,4,8,4,3,14,0,64,2,2,0,0,0
bf_det_k8_l4_r8_c4_m3_w14g4_d32_s2_q2,det,bruteforce,8,4,8,4,3,14,4,32,2,2,0,0,0
bf_det_k8_l4_r8_c4_m3_w14g4_d64_s2_q2,det,bruteforce,8,4,8,4,3,14,4,64,2,2,0,0,0
bf_det_k8_l4_r8_c4_m3_w14g8_d32_s2_q2,det,bruteforce,8,4,8,4,3,14,8,32,2,2,0,1,0
bf_det_k8_l4_r8_c4_m3_w14g8_d64_s2_q2,det,bruteforce,8,4,8,4,3,14,8,64,2,2,0,1,0
bf_det_k8_l4_r8_c4_m3_w16g0_d32_s2_q2,det,bruteforce,8,4,8,4,3,16,0,32,2,2,0,0,0
bf_det_k8_l4_r8_c4_m3_w16g0_d64_s2_q2,det,bruteforce,8,4,8,4,3,16,0,64,2,2,0,0,0
bf_det_k8_l4_r8_c4_m3_w16g4_d32_s2_q2,det,bruteforce,8,4,8,4,3,16,4,32,2,2,0,0,0
bf_det_k8_l4_r8_c4_m3_w16g4_d64_s2_q2,det,bruteforce,8,4,8,4,3,16,4,64,2,2,0,0,0
bf_det_k8_l4_r8_c4_m3_w16g8_d32_s2_q2,det,bruteforce,8,4,8,4,3,16,8,32,2,2,0,1,0
bf_det_k8_l4_r8_c4_m3_w16g8_d64_s2_q2,det,bruteforce,8,4,8,4,3,16,8,64,2,2,0,1,0
bf_det_k8_l4_r8_c4_m4_w8g0_d32_s2_q2,det,bruteforce,8,4,8,4,4,8,0,32,2,2,0,0,0
bf_det_k8_l4_r8_c4_m4_w8g0_d64_s2_q2,det,bruteforce,8,4,8,4,4,8,0,64,2,2,0,0,0
bf_det_k8_l4_r8_c4_m4_w8g4_d32_s2_q2,det,bruteforce,8,4,8,4,4,8,4,32,2,2,0,0,0
bf_det_k8_l4_r8_c4_m4_w8g4_d64_s2_q2,det,bruteforce,8,4,8,4,4,8,4,64,2,2,0,0,0
bf_det_k8_l4_r8_c4_m4_w8g8_d32_s2_q2,det,bruteforce,8,4,8,4,4,8,8,32,2,2,0,1,0
bf_det_k8_l4_r8_c4_m4_w8g8_d64_s2_q2,det,bruteforce,8,4,8,4,4,8,8,64,2,2,0,1,0
bf_det_k8_l4_r8_c4_m4_w10g0_d32_s2_q2,det,bruteforce,8,4,8,4,4,10,0,32,2,2,0,0,0
bf_det_k8_l4_r8_c4_m4_w10g0_d64_s2_q2,det,bruteforce,8,4,8,4,4,10,0,64,2,2,0,0,0
bf_det_k8_l4_r8_c4_m4_w10g4_d32_s2_q2,det,bruteforce,8,4,8,4,4,10,4,32,2,2,0,0,0
bf_det_k8_l4_r8_c4_m4_w10g4_d64_s2_q2,det,bruteforce,8,4,8,4,4,10,4,64,2,2,0,0,0
bf_det_k8_l4_r8_c4_m4_w10g8_d32_s2_q2,det,bruteforce,8,4,8,4,4,10,8,32,2,2,0,1,0
bf_det_k8_l4_r8_c4_m4_w10g8_d64_s2_q2,det,bruteforce,8,4,8,4,4,10,8,64,2,2,0,1,0
bf_det_k8_l4_r8_c4_m4_w12g0_d32_s2_q2,det,bruteforce,8,4,8,4,4,12,0,32,2,2,0,1,1
bf_det_k8_l4_r8_c4_m4_w12g0_d64_s2_q2,det,bruteforce,8,4,8,4,4,12,0,64,2,2,0,1,1
bf_det_k8_l4_r8_c4_m4_w12g4_d32_s2_q2,det,bruteforce,8,4,8,4,4,12,4,32,2,2,0,1,1
bf_det_k8_l4_r8_c4_m4_w12g4_d64_s2_q2,det,bruteforce,8,4,8,4,4,12,4,64,2,2,0,1,1
bf_det_k8_l4_r8_c4_m4_w12g8_d32_s2_q2,det,bruteforce,8,4,8,4,4,12,8,32,2,2,0,1,1
bf_det_k8_l4_r8_c4_m4_w12g8_d64_s2_q2,det,bruteforce,8,4,8,4,4,12,8,64,2,2,1,1,1
bf_det_k8_l4_r8_c4_m4_w14g0_d32_s2_q2,det,bruteforce,8,4,8,4,4,14,0,32,2,2,0,0,0
bf_det_k8_l4_r8_c4_m4_w14g0_d64_s2_q2,det,bruteforce,8,4,8,4,4,14,0,64,2,2,0,0,0
bf_det_k8_l4_r8_c4_m4_w14g4_d32_s2_q2,det,bruteforce,8,4,8,4,4,14,4,32,2,2,0,0,0
bf_det_k8_l4_r8_c4_m4_w14g4_d64_s2_q2,det,bruteforce,8,4,8,4,4,14,4,64,2,2,0,0,0
bf_det_k8_l4_r8_c4_m4_w14g8_d32_s2_q2,det,bruteforce,8,4,8,4,4,14,8,32,2,2,0,1,0
bf_det_k8_l4_r8_c4_m4_w14g8_d64_s2_q2,det,bruteforce,8,4,8,4,4,14,8,64,2,2,0,1,0
bf_det_k8_l4_r8_c4_m4_w16g0_d32_s2_q2,det,bruteforce,8,4,8,4,4,16,0,32,2,2,0,0,0
bf_det_k8_l4_r8_c4_m4_w16g0_d64_s2_q2,det,bruteforce,8,4,8,4,4,16,0,64,2,2,0,0,0
bf_det_k8_l4_r8_c4_m4_w16g4_d32_s2_q2,det,bruteforce,8,4,8,4,4,16,4,32,2,2,0,0,0
bf_det_k8_l4_r8_c4_m4_w16g4_d64_s2_q2,det,bruteforce,8,4,8,4,4,16,4,64,2,2,0,0,0
bf_det_k8_l4_r8_c4_m4_w16g8_d32_s2_q2,det,bruteforce,8,4,8,4,4,16,8,32,2,2,0,1,0
bf_det_k8_l4_r8_c4_m4_w16g8_d64_s2_q2,det,bruteforce,8,4,8,4,4,16,8,64,2,2,0,1,0
bf_det_k8_l16_r1_c16_m3_w8g0_d32_s2_q2,det,bruteforce,8,16,1,16,3,8,0,32,2,2,0,1,0
bf_det_k8_l16_r1_c16_m3_w8g0_d64_s2_q2,det,bruteforce,8,16,1,16,3,8,0,64,2,2,0,1,0
bf_det_k8_l16_r1_c16_m3_w8g4_d32_s2_q2,det,bruteforce,8,16,1,16,3,8,4,32,2,2,0,0,0
bf_det_k8_l16_r1_c16_m3_w8g4_d64_s2_q2,det,bruteforce,8,16,1,16,3,8,4,64,2,2,0,0,0
bf_det_k8_l16_r1_c16_m3_w8g8_d32_s2_q2,det,bruteforce,8,16,1,16,3,8,8,32,2,2,0,1,0
bf_det_k8_l16_r1_c16_m3_w8g8_d64_s2_q2,det,bruteforce,8,16,1,16,3,8,8,64,2,2,0,1,0
bf_det_k8_l16_r1_c16_m3_w10g0_d32_s2_q2,det,bruteforce,8,16,1,16,3,10,0,32,2,2,0,0,0
bf_det_k8_l16_r1_c16_m3_w10g0_d64_s2_q2,det,bruteforce,8,16,1,16,3,10,0,64,2,2,0,0,0
bf_det_k8_l16_r1_c16_m3_w10g4_d32_s2_q2,det,bruteforce,8,16,1,16,3,10,4,32,2,2,0,0,0
bf_det_k8_l16_r1_c16_m3_w10g4_d64_s2_q2,det,bruteforce,8,16,1,16,3,10,4,64,2,2,0,0,0
bf_det_k8_l16_r1_c16_m3_w10g8_d32_s2_q2,det,bruteforce,8,16,1,16,3,10,8,32,2,2,0,0,0
bf_det_k8_l16_r1_c16_m3_w10g8_d64_s2_q2,det,bruteforce,8,16,1,16,3,10,8,64,2,2,0,0,0
bf_det_k8_l16_r1_c16_m3_w12g0_d32_s2_q2,det,bruteforce,8,16,1,16,3,12,0,32,2,2,0,0,0
bf_det_k8_l16_r1_c16_m3_w12g0_d64_s2_q2,det,bruteforce,8,16,1,16,3,12,0,64,2,2,0,0,0
bf_det_k8_l16_r1_c16_m3_w12g4_d32_s2_q2,det,bruteforce,8,16,1,16,3,12,4,32,2,2,0,0,0
bf_det_k8_l16_r1_c16_m3_w12g4_d64_s2_q2,det,bruteforce,8,16,1,16,3,12,4,64,2,2,0,0,0
bf_det_k8_l16_r1_c16_m3_w12g8_d32_s2_q2,det,bruteforce,8,16,1,16,3,12,8,32,2,2,0,1,0
bf_det_k8_l16_r1_c16_m3_w12g8_d64_s2_q2,det,bruteforce,8,16,1,16,3,12,8,64,2,2,0,1,0
bf_det_k8_l16_r1_c16_m3_w14g0_d32_s2_q2,det,bruteforce,8,16,1,16,3,14,0,32,2,2,0,0,0
bf_det_k8_l16_r1_c16_m3_w14g0_d64_s2_q2,det,bruteforce,8,16,1,16,3,14,0,64,2,2,0,0,0
bf_det_k8_l16_r1_c16_m3_w14g4_d32_s2_q2,det,bruteforce,8,16,1,16,3,14,4,32,2,2,0,0,0
bf_det_k8_l16_r1_c16_m3_w14g4_d64_s2_q2,det,bruteforce,8,16,1,16,3,14,4,64,2,2,0,0,0
bf_det_k8_l16_r1_c16_m3_w14g8_d32_s2_q2,det,bruteforce,8,16,1,16,3,14,8,32,2,2,0,0,0
bf_det_k8_l16_r1_c16_m3_w14g8_d64_s2_q2,det,bruteforce,8,16,1,16,3,14,8,64,2,2,0,0,0
bf_det_k8_l16_r1_c16_m3_w16g0_d32_s2_q2,det,bruteforce,8,16,1,16,3,16,0,32,2,2,0,1,0
bf_det_k8_l16_r1_c16_m3_w16g0_d64_s2_q2,det,bruteforce,8,16,1,16,3,16,0,64,2,2,0,1,0
bf_det_k8_l16_r1_c16_m3_w16g4_d32_s2_q2,det,bruteforce,8,16,1,16,3,16,4,32,2,2,0,0,0
bf_det_k8_l16_r1_c16_m3_w16g4_d64_s2_q2,det,bruteforce,8,16,1,16,3,16,4,64,2,2,0,0,0
bf_det_k8_l16_r1_c16_m3_w16g8_d32_s2_q2,det,bruteforce,8,16,1,16,3,16,8,32,2,2,0,1,0
bf_det_k8_l16_r1_c16_m3_w16g8_d64_s2_q2,det,bruteforce,8,16,1,16,3,16,8,64,2,2,0,1,0
bf_det_k8_l16_r1_c16_m4_w8g0_d32_s2_q2,det,bruteforce,8,16,1,16,4,8,0,32,2,2,0,1,1
bf_det_k8_l16_r1_c16_m4_w8g0_d64_s2_q2,det,bruteforce,8,16,1,16,4,8,0,64,2,2,0,1,1
bf_det_k8_l16_r1_c16_m4_w8g4_d32_s2_q2,det,bruteforce,8,16,1,16,4,8,4,32,2,2,0,0,1
bf_det_k8_l16_r1_c16_m4_w8g4_d64_s2_q2,det,bruteforce,8,16,1,16,4,8,4,64,2,2,0,0,1
bf_det_k8_l16_r1_c16_m4_w8g8_d32_s2_q2,det,bruteforce,8,16,1,16,4,8,8,32,2,2,0,1,1
bf_det_k8_l16_r1_c16_m4_w8g8_d64_s2_q2,det,bruteforce,8,16,1,16,4,8,8,64,2,2,0,1,1
bf_det_k8_l16_r1_c16_m4_w10g0_d32_s2_q2,det,bruteforce,8,16,1,16,4,10,0,32,2,2,0,0,0
bf_det_k8_l16_r1_c16_m4_w10g0_d64_s2_q2,det,bruteforce,8,16,1,16,4,10,0,64,2,2,0,0,0
bf_det_k8_l16_r1_c16_m4_w10g4_d32_s2_q2,det,bruteforce,8,16,1,16,4,10,4,32,2,2,0,0,0
bf_det_k8_l16_r1_c16_m4_w10g4_d64_s2_q2,det,bruteforce,8,16,1,16,4,10,4,64,2,2,0,0,0
bf_det_k8_l16_r1_c16_m4_w10g8_d32_s2_q2,det,bruteforce,8,16,1,16,4,10,8,32,2,2,0,0,0
bf_det_k8_l16_r1_c16_m4_w10g8_d64_s2_q2,det,bruteforce,8,16,1,16,4,10,8,64,2,2,0,0,0
bf_det_k8_l16_r1_c16_m4_w12g0_d32_s2_q2,det,bruteforce,8,16,1,16,4,12,0,32,2,2,0,0,0
bf_det_k8_l16_r1_c16_m4_w12g0_d64_s2_q2,det,bruteforce,8,16,1,16,4,12,0,64,2,2,0,0,0
bf_det_k8_l16_r1_c16_m4_w12g4_d32_s2_q2,det,bruteforce,8,16,1,16,4,12,4,32,2,2,0,0,0
bf_det_k8_l16_r1_c16_m4_w12g4_d64_s2_q2,det,bruteforce,8,16,1,16,4,12,4,64,2,2,0,0,0
bf_det_k8_l16_r1_c16_m4_w12g8_d32_s2_q2,det,bruteforce,8,16,1,16,4,12,8,32,2,2,0,1,0
bf_det_k8_l16_r1_c16_m4_w12g8_d64_s2_q2,det,bruteforce,8,16,1,16,4,12,8,64,2,2,0,1,0
bf_det_k8_l16_r1_c16_m4_w14g0_d32_s2_q2,det,bruteforce,8,16,1,16,4,14,0,32,2,2,0,0,0
bf_det_k8_l16_r1_c16_m4_w14g0_d64_s2_q2,det,bruteforce,8,16,1,16,4,14,0,64,2,2,0,0,0
bf_det_k8_l16_r1_c16_m4_w14g4_d32_s2_q2,det,bruteforce,8,16,1,16,4,14,4,32,2,2,0,0,0
bf_det_k8_l16_r1_c16_m4_w14g4_d64_s2_q2,det,bruteforce,8,16,1,16,4,14,4,64,2,2,0,0,0
bf_det_k8_l16_r1_c16_m4_w14g8_d32_s2_q2,det,bruteforce,8,16,1,16,4,14,8,32,2,2,0,0,0
bf_det_k8_l16_r1_c16_m4_w14g8_d64_s2_q2,det,bruteforce,8,16,1,16,4,14,8,64,2,2,0,0,0
bf_det_k8_l16_r1_c16_m4_w16g0_d32_s2_q2,det,bruteforce,8,16,1,16,4,16,0,32,2,2,0,1,1
bf_det_k8_l16_r1_c16_m4_w16g0_d64_s2_q2,det,bruteforce,8,16,1,16,4,16,0,64,2,2,0,1,1
bf_det_k8_l16_r1_c16_m4_w16g4_d32_s2_q2,det,bruteforce,8,16,1,16,4,16,4,32,2,2,0,0,1
bf_det_k8_l16_r1_c16_m4_w16g4_d64_s2_q2,det,bruteforce,8,16,1,16,4,16,4,64,2,2,0,0,1
bf_det_k8_l16_r1_c16_m4_w16g8_d32_s2_q2,det,bruteforce,8,16,1,16,4,16,8,32,2,2,0,1,1
bf_det_k8_l16_r1_c16_m4_w16g8_d64_s2_q2,det,bruteforce,8,16,1,16,4,16,8,64,2,2,0,1,1
bf_det_k8_l16_r4_c16_m3_w8g0_d32_s2_q2,det,bruteforce,8,16,4,16,3,8,0,32,2,2,0,1,0
bf_det_k8_l16_r4_c16_m3_w8g0_d64_s2_q2,det,bruteforce,8,16,4,16,3,8,0,64,2,2,0,1,0
bf_det_k8_l16_r4_c16_m3_w8g4_d32_s2_q2,det,bruteforce,8,16,4,16,3,8,4,32,2,2,0,0,0
bf_det_k8_l16_r4_c16_m3_w8g4_d64_s2_q2,det,bruteforce,8,16,4,16,3,8,4,64,2,2,0,0,0
bf_det_k8_l16_r4_c16_m3_w8g8_d32_s2_q2,det,bruteforce,8,16,4,16,3,8,8,32,2,2,0,1,0
bf_det_k8_l16_r4_c16_m3_w8g8_d64_s2_q2,det,bruteforce,8,16,4,16,3,8,8,64,2,2,0,1,0
bf_det_k8_l16_r4_c16_m3_w10g0_d32_s2_q2,det,bruteforce,8,16,4,16,3,10,0,32,2,2,0,0,0
bf_det_k8_l16_r4_c16_m3_w10g0_d64_s2_q2,det,bruteforce,8,16,4,16,3,10,0,64,2,2,0,0,0
bf_det_k8_l16_r4_c16_m3_w10g4_d32_s2_q2,det,bruteforce,8,16,4,16,3,10,4,32,2,2,0,0,0
bf_det_k8_l16_r4_c16_m3_w10g4_d64_s2_q2,det,bruteforce,8,16,4,16,3,10,4,64,2,2,0,0,0
bf_det_k8_l16_r4_c16_m3_w10g8_d32_s2_q2,det,bruteforce,8,16,4,16,3,10,8,32,2,2,0,0,0
bf_det_k8_l16_r4_c16_m3_w10g8_d64_s2_q2,det,bruteforce,8,16,4,16,3,10,8,64,2,2,0,0,0
bf_det_k8_l16_r4_c16_m3_w12g0_d32_s2_q2,det,bruteforce,8,16,4,16,3,12,0,32,2,2,0,0,0
bf_det_k8_l16_r4_c16_m3_w12g0_d64_s2_q2,det,bruteforce,8,16,4,16,3,12,0,64,2,2,0,0,0
bf_det_k8_l16_r4_c16_m3_w12g4_d32_s2_q2,det,bruteforce,8,16,4,16,3,12,4,32,2,2,0,0,0
bf_det_k8_l16_r4_c16_m3_w12g4_d64_s2_q2,det,bruteforce,8,16,4,16,3,12,4,64,2,2,0,0,0
bf_det_k8_l16_r4_c16_m3_w12g8_d32_s2_q2,det,bruteforce,8,16,4,16,3,12,8,32,2,2,0,1,0
bf_det_k8_l16_r4_c16_m3_w12g8_d64_s2_q2,det,bruteforce,8,16,4,16,3,12,8,64,2,2,0,1,0
bf_det_k8_l16_r4_c16_m3_w14g0_d32_s2_q2,det,bruteforce,8,16,4,16,3,14,0,32,2,2,0,0,0
bf_det_k8_l16_r4_c16_m3_w14g0_d64_s2_q2,det,bruteforce,8,16,4,16,3,14,0,64,2,2,0,0,0
bf_det_k8_l16_r4_c16_m3_w14g4_d32_s2_q2,det,bruteforce,8,16,4,16,3,14,4,32,2,2,0,0,0
bf_det_k8_l16_r4_c16_m3_w14g4_d64_s2_q2,det,bruteforce,8,16,4,16,3,14,4,64,2,2,0,0,0
bf_det_k8_l16_r4_c16_m3_w14g8_d32_s2_q2,det,bruteforce,8,16,4,16,3,14,8,32,2,2,0,0,0
bf_det_k8_l16_r4_c16_m3_w14g8_d64_s2_q2,det,bruteforce,8,16,4,16,3,14,8,64,2,2,0,0,0
bf_det_k8_l16_r4_c16_m3_w16g0_d32_s2_q2,det,bruteforce,8,16,4,16,3,16,0,32,2,2,0,1,0
bf_det_k8_l16_r4_c16_m3_w16g0_d64_s2_q2,det,bruteforce,8,16,4,16,3,16,0,64,2,2,0,1,0
bf_det_k8_l16_r4_c16_m3_w16g4_d32_s2_q2,det,bruteforce,8,16,4,16,3,16,4,32,2,2,0,0,0
bf_det_k8_l16_r4_c16_m3_w16g4_d64_s2_q2,det,bruteforce,8,16,4,16,3,16,4,64,2,2,0,0,0
bf_det_k8_l16_r4_c16_m3_w16g8_d32_s2_q2,det,bruteforce,8,16,4,16,3,16,8,32,2,2,0,1,0
bf_det_k8_l16_r4_c16_m3_w16g8_d64_s2_q2,det,bruteforce,8,16,4,16,3,16,8,64,2,2,0,1,0
bf_det_k8_l16_r4_c16_m4_w8g0_d32_s2_q2,det,bruteforce,8,16,4,16,4,8,0,32,2,2,0,1,0
bf_det_k8_l16_r4_c16_m4_w8g0_d64_s2_q2,det,bruteforce,8,16,4,16,4,8,0,64,2,2,0,1,0
bf_det_k8_l16_r4_c16_m4_w8g4_d32_s2_q2,det,bruteforce,8,16,4,16,4,8,4,32,2,2,0,0,0
bf_det_k8_l16_r4_c16_m4_w8g4_d64_s2_q2,det,bruteforce,8,16,4,16,4,8,4,64,2,2,0,0,0
bf_det_k8_l16_r4_c16_m4_w8g8_d32_s2_q2,det,bruteforce,8,16,4,16,4,8,8,32,2,2,0,1,0
bf_det_k8_l16_r4_c16_m4_w8g8_d64_s2_q2,det,bruteforce,8,16,4,16,4,8,8,64,2,2,0,1,0
bf_det_k8_l16_r4_c16_m4_w10g0_d32_s2_q2,det,bruteforce,8,16,4,16,4,10,0,32,2,2,0,0,0
bf_det_k8_l16_r4_c16_m4_w10g0_d64_s2_q2,det,bruteforce,8,16,4,16,4,10,0,64,2,2,0,0,0
bf_det_k8_l16_r4_c16_m4_w10g4_d32_s2_q2,det,bruteforce,8,16,4,16,4,10,4,32,2,2,0,0,0
bf_det_k8_l16_r4_c16_m4_w10g4_d64_s2_q2,det,bruteforce,8,16,4,16,4,10,4,64,2,2,0,0,0
bf_det_k8_l16_r4_c16_m4_w10g8_d32_s2_q2,det,bruteforce,8,16,4,16,4,10,8,32,2,2,0,0,0
bf_det_k8_l16_r4_c16_m4_w10g8_d64_s2_q2,det,bruteforce,8,16,4,16,4,10,8,64,2,2,0,0,0
bf_det_k8_l16_r4_c16_m4_w12g0_d32_s2_q2,det,bruteforce,8,16,4,16,4,12,0,32,2,2,0,0,1
bf_det_k8_l16_r4_c16_m4_w12g0_d64_s2_q2,det,bruteforce,8,16,4,16,4,12,0,64,2,2,0,0,1
bf_det_k8_l16_r4_c16_m4_w12g4_d32_s2_q2,det,bruteforce,8,16,4,16,4,12,4,32,2,2,0,0,1
bf_det_k8_l16_r4_c16_m4_w12g4_d64_s2_q2,det,bruteforce,8,16,4,16,4,12,4,64,2,2,0,0,1
bf_det_k8_l16_r4_c16_m4_w12g8_d32_s2_q2,det,bruteforce,8,16,4,16,4,12,8,32,2,2,0,1,1
bf_det_k8_l16_r4_c16_m4_w12g8_d64_s2_q2,det,bruteforce,8,16,4,16,4,12,8,64,2,2,0,1,1
bf_det_k8_l16_r4_c16_m4_w14g0_d32_s2_q2,det,bruteforce,8,16,4,16,4,14,0,32,2,2,0,0,0
bf_det_k8_l16_r4_c16_m4_w14g0_d64_s2_q2,det,bruteforce,8,16,4,16,4,14,0,64,2,2,0,0,0
bf_det_k8_l16_r4_c16_m4_w14g4_d32_s2_q2,det,bruteforce,8,16,4,16,4,14,4,32,2,2,0,0,0
bf_det_k8_l16_r4_c16_m4_w14g4_d64_s2_q2,det,bruteforce,8,16,4,16,4,14,4,64,2,2,0,0,0
bf_det_k8_l16_r4_c16_m4_w14g8_d32_s2_q2,det,bruteforce,8,16,4,16,4,14,8,32,2,2,0,0,0
bf_det_k8_l16_r4_c16_m4_w14g8_d64_s2_q2,det,bruteforce,8,16,4,16,4,14,8,64,2,2,0,0,0
bf_det_k8_l16_r4_c16_m4_w16g0_d32_s2_q2,det,bruteforce,8,16,4,16,4,16,0,32,2,2,0,1,0
bf_det_k8_l16_r4_c16_m4_w16g0_d64_s2_q2,det,bruteforce,8,16,4,16,4,16,0,64,2,2,0,1,0
bf_det_k8_l16_r4_c16_m4_w16g4_d32_s2_q2,det,bruteforce,8,16,4,16,4,16,4,32,2,2,0,0,0
bf_det_k8_l16_r4_c16_m4_w16g4_d64_s2_q2,det,bruteforce,8,16,4,16,4,16,4,64,2,2,0,0,0
bf_det_k8_l16_r4_c16_m4_w16g8_d32_s2_q2,det,bruteforce,8,16,4,16,4,16,8,32,2,2,0,1,0
bf_det_k8_l16_r4_c16_m4_w16g8_d64_s2_q2,det,bruteforce,8,16,4,16,4,16,8,64,2,2,0,1,0
bf_det_k8_l16_r8_c16_m3_w8g0_d32_s2_q2,det,bruteforce,8,16,8,16,3,8,0,32,2,2,0,1,0
bf_det_k8_l16_r8_c16_m3_w8g0_d64_s2_q2,det,bruteforce,8,16,8,16,3,8,0,64,2,2,0,1,0
bf_det_k8_l16_r8_c16_m3_w8g4_d32_s2_q2,det,bruteforce,8,16,8,16,3,8,4,32,2,2,0,0,0
bf_det_k8_l16_r8_c16_m3_w8g4_d64_s2_q2,det,bruteforce,8,16,8,16,3,8,4,64,2,2,0,0,0
bf_det_k8_l16_r8_c16_m3_w8g8_d32_s2_q2,det,bruteforce,8,16,8,16,3,8,8,32,2,2,0,1,0
bf_det_k8_l16_r8_c16_m3_w8g8_d64_s2_q2,det,bruteforce,8,16,8,16,3,8,8,64,2,2,0,1,0
bf_det_k8_l16_r8_c16_m3_w10g0_d32_s2_q2,det,bruteforce,8,16,8,16,3,10,0,32,2,2,0,0,0
bf_det_k8_l16_r8_c16_m3_w10g0_d64_s2_q2,det,bruteforce,8,16,8,16,3,10,0,64,2,2,0,0,0
bf_det_k8_l16_r8_c16_m3_w10g4_d32_s2_q2,det,bruteforce,8,16,8,16,3,10,4,32,2,2,0,0,0
bf_det_k8_l16_r8_c16_m3_w10g4_d64_s2_q2,det,bruteforce,8,16,8,16,3,10,4,64,2,2,0,0,0
bf_det_k8_l16_r8_c16_m3_w10g8_d32_s2_q2,det,bruteforce,8,16,8,16,3,10,8,32,2,2,0,0,0
bf_det_k8_l16_r8_c16_m3_w10g8_d64_s2_q2,det,bruteforce,8,16,8,16,3,10,8,64,2,2,0,0,0
bf_det_k8_l16_r8_c16_m3_w12g0_d32_s2_q2,det,bruteforce,8,16,8,16,3,12,0,32,2,2,0,0,0
bf_det_k8_l16_r8_c16_m3_w12g0_d64_s2_q2,det,bruteforce,8,16,8,16,3,12,0,64,2,2,0,0,0
bf_det_k8_l16_r8_c16_m3_w12g4_d32_s2_q2,det,bruteforce,8,16,8,16,3,12,4,32,2,2,0,0,0
bf_det_k8_l16_r8_c16_m3_w12g4_d64_s2_q2,det,bruteforce,8,16,8,16,3,12,4,64,2,2,0,0,0
bf_det_k8_l16_r8_c16_m3_w12g8_d32_s2_q2,det,bruteforce,8,16,8,16,3,12,8,32,2,2,0,1,0
bf_det_k8_l16_r8_c16_m3_w12g8_d64_s2_q2,det,bruteforce,8,16,8,16,3,12,8,64,2,2,0,1,0
bf_det_k8_l16_r8_c16_m3_w14g0_d32_s2_q2,det,bruteforce,8,16,8,16,3,14,0,32,2,2,0,0,0
bf_det_k8_l16_r8_c16_m3_w14g0_d64_s2_q2,det,bruteforce,8,16,8,16,3,14,0,64,2,2,0,0,0
bf_det_k8_l16_r8_c16_m3_w14g4_d32_s2_q2,det,bruteforce,8,16,8,16,3,14,4,32,2,2,0,0,0
bf_det_k8_l16_r8_c16_m3_w14g4_d64_s2_q2,det,bruteforce,8,16,8,16,3,14,4,64,2,2,0,0,0
bf_det_k8_l16_r8_c16_m3_w14g8_d32_s2_q2,det,bruteforce,8,16,8,16,3,14,8,32,2,2,0,0,0
bf_det_k8_l16_r8_c16_m3_w14g8_d64_s2_q2,det,bruteforce,8,16,8,16,3,14,8,64,2,2,0,0,0
bf_det_k8_l16_r8_c16_m3_w16g0_d32_s2_q2,det,bruteforce,8,16,8,16,3,16,0,32,2,2,0,1,0
bf_det_k8_l16_r8_c16_m3_w16g0_d64_s2_q2,det,bruteforce,8,16,8,16,3,16,0,64,2,2,0,1,0
bf_det_k8_l16_r8_c16_m3_w16g4_d32_s2_q2,det,bruteforce,8,16,8,16,3,16,4,32,2,2,0,0,0
bf_det_k8_l16_r8_c16_m3_w16g4_d64_s2_q2,det,bruteforce,8,16,8,16,3,16,4,64,2,2,0,0,0
bf_det_k8_l16_r8_c16_m3_w16g8_d32_s2_q2,det,bruteforce,8,16,8,16,3,16,8,32,2,2,0,1,0
bf_det_k8_l16_r8_c16_m3_w16g8_d64_s2_q2,det,bruteforce,8,16,8,16,3,16,8,64,2,2,0,1,0
bf_det_k8_l16_r8_c16_m4_w8g0_d32_s2_q2,det,bruteforce,8,16,8,16,4,8,0,32,2,2,0,1,0
bf_det_k8_l16_r8_c16_m4_w8g0_d64_s2_q2,det,bruteforce,8,16,8,16,4,8,0,64,2,2,0,1,0
bf_det_k8_l16_r8_c16_m4_w8g4_d32_s2_q2,det,bruteforce,8,16,8,16,4,8,4,32,2,2,0,0,0
bf_det_k8_l16_r8_c16_m4_w8g4_d64_s2_q2,det,bruteforce,8,16,8,16,4,8,4,64,2,2,0,0,0
bf_det_k8_l16_r8_c16_m4_w8g8_d32_s2_q2,det,bruteforce,8,16,8,16,4,8,8,32,2,2,0,1,0
bf_det_k8_l16_r8_c16_m4_w8g8_d64_s2_q2,det,bruteforce,8,16,8,16,4,8,8,64,2,2,0,1,0
bf_det_k8_l16_r8_c16_m4_w10g0_d32_s2_q2,det,bruteforce,8,16,8,16,4,10,0,32,2,2,0,0,0
bf_det_k8_l16_r8_c16_m4_w10g0_d64_s2_q2,det,bruteforce,8,16,8,16,4,10,0,64,2,2,0,0,0
bf_det_k8_l16_r8_c16_m4_w10g4_d32_s2_q2,det,bruteforce,8,16,8,16,4,10,4,32,2,2,0,0,0
bf_det_k8_l16_r8_c16_m4_w10g4_d64_s2_q2,det,bruteforce,8,16,8,16,4,10,4,64,2,2,0,0,0
bf_det_k8_l16_r8_c16_m4_w10g8_d32_s2_q2,det,bruteforce,8,16,8,16,4,10,8,32,2,2,0,0,0
bf_det_k8_l16_r8_c16_m4_w10g8_d64_s2_q2,det,bruteforce,8,16,8,16,4,10,8,64,2,2,0,0,0
bf_det_k8_l16_r8_c16_m4_w12g0_d32_s2_q2,det,bruteforce,8,16,8,16,4,12,0,32,2,2,0,0,0
bf_det_k8_l16_r8_c16_m4_w12g0_d64_s2_q2,det,bruteforce,8,16,8,16,4,12,0,64,2,2,0,0,0
bf_det_k8_l16_r8_c16_m4_w12g4_d32_s2_q2,det,bruteforce,8,16,8,16,4,12,4,32,2,2,0,0,0
bf_det_k8_l16_r8_c16_m4_w12g4_d64_s2_q2,det,bruteforce,8,16,8,16,4,12,4,64,2,2,0,0,0
bf_det_k8_l16_r8_c16_m4_w12g8_d32_s2_q2,det,bruteforce,8,16,8,16,4,12,8,32,2,2,0,1,0
bf_det_k8_l16_r8_c16_m4_w12g8_d64_s2_q2,det,bruteforce,8,16,8,16,4,12,8,64,2,2,0,1,0
bf_det_k8_l16_r8_c16_m4_w14g0_d32_s2_q2,det,bruteforce,8,16,8,16,4,14,0,32,2,2,0,0,0
bf_det_k8_l16_r8_c16_m4_w14g0_d64_s2_q2,det,bruteforce,8,16,8,16,4,14,0,64,2,2,0,0,0
bf_det_k8_l16_r8_c16_m4_w14g4_d32_s2_q2,det,bruteforce,8,16,8,16,4,14,4,32,2,2,0,0,0
bf_det_k8_l16_r8_c16_m4_w14g4_d64_s2_q2,det,bruteforce,8,16,8,16,4,14,4,64,2,2,0,0,0
bf_det_k8_l16_r8_c16_m4_w14g8_d32_s2_q2,det,bruteforce,8,16,8,16,4,14,8,32,2,2,0,0,0
bf_det_k8_l16_r8_c16_m4_w14g8_d64_s2_q2,det,bruteforce,8,16,8,16,4,14,8,64,2,2,0,0,0
bf_det_k8_l16_r8_c16_m4_w16g0_d32_s2_q2,det,bruteforce,8,16,8,16,4,16,0,32,2,2,0,1,0
bf_det_k8_l16_r8_c16_m4_w16g0_d64_s2_q2,det,bruteforce,8,16,8,16,4,16,0,64,2,2,0,1,0
bf_det_k8_l16_r8_c16_m4_w16g4_d32_s2_q2,det,bruteforce,8,16,8,16,4,16,4,32,2,2,0,0,0
bf_det_k8_l16_r8_c16_m4_w16g4_d64_s2_q2,det,bruteforce,8,16,8,16,4,16,4,64,2,2,0,0,0
bf_det_k8_l16_r8_c16_m4_w16g8_d32_s2_q2,det,bruteforce,8,16,8,16,4,16,8,32,2,2,0,1,0
bf_det_k8_l16_r8_c16_m4_w16g8_d64_s2_q2,det,bruteforce,8,16,8,16,4,16,8,64,2,2,0,1,0
bf_det_k16_l1_r1_c4_m3_w8g0_d32_s2_q2,det,bruteforce,16,1,1,4,3,8,0,32,2,2,0,1,0
bf_det_k16_l1_r1_c4_m3_w8g0_d64_s2_q2,det,bruteforce,16,1,1,4,3,8,0,64,2,2,0,1,0
bf_det_k16_l1_r1_c4_m3_w8g4_d32_s2_q2,det,bruteforce,16,1,1,4,3,8,4,32,2,2,0,0,0
bf_det_k16_l1_r1_c4_m3_w8g4_d64_s2_q2,det,bruteforce,16,1,1,4,3,8,4,64,2,2,0,0,0
bf_det_k16_l1_r1_c4_m3_w8g8_d32_s2_q2,det,bruteforce,16,1,1,4,3,8,8,32,2,2,0,0,0
bf_det_k16_l1_r1_c4_m3_w8g8_d64_s2_q2,det,bruteforce,16,1,1,4,3,8,8,64,2,2,0,0,0
bf_det_k16_l1_r1_c4_m3_w10g0_d32_s2_q2,det,bruteforce,16,1,1,4,3,10,0,32,2,2,0,0,0
bf_det_k16_l1_r1_c4_m3_w10g0_d64_s2_q2,det,bruteforce,16,1,1,4,3,10,0,64,2,2,0,0,0
bf_det_k16_l1_r1_c4_m3_w10g4_d32_s2_q2,det,bruteforce,16,1,1,4,3,10,4,32,2,2,0,0,0
bf_det_k16_l1_r1_c4_m3_w10g4_d64_s2_q2,det,bruteforce,16,1,1,4,3,10,4,64,2,2,0,0,0
bf_det_k16_l1_r1_c4_m3_w10g8_d32_s2_q2,det,bruteforce,16,1,1,4,3,10,8,32,2,2,0,0,0
bf_det_k16_l1_r1_c4_m3_w10g8_d64_s2_q2,det,bruteforce,16,1,1,4,3,10,8,64,2,2,0,0,0
bf_det_k16_l1_r1_c4_m3_w12g0_d32_s2_q2,det,bruteforce,16,1,1,4,3,12,0,32,2,2,0,0,0
bf_det_k16_l1_r1_c4_m3_w12g0_d64_s2_q2,det,bruteforce,16,1,1,4,3,12,0,64,2,2,0,0,0
bf_det_k16_l1_r1_c4_m3_w12g4_d32_s2_q2,det,bruteforce,16,1,1,4,3,12,4,32,2,2,0,0,0
bf_det_k16_l1_r1_c4_m3_w12g4_d64_s2_q2,det,bruteforce,16,1,1,4,3,12,4,64,2,2,0,0,0
bf_det_k16_l1_r1_c4_m3_w12g8_d32_s2_q2,det,bruteforce,16,1,1,4,3,12,8,32,2,2,0,1,0
bf_det_k16_l1_r1_c4_m3_w12g8_d64_s2_q2,det,bruteforce,16,1,1,4,3,12,8,64,2,2,0,1,0
bf_det_k16_l1_r1_c4_m3_w14g0_d32_s2_q2,det,bruteforce,16,1,1,4,3,14,0,32,2,2,0,0,0
bf_det_k16_l1_r1_c4_m3_w14g0_d64_s2_q2,det,bruteforce,16,1,1,4,3,14,0,64,2,2,0,0,0
bf_det_k16_l1_r1_c4_m3_w14g4_d32_s2_q2,det,bruteforce,16,1,1,4,3,14,4,32,2,2,0,0,0
bf_det_k16_l1_r1_c4_m3_w14g4_d64_s2_q2,det,bruteforce,16,1,1,4,3,14,4,64,2,2,0,0,0
bf_det_k16_l1_r1_c4_m3_w14g8_d32_s2_q2,det,bruteforce,16,1,1,4,3,14,8,32,2,2,0,0,0
bf_det_k16_l1_r1_c4_m3_w14g8_d64_s2_q2,det,bruteforce,16,1,1,4,3,14,8,64,2,2,0,0,0
bf_det_k16_l1_r1_c4_m3_w16g0_d32_s2_q2,det,bruteforce,16,1,1,4,3,16,0,32,2,2,0,0,0
bf_det_k16_l1_r1_c4_m3_w16g0_d64_s2_q2,det,bruteforce,16,1,1,4,3,16,0,64,2,2,0,0,0
bf_det_k16_l1_r1_c4_m3_w16g4_d32_s2_q2,det,bruteforce,16,1,1,4,3,16,4,32,2,2,0,0,0
bf_det_k16_l1_r1_c4_m3_w16g4_d64_s2_q2,det,bruteforce,16,1,1,4,3,16,4,64,2,2,0,0,0
bf_det_k16_l1_r1_c4_m3_w16g8_d32_s2_q2,det,bruteforce,16,1,1,4,3,16,8,32,2,2,0,0,0
bf_det_k16_l1_r1_c4_m3_w16g8_d64_s2_q2,det,bruteforce,16,1,1,4,3,16,8,64,2,2,0,0,0
bf_det_k16_l1_r1_c4_m4_w8g0_d32_s2_q2,det,bruteforce,16,1,1,4,4,8,0,32,2,2,0,1,1
bf_det_k16_l1_r1_c4_m4_w8g0_d64_s2_q2,det,bruteforce,16,1,1,4,4,8,0,64,2,2,0,1,1
bf_det_k16_l1_r1_c4_m4_w8g4_d32_s2_q2,det,bruteforce,16,1,1,4,4,8,4,32,2,2,0,0,1
bf_det_k16_l1_r1_c4_m4_w8g4_d64_s2_q2,det,bruteforce,16,1,1,4,4,8,4,64,2,2,0,0,1
bf_det_k16_l1_r1_c4_m4_w8g8_d32_s2_q2,det,bruteforce,16,1,1,4,4,8,8,32,2,2,0,0,1
bf_det_k16_l1_r1_c4_m4_w8g8_d64_s2_q2,det,bruteforce,16,1,1,4,4,8,8,64,2,2,0,0,1
bf_det_k16_l1_r1_c4_m4_w10g0_d32_s2_q2,det,bruteforce,16,1,1,4,4,10,0,32,2,2,0,0,0
bf_det_k16_l1_r1_c4_m4_w10g0_d64_s2_q2,det,bruteforce,16,1,1,4,4,10,0,64,2,2,0,0,0
bf_det_k16_l1_r1_c4_m4_w10g4_d32_s2_q2,det,bruteforce,16,1,1,4,4,10,4,32,2,2,0,0,0
bf_det_k16_l1_r1_c4_m4_w10g4_d64_s2_q2,det,bruteforce,16,1,1,4,4,10,4,64,2,2,0,0,0
bf_det_k16_l1_r1_c4_m4_w10g8_d32_s2_q2,det,bruteforce,16,1,1,4,4,10,8,32,2,2,0,0,0
bf_det_k16_l1_r1_c4_m4_w10g8_d64_s2_q2,det,bruteforce,16,1,1,4,4,10,8,64,2,2,0,0,0
bf_det_k16_l1_r1_c4_m4_w12g0_d32_s2_q2,det,bruteforce,16,1,1,4,4,12,0,32,2,2,0,0,0
bf_det_k16_l1_r1_c4_m4_w12g0_d64_s2_q2,det,bruteforce,16,1,1,4,4,12,0,64,2,2,0,0,0
bf_det_k16_l1_r1_c4_m4_w12g4_d32_s2_q2,det,bruteforce,16,1,1,4,4,12,4,32,2,2,0,0,0
bf_det_k16_l1_r1_c4_m4_w12g4_d64_s2_q2,det,bruteforce,16,1,1,4,4,12,4,64,2,2,0,0,0
bf_det_k16_l1_r1_c4_m4_w12g8_d32_s2_q2,det,bruteforce,16,1,1,4,4,12,8,32,2,2,0,1,0
bf_det_k16_l1_r1_c4_m4_w12g8_d64_s2_q2,det,bruteforce,16,1,1,4,4,12,8,64,2,2,0,1,0
bf_det_k16_l1_r1_c4_m4_w14g0_d32_s2_q2,det,bruteforce,16,1,1,4,4,14,0,32,2,2,0,0,0
bf_det_k16_l1_r1_c4_m4_w14g0_d64_s2_q2,det,bruteforce,16,1,1,4,4,14,0,64,2,2,0,0,0
bf_det_k16_l1_r1_c4_m4_w14g4_d32_s2_q2,det,bruteforce,16,1,1,4,4,14,4,32,2,2,0,0,0
bf_det_k16_l1_r1_c4_m4_w14g4_d64_s2_q2,det,bruteforce,16,1,1,4,4,14,4,64,2,2,0,0,0
bf_det_k16_l1_r1_c4_m4_w14g8_d32_s2_q2,det,bruteforce,16,1,1,4,4,14,8,32,2,2,0,0,0
bf_det_k16_l1_r1_c4_m4_w14g8_d64_s2_q2,det,bruteforce,16,1,1,4,4,14,8,64,2,2,0,0,0
bf_det_k16_l1_r1_c4_m4_w16g0_d32_s2_q2,det,bruteforce,16,1,1,4,4,16,0,32,2,2,0,0,0
bf_det_k16_l1_r1_c4_m4_w16g0_d64_s2_q2,det,bruteforce,16,1,1,4,4,16,0,64,2,2,0,0,0
bf_det_k16_l1_r1_c4_m4_w16g4_d32_s2_q2,det,bruteforce,16,1,1,4,4,16,4,32,2,2,0,0,0
bf_det_k16_l1_r1_c4_m4_w16g4_d64_s2_q2,det,bruteforce,16,1,1,4,4,16,4,64,2,2,0,0,0
bf_det_k16_l1_r1_c4_m4_w16g8_d32_s2_q2,det,bruteforce,16,1,1,4,4,16,8,32,2,2,0,0,0
bf_det_k16_l1_r1_c4_m4_w16g8_d64_s2_q2,det,bruteforce,16,1,1,4,4,16,8,64,2,2,0,0,0
bf_det_k16_l1_r4_c4_m3_w8g0_d32_s2_q2,det,bruteforce,16,1,4,4,3,8,0,32,2,2,0,1,0
bf_det_k16_l1_r4_c4_m3_w8g0_d64_s2_q2,det,bruteforce,16,1,4,4,3,8,0,64,2,2,0,1,0
bf_det_k16_l1_r4_c4_m3_w8g4_d32_s2_q2,det,bruteforce,16,1,4,4,3,8,4,32,2,2,0,0,0
bf_det_k16_l1_r4_c4_m3_w8g4_d64_s2_q2,det,bruteforce,16,1,4,4,3,8,4,64,2,2,0,0,0
bf_det_k16_l1_r4_c4_m3_w8g8_d32_s2_q2,det,bruteforce,16,1,4,4,3,8,8,32,2,2,0,0,0
bf_det_k16_l1_r4_c4_m3_w8g8_d64_s2_q2,det,bruteforce,16,1,4,4,3,8,8,64,2,2,0,0,0
bf_det_k16_l1_r4_c4_m3_w10g0_d32_s2_q2,det,bruteforce,16,1,4,4,3,10,0,32,2,2,0,0,0
bf_det_k16_l1_r4_c4_m3_w10g0_d64_s2_q2,det,bruteforce,16,1,4,4,3,10,0,64,2,2,0,0,0
bf_det_k16_l1_r4_c4_m3_w10g4_d32_s2_q2,det,bruteforce,16,1,4,4,3,10,4,32,2,2,0,0,0
bf_det_k16_l1_r4_c4_m3_w10g4_d64_s2_q2,det,bruteforce,16,1,4,4,3,10,4,64,2,2,0,0,0
bf_det_k16_l1_r4_c4_m3_w10g8_d32_s2_q2,det,bruteforce,16,1,4,4,3,10,8,32,2,2,0,0,0
bf_det_k16_l1_r4_c4_m3_w10g8_d64_s2_q2,det,bruteforce,16,1,4,4,3,10,8,64,2,2,0,0,0
bf_det_k16_l1_r4_c4_m3_w12g0_d32_s2_q2,det,bruteforce,16,1,4,4,3,12,0,32,2,2,0,0,0
bf_det_k16_l1_r4_c4_m3_w12g0_d64_s2_q2,det,bruteforce,16,1,4,4,3,12,0,64,2,2,0,0,0
bf_det_k16_l1_r4_c4_m3_w12g4_d32_s2_q2,det,bruteforce,16,1,4,4,3,12,4,32,2,2,0,0,0
bf_det_k16_l1_r4_c4_m3_w12g4_d64_s2_q2,det,bruteforce,16,1,4,4,3,12,4,64,2,2,0,0,0
bf_det_k16_l1_r4_c4_m3_w12g8_d32_s2_q2,det,bruteforce,16,1,4,4,3,12,8,32,2,2,0,1,0
bf_det_k16_l1_r4_c4_m3_w12g8_d64_s2_q2,det,bruteforce,16,1,4,4,3,12,8,64,2,2,0,1,0
bf_det_k16_l1_r4_c4_m3_w14g0_d32_s2_q2,det,bruteforce,16,1,4,4,3,14,0,32,2,2,0,0,0
bf_det_k16_l1_r4_c4_m3_w14g0_d64_s2_q2,det,bruteforce,16,1,4,4,3,14,0,64,2,2,0,0,0
bf_det_k16_l1_r4_c4_m3_w14g4_d32_s2_q2,det,bruteforce,16,1,4,4,3,14,4,32,2,2,0,0,0
bf_det_k16_l1_r4_c4_m3_w14g4_d64_s2_q2,det,bruteforce,16,1,4,4,3,14,4,64,2,2,0,0,0
bf_det_k16_l1_r4_c4_m3_w14g8_d32_s2_q2,det,bruteforce,16,1,4,4,3,14,8,32,2,2,0,0,0
bf_det_k16_l1_r4_c4_m3_w14g8_d64_s2_q2,det,bruteforce,16,1,4,4,3,14,8,64,2,2,0,0,0
bf_det_k16_l1_r4_c4_m3_w16g0_d32_s2_q2,det,bruteforce,16,1,4,4,3,16,0,32,2,2,0,0,0
bf_det_k16_l1_r4_c4_m3_w16g0_d64_s2_q2,det,bruteforce,16,1,4,4,3,16,0,64,2,2,0,0,0
bf_det_k16_l1_r4_c4_m3_w16g4_d32_s2_q2,det,bruteforce,16,1,4,4,3,16,4,32,2,2,0,0,0
bf_det_k16_l1_r4_c4_m3_w16g4_d64_s2_q2,det,bruteforce,16,1,4,4,3,16,4,64,2,2,0,0,0
bf_det_k16_l1_r4_c4_m3_w16g8_d32_s2_q2,det,bruteforce,16,1,4,4,3,16,8,32,2,2,0,0,0
bf_det_k16_l1_r4_c4_m3_w16g8_d64_s2_q2,det,bruteforce,16,1,4,4,3,16,8,64,2,2,0,0,0
bf_det_k16_l1_r4_c4_m4_w8g0_d32_s2_q2,det,bruteforce,16,1,4,4,4,8,0,32,2,2,0,1,0
bf_det_k16_l1_r4_c4_m4_w8g0_d64_s2_q2,det,bruteforce,16,1,4,4,4,8,0,64,2,2,0,1,0
bf_det_k16_l1_r4_c4_m4_w8g4_d32_s2_q2,det,bruteforce,16,1,4,4,4,8,4,32,2,2,0,0,0
bf_det_k16_l1_r4_c4_m4_w8g4_d64_s2_q2,det,bruteforce,16,1,4,4,4,8,4,64,2,2,0,0,0
bf_det_k16_l1_r4_c4_m4_w8g8_d32_s2_q2,det,bruteforce,16,1,4,4,4,8,8,32,2,2,0,0,0
bf_det_k16_l1_r4_c4_m4_w8g8_d64_s2_q2,det,bruteforce,16,1,4,4,4,8,8,64,2,2,0,0,0
bf_det_k16_l1_r4_c4_m4_w10g0_d32_s2_q2,det,bruteforce,16,1,4,4,4,10,0,32,2,2,0,0,0
bf_det_k16_l1_r4_c4_m4_w10g0_d64_s2_q2,det,bruteforce,16,1,4,4,4,10,0,64,2,2,0,0,0
bf_det_k16_l1_r4_c4_m4_w10g4_d32_s2_q2,det,bruteforce,16,1,4,4,4,10,4,32,2,2,0,0,0
bf_det_k16_l1_r4_c4_m4_w10g4_d64_s2_q2,det,bruteforce,16,1,4,4,4,10,4,64,2,2,0,0,0
bf_det_k16_l1_r4_c4_m4_w10g8_d32_s2_q2,det,bruteforce,16,1,4,4,4,10,8,32,2,2,0,0,0
bf_det_k16_l1_r4_c4_m4_w10g8_d64_s2_q2,det,bruteforce,16,1,4,4,4,10,8,64,2,2,0,0,0
bf_det_k16_l1_r4_c4_m4_w12g0_d32_s2_q2,det,bruteforce,16,1,4,4,4,12,0,32,2,2,0,0,0
bf_det_k16_l1_r4_c4_m4_w12g0_d64_s2_q2,det,bruteforce,16,1,4,4,4,12,0,64,2,2,0,0,0
bf_det_k16_l1_r4_c4_m4_w12g4_d32_s2_q2,det,bruteforce,16,1,4,4,4,12,4,32,2,2,0,0,0
bf_det_k16_l1_r4_c4_m4_w12g4_d64_s2_q2,det,bruteforce,16,1,4,4,4,12,4,64,2,2,0,0,0
bf_det_k16_l1_r4_c4_m4_w12g8_d32_s2_q2,det,bruteforce,16,1,4,4,4,12,8,32,2,2,0,1,0
bf_det_k16_l1_r4_c4_m4_w12g8_d64_s2_q2,det,bruteforce,16,1,4,4,4,12,8,64,2,2,0,1,0
bf_det_k16_l1_r4_c4_m4_w14g0_d32_s2_q2,det,bruteforce,16,1,4,4,4,14,0,32,2,2,0,0,0
bf_det_k16_l1_r4_c4_m4_w14g0_d64_s2_q2,det,bruteforce,16,1,4,4,4,14,0,64,2,2,0,0,0
bf_det_k16_l1_r4_c4_m4_w14g4_d32_s2_q2,det,bruteforce,16,1,4,4,4,14,4,32,2,2,0,0,0
bf_det_k16_l1_r4_c4_m4_w14g4_d64_s2_q2,det,bruteforce,16,1,4,4,4,14,4,64,2,2,0,0,0
bf_det_k16_l1_r4_c4_m4_w14g8_d32_s2_q2,det,bruteforce,16,1,4,4,4,14,8,32,2,2,0,0,0
bf_det_k16_l1_r4_c4_m4_w14g8_d64_s2_q2,det,bruteforce,16,1,4,4,4,14,8,64,2,2,0,0,0
bf_det_k16_l1_r4_c4_m4_w16g0_d32_s2_q2,det,bruteforce,16,1,4,4,4,16,0,32,2,2,0,0,0
bf_det_k16_l1_r4_c4_m4_w16g0_d64_s2_q2,det,bruteforce,16,1,4,4,4,16,0,64,2,2,0,0,0
bf_det_k16_l1_r4_c4_m4_w16g4_d32_s2_q2,det,bruteforce,16,1,4,4,4,16,4,32,2,2,0,0,0
bf_det_k16_l1_r4_c4_m4_w16g4_d64_s2_q2,det,bruteforce,16,1,4,4,4,16,4,64,2,2,0,0,0
bf_det_k16_l1_r4_c4_m4_w16g8_d32_s2_q2,det,bruteforce,16,1,4,4,4,16,8,32,2,2,0,0,0
bf_det_k16_l1_r4_c4_m4_w16g8_d64_s2_q2,det,bruteforce,16,1,4,4,4,16,8,64,2,2,0,0,0
bf_det_k16_l1_r16_c4_m3_w8g0_d32_s2_q2,det,bruteforce,16,1,16,4,3,8,0,32,2,2,0,1,0
bf_det_k16_l1_r16_c4_m3_w8g0_d64_s2_q2,det,bruteforce,16,1,16,4,3,8,0,64,2,2,0,1,0
bf_det_k16_l1_r16_c4_m3_w8g4_d32_s2_q2,det,bruteforce,16,1,16,4,3,8,4,32,2,2,0,0,0
bf_det_k16_l1_r16_c4_m3_w8g4_d64_s2_q2,det,bruteforce,16,1,16,4,3,8,4,64,2,2,0,0,0
bf_det_k16_l1_r16_c4_m3_w8g8_d32_s2_q2,det,bruteforce,16,1,16,4,3,8,8,32,2,2,0,0,0
bf_det_k16_l1_r16_c4_m3_w8g8_d64_s2_q2,det,bruteforce,16,1,16,4,3,8,8,64,2,2,0,0,0
bf_det_k16_l1_r16_c4_m3_w10g0_d32_s2_q2,det,bruteforce,16,1,16,4,3,10,0,32,2,2,0,0,0
bf_det_k16_l1_r16_c4_m3_w10g0_d64_s2_q2,det,bruteforce,16,1,16,4,3,10,0,64,2,2,0,0,0
bf_det_k16_l1_r16_c4_m3_w10g4_d32_s2_q2,det,bruteforce,16,1,16,4,3,10,4,32,2,2,0,0,0
bf_det_k16_l1_r16_c4_m3_w10g4_d64_s2_q2,det,bruteforce,16,1,16,4,3,10,4,64,2,2,0,0,0
bf_det_k16_l1_r16_c4_m3_w10g8_d32_s2_q2,det,bruteforce,16,1,16,4,3,10,8,32,2,2,0,0,0
bf_det_k16_l1_r16_c4_m3_w10g8_d64_s2_q2,det,bruteforce,16,1,16,4,3,10,8,64,2,2,0,0,0
bf_det_k16_l1_r16_c4_m3_w12g0_d32_s2_q2,det,bruteforce,16,1,16,4,3,12,0,32,2,2,0,0,0
bf_det_k16_l1_r16_c4_m3_w12g0_d64_s2_q2,det,bruteforce,16,1,16,4,3,12,0,64,2,2,0,0,0
bf_det_k16_l1_r16_c4_m3_w12g4_d32_s2_q2,det,bruteforce,16,1,16,4,3,12,4,32,2,2,0,0,0
bf_det_k16_l1_r16_c4_m3_w12g4_d64_s2_q2,det,bruteforce,16,1,16,4,3,12,4,64,2,2,0,0,0
bf_det_k16_l1_r16_c4_m3_w12g8_d32_s2_q2,det,bruteforce,16,1,16,4,3,12,8,32,2,2,0,1,0
bf_det_k16_l1_r16_c4_m3_w12g8_d64_s2_q2,det,bruteforce,16,1,16,4,3,12,8,64,2,2,0,1,0
bf_det_k16_l1_r16_c4_m3_w14g0_d32_s2_q2,det,bruteforce,16,1,16,4,3,14,0,32,2,2,0,0,0
bf_det_k16_l1_r16_c4_m3_w14g0_d64_s2_q2,det,bruteforce,16,1,16,4,3,14,0,64,2,2,0,0,0
bf_det_k16_l1_r16_c4_m3_w14g4_d32_s2_q2,det,bruteforce,16,1,16,4,3,14,4,32,2,2,0,0,0
bf_det_k16_l1_r16_c4_m3_w14g4_d64_s2_q2,det,bruteforce,16,1,16,4,3,14,4,64,2,2,0,0,0
bf_det_k16_l1_r16_c4_m3_w14g8_d32_s2_q2,det,bruteforce,16,1,16,4,3,14,8,32,2,2,0,0,0
bf_det_k16_l1_r16_c4_m3_w14g8_d64_s2_q2,det,bruteforce,16,1,16,4,3,14,8,64,2,2,0,0,0
bf_det_k16_l1_r16_c4_m3_w16g0_d32_s2_q2,det,bruteforce,16,1,16,4,3,16,0,32,2,2,0,0,0
bf_det_k16_l1_r16_c4_m3_w16g0_d64_s2_q2,det,bruteforce,16,1,16,4,3,16,0,64,2,2,0,0,0
bf_det_k16_l1_r16_c4_m3_w16g4_d32_s2_q2,det,bruteforce,16,1,16,4,3,16,4,32,2,2,0,0,0
bf_det_k16_l1_r16_c4_m3_w16g4_d64_s2_q2,det,bruteforce,16,1,16,4,3,16,4,64,2,2,0,0,0
bf_det_k16_l1_r16_c4_m3_w16g8_d32_s2_q2,det,bruteforce,16,1,16,4,3,16,8,32,2,2,0,0,0
bf_det_k16_l1_r16_c4_m3_w16g8_d64_s2_q2,det,bruteforce,16,1,16,4,3,16,8,64,2,2,0,0,0
bf_det_k16_l1_r16_c4_m4_w8g0_d32_s2_q2,det,bruteforce,16,1,16,4,4,8,0,32,2,2,0,1,0
bf_det_k16_l1_r16_c4_m4_w8g0_d64_s2_q2,det,bruteforce,16,1,16,4,4,8,0,64,2,2,0,1,0
bf_det_k16_l1_r16_c4_m4_w8g4_d32_s2_q2,det,bruteforce,16,1,16,4,4,8,4,32,2,2,0,0,0
bf_det_k16_l1_r16_c4_m4_w8g4_d64_s2_q2,det,bruteforce,16,1,16,4,4,8,4,64,2,2,0,0,0
bf_det_k16_l1_r16_c4_m4_w8g8_d32_s2_q2,det,bruteforce,16,1,16,4,4,8,8,32,2,2,0,0,0
bf_det_k16_l1_r16_c4_m4_w8g8_d64_s2_q2,det,bruteforce,16,1,16,4,4,8,8,64,2,2,0,0,0
bf_det_k16_l1_r16_c4_m4_w10g0_d32_s2_q2,det,bruteforce,16,1,16,4,4,10,0,32,2,2,0,0,0
bf_det_k16_l1_r16_c4_m4_w10g0_d64_s2_q2,det,bruteforce,16,1,16,4,4,10,0,64,2,2,0,0,0
bf_det_k16_l1_r16_c4_m4_w10g4_d32_s2_q2,det,bruteforce,16,1,16,4,4,10,4,32,2,2,0,0,0
bf_det_k16_l1_r16_c4_m4_w10g4_d64_s2_q2,det,bruteforce,16,1,16,4,4,10,4,64,2,2,0,0,0
bf_det_k16_l1_r16_c4_m4_w10g8_d32_s2_q2,det,bruteforce,16,1,16,4,4,10,8,32,2,2,0,0,0
bf_det_k16_l1_r16_c4_m4_w10g8_d64_s2_q2,det,bruteforce,16,1,16,4,4,10,8,64,2,2,0,0,0
bf_det_k16_l1_r16_c4_m4_w12g0_d32_s2_q2,det,bruteforce,16,1,16,4,4,12,0,32,2,2,0,0,0
bf_det_k16_l1_r16_c4_m4_w12g0_d64_s2_q2,det,bruteforce,16,1,16,4,4,12,0,64,2,2,0,0,0
bf_det_k16_l1_r16_c4_m4_w12g4_d32_s2_q2,det,bruteforce,16,1,16,4,4,12,4,32,2,2,0,0,0
bf_det_k16_l1_r16_c4_m4_w12g4_d64_s2_q2,det,bruteforce,16,1,16,4,4,12,4,64,2,2,0,0,0
bf_det_k16_l1_r16_c4_m4_w12g8_d32_s2_q2,det,bruteforce,16,1,16,4,4,12,8,32,2,2,0,1,0
bf_det_k16_l1_r16_c4_m4_w12g8_d64_s2_q2,det,bruteforce,16,1,16,4,4,12,8,64,2,2,0,1,0
bf_det_k16_l1_r16_c4_m4_w14g0_d32_s2_q2,det,bruteforce,16,1,16,4,4,14,0,32,2,2,0,0,0
bf_det_k16_l1_r16_c4_m4_w14g0_d64_s2_q2,det,bruteforce,16,1,16,4,4,14,0,64,2,2,0,0,0
bf_det_k16_l1_r16_c4_m4_w14g4_d32_s2_q2,det,bruteforce,16,1,16,4,4,14,4,32,2,2,0,0,0
bf_det_k16_l1_r16_c4_m4_w14g4_d64_s2_q2,det,bruteforce,16,1,16,4,4,14,4,64,2,2,0,0,0
bf_det_k16_l1_r16_c4_m4_w14g8_d32_s2_q2,det,bruteforce,16,1,16,4,4,14,8,32,2,2,0,0,0
bf_det_k16_l1_r16_c4_m4_w14g8_d64_s2_q2,det,bruteforce,16,1,16,4,4,14,8,64,2,2,0,0,0
bf_det_k16_l1_r16_c4_m4_w16g0_d32_s2_q2,det,bruteforce,16,1,16,4,4,16,0,32,2,2,0,0,0
bf_det_k16_l1_r16_c4_m4_w16g0_d64_s2_q2,det,bruteforce,16,1,16,4,4,16,0,64,2,2,0,0,0
bf_det_k16_l1_r16_c4_m4_w16g4_d32_s2_q2,det,bruteforce,16,1,16,4,4,16,4,32,2,2,0,0,0
bf_det_k16_l1_r16_c4_m4_w16g4_d64_s2_q2,det,bruteforce,16,1,16,4,4,16,4,64,2,2,0,0,0
bf_det_k16_l1_r16_c4_m4_w16g8_d32_s2_q2,det,bruteforce,16,1,16,4,4,16,8,32,2,2,0,0,0
bf_det_k16_l1_r16_c4_m4_w16g8_d64_s2_q2,det,bruteforce,16,1,16,4,4,16,8,64,2,2,0,0,0
bf_det_k16_l4_r1_c4_m3_w8g0_d32_s2_q2,det,bruteforce,16,4,1,4,3,8,0,32,2,2,0,0,0
bf_det_k16_l4_r1_c4_m3_w8g0_d64_s2_q2,det,bruteforce,16,4,1,4,3,8,0,64,2,2,0,0,0
bf_det_k16_l4_r1_c4_m3_w8g4_d32_s2_q2,det,bruteforce,16,4,1,4,3,8,4,32,2,2,0,0,0
bf_det_k16_l4_r1_c4_m3_w8g4_d64_s2_q2,det,bruteforce,16,4,1,4,3,8,4,64,2,2,0,0,0
bf_det_k16_l4_r1_c4_m3_w8g8_d32_s2_q2,det,bruteforce,16,4,1,4,3,8,8,32,2,2,0,0,0
bf_det_k16_l4_r1_c4_m3_w8g8_d64_s2_q2,det,bruteforce,16,4,1,4,3,8,8,64,2,2,0,0,0
bf_det_k16_l4_r1_c4_m3_w10g0_d32_s2_q2,det,bruteforce,16,4,1,4,3,10,0,32,2,2,0,0,0
bf_det_k16_l4_r1_c4_m3_w10g0_d64_s2_q2,det,bruteforce,16,4,1,4,3,10,0,64,2,2,0,0,0
bf_det_k16_l4_r1_c4_m3_w10g4_d32_s2_q2,det,bruteforce,16,4,1,4,3,10,4,32,2,2,0,0,0
bf_det_k16_l4_r1_c4_m3_w10g4_d64_s2_q2,det,bruteforce,16,4,1,4,3,10,4,64,2,2,0,0,0
bf_det_k16_l4_r1_c4_m3_w10g8_d32_s2_q2,det,bruteforce,16,4,1,4,3,10,8,32,2,2,0,0,0
bf_det_k16_l4_r1_c4_m3_w10g8_d64_s2_q2,det,bruteforce,16,4,1,4,3,10,8,64,2,2,0,0,0
bf_det_k16_l4_r1_c4_m3_w12g0_d32_s2_q2,det,bruteforce,16,4,1,4,3,12,0,32,2,2,0,0,0
bf_det_k16_l4_r1_c4_m3_w12g0_d64_s2_q2,det,bruteforce,16,4,1,4,3,12,0,64,2,2,0,0,0
bf_det_k16_l4_r1_c4_m3_w12g4_d32_s2_q2,det,bruteforce,16,4,1,4,3,12,4,32,2,2,0,0,0
bf_det_k16_l4_r1_c4_m3_w12g4_d64_s2_q2,det,bruteforce,16,4,1,4,3,12,4,64,2,2,0,0,0
bf_det_k16_l4_r1_c4_m3_w12g8_d32_s2_q2,det,bruteforce,16,4,1,4,3,12,8,32,2,2,0,1,0
bf_det_k16_l4_r1_c4_m3_w12g8_d64_s2_q2,det,bruteforce,16,4,1,4,3,12,8,64,2,2,0,1,0
bf_det_k16_l4_r1_c4_m3_w14g0_d32_s2_q2,det,bruteforce,16,4,1,4,3,14,0,32,2,2,0,0,0
bf_det_k16_l4_r1_c4_m3_w14g0_d64_s2_q2,det,bruteforce,16,4,1,4,3,14,0,64,2,2,0,0,0
bf_det_k16_l4_r1_c4_m3_w14g4_d32_s2_q2,det,bruteforce,16,4,1,4,3,14,4,32,2,2,0,0,0
bf_det_k16_l4_r1_c4_m3_w14g4_d64_s2_q2,det,bruteforce,16,4,1,4,3,14,4,64,2,2,0,0,0
bf_det_k16_l4_r1_c4_m3_w14g8_d32_s2_q2,det,bruteforce,16,4,1,4,3,14,8,32,2,2,0,0,0
bf_det_k16_l4_r1_c4_m3_w14g8_d64_s2_q2,det,bruteforce,16,4,1,4,3,14,8,64,2,2,0,0,0
bf_det_k16_l4_r1_c4_m3_w16g0_d32_s2_q2,det,bruteforce,16,4,1,4,3,16,0,32,2,2,0,0,0
bf_det_k16_l4_r1_c4_m3_w16g0_d64_s2_q2,det,bruteforce,16,4,1,4,3,16,0,64,2,2,0,0,0
bf_det_k16_l4_r1_c4_m3_w16g4_d32_s2_q2,det,bruteforce,16,4,1,4,3,16,4,32,2,2,0,0,0
bf_det_k16_l4_r1_c4_m3_w16g4_d64_s2_q2,det,bruteforce,16,4,1,4,3,16,4,64,2,2,0,0,0
bf_det_k16_l4_r1_c4_m3_w16g8_d32_s2_q2,det,bruteforce,16,4,1,4,3,16,8,32,2,2,0,0,0
bf_det_k16_l4_r1_c4_m3_w16g8_d64_s2_q2,det,bruteforce,16,4,1,4,3,16,8,64,2,2,0,0,0
bf_det_k16_l4_r1_c4_m4_w8g0_d32_s2_q2,det,bruteforce,16,4,1,4,4,8,0,32,2,2,0,0,0
bf_det_k16_l4_r1_c4_m4_w8g0_d64_s2_q2,det,bruteforce,16,4,1,4,4,8,0,64,2,2,0,0,0
bf_det_k16_l4_r1_c4_m4_w8g4_d32_s2_q2,det,bruteforce,16,4,1,4,4,8,4,32,2,2,0,0,0
bf_det_k16_l4_r1_c4_m4_w8g4_d64_s2_q2,det,bruteforce,16,4,1,4,4,8,4,64,2,2,0,0,0
bf_det_k16_l4_r1_c4_m4_w8g8_d32_s2_q2,det,bruteforce,16,4,1,4,4,8,8,32,2,2,0,0,0
bf_det_k16_l4_r1_c4_m4_w8g8_d64_s2_q2,det,bruteforce,16,4,1,4,4,8,8,64,2,2,0,0,0
bf_det_k16_l4_r1_c4_m4_w10g0_d32_s2_q2,det,bruteforce,16,4,1,4,4,10,0,32,2,2,0,0,0
bf_det_k16_l4_r1_c4_m4_w10g0_d64_s2_q2,det,bruteforce,16,4,1,4,4,10,0,64,2,2,0,0,0
bf_det_k16_l4_r1_c4_m4_w10g4_d32_s2_q2,det,bruteforce,16,4,1,4,4,10,4,32,2,2,0,0,0
bf_det_k16_l4_r1_c4_m4_w10g4_d64_s2_q2,det,bruteforce,16,4,1,4,4,10,4,64,2,2,0,0,0
bf_det_k16_l4_r1_c4_m4_w10g8_d32_s2_q2,det,bruteforce,16,4,1,4,4,10,8,32,2,2,0,0,0
bf_det_k16_l4_r1_c4_m4_w10g8_d64_s2_q2,det,bruteforce,16,4,1,4,4,10,8,64,2,2,0,0,0
bf_det_k16_l4_r1_c4_m4_w12g0_d32_s2_q2,det,bruteforce,16,4,1,4,4,12,0,32,2,2,0,0,0
bf_det_k16_l4_r1_c4_m4_w12g0_d64_s2_q2,det,bruteforce,16,4,1,4,4,12,0,64,2,2,0,0,0
bf_det_k16_l4_r1_c4_m4_w12g4_d32_s2_q2,det,bruteforce,16,4,1,4,4,12,4,32,2,2,0,0,0
bf_det_k16_l4_r1_c4_m4_w12g4_d64_s2_q2,det,bruteforce,16,4,1,4,4,12,4,64,2,2,0,0,0
bf_det_k16_l4_r1_c4_m4_w12g8_d32_s2_q2,det,bruteforce,16,4,1,4,4,12,8,32,2,2,0,1,0
bf_det_k16_l4_r1_c4_m4_w12g8_d64_s2_q2,det,bruteforce,16,4,1,4,4,12,8,64,2,2,0,1,0
bf_det_k16_l4_r1_c4_m4_w14g0_d32_s2_q2,det,bruteforce,16,4,1,4,4,14,0,32,2,2,0,0,0
bf_det_k16_l4_r1_c4_m4_w14g0_d64_s2_q2,det,bruteforce,16,4,1,4,4,14,0,64,2,2,0,0,0
bf_det_k16_l4_r1_c4_m4_w14g4_d32_s2_q2,det,bruteforce,16,4,1,4,4,14,4,32,2,2,0,0,0
bf_det_k16_l4_r1_c4_m4_w14g4_d64_s2_q2,det,bruteforce,16,4,1,4,4,14,4,64,2,2,0,0,0
bf_det_k16_l4_r1_c4_m4_w14g8_d32_s2_q2,det,bruteforce,16,4,1,4,4,14,8,32,2,2,0,0,0
bf_det_k16_l4_r1_c4_m4_w14g8_d64_s2_q2,det,bruteforce,16,4,1,4,4,14,8,64,2,2,0,0,0
bf_det_k16_l4_r1_c4_m4_w16g0_d32_s2_q2,det,bruteforce,16,4,1,4,4,16,0,32,2,2,0,0,0
bf_det_k16_l4_r1_c4_m4_w16g0_d64_s2_q2,det,bruteforce,16,4,1,4,4,16,0,64,2,2,0,0,0
bf_det_k16_l4_r1_c4_m4_w16g4_d32_s2_q2,det,bruteforce,16,4,1,4,4,16,4,32,2,2,0,0,0
bf_det_k16_l4_r1_c4_m4_w16g4_d64_s2_q2,det,bruteforce,16,4,1,4,4,16,4,64,2,2,0,0,0
bf_det_k16_l4_r1_c4_m4_w16g8_d32_s2_q2,det,bruteforce,16,4,1,4,4,16,8,32,2,2,0,0,0
bf_det_k16_l4_r1_c4_m4_w16g8_d64_s2_q2,det,bruteforce,16,4,1,4,4,16,8,64,2,2,0,0,0
bf_det_k16_l4_r4_c4_m3_w8g0_d32_s2_q2,det,bruteforce,16,4,4,4,3,8,0,32,2,2,0,0,0
bf_det_k16_l4_r4_c4_m3_w8g0_d64_s2_q2,det,bruteforce,16,4,4,4,3,8,0,64,2,2,0,0,0
bf_det_k16_l4_r4_c4_m3_w8g4_d32_s2_q2,det,bruteforce,16,4,4,4,3,8,4,32,2,2,0,0,0
bf_det_k16_l4_r4_c4_m3_w8g4_d64_s2_q2,det,bruteforce,16,4,4,4,3,8,4,64,2,2,0,0,0
bf_det_k16_l4_r4_c4_m3_w8g8_d32_s2_q2,det,bruteforce,16,4,4,4,3,8,8,32,2,2,0,0,0
bf_det_k16_l4_r4_c4_m3_w8g8_d64_s2_q2,det,bruteforce,16,4,4,4,3,8,8,64,2,2,0,0,0
bf_det_k16_l4_r4_c4_m3_w10g0_d32_s2_q2,det,bruteforce,16,4,4,4,3,10,0,32,2,2,0,0,0
bf_det_k16_l4_r4_c4_m3_w10g0_d64_s2_q2,det,bruteforce,16,4,4,4,3,10,0,64,2,2,0,0,0
bf_det_k16_l4_r4_c4_m3_w10g4_d32_s2_q2,det,bruteforce,16,4,4,4,3,10,4,32,2,2,0,0,0
bf_det_k16_l4_r4_c4_m3_w10g4_d64_s2_q2,det,bruteforce,16,4,4,4,3,10,4,64,2,2,0,0,0
bf_det_k16_l4_r4_c4_m3_w10g8_d32_s2_q2,det,bruteforce,16,4,4,4,3,10,8,32,2,2,0,0,0
bf_det_k16_l4_r4_c4_m3_w10g8_d64_s2_q2,det,bruteforce,16,4,4,4,3,10,8,64,2,2,0,0,0
bf_det_k16_l4_r4_c4_m3_w12g0_d32_s2_q2,det,bruteforce,16,4,4,4,3,12,0,32,2,2,0,0,0
bf_det_k16_l4_r4_c4_m3_w12g0_d64_s2_q2,det,bruteforce,16,4,4,4,3,12,0,64,2,2,0,0,0
bf_det_k16_l4_r4_c4_m3_w12g4_d32_s2_q2,det,bruteforce,16,4,4,4,3,12,4,32,2,2,0,0,0
bf_det_k16_l4_r4_c4_m3_w12g4_d64_s2_q2,det,bruteforce,16,4,4,4,3,12,4,64,2,2,0,0,0
bf_det_k16_l4_r4_c4_m3_w12g8_d32_s2_q2,det,bruteforce,16,4,4,4,3,12,8,32,2,2,0,1,0
bf_det_k16_l4_r4_c4_m3_w12g8_d64_s2_q2,det,bruteforce,16,4,4,4,3,12,8,64,2,2,0,1,0
bf_det_k16_l4_r4_c4_m3_w14g0_d32_s2_q2,det,bruteforce,16,4,4,4,3,14,0,32,2,2,0,0,0
bf_det_k16_l4_r4_c4_m3_w14g0_d64_s2_q2,det,bruteforce,16,4,4,4,3,14,0,64,2,2,0,0,0
bf_det_k16_l4_r4_c4_m3_w14g4_d32_s2_q2,det,bruteforce,16,4,4,4,3,14,4,32,2,2,0,0,0
bf_det_k16_l4_r4_c4_m3_w14g4_d64_s2_q2,det,bruteforce,16,4,4,4,3,14,4,64,2,2,0,0,0
bf_det_k16_l4_r4_c4_m3_w14g8_d32_s2_q2,det,bruteforce,16,4,4,4,3,14,8,32,2,2,0,0,0
bf_det_k16_l4_r4_c4_m3_w14g8_d64_s2_q2,det,bruteforce,16,4,4,4,3,14,8,64,2,2,0,0,0
bf_det_k16_l4_r4_c4_m3_w16g0_d32_s2_q2,det,bruteforce,16,4,4,4,3,16,0,32,2,2,0,0,0
bf_det_k16_l4_r4_c4_m3_w16g0_d64_s2_q2,det,bruteforce,16,4,4,4,3,16,0,64,2,2,0,0,0
bf_det_k16_l4_r4_c4_m3_w16g4_d32_s2_q2,det,bruteforce,16,4,4,4,3,16,4,32,2,2,0,0,0
bf_det_k16_l4_r4_c4_m3_w16g4_d64_s2_q2,det,bruteforce,16,4,4,4,3,16,4,64,2,2,0,0,0
bf_det_k16_l4_r4_c4_m3_w16g8_d32_s2_q2,det,bruteforce,16,4,4,4,3,16,8,32,2,2,0,0,0
bf_det_k16_l4_r4_c4_m3_w16g8_d64_s2_q2,det,bruteforce,16,4,4,4,3,16,8,64,2,2,0,0,0
bf_det_k16_l4_r4_c4_m4_w8g0_d32_s2_q2,det,bruteforce,16,4,4,4,4,8,0,32,2,2,0,0,0
bf_det_k16_l4_r4_c4_m4_w8g0_d64_s2_q2,det,bruteforce,16,4,4,4,4,8,0,64,2,2,0,0,0
bf_det_k16_l4_r4_c4_m4_w8g4_d32_s2_q2,det,bruteforce,16,4,4,4,4,8,4,32,2,2,0,0,0
bf_det_k16_l4_r4_c4_m4_w8g4_d64_s2_q2,det,bruteforce,16,4,4,4,4,8,4,64,2,2,0,0,0
bf_det_k16_l4_r4_c4_m4_w8g8_d32_s2_q2,det,bruteforce,16,4,4,4,4,8,8,32,2,2,0,0,0
bf_det_k16_l4_r4_c4_m4_w8g8_d64_s2_q2,det,bruteforce,16,4,4,4,4,8,8,64,2,2,0,0,0
bf_det_k16_l4_r4_c4_m4_w10g0_d32_s2_q2,det,bruteforce,16,4,4,4,4,10,0,32,2,2,0,0,0
bf_det_k16_l4_r4_c4_m4_w10g0_d64_s2_q2,det,bruteforce,16,4,4,4,4,10,0,64,2,2,0,0,0
bf_det_k16_l4_r4_c4_m4_w10g4_d32_s2_q2,det,bruteforce,16,4,4,4,4,10,4,32,2,2,0,0,0
bf_det_k16_l4_r4_c4_m4_w10g4_d64_s2_q2,det,bruteforce,16,4,4,4,4,10,4,64,2,2,0,0,0
bf_det_k16_l4_r4_c4_m4_w10g8_d32_s2_q2,det,bruteforce,16,4,4,4,4,10,8,32,2,2,0,0,0
bf_det_k16_l4_r4_c4_m4_w10g8_d64_s2_q2,det,bruteforce,16,4,4,4,4,10,8,64,2,2,0,0,0
bf_det_k16_l4_r4_c4_m4_w12g0_d32_s2_q2,det,bruteforce,16,4,4,4,4,12,0,32,2,2,0,0,0
bf_det_k16_l4_r4_c4_m4_w12g0_d64_s2_q2,det,bruteforce,16,4,4,4,4,12,0,64,2,2,0,0,0
bf_det_k16_l4_r4_c4_m4_w12g4_d32_s2_q2,det,bruteforce,16,4,4,4,4,12,4,32,2,2,0,0,0
bf_det_k16_l4_r4_c4_m4_w12g4_d64_s2_q2,det,bruteforce,16,4,4,4,4,12,4,64,2,2,0,0,0
bf_det_k16_l4_r4_c4_m4_w12g8_d32_s2_q2,det,bruteforce,16,4,4,4,4,12,8,32,2,2,0,1,0
bf_det_k16_l4_r4_c4_m4_w12g8_d64_s2_q2,det,bruteforce,16,4,4,4,4,12,8,64,2,2,0,1,0
bf_det_k16_l4_r4_c4_m4_w14g0_d32_s2_q2,det,bruteforce,16,4,4,4,4,14,0,32,2,2,0,0,0
bf_det_k16_l4_r4_c4_m4_w14g0_d64_s2_q2,det,bruteforce,16,4,4,4,4,14,0,64,2,2,0,0,0
bf_det_k16_l4_r4_c4_m4_w14g4_d32_s2_q2,det,bruteforce,16,4,4,4,4,14,4,32,2,2,0,0,0
bf_det_k16_l4_r4_c4_m4_w14g4_d64_s2_q2,det,bruteforce,16,4,4,4,4,14,4,64,2,2,0,0,0
bf_det_k16_l4_r4_c4_m4_w14g8_d32_s2_q2,det,bruteforce,16,4,4,4,4,14,8,32,2,2,0,0,0
bf_det_k16_l4_r4_c4_m4_w14g8_d64_s2_q2,det,bruteforce,16,4,4,4,4,14,8,64,2,2,0,0,0
bf_det_k16_l4_r4_c4_m4_w16g0_d32_s2_q2,det,bruteforce,16,4,4,4,4,16,0,32,2,2,0,0,0
bf_det_k16_l4_r4_c4_m4_w16g0_d64_s2_q2,det,bruteforce,16,4,4,4,4,16,0,64,2,2,0,0,0
bf_det_k16_l4_r4_c4_m4_w16g4_d32_s2_q2,det,bruteforce,16,4,4,4,4,16,4,32,2,2,0,0,0
bf_det_k16_l4_r4_c4_m4_w16g4_d64_s2_q2,det,bruteforce,16,4,4,4,4,16,4,64,2,2,0,0,0
bf_det_k16_l4_r4_c4_m4_w16g8_d32_s2_q2,det,bruteforce,16,4,4,4,4,16,8,32,2,2,0,0,0
bf_det_k16_l4_r4_c4_m4_w16g8_d64_s2_q2,det,bruteforce,16,4,4,4,4,16,8,64,2,2,0,0,0
bf_det_k16_l4_r16_c4_m3_w8g0_d32_s2_q2,det,bruteforce,16,4,16,4,3,8,0,32,2,2,0,0,0
bf_det_k16_l4_r16_c4_m3_w8g0_d64_s2_q2,det,bruteforce,16,4,16,4,3,8,0,64,2,2,0,0,0
bf_det_k16_l4_r16_c4_m3_w8g4_d32_s2_q2,det,bruteforce,16,4,16,4,3,8,4,32,2,2,0,0,0
bf_det_k16_l4_r16_c4_m3_w8g4_d64_s2_q2,det,bruteforce,16,4,16,4,3,8,4,64,2,2,0,0,0
bf_det_k16_l4_r16_c4_m3_w8g8_d32_s2_q2,det,bruteforce,16,4,16,4,3,8,8,32,2,2,0,0,0
bf_det_k16_l4_r16_c4_m3_w8g8_d64_s2_q2,det,bruteforce,16,4,16,4,3,8,8,64,2,2,0,0,0
bf_det_k16_l4_r16_c4_m3_w10g0_d32_s2_q2,det,bruteforce,16,4,16,4,3,10,0,32,2,2,0,0,0
bf_det_k16_l4_r16_c4_m3_w10g0_d64_s2_q2,det,bruteforce,16,4,16,4,3,10,0,64,2,2,0,0,0
bf_det_k16_l4_r16_c4_m3_w10g4_d32_s2_q2,det,bruteforce,16,4,16,4,3,10,4,32,2,2,0,0,0
bf_det_k16_l4_r16_c4_m3_w10g4_d64_s2_q2,det,bruteforce,16,4,16,4,3,10,4,64,2,2,0,0,0
bf_det_k16_l4_r16_c4_m3_w10g8_d32_s2_q2,det,bruteforce,16,4,16,4,3,10,8,32,2,2,0,0,0
bf_det_k16_l4_r16_c4_m3_w10g8_d64_s2_q2,det,bruteforce,16,4,16,4,3,10,8,64,2,2,0,0,0
bf_det_k16_l4_r16_c4_m3_w12g0_d32_s2_q2,det,bruteforce,16,4,16,4,3,12,0,32,2,2,0,0,0
bf_det_k16_l4_r16_c4_m3_w12g0_d64_s2_q2,det,bruteforce,16,4,16,4,3,12,0,64,2,2,0,0,0
bf_det_k16_l4_r16_c4_m3_w12g4_d32_s2_q2,det,bruteforce,16,4,16,4,3,12,4,32,2,2,0,0,0
bf_det_k16_l4_r16_c4_m3_w12g4_d64_s2_q2,det,bruteforce,16,4,16,4,3,12,4,64,2,2,0,0,0
bf_det_k16_l4_r16_c4_m3_w12g8_d32_s2_q2,det,bruteforce,16,4,16,4,3,12,8,32,2,2,0,1,0
bf_det_k16_l4_r16_c4_m3_w12g8_d64_s2_q2,det,bruteforce,16,4,16,4,3,12,8,64,2,2,0,1,0
bf_det_k16_l4_r16_c4_m3_w14g0_d32_s2_q2,det,bruteforce,16,4,16,4,3,14,0,32,2,2,0,0,0
bf_det_k16_l4_r16_c4_m3_w14g0_d64_s2_q2,det,bruteforce,16,4,16,4,3,14,0,64,2,2,0,0,0
bf_det_k16_l4_r16_c4_m3_w14g4_d32_s2_q2,det,bruteforce,16,4,16,4,3,14,4,32,2,2,0,0,0
bf_det_k16_l4_r16_c4_m3_w14g4_d64_s2_q2,det,bruteforce,16,4,16,4,3,14,4,64,2,2,0,0,0
bf_det_k16_l4_r16_c4_m3_w14g8_d32_s2_q2,det,bruteforce,16,4,16,4,3,14,8,32,2,2,0,0,0
bf_det_k16_l4_r16_c4_m3_w14g8_d64_s2_q2,det,bruteforce,16,4,16,4,3,14,8,64,2,2,0,0,0
bf_det_k16_l4_r16_c4_m3_w16g0_d32_s2_q2,det,bruteforce,16,4,16,4,3,16,0,32,2,2,0,0,0
bf_det_k16_l4_r16_c4_m3_w16g0_d64_s2_q2,det,bruteforce,16,4,16,4,3,16,0,64,2,2,0,0,0
bf_det_k16_l4_r16_c4_m3_w16g4_d32_s2_q2,det,bruteforce,16,4,16,4,3,16,4,32,2,2,0,0,0
bf_det_k16_l4_r16_c4_m3_w16g4_d64_s2_q2,det,bruteforce,16,4,16,4,3,16,4,64,2,2,0,0,0
bf_det_k16_l4_r16_c4_m3_w16g8_d32_s2_q2,det,bruteforce,16,4,16,4,3,16,8,32,2,2,0,0,0
bf_det_k16_l4_r16_c4_m3_w16g8_d64_s2_q2,det,bruteforce,16,4,16,4,3,16,8,64,2,2,0,0,0
bf_det_k16_l4_r16_c4_m4_w8g0_d32_s2_q2,det,bruteforce,16,4,16,4,4,8,0,32,2,2,0,0,0
bf_det_k16_l4_r16_c4_m4_w8g0_d64_s2_q2,det,bruteforce,16,4,16,4,4,8,0,64,2,2,0,0,0
bf_det_k16_l4_r16_c4_m4_w8g4_d32_s2_q2,det,bruteforce,16,4,16,4,4,8,4,32,2,2,0,0,0
bf_det_k16_l4_r16_c4_m4_w8g4_d64_s2_q2,det,bruteforce,16,4,16,4,4,8,4,64,2,2,0,0,0
bf_det_k16_l4_r16_c4_m4_w8g8_d32_s2_q2,det,bruteforce,16,4,16,4,4,8,8,32,2,2,0,0,0
bf_det_k16_l4_r16_c4_m4_w8g8_d64_s2_q2,det,bruteforce,16,4,16,4,4,8,8,64,2,2,0,0,0
bf_det_k16_l4_r16_c4_m4_w10g0_d32_s2_q2,det,bruteforce,16,4,16,4,4,10,0,32,2,2,0,0,0
bf_det_k16_l4_r16_c4_m4_w10g0_d64_s2_q2,det,bruteforce,16,4,16,4,4,10,0,64,2,2,0,0,0
bf_det_k16_l4_r16_c4_m4_w10g4_d32_s2_q2,det,bruteforce,16,4,16,4,4,10,4,32,2,2,0,0,0
bf_det_k16_l4_r16_c4_m4_w10g4_d64_s2_q2,det,bruteforce,16,4,16,4,4,10,4,64,2,2,0,0,0
bf_det_k16_l4_r16_c4_m4_w10g8_d32_s2_q2,det,bruteforce,16,4,16,4,4,10,8,32,2,2,0,0,0
bf_det_k16_l4_r16_c4_m4_w10g8_d64_s2_q2,det,bruteforce,16,4,16,4,4,10,8,64,2,2,0,0,0
bf_det_k16_l4_r16_c4_m4_w12g0_d32_s2_q2,det,bruteforce,16,4,16,4,4,12,0,32,2,2,0,0,1
bf_det_k16_l4_r16_c4_m4_w12g0_d64_s2_q2,det,bruteforce,16,4,16,4,4,12,0,64,2,2,0,0,1
bf_det_k16_l4_r16_c4_m4_w12g4_d32_s2_q2,det,bruteforce,16,4,16,4,4,12,4,32,2,2,0,0,1
bf_det_k16_l4_r16_c4_m4_w12g4_d64_s2_q2,det,bruteforce,16,4,16,4,4,12,4,64,2,2,0,0,1
bf_det_k16_l4_r16_c4_m4_w12g8_d32_s2_q2,det,bruteforce,16,4,16,4,4,12,8,32,2,2,0,1,1
bf_det_k16_l4_r16_c4_m4_w12g8_d64_s2_q2,det,bruteforce,16,4,16,4,4,12,8,64,2,2,1,1,1
bf_det_k16_l4_r16_c4_m4_w14g0_d32_s2_q2,det,bruteforce,16,4,16,4,4,14,0,32,2,2,0,0,0
bf_det_k16_l4_r16_c4_m4_w14g0_d64_s2_q2,det,bruteforce,16,4,16,4,4,14,0,64,2,2,0,0,0
bf_det_k16_l4_r16_c4_m4_w14g4_d32_s2_q2,det,bruteforce,16,4,16,4,4,14,4,32,2,2,0,0,0
bf_det_k16_l4_r16_c4_m4_w14g4_d64_s2_q2,det,bruteforce,16,4,16,4,4,14,4,64,2,2,0,0,0
bf_det_k16_l4_r16_c4_m4_w14g8_d32_s2_q2,det,bruteforce,16,4,16,4,4,14,8,32,2,2,0,0,0
bf_det_k16_l4_r16_c4_m4_w14g8_d64_s2_q2,det,bruteforce,16,4,16,4,4,14,8,64,2,2,0,0,0
bf_det_k16_l4_r16_c4_m4_w16g0_d32_s2_q2,det,bruteforce,16,4,16,4,4,16,0,32,2,2,0,0,0
bf_det_k16_l4_r16_c4_m4_w16g0_d64_s2_q2,det,bruteforce,16,4,16,4,4,16,0,64,2,2,0,0,0
bf_det_k16_l4_r16_c4_m4_w16g4_d32_s2_q2,det,bruteforce,16,4,16,4,4,16,4,32,2,2,0,0,0
bf_det_k16_l4_r16_c4_m4_w16g4_d64_s2_q2,det,bruteforce,16,4,16,4,4,16,4,64,2,2,0,0,0
bf_det_k16_l4_r16_c4_m4_w16g8_d32_s2_q2,det,bruteforce,16,4,16,4,4,16,8,32,2,2,0,0,0
bf_det_k16_l4_r16_c4_m4_w16g8_d64_s2_q2,det,bruteforce,16,4,16,4,4,16,8,64,2,2,0,0,0
bf_det_k16_l16_r1_c16_m3_w8g0_d32_s2_q2,det,bruteforce,16,16,1,16,3,8,0,32,2,2,0,0,0
bf_det_k16_l16_r1_c16_m3_w8g0_d64_s2_q2,det,bruteforce,16,16,1,16,3,8,0,64,2,2,0,0,0
bf_det_k16_l16_r1_c16_m3_w8g4_d32_s2_q2,det,bruteforce,16,16,1,16,3,8,4,32,2,2,0,0,0
bf_det_k16_l16_r1_c16_m3_w8g4_d64_s2_q2,det,bruteforce,16,16,1,16,3,8,4,64,2,2,0,0,0
bf_det_k16_l16_r1_c16_m3_w8g8_d32_s2_q2,det,bruteforce,16,16,1,16,3,8,8,32,2,2,0,0,0
bf_det_k16_l16_r1_c16_m3_w8g8_d64_s2_q2,det,bruteforce,16,16,1,16,3,8,8,64,2,2,0,0,0
bf_det_k16_l16_r1_c16_m3_w10g0_d32_s2_q2,det,bruteforce,16,16,1,16,3,10,0,32,2,2,0,0,0
bf_det_k16_l16_r1_c16_m3_w10g0_d64_s2_q2,det,bruteforce,16,16,1,16,3,10,0,64,2,2,0,0,0
bf_det_k16_l16_r1_c16_m3_w10g4_d32_s2_q2,det,bruteforce,16,16,1,16,3,10,4,32,2,2,0,0,0
bf_det_k16_l16_r1_c16_m3_w10g4_d64_s2_q2,det,bruteforce,16,16,1,16,3,10,4,64,2,2,0,0,0
bf_det_k16_l16_r1_c16_m3_w10g8_d32_s2_q2,det,bruteforce,16,16,1,16,3,10,8,32,2,2,0,0,0
bf_det_k16_l16_r1_c16_m3_w10g8_d64_s2_q2,det,bruteforce,16,16,1,16,3,10,8,64,2,2,0,0,0
bf_det_k16_l16_r1_c16_m3_w12g0_d32_s2_q2,det,bruteforce,16,16,1,16,3,12,0,32,2,2,0,0,0
bf_det_k16_l16_r1_c16_m3_w12g0_d64_s2_q2,det,bruteforce,16,16,1,16,3,12,0,64,2,2,0,0,0
bf_det_k16_l16_r1_c16_m3_w12g4_d32_s2_q2,det,bruteforce,16,16,1,16,3,12,4,32,2,2,0,0,0
bf_det_k16_l16_r1_c16_m3_w12g4_d64_s2_q2,det,bruteforce,16,16,1,16,3,12,4,64,2,2,0,0,0
bf_det_k16_l16_r1_c16_m3_w12g8_d32_s2_q2,det,bruteforce,16,16,1,16,3,12,8,32,2,2,0,1,0
bf_det_k16_l16_r1_c16_m3_w12g8_d64_s2_q2,det,bruteforce,16,16,1,16,3,12,8,64,2,2,0,1,0
bf_det_k16_l16_r1_c16_m3_w14g0_d32_s2_q2,det,bruteforce,16,16,1,16,3,14,0,32,2,2,0,0,0
bf_det_k16_l16_r1_c16_m3_w14g0_d64_s2_q2,det,bruteforce,16,16,1,16,3,14,0,64,2,2,0,0,0
bf_det_k16_l16_r1_c16_m3_w14g4_d32_s2_q2,det,bruteforce,16,16,1,16,3,14,4,32,2,2,0,0,0
bf_det_k16_l16_r1_c16_m3_w14g4_d64_s2_q2,det,bruteforce,16,16,1,16,3,14,4,64,2,2,0,0,0
bf_det_k16_l16_r1_c16_m3_w14g8_d32_s2_q2,det,bruteforce,16,16,1,16,3,14,8,32,2,2,0,0,0
bf_det_k16_l16_r1_c16_m3_w14g8_d64_s2_q2,det,bruteforce,16,16,1,16,3,14,8,64,2,2,0,0,0
bf_det_k16_l16_r1_c16_m3_w16g0_d32_s2_q2,det,bruteforce,16,16,1,16,3,16,0,32,2,2,0,0,0
bf_det_k16_l16_r1_c16_m3_w16g0_d64_s2_q2,det,bruteforce,16,16,1,16,3,16,0,64,2,2,0,0,0
bf_det_k16_l16_r1_c16_m3_w16g4_d32_s2_q2,det,bruteforce,16,16,1,16,3,16,4,32,2,2,0,0,0
bf_det_k16_l16_r1_c16_m3_w16g4_d64_s2_q2,det,bruteforce,16,16,1,16,3,16,4,64,2,2,0,0,0
bf_det_k16_l16_r1_c16_m3_w16g8_d32_s2_q2,det,bruteforce,16,16,1,16,3,16,8,32,2,2,0,1,0
bf_det_k16_l16_r1_c16_m3_w16g8_d64_s2_q2,det,bruteforce,16,16,1,16,3,16,8,64,2,2,0,1,0
bf_det_k16_l16_r1_c16_m4_w8g0_d32_s2_q2,det,bruteforce,16,16,1,16,4,8,0,32,2,2,0,0,0
bf_det_k16_l16_r1_c16_m4_w8g0_d64_s2_q2,det,bruteforce,16,16,1,16,4,8,0,64,2,2,0,0,0
bf_det_k16_l16_r1_c16_m4_w8g4_d32_s2_q2,det,bruteforce,16,16,1,16,4,8,4,32,2,2,0,0,0
bf_det_k16_l16_r1_c16_m4_w8g4_d64_s2_q2,det,bruteforce,16,16,1,16,4,8,4,64,2,2,0,0,0
bf_det_k16_l16_r1_c16_m4_w8g8_d32_s2_q2,det,bruteforce,16,16,1,16,4,8,8,32,2,2,0,0,0
bf_det_k16_l16_r1_c16_m4_w8g8_d64_s2_q2,det,bruteforce,16,16,1,16,4,8,8,64,2,2,0,0,0
bf_det_k16_l16_r1_c16_m4_w10g0_d32_s2_q2,det,bruteforce,16,16,1,16,4,10,0,32,2,2,0,0,0
bf_det_k16_l16_r1_c16_m4_w10g0_d64_s2_q2,det,bruteforce,16,16,1,16,4,10,0,64,2,2,0,0,0
bf_det_k16_l16_r1_c16_m4_w10g4_d32_s2_q2,det,bruteforce,16,16,1,16,4,10,4,32,2,2,0,0,0
bf_det_k16_l16_r1_c16_m4_w10g4_d64_s2_q2,det,bruteforce,16,16,1,16,4,10,4,64,2,2,0,0,0
bf_det_k16_l16_r1_c16_m4_w10g8_d32_s2_q2,det,bruteforce,16,16,1,16,4,10,8,32,2,2,0,0,0
bf_det_k16_l16_r1_c16_m4_w10g8_d64_s2_q2,det,bruteforce,16,16,1,16,4,10,8,64,2,2,0,0,0
bf_det_k16_l16_r1_c16_m4_w12g0_d32_s2_q2,det,bruteforce,16,16,1,16,4,12,0,32,2,2,0,0,0
bf_det_k16_l16_r1_c16_m4_w12g0_d64_s2_q2,det,bruteforce,16,16,1,16,4,12,0,64,2,2,0,0,0
bf_det_k16_l16_r1_c16_m4_w12g4_d32_s2_q2,det,bruteforce,16,16,1,16,4,12,4,32,2,2,0,0,0
bf_det_k16_l16_r1_c16_m4_w12g4_d64_s2_q2,det,bruteforce,16,16,1,16,4,12,4,64,2,2,0,0,0
bf_det_k16_l16_r1_c16_m4_w12g8_d32_s2_q2,det,bruteforce,16,16,1,16,4,12,8,32,2,2,0,1,0
bf_det_k16_l16_r1_c16_m4_w12g8_d64_s2_q2,det,bruteforce,16,16,1,16,4,12,8,64,2,2,0,1,0
bf_det_k16_l16_r1_c16_m4_w14g0_d32_s2_q2,det,bruteforce,16,16,1,16,4,14,0,32,2,2,0,0,0
bf_det_k16_l16_r1_c16_m4_w14g0_d64_s2_q2,det,bruteforce,16,16,1,16,4,14,0,64,2,2,0,0,0
bf_det_k16_l16_r1_c16_m4_w14g4_d32_s2_q2,det,bruteforce,16,16,1,16,4,14,4,32,2,2,0,0,0
bf_det_k16_l16_r1_c16_m4_w14g4_d64_s2_q2,det,bruteforce,16,16,1,16,4,14,4,64,2,2,0,0,0
bf_det_k16_l16_r1_c16_m4_w14g8_d32_s2_q2,det,bruteforce,16,16,1,16,4,14,8,32,2,2,0,0,0
bf_det_k16_l16_r1_c16_m4_w14g8_d64_s2_q2,det,bruteforce,16,16,1,16,4,14,8,64,2,2,0,0,0
bf_det_k16_l16_r1_c16_m4_w16g0_d32_s2_q2,det,bruteforce,16,16,1,16,4,16,0,32,2,2,0,0,0
bf_det_k16_l16_r1_c16_m4_w16g0_d64_s2_q2,det,bruteforce,16,16,1,16,4,16,0,64,2,2,0,0,0
bf_det_k16_l16_r1_c16_m4_w16g4_d32_s2_q2,det,bruteforce,16,16,1,16,4,16,4,32,2,2,0,0,0
bf_det_k16_l16_r1_c16_m4_w16g4_d64_s2_q2,det,bruteforce,16,16,1,16,4,16,4,64,2,2,0,0,0
bf_det_k16_l16_r1_c16_m4_w16g8_d32_s2_q2,det,bruteforce,16,16,1,16,4,16,8,32,2,2,0,1,0
bf_det_k16_l16_r1_c16_m4_w16g8_d64_s2_q2,det,bruteforce,16,16,1,16,4,16,8,64,2,2,0,1,0
bf_det_k16_l16_r4_c16_m3_w8g0_d32_s2_q2,det,bruteforce,16,16,4,16,3,8,0,32,2,2,0,0,0
bf_det_k16_l16_r4_c16_m3_w8g0_d64_s2_q2,det,bruteforce,16,16,4,16,3,8,0,64,2,2,0,0,0
bf_det_k16_l16_r4_c16_m3_w8g4_d32_s2_q2,det,bruteforce,16,16,4,16,3,8,4,32,2,2,0,0,0
bf_det_k16_l16_r4_c16_m3_w8g4_d64_s2_q2,det,bruteforce,16,16,4,16,3,8,4,64,2,2,0,0,0
bf_det_k16_l16_r4_c16_m3_w8g8_d32_s2_q2,det,bruteforce,16,16,4,16,3,8,8,32,2,2,0,0,0
bf_det_k16_l16_r4_c16_m3_w8g8_d64_s2_q2,det,bruteforce,16,16,4,16,3,8,8,64,2,2,0,0,0
bf_det_k16_l16_r4_c16_m3_w10g0_d32_s2_q2,det,bruteforce,16,16,4,16,3,10,0,32,2,2,0,0,0
bf_det_k16_l16_r4_c16_m3_w10g0_d64_s2_q2,det,bruteforce,16,16,4,16,3,10,0,64,2,2,0,0,0
bf_det_k16_l16_r4_c16_m3_w10g4_d32_s2_q2,det,bruteforce,16,16,4,16,3,10,4,32,2,2,0,0,0
bf_det_k16_l16_r4_c16_m3_w10g4_d64_s2_q2,det,bruteforce,16,16,4,16,3,10,4,64,2,2,0,0,0
bf_det_k16_l16_r4_c16_m3_w10g8_d32_s2_q2,det,bruteforce,16,16,4,16,3,10,8,32,2,2,0,0,0
bf_det_k16_l16_r4_c16_m3_w10g8_d64_s2_q2,det,bruteforce,16,16,4,16,3,10,8,64,2,2,0,0,0
bf_det_k16_l16_r4_c16_m3_w12g0_d32_s2_q2,det,bruteforce,16,16,4,16,3,12,0,32,2,2,0,0,0
bf_det_k16_l16_r4_c16_m3_w12g0_d64_s2_q2,det,bruteforce,16,16,4,16,3,12,0,64,2,2,0,0,0
bf_det_k16_l16_r4_c16_m3_w12g4_d32_s2_q2,det,bruteforce,16,16,4,16,3,12,4,32,2,2,0,0,0
bf_det_k16_l16_r4_c16_m3_w12g4_d64_s2_q2,det,bruteforce,16,16,4,16,3,12,4,64,2,2,0,0,0
bf_det_k16_l16_r4_c16_m3_w12g8_d32_s2_q2,det,bruteforce,16,16,4,16,3,12,8,32,2,2,0,1,0
bf_det_k16_l16_r4_c16_m3_w12g8_d64_s2_q2,det,bruteforce,16,16,4,16,3,12,8,64,2,2,0,1,0
bf_det_k16_l16_r4_c16_m3_w14g0_d32_s2_q2,det,bruteforce,16,16,4,16,3,14,0,32,2,2,0,0,0
bf_det_k16_l16_r4_c16_m3_w14g0_d64_s2_q2,det,bruteforce,16,16,4,16,3,14,0,64,2,2,0,0,0
bf_det_k16_l16_r4_c16_m3_w14g4_d32_s2_q2,det,bruteforce,16,16,4,16,3,14,4,32,2,2,0,0,0
bf_det_k16_l16_r4_c16_m3_w14g4_d64_s2_q2,det,bruteforce,16,16,4,16,3,14,4,64,2,2,0,0,0
bf_det_k16_l16_r4_c16_m3_w14g8_d32_s2_q2,det,bruteforce,16,16,4,16,3,14,8,32,2,2,0,0,0
bf_det_k16_l16_r4_c16_m3_w14g8_d64_s2_q2,det,bruteforce,16,16,4,16,3,14,8,64,2,2,0,0,0
bf_det_k16_l16_r4_c16_m3_w16g0_d32_s2_q2,det,bruteforce,16,16,4,16,3,16,0,32,2,2,0,0,1
bf_det_k16_l16_r4_c16_m3_w16g0_d64_s2_q2,det,bruteforce,16,16,4,16,3,16,0,64,2,2,0,0,1
bf_det_k16_l16_r4_c16_m3_w16g4_d32_s2_q2,det,bruteforce,16,16,4,16,3,16,4,32,2,2,0,0,1
bf_det_k16_l16_r4_c16_m3_w16g4_d64_s2_q2,det,bruteforce,16,16,4,16,3,16,4,64,2,2,0,0,1
bf_det_k16_l16_r4_c16_m3_w16g8_d32_s2_q2,det,bruteforce,16,16,4,16,3,16,8,32,2,2,0,1,1
bf_det_k16_l16_r4_c16_m3_w16g8_d64_s2_q2,det,bruteforce,16,16,4,16,3,16,8,64,2,2,0,1,1
bf_det_k16_l16_r4_c16_m4_w8g0_d32_s2_q2,det,bruteforce,16,16,4,16,4,8,0,32,2,2,0,0,0
bf_det_k16_l16_r4_c16_m4_w8g0_d64_s2_q2,det,bruteforce,16,16,4,16,4,8,0,64,2,2,0,0,0
bf_det_k16_l16_r4_c16_m4_w8g4_d32_s2_q2,det,bruteforce,16,16,4,16,4,8,4,32,2,2,0,0,0
bf_det_k16_l16_r4_c16_m4_w8g4_d64_s2_q2,det,bruteforce,16,16,4,16,4,8,4,64,2,2,0,0,0
bf_det_k16_l16_r4_c16_m4_w8g8_d32_s2_q2,det,bruteforce,16,16,4,16,4,8,8,32,2,2,0,0,0
bf_det_k16_l16_r4_c16_m4_w8g8_d64_s2_q2,det,bruteforce,16,16,4,16,4,8,8,64,2,2,0,0,0
bf_det_k16_l16_r4_c16_m4_w10g0_d32_s2_q2,det,bruteforce,16,16,4,16,4,10,0,32,2,2,0,0,0
bf_det_k16_l16_r4_c16_m4_w10g0_d64_s2_q2,det,bruteforce,16,16,4,16,4,10,0,64,2,2,0,0,0
bf_det_k16_l16_r4_c16_m4_w10g4_d32_s2_q2,det,bruteforce,16,16,4,16,4,10,4,32,2,2,0,0,0
bf_det_k16_l16_r4_c16_m4_w10g4_d64_s2_q2,det,bruteforce,16,16,4,16,4,10,4,64,2,2,0,0,0
bf_det_k16_l16_r4_c16_m4_w10g8_d32_s2_q2,det,bruteforce,16,16,4,16,4,10,8,32,2,2,0,0,0
bf_det_k16_l16_r4_c16_m4_w10g8_d64_s2_q2,det,bruteforce,16,16,4,16,4,10,8,64,2,2,0,0,0
bf_det_k16_l16_r4_c16_m4_w12g0_d32_s2_q2,det,bruteforce,16,16,4,16,4,12,0,32,2,2,0,0,0
bf_det_k16_l16_r4_c16_m4_w12g0_d64_s2_q2,det,bruteforce,16,16,4,16,4,12,0,64,2,2,0,0,0
bf_det_k16_l16_r4_c16_m4_w12g4_d32_s2_q2,det,bruteforce,16,16,4,16,4,12,4,32,2,2,0,0,0
bf_det_k16_l16_r4_c16_m4_w12g4_d64_s2_q2,det,bruteforce,16,16,4,16,4,12,4,64,2,2,0,0,0
bf_det_k16_l16_r4_c16_m4_w12g8_d32_s2_q2,det,bruteforce,16,16,4,16,4,12,8,32,2,2,0,1,0
bf_det_k16_l16_r4_c16_m4_w12g8_d64_s2_q2,det,bruteforce,16,16,4,16,4,12,8,64,2,2,0,1,0
bf_det_k16_l16_r4_c16_m4_w14g0_d32_s2_q2,det,bruteforce,16,16,4,16,4,14,0,32,2,2,0,0,0
bf_det_k16_l16_r4_c16_m4_w14g0_d64_s2_q2,det,bruteforce,16,16,4,16,4,14,0,64,2,2,0,0,0
bf_det_k16_l16_r4_c16_m4_w14g4_d32_s2_q2,det,bruteforce,16,16,4,16,4,14,4,32,2,2,0,0,0
bf_det_k16_l16_r4_c16_m4_w14g4_d64_s2_q2,det,bruteforce,16,16,4,16,4,14,4,64,2,2,0,0,0
bf_det_k16_l16_r4_c16_m4_w14g8_d32_s2_q2,det,bruteforce,16,16,4,16,4,14,8,32,2,2,0,0,0
bf_det_k16_l16_r4_c16_m4_w14g8_d64_s2_q2,det,bruteforce,16,16,4,16,4,14,8,64,2,2,0,0,0
bf_det_k16_l16_r4_c16_m4_w16g0_d32_s2_q2,det,bruteforce,16,16,4,16,4,16,0,32,2,2,0,0,0
bf_det_k16_l16_r4_c16_m4_w16g0_d64_s2_q2,det,bruteforce,16,16,4,16,4,16,0,64,2,2,0,0,0
bf_det_k16_l16_r4_c16_m4_w16g4_d32_s2_q2,det,bruteforce,16,16,4,16,4,16,4,32,2,2,0,0,0
bf_det_k16_l16_r4_c16_m4_w16g4_d64_s2_q2,det,bruteforce,16,16,4,16,4,16,4,64,2,2,0,0,0
bf_det_k16_l16_r4_c16_m4_w16g8_d32_s2_q2,det,bruteforce,16,16,4,16,4,16,8,32,2,2,0,1,0
bf_det_k16_l16_r4_c16_m4_w16g8_d64_s2_q2,det,bruteforce,16,16,4,16,4,16,8,64,2,2,0,1,0
bf_det_k16_l16_r16_c16_m3_w8g0_d32_s2_q2,det,bruteforce,16,16,16,16,3,8,0,32,2,2,0,0,0
bf_det_k16_l16_r16_c16_m3_w8g0_d64_s2_q2,det,bruteforce,16,16,16,16,3,8,0,64,2,2,0,0,0
bf_det_k16_l16_r16_c16_m3_w8g4_d32_s2_q2,det,bruteforce,16,16,16,16,3,8,4,32,2,2,0,0,0
bf_det_k16_l16_r16_c16_m3_w8g4_d64_s2_q2,det,bruteforce,16,16,16,16,3,8,4,64,2,2,0,0,0
bf_det_k16_l16_r16_c16_m3_w8g8_d32_s2_q2,det,bruteforce,16,16,16,16,3,8,8,32,2,2,0,0,0
bf_det_k16_l16_r16_c16_m3_w8g8_d64_s2_q2,det,bruteforce,16,16,16,16,3,8,8,64,2,2,0,0,0
bf_det_k16_l16_r16_c16_m3_w10g0_d32_s2_q2,det,bruteforce,16,16,16,16,3,10,0,32,2,2,0,0,0
bf_det_k16_l16_r16_c16_m3_w10g0_d64_s2_q2,det,bruteforce,16,16,16,16,3,10,0,64,2,2,0,0,0
bf_det_k16_l16_r16_c16_m3_w10g4_d32_s2_q2,det,bruteforce,16,16,16,16,3,10,4,32,2,2,0,0,0
bf_det_k16_l16_r16_c16_m3_w10g4_d64_s2_q2,det,bruteforce,16,16,16,16,3,10,4,64,2,2,0,0,0
bf_det_k16_l16_r16_c16_m3_w10g8_d32_s2_q2,det,bruteforce,16,16,16,16,3,10,8,32,2,2,0,0,0
bf_det_k16_l16_r16_c16_m3_w10g8_d64_s2_q2,det,bruteforce,16,16,16,16,3,10,8,64,2,2,0,0,0
bf_det_k16_l16_r16_c16_m3_w12g0_d32_s2_q2,det,bruteforce,16,16,16,16,3,12,0,32,2,2,0,0,0
bf_det_k16_l16_r16_c16_m3_w12g0_d64_s2_q2,det,bruteforce,16,16,16,16,3,12,0,64,2,2,0,0,0
bf_det_k16_l16_r16_c16_m3_w12g4_d32_s2_q2,det,bruteforce,16,16,16,16,3,12,4,32,2,2,0,0,0
bf_det_k16_l16_r16_c16_m3_w12g4_d64_s2_q2,det,bruteforce,16,16,16,16,3,12,4,64,2,2,0,0,0
bf_det_k16_l16_r16_c16_m3_w12g8_d32_s2_q2,det,bruteforce,16,16,16,16,3,12,8,32,2,2,0,1,0
bf_det_k16_l16_r16_c16_m3_w12g8_d64_s2_q2,det,bruteforce,16,16,16,16,3,12,8,64,2,2,0,1,0
bf_det_k16_l16_r16_c16_m3_w14g0_d32_s2_q2,det,bruteforce,16,16,16,16,3,14,0,32,2,2,0,0,0
bf_det_k16_l16_r16_c16_m3_w14g0_d64_s2_q2,det,bruteforce,16,16,16,16,3,14,0,64,2,2,0,0,0
bf_det_k16_l16_r16_c16_m3_w14g4_d32_s2_q2,det,bruteforce,16,16,16,16,3,14,4,32,2,2,0,0,0
bf_det_k16_l16_r16_c16_m3_w14g4_d64_s2_q2,det,bruteforce,16,16,16,16,3,14,4,64,2,2,0,0,0
bf_det_k16_l16_r16_c16_m3_w14g8_d32_s2_q2,det,bruteforce,16,16,16,16,3,14,8,32,2,2,0,0,0
bf_det_k16_l16_r16_c16_m3_w14g8_d64_s2_q2,det,bruteforce,16,16,16,16,3,14,8,64,2,2,0,0,0
bf_det_k16_l16_r16_c16_m3_w16g0_d32_s2_q2,det,bruteforce,16,16,16,16,3,16,0,32,2,2,0,0,0
bf_det_k16_l16_r16_c16_m3_w16g0_d64_s2_q2,det,bruteforce,16,16,16,16,3,16,0,64,2,2,0,0,0
bf_det_k16_l16_r16_c16_m3_w16g4_d32_s2_q2,det,bruteforce,16,16,16,16,3,16,4,32,2,2,0,0,0
bf_det_k16_l16_r16_c16_m3_w16g4_d64_s2_q2,det,bruteforce,16,16,16,16,3,16,4,64,2,2,0,0,0
bf_det_k16_l16_r16_c16_m3_w16g8_d32_s2_q2,det,bruteforce,16,16,16,16,3,16,8,32,2,2,0,1,0
bf_det_k16_l16_r16_c16_m3_w16g8_d64_s2_q2,det,bruteforce,16,16,16,16,3,16,8,64,2,2,0,1,0
bf_det_k16_l16_r16_c16_m4_w8g0_d32_s2_q2,det,bruteforce,16,16,16,16,4,8,0,32,2,2,0,0,1
bf_det_k16_l16_r16_c16_m4_w8g0_d64_s2_q2,det,bruteforce,16,16,16,16,4,8,0,64,2,2,0,0,1
bf_det_k16_l16_r16_c16_m4_w8g4_d32_s2_q2,det,bruteforce,16,16,16,16,4,8,4,32,2,2,0,0,1
bf_det_k16_l16_r16_c16_m4_w8g4_d64_s2_q2,det,bruteforce,16,16,16,16,4,8,4,64,2,2,0,0,1
bf_det_k16_l16_r16_c16_m4_w8g8_d32_s2_q2,det,bruteforce,16,16,16,16,4,8,8,32,2,2,0,0,1
bf_det_k16_l16_r16_c16_m4_w8g8_d64_s2_q2,det,bruteforce,16,16,16,16,4,8,8,64,2,2,0,0,1
bf_det_k16_l16_r16_c16_m4_w10g0_d32_s2_q2,det,bruteforce,16,16,16,16,4,10,0,32,2,2,0,0,0
bf_det_k16_l16_r16_c16_m4_w10g0_d64_s2_q2,det,bruteforce,16,16,16,16,4,10,0,64,2,2,0,0,0
bf_det_k16_l16_r16_c16_m4_w10g4_d32_s2_q2,det,bruteforce,16,16,16,16,4,10,4,32,2,2,0,0,0
bf_det_k16_l16_r16_c16_m4_w10g4_d64_s2_q2,det,bruteforce,16,16,16,16,4,10,4,64,2,2,0,0,0
bf_det_k16_l16_r16_c16_m4_w10g8_d32_s2_q2,det,bruteforce,16,16,16,16,4,10,8,32,2,2,0,0,0
bf_det_k16_l16_r16_c16_m4_w10g8_d64_s2_q2,det,bruteforce,16,16,16,16,4,10,8,64,2,2,0,0,0
bf_det_k16_l16_r16_c16_m4_w12g0_d32_s2_q2,det,bruteforce,16,16,16,16,4,12,0,32,2,2,0,0,0
bf_det_k16_l16_r16_c16_m4_w12g0_d64_s2_q2,det,bruteforce,16,16,16,16,4,12,0,64,2,2,0,0,0
bf_det_k16_l16_r16_c16_m4_w12g4_d32_s2_q2,det,bruteforce,16,16,16,16,4,12,4,32,2,2,0,0,0
bf_det_k16_l16_r16_c16_m4_w12g4_d64_s2_q2,det,bruteforce,16,16,16,16,4,12,4,64,2,2,0,0,0
bf_det_k16_l16_r16_c16_m4_w12g8_d32_s2_q2,det,bruteforce,16,16,16,16,4,12,8,32,2,2,0,1,0
bf_det_k16_l16_r16_c16_m4_w12g8_d64_s2_q2,det,bruteforce,16,16,16,16,4,12,8,64,2,2,0,1,0
bf_det_k16_l16_r16_c16_m4_w14g0_d32_s2_q2,det,bruteforce,16,16,16,16,4,14,0,32,2,2,0,0,0
bf_det_k16_l16_r16_c16_m4_w14g0_d64_s2_q2,det,bruteforce,16,16,16,16,4,14,0,64,2,2,0,0,0
bf_det_k16_l16_r16_c16_m4_w14g4_d32_s2_q2,det,bruteforce,16,16,16,16,4,14,4,32,2,2,0,0,0
bf_det_k16_l16_r16_c16_m4_w14g4_d64_s2_q2,det,bruteforce,16,16,16,16,4,14,4,64,2,2,0,0,0
bf_det_k16_l16_r16_c16_m4_w14g8_d32_s2_q2,det,bruteforce,16,16,16,16,4,14,8,32,2,2,0,0,0
bf_det_k16_l16_r16_c16_m4_w14g8_d64_s2_q2,det,bruteforce,16,16,16,16,4,14,8,64,2,2,0,0,0
bf_det_k16_l16_r16_c16_m4_w16g0_d32_s2_q2,det,bruteforce,16,16,16,16,4,16,0,32,2,2,0,0,1
bf_det_k16_l16_r16_c16_m4_w16g0_d64_s2_q2,det,bruteforce,16,16,16,16,4,16,0,64,2,2,0,0,1
bf_det_k16_l16_r16_c16_m4_w16g4_d32_s2_q2,det,bruteforce,16,16,16,16,4,16,4,32,2,2,0,0,1
bf_det_k16_l16_r16_c16_m4_w16g4_d64_s2_q2,det,bruteforce,16,16,16,16,4,16,4,64,2,2,0,0,1
bf_det_k16_l16_r16_c16_m4_w16g8_d32_s2_q2,det,bruteforce,16,16,16,16,4,16,8,32,2,2,0,1,1
bf_det_k16_l16_r16_c16_m4_w16g8_d64_s2_q2,det,bruteforce,16,16,16,16,4,16,8,64,2,2,0,1,1
