# mimo_cg bruteforce_builds: numpy=2.5.3, base_seed=20260930, tool=vitis_hls 2024.1, part=xczu48dr-ffvg1517-2-e, period_ns=4, roles=bruteforce
build,top,role,K,L,R,C,cmul,W,g_s,mem_dw,sob_depth,cmd_depth,est_ns,lut,ff,dsp,bram,uram,integ_lut,integ_ff,integ_bram,bit_exact,csynth_s,xsi_s,error
bf_det_k4_l1_r1_c4_m3_w8g0_d32_s2_q2,det,bruteforce,4,1,1,4,3,8,0,32,2,2,3.392000e+00,13370,7810,15,14,0,2197,2463,8,1,4.650000e+01,2.800000e+01,
bf_det_k4_l1_r1_c4_m3_w8g0_d64_s2_q2,det,bruteforce,4,1,1,4,3,8,0,64,2,2,3.392000e+00,14993,8741,15,20,0,2569,2571,14,1,5.030000e+01,2.780000e+01,
bf_det_k4_l1_r1_c4_m3_w8g4_d32_s2_q2,det,bruteforce,4,1,1,4,3,8,4,32,2,2,3.392000e+00,13631,8005,15,14,0,2197,2463,8,1,4.230000e+01,2.790000e+01,
bf_det_k4_l1_r1_c4_m3_w8g4_d64_s2_q2,det,bruteforce,4,1,1,4,3,8,4,64,2,2,3.392000e+00,15253,8936,15,20,0,2569,2571,14,1,4.590000e+01,3.040000e+01,
bf_det_k4_l1_r1_c4_m3_w8g8_d32_s2_q2,det,bruteforce,4,1,1,4,3,8,8,32,2,2,3.392000e+00,14013,8241,15,14,0,2197,2463,8,1,4.730000e+01,2.970000e+01,
bf_det_k4_l1_r1_c4_m3_w8g8_d64_s2_q2,det,bruteforce,4,1,1,4,3,8,8,64,2,2,3.392000e+00,15632,9172,15,20,0,2569,2571,14,1,5.170000e+01,2.780000e+01,
bf_det_k4_l1_r1_c4_m3_w10g0_d32_s2_q2,det,bruteforce,4,1,1,4,3,10,0,32,2,2,3.392000e+00,13935,8294,17,14,0,2199,2479,8,1,4.270000e+01,2.450000e+01,
bf_det_k4_l1_r1_c4_m3_w10g0_d64_s2_q2,det,bruteforce,4,1,1,4,3,10,0,64,2,2,3.392000e+00,15845,9435,17,24,0,2571,2587,18,1,5.300000e+01,2.340000e+01,
bf_det_k4_l1_r1_c4_m3_w10g4_d32_s2_q2,det,bruteforce,4,1,1,4,3,10,4,32,2,2,3.392000e+00,14329,8535,17,14,0,2199,2479,8,1,4.590000e+01,2.370000e+01,
bf_det_k4_l1_r1_c4_m3_w10g4_d64_s2_q2,det,bruteforce,4,1,1,4,3,10,4,64,2,2,3.392000e+00,16236,9676,17,24,0,2571,2587,18,1,4.590000e+01,2.750000e+01,
bf_det_k4_l1_r1_c4_m3_w10g8_d32_s2_q2,det,bruteforce,4,1,1,4,3,10,8,32,2,2,3.392000e+00,14646,8744,17,14,0,2199,2479,8,1,5.080000e+01,2.690000e+01,
bf_det_k4_l1_r1_c4_m3_w10g8_d64_s2_q2,det,bruteforce,4,1,1,4,3,10,8,64,2,2,3.392000e+00,16554,9885,17,24,0,2571,2587,18,1,4.980000e+01,2.610000e+01,
bf_det_k4_l1_r1_c4_m3_w12g0_d32_s2_q2,det,bruteforce,4,1,1,4,3,12,0,32,2,2,3.392000e+00,14185,8677,24,14,0,2201,2495,8,1,4.480000e+01,1.940000e+01,
bf_det_k4_l1_r1_c4_m3_w12g0_d64_s2_q2,det,bruteforce,4,1,1,4,3,12,0,64,2,2,3.392000e+00,16307,9938,24,24,0,2573,2603,18,1,4.870000e+01,2.520000e+01,
bf_det_k4_l1_r1_c4_m3_w12g4_d32_s2_q2,det,bruteforce,4,1,1,4,3,12,4,32,2,2,3.392000e+00,14622,8918,24,14,0,2201,2495,8,1,4.860000e+01,2.180000e+01,
bf_det_k4_l1_r1_c4_m3_w12g4_d64_s2_q2,det,bruteforce,4,1,1,4,3,12,4,64,2,2,3.392000e+00,16741,10179,24,24,0,2573,2603,18,1,4.890000e+01,2.730000e+01,
bf_det_k4_l1_r1_c4_m3_w12g8_d32_s2_q2,det,bruteforce,4,1,1,4,3,12,8,32,2,2,3.392000e+00,14915,9127,24,14,0,2201,2495,8,1,4.840000e+01,2.590000e+01,
bf_det_k4_l1_r1_c4_m3_w12g8_d64_s2_q2,det,bruteforce,4,1,1,4,3,12,8,64,2,2,3.392000e+00,17036,10388,24,24,0,2573,2603,18,1,5.380000e+01,2.470000e+01,
bf_det_k4_l1_r1_c4_m3_w14g0_d32_s2_q2,det,bruteforce,4,1,1,4,3,14,0,32,2,2,3.392000e+00,14886,9100,24,14,0,2203,2511,8,1,5.240000e+01,1.960000e+01,
bf_det_k4_l1_r1_c4_m3_w14g0_d64_s2_q2,det,bruteforce,4,1,1,4,3,14,0,64,2,2,3.392000e+00,17521,10134,24,24,0,2575,2619,18,1,5.190000e+01,2.340000e+01,
bf_det_k4_l1_r1_c4_m3_w14g4_d32_s2_q2,det,bruteforce,4,1,1,4,3,14,4,32,2,2,3.392000e+00,15262,9313,24,14,0,2203,2511,8,1,4.480000e+01,3.010000e+01,
bf_det_k4_l1_r1_c4_m3_w14g4_d64_s2_q2,det,bruteforce,4,1,1,4,3,14,4,64,2,2,3.392000e+00,17898,10347,24,24,0,2575,2619,18,1,5.160000e+01,2.310000e+01,
bf_det_k4_l1_r1_c4_m3_w14g8_d32_s2_q2,det,bruteforce,4,1,1,4,3,14,8,32,2,2,3.392000e+00,15585,9549,24,14,0,2203,2511,8,1,4.960000e+01,2.600000e+01,
bf_det_k4_l1_r1_c4_m3_w14g8_d64_s2_q2,det,bruteforce,4,1,1,4,3,14,8,64,2,2,3.392000e+00,18221,10583,24,24,0,2575,2619,18,1,4.980000e+01,2.530000e+01,
bf_det_k4_l1_r1_c4_m3_w16g0_d32_s2_q2,det,bruteforce,4,1,1,4,3,16,0,32,2,2,3.392000e+00,15476,9459,24,18,0,2189,2399,12,1,5.210000e+01,1.970000e+01,
bf_det_k4_l1_r1_c4_m3_w16g0_d64_s2_q2,det,bruteforce,4,1,1,4,3,16,0,64,2,2,3.392000e+00,18299,10365,24,28,0,2561,2507,22,1,5.280000e+01,2.240000e+01,
bf_det_k4_l1_r1_c4_m3_w16g4_d32_s2_q2,det,bruteforce,4,1,1,4,3,16,4,32,2,2,3.392000e+00,15832,9655,24,18,0,2189,2399,12,1,4.770000e+01,1.940000e+01,
bf_det_k4_l1_r1_c4_m3_w16g4_d64_s2_q2,det,bruteforce,4,1,1,4,3,16,4,64,2,2,3.392000e+00,18657,10561,24,28,0,2561,2507,22,1,4.730000e+01,2.400000e+01,
bf_det_k4_l1_r1_c4_m3_w16g8_d32_s2_q2,det,bruteforce,4,1,1,4,3,16,8,32,2,2,3.392000e+00,16162,9982,24,18,0,2189,2399,12,1,4.900000e+01,2.500000e+01,
bf_det_k4_l1_r1_c4_m3_w16g8_d64_s2_q2,det,bruteforce,4,1,1,4,3,16,8,64,2,2,3.392000e+00,18988,10888,24,28,0,2561,2507,22,1,5.260000e+01,2.240000e+01,
bf_det_k4_l1_r1_c4_m4_w8g0_d32_s2_q2,det,bruteforce,4,1,1,4,4,8,0,32,2,2,3.352000e+00,13690,7927,11,14,0,2197,2463,8,1,5.410000e+01,1.660000e+01,
bf_det_k4_l1_r1_c4_m4_w8g0_d64_s2_q2,det,bruteforce,4,1,1,4,4,8,0,64,2,2,3.352000e+00,15313,8858,11,20,0,2569,2571,14,1,5.020000e+01,2.470000e+01,
bf_det_k4_l1_r1_c4_m4_w8g4_d32_s2_q2,det,bruteforce,4,1,1,4,4,8,4,32,2,2,3.352000e+00,13951,8122,11,14,0,2197,2463,8,1,5.620000e+01,1.910000e+01,
bf_det_k4_l1_r1_c4_m4_w8g4_d64_s2_q2,det,bruteforce,4,1,1,4,4,8,4,64,2,2,3.352000e+00,15573,9053,11,20,0,2569,2571,14,1,5.260000e+01,2.330000e+01,
bf_det_k4_l1_r1_c4_m4_w8g8_d32_s2_q2,det,bruteforce,4,1,1,4,4,8,8,32,2,2,3.352000e+00,14333,8358,11,14,0,2197,2463,8,1,5.110000e+01,2.500000e+01,
bf_det_k4_l1_r1_c4_m4_w8g8_d64_s2_q2,det,bruteforce,4,1,1,4,4,8,8,64,2,2,3.352000e+00,15952,9289,11,20,0,2569,2571,14,1,4.930000e+01,2.390000e+01,
bf_det_k4_l1_r1_c4_m4_w10g0_d32_s2_q2,det,bruteforce,4,1,1,4,4,10,0,32,2,2,3.352000e+00,14431,8441,13,14,0,2199,2479,8,1,5.420000e+01,1.610000e+01,
bf_det_k4_l1_r1_c4_m4_w10g0_d64_s2_q2,det,bruteforce,4,1,1,4,4,10,0,64,2,2,3.352000e+00,16341,9582,13,24,0,2571,2587,18,1,5.130000e+01,2.450000e+01,
bf_det_k4_l1_r1_c4_m4_w10g4_d32_s2_q2,det,bruteforce,4,1,1,4,4,10,4,32,2,2,3.352000e+00,14825,8682,13,14,0,2199,2479,8,1,5.380000e+01,1.670000e+01,
bf_det_k4_l1_r1_c4_m4_w10g4_d64_s2_q2,det,bruteforce,4,1,1,4,4,10,4,64,2,2,3.352000e+00,16732,9823,13,24,0,2571,2587,18,1,5.390000e+01,2.380000e+01,
bf_det_k4_l1_r1_c4_m4_w10g8_d32_s2_q2,det,bruteforce,4,1,1,4,4,10,8,32,2,2,3.352000e+00,15142,8891,13,14,0,2199,2479,8,1,4.790000e+01,2.940000e+01,
bf_det_k4_l1_r1_c4_m4_w10g8_d64_s2_q2,det,bruteforce,4,1,1,4,4,10,8,64,2,2,3.352000e+00,17050,10032,13,24,0,2571,2587,18,1,4.890000e+01,2.460000e+01,
bf_det_k4_l1_r1_c4_m4_w12g0_d32_s2_q2,det,bruteforce,4,1,1,4,4,12,0,32,2,2,3.352000e+00,14225,8854,28,14,0,2201,2495,8,1,5.710000e+01,1.440000e+01,
bf_det_k4_l1_r1_c4_m4_w12g0_d64_s2_q2,det,bruteforce,4,1,1,4,4,12,0,64,2,2,3.352000e+00,16347,10115,28,24,0,2573,2603,18,1,4.860000e+01,2.300000e+01,
bf_det_k4_l1_r1_c4_m4_w12g4_d32_s2_q2,det,bruteforce,4,1,1,4,4,12,4,32,2,2,3.352000e+00,14662,9095,28,14,0,2201,2495,8,1,5.720000e+01,1.840000e+01,
bf_det_k4_l1_r1_c4_m4_w12g4_d64_s2_q2,det,bruteforce,4,1,1,4,4,12,4,64,2,2,3.352000e+00,16781,10356,28,24,0,2573,2603,18,1,5.000000e+01,2.490000e+01,
bf_det_k4_l1_r1_c4_m4_w12g8_d32_s2_q2,det,bruteforce,4,1,1,4,4,12,8,32,2,2,3.352000e+00,14955,9304,28,14,0,2201,2495,8,1,5.010000e+01,2.530000e+01,
bf_det_k4_l1_r1_c4_m4_w12g8_d64_s2_q2,det,bruteforce,4,1,1,4,4,12,8,64,2,2,3.352000e+00,17076,10565,28,24,0,2573,2603,18,1,4.970000e+01,2.490000e+01,
bf_det_k4_l1_r1_c4_m4_w14g0_d32_s2_q2,det,bruteforce,4,1,1,4,4,14,0,32,2,2,3.352000e+00,14926,9303,28,14,0,2203,2511,8,1,5.780000e+01,1.670000e+01,
bf_det_k4_l1_r1_c4_m4_w14g0_d64_s2_q2,det,bruteforce,4,1,1,4,4,14,0,64,2,2,3.352000e+00,17561,10337,28,24,0,2575,2619,18,1,4.980000e+01,2.350000e+01,
bf_det_k4_l1_r1_c4_m4_w14g4_d32_s2_q2,det,bruteforce,4,1,1,4,4,14,4,32,2,2,3.352000e+00,15302,9516,28,14,0,2203,2511,8,1,5.680000e+01,1.740000e+01,
bf_det_k4_l1_r1_c4_m4_w14g4_d64_s2_q2,det,bruteforce,4,1,1,4,4,14,4,64,2,2,3.352000e+00,17938,10550,28,24,0,2575,2619,18,1,5.150000e+01,2.440000e+01,
bf_det_k4_l1_r1_c4_m4_w14g8_d32_s2_q2,det,bruteforce,4,1,1,4,4,14,8,32,2,2,3.352000e+00,15625,9752,28,14,0,2203,2511,8,1,5.150000e+01,2.530000e+01,
bf_det_k4_l1_r1_c4_m4_w14g8_d64_s2_q2,det,bruteforce,4,1,1,4,4,14,8,64,2,2,3.352000e+00,18261,10786,28,24,0,2575,2619,18,1,4.890000e+01,2.490000e+01,
bf_det_k4_l1_r1_c4_m4_w16g0_d32_s2_q2,det,bruteforce,4,1,1,4,4,16,0,32,2,2,3.352000e+00,15516,9692,28,18,0,2189,2399,12,1,5.830000e+01,1.590000e+01,
bf_det_k4_l1_r1_c4_m4_w16g0_d64_s2_q2,det,bruteforce,4,1,1,4,4,16,0,64,2,2,3.352000e+00,18339,10598,28,28,0,2561,2507,22,1,4.780000e+01,2.320000e+01,
bf_det_k4_l1_r1_c4_m4_w16g4_d32_s2_q2,det,bruteforce,4,1,1,4,4,16,4,32,2,2,3.352000e+00,15872,9888,28,18,0,2189,2399,12,1,5.900000e+01,1.790000e+01,
bf_det_k4_l1_r1_c4_m4_w16g4_d64_s2_q2,det,bruteforce,4,1,1,4,4,16,4,64,2,2,3.352000e+00,18697,10794,28,28,0,2561,2507,22,1,4.730000e+01,2.490000e+01,
bf_det_k4_l1_r1_c4_m4_w16g8_d32_s2_q2,det,bruteforce,4,1,1,4,4,16,8,32,2,2,3.352000e+00,16202,10215,28,18,0,2189,2399,12,1,5.140000e+01,2.400000e+01,
bf_det_k4_l1_r1_c4_m4_w16g8_d64_s2_q2,det,bruteforce,4,1,1,4,4,16,8,64,2,2,3.352000e+00,19028,11121,28,28,0,2561,2507,22,1,4.890000e+01,2.460000e+01,
bf_det_k4_l1_r4_c4_m3_w8g0_d32_s2_q2,det,bruteforce,4,1,4,4,3,8,0,32,2,2,3.392000e+00,14815,9098,51,14,0,2197,2463,8,1,4.430000e+01,2.880000e+01,
bf_det_k4_l1_r4_c4_m3_w8g0_d64_s2_q2,det,bruteforce,4,1,4,4,3,8,0,64,2,2,3.392000e+00,16426,10029,51,20,0,2569,2571,14,1,5.140000e+01,2.160000e+01,
bf_det_k4_l1_r4_c4_m3_w8g4_d32_s2_q2,det,bruteforce,4,1,4,4,3,8,4,32,2,2,3.392000e+00,15076,9293,51,14,0,2197,2463,8,1,6.180000e+01,2.250000e+01,
bf_det_k4_l1_r4_c4_m3_w8g4_d64_s2_q2,det,bruteforce,4,1,4,4,3,8,4,64,2,2,3.392000e+00,16686,10224,51,20,0,2569,2571,14,1,5.250000e+01,2.570000e+01,
bf_det_k4_l1_r4_c4_m3_w8g8_d32_s2_q2,det,bruteforce,4,1,4,4,3,8,8,32,2,2,3.392000e+00,15458,9529,51,14,0,2197,2463,8,1,6.320000e+01,1.880000e+01,
bf_det_k4_l1_r4_c4_m3_w8g8_d64_s2_q2,det,bruteforce,4,1,4,4,3,8,8,64,2,2,3.392000e+00,17065,10460,51,20,0,2569,2571,14,1,5.660000e+01,2.210000e+01,
bf_det_k4_l1_r4_c4_m3_w10g0_d32_s2_q2,det,bruteforce,4,1,4,4,3,10,0,32,2,2,3.392000e+00,15488,9878,53,14,0,2199,2479,8,1,5.870000e+01,1.590000e+01,
bf_det_k4_l1_r4_c4_m3_w10g0_d64_s2_q2,det,bruteforce,4,1,4,4,3,10,0,64,2,2,3.392000e+00,17386,11019,53,24,0,2571,2587,18,1,5.570000e+01,2.540000e+01,
bf_det_k4_l1_r4_c4_m3_w10g4_d32_s2_q2,det,bruteforce,4,1,4,4,3,10,4,32,2,2,3.392000e+00,15882,10119,53,14,0,2199,2479,8,1,5.490000e+01,2.450000e+01,
bf_det_k4_l1_r4_c4_m3_w10g4_d64_s2_q2,det,bruteforce,4,1,4,4,3,10,4,64,2,2,3.392000e+00,17777,11260,53,24,0,2571,2587,18,1,5.390000e+01,2.560000e+01,
bf_det_k4_l1_r4_c4_m3_w10g8_d32_s2_q2,det,bruteforce,4,1,4,4,3,10,8,32,2,2,3.392000e+00,16199,10328,53,14,0,2199,2479,8,1,6.130000e+01,1.830000e+01,
bf_det_k4_l1_r4_c4_m3_w10g8_d64_s2_q2,det,bruteforce,4,1,4,4,3,10,8,64,2,2,3.392000e+00,18095,11469,53,24,0,2571,2587,18,1,5.340000e+01,2.340000e+01,
bf_det_k4_l1_r4_c4_m3_w12g0_d32_s2_q2,det,bruteforce,4,1,4,4,3,12,0,32,2,2,3.392000e+00,15840,10557,60,14,0,2201,2495,8,1,6.380000e+01,1.690000e+01,
bf_det_k4_l1_r4_c4_m3_w12g0_d64_s2_q2,det,bruteforce,4,1,4,4,3,12,0,64,2,2,3.392000e+00,17950,11818,60,24,0,2573,2603,18,1,5.590000e+01,2.500000e+01,
bf_det_k4_l1_r4_c4_m3_w12g4_d32_s2_q2,det,bruteforce,4,1,4,4,3,12,4,32,2,2,3.392000e+00,16277,10798,60,14,0,2201,2495,8,1,5.520000e+01,2.490000e+01,
bf_det_k4_l1_r4_c4_m3_w12g4_d64_s2_q2,det,bruteforce,4,1,4,4,3,12,4,64,2,2,3.392000e+00,18384,12059,60,24,0,2573,2603,18,1,5.560000e+01,2.520000e+01,
bf_det_k4_l1_r4_c4_m3_w12g8_d32_s2_q2,det,bruteforce,4,1,4,4,3,12,8,32,2,2,3.392000e+00,16570,11007,60,14,0,2201,2495,8,1,6.400000e+01,1.720000e+01,
bf_det_k4_l1_r4_c4_m3_w12g8_d64_s2_q2,det,bruteforce,4,1,4,4,3,12,8,64,2,2,3.392000e+00,18679,12268,60,24,0,2573,2603,18,1,5.640000e+01,2.460000e+01,
bf_det_k4_l1_r4_c4_m3_w14g0_d32_s2_q2,det,bruteforce,4,1,4,4,3,14,0,32,2,2,3.392000e+00,16655,11280,60,14,0,2203,2511,8,1,6.450000e+01,1.660000e+01,
bf_det_k4_l1_r4_c4_m3_w14g0_d64_s2_q2,det,bruteforce,4,1,4,4,3,14,0,64,2,2,3.392000e+00,19278,12314,60,24,0,2575,2619,18,1,5.230000e+01,2.370000e+01,
bf_det_k4_l1_r4_c4_m3_w14g4_d32_s2_q2,det,bruteforce,4,1,4,4,3,14,4,32,2,2,3.392000e+00,17031,11493,60,14,0,2203,2511,8,1,4.910000e+01,3.060000e+01,
bf_det_k4_l1_r4_c4_m3_w14g4_d64_s2_q2,det,bruteforce,4,1,4,4,3,14,4,64,2,2,3.392000e+00,19655,12527,60,24,0,2575,2619,18,1,5.220000e+01,2.550000e+01,
bf_det_k4_l1_r4_c4_m3_w14g8_d32_s2_q2,det,bruteforce,4,1,4,4,3,14,8,32,2,2,3.392000e+00,17354,11729,60,14,0,2203,2511,8,1,6.160000e+01,1.810000e+01,
bf_det_k4_l1_r4_c4_m3_w14g8_d64_s2_q2,det,bruteforce,4,1,4,4,3,14,8,64,2,2,3.392000e+00,19978,12763,60,24,0,2575,2619,18,1,5.720000e+01,2.250000e+01,
bf_det_k4_l1_r4_c4_m3_w16g0_d32_s2_q2,det,bruteforce,4,1,4,4,3,16,0,32,2,2,3.392000e+00,17353,11931,60,18,0,2189,2399,12,1,5.970000e+01,1.820000e+01,
bf_det_k4_l1_r4_c4_m3_w16g0_d64_s2_q2,det,bruteforce,4,1,4,4,3,16,0,64,2,2,3.392000e+00,20164,12837,60,28,0,2561,2507,22,1,5.320000e+01,2.400000e+01,
bf_det_k4_l1_r4_c4_m3_w16g4_d32_s2_q2,det,bruteforce,4,1,4,4,3,16,4,32,2,2,3.392000e+00,17709,12127,60,18,0,2189,2399,12,1,5.150000e+01,2.080000e+01,
bf_det_k4_l1_r4_c4_m3_w16g4_d64_s2_q2,det,bruteforce,4,1,4,4,3,16,4,64,2,2,3.392000e+00,20522,13033,60,28,0,2561,2507,22,1,5.210000e+01,2.560000e+01,
bf_det_k4_l1_r4_c4_m3_w16g8_d32_s2_q2,det,bruteforce,4,1,4,4,3,16,8,32,2,2,3.392000e+00,18039,12454,60,18,0,2189,2399,12,1,5.940000e+01,1.820000e+01,
bf_det_k4_l1_r4_c4_m3_w16g8_d64_s2_q2,det,bruteforce,4,1,4,4,3,16,8,64,2,2,3.392000e+00,20853,13360,60,28,0,2561,2507,22,1,5.310000e+01,2.200000e+01,
bf_det_k4_l1_r4_c4_m4_w8g0_d32_s2_q2,det,bruteforce,4,1,4,4,4,8,0,32,2,2,3.352000e+00,16095,9631,35,14,0,2197,2463,8,1,6.210000e+01,1.650000e+01,
bf_det_k4_l1_r4_c4_m4_w8g0_d64_s2_q2,det,bruteforce,4,1,4,4,4,8,0,64,2,2,3.352000e+00,17706,10562,35,20,0,2569,2571,14,1,5.480000e+01,2.050000e+01,
bf_det_k4_l1_r4_c4_m4_w8g4_d32_s2_q2,det,bruteforce,4,1,4,4,4,8,4,32,2,2,3.352000e+00,16356,9826,35,14,0,2197,2463,8,1,5.710000e+01,2.070000e+01,
bf_det_k4_l1_r4_c4_m4_w8g4_d64_s2_q2,det,bruteforce,4,1,4,4,4,8,4,64,2,2,3.352000e+00,17966,10757,35,20,0,2569,2571,14,1,5.620000e+01,2.380000e+01,
bf_det_k4_l1_r4_c4_m4_w8g8_d32_s2_q2,det,bruteforce,4,1,4,4,4,8,8,32,2,2,3.352000e+00,16738,10062,35,14,0,2197,2463,8,1,6.040000e+01,1.840000e+01,
bf_det_k4_l1_r4_c4_m4_w8g8_d64_s2_q2,det,bruteforce,4,1,4,4,4,8,8,64,2,2,3.352000e+00,18345,10993,35,20,0,2569,2571,14,1,5.680000e+01,2.090000e+01,
bf_det_k4_l1_r4_c4_m4_w10g0_d32_s2_q2,det,bruteforce,4,1,4,4,4,10,0,32,2,2,3.352000e+00,17472,10567,37,14,0,2199,2479,8,1,6.350000e+01,1.730000e+01,
bf_det_k4_l1_r4_c4_m4_w10g0_d64_s2_q2,det,bruteforce,4,1,4,4,4,10,0,64,2,2,3.352000e+00,19370,11708,37,24,0,2571,2587,18,1,5.720000e+01,2.230000e+01,
bf_det_k4_l1_r4_c4_m4_w10g4_d32_s2_q2,det,bruteforce,4,1,4,4,4,10,4,32,2,2,3.352000e+00,17866,10808,37,14,0,2199,2479,8,1,5.400000e+01,1.980000e+01,
bf_det_k4_l1_r4_c4_m4_w10g4_d64_s2_q2,det,bruteforce,4,1,4,4,4,10,4,64,2,2,3.352000e+00,19761,11949,37,24,0,2571,2587,18,1,5.620000e+01,2.240000e+01,
bf_det_k4_l1_r4_c4_m4_w10g8_d32_s2_q2,det,bruteforce,4,1,4,4,4,10,8,32,2,2,3.352000e+00,18183,11017,37,14,0,2199,2479,8,1,4.780000e+01,3.060000e+01,
bf_det_k4_l1_r4_c4_m4_w10g8_d64_s2_q2,det,bruteforce,4,1,4,4,4,10,8,64,2,2,3.352000e+00,20079,12158,37,24,0,2571,2587,18,1,5.370000e+01,2.290000e+01,
bf_det_k4_l1_r4_c4_m4_w12g0_d32_s2_q2,det,bruteforce,4,1,4,4,4,12,0,32,2,2,3.352000e+00,16000,11386,76,14,0,2201,2495,8,1,6.100000e+01,1.880000e+01,
bf_det_k4_l1_r4_c4_m4_w12g0_d64_s2_q2,det,bruteforce,4,1,4,4,4,12,0,64,2,2,3.352000e+00,18110,12647,76,24,0,2573,2603,18,1,5.120000e+01,2.020000e+01,
bf_det_k4_l1_r4_c4_m4_w12g4_d32_s2_q2,det,bruteforce,4,1,4,4,4,12,4,32,2,2,3.352000e+00,16437,11627,76,14,0,2201,2495,8,1,5.210000e+01,2.020000e+01,
bf_det_k4_l1_r4_c4_m4_w12g4_d64_s2_q2,det,bruteforce,4,1,4,4,4,12,4,64,2,2,3.352000e+00,18544,12888,76,24,0,2573,2603,18,1,5.880000e+01,2.150000e+01,
bf_det_k4_l1_r4_c4_m4_w12g8_d32_s2_q2,det,bruteforce,4,1,4,4,4,12,8,32,2,2,3.352000e+00,16730,11836,76,14,0,2201,2495,8,1,6.280000e+01,1.750000e+01,
bf_det_k4_l1_r4_c4_m4_w12g8_d64_s2_q2,det,bruteforce,4,1,4,4,4,12,8,64,2,2,3.352000e+00,18839,13097,76,24,0,2573,2603,18,1,5.700000e+01,2.250000e+01,
bf_det_k4_l1_r4_c4_m4_w14g0_d32_s2_q2,det,bruteforce,4,1,4,4,4,14,0,32,2,2,3.352000e+00,16815,12244,76,14,0,2203,2511,8,1,5.510000e+01,1.790000e+01,
bf_det_k4_l1_r4_c4_m4_w14g0_d64_s2_q2,det,bruteforce,4,1,4,4,4,14,0,64,2,2,3.352000e+00,19438,13278,76,24,0,2575,2619,18,1,5.700000e+01,2.190000e+01,
bf_det_k4_l1_r4_c4_m4_w14g4_d32_s2_q2,det,bruteforce,4,1,4,4,4,14,4,32,2,2,3.352000e+00,17191,12457,76,14,0,2203,2511,8,1,5.800000e+01,1.680000e+01,
bf_det_k4_l1_r4_c4_m4_w14g4_d64_s2_q2,det,bruteforce,4,1,4,4,4,14,4,64,2,2,3.352000e+00,19815,13491,76,24,0,2575,2619,18,1,6.120000e+01,2.030000e+01,
bf_det_k4_l1_r4_c4_m4_w14g8_d32_s2_q2,det,bruteforce,4,1,4,4,4,14,8,32,2,2,3.352000e+00,17514,12693,76,14,0,2203,2511,8,1,6.230000e+01,1.850000e+01,
bf_det_k4_l1_r4_c4_m4_w14g8_d64_s2_q2,det,bruteforce,4,1,4,4,4,14,8,64,2,2,3.352000e+00,20138,13727,76,24,0,2575,2619,18,1,5.150000e+01,2.370000e+01,
bf_det_k4_l1_r4_c4_m4_w16g0_d32_s2_q2,det,bruteforce,4,1,4,4,4,16,0,32,2,2,3.352000e+00,17513,13035,76,18,0,2189,2399,12,1,6.000000e+01,1.800000e+01,
bf_det_k4_l1_r4_c4_m4_w16g0_d64_s2_q2,det,bruteforce,4,1,4,4,4,16,0,64,2,2,3.352000e+00,20324,13941,76,28,0,2561,2507,22,1,5.520000e+01,2.320000e+01,
bf_det_k4_l1_r4_c4_m4_w16g4_d32_s2_q2,det,bruteforce,4,1,4,4,4,16,4,32,2,2,3.352000e+00,17869,13231,76,18,0,2189,2399,12,1,5.830000e+01,1.940000e+01,
bf_det_k4_l1_r4_c4_m4_w16g4_d64_s2_q2,det,bruteforce,4,1,4,4,4,16,4,64,2,2,3.352000e+00,20682,14137,76,28,0,2561,2507,22,1,5.630000e+01,2.350000e+01,
bf_det_k4_l1_r4_c4_m4_w16g8_d32_s2_q2,det,bruteforce,4,1,4,4,4,16,8,32,2,2,3.352000e+00,18199,13558,76,18,0,2189,2399,12,1,5.980000e+01,1.920000e+01,
bf_det_k4_l1_r4_c4_m4_w16g8_d64_s2_q2,det,bruteforce,4,1,4,4,4,16,8,64,2,2,3.352000e+00,21013,14464,76,28,0,2561,2507,22,1,5.780000e+01,2.080000e+01,
bf_det_k4_l4_r1_c4_m3_w8g0_d32_s2_q2,det,bruteforce,4,4,1,4,3,8,0,32,2,2,3.392000e+00,23573,11741,24,12,0,2197,2463,12,1,6.710000e+01,2.300000e+01,
bf_det_k4_l4_r1_c4_m3_w8g0_d64_s2_q2,det,bruteforce,4,4,1,4,3,8,0,64,2,2,3.392000e+00,26726,12828,24,16,0,2569,2571,16,1,5.920000e+01,2.080000e+01,
bf_det_k4_l4_r1_c4_m3_w8g4_d32_s2_q2,det,bruteforce,4,4,1,4,3,8,4,32,2,2,3.392000e+00,24397,12464,24,12,0,2197,2463,12,1,6.000000e+01,2.490000e+01,
bf_det_k4_l4_r1_c4_m3_w8g4_d64_s2_q2,det,bruteforce,4,4,1,4,3,8,4,64,2,2,3.392000e+00,27549,13551,24,16,0,2569,2571,16,1,6.060000e+01,2.680000e+01,
bf_det_k4_l4_r1_c4_m3_w8g8_d32_s2_q2,det,bruteforce,4,4,1,4,3,8,8,32,2,2,3.392000e+00,25458,13336,24,12,0,2197,2463,12,1,6.710000e+01,1.920000e+01,
bf_det_k4_l4_r1_c4_m3_w8g8_d64_s2_q2,det,bruteforce,4,4,1,4,3,8,8,64,2,2,3.392000e+00,28607,14423,24,16,0,2569,2571,16,1,5.970000e+01,2.570000e+01,
bf_det_k4_l4_r1_c4_m3_w10g0_d32_s2_q2,det,bruteforce,4,4,1,4,3,10,0,32,2,2,3.392000e+00,25154,13177,32,16,0,2199,2479,16,1,6.340000e+01,2.430000e+01,
bf_det_k4_l4_r1_c4_m3_w10g0_d64_s2_q2,det,bruteforce,4,4,1,4,3,10,0,64,2,2,3.392000e+00,28906,14461,32,20,0,2571,2587,20,1,6.270000e+01,2.020000e+01,
bf_det_k4_l4_r1_c4_m3_w10g4_d32_s2_q2,det,bruteforce,4,4,1,4,3,10,4,32,2,2,3.392000e+00,26371,14069,32,16,0,2199,2479,16,1,6.270000e+01,3.230000e+01,
bf_det_k4_l4_r1_c4_m3_w10g4_d64_s2_q2,det,bruteforce,4,4,1,4,3,10,4,64,2,2,3.392000e+00,30120,15353,32,20,0,2571,2587,20,1,6.100000e+01,2.560000e+01,
bf_det_k4_l4_r1_c4_m3_w10g8_d32_s2_q2,det,bruteforce,4,4,1,4,3,10,8,32,2,2,3.392000e+00,27254,14842,32,16,0,2199,2479,16,1,6.790000e+01,1.930000e+01,
bf_det_k4_l4_r1_c4_m3_w10g8_d64_s2_q2,det,bruteforce,4,4,1,4,3,10,8,64,2,2,3.392000e+00,31004,16126,32,20,0,2571,2587,20,1,5.890000e+01,2.690000e+01,
bf_det_k4_l4_r1_c4_m3_w12g0_d32_s2_q2,det,bruteforce,4,4,1,4,3,12,0,32,2,2,3.392000e+00,25395,14562,60,16,0,2201,2495,16,1,6.160000e+01,2.720000e+01,
bf_det_k4_l4_r1_c4_m3_w12g0_d64_s2_q2,det,bruteforce,4,4,1,4,3,12,0,64,2,2,3.392000e+00,29561,16028,60,20,0,2573,2603,20,1,6.560000e+01,3.100000e+01,
bf_det_k4_l4_r1_c4_m3_w12g4_d32_s2_q2,det,bruteforce,4,4,1,4,3,12,4,32,2,2,3.392000e+00,26676,15454,60,16,0,2201,2495,16,1,5.890000e+01,2.870000e+01,
bf_det_k4_l4_r1_c4_m3_w12g4_d64_s2_q2,det,bruteforce,4,4,1,4,3,12,4,64,2,2,3.392000e+00,30839,16920,60,20,0,2573,2603,20,1,5.800000e+01,2.980000e+01,
bf_det_k4_l4_r1_c4_m3_w12g8_d32_s2_q2,det,bruteforce,4,4,1,4,3,12,8,32,2,2,3.392000e+00,27502,16227,60,16,0,2201,2495,16,1,6.900000e+01,1.880000e+01,
bf_det_k4_l4_r1_c4_m3_w12g8_d64_s2_q2,det,bruteforce,4,4,1,4,3,12,8,64,2,2,3.392000e+00,31667,17693,60,20,0,2573,2603,20,1,6.040000e+01,2.690000e+01,
bf_det_k4_l4_r1_c4_m3_w14g0_d32_s2_q2,det,bruteforce,4,4,1,4,3,14,0,32,2,2,3.392000e+00,27141,15886,60,20,0,2203,2511,20,1,6.150000e+01,2.760000e+01,
bf_det_k4_l4_r1_c4_m3_w14g0_d64_s2_q2,det,bruteforce,4,4,1,4,3,14,0,64,2,2,3.392000e+00,32557,16910,60,24,0,2575,2619,24,1,6.600000e+01,2.120000e+01,
bf_det_k4_l4_r1_c4_m3_w14g4_d32_s2_q2,det,bruteforce,4,4,1,4,3,14,4,32,2,2,3.392000e+00,28260,16675,60,20,0,2203,2511,20,1,5.870000e+01,2.850000e+01,
bf_det_k4_l4_r1_c4_m3_w14g4_d64_s2_q2,det,bruteforce,4,4,1,4,3,14,4,64,2,2,3.392000e+00,33677,17699,60,24,0,2575,2619,24,1,5.670000e+01,2.950000e+01,
bf_det_k4_l4_r1_c4_m3_w14g8_d32_s2_q2,det,bruteforce,4,4,1,4,3,14,8,32,2,2,3.392000e+00,29157,17547,60,20,0,2203,2511,20,1,6.910000e+01,2.120000e+01,
bf_det_k4_l4_r1_c4_m3_w14g8_d64_s2_q2,det,bruteforce,4,4,1,4,3,14,8,64,2,2,3.392000e+00,34574,18571,60,24,0,2575,2619,24,1,5.990000e+01,2.970000e+01,
bf_det_k4_l4_r1_c4_m3_w16g0_d32_s2_q2,det,bruteforce,4,4,1,4,3,16,0,32,2,2,3.392000e+00,29114,17211,60,24,0,2189,2399,24,1,6.300000e+01,2.960000e+01,
bf_det_k4_l4_r1_c4_m3_w16g0_d64_s2_q2,det,bruteforce,4,4,1,4,3,16,0,64,2,2,3.392000e+00,35219,18737,60,28,0,2561,2507,28,1,6.740000e+01,1.930000e+01,
bf_det_k4_l4_r1_c4_m3_w16g4_d32_s2_q2,det,bruteforce,4,4,1,4,3,16,4,32,2,2,3.392000e+00,30192,17932,60,24,0,2189,2399,24,1,5.840000e+01,3.160000e+01,
bf_det_k4_l4_r1_c4_m3_w16g4_d64_s2_q2,det,bruteforce,4,4,1,4,3,16,4,64,2,2,3.392000e+00,36299,19458,60,28,0,2561,2507,28,1,5.980000e+01,2.860000e+01,
bf_det_k4_l4_r1_c4_m3_w16g8_d32_s2_q2,det,bruteforce,4,4,1,4,3,16,8,32,2,2,3.392000e+00,31117,19168,60,24,0,2189,2399,24,1,6.690000e+01,2.020000e+01,
bf_det_k4_l4_r1_c4_m3_w16g8_d64_s2_q2,det,bruteforce,4,4,1,4,3,16,8,64,2,2,3.392000e+00,37225,20694,60,28,0,2561,2507,28,1,5.740000e+01,2.820000e+01,
bf_det_k4_l4_r1_c4_m4_w8g0_d32_s2_q2,det,bruteforce,4,4,1,4,4,8,0,32,2,2,3.352000e+00,23925,11888,20,12,0,2197,2463,12,1,5.900000e+01,2.850000e+01,
bf_det_k4_l4_r1_c4_m4_w8g0_d64_s2_q2,det,bruteforce,4,4,1,4,4,8,0,64,2,2,3.352000e+00,27078,12975,20,16,0,2569,2571,16,1,6.510000e+01,1.880000e+01,
bf_det_k4_l4_r1_c4_m4_w8g4_d32_s2_q2,det,bruteforce,4,4,1,4,4,8,4,32,2,2,3.352000e+00,24749,12611,20,12,0,2197,2463,12,1,5.480000e+01,2.900000e+01,
bf_det_k4_l4_r1_c4_m4_w8g4_d64_s2_q2,det,bruteforce,4,4,1,4,4,8,4,64,2,2,3.352000e+00,27901,13698,20,16,0,2569,2571,16,1,5.500000e+01,3.410000e+01,
bf_det_k4_l4_r1_c4_m4_w8g8_d32_s2_q2,det,bruteforce,4,4,1,4,4,8,8,32,2,2,3.352000e+00,25810,13483,20,12,0,2197,2463,12,1,6.990000e+01,1.940000e+01,
bf_det_k4_l4_r1_c4_m4_w8g8_d64_s2_q2,det,bruteforce,4,4,1,4,4,8,8,64,2,2,3.352000e+00,28959,14570,20,16,0,2569,2571,16,1,5.820000e+01,2.850000e+01,
bf_det_k4_l4_r1_c4_m4_w10g0_d32_s2_q2,det,bruteforce,4,4,1,4,4,10,0,32,2,2,3.352000e+00,25682,13342,28,16,0,2199,2479,16,1,5.880000e+01,2.940000e+01,
bf_det_k4_l4_r1_c4_m4_w10g0_d64_s2_q2,det,bruteforce,4,4,1,4,4,10,0,64,2,2,3.352000e+00,29434,14626,28,20,0,2571,2587,20,1,6.850000e+01,1.980000e+01,
bf_det_k4_l4_r1_c4_m4_w10g4_d32_s2_q2,det,bruteforce,4,4,1,4,4,10,4,32,2,2,3.352000e+00,26899,14234,28,16,0,2199,2479,16,1,5.910000e+01,2.960000e+01,
bf_det_k4_l4_r1_c4_m4_w10g4_d64_s2_q2,det,bruteforce,4,4,1,4,4,10,4,64,2,2,3.352000e+00,30648,15518,28,20,0,2571,2587,20,1,5.560000e+01,2.900000e+01,
bf_det_k4_l4_r1_c4_m4_w10g8_d32_s2_q2,det,bruteforce,4,4,1,4,4,10,8,32,2,2,3.352000e+00,27782,15007,28,16,0,2199,2479,16,1,6.770000e+01,1.950000e+01,
bf_det_k4_l4_r1_c4_m4_w10g8_d64_s2_q2,det,bruteforce,4,4,1,4,4,10,8,64,2,2,3.352000e+00,31532,16291,28,20,0,2571,2587,20,1,5.870000e+01,2.880000e+01,
bf_det_k4_l4_r1_c4_m4_w12g0_d32_s2_q2,det,bruteforce,4,4,1,4,4,12,0,32,2,2,3.352000e+00,25467,14745,64,16,0,2201,2495,16,1,5.630000e+01,2.970000e+01,
bf_det_k4_l4_r1_c4_m4_w12g0_d64_s2_q2,det,bruteforce,4,4,1,4,4,12,0,64,2,2,3.352000e+00,29633,16211,64,20,0,2573,2603,20,1,6.730000e+01,1.980000e+01,
bf_det_k4_l4_r1_c4_m4_w12g4_d32_s2_q2,det,bruteforce,4,4,1,4,4,12,4,32,2,2,3.352000e+00,26748,15637,64,16,0,2201,2495,16,1,5.750000e+01,2.910000e+01,
bf_det_k4_l4_r1_c4_m4_w12g4_d64_s2_q2,det,bruteforce,4,4,1,4,4,12,4,64,2,2,3.352000e+00,30911,17103,64,20,0,2573,2603,20,1,5.900000e+01,2.990000e+01,
bf_det_k4_l4_r1_c4_m4_w12g8_d32_s2_q2,det,bruteforce,4,4,1,4,4,12,8,32,2,2,3.352000e+00,27574,16410,64,16,0,2201,2495,16,1,6.610000e+01,1.940000e+01,
bf_det_k4_l4_r1_c4_m4_w12g8_d64_s2_q2,det,bruteforce,4,4,1,4,4,12,8,64,2,2,3.352000e+00,31739,17876,64,20,0,2573,2603,20,1,5.620000e+01,3.070000e+01,
bf_det_k4_l4_r1_c4_m4_w14g0_d32_s2_q2,det,bruteforce,4,4,1,4,4,14,0,32,2,2,3.352000e+00,27181,16015,64,20,0,2203,2511,20,1,5.870000e+01,2.850000e+01,
bf_det_k4_l4_r1_c4_m4_w14g0_d64_s2_q2,det,bruteforce,4,4,1,4,4,14,0,64,2,2,3.352000e+00,32597,17039,64,24,0,2575,2619,24,1,6.310000e+01,1.690000e+01,
bf_det_k4_l4_r1_c4_m4_w14g4_d32_s2_q2,det,bruteforce,4,4,1,4,4,14,4,32,2,2,3.352000e+00,28300,16804,64,20,0,2203,2511,20,1,6.090000e+01,2.890000e+01,
bf_det_k4_l4_r1_c4_m4_w14g4_d64_s2_q2,det,bruteforce,4,4,1,4,4,14,4,64,2,2,3.352000e+00,33717,17828,64,24,0,2575,2619,24,1,5.660000e+01,3.150000e+01,
bf_det_k4_l4_r1_c4_m4_w14g8_d32_s2_q2,det,bruteforce,4,4,1,4,4,14,8,32,2,2,3.352000e+00,29197,17676,64,20,0,2203,2511,20,1,6.580000e+01,1.940000e+01,
bf_det_k4_l4_r1_c4_m4_w14g8_d64_s2_q2,det,bruteforce,4,4,1,4,4,14,8,64,2,2,3.352000e+00,34614,18700,64,24,0,2575,2619,24,1,5.700000e+01,3.580000e+01,
bf_det_k4_l4_r1_c4_m4_w16g0_d32_s2_q2,det,bruteforce,4,4,1,4,4,16,0,32,2,2,3.352000e+00,29154,17358,64,24,0,2189,2399,24,1,5.560000e+01,2.960000e+01,
bf_det_k4_l4_r1_c4_m4_w16g0_d64_s2_q2,det,bruteforce,4,4,1,4,4,16,0,64,2,2,3.352000e+00,35259,18884,64,28,0,2561,2507,28,1,7.450000e+01,2.020000e+01,
bf_det_k4_l4_r1_c4_m4_w16g4_d32_s2_q2,det,bruteforce,4,4,1,4,4,16,4,32,2,2,3.352000e+00,30232,18079,64,24,0,2189,2399,24,1,5.690000e+01,3.060000e+01,
bf_det_k4_l4_r1_c4_m4_w16g4_d64_s2_q2,det,bruteforce,4,4,1,4,4,16,4,64,2,2,3.352000e+00,36339,19605,64,28,0,2561,2507,28,1,6.000000e+01,3.000000e+01,
bf_det_k4_l4_r1_c4_m4_w16g8_d32_s2_q2,det,bruteforce,4,4,1,4,4,16,8,32,2,2,3.352000e+00,31157,19315,64,24,0,2189,2399,24,1,7.090000e+01,2.170000e+01,
bf_det_k4_l4_r1_c4_m4_w16g8_d64_s2_q2,det,bruteforce,4,4,1,4,4,16,8,64,2,2,3.352000e+00,37265,20841,64,28,0,2561,2507,28,1,6.370000e+01,2.970000e+01,
bf_det_k4_l4_r4_c4_m3_w8g0_d32_s2_q2,det,bruteforce,4,4,4,4,3,8,0,32,2,2,3.392000e+00,24632,12504,60,12,0,2197,2463,12,1,6.280000e+01,3.040000e+01,
bf_det_k4_l4_r4_c4_m3_w8g0_d64_s2_q2,det,bruteforce,4,4,4,4,3,8,0,64,2,2,3.392000e+00,27770,13657,60,16,0,2569,2571,16,1,7.400000e+01,2.150000e+01,
bf_det_k4_l4_r4_c4_m3_w8g4_d32_s2_q2,det,bruteforce,4,4,4,4,3,8,4,32,2,2,3.392000e+00,25456,13227,60,12,0,2197,2463,12,1,6.310000e+01,3.330000e+01,
bf_det_k4_l4_r4_c4_m3_w8g4_d64_s2_q2,det,bruteforce,4,4,4,4,3,8,4,64,2,2,3.392000e+00,28593,14380,60,16,0,2569,2571,16,1,6.740000e+01,2.940000e+01,
bf_det_k4_l4_r4_c4_m3_w8g8_d32_s2_q2,det,bruteforce,4,4,4,4,3,8,8,32,2,2,3.392000e+00,26517,14099,60,12,0,2197,2463,12,1,7.570000e+01,2.190000e+01,
bf_det_k4_l4_r4_c4_m3_w8g8_d64_s2_q2,det,bruteforce,4,4,4,4,3,8,8,64,2,2,3.392000e+00,29651,15252,60,16,0,2569,2571,16,1,7.090000e+01,2.520000e+01,
bf_det_k4_l4_r4_c4_m3_w10g0_d32_s2_q2,det,bruteforce,4,4,4,4,3,10,0,32,2,2,3.392000e+00,26277,14160,68,16,0,2199,2479,16,1,6.890000e+01,3.340000e+01,
bf_det_k4_l4_r4_c4_m3_w10g0_d64_s2_q2,det,bruteforce,4,4,4,4,3,10,0,64,2,2,3.392000e+00,30014,15510,68,20,0,2571,2587,20,1,8.220000e+01,2.310000e+01,
bf_det_k4_l4_r4_c4_m3_w10g4_d32_s2_q2,det,bruteforce,4,4,4,4,3,10,4,32,2,2,3.392000e+00,27494,15052,68,16,0,2199,2479,16,1,7.230000e+01,3.120000e+01,
bf_det_k4_l4_r4_c4_m3_w10g4_d64_s2_q2,det,bruteforce,4,4,4,4,3,10,4,64,2,2,3.392000e+00,31228,16402,68,20,0,2571,2587,20,1,6.820000e+01,3.120000e+01,
bf_det_k4_l4_r4_c4_m3_w10g8_d32_s2_q2,det,bruteforce,4,4,4,4,3,10,8,32,2,2,3.392000e+00,28377,15825,68,16,0,2199,2479,16,1,7.820000e+01,2.440000e+01,
bf_det_k4_l4_r4_c4_m3_w10g8_d64_s2_q2,det,bruteforce,4,4,4,4,3,10,8,64,2,2,3.392000e+00,32112,17175,68,20,0,2571,2587,20,1,7.030000e+01,2.780000e+01,
bf_det_k4_l4_r4_c4_m3_w12g0_d32_s2_q2,det,bruteforce,4,4,4,4,3,12,0,32,2,2,3.392000e+00,26574,15765,96,16,0,2201,2495,16,1,6.990000e+01,3.140000e+01,
bf_det_k4_l4_r4_c4_m3_w12g0_d64_s2_q2,det,bruteforce,4,4,4,4,3,12,0,64,2,2,3.392000e+00,30725,17297,96,20,0,2573,2603,20,1,6.260000e+01,3.210000e+01,
bf_det_k4_l4_r4_c4_m3_w12g4_d32_s2_q2,det,bruteforce,4,4,4,4,3,12,4,32,2,2,3.392000e+00,27855,16657,96,16,0,2201,2495,16,1,6.440000e+01,3.070000e+01,
bf_det_k4_l4_r4_c4_m3_w12g4_d64_s2_q2,det,bruteforce,4,4,4,4,3,12,4,64,2,2,3.392000e+00,32003,18189,96,20,0,2573,2603,20,1,6.680000e+01,3.130000e+01,
bf_det_k4_l4_r4_c4_m3_w12g8_d32_s2_q2,det,bruteforce,4,4,4,4,3,12,8,32,2,2,3.392000e+00,28681,17430,96,16,0,2201,2495,16,1,7.270000e+01,2.030000e+01,
bf_det_k4_l4_r4_c4_m3_w12g8_d64_s2_q2,det,bruteforce,4,4,4,4,3,12,8,64,2,2,3.392000e+00,32831,18962,96,20,0,2573,2603,20,1,6.350000e+01,3.070000e+01,
bf_det_k4_l4_r4_c4_m3_w14g0_d32_s2_q2,det,bruteforce,4,4,4,4,3,14,0,32,2,2,3.392000e+00,28384,17293,96,20,0,2203,2511,20,1,6.140000e+01,3.160000e+01,
bf_det_k4_l4_r4_c4_m3_w14g0_d64_s2_q2,det,bruteforce,4,4,4,4,3,14,0,64,2,2,3.392000e+00,33785,18383,96,24,0,2575,2619,24,1,6.610000e+01,2.130000e+01,
bf_det_k4_l4_r4_c4_m3_w14g4_d32_s2_q2,det,bruteforce,4,4,4,4,3,14,4,32,2,2,3.392000e+00,29503,18082,96,20,0,2203,2511,20,1,6.140000e+01,3.190000e+01,
bf_det_k4_l4_r4_c4_m3_w14g4_d64_s2_q2,det,bruteforce,4,4,4,4,3,14,4,64,2,2,3.392000e+00,34905,19172,96,24,0,2575,2619,24,1,6.090000e+01,2.940000e+01,
bf_det_k4_l4_r4_c4_m3_w14g8_d32_s2_q2,det,bruteforce,4,4,4,4,3,14,8,32,2,2,3.392000e+00,30400,18954,96,20,0,2203,2511,20,1,6.850000e+01,2.360000e+01,
bf_det_k4_l4_r4_c4_m3_w14g8_d64_s2_q2,det,bruteforce,4,4,4,4,3,14,8,64,2,2,3.392000e+00,35802,20044,96,24,0,2575,2619,24,1,6.230000e+01,3.190000e+01,
bf_det_k4_l4_r4_c4_m3_w16g0_d32_s2_q2,det,bruteforce,4,4,4,4,3,16,0,32,2,2,3.392000e+00,30437,18862,96,24,0,2189,2399,24,1,5.710000e+01,2.990000e+01,
bf_det_k4_l4_r4_c4_m3_w16g0_d64_s2_q2,det,bruteforce,4,4,4,4,3,16,0,64,2,2,3.392000e+00,36527,20454,96,28,0,2561,2507,28,1,6.990000e+01,2.170000e+01,
bf_det_k4_l4_r4_c4_m3_w16g4_d32_s2_q2,det,bruteforce,4,4,4,4,3,16,4,32,2,2,3.392000e+00,31515,19583,96,24,0,2189,2399,24,1,6.380000e+01,2.880000e+01,
bf_det_k4_l4_r4_c4_m3_w16g4_d64_s2_q2,det,bruteforce,4,4,4,4,3,16,4,64,2,2,3.392000e+00,37607,21175,96,28,0,2561,2507,28,1,5.850000e+01,2.930000e+01,
bf_det_k4_l4_r4_c4_m3_w16g8_d32_s2_q2,det,bruteforce,4,4,4,4,3,16,8,32,2,2,3.392000e+00,32440,20819,96,24,0,2189,2399,24,1,7.000000e+01,2.140000e+01,
bf_det_k4_l4_r4_c4_m3_w16g8_d64_s2_q2,det,bruteforce,4,4,4,4,3,16,8,64,2,2,3.392000e+00,38533,22411,96,28,0,2561,2507,28,1,6.500000e+01,2.840000e+01,
bf_det_k4_l4_r4_c4_m4_w8g0_d32_s2_q2,det,bruteforce,4,4,4,4,4,8,0,32,2,2,3.352000e+00,25912,13037,44,12,0,2197,2463,12,1,6.230000e+01,2.690000e+01,
bf_det_k4_l4_r4_c4_m4_w8g0_d64_s2_q2,det,bruteforce,4,4,4,4,4,8,0,64,2,2,3.352000e+00,29050,14190,44,16,0,2569,2571,16,1,6.890000e+01,2.090000e+01,
bf_det_k4_l4_r4_c4_m4_w8g4_d32_s2_q2,det,bruteforce,4,4,4,4,4,8,4,32,2,2,3.352000e+00,26736,13760,44,12,0,2197,2463,12,1,6.250000e+01,2.980000e+01,
bf_det_k4_l4_r4_c4_m4_w8g4_d64_s2_q2,det,bruteforce,4,4,4,4,4,8,4,64,2,2,3.352000e+00,29873,14913,44,16,0,2569,2571,16,1,6.310000e+01,3.280000e+01,
bf_det_k4_l4_r4_c4_m4_w8g8_d32_s2_q2,det,bruteforce,4,4,4,4,4,8,8,32,2,2,3.352000e+00,27797,14632,44,12,0,2197,2463,12,1,6.620000e+01,2.150000e+01,
bf_det_k4_l4_r4_c4_m4_w8g8_d64_s2_q2,det,bruteforce,4,4,4,4,4,8,8,64,2,2,3.352000e+00,30931,15785,44,16,0,2569,2571,16,1,7.140000e+01,2.330000e+01,
bf_det_k4_l4_r4_c4_m4_w10g0_d32_s2_q2,det,bruteforce,4,4,4,4,4,10,0,32,2,2,3.352000e+00,28261,14849,52,16,0,2199,2479,16,1,6.610000e+01,2.880000e+01,
bf_det_k4_l4_r4_c4_m4_w10g0_d64_s2_q2,det,bruteforce,4,4,4,4,4,10,0,64,2,2,3.352000e+00,31998,16199,52,20,0,2571,2587,20,1,7.330000e+01,2.050000e+01,
bf_det_k4_l4_r4_c4_m4_w10g4_d32_s2_q2,det,bruteforce,4,4,4,4,4,10,4,32,2,2,3.352000e+00,29478,15741,52,16,0,2199,2479,16,1,6.200000e+01,3.070000e+01,
bf_det_k4_l4_r4_c4_m4_w10g4_d64_s2_q2,det,bruteforce,4,4,4,4,4,10,4,64,2,2,3.352000e+00,33212,17091,52,20,0,2571,2587,20,1,6.270000e+01,2.870000e+01,
bf_det_k4_l4_r4_c4_m4_w10g8_d32_s2_q2,det,bruteforce,4,4,4,4,4,10,8,32,2,2,3.352000e+00,30361,16514,52,16,0,2199,2479,16,1,7.050000e+01,2.240000e+01,
bf_det_k4_l4_r4_c4_m4_w10g8_d64_s2_q2,det,bruteforce,4,4,4,4,4,10,8,64,2,2,3.352000e+00,34096,17864,52,20,0,2571,2587,20,1,6.700000e+01,2.300000e+01,
bf_det_k4_l4_r4_c4_m4_w12g0_d32_s2_q2,det,bruteforce,4,4,4,4,4,12,0,32,2,2,3.352000e+00,26734,16594,112,16,0,2201,2495,16,1,5.930000e+01,2.810000e+01,
bf_det_k4_l4_r4_c4_m4_w12g0_d64_s2_q2,det,bruteforce,4,4,4,4,4,12,0,64,2,2,3.352000e+00,30885,18126,112,20,0,2573,2603,20,1,7.250000e+01,2.020000e+01,
bf_det_k4_l4_r4_c4_m4_w12g4_d32_s2_q2,det,bruteforce,4,4,4,4,4,12,4,32,2,2,3.352000e+00,28015,17486,112,16,0,2201,2495,16,1,5.990000e+01,2.960000e+01,
bf_det_k4_l4_r4_c4_m4_w12g4_d64_s2_q2,det,bruteforce,4,4,4,4,4,12,4,64,2,2,3.352000e+00,32163,19018,112,20,0,2573,2603,20,1,6.370000e+01,2.950000e+01,
bf_det_k4_l4_r4_c4_m4_w12g8_d32_s2_q2,det,bruteforce,4,4,4,4,4,12,8,32,2,2,3.352000e+00,28841,18259,112,16,0,2201,2495,16,1,6.410000e+01,1.880000e+01,
bf_det_k4_l4_r4_c4_m4_w12g8_d64_s2_q2,det,bruteforce,4,4,4,4,4,12,8,64,2,2,3.352000e+00,32991,19791,112,20,0,2573,2603,20,1,7.430000e+01,2.160000e+01,
bf_det_k4_l4_r4_c4_m4_w14g0_d32_s2_q2,det,bruteforce,4,4,4,4,4,14,0,32,2,2,3.352000e+00,28544,18257,112,20,0,2203,2511,20,1,6.280000e+01,2.660000e+01,
bf_det_k4_l4_r4_c4_m4_w14g0_d64_s2_q2,det,bruteforce,4,4,4,4,4,14,0,64,2,2,3.352000e+00,33945,19347,112,24,0,2575,2619,24,1,7.160000e+01,2.250000e+01,
bf_det_k4_l4_r4_c4_m4_w14g4_d32_s2_q2,det,bruteforce,4,4,4,4,4,14,4,32,2,2,3.352000e+00,29663,19046,112,20,0,2203,2511,20,1,5.760000e+01,2.820000e+01,
bf_det_k4_l4_r4_c4_m4_w14g4_d64_s2_q2,det,bruteforce,4,4,4,4,4,14,4,64,2,2,3.352000e+00,35065,20136,112,24,0,2575,2619,24,1,6.150000e+01,2.660000e+01,
bf_det_k4_l4_r4_c4_m4_w14g8_d32_s2_q2,det,bruteforce,4,4,4,4,4,14,8,32,2,2,3.352000e+00,30560,19918,112,20,0,2203,2511,20,1,6.980000e+01,2.270000e+01,
bf_det_k4_l4_r4_c4_m4_w14g8_d64_s2_q2,det,bruteforce,4,4,4,4,4,14,8,64,2,2,3.352000e+00,35962,21008,112,24,0,2575,2619,24,1,7.430000e+01,2.310000e+01,
bf_det_k4_l4_r4_c4_m4_w16g0_d32_s2_q2,det,bruteforce,4,4,4,4,4,16,0,32,2,2,3.352000e+00,30597,19966,112,24,0,2189,2399,24,1,6.160000e+01,2.780000e+01,
bf_det_k4_l4_r4_c4_m4_w16g0_d64_s2_q2,det,bruteforce,4,4,4,4,4,16,0,64,2,2,3.352000e+00,36687,21558,112,28,0,2561,2507,28,1,6.930000e+01,2.100000e+01,
bf_det_k4_l4_r4_c4_m4_w16g4_d32_s2_q2,det,bruteforce,4,4,4,4,4,16,4,32,2,2,3.352000e+00,31675,20687,112,24,0,2189,2399,24,1,6.240000e+01,2.630000e+01,
bf_det_k4_l4_r4_c4_m4_w16g4_d64_s2_q2,det,bruteforce,4,4,4,4,4,16,4,64,2,2,3.352000e+00,37767,22279,112,28,0,2561,2507,28,1,6.530000e+01,2.610000e+01,
bf_det_k4_l4_r4_c4_m4_w16g8_d32_s2_q2,det,bruteforce,4,4,4,4,4,16,8,32,2,2,3.352000e+00,32600,21923,112,24,0,2189,2399,24,1,6.870000e+01,2.160000e+01,
bf_det_k4_l4_r4_c4_m4_w16g8_d64_s2_q2,det,bruteforce,4,4,4,4,4,16,8,64,2,2,3.352000e+00,38693,23515,112,28,0,2561,2507,28,1,6.900000e+01,2.410000e+01,
bf_det_k4_l16_r1_c16_m3_w8g0_d32_s2_q2,det,bruteforce,4,16,1,16,3,8,0,32,2,2,3.392000e+00,66213,29384,96,36,0,2197,2463,36,1,1.111000e+02,4.880000e+01,
bf_det_k4_l16_r1_c16_m3_w8g0_d64_s2_q2,det,bruteforce,4,16,1,16,3,8,0,64,2,2,3.392000e+00,75137,30528,96,40,0,2569,2571,40,1,1.050000e+02,3.430000e+01,
bf_det_k4_l16_r1_c16_m3_w8g4_d32_s2_q2,det,bruteforce,4,16,1,16,3,8,4,32,2,2,3.392000e+00,69277,32219,96,36,0,2197,2463,36,1,1.089000e+02,4.800000e+01,
bf_det_k4_l16_r1_c16_m3_w8g4_d64_s2_q2,det,bruteforce,4,16,1,16,3,8,4,64,2,2,3.392000e+00,78200,33363,96,40,0,2569,2571,40,1,1.085000e+02,5.040000e+01,
bf_det_k4_l16_r1_c16_m3_w8g8_d32_s2_q2,det,bruteforce,4,16,1,16,3,8,8,32,2,2,3.392000e+00,73062,35635,96,36,0,2197,2463,36,1,1.049000e+02,3.470000e+01,
bf_det_k4_l16_r1_c16_m3_w8g8_d64_s2_q2,det,bruteforce,4,16,1,16,3,8,8,64,2,2,3.392000e+00,81982,36779,96,40,0,2569,2571,40,1,1.233000e+02,3.450000e+01,
bf_det_k4_l16_r1_c16_m3_w10g0_d32_s2_q2,det,bruteforce,4,16,1,16,3,10,0,32,2,2,3.392000e+00,71844,34035,128,40,0,2199,2479,40,1,9.190000e+01,5.020000e+01,
bf_det_k4_l16_r1_c16_m3_w10g0_d64_s2_q2,det,bruteforce,4,16,1,16,3,10,0,64,2,2,3.392000e+00,83186,35626,128,44,0,2571,2587,44,1,1.256000e+02,3.320000e+01,
bf_det_k4_l16_r1_c16_m3_w10g4_d32_s2_q2,det,bruteforce,4,16,1,16,3,10,4,32,2,2,3.392000e+00,76361,37531,128,40,0,2199,2479,40,1,1.053000e+02,4.240000e+01,
bf_det_k4_l16_r1_c16_m3_w10g4_d64_s2_q2,det,bruteforce,4,16,1,16,3,10,4,64,2,2,3.392000e+00,87700,39122,128,44,0,2571,2587,44,1,1.223000e+02,4.630000e+01,
bf_det_k4_l16_r1_c16_m3_w10g8_d32_s2_q2,det,bruteforce,4,16,1,16,3,10,8,32,2,2,3.392000e+00,79496,40560,128,40,0,2199,2479,40,1,1.222000e+02,3.190000e+01,
bf_det_k4_l16_r1_c16_m3_w10g8_d64_s2_q2,det,bruteforce,4,16,1,16,3,10,8,64,2,2,3.392000e+00,90836,42151,128,44,0,2571,2587,44,1,1.156000e+02,3.940000e+01,
bf_det_k4_l16_r1_c16_m3_w12g0_d32_s2_q2,det,bruteforce,4,16,1,16,3,12,0,32,2,2,3.392000e+00,71283,39153,240,48,0,2201,2495,48,1,1.115000e+02,4.650000e+01,
bf_det_k4_l16_r1_c16_m3_w12g0_d64_s2_q2,det,bruteforce,4,16,1,16,3,12,0,64,2,2,3.392000e+00,84869,40331,240,52,0,2573,2603,52,1,1.227000e+02,3.390000e+01,
bf_det_k4_l16_r1_c16_m3_w12g4_d32_s2_q2,det,bruteforce,4,16,1,16,3,12,4,32,2,2,3.392000e+00,75948,42649,240,48,0,2201,2495,48,1,1.198000e+02,4.880000e+01,
bf_det_k4_l16_r1_c16_m3_w12g4_d64_s2_q2,det,bruteforce,4,16,1,16,3,12,4,64,2,2,3.392000e+00,89531,43827,240,52,0,2573,2603,52,1,1.094000e+02,4.910000e+01,
bf_det_k4_l16_r1_c16_m3_w12g8_d32_s2_q2,det,bruteforce,4,16,1,16,3,12,8,32,2,2,3.392000e+00,78894,45678,240,48,0,2201,2495,48,1,1.281000e+02,3.520000e+01,
bf_det_k4_l16_r1_c16_m3_w12g8_d64_s2_q2,det,bruteforce,4,16,1,16,3,12,8,64,2,2,3.392000e+00,92479,46856,240,52,0,2573,2603,52,1,1.186000e+02,4.000000e+01,
bf_det_k4_l16_r1_c16_m3_w14g0_d32_s2_q2,det,bruteforce,4,16,1,16,3,14,0,32,2,2,3.392000e+00,77293,44708,240,56,0,2203,2511,56,1,1.094000e+02,4.440000e+01,
bf_det_k4_l16_r1_c16_m3_w14g0_d64_s2_q2,det,bruteforce,4,16,1,16,3,14,0,64,2,2,3.392000e+00,93736,45925,240,60,0,2575,2619,60,1,1.256000e+02,3.200000e+01,
bf_det_k4_l16_r1_c16_m3_w14g4_d32_s2_q2,det,bruteforce,4,16,1,16,3,14,4,32,2,2,3.392000e+00,81372,47801,240,56,0,2203,2511,56,1,1.131000e+02,4.950000e+01,
bf_det_k4_l16_r1_c16_m3_w14g4_d64_s2_q2,det,bruteforce,4,16,1,16,3,14,4,64,2,2,3.392000e+00,97816,49018,240,60,0,2575,2619,60,1,1.013000e+02,4.940000e+01,
bf_det_k4_l16_r1_c16_m3_w14g8_d32_s2_q2,det,bruteforce,4,16,1,16,3,14,8,32,2,2,3.392000e+00,84573,51217,240,56,0,2203,2511,56,1,1.208000e+02,3.050000e+01,
bf_det_k4_l16_r1_c16_m3_w14g8_d64_s2_q2,det,bruteforce,4,16,1,16,3,14,8,64,2,2,3.392000e+00,101017,52434,240,60,0,2575,2619,60,1,1.191000e+02,3.800000e+01,
bf_det_k4_l16_r1_c16_m3_w16g0_d32_s2_q2,det,bruteforce,4,16,1,16,3,16,0,32,2,2,3.392000e+00,84496,50079,240,68,0,2189,2399,68,1,1.112000e+02,4.580000e+01,
bf_det_k4_l16_r1_c16_m3_w16g0_d64_s2_q2,det,bruteforce,4,16,1,16,3,16,0,64,2,2,3.392000e+00,103386,53974,240,72,0,2561,2507,72,1,1.179000e+02,3.290000e+01,
bf_det_k4_l16_r1_c16_m3_w16g4_d32_s2_q2,det,bruteforce,4,16,1,16,3,16,4,32,2,2,3.392000e+00,88450,52900,240,68,0,2189,2399,68,1,9.590000e+01,5.060000e+01,
bf_det_k4_l16_r1_c16_m3_w16g4_d64_s2_q2,det,bruteforce,4,16,1,16,3,16,4,64,2,2,3.392000e+00,107342,56795,240,72,0,2561,2507,72,1,1.051000e+02,5.160000e+01,
bf_det_k4_l16_r1_c16_m3_w16g8_d32_s2_q2,det,bruteforce,4,16,1,16,3,16,8,32,2,2,3.392000e+00,91763,57772,240,68,0,2189,2399,68,1,1.170000e+02,3.170000e+01,
bf_det_k4_l16_r1_c16_m3_w16g8_d64_s2_q2,det,bruteforce,4,16,1,16,3,16,8,64,2,2,3.392000e+00,110656,61667,240,72,0,2561,2507,72,1,1.112000e+02,4.300000e+01,
bf_det_k4_l16_r1_c16_m4_w8g0_d32_s2_q2,det,bruteforce,4,16,1,16,4,8,0,32,2,2,3.352000e+00,67493,29885,80,36,0,2197,2463,36,1,1.082000e+02,4.680000e+01,
bf_det_k4_l16_r1_c16_m4_w8g0_d64_s2_q2,det,bruteforce,4,16,1,16,4,8,0,64,2,2,3.352000e+00,76417,31029,80,40,0,2569,2571,40,1,1.255000e+02,3.410000e+01,
bf_det_k4_l16_r1_c16_m4_w8g4_d32_s2_q2,det,bruteforce,4,16,1,16,4,8,4,32,2,2,3.352000e+00,70557,32720,80,36,0,2197,2463,36,1,1.053000e+02,5.180000e+01,
bf_det_k4_l16_r1_c16_m4_w8g4_d64_s2_q2,det,bruteforce,4,16,1,16,4,8,4,64,2,2,3.352000e+00,79480,33864,80,40,0,2569,2571,40,1,1.106000e+02,5.020000e+01,
bf_det_k4_l16_r1_c16_m4_w8g8_d32_s2_q2,det,bruteforce,4,16,1,16,4,8,8,32,2,2,3.352000e+00,74342,36136,80,36,0,2197,2463,36,1,1.178000e+02,3.260000e+01,
bf_det_k4_l16_r1_c16_m4_w8g8_d64_s2_q2,det,bruteforce,4,16,1,16,4,8,8,64,2,2,3.352000e+00,83262,37280,80,40,0,2569,2571,40,1,1.134000e+02,4.460000e+01,
bf_det_k4_l16_r1_c16_m4_w10g0_d32_s2_q2,det,bruteforce,4,16,1,16,4,10,0,32,2,2,3.352000e+00,73828,34662,112,40,0,2199,2479,40,1,1.091000e+02,5.140000e+01,
bf_det_k4_l16_r1_c16_m4_w10g0_d64_s2_q2,det,bruteforce,4,16,1,16,4,10,0,64,2,2,3.352000e+00,85170,36253,112,44,0,2571,2587,44,1,1.226000e+02,3.440000e+01,
bf_det_k4_l16_r1_c16_m4_w10g4_d32_s2_q2,det,bruteforce,4,16,1,16,4,10,4,32,2,2,3.352000e+00,78345,38158,112,40,0,2199,2479,40,1,1.033000e+02,5.160000e+01,
bf_det_k4_l16_r1_c16_m4_w10g4_d64_s2_q2,det,bruteforce,4,16,1,16,4,10,4,64,2,2,3.352000e+00,89684,39749,112,44,0,2571,2587,44,1,1.041000e+02,4.900000e+01,
bf_det_k4_l16_r1_c16_m4_w10g8_d32_s2_q2,det,bruteforce,4,16,1,16,4,10,8,32,2,2,3.352000e+00,81480,41187,112,40,0,2199,2479,40,1,1.283000e+02,3.230000e+01,
bf_det_k4_l16_r1_c16_m4_w10g8_d64_s2_q2,det,bruteforce,4,16,1,16,4,10,8,64,2,2,3.352000e+00,92820,42778,112,44,0,2571,2587,44,1,1.207000e+02,4.180000e+01,
bf_det_k4_l16_r1_c16_m4_w12g0_d32_s2_q2,det,bruteforce,4,16,1,16,4,12,0,32,2,2,3.352000e+00,71443,39906,256,48,0,2201,2495,48,1,1.068000e+02,4.780000e+01,
bf_det_k4_l16_r1_c16_m4_w12g0_d64_s2_q2,det,bruteforce,4,16,1,16,4,12,0,64,2,2,3.352000e+00,85029,41084,256,52,0,2573,2603,52,1,1.238000e+02,3.500000e+01,
bf_det_k4_l16_r1_c16_m4_w12g4_d32_s2_q2,det,bruteforce,4,16,1,16,4,12,4,32,2,2,3.352000e+00,76108,43402,256,48,0,2201,2495,48,1,1.124000e+02,5.120000e+01,
bf_det_k4_l16_r1_c16_m4_w12g4_d64_s2_q2,det,bruteforce,4,16,1,16,4,12,4,64,2,2,3.352000e+00,89691,44580,256,52,0,2573,2603,52,1,1.108000e+02,5.050000e+01,
bf_det_k4_l16_r1_c16_m4_w12g8_d32_s2_q2,det,bruteforce,4,16,1,16,4,12,8,32,2,2,3.352000e+00,79054,46431,256,48,0,2201,2495,48,1,9.770000e+01,4.930000e+01,
bf_det_k4_l16_r1_c16_m4_w12g8_d64_s2_q2,det,bruteforce,4,16,1,16,4,12,8,64,2,2,3.352000e+00,92639,47609,256,52,0,2573,2603,52,1,1.048000e+02,4.740000e+01,
bf_det_k4_l16_r1_c16_m4_w14g0_d32_s2_q2,det,bruteforce,4,16,1,16,4,14,0,32,2,2,3.352000e+00,77453,45581,256,56,0,2203,2511,56,1,1.056000e+02,4.030000e+01,
bf_det_k4_l16_r1_c16_m4_w14g0_d64_s2_q2,det,bruteforce,4,16,1,16,4,14,0,64,2,2,3.352000e+00,93896,46798,256,60,0,2575,2619,60,1,1.163000e+02,3.230000e+01,
bf_det_k4_l16_r1_c16_m4_w14g4_d32_s2_q2,det,bruteforce,4,16,1,16,4,14,4,32,2,2,3.352000e+00,81532,48674,256,56,0,2203,2511,56,1,1.084000e+02,5.010000e+01,
bf_det_k4_l16_r1_c16_m4_w14g4_d64_s2_q2,det,bruteforce,4,16,1,16,4,14,4,64,2,2,3.352000e+00,97976,49891,256,60,0,2575,2619,60,1,1.090000e+02,4.450000e+01,
bf_det_k4_l16_r1_c16_m4_w14g8_d32_s2_q2,det,bruteforce,4,16,1,16,4,14,8,32,2,2,3.352000e+00,84733,52090,256,56,0,2203,2511,56,1,1.236000e+02,3.220000e+01,
bf_det_k4_l16_r1_c16_m4_w14g8_d64_s2_q2,det,bruteforce,4,16,1,16,4,14,8,64,2,2,3.352000e+00,101177,53307,256,60,0,2575,2619,60,1,1.152000e+02,4.180000e+01,
bf_det_k4_l16_r1_c16_m4_w16g0_d32_s2_q2,det,bruteforce,4,16,1,16,4,16,0,32,2,2,3.352000e+00,84656,51078,256,68,0,2189,2399,68,1,1.102000e+02,3.280000e+01,
bf_det_k4_l16_r1_c16_m4_w16g0_d64_s2_q2,det,bruteforce,4,16,1,16,4,16,0,64,2,2,3.352000e+00,103546,54973,256,72,0,2561,2507,72,1,1.171000e+02,3.520000e+01,
bf_det_k4_l16_r1_c16_m4_w16g4_d32_s2_q2,det,bruteforce,4,16,1,16,4,16,4,32,2,2,3.352000e+00,88610,53899,256,68,0,2189,2399,68,1,1.085000e+02,4.760000e+01,
bf_det_k4_l16_r1_c16_m4_w16g4_d64_s2_q2,det,bruteforce,4,16,1,16,4,16,4,64,2,2,3.352000e+00,107502,57794,256,72,0,2561,2507,72,1,1.127000e+02,4.550000e+01,
bf_det_k4_l16_r1_c16_m4_w16g8_d32_s2_q2,det,bruteforce,4,16,1,16,4,16,8,32,2,2,3.352000e+00,91923,58771,256,68,0,2189,2399,68,1,1.191000e+02,3.280000e+01,
bf_det_k4_l16_r1_c16_m4_w16g8_d64_s2_q2,det,bruteforce,4,16,1,16,4,16,8,64,2,2,3.352000e+00,110816,62666,256,72,0,2561,2507,72,1,1.106000e+02,5.020000e+01,
bf_det_k4_l16_r4_c16_m3_w8g0_d32_s2_q2,det,bruteforce,4,16,4,16,3,8,0,32,2,2,3.392000e+00,71947,33966,240,36,0,2197,2463,36,1,1.509000e+02,4.910000e+01,
bf_det_k4_l16_r4_c16_m3_w8g0_d64_s2_q2,det,bruteforce,4,16,4,16,3,8,0,64,2,2,3.392000e+00,80863,35110,240,40,0,2569,2571,40,1,1.430000e+02,3.770000e+01,
bf_det_k4_l16_r4_c16_m3_w8g4_d32_s2_q2,det,bruteforce,4,16,4,16,3,8,4,32,2,2,3.392000e+00,75011,36801,240,36,0,2197,2463,36,1,1.420000e+02,4.000000e+01,
bf_det_k4_l16_r4_c16_m3_w8g4_d64_s2_q2,det,bruteforce,4,16,4,16,3,8,4,64,2,2,3.392000e+00,83926,37945,240,40,0,2569,2571,40,1,1.233000e+02,4.660000e+01,
bf_det_k4_l16_r4_c16_m3_w8g8_d32_s2_q2,det,bruteforce,4,16,4,16,3,8,8,32,2,2,3.392000e+00,78796,40217,240,36,0,2197,2463,36,1,1.364000e+02,3.790000e+01,
bf_det_k4_l16_r4_c16_m3_w8g8_d64_s2_q2,det,bruteforce,4,16,4,16,3,8,8,64,2,2,3.392000e+00,87708,41361,240,40,0,2569,2571,40,1,1.249000e+02,5.410000e+01,
bf_det_k4_l16_r4_c16_m3_w10g0_d32_s2_q2,det,bruteforce,4,16,4,16,3,10,0,32,2,2,3.392000e+00,77974,39677,272,40,0,2199,2479,40,1,1.365000e+02,4.610000e+01,
bf_det_k4_l16_r4_c16_m3_w10g0_d64_s2_q2,det,bruteforce,4,16,4,16,3,10,0,64,2,2,3.392000e+00,89308,41268,272,44,0,2571,2587,44,1,1.348000e+02,3.910000e+01,
bf_det_k4_l16_r4_c16_m3_w10g4_d32_s2_q2,det,bruteforce,4,16,4,16,3,10,4,32,2,2,3.392000e+00,82491,43173,272,40,0,2199,2479,40,1,1.371000e+02,4.440000e+01,
bf_det_k4_l16_r4_c16_m3_w10g4_d64_s2_q2,det,bruteforce,4,16,4,16,3,10,4,64,2,2,3.392000e+00,93822,44764,272,44,0,2571,2587,44,1,1.361000e+02,4.780000e+01,
bf_det_k4_l16_r4_c16_m3_w10g8_d32_s2_q2,det,bruteforce,4,16,4,16,3,10,8,32,2,2,3.392000e+00,85626,46202,272,40,0,2199,2479,40,1,1.395000e+02,3.980000e+01,
bf_det_k4_l16_r4_c16_m3_w10g8_d64_s2_q2,det,bruteforce,4,16,4,16,3,10,8,64,2,2,3.392000e+00,96958,47793,272,44,0,2571,2587,44,1,1.364000e+02,4.750000e+01,
bf_det_k4_l16_r4_c16_m3_w12g0_d32_s2_q2,det,bruteforce,4,16,4,16,3,12,0,32,2,2,3.392000e+00,77803,45855,384,48,0,2201,2495,48,1,1.311000e+02,5.300000e+01,
bf_det_k4_l16_r4_c16_m3_w12g0_d64_s2_q2,det,bruteforce,4,16,4,16,3,12,0,64,2,2,3.392000e+00,91381,47033,384,52,0,2573,2603,52,1,1.371000e+02,3.850000e+01,
bf_det_k4_l16_r4_c16_m3_w12g4_d32_s2_q2,det,bruteforce,4,16,4,16,3,12,4,32,2,2,3.392000e+00,82468,49351,384,48,0,2201,2495,48,1,1.406000e+02,4.170000e+01,
bf_det_k4_l16_r4_c16_m3_w12g4_d64_s2_q2,det,bruteforce,4,16,4,16,3,12,4,64,2,2,3.392000e+00,96043,50529,384,52,0,2573,2603,52,1,1.292000e+02,4.790000e+01,
bf_det_k4_l16_r4_c16_m3_w12g8_d32_s2_q2,det,bruteforce,4,16,4,16,3,12,8,32,2,2,3.392000e+00,85414,52380,384,48,0,2201,2495,48,1,1.382000e+02,3.970000e+01,
bf_det_k4_l16_r4_c16_m3_w12g8_d64_s2_q2,det,bruteforce,4,16,4,16,3,12,8,64,2,2,3.392000e+00,98991,53558,384,52,0,2573,2603,52,1,1.306000e+02,4.400000e+01,
bf_det_k4_l16_r4_c16_m3_w14g0_d32_s2_q2,det,bruteforce,4,16,4,16,3,14,0,32,2,2,3.392000e+00,84215,52406,384,56,0,2203,2511,56,1,1.188000e+02,4.780000e+01,
bf_det_k4_l16_r4_c16_m3_w14g0_d64_s2_q2,det,bruteforce,4,16,4,16,3,14,0,64,2,2,3.392000e+00,100650,53623,384,60,0,2575,2619,60,1,1.382000e+02,3.750000e+01,
bf_det_k4_l16_r4_c16_m3_w14g4_d32_s2_q2,det,bruteforce,4,16,4,16,3,14,4,32,2,2,3.392000e+00,88294,55499,384,56,0,2203,2511,56,1,1.440000e+02,3.790000e+01,
bf_det_k4_l16_r4_c16_m3_w14g4_d64_s2_q2,det,bruteforce,4,16,4,16,3,14,4,64,2,2,3.392000e+00,104730,56716,384,60,0,2575,2619,60,1,1.292000e+02,4.740000e+01,
bf_det_k4_l16_r4_c16_m3_w14g8_d32_s2_q2,det,bruteforce,4,16,4,16,3,14,8,32,2,2,3.392000e+00,91495,58915,384,56,0,2203,2511,56,1,1.315000e+02,4.000000e+01,
bf_det_k4_l16_r4_c16_m3_w14g8_d64_s2_q2,det,bruteforce,4,16,4,16,3,14,8,64,2,2,3.392000e+00,107931,60132,384,60,0,2575,2619,60,1,1.332000e+02,4.530000e+01,
bf_det_k4_l16_r4_c16_m3_w16g0_d32_s2_q2,det,bruteforce,4,16,4,16,3,16,0,32,2,2,3.392000e+00,91814,58901,384,68,0,2189,2399,68,1,1.297000e+02,4.500000e+01,
bf_det_k4_l16_r4_c16_m3_w16g0_d64_s2_q2,det,bruteforce,4,16,4,16,3,16,0,64,2,2,3.392000e+00,110696,62796,384,72,0,2561,2507,72,1,1.375000e+02,3.710000e+01,
bf_det_k4_l16_r4_c16_m3_w16g4_d32_s2_q2,det,bruteforce,4,16,4,16,3,16,4,32,2,2,3.392000e+00,95768,61722,384,68,0,2189,2399,68,1,1.314000e+02,4.760000e+01,
bf_det_k4_l16_r4_c16_m3_w16g4_d64_s2_q2,det,bruteforce,4,16,4,16,3,16,4,64,2,2,3.392000e+00,114652,65617,384,72,0,2561,2507,72,1,1.263000e+02,4.060000e+01,
bf_det_k4_l16_r4_c16_m3_w16g8_d32_s2_q2,det,bruteforce,4,16,4,16,3,16,8,32,2,2,3.392000e+00,99081,66594,384,68,0,2189,2399,68,1,1.350000e+02,4.020000e+01,
bf_det_k4_l16_r4_c16_m3_w16g8_d64_s2_q2,det,bruteforce,4,16,4,16,3,16,8,64,2,2,3.392000e+00,117966,70489,384,72,0,2561,2507,72,1,1.396000e+02,4.550000e+01,
bf_det_k4_l16_r4_c16_m4_w8g0_d32_s2_q2,det,bruteforce,4,16,4,16,4,8,0,32,2,2,3.352000e+00,77067,36320,176,36,0,2197,2463,36,1,1.287000e+02,4.590000e+01,
bf_det_k4_l16_r4_c16_m4_w8g0_d64_s2_q2,det,bruteforce,4,16,4,16,4,8,0,64,2,2,3.352000e+00,85983,37464,176,40,0,2569,2571,40,1,1.335000e+02,3.820000e+01,
bf_det_k4_l16_r4_c16_m4_w8g4_d32_s2_q2,det,bruteforce,4,16,4,16,4,8,4,32,2,2,3.352000e+00,80131,39155,176,36,0,2197,2463,36,1,1.355000e+02,3.940000e+01,
bf_det_k4_l16_r4_c16_m4_w8g4_d64_s2_q2,det,bruteforce,4,16,4,16,4,8,4,64,2,2,3.352000e+00,89046,40299,176,40,0,2569,2571,40,1,1.316000e+02,4.150000e+01,
bf_det_k4_l16_r4_c16_m4_w8g8_d32_s2_q2,det,bruteforce,4,16,4,16,4,8,8,32,2,2,3.352000e+00,83916,42571,176,36,0,2197,2463,36,1,1.316000e+02,3.680000e+01,
bf_det_k4_l16_r4_c16_m4_w8g8_d64_s2_q2,det,bruteforce,4,16,4,16,4,8,8,64,2,2,3.352000e+00,92828,43715,176,40,0,2569,2571,40,1,1.336000e+02,4.180000e+01,
bf_det_k4_l16_r4_c16_m4_w10g0_d32_s2_q2,det,bruteforce,4,16,4,16,4,10,0,32,2,2,3.352000e+00,85910,42639,208,40,0,2199,2479,40,1,1.283000e+02,4.140000e+01,
bf_det_k4_l16_r4_c16_m4_w10g0_d64_s2_q2,det,bruteforce,4,16,4,16,4,10,0,64,2,2,3.352000e+00,97244,44230,208,44,0,2571,2587,44,1,1.313000e+02,4.200000e+01,
bf_det_k4_l16_r4_c16_m4_w10g4_d32_s2_q2,det,bruteforce,4,16,4,16,4,10,4,32,2,2,3.352000e+00,90427,46135,208,40,0,2199,2479,40,1,1.325000e+02,4.240000e+01,
bf_det_k4_l16_r4_c16_m4_w10g4_d64_s2_q2,det,bruteforce,4,16,4,16,4,10,4,64,2,2,3.352000e+00,101758,47726,208,44,0,2571,2587,44,1,1.431000e+02,4.090000e+01,
bf_det_k4_l16_r4_c16_m4_w10g8_d32_s2_q2,det,bruteforce,4,16,4,16,4,10,8,32,2,2,3.352000e+00,93562,49164,208,40,0,2199,2479,40,1,1.337000e+02,3.760000e+01,
bf_det_k4_l16_r4_c16_m4_w10g8_d64_s2_q2,det,bruteforce,4,16,4,16,4,10,8,64,2,2,3.352000e+00,104894,50755,208,44,0,2571,2587,44,1,1.359000e+02,4.120000e+01,
bf_det_k4_l16_r4_c16_m4_w12g0_d32_s2_q2,det,bruteforce,4,16,4,16,4,12,0,32,2,2,3.352000e+00,78443,49409,448,48,0,2201,2495,48,1,1.313000e+02,4.380000e+01,
bf_det_k4_l16_r4_c16_m4_w12g0_d64_s2_q2,det,bruteforce,4,16,4,16,4,12,0,64,2,2,3.352000e+00,92021,50587,448,52,0,2573,2603,52,1,1.333000e+02,4.090000e+01,
bf_det_k4_l16_r4_c16_m4_w12g4_d32_s2_q2,det,bruteforce,4,16,4,16,4,12,4,32,2,2,3.352000e+00,83108,52905,448,48,0,2201,2495,48,1,1.353000e+02,4.340000e+01,
bf_det_k4_l16_r4_c16_m4_w12g4_d64_s2_q2,det,bruteforce,4,16,4,16,4,12,4,64,2,2,3.352000e+00,96683,54083,448,52,0,2573,2603,52,1,1.347000e+02,4.090000e+01,
bf_det_k4_l16_r4_c16_m4_w12g8_d32_s2_q2,det,bruteforce,4,16,4,16,4,12,8,32,2,2,3.352000e+00,86054,55934,448,48,0,2201,2495,48,1,1.411000e+02,3.910000e+01,
bf_det_k4_l16_r4_c16_m4_w12g8_d64_s2_q2,det,bruteforce,4,16,4,16,4,12,8,64,2,2,3.352000e+00,99631,57112,448,52,0,2573,2603,52,1,1.360000e+02,4.230000e+01,
bf_det_k4_l16_r4_c16_m4_w14g0_d32_s2_q2,det,bruteforce,4,16,4,16,4,14,0,32,2,2,3.352000e+00,84855,56546,448,56,0,2203,2511,56,1,1.318000e+02,4.020000e+01,
bf_det_k4_l16_r4_c16_m4_w14g0_d64_s2_q2,det,bruteforce,4,16,4,16,4,14,0,64,2,2,3.352000e+00,101290,57763,448,60,0,2575,2619,60,1,1.319000e+02,4.410000e+01,
bf_det_k4_l16_r4_c16_m4_w14g4_d32_s2_q2,det,bruteforce,4,16,4,16,4,14,4,32,2,2,3.352000e+00,88934,59639,448,56,0,2203,2511,56,1,1.322000e+02,4.180000e+01,
bf_det_k4_l16_r4_c16_m4_w14g4_d64_s2_q2,det,bruteforce,4,16,4,16,4,14,4,64,2,2,3.352000e+00,105370,60856,448,60,0,2575,2619,60,1,1.376000e+02,3.700000e+01,
bf_det_k4_l16_r4_c16_m4_w14g8_d32_s2_q2,det,bruteforce,4,16,4,16,4,14,8,32,2,2,3.352000e+00,92135,63055,448,56,0,2203,2511,56,1,1.376000e+02,4.200000e+01,
bf_det_k4_l16_r4_c16_m4_w14g8_d64_s2_q2,det,bruteforce,4,16,4,16,4,14,8,64,2,2,3.352000e+00,108571,64272,448,60,0,2575,2619,60,1,1.418000e+02,3.630000e+01,
bf_det_k4_l16_r4_c16_m4_w16g0_d32_s2_q2,det,bruteforce,4,16,4,16,4,16,0,32,2,2,3.352000e+00,92454,63633,448,68,0,2189,2399,68,1,1.271000e+02,3.450000e+01,
bf_det_k4_l16_r4_c16_m4_w16g0_d64_s2_q2,det,bruteforce,4,16,4,16,4,16,0,64,2,2,3.352000e+00,111336,67528,448,72,0,2561,2507,72,1,1.283000e+02,4.350000e+01,
bf_det_k4_l16_r4_c16_m4_w16g4_d32_s2_q2,det,bruteforce,4,16,4,16,4,16,4,32,2,2,3.352000e+00,96408,66454,448,68,0,2189,2399,68,1,1.346000e+02,4.140000e+01,
bf_det_k4_l16_r4_c16_m4_w16g4_d64_s2_q2,det,bruteforce,4,16,4,16,4,16,4,64,2,2,3.352000e+00,115292,70349,448,72,0,2561,2507,72,1,1.327000e+02,3.880000e+01,
bf_det_k4_l16_r4_c16_m4_w16g8_d32_s2_q2,det,bruteforce,4,16,4,16,4,16,8,32,2,2,3.352000e+00,99721,71326,448,68,0,2189,2399,68,1,1.306000e+02,4.670000e+01,
bf_det_k4_l16_r4_c16_m4_w16g8_d64_s2_q2,det,bruteforce,4,16,4,16,4,16,8,64,2,2,3.352000e+00,118606,75221,448,72,0,2561,2507,72,1,1.392000e+02,4.560000e+01,
bf_det_k8_l1_r1_c4_m3_w8g0_d32_s2_q2,det,bruteforce,8,1,1,4,3,8,0,32,2,2,3.392000e+00,16285,8794,15,18,0,2189,2399,12,1,6.180000e+01,2.870000e+01,
bf_det_k8_l1_r1_c4_m3_w8g0_d64_s2_q2,det,bruteforce,8,1,1,4,3,8,0,64,2,2,3.392000e+00,19357,9939,15,24,0,2561,2507,18,1,5.480000e+01,2.710000e+01,
bf_det_k8_l1_r1_c4_m3_w8g4_d32_s2_q2,det,bruteforce,8,1,1,4,3,8,4,32,2,2,3.392000e+00,16546,8989,15,18,0,2189,2399,12,1,6.380000e+01,2.140000e+01,
bf_det_k8_l1_r1_c4_m3_w8g4_d64_s2_q2,det,bruteforce,8,1,1,4,3,8,4,64,2,2,3.392000e+00,19617,10134,15,24,0,2561,2507,18,1,5.450000e+01,3.390000e+01,
bf_det_k8_l1_r1_c4_m3_w8g8_d32_s2_q2,det,bruteforce,8,1,1,4,3,8,8,32,2,2,3.392000e+00,16928,9225,15,18,0,2189,2399,12,1,5.170000e+01,2.990000e+01,
bf_det_k8_l1_r1_c4_m3_w8g8_d64_s2_q2,det,bruteforce,8,1,1,4,3,8,8,64,2,2,3.392000e+00,19996,10370,15,24,0,2561,2507,18,1,6.430000e+01,2.580000e+01,
bf_det_k8_l1_r1_c4_m3_w10g0_d32_s2_q2,det,bruteforce,8,1,1,4,3,10,0,32,2,2,3.392000e+00,17247,9514,17,19,0,2189,2399,13,1,5.650000e+01,2.960000e+01,
bf_det_k8_l1_r1_c4_m3_w10g0_d64_s2_q2,det,bruteforce,8,1,1,4,3,10,0,64,2,2,3.392000e+00,20941,10727,17,29,0,2561,2507,23,1,5.460000e+01,2.790000e+01,
bf_det_k8_l1_r1_c4_m3_w10g4_d32_s2_q2,det,bruteforce,8,1,1,4,3,10,4,32,2,2,3.392000e+00,17641,9755,17,19,0,2189,2399,13,1,6.130000e+01,2.920000e+01,
bf_det_k8_l1_r1_c4_m3_w10g4_d64_s2_q2,det,bruteforce,8,1,1,4,3,10,4,64,2,2,3.392000e+00,21332,10968,17,29,0,2561,2507,23,1,5.250000e+01,3.150000e+01,
bf_det_k8_l1_r1_c4_m3_w10g8_d32_s2_q2,det,bruteforce,8,1,1,4,3,10,8,32,2,2,3.392000e+00,17958,9964,17,19,0,2189,2399,13,1,6.230000e+01,3.200000e+01,
bf_det_k8_l1_r1_c4_m3_w10g8_d64_s2_q2,det,bruteforce,8,1,1,4,3,10,8,64,2,2,3.392000e+00,21650,11177,17,29,0,2561,2507,23,1,5.970000e+01,2.530000e+01,
bf_det_k8_l1_r1_c4_m3_w12g0_d32_s2_q2,det,bruteforce,8,1,1,4,3,12,0,32,2,2,3.392000e+00,17912,10407,24,20,0,2189,2399,14,1,5.810000e+01,3.170000e+01,
bf_det_k8_l1_r1_c4_m3_w12g0_d64_s2_q2,det,bruteforce,8,1,1,4,3,12,0,64,2,2,3.392000e+00,22193,11256,24,30,0,2561,2507,24,1,5.850000e+01,2.670000e+01,
bf_det_k8_l1_r1_c4_m3_w12g4_d32_s2_q2,det,bruteforce,8,1,1,4,3,12,4,32,2,2,3.392000e+00,18349,10648,24,20,0,2189,2399,14,1,6.380000e+01,2.620000e+01,
bf_det_k8_l1_r1_c4_m3_w12g4_d64_s2_q2,det,bruteforce,8,1,1,4,3,12,4,64,2,2,3.392000e+00,22627,11497,24,30,0,2561,2507,24,1,5.330000e+01,2.840000e+01,
bf_det_k8_l1_r1_c4_m3_w12g8_d32_s2_q2,det,bruteforce,8,1,1,4,3,12,8,32,2,2,3.392000e+00,18642,10856,24,20,0,2189,2399,14,1,5.880000e+01,2.800000e+01,
bf_det_k8_l1_r1_c4_m3_w12g8_d64_s2_q2,det,bruteforce,8,1,1,4,3,12,8,64,2,2,3.392000e+00,22922,11705,24,30,0,2561,2507,24,1,5.980000e+01,2.910000e+01,
bf_det_k8_l1_r1_c4_m3_w14g0_d32_s2_q2,det,bruteforce,8,1,1,4,3,14,0,32,2,2,3.392000e+00,18935,10948,24,21,0,2189,2399,15,1,5.560000e+01,2.810000e+01,
bf_det_k8_l1_r1_c4_m3_w14g0_d64_s2_q2,det,bruteforce,8,1,1,4,3,14,0,64,2,2,3.392000e+00,24087,12051,24,31,0,2561,2507,25,1,6.780000e+01,3.250000e+01,
bf_det_k8_l1_r1_c4_m3_w14g4_d32_s2_q2,det,bruteforce,8,1,1,4,3,14,4,32,2,2,3.392000e+00,19311,11161,24,21,0,2189,2399,15,1,5.730000e+01,2.500000e+01,
bf_det_k8_l1_r1_c4_m3_w14g4_d64_s2_q2,det,bruteforce,8,1,1,4,3,14,4,64,2,2,3.392000e+00,24464,12264,24,31,0,2561,2507,25,1,5.760000e+01,2.780000e+01,
bf_det_k8_l1_r1_c4_m3_w14g8_d32_s2_q2,det,bruteforce,8,1,1,4,3,14,8,32,2,2,3.392000e+00,19634,11397,24,21,0,2189,2399,15,1,6.470000e+01,2.530000e+01,
bf_det_k8_l1_r1_c4_m3_w14g8_d64_s2_q2,det,bruteforce,8,1,1,4,3,14,8,64,2,2,3.392000e+00,24787,12500,24,31,0,2561,2507,25,1,5.670000e+01,3.010000e+01,
bf_det_k8_l1_r1_c4_m3_w16g0_d32_s2_q2,det,bruteforce,8,1,1,4,3,16,0,32,2,2,3.392000e+00,19835,11319,24,30,0,2189,2399,16,1,5.460000e+01,2.740000e+01,
bf_det_k8_l1_r1_c4_m3_w16g0_d64_s2_q2,det,bruteforce,8,1,1,4,3,16,0,64,2,2,3.392000e+00,25527,13647,24,40,0,2561,2507,26,1,5.470000e+01,2.780000e+01,
bf_det_k8_l1_r1_c4_m3_w16g4_d32_s2_q2,det,bruteforce,8,1,1,4,3,16,4,32,2,2,3.392000e+00,20191,11515,24,30,0,2189,2399,16,1,6.010000e+01,2.690000e+01,
bf_det_k8_l1_r1_c4_m3_w16g4_d64_s2_q2,det,bruteforce,8,1,1,4,3,16,4,64,2,2,3.392000e+00,25885,13843,24,40,0,2561,2507,26,1,5.540000e+01,2.710000e+01,
bf_det_k8_l1_r1_c4_m3_w16g8_d32_s2_q2,det,bruteforce,8,1,1,4,3,16,8,32,2,2,3.392000e+00,20521,11842,24,30,0,2189,2399,16,1,6.270000e+01,2.320000e+01,
bf_det_k8_l1_r1_c4_m3_w16g8_d64_s2_q2,det,bruteforce,8,1,1,4,3,16,8,64,2,2,3.392000e+00,26216,14170,24,40,0,2561,2507,26,1,5.500000e+01,2.840000e+01,
bf_det_k8_l1_r1_c4_m4_w8g0_d32_s2_q2,det,bruteforce,8,1,1,4,4,8,0,32,2,2,3.352000e+00,16605,8911,11,18,0,2189,2399,12,1,5.110000e+01,2.230000e+01,
bf_det_k8_l1_r1_c4_m4_w8g0_d64_s2_q2,det,bruteforce,8,1,1,4,4,8,0,64,2,2,3.352000e+00,19677,10056,11,24,0,2561,2507,18,1,5.560000e+01,2.540000e+01,
bf_det_k8_l1_r1_c4_m4_w8g4_d32_s2_q2,det,bruteforce,8,1,1,4,4,8,4,32,2,2,3.352000e+00,16866,9106,11,18,0,2189,2399,12,1,5.670000e+01,2.620000e+01,
bf_det_k8_l1_r1_c4_m4_w8g4_d64_s2_q2,det,bruteforce,8,1,1,4,4,8,4,64,2,2,3.352000e+00,19937,10251,11,24,0,2561,2507,18,1,5.780000e+01,2.640000e+01,
bf_det_k8_l1_r1_c4_m4_w8g8_d32_s2_q2,det,bruteforce,8,1,1,4,4,8,8,32,2,2,3.352000e+00,17248,9342,11,18,0,2189,2399,12,1,6.030000e+01,2.020000e+01,
bf_det_k8_l1_r1_c4_m4_w8g8_d64_s2_q2,det,bruteforce,8,1,1,4,4,8,8,64,2,2,3.352000e+00,20316,10487,11,24,0,2561,2507,18,1,5.960000e+01,2.640000e+01,
bf_det_k8_l1_r1_c4_m4_w10g0_d32_s2_q2,det,bruteforce,8,1,1,4,4,10,0,32,2,2,3.352000e+00,17743,9661,13,19,0,2189,2399,13,1,5.920000e+01,2.540000e+01,
bf_det_k8_l1_r1_c4_m4_w10g0_d64_s2_q2,det,bruteforce,8,1,1,4,4,10,0,64,2,2,3.352000e+00,21437,10874,13,29,0,2561,2507,23,1,5.840000e+01,2.690000e+01,
bf_det_k8_l1_r1_c4_m4_w10g4_d32_s2_q2,det,bruteforce,8,1,1,4,4,10,4,32,2,2,3.352000e+00,18137,9902,13,19,0,2189,2399,13,1,5.860000e+01,2.680000e+01,
bf_det_k8_l1_r1_c4_m4_w10g4_d64_s2_q2,det,bruteforce,8,1,1,4,4,10,4,64,2,2,3.352000e+00,21828,11115,13,29,0,2561,2507,23,1,6.680000e+01,3.210000e+01,
bf_det_k8_l1_r1_c4_m4_w10g8_d32_s2_q2,det,bruteforce,8,1,1,4,4,10,8,32,2,2,3.352000e+00,18454,10111,13,19,0,2189,2399,13,1,6.320000e+01,2.310000e+01,
bf_det_k8_l1_r1_c4_m4_w10g8_d64_s2_q2,det,bruteforce,8,1,1,4,4,10,8,64,2,2,3.352000e+00,22146,11324,13,29,0,2561,2507,23,1,5.620000e+01,2.660000e+01,
bf_det_k8_l1_r1_c4_m4_w12g0_d32_s2_q2,det,bruteforce,8,1,1,4,4,12,0,32,2,2,3.352000e+00,17952,10584,28,20,0,2189,2399,14,1,5.400000e+01,2.490000e+01,
bf_det_k8_l1_r1_c4_m4_w12g0_d64_s2_q2,det,bruteforce,8,1,1,4,4,12,0,64,2,2,3.352000e+00,22233,11433,28,30,0,2561,2507,24,1,5.930000e+01,2.740000e+01,
bf_det_k8_l1_r1_c4_m4_w12g4_d32_s2_q2,det,bruteforce,8,1,1,4,4,12,4,32,2,2,3.352000e+00,18389,10825,28,20,0,2189,2399,14,1,5.280000e+01,2.940000e+01,
bf_det_k8_l1_r1_c4_m4_w12g4_d64_s2_q2,det,bruteforce,8,1,1,4,4,12,4,64,2,2,3.352000e+00,22667,11674,28,30,0,2561,2507,24,1,5.860000e+01,2.800000e+01,
bf_det_k8_l1_r1_c4_m4_w12g8_d32_s2_q2,det,bruteforce,8,1,1,4,4,12,8,32,2,2,3.352000e+00,18682,11033,28,20,0,2189,2399,14,1,6.130000e+01,2.100000e+01,
bf_det_k8_l1_r1_c4_m4_w12g8_d64_s2_q2,det,bruteforce,8,1,1,4,4,12,8,64,2,2,3.352000e+00,22962,11882,28,30,0,2561,2507,24,1,5.760000e+01,2.580000e+01,
bf_det_k8_l1_r1_c4_m4_w14g0_d32_s2_q2,det,bruteforce,8,1,1,4,4,14,0,32,2,2,3.352000e+00,18975,11150,28,21,0,2189,2399,15,1,5.340000e+01,2.700000e+01,
bf_det_k8_l1_r1_c4_m4_w14g0_d64_s2_q2,det,bruteforce,8,1,1,4,4,14,0,64,2,2,3.352000e+00,24127,12253,28,31,0,2561,2507,25,1,5.810000e+01,2.620000e+01,
bf_det_k8_l1_r1_c4_m4_w14g4_d32_s2_q2,det,bruteforce,8,1,1,4,4,14,4,32,2,2,3.352000e+00,19351,11363,28,21,0,2189,2399,15,1,5.530000e+01,2.720000e+01,
bf_det_k8_l1_r1_c4_m4_w14g4_d64_s2_q2,det,bruteforce,8,1,1,4,4,14,4,64,2,2,3.352000e+00,24504,12466,28,31,0,2561,2507,25,1,5.520000e+01,2.770000e+01,
bf_det_k8_l1_r1_c4_m4_w14g8_d32_s2_q2,det,bruteforce,8,1,1,4,4,14,8,32,2,2,3.352000e+00,19674,11599,28,21,0,2189,2399,15,1,5.940000e+01,2.530000e+01,
bf_det_k8_l1_r1_c4_m4_w14g8_d64_s2_q2,det,bruteforce,8,1,1,4,4,14,8,64,2,2,3.352000e+00,24827,12702,28,31,0,2561,2507,25,1,5.690000e+01,3.060000e+01,
bf_det_k8_l1_r1_c4_m4_w16g0_d32_s2_q2,det,bruteforce,8,1,1,4,4,16,0,32,2,2,3.352000e+00,19875,11551,28,30,0,2189,2399,16,1,5.340000e+01,2.710000e+01,
bf_det_k8_l1_r1_c4_m4_w16g0_d64_s2_q2,det,bruteforce,8,1,1,4,4,16,0,64,2,2,3.352000e+00,25567,13879,28,40,0,2561,2507,26,1,5.800000e+01,2.760000e+01,
bf_det_k8_l1_r1_c4_m4_w16g4_d32_s2_q2,det,bruteforce,8,1,1,4,4,16,4,32,2,2,3.352000e+00,20231,11747,28,30,0,2189,2399,16,1,5.350000e+01,2.920000e+01,
bf_det_k8_l1_r1_c4_m4_w16g4_d64_s2_q2,det,bruteforce,8,1,1,4,4,16,4,64,2,2,3.352000e+00,25925,14075,28,40,0,2561,2507,26,1,5.410000e+01,2.440000e+01,
bf_det_k8_l1_r1_c4_m4_w16g8_d32_s2_q2,det,bruteforce,8,1,1,4,4,16,8,32,2,2,3.352000e+00,20561,12074,28,30,0,2189,2399,16,1,6.120000e+01,2.450000e+01,
bf_det_k8_l1_r1_c4_m4_w16g8_d64_s2_q2,det,bruteforce,8,1,1,4,4,16,8,64,2,2,3.352000e+00,26256,14402,28,40,0,2561,2507,26,1,6.230000e+01,2.590000e+01,
bf_det_k8_l1_r4_c4_m3_w8g0_d32_s2_q2,det,bruteforce,8,1,4,4,3,8,0,32,2,2,3.392000e+00,17803,10119,51,18,0,2189,2399,12,1,5.990000e+01,2.500000e+01,
bf_det_k8_l1_r4_c4_m3_w8g0_d64_s2_q2,det,bruteforce,8,1,4,4,3,8,0,64,2,2,3.392000e+00,20875,11264,51,24,0,2561,2507,18,1,5.830000e+01,2.390000e+01,
bf_det_k8_l1_r4_c4_m3_w8g4_d32_s2_q2,det,bruteforce,8,1,4,4,3,8,4,32,2,2,3.392000e+00,18064,10314,51,18,0,2189,2399,12,1,6.000000e+01,2.740000e+01,
bf_det_k8_l1_r4_c4_m3_w8g4_d64_s2_q2,det,bruteforce,8,1,4,4,3,8,4,64,2,2,3.392000e+00,21135,11459,51,24,0,2561,2507,18,1,6.200000e+01,2.730000e+01,
bf_det_k8_l1_r4_c4_m3_w8g8_d32_s2_q2,det,bruteforce,8,1,4,4,3,8,8,32,2,2,3.392000e+00,18446,10550,51,18,0,2189,2399,12,1,6.330000e+01,2.260000e+01,
bf_det_k8_l1_r4_c4_m3_w8g8_d64_s2_q2,det,bruteforce,8,1,4,4,3,8,8,64,2,2,3.392000e+00,21514,11695,51,24,0,2561,2507,18,1,5.850000e+01,2.780000e+01,
bf_det_k8_l1_r4_c4_m3_w10g0_d32_s2_q2,det,bruteforce,8,1,4,4,3,10,0,32,2,2,3.392000e+00,18889,11135,53,19,0,2189,2399,13,1,5.570000e+01,2.630000e+01,
bf_det_k8_l1_r4_c4_m3_w10g0_d64_s2_q2,det,bruteforce,8,1,4,4,3,10,0,64,2,2,3.392000e+00,22583,12348,53,29,0,2561,2507,23,1,6.040000e+01,2.580000e+01,
bf_det_k8_l1_r4_c4_m3_w10g4_d32_s2_q2,det,bruteforce,8,1,4,4,3,10,4,32,2,2,3.392000e+00,19283,11376,53,19,0,2189,2399,13,1,6.400000e+01,2.880000e+01,
bf_det_k8_l1_r4_c4_m3_w10g4_d64_s2_q2,det,bruteforce,8,1,4,4,3,10,4,64,2,2,3.392000e+00,22974,12589,53,29,0,2561,2507,23,1,6.190000e+01,2.630000e+01,
bf_det_k8_l1_r4_c4_m3_w10g8_d32_s2_q2,det,bruteforce,8,1,4,4,3,10,8,32,2,2,3.392000e+00,19600,11585,53,19,0,2189,2399,13,1,6.920000e+01,2.510000e+01,
bf_det_k8_l1_r4_c4_m3_w10g8_d64_s2_q2,det,bruteforce,8,1,4,4,3,10,8,64,2,2,3.392000e+00,23292,12798,53,29,0,2561,2507,23,1,6.520000e+01,2.870000e+01,
bf_det_k8_l1_r4_c4_m3_w12g0_d32_s2_q2,det,bruteforce,8,1,4,4,3,12,0,32,2,2,3.392000e+00,19664,12324,60,20,0,2189,2399,14,1,5.800000e+01,2.910000e+01,
bf_det_k8_l1_r4_c4_m3_w12g0_d64_s2_q2,det,bruteforce,8,1,4,4,3,12,0,64,2,2,3.392000e+00,23945,13173,60,30,0,2561,2507,24,1,6.370000e+01,2.540000e+01,
bf_det_k8_l1_r4_c4_m3_w12g4_d32_s2_q2,det,bruteforce,8,1,4,4,3,12,4,32,2,2,3.392000e+00,20101,12565,60,20,0,2189,2399,14,1,6.690000e+01,2.650000e+01,
bf_det_k8_l1_r4_c4_m3_w12g4_d64_s2_q2,det,bruteforce,8,1,4,4,3,12,4,64,2,2,3.392000e+00,24379,13414,60,30,0,2561,2507,24,1,6.030000e+01,2.810000e+01,
bf_det_k8_l1_r4_c4_m3_w12g8_d32_s2_q2,det,bruteforce,8,1,4,4,3,12,8,32,2,2,3.392000e+00,20394,12773,60,20,0,2189,2399,14,1,6.800000e+01,2.270000e+01,
bf_det_k8_l1_r4_c4_m3_w12g8_d64_s2_q2,det,bruteforce,8,1,4,4,3,12,8,64,2,2,3.392000e+00,24674,13622,60,30,0,2561,2507,24,1,5.780000e+01,2.960000e+01,
bf_det_k8_l1_r4_c4_m3_w14g0_d32_s2_q2,det,bruteforce,8,1,4,4,3,14,0,32,2,2,3.392000e+00,20825,13165,60,21,0,2189,2399,15,1,5.650000e+01,2.370000e+01,
bf_det_k8_l1_r4_c4_m3_w14g0_d64_s2_q2,det,bruteforce,8,1,4,4,3,14,0,64,2,2,3.392000e+00,25977,14268,60,31,0,2561,2507,25,1,6.510000e+01,2.510000e+01,
bf_det_k8_l1_r4_c4_m3_w14g4_d32_s2_q2,det,bruteforce,8,1,4,4,3,14,4,32,2,2,3.392000e+00,21201,13378,60,21,0,2189,2399,15,1,6.140000e+01,2.660000e+01,
bf_det_k8_l1_r4_c4_m3_w14g4_d64_s2_q2,det,bruteforce,8,1,4,4,3,14,4,64,2,2,3.392000e+00,26354,14481,60,31,0,2561,2507,25,1,6.340000e+01,2.580000e+01,
bf_det_k8_l1_r4_c4_m3_w14g8_d32_s2_q2,det,bruteforce,8,1,4,4,3,14,8,32,2,2,3.392000e+00,21524,13614,60,21,0,2189,2399,15,1,6.370000e+01,2.550000e+01,
bf_det_k8_l1_r4_c4_m3_w14g8_d64_s2_q2,det,bruteforce,8,1,4,4,3,14,8,64,2,2,3.392000e+00,26677,14717,60,31,0,2561,2507,25,1,5.940000e+01,2.760000e+01,
bf_det_k8_l1_r4_c4_m3_w16g0_d32_s2_q2,det,bruteforce,8,1,4,4,3,16,0,32,2,2,3.392000e+00,21849,13828,60,30,0,2189,2399,16,1,6.020000e+01,2.250000e+01,
bf_det_k8_l1_r4_c4_m3_w16g0_d64_s2_q2,det,bruteforce,8,1,4,4,3,16,0,64,2,2,3.392000e+00,27541,16156,60,40,0,2561,2507,26,1,6.250000e+01,2.660000e+01,
bf_det_k8_l1_r4_c4_m3_w16g4_d32_s2_q2,det,bruteforce,8,1,4,4,3,16,4,32,2,2,3.392000e+00,22205,14024,60,30,0,2189,2399,16,1,6.050000e+01,2.550000e+01,
bf_det_k8_l1_r4_c4_m3_w16g4_d64_s2_q2,det,bruteforce,8,1,4,4,3,16,4,64,2,2,3.392000e+00,27899,16352,60,40,0,2561,2507,26,1,6.230000e+01,2.720000e+01,
bf_det_k8_l1_r4_c4_m3_w16g8_d32_s2_q2,det,bruteforce,8,1,4,4,3,16,8,32,2,2,3.392000e+00,22535,14351,60,30,0,2189,2399,16,1,6.320000e+01,2.520000e+01,
bf_det_k8_l1_r4_c4_m3_w16g8_d64_s2_q2,det,bruteforce,8,1,4,4,3,16,8,64,2,2,3.392000e+00,28230,16679,60,40,0,2561,2507,26,1,5.810000e+01,3.060000e+01,
bf_det_k8_l1_r4_c4_m4_w8g0_d32_s2_q2,det,bruteforce,8,1,4,4,4,8,0,32,2,2,3.352000e+00,19083,10665,35,18,0,2189,2399,12,1,6.180000e+01,1.940000e+01,
bf_det_k8_l1_r4_c4_m4_w8g0_d64_s2_q2,det,bruteforce,8,1,4,4,4,8,0,64,2,2,3.352000e+00,22155,11810,35,24,0,2561,2507,18,1,6.080000e+01,2.270000e+01,
bf_det_k8_l1_r4_c4_m4_w8g4_d32_s2_q2,det,bruteforce,8,1,4,4,4,8,4,32,2,2,3.352000e+00,19344,10860,35,18,0,2189,2399,12,1,6.100000e+01,2.910000e+01,
bf_det_k8_l1_r4_c4_m4_w8g4_d64_s2_q2,det,bruteforce,8,1,4,4,4,8,4,64,2,2,3.352000e+00,22415,12005,35,24,0,2561,2507,18,1,5.920000e+01,2.480000e+01,
bf_det_k8_l1_r4_c4_m4_w8g8_d32_s2_q2,det,bruteforce,8,1,4,4,4,8,8,32,2,2,3.352000e+00,19726,11096,35,18,0,2189,2399,12,1,6.320000e+01,2.290000e+01,
bf_det_k8_l1_r4_c4_m4_w8g8_d64_s2_q2,det,bruteforce,8,1,4,4,4,8,8,64,2,2,3.352000e+00,22794,12241,35,24,0,2561,2507,18,1,5.850000e+01,3.090000e+01,
bf_det_k8_l1_r4_c4_m4_w10g0_d32_s2_q2,det,bruteforce,8,1,4,4,4,10,0,32,2,2,3.352000e+00,20873,11821,37,19,0,2189,2399,13,1,6.520000e+01,2.070000e+01,
bf_det_k8_l1_r4_c4_m4_w10g0_d64_s2_q2,det,bruteforce,8,1,4,4,4,10,0,64,2,2,3.352000e+00,24567,13034,37,29,0,2561,2507,23,1,6.140000e+01,2.620000e+01,
bf_det_k8_l1_r4_c4_m4_w10g4_d32_s2_q2,det,bruteforce,8,1,4,4,4,10,4,32,2,2,3.352000e+00,21267,12062,37,19,0,2189,2399,13,1,6.250000e+01,2.440000e+01,
bf_det_k8_l1_r4_c4_m4_w10g4_d64_s2_q2,det,bruteforce,8,1,4,4,4,10,4,64,2,2,3.352000e+00,24958,13275,37,29,0,2561,2507,23,1,6.140000e+01,2.490000e+01,
bf_det_k8_l1_r4_c4_m4_w10g8_d32_s2_q2,det,bruteforce,8,1,4,4,4,10,8,32,2,2,3.352000e+00,21584,12271,37,19,0,2189,2399,13,1,6.340000e+01,2.520000e+01,
bf_det_k8_l1_r4_c4_m4_w10g8_d64_s2_q2,det,bruteforce,8,1,4,4,4,10,8,64,2,2,3.352000e+00,25276,13484,37,29,0,2561,2507,23,1,5.600000e+01,3.290000e+01,
bf_det_k8_l1_r4_c4_m4_w12g0_d32_s2_q2,det,bruteforce,8,1,4,4,4,12,0,32,2,2,3.352000e+00,19824,13150,76,20,0,2189,2399,14,1,6.570000e+01,2.090000e+01,
bf_det_k8_l1_r4_c4_m4_w12g0_d64_s2_q2,det,bruteforce,8,1,4,4,4,12,0,64,2,2,3.352000e+00,24105,13999,76,30,0,2561,2507,24,1,6.380000e+01,2.600000e+01,
bf_det_k8_l1_r4_c4_m4_w12g4_d32_s2_q2,det,bruteforce,8,1,4,4,4,12,4,32,2,2,3.352000e+00,20261,13391,76,20,0,2189,2399,14,1,6.650000e+01,2.890000e+01,
bf_det_k8_l1_r4_c4_m4_w12g4_d64_s2_q2,det,bruteforce,8,1,4,4,4,12,4,64,2,2,3.352000e+00,24539,14240,76,30,0,2561,2507,24,1,6.240000e+01,2.590000e+01,
bf_det_k8_l1_r4_c4_m4_w12g8_d32_s2_q2,det,bruteforce,8,1,4,4,4,12,8,32,2,2,3.352000e+00,20554,13599,76,20,0,2189,2399,14,1,6.530000e+01,2.470000e+01,
bf_det_k8_l1_r4_c4_m4_w12g8_d64_s2_q2,det,bruteforce,8,1,4,4,4,12,8,64,2,2,3.352000e+00,24834,14448,76,30,0,2561,2507,24,1,5.970000e+01,3.160000e+01,
bf_det_k8_l1_r4_c4_m4_w14g0_d32_s2_q2,det,bruteforce,8,1,4,4,4,14,0,32,2,2,3.352000e+00,20985,14125,76,21,0,2189,2399,15,1,6.700000e+01,2.180000e+01,
bf_det_k8_l1_r4_c4_m4_w14g0_d64_s2_q2,det,bruteforce,8,1,4,4,4,14,0,64,2,2,3.352000e+00,26137,15228,76,31,0,2561,2507,25,1,5.990000e+01,2.720000e+01,
bf_det_k8_l1_r4_c4_m4_w14g4_d32_s2_q2,det,bruteforce,8,1,4,4,4,14,4,32,2,2,3.352000e+00,21361,14338,76,21,0,2189,2399,15,1,5.940000e+01,2.710000e+01,
bf_det_k8_l1_r4_c4_m4_w14g4_d64_s2_q2,det,bruteforce,8,1,4,4,4,14,4,64,2,2,3.352000e+00,26514,15441,76,31,0,2561,2507,25,1,5.830000e+01,2.840000e+01,
bf_det_k8_l1_r4_c4_m4_w14g8_d32_s2_q2,det,bruteforce,8,1,4,4,4,14,8,32,2,2,3.352000e+00,21684,14574,76,21,0,2189,2399,15,1,5.990000e+01,2.470000e+01,
bf_det_k8_l1_r4_c4_m4_w14g8_d64_s2_q2,det,bruteforce,8,1,4,4,4,14,8,64,2,2,3.352000e+00,26837,15677,76,31,0,2561,2507,25,1,6.110000e+01,3.150000e+01,
bf_det_k8_l1_r4_c4_m4_w16g0_d32_s2_q2,det,bruteforce,8,1,4,4,4,16,0,32,2,2,3.352000e+00,22009,14928,76,30,0,2189,2399,16,1,6.070000e+01,2.290000e+01,
bf_det_k8_l1_r4_c4_m4_w16g0_d64_s2_q2,det,bruteforce,8,1,4,4,4,16,0,64,2,2,3.352000e+00,27701,17256,76,40,0,2561,2507,26,1,5.650000e+01,2.780000e+01,
bf_det_k8_l1_r4_c4_m4_w16g4_d32_s2_q2,det,bruteforce,8,1,4,4,4,16,4,32,2,2,3.352000e+00,22365,15124,76,30,0,2189,2399,16,1,5.530000e+01,2.560000e+01,
bf_det_k8_l1_r4_c4_m4_w16g4_d64_s2_q2,det,bruteforce,8,1,4,4,4,16,4,64,2,2,3.352000e+00,28059,17452,76,40,0,2561,2507,26,1,5.870000e+01,2.920000e+01,
bf_det_k8_l1_r4_c4_m4_w16g8_d32_s2_q2,det,bruteforce,8,1,4,4,4,16,8,32,2,2,3.352000e+00,22695,15451,76,30,0,2189,2399,16,1,5.980000e+01,2.610000e+01,
bf_det_k8_l1_r4_c4_m4_w16g8_d64_s2_q2,det,bruteforce,8,1,4,4,4,16,8,64,2,2,3.352000e+00,28390,17779,76,40,0,2561,2507,26,1,5.630000e+01,3.320000e+01,
bf_det_k8_l1_r8_c4_m3_w8g0_d32_s2_q2,det,bruteforce,8,1,8,4,3,8,0,32,2,2,3.392000e+00,19726,11817,99,18,0,2189,2399,12,1,6.780000e+01,2.200000e+01,
bf_det_k8_l1_r8_c4_m3_w8g0_d64_s2_q2,det,bruteforce,8,1,8,4,3,8,0,64,2,2,3.392000e+00,22796,12962,99,24,0,2561,2507,18,1,6.080000e+01,3.410000e+01,
bf_det_k8_l1_r8_c4_m3_w8g4_d32_s2_q2,det,bruteforce,8,1,8,4,3,8,4,32,2,2,3.392000e+00,19987,12012,99,18,0,2189,2399,12,1,6.480000e+01,3.180000e+01,
bf_det_k8_l1_r8_c4_m3_w8g4_d64_s2_q2,det,bruteforce,8,1,8,4,3,8,4,64,2,2,3.392000e+00,23056,13157,99,24,0,2561,2507,18,1,7.030000e+01,2.740000e+01,
bf_det_k8_l1_r8_c4_m3_w8g8_d32_s2_q2,det,bruteforce,8,1,8,4,3,8,8,32,2,2,3.392000e+00,20369,12248,99,18,0,2189,2399,12,1,6.510000e+01,2.830000e+01,
bf_det_k8_l1_r8_c4_m3_w8g8_d64_s2_q2,det,bruteforce,8,1,8,4,3,8,8,64,2,2,3.392000e+00,23435,13393,99,24,0,2561,2507,18,1,6.110000e+01,3.510000e+01,
bf_det_k8_l1_r8_c4_m3_w10g0_d32_s2_q2,det,bruteforce,8,1,8,4,3,10,0,32,2,2,3.392000e+00,20940,13217,101,19,0,2189,2399,13,1,7.310000e+01,2.340000e+01,
bf_det_k8_l1_r8_c4_m3_w10g0_d64_s2_q2,det,bruteforce,8,1,8,4,3,10,0,64,2,2,3.392000e+00,24632,14430,101,29,0,2561,2507,23,1,6.650000e+01,3.060000e+01,
bf_det_k8_l1_r8_c4_m3_w10g4_d32_s2_q2,det,bruteforce,8,1,8,4,3,10,4,32,2,2,3.392000e+00,21334,13458,101,19,0,2189,2399,13,1,6.440000e+01,3.400000e+01,
bf_det_k8_l1_r8_c4_m3_w10g4_d64_s2_q2,det,bruteforce,8,1,8,4,3,10,4,64,2,2,3.392000e+00,25023,14671,101,29,0,2561,2507,23,1,7.230000e+01,2.870000e+01,
bf_det_k8_l1_r8_c4_m3_w10g8_d32_s2_q2,det,bruteforce,8,1,8,4,3,10,8,32,2,2,3.392000e+00,21651,13667,101,19,0,2189,2399,13,1,6.830000e+01,3.130000e+01,
bf_det_k8_l1_r8_c4_m3_w10g8_d64_s2_q2,det,bruteforce,8,1,8,4,3,10,8,64,2,2,3.392000e+00,25341,14880,101,29,0,2561,2507,23,1,5.670000e+01,3.460000e+01,
bf_det_k8_l1_r8_c4_m3_w12g0_d32_s2_q2,det,bruteforce,8,1,8,4,3,12,0,32,2,2,3.392000e+00,21843,14790,108,20,0,2189,2399,14,1,6.640000e+01,3.160000e+01,
bf_det_k8_l1_r8_c4_m3_w12g0_d64_s2_q2,det,bruteforce,8,1,8,4,3,12,0,64,2,2,3.392000e+00,26122,15639,108,30,0,2561,2507,24,1,6.850000e+01,3.170000e+01,
bf_det_k8_l1_r8_c4_m3_w12g4_d32_s2_q2,det,bruteforce,8,1,8,4,3,12,4,32,2,2,3.392000e+00,22280,15031,108,20,0,2189,2399,14,1,5.800000e+01,3.390000e+01,
bf_det_k8_l1_r8_c4_m3_w12g4_d64_s2_q2,det,bruteforce,8,1,8,4,3,12,4,64,2,2,3.392000e+00,26556,15880,108,30,0,2561,2507,24,1,6.290000e+01,3.050000e+01,
bf_det_k8_l1_r8_c4_m3_w12g8_d32_s2_q2,det,bruteforce,8,1,8,4,3,12,8,32,2,2,3.392000e+00,22573,15239,108,20,0,2189,2399,14,1,6.520000e+01,2.920000e+01,
bf_det_k8_l1_r8_c4_m3_w12g8_d64_s2_q2,det,bruteforce,8,1,8,4,3,12,8,64,2,2,3.392000e+00,26851,16088,108,30,0,2561,2507,24,1,6.080000e+01,3.650000e+01,
bf_det_k8_l1_r8_c4_m3_w14g0_d32_s2_q2,det,bruteforce,8,1,8,4,3,14,0,32,2,2,3.392000e+00,23132,16015,108,21,0,2189,2399,15,1,7.140000e+01,2.440000e+01,
bf_det_k8_l1_r8_c4_m3_w14g0_d64_s2_q2,det,bruteforce,8,1,8,4,3,14,0,64,2,2,3.392000e+00,28282,17118,108,31,0,2561,2507,25,1,6.980000e+01,2.890000e+01,
bf_det_k8_l1_r8_c4_m3_w14g4_d32_s2_q2,det,bruteforce,8,1,8,4,3,14,4,32,2,2,3.392000e+00,23508,16228,108,21,0,2189,2399,15,1,6.190000e+01,3.420000e+01,
bf_det_k8_l1_r8_c4_m3_w14g4_d64_s2_q2,det,bruteforce,8,1,8,4,3,14,4,64,2,2,3.392000e+00,28659,17331,108,31,0,2561,2507,25,1,6.610000e+01,3.080000e+01,
bf_det_k8_l1_r8_c4_m3_w14g8_d32_s2_q2,det,bruteforce,8,1,8,4,3,14,8,32,2,2,3.392000e+00,23831,16464,108,21,0,2189,2399,15,1,6.480000e+01,3.180000e+01,
bf_det_k8_l1_r8_c4_m3_w14g8_d64_s2_q2,det,bruteforce,8,1,8,4,3,14,8,64,2,2,3.392000e+00,28982,17567,108,31,0,2561,2507,25,1,6.470000e+01,3.430000e+01,
bf_det_k8_l1_r8_c4_m3_w16g0_d32_s2_q2,det,bruteforce,8,1,8,4,3,16,0,32,2,2,3.392000e+00,24284,17062,108,30,0,2189,2399,16,1,7.130000e+01,2.640000e+01,
bf_det_k8_l1_r8_c4_m3_w16g0_d64_s2_q2,det,bruteforce,8,1,8,4,3,16,0,64,2,2,3.392000e+00,29974,19390,108,40,0,2561,2507,26,1,7.100000e+01,2.980000e+01,
bf_det_k8_l1_r8_c4_m3_w16g4_d32_s2_q2,det,bruteforce,8,1,8,4,3,16,4,32,2,2,3.392000e+00,24640,17258,108,30,0,2189,2399,16,1,5.560000e+01,2.860000e+01,
bf_det_k8_l1_r8_c4_m3_w16g4_d64_s2_q2,det,bruteforce,8,1,8,4,3,16,4,64,2,2,3.392000e+00,30332,19586,108,40,0,2561,2507,26,1,6.620000e+01,3.060000e+01,
bf_det_k8_l1_r8_c4_m3_w16g8_d32_s2_q2,det,bruteforce,8,1,8,4,3,16,8,32,2,2,3.392000e+00,24970,17585,108,30,0,2189,2399,16,1,6.790000e+01,3.110000e+01,
bf_det_k8_l1_r8_c4_m3_w16g8_d64_s2_q2,det,bruteforce,8,1,8,4,3,16,8,64,2,2,3.392000e+00,30663,19913,108,40,0,2561,2507,26,1,6.140000e+01,3.590000e+01,
bf_det_k8_l1_r8_c4_m4_w8g0_d32_s2_q2,det,bruteforce,8,1,8,4,4,8,0,32,2,2,3.352000e+00,22286,12923,67,18,0,2189,2399,12,1,6.950000e+01,2.290000e+01,
bf_det_k8_l1_r8_c4_m4_w8g0_d64_s2_q2,det,bruteforce,8,1,8,4,4,8,0,64,2,2,3.352000e+00,25356,14068,67,24,0,2561,2507,18,1,6.410000e+01,2.900000e+01,
bf_det_k8_l1_r8_c4_m4_w8g4_d32_s2_q2,det,bruteforce,8,1,8,4,4,8,4,32,2,2,3.352000e+00,22547,13118,67,18,0,2189,2399,12,1,6.740000e+01,3.140000e+01,
bf_det_k8_l1_r8_c4_m4_w8g4_d64_s2_q2,det,bruteforce,8,1,8,4,4,8,4,64,2,2,3.352000e+00,25616,14263,67,24,0,2561,2507,18,1,6.740000e+01,2.800000e+01,
bf_det_k8_l1_r8_c4_m4_w8g8_d32_s2_q2,det,bruteforce,8,1,8,4,4,8,8,32,2,2,3.352000e+00,22929,13354,67,18,0,2189,2399,12,1,6.410000e+01,2.770000e+01,
bf_det_k8_l1_r8_c4_m4_w8g8_d64_s2_q2,det,bruteforce,8,1,8,4,4,8,8,64,2,2,3.352000e+00,25995,14499,67,24,0,2561,2507,18,1,6.550000e+01,2.950000e+01,
bf_det_k8_l1_r8_c4_m4_w10g0_d32_s2_q2,det,bruteforce,8,1,8,4,4,10,0,32,2,2,3.352000e+00,24908,14623,69,19,0,2189,2399,13,1,6.670000e+01,2.640000e+01,
bf_det_k8_l1_r8_c4_m4_w10g0_d64_s2_q2,det,bruteforce,8,1,8,4,4,10,0,64,2,2,3.352000e+00,28600,15836,69,29,0,2561,2507,23,1,6.060000e+01,3.000000e+01,
bf_det_k8_l1_r8_c4_m4_w10g4_d32_s2_q2,det,bruteforce,8,1,8,4,4,10,4,32,2,2,3.352000e+00,25302,14864,69,19,0,2189,2399,13,1,6.200000e+01,2.670000e+01,
bf_det_k8_l1_r8_c4_m4_w10g4_d64_s2_q2,det,bruteforce,8,1,8,4,4,10,4,64,2,2,3.352000e+00,28991,16077,69,29,0,2561,2507,23,1,6.600000e+01,2.730000e+01,
bf_det_k8_l1_r8_c4_m4_w10g8_d32_s2_q2,det,bruteforce,8,1,8,4,4,10,8,32,2,2,3.352000e+00,25619,15073,69,19,0,2189,2399,13,1,6.800000e+01,2.950000e+01,
bf_det_k8_l1_r8_c4_m4_w10g8_d64_s2_q2,det,bruteforce,8,1,8,4,4,10,8,64,2,2,3.352000e+00,29309,16286,69,29,0,2561,2507,23,1,6.340000e+01,3.480000e+01,
bf_det_k8_l1_r8_c4_m4_w12g0_d32_s2_q2,det,bruteforce,8,1,8,4,4,12,0,32,2,2,3.352000e+00,22163,16480,140,20,0,2189,2399,14,1,6.470000e+01,2.660000e+01,
bf_det_k8_l1_r8_c4_m4_w12g0_d64_s2_q2,det,bruteforce,8,1,8,4,4,12,0,64,2,2,3.352000e+00,26442,17329,140,30,0,2561,2507,24,1,6.250000e+01,3.190000e+01,
bf_det_k8_l1_r8_c4_m4_w12g4_d32_s2_q2,det,bruteforce,8,1,8,4,4,12,4,32,2,2,3.352000e+00,22600,16721,140,20,0,2189,2399,14,1,6.940000e+01,2.480000e+01,
bf_det_k8_l1_r8_c4_m4_w12g4_d64_s2_q2,det,bruteforce,8,1,8,4,4,12,4,64,2,2,3.352000e+00,26876,17570,140,30,0,2561,2507,24,1,5.950000e+01,3.470000e+01,
bf_det_k8_l1_r8_c4_m4_w12g8_d32_s2_q2,det,bruteforce,8,1,8,4,4,12,8,32,2,2,3.352000e+00,22893,16929,140,20,0,2189,2399,14,1,6.820000e+01,2.660000e+01,
bf_det_k8_l1_r8_c4_m4_w12g8_d64_s2_q2,det,bruteforce,8,1,8,4,4,12,8,64,2,2,3.352000e+00,27171,17778,140,30,0,2561,2507,24,1,6.190000e+01,3.500000e+01,
bf_det_k8_l1_r8_c4_m4_w14g0_d32_s2_q2,det,bruteforce,8,1,8,4,4,14,0,32,2,2,3.352000e+00,23452,17983,140,21,0,2189,2399,15,1,6.430000e+01,2.690000e+01,
bf_det_k8_l1_r8_c4_m4_w14g0_d64_s2_q2,det,bruteforce,8,1,8,4,4,14,0,64,2,2,3.352000e+00,28602,19086,140,31,0,2561,2507,25,1,6.510000e+01,3.450000e+01,
bf_det_k8_l1_r8_c4_m4_w14g4_d32_s2_q2,det,bruteforce,8,1,8,4,4,14,4,32,2,2,3.352000e+00,23828,18196,140,21,0,2189,2399,15,1,6.200000e+01,2.580000e+01,
bf_det_k8_l1_r8_c4_m4_w14g4_d64_s2_q2,det,bruteforce,8,1,8,4,4,14,4,64,2,2,3.352000e+00,28979,19299,140,31,0,2561,2507,25,1,5.870000e+01,3.480000e+01,
bf_det_k8_l1_r8_c4_m4_w14g8_d32_s2_q2,det,bruteforce,8,1,8,4,4,14,8,32,2,2,3.352000e+00,24151,18432,140,21,0,2189,2399,15,1,7.180000e+01,3.180000e+01,
bf_det_k8_l1_r8_c4_m4_w14g8_d64_s2_q2,det,bruteforce,8,1,8,4,4,14,8,64,2,2,3.352000e+00,29302,19535,140,31,0,2561,2507,25,1,5.810000e+01,3.450000e+01,
bf_det_k8_l1_r8_c4_m4_w16g0_d32_s2_q2,det,bruteforce,8,1,8,4,4,16,0,32,2,2,3.352000e+00,24604,19314,140,30,0,2189,2399,16,1,6.400000e+01,2.740000e+01,
bf_det_k8_l1_r8_c4_m4_w16g0_d64_s2_q2,det,bruteforce,8,1,8,4,4,16,0,64,2,2,3.352000e+00,30294,21642,140,40,0,2561,2507,26,1,5.960000e+01,2.910000e+01,
bf_det_k8_l1_r8_c4_m4_w16g4_d32_s2_q2,det,bruteforce,8,1,8,4,4,16,4,32,2,2,3.352000e+00,24960,19510,140,30,0,2189,2399,16,1,6.740000e+01,2.740000e+01,
bf_det_k8_l1_r8_c4_m4_w16g4_d64_s2_q2,det,bruteforce,8,1,8,4,4,16,4,64,2,2,3.352000e+00,30652,21838,140,40,0,2561,2507,26,1,6.020000e+01,3.280000e+01,
bf_det_k8_l1_r8_c4_m4_w16g8_d32_s2_q2,det,bruteforce,8,1,8,4,4,16,8,32,2,2,3.352000e+00,25290,19837,140,30,0,2189,2399,16,1,6.630000e+01,2.830000e+01,
bf_det_k8_l1_r8_c4_m4_w16g8_d64_s2_q2,det,bruteforce,8,1,8,4,4,16,8,64,2,2,3.352000e+00,30983,22165,140,40,0,2561,2507,26,1,5.870000e+01,3.430000e+01,
bf_det_k8_l4_r1_c4_m3_w8g0_d32_s2_q2,det,bruteforce,8,4,1,4,3,8,0,32,2,2,3.392000e+00,26729,12781,24,16,0,2189,2399,16,1,6.320000e+01,2.410000e+01,
bf_det_k8_l4_r1_c4_m3_w8g0_d64_s2_q2,det,bruteforce,8,4,1,4,3,8,0,64,2,2,3.392000e+00,31340,14075,24,20,0,2561,2507,20,1,6.990000e+01,2.800000e+01,
bf_det_k8_l4_r1_c4_m3_w8g4_d32_s2_q2,det,bruteforce,8,4,1,4,3,8,4,32,2,2,3.392000e+00,27553,13504,24,16,0,2189,2399,16,1,7.030000e+01,2.520000e+01,
bf_det_k8_l4_r1_c4_m3_w8g4_d64_s2_q2,det,bruteforce,8,4,1,4,3,8,4,64,2,2,3.392000e+00,32163,14798,24,20,0,2561,2507,20,1,5.920000e+01,3.100000e+01,
bf_det_k8_l4_r1_c4_m3_w8g8_d32_s2_q2,det,bruteforce,8,4,1,4,3,8,8,32,2,2,3.392000e+00,28614,14376,24,16,0,2189,2399,16,1,6.880000e+01,2.510000e+01,
bf_det_k8_l4_r1_c4_m3_w8g8_d64_s2_q2,det,bruteforce,8,4,1,4,3,8,8,64,2,2,3.392000e+00,33221,15670,24,20,0,2561,2507,20,1,5.980000e+01,3.290000e+01,
bf_det_k8_l4_r1_c4_m3_w10g0_d32_s2_q2,det,bruteforce,8,4,1,4,3,10,0,32,2,2,3.392000e+00,28742,14452,32,21,0,2189,2399,21,1,6.580000e+01,2.370000e+01,
bf_det_k8_l4_r1_c4_m3_w10g0_d64_s2_q2,det,bruteforce,8,4,1,4,3,10,0,64,2,2,3.392000e+00,34287,15807,32,25,0,2561,2507,25,1,6.390000e+01,3.120000e+01,
bf_det_k8_l4_r1_c4_m3_w10g4_d32_s2_q2,det,bruteforce,8,4,1,4,3,10,4,32,2,2,3.392000e+00,29959,15344,32,21,0,2189,2399,21,1,7.280000e+01,2.540000e+01,
bf_det_k8_l4_r1_c4_m3_w10g4_d64_s2_q2,det,bruteforce,8,4,1,4,3,10,4,64,2,2,3.392000e+00,35501,16699,32,25,0,2561,2507,25,1,6.560000e+01,3.190000e+01,
bf_det_k8_l4_r1_c4_m3_w10g8_d32_s2_q2,det,bruteforce,8,4,1,4,3,10,8,32,2,2,3.392000e+00,30842,16117,32,21,0,2189,2399,21,1,7.160000e+01,2.690000e+01,
bf_det_k8_l4_r1_c4_m3_w10g8_d64_s2_q2,det,bruteforce,8,4,1,4,3,10,8,64,2,2,3.392000e+00,36385,17472,32,25,0,2561,2507,25,1,7.160000e+01,3.330000e+01,
bf_det_k8_l4_r1_c4_m3_w12g0_d32_s2_q2,det,bruteforce,8,4,1,4,3,12,0,32,2,2,3.392000e+00,29411,16347,60,22,0,2189,2399,22,1,7.130000e+01,2.850000e+01,
bf_det_k8_l4_r1_c4_m3_w12g0_d64_s2_q2,det,bruteforce,8,4,1,4,3,12,0,64,2,2,3.392000e+00,35809,17524,60,26,0,2561,2507,26,1,6.220000e+01,3.140000e+01,
bf_det_k8_l4_r1_c4_m3_w12g4_d32_s2_q2,det,bruteforce,8,4,1,4,3,12,4,32,2,2,3.392000e+00,30692,17239,60,22,0,2189,2399,22,1,7.080000e+01,2.460000e+01,
bf_det_k8_l4_r1_c4_m3_w12g4_d64_s2_q2,det,bruteforce,8,4,1,4,3,12,4,64,2,2,3.392000e+00,37087,18416,60,26,0,2561,2507,26,1,6.390000e+01,3.220000e+01,
bf_det_k8_l4_r1_c4_m3_w12g8_d32_s2_q2,det,bruteforce,8,4,1,4,3,12,8,32,2,2,3.392000e+00,31518,18008,60,22,0,2189,2399,22,1,7.110000e+01,2.370000e+01,
bf_det_k8_l4_r1_c4_m3_w12g8_d64_s2_q2,det,bruteforce,8,4,1,4,3,12,8,64,2,2,3.392000e+00,37915,19185,60,26,0,2561,2507,26,1,6.220000e+01,2.990000e+01,
bf_det_k8_l4_r1_c4_m3_w14g0_d32_s2_q2,det,bruteforce,8,4,1,4,3,14,0,32,2,2,3.392000e+00,31503,17792,60,27,0,2189,2399,27,1,7.190000e+01,2.630000e+01,
bf_det_k8_l4_r1_c4_m3_w14g0_d64_s2_q2,det,bruteforce,8,4,1,4,3,14,0,64,2,2,3.392000e+00,39509,19000,60,31,0,2561,2507,31,1,6.150000e+01,3.070000e+01,
bf_det_k8_l4_r1_c4_m3_w14g4_d32_s2_q2,det,bruteforce,8,4,1,4,3,14,4,32,2,2,3.392000e+00,32622,18581,60,27,0,2189,2399,27,1,7.250000e+01,2.620000e+01,
bf_det_k8_l4_r1_c4_m3_w14g4_d64_s2_q2,det,bruteforce,8,4,1,4,3,14,4,64,2,2,3.392000e+00,40629,19789,60,31,0,2561,2507,31,1,5.980000e+01,3.030000e+01,
bf_det_k8_l4_r1_c4_m3_w14g8_d32_s2_q2,det,bruteforce,8,4,1,4,3,14,8,32,2,2,3.392000e+00,33519,19453,60,27,0,2189,2399,27,1,7.080000e+01,2.490000e+01,
bf_det_k8_l4_r1_c4_m3_w14g8_d64_s2_q2,det,bruteforce,8,4,1,4,3,14,8,64,2,2,3.392000e+00,41526,20661,60,31,0,2561,2507,31,1,6.820000e+01,3.000000e+01,
bf_det_k8_l4_r1_c4_m3_w16g0_d32_s2_q2,det,bruteforce,8,4,1,4,3,16,0,32,2,2,3.392000e+00,33682,18494,60,60,0,2189,2399,28,1,7.150000e+01,2.560000e+01,
bf_det_k8_l4_r1_c4_m3_w16g0_d64_s2_q2,det,bruteforce,8,4,1,4,3,16,0,64,2,2,3.392000e+00,42665,21449,60,64,0,2561,2507,32,1,6.320000e+01,3.360000e+01,
bf_det_k8_l4_r1_c4_m3_w16g4_d32_s2_q2,det,bruteforce,8,4,1,4,3,16,4,32,2,2,3.392000e+00,34760,19215,60,60,0,2189,2399,28,1,6.940000e+01,2.610000e+01,
bf_det_k8_l4_r1_c4_m3_w16g4_d64_s2_q2,det,bruteforce,8,4,1,4,3,16,4,64,2,2,3.392000e+00,43745,22170,60,64,0,2561,2507,32,1,6.370000e+01,3.300000e+01,
bf_det_k8_l4_r1_c4_m3_w16g8_d32_s2_q2,det,bruteforce,8,4,1,4,3,16,8,32,2,2,3.392000e+00,35685,20451,60,60,0,2189,2399,28,1,6.840000e+01,2.860000e+01,
bf_det_k8_l4_r1_c4_m3_w16g8_d64_s2_q2,det,bruteforce,8,4,1,4,3,16,8,64,2,2,3.392000e+00,44671,23406,60,64,0,2561,2507,32,1,7.250000e+01,2.640000e+01,
bf_det_k8_l4_r1_c4_m4_w8g0_d32_s2_q2,det,bruteforce,8,4,1,4,4,8,0,32,2,2,3.352000e+00,27081,12932,20,16,0,2189,2399,16,1,7.200000e+01,2.470000e+01,
bf_det_k8_l4_r1_c4_m4_w8g0_d64_s2_q2,det,bruteforce,8,4,1,4,4,8,0,64,2,2,3.352000e+00,31692,14226,20,20,0,2561,2507,20,1,6.280000e+01,2.830000e+01,
bf_det_k8_l4_r1_c4_m4_w8g4_d32_s2_q2,det,bruteforce,8,4,1,4,4,8,4,32,2,2,3.352000e+00,27905,13655,20,16,0,2189,2399,16,1,7.170000e+01,2.550000e+01,
bf_det_k8_l4_r1_c4_m4_w8g4_d64_s2_q2,det,bruteforce,8,4,1,4,4,8,4,64,2,2,3.352000e+00,32515,14949,20,20,0,2561,2507,20,1,6.240000e+01,2.670000e+01,
bf_det_k8_l4_r1_c4_m4_w8g8_d32_s2_q2,det,bruteforce,8,4,1,4,4,8,8,32,2,2,3.352000e+00,28966,14527,20,16,0,2189,2399,16,1,6.410000e+01,2.760000e+01,
bf_det_k8_l4_r1_c4_m4_w8g8_d64_s2_q2,det,bruteforce,8,4,1,4,4,8,8,64,2,2,3.352000e+00,33573,15821,20,20,0,2561,2507,20,1,7.030000e+01,2.550000e+01,
bf_det_k8_l4_r1_c4_m4_w10g0_d32_s2_q2,det,bruteforce,8,4,1,4,4,10,0,32,2,2,3.352000e+00,29270,14621,28,21,0,2189,2399,21,1,7.250000e+01,2.730000e+01,
bf_det_k8_l4_r1_c4_m4_w10g0_d64_s2_q2,det,bruteforce,8,4,1,4,4,10,0,64,2,2,3.352000e+00,34815,15976,28,25,0,2561,2507,25,1,6.300000e+01,2.770000e+01,
bf_det_k8_l4_r1_c4_m4_w10g4_d32_s2_q2,det,bruteforce,8,4,1,4,4,10,4,32,2,2,3.352000e+00,30487,15513,28,21,0,2189,2399,21,1,6.410000e+01,2.240000e+01,
bf_det_k8_l4_r1_c4_m4_w10g4_d64_s2_q2,det,bruteforce,8,4,1,4,4,10,4,64,2,2,3.352000e+00,36029,16868,28,25,0,2561,2507,25,1,6.910000e+01,2.620000e+01,
bf_det_k8_l4_r1_c4_m4_w10g8_d32_s2_q2,det,bruteforce,8,4,1,4,4,10,8,32,2,2,3.352000e+00,31370,16286,28,21,0,2189,2399,21,1,6.660000e+01,2.630000e+01,
bf_det_k8_l4_r1_c4_m4_w10g8_d64_s2_q2,det,bruteforce,8,4,1,4,4,10,8,64,2,2,3.352000e+00,36913,17641,28,25,0,2561,2507,25,1,7.060000e+01,2.690000e+01,
bf_det_k8_l4_r1_c4_m4_w12g0_d32_s2_q2,det,bruteforce,8,4,1,4,4,12,0,32,2,2,3.352000e+00,29483,16534,64,22,0,2189,2399,22,1,7.240000e+01,3.000000e+01,
bf_det_k8_l4_r1_c4_m4_w12g0_d64_s2_q2,det,bruteforce,8,4,1,4,4,12,0,64,2,2,3.352000e+00,35881,17711,64,26,0,2561,2507,26,1,6.110000e+01,2.670000e+01,
bf_det_k8_l4_r1_c4_m4_w12g4_d32_s2_q2,det,bruteforce,8,4,1,4,4,12,4,32,2,2,3.352000e+00,30764,17426,64,22,0,2189,2399,22,1,6.780000e+01,2.410000e+01,
bf_det_k8_l4_r1_c4_m4_w12g4_d64_s2_q2,det,bruteforce,8,4,1,4,4,12,4,64,2,2,3.352000e+00,37159,18603,64,26,0,2561,2507,26,1,7.160000e+01,2.550000e+01,
bf_det_k8_l4_r1_c4_m4_w12g8_d32_s2_q2,det,bruteforce,8,4,1,4,4,12,8,32,2,2,3.352000e+00,31590,18195,64,22,0,2189,2399,22,1,6.390000e+01,2.980000e+01,
bf_det_k8_l4_r1_c4_m4_w12g8_d64_s2_q2,det,bruteforce,8,4,1,4,4,12,8,64,2,2,3.352000e+00,37987,19372,64,26,0,2561,2507,26,1,6.600000e+01,2.770000e+01,
bf_det_k8_l4_r1_c4_m4_w14g0_d32_s2_q2,det,bruteforce,8,4,1,4,4,14,0,32,2,2,3.352000e+00,31575,17997,64,27,0,2189,2399,27,1,6.650000e+01,2.800000e+01,
bf_det_k8_l4_r1_c4_m4_w14g0_d64_s2_q2,det,bruteforce,8,4,1,4,4,14,0,64,2,2,3.352000e+00,39581,19205,64,31,0,2561,2507,31,1,6.840000e+01,2.700000e+01,
bf_det_k8_l4_r1_c4_m4_w14g4_d32_s2_q2,det,bruteforce,8,4,1,4,4,14,4,32,2,2,3.352000e+00,32694,18786,64,27,0,2189,2399,27,1,6.720000e+01,2.420000e+01,
bf_det_k8_l4_r1_c4_m4_w14g4_d64_s2_q2,det,bruteforce,8,4,1,4,4,14,4,64,2,2,3.352000e+00,40701,19994,64,31,0,2561,2507,31,1,6.730000e+01,2.580000e+01,
bf_det_k8_l4_r1_c4_m4_w14g8_d32_s2_q2,det,bruteforce,8,4,1,4,4,14,8,32,2,2,3.352000e+00,33591,19658,64,27,0,2189,2399,27,1,6.790000e+01,3.120000e+01,
bf_det_k8_l4_r1_c4_m4_w14g8_d64_s2_q2,det,bruteforce,8,4,1,4,4,14,8,64,2,2,3.352000e+00,41598,20866,64,31,0,2561,2507,31,1,6.210000e+01,2.600000e+01,
bf_det_k8_l4_r1_c4_m4_w16g0_d32_s2_q2,det,bruteforce,8,4,1,4,4,16,0,32,2,2,3.352000e+00,33722,18643,64,60,0,2189,2399,28,1,6.550000e+01,2.720000e+01,
bf_det_k8_l4_r1_c4_m4_w16g0_d64_s2_q2,det,bruteforce,8,4,1,4,4,16,0,64,2,2,3.352000e+00,42705,21598,64,64,0,2561,2507,32,1,6.730000e+01,2.570000e+01,
bf_det_k8_l4_r1_c4_m4_w16g4_d32_s2_q2,det,bruteforce,8,4,1,4,4,16,4,32,2,2,3.352000e+00,34800,19364,64,60,0,2189,2399,28,1,6.520000e+01,2.440000e+01,
bf_det_k8_l4_r1_c4_m4_w16g4_d64_s2_q2,det,bruteforce,8,4,1,4,4,16,4,64,2,2,3.352000e+00,43785,22319,64,64,0,2561,2507,32,1,6.380000e+01,2.710000e+01,
bf_det_k8_l4_r1_c4_m4_w16g8_d32_s2_q2,det,bruteforce,8,4,1,4,4,16,8,32,2,2,3.352000e+00,35725,20600,64,60,0,2189,2399,28,1,6.000000e+01,2.760000e+01,
bf_det_k8_l4_r1_c4_m4_w16g8_d64_s2_q2,det,bruteforce,8,4,1,4,4,16,8,64,2,2,3.352000e+00,44711,23555,64,64,0,2561,2507,32,1,6.370000e+01,2.790000e+01,
bf_det_k8_l4_r4_c4_m3_w8g0_d32_s2_q2,det,bruteforce,8,4,4,4,3,8,0,32,2,2,3.392000e+00,27838,13559,60,16,0,2189,2399,16,1,6.960000e+01,2.700000e+01,
bf_det_k8_l4_r4_c4_m3_w8g0_d64_s2_q2,det,bruteforce,8,4,4,4,3,8,0,64,2,2,3.392000e+00,32437,14919,60,20,0,2561,2507,20,1,6.960000e+01,2.450000e+01,
bf_det_k8_l4_r4_c4_m3_w8g4_d32_s2_q2,det,bruteforce,8,4,4,4,3,8,4,32,2,2,3.392000e+00,28662,14282,60,16,0,2189,2399,16,1,7.250000e+01,2.320000e+01,
bf_det_k8_l4_r4_c4_m3_w8g4_d64_s2_q2,det,bruteforce,8,4,4,4,3,8,4,64,2,2,3.392000e+00,33260,15642,60,20,0,2561,2507,20,1,7.580000e+01,2.530000e+01,
bf_det_k8_l4_r4_c4_m3_w8g8_d32_s2_q2,det,bruteforce,8,4,4,4,3,8,8,32,2,2,3.392000e+00,29723,15154,60,16,0,2189,2399,16,1,6.720000e+01,2.740000e+01,
bf_det_k8_l4_r4_c4_m3_w8g8_d64_s2_q2,det,bruteforce,8,4,4,4,3,8,8,64,2,2,3.392000e+00,34318,16514,60,20,0,2561,2507,20,1,6.430000e+01,3.140000e+01,
bf_det_k8_l4_r4_c4_m3_w10g0_d32_s2_q2,det,bruteforce,8,4,4,4,3,10,0,32,2,2,3.392000e+00,29923,15450,68,21,0,2189,2399,21,1,6.660000e+01,2.690000e+01,
bf_det_k8_l4_r4_c4_m3_w10g0_d64_s2_q2,det,bruteforce,8,4,4,4,3,10,0,64,2,2,3.392000e+00,35456,16871,68,25,0,2561,2507,25,1,7.060000e+01,2.820000e+01,
bf_det_k8_l4_r4_c4_m3_w10g4_d32_s2_q2,det,bruteforce,8,4,4,4,3,10,4,32,2,2,3.392000e+00,31140,16342,68,21,0,2189,2399,21,1,7.060000e+01,2.430000e+01,
bf_det_k8_l4_r4_c4_m3_w10g4_d64_s2_q2,det,bruteforce,8,4,4,4,3,10,4,64,2,2,3.392000e+00,36670,17763,68,25,0,2561,2507,25,1,7.290000e+01,2.730000e+01,
bf_det_k8_l4_r4_c4_m3_w10g8_d32_s2_q2,det,bruteforce,8,4,4,4,3,10,8,32,2,2,3.392000e+00,32023,17115,68,21,0,2189,2399,21,1,6.910000e+01,2.710000e+01,
bf_det_k8_l4_r4_c4_m3_w10g8_d64_s2_q2,det,bruteforce,8,4,4,4,3,10,8,64,2,2,3.392000e+00,37554,18536,68,25,0,2561,2507,25,1,6.970000e+01,2.810000e+01,
bf_det_k8_l4_r4_c4_m3_w12g0_d32_s2_q2,det,bruteforce,8,4,4,4,3,12,0,32,2,2,3.392000e+00,30664,17565,96,22,0,2189,2399,22,1,7.200000e+01,2.820000e+01,
bf_det_k8_l4_r4_c4_m3_w12g0_d64_s2_q2,det,bruteforce,8,4,4,4,3,12,0,64,2,2,3.392000e+00,37050,18808,96,26,0,2561,2507,26,1,7.010000e+01,2.510000e+01,
bf_det_k8_l4_r4_c4_m3_w12g4_d32_s2_q2,det,bruteforce,8,4,4,4,3,12,4,32,2,2,3.392000e+00,31945,18457,96,22,0,2189,2399,22,1,6.910000e+01,2.590000e+01,
bf_det_k8_l4_r4_c4_m3_w12g4_d64_s2_q2,det,bruteforce,8,4,4,4,3,12,4,64,2,2,3.392000e+00,38328,19700,96,26,0,2561,2507,26,1,7.180000e+01,2.900000e+01,
bf_det_k8_l4_r4_c4_m3_w12g8_d32_s2_q2,det,bruteforce,8,4,4,4,3,12,8,32,2,2,3.392000e+00,32771,19226,96,22,0,2189,2399,22,1,7.050000e+01,2.850000e+01,
bf_det_k8_l4_r4_c4_m3_w12g8_d64_s2_q2,det,bruteforce,8,4,4,4,3,12,8,64,2,2,3.392000e+00,39156,20469,96,26,0,2561,2507,26,1,6.850000e+01,2.820000e+01,
bf_det_k8_l4_r4_c4_m3_w14g0_d32_s2_q2,det,bruteforce,8,4,4,4,3,14,0,32,2,2,3.392000e+00,32844,19214,96,27,0,2189,2399,27,1,7.040000e+01,2.710000e+01,
bf_det_k8_l4_r4_c4_m3_w14g0_d64_s2_q2,det,bruteforce,8,4,4,4,3,14,0,64,2,2,3.392000e+00,40838,20488,96,31,0,2561,2507,31,1,6.740000e+01,2.570000e+01,
bf_det_k8_l4_r4_c4_m3_w14g4_d32_s2_q2,det,bruteforce,8,4,4,4,3,14,4,32,2,2,3.392000e+00,33963,20003,96,27,0,2189,2399,27,1,7.280000e+01,2.460000e+01,
bf_det_k8_l4_r4_c4_m3_w14g4_d64_s2_q2,det,bruteforce,8,4,4,4,3,14,4,64,2,2,3.392000e+00,41958,21277,96,31,0,2561,2507,31,1,6.930000e+01,2.690000e+01,
bf_det_k8_l4_r4_c4_m3_w14g8_d32_s2_q2,det,bruteforce,8,4,4,4,3,14,8,32,2,2,3.392000e+00,34860,20875,96,27,0,2189,2399,27,1,6.950000e+01,2.950000e+01,
bf_det_k8_l4_r4_c4_m3_w14g8_d64_s2_q2,det,bruteforce,8,4,4,4,3,14,8,64,2,2,3.392000e+00,42855,22149,96,31,0,2561,2507,31,1,6.850000e+01,2.740000e+01,
bf_det_k8_l4_r4_c4_m3_w16g0_d32_s2_q2,det,bruteforce,8,4,4,4,3,16,0,32,2,2,3.392000e+00,35119,20160,96,60,0,2189,2399,28,1,6.250000e+01,3.050000e+01,
bf_det_k8_l4_r4_c4_m3_w16g0_d64_s2_q2,det,bruteforce,8,4,4,4,3,16,0,64,2,2,3.392000e+00,44090,23181,96,64,0,2561,2507,32,1,6.850000e+01,3.040000e+01,
bf_det_k8_l4_r4_c4_m3_w16g4_d32_s2_q2,det,bruteforce,8,4,4,4,3,16,4,32,2,2,3.392000e+00,36197,20881,96,60,0,2189,2399,28,1,6.980000e+01,2.490000e+01,
bf_det_k8_l4_r4_c4_m3_w16g4_d64_s2_q2,det,bruteforce,8,4,4,4,3,16,4,64,2,2,3.392000e+00,45170,23902,96,64,0,2561,2507,32,1,7.150000e+01,2.790000e+01,
bf_det_k8_l4_r4_c4_m3_w16g8_d32_s2_q2,det,bruteforce,8,4,4,4,3,16,8,32,2,2,3.392000e+00,37122,22117,96,60,0,2189,2399,28,1,6.580000e+01,2.800000e+01,
bf_det_k8_l4_r4_c4_m3_w16g8_d64_s2_q2,det,bruteforce,8,4,4,4,3,16,8,64,2,2,3.392000e+00,46096,25138,96,64,0,2561,2507,32,1,7.050000e+01,2.800000e+01,
bf_det_k8_l4_r4_c4_m4_w8g0_d32_s2_q2,det,bruteforce,8,4,4,4,4,8,0,32,2,2,3.352000e+00,29118,14105,44,16,0,2189,2399,16,1,6.550000e+01,3.060000e+01,
bf_det_k8_l4_r4_c4_m4_w8g0_d64_s2_q2,det,bruteforce,8,4,4,4,4,8,0,64,2,2,3.352000e+00,33717,15465,44,20,0,2561,2507,20,1,6.700000e+01,2.330000e+01,
bf_det_k8_l4_r4_c4_m4_w8g4_d32_s2_q2,det,bruteforce,8,4,4,4,4,8,4,32,2,2,3.352000e+00,29942,14828,44,16,0,2189,2399,16,1,7.010000e+01,2.530000e+01,
bf_det_k8_l4_r4_c4_m4_w8g4_d64_s2_q2,det,bruteforce,8,4,4,4,4,8,4,64,2,2,3.352000e+00,34540,16188,44,20,0,2561,2507,20,1,6.840000e+01,2.800000e+01,
bf_det_k8_l4_r4_c4_m4_w8g8_d32_s2_q2,det,bruteforce,8,4,4,4,4,8,8,32,2,2,3.352000e+00,31003,15700,44,16,0,2189,2399,16,1,6.510000e+01,2.700000e+01,
bf_det_k8_l4_r4_c4_m4_w8g8_d64_s2_q2,det,bruteforce,8,4,4,4,4,8,8,64,2,2,3.352000e+00,35598,17060,44,20,0,2561,2507,20,1,6.440000e+01,2.820000e+01,
bf_det_k8_l4_r4_c4_m4_w10g0_d32_s2_q2,det,bruteforce,8,4,4,4,4,10,0,32,2,2,3.352000e+00,31907,16136,52,21,0,2189,2399,21,1,6.960000e+01,3.000000e+01,
bf_det_k8_l4_r4_c4_m4_w10g0_d64_s2_q2,det,bruteforce,8,4,4,4,4,10,0,64,2,2,3.352000e+00,37440,17557,52,25,0,2561,2507,25,1,7.440000e+01,2.400000e+01,
bf_det_k8_l4_r4_c4_m4_w10g4_d32_s2_q2,det,bruteforce,8,4,4,4,4,10,4,32,2,2,3.352000e+00,33124,17028,52,21,0,2189,2399,21,1,7.100000e+01,2.640000e+01,
bf_det_k8_l4_r4_c4_m4_w10g4_d64_s2_q2,det,bruteforce,8,4,4,4,4,10,4,64,2,2,3.352000e+00,38654,18449,52,25,0,2561,2507,25,1,6.700000e+01,2.660000e+01,
bf_det_k8_l4_r4_c4_m4_w10g8_d32_s2_q2,det,bruteforce,8,4,4,4,4,10,8,32,2,2,3.352000e+00,34007,17801,52,21,0,2189,2399,21,1,7.070000e+01,2.710000e+01,
bf_det_k8_l4_r4_c4_m4_w10g8_d64_s2_q2,det,bruteforce,8,4,4,4,4,10,8,64,2,2,3.352000e+00,39538,19222,52,25,0,2561,2507,25,1,6.960000e+01,2.700000e+01,
bf_det_k8_l4_r4_c4_m4_w12g0_d32_s2_q2,det,bruteforce,8,4,4,4,4,12,0,32,2,2,3.352000e+00,30824,18391,112,22,0,2189,2399,22,1,7.100000e+01,2.740000e+01,
bf_det_k8_l4_r4_c4_m4_w12g0_d64_s2_q2,det,bruteforce,8,4,4,4,4,12,0,64,2,2,3.352000e+00,37210,19634,112,26,0,2561,2507,26,1,7.280000e+01,2.410000e+01,
bf_det_k8_l4_r4_c4_m4_w12g4_d32_s2_q2,det,bruteforce,8,4,4,4,4,12,4,32,2,2,3.352000e+00,32105,19283,112,22,0,2189,2399,22,1,6.840000e+01,2.760000e+01,
bf_det_k8_l4_r4_c4_m4_w12g4_d64_s2_q2,det,bruteforce,8,4,4,4,4,12,4,64,2,2,3.352000e+00,38488,20526,112,26,0,2561,2507,26,1,7.150000e+01,3.030000e+01,
bf_det_k8_l4_r4_c4_m4_w12g8_d32_s2_q2,det,bruteforce,8,4,4,4,4,12,8,32,2,2,3.352000e+00,32931,20052,112,22,0,2189,2399,22,1,6.740000e+01,2.800000e+01,
bf_det_k8_l4_r4_c4_m4_w12g8_d64_s2_q2,det,bruteforce,8,4,4,4,4,12,8,64,2,2,3.352000e+00,39316,21295,112,26,0,2561,2507,26,1,7.180000e+01,2.670000e+01,
bf_det_k8_l4_r4_c4_m4_w14g0_d32_s2_q2,det,bruteforce,8,4,4,4,4,14,0,32,2,2,3.352000e+00,33004,20174,112,27,0,2189,2399,27,1,6.600000e+01,2.880000e+01,
bf_det_k8_l4_r4_c4_m4_w14g0_d64_s2_q2,det,bruteforce,8,4,4,4,4,14,0,64,2,2,3.352000e+00,40998,21448,112,31,0,2561,2507,31,1,7.010000e+01,2.650000e+01,
bf_det_k8_l4_r4_c4_m4_w14g4_d32_s2_q2,det,bruteforce,8,4,4,4,4,14,4,32,2,2,3.352000e+00,34123,20963,112,27,0,2189,2399,27,1,7.140000e+01,2.670000e+01,
bf_det_k8_l4_r4_c4_m4_w14g4_d64_s2_q2,det,bruteforce,8,4,4,4,4,14,4,64,2,2,3.352000e+00,42118,22237,112,31,0,2561,2507,31,1,6.610000e+01,2.620000e+01,
bf_det_k8_l4_r4_c4_m4_w14g8_d32_s2_q2,det,bruteforce,8,4,4,4,4,14,8,32,2,2,3.352000e+00,35020,21835,112,27,0,2189,2399,27,1,6.820000e+01,2.690000e+01,
bf_det_k8_l4_r4_c4_m4_w14g8_d64_s2_q2,det,bruteforce,8,4,4,4,4,14,8,64,2,2,3.352000e+00,43015,23109,112,31,0,2561,2507,31,1,7.110000e+01,2.860000e+01,
bf_det_k8_l4_r4_c4_m4_w16g0_d32_s2_q2,det,bruteforce,8,4,4,4,4,16,0,32,2,2,3.352000e+00,35279,21260,112,60,0,2189,2399,28,1,7.050000e+01,2.760000e+01,
bf_det_k8_l4_r4_c4_m4_w16g0_d64_s2_q2,det,bruteforce,8,4,4,4,4,16,0,64,2,2,3.352000e+00,44250,24281,112,64,0,2561,2507,32,1,7.000000e+01,2.440000e+01,
bf_det_k8_l4_r4_c4_m4_w16g4_d32_s2_q2,det,bruteforce,8,4,4,4,4,16,4,32,2,2,3.352000e+00,36357,21981,112,60,0,2189,2399,28,1,7.250000e+01,2.730000e+01,
bf_det_k8_l4_r4_c4_m4_w16g4_d64_s2_q2,det,bruteforce,8,4,4,4,4,16,4,64,2,2,3.352000e+00,45330,25002,112,64,0,2561,2507,32,1,6.760000e+01,2.760000e+01,
bf_det_k8_l4_r4_c4_m4_w16g8_d32_s2_q2,det,bruteforce,8,4,4,4,4,16,8,32,2,2,3.352000e+00,37282,23217,112,60,0,2189,2399,28,1,7.090000e+01,2.500000e+01,
bf_det_k8_l4_r4_c4_m4_w16g8_d64_s2_q2,det,bruteforce,8,4,4,4,4,16,8,64,2,2,3.352000e+00,46256,26238,112,64,0,2561,2507,32,1,6.960000e+01,2.910000e+01,
bf_det_k8_l4_r8_c4_m3_w8g0_d32_s2_q2,det,bruteforce,8,4,8,4,3,8,0,32,2,2,3.392000e+00,29736,15095,108,16,0,2189,2399,16,1,7.180000e+01,2.550000e+01,
bf_det_k8_l4_r8_c4_m3_w8g0_d64_s2_q2,det,bruteforce,8,4,8,4,3,8,0,64,2,2,3.392000e+00,34333,16455,108,20,0,2561,2507,20,1,7.240000e+01,2.620000e+01,
bf_det_k8_l4_r8_c4_m3_w8g4_d32_s2_q2,det,bruteforce,8,4,8,4,3,8,4,32,2,2,3.392000e+00,30560,15818,108,16,0,2189,2399,16,1,7.300000e+01,2.560000e+01,
bf_det_k8_l4_r8_c4_m3_w8g4_d64_s2_q2,det,bruteforce,8,4,8,4,3,8,4,64,2,2,3.392000e+00,35156,17178,108,20,0,2561,2507,20,1,7.360000e+01,2.820000e+01,
bf_det_k8_l4_r8_c4_m3_w8g8_d32_s2_q2,det,bruteforce,8,4,8,4,3,8,8,32,2,2,3.392000e+00,31621,16690,108,16,0,2189,2399,16,1,7.530000e+01,2.740000e+01,
bf_det_k8_l4_r8_c4_m3_w8g8_d64_s2_q2,det,bruteforce,8,4,8,4,3,8,8,64,2,2,3.392000e+00,36214,18050,108,20,0,2561,2507,20,1,7.650000e+01,3.030000e+01,
bf_det_k8_l4_r8_c4_m3_w10g0_d32_s2_q2,det,bruteforce,8,4,8,4,3,10,0,32,2,2,3.392000e+00,31949,17338,116,21,0,2189,2399,21,1,7.290000e+01,2.840000e+01,
bf_det_k8_l4_r8_c4_m3_w10g0_d64_s2_q2,det,bruteforce,8,4,8,4,3,10,0,64,2,2,3.392000e+00,37480,18759,116,25,0,2561,2507,25,1,7.770000e+01,2.870000e+01,
bf_det_k8_l4_r8_c4_m3_w10g4_d32_s2_q2,det,bruteforce,8,4,8,4,3,10,4,32,2,2,3.392000e+00,33166,18230,116,21,0,2189,2399,21,1,7.970000e+01,2.390000e+01,
bf_det_k8_l4_r8_c4_m3_w10g4_d64_s2_q2,det,bruteforce,8,4,8,4,3,10,4,64,2,2,3.392000e+00,38694,19651,116,25,0,2561,2507,25,1,7.640000e+01,2.830000e+01,
bf_det_k8_l4_r8_c4_m3_w10g8_d32_s2_q2,det,bruteforce,8,4,8,4,3,10,8,32,2,2,3.392000e+00,34049,19003,116,21,0,2189,2399,21,1,7.550000e+01,2.790000e+01,
bf_det_k8_l4_r8_c4_m3_w10g8_d64_s2_q2,det,bruteforce,8,4,8,4,3,10,8,64,2,2,3.392000e+00,39578,20424,116,25,0,2561,2507,25,1,7.660000e+01,2.990000e+01,
bf_det_k8_l4_r8_c4_m3_w12g0_d32_s2_q2,det,bruteforce,8,4,8,4,3,12,0,32,2,2,3.392000e+00,32818,19805,144,22,0,2189,2399,22,1,6.970000e+01,2.550000e+01,
bf_det_k8_l4_r8_c4_m3_w12g0_d64_s2_q2,det,bruteforce,8,4,8,4,3,12,0,64,2,2,3.392000e+00,39202,21048,144,26,0,2561,2507,26,1,7.330000e+01,2.410000e+01,
bf_det_k8_l4_r8_c4_m3_w12g4_d32_s2_q2,det,bruteforce,8,4,8,4,3,12,4,32,2,2,3.392000e+00,34099,20697,144,22,0,2189,2399,22,1,7.670000e+01,2.510000e+01,
bf_det_k8_l4_r8_c4_m3_w12g4_d64_s2_q2,det,bruteforce,8,4,8,4,3,12,4,64,2,2,3.392000e+00,40480,21940,144,26,0,2561,2507,26,1,7.390000e+01,2.930000e+01,
bf_det_k8_l4_r8_c4_m3_w12g8_d32_s2_q2,det,bruteforce,8,4,8,4,3,12,8,32,2,2,3.392000e+00,34925,21466,144,22,0,2189,2399,22,1,7.520000e+01,2.890000e+01,
bf_det_k8_l4_r8_c4_m3_w12g8_d64_s2_q2,det,bruteforce,8,4,8,4,3,12,8,64,2,2,3.392000e+00,41308,22709,144,26,0,2561,2507,26,1,7.490000e+01,2.870000e+01,
bf_det_k8_l4_r8_c4_m3_w14g0_d32_s2_q2,det,bruteforce,8,4,8,4,3,14,0,32,2,2,3.392000e+00,35126,21822,144,27,0,2189,2399,27,1,7.060000e+01,2.930000e+01,
bf_det_k8_l4_r8_c4_m3_w14g0_d64_s2_q2,det,bruteforce,8,4,8,4,3,14,0,64,2,2,3.392000e+00,43118,23096,144,31,0,2561,2507,31,1,7.370000e+01,2.600000e+01,
bf_det_k8_l4_r8_c4_m3_w14g4_d32_s2_q2,det,bruteforce,8,4,8,4,3,14,4,32,2,2,3.392000e+00,36245,22611,144,27,0,2189,2399,27,1,8.080000e+01,2.570000e+01,
bf_det_k8_l4_r8_c4_m3_w14g4_d64_s2_q2,det,bruteforce,8,4,8,4,3,14,4,64,2,2,3.392000e+00,44238,23885,144,31,0,2561,2507,31,1,7.780000e+01,2.850000e+01,
bf_det_k8_l4_r8_c4_m3_w14g8_d32_s2_q2,det,bruteforce,8,4,8,4,3,14,8,32,2,2,3.392000e+00,37142,23483,144,27,0,2189,2399,27,1,7.290000e+01,2.960000e+01,
bf_det_k8_l4_r8_c4_m3_w14g8_d64_s2_q2,det,bruteforce,8,4,8,4,3,14,8,64,2,2,3.392000e+00,45135,24757,144,31,0,2561,2507,31,1,7.630000e+01,3.010000e+01,
bf_det_k8_l4_r8_c4_m3_w16g0_d32_s2_q2,det,bruteforce,8,4,8,4,3,16,0,32,2,2,3.392000e+00,37529,23104,144,60,0,2189,2399,28,1,7.380000e+01,2.710000e+01,
bf_det_k8_l4_r8_c4_m3_w16g0_d64_s2_q2,det,bruteforce,8,4,8,4,3,16,0,64,2,2,3.392000e+00,46498,26125,144,64,0,2561,2507,32,1,7.220000e+01,2.470000e+01,
bf_det_k8_l4_r8_c4_m3_w16g4_d32_s2_q2,det,bruteforce,8,4,8,4,3,16,4,32,2,2,3.392000e+00,38607,23825,144,60,0,2189,2399,28,1,7.740000e+01,2.790000e+01,
bf_det_k8_l4_r8_c4_m3_w16g4_d64_s2_q2,det,bruteforce,8,4,8,4,3,16,4,64,2,2,3.392000e+00,47578,26846,144,64,0,2561,2507,32,1,7.000000e+01,2.910000e+01,
bf_det_k8_l4_r8_c4_m3_w16g8_d32_s2_q2,det,bruteforce,8,4,8,4,3,16,8,32,2,2,3.392000e+00,39532,25061,144,60,0,2189,2399,28,1,7.200000e+01,2.770000e+01,
bf_det_k8_l4_r8_c4_m3_w16g8_d64_s2_q2,det,bruteforce,8,4,8,4,3,16,8,64,2,2,3.392000e+00,48504,28082,144,64,0,2561,2507,32,1,7.260000e+01,2.870000e+01,
bf_det_k8_l4_r8_c4_m4_w8g0_d32_s2_q2,det,bruteforce,8,4,8,4,4,8,0,32,2,2,3.352000e+00,32296,16201,76,16,0,2189,2399,16,1,7.260000e+01,2.640000e+01,
bf_det_k8_l4_r8_c4_m4_w8g0_d64_s2_q2,det,bruteforce,8,4,8,4,4,8,0,64,2,2,3.352000e+00,36893,17561,76,20,0,2561,2507,20,1,7.510000e+01,2.370000e+01,
bf_det_k8_l4_r8_c4_m4_w8g4_d32_s2_q2,det,bruteforce,8,4,8,4,4,8,4,32,2,2,3.352000e+00,33120,16924,76,16,0,2189,2399,16,1,7.550000e+01,2.780000e+01,
bf_det_k8_l4_r8_c4_m4_w8g4_d64_s2_q2,det,bruteforce,8,4,8,4,4,8,4,64,2,2,3.352000e+00,37716,18284,76,20,0,2561,2507,20,1,7.470000e+01,2.850000e+01,
bf_det_k8_l4_r8_c4_m4_w8g8_d32_s2_q2,det,bruteforce,8,4,8,4,4,8,8,32,2,2,3.352000e+00,34181,17796,76,16,0,2189,2399,16,1,7.360000e+01,2.540000e+01,
bf_det_k8_l4_r8_c4_m4_w8g8_d64_s2_q2,det,bruteforce,8,4,8,4,4,8,8,64,2,2,3.352000e+00,38774,19156,76,20,0,2561,2507,20,1,7.320000e+01,2.920000e+01,
bf_det_k8_l4_r8_c4_m4_w10g0_d32_s2_q2,det,bruteforce,8,4,8,4,4,10,0,32,2,2,3.352000e+00,35917,18744,84,21,0,2189,2399,21,1,7.420000e+01,2.900000e+01,
bf_det_k8_l4_r8_c4_m4_w10g0_d64_s2_q2,det,bruteforce,8,4,8,4,4,10,0,64,2,2,3.352000e+00,41448,20165,84,25,0,2561,2507,25,1,7.040000e+01,2.800000e+01,
bf_det_k8_l4_r8_c4_m4_w10g4_d32_s2_q2,det,bruteforce,8,4,8,4,4,10,4,32,2,2,3.352000e+00,37134,19636,84,21,0,2189,2399,21,1,7.580000e+01,3.890000e+01,
bf_det_k8_l4_r8_c4_m4_w10g4_d64_s2_q2,det,bruteforce,8,4,8,4,4,10,4,64,2,2,3.352000e+00,42662,21057,84,25,0,2561,2507,25,1,7.510000e+01,2.890000e+01,
bf_det_k8_l4_r8_c4_m4_w10g8_d32_s2_q2,det,bruteforce,8,4,8,4,4,10,8,32,2,2,3.352000e+00,38017,20409,84,21,0,2189,2399,21,1,7.990000e+01,2.790000e+01,
bf_det_k8_l4_r8_c4_m4_w10g8_d64_s2_q2,det,bruteforce,8,4,8,4,4,10,8,64,2,2,3.352000e+00,43546,21830,84,25,0,2561,2507,25,1,7.540000e+01,2.690000e+01,
bf_det_k8_l4_r8_c4_m4_w12g0_d32_s2_q2,det,bruteforce,8,4,8,4,4,12,0,32,2,2,3.352000e+00,33138,21495,176,22,0,2189,2399,22,1,7.770000e+01,2.680000e+01,
bf_det_k8_l4_r8_c4_m4_w12g0_d64_s2_q2,det,bruteforce,8,4,8,4,4,12,0,64,2,2,3.352000e+00,39522,22738,176,26,0,2561,2507,26,1,7.280000e+01,2.770000e+01,
bf_det_k8_l4_r8_c4_m4_w12g4_d32_s2_q2,det,bruteforce,8,4,8,4,4,12,4,32,2,2,3.352000e+00,34419,22387,176,22,0,2189,2399,22,1,7.380000e+01,2.670000e+01,
bf_det_k8_l4_r8_c4_m4_w12g4_d64_s2_q2,det,bruteforce,8,4,8,4,4,12,4,64,2,2,3.352000e+00,40800,23630,176,26,0,2561,2507,26,1,7.600000e+01,2.910000e+01,
bf_det_k8_l4_r8_c4_m4_w12g8_d32_s2_q2,det,bruteforce,8,4,8,4,4,12,8,32,2,2,3.352000e+00,35245,23156,176,22,0,2189,2399,22,1,7.510000e+01,2.430000e+01,
bf_det_k8_l4_r8_c4_m4_w12g8_d64_s2_q2,det,bruteforce,8,4,8,4,4,12,8,64,2,2,3.352000e+00,41628,24399,176,26,0,2561,2507,26,1,7.360000e+01,2.900000e+01,
bf_det_k8_l4_r8_c4_m4_w14g0_d32_s2_q2,det,bruteforce,8,4,8,4,4,14,0,32,2,2,3.352000e+00,35446,23790,176,27,0,2189,2399,27,1,7.970000e+01,2.680000e+01,
bf_det_k8_l4_r8_c4_m4_w14g0_d64_s2_q2,det,bruteforce,8,4,8,4,4,14,0,64,2,2,3.352000e+00,43438,25064,176,31,0,2561,2507,31,1,7.340000e+01,2.890000e+01,
bf_det_k8_l4_r8_c4_m4_w14g4_d32_s2_q2,det,bruteforce,8,4,8,4,4,14,4,32,2,2,3.352000e+00,36565,24579,176,27,0,2189,2399,27,1,7.480000e+01,2.850000e+01,
bf_det_k8_l4_r8_c4_m4_w14g4_d64_s2_q2,det,bruteforce,8,4,8,4,4,14,4,64,2,2,3.352000e+00,44558,25853,176,31,0,2561,2507,31,1,7.880000e+01,2.780000e+01,
bf_det_k8_l4_r8_c4_m4_w14g8_d32_s2_q2,det,bruteforce,8,4,8,4,4,14,8,32,2,2,3.352000e+00,37462,25451,176,27,0,2189,2399,27,1,7.920000e+01,2.650000e+01,
bf_det_k8_l4_r8_c4_m4_w14g8_d64_s2_q2,det,bruteforce,8,4,8,4,4,14,8,64,2,2,3.352000e+00,45455,26725,176,31,0,2561,2507,31,1,7.060000e+01,3.590000e+01,
bf_det_k8_l4_r8_c4_m4_w16g0_d32_s2_q2,det,bruteforce,8,4,8,4,4,16,0,32,2,2,3.352000e+00,37849,25356,176,60,0,2189,2399,28,1,7.070000e+01,2.720000e+01,
bf_det_k8_l4_r8_c4_m4_w16g0_d64_s2_q2,det,bruteforce,8,4,8,4,4,16,0,64,2,2,3.352000e+00,46818,28377,176,64,0,2561,2507,32,1,7.480000e+01,2.500000e+01,
bf_det_k8_l4_r8_c4_m4_w16g4_d32_s2_q2,det,bruteforce,8,4,8,4,4,16,4,32,2,2,3.352000e+00,38927,26077,176,60,0,2189,2399,28,1,6.520000e+01,2.700000e+01,
bf_det_k8_l4_r8_c4_m4_w16g4_d64_s2_q2,det,bruteforce,8,4,8,4,4,16,4,64,2,2,3.352000e+00,47898,29098,176,64,0,2561,2507,32,1,6.190000e+01,3.560000e+01,
bf_det_k8_l4_r8_c4_m4_w16g8_d32_s2_q2,det,bruteforce,8,4,8,4,4,16,8,32,2,2,3.352000e+00,39852,27313,176,60,0,2189,2399,28,1,7.290000e+01,2.890000e+01,
bf_det_k8_l4_r8_c4_m4_w16g8_d64_s2_q2,det,bruteforce,8,4,8,4,4,16,8,64,2,2,3.352000e+00,48824,30334,176,64,0,2561,2507,32,1,6.790000e+01,2.960000e+01,
bf_det_k8_l16_r1_c16_m3_w8g0_d32_s2_q2,det,bruteforce,8,16,1,16,3,8,0,32,2,2,3.392000e+00,69834,30553,96,40,0,2189,2399,40,1,1.090000e+02,4.030000e+01,
bf_det_k8_l16_r1_c16_m3_w8g0_d64_s2_q2,det,bruteforce,8,16,1,16,3,8,0,64,2,2,3.392000e+00,80148,31785,96,44,0,2561,2507,44,1,1.235000e+02,4.020000e+01,
bf_det_k8_l16_r1_c16_m3_w8g4_d32_s2_q2,det,bruteforce,8,16,1,16,3,8,4,32,2,2,3.392000e+00,72898,33388,96,40,0,2189,2399,40,1,1.136000e+02,4.720000e+01,
bf_det_k8_l16_r1_c16_m3_w8g4_d64_s2_q2,det,bruteforce,8,16,1,16,3,8,4,64,2,2,3.392000e+00,83211,34620,96,44,0,2561,2507,44,1,1.109000e+02,4.330000e+01,
bf_det_k8_l16_r1_c16_m3_w8g8_d32_s2_q2,det,bruteforce,8,16,1,16,3,8,8,32,2,2,3.392000e+00,76683,36804,96,40,0,2189,2399,40,1,1.170000e+02,3.800000e+01,
bf_det_k8_l16_r1_c16_m3_w8g8_d64_s2_q2,det,bruteforce,8,16,1,16,3,8,8,64,2,2,3.392000e+00,86993,38036,96,44,0,2561,2507,44,1,1.091000e+02,4.760000e+01,
bf_det_k8_l16_r1_c16_m3_w10g0_d32_s2_q2,det,bruteforce,8,16,1,16,3,10,0,32,2,2,3.392000e+00,75869,35442,128,45,0,2189,2399,45,1,1.124000e+02,3.920000e+01,
bf_det_k8_l16_r1_c16_m3_w10g0_d64_s2_q2,det,bruteforce,8,16,1,16,3,10,0,64,2,2,3.392000e+00,88936,36986,128,49,0,2561,2507,49,1,1.227000e+02,3.650000e+01,
bf_det_k8_l16_r1_c16_m3_w10g4_d32_s2_q2,det,bruteforce,8,16,1,16,3,10,4,32,2,2,3.392000e+00,80386,38938,128,45,0,2189,2399,45,1,1.198000e+02,4.500000e+01,
bf_det_k8_l16_r1_c16_m3_w10g4_d64_s2_q2,det,bruteforce,8,16,1,16,3,10,4,64,2,2,3.392000e+00,93450,40482,128,49,0,2561,2507,49,1,1.233000e+02,4.130000e+01,
bf_det_k8_l16_r1_c16_m3_w10g8_d32_s2_q2,det,bruteforce,8,16,1,16,3,10,8,32,2,2,3.392000e+00,83521,41967,128,45,0,2189,2399,45,1,1.241000e+02,4.540000e+01,
bf_det_k8_l16_r1_c16_m3_w10g8_d64_s2_q2,det,bruteforce,8,16,1,16,3,10,8,64,2,2,3.392000e+00,96586,43511,128,49,0,2561,2507,49,1,1.150000e+02,4.880000e+01,
bf_det_k8_l16_r1_c16_m3_w12g0_d32_s2_q2,det,bruteforce,8,16,1,16,3,12,0,32,2,2,3.392000e+00,75604,40894,240,54,0,2189,2399,54,1,1.246000e+02,3.530000e+01,
bf_det_k8_l16_r1_c16_m3_w12g0_d64_s2_q2,det,bruteforce,8,16,1,16,3,12,0,64,2,2,3.392000e+00,91514,41970,240,58,0,2561,2507,58,1,1.252000e+02,3.890000e+01,
bf_det_k8_l16_r1_c16_m3_w12g4_d32_s2_q2,det,bruteforce,8,16,1,16,3,12,4,32,2,2,3.392000e+00,80269,44390,240,54,0,2189,2399,54,1,1.266000e+02,4.380000e+01,
bf_det_k8_l16_r1_c16_m3_w12g4_d64_s2_q2,det,bruteforce,8,16,1,16,3,12,4,64,2,2,3.392000e+00,96176,45466,240,58,0,2561,2507,58,1,1.165000e+02,4.320000e+01,
bf_det_k8_l16_r1_c16_m3_w12g8_d32_s2_q2,det,bruteforce,8,16,1,16,3,12,8,32,2,2,3.392000e+00,83215,47403,240,54,0,2189,2399,54,1,1.217000e+02,4.210000e+01,
bf_det_k8_l16_r1_c16_m3_w12g8_d64_s2_q2,det,bruteforce,8,16,1,16,3,12,8,64,2,2,3.392000e+00,99124,48479,240,58,0,2561,2507,58,1,1.147000e+02,5.040000e+01,
bf_det_k8_l16_r1_c16_m3_w14g0_d32_s2_q2,det,bruteforce,8,16,1,16,3,14,0,32,2,2,3.392000e+00,82120,46687,240,63,0,2189,2399,63,1,1.104000e+02,3.870000e+01,
bf_det_k8_l16_r1_c16_m3_w14g0_d64_s2_q2,det,bruteforce,8,16,1,16,3,14,0,64,2,2,3.392000e+00,101117,48024,240,67,0,2561,2507,67,1,1.191000e+02,4.530000e+01,
bf_det_k8_l16_r1_c16_m3_w14g4_d32_s2_q2,det,bruteforce,8,16,1,16,3,14,4,32,2,2,3.392000e+00,86199,49780,240,63,0,2189,2399,63,1,1.109000e+02,4.510000e+01,
bf_det_k8_l16_r1_c16_m3_w14g4_d64_s2_q2,det,bruteforce,8,16,1,16,3,14,4,64,2,2,3.392000e+00,105197,51117,240,67,0,2561,2507,67,1,1.169000e+02,4.530000e+01,
bf_det_k8_l16_r1_c16_m3_w14g8_d32_s2_q2,det,bruteforce,8,16,1,16,3,14,8,32,2,2,3.392000e+00,89400,53196,240,63,0,2189,2399,63,1,1.201000e+02,4.940000e+01,
bf_det_k8_l16_r1_c16_m3_w14g8_d64_s2_q2,det,bruteforce,8,16,1,16,3,14,8,64,2,2,3.392000e+00,108398,54533,240,67,0,2561,2507,67,1,1.140000e+02,5.170000e+01,
bf_det_k8_l16_r1_c16_m3_w16g0_d32_s2_q2,det,bruteforce,8,16,1,16,3,16,0,32,2,2,3.392000e+00,89753,52203,240,72,0,2189,2399,72,1,1.193000e+02,4.370000e+01,
bf_det_k8_l16_r1_c16_m3_w16g0_d64_s2_q2,det,bruteforce,8,16,1,16,3,16,0,64,2,2,3.392000e+00,111549,57574,240,76,0,2561,2507,76,1,1.110000e+02,4.350000e+01,
bf_det_k8_l16_r1_c16_m3_w16g4_d32_s2_q2,det,bruteforce,8,16,1,16,3,16,4,32,2,2,3.392000e+00,93707,55024,240,72,0,2189,2399,72,1,1.135000e+02,4.350000e+01,
bf_det_k8_l16_r1_c16_m3_w16g4_d64_s2_q2,det,bruteforce,8,16,1,16,3,16,4,64,2,2,3.392000e+00,115505,60395,240,76,0,2561,2507,76,1,1.208000e+02,4.440000e+01,
bf_det_k8_l16_r1_c16_m3_w16g8_d32_s2_q2,det,bruteforce,8,16,1,16,3,16,8,32,2,2,3.392000e+00,97020,59896,240,72,0,2189,2399,72,1,1.140000e+02,5.140000e+01,
bf_det_k8_l16_r1_c16_m3_w16g8_d64_s2_q2,det,bruteforce,8,16,1,16,3,16,8,64,2,2,3.392000e+00,118819,65267,240,76,0,2561,2507,76,1,1.123000e+02,5.330000e+01,
bf_det_k8_l16_r1_c16_m4_w8g0_d32_s2_q2,det,bruteforce,8,16,1,16,4,8,0,32,2,2,3.352000e+00,71114,31054,80,40,0,2189,2399,40,1,1.274000e+02,3.850000e+01,
bf_det_k8_l16_r1_c16_m4_w8g0_d64_s2_q2,det,bruteforce,8,16,1,16,4,8,0,64,2,2,3.352000e+00,81428,32286,80,44,0,2561,2507,44,1,1.164000e+02,4.590000e+01,
bf_det_k8_l16_r1_c16_m4_w8g4_d32_s2_q2,det,bruteforce,8,16,1,16,4,8,4,32,2,2,3.352000e+00,74178,33889,80,40,0,2189,2399,40,1,1.139000e+02,4.680000e+01,
bf_det_k8_l16_r1_c16_m4_w8g4_d64_s2_q2,det,bruteforce,8,16,1,16,4,8,4,64,2,2,3.352000e+00,84491,35121,80,44,0,2561,2507,44,1,1.162000e+02,4.490000e+01,
bf_det_k8_l16_r1_c16_m4_w8g8_d32_s2_q2,det,bruteforce,8,16,1,16,4,8,8,32,2,2,3.352000e+00,77963,37305,80,40,0,2189,2399,40,1,1.148000e+02,5.060000e+01,
bf_det_k8_l16_r1_c16_m4_w8g8_d64_s2_q2,det,bruteforce,8,16,1,16,4,8,8,64,2,2,3.352000e+00,88273,38537,80,44,0,2561,2507,44,1,1.111000e+02,5.450000e+01,
bf_det_k8_l16_r1_c16_m4_w10g0_d32_s2_q2,det,bruteforce,8,16,1,16,4,10,0,32,2,2,3.352000e+00,77853,36069,112,45,0,2189,2399,45,1,1.204000e+02,3.560000e+01,
bf_det_k8_l16_r1_c16_m4_w10g0_d64_s2_q2,det,bruteforce,8,16,1,16,4,10,0,64,2,2,3.352000e+00,90920,37613,112,49,0,2561,2507,49,1,1.092000e+02,5.210000e+01,
bf_det_k8_l16_r1_c16_m4_w10g4_d32_s2_q2,det,bruteforce,8,16,1,16,4,10,4,32,2,2,3.352000e+00,82370,39565,112,45,0,2189,2399,45,1,1.090000e+02,4.920000e+01,
bf_det_k8_l16_r1_c16_m4_w10g4_d64_s2_q2,det,bruteforce,8,16,1,16,4,10,4,64,2,2,3.352000e+00,95434,41109,112,49,0,2561,2507,49,1,1.241000e+02,4.460000e+01,
bf_det_k8_l16_r1_c16_m4_w10g8_d32_s2_q2,det,bruteforce,8,16,1,16,4,10,8,32,2,2,3.352000e+00,85505,42594,112,45,0,2189,2399,45,1,1.134000e+02,5.400000e+01,
bf_det_k8_l16_r1_c16_m4_w10g8_d64_s2_q2,det,bruteforce,8,16,1,16,4,10,8,64,2,2,3.352000e+00,98570,44138,112,49,0,2561,2507,49,1,1.158000e+02,4.960000e+01,
bf_det_k8_l16_r1_c16_m4_w12g0_d32_s2_q2,det,bruteforce,8,16,1,16,4,12,0,32,2,2,3.352000e+00,75764,41647,256,54,0,2189,2399,54,1,1.231000e+02,3.700000e+01,
bf_det_k8_l16_r1_c16_m4_w12g0_d64_s2_q2,det,bruteforce,8,16,1,16,4,12,0,64,2,2,3.352000e+00,91674,42723,256,58,0,2561,2507,58,1,1.100000e+02,5.260000e+01,
bf_det_k8_l16_r1_c16_m4_w12g4_d32_s2_q2,det,bruteforce,8,16,1,16,4,12,4,32,2,2,3.352000e+00,80429,45143,256,54,0,2189,2399,54,1,1.140000e+02,4.860000e+01,
bf_det_k8_l16_r1_c16_m4_w12g4_d64_s2_q2,det,bruteforce,8,16,1,16,4,12,4,64,2,2,3.352000e+00,96336,46219,256,58,0,2561,2507,58,1,1.257000e+02,4.420000e+01,
bf_det_k8_l16_r1_c16_m4_w12g8_d32_s2_q2,det,bruteforce,8,16,1,16,4,12,8,32,2,2,3.352000e+00,83375,48156,256,54,0,2189,2399,54,1,1.087000e+02,5.250000e+01,
bf_det_k8_l16_r1_c16_m4_w12g8_d64_s2_q2,det,bruteforce,8,16,1,16,4,12,8,64,2,2,3.352000e+00,99284,49232,256,58,0,2561,2507,58,1,1.134000e+02,5.140000e+01,
bf_det_k8_l16_r1_c16_m4_w14g0_d32_s2_q2,det,bruteforce,8,16,1,16,4,14,0,32,2,2,3.352000e+00,82280,47560,256,63,0,2189,2399,63,1,1.274000e+02,3.780000e+01,
bf_det_k8_l16_r1_c16_m4_w14g0_d64_s2_q2,det,bruteforce,8,16,1,16,4,14,0,64,2,2,3.352000e+00,101277,48897,256,67,0,2561,2507,67,1,1.085000e+02,5.420000e+01,
bf_det_k8_l16_r1_c16_m4_w14g4_d32_s2_q2,det,bruteforce,8,16,1,16,4,14,4,32,2,2,3.352000e+00,86359,50653,256,63,0,2189,2399,63,1,1.158000e+02,4.930000e+01,
bf_det_k8_l16_r1_c16_m4_w14g4_d64_s2_q2,det,bruteforce,8,16,1,16,4,14,4,64,2,2,3.352000e+00,105357,51990,256,67,0,2561,2507,67,1,1.227000e+02,4.450000e+01,
bf_det_k8_l16_r1_c16_m4_w14g8_d32_s2_q2,det,bruteforce,8,16,1,16,4,14,8,32,2,2,3.352000e+00,89560,54069,256,63,0,2189,2399,63,1,1.140000e+02,5.300000e+01,
bf_det_k8_l16_r1_c16_m4_w14g8_d64_s2_q2,det,bruteforce,8,16,1,16,4,14,8,64,2,2,3.352000e+00,108558,55406,256,67,0,2561,2507,67,1,1.165000e+02,5.250000e+01,
bf_det_k8_l16_r1_c16_m4_w16g0_d32_s2_q2,det,bruteforce,8,16,1,16,4,16,0,32,2,2,3.352000e+00,89913,53202,256,72,0,2189,2399,72,1,1.265000e+02,3.840000e+01,
bf_det_k8_l16_r1_c16_m4_w16g0_d64_s2_q2,det,bruteforce,8,16,1,16,4,16,0,64,2,2,3.352000e+00,111709,58573,256,76,0,2561,2507,76,1,1.144000e+02,5.290000e+01,
bf_det_k8_l16_r1_c16_m4_w16g4_d32_s2_q2,det,bruteforce,8,16,1,16,4,16,4,32,2,2,3.352000e+00,93867,56023,256,72,0,2189,2399,72,1,1.126000e+02,4.460000e+01,
bf_det_k8_l16_r1_c16_m4_w16g4_d64_s2_q2,det,bruteforce,8,16,1,16,4,16,4,64,2,2,3.352000e+00,115665,61394,256,76,0,2561,2507,76,1,1.208000e+02,3.660000e+01,
bf_det_k8_l16_r1_c16_m4_w16g8_d32_s2_q2,det,bruteforce,8,16,1,16,4,16,8,32,2,2,3.352000e+00,97180,60895,256,72,0,2189,2399,72,1,1.055000e+02,5.410000e+01,
bf_det_k8_l16_r1_c16_m4_w16g8_d64_s2_q2,det,bruteforce,8,16,1,16,4,16,8,64,2,2,3.352000e+00,118979,66266,256,76,0,2561,2507,76,1,1.155000e+02,4.870000e+01,
bf_det_k8_l16_r4_c16_m3_w8g0_d32_s2_q2,det,bruteforce,8,16,4,16,3,8,0,32,2,2,3.392000e+00,75725,35233,240,40,0,2189,2399,40,1,1.417000e+02,3.620000e+01,
bf_det_k8_l16_r4_c16_m3_w8g0_d64_s2_q2,det,bruteforce,8,16,4,16,3,8,0,64,2,2,3.392000e+00,86038,36465,240,44,0,2561,2507,44,1,1.326000e+02,4.880000e+01,
bf_det_k8_l16_r4_c16_m3_w8g4_d32_s2_q2,det,bruteforce,8,16,4,16,3,8,4,32,2,2,3.392000e+00,78789,38068,240,40,0,2189,2399,40,1,1.407000e+02,4.170000e+01,
bf_det_k8_l16_r4_c16_m3_w8g4_d64_s2_q2,det,bruteforce,8,16,4,16,3,8,4,64,2,2,3.392000e+00,89101,39300,240,44,0,2561,2507,44,1,1.463000e+02,3.680000e+01,
bf_det_k8_l16_r4_c16_m3_w8g8_d32_s2_q2,det,bruteforce,8,16,4,16,3,8,8,32,2,2,3.392000e+00,82574,41484,240,40,0,2189,2399,40,1,1.238000e+02,5.240000e+01,
bf_det_k8_l16_r4_c16_m3_w8g8_d64_s2_q2,det,bruteforce,8,16,4,16,3,8,8,64,2,2,3.392000e+00,92883,42716,240,44,0,2561,2507,44,1,1.292000e+02,5.030000e+01,
bf_det_k8_l16_r4_c16_m3_w10g0_d32_s2_q2,det,bruteforce,8,16,4,16,3,10,0,32,2,2,3.392000e+00,82172,41182,272,45,0,2189,2399,45,1,1.381000e+02,3.800000e+01,
bf_det_k8_l16_r4_c16_m3_w10g0_d64_s2_q2,det,bruteforce,8,16,4,16,3,10,0,64,2,2,3.392000e+00,95238,42726,272,49,0,2561,2507,49,1,1.296000e+02,4.990000e+01,
bf_det_k8_l16_r4_c16_m3_w10g4_d32_s2_q2,det,bruteforce,8,16,4,16,3,10,4,32,2,2,3.392000e+00,86689,44678,272,45,0,2189,2399,45,1,1.449000e+02,3.720000e+01,
bf_det_k8_l16_r4_c16_m3_w10g4_d64_s2_q2,det,bruteforce,8,16,4,16,3,10,4,64,2,2,3.392000e+00,99752,46222,272,49,0,2561,2507,49,1,1.452000e+02,3.770000e+01,
bf_det_k8_l16_r4_c16_m3_w10g8_d32_s2_q2,det,bruteforce,8,16,4,16,3,10,8,32,2,2,3.392000e+00,89824,47707,272,45,0,2189,2399,45,1,1.348000e+02,4.720000e+01,
bf_det_k8_l16_r4_c16_m3_w10g8_d64_s2_q2,det,bruteforce,8,16,4,16,3,10,8,64,2,2,3.392000e+00,102888,49251,272,49,0,2561,2507,49,1,1.330000e+02,4.690000e+01,
bf_det_k8_l16_r4_c16_m3_w12g0_d32_s2_q2,det,bruteforce,8,16,4,16,3,12,0,32,2,2,3.392000e+00,82305,47694,384,54,0,2189,2399,54,1,1.407000e+02,3.670000e+01,
bf_det_k8_l16_r4_c16_m3_w12g0_d64_s2_q2,det,bruteforce,8,16,4,16,3,12,0,64,2,2,3.392000e+00,98214,48770,384,58,0,2561,2507,58,1,1.311000e+02,4.870000e+01,
bf_det_k8_l16_r4_c16_m3_w12g4_d32_s2_q2,det,bruteforce,8,16,4,16,3,12,4,32,2,2,3.392000e+00,86970,51190,384,54,0,2189,2399,54,1,1.427000e+02,3.750000e+01,
bf_det_k8_l16_r4_c16_m3_w12g4_d64_s2_q2,det,bruteforce,8,16,4,16,3,12,4,64,2,2,3.392000e+00,102876,52266,384,58,0,2561,2507,58,1,1.499000e+02,4.440000e+01,
bf_det_k8_l16_r4_c16_m3_w12g8_d32_s2_q2,det,bruteforce,8,16,4,16,3,12,8,32,2,2,3.392000e+00,89916,54203,384,54,0,2189,2399,54,1,1.385000e+02,4.600000e+01,
bf_det_k8_l16_r4_c16_m3_w12g8_d64_s2_q2,det,bruteforce,8,16,4,16,3,12,8,64,2,2,3.392000e+00,105824,55279,384,58,0,2561,2507,58,1,1.333000e+02,4.320000e+01,
bf_det_k8_l16_r4_c16_m3_w14g0_d32_s2_q2,det,bruteforce,8,16,4,16,3,14,0,32,2,2,3.392000e+00,89247,54483,384,63,0,2189,2399,63,1,1.440000e+02,3.700000e+01,
bf_det_k8_l16_r4_c16_m3_w14g0_d64_s2_q2,det,bruteforce,8,16,4,16,3,14,0,64,2,2,3.392000e+00,108243,55820,384,67,0,2561,2507,67,1,1.253000e+02,4.670000e+01,
bf_det_k8_l16_r4_c16_m3_w14g4_d32_s2_q2,det,bruteforce,8,16,4,16,3,14,4,32,2,2,3.392000e+00,93326,57576,384,63,0,2189,2399,63,1,1.427000e+02,3.810000e+01,
bf_det_k8_l16_r4_c16_m3_w14g4_d64_s2_q2,det,bruteforce,8,16,4,16,3,14,4,64,2,2,3.392000e+00,112323,58913,384,67,0,2561,2507,67,1,1.323000e+02,4.690000e+01,
bf_det_k8_l16_r4_c16_m3_w14g8_d32_s2_q2,det,bruteforce,8,16,4,16,3,14,8,32,2,2,3.392000e+00,96527,60992,384,63,0,2189,2399,63,1,1.421000e+02,4.390000e+01,
bf_det_k8_l16_r4_c16_m3_w14g8_d64_s2_q2,det,bruteforce,8,16,4,16,3,14,8,64,2,2,3.392000e+00,115524,62329,384,67,0,2561,2507,67,1,1.289000e+02,4.770000e+01,
bf_det_k8_l16_r4_c16_m3_w16g0_d32_s2_q2,det,bruteforce,8,16,4,16,3,16,0,32,2,2,3.392000e+00,97292,61123,384,72,0,2189,2399,72,1,1.414000e+02,3.810000e+01,
bf_det_k8_l16_r4_c16_m3_w16g0_d64_s2_q2,det,bruteforce,8,16,4,16,3,16,0,64,2,2,3.392000e+00,119087,66494,384,76,0,2561,2507,76,1,1.327000e+02,4.900000e+01,
bf_det_k8_l16_r4_c16_m3_w16g4_d32_s2_q2,det,bruteforce,8,16,4,16,3,16,4,32,2,2,3.392000e+00,101246,63944,384,72,0,2189,2399,72,1,1.349000e+02,4.170000e+01,
bf_det_k8_l16_r4_c16_m3_w16g4_d64_s2_q2,det,bruteforce,8,16,4,16,3,16,4,64,2,2,3.392000e+00,123043,69315,384,76,0,2561,2507,76,1,1.338000e+02,4.400000e+01,
bf_det_k8_l16_r4_c16_m3_w16g8_d32_s2_q2,det,bruteforce,8,16,4,16,3,16,8,32,2,2,3.392000e+00,104559,68816,384,72,0,2189,2399,72,1,1.376000e+02,3.880000e+01,
bf_det_k8_l16_r4_c16_m3_w16g8_d64_s2_q2,det,bruteforce,8,16,4,16,3,16,8,64,2,2,3.392000e+00,126357,74187,384,76,0,2561,2507,76,1,1.298000e+02,4.630000e+01,
bf_det_k8_l16_r4_c16_m4_w8g0_d32_s2_q2,det,bruteforce,8,16,4,16,4,8,0,32,2,2,3.352000e+00,80845,37604,176,40,0,2189,2399,40,1,1.401000e+02,3.750000e+01,
bf_det_k8_l16_r4_c16_m4_w8g0_d64_s2_q2,det,bruteforce,8,16,4,16,4,8,0,64,2,2,3.352000e+00,91158,38836,176,44,0,2561,2507,44,1,1.173000e+02,3.550000e+01,
bf_det_k8_l16_r4_c16_m4_w8g4_d32_s2_q2,det,bruteforce,8,16,4,16,4,8,4,32,2,2,3.352000e+00,83909,40439,176,40,0,2189,2399,40,1,1.265000e+02,4.370000e+01,
bf_det_k8_l16_r4_c16_m4_w8g4_d64_s2_q2,det,bruteforce,8,16,4,16,4,8,4,64,2,2,3.352000e+00,94221,41671,176,44,0,2561,2507,44,1,1.334000e+02,4.780000e+01,
bf_det_k8_l16_r4_c16_m4_w8g8_d32_s2_q2,det,bruteforce,8,16,4,16,4,8,8,32,2,2,3.352000e+00,87694,43855,176,40,0,2189,2399,40,1,1.323000e+02,4.040000e+01,
bf_det_k8_l16_r4_c16_m4_w8g8_d64_s2_q2,det,bruteforce,8,16,4,16,4,8,8,64,2,2,3.352000e+00,98003,45087,176,44,0,2561,2507,44,1,1.260000e+02,4.600000e+01,
bf_det_k8_l16_r4_c16_m4_w10g0_d32_s2_q2,det,bruteforce,8,16,4,16,4,10,0,32,2,2,3.352000e+00,90108,44145,208,45,0,2189,2399,45,1,1.340000e+02,3.480000e+01,
bf_det_k8_l16_r4_c16_m4_w10g0_d64_s2_q2,det,bruteforce,8,16,4,16,4,10,0,64,2,2,3.352000e+00,103174,45689,208,49,0,2561,2507,49,1,1.196000e+02,4.640000e+01,
bf_det_k8_l16_r4_c16_m4_w10g4_d32_s2_q2,det,bruteforce,8,16,4,16,4,10,4,32,2,2,3.352000e+00,94625,47641,208,45,0,2189,2399,45,1,1.297000e+02,4.420000e+01,
bf_det_k8_l16_r4_c16_m4_w10g4_d64_s2_q2,det,bruteforce,8,16,4,16,4,10,4,64,2,2,3.352000e+00,107688,49185,208,49,0,2561,2507,49,1,1.295000e+02,4.920000e+01,
bf_det_k8_l16_r4_c16_m4_w10g8_d32_s2_q2,det,bruteforce,8,16,4,16,4,10,8,32,2,2,3.352000e+00,97760,50670,208,45,0,2189,2399,45,1,1.414000e+02,3.830000e+01,
bf_det_k8_l16_r4_c16_m4_w10g8_d64_s2_q2,det,bruteforce,8,16,4,16,4,10,8,64,2,2,3.352000e+00,110824,52214,208,49,0,2561,2507,49,1,1.295000e+02,4.420000e+01,
bf_det_k8_l16_r4_c16_m4_w12g0_d32_s2_q2,det,bruteforce,8,16,4,16,4,12,0,32,2,2,3.352000e+00,82945,51249,448,54,0,2189,2399,54,1,1.411000e+02,3.840000e+01,
bf_det_k8_l16_r4_c16_m4_w12g0_d64_s2_q2,det,bruteforce,8,16,4,16,4,12,0,64,2,2,3.352000e+00,98854,52325,448,58,0,2561,2507,58,1,1.246000e+02,4.320000e+01,
bf_det_k8_l16_r4_c16_m4_w12g4_d32_s2_q2,det,bruteforce,8,16,4,16,4,12,4,32,2,2,3.352000e+00,87610,54745,448,54,0,2189,2399,54,1,1.365000e+02,4.500000e+01,
bf_det_k8_l16_r4_c16_m4_w12g4_d64_s2_q2,det,bruteforce,8,16,4,16,4,12,4,64,2,2,3.352000e+00,103516,55821,448,58,0,2561,2507,58,1,1.266000e+02,4.490000e+01,
bf_det_k8_l16_r4_c16_m4_w12g8_d32_s2_q2,det,bruteforce,8,16,4,16,4,12,8,32,2,2,3.352000e+00,90556,57758,448,54,0,2189,2399,54,1,1.461000e+02,3.680000e+01,
bf_det_k8_l16_r4_c16_m4_w12g8_d64_s2_q2,det,bruteforce,8,16,4,16,4,12,8,64,2,2,3.352000e+00,106464,58834,448,58,0,2561,2507,58,1,1.339000e+02,4.560000e+01,
bf_det_k8_l16_r4_c16_m4_w14g0_d32_s2_q2,det,bruteforce,8,16,4,16,4,14,0,32,2,2,3.352000e+00,89887,58623,448,63,0,2189,2399,63,1,1.374000e+02,3.570000e+01,
bf_det_k8_l16_r4_c16_m4_w14g0_d64_s2_q2,det,bruteforce,8,16,4,16,4,14,0,64,2,2,3.352000e+00,108883,59960,448,67,0,2561,2507,67,1,1.308000e+02,4.270000e+01,
bf_det_k8_l16_r4_c16_m4_w14g4_d32_s2_q2,det,bruteforce,8,16,4,16,4,14,4,32,2,2,3.352000e+00,93966,61716,448,63,0,2189,2399,63,1,1.308000e+02,5.220000e+01,
bf_det_k8_l16_r4_c16_m4_w14g4_d64_s2_q2,det,bruteforce,8,16,4,16,4,14,4,64,2,2,3.352000e+00,112963,63053,448,67,0,2561,2507,67,1,1.336000e+02,4.550000e+01,
bf_det_k8_l16_r4_c16_m4_w14g8_d32_s2_q2,det,bruteforce,8,16,4,16,4,14,8,32,2,2,3.352000e+00,97167,65132,448,63,0,2189,2399,63,1,1.414000e+02,3.460000e+01,
bf_det_k8_l16_r4_c16_m4_w14g8_d64_s2_q2,det,bruteforce,8,16,4,16,4,14,8,64,2,2,3.352000e+00,116164,66469,448,67,0,2561,2507,67,1,1.179000e+02,6.080000e+01,
bf_det_k8_l16_r4_c16_m4_w16g0_d32_s2_q2,det,bruteforce,8,16,4,16,4,16,0,32,2,2,3.352000e+00,97932,65855,448,72,0,2189,2399,72,1,1.302000e+02,4.290000e+01,
bf_det_k8_l16_r4_c16_m4_w16g0_d64_s2_q2,det,bruteforce,8,16,4,16,4,16,0,64,2,2,3.352000e+00,119727,71226,448,76,0,2561,2507,76,1,1.222000e+02,5.940000e+01,
bf_det_k8_l16_r4_c16_m4_w16g4_d32_s2_q2,det,bruteforce,8,16,4,16,4,16,4,32,2,2,3.352000e+00,101886,68676,448,72,0,2189,2399,72,1,1.258000e+02,4.410000e+01,
bf_det_k8_l16_r4_c16_m4_w16g4_d64_s2_q2,det,bruteforce,8,16,4,16,4,16,4,64,2,2,3.352000e+00,123683,74047,448,76,0,2561,2507,76,1,1.335000e+02,3.520000e+01,
bf_det_k8_l16_r4_c16_m4_w16g8_d32_s2_q2,det,bruteforce,8,16,4,16,4,16,8,32,2,2,3.352000e+00,105199,73548,448,72,0,2189,2399,72,1,1.434000e+02,3.510000e+01,
bf_det_k8_l16_r4_c16_m4_w16g8_d64_s2_q2,det,bruteforce,8,16,4,16,4,16,8,64,2,2,3.352000e+00,126997,78919,448,76,0,2561,2507,76,1,1.238000e+02,3.680000e+01,
bf_det_k8_l16_r8_c16_m3_w8g0_d32_s2_q2,det,bruteforce,8,16,8,16,3,8,0,32,2,2,3.392000e+00,83264,41372,432,40,0,2189,2399,40,1,1.824000e+02,5.740000e+01,
bf_det_k8_l16_r8_c16_m3_w8g0_d64_s2_q2,det,bruteforce,8,16,8,16,3,8,0,64,2,2,3.392000e+00,93575,42604,432,44,0,2561,2507,44,1,1.769000e+02,4.770000e+01,
bf_det_k8_l16_r8_c16_m3_w8g4_d32_s2_q2,det,bruteforce,8,16,8,16,3,8,4,32,2,2,3.392000e+00,86328,44207,432,40,0,2189,2399,40,1,1.824000e+02,3.700000e+01,
bf_det_k8_l16_r8_c16_m3_w8g4_d64_s2_q2,det,bruteforce,8,16,8,16,3,8,4,64,2,2,3.392000e+00,96638,45439,432,44,0,2561,2507,44,1,1.914000e+02,4.070000e+01,
bf_det_k8_l16_r8_c16_m3_w8g8_d32_s2_q2,det,bruteforce,8,16,8,16,3,8,8,32,2,2,3.392000e+00,90113,47623,432,40,0,2189,2399,40,1,1.887000e+02,4.450000e+01,
bf_det_k8_l16_r8_c16_m3_w8g8_d64_s2_q2,det,bruteforce,8,16,8,16,3,8,8,64,2,2,3.392000e+00,100420,48855,432,44,0,2561,2507,44,1,1.905000e+02,4.010000e+01,
bf_det_k8_l16_r8_c16_m3_w10g0_d32_s2_q2,det,bruteforce,8,16,8,16,3,10,0,32,2,2,3.392000e+00,90223,48729,464,45,0,2189,2399,45,1,1.782000e+02,5.190000e+01,
bf_det_k8_l16_r8_c16_m3_w10g0_d64_s2_q2,det,bruteforce,8,16,8,16,3,10,0,64,2,2,3.392000e+00,103287,50273,464,49,0,2561,2507,49,1,1.812000e+02,5.010000e+01,
bf_det_k8_l16_r8_c16_m3_w10g4_d32_s2_q2,det,bruteforce,8,16,8,16,3,10,4,32,2,2,3.392000e+00,94740,52225,464,45,0,2189,2399,45,1,1.892000e+02,3.990000e+01,
bf_det_k8_l16_r8_c16_m3_w10g4_d64_s2_q2,det,bruteforce,8,16,8,16,3,10,4,64,2,2,3.392000e+00,107801,53769,464,49,0,2561,2507,49,1,1.948000e+02,4.150000e+01,
bf_det_k8_l16_r8_c16_m3_w10g8_d32_s2_q2,det,bruteforce,8,16,8,16,3,10,8,32,2,2,3.392000e+00,97875,55254,464,45,0,2189,2399,45,1,1.911000e+02,4.080000e+01,
bf_det_k8_l16_r8_c16_m3_w10g8_d64_s2_q2,det,bruteforce,8,16,8,16,3,10,8,64,2,2,3.392000e+00,110937,56798,464,49,0,2561,2507,49,1,1.931000e+02,5.940000e+01,
bf_det_k8_l16_r8_c16_m3_w12g0_d32_s2_q2,det,bruteforce,8,16,8,16,3,12,0,32,2,2,3.392000e+00,90868,56649,576,54,0,2189,2399,54,1,1.797000e+02,4.960000e+01,
bf_det_k8_l16_r8_c16_m3_w12g0_d64_s2_q2,det,bruteforce,8,16,8,16,3,12,0,64,2,2,3.392000e+00,106775,57725,576,58,0,2561,2507,58,1,1.941000e+02,4.450000e+01,
bf_det_k8_l16_r8_c16_m3_w12g4_d32_s2_q2,det,bruteforce,8,16,8,16,3,12,4,32,2,2,3.392000e+00,95533,60145,576,54,0,2189,2399,54,1,1.921000e+02,4.110000e+01,
bf_det_k8_l16_r8_c16_m3_w12g4_d64_s2_q2,det,bruteforce,8,16,8,16,3,12,4,64,2,2,3.392000e+00,111437,61221,576,58,0,2561,2507,58,1,1.896000e+02,3.890000e+01,
bf_det_k8_l16_r8_c16_m3_w12g8_d32_s2_q2,det,bruteforce,8,16,8,16,3,12,8,32,2,2,3.392000e+00,98479,63158,576,54,0,2189,2399,54,1,1.884000e+02,4.230000e+01,
bf_det_k8_l16_r8_c16_m3_w12g8_d64_s2_q2,det,bruteforce,8,16,8,16,3,12,8,64,2,2,3.392000e+00,114385,64234,576,58,0,2561,2507,58,1,1.957000e+02,3.750000e+01,
bf_det_k8_l16_r8_c16_m3_w14g0_d32_s2_q2,det,bruteforce,8,16,8,16,3,14,0,32,2,2,3.392000e+00,98322,64910,576,63,0,2189,2399,63,1,1.675000e+02,4.810000e+01,
bf_det_k8_l16_r8_c16_m3_w14g0_d64_s2_q2,det,bruteforce,8,16,8,16,3,14,0,64,2,2,3.392000e+00,117316,66247,576,67,0,2561,2507,67,1,1.756000e+02,4.370000e+01,
bf_det_k8_l16_r8_c16_m3_w14g4_d32_s2_q2,det,bruteforce,8,16,8,16,3,14,4,32,2,2,3.392000e+00,102401,68003,576,63,0,2189,2399,63,1,1.848000e+02,4.170000e+01,
bf_det_k8_l16_r8_c16_m3_w14g4_d64_s2_q2,det,bruteforce,8,16,8,16,3,14,4,64,2,2,3.392000e+00,121396,69340,576,67,0,2561,2507,67,1,1.859000e+02,4.460000e+01,
bf_det_k8_l16_r8_c16_m3_w14g8_d32_s2_q2,det,bruteforce,8,16,8,16,3,14,8,32,2,2,3.392000e+00,105602,71419,576,63,0,2189,2399,63,1,1.854000e+02,4.050000e+01,
bf_det_k8_l16_r8_c16_m3_w14g8_d64_s2_q2,det,bruteforce,8,16,8,16,3,14,8,64,2,2,3.392000e+00,124597,72756,576,67,0,2561,2507,67,1,1.826000e+02,4.100000e+01,
bf_det_k8_l16_r8_c16_m3_w16g0_d32_s2_q2,det,bruteforce,8,16,8,16,3,16,0,32,2,2,3.392000e+00,106879,72894,576,72,0,2189,2399,72,1,1.740000e+02,4.690000e+01,
bf_det_k8_l16_r8_c16_m3_w16g0_d64_s2_q2,det,bruteforce,8,16,8,16,3,16,0,64,2,2,3.392000e+00,128672,78265,576,76,0,2561,2507,76,1,1.662000e+02,4.290000e+01,
bf_det_k8_l16_r8_c16_m3_w16g4_d32_s2_q2,det,bruteforce,8,16,8,16,3,16,4,32,2,2,3.392000e+00,110833,75715,576,72,0,2189,2399,72,1,1.724000e+02,4.270000e+01,
bf_det_k8_l16_r8_c16_m3_w16g4_d64_s2_q2,det,bruteforce,8,16,8,16,3,16,4,64,2,2,3.392000e+00,132628,81086,576,76,0,2561,2507,76,1,1.718000e+02,4.150000e+01,
bf_det_k8_l16_r8_c16_m3_w16g8_d32_s2_q2,det,bruteforce,8,16,8,16,3,16,8,32,2,2,3.392000e+00,114146,80587,576,72,0,2189,2399,72,1,1.814000e+02,4.310000e+01,
bf_det_k8_l16_r8_c16_m3_w16g8_d64_s2_q2,det,bruteforce,8,16,8,16,3,16,8,64,2,2,3.392000e+00,135942,85958,576,76,0,2561,2507,76,1,1.774000e+02,4.440000e+01,
bf_det_k8_l16_r8_c16_m4_w8g0_d32_s2_q2,det,bruteforce,8,16,8,16,4,8,0,32,2,2,3.352000e+00,93504,46216,304,40,0,2189,2399,40,1,1.681000e+02,4.650000e+01,
bf_det_k8_l16_r8_c16_m4_w8g0_d64_s2_q2,det,bruteforce,8,16,8,16,4,8,0,64,2,2,3.352000e+00,103815,47448,304,44,0,2561,2507,44,1,1.773000e+02,5.400000e+01,
bf_det_k8_l16_r8_c16_m4_w8g4_d32_s2_q2,det,bruteforce,8,16,8,16,4,8,4,32,2,2,3.352000e+00,96568,49051,304,40,0,2189,2399,40,1,1.765000e+02,4.600000e+01,
bf_det_k8_l16_r8_c16_m4_w8g4_d64_s2_q2,det,bruteforce,8,16,8,16,4,8,4,64,2,2,3.352000e+00,106878,50283,304,44,0,2561,2507,44,1,1.797000e+02,3.890000e+01,
bf_det_k8_l16_r8_c16_m4_w8g8_d32_s2_q2,det,bruteforce,8,16,8,16,4,8,8,32,2,2,3.352000e+00,100353,52467,304,40,0,2189,2399,40,1,1.740000e+02,4.060000e+01,
bf_det_k8_l16_r8_c16_m4_w8g8_d64_s2_q2,det,bruteforce,8,16,8,16,4,8,8,64,2,2,3.352000e+00,110660,53699,304,44,0,2561,2507,44,1,1.684000e+02,4.480000e+01,
bf_det_k8_l16_r8_c16_m4_w10g0_d32_s2_q2,det,bruteforce,8,16,8,16,4,10,0,32,2,2,3.352000e+00,106095,54805,336,45,0,2189,2399,45,1,1.777000e+02,5.040000e+01,
bf_det_k8_l16_r8_c16_m4_w10g0_d64_s2_q2,det,bruteforce,8,16,8,16,4,10,0,64,2,2,3.352000e+00,119159,56349,336,49,0,2561,2507,49,1,1.686000e+02,5.050000e+01,
bf_det_k8_l16_r8_c16_m4_w10g4_d32_s2_q2,det,bruteforce,8,16,8,16,4,10,4,32,2,2,3.352000e+00,110612,58301,336,45,0,2189,2399,45,1,1.794000e+02,4.580000e+01,
bf_det_k8_l16_r8_c16_m4_w10g4_d64_s2_q2,det,bruteforce,8,16,8,16,4,10,4,64,2,2,3.352000e+00,123673,59845,336,49,0,2561,2507,49,1,1.854000e+02,4.690000e+01,
bf_det_k8_l16_r8_c16_m4_w10g8_d32_s2_q2,det,bruteforce,8,16,8,16,4,10,8,32,2,2,3.352000e+00,113747,61330,336,45,0,2189,2399,45,1,1.860000e+02,4.030000e+01,
bf_det_k8_l16_r8_c16_m4_w10g8_d64_s2_q2,det,bruteforce,8,16,8,16,4,10,8,64,2,2,3.352000e+00,126809,62874,336,49,0,2561,2507,49,1,1.765000e+02,4.600000e+01,
bf_det_k8_l16_r8_c16_m4_w12g0_d32_s2_q2,det,bruteforce,8,16,8,16,4,12,0,32,2,2,3.352000e+00,92148,63941,704,54,0,2189,2399,54,1,1.686000e+02,5.050000e+01,
bf_det_k8_l16_r8_c16_m4_w12g0_d64_s2_q2,det,bruteforce,8,16,8,16,4,12,0,64,2,2,3.352000e+00,108055,65017,704,58,0,2561,2507,58,1,1.712000e+02,5.090000e+01,
bf_det_k8_l16_r8_c16_m4_w12g4_d32_s2_q2,det,bruteforce,8,16,8,16,4,12,4,32,2,2,3.352000e+00,96813,67437,704,54,0,2189,2399,54,1,1.693000e+02,4.330000e+01,
bf_det_k8_l16_r8_c16_m4_w12g4_d64_s2_q2,det,bruteforce,8,16,8,16,4,12,4,64,2,2,3.352000e+00,112717,68513,704,58,0,2561,2507,58,1,1.712000e+02,4.150000e+01,
bf_det_k8_l16_r8_c16_m4_w12g8_d32_s2_q2,det,bruteforce,8,16,8,16,4,12,8,32,2,2,3.352000e+00,99759,70450,704,54,0,2189,2399,54,1,1.871000e+02,3.910000e+01,
bf_det_k8_l16_r8_c16_m4_w12g8_d64_s2_q2,det,bruteforce,8,16,8,16,4,12,8,64,2,2,3.352000e+00,115665,71526,704,58,0,2561,2507,58,1,1.864000e+02,4.420000e+01,
bf_det_k8_l16_r8_c16_m4_w14g0_d32_s2_q2,det,bruteforce,8,16,8,16,4,14,0,32,2,2,3.352000e+00,99602,73418,704,63,0,2189,2399,63,1,1.717000e+02,4.870000e+01,
bf_det_k8_l16_r8_c16_m4_w14g0_d64_s2_q2,det,bruteforce,8,16,8,16,4,14,0,64,2,2,3.352000e+00,118596,74755,704,67,0,2561,2507,67,1,1.576000e+02,5.020000e+01,
bf_det_k8_l16_r8_c16_m4_w14g4_d32_s2_q2,det,bruteforce,8,16,8,16,4,14,4,32,2,2,3.352000e+00,103681,76511,704,63,0,2189,2399,63,1,1.761000e+02,4.290000e+01,
bf_det_k8_l16_r8_c16_m4_w14g4_d64_s2_q2,det,bruteforce,8,16,8,16,4,14,4,64,2,2,3.352000e+00,122676,77848,704,67,0,2561,2507,67,1,1.789000e+02,5.550000e+01,
bf_det_k8_l16_r8_c16_m4_w14g8_d32_s2_q2,det,bruteforce,8,16,8,16,4,14,8,32,2,2,3.352000e+00,106882,79927,704,63,0,2189,2399,63,1,1.742000e+02,4.800000e+01,
bf_det_k8_l16_r8_c16_m4_w14g8_d64_s2_q2,det,bruteforce,8,16,8,16,4,14,8,64,2,2,3.352000e+00,125877,81264,704,67,0,2561,2507,67,1,1.751000e+02,5.320000e+01,
bf_det_k8_l16_r8_c16_m4_w16g0_d32_s2_q2,det,bruteforce,8,16,8,16,4,16,0,32,2,2,3.352000e+00,108159,82618,704,72,0,2189,2399,72,1,1.540000e+02,5.590000e+01,
bf_det_k8_l16_r8_c16_m4_w16g0_d64_s2_q2,det,bruteforce,8,16,8,16,4,16,0,64,2,2,3.352000e+00,129952,87989,704,76,0,2561,2507,76,1,1.584000e+02,5.430000e+01,
bf_det_k8_l16_r8_c16_m4_w16g4_d32_s2_q2,det,bruteforce,8,16,8,16,4,16,4,32,2,2,3.352000e+00,112113,85439,704,72,0,2189,2399,72,1,1.840000e+02,4.180000e+01,
bf_det_k8_l16_r8_c16_m4_w16g4_d64_s2_q2,det,bruteforce,8,16,8,16,4,16,4,64,2,2,3.352000e+00,133908,90810,704,76,0,2561,2507,76,1,1.661000e+02,4.680000e+01,
bf_det_k8_l16_r8_c16_m4_w16g8_d32_s2_q2,det,bruteforce,8,16,8,16,4,16,8,32,2,2,3.352000e+00,115426,90311,704,72,0,2189,2399,72,1,1.674000e+02,4.840000e+01,
bf_det_k8_l16_r8_c16_m4_w16g8_d64_s2_q2,det,bruteforce,8,16,8,16,4,16,8,64,2,2,3.352000e+00,137222,95682,704,76,0,2561,2507,76,1,1.708000e+02,4.030000e+01,
bf_det_k16_l1_r1_c4_m3_w8g0_d32_s2_q2,det,bruteforce,16,1,1,4,3,8,0,32,2,2,3.392000e+00,24172,12250,15,30,0,2189,2399,16,1,5.680000e+01,5.620000e+01,
bf_det_k16_l1_r1_c4_m3_w8g0_d64_s2_q2,det,bruteforce,16,1,1,4,3,8,0,64,2,2,3.392000e+00,30057,13264,15,36,0,2561,2507,22,1,6.130000e+01,5.650000e+01,
bf_det_k16_l1_r1_c4_m3_w8g4_d32_s2_q2,det,bruteforce,16,1,1,4,3,8,4,32,2,2,3.392000e+00,24433,12445,15,30,0,2189,2399,16,1,7.520000e+01,5.390000e+01,
bf_det_k16_l1_r1_c4_m3_w8g4_d64_s2_q2,det,bruteforce,16,1,1,4,3,8,4,64,2,2,3.392000e+00,30317,13459,15,36,0,2561,2507,22,1,7.030000e+01,5.210000e+01,
bf_det_k16_l1_r1_c4_m3_w8g8_d32_s2_q2,det,bruteforce,16,1,1,4,3,8,8,32,2,2,3.392000e+00,24815,12681,15,30,0,2189,2399,16,1,6.340000e+01,7.010000e+01,
bf_det_k16_l1_r1_c4_m3_w8g8_d64_s2_q2,det,bruteforce,16,1,1,4,3,8,8,64,2,2,3.392000e+00,30696,13695,15,36,0,2561,2507,22,1,6.920000e+01,6.140000e+01,
bf_det_k16_l1_r1_c4_m3_w10g0_d32_s2_q2,det,bruteforce,16,1,1,4,3,10,0,32,2,2,3.392000e+00,26010,13820,17,35,0,2189,2399,21,1,7.000000e+01,5.440000e+01,
bf_det_k16_l1_r1_c4_m3_w10g0_d64_s2_q2,det,bruteforce,16,1,1,4,3,10,0,64,2,2,3.392000e+00,33408,15076,17,43,0,2561,2507,29,1,6.990000e+01,4.630000e+01,
bf_det_k16_l1_r1_c4_m3_w10g4_d32_s2_q2,det,bruteforce,16,1,1,4,3,10,4,32,2,2,3.392000e+00,26404,14061,17,35,0,2189,2399,21,1,6.700000e+01,4.830000e+01,
bf_det_k16_l1_r1_c4_m3_w10g4_d64_s2_q2,det,bruteforce,16,1,1,4,3,10,4,64,2,2,3.392000e+00,33799,15317,17,43,0,2561,2507,29,1,6.840000e+01,5.000000e+01,
bf_det_k16_l1_r1_c4_m3_w10g8_d32_s2_q2,det,bruteforce,16,1,1,4,3,10,8,32,2,2,3.392000e+00,26721,14270,17,35,0,2189,2399,21,1,6.400000e+01,5.290000e+01,
bf_det_k16_l1_r1_c4_m3_w10g8_d64_s2_q2,det,bruteforce,16,1,1,4,3,10,8,64,2,2,3.392000e+00,34117,15526,17,43,0,2561,2507,29,1,6.860000e+01,5.920000e+01,
bf_det_k16_l1_r1_c4_m3_w12g0_d32_s2_q2,det,bruteforce,16,1,1,4,3,12,0,32,2,2,3.392000e+00,27477,15632,24,37,0,2189,2399,23,1,6.180000e+01,5.310000e+01,
bf_det_k16_l1_r1_c4_m3_w12g0_d64_s2_q2,det,bruteforce,16,1,1,4,3,12,0,64,2,2,3.392000e+00,36520,16720,24,45,0,2561,2507,31,1,7.000000e+01,5.460000e+01,
bf_det_k16_l1_r1_c4_m3_w12g4_d32_s2_q2,det,bruteforce,16,1,1,4,3,12,4,32,2,2,3.392000e+00,27914,15873,24,37,0,2189,2399,23,1,6.670000e+01,4.880000e+01,
bf_det_k16_l1_r1_c4_m3_w12g4_d64_s2_q2,det,bruteforce,16,1,1,4,3,12,4,64,2,2,3.392000e+00,36954,16961,24,45,0,2561,2507,31,1,6.090000e+01,5.780000e+01,
bf_det_k16_l1_r1_c4_m3_w12g8_d32_s2_q2,det,bruteforce,16,1,1,4,3,12,8,32,2,2,3.392000e+00,28207,16081,24,37,0,2189,2399,23,1,6.590000e+01,5.070000e+01,
bf_det_k16_l1_r1_c4_m3_w12g8_d64_s2_q2,det,bruteforce,16,1,1,4,3,12,8,64,2,2,3.392000e+00,37249,17169,24,45,0,2561,2507,31,1,6.710000e+01,5.750000e+01,
bf_det_k16_l1_r1_c4_m3_w14g0_d32_s2_q2,det,bruteforce,16,1,1,4,3,14,0,32,2,2,3.392000e+00,29455,17172,24,39,0,2189,2399,25,1,6.560000e+01,5.060000e+01,
bf_det_k16_l1_r1_c4_m3_w14g0_d64_s2_q2,det,bruteforce,16,1,1,4,3,14,0,64,2,2,3.392000e+00,40118,18274,24,47,0,2561,2507,33,1,6.410000e+01,5.580000e+01,
bf_det_k16_l1_r1_c4_m3_w14g4_d32_s2_q2,det,bruteforce,16,1,1,4,3,14,4,32,2,2,3.392000e+00,29831,17385,24,39,0,2189,2399,25,1,7.210000e+01,5.680000e+01,
bf_det_k16_l1_r1_c4_m3_w14g4_d64_s2_q2,det,bruteforce,16,1,1,4,3,14,4,64,2,2,3.392000e+00,40495,18487,24,47,0,2561,2507,33,1,5.880000e+01,5.880000e+01,
bf_det_k16_l1_r1_c4_m3_w14g8_d32_s2_q2,det,bruteforce,16,1,1,4,3,14,8,32,2,2,3.392000e+00,30154,17621,24,39,0,2189,2399,25,1,6.590000e+01,5.800000e+01,
bf_det_k16_l1_r1_c4_m3_w14g8_d64_s2_q2,det,bruteforce,16,1,1,4,3,14,8,64,2,2,3.392000e+00,40818,18723,24,47,0,2561,2507,33,1,5.950000e+01,6.250000e+01,
bf_det_k16_l1_r1_c4_m3_w16g0_d32_s2_q2,det,bruteforce,16,1,1,4,3,16,0,32,2,2,3.392000e+00,31377,18293,24,41,0,2189,2399,27,1,9.180000e+01,4.680000e+01,
bf_det_k16_l1_r1_c4_m3_w16g0_d64_s2_q2,det,bruteforce,16,1,1,4,3,16,0,64,2,2,3.392000e+00,43490,22156,24,49,0,2561,2507,35,1,6.510000e+01,4.800000e+01,
bf_det_k16_l1_r1_c4_m3_w16g4_d32_s2_q2,det,bruteforce,16,1,1,4,3,16,4,32,2,2,3.392000e+00,31733,18489,24,41,0,2189,2399,27,1,6.460000e+01,5.330000e+01,
bf_det_k16_l1_r1_c4_m3_w16g4_d64_s2_q2,det,bruteforce,16,1,1,4,3,16,4,64,2,2,3.392000e+00,43848,22352,24,49,0,2561,2507,35,1,6.630000e+01,5.390000e+01,
bf_det_k16_l1_r1_c4_m3_w16g8_d32_s2_q2,det,bruteforce,16,1,1,4,3,16,8,32,2,2,3.392000e+00,32063,18816,24,41,0,2189,2399,27,1,6.490000e+01,5.350000e+01,
bf_det_k16_l1_r1_c4_m3_w16g8_d64_s2_q2,det,bruteforce,16,1,1,4,3,16,8,64,2,2,3.392000e+00,44179,22679,24,49,0,2561,2507,35,1,5.980000e+01,5.760000e+01,
bf_det_k16_l1_r1_c4_m4_w8g0_d32_s2_q2,det,bruteforce,16,1,1,4,4,8,0,32,2,2,3.352000e+00,24492,12367,11,30,0,2189,2399,16,1,5.870000e+01,5.030000e+01,
bf_det_k16_l1_r1_c4_m4_w8g0_d64_s2_q2,det,bruteforce,16,1,1,4,4,8,0,64,2,2,3.352000e+00,30377,13381,11,36,0,2561,2507,22,1,6.580000e+01,4.420000e+01,
bf_det_k16_l1_r1_c4_m4_w8g4_d32_s2_q2,det,bruteforce,16,1,1,4,4,8,4,32,2,2,3.352000e+00,24753,12562,11,30,0,2189,2399,16,1,6.310000e+01,4.870000e+01,
bf_det_k16_l1_r1_c4_m4_w8g4_d64_s2_q2,det,bruteforce,16,1,1,4,4,8,4,64,2,2,3.352000e+00,30637,13576,11,36,0,2561,2507,22,1,7.430000e+01,4.380000e+01,
bf_det_k16_l1_r1_c4_m4_w8g8_d32_s2_q2,det,bruteforce,16,1,1,4,4,8,8,32,2,2,3.352000e+00,25135,12798,11,30,0,2189,2399,16,1,5.550000e+01,5.370000e+01,
bf_det_k16_l1_r1_c4_m4_w8g8_d64_s2_q2,det,bruteforce,16,1,1,4,4,8,8,64,2,2,3.352000e+00,31016,13812,11,36,0,2561,2507,22,1,6.090000e+01,4.900000e+01,
bf_det_k16_l1_r1_c4_m4_w10g0_d32_s2_q2,det,bruteforce,16,1,1,4,4,10,0,32,2,2,3.352000e+00,26506,13967,13,35,0,2189,2399,21,1,5.230000e+01,5.260000e+01,
bf_det_k16_l1_r1_c4_m4_w10g0_d64_s2_q2,det,bruteforce,16,1,1,4,4,10,0,64,2,2,3.352000e+00,33904,15223,13,43,0,2561,2507,29,1,6.840000e+01,5.010000e+01,
bf_det_k16_l1_r1_c4_m4_w10g4_d32_s2_q2,det,bruteforce,16,1,1,4,4,10,4,32,2,2,3.352000e+00,26900,14208,13,35,0,2189,2399,21,1,6.440000e+01,4.900000e+01,
bf_det_k16_l1_r1_c4_m4_w10g4_d64_s2_q2,det,bruteforce,16,1,1,4,4,10,4,64,2,2,3.352000e+00,34295,15464,13,43,0,2561,2507,29,1,7.240000e+01,5.160000e+01,
bf_det_k16_l1_r1_c4_m4_w10g8_d32_s2_q2,det,bruteforce,16,1,1,4,4,10,8,32,2,2,3.352000e+00,27217,14417,13,35,0,2189,2399,21,1,6.030000e+01,5.550000e+01,
bf_det_k16_l1_r1_c4_m4_w10g8_d64_s2_q2,det,bruteforce,16,1,1,4,4,10,8,64,2,2,3.352000e+00,34613,15673,13,43,0,2561,2507,29,1,6.610000e+01,5.280000e+01,
bf_det_k16_l1_r1_c4_m4_w12g0_d32_s2_q2,det,bruteforce,16,1,1,4,4,12,0,32,2,2,3.352000e+00,27517,15809,28,37,0,2189,2399,23,1,5.770000e+01,5.090000e+01,
bf_det_k16_l1_r1_c4_m4_w12g0_d64_s2_q2,det,bruteforce,16,1,1,4,4,12,0,64,2,2,3.352000e+00,36560,16897,28,45,0,2561,2507,31,1,6.920000e+01,4.740000e+01,
bf_det_k16_l1_r1_c4_m4_w12g4_d32_s2_q2,det,bruteforce,16,1,1,4,4,12,4,32,2,2,3.352000e+00,27954,16050,28,37,0,2189,2399,23,1,6.480000e+01,8.010000e+01,
bf_det_k16_l1_r1_c4_m4_w12g4_d64_s2_q2,det,bruteforce,16,1,1,4,4,12,4,64,2,2,3.352000e+00,36994,17138,28,45,0,2561,2507,31,1,6.450000e+01,4.990000e+01,
bf_det_k16_l1_r1_c4_m4_w12g8_d32_s2_q2,det,bruteforce,16,1,1,4,4,12,8,32,2,2,3.352000e+00,28247,16258,28,37,0,2189,2399,23,1,6.680000e+01,5.520000e+01,
bf_det_k16_l1_r1_c4_m4_w12g8_d64_s2_q2,det,bruteforce,16,1,1,4,4,12,8,64,2,2,3.352000e+00,37289,17346,28,45,0,2561,2507,31,1,6.690000e+01,5.390000e+01,
bf_det_k16_l1_r1_c4_m4_w14g0_d32_s2_q2,det,bruteforce,16,1,1,4,4,14,0,32,2,2,3.352000e+00,29495,17373,28,39,0,2189,2399,25,1,6.410000e+01,4.940000e+01,
bf_det_k16_l1_r1_c4_m4_w14g0_d64_s2_q2,det,bruteforce,16,1,1,4,4,14,0,64,2,2,3.352000e+00,40158,18475,28,47,0,2561,2507,33,1,6.810000e+01,4.610000e+01,
bf_det_k16_l1_r1_c4_m4_w14g4_d32_s2_q2,det,bruteforce,16,1,1,4,4,14,4,32,2,2,3.352000e+00,29871,17586,28,39,0,2189,2399,25,1,6.520000e+01,5.350000e+01,
bf_det_k16_l1_r1_c4_m4_w14g4_d64_s2_q2,det,bruteforce,16,1,1,4,4,14,4,64,2,2,3.352000e+00,40535,18688,28,47,0,2561,2507,33,1,6.410000e+01,4.590000e+01,
bf_det_k16_l1_r1_c4_m4_w14g8_d32_s2_q2,det,bruteforce,16,1,1,4,4,14,8,32,2,2,3.352000e+00,30194,17822,28,39,0,2189,2399,25,1,6.650000e+01,5.420000e+01,
bf_det_k16_l1_r1_c4_m4_w14g8_d64_s2_q2,det,bruteforce,16,1,1,4,4,14,8,64,2,2,3.352000e+00,40858,18924,28,47,0,2561,2507,33,1,6.730000e+01,5.540000e+01,
bf_det_k16_l1_r1_c4_m4_w16g0_d32_s2_q2,det,bruteforce,16,1,1,4,4,16,0,32,2,2,3.352000e+00,31417,18524,28,41,0,2189,2399,27,1,6.080000e+01,4.910000e+01,
bf_det_k16_l1_r1_c4_m4_w16g0_d64_s2_q2,det,bruteforce,16,1,1,4,4,16,0,64,2,2,3.352000e+00,43530,22387,28,49,0,2561,2507,35,1,6.630000e+01,4.870000e+01,
bf_det_k16_l1_r1_c4_m4_w16g4_d32_s2_q2,det,bruteforce,16,1,1,4,4,16,4,32,2,2,3.352000e+00,31773,18720,28,41,0,2189,2399,27,1,6.360000e+01,4.960000e+01,
bf_det_k16_l1_r1_c4_m4_w16g4_d64_s2_q2,det,bruteforce,16,1,1,4,4,16,4,64,2,2,3.352000e+00,43888,22583,28,49,0,2561,2507,35,1,6.280000e+01,5.130000e+01,
bf_det_k16_l1_r1_c4_m4_w16g8_d32_s2_q2,det,bruteforce,16,1,1,4,4,16,8,32,2,2,3.352000e+00,32103,19047,28,41,0,2189,2399,27,1,6.750000e+01,5.850000e+01,
bf_det_k16_l1_r1_c4_m4_w16g8_d64_s2_q2,det,bruteforce,16,1,1,4,4,16,8,64,2,2,3.352000e+00,44219,22910,28,49,0,2561,2507,35,1,6.070000e+01,5.610000e+01,
bf_det_k16_l1_r4_c4_m3_w8g0_d32_s2_q2,det,bruteforce,16,1,4,4,3,8,0,32,2,2,3.392000e+00,25760,13609,51,30,0,2189,2399,16,1,6.100000e+01,3.550000e+01,
bf_det_k16_l1_r4_c4_m3_w8g0_d64_s2_q2,det,bruteforce,16,1,4,4,3,8,0,64,2,2,3.392000e+00,31645,14623,51,36,0,2561,2507,22,1,7.180000e+01,4.190000e+01,
bf_det_k16_l1_r4_c4_m3_w8g4_d32_s2_q2,det,bruteforce,16,1,4,4,3,8,4,32,2,2,3.392000e+00,26021,13804,51,30,0,2189,2399,16,1,6.670000e+01,4.880000e+01,
bf_det_k16_l1_r4_c4_m3_w8g4_d64_s2_q2,det,bruteforce,16,1,4,4,3,8,4,64,2,2,3.392000e+00,31905,14818,51,36,0,2561,2507,22,1,6.880000e+01,4.090000e+01,
bf_det_k16_l1_r4_c4_m3_w8g8_d32_s2_q2,det,bruteforce,16,1,4,4,3,8,8,32,2,2,3.392000e+00,26403,14040,51,30,0,2189,2399,16,1,7.540000e+01,5.890000e+01,
bf_det_k16_l1_r4_c4_m3_w8g8_d64_s2_q2,det,bruteforce,16,1,4,4,3,8,8,64,2,2,3.392000e+00,32284,15054,51,36,0,2561,2507,22,1,6.500000e+01,5.640000e+01,
bf_det_k16_l1_r4_c4_m3_w10g0_d32_s2_q2,det,bruteforce,16,1,4,4,3,10,0,32,2,2,3.392000e+00,27706,15475,53,35,0,2189,2399,21,1,6.790000e+01,4.340000e+01,
bf_det_k16_l1_r4_c4_m3_w10g0_d64_s2_q2,det,bruteforce,16,1,4,4,3,10,0,64,2,2,3.392000e+00,35104,16731,53,43,0,2561,2507,29,1,6.670000e+01,4.840000e+01,
bf_det_k16_l1_r4_c4_m3_w10g4_d32_s2_q2,det,bruteforce,16,1,4,4,3,10,4,32,2,2,3.392000e+00,28100,15716,53,35,0,2189,2399,21,1,6.430000e+01,4.580000e+01,
bf_det_k16_l1_r4_c4_m3_w10g4_d64_s2_q2,det,bruteforce,16,1,4,4,3,10,4,64,2,2,3.392000e+00,35495,16972,53,43,0,2561,2507,29,1,6.970000e+01,4.510000e+01,
bf_det_k16_l1_r4_c4_m3_w10g8_d32_s2_q2,det,bruteforce,16,1,4,4,3,10,8,32,2,2,3.392000e+00,28417,15925,53,35,0,2189,2399,21,1,6.420000e+01,4.460000e+01,
bf_det_k16_l1_r4_c4_m3_w10g8_d64_s2_q2,det,bruteforce,16,1,4,4,3,10,8,64,2,2,3.392000e+00,35813,17181,53,43,0,2561,2507,29,1,6.590000e+01,5.660000e+01,
bf_det_k16_l1_r4_c4_m3_w12g0_d32_s2_q2,det,bruteforce,16,1,4,4,3,12,0,32,2,2,3.392000e+00,29275,17583,60,37,0,2189,2399,23,1,7.000000e+01,4.450000e+01,
bf_det_k16_l1_r4_c4_m3_w12g0_d64_s2_q2,det,bruteforce,16,1,4,4,3,12,0,64,2,2,3.392000e+00,38318,18671,60,45,0,2561,2507,31,1,7.240000e+01,5.470000e+01,
bf_det_k16_l1_r4_c4_m3_w12g4_d32_s2_q2,det,bruteforce,16,1,4,4,3,12,4,32,2,2,3.392000e+00,29712,17824,60,37,0,2189,2399,23,1,6.690000e+01,4.090000e+01,
bf_det_k16_l1_r4_c4_m3_w12g4_d64_s2_q2,det,bruteforce,16,1,4,4,3,12,4,64,2,2,3.392000e+00,38752,18912,60,45,0,2561,2507,31,1,6.680000e+01,5.560000e+01,
bf_det_k16_l1_r4_c4_m3_w12g8_d32_s2_q2,det,bruteforce,16,1,4,4,3,12,8,32,2,2,3.392000e+00,30005,18032,60,37,0,2189,2399,23,1,7.320000e+01,3.950000e+01,
bf_det_k16_l1_r4_c4_m3_w12g8_d64_s2_q2,det,bruteforce,16,1,4,4,3,12,8,64,2,2,3.392000e+00,39047,19120,60,45,0,2561,2507,31,1,5.910000e+01,5.490000e+01,
bf_det_k16_l1_r4_c4_m3_w14g0_d32_s2_q2,det,bruteforce,16,1,4,4,3,14,0,32,2,2,3.392000e+00,31367,19423,60,39,0,2189,2399,25,1,7.120000e+01,4.560000e+01,
bf_det_k16_l1_r4_c4_m3_w14g0_d64_s2_q2,det,bruteforce,16,1,4,4,3,14,0,64,2,2,3.392000e+00,42030,20525,60,47,0,2561,2507,33,1,6.700000e+01,5.080000e+01,
bf_det_k16_l1_r4_c4_m3_w14g4_d32_s2_q2,det,bruteforce,16,1,4,4,3,14,4,32,2,2,3.392000e+00,31743,19636,60,39,0,2189,2399,25,1,7.370000e+01,4.910000e+01,
bf_det_k16_l1_r4_c4_m3_w14g4_d64_s2_q2,det,bruteforce,16,1,4,4,3,14,4,64,2,2,3.392000e+00,42407,20738,60,47,0,2561,2507,33,1,5.550000e+01,5.570000e+01,
bf_det_k16_l1_r4_c4_m3_w14g8_d32_s2_q2,det,bruteforce,16,1,4,4,3,14,8,32,2,2,3.392000e+00,32066,19872,60,39,0,2189,2399,25,1,7.800000e+01,4.410000e+01,
bf_det_k16_l1_r4_c4_m3_w14g8_d64_s2_q2,det,bruteforce,16,1,4,4,3,14,8,64,2,2,3.392000e+00,42730,20974,60,47,0,2561,2507,33,1,6.450000e+01,5.890000e+01,
bf_det_k16_l1_r4_c4_m3_w16g0_d32_s2_q2,det,bruteforce,16,1,4,4,3,16,0,32,2,2,3.392000e+00,33397,20836,60,41,0,2189,2399,27,1,6.120000e+01,5.590000e+01,
bf_det_k16_l1_r4_c4_m3_w16g0_d64_s2_q2,det,bruteforce,16,1,4,4,3,16,0,64,2,2,3.392000e+00,45510,24699,60,49,0,2561,2507,35,1,6.600000e+01,5.180000e+01,
bf_det_k16_l1_r4_c4_m3_w16g4_d32_s2_q2,det,bruteforce,16,1,4,4,3,16,4,32,2,2,3.392000e+00,33753,21032,60,41,0,2189,2399,27,1,7.210000e+01,4.530000e+01,
bf_det_k16_l1_r4_c4_m3_w16g4_d64_s2_q2,det,bruteforce,16,1,4,4,3,16,4,64,2,2,3.392000e+00,45868,24895,60,49,0,2561,2507,35,1,6.150000e+01,5.170000e+01,
bf_det_k16_l1_r4_c4_m3_w16g8_d32_s2_q2,det,bruteforce,16,1,4,4,3,16,8,32,2,2,3.392000e+00,34083,21359,60,41,0,2189,2399,27,1,7.170000e+01,4.460000e+01,
bf_det_k16_l1_r4_c4_m3_w16g8_d64_s2_q2,det,bruteforce,16,1,4,4,3,16,8,64,2,2,3.392000e+00,46199,25222,60,49,0,2561,2507,35,1,5.830000e+01,6.030000e+01,
bf_det_k16_l1_r4_c4_m4_w8g0_d32_s2_q2,det,bruteforce,16,1,4,4,4,8,0,32,2,2,3.352000e+00,27040,14151,35,30,0,2189,2399,16,1,6.760000e+01,3.660000e+01,
bf_det_k16_l1_r4_c4_m4_w8g0_d64_s2_q2,det,bruteforce,16,1,4,4,4,8,0,64,2,2,3.352000e+00,32925,15165,35,36,0,2561,2507,22,1,5.790000e+01,4.880000e+01,
bf_det_k16_l1_r4_c4_m4_w8g4_d32_s2_q2,det,bruteforce,16,1,4,4,4,8,4,32,2,2,3.352000e+00,27301,14346,35,30,0,2189,2399,16,1,7.390000e+01,3.750000e+01,
bf_det_k16_l1_r4_c4_m4_w8g4_d64_s2_q2,det,bruteforce,16,1,4,4,4,8,4,64,2,2,3.352000e+00,33185,15360,35,36,0,2561,2507,22,1,5.860000e+01,4.430000e+01,
bf_det_k16_l1_r4_c4_m4_w8g8_d32_s2_q2,det,bruteforce,16,1,4,4,4,8,8,32,2,2,3.352000e+00,27683,14582,35,30,0,2189,2399,16,1,7.090000e+01,4.220000e+01,
bf_det_k16_l1_r4_c4_m4_w8g8_d64_s2_q2,det,bruteforce,16,1,4,4,4,8,8,64,2,2,3.352000e+00,33564,15596,35,36,0,2561,2507,22,1,6.520000e+01,4.470000e+01,
bf_det_k16_l1_r4_c4_m4_w10g0_d32_s2_q2,det,bruteforce,16,1,4,4,4,10,0,32,2,2,3.352000e+00,29690,16157,37,35,0,2189,2399,21,1,6.640000e+01,4.440000e+01,
bf_det_k16_l1_r4_c4_m4_w10g0_d64_s2_q2,det,bruteforce,16,1,4,4,4,10,0,64,2,2,3.352000e+00,37088,17413,37,43,0,2561,2507,29,1,6.450000e+01,4.950000e+01,
bf_det_k16_l1_r4_c4_m4_w10g4_d32_s2_q2,det,bruteforce,16,1,4,4,4,10,4,32,2,2,3.352000e+00,30084,16398,37,35,0,2189,2399,21,1,7.000000e+01,3.990000e+01,
bf_det_k16_l1_r4_c4_m4_w10g4_d64_s2_q2,det,bruteforce,16,1,4,4,4,10,4,64,2,2,3.352000e+00,37479,17654,37,43,0,2561,2507,29,1,6.350000e+01,4.840000e+01,
bf_det_k16_l1_r4_c4_m4_w10g8_d32_s2_q2,det,bruteforce,16,1,4,4,4,10,8,32,2,2,3.352000e+00,30401,16607,37,35,0,2189,2399,21,1,7.010000e+01,4.940000e+01,
bf_det_k16_l1_r4_c4_m4_w10g8_d64_s2_q2,det,bruteforce,16,1,4,4,4,10,8,64,2,2,3.352000e+00,37797,17863,37,43,0,2561,2507,29,1,6.230000e+01,4.710000e+01,
bf_det_k16_l1_r4_c4_m4_w12g0_d32_s2_q2,det,bruteforce,16,1,4,4,4,12,0,32,2,2,3.352000e+00,29435,18405,76,37,0,2189,2399,23,1,6.820000e+01,4.170000e+01,
bf_det_k16_l1_r4_c4_m4_w12g0_d64_s2_q2,det,bruteforce,16,1,4,4,4,12,0,64,2,2,3.352000e+00,38478,19493,76,45,0,2561,2507,31,1,6.560000e+01,4.440000e+01,
bf_det_k16_l1_r4_c4_m4_w12g4_d32_s2_q2,det,bruteforce,16,1,4,4,4,12,4,32,2,2,3.352000e+00,29872,18646,76,37,0,2189,2399,23,1,6.700000e+01,5.150000e+01,
bf_det_k16_l1_r4_c4_m4_w12g4_d64_s2_q2,det,bruteforce,16,1,4,4,4,12,4,64,2,2,3.352000e+00,38912,19734,76,45,0,2561,2507,31,1,7.080000e+01,5.060000e+01,
bf_det_k16_l1_r4_c4_m4_w12g8_d32_s2_q2,det,bruteforce,16,1,4,4,4,12,8,32,2,2,3.352000e+00,30165,18854,76,37,0,2189,2399,23,1,7.200000e+01,5.090000e+01,
bf_det_k16_l1_r4_c4_m4_w12g8_d64_s2_q2,det,bruteforce,16,1,4,4,4,12,8,64,2,2,3.352000e+00,39207,19942,76,45,0,2561,2507,31,1,6.630000e+01,4.440000e+01,
bf_det_k16_l1_r4_c4_m4_w14g0_d32_s2_q2,det,bruteforce,16,1,4,4,4,14,0,32,2,2,3.352000e+00,31527,20379,76,39,0,2189,2399,25,1,7.060000e+01,4.380000e+01,
bf_det_k16_l1_r4_c4_m4_w14g0_d64_s2_q2,det,bruteforce,16,1,4,4,4,14,0,64,2,2,3.352000e+00,42190,21481,76,47,0,2561,2507,33,1,6.160000e+01,4.810000e+01,
bf_det_k16_l1_r4_c4_m4_w14g4_d32_s2_q2,det,bruteforce,16,1,4,4,4,14,4,32,2,2,3.352000e+00,31903,20592,76,39,0,2189,2399,25,1,7.040000e+01,4.650000e+01,
bf_det_k16_l1_r4_c4_m4_w14g4_d64_s2_q2,det,bruteforce,16,1,4,4,4,14,4,64,2,2,3.352000e+00,42567,21694,76,47,0,2561,2507,33,1,7.020000e+01,4.670000e+01,
bf_det_k16_l1_r4_c4_m4_w14g8_d32_s2_q2,det,bruteforce,16,1,4,4,4,14,8,32,2,2,3.352000e+00,32226,20828,76,39,0,2189,2399,25,1,6.220000e+01,5.020000e+01,
bf_det_k16_l1_r4_c4_m4_w14g8_d64_s2_q2,det,bruteforce,16,1,4,4,4,14,8,64,2,2,3.352000e+00,42890,21930,76,47,0,2561,2507,33,1,6.570000e+01,5.420000e+01,
bf_det_k16_l1_r4_c4_m4_w16g0_d32_s2_q2,det,bruteforce,16,1,4,4,4,16,0,32,2,2,3.352000e+00,33557,21932,76,41,0,2189,2399,27,1,7.210000e+01,4.750000e+01,
bf_det_k16_l1_r4_c4_m4_w16g0_d64_s2_q2,det,bruteforce,16,1,4,4,4,16,0,64,2,2,3.352000e+00,45670,25795,76,49,0,2561,2507,35,1,6.740000e+01,4.870000e+01,
bf_det_k16_l1_r4_c4_m4_w16g4_d32_s2_q2,det,bruteforce,16,1,4,4,4,16,4,32,2,2,3.352000e+00,33913,22128,76,41,0,2189,2399,27,1,7.060000e+01,4.640000e+01,
bf_det_k16_l1_r4_c4_m4_w16g4_d64_s2_q2,det,bruteforce,16,1,4,4,4,16,4,64,2,2,3.352000e+00,46028,25991,76,49,0,2561,2507,35,1,7.090000e+01,5.940000e+01,
bf_det_k16_l1_r4_c4_m4_w16g8_d32_s2_q2,det,bruteforce,16,1,4,4,4,16,8,32,2,2,3.352000e+00,34243,22455,76,41,0,2189,2399,27,1,6.130000e+01,5.000000e+01,
bf_det_k16_l1_r4_c4_m4_w16g8_d64_s2_q2,det,bruteforce,16,1,4,4,4,16,8,64,2,2,3.352000e+00,46359,26318,76,49,0,2561,2507,35,1,5.840000e+01,4.610000e+01,
bf_det_k16_l1_r16_c4_m3_w8g0_d32_s2_q2,det,bruteforce,16,1,16,4,3,8,0,32,2,2,3.392000e+00,31695,18824,195,30,0,2189,2399,16,1,8.340000e+01,4.360000e+01,
bf_det_k16_l1_r16_c4_m3_w8g0_d64_s2_q2,det,bruteforce,16,1,16,4,3,8,0,64,2,2,3.392000e+00,37579,19838,195,36,0,2561,2507,22,1,8.380000e+01,5.340000e+01,
bf_det_k16_l1_r16_c4_m3_w8g4_d32_s2_q2,det,bruteforce,16,1,16,4,3,8,4,32,2,2,3.392000e+00,31956,19019,195,30,0,2189,2399,16,1,8.060000e+01,4.230000e+01,
bf_det_k16_l1_r16_c4_m3_w8g4_d64_s2_q2,det,bruteforce,16,1,16,4,3,8,4,64,2,2,3.392000e+00,37839,20033,195,36,0,2561,2507,22,1,8.960000e+01,5.050000e+01,
bf_det_k16_l1_r16_c4_m3_w8g8_d32_s2_q2,det,bruteforce,16,1,16,4,3,8,8,32,2,2,3.392000e+00,32338,19255,195,30,0,2189,2399,16,1,8.090000e+01,6.150000e+01,
bf_det_k16_l1_r16_c4_m3_w8g8_d64_s2_q2,det,bruteforce,16,1,16,4,3,8,8,64,2,2,3.392000e+00,38218,20269,195,36,0,2561,2507,22,1,9.080000e+01,7.030000e+01,
bf_det_k16_l1_r16_c4_m3_w10g0_d32_s2_q2,det,bruteforce,16,1,16,4,3,10,0,32,2,2,3.392000e+00,34073,21846,197,35,0,2189,2399,21,1,8.350000e+01,5.040000e+01,
bf_det_k16_l1_r16_c4_m3_w10g0_d64_s2_q2,det,bruteforce,16,1,16,4,3,10,0,64,2,2,3.392000e+00,41470,23102,197,43,0,2561,2507,29,1,9.520000e+01,5.410000e+01,
bf_det_k16_l1_r16_c4_m3_w10g4_d32_s2_q2,det,bruteforce,16,1,16,4,3,10,4,32,2,2,3.392000e+00,34467,22087,197,35,0,2189,2399,21,1,9.850000e+01,4.870000e+01,
bf_det_k16_l1_r16_c4_m3_w10g4_d64_s2_q2,det,bruteforce,16,1,16,4,3,10,4,64,2,2,3.392000e+00,41861,23343,197,43,0,2561,2507,29,1,9.350000e+01,5.380000e+01,
bf_det_k16_l1_r16_c4_m3_w10g8_d32_s2_q2,det,bruteforce,16,1,16,4,3,10,8,32,2,2,3.392000e+00,34784,22296,197,35,0,2189,2399,21,1,8.640000e+01,6.900000e+01,
bf_det_k16_l1_r16_c4_m3_w10g8_d64_s2_q2,det,bruteforce,16,1,16,4,3,10,8,64,2,2,3.392000e+00,42179,23552,197,43,0,2561,2507,29,1,8.870000e+01,6.560000e+01,
bf_det_k16_l1_r16_c4_m3_w12g0_d32_s2_q2,det,bruteforce,16,1,16,4,3,12,0,32,2,2,3.392000e+00,36050,25110,204,37,0,2189,2399,23,1,9.300000e+01,5.800000e+01,
bf_det_k16_l1_r16_c4_m3_w12g0_d64_s2_q2,det,bruteforce,16,1,16,4,3,12,0,64,2,2,3.392000e+00,45092,26198,204,45,0,2561,2507,31,1,9.020000e+01,5.820000e+01,
bf_det_k16_l1_r16_c4_m3_w12g4_d32_s2_q2,det,bruteforce,16,1,16,4,3,12,4,32,2,2,3.392000e+00,36487,25351,204,37,0,2189,2399,23,1,8.290000e+01,5.070000e+01,
bf_det_k16_l1_r16_c4_m3_w12g4_d64_s2_q2,det,bruteforce,16,1,16,4,3,12,4,64,2,2,3.392000e+00,45526,26439,204,45,0,2561,2507,31,1,8.060000e+01,5.800000e+01,
bf_det_k16_l1_r16_c4_m3_w12g8_d32_s2_q2,det,bruteforce,16,1,16,4,3,12,8,32,2,2,3.392000e+00,36780,25559,204,37,0,2189,2399,23,1,7.810000e+01,6.010000e+01,
bf_det_k16_l1_r16_c4_m3_w12g8_d64_s2_q2,det,bruteforce,16,1,16,4,3,12,8,64,2,2,3.392000e+00,45821,26647,204,45,0,2561,2507,31,1,9.580000e+01,6.360000e+01,
bf_det_k16_l1_r16_c4_m3_w14g0_d32_s2_q2,det,bruteforce,16,1,16,4,3,14,0,32,2,2,3.392000e+00,38598,28106,204,39,0,2189,2399,25,1,7.960000e+01,6.230000e+01,
bf_det_k16_l1_r16_c4_m3_w14g0_d64_s2_q2,det,bruteforce,16,1,16,4,3,14,0,64,2,2,3.392000e+00,49260,29208,204,47,0,2561,2507,33,1,9.200000e+01,5.530000e+01,
bf_det_k16_l1_r16_c4_m3_w14g4_d32_s2_q2,det,bruteforce,16,1,16,4,3,14,4,32,2,2,3.392000e+00,38974,28319,204,39,0,2189,2399,25,1,9.710000e+01,5.400000e+01,
bf_det_k16_l1_r16_c4_m3_w14g4_d64_s2_q2,det,bruteforce,16,1,16,4,3,14,4,64,2,2,3.392000e+00,49637,29421,204,47,0,2561,2507,33,1,8.740000e+01,6.230000e+01,
bf_det_k16_l1_r16_c4_m3_w14g8_d32_s2_q2,det,bruteforce,16,1,16,4,3,14,8,32,2,2,3.392000e+00,39297,28555,204,39,0,2189,2399,25,1,8.730000e+01,6.500000e+01,
bf_det_k16_l1_r16_c4_m3_w14g8_d64_s2_q2,det,bruteforce,16,1,16,4,3,14,8,64,2,2,3.392000e+00,49960,29657,204,47,0,2561,2507,33,1,8.660000e+01,6.870000e+01,
bf_det_k16_l1_r16_c4_m3_w16g0_d32_s2_q2,det,bruteforce,16,1,16,4,3,16,0,32,2,2,3.392000e+00,41060,30675,204,41,0,2189,2399,27,1,7.940000e+01,6.670000e+01,
bf_det_k16_l1_r16_c4_m3_w16g0_d64_s2_q2,det,bruteforce,16,1,16,4,3,16,0,64,2,2,3.392000e+00,53172,34538,204,49,0,2561,2507,35,1,7.900000e+01,5.840000e+01,
bf_det_k16_l1_r16_c4_m3_w16g4_d32_s2_q2,det,bruteforce,16,1,16,4,3,16,4,32,2,2,3.392000e+00,41416,30871,204,41,0,2189,2399,27,1,8.760000e+01,5.830000e+01,
bf_det_k16_l1_r16_c4_m3_w16g4_d64_s2_q2,det,bruteforce,16,1,16,4,3,16,4,64,2,2,3.392000e+00,53530,34734,204,49,0,2561,2507,35,1,8.890000e+01,5.710000e+01,
bf_det_k16_l1_r16_c4_m3_w16g8_d32_s2_q2,det,bruteforce,16,1,16,4,3,16,8,32,2,2,3.392000e+00,41746,31198,204,41,0,2189,2399,27,1,8.600000e+01,6.790000e+01,
bf_det_k16_l1_r16_c4_m3_w16g8_d64_s2_q2,det,bruteforce,16,1,16,4,3,16,8,64,2,2,3.392000e+00,53861,35061,204,49,0,2561,2507,35,1,8.160000e+01,7.200000e+01,
bf_det_k16_l1_r16_c4_m4_w8g0_d32_s2_q2,det,bruteforce,16,1,16,4,4,8,0,32,2,2,3.352000e+00,36815,21083,131,30,0,2189,2399,16,1,7.160000e+01,4.560000e+01,
bf_det_k16_l1_r16_c4_m4_w8g0_d64_s2_q2,det,bruteforce,16,1,16,4,4,8,0,64,2,2,3.352000e+00,42699,22097,131,36,0,2561,2507,22,1,8.530000e+01,4.690000e+01,
bf_det_k16_l1_r16_c4_m4_w8g4_d32_s2_q2,det,bruteforce,16,1,16,4,4,8,4,32,2,2,3.352000e+00,37076,21278,131,30,0,2189,2399,16,1,8.670000e+01,4.720000e+01,
bf_det_k16_l1_r16_c4_m4_w8g4_d64_s2_q2,det,bruteforce,16,1,16,4,4,8,4,64,2,2,3.352000e+00,42959,22292,131,36,0,2561,2507,22,1,8.130000e+01,5.460000e+01,
bf_det_k16_l1_r16_c4_m4_w8g8_d32_s2_q2,det,bruteforce,16,1,16,4,4,8,8,32,2,2,3.352000e+00,37458,21514,131,30,0,2189,2399,16,1,7.200000e+01,5.000000e+01,
bf_det_k16_l1_r16_c4_m4_w8g8_d64_s2_q2,det,bruteforce,16,1,16,4,4,8,8,64,2,2,3.352000e+00,43338,22528,131,36,0,2561,2507,22,1,8.250000e+01,5.470000e+01,
bf_det_k16_l1_r16_c4_m4_w10g0_d32_s2_q2,det,bruteforce,16,1,16,4,4,10,0,32,2,2,3.352000e+00,42009,24689,133,35,0,2189,2399,21,1,8.020000e+01,4.470000e+01,
bf_det_k16_l1_r16_c4_m4_w10g0_d64_s2_q2,det,bruteforce,16,1,16,4,4,10,0,64,2,2,3.352000e+00,49406,25945,133,43,0,2561,2507,29,1,8.920000e+01,4.750000e+01,
bf_det_k16_l1_r16_c4_m4_w10g4_d32_s2_q2,det,bruteforce,16,1,16,4,4,10,4,32,2,2,3.352000e+00,42403,24930,133,35,0,2189,2399,21,1,8.720000e+01,4.770000e+01,
bf_det_k16_l1_r16_c4_m4_w10g4_d64_s2_q2,det,bruteforce,16,1,16,4,4,10,4,64,2,2,3.352000e+00,49797,26186,133,43,0,2561,2507,29,1,7.970000e+01,5.670000e+01,
bf_det_k16_l1_r16_c4_m4_w10g8_d32_s2_q2,det,bruteforce,16,1,16,4,4,10,8,32,2,2,3.352000e+00,42720,25139,133,35,0,2189,2399,21,1,8.040000e+01,5.200000e+01,
bf_det_k16_l1_r16_c4_m4_w10g8_d64_s2_q2,det,bruteforce,16,1,16,4,4,10,8,64,2,2,3.352000e+00,50115,26395,133,43,0,2561,2507,29,1,7.680000e+01,6.230000e+01,
bf_det_k16_l1_r16_c4_m4_w12g0_d32_s2_q2,det,bruteforce,16,1,16,4,4,12,0,32,2,2,3.352000e+00,36690,28521,268,37,0,2189,2399,23,1,8.710000e+01,4.170000e+01,
bf_det_k16_l1_r16_c4_m4_w12g0_d64_s2_q2,det,bruteforce,16,1,16,4,4,12,0,64,2,2,3.352000e+00,45732,29609,268,45,0,2561,2507,31,1,8.090000e+01,5.330000e+01,
bf_det_k16_l1_r16_c4_m4_w12g4_d32_s2_q2,det,bruteforce,16,1,16,4,4,12,4,32,2,2,3.352000e+00,37127,28762,268,37,0,2189,2399,23,1,8.350000e+01,4.940000e+01,
bf_det_k16_l1_r16_c4_m4_w12g4_d64_s2_q2,det,bruteforce,16,1,16,4,4,12,4,64,2,2,3.352000e+00,46166,29850,268,45,0,2561,2507,31,1,8.130000e+01,5.760000e+01,
bf_det_k16_l1_r16_c4_m4_w12g8_d32_s2_q2,det,bruteforce,16,1,16,4,4,12,8,32,2,2,3.352000e+00,37420,28970,268,37,0,2189,2399,23,1,7.870000e+01,5.420000e+01,
bf_det_k16_l1_r16_c4_m4_w12g8_d64_s2_q2,det,bruteforce,16,1,16,4,4,12,8,64,2,2,3.352000e+00,46461,30058,268,45,0,2561,2507,31,1,7.460000e+01,6.400000e+01,
bf_det_k16_l1_r16_c4_m4_w14g0_d32_s2_q2,det,bruteforce,16,1,16,4,4,14,0,32,2,2,3.352000e+00,39238,32078,268,39,0,2189,2399,25,1,8.460000e+01,4.810000e+01,
bf_det_k16_l1_r16_c4_m4_w14g0_d64_s2_q2,det,bruteforce,16,1,16,4,4,14,0,64,2,2,3.352000e+00,49900,33180,268,47,0,2561,2507,33,1,7.970000e+01,5.180000e+01,
bf_det_k16_l1_r16_c4_m4_w14g4_d32_s2_q2,det,bruteforce,16,1,16,4,4,14,4,32,2,2,3.352000e+00,39614,32291,268,39,0,2189,2399,25,1,8.810000e+01,5.050000e+01,
bf_det_k16_l1_r16_c4_m4_w14g4_d64_s2_q2,det,bruteforce,16,1,16,4,4,14,4,64,2,2,3.352000e+00,50277,33393,268,47,0,2561,2507,33,1,7.610000e+01,6.170000e+01,
bf_det_k16_l1_r16_c4_m4_w14g8_d32_s2_q2,det,bruteforce,16,1,16,4,4,14,8,32,2,2,3.352000e+00,39937,32527,268,39,0,2189,2399,25,1,8.370000e+01,5.480000e+01,
bf_det_k16_l1_r16_c4_m4_w14g8_d64_s2_q2,det,bruteforce,16,1,16,4,4,14,8,64,2,2,3.352000e+00,50600,33629,268,47,0,2561,2507,33,1,7.540000e+01,6.330000e+01,
bf_det_k16_l1_r16_c4_m4_w16g0_d32_s2_q2,det,bruteforce,16,1,16,4,4,16,0,32,2,2,3.352000e+00,41700,35215,268,41,0,2189,2399,27,1,8.850000e+01,4.470000e+01,
bf_det_k16_l1_r16_c4_m4_w16g0_d64_s2_q2,det,bruteforce,16,1,16,4,4,16,0,64,2,2,3.352000e+00,53812,39078,268,49,0,2561,2507,35,1,8.140000e+01,5.330000e+01,
bf_det_k16_l1_r16_c4_m4_w16g4_d32_s2_q2,det,bruteforce,16,1,16,4,4,16,4,32,2,2,3.352000e+00,42056,35411,268,41,0,2189,2399,27,1,8.650000e+01,4.680000e+01,
bf_det_k16_l1_r16_c4_m4_w16g4_d64_s2_q2,det,bruteforce,16,1,16,4,4,16,4,64,2,2,3.352000e+00,54170,39274,268,49,0,2561,2507,35,1,8.020000e+01,6.880000e+01,
bf_det_k16_l1_r16_c4_m4_w16g8_d32_s2_q2,det,bruteforce,16,1,16,4,4,16,8,32,2,2,3.352000e+00,42386,35738,268,41,0,2189,2399,27,1,8.180000e+01,5.610000e+01,
bf_det_k16_l1_r16_c4_m4_w16g8_d64_s2_q2,det,bruteforce,16,1,16,4,4,16,8,64,2,2,3.352000e+00,54501,39601,268,49,0,2561,2507,35,1,7.790000e+01,5.960000e+01,
bf_det_k16_l4_r1_c4_m3_w8g0_d32_s2_q2,det,bruteforce,16,4,1,4,3,8,0,32,2,2,3.392000e+00,34524,16159,24,52,0,2189,2399,20,1,7.980000e+01,4.350000e+01,
bf_det_k16_l4_r1_c4_m3_w8g0_d64_s2_q2,det,bruteforce,16,4,1,4,3,8,0,64,2,2,3.392000e+00,41923,17321,24,56,0,2561,2507,24,1,6.400000e+01,4.010000e+01,
bf_det_k16_l4_r1_c4_m3_w8g4_d32_s2_q2,det,bruteforce,16,4,1,4,3,8,4,32,2,2,3.392000e+00,35348,16882,24,52,0,2189,2399,20,1,8.210000e+01,4.410000e+01,
bf_det_k16_l4_r1_c4_m3_w8g4_d64_s2_q2,det,bruteforce,16,4,1,4,3,8,4,64,2,2,3.392000e+00,42746,18044,24,56,0,2561,2507,24,1,7.690000e+01,5.340000e+01,
bf_det_k16_l4_r1_c4_m3_w8g8_d32_s2_q2,det,bruteforce,16,4,1,4,3,8,8,32,2,2,3.392000e+00,36409,17754,24,52,0,2189,2399,20,1,7.350000e+01,5.020000e+01,
bf_det_k16_l4_r1_c4_m3_w8g8_d64_s2_q2,det,bruteforce,16,4,1,4,3,8,8,64,2,2,3.392000e+00,43804,18916,24,56,0,2561,2507,24,1,8.040000e+01,4.940000e+01,
bf_det_k16_l4_r1_c4_m3_w10g0_d32_s2_q2,det,bruteforce,16,4,1,4,3,10,0,32,2,2,3.392000e+00,37365,18487,32,57,0,2189,2399,25,1,7.440000e+01,5.100000e+01,
bf_det_k16_l4_r1_c4_m3_w10g0_d64_s2_q2,det,bruteforce,16,4,1,4,3,10,0,64,2,2,3.392000e+00,46589,19884,32,61,0,2561,2507,29,1,7.750000e+01,4.190000e+01,
bf_det_k16_l4_r1_c4_m3_w10g4_d32_s2_q2,det,bruteforce,16,4,1,4,3,10,4,32,2,2,3.392000e+00,38582,19379,32,57,0,2189,2399,25,1,7.870000e+01,4.790000e+01,
bf_det_k16_l4_r1_c4_m3_w10g4_d64_s2_q2,det,bruteforce,16,4,1,4,3,10,4,64,2,2,3.392000e+00,47803,20776,32,61,0,2561,2507,29,1,7.290000e+01,5.550000e+01,
bf_det_k16_l4_r1_c4_m3_w10g8_d32_s2_q2,det,bruteforce,16,4,1,4,3,10,8,32,2,2,3.392000e+00,39465,20152,32,57,0,2189,2399,25,1,7.850000e+01,5.310000e+01,
bf_det_k16_l4_r1_c4_m3_w10g8_d64_s2_q2,det,bruteforce,16,4,1,4,3,10,8,64,2,2,3.392000e+00,48687,21549,32,61,0,2561,2507,29,1,7.310000e+01,4.620000e+01,
bf_det_k16_l4_r1_c4_m3_w12g0_d32_s2_q2,det,bruteforce,16,4,1,4,3,12,0,32,2,2,3.392000e+00,39044,21439,60,59,0,2189,2399,27,1,7.050000e+01,5.690000e+01,
bf_det_k16_l4_r1_c4_m3_w12g0_d64_s2_q2,det,bruteforce,16,4,1,4,3,12,0,64,2,2,3.392000e+00,50179,22848,60,63,0,2561,2507,31,1,7.630000e+01,4.010000e+01,
bf_det_k16_l4_r1_c4_m3_w12g4_d32_s2_q2,det,bruteforce,16,4,1,4,3,12,4,32,2,2,3.392000e+00,40325,22331,60,59,0,2189,2399,27,1,8.480000e+01,5.130000e+01,
bf_det_k16_l4_r1_c4_m3_w12g4_d64_s2_q2,det,bruteforce,16,4,1,4,3,12,4,64,2,2,3.392000e+00,51457,23740,60,63,0,2561,2507,31,1,6.790000e+01,5.360000e+01,
bf_det_k16_l4_r1_c4_m3_w12g8_d32_s2_q2,det,bruteforce,16,4,1,4,3,12,8,32,2,2,3.392000e+00,41151,23100,60,59,0,2189,2399,27,1,7.230000e+01,5.380000e+01,
bf_det_k16_l4_r1_c4_m3_w12g8_d64_s2_q2,det,bruteforce,16,4,1,4,3,12,8,64,2,2,3.392000e+00,52285,24509,60,63,0,2561,2507,31,1,6.540000e+01,6.730000e+01,
bf_det_k16_l4_r1_c4_m3_w14g0_d32_s2_q2,det,bruteforce,16,4,1,4,3,14,0,32,2,2,3.392000e+00,42032,23518,60,65,0,2189,2399,33,1,6.590000e+01,5.950000e+01,
bf_det_k16_l4_r1_c4_m3_w14g0_d64_s2_q2,det,bruteforce,16,4,1,4,3,14,0,64,2,2,3.392000e+00,55524,24724,60,69,0,2561,2507,37,1,8.090000e+01,4.220000e+01,
bf_det_k16_l4_r1_c4_m3_w14g4_d32_s2_q2,det,bruteforce,16,4,1,4,3,14,4,32,2,2,3.392000e+00,43151,24307,60,65,0,2189,2399,33,1,7.140000e+01,5.000000e+01,
bf_det_k16_l4_r1_c4_m3_w14g4_d64_s2_q2,det,bruteforce,16,4,1,4,3,14,4,64,2,2,3.392000e+00,56644,25513,60,69,0,2561,2507,37,1,6.430000e+01,6.070000e+01,
bf_det_k16_l4_r1_c4_m3_w14g8_d32_s2_q2,det,bruteforce,16,4,1,4,3,14,8,32,2,2,3.392000e+00,44048,25179,60,65,0,2189,2399,33,1,7.120000e+01,5.980000e+01,
bf_det_k16_l4_r1_c4_m3_w14g8_d64_s2_q2,det,bruteforce,16,4,1,4,3,14,8,64,2,2,3.392000e+00,57541,26385,60,69,0,2561,2507,37,1,7.570000e+01,4.760000e+01,
bf_det_k16_l4_r1_c4_m3_w16g0_d32_s2_q2,det,bruteforce,16,4,1,4,3,16,0,32,2,2,3.392000e+00,45313,25511,60,67,0,2189,2399,35,1,6.550000e+01,5.760000e+01,
bf_det_k16_l4_r1_c4_m3_w16g0_d64_s2_q2,det,bruteforce,16,4,1,4,3,16,0,64,2,2,3.392000e+00,60692,29994,60,71,0,2561,2507,39,1,8.680000e+01,4.150000e+01,
bf_det_k16_l4_r1_c4_m3_w16g4_d32_s2_q2,det,bruteforce,16,4,1,4,3,16,4,32,2,2,3.392000e+00,46391,26232,60,67,0,2189,2399,35,1,7.060000e+01,5.100000e+01,
bf_det_k16_l4_r1_c4_m3_w16g4_d64_s2_q2,det,bruteforce,16,4,1,4,3,16,4,64,2,2,3.392000e+00,61772,30715,60,71,0,2561,2507,39,1,6.720000e+01,5.870000e+01,
bf_det_k16_l4_r1_c4_m3_w16g8_d32_s2_q2,det,bruteforce,16,4,1,4,3,16,8,32,2,2,3.392000e+00,47316,27468,60,67,0,2189,2399,35,1,6.650000e+01,6.290000e+01,
bf_det_k16_l4_r1_c4_m3_w16g8_d64_s2_q2,det,bruteforce,16,4,1,4,3,16,8,64,2,2,3.392000e+00,62698,31951,60,71,0,2561,2507,39,1,8.020000e+01,4.780000e+01,
bf_det_k16_l4_r1_c4_m4_w8g0_d32_s2_q2,det,bruteforce,16,4,1,4,4,8,0,32,2,2,3.352000e+00,34876,16313,20,52,0,2189,2399,20,1,6.450000e+01,4.830000e+01,
bf_det_k16_l4_r1_c4_m4_w8g0_d64_s2_q2,det,bruteforce,16,4,1,4,4,8,0,64,2,2,3.352000e+00,42275,17475,20,56,0,2561,2507,24,1,8.280000e+01,3.800000e+01,
bf_det_k16_l4_r1_c4_m4_w8g4_d32_s2_q2,det,bruteforce,16,4,1,4,4,8,4,32,2,2,3.352000e+00,35700,17036,20,52,0,2189,2399,20,1,7.260000e+01,4.410000e+01,
bf_det_k16_l4_r1_c4_m4_w8g4_d64_s2_q2,det,bruteforce,16,4,1,4,4,8,4,64,2,2,3.352000e+00,43098,18198,20,56,0,2561,2507,24,1,6.060000e+01,5.520000e+01,
bf_det_k16_l4_r1_c4_m4_w8g8_d32_s2_q2,det,bruteforce,16,4,1,4,4,8,8,32,2,2,3.352000e+00,36761,17908,20,52,0,2189,2399,20,1,6.760000e+01,6.000000e+01,
bf_det_k16_l4_r1_c4_m4_w8g8_d64_s2_q2,det,bruteforce,16,4,1,4,4,8,8,64,2,2,3.352000e+00,44156,19070,20,56,0,2561,2507,24,1,8.830000e+01,3.930000e+01,
bf_det_k16_l4_r1_c4_m4_w10g0_d32_s2_q2,det,bruteforce,16,4,1,4,4,10,0,32,2,2,3.352000e+00,37893,18659,28,57,0,2189,2399,25,1,7.570000e+01,5.500000e+01,
bf_det_k16_l4_r1_c4_m4_w10g0_d64_s2_q2,det,bruteforce,16,4,1,4,4,10,0,64,2,2,3.352000e+00,47117,20056,28,61,0,2561,2507,29,1,7.010000e+01,5.770000e+01,
bf_det_k16_l4_r1_c4_m4_w10g4_d32_s2_q2,det,bruteforce,16,4,1,4,4,10,4,32,2,2,3.352000e+00,39110,19551,28,57,0,2189,2399,25,1,6.800000e+01,5.010000e+01,
bf_det_k16_l4_r1_c4_m4_w10g4_d64_s2_q2,det,bruteforce,16,4,1,4,4,10,4,64,2,2,3.352000e+00,48331,20948,28,61,0,2561,2507,29,1,6.650000e+01,5.530000e+01,
bf_det_k16_l4_r1_c4_m4_w10g8_d32_s2_q2,det,bruteforce,16,4,1,4,4,10,8,32,2,2,3.352000e+00,39993,20324,28,57,0,2189,2399,25,1,6.880000e+01,5.630000e+01,
bf_det_k16_l4_r1_c4_m4_w10g8_d64_s2_q2,det,bruteforce,16,4,1,4,4,10,8,64,2,2,3.352000e+00,49215,21721,28,61,0,2561,2507,29,1,7.160000e+01,5.110000e+01,
bf_det_k16_l4_r1_c4_m4_w12g0_d32_s2_q2,det,bruteforce,16,4,1,4,4,12,0,32,2,2,3.352000e+00,39116,21629,64,59,0,2189,2399,27,1,6.780000e+01,5.880000e+01,
bf_det_k16_l4_r1_c4_m4_w12g0_d64_s2_q2,det,bruteforce,16,4,1,4,4,12,0,64,2,2,3.352000e+00,50251,23038,64,63,0,2561,2507,31,1,8.650000e+01,3.870000e+01,
bf_det_k16_l4_r1_c4_m4_w12g4_d32_s2_q2,det,bruteforce,16,4,1,4,4,12,4,32,2,2,3.352000e+00,40397,22521,64,59,0,2189,2399,27,1,8.420000e+01,4.810000e+01,
bf_det_k16_l4_r1_c4_m4_w12g4_d64_s2_q2,det,bruteforce,16,4,1,4,4,12,4,64,2,2,3.352000e+00,51529,23930,64,63,0,2561,2507,31,1,7.420000e+01,5.680000e+01,
bf_det_k16_l4_r1_c4_m4_w12g8_d32_s2_q2,det,bruteforce,16,4,1,4,4,12,8,32,2,2,3.352000e+00,41223,23290,64,59,0,2189,2399,27,1,6.690000e+01,5.580000e+01,
bf_det_k16_l4_r1_c4_m4_w12g8_d64_s2_q2,det,bruteforce,16,4,1,4,4,12,8,64,2,2,3.352000e+00,52357,24699,64,63,0,2561,2507,31,1,8.570000e+01,4.430000e+01,
bf_det_k16_l4_r1_c4_m4_w14g0_d32_s2_q2,det,bruteforce,16,4,1,4,4,14,0,32,2,2,3.352000e+00,42136,23785,64,65,0,2189,2399,33,1,6.500000e+01,5.800000e+01,
bf_det_k16_l4_r1_c4_m4_w14g0_d64_s2_q2,det,bruteforce,16,4,1,4,4,14,0,64,2,2,3.352000e+00,55628,24991,64,69,0,2561,2507,37,1,8.830000e+01,3.730000e+01,
bf_det_k16_l4_r1_c4_m4_w14g4_d32_s2_q2,det,bruteforce,16,4,1,4,4,14,4,32,2,2,3.352000e+00,43255,24574,64,65,0,2189,2399,33,1,6.550000e+01,5.740000e+01,
bf_det_k16_l4_r1_c4_m4_w14g4_d64_s2_q2,det,bruteforce,16,4,1,4,4,14,4,64,2,2,3.352000e+00,56748,25780,64,69,0,2561,2507,37,1,7.400000e+01,5.730000e+01,
bf_det_k16_l4_r1_c4_m4_w14g8_d32_s2_q2,det,bruteforce,16,4,1,4,4,14,8,32,2,2,3.352000e+00,44152,25446,64,65,0,2189,2399,33,1,5.970000e+01,5.520000e+01,
bf_det_k16_l4_r1_c4_m4_w14g8_d64_s2_q2,det,bruteforce,16,4,1,4,4,14,8,64,2,2,3.352000e+00,57645,26652,64,69,0,2561,2507,37,1,7.980000e+01,5.270000e+01,
bf_det_k16_l4_r1_c4_m4_w16g0_d32_s2_q2,det,bruteforce,16,4,1,4,4,16,0,32,2,2,3.352000e+00,45353,25661,64,67,0,2189,2399,35,1,6.230000e+01,5.600000e+01,
bf_det_k16_l4_r1_c4_m4_w16g0_d64_s2_q2,det,bruteforce,16,4,1,4,4,16,0,64,2,2,3.352000e+00,60732,30144,64,71,0,2561,2507,39,1,8.330000e+01,4.110000e+01,
bf_det_k16_l4_r1_c4_m4_w16g4_d32_s2_q2,det,bruteforce,16,4,1,4,4,16,4,32,2,2,3.352000e+00,46431,26382,64,67,0,2189,2399,35,1,6.120000e+01,5.560000e+01,
bf_det_k16_l4_r1_c4_m4_w16g4_d64_s2_q2,det,bruteforce,16,4,1,4,4,16,4,64,2,2,3.352000e+00,61812,30865,64,71,0,2561,2507,39,1,6.630000e+01,5.480000e+01,
bf_det_k16_l4_r1_c4_m4_w16g8_d32_s2_q2,det,bruteforce,16,4,1,4,4,16,8,32,2,2,3.352000e+00,47356,27618,64,67,0,2189,2399,35,1,6.630000e+01,5.540000e+01,
bf_det_k16_l4_r1_c4_m4_w16g8_d64_s2_q2,det,bruteforce,16,4,1,4,4,16,8,64,2,2,3.352000e+00,62738,32101,64,71,0,2561,2507,39,1,7.530000e+01,5.040000e+01,
bf_det_k16_l4_r4_c4_m3_w8g0_d32_s2_q2,det,bruteforce,16,4,4,4,3,8,0,32,2,2,3.392000e+00,35677,16952,60,52,0,2189,2399,20,1,6.520000e+01,4.690000e+01,
bf_det_k16_l4_r4_c4_m3_w8g0_d64_s2_q2,det,bruteforce,16,4,4,4,3,8,0,64,2,2,3.392000e+00,43089,18180,60,56,0,2561,2507,24,1,8.580000e+01,3.430000e+01,
bf_det_k16_l4_r4_c4_m3_w8g4_d32_s2_q2,det,bruteforce,16,4,4,4,3,8,4,32,2,2,3.392000e+00,36501,17675,60,52,0,2189,2399,20,1,8.300000e+01,4.060000e+01,
bf_det_k16_l4_r4_c4_m3_w8g4_d64_s2_q2,det,bruteforce,16,4,4,4,3,8,4,64,2,2,3.392000e+00,43912,18903,60,56,0,2561,2507,24,1,8.110000e+01,4.250000e+01,
bf_det_k16_l4_r4_c4_m3_w8g8_d32_s2_q2,det,bruteforce,16,4,4,4,3,8,8,32,2,2,3.392000e+00,37562,18547,60,52,0,2189,2399,20,1,7.030000e+01,4.710000e+01,
bf_det_k16_l4_r4_c4_m3_w8g8_d64_s2_q2,det,bruteforce,16,4,4,4,3,8,8,64,2,2,3.392000e+00,44970,19775,60,56,0,2561,2507,24,1,7.930000e+01,4.720000e+01,
bf_det_k16_l4_r4_c4_m3_w10g0_d32_s2_q2,det,bruteforce,16,4,4,4,3,10,0,32,2,2,3.392000e+00,38574,19500,68,57,0,2189,2399,25,1,7.610000e+01,4.280000e+01,
bf_det_k16_l4_r4_c4_m3_w10g0_d64_s2_q2,det,bruteforce,16,4,4,4,3,10,0,64,2,2,3.392000e+00,47811,20963,68,61,0,2561,2507,29,1,8.310000e+01,3.450000e+01,
bf_det_k16_l4_r4_c4_m3_w10g4_d32_s2_q2,det,bruteforce,16,4,4,4,3,10,4,32,2,2,3.392000e+00,39791,20392,68,57,0,2189,2399,25,1,7.840000e+01,4.680000e+01,
bf_det_k16_l4_r4_c4_m3_w10g4_d64_s2_q2,det,bruteforce,16,4,4,4,3,10,4,64,2,2,3.392000e+00,49025,21855,68,61,0,2561,2507,29,1,8.310000e+01,4.630000e+01,
bf_det_k16_l4_r4_c4_m3_w10g8_d32_s2_q2,det,bruteforce,16,4,4,4,3,10,8,32,2,2,3.392000e+00,40674,21165,68,57,0,2189,2399,25,1,7.630000e+01,3.780000e+01,
bf_det_k16_l4_r4_c4_m3_w10g8_d64_s2_q2,det,bruteforce,16,4,4,4,3,10,8,64,2,2,3.392000e+00,49909,22628,68,61,0,2561,2507,29,1,8.250000e+01,4.170000e+01,
bf_det_k16_l4_r4_c4_m3_w12g0_d32_s2_q2,det,bruteforce,16,4,4,4,3,12,0,32,2,2,3.392000e+00,40317,22672,96,59,0,2189,2399,27,1,8.020000e+01,3.930000e+01,
bf_det_k16_l4_r4_c4_m3_w12g0_d64_s2_q2,det,bruteforce,16,4,4,4,3,12,0,64,2,2,3.392000e+00,51465,24147,96,63,0,2561,2507,31,1,8.590000e+01,3.660000e+01,
bf_det_k16_l4_r4_c4_m3_w12g4_d32_s2_q2,det,bruteforce,16,4,4,4,3,12,4,32,2,2,3.392000e+00,41598,23564,96,59,0,2189,2399,27,1,7.270000e+01,4.590000e+01,
bf_det_k16_l4_r4_c4_m3_w12g4_d64_s2_q2,det,bruteforce,16,4,4,4,3,12,4,64,2,2,3.392000e+00,52743,25039,96,63,0,2561,2507,31,1,7.700000e+01,4.210000e+01,
bf_det_k16_l4_r4_c4_m3_w12g8_d32_s2_q2,det,bruteforce,16,4,4,4,3,12,8,32,2,2,3.392000e+00,42424,24333,96,59,0,2189,2399,27,1,7.780000e+01,4.540000e+01,
bf_det_k16_l4_r4_c4_m3_w12g8_d64_s2_q2,det,bruteforce,16,4,4,4,3,12,8,64,2,2,3.392000e+00,53571,25808,96,63,0,2561,2507,31,1,8.300000e+01,4.200000e+01,
bf_det_k16_l4_r4_c4_m3_w14g0_d32_s2_q2,det,bruteforce,16,4,4,4,3,14,0,32,2,2,3.392000e+00,43377,24955,96,65,0,2189,2399,33,1,8.340000e+01,4.320000e+01,
bf_det_k16_l4_r4_c4_m3_w14g0_d64_s2_q2,det,bruteforce,16,4,4,4,3,14,0,64,2,2,3.392000e+00,56882,26227,96,69,0,2561,2507,37,1,7.870000e+01,4.620000e+01,
bf_det_k16_l4_r4_c4_m3_w14g4_d32_s2_q2,det,bruteforce,16,4,4,4,3,14,4,32,2,2,3.392000e+00,44496,25744,96,65,0,2189,2399,33,1,7.460000e+01,4.250000e+01,
bf_det_k16_l4_r4_c4_m3_w14g4_d64_s2_q2,det,bruteforce,16,4,4,4,3,14,4,64,2,2,3.392000e+00,58002,27016,96,69,0,2561,2507,37,1,8.370000e+01,4.800000e+01,
bf_det_k16_l4_r4_c4_m3_w14g8_d32_s2_q2,det,bruteforce,16,4,4,4,3,14,8,32,2,2,3.392000e+00,45393,26616,96,65,0,2189,2399,33,1,8.150000e+01,4.850000e+01,
bf_det_k16_l4_r4_c4_m3_w14g8_d64_s2_q2,det,bruteforce,16,4,4,4,3,14,8,64,2,2,3.392000e+00,58899,27888,96,69,0,2561,2507,37,1,8.120000e+01,4.260000e+01,
bf_det_k16_l4_r4_c4_m3_w16g0_d32_s2_q2,det,bruteforce,16,4,4,4,3,16,0,32,2,2,3.392000e+00,46738,27192,96,67,0,2189,2399,35,1,7.640000e+01,4.430000e+01,
bf_det_k16_l4_r4_c4_m3_w16g0_d64_s2_q2,det,bruteforce,16,4,4,4,3,16,0,64,2,2,3.392000e+00,62130,31741,96,71,0,2561,2507,39,1,7.980000e+01,4.240000e+01,
bf_det_k16_l4_r4_c4_m3_w16g4_d32_s2_q2,det,bruteforce,16,4,4,4,3,16,4,32,2,2,3.392000e+00,47816,27913,96,67,0,2189,2399,35,1,8.320000e+01,4.080000e+01,
bf_det_k16_l4_r4_c4_m3_w16g4_d64_s2_q2,det,bruteforce,16,4,4,4,3,16,4,64,2,2,3.392000e+00,63210,32462,96,71,0,2561,2507,39,1,6.920000e+01,4.590000e+01,
bf_det_k16_l4_r4_c4_m3_w16g8_d32_s2_q2,det,bruteforce,16,4,4,4,3,16,8,32,2,2,3.392000e+00,48741,29149,96,67,0,2189,2399,35,1,7.650000e+01,4.600000e+01,
bf_det_k16_l4_r4_c4_m3_w16g8_d64_s2_q2,det,bruteforce,16,4,4,4,3,16,8,64,2,2,3.392000e+00,64136,33698,96,71,0,2561,2507,39,1,8.420000e+01,4.510000e+01,
bf_det_k16_l4_r4_c4_m4_w8g0_d32_s2_q2,det,bruteforce,16,4,4,4,4,8,0,32,2,2,3.352000e+00,36957,17494,44,52,0,2189,2399,20,1,9.240000e+01,3.960000e+01,
bf_det_k16_l4_r4_c4_m4_w8g0_d64_s2_q2,det,bruteforce,16,4,4,4,4,8,0,64,2,2,3.352000e+00,44369,18722,44,56,0,2561,2507,24,1,8.010000e+01,4.020000e+01,
bf_det_k16_l4_r4_c4_m4_w8g4_d32_s2_q2,det,bruteforce,16,4,4,4,4,8,4,32,2,2,3.352000e+00,37781,18217,44,52,0,2189,2399,20,1,8.330000e+01,3.970000e+01,
bf_det_k16_l4_r4_c4_m4_w8g4_d64_s2_q2,det,bruteforce,16,4,4,4,4,8,4,64,2,2,3.352000e+00,45192,19445,44,56,0,2561,2507,24,1,6.640000e+01,4.480000e+01,
bf_det_k16_l4_r4_c4_m4_w8g8_d32_s2_q2,det,bruteforce,16,4,4,4,4,8,8,32,2,2,3.352000e+00,38842,19089,44,52,0,2189,2399,20,1,7.320000e+01,4.610000e+01,
bf_det_k16_l4_r4_c4_m4_w8g8_d64_s2_q2,det,bruteforce,16,4,4,4,4,8,8,64,2,2,3.352000e+00,46250,20317,44,56,0,2561,2507,24,1,8.550000e+01,3.610000e+01,
bf_det_k16_l4_r4_c4_m4_w10g0_d32_s2_q2,det,bruteforce,16,4,4,4,4,10,0,32,2,2,3.352000e+00,40558,20182,52,57,0,2189,2399,25,1,7.670000e+01,3.930000e+01,
bf_det_k16_l4_r4_c4_m4_w10g0_d64_s2_q2,det,bruteforce,16,4,4,4,4,10,0,64,2,2,3.352000e+00,49795,21645,52,61,0,2561,2507,29,1,8.020000e+01,4.040000e+01,
bf_det_k16_l4_r4_c4_m4_w10g4_d32_s2_q2,det,bruteforce,16,4,4,4,4,10,4,32,2,2,3.352000e+00,41775,21074,52,57,0,2189,2399,25,1,8.210000e+01,4.040000e+01,
bf_det_k16_l4_r4_c4_m4_w10g4_d64_s2_q2,det,bruteforce,16,4,4,4,4,10,4,64,2,2,3.352000e+00,51009,22537,52,61,0,2561,2507,29,1,8.740000e+01,4.330000e+01,
bf_det_k16_l4_r4_c4_m4_w10g8_d32_s2_q2,det,bruteforce,16,4,4,4,4,10,8,32,2,2,3.352000e+00,42658,21847,52,57,0,2189,2399,25,1,7.110000e+01,4.770000e+01,
bf_det_k16_l4_r4_c4_m4_w10g8_d64_s2_q2,det,bruteforce,16,4,4,4,4,10,8,64,2,2,3.352000e+00,51893,23310,52,61,0,2561,2507,29,1,8.780000e+01,3.440000e+01,
bf_det_k16_l4_r4_c4_m4_w12g0_d32_s2_q2,det,bruteforce,16,4,4,4,4,12,0,32,2,2,3.352000e+00,40477,23494,112,59,0,2189,2399,27,1,7.760000e+01,3.600000e+01,
bf_det_k16_l4_r4_c4_m4_w12g0_d64_s2_q2,det,bruteforce,16,4,4,4,4,12,0,64,2,2,3.352000e+00,51625,24969,112,63,0,2561,2507,31,1,8.460000e+01,4.090000e+01,
bf_det_k16_l4_r4_c4_m4_w12g4_d32_s2_q2,det,bruteforce,16,4,4,4,4,12,4,32,2,2,3.352000e+00,41758,24386,112,59,0,2189,2399,27,1,7.640000e+01,4.380000e+01,
bf_det_k16_l4_r4_c4_m4_w12g4_d64_s2_q2,det,bruteforce,16,4,4,4,4,12,4,64,2,2,3.352000e+00,52903,25861,112,63,0,2561,2507,31,1,7.890000e+01,4.600000e+01,
bf_det_k16_l4_r4_c4_m4_w12g8_d32_s2_q2,det,bruteforce,16,4,4,4,4,12,8,32,2,2,3.352000e+00,42584,25155,112,59,0,2189,2399,27,1,7.230000e+01,4.010000e+01,
bf_det_k16_l4_r4_c4_m4_w12g8_d64_s2_q2,det,bruteforce,16,4,4,4,4,12,8,64,2,2,3.352000e+00,53731,26630,112,63,0,2561,2507,31,1,8.330000e+01,4.190000e+01,
bf_det_k16_l4_r4_c4_m4_w14g0_d32_s2_q2,det,bruteforce,16,4,4,4,4,14,0,32,2,2,3.352000e+00,43537,25911,112,65,0,2189,2399,33,1,8.650000e+01,3.800000e+01,
bf_det_k16_l4_r4_c4_m4_w14g0_d64_s2_q2,det,bruteforce,16,4,4,4,4,14,0,64,2,2,3.352000e+00,57042,27183,112,69,0,2561,2507,37,1,7.640000e+01,3.890000e+01,
bf_det_k16_l4_r4_c4_m4_w14g4_d32_s2_q2,det,bruteforce,16,4,4,4,4,14,4,32,2,2,3.352000e+00,44656,26700,112,65,0,2189,2399,33,1,6.910000e+01,5.570000e+01,
bf_det_k16_l4_r4_c4_m4_w14g4_d64_s2_q2,det,bruteforce,16,4,4,4,4,14,4,64,2,2,3.352000e+00,58162,27972,112,69,0,2561,2507,37,1,7.890000e+01,4.440000e+01,
bf_det_k16_l4_r4_c4_m4_w14g8_d32_s2_q2,det,bruteforce,16,4,4,4,4,14,8,32,2,2,3.352000e+00,45553,27572,112,65,0,2189,2399,33,1,8.000000e+01,3.530000e+01,
bf_det_k16_l4_r4_c4_m4_w14g8_d64_s2_q2,det,bruteforce,16,4,4,4,4,14,8,64,2,2,3.352000e+00,59059,28844,112,69,0,2561,2507,37,1,8.690000e+01,4.110000e+01,
bf_det_k16_l4_r4_c4_m4_w16g0_d32_s2_q2,det,bruteforce,16,4,4,4,4,16,0,32,2,2,3.352000e+00,46898,28288,112,67,0,2189,2399,35,1,8.030000e+01,3.990000e+01,
bf_det_k16_l4_r4_c4_m4_w16g0_d64_s2_q2,det,bruteforce,16,4,4,4,4,16,0,64,2,2,3.352000e+00,62290,32837,112,71,0,2561,2507,39,1,8.240000e+01,3.990000e+01,
bf_det_k16_l4_r4_c4_m4_w16g4_d32_s2_q2,det,bruteforce,16,4,4,4,4,16,4,32,2,2,3.352000e+00,47976,29009,112,67,0,2189,2399,35,1,8.000000e+01,3.960000e+01,
bf_det_k16_l4_r4_c4_m4_w16g4_d64_s2_q2,det,bruteforce,16,4,4,4,4,16,4,64,2,2,3.352000e+00,63370,33558,112,71,0,2561,2507,39,1,7.730000e+01,4.680000e+01,
bf_det_k16_l4_r4_c4_m4_w16g8_d32_s2_q2,det,bruteforce,16,4,4,4,4,16,8,32,2,2,3.352000e+00,48901,30245,112,67,0,2189,2399,35,1,9.060000e+01,3.740000e+01,
bf_det_k16_l4_r4_c4_m4_w16g8_d64_s2_q2,det,bruteforce,16,4,4,4,4,16,8,64,2,2,3.352000e+00,64296,34794,112,71,0,2561,2507,39,1,7.430000e+01,4.300000e+01,
bf_det_k16_l4_r16_c4_m3_w8g0_d32_s2_q2,det,bruteforce,16,4,16,4,3,8,0,32,2,2,3.392000e+00,41397,21659,204,52,0,2189,2399,20,1,9.440000e+01,4.580000e+01,
bf_det_k16_l4_r16_c4_m3_w8g0_d64_s2_q2,det,bruteforce,16,4,16,4,3,8,0,64,2,2,3.392000e+00,48808,22887,204,56,0,2561,2507,24,1,9.880000e+01,4.570000e+01,
bf_det_k16_l4_r16_c4_m3_w8g4_d32_s2_q2,det,bruteforce,16,4,16,4,3,8,4,32,2,2,3.392000e+00,42221,22382,204,52,0,2189,2399,20,1,9.290000e+01,4.300000e+01,
bf_det_k16_l4_r16_c4_m3_w8g4_d64_s2_q2,det,bruteforce,16,4,16,4,3,8,4,64,2,2,3.392000e+00,49631,23610,204,56,0,2561,2507,24,1,9.220000e+01,5.110000e+01,
bf_det_k16_l4_r16_c4_m3_w8g8_d32_s2_q2,det,bruteforce,16,4,16,4,3,8,8,32,2,2,3.392000e+00,43282,23254,204,52,0,2189,2399,20,1,1.045000e+02,3.730000e+01,
bf_det_k16_l4_r16_c4_m3_w8g8_d64_s2_q2,det,bruteforce,16,4,16,4,3,8,8,64,2,2,3.392000e+00,50689,24482,204,56,0,2561,2507,24,1,8.700000e+01,5.670000e+01,
bf_det_k16_l4_r16_c4_m3_w10g0_d32_s2_q2,det,bruteforce,16,4,16,4,3,10,0,32,2,2,3.392000e+00,44726,25267,212,57,0,2189,2399,25,1,9.270000e+01,5.190000e+01,
bf_det_k16_l4_r16_c4_m3_w10g0_d64_s2_q2,det,bruteforce,16,4,16,4,3,10,0,64,2,2,3.392000e+00,53962,26730,212,61,0,2561,2507,29,1,9.500000e+01,4.170000e+01,
bf_det_k16_l4_r16_c4_m3_w10g4_d32_s2_q2,det,bruteforce,16,4,16,4,3,10,4,32,2,2,3.392000e+00,45943,26159,212,57,0,2189,2399,25,1,9.410000e+01,4.760000e+01,
bf_det_k16_l4_r16_c4_m3_w10g4_d64_s2_q2,det,bruteforce,16,4,16,4,3,10,4,64,2,2,3.392000e+00,55176,27622,212,61,0,2561,2507,29,1,9.430000e+01,5.880000e+01,
bf_det_k16_l4_r16_c4_m3_w10g8_d32_s2_q2,det,bruteforce,16,4,16,4,3,10,8,32,2,2,3.392000e+00,46826,26932,212,57,0,2189,2399,25,1,9.770000e+01,4.940000e+01,
bf_det_k16_l4_r16_c4_m3_w10g8_d64_s2_q2,det,bruteforce,16,4,16,4,3,10,8,64,2,2,3.392000e+00,56060,28395,212,61,0,2561,2507,29,1,9.660000e+01,5.690000e+01,
bf_det_k16_l4_r16_c4_m3_w12g0_d32_s2_q2,det,bruteforce,16,4,16,4,3,12,0,32,2,2,3.392000e+00,46877,29499,240,59,0,2189,2399,27,1,9.600000e+01,4.940000e+01,
bf_det_k16_l4_r16_c4_m3_w12g0_d64_s2_q2,det,bruteforce,16,4,16,4,3,12,0,64,2,2,3.392000e+00,58024,30974,240,63,0,2561,2507,31,1,9.890000e+01,4.290000e+01,
bf_det_k16_l4_r16_c4_m3_w12g4_d32_s2_q2,det,bruteforce,16,4,16,4,3,12,4,32,2,2,3.392000e+00,48158,30391,240,59,0,2189,2399,27,1,1.040000e+02,4.810000e+01,
bf_det_k16_l4_r16_c4_m3_w12g4_d64_s2_q2,det,bruteforce,16,4,16,4,3,12,4,64,2,2,3.392000e+00,59302,31866,240,63,0,2561,2507,31,1,8.630000e+01,5.550000e+01,
bf_det_k16_l4_r16_c4_m3_w12g8_d32_s2_q2,det,bruteforce,16,4,16,4,3,12,8,32,2,2,3.392000e+00,48984,31160,240,59,0,2189,2399,27,1,1.020000e+02,3.960000e+01,
bf_det_k16_l4_r16_c4_m3_w12g8_d64_s2_q2,det,bruteforce,16,4,16,4,3,12,8,64,2,2,3.392000e+00,60130,32635,240,63,0,2561,2507,31,1,1.021000e+02,5.520000e+01,
bf_det_k16_l4_r16_c4_m3_w14g0_d32_s2_q2,det,bruteforce,16,4,16,4,3,14,0,32,2,2,3.392000e+00,50393,32842,240,65,0,2189,2399,33,1,9.100000e+01,5.570000e+01,
bf_det_k16_l4_r16_c4_m3_w14g0_d64_s2_q2,det,bruteforce,16,4,16,4,3,14,0,64,2,2,3.392000e+00,63897,34114,240,69,0,2561,2507,37,1,1.063000e+02,4.580000e+01,
bf_det_k16_l4_r16_c4_m3_w14g4_d32_s2_q2,det,bruteforce,16,4,16,4,3,14,4,32,2,2,3.392000e+00,51512,33631,240,65,0,2189,2399,33,1,9.060000e+01,5.150000e+01,
bf_det_k16_l4_r16_c4_m3_w14g4_d64_s2_q2,det,bruteforce,16,4,16,4,3,14,4,64,2,2,3.392000e+00,65017,34903,240,69,0,2561,2507,37,1,8.760000e+01,4.720000e+01,
bf_det_k16_l4_r16_c4_m3_w14g8_d32_s2_q2,det,bruteforce,16,4,16,4,3,14,8,32,2,2,3.392000e+00,52409,34503,240,65,0,2189,2399,33,1,1.036000e+02,3.880000e+01,
bf_det_k16_l4_r16_c4_m3_w14g8_d64_s2_q2,det,bruteforce,16,4,16,4,3,14,8,64,2,2,3.392000e+00,65914,35775,240,69,0,2561,2507,37,1,1.021000e+02,5.180000e+01,
bf_det_k16_l4_r16_c4_m3_w16g0_d32_s2_q2,det,bruteforce,16,4,16,4,3,16,0,32,2,2,3.392000e+00,54186,36139,240,67,0,2189,2399,35,1,8.800000e+01,6.120000e+01,
bf_det_k16_l4_r16_c4_m3_w16g0_d64_s2_q2,det,bruteforce,16,4,16,4,3,16,0,64,2,2,3.392000e+00,69577,40688,240,71,0,2561,2507,39,1,9.590000e+01,4.400000e+01,
bf_det_k16_l4_r16_c4_m3_w16g4_d32_s2_q2,det,bruteforce,16,4,16,4,3,16,4,32,2,2,3.392000e+00,55264,36860,240,67,0,2189,2399,35,1,9.770000e+01,5.490000e+01,
bf_det_k16_l4_r16_c4_m3_w16g4_d64_s2_q2,det,bruteforce,16,4,16,4,3,16,4,64,2,2,3.392000e+00,70657,41409,240,71,0,2561,2507,39,1,1.015000e+02,4.810000e+01,
bf_det_k16_l4_r16_c4_m3_w16g8_d32_s2_q2,det,bruteforce,16,4,16,4,3,16,8,32,2,2,3.392000e+00,56189,38096,240,67,0,2189,2399,35,1,1.048000e+02,3.890000e+01,
bf_det_k16_l4_r16_c4_m3_w16g8_d64_s2_q2,det,bruteforce,16,4,16,4,3,16,8,64,2,2,3.392000e+00,71583,42645,240,71,0,2561,2507,39,1,9.460000e+01,5.250000e+01,
bf_det_k16_l4_r16_c4_m4_w8g0_d32_s2_q2,det,bruteforce,16,4,16,4,4,8,0,32,2,2,3.352000e+00,46517,23918,140,52,0,2189,2399,20,1,8.310000e+01,5.170000e+01,
bf_det_k16_l4_r16_c4_m4_w8g0_d64_s2_q2,det,bruteforce,16,4,16,4,4,8,0,64,2,2,3.352000e+00,53928,25146,140,56,0,2561,2507,24,1,8.740000e+01,4.130000e+01,
bf_det_k16_l4_r16_c4_m4_w8g4_d32_s2_q2,det,bruteforce,16,4,16,4,4,8,4,32,2,2,3.352000e+00,47341,24641,140,52,0,2189,2399,20,1,9.350000e+01,5.120000e+01,
bf_det_k16_l4_r16_c4_m4_w8g4_d64_s2_q2,det,bruteforce,16,4,16,4,4,8,4,64,2,2,3.352000e+00,54751,25869,140,56,0,2561,2507,24,1,8.860000e+01,3.710000e+01,
bf_det_k16_l4_r16_c4_m4_w8g8_d32_s2_q2,det,bruteforce,16,4,16,4,4,8,8,32,2,2,3.352000e+00,48402,25513,140,52,0,2189,2399,20,1,9.900000e+01,3.620000e+01,
bf_det_k16_l4_r16_c4_m4_w8g8_d64_s2_q2,det,bruteforce,16,4,16,4,4,8,8,64,2,2,3.352000e+00,55809,26741,140,56,0,2561,2507,24,1,1.003000e+02,4.870000e+01,
bf_det_k16_l4_r16_c4_m4_w10g0_d32_s2_q2,det,bruteforce,16,4,16,4,4,10,0,32,2,2,3.352000e+00,52662,28110,148,57,0,2189,2399,25,1,8.760000e+01,5.260000e+01,
bf_det_k16_l4_r16_c4_m4_w10g0_d64_s2_q2,det,bruteforce,16,4,16,4,4,10,0,64,2,2,3.352000e+00,61898,29573,148,61,0,2561,2507,29,1,9.260000e+01,4.470000e+01,
bf_det_k16_l4_r16_c4_m4_w10g4_d32_s2_q2,det,bruteforce,16,4,16,4,4,10,4,32,2,2,3.352000e+00,53879,29002,148,57,0,2189,2399,25,1,8.900000e+01,5.110000e+01,
bf_det_k16_l4_r16_c4_m4_w10g4_d64_s2_q2,det,bruteforce,16,4,16,4,4,10,4,64,2,2,3.352000e+00,63112,30465,148,61,0,2561,2507,29,1,9.650000e+01,4.220000e+01,
bf_det_k16_l4_r16_c4_m4_w10g8_d32_s2_q2,det,bruteforce,16,4,16,4,4,10,8,32,2,2,3.352000e+00,54762,29775,148,57,0,2189,2399,25,1,9.910000e+01,4.060000e+01,
bf_det_k16_l4_r16_c4_m4_w10g8_d64_s2_q2,det,bruteforce,16,4,16,4,4,10,8,64,2,2,3.352000e+00,63996,31238,148,61,0,2561,2507,29,1,8.450000e+01,7.130000e+01,
bf_det_k16_l4_r16_c4_m4_w12g0_d32_s2_q2,det,bruteforce,16,4,16,4,4,12,0,32,2,2,3.352000e+00,47517,32910,304,59,0,2189,2399,27,1,8.660000e+01,3.850000e+01,
bf_det_k16_l4_r16_c4_m4_w12g0_d64_s2_q2,det,bruteforce,16,4,16,4,4,12,0,64,2,2,3.352000e+00,58664,34385,304,63,0,2561,2507,31,1,8.670000e+01,5.830000e+01,
bf_det_k16_l4_r16_c4_m4_w12g4_d32_s2_q2,det,bruteforce,16,4,16,4,4,12,4,32,2,2,3.352000e+00,48798,33802,304,59,0,2189,2399,27,1,9.260000e+01,5.120000e+01,
bf_det_k16_l4_r16_c4_m4_w12g4_d64_s2_q2,det,bruteforce,16,4,16,4,4,12,4,64,2,2,3.352000e+00,59942,35277,304,63,0,2561,2507,31,1,9.450000e+01,3.210000e+01,
bf_det_k16_l4_r16_c4_m4_w12g8_d32_s2_q2,det,bruteforce,16,4,16,4,4,12,8,32,2,2,3.352000e+00,49624,34571,304,59,0,2189,2399,27,1,1.054000e+02,4.310000e+01,
bf_det_k16_l4_r16_c4_m4_w12g8_d64_s2_q2,det,bruteforce,16,4,16,4,4,12,8,64,2,2,3.352000e+00,60770,36046,304,63,0,2561,2507,31,1,7.740000e+01,5.560000e+01,
bf_det_k16_l4_r16_c4_m4_w14g0_d32_s2_q2,det,bruteforce,16,4,16,4,4,14,0,32,2,2,3.352000e+00,51033,36814,304,65,0,2189,2399,33,1,9.380000e+01,4.090000e+01,
bf_det_k16_l4_r16_c4_m4_w14g0_d64_s2_q2,det,bruteforce,16,4,16,4,4,14,0,64,2,2,3.352000e+00,64537,38086,304,69,0,2561,2507,37,1,9.290000e+01,5.220000e+01,
bf_det_k16_l4_r16_c4_m4_w14g4_d32_s2_q2,det,bruteforce,16,4,16,4,4,14,4,32,2,2,3.352000e+00,52152,37603,304,65,0,2189,2399,33,1,9.300000e+01,5.200000e+01,
bf_det_k16_l4_r16_c4_m4_w14g4_d64_s2_q2,det,bruteforce,16,4,16,4,4,14,4,64,2,2,3.352000e+00,65657,38875,304,69,0,2561,2507,37,1,1.099000e+02,3.590000e+01,
bf_det_k16_l4_r16_c4_m4_w14g8_d32_s2_q2,det,bruteforce,16,4,16,4,4,14,8,32,2,2,3.352000e+00,53049,38475,304,65,0,2189,2399,33,1,9.330000e+01,6.540000e+01,
bf_det_k16_l4_r16_c4_m4_w14g8_d64_s2_q2,det,bruteforce,16,4,16,4,4,14,8,64,2,2,3.352000e+00,66554,39747,304,69,0,2561,2507,37,1,1.073000e+02,3.550000e+01,
bf_det_k16_l4_r16_c4_m4_w16g0_d32_s2_q2,det,bruteforce,16,4,16,4,4,16,0,32,2,2,3.352000e+00,54826,40679,304,67,0,2189,2399,35,1,1.000000e+02,4.060000e+01,
bf_det_k16_l4_r16_c4_m4_w16g0_d64_s2_q2,det,bruteforce,16,4,16,4,4,16,0,64,2,2,3.352000e+00,70217,45228,304,71,0,2561,2507,39,1,9.140000e+01,4.860000e+01,
bf_det_k16_l4_r16_c4_m4_w16g4_d32_s2_q2,det,bruteforce,16,4,16,4,4,16,4,32,2,2,3.352000e+00,55904,41400,304,67,0,2189,2399,35,1,8.610000e+01,4.440000e+01,
bf_det_k16_l4_r16_c4_m4_w16g4_d64_s2_q2,det,bruteforce,16,4,16,4,4,16,4,64,2,2,3.352000e+00,71297,45949,304,71,0,2561,2507,39,1,9.420000e+01,5.930000e+01,
bf_det_k16_l4_r16_c4_m4_w16g8_d32_s2_q2,det,bruteforce,16,4,16,4,4,16,8,32,2,2,3.352000e+00,56829,42636,304,67,0,2189,2399,35,1,9.100000e+01,4.970000e+01,
bf_det_k16_l4_r16_c4_m4_w16g8_d64_s2_q2,det,bruteforce,16,4,16,4,4,16,8,64,2,2,3.352000e+00,72223,47185,304,71,0,2561,2507,39,1,1.226000e+02,3.630000e+01,
bf_det_k16_l16_r1_c16_m3_w8g0_d32_s2_q2,det,bruteforce,16,16,1,16,3,8,0,32,2,2,3.392000e+00,78420,34246,96,44,0,2189,2399,44,1,1.158000e+02,6.960000e+01,
bf_det_k16_l16_r1_c16_m3_w8g0_d64_s2_q2,det,bruteforce,16,16,1,16,3,8,0,64,2,2,3.392000e+00,91610,35482,96,48,0,2561,2507,48,1,1.168000e+02,7.210000e+01,
bf_det_k16_l16_r1_c16_m3_w8g4_d32_s2_q2,det,bruteforce,16,16,1,16,3,8,4,32,2,2,3.392000e+00,81484,37081,96,44,0,2189,2399,44,1,1.217000e+02,6.510000e+01,
bf_det_k16_l16_r1_c16_m3_w8g4_d64_s2_q2,det,bruteforce,16,16,1,16,3,8,4,64,2,2,3.392000e+00,94673,38317,96,48,0,2561,2507,48,1,1.371000e+02,5.380000e+01,
bf_det_k16_l16_r1_c16_m3_w8g8_d32_s2_q2,det,bruteforce,16,16,1,16,3,8,8,32,2,2,3.392000e+00,85269,40497,96,44,0,2189,2399,44,1,1.275000e+02,9.250000e+01,
bf_det_k16_l16_r1_c16_m3_w8g8_d64_s2_q2,det,bruteforce,16,16,1,16,3,8,8,64,2,2,3.392000e+00,98455,41733,96,48,0,2561,2507,48,1,1.414000e+02,6.630000e+01,
bf_det_k16_l16_r1_c16_m3_w10g0_d32_s2_q2,det,bruteforce,16,16,1,16,3,10,0,32,2,2,3.392000e+00,85347,40000,128,49,0,2189,2399,49,1,1.155000e+02,8.340000e+01,
bf_det_k16_l16_r1_c16_m3_w10g0_d64_s2_q2,det,bruteforce,16,16,1,16,3,10,0,64,2,2,3.392000e+00,102181,41704,128,53,0,2561,2507,53,1,1.277000e+02,6.880000e+01,
bf_det_k16_l16_r1_c16_m3_w10g4_d32_s2_q2,det,bruteforce,16,16,1,16,3,10,4,32,2,2,3.392000e+00,89864,43496,128,49,0,2189,2399,49,1,1.295000e+02,7.740000e+01,
bf_det_k16_l16_r1_c16_m3_w10g4_d64_s2_q2,det,bruteforce,16,16,1,16,3,10,4,64,2,2,3.392000e+00,106695,45200,128,53,0,2561,2507,53,1,1.081000e+02,8.260000e+01,
bf_det_k16_l16_r1_c16_m3_w10g8_d32_s2_q2,det,bruteforce,16,16,1,16,3,10,8,32,2,2,3.392000e+00,92999,46525,128,49,0,2189,2399,49,1,1.114000e+02,8.440000e+01,
bf_det_k16_l16_r1_c16_m3_w10g8_d64_s2_q2,det,bruteforce,16,16,1,16,3,10,8,64,2,2,3.392000e+00,109831,48229,128,53,0,2561,2507,53,1,1.478000e+02,6.440000e+01,
bf_det_k16_l16_r1_c16_m3_w12g0_d32_s2_q2,det,bruteforce,16,16,1,16,3,12,0,32,2,2,3.392000e+00,86124,46563,240,59,0,2189,2399,59,1,1.266000e+02,7.530000e+01,
bf_det_k16_l16_r1_c16_m3_w12g0_d64_s2_q2,det,bruteforce,16,16,1,16,3,12,0,64,2,2,3.392000e+00,106635,47572,240,63,0,2561,2507,63,1,1.300000e+02,7.470000e+01,
bf_det_k16_l16_r1_c16_m3_w12g4_d32_s2_q2,det,bruteforce,16,16,1,16,3,12,4,32,2,2,3.392000e+00,90789,50059,240,59,0,2189,2399,59,1,1.219000e+02,7.460000e+01,
bf_det_k16_l16_r1_c16_m3_w12g4_d64_s2_q2,det,bruteforce,16,16,1,16,3,12,4,64,2,2,3.392000e+00,111297,51068,240,63,0,2561,2507,63,1,1.140000e+02,8.700000e+01,
bf_det_k16_l16_r1_c16_m3_w12g8_d32_s2_q2,det,bruteforce,16,16,1,16,3,12,8,32,2,2,3.392000e+00,93735,53072,240,59,0,2189,2399,59,1,1.081000e+02,8.980000e+01,
bf_det_k16_l16_r1_c16_m3_w12g8_d64_s2_q2,det,bruteforce,16,16,1,16,3,12,8,64,2,2,3.392000e+00,114245,54081,240,63,0,2561,2507,63,1,1.415000e+02,6.470000e+01,
bf_det_k16_l16_r1_c16_m3_w14g0_d32_s2_q2,det,bruteforce,16,16,1,16,3,14,0,32,2,2,3.392000e+00,93532,53255,240,69,0,2189,2399,69,1,1.320000e+02,7.940000e+01,
bf_det_k16_l16_r1_c16_m3_w14g0_d64_s2_q2,det,bruteforce,16,16,1,16,3,14,0,64,2,2,3.392000e+00,117943,54416,240,73,0,2561,2507,73,1,1.342000e+02,8.770000e+01,
bf_det_k16_l16_r1_c16_m3_w14g4_d32_s2_q2,det,bruteforce,16,16,1,16,3,14,4,32,2,2,3.392000e+00,97611,56348,240,69,0,2189,2399,69,1,1.391000e+02,8.850000e+01,
bf_det_k16_l16_r1_c16_m3_w14g4_d64_s2_q2,det,bruteforce,16,16,1,16,3,14,4,64,2,2,3.392000e+00,122023,57509,240,73,0,2561,2507,73,1,1.104000e+02,8.530000e+01,
bf_det_k16_l16_r1_c16_m3_w14g8_d32_s2_q2,det,bruteforce,16,16,1,16,3,14,8,32,2,2,3.392000e+00,100812,59764,240,69,0,2189,2399,69,1,1.221000e+02,1.058000e+02,
bf_det_k16_l16_r1_c16_m3_w14g8_d64_s2_q2,det,bruteforce,16,16,1,16,3,14,8,64,2,2,3.392000e+00,125224,60925,240,73,0,2561,2507,73,1,1.296000e+02,5.630000e+01,
bf_det_k16_l16_r1_c16_m3_w16g0_d32_s2_q2,det,bruteforce,16,16,1,16,3,16,0,32,2,2,3.392000e+00,102203,59406,240,79,0,2189,2399,79,1,1.189000e+02,8.740000e+01,
bf_det_k16_l16_r1_c16_m3_w16g0_d64_s2_q2,det,bruteforce,16,16,1,16,3,16,0,64,2,2,3.392000e+00,130387,66258,240,83,0,2561,2507,83,1,1.269000e+02,8.180000e+01,
bf_det_k16_l16_r1_c16_m3_w16g4_d32_s2_q2,det,bruteforce,16,16,1,16,3,16,4,32,2,2,3.392000e+00,106157,62227,240,79,0,2189,2399,79,1,1.256000e+02,1.136000e+02,
bf_det_k16_l16_r1_c16_m3_w16g4_d64_s2_q2,det,bruteforce,16,16,1,16,3,16,4,64,2,2,3.392000e+00,134343,69079,240,83,0,2561,2507,83,1,1.154000e+02,1.171000e+02,
bf_det_k16_l16_r1_c16_m3_w16g8_d32_s2_q2,det,bruteforce,16,16,1,16,3,16,8,32,2,2,3.392000e+00,109470,67099,240,79,0,2189,2399,79,1,1.143000e+02,1.298000e+02,
bf_det_k16_l16_r1_c16_m3_w16g8_d64_s2_q2,det,bruteforce,16,16,1,16,3,16,8,64,2,2,3.392000e+00,137657,73951,240,83,0,2561,2507,83,1,1.472000e+02,6.820000e+01,
bf_det_k16_l16_r1_c16_m4_w8g0_d32_s2_q2,det,bruteforce,16,16,1,16,4,8,0,32,2,2,3.352000e+00,79700,34747,80,44,0,2189,2399,44,1,1.270000e+02,7.150000e+01,
bf_det_k16_l16_r1_c16_m4_w8g0_d64_s2_q2,det,bruteforce,16,16,1,16,4,8,0,64,2,2,3.352000e+00,92890,35983,80,48,0,2561,2507,48,1,1.358000e+02,7.030000e+01,
bf_det_k16_l16_r1_c16_m4_w8g4_d32_s2_q2,det,bruteforce,16,16,1,16,4,8,4,32,2,2,3.352000e+00,82764,37582,80,44,0,2189,2399,44,1,1.089000e+02,1.120000e+02,
bf_det_k16_l16_r1_c16_m4_w8g4_d64_s2_q2,det,bruteforce,16,16,1,16,4,8,4,64,2,2,3.352000e+00,95953,38818,80,48,0,2561,2507,48,1,1.096000e+02,1.000000e+02,
bf_det_k16_l16_r1_c16_m4_w8g8_d32_s2_q2,det,bruteforce,16,16,1,16,4,8,8,32,2,2,3.352000e+00,86549,40998,80,44,0,2189,2399,44,1,9.210000e+01,1.102000e+02,
bf_det_k16_l16_r1_c16_m4_w8g8_d64_s2_q2,det,bruteforce,16,16,1,16,4,8,8,64,2,2,3.352000e+00,99735,42234,80,48,0,2561,2507,48,1,1.486000e+02,5.970000e+01,
bf_det_k16_l16_r1_c16_m4_w10g0_d32_s2_q2,det,bruteforce,16,16,1,16,4,10,0,32,2,2,3.352000e+00,87331,40627,112,49,0,2189,2399,49,1,1.240000e+02,8.540000e+01,
bf_det_k16_l16_r1_c16_m4_w10g0_d64_s2_q2,det,bruteforce,16,16,1,16,4,10,0,64,2,2,3.352000e+00,104165,42331,112,53,0,2561,2507,53,1,9.470000e+01,1.078000e+02,
bf_det_k16_l16_r1_c16_m4_w10g4_d32_s2_q2,det,bruteforce,16,16,1,16,4,10,4,32,2,2,3.352000e+00,91848,44123,112,49,0,2189,2399,49,1,1.021000e+02,9.990000e+01,
bf_det_k16_l16_r1_c16_m4_w10g4_d64_s2_q2,det,bruteforce,16,16,1,16,4,10,4,64,2,2,3.352000e+00,108679,45827,112,53,0,2561,2507,53,1,1.058000e+02,1.023000e+02,
bf_det_k16_l16_r1_c16_m4_w10g8_d32_s2_q2,det,bruteforce,16,16,1,16,4,10,8,32,2,2,3.352000e+00,94983,47152,112,49,0,2189,2399,49,1,1.201000e+02,1.088000e+02,
bf_det_k16_l16_r1_c16_m4_w10g8_d64_s2_q2,det,bruteforce,16,16,1,16,4,10,8,64,2,2,3.352000e+00,111815,48856,112,53,0,2561,2507,53,1,1.471000e+02,6.560000e+01,
bf_det_k16_l16_r1_c16_m4_w12g0_d32_s2_q2,det,bruteforce,16,16,1,16,4,12,0,32,2,2,3.352000e+00,86284,47316,256,59,0,2189,2399,59,1,1.088000e+02,1.128000e+02,
bf_det_k16_l16_r1_c16_m4_w12g0_d64_s2_q2,det,bruteforce,16,16,1,16,4,12,0,64,2,2,3.352000e+00,106795,48325,256,63,0,2561,2507,63,1,1.247000e+02,8.750000e+01,
bf_det_k16_l16_r1_c16_m4_w12g4_d32_s2_q2,det,bruteforce,16,16,1,16,4,12,4,32,2,2,3.352000e+00,90949,50812,256,59,0,2189,2399,59,1,1.106000e+02,9.480000e+01,
bf_det_k16_l16_r1_c16_m4_w12g4_d64_s2_q2,det,bruteforce,16,16,1,16,4,12,4,64,2,2,3.352000e+00,111457,51821,256,63,0,2561,2507,63,1,1.094000e+02,9.350000e+01,
bf_det_k16_l16_r1_c16_m4_w12g8_d32_s2_q2,det,bruteforce,16,16,1,16,4,12,8,32,2,2,3.352000e+00,93895,53825,256,59,0,2189,2399,59,1,1.206000e+02,9.610000e+01,
bf_det_k16_l16_r1_c16_m4_w12g8_d64_s2_q2,det,bruteforce,16,16,1,16,4,12,8,64,2,2,3.352000e+00,114405,54834,256,63,0,2561,2507,63,1,1.189000e+02,9.640000e+01,
bf_det_k16_l16_r1_c16_m4_w14g0_d32_s2_q2,det,bruteforce,16,16,1,16,4,14,0,32,2,2,3.352000e+00,93692,54128,256,69,0,2189,2399,69,1,1.332000e+02,8.770000e+01,
bf_det_k16_l16_r1_c16_m4_w14g0_d64_s2_q2,det,bruteforce,16,16,1,16,4,14,0,64,2,2,3.352000e+00,118103,55289,256,73,0,2561,2507,73,1,9.980000e+01,1.162000e+02,
bf_det_k16_l16_r1_c16_m4_w14g4_d32_s2_q2,det,bruteforce,16,16,1,16,4,14,4,32,2,2,3.352000e+00,97771,57221,256,69,0,2189,2399,69,1,1.128000e+02,6.030000e+01,
bf_det_k16_l16_r1_c16_m4_w14g4_d64_s2_q2,det,bruteforce,16,16,1,16,4,14,4,64,2,2,3.352000e+00,122183,58382,256,73,0,2561,2507,73,1,1.159000e+02,7.260000e+01,
bf_det_k16_l16_r1_c16_m4_w14g8_d32_s2_q2,det,bruteforce,16,16,1,16,4,14,8,32,2,2,3.352000e+00,100972,60637,256,69,0,2189,2399,69,1,1.181000e+02,9.050000e+01,
bf_det_k16_l16_r1_c16_m4_w14g8_d64_s2_q2,det,bruteforce,16,16,1,16,4,14,8,64,2,2,3.352000e+00,125384,61798,256,73,0,2561,2507,73,1,1.085000e+02,9.490000e+01,
bf_det_k16_l16_r1_c16_m4_w16g0_d32_s2_q2,det,bruteforce,16,16,1,16,4,16,0,32,2,2,3.352000e+00,102363,60405,256,79,0,2189,2399,79,1,1.029000e+02,1.093000e+02,
bf_det_k16_l16_r1_c16_m4_w16g0_d64_s2_q2,det,bruteforce,16,16,1,16,4,16,0,64,2,2,3.352000e+00,130547,67257,256,83,0,2561,2507,83,1,1.154000e+02,1.103000e+02,
bf_det_k16_l16_r1_c16_m4_w16g4_d32_s2_q2,det,bruteforce,16,16,1,16,4,16,4,32,2,2,3.352000e+00,106317,63226,256,79,0,2189,2399,79,1,1.382000e+02,7.200000e+01,
bf_det_k16_l16_r1_c16_m4_w16g4_d64_s2_q2,det,bruteforce,16,16,1,16,4,16,4,64,2,2,3.352000e+00,134503,70078,256,83,0,2561,2507,83,1,1.300000e+02,6.290000e+01,
bf_det_k16_l16_r1_c16_m4_w16g8_d32_s2_q2,det,bruteforce,16,16,1,16,4,16,8,32,2,2,3.352000e+00,109630,68098,256,79,0,2189,2399,79,1,1.205000e+02,9.700000e+01,
bf_det_k16_l16_r1_c16_m4_w16g8_d64_s2_q2,det,bruteforce,16,16,1,16,4,16,8,64,2,2,3.352000e+00,137817,74950,256,83,0,2561,2507,83,1,1.263000e+02,9.260000e+01,
bf_det_k16_l16_r4_c16_m3_w8g0_d32_s2_q2,det,bruteforce,16,16,4,16,3,8,0,32,2,2,3.392000e+00,84469,39021,240,44,0,2189,2399,44,1,1.367000e+02,8.960000e+01,
bf_det_k16_l16_r4_c16_m3_w8g0_d64_s2_q2,det,bruteforce,16,16,4,16,3,8,0,64,2,2,3.392000e+00,97659,40257,240,48,0,2561,2507,48,1,1.335000e+02,8.060000e+01,
bf_det_k16_l16_r4_c16_m3_w8g4_d32_s2_q2,det,bruteforce,16,16,4,16,3,8,4,32,2,2,3.392000e+00,87533,41856,240,44,0,2189,2399,44,1,1.573000e+02,6.890000e+01,
bf_det_k16_l16_r4_c16_m3_w8g4_d64_s2_q2,det,bruteforce,16,16,4,16,3,8,4,64,2,2,3.392000e+00,100722,43092,240,48,0,2561,2507,48,1,1.508000e+02,6.920000e+01,
bf_det_k16_l16_r4_c16_m3_w8g8_d32_s2_q2,det,bruteforce,16,16,4,16,3,8,8,32,2,2,3.392000e+00,91318,45272,240,44,0,2189,2399,44,1,1.391000e+02,1.034000e+02,
bf_det_k16_l16_r4_c16_m3_w8g8_d64_s2_q2,det,bruteforce,16,16,4,16,3,8,8,64,2,2,3.392000e+00,104504,46508,240,48,0,2561,2507,48,1,1.310000e+02,1.011000e+02,
bf_det_k16_l16_r4_c16_m3_w10g0_d32_s2_q2,det,bruteforce,16,16,4,16,3,10,0,32,2,2,3.392000e+00,91792,45835,272,49,0,2189,2399,49,1,1.518000e+02,6.680000e+01,
bf_det_k16_l16_r4_c16_m3_w10g0_d64_s2_q2,det,bruteforce,16,16,4,16,3,10,0,64,2,2,3.392000e+00,108626,47539,272,53,0,2561,2507,53,1,1.466000e+02,7.340000e+01,
bf_det_k16_l16_r4_c16_m3_w10g4_d32_s2_q2,det,bruteforce,16,16,4,16,3,10,4,32,2,2,3.392000e+00,96309,49331,272,49,0,2189,2399,49,1,1.504000e+02,6.580000e+01,
bf_det_k16_l16_r4_c16_m3_w10g4_d64_s2_q2,det,bruteforce,16,16,4,16,3,10,4,64,2,2,3.392000e+00,113140,51035,272,53,0,2561,2507,53,1,1.530000e+02,7.210000e+01,
bf_det_k16_l16_r4_c16_m3_w10g8_d32_s2_q2,det,bruteforce,16,16,4,16,3,10,8,32,2,2,3.392000e+00,99444,52360,272,49,0,2189,2399,49,1,1.265000e+02,9.710000e+01,
bf_det_k16_l16_r4_c16_m3_w10g8_d64_s2_q2,det,bruteforce,16,16,4,16,3,10,8,64,2,2,3.392000e+00,116276,54064,272,53,0,2561,2507,53,1,1.466000e+02,8.710000e+01,
bf_det_k16_l16_r4_c16_m3_w12g0_d32_s2_q2,det,bruteforce,16,16,4,16,3,12,0,32,2,2,3.392000e+00,92959,53458,384,59,0,2189,2399,59,1,1.477000e+02,7.090000e+01,
bf_det_k16_l16_r4_c16_m3_w12g0_d64_s2_q2,det,bruteforce,16,16,4,16,3,12,0,64,2,2,3.392000e+00,113470,54467,384,63,0,2561,2507,63,1,1.367000e+02,7.900000e+01,
bf_det_k16_l16_r4_c16_m3_w12g4_d32_s2_q2,det,bruteforce,16,16,4,16,3,12,4,32,2,2,3.392000e+00,97624,56954,384,59,0,2189,2399,59,1,1.636000e+02,5.980000e+01,
bf_det_k16_l16_r4_c16_m3_w12g4_d64_s2_q2,det,bruteforce,16,16,4,16,3,12,4,64,2,2,3.392000e+00,118132,57963,384,63,0,2561,2507,63,1,1.521000e+02,6.110000e+01,
bf_det_k16_l16_r4_c16_m3_w12g8_d32_s2_q2,det,bruteforce,16,16,4,16,3,12,8,32,2,2,3.392000e+00,100570,59967,384,59,0,2189,2399,59,1,1.363000e+02,9.620000e+01,
bf_det_k16_l16_r4_c16_m3_w12g8_d64_s2_q2,det,bruteforce,16,16,4,16,3,12,8,64,2,2,3.392000e+00,121080,60976,384,63,0,2561,2507,63,1,1.330000e+02,9.340000e+01,
bf_det_k16_l16_r4_c16_m3_w14g0_d32_s2_q2,det,bruteforce,16,16,4,16,3,14,0,32,2,2,3.392000e+00,100769,61146,384,69,0,2189,2399,69,1,1.399000e+02,8.560000e+01,
bf_det_k16_l16_r4_c16_m3_w14g0_d64_s2_q2,det,bruteforce,16,16,4,16,3,14,0,64,2,2,3.392000e+00,125180,62307,384,73,0,2561,2507,73,1,1.303000e+02,1.060000e+02,
bf_det_k16_l16_r4_c16_m3_w14g4_d32_s2_q2,det,bruteforce,16,16,4,16,3,14,4,32,2,2,3.392000e+00,104848,64239,384,69,0,2189,2399,69,1,1.615000e+02,6.350000e+01,
bf_det_k16_l16_r4_c16_m3_w14g4_d64_s2_q2,det,bruteforce,16,16,4,16,3,14,4,64,2,2,3.392000e+00,129260,65400,384,73,0,2561,2507,73,1,1.540000e+02,6.650000e+01,
bf_det_k16_l16_r4_c16_m3_w14g8_d32_s2_q2,det,bruteforce,16,16,4,16,3,14,8,32,2,2,3.392000e+00,108049,67655,384,69,0,2189,2399,69,1,1.451000e+02,9.500000e+01,
bf_det_k16_l16_r4_c16_m3_w14g8_d64_s2_q2,det,bruteforce,16,16,4,16,3,14,8,64,2,2,3.392000e+00,132461,68816,384,73,0,2561,2507,73,1,1.467000e+02,9.310000e+01,
bf_det_k16_l16_r4_c16_m3_w16g0_d32_s2_q2,det,bruteforce,16,16,4,16,3,16,0,32,2,2,3.392000e+00,109836,68421,384,79,0,2189,2399,79,1,1.470000e+02,8.510000e+01,
bf_det_k16_l16_r4_c16_m3_w16g0_d64_s2_q2,det,bruteforce,16,16,4,16,3,16,0,64,2,2,3.392000e+00,138020,75273,384,83,0,2561,2507,83,1,1.199000e+02,9.890000e+01,
bf_det_k16_l16_r4_c16_m3_w16g4_d32_s2_q2,det,bruteforce,16,16,4,16,3,16,4,32,2,2,3.392000e+00,113790,71242,384,79,0,2189,2399,79,1,1.478000e+02,6.440000e+01,
bf_det_k16_l16_r4_c16_m3_w16g4_d64_s2_q2,det,bruteforce,16,16,4,16,3,16,4,64,2,2,3.392000e+00,141976,78094,384,83,0,2561,2507,83,1,1.540000e+02,6.740000e+01,
bf_det_k16_l16_r4_c16_m3_w16g8_d32_s2_q2,det,bruteforce,16,16,4,16,3,16,8,32,2,2,3.392000e+00,117103,76114,384,79,0,2189,2399,79,1,1.516000e+02,6.920000e+01,
bf_det_k16_l16_r4_c16_m3_w16g8_d64_s2_q2,det,bruteforce,16,16,4,16,3,16,8,64,2,2,3.392000e+00,145290,82966,384,83,0,2561,2507,83,1,1.304000e+02,9.100000e+01,
bf_det_k16_l16_r4_c16_m4_w8g0_d32_s2_q2,det,bruteforce,16,16,4,16,4,8,0,32,2,2,3.352000e+00,89589,41392,176,44,0,2189,2399,44,1,1.399000e+02,7.610000e+01,
bf_det_k16_l16_r4_c16_m4_w8g0_d64_s2_q2,det,bruteforce,16,16,4,16,4,8,0,64,2,2,3.352000e+00,102779,42628,176,48,0,2561,2507,48,1,1.244000e+02,8.860000e+01,
bf_det_k16_l16_r4_c16_m4_w8g4_d32_s2_q2,det,bruteforce,16,16,4,16,4,8,4,32,2,2,3.352000e+00,92653,44227,176,44,0,2189,2399,44,1,1.484000e+02,6.180000e+01,
bf_det_k16_l16_r4_c16_m4_w8g4_d64_s2_q2,det,bruteforce,16,16,4,16,4,8,4,64,2,2,3.352000e+00,105842,45463,176,48,0,2561,2507,48,1,1.545000e+02,6.600000e+01,
bf_det_k16_l16_r4_c16_m4_w8g8_d32_s2_q2,det,bruteforce,16,16,4,16,4,8,8,32,2,2,3.352000e+00,96438,47643,176,44,0,2189,2399,44,1,1.416000e+02,7.360000e+01,
bf_det_k16_l16_r4_c16_m4_w8g8_d64_s2_q2,det,bruteforce,16,16,4,16,4,8,8,64,2,2,3.352000e+00,109624,48879,176,48,0,2561,2507,48,1,1.356000e+02,7.270000e+01,
bf_det_k16_l16_r4_c16_m4_w10g0_d32_s2_q2,det,bruteforce,16,16,4,16,4,10,0,32,2,2,3.352000e+00,99728,48798,208,49,0,2189,2399,49,1,1.352000e+02,9.000000e+01,
bf_det_k16_l16_r4_c16_m4_w10g0_d64_s2_q2,det,bruteforce,16,16,4,16,4,10,0,64,2,2,3.352000e+00,116562,50502,208,53,0,2561,2507,53,1,1.281000e+02,8.260000e+01,
bf_det_k16_l16_r4_c16_m4_w10g4_d32_s2_q2,det,bruteforce,16,16,4,16,4,10,4,32,2,2,3.352000e+00,104245,52294,208,49,0,2189,2399,49,1,1.501000e+02,6.010000e+01,
bf_det_k16_l16_r4_c16_m4_w10g4_d64_s2_q2,det,bruteforce,16,16,4,16,4,10,4,64,2,2,3.352000e+00,121076,53998,208,53,0,2561,2507,53,1,1.568000e+02,6.200000e+01,
bf_det_k16_l16_r4_c16_m4_w10g8_d32_s2_q2,det,bruteforce,16,16,4,16,4,10,8,32,2,2,3.352000e+00,107380,55323,208,49,0,2189,2399,49,1,1.351000e+02,6.220000e+01,
bf_det_k16_l16_r4_c16_m4_w10g8_d64_s2_q2,det,bruteforce,16,16,4,16,4,10,8,64,2,2,3.352000e+00,124212,57027,208,53,0,2561,2507,53,1,1.480000e+02,7.730000e+01,
bf_det_k16_l16_r4_c16_m4_w12g0_d32_s2_q2,det,bruteforce,16,16,4,16,4,12,0,32,2,2,3.352000e+00,93599,57013,448,59,0,2189,2399,59,1,1.373000e+02,8.800000e+01,
bf_det_k16_l16_r4_c16_m4_w12g0_d64_s2_q2,det,bruteforce,16,16,4,16,4,12,0,64,2,2,3.352000e+00,114110,58022,448,63,0,2561,2507,63,1,1.255000e+02,5.080000e+01,
bf_det_k16_l16_r4_c16_m4_w12g4_d32_s2_q2,det,bruteforce,16,16,4,16,4,12,4,32,2,2,3.352000e+00,98264,60509,448,59,0,2189,2399,59,1,1.450000e+02,6.420000e+01,
bf_det_k16_l16_r4_c16_m4_w12g4_d64_s2_q2,det,bruteforce,16,16,4,16,4,12,4,64,2,2,3.352000e+00,118772,61518,448,63,0,2561,2507,63,1,1.490000e+02,6.520000e+01,
bf_det_k16_l16_r4_c16_m4_w12g8_d32_s2_q2,det,bruteforce,16,16,4,16,4,12,8,32,2,2,3.352000e+00,101210,63522,448,59,0,2189,2399,59,1,1.319000e+02,6.460000e+01,
bf_det_k16_l16_r4_c16_m4_w12g8_d64_s2_q2,det,bruteforce,16,16,4,16,4,12,8,64,2,2,3.352000e+00,121720,64531,448,63,0,2561,2507,63,1,1.423000e+02,6.560000e+01,
bf_det_k16_l16_r4_c16_m4_w14g0_d32_s2_q2,det,bruteforce,16,16,4,16,4,14,0,32,2,2,3.352000e+00,101409,65286,448,69,0,2189,2399,69,1,1.389000e+02,7.850000e+01,
bf_det_k16_l16_r4_c16_m4_w14g0_d64_s2_q2,det,bruteforce,16,16,4,16,4,14,0,64,2,2,3.352000e+00,125820,66447,448,73,0,2561,2507,73,1,1.602000e+02,5.140000e+01,
bf_det_k16_l16_r4_c16_m4_w14g4_d32_s2_q2,det,bruteforce,16,16,4,16,4,14,4,32,2,2,3.352000e+00,105488,68379,448,69,0,2189,2399,69,1,1.438000e+02,6.880000e+01,
bf_det_k16_l16_r4_c16_m4_w14g4_d64_s2_q2,det,bruteforce,16,16,4,16,4,14,4,64,2,2,3.352000e+00,129900,69540,448,73,0,2561,2507,73,1,1.586000e+02,6.110000e+01,
bf_det_k16_l16_r4_c16_m4_w14g8_d32_s2_q2,det,bruteforce,16,16,4,16,4,14,8,32,2,2,3.352000e+00,108689,71795,448,69,0,2189,2399,69,1,1.268000e+02,7.400000e+01,
bf_det_k16_l16_r4_c16_m4_w14g8_d64_s2_q2,det,bruteforce,16,16,4,16,4,14,8,64,2,2,3.352000e+00,133101,72956,448,73,0,2561,2507,73,1,1.279000e+02,6.810000e+01,
bf_det_k16_l16_r4_c16_m4_w16g0_d32_s2_q2,det,bruteforce,16,16,4,16,4,16,0,32,2,2,3.352000e+00,110476,73153,448,79,0,2189,2399,79,1,1.386000e+02,8.050000e+01,
bf_det_k16_l16_r4_c16_m4_w16g0_d64_s2_q2,det,bruteforce,16,16,4,16,4,16,0,64,2,2,3.352000e+00,138660,80005,448,83,0,2561,2507,83,1,1.645000e+02,5.250000e+01,
bf_det_k16_l16_r4_c16_m4_w16g4_d32_s2_q2,det,bruteforce,16,16,4,16,4,16,4,32,2,2,3.352000e+00,114430,75974,448,79,0,2189,2399,79,1,1.424000e+02,4.210000e+01,
bf_det_k16_l16_r4_c16_m4_w16g4_d64_s2_q2,det,bruteforce,16,16,4,16,4,16,4,64,2,2,3.352000e+00,142616,82826,448,83,0,2561,2507,83,1,1.456000e+02,6.500000e+01,
bf_det_k16_l16_r4_c16_m4_w16g8_d32_s2_q2,det,bruteforce,16,16,4,16,4,16,8,32,2,2,3.352000e+00,117743,80846,448,79,0,2189,2399,79,1,1.321000e+02,8.590000e+01,
bf_det_k16_l16_r4_c16_m4_w16g8_d64_s2_q2,det,bruteforce,16,16,4,16,4,16,8,64,2,2,3.352000e+00,145930,87698,448,83,0,2561,2507,83,1,1.235000e+02,7.300000e+01,
bf_det_k16_l16_r16_c16_m3_w8g0_d32_s2_q2,det,bruteforce,16,16,16,16,3,8,0,32,2,2,3.392000e+00,106832,57831,816,44,0,2189,2399,44,1,4.348000e+02,7.090000e+01,
bf_det_k16_l16_r16_c16_m3_w8g0_d64_s2_q2,det,bruteforce,16,16,16,16,3,8,0,64,2,2,3.392000e+00,120021,59067,816,48,0,2561,2507,48,1,4.359000e+02,7.390000e+01,
bf_det_k16_l16_r16_c16_m3_w8g4_d32_s2_q2,det,bruteforce,16,16,16,16,3,8,4,32,2,2,3.392000e+00,109896,60666,816,44,0,2189,2399,44,1,4.127000e+02,9.690000e+01,
bf_det_k16_l16_r16_c16_m3_w8g4_d64_s2_q2,det,bruteforce,16,16,16,16,3,8,4,64,2,2,3.392000e+00,123084,61902,816,48,0,2561,2507,48,1,4.380000e+02,8.750000e+01,
bf_det_k16_l16_r16_c16_m3_w8g8_d32_s2_q2,det,bruteforce,16,16,16,16,3,8,8,32,2,2,3.392000e+00,113681,64082,816,44,0,2189,2399,44,1,3.960000e+02,9.990000e+01,
bf_det_k16_l16_r16_c16_m3_w8g8_d64_s2_q2,det,bruteforce,16,16,16,16,3,8,8,64,2,2,3.392000e+00,126866,65318,816,48,0,2561,2507,48,1,4.091000e+02,8.340000e+01,
bf_det_k16_l16_r16_c16_m3_w10g0_d32_s2_q2,det,bruteforce,16,16,16,16,3,10,0,32,2,2,3.392000e+00,115739,68869,848,49,0,2189,2399,49,1,4.376000e+02,7.550000e+01,
bf_det_k16_l16_r16_c16_m3_w10g0_d64_s2_q2,det,bruteforce,16,16,16,16,3,10,0,64,2,2,3.392000e+00,132572,70573,848,53,0,2561,2507,53,1,4.048000e+02,6.820000e+01,
bf_det_k16_l16_r16_c16_m3_w10g4_d32_s2_q2,det,bruteforce,16,16,16,16,3,10,4,32,2,2,3.392000e+00,120256,72365,848,49,0,2189,2399,49,1,4.085000e+02,1.060000e+02,
bf_det_k16_l16_r16_c16_m3_w10g4_d64_s2_q2,det,bruteforce,16,16,16,16,3,10,4,64,2,2,3.392000e+00,137086,74069,848,53,0,2561,2507,53,1,4.261000e+02,9.370000e+01,
bf_det_k16_l16_r16_c16_m3_w10g8_d32_s2_q2,det,bruteforce,16,16,16,16,3,10,8,32,2,2,3.392000e+00,123391,75394,848,49,0,2189,2399,49,1,4.351000e+02,9.850000e+01,
bf_det_k16_l16_r16_c16_m3_w10g8_d64_s2_q2,det,bruteforce,16,16,16,16,3,10,8,64,2,2,3.392000e+00,140222,77098,848,53,0,2561,2507,53,1,4.090000e+02,9.010000e+01,
bf_det_k16_l16_r16_c16_m3_w12g0_d32_s2_q2,det,bruteforce,16,16,16,16,3,12,0,32,2,2,3.392000e+00,118466,80716,960,59,0,2189,2399,59,1,4.198000e+02,8.080000e+01,
bf_det_k16_l16_r16_c16_m3_w12g0_d64_s2_q2,det,bruteforce,16,16,16,16,3,12,0,64,2,2,3.392000e+00,138976,81725,960,63,0,2561,2507,63,1,4.246000e+02,7.600000e+01,
bf_det_k16_l16_r16_c16_m3_w12g4_d32_s2_q2,det,bruteforce,16,16,16,16,3,12,4,32,2,2,3.392000e+00,123131,84212,960,59,0,2189,2399,59,1,3.933000e+02,9.100000e+01,
bf_det_k16_l16_r16_c16_m3_w12g4_d64_s2_q2,det,bruteforce,16,16,16,16,3,12,4,64,2,2,3.392000e+00,143638,85221,960,63,0,2561,2507,63,1,4.056000e+02,1.013000e+02,
bf_det_k16_l16_r16_c16_m3_w12g8_d32_s2_q2,det,bruteforce,16,16,16,16,3,12,8,32,2,2,3.392000e+00,126077,87225,960,59,0,2189,2399,59,1,3.440000e+02,6.680000e+01,
bf_det_k16_l16_r16_c16_m3_w12g8_d64_s2_q2,det,bruteforce,16,16,16,16,3,12,8,64,2,2,3.392000e+00,146586,88234,960,63,0,2561,2507,63,1,4.295000e+02,7.710000e+01,
bf_det_k16_l16_r16_c16_m3_w14g0_d32_s2_q2,det,bruteforce,16,16,16,16,3,14,0,32,2,2,3.392000e+00,127884,92628,960,69,0,2189,2399,69,1,3.991000e+02,8.530000e+01,
bf_det_k16_l16_r16_c16_m3_w14g0_d64_s2_q2,det,bruteforce,16,16,16,16,3,14,0,64,2,2,3.392000e+00,152294,93789,960,73,0,2561,2507,73,1,3.750000e+02,8.880000e+01,
bf_det_k16_l16_r16_c16_m3_w14g4_d32_s2_q2,det,bruteforce,16,16,16,16,3,14,4,32,2,2,3.392000e+00,131963,95721,960,69,0,2189,2399,69,1,3.866000e+02,8.930000e+01,
bf_det_k16_l16_r16_c16_m3_w14g4_d64_s2_q2,det,bruteforce,16,16,16,16,3,14,4,64,2,2,3.392000e+00,156374,96882,960,73,0,2561,2507,73,1,3.731000e+02,9.310000e+01,
bf_det_k16_l16_r16_c16_m3_w14g8_d32_s2_q2,det,bruteforce,16,16,16,16,3,14,8,32,2,2,3.392000e+00,135164,99137,960,69,0,2189,2399,69,1,3.966000e+02,9.040000e+01,
bf_det_k16_l16_r16_c16_m3_w14g8_d64_s2_q2,det,bruteforce,16,16,16,16,3,14,8,64,2,2,3.392000e+00,159575,100298,960,73,0,2561,2507,73,1,3.973000e+02,7.730000e+01,
bf_det_k16_l16_r16_c16_m3_w16g0_d32_s2_q2,det,bruteforce,16,16,16,16,3,16,0,32,2,2,3.392000e+00,138535,104127,960,79,0,2189,2399,79,1,3.915000e+02,9.250000e+01,
bf_det_k16_l16_r16_c16_m3_w16g0_d64_s2_q2,det,bruteforce,16,16,16,16,3,16,0,64,2,2,3.392000e+00,166718,110979,960,83,0,2561,2507,83,1,3.295000e+02,8.790000e+01,
bf_det_k16_l16_r16_c16_m3_w16g4_d32_s2_q2,det,bruteforce,16,16,16,16,3,16,4,32,2,2,3.392000e+00,142489,106948,960,79,0,2189,2399,79,1,3.578000e+02,8.470000e+01,
bf_det_k16_l16_r16_c16_m3_w16g4_d64_s2_q2,det,bruteforce,16,16,16,16,3,16,4,64,2,2,3.392000e+00,170674,113800,960,83,0,2561,2507,83,1,3.820000e+02,1.041000e+02,
bf_det_k16_l16_r16_c16_m3_w16g8_d32_s2_q2,det,bruteforce,16,16,16,16,3,16,8,32,2,2,3.392000e+00,145802,111820,960,79,0,2189,2399,79,1,3.503000e+02,1.012000e+02,
bf_det_k16_l16_r16_c16_m3_w16g8_d64_s2_q2,det,bruteforce,16,16,16,16,3,16,8,64,2,2,3.392000e+00,173988,118672,960,83,0,2561,2507,83,1,3.576000e+02,7.540000e+01,
bf_det_k16_l16_r16_c16_m4_w8g0_d32_s2_q2,det,bruteforce,16,16,16,16,4,8,0,32,2,2,3.352000e+00,127312,67667,560,44,0,2189,2399,44,1,3.686000e+02,8.530000e+01,
bf_det_k16_l16_r16_c16_m4_w8g0_d64_s2_q2,det,bruteforce,16,16,16,16,4,8,0,64,2,2,3.352000e+00,140501,68903,560,48,0,2561,2507,48,1,3.468000e+02,9.250000e+01,
bf_det_k16_l16_r16_c16_m4_w8g4_d32_s2_q2,det,bruteforce,16,16,16,16,4,8,4,32,2,2,3.352000e+00,130376,70502,560,44,0,2189,2399,44,1,3.577000e+02,7.120000e+01,
bf_det_k16_l16_r16_c16_m4_w8g4_d64_s2_q2,det,bruteforce,16,16,16,16,4,8,4,64,2,2,3.352000e+00,143564,71738,560,48,0,2561,2507,48,1,3.666000e+02,8.260000e+01,
bf_det_k16_l16_r16_c16_m4_w8g8_d32_s2_q2,det,bruteforce,16,16,16,16,4,8,8,32,2,2,3.352000e+00,134161,73918,560,44,0,2189,2399,44,1,3.546000e+02,8.590000e+01,
bf_det_k16_l16_r16_c16_m4_w8g8_d64_s2_q2,det,bruteforce,16,16,16,16,4,8,8,64,2,2,3.352000e+00,147346,75154,560,48,0,2561,2507,48,1,3.738000e+02,7.370000e+01,
bf_det_k16_l16_r16_c16_m4_w10g0_d32_s2_q2,det,bruteforce,16,16,16,16,4,10,0,32,2,2,3.352000e+00,147483,81185,592,49,0,2189,2399,49,1,2.443000e+02,4.980000e+01,
bf_det_k16_l16_r16_c16_m4_w10g0_d64_s2_q2,det,bruteforce,16,16,16,16,4,10,0,64,2,2,3.352000e+00,164316,82889,592,53,0,2561,2507,53,1,3.668000e+02,8.800000e+01,
bf_det_k16_l16_r16_c16_m4_w10g4_d32_s2_q2,det,bruteforce,16,16,16,16,4,10,4,32,2,2,3.352000e+00,152000,84681,592,49,0,2189,2399,49,1,3.924000e+02,8.130000e+01,
bf_det_k16_l16_r16_c16_m4_w10g4_d64_s2_q2,det,bruteforce,16,16,16,16,4,10,4,64,2,2,3.352000e+00,168830,86385,592,53,0,2561,2507,53,1,3.901000e+02,6.380000e+01,
bf_det_k16_l16_r16_c16_m4_w10g8_d32_s2_q2,det,bruteforce,16,16,16,16,4,10,8,32,2,2,3.352000e+00,155135,87710,592,49,0,2189,2399,49,1,3.337000e+02,7.050000e+01,
bf_det_k16_l16_r16_c16_m4_w10g8_d64_s2_q2,det,bruteforce,16,16,16,16,4,10,8,64,2,2,3.352000e+00,171966,89414,592,53,0,2561,2507,53,1,3.938000e+02,6.430000e+01,
bf_det_k16_l16_r16_c16_m4_w12g0_d32_s2_q2,det,bruteforce,16,16,16,16,4,12,0,32,2,2,3.352000e+00,121026,95496,1216,59,0,2189,2399,59,1,3.791000e+02,9.900000e+01,
bf_det_k16_l16_r16_c16_m4_w12g0_d64_s2_q2,det,bruteforce,16,16,16,16,4,12,0,64,2,2,3.352000e+00,141536,96505,1216,63,0,2561,2507,63,1,3.740000e+02,6.710000e+01,
bf_det_k16_l16_r16_c16_m4_w12g4_d32_s2_q2,det,bruteforce,16,16,16,16,4,12,4,32,2,2,3.352000e+00,125691,98992,1216,59,0,2189,2399,59,1,3.737000e+02,8.400000e+01,
bf_det_k16_l16_r16_c16_m4_w12g4_d64_s2_q2,det,bruteforce,16,16,16,16,4,12,4,64,2,2,3.352000e+00,146198,100001,1216,63,0,2561,2507,63,1,3.705000e+02,6.610000e+01,
bf_det_k16_l16_r16_c16_m4_w12g8_d32_s2_q2,det,bruteforce,16,16,16,16,4,12,8,32,2,2,3.352000e+00,128637,102005,1216,59,0,2189,2399,59,1,3.845000e+02,8.260000e+01,
bf_det_k16_l16_r16_c16_m4_w12g8_d64_s2_q2,det,bruteforce,16,16,16,16,4,12,8,64,2,2,3.352000e+00,149146,103014,1216,63,0,2561,2507,63,1,3.664000e+02,6.450000e+01,
bf_det_k16_l16_r16_c16_m4_w14g0_d32_s2_q2,det,bruteforce,16,16,16,16,4,14,0,32,2,2,3.352000e+00,130444,109872,1216,69,0,2189,2399,69,1,3.053000e+02,8.680000e+01,
bf_det_k16_l16_r16_c16_m4_w14g0_d64_s2_q2,det,bruteforce,16,16,16,16,4,14,0,64,2,2,3.352000e+00,154854,111033,1216,73,0,2561,2507,73,1,3.496000e+02,6.490000e+01,
bf_det_k16_l16_r16_c16_m4_w14g4_d32_s2_q2,det,bruteforce,16,16,16,16,4,14,4,32,2,2,3.352000e+00,134523,112965,1216,69,0,2189,2399,69,1,3.135000e+02,7.680000e+01,
bf_det_k16_l16_r16_c16_m4_w14g4_d64_s2_q2,det,bruteforce,16,16,16,16,4,14,4,64,2,2,3.352000e+00,158934,114126,1216,73,0,2561,2507,73,1,2.798000e+02,7.460000e+01,
bf_det_k16_l16_r16_c16_m4_w14g8_d32_s2_q2,det,bruteforce,16,16,16,16,4,14,8,32,2,2,3.352000e+00,137724,116381,1216,69,0,2189,2399,69,1,3.223000e+02,7.410000e+01,
bf_det_k16_l16_r16_c16_m4_w14g8_d64_s2_q2,det,bruteforce,16,16,16,16,4,14,8,64,2,2,3.352000e+00,162135,117542,1216,73,0,2561,2507,73,1,2.636000e+02,4.760000e+01,
bf_det_k16_l16_r16_c16_m4_w16g0_d32_s2_q2,det,bruteforce,16,16,16,16,4,16,0,32,2,2,3.352000e+00,141095,123835,1216,79,0,2189,2399,79,1,3.148000e+02,8.210000e+01,
bf_det_k16_l16_r16_c16_m4_w16g0_d64_s2_q2,det,bruteforce,16,16,16,16,4,16,0,64,2,2,3.352000e+00,169278,130687,1216,83,0,2561,2507,83,1,2.630000e+02,5.350000e+01,
bf_det_k16_l16_r16_c16_m4_w16g4_d32_s2_q2,det,bruteforce,16,16,16,16,4,16,4,32,2,2,3.352000e+00,145049,126656,1216,79,0,2189,2399,79,1,2.027000e+02,6.140000e+01,
bf_det_k16_l16_r16_c16_m4_w16g4_d64_s2_q2,det,bruteforce,16,16,16,16,4,16,4,64,2,2,3.352000e+00,173234,133508,1216,83,0,2561,2507,83,1,1.981000e+02,6.110000e+01,
bf_det_k16_l16_r16_c16_m4_w16g8_d32_s2_q2,det,bruteforce,16,16,16,16,4,16,8,32,2,2,3.352000e+00,148362,131528,1216,79,0,2189,2399,79,1,1.952000e+02,6.080000e+01,
bf_det_k16_l16_r16_c16_m4_w16g8_d64_s2_q2,det,bruteforce,16,16,16,16,4,16,8,64,2,2,3.352000e+00,176548,138380,1216,83,0,2561,2507,83,1,1.835000e+02,4.120000e+01,
