# cg_cycles.csv: step 8.4 of plans/mimo_cg/mimo_cg_paper_sims.md; tool=Vitis HLS / Vivado xsim 2024.1; part=xczu48dr-ffvg1517-2-e; period_ns=4
build,role,request,op,k,n,nfollow,status,prev_status,w_in,w_prev,reply_cycle,interval
cg_k16_n16_l2_w10_g0_b32,holdout,0,1,16,16,16,OK,,261,,972,
cg_k16_n16_l2_w10_g0_b32,holdout,1,2,16,16,15,OK,OK,261,261,2611,1639
cg_k16_n16_l2_w10_g0_b32,holdout,2,2,16,16,14,OK,OK,261,261,4248,1637
cg_k16_n16_l2_w10_g0_b32,holdout,3,2,16,16,13,OK,OK,261,261,5887,1639
cg_k16_n16_l2_w10_g0_b32,holdout,4,2,16,16,12,OK,OK,261,261,7524,1637
cg_k16_n16_l2_w10_g0_b32,holdout,5,2,16,16,11,OK,OK,261,261,9163,1639
cg_k16_n16_l2_w10_g0_b32,holdout,6,2,16,16,10,OK,OK,261,261,10800,1637
cg_k16_n16_l2_w10_g0_b32,holdout,7,2,16,16,9,OK,OK,261,261,12439,1639
cg_k16_n16_l2_w10_g0_b32,holdout,8,2,16,16,8,OK,OK,261,261,14076,1637
cg_k16_n16_l2_w10_g0_b32,holdout,9,2,16,16,7,OK,OK,261,261,15715,1639
cg_k16_n16_l2_w10_g0_b32,holdout,10,2,16,16,6,OK,OK,261,261,17352,1637
cg_k16_n16_l2_w10_g0_b32,holdout,11,2,16,16,5,OK,OK,261,261,18991,1639
cg_k16_n16_l2_w10_g0_b32,holdout,12,2,16,16,4,OK,OK,261,261,20628,1637
cg_k16_n16_l2_w10_g0_b32,holdout,13,2,16,16,3,OK,OK,261,261,22267,1639
cg_k16_n16_l2_w10_g0_b32,holdout,14,2,16,16,2,OK,OK,261,261,23904,1637
cg_k16_n16_l2_w10_g0_b32,holdout,15,2,16,16,1,OK,OK,261,261,25543,1639
cg_k16_n16_l2_w10_g0_b32,holdout,16,2,16,16,0,OK,OK,261,261,27180,1637
cg_k16_n16_l2_w10_g0_b32,holdout,17,1,16,16,16,OK,OK,261,261,28068,888
cg_k16_n16_l2_w10_g0_b32,holdout,18,2,16,16,15,OK,OK,261,261,29705,1637
cg_k16_n16_l2_w10_g0_b32,holdout,19,2,16,16,14,OK,OK,261,261,31344,1639
cg_k16_n16_l2_w10_g0_b32,holdout,20,2,16,16,13,OK,OK,261,261,32981,1637
cg_k16_n16_l2_w10_g0_b32,holdout,21,2,16,16,12,OK,OK,261,261,34620,1639
cg_k16_n16_l2_w10_g0_b32,holdout,22,2,16,16,11,OK,OK,261,261,36257,1637
cg_k16_n16_l2_w10_g0_b32,holdout,23,2,16,16,10,OK,OK,261,261,37896,1639
cg_k16_n16_l2_w10_g0_b32,holdout,24,2,16,16,9,OK,OK,261,261,39533,1637
cg_k16_n16_l2_w10_g0_b32,holdout,25,2,16,16,8,OK,OK,261,261,41172,1639
cg_k16_n16_l2_w10_g0_b32,holdout,26,2,16,16,7,OK,OK,261,261,42809,1637
cg_k16_n16_l2_w10_g0_b32,holdout,27,2,16,16,6,OK,OK,261,261,44448,1639
cg_k16_n16_l2_w10_g0_b32,holdout,28,2,16,16,5,OK,OK,261,261,46085,1637
cg_k16_n16_l2_w10_g0_b32,holdout,29,2,16,16,4,OK,OK,261,261,47724,1639
cg_k16_n16_l2_w10_g0_b32,holdout,30,2,16,16,3,OK,OK,261,261,49361,1637
cg_k16_n16_l2_w10_g0_b32,holdout,31,2,16,16,2,OK,OK,261,261,51000,1639
cg_k16_n16_l2_w10_g0_b32,holdout,32,2,16,16,1,OK,OK,261,261,52637,1637
cg_k16_n16_l2_w10_g0_b32,holdout,33,2,16,16,0,OK,OK,261,261,54276,1639
cg_k16_n16_l2_w10_g0_b32,holdout,34,1,16,8,2,OK,OK,133,261,54725,449
cg_k16_n16_l2_w10_g0_b32,holdout,35,2,16,8,1,OK,OK,133,133,55563,838
cg_k16_n16_l2_w10_g0_b32,holdout,36,2,16,8,0,OK,OK,133,133,56401,838
cg_k16_n16_l2_w10_g0_b32,holdout,37,1,16,8,2,OK,OK,133,133,56853,452
cg_k16_n16_l2_w10_g0_b32,holdout,38,2,16,8,1,OK,OK,133,133,57689,836
cg_k16_n16_l2_w10_g0_b32,holdout,39,2,16,8,0,OK,OK,133,133,58527,838
cg_k16_n16_l2_w10_g0_b32,holdout,40,1,7,16,3,OK,OK,117,133,58955,428
cg_k16_n16_l2_w10_g0_b32,holdout,41,2,7,16,2,OK,OK,117,117,59990,1035
cg_k16_n16_l2_w10_g0_b32,holdout,42,2,7,16,1,OK,OK,117,117,61025,1035
cg_k16_n16_l2_w10_g0_b32,holdout,43,2,7,16,0,OK,OK,117,117,62060,1035
cg_k16_n16_l2_w10_g0_b32,holdout,44,1,7,16,3,OK,OK,117,117,62488,428
cg_k16_n16_l2_w10_g0_b32,holdout,45,2,7,16,2,OK,OK,117,117,63523,1035
cg_k16_n16_l2_w10_g0_b32,holdout,46,2,7,16,1,OK,OK,117,117,64559,1036
cg_k16_n16_l2_w10_g0_b32,holdout,47,2,7,16,0,OK,OK,117,117,65595,1036
cg_k16_n16_l2_w10_g0_b32,holdout,48,1,16,2,1,OK,OK,37,117,65719,124
cg_k16_n16_l2_w10_g0_b32,holdout,49,2,16,2,0,OK,OK,37,37,65968,249
cg_k16_n16_l2_w10_g0_b32,holdout,50,1,16,2,1,OK,OK,37,37,66103,135
cg_k16_n16_l2_w10_g0_b32,holdout,51,2,16,2,0,OK,OK,37,37,66352,249
cg_k16_n16_l2_w10_g0_b32,holdout,52,1,16,8,2,OK,OK,133,37,66814,462
cg_k16_n16_l2_w10_g0_b32,holdout,53,2,16,8,1,OK,OK,133,133,67653,839
cg_k16_n16_l2_w10_g0_b32,holdout,54,7,16,8,0,BAD_OP,OK,133,133,67681,28
cg_k16_n16_l2_w10_g0_b32,holdout,55,2,16,8,0,OK,BAD_OP,133,133,68646,965
cg_k16_n16_l2_w10_g0_b32,holdout,56,7,16,16,0,BAD_OP,OK,261,133,68674,28
cg_k16_n16_l2_w10_g0_b32,holdout,57,7,16,8,0,BAD_OP,BAD_OP,133,261,68905,231
cg_k16_n16_l2_w10_g0_b32,holdout,58,7,16,2,0,BAD_OP,BAD_OP,37,133,69062,157
cg_k16_n16_l2_w10_g0_b32,holdout,59,7,16,16,0,BAD_OP,BAD_OP,261,37,69117,55
cg_k16_n16_l2_w10_g0_b32,holdout,60,1,16,2,1,OK,BAD_OP,37,261,69552,435
cg_k16_n16_l2_w10_g0_b32,holdout,61,2,16,2,0,OK,OK,37,37,69801,249
cg_k16_n16_l2_w10_g0_b32,holdout,62,7,16,8,0,BAD_OP,OK,133,37,69829,28
cg_k16_n16_l2_w10_g0_b32,holdout,63,7,16,16,0,BAD_OP,BAD_OP,261,133,69943,114
cg_k16_n16_l2_w10_g4_b64,fit,0,1,16,16,16,OK,,131,,675,
cg_k16_n16_l2_w10_g4_b64,fit,1,2,16,16,15,OK,OK,131,131,2164,1489
cg_k16_n16_l2_w10_g4_b64,fit,2,2,16,16,14,OK,OK,131,131,3651,1487
cg_k16_n16_l2_w10_g4_b64,fit,3,2,16,16,13,OK,OK,131,131,5140,1489
cg_k16_n16_l2_w10_g4_b64,fit,4,2,16,16,12,OK,OK,131,131,6627,1487
cg_k16_n16_l2_w10_g4_b64,fit,5,2,16,16,11,OK,OK,131,131,8116,1489
cg_k16_n16_l2_w10_g4_b64,fit,6,2,16,16,10,OK,OK,131,131,9603,1487
cg_k16_n16_l2_w10_g4_b64,fit,7,2,16,16,9,OK,OK,131,131,11092,1489
cg_k16_n16_l2_w10_g4_b64,fit,8,2,16,16,8,OK,OK,131,131,12579,1487
cg_k16_n16_l2_w10_g4_b64,fit,9,2,16,16,7,OK,OK,131,131,14068,1489
cg_k16_n16_l2_w10_g4_b64,fit,10,2,16,16,6,OK,OK,131,131,15555,1487
cg_k16_n16_l2_w10_g4_b64,fit,11,2,16,16,5,OK,OK,131,131,17044,1489
cg_k16_n16_l2_w10_g4_b64,fit,12,2,16,16,4,OK,OK,131,131,18531,1487
cg_k16_n16_l2_w10_g4_b64,fit,13,2,16,16,3,OK,OK,131,131,20020,1489
cg_k16_n16_l2_w10_g4_b64,fit,14,2,16,16,2,OK,OK,131,131,21507,1487
cg_k16_n16_l2_w10_g4_b64,fit,15,2,16,16,1,OK,OK,131,131,22996,1489
cg_k16_n16_l2_w10_g4_b64,fit,16,2,16,16,0,OK,OK,131,131,24483,1487
cg_k16_n16_l2_w10_g4_b64,fit,17,1,16,16,16,OK,OK,131,131,25086,603
cg_k16_n16_l2_w10_g4_b64,fit,18,2,16,16,15,OK,OK,131,131,26573,1487
cg_k16_n16_l2_w10_g4_b64,fit,19,2,16,16,14,OK,OK,131,131,28062,1489
cg_k16_n16_l2_w10_g4_b64,fit,20,2,16,16,13,OK,OK,131,131,29549,1487
cg_k16_n16_l2_w10_g4_b64,fit,21,2,16,16,12,OK,OK,131,131,31038,1489
cg_k16_n16_l2_w10_g4_b64,fit,22,2,16,16,11,OK,OK,131,131,32525,1487
cg_k16_n16_l2_w10_g4_b64,fit,23,2,16,16,10,OK,OK,131,131,34014,1489
cg_k16_n16_l2_w10_g4_b64,fit,24,2,16,16,9,OK,OK,131,131,35501,1487
cg_k16_n16_l2_w10_g4_b64,fit,25,2,16,16,8,OK,OK,131,131,36990,1489
cg_k16_n16_l2_w10_g4_b64,fit,26,2,16,16,7,OK,OK,131,131,38477,1487
cg_k16_n16_l2_w10_g4_b64,fit,27,2,16,16,6,OK,OK,131,131,39966,1489
cg_k16_n16_l2_w10_g4_b64,fit,28,2,16,16,5,OK,OK,131,131,41453,1487
cg_k16_n16_l2_w10_g4_b64,fit,29,2,16,16,4,OK,OK,131,131,42942,1489
cg_k16_n16_l2_w10_g4_b64,fit,30,2,16,16,3,OK,OK,131,131,44429,1487
cg_k16_n16_l2_w10_g4_b64,fit,31,2,16,16,2,OK,OK,131,131,45918,1489
cg_k16_n16_l2_w10_g4_b64,fit,32,2,16,16,1,OK,OK,131,131,47405,1487
cg_k16_n16_l2_w10_g4_b64,fit,33,2,16,16,0,OK,OK,131,131,48894,1489
cg_k16_n16_l2_w10_g4_b64,fit,34,1,16,8,2,OK,OK,67,131,49198,304
cg_k16_n16_l2_w10_g4_b64,fit,35,2,16,8,1,OK,OK,67,67,49967,769
cg_k16_n16_l2_w10_g4_b64,fit,36,2,16,8,0,OK,OK,67,67,50736,769
cg_k16_n16_l2_w10_g4_b64,fit,37,1,16,8,2,OK,OK,67,67,51048,312
cg_k16_n16_l2_w10_g4_b64,fit,38,2,16,8,1,OK,OK,67,67,51816,768
cg_k16_n16_l2_w10_g4_b64,fit,39,2,16,8,0,OK,OK,67,67,52585,769
cg_k16_n16_l2_w10_g4_b64,fit,40,1,7,16,3,OK,OK,59,67,52891,306
cg_k16_n16_l2_w10_g4_b64,fit,41,2,7,16,2,OK,OK,59,59,53939,1048
cg_k16_n16_l2_w10_g4_b64,fit,42,2,7,16,1,OK,OK,59,59,54989,1050
cg_k16_n16_l2_w10_g4_b64,fit,43,2,7,16,0,OK,OK,59,59,56038,1049
cg_k16_n16_l2_w10_g4_b64,fit,44,1,7,16,3,OK,OK,59,59,56345,307
cg_k16_n16_l2_w10_g4_b64,fit,45,2,7,16,2,OK,OK,59,59,57394,1049
cg_k16_n16_l2_w10_g4_b64,fit,46,2,7,16,1,OK,OK,59,59,58443,1049
cg_k16_n16_l2_w10_g4_b64,fit,47,2,7,16,0,OK,OK,59,59,59492,1049
cg_k16_n16_l2_w10_g4_b64,fit,48,1,16,2,1,OK,OK,19,59,59582,90
cg_k16_n16_l2_w10_g4_b64,fit,49,2,16,2,0,OK,OK,19,19,59817,235
cg_k16_n16_l2_w10_g4_b64,fit,50,1,16,2,1,OK,OK,19,19,59915,98
cg_k16_n16_l2_w10_g4_b64,fit,51,2,16,2,0,OK,OK,19,19,60150,235
cg_k16_n16_l2_w10_g4_b64,fit,52,1,16,8,2,OK,OK,67,19,60470,320
cg_k16_n16_l2_w10_g4_b64,fit,53,2,16,8,1,OK,OK,67,67,61238,768
cg_k16_n16_l2_w10_g4_b64,fit,54,7,16,8,0,BAD_OP,OK,67,67,61261,23
cg_k16_n16_l2_w10_g4_b64,fit,55,2,16,8,0,OK,BAD_OP,67,67,62094,833
cg_k16_n16_l2_w10_g4_b64,fit,56,7,16,16,0,BAD_OP,OK,131,67,62117,23
cg_k16_n16_l2_w10_g4_b64,fit,57,7,16,8,0,BAD_OP,BAD_OP,67,131,62222,105
cg_k16_n16_l2_w10_g4_b64,fit,58,7,16,2,0,BAD_OP,BAD_OP,19,67,62308,86
cg_k16_n16_l2_w10_g4_b64,fit,59,7,16,16,0,BAD_OP,BAD_OP,131,19,62343,35
cg_k16_n16_l2_w10_g4_b64,fit,60,1,16,2,1,OK,BAD_OP,19,131,62602,259
cg_k16_n16_l2_w10_g4_b64,fit,61,2,16,2,0,OK,OK,19,19,62837,235
cg_k16_n16_l2_w10_g4_b64,fit,62,7,16,8,0,BAD_OP,OK,67,19,62860,23
cg_k16_n16_l2_w10_g4_b64,fit,63,7,16,16,0,BAD_OP,BAD_OP,131,67,62910,50
cg_k16_n16_l8_w16_g0_b64,holdout,0,1,16,16,16,OK,,131,,440,
cg_k16_n16_l8_w16_g0_b64,holdout,1,2,16,16,15,OK,OK,131,131,1070,630
cg_k16_n16_l8_w16_g0_b64,holdout,2,2,16,16,14,OK,OK,131,131,1698,628
cg_k16_n16_l8_w16_g0_b64,holdout,3,2,16,16,13,OK,OK,131,131,2328,630
cg_k16_n16_l8_w16_g0_b64,holdout,4,2,16,16,12,OK,OK,131,131,2956,628
cg_k16_n16_l8_w16_g0_b64,holdout,5,2,16,16,11,OK,OK,131,131,3586,630
cg_k16_n16_l8_w16_g0_b64,holdout,6,2,16,16,10,OK,OK,131,131,4214,628
cg_k16_n16_l8_w16_g0_b64,holdout,7,2,16,16,9,OK,OK,131,131,4844,630
cg_k16_n16_l8_w16_g0_b64,holdout,8,2,16,16,8,OK,OK,131,131,5472,628
cg_k16_n16_l8_w16_g0_b64,holdout,9,2,16,16,7,OK,OK,131,131,6102,630
cg_k16_n16_l8_w16_g0_b64,holdout,10,2,16,16,6,OK,OK,131,131,6730,628
cg_k16_n16_l8_w16_g0_b64,holdout,11,2,16,16,5,OK,OK,131,131,7360,630
cg_k16_n16_l8_w16_g0_b64,holdout,12,2,16,16,4,OK,OK,131,131,7988,628
cg_k16_n16_l8_w16_g0_b64,holdout,13,2,16,16,3,OK,OK,131,131,8618,630
cg_k16_n16_l8_w16_g0_b64,holdout,14,2,16,16,2,OK,OK,131,131,9246,628
cg_k16_n16_l8_w16_g0_b64,holdout,15,2,16,16,1,OK,OK,131,131,9876,630
cg_k16_n16_l8_w16_g0_b64,holdout,16,2,16,16,0,OK,OK,131,131,10504,628
cg_k16_n16_l8_w16_g0_b64,holdout,17,1,16,16,16,OK,OK,131,131,10872,368
cg_k16_n16_l8_w16_g0_b64,holdout,18,2,16,16,15,OK,OK,131,131,11500,628
cg_k16_n16_l8_w16_g0_b64,holdout,19,2,16,16,14,OK,OK,131,131,12130,630
cg_k16_n16_l8_w16_g0_b64,holdout,20,2,16,16,13,OK,OK,131,131,12758,628
cg_k16_n16_l8_w16_g0_b64,holdout,21,2,16,16,12,OK,OK,131,131,13388,630
cg_k16_n16_l8_w16_g0_b64,holdout,22,2,16,16,11,OK,OK,131,131,14016,628
cg_k16_n16_l8_w16_g0_b64,holdout,23,2,16,16,10,OK,OK,131,131,14646,630
cg_k16_n16_l8_w16_g0_b64,holdout,24,2,16,16,9,OK,OK,131,131,15274,628
cg_k16_n16_l8_w16_g0_b64,holdout,25,2,16,16,8,OK,OK,131,131,15904,630
cg_k16_n16_l8_w16_g0_b64,holdout,26,2,16,16,7,OK,OK,131,131,16532,628
cg_k16_n16_l8_w16_g0_b64,holdout,27,2,16,16,6,OK,OK,131,131,17162,630
cg_k16_n16_l8_w16_g0_b64,holdout,28,2,16,16,5,OK,OK,131,131,17790,628
cg_k16_n16_l8_w16_g0_b64,holdout,29,2,16,16,4,OK,OK,131,131,18420,630
cg_k16_n16_l8_w16_g0_b64,holdout,30,2,16,16,3,OK,OK,131,131,19048,628
cg_k16_n16_l8_w16_g0_b64,holdout,31,2,16,16,2,OK,OK,131,131,19678,630
cg_k16_n16_l8_w16_g0_b64,holdout,32,2,16,16,1,OK,OK,131,131,20306,628
cg_k16_n16_l8_w16_g0_b64,holdout,33,2,16,16,0,OK,OK,131,131,20936,630
cg_k16_n16_l8_w16_g0_b64,holdout,34,1,16,8,2,OK,OK,67,131,21123,187
cg_k16_n16_l8_w16_g0_b64,holdout,35,2,16,8,1,OK,OK,67,67,21465,342
cg_k16_n16_l8_w16_g0_b64,holdout,36,2,16,8,0,OK,OK,67,67,21807,342
cg_k16_n16_l8_w16_g0_b64,holdout,37,1,16,8,2,OK,OK,67,67,22002,195
cg_k16_n16_l8_w16_g0_b64,holdout,38,2,16,8,1,OK,OK,67,67,22343,341
cg_k16_n16_l8_w16_g0_b64,holdout,39,2,16,8,0,OK,OK,67,67,22685,342
cg_k16_n16_l8_w16_g0_b64,holdout,40,1,7,16,3,OK,OK,59,67,22864,179
cg_k16_n16_l8_w16_g0_b64,holdout,41,2,7,16,2,OK,OK,59,59,23269,405
cg_k16_n16_l8_w16_g0_b64,holdout,42,2,7,16,1,OK,OK,59,59,23676,407
cg_k16_n16_l8_w16_g0_b64,holdout,43,2,7,16,0,OK,OK,59,59,24082,406
cg_k16_n16_l8_w16_g0_b64,holdout,44,1,7,16,3,OK,OK,59,59,24262,180
cg_k16_n16_l8_w16_g0_b64,holdout,45,2,7,16,2,OK,OK,59,59,24668,406
cg_k16_n16_l8_w16_g0_b64,holdout,46,2,7,16,1,OK,OK,59,59,25074,406
cg_k16_n16_l8_w16_g0_b64,holdout,47,2,7,16,0,OK,OK,59,59,25480,406
cg_k16_n16_l8_w16_g0_b64,holdout,48,1,16,8,1,OK,OK,67,59,25675,195
cg_k16_n16_l8_w16_g0_b64,holdout,49,2,16,8,0,OK,OK,67,67,26017,342
cg_k16_n16_l8_w16_g0_b64,holdout,50,1,16,8,1,OK,OK,67,67,26211,194
cg_k16_n16_l8_w16_g0_b64,holdout,51,2,16,8,0,OK,OK,67,67,26553,342
cg_k16_n16_l8_w16_g0_b64,holdout,52,1,16,8,2,OK,OK,67,67,26747,194
cg_k16_n16_l8_w16_g0_b64,holdout,53,2,16,8,1,OK,OK,67,67,27089,342
cg_k16_n16_l8_w16_g0_b64,holdout,54,7,16,8,0,BAD_OP,OK,67,67,27112,23
cg_k16_n16_l8_w16_g0_b64,holdout,55,2,16,8,0,OK,BAD_OP,67,67,27517,405
cg_k16_n16_l8_w16_g0_b64,holdout,56,7,16,16,0,BAD_OP,OK,131,67,27540,23
cg_k16_n16_l8_w16_g0_b64,holdout,57,7,16,8,0,BAD_OP,BAD_OP,67,131,27644,104
cg_k16_n16_l8_w16_g0_b64,holdout,58,7,16,8,0,BAD_OP,BAD_OP,67,67,27730,86
cg_k16_n16_l8_w16_g0_b64,holdout,59,7,16,16,0,BAD_OP,BAD_OP,131,67,27816,86
cg_k16_n16_l8_w16_g0_b64,holdout,60,1,16,8,1,OK,BAD_OP,67,131,28183,367
cg_k16_n16_l8_w16_g0_b64,holdout,61,2,16,8,0,OK,OK,67,67,28526,343
cg_k16_n16_l8_w16_g0_b64,holdout,62,7,16,8,0,BAD_OP,OK,67,67,28549,23
cg_k16_n16_l8_w16_g0_b64,holdout,63,7,16,16,0,BAD_OP,BAD_OP,131,67,28589,40
cg_k16_n32_l16_w16_g8_b64,fit,0,1,16,32,16,OK,,259,,728,
cg_k16_n32_l16_w16_g8_b64,fit,1,2,16,32,15,OK,OK,259,259,1713,985
cg_k16_n32_l16_w16_g8_b64,fit,2,2,16,32,14,OK,OK,259,259,2697,984
cg_k16_n32_l16_w16_g8_b64,fit,3,2,16,32,13,OK,OK,259,259,3681,984
cg_k16_n32_l16_w16_g8_b64,fit,4,2,16,32,12,OK,OK,259,259,4665,984
cg_k16_n32_l16_w16_g8_b64,fit,5,2,16,32,11,OK,OK,259,259,5649,984
cg_k16_n32_l16_w16_g8_b64,fit,6,2,16,32,10,OK,OK,259,259,6633,984
cg_k16_n32_l16_w16_g8_b64,fit,7,2,16,32,9,OK,OK,259,259,7617,984
cg_k16_n32_l16_w16_g8_b64,fit,8,2,16,32,8,OK,OK,259,259,8601,984
cg_k16_n32_l16_w16_g8_b64,fit,9,2,16,32,7,OK,OK,259,259,9585,984
cg_k16_n32_l16_w16_g8_b64,fit,10,2,16,32,6,OK,OK,259,259,10569,984
cg_k16_n32_l16_w16_g8_b64,fit,11,2,16,32,5,OK,OK,259,259,11553,984
cg_k16_n32_l16_w16_g8_b64,fit,12,2,16,32,4,OK,OK,259,259,12537,984
cg_k16_n32_l16_w16_g8_b64,fit,13,2,16,32,3,OK,OK,259,259,13521,984
cg_k16_n32_l16_w16_g8_b64,fit,14,2,16,32,2,OK,OK,259,259,14505,984
cg_k16_n32_l16_w16_g8_b64,fit,15,2,16,32,1,OK,OK,259,259,15489,984
cg_k16_n32_l16_w16_g8_b64,fit,16,2,16,32,0,OK,OK,259,259,16472,983
cg_k16_n32_l16_w16_g8_b64,fit,17,1,16,32,16,OK,OK,259,259,17120,648
cg_k16_n32_l16_w16_g8_b64,fit,18,2,16,32,15,OK,OK,259,259,18104,984
cg_k16_n32_l16_w16_g8_b64,fit,19,2,16,32,14,OK,OK,259,259,19088,984
cg_k16_n32_l16_w16_g8_b64,fit,20,2,16,32,13,OK,OK,259,259,20072,984
cg_k16_n32_l16_w16_g8_b64,fit,21,2,16,32,12,OK,OK,259,259,21056,984
cg_k16_n32_l16_w16_g8_b64,fit,22,2,16,32,11,OK,OK,259,259,22040,984
cg_k16_n32_l16_w16_g8_b64,fit,23,2,16,32,10,OK,OK,259,259,23024,984
cg_k16_n32_l16_w16_g8_b64,fit,24,2,16,32,9,OK,OK,259,259,24008,984
cg_k16_n32_l16_w16_g8_b64,fit,25,2,16,32,8,OK,OK,259,259,24992,984
cg_k16_n32_l16_w16_g8_b64,fit,26,2,16,32,7,OK,OK,259,259,25976,984
cg_k16_n32_l16_w16_g8_b64,fit,27,2,16,32,6,OK,OK,259,259,26960,984
cg_k16_n32_l16_w16_g8_b64,fit,28,2,16,32,5,OK,OK,259,259,27944,984
cg_k16_n32_l16_w16_g8_b64,fit,29,2,16,32,4,OK,OK,259,259,28928,984
cg_k16_n32_l16_w16_g8_b64,fit,30,2,16,32,3,OK,OK,259,259,29912,984
cg_k16_n32_l16_w16_g8_b64,fit,31,2,16,32,2,OK,OK,259,259,30896,984
cg_k16_n32_l16_w16_g8_b64,fit,32,2,16,32,1,OK,OK,259,259,31879,983
cg_k16_n32_l16_w16_g8_b64,fit,33,2,16,32,0,OK,OK,259,259,32864,985
cg_k16_n32_l16_w16_g8_b64,fit,34,1,16,16,2,OK,OK,131,259,33191,327
cg_k16_n32_l16_w16_g8_b64,fit,35,2,16,16,1,OK,OK,131,131,33714,523
cg_k16_n32_l16_w16_g8_b64,fit,36,2,16,16,0,OK,OK,131,131,34234,520
cg_k16_n32_l16_w16_g8_b64,fit,37,1,16,16,2,OK,OK,131,131,34564,330
cg_k16_n32_l16_w16_g8_b64,fit,38,2,16,16,1,OK,OK,131,131,35084,520
cg_k16_n32_l16_w16_g8_b64,fit,39,2,16,16,0,OK,OK,131,131,35607,523
cg_k16_n32_l16_w16_g8_b64,fit,40,1,7,32,3,OK,OK,115,131,35904,297
cg_k16_n32_l16_w16_g8_b64,fit,41,2,7,32,2,OK,OK,115,115,36501,597
cg_k16_n32_l16_w16_g8_b64,fit,42,2,7,32,1,OK,OK,115,115,37098,597
cg_k16_n32_l16_w16_g8_b64,fit,43,2,7,32,0,OK,OK,115,115,37695,597
cg_k16_n32_l16_w16_g8_b64,fit,44,1,7,32,3,OK,OK,115,115,37991,296
cg_k16_n32_l16_w16_g8_b64,fit,45,2,7,32,2,OK,OK,115,115,38588,597
cg_k16_n32_l16_w16_g8_b64,fit,46,2,7,32,1,OK,OK,115,115,39186,598
cg_k16_n32_l16_w16_g8_b64,fit,47,2,7,32,0,OK,OK,115,115,39784,598
cg_k16_n32_l16_w16_g8_b64,fit,48,1,16,16,1,OK,OK,131,115,40113,329
cg_k16_n32_l16_w16_g8_b64,fit,49,2,16,16,0,OK,OK,131,131,40635,522
cg_k16_n32_l16_w16_g8_b64,fit,50,1,16,16,1,OK,OK,131,131,40965,330
cg_k16_n32_l16_w16_g8_b64,fit,51,2,16,16,0,OK,OK,131,131,41485,520
cg_k16_n32_l16_w16_g8_b64,fit,52,1,16,16,2,OK,OK,131,131,41815,330
cg_k16_n32_l16_w16_g8_b64,fit,53,2,16,16,1,OK,OK,131,131,42335,520
cg_k16_n32_l16_w16_g8_b64,fit,54,7,16,16,0,BAD_OP,OK,131,131,42358,23
cg_k16_n32_l16_w16_g8_b64,fit,55,2,16,16,0,OK,BAD_OP,131,131,43011,653
cg_k16_n32_l16_w16_g8_b64,fit,56,7,16,32,0,BAD_OP,OK,259,131,43034,23
cg_k16_n32_l16_w16_g8_b64,fit,57,7,16,16,0,BAD_OP,BAD_OP,131,259,43261,227
cg_k16_n32_l16_w16_g8_b64,fit,58,7,16,16,0,BAD_OP,BAD_OP,131,131,43415,154
cg_k16_n32_l16_w16_g8_b64,fit,59,7,16,32,0,BAD_OP,BAD_OP,259,131,43569,154
cg_k16_n32_l16_w16_g8_b64,fit,60,1,16,16,1,OK,BAD_OP,131,259,44219,650
cg_k16_n32_l16_w16_g8_b64,fit,61,2,16,16,0,OK,OK,131,131,44742,523
cg_k16_n32_l16_w16_g8_b64,fit,62,7,16,16,0,BAD_OP,OK,131,131,44765,23
cg_k16_n32_l16_w16_g8_b64,fit,63,7,16,32,0,BAD_OP,BAD_OP,259,131,44864,99
cg_k16_n32_l2_stress_b64,fit,0,1,16,32,16,OK,,259,,1275,
cg_k16_n32_l2_stress_b64,fit,1,2,16,32,15,OK,OK,259,259,4080,2805
cg_k16_n32_l2_stress_b64,fit,2,2,16,32,14,OK,OK,259,259,6884,2804
cg_k16_n32_l2_stress_b64,fit,3,2,16,32,13,OK,OK,259,259,9688,2804
cg_k16_n32_l2_stress_b64,fit,4,2,16,32,12,OK,OK,259,259,12492,2804
cg_k16_n32_l2_stress_b64,fit,5,2,16,32,11,OK,OK,259,259,15296,2804
cg_k16_n32_l2_stress_b64,fit,6,2,16,32,10,OK,OK,259,259,18100,2804
cg_k16_n32_l2_stress_b64,fit,7,2,16,32,9,OK,OK,259,259,20904,2804
cg_k16_n32_l2_stress_b64,fit,8,2,16,32,8,OK,OK,259,259,23708,2804
cg_k16_n32_l2_stress_b64,fit,9,2,16,32,7,OK,OK,259,259,26512,2804
cg_k16_n32_l2_stress_b64,fit,10,2,16,32,6,OK,OK,259,259,29316,2804
cg_k16_n32_l2_stress_b64,fit,11,2,16,32,5,OK,OK,259,259,32120,2804
cg_k16_n32_l2_stress_b64,fit,12,2,16,32,4,OK,OK,259,259,34924,2804
cg_k16_n32_l2_stress_b64,fit,13,2,16,32,3,OK,OK,259,259,37728,2804
cg_k16_n32_l2_stress_b64,fit,14,2,16,32,2,OK,OK,259,259,40532,2804
cg_k16_n32_l2_stress_b64,fit,15,2,16,32,1,OK,OK,259,259,43336,2804
cg_k16_n32_l2_stress_b64,fit,16,2,16,32,0,OK,OK,259,259,46139,2803
cg_k16_n32_l2_stress_b64,fit,17,1,16,32,16,OK,OK,259,259,47334,1195
cg_k16_n32_l2_stress_b64,fit,18,2,16,32,15,OK,OK,259,259,50138,2804
cg_k16_n32_l2_stress_b64,fit,19,2,16,32,14,OK,OK,259,259,52942,2804
cg_k16_n32_l2_stress_b64,fit,20,2,16,32,13,OK,OK,259,259,55746,2804
cg_k16_n32_l2_stress_b64,fit,21,2,16,32,12,OK,OK,259,259,58550,2804
cg_k16_n32_l2_stress_b64,fit,22,2,16,32,11,OK,OK,259,259,61354,2804
cg_k16_n32_l2_stress_b64,fit,23,2,16,32,10,OK,OK,259,259,64158,2804
cg_k16_n32_l2_stress_b64,fit,24,2,16,32,9,OK,OK,259,259,66962,2804
cg_k16_n32_l2_stress_b64,fit,25,2,16,32,8,OK,OK,259,259,69766,2804
cg_k16_n32_l2_stress_b64,fit,26,2,16,32,7,OK,OK,259,259,72570,2804
cg_k16_n32_l2_stress_b64,fit,27,2,16,32,6,OK,OK,259,259,75374,2804
cg_k16_n32_l2_stress_b64,fit,28,2,16,32,5,OK,OK,259,259,78178,2804
cg_k16_n32_l2_stress_b64,fit,29,2,16,32,4,OK,OK,259,259,80982,2804
cg_k16_n32_l2_stress_b64,fit,30,2,16,32,3,OK,OK,259,259,83786,2804
cg_k16_n32_l2_stress_b64,fit,31,2,16,32,2,OK,OK,259,259,86590,2804
cg_k16_n32_l2_stress_b64,fit,32,2,16,32,1,OK,OK,259,259,89393,2803
cg_k16_n32_l2_stress_b64,fit,33,2,16,32,0,OK,OK,259,259,92198,2805
cg_k16_n32_l2_stress_b64,fit,34,1,16,16,2,OK,OK,131,259,92798,600
cg_k16_n32_l2_stress_b64,fit,35,2,16,16,1,OK,OK,131,131,94219,1421
cg_k16_n32_l2_stress_b64,fit,36,2,16,16,0,OK,OK,131,131,95637,1418
cg_k16_n32_l2_stress_b64,fit,37,1,16,16,2,OK,OK,131,131,96240,603
cg_k16_n32_l2_stress_b64,fit,38,2,16,16,1,OK,OK,131,131,97658,1418
cg_k16_n32_l2_stress_b64,fit,39,2,16,16,0,OK,OK,131,131,99079,1421
cg_k16_n32_l2_stress_b64,fit,40,1,7,32,3,OK,OK,115,131,99671,592
cg_k16_n32_l2_stress_b64,fit,41,2,7,32,2,OK,OK,115,115,101584,1913
cg_k16_n32_l2_stress_b64,fit,42,2,7,32,1,OK,OK,115,115,103497,1913
cg_k16_n32_l2_stress_b64,fit,43,2,7,32,0,OK,OK,115,115,105410,1913
cg_k16_n32_l2_stress_b64,fit,44,1,7,32,3,OK,OK,115,115,106001,591
cg_k16_n32_l2_stress_b64,fit,45,2,7,32,2,OK,OK,115,115,107914,1913
cg_k16_n32_l2_stress_b64,fit,46,2,7,32,1,OK,OK,115,115,109828,1914
cg_k16_n32_l2_stress_b64,fit,47,2,7,32,0,OK,OK,115,115,111742,1914
cg_k16_n32_l2_stress_b64,fit,48,1,16,2,1,OK,OK,19,115,111826,84
cg_k16_n32_l2_stress_b64,fit,49,2,16,2,0,OK,OK,19,19,112049,223
cg_k16_n32_l2_stress_b64,fit,50,1,16,2,1,OK,OK,19,19,112147,98
cg_k16_n32_l2_stress_b64,fit,51,2,16,2,0,OK,OK,19,19,112370,223
cg_k16_n32_l2_stress_b64,fit,52,1,16,16,2,OK,OK,131,19,112986,616
cg_k16_n32_l2_stress_b64,fit,53,2,16,16,1,OK,OK,131,131,114406,1420
cg_k16_n32_l2_stress_b64,fit,54,7,16,16,0,BAD_OP,OK,131,131,114429,23
cg_k16_n32_l2_stress_b64,fit,55,2,16,16,0,OK,BAD_OP,131,131,115980,1551
cg_k16_n32_l2_stress_b64,fit,56,7,16,32,0,BAD_OP,OK,259,131,116003,23
cg_k16_n32_l2_stress_b64,fit,57,7,16,16,0,BAD_OP,BAD_OP,131,259,116231,228
cg_k16_n32_l2_stress_b64,fit,58,7,16,2,0,BAD_OP,BAD_OP,19,131,116386,155
cg_k16_n32_l2_stress_b64,fit,59,7,16,32,0,BAD_OP,BAD_OP,259,19,116421,35
cg_k16_n32_l2_stress_b64,fit,60,1,16,2,1,OK,BAD_OP,19,259,116816,395
cg_k16_n32_l2_stress_b64,fit,61,2,16,2,0,OK,OK,19,19,117039,223
cg_k16_n32_l2_stress_b64,fit,62,7,16,16,0,BAD_OP,OK,131,19,117062,23
cg_k16_n32_l2_stress_b64,fit,63,7,16,32,0,BAD_OP,BAD_OP,259,131,117176,114
cg_k16_n32_l2_w10_g4_b64,holdout,0,1,16,32,16,OK,,259,,1275,
cg_k16_n32_l2_w10_g4_b64,holdout,1,2,16,32,15,OK,OK,259,259,4212,2937
cg_k16_n32_l2_w10_g4_b64,holdout,2,2,16,32,14,OK,OK,259,259,7148,2936
cg_k16_n32_l2_w10_g4_b64,holdout,3,2,16,32,13,OK,OK,259,259,10084,2936
cg_k16_n32_l2_w10_g4_b64,holdout,4,2,16,32,12,OK,OK,259,259,13020,2936
cg_k16_n32_l2_w10_g4_b64,holdout,5,2,16,32,11,OK,OK,259,259,15956,2936
cg_k16_n32_l2_w10_g4_b64,holdout,6,2,16,32,10,OK,OK,259,259,18892,2936
cg_k16_n32_l2_w10_g4_b64,holdout,7,2,16,32,9,OK,OK,259,259,21828,2936
cg_k16_n32_l2_w10_g4_b64,holdout,8,2,16,32,8,OK,OK,259,259,24764,2936
cg_k16_n32_l2_w10_g4_b64,holdout,9,2,16,32,7,OK,OK,259,259,27700,2936
cg_k16_n32_l2_w10_g4_b64,holdout,10,2,16,32,6,OK,OK,259,259,30636,2936
cg_k16_n32_l2_w10_g4_b64,holdout,11,2,16,32,5,OK,OK,259,259,33572,2936
cg_k16_n32_l2_w10_g4_b64,holdout,12,2,16,32,4,OK,OK,259,259,36508,2936
cg_k16_n32_l2_w10_g4_b64,holdout,13,2,16,32,3,OK,OK,259,259,39444,2936
cg_k16_n32_l2_w10_g4_b64,holdout,14,2,16,32,2,OK,OK,259,259,42380,2936
cg_k16_n32_l2_w10_g4_b64,holdout,15,2,16,32,1,OK,OK,259,259,45316,2936
cg_k16_n32_l2_w10_g4_b64,holdout,16,2,16,32,0,OK,OK,259,259,48251,2935
cg_k16_n32_l2_w10_g4_b64,holdout,17,1,16,32,16,OK,OK,259,259,49446,1195
cg_k16_n32_l2_w10_g4_b64,holdout,18,2,16,32,15,OK,OK,259,259,52382,2936
cg_k16_n32_l2_w10_g4_b64,holdout,19,2,16,32,14,OK,OK,259,259,55318,2936
cg_k16_n32_l2_w10_g4_b64,holdout,20,2,16,32,13,OK,OK,259,259,58254,2936
cg_k16_n32_l2_w10_g4_b64,holdout,21,2,16,32,12,OK,OK,259,259,61190,2936
cg_k16_n32_l2_w10_g4_b64,holdout,22,2,16,32,11,OK,OK,259,259,64126,2936
cg_k16_n32_l2_w10_g4_b64,holdout,23,2,16,32,10,OK,OK,259,259,67062,2936
cg_k16_n32_l2_w10_g4_b64,holdout,24,2,16,32,9,OK,OK,259,259,69998,2936
cg_k16_n32_l2_w10_g4_b64,holdout,25,2,16,32,8,OK,OK,259,259,72934,2936
cg_k16_n32_l2_w10_g4_b64,holdout,26,2,16,32,7,OK,OK,259,259,75870,2936
cg_k16_n32_l2_w10_g4_b64,holdout,27,2,16,32,6,OK,OK,259,259,78806,2936
cg_k16_n32_l2_w10_g4_b64,holdout,28,2,16,32,5,OK,OK,259,259,81742,2936
cg_k16_n32_l2_w10_g4_b64,holdout,29,2,16,32,4,OK,OK,259,259,84678,2936
cg_k16_n32_l2_w10_g4_b64,holdout,30,2,16,32,3,OK,OK,259,259,87614,2936
cg_k16_n32_l2_w10_g4_b64,holdout,31,2,16,32,2,OK,OK,259,259,90550,2936
cg_k16_n32_l2_w10_g4_b64,holdout,32,2,16,32,1,OK,OK,259,259,93485,2935
cg_k16_n32_l2_w10_g4_b64,holdout,33,2,16,32,0,OK,OK,259,259,96422,2937
cg_k16_n32_l2_w10_g4_b64,holdout,34,1,16,16,2,OK,OK,131,259,97022,600
cg_k16_n32_l2_w10_g4_b64,holdout,35,2,16,16,1,OK,OK,131,131,98511,1489
cg_k16_n32_l2_w10_g4_b64,holdout,36,2,16,16,0,OK,OK,131,131,99997,1486
cg_k16_n32_l2_w10_g4_b64,holdout,37,1,16,16,2,OK,OK,131,131,100600,603
cg_k16_n32_l2_w10_g4_b64,holdout,38,2,16,16,1,OK,OK,131,131,102086,1486
cg_k16_n32_l2_w10_g4_b64,holdout,39,2,16,16,0,OK,OK,131,131,103575,1489
cg_k16_n32_l2_w10_g4_b64,holdout,40,1,7,32,3,OK,OK,115,131,104167,592
cg_k16_n32_l2_w10_g4_b64,holdout,41,2,7,32,2,OK,OK,115,115,106212,2045
cg_k16_n32_l2_w10_g4_b64,holdout,42,2,7,32,1,OK,OK,115,115,108257,2045
cg_k16_n32_l2_w10_g4_b64,holdout,43,2,7,32,0,OK,OK,115,115,110302,2045
cg_k16_n32_l2_w10_g4_b64,holdout,44,1,7,32,3,OK,OK,115,115,110893,591
cg_k16_n32_l2_w10_g4_b64,holdout,45,2,7,32,2,OK,OK,115,115,112938,2045
cg_k16_n32_l2_w10_g4_b64,holdout,46,2,7,32,1,OK,OK,115,115,114984,2046
cg_k16_n32_l2_w10_g4_b64,holdout,47,2,7,32,0,OK,OK,115,115,117030,2046
cg_k16_n32_l2_w10_g4_b64,holdout,48,1,16,2,1,OK,OK,19,115,117114,84
cg_k16_n32_l2_w10_g4_b64,holdout,49,2,16,2,0,OK,OK,19,19,117349,235
cg_k16_n32_l2_w10_g4_b64,holdout,50,1,16,2,1,OK,OK,19,19,117447,98
cg_k16_n32_l2_w10_g4_b64,holdout,51,2,16,2,0,OK,OK,19,19,117682,235
cg_k16_n32_l2_w10_g4_b64,holdout,52,1,16,16,2,OK,OK,131,19,118298,616
cg_k16_n32_l2_w10_g4_b64,holdout,53,2,16,16,1,OK,OK,131,131,119786,1488
cg_k16_n32_l2_w10_g4_b64,holdout,54,7,16,16,0,BAD_OP,OK,131,131,119809,23
cg_k16_n32_l2_w10_g4_b64,holdout,55,2,16,16,0,OK,BAD_OP,131,131,121428,1619
cg_k16_n32_l2_w10_g4_b64,holdout,56,7,16,32,0,BAD_OP,OK,259,131,121451,23
cg_k16_n32_l2_w10_g4_b64,holdout,57,7,16,16,0,BAD_OP,BAD_OP,131,259,121679,228
cg_k16_n32_l2_w10_g4_b64,holdout,58,7,16,2,0,BAD_OP,BAD_OP,19,131,121834,155
cg_k16_n32_l2_w10_g4_b64,holdout,59,7,16,32,0,BAD_OP,BAD_OP,259,19,121869,35
cg_k16_n32_l2_w10_g4_b64,holdout,60,1,16,2,1,OK,BAD_OP,19,259,122264,395
cg_k16_n32_l2_w10_g4_b64,holdout,61,2,16,2,0,OK,OK,19,19,122499,235
cg_k16_n32_l2_w10_g4_b64,holdout,62,7,16,16,0,BAD_OP,OK,131,19,122522,23
cg_k16_n32_l2_w10_g4_b64,holdout,63,7,16,32,0,BAD_OP,BAD_OP,259,131,122636,114
cg_k16_n32_l4_w12_g8_b32,holdout,0,1,16,32,16,OK,,517,,1548,
cg_k16_n32_l4_w12_g8_b32,holdout,1,2,16,32,15,OK,OK,517,517,4070,2522
cg_k16_n32_l4_w12_g8_b32,holdout,2,2,16,32,14,OK,OK,517,517,6591,2521
cg_k16_n32_l4_w12_g8_b32,holdout,3,2,16,32,13,OK,OK,517,517,9112,2521
cg_k16_n32_l4_w12_g8_b32,holdout,4,2,16,32,12,OK,OK,517,517,11633,2521
cg_k16_n32_l4_w12_g8_b32,holdout,5,2,16,32,11,OK,OK,517,517,14154,2521
cg_k16_n32_l4_w12_g8_b32,holdout,6,2,16,32,10,OK,OK,517,517,16675,2521
cg_k16_n32_l4_w12_g8_b32,holdout,7,2,16,32,9,OK,OK,517,517,19196,2521
cg_k16_n32_l4_w12_g8_b32,holdout,8,2,16,32,8,OK,OK,517,517,21717,2521
cg_k16_n32_l4_w12_g8_b32,holdout,9,2,16,32,7,OK,OK,517,517,24238,2521
cg_k16_n32_l4_w12_g8_b32,holdout,10,2,16,32,6,OK,OK,517,517,26759,2521
cg_k16_n32_l4_w12_g8_b32,holdout,11,2,16,32,5,OK,OK,517,517,29280,2521
cg_k16_n32_l4_w12_g8_b32,holdout,12,2,16,32,4,OK,OK,517,517,31801,2521
cg_k16_n32_l4_w12_g8_b32,holdout,13,2,16,32,3,OK,OK,517,517,34322,2521
cg_k16_n32_l4_w12_g8_b32,holdout,14,2,16,32,2,OK,OK,517,517,36843,2521
cg_k16_n32_l4_w12_g8_b32,holdout,15,2,16,32,1,OK,OK,517,517,39364,2521
cg_k16_n32_l4_w12_g8_b32,holdout,16,2,16,32,0,OK,OK,517,517,41884,2520
cg_k16_n32_l4_w12_g8_b32,holdout,17,1,16,32,16,OK,OK,517,517,43332,1448
cg_k16_n32_l4_w12_g8_b32,holdout,18,2,16,32,15,OK,OK,517,517,45853,2521
cg_k16_n32_l4_w12_g8_b32,holdout,19,2,16,32,14,OK,OK,517,517,48374,2521
cg_k16_n32_l4_w12_g8_b32,holdout,20,2,16,32,13,OK,OK,517,517,50895,2521
cg_k16_n32_l4_w12_g8_b32,holdout,21,2,16,32,12,OK,OK,517,517,53416,2521
cg_k16_n32_l4_w12_g8_b32,holdout,22,2,16,32,11,OK,OK,517,517,55937,2521
cg_k16_n32_l4_w12_g8_b32,holdout,23,2,16,32,10,OK,OK,517,517,58458,2521
cg_k16_n32_l4_w12_g8_b32,holdout,24,2,16,32,9,OK,OK,517,517,60979,2521
cg_k16_n32_l4_w12_g8_b32,holdout,25,2,16,32,8,OK,OK,517,517,63500,2521
cg_k16_n32_l4_w12_g8_b32,holdout,26,2,16,32,7,OK,OK,517,517,66021,2521
cg_k16_n32_l4_w12_g8_b32,holdout,27,2,16,32,6,OK,OK,517,517,68542,2521
cg_k16_n32_l4_w12_g8_b32,holdout,28,2,16,32,5,OK,OK,517,517,71063,2521
cg_k16_n32_l4_w12_g8_b32,holdout,29,2,16,32,4,OK,OK,517,517,73584,2521
cg_k16_n32_l4_w12_g8_b32,holdout,30,2,16,32,3,OK,OK,517,517,76105,2521
cg_k16_n32_l4_w12_g8_b32,holdout,31,2,16,32,2,OK,OK,517,517,78626,2521
cg_k16_n32_l4_w12_g8_b32,holdout,32,2,16,32,1,OK,OK,517,517,81146,2520
cg_k16_n32_l4_w12_g8_b32,holdout,33,2,16,32,0,OK,OK,517,517,83668,2522
cg_k16_n32_l4_w12_g8_b32,holdout,34,1,16,16,2,OK,OK,261,517,84397,729
cg_k16_n32_l4_w12_g8_b32,holdout,35,2,16,16,1,OK,OK,261,261,85687,1290
cg_k16_n32_l4_w12_g8_b32,holdout,36,2,16,16,0,OK,OK,261,261,86974,1287
cg_k16_n32_l4_w12_g8_b32,holdout,37,1,16,16,2,OK,OK,261,261,87706,732
cg_k16_n32_l4_w12_g8_b32,holdout,38,2,16,16,1,OK,OK,261,261,88993,1287
cg_k16_n32_l4_w12_g8_b32,holdout,39,2,16,16,0,OK,OK,261,261,90283,1290
cg_k16_n32_l4_w12_g8_b32,holdout,40,1,7,32,3,OK,OK,229,261,90957,674
cg_k16_n32_l4_w12_g8_b32,holdout,41,2,7,32,2,OK,OK,229,229,92560,1603
cg_k16_n32_l4_w12_g8_b32,holdout,42,2,7,32,1,OK,OK,229,229,94163,1603
cg_k16_n32_l4_w12_g8_b32,holdout,43,2,7,32,0,OK,OK,229,229,95766,1603
cg_k16_n32_l4_w12_g8_b32,holdout,44,1,7,32,3,OK,OK,229,229,96439,673
cg_k16_n32_l4_w12_g8_b32,holdout,45,2,7,32,2,OK,OK,229,229,98042,1603
cg_k16_n32_l4_w12_g8_b32,holdout,46,2,7,32,1,OK,OK,229,229,99646,1604
cg_k16_n32_l4_w12_g8_b32,holdout,47,2,7,32,0,OK,OK,229,229,101250,1604
cg_k16_n32_l4_w12_g8_b32,holdout,48,1,16,4,1,OK,OK,69,229,101444,194
cg_k16_n32_l4_w12_g8_b32,holdout,49,2,16,4,0,OK,OK,69,69,101814,370
cg_k16_n32_l4_w12_g8_b32,holdout,50,1,16,4,1,OK,OK,69,69,102013,199
cg_k16_n32_l4_w12_g8_b32,holdout,51,2,16,4,0,OK,OK,69,69,102382,369
cg_k16_n32_l4_w12_g8_b32,holdout,52,1,16,16,2,OK,OK,261,69,103119,737
cg_k16_n32_l4_w12_g8_b32,holdout,53,2,16,16,1,OK,OK,261,261,104409,1290
cg_k16_n32_l4_w12_g8_b32,holdout,54,7,16,16,0,BAD_OP,OK,261,261,104437,28
cg_k16_n32_l4_w12_g8_b32,holdout,55,2,16,16,0,OK,BAD_OP,261,261,105990,1553
cg_k16_n32_l4_w12_g8_b32,holdout,56,7,16,32,0,BAD_OP,OK,517,261,106018,28
cg_k16_n32_l4_w12_g8_b32,holdout,57,7,16,16,0,BAD_OP,BAD_OP,261,517,106506,488
cg_k16_n32_l4_w12_g8_b32,holdout,58,7,16,4,0,BAD_OP,BAD_OP,69,261,106799,293
cg_k16_n32_l4_w12_g8_b32,holdout,59,7,16,32,0,BAD_OP,BAD_OP,517,69,106888,89
cg_k16_n32_l4_w12_g8_b32,holdout,60,1,16,4,1,OK,BAD_OP,69,517,107668,780
cg_k16_n32_l4_w12_g8_b32,holdout,61,2,16,4,0,OK,OK,69,69,108038,370
cg_k16_n32_l4_w12_g8_b32,holdout,62,7,16,16,0,BAD_OP,OK,261,69,108066,28
cg_k16_n32_l4_w12_g8_b32,holdout,63,7,16,32,0,BAD_OP,BAD_OP,517,261,108302,236
cg_k16_n32_l4_w12_g8_b64,fit,0,1,16,32,16,OK,,259,,964,
cg_k16_n32_l4_w12_g8_b64,fit,1,2,16,32,15,OK,OK,259,259,2921,1957
cg_k16_n32_l4_w12_g8_b64,fit,2,2,16,32,14,OK,OK,259,259,4877,1956
cg_k16_n32_l4_w12_g8_b64,fit,3,2,16,32,13,OK,OK,259,259,6833,1956
cg_k16_n32_l4_w12_g8_b64,fit,4,2,16,32,12,OK,OK,259,259,8789,1956
cg_k16_n32_l4_w12_g8_b64,fit,5,2,16,32,11,OK,OK,259,259,10745,1956
cg_k16_n32_l4_w12_g8_b64,fit,6,2,16,32,10,OK,OK,259,259,12701,1956
cg_k16_n32_l4_w12_g8_b64,fit,7,2,16,32,9,OK,OK,259,259,14657,1956
cg_k16_n32_l4_w12_g8_b64,fit,8,2,16,32,8,OK,OK,259,259,16613,1956
cg_k16_n32_l4_w12_g8_b64,fit,9,2,16,32,7,OK,OK,259,259,18569,1956
cg_k16_n32_l4_w12_g8_b64,fit,10,2,16,32,6,OK,OK,259,259,20525,1956
cg_k16_n32_l4_w12_g8_b64,fit,11,2,16,32,5,OK,OK,259,259,22481,1956
cg_k16_n32_l4_w12_g8_b64,fit,12,2,16,32,4,OK,OK,259,259,24437,1956
cg_k16_n32_l4_w12_g8_b64,fit,13,2,16,32,3,OK,OK,259,259,26393,1956
cg_k16_n32_l4_w12_g8_b64,fit,14,2,16,32,2,OK,OK,259,259,28349,1956
cg_k16_n32_l4_w12_g8_b64,fit,15,2,16,32,1,OK,OK,259,259,30305,1956
cg_k16_n32_l4_w12_g8_b64,fit,16,2,16,32,0,OK,OK,259,259,32260,1955
cg_k16_n32_l4_w12_g8_b64,fit,17,1,16,32,16,OK,OK,259,259,33144,884
cg_k16_n32_l4_w12_g8_b64,fit,18,2,16,32,15,OK,OK,259,259,35100,1956
cg_k16_n32_l4_w12_g8_b64,fit,19,2,16,32,14,OK,OK,259,259,37056,1956
cg_k16_n32_l4_w12_g8_b64,fit,20,2,16,32,13,OK,OK,259,259,39012,1956
cg_k16_n32_l4_w12_g8_b64,fit,21,2,16,32,12,OK,OK,259,259,40968,1956
cg_k16_n32_l4_w12_g8_b64,fit,22,2,16,32,11,OK,OK,259,259,42924,1956
cg_k16_n32_l4_w12_g8_b64,fit,23,2,16,32,10,OK,OK,259,259,44880,1956
cg_k16_n32_l4_w12_g8_b64,fit,24,2,16,32,9,OK,OK,259,259,46836,1956
cg_k16_n32_l4_w12_g8_b64,fit,25,2,16,32,8,OK,OK,259,259,48792,1956
cg_k16_n32_l4_w12_g8_b64,fit,26,2,16,32,7,OK,OK,259,259,50748,1956
cg_k16_n32_l4_w12_g8_b64,fit,27,2,16,32,6,OK,OK,259,259,52704,1956
cg_k16_n32_l4_w12_g8_b64,fit,28,2,16,32,5,OK,OK,259,259,54660,1956
cg_k16_n32_l4_w12_g8_b64,fit,29,2,16,32,4,OK,OK,259,259,56616,1956
cg_k16_n32_l4_w12_g8_b64,fit,30,2,16,32,3,OK,OK,259,259,58572,1956
cg_k16_n32_l4_w12_g8_b64,fit,31,2,16,32,2,OK,OK,259,259,60528,1956
cg_k16_n32_l4_w12_g8_b64,fit,32,2,16,32,1,OK,OK,259,259,62483,1955
cg_k16_n32_l4_w12_g8_b64,fit,33,2,16,32,0,OK,OK,259,259,64440,1957
cg_k16_n32_l4_w12_g8_b64,fit,34,1,16,16,2,OK,OK,131,259,64885,445
cg_k16_n32_l4_w12_g8_b64,fit,35,2,16,16,1,OK,OK,131,131,65890,1005
cg_k16_n32_l4_w12_g8_b64,fit,36,2,16,16,0,OK,OK,131,131,66892,1002
cg_k16_n32_l4_w12_g8_b64,fit,37,1,16,16,2,OK,OK,131,131,67340,448
cg_k16_n32_l4_w12_g8_b64,fit,38,2,16,16,1,OK,OK,131,131,68342,1002
cg_k16_n32_l4_w12_g8_b64,fit,39,2,16,16,0,OK,OK,131,131,69347,1005
cg_k16_n32_l4_w12_g8_b64,fit,40,1,7,32,3,OK,OK,115,131,69772,425
cg_k16_n32_l4_w12_g8_b64,fit,41,2,7,32,2,OK,OK,115,115,71125,1353
cg_k16_n32_l4_w12_g8_b64,fit,42,2,7,32,1,OK,OK,115,115,72478,1353
cg_k16_n32_l4_w12_g8_b64,fit,43,2,7,32,0,OK,OK,115,115,73831,1353
cg_k16_n32_l4_w12_g8_b64,fit,44,1,7,32,3,OK,OK,115,115,74255,424
cg_k16_n32_l4_w12_g8_b64,fit,45,2,7,32,2,OK,OK,115,115,75608,1353
cg_k16_n32_l4_w12_g8_b64,fit,46,2,7,32,1,OK,OK,115,115,76962,1354
cg_k16_n32_l4_w12_g8_b64,fit,47,2,7,32,0,OK,OK,115,115,78316,1354
cg_k16_n32_l4_w12_g8_b64,fit,48,1,16,4,1,OK,OK,35,115,78436,120
cg_k16_n32_l4_w12_g8_b64,fit,49,2,16,4,0,OK,OK,35,35,78737,301
cg_k16_n32_l4_w12_g8_b64,fit,50,1,16,4,1,OK,OK,35,35,78868,131
cg_k16_n32_l4_w12_g8_b64,fit,51,2,16,4,0,OK,OK,35,35,79169,301
cg_k16_n32_l4_w12_g8_b64,fit,52,1,16,16,2,OK,OK,131,35,79627,458
cg_k16_n32_l4_w12_g8_b64,fit,53,2,16,16,1,OK,OK,131,131,80632,1005
cg_k16_n32_l4_w12_g8_b64,fit,54,7,16,16,0,BAD_OP,OK,131,131,80655,23
cg_k16_n32_l4_w12_g8_b64,fit,55,2,16,16,0,OK,BAD_OP,131,131,81789,1134
cg_k16_n32_l4_w12_g8_b64,fit,56,7,16,32,0,BAD_OP,OK,259,131,81812,23
cg_k16_n32_l4_w12_g8_b64,fit,57,7,16,16,0,BAD_OP,BAD_OP,131,259,82040,228
cg_k16_n32_l4_w12_g8_b64,fit,58,7,16,4,0,BAD_OP,BAD_OP,35,131,82194,154
cg_k16_n32_l4_w12_g8_b64,fit,59,7,16,32,0,BAD_OP,BAD_OP,259,35,82246,52
cg_k16_n32_l4_w12_g8_b64,fit,60,1,16,4,1,OK,BAD_OP,35,259,82680,434
cg_k16_n32_l4_w12_g8_b64,fit,61,2,16,4,0,OK,OK,35,35,82981,301
cg_k16_n32_l4_w12_g8_b64,fit,62,7,16,16,0,BAD_OP,OK,131,35,83004,23
cg_k16_n32_l4_w12_g8_b64,fit,63,7,16,32,0,BAD_OP,BAD_OP,259,131,83114,110
cg_k16_n32_l8_w12_g4_b64,fit,0,1,16,32,16,OK,,259,,808,
cg_k16_n32_l8_w12_g4_b64,fit,1,2,16,32,15,OK,OK,259,259,2026,1218
cg_k16_n32_l8_w12_g4_b64,fit,2,2,16,32,14,OK,OK,259,259,3243,1217
cg_k16_n32_l8_w12_g4_b64,fit,3,2,16,32,13,OK,OK,259,259,4460,1217
cg_k16_n32_l8_w12_g4_b64,fit,4,2,16,32,12,OK,OK,259,259,5677,1217
cg_k16_n32_l8_w12_g4_b64,fit,5,2,16,32,11,OK,OK,259,259,6894,1217
cg_k16_n32_l8_w12_g4_b64,fit,6,2,16,32,10,OK,OK,259,259,8111,1217
cg_k16_n32_l8_w12_g4_b64,fit,7,2,16,32,9,OK,OK,259,259,9328,1217
cg_k16_n32_l8_w12_g4_b64,fit,8,2,16,32,8,OK,OK,259,259,10545,1217
cg_k16_n32_l8_w12_g4_b64,fit,9,2,16,32,7,OK,OK,259,259,11762,1217
cg_k16_n32_l8_w12_g4_b64,fit,10,2,16,32,6,OK,OK,259,259,12979,1217
cg_k16_n32_l8_w12_g4_b64,fit,11,2,16,32,5,OK,OK,259,259,14196,1217
cg_k16_n32_l8_w12_g4_b64,fit,12,2,16,32,4,OK,OK,259,259,15413,1217
cg_k16_n32_l8_w12_g4_b64,fit,13,2,16,32,3,OK,OK,259,259,16630,1217
cg_k16_n32_l8_w12_g4_b64,fit,14,2,16,32,2,OK,OK,259,259,17847,1217
cg_k16_n32_l8_w12_g4_b64,fit,15,2,16,32,1,OK,OK,259,259,19064,1217
cg_k16_n32_l8_w12_g4_b64,fit,16,2,16,32,0,OK,OK,259,259,20280,1216
cg_k16_n32_l8_w12_g4_b64,fit,17,1,16,32,16,OK,OK,259,259,21008,728
cg_k16_n32_l8_w12_g4_b64,fit,18,2,16,32,15,OK,OK,259,259,22225,1217
cg_k16_n32_l8_w12_g4_b64,fit,19,2,16,32,14,OK,OK,259,259,23442,1217
cg_k16_n32_l8_w12_g4_b64,fit,20,2,16,32,13,OK,OK,259,259,24659,1217
cg_k16_n32_l8_w12_g4_b64,fit,21,2,16,32,12,OK,OK,259,259,25876,1217
cg_k16_n32_l8_w12_g4_b64,fit,22,2,16,32,11,OK,OK,259,259,27093,1217
cg_k16_n32_l8_w12_g4_b64,fit,23,2,16,32,10,OK,OK,259,259,28310,1217
cg_k16_n32_l8_w12_g4_b64,fit,24,2,16,32,9,OK,OK,259,259,29527,1217
cg_k16_n32_l8_w12_g4_b64,fit,25,2,16,32,8,OK,OK,259,259,30744,1217
cg_k16_n32_l8_w12_g4_b64,fit,26,2,16,32,7,OK,OK,259,259,31961,1217
cg_k16_n32_l8_w12_g4_b64,fit,27,2,16,32,6,OK,OK,259,259,33178,1217
cg_k16_n32_l8_w12_g4_b64,fit,28,2,16,32,5,OK,OK,259,259,34395,1217
cg_k16_n32_l8_w12_g4_b64,fit,29,2,16,32,4,OK,OK,259,259,35612,1217
cg_k16_n32_l8_w12_g4_b64,fit,30,2,16,32,3,OK,OK,259,259,36829,1217
cg_k16_n32_l8_w12_g4_b64,fit,31,2,16,32,2,OK,OK,259,259,38046,1217
cg_k16_n32_l8_w12_g4_b64,fit,32,2,16,32,1,OK,OK,259,259,39262,1216
cg_k16_n32_l8_w12_g4_b64,fit,33,2,16,32,0,OK,OK,259,259,40480,1218
cg_k16_n32_l8_w12_g4_b64,fit,34,1,16,16,2,OK,OK,131,259,40847,367
cg_k16_n32_l8_w12_g4_b64,fit,35,2,16,16,1,OK,OK,131,131,41479,632
cg_k16_n32_l8_w12_g4_b64,fit,36,2,16,16,0,OK,OK,131,131,42108,629
cg_k16_n32_l8_w12_g4_b64,fit,37,1,16,16,2,OK,OK,131,131,42478,370
cg_k16_n32_l8_w12_g4_b64,fit,38,2,16,16,1,OK,OK,131,131,43107,629
cg_k16_n32_l8_w12_g4_b64,fit,39,2,16,16,0,OK,OK,131,131,43739,632
cg_k16_n32_l8_w12_g4_b64,fit,40,1,7,32,3,OK,OK,115,131,44080,341
cg_k16_n32_l8_w12_g4_b64,fit,41,2,7,32,2,OK,OK,115,115,44838,758
cg_k16_n32_l8_w12_g4_b64,fit,42,2,7,32,1,OK,OK,115,115,45596,758
cg_k16_n32_l8_w12_g4_b64,fit,43,2,7,32,0,OK,OK,115,115,46354,758
cg_k16_n32_l8_w12_g4_b64,fit,44,1,7,32,3,OK,OK,115,115,46694,340
cg_k16_n32_l8_w12_g4_b64,fit,45,2,7,32,2,OK,OK,115,115,47452,758
cg_k16_n32_l8_w12_g4_b64,fit,46,2,7,32,1,OK,OK,115,115,48211,759
cg_k16_n32_l8_w12_g4_b64,fit,47,2,7,32,0,OK,OK,115,115,48970,759
cg_k16_n32_l8_w12_g4_b64,fit,48,1,16,8,1,OK,OK,67,115,49160,190
cg_k16_n32_l8_w12_g4_b64,fit,49,2,16,8,0,OK,OK,67,67,49504,344
cg_k16_n32_l8_w12_g4_b64,fit,50,1,16,8,1,OK,OK,67,67,49698,194
cg_k16_n32_l8_w12_g4_b64,fit,51,2,16,8,0,OK,OK,67,67,50041,343
cg_k16_n32_l8_w12_g4_b64,fit,52,1,16,16,2,OK,OK,131,67,50416,375
cg_k16_n32_l8_w12_g4_b64,fit,53,2,16,16,1,OK,OK,131,131,51045,629
cg_k16_n32_l8_w12_g4_b64,fit,54,7,16,16,0,BAD_OP,OK,131,131,51068,23
cg_k16_n32_l8_w12_g4_b64,fit,55,2,16,16,0,OK,BAD_OP,131,131,51830,762
cg_k16_n32_l8_w12_g4_b64,fit,56,7,16,32,0,BAD_OP,OK,259,131,51853,23
cg_k16_n32_l8_w12_g4_b64,fit,57,7,16,16,0,BAD_OP,BAD_OP,131,259,52080,227
cg_k16_n32_l8_w12_g4_b64,fit,58,7,16,8,0,BAD_OP,BAD_OP,67,131,52234,154
cg_k16_n32_l8_w12_g4_b64,fit,59,7,16,32,0,BAD_OP,BAD_OP,259,67,52320,86
cg_k16_n32_l8_w12_g4_b64,fit,60,1,16,8,1,OK,BAD_OP,67,259,52825,505
cg_k16_n32_l8_w12_g4_b64,fit,61,2,16,8,0,OK,OK,67,67,53168,343
cg_k16_n32_l8_w12_g4_b64,fit,62,7,16,16,0,BAD_OP,OK,131,67,53191,23
cg_k16_n32_l8_w12_g4_b64,fit,63,7,16,32,0,BAD_OP,BAD_OP,259,131,53295,104
cg_k16_n32_l8_w14_g8_b64,fit,0,1,16,32,16,OK,,259,,808,
cg_k16_n32_l8_w14_g8_b64,fit,1,2,16,32,15,OK,OK,259,259,2129,1321
cg_k16_n32_l8_w14_g8_b64,fit,2,2,16,32,14,OK,OK,259,259,3449,1320
cg_k16_n32_l8_w14_g8_b64,fit,3,2,16,32,13,OK,OK,259,259,4769,1320
cg_k16_n32_l8_w14_g8_b64,fit,4,2,16,32,12,OK,OK,259,259,6089,1320
cg_k16_n32_l8_w14_g8_b64,fit,5,2,16,32,11,OK,OK,259,259,7409,1320
cg_k16_n32_l8_w14_g8_b64,fit,6,2,16,32,10,OK,OK,259,259,8729,1320
cg_k16_n32_l8_w14_g8_b64,fit,7,2,16,32,9,OK,OK,259,259,10049,1320
cg_k16_n32_l8_w14_g8_b64,fit,8,2,16,32,8,OK,OK,259,259,11369,1320
cg_k16_n32_l8_w14_g8_b64,fit,9,2,16,32,7,OK,OK,259,259,12689,1320
cg_k16_n32_l8_w14_g8_b64,fit,10,2,16,32,6,OK,OK,259,259,14009,1320
cg_k16_n32_l8_w14_g8_b64,fit,11,2,16,32,5,OK,OK,259,259,15329,1320
cg_k16_n32_l8_w14_g8_b64,fit,12,2,16,32,4,OK,OK,259,259,16649,1320
cg_k16_n32_l8_w14_g8_b64,fit,13,2,16,32,3,OK,OK,259,259,17969,1320
cg_k16_n32_l8_w14_g8_b64,fit,14,2,16,32,2,OK,OK,259,259,19289,1320
cg_k16_n32_l8_w14_g8_b64,fit,15,2,16,32,1,OK,OK,259,259,20609,1320
cg_k16_n32_l8_w14_g8_b64,fit,16,2,16,32,0,OK,OK,259,259,21928,1319
cg_k16_n32_l8_w14_g8_b64,fit,17,1,16,32,16,OK,OK,259,259,22656,728
cg_k16_n32_l8_w14_g8_b64,fit,18,2,16,32,15,OK,OK,259,259,23976,1320
cg_k16_n32_l8_w14_g8_b64,fit,19,2,16,32,14,OK,OK,259,259,25296,1320
cg_k16_n32_l8_w14_g8_b64,fit,20,2,16,32,13,OK,OK,259,259,26616,1320
cg_k16_n32_l8_w14_g8_b64,fit,21,2,16,32,12,OK,OK,259,259,27936,1320
cg_k16_n32_l8_w14_g8_b64,fit,22,2,16,32,11,OK,OK,259,259,29256,1320
cg_k16_n32_l8_w14_g8_b64,fit,23,2,16,32,10,OK,OK,259,259,30576,1320
cg_k16_n32_l8_w14_g8_b64,fit,24,2,16,32,9,OK,OK,259,259,31896,1320
cg_k16_n32_l8_w14_g8_b64,fit,25,2,16,32,8,OK,OK,259,259,33216,1320
cg_k16_n32_l8_w14_g8_b64,fit,26,2,16,32,7,OK,OK,259,259,34536,1320
cg_k16_n32_l8_w14_g8_b64,fit,27,2,16,32,6,OK,OK,259,259,35856,1320
cg_k16_n32_l8_w14_g8_b64,fit,28,2,16,32,5,OK,OK,259,259,37176,1320
cg_k16_n32_l8_w14_g8_b64,fit,29,2,16,32,4,OK,OK,259,259,38496,1320
cg_k16_n32_l8_w14_g8_b64,fit,30,2,16,32,3,OK,OK,259,259,39816,1320
cg_k16_n32_l8_w14_g8_b64,fit,31,2,16,32,2,OK,OK,259,259,41136,1320
cg_k16_n32_l8_w14_g8_b64,fit,32,2,16,32,1,OK,OK,259,259,42455,1319
cg_k16_n32_l8_w14_g8_b64,fit,33,2,16,32,0,OK,OK,259,259,43776,1321
cg_k16_n32_l8_w14_g8_b64,fit,34,1,16,16,2,OK,OK,131,259,44143,367
cg_k16_n32_l8_w14_g8_b64,fit,35,2,16,16,1,OK,OK,131,131,44832,689
cg_k16_n32_l8_w14_g8_b64,fit,36,2,16,16,0,OK,OK,131,131,45518,686
cg_k16_n32_l8_w14_g8_b64,fit,37,1,16,16,2,OK,OK,131,131,45888,370
cg_k16_n32_l8_w14_g8_b64,fit,38,2,16,16,1,OK,OK,131,131,46574,686
cg_k16_n32_l8_w14_g8_b64,fit,39,2,16,16,0,OK,OK,131,131,47263,689
cg_k16_n32_l8_w14_g8_b64,fit,40,1,7,32,3,OK,OK,115,131,47604,341
cg_k16_n32_l8_w14_g8_b64,fit,41,2,7,32,2,OK,OK,115,115,48465,861
cg_k16_n32_l8_w14_g8_b64,fit,42,2,7,32,1,OK,OK,115,115,49326,861
cg_k16_n32_l8_w14_g8_b64,fit,43,2,7,32,0,OK,OK,115,115,50187,861
cg_k16_n32_l8_w14_g8_b64,fit,44,1,7,32,3,OK,OK,115,115,50527,340
cg_k16_n32_l8_w14_g8_b64,fit,45,2,7,32,2,OK,OK,115,115,51388,861
cg_k16_n32_l8_w14_g8_b64,fit,46,2,7,32,1,OK,OK,115,115,52250,862
cg_k16_n32_l8_w14_g8_b64,fit,47,2,7,32,0,OK,OK,115,115,53112,862
cg_k16_n32_l8_w14_g8_b64,fit,48,1,16,8,1,OK,OK,67,115,53302,190
cg_k16_n32_l8_w14_g8_b64,fit,49,2,16,8,0,OK,OK,67,67,53680,378
cg_k16_n32_l8_w14_g8_b64,fit,50,1,16,8,1,OK,OK,67,67,53874,194
cg_k16_n32_l8_w14_g8_b64,fit,51,2,16,8,0,OK,OK,67,67,54251,377
cg_k16_n32_l8_w14_g8_b64,fit,52,1,16,16,2,OK,OK,131,67,54626,375
cg_k16_n32_l8_w14_g8_b64,fit,53,2,16,16,1,OK,OK,131,131,55312,686
cg_k16_n32_l8_w14_g8_b64,fit,54,7,16,16,0,BAD_OP,OK,131,131,55335,23
cg_k16_n32_l8_w14_g8_b64,fit,55,2,16,16,0,OK,BAD_OP,131,131,56154,819
cg_k16_n32_l8_w14_g8_b64,fit,56,7,16,32,0,BAD_OP,OK,259,131,56177,23
cg_k16_n32_l8_w14_g8_b64,fit,57,7,16,16,0,BAD_OP,BAD_OP,131,259,56404,227
cg_k16_n32_l8_w14_g8_b64,fit,58,7,16,8,0,BAD_OP,BAD_OP,67,131,56558,154
cg_k16_n32_l8_w14_g8_b64,fit,59,7,16,32,0,BAD_OP,BAD_OP,259,67,56644,86
cg_k16_n32_l8_w14_g8_b64,fit,60,1,16,8,1,OK,BAD_OP,67,259,57149,505
cg_k16_n32_l8_w14_g8_b64,fit,61,2,16,8,0,OK,OK,67,67,57526,377
cg_k16_n32_l8_w14_g8_b64,fit,62,7,16,16,0,BAD_OP,OK,131,67,57549,23
cg_k16_n32_l8_w14_g8_b64,fit,63,7,16,32,0,BAD_OP,BAD_OP,259,131,57653,104
cg_k4_n16_l1_w8_g0_b32,fit,0,1,4,16,4,OK,,69,,435,
cg_k4_n16_l1_w8_g0_b32,fit,1,2,4,16,3,OK,OK,69,69,1799,1364
cg_k4_n16_l1_w8_g0_b32,fit,2,2,4,16,2,OK,OK,69,69,3163,1364
cg_k4_n16_l1_w8_g0_b32,fit,3,2,4,16,1,OK,OK,69,69,4527,1364
cg_k4_n16_l1_w8_g0_b32,fit,4,2,4,16,0,OK,OK,69,69,5891,1364
cg_k4_n16_l1_w8_g0_b32,fit,5,1,4,16,4,OK,OK,69,69,6258,367
cg_k4_n16_l1_w8_g0_b32,fit,6,2,4,16,3,OK,OK,69,69,7622,1364
cg_k4_n16_l1_w8_g0_b32,fit,7,2,4,16,2,OK,OK,69,69,8987,1365
cg_k4_n16_l1_w8_g0_b32,fit,8,2,4,16,1,OK,OK,69,69,10350,1363
cg_k4_n16_l1_w8_g0_b32,fit,9,2,4,16,0,OK,OK,69,69,11714,1364
cg_k4_n16_l1_w8_g0_b32,fit,10,1,4,8,2,OK,OK,37,69,11907,193
cg_k4_n16_l1_w8_g0_b32,fit,11,2,4,8,1,OK,OK,37,37,12615,708
cg_k4_n16_l1_w8_g0_b32,fit,12,2,4,8,0,OK,OK,37,37,13323,708
cg_k4_n16_l1_w8_g0_b32,fit,13,1,4,8,2,OK,OK,37,37,13522,199
cg_k4_n16_l1_w8_g0_b32,fit,14,2,4,8,1,OK,OK,37,37,14230,708
cg_k4_n16_l1_w8_g0_b32,fit,15,2,4,8,0,OK,OK,37,37,14938,708
cg_k4_n16_l1_w8_g0_b32,fit,16,1,1,16,3,OK,OK,21,37,15110,172
cg_k4_n16_l1_w8_g0_b32,fit,17,2,1,16,2,OK,OK,21,21,16186,1076
cg_k4_n16_l1_w8_g0_b32,fit,18,2,1,16,1,OK,OK,21,21,17262,1076
cg_k4_n16_l1_w8_g0_b32,fit,19,2,1,16,0,OK,OK,21,21,18338,1076
cg_k4_n16_l1_w8_g0_b32,fit,20,1,1,16,3,OK,OK,21,21,18513,175
cg_k4_n16_l1_w8_g0_b32,fit,21,2,1,16,2,OK,OK,21,21,19589,1076
cg_k4_n16_l1_w8_g0_b32,fit,22,2,1,16,1,OK,OK,21,21,20665,1076
cg_k4_n16_l1_w8_g0_b32,fit,23,2,1,16,0,OK,OK,21,21,21741,1076
cg_k4_n16_l1_w8_g0_b32,fit,24,1,4,1,1,OK,OK,9,21,21783,42
cg_k4_n16_l1_w8_g0_b32,fit,25,2,4,1,0,OK,OK,9,9,21915,132
cg_k4_n16_l1_w8_g0_b32,fit,26,1,4,1,1,OK,OK,9,9,21965,50
cg_k4_n16_l1_w8_g0_b32,fit,27,2,4,1,0,OK,OK,9,9,22097,132
cg_k4_n16_l1_w8_g0_b32,fit,28,1,4,8,2,OK,OK,37,9,22309,212
cg_k4_n16_l1_w8_g0_b32,fit,29,2,4,8,1,OK,OK,37,37,23017,708
cg_k4_n16_l1_w8_g0_b32,fit,30,7,4,8,0,BAD_OP,OK,37,37,23045,28
cg_k4_n16_l1_w8_g0_b32,fit,31,2,4,8,0,OK,BAD_OP,37,37,23780,735
cg_k4_n16_l1_w8_g0_b32,fit,32,7,4,16,0,BAD_OP,OK,69,37,23808,28
cg_k4_n16_l1_w8_g0_b32,fit,33,7,4,8,0,BAD_OP,BAD_OP,37,69,23858,50
cg_k4_n16_l1_w8_g0_b32,fit,34,7,4,1,0,BAD_OP,BAD_OP,9,37,23913,55
cg_k4_n16_l1_w8_g0_b32,fit,35,7,4,16,0,BAD_OP,BAD_OP,69,9,23941,28
cg_k4_n16_l1_w8_g0_b32,fit,36,1,4,1,1,OK,BAD_OP,9,69,24071,130
cg_k4_n16_l1_w8_g0_b32,fit,37,2,4,1,0,OK,OK,9,9,24203,132
cg_k4_n16_l1_w8_g0_b32,fit,38,7,4,8,0,BAD_OP,OK,37,9,24231,28
cg_k4_n16_l1_w8_g0_b32,fit,39,7,4,16,0,BAD_OP,BAD_OP,69,37,24262,31
cg_k4_n16_l1_w8_g4_b64,holdout,0,1,4,16,4,OK,,35,,355,
cg_k4_n16_l1_w8_g4_b64,holdout,1,2,4,16,3,OK,OK,35,35,1864,1509
cg_k4_n16_l1_w8_g4_b64,holdout,2,2,4,16,2,OK,OK,35,35,3373,1509
cg_k4_n16_l1_w8_g4_b64,holdout,3,2,4,16,1,OK,OK,35,35,4882,1509
cg_k4_n16_l1_w8_g4_b64,holdout,4,2,4,16,0,OK,OK,35,35,6391,1509
cg_k4_n16_l1_w8_g4_b64,holdout,5,1,4,16,4,OK,OK,35,35,6690,299
cg_k4_n16_l1_w8_g4_b64,holdout,6,2,4,16,3,OK,OK,35,35,8199,1509
cg_k4_n16_l1_w8_g4_b64,holdout,7,2,4,16,2,OK,OK,35,35,9709,1510
cg_k4_n16_l1_w8_g4_b64,holdout,8,2,4,16,1,OK,OK,35,35,11217,1508
cg_k4_n16_l1_w8_g4_b64,holdout,9,2,4,16,0,OK,OK,35,35,12726,1509
cg_k4_n16_l1_w8_g4_b64,holdout,10,1,4,8,2,OK,OK,19,35,12886,160
cg_k4_n16_l1_w8_g4_b64,holdout,11,2,4,8,1,OK,OK,19,19,13667,781
cg_k4_n16_l1_w8_g4_b64,holdout,12,2,4,8,0,OK,OK,19,19,14448,781
cg_k4_n16_l1_w8_g4_b64,holdout,13,1,4,8,2,OK,OK,19,19,14611,163
cg_k4_n16_l1_w8_g4_b64,holdout,14,2,4,8,1,OK,OK,19,19,15392,781
cg_k4_n16_l1_w8_g4_b64,holdout,15,2,4,8,0,OK,OK,19,19,16173,781
cg_k4_n16_l1_w8_g4_b64,holdout,16,1,1,16,3,OK,OK,11,19,16320,147
cg_k4_n16_l1_w8_g4_b64,holdout,17,2,1,16,2,OK,OK,11,11,17589,1269
cg_k4_n16_l1_w8_g4_b64,holdout,18,2,1,16,1,OK,OK,11,11,18858,1269
cg_k4_n16_l1_w8_g4_b64,holdout,19,2,1,16,0,OK,OK,11,11,20127,1269
cg_k4_n16_l1_w8_g4_b64,holdout,20,1,1,16,3,OK,OK,11,11,20282,155
cg_k4_n16_l1_w8_g4_b64,holdout,21,2,1,16,2,OK,OK,11,11,21551,1269
cg_k4_n16_l1_w8_g4_b64,holdout,22,2,1,16,1,OK,OK,11,11,22820,1269
cg_k4_n16_l1_w8_g4_b64,holdout,23,2,1,16,0,OK,OK,11,11,24089,1269
cg_k4_n16_l1_w8_g4_b64,holdout,24,1,4,1,1,OK,OK,5,11,24127,38
cg_k4_n16_l1_w8_g4_b64,holdout,25,2,4,1,0,OK,OK,5,5,24265,138
cg_k4_n16_l1_w8_g4_b64,holdout,26,1,4,1,1,OK,OK,5,5,24303,38
cg_k4_n16_l1_w8_g4_b64,holdout,27,2,4,1,0,OK,OK,5,5,24441,138
cg_k4_n16_l1_w8_g4_b64,holdout,28,1,4,8,2,OK,OK,19,5,24608,167
cg_k4_n16_l1_w8_g4_b64,holdout,29,2,4,8,1,OK,OK,19,19,25393,785
cg_k4_n16_l1_w8_g4_b64,holdout,30,7,4,8,0,BAD_OP,OK,19,19,25416,23
cg_k4_n16_l1_w8_g4_b64,holdout,31,2,4,8,0,OK,BAD_OP,19,19,26209,793
cg_k4_n16_l1_w8_g4_b64,holdout,32,7,4,16,0,BAD_OP,OK,35,19,26232,23
cg_k4_n16_l1_w8_g4_b64,holdout,33,7,4,8,0,BAD_OP,BAD_OP,19,35,26255,23
cg_k4_n16_l1_w8_g4_b64,holdout,34,7,4,1,0,BAD_OP,BAD_OP,5,19,26284,29
cg_k4_n16_l1_w8_g4_b64,holdout,35,7,4,16,0,BAD_OP,BAD_OP,35,5,26307,23
cg_k4_n16_l1_w8_g4_b64,holdout,36,1,4,1,1,OK,BAD_OP,5,35,26395,88
cg_k4_n16_l1_w8_g4_b64,holdout,37,2,4,1,0,OK,OK,5,5,26533,138
cg_k4_n16_l1_w8_g4_b64,holdout,38,7,4,8,0,BAD_OP,OK,19,5,26556,23
cg_k4_n16_l1_w8_g4_b64,holdout,39,7,4,16,0,BAD_OP,BAD_OP,35,19,26579,23
cg_k4_n16_l2_w10_g4_b32,fit,0,1,4,16,4,OK,,69,,348,
cg_k4_n16_l2_w10_g4_b32,fit,1,2,4,16,3,OK,OK,69,69,1315,967
cg_k4_n16_l2_w10_g4_b32,fit,2,2,4,16,2,OK,OK,69,69,2282,967
cg_k4_n16_l2_w10_g4_b32,fit,3,2,4,16,1,OK,OK,69,69,3249,967
cg_k4_n16_l2_w10_g4_b32,fit,4,2,4,16,0,OK,OK,69,69,4216,967
cg_k4_n16_l2_w10_g4_b32,fit,5,1,4,16,4,OK,OK,69,69,4496,280
cg_k4_n16_l2_w10_g4_b32,fit,6,2,4,16,3,OK,OK,69,69,5463,967
cg_k4_n16_l2_w10_g4_b32,fit,7,2,4,16,2,OK,OK,69,69,6431,968
cg_k4_n16_l2_w10_g4_b32,fit,8,2,4,16,1,OK,OK,69,69,7397,966
cg_k4_n16_l2_w10_g4_b32,fit,9,2,4,16,0,OK,OK,69,69,8364,967
cg_k4_n16_l2_w10_g4_b32,fit,10,1,4,8,2,OK,OK,37,69,8514,150
cg_k4_n16_l2_w10_g4_b32,fit,11,2,4,8,1,OK,OK,37,37,9029,515
cg_k4_n16_l2_w10_g4_b32,fit,12,2,4,8,0,OK,OK,37,37,9544,515
cg_k4_n16_l2_w10_g4_b32,fit,13,1,4,8,2,OK,OK,37,37,9700,156
cg_k4_n16_l2_w10_g4_b32,fit,14,2,4,8,1,OK,OK,37,37,10215,515
cg_k4_n16_l2_w10_g4_b32,fit,15,2,4,8,0,OK,OK,37,37,10730,515
cg_k4_n16_l2_w10_g4_b32,fit,16,1,1,16,3,OK,OK,21,37,10863,133
cg_k4_n16_l2_w10_g4_b32,fit,17,2,1,16,2,OK,OK,21,21,11638,775
cg_k4_n16_l2_w10_g4_b32,fit,18,2,1,16,1,OK,OK,21,21,12413,775
cg_k4_n16_l2_w10_g4_b32,fit,19,2,1,16,0,OK,OK,21,21,13188,775
cg_k4_n16_l2_w10_g4_b32,fit,20,1,1,16,3,OK,OK,21,21,13324,136
cg_k4_n16_l2_w10_g4_b32,fit,21,2,1,16,2,OK,OK,21,21,14099,775
cg_k4_n16_l2_w10_g4_b32,fit,22,2,1,16,1,OK,OK,21,21,14874,775
cg_k4_n16_l2_w10_g4_b32,fit,23,2,1,16,0,OK,OK,21,21,15649,775
cg_k4_n16_l2_w10_g4_b32,fit,24,1,4,2,1,OK,OK,13,21,15704,55
cg_k4_n16_l2_w10_g4_b32,fit,25,2,4,2,0,OK,OK,13,13,15880,176
cg_k4_n16_l2_w10_g4_b32,fit,26,1,4,2,1,OK,OK,13,13,15943,63
cg_k4_n16_l2_w10_g4_b32,fit,27,2,4,2,0,OK,OK,13,13,16119,176
cg_k4_n16_l2_w10_g4_b32,fit,28,1,4,8,2,OK,OK,37,13,16285,166
cg_k4_n16_l2_w10_g4_b32,fit,29,2,4,8,1,OK,OK,37,37,16801,516
cg_k4_n16_l2_w10_g4_b32,fit,30,7,4,8,0,BAD_OP,OK,37,37,16829,28
cg_k4_n16_l2_w10_g4_b32,fit,31,2,4,8,0,OK,BAD_OP,37,37,17371,542
cg_k4_n16_l2_w10_g4_b32,fit,32,7,4,16,0,BAD_OP,OK,69,37,17399,28
cg_k4_n16_l2_w10_g4_b32,fit,33,7,4,8,0,BAD_OP,BAD_OP,37,69,17449,50
cg_k4_n16_l2_w10_g4_b32,fit,34,7,4,2,0,BAD_OP,BAD_OP,13,37,17504,55
cg_k4_n16_l2_w10_g4_b32,fit,35,7,4,16,0,BAD_OP,BAD_OP,69,13,17534,30
cg_k4_n16_l2_w10_g4_b32,fit,36,1,4,2,1,OK,BAD_OP,13,69,17681,147
cg_k4_n16_l2_w10_g4_b32,fit,37,2,4,2,0,OK,OK,13,13,17857,176
cg_k4_n16_l2_w10_g4_b32,fit,38,7,4,8,0,BAD_OP,OK,37,13,17885,28
cg_k4_n16_l2_w10_g4_b32,fit,39,7,4,16,0,BAD_OP,BAD_OP,69,37,17914,29
cg_k4_n16_l2_w10_g8_b32,holdout,0,1,4,16,4,OK,,69,,348,
cg_k4_n16_l2_w10_g8_b32,holdout,1,2,4,16,3,OK,OK,69,69,1434,1086
cg_k4_n16_l2_w10_g8_b32,holdout,2,2,4,16,2,OK,OK,69,69,2520,1086
cg_k4_n16_l2_w10_g8_b32,holdout,3,2,4,16,1,OK,OK,69,69,3606,1086
cg_k4_n16_l2_w10_g8_b32,holdout,4,2,4,16,0,OK,OK,69,69,4692,1086
cg_k4_n16_l2_w10_g8_b32,holdout,5,1,4,16,4,OK,OK,69,69,4972,280
cg_k4_n16_l2_w10_g8_b32,holdout,6,2,4,16,3,OK,OK,69,69,6058,1086
cg_k4_n16_l2_w10_g8_b32,holdout,7,2,4,16,2,OK,OK,69,69,7145,1087
cg_k4_n16_l2_w10_g8_b32,holdout,8,2,4,16,1,OK,OK,69,69,8230,1085
cg_k4_n16_l2_w10_g8_b32,holdout,9,2,4,16,0,OK,OK,69,69,9316,1086
cg_k4_n16_l2_w10_g8_b32,holdout,10,1,4,8,2,OK,OK,37,69,9466,150
cg_k4_n16_l2_w10_g8_b32,holdout,11,2,4,8,1,OK,OK,37,37,10044,578
cg_k4_n16_l2_w10_g8_b32,holdout,12,2,4,8,0,OK,OK,37,37,10622,578
cg_k4_n16_l2_w10_g8_b32,holdout,13,1,4,8,2,OK,OK,37,37,10778,156
cg_k4_n16_l2_w10_g8_b32,holdout,14,2,4,8,1,OK,OK,37,37,11356,578
cg_k4_n16_l2_w10_g8_b32,holdout,15,2,4,8,0,OK,OK,37,37,11934,578
cg_k4_n16_l2_w10_g8_b32,holdout,16,1,1,16,3,OK,OK,21,37,12067,133
cg_k4_n16_l2_w10_g8_b32,holdout,17,2,1,16,2,OK,OK,21,21,12961,894
cg_k4_n16_l2_w10_g8_b32,holdout,18,2,1,16,1,OK,OK,21,21,13855,894
cg_k4_n16_l2_w10_g8_b32,holdout,19,2,1,16,0,OK,OK,21,21,14749,894
cg_k4_n16_l2_w10_g8_b32,holdout,20,1,1,16,3,OK,OK,21,21,14885,136
cg_k4_n16_l2_w10_g8_b32,holdout,21,2,1,16,2,OK,OK,21,21,15779,894
cg_k4_n16_l2_w10_g8_b32,holdout,22,2,1,16,1,OK,OK,21,21,16673,894
cg_k4_n16_l2_w10_g8_b32,holdout,23,2,1,16,0,OK,OK,21,21,17567,894
cg_k4_n16_l2_w10_g8_b32,holdout,24,1,4,2,1,OK,OK,13,21,17622,55
cg_k4_n16_l2_w10_g8_b32,holdout,25,2,4,2,0,OK,OK,13,13,17819,197
cg_k4_n16_l2_w10_g8_b32,holdout,26,1,4,2,1,OK,OK,13,13,17882,63
cg_k4_n16_l2_w10_g8_b32,holdout,27,2,4,2,0,OK,OK,13,13,18079,197
cg_k4_n16_l2_w10_g8_b32,holdout,28,1,4,8,2,OK,OK,37,13,18245,166
cg_k4_n16_l2_w10_g8_b32,holdout,29,2,4,8,1,OK,OK,37,37,18824,579
cg_k4_n16_l2_w10_g8_b32,holdout,30,7,4,8,0,BAD_OP,OK,37,37,18852,28
cg_k4_n16_l2_w10_g8_b32,holdout,31,2,4,8,0,OK,BAD_OP,37,37,19457,605
cg_k4_n16_l2_w10_g8_b32,holdout,32,7,4,16,0,BAD_OP,OK,69,37,19485,28
cg_k4_n16_l2_w10_g8_b32,holdout,33,7,4,8,0,BAD_OP,BAD_OP,37,69,19535,50
cg_k4_n16_l2_w10_g8_b32,holdout,34,7,4,2,0,BAD_OP,BAD_OP,13,37,19590,55
cg_k4_n16_l2_w10_g8_b32,holdout,35,7,4,16,0,BAD_OP,BAD_OP,69,13,19620,30
cg_k4_n16_l2_w10_g8_b32,holdout,36,1,4,2,1,OK,BAD_OP,13,69,19767,147
cg_k4_n16_l2_w10_g8_b32,holdout,37,2,4,2,0,OK,OK,13,13,19964,197
cg_k4_n16_l2_w10_g8_b32,holdout,38,7,4,8,0,BAD_OP,OK,37,13,19992,28
cg_k4_n16_l2_w10_g8_b32,holdout,39,7,4,16,0,BAD_OP,BAD_OP,69,37,20021,29
cg_k4_n16_l4_w12_g8_b32,fit,0,1,4,16,4,OK,,69,,288,
cg_k4_n16_l4_w12_g8_b32,fit,1,2,4,16,3,OK,OK,69,69,966,678
cg_k4_n16_l4_w12_g8_b32,fit,2,2,4,16,2,OK,OK,69,69,1644,678
cg_k4_n16_l4_w12_g8_b32,fit,3,2,4,16,1,OK,OK,69,69,2322,678
cg_k4_n16_l4_w12_g8_b32,fit,4,2,4,16,0,OK,OK,69,69,3000,678
cg_k4_n16_l4_w12_g8_b32,fit,5,1,4,16,4,OK,OK,69,69,3220,220
cg_k4_n16_l4_w12_g8_b32,fit,6,2,4,16,3,OK,OK,69,69,3898,678
cg_k4_n16_l4_w12_g8_b32,fit,7,2,4,16,2,OK,OK,69,69,4577,679
cg_k4_n16_l4_w12_g8_b32,fit,8,2,4,16,1,OK,OK,69,69,5254,677
cg_k4_n16_l4_w12_g8_b32,fit,9,2,4,16,0,OK,OK,69,69,5932,678
cg_k4_n16_l4_w12_g8_b32,fit,10,1,4,8,2,OK,OK,37,69,6052,120
cg_k4_n16_l4_w12_g8_b32,fit,11,2,4,8,1,OK,OK,37,37,6428,376
cg_k4_n16_l4_w12_g8_b32,fit,12,2,4,8,0,OK,OK,37,37,6804,376
cg_k4_n16_l4_w12_g8_b32,fit,13,1,4,8,2,OK,OK,37,37,6930,126
cg_k4_n16_l4_w12_g8_b32,fit,14,2,4,8,1,OK,OK,37,37,7306,376
cg_k4_n16_l4_w12_g8_b32,fit,15,2,4,8,0,OK,OK,37,37,7682,376
cg_k4_n16_l4_w12_g8_b32,fit,16,1,1,16,3,OK,OK,21,37,7779,97
cg_k4_n16_l4_w12_g8_b32,fit,17,2,1,16,2,OK,OK,21,21,8313,534
cg_k4_n16_l4_w12_g8_b32,fit,18,2,1,16,1,OK,OK,21,21,8847,534
cg_k4_n16_l4_w12_g8_b32,fit,19,2,1,16,0,OK,OK,21,21,9381,534
cg_k4_n16_l4_w12_g8_b32,fit,20,1,1,16,3,OK,OK,21,21,9481,100
cg_k4_n16_l4_w12_g8_b32,fit,21,2,1,16,2,OK,OK,21,21,10015,534
cg_k4_n16_l4_w12_g8_b32,fit,22,2,1,16,1,OK,OK,21,21,10549,534
cg_k4_n16_l4_w12_g8_b32,fit,23,2,1,16,0,OK,OK,21,21,11083,534
cg_k4_n16_l4_w12_g8_b32,fit,24,1,4,4,1,OK,OK,21,21,11162,79
cg_k4_n16_l4_w12_g8_b32,fit,25,2,4,4,0,OK,OK,21,21,11387,225
cg_k4_n16_l4_w12_g8_b32,fit,26,1,4,4,1,OK,OK,21,21,11466,79
cg_k4_n16_l4_w12_g8_b32,fit,27,2,4,4,0,OK,OK,21,21,11691,225
cg_k4_n16_l4_w12_g8_b32,fit,28,1,4,8,2,OK,OK,37,21,11820,129
cg_k4_n16_l4_w12_g8_b32,fit,29,2,4,8,1,OK,OK,37,37,12196,376
cg_k4_n16_l4_w12_g8_b32,fit,30,7,4,8,0,BAD_OP,OK,37,37,12224,28
cg_k4_n16_l4_w12_g8_b32,fit,31,2,4,8,0,OK,BAD_OP,37,37,12627,403
cg_k4_n16_l4_w12_g8_b32,fit,32,7,4,16,0,BAD_OP,OK,69,37,12655,28
cg_k4_n16_l4_w12_g8_b32,fit,33,7,4,8,0,BAD_OP,BAD_OP,37,69,12705,50
cg_k4_n16_l4_w12_g8_b32,fit,34,7,4,4,0,BAD_OP,BAD_OP,21,37,12760,55
cg_k4_n16_l4_w12_g8_b32,fit,35,7,4,16,0,BAD_OP,BAD_OP,69,21,12798,38
cg_k4_n16_l4_w12_g8_b32,fit,36,1,4,4,1,OK,BAD_OP,21,69,12969,171
cg_k4_n16_l4_w12_g8_b32,fit,37,2,4,4,0,OK,OK,21,21,13194,225
cg_k4_n16_l4_w12_g8_b32,fit,38,7,4,8,0,BAD_OP,OK,37,21,13222,28
cg_k4_n16_l4_w12_g8_b32,fit,39,7,4,16,0,BAD_OP,BAD_OP,69,37,13250,28
cg_k4_n16_l8_w12_g8_b32,fit,0,1,4,16,4,OK,,69,,258,
cg_k4_n16_l8_w12_g8_b32,fit,1,2,4,16,3,OK,OK,69,69,698,440
cg_k4_n16_l8_w12_g8_b32,fit,2,2,4,16,2,OK,OK,69,69,1138,440
cg_k4_n16_l8_w12_g8_b32,fit,3,2,4,16,1,OK,OK,69,69,1578,440
cg_k4_n16_l8_w12_g8_b32,fit,4,2,4,16,0,OK,OK,69,69,2018,440
cg_k4_n16_l8_w12_g8_b32,fit,5,1,4,16,4,OK,OK,69,69,2208,190
cg_k4_n16_l8_w12_g8_b32,fit,6,2,4,16,3,OK,OK,69,69,2648,440
cg_k4_n16_l8_w12_g8_b32,fit,7,2,4,16,2,OK,OK,69,69,3089,441
cg_k4_n16_l8_w12_g8_b32,fit,8,2,4,16,1,OK,OK,69,69,3528,439
cg_k4_n16_l8_w12_g8_b32,fit,9,2,4,16,0,OK,OK,69,69,3968,440
cg_k4_n16_l8_w12_g8_b32,fit,10,1,4,8,2,OK,OK,37,69,4073,105
cg_k4_n16_l8_w12_g8_b32,fit,11,2,4,8,1,OK,OK,37,37,4330,257
cg_k4_n16_l8_w12_g8_b32,fit,12,2,4,8,0,OK,OK,37,37,4587,257
cg_k4_n16_l8_w12_g8_b32,fit,13,1,4,8,2,OK,OK,37,37,4698,111
cg_k4_n16_l8_w12_g8_b32,fit,14,2,4,8,1,OK,OK,37,37,4955,257
cg_k4_n16_l8_w12_g8_b32,fit,15,2,4,8,0,OK,OK,37,37,5212,257
cg_k4_n16_l8_w12_g8_b32,fit,16,1,1,16,3,OK,OK,21,37,5291,79
cg_k4_n16_l8_w12_g8_b32,fit,17,2,1,16,2,OK,OK,21,21,5611,320
cg_k4_n16_l8_w12_g8_b32,fit,18,2,1,16,1,OK,OK,21,21,5931,320
cg_k4_n16_l8_w12_g8_b32,fit,19,2,1,16,0,OK,OK,21,21,6251,320
cg_k4_n16_l8_w12_g8_b32,fit,20,1,1,16,3,OK,OK,21,21,6333,82
cg_k4_n16_l8_w12_g8_b32,fit,21,2,1,16,2,OK,OK,21,21,6653,320
cg_k4_n16_l8_w12_g8_b32,fit,22,2,1,16,1,OK,OK,21,21,6973,320
cg_k4_n16_l8_w12_g8_b32,fit,23,2,1,16,0,OK,OK,21,21,7293,320
cg_k4_n16_l8_w12_g8_b32,fit,24,1,4,8,1,OK,OK,37,21,7407,114
cg_k4_n16_l8_w12_g8_b32,fit,25,2,4,8,0,OK,OK,37,37,7663,256
cg_k4_n16_l8_w12_g8_b32,fit,26,1,4,8,1,OK,OK,37,37,7775,112
cg_k4_n16_l8_w12_g8_b32,fit,27,2,4,8,0,OK,OK,37,37,8032,257
cg_k4_n16_l8_w12_g8_b32,fit,28,1,4,8,2,OK,OK,37,37,8143,111
cg_k4_n16_l8_w12_g8_b32,fit,29,2,4,8,1,OK,OK,37,37,8400,257
cg_k4_n16_l8_w12_g8_b32,fit,30,7,4,8,0,BAD_OP,OK,37,37,8428,28
cg_k4_n16_l8_w12_g8_b32,fit,31,2,4,8,0,OK,BAD_OP,37,37,8712,284
cg_k4_n16_l8_w12_g8_b32,fit,32,7,4,16,0,BAD_OP,OK,69,37,8740,28
cg_k4_n16_l8_w12_g8_b32,fit,33,7,4,8,0,BAD_OP,BAD_OP,37,69,8790,50
cg_k4_n16_l8_w12_g8_b32,fit,34,7,4,8,0,BAD_OP,BAD_OP,37,37,8845,55
cg_k4_n16_l8_w12_g8_b32,fit,35,7,4,16,0,BAD_OP,BAD_OP,69,37,8900,55
cg_k4_n16_l8_w12_g8_b32,fit,36,1,4,8,1,OK,BAD_OP,37,69,9107,207
cg_k4_n16_l8_w12_g8_b32,fit,37,2,4,8,0,OK,OK,37,37,9364,257
cg_k4_n16_l8_w12_g8_b32,fit,38,7,4,8,0,BAD_OP,OK,37,37,9392,28
cg_k4_n16_l8_w12_g8_b32,fit,39,7,4,16,0,BAD_OP,BAD_OP,69,37,9420,28
cg_k4_n32_l1_w8_g0_b64,fit,0,1,4,32,4,OK,,67,,635,
cg_k4_n32_l1_w8_g0_b64,fit,1,2,4,32,3,OK,OK,67,67,3178,2543
cg_k4_n32_l1_w8_g0_b64,fit,2,2,4,32,2,OK,OK,67,67,5721,2543
cg_k4_n32_l1_w8_g0_b64,fit,3,2,4,32,1,OK,OK,67,67,8265,2544
cg_k4_n32_l1_w8_g0_b64,fit,4,2,4,32,0,OK,OK,67,67,10807,2542
cg_k4_n32_l1_w8_g0_b64,fit,5,1,4,32,4,OK,OK,67,67,11378,571
cg_k4_n32_l1_w8_g0_b64,fit,6,2,4,32,3,OK,OK,67,67,13921,2543
cg_k4_n32_l1_w8_g0_b64,fit,7,2,4,32,2,OK,OK,67,67,16465,2544
cg_k4_n32_l1_w8_g0_b64,fit,8,2,4,32,1,OK,OK,67,67,19007,2542
cg_k4_n32_l1_w8_g0_b64,fit,9,2,4,32,0,OK,OK,67,67,21550,2543
cg_k4_n32_l1_w8_g0_b64,fit,10,1,4,16,2,OK,OK,35,67,21843,293
cg_k4_n32_l1_w8_g0_b64,fit,11,2,4,16,1,OK,OK,35,35,23138,1295
cg_k4_n32_l1_w8_g0_b64,fit,12,2,4,16,0,OK,OK,35,35,24433,1295
cg_k4_n32_l1_w8_g0_b64,fit,13,1,4,16,2,OK,OK,35,35,24733,300
cg_k4_n32_l1_w8_g0_b64,fit,14,2,4,16,1,OK,OK,35,35,26027,1294
cg_k4_n32_l1_w8_g0_b64,fit,15,2,4,16,0,OK,OK,35,35,27322,1295
cg_k4_n32_l1_w8_g0_b64,fit,16,1,1,32,3,OK,OK,19,35,27602,280
cg_k4_n32_l1_w8_g0_b64,fit,17,2,1,32,2,OK,OK,19,19,29665,2063
cg_k4_n32_l1_w8_g0_b64,fit,18,2,1,32,1,OK,OK,19,19,31728,2063
cg_k4_n32_l1_w8_g0_b64,fit,19,2,1,32,0,OK,OK,19,19,33791,2063
cg_k4_n32_l1_w8_g0_b64,fit,20,1,1,32,3,OK,OK,19,19,34074,283
cg_k4_n32_l1_w8_g0_b64,fit,21,2,1,32,2,OK,OK,19,19,36137,2063
cg_k4_n32_l1_w8_g0_b64,fit,22,2,1,32,1,OK,OK,19,19,38200,2063
cg_k4_n32_l1_w8_g0_b64,fit,23,2,1,32,0,OK,OK,19,19,40263,2063
cg_k4_n32_l1_w8_g0_b64,fit,24,1,4,1,1,OK,OK,5,19,40296,33
cg_k4_n32_l1_w8_g0_b64,fit,25,2,4,1,0,OK,OK,5,5,40412,116
cg_k4_n32_l1_w8_g0_b64,fit,26,1,4,1,1,OK,OK,5,5,40450,38
cg_k4_n32_l1_w8_g0_b64,fit,27,2,4,1,0,OK,OK,5,5,40569,119
cg_k4_n32_l1_w8_g0_b64,fit,28,1,4,16,2,OK,OK,35,5,40879,310
cg_k4_n32_l1_w8_g0_b64,fit,29,2,4,16,1,OK,OK,35,35,42174,1295
cg_k4_n32_l1_w8_g0_b64,fit,30,7,4,16,0,BAD_OP,OK,35,35,42197,23
cg_k4_n32_l1_w8_g0_b64,fit,31,2,4,16,0,OK,BAD_OP,35,35,43521,1324
cg_k4_n32_l1_w8_g0_b64,fit,32,7,4,32,0,BAD_OP,OK,67,35,43544,23
cg_k4_n32_l1_w8_g0_b64,fit,33,7,4,16,0,BAD_OP,BAD_OP,35,67,43590,46
cg_k4_n32_l1_w8_g0_b64,fit,34,7,4,1,0,BAD_OP,BAD_OP,5,35,43642,52
cg_k4_n32_l1_w8_g0_b64,fit,35,7,4,32,0,BAD_OP,BAD_OP,67,5,43665,23
cg_k4_n32_l1_w8_g0_b64,fit,36,1,4,1,1,OK,BAD_OP,5,67,43787,122
cg_k4_n32_l1_w8_g0_b64,fit,37,2,4,1,0,OK,OK,5,5,43907,120
cg_k4_n32_l1_w8_g0_b64,fit,38,7,4,16,0,BAD_OP,OK,35,5,43930,23
cg_k4_n32_l1_w8_g0_b64,fit,39,7,4,32,0,BAD_OP,BAD_OP,67,35,43954,24
cg_k4_n32_l2_w14_g0_b64,fit,0,1,4,32,4,OK,,67,,459,
cg_k4_n32_l2_w14_g0_b64,fit,1,2,4,32,3,OK,OK,67,67,2212,1753
cg_k4_n32_l2_w14_g0_b64,fit,2,2,4,32,2,OK,OK,67,67,3965,1753
cg_k4_n32_l2_w14_g0_b64,fit,3,2,4,32,1,OK,OK,67,67,5719,1754
cg_k4_n32_l2_w14_g0_b64,fit,4,2,4,32,0,OK,OK,67,67,7471,1752
cg_k4_n32_l2_w14_g0_b64,fit,5,1,4,32,4,OK,OK,67,67,7866,395
cg_k4_n32_l2_w14_g0_b64,fit,6,2,4,32,3,OK,OK,67,67,9619,1753
cg_k4_n32_l2_w14_g0_b64,fit,7,2,4,32,2,OK,OK,67,67,11373,1754
cg_k4_n32_l2_w14_g0_b64,fit,8,2,4,32,1,OK,OK,67,67,13125,1752
cg_k4_n32_l2_w14_g0_b64,fit,9,2,4,32,0,OK,OK,67,67,14878,1753
cg_k4_n32_l2_w14_g0_b64,fit,10,1,4,16,2,OK,OK,35,67,15083,205
cg_k4_n32_l2_w14_g0_b64,fit,11,2,4,16,1,OK,OK,35,35,15988,905
cg_k4_n32_l2_w14_g0_b64,fit,12,2,4,16,0,OK,OK,35,35,16893,905
cg_k4_n32_l2_w14_g0_b64,fit,13,1,4,16,2,OK,OK,35,35,17105,212
cg_k4_n32_l2_w14_g0_b64,fit,14,2,4,16,1,OK,OK,35,35,18009,904
cg_k4_n32_l2_w14_g0_b64,fit,15,2,4,16,0,OK,OK,35,35,18914,905
cg_k4_n32_l2_w14_g0_b64,fit,16,1,1,32,3,OK,OK,19,35,19114,200
cg_k4_n32_l2_w14_g0_b64,fit,17,2,1,32,2,OK,OK,19,19,20579,1465
cg_k4_n32_l2_w14_g0_b64,fit,18,2,1,32,1,OK,OK,19,19,22044,1465
cg_k4_n32_l2_w14_g0_b64,fit,19,2,1,32,0,OK,OK,19,19,23509,1465
cg_k4_n32_l2_w14_g0_b64,fit,20,1,1,32,3,OK,OK,19,19,23712,203
cg_k4_n32_l2_w14_g0_b64,fit,21,2,1,32,2,OK,OK,19,19,25177,1465
cg_k4_n32_l2_w14_g0_b64,fit,22,2,1,32,1,OK,OK,19,19,26642,1465
cg_k4_n32_l2_w14_g0_b64,fit,23,2,1,32,0,OK,OK,19,19,28107,1465
cg_k4_n32_l2_w14_g0_b64,fit,24,1,4,2,1,OK,OK,7,19,28145,38
cg_k4_n32_l2_w14_g0_b64,fit,25,2,4,2,0,OK,OK,7,7,28306,161
cg_k4_n32_l2_w14_g0_b64,fit,26,1,4,2,1,OK,OK,7,7,28354,48
cg_k4_n32_l2_w14_g0_b64,fit,27,2,4,2,0,OK,OK,7,7,28515,161
cg_k4_n32_l2_w14_g0_b64,fit,28,1,4,16,2,OK,OK,35,7,28739,224
cg_k4_n32_l2_w14_g0_b64,fit,29,2,4,16,1,OK,OK,35,35,29644,905
cg_k4_n32_l2_w14_g0_b64,fit,30,7,4,16,0,BAD_OP,OK,35,35,29667,23
cg_k4_n32_l2_w14_g0_b64,fit,31,2,4,16,0,OK,BAD_OP,35,35,30601,934
cg_k4_n32_l2_w14_g0_b64,fit,32,7,4,32,0,BAD_OP,OK,67,35,30624,23
cg_k4_n32_l2_w14_g0_b64,fit,33,7,4,16,0,BAD_OP,BAD_OP,35,67,30671,47
cg_k4_n32_l2_w14_g0_b64,fit,34,7,4,2,0,BAD_OP,BAD_OP,7,35,30723,52
cg_k4_n32_l2_w14_g0_b64,fit,35,7,4,32,0,BAD_OP,BAD_OP,67,7,30746,23
cg_k4_n32_l2_w14_g0_b64,fit,36,1,4,2,1,OK,BAD_OP,7,67,30877,131
cg_k4_n32_l2_w14_g0_b64,fit,37,2,4,2,0,OK,OK,7,7,31038,161
cg_k4_n32_l2_w14_g0_b64,fit,38,7,4,16,0,BAD_OP,OK,35,7,31061,23
cg_k4_n32_l2_w14_g0_b64,fit,39,7,4,32,0,BAD_OP,BAD_OP,67,35,31089,28
cg_k4_n32_l4_w12_g8_b64,fit,0,1,4,32,4,OK,,67,,340,
cg_k4_n32_l4_w12_g8_b64,fit,1,2,4,32,3,OK,OK,67,67,1489,1149
cg_k4_n32_l4_w12_g8_b64,fit,2,2,4,32,2,OK,OK,67,67,2638,1149
cg_k4_n32_l4_w12_g8_b64,fit,3,2,4,32,1,OK,OK,67,67,3788,1150
cg_k4_n32_l4_w12_g8_b64,fit,4,2,4,32,0,OK,OK,67,67,4936,1148
cg_k4_n32_l4_w12_g8_b64,fit,5,1,4,32,4,OK,OK,67,67,5212,276
cg_k4_n32_l4_w12_g8_b64,fit,6,2,4,32,3,OK,OK,67,67,6361,1149
cg_k4_n32_l4_w12_g8_b64,fit,7,2,4,32,2,OK,OK,67,67,7511,1150
cg_k4_n32_l4_w12_g8_b64,fit,8,2,4,32,1,OK,OK,67,67,8659,1148
cg_k4_n32_l4_w12_g8_b64,fit,9,2,4,32,0,OK,OK,67,67,9808,1149
cg_k4_n32_l4_w12_g8_b64,fit,10,1,4,16,2,OK,OK,35,67,9954,146
cg_k4_n32_l4_w12_g8_b64,fit,11,2,4,16,1,OK,OK,35,35,10563,609
cg_k4_n32_l4_w12_g8_b64,fit,12,2,4,16,0,OK,OK,35,35,11172,609
cg_k4_n32_l4_w12_g8_b64,fit,13,1,4,16,2,OK,OK,35,35,11325,153
cg_k4_n32_l4_w12_g8_b64,fit,14,2,4,16,1,OK,OK,35,35,11933,608
cg_k4_n32_l4_w12_g8_b64,fit,15,2,4,16,0,OK,OK,35,35,12542,609
cg_k4_n32_l4_w12_g8_b64,fit,16,1,1,32,3,OK,OK,19,35,12671,129
cg_k4_n32_l4_w12_g8_b64,fit,17,2,1,32,2,OK,OK,19,19,13628,957
cg_k4_n32_l4_w12_g8_b64,fit,18,2,1,32,1,OK,OK,19,19,14585,957
cg_k4_n32_l4_w12_g8_b64,fit,19,2,1,32,0,OK,OK,19,19,15542,957
cg_k4_n32_l4_w12_g8_b64,fit,20,1,1,32,3,OK,OK,19,19,15674,132
cg_k4_n32_l4_w12_g8_b64,fit,21,2,1,32,2,OK,OK,19,19,16631,957
cg_k4_n32_l4_w12_g8_b64,fit,22,2,1,32,1,OK,OK,19,19,17588,957
cg_k4_n32_l4_w12_g8_b64,fit,23,2,1,32,0,OK,OK,19,19,18545,957
cg_k4_n32_l4_w12_g8_b64,fit,24,1,4,4,1,OK,OK,11,19,18596,51
cg_k4_n32_l4_w12_g8_b64,fit,25,2,4,4,0,OK,OK,11,11,18800,204
cg_k4_n32_l4_w12_g8_b64,fit,26,1,4,4,1,OK,OK,11,11,18859,59
cg_k4_n32_l4_w12_g8_b64,fit,27,2,4,4,0,OK,OK,11,11,19063,204
cg_k4_n32_l4_w12_g8_b64,fit,28,1,4,16,2,OK,OK,35,11,19225,162
cg_k4_n32_l4_w12_g8_b64,fit,29,2,4,16,1,OK,OK,35,35,19835,610
cg_k4_n32_l4_w12_g8_b64,fit,30,7,4,16,0,BAD_OP,OK,35,35,19858,23
cg_k4_n32_l4_w12_g8_b64,fit,31,2,4,16,0,OK,BAD_OP,35,35,20496,638
cg_k4_n32_l4_w12_g8_b64,fit,32,7,4,32,0,BAD_OP,OK,67,35,20519,23
cg_k4_n32_l4_w12_g8_b64,fit,33,7,4,16,0,BAD_OP,BAD_OP,35,67,20565,46
cg_k4_n32_l4_w12_g8_b64,fit,34,7,4,4,0,BAD_OP,BAD_OP,11,35,20617,52
cg_k4_n32_l4_w12_g8_b64,fit,35,7,4,32,0,BAD_OP,BAD_OP,67,11,20644,27
cg_k4_n32_l4_w12_g8_b64,fit,36,1,4,4,1,OK,BAD_OP,11,67,20789,145
cg_k4_n32_l4_w12_g8_b64,fit,37,2,4,4,0,OK,OK,11,11,20993,204
cg_k4_n32_l4_w12_g8_b64,fit,38,7,4,16,0,BAD_OP,OK,35,11,21016,23
cg_k4_n32_l4_w12_g8_b64,fit,39,7,4,32,0,BAD_OP,BAD_OP,67,35,21041,25
cg_k8_n16_l16_w16_g8_b64,holdout,0,1,8,16,8,OK,,67,,242,
cg_k8_n16_l16_w16_g8_b64,holdout,1,2,8,16,7,OK,OK,67,67,597,355
cg_k8_n16_l16_w16_g8_b64,holdout,2,2,8,16,6,OK,OK,67,67,952,355
cg_k8_n16_l16_w16_g8_b64,holdout,3,2,8,16,5,OK,OK,67,67,1308,356
cg_k8_n16_l16_w16_g8_b64,holdout,4,2,8,16,4,OK,OK,67,67,1662,354
cg_k8_n16_l16_w16_g8_b64,holdout,5,2,8,16,3,OK,OK,67,67,2017,355
cg_k8_n16_l16_w16_g8_b64,holdout,6,2,8,16,2,OK,OK,67,67,2372,355
cg_k8_n16_l16_w16_g8_b64,holdout,7,2,8,16,1,OK,OK,67,67,2728,356
cg_k8_n16_l16_w16_g8_b64,holdout,8,2,8,16,0,OK,OK,67,67,3082,354
cg_k8_n16_l16_w16_g8_b64,holdout,9,1,8,16,8,OK,OK,67,67,3260,178
cg_k8_n16_l16_w16_g8_b64,holdout,10,2,8,16,7,OK,OK,67,67,3615,355
cg_k8_n16_l16_w16_g8_b64,holdout,11,2,8,16,6,OK,OK,67,67,3971,356
cg_k8_n16_l16_w16_g8_b64,holdout,12,2,8,16,5,OK,OK,67,67,4325,354
cg_k8_n16_l16_w16_g8_b64,holdout,13,2,8,16,4,OK,OK,67,67,4680,355
cg_k8_n16_l16_w16_g8_b64,holdout,14,2,8,16,3,OK,OK,67,67,5035,355
cg_k8_n16_l16_w16_g8_b64,holdout,15,2,8,16,2,OK,OK,67,67,5391,356
cg_k8_n16_l16_w16_g8_b64,holdout,16,2,8,16,1,OK,OK,67,67,5745,354
cg_k8_n16_l16_w16_g8_b64,holdout,17,2,8,16,0,OK,OK,67,67,6100,355
cg_k8_n16_l16_w16_g8_b64,holdout,18,1,8,16,2,OK,OK,67,67,6278,178
cg_k8_n16_l16_w16_g8_b64,holdout,19,2,8,16,1,OK,OK,67,67,6634,356
cg_k8_n16_l16_w16_g8_b64,holdout,20,2,8,16,0,OK,OK,67,67,6988,354
cg_k8_n16_l16_w16_g8_b64,holdout,21,1,8,16,2,OK,OK,67,67,7166,178
cg_k8_n16_l16_w16_g8_b64,holdout,22,2,8,16,1,OK,OK,67,67,7521,355
cg_k8_n16_l16_w16_g8_b64,holdout,23,2,8,16,0,OK,OK,67,67,7877,356
cg_k8_n16_l16_w16_g8_b64,holdout,24,1,3,16,3,OK,OK,27,67,7957,80
cg_k8_n16_l16_w16_g8_b64,holdout,25,2,3,16,2,OK,OK,27,27,8212,255
cg_k8_n16_l16_w16_g8_b64,holdout,26,2,3,16,1,OK,OK,27,27,8467,255
cg_k8_n16_l16_w16_g8_b64,holdout,27,2,3,16,0,OK,OK,27,27,8722,255
cg_k8_n16_l16_w16_g8_b64,holdout,28,1,3,16,3,OK,OK,27,27,8810,88
cg_k8_n16_l16_w16_g8_b64,holdout,29,2,3,16,2,OK,OK,27,27,9065,255
cg_k8_n16_l16_w16_g8_b64,holdout,30,2,3,16,1,OK,OK,27,27,9320,255
cg_k8_n16_l16_w16_g8_b64,holdout,31,2,3,16,0,OK,OK,27,27,9575,255
cg_k8_n16_l16_w16_g8_b64,holdout,32,1,8,16,1,OK,OK,67,27,9760,185
cg_k8_n16_l16_w16_g8_b64,holdout,33,2,8,16,0,OK,OK,67,67,10115,355
cg_k8_n16_l16_w16_g8_b64,holdout,34,1,8,16,1,OK,OK,67,67,10293,178
cg_k8_n16_l16_w16_g8_b64,holdout,35,2,8,16,0,OK,OK,67,67,10648,355
cg_k8_n16_l16_w16_g8_b64,holdout,36,1,8,16,2,OK,OK,67,67,10827,179
cg_k8_n16_l16_w16_g8_b64,holdout,37,2,8,16,1,OK,OK,67,67,11181,354
cg_k8_n16_l16_w16_g8_b64,holdout,38,7,8,16,0,BAD_OP,OK,67,67,11204,23
cg_k8_n16_l16_w16_g8_b64,holdout,39,2,8,16,0,OK,BAD_OP,67,67,11622,418
cg_k8_n16_l16_w16_g8_b64,holdout,40,7,8,16,0,BAD_OP,OK,67,67,11645,23
cg_k8_n16_l16_w16_g8_b64,holdout,41,7,8,16,0,BAD_OP,BAD_OP,67,67,11685,40
cg_k8_n16_l16_w16_g8_b64,holdout,42,7,8,16,0,BAD_OP,BAD_OP,67,67,11771,86
cg_k8_n16_l16_w16_g8_b64,holdout,43,7,8,16,0,BAD_OP,BAD_OP,67,67,11857,86
cg_k8_n16_l16_w16_g8_b64,holdout,44,1,8,16,1,OK,BAD_OP,67,67,12142,285
cg_k8_n16_l16_w16_g8_b64,holdout,45,2,8,16,0,OK,OK,67,67,12496,354
cg_k8_n16_l16_w16_g8_b64,holdout,46,7,8,16,0,BAD_OP,OK,67,67,12519,23
cg_k8_n16_l16_w16_g8_b64,holdout,47,7,8,16,0,BAD_OP,BAD_OP,67,67,12559,40
cg_k8_n16_l16_w8_g8_b32,holdout,0,1,8,16,8,OK,,133,,393,
cg_k8_n16_l16_w8_g8_b32,holdout,1,2,8,16,7,OK,OK,133,133,842,449
cg_k8_n16_l16_w8_g8_b32,holdout,2,2,8,16,6,OK,OK,133,133,1291,449
cg_k8_n16_l16_w8_g8_b32,holdout,3,2,8,16,5,OK,OK,133,133,1741,450
cg_k8_n16_l16_w8_g8_b32,holdout,4,2,8,16,4,OK,OK,133,133,2189,448
cg_k8_n16_l16_w8_g8_b32,holdout,5,2,8,16,3,OK,OK,133,133,2638,449
cg_k8_n16_l16_w8_g8_b32,holdout,6,2,8,16,2,OK,OK,133,133,3087,449
cg_k8_n16_l16_w8_g8_b32,holdout,7,2,8,16,1,OK,OK,133,133,3537,450
cg_k8_n16_l16_w8_g8_b32,holdout,8,2,8,16,0,OK,OK,133,133,3985,448
cg_k8_n16_l16_w8_g8_b32,holdout,9,1,8,16,8,OK,OK,133,133,4301,316
cg_k8_n16_l16_w8_g8_b32,holdout,10,2,8,16,7,OK,OK,133,133,4750,449
cg_k8_n16_l16_w8_g8_b32,holdout,11,2,8,16,6,OK,OK,133,133,5200,450
cg_k8_n16_l16_w8_g8_b32,holdout,12,2,8,16,5,OK,OK,133,133,5648,448
cg_k8_n16_l16_w8_g8_b32,holdout,13,2,8,16,4,OK,OK,133,133,6097,449
cg_k8_n16_l16_w8_g8_b32,holdout,14,2,8,16,3,OK,OK,133,133,6546,449
cg_k8_n16_l16_w8_g8_b32,holdout,15,2,8,16,2,OK,OK,133,133,6996,450
cg_k8_n16_l16_w8_g8_b32,holdout,16,2,8,16,1,OK,OK,133,133,7444,448
cg_k8_n16_l16_w8_g8_b32,holdout,17,2,8,16,0,OK,OK,133,133,7893,449
cg_k8_n16_l16_w8_g8_b32,holdout,18,1,8,16,2,OK,OK,133,133,8209,316
cg_k8_n16_l16_w8_g8_b32,holdout,19,2,8,16,1,OK,OK,133,133,8659,450
cg_k8_n16_l16_w8_g8_b32,holdout,20,2,8,16,0,OK,OK,133,133,9107,448
cg_k8_n16_l16_w8_g8_b32,holdout,21,1,8,16,2,OK,OK,133,133,9423,316
cg_k8_n16_l16_w8_g8_b32,holdout,22,2,8,16,1,OK,OK,133,133,9872,449
cg_k8_n16_l16_w8_g8_b32,holdout,23,2,8,16,0,OK,OK,133,133,10322,450
cg_k8_n16_l16_w8_g8_b32,holdout,24,1,3,16,3,OK,OK,53,133,10452,130
cg_k8_n16_l16_w8_g8_b32,holdout,25,2,3,16,2,OK,OK,53,53,10714,262
cg_k8_n16_l16_w8_g8_b32,holdout,26,2,3,16,1,OK,OK,53,53,10976,262
cg_k8_n16_l16_w8_g8_b32,holdout,27,2,3,16,0,OK,OK,53,53,11238,262
cg_k8_n16_l16_w8_g8_b32,holdout,28,1,3,16,3,OK,OK,53,53,11377,139
cg_k8_n16_l16_w8_g8_b32,holdout,29,2,3,16,2,OK,OK,53,53,11639,262
cg_k8_n16_l16_w8_g8_b32,holdout,30,2,3,16,1,OK,OK,53,53,11901,262
cg_k8_n16_l16_w8_g8_b32,holdout,31,2,3,16,0,OK,OK,53,53,12163,262
cg_k8_n16_l16_w8_g8_b32,holdout,32,1,8,16,1,OK,OK,133,53,12487,324
cg_k8_n16_l16_w8_g8_b32,holdout,33,2,8,16,0,OK,OK,133,133,12936,449
cg_k8_n16_l16_w8_g8_b32,holdout,34,1,8,16,1,OK,OK,133,133,13252,316
cg_k8_n16_l16_w8_g8_b32,holdout,35,2,8,16,0,OK,OK,133,133,13701,449
cg_k8_n16_l16_w8_g8_b32,holdout,36,1,8,16,2,OK,OK,133,133,14018,317
cg_k8_n16_l16_w8_g8_b32,holdout,37,2,8,16,1,OK,OK,133,133,14465,447
cg_k8_n16_l16_w8_g8_b32,holdout,38,7,8,16,0,BAD_OP,OK,133,133,14493,28
cg_k8_n16_l16_w8_g8_b32,holdout,39,2,8,16,0,OK,BAD_OP,133,133,15071,578
cg_k8_n16_l16_w8_g8_b32,holdout,40,7,8,16,0,BAD_OP,OK,133,133,15099,28
cg_k8_n16_l16_w8_g8_b32,holdout,41,7,8,16,0,BAD_OP,BAD_OP,133,133,15202,103
cg_k8_n16_l16_w8_g8_b32,holdout,42,7,8,16,0,BAD_OP,BAD_OP,133,133,15359,157
cg_k8_n16_l16_w8_g8_b32,holdout,43,7,8,16,0,BAD_OP,BAD_OP,133,133,15516,157
cg_k8_n16_l16_w8_g8_b32,holdout,44,1,8,16,1,OK,BAD_OP,133,133,16014,498
cg_k8_n16_l16_w8_g8_b32,holdout,45,2,8,16,0,OK,OK,133,133,16464,450
cg_k8_n16_l16_w8_g8_b32,holdout,46,7,8,16,0,BAD_OP,OK,133,133,16492,28
cg_k8_n16_l16_w8_g8_b32,holdout,47,7,8,16,0,BAD_OP,BAD_OP,133,133,16595,103
cg_k8_n16_l1_w12_g8_b64,fit,0,1,8,16,8,OK,,67,,587,
cg_k8_n16_l1_w12_g8_b64,fit,1,2,8,16,7,OK,OK,67,67,2959,2372
cg_k8_n16_l1_w12_g8_b64,fit,2,2,8,16,6,OK,OK,67,67,5331,2372
cg_k8_n16_l1_w12_g8_b64,fit,3,2,8,16,5,OK,OK,67,67,7704,2373
cg_k8_n16_l1_w12_g8_b64,fit,4,2,8,16,4,OK,OK,67,67,10075,2371
cg_k8_n16_l1_w12_g8_b64,fit,5,2,8,16,3,OK,OK,67,67,12447,2372
cg_k8_n16_l1_w12_g8_b64,fit,6,2,8,16,2,OK,OK,67,67,14819,2372
cg_k8_n16_l1_w12_g8_b64,fit,7,2,8,16,1,OK,OK,67,67,17192,2373
cg_k8_n16_l1_w12_g8_b64,fit,8,2,8,16,0,OK,OK,67,67,19563,2371
cg_k8_n16_l1_w12_g8_b64,fit,9,1,8,16,8,OK,OK,67,67,20086,523
cg_k8_n16_l1_w12_g8_b64,fit,10,2,8,16,7,OK,OK,67,67,22458,2372
cg_k8_n16_l1_w12_g8_b64,fit,11,2,8,16,6,OK,OK,67,67,24831,2373
cg_k8_n16_l1_w12_g8_b64,fit,12,2,8,16,5,OK,OK,67,67,27202,2371
cg_k8_n16_l1_w12_g8_b64,fit,13,2,8,16,4,OK,OK,67,67,29574,2372
cg_k8_n16_l1_w12_g8_b64,fit,14,2,8,16,3,OK,OK,67,67,31946,2372
cg_k8_n16_l1_w12_g8_b64,fit,15,2,8,16,2,OK,OK,67,67,34319,2373
cg_k8_n16_l1_w12_g8_b64,fit,16,2,8,16,1,OK,OK,67,67,36690,2371
cg_k8_n16_l1_w12_g8_b64,fit,17,2,8,16,0,OK,OK,67,67,39062,2372
cg_k8_n16_l1_w12_g8_b64,fit,18,1,8,8,2,OK,OK,35,67,39331,269
cg_k8_n16_l1_w12_g8_b64,fit,19,2,8,8,1,OK,OK,35,35,40551,1220
cg_k8_n16_l1_w12_g8_b64,fit,20,2,8,8,0,OK,OK,35,35,41771,1220
cg_k8_n16_l1_w12_g8_b64,fit,21,1,8,8,2,OK,OK,35,35,42045,274
cg_k8_n16_l1_w12_g8_b64,fit,22,2,8,8,1,OK,OK,35,35,43266,1221
cg_k8_n16_l1_w12_g8_b64,fit,23,2,8,8,0,OK,OK,35,35,44486,1220
cg_k8_n16_l1_w12_g8_b64,fit,24,1,3,16,3,OK,OK,27,35,44768,282
cg_k8_n16_l1_w12_g8_b64,fit,25,2,3,16,2,OK,OK,27,27,46740,1972
cg_k8_n16_l1_w12_g8_b64,fit,26,2,3,16,1,OK,OK,27,27,48712,1972
cg_k8_n16_l1_w12_g8_b64,fit,27,2,3,16,0,OK,OK,27,27,50684,1972
cg_k8_n16_l1_w12_g8_b64,fit,28,1,3,16,3,OK,OK,27,27,50967,283
cg_k8_n16_l1_w12_g8_b64,fit,29,2,3,16,2,OK,OK,27,27,52939,1972
cg_k8_n16_l1_w12_g8_b64,fit,30,2,3,16,1,OK,OK,27,27,54911,1972
cg_k8_n16_l1_w12_g8_b64,fit,31,2,3,16,0,OK,OK,27,27,56883,1972
cg_k8_n16_l1_w12_g8_b64,fit,32,1,8,1,1,OK,OK,7,27,56927,44
cg_k8_n16_l1_w12_g8_b64,fit,33,2,8,1,0,OK,OK,7,7,57137,210
cg_k8_n16_l1_w12_g8_b64,fit,34,1,8,1,1,OK,OK,7,7,57193,56
cg_k8_n16_l1_w12_g8_b64,fit,35,2,8,1,0,OK,OK,7,7,57403,210
cg_k8_n16_l1_w12_g8_b64,fit,36,1,8,8,2,OK,OK,35,7,57691,288
cg_k8_n16_l1_w12_g8_b64,fit,37,2,8,8,1,OK,OK,35,35,58911,1220
cg_k8_n16_l1_w12_g8_b64,fit,38,7,8,8,0,BAD_OP,OK,35,35,58934,23
cg_k8_n16_l1_w12_g8_b64,fit,39,2,8,8,0,OK,BAD_OP,35,35,60183,1249
cg_k8_n16_l1_w12_g8_b64,fit,40,7,8,16,0,BAD_OP,OK,67,35,60206,23
cg_k8_n16_l1_w12_g8_b64,fit,41,7,8,8,0,BAD_OP,BAD_OP,35,67,60252,46
cg_k8_n16_l1_w12_g8_b64,fit,42,7,8,1,0,BAD_OP,BAD_OP,7,35,60304,52
cg_k8_n16_l1_w12_g8_b64,fit,43,7,8,16,0,BAD_OP,BAD_OP,67,7,60327,23
cg_k8_n16_l1_w12_g8_b64,fit,44,1,8,1,1,OK,BAD_OP,7,67,60467,140
cg_k8_n16_l1_w12_g8_b64,fit,45,2,8,1,0,OK,OK,7,7,60677,210
cg_k8_n16_l1_w12_g8_b64,fit,46,7,8,8,0,BAD_OP,OK,35,7,60700,23
cg_k8_n16_l1_w12_g8_b64,fit,47,7,8,16,0,BAD_OP,BAD_OP,67,35,60727,27
cg_k8_n16_l4_w12_g8_b64,fit,0,1,8,16,8,OK,,67,,312,
cg_k8_n16_l4_w12_g8_b64,fit,1,2,8,16,7,OK,OK,67,67,1049,737
cg_k8_n16_l4_w12_g8_b64,fit,2,2,8,16,6,OK,OK,67,67,1786,737
cg_k8_n16_l4_w12_g8_b64,fit,3,2,8,16,5,OK,OK,67,67,2524,738
cg_k8_n16_l4_w12_g8_b64,fit,4,2,8,16,4,OK,OK,67,67,3260,736
cg_k8_n16_l4_w12_g8_b64,fit,5,2,8,16,3,OK,OK,67,67,3997,737
cg_k8_n16_l4_w12_g8_b64,fit,6,2,8,16,2,OK,OK,67,67,4734,737
cg_k8_n16_l4_w12_g8_b64,fit,7,2,8,16,1,OK,OK,67,67,5472,738
cg_k8_n16_l4_w12_g8_b64,fit,8,2,8,16,0,OK,OK,67,67,6208,736
cg_k8_n16_l4_w12_g8_b64,fit,9,1,8,16,8,OK,OK,67,67,6456,248
cg_k8_n16_l4_w12_g8_b64,fit,10,2,8,16,7,OK,OK,67,67,7193,737
cg_k8_n16_l4_w12_g8_b64,fit,11,2,8,16,6,OK,OK,67,67,7931,738
cg_k8_n16_l4_w12_g8_b64,fit,12,2,8,16,5,OK,OK,67,67,8667,736
cg_k8_n16_l4_w12_g8_b64,fit,13,2,8,16,4,OK,OK,67,67,9404,737
cg_k8_n16_l4_w12_g8_b64,fit,14,2,8,16,3,OK,OK,67,67,10141,737
cg_k8_n16_l4_w12_g8_b64,fit,15,2,8,16,2,OK,OK,67,67,10879,738
cg_k8_n16_l4_w12_g8_b64,fit,16,2,8,16,1,OK,OK,67,67,11615,736
cg_k8_n16_l4_w12_g8_b64,fit,17,2,8,16,0,OK,OK,67,67,12352,737
cg_k8_n16_l4_w12_g8_b64,fit,18,1,8,8,2,OK,OK,35,67,12484,132
cg_k8_n16_l4_w12_g8_b64,fit,19,2,8,8,1,OK,OK,35,35,12887,403
cg_k8_n16_l4_w12_g8_b64,fit,20,2,8,8,0,OK,OK,35,35,13290,403
cg_k8_n16_l4_w12_g8_b64,fit,21,1,8,8,2,OK,OK,35,35,13427,137
cg_k8_n16_l4_w12_g8_b64,fit,22,2,8,8,1,OK,OK,35,35,13831,404
cg_k8_n16_l4_w12_g8_b64,fit,23,2,8,8,0,OK,OK,35,35,14234,403
cg_k8_n16_l4_w12_g8_b64,fit,24,1,3,16,3,OK,OK,27,35,14361,127
cg_k8_n16_l4_w12_g8_b64,fit,25,2,3,16,2,OK,OK,27,27,14938,577
cg_k8_n16_l4_w12_g8_b64,fit,26,2,3,16,1,OK,OK,27,27,15515,577
cg_k8_n16_l4_w12_g8_b64,fit,27,2,3,16,0,OK,OK,27,27,16092,577
cg_k8_n16_l4_w12_g8_b64,fit,28,1,3,16,3,OK,OK,27,27,16220,128
cg_k8_n16_l4_w12_g8_b64,fit,29,2,3,16,2,OK,OK,27,27,16797,577
cg_k8_n16_l4_w12_g8_b64,fit,30,2,3,16,1,OK,OK,27,27,17374,577
cg_k8_n16_l4_w12_g8_b64,fit,31,2,3,16,0,OK,OK,27,27,17951,577
cg_k8_n16_l4_w12_g8_b64,fit,32,1,8,4,1,OK,OK,19,27,18032,81
cg_k8_n16_l4_w12_g8_b64,fit,33,2,8,4,0,OK,OK,19,19,18268,236
cg_k8_n16_l4_w12_g8_b64,fit,34,1,8,4,1,OK,OK,19,19,18351,83
cg_k8_n16_l4_w12_g8_b64,fit,35,2,8,4,0,OK,OK,19,19,18587,236
cg_k8_n16_l4_w12_g8_b64,fit,36,1,8,8,2,OK,OK,35,19,18728,141
cg_k8_n16_l4_w12_g8_b64,fit,37,2,8,8,1,OK,OK,35,35,19131,403
cg_k8_n16_l4_w12_g8_b64,fit,38,7,8,8,0,BAD_OP,OK,35,35,19154,23
cg_k8_n16_l4_w12_g8_b64,fit,39,2,8,8,0,OK,BAD_OP,35,35,19586,432
cg_k8_n16_l4_w12_g8_b64,fit,40,7,8,16,0,BAD_OP,OK,67,35,19609,23
cg_k8_n16_l4_w12_g8_b64,fit,41,7,8,8,0,BAD_OP,BAD_OP,35,67,19655,46
cg_k8_n16_l4_w12_g8_b64,fit,42,7,8,4,0,BAD_OP,BAD_OP,19,35,19707,52
cg_k8_n16_l4_w12_g8_b64,fit,43,7,8,16,0,BAD_OP,BAD_OP,67,19,19742,35
cg_k8_n16_l4_w12_g8_b64,fit,44,1,8,4,1,OK,BAD_OP,19,67,19919,177
cg_k8_n16_l4_w12_g8_b64,fit,45,2,8,4,0,OK,OK,19,19,20155,236
cg_k8_n16_l4_w12_g8_b64,fit,46,7,8,8,0,BAD_OP,OK,35,19,20178,23
cg_k8_n16_l4_w12_g8_b64,fit,47,7,8,16,0,BAD_OP,BAD_OP,67,35,20201,23
cg_k8_n16_l4_w8_g0_b32,fit,0,1,8,16,8,OK,,133,,456,
cg_k8_n16_l4_w8_g0_b32,fit,1,2,8,16,7,OK,OK,133,133,1132,676
cg_k8_n16_l4_w8_g0_b32,fit,2,2,8,16,6,OK,OK,133,133,1808,676
cg_k8_n16_l4_w8_g0_b32,fit,3,2,8,16,5,OK,OK,133,133,2485,677
cg_k8_n16_l4_w8_g0_b32,fit,4,2,8,16,4,OK,OK,133,133,3160,675
cg_k8_n16_l4_w8_g0_b32,fit,5,2,8,16,3,OK,OK,133,133,3836,676
cg_k8_n16_l4_w8_g0_b32,fit,6,2,8,16,2,OK,OK,133,133,4512,676
cg_k8_n16_l4_w8_g0_b32,fit,7,2,8,16,1,OK,OK,133,133,5189,677
cg_k8_n16_l4_w8_g0_b32,fit,8,2,8,16,0,OK,OK,133,133,5864,675
cg_k8_n16_l4_w8_g0_b32,fit,9,1,8,16,8,OK,OK,133,133,6243,379
cg_k8_n16_l4_w8_g0_b32,fit,10,2,8,16,7,OK,OK,133,133,6919,676
cg_k8_n16_l4_w8_g0_b32,fit,11,2,8,16,6,OK,OK,133,133,7596,677
cg_k8_n16_l4_w8_g0_b32,fit,12,2,8,16,5,OK,OK,133,133,8271,675
cg_k8_n16_l4_w8_g0_b32,fit,13,2,8,16,4,OK,OK,133,133,8947,676
cg_k8_n16_l4_w8_g0_b32,fit,14,2,8,16,3,OK,OK,133,133,9623,676
cg_k8_n16_l4_w8_g0_b32,fit,15,2,8,16,2,OK,OK,133,133,10300,677
cg_k8_n16_l4_w8_g0_b32,fit,16,2,8,16,1,OK,OK,133,133,10975,675
cg_k8_n16_l4_w8_g0_b32,fit,17,2,8,16,0,OK,OK,133,133,11651,676
cg_k8_n16_l4_w8_g0_b32,fit,18,1,8,8,2,OK,OK,69,133,11848,197
cg_k8_n16_l4_w8_g0_b32,fit,19,2,8,8,1,OK,OK,69,69,12209,361
cg_k8_n16_l4_w8_g0_b32,fit,20,2,8,8,0,OK,OK,69,69,12570,361
cg_k8_n16_l4_w8_g0_b32,fit,21,1,8,8,2,OK,OK,69,69,12773,203
cg_k8_n16_l4_w8_g0_b32,fit,22,2,8,8,1,OK,OK,69,69,13133,360
cg_k8_n16_l4_w8_g0_b32,fit,23,2,8,8,0,OK,OK,69,69,13494,361
cg_k8_n16_l4_w8_g0_b32,fit,24,1,3,16,3,OK,OK,53,69,13663,169
cg_k8_n16_l4_w8_g0_b32,fit,25,2,3,16,2,OK,OK,53,53,14092,429
cg_k8_n16_l4_w8_g0_b32,fit,26,2,3,16,1,OK,OK,53,53,14521,429
cg_k8_n16_l4_w8_g0_b32,fit,27,2,3,16,0,OK,OK,53,53,14950,429
cg_k8_n16_l4_w8_g0_b32,fit,28,1,3,16,3,OK,OK,53,53,15122,172
cg_k8_n16_l4_w8_g0_b32,fit,29,2,3,16,2,OK,OK,53,53,15551,429
cg_k8_n16_l4_w8_g0_b32,fit,30,2,3,16,1,OK,OK,53,53,15980,429
cg_k8_n16_l4_w8_g0_b32,fit,31,2,3,16,0,OK,OK,53,53,16410,430
cg_k8_n16_l4_w8_g0_b32,fit,32,1,8,4,1,OK,OK,37,53,16523,113
cg_k8_n16_l4_w8_g0_b32,fit,33,2,8,4,0,OK,OK,37,37,16730,207
cg_k8_n16_l4_w8_g0_b32,fit,34,1,8,4,1,OK,OK,37,37,16847,117
cg_k8_n16_l4_w8_g0_b32,fit,35,2,8,4,0,OK,OK,37,37,17054,207
cg_k8_n16_l4_w8_g0_b32,fit,36,1,8,8,2,OK,OK,69,37,17262,208
cg_k8_n16_l4_w8_g0_b32,fit,37,2,8,8,1,OK,OK,69,69,17623,361
cg_k8_n16_l4_w8_g0_b32,fit,38,7,8,8,0,BAD_OP,OK,69,69,17651,28
cg_k8_n16_l4_w8_g0_b32,fit,39,2,8,8,0,OK,BAD_OP,69,69,18073,422
cg_k8_n16_l4_w8_g0_b32,fit,40,7,8,16,0,BAD_OP,OK,133,69,18101,28
cg_k8_n16_l4_w8_g0_b32,fit,41,7,8,8,0,BAD_OP,BAD_OP,69,133,18209,108
cg_k8_n16_l4_w8_g0_b32,fit,42,7,8,4,0,BAD_OP,BAD_OP,37,69,18298,89
cg_k8_n16_l4_w8_g0_b32,fit,43,7,8,16,0,BAD_OP,BAD_OP,133,37,18353,55
cg_k8_n16_l4_w8_g0_b32,fit,44,1,8,4,1,OK,BAD_OP,37,133,18634,281
cg_k8_n16_l4_w8_g0_b32,fit,45,2,8,4,0,OK,OK,37,37,18841,207
cg_k8_n16_l4_w8_g0_b32,fit,46,7,8,8,0,BAD_OP,OK,69,37,18869,28
cg_k8_n16_l4_w8_g0_b32,fit,47,7,8,16,0,BAD_OP,BAD_OP,133,69,18919,50
cg_k8_n16_l8_w14_g4_b32,holdout,0,1,8,16,8,OK,,133,,418,
cg_k8_n16_l8_w14_g4_b32,holdout,1,2,8,16,7,OK,OK,133,133,1007,589
cg_k8_n16_l8_w14_g4_b32,holdout,2,2,8,16,6,OK,OK,133,133,1596,589
cg_k8_n16_l8_w14_g4_b32,holdout,3,2,8,16,5,OK,OK,133,133,2186,590
cg_k8_n16_l8_w14_g4_b32,holdout,4,2,8,16,4,OK,OK,133,133,2774,588
cg_k8_n16_l8_w14_g4_b32,holdout,5,2,8,16,3,OK,OK,133,133,3363,589
cg_k8_n16_l8_w14_g4_b32,holdout,6,2,8,16,2,OK,OK,133,133,3952,589
cg_k8_n16_l8_w14_g4_b32,holdout,7,2,8,16,1,OK,OK,133,133,4542,590
cg_k8_n16_l8_w14_g4_b32,holdout,8,2,8,16,0,OK,OK,133,133,5130,588
cg_k8_n16_l8_w14_g4_b32,holdout,9,1,8,16,8,OK,OK,133,133,5471,341
cg_k8_n16_l8_w14_g4_b32,holdout,10,2,8,16,7,OK,OK,133,133,6060,589
cg_k8_n16_l8_w14_g4_b32,holdout,11,2,8,16,6,OK,OK,133,133,6650,590
cg_k8_n16_l8_w14_g4_b32,holdout,12,2,8,16,5,OK,OK,133,133,7238,588
cg_k8_n16_l8_w14_g4_b32,holdout,13,2,8,16,4,OK,OK,133,133,7827,589
cg_k8_n16_l8_w14_g4_b32,holdout,14,2,8,16,3,OK,OK,133,133,8416,589
cg_k8_n16_l8_w14_g4_b32,holdout,15,2,8,16,2,OK,OK,133,133,9006,590
cg_k8_n16_l8_w14_g4_b32,holdout,16,2,8,16,1,OK,OK,133,133,9594,588
cg_k8_n16_l8_w14_g4_b32,holdout,17,2,8,16,0,OK,OK,133,133,10183,589
cg_k8_n16_l8_w14_g4_b32,holdout,18,1,8,8,2,OK,OK,69,133,10361,178
cg_k8_n16_l8_w14_g4_b32,holdout,19,2,8,8,1,OK,OK,69,69,10687,326
cg_k8_n16_l8_w14_g4_b32,holdout,20,2,8,8,0,OK,OK,69,69,11013,326
cg_k8_n16_l8_w14_g4_b32,holdout,21,1,8,8,2,OK,OK,69,69,11197,184
cg_k8_n16_l8_w14_g4_b32,holdout,22,2,8,8,1,OK,OK,69,69,11522,325
cg_k8_n16_l8_w14_g4_b32,holdout,23,2,8,8,0,OK,OK,69,69,11848,326
cg_k8_n16_l8_w14_g4_b32,holdout,24,1,3,16,3,OK,OK,53,69,11999,151
cg_k8_n16_l8_w14_g4_b32,holdout,25,2,3,16,2,OK,OK,53,53,12381,382
cg_k8_n16_l8_w14_g4_b32,holdout,26,2,3,16,1,OK,OK,53,53,12763,382
cg_k8_n16_l8_w14_g4_b32,holdout,27,2,3,16,0,OK,OK,53,53,13145,382
cg_k8_n16_l8_w14_g4_b32,holdout,28,1,3,16,3,OK,OK,53,53,13299,154
cg_k8_n16_l8_w14_g4_b32,holdout,29,2,3,16,2,OK,OK,53,53,13681,382
cg_k8_n16_l8_w14_g4_b32,holdout,30,2,3,16,1,OK,OK,53,53,14063,382
cg_k8_n16_l8_w14_g4_b32,holdout,31,2,3,16,0,OK,OK,53,53,14446,383
cg_k8_n16_l8_w14_g4_b32,holdout,32,1,8,8,1,OK,OK,69,53,14631,185
cg_k8_n16_l8_w14_g4_b32,holdout,33,2,8,8,0,OK,OK,69,69,14957,326
cg_k8_n16_l8_w14_g4_b32,holdout,34,1,8,8,1,OK,OK,69,69,15140,183
cg_k8_n16_l8_w14_g4_b32,holdout,35,2,8,8,0,OK,OK,69,69,15466,326
cg_k8_n16_l8_w14_g4_b32,holdout,36,1,8,8,2,OK,OK,69,69,15649,183
cg_k8_n16_l8_w14_g4_b32,holdout,37,2,8,8,1,OK,OK,69,69,15975,326
cg_k8_n16_l8_w14_g4_b32,holdout,38,7,8,8,0,BAD_OP,OK,69,69,16003,28
cg_k8_n16_l8_w14_g4_b32,holdout,39,2,8,8,0,OK,BAD_OP,69,69,16391,388
cg_k8_n16_l8_w14_g4_b32,holdout,40,7,8,16,0,BAD_OP,OK,133,69,16419,28
cg_k8_n16_l8_w14_g4_b32,holdout,41,7,8,8,0,BAD_OP,BAD_OP,69,133,16526,107
cg_k8_n16_l8_w14_g4_b32,holdout,42,7,8,8,0,BAD_OP,BAD_OP,69,69,16615,89
cg_k8_n16_l8_w14_g4_b32,holdout,43,7,8,16,0,BAD_OP,BAD_OP,133,69,16704,89
cg_k8_n16_l8_w14_g4_b32,holdout,44,1,8,8,1,OK,BAD_OP,69,133,17059,355
cg_k8_n16_l8_w14_g4_b32,holdout,45,2,8,8,0,OK,OK,69,69,17386,327
cg_k8_n16_l8_w14_g4_b32,holdout,46,7,8,8,0,BAD_OP,OK,69,69,17414,28
cg_k8_n16_l8_w14_g4_b32,holdout,47,7,8,16,0,BAD_OP,BAD_OP,133,69,17457,43
cg_k8_n16_l8_w16_g4_b64,holdout,0,1,8,16,8,OK,,67,,264,
cg_k8_n16_l8_w16_g4_b64,holdout,1,2,8,16,7,OK,OK,67,67,729,465
cg_k8_n16_l8_w16_g4_b64,holdout,2,2,8,16,6,OK,OK,67,67,1194,465
cg_k8_n16_l8_w16_g4_b64,holdout,3,2,8,16,5,OK,OK,67,67,1660,466
cg_k8_n16_l8_w16_g4_b64,holdout,4,2,8,16,4,OK,OK,67,67,2124,464
cg_k8_n16_l8_w16_g4_b64,holdout,5,2,8,16,3,OK,OK,67,67,2589,465
cg_k8_n16_l8_w16_g4_b64,holdout,6,2,8,16,2,OK,OK,67,67,3054,465
cg_k8_n16_l8_w16_g4_b64,holdout,7,2,8,16,1,OK,OK,67,67,3520,466
cg_k8_n16_l8_w16_g4_b64,holdout,8,2,8,16,0,OK,OK,67,67,3984,464
cg_k8_n16_l8_w16_g4_b64,holdout,9,1,8,16,8,OK,OK,67,67,4184,200
cg_k8_n16_l8_w16_g4_b64,holdout,10,2,8,16,7,OK,OK,67,67,4649,465
cg_k8_n16_l8_w16_g4_b64,holdout,11,2,8,16,6,OK,OK,67,67,5115,466
cg_k8_n16_l8_w16_g4_b64,holdout,12,2,8,16,5,OK,OK,67,67,5579,464
cg_k8_n16_l8_w16_g4_b64,holdout,13,2,8,16,4,OK,OK,67,67,6044,465
cg_k8_n16_l8_w16_g4_b64,holdout,14,2,8,16,3,OK,OK,67,67,6509,465
cg_k8_n16_l8_w16_g4_b64,holdout,15,2,8,16,2,OK,OK,67,67,6975,466
cg_k8_n16_l8_w16_g4_b64,holdout,16,2,8,16,1,OK,OK,67,67,7439,464
cg_k8_n16_l8_w16_g4_b64,holdout,17,2,8,16,0,OK,OK,67,67,7904,465
cg_k8_n16_l8_w16_g4_b64,holdout,18,1,8,8,2,OK,OK,35,67,8012,108
cg_k8_n16_l8_w16_g4_b64,holdout,19,2,8,8,1,OK,OK,35,35,8279,267
cg_k8_n16_l8_w16_g4_b64,holdout,20,2,8,8,0,OK,OK,35,35,8546,267
cg_k8_n16_l8_w16_g4_b64,holdout,21,1,8,8,2,OK,OK,35,35,8659,113
cg_k8_n16_l8_w16_g4_b64,holdout,22,2,8,8,1,OK,OK,35,35,8927,268
cg_k8_n16_l8_w16_g4_b64,holdout,23,2,8,8,0,OK,OK,35,35,9194,267
cg_k8_n16_l8_w16_g4_b64,holdout,24,1,3,16,3,OK,OK,27,35,9293,99
cg_k8_n16_l8_w16_g4_b64,holdout,25,2,3,16,2,OK,OK,27,27,9638,345
cg_k8_n16_l8_w16_g4_b64,holdout,26,2,3,16,1,OK,OK,27,27,9983,345
cg_k8_n16_l8_w16_g4_b64,holdout,27,2,3,16,0,OK,OK,27,27,10328,345
cg_k8_n16_l8_w16_g4_b64,holdout,28,1,3,16,3,OK,OK,27,27,10428,100
cg_k8_n16_l8_w16_g4_b64,holdout,29,2,3,16,2,OK,OK,27,27,10773,345
cg_k8_n16_l8_w16_g4_b64,holdout,30,2,3,16,1,OK,OK,27,27,11118,345
cg_k8_n16_l8_w16_g4_b64,holdout,31,2,3,16,0,OK,OK,27,27,11463,345
cg_k8_n16_l8_w16_g4_b64,holdout,32,1,8,8,1,OK,OK,35,27,11578,115
cg_k8_n16_l8_w16_g4_b64,holdout,33,2,8,8,0,OK,OK,35,35,11845,267
cg_k8_n16_l8_w16_g4_b64,holdout,34,1,8,8,1,OK,OK,35,35,11959,114
cg_k8_n16_l8_w16_g4_b64,holdout,35,2,8,8,0,OK,OK,35,35,12226,267
cg_k8_n16_l8_w16_g4_b64,holdout,36,1,8,8,2,OK,OK,35,35,12340,114
cg_k8_n16_l8_w16_g4_b64,holdout,37,2,8,8,1,OK,OK,35,35,12607,267
cg_k8_n16_l8_w16_g4_b64,holdout,38,7,8,8,0,BAD_OP,OK,35,35,12630,23
cg_k8_n16_l8_w16_g4_b64,holdout,39,2,8,8,0,OK,BAD_OP,35,35,12927,297
cg_k8_n16_l8_w16_g4_b64,holdout,40,7,8,16,0,BAD_OP,OK,67,35,12950,23
cg_k8_n16_l8_w16_g4_b64,holdout,41,7,8,8,0,BAD_OP,BAD_OP,35,67,12996,46
cg_k8_n16_l8_w16_g4_b64,holdout,42,7,8,8,0,BAD_OP,BAD_OP,35,35,13048,52
cg_k8_n16_l8_w16_g4_b64,holdout,43,7,8,16,0,BAD_OP,BAD_OP,67,35,13100,52
cg_k8_n16_l8_w16_g4_b64,holdout,44,1,8,8,1,OK,BAD_OP,35,67,13312,212
cg_k8_n16_l8_w16_g4_b64,holdout,45,2,8,8,0,OK,OK,35,35,13579,267
cg_k8_n16_l8_w16_g4_b64,holdout,46,7,8,8,0,BAD_OP,OK,35,35,13602,23
cg_k8_n16_l8_w16_g4_b64,holdout,47,7,8,16,0,BAD_OP,BAD_OP,67,35,13625,23
cg_k8_n32_l16_w10_g4_b64,fit,0,1,8,32,8,OK,,131,,410,
cg_k8_n32_l16_w10_g4_b64,fit,1,2,8,32,7,OK,OK,131,131,958,548
cg_k8_n32_l16_w10_g4_b64,fit,2,2,8,32,6,OK,OK,131,131,1504,546
cg_k8_n32_l16_w10_g4_b64,fit,3,2,8,32,5,OK,OK,131,131,2052,548
cg_k8_n32_l16_w10_g4_b64,fit,4,2,8,32,4,OK,OK,131,131,2598,546
cg_k8_n32_l16_w10_g4_b64,fit,5,2,8,32,3,OK,OK,131,131,3146,548
cg_k8_n32_l16_w10_g4_b64,fit,6,2,8,32,2,OK,OK,131,131,3692,546
cg_k8_n32_l16_w10_g4_b64,fit,7,2,8,32,1,OK,OK,131,131,4240,548
cg_k8_n32_l16_w10_g4_b64,fit,8,2,8,32,0,OK,OK,131,131,4786,546
cg_k8_n32_l16_w10_g4_b64,fit,9,1,8,32,8,OK,OK,131,131,5124,338
cg_k8_n32_l16_w10_g4_b64,fit,10,2,8,32,7,OK,OK,131,131,5670,546
cg_k8_n32_l16_w10_g4_b64,fit,11,2,8,32,6,OK,OK,131,131,6218,548
cg_k8_n32_l16_w10_g4_b64,fit,12,2,8,32,5,OK,OK,131,131,6764,546
cg_k8_n32_l16_w10_g4_b64,fit,13,2,8,32,4,OK,OK,131,131,7312,548
cg_k8_n32_l16_w10_g4_b64,fit,14,2,8,32,3,OK,OK,131,131,7858,546
cg_k8_n32_l16_w10_g4_b64,fit,15,2,8,32,2,OK,OK,131,131,8406,548
cg_k8_n32_l16_w10_g4_b64,fit,16,2,8,32,1,OK,OK,131,131,8952,546
cg_k8_n32_l16_w10_g4_b64,fit,17,2,8,32,0,OK,OK,131,131,9500,548
cg_k8_n32_l16_w10_g4_b64,fit,18,1,8,16,2,OK,OK,67,131,9673,173
cg_k8_n32_l16_w10_g4_b64,fit,19,2,8,16,1,OK,OK,67,67,9972,299
cg_k8_n32_l16_w10_g4_b64,fit,20,2,8,16,0,OK,OK,67,67,10271,299
cg_k8_n32_l16_w10_g4_b64,fit,21,1,8,16,2,OK,OK,67,67,10451,180
cg_k8_n32_l16_w10_g4_b64,fit,22,2,8,16,1,OK,OK,67,67,10749,298
cg_k8_n32_l16_w10_g4_b64,fit,23,2,8,16,0,OK,OK,67,67,11048,299
cg_k8_n32_l16_w10_g4_b64,fit,24,1,3,32,3,OK,OK,51,67,11195,147
cg_k8_n32_l16_w10_g4_b64,fit,25,2,3,32,2,OK,OK,51,51,11535,340
cg_k8_n32_l16_w10_g4_b64,fit,26,2,3,32,1,OK,OK,51,51,11875,340
cg_k8_n32_l16_w10_g4_b64,fit,27,2,3,32,0,OK,OK,51,51,12215,340
cg_k8_n32_l16_w10_g4_b64,fit,28,1,3,32,3,OK,OK,51,51,12365,150
cg_k8_n32_l16_w10_g4_b64,fit,29,2,3,32,2,OK,OK,51,51,12705,340
cg_k8_n32_l16_w10_g4_b64,fit,30,2,3,32,1,OK,OK,51,51,13045,340
cg_k8_n32_l16_w10_g4_b64,fit,31,2,3,32,0,OK,OK,51,51,13386,341
cg_k8_n32_l16_w10_g4_b64,fit,32,1,8,16,1,OK,OK,67,51,13567,181
cg_k8_n32_l16_w10_g4_b64,fit,33,2,8,16,0,OK,OK,67,67,13866,299
cg_k8_n32_l16_w10_g4_b64,fit,34,1,8,16,1,OK,OK,67,67,14045,179
cg_k8_n32_l16_w10_g4_b64,fit,35,2,8,16,0,OK,OK,67,67,14345,300
cg_k8_n32_l16_w10_g4_b64,fit,36,1,8,16,2,OK,OK,67,67,14523,178
cg_k8_n32_l16_w10_g4_b64,fit,37,2,8,16,1,OK,OK,67,67,14822,299
cg_k8_n32_l16_w10_g4_b64,fit,38,7,8,16,0,BAD_OP,OK,67,67,14845,23
cg_k8_n32_l16_w10_g4_b64,fit,39,2,8,16,0,OK,BAD_OP,67,67,15208,363
cg_k8_n32_l16_w10_g4_b64,fit,40,7,8,32,0,BAD_OP,OK,131,67,15231,23
cg_k8_n32_l16_w10_g4_b64,fit,41,7,8,16,0,BAD_OP,BAD_OP,67,131,15334,103
cg_k8_n32_l16_w10_g4_b64,fit,42,7,8,16,0,BAD_OP,BAD_OP,67,67,15420,86
cg_k8_n32_l16_w10_g4_b64,fit,43,7,8,32,0,BAD_OP,BAD_OP,131,67,15506,86
cg_k8_n32_l16_w10_g4_b64,fit,44,1,8,16,1,OK,BAD_OP,67,131,15859,353
cg_k8_n32_l16_w10_g4_b64,fit,45,2,8,16,0,OK,OK,67,67,16159,300
cg_k8_n32_l16_w10_g4_b64,fit,46,7,8,16,0,BAD_OP,OK,67,67,16182,23
cg_k8_n32_l16_w10_g4_b64,fit,47,7,8,32,0,BAD_OP,BAD_OP,131,67,16221,39
cg_k8_n32_l16_w12_g8_b64,fit,0,1,8,32,8,OK,,131,,410,
cg_k8_n32_l16_w12_g8_b64,fit,1,2,8,32,7,OK,OK,131,131,1013,603
cg_k8_n32_l16_w12_g8_b64,fit,2,2,8,32,6,OK,OK,131,131,1614,601
cg_k8_n32_l16_w12_g8_b64,fit,3,2,8,32,5,OK,OK,131,131,2217,603
cg_k8_n32_l16_w12_g8_b64,fit,4,2,8,32,4,OK,OK,131,131,2818,601
cg_k8_n32_l16_w12_g8_b64,fit,5,2,8,32,3,OK,OK,131,131,3421,603
cg_k8_n32_l16_w12_g8_b64,fit,6,2,8,32,2,OK,OK,131,131,4022,601
cg_k8_n32_l16_w12_g8_b64,fit,7,2,8,32,1,OK,OK,131,131,4625,603
cg_k8_n32_l16_w12_g8_b64,fit,8,2,8,32,0,OK,OK,131,131,5226,601
cg_k8_n32_l16_w12_g8_b64,fit,9,1,8,32,8,OK,OK,131,131,5564,338
cg_k8_n32_l16_w12_g8_b64,fit,10,2,8,32,7,OK,OK,131,131,6165,601
cg_k8_n32_l16_w12_g8_b64,fit,11,2,8,32,6,OK,OK,131,131,6768,603
cg_k8_n32_l16_w12_g8_b64,fit,12,2,8,32,5,OK,OK,131,131,7369,601
cg_k8_n32_l16_w12_g8_b64,fit,13,2,8,32,4,OK,OK,131,131,7972,603
cg_k8_n32_l16_w12_g8_b64,fit,14,2,8,32,3,OK,OK,131,131,8573,601
cg_k8_n32_l16_w12_g8_b64,fit,15,2,8,32,2,OK,OK,131,131,9176,603
cg_k8_n32_l16_w12_g8_b64,fit,16,2,8,32,1,OK,OK,131,131,9777,601
cg_k8_n32_l16_w12_g8_b64,fit,17,2,8,32,0,OK,OK,131,131,10380,603
cg_k8_n32_l16_w12_g8_b64,fit,18,1,8,16,2,OK,OK,67,131,10553,173
cg_k8_n32_l16_w12_g8_b64,fit,19,2,8,16,1,OK,OK,67,67,10885,332
cg_k8_n32_l16_w12_g8_b64,fit,20,2,8,16,0,OK,OK,67,67,11217,332
cg_k8_n32_l16_w12_g8_b64,fit,21,1,8,16,2,OK,OK,67,67,11397,180
cg_k8_n32_l16_w12_g8_b64,fit,22,2,8,16,1,OK,OK,67,67,11728,331
cg_k8_n32_l16_w12_g8_b64,fit,23,2,8,16,0,OK,OK,67,67,12060,332
cg_k8_n32_l16_w12_g8_b64,fit,24,1,3,32,3,OK,OK,51,67,12207,147
cg_k8_n32_l16_w12_g8_b64,fit,25,2,3,32,2,OK,OK,51,51,12602,395
cg_k8_n32_l16_w12_g8_b64,fit,26,2,3,32,1,OK,OK,51,51,12997,395
cg_k8_n32_l16_w12_g8_b64,fit,27,2,3,32,0,OK,OK,51,51,13392,395
cg_k8_n32_l16_w12_g8_b64,fit,28,1,3,32,3,OK,OK,51,51,13542,150
cg_k8_n32_l16_w12_g8_b64,fit,29,2,3,32,2,OK,OK,51,51,13937,395
cg_k8_n32_l16_w12_g8_b64,fit,30,2,3,32,1,OK,OK,51,51,14332,395
cg_k8_n32_l16_w12_g8_b64,fit,31,2,3,32,0,OK,OK,51,51,14728,396
cg_k8_n32_l16_w12_g8_b64,fit,32,1,8,16,1,OK,OK,67,51,14909,181
cg_k8_n32_l16_w12_g8_b64,fit,33,2,8,16,0,OK,OK,67,67,15241,332
cg_k8_n32_l16_w12_g8_b64,fit,34,1,8,16,1,OK,OK,67,67,15420,179
cg_k8_n32_l16_w12_g8_b64,fit,35,2,8,16,0,OK,OK,67,67,15753,333
cg_k8_n32_l16_w12_g8_b64,fit,36,1,8,16,2,OK,OK,67,67,15931,178
cg_k8_n32_l16_w12_g8_b64,fit,37,2,8,16,1,OK,OK,67,67,16263,332
cg_k8_n32_l16_w12_g8_b64,fit,38,7,8,16,0,BAD_OP,OK,67,67,16286,23
cg_k8_n32_l16_w12_g8_b64,fit,39,2,8,16,0,OK,BAD_OP,67,67,16682,396
cg_k8_n32_l16_w12_g8_b64,fit,40,7,8,32,0,BAD_OP,OK,131,67,16705,23
cg_k8_n32_l16_w12_g8_b64,fit,41,7,8,16,0,BAD_OP,BAD_OP,67,131,16808,103
cg_k8_n32_l16_w12_g8_b64,fit,42,7,8,16,0,BAD_OP,BAD_OP,67,67,16894,86
cg_k8_n32_l16_w12_g8_b64,fit,43,7,8,32,0,BAD_OP,BAD_OP,131,67,16980,86
cg_k8_n32_l16_w12_g8_b64,fit,44,1,8,16,1,OK,BAD_OP,67,131,17333,353
cg_k8_n32_l16_w12_g8_b64,fit,45,2,8,16,0,OK,OK,67,67,17666,333
cg_k8_n32_l16_w12_g8_b64,fit,46,7,8,16,0,BAD_OP,OK,67,67,17689,23
cg_k8_n32_l16_w12_g8_b64,fit,47,7,8,32,0,BAD_OP,BAD_OP,131,67,17728,39
cg_k8_n32_l1_w12_g8_b64,fit,0,1,8,32,8,OK,,131,,1099,
cg_k8_n32_l1_w12_g8_b64,fit,1,2,8,32,7,OK,OK,131,131,5783,4684
cg_k8_n32_l1_w12_g8_b64,fit,2,2,8,32,6,OK,OK,131,131,10465,4682
cg_k8_n32_l1_w12_g8_b64,fit,3,2,8,32,5,OK,OK,131,131,15149,4684
cg_k8_n32_l1_w12_g8_b64,fit,4,2,8,32,4,OK,OK,131,131,19831,4682
cg_k8_n32_l1_w12_g8_b64,fit,5,2,8,32,3,OK,OK,131,131,24515,4684
cg_k8_n32_l1_w12_g8_b64,fit,6,2,8,32,2,OK,OK,131,131,29197,4682
cg_k8_n32_l1_w12_g8_b64,fit,7,2,8,32,1,OK,OK,131,131,33881,4684
cg_k8_n32_l1_w12_g8_b64,fit,8,2,8,32,0,OK,OK,131,131,38563,4682
cg_k8_n32_l1_w12_g8_b64,fit,9,1,8,32,8,OK,OK,131,131,39590,1027
cg_k8_n32_l1_w12_g8_b64,fit,10,2,8,32,7,OK,OK,131,131,44272,4682
cg_k8_n32_l1_w12_g8_b64,fit,11,2,8,32,6,OK,OK,131,131,48956,4684
cg_k8_n32_l1_w12_g8_b64,fit,12,2,8,32,5,OK,OK,131,131,53638,4682
cg_k8_n32_l1_w12_g8_b64,fit,13,2,8,32,4,OK,OK,131,131,58322,4684
cg_k8_n32_l1_w12_g8_b64,fit,14,2,8,32,3,OK,OK,131,131,63004,4682
cg_k8_n32_l1_w12_g8_b64,fit,15,2,8,32,2,OK,OK,131,131,67688,4684
cg_k8_n32_l1_w12_g8_b64,fit,16,2,8,32,1,OK,OK,131,131,72370,4682
cg_k8_n32_l1_w12_g8_b64,fit,17,2,8,32,0,OK,OK,131,131,77054,4684
cg_k8_n32_l1_w12_g8_b64,fit,18,1,8,16,2,OK,OK,67,131,77571,517
cg_k8_n32_l1_w12_g8_b64,fit,19,2,8,16,1,OK,OK,67,67,79943,2372
cg_k8_n32_l1_w12_g8_b64,fit,20,2,8,16,0,OK,OK,67,67,82315,2372
cg_k8_n32_l1_w12_g8_b64,fit,21,1,8,16,2,OK,OK,67,67,82839,524
cg_k8_n32_l1_w12_g8_b64,fit,22,2,8,16,1,OK,OK,67,67,85210,2371
cg_k8_n32_l1_w12_g8_b64,fit,23,2,8,16,0,OK,OK,67,67,87582,2372
cg_k8_n32_l1_w12_g8_b64,fit,24,1,3,32,3,OK,OK,51,67,88118,536
cg_k8_n32_l1_w12_g8_b64,fit,25,2,3,32,2,OK,OK,51,51,91994,3876
cg_k8_n32_l1_w12_g8_b64,fit,26,2,3,32,1,OK,OK,51,51,95870,3876
cg_k8_n32_l1_w12_g8_b64,fit,27,2,3,32,0,OK,OK,51,51,99746,3876
cg_k8_n32_l1_w12_g8_b64,fit,28,1,3,32,3,OK,OK,51,51,100285,539
cg_k8_n32_l1_w12_g8_b64,fit,29,2,3,32,2,OK,OK,51,51,104161,3876
cg_k8_n32_l1_w12_g8_b64,fit,30,2,3,32,1,OK,OK,51,51,108037,3876
cg_k8_n32_l1_w12_g8_b64,fit,31,2,3,32,0,OK,OK,51,51,111914,3877
cg_k8_n32_l1_w12_g8_b64,fit,32,1,8,1,1,OK,OK,7,51,111953,39
cg_k8_n32_l1_w12_g8_b64,fit,33,2,8,1,0,OK,OK,7,7,112163,210
cg_k8_n32_l1_w12_g8_b64,fit,34,1,8,1,1,OK,OK,7,7,112219,56
cg_k8_n32_l1_w12_g8_b64,fit,35,2,8,1,0,OK,OK,7,7,112429,210
cg_k8_n32_l1_w12_g8_b64,fit,36,1,8,16,2,OK,OK,67,7,112971,542
cg_k8_n32_l1_w12_g8_b64,fit,37,2,8,16,1,OK,OK,67,67,115343,2372
cg_k8_n32_l1_w12_g8_b64,fit,38,7,8,16,0,BAD_OP,OK,67,67,115366,23
cg_k8_n32_l1_w12_g8_b64,fit,39,2,8,16,0,OK,BAD_OP,67,67,117802,2436
cg_k8_n32_l1_w12_g8_b64,fit,40,7,8,32,0,BAD_OP,OK,131,67,117825,23
cg_k8_n32_l1_w12_g8_b64,fit,41,7,8,16,0,BAD_OP,BAD_OP,67,131,117929,104
cg_k8_n32_l1_w12_g8_b64,fit,42,7,8,1,0,BAD_OP,BAD_OP,7,67,118015,86
cg_k8_n32_l1_w12_g8_b64,fit,43,7,8,32,0,BAD_OP,BAD_OP,131,7,118038,23
cg_k8_n32_l1_w12_g8_b64,fit,44,1,8,1,1,OK,BAD_OP,7,131,118247,209
cg_k8_n32_l1_w12_g8_b64,fit,45,2,8,1,0,OK,OK,7,7,118457,210
cg_k8_n32_l1_w12_g8_b64,fit,46,7,8,16,0,BAD_OP,OK,67,7,118480,23
cg_k8_n32_l1_w12_g8_b64,fit,47,7,8,32,0,BAD_OP,BAD_OP,131,67,118539,59
cg_k8_n32_l1_w16_g0_b32,holdout,0,1,8,32,8,OK,,261,,1362,
cg_k8_n32_l1_w16_g0_b32,holdout,1,2,8,32,7,OK,OK,261,261,5811,4449
cg_k8_n32_l1_w16_g0_b32,holdout,2,2,8,32,6,OK,OK,261,261,10258,4447
cg_k8_n32_l1_w16_g0_b32,holdout,3,2,8,32,5,OK,OK,261,261,14707,4449
cg_k8_n32_l1_w16_g0_b32,holdout,4,2,8,32,4,OK,OK,261,261,19154,4447
cg_k8_n32_l1_w16_g0_b32,holdout,5,2,8,32,3,OK,OK,261,261,23603,4449
cg_k8_n32_l1_w16_g0_b32,holdout,6,2,8,32,2,OK,OK,261,261,28050,4447
cg_k8_n32_l1_w16_g0_b32,holdout,7,2,8,32,1,OK,OK,261,261,32499,4449
cg_k8_n32_l1_w16_g0_b32,holdout,8,2,8,32,0,OK,OK,261,261,36946,4447
cg_k8_n32_l1_w16_g0_b32,holdout,9,1,8,32,8,OK,OK,261,261,38224,1278
cg_k8_n32_l1_w16_g0_b32,holdout,10,2,8,32,7,OK,OK,261,261,42671,4447
cg_k8_n32_l1_w16_g0_b32,holdout,11,2,8,32,6,OK,OK,261,261,47120,4449
cg_k8_n32_l1_w16_g0_b32,holdout,12,2,8,32,5,OK,OK,261,261,51567,4447
cg_k8_n32_l1_w16_g0_b32,holdout,13,2,8,32,4,OK,OK,261,261,56016,4449
cg_k8_n32_l1_w16_g0_b32,holdout,14,2,8,32,3,OK,OK,261,261,60463,4447
cg_k8_n32_l1_w16_g0_b32,holdout,15,2,8,32,2,OK,OK,261,261,64912,4449
cg_k8_n32_l1_w16_g0_b32,holdout,16,2,8,32,1,OK,OK,261,261,69359,4447
cg_k8_n32_l1_w16_g0_b32,holdout,17,2,8,32,0,OK,OK,261,261,73808,4449
cg_k8_n32_l1_w16_g0_b32,holdout,18,1,8,16,2,OK,OK,133,261,74452,644
cg_k8_n32_l1_w16_g0_b32,holdout,19,2,8,16,1,OK,OK,133,133,76700,2248
cg_k8_n32_l1_w16_g0_b32,holdout,20,2,8,16,0,OK,OK,133,133,78948,2248
cg_k8_n32_l1_w16_g0_b32,holdout,21,1,8,16,2,OK,OK,133,133,79594,646
cg_k8_n32_l1_w16_g0_b32,holdout,22,2,8,16,1,OK,OK,133,133,81841,2247
cg_k8_n32_l1_w16_g0_b32,holdout,23,2,8,16,0,OK,OK,133,133,84089,2248
cg_k8_n32_l1_w16_g0_b32,holdout,24,1,3,32,3,OK,OK,101,133,84696,607
cg_k8_n32_l1_w16_g0_b32,holdout,25,2,3,32,2,OK,OK,101,101,88154,3458
cg_k8_n32_l1_w16_g0_b32,holdout,26,2,3,32,1,OK,OK,101,101,91611,3457
cg_k8_n32_l1_w16_g0_b32,holdout,27,2,3,32,0,OK,OK,101,101,95070,3459
cg_k8_n32_l1_w16_g0_b32,holdout,28,1,3,32,3,OK,OK,101,101,95677,607
cg_k8_n32_l1_w16_g0_b32,holdout,29,2,3,32,2,OK,OK,101,101,99135,3458
cg_k8_n32_l1_w16_g0_b32,holdout,30,2,3,32,1,OK,OK,101,101,102593,3458
cg_k8_n32_l1_w16_g0_b32,holdout,31,2,3,32,0,OK,OK,101,101,106052,3459
cg_k8_n32_l1_w16_g0_b32,holdout,32,1,8,1,1,OK,OK,13,101,106102,50
cg_k8_n32_l1_w16_g0_b32,holdout,33,2,8,1,0,OK,OK,13,13,106303,201
cg_k8_n32_l1_w16_g0_b32,holdout,34,1,8,1,1,OK,OK,13,13,106371,68
cg_k8_n32_l1_w16_g0_b32,holdout,35,2,8,1,0,OK,OK,13,13,106572,201
cg_k8_n32_l1_w16_g0_b32,holdout,36,1,8,16,2,OK,OK,133,13,107239,667
cg_k8_n32_l1_w16_g0_b32,holdout,37,2,8,16,1,OK,OK,133,133,109487,2248
cg_k8_n32_l1_w16_g0_b32,holdout,38,7,8,16,0,BAD_OP,OK,133,133,109515,28
cg_k8_n32_l1_w16_g0_b32,holdout,39,2,8,16,0,OK,BAD_OP,133,133,111893,2378
cg_k8_n32_l1_w16_g0_b32,holdout,40,7,8,32,0,BAD_OP,OK,261,133,111921,28
cg_k8_n32_l1_w16_g0_b32,holdout,41,7,8,16,0,BAD_OP,BAD_OP,133,261,112153,232
cg_k8_n32_l1_w16_g0_b32,holdout,42,7,8,1,0,BAD_OP,BAD_OP,13,133,112310,157
cg_k8_n32_l1_w16_g0_b32,holdout,43,7,8,32,0,BAD_OP,BAD_OP,261,13,112340,30
cg_k8_n32_l1_w16_g0_b32,holdout,44,1,8,1,1,OK,BAD_OP,13,261,112697,357
cg_k8_n32_l1_w16_g0_b32,holdout,45,2,8,1,0,OK,OK,13,13,112898,201
cg_k8_n32_l1_w16_g0_b32,holdout,46,7,8,16,0,BAD_OP,OK,133,13,112926,28
cg_k8_n32_l1_w16_g0_b32,holdout,47,7,8,32,0,BAD_OP,BAD_OP,261,133,113051,125
cg_k8_n32_l2_w12_g8_b64,fit,0,1,8,32,8,OK,,131,,731,
cg_k8_n32_l2_w12_g8_b64,fit,1,2,8,32,7,OK,OK,131,131,3239,2508
cg_k8_n32_l2_w12_g8_b64,fit,2,2,8,32,6,OK,OK,131,131,5745,2506
cg_k8_n32_l2_w12_g8_b64,fit,3,2,8,32,5,OK,OK,131,131,8253,2508
cg_k8_n32_l2_w12_g8_b64,fit,4,2,8,32,4,OK,OK,131,131,10759,2506
cg_k8_n32_l2_w12_g8_b64,fit,5,2,8,32,3,OK,OK,131,131,13267,2508
cg_k8_n32_l2_w12_g8_b64,fit,6,2,8,32,2,OK,OK,131,131,15773,2506
cg_k8_n32_l2_w12_g8_b64,fit,7,2,8,32,1,OK,OK,131,131,18281,2508
cg_k8_n32_l2_w12_g8_b64,fit,8,2,8,32,0,OK,OK,131,131,20787,2506
cg_k8_n32_l2_w12_g8_b64,fit,9,1,8,32,8,OK,OK,131,131,21446,659
cg_k8_n32_l2_w12_g8_b64,fit,10,2,8,32,7,OK,OK,131,131,23952,2506
cg_k8_n32_l2_w12_g8_b64,fit,11,2,8,32,6,OK,OK,131,131,26460,2508
cg_k8_n32_l2_w12_g8_b64,fit,12,2,8,32,5,OK,OK,131,131,28966,2506
cg_k8_n32_l2_w12_g8_b64,fit,13,2,8,32,4,OK,OK,131,131,31474,2508
cg_k8_n32_l2_w12_g8_b64,fit,14,2,8,32,3,OK,OK,131,131,33980,2506
cg_k8_n32_l2_w12_g8_b64,fit,15,2,8,32,2,OK,OK,131,131,36488,2508
cg_k8_n32_l2_w12_g8_b64,fit,16,2,8,32,1,OK,OK,131,131,38994,2506
cg_k8_n32_l2_w12_g8_b64,fit,17,2,8,32,0,OK,OK,131,131,41502,2508
cg_k8_n32_l2_w12_g8_b64,fit,18,1,8,16,2,OK,OK,67,131,41835,333
cg_k8_n32_l2_w12_g8_b64,fit,19,2,8,16,1,OK,OK,67,67,43119,1284
cg_k8_n32_l2_w12_g8_b64,fit,20,2,8,16,0,OK,OK,67,67,44403,1284
cg_k8_n32_l2_w12_g8_b64,fit,21,1,8,16,2,OK,OK,67,67,44743,340
cg_k8_n32_l2_w12_g8_b64,fit,22,2,8,16,1,OK,OK,67,67,46026,1283
cg_k8_n32_l2_w12_g8_b64,fit,23,2,8,16,0,OK,OK,67,67,47310,1284
cg_k8_n32_l2_w12_g8_b64,fit,24,1,3,32,3,OK,OK,51,67,47638,328
cg_k8_n32_l2_w12_g8_b64,fit,25,2,3,32,2,OK,OK,51,51,49658,2020
cg_k8_n32_l2_w12_g8_b64,fit,26,2,3,32,1,OK,OK,51,51,51678,2020
cg_k8_n32_l2_w12_g8_b64,fit,27,2,3,32,0,OK,OK,51,51,53698,2020
cg_k8_n32_l2_w12_g8_b64,fit,28,1,3,32,3,OK,OK,51,51,54029,331
cg_k8_n32_l2_w12_g8_b64,fit,29,2,3,32,2,OK,OK,51,51,56049,2020
cg_k8_n32_l2_w12_g8_b64,fit,30,2,3,32,1,OK,OK,51,51,58069,2020
cg_k8_n32_l2_w12_g8_b64,fit,31,2,3,32,0,OK,OK,51,51,60090,2021
cg_k8_n32_l2_w12_g8_b64,fit,32,1,8,2,1,OK,OK,11,51,60141,51
cg_k8_n32_l2_w12_g8_b64,fit,33,2,8,2,0,OK,OK,11,11,60361,220
cg_k8_n32_l2_w12_g8_b64,fit,34,1,8,2,1,OK,OK,11,11,60427,66
cg_k8_n32_l2_w12_g8_b64,fit,35,2,8,2,0,OK,OK,11,11,60647,220
cg_k8_n32_l2_w12_g8_b64,fit,36,1,8,16,2,OK,OK,67,11,61003,356
cg_k8_n32_l2_w12_g8_b64,fit,37,2,8,16,1,OK,OK,67,67,62287,1284
cg_k8_n32_l2_w12_g8_b64,fit,38,7,8,16,0,BAD_OP,OK,67,67,62310,23
cg_k8_n32_l2_w12_g8_b64,fit,39,2,8,16,0,OK,BAD_OP,67,67,63658,1348
cg_k8_n32_l2_w12_g8_b64,fit,40,7,8,32,0,BAD_OP,OK,131,67,63681,23
cg_k8_n32_l2_w12_g8_b64,fit,41,7,8,16,0,BAD_OP,BAD_OP,67,131,63786,105
cg_k8_n32_l2_w12_g8_b64,fit,42,7,8,2,0,BAD_OP,BAD_OP,11,67,63872,86
cg_k8_n32_l2_w12_g8_b64,fit,43,7,8,32,0,BAD_OP,BAD_OP,131,11,63899,27
cg_k8_n32_l2_w12_g8_b64,fit,44,1,8,2,1,OK,BAD_OP,11,131,64119,220
cg_k8_n32_l2_w12_g8_b64,fit,45,2,8,2,0,OK,OK,11,11,64339,220
cg_k8_n32_l2_w12_g8_b64,fit,46,7,8,16,0,BAD_OP,OK,67,11,64362,23
cg_k8_n32_l2_w12_g8_b64,fit,47,7,8,32,0,BAD_OP,BAD_OP,131,67,64420,58
cg_k8_n32_l2_w16_g0_b32,fit,0,1,8,32,8,OK,,261,,1011,
cg_k8_n32_l2_w16_g0_b32,fit,1,2,8,32,7,OK,OK,261,261,3541,2530
cg_k8_n32_l2_w16_g0_b32,fit,2,2,8,32,6,OK,OK,261,261,6069,2528
cg_k8_n32_l2_w16_g0_b32,fit,3,2,8,32,5,OK,OK,261,261,8599,2530
cg_k8_n32_l2_w16_g0_b32,fit,4,2,8,32,4,OK,OK,261,261,11127,2528
cg_k8_n32_l2_w16_g0_b32,fit,5,2,8,32,3,OK,OK,261,261,13657,2530
cg_k8_n32_l2_w16_g0_b32,fit,6,2,8,32,2,OK,OK,261,261,16185,2528
cg_k8_n32_l2_w16_g0_b32,fit,7,2,8,32,1,OK,OK,261,261,18715,2530
cg_k8_n32_l2_w16_g0_b32,fit,8,2,8,32,0,OK,OK,261,261,21243,2528
cg_k8_n32_l2_w16_g0_b32,fit,9,1,8,32,8,OK,OK,261,261,22170,927
cg_k8_n32_l2_w16_g0_b32,fit,10,2,8,32,7,OK,OK,261,261,24698,2528
cg_k8_n32_l2_w16_g0_b32,fit,11,2,8,32,6,OK,OK,261,261,27228,2530
cg_k8_n32_l2_w16_g0_b32,fit,12,2,8,32,5,OK,OK,261,261,29756,2528
cg_k8_n32_l2_w16_g0_b32,fit,13,2,8,32,4,OK,OK,261,261,32286,2530
cg_k8_n32_l2_w16_g0_b32,fit,14,2,8,32,3,OK,OK,261,261,34814,2528
cg_k8_n32_l2_w16_g0_b32,fit,15,2,8,32,2,OK,OK,261,261,37344,2530
cg_k8_n32_l2_w16_g0_b32,fit,16,2,8,32,1,OK,OK,261,261,39872,2528
cg_k8_n32_l2_w16_g0_b32,fit,17,2,8,32,0,OK,OK,261,261,42402,2530
cg_k8_n32_l2_w16_g0_b32,fit,18,1,8,16,2,OK,OK,133,261,42871,469
cg_k8_n32_l2_w16_g0_b32,fit,19,2,8,16,1,OK,OK,133,133,44160,1289
cg_k8_n32_l2_w16_g0_b32,fit,20,2,8,16,0,OK,OK,133,133,45449,1289
cg_k8_n32_l2_w16_g0_b32,fit,21,1,8,16,2,OK,OK,133,133,45920,471
cg_k8_n32_l2_w16_g0_b32,fit,22,2,8,16,1,OK,OK,133,133,47208,1288
cg_k8_n32_l2_w16_g0_b32,fit,23,2,8,16,0,OK,OK,133,133,48497,1289
cg_k8_n32_l2_w16_g0_b32,fit,24,1,3,32,3,OK,OK,101,133,48913,416
cg_k8_n32_l2_w16_g0_b32,fit,25,2,3,32,2,OK,OK,101,101,50772,1859
cg_k8_n32_l2_w16_g0_b32,fit,26,2,3,32,1,OK,OK,101,101,52630,1858
cg_k8_n32_l2_w16_g0_b32,fit,27,2,3,32,0,OK,OK,101,101,54490,1860
cg_k8_n32_l2_w16_g0_b32,fit,28,1,3,32,3,OK,OK,101,101,54906,416
cg_k8_n32_l2_w16_g0_b32,fit,29,2,3,32,2,OK,OK,101,101,56765,1859
cg_k8_n32_l2_w16_g0_b32,fit,30,2,3,32,1,OK,OK,101,101,58624,1859
cg_k8_n32_l2_w16_g0_b32,fit,31,2,3,32,0,OK,OK,101,101,60484,1860
cg_k8_n32_l2_w16_g0_b32,fit,32,1,8,2,1,OK,OK,21,101,60554,70
cg_k8_n32_l2_w16_g0_b32,fit,33,2,8,2,0,OK,OK,21,21,60772,218
cg_k8_n32_l2_w16_g0_b32,fit,34,1,8,2,1,OK,OK,21,21,60857,85
cg_k8_n32_l2_w16_g0_b32,fit,35,2,8,2,0,OK,OK,21,21,61075,218
cg_k8_n32_l2_w16_g0_b32,fit,36,1,8,16,2,OK,OK,133,21,61559,484
cg_k8_n32_l2_w16_g0_b32,fit,37,2,8,16,1,OK,OK,133,133,62848,1289
cg_k8_n32_l2_w16_g0_b32,fit,38,7,8,16,0,BAD_OP,OK,133,133,62876,28
cg_k8_n32_l2_w16_g0_b32,fit,39,2,8,16,0,OK,BAD_OP,133,133,64295,1419
cg_k8_n32_l2_w16_g0_b32,fit,40,7,8,32,0,BAD_OP,OK,261,133,64323,28
cg_k8_n32_l2_w16_g0_b32,fit,41,7,8,16,0,BAD_OP,BAD_OP,133,261,64554,231
cg_k8_n32_l2_w16_g0_b32,fit,42,7,8,2,0,BAD_OP,BAD_OP,21,133,64711,157
cg_k8_n32_l2_w16_g0_b32,fit,43,7,8,32,0,BAD_OP,BAD_OP,261,21,64749,38
cg_k8_n32_l2_w16_g0_b32,fit,44,1,8,2,1,OK,BAD_OP,21,261,65131,382
cg_k8_n32_l2_w16_g0_b32,fit,45,2,8,2,0,OK,OK,21,21,65349,218
cg_k8_n32_l2_w16_g0_b32,fit,46,7,8,16,0,BAD_OP,OK,133,21,65377,28
cg_k8_n32_l2_w16_g0_b32,fit,47,7,8,32,0,BAD_OP,BAD_OP,261,133,65494,117
cg_k8_n32_l4_stress_b32,fit,0,1,8,32,8,OK,,261,,844,
cg_k8_n32_l4_stress_b32,fit,1,2,8,32,7,OK,OK,261,261,2295,1451
cg_k8_n32_l4_stress_b32,fit,2,2,8,32,6,OK,OK,261,261,3744,1449
cg_k8_n32_l4_stress_b32,fit,3,2,8,32,5,OK,OK,261,261,5195,1451
cg_k8_n32_l4_stress_b32,fit,4,2,8,32,4,OK,OK,261,261,6644,1449
cg_k8_n32_l4_stress_b32,fit,5,2,8,32,3,OK,OK,261,261,8095,1451
cg_k8_n32_l4_stress_b32,fit,6,2,8,32,2,OK,OK,261,261,9544,1449
cg_k8_n32_l4_stress_b32,fit,7,2,8,32,1,OK,OK,261,261,10995,1451
cg_k8_n32_l4_stress_b32,fit,8,2,8,32,0,OK,OK,261,261,12444,1449
cg_k8_n32_l4_stress_b32,fit,9,1,8,32,8,OK,OK,261,261,13204,760
cg_k8_n32_l4_stress_b32,fit,10,2,8,32,7,OK,OK,261,261,14653,1449
cg_k8_n32_l4_stress_b32,fit,11,2,8,32,6,OK,OK,261,261,16104,1451
cg_k8_n32_l4_stress_b32,fit,12,2,8,32,5,OK,OK,261,261,17553,1449
cg_k8_n32_l4_stress_b32,fit,13,2,8,32,4,OK,OK,261,261,19004,1451
cg_k8_n32_l4_stress_b32,fit,14,2,8,32,3,OK,OK,261,261,20453,1449
cg_k8_n32_l4_stress_b32,fit,15,2,8,32,2,OK,OK,261,261,21904,1451
cg_k8_n32_l4_stress_b32,fit,16,2,8,32,1,OK,OK,261,261,23353,1449
cg_k8_n32_l4_stress_b32,fit,17,2,8,32,0,OK,OK,261,261,24804,1451
cg_k8_n32_l4_stress_b32,fit,18,1,8,16,2,OK,OK,133,261,25190,386
cg_k8_n32_l4_stress_b32,fit,19,2,8,16,1,OK,OK,133,133,25936,746
cg_k8_n32_l4_stress_b32,fit,20,2,8,16,0,OK,OK,133,133,26682,746
cg_k8_n32_l4_stress_b32,fit,21,1,8,16,2,OK,OK,133,133,27070,388
cg_k8_n32_l4_stress_b32,fit,22,2,8,16,1,OK,OK,133,133,27815,745
cg_k8_n32_l4_stress_b32,fit,23,2,8,16,0,OK,OK,133,133,28561,746
cg_k8_n32_l4_stress_b32,fit,24,1,3,32,3,OK,OK,101,133,28890,329
cg_k8_n32_l4_stress_b32,fit,25,2,3,32,2,OK,OK,101,101,29830,940
cg_k8_n32_l4_stress_b32,fit,26,2,3,32,1,OK,OK,101,101,30769,939
cg_k8_n32_l4_stress_b32,fit,27,2,3,32,0,OK,OK,101,101,31710,941
cg_k8_n32_l4_stress_b32,fit,28,1,3,32,3,OK,OK,101,101,32039,329
cg_k8_n32_l4_stress_b32,fit,29,2,3,32,2,OK,OK,101,101,32979,940
cg_k8_n32_l4_stress_b32,fit,30,2,3,32,1,OK,OK,101,101,33919,940
cg_k8_n32_l4_stress_b32,fit,31,2,3,32,0,OK,OK,101,101,34860,941
cg_k8_n32_l4_stress_b32,fit,32,1,8,4,1,OK,OK,37,101,34967,107
cg_k8_n32_l4_stress_b32,fit,33,2,8,4,0,OK,OK,37,37,35196,229
cg_k8_n32_l4_stress_b32,fit,34,1,8,4,1,OK,OK,37,37,35315,119
cg_k8_n32_l4_stress_b32,fit,35,2,8,4,0,OK,OK,37,37,35544,229
cg_k8_n32_l4_stress_b32,fit,36,1,8,16,2,OK,OK,133,37,35942,398
cg_k8_n32_l4_stress_b32,fit,37,2,8,16,1,OK,OK,133,133,36688,746
cg_k8_n32_l4_stress_b32,fit,38,7,8,16,0,BAD_OP,OK,133,133,36716,28
cg_k8_n32_l4_stress_b32,fit,39,2,8,16,0,OK,BAD_OP,133,133,37591,875
cg_k8_n32_l4_stress_b32,fit,40,7,8,32,0,BAD_OP,OK,261,133,37619,28
cg_k8_n32_l4_stress_b32,fit,41,7,8,16,0,BAD_OP,BAD_OP,133,261,37850,231
cg_k8_n32_l4_stress_b32,fit,42,7,8,4,0,BAD_OP,BAD_OP,37,133,38007,157
cg_k8_n32_l4_stress_b32,fit,43,7,8,32,0,BAD_OP,BAD_OP,261,37,38062,55
cg_k8_n32_l4_stress_b32,fit,44,1,8,4,1,OK,BAD_OP,37,261,38481,419
cg_k8_n32_l4_stress_b32,fit,45,2,8,4,0,OK,OK,37,37,38710,229
cg_k8_n32_l4_stress_b32,fit,46,7,8,16,0,BAD_OP,OK,133,37,38738,28
cg_k8_n32_l4_stress_b32,fit,47,7,8,32,0,BAD_OP,BAD_OP,261,133,38852,114
cg_k8_n32_l4_w10_g8_b64,fit,0,1,8,32,8,OK,,131,,548,
cg_k8_n32_l4_w10_g8_b64,fit,1,2,8,32,7,OK,OK,131,131,1893,1345
cg_k8_n32_l4_w10_g8_b64,fit,2,2,8,32,6,OK,OK,131,131,3236,1343
cg_k8_n32_l4_w10_g8_b64,fit,3,2,8,32,5,OK,OK,131,131,4581,1345
cg_k8_n32_l4_w10_g8_b64,fit,4,2,8,32,4,OK,OK,131,131,5924,1343
cg_k8_n32_l4_w10_g8_b64,fit,5,2,8,32,3,OK,OK,131,131,7269,1345
cg_k8_n32_l4_w10_g8_b64,fit,6,2,8,32,2,OK,OK,131,131,8612,1343
cg_k8_n32_l4_w10_g8_b64,fit,7,2,8,32,1,OK,OK,131,131,9957,1345
cg_k8_n32_l4_w10_g8_b64,fit,8,2,8,32,0,OK,OK,131,131,11300,1343
cg_k8_n32_l4_w10_g8_b64,fit,9,1,8,32,8,OK,OK,131,131,11776,476
cg_k8_n32_l4_w10_g8_b64,fit,10,2,8,32,7,OK,OK,131,131,13119,1343
cg_k8_n32_l4_w10_g8_b64,fit,11,2,8,32,6,OK,OK,131,131,14464,1345
cg_k8_n32_l4_w10_g8_b64,fit,12,2,8,32,5,OK,OK,131,131,15807,1343
cg_k8_n32_l4_w10_g8_b64,fit,13,2,8,32,4,OK,OK,131,131,17152,1345
cg_k8_n32_l4_w10_g8_b64,fit,14,2,8,32,3,OK,OK,131,131,18495,1343
cg_k8_n32_l4_w10_g8_b64,fit,15,2,8,32,2,OK,OK,131,131,19840,1345
cg_k8_n32_l4_w10_g8_b64,fit,16,2,8,32,1,OK,OK,131,131,21183,1343
cg_k8_n32_l4_w10_g8_b64,fit,17,2,8,32,0,OK,OK,131,131,22528,1345
cg_k8_n32_l4_w10_g8_b64,fit,18,1,8,16,2,OK,OK,67,131,22770,242
cg_k8_n32_l4_w10_g8_b64,fit,19,2,8,16,1,OK,OK,67,67,23471,701
cg_k8_n32_l4_w10_g8_b64,fit,20,2,8,16,0,OK,OK,67,67,24172,701
cg_k8_n32_l4_w10_g8_b64,fit,21,1,8,16,2,OK,OK,67,67,24421,249
cg_k8_n32_l4_w10_g8_b64,fit,22,2,8,16,1,OK,OK,67,67,25121,700
cg_k8_n32_l4_w10_g8_b64,fit,23,2,8,16,0,OK,OK,67,67,25822,701
cg_k8_n32_l4_w10_g8_b64,fit,24,1,3,32,3,OK,OK,51,67,26047,225
cg_k8_n32_l4_w10_g8_b64,fit,25,2,3,32,2,OK,OK,51,51,27064,1017
cg_k8_n32_l4_w10_g8_b64,fit,26,2,3,32,1,OK,OK,51,51,28081,1017
cg_k8_n32_l4_w10_g8_b64,fit,27,2,3,32,0,OK,OK,51,51,29098,1017
cg_k8_n32_l4_w10_g8_b64,fit,28,1,3,32,3,OK,OK,51,51,29326,228
cg_k8_n32_l4_w10_g8_b64,fit,29,2,3,32,2,OK,OK,51,51,30343,1017
cg_k8_n32_l4_w10_g8_b64,fit,30,2,3,32,1,OK,OK,51,51,31360,1017
cg_k8_n32_l4_w10_g8_b64,fit,31,2,3,32,0,OK,OK,51,51,32378,1018
cg_k8_n32_l4_w10_g8_b64,fit,32,1,8,4,1,OK,OK,19,51,32454,76
cg_k8_n32_l4_w10_g8_b64,fit,33,2,8,4,0,OK,OK,19,19,32678,224
cg_k8_n32_l4_w10_g8_b64,fit,34,1,8,4,1,OK,OK,19,19,32761,83
cg_k8_n32_l4_w10_g8_b64,fit,35,2,8,4,0,OK,OK,19,19,32985,224
cg_k8_n32_l4_w10_g8_b64,fit,36,1,8,16,2,OK,OK,67,19,33242,257
cg_k8_n32_l4_w10_g8_b64,fit,37,2,8,16,1,OK,OK,67,67,33943,701
cg_k8_n32_l4_w10_g8_b64,fit,38,7,8,16,0,BAD_OP,OK,67,67,33966,23
cg_k8_n32_l4_w10_g8_b64,fit,39,2,8,16,0,OK,BAD_OP,67,67,34730,764
cg_k8_n32_l4_w10_g8_b64,fit,40,7,8,32,0,BAD_OP,OK,131,67,34753,23
cg_k8_n32_l4_w10_g8_b64,fit,41,7,8,16,0,BAD_OP,BAD_OP,67,131,34857,104
cg_k8_n32_l4_w10_g8_b64,fit,42,7,8,4,0,BAD_OP,BAD_OP,19,67,34943,86
cg_k8_n32_l4_w10_g8_b64,fit,43,7,8,32,0,BAD_OP,BAD_OP,131,19,34978,35
cg_k8_n32_l4_w10_g8_b64,fit,44,1,8,4,1,OK,BAD_OP,19,131,35223,245
cg_k8_n32_l4_w10_g8_b64,fit,45,2,8,4,0,OK,OK,19,19,35447,224
cg_k8_n32_l4_w10_g8_b64,fit,46,7,8,16,0,BAD_OP,OK,67,19,35470,23
cg_k8_n32_l4_w10_g8_b64,fit,47,7,8,32,0,BAD_OP,BAD_OP,131,67,35519,49
cg_k8_n32_l4_w12_g0_b64,fit,0,1,8,32,8,OK,,131,,548,
cg_k8_n32_l4_w12_g0_b64,fit,1,2,8,32,7,OK,OK,131,131,1706,1158
cg_k8_n32_l4_w12_g0_b64,fit,2,2,8,32,6,OK,OK,131,131,2862,1156
cg_k8_n32_l4_w12_g0_b64,fit,3,2,8,32,5,OK,OK,131,131,4020,1158
cg_k8_n32_l4_w12_g0_b64,fit,4,2,8,32,4,OK,OK,131,131,5176,1156
cg_k8_n32_l4_w12_g0_b64,fit,5,2,8,32,3,OK,OK,131,131,6334,1158
cg_k8_n32_l4_w12_g0_b64,fit,6,2,8,32,2,OK,OK,131,131,7490,1156
cg_k8_n32_l4_w12_g0_b64,fit,7,2,8,32,1,OK,OK,131,131,8648,1158
cg_k8_n32_l4_w12_g0_b64,fit,8,2,8,32,0,OK,OK,131,131,9804,1156
cg_k8_n32_l4_w12_g0_b64,fit,9,1,8,32,8,OK,OK,131,131,10280,476
cg_k8_n32_l4_w12_g0_b64,fit,10,2,8,32,7,OK,OK,131,131,11436,1156
cg_k8_n32_l4_w12_g0_b64,fit,11,2,8,32,6,OK,OK,131,131,12594,1158
cg_k8_n32_l4_w12_g0_b64,fit,12,2,8,32,5,OK,OK,131,131,13750,1156
cg_k8_n32_l4_w12_g0_b64,fit,13,2,8,32,4,OK,OK,131,131,14908,1158
cg_k8_n32_l4_w12_g0_b64,fit,14,2,8,32,3,OK,OK,131,131,16064,1156
cg_k8_n32_l4_w12_g0_b64,fit,15,2,8,32,2,OK,OK,131,131,17222,1158
cg_k8_n32_l4_w12_g0_b64,fit,16,2,8,32,1,OK,OK,131,131,18378,1156
cg_k8_n32_l4_w12_g0_b64,fit,17,2,8,32,0,OK,OK,131,131,19536,1158
cg_k8_n32_l4_w12_g0_b64,fit,18,1,8,16,2,OK,OK,67,131,19778,242
cg_k8_n32_l4_w12_g0_b64,fit,19,2,8,16,1,OK,OK,67,67,20380,602
cg_k8_n32_l4_w12_g0_b64,fit,20,2,8,16,0,OK,OK,67,67,20982,602
cg_k8_n32_l4_w12_g0_b64,fit,21,1,8,16,2,OK,OK,67,67,21231,249
cg_k8_n32_l4_w12_g0_b64,fit,22,2,8,16,1,OK,OK,67,67,21832,601
cg_k8_n32_l4_w12_g0_b64,fit,23,2,8,16,0,OK,OK,67,67,22434,602
cg_k8_n32_l4_w12_g0_b64,fit,24,1,3,32,3,OK,OK,51,67,22659,225
cg_k8_n32_l4_w12_g0_b64,fit,25,2,3,32,2,OK,OK,51,51,23489,830
cg_k8_n32_l4_w12_g0_b64,fit,26,2,3,32,1,OK,OK,51,51,24319,830
cg_k8_n32_l4_w12_g0_b64,fit,27,2,3,32,0,OK,OK,51,51,25149,830
cg_k8_n32_l4_w12_g0_b64,fit,28,1,3,32,3,OK,OK,51,51,25377,228
cg_k8_n32_l4_w12_g0_b64,fit,29,2,3,32,2,OK,OK,51,51,26207,830
cg_k8_n32_l4_w12_g0_b64,fit,30,2,3,32,1,OK,OK,51,51,27037,830
cg_k8_n32_l4_w12_g0_b64,fit,31,2,3,32,0,OK,OK,51,51,27868,831
cg_k8_n32_l4_w12_g0_b64,fit,32,1,8,4,1,OK,OK,19,51,27944,76
cg_k8_n32_l4_w12_g0_b64,fit,33,2,8,4,0,OK,OK,19,19,28135,191
cg_k8_n32_l4_w12_g0_b64,fit,34,1,8,4,1,OK,OK,19,19,28218,83
cg_k8_n32_l4_w12_g0_b64,fit,35,2,8,4,0,OK,OK,19,19,28409,191
cg_k8_n32_l4_w12_g0_b64,fit,36,1,8,16,2,OK,OK,67,19,28666,257
cg_k8_n32_l4_w12_g0_b64,fit,37,2,8,16,1,OK,OK,67,67,29268,602
cg_k8_n32_l4_w12_g0_b64,fit,38,7,8,16,0,BAD_OP,OK,67,67,29291,23
cg_k8_n32_l4_w12_g0_b64,fit,39,2,8,16,0,OK,BAD_OP,67,67,29956,665
cg_k8_n32_l4_w12_g0_b64,fit,40,7,8,32,0,BAD_OP,OK,131,67,29979,23
cg_k8_n32_l4_w12_g0_b64,fit,41,7,8,16,0,BAD_OP,BAD_OP,67,131,30083,104
cg_k8_n32_l4_w12_g0_b64,fit,42,7,8,4,0,BAD_OP,BAD_OP,19,67,30169,86
cg_k8_n32_l4_w12_g0_b64,fit,43,7,8,32,0,BAD_OP,BAD_OP,131,19,30204,35
cg_k8_n32_l4_w12_g0_b64,fit,44,1,8,4,1,OK,BAD_OP,19,131,30449,245
cg_k8_n32_l4_w12_g0_b64,fit,45,2,8,4,0,OK,OK,19,19,30640,191
cg_k8_n32_l4_w12_g0_b64,fit,46,7,8,16,0,BAD_OP,OK,67,19,30663,23
cg_k8_n32_l4_w12_g0_b64,fit,47,7,8,32,0,BAD_OP,BAD_OP,131,67,30712,49
cg_k8_n32_l4_w12_g4_b64,fit,0,1,8,32,8,OK,,131,,548,
cg_k8_n32_l4_w12_g4_b64,fit,1,2,8,32,7,OK,OK,131,131,1842,1294
cg_k8_n32_l4_w12_g4_b64,fit,2,2,8,32,6,OK,OK,131,131,3134,1292
cg_k8_n32_l4_w12_g4_b64,fit,3,2,8,32,5,OK,OK,131,131,4428,1294
cg_k8_n32_l4_w12_g4_b64,fit,4,2,8,32,4,OK,OK,131,131,5720,1292
cg_k8_n32_l4_w12_g4_b64,fit,5,2,8,32,3,OK,OK,131,131,7014,1294
cg_k8_n32_l4_w12_g4_b64,fit,6,2,8,32,2,OK,OK,131,131,8306,1292
cg_k8_n32_l4_w12_g4_b64,fit,7,2,8,32,1,OK,OK,131,131,9600,1294
cg_k8_n32_l4_w12_g4_b64,fit,8,2,8,32,0,OK,OK,131,131,10892,1292
cg_k8_n32_l4_w12_g4_b64,fit,9,1,8,32,8,OK,OK,131,131,11368,476
cg_k8_n32_l4_w12_g4_b64,fit,10,2,8,32,7,OK,OK,131,131,12660,1292
cg_k8_n32_l4_w12_g4_b64,fit,11,2,8,32,6,OK,OK,131,131,13954,1294
cg_k8_n32_l4_w12_g4_b64,fit,12,2,8,32,5,OK,OK,131,131,15246,1292
cg_k8_n32_l4_w12_g4_b64,fit,13,2,8,32,4,OK,OK,131,131,16540,1294
cg_k8_n32_l4_w12_g4_b64,fit,14,2,8,32,3,OK,OK,131,131,17832,1292
cg_k8_n32_l4_w12_g4_b64,fit,15,2,8,32,2,OK,OK,131,131,19126,1294
cg_k8_n32_l4_w12_g4_b64,fit,16,2,8,32,1,OK,OK,131,131,20418,1292
cg_k8_n32_l4_w12_g4_b64,fit,17,2,8,32,0,OK,OK,131,131,21712,1294
cg_k8_n32_l4_w12_g4_b64,fit,18,1,8,16,2,OK,OK,67,131,21954,242
cg_k8_n32_l4_w12_g4_b64,fit,19,2,8,16,1,OK,OK,67,67,22628,674
cg_k8_n32_l4_w12_g4_b64,fit,20,2,8,16,0,OK,OK,67,67,23302,674
cg_k8_n32_l4_w12_g4_b64,fit,21,1,8,16,2,OK,OK,67,67,23551,249
cg_k8_n32_l4_w12_g4_b64,fit,22,2,8,16,1,OK,OK,67,67,24224,673
cg_k8_n32_l4_w12_g4_b64,fit,23,2,8,16,0,OK,OK,67,67,24898,674
cg_k8_n32_l4_w12_g4_b64,fit,24,1,3,32,3,OK,OK,51,67,25123,225
cg_k8_n32_l4_w12_g4_b64,fit,25,2,3,32,2,OK,OK,51,51,26089,966
cg_k8_n32_l4_w12_g4_b64,fit,26,2,3,32,1,OK,OK,51,51,27055,966
cg_k8_n32_l4_w12_g4_b64,fit,27,2,3,32,0,OK,OK,51,51,28021,966
cg_k8_n32_l4_w12_g4_b64,fit,28,1,3,32,3,OK,OK,51,51,28249,228
cg_k8_n32_l4_w12_g4_b64,fit,29,2,3,32,2,OK,OK,51,51,29215,966
cg_k8_n32_l4_w12_g4_b64,fit,30,2,3,32,1,OK,OK,51,51,30181,966
cg_k8_n32_l4_w12_g4_b64,fit,31,2,3,32,0,OK,OK,51,51,31148,967
cg_k8_n32_l4_w12_g4_b64,fit,32,1,8,4,1,OK,OK,19,51,31224,76
cg_k8_n32_l4_w12_g4_b64,fit,33,2,8,4,0,OK,OK,19,19,31439,215
cg_k8_n32_l4_w12_g4_b64,fit,34,1,8,4,1,OK,OK,19,19,31522,83
cg_k8_n32_l4_w12_g4_b64,fit,35,2,8,4,0,OK,OK,19,19,31737,215
cg_k8_n32_l4_w12_g4_b64,fit,36,1,8,16,2,OK,OK,67,19,31994,257
cg_k8_n32_l4_w12_g4_b64,fit,37,2,8,16,1,OK,OK,67,67,32668,674
cg_k8_n32_l4_w12_g4_b64,fit,38,7,8,16,0,BAD_OP,OK,67,67,32691,23
cg_k8_n32_l4_w12_g4_b64,fit,39,2,8,16,0,OK,BAD_OP,67,67,33428,737
cg_k8_n32_l4_w12_g4_b64,fit,40,7,8,32,0,BAD_OP,OK,131,67,33451,23
cg_k8_n32_l4_w12_g4_b64,fit,41,7,8,16,0,BAD_OP,BAD_OP,67,131,33555,104
cg_k8_n32_l4_w12_g4_b64,fit,42,7,8,4,0,BAD_OP,BAD_OP,19,67,33641,86
cg_k8_n32_l4_w12_g4_b64,fit,43,7,8,32,0,BAD_OP,BAD_OP,131,19,33676,35
cg_k8_n32_l4_w12_g4_b64,fit,44,1,8,4,1,OK,BAD_OP,19,131,33921,245
cg_k8_n32_l4_w12_g4_b64,fit,45,2,8,4,0,OK,OK,19,19,34136,215
cg_k8_n32_l4_w12_g4_b64,fit,46,7,8,16,0,BAD_OP,OK,67,19,34159,23
cg_k8_n32_l4_w12_g4_b64,fit,47,7,8,32,0,BAD_OP,BAD_OP,131,67,34208,49
cg_k8_n32_l4_w12_g8_b32,fit,0,1,8,32,8,OK,,261,,844,
cg_k8_n32_l4_w12_g8_b32,fit,1,2,8,32,7,OK,OK,261,261,2542,1698
cg_k8_n32_l4_w12_g8_b32,fit,2,2,8,32,6,OK,OK,261,261,4238,1696
cg_k8_n32_l4_w12_g8_b32,fit,3,2,8,32,5,OK,OK,261,261,5936,1698
cg_k8_n32_l4_w12_g8_b32,fit,4,2,8,32,4,OK,OK,261,261,7632,1696
cg_k8_n32_l4_w12_g8_b32,fit,5,2,8,32,3,OK,OK,261,261,9330,1698
cg_k8_n32_l4_w12_g8_b32,fit,6,2,8,32,2,OK,OK,261,261,11026,1696
cg_k8_n32_l4_w12_g8_b32,fit,7,2,8,32,1,OK,OK,261,261,12724,1698
cg_k8_n32_l4_w12_g8_b32,fit,8,2,8,32,0,OK,OK,261,261,14420,1696
cg_k8_n32_l4_w12_g8_b32,fit,9,1,8,32,8,OK,OK,261,261,15180,760
cg_k8_n32_l4_w12_g8_b32,fit,10,2,8,32,7,OK,OK,261,261,16876,1696
cg_k8_n32_l4_w12_g8_b32,fit,11,2,8,32,6,OK,OK,261,261,18574,1698
cg_k8_n32_l4_w12_g8_b32,fit,12,2,8,32,5,OK,OK,261,261,20270,1696
cg_k8_n32_l4_w12_g8_b32,fit,13,2,8,32,4,OK,OK,261,261,21968,1698
cg_k8_n32_l4_w12_g8_b32,fit,14,2,8,32,3,OK,OK,261,261,23664,1696
cg_k8_n32_l4_w12_g8_b32,fit,15,2,8,32,2,OK,OK,261,261,25362,1698
cg_k8_n32_l4_w12_g8_b32,fit,16,2,8,32,1,OK,OK,261,261,27058,1696
cg_k8_n32_l4_w12_g8_b32,fit,17,2,8,32,0,OK,OK,261,261,28756,1698
cg_k8_n32_l4_w12_g8_b32,fit,18,1,8,16,2,OK,OK,133,261,29142,386
cg_k8_n32_l4_w12_g8_b32,fit,19,2,8,16,1,OK,OK,133,133,30019,877
cg_k8_n32_l4_w12_g8_b32,fit,20,2,8,16,0,OK,OK,133,133,30896,877
cg_k8_n32_l4_w12_g8_b32,fit,21,1,8,16,2,OK,OK,133,133,31284,388
cg_k8_n32_l4_w12_g8_b32,fit,22,2,8,16,1,OK,OK,133,133,32160,876
cg_k8_n32_l4_w12_g8_b32,fit,23,2,8,16,0,OK,OK,133,133,33037,877
cg_k8_n32_l4_w12_g8_b32,fit,24,1,3,32,3,OK,OK,101,133,33366,329
cg_k8_n32_l4_w12_g8_b32,fit,25,2,3,32,2,OK,OK,101,101,34553,1187
cg_k8_n32_l4_w12_g8_b32,fit,26,2,3,32,1,OK,OK,101,101,35739,1186
cg_k8_n32_l4_w12_g8_b32,fit,27,2,3,32,0,OK,OK,101,101,36927,1188
cg_k8_n32_l4_w12_g8_b32,fit,28,1,3,32,3,OK,OK,101,101,37256,329
cg_k8_n32_l4_w12_g8_b32,fit,29,2,3,32,2,OK,OK,101,101,38443,1187
cg_k8_n32_l4_w12_g8_b32,fit,30,2,3,32,1,OK,OK,101,101,39630,1187
cg_k8_n32_l4_w12_g8_b32,fit,31,2,3,32,0,OK,OK,101,101,40818,1188
cg_k8_n32_l4_w12_g8_b32,fit,32,1,8,4,1,OK,OK,37,101,40925,107
cg_k8_n32_l4_w12_g8_b32,fit,33,2,8,4,0,OK,OK,37,37,41198,273
cg_k8_n32_l4_w12_g8_b32,fit,34,1,8,4,1,OK,OK,37,37,41317,119
cg_k8_n32_l4_w12_g8_b32,fit,35,2,8,4,0,OK,OK,37,37,41590,273
cg_k8_n32_l4_w12_g8_b32,fit,36,1,8,16,2,OK,OK,133,37,41988,398
cg_k8_n32_l4_w12_g8_b32,fit,37,2,8,16,1,OK,OK,133,133,42865,877
cg_k8_n32_l4_w12_g8_b32,fit,38,7,8,16,0,BAD_OP,OK,133,133,42893,28
cg_k8_n32_l4_w12_g8_b32,fit,39,2,8,16,0,OK,BAD_OP,133,133,43899,1006
cg_k8_n32_l4_w12_g8_b32,fit,40,7,8,32,0,BAD_OP,OK,261,133,43927,28
cg_k8_n32_l4_w12_g8_b32,fit,41,7,8,16,0,BAD_OP,BAD_OP,133,261,44158,231
cg_k8_n32_l4_w12_g8_b32,fit,42,7,8,4,0,BAD_OP,BAD_OP,37,133,44315,157
cg_k8_n32_l4_w12_g8_b32,fit,43,7,8,32,0,BAD_OP,BAD_OP,261,37,44370,55
cg_k8_n32_l4_w12_g8_b32,fit,44,1,8,4,1,OK,BAD_OP,37,261,44789,419
cg_k8_n32_l4_w12_g8_b32,fit,45,2,8,4,0,OK,OK,37,37,45062,273
cg_k8_n32_l4_w12_g8_b32,fit,46,7,8,16,0,BAD_OP,OK,133,37,45090,28
cg_k8_n32_l4_w12_g8_b32,fit,47,7,8,32,0,BAD_OP,BAD_OP,261,133,45204,114
cg_k8_n32_l4_w12_g8_b64,fit,0,1,8,32,8,OK,,131,,548,
cg_k8_n32_l4_w12_g8_b64,fit,1,2,8,32,7,OK,OK,131,131,1961,1413
cg_k8_n32_l4_w12_g8_b64,fit,2,2,8,32,6,OK,OK,131,131,3372,1411
cg_k8_n32_l4_w12_g8_b64,fit,3,2,8,32,5,OK,OK,131,131,4785,1413
cg_k8_n32_l4_w12_g8_b64,fit,4,2,8,32,4,OK,OK,131,131,6196,1411
cg_k8_n32_l4_w12_g8_b64,fit,5,2,8,32,3,OK,OK,131,131,7609,1413
cg_k8_n32_l4_w12_g8_b64,fit,6,2,8,32,2,OK,OK,131,131,9020,1411
cg_k8_n32_l4_w12_g8_b64,fit,7,2,8,32,1,OK,OK,131,131,10433,1413
cg_k8_n32_l4_w12_g8_b64,fit,8,2,8,32,0,OK,OK,131,131,11844,1411
cg_k8_n32_l4_w12_g8_b64,fit,9,1,8,32,8,OK,OK,131,131,12320,476
cg_k8_n32_l4_w12_g8_b64,fit,10,2,8,32,7,OK,OK,131,131,13731,1411
cg_k8_n32_l4_w12_g8_b64,fit,11,2,8,32,6,OK,OK,131,131,15144,1413
cg_k8_n32_l4_w12_g8_b64,fit,12,2,8,32,5,OK,OK,131,131,16555,1411
cg_k8_n32_l4_w12_g8_b64,fit,13,2,8,32,4,OK,OK,131,131,17968,1413
cg_k8_n32_l4_w12_g8_b64,fit,14,2,8,32,3,OK,OK,131,131,19379,1411
cg_k8_n32_l4_w12_g8_b64,fit,15,2,8,32,2,OK,OK,131,131,20792,1413
cg_k8_n32_l4_w12_g8_b64,fit,16,2,8,32,1,OK,OK,131,131,22203,1411
cg_k8_n32_l4_w12_g8_b64,fit,17,2,8,32,0,OK,OK,131,131,23616,1413
cg_k8_n32_l4_w12_g8_b64,fit,18,1,8,16,2,OK,OK,67,131,23858,242
cg_k8_n32_l4_w12_g8_b64,fit,19,2,8,16,1,OK,OK,67,67,24595,737
cg_k8_n32_l4_w12_g8_b64,fit,20,2,8,16,0,OK,OK,67,67,25332,737
cg_k8_n32_l4_w12_g8_b64,fit,21,1,8,16,2,OK,OK,67,67,25581,249
cg_k8_n32_l4_w12_g8_b64,fit,22,2,8,16,1,OK,OK,67,67,26317,736
cg_k8_n32_l4_w12_g8_b64,fit,23,2,8,16,0,OK,OK,67,67,27054,737
cg_k8_n32_l4_w12_g8_b64,fit,24,1,3,32,3,OK,OK,51,67,27279,225
cg_k8_n32_l4_w12_g8_b64,fit,25,2,3,32,2,OK,OK,51,51,28364,1085
cg_k8_n32_l4_w12_g8_b64,fit,26,2,3,32,1,OK,OK,51,51,29449,1085
cg_k8_n32_l4_w12_g8_b64,fit,27,2,3,32,0,OK,OK,51,51,30534,1085
cg_k8_n32_l4_w12_g8_b64,fit,28,1,3,32,3,OK,OK,51,51,30762,228
cg_k8_n32_l4_w12_g8_b64,fit,29,2,3,32,2,OK,OK,51,51,31847,1085
cg_k8_n32_l4_w12_g8_b64,fit,30,2,3,32,1,OK,OK,51,51,32932,1085
cg_k8_n32_l4_w12_g8_b64,fit,31,2,3,32,0,OK,OK,51,51,34018,1086
cg_k8_n32_l4_w12_g8_b64,fit,32,1,8,4,1,OK,OK,19,51,34094,76
cg_k8_n32_l4_w12_g8_b64,fit,33,2,8,4,0,OK,OK,19,19,34330,236
cg_k8_n32_l4_w12_g8_b64,fit,34,1,8,4,1,OK,OK,19,19,34413,83
cg_k8_n32_l4_w12_g8_b64,fit,35,2,8,4,0,OK,OK,19,19,34649,236
cg_k8_n32_l4_w12_g8_b64,fit,36,1,8,16,2,OK,OK,67,19,34906,257
cg_k8_n32_l4_w12_g8_b64,fit,37,2,8,16,1,OK,OK,67,67,35643,737
cg_k8_n32_l4_w12_g8_b64,fit,38,7,8,16,0,BAD_OP,OK,67,67,35666,23
cg_k8_n32_l4_w12_g8_b64,fit,39,2,8,16,0,OK,BAD_OP,67,67,36466,800
cg_k8_n32_l4_w12_g8_b64,fit,40,7,8,32,0,BAD_OP,OK,131,67,36489,23
cg_k8_n32_l4_w12_g8_b64,fit,41,7,8,16,0,BAD_OP,BAD_OP,67,131,36593,104
cg_k8_n32_l4_w12_g8_b64,fit,42,7,8,4,0,BAD_OP,BAD_OP,19,67,36679,86
cg_k8_n32_l4_w12_g8_b64,fit,43,7,8,32,0,BAD_OP,BAD_OP,131,19,36714,35
cg_k8_n32_l4_w12_g8_b64,fit,44,1,8,4,1,OK,BAD_OP,19,131,36959,245
cg_k8_n32_l4_w12_g8_b64,fit,45,2,8,4,0,OK,OK,19,19,37195,236
cg_k8_n32_l4_w12_g8_b64,fit,46,7,8,16,0,BAD_OP,OK,67,19,37218,23
cg_k8_n32_l4_w12_g8_b64,fit,47,7,8,32,0,BAD_OP,BAD_OP,131,67,37267,49
cg_k8_n32_l4_w14_g8_b64,fit,0,1,8,32,8,OK,,131,,548,
cg_k8_n32_l4_w14_g8_b64,fit,1,2,8,32,7,OK,OK,131,131,2037,1489
cg_k8_n32_l4_w14_g8_b64,fit,2,2,8,32,6,OK,OK,131,131,3524,1487
cg_k8_n32_l4_w14_g8_b64,fit,3,2,8,32,5,OK,OK,131,131,5013,1489
cg_k8_n32_l4_w14_g8_b64,fit,4,2,8,32,4,OK,OK,131,131,6500,1487
cg_k8_n32_l4_w14_g8_b64,fit,5,2,8,32,3,OK,OK,131,131,7989,1489
cg_k8_n32_l4_w14_g8_b64,fit,6,2,8,32,2,OK,OK,131,131,9476,1487
cg_k8_n32_l4_w14_g8_b64,fit,7,2,8,32,1,OK,OK,131,131,10965,1489
cg_k8_n32_l4_w14_g8_b64,fit,8,2,8,32,0,OK,OK,131,131,12452,1487
cg_k8_n32_l4_w14_g8_b64,fit,9,1,8,32,8,OK,OK,131,131,12928,476
cg_k8_n32_l4_w14_g8_b64,fit,10,2,8,32,7,OK,OK,131,131,14415,1487
cg_k8_n32_l4_w14_g8_b64,fit,11,2,8,32,6,OK,OK,131,131,15904,1489
cg_k8_n32_l4_w14_g8_b64,fit,12,2,8,32,5,OK,OK,131,131,17391,1487
cg_k8_n32_l4_w14_g8_b64,fit,13,2,8,32,4,OK,OK,131,131,18880,1489
cg_k8_n32_l4_w14_g8_b64,fit,14,2,8,32,3,OK,OK,131,131,20367,1487
cg_k8_n32_l4_w14_g8_b64,fit,15,2,8,32,2,OK,OK,131,131,21856,1489
cg_k8_n32_l4_w14_g8_b64,fit,16,2,8,32,1,OK,OK,131,131,23343,1487
cg_k8_n32_l4_w14_g8_b64,fit,17,2,8,32,0,OK,OK,131,131,24832,1489
cg_k8_n32_l4_w14_g8_b64,fit,18,1,8,16,2,OK,OK,67,131,25074,242
cg_k8_n32_l4_w14_g8_b64,fit,19,2,8,16,1,OK,OK,67,67,25851,777
cg_k8_n32_l4_w14_g8_b64,fit,20,2,8,16,0,OK,OK,67,67,26628,777
cg_k8_n32_l4_w14_g8_b64,fit,21,1,8,16,2,OK,OK,67,67,26877,249
cg_k8_n32_l4_w14_g8_b64,fit,22,2,8,16,1,OK,OK,67,67,27653,776
cg_k8_n32_l4_w14_g8_b64,fit,23,2,8,16,0,OK,OK,67,67,28430,777
cg_k8_n32_l4_w14_g8_b64,fit,24,1,3,32,3,OK,OK,51,67,28655,225
cg_k8_n32_l4_w14_g8_b64,fit,25,2,3,32,2,OK,OK,51,51,29816,1161
cg_k8_n32_l4_w14_g8_b64,fit,26,2,3,32,1,OK,OK,51,51,30977,1161
cg_k8_n32_l4_w14_g8_b64,fit,27,2,3,32,0,OK,OK,51,51,32138,1161
cg_k8_n32_l4_w14_g8_b64,fit,28,1,3,32,3,OK,OK,51,51,32366,228
cg_k8_n32_l4_w14_g8_b64,fit,29,2,3,32,2,OK,OK,51,51,33527,1161
cg_k8_n32_l4_w14_g8_b64,fit,30,2,3,32,1,OK,OK,51,51,34688,1161
cg_k8_n32_l4_w14_g8_b64,fit,31,2,3,32,0,OK,OK,51,51,35850,1162
cg_k8_n32_l4_w14_g8_b64,fit,32,1,8,4,1,OK,OK,19,51,35926,76
cg_k8_n32_l4_w14_g8_b64,fit,33,2,8,4,0,OK,OK,19,19,36175,249
cg_k8_n32_l4_w14_g8_b64,fit,34,1,8,4,1,OK,OK,19,19,36258,83
cg_k8_n32_l4_w14_g8_b64,fit,35,2,8,4,0,OK,OK,19,19,36507,249
cg_k8_n32_l4_w14_g8_b64,fit,36,1,8,16,2,OK,OK,67,19,36764,257
cg_k8_n32_l4_w14_g8_b64,fit,37,2,8,16,1,OK,OK,67,67,37541,777
cg_k8_n32_l4_w14_g8_b64,fit,38,7,8,16,0,BAD_OP,OK,67,67,37564,23
cg_k8_n32_l4_w14_g8_b64,fit,39,2,8,16,0,OK,BAD_OP,67,67,38404,840
cg_k8_n32_l4_w14_g8_b64,fit,40,7,8,32,0,BAD_OP,OK,131,67,38427,23
cg_k8_n32_l4_w14_g8_b64,fit,41,7,8,16,0,BAD_OP,BAD_OP,67,131,38531,104
cg_k8_n32_l4_w14_g8_b64,fit,42,7,8,4,0,BAD_OP,BAD_OP,19,67,38617,86
cg_k8_n32_l4_w14_g8_b64,fit,43,7,8,32,0,BAD_OP,BAD_OP,131,19,38652,35
cg_k8_n32_l4_w14_g8_b64,fit,44,1,8,4,1,OK,BAD_OP,19,131,38897,245
cg_k8_n32_l4_w14_g8_b64,fit,45,2,8,4,0,OK,OK,19,19,39146,249
cg_k8_n32_l4_w14_g8_b64,fit,46,7,8,16,0,BAD_OP,OK,67,19,39169,23
cg_k8_n32_l4_w14_g8_b64,fit,47,7,8,32,0,BAD_OP,BAD_OP,131,67,39218,49
cg_k8_n32_l4_w16_g8_b64,fit,0,1,8,32,8,OK,,131,,540,
cg_k8_n32_l4_w16_g8_b64,fit,1,2,8,32,7,OK,OK,131,131,2081,1541
cg_k8_n32_l4_w16_g8_b64,fit,2,2,8,32,6,OK,OK,131,131,3620,1539
cg_k8_n32_l4_w16_g8_b64,fit,3,2,8,32,5,OK,OK,131,131,5161,1541
cg_k8_n32_l4_w16_g8_b64,fit,4,2,8,32,4,OK,OK,131,131,6700,1539
cg_k8_n32_l4_w16_g8_b64,fit,5,2,8,32,3,OK,OK,131,131,8241,1541
cg_k8_n32_l4_w16_g8_b64,fit,6,2,8,32,2,OK,OK,131,131,9780,1539
cg_k8_n32_l4_w16_g8_b64,fit,7,2,8,32,1,OK,OK,131,131,11321,1541
cg_k8_n32_l4_w16_g8_b64,fit,8,2,8,32,0,OK,OK,131,131,12860,1539
cg_k8_n32_l4_w16_g8_b64,fit,9,1,8,32,8,OK,OK,131,131,13328,468
cg_k8_n32_l4_w16_g8_b64,fit,10,2,8,32,7,OK,OK,131,131,14867,1539
cg_k8_n32_l4_w16_g8_b64,fit,11,2,8,32,6,OK,OK,131,131,16408,1541
cg_k8_n32_l4_w16_g8_b64,fit,12,2,8,32,5,OK,OK,131,131,17947,1539
cg_k8_n32_l4_w16_g8_b64,fit,13,2,8,32,4,OK,OK,131,131,19488,1541
cg_k8_n32_l4_w16_g8_b64,fit,14,2,8,32,3,OK,OK,131,131,21027,1539
cg_k8_n32_l4_w16_g8_b64,fit,15,2,8,32,2,OK,OK,131,131,22568,1541
cg_k8_n32_l4_w16_g8_b64,fit,16,2,8,32,1,OK,OK,131,131,24107,1539
cg_k8_n32_l4_w16_g8_b64,fit,17,2,8,32,0,OK,OK,131,131,25648,1541
cg_k8_n32_l4_w16_g8_b64,fit,18,1,8,16,2,OK,OK,67,131,25886,238
cg_k8_n32_l4_w16_g8_b64,fit,19,2,8,16,1,OK,OK,67,67,26691,805
cg_k8_n32_l4_w16_g8_b64,fit,20,2,8,16,0,OK,OK,67,67,27496,805
cg_k8_n32_l4_w16_g8_b64,fit,21,1,8,16,2,OK,OK,67,67,27741,245
cg_k8_n32_l4_w16_g8_b64,fit,22,2,8,16,1,OK,OK,67,67,28545,804
cg_k8_n32_l4_w16_g8_b64,fit,23,2,8,16,0,OK,OK,67,67,29350,805
cg_k8_n32_l4_w16_g8_b64,fit,24,1,3,32,3,OK,OK,51,67,29567,217
cg_k8_n32_l4_w16_g8_b64,fit,25,2,3,32,2,OK,OK,51,51,30780,1213
cg_k8_n32_l4_w16_g8_b64,fit,26,2,3,32,1,OK,OK,51,51,31993,1213
cg_k8_n32_l4_w16_g8_b64,fit,27,2,3,32,0,OK,OK,51,51,33206,1213
cg_k8_n32_l4_w16_g8_b64,fit,28,1,3,32,3,OK,OK,51,51,33426,220
cg_k8_n32_l4_w16_g8_b64,fit,29,2,3,32,2,OK,OK,51,51,34639,1213
cg_k8_n32_l4_w16_g8_b64,fit,30,2,3,32,1,OK,OK,51,51,35852,1213
cg_k8_n32_l4_w16_g8_b64,fit,31,2,3,32,0,OK,OK,51,51,37066,1214
cg_k8_n32_l4_w16_g8_b64,fit,32,1,8,4,1,OK,OK,19,51,37141,75
cg_k8_n32_l4_w16_g8_b64,fit,33,2,8,4,0,OK,OK,19,19,37400,259
cg_k8_n32_l4_w16_g8_b64,fit,34,1,8,4,1,OK,OK,19,19,37482,82
cg_k8_n32_l4_w16_g8_b64,fit,35,2,8,4,0,OK,OK,19,19,37741,259
cg_k8_n32_l4_w16_g8_b64,fit,36,1,8,16,2,OK,OK,67,19,37994,253
cg_k8_n32_l4_w16_g8_b64,fit,37,2,8,16,1,OK,OK,67,67,38799,805
cg_k8_n32_l4_w16_g8_b64,fit,38,7,8,16,0,BAD_OP,OK,67,67,38822,23
cg_k8_n32_l4_w16_g8_b64,fit,39,2,8,16,0,OK,BAD_OP,67,67,39690,868
cg_k8_n32_l4_w16_g8_b64,fit,40,7,8,32,0,BAD_OP,OK,131,67,39713,23
cg_k8_n32_l4_w16_g8_b64,fit,41,7,8,16,0,BAD_OP,BAD_OP,67,131,39817,104
cg_k8_n32_l4_w16_g8_b64,fit,42,7,8,4,0,BAD_OP,BAD_OP,19,67,39903,86
cg_k8_n32_l4_w16_g8_b64,fit,43,7,8,32,0,BAD_OP,BAD_OP,131,19,39938,35
cg_k8_n32_l4_w16_g8_b64,fit,44,1,8,4,1,OK,BAD_OP,19,131,40182,244
cg_k8_n32_l4_w16_g8_b64,fit,45,2,8,4,0,OK,OK,19,19,40441,259
cg_k8_n32_l4_w16_g8_b64,fit,46,7,8,16,0,BAD_OP,OK,67,19,40464,23
cg_k8_n32_l4_w16_g8_b64,fit,47,7,8,32,0,BAD_OP,BAD_OP,131,67,40513,49
cg_k8_n32_l4_w8_g8_b64,fit,0,1,8,32,8,OK,,131,,532,
cg_k8_n32_l4_w8_g8_b64,fit,1,2,8,32,7,OK,OK,131,131,1810,1278
cg_k8_n32_l4_w8_g8_b64,fit,2,2,8,32,6,OK,OK,131,131,3086,1276
cg_k8_n32_l4_w8_g8_b64,fit,3,2,8,32,5,OK,OK,131,131,4364,1278
cg_k8_n32_l4_w8_g8_b64,fit,4,2,8,32,4,OK,OK,131,131,5640,1276
cg_k8_n32_l4_w8_g8_b64,fit,5,2,8,32,3,OK,OK,131,131,6918,1278
cg_k8_n32_l4_w8_g8_b64,fit,6,2,8,32,2,OK,OK,131,131,8194,1276
cg_k8_n32_l4_w8_g8_b64,fit,7,2,8,32,1,OK,OK,131,131,9472,1278
cg_k8_n32_l4_w8_g8_b64,fit,8,2,8,32,0,OK,OK,131,131,10748,1276
cg_k8_n32_l4_w8_g8_b64,fit,9,1,8,32,8,OK,OK,131,131,11208,460
cg_k8_n32_l4_w8_g8_b64,fit,10,2,8,32,7,OK,OK,131,131,12484,1276
cg_k8_n32_l4_w8_g8_b64,fit,11,2,8,32,6,OK,OK,131,131,13762,1278
cg_k8_n32_l4_w8_g8_b64,fit,12,2,8,32,5,OK,OK,131,131,15038,1276
cg_k8_n32_l4_w8_g8_b64,fit,13,2,8,32,4,OK,OK,131,131,16316,1278
cg_k8_n32_l4_w8_g8_b64,fit,14,2,8,32,3,OK,OK,131,131,17592,1276
cg_k8_n32_l4_w8_g8_b64,fit,15,2,8,32,2,OK,OK,131,131,18870,1278
cg_k8_n32_l4_w8_g8_b64,fit,16,2,8,32,1,OK,OK,131,131,20146,1276
cg_k8_n32_l4_w8_g8_b64,fit,17,2,8,32,0,OK,OK,131,131,21424,1278
cg_k8_n32_l4_w8_g8_b64,fit,18,1,8,16,2,OK,OK,67,131,21658,234
cg_k8_n32_l4_w8_g8_b64,fit,19,2,8,16,1,OK,OK,67,67,22324,666
cg_k8_n32_l4_w8_g8_b64,fit,20,2,8,16,0,OK,OK,67,67,22990,666
cg_k8_n32_l4_w8_g8_b64,fit,21,1,8,16,2,OK,OK,67,67,23231,241
cg_k8_n32_l4_w8_g8_b64,fit,22,2,8,16,1,OK,OK,67,67,23896,665
cg_k8_n32_l4_w8_g8_b64,fit,23,2,8,16,0,OK,OK,67,67,24562,666
cg_k8_n32_l4_w8_g8_b64,fit,24,1,3,32,3,OK,OK,51,67,24771,209
cg_k8_n32_l4_w8_g8_b64,fit,25,2,3,32,2,OK,OK,51,51,25721,950
cg_k8_n32_l4_w8_g8_b64,fit,26,2,3,32,1,OK,OK,51,51,26671,950
cg_k8_n32_l4_w8_g8_b64,fit,27,2,3,32,0,OK,OK,51,51,27621,950
cg_k8_n32_l4_w8_g8_b64,fit,28,1,3,32,3,OK,OK,51,51,27833,212
cg_k8_n32_l4_w8_g8_b64,fit,29,2,3,32,2,OK,OK,51,51,28783,950
cg_k8_n32_l4_w8_g8_b64,fit,30,2,3,32,1,OK,OK,51,51,29733,950
cg_k8_n32_l4_w8_g8_b64,fit,31,2,3,32,0,OK,OK,51,51,30684,951
cg_k8_n32_l4_w8_g8_b64,fit,32,1,8,4,1,OK,OK,19,51,30758,74
cg_k8_n32_l4_w8_g8_b64,fit,33,2,8,4,0,OK,OK,19,19,30971,213
cg_k8_n32_l4_w8_g8_b64,fit,34,1,8,4,1,OK,OK,19,19,31052,81
cg_k8_n32_l4_w8_g8_b64,fit,35,2,8,4,0,OK,OK,19,19,31265,213
cg_k8_n32_l4_w8_g8_b64,fit,36,1,8,16,2,OK,OK,67,19,31514,249
cg_k8_n32_l4_w8_g8_b64,fit,37,2,8,16,1,OK,OK,67,67,32180,666
cg_k8_n32_l4_w8_g8_b64,fit,38,7,8,16,0,BAD_OP,OK,67,67,32203,23
cg_k8_n32_l4_w8_g8_b64,fit,39,2,8,16,0,OK,BAD_OP,67,67,32932,729
cg_k8_n32_l4_w8_g8_b64,fit,40,7,8,32,0,BAD_OP,OK,131,67,32955,23
cg_k8_n32_l4_w8_g8_b64,fit,41,7,8,16,0,BAD_OP,BAD_OP,67,131,33059,104
cg_k8_n32_l4_w8_g8_b64,fit,42,7,8,4,0,BAD_OP,BAD_OP,19,67,33145,86
cg_k8_n32_l4_w8_g8_b64,fit,43,7,8,32,0,BAD_OP,BAD_OP,131,19,33180,35
cg_k8_n32_l4_w8_g8_b64,fit,44,1,8,4,1,OK,BAD_OP,19,131,33423,243
cg_k8_n32_l4_w8_g8_b64,fit,45,2,8,4,0,OK,OK,19,19,33636,213
cg_k8_n32_l4_w8_g8_b64,fit,46,7,8,16,0,BAD_OP,OK,67,19,33659,23
cg_k8_n32_l4_w8_g8_b64,fit,47,7,8,32,0,BAD_OP,BAD_OP,131,67,33708,49
cg_k8_n32_l8_w12_g8_b64,fit,0,1,8,32,8,OK,,131,,456,
cg_k8_n32_l8_w12_g8_b64,fit,1,2,8,32,7,OK,OK,131,131,1329,873
cg_k8_n32_l8_w12_g8_b64,fit,2,2,8,32,6,OK,OK,131,131,2200,871
cg_k8_n32_l8_w12_g8_b64,fit,3,2,8,32,5,OK,OK,131,131,3073,873
cg_k8_n32_l8_w12_g8_b64,fit,4,2,8,32,4,OK,OK,131,131,3944,871
cg_k8_n32_l8_w12_g8_b64,fit,5,2,8,32,3,OK,OK,131,131,4817,873
cg_k8_n32_l8_w12_g8_b64,fit,6,2,8,32,2,OK,OK,131,131,5688,871
cg_k8_n32_l8_w12_g8_b64,fit,7,2,8,32,1,OK,OK,131,131,6561,873
cg_k8_n32_l8_w12_g8_b64,fit,8,2,8,32,0,OK,OK,131,131,7432,871
cg_k8_n32_l8_w12_g8_b64,fit,9,1,8,32,8,OK,OK,131,131,7816,384
cg_k8_n32_l8_w12_g8_b64,fit,10,2,8,32,7,OK,OK,131,131,8687,871
cg_k8_n32_l8_w12_g8_b64,fit,11,2,8,32,6,OK,OK,131,131,9560,873
cg_k8_n32_l8_w12_g8_b64,fit,12,2,8,32,5,OK,OK,131,131,10431,871
cg_k8_n32_l8_w12_g8_b64,fit,13,2,8,32,4,OK,OK,131,131,11304,873
cg_k8_n32_l8_w12_g8_b64,fit,14,2,8,32,3,OK,OK,131,131,12175,871
cg_k8_n32_l8_w12_g8_b64,fit,15,2,8,32,2,OK,OK,131,131,13048,873
cg_k8_n32_l8_w12_g8_b64,fit,16,2,8,32,1,OK,OK,131,131,13919,871
cg_k8_n32_l8_w12_g8_b64,fit,17,2,8,32,0,OK,OK,131,131,14792,873
cg_k8_n32_l8_w12_g8_b64,fit,18,1,8,16,2,OK,OK,67,131,14988,196
cg_k8_n32_l8_w12_g8_b64,fit,19,2,8,16,1,OK,OK,67,67,15455,467
cg_k8_n32_l8_w12_g8_b64,fit,20,2,8,16,0,OK,OK,67,67,15922,467
cg_k8_n32_l8_w12_g8_b64,fit,21,1,8,16,2,OK,OK,67,67,16125,203
cg_k8_n32_l8_w12_g8_b64,fit,22,2,8,16,1,OK,OK,67,67,16591,466
cg_k8_n32_l8_w12_g8_b64,fit,23,2,8,16,0,OK,OK,67,67,17058,467
cg_k8_n32_l8_w12_g8_b64,fit,24,1,3,32,3,OK,OK,51,67,17231,173
cg_k8_n32_l8_w12_g8_b64,fit,25,2,3,32,2,OK,OK,51,51,17856,625
cg_k8_n32_l8_w12_g8_b64,fit,26,2,3,32,1,OK,OK,51,51,18481,625
cg_k8_n32_l8_w12_g8_b64,fit,27,2,3,32,0,OK,OK,51,51,19106,625
cg_k8_n32_l8_w12_g8_b64,fit,28,1,3,32,3,OK,OK,51,51,19282,176
cg_k8_n32_l8_w12_g8_b64,fit,29,2,3,32,2,OK,OK,51,51,19907,625
cg_k8_n32_l8_w12_g8_b64,fit,30,2,3,32,1,OK,OK,51,51,20532,625
cg_k8_n32_l8_w12_g8_b64,fit,31,2,3,32,0,OK,OK,51,51,21158,626
cg_k8_n32_l8_w12_g8_b64,fit,32,1,8,8,1,OK,OK,35,51,21269,111
cg_k8_n32_l8_w12_g8_b64,fit,33,2,8,8,0,OK,OK,35,35,21537,268
cg_k8_n32_l8_w12_g8_b64,fit,34,1,8,8,1,OK,OK,35,35,21652,115
cg_k8_n32_l8_w12_g8_b64,fit,35,2,8,8,0,OK,OK,35,35,21920,268
cg_k8_n32_l8_w12_g8_b64,fit,36,1,8,16,2,OK,OK,67,35,22128,208
cg_k8_n32_l8_w12_g8_b64,fit,37,2,8,16,1,OK,OK,67,67,22596,468
cg_k8_n32_l8_w12_g8_b64,fit,38,7,8,16,0,BAD_OP,OK,67,67,22619,23
cg_k8_n32_l8_w12_g8_b64,fit,39,2,8,16,0,OK,BAD_OP,67,67,23148,529
cg_k8_n32_l8_w12_g8_b64,fit,40,7,8,32,0,BAD_OP,OK,131,67,23171,23
cg_k8_n32_l8_w12_g8_b64,fit,41,7,8,16,0,BAD_OP,BAD_OP,67,131,23275,104
cg_k8_n32_l8_w12_g8_b64,fit,42,7,8,8,0,BAD_OP,BAD_OP,35,67,23361,86
cg_k8_n32_l8_w12_g8_b64,fit,43,7,8,32,0,BAD_OP,BAD_OP,131,35,23413,52
cg_k8_n32_l8_w12_g8_b64,fit,44,1,8,8,1,OK,BAD_OP,35,131,23695,282
cg_k8_n32_l8_w12_g8_b64,fit,45,2,8,8,0,OK,OK,35,35,23963,268
cg_k8_n32_l8_w12_g8_b64,fit,46,7,8,16,0,BAD_OP,OK,67,35,23986,23
cg_k8_n32_l8_w12_g8_b64,fit,47,7,8,32,0,BAD_OP,BAD_OP,131,67,24032,46
cg_k8_n32_l8_w16_g8_b64,holdout,0,1,8,32,8,OK,,131,,452,
cg_k8_n32_l8_w16_g8_b64,holdout,1,2,8,32,7,OK,OK,131,131,1393,941
cg_k8_n32_l8_w16_g8_b64,holdout,2,2,8,32,6,OK,OK,131,131,2332,939
cg_k8_n32_l8_w16_g8_b64,holdout,3,2,8,32,5,OK,OK,131,131,3273,941
cg_k8_n32_l8_w16_g8_b64,holdout,4,2,8,32,4,OK,OK,131,131,4212,939
cg_k8_n32_l8_w16_g8_b64,holdout,5,2,8,32,3,OK,OK,131,131,5153,941
cg_k8_n32_l8_w16_g8_b64,holdout,6,2,8,32,2,OK,OK,131,131,6092,939
cg_k8_n32_l8_w16_g8_b64,holdout,7,2,8,32,1,OK,OK,131,131,7033,941
cg_k8_n32_l8_w16_g8_b64,holdout,8,2,8,32,0,OK,OK,131,131,7972,939
cg_k8_n32_l8_w16_g8_b64,holdout,9,1,8,32,8,OK,OK,131,131,8352,380
cg_k8_n32_l8_w16_g8_b64,holdout,10,2,8,32,7,OK,OK,131,131,9291,939
cg_k8_n32_l8_w16_g8_b64,holdout,11,2,8,32,6,OK,OK,131,131,10232,941
cg_k8_n32_l8_w16_g8_b64,holdout,12,2,8,32,5,OK,OK,131,131,11171,939
cg_k8_n32_l8_w16_g8_b64,holdout,13,2,8,32,4,OK,OK,131,131,12112,941
cg_k8_n32_l8_w16_g8_b64,holdout,14,2,8,32,3,OK,OK,131,131,13051,939
cg_k8_n32_l8_w16_g8_b64,holdout,15,2,8,32,2,OK,OK,131,131,13992,941
cg_k8_n32_l8_w16_g8_b64,holdout,16,2,8,32,1,OK,OK,131,131,14931,939
cg_k8_n32_l8_w16_g8_b64,holdout,17,2,8,32,0,OK,OK,131,131,15872,941
cg_k8_n32_l8_w16_g8_b64,holdout,18,1,8,16,2,OK,OK,67,131,16066,194
cg_k8_n32_l8_w16_g8_b64,holdout,19,2,8,16,1,OK,OK,67,67,16571,505
cg_k8_n32_l8_w16_g8_b64,holdout,20,2,8,16,0,OK,OK,67,67,17076,505
cg_k8_n32_l8_w16_g8_b64,holdout,21,1,8,16,2,OK,OK,67,67,17277,201
cg_k8_n32_l8_w16_g8_b64,holdout,22,2,8,16,1,OK,OK,67,67,17781,504
cg_k8_n32_l8_w16_g8_b64,holdout,23,2,8,16,0,OK,OK,67,67,18286,505
cg_k8_n32_l8_w16_g8_b64,holdout,24,1,3,32,3,OK,OK,51,67,18455,169
cg_k8_n32_l8_w16_g8_b64,holdout,25,2,3,32,2,OK,OK,51,51,19148,693
cg_k8_n32_l8_w16_g8_b64,holdout,26,2,3,32,1,OK,OK,51,51,19841,693
cg_k8_n32_l8_w16_g8_b64,holdout,27,2,3,32,0,OK,OK,51,51,20534,693
cg_k8_n32_l8_w16_g8_b64,holdout,28,1,3,32,3,OK,OK,51,51,20706,172
cg_k8_n32_l8_w16_g8_b64,holdout,29,2,3,32,2,OK,OK,51,51,21399,693
cg_k8_n32_l8_w16_g8_b64,holdout,30,2,3,32,1,OK,OK,51,51,22092,693
cg_k8_n32_l8_w16_g8_b64,holdout,31,2,3,32,0,OK,OK,51,51,22786,694
cg_k8_n32_l8_w16_g8_b64,holdout,32,1,8,8,1,OK,OK,35,51,22896,110
cg_k8_n32_l8_w16_g8_b64,holdout,33,2,8,8,0,OK,OK,35,35,23187,291
cg_k8_n32_l8_w16_g8_b64,holdout,34,1,8,8,1,OK,OK,35,35,23301,114
cg_k8_n32_l8_w16_g8_b64,holdout,35,2,8,8,0,OK,OK,35,35,23592,291
cg_k8_n32_l8_w16_g8_b64,holdout,36,1,8,16,2,OK,OK,67,35,23798,206
cg_k8_n32_l8_w16_g8_b64,holdout,37,2,8,16,1,OK,OK,67,67,24304,506
cg_k8_n32_l8_w16_g8_b64,holdout,38,7,8,16,0,BAD_OP,OK,67,67,24327,23
cg_k8_n32_l8_w16_g8_b64,holdout,39,2,8,16,0,OK,BAD_OP,67,67,24894,567
cg_k8_n32_l8_w16_g8_b64,holdout,40,7,8,32,0,BAD_OP,OK,131,67,24917,23
cg_k8_n32_l8_w16_g8_b64,holdout,41,7,8,16,0,BAD_OP,BAD_OP,67,131,25021,104
cg_k8_n32_l8_w16_g8_b64,holdout,42,7,8,8,0,BAD_OP,BAD_OP,35,67,25107,86
cg_k8_n32_l8_w16_g8_b64,holdout,43,7,8,32,0,BAD_OP,BAD_OP,131,35,25159,52
cg_k8_n32_l8_w16_g8_b64,holdout,44,1,8,8,1,OK,BAD_OP,35,131,25440,281
cg_k8_n32_l8_w16_g8_b64,holdout,45,2,8,8,0,OK,OK,35,35,25731,291
cg_k8_n32_l8_w16_g8_b64,holdout,46,7,8,16,0,BAD_OP,OK,67,35,25754,23
cg_k8_n32_l8_w16_g8_b64,holdout,47,7,8,32,0,BAD_OP,BAD_OP,131,67,25800,46
