# mimo_cg decision_fidelity: numpy=2.5.3, base_seed=20260930, tool=vitis_hls 2024.1, model_sha256=d95510d337e992d3, measured_builds=1440, job_tolerance=0.02, cost_tolerance=0.1
modulation,M,K,budget_db,job_budget,resource,problem,pick,m_cost,m_job,bf_pick,bf_cost,bf_job,measured,met,regret_pct,right,same_build,same_cost,void
16qam,32,4,2.500000e-01,1180,dsp,0,bf_det_k4_l16_r4_c16_m3_w14g4_d64_s2_q2,384,1080,bf_det_k4_l16_r4_c16_m3_w14g4_d64_s2_q2,384,1080,1,1,0.000000e+00,1,1,1,0
16qam,32,4,2.500000e-01,1180,lut,1,bf_det_k4_l16_r4_c16_m3_w12g8_d32_s2_q2,85414,1139,bf_det_k4_l16_r4_c16_m3_w12g8_d32_s2_q2,85414,1139,1,1,0.000000e+00,1,1,1,0
16qam,32,4,2.500000e-01,1180,ff,2,bf_det_k4_l16_r4_c16_m3_w12g8_d32_s2_q2,52380,1139,bf_det_k4_l16_r4_c16_m3_w12g8_d32_s2_q2,52380,1139,1,1,0.000000e+00,1,1,1,0
16qam,32,4,2.500000e-01,1180,bram,3,bf_det_k4_l16_r4_c16_m4_w12g8_d32_s2_q2,48,1127,bf_det_k4_l16_r4_c16_m4_w12g8_d32_s2_q2,48,1127,1,1,0.000000e+00,1,1,1,0
16qam,32,4,2.500000e-01,1747,dsp,4,bf_det_k4_l16_r1_c16_m3_w14g4_d64_s2_q2,240,1566,bf_det_k4_l16_r1_c16_m3_w14g4_d64_s2_q2,240,1566,1,1,0.000000e+00,1,1,1,0
16qam,32,4,2.500000e-01,1747,lut,5,bf_det_k4_l16_r1_c16_m3_w12g8_d32_s2_q2,78894,1625,bf_det_k4_l16_r1_c16_m3_w12g8_d32_s2_q2,78894,1625,1,1,0.000000e+00,1,1,1,0
16qam,32,4,2.500000e-01,1747,ff,6,bf_det_k4_l16_r1_c16_m3_w12g8_d32_s2_q2,45678,1625,bf_det_k4_l16_r1_c16_m3_w12g8_d32_s2_q2,45678,1625,1,1,0.000000e+00,1,1,1,0
16qam,32,4,2.500000e-01,1747,bram,7,bf_det_k4_l16_r4_c16_m4_w12g8_d32_s2_q2,48,1127,bf_det_k4_l16_r4_c16_m4_w12g8_d32_s2_q2,48,1127,1,1,0.000000e+00,1,1,1,0
16qam,32,4,2.500000e-01,2585,dsp,8,bf_det_k4_l16_r1_c16_m3_w14g4_d64_s2_q2,240,1566,bf_det_k4_l16_r1_c16_m3_w14g4_d64_s2_q2,240,1566,1,1,0.000000e+00,1,1,1,0
16qam,32,4,2.500000e-01,2585,lut,9,bf_det_k4_l16_r1_c16_m3_w12g8_d32_s2_q2,78894,1625,bf_det_k4_l16_r1_c16_m3_w12g8_d32_s2_q2,78894,1625,1,1,0.000000e+00,1,1,1,0
16qam,32,4,2.500000e-01,2585,ff,10,bf_det_k4_l16_r1_c16_m3_w12g8_d32_s2_q2,45678,1625,bf_det_k4_l16_r1_c16_m3_w12g8_d32_s2_q2,45678,1625,1,1,0.000000e+00,1,1,1,0
16qam,32,4,2.500000e-01,2585,bram,11,bf_det_k4_l16_r4_c16_m4_w12g8_d32_s2_q2,48,1127,bf_det_k4_l16_r4_c16_m4_w12g8_d32_s2_q2,48,1127,1,1,0.000000e+00,1,1,1,0
16qam,32,4,2.500000e-01,3826,dsp,12,bf_det_k4_l4_r1_c4_m4_w14g4_d64_s2_q2,64,3651,bf_det_k4_l4_r1_c4_m3_w14g4_d64_s2_q2,60,3654,1,1,6.667000e+00,1,0,0,0
16qam,32,4,2.500000e-01,3826,lut,13,bf_det_k4_l4_r1_c4_m4_w14g4_d32_s2_q2,28300,3656,bf_det_k4_l4_r1_c4_m3_w14g4_d32_s2_q2,28260,3659,1,1,1.420000e-01,1,0,0,0
16qam,32,4,2.500000e-01,3826,ff,14,bf_det_k4_l4_r1_c4_m4_w14g4_d32_s2_q2,16804,3656,bf_det_k4_l4_r1_c4_m3_w14g4_d32_s2_q2,16675,3659,1,1,7.740000e-01,1,0,0,0
16qam,32,4,2.500000e-01,3826,bram,15,bf_det_k4_l4_r4_c4_m4_w12g8_d32_s2_q2,16,3659,bf_det_k4_l4_r4_c4_m4_w12g8_d32_s2_q2,16,3659,1,1,0.000000e+00,1,1,1,0
16qam,32,4,2.500000e-01,5662,dsp,16,bf_det_k4_l4_r1_c4_m3_w14g4_d64_s2_q2,60,3654,bf_det_k4_l4_r1_c4_m3_w14g4_d64_s2_q2,60,3654,1,1,0.000000e+00,1,1,1,0
16qam,32,4,2.500000e-01,5662,lut,17,bf_det_k4_l4_r1_c4_m3_w12g8_d32_s2_q2,27502,3839,bf_det_k4_l4_r1_c4_m3_w12g8_d32_s2_q2,27502,3839,1,1,0.000000e+00,1,1,1,0
16qam,32,4,2.500000e-01,5662,ff,18,bf_det_k4_l4_r1_c4_m3_w12g8_d32_s2_q2,16227,3839,bf_det_k4_l4_r1_c4_m3_w12g8_d32_s2_q2,16227,3839,1,1,0.000000e+00,1,1,1,0
16qam,32,4,2.500000e-01,5662,bram,19,bf_det_k4_l4_r4_c4_m4_w12g8_d32_s2_q2,16,3659,bf_det_k4_l4_r4_c4_m4_w12g8_d32_s2_q2,16,3659,1,1,0.000000e+00,1,1,1,0
16qam,32,4,2.500000e-01,8379,dsp,20,bf_det_k4_l4_r1_c4_m3_w14g4_d64_s2_q2,60,3654,bf_det_k4_l4_r1_c4_m3_w14g4_d64_s2_q2,60,3654,1,1,0.000000e+00,1,1,1,0
16qam,32,4,2.500000e-01,8379,lut,21,bf_det_k4_l4_r1_c4_m3_w12g8_d32_s2_q2,27502,3839,bf_det_k4_l4_r1_c4_m3_w12g8_d32_s2_q2,27502,3839,1,1,0.000000e+00,1,1,1,0
16qam,32,4,2.500000e-01,8379,ff,22,bf_det_k4_l4_r1_c4_m3_w12g8_d32_s2_q2,16227,3839,bf_det_k4_l4_r1_c4_m3_w12g8_d32_s2_q2,16227,3839,1,1,0.000000e+00,1,1,1,0
16qam,32,4,2.500000e-01,8379,bram,23,bf_det_k4_l4_r4_c4_m4_w12g8_d32_s2_q2,16,3659,bf_det_k4_l4_r4_c4_m4_w12g8_d32_s2_q2,16,3659,1,1,0.000000e+00,1,1,1,0
16qam,32,4,2.500000e-01,12401,dsp,24,bf_det_k4_l4_r1_c4_m3_w14g4_d64_s2_q2,60,3654,bf_det_k4_l4_r1_c4_m3_w14g4_d64_s2_q2,60,3654,1,1,0.000000e+00,1,1,1,0
16qam,32,4,2.500000e-01,12401,lut,25,bf_det_k4_l1_r4_c4_m3_w14g4_d32_s2_q2,17031,12239,bf_det_k4_l1_r4_c4_m3_w14g4_d32_s2_q2,17031,12239,1,1,0.000000e+00,1,1,1,0
16qam,32,4,2.500000e-01,12401,ff,26,bf_det_k4_l1_r4_c4_m3_w14g4_d32_s2_q2,11493,12239,bf_det_k4_l1_r4_c4_m3_w14g4_d32_s2_q2,11493,12239,1,1,0.000000e+00,1,1,1,0
16qam,32,4,2.500000e-01,12401,bram,27,bf_det_k4_l1_r4_c4_m4_w14g4_d32_s2_q2,14,12191,bf_det_k4_l1_r4_c4_m4_w14g4_d32_s2_q2,14,12191,1,1,0.000000e+00,1,1,1,0
16qam,32,4,2.500000e-01,18353,dsp,28,bf_det_k4_l1_r1_c4_m3_w14g4_d64_s2_q2,24,13317,bf_det_k4_l1_r1_c4_m3_w14g4_d64_s2_q2,24,13317,1,1,0.000000e+00,1,1,1,0
16qam,32,4,2.500000e-01,18353,lut,29,bf_det_k4_l1_r1_c4_m3_w12g8_d32_s2_q2,14915,14102,bf_det_k4_l1_r1_c4_m3_w12g8_d32_s2_q2,14915,14102,1,1,0.000000e+00,1,1,1,0
16qam,32,4,2.500000e-01,18353,ff,30,bf_det_k4_l1_r1_c4_m3_w12g8_d32_s2_q2,9127,14102,bf_det_k4_l1_r1_c4_m3_w12g8_d32_s2_q2,9127,14102,1,1,0.000000e+00,1,1,1,0
16qam,32,4,2.500000e-01,18353,bram,31,bf_det_k4_l1_r4_c4_m4_w14g4_d32_s2_q2,14,12191,bf_det_k4_l1_r4_c4_m4_w14g4_d32_s2_q2,14,12191,1,1,0.000000e+00,1,1,1,0
16qam,32,4,5.000000e-01,1115,dsp,32,bf_det_k4_l16_r4_c16_m4_w10g8_d64_s2_q2,208,1062,bf_det_k4_l16_r4_c16_m4_w10g8_d64_s2_q2,208,1062,1,1,0.000000e+00,1,1,1,0
16qam,32,4,5.000000e-01,1115,lut,33,bf_det_k4_l16_r4_c16_m3_w12g4_d32_s2_q2,82468,1034,bf_det_k4_l16_r4_c16_m3_w12g4_d32_s2_q2,82468,1034,1,1,0.000000e+00,1,1,1,0
16qam,32,4,5.000000e-01,1115,ff,34,bf_det_k4_l16_r4_c16_m3_w10g8_d32_s2_q2,46202,1079,bf_det_k4_l16_r4_c16_m3_w10g8_d32_s2_q2,46202,1079,1,1,0.000000e+00,1,1,1,0
16qam,32,4,5.000000e-01,1115,bram,35,bf_det_k4_l16_r4_c16_m4_w10g8_d32_s2_q2,40,1067,bf_det_k4_l16_r4_c16_m4_w10g8_d32_s2_q2,40,1067,1,1,0.000000e+00,1,1,1,0
16qam,32,4,5.000000e-01,1647,dsp,36,bf_det_k4_l16_r1_c16_m4_w10g8_d64_s2_q2,112,1512,bf_det_k4_l16_r1_c16_m4_w10g8_d64_s2_q2,112,1512,1,1,0.000000e+00,1,1,1,0
16qam,32,4,5.000000e-01,1647,lut,37,bf_det_k4_l16_r1_c16_m3_w12g4_d32_s2_q2,75948,1520,bf_det_k4_l16_r1_c16_m3_w12g4_d32_s2_q2,75948,1520,1,1,0.000000e+00,1,1,1,0
16qam,32,4,5.000000e-01,1647,ff,38,bf_det_k4_l16_r1_c16_m3_w12g4_d32_s2_q2,42649,1520,bf_det_k4_l16_r1_c16_m3_w10g8_d32_s2_q2,40560,1565,1,1,5.150000e+00,1,0,0,0
16qam,32,4,5.000000e-01,1647,bram,39,bf_det_k4_l16_r4_c16_m4_w10g8_d32_s2_q2,40,1067,bf_det_k4_l16_r4_c16_m4_w10g8_d32_s2_q2,40,1067,1,1,0.000000e+00,1,1,1,0
16qam,32,4,5.000000e-01,2433,dsp,40,bf_det_k4_l16_r1_c16_m4_w10g8_d64_s2_q2,112,1512,bf_det_k4_l16_r1_c16_m4_w10g8_d64_s2_q2,112,1512,1,1,0.000000e+00,1,1,1,0
16qam,32,4,5.000000e-01,2433,lut,41,bf_det_k4_l16_r1_c16_m3_w12g4_d32_s2_q2,75948,1520,bf_det_k4_l16_r1_c16_m3_w12g4_d32_s2_q2,75948,1520,1,1,0.000000e+00,1,1,1,0
16qam,32,4,5.000000e-01,2433,ff,42,bf_det_k4_l16_r1_c16_m3_w12g4_d32_s2_q2,42649,1520,bf_det_k4_l16_r1_c16_m3_w10g8_d32_s2_q2,40560,1565,1,1,5.150000e+00,1,0,0,0
16qam,32,4,5.000000e-01,2433,bram,43,bf_det_k4_l16_r4_c16_m4_w10g8_d32_s2_q2,40,1067,bf_det_k4_l16_r4_c16_m4_w10g8_d32_s2_q2,40,1067,1,1,0.000000e+00,1,1,1,0
16qam,32,4,5.000000e-01,3593,dsp,44,bf_det_k4_l4_r4_c4_m4_w10g8_d64_s2_q2,52,3450,bf_det_k4_l4_r4_c4_m4_w10g8_d64_s2_q2,52,3450,1,1,0.000000e+00,1,1,1,0
16qam,32,4,5.000000e-01,3593,lut,45,bf_det_k4_l4_r1_c4_m4_w12g4_d32_s2_q2,26748,3479,bf_det_k4_l4_r1_c4_m3_w12g4_d32_s2_q2,26676,3482,1,1,2.700000e-01,1,0,0,0
16qam,32,4,5.000000e-01,3593,ff,46,bf_det_k4_l4_r1_c4_m4_w12g4_d32_s2_q2,15637,3479,bf_det_k4_l4_r1_c4_m3_w12g4_d32_s2_q2,15454,3482,1,1,1.184000e+00,1,0,0,0
16qam,32,4,5.000000e-01,3593,bram,47,bf_det_k4_l4_r4_c4_m4_w12g4_d32_s2_q2,16,3302,bf_det_k4_l4_r4_c4_m4_w12g4_d32_s2_q2,16,3302,1,1,0.000000e+00,1,1,1,0
16qam,32,4,5.000000e-01,5306,dsp,48,bf_det_k4_l4_r1_c4_m4_w10g8_d64_s2_q2,28,3627,bf_det_k4_l4_r1_c4_m4_w10g8_d64_s2_q2,28,3627,1,1,0.000000e+00,1,1,1,0
16qam,32,4,5.000000e-01,5306,lut,49,bf_det_k4_l4_r1_c4_m3_w12g4_d32_s2_q2,26676,3482,bf_det_k4_l4_r1_c4_m3_w12g4_d32_s2_q2,26676,3482,1,1,0.000000e+00,1,1,1,0
16qam,32,4,5.000000e-01,5306,ff,50,bf_det_k4_l4_r1_c4_m3_w12g4_d32_s2_q2,15454,3482,bf_det_k4_l4_r1_c4_m3_w10g8_d32_s2_q2,14842,3635,1,1,4.123000e+00,1,0,0,0
16qam,32,4,5.000000e-01,5306,bram,51,bf_det_k4_l4_r4_c4_m4_w12g4_d32_s2_q2,16,3302,bf_det_k4_l4_r4_c4_m4_w12g4_d32_s2_q2,16,3302,1,1,0.000000e+00,1,1,1,0
16qam,32,4,5.000000e-01,7837,dsp,52,bf_det_k4_l4_r1_c4_m4_w10g8_d64_s2_q2,28,3627,bf_det_k4_l4_r1_c4_m4_w10g8_d64_s2_q2,28,3627,1,1,0.000000e+00,1,1,1,0
16qam,32,4,5.000000e-01,7837,lut,53,bf_det_k4_l4_r1_c4_m3_w12g4_d32_s2_q2,26676,3482,bf_det_k4_l4_r1_c4_m3_w12g4_d32_s2_q2,26676,3482,1,1,0.000000e+00,1,1,1,0
16qam,32,4,5.000000e-01,7837,ff,54,bf_det_k4_l4_r1_c4_m3_w12g4_d32_s2_q2,15454,3482,bf_det_k4_l4_r1_c4_m3_w10g8_d32_s2_q2,14842,3635,1,1,4.123000e+00,1,0,0,0
16qam,32,4,5.000000e-01,7837,bram,55,bf_det_k4_l4_r4_c4_m4_w12g4_d32_s2_q2,16,3302,bf_det_k4_l4_r4_c4_m4_w12g4_d32_s2_q2,16,3302,1,1,0.000000e+00,1,1,1,0
16qam,32,4,5.000000e-01,11575,dsp,56,bf_det_k4_l4_r1_c4_m4_w10g8_d64_s2_q2,28,3627,bf_det_k4_l4_r1_c4_m4_w10g8_d64_s2_q2,28,3627,1,1,0.000000e+00,1,1,1,0
16qam,32,4,5.000000e-01,11575,lut,57,bf_det_k4_l1_r4_c4_m3_w12g4_d32_s2_q2,16277,11654,bf_det_k4_l1_r4_c4_m3_w16g0_d32_s2_q2,17353,11461,1,1,-6.201000e+00,1,0,0,0
16qam,32,4,5.000000e-01,11575,ff,58,bf_det_k4_l1_r4_c4_m3_w12g4_d32_s2_q2,10798,11654,bf_det_k4_l1_r4_c4_m3_w16g0_d32_s2_q2,11931,11461,1,1,-9.496000e+00,1,0,0,0
16qam,32,4,5.000000e-01,11575,bram,59,bf_det_k4_l1_r4_c4_m4_w12g4_d32_s2_q2,14,11606,bf_det_k4_l4_r4_c4_m4_w12g4_d32_s2_q2,16,3302,1,1,-1.250000e+01,1,0,0,0
16qam,32,4,5.000000e-01,17096,dsp,60,bf_det_k4_l1_r1_c4_m4_w10g8_d64_s2_q2,13,13125,bf_det_k4_l1_r1_c4_m4_w10g8_d64_s2_q2,13,13125,1,1,0.000000e+00,1,1,1,0
16qam,32,4,5.000000e-01,17096,lut,61,bf_det_k4_l1_r1_c4_m3_w12g4_d32_s2_q2,14622,12737,bf_det_k4_l1_r1_c4_m3_w12g4_d32_s2_q2,14622,12737,1,1,0.000000e+00,1,1,1,0
16qam,32,4,5.000000e-01,17096,ff,62,bf_det_k4_l1_r1_c4_m3_w10g8_d32_s2_q2,8744,13322,bf_det_k4_l1_r1_c4_m3_w10g8_d32_s2_q2,8744,13322,1,1,0.000000e+00,1,1,1,0
16qam,32,4,5.000000e-01,17096,bram,63,bf_det_k4_l1_r4_c4_m4_w12g4_d32_s2_q2,14,11606,bf_det_k4_l1_r4_c4_m4_w12g4_d32_s2_q2,14,11606,1,1,0.000000e+00,1,1,1,0
16qam,32,4,1.000000e+00,1115,dsp,64,bf_det_k4_l16_r4_c16_m4_w10g8_d64_s2_q2,208,1062,bf_det_k4_l16_r4_c16_m4_w10g8_d64_s2_q2,208,1062,1,1,0.000000e+00,1,1,1,0
16qam,32,4,1.000000e+00,1115,lut,65,bf_det_k4_l16_r4_c16_m3_w12g4_d32_s2_q2,82468,1034,bf_det_k4_l16_r4_c16_m3_w12g4_d32_s2_q2,82468,1034,1,1,0.000000e+00,1,1,1,0
16qam,32,4,1.000000e+00,1115,ff,66,bf_det_k4_l16_r4_c16_m3_w10g8_d32_s2_q2,46202,1079,bf_det_k4_l16_r4_c16_m3_w10g8_d32_s2_q2,46202,1079,1,1,0.000000e+00,1,1,1,0
16qam,32,4,1.000000e+00,1115,bram,67,bf_det_k4_l16_r4_c16_m4_w10g8_d32_s2_q2,40,1067,bf_det_k4_l16_r4_c16_m4_w10g8_d32_s2_q2,40,1067,1,1,0.000000e+00,1,1,1,0
16qam,32,4,1.000000e+00,1649,dsp,68,bf_det_k4_l16_r1_c16_m4_w10g8_d64_s2_q2,112,1512,bf_det_k4_l16_r1_c16_m4_w10g8_d64_s2_q2,112,1512,1,1,0.000000e+00,1,1,1,0
16qam,32,4,1.000000e+00,1649,lut,69,bf_det_k4_l16_r1_c16_m3_w12g4_d32_s2_q2,75948,1520,bf_det_k4_l16_r1_c16_m3_w12g4_d32_s2_q2,75948,1520,1,1,0.000000e+00,1,1,1,0
16qam,32,4,1.000000e+00,1649,ff,70,bf_det_k4_l16_r1_c16_m3_w12g4_d32_s2_q2,42649,1520,bf_det_k4_l16_r1_c16_m3_w10g8_d32_s2_q2,40560,1565,1,1,5.150000e+00,1,0,0,0
16qam,32,4,1.000000e+00,1649,bram,71,bf_det_k4_l16_r4_c16_m4_w10g8_d32_s2_q2,40,1067,bf_det_k4_l16_r4_c16_m4_w10g8_d32_s2_q2,40,1067,1,1,0.000000e+00,1,1,1,0
16qam,32,4,1.000000e+00,2439,dsp,72,bf_det_k4_l16_r1_c16_m4_w10g8_d64_s2_q2,112,1512,bf_det_k4_l16_r1_c16_m4_w10g8_d64_s2_q2,112,1512,1,1,0.000000e+00,1,1,1,0
16qam,32,4,1.000000e+00,2439,lut,73,bf_det_k4_l16_r1_c16_m3_w12g4_d32_s2_q2,75948,1520,bf_det_k4_l16_r1_c16_m3_w12g4_d32_s2_q2,75948,1520,1,1,0.000000e+00,1,1,1,0
16qam,32,4,1.000000e+00,2439,ff,74,bf_det_k4_l16_r1_c16_m3_w12g4_d32_s2_q2,42649,1520,bf_det_k4_l16_r1_c16_m3_w10g8_d32_s2_q2,40560,1565,1,1,5.150000e+00,1,0,0,0
16qam,32,4,1.000000e+00,2439,bram,75,bf_det_k4_l16_r4_c16_m4_w10g8_d32_s2_q2,40,1067,bf_det_k4_l16_r4_c16_m4_w10g8_d32_s2_q2,40,1067,1,1,0.000000e+00,1,1,1,0
16qam,32,4,1.000000e+00,3608,dsp,76,bf_det_k4_l4_r4_c4_m4_w10g8_d64_s2_q2,52,3450,bf_det_k4_l4_r4_c4_m4_w10g8_d64_s2_q2,52,3450,1,1,0.000000e+00,1,1,1,0
16qam,32,4,1.000000e+00,3608,lut,77,bf_det_k4_l4_r1_c4_m4_w12g4_d32_s2_q2,26748,3479,bf_det_k4_l4_r1_c4_m3_w12g4_d32_s2_q2,26676,3482,1,1,2.700000e-01,1,0,0,0
16qam,32,4,1.000000e+00,3608,ff,78,bf_det_k4_l4_r1_c4_m4_w12g4_d32_s2_q2,15637,3479,bf_det_k4_l4_r1_c4_m3_w12g4_d32_s2_q2,15454,3482,1,1,1.184000e+00,1,0,0,0
16qam,32,4,1.000000e+00,3608,bram,79,bf_det_k4_l4_r4_c4_m4_w12g4_d32_s2_q2,16,3302,bf_det_k4_l4_r4_c4_m4_w12g4_d32_s2_q2,16,3302,1,1,0.000000e+00,1,1,1,0
16qam,32,4,1.000000e+00,5336,dsp,80,bf_det_k4_l4_r1_c4_m4_w10g8_d64_s2_q2,28,3627,bf_det_k4_l4_r1_c4_m4_w10g8_d64_s2_q2,28,3627,1,1,0.000000e+00,1,1,1,0
16qam,32,4,1.000000e+00,5336,lut,81,bf_det_k4_l4_r1_c4_m3_w12g4_d32_s2_q2,26676,3482,bf_det_k4_l4_r1_c4_m3_w12g4_d32_s2_q2,26676,3482,1,1,0.000000e+00,1,1,1,0
16qam,32,4,1.000000e+00,5336,ff,82,bf_det_k4_l4_r1_c4_m3_w12g4_d32_s2_q2,15454,3482,bf_det_k4_l4_r1_c4_m3_w10g8_d32_s2_q2,14842,3635,1,1,4.123000e+00,1,0,0,0
16qam,32,4,1.000000e+00,5336,bram,83,bf_det_k4_l4_r4_c4_m4_w12g4_d32_s2_q2,16,3302,bf_det_k4_l4_r4_c4_m4_w12g4_d32_s2_q2,16,3302,1,1,0.000000e+00,1,1,1,0
16qam,32,4,1.000000e+00,7891,dsp,84,bf_det_k4_l4_r1_c4_m4_w10g8_d64_s2_q2,28,3627,bf_det_k4_l4_r1_c4_m4_w10g8_d64_s2_q2,28,3627,1,1,0.000000e+00,1,1,1,0
16qam,32,4,1.000000e+00,7891,lut,85,bf_det_k4_l4_r1_c4_m3_w12g4_d32_s2_q2,26676,3482,bf_det_k4_l4_r1_c4_m3_w12g4_d32_s2_q2,26676,3482,1,1,0.000000e+00,1,1,1,0
16qam,32,4,1.000000e+00,7891,ff,86,bf_det_k4_l4_r1_c4_m3_w12g4_d32_s2_q2,15454,3482,bf_det_k4_l4_r1_c4_m3_w10g8_d32_s2_q2,14842,3635,1,1,4.123000e+00,1,0,0,0
16qam,32,4,1.000000e+00,7891,bram,87,bf_det_k4_l4_r4_c4_m4_w12g4_d32_s2_q2,16,3302,bf_det_k4_l4_r4_c4_m4_w12g4_d32_s2_q2,16,3302,1,1,0.000000e+00,1,1,1,0
16qam,32,4,1.000000e+00,11671,dsp,88,bf_det_k4_l4_r1_c4_m4_w10g8_d64_s2_q2,28,3627,bf_det_k4_l4_r1_c4_m4_w10g8_d64_s2_q2,28,3627,1,1,0.000000e+00,1,1,1,0
16qam,32,4,1.000000e+00,11671,lut,89,bf_det_k4_l1_r4_c4_m3_w12g4_d32_s2_q2,16277,11654,bf_det_k4_l1_r4_c4_m3_w12g4_d32_s2_q2,16277,11654,1,1,0.000000e+00,1,1,1,0
16qam,32,4,1.000000e+00,11671,ff,90,bf_det_k4_l1_r4_c4_m3_w12g4_d32_s2_q2,10798,11654,bf_det_k4_l1_r4_c4_m3_w12g4_d32_s2_q2,10798,11654,1,1,0.000000e+00,1,1,1,0
16qam,32,4,1.000000e+00,11671,bram,91,bf_det_k4_l1_r4_c4_m4_w12g4_d32_s2_q2,14,11606,bf_det_k4_l1_r4_c4_m4_w12g4_d32_s2_q2,14,11606,1,1,0.000000e+00,1,1,1,0
16qam,32,4,1.000000e+00,17262,dsp,92,bf_det_k4_l1_r1_c4_m4_w10g8_d64_s2_q2,13,13125,bf_det_k4_l1_r1_c4_m4_w10g8_d64_s2_q2,13,13125,1,1,0.000000e+00,1,1,1,0
16qam,32,4,1.000000e+00,17262,lut,93,bf_det_k4_l1_r1_c4_m3_w12g4_d32_s2_q2,14622,12737,bf_det_k4_l1_r1_c4_m3_w12g4_d32_s2_q2,14622,12737,1,1,0.000000e+00,1,1,1,0
16qam,32,4,1.000000e+00,17262,ff,94,bf_det_k4_l1_r1_c4_m3_w10g8_d32_s2_q2,8744,13322,bf_det_k4_l1_r1_c4_m3_w10g8_d32_s2_q2,8744,13322,1,1,0.000000e+00,1,1,1,0
16qam,32,4,1.000000e+00,17262,bram,95,bf_det_k4_l1_r4_c4_m4_w12g4_d32_s2_q2,14,11606,bf_det_k4_l1_r4_c4_m4_w12g4_d32_s2_q2,14,11606,1,1,0.000000e+00,1,1,1,0
16qam,32,8,2.500000e-01,2773,dsp,96,bf_det_k8_l16_r8_c16_m3_w14g4_d64_s2_q2,576,2533,bf_det_k8_l16_r8_c16_m3_w14g4_d64_s2_q2,576,2533,1,1,0.000000e+00,1,1,1,0
16qam,32,8,2.500000e-01,2773,lut,97,bf_det_k8_l16_r8_c16_m3_w12g8_d32_s2_q2,98479,2646,bf_det_k8_l16_r8_c16_m3_w12g8_d32_s2_q2,98479,2646,1,1,0.000000e+00,1,1,1,0
16qam,32,8,2.500000e-01,2773,ff,98,bf_det_k8_l16_r8_c16_m3_w12g8_d32_s2_q2,63158,2646,bf_det_k8_l16_r8_c16_m3_w12g8_d32_s2_q2,63158,2646,1,1,0.000000e+00,1,1,1,0
16qam,32,8,2.500000e-01,2773,bram,99,bf_det_k8_l16_r8_c16_m4_w12g8_d32_s2_q2,54,2622,bf_det_k8_l16_r8_c16_m4_w12g8_d32_s2_q2,54,2622,1,1,0.000000e+00,1,1,1,0
16qam,32,8,2.500000e-01,4122,dsp,100,bf_det_k8_l16_r4_c16_m3_w14g4_d64_s2_q2,384,2935,bf_det_k8_l16_r4_c16_m3_w14g4_d64_s2_q2,384,2935,1,1,0.000000e+00,1,1,1,0
16qam,32,8,2.500000e-01,4122,lut,101,bf_det_k8_l16_r4_c16_m3_w12g8_d32_s2_q2,89916,3048,bf_det_k8_l16_r4_c16_m3_w12g8_d32_s2_q2,89916,3048,1,1,0.000000e+00,1,1,1,0
16qam,32,8,2.500000e-01,4122,ff,102,bf_det_k8_l16_r4_c16_m3_w12g8_d32_s2_q2,54203,3048,bf_det_k8_l16_r4_c16_m3_w12g8_d32_s2_q2,54203,3048,1,1,0.000000e+00,1,1,1,0
16qam,32,8,2.500000e-01,4122,bram,103,bf_det_k8_l16_r8_c16_m4_w12g8_d32_s2_q2,54,2622,bf_det_k8_l16_r8_c16_m4_w12g8_d32_s2_q2,54,2622,1,1,0.000000e+00,1,1,1,0
16qam,32,8,2.500000e-01,6127,dsp,104,bf_det_k8_l16_r1_c16_m3_w14g4_d64_s2_q2,240,5137,bf_det_k8_l16_r1_c16_m3_w14g4_d64_s2_q2,240,5137,1,1,0.000000e+00,1,1,1,0
16qam,32,8,2.500000e-01,6127,lut,105,bf_det_k8_l16_r1_c16_m3_w12g8_d32_s2_q2,83215,5250,bf_det_k8_l16_r1_c16_m3_w12g8_d32_s2_q2,83215,5250,1,1,0.000000e+00,1,1,1,0
16qam,32,8,2.500000e-01,6127,ff,106,bf_det_k8_l16_r1_c16_m3_w12g8_d32_s2_q2,47403,5250,bf_det_k8_l16_r1_c16_m3_w12g8_d32_s2_q2,47403,5250,1,1,0.000000e+00,1,1,1,0
16qam,32,8,2.500000e-01,6127,bram,107,bf_det_k8_l16_r8_c16_m4_w12g8_d32_s2_q2,54,2622,bf_det_k8_l16_r8_c16_m4_w12g8_d32_s2_q2,54,2622,1,1,0.000000e+00,1,1,1,0
16qam,32,8,2.500000e-01,9109,dsp,108,bf_det_k8_l4_r8_c4_m3_w14g4_d64_s2_q2,144,8569,bf_det_k8_l4_r8_c4_m3_w14g4_d64_s2_q2,144,8569,1,1,0.000000e+00,1,1,1,0
16qam,32,8,2.500000e-01,9109,lut,109,bf_det_k8_l4_r8_c4_m3_w12g8_d32_s2_q2,34925,8934,bf_det_k8_l4_r8_c4_m3_w12g8_d32_s2_q2,34925,8934,1,1,0.000000e+00,1,1,1,0
16qam,32,8,2.500000e-01,9109,ff,110,bf_det_k8_l4_r8_c4_m3_w12g8_d32_s2_q2,21466,8934,bf_det_k8_l4_r8_c4_m3_w12g8_d32_s2_q2,21466,8934,1,1,0.000000e+00,1,1,1,0
16qam,32,8,2.500000e-01,9109,bram,111,bf_det_k8_l4_r8_c4_m4_w12g8_d32_s2_q2,22,8838,bf_det_k8_l4_r8_c4_m4_w12g8_d32_s2_q2,22,8838,1,1,0.000000e+00,1,1,1,0
16qam,32,8,2.500000e-01,13541,dsp,112,bf_det_k8_l4_r1_c4_m3_w14g4_d64_s2_q2,60,11137,bf_det_k8_l4_r1_c4_m3_w14g4_d64_s2_q2,60,11137,1,1,0.000000e+00,1,1,1,0
16qam,32,8,2.500000e-01,13541,lut,113,bf_det_k8_l4_r1_c4_m3_w12g8_d32_s2_q2,31518,11502,bf_det_k8_l4_r1_c4_m3_w12g8_d32_s2_q2,31518,11502,1,1,0.000000e+00,1,1,1,0
16qam,32,8,2.500000e-01,13541,ff,114,bf_det_k8_l4_r1_c4_m3_w12g8_d32_s2_q2,18008,11502,bf_det_k8_l4_r1_c4_m3_w12g8_d32_s2_q2,18008,11502,1,1,0.000000e+00,1,1,1,0
16qam,32,8,2.500000e-01,13541,bram,115,bf_det_k8_l4_r8_c4_m4_w12g8_d32_s2_q2,22,8838,bf_det_k8_l4_r8_c4_m4_w12g8_d32_s2_q2,22,8838,1,1,0.000000e+00,1,1,1,0
16qam,32,8,2.500000e-01,20130,dsp,116,bf_det_k8_l4_r1_c4_m3_w14g4_d64_s2_q2,60,11137,bf_det_k8_l4_r1_c4_m3_w14g4_d64_s2_q2,60,11137,1,1,0.000000e+00,1,1,1,0
16qam,32,8,2.500000e-01,20130,lut,117,bf_det_k8_l4_r1_c4_m3_w12g8_d32_s2_q2,31518,11502,bf_det_k8_l4_r1_c4_m3_w12g8_d32_s2_q2,31518,11502,1,1,0.000000e+00,1,1,1,0
16qam,32,8,2.500000e-01,20130,ff,118,bf_det_k8_l4_r1_c4_m3_w12g8_d32_s2_q2,18008,11502,bf_det_k8_l4_r1_c4_m3_w12g8_d32_s2_q2,18008,11502,1,1,0.000000e+00,1,1,1,0
16qam,32,8,2.500000e-01,20130,bram,119,bf_det_k8_l4_r8_c4_m4_w12g8_d32_s2_q2,22,8838,bf_det_k8_l4_r8_c4_m4_w12g8_d32_s2_q2,22,8838,1,1,0.000000e+00,1,1,1,0
16qam,32,8,2.500000e-01,29926,dsp,120,bf_det_k8_l4_r1_c4_m3_w14g4_d64_s2_q2,60,11137,bf_det_k8_l4_r1_c4_m3_w14g4_d64_s2_q2,60,11137,1,1,0.000000e+00,1,1,1,0
16qam,32,8,2.500000e-01,29926,lut,121,bf_det_k8_l1_r8_c4_m3_w14g4_d32_s2_q2,23508,29454,bf_det_k8_l1_r8_c4_m3_w14g4_d32_s2_q2,23508,29454,1,1,0.000000e+00,1,1,1,0
16qam,32,8,2.500000e-01,29926,ff,122,bf_det_k8_l1_r8_c4_m3_w14g4_d32_s2_q2,16228,29454,bf_det_k8_l1_r8_c4_m3_w14g4_d32_s2_q2,16228,29454,1,1,0.000000e+00,1,1,1,0
16qam,32,8,2.500000e-01,29926,bram,123,bf_det_k8_l1_r8_c4_m4_w14g4_d32_s2_q2,21,29358,bf_det_k8_l1_r8_c4_m4_w14g4_d32_s2_q2,21,29358,1,1,0.000000e+00,1,1,1,0
16qam,32,8,2.500000e-01,44488,dsp,124,bf_det_k8_l1_r1_c4_m3_w14g4_d64_s2_q2,24,35887,bf_det_k8_l1_r1_c4_m3_w14g4_d64_s2_q2,24,35887,1,1,0.000000e+00,1,1,1,0
16qam,32,8,2.500000e-01,44488,lut,125,bf_det_k8_l1_r1_c4_m3_w12g8_d32_s2_q2,18642,37452,bf_det_k8_l1_r1_c4_m3_w12g8_d32_s2_q2,18642,37452,1,1,0.000000e+00,1,1,1,0
16qam,32,8,2.500000e-01,44488,ff,126,bf_det_k8_l1_r1_c4_m3_w12g8_d32_s2_q2,10856,37452,bf_det_k8_l1_r1_c4_m3_w12g8_d32_s2_q2,10856,37452,1,1,0.000000e+00,1,1,1,0
16qam,32,8,2.500000e-01,44488,bram,127,bf_det_k8_l1_r8_c4_m4_w12g8_d32_s2_q2,20,30918,bf_det_k8_l1_r8_c4_m4_w12g8_d32_s2_q2,20,30918,1,1,0.000000e+00,1,1,1,0
16qam,32,8,5.000000e-01,1864,dsp,128,bf_det_k8_l16_r8_c16_m3_w14g4_d64_s2_q2,576,1703,bf_det_k8_l16_r8_c16_m3_w14g4_d64_s2_q2,576,1703,1,1,0.000000e+00,1,1,1,0
16qam,32,8,5.000000e-01,1864,lut,129,bf_det_k8_l16_r8_c16_m3_w12g8_d32_s2_q2,98479,1780,bf_det_k8_l16_r8_c16_m3_w12g8_d32_s2_q2,98479,1780,1,1,0.000000e+00,1,1,1,0
16qam,32,8,5.000000e-01,1864,ff,130,bf_det_k8_l16_r8_c16_m3_w12g8_d32_s2_q2,63158,1780,bf_det_k8_l16_r8_c16_m3_w12g8_d32_s2_q2,63158,1780,1,1,0.000000e+00,1,1,1,0
16qam,32,8,5.000000e-01,1864,bram,131,bf_det_k8_l16_r8_c16_m4_w12g8_d32_s2_q2,54,1764,bf_det_k8_l16_r8_c16_m4_w12g8_d32_s2_q2,54,1764,1,1,0.000000e+00,1,1,1,0
16qam,32,8,5.000000e-01,2867,dsp,132,bf_det_k8_l16_r4_c16_m3_w14g4_d64_s2_q2,384,1971,bf_det_k8_l16_r4_c16_m3_w14g4_d64_s2_q2,384,1971,1,1,0.000000e+00,1,1,1,0
16qam,32,8,5.000000e-01,2867,lut,133,bf_det_k8_l16_r4_c16_m3_w12g4_d32_s2_q2,86970,2838,bf_det_k8_l16_r4_c16_m3_w12g4_d32_s2_q2,86970,2838,1,1,0.000000e+00,1,1,1,0
16qam,32,8,5.000000e-01,2867,ff,134,bf_det_k8_l16_r4_c16_m3_w12g4_d32_s2_q2,51190,2838,bf_det_k8_l16_r4_c16_m3_w12g4_d32_s2_q2,51190,2838,1,1,0.000000e+00,1,1,1,0
16qam,32,8,5.000000e-01,2867,bram,135,bf_det_k8_l16_r8_c16_m4_w12g8_d32_s2_q2,54,1764,bf_det_k8_l16_r8_c16_m4_w12g8_d32_s2_q2,54,1764,1,1,0.000000e+00,1,1,1,0
16qam,32,8,5.000000e-01,4410,dsp,136,bf_det_k8_l16_r1_c16_m3_w14g4_d64_s2_q2,240,3439,bf_det_k8_l16_r1_c16_m3_w14g4_d64_s2_q2,240,3439,1,1,0.000000e+00,1,1,1,0
16qam,32,8,5.000000e-01,4410,lut,137,bf_det_k8_l16_r1_c16_m3_w12g8_d32_s2_q2,83215,3516,bf_det_k8_l16_r1_c16_m3_w12g8_d32_s2_q2,83215,3516,1,1,0.000000e+00,1,1,1,0
16qam,32,8,5.000000e-01,4410,ff,138,bf_det_k8_l16_r1_c16_m3_w12g8_d32_s2_q2,47403,3516,bf_det_k8_l16_r1_c16_m3_w12g8_d32_s2_q2,47403,3516,1,1,0.000000e+00,1,1,1,0
16qam,32,8,5.000000e-01,4410,bram,139,bf_det_k8_l16_r8_c16_m4_w12g8_d32_s2_q2,54,1764,bf_det_k8_l16_r8_c16_m4_w12g8_d32_s2_q2,54,1764,1,1,0.000000e+00,1,1,1,0
16qam,32,8,5.000000e-01,6784,dsp,140,bf_det_k8_l4_r4_c4_m3_w14g4_d64_s2_q2,96,6387,bf_det_k8_l4_r4_c4_m3_w14g4_d64_s2_q2,96,6387,1,1,0.000000e+00,1,1,1,0
16qam,32,8,5.000000e-01,6784,lut,141,bf_det_k8_l4_r4_c4_m3_w12g8_d32_s2_q2,32771,6632,bf_det_k8_l4_r4_c4_m3_w12g8_d32_s2_q2,32771,6632,1,1,0.000000e+00,1,1,1,0
16qam,32,8,5.000000e-01,6784,ff,142,bf_det_k8_l4_r4_c4_m3_w12g8_d32_s2_q2,19226,6632,bf_det_k8_l4_r4_c4_m3_w12g8_d32_s2_q2,19226,6632,1,1,0.000000e+00,1,1,1,0
16qam,32,8,5.000000e-01,6784,bram,143,bf_det_k8_l4_r8_c4_m4_w12g8_d32_s2_q2,22,5940,bf_det_k8_l4_r8_c4_m4_w12g8_d32_s2_q2,22,5940,1,1,0.000000e+00,1,1,1,0
16qam,32,8,5.000000e-01,10435,dsp,144,bf_det_k8_l4_r1_c4_m3_w14g4_d64_s2_q2,60,7471,bf_det_k8_l4_r1_c4_m3_w14g4_d64_s2_q2,60,7471,1,1,0.000000e+00,1,1,1,0
16qam,32,8,5.000000e-01,10435,lut,145,bf_det_k8_l4_r1_c4_m3_w12g8_d32_s2_q2,31518,7716,bf_det_k8_l4_r1_c4_m3_w12g8_d32_s2_q2,31518,7716,1,1,0.000000e+00,1,1,1,0
16qam,32,8,5.000000e-01,10435,ff,146,bf_det_k8_l4_r1_c4_m3_w12g8_d32_s2_q2,18008,7716,bf_det_k8_l4_r1_c4_m3_w12g8_d32_s2_q2,18008,7716,1,1,0.000000e+00,1,1,1,0
16qam,32,8,5.000000e-01,10435,bram,147,bf_det_k8_l4_r8_c4_m4_w12g8_d32_s2_q2,22,5940,bf_det_k8_l4_r8_c4_m4_w12g8_d32_s2_q2,22,5940,1,1,0.000000e+00,1,1,1,0
16qam,32,8,5.000000e-01,16050,dsp,148,bf_det_k8_l4_r1_c4_m3_w14g4_d64_s2_q2,60,7471,bf_det_k8_l4_r1_c4_m3_w14g4_d64_s2_q2,60,7471,1,1,0.000000e+00,1,1,1,0
16qam,32,8,5.000000e-01,16050,lut,149,bf_det_k8_l4_r1_c4_m3_w12g4_d32_s2_q2,30692,10788,bf_det_k8_l4_r1_c4_m3_w12g4_d32_s2_q2,30692,10788,1,1,0.000000e+00,1,1,1,0
16qam,32,8,5.000000e-01,16050,ff,150,bf_det_k8_l4_r1_c4_m3_w12g4_d32_s2_q2,17239,10788,bf_det_k8_l4_r1_c4_m3_w12g4_d32_s2_q2,17239,10788,1,1,0.000000e+00,1,1,1,0
16qam,32,8,5.000000e-01,16050,bram,151,bf_det_k8_l4_r8_c4_m4_w12g8_d32_s2_q2,22,5940,bf_det_k8_l4_r8_c4_m4_w12g8_d32_s2_q2,22,5940,1,1,0.000000e+00,1,1,1,0
16qam,32,8,5.000000e-01,24689,dsp,152,bf_det_k8_l1_r1_c4_m3_w14g4_d64_s2_q2,24,24099,bf_det_k8_l1_r1_c4_m3_w14g4_d64_s2_q2,24,24099,1,1,0.000000e+00,1,1,1,0
16qam,32,8,5.000000e-01,24689,lut,153,bf_det_k8_l1_r1_c4_m4_w12g8_d32_s2_q2,18682,24632,bf_det_k8_l1_r1_c4_m4_w12g8_d32_s2_q2,18682,24632,1,1,0.000000e+00,1,1,1,0
16qam,32,8,5.000000e-01,24689,ff,154,bf_det_k8_l1_r1_c4_m4_w12g8_d32_s2_q2,11033,24632,bf_det_k8_l1_r1_c4_m4_w12g8_d32_s2_q2,11033,24632,1,1,0.000000e+00,1,1,1,0
16qam,32,8,5.000000e-01,24689,bram,155,bf_det_k8_l1_r8_c4_m4_w12g8_d32_s2_q2,20,20788,bf_det_k8_l1_r8_c4_m4_w12g8_d32_s2_q2,20,20788,1,1,0.000000e+00,1,1,1,0
16qam,32,8,5.000000e-01,37976,dsp,156,bf_det_k8_l1_r1_c4_m3_w14g4_d64_s2_q2,24,24099,bf_det_k8_l1_r1_c4_m3_w14g4_d64_s2_q2,24,24099,1,1,0.000000e+00,1,1,1,0
16qam,32,8,5.000000e-01,37976,lut,157,bf_det_k8_l1_r1_c4_m3_w12g4_d32_s2_q2,18349,34722,bf_det_k8_l1_r1_c4_m3_w12g4_d32_s2_q2,18349,34722,1,1,0.000000e+00,1,1,1,0
16qam,32,8,5.000000e-01,37976,ff,158,bf_det_k8_l1_r1_c4_m3_w12g4_d32_s2_q2,10648,34722,bf_det_k8_l1_r1_c4_m3_w12g4_d32_s2_q2,10648,34722,1,1,0.000000e+00,1,1,1,0
16qam,32,8,5.000000e-01,37976,bram,159,bf_det_k8_l1_r8_c4_m4_w12g8_d32_s2_q2,20,20788,bf_det_k8_l1_r8_c4_m4_w12g8_d32_s2_q2,20,20788,1,1,0.000000e+00,1,1,1,0
16qam,32,8,1.000000e+00,1778,dsp,160,bf_det_k8_l16_r8_c16_m4_w10g8_d64_s2_q2,336,1679,bf_det_k8_l16_r8_c16_m4_w10g8_d64_s2_q2,336,1679,1,1,0.000000e+00,1,1,1,0
16qam,32,8,1.000000e+00,1778,lut,161,bf_det_k8_l16_r8_c16_m3_w12g4_d32_s2_q2,95533,1640,bf_det_k8_l16_r8_c16_m3_w12g4_d32_s2_q2,95533,1640,1,1,0.000000e+00,1,1,1,0
16qam,32,8,1.000000e+00,1778,ff,162,bf_det_k8_l16_r8_c16_m3_w10g8_d32_s2_q2,55254,1700,bf_det_k8_l16_r8_c16_m3_w10g8_d32_s2_q2,55254,1700,1,1,0.000000e+00,1,1,1,0
16qam,32,8,1.000000e+00,1778,bram,163,bf_det_k8_l16_r8_c16_m4_w10g8_d32_s2_q2,45,1684,bf_det_k8_l16_r8_c16_m4_w10g8_d32_s2_q2,45,1684,1,1,0.000000e+00,1,1,1,0
16qam,32,8,1.000000e+00,2660,dsp,164,bf_det_k8_l16_r4_c16_m4_w10g8_d64_s2_q2,208,1931,bf_det_k8_l16_r4_c16_m4_w10g8_d64_s2_q2,208,1931,1,1,0.000000e+00,1,1,1,0
16qam,32,8,1.000000e+00,2660,lut,165,bf_det_k8_l16_r4_c16_m3_w12g4_d32_s2_q2,86970,1908,bf_det_k8_l16_r4_c16_m3_w12g4_d32_s2_q2,86970,1908,1,1,0.000000e+00,1,1,1,0
16qam,32,8,1.000000e+00,2660,ff,166,bf_det_k8_l16_r4_c16_m3_w10g8_d32_s2_q2,47707,1968,bf_det_k8_l16_r4_c16_m3_w10g8_d32_s2_q2,47707,1968,1,1,0.000000e+00,1,1,1,0
16qam,32,8,1.000000e+00,2660,bram,167,bf_det_k8_l16_r8_c16_m4_w10g8_d32_s2_q2,45,1684,bf_det_k8_l16_r8_c16_m4_w10g8_d32_s2_q2,45,1684,1,1,0.000000e+00,1,1,1,0
16qam,32,8,1.000000e+00,3980,dsp,168,bf_det_k8_l16_r1_c16_m4_w10g8_d64_s2_q2,112,3303,bf_det_k8_l16_r1_c16_m4_w10g8_d64_s2_q2,112,3303,1,1,0.000000e+00,1,1,1,0
16qam,32,8,1.000000e+00,3980,lut,169,bf_det_k8_l16_r1_c16_m3_w12g4_d32_s2_q2,80269,3376,bf_det_k8_l16_r1_c16_m3_w12g4_d32_s2_q2,80269,3376,1,1,0.000000e+00,1,1,1,0
16qam,32,8,1.000000e+00,3980,ff,170,bf_det_k8_l16_r1_c16_m3_w12g4_d32_s2_q2,44390,3376,bf_det_k8_l16_r1_c16_m3_w10g8_d32_s2_q2,41967,3436,1,1,5.774000e+00,1,0,0,0
16qam,32,8,1.000000e+00,3980,bram,171,bf_det_k8_l16_r8_c16_m4_w10g8_d32_s2_q2,45,1684,bf_det_k8_l16_r8_c16_m4_w10g8_d32_s2_q2,45,1684,1,1,0.000000e+00,1,1,1,0
16qam,32,8,1.000000e+00,5955,dsp,172,bf_det_k8_l4_r8_c4_m4_w10g8_d64_s2_q2,84,5663,bf_det_k8_l4_r8_c4_m4_w10g8_d64_s2_q2,84,5663,1,1,0.000000e+00,1,1,1,0
16qam,32,8,1.000000e+00,5955,lut,173,bf_det_k8_l4_r8_c4_m3_w12g4_d32_s2_q2,34099,5528,bf_det_k8_l4_r8_c4_m3_w10g8_d32_s2_q2,34049,5732,1,1,1.470000e-01,1,0,0,0
16qam,32,8,1.000000e+00,5955,ff,174,bf_det_k8_l4_r8_c4_m3_w10g8_d32_s2_q2,19003,5732,bf_det_k8_l4_r8_c4_m3_w10g8_d32_s2_q2,19003,5732,1,1,0.000000e+00,1,1,1,0
16qam,32,8,1.000000e+00,5955,bram,175,bf_det_k8_l4_r8_c4_m4_w10g8_d32_s2_q2,21,5668,bf_det_k8_l4_r8_c4_m4_w10g8_d32_s2_q2,21,5668,1,1,0.000000e+00,1,1,1,0
16qam,32,8,1.000000e+00,8910,dsp,176,bf_det_k8_l4_r1_c4_m4_w10g8_d64_s2_q2,28,7435,bf_det_k8_l4_r1_c4_m4_w10g8_d64_s2_q2,28,7435,1,1,0.000000e+00,1,1,1,0
16qam,32,8,1.000000e+00,8910,lut,177,bf_det_k8_l4_r1_c4_m3_w12g4_d32_s2_q2,30692,7240,bf_det_k8_l4_r1_c4_m3_w12g4_d32_s2_q2,30692,7240,1,1,0.000000e+00,1,1,1,0
16qam,32,8,1.000000e+00,8910,ff,178,bf_det_k8_l4_r1_c4_m3_w10g8_d32_s2_q2,16117,7444,bf_det_k8_l4_r1_c4_m3_w10g8_d32_s2_q2,16117,7444,1,1,0.000000e+00,1,1,1,0
16qam,32,8,1.000000e+00,8910,bram,179,bf_det_k8_l4_r8_c4_m4_w10g8_d32_s2_q2,21,5668,bf_det_k8_l4_r8_c4_m4_w10g8_d32_s2_q2,21,5668,1,1,0.000000e+00,1,1,1,0
16qam,32,8,1.000000e+00,13333,dsp,180,bf_det_k8_l4_r1_c4_m4_w10g8_d64_s2_q2,28,7435,bf_det_k8_l4_r1_c4_m4_w10g8_d64_s2_q2,28,7435,1,1,0.000000e+00,1,1,1,0
16qam,32,8,1.000000e+00,13333,lut,181,bf_det_k8_l4_r1_c4_m3_w12g4_d32_s2_q2,30692,7240,bf_det_k8_l4_r1_c4_m3_w12g4_d32_s2_q2,30692,7240,1,1,0.000000e+00,1,1,1,0
16qam,32,8,1.000000e+00,13333,ff,182,bf_det_k8_l4_r1_c4_m3_w10g8_d32_s2_q2,16117,7444,bf_det_k8_l4_r1_c4_m3_w10g8_d32_s2_q2,16117,7444,1,1,0.000000e+00,1,1,1,0
16qam,32,8,1.000000e+00,13333,bram,183,bf_det_k8_l4_r8_c4_m4_w10g8_d32_s2_q2,21,5668,bf_det_k8_l4_r8_c4_m4_w10g8_d32_s2_q2,21,5668,1,1,0.000000e+00,1,1,1,0
16qam,32,8,1.000000e+00,19950,dsp,184,bf_det_k8_l4_r1_c4_m4_w10g8_d64_s2_q2,28,7435,bf_det_k8_l4_r1_c4_m4_w10g8_d64_s2_q2,28,7435,1,1,0.000000e+00,1,1,1,0
16qam,32,8,1.000000e+00,19950,lut,185,bf_det_k8_l1_r4_c4_m3_w12g4_d32_s2_q2,20101,19692,bf_det_k8_l1_r4_c4_m3_w12g4_d32_s2_q2,20101,19692,1,1,0.000000e+00,1,1,1,0
16qam,32,8,1.000000e+00,19950,ff,186,bf_det_k8_l1_r4_c4_m3_w12g4_d32_s2_q2,12565,19692,bf_det_k8_l1_r4_c4_m3_w12g4_d32_s2_q2,12565,19692,1,1,0.000000e+00,1,1,1,0
16qam,32,8,1.000000e+00,19950,bram,187,bf_det_k8_l1_r8_c4_m4_w10g8_d32_s2_q2,19,19748,bf_det_k8_l1_r8_c4_m4_w10g8_d32_s2_q2,19,19748,1,1,0.000000e+00,1,1,1,0
16qam,32,8,1.000000e+00,29852,dsp,188,bf_det_k8_l1_r1_c4_m4_w10g8_d64_s2_q2,13,23587,bf_det_k8_l1_r1_c4_m4_w10g8_d64_s2_q2,13,23587,1,1,0.000000e+00,1,1,1,0
16qam,32,8,1.000000e+00,29852,lut,189,bf_det_k8_l1_r1_c4_m3_w10g8_d32_s2_q2,17958,24104,bf_det_k8_l1_r1_c4_m3_w10g8_d32_s2_q2,17958,24104,1,1,0.000000e+00,1,1,1,0
16qam,32,8,1.000000e+00,29852,ff,190,bf_det_k8_l1_r1_c4_m3_w10g8_d32_s2_q2,9964,24104,bf_det_k8_l1_r1_c4_m3_w10g8_d32_s2_q2,9964,24104,1,1,0.000000e+00,1,1,1,0
16qam,32,8,1.000000e+00,29852,bram,191,bf_det_k8_l1_r8_c4_m4_w10g8_d32_s2_q2,19,19748,bf_det_k8_l1_r8_c4_m4_w10g8_d32_s2_q2,19,19748,1,1,0.000000e+00,1,1,1,0
16qam,32,16,2.500000e-01,5020,dsp,192,bf_det_k16_l16_r16_c16_m3_w16g4_d64_s2_q2,960,4546,bf_det_k16_l16_r16_c16_m3_w16g4_d64_s2_q2,960,4546,1,1,0.000000e+00,1,1,1,0
16qam,32,16,2.500000e-01,5020,lut,193,bf_det_k16_l16_r16_c16_m3_w14g8_d32_s2_q2,135164,4744,bf_det_k16_l16_r16_c16_m3_w14g8_d32_s2_q2,135164,4744,1,1,0.000000e+00,1,1,1,0
16qam,32,16,2.500000e-01,5020,ff,194,bf_det_k16_l16_r16_c16_m3_w14g8_d32_s2_q2,99137,4744,bf_det_k16_l16_r16_c16_m3_w14g8_d32_s2_q2,99137,4744,1,1,0.000000e+00,1,1,1,0
16qam,32,16,2.500000e-01,5020,bram,195,bf_det_k16_l16_r16_c16_m4_w14g8_d32_s2_q2,69,4712,bf_det_k16_l16_r16_c16_m4_w14g8_d32_s2_q2,69,4712,1,1,0.000000e+00,1,1,1,0
16qam,32,16,2.500000e-01,7629,dsp,196,bf_det_k16_l16_r4_c16_m3_w16g4_d64_s2_q2,384,6490,bf_det_k16_l16_r4_c16_m3_w16g4_d64_s2_q2,384,6490,1,1,0.000000e+00,1,1,1,0
16qam,32,16,2.500000e-01,7629,lut,197,bf_det_k16_l16_r4_c16_m3_w14g8_d32_s2_q2,108049,6688,bf_det_k16_l16_r4_c16_m3_w14g8_d32_s2_q2,108049,6688,1,1,0.000000e+00,1,1,1,0
16qam,32,16,2.500000e-01,7629,ff,198,bf_det_k16_l16_r4_c16_m3_w14g8_d32_s2_q2,67655,6688,bf_det_k16_l16_r4_c16_m3_w14g8_d32_s2_q2,67655,6688,1,1,0.000000e+00,1,1,1,0
16qam,32,16,2.500000e-01,7629,bram,199,bf_det_k16_l16_r16_c16_m4_w14g8_d32_s2_q2,69,4712,bf_det_k16_l16_r16_c16_m4_w14g8_d32_s2_q2,69,4712,1,1,0.000000e+00,1,1,1,0
16qam,32,16,2.500000e-01,11593,dsp,200,bf_det_k16_l16_r4_c16_m3_w16g4_d64_s2_q2,384,6490,bf_det_k16_l16_r4_c16_m3_w16g4_d64_s2_q2,384,6490,1,1,0.000000e+00,1,1,1,0
16qam,32,16,2.500000e-01,11593,lut,201,bf_det_k16_l16_r4_c16_m3_w14g8_d32_s2_q2,108049,6688,bf_det_k16_l16_r4_c16_m3_w14g8_d32_s2_q2,108049,6688,1,1,0.000000e+00,1,1,1,0
16qam,32,16,2.500000e-01,11593,ff,202,bf_det_k16_l16_r4_c16_m3_w14g8_d32_s2_q2,67655,6688,bf_det_k16_l16_r4_c16_m3_w14g8_d32_s2_q2,67655,6688,1,1,0.000000e+00,1,1,1,0
16qam,32,16,2.500000e-01,11593,bram,203,bf_det_k16_l16_r16_c16_m4_w14g8_d32_s2_q2,69,4712,bf_det_k16_l16_r16_c16_m4_w14g8_d32_s2_q2,69,4712,1,1,0.000000e+00,1,1,1,0
16qam,32,16,2.500000e-01,17617,dsp,204,bf_det_k16_l16_r1_c16_m3_w16g4_d64_s2_q2,240,13906,bf_det_k16_l16_r1_c16_m3_w16g4_d64_s2_q2,240,13906,1,1,0.000000e+00,1,1,1,0
16qam,32,16,2.500000e-01,17617,lut,205,bf_det_k16_l4_r16_c4_m3_w14g8_d32_s2_q2,52409,16696,bf_det_k16_l4_r16_c4_m3_w14g8_d32_s2_q2,52409,16696,1,1,0.000000e+00,1,1,1,0
16qam,32,16,2.500000e-01,17617,ff,206,bf_det_k16_l4_r16_c4_m3_w14g8_d32_s2_q2,34503,16696,bf_det_k16_l4_r16_c4_m3_w14g8_d32_s2_q2,34503,16696,1,1,0.000000e+00,1,1,1,0
16qam,32,16,2.500000e-01,17617,bram,207,bf_det_k16_l4_r16_c4_m4_w14g8_d32_s2_q2,65,16568,bf_det_k16_l4_r16_c4_m4_w14g8_d32_s2_q2,65,16568,1,1,0.000000e+00,1,1,1,0
16qam,32,16,2.500000e-01,26772,dsp,208,bf_det_k16_l4_r4_c4_m3_w16g4_d64_s2_q2,96,21274,bf_det_k16_l4_r4_c4_m3_w16g4_d64_s2_q2,96,21274,1,1,0.000000e+00,1,1,1,0
16qam,32,16,2.500000e-01,26772,lut,209,bf_det_k16_l4_r4_c4_m3_w14g8_d32_s2_q2,45393,21952,bf_det_k16_l4_r4_c4_m3_w14g8_d32_s2_q2,45393,21952,1,1,0.000000e+00,1,1,1,0
16qam,32,16,2.500000e-01,26772,ff,210,bf_det_k16_l4_r4_c4_m3_w14g8_d32_s2_q2,26616,21952,bf_det_k16_l4_r4_c4_m3_w14g8_d32_s2_q2,26616,21952,1,1,0.000000e+00,1,1,1,0
16qam,32,16,2.500000e-01,26772,bram,211,bf_det_k16_l4_r16_c4_m4_w14g8_d32_s2_q2,65,16568,bf_det_k16_l4_r16_c4_m4_w14g8_d32_s2_q2,65,16568,1,1,0.000000e+00,1,1,1,0
16qam,32,16,2.500000e-01,40683,dsp,212,bf_det_k16_l4_r1_c4_m3_w16g4_d64_s2_q2,60,31730,bf_det_k16_l4_r1_c4_m3_w16g4_d64_s2_q2,60,31730,1,1,0.000000e+00,1,1,1,0
16qam,32,16,2.500000e-01,40683,lut,213,bf_det_k16_l4_r1_c4_m3_w14g8_d32_s2_q2,44048,32408,bf_det_k16_l4_r1_c4_m3_w14g8_d32_s2_q2,44048,32408,1,1,0.000000e+00,1,1,1,0
16qam,32,16,2.500000e-01,40683,ff,214,bf_det_k16_l4_r1_c4_m3_w14g8_d32_s2_q2,25179,32408,bf_det_k16_l4_r1_c4_m3_w14g8_d32_s2_q2,25179,32408,1,1,0.000000e+00,1,1,1,0
16qam,32,16,2.500000e-01,40683,bram,215,bf_det_k16_l4_r16_c4_m4_w14g8_d32_s2_q2,65,16568,bf_det_k16_l4_r16_c4_m4_w14g8_d32_s2_q2,65,16568,1,1,0.000000e+00,1,1,1,0
16qam,32,16,2.500000e-01,61824,dsp,216,bf_det_k16_l4_r1_c4_m3_w16g4_d64_s2_q2,60,31730,bf_det_k16_l4_r1_c4_m3_w16g4_d64_s2_q2,60,31730,1,1,0.000000e+00,1,1,1,0
16qam,32,16,2.500000e-01,61824,lut,217,bf_det_k16_l1_r4_c4_m4_w14g8_d32_s2_q2,32226,62016,bf_det_k16_l1_r4_c4_m3_w16g4_d32_s2_q2,33753,59935,1,1,-4.524000e+00,1,0,0,0
16qam,32,16,2.500000e-01,61824,ff,218,bf_det_k16_l1_r4_c4_m4_w14g8_d32_s2_q2,20828,62016,bf_det_k16_l1_r4_c4_m3_w16g4_d32_s2_q2,21032,59935,1,1,-9.700000e-01,1,0,0,0
16qam,32,16,2.500000e-01,61824,bram,219,bf_det_k16_l1_r16_c4_m4_w14g8_d32_s2_q2,39,56952,bf_det_k16_l1_r16_c4_m4_w14g8_d32_s2_q2,39,56952,1,1,0.000000e+00,1,1,1,0
16qam,32,16,2.500000e-01,93951,dsp,220,bf_det_k16_l1_r1_c4_m3_w16g4_d64_s2_q2,24,80602,bf_det_k16_l1_r1_c4_m3_w16g4_d64_s2_q2,24,80602,1,1,0.000000e+00,1,1,1,0
16qam,32,16,2.500000e-01,93951,lut,221,bf_det_k16_l1_r1_c4_m3_w14g8_d32_s2_q2,30154,83200,bf_det_k16_l1_r1_c4_m3_w14g8_d32_s2_q2,30154,83200,1,1,0.000000e+00,1,1,1,0
16qam,32,16,2.500000e-01,93951,ff,222,bf_det_k16_l1_r1_c4_m3_w14g8_d32_s2_q2,17621,83200,bf_det_k16_l1_r1_c4_m3_w14g8_d32_s2_q2,17621,83200,1,1,0.000000e+00,1,1,1,0
16qam,32,16,2.500000e-01,93951,bram,223,bf_det_k16_l1_r16_c4_m4_w14g8_d32_s2_q2,39,56952,bf_det_k16_l1_r16_c4_m4_w14g8_d32_s2_q2,39,56952,1,1,0.000000e+00,1,1,1,0
16qam,32,16,5.000000e-01,4847,dsp,224,bf_det_k16_l16_r16_c16_m3_w14g4_d64_s2_q2,960,4419,bf_det_k16_l16_r16_c16_m3_w14g4_d64_s2_q2,960,4419,1,1,0.000000e+00,1,1,1,0
16qam,32,16,5.000000e-01,4847,lut,225,bf_det_k16_l16_r16_c16_m3_w12g8_d32_s2_q2,126077,4568,bf_det_k16_l16_r16_c16_m3_w12g8_d32_s2_q2,126077,4568,1,1,0.000000e+00,1,1,1,0
16qam,32,16,5.000000e-01,4847,ff,226,bf_det_k16_l16_r16_c16_m3_w12g8_d32_s2_q2,87225,4568,bf_det_k16_l16_r16_c16_m3_w12g8_d32_s2_q2,87225,4568,1,1,0.000000e+00,1,1,1,0
16qam,32,16,5.000000e-01,4847,bram,227,bf_det_k16_l16_r16_c16_m4_w12g8_d32_s2_q2,59,4536,bf_det_k16_l16_r16_c16_m4_w12g8_d32_s2_q2,59,4536,1,1,0.000000e+00,1,1,1,0
16qam,32,16,5.000000e-01,7403,dsp,228,bf_det_k16_l16_r4_c16_m3_w14g4_d64_s2_q2,384,6363,bf_det_k16_l16_r4_c16_m3_w14g4_d64_s2_q2,384,6363,1,1,0.000000e+00,1,1,1,0
16qam,32,16,5.000000e-01,7403,lut,229,bf_det_k16_l16_r4_c16_m3_w12g8_d32_s2_q2,100570,6512,bf_det_k16_l16_r4_c16_m3_w12g8_d32_s2_q2,100570,6512,1,1,0.000000e+00,1,1,1,0
16qam,32,16,5.000000e-01,7403,ff,230,bf_det_k16_l16_r4_c16_m3_w12g8_d32_s2_q2,59967,6512,bf_det_k16_l16_r4_c16_m3_w12g8_d32_s2_q2,59967,6512,1,1,0.000000e+00,1,1,1,0
16qam,32,16,5.000000e-01,7403,bram,231,bf_det_k16_l16_r16_c16_m4_w12g8_d32_s2_q2,59,4536,bf_det_k16_l16_r16_c16_m4_w12g8_d32_s2_q2,59,4536,1,1,0.000000e+00,1,1,1,0
16qam,32,16,5.000000e-01,11306,dsp,232,bf_det_k16_l16_r4_c16_m3_w14g4_d64_s2_q2,384,6363,bf_det_k16_l16_r4_c16_m3_w14g4_d64_s2_q2,384,6363,1,1,0.000000e+00,1,1,1,0
16qam,32,16,5.000000e-01,11306,lut,233,bf_det_k16_l16_r4_c16_m3_w12g8_d32_s2_q2,100570,6512,bf_det_k16_l16_r4_c16_m3_w12g8_d32_s2_q2,100570,6512,1,1,0.000000e+00,1,1,1,0
16qam,32,16,5.000000e-01,11306,ff,234,bf_det_k16_l16_r4_c16_m3_w12g8_d32_s2_q2,59967,6512,bf_det_k16_l16_r4_c16_m3_w12g8_d32_s2_q2,59967,6512,1,1,0.000000e+00,1,1,1,0
16qam,32,16,5.000000e-01,11306,bram,235,bf_det_k16_l16_r16_c16_m4_w12g8_d32_s2_q2,59,4536,bf_det_k16_l16_r16_c16_m4_w12g8_d32_s2_q2,59,4536,1,1,0.000000e+00,1,1,1,0
16qam,32,16,5.000000e-01,17268,dsp,236,bf_det_k16_l16_r1_c16_m3_w14g4_d64_s2_q2,240,13779,bf_det_k16_l16_r1_c16_m3_w14g4_d64_s2_q2,240,13779,1,1,0.000000e+00,1,1,1,0
16qam,32,16,5.000000e-01,17268,lut,237,bf_det_k16_l4_r16_c4_m3_w12g8_d32_s2_q2,48984,16152,bf_det_k16_l4_r16_c4_m3_w12g8_d32_s2_q2,48984,16152,1,1,0.000000e+00,1,1,1,0
16qam,32,16,5.000000e-01,17268,ff,238,bf_det_k16_l4_r16_c4_m3_w12g8_d32_s2_q2,31160,16152,bf_det_k16_l4_r16_c4_m3_w12g8_d32_s2_q2,31160,16152,1,1,0.000000e+00,1,1,1,0
16qam,32,16,5.000000e-01,17268,bram,239,bf_det_k16_l16_r16_c16_m4_w12g8_d32_s2_q2,59,4536,bf_det_k16_l16_r16_c16_m4_w12g8_d32_s2_q2,59,4536,1,1,0.000000e+00,1,1,1,0
16qam,32,16,5.000000e-01,26372,dsp,240,bf_det_k16_l4_r4_c4_m3_w14g4_d64_s2_q2,96,20859,bf_det_k16_l4_r4_c4_m3_w14g4_d64_s2_q2,96,20859,1,1,0.000000e+00,1,1,1,0
16qam,32,16,5.000000e-01,26372,lut,241,bf_det_k16_l4_r4_c4_m3_w12g8_d32_s2_q2,42424,21408,bf_det_k16_l4_r4_c4_m3_w12g8_d32_s2_q2,42424,21408,1,1,0.000000e+00,1,1,1,0
16qam,32,16,5.000000e-01,26372,ff,242,bf_det_k16_l4_r4_c4_m3_w12g8_d32_s2_q2,24333,21408,bf_det_k16_l4_r4_c4_m3_w12g8_d32_s2_q2,24333,21408,1,1,0.000000e+00,1,1,1,0
16qam,32,16,5.000000e-01,26372,bram,243,bf_det_k16_l16_r16_c16_m4_w12g8_d32_s2_q2,59,4536,bf_det_k16_l16_r16_c16_m4_w12g8_d32_s2_q2,59,4536,1,1,0.000000e+00,1,1,1,0
16qam,32,16,5.000000e-01,40278,dsp,244,bf_det_k16_l4_r1_c4_m3_w14g4_d64_s2_q2,60,31315,bf_det_k16_l4_r1_c4_m3_w14g4_d64_s2_q2,60,31315,1,1,0.000000e+00,1,1,1,0
16qam,32,16,5.000000e-01,40278,lut,245,bf_det_k16_l4_r1_c4_m3_w12g8_d32_s2_q2,41151,31864,bf_det_k16_l4_r1_c4_m3_w12g8_d32_s2_q2,41151,31864,1,1,0.000000e+00,1,1,1,0
16qam,32,16,5.000000e-01,40278,ff,246,bf_det_k16_l4_r1_c4_m3_w12g8_d32_s2_q2,23100,31864,bf_det_k16_l4_r1_c4_m3_w12g8_d32_s2_q2,23100,31864,1,1,0.000000e+00,1,1,1,0
16qam,32,16,5.000000e-01,40278,bram,247,bf_det_k16_l16_r16_c16_m4_w12g8_d32_s2_q2,59,4536,bf_det_k16_l16_r16_c16_m4_w12g8_d32_s2_q2,59,4536,1,1,0.000000e+00,1,1,1,0
16qam,32,16,5.000000e-01,61515,dsp,248,bf_det_k16_l4_r1_c4_m3_w14g4_d64_s2_q2,60,31315,bf_det_k16_l4_r1_c4_m3_w14g4_d64_s2_q2,60,31315,1,1,0.000000e+00,1,1,1,0
16qam,32,16,5.000000e-01,61515,lut,249,bf_det_k16_l1_r4_c4_m3_w12g8_d32_s2_q2,30005,60448,bf_det_k16_l1_r4_c4_m3_w12g8_d32_s2_q2,30005,60448,1,1,0.000000e+00,1,1,1,0
16qam,32,16,5.000000e-01,61515,ff,250,bf_det_k16_l1_r4_c4_m3_w12g8_d32_s2_q2,18032,60448,bf_det_k16_l1_r4_c4_m3_w12g8_d32_s2_q2,18032,60448,1,1,0.000000e+00,1,1,1,0
16qam,32,16,5.000000e-01,61515,bram,251,bf_det_k16_l1_r16_c4_m4_w12g8_d32_s2_q2,37,54872,bf_det_k16_l1_r16_c4_m4_w12g8_d32_s2_q2,37,54872,1,1,0.000000e+00,1,1,1,0
16qam,32,16,5.000000e-01,93951,dsp,252,bf_det_k16_l1_r1_c4_m3_w14g4_d64_s2_q2,24,79035,bf_det_k16_l1_r1_c4_m3_w14g4_d64_s2_q2,24,79035,1,1,0.000000e+00,1,1,1,0
16qam,32,16,5.000000e-01,93951,lut,253,bf_det_k16_l1_r1_c4_m3_w12g8_d32_s2_q2,28207,81120,bf_det_k16_l1_r1_c4_m3_w12g8_d32_s2_q2,28207,81120,1,1,0.000000e+00,1,1,1,0
16qam,32,16,5.000000e-01,93951,ff,254,bf_det_k16_l1_r1_c4_m3_w12g8_d32_s2_q2,16081,81120,bf_det_k16_l1_r1_c4_m3_w12g8_d32_s2_q2,16081,81120,1,1,0.000000e+00,1,1,1,0
16qam,32,16,5.000000e-01,93951,bram,255,bf_det_k16_l1_r16_c4_m4_w12g8_d32_s2_q2,37,54872,bf_det_k16_l1_r16_c4_m4_w12g8_d32_s2_q2,37,54872,1,1,0.000000e+00,1,1,1,0
16qam,32,16,1.000000e+00,4847,dsp,224,bf_det_k16_l16_r16_c16_m3_w14g4_d64_s2_q2,960,4419,bf_det_k16_l16_r16_c16_m3_w14g4_d64_s2_q2,960,4419,1,1,0.000000e+00,1,1,1,0
16qam,32,16,1.000000e+00,4847,lut,225,bf_det_k16_l16_r16_c16_m3_w12g8_d32_s2_q2,126077,4568,bf_det_k16_l16_r16_c16_m3_w12g8_d32_s2_q2,126077,4568,1,1,0.000000e+00,1,1,1,0
16qam,32,16,1.000000e+00,4847,ff,226,bf_det_k16_l16_r16_c16_m3_w12g8_d32_s2_q2,87225,4568,bf_det_k16_l16_r16_c16_m3_w12g8_d32_s2_q2,87225,4568,1,1,0.000000e+00,1,1,1,0
16qam,32,16,1.000000e+00,4847,bram,227,bf_det_k16_l16_r16_c16_m4_w12g8_d32_s2_q2,59,4536,bf_det_k16_l16_r16_c16_m4_w12g8_d32_s2_q2,59,4536,1,1,0.000000e+00,1,1,1,0
16qam,32,16,1.000000e+00,7403,dsp,228,bf_det_k16_l16_r4_c16_m3_w14g4_d64_s2_q2,384,6363,bf_det_k16_l16_r4_c16_m3_w14g4_d64_s2_q2,384,6363,1,1,0.000000e+00,1,1,1,0
16qam,32,16,1.000000e+00,7403,lut,229,bf_det_k16_l16_r4_c16_m3_w12g8_d32_s2_q2,100570,6512,bf_det_k16_l16_r4_c16_m3_w12g8_d32_s2_q2,100570,6512,1,1,0.000000e+00,1,1,1,0
16qam,32,16,1.000000e+00,7403,ff,230,bf_det_k16_l16_r4_c16_m3_w12g8_d32_s2_q2,59967,6512,bf_det_k16_l16_r4_c16_m3_w12g8_d32_s2_q2,59967,6512,1,1,0.000000e+00,1,1,1,0
16qam,32,16,1.000000e+00,7403,bram,231,bf_det_k16_l16_r16_c16_m4_w12g8_d32_s2_q2,59,4536,bf_det_k16_l16_r16_c16_m4_w12g8_d32_s2_q2,59,4536,1,1,0.000000e+00,1,1,1,0
16qam,32,16,1.000000e+00,11306,dsp,232,bf_det_k16_l16_r4_c16_m3_w14g4_d64_s2_q2,384,6363,bf_det_k16_l16_r4_c16_m3_w14g4_d64_s2_q2,384,6363,1,1,0.000000e+00,1,1,1,0
16qam,32,16,1.000000e+00,11306,lut,233,bf_det_k16_l16_r4_c16_m3_w12g8_d32_s2_q2,100570,6512,bf_det_k16_l16_r4_c16_m3_w12g8_d32_s2_q2,100570,6512,1,1,0.000000e+00,1,1,1,0
16qam,32,16,1.000000e+00,11306,ff,234,bf_det_k16_l16_r4_c16_m3_w12g8_d32_s2_q2,59967,6512,bf_det_k16_l16_r4_c16_m3_w12g8_d32_s2_q2,59967,6512,1,1,0.000000e+00,1,1,1,0
16qam,32,16,1.000000e+00,11306,bram,235,bf_det_k16_l16_r16_c16_m4_w12g8_d32_s2_q2,59,4536,bf_det_k16_l16_r16_c16_m4_w12g8_d32_s2_q2,59,4536,1,1,0.000000e+00,1,1,1,0
16qam,32,16,1.000000e+00,17268,dsp,236,bf_det_k16_l16_r1_c16_m3_w14g4_d64_s2_q2,240,13779,bf_det_k16_l16_r1_c16_m3_w14g4_d64_s2_q2,240,13779,1,1,0.000000e+00,1,1,1,0
16qam,32,16,1.000000e+00,17268,lut,237,bf_det_k16_l4_r16_c4_m3_w12g8_d32_s2_q2,48984,16152,bf_det_k16_l4_r16_c4_m3_w12g8_d32_s2_q2,48984,16152,1,1,0.000000e+00,1,1,1,0
16qam,32,16,1.000000e+00,17268,ff,238,bf_det_k16_l4_r16_c4_m3_w12g8_d32_s2_q2,31160,16152,bf_det_k16_l4_r16_c4_m3_w12g8_d32_s2_q2,31160,16152,1,1,0.000000e+00,1,1,1,0
16qam,32,16,1.000000e+00,17268,bram,239,bf_det_k16_l16_r16_c16_m4_w12g8_d32_s2_q2,59,4536,bf_det_k16_l16_r16_c16_m4_w12g8_d32_s2_q2,59,4536,1,1,0.000000e+00,1,1,1,0
16qam,32,16,1.000000e+00,26372,dsp,240,bf_det_k16_l4_r4_c4_m3_w14g4_d64_s2_q2,96,20859,bf_det_k16_l4_r4_c4_m3_w14g4_d64_s2_q2,96,20859,1,1,0.000000e+00,1,1,1,0
16qam,32,16,1.000000e+00,26372,lut,241,bf_det_k16_l4_r4_c4_m3_w12g8_d32_s2_q2,42424,21408,bf_det_k16_l4_r4_c4_m3_w12g8_d32_s2_q2,42424,21408,1,1,0.000000e+00,1,1,1,0
16qam,32,16,1.000000e+00,26372,ff,242,bf_det_k16_l4_r4_c4_m3_w12g8_d32_s2_q2,24333,21408,bf_det_k16_l4_r4_c4_m3_w12g8_d32_s2_q2,24333,21408,1,1,0.000000e+00,1,1,1,0
16qam,32,16,1.000000e+00,26372,bram,243,bf_det_k16_l16_r16_c16_m4_w12g8_d32_s2_q2,59,4536,bf_det_k16_l16_r16_c16_m4_w12g8_d32_s2_q2,59,4536,1,1,0.000000e+00,1,1,1,0
16qam,32,16,1.000000e+00,40278,dsp,244,bf_det_k16_l4_r1_c4_m3_w14g4_d64_s2_q2,60,31315,bf_det_k16_l4_r1_c4_m3_w14g4_d64_s2_q2,60,31315,1,1,0.000000e+00,1,1,1,0
16qam,32,16,1.000000e+00,40278,lut,245,bf_det_k16_l4_r1_c4_m3_w12g8_d32_s2_q2,41151,31864,bf_det_k16_l4_r1_c4_m3_w12g8_d32_s2_q2,41151,31864,1,1,0.000000e+00,1,1,1,0
16qam,32,16,1.000000e+00,40278,ff,246,bf_det_k16_l4_r1_c4_m3_w12g8_d32_s2_q2,23100,31864,bf_det_k16_l4_r1_c4_m3_w12g8_d32_s2_q2,23100,31864,1,1,0.000000e+00,1,1,1,0
16qam,32,16,1.000000e+00,40278,bram,247,bf_det_k16_l16_r16_c16_m4_w12g8_d32_s2_q2,59,4536,bf_det_k16_l16_r16_c16_m4_w12g8_d32_s2_q2,59,4536,1,1,0.000000e+00,1,1,1,0
16qam,32,16,1.000000e+00,61515,dsp,248,bf_det_k16_l4_r1_c4_m3_w14g4_d64_s2_q2,60,31315,bf_det_k16_l4_r1_c4_m3_w14g4_d64_s2_q2,60,31315,1,1,0.000000e+00,1,1,1,0
16qam,32,16,1.000000e+00,61515,lut,249,bf_det_k16_l1_r4_c4_m3_w12g8_d32_s2_q2,30005,60448,bf_det_k16_l1_r4_c4_m3_w12g8_d32_s2_q2,30005,60448,1,1,0.000000e+00,1,1,1,0
16qam,32,16,1.000000e+00,61515,ff,250,bf_det_k16_l1_r4_c4_m3_w12g8_d32_s2_q2,18032,60448,bf_det_k16_l1_r4_c4_m3_w12g8_d32_s2_q2,18032,60448,1,1,0.000000e+00,1,1,1,0
16qam,32,16,1.000000e+00,61515,bram,251,bf_det_k16_l1_r16_c4_m4_w12g8_d32_s2_q2,37,54872,bf_det_k16_l1_r16_c4_m4_w12g8_d32_s2_q2,37,54872,1,1,0.000000e+00,1,1,1,0
16qam,32,16,1.000000e+00,93951,dsp,252,bf_det_k16_l1_r1_c4_m3_w14g4_d64_s2_q2,24,79035,bf_det_k16_l1_r1_c4_m3_w14g4_d64_s2_q2,24,79035,1,1,0.000000e+00,1,1,1,0
16qam,32,16,1.000000e+00,93951,lut,253,bf_det_k16_l1_r1_c4_m3_w12g8_d32_s2_q2,28207,81120,bf_det_k16_l1_r1_c4_m3_w12g8_d32_s2_q2,28207,81120,1,1,0.000000e+00,1,1,1,0
16qam,32,16,1.000000e+00,93951,ff,254,bf_det_k16_l1_r1_c4_m3_w12g8_d32_s2_q2,16081,81120,bf_det_k16_l1_r1_c4_m3_w12g8_d32_s2_q2,16081,81120,1,1,0.000000e+00,1,1,1,0
16qam,32,16,1.000000e+00,93951,bram,255,bf_det_k16_l1_r16_c4_m4_w12g8_d32_s2_q2,37,54872,bf_det_k16_l1_r16_c4_m4_w12g8_d32_s2_q2,37,54872,1,1,0.000000e+00,1,1,1,0
16qam,64,4,2.500000e-01,1115,dsp,32,bf_det_k4_l16_r4_c16_m4_w10g8_d64_s2_q2,208,1062,bf_det_k4_l16_r4_c16_m4_w10g8_d64_s2_q2,208,1062,1,1,0.000000e+00,1,1,1,0
16qam,64,4,2.500000e-01,1115,lut,33,bf_det_k4_l16_r4_c16_m3_w12g4_d32_s2_q2,82468,1034,bf_det_k4_l16_r4_c16_m3_w12g4_d32_s2_q2,82468,1034,1,1,0.000000e+00,1,1,1,0
16qam,64,4,2.500000e-01,1115,ff,34,bf_det_k4_l16_r4_c16_m3_w10g8_d32_s2_q2,46202,1079,bf_det_k4_l16_r4_c16_m3_w10g8_d32_s2_q2,46202,1079,1,1,0.000000e+00,1,1,1,0
16qam,64,4,2.500000e-01,1115,bram,35,bf_det_k4_l16_r4_c16_m4_w10g8_d32_s2_q2,40,1067,bf_det_k4_l16_r4_c16_m4_w10g8_d32_s2_q2,40,1067,1,1,0.000000e+00,1,1,1,0
16qam,64,4,2.500000e-01,1647,dsp,36,bf_det_k4_l16_r1_c16_m4_w10g8_d64_s2_q2,112,1512,bf_det_k4_l16_r1_c16_m4_w10g8_d64_s2_q2,112,1512,1,1,0.000000e+00,1,1,1,0
16qam,64,4,2.500000e-01,1647,lut,37,bf_det_k4_l16_r1_c16_m3_w12g4_d32_s2_q2,75948,1520,bf_det_k4_l16_r1_c16_m3_w12g4_d32_s2_q2,75948,1520,1,1,0.000000e+00,1,1,1,0
16qam,64,4,2.500000e-01,1647,ff,38,bf_det_k4_l16_r1_c16_m3_w12g4_d32_s2_q2,42649,1520,bf_det_k4_l16_r1_c16_m3_w10g8_d32_s2_q2,40560,1565,1,1,5.150000e+00,1,0,0,0
16qam,64,4,2.500000e-01,1647,bram,39,bf_det_k4_l16_r4_c16_m4_w10g8_d32_s2_q2,40,1067,bf_det_k4_l16_r4_c16_m4_w10g8_d32_s2_q2,40,1067,1,1,0.000000e+00,1,1,1,0
16qam,64,4,2.500000e-01,2433,dsp,40,bf_det_k4_l16_r1_c16_m4_w10g8_d64_s2_q2,112,1512,bf_det_k4_l16_r1_c16_m4_w10g8_d64_s2_q2,112,1512,1,1,0.000000e+00,1,1,1,0
16qam,64,4,2.500000e-01,2433,lut,41,bf_det_k4_l16_r1_c16_m3_w12g4_d32_s2_q2,75948,1520,bf_det_k4_l16_r1_c16_m3_w12g4_d32_s2_q2,75948,1520,1,1,0.000000e+00,1,1,1,0
16qam,64,4,2.500000e-01,2433,ff,42,bf_det_k4_l16_r1_c16_m3_w12g4_d32_s2_q2,42649,1520,bf_det_k4_l16_r1_c16_m3_w10g8_d32_s2_q2,40560,1565,1,1,5.150000e+00,1,0,0,0
16qam,64,4,2.500000e-01,2433,bram,43,bf_det_k4_l16_r4_c16_m4_w10g8_d32_s2_q2,40,1067,bf_det_k4_l16_r4_c16_m4_w10g8_d32_s2_q2,40,1067,1,1,0.000000e+00,1,1,1,0
16qam,64,4,2.500000e-01,3593,dsp,44,bf_det_k4_l4_r4_c4_m4_w10g8_d64_s2_q2,52,3450,bf_det_k4_l4_r4_c4_m4_w10g8_d64_s2_q2,52,3450,1,1,0.000000e+00,1,1,1,0
16qam,64,4,2.500000e-01,3593,lut,45,bf_det_k4_l4_r1_c4_m4_w12g4_d32_s2_q2,26748,3479,bf_det_k4_l4_r1_c4_m3_w12g4_d32_s2_q2,26676,3482,1,1,2.700000e-01,1,0,0,0
16qam,64,4,2.500000e-01,3593,ff,46,bf_det_k4_l4_r1_c4_m4_w12g4_d32_s2_q2,15637,3479,bf_det_k4_l4_r1_c4_m3_w12g4_d32_s2_q2,15454,3482,1,1,1.184000e+00,1,0,0,0
16qam,64,4,2.500000e-01,3593,bram,47,bf_det_k4_l4_r4_c4_m4_w12g4_d32_s2_q2,16,3302,bf_det_k4_l4_r4_c4_m4_w12g4_d32_s2_q2,16,3302,1,1,0.000000e+00,1,1,1,0
16qam,64,4,2.500000e-01,5306,dsp,48,bf_det_k4_l4_r1_c4_m4_w10g8_d64_s2_q2,28,3627,bf_det_k4_l4_r1_c4_m4_w10g8_d64_s2_q2,28,3627,1,1,0.000000e+00,1,1,1,0
16qam,64,4,2.500000e-01,5306,lut,49,bf_det_k4_l4_r1_c4_m3_w12g4_d32_s2_q2,26676,3482,bf_det_k4_l4_r1_c4_m3_w12g4_d32_s2_q2,26676,3482,1,1,0.000000e+00,1,1,1,0
16qam,64,4,2.500000e-01,5306,ff,50,bf_det_k4_l4_r1_c4_m3_w12g4_d32_s2_q2,15454,3482,bf_det_k4_l4_r1_c4_m3_w10g8_d32_s2_q2,14842,3635,1,1,4.123000e+00,1,0,0,0
16qam,64,4,2.500000e-01,5306,bram,51,bf_det_k4_l4_r4_c4_m4_w12g4_d32_s2_q2,16,3302,bf_det_k4_l4_r4_c4_m4_w12g4_d32_s2_q2,16,3302,1,1,0.000000e+00,1,1,1,0
16qam,64,4,2.500000e-01,7837,dsp,52,bf_det_k4_l4_r1_c4_m4_w10g8_d64_s2_q2,28,3627,bf_det_k4_l4_r1_c4_m4_w10g8_d64_s2_q2,28,3627,1,1,0.000000e+00,1,1,1,0
16qam,64,4,2.500000e-01,7837,lut,53,bf_det_k4_l4_r1_c4_m3_w12g4_d32_s2_q2,26676,3482,bf_det_k4_l4_r1_c4_m3_w12g4_d32_s2_q2,26676,3482,1,1,0.000000e+00,1,1,1,0
16qam,64,4,2.500000e-01,7837,ff,54,bf_det_k4_l4_r1_c4_m3_w12g4_d32_s2_q2,15454,3482,bf_det_k4_l4_r1_c4_m3_w10g8_d32_s2_q2,14842,3635,1,1,4.123000e+00,1,0,0,0
16qam,64,4,2.500000e-01,7837,bram,55,bf_det_k4_l4_r4_c4_m4_w12g4_d32_s2_q2,16,3302,bf_det_k4_l4_r4_c4_m4_w12g4_d32_s2_q2,16,3302,1,1,0.000000e+00,1,1,1,0
16qam,64,4,2.500000e-01,11575,dsp,56,bf_det_k4_l4_r1_c4_m4_w10g8_d64_s2_q2,28,3627,bf_det_k4_l4_r1_c4_m4_w10g8_d64_s2_q2,28,3627,1,1,0.000000e+00,1,1,1,0
16qam,64,4,2.500000e-01,11575,lut,57,bf_det_k4_l1_r4_c4_m3_w12g4_d32_s2_q2,16277,11654,bf_det_k4_l1_r4_c4_m3_w16g0_d32_s2_q2,17353,11461,1,1,-6.201000e+00,1,0,0,0
16qam,64,4,2.500000e-01,11575,ff,58,bf_det_k4_l1_r4_c4_m3_w12g4_d32_s2_q2,10798,11654,bf_det_k4_l1_r4_c4_m3_w16g0_d32_s2_q2,11931,11461,1,1,-9.496000e+00,1,0,0,0
16qam,64,4,2.500000e-01,11575,bram,59,bf_det_k4_l1_r4_c4_m4_w12g4_d32_s2_q2,14,11606,bf_det_k4_l4_r4_c4_m4_w12g4_d32_s2_q2,16,3302,1,1,-1.250000e+01,1,0,0,0
16qam,64,4,2.500000e-01,17096,dsp,60,bf_det_k4_l1_r1_c4_m4_w10g8_d64_s2_q2,13,13125,bf_det_k4_l1_r1_c4_m4_w10g8_d64_s2_q2,13,13125,1,1,0.000000e+00,1,1,1,0
16qam,64,4,2.500000e-01,17096,lut,61,bf_det_k4_l1_r1_c4_m3_w12g4_d32_s2_q2,14622,12737,bf_det_k4_l1_r1_c4_m3_w12g4_d32_s2_q2,14622,12737,1,1,0.000000e+00,1,1,1,0
16qam,64,4,2.500000e-01,17096,ff,62,bf_det_k4_l1_r1_c4_m3_w10g8_d32_s2_q2,8744,13322,bf_det_k4_l1_r1_c4_m3_w10g8_d32_s2_q2,8744,13322,1,1,0.000000e+00,1,1,1,0
16qam,64,4,2.500000e-01,17096,bram,63,bf_det_k4_l1_r4_c4_m4_w12g4_d32_s2_q2,14,11606,bf_det_k4_l1_r4_c4_m4_w12g4_d32_s2_q2,14,11606,1,1,0.000000e+00,1,1,1,0
16qam,64,4,5.000000e-01,753,dsp,256,bf_det_k4_l16_r4_c16_m4_w10g8_d64_s2_q2,208,717,bf_det_k4_l16_r4_c16_m4_w10g8_d64_s2_q2,208,717,1,1,0.000000e+00,1,1,1,0
16qam,64,4,5.000000e-01,753,lut,257,bf_det_k4_l16_r4_c16_m3_w12g4_d32_s2_q2,82468,700,bf_det_k4_l16_r4_c16_m3_w12g4_d32_s2_q2,82468,700,1,1,0.000000e+00,1,1,1,0
16qam,64,4,5.000000e-01,753,ff,258,bf_det_k4_l16_r4_c16_m3_w10g8_d32_s2_q2,46202,730,bf_det_k4_l16_r4_c16_m3_w10g8_d32_s2_q2,46202,730,1,1,0.000000e+00,1,1,1,0
16qam,64,4,5.000000e-01,753,bram,259,bf_det_k4_l16_r4_c16_m4_w10g8_d32_s2_q2,40,722,bf_det_k4_l16_r4_c16_m4_w10g8_d32_s2_q2,40,722,1,1,0.000000e+00,1,1,1,0
16qam,64,4,5.000000e-01,1178,dsp,260,bf_det_k4_l16_r1_c16_m4_w10g8_d64_s2_q2,112,1017,bf_det_k4_l16_r1_c16_m4_w10g8_d64_s2_q2,112,1017,1,1,0.000000e+00,1,1,1,0
16qam,64,4,5.000000e-01,1178,lut,261,bf_det_k4_l16_r1_c16_m3_w12g4_d32_s2_q2,75948,1024,bf_det_k4_l16_r1_c16_m3_w12g4_d32_s2_q2,75948,1024,1,1,0.000000e+00,1,1,1,0
16qam,64,4,5.000000e-01,1178,ff,262,bf_det_k4_l16_r1_c16_m3_w12g4_d32_s2_q2,42649,1024,bf_det_k4_l16_r1_c16_m3_w10g8_d32_s2_q2,40560,1054,1,1,5.150000e+00,1,0,0,0
16qam,64,4,5.000000e-01,1178,bram,263,bf_det_k4_l16_r4_c16_m4_w10g8_d32_s2_q2,40,722,bf_det_k4_l16_r4_c16_m4_w10g8_d32_s2_q2,40,722,1,1,0.000000e+00,1,1,1,0
16qam,64,4,5.000000e-01,1843,dsp,264,bf_det_k4_l16_r1_c16_m4_w10g8_d64_s2_q2,112,1017,bf_det_k4_l16_r1_c16_m4_w10g8_d64_s2_q2,112,1017,1,1,0.000000e+00,1,1,1,0
16qam,64,4,5.000000e-01,1843,lut,265,bf_det_k4_l16_r1_c16_m3_w12g4_d32_s2_q2,75948,1024,bf_det_k4_l16_r1_c16_m3_w12g4_d32_s2_q2,75948,1024,1,1,0.000000e+00,1,1,1,0
16qam,64,4,5.000000e-01,1843,ff,266,bf_det_k4_l16_r1_c16_m3_w12g4_d32_s2_q2,42649,1024,bf_det_k4_l16_r1_c16_m3_w10g8_d32_s2_q2,40560,1054,1,1,5.150000e+00,1,0,0,0
16qam,64,4,5.000000e-01,1843,bram,267,bf_det_k4_l16_r4_c16_m4_w10g8_d32_s2_q2,40,722,bf_det_k4_l16_r4_c16_m4_w10g8_d32_s2_q2,40,722,1,1,0.000000e+00,1,1,1,0
16qam,64,4,5.000000e-01,2883,dsp,268,bf_det_k4_l4_r1_c4_m4_w10g8_d64_s2_q2,28,2443,bf_det_k4_l4_r1_c4_m4_w10g8_d64_s2_q2,28,2443,1,1,0.000000e+00,1,1,1,0
16qam,64,4,5.000000e-01,2883,lut,269,bf_det_k4_l4_r1_c4_m3_w12g4_d32_s2_q2,26676,2348,bf_det_k4_l4_r1_c4_m3_w12g4_d32_s2_q2,26676,2348,1,1,0.000000e+00,1,1,1,0
16qam,64,4,5.000000e-01,2883,ff,270,bf_det_k4_l4_r1_c4_m3_w12g4_d32_s2_q2,15454,2348,bf_det_k4_l4_r1_c4_m3_w10g8_d32_s2_q2,14842,2450,1,1,4.123000e+00,1,0,0,0
16qam,64,4,5.000000e-01,2883,bram,271,bf_det_k4_l4_r4_c4_m4_w12g4_d32_s2_q2,16,2228,bf_det_k4_l4_r4_c4_m4_w12g4_d32_s2_q2,16,2228,1,1,0.000000e+00,1,1,1,0
16qam,64,4,5.000000e-01,4510,dsp,272,bf_det_k4_l4_r1_c4_m4_w10g8_d64_s2_q2,28,2443,bf_det_k4_l4_r1_c4_m4_w10g8_d64_s2_q2,28,2443,1,1,0.000000e+00,1,1,1,0
16qam,64,4,5.000000e-01,4510,lut,273,bf_det_k4_l4_r1_c4_m3_w12g4_d32_s2_q2,26676,2348,bf_det_k4_l4_r1_c4_m3_w12g4_d32_s2_q2,26676,2348,1,1,0.000000e+00,1,1,1,0
16qam,64,4,5.000000e-01,4510,ff,274,bf_det_k4_l4_r1_c4_m3_w12g4_d32_s2_q2,15454,2348,bf_det_k4_l4_r1_c4_m3_w10g8_d32_s2_q2,14842,2450,1,1,4.123000e+00,1,0,0,0
16qam,64,4,5.000000e-01,4510,bram,275,bf_det_k4_l4_r4_c4_m4_w12g4_d32_s2_q2,16,2228,bf_det_k4_l4_r4_c4_m4_w12g4_d32_s2_q2,16,2228,1,1,0.000000e+00,1,1,1,0
16qam,64,4,5.000000e-01,7054,dsp,276,bf_det_k4_l4_r1_c4_m4_w10g8_d64_s2_q2,28,2443,bf_det_k4_l4_r1_c4_m4_w10g8_d64_s2_q2,28,2443,1,1,0.000000e+00,1,1,1,0
16qam,64,4,5.000000e-01,7054,lut,277,bf_det_k4_l4_r1_c4_m3_w12g4_d32_s2_q2,26676,2348,bf_det_k4_l4_r1_c4_m3_w12g4_d32_s2_q2,26676,2348,1,1,0.000000e+00,1,1,1,0
16qam,64,4,5.000000e-01,7054,ff,278,bf_det_k4_l4_r1_c4_m3_w12g4_d32_s2_q2,15454,2348,bf_det_k4_l4_r1_c4_m3_w10g8_d32_s2_q2,14842,2450,1,1,4.123000e+00,1,0,0,0
16qam,64,4,5.000000e-01,7054,bram,279,bf_det_k4_l4_r4_c4_m4_w12g4_d32_s2_q2,16,2228,bf_det_k4_l4_r4_c4_m4_w12g4_d32_s2_q2,16,2228,1,1,0.000000e+00,1,1,1,0
16qam,64,4,5.000000e-01,11035,dsp,280,bf_det_k4_l1_r1_c4_m4_w10g8_d64_s2_q2,13,8839,bf_det_k4_l1_r1_c4_m4_w10g8_d64_s2_q2,13,8839,1,1,0.000000e+00,1,1,1,0
16qam,64,4,5.000000e-01,11035,lut,281,bf_det_k4_l1_r1_c4_m3_w12g4_d32_s2_q2,14622,8582,bf_det_k4_l1_r1_c4_m3_w12g4_d32_s2_q2,14622,8582,1,1,0.000000e+00,1,1,1,0
16qam,64,4,5.000000e-01,11035,ff,282,bf_det_k4_l1_r1_c4_m3_w10g8_d32_s2_q2,8744,8972,bf_det_k4_l1_r1_c4_m3_w10g8_d32_s2_q2,8744,8972,1,1,0.000000e+00,1,1,1,0
16qam,64,4,5.000000e-01,11035,bram,283,bf_det_k4_l1_r4_c4_m4_w12g4_d32_s2_q2,14,7828,bf_det_k4_l1_r4_c4_m4_w12g4_d32_s2_q2,14,7828,1,1,0.000000e+00,1,1,1,0
16qam,64,4,5.000000e-01,17262,dsp,284,bf_det_k4_l1_r1_c4_m4_w10g8_d64_s2_q2,13,8839,bf_det_k4_l1_r1_c4_m4_w10g8_d64_s2_q2,13,8839,1,1,0.000000e+00,1,1,1,0
16qam,64,4,5.000000e-01,17262,lut,285,bf_det_k4_l1_r1_c4_m3_w12g4_d32_s2_q2,14622,8582,bf_det_k4_l1_r1_c4_m3_w12g4_d32_s2_q2,14622,8582,1,1,0.000000e+00,1,1,1,0
16qam,64,4,5.000000e-01,17262,ff,286,bf_det_k4_l1_r1_c4_m3_w10g8_d32_s2_q2,8744,8972,bf_det_k4_l1_r1_c4_m3_w10g8_d32_s2_q2,8744,8972,1,1,0.000000e+00,1,1,1,0
16qam,64,4,5.000000e-01,17262,bram,287,bf_det_k4_l1_r4_c4_m4_w12g4_d32_s2_q2,14,7828,bf_det_k4_l1_r4_c4_m4_w12g4_d32_s2_q2,14,7828,1,1,0.000000e+00,1,1,1,0
16qam,64,4,1.000000e+00,710,dsp,288,bf_det_k4_l16_r4_c16_m4_w10g4_d64_s2_q2,208,647,bf_det_k4_l16_r4_c16_m4_w10g4_d64_s2_q2,208,647,1,1,0.000000e+00,1,1,1,0
16qam,64,4,1.000000e+00,710,lut,289,bf_det_k4_l16_r4_c16_m3_w12g4_d32_s2_q2,82468,700,bf_det_k4_l16_r4_c16_m3_w12g4_d32_s2_q2,82468,700,1,1,0.000000e+00,1,1,1,0
16qam,64,4,1.000000e+00,710,ff,290,bf_det_k4_l16_r4_c16_m3_w10g4_d32_s2_q2,43173,660,bf_det_k4_l16_r4_c16_m3_w10g4_d32_s2_q2,43173,660,1,1,0.000000e+00,1,1,1,0
16qam,64,4,1.000000e+00,710,bram,291,bf_det_k4_l16_r4_c16_m4_w10g4_d32_s2_q2,40,652,bf_det_k4_l16_r4_c16_m4_w10g4_d32_s2_q2,40,652,1,1,0.000000e+00,1,1,1,0
16qam,64,4,1.000000e+00,1057,dsp,292,bf_det_k4_l16_r1_c16_m4_w10g4_d64_s2_q2,112,947,bf_det_k4_l16_r1_c16_m4_w10g4_d64_s2_q2,112,947,1,1,0.000000e+00,1,1,1,0
16qam,64,4,1.000000e+00,1057,lut,293,bf_det_k4_l16_r1_c16_m3_w12g4_d32_s2_q2,75948,1024,bf_det_k4_l16_r1_c16_m3_w12g4_d32_s2_q2,75948,1024,1,1,0.000000e+00,1,1,1,0
16qam,64,4,1.000000e+00,1057,ff,294,bf_det_k4_l16_r1_c16_m3_w10g4_d32_s2_q2,37531,984,bf_det_k4_l16_r1_c16_m3_w10g4_d32_s2_q2,37531,984,1,1,0.000000e+00,1,1,1,0
16qam,64,4,1.000000e+00,1057,bram,295,bf_det_k4_l16_r4_c16_m4_w10g4_d32_s2_q2,40,652,bf_det_k4_l16_r4_c16_m4_w10g4_d32_s2_q2,40,652,1,1,0.000000e+00,1,1,1,0
16qam,64,4,1.000000e+00,1573,dsp,296,bf_det_k4_l16_r1_c16_m4_w10g4_d64_s2_q2,112,947,bf_det_k4_l16_r1_c16_m4_w10g4_d64_s2_q2,112,947,1,1,0.000000e+00,1,1,1,0
16qam,64,4,1.000000e+00,1573,lut,297,bf_det_k4_l16_r1_c16_m3_w12g4_d32_s2_q2,75948,1024,bf_det_k4_l16_r1_c16_m3_w12g4_d32_s2_q2,75948,1024,1,1,0.000000e+00,1,1,1,0
16qam,64,4,1.000000e+00,1573,ff,298,bf_det_k4_l16_r1_c16_m3_w10g4_d32_s2_q2,37531,984,bf_det_k4_l16_r1_c16_m3_w10g4_d32_s2_q2,37531,984,1,1,0.000000e+00,1,1,1,0
16qam,64,4,1.000000e+00,1573,bram,299,bf_det_k4_l16_r4_c16_m4_w10g4_d32_s2_q2,40,652,bf_det_k4_l16_r4_c16_m4_w10g4_d32_s2_q2,40,652,1,1,0.000000e+00,1,1,1,0
16qam,64,4,1.000000e+00,2341,dsp,300,bf_det_k4_l4_r1_c4_m4_w10g4_d64_s2_q2,28,2205,bf_det_k4_l4_r1_c4_m4_w10g4_d64_s2_q2,28,2205,1,1,0.000000e+00,1,1,1,0
16qam,64,4,1.000000e+00,2341,lut,301,bf_det_k4_l4_r1_c4_m4_w12g4_d32_s2_q2,26748,2346,bf_det_k4_l4_r1_c4_m3_w10g4_d32_s2_q2,26371,2212,1,1,1.430000e+00,1,0,0,0
16qam,64,4,1.000000e+00,2341,ff,302,bf_det_k4_l4_r1_c4_m4_w10g4_d32_s2_q2,14234,2210,bf_det_k4_l4_r1_c4_m3_w10g4_d32_s2_q2,14069,2212,1,1,1.173000e+00,1,0,0,0
16qam,64,4,1.000000e+00,2341,bram,303,bf_det_k4_l4_r4_c4_m4_w10g4_d32_s2_q2,16,2092,bf_det_k4_l4_r4_c4_m4_w10g4_d32_s2_q2,16,2092,1,1,0.000000e+00,1,1,1,0
16qam,64,4,1.000000e+00,3485,dsp,304,bf_det_k4_l4_r1_c4_m4_w10g4_d64_s2_q2,28,2205,bf_det_k4_l4_r1_c4_m4_w10g4_d64_s2_q2,28,2205,1,1,0.000000e+00,1,1,1,0
16qam,64,4,1.000000e+00,3485,lut,305,bf_det_k4_l4_r1_c4_m3_w12g4_d32_s2_q2,26676,2348,bf_det_k4_l4_r1_c4_m3_w10g4_d32_s2_q2,26371,2212,1,1,1.157000e+00,1,0,0,0
16qam,64,4,1.000000e+00,3485,ff,306,bf_det_k4_l4_r1_c4_m3_w10g4_d32_s2_q2,14069,2212,bf_det_k4_l4_r1_c4_m3_w10g4_d32_s2_q2,14069,2212,1,1,0.000000e+00,1,1,1,0
16qam,64,4,1.000000e+00,3485,bram,307,bf_det_k4_l4_r4_c4_m4_w10g4_d32_s2_q2,16,2092,bf_det_k4_l4_r4_c4_m4_w10g4_d32_s2_q2,16,2092,1,1,0.000000e+00,1,1,1,0
16qam,64,4,1.000000e+00,5188,dsp,308,bf_det_k4_l4_r1_c4_m4_w10g4_d64_s2_q2,28,2205,bf_det_k4_l4_r1_c4_m4_w10g4_d64_s2_q2,28,2205,1,1,0.000000e+00,1,1,1,0
16qam,64,4,1.000000e+00,5188,lut,309,bf_det_k4_l4_r1_c4_m3_w12g4_d32_s2_q2,26676,2348,bf_det_k4_l4_r1_c4_m3_w10g4_d32_s2_q2,26371,2212,1,1,1.157000e+00,1,0,0,0
16qam,64,4,1.000000e+00,5188,ff,310,bf_det_k4_l4_r1_c4_m3_w10g4_d32_s2_q2,14069,2212,bf_det_k4_l4_r1_c4_m3_w10g4_d32_s2_q2,14069,2212,1,1,0.000000e+00,1,1,1,0
16qam,64,4,1.000000e+00,5188,bram,311,bf_det_k4_l4_r4_c4_m4_w10g4_d32_s2_q2,16,2092,bf_det_k4_l4_r4_c4_m4_w10g4_d32_s2_q2,16,2092,1,1,0.000000e+00,1,1,1,0
16qam,64,4,1.000000e+00,7723,dsp,312,bf_det_k4_l4_r1_c4_m4_w10g4_d64_s2_q2,28,2205,bf_det_k4_l4_r1_c4_m4_w10g4_d64_s2_q2,28,2205,1,1,0.000000e+00,1,1,1,0
16qam,64,4,1.000000e+00,7723,lut,313,bf_det_k4_l1_r4_c4_m3_w10g4_d32_s2_q2,15882,7340,bf_det_k4_l1_r4_c4_m3_w10g4_d32_s2_q2,15882,7340,1,1,0.000000e+00,1,1,1,0
16qam,64,4,1.000000e+00,7723,ff,314,bf_det_k4_l1_r4_c4_m3_w10g4_d32_s2_q2,10119,7340,bf_det_k4_l1_r4_c4_m3_w10g4_d32_s2_q2,10119,7340,1,1,0.000000e+00,1,1,1,0
16qam,64,4,1.000000e+00,7723,bram,315,bf_det_k4_l1_r4_c4_m4_w10g4_d32_s2_q2,14,7308,bf_det_k4_l1_r4_c4_m4_w10g4_d32_s2_q2,14,7308,1,1,0.000000e+00,1,1,1,0
16qam,64,4,1.000000e+00,11497,dsp,316,bf_det_k4_l1_r1_c4_m4_w10g4_d64_s2_q2,13,7929,bf_det_k4_l1_r1_c4_m4_w10g4_d64_s2_q2,13,7929,1,1,0.000000e+00,1,1,1,0
16qam,64,4,1.000000e+00,11497,lut,317,bf_det_k4_l1_r1_c4_m3_w10g4_d32_s2_q2,14329,8062,bf_det_k4_l1_r1_c4_m3_w10g4_d32_s2_q2,14329,8062,1,1,0.000000e+00,1,1,1,0
16qam,64,4,1.000000e+00,11497,ff,318,bf_det_k4_l1_r1_c4_m3_w10g4_d32_s2_q2,8535,8062,bf_det_k4_l1_r1_c4_m3_w10g4_d32_s2_q2,8535,8062,1,1,0.000000e+00,1,1,1,0
16qam,64,4,1.000000e+00,11497,bram,319,bf_det_k4_l1_r4_c4_m4_w10g4_d32_s2_q2,14,7308,bf_det_k4_l1_r4_c4_m4_w10g4_d32_s2_q2,14,7308,1,1,0.000000e+00,1,1,1,0
16qam,64,8,2.500000e-01,1345,dsp,320,bf_det_k8_l16_r8_c16_m3_w12g4_d64_s2_q2,576,1237,bf_det_k8_l16_r8_c16_m3_w16g0_d64_s2_q2,576,1230,1,1,0.000000e+00,1,0,1,0
16qam,64,8,2.500000e-01,1345,lut,321,bf_det_k8_l16_r8_c16_m3_w12g4_d32_s2_q2,95533,1242,bf_det_k8_l16_r8_c16_m3_w12g4_d32_s2_q2,95533,1242,1,1,0.000000e+00,1,1,1,0
16qam,64,8,2.500000e-01,1345,ff,322,bf_det_k8_l16_r8_c16_m3_w12g4_d32_s2_q2,60145,1242,bf_det_k8_l16_r8_c16_m3_w12g4_d32_s2_q2,60145,1242,1,1,0.000000e+00,1,1,1,0
16qam,64,8,2.500000e-01,1345,bram,323,bf_det_k8_l16_r8_c16_m4_w12g4_d32_s2_q2,54,1230,bf_det_k8_l16_r8_c16_m4_w12g4_d32_s2_q2,54,1230,1,1,0.000000e+00,1,1,1,0
16qam,64,8,2.500000e-01,2060,dsp,324,bf_det_k8_l16_r4_c16_m4_w10g8_d64_s2_q2,208,1931,bf_det_k8_l16_r4_c16_m4_w10g8_d64_s2_q2,208,1931,1,1,0.000000e+00,1,1,1,0
16qam,64,8,2.500000e-01,2060,lut,325,bf_det_k8_l16_r4_c16_m3_w12g4_d32_s2_q2,86970,1443,bf_det_k8_l16_r4_c16_m3_w12g4_d32_s2_q2,86970,1443,1,1,0.000000e+00,1,1,1,0
16qam,64,8,2.500000e-01,2060,ff,326,bf_det_k8_l16_r4_c16_m3_w10g8_d32_s2_q2,47707,1968,bf_det_k8_l16_r4_c16_m3_w10g8_d32_s2_q2,47707,1968,1,1,0.000000e+00,1,1,1,0
16qam,64,8,2.500000e-01,2060,bram,327,bf_det_k8_l16_r8_c16_m4_w10g8_d32_s2_q2,45,1684,bf_det_k8_l16_r8_c16_m4_w10g8_d32_s2_q2,45,1684,1,1,0.000000e+00,1,1,1,0
16qam,64,8,2.500000e-01,3154,dsp,328,bf_det_k8_l16_r4_c16_m4_w10g8_d64_s2_q2,208,1931,bf_det_k8_l16_r4_c16_m4_w10g8_d64_s2_q2,208,1931,1,1,0.000000e+00,1,1,1,0
16qam,64,8,2.500000e-01,3154,lut,329,bf_det_k8_l16_r1_c16_m3_w12g4_d32_s2_q2,80269,2544,bf_det_k8_l16_r1_c16_m3_w12g4_d32_s2_q2,80269,2544,1,1,0.000000e+00,1,1,1,0
16qam,64,8,2.500000e-01,3154,ff,330,bf_det_k8_l16_r1_c16_m3_w12g4_d32_s2_q2,44390,2544,bf_det_k8_l16_r1_c16_m3_w12g4_d32_s2_q2,44390,2544,1,1,0.000000e+00,1,1,1,0
16qam,64,8,2.500000e-01,3154,bram,331,bf_det_k8_l16_r8_c16_m4_w10g8_d32_s2_q2,45,1684,bf_det_k8_l16_r8_c16_m4_w10g8_d32_s2_q2,45,1684,1,1,0.000000e+00,1,1,1,0
16qam,64,8,2.500000e-01,4831,dsp,332,bf_det_k8_l4_r4_c4_m3_w12g4_d64_s2_q2,96,4648,bf_det_k8_l4_r4_c4_m3_w16g0_d64_s2_q2,96,4623,1,1,0.000000e+00,1,0,1,0
16qam,64,8,2.500000e-01,4831,lut,333,bf_det_k8_l4_r4_c4_m3_w12g4_d32_s2_q2,31945,4653,bf_det_k8_l4_r4_c4_m3_w12g4_d32_s2_q2,31945,4653,1,1,0.000000e+00,1,1,1,0
16qam,64,8,2.500000e-01,4831,ff,334,bf_det_k8_l4_r4_c4_m3_w12g4_d32_s2_q2,18457,4653,bf_det_k8_l4_r4_c4_m3_w12g4_d32_s2_q2,18457,4653,1,1,0.000000e+00,1,1,1,0
16qam,64,8,2.500000e-01,4831,bram,335,bf_det_k8_l4_r8_c4_m4_w12g4_d32_s2_q2,22,4134,bf_det_k8_l4_r8_c4_m4_w12g4_d32_s2_q2,22,4134,1,1,0.000000e+00,1,1,1,0
16qam,64,8,2.500000e-01,7399,dsp,336,bf_det_k8_l4_r4_c4_m4_w10g8_d64_s2_q2,52,6227,bf_det_k8_l4_r4_c4_m4_w10g8_d64_s2_q2,52,6227,1,1,0.000000e+00,1,1,1,0
16qam,64,8,2.500000e-01,7399,lut,337,bf_det_k8_l4_r1_c4_m3_w12g4_d32_s2_q2,30692,5466,bf_det_k8_l4_r1_c4_m3_w12g4_d32_s2_q2,30692,5466,1,1,0.000000e+00,1,1,1,0
16qam,64,8,2.500000e-01,7399,ff,338,bf_det_k8_l4_r1_c4_m3_w12g4_d32_s2_q2,17239,5466,bf_det_k8_l4_r4_c4_m3_w10g8_d32_s2_q2,17115,6360,1,1,7.250000e-01,1,0,0,0
16qam,64,8,2.500000e-01,7399,bram,339,bf_det_k8_l4_r8_c4_m4_w10g8_d32_s2_q2,21,5668,bf_det_k8_l4_r8_c4_m4_w10g8_d32_s2_q2,21,5668,1,1,0.000000e+00,1,1,1,0
16qam,64,8,2.500000e-01,11332,dsp,340,bf_det_k8_l4_r1_c4_m4_w10g8_d64_s2_q2,28,7435,bf_det_k8_l4_r1_c4_m4_w10g8_d64_s2_q2,28,7435,1,1,0.000000e+00,1,1,1,0
16qam,64,8,2.500000e-01,11332,lut,341,bf_det_k8_l4_r1_c4_m3_w12g4_d32_s2_q2,30692,5466,bf_det_k8_l4_r1_c4_m3_w12g4_d32_s2_q2,30692,5466,1,1,0.000000e+00,1,1,1,0
16qam,64,8,2.500000e-01,11332,ff,342,bf_det_k8_l4_r1_c4_m3_w10g8_d32_s2_q2,16117,7444,bf_det_k8_l4_r1_c4_m3_w10g8_d32_s2_q2,16117,7444,1,1,0.000000e+00,1,1,1,0
16qam,64,8,2.500000e-01,11332,bram,343,bf_det_k8_l4_r8_c4_m4_w10g8_d32_s2_q2,21,5668,bf_det_k8_l4_r8_c4_m4_w10g8_d32_s2_q2,21,5668,1,1,0.000000e+00,1,1,1,0
16qam,64,8,2.500000e-01,17355,dsp,344,bf_det_k8_l4_r1_c4_m4_w10g8_d64_s2_q2,28,7435,bf_det_k8_l4_r1_c4_m4_w10g8_d64_s2_q2,28,7435,1,1,0.000000e+00,1,1,1,0
16qam,64,8,2.500000e-01,17355,lut,345,bf_det_k8_l1_r1_c4_m4_w12g4_d32_s2_q2,18389,17241,bf_det_k8_l1_r1_c4_m4_w12g4_d32_s2_q2,18389,17241,1,1,0.000000e+00,1,1,1,0
16qam,64,8,2.500000e-01,17355,ff,346,bf_det_k8_l1_r1_c4_m4_w12g4_d32_s2_q2,10825,17241,bf_det_k8_l1_r1_c4_m4_w12g4_d32_s2_q2,10825,17241,1,1,0.000000e+00,1,1,1,0
16qam,64,8,2.500000e-01,17355,bram,347,bf_det_k8_l1_r8_c4_m4_w12g4_d32_s2_q2,20,14358,bf_det_k8_l1_r8_c4_m4_w12g4_d32_s2_q2,20,14358,1,1,0.000000e+00,1,1,1,0
16qam,64,8,2.500000e-01,26580,dsp,348,bf_det_k8_l1_r1_c4_m4_w10g8_d64_s2_q2,13,23587,bf_det_k8_l1_r1_c4_m4_w10g8_d64_s2_q2,13,23587,1,1,0.000000e+00,1,1,1,0
16qam,64,8,2.500000e-01,26580,lut,349,bf_det_k8_l1_r1_c4_m3_w10g8_d32_s2_q2,17958,24104,bf_det_k8_l1_r1_c4_m3_w10g8_d32_s2_q2,17958,24104,1,1,0.000000e+00,1,1,1,0
16qam,64,8,2.500000e-01,26580,ff,350,bf_det_k8_l1_r1_c4_m3_w10g8_d32_s2_q2,9964,24104,bf_det_k8_l1_r1_c4_m3_w10g8_d32_s2_q2,9964,24104,1,1,0.000000e+00,1,1,1,0
16qam,64,8,2.500000e-01,26580,bram,351,bf_det_k8_l1_r8_c4_m4_w10g8_d32_s2_q2,19,19748,bf_det_k8_l1_r8_c4_m4_w10g8_d32_s2_q2,19,19748,1,1,0.000000e+00,1,1,1,0
16qam,64,8,5.000000e-01,1345,dsp,352,bf_det_k8_l16_r8_c16_m4_w10g8_d64_s2_q2,336,1270,bf_det_k8_l16_r8_c16_m4_w10g8_d64_s2_q2,336,1270,1,1,0.000000e+00,1,1,1,0
16qam,64,8,5.000000e-01,1345,lut,353,bf_det_k8_l16_r8_c16_m3_w12g4_d32_s2_q2,95533,1242,bf_det_k8_l16_r8_c16_m3_w12g4_d32_s2_q2,95533,1242,1,1,0.000000e+00,1,1,1,0
16qam,64,8,5.000000e-01,1345,ff,354,bf_det_k8_l16_r8_c16_m3_w10g8_d32_s2_q2,55254,1287,bf_det_k8_l16_r8_c16_m3_w10g8_d32_s2_q2,55254,1287,1,1,0.000000e+00,1,1,1,0
16qam,64,8,5.000000e-01,1345,bram,355,bf_det_k8_l16_r8_c16_m4_w10g8_d32_s2_q2,45,1275,bf_det_k8_l16_r8_c16_m4_w10g8_d32_s2_q2,45,1275,1,1,0.000000e+00,1,1,1,0
16qam,64,8,5.000000e-01,2035,dsp,356,bf_det_k8_l16_r4_c16_m4_w10g8_d64_s2_q2,208,1459,bf_det_k8_l16_r4_c16_m4_w10g8_d64_s2_q2,208,1459,1,1,0.000000e+00,1,1,1,0
16qam,64,8,5.000000e-01,2035,lut,357,bf_det_k8_l16_r4_c16_m3_w12g4_d32_s2_q2,86970,1443,bf_det_k8_l16_r4_c16_m3_w12g4_d32_s2_q2,86970,1443,1,1,0.000000e+00,1,1,1,0
16qam,64,8,5.000000e-01,2035,ff,358,bf_det_k8_l16_r4_c16_m3_w10g8_d32_s2_q2,47707,1488,bf_det_k8_l16_r4_c16_m3_w10g8_d32_s2_q2,47707,1488,1,1,0.000000e+00,1,1,1,0
16qam,64,8,5.000000e-01,2035,bram,359,bf_det_k8_l16_r8_c16_m4_w10g8_d32_s2_q2,45,1275,bf_det_k8_l16_r8_c16_m4_w10g8_d32_s2_q2,45,1275,1,1,0.000000e+00,1,1,1,0
16qam,64,8,5.000000e-01,3079,dsp,360,bf_det_k8_l16_r1_c16_m4_w10g8_d64_s2_q2,112,2488,bf_det_k8_l16_r1_c16_m4_w10g8_d64_s2_q2,112,2488,1,1,0.000000e+00,1,1,1,0
16qam,64,8,5.000000e-01,3079,lut,361,bf_det_k8_l16_r1_c16_m3_w12g4_d32_s2_q2,80269,2544,bf_det_k8_l16_r1_c16_m3_w12g4_d32_s2_q2,80269,2544,1,1,0.000000e+00,1,1,1,0
16qam,64,8,5.000000e-01,3079,ff,362,bf_det_k8_l16_r1_c16_m3_w12g4_d32_s2_q2,44390,2544,bf_det_k8_l16_r1_c16_m3_w10g8_d32_s2_q2,41967,2589,1,1,5.774000e+00,1,0,0,0
16qam,64,8,5.000000e-01,3079,bram,363,bf_det_k8_l16_r8_c16_m4_w10g8_d32_s2_q2,45,1275,bf_det_k8_l16_r8_c16_m4_w10g8_d32_s2_q2,45,1275,1,1,0.000000e+00,1,1,1,0
16qam,64,8,5.000000e-01,4659,dsp,364,bf_det_k8_l4_r8_c4_m4_w10g8_d64_s2_q2,84,4282,bf_det_k8_l4_r8_c4_m4_w10g8_d64_s2_q2,84,4282,1,1,0.000000e+00,1,1,1,0
16qam,64,8,5.000000e-01,4659,lut,365,bf_det_k8_l4_r4_c4_m3_w12g4_d32_s2_q2,31945,4653,bf_det_k8_l4_r4_c4_m3_w12g4_d32_s2_q2,31945,4653,1,1,0.000000e+00,1,1,1,0
16qam,64,8,5.000000e-01,4659,ff,366,bf_det_k8_l4_r4_c4_m3_w12g4_d32_s2_q2,18457,4653,bf_det_k8_l4_r4_c4_m3_w12g4_d32_s2_q2,18457,4653,1,1,0.000000e+00,1,1,1,0
16qam,64,8,5.000000e-01,4659,bram,367,bf_det_k8_l4_r8_c4_m4_w10g8_d32_s2_q2,21,4287,bf_det_k8_l4_r8_c4_m4_w10g8_d32_s2_q2,21,4287,1,1,0.000000e+00,1,1,1,0
16qam,64,8,5.000000e-01,7049,dsp,368,bf_det_k8_l4_r1_c4_m4_w10g8_d64_s2_q2,28,5611,bf_det_k8_l4_r1_c4_m4_w10g8_d64_s2_q2,28,5611,1,1,0.000000e+00,1,1,1,0
16qam,64,8,5.000000e-01,7049,lut,369,bf_det_k8_l4_r1_c4_m3_w12g4_d32_s2_q2,30692,5466,bf_det_k8_l4_r1_c4_m3_w12g4_d32_s2_q2,30692,5466,1,1,0.000000e+00,1,1,1,0
16qam,64,8,5.000000e-01,7049,ff,370,bf_det_k8_l4_r1_c4_m3_w10g8_d32_s2_q2,16117,5619,bf_det_k8_l4_r1_c4_m3_w10g8_d32_s2_q2,16117,5619,1,1,0.000000e+00,1,1,1,0
16qam,64,8,5.000000e-01,7049,bram,371,bf_det_k8_l4_r8_c4_m4_w10g8_d32_s2_q2,21,4287,bf_det_k8_l4_r8_c4_m4_w10g8_d32_s2_q2,21,4287,1,1,0.000000e+00,1,1,1,0
16qam,64,8,5.000000e-01,10666,dsp,372,bf_det_k8_l4_r1_c4_m4_w10g8_d64_s2_q2,28,5611,bf_det_k8_l4_r1_c4_m4_w10g8_d64_s2_q2,28,5611,1,1,0.000000e+00,1,1,1,0
16qam,64,8,5.000000e-01,10666,lut,373,bf_det_k8_l4_r1_c4_m3_w12g4_d32_s2_q2,30692,5466,bf_det_k8_l4_r1_c4_m3_w12g4_d32_s2_q2,30692,5466,1,1,0.000000e+00,1,1,1,0
16qam,64,8,5.000000e-01,10666,ff,374,bf_det_k8_l4_r1_c4_m3_w10g8_d32_s2_q2,16117,5619,bf_det_k8_l4_r1_c4_m3_w10g8_d32_s2_q2,16117,5619,1,1,0.000000e+00,1,1,1,0
16qam,64,8,5.000000e-01,10666,bram,375,bf_det_k8_l4_r8_c4_m4_w10g8_d32_s2_q2,21,4287,bf_det_k8_l4_r8_c4_m4_w10g8_d32_s2_q2,21,4287,1,1,0.000000e+00,1,1,1,0
16qam,64,8,5.000000e-01,16139,dsp,376,bf_det_k8_l4_r1_c4_m4_w10g8_d64_s2_q2,28,5611,bf_det_k8_l4_r1_c4_m4_w10g8_d64_s2_q2,28,5611,1,1,0.000000e+00,1,1,1,0
16qam,64,8,5.000000e-01,16139,lut,377,bf_det_k8_l1_r4_c4_m3_w10g8_d32_s2_q2,19600,15486,bf_det_k8_l1_r4_c4_m3_w10g8_d32_s2_q2,19600,15486,1,1,0.000000e+00,1,1,1,0
16qam,64,8,5.000000e-01,16139,ff,378,bf_det_k8_l1_r4_c4_m3_w10g8_d32_s2_q2,11585,15486,bf_det_k8_l1_r4_c4_m3_w10g8_d32_s2_q2,11585,15486,1,1,0.000000e+00,1,1,1,0
16qam,64,8,5.000000e-01,16139,bram,379,bf_det_k8_l1_r8_c4_m4_w10g8_d32_s2_q2,19,14943,bf_det_k8_l1_r8_c4_m4_w10g8_d32_s2_q2,19,14943,1,1,0.000000e+00,1,1,1,0
16qam,64,8,5.000000e-01,24420,dsp,380,bf_det_k8_l1_r1_c4_m4_w10g8_d64_s2_q2,13,17821,bf_det_k8_l1_r1_c4_m4_w10g8_d64_s2_q2,13,17821,1,1,0.000000e+00,1,1,1,0
16qam,64,8,5.000000e-01,24420,lut,381,bf_det_k8_l1_r1_c4_m3_w10g8_d32_s2_q2,17958,18210,bf_det_k8_l1_r1_c4_m3_w10g8_d32_s2_q2,17958,18210,1,1,0.000000e+00,1,1,1,0
16qam,64,8,5.000000e-01,24420,ff,382,bf_det_k8_l1_r1_c4_m3_w10g8_d32_s2_q2,9964,18210,bf_det_k8_l1_r1_c4_m3_w10g8_d32_s2_q2,9964,18210,1,1,0.000000e+00,1,1,1,0
16qam,64,8,5.000000e-01,24420,bram,383,bf_det_k8_l1_r8_c4_m4_w10g8_d32_s2_q2,19,14943,bf_det_k8_l1_r8_c4_m4_w10g8_d32_s2_q2,19,14943,1,1,0.000000e+00,1,1,1,0
16qam,64,8,1.000000e+00,1280,dsp,384,bf_det_k8_l16_r8_c16_m4_w10g4_d64_s2_q2,336,1165,bf_det_k8_l16_r8_c16_m4_w10g4_d64_s2_q2,336,1165,1,1,0.000000e+00,1,1,1,0
16qam,64,8,1.000000e+00,1280,lut,385,bf_det_k8_l16_r8_c16_m3_w12g4_d32_s2_q2,95533,1242,bf_det_k8_l16_r8_c16_m3_w10g4_d32_s2_q2,94740,1182,1,1,8.370000e-01,1,0,0,0
16qam,64,8,1.000000e+00,1280,ff,386,bf_det_k8_l16_r8_c16_m3_w10g4_d32_s2_q2,52225,1182,bf_det_k8_l16_r8_c16_m3_w10g4_d32_s2_q2,52225,1182,1,1,0.000000e+00,1,1,1,0
16qam,64,8,1.000000e+00,1280,bram,387,bf_det_k8_l16_r8_c16_m4_w10g4_d32_s2_q2,45,1170,bf_det_k8_l16_r8_c16_m4_w10g4_d32_s2_q2,45,1170,1,1,0.000000e+00,1,1,1,0
16qam,64,8,1.000000e+00,1928,dsp,388,bf_det_k8_l16_r4_c16_m4_w10g4_d64_s2_q2,208,1354,bf_det_k8_l16_r4_c16_m4_w10g4_d64_s2_q2,208,1354,1,1,0.000000e+00,1,1,1,0
16qam,64,8,1.000000e+00,1928,lut,389,bf_det_k8_l16_r4_c16_m3_w12g4_d32_s2_q2,86970,1443,bf_det_k8_l16_r4_c16_m3_w10g4_d32_s2_q2,86689,1383,1,1,3.240000e-01,1,0,0,0
16qam,64,8,1.000000e+00,1928,ff,390,bf_det_k8_l16_r4_c16_m3_w10g4_d32_s2_q2,44678,1383,bf_det_k8_l16_r4_c16_m3_w10g4_d32_s2_q2,44678,1383,1,1,0.000000e+00,1,1,1,0
16qam,64,8,1.000000e+00,1928,bram,391,bf_det_k8_l16_r8_c16_m4_w10g4_d32_s2_q2,45,1170,bf_det_k8_l16_r8_c16_m4_w10g4_d32_s2_q2,45,1170,1,1,0.000000e+00,1,1,1,0
16qam,64,8,1.000000e+00,2905,dsp,392,bf_det_k8_l16_r1_c16_m4_w10g4_d64_s2_q2,112,2383,bf_det_k8_l16_r1_c16_m4_w10g4_d64_s2_q2,112,2383,1,1,0.000000e+00,1,1,1,0
16qam,64,8,1.000000e+00,2905,lut,393,bf_det_k8_l16_r1_c16_m3_w12g4_d32_s2_q2,80269,2544,bf_det_k8_l16_r1_c16_m3_w12g4_d32_s2_q2,80269,2544,1,1,0.000000e+00,1,1,1,0
16qam,64,8,1.000000e+00,2905,ff,394,bf_det_k8_l16_r1_c16_m3_w10g4_d32_s2_q2,38938,2484,bf_det_k8_l16_r1_c16_m3_w10g4_d32_s2_q2,38938,2484,1,1,0.000000e+00,1,1,1,0
16qam,64,8,1.000000e+00,2905,bram,395,bf_det_k8_l16_r8_c16_m4_w10g4_d32_s2_q2,45,1170,bf_det_k8_l16_r8_c16_m4_w10g4_d32_s2_q2,45,1170,1,1,0.000000e+00,1,1,1,0
16qam,64,8,1.000000e+00,4375,dsp,396,bf_det_k8_l4_r4_c4_m4_w10g4_d64_s2_q2,52,4348,bf_det_k8_l4_r4_c4_m4_w10g4_d64_s2_q2,52,4348,1,1,0.000000e+00,1,1,1,0
16qam,64,8,1.000000e+00,4375,lut,397,bf_det_k8_l4_r4_c4_m4_w14g0_d32_s2_q2,33004,4377,bf_det_k8_l4_r4_c4_m4_w10g4_d32_s2_q2,33124,4353,1,1,-3.620000e-01,1,0,0,0
16qam,64,8,1.000000e+00,4375,ff,398,bf_det_k8_l4_r4_c4_m4_w10g4_d32_s2_q2,17028,4353,bf_det_k8_l4_r4_c4_m4_w10g4_d32_s2_q2,17028,4353,1,1,0.000000e+00,1,1,1,0
16qam,64,8,1.000000e+00,4375,bram,399,bf_det_k8_l4_r8_c4_m4_w10g4_d32_s2_q2,21,3930,bf_det_k8_l4_r8_c4_m4_w10g4_d32_s2_q2,21,3930,1,1,0.000000e+00,1,1,1,0
16qam,64,8,1.000000e+00,6591,dsp,400,bf_det_k8_l4_r1_c4_m4_w10g4_d64_s2_q2,28,5254,bf_det_k8_l4_r1_c4_m4_w10g4_d64_s2_q2,28,5254,1,1,0.000000e+00,1,1,1,0
16qam,64,8,1.000000e+00,6591,lut,401,bf_det_k8_l4_r1_c4_m3_w10g4_d32_s2_q2,29959,5262,bf_det_k8_l4_r1_c4_m3_w10g4_d32_s2_q2,29959,5262,1,1,0.000000e+00,1,1,1,0
16qam,64,8,1.000000e+00,6591,ff,402,bf_det_k8_l4_r1_c4_m3_w10g4_d32_s2_q2,15344,5262,bf_det_k8_l4_r1_c4_m3_w10g4_d32_s2_q2,15344,5262,1,1,0.000000e+00,1,1,1,0
16qam,64,8,1.000000e+00,6591,bram,403,bf_det_k8_l4_r8_c4_m4_w10g4_d32_s2_q2,21,3930,bf_det_k8_l4_r8_c4_m4_w10g4_d32_s2_q2,21,3930,1,1,0.000000e+00,1,1,1,0
16qam,64,8,1.000000e+00,9929,dsp,404,bf_det_k8_l4_r1_c4_m4_w10g4_d64_s2_q2,28,5254,bf_det_k8_l4_r1_c4_m4_w10g4_d64_s2_q2,28,5254,1,1,0.000000e+00,1,1,1,0
16qam,64,8,1.000000e+00,9929,lut,405,bf_det_k8_l4_r1_c4_m3_w10g4_d32_s2_q2,29959,5262,bf_det_k8_l4_r1_c4_m3_w10g4_d32_s2_q2,29959,5262,1,1,0.000000e+00,1,1,1,0
16qam,64,8,1.000000e+00,9929,ff,406,bf_det_k8_l4_r1_c4_m3_w10g4_d32_s2_q2,15344,5262,bf_det_k8_l4_r1_c4_m3_w10g4_d32_s2_q2,15344,5262,1,1,0.000000e+00,1,1,1,0
16qam,64,8,1.000000e+00,9929,bram,407,bf_det_k8_l4_r8_c4_m4_w10g4_d32_s2_q2,21,3930,bf_det_k8_l4_r8_c4_m4_w10g4_d32_s2_q2,21,3930,1,1,0.000000e+00,1,1,1,0
16qam,64,8,1.000000e+00,14958,dsp,408,bf_det_k8_l4_r1_c4_m4_w10g4_d64_s2_q2,28,5254,bf_det_k8_l4_r1_c4_m4_w10g4_d64_s2_q2,28,5254,1,1,0.000000e+00,1,1,1,0
16qam,64,8,1.000000e+00,14958,lut,409,bf_det_k8_l1_r4_c4_m3_w10g4_d32_s2_q2,19283,14121,bf_det_k8_l1_r4_c4_m3_w10g4_d32_s2_q2,19283,14121,1,1,0.000000e+00,1,1,1,0
16qam,64,8,1.000000e+00,14958,ff,410,bf_det_k8_l1_r4_c4_m3_w10g4_d32_s2_q2,11376,14121,bf_det_k8_l1_r4_c4_m3_w10g4_d32_s2_q2,11376,14121,1,1,0.000000e+00,1,1,1,0
16qam,64,8,1.000000e+00,14958,bram,411,bf_det_k8_l1_r8_c4_m4_w10g4_d32_s2_q2,19,13578,bf_det_k8_l1_r8_c4_m4_w10g4_d32_s2_q2,19,13578,1,1,0.000000e+00,1,1,1,0
16qam,64,8,1.000000e+00,22535,dsp,412,bf_det_k8_l1_r1_c4_m4_w10g4_d64_s2_q2,13,16456,bf_det_k8_l1_r1_c4_m4_w10g4_d64_s2_q2,13,16456,1,1,0.000000e+00,1,1,1,0
16qam,64,8,1.000000e+00,22535,lut,413,bf_det_k8_l1_r1_c4_m3_w10g4_d32_s2_q2,17641,16845,bf_det_k8_l1_r1_c4_m3_w10g4_d32_s2_q2,17641,16845,1,1,0.000000e+00,1,1,1,0
16qam,64,8,1.000000e+00,22535,ff,414,bf_det_k8_l1_r1_c4_m3_w10g4_d32_s2_q2,9755,16845,bf_det_k8_l1_r1_c4_m3_w10g4_d32_s2_q2,9755,16845,1,1,0.000000e+00,1,1,1,0
16qam,64,8,1.000000e+00,22535,bram,415,bf_det_k8_l1_r8_c4_m4_w10g4_d32_s2_q2,19,13578,bf_det_k8_l1_r8_c4_m4_w10g4_d32_s2_q2,19,13578,1,1,0.000000e+00,1,1,1,0
16qam,64,16,2.500000e-01,3526,dsp,416,bf_det_k16_l16_r16_c16_m3_w12g4_d64_s2_q2,960,3231,bf_det_k16_l16_r16_c16_m3_w16g0_d64_s2_q2,960,3218,1,1,0.000000e+00,1,0,1,0
16qam,64,16,2.500000e-01,3526,lut,417,bf_det_k16_l16_r16_c16_m3_w12g4_d32_s2_q2,123131,3236,bf_det_k16_l16_r16_c16_m3_w12g4_d32_s2_q2,123131,3236,1,1,0.000000e+00,1,1,1,0
16qam,64,16,2.500000e-01,3526,ff,418,bf_det_k16_l16_r16_c16_m3_w12g4_d32_s2_q2,84212,3236,bf_det_k16_l16_r16_c16_m3_w12g4_d32_s2_q2,84212,3236,1,1,0.000000e+00,1,1,1,0
16qam,64,16,2.500000e-01,3526,bram,419,bf_det_k16_l16_r16_c16_m4_w12g4_d32_s2_q2,59,3212,bf_det_k16_l16_r16_c16_m4_w12g4_d32_s2_q2,59,3212,1,1,0.000000e+00,1,1,1,0
16qam,64,16,2.500000e-01,5412,dsp,420,bf_det_k16_l16_r4_c16_m3_w12g4_d64_s2_q2,384,4689,bf_det_k16_l16_r4_c16_m3_w16g0_d64_s2_q2,384,4676,1,1,0.000000e+00,1,0,1,0
16qam,64,16,2.500000e-01,5412,lut,421,bf_det_k16_l16_r4_c16_m3_w12g4_d32_s2_q2,97624,4694,bf_det_k16_l16_r4_c16_m3_w12g4_d32_s2_q2,97624,4694,1,1,0.000000e+00,1,1,1,0
16qam,64,16,2.500000e-01,5412,ff,422,bf_det_k16_l16_r4_c16_m3_w12g4_d32_s2_q2,56954,4694,bf_det_k16_l16_r4_c16_m3_w12g4_d32_s2_q2,56954,4694,1,1,0.000000e+00,1,1,1,0
16qam,64,16,2.500000e-01,5412,bram,423,bf_det_k16_l16_r16_c16_m4_w12g4_d32_s2_q2,59,3212,bf_det_k16_l16_r16_c16_m4_w12g4_d32_s2_q2,59,3212,1,1,0.000000e+00,1,1,1,0
16qam,64,16,2.500000e-01,8307,dsp,424,bf_det_k16_l16_r4_c16_m3_w12g4_d64_s2_q2,384,4689,bf_det_k16_l16_r4_c16_m3_w16g0_d64_s2_q2,384,4676,1,1,0.000000e+00,1,0,1,0
16qam,64,16,2.500000e-01,8307,lut,425,bf_det_k16_l16_r4_c16_m3_w12g4_d32_s2_q2,97624,4694,bf_det_k16_l16_r4_c16_m3_w12g4_d32_s2_q2,97624,4694,1,1,0.000000e+00,1,1,1,0
16qam,64,16,2.500000e-01,8307,ff,426,bf_det_k16_l16_r4_c16_m3_w12g4_d32_s2_q2,56954,4694,bf_det_k16_l16_r4_c16_m3_w12g4_d32_s2_q2,56954,4694,1,1,0.000000e+00,1,1,1,0
16qam,64,16,2.500000e-01,8307,bram,427,bf_det_k16_l16_r16_c16_m4_w12g4_d32_s2_q2,59,3212,bf_det_k16_l16_r16_c16_m4_w12g4_d32_s2_q2,59,3212,1,1,0.000000e+00,1,1,1,0
16qam,64,16,2.500000e-01,12749,dsp,428,bf_det_k16_l16_r1_c16_m3_w12g4_d64_s2_q2,240,10251,bf_det_k16_l16_r1_c16_m3_w16g0_d64_s2_q2,240,10238,1,1,0.000000e+00,1,0,1,0
16qam,64,16,2.500000e-01,12749,lut,429,bf_det_k16_l4_r16_c4_m3_w12g4_d32_s2_q2,48158,11468,bf_det_k16_l4_r16_c4_m3_w12g4_d32_s2_q2,48158,11468,1,1,0.000000e+00,1,1,1,0
16qam,64,16,2.500000e-01,12749,ff,430,bf_det_k16_l4_r16_c4_m3_w12g4_d32_s2_q2,30391,11468,bf_det_k16_l4_r16_c4_m3_w12g4_d32_s2_q2,30391,11468,1,1,0.000000e+00,1,1,1,0
16qam,64,16,2.500000e-01,12749,bram,431,bf_det_k16_l16_r16_c16_m4_w12g4_d32_s2_q2,59,3212,bf_det_k16_l16_r16_c16_m4_w12g4_d32_s2_q2,59,3212,1,1,0.000000e+00,1,1,1,0
16qam,64,16,2.500000e-01,19568,dsp,432,bf_det_k16_l4_r4_c4_m3_w12g4_d64_s2_q2,96,15405,bf_det_k16_l4_r4_c4_m3_w16g0_d64_s2_q2,96,15308,1,1,0.000000e+00,1,0,1,0
16qam,64,16,2.500000e-01,19568,lut,433,bf_det_k16_l4_r4_c4_m3_w12g4_d32_s2_q2,41598,15410,bf_det_k16_l4_r4_c4_m3_w12g4_d32_s2_q2,41598,15410,1,1,0.000000e+00,1,1,1,0
16qam,64,16,2.500000e-01,19568,ff,434,bf_det_k16_l4_r4_c4_m3_w12g4_d32_s2_q2,23564,15410,bf_det_k16_l4_r4_c4_m3_w12g4_d32_s2_q2,23564,15410,1,1,0.000000e+00,1,1,1,0
16qam,64,16,2.500000e-01,19568,bram,435,bf_det_k16_l16_r16_c16_m4_w12g4_d32_s2_q2,59,3212,bf_det_k16_l16_r16_c16_m4_w12g4_d32_s2_q2,59,3212,1,1,0.000000e+00,1,1,1,0
16qam,64,16,2.500000e-01,30033,dsp,436,bf_det_k16_l4_r1_c4_m3_w12g4_d64_s2_q2,60,23247,bf_det_k16_l4_r1_c4_m3_w16g0_d64_s2_q2,60,23150,1,1,0.000000e+00,1,0,1,0
16qam,64,16,2.500000e-01,30033,lut,437,bf_det_k16_l4_r1_c4_m3_w12g4_d32_s2_q2,40325,23252,bf_det_k16_l4_r1_c4_m3_w12g4_d32_s2_q2,40325,23252,1,1,0.000000e+00,1,1,1,0
16qam,64,16,2.500000e-01,30033,ff,438,bf_det_k16_l4_r1_c4_m3_w12g4_d32_s2_q2,22331,23252,bf_det_k16_l4_r1_c4_m3_w12g4_d32_s2_q2,22331,23252,1,1,0.000000e+00,1,1,1,0
16qam,64,16,2.500000e-01,30033,bram,439,bf_det_k16_l16_r16_c16_m4_w12g4_d32_s2_q2,59,3212,bf_det_k16_l16_r16_c16_m4_w12g4_d32_s2_q2,59,3212,1,1,0.000000e+00,1,1,1,0
16qam,64,16,2.500000e-01,46096,dsp,440,bf_det_k16_l4_r1_c4_m3_w12g4_d64_s2_q2,60,23247,bf_det_k16_l4_r1_c4_m3_w16g0_d64_s2_q2,60,23150,1,1,0.000000e+00,1,0,1,0
16qam,64,16,2.500000e-01,46096,lut,441,bf_det_k16_l1_r4_c4_m3_w12g4_d32_s2_q2,29712,42866,bf_det_k16_l1_r4_c4_m3_w12g4_d32_s2_q2,29712,42866,1,1,0.000000e+00,1,1,1,0
16qam,64,16,2.500000e-01,46096,ff,442,bf_det_k16_l1_r4_c4_m3_w12g4_d32_s2_q2,17824,42866,bf_det_k16_l1_r4_c4_m3_w12g4_d32_s2_q2,17824,42866,1,1,0.000000e+00,1,1,1,0
16qam,64,16,2.500000e-01,46096,bram,443,bf_det_k16_l1_r16_c4_m4_w12g4_d32_s2_q2,37,38684,bf_det_k16_l1_r16_c4_m4_w12g4_d32_s2_q2,37,38684,1,1,0.000000e+00,1,1,1,0
16qam,64,16,2.500000e-01,70749,dsp,444,bf_det_k16_l1_r1_c4_m3_w12g4_d64_s2_q2,24,58365,bf_det_k16_l1_r1_c4_m3_w16g0_d64_s2_q2,24,57980,1,1,0.000000e+00,1,0,1,0
16qam,64,16,2.500000e-01,70749,lut,445,bf_det_k16_l1_r1_c4_m3_w12g4_d32_s2_q2,27914,58370,bf_det_k16_l1_r1_c4_m3_w12g4_d32_s2_q2,27914,58370,1,1,0.000000e+00,1,1,1,0
16qam,64,16,2.500000e-01,70749,ff,446,bf_det_k16_l1_r1_c4_m3_w12g4_d32_s2_q2,15873,58370,bf_det_k16_l1_r1_c4_m3_w12g4_d32_s2_q2,15873,58370,1,1,0.000000e+00,1,1,1,0
16qam,64,16,2.500000e-01,70749,bram,447,bf_det_k16_l1_r16_c4_m4_w12g4_d32_s2_q2,37,38684,bf_det_k16_l1_r16_c4_m4_w12g4_d32_s2_q2,37,38684,1,1,0.000000e+00,1,1,1,0
16qam,64,16,5.000000e-01,2378,dsp,448,bf_det_k16_l16_r16_c16_m3_w12g4_d64_s2_q2,960,2179,bf_det_k16_l16_r16_c16_m3_w16g0_d64_s2_q2,960,2170,1,1,0.000000e+00,1,0,1,0
16qam,64,16,5.000000e-01,2378,lut,449,bf_det_k16_l16_r16_c16_m3_w12g4_d32_s2_q2,123131,2184,bf_det_k16_l16_r16_c16_m3_w12g4_d32_s2_q2,123131,2184,1,1,0.000000e+00,1,1,1,0
16qam,64,16,5.000000e-01,2378,ff,450,bf_det_k16_l16_r16_c16_m3_w12g4_d32_s2_q2,84212,2184,bf_det_k16_l16_r16_c16_m3_w12g4_d32_s2_q2,84212,2184,1,1,0.000000e+00,1,1,1,0
16qam,64,16,5.000000e-01,2378,bram,451,bf_det_k16_l16_r16_c16_m4_w12g4_d32_s2_q2,59,2168,bf_det_k16_l16_r16_c16_m4_w12g4_d32_s2_q2,59,2168,1,1,0.000000e+00,1,1,1,0
16qam,64,16,5.000000e-01,3648,dsp,452,bf_det_k16_l16_r4_c16_m3_w12g4_d64_s2_q2,384,3151,bf_det_k16_l16_r4_c16_m3_w16g0_d64_s2_q2,384,3142,1,1,0.000000e+00,1,0,1,0
16qam,64,16,5.000000e-01,3648,lut,453,bf_det_k16_l16_r4_c16_m3_w12g4_d32_s2_q2,97624,3156,bf_det_k16_l16_r4_c16_m3_w12g4_d32_s2_q2,97624,3156,1,1,0.000000e+00,1,1,1,0
16qam,64,16,5.000000e-01,3648,ff,454,bf_det_k16_l16_r4_c16_m3_w12g4_d32_s2_q2,56954,3156,bf_det_k16_l16_r4_c16_m3_w12g4_d32_s2_q2,56954,3156,1,1,0.000000e+00,1,1,1,0
16qam,64,16,5.000000e-01,3648,bram,455,bf_det_k16_l16_r16_c16_m4_w12g4_d32_s2_q2,59,2168,bf_det_k16_l16_r16_c16_m4_w12g4_d32_s2_q2,59,2168,1,1,0.000000e+00,1,1,1,0
16qam,64,16,5.000000e-01,5597,dsp,456,bf_det_k16_l16_r4_c16_m3_w12g4_d64_s2_q2,384,3151,bf_det_k16_l16_r4_c16_m3_w16g0_d64_s2_q2,384,3142,1,1,0.000000e+00,1,0,1,0
16qam,64,16,5.000000e-01,5597,lut,457,bf_det_k16_l16_r4_c16_m3_w12g4_d32_s2_q2,97624,3156,bf_det_k16_l16_r4_c16_m3_w12g4_d32_s2_q2,97624,3156,1,1,0.000000e+00,1,1,1,0
16qam,64,16,5.000000e-01,5597,ff,458,bf_det_k16_l16_r4_c16_m3_w12g4_d32_s2_q2,56954,3156,bf_det_k16_l16_r4_c16_m3_w12g4_d32_s2_q2,56954,3156,1,1,0.000000e+00,1,1,1,0
16qam,64,16,5.000000e-01,5597,bram,459,bf_det_k16_l16_r16_c16_m4_w12g4_d32_s2_q2,59,2168,bf_det_k16_l16_r16_c16_m4_w12g4_d32_s2_q2,59,2168,1,1,0.000000e+00,1,1,1,0
16qam,64,16,5.000000e-01,8585,dsp,460,bf_det_k16_l16_r1_c16_m3_w12g4_d64_s2_q2,240,6859,bf_det_k16_l16_r1_c16_m3_w16g0_d64_s2_q2,240,6850,1,1,0.000000e+00,1,0,1,0
16qam,64,16,5.000000e-01,8585,lut,461,bf_det_k16_l4_r16_c4_m3_w12g4_d32_s2_q2,48158,7736,bf_det_k16_l4_r16_c4_m3_w12g4_d32_s2_q2,48158,7736,1,1,0.000000e+00,1,1,1,0
16qam,64,16,5.000000e-01,8585,ff,462,bf_det_k16_l4_r16_c4_m3_w12g4_d32_s2_q2,30391,7736,bf_det_k16_l4_r16_c4_m3_w12g4_d32_s2_q2,30391,7736,1,1,0.000000e+00,1,1,1,0
16qam,64,16,5.000000e-01,8585,bram,463,bf_det_k16_l16_r16_c16_m4_w12g4_d32_s2_q2,59,2168,bf_det_k16_l16_r16_c16_m4_w12g4_d32_s2_q2,59,2168,1,1,0.000000e+00,1,1,1,0
16qam,64,16,5.000000e-01,13171,dsp,464,bf_det_k16_l4_r4_c4_m3_w12g4_d64_s2_q2,96,10359,bf_det_k16_l4_r4_c4_m3_w16g0_d64_s2_q2,96,10294,1,1,0.000000e+00,1,0,1,0
16qam,64,16,5.000000e-01,13171,lut,465,bf_det_k16_l4_r4_c4_m3_w12g4_d32_s2_q2,41598,10364,bf_det_k16_l4_r4_c4_m3_w12g4_d32_s2_q2,41598,10364,1,1,0.000000e+00,1,1,1,0
16qam,64,16,5.000000e-01,13171,ff,466,bf_det_k16_l4_r4_c4_m3_w12g4_d32_s2_q2,23564,10364,bf_det_k16_l4_r4_c4_m3_w12g4_d32_s2_q2,23564,10364,1,1,0.000000e+00,1,1,1,0
16qam,64,16,5.000000e-01,13171,bram,467,bf_det_k16_l16_r16_c16_m4_w12g4_d32_s2_q2,59,2168,bf_det_k16_l16_r16_c16_m4_w12g4_d32_s2_q2,59,2168,1,1,0.000000e+00,1,1,1,0
16qam,64,16,5.000000e-01,20204,dsp,468,bf_det_k16_l4_r1_c4_m3_w12g4_d64_s2_q2,60,15587,bf_det_k16_l4_r1_c4_m3_w16g0_d64_s2_q2,60,15522,1,1,0.000000e+00,1,0,1,0
16qam,64,16,5.000000e-01,20204,lut,469,bf_det_k16_l4_r1_c4_m3_w12g4_d32_s2_q2,40325,15592,bf_det_k16_l4_r1_c4_m3_w12g4_d32_s2_q2,40325,15592,1,1,0.000000e+00,1,1,1,0
16qam,64,16,5.000000e-01,20204,ff,470,bf_det_k16_l4_r1_c4_m3_w12g4_d32_s2_q2,22331,15592,bf_det_k16_l4_r1_c4_m3_w12g4_d32_s2_q2,22331,15592,1,1,0.000000e+00,1,1,1,0
16qam,64,16,5.000000e-01,20204,bram,471,bf_det_k16_l16_r16_c16_m4_w12g4_d32_s2_q2,59,2168,bf_det_k16_l16_r16_c16_m4_w12g4_d32_s2_q2,59,2168,1,1,0.000000e+00,1,1,1,0
16qam,64,16,5.000000e-01,30995,dsp,472,bf_det_k16_l4_r1_c4_m3_w12g4_d64_s2_q2,60,15587,bf_det_k16_l4_r1_c4_m3_w16g0_d64_s2_q2,60,15522,1,1,0.000000e+00,1,0,1,0
16qam,64,16,5.000000e-01,30995,lut,473,bf_det_k16_l1_r4_c4_m3_w12g4_d32_s2_q2,29712,28924,bf_det_k16_l1_r4_c4_m3_w12g4_d32_s2_q2,29712,28924,1,1,0.000000e+00,1,1,1,0
16qam,64,16,5.000000e-01,30995,ff,474,bf_det_k16_l1_r4_c4_m3_w12g4_d32_s2_q2,17824,28924,bf_det_k16_l1_r4_c4_m3_w12g4_d32_s2_q2,17824,28924,1,1,0.000000e+00,1,1,1,0
16qam,64,16,5.000000e-01,30995,bram,475,bf_det_k16_l1_r16_c4_m4_w12g4_d32_s2_q2,37,26136,bf_det_k16_l1_r16_c4_m4_w12g4_d32_s2_q2,37,26136,1,1,0.000000e+00,1,1,1,0
16qam,64,16,5.000000e-01,47548,dsp,476,bf_det_k16_l1_r1_c4_m3_w12g4_d64_s2_q2,24,39255,bf_det_k16_l1_r1_c4_m3_w16g0_d64_s2_q2,24,38998,1,1,0.000000e+00,1,0,1,0
16qam,64,16,5.000000e-01,47548,lut,477,bf_det_k16_l1_r1_c4_m3_w12g4_d32_s2_q2,27914,39260,bf_det_k16_l1_r1_c4_m3_w12g4_d32_s2_q2,27914,39260,1,1,0.000000e+00,1,1,1,0
16qam,64,16,5.000000e-01,47548,ff,478,bf_det_k16_l1_r1_c4_m3_w12g4_d32_s2_q2,15873,39260,bf_det_k16_l1_r1_c4_m3_w12g4_d32_s2_q2,15873,39260,1,1,0.000000e+00,1,1,1,0
16qam,64,16,5.000000e-01,47548,bram,479,bf_det_k16_l1_r16_c4_m4_w12g4_d32_s2_q2,37,26136,bf_det_k16_l1_r16_c4_m4_w12g4_d32_s2_q2,37,26136,1,1,0.000000e+00,1,1,1,0
16qam,64,16,1.000000e+00,2305,dsp,480,bf_det_k16_l16_r16_c16_m4_w10g8_d64_s2_q2,592,2223,bf_det_k16_l16_r16_c16_m4_w10g8_d64_s2_q2,592,2223,1,1,0.000000e+00,1,1,1,0
16qam,64,16,1.000000e+00,2305,lut,481,bf_det_k16_l16_r16_c16_m3_w12g4_d32_s2_q2,123131,2184,bf_det_k16_l16_r16_c16_m3_w12g4_d32_s2_q2,123131,2184,1,1,0.000000e+00,1,1,1,0
16qam,64,16,1.000000e+00,2305,ff,482,bf_det_k16_l16_r16_c16_m3_w10g8_d32_s2_q2,75394,2244,bf_det_k16_l16_r16_c16_m3_w10g8_d32_s2_q2,75394,2244,1,1,0.000000e+00,1,1,1,0
16qam,64,16,1.000000e+00,2305,bram,483,bf_det_k16_l16_r16_c16_m4_w10g8_d32_s2_q2,49,2228,bf_det_k16_l16_r16_c16_m4_w10g8_d32_s2_q2,49,2228,1,1,0.000000e+00,1,1,1,0
16qam,64,16,1.000000e+00,3552,dsp,484,bf_det_k16_l16_r4_c16_m4_w10g8_d64_s2_q2,208,3147,bf_det_k16_l16_r4_c16_m4_w10g8_d64_s2_q2,208,3147,1,1,0.000000e+00,1,1,1,0
16qam,64,16,1.000000e+00,3552,lut,485,bf_det_k16_l16_r4_c16_m3_w12g4_d32_s2_q2,97624,3156,bf_det_k16_l16_r4_c16_m3_w12g4_d32_s2_q2,97624,3156,1,1,0.000000e+00,1,1,1,0
16qam,64,16,1.000000e+00,3552,ff,486,bf_det_k16_l16_r4_c16_m3_w10g8_d32_s2_q2,52360,3216,bf_det_k16_l16_r4_c16_m3_w10g8_d32_s2_q2,52360,3216,1,1,0.000000e+00,1,1,1,0
16qam,64,16,1.000000e+00,3552,bram,487,bf_det_k16_l16_r16_c16_m4_w10g8_d32_s2_q2,49,2228,bf_det_k16_l16_r16_c16_m4_w10g8_d32_s2_q2,49,2228,1,1,0.000000e+00,1,1,1,0
16qam,64,16,1.000000e+00,5473,dsp,488,bf_det_k16_l16_r4_c16_m4_w10g8_d64_s2_q2,208,3147,bf_det_k16_l16_r4_c16_m4_w10g8_d64_s2_q2,208,3147,1,1,0.000000e+00,1,1,1,0
16qam,64,16,1.000000e+00,5473,lut,489,bf_det_k16_l16_r4_c16_m3_w12g4_d32_s2_q2,97624,3156,bf_det_k16_l16_r4_c16_m3_w12g4_d32_s2_q2,97624,3156,1,1,0.000000e+00,1,1,1,0
16qam,64,16,1.000000e+00,5473,ff,490,bf_det_k16_l16_r4_c16_m3_w10g8_d32_s2_q2,52360,3216,bf_det_k16_l16_r4_c16_m3_w10g8_d32_s2_q2,52360,3216,1,1,0.000000e+00,1,1,1,0
16qam,64,16,1.000000e+00,5473,bram,491,bf_det_k16_l16_r16_c16_m4_w10g8_d32_s2_q2,49,2228,bf_det_k16_l16_r16_c16_m4_w10g8_d32_s2_q2,49,2228,1,1,0.000000e+00,1,1,1,0
16qam,64,16,1.000000e+00,8434,dsp,492,bf_det_k16_l16_r1_c16_m4_w10g8_d64_s2_q2,112,6663,bf_det_k16_l16_r1_c16_m4_w10g8_d64_s2_q2,112,6663,1,1,0.000000e+00,1,1,1,0
16qam,64,16,1.000000e+00,8434,lut,493,bf_det_k16_l4_r16_c4_m3_w10g8_d32_s2_q2,46826,7940,bf_det_k16_l4_r16_c4_m3_w10g8_d32_s2_q2,46826,7940,1,1,0.000000e+00,1,1,1,0
16qam,64,16,1.000000e+00,8434,ff,494,bf_det_k16_l4_r16_c4_m3_w10g8_d32_s2_q2,26932,7940,bf_det_k16_l4_r16_c4_m3_w10g8_d32_s2_q2,26932,7940,1,1,0.000000e+00,1,1,1,0
16qam,64,16,1.000000e+00,8434,bram,495,bf_det_k16_l16_r16_c16_m4_w10g8_d32_s2_q2,49,2228,bf_det_k16_l16_r16_c16_m4_w10g8_d32_s2_q2,49,2228,1,1,0.000000e+00,1,1,1,0
16qam,64,16,1.000000e+00,12995,dsp,496,bf_det_k16_l4_r4_c4_m4_w10g8_d64_s2_q2,52,10307,bf_det_k16_l4_r4_c4_m4_w10g8_d64_s2_q2,52,10307,1,1,0.000000e+00,1,1,1,0
16qam,64,16,1.000000e+00,12995,lut,497,bf_det_k16_l4_r4_c4_m3_w10g8_d32_s2_q2,40674,10568,bf_det_k16_l4_r4_c4_m3_w10g8_d32_s2_q2,40674,10568,1,1,0.000000e+00,1,1,1,0
16qam,64,16,1.000000e+00,12995,ff,498,bf_det_k16_l4_r4_c4_m3_w10g8_d32_s2_q2,21165,10568,bf_det_k16_l4_r4_c4_m3_w10g8_d32_s2_q2,21165,10568,1,1,0.000000e+00,1,1,1,0
16qam,64,16,1.000000e+00,12995,bram,499,bf_det_k16_l16_r16_c16_m4_w10g8_d32_s2_q2,49,2228,bf_det_k16_l16_r16_c16_m4_w10g8_d32_s2_q2,49,2228,1,1,0.000000e+00,1,1,1,0
16qam,64,16,1.000000e+00,20025,dsp,500,bf_det_k16_l4_r1_c4_m4_w10g8_d64_s2_q2,28,15787,bf_det_k16_l4_r1_c4_m4_w10g8_d64_s2_q2,28,15787,1,1,0.000000e+00,1,1,1,0
16qam,64,16,1.000000e+00,20025,lut,501,bf_det_k16_l4_r1_c4_m3_w12g4_d32_s2_q2,40325,15592,bf_det_k16_l4_r1_c4_m3_w10g8_d32_s2_q2,39465,15796,1,1,2.179000e+00,1,0,0,0
16qam,64,16,1.000000e+00,20025,ff,502,bf_det_k16_l4_r1_c4_m3_w10g8_d32_s2_q2,20152,15796,bf_det_k16_l4_r1_c4_m3_w10g8_d32_s2_q2,20152,15796,1,1,0.000000e+00,1,1,1,0
16qam,64,16,1.000000e+00,20025,bram,503,bf_det_k16_l16_r16_c16_m4_w10g8_d32_s2_q2,49,2228,bf_det_k16_l16_r16_c16_m4_w10g8_d32_s2_q2,49,2228,1,1,0.000000e+00,1,1,1,0
16qam,64,16,1.000000e+00,30857,dsp,504,bf_det_k16_l4_r1_c4_m4_w10g8_d64_s2_q2,28,15787,bf_det_k16_l4_r1_c4_m4_w10g8_d64_s2_q2,28,15787,1,1,0.000000e+00,1,1,1,0
16qam,64,16,1.000000e+00,30857,lut,505,bf_det_k16_l1_r4_c4_m3_w10g8_d32_s2_q2,28417,29704,bf_det_k16_l1_r4_c4_m3_w10g8_d32_s2_q2,28417,29704,1,1,0.000000e+00,1,1,1,0
16qam,64,16,1.000000e+00,30857,ff,506,bf_det_k16_l1_r4_c4_m3_w10g8_d32_s2_q2,15925,29704,bf_det_k16_l1_r4_c4_m3_w10g8_d32_s2_q2,15925,29704,1,1,0.000000e+00,1,1,1,0
16qam,64,16,1.000000e+00,30857,bram,507,bf_det_k16_l1_r16_c4_m4_w10g8_d32_s2_q2,35,26916,bf_det_k16_l1_r16_c4_m4_w10g8_d32_s2_q2,35,26916,1,1,0.000000e+00,1,1,1,0
16qam,64,16,1.000000e+00,47548,dsp,508,bf_det_k16_l1_r1_c4_m4_w10g8_d64_s2_q2,13,39011,bf_det_k16_l1_r1_c4_m4_w10g8_d64_s2_q2,13,39011,1,1,0.000000e+00,1,1,1,0
16qam,64,16,1.000000e+00,47548,lut,509,bf_det_k16_l1_r1_c4_m3_w10g8_d32_s2_q2,26721,40040,bf_det_k16_l1_r1_c4_m3_w10g8_d32_s2_q2,26721,40040,1,1,0.000000e+00,1,1,1,0
16qam,64,16,1.000000e+00,47548,ff,510,bf_det_k16_l1_r1_c4_m3_w10g8_d32_s2_q2,14270,40040,bf_det_k16_l1_r1_c4_m3_w10g8_d32_s2_q2,14270,40040,1,1,0.000000e+00,1,1,1,0
16qam,64,16,1.000000e+00,47548,bram,511,bf_det_k16_l1_r16_c4_m4_w10g8_d32_s2_q2,35,26916,bf_det_k16_l1_r16_c4_m4_w10g8_d32_s2_q2,35,26916,1,1,0.000000e+00,1,1,1,0
16qam,128,4,2.500000e-01,753,dsp,512,bf_det_k4_l16_r4_c16_m4_w10g8_d64_s2_q2,208,717,bf_det_k4_l16_r4_c16_m4_w10g8_d64_s2_q2,208,717,1,1,0.000000e+00,1,1,1,0
16qam,128,4,2.500000e-01,753,lut,513,bf_det_k4_l16_r4_c16_m3_w12g4_d32_s2_q2,82468,700,bf_det_k4_l16_r4_c16_m3_w12g4_d32_s2_q2,82468,700,1,1,0.000000e+00,1,1,1,0
16qam,128,4,2.500000e-01,753,ff,514,bf_det_k4_l16_r4_c16_m3_w10g8_d32_s2_q2,46202,730,bf_det_k4_l16_r4_c16_m3_w10g8_d32_s2_q2,46202,730,1,1,0.000000e+00,1,1,1,0
16qam,128,4,2.500000e-01,753,bram,515,bf_det_k4_l16_r4_c16_m4_w10g8_d32_s2_q2,40,722,bf_det_k4_l16_r4_c16_m4_w10g8_d32_s2_q2,40,722,1,1,0.000000e+00,1,1,1,0
16qam,128,4,2.500000e-01,1112,dsp,516,bf_det_k4_l16_r1_c16_m4_w10g8_d64_s2_q2,112,1017,bf_det_k4_l16_r1_c16_m4_w10g8_d64_s2_q2,112,1017,1,1,0.000000e+00,1,1,1,0
16qam,128,4,2.500000e-01,1112,lut,517,bf_det_k4_l16_r1_c16_m3_w12g4_d32_s2_q2,75948,1024,bf_det_k4_l16_r1_c16_m3_w12g4_d32_s2_q2,75948,1024,1,1,0.000000e+00,1,1,1,0
16qam,128,4,2.500000e-01,1112,ff,518,bf_det_k4_l16_r1_c16_m3_w12g4_d32_s2_q2,42649,1024,bf_det_k4_l16_r1_c16_m3_w10g8_d32_s2_q2,40560,1054,1,1,5.150000e+00,1,0,0,0
16qam,128,4,2.500000e-01,1112,bram,519,bf_det_k4_l16_r4_c16_m4_w10g8_d32_s2_q2,40,722,bf_det_k4_l16_r4_c16_m4_w10g8_d32_s2_q2,40,722,1,1,0.000000e+00,1,1,1,0
16qam,128,4,2.500000e-01,1641,dsp,520,bf_det_k4_l16_r1_c16_m4_w10g8_d64_s2_q2,112,1017,bf_det_k4_l16_r1_c16_m4_w10g8_d64_s2_q2,112,1017,1,1,0.000000e+00,1,1,1,0
16qam,128,4,2.500000e-01,1641,lut,521,bf_det_k4_l16_r1_c16_m3_w12g4_d32_s2_q2,75948,1024,bf_det_k4_l16_r1_c16_m3_w12g4_d32_s2_q2,75948,1024,1,1,0.000000e+00,1,1,1,0
16qam,128,4,2.500000e-01,1641,ff,522,bf_det_k4_l16_r1_c16_m3_w12g4_d32_s2_q2,42649,1024,bf_det_k4_l16_r1_c16_m3_w10g8_d32_s2_q2,40560,1054,1,1,5.150000e+00,1,0,0,0
16qam,128,4,2.500000e-01,1641,bram,523,bf_det_k4_l16_r4_c16_m4_w10g8_d32_s2_q2,40,722,bf_det_k4_l16_r4_c16_m4_w10g8_d32_s2_q2,40,722,1,1,0.000000e+00,1,1,1,0
16qam,128,4,2.500000e-01,2422,dsp,524,bf_det_k4_l4_r4_c4_m4_w10g8_d64_s2_q2,52,2325,bf_det_k4_l4_r4_c4_m4_w10g8_d64_s2_q2,52,2325,1,1,0.000000e+00,1,1,1,0
16qam,128,4,2.500000e-01,2422,lut,525,bf_det_k4_l4_r1_c4_m4_w12g4_d32_s2_q2,26748,2346,bf_det_k4_l4_r1_c4_m3_w12g4_d32_s2_q2,26676,2348,1,1,2.700000e-01,1,0,0,0
16qam,128,4,2.500000e-01,2422,ff,526,bf_det_k4_l4_r1_c4_m4_w12g4_d32_s2_q2,15637,2346,bf_det_k4_l4_r1_c4_m3_w12g4_d32_s2_q2,15454,2348,1,1,1.184000e+00,1,0,0,0
16qam,128,4,2.500000e-01,2422,bram,527,bf_det_k4_l4_r4_c4_m4_w12g4_d32_s2_q2,16,2228,bf_det_k4_l4_r4_c4_m4_w12g4_d32_s2_q2,16,2228,1,1,0.000000e+00,1,1,1,0
16qam,128,4,2.500000e-01,3575,dsp,528,bf_det_k4_l4_r1_c4_m4_w10g8_d64_s2_q2,28,2443,bf_det_k4_l4_r1_c4_m4_w10g8_d64_s2_q2,28,2443,1,1,0.000000e+00,1,1,1,0
16qam,128,4,2.500000e-01,3575,lut,529,bf_det_k4_l4_r1_c4_m3_w12g4_d32_s2_q2,26676,2348,bf_det_k4_l4_r1_c4_m3_w12g4_d32_s2_q2,26676,2348,1,1,0.000000e+00,1,1,1,0
16qam,128,4,2.500000e-01,3575,ff,530,bf_det_k4_l4_r1_c4_m3_w12g4_d32_s2_q2,15454,2348,bf_det_k4_l4_r1_c4_m3_w10g8_d32_s2_q2,14842,2450,1,1,4.123000e+00,1,0,0,0
16qam,128,4,2.500000e-01,3575,bram,531,bf_det_k4_l4_r4_c4_m4_w12g4_d32_s2_q2,16,2228,bf_det_k4_l4_r4_c4_m4_w12g4_d32_s2_q2,16,2228,1,1,0.000000e+00,1,1,1,0
16qam,128,4,2.500000e-01,5277,dsp,532,bf_det_k4_l4_r1_c4_m4_w10g8_d64_s2_q2,28,2443,bf_det_k4_l4_r1_c4_m4_w10g8_d64_s2_q2,28,2443,1,1,0.000000e+00,1,1,1,0
16qam,128,4,2.500000e-01,5277,lut,533,bf_det_k4_l4_r1_c4_m3_w12g4_d32_s2_q2,26676,2348,bf_det_k4_l4_r1_c4_m3_w12g4_d32_s2_q2,26676,2348,1,1,0.000000e+00,1,1,1,0
16qam,128,4,2.500000e-01,5277,ff,534,bf_det_k4_l4_r1_c4_m3_w12g4_d32_s2_q2,15454,2348,bf_det_k4_l4_r1_c4_m3_w10g8_d32_s2_q2,14842,2450,1,1,4.123000e+00,1,0,0,0
16qam,128,4,2.500000e-01,5277,bram,535,bf_det_k4_l4_r4_c4_m4_w12g4_d32_s2_q2,16,2228,bf_det_k4_l4_r4_c4_m4_w12g4_d32_s2_q2,16,2228,1,1,0.000000e+00,1,1,1,0
16qam,128,4,2.500000e-01,7789,dsp,536,bf_det_k4_l4_r1_c4_m4_w10g8_d64_s2_q2,28,2443,bf_det_k4_l4_r1_c4_m4_w10g8_d64_s2_q2,28,2443,1,1,0.000000e+00,1,1,1,0
16qam,128,4,2.500000e-01,7789,lut,537,bf_det_k4_l1_r4_c4_m3_w12g4_d32_s2_q2,16277,7860,bf_det_k4_l1_r4_c4_m3_w16g0_d32_s2_q2,17353,7731,1,1,-6.201000e+00,1,0,0,0
16qam,128,4,2.500000e-01,7789,ff,538,bf_det_k4_l1_r4_c4_m3_w12g4_d32_s2_q2,10798,7860,bf_det_k4_l1_r4_c4_m3_w16g0_d32_s2_q2,11931,7731,1,1,-9.496000e+00,1,0,0,0
16qam,128,4,2.500000e-01,7789,bram,539,bf_det_k4_l1_r4_c4_m4_w12g4_d32_s2_q2,14,7828,bf_det_k4_l4_r4_c4_m4_w12g4_d32_s2_q2,16,2228,1,1,-1.250000e+01,1,0,0,0
16qam,128,4,2.500000e-01,11497,dsp,540,bf_det_k4_l1_r1_c4_m4_w10g8_d64_s2_q2,13,8839,bf_det_k4_l1_r1_c4_m4_w10g8_d64_s2_q2,13,8839,1,1,0.000000e+00,1,1,1,0
16qam,128,4,2.500000e-01,11497,lut,541,bf_det_k4_l1_r1_c4_m3_w12g4_d32_s2_q2,14622,8582,bf_det_k4_l1_r1_c4_m3_w12g4_d32_s2_q2,14622,8582,1,1,0.000000e+00,1,1,1,0
16qam,128,4,2.500000e-01,11497,ff,542,bf_det_k4_l1_r1_c4_m3_w10g8_d32_s2_q2,8744,8972,bf_det_k4_l1_r1_c4_m3_w10g8_d32_s2_q2,8744,8972,1,1,0.000000e+00,1,1,1,0
16qam,128,4,2.500000e-01,11497,bram,543,bf_det_k4_l1_r4_c4_m4_w12g4_d32_s2_q2,14,7828,bf_det_k4_l1_r4_c4_m4_w12g4_d32_s2_q2,14,7828,1,1,0.000000e+00,1,1,1,0
16qam,128,4,5.000000e-01,753,dsp,544,bf_det_k4_l16_r4_c16_m4_w10g8_d64_s2_q2,208,717,bf_det_k4_l16_r4_c16_m4_w10g8_d64_s2_q2,208,717,1,1,0.000000e+00,1,1,1,0
16qam,128,4,5.000000e-01,753,lut,545,bf_det_k4_l16_r4_c16_m3_w12g4_d32_s2_q2,82468,700,bf_det_k4_l16_r4_c16_m3_w12g4_d32_s2_q2,82468,700,1,1,0.000000e+00,1,1,1,0
16qam,128,4,5.000000e-01,753,ff,546,bf_det_k4_l16_r4_c16_m3_w10g8_d32_s2_q2,46202,730,bf_det_k4_l16_r4_c16_m3_w10g8_d32_s2_q2,46202,730,1,1,0.000000e+00,1,1,1,0
16qam,128,4,5.000000e-01,753,bram,547,bf_det_k4_l16_r4_c16_m4_w10g8_d32_s2_q2,40,722,bf_det_k4_l16_r4_c16_m4_w10g8_d32_s2_q2,40,722,1,1,0.000000e+00,1,1,1,0
16qam,128,4,5.000000e-01,1132,dsp,548,bf_det_k4_l16_r1_c16_m4_w10g8_d64_s2_q2,112,1017,bf_det_k4_l16_r1_c16_m4_w10g8_d64_s2_q2,112,1017,1,1,0.000000e+00,1,1,1,0
16qam,128,4,5.000000e-01,1132,lut,549,bf_det_k4_l16_r1_c16_m3_w12g4_d32_s2_q2,75948,1024,bf_det_k4_l16_r1_c16_m3_w12g4_d32_s2_q2,75948,1024,1,1,0.000000e+00,1,1,1,0
16qam,128,4,5.000000e-01,1132,ff,550,bf_det_k4_l16_r1_c16_m3_w12g4_d32_s2_q2,42649,1024,bf_det_k4_l16_r1_c16_m3_w10g8_d32_s2_q2,40560,1054,1,1,5.150000e+00,1,0,0,0
16qam,128,4,5.000000e-01,1132,bram,551,bf_det_k4_l16_r4_c16_m4_w10g8_d32_s2_q2,40,722,bf_det_k4_l16_r4_c16_m4_w10g8_d32_s2_q2,40,722,1,1,0.000000e+00,1,1,1,0
16qam,128,4,5.000000e-01,1701,dsp,552,bf_det_k4_l16_r1_c16_m4_w10g8_d64_s2_q2,112,1017,bf_det_k4_l16_r1_c16_m4_w10g8_d64_s2_q2,112,1017,1,1,0.000000e+00,1,1,1,0
16qam,128,4,5.000000e-01,1701,lut,553,bf_det_k4_l16_r1_c16_m3_w12g4_d32_s2_q2,75948,1024,bf_det_k4_l16_r1_c16_m3_w12g4_d32_s2_q2,75948,1024,1,1,0.000000e+00,1,1,1,0
16qam,128,4,5.000000e-01,1701,ff,554,bf_det_k4_l16_r1_c16_m3_w10g4_d32_s2_q2,37531,1460,bf_det_k4_l16_r1_c16_m3_w10g4_d32_s2_q2,37531,1460,1,1,0.000000e+00,1,1,1,0
16qam,128,4,5.000000e-01,1701,bram,555,bf_det_k4_l16_r4_c16_m4_w10g8_d32_s2_q2,40,722,bf_det_k4_l16_r4_c16_m4_w10g8_d32_s2_q2,40,722,1,1,0.000000e+00,1,1,1,0
16qam,128,4,5.000000e-01,2555,dsp,556,bf_det_k4_l4_r1_c4_m4_w10g8_d64_s2_q2,28,2443,bf_det_k4_l4_r1_c4_m4_w10g8_d64_s2_q2,28,2443,1,1,0.000000e+00,1,1,1,0
16qam,128,4,5.000000e-01,2555,lut,557,bf_det_k4_l4_r1_c4_m3_w12g4_d32_s2_q2,26676,2348,bf_det_k4_l4_r1_c4_m3_w12g4_d32_s2_q2,26676,2348,1,1,0.000000e+00,1,1,1,0
16qam,128,4,5.000000e-01,2555,ff,558,bf_det_k4_l4_r1_c4_m3_w12g4_d32_s2_q2,15454,2348,bf_det_k4_l4_r1_c4_m3_w10g8_d32_s2_q2,14842,2450,1,1,4.123000e+00,1,0,0,0
16qam,128,4,5.000000e-01,2555,bram,559,bf_det_k4_l4_r4_c4_m4_w12g4_d32_s2_q2,16,2228,bf_det_k4_l4_r4_c4_m4_w12g4_d32_s2_q2,16,2228,1,1,0.000000e+00,1,1,1,0
16qam,128,4,5.000000e-01,3839,dsp,560,bf_det_k4_l4_r1_c4_m4_w10g8_d64_s2_q2,28,2443,bf_det_k4_l4_r1_c4_m4_w10g8_d64_s2_q2,28,2443,1,1,0.000000e+00,1,1,1,0
16qam,128,4,5.000000e-01,3839,lut,561,bf_det_k4_l4_r1_c4_m3_w12g4_d32_s2_q2,26676,2348,bf_det_k4_l4_r1_c4_m3_w10g4_d32_s2_q2,26371,3278,1,1,1.157000e+00,1,0,0,0
16qam,128,4,5.000000e-01,3839,ff,562,bf_det_k4_l4_r1_c4_m3_w10g4_d32_s2_q2,14069,3278,bf_det_k4_l4_r1_c4_m3_w10g4_d32_s2_q2,14069,3278,1,1,0.000000e+00,1,1,1,0
16qam,128,4,5.000000e-01,3839,bram,563,bf_det_k4_l4_r4_c4_m4_w12g4_d32_s2_q2,16,2228,bf_det_k4_l4_r4_c4_m4_w12g4_d32_s2_q2,16,2228,1,1,0.000000e+00,1,1,1,0
16qam,128,4,5.000000e-01,5768,dsp,564,bf_det_k4_l4_r1_c4_m4_w10g8_d64_s2_q2,28,2443,bf_det_k4_l4_r1_c4_m4_w10g8_d64_s2_q2,28,2443,1,1,0.000000e+00,1,1,1,0
16qam,128,4,5.000000e-01,5768,lut,565,bf_det_k4_l4_r1_c4_m3_w12g4_d32_s2_q2,26676,2348,bf_det_k4_l4_r1_c4_m3_w10g4_d32_s2_q2,26371,3278,1,1,1.157000e+00,1,0,0,0
16qam,128,4,5.000000e-01,5768,ff,566,bf_det_k4_l4_r1_c4_m3_w10g4_d32_s2_q2,14069,3278,bf_det_k4_l4_r1_c4_m3_w10g4_d32_s2_q2,14069,3278,1,1,0.000000e+00,1,1,1,0
16qam,128,4,5.000000e-01,5768,bram,567,bf_det_k4_l4_r4_c4_m4_w12g4_d32_s2_q2,16,2228,bf_det_k4_l4_r4_c4_m4_w12g4_d32_s2_q2,16,2228,1,1,0.000000e+00,1,1,1,0
16qam,128,4,5.000000e-01,8666,dsp,568,bf_det_k4_l1_r1_c4_m3_w12g4_d64_s2_q2,24,8577,bf_det_k4_l1_r1_c4_m3_w16g0_d64_s2_q2,24,8448,1,1,0.000000e+00,1,0,1,0
16qam,128,4,5.000000e-01,8666,lut,569,bf_det_k4_l1_r1_c4_m3_w12g4_d32_s2_q2,14622,8582,bf_det_k4_l1_r1_c4_m3_w12g4_d32_s2_q2,14622,8582,1,1,0.000000e+00,1,1,1,0
16qam,128,4,5.000000e-01,8666,ff,570,bf_det_k4_l1_r1_c4_m3_w12g4_d32_s2_q2,8918,8582,bf_det_k4_l1_r1_c4_m3_w12g4_d32_s2_q2,8918,8582,1,1,0.000000e+00,1,1,1,0
16qam,128,4,5.000000e-01,8666,bram,571,bf_det_k4_l1_r4_c4_m4_w12g4_d32_s2_q2,14,7828,bf_det_k4_l1_r4_c4_m4_w12g4_d32_s2_q2,14,7828,1,1,0.000000e+00,1,1,1,0
16qam,128,4,5.000000e-01,13021,dsp,572,bf_det_k4_l1_r1_c4_m4_w10g8_d64_s2_q2,13,8839,bf_det_k4_l1_r1_c4_m4_w10g8_d64_s2_q2,13,8839,1,1,0.000000e+00,1,1,1,0
16qam,128,4,5.000000e-01,13021,lut,573,bf_det_k4_l1_r1_c4_m3_w10g4_d32_s2_q2,14329,11957,bf_det_k4_l1_r1_c4_m3_w10g4_d32_s2_q2,14329,11957,1,1,0.000000e+00,1,1,1,0
16qam,128,4,5.000000e-01,13021,ff,574,bf_det_k4_l1_r1_c4_m3_w10g4_d32_s2_q2,8535,11957,bf_det_k4_l1_r1_c4_m3_w10g4_d32_s2_q2,8535,11957,1,1,0.000000e+00,1,1,1,0
16qam,128,4,5.000000e-01,13021,bram,575,bf_det_k4_l1_r4_c4_m4_w12g4_d32_s2_q2,14,7828,bf_det_k4_l1_r4_c4_m4_w12g4_d32_s2_q2,14,7828,1,1,0.000000e+00,1,1,1,0
16qam,128,4,1.000000e+00,710,dsp,288,bf_det_k4_l16_r4_c16_m4_w10g4_d64_s2_q2,208,647,bf_det_k4_l16_r4_c16_m4_w10g4_d64_s2_q2,208,647,1,1,0.000000e+00,1,1,1,0
16qam,128,4,1.000000e+00,710,lut,289,bf_det_k4_l16_r4_c16_m3_w12g4_d32_s2_q2,82468,700,bf_det_k4_l16_r4_c16_m3_w12g4_d32_s2_q2,82468,700,1,1,0.000000e+00,1,1,1,0
16qam,128,4,1.000000e+00,710,ff,290,bf_det_k4_l16_r4_c16_m3_w10g4_d32_s2_q2,43173,660,bf_det_k4_l16_r4_c16_m3_w10g4_d32_s2_q2,43173,660,1,1,0.000000e+00,1,1,1,0
16qam,128,4,1.000000e+00,710,bram,291,bf_det_k4_l16_r4_c16_m4_w10g4_d32_s2_q2,40,652,bf_det_k4_l16_r4_c16_m4_w10g4_d32_s2_q2,40,652,1,1,0.000000e+00,1,1,1,0
16qam,128,4,1.000000e+00,1057,dsp,292,bf_det_k4_l16_r1_c16_m4_w10g4_d64_s2_q2,112,947,bf_det_k4_l16_r1_c16_m4_w10g4_d64_s2_q2,112,947,1,1,0.000000e+00,1,1,1,0
16qam,128,4,1.000000e+00,1057,lut,293,bf_det_k4_l16_r1_c16_m3_w12g4_d32_s2_q2,75948,1024,bf_det_k4_l16_r1_c16_m3_w12g4_d32_s2_q2,75948,1024,1,1,0.000000e+00,1,1,1,0
16qam,128,4,1.000000e+00,1057,ff,294,bf_det_k4_l16_r1_c16_m3_w10g4_d32_s2_q2,37531,984,bf_det_k4_l16_r1_c16_m3_w10g4_d32_s2_q2,37531,984,1,1,0.000000e+00,1,1,1,0
16qam,128,4,1.000000e+00,1057,bram,295,bf_det_k4_l16_r4_c16_m4_w10g4_d32_s2_q2,40,652,bf_det_k4_l16_r4_c16_m4_w10g4_d32_s2_q2,40,652,1,1,0.000000e+00,1,1,1,0
16qam,128,4,1.000000e+00,1573,dsp,296,bf_det_k4_l16_r1_c16_m4_w10g4_d64_s2_q2,112,947,bf_det_k4_l16_r1_c16_m4_w10g4_d64_s2_q2,112,947,1,1,0.000000e+00,1,1,1,0
16qam,128,4,1.000000e+00,1573,lut,297,bf_det_k4_l16_r1_c16_m3_w12g4_d32_s2_q2,75948,1024,bf_det_k4_l16_r1_c16_m3_w12g4_d32_s2_q2,75948,1024,1,1,0.000000e+00,1,1,1,0
16qam,128,4,1.000000e+00,1573,ff,298,bf_det_k4_l16_r1_c16_m3_w10g4_d32_s2_q2,37531,984,bf_det_k4_l16_r1_c16_m3_w10g4_d32_s2_q2,37531,984,1,1,0.000000e+00,1,1,1,0
16qam,128,4,1.000000e+00,1573,bram,299,bf_det_k4_l16_r4_c16_m4_w10g4_d32_s2_q2,40,652,bf_det_k4_l16_r4_c16_m4_w10g4_d32_s2_q2,40,652,1,1,0.000000e+00,1,1,1,0
16qam,128,4,1.000000e+00,2341,dsp,300,bf_det_k4_l4_r1_c4_m4_w10g4_d64_s2_q2,28,2205,bf_det_k4_l4_r1_c4_m4_w10g4_d64_s2_q2,28,2205,1,1,0.000000e+00,1,1,1,0
16qam,128,4,1.000000e+00,2341,lut,301,bf_det_k4_l4_r1_c4_m4_w12g4_d32_s2_q2,26748,2346,bf_det_k4_l4_r1_c4_m3_w10g4_d32_s2_q2,26371,2212,1,1,1.430000e+00,1,0,0,0
16qam,128,4,1.000000e+00,2341,ff,302,bf_det_k4_l4_r1_c4_m4_w10g4_d32_s2_q2,14234,2210,bf_det_k4_l4_r1_c4_m3_w10g4_d32_s2_q2,14069,2212,1,1,1.173000e+00,1,0,0,0
16qam,128,4,1.000000e+00,2341,bram,303,bf_det_k4_l4_r4_c4_m4_w10g4_d32_s2_q2,16,2092,bf_det_k4_l4_r4_c4_m4_w10g4_d32_s2_q2,16,2092,1,1,0.000000e+00,1,1,1,0
16qam,128,4,1.000000e+00,3485,dsp,304,bf_det_k4_l4_r1_c4_m4_w10g4_d64_s2_q2,28,2205,bf_det_k4_l4_r1_c4_m4_w10g4_d64_s2_q2,28,2205,1,1,0.000000e+00,1,1,1,0
16qam,128,4,1.000000e+00,3485,lut,305,bf_det_k4_l4_r1_c4_m3_w12g4_d32_s2_q2,26676,2348,bf_det_k4_l4_r1_c4_m3_w10g4_d32_s2_q2,26371,2212,1,1,1.157000e+00,1,0,0,0
16qam,128,4,1.000000e+00,3485,ff,306,bf_det_k4_l4_r1_c4_m3_w10g4_d32_s2_q2,14069,2212,bf_det_k4_l4_r1_c4_m3_w10g4_d32_s2_q2,14069,2212,1,1,0.000000e+00,1,1,1,0
16qam,128,4,1.000000e+00,3485,bram,307,bf_det_k4_l4_r4_c4_m4_w10g4_d32_s2_q2,16,2092,bf_det_k4_l4_r4_c4_m4_w10g4_d32_s2_q2,16,2092,1,1,0.000000e+00,1,1,1,0
16qam,128,4,1.000000e+00,5188,dsp,308,bf_det_k4_l4_r1_c4_m4_w10g4_d64_s2_q2,28,2205,bf_det_k4_l4_r1_c4_m4_w10g4_d64_s2_q2,28,2205,1,1,0.000000e+00,1,1,1,0
16qam,128,4,1.000000e+00,5188,lut,309,bf_det_k4_l4_r1_c4_m3_w12g4_d32_s2_q2,26676,2348,bf_det_k4_l4_r1_c4_m3_w10g4_d32_s2_q2,26371,2212,1,1,1.157000e+00,1,0,0,0
16qam,128,4,1.000000e+00,5188,ff,310,bf_det_k4_l4_r1_c4_m3_w10g4_d32_s2_q2,14069,2212,bf_det_k4_l4_r1_c4_m3_w10g4_d32_s2_q2,14069,2212,1,1,0.000000e+00,1,1,1,0
16qam,128,4,1.000000e+00,5188,bram,311,bf_det_k4_l4_r4_c4_m4_w10g4_d32_s2_q2,16,2092,bf_det_k4_l4_r4_c4_m4_w10g4_d32_s2_q2,16,2092,1,1,0.000000e+00,1,1,1,0
16qam,128,4,1.000000e+00,7723,dsp,312,bf_det_k4_l4_r1_c4_m4_w10g4_d64_s2_q2,28,2205,bf_det_k4_l4_r1_c4_m4_w10g4_d64_s2_q2,28,2205,1,1,0.000000e+00,1,1,1,0
16qam,128,4,1.000000e+00,7723,lut,313,bf_det_k4_l1_r4_c4_m3_w10g4_d32_s2_q2,15882,7340,bf_det_k4_l1_r4_c4_m3_w10g4_d32_s2_q2,15882,7340,1,1,0.000000e+00,1,1,1,0
16qam,128,4,1.000000e+00,7723,ff,314,bf_det_k4_l1_r4_c4_m3_w10g4_d32_s2_q2,10119,7340,bf_det_k4_l1_r4_c4_m3_w10g4_d32_s2_q2,10119,7340,1,1,0.000000e+00,1,1,1,0
16qam,128,4,1.000000e+00,7723,bram,315,bf_det_k4_l1_r4_c4_m4_w10g4_d32_s2_q2,14,7308,bf_det_k4_l1_r4_c4_m4_w10g4_d32_s2_q2,14,7308,1,1,0.000000e+00,1,1,1,0
16qam,128,4,1.000000e+00,11497,dsp,316,bf_det_k4_l1_r1_c4_m4_w10g4_d64_s2_q2,13,7929,bf_det_k4_l1_r1_c4_m4_w10g4_d64_s2_q2,13,7929,1,1,0.000000e+00,1,1,1,0
16qam,128,4,1.000000e+00,11497,lut,317,bf_det_k4_l1_r1_c4_m3_w10g4_d32_s2_q2,14329,8062,bf_det_k4_l1_r1_c4_m3_w10g4_d32_s2_q2,14329,8062,1,1,0.000000e+00,1,1,1,0
16qam,128,4,1.000000e+00,11497,ff,318,bf_det_k4_l1_r1_c4_m3_w10g4_d32_s2_q2,8535,8062,bf_det_k4_l1_r1_c4_m3_w10g4_d32_s2_q2,8535,8062,1,1,0.000000e+00,1,1,1,0
16qam,128,4,1.000000e+00,11497,bram,319,bf_det_k4_l1_r4_c4_m4_w10g4_d32_s2_q2,14,7308,bf_det_k4_l1_r4_c4_m4_w10g4_d32_s2_q2,14,7308,1,1,0.000000e+00,1,1,1,0
16qam,128,8,2.500000e-01,1345,dsp,576,bf_det_k8_l16_r8_c16_m4_w10g8_d64_s2_q2,336,1270,bf_det_k8_l16_r8_c16_m4_w10g8_d64_s2_q2,336,1270,1,1,0.000000e+00,1,1,1,0
16qam,128,8,2.500000e-01,1345,lut,577,bf_det_k8_l16_r8_c16_m3_w12g4_d32_s2_q2,95533,1242,bf_det_k8_l16_r8_c16_m3_w12g4_d32_s2_q2,95533,1242,1,1,0.000000e+00,1,1,1,0
16qam,128,8,2.500000e-01,1345,ff,578,bf_det_k8_l16_r8_c16_m3_w10g8_d32_s2_q2,55254,1287,bf_det_k8_l16_r8_c16_m3_w10g8_d32_s2_q2,55254,1287,1,1,0.000000e+00,1,1,1,0
16qam,128,8,2.500000e-01,1345,bram,579,bf_det_k8_l16_r8_c16_m4_w10g8_d32_s2_q2,45,1275,bf_det_k8_l16_r8_c16_m4_w10g8_d32_s2_q2,45,1275,1,1,0.000000e+00,1,1,1,0
16qam,128,8,2.500000e-01,2012,dsp,580,bf_det_k8_l16_r4_c16_m4_w10g8_d64_s2_q2,208,1459,bf_det_k8_l16_r4_c16_m4_w10g8_d64_s2_q2,208,1459,1,1,0.000000e+00,1,1,1,0
16qam,128,8,2.500000e-01,2012,lut,581,bf_det_k8_l16_r4_c16_m3_w12g4_d32_s2_q2,86970,1443,bf_det_k8_l16_r4_c16_m3_w12g4_d32_s2_q2,86970,1443,1,1,0.000000e+00,1,1,1,0
16qam,128,8,2.500000e-01,2012,ff,582,bf_det_k8_l16_r4_c16_m3_w10g8_d32_s2_q2,47707,1488,bf_det_k8_l16_r4_c16_m3_w10g8_d32_s2_q2,47707,1488,1,1,0.000000e+00,1,1,1,0
16qam,128,8,2.500000e-01,2012,bram,583,bf_det_k8_l16_r8_c16_m4_w10g8_d32_s2_q2,45,1275,bf_det_k8_l16_r8_c16_m4_w10g8_d32_s2_q2,45,1275,1,1,0.000000e+00,1,1,1,0
16qam,128,8,2.500000e-01,3009,dsp,584,bf_det_k8_l16_r1_c16_m4_w10g8_d64_s2_q2,112,2488,bf_det_k8_l16_r1_c16_m4_w10g8_d64_s2_q2,112,2488,1,1,0.000000e+00,1,1,1,0
16qam,128,8,2.500000e-01,3009,lut,585,bf_det_k8_l16_r1_c16_m3_w12g4_d32_s2_q2,80269,2544,bf_det_k8_l16_r1_c16_m3_w12g4_d32_s2_q2,80269,2544,1,1,0.000000e+00,1,1,1,0
16qam,128,8,2.500000e-01,3009,ff,586,bf_det_k8_l16_r1_c16_m3_w12g4_d32_s2_q2,44390,2544,bf_det_k8_l16_r1_c16_m3_w10g8_d32_s2_q2,41967,2589,1,1,5.774000e+00,1,0,0,0
16qam,128,8,2.500000e-01,3009,bram,587,bf_det_k8_l16_r8_c16_m4_w10g8_d32_s2_q2,45,1275,bf_det_k8_l16_r8_c16_m4_w10g8_d32_s2_q2,45,1275,1,1,0.000000e+00,1,1,1,0
16qam,128,8,2.500000e-01,4501,dsp,588,bf_det_k8_l4_r8_c4_m4_w10g8_d64_s2_q2,84,4282,bf_det_k8_l4_r8_c4_m4_w10g8_d64_s2_q2,84,4282,1,1,0.000000e+00,1,1,1,0
16qam,128,8,2.500000e-01,4501,lut,589,bf_det_k8_l4_r8_c4_m3_w12g4_d32_s2_q2,34099,4182,bf_det_k8_l4_r8_c4_m3_w10g8_d32_s2_q2,34049,4335,1,1,1.470000e-01,1,0,0,0
16qam,128,8,2.500000e-01,4501,ff,590,bf_det_k8_l4_r8_c4_m3_w10g8_d32_s2_q2,19003,4335,bf_det_k8_l4_r8_c4_m3_w10g8_d32_s2_q2,19003,4335,1,1,0.000000e+00,1,1,1,0
16qam,128,8,2.500000e-01,4501,bram,591,bf_det_k8_l4_r8_c4_m4_w10g8_d32_s2_q2,21,4287,bf_det_k8_l4_r8_c4_m4_w10g8_d32_s2_q2,21,4287,1,1,0.000000e+00,1,1,1,0
16qam,128,8,2.500000e-01,6733,dsp,592,bf_det_k8_l4_r1_c4_m4_w10g8_d64_s2_q2,28,5611,bf_det_k8_l4_r1_c4_m4_w10g8_d64_s2_q2,28,5611,1,1,0.000000e+00,1,1,1,0
16qam,128,8,2.500000e-01,6733,lut,593,bf_det_k8_l4_r1_c4_m3_w12g4_d32_s2_q2,30692,5466,bf_det_k8_l4_r1_c4_m3_w12g4_d32_s2_q2,30692,5466,1,1,0.000000e+00,1,1,1,0
16qam,128,8,2.500000e-01,6733,ff,594,bf_det_k8_l4_r1_c4_m3_w10g8_d32_s2_q2,16117,5619,bf_det_k8_l4_r1_c4_m3_w10g8_d32_s2_q2,16117,5619,1,1,0.000000e+00,1,1,1,0
16qam,128,8,2.500000e-01,6733,bram,595,bf_det_k8_l4_r8_c4_m4_w10g8_d32_s2_q2,21,4287,bf_det_k8_l4_r8_c4_m4_w10g8_d32_s2_q2,21,4287,1,1,0.000000e+00,1,1,1,0
16qam,128,8,2.500000e-01,10071,dsp,596,bf_det_k8_l4_r1_c4_m4_w10g8_d64_s2_q2,28,5611,bf_det_k8_l4_r1_c4_m4_w10g8_d64_s2_q2,28,5611,1,1,0.000000e+00,1,1,1,0
16qam,128,8,2.500000e-01,10071,lut,597,bf_det_k8_l4_r1_c4_m3_w12g4_d32_s2_q2,30692,5466,bf_det_k8_l4_r1_c4_m3_w12g4_d32_s2_q2,30692,5466,1,1,0.000000e+00,1,1,1,0
16qam,128,8,2.500000e-01,10071,ff,598,bf_det_k8_l4_r1_c4_m3_w10g8_d32_s2_q2,16117,5619,bf_det_k8_l4_r1_c4_m3_w10g8_d32_s2_q2,16117,5619,1,1,0.000000e+00,1,1,1,0
16qam,128,8,2.500000e-01,10071,bram,599,bf_det_k8_l4_r8_c4_m4_w10g8_d32_s2_q2,21,4287,bf_det_k8_l4_r8_c4_m4_w10g8_d32_s2_q2,21,4287,1,1,0.000000e+00,1,1,1,0
16qam,128,8,2.500000e-01,15065,dsp,600,bf_det_k8_l4_r1_c4_m4_w10g8_d64_s2_q2,28,5611,bf_det_k8_l4_r1_c4_m4_w10g8_d64_s2_q2,28,5611,1,1,0.000000e+00,1,1,1,0
16qam,128,8,2.500000e-01,15065,lut,601,bf_det_k8_l1_r4_c4_m3_w12g4_d32_s2_q2,20101,14901,bf_det_k8_l1_r4_c4_m3_w12g4_d32_s2_q2,20101,14901,1,1,0.000000e+00,1,1,1,0
16qam,128,8,2.500000e-01,15065,ff,602,bf_det_k8_l1_r4_c4_m3_w12g4_d32_s2_q2,12565,14901,bf_det_k8_l1_r4_c4_m3_w12g4_d32_s2_q2,12565,14901,1,1,0.000000e+00,1,1,1,0
16qam,128,8,2.500000e-01,15065,bram,603,bf_det_k8_l1_r8_c4_m4_w10g8_d32_s2_q2,19,14943,bf_det_k8_l1_r8_c4_m4_w10g8_d32_s2_q2,19,14943,1,1,0.000000e+00,1,1,1,0
16qam,128,8,2.500000e-01,22535,dsp,604,bf_det_k8_l1_r1_c4_m4_w10g8_d64_s2_q2,13,17821,bf_det_k8_l1_r1_c4_m4_w10g8_d64_s2_q2,13,17821,1,1,0.000000e+00,1,1,1,0
16qam,128,8,2.500000e-01,22535,lut,605,bf_det_k8_l1_r1_c4_m3_w10g8_d32_s2_q2,17958,18210,bf_det_k8_l1_r1_c4_m3_w10g8_d32_s2_q2,17958,18210,1,1,0.000000e+00,1,1,1,0
16qam,128,8,2.500000e-01,22535,ff,606,bf_det_k8_l1_r1_c4_m3_w10g8_d32_s2_q2,9964,18210,bf_det_k8_l1_r1_c4_m3_w10g8_d32_s2_q2,9964,18210,1,1,0.000000e+00,1,1,1,0
16qam,128,8,2.500000e-01,22535,bram,607,bf_det_k8_l1_r8_c4_m4_w10g8_d32_s2_q2,19,14943,bf_det_k8_l1_r8_c4_m4_w10g8_d32_s2_q2,19,14943,1,1,0.000000e+00,1,1,1,0
16qam,128,8,5.000000e-01,1345,dsp,608,bf_det_k8_l16_r8_c16_m4_w10g8_d64_s2_q2,336,1270,bf_det_k8_l16_r8_c16_m4_w10g8_d64_s2_q2,336,1270,1,1,0.000000e+00,1,1,1,0
16qam,128,8,5.000000e-01,1345,lut,609,bf_det_k8_l16_r8_c16_m3_w12g4_d32_s2_q2,95533,1242,bf_det_k8_l16_r8_c16_m3_w12g4_d32_s2_q2,95533,1242,1,1,0.000000e+00,1,1,1,0
16qam,128,8,5.000000e-01,1345,ff,610,bf_det_k8_l16_r8_c16_m3_w10g8_d32_s2_q2,55254,1287,bf_det_k8_l16_r8_c16_m3_w10g8_d32_s2_q2,55254,1287,1,1,0.000000e+00,1,1,1,0
16qam,128,8,5.000000e-01,1345,bram,611,bf_det_k8_l16_r8_c16_m4_w10g8_d32_s2_q2,45,1275,bf_det_k8_l16_r8_c16_m4_w10g8_d32_s2_q2,45,1275,1,1,0.000000e+00,1,1,1,0
16qam,128,8,5.000000e-01,2035,dsp,612,bf_det_k8_l16_r4_c16_m4_w10g8_d64_s2_q2,208,1459,bf_det_k8_l16_r4_c16_m4_w10g8_d64_s2_q2,208,1459,1,1,0.000000e+00,1,1,1,0
16qam,128,8,5.000000e-01,2035,lut,613,bf_det_k8_l16_r4_c16_m3_w12g4_d32_s2_q2,86970,1443,bf_det_k8_l16_r4_c16_m3_w10g4_d32_s2_q2,86689,1828,1,1,3.240000e-01,1,0,0,0
16qam,128,8,5.000000e-01,2035,ff,614,bf_det_k8_l16_r4_c16_m3_w10g4_d32_s2_q2,44678,1828,bf_det_k8_l16_r4_c16_m3_w10g4_d32_s2_q2,44678,1828,1,1,0.000000e+00,1,1,1,0
16qam,128,8,5.000000e-01,2035,bram,615,bf_det_k8_l16_r8_c16_m4_w10g8_d32_s2_q2,45,1275,bf_det_k8_l16_r8_c16_m4_w10g8_d32_s2_q2,45,1275,1,1,0.000000e+00,1,1,1,0
16qam,128,8,5.000000e-01,3079,dsp,616,bf_det_k8_l16_r1_c16_m4_w10g8_d64_s2_q2,112,2488,bf_det_k8_l16_r1_c16_m4_w10g8_d64_s2_q2,112,2488,1,1,0.000000e+00,1,1,1,0
16qam,128,8,5.000000e-01,3079,lut,617,bf_det_k8_l16_r1_c16_m3_w12g4_d32_s2_q2,80269,2544,bf_det_k8_l16_r1_c16_m3_w12g4_d32_s2_q2,80269,2544,1,1,0.000000e+00,1,1,1,0
16qam,128,8,5.000000e-01,3079,ff,618,bf_det_k8_l16_r1_c16_m3_w12g4_d32_s2_q2,44390,2544,bf_det_k8_l16_r1_c16_m3_w10g8_d32_s2_q2,41967,2589,1,1,5.774000e+00,1,0,0,0
16qam,128,8,5.000000e-01,3079,bram,619,bf_det_k8_l16_r8_c16_m4_w10g8_d32_s2_q2,45,1275,bf_det_k8_l16_r8_c16_m4_w10g8_d32_s2_q2,45,1275,1,1,0.000000e+00,1,1,1,0
16qam,128,8,5.000000e-01,4659,dsp,620,bf_det_k8_l4_r8_c4_m4_w10g8_d64_s2_q2,84,4282,bf_det_k8_l4_r8_c4_m4_w10g8_d64_s2_q2,84,4282,1,1,0.000000e+00,1,1,1,0
16qam,128,8,5.000000e-01,4659,lut,621,bf_det_k8_l4_r4_c4_m3_w12g4_d32_s2_q2,31945,4653,bf_det_k8_l4_r4_c4_m3_w12g4_d32_s2_q2,31945,4653,1,1,0.000000e+00,1,1,1,0
16qam,128,8,5.000000e-01,4659,ff,622,bf_det_k8_l4_r4_c4_m3_w12g4_d32_s2_q2,18457,4653,bf_det_k8_l4_r4_c4_m3_w12g4_d32_s2_q2,18457,4653,1,1,0.000000e+00,1,1,1,0
16qam,128,8,5.000000e-01,4659,bram,623,bf_det_k8_l4_r8_c4_m4_w10g8_d32_s2_q2,21,4287,bf_det_k8_l4_r8_c4_m4_w10g8_d32_s2_q2,21,4287,1,1,0.000000e+00,1,1,1,0
16qam,128,8,5.000000e-01,7049,dsp,624,bf_det_k8_l4_r1_c4_m4_w10g8_d64_s2_q2,28,5611,bf_det_k8_l4_r1_c4_m4_w10g8_d64_s2_q2,28,5611,1,1,0.000000e+00,1,1,1,0
16qam,128,8,5.000000e-01,7049,lut,625,bf_det_k8_l4_r1_c4_m3_w12g4_d32_s2_q2,30692,5466,bf_det_k8_l4_r1_c4_m3_w10g4_d32_s2_q2,29959,6968,1,1,2.447000e+00,1,0,0,0
16qam,128,8,5.000000e-01,7049,ff,626,bf_det_k8_l4_r1_c4_m4_w10g4_d32_s2_q2,15513,6964,bf_det_k8_l4_r1_c4_m3_w10g4_d32_s2_q2,15344,6968,1,1,1.101000e+00,1,0,0,0
16qam,128,8,5.000000e-01,7049,bram,627,bf_det_k8_l4_r8_c4_m4_w10g8_d32_s2_q2,21,4287,bf_det_k8_l4_r8_c4_m4_w10g8_d32_s2_q2,21,4287,1,1,0.000000e+00,1,1,1,0
16qam,128,8,5.000000e-01,10666,dsp,628,bf_det_k8_l4_r1_c4_m4_w10g8_d64_s2_q2,28,5611,bf_det_k8_l4_r1_c4_m4_w10g8_d64_s2_q2,28,5611,1,1,0.000000e+00,1,1,1,0
16qam,128,8,5.000000e-01,10666,lut,629,bf_det_k8_l4_r1_c4_m3_w10g4_d32_s2_q2,29959,6968,bf_det_k8_l4_r1_c4_m3_w10g4_d32_s2_q2,29959,6968,1,1,0.000000e+00,1,1,1,0
16qam,128,8,5.000000e-01,10666,ff,630,bf_det_k8_l4_r1_c4_m3_w10g4_d32_s2_q2,15344,6968,bf_det_k8_l4_r1_c4_m3_w10g4_d32_s2_q2,15344,6968,1,1,0.000000e+00,1,1,1,0
16qam,128,8,5.000000e-01,10666,bram,631,bf_det_k8_l4_r8_c4_m4_w10g8_d32_s2_q2,21,4287,bf_det_k8_l4_r8_c4_m4_w10g8_d32_s2_q2,21,4287,1,1,0.000000e+00,1,1,1,0
16qam,128,8,5.000000e-01,16139,dsp,632,bf_det_k8_l4_r1_c4_m4_w10g8_d64_s2_q2,28,5611,bf_det_k8_l4_r1_c4_m4_w10g8_d64_s2_q2,28,5611,1,1,0.000000e+00,1,1,1,0
16qam,128,8,5.000000e-01,16139,lut,633,bf_det_k8_l1_r4_c4_m3_w10g8_d32_s2_q2,19600,15486,bf_det_k8_l1_r4_c4_m3_w10g8_d32_s2_q2,19600,15486,1,1,0.000000e+00,1,1,1,0
16qam,128,8,5.000000e-01,16139,ff,634,bf_det_k8_l1_r4_c4_m3_w10g8_d32_s2_q2,11585,15486,bf_det_k8_l1_r4_c4_m3_w10g8_d32_s2_q2,11585,15486,1,1,0.000000e+00,1,1,1,0
16qam,128,8,5.000000e-01,16139,bram,635,bf_det_k8_l1_r8_c4_m4_w10g8_d32_s2_q2,19,14943,bf_det_k8_l1_r8_c4_m4_w10g8_d32_s2_q2,19,14943,1,1,0.000000e+00,1,1,1,0
16qam,128,8,5.000000e-01,24420,dsp,636,bf_det_k8_l1_r1_c4_m4_w10g8_d64_s2_q2,13,17821,bf_det_k8_l1_r1_c4_m4_w10g8_d64_s2_q2,13,17821,1,1,0.000000e+00,1,1,1,0
16qam,128,8,5.000000e-01,24420,lut,637,bf_det_k8_l1_r1_c4_m3_w10g4_d32_s2_q2,17641,22284,bf_det_k8_l1_r1_c4_m3_w10g4_d32_s2_q2,17641,22284,1,1,0.000000e+00,1,1,1,0
16qam,128,8,5.000000e-01,24420,ff,638,bf_det_k8_l1_r1_c4_m3_w10g4_d32_s2_q2,9755,22284,bf_det_k8_l1_r1_c4_m3_w10g4_d32_s2_q2,9755,22284,1,1,0.000000e+00,1,1,1,0
16qam,128,8,5.000000e-01,24420,bram,639,bf_det_k8_l1_r8_c4_m4_w10g8_d32_s2_q2,19,14943,bf_det_k8_l1_r8_c4_m4_w10g8_d32_s2_q2,19,14943,1,1,0.000000e+00,1,1,1,0
16qam,128,8,1.000000e+00,869,dsp,640,bf_det_k8_l16_r8_c16_m4_w10g4_d64_s2_q2,336,791,bf_det_k8_l16_r8_c16_m4_w10g4_d64_s2_q2,336,791,1,1,0.000000e+00,1,1,1,0
16qam,128,8,1.000000e+00,869,lut,641,bf_det_k8_l16_r8_c16_m3_w12g4_d32_s2_q2,95533,844,bf_det_k8_l16_r8_c16_m3_w10g4_d32_s2_q2,94740,804,1,1,8.370000e-01,1,0,0,0
16qam,128,8,1.000000e+00,869,ff,642,bf_det_k8_l16_r8_c16_m3_w10g4_d32_s2_q2,52225,804,bf_det_k8_l16_r8_c16_m3_w10g4_d32_s2_q2,52225,804,1,1,0.000000e+00,1,1,1,0
16qam,128,8,1.000000e+00,869,bram,643,bf_det_k8_l16_r8_c16_m4_w10g4_d32_s2_q2,45,796,bf_det_k8_l16_r8_c16_m4_w10g4_d32_s2_q2,45,796,1,1,0.000000e+00,1,1,1,0
16qam,128,8,1.000000e+00,1308,dsp,644,bf_det_k8_l16_r4_c16_m4_w10g4_d64_s2_q2,208,917,bf_det_k8_l16_r4_c16_m4_w10g4_d64_s2_q2,208,917,1,1,0.000000e+00,1,1,1,0
16qam,128,8,1.000000e+00,1308,lut,645,bf_det_k8_l16_r4_c16_m3_w12g4_d32_s2_q2,86970,978,bf_det_k8_l16_r4_c16_m3_w10g4_d32_s2_q2,86689,938,1,1,3.240000e-01,1,0,0,0
16qam,128,8,1.000000e+00,1308,ff,646,bf_det_k8_l16_r4_c16_m3_w10g4_d32_s2_q2,44678,938,bf_det_k8_l16_r4_c16_m3_w10g4_d32_s2_q2,44678,938,1,1,0.000000e+00,1,1,1,0
16qam,128,8,1.000000e+00,1308,bram,647,bf_det_k8_l16_r8_c16_m4_w10g4_d32_s2_q2,45,796,bf_det_k8_l16_r8_c16_m4_w10g4_d32_s2_q2,45,796,1,1,0.000000e+00,1,1,1,0
16qam,128,8,1.000000e+00,1969,dsp,648,bf_det_k8_l16_r1_c16_m4_w10g4_d64_s2_q2,112,1603,bf_det_k8_l16_r1_c16_m4_w10g4_d64_s2_q2,112,1603,1,1,0.000000e+00,1,1,1,0
16qam,128,8,1.000000e+00,1969,lut,649,bf_det_k8_l16_r1_c16_m3_w12g4_d32_s2_q2,80269,1712,bf_det_k8_l16_r1_c16_m3_w12g4_d32_s2_q2,80269,1712,1,1,0.000000e+00,1,1,1,0
16qam,128,8,1.000000e+00,1969,ff,650,bf_det_k8_l16_r1_c16_m3_w10g4_d32_s2_q2,38938,1672,bf_det_k8_l16_r1_c16_m3_w10g4_d32_s2_q2,38938,1672,1,1,0.000000e+00,1,1,1,0
16qam,128,8,1.000000e+00,1969,bram,651,bf_det_k8_l16_r8_c16_m4_w10g4_d32_s2_q2,45,796,bf_det_k8_l16_r8_c16_m4_w10g4_d32_s2_q2,45,796,1,1,0.000000e+00,1,1,1,0
16qam,128,8,1.000000e+00,2963,dsp,652,bf_det_k8_l4_r4_c4_m4_w10g4_d64_s2_q2,52,2945,bf_det_k8_l4_r4_c4_m4_w10g4_d64_s2_q2,52,2945,1,1,0.000000e+00,1,1,1,0
16qam,128,8,1.000000e+00,2963,lut,653,bf_det_k8_l4_r4_c4_m4_w14g0_d32_s2_q2,33004,2966,bf_det_k8_l4_r4_c4_m4_w10g4_d32_s2_q2,33124,2950,1,1,-3.620000e-01,1,0,0,0
16qam,128,8,1.000000e+00,2963,ff,654,bf_det_k8_l4_r4_c4_m4_w10g4_d32_s2_q2,17028,2950,bf_det_k8_l4_r4_c4_m4_w10g4_d32_s2_q2,17028,2950,1,1,0.000000e+00,1,1,1,0
16qam,128,8,1.000000e+00,2963,bram,655,bf_det_k8_l4_r8_c4_m4_w10g4_d32_s2_q2,21,2668,bf_det_k8_l4_r8_c4_m4_w10g4_d32_s2_q2,21,2668,1,1,0.000000e+00,1,1,1,0
16qam,128,8,1.000000e+00,4461,dsp,656,bf_det_k8_l4_r1_c4_m4_w10g4_d64_s2_q2,28,3549,bf_det_k8_l4_r1_c4_m4_w10g4_d64_s2_q2,28,3549,1,1,0.000000e+00,1,1,1,0
16qam,128,8,1.000000e+00,4461,lut,657,bf_det_k8_l4_r1_c4_m3_w10g4_d32_s2_q2,29959,3556,bf_det_k8_l4_r1_c4_m3_w10g4_d32_s2_q2,29959,3556,1,1,0.000000e+00,1,1,1,0
16qam,128,8,1.000000e+00,4461,ff,658,bf_det_k8_l4_r1_c4_m3_w10g4_d32_s2_q2,15344,3556,bf_det_k8_l4_r1_c4_m3_w10g4_d32_s2_q2,15344,3556,1,1,0.000000e+00,1,1,1,0
16qam,128,8,1.000000e+00,4461,bram,659,bf_det_k8_l4_r8_c4_m4_w10g4_d32_s2_q2,21,2668,bf_det_k8_l4_r8_c4_m4_w10g4_d32_s2_q2,21,2668,1,1,0.000000e+00,1,1,1,0
16qam,128,8,1.000000e+00,6715,dsp,660,bf_det_k8_l4_r1_c4_m4_w10g4_d64_s2_q2,28,3549,bf_det_k8_l4_r1_c4_m4_w10g4_d64_s2_q2,28,3549,1,1,0.000000e+00,1,1,1,0
16qam,128,8,1.000000e+00,6715,lut,661,bf_det_k8_l4_r1_c4_m3_w10g4_d32_s2_q2,29959,3556,bf_det_k8_l4_r1_c4_m3_w10g4_d32_s2_q2,29959,3556,1,1,0.000000e+00,1,1,1,0
16qam,128,8,1.000000e+00,6715,ff,662,bf_det_k8_l4_r1_c4_m3_w10g4_d32_s2_q2,15344,3556,bf_det_k8_l4_r1_c4_m3_w10g4_d32_s2_q2,15344,3556,1,1,0.000000e+00,1,1,1,0
16qam,128,8,1.000000e+00,6715,bram,663,bf_det_k8_l4_r8_c4_m4_w10g4_d32_s2_q2,21,2668,bf_det_k8_l4_r8_c4_m4_w10g4_d32_s2_q2,21,2668,1,1,0.000000e+00,1,1,1,0
16qam,128,8,1.000000e+00,10108,dsp,664,bf_det_k8_l4_r1_c4_m4_w10g4_d64_s2_q2,28,3549,bf_det_k8_l4_r1_c4_m4_w10g4_d64_s2_q2,28,3549,1,1,0.000000e+00,1,1,1,0
16qam,128,8,1.000000e+00,10108,lut,665,bf_det_k8_l1_r4_c4_m3_w10g4_d32_s2_q2,19283,9590,bf_det_k8_l1_r4_c4_m3_w10g4_d32_s2_q2,19283,9590,1,1,0.000000e+00,1,1,1,0
16qam,128,8,1.000000e+00,10108,ff,666,bf_det_k8_l1_r4_c4_m3_w10g4_d32_s2_q2,11376,9590,bf_det_k8_l1_r4_c4_m3_w10g4_d32_s2_q2,11376,9590,1,1,0.000000e+00,1,1,1,0
16qam,128,8,1.000000e+00,10108,bram,667,bf_det_k8_l1_r8_c4_m4_w10g4_d32_s2_q2,19,9228,bf_det_k8_l1_r8_c4_m4_w10g4_d32_s2_q2,19,9228,1,1,0.000000e+00,1,1,1,0
16qam,128,8,1.000000e+00,15217,dsp,668,bf_det_k8_l1_r1_c4_m4_w10g4_d64_s2_q2,13,11145,bf_det_k8_l1_r1_c4_m4_w10g4_d64_s2_q2,13,11145,1,1,0.000000e+00,1,1,1,0
16qam,128,8,1.000000e+00,15217,lut,669,bf_det_k8_l1_r1_c4_m3_w10g4_d32_s2_q2,17641,11406,bf_det_k8_l1_r1_c4_m3_w10g4_d32_s2_q2,17641,11406,1,1,0.000000e+00,1,1,1,0
16qam,128,8,1.000000e+00,15217,ff,670,bf_det_k8_l1_r1_c4_m3_w10g4_d32_s2_q2,9755,11406,bf_det_k8_l1_r1_c4_m3_w10g4_d32_s2_q2,9755,11406,1,1,0.000000e+00,1,1,1,0
16qam,128,8,1.000000e+00,15217,bram,671,bf_det_k8_l1_r8_c4_m4_w10g4_d32_s2_q2,19,9228,bf_det_k8_l1_r8_c4_m4_w10g4_d32_s2_q2,19,9228,1,1,0.000000e+00,1,1,1,0
16qam,128,16,2.500000e-01,2378,dsp,672,bf_det_k16_l16_r16_c16_m3_w12g4_d64_s2_q2,960,2179,bf_det_k16_l16_r16_c16_m3_w16g0_d64_s2_q2,960,2170,1,1,0.000000e+00,1,0,1,0
16qam,128,16,2.500000e-01,2378,lut,673,bf_det_k16_l16_r16_c16_m3_w12g4_d32_s2_q2,123131,2184,bf_det_k16_l16_r16_c16_m3_w12g4_d32_s2_q2,123131,2184,1,1,0.000000e+00,1,1,1,0
16qam,128,16,2.500000e-01,2378,ff,674,bf_det_k16_l16_r16_c16_m3_w12g4_d32_s2_q2,84212,2184,bf_det_k16_l16_r16_c16_m3_w12g4_d32_s2_q2,84212,2184,1,1,0.000000e+00,1,1,1,0
16qam,128,16,2.500000e-01,2378,bram,675,bf_det_k16_l16_r16_c16_m4_w12g4_d32_s2_q2,59,2168,bf_det_k16_l16_r16_c16_m4_w12g4_d32_s2_q2,59,2168,1,1,0.000000e+00,1,1,1,0
16qam,128,16,2.500000e-01,3795,dsp,676,bf_det_k16_l16_r4_c16_m3_w12g4_d64_s2_q2,384,3151,bf_det_k16_l16_r4_c16_m3_w16g0_d64_s2_q2,384,3142,1,1,0.000000e+00,1,0,1,0
16qam,128,16,2.500000e-01,3795,lut,677,bf_det_k16_l16_r4_c16_m3_w12g4_d32_s2_q2,97624,3156,bf_det_k16_l16_r4_c16_m3_w12g4_d32_s2_q2,97624,3156,1,1,0.000000e+00,1,1,1,0
16qam,128,16,2.500000e-01,3795,ff,678,bf_det_k16_l16_r4_c16_m3_w12g4_d32_s2_q2,56954,3156,bf_det_k16_l16_r4_c16_m3_w12g4_d32_s2_q2,56954,3156,1,1,0.000000e+00,1,1,1,0
16qam,128,16,2.500000e-01,3795,bram,679,bf_det_k16_l16_r16_c16_m4_w12g4_d32_s2_q2,59,2168,bf_det_k16_l16_r16_c16_m4_w12g4_d32_s2_q2,59,2168,1,1,0.000000e+00,1,1,1,0
16qam,128,16,2.500000e-01,6054,dsp,680,bf_det_k16_l16_r4_c16_m3_w12g4_d64_s2_q2,384,3151,bf_det_k16_l16_r4_c16_m3_w16g0_d64_s2_q2,384,3142,1,1,0.000000e+00,1,0,1,0
16qam,128,16,2.500000e-01,6054,lut,681,bf_det_k16_l16_r4_c16_m3_w12g4_d32_s2_q2,97624,3156,bf_det_k16_l16_r4_c16_m3_w12g4_d32_s2_q2,97624,3156,1,1,0.000000e+00,1,1,1,0
16qam,128,16,2.500000e-01,6054,ff,682,bf_det_k16_l16_r4_c16_m3_w12g4_d32_s2_q2,56954,3156,bf_det_k16_l16_r4_c16_m3_w12g4_d32_s2_q2,56954,3156,1,1,0.000000e+00,1,1,1,0
16qam,128,16,2.500000e-01,6054,bram,683,bf_det_k16_l16_r16_c16_m4_w12g4_d32_s2_q2,59,2168,bf_det_k16_l16_r16_c16_m4_w12g4_d32_s2_q2,59,2168,1,1,0.000000e+00,1,1,1,0
16qam,128,16,2.500000e-01,9660,dsp,684,bf_det_k16_l16_r1_c16_m3_w12g4_d64_s2_q2,240,6859,bf_det_k16_l16_r1_c16_m3_w16g0_d64_s2_q2,240,6850,1,1,0.000000e+00,1,0,1,0
16qam,128,16,2.500000e-01,9660,lut,685,bf_det_k16_l4_r16_c4_m3_w12g4_d32_s2_q2,48158,7736,bf_det_k16_l4_r16_c4_m3_w12g4_d32_s2_q2,48158,7736,1,1,0.000000e+00,1,1,1,0
16qam,128,16,2.500000e-01,9660,ff,686,bf_det_k16_l4_r16_c4_m3_w12g4_d32_s2_q2,30391,7736,bf_det_k16_l4_r16_c4_m3_w12g4_d32_s2_q2,30391,7736,1,1,0.000000e+00,1,1,1,0
16qam,128,16,2.500000e-01,9660,bram,687,bf_det_k16_l16_r16_c16_m4_w12g4_d32_s2_q2,59,2168,bf_det_k16_l16_r16_c16_m4_w12g4_d32_s2_q2,59,2168,1,1,0.000000e+00,1,1,1,0
16qam,128,16,2.500000e-01,15412,dsp,688,bf_det_k16_l4_r4_c4_m3_w12g4_d64_s2_q2,96,10359,bf_det_k16_l4_r4_c4_m3_w16g0_d64_s2_q2,96,10294,1,1,0.000000e+00,1,0,1,0
16qam,128,16,2.500000e-01,15412,lut,689,bf_det_k16_l4_r4_c4_m3_w12g4_d32_s2_q2,41598,10364,bf_det_k16_l4_r4_c4_m3_w12g4_d32_s2_q2,41598,10364,1,1,0.000000e+00,1,1,1,0
16qam,128,16,2.500000e-01,15412,ff,690,bf_det_k16_l4_r4_c4_m3_w12g4_d32_s2_q2,23564,10364,bf_det_k16_l4_r4_c4_m3_w12g4_d32_s2_q2,23564,10364,1,1,0.000000e+00,1,1,1,0
16qam,128,16,2.500000e-01,15412,bram,691,bf_det_k16_l16_r16_c16_m4_w12g4_d32_s2_q2,59,2168,bf_det_k16_l16_r16_c16_m4_w12g4_d32_s2_q2,59,2168,1,1,0.000000e+00,1,1,1,0
16qam,128,16,2.500000e-01,24590,dsp,692,bf_det_k16_l4_r1_c4_m3_w12g4_d64_s2_q2,60,15587,bf_det_k16_l4_r1_c4_m3_w16g0_d64_s2_q2,60,15522,1,1,0.000000e+00,1,0,1,0
16qam,128,16,2.500000e-01,24590,lut,693,bf_det_k16_l4_r1_c4_m3_w12g4_d32_s2_q2,40325,15592,bf_det_k16_l4_r1_c4_m3_w12g4_d32_s2_q2,40325,15592,1,1,0.000000e+00,1,1,1,0
16qam,128,16,2.500000e-01,24590,ff,694,bf_det_k16_l4_r1_c4_m3_w12g4_d32_s2_q2,22331,15592,bf_det_k16_l4_r1_c4_m3_w12g4_d32_s2_q2,22331,15592,1,1,0.000000e+00,1,1,1,0
16qam,128,16,2.500000e-01,24590,bram,695,bf_det_k16_l16_r16_c16_m4_w12g4_d32_s2_q2,59,2168,bf_det_k16_l16_r16_c16_m4_w12g4_d32_s2_q2,59,2168,1,1,0.000000e+00,1,1,1,0
16qam,128,16,2.500000e-01,39235,dsp,696,bf_det_k16_l1_r1_c4_m4_w12g4_d64_s2_q2,28,38231,bf_det_k16_l1_r1_c4_m3_w16g0_d64_s2_q2,24,38998,1,1,1.666700e+01,0,0,0,0
16qam,128,16,2.500000e-01,39235,lut,697,bf_det_k16_l1_r1_c4_m4_w12g4_d32_s2_q2,27954,38236,bf_det_k16_l1_r1_c4_m4_w12g4_d32_s2_q2,27954,38236,1,1,0.000000e+00,1,1,1,0
16qam,128,16,2.500000e-01,39235,ff,698,bf_det_k16_l1_r1_c4_m4_w12g4_d32_s2_q2,16050,38236,bf_det_k16_l1_r1_c4_m4_w12g4_d32_s2_q2,16050,38236,1,1,0.000000e+00,1,1,1,0
16qam,128,16,2.500000e-01,39235,bram,699,bf_det_k16_l1_r16_c4_m4_w12g4_d32_s2_q2,37,26136,bf_det_k16_l1_r16_c4_m4_w12g4_d32_s2_q2,37,26136,1,1,0.000000e+00,1,1,1,0
16qam,128,16,2.500000e-01,62601,dsp,700,bf_det_k16_l1_r1_c4_m3_w12g4_d64_s2_q2,24,39255,bf_det_k16_l1_r1_c4_m3_w16g0_d64_s2_q2,24,38998,1,1,0.000000e+00,1,0,1,0
16qam,128,16,2.500000e-01,62601,lut,701,bf_det_k16_l1_r1_c4_m3_w12g4_d32_s2_q2,27914,39260,bf_det_k16_l1_r1_c4_m3_w12g4_d32_s2_q2,27914,39260,1,1,0.000000e+00,1,1,1,0
16qam,128,16,2.500000e-01,62601,ff,702,bf_det_k16_l1_r1_c4_m3_w12g4_d32_s2_q2,15873,39260,bf_det_k16_l1_r1_c4_m3_w12g4_d32_s2_q2,15873,39260,1,1,0.000000e+00,1,1,1,0
16qam,128,16,2.500000e-01,62601,bram,703,bf_det_k16_l1_r16_c4_m4_w12g4_d32_s2_q2,37,26136,bf_det_k16_l1_r16_c4_m4_w12g4_d32_s2_q2,37,26136,1,1,0.000000e+00,1,1,1,0
16qam,128,16,5.000000e-01,1750,dsp,704,bf_det_k16_l16_r16_c16_m4_w10g8_d64_s2_q2,592,1686,bf_det_k16_l16_r16_c16_m4_w10g8_d64_s2_q2,592,1686,1,1,0.000000e+00,1,1,1,0
16qam,128,16,5.000000e-01,1750,lut,705,bf_det_k16_l16_r16_c16_m3_w12g4_d32_s2_q2,123131,1658,bf_det_k16_l16_r16_c16_m3_w12g4_d32_s2_q2,123131,1658,1,1,0.000000e+00,1,1,1,0
16qam,128,16,5.000000e-01,1750,ff,706,bf_det_k16_l16_r16_c16_m3_w10g8_d32_s2_q2,75394,1703,bf_det_k16_l16_r16_c16_m3_w10g8_d32_s2_q2,75394,1703,1,1,0.000000e+00,1,1,1,0
16qam,128,16,5.000000e-01,1750,bram,707,bf_det_k16_l16_r16_c16_m4_w10g8_d32_s2_q2,49,1691,bf_det_k16_l16_r16_c16_m4_w10g8_d32_s2_q2,49,1691,1,1,0.000000e+00,1,1,1,0
16qam,128,16,5.000000e-01,2756,dsp,708,bf_det_k16_l16_r4_c16_m4_w10g8_d64_s2_q2,208,2379,bf_det_k16_l16_r4_c16_m4_w10g8_d64_s2_q2,208,2379,1,1,0.000000e+00,1,1,1,0
16qam,128,16,5.000000e-01,2756,lut,709,bf_det_k16_l16_r4_c16_m3_w12g4_d32_s2_q2,97624,2387,bf_det_k16_l16_r4_c16_m3_w12g4_d32_s2_q2,97624,2387,1,1,0.000000e+00,1,1,1,0
16qam,128,16,5.000000e-01,2756,ff,710,bf_det_k16_l16_r4_c16_m3_w10g8_d32_s2_q2,52360,2432,bf_det_k16_l16_r4_c16_m3_w10g8_d32_s2_q2,52360,2432,1,1,0.000000e+00,1,1,1,0
16qam,128,16,5.000000e-01,2756,bram,711,bf_det_k16_l16_r16_c16_m4_w10g8_d32_s2_q2,49,1691,bf_det_k16_l16_r16_c16_m4_w10g8_d32_s2_q2,49,1691,1,1,0.000000e+00,1,1,1,0
16qam,128,16,5.000000e-01,4341,dsp,712,bf_det_k16_l16_r4_c16_m4_w10g8_d64_s2_q2,208,2379,bf_det_k16_l16_r4_c16_m4_w10g8_d64_s2_q2,208,2379,1,1,0.000000e+00,1,1,1,0
16qam,128,16,5.000000e-01,4341,lut,713,bf_det_k16_l16_r4_c16_m3_w12g4_d32_s2_q2,97624,2387,bf_det_k16_l16_r4_c16_m3_w10g4_d32_s2_q2,96309,3076,1,1,1.365000e+00,1,0,0,0
16qam,128,16,5.000000e-01,4341,ff,714,bf_det_k16_l16_r4_c16_m3_w10g4_d32_s2_q2,49331,3076,bf_det_k16_l16_r4_c16_m3_w10g4_d32_s2_q2,49331,3076,1,1,0.000000e+00,1,1,1,0
16qam,128,16,5.000000e-01,4341,bram,715,bf_det_k16_l16_r16_c16_m4_w10g8_d32_s2_q2,49,1691,bf_det_k16_l16_r16_c16_m4_w10g8_d32_s2_q2,49,1691,1,1,0.000000e+00,1,1,1,0
16qam,128,16,5.000000e-01,6838,dsp,716,bf_det_k16_l16_r1_c16_m4_w10g8_d64_s2_q2,112,5016,bf_det_k16_l16_r1_c16_m4_w10g8_d64_s2_q2,112,5016,1,1,0.000000e+00,1,1,1,0
16qam,128,16,5.000000e-01,6838,lut,717,bf_det_k16_l4_r16_c4_m3_w10g8_d32_s2_q2,46826,6023,bf_det_k16_l4_r16_c4_m3_w10g8_d32_s2_q2,46826,6023,1,1,0.000000e+00,1,1,1,0
16qam,128,16,5.000000e-01,6838,ff,718,bf_det_k16_l4_r16_c4_m3_w10g8_d32_s2_q2,26932,6023,bf_det_k16_l4_r16_c4_m3_w10g8_d32_s2_q2,26932,6023,1,1,0.000000e+00,1,1,1,0
16qam,128,16,5.000000e-01,6838,bram,719,bf_det_k16_l16_r16_c16_m4_w10g8_d32_s2_q2,49,1691,bf_det_k16_l16_r16_c16_m4_w10g8_d32_s2_q2,49,1691,1,1,0.000000e+00,1,1,1,0
16qam,128,16,5.000000e-01,10771,dsp,720,bf_det_k16_l4_r4_c4_m4_w10g8_d64_s2_q2,52,7797,bf_det_k16_l4_r4_c4_m4_w10g8_d64_s2_q2,52,7797,1,1,0.000000e+00,1,1,1,0
16qam,128,16,5.000000e-01,10771,lut,721,bf_det_k16_l4_r4_c4_m3_w10g4_d32_s2_q2,39791,10092,bf_det_k16_l4_r4_c4_m3_w10g4_d32_s2_q2,39791,10092,1,1,0.000000e+00,1,1,1,0
16qam,128,16,5.000000e-01,10771,ff,722,bf_det_k16_l4_r4_c4_m3_w10g4_d32_s2_q2,20392,10092,bf_det_k16_l4_r4_c4_m3_w10g4_d32_s2_q2,20392,10092,1,1,0.000000e+00,1,1,1,0
16qam,128,16,5.000000e-01,10771,bram,723,bf_det_k16_l16_r16_c16_m4_w10g8_d32_s2_q2,49,1691,bf_det_k16_l16_r16_c16_m4_w10g8_d32_s2_q2,49,1691,1,1,0.000000e+00,1,1,1,0
16qam,128,16,5.000000e-01,16968,dsp,724,bf_det_k16_l4_r1_c4_m4_w10g8_d64_s2_q2,28,11907,bf_det_k16_l4_r1_c4_m4_w10g8_d64_s2_q2,28,11907,1,1,0.000000e+00,1,1,1,0
16qam,128,16,5.000000e-01,16968,lut,725,bf_det_k16_l4_r1_c4_m3_w10g4_d32_s2_q2,38582,15320,bf_det_k16_l4_r1_c4_m3_w10g4_d32_s2_q2,38582,15320,1,1,0.000000e+00,1,1,1,0
16qam,128,16,5.000000e-01,16968,ff,726,bf_det_k16_l4_r1_c4_m3_w10g4_d32_s2_q2,19379,15320,bf_det_k16_l4_r1_c4_m3_w10g4_d32_s2_q2,19379,15320,1,1,0.000000e+00,1,1,1,0
16qam,128,16,5.000000e-01,16968,bram,727,bf_det_k16_l16_r16_c16_m4_w10g8_d32_s2_q2,49,1691,bf_det_k16_l16_r16_c16_m4_w10g8_d32_s2_q2,49,1691,1,1,0.000000e+00,1,1,1,0
16qam,128,16,5.000000e-01,26729,dsp,728,bf_det_k16_l4_r1_c4_m4_w10g8_d64_s2_q2,28,11907,bf_det_k16_l4_r1_c4_m4_w10g8_d64_s2_q2,28,11907,1,1,0.000000e+00,1,1,1,0
16qam,128,16,5.000000e-01,26729,lut,729,bf_det_k16_l1_r4_c4_m3_w10g8_d32_s2_q2,28417,22538,bf_det_k16_l1_r4_c4_m3_w10g8_d32_s2_q2,28417,22538,1,1,0.000000e+00,1,1,1,0
16qam,128,16,5.000000e-01,26729,ff,730,bf_det_k16_l1_r4_c4_m3_w10g8_d32_s2_q2,15925,22538,bf_det_k16_l1_r4_c4_m3_w10g8_d32_s2_q2,15925,22538,1,1,0.000000e+00,1,1,1,0
16qam,128,16,5.000000e-01,26729,bram,731,bf_det_k16_l1_r16_c4_m4_w10g8_d32_s2_q2,35,20447,bf_det_k16_l1_r16_c4_m4_w10g8_d32_s2_q2,35,20447,1,1,0.000000e+00,1,1,1,0
16qam,128,16,5.000000e-01,42105,dsp,732,bf_det_k16_l1_r1_c4_m4_w10g8_d64_s2_q2,13,29517,bf_det_k16_l1_r1_c4_m4_w10g8_d64_s2_q2,13,29517,1,1,0.000000e+00,1,1,1,0
16qam,128,16,5.000000e-01,42105,lut,733,bf_det_k16_l1_r1_c4_m3_w10g4_d32_s2_q2,26404,38220,bf_det_k16_l1_r1_c4_m3_w10g4_d32_s2_q2,26404,38220,1,1,0.000000e+00,1,1,1,0
16qam,128,16,5.000000e-01,42105,ff,734,bf_det_k16_l1_r1_c4_m3_w10g4_d32_s2_q2,14061,38220,bf_det_k16_l1_r1_c4_m3_w10g4_d32_s2_q2,14061,38220,1,1,0.000000e+00,1,1,1,0
16qam,128,16,5.000000e-01,42105,bram,735,bf_det_k16_l1_r16_c4_m4_w10g8_d32_s2_q2,35,20447,bf_det_k16_l1_r16_c4_m4_w10g8_d32_s2_q2,35,20447,1,1,0.000000e+00,1,1,1,0
16qam,128,16,1.000000e+00,1739,dsp,736,bf_det_k16_l16_r16_c16_m4_w10g4_d64_s2_q2,592,1581,bf_det_k16_l16_r16_c16_m4_w10g4_d64_s2_q2,592,1581,1,1,0.000000e+00,1,1,1,0
16qam,128,16,1.000000e+00,1739,lut,737,bf_det_k16_l16_r16_c16_m3_w10g4_d32_s2_q2,120256,1598,bf_det_k16_l16_r16_c16_m3_w10g4_d32_s2_q2,120256,1598,1,1,0.000000e+00,1,1,1,0
16qam,128,16,1.000000e+00,1739,ff,738,bf_det_k16_l16_r16_c16_m3_w10g4_d32_s2_q2,72365,1598,bf_det_k16_l16_r16_c16_m3_w10g4_d32_s2_q2,72365,1598,1,1,0.000000e+00,1,1,1,0
16qam,128,16,1.000000e+00,1739,bram,739,bf_det_k16_l16_r16_c16_m4_w10g4_d32_s2_q2,49,1586,bf_det_k16_l16_r16_c16_m4_w10g4_d32_s2_q2,49,1586,1,1,0.000000e+00,1,1,1,0
16qam,128,16,1.000000e+00,2681,dsp,740,bf_det_k16_l16_r4_c16_m4_w10g4_d64_s2_q2,208,2274,bf_det_k16_l16_r4_c16_m4_w10g4_d64_s2_q2,208,2274,1,1,0.000000e+00,1,1,1,0
16qam,128,16,1.000000e+00,2681,lut,741,bf_det_k16_l16_r4_c16_m3_w12g4_d32_s2_q2,97624,2387,bf_det_k16_l16_r4_c16_m3_w10g4_d32_s2_q2,96309,2327,1,1,1.365000e+00,1,0,0,0
16qam,128,16,1.000000e+00,2681,ff,742,bf_det_k16_l16_r4_c16_m3_w10g4_d32_s2_q2,49331,2327,bf_det_k16_l16_r4_c16_m3_w10g4_d32_s2_q2,49331,2327,1,1,0.000000e+00,1,1,1,0
16qam,128,16,1.000000e+00,2681,bram,743,bf_det_k16_l16_r16_c16_m4_w10g4_d32_s2_q2,49,1586,bf_det_k16_l16_r16_c16_m4_w10g4_d32_s2_q2,49,1586,1,1,0.000000e+00,1,1,1,0
16qam,128,16,1.000000e+00,4132,dsp,744,bf_det_k16_l16_r4_c16_m4_w10g4_d64_s2_q2,208,2274,bf_det_k16_l16_r4_c16_m4_w10g4_d64_s2_q2,208,2274,1,1,0.000000e+00,1,1,1,0
16qam,128,16,1.000000e+00,4132,lut,745,bf_det_k16_l16_r4_c16_m3_w12g4_d32_s2_q2,97624,2387,bf_det_k16_l16_r4_c16_m3_w10g4_d32_s2_q2,96309,2327,1,1,1.365000e+00,1,0,0,0
16qam,128,16,1.000000e+00,4132,ff,746,bf_det_k16_l16_r4_c16_m3_w10g4_d32_s2_q2,49331,2327,bf_det_k16_l16_r4_c16_m3_w10g4_d32_s2_q2,49331,2327,1,1,0.000000e+00,1,1,1,0
16qam,128,16,1.000000e+00,4132,bram,747,bf_det_k16_l16_r16_c16_m4_w10g4_d32_s2_q2,49,1586,bf_det_k16_l16_r16_c16_m4_w10g4_d32_s2_q2,49,1586,1,1,0.000000e+00,1,1,1,0
16qam,128,16,1.000000e+00,6369,dsp,748,bf_det_k16_l16_r1_c16_m4_w10g4_d64_s2_q2,112,4911,bf_det_k16_l16_r1_c16_m4_w10g4_d64_s2_q2,112,4911,1,1,0.000000e+00,1,1,1,0
16qam,128,16,1.000000e+00,6369,lut,749,bf_det_k16_l4_r16_c4_m3_w10g4_d32_s2_q2,45943,5666,bf_det_k16_l4_r16_c4_m3_w10g4_d32_s2_q2,45943,5666,1,1,0.000000e+00,1,1,1,0
16qam,128,16,1.000000e+00,6369,ff,750,bf_det_k16_l4_r16_c4_m3_w10g4_d32_s2_q2,26159,5666,bf_det_k16_l4_r16_c4_m3_w10g4_d32_s2_q2,26159,5666,1,1,0.000000e+00,1,1,1,0
16qam,128,16,1.000000e+00,6369,bram,751,bf_det_k16_l16_r16_c16_m4_w10g4_d32_s2_q2,49,1586,bf_det_k16_l16_r16_c16_m4_w10g4_d32_s2_q2,49,1586,1,1,0.000000e+00,1,1,1,0
16qam,128,16,1.000000e+00,9816,dsp,752,bf_det_k16_l4_r4_c4_m4_w10g4_d64_s2_q2,52,7440,bf_det_k16_l4_r4_c4_m4_w10g4_d64_s2_q2,52,7440,1,1,0.000000e+00,1,1,1,0
16qam,128,16,1.000000e+00,9816,lut,753,bf_det_k16_l4_r4_c4_m3_w10g4_d32_s2_q2,39791,7637,bf_det_k16_l4_r4_c4_m3_w10g4_d32_s2_q2,39791,7637,1,1,0.000000e+00,1,1,1,0
16qam,128,16,1.000000e+00,9816,ff,754,bf_det_k16_l4_r4_c4_m3_w10g4_d32_s2_q2,20392,7637,bf_det_k16_l4_r4_c4_m3_w10g4_d32_s2_q2,20392,7637,1,1,0.000000e+00,1,1,1,0
16qam,128,16,1.000000e+00,9816,bram,755,bf_det_k16_l16_r16_c16_m4_w10g4_d32_s2_q2,49,1586,bf_det_k16_l16_r16_c16_m4_w10g4_d32_s2_q2,49,1586,1,1,0.000000e+00,1,1,1,0
16qam,128,16,1.000000e+00,15130,dsp,756,bf_det_k16_l4_r1_c4_m4_w10g4_d64_s2_q2,28,11550,bf_det_k16_l4_r1_c4_m4_w10g4_d64_s2_q2,28,11550,1,1,0.000000e+00,1,1,1,0
16qam,128,16,1.000000e+00,15130,lut,757,bf_det_k16_l4_r1_c4_m3_w10g4_d32_s2_q2,38582,11558,bf_det_k16_l4_r1_c4_m3_w10g4_d32_s2_q2,38582,11558,1,1,0.000000e+00,1,1,1,0
16qam,128,16,1.000000e+00,15130,ff,758,bf_det_k16_l4_r1_c4_m3_w10g4_d32_s2_q2,19379,11558,bf_det_k16_l4_r1_c4_m3_w10g4_d32_s2_q2,19379,11558,1,1,0.000000e+00,1,1,1,0
16qam,128,16,1.000000e+00,15130,bram,759,bf_det_k16_l16_r16_c16_m4_w10g4_d32_s2_q2,49,1586,bf_det_k16_l16_r16_c16_m4_w10g4_d32_s2_q2,49,1586,1,1,0.000000e+00,1,1,1,0
16qam,128,16,1.000000e+00,23321,dsp,760,bf_det_k16_l4_r1_c4_m4_w10g4_d64_s2_q2,28,11550,bf_det_k16_l4_r1_c4_m4_w10g4_d64_s2_q2,28,11550,1,1,0.000000e+00,1,1,1,0
16qam,128,16,1.000000e+00,23321,lut,761,bf_det_k16_l1_r4_c4_m3_w10g4_d32_s2_q2,28100,21173,bf_det_k16_l1_r4_c4_m3_w10g4_d32_s2_q2,28100,21173,1,1,0.000000e+00,1,1,1,0
16qam,128,16,1.000000e+00,23321,ff,762,bf_det_k16_l1_r4_c4_m3_w10g4_d32_s2_q2,15716,21173,bf_det_k16_l1_r4_c4_m3_w10g4_d32_s2_q2,15716,21173,1,1,0.000000e+00,1,1,1,0
16qam,128,16,1.000000e+00,23321,bram,763,bf_det_k16_l1_r16_c4_m4_w10g4_d32_s2_q2,35,19082,bf_det_k16_l1_r16_c4_m4_w10g4_d32_s2_q2,35,19082,1,1,0.000000e+00,1,1,1,0
16qam,128,16,1.000000e+00,35947,dsp,764,bf_det_k16_l1_r1_c4_m4_w10g4_d64_s2_q2,13,28152,bf_det_k16_l1_r1_c4_m4_w10g4_d64_s2_q2,13,28152,1,1,0.000000e+00,1,1,1,0
16qam,128,16,1.000000e+00,35947,lut,765,bf_det_k16_l1_r1_c4_m3_w10g4_d32_s2_q2,26404,28925,bf_det_k16_l1_r1_c4_m3_w10g4_d32_s2_q2,26404,28925,1,1,0.000000e+00,1,1,1,0
16qam,128,16,1.000000e+00,35947,ff,766,bf_det_k16_l1_r1_c4_m3_w10g4_d32_s2_q2,14061,28925,bf_det_k16_l1_r1_c4_m3_w10g4_d32_s2_q2,14061,28925,1,1,0.000000e+00,1,1,1,0
16qam,128,16,1.000000e+00,35947,bram,767,bf_det_k16_l1_r16_c4_m4_w10g4_d32_s2_q2,35,19082,bf_det_k16_l1_r16_c4_m4_w10g4_d32_s2_q2,35,19082,1,1,0.000000e+00,1,1,1,0
64qam,32,4,2.500000e-01,1245,dsp,768,bf_det_k4_l16_r4_c16_m3_w16g4_d64_s2_q2,384,1127,bf_det_k4_l16_r4_c16_m3_w16g4_d64_s2_q2,384,1127,1,1,0.000000e+00,1,1,1,0
64qam,32,4,2.500000e-01,1245,lut,769,bf_det_k4_l16_r4_c16_m3_w14g8_d32_s2_q2,91495,1205,bf_det_k4_l16_r4_c16_m3_w14g8_d32_s2_q2,91495,1205,1,1,0.000000e+00,1,1,1,0
64qam,32,4,2.500000e-01,1245,ff,770,bf_det_k4_l16_r4_c16_m3_w14g8_d32_s2_q2,58915,1205,bf_det_k4_l16_r4_c16_m3_w14g8_d32_s2_q2,58915,1205,1,1,0.000000e+00,1,1,1,0
64qam,32,4,2.500000e-01,1245,bram,771,bf_det_k4_l16_r4_c16_m4_w14g8_d32_s2_q2,56,1193,bf_det_k4_l16_r4_c16_m4_w14g8_d32_s2_q2,56,1193,1,1,0.000000e+00,1,1,1,0
64qam,32,4,2.500000e-01,1858,dsp,772,bf_det_k4_l16_r1_c16_m3_w16g4_d64_s2_q2,240,1613,bf_det_k4_l16_r1_c16_m3_w16g4_d64_s2_q2,240,1613,1,1,0.000000e+00,1,1,1,0
64qam,32,4,2.500000e-01,1858,lut,773,bf_det_k4_l16_r4_c16_m3_w12g8_d32_s2_q2,85414,1508,bf_det_k4_l16_r1_c16_m3_w14g8_d32_s2_q2,84573,1691,1,1,9.940000e-01,1,0,0,0
64qam,32,4,2.500000e-01,1858,ff,774,bf_det_k4_l16_r1_c16_m3_w14g8_d32_s2_q2,51217,1691,bf_det_k4_l16_r1_c16_m3_w14g8_d32_s2_q2,51217,1691,1,1,0.000000e+00,1,1,1,0
64qam,32,4,2.500000e-01,1858,bram,775,bf_det_k4_l16_r4_c16_m4_w12g8_d32_s2_q2,48,1492,bf_det_k4_l16_r4_c16_m4_w12g8_d32_s2_q2,48,1492,1,1,0.000000e+00,1,1,1,0
64qam,32,4,2.500000e-01,2773,dsp,776,bf_det_k4_l16_r1_c16_m3_w16g4_d64_s2_q2,240,1613,bf_det_k4_l16_r1_c16_m3_w16g4_d64_s2_q2,240,1613,1,1,0.000000e+00,1,1,1,0
64qam,32,4,2.500000e-01,2773,lut,777,bf_det_k4_l16_r1_c16_m3_w12g8_d32_s2_q2,78894,2156,bf_det_k4_l16_r1_c16_m3_w12g8_d32_s2_q2,78894,2156,1,1,0.000000e+00,1,1,1,0
64qam,32,4,2.500000e-01,2773,ff,778,bf_det_k4_l16_r1_c16_m3_w12g8_d32_s2_q2,45678,2156,bf_det_k4_l16_r1_c16_m3_w12g8_d32_s2_q2,45678,2156,1,1,0.000000e+00,1,1,1,0
64qam,32,4,2.500000e-01,2773,bram,779,bf_det_k4_l16_r4_c16_m4_w12g8_d32_s2_q2,48,1492,bf_det_k4_l16_r4_c16_m4_w12g8_d32_s2_q2,48,1492,1,1,0.000000e+00,1,1,1,0
64qam,32,4,2.500000e-01,4137,dsp,780,bf_det_k4_l4_r1_c4_m3_w16g4_d64_s2_q2,60,3809,bf_det_k4_l4_r1_c4_m3_w16g4_d64_s2_q2,60,3809,1,1,0.000000e+00,1,1,1,0
64qam,32,4,2.500000e-01,4137,lut,781,bf_det_k4_l4_r1_c4_m4_w14g8_d32_s2_q2,29197,4064,bf_det_k4_l4_r1_c4_m3_w14g8_d32_s2_q2,29157,4067,1,1,1.370000e-01,1,0,0,0
64qam,32,4,2.500000e-01,4137,ff,782,bf_det_k4_l4_r1_c4_m4_w14g8_d32_s2_q2,17676,4064,bf_det_k4_l4_r1_c4_m3_w14g8_d32_s2_q2,17547,4067,1,1,7.350000e-01,1,0,0,0
64qam,32,4,2.500000e-01,4137,bram,783,bf_det_k4_l4_r4_c4_m4_w14g8_d32_s2_q2,20,3887,bf_det_k4_l4_r4_c4_m4_w14g8_d32_s2_q2,20,3887,1,1,0.000000e+00,1,1,1,0
64qam,32,4,2.500000e-01,6174,dsp,784,bf_det_k4_l4_r1_c4_m3_w16g4_d64_s2_q2,60,3809,bf_det_k4_l4_r1_c4_m3_w16g4_d64_s2_q2,60,3809,1,1,0.000000e+00,1,1,1,0
64qam,32,4,2.500000e-01,6174,lut,785,bf_det_k4_l4_r1_c4_m3_w12g8_d32_s2_q2,27502,5092,bf_det_k4_l4_r1_c4_m3_w12g8_d32_s2_q2,27502,5092,1,1,0.000000e+00,1,1,1,0
64qam,32,4,2.500000e-01,6174,ff,786,bf_det_k4_l4_r1_c4_m3_w12g8_d32_s2_q2,16227,5092,bf_det_k4_l4_r1_c4_m3_w12g8_d32_s2_q2,16227,5092,1,1,0.000000e+00,1,1,1,0
64qam,32,4,2.500000e-01,6174,bram,787,bf_det_k4_l4_r4_c4_m4_w12g8_d32_s2_q2,16,4852,bf_det_k4_l4_r4_c4_m4_w12g8_d32_s2_q2,16,4852,1,1,0.000000e+00,1,1,1,0
64qam,32,4,2.500000e-01,9212,dsp,788,bf_det_k4_l4_r1_c4_m3_w16g4_d64_s2_q2,60,3809,bf_det_k4_l4_r1_c4_m3_w16g4_d64_s2_q2,60,3809,1,1,0.000000e+00,1,1,1,0
64qam,32,4,2.500000e-01,9212,lut,789,bf_det_k4_l4_r1_c4_m3_w12g8_d32_s2_q2,27502,5092,bf_det_k4_l4_r1_c4_m3_w12g8_d32_s2_q2,27502,5092,1,1,0.000000e+00,1,1,1,0
64qam,32,4,2.500000e-01,9212,ff,790,bf_det_k4_l4_r1_c4_m3_w12g8_d32_s2_q2,16227,5092,bf_det_k4_l4_r1_c4_m3_w12g8_d32_s2_q2,16227,5092,1,1,0.000000e+00,1,1,1,0
64qam,32,4,2.500000e-01,9212,bram,791,bf_det_k4_l4_r4_c4_m4_w12g8_d32_s2_q2,16,4852,bf_det_k4_l4_r4_c4_m4_w12g8_d32_s2_q2,16,4852,1,1,0.000000e+00,1,1,1,0
64qam,32,4,2.500000e-01,13747,dsp,792,bf_det_k4_l4_r1_c4_m3_w16g4_d64_s2_q2,60,3809,bf_det_k4_l1_r1_c4_m4_w16g4_d64_s2_q2,28,13712,1,1,1.142860e+02,0,0,0,0
64qam,32,4,2.500000e-01,13747,lut,793,bf_det_k4_l1_r4_c4_m3_w14g8_d32_s2_q2,17354,13799,bf_det_k4_l1_r1_c4_m4_w16g4_d32_s2_q2,15872,13717,1,1,9.337000e+00,1,0,0,0
64qam,32,4,2.500000e-01,13747,ff,794,bf_det_k4_l1_r4_c4_m3_w14g8_d32_s2_q2,11729,13799,bf_det_k4_l1_r1_c4_m4_w16g4_d32_s2_q2,9888,13717,1,1,1.861900e+01,0,0,0,0
64qam,32,4,2.500000e-01,13747,bram,795,bf_det_k4_l1_r4_c4_m4_w14g8_d32_s2_q2,14,13751,bf_det_k4_l4_r4_c4_m4_w12g8_d32_s2_q2,16,4852,1,1,-1.250000e+01,1,0,0,0
64qam,32,4,2.500000e-01,20513,dsp,796,bf_det_k4_l1_r1_c4_m3_w16g4_d64_s2_q2,24,13904,bf_det_k4_l1_r1_c4_m3_w16g4_d64_s2_q2,24,13904,1,1,0.000000e+00,1,1,1,0
64qam,32,4,2.500000e-01,20513,lut,797,bf_det_k4_l1_r1_c4_m3_w12g8_d32_s2_q2,14915,18712,bf_det_k4_l1_r1_c4_m3_w12g8_d32_s2_q2,14915,18712,1,1,0.000000e+00,1,1,1,0
64qam,32,4,2.500000e-01,20513,ff,798,bf_det_k4_l1_r1_c4_m3_w12g8_d32_s2_q2,9127,18712,bf_det_k4_l1_r1_c4_m3_w12g8_d32_s2_q2,9127,18712,1,1,0.000000e+00,1,1,1,0
64qam,32,4,2.500000e-01,20513,bram,799,bf_det_k4_l1_r4_c4_m4_w14g8_d32_s2_q2,14,13751,bf_det_k4_l1_r4_c4_m4_w14g8_d32_s2_q2,14,13751,1,1,0.000000e+00,1,1,1,0
64qam,32,4,5.000000e-01,1180,dsp,800,bf_det_k4_l16_r4_c16_m3_w14g4_d64_s2_q2,384,1080,bf_det_k4_l16_r4_c16_m3_w14g4_d64_s2_q2,384,1080,1,1,0.000000e+00,1,1,1,0
64qam,32,4,5.000000e-01,1180,lut,801,bf_det_k4_l16_r4_c16_m3_w12g8_d32_s2_q2,85414,1139,bf_det_k4_l16_r4_c16_m3_w12g8_d32_s2_q2,85414,1139,1,1,0.000000e+00,1,1,1,0
64qam,32,4,5.000000e-01,1180,ff,802,bf_det_k4_l16_r4_c16_m3_w12g8_d32_s2_q2,52380,1139,bf_det_k4_l16_r4_c16_m3_w12g8_d32_s2_q2,52380,1139,1,1,0.000000e+00,1,1,1,0
64qam,32,4,5.000000e-01,1180,bram,803,bf_det_k4_l16_r4_c16_m4_w12g8_d32_s2_q2,48,1127,bf_det_k4_l16_r4_c16_m4_w12g8_d32_s2_q2,48,1127,1,1,0.000000e+00,1,1,1,0
64qam,32,4,5.000000e-01,1729,dsp,804,bf_det_k4_l16_r1_c16_m3_w14g4_d64_s2_q2,240,1566,bf_det_k4_l16_r1_c16_m3_w14g4_d64_s2_q2,240,1566,1,1,0.000000e+00,1,1,1,0
64qam,32,4,5.000000e-01,1729,lut,805,bf_det_k4_l16_r1_c16_m3_w12g8_d32_s2_q2,78894,1625,bf_det_k4_l16_r1_c16_m3_w12g8_d32_s2_q2,78894,1625,1,1,0.000000e+00,1,1,1,0
64qam,32,4,5.000000e-01,1729,ff,806,bf_det_k4_l16_r1_c16_m3_w12g8_d32_s2_q2,45678,1625,bf_det_k4_l16_r1_c16_m3_w12g8_d32_s2_q2,45678,1625,1,1,0.000000e+00,1,1,1,0
64qam,32,4,5.000000e-01,1729,bram,807,bf_det_k4_l16_r4_c16_m4_w12g8_d32_s2_q2,48,1127,bf_det_k4_l16_r4_c16_m4_w12g8_d32_s2_q2,48,1127,1,1,0.000000e+00,1,1,1,0
64qam,32,4,5.000000e-01,2533,dsp,808,bf_det_k4_l16_r1_c16_m3_w14g4_d64_s2_q2,240,1566,bf_det_k4_l16_r1_c16_m3_w14g4_d64_s2_q2,240,1566,1,1,0.000000e+00,1,1,1,0
64qam,32,4,5.000000e-01,2533,lut,809,bf_det_k4_l16_r1_c16_m3_w12g8_d32_s2_q2,78894,1625,bf_det_k4_l16_r1_c16_m3_w12g8_d32_s2_q2,78894,1625,1,1,0.000000e+00,1,1,1,0
64qam,32,4,5.000000e-01,2533,ff,810,bf_det_k4_l16_r1_c16_m3_w12g8_d32_s2_q2,45678,1625,bf_det_k4_l16_r1_c16_m3_w12g8_d32_s2_q2,45678,1625,1,1,0.000000e+00,1,1,1,0
64qam,32,4,5.000000e-01,2533,bram,811,bf_det_k4_l16_r4_c16_m4_w12g8_d32_s2_q2,48,1127,bf_det_k4_l16_r4_c16_m4_w12g8_d32_s2_q2,48,1127,1,1,0.000000e+00,1,1,1,0
64qam,32,4,5.000000e-01,3711,dsp,812,bf_det_k4_l4_r1_c4_m4_w14g4_d64_s2_q2,64,3651,bf_det_k4_l4_r1_c4_m3_w14g4_d64_s2_q2,60,3654,1,1,6.667000e+00,1,0,0,0
64qam,32,4,5.000000e-01,3711,lut,813,bf_det_k4_l4_r1_c4_m4_w14g4_d32_s2_q2,28300,3656,bf_det_k4_l4_r1_c4_m3_w14g4_d32_s2_q2,28260,3659,1,1,1.420000e-01,1,0,0,0
64qam,32,4,5.000000e-01,3711,ff,814,bf_det_k4_l4_r1_c4_m4_w14g4_d32_s2_q2,16804,3656,bf_det_k4_l4_r1_c4_m3_w14g4_d32_s2_q2,16675,3659,1,1,7.740000e-01,1,0,0,0
64qam,32,4,5.000000e-01,3711,bram,815,bf_det_k4_l4_r4_c4_m4_w12g8_d32_s2_q2,16,3659,bf_det_k4_l4_r4_c4_m4_w12g8_d32_s2_q2,16,3659,1,1,0.000000e+00,1,1,1,0
64qam,32,4,5.000000e-01,5437,dsp,816,bf_det_k4_l4_r1_c4_m3_w14g4_d64_s2_q2,60,3654,bf_det_k4_l4_r1_c4_m3_w14g4_d64_s2_q2,60,3654,1,1,0.000000e+00,1,1,1,0
64qam,32,4,5.000000e-01,5437,lut,817,bf_det_k4_l4_r1_c4_m3_w12g8_d32_s2_q2,27502,3839,bf_det_k4_l4_r1_c4_m3_w12g8_d32_s2_q2,27502,3839,1,1,0.000000e+00,1,1,1,0
64qam,32,4,5.000000e-01,5437,ff,818,bf_det_k4_l4_r1_c4_m3_w12g8_d32_s2_q2,16227,3839,bf_det_k4_l4_r1_c4_m3_w12g8_d32_s2_q2,16227,3839,1,1,0.000000e+00,1,1,1,0
64qam,32,4,5.000000e-01,5437,bram,819,bf_det_k4_l4_r4_c4_m4_w12g8_d32_s2_q2,16,3659,bf_det_k4_l4_r4_c4_m4_w12g8_d32_s2_q2,16,3659,1,1,0.000000e+00,1,1,1,0
64qam,32,4,5.000000e-01,7965,dsp,820,bf_det_k4_l4_r1_c4_m3_w14g4_d64_s2_q2,60,3654,bf_det_k4_l4_r1_c4_m3_w14g4_d64_s2_q2,60,3654,1,1,0.000000e+00,1,1,1,0
64qam,32,4,5.000000e-01,7965,lut,821,bf_det_k4_l4_r1_c4_m3_w12g8_d32_s2_q2,27502,3839,bf_det_k4_l4_r1_c4_m3_w12g8_d32_s2_q2,27502,3839,1,1,0.000000e+00,1,1,1,0
64qam,32,4,5.000000e-01,7965,ff,822,bf_det_k4_l4_r1_c4_m3_w12g8_d32_s2_q2,16227,3839,bf_det_k4_l4_r1_c4_m3_w12g8_d32_s2_q2,16227,3839,1,1,0.000000e+00,1,1,1,0
64qam,32,4,5.000000e-01,7965,bram,823,bf_det_k4_l4_r4_c4_m4_w12g8_d32_s2_q2,16,3659,bf_det_k4_l4_r4_c4_m4_w12g8_d32_s2_q2,16,3659,1,1,0.000000e+00,1,1,1,0
64qam,32,4,5.000000e-01,11669,dsp,824,bf_det_k4_l4_r1_c4_m3_w14g4_d64_s2_q2,60,3654,bf_det_k4_l4_r1_c4_m3_w14g4_d64_s2_q2,60,3654,1,1,0.000000e+00,1,1,1,0
64qam,32,4,5.000000e-01,11669,lut,825,bf_det_k4_l4_r1_c4_m3_w12g8_d32_s2_q2,27502,3839,bf_det_k4_l4_r1_c4_m3_w12g8_d32_s2_q2,27502,3839,1,1,0.000000e+00,1,1,1,0
64qam,32,4,5.000000e-01,11669,ff,826,bf_det_k4_l4_r1_c4_m3_w12g8_d32_s2_q2,16227,3839,bf_det_k4_l4_r1_c4_m3_w12g8_d32_s2_q2,16227,3839,1,1,0.000000e+00,1,1,1,0
64qam,32,4,5.000000e-01,11669,bram,827,bf_det_k4_l4_r4_c4_m4_w12g8_d32_s2_q2,16,3659,bf_det_k4_l4_r4_c4_m4_w12g8_d32_s2_q2,16,3659,1,1,0.000000e+00,1,1,1,0
64qam,32,4,5.000000e-01,17096,dsp,828,bf_det_k4_l1_r1_c4_m3_w14g4_d64_s2_q2,24,13317,bf_det_k4_l1_r1_c4_m3_w14g4_d64_s2_q2,24,13317,1,1,0.000000e+00,1,1,1,0
64qam,32,4,5.000000e-01,17096,lut,829,bf_det_k4_l1_r1_c4_m3_w12g8_d32_s2_q2,14915,14102,bf_det_k4_l1_r1_c4_m3_w12g8_d32_s2_q2,14915,14102,1,1,0.000000e+00,1,1,1,0
64qam,32,4,5.000000e-01,17096,ff,830,bf_det_k4_l1_r1_c4_m3_w12g8_d32_s2_q2,9127,14102,bf_det_k4_l1_r1_c4_m3_w12g8_d32_s2_q2,9127,14102,1,1,0.000000e+00,1,1,1,0
64qam,32,4,5.000000e-01,17096,bram,831,bf_det_k4_l1_r4_c4_m4_w14g4_d32_s2_q2,14,12191,bf_det_k4_l1_r4_c4_m4_w14g4_d32_s2_q2,14,12191,1,1,0.000000e+00,1,1,1,0
64qam,32,4,1.000000e+00,1180,dsp,800,bf_det_k4_l16_r4_c16_m3_w14g4_d64_s2_q2,384,1080,bf_det_k4_l16_r4_c16_m3_w14g4_d64_s2_q2,384,1080,1,1,0.000000e+00,1,1,1,0
64qam,32,4,1.000000e+00,1180,lut,801,bf_det_k4_l16_r4_c16_m3_w12g8_d32_s2_q2,85414,1139,bf_det_k4_l16_r4_c16_m3_w12g8_d32_s2_q2,85414,1139,1,1,0.000000e+00,1,1,1,0
64qam,32,4,1.000000e+00,1180,ff,802,bf_det_k4_l16_r4_c16_m3_w12g8_d32_s2_q2,52380,1139,bf_det_k4_l16_r4_c16_m3_w12g8_d32_s2_q2,52380,1139,1,1,0.000000e+00,1,1,1,0
64qam,32,4,1.000000e+00,1180,bram,803,bf_det_k4_l16_r4_c16_m4_w12g8_d32_s2_q2,48,1127,bf_det_k4_l16_r4_c16_m4_w12g8_d32_s2_q2,48,1127,1,1,0.000000e+00,1,1,1,0
64qam,32,4,1.000000e+00,1729,dsp,804,bf_det_k4_l16_r1_c16_m3_w14g4_d64_s2_q2,240,1566,bf_det_k4_l16_r1_c16_m3_w14g4_d64_s2_q2,240,1566,1,1,0.000000e+00,1,1,1,0
64qam,32,4,1.000000e+00,1729,lut,805,bf_det_k4_l16_r1_c16_m3_w12g8_d32_s2_q2,78894,1625,bf_det_k4_l16_r1_c16_m3_w12g8_d32_s2_q2,78894,1625,1,1,0.000000e+00,1,1,1,0
64qam,32,4,1.000000e+00,1729,ff,806,bf_det_k4_l16_r1_c16_m3_w12g8_d32_s2_q2,45678,1625,bf_det_k4_l16_r1_c16_m3_w12g8_d32_s2_q2,45678,1625,1,1,0.000000e+00,1,1,1,0
64qam,32,4,1.000000e+00,1729,bram,807,bf_det_k4_l16_r4_c16_m4_w12g8_d32_s2_q2,48,1127,bf_det_k4_l16_r4_c16_m4_w12g8_d32_s2_q2,48,1127,1,1,0.000000e+00,1,1,1,0
64qam,32,4,1.000000e+00,2533,dsp,808,bf_det_k4_l16_r1_c16_m3_w14g4_d64_s2_q2,240,1566,bf_det_k4_l16_r1_c16_m3_w14g4_d64_s2_q2,240,1566,1,1,0.000000e+00,1,1,1,0
64qam,32,4,1.000000e+00,2533,lut,809,bf_det_k4_l16_r1_c16_m3_w12g8_d32_s2_q2,78894,1625,bf_det_k4_l16_r1_c16_m3_w12g8_d32_s2_q2,78894,1625,1,1,0.000000e+00,1,1,1,0
64qam,32,4,1.000000e+00,2533,ff,810,bf_det_k4_l16_r1_c16_m3_w12g8_d32_s2_q2,45678,1625,bf_det_k4_l16_r1_c16_m3_w12g8_d32_s2_q2,45678,1625,1,1,0.000000e+00,1,1,1,0
64qam,32,4,1.000000e+00,2533,bram,811,bf_det_k4_l16_r4_c16_m4_w12g8_d32_s2_q2,48,1127,bf_det_k4_l16_r4_c16_m4_w12g8_d32_s2_q2,48,1127,1,1,0.000000e+00,1,1,1,0
64qam,32,4,1.000000e+00,3711,dsp,812,bf_det_k4_l4_r1_c4_m4_w14g4_d64_s2_q2,64,3651,bf_det_k4_l4_r1_c4_m3_w14g4_d64_s2_q2,60,3654,1,1,6.667000e+00,1,0,0,0
64qam,32,4,1.000000e+00,3711,lut,813,bf_det_k4_l4_r1_c4_m4_w14g4_d32_s2_q2,28300,3656,bf_det_k4_l4_r1_c4_m3_w14g4_d32_s2_q2,28260,3659,1,1,1.420000e-01,1,0,0,0
64qam,32,4,1.000000e+00,3711,ff,814,bf_det_k4_l4_r1_c4_m4_w14g4_d32_s2_q2,16804,3656,bf_det_k4_l4_r1_c4_m3_w14g4_d32_s2_q2,16675,3659,1,1,7.740000e-01,1,0,0,0
64qam,32,4,1.000000e+00,3711,bram,815,bf_det_k4_l4_r4_c4_m4_w12g8_d32_s2_q2,16,3659,bf_det_k4_l4_r4_c4_m4_w12g8_d32_s2_q2,16,3659,1,1,0.000000e+00,1,1,1,0
64qam,32,4,1.000000e+00,5437,dsp,816,bf_det_k4_l4_r1_c4_m3_w14g4_d64_s2_q2,60,3654,bf_det_k4_l4_r1_c4_m3_w14g4_d64_s2_q2,60,3654,1,1,0.000000e+00,1,1,1,0
64qam,32,4,1.000000e+00,5437,lut,817,bf_det_k4_l4_r1_c4_m3_w12g8_d32_s2_q2,27502,3839,bf_det_k4_l4_r1_c4_m3_w12g8_d32_s2_q2,27502,3839,1,1,0.000000e+00,1,1,1,0
64qam,32,4,1.000000e+00,5437,ff,818,bf_det_k4_l4_r1_c4_m3_w12g8_d32_s2_q2,16227,3839,bf_det_k4_l4_r1_c4_m3_w12g8_d32_s2_q2,16227,3839,1,1,0.000000e+00,1,1,1,0
64qam,32,4,1.000000e+00,5437,bram,819,bf_det_k4_l4_r4_c4_m4_w12g8_d32_s2_q2,16,3659,bf_det_k4_l4_r4_c4_m4_w12g8_d32_s2_q2,16,3659,1,1,0.000000e+00,1,1,1,0
64qam,32,4,1.000000e+00,7965,dsp,820,bf_det_k4_l4_r1_c4_m3_w14g4_d64_s2_q2,60,3654,bf_det_k4_l4_r1_c4_m3_w14g4_d64_s2_q2,60,3654,1,1,0.000000e+00,1,1,1,0
64qam,32,4,1.000000e+00,7965,lut,821,bf_det_k4_l4_r1_c4_m3_w12g8_d32_s2_q2,27502,3839,bf_det_k4_l4_r1_c4_m3_w12g8_d32_s2_q2,27502,3839,1,1,0.000000e+00,1,1,1,0
64qam,32,4,1.000000e+00,7965,ff,822,bf_det_k4_l4_r1_c4_m3_w12g8_d32_s2_q2,16227,3839,bf_det_k4_l4_r1_c4_m3_w12g8_d32_s2_q2,16227,3839,1,1,0.000000e+00,1,1,1,0
64qam,32,4,1.000000e+00,7965,bram,823,bf_det_k4_l4_r4_c4_m4_w12g8_d32_s2_q2,16,3659,bf_det_k4_l4_r4_c4_m4_w12g8_d32_s2_q2,16,3659,1,1,0.000000e+00,1,1,1,0
64qam,32,4,1.000000e+00,11669,dsp,824,bf_det_k4_l4_r1_c4_m3_w14g4_d64_s2_q2,60,3654,bf_det_k4_l4_r1_c4_m3_w14g4_d64_s2_q2,60,3654,1,1,0.000000e+00,1,1,1,0
64qam,32,4,1.000000e+00,11669,lut,825,bf_det_k4_l4_r1_c4_m3_w12g8_d32_s2_q2,27502,3839,bf_det_k4_l4_r1_c4_m3_w12g8_d32_s2_q2,27502,3839,1,1,0.000000e+00,1,1,1,0
64qam,32,4,1.000000e+00,11669,ff,826,bf_det_k4_l4_r1_c4_m3_w12g8_d32_s2_q2,16227,3839,bf_det_k4_l4_r1_c4_m3_w12g8_d32_s2_q2,16227,3839,1,1,0.000000e+00,1,1,1,0
64qam,32,4,1.000000e+00,11669,bram,827,bf_det_k4_l4_r4_c4_m4_w12g8_d32_s2_q2,16,3659,bf_det_k4_l4_r4_c4_m4_w12g8_d32_s2_q2,16,3659,1,1,0.000000e+00,1,1,1,0
64qam,32,4,1.000000e+00,17096,dsp,828,bf_det_k4_l1_r1_c4_m3_w14g4_d64_s2_q2,24,13317,bf_det_k4_l1_r1_c4_m3_w14g4_d64_s2_q2,24,13317,1,1,0.000000e+00,1,1,1,0
64qam,32,4,1.000000e+00,17096,lut,829,bf_det_k4_l1_r1_c4_m3_w12g8_d32_s2_q2,14915,14102,bf_det_k4_l1_r1_c4_m3_w12g8_d32_s2_q2,14915,14102,1,1,0.000000e+00,1,1,1,0
64qam,32,4,1.000000e+00,17096,ff,830,bf_det_k4_l1_r1_c4_m3_w12g8_d32_s2_q2,9127,14102,bf_det_k4_l1_r1_c4_m3_w12g8_d32_s2_q2,9127,14102,1,1,0.000000e+00,1,1,1,0
64qam,32,4,1.000000e+00,17096,bram,831,bf_det_k4_l1_r4_c4_m4_w14g4_d32_s2_q2,14,12191,bf_det_k4_l1_r4_c4_m4_w14g4_d32_s2_q2,14,12191,1,1,0.000000e+00,1,1,1,0
64qam,32,8,2.500000e-01,2902,dsp,832,bf_det_k8_l16_r8_c16_m3_w16g4_d64_s2_q2,576,2628,bf_det_k8_l16_r8_c16_m3_w16g4_d64_s2_q2,576,2628,1,1,0.000000e+00,1,1,1,0
64qam,32,8,2.500000e-01,2902,lut,833,bf_det_k8_l16_r8_c16_m3_w14g8_d32_s2_q2,105602,2778,bf_det_k8_l16_r8_c16_m3_w14g8_d32_s2_q2,105602,2778,1,1,0.000000e+00,1,1,1,0
64qam,32,8,2.500000e-01,2902,ff,834,bf_det_k8_l16_r8_c16_m3_w14g8_d32_s2_q2,71419,2778,bf_det_k8_l16_r8_c16_m3_w14g8_d32_s2_q2,71419,2778,1,1,0.000000e+00,1,1,1,0
64qam,32,8,2.500000e-01,2902,bram,835,bf_det_k8_l16_r8_c16_m4_w14g8_d32_s2_q2,63,2754,bf_det_k8_l16_r8_c16_m4_w14g8_d32_s2_q2,63,2754,1,1,0.000000e+00,1,1,1,0
64qam,32,8,2.500000e-01,4287,dsp,836,bf_det_k8_l16_r4_c16_m3_w16g4_d64_s2_q2,384,3030,bf_det_k8_l16_r4_c16_m3_w16g4_d64_s2_q2,384,3030,1,1,0.000000e+00,1,1,1,0
64qam,32,8,2.500000e-01,4287,lut,837,bf_det_k8_l16_r4_c16_m3_w14g8_d32_s2_q2,96527,3180,bf_det_k8_l16_r4_c16_m3_w14g8_d32_s2_q2,96527,3180,1,1,0.000000e+00,1,1,1,0
64qam,32,8,2.500000e-01,4287,ff,838,bf_det_k8_l16_r4_c16_m3_w14g8_d32_s2_q2,60992,3180,bf_det_k8_l16_r4_c16_m3_w14g8_d32_s2_q2,60992,3180,1,1,0.000000e+00,1,1,1,0
64qam,32,8,2.500000e-01,4287,bram,839,bf_det_k8_l16_r8_c16_m4_w14g8_d32_s2_q2,63,2754,bf_det_k8_l16_r8_c16_m4_w14g8_d32_s2_q2,63,2754,1,1,0.000000e+00,1,1,1,0
64qam,32,8,2.500000e-01,6331,dsp,840,bf_det_k8_l16_r1_c16_m3_w16g4_d64_s2_q2,240,5232,bf_det_k8_l16_r1_c16_m3_w16g4_d64_s2_q2,240,5232,1,1,0.000000e+00,1,1,1,0
64qam,32,8,2.500000e-01,6331,lut,841,bf_det_k8_l16_r1_c16_m3_w14g8_d32_s2_q2,89400,5382,bf_det_k8_l16_r1_c16_m3_w14g8_d32_s2_q2,89400,5382,1,1,0.000000e+00,1,1,1,0
64qam,32,8,2.500000e-01,6331,ff,842,bf_det_k8_l16_r1_c16_m3_w14g8_d32_s2_q2,53196,5382,bf_det_k8_l16_r1_c16_m3_w14g8_d32_s2_q2,53196,5382,1,1,0.000000e+00,1,1,1,0
64qam,32,8,2.500000e-01,6331,bram,843,bf_det_k8_l16_r8_c16_m4_w14g8_d32_s2_q2,63,2754,bf_det_k8_l16_r8_c16_m4_w14g8_d32_s2_q2,63,2754,1,1,0.000000e+00,1,1,1,0
64qam,32,8,2.500000e-01,9350,dsp,844,bf_det_k8_l4_r8_c4_m3_w16g4_d64_s2_q2,144,8880,bf_det_k8_l4_r8_c4_m3_w16g4_d64_s2_q2,144,8880,1,1,0.000000e+00,1,1,1,0
64qam,32,8,2.500000e-01,9350,lut,845,bf_det_k8_l4_r8_c4_m4_w14g8_d32_s2_q2,37462,9294,bf_det_k8_l4_r8_c4_m4_w14g8_d32_s2_q2,37462,9294,1,1,0.000000e+00,1,1,1,0
64qam,32,8,2.500000e-01,9350,ff,846,bf_det_k8_l4_r8_c4_m3_w16g4_d32_s2_q2,23825,8885,bf_det_k8_l4_r8_c4_m3_w16g4_d32_s2_q2,23825,8885,1,1,0.000000e+00,1,1,1,0
64qam,32,8,2.500000e-01,9350,bram,847,bf_det_k8_l4_r8_c4_m4_w14g8_d32_s2_q2,27,9294,bf_det_k8_l4_r8_c4_m4_w14g8_d32_s2_q2,27,9294,1,1,0.000000e+00,1,1,1,0
64qam,32,8,2.500000e-01,13809,dsp,848,bf_det_k8_l4_r1_c4_m3_w16g4_d64_s2_q2,60,11448,bf_det_k8_l4_r1_c4_m3_w16g4_d64_s2_q2,60,11448,1,1,0.000000e+00,1,1,1,0
64qam,32,8,2.500000e-01,13809,lut,849,bf_det_k8_l4_r1_c4_m3_w14g8_d32_s2_q2,33519,11958,bf_det_k8_l4_r1_c4_m3_w14g8_d32_s2_q2,33519,11958,1,1,0.000000e+00,1,1,1,0
64qam,32,8,2.500000e-01,13809,ff,850,bf_det_k8_l4_r1_c4_m3_w14g8_d32_s2_q2,19453,11958,bf_det_k8_l4_r1_c4_m3_w16g4_d32_s2_q2,19215,11453,1,1,1.239000e+00,1,0,0,0
64qam,32,8,2.500000e-01,13809,bram,851,bf_det_k8_l4_r8_c4_m4_w14g8_d32_s2_q2,27,9294,bf_det_k8_l4_r8_c4_m4_w14g8_d32_s2_q2,27,9294,1,1,0.000000e+00,1,1,1,0
64qam,32,8,2.500000e-01,20395,dsp,852,bf_det_k8_l4_r1_c4_m3_w16g4_d64_s2_q2,60,11448,bf_det_k8_l4_r1_c4_m3_w16g4_d64_s2_q2,60,11448,1,1,0.000000e+00,1,1,1,0
64qam,32,8,2.500000e-01,20395,lut,853,bf_det_k8_l4_r1_c4_m3_w14g8_d32_s2_q2,33519,11958,bf_det_k8_l4_r1_c4_m3_w14g8_d32_s2_q2,33519,11958,1,1,0.000000e+00,1,1,1,0
64qam,32,8,2.500000e-01,20395,ff,854,bf_det_k8_l4_r1_c4_m3_w14g8_d32_s2_q2,19453,11958,bf_det_k8_l4_r1_c4_m3_w16g4_d32_s2_q2,19215,11453,1,1,1.239000e+00,1,0,0,0
64qam,32,8,2.500000e-01,20395,bram,855,bf_det_k8_l4_r8_c4_m4_w14g8_d32_s2_q2,27,9294,bf_det_k8_l4_r8_c4_m4_w14g8_d32_s2_q2,27,9294,1,1,0.000000e+00,1,1,1,0
64qam,32,8,2.500000e-01,30122,dsp,856,bf_det_k8_l4_r1_c4_m3_w16g4_d64_s2_q2,60,11448,bf_det_k8_l4_r1_c4_m3_w16g4_d64_s2_q2,60,11448,1,1,0.000000e+00,1,1,1,0
64qam,32,8,2.500000e-01,30122,lut,857,bf_det_k8_l4_r1_c4_m3_w14g8_d32_s2_q2,33519,11958,bf_det_k8_l4_r1_c4_m3_w14g8_d32_s2_q2,33519,11958,1,1,0.000000e+00,1,1,1,0
64qam,32,8,2.500000e-01,30122,ff,858,bf_det_k8_l4_r1_c4_m3_w14g8_d32_s2_q2,19453,11958,bf_det_k8_l4_r1_c4_m3_w16g4_d32_s2_q2,19215,11453,1,1,1.239000e+00,1,0,0,0
64qam,32,8,2.500000e-01,30122,bram,859,bf_det_k8_l4_r8_c4_m4_w14g8_d32_s2_q2,27,9294,bf_det_k8_l4_r8_c4_m4_w14g8_d32_s2_q2,27,9294,1,1,0.000000e+00,1,1,1,0
64qam,32,8,2.500000e-01,44488,dsp,860,bf_det_k8_l1_r1_c4_m3_w16g4_d64_s2_q2,24,37062,bf_det_k8_l1_r1_c4_m3_w16g4_d64_s2_q2,24,37062,1,1,0.000000e+00,1,1,1,0
64qam,32,8,2.500000e-01,44488,lut,861,bf_det_k8_l1_r1_c4_m3_w14g8_d32_s2_q2,19634,39012,bf_det_k8_l1_r1_c4_m3_w14g8_d32_s2_q2,19634,39012,1,1,0.000000e+00,1,1,1,0
64qam,32,8,2.500000e-01,44488,ff,862,bf_det_k8_l1_r1_c4_m3_w14g8_d32_s2_q2,11397,39012,bf_det_k8_l1_r1_c4_m3_w14g8_d32_s2_q2,11397,39012,1,1,0.000000e+00,1,1,1,0
64qam,32,8,2.500000e-01,44488,bram,863,bf_det_k8_l1_r8_c4_m4_w14g8_d32_s2_q2,21,32478,bf_det_k8_l1_r8_c4_m4_w14g8_d32_s2_q2,21,32478,1,1,0.000000e+00,1,1,1,0
64qam,32,8,5.000000e-01,2773,dsp,96,bf_det_k8_l16_r8_c16_m3_w14g4_d64_s2_q2,576,2533,bf_det_k8_l16_r8_c16_m3_w14g4_d64_s2_q2,576,2533,1,1,0.000000e+00,1,1,1,0
64qam,32,8,5.000000e-01,2773,lut,97,bf_det_k8_l16_r8_c16_m3_w12g8_d32_s2_q2,98479,2646,bf_det_k8_l16_r8_c16_m3_w12g8_d32_s2_q2,98479,2646,1,1,0.000000e+00,1,1,1,0
64qam,32,8,5.000000e-01,2773,ff,98,bf_det_k8_l16_r8_c16_m3_w12g8_d32_s2_q2,63158,2646,bf_det_k8_l16_r8_c16_m3_w12g8_d32_s2_q2,63158,2646,1,1,0.000000e+00,1,1,1,0
64qam,32,8,5.000000e-01,2773,bram,99,bf_det_k8_l16_r8_c16_m4_w12g8_d32_s2_q2,54,2622,bf_det_k8_l16_r8_c16_m4_w12g8_d32_s2_q2,54,2622,1,1,0.000000e+00,1,1,1,0
64qam,32,8,5.000000e-01,4122,dsp,100,bf_det_k8_l16_r4_c16_m3_w14g4_d64_s2_q2,384,2935,bf_det_k8_l16_r4_c16_m3_w14g4_d64_s2_q2,384,2935,1,1,0.000000e+00,1,1,1,0
64qam,32,8,5.000000e-01,4122,lut,101,bf_det_k8_l16_r4_c16_m3_w12g8_d32_s2_q2,89916,3048,bf_det_k8_l16_r4_c16_m3_w12g8_d32_s2_q2,89916,3048,1,1,0.000000e+00,1,1,1,0
64qam,32,8,5.000000e-01,4122,ff,102,bf_det_k8_l16_r4_c16_m3_w12g8_d32_s2_q2,54203,3048,bf_det_k8_l16_r4_c16_m3_w12g8_d32_s2_q2,54203,3048,1,1,0.000000e+00,1,1,1,0
64qam,32,8,5.000000e-01,4122,bram,103,bf_det_k8_l16_r8_c16_m4_w12g8_d32_s2_q2,54,2622,bf_det_k8_l16_r8_c16_m4_w12g8_d32_s2_q2,54,2622,1,1,0.000000e+00,1,1,1,0
64qam,32,8,5.000000e-01,6127,dsp,104,bf_det_k8_l16_r1_c16_m3_w14g4_d64_s2_q2,240,5137,bf_det_k8_l16_r1_c16_m3_w14g4_d64_s2_q2,240,5137,1,1,0.000000e+00,1,1,1,0
64qam,32,8,5.000000e-01,6127,lut,105,bf_det_k8_l16_r1_c16_m3_w12g8_d32_s2_q2,83215,5250,bf_det_k8_l16_r1_c16_m3_w12g8_d32_s2_q2,83215,5250,1,1,0.000000e+00,1,1,1,0
64qam,32,8,5.000000e-01,6127,ff,106,bf_det_k8_l16_r1_c16_m3_w12g8_d32_s2_q2,47403,5250,bf_det_k8_l16_r1_c16_m3_w12g8_d32_s2_q2,47403,5250,1,1,0.000000e+00,1,1,1,0
64qam,32,8,5.000000e-01,6127,bram,107,bf_det_k8_l16_r8_c16_m4_w12g8_d32_s2_q2,54,2622,bf_det_k8_l16_r8_c16_m4_w12g8_d32_s2_q2,54,2622,1,1,0.000000e+00,1,1,1,0
64qam,32,8,5.000000e-01,9109,dsp,108,bf_det_k8_l4_r8_c4_m3_w14g4_d64_s2_q2,144,8569,bf_det_k8_l4_r8_c4_m3_w14g4_d64_s2_q2,144,8569,1,1,0.000000e+00,1,1,1,0
64qam,32,8,5.000000e-01,9109,lut,109,bf_det_k8_l4_r8_c4_m3_w12g8_d32_s2_q2,34925,8934,bf_det_k8_l4_r8_c4_m3_w12g8_d32_s2_q2,34925,8934,1,1,0.000000e+00,1,1,1,0
64qam,32,8,5.000000e-01,9109,ff,110,bf_det_k8_l4_r8_c4_m3_w12g8_d32_s2_q2,21466,8934,bf_det_k8_l4_r8_c4_m3_w12g8_d32_s2_q2,21466,8934,1,1,0.000000e+00,1,1,1,0
64qam,32,8,5.000000e-01,9109,bram,111,bf_det_k8_l4_r8_c4_m4_w12g8_d32_s2_q2,22,8838,bf_det_k8_l4_r8_c4_m4_w12g8_d32_s2_q2,22,8838,1,1,0.000000e+00,1,1,1,0
64qam,32,8,5.000000e-01,13541,dsp,112,bf_det_k8_l4_r1_c4_m3_w14g4_d64_s2_q2,60,11137,bf_det_k8_l4_r1_c4_m3_w14g4_d64_s2_q2,60,11137,1,1,0.000000e+00,1,1,1,0
64qam,32,8,5.000000e-01,13541,lut,113,bf_det_k8_l4_r1_c4_m3_w12g8_d32_s2_q2,31518,11502,bf_det_k8_l4_r1_c4_m3_w12g8_d32_s2_q2,31518,11502,1,1,0.000000e+00,1,1,1,0
64qam,32,8,5.000000e-01,13541,ff,114,bf_det_k8_l4_r1_c4_m3_w12g8_d32_s2_q2,18008,11502,bf_det_k8_l4_r1_c4_m3_w12g8_d32_s2_q2,18008,11502,1,1,0.000000e+00,1,1,1,0
64qam,32,8,5.000000e-01,13541,bram,115,bf_det_k8_l4_r8_c4_m4_w12g8_d32_s2_q2,22,8838,bf_det_k8_l4_r8_c4_m4_w12g8_d32_s2_q2,22,8838,1,1,0.000000e+00,1,1,1,0
64qam,32,8,5.000000e-01,20130,dsp,116,bf_det_k8_l4_r1_c4_m3_w14g4_d64_s2_q2,60,11137,bf_det_k8_l4_r1_c4_m3_w14g4_d64_s2_q2,60,11137,1,1,0.000000e+00,1,1,1,0
64qam,32,8,5.000000e-01,20130,lut,117,bf_det_k8_l4_r1_c4_m3_w12g8_d32_s2_q2,31518,11502,bf_det_k8_l4_r1_c4_m3_w12g8_d32_s2_q2,31518,11502,1,1,0.000000e+00,1,1,1,0
64qam,32,8,5.000000e-01,20130,ff,118,bf_det_k8_l4_r1_c4_m3_w12g8_d32_s2_q2,18008,11502,bf_det_k8_l4_r1_c4_m3_w12g8_d32_s2_q2,18008,11502,1,1,0.000000e+00,1,1,1,0
64qam,32,8,5.000000e-01,20130,bram,119,bf_det_k8_l4_r8_c4_m4_w12g8_d32_s2_q2,22,8838,bf_det_k8_l4_r8_c4_m4_w12g8_d32_s2_q2,22,8838,1,1,0.000000e+00,1,1,1,0
64qam,32,8,5.000000e-01,29926,dsp,120,bf_det_k8_l4_r1_c4_m3_w14g4_d64_s2_q2,60,11137,bf_det_k8_l4_r1_c4_m3_w14g4_d64_s2_q2,60,11137,1,1,0.000000e+00,1,1,1,0
64qam,32,8,5.000000e-01,29926,lut,121,bf_det_k8_l1_r8_c4_m3_w14g4_d32_s2_q2,23508,29454,bf_det_k8_l1_r8_c4_m3_w14g4_d32_s2_q2,23508,29454,1,1,0.000000e+00,1,1,1,0
64qam,32,8,5.000000e-01,29926,ff,122,bf_det_k8_l1_r8_c4_m3_w14g4_d32_s2_q2,16228,29454,bf_det_k8_l1_r8_c4_m3_w14g4_d32_s2_q2,16228,29454,1,1,0.000000e+00,1,1,1,0
64qam,32,8,5.000000e-01,29926,bram,123,bf_det_k8_l1_r8_c4_m4_w14g4_d32_s2_q2,21,29358,bf_det_k8_l1_r8_c4_m4_w14g4_d32_s2_q2,21,29358,1,1,0.000000e+00,1,1,1,0
64qam,32,8,5.000000e-01,44488,dsp,124,bf_det_k8_l1_r1_c4_m3_w14g4_d64_s2_q2,24,35887,bf_det_k8_l1_r1_c4_m3_w14g4_d64_s2_q2,24,35887,1,1,0.000000e+00,1,1,1,0
64qam,32,8,5.000000e-01,44488,lut,125,bf_det_k8_l1_r1_c4_m3_w12g8_d32_s2_q2,18642,37452,bf_det_k8_l1_r1_c4_m3_w12g8_d32_s2_q2,18642,37452,1,1,0.000000e+00,1,1,1,0
64qam,32,8,5.000000e-01,44488,ff,126,bf_det_k8_l1_r1_c4_m3_w12g8_d32_s2_q2,10856,37452,bf_det_k8_l1_r1_c4_m3_w12g8_d32_s2_q2,10856,37452,1,1,0.000000e+00,1,1,1,0
64qam,32,8,5.000000e-01,44488,bram,127,bf_det_k8_l1_r8_c4_m4_w12g8_d32_s2_q2,20,30918,bf_det_k8_l1_r8_c4_m4_w12g8_d32_s2_q2,20,30918,1,1,0.000000e+00,1,1,1,0
64qam,32,8,1.000000e+00,2773,dsp,96,bf_det_k8_l16_r8_c16_m3_w14g4_d64_s2_q2,576,2533,bf_det_k8_l16_r8_c16_m3_w14g4_d64_s2_q2,576,2533,1,1,0.000000e+00,1,1,1,0
64qam,32,8,1.000000e+00,2773,lut,97,bf_det_k8_l16_r8_c16_m3_w12g8_d32_s2_q2,98479,2646,bf_det_k8_l16_r8_c16_m3_w12g8_d32_s2_q2,98479,2646,1,1,0.000000e+00,1,1,1,0
64qam,32,8,1.000000e+00,2773,ff,98,bf_det_k8_l16_r8_c16_m3_w12g8_d32_s2_q2,63158,2646,bf_det_k8_l16_r8_c16_m3_w12g8_d32_s2_q2,63158,2646,1,1,0.000000e+00,1,1,1,0
64qam,32,8,1.000000e+00,2773,bram,99,bf_det_k8_l16_r8_c16_m4_w12g8_d32_s2_q2,54,2622,bf_det_k8_l16_r8_c16_m4_w12g8_d32_s2_q2,54,2622,1,1,0.000000e+00,1,1,1,0
64qam,32,8,1.000000e+00,4122,dsp,100,bf_det_k8_l16_r4_c16_m3_w14g4_d64_s2_q2,384,2935,bf_det_k8_l16_r4_c16_m3_w14g4_d64_s2_q2,384,2935,1,1,0.000000e+00,1,1,1,0
64qam,32,8,1.000000e+00,4122,lut,101,bf_det_k8_l16_r4_c16_m3_w12g8_d32_s2_q2,89916,3048,bf_det_k8_l16_r4_c16_m3_w12g8_d32_s2_q2,89916,3048,1,1,0.000000e+00,1,1,1,0
64qam,32,8,1.000000e+00,4122,ff,102,bf_det_k8_l16_r4_c16_m3_w12g8_d32_s2_q2,54203,3048,bf_det_k8_l16_r4_c16_m3_w12g8_d32_s2_q2,54203,3048,1,1,0.000000e+00,1,1,1,0
64qam,32,8,1.000000e+00,4122,bram,103,bf_det_k8_l16_r8_c16_m4_w12g8_d32_s2_q2,54,2622,bf_det_k8_l16_r8_c16_m4_w12g8_d32_s2_q2,54,2622,1,1,0.000000e+00,1,1,1,0
64qam,32,8,1.000000e+00,6127,dsp,104,bf_det_k8_l16_r1_c16_m3_w14g4_d64_s2_q2,240,5137,bf_det_k8_l16_r1_c16_m3_w14g4_d64_s2_q2,240,5137,1,1,0.000000e+00,1,1,1,0
64qam,32,8,1.000000e+00,6127,lut,105,bf_det_k8_l16_r1_c16_m3_w12g8_d32_s2_q2,83215,5250,bf_det_k8_l16_r1_c16_m3_w12g8_d32_s2_q2,83215,5250,1,1,0.000000e+00,1,1,1,0
64qam,32,8,1.000000e+00,6127,ff,106,bf_det_k8_l16_r1_c16_m3_w12g8_d32_s2_q2,47403,5250,bf_det_k8_l16_r1_c16_m3_w12g8_d32_s2_q2,47403,5250,1,1,0.000000e+00,1,1,1,0
64qam,32,8,1.000000e+00,6127,bram,107,bf_det_k8_l16_r8_c16_m4_w12g8_d32_s2_q2,54,2622,bf_det_k8_l16_r8_c16_m4_w12g8_d32_s2_q2,54,2622,1,1,0.000000e+00,1,1,1,0
64qam,32,8,1.000000e+00,9109,dsp,108,bf_det_k8_l4_r8_c4_m3_w14g4_d64_s2_q2,144,8569,bf_det_k8_l4_r8_c4_m3_w14g4_d64_s2_q2,144,8569,1,1,0.000000e+00,1,1,1,0
64qam,32,8,1.000000e+00,9109,lut,109,bf_det_k8_l4_r8_c4_m3_w12g8_d32_s2_q2,34925,8934,bf_det_k8_l4_r8_c4_m3_w12g8_d32_s2_q2,34925,8934,1,1,0.000000e+00,1,1,1,0
64qam,32,8,1.000000e+00,9109,ff,110,bf_det_k8_l4_r8_c4_m3_w12g8_d32_s2_q2,21466,8934,bf_det_k8_l4_r8_c4_m3_w12g8_d32_s2_q2,21466,8934,1,1,0.000000e+00,1,1,1,0
64qam,32,8,1.000000e+00,9109,bram,111,bf_det_k8_l4_r8_c4_m4_w12g8_d32_s2_q2,22,8838,bf_det_k8_l4_r8_c4_m4_w12g8_d32_s2_q2,22,8838,1,1,0.000000e+00,1,1,1,0
64qam,32,8,1.000000e+00,13541,dsp,112,bf_det_k8_l4_r1_c4_m3_w14g4_d64_s2_q2,60,11137,bf_det_k8_l4_r1_c4_m3_w14g4_d64_s2_q2,60,11137,1,1,0.000000e+00,1,1,1,0
64qam,32,8,1.000000e+00,13541,lut,113,bf_det_k8_l4_r1_c4_m3_w12g8_d32_s2_q2,31518,11502,bf_det_k8_l4_r1_c4_m3_w12g8_d32_s2_q2,31518,11502,1,1,0.000000e+00,1,1,1,0
64qam,32,8,1.000000e+00,13541,ff,114,bf_det_k8_l4_r1_c4_m3_w12g8_d32_s2_q2,18008,11502,bf_det_k8_l4_r1_c4_m3_w12g8_d32_s2_q2,18008,11502,1,1,0.000000e+00,1,1,1,0
64qam,32,8,1.000000e+00,13541,bram,115,bf_det_k8_l4_r8_c4_m4_w12g8_d32_s2_q2,22,8838,bf_det_k8_l4_r8_c4_m4_w12g8_d32_s2_q2,22,8838,1,1,0.000000e+00,1,1,1,0
64qam,32,8,1.000000e+00,20130,dsp,116,bf_det_k8_l4_r1_c4_m3_w14g4_d64_s2_q2,60,11137,bf_det_k8_l4_r1_c4_m3_w14g4_d64_s2_q2,60,11137,1,1,0.000000e+00,1,1,1,0
64qam,32,8,1.000000e+00,20130,lut,117,bf_det_k8_l4_r1_c4_m3_w12g8_d32_s2_q2,31518,11502,bf_det_k8_l4_r1_c4_m3_w12g8_d32_s2_q2,31518,11502,1,1,0.000000e+00,1,1,1,0
64qam,32,8,1.000000e+00,20130,ff,118,bf_det_k8_l4_r1_c4_m3_w12g8_d32_s2_q2,18008,11502,bf_det_k8_l4_r1_c4_m3_w12g8_d32_s2_q2,18008,11502,1,1,0.000000e+00,1,1,1,0
64qam,32,8,1.000000e+00,20130,bram,119,bf_det_k8_l4_r8_c4_m4_w12g8_d32_s2_q2,22,8838,bf_det_k8_l4_r8_c4_m4_w12g8_d32_s2_q2,22,8838,1,1,0.000000e+00,1,1,1,0
64qam,32,8,1.000000e+00,29926,dsp,120,bf_det_k8_l4_r1_c4_m3_w14g4_d64_s2_q2,60,11137,bf_det_k8_l4_r1_c4_m3_w14g4_d64_s2_q2,60,11137,1,1,0.000000e+00,1,1,1,0
64qam,32,8,1.000000e+00,29926,lut,121,bf_det_k8_l1_r8_c4_m3_w14g4_d32_s2_q2,23508,29454,bf_det_k8_l1_r8_c4_m3_w14g4_d32_s2_q2,23508,29454,1,1,0.000000e+00,1,1,1,0
64qam,32,8,1.000000e+00,29926,ff,122,bf_det_k8_l1_r8_c4_m3_w14g4_d32_s2_q2,16228,29454,bf_det_k8_l1_r8_c4_m3_w14g4_d32_s2_q2,16228,29454,1,1,0.000000e+00,1,1,1,0
64qam,32,8,1.000000e+00,29926,bram,123,bf_det_k8_l1_r8_c4_m4_w14g4_d32_s2_q2,21,29358,bf_det_k8_l1_r8_c4_m4_w14g4_d32_s2_q2,21,29358,1,1,0.000000e+00,1,1,1,0
64qam,32,8,1.000000e+00,44488,dsp,124,bf_det_k8_l1_r1_c4_m3_w14g4_d64_s2_q2,24,35887,bf_det_k8_l1_r1_c4_m3_w14g4_d64_s2_q2,24,35887,1,1,0.000000e+00,1,1,1,0
64qam,32,8,1.000000e+00,44488,lut,125,bf_det_k8_l1_r1_c4_m3_w12g8_d32_s2_q2,18642,37452,bf_det_k8_l1_r1_c4_m3_w12g8_d32_s2_q2,18642,37452,1,1,0.000000e+00,1,1,1,0
64qam,32,8,1.000000e+00,44488,ff,126,bf_det_k8_l1_r1_c4_m3_w12g8_d32_s2_q2,10856,37452,bf_det_k8_l1_r1_c4_m3_w12g8_d32_s2_q2,10856,37452,1,1,0.000000e+00,1,1,1,0
64qam,32,8,1.000000e+00,44488,bram,127,bf_det_k8_l1_r8_c4_m4_w12g8_d32_s2_q2,20,30918,bf_det_k8_l1_r8_c4_m4_w12g8_d32_s2_q2,20,30918,1,1,0.000000e+00,1,1,1,0
64qam,32,16,2.500000e-01,7709,dsp,864,bf_det_k16_l16_r16_c16_m3_w14g8_d64_s2_q2,960,7071,bf_det_k16_l16_r16_c16_m3_w14g8_d64_s2_q2,960,7071,1,1,0.000000e+00,1,1,1,0
64qam,32,16,2.500000e-01,7709,lut,865,bf_det_k16_l16_r16_c16_m3_w14g8_d32_s2_q2,135164,7076,bf_det_k16_l16_r16_c16_m3_w14g8_d32_s2_q2,135164,7076,1,1,0.000000e+00,1,1,1,0
64qam,32,16,2.500000e-01,7709,ff,866,bf_det_k16_l16_r16_c16_m3_w14g8_d32_s2_q2,99137,7076,bf_det_k16_l16_r16_c16_m3_w14g8_d32_s2_q2,99137,7076,1,1,0.000000e+00,1,1,1,0
64qam,32,16,2.500000e-01,7709,bram,867,bf_det_k16_l16_r16_c16_m4_w14g8_d32_s2_q2,69,7028,bf_det_k16_l16_r16_c16_m4_w14g8_d32_s2_q2,69,7028,1,1,0.000000e+00,1,1,1,0
64qam,32,16,2.500000e-01,11669,dsp,868,bf_det_k16_l16_r4_c16_m3_w14g8_d64_s2_q2,384,9987,bf_det_k16_l16_r4_c16_m3_w14g8_d64_s2_q2,384,9987,1,1,0.000000e+00,1,1,1,0
64qam,32,16,2.500000e-01,11669,lut,869,bf_det_k16_l16_r4_c16_m3_w14g8_d32_s2_q2,108049,9992,bf_det_k16_l16_r4_c16_m3_w14g8_d32_s2_q2,108049,9992,1,1,0.000000e+00,1,1,1,0
64qam,32,16,2.500000e-01,11669,ff,870,bf_det_k16_l16_r4_c16_m3_w14g8_d32_s2_q2,67655,9992,bf_det_k16_l16_r4_c16_m3_w14g8_d32_s2_q2,67655,9992,1,1,0.000000e+00,1,1,1,0
64qam,32,16,2.500000e-01,11669,bram,871,bf_det_k16_l16_r16_c16_m4_w14g8_d32_s2_q2,69,7028,bf_det_k16_l16_r16_c16_m4_w14g8_d32_s2_q2,69,7028,1,1,0.000000e+00,1,1,1,0
64qam,32,16,2.500000e-01,17662,dsp,872,bf_det_k16_l16_r4_c16_m3_w14g8_d64_s2_q2,384,9987,bf_det_k16_l16_r4_c16_m3_w14g8_d64_s2_q2,384,9987,1,1,0.000000e+00,1,1,1,0
64qam,32,16,2.500000e-01,17662,lut,873,bf_det_k16_l16_r4_c16_m3_w14g8_d32_s2_q2,108049,9992,bf_det_k16_l16_r4_c16_m3_w14g8_d32_s2_q2,108049,9992,1,1,0.000000e+00,1,1,1,0
64qam,32,16,2.500000e-01,17662,ff,874,bf_det_k16_l16_r4_c16_m3_w14g8_d32_s2_q2,67655,9992,bf_det_k16_l16_r4_c16_m3_w14g8_d32_s2_q2,67655,9992,1,1,0.000000e+00,1,1,1,0
64qam,32,16,2.500000e-01,17662,bram,875,bf_det_k16_l16_r16_c16_m4_w14g8_d32_s2_q2,69,7028,bf_det_k16_l16_r16_c16_m4_w14g8_d32_s2_q2,69,7028,1,1,0.000000e+00,1,1,1,0
64qam,32,16,2.500000e-01,26735,dsp,876,bf_det_k16_l16_r1_c16_m3_w14g8_d64_s2_q2,240,21111,bf_det_k16_l16_r1_c16_m3_w14g8_d64_s2_q2,240,21111,1,1,0.000000e+00,1,1,1,0
64qam,32,16,2.500000e-01,26735,lut,877,bf_det_k16_l4_r16_c4_m3_w14g8_d32_s2_q2,52409,24908,bf_det_k16_l4_r16_c4_m3_w14g8_d32_s2_q2,52409,24908,1,1,0.000000e+00,1,1,1,0
64qam,32,16,2.500000e-01,26735,ff,878,bf_det_k16_l4_r16_c4_m3_w14g8_d32_s2_q2,34503,24908,bf_det_k16_l4_r16_c4_m3_w14g8_d32_s2_q2,34503,24908,1,1,0.000000e+00,1,1,1,0
64qam,32,16,2.500000e-01,26735,bram,879,bf_det_k16_l4_r16_c4_m4_w14g8_d32_s2_q2,65,24716,bf_det_k16_l4_r16_c4_m4_w14g8_d32_s2_q2,65,24716,1,1,0.000000e+00,1,1,1,0
64qam,32,16,2.500000e-01,40469,dsp,880,bf_det_k16_l4_r4_c4_m3_w14g8_d64_s2_q2,96,32787,bf_det_k16_l4_r4_c4_m3_w14g8_d64_s2_q2,96,32787,1,1,0.000000e+00,1,1,1,0
64qam,32,16,2.500000e-01,40469,lut,881,bf_det_k16_l4_r4_c4_m3_w14g8_d32_s2_q2,45393,32792,bf_det_k16_l4_r4_c4_m3_w14g8_d32_s2_q2,45393,32792,1,1,0.000000e+00,1,1,1,0
64qam,32,16,2.500000e-01,40469,ff,882,bf_det_k16_l4_r4_c4_m3_w14g8_d32_s2_q2,26616,32792,bf_det_k16_l4_r4_c4_m3_w14g8_d32_s2_q2,26616,32792,1,1,0.000000e+00,1,1,1,0
64qam,32,16,2.500000e-01,40469,bram,883,bf_det_k16_l4_r16_c4_m4_w14g8_d32_s2_q2,65,24716,bf_det_k16_l4_r16_c4_m4_w14g8_d32_s2_q2,65,24716,1,1,0.000000e+00,1,1,1,0
64qam,32,16,2.500000e-01,61257,dsp,884,bf_det_k16_l4_r1_c4_m3_w14g8_d64_s2_q2,60,48471,bf_det_k16_l4_r1_c4_m3_w14g8_d64_s2_q2,60,48471,1,1,0.000000e+00,1,1,1,0
64qam,32,16,2.500000e-01,61257,lut,885,bf_det_k16_l4_r1_c4_m3_w14g8_d32_s2_q2,44048,48476,bf_det_k16_l4_r1_c4_m3_w14g8_d32_s2_q2,44048,48476,1,1,0.000000e+00,1,1,1,0
64qam,32,16,2.500000e-01,61257,ff,886,bf_det_k16_l4_r1_c4_m3_w14g8_d32_s2_q2,25179,48476,bf_det_k16_l4_r1_c4_m3_w14g8_d32_s2_q2,25179,48476,1,1,0.000000e+00,1,1,1,0
64qam,32,16,2.500000e-01,61257,bram,887,bf_det_k16_l4_r16_c4_m4_w14g8_d32_s2_q2,65,24716,bf_det_k16_l4_r16_c4_m4_w14g8_d32_s2_q2,65,24716,1,1,0.000000e+00,1,1,1,0
64qam,32,16,2.500000e-01,92724,dsp,888,bf_det_k16_l4_r1_c4_m3_w14g8_d64_s2_q2,60,48471,bf_det_k16_l4_r1_c4_m3_w14g8_d64_s2_q2,60,48471,1,1,0.000000e+00,1,1,1,0
64qam,32,16,2.500000e-01,92724,lut,889,bf_det_k16_l1_r4_c4_m4_w14g8_d32_s2_q2,32226,92504,bf_det_k16_l1_r4_c4_m4_w14g8_d32_s2_q2,32226,92504,1,1,0.000000e+00,1,1,1,0
64qam,32,16,2.500000e-01,92724,ff,890,bf_det_k16_l1_r4_c4_m4_w14g8_d32_s2_q2,20828,92504,bf_det_k16_l1_r4_c4_m4_w14g8_d32_s2_q2,20828,92504,1,1,0.000000e+00,1,1,1,0
64qam,32,16,2.500000e-01,92724,bram,891,bf_det_k16_l1_r16_c4_m4_w14g8_d32_s2_q2,39,84908,bf_det_k16_l1_r16_c4_m4_w14g8_d32_s2_q2,39,84908,1,1,0.000000e+00,1,1,1,0
64qam,32,16,2.500000e-01,140355,dsp,892,bf_det_k16_l1_r1_c4_m3_w14g8_d64_s2_q2,24,124275,bf_det_k16_l1_r1_c4_m3_w14g8_d64_s2_q2,24,124275,1,1,0.000000e+00,1,1,1,0
64qam,32,16,2.500000e-01,140355,lut,893,bf_det_k16_l1_r1_c4_m3_w14g8_d32_s2_q2,30154,124280,bf_det_k16_l1_r1_c4_m3_w14g8_d32_s2_q2,30154,124280,1,1,0.000000e+00,1,1,1,0
64qam,32,16,2.500000e-01,140355,ff,894,bf_det_k16_l1_r1_c4_m3_w14g8_d32_s2_q2,17621,124280,bf_det_k16_l1_r1_c4_m3_w14g8_d32_s2_q2,17621,124280,1,1,0.000000e+00,1,1,1,0
64qam,32,16,2.500000e-01,140355,bram,895,bf_det_k16_l1_r16_c4_m4_w14g8_d32_s2_q2,39,84908,bf_det_k16_l1_r16_c4_m4_w14g8_d32_s2_q2,39,84908,1,1,0.000000e+00,1,1,1,0
64qam,32,16,5.000000e-01,7709,dsp,864,bf_det_k16_l16_r16_c16_m3_w14g8_d64_s2_q2,960,7071,bf_det_k16_l16_r16_c16_m3_w14g8_d64_s2_q2,960,7071,1,1,0.000000e+00,1,1,1,0
64qam,32,16,5.000000e-01,7709,lut,865,bf_det_k16_l16_r16_c16_m3_w14g8_d32_s2_q2,135164,7076,bf_det_k16_l16_r16_c16_m3_w14g8_d32_s2_q2,135164,7076,1,1,0.000000e+00,1,1,1,0
64qam,32,16,5.000000e-01,7709,ff,866,bf_det_k16_l16_r16_c16_m3_w14g8_d32_s2_q2,99137,7076,bf_det_k16_l16_r16_c16_m3_w14g8_d32_s2_q2,99137,7076,1,1,0.000000e+00,1,1,1,0
64qam,32,16,5.000000e-01,7709,bram,867,bf_det_k16_l16_r16_c16_m4_w14g8_d32_s2_q2,69,7028,bf_det_k16_l16_r16_c16_m4_w14g8_d32_s2_q2,69,7028,1,1,0.000000e+00,1,1,1,0
64qam,32,16,5.000000e-01,11669,dsp,868,bf_det_k16_l16_r4_c16_m3_w14g8_d64_s2_q2,384,9987,bf_det_k16_l16_r4_c16_m3_w14g8_d64_s2_q2,384,9987,1,1,0.000000e+00,1,1,1,0
64qam,32,16,5.000000e-01,11669,lut,869,bf_det_k16_l16_r4_c16_m3_w14g8_d32_s2_q2,108049,9992,bf_det_k16_l16_r4_c16_m3_w14g8_d32_s2_q2,108049,9992,1,1,0.000000e+00,1,1,1,0
64qam,32,16,5.000000e-01,11669,ff,870,bf_det_k16_l16_r4_c16_m3_w14g8_d32_s2_q2,67655,9992,bf_det_k16_l16_r4_c16_m3_w14g8_d32_s2_q2,67655,9992,1,1,0.000000e+00,1,1,1,0
64qam,32,16,5.000000e-01,11669,bram,871,bf_det_k16_l16_r16_c16_m4_w14g8_d32_s2_q2,69,7028,bf_det_k16_l16_r16_c16_m4_w14g8_d32_s2_q2,69,7028,1,1,0.000000e+00,1,1,1,0
64qam,32,16,5.000000e-01,17662,dsp,872,bf_det_k16_l16_r4_c16_m3_w14g8_d64_s2_q2,384,9987,bf_det_k16_l16_r4_c16_m3_w14g8_d64_s2_q2,384,9987,1,1,0.000000e+00,1,1,1,0
64qam,32,16,5.000000e-01,17662,lut,873,bf_det_k16_l16_r4_c16_m3_w14g8_d32_s2_q2,108049,9992,bf_det_k16_l16_r4_c16_m3_w14g8_d32_s2_q2,108049,9992,1,1,0.000000e+00,1,1,1,0
64qam,32,16,5.000000e-01,17662,ff,874,bf_det_k16_l16_r4_c16_m3_w14g8_d32_s2_q2,67655,9992,bf_det_k16_l16_r4_c16_m3_w14g8_d32_s2_q2,67655,9992,1,1,0.000000e+00,1,1,1,0
64qam,32,16,5.000000e-01,17662,bram,875,bf_det_k16_l16_r16_c16_m4_w14g8_d32_s2_q2,69,7028,bf_det_k16_l16_r16_c16_m4_w14g8_d32_s2_q2,69,7028,1,1,0.000000e+00,1,1,1,0
64qam,32,16,5.000000e-01,26735,dsp,876,bf_det_k16_l16_r1_c16_m3_w14g8_d64_s2_q2,240,21111,bf_det_k16_l16_r1_c16_m3_w14g8_d64_s2_q2,240,21111,1,1,0.000000e+00,1,1,1,0
64qam,32,16,5.000000e-01,26735,lut,877,bf_det_k16_l4_r16_c4_m3_w14g8_d32_s2_q2,52409,24908,bf_det_k16_l4_r16_c4_m3_w14g8_d32_s2_q2,52409,24908,1,1,0.000000e+00,1,1,1,0
64qam,32,16,5.000000e-01,26735,ff,878,bf_det_k16_l4_r16_c4_m3_w14g8_d32_s2_q2,34503,24908,bf_det_k16_l4_r16_c4_m3_w14g8_d32_s2_q2,34503,24908,1,1,0.000000e+00,1,1,1,0
64qam,32,16,5.000000e-01,26735,bram,879,bf_det_k16_l4_r16_c4_m4_w14g8_d32_s2_q2,65,24716,bf_det_k16_l4_r16_c4_m4_w14g8_d32_s2_q2,65,24716,1,1,0.000000e+00,1,1,1,0
64qam,32,16,5.000000e-01,40469,dsp,880,bf_det_k16_l4_r4_c4_m3_w14g8_d64_s2_q2,96,32787,bf_det_k16_l4_r4_c4_m3_w14g8_d64_s2_q2,96,32787,1,1,0.000000e+00,1,1,1,0
64qam,32,16,5.000000e-01,40469,lut,881,bf_det_k16_l4_r4_c4_m3_w14g8_d32_s2_q2,45393,32792,bf_det_k16_l4_r4_c4_m3_w14g8_d32_s2_q2,45393,32792,1,1,0.000000e+00,1,1,1,0
64qam,32,16,5.000000e-01,40469,ff,882,bf_det_k16_l4_r4_c4_m3_w14g8_d32_s2_q2,26616,32792,bf_det_k16_l4_r4_c4_m3_w14g8_d32_s2_q2,26616,32792,1,1,0.000000e+00,1,1,1,0
64qam,32,16,5.000000e-01,40469,bram,883,bf_det_k16_l4_r16_c4_m4_w14g8_d32_s2_q2,65,24716,bf_det_k16_l4_r16_c4_m4_w14g8_d32_s2_q2,65,24716,1,1,0.000000e+00,1,1,1,0
64qam,32,16,5.000000e-01,61257,dsp,884,bf_det_k16_l4_r1_c4_m3_w14g8_d64_s2_q2,60,48471,bf_det_k16_l4_r1_c4_m3_w14g8_d64_s2_q2,60,48471,1,1,0.000000e+00,1,1,1,0
64qam,32,16,5.000000e-01,61257,lut,885,bf_det_k16_l4_r1_c4_m3_w14g8_d32_s2_q2,44048,48476,bf_det_k16_l4_r1_c4_m3_w14g8_d32_s2_q2,44048,48476,1,1,0.000000e+00,1,1,1,0
64qam,32,16,5.000000e-01,61257,ff,886,bf_det_k16_l4_r1_c4_m3_w14g8_d32_s2_q2,25179,48476,bf_det_k16_l4_r1_c4_m3_w14g8_d32_s2_q2,25179,48476,1,1,0.000000e+00,1,1,1,0
64qam,32,16,5.000000e-01,61257,bram,887,bf_det_k16_l4_r16_c4_m4_w14g8_d32_s2_q2,65,24716,bf_det_k16_l4_r16_c4_m4_w14g8_d32_s2_q2,65,24716,1,1,0.000000e+00,1,1,1,0
64qam,32,16,5.000000e-01,92724,dsp,888,bf_det_k16_l4_r1_c4_m3_w14g8_d64_s2_q2,60,48471,bf_det_k16_l4_r1_c4_m3_w14g8_d64_s2_q2,60,48471,1,1,0.000000e+00,1,1,1,0
64qam,32,16,5.000000e-01,92724,lut,889,bf_det_k16_l1_r4_c4_m4_w14g8_d32_s2_q2,32226,92504,bf_det_k16_l1_r4_c4_m4_w14g8_d32_s2_q2,32226,92504,1,1,0.000000e+00,1,1,1,0
64qam,32,16,5.000000e-01,92724,ff,890,bf_det_k16_l1_r4_c4_m4_w14g8_d32_s2_q2,20828,92504,bf_det_k16_l1_r4_c4_m4_w14g8_d32_s2_q2,20828,92504,1,1,0.000000e+00,1,1,1,0
64qam,32,16,5.000000e-01,92724,bram,891,bf_det_k16_l1_r16_c4_m4_w14g8_d32_s2_q2,39,84908,bf_det_k16_l1_r16_c4_m4_w14g8_d32_s2_q2,39,84908,1,1,0.000000e+00,1,1,1,0
64qam,32,16,5.000000e-01,140355,dsp,892,bf_det_k16_l1_r1_c4_m3_w14g8_d64_s2_q2,24,124275,bf_det_k16_l1_r1_c4_m3_w14g8_d64_s2_q2,24,124275,1,1,0.000000e+00,1,1,1,0
64qam,32,16,5.000000e-01,140355,lut,893,bf_det_k16_l1_r1_c4_m3_w14g8_d32_s2_q2,30154,124280,bf_det_k16_l1_r1_c4_m3_w14g8_d32_s2_q2,30154,124280,1,1,0.000000e+00,1,1,1,0
64qam,32,16,5.000000e-01,140355,ff,894,bf_det_k16_l1_r1_c4_m3_w14g8_d32_s2_q2,17621,124280,bf_det_k16_l1_r1_c4_m3_w14g8_d32_s2_q2,17621,124280,1,1,0.000000e+00,1,1,1,0
64qam,32,16,5.000000e-01,140355,bram,895,bf_det_k16_l1_r16_c4_m4_w14g8_d32_s2_q2,39,84908,bf_det_k16_l1_r16_c4_m4_w14g8_d32_s2_q2,39,84908,1,1,0.000000e+00,1,1,1,0
64qam,32,16,1.000000e+00,7489,dsp,896,bf_det_k16_l16_r16_c16_m3_w16g4_d64_s2_q2,960,6782,bf_det_k16_l16_r16_c16_m3_w16g4_d64_s2_q2,960,6782,1,1,0.000000e+00,1,1,1,0
64qam,32,16,1.000000e+00,7489,lut,897,bf_det_k16_l16_r16_c16_m3_w14g8_d32_s2_q2,135164,7076,bf_det_k16_l16_r16_c16_m3_w14g8_d32_s2_q2,135164,7076,1,1,0.000000e+00,1,1,1,0
64qam,32,16,1.000000e+00,7489,ff,898,bf_det_k16_l16_r16_c16_m3_w14g8_d32_s2_q2,99137,7076,bf_det_k16_l16_r16_c16_m3_w14g8_d32_s2_q2,99137,7076,1,1,0.000000e+00,1,1,1,0
64qam,32,16,1.000000e+00,7489,bram,899,bf_det_k16_l16_r16_c16_m4_w14g8_d32_s2_q2,69,7028,bf_det_k16_l16_r16_c16_m4_w14g8_d32_s2_q2,69,7028,1,1,0.000000e+00,1,1,1,0
64qam,32,16,1.000000e+00,11383,dsp,900,bf_det_k16_l16_r4_c16_m3_w16g4_d64_s2_q2,384,9698,bf_det_k16_l16_r4_c16_m3_w16g4_d64_s2_q2,384,9698,1,1,0.000000e+00,1,1,1,0
64qam,32,16,1.000000e+00,11383,lut,901,bf_det_k16_l16_r4_c16_m3_w14g8_d32_s2_q2,108049,9992,bf_det_k16_l16_r4_c16_m3_w14g8_d32_s2_q2,108049,9992,1,1,0.000000e+00,1,1,1,0
64qam,32,16,1.000000e+00,11383,ff,902,bf_det_k16_l16_r4_c16_m3_w14g8_d32_s2_q2,67655,9992,bf_det_k16_l16_r4_c16_m3_w14g8_d32_s2_q2,67655,9992,1,1,0.000000e+00,1,1,1,0
64qam,32,16,1.000000e+00,11383,bram,903,bf_det_k16_l16_r16_c16_m4_w14g8_d32_s2_q2,69,7028,bf_det_k16_l16_r16_c16_m4_w14g8_d32_s2_q2,69,7028,1,1,0.000000e+00,1,1,1,0
64qam,32,16,1.000000e+00,17301,dsp,904,bf_det_k16_l16_r4_c16_m3_w16g4_d64_s2_q2,384,9698,bf_det_k16_l16_r4_c16_m3_w16g4_d64_s2_q2,384,9698,1,1,0.000000e+00,1,1,1,0
64qam,32,16,1.000000e+00,17301,lut,905,bf_det_k16_l16_r4_c16_m3_w14g8_d32_s2_q2,108049,9992,bf_det_k16_l16_r4_c16_m3_w14g8_d32_s2_q2,108049,9992,1,1,0.000000e+00,1,1,1,0
64qam,32,16,1.000000e+00,17301,ff,906,bf_det_k16_l16_r4_c16_m3_w14g8_d32_s2_q2,67655,9992,bf_det_k16_l16_r4_c16_m3_w14g8_d32_s2_q2,67655,9992,1,1,0.000000e+00,1,1,1,0
64qam,32,16,1.000000e+00,17301,bram,907,bf_det_k16_l16_r16_c16_m4_w14g8_d32_s2_q2,69,7028,bf_det_k16_l16_r16_c16_m4_w14g8_d32_s2_q2,69,7028,1,1,0.000000e+00,1,1,1,0
64qam,32,16,1.000000e+00,26297,dsp,908,bf_det_k16_l16_r1_c16_m3_w16g4_d64_s2_q2,240,20822,bf_det_k16_l16_r1_c16_m3_w16g4_d64_s2_q2,240,20822,1,1,0.000000e+00,1,1,1,0
64qam,32,16,1.000000e+00,26297,lut,909,bf_det_k16_l4_r16_c4_m3_w14g8_d32_s2_q2,52409,24908,bf_det_k16_l4_r16_c4_m3_w14g8_d32_s2_q2,52409,24908,1,1,0.000000e+00,1,1,1,0
64qam,32,16,1.000000e+00,26297,ff,910,bf_det_k16_l4_r16_c4_m3_w14g8_d32_s2_q2,34503,24908,bf_det_k16_l4_r16_c4_m3_w14g8_d32_s2_q2,34503,24908,1,1,0.000000e+00,1,1,1,0
64qam,32,16,1.000000e+00,26297,bram,911,bf_det_k16_l4_r16_c4_m4_w14g8_d32_s2_q2,65,24716,bf_det_k16_l4_r16_c4_m4_w14g8_d32_s2_q2,65,24716,1,1,0.000000e+00,1,1,1,0
64qam,32,16,1.000000e+00,39970,dsp,912,bf_det_k16_l4_r4_c4_m3_w16g4_d64_s2_q2,96,31778,bf_det_k16_l4_r4_c4_m3_w16g4_d64_s2_q2,96,31778,1,1,0.000000e+00,1,1,1,0
64qam,32,16,1.000000e+00,39970,lut,913,bf_det_k16_l4_r4_c4_m3_w14g8_d32_s2_q2,45393,32792,bf_det_k16_l4_r4_c4_m3_w14g8_d32_s2_q2,45393,32792,1,1,0.000000e+00,1,1,1,0
64qam,32,16,1.000000e+00,39970,ff,914,bf_det_k16_l4_r4_c4_m3_w14g8_d32_s2_q2,26616,32792,bf_det_k16_l4_r4_c4_m3_w14g8_d32_s2_q2,26616,32792,1,1,0.000000e+00,1,1,1,0
64qam,32,16,1.000000e+00,39970,bram,915,bf_det_k16_l4_r16_c4_m4_w14g8_d32_s2_q2,65,24716,bf_det_k16_l4_r16_c4_m4_w14g8_d32_s2_q2,65,24716,1,1,0.000000e+00,1,1,1,0
64qam,32,16,1.000000e+00,60752,dsp,916,bf_det_k16_l4_r1_c4_m3_w16g4_d64_s2_q2,60,47462,bf_det_k16_l4_r1_c4_m3_w16g4_d64_s2_q2,60,47462,1,1,0.000000e+00,1,1,1,0
64qam,32,16,1.000000e+00,60752,lut,917,bf_det_k16_l4_r1_c4_m3_w14g8_d32_s2_q2,44048,48476,bf_det_k16_l4_r1_c4_m3_w14g8_d32_s2_q2,44048,48476,1,1,0.000000e+00,1,1,1,0
64qam,32,16,1.000000e+00,60752,ff,918,bf_det_k16_l4_r1_c4_m3_w14g8_d32_s2_q2,25179,48476,bf_det_k16_l4_r1_c4_m3_w14g8_d32_s2_q2,25179,48476,1,1,0.000000e+00,1,1,1,0
64qam,32,16,1.000000e+00,60752,bram,919,bf_det_k16_l4_r16_c4_m4_w14g8_d32_s2_q2,65,24716,bf_det_k16_l4_r16_c4_m4_w14g8_d32_s2_q2,65,24716,1,1,0.000000e+00,1,1,1,0
64qam,32,16,1.000000e+00,92341,dsp,920,bf_det_k16_l4_r1_c4_m3_w16g4_d64_s2_q2,60,47462,bf_det_k16_l4_r1_c4_m3_w16g4_d64_s2_q2,60,47462,1,1,0.000000e+00,1,1,1,0
64qam,32,16,1.000000e+00,92341,lut,921,bf_det_k16_l1_r4_c4_m4_w14g8_d32_s2_q2,32226,92504,bf_det_k16_l1_r4_c4_m3_w16g4_d32_s2_q2,33753,89383,1,1,-4.524000e+00,1,0,0,0
64qam,32,16,1.000000e+00,92341,ff,922,bf_det_k16_l1_r4_c4_m4_w14g8_d32_s2_q2,20828,92504,bf_det_k16_l1_r4_c4_m3_w16g4_d32_s2_q2,21032,89383,1,1,-9.700000e-01,1,0,0,0
64qam,32,16,1.000000e+00,92341,bram,923,bf_det_k16_l1_r16_c4_m4_w14g8_d32_s2_q2,39,84908,bf_det_k16_l1_r16_c4_m4_w14g8_d32_s2_q2,39,84908,1,1,0.000000e+00,1,1,1,0
64qam,32,16,1.000000e+00,140355,dsp,924,bf_det_k16_l1_r1_c4_m3_w16g4_d64_s2_q2,24,120386,bf_det_k16_l1_r1_c4_m3_w16g4_d64_s2_q2,24,120386,1,1,0.000000e+00,1,1,1,0
64qam,32,16,1.000000e+00,140355,lut,925,bf_det_k16_l1_r1_c4_m3_w14g8_d32_s2_q2,30154,124280,bf_det_k16_l1_r1_c4_m3_w14g8_d32_s2_q2,30154,124280,1,1,0.000000e+00,1,1,1,0
64qam,32,16,1.000000e+00,140355,ff,926,bf_det_k16_l1_r1_c4_m3_w14g8_d32_s2_q2,17621,124280,bf_det_k16_l1_r1_c4_m3_w14g8_d32_s2_q2,17621,124280,1,1,0.000000e+00,1,1,1,0
64qam,32,16,1.000000e+00,140355,bram,927,bf_det_k16_l1_r16_c4_m4_w14g8_d32_s2_q2,39,84908,bf_det_k16_l1_r16_c4_m4_w14g8_d32_s2_q2,39,84908,1,1,0.000000e+00,1,1,1,0
64qam,64,4,2.500000e-01,1180,dsp,800,bf_det_k4_l16_r4_c16_m3_w14g4_d64_s2_q2,384,1080,bf_det_k4_l16_r4_c16_m3_w14g4_d64_s2_q2,384,1080,1,1,0.000000e+00,1,1,1,0
64qam,64,4,2.500000e-01,1180,lut,801,bf_det_k4_l16_r4_c16_m3_w12g8_d32_s2_q2,85414,1139,bf_det_k4_l16_r4_c16_m3_w12g8_d32_s2_q2,85414,1139,1,1,0.000000e+00,1,1,1,0
64qam,64,4,2.500000e-01,1180,ff,802,bf_det_k4_l16_r4_c16_m3_w12g8_d32_s2_q2,52380,1139,bf_det_k4_l16_r4_c16_m3_w12g8_d32_s2_q2,52380,1139,1,1,0.000000e+00,1,1,1,0
64qam,64,4,2.500000e-01,1180,bram,803,bf_det_k4_l16_r4_c16_m4_w12g8_d32_s2_q2,48,1127,bf_det_k4_l16_r4_c16_m4_w12g8_d32_s2_q2,48,1127,1,1,0.000000e+00,1,1,1,0
64qam,64,4,2.500000e-01,1729,dsp,804,bf_det_k4_l16_r1_c16_m3_w14g4_d64_s2_q2,240,1566,bf_det_k4_l16_r1_c16_m3_w14g4_d64_s2_q2,240,1566,1,1,0.000000e+00,1,1,1,0
64qam,64,4,2.500000e-01,1729,lut,805,bf_det_k4_l16_r1_c16_m3_w12g8_d32_s2_q2,78894,1625,bf_det_k4_l16_r1_c16_m3_w12g8_d32_s2_q2,78894,1625,1,1,0.000000e+00,1,1,1,0
64qam,64,4,2.500000e-01,1729,ff,806,bf_det_k4_l16_r1_c16_m3_w12g8_d32_s2_q2,45678,1625,bf_det_k4_l16_r1_c16_m3_w12g8_d32_s2_q2,45678,1625,1,1,0.000000e+00,1,1,1,0
64qam,64,4,2.500000e-01,1729,bram,807,bf_det_k4_l16_r4_c16_m4_w12g8_d32_s2_q2,48,1127,bf_det_k4_l16_r4_c16_m4_w12g8_d32_s2_q2,48,1127,1,1,0.000000e+00,1,1,1,0
64qam,64,4,2.500000e-01,2533,dsp,808,bf_det_k4_l16_r1_c16_m3_w14g4_d64_s2_q2,240,1566,bf_det_k4_l16_r1_c16_m3_w14g4_d64_s2_q2,240,1566,1,1,0.000000e+00,1,1,1,0
64qam,64,4,2.500000e-01,2533,lut,809,bf_det_k4_l16_r1_c16_m3_w12g8_d32_s2_q2,78894,1625,bf_det_k4_l16_r1_c16_m3_w12g8_d32_s2_q2,78894,1625,1,1,0.000000e+00,1,1,1,0
64qam,64,4,2.500000e-01,2533,ff,810,bf_det_k4_l16_r1_c16_m3_w12g8_d32_s2_q2,45678,1625,bf_det_k4_l16_r1_c16_m3_w12g8_d32_s2_q2,45678,1625,1,1,0.000000e+00,1,1,1,0
64qam,64,4,2.500000e-01,2533,bram,811,bf_det_k4_l16_r4_c16_m4_w12g8_d32_s2_q2,48,1127,bf_det_k4_l16_r4_c16_m4_w12g8_d32_s2_q2,48,1127,1,1,0.000000e+00,1,1,1,0
64qam,64,4,2.500000e-01,3711,dsp,812,bf_det_k4_l4_r1_c4_m4_w14g4_d64_s2_q2,64,3651,bf_det_k4_l4_r1_c4_m3_w14g4_d64_s2_q2,60,3654,1,1,6.667000e+00,1,0,0,0
64qam,64,4,2.500000e-01,3711,lut,813,bf_det_k4_l4_r1_c4_m4_w14g4_d32_s2_q2,28300,3656,bf_det_k4_l4_r1_c4_m3_w14g4_d32_s2_q2,28260,3659,1,1,1.420000e-01,1,0,0,0
64qam,64,4,2.500000e-01,3711,ff,814,bf_det_k4_l4_r1_c4_m4_w14g4_d32_s2_q2,16804,3656,bf_det_k4_l4_r1_c4_m3_w14g4_d32_s2_q2,16675,3659,1,1,7.740000e-01,1,0,0,0
64qam,64,4,2.500000e-01,3711,bram,815,bf_det_k4_l4_r4_c4_m4_w12g8_d32_s2_q2,16,3659,bf_det_k4_l4_r4_c4_m4_w12g8_d32_s2_q2,16,3659,1,1,0.000000e+00,1,1,1,0
64qam,64,4,2.500000e-01,5437,dsp,816,bf_det_k4_l4_r1_c4_m3_w14g4_d64_s2_q2,60,3654,bf_det_k4_l4_r1_c4_m3_w14g4_d64_s2_q2,60,3654,1,1,0.000000e+00,1,1,1,0
64qam,64,4,2.500000e-01,5437,lut,817,bf_det_k4_l4_r1_c4_m3_w12g8_d32_s2_q2,27502,3839,bf_det_k4_l4_r1_c4_m3_w12g8_d32_s2_q2,27502,3839,1,1,0.000000e+00,1,1,1,0
64qam,64,4,2.500000e-01,5437,ff,818,bf_det_k4_l4_r1_c4_m3_w12g8_d32_s2_q2,16227,3839,bf_det_k4_l4_r1_c4_m3_w12g8_d32_s2_q2,16227,3839,1,1,0.000000e+00,1,1,1,0
64qam,64,4,2.500000e-01,5437,bram,819,bf_det_k4_l4_r4_c4_m4_w12g8_d32_s2_q2,16,3659,bf_det_k4_l4_r4_c4_m4_w12g8_d32_s2_q2,16,3659,1,1,0.000000e+00,1,1,1,0
64qam,64,4,2.500000e-01,7965,dsp,820,bf_det_k4_l4_r1_c4_m3_w14g4_d64_s2_q2,60,3654,bf_det_k4_l4_r1_c4_m3_w14g4_d64_s2_q2,60,3654,1,1,0.000000e+00,1,1,1,0
64qam,64,4,2.500000e-01,7965,lut,821,bf_det_k4_l4_r1_c4_m3_w12g8_d32_s2_q2,27502,3839,bf_det_k4_l4_r1_c4_m3_w12g8_d32_s2_q2,27502,3839,1,1,0.000000e+00,1,1,1,0
64qam,64,4,2.500000e-01,7965,ff,822,bf_det_k4_l4_r1_c4_m3_w12g8_d32_s2_q2,16227,3839,bf_det_k4_l4_r1_c4_m3_w12g8_d32_s2_q2,16227,3839,1,1,0.000000e+00,1,1,1,0
64qam,64,4,2.500000e-01,7965,bram,823,bf_det_k4_l4_r4_c4_m4_w12g8_d32_s2_q2,16,3659,bf_det_k4_l4_r4_c4_m4_w12g8_d32_s2_q2,16,3659,1,1,0.000000e+00,1,1,1,0
64qam,64,4,2.500000e-01,11669,dsp,824,bf_det_k4_l4_r1_c4_m3_w14g4_d64_s2_q2,60,3654,bf_det_k4_l4_r1_c4_m3_w14g4_d64_s2_q2,60,3654,1,1,0.000000e+00,1,1,1,0
64qam,64,4,2.500000e-01,11669,lut,825,bf_det_k4_l4_r1_c4_m3_w12g8_d32_s2_q2,27502,3839,bf_det_k4_l4_r1_c4_m3_w12g8_d32_s2_q2,27502,3839,1,1,0.000000e+00,1,1,1,0
64qam,64,4,2.500000e-01,11669,ff,826,bf_det_k4_l4_r1_c4_m3_w12g8_d32_s2_q2,16227,3839,bf_det_k4_l4_r1_c4_m3_w12g8_d32_s2_q2,16227,3839,1,1,0.000000e+00,1,1,1,0
64qam,64,4,2.500000e-01,11669,bram,827,bf_det_k4_l4_r4_c4_m4_w12g8_d32_s2_q2,16,3659,bf_det_k4_l4_r4_c4_m4_w12g8_d32_s2_q2,16,3659,1,1,0.000000e+00,1,1,1,0
64qam,64,4,2.500000e-01,17096,dsp,828,bf_det_k4_l1_r1_c4_m3_w14g4_d64_s2_q2,24,13317,bf_det_k4_l1_r1_c4_m3_w14g4_d64_s2_q2,24,13317,1,1,0.000000e+00,1,1,1,0
64qam,64,4,2.500000e-01,17096,lut,829,bf_det_k4_l1_r1_c4_m3_w12g8_d32_s2_q2,14915,14102,bf_det_k4_l1_r1_c4_m3_w12g8_d32_s2_q2,14915,14102,1,1,0.000000e+00,1,1,1,0
64qam,64,4,2.500000e-01,17096,ff,830,bf_det_k4_l1_r1_c4_m3_w12g8_d32_s2_q2,9127,14102,bf_det_k4_l1_r1_c4_m3_w12g8_d32_s2_q2,9127,14102,1,1,0.000000e+00,1,1,1,0
64qam,64,4,2.500000e-01,17096,bram,831,bf_det_k4_l1_r4_c4_m4_w14g4_d32_s2_q2,14,12191,bf_det_k4_l1_r4_c4_m4_w14g4_d32_s2_q2,14,12191,1,1,0.000000e+00,1,1,1,0
64qam,64,4,5.000000e-01,1180,dsp,800,bf_det_k4_l16_r4_c16_m3_w14g4_d64_s2_q2,384,1080,bf_det_k4_l16_r4_c16_m3_w14g4_d64_s2_q2,384,1080,1,1,0.000000e+00,1,1,1,0
64qam,64,4,5.000000e-01,1180,lut,801,bf_det_k4_l16_r4_c16_m3_w12g8_d32_s2_q2,85414,1139,bf_det_k4_l16_r4_c16_m3_w12g8_d32_s2_q2,85414,1139,1,1,0.000000e+00,1,1,1,0
64qam,64,4,5.000000e-01,1180,ff,802,bf_det_k4_l16_r4_c16_m3_w12g8_d32_s2_q2,52380,1139,bf_det_k4_l16_r4_c16_m3_w12g8_d32_s2_q2,52380,1139,1,1,0.000000e+00,1,1,1,0
64qam,64,4,5.000000e-01,1180,bram,803,bf_det_k4_l16_r4_c16_m4_w12g8_d32_s2_q2,48,1127,bf_det_k4_l16_r4_c16_m4_w12g8_d32_s2_q2,48,1127,1,1,0.000000e+00,1,1,1,0
64qam,64,4,5.000000e-01,1729,dsp,804,bf_det_k4_l16_r1_c16_m3_w14g4_d64_s2_q2,240,1566,bf_det_k4_l16_r1_c16_m3_w14g4_d64_s2_q2,240,1566,1,1,0.000000e+00,1,1,1,0
64qam,64,4,5.000000e-01,1729,lut,805,bf_det_k4_l16_r1_c16_m3_w12g8_d32_s2_q2,78894,1625,bf_det_k4_l16_r1_c16_m3_w12g8_d32_s2_q2,78894,1625,1,1,0.000000e+00,1,1,1,0
64qam,64,4,5.000000e-01,1729,ff,806,bf_det_k4_l16_r1_c16_m3_w12g8_d32_s2_q2,45678,1625,bf_det_k4_l16_r1_c16_m3_w12g8_d32_s2_q2,45678,1625,1,1,0.000000e+00,1,1,1,0
64qam,64,4,5.000000e-01,1729,bram,807,bf_det_k4_l16_r4_c16_m4_w12g8_d32_s2_q2,48,1127,bf_det_k4_l16_r4_c16_m4_w12g8_d32_s2_q2,48,1127,1,1,0.000000e+00,1,1,1,0
64qam,64,4,5.000000e-01,2533,dsp,808,bf_det_k4_l16_r1_c16_m3_w14g4_d64_s2_q2,240,1566,bf_det_k4_l16_r1_c16_m3_w14g4_d64_s2_q2,240,1566,1,1,0.000000e+00,1,1,1,0
64qam,64,4,5.000000e-01,2533,lut,809,bf_det_k4_l16_r1_c16_m3_w12g8_d32_s2_q2,78894,1625,bf_det_k4_l16_r1_c16_m3_w12g8_d32_s2_q2,78894,1625,1,1,0.000000e+00,1,1,1,0
64qam,64,4,5.000000e-01,2533,ff,810,bf_det_k4_l16_r1_c16_m3_w12g8_d32_s2_q2,45678,1625,bf_det_k4_l16_r1_c16_m3_w12g8_d32_s2_q2,45678,1625,1,1,0.000000e+00,1,1,1,0
64qam,64,4,5.000000e-01,2533,bram,811,bf_det_k4_l16_r4_c16_m4_w12g8_d32_s2_q2,48,1127,bf_det_k4_l16_r4_c16_m4_w12g8_d32_s2_q2,48,1127,1,1,0.000000e+00,1,1,1,0
64qam,64,4,5.000000e-01,3711,dsp,812,bf_det_k4_l4_r1_c4_m4_w14g4_d64_s2_q2,64,3651,bf_det_k4_l4_r1_c4_m3_w14g4_d64_s2_q2,60,3654,1,1,6.667000e+00,1,0,0,0
64qam,64,4,5.000000e-01,3711,lut,813,bf_det_k4_l4_r1_c4_m4_w14g4_d32_s2_q2,28300,3656,bf_det_k4_l4_r1_c4_m3_w14g4_d32_s2_q2,28260,3659,1,1,1.420000e-01,1,0,0,0
64qam,64,4,5.000000e-01,3711,ff,814,bf_det_k4_l4_r1_c4_m4_w14g4_d32_s2_q2,16804,3656,bf_det_k4_l4_r1_c4_m3_w14g4_d32_s2_q2,16675,3659,1,1,7.740000e-01,1,0,0,0
64qam,64,4,5.000000e-01,3711,bram,815,bf_det_k4_l4_r4_c4_m4_w12g8_d32_s2_q2,16,3659,bf_det_k4_l4_r4_c4_m4_w12g8_d32_s2_q2,16,3659,1,1,0.000000e+00,1,1,1,0
64qam,64,4,5.000000e-01,5437,dsp,816,bf_det_k4_l4_r1_c4_m3_w14g4_d64_s2_q2,60,3654,bf_det_k4_l4_r1_c4_m3_w14g4_d64_s2_q2,60,3654,1,1,0.000000e+00,1,1,1,0
64qam,64,4,5.000000e-01,5437,lut,817,bf_det_k4_l4_r1_c4_m3_w12g8_d32_s2_q2,27502,3839,bf_det_k4_l4_r1_c4_m3_w12g8_d32_s2_q2,27502,3839,1,1,0.000000e+00,1,1,1,0
64qam,64,4,5.000000e-01,5437,ff,818,bf_det_k4_l4_r1_c4_m3_w12g8_d32_s2_q2,16227,3839,bf_det_k4_l4_r1_c4_m3_w12g8_d32_s2_q2,16227,3839,1,1,0.000000e+00,1,1,1,0
64qam,64,4,5.000000e-01,5437,bram,819,bf_det_k4_l4_r4_c4_m4_w12g8_d32_s2_q2,16,3659,bf_det_k4_l4_r4_c4_m4_w12g8_d32_s2_q2,16,3659,1,1,0.000000e+00,1,1,1,0
64qam,64,4,5.000000e-01,7965,dsp,820,bf_det_k4_l4_r1_c4_m3_w14g4_d64_s2_q2,60,3654,bf_det_k4_l4_r1_c4_m3_w14g4_d64_s2_q2,60,3654,1,1,0.000000e+00,1,1,1,0
64qam,64,4,5.000000e-01,7965,lut,821,bf_det_k4_l4_r1_c4_m3_w12g8_d32_s2_q2,27502,3839,bf_det_k4_l4_r1_c4_m3_w12g8_d32_s2_q2,27502,3839,1,1,0.000000e+00,1,1,1,0
64qam,64,4,5.000000e-01,7965,ff,822,bf_det_k4_l4_r1_c4_m3_w12g8_d32_s2_q2,16227,3839,bf_det_k4_l4_r1_c4_m3_w12g8_d32_s2_q2,16227,3839,1,1,0.000000e+00,1,1,1,0
64qam,64,4,5.000000e-01,7965,bram,823,bf_det_k4_l4_r4_c4_m4_w12g8_d32_s2_q2,16,3659,bf_det_k4_l4_r4_c4_m4_w12g8_d32_s2_q2,16,3659,1,1,0.000000e+00,1,1,1,0
64qam,64,4,5.000000e-01,11669,dsp,824,bf_det_k4_l4_r1_c4_m3_w14g4_d64_s2_q2,60,3654,bf_det_k4_l4_r1_c4_m3_w14g4_d64_s2_q2,60,3654,1,1,0.000000e+00,1,1,1,0
64qam,64,4,5.000000e-01,11669,lut,825,bf_det_k4_l4_r1_c4_m3_w12g8_d32_s2_q2,27502,3839,bf_det_k4_l4_r1_c4_m3_w12g8_d32_s2_q2,27502,3839,1,1,0.000000e+00,1,1,1,0
64qam,64,4,5.000000e-01,11669,ff,826,bf_det_k4_l4_r1_c4_m3_w12g8_d32_s2_q2,16227,3839,bf_det_k4_l4_r1_c4_m3_w12g8_d32_s2_q2,16227,3839,1,1,0.000000e+00,1,1,1,0
64qam,64,4,5.000000e-01,11669,bram,827,bf_det_k4_l4_r4_c4_m4_w12g8_d32_s2_q2,16,3659,bf_det_k4_l4_r4_c4_m4_w12g8_d32_s2_q2,16,3659,1,1,0.000000e+00,1,1,1,0
64qam,64,4,5.000000e-01,17096,dsp,828,bf_det_k4_l1_r1_c4_m3_w14g4_d64_s2_q2,24,13317,bf_det_k4_l1_r1_c4_m3_w14g4_d64_s2_q2,24,13317,1,1,0.000000e+00,1,1,1,0
64qam,64,4,5.000000e-01,17096,lut,829,bf_det_k4_l1_r1_c4_m3_w12g8_d32_s2_q2,14915,14102,bf_det_k4_l1_r1_c4_m3_w12g8_d32_s2_q2,14915,14102,1,1,0.000000e+00,1,1,1,0
64qam,64,4,5.000000e-01,17096,ff,830,bf_det_k4_l1_r1_c4_m3_w12g8_d32_s2_q2,9127,14102,bf_det_k4_l1_r1_c4_m3_w12g8_d32_s2_q2,9127,14102,1,1,0.000000e+00,1,1,1,0
64qam,64,4,5.000000e-01,17096,bram,831,bf_det_k4_l1_r4_c4_m4_w14g4_d32_s2_q2,14,12191,bf_det_k4_l1_r4_c4_m4_w14g4_d32_s2_q2,14,12191,1,1,0.000000e+00,1,1,1,0
64qam,64,4,1.000000e+00,1170,dsp,928,bf_det_k4_l16_r4_c16_m4_w10g8_d64_s2_q2,208,1062,bf_det_k4_l16_r4_c16_m4_w10g8_d64_s2_q2,208,1062,1,1,0.000000e+00,1,1,1,0
64qam,64,4,1.000000e+00,1170,lut,929,bf_det_k4_l16_r4_c16_m3_w12g8_d32_s2_q2,85414,1139,bf_det_k4_l16_r4_c16_m3_w12g8_d32_s2_q2,85414,1139,1,1,0.000000e+00,1,1,1,0
64qam,64,4,1.000000e+00,1170,ff,930,bf_det_k4_l16_r4_c16_m3_w10g8_d32_s2_q2,46202,1079,bf_det_k4_l16_r4_c16_m3_w10g8_d32_s2_q2,46202,1079,1,1,0.000000e+00,1,1,1,0
64qam,64,4,1.000000e+00,1170,bram,931,bf_det_k4_l16_r4_c16_m4_w10g8_d32_s2_q2,40,1067,bf_det_k4_l16_r4_c16_m4_w10g8_d32_s2_q2,40,1067,1,1,0.000000e+00,1,1,1,0
64qam,64,4,1.000000e+00,1734,dsp,932,bf_det_k4_l16_r1_c16_m4_w10g8_d64_s2_q2,112,1512,bf_det_k4_l16_r1_c16_m4_w10g8_d64_s2_q2,112,1512,1,1,0.000000e+00,1,1,1,0
64qam,64,4,1.000000e+00,1734,lut,933,bf_det_k4_l16_r1_c16_m3_w12g8_d32_s2_q2,78894,1625,bf_det_k4_l16_r1_c16_m3_w12g8_d32_s2_q2,78894,1625,1,1,0.000000e+00,1,1,1,0
64qam,64,4,1.000000e+00,1734,ff,934,bf_det_k4_l16_r1_c16_m3_w10g8_d32_s2_q2,40560,1565,bf_det_k4_l16_r1_c16_m3_w10g8_d32_s2_q2,40560,1565,1,1,0.000000e+00,1,1,1,0
64qam,64,4,1.000000e+00,1734,bram,935,bf_det_k4_l16_r4_c16_m4_w10g8_d32_s2_q2,40,1067,bf_det_k4_l16_r4_c16_m4_w10g8_d32_s2_q2,40,1067,1,1,0.000000e+00,1,1,1,0
64qam,64,4,1.000000e+00,2569,dsp,936,bf_det_k4_l16_r1_c16_m4_w10g8_d64_s2_q2,112,1512,bf_det_k4_l16_r1_c16_m4_w10g8_d64_s2_q2,112,1512,1,1,0.000000e+00,1,1,1,0
64qam,64,4,1.000000e+00,2569,lut,937,bf_det_k4_l16_r1_c16_m3_w12g4_d32_s2_q2,75948,2016,bf_det_k4_l16_r1_c16_m3_w12g4_d32_s2_q2,75948,2016,1,1,0.000000e+00,1,1,1,0
64qam,64,4,1.000000e+00,2569,ff,938,bf_det_k4_l16_r1_c16_m3_w12g4_d32_s2_q2,42649,2016,bf_det_k4_l16_r1_c16_m3_w10g8_d32_s2_q2,40560,1565,1,1,5.150000e+00,1,0,0,0
64qam,64,4,1.000000e+00,2569,bram,939,bf_det_k4_l16_r4_c16_m4_w10g8_d32_s2_q2,40,1067,bf_det_k4_l16_r4_c16_m4_w10g8_d32_s2_q2,40,1067,1,1,0.000000e+00,1,1,1,0
64qam,64,4,1.000000e+00,3807,dsp,940,bf_det_k4_l4_r1_c4_m4_w10g8_d64_s2_q2,28,3627,bf_det_k4_l4_r1_c4_m4_w10g8_d64_s2_q2,28,3627,1,1,0.000000e+00,1,1,1,0
64qam,64,4,1.000000e+00,3807,lut,941,bf_det_k4_l4_r1_c4_m4_w10g8_d32_s2_q2,27782,3632,bf_det_k4_l4_r1_c4_m3_w10g8_d32_s2_q2,27254,3635,1,1,1.937000e+00,1,0,0,0
64qam,64,4,1.000000e+00,3807,ff,942,bf_det_k4_l4_r1_c4_m4_w10g8_d32_s2_q2,15007,3632,bf_det_k4_l4_r1_c4_m3_w10g8_d32_s2_q2,14842,3635,1,1,1.112000e+00,1,0,0,0
64qam,64,4,1.000000e+00,3807,bram,943,bf_det_k4_l4_r4_c4_m4_w10g8_d32_s2_q2,16,3455,bf_det_k4_l4_r4_c4_m4_w10g8_d32_s2_q2,16,3455,1,1,0.000000e+00,1,1,1,0
64qam,64,4,1.000000e+00,5641,dsp,944,bf_det_k4_l4_r1_c4_m4_w10g8_d64_s2_q2,28,3627,bf_det_k4_l4_r1_c4_m4_w10g8_d64_s2_q2,28,3627,1,1,0.000000e+00,1,1,1,0
64qam,64,4,1.000000e+00,5641,lut,945,bf_det_k4_l4_r1_c4_m3_w12g4_d32_s2_q2,26676,4616,bf_det_k4_l4_r1_c4_m3_w12g4_d32_s2_q2,26676,4616,1,1,0.000000e+00,1,1,1,0
64qam,64,4,1.000000e+00,5641,ff,946,bf_det_k4_l4_r1_c4_m3_w12g4_d32_s2_q2,15454,4616,bf_det_k4_l4_r1_c4_m3_w10g8_d32_s2_q2,14842,3635,1,1,4.123000e+00,1,0,0,0
64qam,64,4,1.000000e+00,5641,bram,947,bf_det_k4_l4_r4_c4_m4_w10g8_d32_s2_q2,16,3455,bf_det_k4_l4_r4_c4_m4_w10g8_d32_s2_q2,16,3455,1,1,0.000000e+00,1,1,1,0
64qam,64,4,1.000000e+00,8358,dsp,948,bf_det_k4_l4_r1_c4_m4_w10g8_d64_s2_q2,28,3627,bf_det_k4_l4_r1_c4_m4_w10g8_d64_s2_q2,28,3627,1,1,0.000000e+00,1,1,1,0
64qam,64,4,1.000000e+00,8358,lut,949,bf_det_k4_l4_r1_c4_m3_w12g4_d32_s2_q2,26676,4616,bf_det_k4_l4_r1_c4_m3_w12g4_d32_s2_q2,26676,4616,1,1,0.000000e+00,1,1,1,0
64qam,64,4,1.000000e+00,8358,ff,950,bf_det_k4_l4_r1_c4_m3_w12g4_d32_s2_q2,15454,4616,bf_det_k4_l4_r1_c4_m3_w10g8_d32_s2_q2,14842,3635,1,1,4.123000e+00,1,0,0,0
64qam,64,4,1.000000e+00,8358,bram,951,bf_det_k4_l4_r4_c4_m4_w10g8_d32_s2_q2,16,3455,bf_det_k4_l4_r4_c4_m4_w10g8_d32_s2_q2,16,3455,1,1,0.000000e+00,1,1,1,0
64qam,64,4,1.000000e+00,12385,dsp,952,bf_det_k4_l4_r1_c4_m4_w10g8_d64_s2_q2,28,3627,bf_det_k4_l4_r1_c4_m4_w10g8_d64_s2_q2,28,3627,1,1,0.000000e+00,1,1,1,0
64qam,64,4,1.000000e+00,12385,lut,953,bf_det_k4_l1_r4_c4_m3_w10g8_d32_s2_q2,16199,12239,bf_det_k4_l1_r4_c4_m3_w10g8_d32_s2_q2,16199,12239,1,1,0.000000e+00,1,1,1,0
64qam,64,4,1.000000e+00,12385,ff,954,bf_det_k4_l1_r4_c4_m3_w10g8_d32_s2_q2,10328,12239,bf_det_k4_l1_r4_c4_m3_w10g8_d32_s2_q2,10328,12239,1,1,0.000000e+00,1,1,1,0
64qam,64,4,1.000000e+00,12385,bram,955,bf_det_k4_l1_r4_c4_m4_w10g8_d32_s2_q2,14,12191,bf_det_k4_l1_r4_c4_m4_w10g8_d32_s2_q2,14,12191,1,1,0.000000e+00,1,1,1,0
64qam,64,4,1.000000e+00,18353,dsp,956,bf_det_k4_l1_r1_c4_m4_w10g8_d64_s2_q2,13,13125,bf_det_k4_l1_r1_c4_m4_w10g8_d64_s2_q2,13,13125,1,1,0.000000e+00,1,1,1,0
64qam,64,4,1.000000e+00,18353,lut,957,bf_det_k4_l1_r1_c4_m3_w12g4_d32_s2_q2,14622,16892,bf_det_k4_l1_r1_c4_m3_w12g4_d32_s2_q2,14622,16892,1,1,0.000000e+00,1,1,1,0
64qam,64,4,1.000000e+00,18353,ff,958,bf_det_k4_l1_r1_c4_m3_w10g8_d32_s2_q2,8744,13322,bf_det_k4_l1_r1_c4_m3_w10g8_d32_s2_q2,8744,13322,1,1,0.000000e+00,1,1,1,0
64qam,64,4,1.000000e+00,18353,bram,959,bf_det_k4_l1_r4_c4_m4_w10g8_d32_s2_q2,14,12191,bf_det_k4_l1_r4_c4_m4_w10g8_d32_s2_q2,14,12191,1,1,0.000000e+00,1,1,1,0
64qam,64,8,2.500000e-01,1864,dsp,960,bf_det_k8_l16_r8_c16_m3_w14g4_d64_s2_q2,576,1703,bf_det_k8_l16_r8_c16_m3_w14g4_d64_s2_q2,576,1703,1,1,0.000000e+00,1,1,1,0
64qam,64,8,2.500000e-01,1864,lut,961,bf_det_k8_l16_r8_c16_m3_w12g8_d32_s2_q2,98479,1780,bf_det_k8_l16_r8_c16_m3_w12g8_d32_s2_q2,98479,1780,1,1,0.000000e+00,1,1,1,0
64qam,64,8,2.500000e-01,1864,ff,962,bf_det_k8_l16_r8_c16_m3_w12g8_d32_s2_q2,63158,1780,bf_det_k8_l16_r8_c16_m3_w12g8_d32_s2_q2,63158,1780,1,1,0.000000e+00,1,1,1,0
64qam,64,8,2.500000e-01,1864,bram,963,bf_det_k8_l16_r8_c16_m4_w12g8_d32_s2_q2,54,1764,bf_det_k8_l16_r8_c16_m4_w12g8_d32_s2_q2,54,1764,1,1,0.000000e+00,1,1,1,0
64qam,64,8,2.500000e-01,2770,dsp,964,bf_det_k8_l16_r4_c16_m3_w14g4_d64_s2_q2,384,1971,bf_det_k8_l16_r4_c16_m3_w14g4_d64_s2_q2,384,1971,1,1,0.000000e+00,1,1,1,0
64qam,64,8,2.500000e-01,2770,lut,965,bf_det_k8_l16_r4_c16_m3_w12g8_d32_s2_q2,89916,2048,bf_det_k8_l16_r4_c16_m3_w12g8_d32_s2_q2,89916,2048,1,1,0.000000e+00,1,1,1,0
64qam,64,8,2.500000e-01,2770,ff,966,bf_det_k8_l16_r4_c16_m3_w12g8_d32_s2_q2,54203,2048,bf_det_k8_l16_r4_c16_m3_w12g8_d32_s2_q2,54203,2048,1,1,0.000000e+00,1,1,1,0
64qam,64,8,2.500000e-01,2770,bram,967,bf_det_k8_l16_r8_c16_m4_w12g8_d32_s2_q2,54,1764,bf_det_k8_l16_r8_c16_m4_w12g8_d32_s2_q2,54,1764,1,1,0.000000e+00,1,1,1,0
64qam,64,8,2.500000e-01,4117,dsp,968,bf_det_k8_l16_r1_c16_m3_w14g4_d64_s2_q2,240,3439,bf_det_k8_l16_r1_c16_m3_w14g4_d64_s2_q2,240,3439,1,1,0.000000e+00,1,1,1,0
64qam,64,8,2.500000e-01,4117,lut,969,bf_det_k8_l16_r1_c16_m3_w12g8_d32_s2_q2,83215,3516,bf_det_k8_l16_r1_c16_m3_w12g8_d32_s2_q2,83215,3516,1,1,0.000000e+00,1,1,1,0
64qam,64,8,2.500000e-01,4117,ff,970,bf_det_k8_l16_r1_c16_m3_w12g8_d32_s2_q2,47403,3516,bf_det_k8_l16_r1_c16_m3_w12g8_d32_s2_q2,47403,3516,1,1,0.000000e+00,1,1,1,0
64qam,64,8,2.500000e-01,4117,bram,971,bf_det_k8_l16_r8_c16_m4_w12g8_d32_s2_q2,54,1764,bf_det_k8_l16_r8_c16_m4_w12g8_d32_s2_q2,54,1764,1,1,0.000000e+00,1,1,1,0
64qam,64,8,2.500000e-01,6119,dsp,972,bf_det_k8_l4_r8_c4_m3_w14g4_d64_s2_q2,144,5759,bf_det_k8_l4_r8_c4_m3_w14g4_d64_s2_q2,144,5759,1,1,0.000000e+00,1,1,1,0
64qam,64,8,2.500000e-01,6119,lut,973,bf_det_k8_l4_r8_c4_m3_w12g8_d32_s2_q2,34925,6004,bf_det_k8_l4_r8_c4_m3_w12g8_d32_s2_q2,34925,6004,1,1,0.000000e+00,1,1,1,0
64qam,64,8,2.500000e-01,6119,ff,974,bf_det_k8_l4_r8_c4_m3_w12g8_d32_s2_q2,21466,6004,bf_det_k8_l4_r8_c4_m3_w12g8_d32_s2_q2,21466,6004,1,1,0.000000e+00,1,1,1,0
64qam,64,8,2.500000e-01,6119,bram,975,bf_det_k8_l4_r8_c4_m4_w12g8_d32_s2_q2,22,5940,bf_det_k8_l4_r8_c4_m4_w12g8_d32_s2_q2,22,5940,1,1,0.000000e+00,1,1,1,0
64qam,64,8,2.500000e-01,9094,dsp,976,bf_det_k8_l4_r1_c4_m3_w14g4_d64_s2_q2,60,7471,bf_det_k8_l4_r1_c4_m3_w14g4_d64_s2_q2,60,7471,1,1,0.000000e+00,1,1,1,0
64qam,64,8,2.500000e-01,9094,lut,977,bf_det_k8_l4_r1_c4_m3_w12g8_d32_s2_q2,31518,7716,bf_det_k8_l4_r1_c4_m3_w12g8_d32_s2_q2,31518,7716,1,1,0.000000e+00,1,1,1,0
64qam,64,8,2.500000e-01,9094,ff,978,bf_det_k8_l4_r1_c4_m3_w12g8_d32_s2_q2,18008,7716,bf_det_k8_l4_r1_c4_m3_w12g8_d32_s2_q2,18008,7716,1,1,0.000000e+00,1,1,1,0
64qam,64,8,2.500000e-01,9094,bram,979,bf_det_k8_l4_r8_c4_m4_w12g8_d32_s2_q2,22,5940,bf_det_k8_l4_r8_c4_m4_w12g8_d32_s2_q2,22,5940,1,1,0.000000e+00,1,1,1,0
64qam,64,8,2.500000e-01,13515,dsp,980,bf_det_k8_l4_r1_c4_m3_w14g4_d64_s2_q2,60,7471,bf_det_k8_l4_r1_c4_m3_w14g4_d64_s2_q2,60,7471,1,1,0.000000e+00,1,1,1,0
64qam,64,8,2.500000e-01,13515,lut,981,bf_det_k8_l4_r1_c4_m3_w12g8_d32_s2_q2,31518,7716,bf_det_k8_l4_r1_c4_m3_w12g8_d32_s2_q2,31518,7716,1,1,0.000000e+00,1,1,1,0
64qam,64,8,2.500000e-01,13515,ff,982,bf_det_k8_l4_r1_c4_m3_w12g8_d32_s2_q2,18008,7716,bf_det_k8_l4_r1_c4_m3_w12g8_d32_s2_q2,18008,7716,1,1,0.000000e+00,1,1,1,0
64qam,64,8,2.500000e-01,13515,bram,983,bf_det_k8_l4_r8_c4_m4_w12g8_d32_s2_q2,22,5940,bf_det_k8_l4_r8_c4_m4_w12g8_d32_s2_q2,22,5940,1,1,0.000000e+00,1,1,1,0
64qam,64,8,2.500000e-01,20086,dsp,984,bf_det_k8_l4_r1_c4_m3_w14g4_d64_s2_q2,60,7471,bf_det_k8_l4_r1_c4_m3_w14g4_d64_s2_q2,60,7471,1,1,0.000000e+00,1,1,1,0
64qam,64,8,2.500000e-01,20086,lut,985,bf_det_k8_l1_r8_c4_m3_w14g4_d32_s2_q2,23508,19812,bf_det_k8_l1_r8_c4_m3_w14g4_d32_s2_q2,23508,19812,1,1,0.000000e+00,1,1,1,0
64qam,64,8,2.500000e-01,20086,ff,986,bf_det_k8_l1_r8_c4_m3_w14g4_d32_s2_q2,16228,19812,bf_det_k8_l1_r8_c4_m3_w14g4_d32_s2_q2,16228,19812,1,1,0.000000e+00,1,1,1,0
64qam,64,8,2.500000e-01,20086,bram,987,bf_det_k8_l1_r8_c4_m4_w14g4_d32_s2_q2,21,19748,bf_det_k8_l1_r8_c4_m4_w14g4_d32_s2_q2,21,19748,1,1,0.000000e+00,1,1,1,0
64qam,64,8,2.500000e-01,29852,dsp,988,bf_det_k8_l1_r1_c4_m3_w14g4_d64_s2_q2,24,24099,bf_det_k8_l1_r1_c4_m3_w14g4_d64_s2_q2,24,24099,1,1,0.000000e+00,1,1,1,0
64qam,64,8,2.500000e-01,29852,lut,989,bf_det_k8_l1_r1_c4_m3_w12g8_d32_s2_q2,18642,25144,bf_det_k8_l1_r1_c4_m3_w12g8_d32_s2_q2,18642,25144,1,1,0.000000e+00,1,1,1,0
64qam,64,8,2.500000e-01,29852,ff,990,bf_det_k8_l1_r1_c4_m3_w12g8_d32_s2_q2,10856,25144,bf_det_k8_l1_r1_c4_m3_w12g8_d32_s2_q2,10856,25144,1,1,0.000000e+00,1,1,1,0
64qam,64,8,2.500000e-01,29852,bram,991,bf_det_k8_l1_r8_c4_m4_w12g8_d32_s2_q2,20,20788,bf_det_k8_l1_r8_c4_m4_w12g8_d32_s2_q2,20,20788,1,1,0.000000e+00,1,1,1,0
64qam,64,8,5.000000e-01,1864,dsp,128,bf_det_k8_l16_r8_c16_m3_w14g4_d64_s2_q2,576,1703,bf_det_k8_l16_r8_c16_m3_w14g4_d64_s2_q2,576,1703,1,1,0.000000e+00,1,1,1,0
64qam,64,8,5.000000e-01,1864,lut,129,bf_det_k8_l16_r8_c16_m3_w12g8_d32_s2_q2,98479,1780,bf_det_k8_l16_r8_c16_m3_w12g8_d32_s2_q2,98479,1780,1,1,0.000000e+00,1,1,1,0
64qam,64,8,5.000000e-01,1864,ff,130,bf_det_k8_l16_r8_c16_m3_w12g8_d32_s2_q2,63158,1780,bf_det_k8_l16_r8_c16_m3_w12g8_d32_s2_q2,63158,1780,1,1,0.000000e+00,1,1,1,0
64qam,64,8,5.000000e-01,1864,bram,131,bf_det_k8_l16_r8_c16_m4_w12g8_d32_s2_q2,54,1764,bf_det_k8_l16_r8_c16_m4_w12g8_d32_s2_q2,54,1764,1,1,0.000000e+00,1,1,1,0
64qam,64,8,5.000000e-01,2867,dsp,132,bf_det_k8_l16_r4_c16_m3_w14g4_d64_s2_q2,384,1971,bf_det_k8_l16_r4_c16_m3_w14g4_d64_s2_q2,384,1971,1,1,0.000000e+00,1,1,1,0
64qam,64,8,5.000000e-01,2867,lut,133,bf_det_k8_l16_r4_c16_m3_w12g4_d32_s2_q2,86970,2838,bf_det_k8_l16_r4_c16_m3_w12g4_d32_s2_q2,86970,2838,1,1,0.000000e+00,1,1,1,0
64qam,64,8,5.000000e-01,2867,ff,134,bf_det_k8_l16_r4_c16_m3_w12g4_d32_s2_q2,51190,2838,bf_det_k8_l16_r4_c16_m3_w12g4_d32_s2_q2,51190,2838,1,1,0.000000e+00,1,1,1,0
64qam,64,8,5.000000e-01,2867,bram,135,bf_det_k8_l16_r8_c16_m4_w12g8_d32_s2_q2,54,1764,bf_det_k8_l16_r8_c16_m4_w12g8_d32_s2_q2,54,1764,1,1,0.000000e+00,1,1,1,0
64qam,64,8,5.000000e-01,4410,dsp,136,bf_det_k8_l16_r1_c16_m3_w14g4_d64_s2_q2,240,3439,bf_det_k8_l16_r1_c16_m3_w14g4_d64_s2_q2,240,3439,1,1,0.000000e+00,1,1,1,0
64qam,64,8,5.000000e-01,4410,lut,137,bf_det_k8_l16_r1_c16_m3_w12g8_d32_s2_q2,83215,3516,bf_det_k8_l16_r1_c16_m3_w12g8_d32_s2_q2,83215,3516,1,1,0.000000e+00,1,1,1,0
64qam,64,8,5.000000e-01,4410,ff,138,bf_det_k8_l16_r1_c16_m3_w12g8_d32_s2_q2,47403,3516,bf_det_k8_l16_r1_c16_m3_w12g8_d32_s2_q2,47403,3516,1,1,0.000000e+00,1,1,1,0
64qam,64,8,5.000000e-01,4410,bram,139,bf_det_k8_l16_r8_c16_m4_w12g8_d32_s2_q2,54,1764,bf_det_k8_l16_r8_c16_m4_w12g8_d32_s2_q2,54,1764,1,1,0.000000e+00,1,1,1,0
64qam,64,8,5.000000e-01,6784,dsp,140,bf_det_k8_l4_r4_c4_m3_w14g4_d64_s2_q2,96,6387,bf_det_k8_l4_r4_c4_m3_w14g4_d64_s2_q2,96,6387,1,1,0.000000e+00,1,1,1,0
64qam,64,8,5.000000e-01,6784,lut,141,bf_det_k8_l4_r4_c4_m3_w12g8_d32_s2_q2,32771,6632,bf_det_k8_l4_r4_c4_m3_w12g8_d32_s2_q2,32771,6632,1,1,0.000000e+00,1,1,1,0
64qam,64,8,5.000000e-01,6784,ff,142,bf_det_k8_l4_r4_c4_m3_w12g8_d32_s2_q2,19226,6632,bf_det_k8_l4_r4_c4_m3_w12g8_d32_s2_q2,19226,6632,1,1,0.000000e+00,1,1,1,0
64qam,64,8,5.000000e-01,6784,bram,143,bf_det_k8_l4_r8_c4_m4_w12g8_d32_s2_q2,22,5940,bf_det_k8_l4_r8_c4_m4_w12g8_d32_s2_q2,22,5940,1,1,0.000000e+00,1,1,1,0
64qam,64,8,5.000000e-01,10435,dsp,144,bf_det_k8_l4_r1_c4_m3_w14g4_d64_s2_q2,60,7471,bf_det_k8_l4_r1_c4_m3_w14g4_d64_s2_q2,60,7471,1,1,0.000000e+00,1,1,1,0
64qam,64,8,5.000000e-01,10435,lut,145,bf_det_k8_l4_r1_c4_m3_w12g8_d32_s2_q2,31518,7716,bf_det_k8_l4_r1_c4_m3_w12g8_d32_s2_q2,31518,7716,1,1,0.000000e+00,1,1,1,0
64qam,64,8,5.000000e-01,10435,ff,146,bf_det_k8_l4_r1_c4_m3_w12g8_d32_s2_q2,18008,7716,bf_det_k8_l4_r1_c4_m3_w12g8_d32_s2_q2,18008,7716,1,1,0.000000e+00,1,1,1,0
64qam,64,8,5.000000e-01,10435,bram,147,bf_det_k8_l4_r8_c4_m4_w12g8_d32_s2_q2,22,5940,bf_det_k8_l4_r8_c4_m4_w12g8_d32_s2_q2,22,5940,1,1,0.000000e+00,1,1,1,0
64qam,64,8,5.000000e-01,16050,dsp,148,bf_det_k8_l4_r1_c4_m3_w14g4_d64_s2_q2,60,7471,bf_det_k8_l4_r1_c4_m3_w14g4_d64_s2_q2,60,7471,1,1,0.000000e+00,1,1,1,0
64qam,64,8,5.000000e-01,16050,lut,149,bf_det_k8_l4_r1_c4_m3_w12g4_d32_s2_q2,30692,10788,bf_det_k8_l4_r1_c4_m3_w12g4_d32_s2_q2,30692,10788,1,1,0.000000e+00,1,1,1,0
64qam,64,8,5.000000e-01,16050,ff,150,bf_det_k8_l4_r1_c4_m3_w12g4_d32_s2_q2,17239,10788,bf_det_k8_l4_r1_c4_m3_w12g4_d32_s2_q2,17239,10788,1,1,0.000000e+00,1,1,1,0
64qam,64,8,5.000000e-01,16050,bram,151,bf_det_k8_l4_r8_c4_m4_w12g8_d32_s2_q2,22,5940,bf_det_k8_l4_r8_c4_m4_w12g8_d32_s2_q2,22,5940,1,1,0.000000e+00,1,1,1,0
64qam,64,8,5.000000e-01,24689,dsp,152,bf_det_k8_l1_r1_c4_m3_w14g4_d64_s2_q2,24,24099,bf_det_k8_l1_r1_c4_m3_w14g4_d64_s2_q2,24,24099,1,1,0.000000e+00,1,1,1,0
64qam,64,8,5.000000e-01,24689,lut,153,bf_det_k8_l1_r1_c4_m4_w12g8_d32_s2_q2,18682,24632,bf_det_k8_l1_r1_c4_m4_w12g8_d32_s2_q2,18682,24632,1,1,0.000000e+00,1,1,1,0
64qam,64,8,5.000000e-01,24689,ff,154,bf_det_k8_l1_r1_c4_m4_w12g8_d32_s2_q2,11033,24632,bf_det_k8_l1_r1_c4_m4_w12g8_d32_s2_q2,11033,24632,1,1,0.000000e+00,1,1,1,0
64qam,64,8,5.000000e-01,24689,bram,155,bf_det_k8_l1_r8_c4_m4_w12g8_d32_s2_q2,20,20788,bf_det_k8_l1_r8_c4_m4_w12g8_d32_s2_q2,20,20788,1,1,0.000000e+00,1,1,1,0
64qam,64,8,5.000000e-01,37976,dsp,156,bf_det_k8_l1_r1_c4_m3_w14g4_d64_s2_q2,24,24099,bf_det_k8_l1_r1_c4_m3_w14g4_d64_s2_q2,24,24099,1,1,0.000000e+00,1,1,1,0
64qam,64,8,5.000000e-01,37976,lut,157,bf_det_k8_l1_r1_c4_m3_w12g4_d32_s2_q2,18349,34722,bf_det_k8_l1_r1_c4_m3_w12g4_d32_s2_q2,18349,34722,1,1,0.000000e+00,1,1,1,0
64qam,64,8,5.000000e-01,37976,ff,158,bf_det_k8_l1_r1_c4_m3_w12g4_d32_s2_q2,10648,34722,bf_det_k8_l1_r1_c4_m3_w12g4_d32_s2_q2,10648,34722,1,1,0.000000e+00,1,1,1,0
64qam,64,8,5.000000e-01,37976,bram,159,bf_det_k8_l1_r8_c4_m4_w12g8_d32_s2_q2,20,20788,bf_det_k8_l1_r8_c4_m4_w12g8_d32_s2_q2,20,20788,1,1,0.000000e+00,1,1,1,0
64qam,64,8,1.000000e+00,1410,dsp,992,bf_det_k8_l16_r8_c16_m3_w14g4_d64_s2_q2,576,1288,bf_det_k8_l16_r8_c16_m3_w14g4_d64_s2_q2,576,1288,1,1,0.000000e+00,1,1,1,0
64qam,64,8,1.000000e+00,1410,lut,993,bf_det_k8_l16_r8_c16_m3_w12g8_d32_s2_q2,98479,1347,bf_det_k8_l16_r8_c16_m3_w12g8_d32_s2_q2,98479,1347,1,1,0.000000e+00,1,1,1,0
64qam,64,8,1.000000e+00,1410,ff,994,bf_det_k8_l16_r8_c16_m3_w12g8_d32_s2_q2,63158,1347,bf_det_k8_l16_r8_c16_m3_w12g8_d32_s2_q2,63158,1347,1,1,0.000000e+00,1,1,1,0
64qam,64,8,1.000000e+00,1410,bram,995,bf_det_k8_l16_r8_c16_m4_w12g8_d32_s2_q2,54,1335,bf_det_k8_l16_r8_c16_m4_w12g8_d32_s2_q2,54,1335,1,1,0.000000e+00,1,1,1,0
64qam,64,8,1.000000e+00,2132,dsp,996,bf_det_k8_l16_r4_c16_m3_w14g4_d64_s2_q2,384,1489,bf_det_k8_l16_r4_c16_m3_w14g4_d64_s2_q2,384,1489,1,1,0.000000e+00,1,1,1,0
64qam,64,8,1.000000e+00,2132,lut,997,bf_det_k8_l16_r4_c16_m3_w12g4_d32_s2_q2,86970,1908,bf_det_k8_l16_r4_c16_m3_w12g4_d32_s2_q2,86970,1908,1,1,0.000000e+00,1,1,1,0
64qam,64,8,1.000000e+00,2132,ff,998,bf_det_k8_l16_r4_c16_m3_w12g4_d32_s2_q2,51190,1908,bf_det_k8_l16_r4_c16_m3_w12g4_d32_s2_q2,51190,1908,1,1,0.000000e+00,1,1,1,0
64qam,64,8,1.000000e+00,2132,bram,999,bf_det_k8_l16_r8_c16_m4_w12g8_d32_s2_q2,54,1335,bf_det_k8_l16_r8_c16_m4_w12g8_d32_s2_q2,54,1335,1,1,0.000000e+00,1,1,1,0
64qam,64,8,1.000000e+00,3225,dsp,1000,bf_det_k8_l16_r1_c16_m3_w14g4_d64_s2_q2,240,2590,bf_det_k8_l16_r1_c16_m3_w14g4_d64_s2_q2,240,2590,1,1,0.000000e+00,1,1,1,0
64qam,64,8,1.000000e+00,3225,lut,1001,bf_det_k8_l16_r1_c16_m3_w12g8_d32_s2_q2,83215,2649,bf_det_k8_l16_r1_c16_m3_w12g8_d32_s2_q2,83215,2649,1,1,0.000000e+00,1,1,1,0
64qam,64,8,1.000000e+00,3225,ff,1002,bf_det_k8_l16_r1_c16_m3_w12g8_d32_s2_q2,47403,2649,bf_det_k8_l16_r1_c16_m3_w12g8_d32_s2_q2,47403,2649,1,1,0.000000e+00,1,1,1,0
64qam,64,8,1.000000e+00,3225,bram,1003,bf_det_k8_l16_r8_c16_m4_w12g8_d32_s2_q2,54,1335,bf_det_k8_l16_r8_c16_m4_w12g8_d32_s2_q2,54,1335,1,1,0.000000e+00,1,1,1,0
64qam,64,8,1.000000e+00,4877,dsp,1004,bf_det_k8_l4_r4_c4_m3_w14g4_d64_s2_q2,96,4825,bf_det_k8_l4_r4_c4_m3_w14g4_d64_s2_q2,96,4825,1,1,0.000000e+00,1,1,1,0
64qam,64,8,1.000000e+00,4877,lut,1005,bf_det_k8_l4_r4_c4_m3_w14g4_d32_s2_q2,33963,4830,bf_det_k8_l4_r4_c4_m3_w14g4_d32_s2_q2,33963,4830,1,1,0.000000e+00,1,1,1,0
64qam,64,8,1.000000e+00,4877,ff,1006,bf_det_k8_l4_r4_c4_m3_w14g4_d32_s2_q2,20003,4830,bf_det_k8_l4_r4_c4_m3_w14g4_d32_s2_q2,20003,4830,1,1,0.000000e+00,1,1,1,0
64qam,64,8,1.000000e+00,4877,bram,1007,bf_det_k8_l4_r8_c4_m4_w12g8_d32_s2_q2,22,4491,bf_det_k8_l4_r8_c4_m4_w12g8_d32_s2_q2,22,4491,1,1,0.000000e+00,1,1,1,0
64qam,64,8,1.000000e+00,7375,dsp,1008,bf_det_k8_l4_r1_c4_m3_w14g4_d64_s2_q2,60,5638,bf_det_k8_l4_r1_c4_m3_w14g4_d64_s2_q2,60,5638,1,1,0.000000e+00,1,1,1,0
64qam,64,8,1.000000e+00,7375,lut,1009,bf_det_k8_l4_r1_c4_m4_w12g4_d32_s2_q2,30764,7236,bf_det_k8_l4_r1_c4_m3_w12g4_d32_s2_q2,30692,7240,1,1,2.350000e-01,1,0,0,0
64qam,64,8,1.000000e+00,7375,ff,1010,bf_det_k8_l4_r1_c4_m4_w12g4_d32_s2_q2,17426,7236,bf_det_k8_l4_r1_c4_m3_w12g4_d32_s2_q2,17239,7240,1,1,1.085000e+00,1,0,0,0
64qam,64,8,1.000000e+00,7375,bram,1011,bf_det_k8_l4_r8_c4_m4_w12g8_d32_s2_q2,22,4491,bf_det_k8_l4_r8_c4_m4_w12g8_d32_s2_q2,22,4491,1,1,0.000000e+00,1,1,1,0
64qam,64,8,1.000000e+00,11154,dsp,1012,bf_det_k8_l4_r1_c4_m3_w14g4_d64_s2_q2,60,5638,bf_det_k8_l4_r1_c4_m3_w14g4_d64_s2_q2,60,5638,1,1,0.000000e+00,1,1,1,0
64qam,64,8,1.000000e+00,11154,lut,1013,bf_det_k8_l4_r1_c4_m3_w12g4_d32_s2_q2,30692,7240,bf_det_k8_l4_r1_c4_m3_w12g4_d32_s2_q2,30692,7240,1,1,0.000000e+00,1,1,1,0
64qam,64,8,1.000000e+00,11154,ff,1014,bf_det_k8_l4_r1_c4_m3_w12g4_d32_s2_q2,17239,7240,bf_det_k8_l4_r1_c4_m3_w12g4_d32_s2_q2,17239,7240,1,1,0.000000e+00,1,1,1,0
64qam,64,8,1.000000e+00,11154,bram,1015,bf_det_k8_l4_r8_c4_m4_w12g8_d32_s2_q2,22,4491,bf_det_k8_l4_r8_c4_m4_w12g8_d32_s2_q2,22,4491,1,1,0.000000e+00,1,1,1,0
64qam,64,8,1.000000e+00,16868,dsp,1016,bf_det_k8_l4_r1_c4_m3_w14g4_d64_s2_q2,60,5638,bf_det_k8_l4_r1_c4_m3_w14g4_d64_s2_q2,60,5638,1,1,0.000000e+00,1,1,1,0
64qam,64,8,1.000000e+00,16868,lut,1017,bf_det_k8_l1_r4_c4_m3_w12g8_d32_s2_q2,20394,16266,bf_det_k8_l1_r4_c4_m3_w12g8_d32_s2_q2,20394,16266,1,1,0.000000e+00,1,1,1,0
64qam,64,8,1.000000e+00,16868,ff,1018,bf_det_k8_l1_r4_c4_m3_w12g8_d32_s2_q2,12773,16266,bf_det_k8_l1_r4_c4_m3_w12g8_d32_s2_q2,12773,16266,1,1,0.000000e+00,1,1,1,0
64qam,64,8,1.000000e+00,16868,bram,1019,bf_det_k8_l1_r8_c4_m4_w12g8_d32_s2_q2,20,15723,bf_det_k8_l1_r8_c4_m4_w12g8_d32_s2_q2,20,15723,1,1,0.000000e+00,1,1,1,0
64qam,64,8,1.000000e+00,25511,dsp,1020,bf_det_k8_l1_r1_c4_m3_w14g4_d64_s2_q2,24,18205,bf_det_k8_l1_r1_c4_m3_w14g4_d64_s2_q2,24,18205,1,1,0.000000e+00,1,1,1,0
64qam,64,8,1.000000e+00,25511,lut,1021,bf_det_k8_l1_r1_c4_m3_w12g4_d32_s2_q2,18349,23324,bf_det_k8_l1_r1_c4_m3_w12g4_d32_s2_q2,18349,23324,1,1,0.000000e+00,1,1,1,0
64qam,64,8,1.000000e+00,25511,ff,1022,bf_det_k8_l1_r1_c4_m3_w12g4_d32_s2_q2,10648,23324,bf_det_k8_l1_r1_c4_m3_w12g4_d32_s2_q2,10648,23324,1,1,0.000000e+00,1,1,1,0
64qam,64,8,1.000000e+00,25511,bram,1023,bf_det_k8_l1_r8_c4_m4_w12g8_d32_s2_q2,20,15723,bf_det_k8_l1_r8_c4_m4_w12g8_d32_s2_q2,20,15723,1,1,0.000000e+00,1,1,1,0
64qam,64,16,2.500000e-01,3656,dsp,1024,bf_det_k16_l16_r16_c16_m3_w14g4_d64_s2_q2,960,3333,bf_det_k16_l16_r16_c16_m3_w14g4_d64_s2_q2,960,3333,1,1,0.000000e+00,1,1,1,0
64qam,64,16,2.500000e-01,3656,lut,1025,bf_det_k16_l16_r16_c16_m3_w12g8_d32_s2_q2,126077,3446,bf_det_k16_l16_r16_c16_m3_w12g8_d32_s2_q2,126077,3446,1,1,0.000000e+00,1,1,1,0
64qam,64,16,2.500000e-01,3656,ff,1026,bf_det_k16_l16_r16_c16_m3_w12g8_d32_s2_q2,87225,3446,bf_det_k16_l16_r16_c16_m3_w12g8_d32_s2_q2,87225,3446,1,1,0.000000e+00,1,1,1,0
64qam,64,16,2.500000e-01,3656,bram,1027,bf_det_k16_l16_r16_c16_m4_w12g8_d32_s2_q2,59,3422,bf_det_k16_l16_r16_c16_m4_w12g8_d32_s2_q2,59,3422,1,1,0.000000e+00,1,1,1,0
64qam,64,16,2.500000e-01,5583,dsp,1028,bf_det_k16_l16_r4_c16_m3_w14g4_d64_s2_q2,384,4791,bf_det_k16_l16_r4_c16_m3_w14g4_d64_s2_q2,384,4791,1,1,0.000000e+00,1,1,1,0
64qam,64,16,2.500000e-01,5583,lut,1029,bf_det_k16_l16_r4_c16_m3_w12g8_d32_s2_q2,100570,4904,bf_det_k16_l16_r4_c16_m3_w12g8_d32_s2_q2,100570,4904,1,1,0.000000e+00,1,1,1,0
64qam,64,16,2.500000e-01,5583,ff,1030,bf_det_k16_l16_r4_c16_m3_w12g8_d32_s2_q2,59967,4904,bf_det_k16_l16_r4_c16_m3_w12g8_d32_s2_q2,59967,4904,1,1,0.000000e+00,1,1,1,0
64qam,64,16,2.500000e-01,5583,bram,1031,bf_det_k16_l16_r16_c16_m4_w12g8_d32_s2_q2,59,3422,bf_det_k16_l16_r16_c16_m4_w12g8_d32_s2_q2,59,3422,1,1,0.000000e+00,1,1,1,0
64qam,64,16,2.500000e-01,8524,dsp,1032,bf_det_k16_l16_r4_c16_m3_w14g4_d64_s2_q2,384,4791,bf_det_k16_l16_r4_c16_m3_w14g4_d64_s2_q2,384,4791,1,1,0.000000e+00,1,1,1,0
64qam,64,16,2.500000e-01,8524,lut,1033,bf_det_k16_l16_r4_c16_m3_w12g8_d32_s2_q2,100570,4904,bf_det_k16_l16_r4_c16_m3_w12g8_d32_s2_q2,100570,4904,1,1,0.000000e+00,1,1,1,0
64qam,64,16,2.500000e-01,8524,ff,1034,bf_det_k16_l16_r4_c16_m3_w12g8_d32_s2_q2,59967,4904,bf_det_k16_l16_r4_c16_m3_w12g8_d32_s2_q2,59967,4904,1,1,0.000000e+00,1,1,1,0
64qam,64,16,2.500000e-01,8524,bram,1035,bf_det_k16_l16_r16_c16_m4_w12g8_d32_s2_q2,59,3422,bf_det_k16_l16_r16_c16_m4_w12g8_d32_s2_q2,59,3422,1,1,0.000000e+00,1,1,1,0
64qam,64,16,2.500000e-01,13015,dsp,1036,bf_det_k16_l16_r1_c16_m3_w14g4_d64_s2_q2,240,10353,bf_det_k16_l16_r1_c16_m3_w14g4_d64_s2_q2,240,10353,1,1,0.000000e+00,1,1,1,0
64qam,64,16,2.500000e-01,13015,lut,1037,bf_det_k16_l4_r16_c4_m3_w12g8_d32_s2_q2,48984,12182,bf_det_k16_l4_r16_c4_m3_w12g8_d32_s2_q2,48984,12182,1,1,0.000000e+00,1,1,1,0
64qam,64,16,2.500000e-01,13015,ff,1038,bf_det_k16_l4_r16_c4_m3_w12g8_d32_s2_q2,31160,12182,bf_det_k16_l4_r16_c4_m3_w12g8_d32_s2_q2,31160,12182,1,1,0.000000e+00,1,1,1,0
64qam,64,16,2.500000e-01,13015,bram,1039,bf_det_k16_l16_r16_c16_m4_w12g8_d32_s2_q2,59,3422,bf_det_k16_l16_r16_c16_m4_w12g8_d32_s2_q2,59,3422,1,1,0.000000e+00,1,1,1,0
64qam,64,16,2.500000e-01,19873,dsp,1040,bf_det_k16_l4_r4_c4_m3_w14g4_d64_s2_q2,96,15711,bf_det_k16_l4_r4_c4_m3_w14g4_d64_s2_q2,96,15711,1,1,0.000000e+00,1,1,1,0
64qam,64,16,2.500000e-01,19873,lut,1041,bf_det_k16_l4_r4_c4_m3_w12g8_d32_s2_q2,42424,16124,bf_det_k16_l4_r4_c4_m3_w12g8_d32_s2_q2,42424,16124,1,1,0.000000e+00,1,1,1,0
64qam,64,16,2.500000e-01,19873,ff,1042,bf_det_k16_l4_r4_c4_m3_w12g8_d32_s2_q2,24333,16124,bf_det_k16_l4_r4_c4_m3_w12g8_d32_s2_q2,24333,16124,1,1,0.000000e+00,1,1,1,0
64qam,64,16,2.500000e-01,19873,bram,1043,bf_det_k16_l16_r16_c16_m4_w12g8_d32_s2_q2,59,3422,bf_det_k16_l16_r16_c16_m4_w12g8_d32_s2_q2,59,3422,1,1,0.000000e+00,1,1,1,0
64qam,64,16,2.500000e-01,30345,dsp,1044,bf_det_k16_l4_r1_c4_m3_w14g4_d64_s2_q2,60,23553,bf_det_k16_l4_r1_c4_m3_w14g4_d64_s2_q2,60,23553,1,1,0.000000e+00,1,1,1,0
64qam,64,16,2.500000e-01,30345,lut,1045,bf_det_k16_l4_r1_c4_m3_w12g8_d32_s2_q2,41151,23966,bf_det_k16_l4_r1_c4_m3_w12g8_d32_s2_q2,41151,23966,1,1,0.000000e+00,1,1,1,0
64qam,64,16,2.500000e-01,30345,ff,1046,bf_det_k16_l4_r1_c4_m3_w12g8_d32_s2_q2,23100,23966,bf_det_k16_l4_r1_c4_m3_w12g8_d32_s2_q2,23100,23966,1,1,0.000000e+00,1,1,1,0
64qam,64,16,2.500000e-01,30345,bram,1047,bf_det_k16_l16_r16_c16_m4_w12g8_d32_s2_q2,59,3422,bf_det_k16_l16_r16_c16_m4_w12g8_d32_s2_q2,59,3422,1,1,0.000000e+00,1,1,1,0
64qam,64,16,2.500000e-01,46334,dsp,1048,bf_det_k16_l4_r1_c4_m3_w14g4_d64_s2_q2,60,23553,bf_det_k16_l4_r1_c4_m3_w14g4_d64_s2_q2,60,23553,1,1,0.000000e+00,1,1,1,0
64qam,64,16,2.500000e-01,46334,lut,1049,bf_det_k16_l1_r4_c4_m3_w12g8_d32_s2_q2,30005,45596,bf_det_k16_l1_r4_c4_m3_w12g8_d32_s2_q2,30005,45596,1,1,0.000000e+00,1,1,1,0
64qam,64,16,2.500000e-01,46334,ff,1050,bf_det_k16_l1_r4_c4_m3_w12g8_d32_s2_q2,18032,45596,bf_det_k16_l1_r4_c4_m3_w12g8_d32_s2_q2,18032,45596,1,1,0.000000e+00,1,1,1,0
64qam,64,16,2.500000e-01,46334,bram,1051,bf_det_k16_l1_r16_c4_m4_w12g8_d32_s2_q2,37,41414,bf_det_k16_l1_r16_c4_m4_w12g8_d32_s2_q2,37,41414,1,1,0.000000e+00,1,1,1,0
64qam,64,16,2.500000e-01,70749,dsp,1052,bf_det_k16_l1_r1_c4_m3_w14g4_d64_s2_q2,24,59535,bf_det_k16_l1_r1_c4_m3_w14g4_d64_s2_q2,24,59535,1,1,0.000000e+00,1,1,1,0
64qam,64,16,2.500000e-01,70749,lut,1053,bf_det_k16_l1_r1_c4_m3_w12g8_d32_s2_q2,28207,61100,bf_det_k16_l1_r1_c4_m3_w12g8_d32_s2_q2,28207,61100,1,1,0.000000e+00,1,1,1,0
64qam,64,16,2.500000e-01,70749,ff,1054,bf_det_k16_l1_r1_c4_m3_w12g8_d32_s2_q2,16081,61100,bf_det_k16_l1_r1_c4_m3_w12g8_d32_s2_q2,16081,61100,1,1,0.000000e+00,1,1,1,0
64qam,64,16,2.500000e-01,70749,bram,1055,bf_det_k16_l1_r16_c4_m4_w12g8_d32_s2_q2,37,41414,bf_det_k16_l1_r16_c4_m4_w12g8_d32_s2_q2,37,41414,1,1,0.000000e+00,1,1,1,0
64qam,64,16,5.000000e-01,3656,dsp,1024,bf_det_k16_l16_r16_c16_m3_w14g4_d64_s2_q2,960,3333,bf_det_k16_l16_r16_c16_m3_w14g4_d64_s2_q2,960,3333,1,1,0.000000e+00,1,1,1,0
64qam,64,16,5.000000e-01,3656,lut,1025,bf_det_k16_l16_r16_c16_m3_w12g8_d32_s2_q2,126077,3446,bf_det_k16_l16_r16_c16_m3_w12g8_d32_s2_q2,126077,3446,1,1,0.000000e+00,1,1,1,0
64qam,64,16,5.000000e-01,3656,ff,1026,bf_det_k16_l16_r16_c16_m3_w12g8_d32_s2_q2,87225,3446,bf_det_k16_l16_r16_c16_m3_w12g8_d32_s2_q2,87225,3446,1,1,0.000000e+00,1,1,1,0
64qam,64,16,5.000000e-01,3656,bram,1027,bf_det_k16_l16_r16_c16_m4_w12g8_d32_s2_q2,59,3422,bf_det_k16_l16_r16_c16_m4_w12g8_d32_s2_q2,59,3422,1,1,0.000000e+00,1,1,1,0
64qam,64,16,5.000000e-01,5583,dsp,1028,bf_det_k16_l16_r4_c16_m3_w14g4_d64_s2_q2,384,4791,bf_det_k16_l16_r4_c16_m3_w14g4_d64_s2_q2,384,4791,1,1,0.000000e+00,1,1,1,0
64qam,64,16,5.000000e-01,5583,lut,1029,bf_det_k16_l16_r4_c16_m3_w12g8_d32_s2_q2,100570,4904,bf_det_k16_l16_r4_c16_m3_w12g8_d32_s2_q2,100570,4904,1,1,0.000000e+00,1,1,1,0
64qam,64,16,5.000000e-01,5583,ff,1030,bf_det_k16_l16_r4_c16_m3_w12g8_d32_s2_q2,59967,4904,bf_det_k16_l16_r4_c16_m3_w12g8_d32_s2_q2,59967,4904,1,1,0.000000e+00,1,1,1,0
64qam,64,16,5.000000e-01,5583,bram,1031,bf_det_k16_l16_r16_c16_m4_w12g8_d32_s2_q2,59,3422,bf_det_k16_l16_r16_c16_m4_w12g8_d32_s2_q2,59,3422,1,1,0.000000e+00,1,1,1,0
64qam,64,16,5.000000e-01,8524,dsp,1032,bf_det_k16_l16_r4_c16_m3_w14g4_d64_s2_q2,384,4791,bf_det_k16_l16_r4_c16_m3_w14g4_d64_s2_q2,384,4791,1,1,0.000000e+00,1,1,1,0
64qam,64,16,5.000000e-01,8524,lut,1033,bf_det_k16_l16_r4_c16_m3_w12g8_d32_s2_q2,100570,4904,bf_det_k16_l16_r4_c16_m3_w12g8_d32_s2_q2,100570,4904,1,1,0.000000e+00,1,1,1,0
64qam,64,16,5.000000e-01,8524,ff,1034,bf_det_k16_l16_r4_c16_m3_w12g8_d32_s2_q2,59967,4904,bf_det_k16_l16_r4_c16_m3_w12g8_d32_s2_q2,59967,4904,1,1,0.000000e+00,1,1,1,0
64qam,64,16,5.000000e-01,8524,bram,1035,bf_det_k16_l16_r16_c16_m4_w12g8_d32_s2_q2,59,3422,bf_det_k16_l16_r16_c16_m4_w12g8_d32_s2_q2,59,3422,1,1,0.000000e+00,1,1,1,0
64qam,64,16,5.000000e-01,13015,dsp,1036,bf_det_k16_l16_r1_c16_m3_w14g4_d64_s2_q2,240,10353,bf_det_k16_l16_r1_c16_m3_w14g4_d64_s2_q2,240,10353,1,1,0.000000e+00,1,1,1,0
64qam,64,16,5.000000e-01,13015,lut,1037,bf_det_k16_l4_r16_c4_m3_w12g8_d32_s2_q2,48984,12182,bf_det_k16_l4_r16_c4_m3_w12g8_d32_s2_q2,48984,12182,1,1,0.000000e+00,1,1,1,0
64qam,64,16,5.000000e-01,13015,ff,1038,bf_det_k16_l4_r16_c4_m3_w12g8_d32_s2_q2,31160,12182,bf_det_k16_l4_r16_c4_m3_w12g8_d32_s2_q2,31160,12182,1,1,0.000000e+00,1,1,1,0
64qam,64,16,5.000000e-01,13015,bram,1039,bf_det_k16_l16_r16_c16_m4_w12g8_d32_s2_q2,59,3422,bf_det_k16_l16_r16_c16_m4_w12g8_d32_s2_q2,59,3422,1,1,0.000000e+00,1,1,1,0
64qam,64,16,5.000000e-01,19873,dsp,1040,bf_det_k16_l4_r4_c4_m3_w14g4_d64_s2_q2,96,15711,bf_det_k16_l4_r4_c4_m3_w14g4_d64_s2_q2,96,15711,1,1,0.000000e+00,1,1,1,0
64qam,64,16,5.000000e-01,19873,lut,1041,bf_det_k16_l4_r4_c4_m3_w12g8_d32_s2_q2,42424,16124,bf_det_k16_l4_r4_c4_m3_w12g8_d32_s2_q2,42424,16124,1,1,0.000000e+00,1,1,1,0
64qam,64,16,5.000000e-01,19873,ff,1042,bf_det_k16_l4_r4_c4_m3_w12g8_d32_s2_q2,24333,16124,bf_det_k16_l4_r4_c4_m3_w12g8_d32_s2_q2,24333,16124,1,1,0.000000e+00,1,1,1,0
64qam,64,16,5.000000e-01,19873,bram,1043,bf_det_k16_l16_r16_c16_m4_w12g8_d32_s2_q2,59,3422,bf_det_k16_l16_r16_c16_m4_w12g8_d32_s2_q2,59,3422,1,1,0.000000e+00,1,1,1,0
64qam,64,16,5.000000e-01,30345,dsp,1044,bf_det_k16_l4_r1_c4_m3_w14g4_d64_s2_q2,60,23553,bf_det_k16_l4_r1_c4_m3_w14g4_d64_s2_q2,60,23553,1,1,0.000000e+00,1,1,1,0
64qam,64,16,5.000000e-01,30345,lut,1045,bf_det_k16_l4_r1_c4_m3_w12g8_d32_s2_q2,41151,23966,bf_det_k16_l4_r1_c4_m3_w12g8_d32_s2_q2,41151,23966,1,1,0.000000e+00,1,1,1,0
64qam,64,16,5.000000e-01,30345,ff,1046,bf_det_k16_l4_r1_c4_m3_w12g8_d32_s2_q2,23100,23966,bf_det_k16_l4_r1_c4_m3_w12g8_d32_s2_q2,23100,23966,1,1,0.000000e+00,1,1,1,0
64qam,64,16,5.000000e-01,30345,bram,1047,bf_det_k16_l16_r16_c16_m4_w12g8_d32_s2_q2,59,3422,bf_det_k16_l16_r16_c16_m4_w12g8_d32_s2_q2,59,3422,1,1,0.000000e+00,1,1,1,0
64qam,64,16,5.000000e-01,46334,dsp,1048,bf_det_k16_l4_r1_c4_m3_w14g4_d64_s2_q2,60,23553,bf_det_k16_l4_r1_c4_m3_w14g4_d64_s2_q2,60,23553,1,1,0.000000e+00,1,1,1,0
64qam,64,16,5.000000e-01,46334,lut,1049,bf_det_k16_l1_r4_c4_m3_w12g8_d32_s2_q2,30005,45596,bf_det_k16_l1_r4_c4_m3_w12g8_d32_s2_q2,30005,45596,1,1,0.000000e+00,1,1,1,0
64qam,64,16,5.000000e-01,46334,ff,1050,bf_det_k16_l1_r4_c4_m3_w12g8_d32_s2_q2,18032,45596,bf_det_k16_l1_r4_c4_m3_w12g8_d32_s2_q2,18032,45596,1,1,0.000000e+00,1,1,1,0
64qam,64,16,5.000000e-01,46334,bram,1051,bf_det_k16_l1_r16_c4_m4_w12g8_d32_s2_q2,37,41414,bf_det_k16_l1_r16_c4_m4_w12g8_d32_s2_q2,37,41414,1,1,0.000000e+00,1,1,1,0
64qam,64,16,5.000000e-01,70749,dsp,1052,bf_det_k16_l1_r1_c4_m3_w14g4_d64_s2_q2,24,59535,bf_det_k16_l1_r1_c4_m3_w14g4_d64_s2_q2,24,59535,1,1,0.000000e+00,1,1,1,0
64qam,64,16,5.000000e-01,70749,lut,1053,bf_det_k16_l1_r1_c4_m3_w12g8_d32_s2_q2,28207,61100,bf_det_k16_l1_r1_c4_m3_w12g8_d32_s2_q2,28207,61100,1,1,0.000000e+00,1,1,1,0
64qam,64,16,5.000000e-01,70749,ff,1054,bf_det_k16_l1_r1_c4_m3_w12g8_d32_s2_q2,16081,61100,bf_det_k16_l1_r1_c4_m3_w12g8_d32_s2_q2,16081,61100,1,1,0.000000e+00,1,1,1,0
64qam,64,16,5.000000e-01,70749,bram,1055,bf_det_k16_l1_r16_c4_m4_w12g8_d32_s2_q2,37,41414,bf_det_k16_l1_r16_c4_m4_w12g8_d32_s2_q2,37,41414,1,1,0.000000e+00,1,1,1,0
64qam,64,16,1.000000e+00,3526,dsp,416,bf_det_k16_l16_r16_c16_m3_w12g4_d64_s2_q2,960,3231,bf_det_k16_l16_r16_c16_m3_w16g0_d64_s2_q2,960,3218,1,1,0.000000e+00,1,0,1,0
64qam,64,16,1.000000e+00,3526,lut,417,bf_det_k16_l16_r16_c16_m3_w12g4_d32_s2_q2,123131,3236,bf_det_k16_l16_r16_c16_m3_w12g4_d32_s2_q2,123131,3236,1,1,0.000000e+00,1,1,1,0
64qam,64,16,1.000000e+00,3526,ff,418,bf_det_k16_l16_r16_c16_m3_w12g4_d32_s2_q2,84212,3236,bf_det_k16_l16_r16_c16_m3_w12g4_d32_s2_q2,84212,3236,1,1,0.000000e+00,1,1,1,0
64qam,64,16,1.000000e+00,3526,bram,419,bf_det_k16_l16_r16_c16_m4_w12g4_d32_s2_q2,59,3212,bf_det_k16_l16_r16_c16_m4_w12g4_d32_s2_q2,59,3212,1,1,0.000000e+00,1,1,1,0
64qam,64,16,1.000000e+00,5412,dsp,420,bf_det_k16_l16_r4_c16_m3_w12g4_d64_s2_q2,384,4689,bf_det_k16_l16_r4_c16_m3_w16g0_d64_s2_q2,384,4676,1,1,0.000000e+00,1,0,1,0
64qam,64,16,1.000000e+00,5412,lut,421,bf_det_k16_l16_r4_c16_m3_w12g4_d32_s2_q2,97624,4694,bf_det_k16_l16_r4_c16_m3_w12g4_d32_s2_q2,97624,4694,1,1,0.000000e+00,1,1,1,0
64qam,64,16,1.000000e+00,5412,ff,422,bf_det_k16_l16_r4_c16_m3_w12g4_d32_s2_q2,56954,4694,bf_det_k16_l16_r4_c16_m3_w12g4_d32_s2_q2,56954,4694,1,1,0.000000e+00,1,1,1,0
64qam,64,16,1.000000e+00,5412,bram,423,bf_det_k16_l16_r16_c16_m4_w12g4_d32_s2_q2,59,3212,bf_det_k16_l16_r16_c16_m4_w12g4_d32_s2_q2,59,3212,1,1,0.000000e+00,1,1,1,0
64qam,64,16,1.000000e+00,8307,dsp,424,bf_det_k16_l16_r4_c16_m3_w12g4_d64_s2_q2,384,4689,bf_det_k16_l16_r4_c16_m3_w16g0_d64_s2_q2,384,4676,1,1,0.000000e+00,1,0,1,0
64qam,64,16,1.000000e+00,8307,lut,425,bf_det_k16_l16_r4_c16_m3_w12g4_d32_s2_q2,97624,4694,bf_det_k16_l16_r4_c16_m3_w12g4_d32_s2_q2,97624,4694,1,1,0.000000e+00,1,1,1,0
64qam,64,16,1.000000e+00,8307,ff,426,bf_det_k16_l16_r4_c16_m3_w12g4_d32_s2_q2,56954,4694,bf_det_k16_l16_r4_c16_m3_w12g4_d32_s2_q2,56954,4694,1,1,0.000000e+00,1,1,1,0
64qam,64,16,1.000000e+00,8307,bram,427,bf_det_k16_l16_r16_c16_m4_w12g4_d32_s2_q2,59,3212,bf_det_k16_l16_r16_c16_m4_w12g4_d32_s2_q2,59,3212,1,1,0.000000e+00,1,1,1,0
64qam,64,16,1.000000e+00,12749,dsp,428,bf_det_k16_l16_r1_c16_m3_w12g4_d64_s2_q2,240,10251,bf_det_k16_l16_r1_c16_m3_w16g0_d64_s2_q2,240,10238,1,1,0.000000e+00,1,0,1,0
64qam,64,16,1.000000e+00,12749,lut,429,bf_det_k16_l4_r16_c4_m3_w12g4_d32_s2_q2,48158,11468,bf_det_k16_l4_r16_c4_m3_w12g4_d32_s2_q2,48158,11468,1,1,0.000000e+00,1,1,1,0
64qam,64,16,1.000000e+00,12749,ff,430,bf_det_k16_l4_r16_c4_m3_w12g4_d32_s2_q2,30391,11468,bf_det_k16_l4_r16_c4_m3_w12g4_d32_s2_q2,30391,11468,1,1,0.000000e+00,1,1,1,0
64qam,64,16,1.000000e+00,12749,bram,431,bf_det_k16_l16_r16_c16_m4_w12g4_d32_s2_q2,59,3212,bf_det_k16_l16_r16_c16_m4_w12g4_d32_s2_q2,59,3212,1,1,0.000000e+00,1,1,1,0
64qam,64,16,1.000000e+00,19568,dsp,432,bf_det_k16_l4_r4_c4_m3_w12g4_d64_s2_q2,96,15405,bf_det_k16_l4_r4_c4_m3_w16g0_d64_s2_q2,96,15308,1,1,0.000000e+00,1,0,1,0
64qam,64,16,1.000000e+00,19568,lut,433,bf_det_k16_l4_r4_c4_m3_w12g4_d32_s2_q2,41598,15410,bf_det_k16_l4_r4_c4_m3_w12g4_d32_s2_q2,41598,15410,1,1,0.000000e+00,1,1,1,0
64qam,64,16,1.000000e+00,19568,ff,434,bf_det_k16_l4_r4_c4_m3_w12g4_d32_s2_q2,23564,15410,bf_det_k16_l4_r4_c4_m3_w12g4_d32_s2_q2,23564,15410,1,1,0.000000e+00,1,1,1,0
64qam,64,16,1.000000e+00,19568,bram,435,bf_det_k16_l16_r16_c16_m4_w12g4_d32_s2_q2,59,3212,bf_det_k16_l16_r16_c16_m4_w12g4_d32_s2_q2,59,3212,1,1,0.000000e+00,1,1,1,0
64qam,64,16,1.000000e+00,30033,dsp,436,bf_det_k16_l4_r1_c4_m3_w12g4_d64_s2_q2,60,23247,bf_det_k16_l4_r1_c4_m3_w16g0_d64_s2_q2,60,23150,1,1,0.000000e+00,1,0,1,0
64qam,64,16,1.000000e+00,30033,lut,437,bf_det_k16_l4_r1_c4_m3_w12g4_d32_s2_q2,40325,23252,bf_det_k16_l4_r1_c4_m3_w12g4_d32_s2_q2,40325,23252,1,1,0.000000e+00,1,1,1,0
64qam,64,16,1.000000e+00,30033,ff,438,bf_det_k16_l4_r1_c4_m3_w12g4_d32_s2_q2,22331,23252,bf_det_k16_l4_r1_c4_m3_w12g4_d32_s2_q2,22331,23252,1,1,0.000000e+00,1,1,1,0
64qam,64,16,1.000000e+00,30033,bram,439,bf_det_k16_l16_r16_c16_m4_w12g4_d32_s2_q2,59,3212,bf_det_k16_l16_r16_c16_m4_w12g4_d32_s2_q2,59,3212,1,1,0.000000e+00,1,1,1,0
64qam,64,16,1.000000e+00,46096,dsp,440,bf_det_k16_l4_r1_c4_m3_w12g4_d64_s2_q2,60,23247,bf_det_k16_l4_r1_c4_m3_w16g0_d64_s2_q2,60,23150,1,1,0.000000e+00,1,0,1,0
64qam,64,16,1.000000e+00,46096,lut,441,bf_det_k16_l1_r4_c4_m3_w12g4_d32_s2_q2,29712,42866,bf_det_k16_l1_r4_c4_m3_w12g4_d32_s2_q2,29712,42866,1,1,0.000000e+00,1,1,1,0
64qam,64,16,1.000000e+00,46096,ff,442,bf_det_k16_l1_r4_c4_m3_w12g4_d32_s2_q2,17824,42866,bf_det_k16_l1_r4_c4_m3_w12g4_d32_s2_q2,17824,42866,1,1,0.000000e+00,1,1,1,0
64qam,64,16,1.000000e+00,46096,bram,443,bf_det_k16_l1_r16_c4_m4_w12g4_d32_s2_q2,37,38684,bf_det_k16_l1_r16_c4_m4_w12g4_d32_s2_q2,37,38684,1,1,0.000000e+00,1,1,1,0
64qam,64,16,1.000000e+00,70749,dsp,444,bf_det_k16_l1_r1_c4_m3_w12g4_d64_s2_q2,24,58365,bf_det_k16_l1_r1_c4_m3_w16g0_d64_s2_q2,24,57980,1,1,0.000000e+00,1,0,1,0
64qam,64,16,1.000000e+00,70749,lut,445,bf_det_k16_l1_r1_c4_m3_w12g4_d32_s2_q2,27914,58370,bf_det_k16_l1_r1_c4_m3_w12g4_d32_s2_q2,27914,58370,1,1,0.000000e+00,1,1,1,0
64qam,64,16,1.000000e+00,70749,ff,446,bf_det_k16_l1_r1_c4_m3_w12g4_d32_s2_q2,15873,58370,bf_det_k16_l1_r1_c4_m3_w12g4_d32_s2_q2,15873,58370,1,1,0.000000e+00,1,1,1,0
64qam,64,16,1.000000e+00,70749,bram,447,bf_det_k16_l1_r16_c4_m4_w12g4_d32_s2_q2,37,38684,bf_det_k16_l1_r16_c4_m4_w12g4_d32_s2_q2,37,38684,1,1,0.000000e+00,1,1,1,0
64qam,128,4,2.500000e-01,1180,dsp,800,bf_det_k4_l16_r4_c16_m3_w14g4_d64_s2_q2,384,1080,bf_det_k4_l16_r4_c16_m3_w14g4_d64_s2_q2,384,1080,1,1,0.000000e+00,1,1,1,0
64qam,128,4,2.500000e-01,1180,lut,801,bf_det_k4_l16_r4_c16_m3_w12g8_d32_s2_q2,85414,1139,bf_det_k4_l16_r4_c16_m3_w12g8_d32_s2_q2,85414,1139,1,1,0.000000e+00,1,1,1,0
64qam,128,4,2.500000e-01,1180,ff,802,bf_det_k4_l16_r4_c16_m3_w12g8_d32_s2_q2,52380,1139,bf_det_k4_l16_r4_c16_m3_w12g8_d32_s2_q2,52380,1139,1,1,0.000000e+00,1,1,1,0
64qam,128,4,2.500000e-01,1180,bram,803,bf_det_k4_l16_r4_c16_m4_w12g8_d32_s2_q2,48,1127,bf_det_k4_l16_r4_c16_m4_w12g8_d32_s2_q2,48,1127,1,1,0.000000e+00,1,1,1,0
64qam,128,4,2.500000e-01,1729,dsp,804,bf_det_k4_l16_r1_c16_m3_w14g4_d64_s2_q2,240,1566,bf_det_k4_l16_r1_c16_m3_w14g4_d64_s2_q2,240,1566,1,1,0.000000e+00,1,1,1,0
64qam,128,4,2.500000e-01,1729,lut,805,bf_det_k4_l16_r1_c16_m3_w12g8_d32_s2_q2,78894,1625,bf_det_k4_l16_r1_c16_m3_w12g8_d32_s2_q2,78894,1625,1,1,0.000000e+00,1,1,1,0
64qam,128,4,2.500000e-01,1729,ff,806,bf_det_k4_l16_r1_c16_m3_w12g8_d32_s2_q2,45678,1625,bf_det_k4_l16_r1_c16_m3_w12g8_d32_s2_q2,45678,1625,1,1,0.000000e+00,1,1,1,0
64qam,128,4,2.500000e-01,1729,bram,807,bf_det_k4_l16_r4_c16_m4_w12g8_d32_s2_q2,48,1127,bf_det_k4_l16_r4_c16_m4_w12g8_d32_s2_q2,48,1127,1,1,0.000000e+00,1,1,1,0
64qam,128,4,2.500000e-01,2533,dsp,808,bf_det_k4_l16_r1_c16_m3_w14g4_d64_s2_q2,240,1566,bf_det_k4_l16_r1_c16_m3_w14g4_d64_s2_q2,240,1566,1,1,0.000000e+00,1,1,1,0
64qam,128,4,2.500000e-01,2533,lut,809,bf_det_k4_l16_r1_c16_m3_w12g8_d32_s2_q2,78894,1625,bf_det_k4_l16_r1_c16_m3_w12g8_d32_s2_q2,78894,1625,1,1,0.000000e+00,1,1,1,0
64qam,128,4,2.500000e-01,2533,ff,810,bf_det_k4_l16_r1_c16_m3_w12g8_d32_s2_q2,45678,1625,bf_det_k4_l16_r1_c16_m3_w12g8_d32_s2_q2,45678,1625,1,1,0.000000e+00,1,1,1,0
64qam,128,4,2.500000e-01,2533,bram,811,bf_det_k4_l16_r4_c16_m4_w12g8_d32_s2_q2,48,1127,bf_det_k4_l16_r4_c16_m4_w12g8_d32_s2_q2,48,1127,1,1,0.000000e+00,1,1,1,0
64qam,128,4,2.500000e-01,3711,dsp,812,bf_det_k4_l4_r1_c4_m4_w14g4_d64_s2_q2,64,3651,bf_det_k4_l4_r1_c4_m3_w14g4_d64_s2_q2,60,3654,1,1,6.667000e+00,1,0,0,0
64qam,128,4,2.500000e-01,3711,lut,813,bf_det_k4_l4_r1_c4_m4_w14g4_d32_s2_q2,28300,3656,bf_det_k4_l4_r1_c4_m3_w14g4_d32_s2_q2,28260,3659,1,1,1.420000e-01,1,0,0,0
64qam,128,4,2.500000e-01,3711,ff,814,bf_det_k4_l4_r1_c4_m4_w14g4_d32_s2_q2,16804,3656,bf_det_k4_l4_r1_c4_m3_w14g4_d32_s2_q2,16675,3659,1,1,7.740000e-01,1,0,0,0
64qam,128,4,2.500000e-01,3711,bram,815,bf_det_k4_l4_r4_c4_m4_w12g8_d32_s2_q2,16,3659,bf_det_k4_l4_r4_c4_m4_w12g8_d32_s2_q2,16,3659,1,1,0.000000e+00,1,1,1,0
64qam,128,4,2.500000e-01,5437,dsp,816,bf_det_k4_l4_r1_c4_m3_w14g4_d64_s2_q2,60,3654,bf_det_k4_l4_r1_c4_m3_w14g4_d64_s2_q2,60,3654,1,1,0.000000e+00,1,1,1,0
64qam,128,4,2.500000e-01,5437,lut,817,bf_det_k4_l4_r1_c4_m3_w12g8_d32_s2_q2,27502,3839,bf_det_k4_l4_r1_c4_m3_w12g8_d32_s2_q2,27502,3839,1,1,0.000000e+00,1,1,1,0
64qam,128,4,2.500000e-01,5437,ff,818,bf_det_k4_l4_r1_c4_m3_w12g8_d32_s2_q2,16227,3839,bf_det_k4_l4_r1_c4_m3_w12g8_d32_s2_q2,16227,3839,1,1,0.000000e+00,1,1,1,0
64qam,128,4,2.500000e-01,5437,bram,819,bf_det_k4_l4_r4_c4_m4_w12g8_d32_s2_q2,16,3659,bf_det_k4_l4_r4_c4_m4_w12g8_d32_s2_q2,16,3659,1,1,0.000000e+00,1,1,1,0
64qam,128,4,2.500000e-01,7965,dsp,820,bf_det_k4_l4_r1_c4_m3_w14g4_d64_s2_q2,60,3654,bf_det_k4_l4_r1_c4_m3_w14g4_d64_s2_q2,60,3654,1,1,0.000000e+00,1,1,1,0
64qam,128,4,2.500000e-01,7965,lut,821,bf_det_k4_l4_r1_c4_m3_w12g8_d32_s2_q2,27502,3839,bf_det_k4_l4_r1_c4_m3_w12g8_d32_s2_q2,27502,3839,1,1,0.000000e+00,1,1,1,0
64qam,128,4,2.500000e-01,7965,ff,822,bf_det_k4_l4_r1_c4_m3_w12g8_d32_s2_q2,16227,3839,bf_det_k4_l4_r1_c4_m3_w12g8_d32_s2_q2,16227,3839,1,1,0.000000e+00,1,1,1,0
64qam,128,4,2.500000e-01,7965,bram,823,bf_det_k4_l4_r4_c4_m4_w12g8_d32_s2_q2,16,3659,bf_det_k4_l4_r4_c4_m4_w12g8_d32_s2_q2,16,3659,1,1,0.000000e+00,1,1,1,0
64qam,128,4,2.500000e-01,11669,dsp,824,bf_det_k4_l4_r1_c4_m3_w14g4_d64_s2_q2,60,3654,bf_det_k4_l4_r1_c4_m3_w14g4_d64_s2_q2,60,3654,1,1,0.000000e+00,1,1,1,0
64qam,128,4,2.500000e-01,11669,lut,825,bf_det_k4_l4_r1_c4_m3_w12g8_d32_s2_q2,27502,3839,bf_det_k4_l4_r1_c4_m3_w12g8_d32_s2_q2,27502,3839,1,1,0.000000e+00,1,1,1,0
64qam,128,4,2.500000e-01,11669,ff,826,bf_det_k4_l4_r1_c4_m3_w12g8_d32_s2_q2,16227,3839,bf_det_k4_l4_r1_c4_m3_w12g8_d32_s2_q2,16227,3839,1,1,0.000000e+00,1,1,1,0
64qam,128,4,2.500000e-01,11669,bram,827,bf_det_k4_l4_r4_c4_m4_w12g8_d32_s2_q2,16,3659,bf_det_k4_l4_r4_c4_m4_w12g8_d32_s2_q2,16,3659,1,1,0.000000e+00,1,1,1,0
64qam,128,4,2.500000e-01,17096,dsp,828,bf_det_k4_l1_r1_c4_m3_w14g4_d64_s2_q2,24,13317,bf_det_k4_l1_r1_c4_m3_w14g4_d64_s2_q2,24,13317,1,1,0.000000e+00,1,1,1,0
64qam,128,4,2.500000e-01,17096,lut,829,bf_det_k4_l1_r1_c4_m3_w12g8_d32_s2_q2,14915,14102,bf_det_k4_l1_r1_c4_m3_w12g8_d32_s2_q2,14915,14102,1,1,0.000000e+00,1,1,1,0
64qam,128,4,2.500000e-01,17096,ff,830,bf_det_k4_l1_r1_c4_m3_w12g8_d32_s2_q2,9127,14102,bf_det_k4_l1_r1_c4_m3_w12g8_d32_s2_q2,9127,14102,1,1,0.000000e+00,1,1,1,0
64qam,128,4,2.500000e-01,17096,bram,831,bf_det_k4_l1_r4_c4_m4_w14g4_d32_s2_q2,14,12191,bf_det_k4_l1_r4_c4_m4_w14g4_d32_s2_q2,14,12191,1,1,0.000000e+00,1,1,1,0
64qam,128,4,5.000000e-01,797,dsp,1056,bf_det_k4_l16_r4_c16_m3_w14g4_d64_s2_q2,384,729,bf_det_k4_l16_r4_c16_m3_w14g4_d64_s2_q2,384,729,1,1,0.000000e+00,1,1,1,0
64qam,128,4,5.000000e-01,797,lut,1057,bf_det_k4_l16_r4_c16_m3_w12g8_d32_s2_q2,85414,770,bf_det_k4_l16_r4_c16_m3_w12g8_d32_s2_q2,85414,770,1,1,0.000000e+00,1,1,1,0
64qam,128,4,5.000000e-01,797,ff,1058,bf_det_k4_l16_r4_c16_m3_w12g8_d32_s2_q2,52380,770,bf_det_k4_l16_r4_c16_m3_w12g8_d32_s2_q2,52380,770,1,1,0.000000e+00,1,1,1,0
64qam,128,4,5.000000e-01,797,bram,1059,bf_det_k4_l16_r4_c16_m4_w12g8_d32_s2_q2,48,762,bf_det_k4_l16_r4_c16_m4_w12g8_d32_s2_q2,48,762,1,1,0.000000e+00,1,1,1,0
64qam,128,4,5.000000e-01,1247,dsp,1060,bf_det_k4_l16_r1_c16_m3_w14g4_d64_s2_q2,240,1053,bf_det_k4_l16_r1_c16_m3_w14g4_d64_s2_q2,240,1053,1,1,0.000000e+00,1,1,1,0
64qam,128,4,5.000000e-01,1247,lut,1061,bf_det_k4_l16_r1_c16_m3_w12g8_d32_s2_q2,78894,1094,bf_det_k4_l16_r1_c16_m3_w12g8_d32_s2_q2,78894,1094,1,1,0.000000e+00,1,1,1,0
64qam,128,4,5.000000e-01,1247,ff,1062,bf_det_k4_l16_r1_c16_m3_w12g8_d32_s2_q2,45678,1094,bf_det_k4_l16_r1_c16_m3_w12g8_d32_s2_q2,45678,1094,1,1,0.000000e+00,1,1,1,0
64qam,128,4,5.000000e-01,1247,bram,1063,bf_det_k4_l16_r4_c16_m4_w12g8_d32_s2_q2,48,762,bf_det_k4_l16_r4_c16_m4_w12g8_d32_s2_q2,48,762,1,1,0.000000e+00,1,1,1,0
64qam,128,4,5.000000e-01,1952,dsp,1064,bf_det_k4_l16_r1_c16_m3_w14g4_d64_s2_q2,240,1053,bf_det_k4_l16_r1_c16_m3_w14g4_d64_s2_q2,240,1053,1,1,0.000000e+00,1,1,1,0
64qam,128,4,5.000000e-01,1952,lut,1065,bf_det_k4_l16_r1_c16_m4_w12g4_d32_s2_q2,76108,1952,bf_det_k4_l16_r1_c16_m4_w12g4_d32_s2_q2,76108,1952,1,1,0.000000e+00,1,1,1,0
64qam,128,4,5.000000e-01,1952,ff,1066,bf_det_k4_l16_r1_c16_m4_w12g4_d32_s2_q2,43402,1952,bf_det_k4_l16_r1_c16_m4_w12g4_d32_s2_q2,43402,1952,1,1,0.000000e+00,1,1,1,0
64qam,128,4,5.000000e-01,1952,bram,1067,bf_det_k4_l16_r4_c16_m4_w12g8_d32_s2_q2,48,762,bf_det_k4_l16_r4_c16_m4_w12g8_d32_s2_q2,48,762,1,1,0.000000e+00,1,1,1,0
64qam,128,4,5.000000e-01,3056,dsp,1068,bf_det_k4_l4_r1_c4_m3_w14g4_d64_s2_q2,60,2461,bf_det_k4_l4_r1_c4_m3_w14g4_d64_s2_q2,60,2461,1,1,0.000000e+00,1,1,1,0
64qam,128,4,5.000000e-01,3056,lut,1069,bf_det_k4_l4_r1_c4_m3_w12g8_d32_s2_q2,27502,2586,bf_det_k4_l4_r1_c4_m3_w12g8_d32_s2_q2,27502,2586,1,1,0.000000e+00,1,1,1,0
64qam,128,4,5.000000e-01,3056,ff,1070,bf_det_k4_l4_r1_c4_m3_w12g8_d32_s2_q2,16227,2586,bf_det_k4_l4_r1_c4_m3_w12g8_d32_s2_q2,16227,2586,1,1,0.000000e+00,1,1,1,0
64qam,128,4,5.000000e-01,3056,bram,1071,bf_det_k4_l4_r4_c4_m4_w12g8_d32_s2_q2,16,2466,bf_det_k4_l4_r4_c4_m4_w12g8_d32_s2_q2,16,2466,1,1,0.000000e+00,1,1,1,0
64qam,128,4,5.000000e-01,4784,dsp,1072,bf_det_k4_l4_r1_c4_m3_w14g4_d64_s2_q2,60,2461,bf_det_k4_l4_r1_c4_m3_w14g4_d64_s2_q2,60,2461,1,1,0.000000e+00,1,1,1,0
64qam,128,4,5.000000e-01,4784,lut,1073,bf_det_k4_l4_r1_c4_m4_w12g4_d32_s2_q2,26748,4612,bf_det_k4_l4_r1_c4_m3_w12g4_d32_s2_q2,26676,4616,1,1,2.700000e-01,1,0,0,0
64qam,128,4,5.000000e-01,4784,ff,1074,bf_det_k4_l4_r1_c4_m4_w12g4_d32_s2_q2,15637,4612,bf_det_k4_l4_r1_c4_m3_w12g4_d32_s2_q2,15454,4616,1,1,1.184000e+00,1,0,0,0
64qam,128,4,5.000000e-01,4784,bram,1075,bf_det_k4_l4_r4_c4_m4_w12g8_d32_s2_q2,16,2466,bf_det_k4_l4_r4_c4_m4_w12g8_d32_s2_q2,16,2466,1,1,0.000000e+00,1,1,1,0
64qam,128,4,5.000000e-01,7489,dsp,1076,bf_det_k4_l4_r1_c4_m3_w14g4_d64_s2_q2,60,2461,bf_det_k4_l4_r1_c4_m3_w14g4_d64_s2_q2,60,2461,1,1,0.000000e+00,1,1,1,0
64qam,128,4,5.000000e-01,7489,lut,1077,bf_det_k4_l4_r1_c4_m3_w12g4_d32_s2_q2,26676,4616,bf_det_k4_l4_r1_c4_m3_w12g4_d32_s2_q2,26676,4616,1,1,0.000000e+00,1,1,1,0
64qam,128,4,5.000000e-01,7489,ff,1078,bf_det_k4_l4_r1_c4_m3_w12g4_d32_s2_q2,15454,4616,bf_det_k4_l4_r1_c4_m3_w12g4_d32_s2_q2,15454,4616,1,1,0.000000e+00,1,1,1,0
64qam,128,4,5.000000e-01,7489,bram,1079,bf_det_k4_l4_r4_c4_m4_w12g8_d32_s2_q2,16,2466,bf_det_k4_l4_r4_c4_m4_w12g8_d32_s2_q2,16,2466,1,1,0.000000e+00,1,1,1,0
64qam,128,4,5.000000e-01,11724,dsp,1080,bf_det_k4_l1_r1_c4_m3_w14g4_d64_s2_q2,24,8967,bf_det_k4_l1_r1_c4_m3_w14g4_d64_s2_q2,24,8967,1,1,0.000000e+00,1,1,1,0
64qam,128,4,5.000000e-01,11724,lut,1081,bf_det_k4_l1_r1_c4_m3_w12g8_d32_s2_q2,14915,9492,bf_det_k4_l1_r1_c4_m3_w12g8_d32_s2_q2,14915,9492,1,1,0.000000e+00,1,1,1,0
64qam,128,4,5.000000e-01,11724,ff,1082,bf_det_k4_l1_r1_c4_m3_w12g8_d32_s2_q2,9127,9492,bf_det_k4_l1_r1_c4_m3_w12g8_d32_s2_q2,9127,9492,1,1,0.000000e+00,1,1,1,0
64qam,128,4,5.000000e-01,11724,bram,1083,bf_det_k4_l1_r4_c4_m4_w14g4_d32_s2_q2,14,8218,bf_det_k4_l1_r4_c4_m4_w14g4_d32_s2_q2,14,8218,1,1,0.000000e+00,1,1,1,0
64qam,128,4,5.000000e-01,18353,dsp,1084,bf_det_k4_l1_r1_c4_m3_w14g4_d64_s2_q2,24,8967,bf_det_k4_l1_r1_c4_m3_w14g4_d64_s2_q2,24,8967,1,1,0.000000e+00,1,1,1,0
64qam,128,4,5.000000e-01,18353,lut,1085,bf_det_k4_l1_r1_c4_m3_w12g4_d32_s2_q2,14622,16892,bf_det_k4_l1_r1_c4_m3_w12g4_d32_s2_q2,14622,16892,1,1,0.000000e+00,1,1,1,0
64qam,128,4,5.000000e-01,18353,ff,1086,bf_det_k4_l1_r1_c4_m3_w12g4_d32_s2_q2,8918,16892,bf_det_k4_l1_r1_c4_m3_w12g4_d32_s2_q2,8918,16892,1,1,0.000000e+00,1,1,1,0
64qam,128,4,5.000000e-01,18353,bram,1087,bf_det_k4_l1_r4_c4_m4_w14g4_d32_s2_q2,14,8218,bf_det_k4_l1_r4_c4_m4_w14g4_d32_s2_q2,14,8218,1,1,0.000000e+00,1,1,1,0
64qam,128,4,1.000000e+00,753,dsp,512,bf_det_k4_l16_r4_c16_m4_w10g8_d64_s2_q2,208,717,bf_det_k4_l16_r4_c16_m4_w10g8_d64_s2_q2,208,717,1,1,0.000000e+00,1,1,1,0
64qam,128,4,1.000000e+00,753,lut,513,bf_det_k4_l16_r4_c16_m3_w12g4_d32_s2_q2,82468,700,bf_det_k4_l16_r4_c16_m3_w12g4_d32_s2_q2,82468,700,1,1,0.000000e+00,1,1,1,0
64qam,128,4,1.000000e+00,753,ff,514,bf_det_k4_l16_r4_c16_m3_w10g8_d32_s2_q2,46202,730,bf_det_k4_l16_r4_c16_m3_w10g8_d32_s2_q2,46202,730,1,1,0.000000e+00,1,1,1,0
64qam,128,4,1.000000e+00,753,bram,515,bf_det_k4_l16_r4_c16_m4_w10g8_d32_s2_q2,40,722,bf_det_k4_l16_r4_c16_m4_w10g8_d32_s2_q2,40,722,1,1,0.000000e+00,1,1,1,0
64qam,128,4,1.000000e+00,1112,dsp,516,bf_det_k4_l16_r1_c16_m4_w10g8_d64_s2_q2,112,1017,bf_det_k4_l16_r1_c16_m4_w10g8_d64_s2_q2,112,1017,1,1,0.000000e+00,1,1,1,0
64qam,128,4,1.000000e+00,1112,lut,517,bf_det_k4_l16_r1_c16_m3_w12g4_d32_s2_q2,75948,1024,bf_det_k4_l16_r1_c16_m3_w12g4_d32_s2_q2,75948,1024,1,1,0.000000e+00,1,1,1,0
64qam,128,4,1.000000e+00,1112,ff,518,bf_det_k4_l16_r1_c16_m3_w12g4_d32_s2_q2,42649,1024,bf_det_k4_l16_r1_c16_m3_w10g8_d32_s2_q2,40560,1054,1,1,5.150000e+00,1,0,0,0
64qam,128,4,1.000000e+00,1112,bram,519,bf_det_k4_l16_r4_c16_m4_w10g8_d32_s2_q2,40,722,bf_det_k4_l16_r4_c16_m4_w10g8_d32_s2_q2,40,722,1,1,0.000000e+00,1,1,1,0
64qam,128,4,1.000000e+00,1641,dsp,520,bf_det_k4_l16_r1_c16_m4_w10g8_d64_s2_q2,112,1017,bf_det_k4_l16_r1_c16_m4_w10g8_d64_s2_q2,112,1017,1,1,0.000000e+00,1,1,1,0
64qam,128,4,1.000000e+00,1641,lut,521,bf_det_k4_l16_r1_c16_m3_w12g4_d32_s2_q2,75948,1024,bf_det_k4_l16_r1_c16_m3_w12g4_d32_s2_q2,75948,1024,1,1,0.000000e+00,1,1,1,0
64qam,128,4,1.000000e+00,1641,ff,522,bf_det_k4_l16_r1_c16_m3_w12g4_d32_s2_q2,42649,1024,bf_det_k4_l16_r1_c16_m3_w10g8_d32_s2_q2,40560,1054,1,1,5.150000e+00,1,0,0,0
64qam,128,4,1.000000e+00,1641,bram,523,bf_det_k4_l16_r4_c16_m4_w10g8_d32_s2_q2,40,722,bf_det_k4_l16_r4_c16_m4_w10g8_d32_s2_q2,40,722,1,1,0.000000e+00,1,1,1,0
64qam,128,4,1.000000e+00,2422,dsp,524,bf_det_k4_l4_r4_c4_m4_w10g8_d64_s2_q2,52,2325,bf_det_k4_l4_r4_c4_m4_w10g8_d64_s2_q2,52,2325,1,1,0.000000e+00,1,1,1,0
64qam,128,4,1.000000e+00,2422,lut,525,bf_det_k4_l4_r1_c4_m4_w12g4_d32_s2_q2,26748,2346,bf_det_k4_l4_r1_c4_m3_w12g4_d32_s2_q2,26676,2348,1,1,2.700000e-01,1,0,0,0
64qam,128,4,1.000000e+00,2422,ff,526,bf_det_k4_l4_r1_c4_m4_w12g4_d32_s2_q2,15637,2346,bf_det_k4_l4_r1_c4_m3_w12g4_d32_s2_q2,15454,2348,1,1,1.184000e+00,1,0,0,0
64qam,128,4,1.000000e+00,2422,bram,527,bf_det_k4_l4_r4_c4_m4_w12g4_d32_s2_q2,16,2228,bf_det_k4_l4_r4_c4_m4_w12g4_d32_s2_q2,16,2228,1,1,0.000000e+00,1,1,1,0
64qam,128,4,1.000000e+00,3575,dsp,528,bf_det_k4_l4_r1_c4_m4_w10g8_d64_s2_q2,28,2443,bf_det_k4_l4_r1_c4_m4_w10g8_d64_s2_q2,28,2443,1,1,0.000000e+00,1,1,1,0
64qam,128,4,1.000000e+00,3575,lut,529,bf_det_k4_l4_r1_c4_m3_w12g4_d32_s2_q2,26676,2348,bf_det_k4_l4_r1_c4_m3_w12g4_d32_s2_q2,26676,2348,1,1,0.000000e+00,1,1,1,0
64qam,128,4,1.000000e+00,3575,ff,530,bf_det_k4_l4_r1_c4_m3_w12g4_d32_s2_q2,15454,2348,bf_det_k4_l4_r1_c4_m3_w10g8_d32_s2_q2,14842,2450,1,1,4.123000e+00,1,0,0,0
64qam,128,4,1.000000e+00,3575,bram,531,bf_det_k4_l4_r4_c4_m4_w12g4_d32_s2_q2,16,2228,bf_det_k4_l4_r4_c4_m4_w12g4_d32_s2_q2,16,2228,1,1,0.000000e+00,1,1,1,0
64qam,128,4,1.000000e+00,5277,dsp,532,bf_det_k4_l4_r1_c4_m4_w10g8_d64_s2_q2,28,2443,bf_det_k4_l4_r1_c4_m4_w10g8_d64_s2_q2,28,2443,1,1,0.000000e+00,1,1,1,0
64qam,128,4,1.000000e+00,5277,lut,533,bf_det_k4_l4_r1_c4_m3_w12g4_d32_s2_q2,26676,2348,bf_det_k4_l4_r1_c4_m3_w12g4_d32_s2_q2,26676,2348,1,1,0.000000e+00,1,1,1,0
64qam,128,4,1.000000e+00,5277,ff,534,bf_det_k4_l4_r1_c4_m3_w12g4_d32_s2_q2,15454,2348,bf_det_k4_l4_r1_c4_m3_w10g8_d32_s2_q2,14842,2450,1,1,4.123000e+00,1,0,0,0
64qam,128,4,1.000000e+00,5277,bram,535,bf_det_k4_l4_r4_c4_m4_w12g4_d32_s2_q2,16,2228,bf_det_k4_l4_r4_c4_m4_w12g4_d32_s2_q2,16,2228,1,1,0.000000e+00,1,1,1,0
64qam,128,4,1.000000e+00,7789,dsp,536,bf_det_k4_l4_r1_c4_m4_w10g8_d64_s2_q2,28,2443,bf_det_k4_l4_r1_c4_m4_w10g8_d64_s2_q2,28,2443,1,1,0.000000e+00,1,1,1,0
64qam,128,4,1.000000e+00,7789,lut,537,bf_det_k4_l1_r4_c4_m3_w12g4_d32_s2_q2,16277,7860,bf_det_k4_l1_r4_c4_m3_w16g0_d32_s2_q2,17353,7731,1,1,-6.201000e+00,1,0,0,0
64qam,128,4,1.000000e+00,7789,ff,538,bf_det_k4_l1_r4_c4_m3_w12g4_d32_s2_q2,10798,7860,bf_det_k4_l1_r4_c4_m3_w16g0_d32_s2_q2,11931,7731,1,1,-9.496000e+00,1,0,0,0
64qam,128,4,1.000000e+00,7789,bram,539,bf_det_k4_l1_r4_c4_m4_w12g4_d32_s2_q2,14,7828,bf_det_k4_l4_r4_c4_m4_w12g4_d32_s2_q2,16,2228,1,1,-1.250000e+01,1,0,0,0
64qam,128,4,1.000000e+00,11497,dsp,540,bf_det_k4_l1_r1_c4_m4_w10g8_d64_s2_q2,13,8839,bf_det_k4_l1_r1_c4_m4_w10g8_d64_s2_q2,13,8839,1,1,0.000000e+00,1,1,1,0
64qam,128,4,1.000000e+00,11497,lut,541,bf_det_k4_l1_r1_c4_m3_w12g4_d32_s2_q2,14622,8582,bf_det_k4_l1_r1_c4_m3_w12g4_d32_s2_q2,14622,8582,1,1,0.000000e+00,1,1,1,0
64qam,128,4,1.000000e+00,11497,ff,542,bf_det_k4_l1_r1_c4_m3_w10g8_d32_s2_q2,8744,8972,bf_det_k4_l1_r1_c4_m3_w10g8_d32_s2_q2,8744,8972,1,1,0.000000e+00,1,1,1,0
64qam,128,4,1.000000e+00,11497,bram,543,bf_det_k4_l1_r4_c4_m4_w12g4_d32_s2_q2,14,7828,bf_det_k4_l1_r4_c4_m4_w12g4_d32_s2_q2,14,7828,1,1,0.000000e+00,1,1,1,0
64qam,128,8,2.500000e-01,1410,dsp,1088,bf_det_k8_l16_r8_c16_m3_w14g4_d64_s2_q2,576,1288,bf_det_k8_l16_r8_c16_m3_w14g4_d64_s2_q2,576,1288,1,1,0.000000e+00,1,1,1,0
64qam,128,8,2.500000e-01,1410,lut,1089,bf_det_k8_l16_r8_c16_m3_w12g8_d32_s2_q2,98479,1347,bf_det_k8_l16_r8_c16_m3_w12g8_d32_s2_q2,98479,1347,1,1,0.000000e+00,1,1,1,0
64qam,128,8,2.500000e-01,1410,ff,1090,bf_det_k8_l16_r8_c16_m3_w12g8_d32_s2_q2,63158,1347,bf_det_k8_l16_r8_c16_m3_w12g8_d32_s2_q2,63158,1347,1,1,0.000000e+00,1,1,1,0
64qam,128,8,2.500000e-01,1410,bram,1091,bf_det_k8_l16_r8_c16_m4_w12g8_d32_s2_q2,54,1335,bf_det_k8_l16_r8_c16_m4_w12g8_d32_s2_q2,54,1335,1,1,0.000000e+00,1,1,1,0
64qam,128,8,2.500000e-01,2095,dsp,1092,bf_det_k8_l16_r4_c16_m3_w14g4_d64_s2_q2,384,1489,bf_det_k8_l16_r4_c16_m3_w14g4_d64_s2_q2,384,1489,1,1,0.000000e+00,1,1,1,0
64qam,128,8,2.500000e-01,2095,lut,1093,bf_det_k8_l16_r4_c16_m3_w12g8_d32_s2_q2,89916,1548,bf_det_k8_l16_r4_c16_m3_w12g8_d32_s2_q2,89916,1548,1,1,0.000000e+00,1,1,1,0
64qam,128,8,2.500000e-01,2095,ff,1094,bf_det_k8_l16_r4_c16_m3_w12g8_d32_s2_q2,54203,1548,bf_det_k8_l16_r4_c16_m3_w12g8_d32_s2_q2,54203,1548,1,1,0.000000e+00,1,1,1,0
64qam,128,8,2.500000e-01,2095,bram,1095,bf_det_k8_l16_r8_c16_m4_w12g8_d32_s2_q2,54,1335,bf_det_k8_l16_r8_c16_m4_w12g8_d32_s2_q2,54,1335,1,1,0.000000e+00,1,1,1,0
64qam,128,8,2.500000e-01,3112,dsp,1096,bf_det_k8_l16_r1_c16_m3_w14g4_d64_s2_q2,240,2590,bf_det_k8_l16_r1_c16_m3_w14g4_d64_s2_q2,240,2590,1,1,0.000000e+00,1,1,1,0
64qam,128,8,2.500000e-01,3112,lut,1097,bf_det_k8_l16_r1_c16_m3_w12g8_d32_s2_q2,83215,2649,bf_det_k8_l16_r1_c16_m3_w12g8_d32_s2_q2,83215,2649,1,1,0.000000e+00,1,1,1,0
64qam,128,8,2.500000e-01,3112,ff,1098,bf_det_k8_l16_r1_c16_m3_w12g8_d32_s2_q2,47403,2649,bf_det_k8_l16_r1_c16_m3_w12g8_d32_s2_q2,47403,2649,1,1,0.000000e+00,1,1,1,0
64qam,128,8,2.500000e-01,3112,bram,1099,bf_det_k8_l16_r8_c16_m4_w12g8_d32_s2_q2,54,1335,bf_det_k8_l16_r8_c16_m4_w12g8_d32_s2_q2,54,1335,1,1,0.000000e+00,1,1,1,0
64qam,128,8,2.500000e-01,4624,dsp,1100,bf_det_k8_l4_r8_c4_m3_w14g4_d64_s2_q2,144,4354,bf_det_k8_l4_r8_c4_m3_w14g4_d64_s2_q2,144,4354,1,1,0.000000e+00,1,1,1,0
64qam,128,8,2.500000e-01,4624,lut,1101,bf_det_k8_l4_r8_c4_m3_w12g8_d32_s2_q2,34925,4539,bf_det_k8_l4_r8_c4_m3_w12g8_d32_s2_q2,34925,4539,1,1,0.000000e+00,1,1,1,0
64qam,128,8,2.500000e-01,4624,ff,1102,bf_det_k8_l4_r8_c4_m3_w12g8_d32_s2_q2,21466,4539,bf_det_k8_l4_r8_c4_m3_w12g8_d32_s2_q2,21466,4539,1,1,0.000000e+00,1,1,1,0
64qam,128,8,2.500000e-01,4624,bram,1103,bf_det_k8_l4_r8_c4_m4_w12g8_d32_s2_q2,22,4491,bf_det_k8_l4_r8_c4_m4_w12g8_d32_s2_q2,22,4491,1,1,0.000000e+00,1,1,1,0
64qam,128,8,2.500000e-01,6870,dsp,1104,bf_det_k8_l4_r1_c4_m3_w14g4_d64_s2_q2,60,5638,bf_det_k8_l4_r1_c4_m3_w14g4_d64_s2_q2,60,5638,1,1,0.000000e+00,1,1,1,0
64qam,128,8,2.500000e-01,6870,lut,1105,bf_det_k8_l4_r1_c4_m3_w12g8_d32_s2_q2,31518,5823,bf_det_k8_l4_r1_c4_m3_w12g8_d32_s2_q2,31518,5823,1,1,0.000000e+00,1,1,1,0
64qam,128,8,2.500000e-01,6870,ff,1106,bf_det_k8_l4_r1_c4_m3_w12g8_d32_s2_q2,18008,5823,bf_det_k8_l4_r1_c4_m3_w12g8_d32_s2_q2,18008,5823,1,1,0.000000e+00,1,1,1,0
64qam,128,8,2.500000e-01,6870,bram,1107,bf_det_k8_l4_r8_c4_m4_w12g8_d32_s2_q2,22,4491,bf_det_k8_l4_r8_c4_m4_w12g8_d32_s2_q2,22,4491,1,1,0.000000e+00,1,1,1,0
64qam,128,8,2.500000e-01,10208,dsp,1108,bf_det_k8_l4_r1_c4_m3_w14g4_d64_s2_q2,60,5638,bf_det_k8_l4_r1_c4_m3_w14g4_d64_s2_q2,60,5638,1,1,0.000000e+00,1,1,1,0
64qam,128,8,2.500000e-01,10208,lut,1109,bf_det_k8_l4_r1_c4_m3_w12g8_d32_s2_q2,31518,5823,bf_det_k8_l4_r1_c4_m3_w12g8_d32_s2_q2,31518,5823,1,1,0.000000e+00,1,1,1,0
64qam,128,8,2.500000e-01,10208,ff,1110,bf_det_k8_l4_r1_c4_m3_w12g8_d32_s2_q2,18008,5823,bf_det_k8_l4_r1_c4_m3_w12g8_d32_s2_q2,18008,5823,1,1,0.000000e+00,1,1,1,0
64qam,128,8,2.500000e-01,10208,bram,1111,bf_det_k8_l4_r8_c4_m4_w12g8_d32_s2_q2,22,4491,bf_det_k8_l4_r8_c4_m4_w12g8_d32_s2_q2,22,4491,1,1,0.000000e+00,1,1,1,0
64qam,128,8,2.500000e-01,15167,dsp,1112,bf_det_k8_l4_r1_c4_m3_w14g4_d64_s2_q2,60,5638,bf_det_k8_l4_r1_c4_m3_w14g4_d64_s2_q2,60,5638,1,1,0.000000e+00,1,1,1,0
64qam,128,8,2.500000e-01,15167,lut,1113,bf_det_k8_l1_r8_c4_m3_w14g4_d32_s2_q2,23508,14991,bf_det_k8_l1_r8_c4_m3_w14g4_d32_s2_q2,23508,14991,1,1,0.000000e+00,1,1,1,0
64qam,128,8,2.500000e-01,15167,ff,1114,bf_det_k8_l1_r8_c4_m3_w14g4_d32_s2_q2,16228,14991,bf_det_k8_l1_r8_c4_m3_w14g4_d32_s2_q2,16228,14991,1,1,0.000000e+00,1,1,1,0
64qam,128,8,2.500000e-01,15167,bram,1115,bf_det_k8_l1_r8_c4_m4_w14g4_d32_s2_q2,21,14943,bf_det_k8_l1_r8_c4_m4_w14g4_d32_s2_q2,21,14943,1,1,0.000000e+00,1,1,1,0
64qam,128,8,2.500000e-01,22535,dsp,1116,bf_det_k8_l1_r1_c4_m3_w14g4_d64_s2_q2,24,18205,bf_det_k8_l1_r1_c4_m3_w14g4_d64_s2_q2,24,18205,1,1,0.000000e+00,1,1,1,0
64qam,128,8,2.500000e-01,22535,lut,1117,bf_det_k8_l1_r1_c4_m3_w12g8_d32_s2_q2,18642,18990,bf_det_k8_l1_r1_c4_m3_w12g8_d32_s2_q2,18642,18990,1,1,0.000000e+00,1,1,1,0
64qam,128,8,2.500000e-01,22535,ff,1118,bf_det_k8_l1_r1_c4_m3_w12g8_d32_s2_q2,10856,18990,bf_det_k8_l1_r1_c4_m3_w12g8_d32_s2_q2,10856,18990,1,1,0.000000e+00,1,1,1,0
64qam,128,8,2.500000e-01,22535,bram,1119,bf_det_k8_l1_r8_c4_m4_w12g8_d32_s2_q2,20,15723,bf_det_k8_l1_r8_c4_m4_w12g8_d32_s2_q2,20,15723,1,1,0.000000e+00,1,1,1,0
64qam,128,8,5.000000e-01,1345,dsp,1120,bf_det_k8_l16_r8_c16_m3_w12g4_d64_s2_q2,576,1237,bf_det_k8_l16_r8_c16_m3_w16g0_d64_s2_q2,576,1230,1,1,0.000000e+00,1,0,1,0
64qam,128,8,5.000000e-01,1345,lut,1121,bf_det_k8_l16_r8_c16_m3_w12g4_d32_s2_q2,95533,1242,bf_det_k8_l16_r8_c16_m3_w12g4_d32_s2_q2,95533,1242,1,1,0.000000e+00,1,1,1,0
64qam,128,8,5.000000e-01,1345,ff,1122,bf_det_k8_l16_r8_c16_m3_w12g4_d32_s2_q2,60145,1242,bf_det_k8_l16_r8_c16_m3_w12g4_d32_s2_q2,60145,1242,1,1,0.000000e+00,1,1,1,0
64qam,128,8,5.000000e-01,1345,bram,1123,bf_det_k8_l16_r8_c16_m4_w12g4_d32_s2_q2,54,1230,bf_det_k8_l16_r8_c16_m4_w12g4_d32_s2_q2,54,1230,1,1,0.000000e+00,1,1,1,0
64qam,128,8,5.000000e-01,2012,dsp,1124,bf_det_k8_l16_r4_c16_m3_w12g4_d64_s2_q2,384,1438,bf_det_k8_l16_r4_c16_m3_w16g0_d64_s2_q2,384,1431,1,1,0.000000e+00,1,0,1,0
64qam,128,8,5.000000e-01,2012,lut,1125,bf_det_k8_l16_r4_c16_m3_w12g4_d32_s2_q2,86970,1443,bf_det_k8_l16_r4_c16_m3_w12g4_d32_s2_q2,86970,1443,1,1,0.000000e+00,1,1,1,0
64qam,128,8,5.000000e-01,2012,ff,1126,bf_det_k8_l16_r4_c16_m3_w12g4_d32_s2_q2,51190,1443,bf_det_k8_l16_r4_c16_m3_w12g4_d32_s2_q2,51190,1443,1,1,0.000000e+00,1,1,1,0
64qam,128,8,5.000000e-01,2012,bram,1127,bf_det_k8_l16_r8_c16_m4_w12g4_d32_s2_q2,54,1230,bf_det_k8_l16_r8_c16_m4_w12g4_d32_s2_q2,54,1230,1,1,0.000000e+00,1,1,1,0
64qam,128,8,5.000000e-01,3009,dsp,1128,bf_det_k8_l16_r1_c16_m3_w12g4_d64_s2_q2,240,2539,bf_det_k8_l16_r1_c16_m3_w16g0_d64_s2_q2,240,2532,1,1,0.000000e+00,1,0,1,0
64qam,128,8,5.000000e-01,3009,lut,1129,bf_det_k8_l16_r1_c16_m3_w12g4_d32_s2_q2,80269,2544,bf_det_k8_l16_r1_c16_m3_w12g4_d32_s2_q2,80269,2544,1,1,0.000000e+00,1,1,1,0
64qam,128,8,5.000000e-01,3009,ff,1130,bf_det_k8_l16_r1_c16_m3_w12g4_d32_s2_q2,44390,2544,bf_det_k8_l16_r1_c16_m3_w12g4_d32_s2_q2,44390,2544,1,1,0.000000e+00,1,1,1,0
64qam,128,8,5.000000e-01,3009,bram,1131,bf_det_k8_l16_r8_c16_m4_w12g4_d32_s2_q2,54,1230,bf_det_k8_l16_r8_c16_m4_w12g4_d32_s2_q2,54,1230,1,1,0.000000e+00,1,1,1,0
64qam,128,8,5.000000e-01,4501,dsp,1132,bf_det_k8_l4_r8_c4_m3_w12g4_d64_s2_q2,144,4177,bf_det_k8_l4_r8_c4_m3_w16g0_d64_s2_q2,144,4152,1,1,0.000000e+00,1,0,1,0
64qam,128,8,5.000000e-01,4501,lut,1133,bf_det_k8_l4_r8_c4_m3_w12g4_d32_s2_q2,34099,4182,bf_det_k8_l4_r8_c4_m3_w12g4_d32_s2_q2,34099,4182,1,1,0.000000e+00,1,1,1,0
64qam,128,8,5.000000e-01,4501,ff,1134,bf_det_k8_l4_r8_c4_m3_w12g4_d32_s2_q2,20697,4182,bf_det_k8_l4_r8_c4_m3_w12g4_d32_s2_q2,20697,4182,1,1,0.000000e+00,1,1,1,0
64qam,128,8,5.000000e-01,4501,bram,1135,bf_det_k8_l4_r8_c4_m4_w12g4_d32_s2_q2,22,4134,bf_det_k8_l4_r8_c4_m4_w12g4_d32_s2_q2,22,4134,1,1,0.000000e+00,1,1,1,0
64qam,128,8,5.000000e-01,6733,dsp,1136,bf_det_k8_l4_r1_c4_m3_w12g4_d64_s2_q2,60,5461,bf_det_k8_l4_r1_c4_m3_w16g0_d64_s2_q2,60,5436,1,1,0.000000e+00,1,0,1,0
64qam,128,8,5.000000e-01,6733,lut,1137,bf_det_k8_l4_r1_c4_m3_w12g4_d32_s2_q2,30692,5466,bf_det_k8_l4_r1_c4_m3_w12g4_d32_s2_q2,30692,5466,1,1,0.000000e+00,1,1,1,0
64qam,128,8,5.000000e-01,6733,ff,1138,bf_det_k8_l4_r1_c4_m3_w12g4_d32_s2_q2,17239,5466,bf_det_k8_l4_r1_c4_m3_w12g4_d32_s2_q2,17239,5466,1,1,0.000000e+00,1,1,1,0
64qam,128,8,5.000000e-01,6733,bram,1139,bf_det_k8_l4_r8_c4_m4_w12g4_d32_s2_q2,22,4134,bf_det_k8_l4_r8_c4_m4_w12g4_d32_s2_q2,22,4134,1,1,0.000000e+00,1,1,1,0
64qam,128,8,5.000000e-01,10071,dsp,1140,bf_det_k8_l4_r1_c4_m3_w12g4_d64_s2_q2,60,5461,bf_det_k8_l4_r1_c4_m3_w16g0_d64_s2_q2,60,5436,1,1,0.000000e+00,1,0,1,0
64qam,128,8,5.000000e-01,10071,lut,1141,bf_det_k8_l4_r1_c4_m3_w12g4_d32_s2_q2,30692,5466,bf_det_k8_l4_r1_c4_m3_w12g4_d32_s2_q2,30692,5466,1,1,0.000000e+00,1,1,1,0
64qam,128,8,5.000000e-01,10071,ff,1142,bf_det_k8_l4_r1_c4_m3_w12g4_d32_s2_q2,17239,5466,bf_det_k8_l4_r1_c4_m3_w12g4_d32_s2_q2,17239,5466,1,1,0.000000e+00,1,1,1,0
64qam,128,8,5.000000e-01,10071,bram,1143,bf_det_k8_l4_r8_c4_m4_w12g4_d32_s2_q2,22,4134,bf_det_k8_l4_r8_c4_m4_w12g4_d32_s2_q2,22,4134,1,1,0.000000e+00,1,1,1,0
64qam,128,8,5.000000e-01,15065,dsp,1144,bf_det_k8_l4_r1_c4_m3_w12g4_d64_s2_q2,60,5461,bf_det_k8_l4_r1_c4_m3_w16g0_d64_s2_q2,60,5436,1,1,0.000000e+00,1,0,1,0
64qam,128,8,5.000000e-01,15065,lut,1145,bf_det_k8_l1_r4_c4_m3_w12g4_d32_s2_q2,20101,14901,bf_det_k8_l1_r4_c4_m3_w12g4_d32_s2_q2,20101,14901,1,1,0.000000e+00,1,1,1,0
64qam,128,8,5.000000e-01,15065,ff,1146,bf_det_k8_l1_r4_c4_m3_w12g4_d32_s2_q2,12565,14901,bf_det_k8_l1_r4_c4_m3_w12g4_d32_s2_q2,12565,14901,1,1,0.000000e+00,1,1,1,0
64qam,128,8,5.000000e-01,15065,bram,1147,bf_det_k8_l1_r8_c4_m4_w12g4_d32_s2_q2,20,14358,bf_det_k8_l1_r8_c4_m4_w12g4_d32_s2_q2,20,14358,1,1,0.000000e+00,1,1,1,0
64qam,128,8,5.000000e-01,22535,dsp,1148,bf_det_k8_l1_r1_c4_m3_w12g4_d64_s2_q2,24,17620,bf_det_k8_l1_r1_c4_m3_w16g0_d64_s2_q2,24,17427,1,1,0.000000e+00,1,0,1,0
64qam,128,8,5.000000e-01,22535,lut,1149,bf_det_k8_l1_r1_c4_m3_w12g4_d32_s2_q2,18349,17625,bf_det_k8_l1_r1_c4_m3_w12g4_d32_s2_q2,18349,17625,1,1,0.000000e+00,1,1,1,0
64qam,128,8,5.000000e-01,22535,ff,1150,bf_det_k8_l1_r1_c4_m3_w12g4_d32_s2_q2,10648,17625,bf_det_k8_l1_r1_c4_m3_w12g4_d32_s2_q2,10648,17625,1,1,0.000000e+00,1,1,1,0
64qam,128,8,5.000000e-01,22535,bram,1151,bf_det_k8_l1_r8_c4_m4_w12g4_d32_s2_q2,20,14358,bf_det_k8_l1_r8_c4_m4_w12g4_d32_s2_q2,20,14358,1,1,0.000000e+00,1,1,1,0
64qam,128,8,1.000000e+00,1345,dsp,576,bf_det_k8_l16_r8_c16_m4_w10g8_d64_s2_q2,336,1270,bf_det_k8_l16_r8_c16_m4_w10g8_d64_s2_q2,336,1270,1,1,0.000000e+00,1,1,1,0
64qam,128,8,1.000000e+00,1345,lut,577,bf_det_k8_l16_r8_c16_m3_w12g4_d32_s2_q2,95533,1242,bf_det_k8_l16_r8_c16_m3_w12g4_d32_s2_q2,95533,1242,1,1,0.000000e+00,1,1,1,0
64qam,128,8,1.000000e+00,1345,ff,578,bf_det_k8_l16_r8_c16_m3_w10g8_d32_s2_q2,55254,1287,bf_det_k8_l16_r8_c16_m3_w10g8_d32_s2_q2,55254,1287,1,1,0.000000e+00,1,1,1,0
64qam,128,8,1.000000e+00,1345,bram,579,bf_det_k8_l16_r8_c16_m4_w10g8_d32_s2_q2,45,1275,bf_det_k8_l16_r8_c16_m4_w10g8_d32_s2_q2,45,1275,1,1,0.000000e+00,1,1,1,0
64qam,128,8,1.000000e+00,2012,dsp,580,bf_det_k8_l16_r4_c16_m4_w10g8_d64_s2_q2,208,1459,bf_det_k8_l16_r4_c16_m4_w10g8_d64_s2_q2,208,1459,1,1,0.000000e+00,1,1,1,0
64qam,128,8,1.000000e+00,2012,lut,581,bf_det_k8_l16_r4_c16_m3_w12g4_d32_s2_q2,86970,1443,bf_det_k8_l16_r4_c16_m3_w12g4_d32_s2_q2,86970,1443,1,1,0.000000e+00,1,1,1,0
64qam,128,8,1.000000e+00,2012,ff,582,bf_det_k8_l16_r4_c16_m3_w10g8_d32_s2_q2,47707,1488,bf_det_k8_l16_r4_c16_m3_w10g8_d32_s2_q2,47707,1488,1,1,0.000000e+00,1,1,1,0
64qam,128,8,1.000000e+00,2012,bram,583,bf_det_k8_l16_r8_c16_m4_w10g8_d32_s2_q2,45,1275,bf_det_k8_l16_r8_c16_m4_w10g8_d32_s2_q2,45,1275,1,1,0.000000e+00,1,1,1,0
64qam,128,8,1.000000e+00,3009,dsp,584,bf_det_k8_l16_r1_c16_m4_w10g8_d64_s2_q2,112,2488,bf_det_k8_l16_r1_c16_m4_w10g8_d64_s2_q2,112,2488,1,1,0.000000e+00,1,1,1,0
64qam,128,8,1.000000e+00,3009,lut,585,bf_det_k8_l16_r1_c16_m3_w12g4_d32_s2_q2,80269,2544,bf_det_k8_l16_r1_c16_m3_w12g4_d32_s2_q2,80269,2544,1,1,0.000000e+00,1,1,1,0
64qam,128,8,1.000000e+00,3009,ff,586,bf_det_k8_l16_r1_c16_m3_w12g4_d32_s2_q2,44390,2544,bf_det_k8_l16_r1_c16_m3_w10g8_d32_s2_q2,41967,2589,1,1,5.774000e+00,1,0,0,0
64qam,128,8,1.000000e+00,3009,bram,587,bf_det_k8_l16_r8_c16_m4_w10g8_d32_s2_q2,45,1275,bf_det_k8_l16_r8_c16_m4_w10g8_d32_s2_q2,45,1275,1,1,0.000000e+00,1,1,1,0
64qam,128,8,1.000000e+00,4501,dsp,588,bf_det_k8_l4_r8_c4_m4_w10g8_d64_s2_q2,84,4282,bf_det_k8_l4_r8_c4_m4_w10g8_d64_s2_q2,84,4282,1,1,0.000000e+00,1,1,1,0
64qam,128,8,1.000000e+00,4501,lut,589,bf_det_k8_l4_r8_c4_m3_w12g4_d32_s2_q2,34099,4182,bf_det_k8_l4_r8_c4_m3_w10g8_d32_s2_q2,34049,4335,1,1,1.470000e-01,1,0,0,0
64qam,128,8,1.000000e+00,4501,ff,590,bf_det_k8_l4_r8_c4_m3_w10g8_d32_s2_q2,19003,4335,bf_det_k8_l4_r8_c4_m3_w10g8_d32_s2_q2,19003,4335,1,1,0.000000e+00,1,1,1,0
64qam,128,8,1.000000e+00,4501,bram,591,bf_det_k8_l4_r8_c4_m4_w10g8_d32_s2_q2,21,4287,bf_det_k8_l4_r8_c4_m4_w10g8_d32_s2_q2,21,4287,1,1,0.000000e+00,1,1,1,0
64qam,128,8,1.000000e+00,6733,dsp,592,bf_det_k8_l4_r1_c4_m4_w10g8_d64_s2_q2,28,5611,bf_det_k8_l4_r1_c4_m4_w10g8_d64_s2_q2,28,5611,1,1,0.000000e+00,1,1,1,0
64qam,128,8,1.000000e+00,6733,lut,593,bf_det_k8_l4_r1_c4_m3_w12g4_d32_s2_q2,30692,5466,bf_det_k8_l4_r1_c4_m3_w12g4_d32_s2_q2,30692,5466,1,1,0.000000e+00,1,1,1,0
64qam,128,8,1.000000e+00,6733,ff,594,bf_det_k8_l4_r1_c4_m3_w10g8_d32_s2_q2,16117,5619,bf_det_k8_l4_r1_c4_m3_w10g8_d32_s2_q2,16117,5619,1,1,0.000000e+00,1,1,1,0
64qam,128,8,1.000000e+00,6733,bram,595,bf_det_k8_l4_r8_c4_m4_w10g8_d32_s2_q2,21,4287,bf_det_k8_l4_r8_c4_m4_w10g8_d32_s2_q2,21,4287,1,1,0.000000e+00,1,1,1,0
64qam,128,8,1.000000e+00,10071,dsp,596,bf_det_k8_l4_r1_c4_m4_w10g8_d64_s2_q2,28,5611,bf_det_k8_l4_r1_c4_m4_w10g8_d64_s2_q2,28,5611,1,1,0.000000e+00,1,1,1,0
64qam,128,8,1.000000e+00,10071,lut,597,bf_det_k8_l4_r1_c4_m3_w12g4_d32_s2_q2,30692,5466,bf_det_k8_l4_r1_c4_m3_w12g4_d32_s2_q2,30692,5466,1,1,0.000000e+00,1,1,1,0
64qam,128,8,1.000000e+00,10071,ff,598,bf_det_k8_l4_r1_c4_m3_w10g8_d32_s2_q2,16117,5619,bf_det_k8_l4_r1_c4_m3_w10g8_d32_s2_q2,16117,5619,1,1,0.000000e+00,1,1,1,0
64qam,128,8,1.000000e+00,10071,bram,599,bf_det_k8_l4_r8_c4_m4_w10g8_d32_s2_q2,21,4287,bf_det_k8_l4_r8_c4_m4_w10g8_d32_s2_q2,21,4287,1,1,0.000000e+00,1,1,1,0
64qam,128,8,1.000000e+00,15065,dsp,600,bf_det_k8_l4_r1_c4_m4_w10g8_d64_s2_q2,28,5611,bf_det_k8_l4_r1_c4_m4_w10g8_d64_s2_q2,28,5611,1,1,0.000000e+00,1,1,1,0
64qam,128,8,1.000000e+00,15065,lut,601,bf_det_k8_l1_r4_c4_m3_w12g4_d32_s2_q2,20101,14901,bf_det_k8_l1_r4_c4_m3_w12g4_d32_s2_q2,20101,14901,1,1,0.000000e+00,1,1,1,0
64qam,128,8,1.000000e+00,15065,ff,602,bf_det_k8_l1_r4_c4_m3_w12g4_d32_s2_q2,12565,14901,bf_det_k8_l1_r4_c4_m3_w12g4_d32_s2_q2,12565,14901,1,1,0.000000e+00,1,1,1,0
64qam,128,8,1.000000e+00,15065,bram,603,bf_det_k8_l1_r8_c4_m4_w10g8_d32_s2_q2,19,14943,bf_det_k8_l1_r8_c4_m4_w10g8_d32_s2_q2,19,14943,1,1,0.000000e+00,1,1,1,0
64qam,128,8,1.000000e+00,22535,dsp,604,bf_det_k8_l1_r1_c4_m4_w10g8_d64_s2_q2,13,17821,bf_det_k8_l1_r1_c4_m4_w10g8_d64_s2_q2,13,17821,1,1,0.000000e+00,1,1,1,0
64qam,128,8,1.000000e+00,22535,lut,605,bf_det_k8_l1_r1_c4_m3_w10g8_d32_s2_q2,17958,18210,bf_det_k8_l1_r1_c4_m3_w10g8_d32_s2_q2,17958,18210,1,1,0.000000e+00,1,1,1,0
64qam,128,8,1.000000e+00,22535,ff,606,bf_det_k8_l1_r1_c4_m3_w10g8_d32_s2_q2,9964,18210,bf_det_k8_l1_r1_c4_m3_w10g8_d32_s2_q2,9964,18210,1,1,0.000000e+00,1,1,1,0
64qam,128,8,1.000000e+00,22535,bram,607,bf_det_k8_l1_r8_c4_m4_w10g8_d32_s2_q2,19,14943,bf_det_k8_l1_r8_c4_m4_w10g8_d32_s2_q2,19,14943,1,1,0.000000e+00,1,1,1,0
64qam,128,16,2.500000e-01,2465,dsp,1152,bf_det_k16_l16_r16_c16_m3_w14g4_d64_s2_q2,960,2247,bf_det_k16_l16_r16_c16_m3_w14g4_d64_s2_q2,960,2247,1,1,0.000000e+00,1,1,1,0
64qam,128,16,2.500000e-01,2465,lut,1153,bf_det_k16_l16_r16_c16_m3_w12g8_d32_s2_q2,126077,2324,bf_det_k16_l16_r16_c16_m3_w12g8_d32_s2_q2,126077,2324,1,1,0.000000e+00,1,1,1,0
64qam,128,16,2.500000e-01,2465,ff,1154,bf_det_k16_l16_r16_c16_m3_w12g8_d32_s2_q2,87225,2324,bf_det_k16_l16_r16_c16_m3_w12g8_d32_s2_q2,87225,2324,1,1,0.000000e+00,1,1,1,0
64qam,128,16,2.500000e-01,2465,bram,1155,bf_det_k16_l16_r16_c16_m4_w12g8_d32_s2_q2,59,2308,bf_det_k16_l16_r16_c16_m4_w12g8_d32_s2_q2,59,2308,1,1,0.000000e+00,1,1,1,0
64qam,128,16,2.500000e-01,3927,dsp,1156,bf_det_k16_l16_r4_c16_m3_w14g4_d64_s2_q2,384,3219,bf_det_k16_l16_r4_c16_m3_w14g4_d64_s2_q2,384,3219,1,1,0.000000e+00,1,1,1,0
64qam,128,16,2.500000e-01,3927,lut,1157,bf_det_k16_l16_r4_c16_m3_w12g8_d32_s2_q2,100570,3296,bf_det_k16_l16_r4_c16_m3_w12g8_d32_s2_q2,100570,3296,1,1,0.000000e+00,1,1,1,0
64qam,128,16,2.500000e-01,3927,ff,1158,bf_det_k16_l16_r4_c16_m3_w12g8_d32_s2_q2,59967,3296,bf_det_k16_l16_r4_c16_m3_w12g8_d32_s2_q2,59967,3296,1,1,0.000000e+00,1,1,1,0
64qam,128,16,2.500000e-01,3927,bram,1159,bf_det_k16_l16_r16_c16_m4_w12g8_d32_s2_q2,59,2308,bf_det_k16_l16_r16_c16_m4_w12g8_d32_s2_q2,59,2308,1,1,0.000000e+00,1,1,1,0
64qam,128,16,2.500000e-01,6257,dsp,1160,bf_det_k16_l16_r4_c16_m3_w14g4_d64_s2_q2,384,3219,bf_det_k16_l16_r4_c16_m3_w14g4_d64_s2_q2,384,3219,1,1,0.000000e+00,1,1,1,0
64qam,128,16,2.500000e-01,6257,lut,1161,bf_det_k16_l16_r4_c16_m3_w12g8_d32_s2_q2,100570,3296,bf_det_k16_l16_r4_c16_m3_w12g8_d32_s2_q2,100570,3296,1,1,0.000000e+00,1,1,1,0
64qam,128,16,2.500000e-01,6257,ff,1162,bf_det_k16_l16_r4_c16_m3_w12g8_d32_s2_q2,59967,3296,bf_det_k16_l16_r4_c16_m3_w12g8_d32_s2_q2,59967,3296,1,1,0.000000e+00,1,1,1,0
64qam,128,16,2.500000e-01,6257,bram,1163,bf_det_k16_l16_r16_c16_m4_w12g8_d32_s2_q2,59,2308,bf_det_k16_l16_r16_c16_m4_w12g8_d32_s2_q2,59,2308,1,1,0.000000e+00,1,1,1,0
64qam,128,16,2.500000e-01,9969,dsp,1164,bf_det_k16_l16_r1_c16_m3_w14g4_d64_s2_q2,240,6927,bf_det_k16_l16_r1_c16_m3_w14g4_d64_s2_q2,240,6927,1,1,0.000000e+00,1,1,1,0
64qam,128,16,2.500000e-01,9969,lut,1165,bf_det_k16_l4_r16_c4_m3_w12g8_d32_s2_q2,48984,8212,bf_det_k16_l4_r16_c4_m3_w12g8_d32_s2_q2,48984,8212,1,1,0.000000e+00,1,1,1,0
64qam,128,16,2.500000e-01,9969,ff,1166,bf_det_k16_l4_r16_c4_m3_w12g8_d32_s2_q2,31160,8212,bf_det_k16_l4_r16_c4_m3_w12g8_d32_s2_q2,31160,8212,1,1,0.000000e+00,1,1,1,0
64qam,128,16,2.500000e-01,9969,bram,1167,bf_det_k16_l16_r16_c16_m4_w12g8_d32_s2_q2,59,2308,bf_det_k16_l16_r16_c16_m4_w12g8_d32_s2_q2,59,2308,1,1,0.000000e+00,1,1,1,0
64qam,128,16,2.500000e-01,15882,dsp,1168,bf_det_k16_l4_r1_c4_m4_w14g4_d64_s2_q2,64,15787,bf_det_k16_l4_r1_c4_m3_w14g4_d64_s2_q2,60,15791,1,1,6.667000e+00,1,0,0,0
64qam,128,16,2.500000e-01,15882,lut,1169,bf_det_k16_l4_r4_c4_m3_w12g8_d32_s2_q2,42424,10840,bf_det_k16_l4_r4_c4_m3_w12g8_d32_s2_q2,42424,10840,1,1,0.000000e+00,1,1,1,0
64qam,128,16,2.500000e-01,15882,ff,1170,bf_det_k16_l4_r4_c4_m3_w12g8_d32_s2_q2,24333,10840,bf_det_k16_l4_r1_c4_m3_w14g4_d32_s2_q2,24307,15796,1,1,1.070000e-01,1,0,0,0
64qam,128,16,2.500000e-01,15882,bram,1171,bf_det_k16_l16_r16_c16_m4_w12g8_d32_s2_q2,59,2308,bf_det_k16_l16_r16_c16_m4_w12g8_d32_s2_q2,59,2308,1,1,0.000000e+00,1,1,1,0
64qam,128,16,2.500000e-01,25305,dsp,1172,bf_det_k16_l4_r1_c4_m3_w14g4_d64_s2_q2,60,15791,bf_det_k16_l4_r1_c4_m3_w14g4_d64_s2_q2,60,15791,1,1,0.000000e+00,1,1,1,0
64qam,128,16,2.500000e-01,25305,lut,1173,bf_det_k16_l4_r1_c4_m3_w12g8_d32_s2_q2,41151,16068,bf_det_k16_l4_r1_c4_m3_w12g8_d32_s2_q2,41151,16068,1,1,0.000000e+00,1,1,1,0
64qam,128,16,2.500000e-01,25305,ff,1174,bf_det_k16_l4_r1_c4_m3_w12g8_d32_s2_q2,23100,16068,bf_det_k16_l4_r1_c4_m3_w12g8_d32_s2_q2,23100,16068,1,1,0.000000e+00,1,1,1,0
64qam,128,16,2.500000e-01,25305,bram,1175,bf_det_k16_l16_r16_c16_m4_w12g8_d32_s2_q2,59,2308,bf_det_k16_l16_r16_c16_m4_w12g8_d32_s2_q2,59,2308,1,1,0.000000e+00,1,1,1,0
64qam,128,16,2.500000e-01,40318,dsp,1176,bf_det_k16_l1_r1_c4_m3_w14g4_d64_s2_q2,24,40035,bf_det_k16_l1_r1_c4_m3_w14g4_d64_s2_q2,24,40035,1,1,0.000000e+00,1,1,1,0
64qam,128,16,2.500000e-01,40318,lut,1177,bf_det_k16_l1_r1_c4_m4_w12g8_d32_s2_q2,28247,40056,bf_det_k16_l1_r1_c4_m4_w12g8_d32_s2_q2,28247,40056,1,1,0.000000e+00,1,1,1,0
64qam,128,16,2.500000e-01,40318,ff,1178,bf_det_k16_l1_r1_c4_m4_w12g8_d32_s2_q2,16258,40056,bf_det_k16_l1_r1_c4_m4_w12g8_d32_s2_q2,16258,40056,1,1,0.000000e+00,1,1,1,0
64qam,128,16,2.500000e-01,40318,bram,1179,bf_det_k16_l1_r16_c4_m4_w12g8_d32_s2_q2,37,27956,bf_det_k16_l1_r16_c4_m4_w12g8_d32_s2_q2,37,27956,1,1,0.000000e+00,1,1,1,0
64qam,128,16,2.500000e-01,64237,dsp,1180,bf_det_k16_l1_r1_c4_m3_w14g4_d64_s2_q2,24,40035,bf_det_k16_l1_r1_c4_m3_w14g4_d64_s2_q2,24,40035,1,1,0.000000e+00,1,1,1,0
64qam,128,16,2.500000e-01,64237,lut,1181,bf_det_k16_l1_r1_c4_m3_w12g8_d32_s2_q2,28207,41080,bf_det_k16_l1_r1_c4_m3_w12g8_d32_s2_q2,28207,41080,1,1,0.000000e+00,1,1,1,0
64qam,128,16,2.500000e-01,64237,ff,1182,bf_det_k16_l1_r1_c4_m3_w12g8_d32_s2_q2,16081,41080,bf_det_k16_l1_r1_c4_m3_w12g8_d32_s2_q2,16081,41080,1,1,0.000000e+00,1,1,1,0
64qam,128,16,2.500000e-01,64237,bram,1183,bf_det_k16_l1_r16_c4_m4_w12g8_d32_s2_q2,37,27956,bf_det_k16_l1_r16_c4_m4_w12g8_d32_s2_q2,37,27956,1,1,0.000000e+00,1,1,1,0
64qam,128,16,5.000000e-01,2378,dsp,448,bf_det_k16_l16_r16_c16_m3_w12g4_d64_s2_q2,960,2179,bf_det_k16_l16_r16_c16_m3_w16g0_d64_s2_q2,960,2170,1,1,0.000000e+00,1,0,1,0
64qam,128,16,5.000000e-01,2378,lut,449,bf_det_k16_l16_r16_c16_m3_w12g4_d32_s2_q2,123131,2184,bf_det_k16_l16_r16_c16_m3_w12g4_d32_s2_q2,123131,2184,1,1,0.000000e+00,1,1,1,0
64qam,128,16,5.000000e-01,2378,ff,450,bf_det_k16_l16_r16_c16_m3_w12g4_d32_s2_q2,84212,2184,bf_det_k16_l16_r16_c16_m3_w12g4_d32_s2_q2,84212,2184,1,1,0.000000e+00,1,1,1,0
64qam,128,16,5.000000e-01,2378,bram,451,bf_det_k16_l16_r16_c16_m4_w12g4_d32_s2_q2,59,2168,bf_det_k16_l16_r16_c16_m4_w12g4_d32_s2_q2,59,2168,1,1,0.000000e+00,1,1,1,0
64qam,128,16,5.000000e-01,3648,dsp,452,bf_det_k16_l16_r4_c16_m3_w12g4_d64_s2_q2,384,3151,bf_det_k16_l16_r4_c16_m3_w16g0_d64_s2_q2,384,3142,1,1,0.000000e+00,1,0,1,0
64qam,128,16,5.000000e-01,3648,lut,453,bf_det_k16_l16_r4_c16_m3_w12g4_d32_s2_q2,97624,3156,bf_det_k16_l16_r4_c16_m3_w12g4_d32_s2_q2,97624,3156,1,1,0.000000e+00,1,1,1,0
64qam,128,16,5.000000e-01,3648,ff,454,bf_det_k16_l16_r4_c16_m3_w12g4_d32_s2_q2,56954,3156,bf_det_k16_l16_r4_c16_m3_w12g4_d32_s2_q2,56954,3156,1,1,0.000000e+00,1,1,1,0
64qam,128,16,5.000000e-01,3648,bram,455,bf_det_k16_l16_r16_c16_m4_w12g4_d32_s2_q2,59,2168,bf_det_k16_l16_r16_c16_m4_w12g4_d32_s2_q2,59,2168,1,1,0.000000e+00,1,1,1,0
64qam,128,16,5.000000e-01,5597,dsp,456,bf_det_k16_l16_r4_c16_m3_w12g4_d64_s2_q2,384,3151,bf_det_k16_l16_r4_c16_m3_w16g0_d64_s2_q2,384,3142,1,1,0.000000e+00,1,0,1,0
64qam,128,16,5.000000e-01,5597,lut,457,bf_det_k16_l16_r4_c16_m3_w12g4_d32_s2_q2,97624,3156,bf_det_k16_l16_r4_c16_m3_w12g4_d32_s2_q2,97624,3156,1,1,0.000000e+00,1,1,1,0
64qam,128,16,5.000000e-01,5597,ff,458,bf_det_k16_l16_r4_c16_m3_w12g4_d32_s2_q2,56954,3156,bf_det_k16_l16_r4_c16_m3_w12g4_d32_s2_q2,56954,3156,1,1,0.000000e+00,1,1,1,0
64qam,128,16,5.000000e-01,5597,bram,459,bf_det_k16_l16_r16_c16_m4_w12g4_d32_s2_q2,59,2168,bf_det_k16_l16_r16_c16_m4_w12g4_d32_s2_q2,59,2168,1,1,0.000000e+00,1,1,1,0
64qam,128,16,5.000000e-01,8585,dsp,460,bf_det_k16_l16_r1_c16_m3_w12g4_d64_s2_q2,240,6859,bf_det_k16_l16_r1_c16_m3_w16g0_d64_s2_q2,240,6850,1,1,0.000000e+00,1,0,1,0
64qam,128,16,5.000000e-01,8585,lut,461,bf_det_k16_l4_r16_c4_m3_w12g4_d32_s2_q2,48158,7736,bf_det_k16_l4_r16_c4_m3_w12g4_d32_s2_q2,48158,7736,1,1,0.000000e+00,1,1,1,0
64qam,128,16,5.000000e-01,8585,ff,462,bf_det_k16_l4_r16_c4_m3_w12g4_d32_s2_q2,30391,7736,bf_det_k16_l4_r16_c4_m3_w12g4_d32_s2_q2,30391,7736,1,1,0.000000e+00,1,1,1,0
64qam,128,16,5.000000e-01,8585,bram,463,bf_det_k16_l16_r16_c16_m4_w12g4_d32_s2_q2,59,2168,bf_det_k16_l16_r16_c16_m4_w12g4_d32_s2_q2,59,2168,1,1,0.000000e+00,1,1,1,0
64qam,128,16,5.000000e-01,13171,dsp,464,bf_det_k16_l4_r4_c4_m3_w12g4_d64_s2_q2,96,10359,bf_det_k16_l4_r4_c4_m3_w16g0_d64_s2_q2,96,10294,1,1,0.000000e+00,1,0,1,0
64qam,128,16,5.000000e-01,13171,lut,465,bf_det_k16_l4_r4_c4_m3_w12g4_d32_s2_q2,41598,10364,bf_det_k16_l4_r4_c4_m3_w12g4_d32_s2_q2,41598,10364,1,1,0.000000e+00,1,1,1,0
64qam,128,16,5.000000e-01,13171,ff,466,bf_det_k16_l4_r4_c4_m3_w12g4_d32_s2_q2,23564,10364,bf_det_k16_l4_r4_c4_m3_w12g4_d32_s2_q2,23564,10364,1,1,0.000000e+00,1,1,1,0
64qam,128,16,5.000000e-01,13171,bram,467,bf_det_k16_l16_r16_c16_m4_w12g4_d32_s2_q2,59,2168,bf_det_k16_l16_r16_c16_m4_w12g4_d32_s2_q2,59,2168,1,1,0.000000e+00,1,1,1,0
64qam,128,16,5.000000e-01,20204,dsp,468,bf_det_k16_l4_r1_c4_m3_w12g4_d64_s2_q2,60,15587,bf_det_k16_l4_r1_c4_m3_w16g0_d64_s2_q2,60,15522,1,1,0.000000e+00,1,0,1,0
64qam,128,16,5.000000e-01,20204,lut,469,bf_det_k16_l4_r1_c4_m3_w12g4_d32_s2_q2,40325,15592,bf_det_k16_l4_r1_c4_m3_w12g4_d32_s2_q2,40325,15592,1,1,0.000000e+00,1,1,1,0
64qam,128,16,5.000000e-01,20204,ff,470,bf_det_k16_l4_r1_c4_m3_w12g4_d32_s2_q2,22331,15592,bf_det_k16_l4_r1_c4_m3_w12g4_d32_s2_q2,22331,15592,1,1,0.000000e+00,1,1,1,0
64qam,128,16,5.000000e-01,20204,bram,471,bf_det_k16_l16_r16_c16_m4_w12g4_d32_s2_q2,59,2168,bf_det_k16_l16_r16_c16_m4_w12g4_d32_s2_q2,59,2168,1,1,0.000000e+00,1,1,1,0
64qam,128,16,5.000000e-01,30995,dsp,472,bf_det_k16_l4_r1_c4_m3_w12g4_d64_s2_q2,60,15587,bf_det_k16_l4_r1_c4_m3_w16g0_d64_s2_q2,60,15522,1,1,0.000000e+00,1,0,1,0
64qam,128,16,5.000000e-01,30995,lut,473,bf_det_k16_l1_r4_c4_m3_w12g4_d32_s2_q2,29712,28924,bf_det_k16_l1_r4_c4_m3_w12g4_d32_s2_q2,29712,28924,1,1,0.000000e+00,1,1,1,0
64qam,128,16,5.000000e-01,30995,ff,474,bf_det_k16_l1_r4_c4_m3_w12g4_d32_s2_q2,17824,28924,bf_det_k16_l1_r4_c4_m3_w12g4_d32_s2_q2,17824,28924,1,1,0.000000e+00,1,1,1,0
64qam,128,16,5.000000e-01,30995,bram,475,bf_det_k16_l1_r16_c4_m4_w12g4_d32_s2_q2,37,26136,bf_det_k16_l1_r16_c4_m4_w12g4_d32_s2_q2,37,26136,1,1,0.000000e+00,1,1,1,0
64qam,128,16,5.000000e-01,47548,dsp,476,bf_det_k16_l1_r1_c4_m3_w12g4_d64_s2_q2,24,39255,bf_det_k16_l1_r1_c4_m3_w16g0_d64_s2_q2,24,38998,1,1,0.000000e+00,1,0,1,0
64qam,128,16,5.000000e-01,47548,lut,477,bf_det_k16_l1_r1_c4_m3_w12g4_d32_s2_q2,27914,39260,bf_det_k16_l1_r1_c4_m3_w12g4_d32_s2_q2,27914,39260,1,1,0.000000e+00,1,1,1,0
64qam,128,16,5.000000e-01,47548,ff,478,bf_det_k16_l1_r1_c4_m3_w12g4_d32_s2_q2,15873,39260,bf_det_k16_l1_r1_c4_m3_w12g4_d32_s2_q2,15873,39260,1,1,0.000000e+00,1,1,1,0
64qam,128,16,5.000000e-01,47548,bram,479,bf_det_k16_l1_r16_c4_m4_w12g4_d32_s2_q2,37,26136,bf_det_k16_l1_r16_c4_m4_w12g4_d32_s2_q2,37,26136,1,1,0.000000e+00,1,1,1,0
64qam,128,16,1.000000e+00,2378,dsp,672,bf_det_k16_l16_r16_c16_m3_w12g4_d64_s2_q2,960,2179,bf_det_k16_l16_r16_c16_m3_w16g0_d64_s2_q2,960,2170,1,1,0.000000e+00,1,0,1,0
64qam,128,16,1.000000e+00,2378,lut,673,bf_det_k16_l16_r16_c16_m3_w12g4_d32_s2_q2,123131,2184,bf_det_k16_l16_r16_c16_m3_w12g4_d32_s2_q2,123131,2184,1,1,0.000000e+00,1,1,1,0
64qam,128,16,1.000000e+00,2378,ff,674,bf_det_k16_l16_r16_c16_m3_w12g4_d32_s2_q2,84212,2184,bf_det_k16_l16_r16_c16_m3_w12g4_d32_s2_q2,84212,2184,1,1,0.000000e+00,1,1,1,0
64qam,128,16,1.000000e+00,2378,bram,675,bf_det_k16_l16_r16_c16_m4_w12g4_d32_s2_q2,59,2168,bf_det_k16_l16_r16_c16_m4_w12g4_d32_s2_q2,59,2168,1,1,0.000000e+00,1,1,1,0
64qam,128,16,1.000000e+00,3795,dsp,676,bf_det_k16_l16_r4_c16_m3_w12g4_d64_s2_q2,384,3151,bf_det_k16_l16_r4_c16_m3_w16g0_d64_s2_q2,384,3142,1,1,0.000000e+00,1,0,1,0
64qam,128,16,1.000000e+00,3795,lut,677,bf_det_k16_l16_r4_c16_m3_w12g4_d32_s2_q2,97624,3156,bf_det_k16_l16_r4_c16_m3_w12g4_d32_s2_q2,97624,3156,1,1,0.000000e+00,1,1,1,0
64qam,128,16,1.000000e+00,3795,ff,678,bf_det_k16_l16_r4_c16_m3_w12g4_d32_s2_q2,56954,3156,bf_det_k16_l16_r4_c16_m3_w12g4_d32_s2_q2,56954,3156,1,1,0.000000e+00,1,1,1,0
64qam,128,16,1.000000e+00,3795,bram,679,bf_det_k16_l16_r16_c16_m4_w12g4_d32_s2_q2,59,2168,bf_det_k16_l16_r16_c16_m4_w12g4_d32_s2_q2,59,2168,1,1,0.000000e+00,1,1,1,0
64qam,128,16,1.000000e+00,6054,dsp,680,bf_det_k16_l16_r4_c16_m3_w12g4_d64_s2_q2,384,3151,bf_det_k16_l16_r4_c16_m3_w16g0_d64_s2_q2,384,3142,1,1,0.000000e+00,1,0,1,0
64qam,128,16,1.000000e+00,6054,lut,681,bf_det_k16_l16_r4_c16_m3_w12g4_d32_s2_q2,97624,3156,bf_det_k16_l16_r4_c16_m3_w12g4_d32_s2_q2,97624,3156,1,1,0.000000e+00,1,1,1,0
64qam,128,16,1.000000e+00,6054,ff,682,bf_det_k16_l16_r4_c16_m3_w12g4_d32_s2_q2,56954,3156,bf_det_k16_l16_r4_c16_m3_w12g4_d32_s2_q2,56954,3156,1,1,0.000000e+00,1,1,1,0
64qam,128,16,1.000000e+00,6054,bram,683,bf_det_k16_l16_r16_c16_m4_w12g4_d32_s2_q2,59,2168,bf_det_k16_l16_r16_c16_m4_w12g4_d32_s2_q2,59,2168,1,1,0.000000e+00,1,1,1,0
64qam,128,16,1.000000e+00,9660,dsp,684,bf_det_k16_l16_r1_c16_m3_w12g4_d64_s2_q2,240,6859,bf_det_k16_l16_r1_c16_m3_w16g0_d64_s2_q2,240,6850,1,1,0.000000e+00,1,0,1,0
64qam,128,16,1.000000e+00,9660,lut,685,bf_det_k16_l4_r16_c4_m3_w12g4_d32_s2_q2,48158,7736,bf_det_k16_l4_r16_c4_m3_w12g4_d32_s2_q2,48158,7736,1,1,0.000000e+00,1,1,1,0
64qam,128,16,1.000000e+00,9660,ff,686,bf_det_k16_l4_r16_c4_m3_w12g4_d32_s2_q2,30391,7736,bf_det_k16_l4_r16_c4_m3_w12g4_d32_s2_q2,30391,7736,1,1,0.000000e+00,1,1,1,0
64qam,128,16,1.000000e+00,9660,bram,687,bf_det_k16_l16_r16_c16_m4_w12g4_d32_s2_q2,59,2168,bf_det_k16_l16_r16_c16_m4_w12g4_d32_s2_q2,59,2168,1,1,0.000000e+00,1,1,1,0
64qam,128,16,1.000000e+00,15412,dsp,688,bf_det_k16_l4_r4_c4_m3_w12g4_d64_s2_q2,96,10359,bf_det_k16_l4_r4_c4_m3_w16g0_d64_s2_q2,96,10294,1,1,0.000000e+00,1,0,1,0
64qam,128,16,1.000000e+00,15412,lut,689,bf_det_k16_l4_r4_c4_m3_w12g4_d32_s2_q2,41598,10364,bf_det_k16_l4_r4_c4_m3_w12g4_d32_s2_q2,41598,10364,1,1,0.000000e+00,1,1,1,0
64qam,128,16,1.000000e+00,15412,ff,690,bf_det_k16_l4_r4_c4_m3_w12g4_d32_s2_q2,23564,10364,bf_det_k16_l4_r4_c4_m3_w12g4_d32_s2_q2,23564,10364,1,1,0.000000e+00,1,1,1,0
64qam,128,16,1.000000e+00,15412,bram,691,bf_det_k16_l16_r16_c16_m4_w12g4_d32_s2_q2,59,2168,bf_det_k16_l16_r16_c16_m4_w12g4_d32_s2_q2,59,2168,1,1,0.000000e+00,1,1,1,0
64qam,128,16,1.000000e+00,24590,dsp,692,bf_det_k16_l4_r1_c4_m3_w12g4_d64_s2_q2,60,15587,bf_det_k16_l4_r1_c4_m3_w16g0_d64_s2_q2,60,15522,1,1,0.000000e+00,1,0,1,0
64qam,128,16,1.000000e+00,24590,lut,693,bf_det_k16_l4_r1_c4_m3_w12g4_d32_s2_q2,40325,15592,bf_det_k16_l4_r1_c4_m3_w12g4_d32_s2_q2,40325,15592,1,1,0.000000e+00,1,1,1,0
64qam,128,16,1.000000e+00,24590,ff,694,bf_det_k16_l4_r1_c4_m3_w12g4_d32_s2_q2,22331,15592,bf_det_k16_l4_r1_c4_m3_w12g4_d32_s2_q2,22331,15592,1,1,0.000000e+00,1,1,1,0
64qam,128,16,1.000000e+00,24590,bram,695,bf_det_k16_l16_r16_c16_m4_w12g4_d32_s2_q2,59,2168,bf_det_k16_l16_r16_c16_m4_w12g4_d32_s2_q2,59,2168,1,1,0.000000e+00,1,1,1,0
64qam,128,16,1.000000e+00,39235,dsp,696,bf_det_k16_l1_r1_c4_m4_w12g4_d64_s2_q2,28,38231,bf_det_k16_l1_r1_c4_m3_w16g0_d64_s2_q2,24,38998,1,1,1.666700e+01,0,0,0,0
64qam,128,16,1.000000e+00,39235,lut,697,bf_det_k16_l1_r1_c4_m4_w12g4_d32_s2_q2,27954,38236,bf_det_k16_l1_r1_c4_m4_w12g4_d32_s2_q2,27954,38236,1,1,0.000000e+00,1,1,1,0
64qam,128,16,1.000000e+00,39235,ff,698,bf_det_k16_l1_r1_c4_m4_w12g4_d32_s2_q2,16050,38236,bf_det_k16_l1_r1_c4_m4_w12g4_d32_s2_q2,16050,38236,1,1,0.000000e+00,1,1,1,0
64qam,128,16,1.000000e+00,39235,bram,699,bf_det_k16_l1_r16_c4_m4_w12g4_d32_s2_q2,37,26136,bf_det_k16_l1_r16_c4_m4_w12g4_d32_s2_q2,37,26136,1,1,0.000000e+00,1,1,1,0
64qam,128,16,1.000000e+00,62601,dsp,700,bf_det_k16_l1_r1_c4_m3_w12g4_d64_s2_q2,24,39255,bf_det_k16_l1_r1_c4_m3_w16g0_d64_s2_q2,24,38998,1,1,0.000000e+00,1,0,1,0
64qam,128,16,1.000000e+00,62601,lut,701,bf_det_k16_l1_r1_c4_m3_w12g4_d32_s2_q2,27914,39260,bf_det_k16_l1_r1_c4_m3_w12g4_d32_s2_q2,27914,39260,1,1,0.000000e+00,1,1,1,0
64qam,128,16,1.000000e+00,62601,ff,702,bf_det_k16_l1_r1_c4_m3_w12g4_d32_s2_q2,15873,39260,bf_det_k16_l1_r1_c4_m3_w12g4_d32_s2_q2,15873,39260,1,1,0.000000e+00,1,1,1,0
64qam,128,16,1.000000e+00,62601,bram,703,bf_det_k16_l1_r16_c4_m4_w12g4_d32_s2_q2,37,26136,bf_det_k16_l1_r16_c4_m4_w12g4_d32_s2_q2,37,26136,1,1,0.000000e+00,1,1,1,0
qpsk,32,4,2.500000e-01,1115,dsp,1184,bf_det_k4_l16_r4_c16_m4_w10g8_d64_s2_q2,208,1062,bf_det_k4_l16_r4_c16_m4_w10g8_d64_s2_q2,208,1062,1,1,0.000000e+00,1,1,1,0
qpsk,32,4,2.500000e-01,1115,lut,1185,bf_det_k4_l16_r4_c16_m3_w12g4_d32_s2_q2,82468,1034,bf_det_k4_l16_r4_c16_m3_w12g4_d32_s2_q2,82468,1034,1,1,0.000000e+00,1,1,1,0
qpsk,32,4,2.500000e-01,1115,ff,1186,bf_det_k4_l16_r4_c16_m3_w10g8_d32_s2_q2,46202,1079,bf_det_k4_l16_r4_c16_m3_w10g8_d32_s2_q2,46202,1079,1,1,0.000000e+00,1,1,1,0
qpsk,32,4,2.500000e-01,1115,bram,1187,bf_det_k4_l16_r4_c16_m4_w10g8_d32_s2_q2,40,1067,bf_det_k4_l16_r4_c16_m4_w10g8_d32_s2_q2,40,1067,1,1,0.000000e+00,1,1,1,0
qpsk,32,4,2.500000e-01,1649,dsp,1188,bf_det_k4_l16_r1_c16_m4_w10g8_d64_s2_q2,112,1512,bf_det_k4_l16_r1_c16_m4_w10g8_d64_s2_q2,112,1512,1,1,0.000000e+00,1,1,1,0
qpsk,32,4,2.500000e-01,1649,lut,1189,bf_det_k4_l16_r1_c16_m3_w12g4_d32_s2_q2,75948,1520,bf_det_k4_l16_r1_c16_m3_w12g4_d32_s2_q2,75948,1520,1,1,0.000000e+00,1,1,1,0
qpsk,32,4,2.500000e-01,1649,ff,1190,bf_det_k4_l16_r1_c16_m3_w12g4_d32_s2_q2,42649,1520,bf_det_k4_l16_r1_c16_m3_w10g8_d32_s2_q2,40560,1565,1,1,5.150000e+00,1,0,0,0
qpsk,32,4,2.500000e-01,1649,bram,1191,bf_det_k4_l16_r4_c16_m4_w10g8_d32_s2_q2,40,1067,bf_det_k4_l16_r4_c16_m4_w10g8_d32_s2_q2,40,1067,1,1,0.000000e+00,1,1,1,0
qpsk,32,4,2.500000e-01,2439,dsp,1192,bf_det_k4_l16_r1_c16_m4_w10g8_d64_s2_q2,112,1512,bf_det_k4_l16_r1_c16_m4_w10g8_d64_s2_q2,112,1512,1,1,0.000000e+00,1,1,1,0
qpsk,32,4,2.500000e-01,2439,lut,1193,bf_det_k4_l16_r1_c16_m3_w12g4_d32_s2_q2,75948,1520,bf_det_k4_l16_r1_c16_m3_w12g4_d32_s2_q2,75948,1520,1,1,0.000000e+00,1,1,1,0
qpsk,32,4,2.500000e-01,2439,ff,1194,bf_det_k4_l16_r1_c16_m3_w10g4_d32_s2_q2,37531,1936,bf_det_k4_l16_r1_c16_m3_w10g4_d32_s2_q2,37531,1936,1,1,0.000000e+00,1,1,1,0
qpsk,32,4,2.500000e-01,2439,bram,1195,bf_det_k4_l16_r4_c16_m4_w10g8_d32_s2_q2,40,1067,bf_det_k4_l16_r4_c16_m4_w10g8_d32_s2_q2,40,1067,1,1,0.000000e+00,1,1,1,0
qpsk,32,4,2.500000e-01,3608,dsp,1196,bf_det_k4_l4_r4_c4_m4_w10g8_d64_s2_q2,52,3450,bf_det_k4_l4_r4_c4_m4_w10g8_d64_s2_q2,52,3450,1,1,0.000000e+00,1,1,1,0
qpsk,32,4,2.500000e-01,3608,lut,1197,bf_det_k4_l4_r1_c4_m4_w12g4_d32_s2_q2,26748,3479,bf_det_k4_l4_r1_c4_m3_w12g4_d32_s2_q2,26676,3482,1,1,2.700000e-01,1,0,0,0
qpsk,32,4,2.500000e-01,3608,ff,1198,bf_det_k4_l4_r1_c4_m4_w12g4_d32_s2_q2,15637,3479,bf_det_k4_l4_r1_c4_m3_w12g4_d32_s2_q2,15454,3482,1,1,1.184000e+00,1,0,0,0
qpsk,32,4,2.500000e-01,3608,bram,1199,bf_det_k4_l4_r4_c4_m4_w12g4_d32_s2_q2,16,3302,bf_det_k4_l4_r4_c4_m4_w12g4_d32_s2_q2,16,3302,1,1,0.000000e+00,1,1,1,0
qpsk,32,4,2.500000e-01,5336,dsp,1200,bf_det_k4_l4_r1_c4_m4_w10g8_d64_s2_q2,28,3627,bf_det_k4_l4_r1_c4_m4_w10g8_d64_s2_q2,28,3627,1,1,0.000000e+00,1,1,1,0
qpsk,32,4,2.500000e-01,5336,lut,1201,bf_det_k4_l4_r1_c4_m3_w12g4_d32_s2_q2,26676,3482,bf_det_k4_l4_r1_c4_m3_w10g4_d32_s2_q2,26371,4344,1,1,1.157000e+00,1,0,0,0
qpsk,32,4,2.500000e-01,5336,ff,1202,bf_det_k4_l4_r1_c4_m3_w10g4_d32_s2_q2,14069,4344,bf_det_k4_l4_r1_c4_m3_w10g4_d32_s2_q2,14069,4344,1,1,0.000000e+00,1,1,1,0
qpsk,32,4,2.500000e-01,5336,bram,1203,bf_det_k4_l4_r4_c4_m4_w12g4_d32_s2_q2,16,3302,bf_det_k4_l4_r4_c4_m4_w12g4_d32_s2_q2,16,3302,1,1,0.000000e+00,1,1,1,0
qpsk,32,4,2.500000e-01,7891,dsp,1204,bf_det_k4_l4_r1_c4_m4_w10g8_d64_s2_q2,28,3627,bf_det_k4_l4_r1_c4_m4_w10g8_d64_s2_q2,28,3627,1,1,0.000000e+00,1,1,1,0
qpsk,32,4,2.500000e-01,7891,lut,1205,bf_det_k4_l4_r1_c4_m3_w12g4_d32_s2_q2,26676,3482,bf_det_k4_l4_r1_c4_m3_w10g4_d32_s2_q2,26371,4344,1,1,1.157000e+00,1,0,0,0
qpsk,32,4,2.500000e-01,7891,ff,1206,bf_det_k4_l4_r1_c4_m3_w10g4_d32_s2_q2,14069,4344,bf_det_k4_l4_r1_c4_m3_w10g4_d32_s2_q2,14069,4344,1,1,0.000000e+00,1,1,1,0
qpsk,32,4,2.500000e-01,7891,bram,1207,bf_det_k4_l4_r4_c4_m4_w12g4_d32_s2_q2,16,3302,bf_det_k4_l4_r4_c4_m4_w12g4_d32_s2_q2,16,3302,1,1,0.000000e+00,1,1,1,0
qpsk,32,4,2.500000e-01,11671,dsp,1208,bf_det_k4_l4_r1_c4_m4_w10g8_d64_s2_q2,28,3627,bf_det_k4_l4_r1_c4_m4_w10g8_d64_s2_q2,28,3627,1,1,0.000000e+00,1,1,1,0
qpsk,32,4,2.500000e-01,11671,lut,1209,bf_det_k4_l1_r4_c4_m3_w12g4_d32_s2_q2,16277,11654,bf_det_k4_l1_r4_c4_m3_w12g4_d32_s2_q2,16277,11654,1,1,0.000000e+00,1,1,1,0
qpsk,32,4,2.500000e-01,11671,ff,1210,bf_det_k4_l1_r4_c4_m3_w12g4_d32_s2_q2,10798,11654,bf_det_k4_l1_r4_c4_m3_w12g4_d32_s2_q2,10798,11654,1,1,0.000000e+00,1,1,1,0
qpsk,32,4,2.500000e-01,11671,bram,1211,bf_det_k4_l1_r4_c4_m4_w12g4_d32_s2_q2,14,11606,bf_det_k4_l1_r4_c4_m4_w12g4_d32_s2_q2,14,11606,1,1,0.000000e+00,1,1,1,0
qpsk,32,4,2.500000e-01,17262,dsp,1212,bf_det_k4_l1_r1_c4_m4_w10g8_d64_s2_q2,13,13125,bf_det_k4_l1_r1_c4_m4_w10g8_d64_s2_q2,13,13125,1,1,0.000000e+00,1,1,1,0
qpsk,32,4,2.500000e-01,17262,lut,1213,bf_det_k4_l1_r1_c4_m3_w10g4_d32_s2_q2,14329,15852,bf_det_k4_l1_r1_c4_m3_w10g4_d32_s2_q2,14329,15852,1,1,0.000000e+00,1,1,1,0
qpsk,32,4,2.500000e-01,17262,ff,1214,bf_det_k4_l1_r1_c4_m3_w10g4_d32_s2_q2,8535,15852,bf_det_k4_l1_r1_c4_m3_w10g4_d32_s2_q2,8535,15852,1,1,0.000000e+00,1,1,1,0
qpsk,32,4,2.500000e-01,17262,bram,1215,bf_det_k4_l1_r4_c4_m4_w12g4_d32_s2_q2,14,11606,bf_det_k4_l1_r4_c4_m4_w12g4_d32_s2_q2,14,11606,1,1,0.000000e+00,1,1,1,0
qpsk,32,4,5.000000e-01,710,dsp,288,bf_det_k4_l16_r4_c16_m4_w10g4_d64_s2_q2,208,647,bf_det_k4_l16_r4_c16_m4_w10g4_d64_s2_q2,208,647,1,1,0.000000e+00,1,1,1,0
qpsk,32,4,5.000000e-01,710,lut,289,bf_det_k4_l16_r4_c16_m3_w12g4_d32_s2_q2,82468,700,bf_det_k4_l16_r4_c16_m3_w12g4_d32_s2_q2,82468,700,1,1,0.000000e+00,1,1,1,0
qpsk,32,4,5.000000e-01,710,ff,290,bf_det_k4_l16_r4_c16_m3_w10g4_d32_s2_q2,43173,660,bf_det_k4_l16_r4_c16_m3_w10g4_d32_s2_q2,43173,660,1,1,0.000000e+00,1,1,1,0
qpsk,32,4,5.000000e-01,710,bram,291,bf_det_k4_l16_r4_c16_m4_w10g4_d32_s2_q2,40,652,bf_det_k4_l16_r4_c16_m4_w10g4_d32_s2_q2,40,652,1,1,0.000000e+00,1,1,1,0
qpsk,32,4,5.000000e-01,1057,dsp,292,bf_det_k4_l16_r1_c16_m4_w10g4_d64_s2_q2,112,947,bf_det_k4_l16_r1_c16_m4_w10g4_d64_s2_q2,112,947,1,1,0.000000e+00,1,1,1,0
qpsk,32,4,5.000000e-01,1057,lut,293,bf_det_k4_l16_r1_c16_m3_w12g4_d32_s2_q2,75948,1024,bf_det_k4_l16_r1_c16_m3_w12g4_d32_s2_q2,75948,1024,1,1,0.000000e+00,1,1,1,0
qpsk,32,4,5.000000e-01,1057,ff,294,bf_det_k4_l16_r1_c16_m3_w10g4_d32_s2_q2,37531,984,bf_det_k4_l16_r1_c16_m3_w10g4_d32_s2_q2,37531,984,1,1,0.000000e+00,1,1,1,0
qpsk,32,4,5.000000e-01,1057,bram,295,bf_det_k4_l16_r4_c16_m4_w10g4_d32_s2_q2,40,652,bf_det_k4_l16_r4_c16_m4_w10g4_d32_s2_q2,40,652,1,1,0.000000e+00,1,1,1,0
qpsk,32,4,5.000000e-01,1573,dsp,296,bf_det_k4_l16_r1_c16_m4_w10g4_d64_s2_q2,112,947,bf_det_k4_l16_r1_c16_m4_w10g4_d64_s2_q2,112,947,1,1,0.000000e+00,1,1,1,0
qpsk,32,4,5.000000e-01,1573,lut,297,bf_det_k4_l16_r1_c16_m3_w12g4_d32_s2_q2,75948,1024,bf_det_k4_l16_r1_c16_m3_w12g4_d32_s2_q2,75948,1024,1,1,0.000000e+00,1,1,1,0
qpsk,32,4,5.000000e-01,1573,ff,298,bf_det_k4_l16_r1_c16_m3_w10g4_d32_s2_q2,37531,984,bf_det_k4_l16_r1_c16_m3_w10g4_d32_s2_q2,37531,984,1,1,0.000000e+00,1,1,1,0
qpsk,32,4,5.000000e-01,1573,bram,299,bf_det_k4_l16_r4_c16_m4_w10g4_d32_s2_q2,40,652,bf_det_k4_l16_r4_c16_m4_w10g4_d32_s2_q2,40,652,1,1,0.000000e+00,1,1,1,0
qpsk,32,4,5.000000e-01,2341,dsp,300,bf_det_k4_l4_r1_c4_m4_w10g4_d64_s2_q2,28,2205,bf_det_k4_l4_r1_c4_m4_w10g4_d64_s2_q2,28,2205,1,1,0.000000e+00,1,1,1,0
qpsk,32,4,5.000000e-01,2341,lut,301,bf_det_k4_l4_r1_c4_m4_w12g4_d32_s2_q2,26748,2346,bf_det_k4_l4_r1_c4_m3_w10g4_d32_s2_q2,26371,2212,1,1,1.430000e+00,1,0,0,0
qpsk,32,4,5.000000e-01,2341,ff,302,bf_det_k4_l4_r1_c4_m4_w10g4_d32_s2_q2,14234,2210,bf_det_k4_l4_r1_c4_m3_w10g4_d32_s2_q2,14069,2212,1,1,1.173000e+00,1,0,0,0
qpsk,32,4,5.000000e-01,2341,bram,303,bf_det_k4_l4_r4_c4_m4_w10g4_d32_s2_q2,16,2092,bf_det_k4_l4_r4_c4_m4_w10g4_d32_s2_q2,16,2092,1,1,0.000000e+00,1,1,1,0
qpsk,32,4,5.000000e-01,3485,dsp,304,bf_det_k4_l4_r1_c4_m4_w10g4_d64_s2_q2,28,2205,bf_det_k4_l4_r1_c4_m4_w10g4_d64_s2_q2,28,2205,1,1,0.000000e+00,1,1,1,0
qpsk,32,4,5.000000e-01,3485,lut,305,bf_det_k4_l4_r1_c4_m3_w12g4_d32_s2_q2,26676,2348,bf_det_k4_l4_r1_c4_m3_w10g4_d32_s2_q2,26371,2212,1,1,1.157000e+00,1,0,0,0
qpsk,32,4,5.000000e-01,3485,ff,306,bf_det_k4_l4_r1_c4_m3_w10g4_d32_s2_q2,14069,2212,bf_det_k4_l4_r1_c4_m3_w10g4_d32_s2_q2,14069,2212,1,1,0.000000e+00,1,1,1,0
qpsk,32,4,5.000000e-01,3485,bram,307,bf_det_k4_l4_r4_c4_m4_w10g4_d32_s2_q2,16,2092,bf_det_k4_l4_r4_c4_m4_w10g4_d32_s2_q2,16,2092,1,1,0.000000e+00,1,1,1,0
qpsk,32,4,5.000000e-01,5188,dsp,308,bf_det_k4_l4_r1_c4_m4_w10g4_d64_s2_q2,28,2205,bf_det_k4_l4_r1_c4_m4_w10g4_d64_s2_q2,28,2205,1,1,0.000000e+00,1,1,1,0
qpsk,32,4,5.000000e-01,5188,lut,309,bf_det_k4_l4_r1_c4_m3_w12g4_d32_s2_q2,26676,2348,bf_det_k4_l4_r1_c4_m3_w10g4_d32_s2_q2,26371,2212,1,1,1.157000e+00,1,0,0,0
qpsk,32,4,5.000000e-01,5188,ff,310,bf_det_k4_l4_r1_c4_m3_w10g4_d32_s2_q2,14069,2212,bf_det_k4_l4_r1_c4_m3_w10g4_d32_s2_q2,14069,2212,1,1,0.000000e+00,1,1,1,0
qpsk,32,4,5.000000e-01,5188,bram,311,bf_det_k4_l4_r4_c4_m4_w10g4_d32_s2_q2,16,2092,bf_det_k4_l4_r4_c4_m4_w10g4_d32_s2_q2,16,2092,1,1,0.000000e+00,1,1,1,0
qpsk,32,4,5.000000e-01,7723,dsp,312,bf_det_k4_l4_r1_c4_m4_w10g4_d64_s2_q2,28,2205,bf_det_k4_l4_r1_c4_m4_w10g4_d64_s2_q2,28,2205,1,1,0.000000e+00,1,1,1,0
qpsk,32,4,5.000000e-01,7723,lut,313,bf_det_k4_l1_r4_c4_m3_w10g4_d32_s2_q2,15882,7340,bf_det_k4_l1_r4_c4_m3_w10g4_d32_s2_q2,15882,7340,1,1,0.000000e+00,1,1,1,0
qpsk,32,4,5.000000e-01,7723,ff,314,bf_det_k4_l1_r4_c4_m3_w10g4_d32_s2_q2,10119,7340,bf_det_k4_l1_r4_c4_m3_w10g4_d32_s2_q2,10119,7340,1,1,0.000000e+00,1,1,1,0
qpsk,32,4,5.000000e-01,7723,bram,315,bf_det_k4_l1_r4_c4_m4_w10g4_d32_s2_q2,14,7308,bf_det_k4_l1_r4_c4_m4_w10g4_d32_s2_q2,14,7308,1,1,0.000000e+00,1,1,1,0
qpsk,32,4,5.000000e-01,11497,dsp,316,bf_det_k4_l1_r1_c4_m4_w10g4_d64_s2_q2,13,7929,bf_det_k4_l1_r1_c4_m4_w10g4_d64_s2_q2,13,7929,1,1,0.000000e+00,1,1,1,0
qpsk,32,4,5.000000e-01,11497,lut,317,bf_det_k4_l1_r1_c4_m3_w10g4_d32_s2_q2,14329,8062,bf_det_k4_l1_r1_c4_m3_w10g4_d32_s2_q2,14329,8062,1,1,0.000000e+00,1,1,1,0
qpsk,32,4,5.000000e-01,11497,ff,318,bf_det_k4_l1_r1_c4_m3_w10g4_d32_s2_q2,8535,8062,bf_det_k4_l1_r1_c4_m3_w10g4_d32_s2_q2,8535,8062,1,1,0.000000e+00,1,1,1,0
qpsk,32,4,5.000000e-01,11497,bram,319,bf_det_k4_l1_r4_c4_m4_w10g4_d32_s2_q2,14,7308,bf_det_k4_l1_r4_c4_m4_w10g4_d32_s2_q2,14,7308,1,1,0.000000e+00,1,1,1,0
qpsk,32,4,1.000000e+00,710,dsp,1216,bf_det_k4_l16_r4_c16_m4_w8g8_d64_s2_q2,176,677,bf_det_k4_l16_r4_c16_m4_w8g8_d64_s2_q2,176,677,1,1,0.000000e+00,1,1,1,0
qpsk,32,4,1.000000e+00,710,lut,1217,bf_det_k4_l16_r4_c16_m3_w8g8_d32_s2_q2,78796,690,bf_det_k4_l16_r4_c16_m3_w8g8_d32_s2_q2,78796,690,1,1,0.000000e+00,1,1,1,0
qpsk,32,4,1.000000e+00,710,ff,1218,bf_det_k4_l16_r4_c16_m3_w8g8_d32_s2_q2,40217,690,bf_det_k4_l16_r4_c16_m3_w8g8_d32_s2_q2,40217,690,1,1,0.000000e+00,1,1,1,0
qpsk,32,4,1.000000e+00,710,bram,1219,bf_det_k4_l16_r4_c16_m4_w8g8_d32_s2_q2,36,682,bf_det_k4_l16_r4_c16_m4_w8g8_d32_s2_q2,36,682,1,1,0.000000e+00,1,1,1,0
qpsk,32,4,1.000000e+00,1066,dsp,1220,bf_det_k4_l16_r1_c16_m4_w8g8_d64_s2_q2,80,977,bf_det_k4_l16_r1_c16_m4_w8g8_d64_s2_q2,80,977,1,1,0.000000e+00,1,1,1,0
qpsk,32,4,1.000000e+00,1066,lut,1221,bf_det_k4_l16_r1_c16_m3_w8g8_d32_s2_q2,73062,1014,bf_det_k4_l16_r1_c16_m3_w8g8_d32_s2_q2,73062,1014,1,1,0.000000e+00,1,1,1,0
qpsk,32,4,1.000000e+00,1066,ff,1222,bf_det_k4_l16_r1_c16_m3_w8g8_d32_s2_q2,35635,1014,bf_det_k4_l16_r1_c16_m3_w8g8_d32_s2_q2,35635,1014,1,1,0.000000e+00,1,1,1,0
qpsk,32,4,1.000000e+00,1066,bram,1223,bf_det_k4_l16_r4_c16_m4_w8g8_d32_s2_q2,36,682,bf_det_k4_l16_r4_c16_m4_w8g8_d32_s2_q2,36,682,1,1,0.000000e+00,1,1,1,0
qpsk,32,4,1.000000e+00,1600,dsp,1224,bf_det_k4_l16_r1_c16_m4_w8g8_d64_s2_q2,80,977,bf_det_k4_l16_r1_c16_m4_w8g8_d64_s2_q2,80,977,1,1,0.000000e+00,1,1,1,0
qpsk,32,4,1.000000e+00,1600,lut,1225,bf_det_k4_l16_r1_c16_m3_w8g4_d32_s2_q2,69277,1386,bf_det_k4_l16_r1_c16_m3_w8g4_d32_s2_q2,69277,1386,1,1,0.000000e+00,1,1,1,0
qpsk,32,4,1.000000e+00,1600,ff,1226,bf_det_k4_l16_r1_c16_m3_w8g4_d32_s2_q2,32219,1386,bf_det_k4_l16_r1_c16_m3_w8g4_d32_s2_q2,32219,1386,1,1,0.000000e+00,1,1,1,0
qpsk,32,4,1.000000e+00,1600,bram,1227,bf_det_k4_l16_r4_c16_m4_w8g8_d32_s2_q2,36,682,bf_det_k4_l16_r4_c16_m4_w8g8_d32_s2_q2,36,682,1,1,0.000000e+00,1,1,1,0
qpsk,32,4,1.000000e+00,2402,dsp,1228,bf_det_k4_l4_r1_c4_m4_w8g8_d64_s2_q2,20,2307,bf_det_k4_l4_r1_c4_m4_w8g8_d64_s2_q2,20,2307,1,1,0.000000e+00,1,1,1,0
qpsk,32,4,1.000000e+00,2402,lut,1229,bf_det_k4_l4_r1_c4_m4_w8g8_d32_s2_q2,25810,2312,bf_det_k4_l4_r1_c4_m3_w8g8_d32_s2_q2,25458,2314,1,1,1.383000e+00,1,0,0,0
qpsk,32,4,1.000000e+00,2402,ff,1230,bf_det_k4_l4_r1_c4_m4_w8g8_d32_s2_q2,13483,2312,bf_det_k4_l4_r1_c4_m3_w8g8_d32_s2_q2,13336,2314,1,1,1.102000e+00,1,0,0,0
qpsk,32,4,1.000000e+00,2402,bram,1231,bf_det_k4_l4_r4_c4_m4_w8g8_d32_s2_q2,12,2194,bf_det_k4_l4_r4_c4_m4_w8g8_d32_s2_q2,12,2194,1,1,0.000000e+00,1,1,1,0
qpsk,32,4,1.000000e+00,3606,dsp,1232,bf_det_k4_l4_r1_c4_m4_w8g8_d64_s2_q2,20,2307,bf_det_k4_l4_r1_c4_m4_w8g8_d64_s2_q2,20,2307,1,1,0.000000e+00,1,1,1,0
qpsk,32,4,1.000000e+00,3606,lut,1233,bf_det_k4_l4_r1_c4_m3_w8g4_d32_s2_q2,24397,3024,bf_det_k4_l4_r1_c4_m3_w8g4_d32_s2_q2,24397,3024,1,1,0.000000e+00,1,1,1,0
qpsk,32,4,1.000000e+00,3606,ff,1234,bf_det_k4_l4_r1_c4_m3_w8g4_d32_s2_q2,12464,3024,bf_det_k4_l4_r1_c4_m3_w8g4_d32_s2_q2,12464,3024,1,1,0.000000e+00,1,1,1,0
qpsk,32,4,1.000000e+00,3606,bram,1235,bf_det_k4_l4_r4_c4_m4_w8g8_d32_s2_q2,12,2194,bf_det_k4_l4_r4_c4_m4_w8g8_d32_s2_q2,12,2194,1,1,0.000000e+00,1,1,1,0
qpsk,32,4,1.000000e+00,5414,dsp,1236,bf_det_k4_l4_r1_c4_m4_w8g8_d64_s2_q2,20,2307,bf_det_k4_l4_r1_c4_m4_w8g8_d64_s2_q2,20,2307,1,1,0.000000e+00,1,1,1,0
qpsk,32,4,1.000000e+00,5414,lut,1237,bf_det_k4_l4_r1_c4_m3_w8g4_d32_s2_q2,24397,3024,bf_det_k4_l4_r1_c4_m3_w8g4_d32_s2_q2,24397,3024,1,1,0.000000e+00,1,1,1,0
qpsk,32,4,1.000000e+00,5414,ff,1238,bf_det_k4_l4_r1_c4_m3_w8g4_d32_s2_q2,12464,3024,bf_det_k4_l4_r1_c4_m3_w8g4_d32_s2_q2,12464,3024,1,1,0.000000e+00,1,1,1,0
qpsk,32,4,1.000000e+00,5414,bram,1239,bf_det_k4_l4_r4_c4_m4_w8g8_d32_s2_q2,12,2194,bf_det_k4_l4_r4_c4_m4_w8g8_d32_s2_q2,12,2194,1,1,0.000000e+00,1,1,1,0
qpsk,32,4,1.000000e+00,8128,dsp,1240,bf_det_k4_l1_r1_c4_m4_w10g4_d64_s2_q2,13,7929,bf_det_k4_l1_r1_c4_m4_w10g4_d64_s2_q2,13,7929,1,1,0.000000e+00,1,1,1,0
qpsk,32,4,1.000000e+00,8128,lut,1241,bf_det_k4_l1_r1_c4_m3_w10g4_d32_s2_q2,14329,8062,bf_det_k4_l1_r1_c4_m3_w10g4_d32_s2_q2,14329,8062,1,1,0.000000e+00,1,1,1,0
qpsk,32,4,1.000000e+00,8128,ff,1242,bf_det_k4_l1_r1_c4_m3_w10g4_d32_s2_q2,8535,8062,bf_det_k4_l1_r1_c4_m3_w10g4_d32_s2_q2,8535,8062,1,1,0.000000e+00,1,1,1,0
qpsk,32,4,1.000000e+00,8128,bram,1243,bf_det_k4_l4_r4_c4_m4_w8g8_d32_s2_q2,12,2194,bf_det_k4_l4_r4_c4_m4_w8g8_d32_s2_q2,12,2194,1,1,0.000000e+00,1,1,1,0
qpsk,32,4,1.000000e+00,12203,dsp,1244,bf_det_k4_l1_r1_c4_m4_w8g8_d64_s2_q2,11,8255,bf_det_k4_l1_r1_c4_m4_w8g8_d64_s2_q2,11,8255,1,1,0.000000e+00,1,1,1,0
qpsk,32,4,1.000000e+00,12203,lut,1245,bf_det_k4_l1_r1_c4_m3_w8g4_d32_s2_q2,13631,10887,bf_det_k4_l1_r1_c4_m3_w8g4_d32_s2_q2,13631,10887,1,1,0.000000e+00,1,1,1,0
qpsk,32,4,1.000000e+00,12203,ff,1246,bf_det_k4_l1_r1_c4_m3_w8g4_d32_s2_q2,8005,10887,bf_det_k4_l1_r1_c4_m3_w8g4_d32_s2_q2,8005,10887,1,1,0.000000e+00,1,1,1,0
qpsk,32,4,1.000000e+00,12203,bram,1247,bf_det_k4_l4_r4_c4_m4_w8g8_d32_s2_q2,12,2194,bf_det_k4_l4_r4_c4_m4_w8g8_d32_s2_q2,12,2194,1,1,0.000000e+00,1,1,1,0
qpsk,32,8,2.500000e-01,1410,dsp,1248,bf_det_k8_l16_r8_c16_m3_w14g4_d64_s2_q2,576,1288,bf_det_k8_l16_r8_c16_m3_w14g4_d64_s2_q2,576,1288,1,1,0.000000e+00,1,1,1,0
qpsk,32,8,2.500000e-01,1410,lut,1249,bf_det_k8_l16_r8_c16_m3_w12g8_d32_s2_q2,98479,1347,bf_det_k8_l16_r8_c16_m3_w12g8_d32_s2_q2,98479,1347,1,1,0.000000e+00,1,1,1,0
qpsk,32,8,2.500000e-01,1410,ff,1250,bf_det_k8_l16_r8_c16_m3_w12g8_d32_s2_q2,63158,1347,bf_det_k8_l16_r8_c16_m3_w12g8_d32_s2_q2,63158,1347,1,1,0.000000e+00,1,1,1,0
qpsk,32,8,2.500000e-01,1410,bram,1251,bf_det_k8_l16_r8_c16_m4_w12g8_d32_s2_q2,54,1335,bf_det_k8_l16_r8_c16_m4_w12g8_d32_s2_q2,54,1335,1,1,0.000000e+00,1,1,1,0
qpsk,32,8,2.500000e-01,2243,dsp,1252,bf_det_k8_l16_r4_c16_m4_w10g8_d64_s2_q2,208,1931,bf_det_k8_l16_r4_c16_m4_w10g8_d64_s2_q2,208,1931,1,1,0.000000e+00,1,1,1,0
qpsk,32,8,2.500000e-01,2243,lut,1253,bf_det_k8_l16_r4_c16_m3_w12g4_d32_s2_q2,86970,1908,bf_det_k8_l16_r4_c16_m3_w12g4_d32_s2_q2,86970,1908,1,1,0.000000e+00,1,1,1,0
qpsk,32,8,2.500000e-01,2243,ff,1254,bf_det_k8_l16_r4_c16_m3_w10g8_d32_s2_q2,47707,1968,bf_det_k8_l16_r4_c16_m3_w10g8_d32_s2_q2,47707,1968,1,1,0.000000e+00,1,1,1,0
qpsk,32,8,2.500000e-01,2243,bram,1255,bf_det_k8_l16_r8_c16_m4_w10g8_d32_s2_q2,45,1684,bf_det_k8_l16_r8_c16_m4_w10g8_d32_s2_q2,45,1684,1,1,0.000000e+00,1,1,1,0
qpsk,32,8,2.500000e-01,3568,dsp,1256,bf_det_k8_l16_r1_c16_m4_w10g8_d64_s2_q2,112,3303,bf_det_k8_l16_r1_c16_m4_w10g8_d64_s2_q2,112,3303,1,1,0.000000e+00,1,1,1,0
qpsk,32,8,2.500000e-01,3568,lut,1257,bf_det_k8_l16_r1_c16_m3_w12g4_d32_s2_q2,80269,3376,bf_det_k8_l16_r1_c16_m3_w12g4_d32_s2_q2,80269,3376,1,1,0.000000e+00,1,1,1,0
qpsk,32,8,2.500000e-01,3568,ff,1258,bf_det_k8_l16_r1_c16_m3_w12g4_d32_s2_q2,44390,3376,bf_det_k8_l16_r1_c16_m3_w10g8_d32_s2_q2,41967,3436,1,1,5.774000e+00,1,0,0,0
qpsk,32,8,2.500000e-01,3568,bram,1259,bf_det_k8_l16_r8_c16_m4_w10g8_d32_s2_q2,45,1684,bf_det_k8_l16_r8_c16_m4_w10g8_d32_s2_q2,45,1684,1,1,0.000000e+00,1,1,1,0
qpsk,32,8,2.500000e-01,5675,dsp,1260,bf_det_k8_l4_r1_c4_m4_w14g4_d64_s2_q2,64,5635,bf_det_k8_l4_r1_c4_m3_w14g4_d64_s2_q2,60,5638,1,1,6.667000e+00,1,0,0,0
qpsk,32,8,2.500000e-01,5675,lut,1261,bf_det_k8_l4_r1_c4_m4_w14g4_d32_s2_q2,32694,5640,bf_det_k8_l4_r1_c4_m3_w14g4_d32_s2_q2,32622,5643,1,1,2.210000e-01,1,0,0,0
qpsk,32,8,2.500000e-01,5675,ff,1262,bf_det_k8_l4_r1_c4_m4_w14g4_d32_s2_q2,18786,5640,bf_det_k8_l4_r1_c4_m3_w14g4_d32_s2_q2,18581,5643,1,1,1.103000e+00,1,0,0,0
qpsk,32,8,2.500000e-01,5675,bram,1263,bf_det_k8_l4_r8_c4_m4_w12g8_d32_s2_q2,22,4491,bf_det_k8_l4_r8_c4_m4_w10g8_d32_s2_q2,21,5668,1,1,4.762000e+00,1,0,0,0
qpsk,32,8,2.500000e-01,9027,dsp,1264,bf_det_k8_l4_r1_c4_m4_w10g8_d64_s2_q2,28,7435,bf_det_k8_l4_r1_c4_m4_w10g8_d64_s2_q2,28,7435,1,1,0.000000e+00,1,1,1,0
qpsk,32,8,2.500000e-01,9027,lut,1265,bf_det_k8_l4_r1_c4_m3_w12g4_d32_s2_q2,30692,7240,bf_det_k8_l4_r1_c4_m3_w12g4_d32_s2_q2,30692,7240,1,1,0.000000e+00,1,1,1,0
qpsk,32,8,2.500000e-01,9027,ff,1266,bf_det_k8_l4_r1_c4_m3_w10g8_d32_s2_q2,16117,7444,bf_det_k8_l4_r1_c4_m3_w10g8_d32_s2_q2,16117,7444,1,1,0.000000e+00,1,1,1,0
qpsk,32,8,2.500000e-01,9027,bram,1267,bf_det_k8_l4_r8_c4_m4_w10g8_d32_s2_q2,21,5668,bf_det_k8_l4_r8_c4_m4_w10g8_d32_s2_q2,21,5668,1,1,0.000000e+00,1,1,1,0
qpsk,32,8,2.500000e-01,14360,dsp,1268,bf_det_k8_l4_r1_c4_m4_w10g8_d64_s2_q2,28,7435,bf_det_k8_l4_r1_c4_m4_w10g8_d64_s2_q2,28,7435,1,1,0.000000e+00,1,1,1,0
qpsk,32,8,2.500000e-01,14360,lut,1269,bf_det_k8_l4_r1_c4_m3_w12g4_d32_s2_q2,30692,7240,bf_det_k8_l4_r1_c4_m3_w12g4_d32_s2_q2,30692,7240,1,1,0.000000e+00,1,1,1,0
qpsk,32,8,2.500000e-01,14360,ff,1270,bf_det_k8_l4_r1_c4_m3_w10g8_d32_s2_q2,16117,7444,bf_det_k8_l4_r1_c4_m3_w10g8_d32_s2_q2,16117,7444,1,1,0.000000e+00,1,1,1,0
qpsk,32,8,2.500000e-01,14360,bram,1271,bf_det_k8_l4_r8_c4_m4_w10g8_d32_s2_q2,21,5668,bf_det_k8_l4_r8_c4_m4_w10g8_d32_s2_q2,21,5668,1,1,0.000000e+00,1,1,1,0
qpsk,32,8,2.500000e-01,22844,dsp,1272,bf_det_k8_l1_r1_c4_m3_w14g4_d64_s2_q2,24,18205,bf_det_k8_l1_r1_c4_m3_w14g4_d64_s2_q2,24,18205,1,1,0.000000e+00,1,1,1,0
qpsk,32,8,2.500000e-01,22844,lut,1273,bf_det_k8_l1_r1_c4_m4_w12g4_d32_s2_q2,18389,22812,bf_det_k8_l1_r1_c4_m4_w12g4_d32_s2_q2,18389,22812,1,1,0.000000e+00,1,1,1,0
qpsk,32,8,2.500000e-01,22844,ff,1274,bf_det_k8_l1_r1_c4_m3_w12g8_d32_s2_q2,10856,18990,bf_det_k8_l1_r1_c4_m4_w12g4_d32_s2_q2,10825,22812,1,1,2.860000e-01,1,0,0,0
qpsk,32,8,2.500000e-01,22844,bram,1275,bf_det_k8_l1_r8_c4_m4_w10g8_d32_s2_q2,19,19748,bf_det_k8_l1_r8_c4_m4_w10g8_d32_s2_q2,19,19748,1,1,0.000000e+00,1,1,1,0
qpsk,32,8,2.500000e-01,36340,dsp,1276,bf_det_k8_l1_r1_c4_m4_w10g8_d64_s2_q2,13,23587,bf_det_k8_l1_r1_c4_m4_w10g8_d64_s2_q2,13,23587,1,1,0.000000e+00,1,1,1,0
qpsk,32,8,2.500000e-01,36340,lut,1277,bf_det_k8_l1_r1_c4_m3_w10g8_d32_s2_q2,17958,24104,bf_det_k8_l1_r1_c4_m3_w10g8_d32_s2_q2,17958,24104,1,1,0.000000e+00,1,1,1,0
qpsk,32,8,2.500000e-01,36340,ff,1278,bf_det_k8_l1_r1_c4_m3_w10g8_d32_s2_q2,9964,24104,bf_det_k8_l1_r1_c4_m3_w10g8_d32_s2_q2,9964,24104,1,1,0.000000e+00,1,1,1,0
qpsk,32,8,2.500000e-01,36340,bram,1279,bf_det_k8_l1_r8_c4_m4_w10g8_d32_s2_q2,19,19748,bf_det_k8_l1_r8_c4_m4_w10g8_d32_s2_q2,19,19748,1,1,0.000000e+00,1,1,1,0
qpsk,32,8,5.000000e-01,1280,dsp,384,bf_det_k8_l16_r8_c16_m4_w10g4_d64_s2_q2,336,1165,bf_det_k8_l16_r8_c16_m4_w10g4_d64_s2_q2,336,1165,1,1,0.000000e+00,1,1,1,0
qpsk,32,8,5.000000e-01,1280,lut,385,bf_det_k8_l16_r8_c16_m3_w12g4_d32_s2_q2,95533,1242,bf_det_k8_l16_r8_c16_m3_w10g4_d32_s2_q2,94740,1182,1,1,8.370000e-01,1,0,0,0
qpsk,32,8,5.000000e-01,1280,ff,386,bf_det_k8_l16_r8_c16_m3_w10g4_d32_s2_q2,52225,1182,bf_det_k8_l16_r8_c16_m3_w10g4_d32_s2_q2,52225,1182,1,1,0.000000e+00,1,1,1,0
qpsk,32,8,5.000000e-01,1280,bram,387,bf_det_k8_l16_r8_c16_m4_w10g4_d32_s2_q2,45,1170,bf_det_k8_l16_r8_c16_m4_w10g4_d32_s2_q2,45,1170,1,1,0.000000e+00,1,1,1,0
qpsk,32,8,5.000000e-01,1928,dsp,388,bf_det_k8_l16_r4_c16_m4_w10g4_d64_s2_q2,208,1354,bf_det_k8_l16_r4_c16_m4_w10g4_d64_s2_q2,208,1354,1,1,0.000000e+00,1,1,1,0
qpsk,32,8,5.000000e-01,1928,lut,389,bf_det_k8_l16_r4_c16_m3_w12g4_d32_s2_q2,86970,1443,bf_det_k8_l16_r4_c16_m3_w10g4_d32_s2_q2,86689,1383,1,1,3.240000e-01,1,0,0,0
qpsk,32,8,5.000000e-01,1928,ff,390,bf_det_k8_l16_r4_c16_m3_w10g4_d32_s2_q2,44678,1383,bf_det_k8_l16_r4_c16_m3_w10g4_d32_s2_q2,44678,1383,1,1,0.000000e+00,1,1,1,0
qpsk,32,8,5.000000e-01,1928,bram,391,bf_det_k8_l16_r8_c16_m4_w10g4_d32_s2_q2,45,1170,bf_det_k8_l16_r8_c16_m4_w10g4_d32_s2_q2,45,1170,1,1,0.000000e+00,1,1,1,0
qpsk,32,8,5.000000e-01,2905,dsp,392,bf_det_k8_l16_r1_c16_m4_w10g4_d64_s2_q2,112,2383,bf_det_k8_l16_r1_c16_m4_w10g4_d64_s2_q2,112,2383,1,1,0.000000e+00,1,1,1,0
qpsk,32,8,5.000000e-01,2905,lut,393,bf_det_k8_l16_r1_c16_m3_w12g4_d32_s2_q2,80269,2544,bf_det_k8_l16_r1_c16_m3_w12g4_d32_s2_q2,80269,2544,1,1,0.000000e+00,1,1,1,0
qpsk,32,8,5.000000e-01,2905,ff,394,bf_det_k8_l16_r1_c16_m3_w10g4_d32_s2_q2,38938,2484,bf_det_k8_l16_r1_c16_m3_w10g4_d32_s2_q2,38938,2484,1,1,0.000000e+00,1,1,1,0
qpsk,32,8,5.000000e-01,2905,bram,395,bf_det_k8_l16_r8_c16_m4_w10g4_d32_s2_q2,45,1170,bf_det_k8_l16_r8_c16_m4_w10g4_d32_s2_q2,45,1170,1,1,0.000000e+00,1,1,1,0
qpsk,32,8,5.000000e-01,4375,dsp,396,bf_det_k8_l4_r4_c4_m4_w10g4_d64_s2_q2,52,4348,bf_det_k8_l4_r4_c4_m4_w10g4_d64_s2_q2,52,4348,1,1,0.000000e+00,1,1,1,0
qpsk,32,8,5.000000e-01,4375,lut,397,bf_det_k8_l4_r4_c4_m4_w14g0_d32_s2_q2,33004,4377,bf_det_k8_l4_r4_c4_m4_w10g4_d32_s2_q2,33124,4353,1,1,-3.620000e-01,1,0,0,0
qpsk,32,8,5.000000e-01,4375,ff,398,bf_det_k8_l4_r4_c4_m4_w10g4_d32_s2_q2,17028,4353,bf_det_k8_l4_r4_c4_m4_w10g4_d32_s2_q2,17028,4353,1,1,0.000000e+00,1,1,1,0
qpsk,32,8,5.000000e-01,4375,bram,399,bf_det_k8_l4_r8_c4_m4_w10g4_d32_s2_q2,21,3930,bf_det_k8_l4_r8_c4_m4_w10g4_d32_s2_q2,21,3930,1,1,0.000000e+00,1,1,1,0
qpsk,32,8,5.000000e-01,6591,dsp,400,bf_det_k8_l4_r1_c4_m4_w10g4_d64_s2_q2,28,5254,bf_det_k8_l4_r1_c4_m4_w10g4_d64_s2_q2,28,5254,1,1,0.000000e+00,1,1,1,0
qpsk,32,8,5.000000e-01,6591,lut,401,bf_det_k8_l4_r1_c4_m3_w10g4_d32_s2_q2,29959,5262,bf_det_k8_l4_r1_c4_m3_w10g4_d32_s2_q2,29959,5262,1,1,0.000000e+00,1,1,1,0
qpsk,32,8,5.000000e-01,6591,ff,402,bf_det_k8_l4_r1_c4_m3_w10g4_d32_s2_q2,15344,5262,bf_det_k8_l4_r1_c4_m3_w10g4_d32_s2_q2,15344,5262,1,1,0.000000e+00,1,1,1,0
qpsk,32,8,5.000000e-01,6591,bram,403,bf_det_k8_l4_r8_c4_m4_w10g4_d32_s2_q2,21,3930,bf_det_k8_l4_r8_c4_m4_w10g4_d32_s2_q2,21,3930,1,1,0.000000e+00,1,1,1,0
qpsk,32,8,5.000000e-01,9929,dsp,404,bf_det_k8_l4_r1_c4_m4_w10g4_d64_s2_q2,28,5254,bf_det_k8_l4_r1_c4_m4_w10g4_d64_s2_q2,28,5254,1,1,0.000000e+00,1,1,1,0
qpsk,32,8,5.000000e-01,9929,lut,405,bf_det_k8_l4_r1_c4_m3_w10g4_d32_s2_q2,29959,5262,bf_det_k8_l4_r1_c4_m3_w10g4_d32_s2_q2,29959,5262,1,1,0.000000e+00,1,1,1,0
qpsk,32,8,5.000000e-01,9929,ff,406,bf_det_k8_l4_r1_c4_m3_w10g4_d32_s2_q2,15344,5262,bf_det_k8_l4_r1_c4_m3_w10g4_d32_s2_q2,15344,5262,1,1,0.000000e+00,1,1,1,0
qpsk,32,8,5.000000e-01,9929,bram,407,bf_det_k8_l4_r8_c4_m4_w10g4_d32_s2_q2,21,3930,bf_det_k8_l4_r8_c4_m4_w10g4_d32_s2_q2,21,3930,1,1,0.000000e+00,1,1,1,0
qpsk,32,8,5.000000e-01,14958,dsp,408,bf_det_k8_l4_r1_c4_m4_w10g4_d64_s2_q2,28,5254,bf_det_k8_l4_r1_c4_m4_w10g4_d64_s2_q2,28,5254,1,1,0.000000e+00,1,1,1,0
qpsk,32,8,5.000000e-01,14958,lut,409,bf_det_k8_l1_r4_c4_m3_w10g4_d32_s2_q2,19283,14121,bf_det_k8_l1_r4_c4_m3_w10g4_d32_s2_q2,19283,14121,1,1,0.000000e+00,1,1,1,0
qpsk,32,8,5.000000e-01,14958,ff,410,bf_det_k8_l1_r4_c4_m3_w10g4_d32_s2_q2,11376,14121,bf_det_k8_l1_r4_c4_m3_w10g4_d32_s2_q2,11376,14121,1,1,0.000000e+00,1,1,1,0
qpsk,32,8,5.000000e-01,14958,bram,411,bf_det_k8_l1_r8_c4_m4_w10g4_d32_s2_q2,19,13578,bf_det_k8_l1_r8_c4_m4_w10g4_d32_s2_q2,19,13578,1,1,0.000000e+00,1,1,1,0
qpsk,32,8,5.000000e-01,22535,dsp,412,bf_det_k8_l1_r1_c4_m4_w10g4_d64_s2_q2,13,16456,bf_det_k8_l1_r1_c4_m4_w10g4_d64_s2_q2,13,16456,1,1,0.000000e+00,1,1,1,0
qpsk,32,8,5.000000e-01,22535,lut,413,bf_det_k8_l1_r1_c4_m3_w10g4_d32_s2_q2,17641,16845,bf_det_k8_l1_r1_c4_m3_w10g4_d32_s2_q2,17641,16845,1,1,0.000000e+00,1,1,1,0
qpsk,32,8,5.000000e-01,22535,ff,414,bf_det_k8_l1_r1_c4_m3_w10g4_d32_s2_q2,9755,16845,bf_det_k8_l1_r1_c4_m3_w10g4_d32_s2_q2,9755,16845,1,1,0.000000e+00,1,1,1,0
qpsk,32,8,5.000000e-01,22535,bram,415,bf_det_k8_l1_r8_c4_m4_w10g4_d32_s2_q2,19,13578,bf_det_k8_l1_r8_c4_m4_w10g4_d32_s2_q2,19,13578,1,1,0.000000e+00,1,1,1,0
qpsk,32,8,1.000000e+00,1280,dsp,1280,bf_det_k8_l16_r8_c16_m4_w10g4_d64_s2_q2,336,1165,bf_det_k8_l16_r8_c16_m4_w10g4_d64_s2_q2,336,1165,1,1,0.000000e+00,1,1,1,0
qpsk,32,8,1.000000e+00,1280,lut,1281,bf_det_k8_l16_r8_c16_m3_w12g4_d32_s2_q2,95533,1242,bf_det_k8_l16_r8_c16_m3_w10g4_d32_s2_q2,94740,1182,1,1,8.370000e-01,1,0,0,0
qpsk,32,8,1.000000e+00,1280,ff,1282,bf_det_k8_l16_r8_c16_m3_w10g4_d32_s2_q2,52225,1182,bf_det_k8_l16_r8_c16_m3_w10g4_d32_s2_q2,52225,1182,1,1,0.000000e+00,1,1,1,0
qpsk,32,8,1.000000e+00,1280,bram,1283,bf_det_k8_l16_r8_c16_m4_w10g4_d32_s2_q2,45,1170,bf_det_k8_l16_r8_c16_m4_w10g4_d32_s2_q2,45,1170,1,1,0.000000e+00,1,1,1,0
qpsk,32,8,1.000000e+00,1938,dsp,1284,bf_det_k8_l16_r4_c16_m4_w10g4_d64_s2_q2,208,1354,bf_det_k8_l16_r4_c16_m4_w10g4_d64_s2_q2,208,1354,1,1,0.000000e+00,1,1,1,0
qpsk,32,8,1.000000e+00,1938,lut,1285,bf_det_k8_l16_r4_c16_m3_w12g0_d32_s2_q2,82305,1748,bf_det_k8_l16_r4_c16_m3_w12g0_d32_s2_q2,82305,1748,1,1,0.000000e+00,1,1,1,0
qpsk,32,8,1.000000e+00,1938,ff,1286,bf_det_k8_l16_r4_c16_m3_w10g4_d32_s2_q2,44678,1383,bf_det_k8_l16_r4_c16_m3_w10g4_d32_s2_q2,44678,1383,1,1,0.000000e+00,1,1,1,0
qpsk,32,8,1.000000e+00,1938,bram,1287,bf_det_k8_l16_r8_c16_m4_w10g4_d32_s2_q2,45,1170,bf_det_k8_l16_r8_c16_m4_w10g4_d32_s2_q2,45,1170,1,1,0.000000e+00,1,1,1,0
qpsk,32,8,1.000000e+00,2933,dsp,1288,bf_det_k8_l16_r1_c16_m4_w10g4_d64_s2_q2,112,2383,bf_det_k8_l16_r1_c16_m4_w10g4_d64_s2_q2,112,2383,1,1,0.000000e+00,1,1,1,0
qpsk,32,8,1.000000e+00,2933,lut,1289,bf_det_k8_l16_r1_c16_m3_w12g4_d32_s2_q2,80269,2544,bf_det_k8_l16_r1_c16_m3_w12g4_d32_s2_q2,80269,2544,1,1,0.000000e+00,1,1,1,0
qpsk,32,8,1.000000e+00,2933,ff,1290,bf_det_k8_l16_r1_c16_m3_w10g4_d32_s2_q2,38938,2484,bf_det_k8_l16_r1_c16_m3_w10g4_d32_s2_q2,38938,2484,1,1,0.000000e+00,1,1,1,0
qpsk,32,8,1.000000e+00,2933,bram,1291,bf_det_k8_l16_r8_c16_m4_w10g4_d32_s2_q2,45,1170,bf_det_k8_l16_r8_c16_m4_w10g4_d32_s2_q2,45,1170,1,1,0.000000e+00,1,1,1,0
qpsk,32,8,1.000000e+00,4441,dsp,1292,bf_det_k8_l4_r4_c4_m4_w10g4_d64_s2_q2,52,4348,bf_det_k8_l4_r4_c4_m4_w10g4_d64_s2_q2,52,4348,1,1,0.000000e+00,1,1,1,0
qpsk,32,8,1.000000e+00,4441,lut,1293,bf_det_k8_l4_r4_c4_m4_w14g0_d32_s2_q2,33004,4377,bf_det_k8_l4_r4_c4_m4_w14g0_d32_s2_q2,33004,4377,1,1,0.000000e+00,1,1,1,0
qpsk,32,8,1.000000e+00,4441,ff,1294,bf_det_k8_l4_r4_c4_m4_w10g4_d32_s2_q2,17028,4353,bf_det_k8_l4_r4_c4_m4_w10g4_d32_s2_q2,17028,4353,1,1,0.000000e+00,1,1,1,0
qpsk,32,8,1.000000e+00,4441,bram,1295,bf_det_k8_l4_r8_c4_m4_w10g4_d32_s2_q2,21,3930,bf_det_k8_l4_r8_c4_m4_w10g4_d32_s2_q2,21,3930,1,1,0.000000e+00,1,1,1,0
qpsk,32,8,1.000000e+00,6723,dsp,1296,bf_det_k8_l4_r1_c4_m4_w10g4_d64_s2_q2,28,5254,bf_det_k8_l4_r1_c4_m4_w10g4_d64_s2_q2,28,5254,1,1,0.000000e+00,1,1,1,0
qpsk,32,8,1.000000e+00,6723,lut,1297,bf_det_k8_l4_r1_c4_m4_w12g0_d32_s2_q2,29483,6692,bf_det_k8_l4_r1_c4_m3_w12g0_d32_s2_q2,29411,6696,1,1,2.450000e-01,1,0,0,0
qpsk,32,8,1.000000e+00,6723,ff,1298,bf_det_k8_l4_r1_c4_m3_w10g4_d32_s2_q2,15344,5262,bf_det_k8_l4_r1_c4_m3_w10g4_d32_s2_q2,15344,5262,1,1,0.000000e+00,1,1,1,0
qpsk,32,8,1.000000e+00,6723,bram,1299,bf_det_k8_l4_r8_c4_m4_w10g4_d32_s2_q2,21,3930,bf_det_k8_l4_r8_c4_m4_w10g4_d32_s2_q2,21,3930,1,1,0.000000e+00,1,1,1,0
qpsk,32,8,1.000000e+00,10178,dsp,1300,bf_det_k8_l4_r1_c4_m4_w10g4_d64_s2_q2,28,5254,bf_det_k8_l4_r1_c4_m4_w10g4_d64_s2_q2,28,5254,1,1,0.000000e+00,1,1,1,0
qpsk,32,8,1.000000e+00,10178,lut,1301,bf_det_k8_l4_r1_c4_m3_w12g0_d32_s2_q2,29411,6696,bf_det_k8_l4_r1_c4_m3_w12g0_d32_s2_q2,29411,6696,1,1,0.000000e+00,1,1,1,0
qpsk,32,8,1.000000e+00,10178,ff,1302,bf_det_k8_l4_r1_c4_m3_w10g4_d32_s2_q2,15344,5262,bf_det_k8_l4_r1_c4_m3_w10g4_d32_s2_q2,15344,5262,1,1,0.000000e+00,1,1,1,0
qpsk,32,8,1.000000e+00,10178,bram,1303,bf_det_k8_l4_r8_c4_m4_w10g4_d32_s2_q2,21,3930,bf_det_k8_l4_r8_c4_m4_w10g4_d32_s2_q2,21,3930,1,1,0.000000e+00,1,1,1,0
qpsk,32,8,1.000000e+00,15410,dsp,1304,bf_det_k8_l4_r1_c4_m4_w10g4_d64_s2_q2,28,5254,bf_det_k8_l4_r1_c4_m4_w10g4_d64_s2_q2,28,5254,1,1,0.000000e+00,1,1,1,0
qpsk,32,8,1.000000e+00,15410,lut,1305,bf_det_k8_l1_r4_c4_m3_w10g4_d32_s2_q2,19283,14121,bf_det_k8_l1_r4_c4_m3_w10g4_d32_s2_q2,19283,14121,1,1,0.000000e+00,1,1,1,0
qpsk,32,8,1.000000e+00,15410,ff,1306,bf_det_k8_l1_r4_c4_m3_w10g4_d32_s2_q2,11376,14121,bf_det_k8_l1_r4_c4_m3_w10g4_d32_s2_q2,11376,14121,1,1,0.000000e+00,1,1,1,0
qpsk,32,8,1.000000e+00,15410,bram,1307,bf_det_k8_l1_r8_c4_m4_w10g4_d32_s2_q2,19,13578,bf_det_k8_l1_r8_c4_m4_w10g4_d32_s2_q2,19,13578,1,1,0.000000e+00,1,1,1,0
qpsk,32,8,1.000000e+00,23329,dsp,1308,bf_det_k8_l1_r1_c4_m4_w10g4_d64_s2_q2,13,16456,bf_det_k8_l1_r1_c4_m4_w10g4_d64_s2_q2,13,16456,1,1,0.000000e+00,1,1,1,0
qpsk,32,8,1.000000e+00,23329,lut,1309,bf_det_k8_l1_r1_c4_m3_w10g4_d32_s2_q2,17641,16845,bf_det_k8_l1_r1_c4_m3_w10g4_d32_s2_q2,17641,16845,1,1,0.000000e+00,1,1,1,0
qpsk,32,8,1.000000e+00,23329,ff,1310,bf_det_k8_l1_r1_c4_m3_w10g4_d32_s2_q2,9755,16845,bf_det_k8_l1_r1_c4_m3_w10g4_d32_s2_q2,9755,16845,1,1,0.000000e+00,1,1,1,0
qpsk,32,8,1.000000e+00,23329,bram,1311,bf_det_k8_l1_r8_c4_m4_w10g4_d32_s2_q2,19,13578,bf_det_k8_l1_r8_c4_m4_w10g4_d32_s2_q2,19,13578,1,1,0.000000e+00,1,1,1,0
qpsk,32,16,2.500000e-01,3546,dsp,1312,bf_det_k16_l16_r16_c16_m3_w16g0_d64_s2_q2,960,3218,bf_det_k16_l16_r16_c16_m3_w16g0_d64_s2_q2,960,3218,1,1,0.000000e+00,1,1,1,0
qpsk,32,16,2.500000e-01,3546,lut,1313,bf_det_k16_l16_r16_c16_m3_w12g8_d32_s2_q2,126077,3446,bf_det_k16_l16_r16_c16_m3_w12g8_d32_s2_q2,126077,3446,1,1,0.000000e+00,1,1,1,0
qpsk,32,16,2.500000e-01,3546,ff,1314,bf_det_k16_l16_r16_c16_m3_w12g8_d32_s2_q2,87225,3446,bf_det_k16_l16_r16_c16_m3_w12g8_d32_s2_q2,87225,3446,1,1,0.000000e+00,1,1,1,0
qpsk,32,16,2.500000e-01,3546,bram,1315,bf_det_k16_l16_r16_c16_m4_w12g8_d32_s2_q2,59,3422,bf_det_k16_l16_r16_c16_m4_w12g8_d32_s2_q2,59,3422,1,1,0.000000e+00,1,1,1,0
qpsk,32,16,2.500000e-01,5585,dsp,1316,bf_det_k16_l16_r4_c16_m3_w16g0_d64_s2_q2,384,4676,bf_det_k16_l16_r4_c16_m3_w16g0_d64_s2_q2,384,4676,1,1,0.000000e+00,1,1,1,0
qpsk,32,16,2.500000e-01,5585,lut,1317,bf_det_k16_l16_r4_c16_m3_w12g8_d32_s2_q2,100570,4904,bf_det_k16_l16_r4_c16_m3_w12g8_d32_s2_q2,100570,4904,1,1,0.000000e+00,1,1,1,0
qpsk,32,16,2.500000e-01,5585,ff,1318,bf_det_k16_l16_r4_c16_m3_w12g8_d32_s2_q2,59967,4904,bf_det_k16_l16_r4_c16_m3_w12g8_d32_s2_q2,59967,4904,1,1,0.000000e+00,1,1,1,0
qpsk,32,16,2.500000e-01,5585,bram,1319,bf_det_k16_l16_r16_c16_m4_w12g8_d32_s2_q2,59,3422,bf_det_k16_l16_r16_c16_m4_w12g8_d32_s2_q2,59,3422,1,1,0.000000e+00,1,1,1,0
qpsk,32,16,2.500000e-01,8796,dsp,1320,bf_det_k16_l16_r4_c16_m3_w16g0_d64_s2_q2,384,4676,bf_det_k16_l16_r4_c16_m3_w16g0_d64_s2_q2,384,4676,1,1,0.000000e+00,1,1,1,0
qpsk,32,16,2.500000e-01,8796,lut,1321,bf_det_k16_l16_r4_c16_m3_w12g4_d32_s2_q2,97624,6232,bf_det_k16_l16_r4_c16_m3_w12g4_d32_s2_q2,97624,6232,1,1,0.000000e+00,1,1,1,0
qpsk,32,16,2.500000e-01,8796,ff,1322,bf_det_k16_l16_r4_c16_m3_w12g4_d32_s2_q2,56954,6232,bf_det_k16_l16_r4_c16_m3_w12g4_d32_s2_q2,56954,6232,1,1,0.000000e+00,1,1,1,0
qpsk,32,16,2.500000e-01,8796,bram,1323,bf_det_k16_l16_r16_c16_m4_w12g8_d32_s2_q2,59,3422,bf_det_k16_l16_r16_c16_m4_w12g8_d32_s2_q2,59,3422,1,1,0.000000e+00,1,1,1,0
qpsk,32,16,2.500000e-01,13854,dsp,1324,bf_det_k16_l16_r1_c16_m3_w16g0_d64_s2_q2,240,10238,bf_det_k16_l16_r1_c16_m3_w16g0_d64_s2_q2,240,10238,1,1,0.000000e+00,1,1,1,0
qpsk,32,16,2.500000e-01,13854,lut,1325,bf_det_k16_l4_r16_c4_m3_w12g8_d32_s2_q2,48984,12182,bf_det_k16_l4_r16_c4_m3_w12g8_d32_s2_q2,48984,12182,1,1,0.000000e+00,1,1,1,0
qpsk,32,16,2.500000e-01,13854,ff,1326,bf_det_k16_l4_r16_c4_m3_w12g8_d32_s2_q2,31160,12182,bf_det_k16_l4_r16_c4_m3_w12g8_d32_s2_q2,31160,12182,1,1,0.000000e+00,1,1,1,0
qpsk,32,16,2.500000e-01,13854,bram,1327,bf_det_k16_l16_r16_c16_m4_w12g8_d32_s2_q2,59,3422,bf_det_k16_l16_r16_c16_m4_w12g8_d32_s2_q2,59,3422,1,1,0.000000e+00,1,1,1,0
qpsk,32,16,2.500000e-01,21820,dsp,1328,bf_det_k16_l4_r4_c4_m3_w16g0_d64_s2_q2,96,15308,bf_det_k16_l4_r4_c4_m3_w16g0_d64_s2_q2,96,15308,1,1,0.000000e+00,1,1,1,0
qpsk,32,16,2.500000e-01,21820,lut,1329,bf_det_k16_l4_r4_c4_m3_w12g4_d32_s2_q2,41598,20456,bf_det_k16_l4_r4_c4_m3_w12g4_d32_s2_q2,41598,20456,1,1,0.000000e+00,1,1,1,0
qpsk,32,16,2.500000e-01,21820,ff,1330,bf_det_k16_l4_r4_c4_m3_w12g4_d32_s2_q2,23564,20456,bf_det_k16_l4_r4_c4_m3_w12g4_d32_s2_q2,23564,20456,1,1,0.000000e+00,1,1,1,0
qpsk,32,16,2.500000e-01,21820,bram,1331,bf_det_k16_l16_r16_c16_m4_w12g8_d32_s2_q2,59,3422,bf_det_k16_l16_r16_c16_m4_w12g8_d32_s2_q2,59,3422,1,1,0.000000e+00,1,1,1,0
qpsk,32,16,2.500000e-01,34366,dsp,1332,bf_det_k16_l4_r1_c4_m3_w16g0_d64_s2_q2,60,23150,bf_det_k16_l4_r1_c4_m3_w16g0_d64_s2_q2,60,23150,1,1,0.000000e+00,1,1,1,0
qpsk,32,16,2.500000e-01,34366,lut,1333,bf_det_k16_l4_r1_c4_m3_w12g4_d32_s2_q2,40325,30912,bf_det_k16_l4_r1_c4_m3_w12g4_d32_s2_q2,40325,30912,1,1,0.000000e+00,1,1,1,0
qpsk,32,16,2.500000e-01,34366,ff,1334,bf_det_k16_l4_r1_c4_m3_w12g4_d32_s2_q2,22331,30912,bf_det_k16_l4_r1_c4_m3_w12g4_d32_s2_q2,22331,30912,1,1,0.000000e+00,1,1,1,0
qpsk,32,16,2.500000e-01,34366,bram,1335,bf_det_k16_l16_r16_c16_m4_w12g8_d32_s2_q2,59,3422,bf_det_k16_l16_r16_c16_m4_w12g8_d32_s2_q2,59,3422,1,1,0.000000e+00,1,1,1,0
qpsk,32,16,2.500000e-01,54126,dsp,1336,bf_det_k16_l4_r1_c4_m3_w16g0_d64_s2_q2,60,23150,bf_det_k16_l4_r1_c4_m3_w16g0_d64_s2_q2,60,23150,1,1,0.000000e+00,1,1,1,0
qpsk,32,16,2.500000e-01,54126,lut,1337,bf_det_k16_l1_r4_c4_m3_w12g8_d32_s2_q2,30005,45596,bf_det_k16_l1_r4_c4_m3_w12g8_d32_s2_q2,30005,45596,1,1,0.000000e+00,1,1,1,0
qpsk,32,16,2.500000e-01,54126,ff,1338,bf_det_k16_l1_r4_c4_m3_w12g8_d32_s2_q2,18032,45596,bf_det_k16_l1_r4_c4_m3_w12g8_d32_s2_q2,18032,45596,1,1,0.000000e+00,1,1,1,0
qpsk,32,16,2.500000e-01,54126,bram,1339,bf_det_k16_l1_r16_c4_m4_w12g8_d32_s2_q2,37,41414,bf_det_k16_l1_r16_c4_m4_w12g8_d32_s2_q2,37,41414,1,1,0.000000e+00,1,1,1,0
qpsk,32,16,2.500000e-01,85247,dsp,1340,bf_det_k16_l1_r1_c4_m3_w16g0_d64_s2_q2,24,57980,bf_det_k16_l1_r1_c4_m3_w16g0_d64_s2_q2,24,57980,1,1,0.000000e+00,1,1,1,0
qpsk,32,16,2.500000e-01,85247,lut,1341,bf_det_k16_l1_r1_c4_m3_w12g4_d32_s2_q2,27914,77480,bf_det_k16_l1_r1_c4_m3_w12g4_d32_s2_q2,27914,77480,1,1,0.000000e+00,1,1,1,0
qpsk,32,16,2.500000e-01,85247,ff,1342,bf_det_k16_l1_r1_c4_m3_w12g4_d32_s2_q2,15873,77480,bf_det_k16_l1_r1_c4_m3_w12g4_d32_s2_q2,15873,77480,1,1,0.000000e+00,1,1,1,0
qpsk,32,16,2.500000e-01,85247,bram,1343,bf_det_k16_l1_r16_c4_m4_w12g8_d32_s2_q2,37,41414,bf_det_k16_l1_r16_c4_m4_w12g8_d32_s2_q2,37,41414,1,1,0.000000e+00,1,1,1,0
qpsk,32,16,5.000000e-01,3526,dsp,1344,bf_det_k16_l16_r16_c16_m4_w10g8_d64_s2_q2,592,3297,bf_det_k16_l16_r16_c16_m4_w10g8_d64_s2_q2,592,3297,1,1,0.000000e+00,1,1,1,0
qpsk,32,16,5.000000e-01,3526,lut,1345,bf_det_k16_l16_r16_c16_m3_w12g4_d32_s2_q2,123131,3236,bf_det_k16_l16_r16_c16_m3_w12g4_d32_s2_q2,123131,3236,1,1,0.000000e+00,1,1,1,0
qpsk,32,16,5.000000e-01,3526,ff,1346,bf_det_k16_l16_r16_c16_m3_w10g8_d32_s2_q2,75394,3326,bf_det_k16_l16_r16_c16_m3_w10g8_d32_s2_q2,75394,3326,1,1,0.000000e+00,1,1,1,0
qpsk,32,16,5.000000e-01,3526,bram,1347,bf_det_k16_l16_r16_c16_m4_w10g8_d32_s2_q2,49,3302,bf_det_k16_l16_r16_c16_m4_w10g8_d32_s2_q2,49,3302,1,1,0.000000e+00,1,1,1,0
qpsk,32,16,5.000000e-01,5412,dsp,1348,bf_det_k16_l16_r4_c16_m4_w10g8_d64_s2_q2,208,4683,bf_det_k16_l16_r4_c16_m4_w10g8_d64_s2_q2,208,4683,1,1,0.000000e+00,1,1,1,0
qpsk,32,16,5.000000e-01,5412,lut,1349,bf_det_k16_l16_r4_c16_m3_w12g4_d32_s2_q2,97624,4694,bf_det_k16_l16_r4_c16_m3_w12g4_d32_s2_q2,97624,4694,1,1,0.000000e+00,1,1,1,0
qpsk,32,16,5.000000e-01,5412,ff,1350,bf_det_k16_l16_r4_c16_m3_w10g8_d32_s2_q2,52360,4784,bf_det_k16_l16_r4_c16_m3_w10g8_d32_s2_q2,52360,4784,1,1,0.000000e+00,1,1,1,0
qpsk,32,16,5.000000e-01,5412,bram,1351,bf_det_k16_l16_r16_c16_m4_w10g8_d32_s2_q2,49,3302,bf_det_k16_l16_r16_c16_m4_w10g8_d32_s2_q2,49,3302,1,1,0.000000e+00,1,1,1,0
qpsk,32,16,5.000000e-01,8307,dsp,1352,bf_det_k16_l16_r4_c16_m4_w10g8_d64_s2_q2,208,4683,bf_det_k16_l16_r4_c16_m4_w10g8_d64_s2_q2,208,4683,1,1,0.000000e+00,1,1,1,0
qpsk,32,16,5.000000e-01,8307,lut,1353,bf_det_k16_l16_r4_c16_m3_w12g4_d32_s2_q2,97624,4694,bf_det_k16_l16_r4_c16_m3_w12g4_d32_s2_q2,97624,4694,1,1,0.000000e+00,1,1,1,0
qpsk,32,16,5.000000e-01,8307,ff,1354,bf_det_k16_l16_r4_c16_m3_w10g8_d32_s2_q2,52360,4784,bf_det_k16_l16_r4_c16_m3_w10g8_d32_s2_q2,52360,4784,1,1,0.000000e+00,1,1,1,0
qpsk,32,16,5.000000e-01,8307,bram,1355,bf_det_k16_l16_r16_c16_m4_w10g8_d32_s2_q2,49,3302,bf_det_k16_l16_r16_c16_m4_w10g8_d32_s2_q2,49,3302,1,1,0.000000e+00,1,1,1,0
qpsk,32,16,5.000000e-01,12749,dsp,1356,bf_det_k16_l16_r1_c16_m4_w10g8_d64_s2_q2,112,9957,bf_det_k16_l16_r1_c16_m4_w10g8_d64_s2_q2,112,9957,1,1,0.000000e+00,1,1,1,0
qpsk,32,16,5.000000e-01,12749,lut,1357,bf_det_k16_l4_r16_c4_m3_w10g8_d32_s2_q2,46826,11774,bf_det_k16_l4_r16_c4_m3_w10g8_d32_s2_q2,46826,11774,1,1,0.000000e+00,1,1,1,0
qpsk,32,16,5.000000e-01,12749,ff,1358,bf_det_k16_l4_r16_c4_m3_w10g8_d32_s2_q2,26932,11774,bf_det_k16_l4_r16_c4_m3_w10g8_d32_s2_q2,26932,11774,1,1,0.000000e+00,1,1,1,0
qpsk,32,16,5.000000e-01,12749,bram,1359,bf_det_k16_l16_r16_c16_m4_w10g8_d32_s2_q2,49,3302,bf_det_k16_l16_r16_c16_m4_w10g8_d32_s2_q2,49,3302,1,1,0.000000e+00,1,1,1,0
qpsk,32,16,5.000000e-01,19568,dsp,1360,bf_det_k16_l4_r4_c4_m4_w10g8_d64_s2_q2,52,15327,bf_det_k16_l4_r4_c4_m4_w10g8_d64_s2_q2,52,15327,1,1,0.000000e+00,1,1,1,0
qpsk,32,16,5.000000e-01,19568,lut,1361,bf_det_k16_l4_r4_c4_m3_w10g8_d32_s2_q2,40674,15716,bf_det_k16_l4_r4_c4_m3_w10g8_d32_s2_q2,40674,15716,1,1,0.000000e+00,1,1,1,0
qpsk,32,16,5.000000e-01,19568,ff,1362,bf_det_k16_l4_r4_c4_m3_w10g8_d32_s2_q2,21165,15716,bf_det_k16_l4_r4_c4_m3_w10g8_d32_s2_q2,21165,15716,1,1,0.000000e+00,1,1,1,0
qpsk,32,16,5.000000e-01,19568,bram,1363,bf_det_k16_l16_r16_c16_m4_w10g8_d32_s2_q2,49,3302,bf_det_k16_l16_r16_c16_m4_w10g8_d32_s2_q2,49,3302,1,1,0.000000e+00,1,1,1,0
qpsk,32,16,5.000000e-01,30033,dsp,1364,bf_det_k16_l4_r1_c4_m4_w10g8_d64_s2_q2,28,23547,bf_det_k16_l4_r1_c4_m4_w10g8_d64_s2_q2,28,23547,1,1,0.000000e+00,1,1,1,0
qpsk,32,16,5.000000e-01,30033,lut,1365,bf_det_k16_l4_r1_c4_m3_w12g4_d32_s2_q2,40325,23252,bf_det_k16_l4_r1_c4_m3_w10g8_d32_s2_q2,39465,23558,1,1,2.179000e+00,1,0,0,0
qpsk,32,16,5.000000e-01,30033,ff,1366,bf_det_k16_l4_r1_c4_m3_w10g8_d32_s2_q2,20152,23558,bf_det_k16_l4_r1_c4_m3_w10g8_d32_s2_q2,20152,23558,1,1,0.000000e+00,1,1,1,0
qpsk,32,16,5.000000e-01,30033,bram,1367,bf_det_k16_l16_r16_c16_m4_w10g8_d32_s2_q2,49,3302,bf_det_k16_l16_r16_c16_m4_w10g8_d32_s2_q2,49,3302,1,1,0.000000e+00,1,1,1,0
qpsk,32,16,5.000000e-01,46096,dsp,1368,bf_det_k16_l4_r1_c4_m4_w10g8_d64_s2_q2,28,23547,bf_det_k16_l4_r1_c4_m4_w10g8_d64_s2_q2,28,23547,1,1,0.000000e+00,1,1,1,0
qpsk,32,16,5.000000e-01,46096,lut,1369,bf_det_k16_l1_r4_c4_m3_w10g8_d32_s2_q2,28417,44036,bf_det_k16_l1_r4_c4_m3_w10g8_d32_s2_q2,28417,44036,1,1,0.000000e+00,1,1,1,0
qpsk,32,16,5.000000e-01,46096,ff,1370,bf_det_k16_l1_r4_c4_m3_w10g8_d32_s2_q2,15925,44036,bf_det_k16_l1_r4_c4_m3_w10g8_d32_s2_q2,15925,44036,1,1,0.000000e+00,1,1,1,0
qpsk,32,16,5.000000e-01,46096,bram,1371,bf_det_k16_l1_r16_c4_m4_w10g8_d32_s2_q2,35,39854,bf_det_k16_l1_r16_c4_m4_w10g8_d32_s2_q2,35,39854,1,1,0.000000e+00,1,1,1,0
qpsk,32,16,5.000000e-01,70749,dsp,1372,bf_det_k16_l1_r1_c4_m4_w10g8_d64_s2_q2,13,57999,bf_det_k16_l1_r1_c4_m4_w10g8_d64_s2_q2,13,57999,1,1,0.000000e+00,1,1,1,0
qpsk,32,16,5.000000e-01,70749,lut,1373,bf_det_k16_l1_r1_c4_m3_w10g8_d32_s2_q2,26721,59540,bf_det_k16_l1_r1_c4_m3_w10g8_d32_s2_q2,26721,59540,1,1,0.000000e+00,1,1,1,0
qpsk,32,16,5.000000e-01,70749,ff,1374,bf_det_k16_l1_r1_c4_m3_w10g8_d32_s2_q2,14270,59540,bf_det_k16_l1_r1_c4_m3_w10g8_d32_s2_q2,14270,59540,1,1,0.000000e+00,1,1,1,0
qpsk,32,16,5.000000e-01,70749,bram,1375,bf_det_k16_l1_r16_c4_m4_w10g8_d32_s2_q2,35,39854,bf_det_k16_l1_r16_c4_m4_w10g8_d32_s2_q2,35,39854,1,1,0.000000e+00,1,1,1,0
qpsk,32,16,1.000000e+00,3397,dsp,1376,bf_det_k16_l16_r16_c16_m4_w10g4_d64_s2_q2,592,3087,bf_det_k16_l16_r16_c16_m4_w10g4_d64_s2_q2,592,3087,1,1,0.000000e+00,1,1,1,0
qpsk,32,16,1.000000e+00,3397,lut,1377,bf_det_k16_l16_r16_c16_m3_w10g4_d32_s2_q2,120256,3116,bf_det_k16_l16_r16_c16_m3_w10g4_d32_s2_q2,120256,3116,1,1,0.000000e+00,1,1,1,0
qpsk,32,16,1.000000e+00,3397,ff,1378,bf_det_k16_l16_r16_c16_m3_w10g4_d32_s2_q2,72365,3116,bf_det_k16_l16_r16_c16_m3_w10g4_d32_s2_q2,72365,3116,1,1,0.000000e+00,1,1,1,0
qpsk,32,16,1.000000e+00,3397,bram,1379,bf_det_k16_l16_r16_c16_m4_w10g4_d32_s2_q2,49,3092,bf_det_k16_l16_r16_c16_m4_w10g4_d32_s2_q2,49,3092,1,1,0.000000e+00,1,1,1,0
qpsk,32,16,1.000000e+00,5241,dsp,1380,bf_det_k16_l16_r4_c16_m4_w10g4_d64_s2_q2,208,4473,bf_det_k16_l16_r4_c16_m4_w10g4_d64_s2_q2,208,4473,1,1,0.000000e+00,1,1,1,0
qpsk,32,16,1.000000e+00,5241,lut,1381,bf_det_k16_l16_r4_c16_m3_w12g4_d32_s2_q2,97624,4694,bf_det_k16_l16_r4_c16_m3_w10g4_d32_s2_q2,96309,4574,1,1,1.365000e+00,1,0,0,0
qpsk,32,16,1.000000e+00,5241,ff,1382,bf_det_k16_l16_r4_c16_m3_w10g4_d32_s2_q2,49331,4574,bf_det_k16_l16_r4_c16_m3_w10g4_d32_s2_q2,49331,4574,1,1,0.000000e+00,1,1,1,0
qpsk,32,16,1.000000e+00,5241,bram,1383,bf_det_k16_l16_r16_c16_m4_w10g4_d32_s2_q2,49,3092,bf_det_k16_l16_r16_c16_m4_w10g4_d32_s2_q2,49,3092,1,1,0.000000e+00,1,1,1,0
qpsk,32,16,1.000000e+00,8087,dsp,1384,bf_det_k16_l16_r4_c16_m4_w10g4_d64_s2_q2,208,4473,bf_det_k16_l16_r4_c16_m4_w10g4_d64_s2_q2,208,4473,1,1,0.000000e+00,1,1,1,0
qpsk,32,16,1.000000e+00,8087,lut,1385,bf_det_k16_l16_r4_c16_m3_w12g4_d32_s2_q2,97624,4694,bf_det_k16_l16_r4_c16_m3_w10g4_d32_s2_q2,96309,4574,1,1,1.365000e+00,1,0,0,0
qpsk,32,16,1.000000e+00,8087,ff,1386,bf_det_k16_l16_r4_c16_m3_w10g4_d32_s2_q2,49331,4574,bf_det_k16_l16_r4_c16_m3_w10g4_d32_s2_q2,49331,4574,1,1,0.000000e+00,1,1,1,0
qpsk,32,16,1.000000e+00,8087,bram,1387,bf_det_k16_l16_r16_c16_m4_w10g4_d32_s2_q2,49,3092,bf_det_k16_l16_r16_c16_m4_w10g4_d32_s2_q2,49,3092,1,1,0.000000e+00,1,1,1,0
qpsk,32,16,1.000000e+00,12479,dsp,1388,bf_det_k16_l16_r1_c16_m4_w10g4_d64_s2_q2,112,9747,bf_det_k16_l16_r1_c16_m4_w10g4_d64_s2_q2,112,9747,1,1,0.000000e+00,1,1,1,0
qpsk,32,16,1.000000e+00,12479,lut,1389,bf_det_k16_l4_r16_c4_m3_w10g4_d32_s2_q2,45943,11060,bf_det_k16_l4_r16_c4_m3_w10g4_d32_s2_q2,45943,11060,1,1,0.000000e+00,1,1,1,0
qpsk,32,16,1.000000e+00,12479,ff,1390,bf_det_k16_l4_r16_c4_m3_w10g4_d32_s2_q2,26159,11060,bf_det_k16_l4_r16_c4_m3_w10g4_d32_s2_q2,26159,11060,1,1,0.000000e+00,1,1,1,0
qpsk,32,16,1.000000e+00,12479,bram,1391,bf_det_k16_l16_r16_c16_m4_w10g4_d32_s2_q2,49,3092,bf_det_k16_l16_r16_c16_m4_w10g4_d32_s2_q2,49,3092,1,1,0.000000e+00,1,1,1,0
qpsk,32,16,1.000000e+00,19256,dsp,1392,bf_det_k16_l4_r4_c4_m4_w10g4_d64_s2_q2,52,14613,bf_det_k16_l4_r4_c4_m4_w10g4_d64_s2_q2,52,14613,1,1,0.000000e+00,1,1,1,0
qpsk,32,16,1.000000e+00,19256,lut,1393,bf_det_k16_l4_r4_c4_m3_w10g4_d32_s2_q2,39791,15002,bf_det_k16_l4_r4_c4_m3_w10g4_d32_s2_q2,39791,15002,1,1,0.000000e+00,1,1,1,0
qpsk,32,16,1.000000e+00,19256,ff,1394,bf_det_k16_l4_r4_c4_m3_w10g4_d32_s2_q2,20392,15002,bf_det_k16_l4_r4_c4_m3_w10g4_d32_s2_q2,20392,15002,1,1,0.000000e+00,1,1,1,0
qpsk,32,16,1.000000e+00,19256,bram,1395,bf_det_k16_l16_r16_c16_m4_w10g4_d32_s2_q2,49,3092,bf_det_k16_l16_r16_c16_m4_w10g4_d32_s2_q2,49,3092,1,1,0.000000e+00,1,1,1,0
qpsk,32,16,1.000000e+00,29713,dsp,1396,bf_det_k16_l4_r1_c4_m4_w10g4_d64_s2_q2,28,22833,bf_det_k16_l4_r1_c4_m4_w10g4_d64_s2_q2,28,22833,1,1,0.000000e+00,1,1,1,0
qpsk,32,16,1.000000e+00,29713,lut,1397,bf_det_k16_l4_r1_c4_m3_w10g4_d32_s2_q2,38582,22844,bf_det_k16_l4_r1_c4_m3_w10g4_d32_s2_q2,38582,22844,1,1,0.000000e+00,1,1,1,0
qpsk,32,16,1.000000e+00,29713,ff,1398,bf_det_k16_l4_r1_c4_m3_w10g4_d32_s2_q2,19379,22844,bf_det_k16_l4_r1_c4_m3_w10g4_d32_s2_q2,19379,22844,1,1,0.000000e+00,1,1,1,0
qpsk,32,16,1.000000e+00,29713,bram,1399,bf_det_k16_l16_r16_c16_m4_w10g4_d32_s2_q2,49,3092,bf_det_k16_l16_r16_c16_m4_w10g4_d32_s2_q2,49,3092,1,1,0.000000e+00,1,1,1,0
qpsk,32,16,1.000000e+00,45850,dsp,1400,bf_det_k16_l4_r1_c4_m4_w10g4_d64_s2_q2,28,22833,bf_det_k16_l4_r1_c4_m4_w10g4_d64_s2_q2,28,22833,1,1,0.000000e+00,1,1,1,0
qpsk,32,16,1.000000e+00,45850,lut,1401,bf_det_k16_l1_r4_c4_m3_w10g4_d32_s2_q2,28100,41306,bf_det_k16_l1_r4_c4_m3_w10g4_d32_s2_q2,28100,41306,1,1,0.000000e+00,1,1,1,0
qpsk,32,16,1.000000e+00,45850,ff,1402,bf_det_k16_l1_r4_c4_m3_w10g4_d32_s2_q2,15716,41306,bf_det_k16_l1_r4_c4_m3_w10g4_d32_s2_q2,15716,41306,1,1,0.000000e+00,1,1,1,0
qpsk,32,16,1.000000e+00,45850,bram,1403,bf_det_k16_l1_r16_c4_m4_w10g4_d32_s2_q2,35,37124,bf_det_k16_l1_r16_c4_m4_w10g4_d32_s2_q2,35,37124,1,1,0.000000e+00,1,1,1,0
qpsk,32,16,1.000000e+00,70749,dsp,1404,bf_det_k16_l1_r1_c4_m4_w10g4_d64_s2_q2,13,55269,bf_det_k16_l1_r1_c4_m4_w10g4_d64_s2_q2,13,55269,1,1,0.000000e+00,1,1,1,0
qpsk,32,16,1.000000e+00,70749,lut,1405,bf_det_k16_l1_r1_c4_m3_w10g4_d32_s2_q2,26404,56810,bf_det_k16_l1_r1_c4_m3_w10g4_d32_s2_q2,26404,56810,1,1,0.000000e+00,1,1,1,0
qpsk,32,16,1.000000e+00,70749,ff,1406,bf_det_k16_l1_r1_c4_m3_w10g4_d32_s2_q2,14061,56810,bf_det_k16_l1_r1_c4_m3_w10g4_d32_s2_q2,14061,56810,1,1,0.000000e+00,1,1,1,0
qpsk,32,16,1.000000e+00,70749,bram,1407,bf_det_k16_l1_r16_c4_m4_w10g4_d32_s2_q2,35,37124,bf_det_k16_l1_r16_c4_m4_w10g4_d32_s2_q2,35,37124,1,1,0.000000e+00,1,1,1,0
qpsk,64,4,2.500000e-01,710,dsp,288,bf_det_k4_l16_r4_c16_m4_w10g4_d64_s2_q2,208,647,bf_det_k4_l16_r4_c16_m4_w10g4_d64_s2_q2,208,647,1,1,0.000000e+00,1,1,1,0
qpsk,64,4,2.500000e-01,710,lut,289,bf_det_k4_l16_r4_c16_m3_w12g4_d32_s2_q2,82468,700,bf_det_k4_l16_r4_c16_m3_w12g4_d32_s2_q2,82468,700,1,1,0.000000e+00,1,1,1,0
qpsk,64,4,2.500000e-01,710,ff,290,bf_det_k4_l16_r4_c16_m3_w10g4_d32_s2_q2,43173,660,bf_det_k4_l16_r4_c16_m3_w10g4_d32_s2_q2,43173,660,1,1,0.000000e+00,1,1,1,0
qpsk,64,4,2.500000e-01,710,bram,291,bf_det_k4_l16_r4_c16_m4_w10g4_d32_s2_q2,40,652,bf_det_k4_l16_r4_c16_m4_w10g4_d32_s2_q2,40,652,1,1,0.000000e+00,1,1,1,0
qpsk,64,4,2.500000e-01,1057,dsp,292,bf_det_k4_l16_r1_c16_m4_w10g4_d64_s2_q2,112,947,bf_det_k4_l16_r1_c16_m4_w10g4_d64_s2_q2,112,947,1,1,0.000000e+00,1,1,1,0
qpsk,64,4,2.500000e-01,1057,lut,293,bf_det_k4_l16_r1_c16_m3_w12g4_d32_s2_q2,75948,1024,bf_det_k4_l16_r1_c16_m3_w12g4_d32_s2_q2,75948,1024,1,1,0.000000e+00,1,1,1,0
qpsk,64,4,2.500000e-01,1057,ff,294,bf_det_k4_l16_r1_c16_m3_w10g4_d32_s2_q2,37531,984,bf_det_k4_l16_r1_c16_m3_w10g4_d32_s2_q2,37531,984,1,1,0.000000e+00,1,1,1,0
qpsk,64,4,2.500000e-01,1057,bram,295,bf_det_k4_l16_r4_c16_m4_w10g4_d32_s2_q2,40,652,bf_det_k4_l16_r4_c16_m4_w10g4_d32_s2_q2,40,652,1,1,0.000000e+00,1,1,1,0
qpsk,64,4,2.500000e-01,1573,dsp,296,bf_det_k4_l16_r1_c16_m4_w10g4_d64_s2_q2,112,947,bf_det_k4_l16_r1_c16_m4_w10g4_d64_s2_q2,112,947,1,1,0.000000e+00,1,1,1,0
qpsk,64,4,2.500000e-01,1573,lut,297,bf_det_k4_l16_r1_c16_m3_w12g4_d32_s2_q2,75948,1024,bf_det_k4_l16_r1_c16_m3_w12g4_d32_s2_q2,75948,1024,1,1,0.000000e+00,1,1,1,0
qpsk,64,4,2.500000e-01,1573,ff,298,bf_det_k4_l16_r1_c16_m3_w10g4_d32_s2_q2,37531,984,bf_det_k4_l16_r1_c16_m3_w10g4_d32_s2_q2,37531,984,1,1,0.000000e+00,1,1,1,0
qpsk,64,4,2.500000e-01,1573,bram,299,bf_det_k4_l16_r4_c16_m4_w10g4_d32_s2_q2,40,652,bf_det_k4_l16_r4_c16_m4_w10g4_d32_s2_q2,40,652,1,1,0.000000e+00,1,1,1,0
qpsk,64,4,2.500000e-01,2341,dsp,300,bf_det_k4_l4_r1_c4_m4_w10g4_d64_s2_q2,28,2205,bf_det_k4_l4_r1_c4_m4_w10g4_d64_s2_q2,28,2205,1,1,0.000000e+00,1,1,1,0
qpsk,64,4,2.500000e-01,2341,lut,301,bf_det_k4_l4_r1_c4_m4_w12g4_d32_s2_q2,26748,2346,bf_det_k4_l4_r1_c4_m3_w10g4_d32_s2_q2,26371,2212,1,1,1.430000e+00,1,0,0,0
qpsk,64,4,2.500000e-01,2341,ff,302,bf_det_k4_l4_r1_c4_m4_w10g4_d32_s2_q2,14234,2210,bf_det_k4_l4_r1_c4_m3_w10g4_d32_s2_q2,14069,2212,1,1,1.173000e+00,1,0,0,0
qpsk,64,4,2.500000e-01,2341,bram,303,bf_det_k4_l4_r4_c4_m4_w10g4_d32_s2_q2,16,2092,bf_det_k4_l4_r4_c4_m4_w10g4_d32_s2_q2,16,2092,1,1,0.000000e+00,1,1,1,0
qpsk,64,4,2.500000e-01,3485,dsp,304,bf_det_k4_l4_r1_c4_m4_w10g4_d64_s2_q2,28,2205,bf_det_k4_l4_r1_c4_m4_w10g4_d64_s2_q2,28,2205,1,1,0.000000e+00,1,1,1,0
qpsk,64,4,2.500000e-01,3485,lut,305,bf_det_k4_l4_r1_c4_m3_w12g4_d32_s2_q2,26676,2348,bf_det_k4_l4_r1_c4_m3_w10g4_d32_s2_q2,26371,2212,1,1,1.157000e+00,1,0,0,0
qpsk,64,4,2.500000e-01,3485,ff,306,bf_det_k4_l4_r1_c4_m3_w10g4_d32_s2_q2,14069,2212,bf_det_k4_l4_r1_c4_m3_w10g4_d32_s2_q2,14069,2212,1,1,0.000000e+00,1,1,1,0
qpsk,64,4,2.500000e-01,3485,bram,307,bf_det_k4_l4_r4_c4_m4_w10g4_d32_s2_q2,16,2092,bf_det_k4_l4_r4_c4_m4_w10g4_d32_s2_q2,16,2092,1,1,0.000000e+00,1,1,1,0
qpsk,64,4,2.500000e-01,5188,dsp,308,bf_det_k4_l4_r1_c4_m4_w10g4_d64_s2_q2,28,2205,bf_det_k4_l4_r1_c4_m4_w10g4_d64_s2_q2,28,2205,1,1,0.000000e+00,1,1,1,0
qpsk,64,4,2.500000e-01,5188,lut,309,bf_det_k4_l4_r1_c4_m3_w12g4_d32_s2_q2,26676,2348,bf_det_k4_l4_r1_c4_m3_w10g4_d32_s2_q2,26371,2212,1,1,1.157000e+00,1,0,0,0
qpsk,64,4,2.500000e-01,5188,ff,310,bf_det_k4_l4_r1_c4_m3_w10g4_d32_s2_q2,14069,2212,bf_det_k4_l4_r1_c4_m3_w10g4_d32_s2_q2,14069,2212,1,1,0.000000e+00,1,1,1,0
qpsk,64,4,2.500000e-01,5188,bram,311,bf_det_k4_l4_r4_c4_m4_w10g4_d32_s2_q2,16,2092,bf_det_k4_l4_r4_c4_m4_w10g4_d32_s2_q2,16,2092,1,1,0.000000e+00,1,1,1,0
qpsk,64,4,2.500000e-01,7723,dsp,312,bf_det_k4_l4_r1_c4_m4_w10g4_d64_s2_q2,28,2205,bf_det_k4_l4_r1_c4_m4_w10g4_d64_s2_q2,28,2205,1,1,0.000000e+00,1,1,1,0
qpsk,64,4,2.500000e-01,7723,lut,313,bf_det_k4_l1_r4_c4_m3_w10g4_d32_s2_q2,15882,7340,bf_det_k4_l1_r4_c4_m3_w10g4_d32_s2_q2,15882,7340,1,1,0.000000e+00,1,1,1,0
qpsk,64,4,2.500000e-01,7723,ff,314,bf_det_k4_l1_r4_c4_m3_w10g4_d32_s2_q2,10119,7340,bf_det_k4_l1_r4_c4_m3_w10g4_d32_s2_q2,10119,7340,1,1,0.000000e+00,1,1,1,0
qpsk,64,4,2.500000e-01,7723,bram,315,bf_det_k4_l1_r4_c4_m4_w10g4_d32_s2_q2,14,7308,bf_det_k4_l1_r4_c4_m4_w10g4_d32_s2_q2,14,7308,1,1,0.000000e+00,1,1,1,0
qpsk,64,4,2.500000e-01,11497,dsp,316,bf_det_k4_l1_r1_c4_m4_w10g4_d64_s2_q2,13,7929,bf_det_k4_l1_r1_c4_m4_w10g4_d64_s2_q2,13,7929,1,1,0.000000e+00,1,1,1,0
qpsk,64,4,2.500000e-01,11497,lut,317,bf_det_k4_l1_r1_c4_m3_w10g4_d32_s2_q2,14329,8062,bf_det_k4_l1_r1_c4_m3_w10g4_d32_s2_q2,14329,8062,1,1,0.000000e+00,1,1,1,0
qpsk,64,4,2.500000e-01,11497,ff,318,bf_det_k4_l1_r1_c4_m3_w10g4_d32_s2_q2,8535,8062,bf_det_k4_l1_r1_c4_m3_w10g4_d32_s2_q2,8535,8062,1,1,0.000000e+00,1,1,1,0
qpsk,64,4,2.500000e-01,11497,bram,319,bf_det_k4_l1_r4_c4_m4_w10g4_d32_s2_q2,14,7308,bf_det_k4_l1_r4_c4_m4_w10g4_d32_s2_q2,14,7308,1,1,0.000000e+00,1,1,1,0
qpsk,64,4,5.000000e-01,710,dsp,1408,bf_det_k4_l16_r4_c16_m4_w8g8_d64_s2_q2,176,677,bf_det_k4_l16_r4_c16_m4_w8g8_d64_s2_q2,176,677,1,1,0.000000e+00,1,1,1,0
qpsk,64,4,5.000000e-01,710,lut,1409,bf_det_k4_l16_r4_c16_m3_w8g8_d32_s2_q2,78796,690,bf_det_k4_l16_r4_c16_m3_w8g8_d32_s2_q2,78796,690,1,1,0.000000e+00,1,1,1,0
qpsk,64,4,5.000000e-01,710,ff,1410,bf_det_k4_l16_r4_c16_m3_w8g8_d32_s2_q2,40217,690,bf_det_k4_l16_r4_c16_m3_w8g8_d32_s2_q2,40217,690,1,1,0.000000e+00,1,1,1,0
qpsk,64,4,5.000000e-01,710,bram,1411,bf_det_k4_l16_r4_c16_m4_w8g8_d32_s2_q2,36,682,bf_det_k4_l16_r4_c16_m4_w8g8_d32_s2_q2,36,682,1,1,0.000000e+00,1,1,1,0
qpsk,64,4,5.000000e-01,1066,dsp,1412,bf_det_k4_l16_r1_c16_m4_w8g8_d64_s2_q2,80,977,bf_det_k4_l16_r1_c16_m4_w8g8_d64_s2_q2,80,977,1,1,0.000000e+00,1,1,1,0
qpsk,64,4,5.000000e-01,1066,lut,1413,bf_det_k4_l16_r1_c16_m3_w8g8_d32_s2_q2,73062,1014,bf_det_k4_l16_r1_c16_m3_w8g8_d32_s2_q2,73062,1014,1,1,0.000000e+00,1,1,1,0
qpsk,64,4,5.000000e-01,1066,ff,1414,bf_det_k4_l16_r1_c16_m3_w8g8_d32_s2_q2,35635,1014,bf_det_k4_l16_r1_c16_m3_w8g8_d32_s2_q2,35635,1014,1,1,0.000000e+00,1,1,1,0
qpsk,64,4,5.000000e-01,1066,bram,1415,bf_det_k4_l16_r4_c16_m4_w8g8_d32_s2_q2,36,682,bf_det_k4_l16_r4_c16_m4_w8g8_d32_s2_q2,36,682,1,1,0.000000e+00,1,1,1,0
qpsk,64,4,5.000000e-01,1600,dsp,1416,bf_det_k4_l16_r1_c16_m4_w8g8_d64_s2_q2,80,977,bf_det_k4_l16_r1_c16_m4_w8g8_d64_s2_q2,80,977,1,1,0.000000e+00,1,1,1,0
qpsk,64,4,5.000000e-01,1600,lut,1417,bf_det_k4_l16_r1_c16_m3_w12g0_d32_s2_q2,71283,1400,bf_det_k4_l16_r1_c16_m3_w12g0_d32_s2_q2,71283,1400,1,1,0.000000e+00,1,1,1,0
qpsk,64,4,5.000000e-01,1600,ff,1418,bf_det_k4_l16_r1_c16_m3_w8g8_d32_s2_q2,35635,1014,bf_det_k4_l16_r1_c16_m3_w8g8_d32_s2_q2,35635,1014,1,1,0.000000e+00,1,1,1,0
qpsk,64,4,5.000000e-01,1600,bram,1419,bf_det_k4_l16_r4_c16_m4_w8g8_d32_s2_q2,36,682,bf_det_k4_l16_r4_c16_m4_w8g8_d32_s2_q2,36,682,1,1,0.000000e+00,1,1,1,0
qpsk,64,4,5.000000e-01,2402,dsp,1420,bf_det_k4_l4_r1_c4_m4_w8g8_d64_s2_q2,20,2307,bf_det_k4_l4_r1_c4_m4_w8g8_d64_s2_q2,20,2307,1,1,0.000000e+00,1,1,1,0
qpsk,64,4,5.000000e-01,2402,lut,1421,bf_det_k4_l4_r1_c4_m4_w8g8_d32_s2_q2,25810,2312,bf_det_k4_l4_r1_c4_m3_w8g8_d32_s2_q2,25458,2314,1,1,1.383000e+00,1,0,0,0
qpsk,64,4,5.000000e-01,2402,ff,1422,bf_det_k4_l4_r1_c4_m4_w8g8_d32_s2_q2,13483,2312,bf_det_k4_l4_r1_c4_m3_w8g8_d32_s2_q2,13336,2314,1,1,1.102000e+00,1,0,0,0
qpsk,64,4,5.000000e-01,2402,bram,1423,bf_det_k4_l4_r4_c4_m4_w8g8_d32_s2_q2,12,2194,bf_det_k4_l4_r4_c4_m4_w8g8_d32_s2_q2,12,2194,1,1,0.000000e+00,1,1,1,0
qpsk,64,4,5.000000e-01,3606,dsp,1424,bf_det_k4_l4_r1_c4_m4_w8g8_d64_s2_q2,20,2307,bf_det_k4_l4_r1_c4_m4_w8g8_d64_s2_q2,20,2307,1,1,0.000000e+00,1,1,1,0
qpsk,64,4,5.000000e-01,3606,lut,1425,bf_det_k4_l4_r1_c4_m3_w8g8_d32_s2_q2,25458,2314,bf_det_k4_l4_r1_c4_m3_w12g0_d32_s2_q2,25395,3074,1,1,2.480000e-01,1,0,0,0
qpsk,64,4,5.000000e-01,3606,ff,1426,bf_det_k4_l4_r1_c4_m3_w8g8_d32_s2_q2,13336,2314,bf_det_k4_l4_r1_c4_m3_w8g8_d32_s2_q2,13336,2314,1,1,0.000000e+00,1,1,1,0
qpsk,64,4,5.000000e-01,3606,bram,1427,bf_det_k4_l4_r4_c4_m4_w8g8_d32_s2_q2,12,2194,bf_det_k4_l4_r4_c4_m4_w8g8_d32_s2_q2,12,2194,1,1,0.000000e+00,1,1,1,0
qpsk,64,4,5.000000e-01,5414,dsp,1428,bf_det_k4_l4_r1_c4_m4_w8g8_d64_s2_q2,20,2307,bf_det_k4_l4_r1_c4_m4_w8g8_d64_s2_q2,20,2307,1,1,0.000000e+00,1,1,1,0
qpsk,64,4,5.000000e-01,5414,lut,1429,bf_det_k4_l4_r1_c4_m3_w8g8_d32_s2_q2,25458,2314,bf_det_k4_l4_r1_c4_m3_w12g0_d32_s2_q2,25395,3074,1,1,2.480000e-01,1,0,0,0
qpsk,64,4,5.000000e-01,5414,ff,1430,bf_det_k4_l4_r1_c4_m3_w8g8_d32_s2_q2,13336,2314,bf_det_k4_l4_r1_c4_m3_w8g8_d32_s2_q2,13336,2314,1,1,0.000000e+00,1,1,1,0
qpsk,64,4,5.000000e-01,5414,bram,1431,bf_det_k4_l4_r4_c4_m4_w8g8_d32_s2_q2,12,2194,bf_det_k4_l4_r4_c4_m4_w8g8_d32_s2_q2,12,2194,1,1,0.000000e+00,1,1,1,0
qpsk,64,4,5.000000e-01,8128,dsp,1432,bf_det_k4_l1_r1_c4_m4_w10g4_d64_s2_q2,13,7929,bf_det_k4_l1_r1_c4_m4_w10g4_d64_s2_q2,13,7929,1,1,0.000000e+00,1,1,1,0
qpsk,64,4,5.000000e-01,8128,lut,1433,bf_det_k4_l1_r1_c4_m3_w10g4_d32_s2_q2,14329,8062,bf_det_k4_l1_r1_c4_m3_w10g4_d32_s2_q2,14329,8062,1,1,0.000000e+00,1,1,1,0
qpsk,64,4,5.000000e-01,8128,ff,1434,bf_det_k4_l1_r1_c4_m3_w10g4_d32_s2_q2,8535,8062,bf_det_k4_l1_r1_c4_m3_w10g4_d32_s2_q2,8535,8062,1,1,0.000000e+00,1,1,1,0
qpsk,64,4,5.000000e-01,8128,bram,1435,bf_det_k4_l4_r4_c4_m4_w8g8_d32_s2_q2,12,2194,bf_det_k4_l4_r4_c4_m4_w8g8_d32_s2_q2,12,2194,1,1,0.000000e+00,1,1,1,0
qpsk,64,4,5.000000e-01,12203,dsp,1436,bf_det_k4_l1_r1_c4_m4_w8g8_d64_s2_q2,11,8255,bf_det_k4_l1_r1_c4_m4_w8g8_d64_s2_q2,11,8255,1,1,0.000000e+00,1,1,1,0
qpsk,64,4,5.000000e-01,12203,lut,1437,bf_det_k4_l1_r1_c4_m3_w8g8_d32_s2_q2,14013,8388,bf_det_k4_l1_r1_c4_m3_w8g8_d32_s2_q2,14013,8388,1,1,0.000000e+00,1,1,1,0
qpsk,64,4,5.000000e-01,12203,ff,1438,bf_det_k4_l1_r1_c4_m3_w8g8_d32_s2_q2,8241,8388,bf_det_k4_l1_r1_c4_m3_w8g8_d32_s2_q2,8241,8388,1,1,0.000000e+00,1,1,1,0
qpsk,64,4,5.000000e-01,12203,bram,1439,bf_det_k4_l4_r4_c4_m4_w8g8_d32_s2_q2,12,2194,bf_det_k4_l4_r4_c4_m4_w8g8_d32_s2_q2,12,2194,1,1,0.000000e+00,1,1,1,0
qpsk,64,4,1.000000e+00,710,dsp,1216,bf_det_k4_l16_r4_c16_m4_w8g8_d64_s2_q2,176,677,bf_det_k4_l16_r4_c16_m4_w8g8_d64_s2_q2,176,677,1,1,0.000000e+00,1,1,1,0
qpsk,64,4,1.000000e+00,710,lut,1217,bf_det_k4_l16_r4_c16_m3_w8g8_d32_s2_q2,78796,690,bf_det_k4_l16_r4_c16_m3_w8g8_d32_s2_q2,78796,690,1,1,0.000000e+00,1,1,1,0
qpsk,64,4,1.000000e+00,710,ff,1218,bf_det_k4_l16_r4_c16_m3_w8g8_d32_s2_q2,40217,690,bf_det_k4_l16_r4_c16_m3_w8g8_d32_s2_q2,40217,690,1,1,0.000000e+00,1,1,1,0
qpsk,64,4,1.000000e+00,710,bram,1219,bf_det_k4_l16_r4_c16_m4_w8g8_d32_s2_q2,36,682,bf_det_k4_l16_r4_c16_m4_w8g8_d32_s2_q2,36,682,1,1,0.000000e+00,1,1,1,0
qpsk,64,4,1.000000e+00,1066,dsp,1220,bf_det_k4_l16_r1_c16_m4_w8g8_d64_s2_q2,80,977,bf_det_k4_l16_r1_c16_m4_w8g8_d64_s2_q2,80,977,1,1,0.000000e+00,1,1,1,0
qpsk,64,4,1.000000e+00,1066,lut,1221,bf_det_k4_l16_r1_c16_m3_w8g8_d32_s2_q2,73062,1014,bf_det_k4_l16_r1_c16_m3_w8g8_d32_s2_q2,73062,1014,1,1,0.000000e+00,1,1,1,0
qpsk,64,4,1.000000e+00,1066,ff,1222,bf_det_k4_l16_r1_c16_m3_w8g8_d32_s2_q2,35635,1014,bf_det_k4_l16_r1_c16_m3_w8g8_d32_s2_q2,35635,1014,1,1,0.000000e+00,1,1,1,0
qpsk,64,4,1.000000e+00,1066,bram,1223,bf_det_k4_l16_r4_c16_m4_w8g8_d32_s2_q2,36,682,bf_det_k4_l16_r4_c16_m4_w8g8_d32_s2_q2,36,682,1,1,0.000000e+00,1,1,1,0
qpsk,64,4,1.000000e+00,1600,dsp,1224,bf_det_k4_l16_r1_c16_m4_w8g8_d64_s2_q2,80,977,bf_det_k4_l16_r1_c16_m4_w8g8_d64_s2_q2,80,977,1,1,0.000000e+00,1,1,1,0
qpsk,64,4,1.000000e+00,1600,lut,1225,bf_det_k4_l16_r1_c16_m3_w8g4_d32_s2_q2,69277,1386,bf_det_k4_l16_r1_c16_m3_w8g4_d32_s2_q2,69277,1386,1,1,0.000000e+00,1,1,1,0
qpsk,64,4,1.000000e+00,1600,ff,1226,bf_det_k4_l16_r1_c16_m3_w8g4_d32_s2_q2,32219,1386,bf_det_k4_l16_r1_c16_m3_w8g4_d32_s2_q2,32219,1386,1,1,0.000000e+00,1,1,1,0
qpsk,64,4,1.000000e+00,1600,bram,1227,bf_det_k4_l16_r4_c16_m4_w8g8_d32_s2_q2,36,682,bf_det_k4_l16_r4_c16_m4_w8g8_d32_s2_q2,36,682,1,1,0.000000e+00,1,1,1,0
qpsk,64,4,1.000000e+00,2402,dsp,1228,bf_det_k4_l4_r1_c4_m4_w8g8_d64_s2_q2,20,2307,bf_det_k4_l4_r1_c4_m4_w8g8_d64_s2_q2,20,2307,1,1,0.000000e+00,1,1,1,0
qpsk,64,4,1.000000e+00,2402,lut,1229,bf_det_k4_l4_r1_c4_m4_w8g8_d32_s2_q2,25810,2312,bf_det_k4_l4_r1_c4_m3_w8g8_d32_s2_q2,25458,2314,1,1,1.383000e+00,1,0,0,0
qpsk,64,4,1.000000e+00,2402,ff,1230,bf_det_k4_l4_r1_c4_m4_w8g8_d32_s2_q2,13483,2312,bf_det_k4_l4_r1_c4_m3_w8g8_d32_s2_q2,13336,2314,1,1,1.102000e+00,1,0,0,0
qpsk,64,4,1.000000e+00,2402,bram,1231,bf_det_k4_l4_r4_c4_m4_w8g8_d32_s2_q2,12,2194,bf_det_k4_l4_r4_c4_m4_w8g8_d32_s2_q2,12,2194,1,1,0.000000e+00,1,1,1,0
qpsk,64,4,1.000000e+00,3606,dsp,1232,bf_det_k4_l4_r1_c4_m4_w8g8_d64_s2_q2,20,2307,bf_det_k4_l4_r1_c4_m4_w8g8_d64_s2_q2,20,2307,1,1,0.000000e+00,1,1,1,0
qpsk,64,4,1.000000e+00,3606,lut,1233,bf_det_k4_l4_r1_c4_m3_w8g4_d32_s2_q2,24397,3024,bf_det_k4_l4_r1_c4_m3_w8g4_d32_s2_q2,24397,3024,1,1,0.000000e+00,1,1,1,0
qpsk,64,4,1.000000e+00,3606,ff,1234,bf_det_k4_l4_r1_c4_m3_w8g4_d32_s2_q2,12464,3024,bf_det_k4_l4_r1_c4_m3_w8g4_d32_s2_q2,12464,3024,1,1,0.000000e+00,1,1,1,0
qpsk,64,4,1.000000e+00,3606,bram,1235,bf_det_k4_l4_r4_c4_m4_w8g8_d32_s2_q2,12,2194,bf_det_k4_l4_r4_c4_m4_w8g8_d32_s2_q2,12,2194,1,1,0.000000e+00,1,1,1,0
qpsk,64,4,1.000000e+00,5414,dsp,1236,bf_det_k4_l4_r1_c4_m4_w8g8_d64_s2_q2,20,2307,bf_det_k4_l4_r1_c4_m4_w8g8_d64_s2_q2,20,2307,1,1,0.000000e+00,1,1,1,0
qpsk,64,4,1.000000e+00,5414,lut,1237,bf_det_k4_l4_r1_c4_m3_w8g4_d32_s2_q2,24397,3024,bf_det_k4_l4_r1_c4_m3_w8g4_d32_s2_q2,24397,3024,1,1,0.000000e+00,1,1,1,0
qpsk,64,4,1.000000e+00,5414,ff,1238,bf_det_k4_l4_r1_c4_m3_w8g4_d32_s2_q2,12464,3024,bf_det_k4_l4_r1_c4_m3_w8g4_d32_s2_q2,12464,3024,1,1,0.000000e+00,1,1,1,0
qpsk,64,4,1.000000e+00,5414,bram,1239,bf_det_k4_l4_r4_c4_m4_w8g8_d32_s2_q2,12,2194,bf_det_k4_l4_r4_c4_m4_w8g8_d32_s2_q2,12,2194,1,1,0.000000e+00,1,1,1,0
qpsk,64,4,1.000000e+00,8128,dsp,1240,bf_det_k4_l1_r1_c4_m4_w10g4_d64_s2_q2,13,7929,bf_det_k4_l1_r1_c4_m4_w10g4_d64_s2_q2,13,7929,1,1,0.000000e+00,1,1,1,0
qpsk,64,4,1.000000e+00,8128,lut,1241,bf_det_k4_l1_r1_c4_m3_w10g4_d32_s2_q2,14329,8062,bf_det_k4_l1_r1_c4_m3_w10g4_d32_s2_q2,14329,8062,1,1,0.000000e+00,1,1,1,0
qpsk,64,4,1.000000e+00,8128,ff,1242,bf_det_k4_l1_r1_c4_m3_w10g4_d32_s2_q2,8535,8062,bf_det_k4_l1_r1_c4_m3_w10g4_d32_s2_q2,8535,8062,1,1,0.000000e+00,1,1,1,0
qpsk,64,4,1.000000e+00,8128,bram,1243,bf_det_k4_l4_r4_c4_m4_w8g8_d32_s2_q2,12,2194,bf_det_k4_l4_r4_c4_m4_w8g8_d32_s2_q2,12,2194,1,1,0.000000e+00,1,1,1,0
qpsk,64,4,1.000000e+00,12203,dsp,1244,bf_det_k4_l1_r1_c4_m4_w8g8_d64_s2_q2,11,8255,bf_det_k4_l1_r1_c4_m4_w8g8_d64_s2_q2,11,8255,1,1,0.000000e+00,1,1,1,0
qpsk,64,4,1.000000e+00,12203,lut,1245,bf_det_k4_l1_r1_c4_m3_w8g4_d32_s2_q2,13631,10887,bf_det_k4_l1_r1_c4_m3_w8g4_d32_s2_q2,13631,10887,1,1,0.000000e+00,1,1,1,0
qpsk,64,4,1.000000e+00,12203,ff,1246,bf_det_k4_l1_r1_c4_m3_w8g4_d32_s2_q2,8005,10887,bf_det_k4_l1_r1_c4_m3_w8g4_d32_s2_q2,8005,10887,1,1,0.000000e+00,1,1,1,0
qpsk,64,4,1.000000e+00,12203,bram,1247,bf_det_k4_l4_r4_c4_m4_w8g8_d32_s2_q2,12,2194,bf_det_k4_l4_r4_c4_m4_w8g8_d32_s2_q2,12,2194,1,1,0.000000e+00,1,1,1,0
qpsk,64,8,2.500000e-01,1280,dsp,384,bf_det_k8_l16_r8_c16_m4_w10g4_d64_s2_q2,336,1165,bf_det_k8_l16_r8_c16_m4_w10g4_d64_s2_q2,336,1165,1,1,0.000000e+00,1,1,1,0
qpsk,64,8,2.500000e-01,1280,lut,385,bf_det_k8_l16_r8_c16_m3_w12g4_d32_s2_q2,95533,1242,bf_det_k8_l16_r8_c16_m3_w10g4_d32_s2_q2,94740,1182,1,1,8.370000e-01,1,0,0,0
qpsk,64,8,2.500000e-01,1280,ff,386,bf_det_k8_l16_r8_c16_m3_w10g4_d32_s2_q2,52225,1182,bf_det_k8_l16_r8_c16_m3_w10g4_d32_s2_q2,52225,1182,1,1,0.000000e+00,1,1,1,0
qpsk,64,8,2.500000e-01,1280,bram,387,bf_det_k8_l16_r8_c16_m4_w10g4_d32_s2_q2,45,1170,bf_det_k8_l16_r8_c16_m4_w10g4_d32_s2_q2,45,1170,1,1,0.000000e+00,1,1,1,0
qpsk,64,8,2.500000e-01,1928,dsp,388,bf_det_k8_l16_r4_c16_m4_w10g4_d64_s2_q2,208,1354,bf_det_k8_l16_r4_c16_m4_w10g4_d64_s2_q2,208,1354,1,1,0.000000e+00,1,1,1,0
qpsk,64,8,2.500000e-01,1928,lut,389,bf_det_k8_l16_r4_c16_m3_w12g4_d32_s2_q2,86970,1443,bf_det_k8_l16_r4_c16_m3_w10g4_d32_s2_q2,86689,1383,1,1,3.240000e-01,1,0,0,0
qpsk,64,8,2.500000e-01,1928,ff,390,bf_det_k8_l16_r4_c16_m3_w10g4_d32_s2_q2,44678,1383,bf_det_k8_l16_r4_c16_m3_w10g4_d32_s2_q2,44678,1383,1,1,0.000000e+00,1,1,1,0
qpsk,64,8,2.500000e-01,1928,bram,391,bf_det_k8_l16_r8_c16_m4_w10g4_d32_s2_q2,45,1170,bf_det_k8_l16_r8_c16_m4_w10g4_d32_s2_q2,45,1170,1,1,0.000000e+00,1,1,1,0
qpsk,64,8,2.500000e-01,2905,dsp,392,bf_det_k8_l16_r1_c16_m4_w10g4_d64_s2_q2,112,2383,bf_det_k8_l16_r1_c16_m4_w10g4_d64_s2_q2,112,2383,1,1,0.000000e+00,1,1,1,0
qpsk,64,8,2.500000e-01,2905,lut,393,bf_det_k8_l16_r1_c16_m3_w12g4_d32_s2_q2,80269,2544,bf_det_k8_l16_r1_c16_m3_w12g4_d32_s2_q2,80269,2544,1,1,0.000000e+00,1,1,1,0
qpsk,64,8,2.500000e-01,2905,ff,394,bf_det_k8_l16_r1_c16_m3_w10g4_d32_s2_q2,38938,2484,bf_det_k8_l16_r1_c16_m3_w10g4_d32_s2_q2,38938,2484,1,1,0.000000e+00,1,1,1,0
qpsk,64,8,2.500000e-01,2905,bram,395,bf_det_k8_l16_r8_c16_m4_w10g4_d32_s2_q2,45,1170,bf_det_k8_l16_r8_c16_m4_w10g4_d32_s2_q2,45,1170,1,1,0.000000e+00,1,1,1,0
qpsk,64,8,2.500000e-01,4375,dsp,396,bf_det_k8_l4_r4_c4_m4_w10g4_d64_s2_q2,52,4348,bf_det_k8_l4_r4_c4_m4_w10g4_d64_s2_q2,52,4348,1,1,0.000000e+00,1,1,1,0
qpsk,64,8,2.500000e-01,4375,lut,397,bf_det_k8_l4_r4_c4_m4_w14g0_d32_s2_q2,33004,4377,bf_det_k8_l4_r4_c4_m4_w10g4_d32_s2_q2,33124,4353,1,1,-3.620000e-01,1,0,0,0
qpsk,64,8,2.500000e-01,4375,ff,398,bf_det_k8_l4_r4_c4_m4_w10g4_d32_s2_q2,17028,4353,bf_det_k8_l4_r4_c4_m4_w10g4_d32_s2_q2,17028,4353,1,1,0.000000e+00,1,1,1,0
qpsk,64,8,2.500000e-01,4375,bram,399,bf_det_k8_l4_r8_c4_m4_w10g4_d32_s2_q2,21,3930,bf_det_k8_l4_r8_c4_m4_w10g4_d32_s2_q2,21,3930,1,1,0.000000e+00,1,1,1,0
qpsk,64,8,2.500000e-01,6591,dsp,400,bf_det_k8_l4_r1_c4_m4_w10g4_d64_s2_q2,28,5254,bf_det_k8_l4_r1_c4_m4_w10g4_d64_s2_q2,28,5254,1,1,0.000000e+00,1,1,1,0
qpsk,64,8,2.500000e-01,6591,lut,401,bf_det_k8_l4_r1_c4_m3_w10g4_d32_s2_q2,29959,5262,bf_det_k8_l4_r1_c4_m3_w10g4_d32_s2_q2,29959,5262,1,1,0.000000e+00,1,1,1,0
qpsk,64,8,2.500000e-01,6591,ff,402,bf_det_k8_l4_r1_c4_m3_w10g4_d32_s2_q2,15344,5262,bf_det_k8_l4_r1_c4_m3_w10g4_d32_s2_q2,15344,5262,1,1,0.000000e+00,1,1,1,0
qpsk,64,8,2.500000e-01,6591,bram,403,bf_det_k8_l4_r8_c4_m4_w10g4_d32_s2_q2,21,3930,bf_det_k8_l4_r8_c4_m4_w10g4_d32_s2_q2,21,3930,1,1,0.000000e+00,1,1,1,0
qpsk,64,8,2.500000e-01,9929,dsp,404,bf_det_k8_l4_r1_c4_m4_w10g4_d64_s2_q2,28,5254,bf_det_k8_l4_r1_c4_m4_w10g4_d64_s2_q2,28,5254,1,1,0.000000e+00,1,1,1,0
qpsk,64,8,2.500000e-01,9929,lut,405,bf_det_k8_l4_r1_c4_m3_w10g4_d32_s2_q2,29959,5262,bf_det_k8_l4_r1_c4_m3_w10g4_d32_s2_q2,29959,5262,1,1,0.000000e+00,1,1,1,0
qpsk,64,8,2.500000e-01,9929,ff,406,bf_det_k8_l4_r1_c4_m3_w10g4_d32_s2_q2,15344,5262,bf_det_k8_l4_r1_c4_m3_w10g4_d32_s2_q2,15344,5262,1,1,0.000000e+00,1,1,1,0
qpsk,64,8,2.500000e-01,9929,bram,407,bf_det_k8_l4_r8_c4_m4_w10g4_d32_s2_q2,21,3930,bf_det_k8_l4_r8_c4_m4_w10g4_d32_s2_q2,21,3930,1,1,0.000000e+00,1,1,1,0
qpsk,64,8,2.500000e-01,14958,dsp,408,bf_det_k8_l4_r1_c4_m4_w10g4_d64_s2_q2,28,5254,bf_det_k8_l4_r1_c4_m4_w10g4_d64_s2_q2,28,5254,1,1,0.000000e+00,1,1,1,0
qpsk,64,8,2.500000e-01,14958,lut,409,bf_det_k8_l1_r4_c4_m3_w10g4_d32_s2_q2,19283,14121,bf_det_k8_l1_r4_c4_m3_w10g4_d32_s2_q2,19283,14121,1,1,0.000000e+00,1,1,1,0
qpsk,64,8,2.500000e-01,14958,ff,410,bf_det_k8_l1_r4_c4_m3_w10g4_d32_s2_q2,11376,14121,bf_det_k8_l1_r4_c4_m3_w10g4_d32_s2_q2,11376,14121,1,1,0.000000e+00,1,1,1,0
qpsk,64,8,2.500000e-01,14958,bram,411,bf_det_k8_l1_r8_c4_m4_w10g4_d32_s2_q2,19,13578,bf_det_k8_l1_r8_c4_m4_w10g4_d32_s2_q2,19,13578,1,1,0.000000e+00,1,1,1,0
qpsk,64,8,2.500000e-01,22535,dsp,412,bf_det_k8_l1_r1_c4_m4_w10g4_d64_s2_q2,13,16456,bf_det_k8_l1_r1_c4_m4_w10g4_d64_s2_q2,13,16456,1,1,0.000000e+00,1,1,1,0
qpsk,64,8,2.500000e-01,22535,lut,413,bf_det_k8_l1_r1_c4_m3_w10g4_d32_s2_q2,17641,16845,bf_det_k8_l1_r1_c4_m3_w10g4_d32_s2_q2,17641,16845,1,1,0.000000e+00,1,1,1,0
qpsk,64,8,2.500000e-01,22535,ff,414,bf_det_k8_l1_r1_c4_m3_w10g4_d32_s2_q2,9755,16845,bf_det_k8_l1_r1_c4_m3_w10g4_d32_s2_q2,9755,16845,1,1,0.000000e+00,1,1,1,0
qpsk,64,8,2.500000e-01,22535,bram,415,bf_det_k8_l1_r8_c4_m4_w10g4_d32_s2_q2,19,13578,bf_det_k8_l1_r8_c4_m4_w10g4_d32_s2_q2,19,13578,1,1,0.000000e+00,1,1,1,0
qpsk,64,8,5.000000e-01,833,dsp,1440,bf_det_k8_l16_r8_c16_m4_w10g4_d64_s2_q2,336,791,bf_det_k8_l16_r8_c16_m4_w10g4_d64_s2_q2,336,791,1,1,0.000000e+00,1,1,1,0
qpsk,64,8,5.000000e-01,833,lut,1441,bf_det_k8_l16_r8_c16_m3_w12g0_d32_s2_q2,90868,764,bf_det_k8_l16_r8_c16_m3_w12g0_d32_s2_q2,90868,764,1,1,0.000000e+00,1,1,1,0
qpsk,64,8,5.000000e-01,833,ff,1442,bf_det_k8_l16_r8_c16_m3_w10g4_d32_s2_q2,52225,804,bf_det_k8_l16_r8_c16_m3_w10g4_d32_s2_q2,52225,804,1,1,0.000000e+00,1,1,1,0
qpsk,64,8,5.000000e-01,833,bram,1443,bf_det_k8_l16_r8_c16_m4_w10g4_d32_s2_q2,45,796,bf_det_k8_l16_r8_c16_m4_w10g4_d32_s2_q2,45,796,1,1,0.000000e+00,1,1,1,0
qpsk,64,8,5.000000e-01,1261,dsp,1444,bf_det_k8_l16_r4_c16_m4_w10g4_d64_s2_q2,208,917,bf_det_k8_l16_r4_c16_m4_w10g4_d64_s2_q2,208,917,1,1,0.000000e+00,1,1,1,0
qpsk,64,8,5.000000e-01,1261,lut,1445,bf_det_k8_l16_r4_c16_m3_w12g0_d32_s2_q2,82305,898,bf_det_k8_l16_r4_c16_m3_w12g0_d32_s2_q2,82305,898,1,1,0.000000e+00,1,1,1,0
qpsk,64,8,5.000000e-01,1261,ff,1446,bf_det_k8_l16_r4_c16_m3_w10g4_d32_s2_q2,44678,938,bf_det_k8_l16_r4_c16_m3_w10g4_d32_s2_q2,44678,938,1,1,0.000000e+00,1,1,1,0
qpsk,64,8,5.000000e-01,1261,bram,1447,bf_det_k8_l16_r8_c16_m4_w10g4_d32_s2_q2,45,796,bf_det_k8_l16_r8_c16_m4_w10g4_d32_s2_q2,45,796,1,1,0.000000e+00,1,1,1,0
qpsk,64,8,5.000000e-01,1909,dsp,1448,bf_det_k8_l16_r1_c16_m4_w10g4_d64_s2_q2,112,1603,bf_det_k8_l16_r1_c16_m4_w10g4_d64_s2_q2,112,1603,1,1,0.000000e+00,1,1,1,0
qpsk,64,8,5.000000e-01,1909,lut,1449,bf_det_k8_l16_r1_c16_m3_w12g0_d32_s2_q2,75604,1632,bf_det_k8_l16_r1_c16_m3_w12g0_d32_s2_q2,75604,1632,1,1,0.000000e+00,1,1,1,0
qpsk,64,8,5.000000e-01,1909,ff,1450,bf_det_k8_l16_r1_c16_m3_w12g0_d32_s2_q2,40894,1632,bf_det_k8_l16_r1_c16_m3_w10g4_d32_s2_q2,38938,1672,1,1,5.023000e+00,1,0,0,0
qpsk,64,8,5.000000e-01,1909,bram,1451,bf_det_k8_l16_r8_c16_m4_w10g4_d32_s2_q2,45,796,bf_det_k8_l16_r8_c16_m4_w10g4_d32_s2_q2,45,796,1,1,0.000000e+00,1,1,1,0
qpsk,64,8,5.000000e-01,2892,dsp,1452,bf_det_k8_l4_r8_c4_m4_w10g4_d64_s2_q2,84,2663,bf_det_k8_l4_r8_c4_m4_w10g4_d64_s2_q2,84,2663,1,1,0.000000e+00,1,1,1,0
qpsk,64,8,5.000000e-01,2892,lut,1453,bf_det_k8_l4_r4_c4_m4_w12g0_d32_s2_q2,30824,2814,bf_det_k8_l4_r4_c4_m3_w12g0_d32_s2_q2,30664,2878,1,1,5.220000e-01,1,0,0,0
qpsk,64,8,5.000000e-01,2892,ff,1454,bf_det_k8_l4_r4_c4_m4_w12g0_d32_s2_q2,18391,2814,bf_det_k8_l4_r4_c4_m3_w12g0_d32_s2_q2,17565,2878,1,1,4.703000e+00,1,0,0,0
qpsk,64,8,5.000000e-01,2892,bram,1455,bf_det_k8_l4_r8_c4_m4_w10g4_d32_s2_q2,21,2668,bf_det_k8_l4_r8_c4_m4_w10g4_d32_s2_q2,21,2668,1,1,0.000000e+00,1,1,1,0
qpsk,64,8,5.000000e-01,4380,dsp,1456,bf_det_k8_l4_r1_c4_m4_w10g4_d64_s2_q2,28,3549,bf_det_k8_l4_r1_c4_m4_w10g4_d64_s2_q2,28,3549,1,1,0.000000e+00,1,1,1,0
qpsk,64,8,5.000000e-01,4380,lut,1457,bf_det_k8_l4_r1_c4_m3_w12g0_d32_s2_q2,29411,3420,bf_det_k8_l4_r1_c4_m3_w12g0_d32_s2_q2,29411,3420,1,1,0.000000e+00,1,1,1,0
qpsk,64,8,5.000000e-01,4380,ff,1458,bf_det_k8_l4_r1_c4_m3_w10g4_d32_s2_q2,15344,3556,bf_det_k8_l4_r1_c4_m3_w10g4_d32_s2_q2,15344,3556,1,1,0.000000e+00,1,1,1,0
qpsk,64,8,5.000000e-01,4380,bram,1459,bf_det_k8_l4_r8_c4_m4_w10g4_d32_s2_q2,21,2668,bf_det_k8_l4_r8_c4_m4_w10g4_d32_s2_q2,21,2668,1,1,0.000000e+00,1,1,1,0
qpsk,64,8,5.000000e-01,6633,dsp,1460,bf_det_k8_l4_r1_c4_m4_w10g4_d64_s2_q2,28,3549,bf_det_k8_l4_r1_c4_m4_w10g4_d64_s2_q2,28,3549,1,1,0.000000e+00,1,1,1,0
qpsk,64,8,5.000000e-01,6633,lut,1461,bf_det_k8_l4_r1_c4_m3_w12g0_d32_s2_q2,29411,3420,bf_det_k8_l4_r1_c4_m3_w12g0_d32_s2_q2,29411,3420,1,1,0.000000e+00,1,1,1,0
qpsk,64,8,5.000000e-01,6633,ff,1462,bf_det_k8_l4_r1_c4_m3_w10g4_d32_s2_q2,15344,3556,bf_det_k8_l4_r1_c4_m3_w10g4_d32_s2_q2,15344,3556,1,1,0.000000e+00,1,1,1,0
qpsk,64,8,5.000000e-01,6633,bram,1463,bf_det_k8_l4_r8_c4_m4_w10g4_d32_s2_q2,21,2668,bf_det_k8_l4_r8_c4_m4_w10g4_d32_s2_q2,21,2668,1,1,0.000000e+00,1,1,1,0
qpsk,64,8,5.000000e-01,10047,dsp,1464,bf_det_k8_l4_r1_c4_m4_w10g4_d64_s2_q2,28,3549,bf_det_k8_l4_r1_c4_m4_w10g4_d64_s2_q2,28,3549,1,1,0.000000e+00,1,1,1,0
qpsk,64,8,5.000000e-01,10047,lut,1465,bf_det_k8_l1_r4_c4_m3_w10g4_d32_s2_q2,19283,9590,bf_det_k8_l1_r4_c4_m3_w10g4_d32_s2_q2,19283,9590,1,1,0.000000e+00,1,1,1,0
qpsk,64,8,5.000000e-01,10047,ff,1466,bf_det_k8_l1_r4_c4_m3_w10g4_d32_s2_q2,11376,9590,bf_det_k8_l1_r4_c4_m3_w10g4_d32_s2_q2,11376,9590,1,1,0.000000e+00,1,1,1,0
qpsk,64,8,5.000000e-01,10047,bram,1467,bf_det_k8_l1_r8_c4_m4_w10g4_d32_s2_q2,19,9228,bf_det_k8_l1_r8_c4_m4_w10g4_d32_s2_q2,19,9228,1,1,0.000000e+00,1,1,1,0
qpsk,64,8,5.000000e-01,15217,dsp,1468,bf_det_k8_l1_r1_c4_m4_w10g4_d64_s2_q2,13,11145,bf_det_k8_l1_r1_c4_m4_w10g4_d64_s2_q2,13,11145,1,1,0.000000e+00,1,1,1,0
qpsk,64,8,5.000000e-01,15217,lut,1469,bf_det_k8_l1_r1_c4_m3_w10g4_d32_s2_q2,17641,11406,bf_det_k8_l1_r1_c4_m3_w10g4_d32_s2_q2,17641,11406,1,1,0.000000e+00,1,1,1,0
qpsk,64,8,5.000000e-01,15217,ff,1470,bf_det_k8_l1_r1_c4_m3_w10g4_d32_s2_q2,9755,11406,bf_det_k8_l1_r1_c4_m3_w10g4_d32_s2_q2,9755,11406,1,1,0.000000e+00,1,1,1,0
qpsk,64,8,5.000000e-01,15217,bram,1471,bf_det_k8_l1_r8_c4_m4_w10g4_d32_s2_q2,19,9228,bf_det_k8_l1_r8_c4_m4_w10g4_d32_s2_q2,19,9228,1,1,0.000000e+00,1,1,1,0
qpsk,64,8,1.000000e+00,826,dsp,1472,bf_det_k8_l16_r8_c16_m4_w8g4_d64_s2_q2,304,741,bf_det_k8_l16_r8_c16_m4_w8g4_d64_s2_q2,304,741,1,1,0.000000e+00,1,1,1,0
qpsk,64,8,1.000000e+00,826,lut,1473,bf_det_k8_l16_r8_c16_m3_w8g4_d32_s2_q2,86328,754,bf_det_k8_l16_r8_c16_m3_w8g4_d32_s2_q2,86328,754,1,1,0.000000e+00,1,1,1,0
qpsk,64,8,1.000000e+00,826,ff,1474,bf_det_k8_l16_r8_c16_m3_w8g4_d32_s2_q2,44207,754,bf_det_k8_l16_r8_c16_m3_w8g4_d32_s2_q2,44207,754,1,1,0.000000e+00,1,1,1,0
qpsk,64,8,1.000000e+00,826,bram,1475,bf_det_k8_l16_r8_c16_m4_w8g4_d32_s2_q2,40,746,bf_det_k8_l16_r8_c16_m4_w8g4_d32_s2_q2,40,746,1,1,0.000000e+00,1,1,1,0
qpsk,64,8,1.000000e+00,1252,dsp,1476,bf_det_k8_l16_r4_c16_m4_w8g4_d64_s2_q2,176,867,bf_det_k8_l16_r4_c16_m4_w8g4_d64_s2_q2,176,867,1,1,0.000000e+00,1,1,1,0
qpsk,64,8,1.000000e+00,1252,lut,1477,bf_det_k8_l16_r4_c16_m3_w8g4_d32_s2_q2,78789,888,bf_det_k8_l16_r4_c16_m3_w8g4_d32_s2_q2,78789,888,1,1,0.000000e+00,1,1,1,0
qpsk,64,8,1.000000e+00,1252,ff,1478,bf_det_k8_l16_r4_c16_m3_w8g4_d32_s2_q2,38068,888,bf_det_k8_l16_r4_c16_m3_w8g4_d32_s2_q2,38068,888,1,1,0.000000e+00,1,1,1,0
qpsk,64,8,1.000000e+00,1252,bram,1479,bf_det_k8_l16_r8_c16_m4_w8g4_d32_s2_q2,40,746,bf_det_k8_l16_r8_c16_m4_w8g4_d32_s2_q2,40,746,1,1,0.000000e+00,1,1,1,0
qpsk,64,8,1.000000e+00,1898,dsp,1480,bf_det_k8_l16_r1_c16_m4_w8g4_d64_s2_q2,80,1553,bf_det_k8_l16_r1_c16_m4_w8g4_d64_s2_q2,80,1553,1,1,0.000000e+00,1,1,1,0
qpsk,64,8,1.000000e+00,1898,lut,1481,bf_det_k8_l16_r1_c16_m3_w8g4_d32_s2_q2,72898,1622,bf_det_k8_l16_r1_c16_m3_w8g4_d32_s2_q2,72898,1622,1,1,0.000000e+00,1,1,1,0
qpsk,64,8,1.000000e+00,1898,ff,1482,bf_det_k8_l16_r1_c16_m3_w8g4_d32_s2_q2,33388,1622,bf_det_k8_l16_r1_c16_m3_w8g4_d32_s2_q2,33388,1622,1,1,0.000000e+00,1,1,1,0
qpsk,64,8,1.000000e+00,1898,bram,1483,bf_det_k8_l16_r8_c16_m4_w8g4_d32_s2_q2,40,746,bf_det_k8_l16_r8_c16_m4_w8g4_d32_s2_q2,40,746,1,1,0.000000e+00,1,1,1,0
qpsk,64,8,1.000000e+00,2878,dsp,1484,bf_det_k8_l4_r4_c4_m4_w8g4_d64_s2_q2,44,2775,bf_det_k8_l4_r4_c4_m4_w8g4_d64_s2_q2,44,2775,1,1,0.000000e+00,1,1,1,0
qpsk,64,8,1.000000e+00,2878,lut,1485,bf_det_k8_l4_r4_c4_m4_w8g4_d32_s2_q2,29942,2780,bf_det_k8_l4_r4_c4_m3_w8g4_d32_s2_q2,28662,2844,1,1,4.466000e+00,1,0,0,0
qpsk,64,8,1.000000e+00,2878,ff,1486,bf_det_k8_l4_r4_c4_m4_w8g4_d32_s2_q2,14828,2780,bf_det_k8_l4_r4_c4_m3_w8g4_d32_s2_q2,14282,2844,1,1,3.823000e+00,1,0,0,0
qpsk,64,8,1.000000e+00,2878,bram,1487,bf_det_k8_l4_r8_c4_m4_w8g4_d32_s2_q2,16,2498,bf_det_k8_l4_r8_c4_m4_w8g4_d32_s2_q2,16,2498,1,1,0.000000e+00,1,1,1,0
qpsk,64,8,1.000000e+00,4364,dsp,1488,bf_det_k8_l4_r1_c4_m4_w8g4_d64_s2_q2,20,3379,bf_det_k8_l4_r1_c4_m4_w8g4_d64_s2_q2,20,3379,1,1,0.000000e+00,1,1,1,0
qpsk,64,8,1.000000e+00,4364,lut,1489,bf_det_k8_l4_r1_c4_m3_w8g4_d32_s2_q2,27553,3386,bf_det_k8_l4_r1_c4_m3_w8g4_d32_s2_q2,27553,3386,1,1,0.000000e+00,1,1,1,0
qpsk,64,8,1.000000e+00,4364,ff,1490,bf_det_k8_l4_r1_c4_m3_w8g4_d32_s2_q2,13504,3386,bf_det_k8_l4_r1_c4_m3_w8g4_d32_s2_q2,13504,3386,1,1,0.000000e+00,1,1,1,0
qpsk,64,8,1.000000e+00,4364,bram,1491,bf_det_k8_l4_r8_c4_m4_w8g4_d32_s2_q2,16,2498,bf_det_k8_l4_r8_c4_m4_w8g4_d32_s2_q2,16,2498,1,1,0.000000e+00,1,1,1,0
qpsk,64,8,1.000000e+00,6617,dsp,1492,bf_det_k8_l4_r1_c4_m4_w8g4_d64_s2_q2,20,3379,bf_det_k8_l4_r1_c4_m4_w8g4_d64_s2_q2,20,3379,1,1,0.000000e+00,1,1,1,0
qpsk,64,8,1.000000e+00,6617,lut,1493,bf_det_k8_l4_r1_c4_m3_w8g4_d32_s2_q2,27553,3386,bf_det_k8_l4_r1_c4_m3_w8g4_d32_s2_q2,27553,3386,1,1,0.000000e+00,1,1,1,0
qpsk,64,8,1.000000e+00,6617,ff,1494,bf_det_k8_l4_r1_c4_m3_w8g4_d32_s2_q2,13504,3386,bf_det_k8_l4_r1_c4_m3_w8g4_d32_s2_q2,13504,3386,1,1,0.000000e+00,1,1,1,0
qpsk,64,8,1.000000e+00,6617,bram,1495,bf_det_k8_l4_r8_c4_m4_w8g4_d32_s2_q2,16,2498,bf_det_k8_l4_r8_c4_m4_w8g4_d32_s2_q2,16,2498,1,1,0.000000e+00,1,1,1,0
qpsk,64,8,1.000000e+00,10035,dsp,1496,bf_det_k8_l4_r1_c4_m4_w8g4_d64_s2_q2,20,3379,bf_det_k8_l4_r1_c4_m4_w8g4_d64_s2_q2,20,3379,1,1,0.000000e+00,1,1,1,0
qpsk,64,8,1.000000e+00,10035,lut,1497,bf_det_k8_l1_r4_c4_m3_w8g4_d32_s2_q2,18064,8876,bf_det_k8_l1_r4_c4_m3_w8g4_d32_s2_q2,18064,8876,1,1,0.000000e+00,1,1,1,0
qpsk,64,8,1.000000e+00,10035,ff,1498,bf_det_k8_l1_r4_c4_m3_w8g4_d32_s2_q2,10314,8876,bf_det_k8_l1_r4_c4_m3_w8g4_d32_s2_q2,10314,8876,1,1,0.000000e+00,1,1,1,0
qpsk,64,8,1.000000e+00,10035,bram,1499,bf_det_k8_l4_r8_c4_m4_w8g4_d32_s2_q2,16,2498,bf_det_k8_l4_r8_c4_m4_w8g4_d32_s2_q2,16,2498,1,1,0.000000e+00,1,1,1,0
qpsk,64,8,1.000000e+00,15217,dsp,1500,bf_det_k8_l1_r1_c4_m4_w8g4_d64_s2_q2,11,10431,bf_det_k8_l1_r1_c4_m4_w8g4_d64_s2_q2,11,10431,1,1,0.000000e+00,1,1,1,0
qpsk,64,8,1.000000e+00,15217,lut,1501,bf_det_k8_l1_r1_c4_m3_w8g4_d32_s2_q2,16546,10692,bf_det_k8_l1_r1_c4_m3_w8g4_d32_s2_q2,16546,10692,1,1,0.000000e+00,1,1,1,0
qpsk,64,8,1.000000e+00,15217,ff,1502,bf_det_k8_l1_r1_c4_m3_w8g4_d32_s2_q2,8989,10692,bf_det_k8_l1_r1_c4_m3_w8g4_d32_s2_q2,8989,10692,1,1,0.000000e+00,1,1,1,0
qpsk,64,8,1.000000e+00,15217,bram,1503,bf_det_k8_l4_r8_c4_m4_w8g4_d32_s2_q2,16,2498,bf_det_k8_l4_r8_c4_m4_w8g4_d32_s2_q2,16,2498,1,1,0.000000e+00,1,1,1,0
qpsk,64,16,2.500000e-01,2292,dsp,1504,bf_det_k16_l16_r16_c16_m4_w10g4_d64_s2_q2,592,2083,bf_det_k16_l16_r16_c16_m4_w10g4_d64_s2_q2,592,2083,1,1,0.000000e+00,1,1,1,0
qpsk,64,16,2.500000e-01,2292,lut,1505,bf_det_k16_l16_r16_c16_m3_w10g4_d32_s2_q2,120256,2104,bf_det_k16_l16_r16_c16_m3_w10g4_d32_s2_q2,120256,2104,1,1,0.000000e+00,1,1,1,0
qpsk,64,16,2.500000e-01,2292,ff,1506,bf_det_k16_l16_r16_c16_m3_w10g4_d32_s2_q2,72365,2104,bf_det_k16_l16_r16_c16_m3_w10g4_d32_s2_q2,72365,2104,1,1,0.000000e+00,1,1,1,0
qpsk,64,16,2.500000e-01,2292,bram,1507,bf_det_k16_l16_r16_c16_m4_w10g4_d32_s2_q2,49,2088,bf_det_k16_l16_r16_c16_m4_w10g4_d32_s2_q2,49,2088,1,1,0.000000e+00,1,1,1,0
qpsk,64,16,2.500000e-01,3534,dsp,1508,bf_det_k16_l16_r4_c16_m4_w10g4_d64_s2_q2,208,3007,bf_det_k16_l16_r4_c16_m4_w10g4_d64_s2_q2,208,3007,1,1,0.000000e+00,1,1,1,0
qpsk,64,16,2.500000e-01,3534,lut,1509,bf_det_k16_l16_r4_c16_m3_w12g4_d32_s2_q2,97624,3156,bf_det_k16_l16_r4_c16_m3_w10g4_d32_s2_q2,96309,3076,1,1,1.365000e+00,1,0,0,0
qpsk,64,16,2.500000e-01,3534,ff,1510,bf_det_k16_l16_r4_c16_m3_w10g4_d32_s2_q2,49331,3076,bf_det_k16_l16_r4_c16_m3_w10g4_d32_s2_q2,49331,3076,1,1,0.000000e+00,1,1,1,0
qpsk,64,16,2.500000e-01,3534,bram,1511,bf_det_k16_l16_r16_c16_m4_w10g4_d32_s2_q2,49,2088,bf_det_k16_l16_r16_c16_m4_w10g4_d32_s2_q2,49,2088,1,1,0.000000e+00,1,1,1,0
qpsk,64,16,2.500000e-01,5450,dsp,1512,bf_det_k16_l16_r4_c16_m4_w10g4_d64_s2_q2,208,3007,bf_det_k16_l16_r4_c16_m4_w10g4_d64_s2_q2,208,3007,1,1,0.000000e+00,1,1,1,0
qpsk,64,16,2.500000e-01,5450,lut,1513,bf_det_k16_l16_r4_c16_m3_w12g4_d32_s2_q2,97624,3156,bf_det_k16_l16_r4_c16_m3_w10g4_d32_s2_q2,96309,3076,1,1,1.365000e+00,1,0,0,0
qpsk,64,16,2.500000e-01,5450,ff,1514,bf_det_k16_l16_r4_c16_m3_w10g4_d32_s2_q2,49331,3076,bf_det_k16_l16_r4_c16_m3_w10g4_d32_s2_q2,49331,3076,1,1,0.000000e+00,1,1,1,0
qpsk,64,16,2.500000e-01,5450,bram,1515,bf_det_k16_l16_r16_c16_m4_w10g4_d32_s2_q2,49,2088,bf_det_k16_l16_r16_c16_m4_w10g4_d32_s2_q2,49,2088,1,1,0.000000e+00,1,1,1,0
qpsk,64,16,2.500000e-01,8405,dsp,1516,bf_det_k16_l16_r1_c16_m4_w10g4_d64_s2_q2,112,6523,bf_det_k16_l16_r1_c16_m4_w10g4_d64_s2_q2,112,6523,1,1,0.000000e+00,1,1,1,0
qpsk,64,16,2.500000e-01,8405,lut,1517,bf_det_k16_l4_r16_c4_m3_w10g4_d32_s2_q2,45943,7464,bf_det_k16_l4_r16_c4_m3_w10g4_d32_s2_q2,45943,7464,1,1,0.000000e+00,1,1,1,0
qpsk,64,16,2.500000e-01,8405,ff,1518,bf_det_k16_l4_r16_c4_m3_w10g4_d32_s2_q2,26159,7464,bf_det_k16_l4_r16_c4_m3_w10g4_d32_s2_q2,26159,7464,1,1,0.000000e+00,1,1,1,0
qpsk,64,16,2.500000e-01,8405,bram,1519,bf_det_k16_l16_r16_c16_m4_w10g4_d32_s2_q2,49,2088,bf_det_k16_l16_r16_c16_m4_w10g4_d32_s2_q2,49,2088,1,1,0.000000e+00,1,1,1,0
qpsk,64,16,2.500000e-01,12963,dsp,1520,bf_det_k16_l4_r4_c4_m4_w10g4_d64_s2_q2,52,9831,bf_det_k16_l4_r4_c4_m4_w10g4_d64_s2_q2,52,9831,1,1,0.000000e+00,1,1,1,0
qpsk,64,16,2.500000e-01,12963,lut,1521,bf_det_k16_l4_r4_c4_m3_w10g4_d32_s2_q2,39791,10092,bf_det_k16_l4_r4_c4_m3_w10g4_d32_s2_q2,39791,10092,1,1,0.000000e+00,1,1,1,0
qpsk,64,16,2.500000e-01,12963,ff,1522,bf_det_k16_l4_r4_c4_m3_w10g4_d32_s2_q2,20392,10092,bf_det_k16_l4_r4_c4_m3_w10g4_d32_s2_q2,20392,10092,1,1,0.000000e+00,1,1,1,0
qpsk,64,16,2.500000e-01,12963,bram,1523,bf_det_k16_l16_r16_c16_m4_w10g4_d32_s2_q2,49,2088,bf_det_k16_l16_r16_c16_m4_w10g4_d32_s2_q2,49,2088,1,1,0.000000e+00,1,1,1,0
qpsk,64,16,2.500000e-01,19991,dsp,1524,bf_det_k16_l4_r1_c4_m4_w10g4_d64_s2_q2,28,15311,bf_det_k16_l4_r1_c4_m4_w10g4_d64_s2_q2,28,15311,1,1,0.000000e+00,1,1,1,0
qpsk,64,16,2.500000e-01,19991,lut,1525,bf_det_k16_l4_r1_c4_m3_w10g4_d32_s2_q2,38582,15320,bf_det_k16_l4_r1_c4_m3_w10g4_d32_s2_q2,38582,15320,1,1,0.000000e+00,1,1,1,0
qpsk,64,16,2.500000e-01,19991,ff,1526,bf_det_k16_l4_r1_c4_m3_w10g4_d32_s2_q2,19379,15320,bf_det_k16_l4_r1_c4_m3_w10g4_d32_s2_q2,19379,15320,1,1,0.000000e+00,1,1,1,0
qpsk,64,16,2.500000e-01,19991,bram,1527,bf_det_k16_l16_r16_c16_m4_w10g4_d32_s2_q2,49,2088,bf_det_k16_l16_r16_c16_m4_w10g4_d32_s2_q2,49,2088,1,1,0.000000e+00,1,1,1,0
qpsk,64,16,2.500000e-01,30831,dsp,1528,bf_det_k16_l4_r1_c4_m4_w10g4_d64_s2_q2,28,15311,bf_det_k16_l4_r1_c4_m4_w10g4_d64_s2_q2,28,15311,1,1,0.000000e+00,1,1,1,0
qpsk,64,16,2.500000e-01,30831,lut,1529,bf_det_k16_l1_r4_c4_m3_w10g4_d32_s2_q2,28100,27884,bf_det_k16_l1_r4_c4_m3_w10g4_d32_s2_q2,28100,27884,1,1,0.000000e+00,1,1,1,0
qpsk,64,16,2.500000e-01,30831,ff,1530,bf_det_k16_l1_r4_c4_m3_w10g4_d32_s2_q2,15716,27884,bf_det_k16_l1_r4_c4_m3_w10g4_d32_s2_q2,15716,27884,1,1,0.000000e+00,1,1,1,0
qpsk,64,16,2.500000e-01,30831,bram,1531,bf_det_k16_l1_r16_c4_m4_w10g4_d32_s2_q2,35,25096,bf_det_k16_l1_r16_c4_m4_w10g4_d32_s2_q2,35,25096,1,1,0.000000e+00,1,1,1,0
qpsk,64,16,2.500000e-01,47548,dsp,1532,bf_det_k16_l1_r1_c4_m4_w10g4_d64_s2_q2,13,37191,bf_det_k16_l1_r1_c4_m4_w10g4_d64_s2_q2,13,37191,1,1,0.000000e+00,1,1,1,0
qpsk,64,16,2.500000e-01,47548,lut,1533,bf_det_k16_l1_r1_c4_m3_w10g4_d32_s2_q2,26404,38220,bf_det_k16_l1_r1_c4_m3_w10g4_d32_s2_q2,26404,38220,1,1,0.000000e+00,1,1,1,0
qpsk,64,16,2.500000e-01,47548,ff,1534,bf_det_k16_l1_r1_c4_m3_w10g4_d32_s2_q2,14061,38220,bf_det_k16_l1_r1_c4_m3_w10g4_d32_s2_q2,14061,38220,1,1,0.000000e+00,1,1,1,0
qpsk,64,16,2.500000e-01,47548,bram,1535,bf_det_k16_l1_r16_c4_m4_w10g4_d32_s2_q2,35,25096,bf_det_k16_l1_r16_c4_m4_w10g4_d32_s2_q2,35,25096,1,1,0.000000e+00,1,1,1,0
qpsk,64,16,5.000000e-01,1685,dsp,1536,bf_det_k16_l16_r16_c16_m4_w10g4_d64_s2_q2,592,1581,bf_det_k16_l16_r16_c16_m4_w10g4_d64_s2_q2,592,1581,1,1,0.000000e+00,1,1,1,0
qpsk,64,16,5.000000e-01,1685,lut,1537,bf_det_k16_l16_r16_c16_m3_w12g0_d32_s2_q2,118466,1538,bf_det_k16_l16_r16_c16_m3_w12g0_d32_s2_q2,118466,1538,1,1,0.000000e+00,1,1,1,0
qpsk,64,16,5.000000e-01,1685,ff,1538,bf_det_k16_l16_r16_c16_m3_w10g4_d32_s2_q2,72365,1598,bf_det_k16_l16_r16_c16_m3_w10g4_d32_s2_q2,72365,1598,1,1,0.000000e+00,1,1,1,0
qpsk,64,16,5.000000e-01,1685,bram,1539,bf_det_k16_l16_r16_c16_m4_w10g4_d32_s2_q2,49,1586,bf_det_k16_l16_r16_c16_m4_w10g4_d32_s2_q2,49,1586,1,1,0.000000e+00,1,1,1,0
qpsk,64,16,5.000000e-01,2608,dsp,1540,bf_det_k16_l16_r4_c16_m4_w10g4_d64_s2_q2,208,2274,bf_det_k16_l16_r4_c16_m4_w10g4_d64_s2_q2,208,2274,1,1,0.000000e+00,1,1,1,0
qpsk,64,16,5.000000e-01,2608,lut,1541,bf_det_k16_l16_r4_c16_m3_w12g0_d32_s2_q2,92959,2267,bf_det_k16_l16_r4_c16_m3_w12g0_d32_s2_q2,92959,2267,1,1,0.000000e+00,1,1,1,0
qpsk,64,16,5.000000e-01,2608,ff,1542,bf_det_k16_l16_r4_c16_m3_w10g4_d32_s2_q2,49331,2327,bf_det_k16_l16_r4_c16_m3_w10g4_d32_s2_q2,49331,2327,1,1,0.000000e+00,1,1,1,0
qpsk,64,16,5.000000e-01,2608,bram,1543,bf_det_k16_l16_r16_c16_m4_w10g4_d32_s2_q2,49,1586,bf_det_k16_l16_r16_c16_m4_w10g4_d32_s2_q2,49,1586,1,1,0.000000e+00,1,1,1,0
qpsk,64,16,5.000000e-01,4039,dsp,1544,bf_det_k16_l16_r4_c16_m4_w10g4_d64_s2_q2,208,2274,bf_det_k16_l16_r4_c16_m4_w10g4_d64_s2_q2,208,2274,1,1,0.000000e+00,1,1,1,0
qpsk,64,16,5.000000e-01,4039,lut,1545,bf_det_k16_l16_r4_c16_m3_w12g0_d32_s2_q2,92959,2267,bf_det_k16_l16_r4_c16_m3_w12g0_d32_s2_q2,92959,2267,1,1,0.000000e+00,1,1,1,0
qpsk,64,16,5.000000e-01,4039,ff,1546,bf_det_k16_l16_r4_c16_m3_w10g4_d32_s2_q2,49331,2327,bf_det_k16_l16_r4_c16_m3_w10g4_d32_s2_q2,49331,2327,1,1,0.000000e+00,1,1,1,0
qpsk,64,16,5.000000e-01,4039,bram,1547,bf_det_k16_l16_r16_c16_m4_w10g4_d32_s2_q2,49,1586,bf_det_k16_l16_r16_c16_m4_w10g4_d32_s2_q2,49,1586,1,1,0.000000e+00,1,1,1,0
qpsk,64,16,5.000000e-01,6253,dsp,1548,bf_det_k16_l16_r1_c16_m4_w10g4_d64_s2_q2,112,4911,bf_det_k16_l16_r1_c16_m4_w10g4_d64_s2_q2,112,4911,1,1,0.000000e+00,1,1,1,0
qpsk,64,16,5.000000e-01,6253,lut,1549,bf_det_k16_l4_r16_c4_m3_w10g4_d32_s2_q2,45943,5666,bf_det_k16_l4_r16_c4_m3_w10g4_d32_s2_q2,45943,5666,1,1,0.000000e+00,1,1,1,0
qpsk,64,16,5.000000e-01,6253,ff,1550,bf_det_k16_l4_r16_c4_m3_w10g4_d32_s2_q2,26159,5666,bf_det_k16_l4_r16_c4_m3_w10g4_d32_s2_q2,26159,5666,1,1,0.000000e+00,1,1,1,0
qpsk,64,16,5.000000e-01,6253,bram,1551,bf_det_k16_l16_r16_c16_m4_w10g4_d32_s2_q2,49,1586,bf_det_k16_l16_r16_c16_m4_w10g4_d32_s2_q2,49,1586,1,1,0.000000e+00,1,1,1,0
qpsk,64,16,5.000000e-01,9682,dsp,1552,bf_det_k16_l4_r4_c4_m4_w10g4_d64_s2_q2,52,7440,bf_det_k16_l4_r4_c4_m4_w10g4_d64_s2_q2,52,7440,1,1,0.000000e+00,1,1,1,0
qpsk,64,16,5.000000e-01,9682,lut,1553,bf_det_k16_l4_r4_c4_m3_w10g4_d32_s2_q2,39791,7637,bf_det_k16_l4_r4_c4_m3_w10g4_d32_s2_q2,39791,7637,1,1,0.000000e+00,1,1,1,0
qpsk,64,16,5.000000e-01,9682,ff,1554,bf_det_k16_l4_r4_c4_m3_w10g4_d32_s2_q2,20392,7637,bf_det_k16_l4_r4_c4_m3_w10g4_d32_s2_q2,20392,7637,1,1,0.000000e+00,1,1,1,0
qpsk,64,16,5.000000e-01,9682,bram,1555,bf_det_k16_l16_r16_c16_m4_w10g4_d32_s2_q2,49,1586,bf_det_k16_l16_r16_c16_m4_w10g4_d32_s2_q2,49,1586,1,1,0.000000e+00,1,1,1,0
qpsk,64,16,5.000000e-01,14993,dsp,1556,bf_det_k16_l4_r1_c4_m4_w10g4_d64_s2_q2,28,11550,bf_det_k16_l4_r1_c4_m4_w10g4_d64_s2_q2,28,11550,1,1,0.000000e+00,1,1,1,0
qpsk,64,16,5.000000e-01,14993,lut,1557,bf_det_k16_l4_r1_c4_m3_w12g0_d32_s2_q2,39044,11354,bf_det_k16_l4_r1_c4_m3_w10g4_d32_s2_q2,38582,11558,1,1,1.197000e+00,1,0,0,0
qpsk,64,16,5.000000e-01,14993,ff,1558,bf_det_k16_l4_r1_c4_m3_w10g4_d32_s2_q2,19379,11558,bf_det_k16_l4_r1_c4_m3_w10g4_d32_s2_q2,19379,11558,1,1,0.000000e+00,1,1,1,0
qpsk,64,16,5.000000e-01,14993,bram,1559,bf_det_k16_l16_r16_c16_m4_w10g4_d32_s2_q2,49,1586,bf_det_k16_l16_r16_c16_m4_w10g4_d32_s2_q2,49,1586,1,1,0.000000e+00,1,1,1,0
qpsk,64,16,5.000000e-01,23215,dsp,1560,bf_det_k16_l4_r1_c4_m4_w10g4_d64_s2_q2,28,11550,bf_det_k16_l4_r1_c4_m4_w10g4_d64_s2_q2,28,11550,1,1,0.000000e+00,1,1,1,0
qpsk,64,16,5.000000e-01,23215,lut,1561,bf_det_k16_l1_r4_c4_m3_w10g4_d32_s2_q2,28100,21173,bf_det_k16_l1_r4_c4_m3_w10g4_d32_s2_q2,28100,21173,1,1,0.000000e+00,1,1,1,0
qpsk,64,16,5.000000e-01,23215,ff,1562,bf_det_k16_l1_r4_c4_m3_w10g4_d32_s2_q2,15716,21173,bf_det_k16_l1_r4_c4_m3_w10g4_d32_s2_q2,15716,21173,1,1,0.000000e+00,1,1,1,0
qpsk,64,16,5.000000e-01,23215,bram,1563,bf_det_k16_l1_r16_c4_m4_w10g4_d32_s2_q2,35,19082,bf_det_k16_l1_r16_c4_m4_w10g4_d32_s2_q2,35,19082,1,1,0.000000e+00,1,1,1,0
qpsk,64,16,5.000000e-01,35947,dsp,1564,bf_det_k16_l1_r1_c4_m4_w10g4_d64_s2_q2,13,28152,bf_det_k16_l1_r1_c4_m4_w10g4_d64_s2_q2,13,28152,1,1,0.000000e+00,1,1,1,0
qpsk,64,16,5.000000e-01,35947,lut,1565,bf_det_k16_l1_r1_c4_m3_w10g4_d32_s2_q2,26404,28925,bf_det_k16_l1_r1_c4_m3_w10g4_d32_s2_q2,26404,28925,1,1,0.000000e+00,1,1,1,0
qpsk,64,16,5.000000e-01,35947,ff,1566,bf_det_k16_l1_r1_c4_m3_w10g4_d32_s2_q2,14061,28925,bf_det_k16_l1_r1_c4_m3_w10g4_d32_s2_q2,14061,28925,1,1,0.000000e+00,1,1,1,0
qpsk,64,16,5.000000e-01,35947,bram,1567,bf_det_k16_l1_r16_c4_m4_w10g4_d32_s2_q2,35,19082,bf_det_k16_l1_r16_c4_m4_w10g4_d32_s2_q2,35,19082,1,1,0.000000e+00,1,1,1,0
qpsk,64,16,1.000000e+00,1685,dsp,1536,bf_det_k16_l16_r16_c16_m4_w10g4_d64_s2_q2,592,1581,bf_det_k16_l16_r16_c16_m4_w10g4_d64_s2_q2,592,1581,1,1,0.000000e+00,1,1,1,0
qpsk,64,16,1.000000e+00,1685,lut,1537,bf_det_k16_l16_r16_c16_m3_w12g0_d32_s2_q2,118466,1538,bf_det_k16_l16_r16_c16_m3_w12g0_d32_s2_q2,118466,1538,1,1,0.000000e+00,1,1,1,0
qpsk,64,16,1.000000e+00,1685,ff,1538,bf_det_k16_l16_r16_c16_m3_w10g4_d32_s2_q2,72365,1598,bf_det_k16_l16_r16_c16_m3_w10g4_d32_s2_q2,72365,1598,1,1,0.000000e+00,1,1,1,0
qpsk,64,16,1.000000e+00,1685,bram,1539,bf_det_k16_l16_r16_c16_m4_w10g4_d32_s2_q2,49,1586,bf_det_k16_l16_r16_c16_m4_w10g4_d32_s2_q2,49,1586,1,1,0.000000e+00,1,1,1,0
qpsk,64,16,1.000000e+00,2608,dsp,1540,bf_det_k16_l16_r4_c16_m4_w10g4_d64_s2_q2,208,2274,bf_det_k16_l16_r4_c16_m4_w10g4_d64_s2_q2,208,2274,1,1,0.000000e+00,1,1,1,0
qpsk,64,16,1.000000e+00,2608,lut,1541,bf_det_k16_l16_r4_c16_m3_w12g0_d32_s2_q2,92959,2267,bf_det_k16_l16_r4_c16_m3_w12g0_d32_s2_q2,92959,2267,1,1,0.000000e+00,1,1,1,0
qpsk,64,16,1.000000e+00,2608,ff,1542,bf_det_k16_l16_r4_c16_m3_w10g4_d32_s2_q2,49331,2327,bf_det_k16_l16_r4_c16_m3_w10g4_d32_s2_q2,49331,2327,1,1,0.000000e+00,1,1,1,0
qpsk,64,16,1.000000e+00,2608,bram,1543,bf_det_k16_l16_r16_c16_m4_w10g4_d32_s2_q2,49,1586,bf_det_k16_l16_r16_c16_m4_w10g4_d32_s2_q2,49,1586,1,1,0.000000e+00,1,1,1,0
qpsk,64,16,1.000000e+00,4039,dsp,1544,bf_det_k16_l16_r4_c16_m4_w10g4_d64_s2_q2,208,2274,bf_det_k16_l16_r4_c16_m4_w10g4_d64_s2_q2,208,2274,1,1,0.000000e+00,1,1,1,0
qpsk,64,16,1.000000e+00,4039,lut,1545,bf_det_k16_l16_r4_c16_m3_w12g0_d32_s2_q2,92959,2267,bf_det_k16_l16_r4_c16_m3_w12g0_d32_s2_q2,92959,2267,1,1,0.000000e+00,1,1,1,0
qpsk,64,16,1.000000e+00,4039,ff,1546,bf_det_k16_l16_r4_c16_m3_w10g4_d32_s2_q2,49331,2327,bf_det_k16_l16_r4_c16_m3_w10g4_d32_s2_q2,49331,2327,1,1,0.000000e+00,1,1,1,0
qpsk,64,16,1.000000e+00,4039,bram,1547,bf_det_k16_l16_r16_c16_m4_w10g4_d32_s2_q2,49,1586,bf_det_k16_l16_r16_c16_m4_w10g4_d32_s2_q2,49,1586,1,1,0.000000e+00,1,1,1,0
qpsk,64,16,1.000000e+00,6253,dsp,1548,bf_det_k16_l16_r1_c16_m4_w10g4_d64_s2_q2,112,4911,bf_det_k16_l16_r1_c16_m4_w10g4_d64_s2_q2,112,4911,1,1,0.000000e+00,1,1,1,0
qpsk,64,16,1.000000e+00,6253,lut,1549,bf_det_k16_l4_r16_c4_m3_w10g4_d32_s2_q2,45943,5666,bf_det_k16_l4_r16_c4_m3_w10g4_d32_s2_q2,45943,5666,1,1,0.000000e+00,1,1,1,0
qpsk,64,16,1.000000e+00,6253,ff,1550,bf_det_k16_l4_r16_c4_m3_w10g4_d32_s2_q2,26159,5666,bf_det_k16_l4_r16_c4_m3_w10g4_d32_s2_q2,26159,5666,1,1,0.000000e+00,1,1,1,0
qpsk,64,16,1.000000e+00,6253,bram,1551,bf_det_k16_l16_r16_c16_m4_w10g4_d32_s2_q2,49,1586,bf_det_k16_l16_r16_c16_m4_w10g4_d32_s2_q2,49,1586,1,1,0.000000e+00,1,1,1,0
qpsk,64,16,1.000000e+00,9682,dsp,1552,bf_det_k16_l4_r4_c4_m4_w10g4_d64_s2_q2,52,7440,bf_det_k16_l4_r4_c4_m4_w10g4_d64_s2_q2,52,7440,1,1,0.000000e+00,1,1,1,0
qpsk,64,16,1.000000e+00,9682,lut,1553,bf_det_k16_l4_r4_c4_m3_w10g4_d32_s2_q2,39791,7637,bf_det_k16_l4_r4_c4_m3_w10g4_d32_s2_q2,39791,7637,1,1,0.000000e+00,1,1,1,0
qpsk,64,16,1.000000e+00,9682,ff,1554,bf_det_k16_l4_r4_c4_m3_w10g4_d32_s2_q2,20392,7637,bf_det_k16_l4_r4_c4_m3_w10g4_d32_s2_q2,20392,7637,1,1,0.000000e+00,1,1,1,0
qpsk,64,16,1.000000e+00,9682,bram,1555,bf_det_k16_l16_r16_c16_m4_w10g4_d32_s2_q2,49,1586,bf_det_k16_l16_r16_c16_m4_w10g4_d32_s2_q2,49,1586,1,1,0.000000e+00,1,1,1,0
qpsk,64,16,1.000000e+00,14993,dsp,1556,bf_det_k16_l4_r1_c4_m4_w10g4_d64_s2_q2,28,11550,bf_det_k16_l4_r1_c4_m4_w10g4_d64_s2_q2,28,11550,1,1,0.000000e+00,1,1,1,0
qpsk,64,16,1.000000e+00,14993,lut,1557,bf_det_k16_l4_r1_c4_m3_w12g0_d32_s2_q2,39044,11354,bf_det_k16_l4_r1_c4_m3_w10g4_d32_s2_q2,38582,11558,1,1,1.197000e+00,1,0,0,0
qpsk,64,16,1.000000e+00,14993,ff,1558,bf_det_k16_l4_r1_c4_m3_w10g4_d32_s2_q2,19379,11558,bf_det_k16_l4_r1_c4_m3_w10g4_d32_s2_q2,19379,11558,1,1,0.000000e+00,1,1,1,0
qpsk,64,16,1.000000e+00,14993,bram,1559,bf_det_k16_l16_r16_c16_m4_w10g4_d32_s2_q2,49,1586,bf_det_k16_l16_r16_c16_m4_w10g4_d32_s2_q2,49,1586,1,1,0.000000e+00,1,1,1,0
qpsk,64,16,1.000000e+00,23215,dsp,1560,bf_det_k16_l4_r1_c4_m4_w10g4_d64_s2_q2,28,11550,bf_det_k16_l4_r1_c4_m4_w10g4_d64_s2_q2,28,11550,1,1,0.000000e+00,1,1,1,0
qpsk,64,16,1.000000e+00,23215,lut,1561,bf_det_k16_l1_r4_c4_m3_w10g4_d32_s2_q2,28100,21173,bf_det_k16_l1_r4_c4_m3_w10g4_d32_s2_q2,28100,21173,1,1,0.000000e+00,1,1,1,0
qpsk,64,16,1.000000e+00,23215,ff,1562,bf_det_k16_l1_r4_c4_m3_w10g4_d32_s2_q2,15716,21173,bf_det_k16_l1_r4_c4_m3_w10g4_d32_s2_q2,15716,21173,1,1,0.000000e+00,1,1,1,0
qpsk,64,16,1.000000e+00,23215,bram,1563,bf_det_k16_l1_r16_c4_m4_w10g4_d32_s2_q2,35,19082,bf_det_k16_l1_r16_c4_m4_w10g4_d32_s2_q2,35,19082,1,1,0.000000e+00,1,1,1,0
qpsk,64,16,1.000000e+00,35947,dsp,1564,bf_det_k16_l1_r1_c4_m4_w10g4_d64_s2_q2,13,28152,bf_det_k16_l1_r1_c4_m4_w10g4_d64_s2_q2,13,28152,1,1,0.000000e+00,1,1,1,0
qpsk,64,16,1.000000e+00,35947,lut,1565,bf_det_k16_l1_r1_c4_m3_w10g4_d32_s2_q2,26404,28925,bf_det_k16_l1_r1_c4_m3_w10g4_d32_s2_q2,26404,28925,1,1,0.000000e+00,1,1,1,0
qpsk,64,16,1.000000e+00,35947,ff,1566,bf_det_k16_l1_r1_c4_m3_w10g4_d32_s2_q2,14061,28925,bf_det_k16_l1_r1_c4_m3_w10g4_d32_s2_q2,14061,28925,1,1,0.000000e+00,1,1,1,0
qpsk,64,16,1.000000e+00,35947,bram,1567,bf_det_k16_l1_r16_c4_m4_w10g4_d32_s2_q2,35,19082,bf_det_k16_l1_r16_c4_m4_w10g4_d32_s2_q2,35,19082,1,1,0.000000e+00,1,1,1,0
qpsk,128,4,2.500000e-01,710,dsp,288,bf_det_k4_l16_r4_c16_m4_w10g4_d64_s2_q2,208,647,bf_det_k4_l16_r4_c16_m4_w10g4_d64_s2_q2,208,647,1,1,0.000000e+00,1,1,1,0
qpsk,128,4,2.500000e-01,710,lut,289,bf_det_k4_l16_r4_c16_m3_w12g4_d32_s2_q2,82468,700,bf_det_k4_l16_r4_c16_m3_w12g4_d32_s2_q2,82468,700,1,1,0.000000e+00,1,1,1,0
qpsk,128,4,2.500000e-01,710,ff,290,bf_det_k4_l16_r4_c16_m3_w10g4_d32_s2_q2,43173,660,bf_det_k4_l16_r4_c16_m3_w10g4_d32_s2_q2,43173,660,1,1,0.000000e+00,1,1,1,0
qpsk,128,4,2.500000e-01,710,bram,291,bf_det_k4_l16_r4_c16_m4_w10g4_d32_s2_q2,40,652,bf_det_k4_l16_r4_c16_m4_w10g4_d32_s2_q2,40,652,1,1,0.000000e+00,1,1,1,0
qpsk,128,4,2.500000e-01,1057,dsp,292,bf_det_k4_l16_r1_c16_m4_w10g4_d64_s2_q2,112,947,bf_det_k4_l16_r1_c16_m4_w10g4_d64_s2_q2,112,947,1,1,0.000000e+00,1,1,1,0
qpsk,128,4,2.500000e-01,1057,lut,293,bf_det_k4_l16_r1_c16_m3_w12g4_d32_s2_q2,75948,1024,bf_det_k4_l16_r1_c16_m3_w12g4_d32_s2_q2,75948,1024,1,1,0.000000e+00,1,1,1,0
qpsk,128,4,2.500000e-01,1057,ff,294,bf_det_k4_l16_r1_c16_m3_w10g4_d32_s2_q2,37531,984,bf_det_k4_l16_r1_c16_m3_w10g4_d32_s2_q2,37531,984,1,1,0.000000e+00,1,1,1,0
qpsk,128,4,2.500000e-01,1057,bram,295,bf_det_k4_l16_r4_c16_m4_w10g4_d32_s2_q2,40,652,bf_det_k4_l16_r4_c16_m4_w10g4_d32_s2_q2,40,652,1,1,0.000000e+00,1,1,1,0
qpsk,128,4,2.500000e-01,1573,dsp,296,bf_det_k4_l16_r1_c16_m4_w10g4_d64_s2_q2,112,947,bf_det_k4_l16_r1_c16_m4_w10g4_d64_s2_q2,112,947,1,1,0.000000e+00,1,1,1,0
qpsk,128,4,2.500000e-01,1573,lut,297,bf_det_k4_l16_r1_c16_m3_w12g4_d32_s2_q2,75948,1024,bf_det_k4_l16_r1_c16_m3_w12g4_d32_s2_q2,75948,1024,1,1,0.000000e+00,1,1,1,0
qpsk,128,4,2.500000e-01,1573,ff,298,bf_det_k4_l16_r1_c16_m3_w10g4_d32_s2_q2,37531,984,bf_det_k4_l16_r1_c16_m3_w10g4_d32_s2_q2,37531,984,1,1,0.000000e+00,1,1,1,0
qpsk,128,4,2.500000e-01,1573,bram,299,bf_det_k4_l16_r4_c16_m4_w10g4_d32_s2_q2,40,652,bf_det_k4_l16_r4_c16_m4_w10g4_d32_s2_q2,40,652,1,1,0.000000e+00,1,1,1,0
qpsk,128,4,2.500000e-01,2341,dsp,300,bf_det_k4_l4_r1_c4_m4_w10g4_d64_s2_q2,28,2205,bf_det_k4_l4_r1_c4_m4_w10g4_d64_s2_q2,28,2205,1,1,0.000000e+00,1,1,1,0
qpsk,128,4,2.500000e-01,2341,lut,301,bf_det_k4_l4_r1_c4_m4_w12g4_d32_s2_q2,26748,2346,bf_det_k4_l4_r1_c4_m3_w10g4_d32_s2_q2,26371,2212,1,1,1.430000e+00,1,0,0,0
qpsk,128,4,2.500000e-01,2341,ff,302,bf_det_k4_l4_r1_c4_m4_w10g4_d32_s2_q2,14234,2210,bf_det_k4_l4_r1_c4_m3_w10g4_d32_s2_q2,14069,2212,1,1,1.173000e+00,1,0,0,0
qpsk,128,4,2.500000e-01,2341,bram,303,bf_det_k4_l4_r4_c4_m4_w10g4_d32_s2_q2,16,2092,bf_det_k4_l4_r4_c4_m4_w10g4_d32_s2_q2,16,2092,1,1,0.000000e+00,1,1,1,0
qpsk,128,4,2.500000e-01,3485,dsp,304,bf_det_k4_l4_r1_c4_m4_w10g4_d64_s2_q2,28,2205,bf_det_k4_l4_r1_c4_m4_w10g4_d64_s2_q2,28,2205,1,1,0.000000e+00,1,1,1,0
qpsk,128,4,2.500000e-01,3485,lut,305,bf_det_k4_l4_r1_c4_m3_w12g4_d32_s2_q2,26676,2348,bf_det_k4_l4_r1_c4_m3_w10g4_d32_s2_q2,26371,2212,1,1,1.157000e+00,1,0,0,0
qpsk,128,4,2.500000e-01,3485,ff,306,bf_det_k4_l4_r1_c4_m3_w10g4_d32_s2_q2,14069,2212,bf_det_k4_l4_r1_c4_m3_w10g4_d32_s2_q2,14069,2212,1,1,0.000000e+00,1,1,1,0
qpsk,128,4,2.500000e-01,3485,bram,307,bf_det_k4_l4_r4_c4_m4_w10g4_d32_s2_q2,16,2092,bf_det_k4_l4_r4_c4_m4_w10g4_d32_s2_q2,16,2092,1,1,0.000000e+00,1,1,1,0
qpsk,128,4,2.500000e-01,5188,dsp,308,bf_det_k4_l4_r1_c4_m4_w10g4_d64_s2_q2,28,2205,bf_det_k4_l4_r1_c4_m4_w10g4_d64_s2_q2,28,2205,1,1,0.000000e+00,1,1,1,0
qpsk,128,4,2.500000e-01,5188,lut,309,bf_det_k4_l4_r1_c4_m3_w12g4_d32_s2_q2,26676,2348,bf_det_k4_l4_r1_c4_m3_w10g4_d32_s2_q2,26371,2212,1,1,1.157000e+00,1,0,0,0
qpsk,128,4,2.500000e-01,5188,ff,310,bf_det_k4_l4_r1_c4_m3_w10g4_d32_s2_q2,14069,2212,bf_det_k4_l4_r1_c4_m3_w10g4_d32_s2_q2,14069,2212,1,1,0.000000e+00,1,1,1,0
qpsk,128,4,2.500000e-01,5188,bram,311,bf_det_k4_l4_r4_c4_m4_w10g4_d32_s2_q2,16,2092,bf_det_k4_l4_r4_c4_m4_w10g4_d32_s2_q2,16,2092,1,1,0.000000e+00,1,1,1,0
qpsk,128,4,2.500000e-01,7723,dsp,312,bf_det_k4_l4_r1_c4_m4_w10g4_d64_s2_q2,28,2205,bf_det_k4_l4_r1_c4_m4_w10g4_d64_s2_q2,28,2205,1,1,0.000000e+00,1,1,1,0
qpsk,128,4,2.500000e-01,7723,lut,313,bf_det_k4_l1_r4_c4_m3_w10g4_d32_s2_q2,15882,7340,bf_det_k4_l1_r4_c4_m3_w10g4_d32_s2_q2,15882,7340,1,1,0.000000e+00,1,1,1,0
qpsk,128,4,2.500000e-01,7723,ff,314,bf_det_k4_l1_r4_c4_m3_w10g4_d32_s2_q2,10119,7340,bf_det_k4_l1_r4_c4_m3_w10g4_d32_s2_q2,10119,7340,1,1,0.000000e+00,1,1,1,0
qpsk,128,4,2.500000e-01,7723,bram,315,bf_det_k4_l1_r4_c4_m4_w10g4_d32_s2_q2,14,7308,bf_det_k4_l1_r4_c4_m4_w10g4_d32_s2_q2,14,7308,1,1,0.000000e+00,1,1,1,0
qpsk,128,4,2.500000e-01,11497,dsp,316,bf_det_k4_l1_r1_c4_m4_w10g4_d64_s2_q2,13,7929,bf_det_k4_l1_r1_c4_m4_w10g4_d64_s2_q2,13,7929,1,1,0.000000e+00,1,1,1,0
qpsk,128,4,2.500000e-01,11497,lut,317,bf_det_k4_l1_r1_c4_m3_w10g4_d32_s2_q2,14329,8062,bf_det_k4_l1_r1_c4_m3_w10g4_d32_s2_q2,14329,8062,1,1,0.000000e+00,1,1,1,0
qpsk,128,4,2.500000e-01,11497,ff,318,bf_det_k4_l1_r1_c4_m3_w10g4_d32_s2_q2,8535,8062,bf_det_k4_l1_r1_c4_m3_w10g4_d32_s2_q2,8535,8062,1,1,0.000000e+00,1,1,1,0
qpsk,128,4,2.500000e-01,11497,bram,319,bf_det_k4_l1_r4_c4_m4_w10g4_d32_s2_q2,14,7308,bf_det_k4_l1_r4_c4_m4_w10g4_d32_s2_q2,14,7308,1,1,0.000000e+00,1,1,1,0
qpsk,128,4,5.000000e-01,710,dsp,1216,bf_det_k4_l16_r4_c16_m4_w8g8_d64_s2_q2,176,677,bf_det_k4_l16_r4_c16_m4_w8g8_d64_s2_q2,176,677,1,1,0.000000e+00,1,1,1,0
qpsk,128,4,5.000000e-01,710,lut,1217,bf_det_k4_l16_r4_c16_m3_w8g8_d32_s2_q2,78796,690,bf_det_k4_l16_r4_c16_m3_w8g8_d32_s2_q2,78796,690,1,1,0.000000e+00,1,1,1,0
qpsk,128,4,5.000000e-01,710,ff,1218,bf_det_k4_l16_r4_c16_m3_w8g8_d32_s2_q2,40217,690,bf_det_k4_l16_r4_c16_m3_w8g8_d32_s2_q2,40217,690,1,1,0.000000e+00,1,1,1,0
qpsk,128,4,5.000000e-01,710,bram,1219,bf_det_k4_l16_r4_c16_m4_w8g8_d32_s2_q2,36,682,bf_det_k4_l16_r4_c16_m4_w8g8_d32_s2_q2,36,682,1,1,0.000000e+00,1,1,1,0
qpsk,128,4,5.000000e-01,1066,dsp,1220,bf_det_k4_l16_r1_c16_m4_w8g8_d64_s2_q2,80,977,bf_det_k4_l16_r1_c16_m4_w8g8_d64_s2_q2,80,977,1,1,0.000000e+00,1,1,1,0
qpsk,128,4,5.000000e-01,1066,lut,1221,bf_det_k4_l16_r1_c16_m3_w8g8_d32_s2_q2,73062,1014,bf_det_k4_l16_r1_c16_m3_w8g8_d32_s2_q2,73062,1014,1,1,0.000000e+00,1,1,1,0
qpsk,128,4,5.000000e-01,1066,ff,1222,bf_det_k4_l16_r1_c16_m3_w8g8_d32_s2_q2,35635,1014,bf_det_k4_l16_r1_c16_m3_w8g8_d32_s2_q2,35635,1014,1,1,0.000000e+00,1,1,1,0
qpsk,128,4,5.000000e-01,1066,bram,1223,bf_det_k4_l16_r4_c16_m4_w8g8_d32_s2_q2,36,682,bf_det_k4_l16_r4_c16_m4_w8g8_d32_s2_q2,36,682,1,1,0.000000e+00,1,1,1,0
qpsk,128,4,5.000000e-01,1600,dsp,1224,bf_det_k4_l16_r1_c16_m4_w8g8_d64_s2_q2,80,977,bf_det_k4_l16_r1_c16_m4_w8g8_d64_s2_q2,80,977,1,1,0.000000e+00,1,1,1,0
qpsk,128,4,5.000000e-01,1600,lut,1225,bf_det_k4_l16_r1_c16_m3_w8g4_d32_s2_q2,69277,1386,bf_det_k4_l16_r1_c16_m3_w8g4_d32_s2_q2,69277,1386,1,1,0.000000e+00,1,1,1,0
qpsk,128,4,5.000000e-01,1600,ff,1226,bf_det_k4_l16_r1_c16_m3_w8g4_d32_s2_q2,32219,1386,bf_det_k4_l16_r1_c16_m3_w8g4_d32_s2_q2,32219,1386,1,1,0.000000e+00,1,1,1,0
qpsk,128,4,5.000000e-01,1600,bram,1227,bf_det_k4_l16_r4_c16_m4_w8g8_d32_s2_q2,36,682,bf_det_k4_l16_r4_c16_m4_w8g8_d32_s2_q2,36,682,1,1,0.000000e+00,1,1,1,0
qpsk,128,4,5.000000e-01,2402,dsp,1228,bf_det_k4_l4_r1_c4_m4_w8g8_d64_s2_q2,20,2307,bf_det_k4_l4_r1_c4_m4_w8g8_d64_s2_q2,20,2307,1,1,0.000000e+00,1,1,1,0
qpsk,128,4,5.000000e-01,2402,lut,1229,bf_det_k4_l4_r1_c4_m4_w8g8_d32_s2_q2,25810,2312,bf_det_k4_l4_r1_c4_m3_w8g8_d32_s2_q2,25458,2314,1,1,1.383000e+00,1,0,0,0
qpsk,128,4,5.000000e-01,2402,ff,1230,bf_det_k4_l4_r1_c4_m4_w8g8_d32_s2_q2,13483,2312,bf_det_k4_l4_r1_c4_m3_w8g8_d32_s2_q2,13336,2314,1,1,1.102000e+00,1,0,0,0
qpsk,128,4,5.000000e-01,2402,bram,1231,bf_det_k4_l4_r4_c4_m4_w8g8_d32_s2_q2,12,2194,bf_det_k4_l4_r4_c4_m4_w8g8_d32_s2_q2,12,2194,1,1,0.000000e+00,1,1,1,0
qpsk,128,4,5.000000e-01,3606,dsp,1232,bf_det_k4_l4_r1_c4_m4_w8g8_d64_s2_q2,20,2307,bf_det_k4_l4_r1_c4_m4_w8g8_d64_s2_q2,20,2307,1,1,0.000000e+00,1,1,1,0
qpsk,128,4,5.000000e-01,3606,lut,1233,bf_det_k4_l4_r1_c4_m3_w8g4_d32_s2_q2,24397,3024,bf_det_k4_l4_r1_c4_m3_w8g4_d32_s2_q2,24397,3024,1,1,0.000000e+00,1,1,1,0
qpsk,128,4,5.000000e-01,3606,ff,1234,bf_det_k4_l4_r1_c4_m3_w8g4_d32_s2_q2,12464,3024,bf_det_k4_l4_r1_c4_m3_w8g4_d32_s2_q2,12464,3024,1,1,0.000000e+00,1,1,1,0
qpsk,128,4,5.000000e-01,3606,bram,1235,bf_det_k4_l4_r4_c4_m4_w8g8_d32_s2_q2,12,2194,bf_det_k4_l4_r4_c4_m4_w8g8_d32_s2_q2,12,2194,1,1,0.000000e+00,1,1,1,0
qpsk,128,4,5.000000e-01,5414,dsp,1236,bf_det_k4_l4_r1_c4_m4_w8g8_d64_s2_q2,20,2307,bf_det_k4_l4_r1_c4_m4_w8g8_d64_s2_q2,20,2307,1,1,0.000000e+00,1,1,1,0
qpsk,128,4,5.000000e-01,5414,lut,1237,bf_det_k4_l4_r1_c4_m3_w8g4_d32_s2_q2,24397,3024,bf_det_k4_l4_r1_c4_m3_w8g4_d32_s2_q2,24397,3024,1,1,0.000000e+00,1,1,1,0
qpsk,128,4,5.000000e-01,5414,ff,1238,bf_det_k4_l4_r1_c4_m3_w8g4_d32_s2_q2,12464,3024,bf_det_k4_l4_r1_c4_m3_w8g4_d32_s2_q2,12464,3024,1,1,0.000000e+00,1,1,1,0
qpsk,128,4,5.000000e-01,5414,bram,1239,bf_det_k4_l4_r4_c4_m4_w8g8_d32_s2_q2,12,2194,bf_det_k4_l4_r4_c4_m4_w8g8_d32_s2_q2,12,2194,1,1,0.000000e+00,1,1,1,0
qpsk,128,4,5.000000e-01,8128,dsp,1240,bf_det_k4_l1_r1_c4_m4_w10g4_d64_s2_q2,13,7929,bf_det_k4_l1_r1_c4_m4_w10g4_d64_s2_q2,13,7929,1,1,0.000000e+00,1,1,1,0
qpsk,128,4,5.000000e-01,8128,lut,1241,bf_det_k4_l1_r1_c4_m3_w10g4_d32_s2_q2,14329,8062,bf_det_k4_l1_r1_c4_m3_w10g4_d32_s2_q2,14329,8062,1,1,0.000000e+00,1,1,1,0
qpsk,128,4,5.000000e-01,8128,ff,1242,bf_det_k4_l1_r1_c4_m3_w10g4_d32_s2_q2,8535,8062,bf_det_k4_l1_r1_c4_m3_w10g4_d32_s2_q2,8535,8062,1,1,0.000000e+00,1,1,1,0
qpsk,128,4,5.000000e-01,8128,bram,1243,bf_det_k4_l4_r4_c4_m4_w8g8_d32_s2_q2,12,2194,bf_det_k4_l4_r4_c4_m4_w8g8_d32_s2_q2,12,2194,1,1,0.000000e+00,1,1,1,0
qpsk,128,4,5.000000e-01,12203,dsp,1244,bf_det_k4_l1_r1_c4_m4_w8g8_d64_s2_q2,11,8255,bf_det_k4_l1_r1_c4_m4_w8g8_d64_s2_q2,11,8255,1,1,0.000000e+00,1,1,1,0
qpsk,128,4,5.000000e-01,12203,lut,1245,bf_det_k4_l1_r1_c4_m3_w8g4_d32_s2_q2,13631,10887,bf_det_k4_l1_r1_c4_m3_w8g4_d32_s2_q2,13631,10887,1,1,0.000000e+00,1,1,1,0
qpsk,128,4,5.000000e-01,12203,ff,1246,bf_det_k4_l1_r1_c4_m3_w8g4_d32_s2_q2,8005,10887,bf_det_k4_l1_r1_c4_m3_w8g4_d32_s2_q2,8005,10887,1,1,0.000000e+00,1,1,1,0
qpsk,128,4,5.000000e-01,12203,bram,1247,bf_det_k4_l4_r4_c4_m4_w8g8_d32_s2_q2,12,2194,bf_det_k4_l4_r4_c4_m4_w8g8_d32_s2_q2,12,2194,1,1,0.000000e+00,1,1,1,0
qpsk,128,4,1.000000e+00,330,dsp,1568,bf_det_k4_l16_r4_c16_m4_w10g0_d64_s2_q2,208,297,bf_det_k4_l16_r4_c16_m4_w10g0_d64_s2_q2,208,297,1,1,0.000000e+00,1,1,1,0
qpsk,128,4,1.000000e+00,330,lut,1569,bf_det_k4_l16_r4_c16_m3_w12g0_d32_s2_q2,77803,326,bf_det_k4_l16_r4_c16_m3_w12g0_d32_s2_q2,77803,326,1,1,0.000000e+00,1,1,1,0
qpsk,128,4,1.000000e+00,330,ff,1570,bf_det_k4_l16_r4_c16_m3_w10g0_d32_s2_q2,39677,306,bf_det_k4_l16_r4_c16_m3_w10g0_d32_s2_q2,39677,306,1,1,0.000000e+00,1,1,1,0
qpsk,128,4,1.000000e+00,330,bram,1571,bf_det_k4_l16_r4_c16_m4_w10g0_d32_s2_q2,40,302,bf_det_k4_l16_r4_c16_m4_w10g0_d32_s2_q2,40,302,1,1,0.000000e+00,1,1,1,0
qpsk,128,4,1.000000e+00,531,dsp,1572,bf_det_k4_l16_r1_c16_m4_w10g0_d64_s2_q2,112,447,bf_det_k4_l16_r1_c16_m4_w10g0_d64_s2_q2,112,447,1,1,0.000000e+00,1,1,1,0
qpsk,128,4,1.000000e+00,531,lut,1573,bf_det_k4_l16_r1_c16_m3_w12g0_d32_s2_q2,71283,488,bf_det_k4_l16_r1_c16_m3_w12g0_d32_s2_q2,71283,488,1,1,0.000000e+00,1,1,1,0
qpsk,128,4,1.000000e+00,531,ff,1574,bf_det_k4_l16_r1_c16_m3_w10g0_d32_s2_q2,34035,468,bf_det_k4_l16_r1_c16_m3_w10g0_d32_s2_q2,34035,468,1,1,0.000000e+00,1,1,1,0
qpsk,128,4,1.000000e+00,531,bram,1575,bf_det_k4_l16_r4_c16_m4_w10g0_d32_s2_q2,40,302,bf_det_k4_l16_r4_c16_m4_w10g0_d32_s2_q2,40,302,1,1,0.000000e+00,1,1,1,0
qpsk,128,4,1.000000e+00,856,dsp,1576,bf_det_k4_l16_r1_c16_m4_w10g0_d64_s2_q2,112,447,bf_det_k4_l16_r1_c16_m4_w10g0_d64_s2_q2,112,447,1,1,0.000000e+00,1,1,1,0
qpsk,128,4,1.000000e+00,856,lut,1577,bf_det_k4_l16_r1_c16_m3_w12g0_d32_s2_q2,71283,488,bf_det_k4_l16_r1_c16_m3_w12g0_d32_s2_q2,71283,488,1,1,0.000000e+00,1,1,1,0
qpsk,128,4,1.000000e+00,856,ff,1578,bf_det_k4_l16_r1_c16_m3_w10g0_d32_s2_q2,34035,468,bf_det_k4_l16_r1_c16_m3_w10g0_d32_s2_q2,34035,468,1,1,0.000000e+00,1,1,1,0
qpsk,128,4,1.000000e+00,856,bram,1579,bf_det_k4_l16_r4_c16_m4_w8g4_d32_s2_q2,36,602,bf_det_k4_l16_r4_c16_m4_w8g4_d32_s2_q2,36,602,1,1,0.000000e+00,1,1,1,0
qpsk,128,4,1.000000e+00,1380,dsp,1580,bf_det_k4_l4_r1_c4_m4_w10g0_d64_s2_q2,28,1004,bf_det_k4_l4_r1_c4_m4_w10g0_d64_s2_q2,28,1004,1,1,0.000000e+00,1,1,1,0
qpsk,128,4,1.000000e+00,1380,lut,1581,bf_det_k4_l4_r1_c4_m3_w12g0_d32_s2_q2,25395,1078,bf_det_k4_l4_r1_c4_m3_w10g0_d32_s2_q2,25154,1010,1,1,9.580000e-01,1,0,0,0
qpsk,128,4,1.000000e+00,1380,ff,1582,bf_det_k4_l4_r1_c4_m3_w10g0_d32_s2_q2,13177,1010,bf_det_k4_l4_r1_c4_m3_w10g0_d32_s2_q2,13177,1010,1,1,0.000000e+00,1,1,1,0
qpsk,128,4,1.000000e+00,1380,bram,1583,bf_det_k4_l4_r4_c4_m4_w10g0_d32_s2_q2,16,950,bf_det_k4_l4_r4_c4_m4_w10g0_d32_s2_q2,16,950,1,1,0.000000e+00,1,1,1,0
qpsk,128,4,1.000000e+00,2224,dsp,1584,bf_det_k4_l4_r1_c4_m4_w8g4_d64_s2_q2,20,2035,bf_det_k4_l4_r1_c4_m4_w8g4_d64_s2_q2,20,2035,1,1,0.000000e+00,1,1,1,0
qpsk,128,4,1.000000e+00,2224,lut,1585,bf_det_k4_l4_r1_c4_m3_w8g4_d32_s2_q2,24397,2042,bf_det_k4_l4_r1_c4_m3_w8g4_d32_s2_q2,24397,2042,1,1,0.000000e+00,1,1,1,0
qpsk,128,4,1.000000e+00,2224,ff,1586,bf_det_k4_l4_r1_c4_m3_w8g4_d32_s2_q2,12464,2042,bf_det_k4_l4_r1_c4_m3_w8g4_d32_s2_q2,12464,2042,1,1,0.000000e+00,1,1,1,0
qpsk,128,4,1.000000e+00,2224,bram,1587,bf_det_k4_l4_r4_c4_m4_w8g4_d32_s2_q2,12,1922,bf_det_k4_l4_r4_c4_m4_w8g4_d32_s2_q2,12,1922,1,1,0.000000e+00,1,1,1,0
qpsk,128,4,1.000000e+00,3585,dsp,1588,bf_det_k4_l1_r1_c4_m4_w10g0_d64_s2_q2,13,3578,bf_det_k4_l1_r1_c4_m4_w10g0_d64_s2_q2,13,3578,1,1,0.000000e+00,1,1,1,0
qpsk,128,4,1.000000e+00,3585,lut,1589,bf_det_k4_l1_r1_c4_m4_w10g0_d32_s2_q2,14431,3583,bf_det_k4_l1_r1_c4_m4_w10g0_d32_s2_q2,14431,3583,1,1,0.000000e+00,1,1,1,0
qpsk,128,4,1.000000e+00,3585,ff,1590,bf_det_k4_l1_r1_c4_m4_w10g0_d32_s2_q2,8441,3583,bf_det_k4_l1_r1_c4_m4_w10g0_d32_s2_q2,8441,3583,1,1,0.000000e+00,1,1,1,0
qpsk,128,4,1.000000e+00,3585,bram,1591,bf_det_k4_l4_r4_c4_m4_w8g4_d32_s2_q2,12,1922,bf_det_k4_l4_r4_c4_m4_w8g4_d32_s2_q2,12,1922,1,1,0.000000e+00,1,1,1,0
qpsk,128,4,1.000000e+00,5779,dsp,1592,bf_det_k4_l1_r1_c4_m4_w10g0_d64_s2_q2,13,3578,bf_det_k4_l1_r1_c4_m4_w10g0_d64_s2_q2,13,3578,1,1,0.000000e+00,1,1,1,0
qpsk,128,4,1.000000e+00,5779,lut,1593,bf_det_k4_l1_r1_c4_m3_w10g0_d32_s2_q2,13935,3647,bf_det_k4_l1_r1_c4_m3_w10g0_d32_s2_q2,13935,3647,1,1,0.000000e+00,1,1,1,0
qpsk,128,4,1.000000e+00,5779,ff,1594,bf_det_k4_l1_r1_c4_m3_w10g0_d32_s2_q2,8294,3647,bf_det_k4_l1_r1_c4_m3_w10g0_d32_s2_q2,8294,3647,1,1,0.000000e+00,1,1,1,0
qpsk,128,4,1.000000e+00,5779,bram,1595,bf_det_k4_l4_r4_c4_m4_w8g4_d32_s2_q2,12,1922,bf_det_k4_l4_r4_c4_m4_w8g4_d32_s2_q2,12,1922,1,1,0.000000e+00,1,1,1,0
qpsk,128,4,1.000000e+00,9315,dsp,1596,bf_det_k4_l1_r1_c4_m4_w8g4_d64_s2_q2,11,7215,bf_det_k4_l1_r1_c4_m4_w8g4_d64_s2_q2,11,7215,1,1,0.000000e+00,1,1,1,0
qpsk,128,4,1.000000e+00,9315,lut,1597,bf_det_k4_l1_r1_c4_m3_w8g4_d32_s2_q2,13631,7348,bf_det_k4_l1_r1_c4_m3_w8g4_d32_s2_q2,13631,7348,1,1,0.000000e+00,1,1,1,0
qpsk,128,4,1.000000e+00,9315,ff,1598,bf_det_k4_l1_r1_c4_m3_w8g4_d32_s2_q2,8005,7348,bf_det_k4_l1_r1_c4_m3_w8g4_d32_s2_q2,8005,7348,1,1,0.000000e+00,1,1,1,0
qpsk,128,4,1.000000e+00,9315,bram,1599,bf_det_k4_l4_r4_c4_m4_w8g4_d32_s2_q2,12,1922,bf_det_k4_l4_r4_c4_m4_w8g4_d32_s2_q2,12,1922,1,1,0.000000e+00,1,1,1,0
qpsk,128,8,2.500000e-01,833,dsp,1440,bf_det_k8_l16_r8_c16_m4_w10g4_d64_s2_q2,336,791,bf_det_k8_l16_r8_c16_m4_w10g4_d64_s2_q2,336,791,1,1,0.000000e+00,1,1,1,0
qpsk,128,8,2.500000e-01,833,lut,1441,bf_det_k8_l16_r8_c16_m3_w12g0_d32_s2_q2,90868,764,bf_det_k8_l16_r8_c16_m3_w12g0_d32_s2_q2,90868,764,1,1,0.000000e+00,1,1,1,0
qpsk,128,8,2.500000e-01,833,ff,1442,bf_det_k8_l16_r8_c16_m3_w10g4_d32_s2_q2,52225,804,bf_det_k8_l16_r8_c16_m3_w10g4_d32_s2_q2,52225,804,1,1,0.000000e+00,1,1,1,0
qpsk,128,8,2.500000e-01,833,bram,1443,bf_det_k8_l16_r8_c16_m4_w10g4_d32_s2_q2,45,796,bf_det_k8_l16_r8_c16_m4_w10g4_d32_s2_q2,45,796,1,1,0.000000e+00,1,1,1,0
qpsk,128,8,2.500000e-01,1261,dsp,1444,bf_det_k8_l16_r4_c16_m4_w10g4_d64_s2_q2,208,917,bf_det_k8_l16_r4_c16_m4_w10g4_d64_s2_q2,208,917,1,1,0.000000e+00,1,1,1,0
qpsk,128,8,2.500000e-01,1261,lut,1445,bf_det_k8_l16_r4_c16_m3_w12g0_d32_s2_q2,82305,898,bf_det_k8_l16_r4_c16_m3_w12g0_d32_s2_q2,82305,898,1,1,0.000000e+00,1,1,1,0
qpsk,128,8,2.500000e-01,1261,ff,1446,bf_det_k8_l16_r4_c16_m3_w10g4_d32_s2_q2,44678,938,bf_det_k8_l16_r4_c16_m3_w10g4_d32_s2_q2,44678,938,1,1,0.000000e+00,1,1,1,0
qpsk,128,8,2.500000e-01,1261,bram,1447,bf_det_k8_l16_r8_c16_m4_w10g4_d32_s2_q2,45,796,bf_det_k8_l16_r8_c16_m4_w10g4_d32_s2_q2,45,796,1,1,0.000000e+00,1,1,1,0
qpsk,128,8,2.500000e-01,1909,dsp,1448,bf_det_k8_l16_r1_c16_m4_w10g4_d64_s2_q2,112,1603,bf_det_k8_l16_r1_c16_m4_w10g4_d64_s2_q2,112,1603,1,1,0.000000e+00,1,1,1,0
qpsk,128,8,2.500000e-01,1909,lut,1449,bf_det_k8_l16_r1_c16_m3_w12g0_d32_s2_q2,75604,1632,bf_det_k8_l16_r1_c16_m3_w12g0_d32_s2_q2,75604,1632,1,1,0.000000e+00,1,1,1,0
qpsk,128,8,2.500000e-01,1909,ff,1450,bf_det_k8_l16_r1_c16_m3_w12g0_d32_s2_q2,40894,1632,bf_det_k8_l16_r1_c16_m3_w10g4_d32_s2_q2,38938,1672,1,1,5.023000e+00,1,0,0,0
qpsk,128,8,2.500000e-01,1909,bram,1451,bf_det_k8_l16_r8_c16_m4_w10g4_d32_s2_q2,45,796,bf_det_k8_l16_r8_c16_m4_w10g4_d32_s2_q2,45,796,1,1,0.000000e+00,1,1,1,0
qpsk,128,8,2.500000e-01,2892,dsp,1452,bf_det_k8_l4_r8_c4_m4_w10g4_d64_s2_q2,84,2663,bf_det_k8_l4_r8_c4_m4_w10g4_d64_s2_q2,84,2663,1,1,0.000000e+00,1,1,1,0
qpsk,128,8,2.500000e-01,2892,lut,1453,bf_det_k8_l4_r4_c4_m4_w12g0_d32_s2_q2,30824,2814,bf_det_k8_l4_r4_c4_m3_w12g0_d32_s2_q2,30664,2878,1,1,5.220000e-01,1,0,0,0
qpsk,128,8,2.500000e-01,2892,ff,1454,bf_det_k8_l4_r4_c4_m4_w12g0_d32_s2_q2,18391,2814,bf_det_k8_l4_r4_c4_m3_w12g0_d32_s2_q2,17565,2878,1,1,4.703000e+00,1,0,0,0
qpsk,128,8,2.500000e-01,2892,bram,1455,bf_det_k8_l4_r8_c4_m4_w10g4_d32_s2_q2,21,2668,bf_det_k8_l4_r8_c4_m4_w10g4_d32_s2_q2,21,2668,1,1,0.000000e+00,1,1,1,0
qpsk,128,8,2.500000e-01,4380,dsp,1456,bf_det_k8_l4_r1_c4_m4_w10g4_d64_s2_q2,28,3549,bf_det_k8_l4_r1_c4_m4_w10g4_d64_s2_q2,28,3549,1,1,0.000000e+00,1,1,1,0
qpsk,128,8,2.500000e-01,4380,lut,1457,bf_det_k8_l4_r1_c4_m3_w12g0_d32_s2_q2,29411,3420,bf_det_k8_l4_r1_c4_m3_w12g0_d32_s2_q2,29411,3420,1,1,0.000000e+00,1,1,1,0
qpsk,128,8,2.500000e-01,4380,ff,1458,bf_det_k8_l4_r1_c4_m3_w10g4_d32_s2_q2,15344,3556,bf_det_k8_l4_r1_c4_m3_w10g4_d32_s2_q2,15344,3556,1,1,0.000000e+00,1,1,1,0
qpsk,128,8,2.500000e-01,4380,bram,1459,bf_det_k8_l4_r8_c4_m4_w10g4_d32_s2_q2,21,2668,bf_det_k8_l4_r8_c4_m4_w10g4_d32_s2_q2,21,2668,1,1,0.000000e+00,1,1,1,0
qpsk,128,8,2.500000e-01,6633,dsp,1460,bf_det_k8_l4_r1_c4_m4_w10g4_d64_s2_q2,28,3549,bf_det_k8_l4_r1_c4_m4_w10g4_d64_s2_q2,28,3549,1,1,0.000000e+00,1,1,1,0
qpsk,128,8,2.500000e-01,6633,lut,1461,bf_det_k8_l4_r1_c4_m3_w12g0_d32_s2_q2,29411,3420,bf_det_k8_l4_r1_c4_m3_w12g0_d32_s2_q2,29411,3420,1,1,0.000000e+00,1,1,1,0
qpsk,128,8,2.500000e-01,6633,ff,1462,bf_det_k8_l4_r1_c4_m3_w10g4_d32_s2_q2,15344,3556,bf_det_k8_l4_r1_c4_m3_w10g4_d32_s2_q2,15344,3556,1,1,0.000000e+00,1,1,1,0
qpsk,128,8,2.500000e-01,6633,bram,1463,bf_det_k8_l4_r8_c4_m4_w10g4_d32_s2_q2,21,2668,bf_det_k8_l4_r8_c4_m4_w10g4_d32_s2_q2,21,2668,1,1,0.000000e+00,1,1,1,0
qpsk,128,8,2.500000e-01,10047,dsp,1464,bf_det_k8_l4_r1_c4_m4_w10g4_d64_s2_q2,28,3549,bf_det_k8_l4_r1_c4_m4_w10g4_d64_s2_q2,28,3549,1,1,0.000000e+00,1,1,1,0
qpsk,128,8,2.500000e-01,10047,lut,1465,bf_det_k8_l1_r4_c4_m3_w10g4_d32_s2_q2,19283,9590,bf_det_k8_l1_r4_c4_m3_w10g4_d32_s2_q2,19283,9590,1,1,0.000000e+00,1,1,1,0
qpsk,128,8,2.500000e-01,10047,ff,1466,bf_det_k8_l1_r4_c4_m3_w10g4_d32_s2_q2,11376,9590,bf_det_k8_l1_r4_c4_m3_w10g4_d32_s2_q2,11376,9590,1,1,0.000000e+00,1,1,1,0
qpsk,128,8,2.500000e-01,10047,bram,1467,bf_det_k8_l1_r8_c4_m4_w10g4_d32_s2_q2,19,9228,bf_det_k8_l1_r8_c4_m4_w10g4_d32_s2_q2,19,9228,1,1,0.000000e+00,1,1,1,0
qpsk,128,8,2.500000e-01,15217,dsp,1468,bf_det_k8_l1_r1_c4_m4_w10g4_d64_s2_q2,13,11145,bf_det_k8_l1_r1_c4_m4_w10g4_d64_s2_q2,13,11145,1,1,0.000000e+00,1,1,1,0
qpsk,128,8,2.500000e-01,15217,lut,1469,bf_det_k8_l1_r1_c4_m3_w10g4_d32_s2_q2,17641,11406,bf_det_k8_l1_r1_c4_m3_w10g4_d32_s2_q2,17641,11406,1,1,0.000000e+00,1,1,1,0
qpsk,128,8,2.500000e-01,15217,ff,1470,bf_det_k8_l1_r1_c4_m3_w10g4_d32_s2_q2,9755,11406,bf_det_k8_l1_r1_c4_m3_w10g4_d32_s2_q2,9755,11406,1,1,0.000000e+00,1,1,1,0
qpsk,128,8,2.500000e-01,15217,bram,1471,bf_det_k8_l1_r8_c4_m4_w10g4_d32_s2_q2,19,9228,bf_det_k8_l1_r8_c4_m4_w10g4_d32_s2_q2,19,9228,1,1,0.000000e+00,1,1,1,0
qpsk,128,8,5.000000e-01,833,dsp,1600,bf_det_k8_l16_r8_c16_m4_w8g8_d64_s2_q2,304,821,bf_det_k8_l16_r8_c16_m4_w8g8_d64_s2_q2,304,821,1,1,0.000000e+00,1,1,1,0
qpsk,128,8,5.000000e-01,833,lut,1601,bf_det_k8_l16_r8_c16_m3_w12g0_d32_s2_q2,90868,764,bf_det_k8_l16_r8_c16_m3_w12g0_d32_s2_q2,90868,764,1,1,0.000000e+00,1,1,1,0
qpsk,128,8,5.000000e-01,833,ff,1602,bf_det_k8_l16_r8_c16_m3_w8g8_d64_s2_q2,48855,829,bf_det_k8_l16_r8_c16_m3_w8g8_d64_s2_q2,48855,829,1,1,0.000000e+00,1,1,1,0
qpsk,128,8,5.000000e-01,833,bram,1603,bf_det_k8_l16_r8_c16_m4_w8g8_d32_s2_q2,40,826,bf_det_k8_l16_r8_c16_m4_w8g8_d32_s2_q2,40,826,1,1,0.000000e+00,1,1,1,0
qpsk,128,8,5.000000e-01,1340,dsp,1604,bf_det_k8_l16_r4_c16_m4_w8g8_d64_s2_q2,176,947,bf_det_k8_l16_r4_c16_m4_w8g8_d64_s2_q2,176,947,1,1,0.000000e+00,1,1,1,0
qpsk,128,8,5.000000e-01,1340,lut,1605,bf_det_k8_l16_r4_c16_m3_w8g8_d32_s2_q2,82574,968,bf_det_k8_l16_r4_c16_m3_w12g0_d32_s2_q2,82305,898,1,1,3.270000e-01,1,0,0,0
qpsk,128,8,5.000000e-01,1340,ff,1606,bf_det_k8_l16_r4_c16_m3_w8g8_d32_s2_q2,41484,968,bf_det_k8_l16_r4_c16_m3_w8g8_d32_s2_q2,41484,968,1,1,0.000000e+00,1,1,1,0
qpsk,128,8,5.000000e-01,1340,bram,1607,bf_det_k8_l16_r8_c16_m4_w8g8_d32_s2_q2,40,826,bf_det_k8_l16_r8_c16_m4_w8g8_d32_s2_q2,40,826,1,1,0.000000e+00,1,1,1,0
qpsk,128,8,5.000000e-01,2157,dsp,1608,bf_det_k8_l16_r1_c16_m4_w8g8_d64_s2_q2,80,1633,bf_det_k8_l16_r1_c16_m4_w8g8_d64_s2_q2,80,1633,1,1,0.000000e+00,1,1,1,0
qpsk,128,8,5.000000e-01,2157,lut,1609,bf_det_k8_l16_r1_c16_m3_w12g0_d32_s2_q2,75604,1632,bf_det_k8_l16_r1_c16_m3_w12g0_d32_s2_q2,75604,1632,1,1,0.000000e+00,1,1,1,0
qpsk,128,8,5.000000e-01,2157,ff,1610,bf_det_k8_l16_r1_c16_m3_w8g8_d32_s2_q2,36804,1702,bf_det_k8_l16_r1_c16_m3_w8g8_d32_s2_q2,36804,1702,1,1,0.000000e+00,1,1,1,0
qpsk,128,8,5.000000e-01,2157,bram,1611,bf_det_k8_l16_r8_c16_m4_w8g8_d32_s2_q2,40,826,bf_det_k8_l16_r8_c16_m4_w8g8_d32_s2_q2,40,826,1,1,0.000000e+00,1,1,1,0
qpsk,128,8,5.000000e-01,3472,dsp,1612,bf_det_k8_l4_r4_c4_m4_w8g8_d64_s2_q2,44,3047,bf_det_k8_l4_r4_c4_m4_w8g8_d64_s2_q2,44,3047,1,1,0.000000e+00,1,1,1,0
qpsk,128,8,5.000000e-01,3472,lut,1613,bf_det_k8_l4_r1_c4_m4_w12g0_d32_s2_q2,29483,3418,bf_det_k8_l4_r1_c4_m3_w12g0_d32_s2_q2,29411,3420,1,1,2.450000e-01,1,0,0,0
qpsk,128,8,5.000000e-01,3472,ff,1614,bf_det_k8_l4_r4_c4_m3_w8g8_d32_s2_q2,15154,3116,bf_det_k8_l4_r4_c4_m3_w8g8_d32_s2_q2,15154,3116,1,1,0.000000e+00,1,1,1,0
qpsk,128,8,5.000000e-01,3472,bram,1615,bf_det_k8_l4_r8_c4_m4_w8g8_d32_s2_q2,16,2770,bf_det_k8_l4_r8_c4_m4_w8g8_d32_s2_q2,16,2770,1,1,0.000000e+00,1,1,1,0
qpsk,128,8,5.000000e-01,5589,dsp,1616,bf_det_k8_l4_r1_c4_m4_w8g8_d64_s2_q2,20,3651,bf_det_k8_l4_r1_c4_m4_w8g8_d64_s2_q2,20,3651,1,1,0.000000e+00,1,1,1,0
qpsk,128,8,5.000000e-01,5589,lut,1617,bf_det_k8_l4_r1_c4_m3_w8g8_d32_s2_q2,28614,3658,bf_det_k8_l4_r1_c4_m3_w8g8_d32_s2_q2,28614,3658,1,1,0.000000e+00,1,1,1,0
qpsk,128,8,5.000000e-01,5589,ff,1618,bf_det_k8_l4_r1_c4_m3_w8g8_d32_s2_q2,14376,3658,bf_det_k8_l4_r4_c4_m3_w8g4_d32_s2_q2,14282,5546,1,1,6.580000e-01,1,0,0,0
qpsk,128,8,5.000000e-01,5589,bram,1619,bf_det_k8_l4_r8_c4_m4_w8g8_d32_s2_q2,16,2770,bf_det_k8_l4_r8_c4_m4_w8g8_d32_s2_q2,16,2770,1,1,0.000000e+00,1,1,1,0
qpsk,128,8,5.000000e-01,8998,dsp,1620,bf_det_k8_l4_r1_c4_m4_w8g8_d64_s2_q2,20,3651,bf_det_k8_l4_r1_c4_m4_w8g8_d64_s2_q2,20,3651,1,1,0.000000e+00,1,1,1,0
qpsk,128,8,5.000000e-01,8998,lut,1621,bf_det_k8_l1_r4_c4_m3_w12g0_d32_s2_q2,19664,9070,bf_det_k8_l1_r8_c4_m3_w12g0_d32_s2_q2,21843,8740,1,1,-9.976000e+00,1,0,0,0
qpsk,128,8,5.000000e-01,8998,ff,1622,bf_det_k8_l1_r4_c4_m3_w12g0_d32_s2_q2,12324,9070,bf_det_k8_l4_r1_c4_m3_w8g4_d32_s2_q2,13504,6630,1,1,-8.738000e+00,1,0,0,0
qpsk,128,8,5.000000e-01,8998,bram,1623,bf_det_k8_l4_r8_c4_m4_w8g8_d32_s2_q2,16,2770,bf_det_k8_l4_r8_c4_m4_w8g8_d32_s2_q2,16,2770,1,1,0.000000e+00,1,1,1,0
qpsk,128,8,5.000000e-01,14485,dsp,1624,bf_det_k8_l1_r1_c4_m4_w8g8_d64_s2_q2,11,11471,bf_det_k8_l1_r1_c4_m4_w8g8_d64_s2_q2,11,11471,1,1,0.000000e+00,1,1,1,0
qpsk,128,8,5.000000e-01,14485,lut,1625,bf_det_k8_l1_r1_c4_m3_w8g8_d32_s2_q2,16928,11732,bf_det_k8_l1_r1_c4_m3_w8g8_d32_s2_q2,16928,11732,1,1,0.000000e+00,1,1,1,0
qpsk,128,8,5.000000e-01,14485,ff,1626,bf_det_k8_l1_r1_c4_m3_w8g8_d32_s2_q2,9225,11732,bf_det_k8_l1_r1_c4_m3_w8g8_d32_s2_q2,9225,11732,1,1,0.000000e+00,1,1,1,0
qpsk,128,8,5.000000e-01,14485,bram,1627,bf_det_k8_l4_r8_c4_m4_w8g8_d32_s2_q2,16,2770,bf_det_k8_l4_r8_c4_m4_w8g8_d32_s2_q2,16,2770,1,1,0.000000e+00,1,1,1,0
qpsk,128,8,5.000000e-01,23319,dsp,1628,bf_det_k8_l1_r1_c4_m4_w8g8_d64_s2_q2,11,11471,bf_det_k8_l1_r1_c4_m4_w8g8_d64_s2_q2,11,11471,1,1,0.000000e+00,1,1,1,0
qpsk,128,8,5.000000e-01,23319,lut,1629,bf_det_k8_l1_r1_c4_m3_w8g4_d32_s2_q2,16546,20858,bf_det_k8_l1_r1_c4_m3_w8g4_d32_s2_q2,16546,20858,1,1,0.000000e+00,1,1,1,0
qpsk,128,8,5.000000e-01,23319,ff,1630,bf_det_k8_l1_r1_c4_m3_w8g4_d32_s2_q2,8989,20858,bf_det_k8_l1_r1_c4_m3_w8g4_d32_s2_q2,8989,20858,1,1,0.000000e+00,1,1,1,0
qpsk,128,8,5.000000e-01,23319,bram,1631,bf_det_k8_l4_r8_c4_m4_w8g8_d32_s2_q2,16,2770,bf_det_k8_l4_r8_c4_m4_w8g8_d32_s2_q2,16,2770,1,1,0.000000e+00,1,1,1,0
qpsk,128,8,1.000000e+00,826,dsp,1632,bf_det_k8_l16_r8_c16_m4_w8g4_d64_s2_q2,304,741,bf_det_k8_l16_r8_c16_m4_w8g4_d64_s2_q2,304,741,1,1,0.000000e+00,1,1,1,0
qpsk,128,8,1.000000e+00,826,lut,1633,bf_det_k8_l16_r8_c16_m3_w8g4_d32_s2_q2,86328,754,bf_det_k8_l16_r8_c16_m3_w8g4_d32_s2_q2,86328,754,1,1,0.000000e+00,1,1,1,0
qpsk,128,8,1.000000e+00,826,ff,1634,bf_det_k8_l16_r8_c16_m3_w8g4_d32_s2_q2,44207,754,bf_det_k8_l16_r8_c16_m3_w8g4_d32_s2_q2,44207,754,1,1,0.000000e+00,1,1,1,0
qpsk,128,8,1.000000e+00,826,bram,1635,bf_det_k8_l16_r8_c16_m4_w8g4_d32_s2_q2,40,746,bf_det_k8_l16_r8_c16_m4_w8g4_d32_s2_q2,40,746,1,1,0.000000e+00,1,1,1,0
qpsk,128,8,1.000000e+00,1270,dsp,1636,bf_det_k8_l16_r4_c16_m4_w8g4_d64_s2_q2,176,867,bf_det_k8_l16_r4_c16_m4_w8g4_d64_s2_q2,176,867,1,1,0.000000e+00,1,1,1,0
qpsk,128,8,1.000000e+00,1270,lut,1637,bf_det_k8_l16_r4_c16_m3_w8g4_d32_s2_q2,78789,888,bf_det_k8_l16_r4_c16_m3_w8g4_d32_s2_q2,78789,888,1,1,0.000000e+00,1,1,1,0
qpsk,128,8,1.000000e+00,1270,ff,1638,bf_det_k8_l16_r4_c16_m3_w8g4_d32_s2_q2,38068,888,bf_det_k8_l16_r4_c16_m3_w8g4_d32_s2_q2,38068,888,1,1,0.000000e+00,1,1,1,0
qpsk,128,8,1.000000e+00,1270,bram,1639,bf_det_k8_l16_r8_c16_m4_w8g4_d32_s2_q2,40,746,bf_det_k8_l16_r8_c16_m4_w8g4_d32_s2_q2,40,746,1,1,0.000000e+00,1,1,1,0
qpsk,128,8,1.000000e+00,1953,dsp,1640,bf_det_k8_l16_r1_c16_m4_w8g4_d64_s2_q2,80,1553,bf_det_k8_l16_r1_c16_m4_w8g4_d64_s2_q2,80,1553,1,1,0.000000e+00,1,1,1,0
qpsk,128,8,1.000000e+00,1953,lut,1641,bf_det_k8_l16_r1_c16_m3_w8g4_d32_s2_q2,72898,1622,bf_det_k8_l16_r1_c16_m3_w8g4_d32_s2_q2,72898,1622,1,1,0.000000e+00,1,1,1,0
qpsk,128,8,1.000000e+00,1953,ff,1642,bf_det_k8_l16_r1_c16_m3_w8g4_d32_s2_q2,33388,1622,bf_det_k8_l16_r1_c16_m3_w8g4_d32_s2_q2,33388,1622,1,1,0.000000e+00,1,1,1,0
qpsk,128,8,1.000000e+00,1953,bram,1643,bf_det_k8_l16_r8_c16_m4_w8g4_d32_s2_q2,40,746,bf_det_k8_l16_r8_c16_m4_w8g4_d32_s2_q2,40,746,1,1,0.000000e+00,1,1,1,0
qpsk,128,8,1.000000e+00,3004,dsp,1644,bf_det_k8_l4_r4_c4_m4_w8g4_d64_s2_q2,44,2775,bf_det_k8_l4_r4_c4_m4_w8g4_d64_s2_q2,44,2775,1,1,0.000000e+00,1,1,1,0
qpsk,128,8,1.000000e+00,3004,lut,1645,bf_det_k8_l4_r4_c4_m3_w8g4_d32_s2_q2,28662,2844,bf_det_k8_l4_r4_c4_m3_w8g4_d32_s2_q2,28662,2844,1,1,0.000000e+00,1,1,1,0
qpsk,128,8,1.000000e+00,3004,ff,1646,bf_det_k8_l4_r4_c4_m3_w8g4_d32_s2_q2,14282,2844,bf_det_k8_l4_r4_c4_m3_w8g4_d32_s2_q2,14282,2844,1,1,0.000000e+00,1,1,1,0
qpsk,128,8,1.000000e+00,3004,bram,1647,bf_det_k8_l4_r8_c4_m4_w8g4_d32_s2_q2,16,2498,bf_det_k8_l4_r8_c4_m4_w8g4_d32_s2_q2,16,2498,1,1,0.000000e+00,1,1,1,0
qpsk,128,8,1.000000e+00,4622,dsp,1648,bf_det_k8_l4_r1_c4_m4_w8g4_d64_s2_q2,20,3379,bf_det_k8_l4_r1_c4_m4_w8g4_d64_s2_q2,20,3379,1,1,0.000000e+00,1,1,1,0
qpsk,128,8,1.000000e+00,4622,lut,1649,bf_det_k8_l4_r1_c4_m3_w8g4_d32_s2_q2,27553,3386,bf_det_k8_l4_r1_c4_m3_w8g4_d32_s2_q2,27553,3386,1,1,0.000000e+00,1,1,1,0
qpsk,128,8,1.000000e+00,4622,ff,1650,bf_det_k8_l4_r1_c4_m3_w8g4_d32_s2_q2,13504,3386,bf_det_k8_l4_r1_c4_m3_w8g4_d32_s2_q2,13504,3386,1,1,0.000000e+00,1,1,1,0
qpsk,128,8,1.000000e+00,4622,bram,1651,bf_det_k8_l4_r8_c4_m4_w8g4_d32_s2_q2,16,2498,bf_det_k8_l4_r8_c4_m4_w8g4_d32_s2_q2,16,2498,1,1,0.000000e+00,1,1,1,0
qpsk,128,8,1.000000e+00,7109,dsp,1652,bf_det_k8_l4_r1_c4_m4_w8g4_d64_s2_q2,20,3379,bf_det_k8_l4_r1_c4_m4_w8g4_d64_s2_q2,20,3379,1,1,0.000000e+00,1,1,1,0
qpsk,128,8,1.000000e+00,7109,lut,1653,bf_det_k8_l4_r1_c4_m3_w8g4_d32_s2_q2,27553,3386,bf_det_k8_l4_r1_c4_m3_w8g4_d32_s2_q2,27553,3386,1,1,0.000000e+00,1,1,1,0
qpsk,128,8,1.000000e+00,7109,ff,1654,bf_det_k8_l4_r1_c4_m3_w8g4_d32_s2_q2,13504,3386,bf_det_k8_l4_r1_c4_m3_w8g4_d32_s2_q2,13504,3386,1,1,0.000000e+00,1,1,1,0
qpsk,128,8,1.000000e+00,7109,bram,1655,bf_det_k8_l4_r8_c4_m4_w8g4_d32_s2_q2,16,2498,bf_det_k8_l4_r8_c4_m4_w8g4_d32_s2_q2,16,2498,1,1,0.000000e+00,1,1,1,0
qpsk,128,8,1.000000e+00,10937,dsp,1656,bf_det_k8_l1_r1_c4_m4_w8g4_d64_s2_q2,11,10431,bf_det_k8_l1_r1_c4_m4_w8g4_d64_s2_q2,11,10431,1,1,0.000000e+00,1,1,1,0
qpsk,128,8,1.000000e+00,10937,lut,1657,bf_det_k8_l1_r1_c4_m3_w8g4_d32_s2_q2,16546,10692,bf_det_k8_l1_r1_c4_m3_w8g4_d32_s2_q2,16546,10692,1,1,0.000000e+00,1,1,1,0
qpsk,128,8,1.000000e+00,10937,ff,1658,bf_det_k8_l1_r1_c4_m3_w8g4_d32_s2_q2,8989,10692,bf_det_k8_l1_r1_c4_m3_w8g4_d32_s2_q2,8989,10692,1,1,0.000000e+00,1,1,1,0
qpsk,128,8,1.000000e+00,10937,bram,1659,bf_det_k8_l4_r8_c4_m4_w8g4_d32_s2_q2,16,2498,bf_det_k8_l4_r8_c4_m4_w8g4_d32_s2_q2,16,2498,1,1,0.000000e+00,1,1,1,0
qpsk,128,8,1.000000e+00,16824,dsp,1660,bf_det_k8_l1_r1_c4_m4_w8g4_d64_s2_q2,11,10431,bf_det_k8_l1_r1_c4_m4_w8g4_d64_s2_q2,11,10431,1,1,0.000000e+00,1,1,1,0
qpsk,128,8,1.000000e+00,16824,lut,1661,bf_det_k8_l1_r1_c4_m3_w8g4_d32_s2_q2,16546,10692,bf_det_k8_l1_r1_c4_m3_w8g4_d32_s2_q2,16546,10692,1,1,0.000000e+00,1,1,1,0
qpsk,128,8,1.000000e+00,16824,ff,1662,bf_det_k8_l1_r1_c4_m3_w8g4_d32_s2_q2,8989,10692,bf_det_k8_l1_r1_c4_m3_w8g4_d32_s2_q2,8989,10692,1,1,0.000000e+00,1,1,1,0
qpsk,128,8,1.000000e+00,16824,bram,1663,bf_det_k8_l4_r8_c4_m4_w8g4_d32_s2_q2,16,2498,bf_det_k8_l4_r8_c4_m4_w8g4_d32_s2_q2,16,2498,1,1,0.000000e+00,1,1,1,0
qpsk,128,16,2.500000e-01,1739,dsp,1664,bf_det_k16_l16_r16_c16_m4_w10g4_d64_s2_q2,592,1581,bf_det_k16_l16_r16_c16_m4_w10g4_d64_s2_q2,592,1581,1,1,0.000000e+00,1,1,1,0
qpsk,128,16,2.500000e-01,1739,lut,1665,bf_det_k16_l16_r16_c16_m3_w10g4_d32_s2_q2,120256,1598,bf_det_k16_l16_r16_c16_m3_w10g4_d32_s2_q2,120256,1598,1,1,0.000000e+00,1,1,1,0
qpsk,128,16,2.500000e-01,1739,ff,1666,bf_det_k16_l16_r16_c16_m3_w10g4_d32_s2_q2,72365,1598,bf_det_k16_l16_r16_c16_m3_w10g4_d32_s2_q2,72365,1598,1,1,0.000000e+00,1,1,1,0
qpsk,128,16,2.500000e-01,1739,bram,1667,bf_det_k16_l16_r16_c16_m4_w10g4_d32_s2_q2,49,1586,bf_det_k16_l16_r16_c16_m4_w10g4_d32_s2_q2,49,1586,1,1,0.000000e+00,1,1,1,0
qpsk,128,16,2.500000e-01,2732,dsp,1668,bf_det_k16_l16_r4_c16_m4_w10g4_d64_s2_q2,208,2274,bf_det_k16_l16_r4_c16_m4_w10g4_d64_s2_q2,208,2274,1,1,0.000000e+00,1,1,1,0
qpsk,128,16,2.500000e-01,2732,lut,1669,bf_det_k16_l16_r4_c16_m3_w12g4_d32_s2_q2,97624,2387,bf_det_k16_l16_r4_c16_m3_w10g4_d32_s2_q2,96309,2327,1,1,1.365000e+00,1,0,0,0
qpsk,128,16,2.500000e-01,2732,ff,1670,bf_det_k16_l16_r4_c16_m3_w10g4_d32_s2_q2,49331,2327,bf_det_k16_l16_r4_c16_m3_w10g4_d32_s2_q2,49331,2327,1,1,0.000000e+00,1,1,1,0
qpsk,128,16,2.500000e-01,2732,bram,1671,bf_det_k16_l16_r16_c16_m4_w10g4_d32_s2_q2,49,1586,bf_det_k16_l16_r16_c16_m4_w10g4_d32_s2_q2,49,1586,1,1,0.000000e+00,1,1,1,0
qpsk,128,16,2.500000e-01,4291,dsp,1672,bf_det_k16_l16_r4_c16_m4_w10g4_d64_s2_q2,208,2274,bf_det_k16_l16_r4_c16_m4_w10g4_d64_s2_q2,208,2274,1,1,0.000000e+00,1,1,1,0
qpsk,128,16,2.500000e-01,4291,lut,1673,bf_det_k16_l16_r4_c16_m3_w12g0_d32_s2_q2,92959,2996,bf_det_k16_l16_r4_c16_m3_w12g0_d32_s2_q2,92959,2996,1,1,0.000000e+00,1,1,1,0
qpsk,128,16,2.500000e-01,4291,ff,1674,bf_det_k16_l16_r4_c16_m3_w10g4_d32_s2_q2,49331,2327,bf_det_k16_l16_r4_c16_m3_w10g4_d32_s2_q2,49331,2327,1,1,0.000000e+00,1,1,1,0
qpsk,128,16,2.500000e-01,4291,bram,1675,bf_det_k16_l16_r16_c16_m4_w10g4_d32_s2_q2,49,1586,bf_det_k16_l16_r16_c16_m4_w10g4_d32_s2_q2,49,1586,1,1,0.000000e+00,1,1,1,0
qpsk,128,16,2.500000e-01,6740,dsp,1676,bf_det_k16_l16_r1_c16_m4_w10g4_d64_s2_q2,112,4911,bf_det_k16_l16_r1_c16_m4_w10g4_d64_s2_q2,112,4911,1,1,0.000000e+00,1,1,1,0
qpsk,128,16,2.500000e-01,6740,lut,1677,bf_det_k16_l4_r16_c4_m3_w10g4_d32_s2_q2,45943,5666,bf_det_k16_l4_r16_c4_m3_w10g4_d32_s2_q2,45943,5666,1,1,0.000000e+00,1,1,1,0
qpsk,128,16,2.500000e-01,6740,ff,1678,bf_det_k16_l4_r16_c4_m3_w10g4_d32_s2_q2,26159,5666,bf_det_k16_l4_r16_c4_m3_w10g4_d32_s2_q2,26159,5666,1,1,0.000000e+00,1,1,1,0
qpsk,128,16,2.500000e-01,6740,bram,1679,bf_det_k16_l16_r16_c16_m4_w10g4_d32_s2_q2,49,1586,bf_det_k16_l16_r16_c16_m4_w10g4_d32_s2_q2,49,1586,1,1,0.000000e+00,1,1,1,0
qpsk,128,16,2.500000e-01,10586,dsp,1680,bf_det_k16_l4_r4_c4_m4_w10g4_d64_s2_q2,52,7440,bf_det_k16_l4_r4_c4_m4_w10g4_d64_s2_q2,52,7440,1,1,0.000000e+00,1,1,1,0
qpsk,128,16,2.500000e-01,10586,lut,1681,bf_det_k16_l4_r4_c4_m3_w10g4_d32_s2_q2,39791,7637,bf_det_k16_l4_r4_c4_m3_w10g4_d32_s2_q2,39791,7637,1,1,0.000000e+00,1,1,1,0
qpsk,128,16,2.500000e-01,10586,ff,1682,bf_det_k16_l4_r4_c4_m3_w10g4_d32_s2_q2,20392,7637,bf_det_k16_l4_r4_c4_m3_w10g4_d32_s2_q2,20392,7637,1,1,0.000000e+00,1,1,1,0
qpsk,128,16,2.500000e-01,10586,bram,1683,bf_det_k16_l16_r16_c16_m4_w10g4_d32_s2_q2,49,1586,bf_det_k16_l16_r16_c16_m4_w10g4_d32_s2_q2,49,1586,1,1,0.000000e+00,1,1,1,0
qpsk,128,16,2.500000e-01,16628,dsp,1684,bf_det_k16_l4_r1_c4_m4_w10g4_d64_s2_q2,28,11550,bf_det_k16_l4_r1_c4_m4_w10g4_d64_s2_q2,28,11550,1,1,0.000000e+00,1,1,1,0
qpsk,128,16,2.500000e-01,16628,lut,1685,bf_det_k16_l4_r1_c4_m3_w12g0_d32_s2_q2,39044,15048,bf_det_k16_l4_r1_c4_m3_w10g4_d32_s2_q2,38582,11558,1,1,1.197000e+00,1,0,0,0
qpsk,128,16,2.500000e-01,16628,ff,1686,bf_det_k16_l4_r1_c4_m3_w10g4_d32_s2_q2,19379,11558,bf_det_k16_l4_r1_c4_m3_w10g4_d32_s2_q2,19379,11558,1,1,0.000000e+00,1,1,1,0
qpsk,128,16,2.500000e-01,16628,bram,1687,bf_det_k16_l16_r16_c16_m4_w10g4_d32_s2_q2,49,1586,bf_det_k16_l16_r16_c16_m4_w10g4_d32_s2_q2,49,1586,1,1,0.000000e+00,1,1,1,0
qpsk,128,16,2.500000e-01,26118,dsp,1688,bf_det_k16_l4_r1_c4_m4_w10g4_d64_s2_q2,28,11550,bf_det_k16_l4_r1_c4_m4_w10g4_d64_s2_q2,28,11550,1,1,0.000000e+00,1,1,1,0
qpsk,128,16,2.500000e-01,26118,lut,1689,bf_det_k16_l1_r4_c4_m3_w10g4_d32_s2_q2,28100,21173,bf_det_k16_l1_r4_c4_m3_w10g4_d32_s2_q2,28100,21173,1,1,0.000000e+00,1,1,1,0
qpsk,128,16,2.500000e-01,26118,ff,1690,bf_det_k16_l1_r4_c4_m3_w10g4_d32_s2_q2,15716,21173,bf_det_k16_l1_r4_c4_m3_w10g4_d32_s2_q2,15716,21173,1,1,0.000000e+00,1,1,1,0
qpsk,128,16,2.500000e-01,26118,bram,1691,bf_det_k16_l1_r16_c4_m4_w10g4_d32_s2_q2,35,19082,bf_det_k16_l1_r16_c4_m4_w10g4_d32_s2_q2,35,19082,1,1,0.000000e+00,1,1,1,0
qpsk,128,16,2.500000e-01,41025,dsp,1692,bf_det_k16_l1_r1_c4_m4_w10g4_d64_s2_q2,13,28152,bf_det_k16_l1_r1_c4_m4_w10g4_d64_s2_q2,13,28152,1,1,0.000000e+00,1,1,1,0
qpsk,128,16,2.500000e-01,41025,lut,1693,bf_det_k16_l1_r1_c4_m3_w10g4_d32_s2_q2,26404,28925,bf_det_k16_l1_r1_c4_m3_w10g4_d32_s2_q2,26404,28925,1,1,0.000000e+00,1,1,1,0
qpsk,128,16,2.500000e-01,41025,ff,1694,bf_det_k16_l1_r1_c4_m3_w10g4_d32_s2_q2,14061,28925,bf_det_k16_l1_r1_c4_m3_w10g4_d32_s2_q2,14061,28925,1,1,0.000000e+00,1,1,1,0
qpsk,128,16,2.500000e-01,41025,bram,1695,bf_det_k16_l1_r16_c4_m4_w10g4_d32_s2_q2,35,19082,bf_det_k16_l1_r16_c4_m4_w10g4_d32_s2_q2,35,19082,1,1,0.000000e+00,1,1,1,0
qpsk,128,16,5.000000e-01,1685,dsp,1536,bf_det_k16_l16_r16_c16_m4_w10g4_d64_s2_q2,592,1581,bf_det_k16_l16_r16_c16_m4_w10g4_d64_s2_q2,592,1581,1,1,0.000000e+00,1,1,1,0
qpsk,128,16,5.000000e-01,1685,lut,1537,bf_det_k16_l16_r16_c16_m3_w12g0_d32_s2_q2,118466,1538,bf_det_k16_l16_r16_c16_m3_w12g0_d32_s2_q2,118466,1538,1,1,0.000000e+00,1,1,1,0
qpsk,128,16,5.000000e-01,1685,ff,1538,bf_det_k16_l16_r16_c16_m3_w10g4_d32_s2_q2,72365,1598,bf_det_k16_l16_r16_c16_m3_w10g4_d32_s2_q2,72365,1598,1,1,0.000000e+00,1,1,1,0
qpsk,128,16,5.000000e-01,1685,bram,1539,bf_det_k16_l16_r16_c16_m4_w10g4_d32_s2_q2,49,1586,bf_det_k16_l16_r16_c16_m4_w10g4_d32_s2_q2,49,1586,1,1,0.000000e+00,1,1,1,0
qpsk,128,16,5.000000e-01,2608,dsp,1540,bf_det_k16_l16_r4_c16_m4_w10g4_d64_s2_q2,208,2274,bf_det_k16_l16_r4_c16_m4_w10g4_d64_s2_q2,208,2274,1,1,0.000000e+00,1,1,1,0
qpsk,128,16,5.000000e-01,2608,lut,1541,bf_det_k16_l16_r4_c16_m3_w12g0_d32_s2_q2,92959,2267,bf_det_k16_l16_r4_c16_m3_w12g0_d32_s2_q2,92959,2267,1,1,0.000000e+00,1,1,1,0
qpsk,128,16,5.000000e-01,2608,ff,1542,bf_det_k16_l16_r4_c16_m3_w10g4_d32_s2_q2,49331,2327,bf_det_k16_l16_r4_c16_m3_w10g4_d32_s2_q2,49331,2327,1,1,0.000000e+00,1,1,1,0
qpsk,128,16,5.000000e-01,2608,bram,1543,bf_det_k16_l16_r16_c16_m4_w10g4_d32_s2_q2,49,1586,bf_det_k16_l16_r16_c16_m4_w10g4_d32_s2_q2,49,1586,1,1,0.000000e+00,1,1,1,0
qpsk,128,16,5.000000e-01,4039,dsp,1544,bf_det_k16_l16_r4_c16_m4_w10g4_d64_s2_q2,208,2274,bf_det_k16_l16_r4_c16_m4_w10g4_d64_s2_q2,208,2274,1,1,0.000000e+00,1,1,1,0
qpsk,128,16,5.000000e-01,4039,lut,1545,bf_det_k16_l16_r4_c16_m3_w12g0_d32_s2_q2,92959,2267,bf_det_k16_l16_r4_c16_m3_w12g0_d32_s2_q2,92959,2267,1,1,0.000000e+00,1,1,1,0
qpsk,128,16,5.000000e-01,4039,ff,1546,bf_det_k16_l16_r4_c16_m3_w10g4_d32_s2_q2,49331,2327,bf_det_k16_l16_r4_c16_m3_w10g4_d32_s2_q2,49331,2327,1,1,0.000000e+00,1,1,1,0
qpsk,128,16,5.000000e-01,4039,bram,1547,bf_det_k16_l16_r16_c16_m4_w10g4_d32_s2_q2,49,1586,bf_det_k16_l16_r16_c16_m4_w10g4_d32_s2_q2,49,1586,1,1,0.000000e+00,1,1,1,0
qpsk,128,16,5.000000e-01,6253,dsp,1548,bf_det_k16_l16_r1_c16_m4_w10g4_d64_s2_q2,112,4911,bf_det_k16_l16_r1_c16_m4_w10g4_d64_s2_q2,112,4911,1,1,0.000000e+00,1,1,1,0
qpsk,128,16,5.000000e-01,6253,lut,1549,bf_det_k16_l4_r16_c4_m3_w10g4_d32_s2_q2,45943,5666,bf_det_k16_l4_r16_c4_m3_w10g4_d32_s2_q2,45943,5666,1,1,0.000000e+00,1,1,1,0
qpsk,128,16,5.000000e-01,6253,ff,1550,bf_det_k16_l4_r16_c4_m3_w10g4_d32_s2_q2,26159,5666,bf_det_k16_l4_r16_c4_m3_w10g4_d32_s2_q2,26159,5666,1,1,0.000000e+00,1,1,1,0
qpsk,128,16,5.000000e-01,6253,bram,1551,bf_det_k16_l16_r16_c16_m4_w10g4_d32_s2_q2,49,1586,bf_det_k16_l16_r16_c16_m4_w10g4_d32_s2_q2,49,1586,1,1,0.000000e+00,1,1,1,0
qpsk,128,16,5.000000e-01,9682,dsp,1552,bf_det_k16_l4_r4_c4_m4_w10g4_d64_s2_q2,52,7440,bf_det_k16_l4_r4_c4_m4_w10g4_d64_s2_q2,52,7440,1,1,0.000000e+00,1,1,1,0
qpsk,128,16,5.000000e-01,9682,lut,1553,bf_det_k16_l4_r4_c4_m3_w10g4_d32_s2_q2,39791,7637,bf_det_k16_l4_r4_c4_m3_w10g4_d32_s2_q2,39791,7637,1,1,0.000000e+00,1,1,1,0
qpsk,128,16,5.000000e-01,9682,ff,1554,bf_det_k16_l4_r4_c4_m3_w10g4_d32_s2_q2,20392,7637,bf_det_k16_l4_r4_c4_m3_w10g4_d32_s2_q2,20392,7637,1,1,0.000000e+00,1,1,1,0
qpsk,128,16,5.000000e-01,9682,bram,1555,bf_det_k16_l16_r16_c16_m4_w10g4_d32_s2_q2,49,1586,bf_det_k16_l16_r16_c16_m4_w10g4_d32_s2_q2,49,1586,1,1,0.000000e+00,1,1,1,0
qpsk,128,16,5.000000e-01,14993,dsp,1556,bf_det_k16_l4_r1_c4_m4_w10g4_d64_s2_q2,28,11550,bf_det_k16_l4_r1_c4_m4_w10g4_d64_s2_q2,28,11550,1,1,0.000000e+00,1,1,1,0
qpsk,128,16,5.000000e-01,14993,lut,1557,bf_det_k16_l4_r1_c4_m3_w12g0_d32_s2_q2,39044,11354,bf_det_k16_l4_r1_c4_m3_w10g4_d32_s2_q2,38582,11558,1,1,1.197000e+00,1,0,0,0
qpsk,128,16,5.000000e-01,14993,ff,1558,bf_det_k16_l4_r1_c4_m3_w10g4_d32_s2_q2,19379,11558,bf_det_k16_l4_r1_c4_m3_w10g4_d32_s2_q2,19379,11558,1,1,0.000000e+00,1,1,1,0
qpsk,128,16,5.000000e-01,14993,bram,1559,bf_det_k16_l16_r16_c16_m4_w10g4_d32_s2_q2,49,1586,bf_det_k16_l16_r16_c16_m4_w10g4_d32_s2_q2,49,1586,1,1,0.000000e+00,1,1,1,0
qpsk,128,16,5.000000e-01,23215,dsp,1560,bf_det_k16_l4_r1_c4_m4_w10g4_d64_s2_q2,28,11550,bf_det_k16_l4_r1_c4_m4_w10g4_d64_s2_q2,28,11550,1,1,0.000000e+00,1,1,1,0
qpsk,128,16,5.000000e-01,23215,lut,1561,bf_det_k16_l1_r4_c4_m3_w10g4_d32_s2_q2,28100,21173,bf_det_k16_l1_r4_c4_m3_w10g4_d32_s2_q2,28100,21173,1,1,0.000000e+00,1,1,1,0
qpsk,128,16,5.000000e-01,23215,ff,1562,bf_det_k16_l1_r4_c4_m3_w10g4_d32_s2_q2,15716,21173,bf_det_k16_l1_r4_c4_m3_w10g4_d32_s2_q2,15716,21173,1,1,0.000000e+00,1,1,1,0
qpsk,128,16,5.000000e-01,23215,bram,1563,bf_det_k16_l1_r16_c4_m4_w10g4_d32_s2_q2,35,19082,bf_det_k16_l1_r16_c4_m4_w10g4_d32_s2_q2,35,19082,1,1,0.000000e+00,1,1,1,0
qpsk,128,16,5.000000e-01,35947,dsp,1564,bf_det_k16_l1_r1_c4_m4_w10g4_d64_s2_q2,13,28152,bf_det_k16_l1_r1_c4_m4_w10g4_d64_s2_q2,13,28152,1,1,0.000000e+00,1,1,1,0
qpsk,128,16,5.000000e-01,35947,lut,1565,bf_det_k16_l1_r1_c4_m3_w10g4_d32_s2_q2,26404,28925,bf_det_k16_l1_r1_c4_m3_w10g4_d32_s2_q2,26404,28925,1,1,0.000000e+00,1,1,1,0
qpsk,128,16,5.000000e-01,35947,ff,1566,bf_det_k16_l1_r1_c4_m3_w10g4_d32_s2_q2,14061,28925,bf_det_k16_l1_r1_c4_m3_w10g4_d32_s2_q2,14061,28925,1,1,0.000000e+00,1,1,1,0
qpsk,128,16,5.000000e-01,35947,bram,1567,bf_det_k16_l1_r16_c4_m4_w10g4_d32_s2_q2,35,19082,bf_det_k16_l1_r16_c4_m4_w10g4_d32_s2_q2,35,19082,1,1,0.000000e+00,1,1,1,0
qpsk,128,16,1.000000e+00,1107,dsp,1696,bf_det_k16_l16_r16_c16_m4_w8g4_d64_s2_q2,560,1029,bf_det_k16_l16_r16_c16_m4_w8g4_d64_s2_q2,560,1029,1,1,0.000000e+00,1,1,1,0
qpsk,128,16,1.000000e+00,1107,lut,1697,bf_det_k16_l16_r16_c16_m3_w8g4_d64_s2_q2,123084,1037,bf_det_k16_l16_r16_c16_m3_w8g4_d32_s2_q2,109896,1042,1,1,1.200000e+01,0,0,0,0
qpsk,128,16,1.000000e+00,1107,ff,1698,bf_det_k16_l16_r16_c16_m3_w8g4_d64_s2_q2,61902,1037,bf_det_k16_l16_r16_c16_m3_w8g4_d32_s2_q2,60666,1042,1,1,2.037000e+00,1,0,0,0
qpsk,128,16,1.000000e+00,1107,bram,1699,bf_det_k16_l16_r16_c16_m4_w8g4_d64_s2_q2,48,1029,bf_det_k16_l16_r16_c16_m4_w8g4_d32_s2_q2,44,1034,1,1,9.091000e+00,1,0,0,0
qpsk,128,16,1.000000e+00,1721,dsp,1700,bf_det_k16_l16_r4_c16_m4_w8g4_d64_s2_q2,176,1491,bf_det_k16_l16_r4_c16_m4_w8g4_d64_s2_q2,176,1491,1,1,0.000000e+00,1,1,1,0
qpsk,128,16,1.000000e+00,1721,lut,1701,bf_det_k16_l16_r4_c16_m3_w8g4_d32_s2_q2,87533,1528,bf_det_k16_l16_r4_c16_m3_w8g4_d32_s2_q2,87533,1528,1,1,0.000000e+00,1,1,1,0
qpsk,128,16,1.000000e+00,1721,ff,1702,bf_det_k16_l16_r4_c16_m3_w8g4_d32_s2_q2,41856,1528,bf_det_k16_l16_r4_c16_m3_w8g4_d32_s2_q2,41856,1528,1,1,0.000000e+00,1,1,1,0
qpsk,128,16,1.000000e+00,1721,bram,1703,bf_det_k16_l16_r4_c16_m3_w8g4_d32_s2_q2,44,1528,bf_det_k16_l16_r16_c16_m4_w8g4_d32_s2_q2,44,1034,1,1,0.000000e+00,1,0,1,0
qpsk,128,16,1.000000e+00,2677,dsp,1704,bf_det_k16_l16_r4_c16_m4_w8g4_d64_s2_q2,176,1491,bf_det_k16_l16_r4_c16_m4_w8g4_d64_s2_q2,176,1491,1,1,0.000000e+00,1,1,1,0
qpsk,128,16,1.000000e+00,2677,lut,1705,bf_det_k16_l16_r4_c16_m3_w8g4_d32_s2_q2,87533,1528,bf_det_k16_l16_r4_c16_m3_w8g4_d32_s2_q2,87533,1528,1,1,0.000000e+00,1,1,1,0
qpsk,128,16,1.000000e+00,2677,ff,1706,bf_det_k16_l16_r4_c16_m3_w8g4_d32_s2_q2,41856,1528,bf_det_k16_l16_r4_c16_m3_w8g4_d32_s2_q2,41856,1528,1,1,0.000000e+00,1,1,1,0
qpsk,128,16,1.000000e+00,2677,bram,1707,bf_det_k16_l16_r4_c16_m3_w8g4_d32_s2_q2,44,1528,bf_det_k16_l16_r16_c16_m4_w8g4_d32_s2_q2,44,1034,1,1,0.000000e+00,1,0,1,0
qpsk,128,16,1.000000e+00,4163,dsp,1708,bf_det_k16_l16_r1_c16_m4_w8g4_d64_s2_q2,80,3249,bf_det_k16_l16_r1_c16_m4_w8g4_d64_s2_q2,80,3249,1,1,0.000000e+00,1,1,1,0
qpsk,128,16,1.000000e+00,4163,lut,1709,bf_det_k16_l4_r16_c4_m3_w8g4_d32_s2_q2,42221,3682,bf_det_k16_l4_r16_c4_m3_w8g4_d32_s2_q2,42221,3682,1,1,0.000000e+00,1,1,1,0
qpsk,128,16,1.000000e+00,4163,ff,1710,bf_det_k16_l4_r16_c4_m3_w8g4_d32_s2_q2,22382,3682,bf_det_k16_l4_r16_c4_m3_w8g4_d32_s2_q2,22382,3682,1,1,0.000000e+00,1,1,1,0
qpsk,128,16,1.000000e+00,4163,bram,1711,bf_det_k16_l16_r4_c16_m3_w8g4_d32_s2_q2,44,1528,bf_det_k16_l16_r16_c16_m4_w8g4_d32_s2_q2,44,1034,1,1,0.000000e+00,1,0,1,0
qpsk,128,16,1.000000e+00,6473,dsp,1712,bf_det_k16_l4_r4_c4_m4_w8g4_d64_s2_q2,44,4863,bf_det_k16_l4_r4_c4_m4_w8g4_d64_s2_q2,44,4863,1,1,0.000000e+00,1,1,1,0
qpsk,128,16,1.000000e+00,6473,lut,1713,bf_det_k16_l4_r4_c4_m3_w8g4_d32_s2_q2,36501,4996,bf_det_k16_l4_r4_c4_m3_w8g4_d32_s2_q2,36501,4996,1,1,0.000000e+00,1,1,1,0
qpsk,128,16,1.000000e+00,6473,ff,1714,bf_det_k16_l4_r4_c4_m3_w8g4_d32_s2_q2,17675,4996,bf_det_k16_l4_r4_c4_m3_w8g4_d32_s2_q2,17675,4996,1,1,0.000000e+00,1,1,1,0
qpsk,128,16,1.000000e+00,6473,bram,1715,bf_det_k16_l16_r4_c16_m3_w8g4_d32_s2_q2,44,1528,bf_det_k16_l16_r16_c16_m4_w8g4_d32_s2_q2,44,1034,1,1,0.000000e+00,1,0,1,0
qpsk,128,16,1.000000e+00,10067,dsp,1716,bf_det_k16_l4_r1_c4_m4_w8g4_d64_s2_q2,20,7603,bf_det_k16_l4_r1_c4_m4_w8g4_d64_s2_q2,20,7603,1,1,0.000000e+00,1,1,1,0
qpsk,128,16,1.000000e+00,10067,lut,1717,bf_det_k16_l4_r1_c4_m3_w8g4_d32_s2_q2,35348,7610,bf_det_k16_l4_r1_c4_m3_w8g4_d32_s2_q2,35348,7610,1,1,0.000000e+00,1,1,1,0
qpsk,128,16,1.000000e+00,10067,ff,1718,bf_det_k16_l4_r1_c4_m3_w8g4_d32_s2_q2,16882,7610,bf_det_k16_l4_r1_c4_m3_w8g4_d32_s2_q2,16882,7610,1,1,0.000000e+00,1,1,1,0
qpsk,128,16,1.000000e+00,10067,bram,1719,bf_det_k16_l16_r4_c16_m3_w8g4_d32_s2_q2,44,1528,bf_det_k16_l16_r16_c16_m4_w8g4_d32_s2_q2,44,1034,1,1,0.000000e+00,1,0,1,0
qpsk,128,16,1.000000e+00,15655,dsp,1720,bf_det_k16_l4_r1_c4_m4_w8g4_d64_s2_q2,20,7603,bf_det_k16_l4_r1_c4_m4_w8g4_d64_s2_q2,20,7603,1,1,0.000000e+00,1,1,1,0
qpsk,128,16,1.000000e+00,15655,lut,1721,bf_det_k16_l1_r4_c4_m3_w8g4_d32_s2_q2,26021,13748,bf_det_k16_l1_r4_c4_m3_w8g4_d32_s2_q2,26021,13748,1,1,0.000000e+00,1,1,1,0
qpsk,128,16,1.000000e+00,15655,ff,1722,bf_det_k16_l1_r4_c4_m3_w8g4_d32_s2_q2,13804,13748,bf_det_k16_l1_r4_c4_m3_w8g4_d32_s2_q2,13804,13748,1,1,0.000000e+00,1,1,1,0
qpsk,128,16,1.000000e+00,15655,bram,1723,bf_det_k16_l1_r16_c4_m4_w8g4_d32_s2_q2,30,12354,bf_det_k16_l1_r16_c4_m4_w8g4_d32_s2_q2,30,12354,1,1,0.000000e+00,1,1,1,0
qpsk,128,16,1.000000e+00,24346,dsp,1724,bf_det_k16_l1_r1_c4_m4_w8g4_d64_s2_q2,11,18399,bf_det_k16_l1_r1_c4_m4_w8g4_d64_s2_q2,11,18399,1,1,0.000000e+00,1,1,1,0
qpsk,128,16,1.000000e+00,24346,lut,1725,bf_det_k16_l1_r1_c4_m3_w8g4_d32_s2_q2,24433,18916,bf_det_k16_l1_r1_c4_m3_w8g4_d32_s2_q2,24433,18916,1,1,0.000000e+00,1,1,1,0
qpsk,128,16,1.000000e+00,24346,ff,1726,bf_det_k16_l1_r1_c4_m3_w8g4_d32_s2_q2,12445,18916,bf_det_k16_l1_r1_c4_m3_w8g4_d32_s2_q2,12445,18916,1,1,0.000000e+00,1,1,1,0
qpsk,128,16,1.000000e+00,24346,bram,1727,bf_det_k16_l1_r16_c4_m4_w8g4_d32_s2_q2,30,12354,bf_det_k16_l1_r16_c4_m4_w8g4_d32_s2_q2,30,12354,1,1,0.000000e+00,1,1,1,0
