# mimo_cg float_ranges: numpy=2.5.3, base_seed=20260930
M,K,rho_db,normalization,variable,iteration,value
32,4,-1.000000e+01,none,A,0,5.970566e+01
32,4,-1.000000e+01,none,A,1,5.970566e+01
32,4,-1.000000e+01,none,A,2,5.970566e+01
32,4,-1.000000e+01,none,A,3,5.970566e+01
32,4,-1.000000e+01,none,A,4,5.970566e+01
32,4,-1.000000e+01,none,B,0,1.042531e+02
32,4,-1.000000e+01,none,B,1,1.042531e+02
32,4,-1.000000e+01,none,B,2,1.042531e+02
32,4,-1.000000e+01,none,B,3,1.042531e+02
32,4,-1.000000e+01,none,B,4,1.042531e+02
32,4,-1.000000e+01,none,P,0,1.042531e+02
32,4,-1.000000e+01,none,P,1,1.042531e+02
32,4,-1.000000e+01,none,P,2,2.652618e+01
32,4,-1.000000e+01,none,P,3,8.317075e+00
32,4,-1.000000e+01,none,P,4,1.321800e+00
32,4,-1.000000e+01,none,S,1,7.417014e+03
32,4,-1.000000e+01,none,S,2,1.408268e+03
32,4,-1.000000e+01,none,S,3,3.138720e+02
32,4,-1.000000e+01,none,S,4,6.260824e+01
32,4,-1.000000e+01,none,ps,1,2.448299e+06
32,4,-1.000000e+01,none,ps,2,7.151204e+04
32,4,-1.000000e+01,none,ps,3,3.823511e+03
32,4,-1.000000e+01,none,ps,4,1.881841e+02
32,4,-1.000000e+01,none,alpha,1,3.434539e-02
32,4,-1.000000e+01,none,alpha,2,4.067850e-02
32,4,-1.000000e+01,none,alpha,3,4.185231e-02
32,4,-1.000000e+01,none,alpha,4,4.175724e-02
32,4,-1.000000e+01,none,X,0,0.000000e+00
32,4,-1.000000e+01,none,X,1,1.858257e+00
32,4,-1.000000e+01,none,X,2,1.895087e+00
32,4,-1.000000e+01,none,X,3,1.877073e+00
32,4,-1.000000e+01,none,X,4,1.873542e+00
32,4,-1.000000e+01,none,R,0,1.042531e+02
32,4,-1.000000e+01,none,R,1,2.735587e+01
32,4,-1.000000e+01,none,R,2,6.854363e+00
32,4,-1.000000e+01,none,R,3,1.273597e+00
32,4,-1.000000e+01,none,R,4,1.265654e-14
32,4,-1.000000e+01,none,rz,0,3.432354e+04
32,4,-1.000000e+01,none,rz,1,1.345592e+03
32,4,-1.000000e+01,none,rz,2,8.559067e+01
32,4,-1.000000e+01,none,rz,3,4.256149e+00
32,4,-1.000000e+01,none,rz,4,4.941224e-28
32,4,-1.000000e+01,none,beta,1,1.862221e-01
32,4,-1.000000e+01,none,beta,2,2.624880e-01
32,4,-1.000000e+01,none,beta,3,1.407487e-01
32,4,-1.000000e+01,none,beta,4,1.163904e-24
32,4,-1.000000e+01,none,ps_min,1,1.511939e+04
32,4,-1.000000e+01,none,ps_min,2,1.629095e+02
32,4,-1.000000e+01,none,ps_min,3,9.948408e-01
32,4,-1.000000e+01,none,ps_min,4,3.559522e-04
32,4,-1.000000e+01,none,rz_min,0,3.158363e+02
32,4,-1.000000e+01,none,rz_min,1,3.673910e+00
32,4,-1.000000e+01,none,rz_min,2,2.912359e-02
32,4,-1.000000e+01,none,rz_min,3,1.020358e-05
32,4,-1.000000e+01,none,rz_min,4,6.319458e-35
32,4,-1.000000e+01,M,A,0,1.865802e+00
32,4,-1.000000e+01,M,A,1,1.865802e+00
32,4,-1.000000e+01,M,A,2,1.865802e+00
32,4,-1.000000e+01,M,A,3,1.865802e+00
32,4,-1.000000e+01,M,A,4,1.865802e+00
32,4,-1.000000e+01,M,B,0,3.257911e+00
32,4,-1.000000e+01,M,B,1,3.257911e+00
32,4,-1.000000e+01,M,B,2,3.257911e+00
32,4,-1.000000e+01,M,B,3,3.257911e+00
32,4,-1.000000e+01,M,B,4,3.257911e+00
32,4,-1.000000e+01,M,P,0,3.257911e+00
32,4,-1.000000e+01,M,P,1,3.257911e+00
32,4,-1.000000e+01,M,P,2,8.289433e-01
32,4,-1.000000e+01,M,P,3,2.599086e-01
32,4,-1.000000e+01,M,P,4,4.130624e-02
32,4,-1.000000e+01,M,S,1,7.243178e+00
32,4,-1.000000e+01,M,S,2,1.375262e+00
32,4,-1.000000e+01,M,S,3,3.065157e-01
32,4,-1.000000e+01,M,S,4,6.114086e-02
32,4,-1.000000e+01,M,ps,1,7.471615e+01
32,4,-1.000000e+01,M,ps,2,2.182374e+00
32,4,-1.000000e+01,M,ps,3,1.166843e-01
32,4,-1.000000e+01,M,ps,4,5.742923e-03
32,4,-1.000000e+01,M,alpha,1,1.099052e+00
32,4,-1.000000e+01,M,alpha,2,1.301712e+00
32,4,-1.000000e+01,M,alpha,3,1.339274e+00
32,4,-1.000000e+01,M,alpha,4,1.336232e+00
32,4,-1.000000e+01,M,X,0,0.000000e+00
32,4,-1.000000e+01,M,X,1,1.858257e+00
32,4,-1.000000e+01,M,X,2,1.895087e+00
32,4,-1.000000e+01,M,X,3,1.877073e+00
32,4,-1.000000e+01,M,X,4,1.873542e+00
32,4,-1.000000e+01,M,R,0,3.257911e+00
32,4,-1.000000e+01,M,R,1,8.548710e-01
32,4,-1.000000e+01,M,R,2,2.141988e-01
32,4,-1.000000e+01,M,R,3,3.979991e-02
32,4,-1.000000e+01,M,R,4,3.955170e-16
32,4,-1.000000e+01,M,rz,0,3.351908e+01
32,4,-1.000000e+01,M,rz,1,1.314054e+00
32,4,-1.000000e+01,M,rz,2,8.358464e-02
32,4,-1.000000e+01,M,rz,3,4.156396e-03
32,4,-1.000000e+01,M,rz,4,4.825414e-31
32,4,-1.000000e+01,M,beta,1,1.862221e-01
32,4,-1.000000e+01,M,beta,2,2.624880e-01
32,4,-1.000000e+01,M,beta,3,1.407487e-01
32,4,-1.000000e+01,M,beta,4,1.163904e-24
32,4,-1.000000e+01,M,ps_min,1,4.614073e-01
32,4,-1.000000e+01,M,ps_min,2,4.971603e-03
32,4,-1.000000e+01,M,ps_min,3,3.036013e-05
32,4,-1.000000e+01,M,ps_min,4,1.086280e-08
32,4,-1.000000e+01,M,rz_min,0,3.084339e-01
32,4,-1.000000e+01,M,rz_min,1,3.587803e-03
32,4,-1.000000e+01,M,rz_min,2,2.844101e-05
32,4,-1.000000e+01,M,rz_min,3,9.964431e-09
32,4,-1.000000e+01,M,rz_min,4,6.171345e-38
32,4,0.000000e+00,none,A,0,5.335669e+01
32,4,0.000000e+00,none,A,1,5.335669e+01
32,4,0.000000e+00,none,A,2,5.335669e+01
32,4,0.000000e+00,none,A,3,5.335669e+01
32,4,0.000000e+00,none,A,4,5.335669e+01
32,4,0.000000e+00,none,B,0,8.104328e+01
32,4,0.000000e+00,none,B,1,8.104328e+01
32,4,0.000000e+00,none,B,2,8.104328e+01
32,4,0.000000e+00,none,B,3,8.104328e+01
32,4,0.000000e+00,none,B,4,8.104328e+01
32,4,0.000000e+00,none,P,0,8.104328e+01
32,4,0.000000e+00,none,P,1,8.104328e+01
32,4,0.000000e+00,none,P,2,2.676113e+01
32,4,0.000000e+00,none,P,3,9.577317e+00
32,4,0.000000e+00,none,P,4,3.153620e+00
32,4,0.000000e+00,none,S,1,5.421566e+03
32,4,0.000000e+00,none,S,2,1.030274e+03
32,4,0.000000e+00,none,S,3,2.971891e+02
32,4,0.000000e+00,none,S,4,8.970064e+01
32,4,0.000000e+00,none,ps,1,1.080091e+06
32,4,0.000000e+00,none,ps,2,5.593927e+04
32,4,0.000000e+00,none,ps,3,3.630710e+03
32,4,0.000000e+00,none,ps,4,5.112102e+02
32,4,0.000000e+00,none,alpha,1,4.690650e-02
32,4,0.000000e+00,none,alpha,2,7.112854e-02
32,4,0.000000e+00,none,alpha,3,8.590557e-02
32,4,0.000000e+00,none,alpha,4,8.959528e-02
32,4,0.000000e+00,none,X,0,0.000000e+00
32,4,0.000000e+00,none,X,1,1.528584e+00
32,4,0.000000e+00,none,X,2,1.469958e+00
32,4,0.000000e+00,none,X,3,1.417991e+00
32,4,0.000000e+00,none,X,4,1.413363e+00
32,4,0.000000e+00,none,R,0,8.104328e+01
32,4,0.000000e+00,none,R,1,2.574082e+01
32,4,0.000000e+00,none,R,2,7.581906e+00
32,4,0.000000e+00,none,R,3,2.991677e+00
32,4,0.000000e+00,none,R,4,3.587755e-14
32,4,0.000000e+00,none,rz,0,1.986581e+04
32,4,0.000000e+00,none,rz,1,1.308221e+03
32,4,0.000000e+00,none,rz,2,1.116863e+02
32,4,0.000000e+00,none,rz,3,1.686225e+01
32,4,0.000000e+00,none,rz,4,4.676454e-27
32,4,0.000000e+00,none,beta,1,4.097545e-01
32,4,0.000000e+00,none,beta,2,5.431741e-01
32,4,0.000000e+00,none,beta,3,4.387946e-01
32,4,0.000000e+00,none,beta,4,1.432742e-24
32,4,0.000000e+00,none,ps_min,1,8.382189e+03
32,4,0.000000e+00,none,ps_min,2,2.022262e+02
32,4,0.000000e+00,none,ps_min,3,8.776469e-01
32,4,0.000000e+00,none,ps_min,4,5.176847e-04
32,4,0.000000e+00,none,rz_min,0,2.984096e+02
32,4,0.000000e+00,none,rz_min,1,6.547410e+00
32,4,0.000000e+00,none,rz_min,2,3.557600e-02
32,4,0.000000e+00,none,rz_min,3,2.051487e-05
32,4,0.000000e+00,none,rz_min,4,1.706348e-34
32,4,0.000000e+00,M,A,0,1.667397e+00
32,4,0.000000e+00,M,A,1,1.667397e+00
32,4,0.000000e+00,M,A,2,1.667397e+00
32,4,0.000000e+00,M,A,3,1.667397e+00
32,4,0.000000e+00,M,A,4,1.667397e+00
32,4,0.000000e+00,M,B,0,2.532603e+00
32,4,0.000000e+00,M,B,1,2.532603e+00
32,4,0.000000e+00,M,B,2,2.532603e+00
32,4,0.000000e+00,M,B,3,2.532603e+00
32,4,0.000000e+00,M,B,4,2.532603e+00
32,4,0.000000e+00,M,P,0,2.532603e+00
32,4,0.000000e+00,M,P,1,2.532603e+00
32,4,0.000000e+00,M,P,2,8.362853e-01
32,4,0.000000e+00,M,P,3,2.992912e-01
32,4,0.000000e+00,M,P,4,9.855063e-02
32,4,0.000000e+00,M,S,1,5.294498e+00
32,4,0.000000e+00,M,S,2,1.006127e+00
32,4,0.000000e+00,M,S,3,2.902237e-01
32,4,0.000000e+00,M,S,4,8.759828e-02
32,4,0.000000e+00,M,ps,1,3.296176e+01
32,4,0.000000e+00,M,ps,2,1.707131e+00
32,4,0.000000e+00,M,ps,3,1.108005e-01
32,4,0.000000e+00,M,ps,4,1.560090e-02
32,4,0.000000e+00,M,alpha,1,1.501008e+00
32,4,0.000000e+00,M,alpha,2,2.276113e+00
32,4,0.000000e+00,M,alpha,3,2.748978e+00
32,4,0.000000e+00,M,alpha,4,2.867049e+00
32,4,0.000000e+00,M,X,0,0.000000e+00
32,4,0.000000e+00,M,X,1,1.528584e+00
32,4,0.000000e+00,M,X,2,1.469958e+00
32,4,0.000000e+00,M,X,3,1.417991e+00
32,4,0.000000e+00,M,X,4,1.413363e+00
32,4,0.000000e+00,M,R,0,2.532603e+00
32,4,0.000000e+00,M,R,1,8.044006e-01
32,4,0.000000e+00,M,R,2,2.369346e-01
32,4,0.000000e+00,M,R,3,9.348990e-02
32,4,0.000000e+00,M,R,4,1.121173e-15
32,4,0.000000e+00,M,rz,0,1.940020e+01
32,4,0.000000e+00,M,rz,1,1.277559e+00
32,4,0.000000e+00,M,rz,2,1.090687e-01
32,4,0.000000e+00,M,rz,3,1.646704e-02
32,4,0.000000e+00,M,rz,4,4.566850e-30
32,4,0.000000e+00,M,beta,1,4.097545e-01
32,4,0.000000e+00,M,beta,2,5.431741e-01
32,4,0.000000e+00,M,beta,3,4.387946e-01
32,4,0.000000e+00,M,beta,4,1.432742e-24
32,4,0.000000e+00,M,ps_min,1,2.558041e-01
32,4,0.000000e+00,M,ps_min,2,6.171454e-03
32,4,0.000000e+00,M,ps_min,3,2.678366e-05
32,4,0.000000e+00,M,ps_min,4,1.579848e-08
32,4,0.000000e+00,M,rz_min,0,2.914156e-01
32,4,0.000000e+00,M,rz_min,1,6.393955e-03
32,4,0.000000e+00,M,rz_min,2,3.474219e-05
32,4,0.000000e+00,M,rz_min,3,2.003405e-08
32,4,0.000000e+00,M,rz_min,4,1.666355e-37
32,4,1.000000e+01,none,A,0,5.494862e+01
32,4,1.000000e+01,none,A,1,5.494862e+01
32,4,1.000000e+01,none,A,2,5.494862e+01
32,4,1.000000e+01,none,A,3,5.494862e+01
32,4,1.000000e+01,none,A,4,5.494862e+01
32,4,1.000000e+01,none,B,0,7.207326e+01
32,4,1.000000e+01,none,B,1,7.207326e+01
32,4,1.000000e+01,none,B,2,7.207326e+01
32,4,1.000000e+01,none,B,3,7.207326e+01
32,4,1.000000e+01,none,B,4,7.207326e+01
32,4,1.000000e+01,none,P,0,7.207326e+01
32,4,1.000000e+01,none,P,1,7.207326e+01
32,4,1.000000e+01,none,P,2,2.574442e+01
32,4,1.000000e+01,none,P,3,1.198785e+01
32,4,1.000000e+01,none,P,4,3.300594e+00
32,4,1.000000e+01,none,S,1,4.723828e+03
32,4,1.000000e+01,none,S,2,9.704733e+02
32,4,1.000000e+01,none,S,3,3.482282e+02
32,4,1.000000e+01,none,S,4,1.097662e+02
32,4,1.000000e+01,none,ps,1,1.105453e+06
32,4,1.000000e+01,none,ps,2,3.993525e+04
32,4,1.000000e+01,none,ps,3,6.592520e+03
32,4,1.000000e+01,none,ps,4,8.808950e+02
32,4,1.000000e+01,none,alpha,1,5.007787e-02
32,4,1.000000e+01,none,alpha,2,6.699407e-02
32,4,1.000000e+01,none,alpha,3,7.835665e-02
32,4,1.000000e+01,none,alpha,4,8.566878e-02
32,4,1.000000e+01,none,X,0,0.000000e+00
32,4,1.000000e+01,none,X,1,1.412380e+00
32,4,1.000000e+01,none,X,2,1.260463e+00
32,4,1.000000e+01,none,X,3,1.186884e+00
32,4,1.000000e+01,none,X,4,1.126370e+00
32,4,1.000000e+01,none,R,0,7.207326e+01
32,4,1.000000e+01,none,R,1,2.513428e+01
32,4,1.000000e+01,none,R,2,1.005465e+01
32,4,1.000000e+01,none,R,3,3.025475e+00
32,4,1.000000e+01,none,R,4,6.247780e-14
32,4,1.000000e+01,none,rz,0,1.988853e+04
32,4,1.000000e+01,none,rz,1,1.074648e+03
32,4,1.000000e+01,none,rz,2,1.876086e+02
32,4,1.000000e+01,none,rz,3,2.844721e+01
32,4,1.000000e+01,none,rz,4,6.384411e-27
32,4,1.000000e+01,none,beta,1,3.040511e-01
32,4,1.000000e+01,none,beta,2,5.275323e-01
32,4,1.000000e+01,none,beta,3,3.527351e-01
32,4,1.000000e+01,none,beta,4,1.138074e-24
32,4,1.000000e+01,none,ps_min,1,8.919135e+03
32,4,1.000000e+01,none,ps_min,2,1.240599e+02
32,4,1.000000e+01,none,ps_min,3,8.188899e-01
32,4,1.000000e+01,none,ps_min,4,4.272798e-04
32,4,1.000000e+01,none,rz_min,0,3.577553e+02
32,4,1.000000e+01,none,rz_min,1,4.375613e+00
32,4,1.000000e+01,none,rz_min,2,3.699044e-02
32,4,1.000000e+01,none,rz_min,3,1.610174e-05
32,4,1.000000e+01,none,rz_min,4,4.333342e-34
32,4,1.000000e+01,M,A,0,1.717144e+00
32,4,1.000000e+01,M,A,1,1.717144e+00
32,4,1.000000e+01,M,A,2,1.717144e+00
32,4,1.000000e+01,M,A,3,1.717144e+00
32,4,1.000000e+01,M,A,4,1.717144e+00
32,4,1.000000e+01,M,B,0,2.252289e+00
32,4,1.000000e+01,M,B,1,2.252289e+00
32,4,1.000000e+01,M,B,2,2.252289e+00
32,4,1.000000e+01,M,B,3,2.252289e+00
32,4,1.000000e+01,M,B,4,2.252289e+00
32,4,1.000000e+01,M,P,0,2.252289e+00
32,4,1.000000e+01,M,P,1,2.252289e+00
32,4,1.000000e+01,M,P,2,8.045131e-01
32,4,1.000000e+01,M,P,3,3.746203e-01
32,4,1.000000e+01,M,P,4,1.031435e-01
32,4,1.000000e+01,M,S,1,4.613113e+00
32,4,1.000000e+01,M,S,2,9.477278e-01
32,4,1.000000e+01,M,S,3,3.400666e-01
32,4,1.000000e+01,M,S,4,1.071935e-01
32,4,1.000000e+01,M,ps,1,3.373574e+01
32,4,1.000000e+01,M,ps,2,1.218727e+00
32,4,1.000000e+01,M,ps,3,2.011878e-01
32,4,1.000000e+01,M,ps,4,2.688278e-02
32,4,1.000000e+01,M,alpha,1,1.602492e+00
32,4,1.000000e+01,M,alpha,2,2.143810e+00
32,4,1.000000e+01,M,alpha,3,2.507413e+00
32,4,1.000000e+01,M,alpha,4,2.741401e+00
32,4,1.000000e+01,M,X,0,0.000000e+00
32,4,1.000000e+01,M,X,1,1.412380e+00
32,4,1.000000e+01,M,X,2,1.260463e+00
32,4,1.000000e+01,M,X,3,1.186884e+00
32,4,1.000000e+01,M,X,4,1.126370e+00
32,4,1.000000e+01,M,R,0,2.252289e+00
32,4,1.000000e+01,M,R,1,7.854463e-01
32,4,1.000000e+01,M,R,2,3.142079e-01
32,4,1.000000e+01,M,R,3,9.454609e-02
32,4,1.000000e+01,M,R,4,1.952431e-15
32,4,1.000000e+01,M,rz,0,1.942239e+01
32,4,1.000000e+01,M,rz,1,1.049461e+00
32,4,1.000000e+01,M,rz,2,1.832115e-01
32,4,1.000000e+01,M,rz,3,2.778048e-02
32,4,1.000000e+01,M,rz,4,6.234777e-30
32,4,1.000000e+01,M,beta,1,3.040511e-01
32,4,1.000000e+01,M,beta,2,5.275323e-01
32,4,1.000000e+01,M,beta,3,3.527351e-01
32,4,1.000000e+01,M,beta,4,1.138074e-24
32,4,1.000000e+01,M,ps_min,1,2.721904e-01
32,4,1.000000e+01,M,ps_min,2,3.786009e-03
32,4,1.000000e+01,M,ps_min,3,2.499054e-05
32,4,1.000000e+01,M,ps_min,4,1.303954e-08
32,4,1.000000e+01,M,rz_min,0,3.493704e-01
32,4,1.000000e+01,M,rz_min,1,4.273060e-03
32,4,1.000000e+01,M,rz_min,2,3.612348e-05
32,4,1.000000e+01,M,rz_min,3,1.572436e-08
32,4,1.000000e+01,M,rz_min,4,4.231780e-37
32,4,2.000000e+01,none,A,0,5.072761e+01
32,4,2.000000e+01,none,A,1,5.072761e+01
32,4,2.000000e+01,none,A,2,5.072761e+01
32,4,2.000000e+01,none,A,3,5.072761e+01
32,4,2.000000e+01,none,A,4,5.072761e+01
32,4,2.000000e+01,none,B,0,7.506403e+01
32,4,2.000000e+01,none,B,1,7.506403e+01
32,4,2.000000e+01,none,B,2,7.506403e+01
32,4,2.000000e+01,none,B,3,7.506403e+01
32,4,2.000000e+01,none,B,4,7.506403e+01
32,4,2.000000e+01,none,P,0,7.506403e+01
32,4,2.000000e+01,none,P,1,7.506403e+01
32,4,2.000000e+01,none,P,2,2.669086e+01
32,4,2.000000e+01,none,P,3,1.093142e+01
32,4,2.000000e+01,none,P,4,3.493711e+00
32,4,2.000000e+01,none,S,1,5.030629e+03
32,4,2.000000e+01,none,S,2,9.505167e+02
32,4,2.000000e+01,none,S,3,3.424847e+02
32,4,2.000000e+01,none,S,4,9.807488e+01
32,4,2.000000e+01,none,ps,1,1.234010e+06
32,4,2.000000e+01,none,ps,2,3.582178e+04
32,4,2.000000e+01,none,ps,3,5.751297e+03
32,4,2.000000e+01,none,ps,4,5.605607e+02
32,4,2.000000e+01,none,alpha,1,5.667104e-02
32,4,2.000000e+01,none,alpha,2,7.876965e-02
32,4,2.000000e+01,none,alpha,3,7.482015e-02
32,4,2.000000e+01,none,alpha,4,8.642580e-02
32,4,2.000000e+01,none,X,0,0.000000e+00
32,4,2.000000e+01,none,X,1,1.355300e+00
32,4,2.000000e+01,none,X,2,1.228301e+00
32,4,2.000000e+01,none,X,3,1.071143e+00
32,4,2.000000e+01,none,X,4,1.000447e+00
32,4,2.000000e+01,none,R,0,7.506403e+01
32,4,2.000000e+01,none,R,1,2.687488e+01
32,4,2.000000e+01,none,R,2,1.011459e+01
32,4,2.000000e+01,none,R,3,3.079204e+00
32,4,2.000000e+01,none,R,4,3.574918e-14
32,4,2.000000e+01,none,rz,0,2.085315e+04
32,4,2.000000e+01,none,rz,1,1.022253e+03
32,4,2.000000e+01,none,rz,2,1.793873e+02
32,4,2.000000e+01,none,rz,3,1.862350e+01
32,4,2.000000e+01,none,rz,4,2.581199e-27
32,4,2.000000e+01,none,beta,1,3.786364e-01
32,4,2.000000e+01,none,beta,2,5.185503e-01
32,4,2.000000e+01,none,beta,3,4.501486e-01
32,4,2.000000e+01,none,beta,4,6.275388e-24
32,4,2.000000e+01,none,ps_min,1,7.153078e+03
32,4,2.000000e+01,none,ps_min,2,2.890072e+02
32,4,2.000000e+01,none,ps_min,3,1.436170e+00
32,4,2.000000e+01,none,ps_min,4,2.653077e-05
32,4,2.000000e+01,none,rz_min,0,3.224692e+02
32,4,2.000000e+01,none,rz_min,1,1.103969e+01
32,4,2.000000e+01,none,rz_min,2,3.650950e-02
32,4,2.000000e+01,none,rz_min,3,9.167134e-07
32,4,2.000000e+01,none,rz_min,4,2.715862e-34
32,4,2.000000e+01,M,A,0,1.585238e+00
32,4,2.000000e+01,M,A,1,1.585238e+00
32,4,2.000000e+01,M,A,2,1.585238e+00
32,4,2.000000e+01,M,A,3,1.585238e+00
32,4,2.000000e+01,M,A,4,1.585238e+00
32,4,2.000000e+01,M,B,0,2.345751e+00
32,4,2.000000e+01,M,B,1,2.345751e+00
32,4,2.000000e+01,M,B,2,2.345751e+00
32,4,2.000000e+01,M,B,3,2.345751e+00
32,4,2.000000e+01,M,B,4,2.345751e+00
32,4,2.000000e+01,M,P,0,2.345751e+00
32,4,2.000000e+01,M,P,1,2.345751e+00
32,4,2.000000e+01,M,P,2,8.340895e-01
32,4,2.000000e+01,M,P,3,3.416070e-01
32,4,2.000000e+01,M,P,4,1.091785e-01
32,4,2.000000e+01,M,S,1,4.912724e+00
32,4,2.000000e+01,M,S,2,9.282390e-01
32,4,2.000000e+01,M,S,3,3.344577e-01
32,4,2.000000e+01,M,S,4,9.577625e-02
32,4,2.000000e+01,M,ps,1,3.765901e+01
32,4,2.000000e+01,M,ps,2,1.093194e+00
32,4,2.000000e+01,M,ps,3,1.755157e-01
32,4,2.000000e+01,M,ps,4,1.710696e-02
32,4,2.000000e+01,M,alpha,1,1.813473e+00
32,4,2.000000e+01,M,alpha,2,2.520629e+00
32,4,2.000000e+01,M,alpha,3,2.394245e+00
32,4,2.000000e+01,M,alpha,4,2.765626e+00
32,4,2.000000e+01,M,X,0,0.000000e+00
32,4,2.000000e+01,M,X,1,1.355300e+00
32,4,2.000000e+01,M,X,2,1.228301e+00
32,4,2.000000e+01,M,X,3,1.071143e+00
32,4,2.000000e+01,M,X,4,1.000447e+00
32,4,2.000000e+01,M,R,0,2.345751e+00
32,4,2.000000e+01,M,R,1,8.398399e-01
32,4,2.000000e+01,M,R,2,3.160810e-01
32,4,2.000000e+01,M,R,3,9.622513e-02
32,4,2.000000e+01,M,R,4,1.117162e-15
32,4,2.000000e+01,M,rz,0,2.036441e+01
32,4,2.000000e+01,M,rz,1,9.982943e-01
32,4,2.000000e+01,M,rz,2,1.751829e-01
32,4,2.000000e+01,M,rz,3,1.818701e-02
32,4,2.000000e+01,M,rz,4,2.520702e-30
32,4,2.000000e+01,M,beta,1,3.786364e-01
32,4,2.000000e+01,M,beta,2,5.185503e-01
32,4,2.000000e+01,M,beta,3,4.501486e-01
32,4,2.000000e+01,M,beta,4,6.275388e-24
32,4,2.000000e+01,M,ps_min,1,2.182946e-01
32,4,2.000000e+01,M,ps_min,2,8.819799e-03
32,4,2.000000e+01,M,ps_min,3,4.382844e-05
32,4,2.000000e+01,M,ps_min,4,8.096550e-10
32,4,2.000000e+01,M,rz_min,0,3.149114e-01
32,4,2.000000e+01,M,rz_min,1,1.078095e-02
32,4,2.000000e+01,M,rz_min,2,3.565380e-05
32,4,2.000000e+01,M,rz_min,3,8.952279e-10
32,4,2.000000e+01,M,rz_min,4,2.652209e-37
32,8,-1.000000e+01,none,A,0,6.822084e+01
32,8,-1.000000e+01,none,A,1,6.822084e+01
32,8,-1.000000e+01,none,A,2,6.822084e+01
32,8,-1.000000e+01,none,A,3,6.822084e+01
32,8,-1.000000e+01,none,A,4,6.822084e+01
32,8,-1.000000e+01,none,A,5,6.822084e+01
32,8,-1.000000e+01,none,A,6,6.822084e+01
32,8,-1.000000e+01,none,A,7,6.822084e+01
32,8,-1.000000e+01,none,A,8,6.822084e+01
32,8,-1.000000e+01,none,B,0,1.175922e+02
32,8,-1.000000e+01,none,B,1,1.175922e+02
32,8,-1.000000e+01,none,B,2,1.175922e+02
32,8,-1.000000e+01,none,B,3,1.175922e+02
32,8,-1.000000e+01,none,B,4,1.175922e+02
32,8,-1.000000e+01,none,B,5,1.175922e+02
32,8,-1.000000e+01,none,B,6,1.175922e+02
32,8,-1.000000e+01,none,B,7,1.175922e+02
32,8,-1.000000e+01,none,B,8,1.175922e+02
32,8,-1.000000e+01,none,P,0,1.175922e+02
32,8,-1.000000e+01,none,P,1,1.175922e+02
32,8,-1.000000e+01,none,P,2,4.597514e+01
32,8,-1.000000e+01,none,P,3,1.567164e+01
32,8,-1.000000e+01,none,P,4,4.642017e+00
32,8,-1.000000e+01,none,P,5,1.617867e+00
32,8,-1.000000e+01,none,P,6,5.299548e-01
32,8,-1.000000e+01,none,P,7,9.111141e-02
32,8,-1.000000e+01,none,P,8,2.032325e-02
32,8,-1.000000e+01,none,S,1,9.060225e+03
32,8,-1.000000e+01,none,S,2,2.334916e+03
32,8,-1.000000e+01,none,S,3,5.994597e+02
32,8,-1.000000e+01,none,S,4,2.244020e+02
32,8,-1.000000e+01,none,S,5,6.132258e+01
32,8,-1.000000e+01,none,S,6,1.805545e+01
32,8,-1.000000e+01,none,S,7,3.373949e+00
32,8,-1.000000e+01,none,S,8,6.517851e-01
32,8,-1.000000e+01,none,ps,1,3.005802e+06
32,8,-1.000000e+01,none,ps,2,2.120824e+05
32,8,-1.000000e+01,none,ps,3,2.290556e+04
32,8,-1.000000e+01,none,ps,4,2.190680e+03
32,8,-1.000000e+01,none,ps,5,2.774852e+02
32,8,-1.000000e+01,none,ps,6,1.790163e+01
32,8,-1.000000e+01,none,ps,7,1.078456e+00
32,8,-1.000000e+01,none,ps,8,5.145241e-02
32,8,-1.000000e+01,none,alpha,1,3.194180e-02
32,8,-1.000000e+01,none,alpha,2,3.801986e-02
32,8,-1.000000e+01,none,alpha,3,4.049052e-02
32,8,-1.000000e+01,none,alpha,4,4.174926e-02
32,8,-1.000000e+01,none,alpha,5,4.520562e-02
32,8,-1.000000e+01,none,alpha,6,4.914000e-02
32,8,-1.000000e+01,none,alpha,7,5.063228e-02
32,8,-1.000000e+01,none,alpha,8,5.569761e-02
32,8,-1.000000e+01,none,X,0,0.000000e+00
32,8,-1.000000e+01,none,X,1,1.806358e+00
32,8,-1.000000e+01,none,X,2,1.962213e+00
32,8,-1.000000e+01,none,X,3,1.997094e+00
32,8,-1.000000e+01,none,X,4,2.010572e+00
32,8,-1.000000e+01,none,X,5,2.007659e+00
32,8,-1.000000e+01,none,X,6,2.007370e+00
32,8,-1.000000e+01,none,X,7,2.007407e+00
32,8,-1.000000e+01,none,X,8,2.007413e+00
32,8,-1.000000e+01,none,R,0,1.175922e+02
32,8,-1.000000e+01,none,R,1,4.021302e+01
32,8,-1.000000e+01,none,R,2,1.257281e+01
32,8,-1.000000e+01,none,R,3,4.445389e+00
32,8,-1.000000e+01,none,R,4,1.499458e+00
32,8,-1.000000e+01,none,R,5,4.739300e-01
32,8,-1.000000e+01,none,R,6,8.651598e-02
32,8,-1.000000e+01,none,R,7,1.897251e-02
32,8,-1.000000e+01,none,R,8,3.731620e-13
32,8,-1.000000e+01,none,rz,0,4.506786e+04
32,8,-1.000000e+01,none,rz,1,4.232320e+03
32,8,-1.000000e+01,none,rz,2,3.768892e+02
32,8,-1.000000e+01,none,rz,3,5.021691e+01
32,8,-1.000000e+01,none,rz,4,5.607277e+00
32,8,-1.000000e+01,none,rz,5,4.275352e-01
32,8,-1.000000e+01,none,rz,6,2.832272e-02
32,8,-1.000000e+01,none,rz,7,1.497704e-03
32,8,-1.000000e+01,none,rz,8,5.513199e-25
32,8,-1.000000e+01,none,beta,1,2.721211e-01
32,8,-1.000000e+01,none,beta,2,2.883891e-01
32,8,-1.000000e+01,none,beta,3,3.131071e-01
32,8,-1.000000e+01,none,beta,4,3.234777e-01
32,8,-1.000000e+01,none,beta,5,2.872214e-01
32,8,-1.000000e+01,none,beta,6,2.164727e-01
32,8,-1.000000e+01,none,beta,7,2.386986e-01
32,8,-1.000000e+01,none,beta,8,2.493591e-19
32,8,-1.000000e+01,none,ps_min,1,7.485255e+04
32,8,-1.000000e+01,none,ps_min,2,2.876606e+03
32,8,-1.000000e+01,none,ps_min,3,1.055302e+02
32,8,-1.000000e+01,none,ps_min,4,3.651835e+00
32,8,-1.000000e+01,none,ps_min,5,1.169088e-01
32,8,-1.000000e+01,none,ps_min,6,1.258767e-03
32,8,-1.000000e+01,none,ps_min,7,2.632187e-05
32,8,-1.000000e+01,none,ps_min,8,3.418969e-10
32,8,-1.000000e+01,none,rz_min,0,1.977565e+03
32,8,-1.000000e+01,none,rz_min,1,7.013056e+01
32,8,-1.000000e+01,none,rz_min,2,3.199493e+00
32,8,-1.000000e+01,none,rz_min,3,1.196446e-01
32,8,-1.000000e+01,none,rz_min,4,3.031292e-03
32,8,-1.000000e+01,none,rz_min,5,4.181525e-05
32,8,-1.000000e+01,none,rz_min,6,7.163160e-07
32,8,-1.000000e+01,none,rz_min,7,1.105579e-11
32,8,-1.000000e+01,none,rz_min,8,4.638273e-36
32,8,-1.000000e+01,M,A,0,2.131901e+00
32,8,-1.000000e+01,M,A,1,2.131901e+00
32,8,-1.000000e+01,M,A,2,2.131901e+00
32,8,-1.000000e+01,M,A,3,2.131901e+00
32,8,-1.000000e+01,M,A,4,2.131901e+00
32,8,-1.000000e+01,M,A,5,2.131901e+00
32,8,-1.000000e+01,M,A,6,2.131901e+00
32,8,-1.000000e+01,M,A,7,2.131901e+00
32,8,-1.000000e+01,M,A,8,2.131901e+00
32,8,-1.000000e+01,M,B,0,3.674758e+00
32,8,-1.000000e+01,M,B,1,3.674758e+00
32,8,-1.000000e+01,M,B,2,3.674758e+00
32,8,-1.000000e+01,M,B,3,3.674758e+00
32,8,-1.000000e+01,M,B,4,3.674758e+00
32,8,-1.000000e+01,M,B,5,3.674758e+00
32,8,-1.000000e+01,M,B,6,3.674758e+00
32,8,-1.000000e+01,M,B,7,3.674758e+00
32,8,-1.000000e+01,M,B,8,3.674758e+00
32,8,-1.000000e+01,M,P,0,3.674758e+00
32,8,-1.000000e+01,M,P,1,3.674758e+00
32,8,-1.000000e+01,M,P,2,1.436723e+00
32,8,-1.000000e+01,M,P,3,4.897389e-01
32,8,-1.000000e+01,M,P,4,1.450630e-01
32,8,-1.000000e+01,M,P,5,5.055835e-02
32,8,-1.000000e+01,M,P,6,1.656109e-02
32,8,-1.000000e+01,M,P,7,2.847231e-03
32,8,-1.000000e+01,M,P,8,6.351015e-04
32,8,-1.000000e+01,M,S,1,8.847876e+00
32,8,-1.000000e+01,M,S,2,2.280191e+00
32,8,-1.000000e+01,M,S,3,5.854099e-01
32,8,-1.000000e+01,M,S,4,2.191426e-01
32,8,-1.000000e+01,M,S,5,5.988533e-02
32,8,-1.000000e+01,M,S,6,1.763228e-02
32,8,-1.000000e+01,M,S,7,3.294872e-03
32,8,-1.000000e+01,M,S,8,6.365089e-04
32,8,-1.000000e+01,M,ps,1,9.172980e+01
32,8,-1.000000e+01,M,ps,2,6.472242e+00
32,8,-1.000000e+01,M,ps,3,6.990224e-01
32,8,-1.000000e+01,M,ps,4,6.685425e-02
32,8,-1.000000e+01,M,ps,5,8.468176e-03
32,8,-1.000000e+01,M,ps,6,5.463145e-04
32,8,-1.000000e+01,M,ps,7,3.291188e-05
32,8,-1.000000e+01,M,ps,8,1.570203e-06
32,8,-1.000000e+01,M,alpha,1,1.022137e+00
32,8,-1.000000e+01,M,alpha,2,1.216636e+00
32,8,-1.000000e+01,M,alpha,3,1.295697e+00
32,8,-1.000000e+01,M,alpha,4,1.335976e+00
32,8,-1.000000e+01,M,alpha,5,1.446580e+00
32,8,-1.000000e+01,M,alpha,6,1.572480e+00
32,8,-1.000000e+01,M,alpha,7,1.620233e+00
32,8,-1.000000e+01,M,alpha,8,1.782324e+00
32,8,-1.000000e+01,M,X,0,0.000000e+00
32,8,-1.000000e+01,M,X,1,1.806358e+00
32,8,-1.000000e+01,M,X,2,1.962213e+00
32,8,-1.000000e+01,M,X,3,1.997094e+00
32,8,-1.000000e+01,M,X,4,2.010572e+00
32,8,-1.000000e+01,M,X,5,2.007659e+00
32,8,-1.000000e+01,M,X,6,2.007370e+00
32,8,-1.000000e+01,M,X,7,2.007407e+00
32,8,-1.000000e+01,M,X,8,2.007413e+00
32,8,-1.000000e+01,M,R,0,3.674758e+00
32,8,-1.000000e+01,M,R,1,1.256657e+00
32,8,-1.000000e+01,M,R,2,3.929004e-01
32,8,-1.000000e+01,M,R,3,1.389184e-01
32,8,-1.000000e+01,M,R,4,4.685805e-02
32,8,-1.000000e+01,M,R,5,1.481031e-02
32,8,-1.000000e+01,M,R,6,2.703624e-03
32,8,-1.000000e+01,M,R,7,5.928909e-04
32,8,-1.000000e+01,M,R,8,1.166131e-14
32,8,-1.000000e+01,M,rz,0,4.401158e+01
32,8,-1.000000e+01,M,rz,1,4.133125e+00
32,8,-1.000000e+01,M,rz,2,3.680558e-01
32,8,-1.000000e+01,M,rz,3,4.903995e-02
32,8,-1.000000e+01,M,rz,4,5.475857e-03
32,8,-1.000000e+01,M,rz,5,4.175148e-04
32,8,-1.000000e+01,M,rz,6,2.765890e-05
32,8,-1.000000e+01,M,rz,7,1.462602e-06
32,8,-1.000000e+01,M,rz,8,5.383983e-28
32,8,-1.000000e+01,M,beta,1,2.721211e-01
32,8,-1.000000e+01,M,beta,2,2.883891e-01
32,8,-1.000000e+01,M,beta,3,3.131071e-01
32,8,-1.000000e+01,M,beta,4,3.234777e-01
32,8,-1.000000e+01,M,beta,5,2.872214e-01
32,8,-1.000000e+01,M,beta,6,2.164727e-01
32,8,-1.000000e+01,M,beta,7,2.386986e-01
32,8,-1.000000e+01,M,beta,8,2.493591e-19
32,8,-1.000000e+01,M,ps_min,1,2.284319e+00
32,8,-1.000000e+01,M,ps_min,2,8.778704e-02
32,8,-1.000000e+01,M,ps_min,3,3.220526e-03
32,8,-1.000000e+01,M,ps_min,4,1.114452e-04
32,8,-1.000000e+01,M,ps_min,5,3.567774e-06
32,8,-1.000000e+01,M,ps_min,6,3.841453e-08
32,8,-1.000000e+01,M,ps_min,7,8.032797e-10
32,8,-1.000000e+01,M,ps_min,8,1.043386e-14
32,8,-1.000000e+01,M,rz_min,0,1.931216e+00
32,8,-1.000000e+01,M,rz_min,1,6.848688e-02
32,8,-1.000000e+01,M,rz_min,2,3.124505e-03
32,8,-1.000000e+01,M,rz_min,3,1.168404e-04
32,8,-1.000000e+01,M,rz_min,4,2.960246e-06
32,8,-1.000000e+01,M,rz_min,5,4.083520e-08
32,8,-1.000000e+01,M,rz_min,6,6.995273e-10
32,8,-1.000000e+01,M,rz_min,7,1.079667e-14
32,8,-1.000000e+01,M,rz_min,8,4.529564e-39
32,8,0.000000e+00,none,A,0,5.607194e+01
32,8,0.000000e+00,none,A,1,5.607194e+01
32,8,0.000000e+00,none,A,2,5.607194e+01
32,8,0.000000e+00,none,A,3,5.607194e+01
32,8,0.000000e+00,none,A,4,5.607194e+01
32,8,0.000000e+00,none,A,5,5.607194e+01
32,8,0.000000e+00,none,A,6,5.607194e+01
32,8,0.000000e+00,none,A,7,5.607194e+01
32,8,0.000000e+00,none,A,8,5.607194e+01
32,8,0.000000e+00,none,B,0,8.834801e+01
32,8,0.000000e+00,none,B,1,8.834801e+01
32,8,0.000000e+00,none,B,2,8.834801e+01
32,8,0.000000e+00,none,B,3,8.834801e+01
32,8,0.000000e+00,none,B,4,8.834801e+01
32,8,0.000000e+00,none,B,5,8.834801e+01
32,8,0.000000e+00,none,B,6,8.834801e+01
32,8,0.000000e+00,none,B,7,8.834801e+01
32,8,0.000000e+00,none,B,8,8.834801e+01
32,8,0.000000e+00,none,P,0,8.834801e+01
32,8,0.000000e+00,none,P,1,8.834801e+01
32,8,0.000000e+00,none,P,2,3.644853e+01
32,8,0.000000e+00,none,P,3,1.645625e+01
32,8,0.000000e+00,none,P,4,9.396355e+00
32,8,0.000000e+00,none,P,5,3.617977e+00
32,8,0.000000e+00,none,P,6,1.635181e+00
32,8,0.000000e+00,none,P,7,6.618716e-01
32,8,0.000000e+00,none,P,8,1.662500e-01
32,8,0.000000e+00,none,S,1,6.381130e+03
32,8,0.000000e+00,none,S,2,1.676575e+03
32,8,0.000000e+00,none,S,3,5.700450e+02
32,8,0.000000e+00,none,S,4,2.455914e+02
32,8,0.000000e+00,none,S,5,9.216771e+01
32,8,0.000000e+00,none,S,6,4.118732e+01
32,8,0.000000e+00,none,S,7,1.704973e+01
32,8,0.000000e+00,none,S,8,4.323431e+00
32,8,0.000000e+00,none,ps,1,2.227847e+06
32,8,0.000000e+00,none,ps,2,1.471637e+05
32,8,0.000000e+00,none,ps,3,1.455760e+04
32,8,0.000000e+00,none,ps,4,4.374598e+03
32,8,0.000000e+00,none,ps,5,8.388261e+02
32,8,0.000000e+00,none,ps,6,1.489528e+02
32,8,0.000000e+00,none,ps,7,2.457877e+01
32,8,0.000000e+00,none,ps,8,2.022645e+00
32,8,0.000000e+00,none,alpha,1,3.602025e-02
32,8,0.000000e+00,none,alpha,2,5.271837e-02
32,8,0.000000e+00,none,alpha,3,6.720320e-02
32,8,0.000000e+00,none,alpha,4,8.356081e-02
32,8,0.000000e+00,none,alpha,5,7.741033e-02
32,8,0.000000e+00,none,alpha,6,8.872750e-02
32,8,0.000000e+00,none,alpha,7,9.169574e-02
32,8,0.000000e+00,none,alpha,8,9.352672e-02
32,8,0.000000e+00,none,X,0,0.000000e+00
32,8,0.000000e+00,none,X,1,1.577806e+00
32,8,0.000000e+00,none,X,2,1.559045e+00
32,8,0.000000e+00,none,X,3,1.491425e+00
32,8,0.000000e+00,none,X,4,1.506272e+00
32,8,0.000000e+00,none,X,5,1.526538e+00
32,8,0.000000e+00,none,X,6,1.527848e+00
32,8,0.000000e+00,none,X,7,1.527345e+00
32,8,0.000000e+00,none,X,8,1.527007e+00
32,8,0.000000e+00,none,R,0,8.834801e+01
32,8,0.000000e+00,none,R,1,3.552919e+01
32,8,0.000000e+00,none,R,2,1.415954e+01
32,8,0.000000e+00,none,R,3,7.116449e+00
32,8,0.000000e+00,none,R,4,3.323399e+00
32,8,0.000000e+00,none,R,5,1.309325e+00
32,8,0.000000e+00,none,R,6,4.991458e-01
32,8,0.000000e+00,none,R,7,1.414560e-01
32,8,0.000000e+00,none,R,8,4.385142e-13
32,8,0.000000e+00,none,rz,0,3.525876e+04
32,8,0.000000e+00,none,rz,1,3.055424e+03
32,8,0.000000e+00,none,rz,2,4.265756e+02
32,8,0.000000e+00,none,rz,3,1.314817e+02
32,8,0.000000e+00,none,rz,4,2.317319e+01
32,8,0.000000e+00,none,rz,5,5.188503e+00
32,8,0.000000e+00,none,rz,6,7.851717e-01
32,8,0.000000e+00,none,rz,7,6.136911e-02
32,8,0.000000e+00,none,rz,8,5.199738e-25
32,8,0.000000e+00,none,beta,1,3.470995e-01
32,8,0.000000e+00,none,beta,2,4.779643e-01
32,8,0.000000e+00,none,beta,3,6.606232e-01
32,8,0.000000e+00,none,beta,4,6.901035e-01
32,8,0.000000e+00,none,beta,5,6.357533e-01
32,8,0.000000e+00,none,beta,6,5.455008e-01
32,8,0.000000e+00,none,beta,7,4.127889e-01
32,8,0.000000e+00,none,beta,8,1.305175e-19
32,8,0.000000e+00,none,ps_min,1,5.855654e+04
32,8,0.000000e+00,none,ps_min,2,4.029423e+03
32,8,0.000000e+00,none,ps_min,3,1.772067e+02
32,8,0.000000e+00,none,ps_min,4,9.756585e+00
32,8,0.000000e+00,none,ps_min,5,1.020377e+00
32,8,0.000000e+00,none,ps_min,6,1.858408e-02
32,8,0.000000e+00,none,ps_min,7,5.550291e-04
32,8,0.000000e+00,none,ps_min,8,1.062122e-07
32,8,0.000000e+00,none,rz_min,0,2.023479e+03
32,8,0.000000e+00,none,rz_min,1,1.453636e+02
32,8,0.000000e+00,none,rz_min,2,6.692904e+00
32,8,0.000000e+00,none,rz_min,3,4.557213e-01
32,8,0.000000e+00,none,rz_min,4,3.605709e-02
32,8,0.000000e+00,none,rz_min,5,8.590257e-04
32,8,0.000000e+00,none,rz_min,6,2.677579e-05
32,8,0.000000e+00,none,rz_min,7,3.859917e-09
32,8,0.000000e+00,none,rz_min,8,5.537575e-35
32,8,0.000000e+00,M,A,0,1.752248e+00
32,8,0.000000e+00,M,A,1,1.752248e+00
32,8,0.000000e+00,M,A,2,1.752248e+00
32,8,0.000000e+00,M,A,3,1.752248e+00
32,8,0.000000e+00,M,A,4,1.752248e+00
32,8,0.000000e+00,M,A,5,1.752248e+00
32,8,0.000000e+00,M,A,6,1.752248e+00
32,8,0.000000e+00,M,A,7,1.752248e+00
32,8,0.000000e+00,M,A,8,1.752248e+00
32,8,0.000000e+00,M,B,0,2.760875e+00
32,8,0.000000e+00,M,B,1,2.760875e+00
32,8,0.000000e+00,M,B,2,2.760875e+00
32,8,0.000000e+00,M,B,3,2.760875e+00
32,8,0.000000e+00,M,B,4,2.760875e+00
32,8,0.000000e+00,M,B,5,2.760875e+00
32,8,0.000000e+00,M,B,6,2.760875e+00
32,8,0.000000e+00,M,B,7,2.760875e+00
32,8,0.000000e+00,M,B,8,2.760875e+00
32,8,0.000000e+00,M,P,0,2.760875e+00
32,8,0.000000e+00,M,P,1,2.760875e+00
32,8,0.000000e+00,M,P,2,1.139016e+00
32,8,0.000000e+00,M,P,3,5.142579e-01
32,8,0.000000e+00,M,P,4,2.936361e-01
32,8,0.000000e+00,M,P,5,1.130618e-01
32,8,0.000000e+00,M,P,6,5.109940e-02
32,8,0.000000e+00,M,P,7,2.068349e-02
32,8,0.000000e+00,M,P,8,5.195312e-03
32,8,0.000000e+00,M,S,1,6.231573e+00
32,8,0.000000e+00,M,S,2,1.637280e+00
32,8,0.000000e+00,M,S,3,5.566845e-01
32,8,0.000000e+00,M,S,4,2.398353e-01
32,8,0.000000e+00,M,S,5,9.000753e-02
32,8,0.000000e+00,M,S,6,4.022200e-02
32,8,0.000000e+00,M,S,7,1.665013e-02
32,8,0.000000e+00,M,S,8,4.222101e-03
32,8,0.000000e+00,M,ps,1,6.798849e+01
32,8,0.000000e+00,M,ps,2,4.491080e+00
32,8,0.000000e+00,M,ps,3,4.442628e-01
32,8,0.000000e+00,M,ps,4,1.335022e-01
32,8,0.000000e+00,M,ps,5,2.559894e-02
32,8,0.000000e+00,M,ps,6,4.545679e-03
32,8,0.000000e+00,M,ps,7,7.500846e-04
32,8,0.000000e+00,M,ps,8,6.172621e-05
32,8,0.000000e+00,M,alpha,1,1.152648e+00
32,8,0.000000e+00,M,alpha,2,1.686988e+00
32,8,0.000000e+00,M,alpha,3,2.150503e+00
32,8,0.000000e+00,M,alpha,4,2.673946e+00
32,8,0.000000e+00,M,alpha,5,2.477131e+00
32,8,0.000000e+00,M,alpha,6,2.839280e+00
32,8,0.000000e+00,M,alpha,7,2.934264e+00
32,8,0.000000e+00,M,alpha,8,2.992855e+00
32,8,0.000000e+00,M,X,0,0.000000e+00
32,8,0.000000e+00,M,X,1,1.577806e+00
32,8,0.000000e+00,M,X,2,1.559045e+00
32,8,0.000000e+00,M,X,3,1.491425e+00
32,8,0.000000e+00,M,X,4,1.506272e+00
32,8,0.000000e+00,M,X,5,1.526538e+00
32,8,0.000000e+00,M,X,6,1.527848e+00
32,8,0.000000e+00,M,X,7,1.527345e+00
32,8,0.000000e+00,M,X,8,1.527007e+00
32,8,0.000000e+00,M,R,0,2.760875e+00
32,8,0.000000e+00,M,R,1,1.110287e+00
32,8,0.000000e+00,M,R,2,4.424857e-01
32,8,0.000000e+00,M,R,3,2.223890e-01
32,8,0.000000e+00,M,R,4,1.038562e-01
32,8,0.000000e+00,M,R,5,4.091642e-02
32,8,0.000000e+00,M,R,6,1.559831e-02
32,8,0.000000e+00,M,R,7,4.420501e-03
32,8,0.000000e+00,M,R,8,1.370357e-14
32,8,0.000000e+00,M,rz,0,3.443238e+01
32,8,0.000000e+00,M,rz,1,2.983812e+00
32,8,0.000000e+00,M,rz,2,4.165777e-01
32,8,0.000000e+00,M,rz,3,1.284001e-01
32,8,0.000000e+00,M,rz,4,2.263007e-02
32,8,0.000000e+00,M,rz,5,5.066898e-03
32,8,0.000000e+00,M,rz,6,7.667692e-04
32,8,0.000000e+00,M,rz,7,5.993078e-05
32,8,0.000000e+00,M,rz,8,5.077869e-28
32,8,0.000000e+00,M,beta,1,3.470995e-01
32,8,0.000000e+00,M,beta,2,4.779643e-01
32,8,0.000000e+00,M,beta,3,6.606232e-01
32,8,0.000000e+00,M,beta,4,6.901035e-01
32,8,0.000000e+00,M,beta,5,6.357533e-01
32,8,0.000000e+00,M,beta,6,5.455008e-01
32,8,0.000000e+00,M,beta,7,4.127889e-01
32,8,0.000000e+00,M,beta,8,1.305175e-19
32,8,0.000000e+00,M,ps_min,1,1.787004e+00
32,8,0.000000e+00,M,ps_min,2,1.229682e-01
32,8,0.000000e+00,M,ps_min,3,5.407919e-03
32,8,0.000000e+00,M,ps_min,4,2.977474e-04
32,8,0.000000e+00,M,ps_min,5,3.113944e-05
32,8,0.000000e+00,M,ps_min,6,5.671410e-07
32,8,0.000000e+00,M,ps_min,7,1.693814e-08
32,8,0.000000e+00,M,ps_min,8,3.241339e-12
32,8,0.000000e+00,M,rz_min,0,1.976053e+00
32,8,0.000000e+00,M,rz_min,1,1.419567e-01
32,8,0.000000e+00,M,rz_min,2,6.536039e-03
32,8,0.000000e+00,M,rz_min,3,4.450404e-04
32,8,0.000000e+00,M,rz_min,4,3.521200e-05
32,8,0.000000e+00,M,rz_min,5,8.388923e-07
32,8,0.000000e+00,M,rz_min,6,2.614823e-08
32,8,0.000000e+00,M,rz_min,7,3.769451e-12
32,8,0.000000e+00,M,rz_min,8,5.407788e-38
32,8,1.000000e+01,none,A,0,5.742495e+01
32,8,1.000000e+01,none,A,1,5.742495e+01
32,8,1.000000e+01,none,A,2,5.742495e+01
32,8,1.000000e+01,none,A,3,5.742495e+01
32,8,1.000000e+01,none,A,4,5.742495e+01
32,8,1.000000e+01,none,A,5,5.742495e+01
32,8,1.000000e+01,none,A,6,5.742495e+01
32,8,1.000000e+01,none,A,7,5.742495e+01
32,8,1.000000e+01,none,A,8,5.742495e+01
32,8,1.000000e+01,none,B,0,8.891255e+01
32,8,1.000000e+01,none,B,1,8.891255e+01
32,8,1.000000e+01,none,B,2,8.891255e+01
32,8,1.000000e+01,none,B,3,8.891255e+01
32,8,1.000000e+01,none,B,4,8.891255e+01
32,8,1.000000e+01,none,B,5,8.891255e+01
32,8,1.000000e+01,none,B,6,8.891255e+01
32,8,1.000000e+01,none,B,7,8.891255e+01
32,8,1.000000e+01,none,B,8,8.891255e+01
32,8,1.000000e+01,none,P,0,8.891255e+01
32,8,1.000000e+01,none,P,1,8.891255e+01
32,8,1.000000e+01,none,P,2,3.463414e+01
32,8,1.000000e+01,none,P,3,1.705816e+01
32,8,1.000000e+01,none,P,4,8.233373e+00
32,8,1.000000e+01,none,P,5,3.940801e+00
32,8,1.000000e+01,none,P,6,1.637478e+00
32,8,1.000000e+01,none,P,7,5.617590e-01
32,8,1.000000e+01,none,P,8,1.482103e-01
32,8,1.000000e+01,none,S,1,7.695731e+03
32,8,1.000000e+01,none,S,2,1.827225e+03
32,8,1.000000e+01,none,S,3,6.111238e+02
32,8,1.000000e+01,none,S,4,2.479680e+02
32,8,1.000000e+01,none,S,5,1.265793e+02
32,8,1.000000e+01,none,S,6,4.758789e+01
32,8,1.000000e+01,none,S,7,1.454162e+01
32,8,1.000000e+01,none,S,8,4.178456e+00
32,8,1.000000e+01,none,ps,1,2.661543e+06
32,8,1.000000e+01,none,ps,2,1.424529e+05
32,8,1.000000e+01,none,ps,3,2.387937e+04
32,8,1.000000e+01,none,ps,4,4.200011e+03
32,8,1.000000e+01,none,ps,5,1.440997e+03
32,8,1.000000e+01,none,ps,6,1.677701e+02
32,8,1.000000e+01,none,ps,7,1.893028e+01
32,8,1.000000e+01,none,ps,8,1.657175e+00
32,8,1.000000e+01,none,alpha,1,4.075260e-02
32,8,1.000000e+01,none,alpha,2,6.345544e-02
32,8,1.000000e+01,none,alpha,3,7.426325e-02
32,8,1.000000e+01,none,alpha,4,8.552339e-02
32,8,1.000000e+01,none,alpha,5,9.243842e-02
32,8,1.000000e+01,none,alpha,6,9.282780e-02
32,8,1.000000e+01,none,alpha,7,1.038964e-01
32,8,1.000000e+01,none,alpha,8,9.654488e-02
32,8,1.000000e+01,none,X,0,0.000000e+00
32,8,1.000000e+01,none,X,1,1.569511e+00
32,8,1.000000e+01,none,X,2,1.477249e+00
32,8,1.000000e+01,none,X,3,1.270079e+00
32,8,1.000000e+01,none,X,4,1.189393e+00
32,8,1.000000e+01,none,X,5,1.137638e+00
32,8,1.000000e+01,none,X,6,1.137432e+00
32,8,1.000000e+01,none,X,7,1.138228e+00
32,8,1.000000e+01,none,X,8,1.138235e+00
32,8,1.000000e+01,none,R,0,8.891255e+01
32,8,1.000000e+01,none,R,1,3.575472e+01
32,8,1.000000e+01,none,R,2,1.420011e+01
32,8,1.000000e+01,none,R,3,7.613634e+00
32,8,1.000000e+01,none,R,4,3.154595e+00
32,8,1.000000e+01,none,R,5,1.302453e+00
32,8,1.000000e+01,none,R,6,4.827486e-01
32,8,1.000000e+01,none,R,7,1.279296e-01
32,8,1.000000e+01,none,R,8,1.517285e-12
32,8,1.000000e+01,none,rz,0,3.537709e+04
32,8,1.000000e+01,none,rz,1,3.197423e+03
32,8,1.000000e+01,none,rz,2,5.524701e+02
32,8,1.000000e+01,none,rz,3,1.308649e+02
32,8,1.000000e+01,none,rz,4,3.172761e+01
32,8,1.000000e+01,none,rz,5,6.169239e+00
32,8,1.000000e+01,none,rz,6,7.809021e-01
32,8,1.000000e+01,none,rz,7,5.073686e-02
32,8,1.000000e+01,none,rz,8,6.043100e-24
32,8,1.000000e+01,none,beta,1,3.569297e-01
32,8,1.000000e+01,none,beta,2,5.463418e-01
32,8,1.000000e+01,none,beta,3,7.528962e-01
32,8,1.000000e+01,none,beta,4,8.516473e-01
32,8,1.000000e+01,none,beta,5,6.643863e-01
32,8,1.000000e+01,none,beta,6,6.490047e-01
32,8,1.000000e+01,none,beta,7,5.833185e-01
32,8,1.000000e+01,none,beta,8,1.557912e-19
32,8,1.000000e+01,none,ps_min,1,5.478949e+04
32,8,1.000000e+01,none,ps_min,2,2.586588e+03
32,8,1.000000e+01,none,ps_min,3,2.387340e+02
32,8,1.000000e+01,none,ps_min,4,2.025312e+01
32,8,1.000000e+01,none,ps_min,5,9.556096e-01
32,8,1.000000e+01,none,ps_min,6,1.091287e-01
32,8,1.000000e+01,none,ps_min,7,9.960139e-04
32,8,1.000000e+01,none,ps_min,8,1.211301e-07
32,8,1.000000e+01,none,rz_min,0,1.850580e+03
32,8,1.000000e+01,none,rz_min,1,1.102734e+02
32,8,1.000000e+01,none,rz_min,2,7.651766e+00
32,8,1.000000e+01,none,rz_min,3,6.924651e-01
32,8,1.000000e+01,none,rz_min,4,4.380253e-02
32,8,1.000000e+01,none,rz_min,5,3.924822e-03
32,8,1.000000e+01,none,rz_min,6,4.505504e-05
32,8,1.000000e+01,none,rz_min,7,5.287248e-09
32,8,1.000000e+01,none,rz_min,8,3.823898e-34
32,8,1.000000e+01,M,A,0,1.794530e+00
32,8,1.000000e+01,M,A,1,1.794530e+00
32,8,1.000000e+01,M,A,2,1.794530e+00
32,8,1.000000e+01,M,A,3,1.794530e+00
32,8,1.000000e+01,M,A,4,1.794530e+00
32,8,1.000000e+01,M,A,5,1.794530e+00
32,8,1.000000e+01,M,A,6,1.794530e+00
32,8,1.000000e+01,M,A,7,1.794530e+00
32,8,1.000000e+01,M,A,8,1.794530e+00
32,8,1.000000e+01,M,B,0,2.778517e+00
32,8,1.000000e+01,M,B,1,2.778517e+00
32,8,1.000000e+01,M,B,2,2.778517e+00
32,8,1.000000e+01,M,B,3,2.778517e+00
32,8,1.000000e+01,M,B,4,2.778517e+00
32,8,1.000000e+01,M,B,5,2.778517e+00
32,8,1.000000e+01,M,B,6,2.778517e+00
32,8,1.000000e+01,M,B,7,2.778517e+00
32,8,1.000000e+01,M,B,8,2.778517e+00
32,8,1.000000e+01,M,P,0,2.778517e+00
32,8,1.000000e+01,M,P,1,2.778517e+00
32,8,1.000000e+01,M,P,2,1.082317e+00
32,8,1.000000e+01,M,P,3,5.330676e-01
32,8,1.000000e+01,M,P,4,2.572929e-01
32,8,1.000000e+01,M,P,5,1.231500e-01
32,8,1.000000e+01,M,P,6,5.117118e-02
32,8,1.000000e+01,M,P,7,1.755497e-02
32,8,1.000000e+01,M,P,8,4.631570e-03
32,8,1.000000e+01,M,S,1,7.515362e+00
32,8,1.000000e+01,M,S,2,1.784399e+00
32,8,1.000000e+01,M,S,3,5.968006e-01
32,8,1.000000e+01,M,S,4,2.421562e-01
32,8,1.000000e+01,M,S,5,1.236126e-01
32,8,1.000000e+01,M,S,6,4.647255e-02
32,8,1.000000e+01,M,S,7,1.420080e-02
32,8,1.000000e+01,M,S,8,4.080523e-03
32,8,1.000000e+01,M,ps,1,8.122383e+01
32,8,1.000000e+01,M,ps,2,4.347319e+00
32,8,1.000000e+01,M,ps,3,7.287406e-01
32,8,1.000000e+01,M,ps,4,1.281742e-01
32,8,1.000000e+01,M,ps,5,4.397573e-02
32,8,1.000000e+01,M,ps,6,5.119937e-03
32,8,1.000000e+01,M,ps,7,5.777064e-04
32,8,1.000000e+01,M,ps,8,5.057298e-05
32,8,1.000000e+01,M,alpha,1,1.304083e+00
32,8,1.000000e+01,M,alpha,2,2.030574e+00
32,8,1.000000e+01,M,alpha,3,2.376424e+00
32,8,1.000000e+01,M,alpha,4,2.736749e+00
32,8,1.000000e+01,M,alpha,5,2.958029e+00
32,8,1.000000e+01,M,alpha,6,2.970490e+00
32,8,1.000000e+01,M,alpha,7,3.324684e+00
32,8,1.000000e+01,M,alpha,8,3.089436e+00
32,8,1.000000e+01,M,X,0,0.000000e+00
32,8,1.000000e+01,M,X,1,1.569511e+00
32,8,1.000000e+01,M,X,2,1.477249e+00
32,8,1.000000e+01,M,X,3,1.270079e+00
32,8,1.000000e+01,M,X,4,1.189393e+00
32,8,1.000000e+01,M,X,5,1.137638e+00
32,8,1.000000e+01,M,X,6,1.137432e+00
32,8,1.000000e+01,M,X,7,1.138228e+00
32,8,1.000000e+01,M,X,8,1.138235e+00
32,8,1.000000e+01,M,R,0,2.778517e+00
32,8,1.000000e+01,M,R,1,1.117335e+00
32,8,1.000000e+01,M,R,2,4.437536e-01
32,8,1.000000e+01,M,R,3,2.379261e-01
32,8,1.000000e+01,M,R,4,9.858110e-02
32,8,1.000000e+01,M,R,5,4.070165e-02
32,8,1.000000e+01,M,R,6,1.508590e-02
32,8,1.000000e+01,M,R,7,3.997799e-03
32,8,1.000000e+01,M,R,8,4.741514e-14
32,8,1.000000e+01,M,rz,0,3.454794e+01
32,8,1.000000e+01,M,rz,1,3.122483e+00
32,8,1.000000e+01,M,rz,2,5.395216e-01
32,8,1.000000e+01,M,rz,3,1.277978e-01
32,8,1.000000e+01,M,rz,4,3.098399e-02
32,8,1.000000e+01,M,rz,5,6.024648e-03
32,8,1.000000e+01,M,rz,6,7.625997e-04
32,8,1.000000e+01,M,rz,7,4.954772e-05
32,8,1.000000e+01,M,rz,8,5.901465e-27
32,8,1.000000e+01,M,beta,1,3.569297e-01
32,8,1.000000e+01,M,beta,2,5.463418e-01
32,8,1.000000e+01,M,beta,3,7.528962e-01
32,8,1.000000e+01,M,beta,4,8.516473e-01
32,8,1.000000e+01,M,beta,5,6.643863e-01
32,8,1.000000e+01,M,beta,6,6.490047e-01
32,8,1.000000e+01,M,beta,7,5.833185e-01
32,8,1.000000e+01,M,beta,8,1.557912e-19
32,8,1.000000e+01,M,ps_min,1,1.672042e+00
32,8,1.000000e+01,M,ps_min,2,7.893640e-02
32,8,1.000000e+01,M,ps_min,3,7.285582e-03
32,8,1.000000e+01,M,ps_min,4,6.180763e-04
32,8,1.000000e+01,M,ps_min,5,2.916289e-05
32,8,1.000000e+01,M,ps_min,6,3.330343e-06
32,8,1.000000e+01,M,ps_min,7,3.039593e-08
32,8,1.000000e+01,M,ps_min,8,3.696598e-12
32,8,1.000000e+01,M,rz_min,0,1.807207e+00
32,8,1.000000e+01,M,rz_min,1,1.076889e-01
32,8,1.000000e+01,M,rz_min,2,7.472428e-03
32,8,1.000000e+01,M,rz_min,3,6.762355e-04
32,8,1.000000e+01,M,rz_min,4,4.277591e-05
32,8,1.000000e+01,M,rz_min,5,3.832834e-06
32,8,1.000000e+01,M,rz_min,6,4.399906e-08
32,8,1.000000e+01,M,rz_min,7,5.163328e-12
32,8,1.000000e+01,M,rz_min,8,3.734275e-37
32,8,2.000000e+01,none,A,0,5.443109e+01
32,8,2.000000e+01,none,A,1,5.443109e+01
32,8,2.000000e+01,none,A,2,5.443109e+01
32,8,2.000000e+01,none,A,3,5.443109e+01
32,8,2.000000e+01,none,A,4,5.443109e+01
32,8,2.000000e+01,none,A,5,5.443109e+01
32,8,2.000000e+01,none,A,6,5.443109e+01
32,8,2.000000e+01,none,A,7,5.443109e+01
32,8,2.000000e+01,none,A,8,5.443109e+01
32,8,2.000000e+01,none,B,0,8.228767e+01
32,8,2.000000e+01,none,B,1,8.228767e+01
32,8,2.000000e+01,none,B,2,8.228767e+01
32,8,2.000000e+01,none,B,3,8.228767e+01
32,8,2.000000e+01,none,B,4,8.228767e+01
32,8,2.000000e+01,none,B,5,8.228767e+01
32,8,2.000000e+01,none,B,6,8.228767e+01
32,8,2.000000e+01,none,B,7,8.228767e+01
32,8,2.000000e+01,none,B,8,8.228767e+01
32,8,2.000000e+01,none,P,0,8.228767e+01
32,8,2.000000e+01,none,P,1,8.228767e+01
32,8,2.000000e+01,none,P,2,2.968872e+01
32,8,2.000000e+01,none,P,3,1.614739e+01
32,8,2.000000e+01,none,P,4,8.313226e+00
32,8,2.000000e+01,none,P,5,5.077751e+00
32,8,2.000000e+01,none,P,6,1.877078e+00
32,8,2.000000e+01,none,P,7,5.541970e-01
32,8,2.000000e+01,none,P,8,1.747976e-01
32,8,2.000000e+01,none,S,1,6.142982e+03
32,8,2.000000e+01,none,S,2,1.486861e+03
32,8,2.000000e+01,none,S,3,4.572196e+02
32,8,2.000000e+01,none,S,4,2.374485e+02
32,8,2.000000e+01,none,S,5,1.163913e+02
32,8,2.000000e+01,none,S,6,4.402100e+01
32,8,2.000000e+01,none,S,7,1.223930e+01
32,8,2.000000e+01,none,S,8,3.837495e+00
32,8,2.000000e+01,none,ps,1,1.813269e+06
32,8,2.000000e+01,none,ps,2,1.124673e+05
32,8,2.000000e+01,none,ps,3,1.564088e+04
32,8,2.000000e+01,none,ps,4,3.716924e+03
32,8,2.000000e+01,none,ps,5,8.976776e+02
32,8,2.000000e+01,none,ps,6,1.498465e+02
32,8,2.000000e+01,none,ps,7,1.399656e+01
32,8,2.000000e+01,none,ps,8,1.761951e+00
32,8,2.000000e+01,none,alpha,1,4.021895e-02
32,8,2.000000e+01,none,alpha,2,6.140486e-02
32,8,2.000000e+01,none,alpha,3,7.774877e-02
32,8,2.000000e+01,none,alpha,4,8.916269e-02
32,8,2.000000e+01,none,alpha,5,8.679254e-02
32,8,2.000000e+01,none,alpha,6,9.083148e-02
32,8,2.000000e+01,none,alpha,7,9.546201e-02
32,8,2.000000e+01,none,alpha,8,1.009207e-01
32,8,2.000000e+01,none,X,0,0.000000e+00
32,8,2.000000e+01,none,X,1,1.493218e+00
32,8,2.000000e+01,none,X,2,1.412371e+00
32,8,2.000000e+01,none,X,3,1.236351e+00
32,8,2.000000e+01,none,X,4,1.101495e+00
32,8,2.000000e+01,none,X,5,1.039738e+00
32,8,2.000000e+01,none,X,6,1.028781e+00
32,8,2.000000e+01,none,X,7,1.015683e+00
32,8,2.000000e+01,none,X,8,1.013389e+00
32,8,2.000000e+01,none,R,0,8.228767e+01
32,8,2.000000e+01,none,R,1,2.938421e+01
32,8,2.000000e+01,none,R,2,1.314927e+01
32,8,2.000000e+01,none,R,3,6.610203e+00
32,8,2.000000e+01,none,R,4,3.766158e+00
32,8,2.000000e+01,none,R,5,1.381984e+00
32,8,2.000000e+01,none,R,6,5.168308e-01
32,8,2.000000e+01,none,R,7,1.444620e-01
32,8,2.000000e+01,none,R,8,1.003744e-12
32,8,2.000000e+01,none,rz,0,2.952603e+04
32,8,2.000000e+01,none,rz,1,2.573492e+03
32,8,2.000000e+01,none,rz,2,4.293301e+02
32,8,2.000000e+01,none,rz,3,9.913865e+01
32,8,2.000000e+01,none,rz,4,2.980602e+01
32,8,2.000000e+01,none,rz,5,4.726946e+00
32,8,2.000000e+01,none,rz,6,5.981075e-01
32,8,2.000000e+01,none,rz,7,6.800100e-02
32,8,2.000000e+01,none,rz,8,4.924981e-24
32,8,2.000000e+01,none,beta,1,4.252225e-01
32,8,2.000000e+01,none,beta,2,5.403416e-01
32,8,2.000000e+01,none,beta,3,7.567943e-01
32,8,2.000000e+01,none,beta,4,8.545939e-01
32,8,2.000000e+01,none,beta,5,6.457363e-01
32,8,2.000000e+01,none,beta,6,5.558763e-01
32,8,2.000000e+01,none,beta,7,5.498679e-01
32,8,2.000000e+01,none,beta,8,8.758939e-20
32,8,2.000000e+01,none,ps_min,1,5.679686e+04
32,8,2.000000e+01,none,ps_min,2,2.571660e+03
32,8,2.000000e+01,none,ps_min,3,1.710736e+02
32,8,2.000000e+01,none,ps_min,4,6.848508e+00
32,8,2.000000e+01,none,ps_min,5,7.714911e-01
32,8,2.000000e+01,none,ps_min,6,4.531820e-02
32,8,2.000000e+01,none,ps_min,7,1.156962e-03
32,8,2.000000e+01,none,ps_min,8,4.874314e-08
32,8,2.000000e+01,none,rz_min,0,2.284310e+03
32,8,2.000000e+01,none,rz_min,1,1.027078e+02
32,8,2.000000e+01,none,rz_min,2,8.244216e+00
32,8,2.000000e+01,none,rz_min,3,2.382711e-01
32,8,2.000000e+01,none,rz_min,4,2.596220e-02
32,8,2.000000e+01,none,rz_min,5,2.168650e-03
32,8,2.000000e+01,none,rz_min,6,5.518960e-05
32,8,2.000000e+01,none,rz_min,7,2.452286e-09
32,8,2.000000e+01,none,rz_min,8,7.740263e-35
32,8,2.000000e+01,M,A,0,1.700971e+00
32,8,2.000000e+01,M,A,1,1.700971e+00
32,8,2.000000e+01,M,A,2,1.700971e+00
32,8,2.000000e+01,M,A,3,1.700971e+00
32,8,2.000000e+01,M,A,4,1.700971e+00
32,8,2.000000e+01,M,A,5,1.700971e+00
32,8,2.000000e+01,M,A,6,1.700971e+00
32,8,2.000000e+01,M,A,7,1.700971e+00
32,8,2.000000e+01,M,A,8,1.700971e+00
32,8,2.000000e+01,M,B,0,2.571490e+00
32,8,2.000000e+01,M,B,1,2.571490e+00
32,8,2.000000e+01,M,B,2,2.571490e+00
32,8,2.000000e+01,M,B,3,2.571490e+00
32,8,2.000000e+01,M,B,4,2.571490e+00
32,8,2.000000e+01,M,B,5,2.571490e+00
32,8,2.000000e+01,M,B,6,2.571490e+00
32,8,2.000000e+01,M,B,7,2.571490e+00
32,8,2.000000e+01,M,B,8,2.571490e+00
32,8,2.000000e+01,M,P,0,2.571490e+00
32,8,2.000000e+01,M,P,1,2.571490e+00
32,8,2.000000e+01,M,P,2,9.277725e-01
32,8,2.000000e+01,M,P,3,5.046060e-01
32,8,2.000000e+01,M,P,4,2.597883e-01
32,8,2.000000e+01,M,P,5,1.586797e-01
32,8,2.000000e+01,M,P,6,5.865869e-02
32,8,2.000000e+01,M,P,7,1.731866e-02
32,8,2.000000e+01,M,P,8,5.462425e-03
32,8,2.000000e+01,M,S,1,5.999006e+00
32,8,2.000000e+01,M,S,2,1.452013e+00
32,8,2.000000e+01,M,S,3,4.465035e-01
32,8,2.000000e+01,M,S,4,2.318833e-01
32,8,2.000000e+01,M,S,5,1.136634e-01
32,8,2.000000e+01,M,S,6,4.298926e-02
32,8,2.000000e+01,M,S,7,1.195244e-02
32,8,2.000000e+01,M,S,8,3.747554e-03
32,8,2.000000e+01,M,ps,1,5.533657e+01
32,8,2.000000e+01,M,ps,2,3.432231e+00
32,8,2.000000e+01,M,ps,3,4.773219e-01
32,8,2.000000e+01,M,ps,4,1.134315e-01
32,8,2.000000e+01,M,ps,5,2.739495e-02
32,8,2.000000e+01,M,ps,6,4.572953e-03
32,8,2.000000e+01,M,ps,7,4.271410e-04
32,8,2.000000e+01,M,ps,8,5.377049e-05
32,8,2.000000e+01,M,alpha,1,1.287006e+00
32,8,2.000000e+01,M,alpha,2,1.964956e+00
32,8,2.000000e+01,M,alpha,3,2.487961e+00
32,8,2.000000e+01,M,alpha,4,2.853206e+00
32,8,2.000000e+01,M,alpha,5,2.777361e+00
32,8,2.000000e+01,M,alpha,6,2.906608e+00
32,8,2.000000e+01,M,alpha,7,3.054784e+00
32,8,2.000000e+01,M,alpha,8,3.229462e+00
32,8,2.000000e+01,M,X,0,0.000000e+00
32,8,2.000000e+01,M,X,1,1.493218e+00
32,8,2.000000e+01,M,X,2,1.412371e+00
32,8,2.000000e+01,M,X,3,1.236351e+00
32,8,2.000000e+01,M,X,4,1.101495e+00
32,8,2.000000e+01,M,X,5,1.039738e+00
32,8,2.000000e+01,M,X,6,1.028781e+00
32,8,2.000000e+01,M,X,7,1.015683e+00
32,8,2.000000e+01,M,X,8,1.013389e+00
32,8,2.000000e+01,M,R,0,2.571490e+00
32,8,2.000000e+01,M,R,1,9.182567e-01
32,8,2.000000e+01,M,R,2,4.109147e-01
32,8,2.000000e+01,M,R,3,2.065688e-01
32,8,2.000000e+01,M,R,4,1.176924e-01
32,8,2.000000e+01,M,R,5,4.318700e-02
32,8,2.000000e+01,M,R,6,1.615096e-02
32,8,2.000000e+01,M,R,7,4.514437e-03
32,8,2.000000e+01,M,R,8,3.136699e-14
32,8,2.000000e+01,M,rz,0,2.883401e+01
32,8,2.000000e+01,M,rz,1,2.513176e+00
32,8,2.000000e+01,M,rz,2,4.192677e-01
32,8,2.000000e+01,M,rz,3,9.681509e-02
32,8,2.000000e+01,M,rz,4,2.910744e-02
32,8,2.000000e+01,M,rz,5,4.616158e-03
32,8,2.000000e+01,M,rz,6,5.840893e-04
32,8,2.000000e+01,M,rz,7,6.640723e-05
32,8,2.000000e+01,M,rz,8,4.809552e-27
32,8,2.000000e+01,M,beta,1,4.252225e-01
32,8,2.000000e+01,M,beta,2,5.403416e-01
32,8,2.000000e+01,M,beta,3,7.567943e-01
32,8,2.000000e+01,M,beta,4,8.545939e-01
32,8,2.000000e+01,M,beta,5,6.457363e-01
32,8,2.000000e+01,M,beta,6,5.558763e-01
32,8,2.000000e+01,M,beta,7,5.498679e-01
32,8,2.000000e+01,M,beta,8,8.758939e-20
32,8,2.000000e+01,M,ps_min,1,1.733303e+00
32,8,2.000000e+01,M,ps_min,2,7.848083e-02
32,8,2.000000e+01,M,ps_min,3,5.220752e-03
32,8,2.000000e+01,M,ps_min,4,2.089999e-04
32,8,2.000000e+01,M,ps_min,5,2.354404e-05
32,8,2.000000e+01,M,ps_min,6,1.383002e-06
32,8,2.000000e+01,M,ps_min,7,3.530768e-08
32,8,2.000000e+01,M,ps_min,8,1.487523e-12
32,8,2.000000e+01,M,rz_min,0,2.230772e+00
32,8,2.000000e+01,M,rz_min,1,1.003006e-01
32,8,2.000000e+01,M,rz_min,2,8.050992e-03
32,8,2.000000e+01,M,rz_min,3,2.326866e-04
32,8,2.000000e+01,M,rz_min,4,2.535371e-05
32,8,2.000000e+01,M,rz_min,5,2.117823e-06
32,8,2.000000e+01,M,rz_min,6,5.389609e-08
32,8,2.000000e+01,M,rz_min,7,2.394810e-12
32,8,2.000000e+01,M,rz_min,8,7.558851e-38
32,16,-1.000000e+01,none,A,0,6.437491e+01
32,16,-1.000000e+01,none,A,1,6.437491e+01
32,16,-1.000000e+01,none,A,2,6.437491e+01
32,16,-1.000000e+01,none,A,3,6.437491e+01
32,16,-1.000000e+01,none,A,4,6.437491e+01
32,16,-1.000000e+01,none,A,5,6.437491e+01
32,16,-1.000000e+01,none,A,6,6.437491e+01
32,16,-1.000000e+01,none,A,7,6.437491e+01
32,16,-1.000000e+01,none,A,8,6.437491e+01
32,16,-1.000000e+01,none,A,9,6.437491e+01
32,16,-1.000000e+01,none,A,10,6.437491e+01
32,16,-1.000000e+01,none,A,11,6.437491e+01
32,16,-1.000000e+01,none,A,12,6.437491e+01
32,16,-1.000000e+01,none,A,13,6.437491e+01
32,16,-1.000000e+01,none,A,14,6.437491e+01
32,16,-1.000000e+01,none,A,15,6.437491e+01
32,16,-1.000000e+01,none,A,16,6.437491e+01
32,16,-1.000000e+01,none,B,0,1.323183e+02
32,16,-1.000000e+01,none,B,1,1.323183e+02
32,16,-1.000000e+01,none,B,2,1.323183e+02
32,16,-1.000000e+01,none,B,3,1.323183e+02
32,16,-1.000000e+01,none,B,4,1.323183e+02
32,16,-1.000000e+01,none,B,5,1.323183e+02
32,16,-1.000000e+01,none,B,6,1.323183e+02
32,16,-1.000000e+01,none,B,7,1.323183e+02
32,16,-1.000000e+01,none,B,8,1.323183e+02
32,16,-1.000000e+01,none,B,9,1.323183e+02
32,16,-1.000000e+01,none,B,10,1.323183e+02
32,16,-1.000000e+01,none,B,11,1.323183e+02
32,16,-1.000000e+01,none,B,12,1.323183e+02
32,16,-1.000000e+01,none,B,13,1.323183e+02
32,16,-1.000000e+01,none,B,14,1.323183e+02
32,16,-1.000000e+01,none,B,15,1.323183e+02
32,16,-1.000000e+01,none,B,16,1.323183e+02
32,16,-1.000000e+01,none,P,0,1.323183e+02
32,16,-1.000000e+01,none,P,1,1.323183e+02
32,16,-1.000000e+01,none,P,2,4.558030e+01
32,16,-1.000000e+01,none,P,3,2.273292e+01
32,16,-1.000000e+01,none,P,4,9.523859e+00
32,16,-1.000000e+01,none,P,5,3.937985e+00
32,16,-1.000000e+01,none,P,6,1.931407e+00
32,16,-1.000000e+01,none,P,7,8.632303e-01
32,16,-1.000000e+01,none,P,8,3.478482e-01
32,16,-1.000000e+01,none,P,9,1.207913e-01
32,16,-1.000000e+01,none,P,10,4.010932e-02
32,16,-1.000000e+01,none,P,11,1.536566e-02
32,16,-1.000000e+01,none,P,12,5.711624e-03
32,16,-1.000000e+01,none,P,13,2.125610e-03
32,16,-1.000000e+01,none,P,14,4.582171e-04
32,16,-1.000000e+01,none,P,15,9.458729e-05
32,16,-1.000000e+01,none,P,16,2.249778e-05
32,16,-1.000000e+01,none,S,1,1.291967e+04
32,16,-1.000000e+01,none,S,2,3.115827e+03
32,16,-1.000000e+01,none,S,3,1.116823e+03
32,16,-1.000000e+01,none,S,4,3.996281e+02
32,16,-1.000000e+01,none,S,5,1.879741e+02
32,16,-1.000000e+01,none,S,6,8.609027e+01
32,16,-1.000000e+01,none,S,7,3.594836e+01
32,16,-1.000000e+01,none,S,8,1.103952e+01
32,16,-1.000000e+01,none,S,9,4.181758e+00
32,16,-1.000000e+01,none,S,10,1.355735e+00
32,16,-1.000000e+01,none,S,11,5.860099e-01
32,16,-1.000000e+01,none,S,12,1.932643e-01
32,16,-1.000000e+01,none,S,13,5.829109e-02
32,16,-1.000000e+01,none,S,14,1.266489e-02
32,16,-1.000000e+01,none,S,15,2.840028e-03
32,16,-1.000000e+01,none,S,16,5.833922e-04
32,16,-1.000000e+01,none,ps,1,6.983572e+06
32,16,-1.000000e+01,none,ps,2,5.389095e+05
32,16,-1.000000e+01,none,ps,3,8.305148e+04
32,16,-1.000000e+01,none,ps,4,1.278071e+04
32,16,-1.000000e+01,none,ps,5,2.931633e+03
32,16,-1.000000e+01,none,ps,6,5.811218e+02
32,16,-1.000000e+01,none,ps,7,8.290676e+01
32,16,-1.000000e+01,none,ps,8,1.138505e+01
32,16,-1.000000e+01,none,ps,9,2.236551e+00
32,16,-1.000000e+01,none,ps,10,2.225730e-01
32,16,-1.000000e+01,none,ps,11,2.929995e-02
32,16,-1.000000e+01,none,ps,12,2.699623e-03
32,16,-1.000000e+01,none,ps,13,3.861436e-04
32,16,-1.000000e+01,none,ps,14,1.911536e-05
32,16,-1.000000e+01,none,ps,15,1.153535e-06
32,16,-1.000000e+01,none,ps,16,7.297457e-08
32,16,-1.000000e+01,none,alpha,1,2.417664e-02
32,16,-1.000000e+01,none,alpha,2,3.317294e-02
32,16,-1.000000e+01,none,alpha,3,3.719220e-02
32,16,-1.000000e+01,none,alpha,4,3.767747e-02
32,16,-1.000000e+01,none,alpha,5,3.920639e-02
32,16,-1.000000e+01,none,alpha,6,4.351467e-02
32,16,-1.000000e+01,none,alpha,7,4.525811e-02
32,16,-1.000000e+01,none,alpha,8,4.510070e-02
32,16,-1.000000e+01,none,alpha,9,4.814565e-02
32,16,-1.000000e+01,none,alpha,10,4.887553e-02
32,16,-1.000000e+01,none,alpha,11,5.283693e-02
32,16,-1.000000e+01,none,alpha,12,5.606383e-02
32,16,-1.000000e+01,none,alpha,13,5.619372e-02
32,16,-1.000000e+01,none,alpha,14,5.798991e-02
32,16,-1.000000e+01,none,alpha,15,5.944788e-02
32,16,-1.000000e+01,none,alpha,16,7.590337e-02
32,16,-1.000000e+01,none,X,0,0.000000e+00
32,16,-1.000000e+01,none,X,1,1.773236e+00
32,16,-1.000000e+01,none,X,2,2.048458e+00
32,16,-1.000000e+01,none,X,3,2.111721e+00
32,16,-1.000000e+01,none,X,4,2.056364e+00
32,16,-1.000000e+01,none,X,5,2.056057e+00
32,16,-1.000000e+01,none,X,6,2.056250e+00
32,16,-1.000000e+01,none,X,7,2.057369e+00
32,16,-1.000000e+01,none,X,8,2.057491e+00
32,16,-1.000000e+01,none,X,9,2.058094e+00
32,16,-1.000000e+01,none,X,10,2.058327e+00
32,16,-1.000000e+01,none,X,11,2.058351e+00
32,16,-1.000000e+01,none,X,12,2.058347e+00
32,16,-1.000000e+01,none,X,13,2.058354e+00
32,16,-1.000000e+01,none,X,14,2.058355e+00
32,16,-1.000000e+01,none,X,15,2.058355e+00
32,16,-1.000000e+01,none,X,16,2.058355e+00
32,16,-1.000000e+01,none,R,0,1.323183e+02
32,16,-1.000000e+01,none,R,1,4.691959e+01
32,16,-1.000000e+01,none,R,2,2.026302e+01
32,16,-1.000000e+01,none,R,3,7.734001e+00
32,16,-1.000000e+01,none,R,4,3.296988e+00
32,16,-1.000000e+01,none,R,5,1.751203e+00
32,16,-1.000000e+01,none,R,6,7.152513e-01
32,16,-1.000000e+01,none,R,7,2.679469e-01
32,16,-1.000000e+01,none,R,8,1.035743e-01
32,16,-1.000000e+01,none,R,9,3.581997e-02
32,16,-1.000000e+01,none,R,10,1.344867e-02
32,16,-1.000000e+01,none,R,11,5.259609e-03
32,16,-1.000000e+01,none,R,12,1.647417e-03
32,16,-1.000000e+01,none,R,13,3.605407e-04
32,16,-1.000000e+01,none,R,14,9.775315e-05
32,16,-1.000000e+01,none,R,15,2.321891e-05
32,16,-1.000000e+01,none,R,16,2.864760e-10
32,16,-1.000000e+01,none,rz,0,8.456430e+04
32,16,-1.000000e+01,none,rz,1,7.458798e+03
32,16,-1.000000e+01,none,rz,2,1.535614e+03
32,16,-1.000000e+01,none,rz,3,2.360326e+02
32,16,-1.000000e+01,none,rz,4,5.045175e+01
32,16,-1.000000e+01,none,rz,5,9.627598e+00
32,16,-1.000000e+01,none,rz,6,1.974455e+00
32,16,-1.000000e+01,none,rz,7,3.337307e-01
32,16,-1.000000e+01,none,rz,8,5.263517e-02
32,16,-1.000000e+01,none,rz,9,5.337846e-03
32,16,-1.000000e+01,none,rz,10,7.979310e-04
32,16,-1.000000e+01,none,rz,11,8.469964e-05
32,16,-1.000000e+01,none,rz,12,1.139524e-05
32,16,-1.000000e+01,none,rz,13,5.789356e-07
32,16,-1.000000e+01,none,rz,14,4.041163e-08
32,16,-1.000000e+01,none,rz,15,2.721537e-09
32,16,-1.000000e+01,none,rz,16,3.528321e-19
32,16,-1.000000e+01,none,beta,1,2.796077e-01
32,16,-1.000000e+01,none,beta,2,3.745334e-01
32,16,-1.000000e+01,none,beta,3,4.363271e-01
32,16,-1.000000e+01,none,beta,4,4.956925e-01
32,16,-1.000000e+01,none,beta,5,4.748081e-01
32,16,-1.000000e+01,none,beta,6,4.548012e-01
32,16,-1.000000e+01,none,beta,7,4.100667e-01
32,16,-1.000000e+01,none,beta,8,3.869417e-01
32,16,-1.000000e+01,none,beta,9,4.504140e-01
32,16,-1.000000e+01,none,beta,10,3.510349e-01
32,16,-1.000000e+01,none,beta,11,3.506979e-01
32,16,-1.000000e+01,none,beta,12,3.018838e-01
32,16,-1.000000e+01,none,beta,13,2.592255e-01
32,16,-1.000000e+01,none,beta,14,2.542252e-01
32,16,-1.000000e+01,none,beta,15,2.252972e-01
32,16,-1.000000e+01,none,beta,16,3.564457e-07
32,16,-1.000000e+01,none,ps_min,1,3.665069e+05
32,16,-1.000000e+01,none,ps_min,2,2.766726e+04
32,16,-1.000000e+01,none,ps_min,3,2.657455e+03
32,16,-1.000000e+01,none,ps_min,4,4.275713e+02
32,16,-1.000000e+01,none,ps_min,5,5.572351e+01
32,16,-1.000000e+01,none,ps_min,6,7.449099e+00
32,16,-1.000000e+01,none,ps_min,7,9.287716e-01
32,16,-1.000000e+01,none,ps_min,8,7.898623e-02
32,16,-1.000000e+01,none,ps_min,9,6.571730e-03
32,16,-1.000000e+01,none,ps_min,10,6.536797e-04
32,16,-1.000000e+01,none,ps_min,11,4.659852e-05
32,16,-1.000000e+01,none,ps_min,12,3.817428e-06
32,16,-1.000000e+01,none,ps_min,13,1.354891e-07
32,16,-1.000000e+01,none,ps_min,14,2.148218e-09
32,16,-1.000000e+01,none,ps_min,15,4.759631e-11
32,16,-1.000000e+01,none,ps_min,16,5.632643e-14
32,16,-1.000000e+01,none,rz_min,0,7.969776e+03
32,16,-1.000000e+01,none,rz_min,1,5.728753e+02
32,16,-1.000000e+01,none,rz_min,2,6.978354e+01
32,16,-1.000000e+01,none,rz_min,3,1.115717e+01
32,16,-1.000000e+01,none,rz_min,4,1.349303e+00
32,16,-1.000000e+01,none,rz_min,5,1.912317e-01
32,16,-1.000000e+01,none,rz_min,6,2.314849e-02
32,16,-1.000000e+01,none,rz_min,7,2.301488e-03
32,16,-1.000000e+01,none,rz_min,8,2.233766e-04
32,16,-1.000000e+01,none,rz_min,9,2.189085e-05
32,16,-1.000000e+01,none,rz_min,10,1.434434e-06
32,16,-1.000000e+01,none,rz_min,11,1.318303e-07
32,16,-1.000000e+01,none,rz_min,12,5.368369e-09
32,16,-1.000000e+01,none,rz_min,13,8.246927e-11
32,16,-1.000000e+01,none,rz_min,14,2.321925e-12
32,16,-1.000000e+01,none,rz_min,15,1.893173e-15
32,16,-1.000000e+01,none,rz_min,16,2.025172e-32
32,16,-1.000000e+01,M,A,0,2.011716e+00
32,16,-1.000000e+01,M,A,1,2.011716e+00
32,16,-1.000000e+01,M,A,2,2.011716e+00
32,16,-1.000000e+01,M,A,3,2.011716e+00
32,16,-1.000000e+01,M,A,4,2.011716e+00
32,16,-1.000000e+01,M,A,5,2.011716e+00
32,16,-1.000000e+01,M,A,6,2.011716e+00
32,16,-1.000000e+01,M,A,7,2.011716e+00
32,16,-1.000000e+01,M,A,8,2.011716e+00
32,16,-1.000000e+01,M,A,9,2.011716e+00
32,16,-1.000000e+01,M,A,10,2.011716e+00
32,16,-1.000000e+01,M,A,11,2.011716e+00
32,16,-1.000000e+01,M,A,12,2.011716e+00
32,16,-1.000000e+01,M,A,13,2.011716e+00
32,16,-1.000000e+01,M,A,14,2.011716e+00
32,16,-1.000000e+01,M,A,15,2.011716e+00
32,16,-1.000000e+01,M,A,16,2.011716e+00
32,16,-1.000000e+01,M,B,0,4.134946e+00
32,16,-1.000000e+01,M,B,1,4.134946e+00
32,16,-1.000000e+01,M,B,2,4.134946e+00
32,16,-1.000000e+01,M,B,3,4.134946e+00
32,16,-1.000000e+01,M,B,4,4.134946e+00
32,16,-1.000000e+01,M,B,5,4.134946e+00
32,16,-1.000000e+01,M,B,6,4.134946e+00
32,16,-1.000000e+01,M,B,7,4.134946e+00
32,16,-1.000000e+01,M,B,8,4.134946e+00
32,16,-1.000000e+01,M,B,9,4.134946e+00
32,16,-1.000000e+01,M,B,10,4.134946e+00
32,16,-1.000000e+01,M,B,11,4.134946e+00
32,16,-1.000000e+01,M,B,12,4.134946e+00
32,16,-1.000000e+01,M,B,13,4.134946e+00
32,16,-1.000000e+01,M,B,14,4.134946e+00
32,16,-1.000000e+01,M,B,15,4.134946e+00
32,16,-1.000000e+01,M,B,16,4.134946e+00
32,16,-1.000000e+01,M,P,0,4.134946e+00
32,16,-1.000000e+01,M,P,1,4.134946e+00
32,16,-1.000000e+01,M,P,2,1.424384e+00
32,16,-1.000000e+01,M,P,3,7.104036e-01
32,16,-1.000000e+01,M,P,4,2.976206e-01
32,16,-1.000000e+01,M,P,5,1.230620e-01
32,16,-1.000000e+01,M,P,6,6.035645e-02
32,16,-1.000000e+01,M,P,7,2.697595e-02
32,16,-1.000000e+01,M,P,8,1.087026e-02
32,16,-1.000000e+01,M,P,9,3.774727e-03
32,16,-1.000000e+01,M,P,10,1.253416e-03
32,16,-1.000000e+01,M,P,11,4.801768e-04
32,16,-1.000000e+01,M,P,12,1.784882e-04
32,16,-1.000000e+01,M,P,13,6.642532e-05
32,16,-1.000000e+01,M,P,14,1.431929e-05
32,16,-1.000000e+01,M,P,15,2.955853e-06
32,16,-1.000000e+01,M,P,16,7.030557e-07
32,16,-1.000000e+01,M,S,1,1.261686e+01
32,16,-1.000000e+01,M,S,2,3.042800e+00
32,16,-1.000000e+01,M,S,3,1.090648e+00
32,16,-1.000000e+01,M,S,4,3.902618e-01
32,16,-1.000000e+01,M,S,5,1.835685e-01
32,16,-1.000000e+01,M,S,6,8.407253e-02
32,16,-1.000000e+01,M,S,7,3.510582e-02
32,16,-1.000000e+01,M,S,8,1.078078e-02
32,16,-1.000000e+01,M,S,9,4.083748e-03
32,16,-1.000000e+01,M,S,10,1.323960e-03
32,16,-1.000000e+01,M,S,11,5.722753e-04
32,16,-1.000000e+01,M,S,12,1.887347e-04
32,16,-1.000000e+01,M,S,13,5.692489e-05
32,16,-1.000000e+01,M,S,14,1.236805e-05
32,16,-1.000000e+01,M,S,15,2.773465e-06
32,16,-1.000000e+01,M,S,16,5.697189e-07
32,16,-1.000000e+01,M,ps,1,2.131217e+02
32,16,-1.000000e+01,M,ps,2,1.644621e+01
32,16,-1.000000e+01,M,ps,3,2.534530e+00
32,16,-1.000000e+01,M,ps,4,3.900364e-01
32,16,-1.000000e+01,M,ps,5,8.946633e-02
32,16,-1.000000e+01,M,ps,6,1.773443e-02
32,16,-1.000000e+01,M,ps,7,2.530114e-03
32,16,-1.000000e+01,M,ps,8,3.474442e-04
32,16,-1.000000e+01,M,ps,9,6.825412e-05
32,16,-1.000000e+01,M,ps,10,6.792389e-06
32,16,-1.000000e+01,M,ps,11,8.941636e-07
32,16,-1.000000e+01,M,ps,12,8.238595e-08
32,16,-1.000000e+01,M,ps,13,1.178417e-08
32,16,-1.000000e+01,M,ps,14,5.833546e-10
32,16,-1.000000e+01,M,ps,15,3.520308e-11
32,16,-1.000000e+01,M,ps,16,2.227007e-12
32,16,-1.000000e+01,M,alpha,1,7.736523e-01
32,16,-1.000000e+01,M,alpha,2,1.061534e+00
32,16,-1.000000e+01,M,alpha,3,1.190150e+00
32,16,-1.000000e+01,M,alpha,4,1.205679e+00
32,16,-1.000000e+01,M,alpha,5,1.254605e+00
32,16,-1.000000e+01,M,alpha,6,1.392469e+00
32,16,-1.000000e+01,M,alpha,7,1.448260e+00
32,16,-1.000000e+01,M,alpha,8,1.443222e+00
32,16,-1.000000e+01,M,alpha,9,1.540661e+00
32,16,-1.000000e+01,M,alpha,10,1.564017e+00
32,16,-1.000000e+01,M,alpha,11,1.690782e+00
32,16,-1.000000e+01,M,alpha,12,1.794043e+00
32,16,-1.000000e+01,M,alpha,13,1.798199e+00
32,16,-1.000000e+01,M,alpha,14,1.855677e+00
32,16,-1.000000e+01,M,alpha,15,1.902332e+00
32,16,-1.000000e+01,M,alpha,16,2.428908e+00
32,16,-1.000000e+01,M,X,0,0.000000e+00
32,16,-1.000000e+01,M,X,1,1.773236e+00
32,16,-1.000000e+01,M,X,2,2.048458e+00
32,16,-1.000000e+01,M,X,3,2.111721e+00
32,16,-1.000000e+01,M,X,4,2.056364e+00
32,16,-1.000000e+01,M,X,5,2.056057e+00
32,16,-1.000000e+01,M,X,6,2.056250e+00
32,16,-1.000000e+01,M,X,7,2.057369e+00
32,16,-1.000000e+01,M,X,8,2.057491e+00
32,16,-1.000000e+01,M,X,9,2.058094e+00
32,16,-1.000000e+01,M,X,10,2.058327e+00
32,16,-1.000000e+01,M,X,11,2.058351e+00
32,16,-1.000000e+01,M,X,12,2.058347e+00
32,16,-1.000000e+01,M,X,13,2.058354e+00
32,16,-1.000000e+01,M,X,14,2.058355e+00
32,16,-1.000000e+01,M,X,15,2.058355e+00
32,16,-1.000000e+01,M,X,16,2.058355e+00
32,16,-1.000000e+01,M,R,0,4.134946e+00
32,16,-1.000000e+01,M,R,1,1.466237e+00
32,16,-1.000000e+01,M,R,2,6.332193e-01
32,16,-1.000000e+01,M,R,3,2.416875e-01
32,16,-1.000000e+01,M,R,4,1.030309e-01
32,16,-1.000000e+01,M,R,5,5.472510e-02
32,16,-1.000000e+01,M,R,6,2.235160e-02
32,16,-1.000000e+01,M,R,7,8.373340e-03
32,16,-1.000000e+01,M,R,8,3.236696e-03
32,16,-1.000000e+01,M,R,9,1.119374e-03
32,16,-1.000000e+01,M,R,10,4.202711e-04
32,16,-1.000000e+01,M,R,11,1.643628e-04
32,16,-1.000000e+01,M,R,12,5.148179e-05
32,16,-1.000000e+01,M,R,13,1.126690e-05
32,16,-1.000000e+01,M,R,14,3.054786e-06
32,16,-1.000000e+01,M,R,15,7.255910e-07
32,16,-1.000000e+01,M,R,16,8.952377e-12
32,16,-1.000000e+01,M,rz,0,8.258232e+01
32,16,-1.000000e+01,M,rz,1,7.283982e+00
32,16,-1.000000e+01,M,rz,2,1.499623e+00
32,16,-1.000000e+01,M,rz,3,2.305006e-01
32,16,-1.000000e+01,M,rz,4,4.926929e-02
32,16,-1.000000e+01,M,rz,5,9.401951e-03
32,16,-1.000000e+01,M,rz,6,1.928179e-03
32,16,-1.000000e+01,M,rz,7,3.259089e-04
32,16,-1.000000e+01,M,rz,8,5.140154e-05
32,16,-1.000000e+01,M,rz,9,5.212740e-06
32,16,-1.000000e+01,M,rz,10,7.792295e-07
32,16,-1.000000e+01,M,rz,11,8.271449e-08
32,16,-1.000000e+01,M,rz,12,1.112816e-08
32,16,-1.000000e+01,M,rz,13,5.653668e-10
32,16,-1.000000e+01,M,rz,14,3.946448e-11
32,16,-1.000000e+01,M,rz,15,2.657751e-12
32,16,-1.000000e+01,M,rz,16,3.445626e-22
32,16,-1.000000e+01,M,beta,1,2.796077e-01
32,16,-1.000000e+01,M,beta,2,3.745334e-01
32,16,-1.000000e+01,M,beta,3,4.363271e-01
32,16,-1.000000e+01,M,beta,4,4.956925e-01
32,16,-1.000000e+01,M,beta,5,4.748081e-01
32,16,-1.000000e+01,M,beta,6,4.548012e-01
32,16,-1.000000e+01,M,beta,7,4.100667e-01
32,16,-1.000000e+01,M,beta,8,3.869417e-01
32,16,-1.000000e+01,M,beta,9,4.504140e-01
32,16,-1.000000e+01,M,beta,10,3.510349e-01
32,16,-1.000000e+01,M,beta,11,3.506979e-01
32,16,-1.000000e+01,M,beta,12,3.018838e-01
32,16,-1.000000e+01,M,beta,13,2.592255e-01
32,16,-1.000000e+01,M,beta,14,2.542252e-01
32,16,-1.000000e+01,M,beta,15,2.252972e-01
32,16,-1.000000e+01,M,beta,16,3.564457e-07
32,16,-1.000000e+01,M,ps_min,1,1.118490e+01
32,16,-1.000000e+01,M,ps_min,2,8.443378e-01
32,16,-1.000000e+01,M,ps_min,3,8.109909e-02
32,16,-1.000000e+01,M,ps_min,4,1.304844e-02
32,16,-1.000000e+01,M,ps_min,5,1.700546e-03
32,16,-1.000000e+01,M,ps_min,6,2.273285e-04
32,16,-1.000000e+01,M,ps_min,7,2.834386e-05
32,16,-1.000000e+01,M,ps_min,8,2.410468e-06
32,16,-1.000000e+01,M,ps_min,9,2.005533e-07
32,16,-1.000000e+01,M,ps_min,10,1.994872e-08
32,16,-1.000000e+01,M,ps_min,11,1.422074e-09
32,16,-1.000000e+01,M,ps_min,12,1.164987e-10
32,16,-1.000000e+01,M,ps_min,13,4.134798e-12
32,16,-1.000000e+01,M,ps_min,14,6.555841e-14
32,16,-1.000000e+01,M,ps_min,15,1.452524e-15
32,16,-1.000000e+01,M,ps_min,16,1.718946e-18
32,16,-1.000000e+01,M,rz_min,0,7.782984e+00
32,16,-1.000000e+01,M,rz_min,1,5.594485e-01
32,16,-1.000000e+01,M,rz_min,2,6.814799e-02
32,16,-1.000000e+01,M,rz_min,3,1.089567e-02
32,16,-1.000000e+01,M,rz_min,4,1.317679e-03
32,16,-1.000000e+01,M,rz_min,5,1.867497e-04
32,16,-1.000000e+01,M,rz_min,6,2.260594e-05
32,16,-1.000000e+01,M,rz_min,7,2.247547e-06
32,16,-1.000000e+01,M,rz_min,8,2.181412e-07
32,16,-1.000000e+01,M,rz_min,9,2.137779e-08
32,16,-1.000000e+01,M,rz_min,10,1.400815e-09
32,16,-1.000000e+01,M,rz_min,11,1.287405e-10
32,16,-1.000000e+01,M,rz_min,12,5.242547e-12
32,16,-1.000000e+01,M,rz_min,13,8.053639e-14
32,16,-1.000000e+01,M,rz_min,14,2.267505e-15
32,16,-1.000000e+01,M,rz_min,15,1.848801e-18
32,16,-1.000000e+01,M,rz_min,16,1.977707e-35
32,16,0.000000e+00,none,A,0,5.569778e+01
32,16,0.000000e+00,none,A,1,5.569778e+01
32,16,0.000000e+00,none,A,2,5.569778e+01
32,16,0.000000e+00,none,A,3,5.569778e+01
32,16,0.000000e+00,none,A,4,5.569778e+01
32,16,0.000000e+00,none,A,5,5.569778e+01
32,16,0.000000e+00,none,A,6,5.569778e+01
32,16,0.000000e+00,none,A,7,5.569778e+01
32,16,0.000000e+00,none,A,8,5.569778e+01
32,16,0.000000e+00,none,A,9,5.569778e+01
32,16,0.000000e+00,none,A,10,5.569778e+01
32,16,0.000000e+00,none,A,11,5.569778e+01
32,16,0.000000e+00,none,A,12,5.569778e+01
32,16,0.000000e+00,none,A,13,5.569778e+01
32,16,0.000000e+00,none,A,14,5.569778e+01
32,16,0.000000e+00,none,A,15,5.569778e+01
32,16,0.000000e+00,none,A,16,5.569778e+01
32,16,0.000000e+00,none,B,0,1.120112e+02
32,16,0.000000e+00,none,B,1,1.120112e+02
32,16,0.000000e+00,none,B,2,1.120112e+02
32,16,0.000000e+00,none,B,3,1.120112e+02
32,16,0.000000e+00,none,B,4,1.120112e+02
32,16,0.000000e+00,none,B,5,1.120112e+02
32,16,0.000000e+00,none,B,6,1.120112e+02
32,16,0.000000e+00,none,B,7,1.120112e+02
32,16,0.000000e+00,none,B,8,1.120112e+02
32,16,0.000000e+00,none,B,9,1.120112e+02
32,16,0.000000e+00,none,B,10,1.120112e+02
32,16,0.000000e+00,none,B,11,1.120112e+02
32,16,0.000000e+00,none,B,12,1.120112e+02
32,16,0.000000e+00,none,B,13,1.120112e+02
32,16,0.000000e+00,none,B,14,1.120112e+02
32,16,0.000000e+00,none,B,15,1.120112e+02
32,16,0.000000e+00,none,B,16,1.120112e+02
32,16,0.000000e+00,none,P,0,1.120112e+02
32,16,0.000000e+00,none,P,1,1.120112e+02
32,16,0.000000e+00,none,P,2,4.265392e+01
32,16,0.000000e+00,none,P,3,2.249776e+01
32,16,0.000000e+00,none,P,4,1.531359e+01
32,16,0.000000e+00,none,P,5,1.012399e+01
32,16,0.000000e+00,none,P,6,6.102997e+00
32,16,0.000000e+00,none,P,7,3.714148e+00
32,16,0.000000e+00,none,P,8,2.378279e+00
32,16,0.000000e+00,none,P,9,1.914128e+00
32,16,0.000000e+00,none,P,10,9.814881e-01
32,16,0.000000e+00,none,P,11,4.732174e-01
32,16,0.000000e+00,none,P,12,2.503175e-01
32,16,0.000000e+00,none,P,13,1.720115e-01
32,16,0.000000e+00,none,P,14,7.437857e-02
32,16,0.000000e+00,none,P,15,1.919019e-02
32,16,0.000000e+00,none,P,16,6.532649e-03
32,16,0.000000e+00,none,S,1,9.203389e+03
32,16,0.000000e+00,none,S,2,2.226591e+03
32,16,0.000000e+00,none,S,3,1.180223e+03
32,16,0.000000e+00,none,S,4,5.104687e+02
32,16,0.000000e+00,none,S,5,2.658469e+02
32,16,0.000000e+00,none,S,6,1.641952e+02
32,16,0.000000e+00,none,S,7,1.337354e+02
32,16,0.000000e+00,none,S,8,4.858270e+01
32,16,0.000000e+00,none,S,9,3.707156e+01
32,16,0.000000e+00,none,S,10,1.860121e+01
32,16,0.000000e+00,none,S,11,8.475853e+00
32,16,0.000000e+00,none,S,12,5.511243e+00
32,16,0.000000e+00,none,S,13,3.046318e+00
32,16,0.000000e+00,none,S,14,1.296360e+00
32,16,0.000000e+00,none,S,15,2.972063e-01
32,16,0.000000e+00,none,S,16,9.520049e-02
32,16,0.000000e+00,none,ps,1,6.529373e+06
32,16,0.000000e+00,none,ps,2,3.628280e+05
32,16,0.000000e+00,none,ps,3,6.534656e+04
32,16,0.000000e+00,none,ps,4,1.878740e+04
32,16,0.000000e+00,none,ps,5,6.222765e+03
32,16,0.000000e+00,none,ps,6,2.448481e+03
32,16,0.000000e+00,none,ps,7,1.031385e+03
32,16,0.000000e+00,none,ps,8,2.848100e+02
32,16,0.000000e+00,none,ps,9,1.712933e+02
32,16,0.000000e+00,none,ps,10,4.586803e+01
32,16,0.000000e+00,none,ps,11,1.211422e+01
32,16,0.000000e+00,none,ps,12,4.816770e+00
32,16,0.000000e+00,none,ps,13,1.711904e+00
32,16,0.000000e+00,none,ps,14,2.774208e-01
32,16,0.000000e+00,none,ps,15,1.946487e-02
32,16,0.000000e+00,none,ps,16,2.349798e-03
32,16,0.000000e+00,none,alpha,1,2.834610e-02
32,16,0.000000e+00,none,alpha,2,4.223025e-02
32,16,0.000000e+00,none,alpha,3,5.230161e-02
32,16,0.000000e+00,none,alpha,4,6.374034e-02
32,16,0.000000e+00,none,alpha,5,7.837190e-02
32,16,0.000000e+00,none,alpha,6,7.841474e-02
32,16,0.000000e+00,none,alpha,7,7.997568e-02
32,16,0.000000e+00,none,alpha,8,9.689713e-02
32,16,0.000000e+00,none,alpha,9,9.677175e-02
32,16,0.000000e+00,none,alpha,10,1.079338e-01
32,16,0.000000e+00,none,alpha,11,1.187024e-01
32,16,0.000000e+00,none,alpha,12,1.172610e-01
32,16,0.000000e+00,none,alpha,13,1.549281e-01
32,16,0.000000e+00,none,alpha,14,1.345951e-01
32,16,0.000000e+00,none,alpha,15,1.521618e-01
32,16,0.000000e+00,none,alpha,16,2.047469e-01
32,16,0.000000e+00,none,X,0,0.000000e+00
32,16,0.000000e+00,none,X,1,1.671838e+00
32,16,0.000000e+00,none,X,2,1.698163e+00
32,16,0.000000e+00,none,X,3,1.663598e+00
32,16,0.000000e+00,none,X,4,1.757612e+00
32,16,0.000000e+00,none,X,5,1.733399e+00
32,16,0.000000e+00,none,X,6,1.756257e+00
32,16,0.000000e+00,none,X,7,1.760492e+00
32,16,0.000000e+00,none,X,8,1.760086e+00
32,16,0.000000e+00,none,X,9,1.760206e+00
32,16,0.000000e+00,none,X,10,1.762278e+00
32,16,0.000000e+00,none,X,11,1.762567e+00
32,16,0.000000e+00,none,X,12,1.762873e+00
32,16,0.000000e+00,none,X,13,1.763030e+00
32,16,0.000000e+00,none,X,14,1.763053e+00
32,16,0.000000e+00,none,X,15,1.763057e+00
32,16,0.000000e+00,none,X,16,1.763056e+00
32,16,0.000000e+00,none,R,0,1.120112e+02
32,16,0.000000e+00,none,R,1,4.286871e+01
32,16,0.000000e+00,none,R,2,2.152907e+01
32,16,0.000000e+00,none,R,3,1.054296e+01
32,16,0.000000e+00,none,R,4,6.941189e+00
32,16,0.000000e+00,none,R,5,4.737692e+00
32,16,0.000000e+00,none,R,6,3.031514e+00
32,16,0.000000e+00,none,R,7,1.730394e+00
32,16,0.000000e+00,none,R,8,1.038357e+00
32,16,0.000000e+00,none,R,9,7.935245e-01
32,16,0.000000e+00,none,R,10,3.438977e-01
32,16,0.000000e+00,none,R,11,2.772031e-01
32,16,0.000000e+00,none,R,12,1.249378e-01
32,16,0.000000e+00,none,R,13,7.027544e-02
32,16,0.000000e+00,none,R,14,1.658809e-02
32,16,0.000000e+00,none,R,15,5.811292e-03
32,16,0.000000e+00,none,R,16,1.747918e-07
32,16,0.000000e+00,none,rz,0,8.538902e+04
32,16,0.000000e+00,none,rz,1,6.685822e+03
32,16,0.000000e+00,none,rz,2,1.465884e+03
32,16,0.000000e+00,none,rz,3,4.548823e+02
32,16,0.000000e+00,none,rz,4,1.789287e+02
32,16,0.000000e+00,none,rz,5,7.544893e+01
32,16,0.000000e+00,none,rz,6,2.991301e+01
32,16,0.000000e+00,none,rz,7,1.129480e+01
32,16,0.000000e+00,none,rz,8,6.128295e+00
32,16,0.000000e+00,none,rz,9,2.227976e+00
32,16,0.000000e+00,none,rz,10,5.303012e-01
32,16,0.000000e+00,none,rz,11,2.385472e-01
32,16,0.000000e+00,none,rz,12,7.654715e-02
32,16,0.000000e+00,none,rz,13,1.477224e-02
32,16,0.000000e+00,none,rz,14,1.349729e-03
32,16,0.000000e+00,none,rz,15,1.796375e-04
32,16,0.000000e+00,none,rz,16,1.457720e-13
32,16,0.000000e+00,none,beta,1,3.388722e-01
32,16,0.000000e+00,none,beta,2,5.838466e-01
32,16,0.000000e+00,none,beta,3,8.308910e-01
32,16,0.000000e+00,none,beta,4,9.913863e-01
32,16,0.000000e+00,none,beta,5,1.025319e+00
32,16,0.000000e+00,none,beta,6,1.134520e+00
32,16,0.000000e+00,none,beta,7,1.245774e+00
32,16,0.000000e+00,none,beta,8,1.350239e+00
32,16,0.000000e+00,none,beta,9,1.207162e+00
32,16,0.000000e+00,none,beta,10,9.140978e-01
32,16,0.000000e+00,none,beta,11,9.000196e-01
32,16,0.000000e+00,none,beta,12,1.158651e+00
32,16,0.000000e+00,none,beta,13,8.662581e-01
32,16,0.000000e+00,none,beta,14,6.650521e-01
32,16,0.000000e+00,none,beta,15,5.573874e-01
32,16,0.000000e+00,none,beta,16,7.033550e-06
32,16,0.000000e+00,none,ps_min,1,2.148948e+05
32,16,0.000000e+00,none,ps_min,2,2.288321e+04
32,16,0.000000e+00,none,ps_min,3,2.761625e+03
32,16,0.000000e+00,none,ps_min,4,6.682344e+02
32,16,0.000000e+00,none,ps_min,5,1.689895e+02
32,16,0.000000e+00,none,ps_min,6,3.971826e+01
32,16,0.000000e+00,none,ps_min,7,5.087858e+00
32,16,0.000000e+00,none,ps_min,8,2.163007e+00
32,16,0.000000e+00,none,ps_min,9,2.532017e-01
32,16,0.000000e+00,none,ps_min,10,3.316417e-02
32,16,0.000000e+00,none,ps_min,11,7.001225e-03
32,16,0.000000e+00,none,ps_min,12,8.524045e-04
32,16,0.000000e+00,none,ps_min,13,1.131941e-04
32,16,0.000000e+00,none,ps_min,14,1.152070e-05
32,16,0.000000e+00,none,ps_min,15,1.628001e-07
32,16,0.000000e+00,none,ps_min,16,1.078556e-10
32,16,0.000000e+00,none,rz_min,0,5.788941e+03
32,16,0.000000e+00,none,rz_min,1,6.991421e+02
32,16,0.000000e+00,none,rz_min,2,1.253786e+02
32,16,0.000000e+00,none,rz_min,3,2.582671e+01
32,16,0.000000e+00,none,rz_min,4,6.859556e+00
32,16,0.000000e+00,none,rz_min,5,1.627905e+00
32,16,0.000000e+00,none,rz_min,6,2.808538e-01
32,16,0.000000e+00,none,rz_min,7,1.032189e-01
32,16,0.000000e+00,none,rz_min,8,1.827850e-02
32,16,0.000000e+00,none,rz_min,9,1.789374e-03
32,16,0.000000e+00,none,rz_min,10,3.100255e-04
32,16,0.000000e+00,none,rz_min,11,4.853062e-05
32,16,0.000000e+00,none,rz_min,12,6.728396e-06
32,16,0.000000e+00,none,rz_min,13,5.747942e-07
32,16,0.000000e+00,none,rz_min,14,1.096182e-08
32,16,0.000000e+00,none,rz_min,15,7.378694e-12
32,16,0.000000e+00,none,rz_min,16,1.536852e-27
32,16,0.000000e+00,M,A,0,1.740556e+00
32,16,0.000000e+00,M,A,1,1.740556e+00
32,16,0.000000e+00,M,A,2,1.740556e+00
32,16,0.000000e+00,M,A,3,1.740556e+00
32,16,0.000000e+00,M,A,4,1.740556e+00
32,16,0.000000e+00,M,A,5,1.740556e+00
32,16,0.000000e+00,M,A,6,1.740556e+00
32,16,0.000000e+00,M,A,7,1.740556e+00
32,16,0.000000e+00,M,A,8,1.740556e+00
32,16,0.000000e+00,M,A,9,1.740556e+00
32,16,0.000000e+00,M,A,10,1.740556e+00
32,16,0.000000e+00,M,A,11,1.740556e+00
32,16,0.000000e+00,M,A,12,1.740556e+00
32,16,0.000000e+00,M,A,13,1.740556e+00
32,16,0.000000e+00,M,A,14,1.740556e+00
32,16,0.000000e+00,M,A,15,1.740556e+00
32,16,0.000000e+00,M,A,16,1.740556e+00
32,16,0.000000e+00,M,B,0,3.500350e+00
32,16,0.000000e+00,M,B,1,3.500350e+00
32,16,0.000000e+00,M,B,2,3.500350e+00
32,16,0.000000e+00,M,B,3,3.500350e+00
32,16,0.000000e+00,M,B,4,3.500350e+00
32,16,0.000000e+00,M,B,5,3.500350e+00
32,16,0.000000e+00,M,B,6,3.500350e+00
32,16,0.000000e+00,M,B,7,3.500350e+00
32,16,0.000000e+00,M,B,8,3.500350e+00
32,16,0.000000e+00,M,B,9,3.500350e+00
32,16,0.000000e+00,M,B,10,3.500350e+00
32,16,0.000000e+00,M,B,11,3.500350e+00
32,16,0.000000e+00,M,B,12,3.500350e+00
32,16,0.000000e+00,M,B,13,3.500350e+00
32,16,0.000000e+00,M,B,14,3.500350e+00
32,16,0.000000e+00,M,B,15,3.500350e+00
32,16,0.000000e+00,M,B,16,3.500350e+00
32,16,0.000000e+00,M,P,0,3.500350e+00
32,16,0.000000e+00,M,P,1,3.500350e+00
32,16,0.000000e+00,M,P,2,1.332935e+00
32,16,0.000000e+00,M,P,3,7.030551e-01
32,16,0.000000e+00,M,P,4,4.785497e-01
32,16,0.000000e+00,M,P,5,3.163746e-01
32,16,0.000000e+00,M,P,6,1.907187e-01
32,16,0.000000e+00,M,P,7,1.160671e-01
32,16,0.000000e+00,M,P,8,7.432122e-02
32,16,0.000000e+00,M,P,9,5.981650e-02
32,16,0.000000e+00,M,P,10,3.067150e-02
32,16,0.000000e+00,M,P,11,1.478804e-02
32,16,0.000000e+00,M,P,12,7.822422e-03
32,16,0.000000e+00,M,P,13,5.375359e-03
32,16,0.000000e+00,M,P,14,2.324330e-03
32,16,0.000000e+00,M,P,15,5.996934e-04
32,16,0.000000e+00,M,P,16,2.041453e-04
32,16,0.000000e+00,M,S,1,8.987685e+00
32,16,0.000000e+00,M,S,2,2.174406e+00
32,16,0.000000e+00,M,S,3,1.152562e+00
32,16,0.000000e+00,M,S,4,4.985046e-01
32,16,0.000000e+00,M,S,5,2.596161e-01
32,16,0.000000e+00,M,S,6,1.603469e-01
32,16,0.000000e+00,M,S,7,1.306010e-01
32,16,0.000000e+00,M,S,8,4.744404e-02
32,16,0.000000e+00,M,S,9,3.620269e-02
32,16,0.000000e+00,M,S,10,1.816524e-02
32,16,0.000000e+00,M,S,11,8.277200e-03
32,16,0.000000e+00,M,S,12,5.382073e-03
32,16,0.000000e+00,M,S,13,2.974920e-03
32,16,0.000000e+00,M,S,14,1.265976e-03
32,16,0.000000e+00,M,S,15,2.902405e-04
32,16,0.000000e+00,M,S,16,9.296923e-05
32,16,0.000000e+00,M,ps,1,1.992606e+02
32,16,0.000000e+00,M,ps,2,1.107263e+01
32,16,0.000000e+00,M,ps,3,1.994219e+00
32,16,0.000000e+00,M,ps,4,5.733459e-01
32,16,0.000000e+00,M,ps,5,1.899037e-01
32,16,0.000000e+00,M,ps,6,7.472172e-02
32,16,0.000000e+00,M,ps,7,3.147537e-02
32,16,0.000000e+00,M,ps,8,8.691711e-03
32,16,0.000000e+00,M,ps,9,5.227457e-03
32,16,0.000000e+00,M,ps,10,1.399781e-03
32,16,0.000000e+00,M,ps,11,3.696967e-04
32,16,0.000000e+00,M,ps,12,1.469961e-04
32,16,0.000000e+00,M,ps,13,5.224315e-05
32,16,0.000000e+00,M,ps,14,8.466211e-06
32,16,0.000000e+00,M,ps,15,5.940208e-07
32,16,0.000000e+00,M,ps,16,7.171013e-08
32,16,0.000000e+00,M,alpha,1,9.070753e-01
32,16,0.000000e+00,M,alpha,2,1.351368e+00
32,16,0.000000e+00,M,alpha,3,1.673652e+00
32,16,0.000000e+00,M,alpha,4,2.039691e+00
32,16,0.000000e+00,M,alpha,5,2.507901e+00
32,16,0.000000e+00,M,alpha,6,2.509272e+00
32,16,0.000000e+00,M,alpha,7,2.559222e+00
32,16,0.000000e+00,M,alpha,8,3.100708e+00
32,16,0.000000e+00,M,alpha,9,3.096696e+00
32,16,0.000000e+00,M,alpha,10,3.453881e+00
32,16,0.000000e+00,M,alpha,11,3.798475e+00
32,16,0.000000e+00,M,alpha,12,3.752351e+00
32,16,0.000000e+00,M,alpha,13,4.957701e+00
32,16,0.000000e+00,M,alpha,14,4.307043e+00
32,16,0.000000e+00,M,alpha,15,4.869179e+00
32,16,0.000000e+00,M,alpha,16,6.551900e+00
32,16,0.000000e+00,M,X,0,0.000000e+00
32,16,0.000000e+00,M,X,1,1.671838e+00
32,16,0.000000e+00,M,X,2,1.698163e+00
32,16,0.000000e+00,M,X,3,1.663598e+00
32,16,0.000000e+00,M,X,4,1.757612e+00
32,16,0.000000e+00,M,X,5,1.733399e+00
32,16,0.000000e+00,M,X,6,1.756257e+00
32,16,0.000000e+00,M,X,7,1.760492e+00
32,16,0.000000e+00,M,X,8,1.760086e+00
32,16,0.000000e+00,M,X,9,1.760206e+00
32,16,0.000000e+00,M,X,10,1.762278e+00
32,16,0.000000e+00,M,X,11,1.762567e+00
32,16,0.000000e+00,M,X,12,1.762873e+00
32,16,0.000000e+00,M,X,13,1.763030e+00
32,16,0.000000e+00,M,X,14,1.763053e+00
32,16,0.000000e+00,M,X,15,1.763057e+00
32,16,0.000000e+00,M,X,16,1.763056e+00
32,16,0.000000e+00,M,R,0,3.500350e+00
32,16,0.000000e+00,M,R,1,1.339647e+00
32,16,0.000000e+00,M,R,2,6.727835e-01
32,16,0.000000e+00,M,R,3,3.294675e-01
32,16,0.000000e+00,M,R,4,2.169121e-01
32,16,0.000000e+00,M,R,5,1.480529e-01
32,16,0.000000e+00,M,R,6,9.473480e-02
32,16,0.000000e+00,M,R,7,5.407481e-02
32,16,0.000000e+00,M,R,8,3.244866e-02
32,16,0.000000e+00,M,R,9,2.479764e-02
32,16,0.000000e+00,M,R,10,1.074680e-02
32,16,0.000000e+00,M,R,11,8.662597e-03
32,16,0.000000e+00,M,R,12,3.904306e-03
32,16,0.000000e+00,M,R,13,2.196108e-03
32,16,0.000000e+00,M,R,14,5.183779e-04
32,16,0.000000e+00,M,R,15,1.816029e-04
32,16,0.000000e+00,M,R,16,5.462244e-09
32,16,0.000000e+00,M,rz,0,8.338771e+01
32,16,0.000000e+00,M,rz,1,6.529123e+00
32,16,0.000000e+00,M,rz,2,1.431527e+00
32,16,0.000000e+00,M,rz,3,4.442210e-01
32,16,0.000000e+00,M,rz,4,1.747350e-01
32,16,0.000000e+00,M,rz,5,7.368059e-02
32,16,0.000000e+00,M,rz,6,2.921192e-02
32,16,0.000000e+00,M,rz,7,1.103008e-02
32,16,0.000000e+00,M,rz,8,5.984663e-03
32,16,0.000000e+00,M,rz,9,2.175758e-03
32,16,0.000000e+00,M,rz,10,5.178723e-04
32,16,0.000000e+00,M,rz,11,2.329562e-04
32,16,0.000000e+00,M,rz,12,7.475308e-05
32,16,0.000000e+00,M,rz,13,1.442602e-05
32,16,0.000000e+00,M,rz,14,1.318095e-06
32,16,0.000000e+00,M,rz,15,1.754273e-07
32,16,0.000000e+00,M,rz,16,1.423554e-16
32,16,0.000000e+00,M,beta,1,3.388722e-01
32,16,0.000000e+00,M,beta,2,5.838466e-01
32,16,0.000000e+00,M,beta,3,8.308910e-01
32,16,0.000000e+00,M,beta,4,9.913863e-01
32,16,0.000000e+00,M,beta,5,1.025319e+00
32,16,0.000000e+00,M,beta,6,1.134520e+00
32,16,0.000000e+00,M,beta,7,1.245774e+00
32,16,0.000000e+00,M,beta,8,1.350239e+00
32,16,0.000000e+00,M,beta,9,1.207162e+00
32,16,0.000000e+00,M,beta,10,9.140978e-01
32,16,0.000000e+00,M,beta,11,9.000196e-01
32,16,0.000000e+00,M,beta,12,1.158651e+00
32,16,0.000000e+00,M,beta,13,8.662581e-01
32,16,0.000000e+00,M,beta,14,6.650521e-01
32,16,0.000000e+00,M,beta,15,5.573874e-01
32,16,0.000000e+00,M,beta,16,7.033550e-06
32,16,0.000000e+00,M,ps_min,1,6.558068e+00
32,16,0.000000e+00,M,ps_min,2,6.983403e-01
32,16,0.000000e+00,M,ps_min,3,8.427811e-02
32,16,0.000000e+00,M,ps_min,4,2.039290e-02
32,16,0.000000e+00,M,ps_min,5,5.157150e-03
32,16,0.000000e+00,M,ps_min,6,1.212105e-03
32,16,0.000000e+00,M,ps_min,7,1.552691e-04
32,16,0.000000e+00,M,ps_min,8,6.600974e-05
32,16,0.000000e+00,M,ps_min,9,7.727102e-06
32,16,0.000000e+00,M,ps_min,10,1.012090e-06
32,16,0.000000e+00,M,ps_min,11,2.136604e-07
32,16,0.000000e+00,M,ps_min,12,2.601332e-08
32,16,0.000000e+00,M,ps_min,13,3.454408e-09
32,16,0.000000e+00,M,ps_min,14,3.515839e-10
32,16,0.000000e+00,M,ps_min,15,4.968264e-12
32,16,0.000000e+00,M,ps_min,16,3.291493e-15
32,16,0.000000e+00,M,rz_min,0,5.653262e+00
32,16,0.000000e+00,M,rz_min,1,6.827560e-01
32,16,0.000000e+00,M,rz_min,2,1.224400e-01
32,16,0.000000e+00,M,rz_min,3,2.522139e-02
32,16,0.000000e+00,M,rz_min,4,6.698785e-03
32,16,0.000000e+00,M,rz_min,5,1.589751e-03
32,16,0.000000e+00,M,rz_min,6,2.742713e-04
32,16,0.000000e+00,M,rz_min,7,1.007997e-04
32,16,0.000000e+00,M,rz_min,8,1.785009e-05
32,16,0.000000e+00,M,rz_min,9,1.747435e-06
32,16,0.000000e+00,M,rz_min,10,3.027593e-07
32,16,0.000000e+00,M,rz_min,11,4.739319e-08
32,16,0.000000e+00,M,rz_min,12,6.570700e-09
32,16,0.000000e+00,M,rz_min,13,5.613225e-10
32,16,0.000000e+00,M,rz_min,14,1.070491e-11
32,16,0.000000e+00,M,rz_min,15,7.205756e-15
32,16,0.000000e+00,M,rz_min,16,1.500832e-30
32,16,1.000000e+01,none,A,0,6.006463e+01
32,16,1.000000e+01,none,A,1,6.006463e+01
32,16,1.000000e+01,none,A,2,6.006463e+01
32,16,1.000000e+01,none,A,3,6.006463e+01
32,16,1.000000e+01,none,A,4,6.006463e+01
32,16,1.000000e+01,none,A,5,6.006463e+01
32,16,1.000000e+01,none,A,6,6.006463e+01
32,16,1.000000e+01,none,A,7,6.006463e+01
32,16,1.000000e+01,none,A,8,6.006463e+01
32,16,1.000000e+01,none,A,9,6.006463e+01
32,16,1.000000e+01,none,A,10,6.006463e+01
32,16,1.000000e+01,none,A,11,6.006463e+01
32,16,1.000000e+01,none,A,12,6.006463e+01
32,16,1.000000e+01,none,A,13,6.006463e+01
32,16,1.000000e+01,none,A,14,6.006463e+01
32,16,1.000000e+01,none,A,15,6.006463e+01
32,16,1.000000e+01,none,A,16,6.006463e+01
32,16,1.000000e+01,none,B,0,1.153637e+02
32,16,1.000000e+01,none,B,1,1.153637e+02
32,16,1.000000e+01,none,B,2,1.153637e+02
32,16,1.000000e+01,none,B,3,1.153637e+02
32,16,1.000000e+01,none,B,4,1.153637e+02
32,16,1.000000e+01,none,B,5,1.153637e+02
32,16,1.000000e+01,none,B,6,1.153637e+02
32,16,1.000000e+01,none,B,7,1.153637e+02
32,16,1.000000e+01,none,B,8,1.153637e+02
32,16,1.000000e+01,none,B,9,1.153637e+02
32,16,1.000000e+01,none,B,10,1.153637e+02
32,16,1.000000e+01,none,B,11,1.153637e+02
32,16,1.000000e+01,none,B,12,1.153637e+02
32,16,1.000000e+01,none,B,13,1.153637e+02
32,16,1.000000e+01,none,B,14,1.153637e+02
32,16,1.000000e+01,none,B,15,1.153637e+02
32,16,1.000000e+01,none,B,16,1.153637e+02
32,16,1.000000e+01,none,P,0,1.153637e+02
32,16,1.000000e+01,none,P,1,1.153637e+02
32,16,1.000000e+01,none,P,2,4.207058e+01
32,16,1.000000e+01,none,P,3,2.442499e+01
32,16,1.000000e+01,none,P,4,1.387971e+01
32,16,1.000000e+01,none,P,5,9.983390e+00
32,16,1.000000e+01,none,P,6,6.982754e+00
32,16,1.000000e+01,none,P,7,4.252671e+00
32,16,1.000000e+01,none,P,8,3.460526e+00
32,16,1.000000e+01,none,P,9,2.252142e+00
32,16,1.000000e+01,none,P,10,1.388312e+00
32,16,1.000000e+01,none,P,11,8.936274e-01
32,16,1.000000e+01,none,P,12,5.060815e-01
32,16,1.000000e+01,none,P,13,2.071810e-01
32,16,1.000000e+01,none,P,14,1.069061e-01
32,16,1.000000e+01,none,P,15,3.725028e-02
32,16,1.000000e+01,none,P,16,1.190269e-02
32,16,1.000000e+01,none,S,1,1.007533e+04
32,16,1.000000e+01,none,S,2,2.497163e+03
32,16,1.000000e+01,none,S,3,1.017388e+03
32,16,1.000000e+01,none,S,4,5.583263e+02
32,16,1.000000e+01,none,S,5,2.751028e+02
32,16,1.000000e+01,none,S,6,1.694595e+02
32,16,1.000000e+01,none,S,7,9.867139e+01
32,16,1.000000e+01,none,S,8,6.623305e+01
32,16,1.000000e+01,none,S,9,4.002325e+01
32,16,1.000000e+01,none,S,10,2.224784e+01
32,16,1.000000e+01,none,S,11,1.258413e+01
32,16,1.000000e+01,none,S,12,6.946602e+00
32,16,1.000000e+01,none,S,13,3.279589e+00
32,16,1.000000e+01,none,S,14,1.378089e+00
32,16,1.000000e+01,none,S,15,7.375384e-01
32,16,1.000000e+01,none,S,16,2.496780e-01
32,16,1.000000e+01,none,ps,1,6.689179e+06
32,16,1.000000e+01,none,ps,2,3.689155e+05
32,16,1.000000e+01,none,ps,3,7.026876e+04
32,16,1.000000e+01,none,ps,4,2.151543e+04
32,16,1.000000e+01,none,ps,5,7.664128e+03
32,16,1.000000e+01,none,ps,6,2.507509e+03
32,16,1.000000e+01,none,ps,7,1.287046e+03
32,16,1.000000e+01,none,ps,8,5.109271e+02
32,16,1.000000e+01,none,ps,9,2.023049e+02
32,16,1.000000e+01,none,ps,10,7.168837e+01
32,16,1.000000e+01,none,ps,11,3.659948e+01
32,16,1.000000e+01,none,ps,12,1.034877e+01
32,16,1.000000e+01,none,ps,13,2.655819e+00
32,16,1.000000e+01,none,ps,14,5.150623e-01
32,16,1.000000e+01,none,ps,15,1.283072e-01
32,16,1.000000e+01,none,ps,16,1.264481e-02
32,16,1.000000e+01,none,alpha,1,3.152680e-02
32,16,1.000000e+01,none,alpha,2,4.530412e-02
32,16,1.000000e+01,none,alpha,3,5.972814e-02
32,16,1.000000e+01,none,alpha,4,6.991096e-02
32,16,1.000000e+01,none,alpha,5,8.390056e-02
32,16,1.000000e+01,none,alpha,6,9.851964e-02
32,16,1.000000e+01,none,alpha,7,8.722335e-02
32,16,1.000000e+01,none,alpha,8,9.892283e-02
32,16,1.000000e+01,none,alpha,9,1.032607e-01
32,16,1.000000e+01,none,alpha,10,1.411741e-01
32,16,1.000000e+01,none,alpha,11,1.315706e-01
32,16,1.000000e+01,none,alpha,12,1.434932e-01
32,16,1.000000e+01,none,alpha,13,1.551203e-01
32,16,1.000000e+01,none,alpha,14,1.701325e-01
32,16,1.000000e+01,none,alpha,15,1.745298e-01
32,16,1.000000e+01,none,alpha,16,2.018899e-01
32,16,1.000000e+01,none,X,0,0.000000e+00
32,16,1.000000e+01,none,X,1,1.569865e+00
32,16,1.000000e+01,none,X,2,1.648964e+00
32,16,1.000000e+01,none,X,3,1.644907e+00
32,16,1.000000e+01,none,X,4,1.496621e+00
32,16,1.000000e+01,none,X,5,1.363949e+00
32,16,1.000000e+01,none,X,6,1.284798e+00
32,16,1.000000e+01,none,X,7,1.264955e+00
32,16,1.000000e+01,none,X,8,1.234912e+00
32,16,1.000000e+01,none,X,9,1.259152e+00
32,16,1.000000e+01,none,X,10,1.258167e+00
32,16,1.000000e+01,none,X,11,1.257347e+00
32,16,1.000000e+01,none,X,12,1.255804e+00
32,16,1.000000e+01,none,X,13,1.256941e+00
32,16,1.000000e+01,none,X,14,1.256881e+00
32,16,1.000000e+01,none,X,15,1.256475e+00
32,16,1.000000e+01,none,X,16,1.256475e+00
32,16,1.000000e+01,none,R,0,1.153637e+02
32,16,1.000000e+01,none,R,1,4.214830e+01
32,16,1.000000e+01,none,R,2,2.204243e+01
32,16,1.000000e+01,none,R,3,1.134155e+01
32,16,1.000000e+01,none,R,4,7.086497e+00
32,16,1.000000e+01,none,R,5,4.484490e+00
32,16,1.000000e+01,none,R,6,3.101493e+00
32,16,1.000000e+01,none,R,7,2.074240e+00
32,16,1.000000e+01,none,R,8,1.339152e+00
32,16,1.000000e+01,none,R,9,1.008074e+00
32,16,1.000000e+01,none,R,10,5.453354e-01
32,16,1.000000e+01,none,R,11,3.625687e-01
32,16,1.000000e+01,none,R,12,1.833732e-01
32,16,1.000000e+01,none,R,13,7.122239e-02
32,16,1.000000e+01,none,R,14,3.275900e-02
32,16,1.000000e+01,none,R,15,1.299895e-02
32,16,1.000000e+01,none,R,16,3.404083e-07
32,16,1.000000e+01,none,rz,0,7.406388e+04
32,16,1.000000e+01,none,rz,1,6.202937e+03
32,16,1.000000e+01,none,rz,2,1.501687e+03
32,16,1.000000e+01,none,rz,3,5.023544e+02
32,16,1.000000e+01,none,rz,4,1.940292e+02
32,16,1.000000e+01,none,rz,5,7.809550e+01
32,16,1.000000e+01,none,rz,6,3.779909e+01
32,16,1.000000e+01,none,rz,7,2.121721e+01
32,16,1.000000e+01,none,rz,8,7.648963e+00
32,16,1.000000e+01,none,rz,9,2.252044e+00
32,16,1.000000e+01,none,rz,10,1.626747e+00
32,16,1.000000e+01,none,rz,11,4.870906e-01
32,16,1.000000e+01,none,rz,12,1.222995e-01
32,16,1.000000e+01,none,rz,13,2.642459e-02
32,16,1.000000e+01,none,rz,14,5.914956e-03
32,16,1.000000e+01,none,rz,15,6.583249e-04
32,16,1.000000e+01,none,rz,16,9.044985e-13
32,16,1.000000e+01,none,beta,1,3.827533e-01
32,16,1.000000e+01,none,beta,2,8.277982e-01
32,16,1.000000e+01,none,beta,3,7.895966e-01
32,16,1.000000e+01,none,beta,4,1.061577e+00
32,16,1.000000e+01,none,beta,5,1.096171e+00
32,16,1.000000e+01,none,beta,6,1.195835e+00
32,16,1.000000e+01,none,beta,7,1.122625e+00
32,16,1.000000e+01,none,beta,8,1.319257e+00
32,16,1.000000e+01,none,beta,9,1.155314e+00
32,16,1.000000e+01,none,beta,10,1.160183e+00
32,16,1.000000e+01,none,beta,11,1.172322e+00
32,16,1.000000e+01,none,beta,12,9.046648e-01
32,16,1.000000e+01,none,beta,13,1.068786e+00
32,16,1.000000e+01,none,beta,14,1.017963e+00
32,16,1.000000e+01,none,beta,15,8.178144e-01
32,16,1.000000e+01,none,beta,16,8.679302e-06
32,16,1.000000e+01,none,ps_min,1,2.218379e+05
32,16,1.000000e+01,none,ps_min,2,2.066953e+04
32,16,1.000000e+01,none,ps_min,3,3.322374e+03
32,16,1.000000e+01,none,ps_min,4,6.616254e+02
32,16,1.000000e+01,none,ps_min,5,1.517424e+02
32,16,1.000000e+01,none,ps_min,6,4.054887e+01
32,16,1.000000e+01,none,ps_min,7,1.091471e+01
32,16,1.000000e+01,none,ps_min,8,2.047404e+00
32,16,1.000000e+01,none,ps_min,9,3.269758e-01
32,16,1.000000e+01,none,ps_min,10,1.067852e-01
32,16,1.000000e+01,none,ps_min,11,1.688031e-02
32,16,1.000000e+01,none,ps_min,12,5.139013e-04
32,16,1.000000e+01,none,ps_min,13,1.169185e-04
32,16,1.000000e+01,none,ps_min,14,1.826460e-05
32,16,1.000000e+01,none,ps_min,15,7.249863e-07
32,16,1.000000e+01,none,ps_min,16,3.519586e-10
32,16,1.000000e+01,none,rz_min,0,6.005694e+03
32,16,1.000000e+01,none,rz_min,1,7.429689e+02
32,16,1.000000e+01,none,rz_min,2,1.158417e+02
32,16,1.000000e+01,none,rz_min,3,3.258896e+01
32,16,1.000000e+01,none,rz_min,4,6.086395e+00
32,16,1.000000e+01,none,rz_min,5,2.033358e+00
32,16,1.000000e+01,none,rz_min,6,4.641061e-01
32,16,1.000000e+01,none,rz_min,7,7.868681e-02
32,16,1.000000e+01,none,rz_min,8,2.224039e-02
32,16,1.000000e+01,none,rz_min,9,7.097724e-03
32,16,1.000000e+01,none,rz_min,10,7.673014e-04
32,16,1.000000e+01,none,rz_min,11,3.848032e-05
32,16,1.000000e+01,none,rz_min,12,6.082629e-06
32,16,1.000000e+01,none,rz_min,13,1.067644e-06
32,16,1.000000e+01,none,rz_min,14,3.967672e-08
32,16,1.000000e+01,none,rz_min,15,3.244325e-11
32,16,1.000000e+01,none,rz_min,16,7.882224e-27
32,16,1.000000e+01,M,A,0,1.877020e+00
32,16,1.000000e+01,M,A,1,1.877020e+00
32,16,1.000000e+01,M,A,2,1.877020e+00
32,16,1.000000e+01,M,A,3,1.877020e+00
32,16,1.000000e+01,M,A,4,1.877020e+00
32,16,1.000000e+01,M,A,5,1.877020e+00
32,16,1.000000e+01,M,A,6,1.877020e+00
32,16,1.000000e+01,M,A,7,1.877020e+00
32,16,1.000000e+01,M,A,8,1.877020e+00
32,16,1.000000e+01,M,A,9,1.877020e+00
32,16,1.000000e+01,M,A,10,1.877020e+00
32,16,1.000000e+01,M,A,11,1.877020e+00
32,16,1.000000e+01,M,A,12,1.877020e+00
32,16,1.000000e+01,M,A,13,1.877020e+00
32,16,1.000000e+01,M,A,14,1.877020e+00
32,16,1.000000e+01,M,A,15,1.877020e+00
32,16,1.000000e+01,M,A,16,1.877020e+00
32,16,1.000000e+01,M,B,0,3.605115e+00
32,16,1.000000e+01,M,B,1,3.605115e+00
32,16,1.000000e+01,M,B,2,3.605115e+00
32,16,1.000000e+01,M,B,3,3.605115e+00
32,16,1.000000e+01,M,B,4,3.605115e+00
32,16,1.000000e+01,M,B,5,3.605115e+00
32,16,1.000000e+01,M,B,6,3.605115e+00
32,16,1.000000e+01,M,B,7,3.605115e+00
32,16,1.000000e+01,M,B,8,3.605115e+00
32,16,1.000000e+01,M,B,9,3.605115e+00
32,16,1.000000e+01,M,B,10,3.605115e+00
32,16,1.000000e+01,M,B,11,3.605115e+00
32,16,1.000000e+01,M,B,12,3.605115e+00
32,16,1.000000e+01,M,B,13,3.605115e+00
32,16,1.000000e+01,M,B,14,3.605115e+00
32,16,1.000000e+01,M,B,15,3.605115e+00
32,16,1.000000e+01,M,B,16,3.605115e+00
32,16,1.000000e+01,M,P,0,3.605115e+00
32,16,1.000000e+01,M,P,1,3.605115e+00
32,16,1.000000e+01,M,P,2,1.314706e+00
32,16,1.000000e+01,M,P,3,7.632810e-01
32,16,1.000000e+01,M,P,4,4.337408e-01
32,16,1.000000e+01,M,P,5,3.119809e-01
32,16,1.000000e+01,M,P,6,2.182111e-01
32,16,1.000000e+01,M,P,7,1.328960e-01
32,16,1.000000e+01,M,P,8,1.081414e-01
32,16,1.000000e+01,M,P,9,7.037943e-02
32,16,1.000000e+01,M,P,10,4.338476e-02
32,16,1.000000e+01,M,P,11,2.792586e-02
32,16,1.000000e+01,M,P,12,1.581505e-02
32,16,1.000000e+01,M,P,13,6.474407e-03
32,16,1.000000e+01,M,P,14,3.340816e-03
32,16,1.000000e+01,M,P,15,1.164071e-03
32,16,1.000000e+01,M,P,16,3.719591e-04
32,16,1.000000e+01,M,S,1,9.839187e+00
32,16,1.000000e+01,M,S,2,2.438636e+00
32,16,1.000000e+01,M,S,3,9.935428e-01
32,16,1.000000e+01,M,S,4,5.452405e-01
32,16,1.000000e+01,M,S,5,2.686551e-01
32,16,1.000000e+01,M,S,6,1.654878e-01
32,16,1.000000e+01,M,S,7,9.635878e-02
32,16,1.000000e+01,M,S,8,6.468071e-02
32,16,1.000000e+01,M,S,9,3.908521e-02
32,16,1.000000e+01,M,S,10,2.172641e-02
32,16,1.000000e+01,M,S,11,1.228919e-02
32,16,1.000000e+01,M,S,12,6.783791e-03
32,16,1.000000e+01,M,S,13,3.202723e-03
32,16,1.000000e+01,M,S,14,1.345790e-03
32,16,1.000000e+01,M,S,15,7.202524e-04
32,16,1.000000e+01,M,S,16,2.438262e-04
32,16,1.000000e+01,M,ps,1,2.041375e+02
32,16,1.000000e+01,M,ps,2,1.125841e+01
32,16,1.000000e+01,M,ps,3,2.144432e+00
32,16,1.000000e+01,M,ps,4,6.565988e-01
32,16,1.000000e+01,M,ps,5,2.338906e-01
32,16,1.000000e+01,M,ps,6,7.652309e-02
32,16,1.000000e+01,M,ps,7,3.927753e-02
32,16,1.000000e+01,M,ps,8,1.559226e-02
32,16,1.000000e+01,M,ps,9,6.173855e-03
32,16,1.000000e+01,M,ps,10,2.187755e-03
32,16,1.000000e+01,M,ps,11,1.116927e-03
32,16,1.000000e+01,M,ps,12,3.158193e-04
32,16,1.000000e+01,M,ps,13,8.104916e-05
32,16,1.000000e+01,M,ps,14,1.571845e-05
32,16,1.000000e+01,M,ps,15,3.915625e-06
32,16,1.000000e+01,M,ps,16,3.858890e-07
32,16,1.000000e+01,M,alpha,1,1.008858e+00
32,16,1.000000e+01,M,alpha,2,1.449732e+00
32,16,1.000000e+01,M,alpha,3,1.911301e+00
32,16,1.000000e+01,M,alpha,4,2.237151e+00
32,16,1.000000e+01,M,alpha,5,2.684818e+00
32,16,1.000000e+01,M,alpha,6,3.152629e+00
32,16,1.000000e+01,M,alpha,7,2.791147e+00
32,16,1.000000e+01,M,alpha,8,3.165531e+00
32,16,1.000000e+01,M,alpha,9,3.304344e+00
32,16,1.000000e+01,M,alpha,10,4.517572e+00
32,16,1.000000e+01,M,alpha,11,4.210258e+00
32,16,1.000000e+01,M,alpha,12,4.591784e+00
32,16,1.000000e+01,M,alpha,13,4.963849e+00
32,16,1.000000e+01,M,alpha,14,5.444239e+00
32,16,1.000000e+01,M,alpha,15,5.584953e+00
32,16,1.000000e+01,M,alpha,16,6.460477e+00
32,16,1.000000e+01,M,X,0,0.000000e+00
32,16,1.000000e+01,M,X,1,1.569865e+00
32,16,1.000000e+01,M,X,2,1.648964e+00
32,16,1.000000e+01,M,X,3,1.644907e+00
32,16,1.000000e+01,M,X,4,1.496621e+00
32,16,1.000000e+01,M,X,5,1.363949e+00
32,16,1.000000e+01,M,X,6,1.284798e+00
32,16,1.000000e+01,M,X,7,1.264955e+00
32,16,1.000000e+01,M,X,8,1.234912e+00
32,16,1.000000e+01,M,X,9,1.259152e+00
32,16,1.000000e+01,M,X,10,1.258167e+00
32,16,1.000000e+01,M,X,11,1.257347e+00
32,16,1.000000e+01,M,X,12,1.255804e+00
32,16,1.000000e+01,M,X,13,1.256941e+00
32,16,1.000000e+01,M,X,14,1.256881e+00
32,16,1.000000e+01,M,X,15,1.256475e+00
32,16,1.000000e+01,M,X,16,1.256475e+00
32,16,1.000000e+01,M,R,0,3.605115e+00
32,16,1.000000e+01,M,R,1,1.317134e+00
32,16,1.000000e+01,M,R,2,6.888259e-01
32,16,1.000000e+01,M,R,3,3.544236e-01
32,16,1.000000e+01,M,R,4,2.214530e-01
32,16,1.000000e+01,M,R,5,1.401403e-01
32,16,1.000000e+01,M,R,6,9.692164e-02
32,16,1.000000e+01,M,R,7,6.481999e-02
32,16,1.000000e+01,M,R,8,4.184849e-02
32,16,1.000000e+01,M,R,9,3.150230e-02
32,16,1.000000e+01,M,R,10,1.704173e-02
32,16,1.000000e+01,M,R,11,1.133027e-02
32,16,1.000000e+01,M,R,12,5.730414e-03
32,16,1.000000e+01,M,R,13,2.225700e-03
32,16,1.000000e+01,M,R,14,1.023719e-03
32,16,1.000000e+01,M,R,15,4.062172e-04
32,16,1.000000e+01,M,R,16,1.063776e-08
32,16,1.000000e+01,M,rz,0,7.232801e+01
32,16,1.000000e+01,M,rz,1,6.057556e+00
32,16,1.000000e+01,M,rz,2,1.466491e+00
32,16,1.000000e+01,M,rz,3,4.905804e-01
32,16,1.000000e+01,M,rz,4,1.894817e-01
32,16,1.000000e+01,M,rz,5,7.626514e-02
32,16,1.000000e+01,M,rz,6,3.691318e-02
32,16,1.000000e+01,M,rz,7,2.071993e-02
32,16,1.000000e+01,M,rz,8,7.469690e-03
32,16,1.000000e+01,M,rz,9,2.199262e-03
32,16,1.000000e+01,M,rz,10,1.588620e-03
32,16,1.000000e+01,M,rz,11,4.756744e-04
32,16,1.000000e+01,M,rz,12,1.194331e-04
32,16,1.000000e+01,M,rz,13,2.580526e-05
32,16,1.000000e+01,M,rz,14,5.776324e-06
32,16,1.000000e+01,M,rz,15,6.428954e-07
32,16,1.000000e+01,M,rz,16,8.832993e-16
32,16,1.000000e+01,M,beta,1,3.827533e-01
32,16,1.000000e+01,M,beta,2,8.277982e-01
32,16,1.000000e+01,M,beta,3,7.895966e-01
32,16,1.000000e+01,M,beta,4,1.061577e+00
32,16,1.000000e+01,M,beta,5,1.096171e+00
32,16,1.000000e+01,M,beta,6,1.195835e+00
32,16,1.000000e+01,M,beta,7,1.122625e+00
32,16,1.000000e+01,M,beta,8,1.319257e+00
32,16,1.000000e+01,M,beta,9,1.155314e+00
32,16,1.000000e+01,M,beta,10,1.160183e+00
32,16,1.000000e+01,M,beta,11,1.172322e+00
32,16,1.000000e+01,M,beta,12,9.046648e-01
32,16,1.000000e+01,M,beta,13,1.068786e+00
32,16,1.000000e+01,M,beta,14,1.017963e+00
32,16,1.000000e+01,M,beta,15,8.178144e-01
32,16,1.000000e+01,M,beta,16,8.679302e-06
32,16,1.000000e+01,M,ps_min,1,6.769954e+00
32,16,1.000000e+01,M,ps_min,2,6.307841e-01
32,16,1.000000e+01,M,ps_min,3,1.013908e-01
32,16,1.000000e+01,M,ps_min,4,2.019120e-02
32,16,1.000000e+01,M,ps_min,5,4.630810e-03
32,16,1.000000e+01,M,ps_min,6,1.237453e-03
32,16,1.000000e+01,M,ps_min,7,3.330905e-04
32,16,1.000000e+01,M,ps_min,8,6.248182e-05
32,16,1.000000e+01,M,ps_min,9,9.978509e-06
32,16,1.000000e+01,M,ps_min,10,3.258827e-06
32,16,1.000000e+01,M,ps_min,11,5.151462e-07
32,16,1.000000e+01,M,ps_min,12,1.568302e-08
32,16,1.000000e+01,M,ps_min,13,3.568070e-09
32,16,1.000000e+01,M,ps_min,14,5.573915e-10
32,16,1.000000e+01,M,ps_min,15,2.212483e-11
32,16,1.000000e+01,M,ps_min,16,1.074092e-14
32,16,1.000000e+01,M,rz_min,0,5.864936e+00
32,16,1.000000e+01,M,rz_min,1,7.255556e-01
32,16,1.000000e+01,M,rz_min,2,1.131267e-01
32,16,1.000000e+01,M,rz_min,3,3.182516e-02
32,16,1.000000e+01,M,rz_min,4,5.943745e-03
32,16,1.000000e+01,M,rz_min,5,1.985701e-03
32,16,1.000000e+01,M,rz_min,6,4.532286e-04
32,16,1.000000e+01,M,rz_min,7,7.684258e-05
32,16,1.000000e+01,M,rz_min,8,2.171913e-05
32,16,1.000000e+01,M,rz_min,9,6.931372e-06
32,16,1.000000e+01,M,rz_min,10,7.493177e-07
32,16,1.000000e+01,M,rz_min,11,3.757844e-08
32,16,1.000000e+01,M,rz_min,12,5.940068e-09
32,16,1.000000e+01,M,rz_min,13,1.042621e-09
32,16,1.000000e+01,M,rz_min,14,3.874680e-11
32,16,1.000000e+01,M,rz_min,15,3.168286e-14
32,16,1.000000e+01,M,rz_min,16,7.697484e-30
32,16,2.000000e+01,none,A,0,5.928350e+01
32,16,2.000000e+01,none,A,1,5.928350e+01
32,16,2.000000e+01,none,A,2,5.928350e+01
32,16,2.000000e+01,none,A,3,5.928350e+01
32,16,2.000000e+01,none,A,4,5.928350e+01
32,16,2.000000e+01,none,A,5,5.928350e+01
32,16,2.000000e+01,none,A,6,5.928350e+01
32,16,2.000000e+01,none,A,7,5.928350e+01
32,16,2.000000e+01,none,A,8,5.928350e+01
32,16,2.000000e+01,none,A,9,5.928350e+01
32,16,2.000000e+01,none,A,10,5.928350e+01
32,16,2.000000e+01,none,A,11,5.928350e+01
32,16,2.000000e+01,none,A,12,5.928350e+01
32,16,2.000000e+01,none,A,13,5.928350e+01
32,16,2.000000e+01,none,A,14,5.928350e+01
32,16,2.000000e+01,none,A,15,5.928350e+01
32,16,2.000000e+01,none,A,16,5.928350e+01
32,16,2.000000e+01,none,B,0,1.189430e+02
32,16,2.000000e+01,none,B,1,1.189430e+02
32,16,2.000000e+01,none,B,2,1.189430e+02
32,16,2.000000e+01,none,B,3,1.189430e+02
32,16,2.000000e+01,none,B,4,1.189430e+02
32,16,2.000000e+01,none,B,5,1.189430e+02
32,16,2.000000e+01,none,B,6,1.189430e+02
32,16,2.000000e+01,none,B,7,1.189430e+02
32,16,2.000000e+01,none,B,8,1.189430e+02
32,16,2.000000e+01,none,B,9,1.189430e+02
32,16,2.000000e+01,none,B,10,1.189430e+02
32,16,2.000000e+01,none,B,11,1.189430e+02
32,16,2.000000e+01,none,B,12,1.189430e+02
32,16,2.000000e+01,none,B,13,1.189430e+02
32,16,2.000000e+01,none,B,14,1.189430e+02
32,16,2.000000e+01,none,B,15,1.189430e+02
32,16,2.000000e+01,none,B,16,1.189430e+02
32,16,2.000000e+01,none,P,0,1.189430e+02
32,16,2.000000e+01,none,P,1,1.189430e+02
32,16,2.000000e+01,none,P,2,5.241516e+01
32,16,2.000000e+01,none,P,3,2.265112e+01
32,16,2.000000e+01,none,P,4,1.558120e+01
32,16,2.000000e+01,none,P,5,9.885038e+00
32,16,2.000000e+01,none,P,6,6.521129e+00
32,16,2.000000e+01,none,P,7,5.277331e+00
32,16,2.000000e+01,none,P,8,3.259797e+00
32,16,2.000000e+01,none,P,9,2.040654e+00
32,16,2.000000e+01,none,P,10,1.350691e+00
32,16,2.000000e+01,none,P,11,8.020706e-01
32,16,2.000000e+01,none,P,12,4.234794e-01
32,16,2.000000e+01,none,P,13,1.893635e-01
32,16,2.000000e+01,none,P,14,1.429819e-01
32,16,2.000000e+01,none,P,15,2.758675e-02
32,16,2.000000e+01,none,P,16,1.436096e-02
32,16,2.000000e+01,none,S,1,1.096182e+04
32,16,2.000000e+01,none,S,2,2.721992e+03
32,16,2.000000e+01,none,S,3,9.360675e+02
32,16,2.000000e+01,none,S,4,5.246996e+02
32,16,2.000000e+01,none,S,5,2.782846e+02
32,16,2.000000e+01,none,S,6,1.582706e+02
32,16,2.000000e+01,none,S,7,1.094628e+02
32,16,2.000000e+01,none,S,8,8.994385e+01
32,16,2.000000e+01,none,S,9,5.965215e+01
32,16,2.000000e+01,none,S,10,2.563500e+01
32,16,2.000000e+01,none,S,11,1.214386e+01
32,16,2.000000e+01,none,S,12,6.740626e+00
32,16,2.000000e+01,none,S,13,3.187211e+00
32,16,2.000000e+01,none,S,14,2.660350e+00
32,16,2.000000e+01,none,S,15,4.654920e-01
32,16,2.000000e+01,none,S,16,2.486390e-01
32,16,2.000000e+01,none,ps,1,6.095943e+06
32,16,2.000000e+01,none,ps,2,3.539611e+05
32,16,2.000000e+01,none,ps,3,5.792319e+04
32,16,2.000000e+01,none,ps,4,1.937697e+04
32,16,2.000000e+01,none,ps,5,7.015307e+03
32,16,2.000000e+01,none,ps,6,3.217431e+03
32,16,2.000000e+01,none,ps,7,1.208644e+03
32,16,2.000000e+01,none,ps,8,6.152422e+02
32,16,2.000000e+01,none,ps,9,2.870067e+02
32,16,2.000000e+01,none,ps,10,8.847538e+01
32,16,2.000000e+01,none,ps,11,2.905092e+01
32,16,2.000000e+01,none,ps,12,9.287461e+00
32,16,2.000000e+01,none,ps,13,2.382966e+00
32,16,2.000000e+01,none,ps,14,1.172167e+00
32,16,2.000000e+01,none,ps,15,4.755294e-02
32,16,2.000000e+01,none,ps,16,1.349006e-02
32,16,2.000000e+01,none,alpha,1,2.981699e-02
32,16,2.000000e+01,none,alpha,2,4.546649e-02
32,16,2.000000e+01,none,alpha,3,5.788640e-02
32,16,2.000000e+01,none,alpha,4,6.832592e-02
32,16,2.000000e+01,none,alpha,5,8.601735e-02
32,16,2.000000e+01,none,alpha,6,8.750011e-02
32,16,2.000000e+01,none,alpha,7,1.094075e-01
32,16,2.000000e+01,none,alpha,8,1.133041e-01
32,16,2.000000e+01,none,alpha,9,1.098762e-01
32,16,2.000000e+01,none,alpha,10,1.110948e-01
32,16,2.000000e+01,none,alpha,11,1.666742e-01
32,16,2.000000e+01,none,alpha,12,1.373377e-01
32,16,2.000000e+01,none,alpha,13,1.435462e-01
32,16,2.000000e+01,none,alpha,14,1.755592e-01
32,16,2.000000e+01,none,alpha,15,2.430092e-01
32,16,2.000000e+01,none,alpha,16,2.367764e-01
32,16,2.000000e+01,none,X,0,0.000000e+00
32,16,2.000000e+01,none,X,1,1.633901e+00
32,16,2.000000e+01,none,X,2,1.648398e+00
32,16,2.000000e+01,none,X,3,1.534102e+00
32,16,2.000000e+01,none,X,4,1.450818e+00
32,16,2.000000e+01,none,X,5,1.346836e+00
32,16,2.000000e+01,none,X,6,1.214954e+00
32,16,2.000000e+01,none,X,7,1.138147e+00
32,16,2.000000e+01,none,X,8,1.103385e+00
32,16,2.000000e+01,none,X,9,1.065710e+00
32,16,2.000000e+01,none,X,10,1.055175e+00
32,16,2.000000e+01,none,X,11,1.047521e+00
32,16,2.000000e+01,none,X,12,1.045958e+00
32,16,2.000000e+01,none,X,13,1.046030e+00
32,16,2.000000e+01,none,X,14,1.046508e+00
32,16,2.000000e+01,none,X,15,1.046453e+00
32,16,2.000000e+01,none,X,16,1.046436e+00
32,16,2.000000e+01,none,R,0,1.189430e+02
32,16,2.000000e+01,none,R,1,5.405958e+01
32,16,2.000000e+01,none,R,2,1.972628e+01
32,16,2.000000e+01,none,R,3,1.176176e+01
32,16,2.000000e+01,none,R,4,7.551318e+00
32,16,2.000000e+01,none,R,5,4.674753e+00
32,16,2.000000e+01,none,R,6,2.808952e+00
32,16,2.000000e+01,none,R,7,2.529851e+00
32,16,2.000000e+01,none,R,8,1.753610e+00
32,16,2.000000e+01,none,R,9,1.053156e+00
32,16,2.000000e+01,none,R,10,5.982123e-01
32,16,2.000000e+01,none,R,11,3.270010e-01
32,16,2.000000e+01,none,R,12,1.545238e-01
32,16,2.000000e+01,none,R,13,1.167273e-01
32,16,2.000000e+01,none,R,14,2.495902e-02
32,16,2.000000e+01,none,R,15,1.248127e-02
32,16,2.000000e+01,none,R,16,3.124494e-07
32,16,2.000000e+01,none,rz,0,7.568147e+04
32,16,2.000000e+01,none,rz,1,6.147107e+03
32,16,2.000000e+01,none,rz,2,1.285712e+03
32,16,2.000000e+01,none,rz,3,5.055877e+02
32,16,2.000000e+01,none,rz,4,1.870142e+02
32,16,2.000000e+01,none,rz,5,8.822571e+01
32,16,2.000000e+01,none,rz,6,5.251397e+01
32,16,2.000000e+01,none,rz,7,2.160559e+01
32,16,2.000000e+01,none,rz,8,1.028470e+01
32,16,2.000000e+01,none,rz,9,3.288528e+00
32,16,2.000000e+01,none,rz,10,1.157314e+00
32,16,2.000000e+01,none,rz,11,4.659437e-01
32,16,2.000000e+01,none,rz,12,1.360619e-01
32,16,2.000000e+01,none,rz,13,5.762325e-02
32,16,2.000000e+01,none,rz,14,3.685648e-03
32,16,2.000000e+01,none,rz,15,6.737005e-04
32,16,2.000000e+01,none,rz,16,4.157755e-13
32,16,2.000000e+01,none,beta,1,3.523575e-01
32,16,2.000000e+01,none,beta,2,7.244934e-01
32,16,2.000000e+01,none,beta,3,7.753603e-01
32,16,2.000000e+01,none,beta,4,1.051228e+00
32,16,2.000000e+01,none,beta,5,1.116650e+00
32,16,2.000000e+01,none,beta,6,1.370478e+00
32,16,2.000000e+01,none,beta,7,1.157818e+00
32,16,2.000000e+01,none,beta,8,1.257553e+00
32,16,2.000000e+01,none,beta,9,1.266635e+00
32,16,2.000000e+01,none,beta,10,1.301852e+00
32,16,2.000000e+01,none,beta,11,1.084117e+00
32,16,2.000000e+01,none,beta,12,1.226844e+00
32,16,2.000000e+01,none,beta,13,1.103382e+00
32,16,2.000000e+01,none,beta,14,1.045612e+00
32,16,2.000000e+01,none,beta,15,8.192633e-01
32,16,2.000000e+01,none,beta,16,5.593910e-07
32,16,2.000000e+01,none,ps_min,1,2.228448e+05
32,16,2.000000e+01,none,ps_min,2,2.017419e+04
32,16,2.000000e+01,none,ps_min,3,3.401149e+03
32,16,2.000000e+01,none,ps_min,4,8.330442e+02
32,16,2.000000e+01,none,ps_min,5,1.291067e+02
32,16,2.000000e+01,none,ps_min,6,3.992930e+01
32,16,2.000000e+01,none,ps_min,7,9.970032e+00
32,16,2.000000e+01,none,ps_min,8,2.099535e+00
32,16,2.000000e+01,none,ps_min,9,4.193349e-01
32,16,2.000000e+01,none,ps_min,10,3.857317e-02
32,16,2.000000e+01,none,ps_min,11,9.007260e-03
32,16,2.000000e+01,none,ps_min,12,1.270325e-03
32,16,2.000000e+01,none,ps_min,13,2.334794e-04
32,16,2.000000e+01,none,ps_min,14,1.953961e-05
32,16,2.000000e+01,none,ps_min,15,1.403822e-06
32,16,2.000000e+01,none,ps_min,16,6.318219e-09
32,16,2.000000e+01,none,rz_min,0,5.862681e+03
32,16,2.000000e+01,none,rz_min,1,7.413574e+02
32,16,2.000000e+01,none,rz_min,2,1.203592e+02
32,16,2.000000e+01,none,rz_min,3,2.569449e+01
32,16,2.000000e+01,none,rz_min,4,6.259932e+00
32,16,2.000000e+01,none,rz_min,5,1.618013e+00
32,16,2.000000e+01,none,rz_min,6,4.925321e-01
32,16,2.000000e+01,none,rz_min,7,1.247062e-01
32,16,2.000000e+01,none,rz_min,8,2.828069e-02
32,16,2.000000e+01,none,rz_min,9,3.031853e-03
32,16,2.000000e+01,none,rz_min,10,4.986274e-04
32,16,2.000000e+01,none,rz_min,11,7.997213e-05
32,16,2.000000e+01,none,rz_min,12,8.796151e-06
32,16,2.000000e+01,none,rz_min,13,1.386408e-06
32,16,2.000000e+01,none,rz_min,14,7.319091e-08
32,16,2.000000e+01,none,rz_min,15,4.102883e-10
32,16,2.000000e+01,none,rz_min,16,9.271538e-27
32,16,2.000000e+01,M,A,0,1.852609e+00
32,16,2.000000e+01,M,A,1,1.852609e+00
32,16,2.000000e+01,M,A,2,1.852609e+00
32,16,2.000000e+01,M,A,3,1.852609e+00
32,16,2.000000e+01,M,A,4,1.852609e+00
32,16,2.000000e+01,M,A,5,1.852609e+00
32,16,2.000000e+01,M,A,6,1.852609e+00
32,16,2.000000e+01,M,A,7,1.852609e+00
32,16,2.000000e+01,M,A,8,1.852609e+00
32,16,2.000000e+01,M,A,9,1.852609e+00
32,16,2.000000e+01,M,A,10,1.852609e+00
32,16,2.000000e+01,M,A,11,1.852609e+00
32,16,2.000000e+01,M,A,12,1.852609e+00
32,16,2.000000e+01,M,A,13,1.852609e+00
32,16,2.000000e+01,M,A,14,1.852609e+00
32,16,2.000000e+01,M,A,15,1.852609e+00
32,16,2.000000e+01,M,A,16,1.852609e+00
32,16,2.000000e+01,M,B,0,3.716969e+00
32,16,2.000000e+01,M,B,1,3.716969e+00
32,16,2.000000e+01,M,B,2,3.716969e+00
32,16,2.000000e+01,M,B,3,3.716969e+00
32,16,2.000000e+01,M,B,4,3.716969e+00
32,16,2.000000e+01,M,B,5,3.716969e+00
32,16,2.000000e+01,M,B,6,3.716969e+00
32,16,2.000000e+01,M,B,7,3.716969e+00
32,16,2.000000e+01,M,B,8,3.716969e+00
32,16,2.000000e+01,M,B,9,3.716969e+00
32,16,2.000000e+01,M,B,10,3.716969e+00
32,16,2.000000e+01,M,B,11,3.716969e+00
32,16,2.000000e+01,M,B,12,3.716969e+00
32,16,2.000000e+01,M,B,13,3.716969e+00
32,16,2.000000e+01,M,B,14,3.716969e+00
32,16,2.000000e+01,M,B,15,3.716969e+00
32,16,2.000000e+01,M,B,16,3.716969e+00
32,16,2.000000e+01,M,P,0,3.716969e+00
32,16,2.000000e+01,M,P,1,3.716969e+00
32,16,2.000000e+01,M,P,2,1.637974e+00
32,16,2.000000e+01,M,P,3,7.078474e-01
32,16,2.000000e+01,M,P,4,4.869124e-01
32,16,2.000000e+01,M,P,5,3.089074e-01
32,16,2.000000e+01,M,P,6,2.037853e-01
32,16,2.000000e+01,M,P,7,1.649166e-01
32,16,2.000000e+01,M,P,8,1.018686e-01
32,16,2.000000e+01,M,P,9,6.377045e-02
32,16,2.000000e+01,M,P,10,4.220909e-02
32,16,2.000000e+01,M,P,11,2.506471e-02
32,16,2.000000e+01,M,P,12,1.323373e-02
32,16,2.000000e+01,M,P,13,5.917610e-03
32,16,2.000000e+01,M,P,14,4.468185e-03
32,16,2.000000e+01,M,P,15,8.620861e-04
32,16,2.000000e+01,M,P,16,4.487799e-04
32,16,2.000000e+01,M,S,1,1.070490e+01
32,16,2.000000e+01,M,S,2,2.658195e+00
32,16,2.000000e+01,M,S,3,9.141285e-01
32,16,2.000000e+01,M,S,4,5.124019e-01
32,16,2.000000e+01,M,S,5,2.717623e-01
32,16,2.000000e+01,M,S,6,1.545612e-01
32,16,2.000000e+01,M,S,7,1.068972e-01
32,16,2.000000e+01,M,S,8,8.783579e-02
32,16,2.000000e+01,M,S,9,5.825405e-02
32,16,2.000000e+01,M,S,10,2.503418e-02
32,16,2.000000e+01,M,S,11,1.185924e-02
32,16,2.000000e+01,M,S,12,6.582642e-03
32,16,2.000000e+01,M,S,13,3.112510e-03
32,16,2.000000e+01,M,S,14,2.597998e-03
32,16,2.000000e+01,M,S,15,4.545821e-04
32,16,2.000000e+01,M,S,16,2.428115e-04
32,16,2.000000e+01,M,ps,1,1.860334e+02
32,16,2.000000e+01,M,ps,2,1.080204e+01
32,16,2.000000e+01,M,ps,3,1.767675e+00
32,16,2.000000e+01,M,ps,4,5.913383e-01
32,16,2.000000e+01,M,ps,5,2.140902e-01
32,16,2.000000e+01,M,ps,6,9.818822e-02
32,16,2.000000e+01,M,ps,7,3.688490e-02
32,16,2.000000e+01,M,ps,8,1.877570e-02
32,16,2.000000e+01,M,ps,9,8.758748e-03
32,16,2.000000e+01,M,ps,10,2.700054e-03
32,16,2.000000e+01,M,ps,11,8.865638e-04
32,16,2.000000e+01,M,ps,12,2.834308e-04
32,16,2.000000e+01,M,ps,13,7.272234e-05
32,16,2.000000e+01,M,ps,14,3.577171e-05
32,16,2.000000e+01,M,ps,15,1.451200e-06
32,16,2.000000e+01,M,ps,16,4.116839e-07
32,16,2.000000e+01,M,alpha,1,9.541436e-01
32,16,2.000000e+01,M,alpha,2,1.454928e+00
32,16,2.000000e+01,M,alpha,3,1.852365e+00
32,16,2.000000e+01,M,alpha,4,2.186429e+00
32,16,2.000000e+01,M,alpha,5,2.752555e+00
32,16,2.000000e+01,M,alpha,6,2.800004e+00
32,16,2.000000e+01,M,alpha,7,3.501039e+00
32,16,2.000000e+01,M,alpha,8,3.625733e+00
32,16,2.000000e+01,M,alpha,9,3.516038e+00
32,16,2.000000e+01,M,alpha,10,3.555032e+00
32,16,2.000000e+01,M,alpha,11,5.333573e+00
32,16,2.000000e+01,M,alpha,12,4.394807e+00
32,16,2.000000e+01,M,alpha,13,4.593479e+00
32,16,2.000000e+01,M,alpha,14,5.617896e+00
32,16,2.000000e+01,M,alpha,15,7.776293e+00
32,16,2.000000e+01,M,alpha,16,7.576846e+00
32,16,2.000000e+01,M,X,0,0.000000e+00
32,16,2.000000e+01,M,X,1,1.633901e+00
32,16,2.000000e+01,M,X,2,1.648398e+00
32,16,2.000000e+01,M,X,3,1.534102e+00
32,16,2.000000e+01,M,X,4,1.450818e+00
32,16,2.000000e+01,M,X,5,1.346836e+00
32,16,2.000000e+01,M,X,6,1.214954e+00
32,16,2.000000e+01,M,X,7,1.138147e+00
32,16,2.000000e+01,M,X,8,1.103385e+00
32,16,2.000000e+01,M,X,9,1.065710e+00
32,16,2.000000e+01,M,X,10,1.055175e+00
32,16,2.000000e+01,M,X,11,1.047521e+00
32,16,2.000000e+01,M,X,12,1.045958e+00
32,16,2.000000e+01,M,X,13,1.046030e+00
32,16,2.000000e+01,M,X,14,1.046508e+00
32,16,2.000000e+01,M,X,15,1.046453e+00
32,16,2.000000e+01,M,X,16,1.046436e+00
32,16,2.000000e+01,M,R,0,3.716969e+00
32,16,2.000000e+01,M,R,1,1.689362e+00
32,16,2.000000e+01,M,R,2,6.164464e-01
32,16,2.000000e+01,M,R,3,3.675549e-01
32,16,2.000000e+01,M,R,4,2.359787e-01
32,16,2.000000e+01,M,R,5,1.460860e-01
32,16,2.000000e+01,M,R,6,8.777974e-02
32,16,2.000000e+01,M,R,7,7.905784e-02
32,16,2.000000e+01,M,R,8,5.480031e-02
32,16,2.000000e+01,M,R,9,3.291114e-02
32,16,2.000000e+01,M,R,10,1.869413e-02
32,16,2.000000e+01,M,R,11,1.021878e-02
32,16,2.000000e+01,M,R,12,4.828870e-03
32,16,2.000000e+01,M,R,13,3.647729e-03
32,16,2.000000e+01,M,R,14,7.799694e-04
32,16,2.000000e+01,M,R,15,3.900396e-04
32,16,2.000000e+01,M,R,16,9.764042e-09
32,16,2.000000e+01,M,rz,0,7.390769e+01
32,16,2.000000e+01,M,rz,1,6.003034e+00
32,16,2.000000e+01,M,rz,2,1.255578e+00
32,16,2.000000e+01,M,rz,3,4.937380e-01
32,16,2.000000e+01,M,rz,4,1.826310e-01
32,16,2.000000e+01,M,rz,5,8.615792e-02
32,16,2.000000e+01,M,rz,6,5.128317e-02
32,16,2.000000e+01,M,rz,7,2.109921e-02
32,16,2.000000e+01,M,rz,8,1.004365e-02
32,16,2.000000e+01,M,rz,9,3.211453e-03
32,16,2.000000e+01,M,rz,10,1.130190e-03
32,16,2.000000e+01,M,rz,11,4.550231e-04
32,16,2.000000e+01,M,rz,12,1.328730e-04
32,16,2.000000e+01,M,rz,13,5.627271e-05
32,16,2.000000e+01,M,rz,14,3.599266e-06
32,16,2.000000e+01,M,rz,15,6.579107e-07
32,16,2.000000e+01,M,rz,16,4.060307e-16
32,16,2.000000e+01,M,beta,1,3.523575e-01
32,16,2.000000e+01,M,beta,2,7.244934e-01
32,16,2.000000e+01,M,beta,3,7.753603e-01
32,16,2.000000e+01,M,beta,4,1.051228e+00
32,16,2.000000e+01,M,beta,5,1.116650e+00
32,16,2.000000e+01,M,beta,6,1.370478e+00
32,16,2.000000e+01,M,beta,7,1.157818e+00
32,16,2.000000e+01,M,beta,8,1.257553e+00
32,16,2.000000e+01,M,beta,9,1.266635e+00
32,16,2.000000e+01,M,beta,10,1.301852e+00
32,16,2.000000e+01,M,beta,11,1.084117e+00
32,16,2.000000e+01,M,beta,12,1.226844e+00
32,16,2.000000e+01,M,beta,13,1.103382e+00
32,16,2.000000e+01,M,beta,14,1.045612e+00
32,16,2.000000e+01,M,beta,15,8.192633e-01
32,16,2.000000e+01,M,beta,16,5.593910e-07
32,16,2.000000e+01,M,ps_min,1,6.800683e+00
32,16,2.000000e+01,M,ps_min,2,6.156674e-01
32,16,2.000000e+01,M,ps_min,3,1.037948e-01
32,16,2.000000e+01,M,ps_min,4,2.542249e-02
32,16,2.000000e+01,M,ps_min,5,3.940025e-03
32,16,2.000000e+01,M,ps_min,6,1.218545e-03
32,16,2.000000e+01,M,ps_min,7,3.042612e-04
32,16,2.000000e+01,M,ps_min,8,6.407273e-05
32,16,2.000000e+01,M,ps_min,9,1.279709e-05
32,16,2.000000e+01,M,ps_min,10,1.177160e-06
32,16,2.000000e+01,M,ps_min,11,2.748797e-07
32,16,2.000000e+01,M,ps_min,12,3.876725e-08
32,16,2.000000e+01,M,ps_min,13,7.125226e-09
32,16,2.000000e+01,M,ps_min,14,5.963014e-10
32,16,2.000000e+01,M,ps_min,15,4.284125e-11
32,16,2.000000e+01,M,ps_min,16,1.928167e-13
32,16,2.000000e+01,M,rz_min,0,5.725274e+00
32,16,2.000000e+01,M,rz_min,1,7.239818e-01
32,16,2.000000e+01,M,rz_min,2,1.175382e-01
32,16,2.000000e+01,M,rz_min,3,2.509227e-02
32,16,2.000000e+01,M,rz_min,4,6.113215e-03
32,16,2.000000e+01,M,rz_min,5,1.580091e-03
32,16,2.000000e+01,M,rz_min,6,4.809884e-04
32,16,2.000000e+01,M,rz_min,7,1.217834e-04
32,16,2.000000e+01,M,rz_min,8,2.761786e-05
32,16,2.000000e+01,M,rz_min,9,2.960794e-06
32,16,2.000000e+01,M,rz_min,10,4.869408e-07
32,16,2.000000e+01,M,rz_min,11,7.809778e-08
32,16,2.000000e+01,M,rz_min,12,8.589991e-09
32,16,2.000000e+01,M,rz_min,13,1.353914e-09
32,16,2.000000e+01,M,rz_min,14,7.147549e-11
32,16,2.000000e+01,M,rz_min,15,4.006722e-13
32,16,2.000000e+01,M,rz_min,16,9.054236e-30
64,4,-1.000000e+01,none,A,0,1.057797e+02
64,4,-1.000000e+01,none,A,1,1.057797e+02
64,4,-1.000000e+01,none,A,2,1.057797e+02
64,4,-1.000000e+01,none,A,3,1.057797e+02
64,4,-1.000000e+01,none,A,4,1.057797e+02
64,4,-1.000000e+01,none,B,0,1.575459e+02
64,4,-1.000000e+01,none,B,1,1.575459e+02
64,4,-1.000000e+01,none,B,2,1.575459e+02
64,4,-1.000000e+01,none,B,3,1.575459e+02
64,4,-1.000000e+01,none,B,4,1.575459e+02
64,4,-1.000000e+01,none,P,0,1.575459e+02
64,4,-1.000000e+01,none,P,1,1.575459e+02
64,4,-1.000000e+01,none,P,2,4.192381e+01
64,4,-1.000000e+01,none,P,3,8.382068e+00
64,4,-1.000000e+01,none,P,4,1.383103e+00
64,4,-1.000000e+01,none,S,1,1.652369e+04
64,4,-1.000000e+01,none,S,2,3.310607e+03
64,4,-1.000000e+01,none,S,3,6.404458e+02
64,4,-1.000000e+01,none,S,4,9.609175e+01
64,4,-1.000000e+01,none,ps,1,6.967108e+06
64,4,-1.000000e+01,none,ps,2,2.269554e+05
64,4,-1.000000e+01,none,ps,3,1.045612e+04
64,4,-1.000000e+01,none,ps,4,2.055965e+02
64,4,-1.000000e+01,none,alpha,1,1.901634e-02
64,4,-1.000000e+01,none,alpha,2,2.038803e-02
64,4,-1.000000e+01,none,alpha,3,2.077640e-02
64,4,-1.000000e+01,none,alpha,4,2.243608e-02
64,4,-1.000000e+01,none,X,0,0.000000e+00
64,4,-1.000000e+01,none,X,1,1.745869e+00
64,4,-1.000000e+01,none,X,2,1.782178e+00
64,4,-1.000000e+01,none,X,3,1.801623e+00
64,4,-1.000000e+01,none,X,4,1.794780e+00
64,4,-1.000000e+01,none,R,0,1.575459e+02
64,4,-1.000000e+01,none,R,1,3.974352e+01
64,4,-1.000000e+01,none,R,2,8.516051e+00
64,4,-1.000000e+01,none,R,3,1.313056e+00
64,4,-1.000000e+01,none,R,4,6.911138e-15
64,4,-1.000000e+01,none,rz,0,6.348705e+04
64,4,-1.000000e+01,none,rz,1,3.043397e+03
64,4,-1.000000e+01,none,rz,2,1.342420e+02
64,4,-1.000000e+01,none,rz,3,2.809396e+00
64,4,-1.000000e+01,none,rz,4,1.463628e-28
64,4,-1.000000e+01,none,beta,1,1.273650e-01
64,4,-1.000000e+01,none,beta,2,1.252054e-01
64,4,-1.000000e+01,none,beta,3,1.157721e-01
64,4,-1.000000e+01,none,beta,4,2.195695e-25
64,4,-1.000000e+01,none,ps_min,1,1.054607e+05
64,4,-1.000000e+01,none,ps_min,2,8.925949e+02
64,4,-1.000000e+01,none,ps_min,3,1.360966e+00
64,4,-1.000000e+01,none,ps_min,4,3.611604e-04
64,4,-1.000000e+01,none,rz_min,0,1.452415e+03
64,4,-1.000000e+01,none,rz_min,1,1.166071e+01
64,4,-1.000000e+01,none,rz_min,2,2.225445e-02
64,4,-1.000000e+01,none,rz_min,3,5.117322e-06
64,4,-1.000000e+01,none,rz_min,4,2.068870e-35
64,4,-1.000000e+01,M,A,0,1.652807e+00
64,4,-1.000000e+01,M,A,1,1.652807e+00
64,4,-1.000000e+01,M,A,2,1.652807e+00
64,4,-1.000000e+01,M,A,3,1.652807e+00
64,4,-1.000000e+01,M,A,4,1.652807e+00
64,4,-1.000000e+01,M,B,0,2.461655e+00
64,4,-1.000000e+01,M,B,1,2.461655e+00
64,4,-1.000000e+01,M,B,2,2.461655e+00
64,4,-1.000000e+01,M,B,3,2.461655e+00
64,4,-1.000000e+01,M,B,4,2.461655e+00
64,4,-1.000000e+01,M,P,0,2.461655e+00
64,4,-1.000000e+01,M,P,1,2.461655e+00
64,4,-1.000000e+01,M,P,2,6.550595e-01
64,4,-1.000000e+01,M,P,3,1.309698e-01
64,4,-1.000000e+01,M,P,4,2.161099e-02
64,4,-1.000000e+01,M,S,1,4.034103e+00
64,4,-1.000000e+01,M,S,2,8.082536e-01
64,4,-1.000000e+01,M,S,3,1.563588e-01
64,4,-1.000000e+01,M,S,4,2.345990e-02
64,4,-1.000000e+01,M,ps,1,2.657741e+01
64,4,-1.000000e+01,M,ps,2,8.657661e-01
64,4,-1.000000e+01,M,ps,3,3.988693e-02
64,4,-1.000000e+01,M,ps,4,7.842886e-04
64,4,-1.000000e+01,M,alpha,1,1.217046e+00
64,4,-1.000000e+01,M,alpha,2,1.304834e+00
64,4,-1.000000e+01,M,alpha,3,1.329690e+00
64,4,-1.000000e+01,M,alpha,4,1.435909e+00
64,4,-1.000000e+01,M,X,0,0.000000e+00
64,4,-1.000000e+01,M,X,1,1.745869e+00
64,4,-1.000000e+01,M,X,2,1.782178e+00
64,4,-1.000000e+01,M,X,3,1.801623e+00
64,4,-1.000000e+01,M,X,4,1.794780e+00
64,4,-1.000000e+01,M,R,0,2.461655e+00
64,4,-1.000000e+01,M,R,1,6.209925e-01
64,4,-1.000000e+01,M,R,2,1.330633e-01
64,4,-1.000000e+01,M,R,3,2.051650e-02
64,4,-1.000000e+01,M,R,4,1.079865e-16
64,4,-1.000000e+01,M,rz,0,1.549977e+01
64,4,-1.000000e+01,M,rz,1,7.430168e-01
64,4,-1.000000e+01,M,rz,2,3.277393e-02
64,4,-1.000000e+01,M,rz,3,6.858876e-04
64,4,-1.000000e+01,M,rz,4,3.573311e-32
64,4,-1.000000e+01,M,beta,1,1.273650e-01
64,4,-1.000000e+01,M,beta,2,1.252054e-01
64,4,-1.000000e+01,M,beta,3,1.157721e-01
64,4,-1.000000e+01,M,beta,4,2.195695e-25
64,4,-1.000000e+01,M,ps_min,1,4.023007e-01
64,4,-1.000000e+01,M,ps_min,2,3.404979e-03
64,4,-1.000000e+01,M,ps_min,3,5.191673e-06
64,4,-1.000000e+01,M,ps_min,4,1.377717e-09
64,4,-1.000000e+01,M,rz_min,0,3.545935e-01
64,4,-1.000000e+01,M,rz_min,1,2.846853e-03
64,4,-1.000000e+01,M,rz_min,2,5.433215e-06
64,4,-1.000000e+01,M,rz_min,3,1.249346e-09
64,4,-1.000000e+01,M,rz_min,4,5.050952e-39
64,4,0.000000e+00,none,A,0,9.653833e+01
64,4,0.000000e+00,none,A,1,9.653833e+01
64,4,0.000000e+00,none,A,2,9.653833e+01
64,4,0.000000e+00,none,A,3,9.653833e+01
64,4,0.000000e+00,none,A,4,9.653833e+01
64,4,0.000000e+00,none,B,0,1.227270e+02
64,4,0.000000e+00,none,B,1,1.227270e+02
64,4,0.000000e+00,none,B,2,1.227270e+02
64,4,0.000000e+00,none,B,3,1.227270e+02
64,4,0.000000e+00,none,B,4,1.227270e+02
64,4,0.000000e+00,none,P,0,1.227270e+02
64,4,0.000000e+00,none,P,1,1.227270e+02
64,4,0.000000e+00,none,P,2,4.606500e+01
64,4,0.000000e+00,none,P,3,1.141325e+01
64,4,0.000000e+00,none,P,4,2.166566e+00
64,4,0.000000e+00,none,S,1,1.341176e+04
64,4,0.000000e+00,none,S,2,2.835278e+03
64,4,0.000000e+00,none,S,3,6.905340e+02
64,4,0.000000e+00,none,S,4,1.479891e+02
64,4,0.000000e+00,none,ps,1,6.329481e+06
64,4,0.000000e+00,none,ps,2,1.831095e+05
64,4,0.000000e+00,none,ps,3,1.232740e+04
64,4,0.000000e+00,none,ps,4,4.939944e+02
64,4,0.000000e+00,none,alpha,1,2.286664e-02
64,4,0.000000e+00,none,alpha,2,2.619012e-02
64,4,0.000000e+00,none,alpha,3,2.613536e-02
64,4,0.000000e+00,none,alpha,4,2.908013e-02
64,4,0.000000e+00,none,X,0,0.000000e+00
64,4,0.000000e+00,none,X,1,1.446105e+00
64,4,0.000000e+00,none,X,2,1.329374e+00
64,4,0.000000e+00,none,X,3,1.282213e+00
64,4,0.000000e+00,none,X,4,1.283944e+00
64,4,0.000000e+00,none,R,0,1.227270e+02
64,4,0.000000e+00,none,R,1,4.350569e+01
64,4,0.000000e+00,none,R,2,1.096789e+01
64,4,0.000000e+00,none,R,3,2.117550e+00
64,4,0.000000e+00,none,R,4,1.565761e-14
64,4,0.000000e+00,none,rz,0,6.110288e+04
64,4,0.000000e+00,none,rz,1,2.742287e+03
64,4,0.000000e+00,none,rz,2,2.265426e+02
64,4,0.000000e+00,none,rz,3,8.460271e+00
64,4,0.000000e+00,none,rz,4,5.625495e-28
64,4,0.000000e+00,none,beta,1,1.802806e-01
64,4,0.000000e+00,none,beta,2,1.928022e-01
64,4,0.000000e+00,none,beta,3,1.594831e-01
64,4,0.000000e+00,none,beta,4,5.395100e-26
64,4,0.000000e+00,none,ps_min,1,1.106209e+05
64,4,0.000000e+00,none,ps_min,2,6.810615e+02
64,4,0.000000e+00,none,ps_min,3,2.196279e+00
64,4,0.000000e+00,none,ps_min,4,2.191925e-04
64,4,0.000000e+00,none,rz_min,0,1.847846e+03
64,4,0.000000e+00,none,rz_min,1,1.054631e+01
64,4,0.000000e+00,none,rz_min,2,3.753053e-02
64,4,0.000000e+00,none,rz_min,3,3.794604e-06
64,4,0.000000e+00,none,rz_min,4,1.519473e-34
64,4,0.000000e+00,M,A,0,1.508411e+00
64,4,0.000000e+00,M,A,1,1.508411e+00
64,4,0.000000e+00,M,A,2,1.508411e+00
64,4,0.000000e+00,M,A,3,1.508411e+00
64,4,0.000000e+00,M,A,4,1.508411e+00
64,4,0.000000e+00,M,B,0,1.917610e+00
64,4,0.000000e+00,M,B,1,1.917610e+00
64,4,0.000000e+00,M,B,2,1.917610e+00
64,4,0.000000e+00,M,B,3,1.917610e+00
64,4,0.000000e+00,M,B,4,1.917610e+00
64,4,0.000000e+00,M,P,0,1.917610e+00
64,4,0.000000e+00,M,P,1,1.917610e+00
64,4,0.000000e+00,M,P,2,7.197656e-01
64,4,0.000000e+00,M,P,3,1.783321e-01
64,4,0.000000e+00,M,P,4,3.385260e-02
64,4,0.000000e+00,M,S,1,3.274356e+00
64,4,0.000000e+00,M,S,2,6.922064e-01
64,4,0.000000e+00,M,S,3,1.685874e-01
64,4,0.000000e+00,M,S,4,3.613016e-02
64,4,0.000000e+00,M,ps,1,2.414505e+01
64,4,0.000000e+00,M,ps,2,6.985071e-01
64,4,0.000000e+00,M,ps,3,4.702531e-02
64,4,0.000000e+00,M,ps,4,1.884439e-03
64,4,0.000000e+00,M,alpha,1,1.463465e+00
64,4,0.000000e+00,M,alpha,2,1.676168e+00
64,4,0.000000e+00,M,alpha,3,1.672663e+00
64,4,0.000000e+00,M,alpha,4,1.861128e+00
64,4,0.000000e+00,M,X,0,0.000000e+00
64,4,0.000000e+00,M,X,1,1.446105e+00
64,4,0.000000e+00,M,X,2,1.329374e+00
64,4,0.000000e+00,M,X,3,1.282213e+00
64,4,0.000000e+00,M,X,4,1.283944e+00
64,4,0.000000e+00,M,R,0,1.917610e+00
64,4,0.000000e+00,M,R,1,6.797764e-01
64,4,0.000000e+00,M,R,2,1.713733e-01
64,4,0.000000e+00,M,R,3,3.308671e-02
64,4,0.000000e+00,M,R,4,2.446502e-16
64,4,0.000000e+00,M,rz,0,1.491770e+01
64,4,0.000000e+00,M,rz,1,6.695036e-01
64,4,0.000000e+00,M,rz,2,5.530824e-02
64,4,0.000000e+00,M,rz,3,2.065496e-03
64,4,0.000000e+00,M,rz,4,1.373412e-31
64,4,0.000000e+00,M,beta,1,1.802806e-01
64,4,0.000000e+00,M,beta,2,1.928022e-01
64,4,0.000000e+00,M,beta,3,1.594831e-01
64,4,0.000000e+00,M,beta,4,5.395100e-26
64,4,0.000000e+00,M,ps_min,1,4.219853e-01
64,4,0.000000e+00,M,ps_min,2,2.598044e-03
64,4,0.000000e+00,M,ps_min,3,8.378141e-06
64,4,0.000000e+00,M,ps_min,4,8.361531e-10
64,4,0.000000e+00,M,rz_min,0,4.511342e-01
64,4,0.000000e+00,M,rz_min,1,2.574781e-03
64,4,0.000000e+00,M,rz_min,2,9.162726e-06
64,4,0.000000e+00,M,rz_min,3,9.264169e-10
64,4,0.000000e+00,M,rz_min,4,3.709652e-38
64,4,1.000000e+01,none,A,0,9.598515e+01
64,4,1.000000e+01,none,A,1,9.598515e+01
64,4,1.000000e+01,none,A,2,9.598515e+01
64,4,1.000000e+01,none,A,3,9.598515e+01
64,4,1.000000e+01,none,A,4,9.598515e+01
64,4,1.000000e+01,none,B,0,1.218140e+02
64,4,1.000000e+01,none,B,1,1.218140e+02
64,4,1.000000e+01,none,B,2,1.218140e+02
64,4,1.000000e+01,none,B,3,1.218140e+02
64,4,1.000000e+01,none,B,4,1.218140e+02
64,4,1.000000e+01,none,P,0,1.218140e+02
64,4,1.000000e+01,none,P,1,1.218140e+02
64,4,1.000000e+01,none,P,2,4.412007e+01
64,4,1.000000e+01,none,P,3,1.153558e+01
64,4,1.000000e+01,none,P,4,1.953771e+00
64,4,1.000000e+01,none,S,1,1.381387e+04
64,4,1.000000e+01,none,S,2,3.043385e+03
64,4,1.000000e+01,none,S,3,6.503800e+02
64,4,1.000000e+01,none,S,4,1.340075e+02
64,4,1.000000e+01,none,ps,1,4.950529e+06
64,4,1.000000e+01,none,ps,2,1.836976e+05
64,4,1.000000e+01,none,ps,3,1.206975e+04
64,4,1.000000e+01,none,ps,4,4.530377e+02
64,4,1.000000e+01,none,alpha,1,2.417497e-02
64,4,1.000000e+01,none,alpha,2,2.884412e-02
64,4,1.000000e+01,none,alpha,3,2.761332e-02
64,4,1.000000e+01,none,alpha,4,3.186541e-02
64,4,1.000000e+01,none,X,0,0.000000e+00
64,4,1.000000e+01,none,X,1,1.345298e+00
64,4,1.000000e+01,none,X,2,1.153510e+00
64,4,1.000000e+01,none,X,3,1.077864e+00
64,4,1.000000e+01,none,X,4,1.072713e+00
64,4,1.000000e+01,none,R,0,1.218140e+02
64,4,1.000000e+01,none,R,1,4.201380e+01
64,4,1.000000e+01,none,R,2,9.642728e+00
64,4,1.000000e+01,none,R,3,1.911739e+00
64,4,1.000000e+01,none,R,4,1.762479e-14
64,4,1.000000e+01,none,rz,0,5.365400e+04
64,4,1.000000e+01,none,rz,1,2.806019e+03
64,4,1.000000e+01,none,rz,2,1.710890e+02
64,4,1.000000e+01,none,rz,3,7.692194e+00
64,4,1.000000e+01,none,rz,4,4.898171e-28
64,4,1.000000e+01,none,beta,1,1.910623e-01
64,4,1.000000e+01,none,beta,2,1.933079e-01
64,4,1.000000e+01,none,beta,3,1.549744e-01
64,4,1.000000e+01,none,beta,4,4.742362e-25
64,4,1.000000e+01,none,ps_min,1,1.077158e+05
64,4,1.000000e+01,none,ps_min,2,7.652621e+02
64,4,1.000000e+01,none,ps_min,3,7.767623e-01
64,4,1.000000e+01,none,ps_min,4,2.010528e-05
64,4,1.000000e+01,none,rz_min,0,1.831739e+03
64,4,1.000000e+01,none,rz_min,1,1.670161e+01
64,4,1.000000e+01,none,rz_min,2,1.242691e-02
64,4,1.000000e+01,none,rz_min,3,2.948685e-07
64,4,1.000000e+01,none,rz_min,4,2.686240e-34
64,4,1.000000e+01,M,A,0,1.499768e+00
64,4,1.000000e+01,M,A,1,1.499768e+00
64,4,1.000000e+01,M,A,2,1.499768e+00
64,4,1.000000e+01,M,A,3,1.499768e+00
64,4,1.000000e+01,M,A,4,1.499768e+00
64,4,1.000000e+01,M,B,0,1.903344e+00
64,4,1.000000e+01,M,B,1,1.903344e+00
64,4,1.000000e+01,M,B,2,1.903344e+00
64,4,1.000000e+01,M,B,3,1.903344e+00
64,4,1.000000e+01,M,B,4,1.903344e+00
64,4,1.000000e+01,M,P,0,1.903344e+00
64,4,1.000000e+01,M,P,1,1.903344e+00
64,4,1.000000e+01,M,P,2,6.893762e-01
64,4,1.000000e+01,M,P,3,1.802434e-01
64,4,1.000000e+01,M,P,4,3.052767e-02
64,4,1.000000e+01,M,S,1,3.372526e+00
64,4,1.000000e+01,M,S,2,7.430140e-01
64,4,1.000000e+01,M,S,3,1.587842e-01
64,4,1.000000e+01,M,S,4,3.271667e-02
64,4,1.000000e+01,M,ps,1,1.888477e+01
64,4,1.000000e+01,M,ps,2,7.007506e-01
64,4,1.000000e+01,M,ps,3,4.604246e-02
64,4,1.000000e+01,M,ps,4,1.728202e-03
64,4,1.000000e+01,M,alpha,1,1.547198e+00
64,4,1.000000e+01,M,alpha,2,1.846024e+00
64,4,1.000000e+01,M,alpha,3,1.767252e+00
64,4,1.000000e+01,M,alpha,4,2.039386e+00
64,4,1.000000e+01,M,X,0,0.000000e+00
64,4,1.000000e+01,M,X,1,1.345298e+00
64,4,1.000000e+01,M,X,2,1.153510e+00
64,4,1.000000e+01,M,X,3,1.077864e+00
64,4,1.000000e+01,M,X,4,1.072713e+00
64,4,1.000000e+01,M,R,0,1.903344e+00
64,4,1.000000e+01,M,R,1,6.564656e-01
64,4,1.000000e+01,M,R,2,1.506676e-01
64,4,1.000000e+01,M,R,3,2.987092e-02
64,4,1.000000e+01,M,R,4,2.753874e-16
64,4,1.000000e+01,M,rz,0,1.309912e+01
64,4,1.000000e+01,M,rz,1,6.850632e-01
64,4,1.000000e+01,M,rz,2,4.176978e-02
64,4,1.000000e+01,M,rz,3,1.877977e-03
64,4,1.000000e+01,M,rz,4,1.195843e-31
64,4,1.000000e+01,M,beta,1,1.910623e-01
64,4,1.000000e+01,M,beta,2,1.933079e-01
64,4,1.000000e+01,M,beta,3,1.549744e-01
64,4,1.000000e+01,M,beta,4,4.742362e-25
64,4,1.000000e+01,M,ps_min,1,4.109031e-01
64,4,1.000000e+01,M,ps_min,2,2.919243e-03
64,4,1.000000e+01,M,ps_min,3,2.963113e-06
64,4,1.000000e+01,M,ps_min,4,7.669556e-11
64,4,1.000000e+01,M,rz_min,0,4.472020e-01
64,4,1.000000e+01,M,rz_min,1,4.077542e-03
64,4,1.000000e+01,M,rz_min,2,3.033914e-06
64,4,1.000000e+01,M,rz_min,3,7.198939e-11
64,4,1.000000e+01,M,rz_min,4,6.558202e-38
64,4,2.000000e+01,none,A,0,9.151306e+01
64,4,2.000000e+01,none,A,1,9.151306e+01
64,4,2.000000e+01,none,A,2,9.151306e+01
64,4,2.000000e+01,none,A,3,9.151306e+01
64,4,2.000000e+01,none,A,4,9.151306e+01
64,4,2.000000e+01,none,B,0,1.159817e+02
64,4,2.000000e+01,none,B,1,1.159817e+02
64,4,2.000000e+01,none,B,2,1.159817e+02
64,4,2.000000e+01,none,B,3,1.159817e+02
64,4,2.000000e+01,none,B,4,1.159817e+02
64,4,2.000000e+01,none,P,0,1.159817e+02
64,4,2.000000e+01,none,P,1,1.159817e+02
64,4,2.000000e+01,none,P,2,4.112234e+01
64,4,2.000000e+01,none,P,3,9.601084e+00
64,4,2.000000e+01,none,P,4,2.055329e+00
64,4,2.000000e+01,none,S,1,1.238971e+04
64,4,2.000000e+01,none,S,2,2.854676e+03
64,4,2.000000e+01,none,S,3,5.825898e+02
64,4,2.000000e+01,none,S,4,1.290169e+02
64,4,2.000000e+01,none,ps,1,5.408949e+06
64,4,2.000000e+01,none,ps,2,1.993742e+05
64,4,2.000000e+01,none,ps,3,9.482051e+03
64,4,2.000000e+01,none,ps,4,5.792555e+02
64,4,2.000000e+01,none,alpha,1,2.371279e-02
64,4,2.000000e+01,none,alpha,2,2.615185e-02
64,4,2.000000e+01,none,alpha,3,2.901523e-02
64,4,2.000000e+01,none,alpha,4,2.743714e-02
64,4,2.000000e+01,none,X,0,0.000000e+00
64,4,2.000000e+01,none,X,1,1.327118e+00
64,4,2.000000e+01,none,X,2,1.101631e+00
64,4,2.000000e+01,none,X,3,9.958479e-01
64,4,2.000000e+01,none,X,4,9.858690e-01
64,4,2.000000e+01,none,R,0,1.159817e+02
64,4,2.000000e+01,none,R,1,3.889204e+01
64,4,2.000000e+01,none,R,2,9.329713e+00
64,4,2.000000e+01,none,R,3,2.105879e+00
64,4,2.000000e+01,none,R,4,8.992806e-15
64,4,2.000000e+01,none,rz,0,5.819085e+04
64,4,2.000000e+01,none,rz,1,2.474064e+03
64,4,2.000000e+01,none,rz,2,1.460284e+02
64,4,2.000000e+01,none,rz,3,8.208135e+00
64,4,2.000000e+01,none,rz,4,1.841030e-28
64,4,2.000000e+01,none,beta,1,1.949929e-01
64,4,2.000000e+01,none,beta,2,1.806897e-01
64,4,2.000000e+01,none,beta,3,1.770521e-01
64,4,2.000000e+01,none,beta,4,1.465708e-26
64,4,2.000000e+01,none,ps_min,1,1.000372e+05
64,4,2.000000e+01,none,ps_min,2,1.313910e+03
64,4,2.000000e+01,none,ps_min,3,3.312017e+00
64,4,2.000000e+01,none,ps_min,4,1.268806e-03
64,4,2.000000e+01,none,rz_min,0,1.941589e+03
64,4,2.000000e+01,none,rz_min,1,2.416068e+01
64,4,2.000000e+01,none,rz_min,2,6.064257e-02
64,4,2.000000e+01,none,rz_min,3,1.748253e-05
64,4,2.000000e+01,none,rz_min,4,1.151044e-34
64,4,2.000000e+01,M,A,0,1.429892e+00
64,4,2.000000e+01,M,A,1,1.429892e+00
64,4,2.000000e+01,M,A,2,1.429892e+00
64,4,2.000000e+01,M,A,3,1.429892e+00
64,4,2.000000e+01,M,A,4,1.429892e+00
64,4,2.000000e+01,M,B,0,1.812214e+00
64,4,2.000000e+01,M,B,1,1.812214e+00
64,4,2.000000e+01,M,B,2,1.812214e+00
64,4,2.000000e+01,M,B,3,1.812214e+00
64,4,2.000000e+01,M,B,4,1.812214e+00
64,4,2.000000e+01,M,P,0,1.812214e+00
64,4,2.000000e+01,M,P,1,1.812214e+00
64,4,2.000000e+01,M,P,2,6.425365e-01
64,4,2.000000e+01,M,P,3,1.500169e-01
64,4,2.000000e+01,M,P,4,3.211452e-02
64,4,2.000000e+01,M,S,1,3.024832e+00
64,4,2.000000e+01,M,S,2,6.969424e-01
64,4,2.000000e+01,M,S,3,1.422338e-01
64,4,2.000000e+01,M,S,4,3.149826e-02
64,4,2.000000e+01,M,ps,1,2.063350e+01
64,4,2.000000e+01,M,ps,2,7.605523e-01
64,4,2.000000e+01,M,ps,3,3.617116e-02
64,4,2.000000e+01,M,ps,4,2.209684e-03
64,4,2.000000e+01,M,alpha,1,1.517618e+00
64,4,2.000000e+01,M,alpha,2,1.673718e+00
64,4,2.000000e+01,M,alpha,3,1.856975e+00
64,4,2.000000e+01,M,alpha,4,1.755977e+00
64,4,2.000000e+01,M,X,0,0.000000e+00
64,4,2.000000e+01,M,X,1,1.327118e+00
64,4,2.000000e+01,M,X,2,1.101631e+00
64,4,2.000000e+01,M,X,3,9.958479e-01
64,4,2.000000e+01,M,X,4,9.858690e-01
64,4,2.000000e+01,M,R,0,1.812214e+00
64,4,2.000000e+01,M,R,1,6.076881e-01
64,4,2.000000e+01,M,R,2,1.457768e-01
64,4,2.000000e+01,M,R,3,3.290435e-02
64,4,2.000000e+01,M,R,4,1.405126e-16
64,4,2.000000e+01,M,rz,0,1.420675e+01
64,4,2.000000e+01,M,rz,1,6.040195e-01
64,4,2.000000e+01,M,rz,2,3.565147e-02
64,4,2.000000e+01,M,rz,3,2.003939e-03
64,4,2.000000e+01,M,rz,4,4.494702e-32
64,4,2.000000e+01,M,beta,1,1.949929e-01
64,4,2.000000e+01,M,beta,2,1.806897e-01
64,4,2.000000e+01,M,beta,3,1.770521e-01
64,4,2.000000e+01,M,beta,4,1.465708e-26
64,4,2.000000e+01,M,ps_min,1,3.816116e-01
64,4,2.000000e+01,M,ps_min,2,5.012169e-03
64,4,2.000000e+01,M,ps_min,3,1.263434e-05
64,4,2.000000e+01,M,ps_min,4,4.840112e-09
64,4,2.000000e+01,M,rz_min,0,4.740207e-01
64,4,2.000000e+01,M,rz_min,1,5.898603e-03
64,4,2.000000e+01,M,rz_min,2,1.480531e-05
64,4,2.000000e+01,M,rz_min,3,4.268197e-09
64,4,2.000000e+01,M,rz_min,4,2.810166e-38
64,8,-1.000000e+01,none,A,0,9.936548e+01
64,8,-1.000000e+01,none,A,1,9.936548e+01
64,8,-1.000000e+01,none,A,2,9.936548e+01
64,8,-1.000000e+01,none,A,3,9.936548e+01
64,8,-1.000000e+01,none,A,4,9.936548e+01
64,8,-1.000000e+01,none,A,5,9.936548e+01
64,8,-1.000000e+01,none,A,6,9.936548e+01
64,8,-1.000000e+01,none,A,7,9.936548e+01
64,8,-1.000000e+01,none,A,8,9.936548e+01
64,8,-1.000000e+01,none,B,0,1.803663e+02
64,8,-1.000000e+01,none,B,1,1.803663e+02
64,8,-1.000000e+01,none,B,2,1.803663e+02
64,8,-1.000000e+01,none,B,3,1.803663e+02
64,8,-1.000000e+01,none,B,4,1.803663e+02
64,8,-1.000000e+01,none,B,5,1.803663e+02
64,8,-1.000000e+01,none,B,6,1.803663e+02
64,8,-1.000000e+01,none,B,7,1.803663e+02
64,8,-1.000000e+01,none,B,8,1.803663e+02
64,8,-1.000000e+01,none,P,0,1.803663e+02
64,8,-1.000000e+01,none,P,1,1.803663e+02
64,8,-1.000000e+01,none,P,2,5.724824e+01
64,8,-1.000000e+01,none,P,3,2.156366e+01
64,8,-1.000000e+01,none,P,4,5.726958e+00
64,8,-1.000000e+01,none,P,5,1.198683e+00
64,8,-1.000000e+01,none,P,6,2.779296e-01
64,8,-1.000000e+01,none,P,7,4.736922e-02
64,8,-1.000000e+01,none,P,8,6.396758e-03
64,8,-1.000000e+01,none,S,1,2.235681e+04
64,8,-1.000000e+01,none,S,2,4.804969e+03
64,8,-1.000000e+01,none,S,3,1.456862e+03
64,8,-1.000000e+01,none,S,4,3.760569e+02
64,8,-1.000000e+01,none,S,5,9.254479e+01
64,8,-1.000000e+01,none,S,6,1.655397e+01
64,8,-1.000000e+01,none,S,7,3.585949e+00
64,8,-1.000000e+01,none,S,8,4.145007e-01
64,8,-1.000000e+01,none,ps,1,1.215961e+07
64,8,-1.000000e+01,none,ps,2,5.521991e+05
64,8,-1.000000e+01,none,ps,3,4.770137e+04
64,8,-1.000000e+01,none,ps,4,3.586865e+03
64,8,-1.000000e+01,none,ps,5,3.081187e+02
64,8,-1.000000e+01,none,ps,6,1.446566e+01
64,8,-1.000000e+01,none,ps,7,3.961869e-01
64,8,-1.000000e+01,none,ps,8,7.085087e-03
64,8,-1.000000e+01,none,alpha,1,1.737984e-02
64,8,-1.000000e+01,none,alpha,2,2.021715e-02
64,8,-1.000000e+01,none,alpha,3,2.214444e-02
64,8,-1.000000e+01,none,alpha,4,2.187328e-02
64,8,-1.000000e+01,none,alpha,5,2.199362e-02
64,8,-1.000000e+01,none,alpha,6,2.475206e-02
64,8,-1.000000e+01,none,alpha,7,2.589238e-02
64,8,-1.000000e+01,none,alpha,8,2.360359e-02
64,8,-1.000000e+01,none,X,0,0.000000e+00
64,8,-1.000000e+01,none,X,1,1.771112e+00
64,8,-1.000000e+01,none,X,2,1.804343e+00
64,8,-1.000000e+01,none,X,3,1.854342e+00
64,8,-1.000000e+01,none,X,4,1.845288e+00
64,8,-1.000000e+01,none,X,5,1.846297e+00
64,8,-1.000000e+01,none,X,6,1.845835e+00
64,8,-1.000000e+01,none,X,7,1.845804e+00
64,8,-1.000000e+01,none,X,8,1.845804e+00
64,8,-1.000000e+01,none,R,0,1.803663e+02
64,8,-1.000000e+01,none,R,1,5.547710e+01
64,8,-1.000000e+01,none,R,2,1.731780e+01
64,8,-1.000000e+01,none,R,3,5.247479e+00
64,8,-1.000000e+01,none,R,4,1.204331e+00
64,8,-1.000000e+01,none,R,5,2.399910e-01
64,8,-1.000000e+01,none,R,6,4.881946e-02
64,8,-1.000000e+01,none,R,7,6.032387e-03
64,8,-1.000000e+01,none,R,8,1.683130e-14
64,8,-1.000000e+01,none,rz,0,1.097103e+05
64,8,-1.000000e+01,none,rz,1,7.031462e+03
64,8,-1.000000e+01,none,rz,2,5.907177e+02
64,8,-1.000000e+01,none,rz,3,5.236516e+01
64,8,-1.000000e+01,none,rz,4,4.096111e+00
64,8,-1.000000e+01,none,rz,5,2.441139e-01
64,8,-1.000000e+01,none,rz,6,6.029102e-03
64,8,-1.000000e+01,none,rz,7,1.092006e-04
64,8,-1.000000e+01,none,rz,8,9.567607e-28
64,8,-1.000000e+01,none,beta,1,1.733341e-01
64,8,-1.000000e+01,none,beta,2,2.381527e-01
64,8,-1.000000e+01,none,beta,3,2.067407e-01
64,8,-1.000000e+01,none,beta,4,1.932138e-01
64,8,-1.000000e+01,none,beta,5,1.566956e-01
64,8,-1.000000e+01,none,beta,6,1.747826e-01
64,8,-1.000000e+01,none,beta,7,1.044775e-01
64,8,-1.000000e+01,none,beta,8,1.729675e-19
64,8,-1.000000e+01,none,ps_min,1,3.852320e+05
64,8,-1.000000e+01,none,ps_min,2,1.909727e+04
64,8,-1.000000e+01,none,ps_min,3,6.353692e+02
64,8,-1.000000e+01,none,ps_min,4,1.052561e+01
64,8,-1.000000e+01,none,ps_min,5,3.917068e-01
64,8,-1.000000e+01,none,ps_min,6,3.348986e-03
64,8,-1.000000e+01,none,ps_min,7,2.964423e-05
64,8,-1.000000e+01,none,ps_min,8,6.187374e-10
64,8,-1.000000e+01,none,rz_min,0,5.580664e+03
64,8,-1.000000e+01,none,rz_min,1,2.966056e+02
64,8,-1.000000e+01,none,rz_min,2,8.538910e+00
64,8,-1.000000e+01,none,rz_min,3,1.599256e-01
64,8,-1.000000e+01,none,rz_min,4,5.796797e-03
64,8,-1.000000e+01,none,rz_min,5,4.790933e-05
64,8,-1.000000e+01,none,rz_min,6,4.841414e-07
64,8,-1.000000e+01,none,rz_min,7,1.025647e-11
64,8,-1.000000e+01,none,rz_min,8,8.980019e-37
64,8,-1.000000e+01,M,A,0,1.552586e+00
64,8,-1.000000e+01,M,A,1,1.552586e+00
64,8,-1.000000e+01,M,A,2,1.552586e+00
64,8,-1.000000e+01,M,A,3,1.552586e+00
64,8,-1.000000e+01,M,A,4,1.552586e+00
64,8,-1.000000e+01,M,A,5,1.552586e+00
64,8,-1.000000e+01,M,A,6,1.552586e+00
64,8,-1.000000e+01,M,A,7,1.552586e+00
64,8,-1.000000e+01,M,A,8,1.552586e+00
64,8,-1.000000e+01,M,B,0,2.818223e+00
64,8,-1.000000e+01,M,B,1,2.818223e+00
64,8,-1.000000e+01,M,B,2,2.818223e+00
64,8,-1.000000e+01,M,B,3,2.818223e+00
64,8,-1.000000e+01,M,B,4,2.818223e+00
64,8,-1.000000e+01,M,B,5,2.818223e+00
64,8,-1.000000e+01,M,B,6,2.818223e+00
64,8,-1.000000e+01,M,B,7,2.818223e+00
64,8,-1.000000e+01,M,B,8,2.818223e+00
64,8,-1.000000e+01,M,P,0,2.818223e+00
64,8,-1.000000e+01,M,P,1,2.818223e+00
64,8,-1.000000e+01,M,P,2,8.945037e-01
64,8,-1.000000e+01,M,P,3,3.369321e-01
64,8,-1.000000e+01,M,P,4,8.948371e-02
64,8,-1.000000e+01,M,P,5,1.872942e-02
64,8,-1.000000e+01,M,P,6,4.342650e-03
64,8,-1.000000e+01,M,P,7,7.401441e-04
64,8,-1.000000e+01,M,P,8,9.994935e-05
64,8,-1.000000e+01,M,S,1,5.458205e+00
64,8,-1.000000e+01,M,S,2,1.173088e+00
64,8,-1.000000e+01,M,S,3,3.556793e-01
64,8,-1.000000e+01,M,S,4,9.181077e-02
64,8,-1.000000e+01,M,S,5,2.259394e-02
64,8,-1.000000e+01,M,S,6,4.041497e-03
64,8,-1.000000e+01,M,S,7,8.754758e-04
64,8,-1.000000e+01,M,S,8,1.011965e-04
64,8,-1.000000e+01,M,ps,1,4.638522e+01
64,8,-1.000000e+01,M,ps,2,2.106472e+00
64,8,-1.000000e+01,M,ps,3,1.819663e-01
64,8,-1.000000e+01,M,ps,4,1.368280e-02
64,8,-1.000000e+01,M,ps,5,1.175380e-03
64,8,-1.000000e+01,M,ps,6,5.518211e-05
64,8,-1.000000e+01,M,ps,7,1.511333e-06
64,8,-1.000000e+01,M,ps,8,2.702746e-08
64,8,-1.000000e+01,M,alpha,1,1.112310e+00
64,8,-1.000000e+01,M,alpha,2,1.293897e+00
64,8,-1.000000e+01,M,alpha,3,1.417244e+00
64,8,-1.000000e+01,M,alpha,4,1.399890e+00
64,8,-1.000000e+01,M,alpha,5,1.407591e+00
64,8,-1.000000e+01,M,alpha,6,1.584132e+00
64,8,-1.000000e+01,M,alpha,7,1.657112e+00
64,8,-1.000000e+01,M,alpha,8,1.510630e+00
64,8,-1.000000e+01,M,X,0,0.000000e+00
64,8,-1.000000e+01,M,X,1,1.771112e+00
64,8,-1.000000e+01,M,X,2,1.804343e+00
64,8,-1.000000e+01,M,X,3,1.854342e+00
64,8,-1.000000e+01,M,X,4,1.845288e+00
64,8,-1.000000e+01,M,X,5,1.846297e+00
64,8,-1.000000e+01,M,X,6,1.845835e+00
64,8,-1.000000e+01,M,X,7,1.845804e+00
64,8,-1.000000e+01,M,X,8,1.845804e+00
64,8,-1.000000e+01,M,R,0,2.818223e+00
64,8,-1.000000e+01,M,R,1,8.668297e-01
64,8,-1.000000e+01,M,R,2,2.705907e-01
64,8,-1.000000e+01,M,R,3,8.199186e-02
64,8,-1.000000e+01,M,R,4,1.881767e-02
64,8,-1.000000e+01,M,R,5,3.749859e-03
64,8,-1.000000e+01,M,R,6,7.628041e-04
64,8,-1.000000e+01,M,R,7,9.425605e-05
64,8,-1.000000e+01,M,R,8,2.629891e-16
64,8,-1.000000e+01,M,rz,0,2.678475e+01
64,8,-1.000000e+01,M,rz,1,1.716665e+00
64,8,-1.000000e+01,M,rz,2,1.442182e-01
64,8,-1.000000e+01,M,rz,3,1.278446e-02
64,8,-1.000000e+01,M,rz,4,1.000027e-03
64,8,-1.000000e+01,M,rz,5,5.959812e-05
64,8,-1.000000e+01,M,rz,6,1.471949e-06
64,8,-1.000000e+01,M,rz,7,2.666030e-08
64,8,-1.000000e+01,M,rz,8,2.335841e-31
64,8,-1.000000e+01,M,beta,1,1.733341e-01
64,8,-1.000000e+01,M,beta,2,2.381527e-01
64,8,-1.000000e+01,M,beta,3,2.067407e-01
64,8,-1.000000e+01,M,beta,4,1.932138e-01
64,8,-1.000000e+01,M,beta,5,1.566956e-01
64,8,-1.000000e+01,M,beta,6,1.747826e-01
64,8,-1.000000e+01,M,beta,7,1.044775e-01
64,8,-1.000000e+01,M,beta,8,1.729675e-19
64,8,-1.000000e+01,M,ps_min,1,1.469543e+00
64,8,-1.000000e+01,M,ps_min,2,7.285029e-02
64,8,-1.000000e+01,M,ps_min,3,2.423741e-03
64,8,-1.000000e+01,M,ps_min,4,4.015203e-05
64,8,-1.000000e+01,M,ps_min,5,1.494243e-06
64,8,-1.000000e+01,M,ps_min,6,1.277537e-08
64,8,-1.000000e+01,M,ps_min,7,1.130837e-10
64,8,-1.000000e+01,M,ps_min,8,2.360296e-15
64,8,-1.000000e+01,M,rz_min,0,1.362467e+00
64,8,-1.000000e+01,M,rz_min,1,7.241348e-02
64,8,-1.000000e+01,M,rz_min,2,2.084695e-03
64,8,-1.000000e+01,M,rz_min,3,3.904435e-05
64,8,-1.000000e+01,M,rz_min,4,1.415234e-06
64,8,-1.000000e+01,M,rz_min,5,1.169661e-08
64,8,-1.000000e+01,M,rz_min,6,1.181986e-10
64,8,-1.000000e+01,M,rz_min,7,2.504022e-15
64,8,-1.000000e+01,M,rz_min,8,2.192387e-40
64,8,0.000000e+00,none,A,0,9.365661e+01
64,8,0.000000e+00,none,A,1,9.365661e+01
64,8,0.000000e+00,none,A,2,9.365661e+01
64,8,0.000000e+00,none,A,3,9.365661e+01
64,8,0.000000e+00,none,A,4,9.365661e+01
64,8,0.000000e+00,none,A,5,9.365661e+01
64,8,0.000000e+00,none,A,6,9.365661e+01
64,8,0.000000e+00,none,A,7,9.365661e+01
64,8,0.000000e+00,none,A,8,9.365661e+01
64,8,0.000000e+00,none,B,0,1.414053e+02
64,8,0.000000e+00,none,B,1,1.414053e+02
64,8,0.000000e+00,none,B,2,1.414053e+02
64,8,0.000000e+00,none,B,3,1.414053e+02
64,8,0.000000e+00,none,B,4,1.414053e+02
64,8,0.000000e+00,none,B,5,1.414053e+02
64,8,0.000000e+00,none,B,6,1.414053e+02
64,8,0.000000e+00,none,B,7,1.414053e+02
64,8,0.000000e+00,none,B,8,1.414053e+02
64,8,0.000000e+00,none,P,0,1.414053e+02
64,8,0.000000e+00,none,P,1,1.414053e+02
64,8,0.000000e+00,none,P,2,5.706948e+01
64,8,0.000000e+00,none,P,3,2.500374e+01
64,8,0.000000e+00,none,P,4,7.317775e+00
64,8,0.000000e+00,none,P,5,2.687798e+00
64,8,0.000000e+00,none,P,6,7.713945e-01
64,8,0.000000e+00,none,P,7,1.186736e-01
64,8,0.000000e+00,none,P,8,3.009498e-02
64,8,0.000000e+00,none,S,1,1.817980e+04
64,8,0.000000e+00,none,S,2,4.100744e+03
64,8,0.000000e+00,none,S,3,1.603870e+03
64,8,0.000000e+00,none,S,4,3.937922e+02
64,8,0.000000e+00,none,S,5,1.790837e+02
64,8,0.000000e+00,none,S,6,4.334370e+01
64,8,0.000000e+00,none,S,7,6.541840e+00
64,8,0.000000e+00,none,S,8,1.957855e+00
64,8,0.000000e+00,none,ps,1,1.044283e+07
64,8,0.000000e+00,none,ps,2,4.635580e+05
64,8,0.000000e+00,none,ps,3,6.582443e+04
64,8,0.000000e+00,none,ps,4,1.037547e+04
64,8,0.000000e+00,none,ps,5,1.290354e+03
64,8,0.000000e+00,none,ps,6,9.187264e+01
64,8,0.000000e+00,none,ps,7,3.323982e+00
64,8,0.000000e+00,none,ps,8,1.478088e-01
64,8,0.000000e+00,none,alpha,1,2.046164e-02
64,8,0.000000e+00,none,alpha,2,2.414010e-02
64,8,0.000000e+00,none,alpha,3,2.596735e-02
64,8,0.000000e+00,none,alpha,4,2.856553e-02
64,8,0.000000e+00,none,alpha,5,2.835836e-02
64,8,0.000000e+00,none,alpha,6,2.759829e-02
64,8,0.000000e+00,none,alpha,7,2.728000e-02
64,8,0.000000e+00,none,alpha,8,3.123739e-02
64,8,0.000000e+00,none,X,0,0.000000e+00
64,8,0.000000e+00,none,X,1,1.527604e+00
64,8,0.000000e+00,none,X,2,1.353501e+00
64,8,0.000000e+00,none,X,3,1.366799e+00
64,8,0.000000e+00,none,X,4,1.388972e+00
64,8,0.000000e+00,none,X,5,1.381075e+00
64,8,0.000000e+00,none,X,6,1.380868e+00
64,8,0.000000e+00,none,X,7,1.380767e+00
64,8,0.000000e+00,none,X,8,1.380798e+00
64,8,0.000000e+00,none,R,0,1.414053e+02
64,8,0.000000e+00,none,R,1,5.955281e+01
64,8,0.000000e+00,none,R,2,2.329292e+01
64,8,0.000000e+00,none,R,3,6.330154e+00
64,8,0.000000e+00,none,R,4,2.614897e+00
64,8,0.000000e+00,none,R,5,7.470587e-01
64,8,0.000000e+00,none,R,6,1.158420e-01
64,8,0.000000e+00,none,R,7,3.101569e-02
64,8,0.000000e+00,none,R,8,3.399722e-14
64,8,0.000000e+00,none,rz,0,1.044997e+05
64,8,0.000000e+00,none,rz,1,6.797474e+03
64,8,0.000000e+00,none,rz,2,9.586827e+02
64,8,0.000000e+00,none,rz,3,1.542439e+02
64,8,0.000000e+00,none,rz,4,2.154879e+01
64,8,0.000000e+00,none,rz,5,1.658533e+00
64,8,0.000000e+00,none,rz,6,6.451109e-02
64,8,0.000000e+00,none,rz,7,2.341537e-03
64,8,0.000000e+00,none,rz,8,5.842019e-27
64,8,0.000000e+00,none,beta,1,2.576176e-01
64,8,0.000000e+00,none,beta,2,3.882692e-01
64,8,0.000000e+00,none,beta,3,3.315949e-01
64,8,0.000000e+00,none,beta,4,2.943744e-01
64,8,0.000000e+00,none,beta,5,2.833827e-01
64,8,0.000000e+00,none,beta,6,1.892007e-01
64,8,0.000000e+00,none,beta,7,1.665587e-01
64,8,0.000000e+00,none,beta,8,3.828043e-19
64,8,0.000000e+00,none,ps_min,1,5.103741e+05
64,8,0.000000e+00,none,ps_min,2,1.762851e+04
64,8,0.000000e+00,none,ps_min,3,7.822161e+02
64,8,0.000000e+00,none,ps_min,4,3.629304e+01
64,8,0.000000e+00,none,ps_min,5,4.152228e-01
64,8,0.000000e+00,none,ps_min,6,3.977663e-02
64,8,0.000000e+00,none,ps_min,7,1.171596e-04
64,8,0.000000e+00,none,ps_min,8,4.389023e-10
64,8,0.000000e+00,none,rz_min,0,8.979524e+03
64,8,0.000000e+00,none,rz_min,1,3.670033e+02
64,8,0.000000e+00,none,rz_min,2,1.324125e+01
64,8,0.000000e+00,none,rz_min,3,7.534665e-01
64,8,0.000000e+00,none,rz_min,4,7.626132e-03
64,8,0.000000e+00,none,rz_min,5,5.459977e-04
64,8,0.000000e+00,none,rz_min,6,2.112998e-06
64,8,0.000000e+00,none,rz_min,7,9.029500e-12
64,8,0.000000e+00,none,rz_min,8,1.643947e-35
64,8,0.000000e+00,M,A,0,1.463384e+00
64,8,0.000000e+00,M,A,1,1.463384e+00
64,8,0.000000e+00,M,A,2,1.463384e+00
64,8,0.000000e+00,M,A,3,1.463384e+00
64,8,0.000000e+00,M,A,4,1.463384e+00
64,8,0.000000e+00,M,A,5,1.463384e+00
64,8,0.000000e+00,M,A,6,1.463384e+00
64,8,0.000000e+00,M,A,7,1.463384e+00
64,8,0.000000e+00,M,A,8,1.463384e+00
64,8,0.000000e+00,M,B,0,2.209459e+00
64,8,0.000000e+00,M,B,1,2.209459e+00
64,8,0.000000e+00,M,B,2,2.209459e+00
64,8,0.000000e+00,M,B,3,2.209459e+00
64,8,0.000000e+00,M,B,4,2.209459e+00
64,8,0.000000e+00,M,B,5,2.209459e+00
64,8,0.000000e+00,M,B,6,2.209459e+00
64,8,0.000000e+00,M,B,7,2.209459e+00
64,8,0.000000e+00,M,B,8,2.209459e+00
64,8,0.000000e+00,M,P,0,2.209459e+00
64,8,0.000000e+00,M,P,1,2.209459e+00
64,8,0.000000e+00,M,P,2,8.917106e-01
64,8,0.000000e+00,M,P,3,3.906834e-01
64,8,0.000000e+00,M,P,4,1.143402e-01
64,8,0.000000e+00,M,P,5,4.199684e-02
64,8,0.000000e+00,M,P,6,1.205304e-02
64,8,0.000000e+00,M,P,7,1.854275e-03
64,8,0.000000e+00,M,P,8,4.702340e-04
64,8,0.000000e+00,M,S,1,4.438428e+00
64,8,0.000000e+00,M,S,2,1.001158e+00
64,8,0.000000e+00,M,S,3,3.915698e-01
64,8,0.000000e+00,M,S,4,9.614067e-02
64,8,0.000000e+00,M,S,5,4.372162e-02
64,8,0.000000e+00,M,S,6,1.058196e-02
64,8,0.000000e+00,M,S,7,1.597129e-03
64,8,0.000000e+00,M,S,8,4.779920e-04
64,8,0.000000e+00,M,ps,1,3.983625e+01
64,8,0.000000e+00,M,ps,2,1.768333e+00
64,8,0.000000e+00,M,ps,3,2.511003e-01
64,8,0.000000e+00,M,ps,4,3.957926e-02
64,8,0.000000e+00,M,ps,5,4.922309e-03
64,8,0.000000e+00,M,ps,6,3.504663e-04
64,8,0.000000e+00,M,ps,7,1.267998e-05
64,8,0.000000e+00,M,ps,8,5.638456e-07
64,8,0.000000e+00,M,alpha,1,1.309545e+00
64,8,0.000000e+00,M,alpha,2,1.544966e+00
64,8,0.000000e+00,M,alpha,3,1.661910e+00
64,8,0.000000e+00,M,alpha,4,1.828194e+00
64,8,0.000000e+00,M,alpha,5,1.814935e+00
64,8,0.000000e+00,M,alpha,6,1.766291e+00
64,8,0.000000e+00,M,alpha,7,1.745920e+00
64,8,0.000000e+00,M,alpha,8,1.999193e+00
64,8,0.000000e+00,M,X,0,0.000000e+00
64,8,0.000000e+00,M,X,1,1.527604e+00
64,8,0.000000e+00,M,X,2,1.353501e+00
64,8,0.000000e+00,M,X,3,1.366799e+00
64,8,0.000000e+00,M,X,4,1.388972e+00
64,8,0.000000e+00,M,X,5,1.381075e+00
64,8,0.000000e+00,M,X,6,1.380868e+00
64,8,0.000000e+00,M,X,7,1.380767e+00
64,8,0.000000e+00,M,X,8,1.380798e+00
64,8,0.000000e+00,M,R,0,2.209459e+00
64,8,0.000000e+00,M,R,1,9.305127e-01
64,8,0.000000e+00,M,R,2,3.639519e-01
64,8,0.000000e+00,M,R,3,9.890866e-02
64,8,0.000000e+00,M,R,4,4.085776e-02
64,8,0.000000e+00,M,R,5,1.167279e-02
64,8,0.000000e+00,M,R,6,1.810032e-03
64,8,0.000000e+00,M,R,7,4.846202e-04
64,8,0.000000e+00,M,R,8,5.312065e-16
64,8,0.000000e+00,M,rz,0,2.551262e+01
64,8,0.000000e+00,M,rz,1,1.659539e+00
64,8,0.000000e+00,M,rz,2,2.340534e-01
64,8,0.000000e+00,M,rz,3,3.765719e-02
64,8,0.000000e+00,M,rz,4,5.260935e-03
64,8,0.000000e+00,M,rz,5,4.049153e-04
64,8,0.000000e+00,M,rz,6,1.574978e-05
64,8,0.000000e+00,M,rz,7,5.716643e-07
64,8,0.000000e+00,M,rz,8,1.426274e-30
64,8,0.000000e+00,M,beta,1,2.576176e-01
64,8,0.000000e+00,M,beta,2,3.882692e-01
64,8,0.000000e+00,M,beta,3,3.315949e-01
64,8,0.000000e+00,M,beta,4,2.943744e-01
64,8,0.000000e+00,M,beta,5,2.833827e-01
64,8,0.000000e+00,M,beta,6,1.892007e-01
64,8,0.000000e+00,M,beta,7,1.665587e-01
64,8,0.000000e+00,M,beta,8,3.828043e-19
64,8,0.000000e+00,M,ps_min,1,1.946923e+00
64,8,0.000000e+00,M,ps_min,2,6.724742e-02
64,8,0.000000e+00,M,ps_min,3,2.983918e-03
64,8,0.000000e+00,M,ps_min,4,1.384470e-04
64,8,0.000000e+00,M,ps_min,5,1.583949e-06
64,8,0.000000e+00,M,ps_min,6,1.517358e-07
64,8,0.000000e+00,M,ps_min,7,4.469285e-10
64,8,0.000000e+00,M,ps_min,8,1.674279e-15
64,8,0.000000e+00,M,rz_min,0,2.192266e+00
64,8,0.000000e+00,M,rz_min,1,8.960042e-02
64,8,0.000000e+00,M,rz_min,2,3.232727e-03
64,8,0.000000e+00,M,rz_min,3,1.839518e-04
64,8,0.000000e+00,M,rz_min,4,1.861849e-06
64,8,0.000000e+00,M,rz_min,5,1.333002e-07
64,8,0.000000e+00,M,rz_min,6,5.158686e-10
64,8,0.000000e+00,M,rz_min,7,2.204468e-15
64,8,0.000000e+00,M,rz_min,8,4.013543e-39
64,8,1.000000e+01,none,A,0,9.279469e+01
64,8,1.000000e+01,none,A,1,9.279469e+01
64,8,1.000000e+01,none,A,2,9.279469e+01
64,8,1.000000e+01,none,A,3,9.279469e+01
64,8,1.000000e+01,none,A,4,9.279469e+01
64,8,1.000000e+01,none,A,5,9.279469e+01
64,8,1.000000e+01,none,A,6,9.279469e+01
64,8,1.000000e+01,none,A,7,9.279469e+01
64,8,1.000000e+01,none,A,8,9.279469e+01
64,8,1.000000e+01,none,B,0,1.389853e+02
64,8,1.000000e+01,none,B,1,1.389853e+02
64,8,1.000000e+01,none,B,2,1.389853e+02
64,8,1.000000e+01,none,B,3,1.389853e+02
64,8,1.000000e+01,none,B,4,1.389853e+02
64,8,1.000000e+01,none,B,5,1.389853e+02
64,8,1.000000e+01,none,B,6,1.389853e+02
64,8,1.000000e+01,none,B,7,1.389853e+02
64,8,1.000000e+01,none,B,8,1.389853e+02
64,8,1.000000e+01,none,P,0,1.389853e+02
64,8,1.000000e+01,none,P,1,1.389853e+02
64,8,1.000000e+01,none,P,2,5.598093e+01
64,8,1.000000e+01,none,P,3,2.188242e+01
64,8,1.000000e+01,none,P,4,8.868147e+00
64,8,1.000000e+01,none,P,5,2.355842e+00
64,8,1.000000e+01,none,P,6,6.570718e-01
64,8,1.000000e+01,none,P,7,1.684112e-01
64,8,1.000000e+01,none,P,8,2.697578e-02
64,8,1.000000e+01,none,S,1,1.678028e+04
64,8,1.000000e+01,none,S,2,4.441678e+03
64,8,1.000000e+01,none,S,3,1.381243e+03
64,8,1.000000e+01,none,S,4,5.103355e+02
64,8,1.000000e+01,none,S,5,1.345268e+02
64,8,1.000000e+01,none,S,6,3.398788e+01
64,8,1.000000e+01,none,S,7,9.446305e+00
64,8,1.000000e+01,none,S,8,1.915849e+00
64,8,1.000000e+01,none,ps,1,1.112709e+07
64,8,1.000000e+01,none,ps,2,4.835612e+05
64,8,1.000000e+01,none,ps,3,6.059709e+04
64,8,1.000000e+01,none,ps,4,8.717948e+03
64,8,1.000000e+01,none,ps,5,8.515834e+02
64,8,1.000000e+01,none,ps,6,6.669593e+01
64,8,1.000000e+01,none,ps,7,3.909612e+00
64,8,1.000000e+01,none,ps,8,1.317784e-01
64,8,1.000000e+01,none,alpha,1,2.159528e-02
64,8,1.000000e+01,none,alpha,2,2.649475e-02
64,8,1.000000e+01,none,alpha,3,3.059765e-02
64,8,1.000000e+01,none,alpha,4,2.967130e-02
64,8,1.000000e+01,none,alpha,5,3.015352e-02
64,8,1.000000e+01,none,alpha,6,3.019379e-02
64,8,1.000000e+01,none,alpha,7,2.925673e-02
64,8,1.000000e+01,none,alpha,8,3.260346e-02
64,8,1.000000e+01,none,X,0,0.000000e+00
64,8,1.000000e+01,none,X,1,1.533698e+00
64,8,1.000000e+01,none,X,2,1.301320e+00
64,8,1.000000e+01,none,X,3,1.100536e+00
64,8,1.000000e+01,none,X,4,1.080502e+00
64,8,1.000000e+01,none,X,5,1.073982e+00
64,8,1.000000e+01,none,X,6,1.076840e+00
64,8,1.000000e+01,none,X,7,1.077896e+00
64,8,1.000000e+01,none,X,8,1.077894e+00
64,8,1.000000e+01,none,R,0,1.389853e+02
64,8,1.000000e+01,none,R,1,5.473732e+01
64,8,1.000000e+01,none,R,2,1.884535e+01
64,8,1.000000e+01,none,R,3,7.169303e+00
64,8,1.000000e+01,none,R,4,2.275443e+00
64,8,1.000000e+01,none,R,5,6.039968e-01
64,8,1.000000e+01,none,R,6,1.673119e-01
64,8,1.000000e+01,none,R,7,2.941742e-02
64,8,1.000000e+01,none,R,8,6.171192e-14
64,8,1.000000e+01,none,rz,0,1.006558e+05
64,8,1.000000e+01,none,rz,1,6.803966e+03
64,8,1.000000e+01,none,rz,2,9.404480e+02
64,8,1.000000e+01,none,rz,3,1.412357e+02
64,8,1.000000e+01,none,rz,4,1.285252e+01
64,8,1.000000e+01,none,rz,5,1.120044e+00
64,8,1.000000e+01,none,rz,6,6.376223e-02
64,8,1.000000e+01,none,rz,7,2.023427e-03
64,8,1.000000e+01,none,rz,8,1.308247e-26
64,8,1.000000e+01,none,beta,1,2.279515e-01
64,8,1.000000e+01,none,beta,2,3.929308e-01
64,8,1.000000e+01,none,beta,3,3.339455e-01
64,8,1.000000e+01,none,beta,4,3.128788e-01
64,8,1.000000e+01,none,beta,5,3.132073e-01
64,8,1.000000e+01,none,beta,6,2.162050e-01
64,8,1.000000e+01,none,beta,7,1.635351e-01
64,8,1.000000e+01,none,beta,8,1.280883e-21
64,8,1.000000e+01,none,ps_min,1,5.345235e+05
64,8,1.000000e+01,none,ps_min,2,1.900393e+04
64,8,1.000000e+01,none,ps_min,3,8.330913e+02
64,8,1.000000e+01,none,ps_min,4,2.888208e+01
64,8,1.000000e+01,none,ps_min,5,1.219550e+00
64,8,1.000000e+01,none,ps_min,6,2.389087e-02
64,8,1.000000e+01,none,ps_min,7,7.623590e-05
64,8,1.000000e+01,none,ps_min,8,1.076586e-07
64,8,1.000000e+01,none,rz_min,0,9.675894e+03
64,8,1.000000e+01,none,rz_min,1,3.139197e+02
64,8,1.000000e+01,none,rz_min,2,1.566052e+01
64,8,1.000000e+01,none,rz_min,3,5.705255e-01
64,8,1.000000e+01,none,rz_min,4,2.448852e-02
64,8,1.000000e+01,none,rz_min,5,5.073584e-04
64,8,1.000000e+01,none,rz_min,6,1.416302e-06
64,8,1.000000e+01,none,rz_min,7,2.529857e-09
64,8,1.000000e+01,none,rz_min,8,1.439198e-35
64,8,1.000000e+01,M,A,0,1.449917e+00
64,8,1.000000e+01,M,A,1,1.449917e+00
64,8,1.000000e+01,M,A,2,1.449917e+00
64,8,1.000000e+01,M,A,3,1.449917e+00
64,8,1.000000e+01,M,A,4,1.449917e+00
64,8,1.000000e+01,M,A,5,1.449917e+00
64,8,1.000000e+01,M,A,6,1.449917e+00
64,8,1.000000e+01,M,A,7,1.449917e+00
64,8,1.000000e+01,M,A,8,1.449917e+00
64,8,1.000000e+01,M,B,0,2.171645e+00
64,8,1.000000e+01,M,B,1,2.171645e+00
64,8,1.000000e+01,M,B,2,2.171645e+00
64,8,1.000000e+01,M,B,3,2.171645e+00
64,8,1.000000e+01,M,B,4,2.171645e+00
64,8,1.000000e+01,M,B,5,2.171645e+00
64,8,1.000000e+01,M,B,6,2.171645e+00
64,8,1.000000e+01,M,B,7,2.171645e+00
64,8,1.000000e+01,M,B,8,2.171645e+00
64,8,1.000000e+01,M,P,0,2.171645e+00
64,8,1.000000e+01,M,P,1,2.171645e+00
64,8,1.000000e+01,M,P,2,8.747020e-01
64,8,1.000000e+01,M,P,3,3.419129e-01
64,8,1.000000e+01,M,P,4,1.385648e-01
64,8,1.000000e+01,M,P,5,3.681003e-02
64,8,1.000000e+01,M,P,6,1.026675e-02
64,8,1.000000e+01,M,P,7,2.631426e-03
64,8,1.000000e+01,M,P,8,4.214966e-04
64,8,1.000000e+01,M,S,1,4.096748e+00
64,8,1.000000e+01,M,S,2,1.084394e+00
64,8,1.000000e+01,M,S,3,3.372176e-01
64,8,1.000000e+01,M,S,4,1.245936e-01
64,8,1.000000e+01,M,S,5,3.284345e-02
64,8,1.000000e+01,M,S,6,8.297822e-03
64,8,1.000000e+01,M,S,7,2.306227e-03
64,8,1.000000e+01,M,S,8,4.677365e-04
64,8,1.000000e+01,M,ps,1,4.244647e+01
64,8,1.000000e+01,M,ps,2,1.844640e+00
64,8,1.000000e+01,M,ps,3,2.311596e-01
64,8,1.000000e+01,M,ps,4,3.325633e-02
64,8,1.000000e+01,M,ps,5,3.248533e-03
64,8,1.000000e+01,M,ps,6,2.544248e-04
64,8,1.000000e+01,M,ps,7,1.491398e-05
64,8,1.000000e+01,M,ps,8,5.026948e-07
64,8,1.000000e+01,M,alpha,1,1.382098e+00
64,8,1.000000e+01,M,alpha,2,1.695664e+00
64,8,1.000000e+01,M,alpha,3,1.958250e+00
64,8,1.000000e+01,M,alpha,4,1.898963e+00
64,8,1.000000e+01,M,alpha,5,1.929825e+00
64,8,1.000000e+01,M,alpha,6,1.932403e+00
64,8,1.000000e+01,M,alpha,7,1.872431e+00
64,8,1.000000e+01,M,alpha,8,2.086622e+00
64,8,1.000000e+01,M,X,0,0.000000e+00
64,8,1.000000e+01,M,X,1,1.533698e+00
64,8,1.000000e+01,M,X,2,1.301320e+00
64,8,1.000000e+01,M,X,3,1.100536e+00
64,8,1.000000e+01,M,X,4,1.080502e+00
64,8,1.000000e+01,M,X,5,1.073982e+00
64,8,1.000000e+01,M,X,6,1.076840e+00
64,8,1.000000e+01,M,X,7,1.077896e+00
64,8,1.000000e+01,M,X,8,1.077894e+00
64,8,1.000000e+01,M,R,0,2.171645e+00
64,8,1.000000e+01,M,R,1,8.552707e-01
64,8,1.000000e+01,M,R,2,2.944586e-01
64,8,1.000000e+01,M,R,3,1.120204e-01
64,8,1.000000e+01,M,R,4,3.555380e-02
64,8,1.000000e+01,M,R,5,9.437451e-03
64,8,1.000000e+01,M,R,6,2.614248e-03
64,8,1.000000e+01,M,R,7,4.596472e-04
64,8,1.000000e+01,M,R,8,9.642488e-16
64,8,1.000000e+01,M,rz,0,2.457417e+01
64,8,1.000000e+01,M,rz,1,1.661124e+00
64,8,1.000000e+01,M,rz,2,2.296016e-01
64,8,1.000000e+01,M,rz,3,3.448136e-02
64,8,1.000000e+01,M,rz,4,3.137822e-03
64,8,1.000000e+01,M,rz,5,2.734482e-04
64,8,1.000000e+01,M,rz,6,1.556695e-05
64,8,1.000000e+01,M,rz,7,4.940008e-07
64,8,1.000000e+01,M,rz,8,3.193963e-30
64,8,1.000000e+01,M,beta,1,2.279515e-01
64,8,1.000000e+01,M,beta,2,3.929308e-01
64,8,1.000000e+01,M,beta,3,3.339455e-01
64,8,1.000000e+01,M,beta,4,3.128788e-01
64,8,1.000000e+01,M,beta,5,3.132073e-01
64,8,1.000000e+01,M,beta,6,2.162050e-01
64,8,1.000000e+01,M,beta,7,1.635351e-01
64,8,1.000000e+01,M,beta,8,1.280883e-21
64,8,1.000000e+01,M,ps_min,1,2.039045e+00
64,8,1.000000e+01,M,ps_min,2,7.249422e-02
64,8,1.000000e+01,M,ps_min,3,3.177991e-03
64,8,1.000000e+01,M,ps_min,4,1.101764e-04
64,8,1.000000e+01,M,ps_min,5,4.652216e-06
64,8,1.000000e+01,M,ps_min,6,9.113643e-08
64,8,1.000000e+01,M,ps_min,7,2.908169e-10
64,8,1.000000e+01,M,ps_min,8,4.106848e-13
64,8,1.000000e+01,M,rz_min,0,2.362279e+00
64,8,1.000000e+01,M,rz_min,1,7.664055e-02
64,8,1.000000e+01,M,rz_min,2,3.823369e-03
64,8,1.000000e+01,M,rz_min,3,1.392885e-04
64,8,1.000000e+01,M,rz_min,4,5.978642e-06
64,8,1.000000e+01,M,rz_min,5,1.238668e-07
64,8,1.000000e+01,M,rz_min,6,3.457769e-10
64,8,1.000000e+01,M,rz_min,7,6.176410e-13
64,8,1.000000e+01,M,rz_min,8,3.513667e-39
64,8,2.000000e+01,none,A,0,9.529295e+01
64,8,2.000000e+01,none,A,1,9.529295e+01
64,8,2.000000e+01,none,A,2,9.529295e+01
64,8,2.000000e+01,none,A,3,9.529295e+01
64,8,2.000000e+01,none,A,4,9.529295e+01
64,8,2.000000e+01,none,A,5,9.529295e+01
64,8,2.000000e+01,none,A,6,9.529295e+01
64,8,2.000000e+01,none,A,7,9.529295e+01
64,8,2.000000e+01,none,A,8,9.529295e+01
64,8,2.000000e+01,none,B,0,1.659482e+02
64,8,2.000000e+01,none,B,1,1.659482e+02
64,8,2.000000e+01,none,B,2,1.659482e+02
64,8,2.000000e+01,none,B,3,1.659482e+02
64,8,2.000000e+01,none,B,4,1.659482e+02
64,8,2.000000e+01,none,B,5,1.659482e+02
64,8,2.000000e+01,none,B,6,1.659482e+02
64,8,2.000000e+01,none,B,7,1.659482e+02
64,8,2.000000e+01,none,B,8,1.659482e+02
64,8,2.000000e+01,none,P,0,1.659482e+02
64,8,2.000000e+01,none,P,1,1.659482e+02
64,8,2.000000e+01,none,P,2,5.626252e+01
64,8,2.000000e+01,none,P,3,2.329822e+01
64,8,2.000000e+01,none,P,4,8.413988e+00
64,8,2.000000e+01,none,P,5,2.494833e+00
64,8,2.000000e+01,none,P,6,5.920407e-01
64,8,2.000000e+01,none,P,7,1.972326e-01
64,8,2.000000e+01,none,P,8,2.351288e-02
64,8,2.000000e+01,none,S,1,2.140833e+04
64,8,2.000000e+01,none,S,2,4.577706e+03
64,8,2.000000e+01,none,S,3,1.437281e+03
64,8,2.000000e+01,none,S,4,5.717500e+02
64,8,2.000000e+01,none,S,5,1.488766e+02
64,8,2.000000e+01,none,S,6,3.846055e+01
64,8,2.000000e+01,none,S,7,1.060268e+01
64,8,2.000000e+01,none,S,8,1.527206e+00
64,8,2.000000e+01,none,ps,1,1.211187e+07
64,8,2.000000e+01,none,ps,2,5.067157e+05
64,8,2.000000e+01,none,ps,3,6.318374e+04
64,8,2.000000e+01,none,ps,4,1.020441e+04
64,8,2.000000e+01,none,ps,5,6.906787e+02
64,8,2.000000e+01,none,ps,6,6.750540e+01
64,8,2.000000e+01,none,ps,7,5.320678e+00
64,8,2.000000e+01,none,ps,8,1.157762e-01
64,8,2.000000e+01,none,alpha,1,2.375550e-02
64,8,2.000000e+01,none,alpha,2,2.713251e-02
64,8,2.000000e+01,none,alpha,3,2.843497e-02
64,8,2.000000e+01,none,alpha,4,2.932942e-02
64,8,2.000000e+01,none,alpha,5,2.937903e-02
64,8,2.000000e+01,none,alpha,6,2.900284e-02
64,8,2.000000e+01,none,alpha,7,3.757267e-02
64,8,2.000000e+01,none,alpha,8,3.262589e-02
64,8,2.000000e+01,none,X,0,0.000000e+00
64,8,2.000000e+01,none,X,1,1.620530e+00
64,8,2.000000e+01,none,X,2,1.253089e+00
64,8,2.000000e+01,none,X,3,1.078614e+00
64,8,2.000000e+01,none,X,4,1.002119e+00
64,8,2.000000e+01,none,X,5,9.902443e-01
64,8,2.000000e+01,none,X,6,9.886358e-01
64,8,2.000000e+01,none,X,7,9.887557e-01
64,8,2.000000e+01,none,X,8,9.887611e-01
64,8,2.000000e+01,none,R,0,1.659482e+02
64,8,2.000000e+01,none,R,1,5.411574e+01
64,8,2.000000e+01,none,R,2,1.888774e+01
64,8,2.000000e+01,none,R,3,7.550495e+00
64,8,2.000000e+01,none,R,4,2.447086e+00
64,8,2.000000e+01,none,R,5,5.785749e-01
64,8,2.000000e+01,none,R,6,1.802039e-01
64,8,2.000000e+01,none,R,7,2.531095e-02
64,8,2.000000e+01,none,R,8,4.068089e-14
64,8,2.000000e+01,none,rz,0,1.030573e+05
64,8,2.000000e+01,none,rz,1,6.645390e+03
64,8,2.000000e+01,none,rz,2,1.102658e+03
64,8,2.000000e+01,none,rz,3,1.424186e+02
64,8,2.000000e+01,none,rz,4,1.299542e+01
64,8,2.000000e+01,none,rz,5,1.086862e+00
64,8,2.000000e+01,none,rz,6,9.491670e-02
64,8,2.000000e+01,none,rz,7,1.883254e-03
64,8,2.000000e+01,none,rz,8,5.028288e-27
64,8,2.000000e+01,none,beta,1,2.277611e-01
64,8,2.000000e+01,none,beta,2,2.862154e-01
64,8,2.000000e+01,none,beta,3,3.239911e-01
64,8,2.000000e+01,none,beta,4,2.940301e-01
64,8,2.000000e+01,none,beta,5,2.984984e-01
64,8,2.000000e+01,none,beta,6,3.164980e-01
64,8,2.000000e+01,none,beta,7,1.959996e-01
64,8,2.000000e+01,none,beta,8,8.148086e-22
64,8,2.000000e+01,none,ps_min,1,3.463619e+05
64,8,2.000000e+01,none,ps_min,2,1.901120e+04
64,8,2.000000e+01,none,ps_min,3,8.260910e+02
64,8,2.000000e+01,none,ps_min,4,3.107664e+01
64,8,2.000000e+01,none,ps_min,5,1.324204e+00
64,8,2.000000e+01,none,ps_min,6,3.103803e-02
64,8,2.000000e+01,none,ps_min,7,7.737068e-05
64,8,2.000000e+01,none,ps_min,8,7.486787e-08
64,8,2.000000e+01,none,rz_min,0,7.707169e+03
64,8,2.000000e+01,none,rz_min,1,3.237562e+02
64,8,2.000000e+01,none,rz_min,2,1.254083e+01
64,8,2.000000e+01,none,rz_min,3,5.427483e-01
64,8,2.000000e+01,none,rz_min,4,1.922661e-02
64,8,2.000000e+01,none,rz_min,5,5.992025e-04
64,8,2.000000e+01,none,rz_min,6,1.102338e-06
64,8,2.000000e+01,none,rz_min,7,1.638496e-09
64,8,2.000000e+01,none,rz_min,8,1.519639e-35
64,8,2.000000e+01,M,A,0,1.488952e+00
64,8,2.000000e+01,M,A,1,1.488952e+00
64,8,2.000000e+01,M,A,2,1.488952e+00
64,8,2.000000e+01,M,A,3,1.488952e+00
64,8,2.000000e+01,M,A,4,1.488952e+00
64,8,2.000000e+01,M,A,5,1.488952e+00
64,8,2.000000e+01,M,A,6,1.488952e+00
64,8,2.000000e+01,M,A,7,1.488952e+00
64,8,2.000000e+01,M,A,8,1.488952e+00
64,8,2.000000e+01,M,B,0,2.592941e+00
64,8,2.000000e+01,M,B,1,2.592941e+00
64,8,2.000000e+01,M,B,2,2.592941e+00
64,8,2.000000e+01,M,B,3,2.592941e+00
64,8,2.000000e+01,M,B,4,2.592941e+00
64,8,2.000000e+01,M,B,5,2.592941e+00
64,8,2.000000e+01,M,B,6,2.592941e+00
64,8,2.000000e+01,M,B,7,2.592941e+00
64,8,2.000000e+01,M,B,8,2.592941e+00
64,8,2.000000e+01,M,P,0,2.592941e+00
64,8,2.000000e+01,M,P,1,2.592941e+00
64,8,2.000000e+01,M,P,2,8.791018e-01
64,8,2.000000e+01,M,P,3,3.640347e-01
64,8,2.000000e+01,M,P,4,1.314686e-01
64,8,2.000000e+01,M,P,5,3.898177e-02
64,8,2.000000e+01,M,P,6,9.250636e-03
64,8,2.000000e+01,M,P,7,3.081760e-03
64,8,2.000000e+01,M,P,8,3.673888e-04
64,8,2.000000e+01,M,S,1,5.226644e+00
64,8,2.000000e+01,M,S,2,1.117604e+00
64,8,2.000000e+01,M,S,3,3.508987e-01
64,8,2.000000e+01,M,S,4,1.395874e-01
64,8,2.000000e+01,M,S,5,3.634681e-02
64,8,2.000000e+01,M,S,6,9.389782e-03
64,8,2.000000e+01,M,S,7,2.588545e-03
64,8,2.000000e+01,M,S,8,3.728531e-04
64,8,2.000000e+01,M,ps,1,4.620310e+01
64,8,2.000000e+01,M,ps,2,1.932967e+00
64,8,2.000000e+01,M,ps,3,2.410268e-01
64,8,2.000000e+01,M,ps,4,3.892673e-02
64,8,2.000000e+01,M,ps,5,2.634730e-03
64,8,2.000000e+01,M,ps,6,2.575127e-04
64,8,2.000000e+01,M,ps,7,2.029678e-05
64,8,2.000000e+01,M,ps,8,4.416512e-07
64,8,2.000000e+01,M,alpha,1,1.520352e+00
64,8,2.000000e+01,M,alpha,2,1.736480e+00
64,8,2.000000e+01,M,alpha,3,1.819838e+00
64,8,2.000000e+01,M,alpha,4,1.877083e+00
64,8,2.000000e+01,M,alpha,5,1.880258e+00
64,8,2.000000e+01,M,alpha,6,1.856182e+00
64,8,2.000000e+01,M,alpha,7,2.404651e+00
64,8,2.000000e+01,M,alpha,8,2.088057e+00
64,8,2.000000e+01,M,X,0,0.000000e+00
64,8,2.000000e+01,M,X,1,1.620530e+00
64,8,2.000000e+01,M,X,2,1.253089e+00
64,8,2.000000e+01,M,X,3,1.078614e+00
64,8,2.000000e+01,M,X,4,1.002119e+00
64,8,2.000000e+01,M,X,5,9.902443e-01
64,8,2.000000e+01,M,X,6,9.886358e-01
64,8,2.000000e+01,M,X,7,9.887557e-01
64,8,2.000000e+01,M,X,8,9.887611e-01
64,8,2.000000e+01,M,R,0,2.592941e+00
64,8,2.000000e+01,M,R,1,8.455584e-01
64,8,2.000000e+01,M,R,2,2.951210e-01
64,8,2.000000e+01,M,R,3,1.179765e-01
64,8,2.000000e+01,M,R,4,3.823572e-02
64,8,2.000000e+01,M,R,5,9.040233e-03
64,8,2.000000e+01,M,R,6,2.815687e-03
64,8,2.000000e+01,M,R,7,3.954837e-04
64,8,2.000000e+01,M,R,8,6.356389e-16
64,8,2.000000e+01,M,rz,0,2.516048e+01
64,8,2.000000e+01,M,rz,1,1.622410e+00
64,8,2.000000e+01,M,rz,2,2.692035e-01
64,8,2.000000e+01,M,rz,3,3.477017e-02
64,8,2.000000e+01,M,rz,4,3.172711e-03
64,8,2.000000e+01,M,rz,5,2.653472e-04
64,8,2.000000e+01,M,rz,6,2.317302e-05
64,8,2.000000e+01,M,rz,7,4.597788e-07
64,8,2.000000e+01,M,rz,8,1.227609e-30
64,8,2.000000e+01,M,beta,1,2.277611e-01
64,8,2.000000e+01,M,beta,2,2.862154e-01
64,8,2.000000e+01,M,beta,3,3.239911e-01
64,8,2.000000e+01,M,beta,4,2.940301e-01
64,8,2.000000e+01,M,beta,5,2.984984e-01
64,8,2.000000e+01,M,beta,6,3.164980e-01
64,8,2.000000e+01,M,beta,7,1.959996e-01
64,8,2.000000e+01,M,beta,8,8.148086e-22
64,8,2.000000e+01,M,ps_min,1,1.321266e+00
64,8,2.000000e+01,M,ps_min,2,7.252198e-02
64,8,2.000000e+01,M,ps_min,3,3.151287e-03
64,8,2.000000e+01,M,ps_min,4,1.185480e-04
64,8,2.000000e+01,M,ps_min,5,5.051438e-06
64,8,2.000000e+01,M,ps_min,6,1.184007e-07
64,8,2.000000e+01,M,ps_min,7,2.951457e-10
64,8,2.000000e+01,M,ps_min,8,2.855983e-13
64,8,2.000000e+01,M,rz_min,0,1.881633e+00
64,8,2.000000e+01,M,rz_min,1,7.904204e-02
64,8,2.000000e+01,M,rz_min,2,3.061727e-03
64,8,2.000000e+01,M,rz_min,3,1.325069e-04
64,8,2.000000e+01,M,rz_min,4,4.693996e-06
64,8,2.000000e+01,M,rz_min,5,1.462897e-07
64,8,2.000000e+01,M,rz_min,6,2.691256e-10
64,8,2.000000e+01,M,rz_min,7,4.000235e-13
64,8,2.000000e+01,M,rz_min,8,3.710055e-39
64,16,-1.000000e+01,none,A,0,1.093181e+02
64,16,-1.000000e+01,none,A,1,1.093181e+02
64,16,-1.000000e+01,none,A,2,1.093181e+02
64,16,-1.000000e+01,none,A,3,1.093181e+02
64,16,-1.000000e+01,none,A,4,1.093181e+02
64,16,-1.000000e+01,none,A,5,1.093181e+02
64,16,-1.000000e+01,none,A,6,1.093181e+02
64,16,-1.000000e+01,none,A,7,1.093181e+02
64,16,-1.000000e+01,none,A,8,1.093181e+02
64,16,-1.000000e+01,none,A,9,1.093181e+02
64,16,-1.000000e+01,none,A,10,1.093181e+02
64,16,-1.000000e+01,none,A,11,1.093181e+02
64,16,-1.000000e+01,none,A,12,1.093181e+02
64,16,-1.000000e+01,none,A,13,1.093181e+02
64,16,-1.000000e+01,none,A,14,1.093181e+02
64,16,-1.000000e+01,none,A,15,1.093181e+02
64,16,-1.000000e+01,none,A,16,1.093181e+02
64,16,-1.000000e+01,none,B,0,2.007363e+02
64,16,-1.000000e+01,none,B,1,2.007363e+02
64,16,-1.000000e+01,none,B,2,2.007363e+02
64,16,-1.000000e+01,none,B,3,2.007363e+02
64,16,-1.000000e+01,none,B,4,2.007363e+02
64,16,-1.000000e+01,none,B,5,2.007363e+02
64,16,-1.000000e+01,none,B,6,2.007363e+02
64,16,-1.000000e+01,none,B,7,2.007363e+02
64,16,-1.000000e+01,none,B,8,2.007363e+02
64,16,-1.000000e+01,none,B,9,2.007363e+02
64,16,-1.000000e+01,none,B,10,2.007363e+02
64,16,-1.000000e+01,none,B,11,2.007363e+02
64,16,-1.000000e+01,none,B,12,2.007363e+02
64,16,-1.000000e+01,none,B,13,2.007363e+02
64,16,-1.000000e+01,none,B,14,2.007363e+02
64,16,-1.000000e+01,none,B,15,2.007363e+02
64,16,-1.000000e+01,none,B,16,2.007363e+02
64,16,-1.000000e+01,none,P,0,2.007363e+02
64,16,-1.000000e+01,none,P,1,2.007363e+02
64,16,-1.000000e+01,none,P,2,8.939449e+01
64,16,-1.000000e+01,none,P,3,3.125479e+01
64,16,-1.000000e+01,none,P,4,1.364050e+01
64,16,-1.000000e+01,none,P,5,5.144130e+00
64,16,-1.000000e+01,none,P,6,2.145059e+00
64,16,-1.000000e+01,none,P,7,7.657263e-01
64,16,-1.000000e+01,none,P,8,2.750444e-01
64,16,-1.000000e+01,none,P,9,1.131105e-01
64,16,-1.000000e+01,none,P,10,2.737751e-02
64,16,-1.000000e+01,none,P,11,8.493617e-03
64,16,-1.000000e+01,none,P,12,2.997442e-03
64,16,-1.000000e+01,none,P,13,7.269757e-04
64,16,-1.000000e+01,none,P,14,1.668766e-04
64,16,-1.000000e+01,none,P,15,2.477730e-05
64,16,-1.000000e+01,none,P,16,4.738825e-06
64,16,-1.000000e+01,none,S,1,2.903512e+04
64,16,-1.000000e+01,none,S,2,8.864074e+03
64,16,-1.000000e+01,none,S,3,2.452531e+03
64,16,-1.000000e+01,none,S,4,9.725525e+02
64,16,-1.000000e+01,none,S,5,3.867902e+02
64,16,-1.000000e+01,none,S,6,1.505562e+02
64,16,-1.000000e+01,none,S,7,5.788271e+01
64,16,-1.000000e+01,none,S,8,1.711199e+01
64,16,-1.000000e+01,none,S,9,6.983007e+00
64,16,-1.000000e+01,none,S,10,1.786238e+00
64,16,-1.000000e+01,none,S,11,6.716782e-01
64,16,-1.000000e+01,none,S,12,1.679331e-01
64,16,-1.000000e+01,none,S,13,4.065718e-02
64,16,-1.000000e+01,none,S,14,8.905414e-03
64,16,-1.000000e+01,none,S,15,1.362833e-03
64,16,-1.000000e+01,none,S,16,2.441300e-04
64,16,-1.000000e+01,none,ps,1,2.990113e+07
64,16,-1.000000e+01,none,ps,2,1.775318e+06
64,16,-1.000000e+01,none,ps,3,2.515493e+05
64,16,-1.000000e+01,none,ps,4,3.815050e+04
64,16,-1.000000e+01,none,ps,5,6.996641e+03
64,16,-1.000000e+01,none,ps,6,1.398233e+03
64,16,-1.000000e+01,none,ps,7,1.684143e+02
64,16,-1.000000e+01,none,ps,8,1.716433e+01
64,16,-1.000000e+01,none,ps,9,2.608890e+00
64,16,-1.000000e+01,none,ps,10,1.847297e-01
64,16,-1.000000e+01,none,ps,11,2.025055e-02
64,16,-1.000000e+01,none,ps,12,1.341679e-03
64,16,-1.000000e+01,none,ps,13,1.024672e-04
64,16,-1.000000e+01,none,ps,14,6.030737e-06
64,16,-1.000000e+01,none,ps,15,1.643334e-07
64,16,-1.000000e+01,none,ps,16,5.898297e-09
64,16,-1.000000e+01,none,alpha,1,1.510640e-02
64,16,-1.000000e+01,none,alpha,2,1.880530e-02
64,16,-1.000000e+01,none,alpha,3,2.079203e-02
64,16,-1.000000e+01,none,alpha,4,2.150968e-02
64,16,-1.000000e+01,none,alpha,5,2.107192e-02
64,16,-1.000000e+01,none,alpha,6,2.217533e-02
64,16,-1.000000e+01,none,alpha,7,2.235591e-02
64,16,-1.000000e+01,none,alpha,8,2.291248e-02
64,16,-1.000000e+01,none,alpha,9,2.353240e-02
64,16,-1.000000e+01,none,alpha,10,2.325185e-02
64,16,-1.000000e+01,none,alpha,11,2.429067e-02
64,16,-1.000000e+01,none,alpha,12,2.486096e-02
64,16,-1.000000e+01,none,alpha,13,2.581801e-02
64,16,-1.000000e+01,none,alpha,14,2.647025e-02
64,16,-1.000000e+01,none,alpha,15,2.628305e-02
64,16,-1.000000e+01,none,alpha,16,2.836162e-02
64,16,-1.000000e+01,none,X,0,0.000000e+00
64,16,-1.000000e+01,none,X,1,1.805753e+00
64,16,-1.000000e+01,none,X,2,1.905038e+00
64,16,-1.000000e+01,none,X,3,1.917046e+00
64,16,-1.000000e+01,none,X,4,2.008203e+00
64,16,-1.000000e+01,none,X,5,2.012781e+00
64,16,-1.000000e+01,none,X,6,2.011329e+00
64,16,-1.000000e+01,none,X,7,2.009582e+00
64,16,-1.000000e+01,none,X,8,2.009116e+00
64,16,-1.000000e+01,none,X,9,2.009353e+00
64,16,-1.000000e+01,none,X,10,2.009321e+00
64,16,-1.000000e+01,none,X,11,2.009328e+00
64,16,-1.000000e+01,none,X,12,2.009321e+00
64,16,-1.000000e+01,none,X,13,2.009318e+00
64,16,-1.000000e+01,none,X,14,2.009318e+00
64,16,-1.000000e+01,none,X,15,2.009318e+00
64,16,-1.000000e+01,none,X,16,2.009318e+00
64,16,-1.000000e+01,none,R,0,2.007363e+02
64,16,-1.000000e+01,none,R,1,8.814309e+01
64,16,-1.000000e+01,none,R,2,2.806826e+01
64,16,-1.000000e+01,none,R,3,1.380876e+01
64,16,-1.000000e+01,none,R,4,4.945987e+00
64,16,-1.000000e+01,none,R,5,2.098565e+00
64,16,-1.000000e+01,none,R,6,6.564066e-01
64,16,-1.000000e+01,none,R,7,2.509345e-01
64,16,-1.000000e+01,none,R,8,9.386217e-02
64,16,-1.000000e+01,none,R,9,2.532314e-02
64,16,-1.000000e+01,none,R,10,8.207878e-03
64,16,-1.000000e+01,none,R,11,3.046465e-03
64,16,-1.000000e+01,none,R,12,6.083264e-04
64,16,-1.000000e+01,none,R,13,1.607650e-04
64,16,-1.000000e+01,none,R,14,2.418117e-05
64,16,-1.000000e+01,none,R,15,4.401403e-06
64,16,-1.000000e+01,none,R,16,2.852915e-12
64,16,-1.000000e+01,none,rz,0,2.323584e+05
64,16,-1.000000e+01,none,rz,1,1.805171e+04
64,16,-1.000000e+01,none,rz,2,3.141537e+03
64,16,-1.000000e+01,none,rz,3,5.463506e+02
64,16,-1.000000e+01,none,rz,4,1.003613e+02
64,16,-1.000000e+01,none,rz,5,1.696035e+01
64,16,-1.000000e+01,none,rz,6,2.385278e+00
64,16,-1.000000e+01,none,rz,7,3.041679e-01
64,16,-1.000000e+01,none,rz,8,3.856849e-02
64,16,-1.000000e+01,none,rz,9,2.528618e-03
64,16,-1.000000e+01,none,rz,10,3.095888e-04
64,16,-1.000000e+01,none,rz,11,2.426477e-05
64,16,-1.000000e+01,none,rz,12,1.579761e-06
64,16,-1.000000e+01,none,rz,13,1.010799e-07
64,16,-1.000000e+01,none,rz,14,2.968650e-09
64,16,-1.000000e+01,none,rz,15,1.138717e-10
64,16,-1.000000e+01,none,rz,16,6.356006e-23
64,16,-1.000000e+01,none,beta,1,2.085975e-01
64,16,-1.000000e+01,none,beta,2,3.270068e-01
64,16,-1.000000e+01,none,beta,3,4.158726e-01
64,16,-1.000000e+01,none,beta,4,3.439676e-01
64,16,-1.000000e+01,none,beta,5,3.666712e-01
64,16,-1.000000e+01,none,beta,6,3.235405e-01
64,16,-1.000000e+01,none,beta,7,3.718854e-01
64,16,-1.000000e+01,none,beta,8,2.893241e-01
64,16,-1.000000e+01,none,beta,9,2.909211e-01
64,16,-1.000000e+01,none,beta,10,2.518541e-01
64,16,-1.000000e+01,none,beta,11,2.699128e-01
64,16,-1.000000e+01,none,beta,12,1.877847e-01
64,16,-1.000000e+01,none,beta,13,1.844081e-01
64,16,-1.000000e+01,none,beta,14,1.390621e-01
64,16,-1.000000e+01,none,beta,15,1.050319e-01
64,16,-1.000000e+01,none,beta,16,5.622995e-10
64,16,-1.000000e+01,none,ps_min,1,1.976973e+06
64,16,-1.000000e+01,none,ps_min,2,1.596809e+05
64,16,-1.000000e+01,none,ps_min,3,9.700173e+03
64,16,-1.000000e+01,none,ps_min,4,1.568034e+03
64,16,-1.000000e+01,none,ps_min,5,1.186542e+02
64,16,-1.000000e+01,none,ps_min,6,7.358300e+00
64,16,-1.000000e+01,none,ps_min,7,9.484124e-01
64,16,-1.000000e+01,none,ps_min,8,8.965599e-02
64,16,-1.000000e+01,none,ps_min,9,5.225379e-03
64,16,-1.000000e+01,none,ps_min,10,4.395640e-04
64,16,-1.000000e+01,none,ps_min,11,2.615360e-05
64,16,-1.000000e+01,none,ps_min,12,7.640506e-07
64,16,-1.000000e+01,none,ps_min,13,2.974561e-08
64,16,-1.000000e+01,none,ps_min,14,6.115153e-10
64,16,-1.000000e+01,none,ps_min,15,4.351592e-12
64,16,-1.000000e+01,none,ps_min,16,4.284707e-17
64,16,-1.000000e+01,none,rz_min,0,2.914930e+04
64,16,-1.000000e+01,none,rz_min,1,2.300322e+03
64,16,-1.000000e+01,none,rz_min,2,1.379004e+02
64,16,-1.000000e+01,none,rz_min,3,2.412613e+01
64,16,-1.000000e+01,none,rz_min,4,1.802804e+00
64,16,-1.000000e+01,none,rz_min,5,1.107521e-01
64,16,-1.000000e+01,none,rz_min,6,1.575330e-02
64,16,-1.000000e+01,none,rz_min,7,1.380780e-03
64,16,-1.000000e+01,none,rz_min,8,8.836878e-05
64,16,-1.000000e+01,none,rz_min,9,7.346307e-06
64,16,-1.000000e+01,none,rz_min,10,3.623183e-07
64,16,-1.000000e+01,none,rz_min,11,1.188958e-08
64,16,-1.000000e+01,none,rz_min,12,4.565562e-10
64,16,-1.000000e+01,none,rz_min,13,1.047870e-11
64,16,-1.000000e+01,none,rz_min,14,9.536396e-14
64,16,-1.000000e+01,none,rz_min,15,8.152411e-19
64,16,-1.000000e+01,none,rz_min,16,1.850282e-36
64,16,-1.000000e+01,M,A,0,1.708096e+00
64,16,-1.000000e+01,M,A,1,1.708096e+00
64,16,-1.000000e+01,M,A,2,1.708096e+00
64,16,-1.000000e+01,M,A,3,1.708096e+00
64,16,-1.000000e+01,M,A,4,1.708096e+00
64,16,-1.000000e+01,M,A,5,1.708096e+00
64,16,-1.000000e+01,M,A,6,1.708096e+00
64,16,-1.000000e+01,M,A,7,1.708096e+00
64,16,-1.000000e+01,M,A,8,1.708096e+00
64,16,-1.000000e+01,M,A,9,1.708096e+00
64,16,-1.000000e+01,M,A,10,1.708096e+00
64,16,-1.000000e+01,M,A,11,1.708096e+00
64,16,-1.000000e+01,M,A,12,1.708096e+00
64,16,-1.000000e+01,M,A,13,1.708096e+00
64,16,-1.000000e+01,M,A,14,1.708096e+00
64,16,-1.000000e+01,M,A,15,1.708096e+00
64,16,-1.000000e+01,M,A,16,1.708096e+00
64,16,-1.000000e+01,M,B,0,3.136504e+00
64,16,-1.000000e+01,M,B,1,3.136504e+00
64,16,-1.000000e+01,M,B,2,3.136504e+00
64,16,-1.000000e+01,M,B,3,3.136504e+00
64,16,-1.000000e+01,M,B,4,3.136504e+00
64,16,-1.000000e+01,M,B,5,3.136504e+00
64,16,-1.000000e+01,M,B,6,3.136504e+00
64,16,-1.000000e+01,M,B,7,3.136504e+00
64,16,-1.000000e+01,M,B,8,3.136504e+00
64,16,-1.000000e+01,M,B,9,3.136504e+00
64,16,-1.000000e+01,M,B,10,3.136504e+00
64,16,-1.000000e+01,M,B,11,3.136504e+00
64,16,-1.000000e+01,M,B,12,3.136504e+00
64,16,-1.000000e+01,M,B,13,3.136504e+00
64,16,-1.000000e+01,M,B,14,3.136504e+00
64,16,-1.000000e+01,M,B,15,3.136504e+00
64,16,-1.000000e+01,M,B,16,3.136504e+00
64,16,-1.000000e+01,M,P,0,3.136504e+00
64,16,-1.000000e+01,M,P,1,3.136504e+00
64,16,-1.000000e+01,M,P,2,1.396789e+00
64,16,-1.000000e+01,M,P,3,4.883561e-01
64,16,-1.000000e+01,M,P,4,2.131328e-01
64,16,-1.000000e+01,M,P,5,8.037704e-02
64,16,-1.000000e+01,M,P,6,3.351655e-02
64,16,-1.000000e+01,M,P,7,1.196447e-02
64,16,-1.000000e+01,M,P,8,4.297569e-03
64,16,-1.000000e+01,M,P,9,1.767351e-03
64,16,-1.000000e+01,M,P,10,4.277735e-04
64,16,-1.000000e+01,M,P,11,1.327128e-04
64,16,-1.000000e+01,M,P,12,4.683504e-05
64,16,-1.000000e+01,M,P,13,1.135900e-05
64,16,-1.000000e+01,M,P,14,2.607446e-06
64,16,-1.000000e+01,M,P,15,3.871453e-07
64,16,-1.000000e+01,M,P,16,7.404414e-08
64,16,-1.000000e+01,M,S,1,7.088652e+00
64,16,-1.000000e+01,M,S,2,2.164081e+00
64,16,-1.000000e+01,M,S,3,5.987625e-01
64,16,-1.000000e+01,M,S,4,2.374396e-01
64,16,-1.000000e+01,M,S,5,9.443120e-02
64,16,-1.000000e+01,M,S,6,3.675689e-02
64,16,-1.000000e+01,M,S,7,1.413152e-02
64,16,-1.000000e+01,M,S,8,4.177731e-03
64,16,-1.000000e+01,M,S,9,1.704836e-03
64,16,-1.000000e+01,M,S,10,4.360931e-04
64,16,-1.000000e+01,M,S,11,1.639839e-04
64,16,-1.000000e+01,M,S,12,4.099929e-05
64,16,-1.000000e+01,M,S,13,9.926070e-06
64,16,-1.000000e+01,M,S,14,2.174173e-06
64,16,-1.000000e+01,M,S,15,3.327228e-07
64,16,-1.000000e+01,M,S,16,5.960205e-08
64,16,-1.000000e+01,M,ps,1,1.140638e+02
64,16,-1.000000e+01,M,ps,2,6.772302e+00
64,16,-1.000000e+01,M,ps,3,9.595846e-01
64,16,-1.000000e+01,M,ps,4,1.455326e-01
64,16,-1.000000e+01,M,ps,5,2.669007e-02
64,16,-1.000000e+01,M,ps,6,5.333837e-03
64,16,-1.000000e+01,M,ps,7,6.424497e-04
64,16,-1.000000e+01,M,ps,8,6.547673e-05
64,16,-1.000000e+01,M,ps,9,9.952124e-06
64,16,-1.000000e+01,M,ps,10,7.046878e-07
64,16,-1.000000e+01,M,ps,11,7.724973e-08
64,16,-1.000000e+01,M,ps,12,5.118100e-09
64,16,-1.000000e+01,M,ps,13,3.908814e-10
64,16,-1.000000e+01,M,ps,14,2.300544e-11
64,16,-1.000000e+01,M,ps,15,6.268823e-13
64,16,-1.000000e+01,M,ps,16,2.250022e-14
64,16,-1.000000e+01,M,alpha,1,9.668099e-01
64,16,-1.000000e+01,M,alpha,2,1.203539e+00
64,16,-1.000000e+01,M,alpha,3,1.330690e+00
64,16,-1.000000e+01,M,alpha,4,1.376619e+00
64,16,-1.000000e+01,M,alpha,5,1.348603e+00
64,16,-1.000000e+01,M,alpha,6,1.419221e+00
64,16,-1.000000e+01,M,alpha,7,1.430778e+00
64,16,-1.000000e+01,M,alpha,8,1.466399e+00
64,16,-1.000000e+01,M,alpha,9,1.506074e+00
64,16,-1.000000e+01,M,alpha,10,1.488118e+00
64,16,-1.000000e+01,M,alpha,11,1.554603e+00
64,16,-1.000000e+01,M,alpha,12,1.591101e+00
64,16,-1.000000e+01,M,alpha,13,1.652353e+00
64,16,-1.000000e+01,M,alpha,14,1.694096e+00
64,16,-1.000000e+01,M,alpha,15,1.682115e+00
64,16,-1.000000e+01,M,alpha,16,1.815144e+00
64,16,-1.000000e+01,M,X,0,0.000000e+00
64,16,-1.000000e+01,M,X,1,1.805753e+00
64,16,-1.000000e+01,M,X,2,1.905038e+00
64,16,-1.000000e+01,M,X,3,1.917046e+00
64,16,-1.000000e+01,M,X,4,2.008203e+00
64,16,-1.000000e+01,M,X,5,2.012781e+00
64,16,-1.000000e+01,M,X,6,2.011329e+00
64,16,-1.000000e+01,M,X,7,2.009582e+00
64,16,-1.000000e+01,M,X,8,2.009116e+00
64,16,-1.000000e+01,M,X,9,2.009353e+00
64,16,-1.000000e+01,M,X,10,2.009321e+00
64,16,-1.000000e+01,M,X,11,2.009328e+00
64,16,-1.000000e+01,M,X,12,2.009321e+00
64,16,-1.000000e+01,M,X,13,2.009318e+00
64,16,-1.000000e+01,M,X,14,2.009318e+00
64,16,-1.000000e+01,M,X,15,2.009318e+00
64,16,-1.000000e+01,M,X,16,2.009318e+00
64,16,-1.000000e+01,M,R,0,3.136504e+00
64,16,-1.000000e+01,M,R,1,1.377236e+00
64,16,-1.000000e+01,M,R,2,4.385665e-01
64,16,-1.000000e+01,M,R,3,2.157618e-01
64,16,-1.000000e+01,M,R,4,7.728104e-02
64,16,-1.000000e+01,M,R,5,3.279008e-02
64,16,-1.000000e+01,M,R,6,1.025635e-02
64,16,-1.000000e+01,M,R,7,3.920851e-03
64,16,-1.000000e+01,M,R,8,1.466596e-03
64,16,-1.000000e+01,M,R,9,3.956740e-04
64,16,-1.000000e+01,M,R,10,1.282481e-04
64,16,-1.000000e+01,M,R,11,4.760102e-05
64,16,-1.000000e+01,M,R,12,9.505100e-06
64,16,-1.000000e+01,M,R,13,2.511952e-06
64,16,-1.000000e+01,M,R,14,3.778308e-07
64,16,-1.000000e+01,M,R,15,6.877193e-08
64,16,-1.000000e+01,M,R,16,4.457680e-14
64,16,-1.000000e+01,M,rz,0,5.672813e+01
64,16,-1.000000e+01,M,rz,1,4.407156e+00
64,16,-1.000000e+01,M,rz,2,7.669768e-01
64,16,-1.000000e+01,M,rz,3,1.333864e-01
64,16,-1.000000e+01,M,rz,4,2.450228e-02
64,16,-1.000000e+01,M,rz,5,4.140712e-03
64,16,-1.000000e+01,M,rz,6,5.823433e-04
64,16,-1.000000e+01,M,rz,7,7.425973e-05
64,16,-1.000000e+01,M,rz,8,9.416134e-06
64,16,-1.000000e+01,M,rz,9,6.173384e-07
64,16,-1.000000e+01,M,rz,10,7.558319e-08
64,16,-1.000000e+01,M,rz,11,5.924016e-09
64,16,-1.000000e+01,M,rz,12,3.856837e-10
64,16,-1.000000e+01,M,rz,13,2.467771e-11
64,16,-1.000000e+01,M,rz,14,7.247681e-13
64,16,-1.000000e+01,M,rz,15,2.780071e-14
64,16,-1.000000e+01,M,rz,16,1.551759e-26
64,16,-1.000000e+01,M,beta,1,2.085975e-01
64,16,-1.000000e+01,M,beta,2,3.270068e-01
64,16,-1.000000e+01,M,beta,3,4.158726e-01
64,16,-1.000000e+01,M,beta,4,3.439676e-01
64,16,-1.000000e+01,M,beta,5,3.666712e-01
64,16,-1.000000e+01,M,beta,6,3.235405e-01
64,16,-1.000000e+01,M,beta,7,3.718854e-01
64,16,-1.000000e+01,M,beta,8,2.893241e-01
64,16,-1.000000e+01,M,beta,9,2.909211e-01
64,16,-1.000000e+01,M,beta,10,2.518541e-01
64,16,-1.000000e+01,M,beta,11,2.699128e-01
64,16,-1.000000e+01,M,beta,12,1.877847e-01
64,16,-1.000000e+01,M,beta,13,1.844081e-01
64,16,-1.000000e+01,M,beta,14,1.390621e-01
64,16,-1.000000e+01,M,beta,15,1.050319e-01
64,16,-1.000000e+01,M,beta,16,5.622995e-10
64,16,-1.000000e+01,M,ps_min,1,7.541553e+00
64,16,-1.000000e+01,M,ps_min,2,6.091344e-01
64,16,-1.000000e+01,M,ps_min,3,3.700322e-02
64,16,-1.000000e+01,M,ps_min,4,5.981576e-03
64,16,-1.000000e+01,M,ps_min,5,4.526298e-04
64,16,-1.000000e+01,M,ps_min,6,2.806969e-05
64,16,-1.000000e+01,M,ps_min,7,3.617906e-06
64,16,-1.000000e+01,M,ps_min,8,3.420105e-07
64,16,-1.000000e+01,M,ps_min,9,1.993324e-08
64,16,-1.000000e+01,M,ps_min,10,1.676804e-09
64,16,-1.000000e+01,M,ps_min,11,9.976808e-11
64,16,-1.000000e+01,M,ps_min,12,2.914622e-12
64,16,-1.000000e+01,M,ps_min,13,1.134705e-13
64,16,-1.000000e+01,M,ps_min,14,2.332746e-15
64,16,-1.000000e+01,M,ps_min,15,1.660001e-17
64,16,-1.000000e+01,M,ps_min,16,1.634486e-22
64,16,-1.000000e+01,M,rz_min,0,7.116528e+00
64,16,-1.000000e+01,M,rz_min,1,5.616020e-01
64,16,-1.000000e+01,M,rz_min,2,3.366709e-02
64,16,-1.000000e+01,M,rz_min,3,5.890170e-03
64,16,-1.000000e+01,M,rz_min,4,4.401377e-04
64,16,-1.000000e+01,M,rz_min,5,2.703909e-05
64,16,-1.000000e+01,M,rz_min,6,3.846019e-06
64,16,-1.000000e+01,M,rz_min,7,3.371044e-07
64,16,-1.000000e+01,M,rz_min,8,2.157441e-08
64,16,-1.000000e+01,M,rz_min,9,1.793532e-09
64,16,-1.000000e+01,M,rz_min,10,8.845661e-11
64,16,-1.000000e+01,M,rz_min,11,2.902729e-12
64,16,-1.000000e+01,M,rz_min,12,1.114639e-13
64,16,-1.000000e+01,M,rz_min,13,2.558276e-15
64,16,-1.000000e+01,M,rz_min,14,2.328222e-17
64,16,-1.000000e+01,M,rz_min,15,1.990335e-22
64,16,-1.000000e+01,M,rz_min,16,4.517291e-40
64,16,0.000000e+00,none,A,0,9.713499e+01
64,16,0.000000e+00,none,A,1,9.713499e+01
64,16,0.000000e+00,none,A,2,9.713499e+01
64,16,0.000000e+00,none,A,3,9.713499e+01
64,16,0.000000e+00,none,A,4,9.713499e+01
64,16,0.000000e+00,none,A,5,9.713499e+01
64,16,0.000000e+00,none,A,6,9.713499e+01
64,16,0.000000e+00,none,A,7,9.713499e+01
64,16,0.000000e+00,none,A,8,9.713499e+01
64,16,0.000000e+00,none,A,9,9.713499e+01
64,16,0.000000e+00,none,A,10,9.713499e+01
64,16,0.000000e+00,none,A,11,9.713499e+01
64,16,0.000000e+00,none,A,12,9.713499e+01
64,16,0.000000e+00,none,A,13,9.713499e+01
64,16,0.000000e+00,none,A,14,9.713499e+01
64,16,0.000000e+00,none,A,15,9.713499e+01
64,16,0.000000e+00,none,A,16,9.713499e+01
64,16,0.000000e+00,none,B,0,1.761950e+02
64,16,0.000000e+00,none,B,1,1.761950e+02
64,16,0.000000e+00,none,B,2,1.761950e+02
64,16,0.000000e+00,none,B,3,1.761950e+02
64,16,0.000000e+00,none,B,4,1.761950e+02
64,16,0.000000e+00,none,B,5,1.761950e+02
64,16,0.000000e+00,none,B,6,1.761950e+02
64,16,0.000000e+00,none,B,7,1.761950e+02
64,16,0.000000e+00,none,B,8,1.761950e+02
64,16,0.000000e+00,none,B,9,1.761950e+02
64,16,0.000000e+00,none,B,10,1.761950e+02
64,16,0.000000e+00,none,B,11,1.761950e+02
64,16,0.000000e+00,none,B,12,1.761950e+02
64,16,0.000000e+00,none,B,13,1.761950e+02
64,16,0.000000e+00,none,B,14,1.761950e+02
64,16,0.000000e+00,none,B,15,1.761950e+02
64,16,0.000000e+00,none,B,16,1.761950e+02
64,16,0.000000e+00,none,P,0,1.761950e+02
64,16,0.000000e+00,none,P,1,1.761950e+02
64,16,0.000000e+00,none,P,2,7.558952e+01
64,16,0.000000e+00,none,P,3,3.380518e+01
64,16,0.000000e+00,none,P,4,1.831239e+01
64,16,0.000000e+00,none,P,5,8.732393e+00
64,16,0.000000e+00,none,P,6,4.081780e+00
64,16,0.000000e+00,none,P,7,1.996731e+00
64,16,0.000000e+00,none,P,8,8.199953e-01
64,16,0.000000e+00,none,P,9,3.052754e-01
64,16,0.000000e+00,none,P,10,1.303928e-01
64,16,0.000000e+00,none,P,11,5.087404e-02
64,16,0.000000e+00,none,P,12,1.715775e-02
64,16,0.000000e+00,none,P,13,5.161944e-03
64,16,0.000000e+00,none,P,14,1.266341e-03
64,16,0.000000e+00,none,P,15,2.427449e-04
64,16,0.000000e+00,none,P,16,6.698316e-05
64,16,0.000000e+00,none,S,1,2.517859e+04
64,16,0.000000e+00,none,S,2,7.237859e+03
64,16,0.000000e+00,none,S,3,2.883786e+03
64,16,0.000000e+00,none,S,4,1.257597e+03
64,16,0.000000e+00,none,S,5,4.953230e+02
64,16,0.000000e+00,none,S,6,2.289254e+02
64,16,0.000000e+00,none,S,7,1.046292e+02
64,16,0.000000e+00,none,S,8,5.069894e+01
64,16,0.000000e+00,none,S,9,1.981984e+01
64,16,0.000000e+00,none,S,10,7.626050e+00
64,16,0.000000e+00,none,S,11,2.451145e+00
64,16,0.000000e+00,none,S,12,7.996603e-01
64,16,0.000000e+00,none,S,13,2.225840e-01
64,16,0.000000e+00,none,S,14,5.542512e-02
64,16,0.000000e+00,none,S,15,1.029267e-02
64,16,0.000000e+00,none,S,16,3.022666e-03
64,16,0.000000e+00,none,ps,1,2.371463e+07
64,16,0.000000e+00,none,ps,2,1.407378e+06
64,16,0.000000e+00,none,ps,3,2.496059e+05
64,16,0.000000e+00,none,ps,4,6.983210e+04
64,16,0.000000e+00,none,ps,5,1.620289e+04
64,16,0.000000e+00,none,ps,6,3.161999e+03
64,16,0.000000e+00,none,ps,7,7.163453e+02
64,16,0.000000e+00,none,ps,8,1.359280e+02
64,16,0.000000e+00,none,ps,9,2.127715e+01
64,16,0.000000e+00,none,ps,10,3.427635e+00
64,16,0.000000e+00,none,ps,11,6.628446e-01
64,16,0.000000e+00,none,ps,12,7.304179e-02
64,16,0.000000e+00,none,ps,13,3.976117e-03
64,16,0.000000e+00,none,ps,14,2.467163e-04
64,16,0.000000e+00,none,ps,15,1.189786e-05
64,16,0.000000e+00,none,ps,16,7.790847e-07
64,16,0.000000e+00,none,alpha,1,1.657593e-02
64,16,0.000000e+00,none,alpha,2,2.302560e-02
64,16,0.000000e+00,none,alpha,3,2.893245e-02
64,16,0.000000e+00,none,alpha,4,2.778056e-02
64,16,0.000000e+00,none,alpha,5,2.702057e-02
64,16,0.000000e+00,none,alpha,6,2.735710e-02
64,16,0.000000e+00,none,alpha,7,3.099106e-02
64,16,0.000000e+00,none,alpha,8,3.048710e-02
64,16,0.000000e+00,none,alpha,9,3.137173e-02
64,16,0.000000e+00,none,alpha,10,3.262461e-02
64,16,0.000000e+00,none,alpha,11,3.969821e-02
64,16,0.000000e+00,none,alpha,12,3.492688e-02
64,16,0.000000e+00,none,alpha,13,3.491967e-02
64,16,0.000000e+00,none,alpha,14,3.497747e-02
64,16,0.000000e+00,none,alpha,15,3.423679e-02
64,16,0.000000e+00,none,alpha,16,3.775573e-02
64,16,0.000000e+00,none,X,0,0.000000e+00
64,16,0.000000e+00,none,X,1,1.603377e+00
64,16,0.000000e+00,none,X,2,1.605334e+00
64,16,0.000000e+00,none,X,3,1.452589e+00
64,16,0.000000e+00,none,X,4,1.399253e+00
64,16,0.000000e+00,none,X,5,1.362854e+00
64,16,0.000000e+00,none,X,6,1.357747e+00
64,16,0.000000e+00,none,X,7,1.360538e+00
64,16,0.000000e+00,none,X,8,1.358835e+00
64,16,0.000000e+00,none,X,9,1.359361e+00
64,16,0.000000e+00,none,X,10,1.359171e+00
64,16,0.000000e+00,none,X,11,1.359140e+00
64,16,0.000000e+00,none,X,12,1.359141e+00
64,16,0.000000e+00,none,X,13,1.359137e+00
64,16,0.000000e+00,none,X,14,1.359136e+00
64,16,0.000000e+00,none,X,15,1.359136e+00
64,16,0.000000e+00,none,X,16,1.359136e+00
64,16,0.000000e+00,none,R,0,1.761950e+02
64,16,0.000000e+00,none,R,1,7.871466e+01
64,16,0.000000e+00,none,R,2,3.456530e+01
64,16,0.000000e+00,none,R,3,1.532060e+01
64,16,0.000000e+00,none,R,4,7.581814e+00
64,16,0.000000e+00,none,R,5,3.334050e+00
64,16,0.000000e+00,none,R,6,1.752142e+00
64,16,0.000000e+00,none,R,7,7.348399e-01
64,16,0.000000e+00,none,R,8,2.788999e-01
64,16,0.000000e+00,none,R,9,1.294558e-01
64,16,0.000000e+00,none,R,10,4.469572e-02
64,16,0.000000e+00,none,R,11,1.663950e-02
64,16,0.000000e+00,none,R,12,4.467650e-03
64,16,0.000000e+00,none,R,13,1.015579e-03
64,16,0.000000e+00,none,R,14,2.067553e-04
64,16,0.000000e+00,none,R,15,6.935984e-05
64,16,0.000000e+00,none,R,16,1.433170e-11
64,16,0.000000e+00,none,rz,0,1.931779e+05
64,16,0.000000e+00,none,rz,1,1.695248e+04
64,16,0.000000e+00,none,rz,2,3.300914e+03
64,16,0.000000e+00,none,rz,3,9.702137e+02
64,16,0.000000e+00,none,rz,4,2.600620e+02
64,16,0.000000e+00,none,rz,5,5.538508e+01
64,16,0.000000e+00,none,rz,6,1.193347e+01
64,16,0.000000e+00,none,rz,7,2.020542e+00
64,16,0.000000e+00,none,rz,8,3.354240e-01
64,16,0.000000e+00,none,rz,9,5.695908e-02
64,16,0.000000e+00,none,rz,10,1.104175e-02
64,16,0.000000e+00,none,rz,11,1.336314e-03
64,16,0.000000e+00,none,rz,12,7.976165e-05
64,16,0.000000e+00,none,rz,13,4.830451e-06
64,16,0.000000e+00,none,rz,14,2.668360e-07
64,16,0.000000e+00,none,rz,15,1.730072e-08
64,16,0.000000e+00,none,rz,16,1.143257e-21
64,16,0.000000e+00,none,beta,1,2.968254e-01
64,16,0.000000e+00,none,beta,2,4.278487e-01
64,16,0.000000e+00,none,beta,3,4.919319e-01
64,16,0.000000e+00,none,beta,4,5.837668e-01
64,16,0.000000e+00,none,beta,5,5.846072e-01
64,16,0.000000e+00,none,beta,6,5.113096e-01
64,16,0.000000e+00,none,beta,7,4.986189e-01
64,16,0.000000e+00,none,beta,8,4.674737e-01
64,16,0.000000e+00,none,beta,9,4.496280e-01
64,16,0.000000e+00,none,beta,10,3.708408e-01
64,16,0.000000e+00,none,beta,11,3.829963e-01
64,16,0.000000e+00,none,beta,12,3.245287e-01
64,16,0.000000e+00,none,beta,13,2.977796e-01
64,16,0.000000e+00,none,beta,14,2.760575e-01
64,16,0.000000e+00,none,beta,15,1.682380e-01
64,16,0.000000e+00,none,beta,16,1.864086e-10
64,16,0.000000e+00,none,ps_min,1,1.081999e+06
64,16,0.000000e+00,none,ps_min,2,1.460268e+05
64,16,0.000000e+00,none,ps_min,3,1.337755e+04
64,16,0.000000e+00,none,ps_min,4,1.542820e+03
64,16,0.000000e+00,none,ps_min,5,2.716610e+02
64,16,0.000000e+00,none,ps_min,6,2.169144e+01
64,16,0.000000e+00,none,ps_min,7,3.368818e+00
64,16,0.000000e+00,none,ps_min,8,2.072706e-01
64,16,0.000000e+00,none,ps_min,9,3.098523e-02
64,16,0.000000e+00,none,ps_min,10,1.196064e-03
64,16,0.000000e+00,none,ps_min,11,1.414308e-04
64,16,0.000000e+00,none,ps_min,12,4.223535e-06
64,16,0.000000e+00,none,ps_min,13,3.002990e-07
64,16,0.000000e+00,none,ps_min,14,1.719328e-09
64,16,0.000000e+00,none,ps_min,15,6.756496e-11
64,16,0.000000e+00,none,ps_min,16,2.757629e-13
64,16,0.000000e+00,none,rz_min,0,1.673771e+04
64,16,0.000000e+00,none,rz_min,1,2.384574e+03
64,16,0.000000e+00,none,rz_min,2,2.607095e+02
64,16,0.000000e+00,none,rz_min,3,3.279666e+01
64,16,0.000000e+00,none,rz_min,4,4.682952e+00
64,16,0.000000e+00,none,rz_min,5,4.735982e-01
64,16,0.000000e+00,none,rz_min,6,6.227428e-02
64,16,0.000000e+00,none,rz_min,7,3.249396e-03
64,16,0.000000e+00,none,rz_min,8,5.404140e-04
64,16,0.000000e+00,none,rz_min,9,2.088010e-05
64,16,0.000000e+00,none,rz_min,10,2.885414e-06
64,16,0.000000e+00,none,rz_min,11,7.990729e-08
64,16,0.000000e+00,none,rz_min,12,4.597902e-09
64,16,0.000000e+00,none,rz_min,13,3.787662e-11
64,16,0.000000e+00,none,rz_min,14,1.283641e-12
64,16,0.000000e+00,none,rz_min,15,4.530037e-15
64,16,0.000000e+00,none,rz_min,16,1.463111e-34
64,16,0.000000e+00,M,A,0,1.517734e+00
64,16,0.000000e+00,M,A,1,1.517734e+00
64,16,0.000000e+00,M,A,2,1.517734e+00
64,16,0.000000e+00,M,A,3,1.517734e+00
64,16,0.000000e+00,M,A,4,1.517734e+00
64,16,0.000000e+00,M,A,5,1.517734e+00
64,16,0.000000e+00,M,A,6,1.517734e+00
64,16,0.000000e+00,M,A,7,1.517734e+00
64,16,0.000000e+00,M,A,8,1.517734e+00
64,16,0.000000e+00,M,A,9,1.517734e+00
64,16,0.000000e+00,M,A,10,1.517734e+00
64,16,0.000000e+00,M,A,11,1.517734e+00
64,16,0.000000e+00,M,A,12,1.517734e+00
64,16,0.000000e+00,M,A,13,1.517734e+00
64,16,0.000000e+00,M,A,14,1.517734e+00
64,16,0.000000e+00,M,A,15,1.517734e+00
64,16,0.000000e+00,M,A,16,1.517734e+00
64,16,0.000000e+00,M,B,0,2.753046e+00
64,16,0.000000e+00,M,B,1,2.753046e+00
64,16,0.000000e+00,M,B,2,2.753046e+00
64,16,0.000000e+00,M,B,3,2.753046e+00
64,16,0.000000e+00,M,B,4,2.753046e+00
64,16,0.000000e+00,M,B,5,2.753046e+00
64,16,0.000000e+00,M,B,6,2.753046e+00
64,16,0.000000e+00,M,B,7,2.753046e+00
64,16,0.000000e+00,M,B,8,2.753046e+00
64,16,0.000000e+00,M,B,9,2.753046e+00
64,16,0.000000e+00,M,B,10,2.753046e+00
64,16,0.000000e+00,M,B,11,2.753046e+00
64,16,0.000000e+00,M,B,12,2.753046e+00
64,16,0.000000e+00,M,B,13,2.753046e+00
64,16,0.000000e+00,M,B,14,2.753046e+00
64,16,0.000000e+00,M,B,15,2.753046e+00
64,16,0.000000e+00,M,B,16,2.753046e+00
64,16,0.000000e+00,M,P,0,2.753046e+00
64,16,0.000000e+00,M,P,1,2.753046e+00
64,16,0.000000e+00,M,P,2,1.181086e+00
64,16,0.000000e+00,M,P,3,5.282059e-01
64,16,0.000000e+00,M,P,4,2.861311e-01
64,16,0.000000e+00,M,P,5,1.364436e-01
64,16,0.000000e+00,M,P,6,6.377782e-02
64,16,0.000000e+00,M,P,7,3.119892e-02
64,16,0.000000e+00,M,P,8,1.281243e-02
64,16,0.000000e+00,M,P,9,4.769929e-03
64,16,0.000000e+00,M,P,10,2.037387e-03
64,16,0.000000e+00,M,P,11,7.949068e-04
64,16,0.000000e+00,M,P,12,2.680899e-04
64,16,0.000000e+00,M,P,13,8.065537e-05
64,16,0.000000e+00,M,P,14,1.978657e-05
64,16,0.000000e+00,M,P,15,3.792889e-06
64,16,0.000000e+00,M,P,16,1.046612e-06
64,16,0.000000e+00,M,S,1,6.147117e+00
64,16,0.000000e+00,M,S,2,1.767055e+00
64,16,0.000000e+00,M,S,3,7.040494e-01
64,16,0.000000e+00,M,S,4,3.070305e-01
64,16,0.000000e+00,M,S,5,1.209285e-01
64,16,0.000000e+00,M,S,6,5.588999e-02
64,16,0.000000e+00,M,S,7,2.554423e-02
64,16,0.000000e+00,M,S,8,1.237767e-02
64,16,0.000000e+00,M,S,9,4.838828e-03
64,16,0.000000e+00,M,S,10,1.861829e-03
64,16,0.000000e+00,M,S,11,5.984240e-04
64,16,0.000000e+00,M,S,12,1.952296e-04
64,16,0.000000e+00,M,S,13,5.434180e-05
64,16,0.000000e+00,M,S,14,1.353152e-05
64,16,0.000000e+00,M,S,15,2.512860e-06
64,16,0.000000e+00,M,S,16,7.379556e-07
64,16,0.000000e+00,M,ps,1,9.046415e+01
64,16,0.000000e+00,M,ps,2,5.368722e+00
64,16,0.000000e+00,M,ps,3,9.521711e-01
64,16,0.000000e+00,M,ps,4,2.663883e-01
64,16,0.000000e+00,M,ps,5,6.180913e-02
64,16,0.000000e+00,M,ps,6,1.206207e-02
64,16,0.000000e+00,M,ps,7,2.732641e-03
64,16,0.000000e+00,M,ps,8,5.185242e-04
64,16,0.000000e+00,M,ps,9,8.116589e-05
64,16,0.000000e+00,M,ps,10,1.307539e-05
64,16,0.000000e+00,M,ps,11,2.528551e-06
64,16,0.000000e+00,M,ps,12,2.786323e-07
64,16,0.000000e+00,M,ps,13,1.516768e-08
64,16,0.000000e+00,M,ps,14,9.411481e-10
64,16,0.000000e+00,M,ps,15,4.538673e-11
64,16,0.000000e+00,M,ps,16,2.971972e-12
64,16,0.000000e+00,M,alpha,1,1.060860e+00
64,16,0.000000e+00,M,alpha,2,1.473638e+00
64,16,0.000000e+00,M,alpha,3,1.851677e+00
64,16,0.000000e+00,M,alpha,4,1.777956e+00
64,16,0.000000e+00,M,alpha,5,1.729316e+00
64,16,0.000000e+00,M,alpha,6,1.750854e+00
64,16,0.000000e+00,M,alpha,7,1.983428e+00
64,16,0.000000e+00,M,alpha,8,1.951174e+00
64,16,0.000000e+00,M,alpha,9,2.007790e+00
64,16,0.000000e+00,M,alpha,10,2.087975e+00
64,16,0.000000e+00,M,alpha,11,2.540685e+00
64,16,0.000000e+00,M,alpha,12,2.235320e+00
64,16,0.000000e+00,M,alpha,13,2.234859e+00
64,16,0.000000e+00,M,alpha,14,2.238558e+00
64,16,0.000000e+00,M,alpha,15,2.191155e+00
64,16,0.000000e+00,M,alpha,16,2.416367e+00
64,16,0.000000e+00,M,X,0,0.000000e+00
64,16,0.000000e+00,M,X,1,1.603377e+00
64,16,0.000000e+00,M,X,2,1.605334e+00
64,16,0.000000e+00,M,X,3,1.452589e+00
64,16,0.000000e+00,M,X,4,1.399253e+00
64,16,0.000000e+00,M,X,5,1.362854e+00
64,16,0.000000e+00,M,X,6,1.357747e+00
64,16,0.000000e+00,M,X,7,1.360538e+00
64,16,0.000000e+00,M,X,8,1.358835e+00
64,16,0.000000e+00,M,X,9,1.359361e+00
64,16,0.000000e+00,M,X,10,1.359171e+00
64,16,0.000000e+00,M,X,11,1.359140e+00
64,16,0.000000e+00,M,X,12,1.359141e+00
64,16,0.000000e+00,M,X,13,1.359137e+00
64,16,0.000000e+00,M,X,14,1.359136e+00
64,16,0.000000e+00,M,X,15,1.359136e+00
64,16,0.000000e+00,M,X,16,1.359136e+00
64,16,0.000000e+00,M,R,0,2.753046e+00
64,16,0.000000e+00,M,R,1,1.229917e+00
64,16,0.000000e+00,M,R,2,5.400828e-01
64,16,0.000000e+00,M,R,3,2.393843e-01
64,16,0.000000e+00,M,R,4,1.184658e-01
64,16,0.000000e+00,M,R,5,5.209453e-02
64,16,0.000000e+00,M,R,6,2.737723e-02
64,16,0.000000e+00,M,R,7,1.148187e-02
64,16,0.000000e+00,M,R,8,4.357811e-03
64,16,0.000000e+00,M,R,9,2.022747e-03
64,16,0.000000e+00,M,R,10,6.983706e-04
64,16,0.000000e+00,M,R,11,2.599922e-04
64,16,0.000000e+00,M,R,12,6.980703e-05
64,16,0.000000e+00,M,R,13,1.586842e-05
64,16,0.000000e+00,M,R,14,3.230552e-06
64,16,0.000000e+00,M,R,15,1.083748e-06
64,16,0.000000e+00,M,R,16,2.239328e-13
64,16,0.000000e+00,M,rz,0,4.716257e+01
64,16,0.000000e+00,M,rz,1,4.138789e+00
64,16,0.000000e+00,M,rz,2,8.058872e-01
64,16,0.000000e+00,M,rz,3,2.368686e-01
64,16,0.000000e+00,M,rz,4,6.349169e-02
64,16,0.000000e+00,M,rz,5,1.352175e-02
64,16,0.000000e+00,M,rz,6,2.913446e-03
64,16,0.000000e+00,M,rz,7,4.932963e-04
64,16,0.000000e+00,M,rz,8,8.189061e-05
64,16,0.000000e+00,M,rz,9,1.390603e-05
64,16,0.000000e+00,M,rz,10,2.695739e-06
64,16,0.000000e+00,M,rz,11,3.262484e-07
64,16,0.000000e+00,M,rz,12,1.947306e-08
64,16,0.000000e+00,M,rz,13,1.179309e-09
64,16,0.000000e+00,M,rz,14,6.514551e-11
64,16,0.000000e+00,M,rz,15,4.223810e-12
64,16,0.000000e+00,M,rz,16,2.791154e-25
64,16,0.000000e+00,M,beta,1,2.968254e-01
64,16,0.000000e+00,M,beta,2,4.278487e-01
64,16,0.000000e+00,M,beta,3,4.919319e-01
64,16,0.000000e+00,M,beta,4,5.837668e-01
64,16,0.000000e+00,M,beta,5,5.846072e-01
64,16,0.000000e+00,M,beta,6,5.113096e-01
64,16,0.000000e+00,M,beta,7,4.986189e-01
64,16,0.000000e+00,M,beta,8,4.674737e-01
64,16,0.000000e+00,M,beta,9,4.496280e-01
64,16,0.000000e+00,M,beta,10,3.708408e-01
64,16,0.000000e+00,M,beta,11,3.829963e-01
64,16,0.000000e+00,M,beta,12,3.245287e-01
64,16,0.000000e+00,M,beta,13,2.977796e-01
64,16,0.000000e+00,M,beta,14,2.760575e-01
64,16,0.000000e+00,M,beta,15,1.682380e-01
64,16,0.000000e+00,M,beta,16,1.864086e-10
64,16,0.000000e+00,M,ps_min,1,4.127499e+00
64,16,0.000000e+00,M,ps_min,2,5.570481e-01
64,16,0.000000e+00,M,ps_min,3,5.103129e-02
64,16,0.000000e+00,M,ps_min,4,5.885391e-03
64,16,0.000000e+00,M,ps_min,5,1.036305e-03
64,16,0.000000e+00,M,ps_min,6,8.274626e-05
64,16,0.000000e+00,M,ps_min,7,1.285102e-05
64,16,0.000000e+00,M,ps_min,8,7.906746e-07
64,16,0.000000e+00,M,ps_min,9,1.181993e-07
64,16,0.000000e+00,M,ps_min,10,4.562622e-09
64,16,0.000000e+00,M,ps_min,11,5.395155e-10
64,16,0.000000e+00,M,ps_min,12,1.611151e-11
64,16,0.000000e+00,M,ps_min,13,1.145550e-12
64,16,0.000000e+00,M,ps_min,14,6.558717e-15
64,16,0.000000e+00,M,ps_min,15,2.577399e-16
64,16,0.000000e+00,M,ps_min,16,1.051952e-18
64,16,0.000000e+00,M,rz_min,0,4.086355e+00
64,16,0.000000e+00,M,rz_min,1,5.821714e-01
64,16,0.000000e+00,M,rz_min,2,6.364977e-02
64,16,0.000000e+00,M,rz_min,3,8.006997e-03
64,16,0.000000e+00,M,rz_min,4,1.143299e-03
64,16,0.000000e+00,M,rz_min,5,1.156246e-04
64,16,0.000000e+00,M,rz_min,6,1.520368e-05
64,16,0.000000e+00,M,rz_min,7,7.933095e-07
64,16,0.000000e+00,M,rz_min,8,1.319370e-07
64,16,0.000000e+00,M,rz_min,9,5.097681e-09
64,16,0.000000e+00,M,rz_min,10,7.044468e-10
64,16,0.000000e+00,M,rz_min,11,1.950862e-11
64,16,0.000000e+00,M,rz_min,12,1.122535e-12
64,16,0.000000e+00,M,rz_min,13,9.247222e-15
64,16,0.000000e+00,M,rz_min,14,3.133890e-16
64,16,0.000000e+00,M,rz_min,15,1.105966e-18
64,16,0.000000e+00,M,rz_min,16,3.572049e-38
64,16,1.000000e+01,none,A,0,1.011385e+02
64,16,1.000000e+01,none,A,1,1.011385e+02
64,16,1.000000e+01,none,A,2,1.011385e+02
64,16,1.000000e+01,none,A,3,1.011385e+02
64,16,1.000000e+01,none,A,4,1.011385e+02
64,16,1.000000e+01,none,A,5,1.011385e+02
64,16,1.000000e+01,none,A,6,1.011385e+02
64,16,1.000000e+01,none,A,7,1.011385e+02
64,16,1.000000e+01,none,A,8,1.011385e+02
64,16,1.000000e+01,none,A,9,1.011385e+02
64,16,1.000000e+01,none,A,10,1.011385e+02
64,16,1.000000e+01,none,A,11,1.011385e+02
64,16,1.000000e+01,none,A,12,1.011385e+02
64,16,1.000000e+01,none,A,13,1.011385e+02
64,16,1.000000e+01,none,A,14,1.011385e+02
64,16,1.000000e+01,none,A,15,1.011385e+02
64,16,1.000000e+01,none,A,16,1.011385e+02
64,16,1.000000e+01,none,B,0,1.645799e+02
64,16,1.000000e+01,none,B,1,1.645799e+02
64,16,1.000000e+01,none,B,2,1.645799e+02
64,16,1.000000e+01,none,B,3,1.645799e+02
64,16,1.000000e+01,none,B,4,1.645799e+02
64,16,1.000000e+01,none,B,5,1.645799e+02
64,16,1.000000e+01,none,B,6,1.645799e+02
64,16,1.000000e+01,none,B,7,1.645799e+02
64,16,1.000000e+01,none,B,8,1.645799e+02
64,16,1.000000e+01,none,B,9,1.645799e+02
64,16,1.000000e+01,none,B,10,1.645799e+02
64,16,1.000000e+01,none,B,11,1.645799e+02
64,16,1.000000e+01,none,B,12,1.645799e+02
64,16,1.000000e+01,none,B,13,1.645799e+02
64,16,1.000000e+01,none,B,14,1.645799e+02
64,16,1.000000e+01,none,B,15,1.645799e+02
64,16,1.000000e+01,none,B,16,1.645799e+02
64,16,1.000000e+01,none,P,0,1.645799e+02
64,16,1.000000e+01,none,P,1,1.645799e+02
64,16,1.000000e+01,none,P,2,7.067200e+01
64,16,1.000000e+01,none,P,3,3.644037e+01
64,16,1.000000e+01,none,P,4,1.911891e+01
64,16,1.000000e+01,none,P,5,9.849919e+00
64,16,1.000000e+01,none,P,6,5.231982e+00
64,16,1.000000e+01,none,P,7,2.050266e+00
64,16,1.000000e+01,none,P,8,8.665751e-01
64,16,1.000000e+01,none,P,9,4.224024e-01
64,16,1.000000e+01,none,P,10,1.380720e-01
64,16,1.000000e+01,none,P,11,5.186822e-02
64,16,1.000000e+01,none,P,12,1.457294e-02
64,16,1.000000e+01,none,P,13,4.543347e-03
64,16,1.000000e+01,none,P,14,1.071251e-03
64,16,1.000000e+01,none,P,15,3.586504e-04
64,16,1.000000e+01,none,P,16,4.988616e-05
64,16,1.000000e+01,none,S,1,2.139280e+04
64,16,1.000000e+01,none,S,2,5.617629e+03
64,16,1.000000e+01,none,S,3,2.321337e+03
64,16,1.000000e+01,none,S,4,1.072304e+03
64,16,1.000000e+01,none,S,5,5.776457e+02
64,16,1.000000e+01,none,S,6,2.436978e+02
64,16,1.000000e+01,none,S,7,1.124911e+02
64,16,1.000000e+01,none,S,8,5.703863e+01
64,16,1.000000e+01,none,S,9,2.483448e+01
64,16,1.000000e+01,none,S,10,1.054584e+01
64,16,1.000000e+01,none,S,11,2.665071e+00
64,16,1.000000e+01,none,S,12,8.224633e-01
64,16,1.000000e+01,none,S,13,2.668937e-01
64,16,1.000000e+01,none,S,14,5.775517e-02
64,16,1.000000e+01,none,S,15,1.434790e-02
64,16,1.000000e+01,none,S,16,2.316418e-03
64,16,1.000000e+01,none,ps,1,2.655566e+07
64,16,1.000000e+01,none,ps,2,1.425176e+06
64,16,1.000000e+01,none,ps,3,2.401732e+05
64,16,1.000000e+01,none,ps,4,5.166855e+04
64,16,1.000000e+01,none,ps,5,1.755467e+04
64,16,1.000000e+01,none,ps,6,3.380764e+03
64,16,1.000000e+01,none,ps,7,8.089232e+02
64,16,1.000000e+01,none,ps,8,1.737215e+02
64,16,1.000000e+01,none,ps,9,4.447669e+01
64,16,1.000000e+01,none,ps,10,4.760752e+00
64,16,1.000000e+01,none,ps,11,5.170532e-01
64,16,1.000000e+01,none,ps,12,4.395051e-02
64,16,1.000000e+01,none,ps,13,4.400487e-03
64,16,1.000000e+01,none,ps,14,2.313738e-04
64,16,1.000000e+01,none,ps,15,2.860441e-05
64,16,1.000000e+01,none,ps,16,4.576937e-07
64,16,1.000000e+01,none,alpha,1,1.678814e-02
64,16,1.000000e+01,none,alpha,2,2.242476e-02
64,16,1.000000e+01,none,alpha,3,2.646570e-02
64,16,1.000000e+01,none,alpha,4,2.844304e-02
64,16,1.000000e+01,none,alpha,5,2.984713e-02
64,16,1.000000e+01,none,alpha,6,3.122472e-02
64,16,1.000000e+01,none,alpha,7,3.595480e-02
64,16,1.000000e+01,none,alpha,8,3.536256e-02
64,16,1.000000e+01,none,alpha,9,3.028432e-02
64,16,1.000000e+01,none,alpha,10,3.326737e-02
64,16,1.000000e+01,none,alpha,11,3.365097e-02
64,16,1.000000e+01,none,alpha,12,3.683170e-02
64,16,1.000000e+01,none,alpha,13,3.916363e-02
64,16,1.000000e+01,none,alpha,14,3.870418e-02
64,16,1.000000e+01,none,alpha,15,3.966822e-02
64,16,1.000000e+01,none,alpha,16,4.212178e-02
64,16,1.000000e+01,none,X,0,0.000000e+00
64,16,1.000000e+01,none,X,1,1.605034e+00
64,16,1.000000e+01,none,X,2,1.498755e+00
64,16,1.000000e+01,none,X,3,1.282083e+00
64,16,1.000000e+01,none,X,4,1.155969e+00
64,16,1.000000e+01,none,X,5,1.101444e+00
64,16,1.000000e+01,none,X,6,1.091066e+00
64,16,1.000000e+01,none,X,7,1.094540e+00
64,16,1.000000e+01,none,X,8,1.094231e+00
64,16,1.000000e+01,none,X,9,1.094909e+00
64,16,1.000000e+01,none,X,10,1.094832e+00
64,16,1.000000e+01,none,X,11,1.094804e+00
64,16,1.000000e+01,none,X,12,1.094775e+00
64,16,1.000000e+01,none,X,13,1.094769e+00
64,16,1.000000e+01,none,X,14,1.094766e+00
64,16,1.000000e+01,none,X,15,1.094764e+00
64,16,1.000000e+01,none,X,16,1.094764e+00
64,16,1.000000e+01,none,R,0,1.645799e+02
64,16,1.000000e+01,none,R,1,7.203473e+01
64,16,1.000000e+01,none,R,2,3.081831e+01
64,16,1.000000e+01,none,R,3,1.439545e+01
64,16,1.000000e+01,none,R,4,7.005176e+00
64,16,1.000000e+01,none,R,5,3.737433e+00
64,16,1.000000e+01,none,R,6,1.619207e+00
64,16,1.000000e+01,none,R,7,8.367346e-01
64,16,1.000000e+01,none,R,8,4.212981e-01
64,16,1.000000e+01,none,R,9,1.550851e-01
64,16,1.000000e+01,none,R,10,4.826582e-02
64,16,1.000000e+01,none,R,11,1.305962e-02
64,16,1.000000e+01,none,R,12,4.377864e-03
64,16,1.000000e+01,none,R,13,1.142912e-03
64,16,1.000000e+01,none,R,14,3.203060e-04
64,16,1.000000e+01,none,R,15,4.824181e-05
64,16,1.000000e+01,none,R,16,4.378891e-11
64,16,1.000000e+01,none,rz,0,2.193549e+05
64,16,1.000000e+01,none,rz,1,1.758098e+04
64,16,1.000000e+01,none,rz,2,4.064096e+03
64,16,1.000000e+01,none,rz,3,8.300696e+02
64,16,1.000000e+01,none,rz,4,2.189077e+02
64,16,1.000000e+01,none,rz,5,5.100812e+01
64,16,1.000000e+01,none,rz,6,1.303145e+01
64,16,1.000000e+01,none,rz,7,3.220333e+00
64,16,1.000000e+01,none,rz,8,6.136950e-01
64,16,1.000000e+01,none,rz,9,8.738969e-02
64,16,1.000000e+01,none,rz,10,1.107332e-02
64,16,1.000000e+01,none,rz,11,8.434485e-04
64,16,1.000000e+01,none,rz,12,7.674071e-05
64,16,1.000000e+01,none,rz,13,4.672540e-06
64,16,1.000000e+01,none,rz,14,5.878084e-07
64,16,1.000000e+01,none,rz,15,1.117210e-08
64,16,1.000000e+01,none,rz,16,1.462007e-20
64,16,1.000000e+01,none,beta,1,2.626121e-01
64,16,1.000000e+01,none,beta,2,4.114174e-01
64,16,1.000000e+01,none,beta,3,5.047333e-01
64,16,1.000000e+01,none,beta,4,5.319618e-01
64,16,1.000000e+01,none,beta,5,5.488913e-01
64,16,1.000000e+01,none,beta,6,4.897687e-01
64,16,1.000000e+01,none,beta,7,5.017541e-01
64,16,1.000000e+01,none,beta,8,5.440848e-01
64,16,1.000000e+01,none,beta,9,4.484504e-01
64,16,1.000000e+01,none,beta,10,4.823719e-01
64,16,1.000000e+01,none,beta,11,3.630102e-01
64,16,1.000000e+01,none,beta,12,2.997855e-01
64,16,1.000000e+01,none,beta,13,2.925761e-01
64,16,1.000000e+01,none,beta,14,2.668112e-01
64,16,1.000000e+01,none,beta,15,1.666033e-01
64,16,1.000000e+01,none,beta,16,4.387965e-09
64,16,1.000000e+01,none,ps_min,1,1.568796e+06
64,16,1.000000e+01,none,ps_min,2,1.312174e+05
64,16,1.000000e+01,none,ps_min,3,1.261370e+04
64,16,1.000000e+01,none,ps_min,4,1.821184e+03
64,16,1.000000e+01,none,ps_min,5,2.474761e+02
64,16,1.000000e+01,none,ps_min,6,4.253700e+01
64,16,1.000000e+01,none,ps_min,7,5.956479e+00
64,16,1.000000e+01,none,ps_min,8,5.377177e-01
64,16,1.000000e+01,none,ps_min,9,4.709005e-02
64,16,1.000000e+01,none,ps_min,10,3.466085e-03
64,16,1.000000e+01,none,ps_min,11,2.893982e-04
64,16,1.000000e+01,none,ps_min,12,1.680280e-05
64,16,1.000000e+01,none,ps_min,13,8.632822e-07
64,16,1.000000e+01,none,ps_min,14,1.412650e-08
64,16,1.000000e+01,none,ps_min,15,2.856895e-10
64,16,1.000000e+01,none,ps_min,16,5.638658e-14
64,16,1.000000e+01,none,rz_min,0,2.633717e+04
64,16,1.000000e+01,none,rz_min,1,1.833249e+03
64,16,1.000000e+01,none,rz_min,2,2.702358e+02
64,16,1.000000e+01,none,rz_min,3,3.519377e+01
64,16,1.000000e+01,none,rz_min,4,3.743036e+00
64,16,1.000000e+01,none,rz_min,5,8.240386e-01
64,16,1.000000e+01,none,rz_min,6,1.148959e-01
64,16,1.000000e+01,none,rz_min,7,1.016533e-02
64,16,1.000000e+01,none,rz_min,8,1.058596e-03
64,16,1.000000e+01,none,rz_min,9,8.181971e-05
64,16,1.000000e+01,none,rz_min,10,5.577485e-06
64,16,1.000000e+01,none,rz_min,11,3.259833e-07
64,16,1.000000e+01,none,rz_min,12,1.437851e-08
64,16,1.000000e+01,none,rz_min,13,3.301961e-10
64,16,1.000000e+01,none,rz_min,14,4.927535e-12
64,16,1.000000e+01,none,rz_min,15,9.896437e-16
64,16,1.000000e+01,none,rz_min,16,3.799599e-34
64,16,1.000000e+01,M,A,0,1.580288e+00
64,16,1.000000e+01,M,A,1,1.580288e+00
64,16,1.000000e+01,M,A,2,1.580288e+00
64,16,1.000000e+01,M,A,3,1.580288e+00
64,16,1.000000e+01,M,A,4,1.580288e+00
64,16,1.000000e+01,M,A,5,1.580288e+00
64,16,1.000000e+01,M,A,6,1.580288e+00
64,16,1.000000e+01,M,A,7,1.580288e+00
64,16,1.000000e+01,M,A,8,1.580288e+00
64,16,1.000000e+01,M,A,9,1.580288e+00
64,16,1.000000e+01,M,A,10,1.580288e+00
64,16,1.000000e+01,M,A,11,1.580288e+00
64,16,1.000000e+01,M,A,12,1.580288e+00
64,16,1.000000e+01,M,A,13,1.580288e+00
64,16,1.000000e+01,M,A,14,1.580288e+00
64,16,1.000000e+01,M,A,15,1.580288e+00
64,16,1.000000e+01,M,A,16,1.580288e+00
64,16,1.000000e+01,M,B,0,2.571561e+00
64,16,1.000000e+01,M,B,1,2.571561e+00
64,16,1.000000e+01,M,B,2,2.571561e+00
64,16,1.000000e+01,M,B,3,2.571561e+00
64,16,1.000000e+01,M,B,4,2.571561e+00
64,16,1.000000e+01,M,B,5,2.571561e+00
64,16,1.000000e+01,M,B,6,2.571561e+00
64,16,1.000000e+01,M,B,7,2.571561e+00
64,16,1.000000e+01,M,B,8,2.571561e+00
64,16,1.000000e+01,M,B,9,2.571561e+00
64,16,1.000000e+01,M,B,10,2.571561e+00
64,16,1.000000e+01,M,B,11,2.571561e+00
64,16,1.000000e+01,M,B,12,2.571561e+00
64,16,1.000000e+01,M,B,13,2.571561e+00
64,16,1.000000e+01,M,B,14,2.571561e+00
64,16,1.000000e+01,M,B,15,2.571561e+00
64,16,1.000000e+01,M,B,16,2.571561e+00
64,16,1.000000e+01,M,P,0,2.571561e+00
64,16,1.000000e+01,M,P,1,2.571561e+00
64,16,1.000000e+01,M,P,2,1.104250e+00
64,16,1.000000e+01,M,P,3,5.693807e-01
64,16,1.000000e+01,M,P,4,2.987330e-01
64,16,1.000000e+01,M,P,5,1.539050e-01
64,16,1.000000e+01,M,P,6,8.174972e-02
64,16,1.000000e+01,M,P,7,3.203540e-02
64,16,1.000000e+01,M,P,8,1.354024e-02
64,16,1.000000e+01,M,P,9,6.600038e-03
64,16,1.000000e+01,M,P,10,2.157376e-03
64,16,1.000000e+01,M,P,11,8.104410e-04
64,16,1.000000e+01,M,P,12,2.277022e-04
64,16,1.000000e+01,M,P,13,7.098979e-05
64,16,1.000000e+01,M,P,14,1.673829e-05
64,16,1.000000e+01,M,P,15,5.603912e-06
64,16,1.000000e+01,M,P,16,7.794713e-07
64,16,1.000000e+01,M,S,1,5.222853e+00
64,16,1.000000e+01,M,S,2,1.371491e+00
64,16,1.000000e+01,M,S,3,5.667326e-01
64,16,1.000000e+01,M,S,4,2.617929e-01
64,16,1.000000e+01,M,S,5,1.410268e-01
64,16,1.000000e+01,M,S,6,5.949653e-02
64,16,1.000000e+01,M,S,7,2.746365e-02
64,16,1.000000e+01,M,S,8,1.392545e-02
64,16,1.000000e+01,M,S,9,6.063105e-03
64,16,1.000000e+01,M,S,10,2.574667e-03
64,16,1.000000e+01,M,S,11,6.506522e-04
64,16,1.000000e+01,M,S,12,2.007967e-04
64,16,1.000000e+01,M,S,13,6.515958e-05
64,16,1.000000e+01,M,S,14,1.410038e-05
64,16,1.000000e+01,M,S,15,3.502904e-06
64,16,1.000000e+01,M,S,16,5.655318e-07
64,16,1.000000e+01,M,ps,1,1.013018e+02
64,16,1.000000e+01,M,ps,2,5.436614e+00
64,16,1.000000e+01,M,ps,3,9.161882e-01
64,16,1.000000e+01,M,ps,4,1.970999e-01
64,16,1.000000e+01,M,ps,5,6.696574e-02
64,16,1.000000e+01,M,ps,6,1.289659e-02
64,16,1.000000e+01,M,ps,7,3.085797e-03
64,16,1.000000e+01,M,ps,8,6.626949e-04
64,16,1.000000e+01,M,ps,9,1.696651e-04
64,16,1.000000e+01,M,ps,10,1.816083e-05
64,16,1.000000e+01,M,ps,11,1.972402e-06
64,16,1.000000e+01,M,ps,12,1.676579e-07
64,16,1.000000e+01,M,ps,13,1.678653e-08
64,16,1.000000e+01,M,ps,14,8.826212e-10
64,16,1.000000e+01,M,ps,15,1.091172e-10
64,16,1.000000e+01,M,ps,16,1.745963e-12
64,16,1.000000e+01,M,alpha,1,1.074441e+00
64,16,1.000000e+01,M,alpha,2,1.435185e+00
64,16,1.000000e+01,M,alpha,3,1.693805e+00
64,16,1.000000e+01,M,alpha,4,1.820355e+00
64,16,1.000000e+01,M,alpha,5,1.910216e+00
64,16,1.000000e+01,M,alpha,6,1.998382e+00
64,16,1.000000e+01,M,alpha,7,2.301107e+00
64,16,1.000000e+01,M,alpha,8,2.263204e+00
64,16,1.000000e+01,M,alpha,9,1.938196e+00
64,16,1.000000e+01,M,alpha,10,2.129112e+00
64,16,1.000000e+01,M,alpha,11,2.153662e+00
64,16,1.000000e+01,M,alpha,12,2.357229e+00
64,16,1.000000e+01,M,alpha,13,2.506472e+00
64,16,1.000000e+01,M,alpha,14,2.477067e+00
64,16,1.000000e+01,M,alpha,15,2.538766e+00
64,16,1.000000e+01,M,alpha,16,2.695794e+00
64,16,1.000000e+01,M,X,0,0.000000e+00
64,16,1.000000e+01,M,X,1,1.605034e+00
64,16,1.000000e+01,M,X,2,1.498755e+00
64,16,1.000000e+01,M,X,3,1.282083e+00
64,16,1.000000e+01,M,X,4,1.155969e+00
64,16,1.000000e+01,M,X,5,1.101444e+00
64,16,1.000000e+01,M,X,6,1.091066e+00
64,16,1.000000e+01,M,X,7,1.094540e+00
64,16,1.000000e+01,M,X,8,1.094231e+00
64,16,1.000000e+01,M,X,9,1.094909e+00
64,16,1.000000e+01,M,X,10,1.094832e+00
64,16,1.000000e+01,M,X,11,1.094804e+00
64,16,1.000000e+01,M,X,12,1.094775e+00
64,16,1.000000e+01,M,X,13,1.094769e+00
64,16,1.000000e+01,M,X,14,1.094766e+00
64,16,1.000000e+01,M,X,15,1.094764e+00
64,16,1.000000e+01,M,X,16,1.094764e+00
64,16,1.000000e+01,M,R,0,2.571561e+00
64,16,1.000000e+01,M,R,1,1.125543e+00
64,16,1.000000e+01,M,R,2,4.815361e-01
64,16,1.000000e+01,M,R,3,2.249289e-01
64,16,1.000000e+01,M,R,4,1.094559e-01
64,16,1.000000e+01,M,R,5,5.839739e-02
64,16,1.000000e+01,M,R,6,2.530011e-02
64,16,1.000000e+01,M,R,7,1.307398e-02
64,16,1.000000e+01,M,R,8,6.582783e-03
64,16,1.000000e+01,M,R,9,2.423204e-03
64,16,1.000000e+01,M,R,10,7.541534e-04
64,16,1.000000e+01,M,R,11,2.040566e-04
64,16,1.000000e+01,M,R,12,6.840413e-05
64,16,1.000000e+01,M,R,13,1.785800e-05
64,16,1.000000e+01,M,R,14,5.004781e-06
64,16,1.000000e+01,M,R,15,7.537782e-07
64,16,1.000000e+01,M,R,16,6.842017e-13
64,16,1.000000e+01,M,rz,0,5.355345e+01
64,16,1.000000e+01,M,rz,1,4.292231e+00
64,16,1.000000e+01,M,rz,2,9.922109e-01
64,16,1.000000e+01,M,rz,3,2.026537e-01
64,16,1.000000e+01,M,rz,4,5.344426e-02
64,16,1.000000e+01,M,rz,5,1.245315e-02
64,16,1.000000e+01,M,rz,6,3.181507e-03
64,16,1.000000e+01,M,rz,7,7.862142e-04
64,16,1.000000e+01,M,rz,8,1.498279e-04
64,16,1.000000e+01,M,rz,9,2.133537e-05
64,16,1.000000e+01,M,rz,10,2.703448e-06
64,16,1.000000e+01,M,rz,11,2.059200e-07
64,16,1.000000e+01,M,rz,12,1.873552e-08
64,16,1.000000e+01,M,rz,13,1.140757e-09
64,16,1.000000e+01,M,rz,14,1.435079e-10
64,16,1.000000e+01,M,rz,15,2.727562e-12
64,16,1.000000e+01,M,rz,16,3.569353e-24
64,16,1.000000e+01,M,beta,1,2.626121e-01
64,16,1.000000e+01,M,beta,2,4.114174e-01
64,16,1.000000e+01,M,beta,3,5.047333e-01
64,16,1.000000e+01,M,beta,4,5.319618e-01
64,16,1.000000e+01,M,beta,5,5.488913e-01
64,16,1.000000e+01,M,beta,6,4.897687e-01
64,16,1.000000e+01,M,beta,7,5.017541e-01
64,16,1.000000e+01,M,beta,8,5.440848e-01
64,16,1.000000e+01,M,beta,9,4.484504e-01
64,16,1.000000e+01,M,beta,10,4.823719e-01
64,16,1.000000e+01,M,beta,11,3.630102e-01
64,16,1.000000e+01,M,beta,12,2.997855e-01
64,16,1.000000e+01,M,beta,13,2.925761e-01
64,16,1.000000e+01,M,beta,14,2.668112e-01
64,16,1.000000e+01,M,beta,15,1.666033e-01
64,16,1.000000e+01,M,beta,16,4.387965e-09
64,16,1.000000e+01,M,ps_min,1,5.984482e+00
64,16,1.000000e+01,M,ps_min,2,5.005548e-01
64,16,1.000000e+01,M,ps_min,3,4.811745e-02
64,16,1.000000e+01,M,ps_min,4,6.947264e-03
64,16,1.000000e+01,M,ps_min,5,9.440464e-04
64,16,1.000000e+01,M,ps_min,6,1.622658e-04
64,16,1.000000e+01,M,ps_min,7,2.272216e-05
64,16,1.000000e+01,M,ps_min,8,2.051230e-06
64,16,1.000000e+01,M,ps_min,9,1.796343e-07
64,16,1.000000e+01,M,ps_min,10,1.322207e-08
64,16,1.000000e+01,M,ps_min,11,1.103966e-09
64,16,1.000000e+01,M,ps_min,12,6.409758e-11
64,16,1.000000e+01,M,ps_min,13,3.293160e-12
64,16,1.000000e+01,M,ps_min,14,5.388832e-14
64,16,1.000000e+01,M,ps_min,15,1.089819e-15
64,16,1.000000e+01,M,ps_min,16,2.150977e-19
64,16,1.000000e+01,M,rz_min,0,6.429972e+00
64,16,1.000000e+01,M,rz_min,1,4.475706e-01
64,16,1.000000e+01,M,rz_min,2,6.597553e-02
64,16,1.000000e+01,M,rz_min,3,8.592228e-03
64,16,1.000000e+01,M,rz_min,4,9.138271e-04
64,16,1.000000e+01,M,rz_min,5,2.011813e-04
64,16,1.000000e+01,M,rz_min,6,2.805076e-05
64,16,1.000000e+01,M,rz_min,7,2.481771e-06
64,16,1.000000e+01,M,rz_min,8,2.584464e-07
64,16,1.000000e+01,M,rz_min,9,1.997551e-08
64,16,1.000000e+01,M,rz_min,10,1.361691e-09
64,16,1.000000e+01,M,rz_min,11,7.958576e-11
64,16,1.000000e+01,M,rz_min,12,3.510377e-12
64,16,1.000000e+01,M,rz_min,13,8.061428e-14
64,16,1.000000e+01,M,rz_min,14,1.203012e-15
64,16,1.000000e+01,M,rz_min,15,2.416122e-19
64,16,1.000000e+01,M,rz_min,16,9.276364e-38
64,16,2.000000e+01,none,A,0,9.397415e+01
64,16,2.000000e+01,none,A,1,9.397415e+01
64,16,2.000000e+01,none,A,2,9.397415e+01
64,16,2.000000e+01,none,A,3,9.397415e+01
64,16,2.000000e+01,none,A,4,9.397415e+01
64,16,2.000000e+01,none,A,5,9.397415e+01
64,16,2.000000e+01,none,A,6,9.397415e+01
64,16,2.000000e+01,none,A,7,9.397415e+01
64,16,2.000000e+01,none,A,8,9.397415e+01
64,16,2.000000e+01,none,A,9,9.397415e+01
64,16,2.000000e+01,none,A,10,9.397415e+01
64,16,2.000000e+01,none,A,11,9.397415e+01
64,16,2.000000e+01,none,A,12,9.397415e+01
64,16,2.000000e+01,none,A,13,9.397415e+01
64,16,2.000000e+01,none,A,14,9.397415e+01
64,16,2.000000e+01,none,A,15,9.397415e+01
64,16,2.000000e+01,none,A,16,9.397415e+01
64,16,2.000000e+01,none,B,0,1.790524e+02
64,16,2.000000e+01,none,B,1,1.790524e+02
64,16,2.000000e+01,none,B,2,1.790524e+02
64,16,2.000000e+01,none,B,3,1.790524e+02
64,16,2.000000e+01,none,B,4,1.790524e+02
64,16,2.000000e+01,none,B,5,1.790524e+02
64,16,2.000000e+01,none,B,6,1.790524e+02
64,16,2.000000e+01,none,B,7,1.790524e+02
64,16,2.000000e+01,none,B,8,1.790524e+02
64,16,2.000000e+01,none,B,9,1.790524e+02
64,16,2.000000e+01,none,B,10,1.790524e+02
64,16,2.000000e+01,none,B,11,1.790524e+02
64,16,2.000000e+01,none,B,12,1.790524e+02
64,16,2.000000e+01,none,B,13,1.790524e+02
64,16,2.000000e+01,none,B,14,1.790524e+02
64,16,2.000000e+01,none,B,15,1.790524e+02
64,16,2.000000e+01,none,B,16,1.790524e+02
64,16,2.000000e+01,none,P,0,1.790524e+02
64,16,2.000000e+01,none,P,1,1.790524e+02
64,16,2.000000e+01,none,P,2,6.998586e+01
64,16,2.000000e+01,none,P,3,3.227053e+01
64,16,2.000000e+01,none,P,4,1.600495e+01
64,16,2.000000e+01,none,P,5,9.372517e+00
64,16,2.000000e+01,none,P,6,4.756628e+00
64,16,2.000000e+01,none,P,7,2.135174e+00
64,16,2.000000e+01,none,P,8,8.428462e-01
64,16,2.000000e+01,none,P,9,3.517397e-01
64,16,2.000000e+01,none,P,10,1.400512e-01
64,16,2.000000e+01,none,P,11,6.032068e-02
64,16,2.000000e+01,none,P,12,1.995367e-02
64,16,2.000000e+01,none,P,13,7.220156e-03
64,16,2.000000e+01,none,P,14,1.782143e-03
64,16,2.000000e+01,none,P,15,3.730435e-04
64,16,2.000000e+01,none,P,16,6.885272e-05
64,16,2.000000e+01,none,S,1,2.788267e+04
64,16,2.000000e+01,none,S,2,6.367485e+03
64,16,2.000000e+01,none,S,3,2.265104e+03
64,16,2.000000e+01,none,S,4,1.096178e+03
64,16,2.000000e+01,none,S,5,6.031450e+02
64,16,2.000000e+01,none,S,6,2.415699e+02
64,16,2.000000e+01,none,S,7,1.387016e+02
64,16,2.000000e+01,none,S,8,4.555493e+01
64,16,2.000000e+01,none,S,9,1.500422e+01
64,16,2.000000e+01,none,S,10,8.883343e+00
64,16,2.000000e+01,none,S,11,2.875074e+00
64,16,2.000000e+01,none,S,12,9.517628e-01
64,16,2.000000e+01,none,S,13,2.972792e-01
64,16,2.000000e+01,none,S,14,7.981852e-02
64,16,2.000000e+01,none,S,15,1.534569e-02
64,16,2.000000e+01,none,S,16,3.145455e-03
64,16,2.000000e+01,none,ps,1,2.685078e+07
64,16,2.000000e+01,none,ps,2,1.526286e+06
64,16,2.000000e+01,none,ps,3,2.302935e+05
64,16,2.000000e+01,none,ps,4,5.081381e+04
64,16,2.000000e+01,none,ps,5,1.479076e+04
64,16,2.000000e+01,none,ps,6,4.139318e+03
64,16,2.000000e+01,none,ps,7,9.402706e+02
64,16,2.000000e+01,none,ps,8,1.125692e+02
64,16,2.000000e+01,none,ps,9,2.080821e+01
64,16,2.000000e+01,none,ps,10,4.827180e+00
64,16,2.000000e+01,none,ps,11,7.439222e-01
64,16,2.000000e+01,none,ps,12,7.879363e-02
64,16,2.000000e+01,none,ps,13,9.394110e-03
64,16,2.000000e+01,none,ps,14,5.992051e-04
64,16,2.000000e+01,none,ps,15,2.687620e-05
64,16,2.000000e+01,none,ps,16,1.155873e-06
64,16,2.000000e+01,none,alpha,1,1.681991e-02
64,16,2.000000e+01,none,alpha,2,2.233335e-02
64,16,2.000000e+01,none,alpha,3,2.645708e-02
64,16,2.000000e+01,none,alpha,4,2.746341e-02
64,16,2.000000e+01,none,alpha,5,3.068696e-02
64,16,2.000000e+01,none,alpha,6,3.098689e-02
64,16,2.000000e+01,none,alpha,7,3.000566e-02
64,16,2.000000e+01,none,alpha,8,3.109195e-02
64,16,2.000000e+01,none,alpha,9,3.413640e-02
64,16,2.000000e+01,none,alpha,10,3.278304e-02
64,16,2.000000e+01,none,alpha,11,3.311427e-02
64,16,2.000000e+01,none,alpha,12,3.713321e-02
64,16,2.000000e+01,none,alpha,13,3.622351e-02
64,16,2.000000e+01,none,alpha,14,3.570015e-02
64,16,2.000000e+01,none,alpha,15,3.869046e-02
64,16,2.000000e+01,none,alpha,16,3.863733e-02
64,16,2.000000e+01,none,X,0,0.000000e+00
64,16,2.000000e+01,none,X,1,1.758364e+00
64,16,2.000000e+01,none,X,2,1.506848e+00
64,16,2.000000e+01,none,X,3,1.289001e+00
64,16,2.000000e+01,none,X,4,1.139785e+00
64,16,2.000000e+01,none,X,5,1.047797e+00
64,16,2.000000e+01,none,X,6,1.014051e+00
64,16,2.000000e+01,none,X,7,1.001785e+00
64,16,2.000000e+01,none,X,8,1.001731e+00
64,16,2.000000e+01,none,X,9,1.001922e+00
64,16,2.000000e+01,none,X,10,1.002138e+00
64,16,2.000000e+01,none,X,11,1.002222e+00
64,16,2.000000e+01,none,X,12,1.002291e+00
64,16,2.000000e+01,none,X,13,1.002298e+00
64,16,2.000000e+01,none,X,14,1.002298e+00
64,16,2.000000e+01,none,X,15,1.002298e+00
64,16,2.000000e+01,none,X,16,1.002298e+00
64,16,2.000000e+01,none,R,0,1.790524e+02
64,16,2.000000e+01,none,R,1,6.933440e+01
64,16,2.000000e+01,none,R,2,3.029798e+01
64,16,2.000000e+01,none,R,3,1.397719e+01
64,16,2.000000e+01,none,R,4,7.875338e+00
64,16,2.000000e+01,none,R,5,3.414041e+00
64,16,2.000000e+01,none,R,6,1.900341e+00
64,16,2.000000e+01,none,R,7,7.384461e-01
64,16,2.000000e+01,none,R,8,2.983316e-01
64,16,2.000000e+01,none,R,9,1.238633e-01
64,16,2.000000e+01,none,R,10,5.448076e-02
64,16,2.000000e+01,none,R,11,1.635795e-02
64,16,2.000000e+01,none,R,12,6.647980e-03
64,16,2.000000e+01,none,R,13,1.594515e-03
64,16,2.000000e+01,none,R,14,3.514197e-04
64,16,2.000000e+01,none,R,15,7.139955e-05
64,16,2.000000e+01,none,R,16,2.597239e-11
64,16,2.000000e+01,none,rz,0,2.266157e+05
64,16,2.000000e+01,none,rz,1,1.703127e+04
64,16,2.000000e+01,none,rz,2,3.417750e+03
64,16,2.000000e+01,none,rz,3,8.718611e+02
64,16,2.000000e+01,none,rz,4,2.466055e+02
64,16,2.000000e+01,none,rz,5,6.148176e+01
64,16,2.000000e+01,none,rz,6,1.325427e+01
64,16,2.000000e+01,none,rz,7,1.960614e+00
64,16,2.000000e+01,none,rz,8,3.992457e-01
64,16,2.000000e+01,none,rz,9,5.832179e-02
64,16,2.000000e+01,none,rz,10,1.210601e-02
64,16,2.000000e+01,none,rz,11,1.416349e-03
64,16,2.000000e+01,none,rz,12,2.211927e-04
64,16,2.000000e+01,none,rz,13,1.350111e-05
64,16,2.000000e+01,none,rz,14,6.536689e-07
64,16,2.000000e+01,none,rz,15,2.623747e-08
64,16,2.000000e+01,none,rz,16,3.991739e-21
64,16,2.000000e+01,none,beta,1,3.068476e-01
64,16,2.000000e+01,none,beta,2,4.216553e-01
64,16,2.000000e+01,none,beta,3,6.155487e-01
64,16,2.000000e+01,none,beta,4,5.115613e-01
64,16,2.000000e+01,none,beta,5,6.092099e-01
64,16,2.000000e+01,none,beta,6,5.762173e-01
64,16,2.000000e+01,none,beta,7,5.273803e-01
64,16,2.000000e+01,none,beta,8,4.489269e-01
64,16,2.000000e+01,none,beta,9,4.906235e-01
64,16,2.000000e+01,none,beta,10,4.098369e-01
64,16,2.000000e+01,none,beta,11,4.420818e-01
64,16,2.000000e+01,none,beta,12,3.681911e-01
64,16,2.000000e+01,none,beta,13,3.062861e-01
64,16,2.000000e+01,none,beta,14,3.012499e-01
64,16,2.000000e+01,none,beta,15,2.088306e-01
64,16,2.000000e+01,none,beta,16,2.251967e-09
64,16,2.000000e+01,none,ps_min,1,1.549650e+06
64,16,2.000000e+01,none,ps_min,2,1.238232e+05
64,16,2.000000e+01,none,ps_min,3,1.232317e+04
64,16,2.000000e+01,none,ps_min,4,1.717473e+03
64,16,2.000000e+01,none,ps_min,5,1.178802e+02
64,16,2.000000e+01,none,ps_min,6,2.027288e+01
64,16,2.000000e+01,none,ps_min,7,2.301306e+00
64,16,2.000000e+01,none,ps_min,8,3.633632e-01
64,16,2.000000e+01,none,ps_min,9,5.339033e-02
64,16,2.000000e+01,none,ps_min,10,3.604754e-03
64,16,2.000000e+01,none,ps_min,11,2.350639e-04
64,16,2.000000e+01,none,ps_min,12,1.240654e-05
64,16,2.000000e+01,none,ps_min,13,7.723688e-07
64,16,2.000000e+01,none,ps_min,14,5.777104e-09
64,16,2.000000e+01,none,ps_min,15,6.700986e-11
64,16,2.000000e+01,none,ps_min,16,5.593040e-14
64,16,2.000000e+01,none,rz_min,0,2.335206e+04
64,16,2.000000e+01,none,rz_min,1,2.077837e+03
64,16,2.000000e+01,none,rz_min,2,2.189772e+02
64,16,2.000000e+01,none,rz_min,3,2.803001e+01
64,16,2.000000e+01,none,rz_min,4,2.499723e+00
64,16,2.000000e+01,none,rz_min,5,3.706652e-01
64,16,2.000000e+01,none,rz_min,6,5.146023e-02
64,16,2.000000e+01,none,rz_min,7,7.230308e-03
64,16,2.000000e+01,none,rz_min,8,1.145099e-03
64,16,2.000000e+01,none,rz_min,9,7.902058e-05
64,16,2.000000e+01,none,rz_min,10,5.022121e-06
64,16,2.000000e+01,none,rz_min,11,3.309427e-07
64,16,2.000000e+01,none,rz_min,12,1.818348e-08
64,16,2.000000e+01,none,rz_min,13,1.087052e-10
64,16,2.000000e+01,none,rz_min,14,1.573104e-12
64,16,2.000000e+01,none,rz_min,15,1.212505e-15
64,16,2.000000e+01,none,rz_min,16,1.084224e-33
64,16,2.000000e+01,M,A,0,1.468346e+00
64,16,2.000000e+01,M,A,1,1.468346e+00
64,16,2.000000e+01,M,A,2,1.468346e+00
64,16,2.000000e+01,M,A,3,1.468346e+00
64,16,2.000000e+01,M,A,4,1.468346e+00
64,16,2.000000e+01,M,A,5,1.468346e+00
64,16,2.000000e+01,M,A,6,1.468346e+00
64,16,2.000000e+01,M,A,7,1.468346e+00
64,16,2.000000e+01,M,A,8,1.468346e+00
64,16,2.000000e+01,M,A,9,1.468346e+00
64,16,2.000000e+01,M,A,10,1.468346e+00
64,16,2.000000e+01,M,A,11,1.468346e+00
64,16,2.000000e+01,M,A,12,1.468346e+00
64,16,2.000000e+01,M,A,13,1.468346e+00
64,16,2.000000e+01,M,A,14,1.468346e+00
64,16,2.000000e+01,M,A,15,1.468346e+00
64,16,2.000000e+01,M,A,16,1.468346e+00
64,16,2.000000e+01,M,B,0,2.797693e+00
64,16,2.000000e+01,M,B,1,2.797693e+00
64,16,2.000000e+01,M,B,2,2.797693e+00
64,16,2.000000e+01,M,B,3,2.797693e+00
64,16,2.000000e+01,M,B,4,2.797693e+00
64,16,2.000000e+01,M,B,5,2.797693e+00
64,16,2.000000e+01,M,B,6,2.797693e+00
64,16,2.000000e+01,M,B,7,2.797693e+00
64,16,2.000000e+01,M,B,8,2.797693e+00
64,16,2.000000e+01,M,B,9,2.797693e+00
64,16,2.000000e+01,M,B,10,2.797693e+00
64,16,2.000000e+01,M,B,11,2.797693e+00
64,16,2.000000e+01,M,B,12,2.797693e+00
64,16,2.000000e+01,M,B,13,2.797693e+00
64,16,2.000000e+01,M,B,14,2.797693e+00
64,16,2.000000e+01,M,B,15,2.797693e+00
64,16,2.000000e+01,M,B,16,2.797693e+00
64,16,2.000000e+01,M,P,0,2.797693e+00
64,16,2.000000e+01,M,P,1,2.797693e+00
64,16,2.000000e+01,M,P,2,1.093529e+00
64,16,2.000000e+01,M,P,3,5.042270e-01
64,16,2.000000e+01,M,P,4,2.500774e-01
64,16,2.000000e+01,M,P,5,1.464456e-01
64,16,2.000000e+01,M,P,6,7.432231e-02
64,16,2.000000e+01,M,P,7,3.336209e-02
64,16,2.000000e+01,M,P,8,1.316947e-02
64,16,2.000000e+01,M,P,9,5.495932e-03
64,16,2.000000e+01,M,P,10,2.188300e-03
64,16,2.000000e+01,M,P,11,9.425106e-04
64,16,2.000000e+01,M,P,12,3.117761e-04
64,16,2.000000e+01,M,P,13,1.128149e-04
64,16,2.000000e+01,M,P,14,2.784599e-05
64,16,2.000000e+01,M,P,15,5.828805e-06
64,16,2.000000e+01,M,P,16,1.075824e-06
64,16,2.000000e+01,M,S,1,6.807292e+00
64,16,2.000000e+01,M,S,2,1.554562e+00
64,16,2.000000e+01,M,S,3,5.530038e-01
64,16,2.000000e+01,M,S,4,2.676215e-01
64,16,2.000000e+01,M,S,5,1.472522e-01
64,16,2.000000e+01,M,S,6,5.897702e-02
64,16,2.000000e+01,M,S,7,3.386270e-02
64,16,2.000000e+01,M,S,8,1.112181e-02
64,16,2.000000e+01,M,S,9,3.663139e-03
64,16,2.000000e+01,M,S,10,2.168785e-03
64,16,2.000000e+01,M,S,11,7.019224e-04
64,16,2.000000e+01,M,S,12,2.323640e-04
64,16,2.000000e+01,M,S,13,7.257794e-05
64,16,2.000000e+01,M,S,14,1.948694e-05
64,16,2.000000e+01,M,S,15,3.746507e-06
64,16,2.000000e+01,M,S,16,7.679334e-07
64,16,2.000000e+01,M,ps,1,1.024276e+02
64,16,2.000000e+01,M,ps,2,5.822320e+00
64,16,2.000000e+01,M,ps,3,8.784998e-01
64,16,2.000000e+01,M,ps,4,1.938393e-01
64,16,2.000000e+01,M,ps,5,5.642228e-02
64,16,2.000000e+01,M,ps,6,1.579025e-02
64,16,2.000000e+01,M,ps,7,3.586848e-03
64,16,2.000000e+01,M,ps,8,4.294173e-04
64,16,2.000000e+01,M,ps,9,7.937701e-05
64,16,2.000000e+01,M,ps,10,1.841423e-05
64,16,2.000000e+01,M,ps,11,2.837838e-06
64,16,2.000000e+01,M,ps,12,3.005738e-07
64,16,2.000000e+01,M,ps,13,3.583569e-08
64,16,2.000000e+01,M,ps,14,2.285786e-09
64,16,2.000000e+01,M,ps,15,1.025246e-10
64,16,2.000000e+01,M,ps,16,4.409304e-12
64,16,2.000000e+01,M,alpha,1,1.076474e+00
64,16,2.000000e+01,M,alpha,2,1.429334e+00
64,16,2.000000e+01,M,alpha,3,1.693253e+00
64,16,2.000000e+01,M,alpha,4,1.757658e+00
64,16,2.000000e+01,M,alpha,5,1.963965e+00
64,16,2.000000e+01,M,alpha,6,1.983161e+00
64,16,2.000000e+01,M,alpha,7,1.920362e+00
64,16,2.000000e+01,M,alpha,8,1.989885e+00
64,16,2.000000e+01,M,alpha,9,2.184730e+00
64,16,2.000000e+01,M,alpha,10,2.098115e+00
64,16,2.000000e+01,M,alpha,11,2.119313e+00
64,16,2.000000e+01,M,alpha,12,2.376526e+00
64,16,2.000000e+01,M,alpha,13,2.318305e+00
64,16,2.000000e+01,M,alpha,14,2.284810e+00
64,16,2.000000e+01,M,alpha,15,2.476190e+00
64,16,2.000000e+01,M,alpha,16,2.472789e+00
64,16,2.000000e+01,M,X,0,0.000000e+00
64,16,2.000000e+01,M,X,1,1.758364e+00
64,16,2.000000e+01,M,X,2,1.506848e+00
64,16,2.000000e+01,M,X,3,1.289001e+00
64,16,2.000000e+01,M,X,4,1.139785e+00
64,16,2.000000e+01,M,X,5,1.047797e+00
64,16,2.000000e+01,M,X,6,1.014051e+00
64,16,2.000000e+01,M,X,7,1.001785e+00
64,16,2.000000e+01,M,X,8,1.001731e+00
64,16,2.000000e+01,M,X,9,1.001922e+00
64,16,2.000000e+01,M,X,10,1.002138e+00
64,16,2.000000e+01,M,X,11,1.002222e+00
64,16,2.000000e+01,M,X,12,1.002291e+00
64,16,2.000000e+01,M,X,13,1.002298e+00
64,16,2.000000e+01,M,X,14,1.002298e+00
64,16,2.000000e+01,M,X,15,1.002298e+00
64,16,2.000000e+01,M,X,16,1.002298e+00
64,16,2.000000e+01,M,R,0,2.797693e+00
64,16,2.000000e+01,M,R,1,1.083350e+00
64,16,2.000000e+01,M,R,2,4.734060e-01
64,16,2.000000e+01,M,R,3,2.183936e-01
64,16,2.000000e+01,M,R,4,1.230522e-01
64,16,2.000000e+01,M,R,5,5.334439e-02
64,16,2.000000e+01,M,R,6,2.969283e-02
64,16,2.000000e+01,M,R,7,1.153822e-02
64,16,2.000000e+01,M,R,8,4.661431e-03
64,16,2.000000e+01,M,R,9,1.935364e-03
64,16,2.000000e+01,M,R,10,8.512619e-04
64,16,2.000000e+01,M,R,11,2.555929e-04
64,16,2.000000e+01,M,R,12,1.038747e-04
64,16,2.000000e+01,M,R,13,2.491430e-05
64,16,2.000000e+01,M,R,14,5.490933e-06
64,16,2.000000e+01,M,R,15,1.115618e-06
64,16,2.000000e+01,M,R,16,4.058186e-13
64,16,2.000000e+01,M,rz,0,5.532611e+01
64,16,2.000000e+01,M,rz,1,4.158025e+00
64,16,2.000000e+01,M,rz,2,8.344116e-01
64,16,2.000000e+01,M,rz,3,2.128567e-01
64,16,2.000000e+01,M,rz,4,6.020641e-02
64,16,2.000000e+01,M,rz,5,1.501019e-02
64,16,2.000000e+01,M,rz,6,3.235905e-03
64,16,2.000000e+01,M,rz,7,4.786654e-04
64,16,2.000000e+01,M,rz,8,9.747210e-05
64,16,2.000000e+01,M,rz,9,1.423872e-05
64,16,2.000000e+01,M,rz,10,2.955569e-06
64,16,2.000000e+01,M,rz,11,3.457883e-07
64,16,2.000000e+01,M,rz,12,5.400212e-08
64,16,2.000000e+01,M,rz,13,3.296170e-09
64,16,2.000000e+01,M,rz,14,1.595871e-10
64,16,2.000000e+01,M,rz,15,6.405632e-12
64,16,2.000000e+01,M,rz,16,9.745456e-25
64,16,2.000000e+01,M,beta,1,3.068476e-01
64,16,2.000000e+01,M,beta,2,4.216553e-01
64,16,2.000000e+01,M,beta,3,6.155487e-01
64,16,2.000000e+01,M,beta,4,5.115613e-01
64,16,2.000000e+01,M,beta,5,6.092099e-01
64,16,2.000000e+01,M,beta,6,5.762173e-01
64,16,2.000000e+01,M,beta,7,5.273803e-01
64,16,2.000000e+01,M,beta,8,4.489269e-01
64,16,2.000000e+01,M,beta,9,4.906235e-01
64,16,2.000000e+01,M,beta,10,4.098369e-01
64,16,2.000000e+01,M,beta,11,4.420818e-01
64,16,2.000000e+01,M,beta,12,3.681911e-01
64,16,2.000000e+01,M,beta,13,3.062861e-01
64,16,2.000000e+01,M,beta,14,3.012499e-01
64,16,2.000000e+01,M,beta,15,2.088306e-01
64,16,2.000000e+01,M,beta,16,2.251967e-09
64,16,2.000000e+01,M,ps_min,1,5.911445e+00
64,16,2.000000e+01,M,ps_min,2,4.723479e-01
64,16,2.000000e+01,M,ps_min,3,4.700917e-02
64,16,2.000000e+01,M,ps_min,4,6.551640e-03
64,16,2.000000e+01,M,ps_min,5,4.496772e-04
64,16,2.000000e+01,M,ps_min,6,7.733490e-05
64,16,2.000000e+01,M,ps_min,7,8.778784e-06
64,16,2.000000e+01,M,ps_min,8,1.386121e-06
64,16,2.000000e+01,M,ps_min,9,2.036680e-07
64,16,2.000000e+01,M,ps_min,10,1.375105e-08
64,16,2.000000e+01,M,ps_min,11,8.966975e-10
64,16,2.000000e+01,M,ps_min,12,4.732721e-11
64,16,2.000000e+01,M,ps_min,13,2.946353e-12
64,16,2.000000e+01,M,ps_min,14,2.203790e-14
64,16,2.000000e+01,M,ps_min,15,2.556223e-16
64,16,2.000000e+01,M,ps_min,16,2.133575e-19
64,16,2.000000e+01,M,rz_min,0,5.701186e+00
64,16,2.000000e+01,M,rz_min,1,5.072844e-01
64,16,2.000000e+01,M,rz_min,2,5.346123e-02
64,16,2.000000e+01,M,rz_min,3,6.843265e-03
64,16,2.000000e+01,M,rz_min,4,6.102839e-04
64,16,2.000000e+01,M,rz_min,5,9.049443e-05
64,16,2.000000e+01,M,rz_min,6,1.256353e-05
64,16,2.000000e+01,M,rz_min,7,1.765212e-06
64,16,2.000000e+01,M,rz_min,8,2.795653e-07
64,16,2.000000e+01,M,rz_min,9,1.929213e-08
64,16,2.000000e+01,M,rz_min,10,1.226104e-09
64,16,2.000000e+01,M,rz_min,11,8.079655e-11
64,16,2.000000e+01,M,rz_min,12,4.439326e-12
64,16,2.000000e+01,M,rz_min,13,2.653936e-14
64,16,2.000000e+01,M,rz_min,14,3.840586e-16
64,16,2.000000e+01,M,rz_min,15,2.960218e-19
64,16,2.000000e+01,M,rz_min,16,2.647031e-37
128,4,-1.000000e+01,none,A,0,1.696423e+02
128,4,-1.000000e+01,none,A,1,1.696423e+02
128,4,-1.000000e+01,none,A,2,1.696423e+02
128,4,-1.000000e+01,none,A,3,1.696423e+02
128,4,-1.000000e+01,none,A,4,1.696423e+02
128,4,-1.000000e+01,none,B,0,2.499374e+02
128,4,-1.000000e+01,none,B,1,2.499374e+02
128,4,-1.000000e+01,none,B,2,2.499374e+02
128,4,-1.000000e+01,none,B,3,2.499374e+02
128,4,-1.000000e+01,none,B,4,2.499374e+02
128,4,-1.000000e+01,none,P,0,2.499374e+02
128,4,-1.000000e+01,none,P,1,2.499374e+02
128,4,-1.000000e+01,none,P,2,6.485023e+01
128,4,-1.000000e+01,none,P,3,1.281508e+01
128,4,-1.000000e+01,none,P,4,1.355350e+00
128,4,-1.000000e+01,none,S,1,4.439368e+04
128,4,-1.000000e+01,none,S,2,8.426083e+03
128,4,-1.000000e+01,none,S,3,1.785111e+03
128,4,-1.000000e+01,none,S,4,1.842212e+02
128,4,-1.000000e+01,none,ps,1,3.501085e+07
128,4,-1.000000e+01,none,ps,2,9.102799e+05
128,4,-1.000000e+01,none,ps,3,4.023231e+04
128,4,-1.000000e+01,none,ps,4,6.705297e+02
128,4,-1.000000e+01,none,alpha,1,9.797827e-03
128,4,-1.000000e+01,none,alpha,2,9.957154e-03
128,4,-1.000000e+01,none,alpha,3,1.008681e-02
128,4,-1.000000e+01,none,alpha,4,1.057743e-02
128,4,-1.000000e+01,none,X,0,0.000000e+00
128,4,-1.000000e+01,none,X,1,1.623580e+00
128,4,-1.000000e+01,none,X,2,1.678881e+00
128,4,-1.000000e+01,none,X,3,1.680153e+00
128,4,-1.000000e+01,none,X,4,1.680094e+00
128,4,-1.000000e+01,none,R,0,2.499374e+02
128,4,-1.000000e+01,none,R,1,6.435324e+01
128,4,-1.000000e+01,none,R,2,1.231173e+01
128,4,-1.000000e+01,none,R,3,1.326284e+00
128,4,-1.000000e+01,none,R,4,5.856426e-15
128,4,-1.000000e+01,none,rz,0,2.004277e+05
128,4,-1.000000e+01,none,rz,1,6.815155e+03
128,4,-1.000000e+01,none,rz,2,2.659628e+02
128,4,-1.000000e+01,none,rz,3,4.827420e+00
128,4,-1.000000e+01,none,rz,4,7.087633e-29
128,4,-1.000000e+01,none,beta,1,7.938509e-02
128,4,-1.000000e+01,none,beta,2,9.368583e-02
128,4,-1.000000e+01,none,beta,3,4.888226e-02
128,4,-1.000000e+01,none,beta,4,1.254414e-23
128,4,-1.000000e+01,none,ps_min,1,9.434357e+05
128,4,-1.000000e+01,none,ps_min,2,3.854551e+03
128,4,-1.000000e+01,none,ps_min,3,6.518912e+00
128,4,-1.000000e+01,none,ps_min,4,8.162584e-05
128,4,-1.000000e+01,none,rz_min,0,7.154448e+03
128,4,-1.000000e+01,none,rz_min,1,2.566022e+01
128,4,-1.000000e+01,none,rz_min,2,5.613610e-02
128,4,-1.000000e+01,none,rz_min,3,7.870915e-07
128,4,-1.000000e+01,none,rz_min,4,3.627869e-35
128,4,-1.000000e+01,M,A,0,1.325331e+00
128,4,-1.000000e+01,M,A,1,1.325331e+00
128,4,-1.000000e+01,M,A,2,1.325331e+00
128,4,-1.000000e+01,M,A,3,1.325331e+00
128,4,-1.000000e+01,M,A,4,1.325331e+00
128,4,-1.000000e+01,M,B,0,1.952636e+00
128,4,-1.000000e+01,M,B,1,1.952636e+00
128,4,-1.000000e+01,M,B,2,1.952636e+00
128,4,-1.000000e+01,M,B,3,1.952636e+00
128,4,-1.000000e+01,M,B,4,1.952636e+00
128,4,-1.000000e+01,M,P,0,1.952636e+00
128,4,-1.000000e+01,M,P,1,1.952636e+00
128,4,-1.000000e+01,M,P,2,5.066424e-01
128,4,-1.000000e+01,M,P,3,1.001178e-01
128,4,-1.000000e+01,M,P,4,1.058867e-02
128,4,-1.000000e+01,M,S,1,2.709575e+00
128,4,-1.000000e+01,M,S,2,5.142873e-01
128,4,-1.000000e+01,M,S,3,1.089545e-01
128,4,-1.000000e+01,M,S,4,1.124397e-02
128,4,-1.000000e+01,M,ps,1,1.669447e+01
128,4,-1.000000e+01,M,ps,2,4.340553e-01
128,4,-1.000000e+01,M,ps,3,1.918426e-02
128,4,-1.000000e+01,M,ps,4,3.197335e-04
128,4,-1.000000e+01,M,alpha,1,1.254122e+00
128,4,-1.000000e+01,M,alpha,2,1.274516e+00
128,4,-1.000000e+01,M,alpha,3,1.291112e+00
128,4,-1.000000e+01,M,alpha,4,1.353911e+00
128,4,-1.000000e+01,M,X,0,0.000000e+00
128,4,-1.000000e+01,M,X,1,1.623580e+00
128,4,-1.000000e+01,M,X,2,1.678881e+00
128,4,-1.000000e+01,M,X,3,1.680153e+00
128,4,-1.000000e+01,M,X,4,1.680094e+00
128,4,-1.000000e+01,M,R,0,1.952636e+00
128,4,-1.000000e+01,M,R,1,5.027597e-01
128,4,-1.000000e+01,M,R,2,9.618535e-02
128,4,-1.000000e+01,M,R,3,1.036160e-02
128,4,-1.000000e+01,M,R,4,4.575333e-17
128,4,-1.000000e+01,M,rz,0,1.223314e+01
128,4,-1.000000e+01,M,rz,1,4.159640e-01
128,4,-1.000000e+01,M,rz,2,1.623308e-02
128,4,-1.000000e+01,M,rz,3,2.946423e-04
128,4,-1.000000e+01,M,rz,4,4.325948e-33
128,4,-1.000000e+01,M,beta,1,7.938509e-02
128,4,-1.000000e+01,M,beta,2,9.368583e-02
128,4,-1.000000e+01,M,beta,3,4.888226e-02
128,4,-1.000000e+01,M,beta,4,1.254414e-23
128,4,-1.000000e+01,M,ps_min,1,4.498652e-01
128,4,-1.000000e+01,M,ps_min,2,1.837993e-03
128,4,-1.000000e+01,M,ps_min,3,3.108460e-06
128,4,-1.000000e+01,M,ps_min,4,3.892223e-11
128,4,-1.000000e+01,M,rz_min,0,4.366728e-01
128,4,-1.000000e+01,M,rz_min,1,1.566176e-03
128,4,-1.000000e+01,M,rz_min,2,3.426276e-06
128,4,-1.000000e+01,M,rz_min,3,4.804025e-11
128,4,-1.000000e+01,M,rz_min,4,2.214276e-39
128,4,0.000000e+00,none,A,0,1.657939e+02
128,4,0.000000e+00,none,A,1,1.657939e+02
128,4,0.000000e+00,none,A,2,1.657939e+02
128,4,0.000000e+00,none,A,3,1.657939e+02
128,4,0.000000e+00,none,A,4,1.657939e+02
128,4,0.000000e+00,none,B,0,2.126361e+02
128,4,0.000000e+00,none,B,1,2.126361e+02
128,4,0.000000e+00,none,B,2,2.126361e+02
128,4,0.000000e+00,none,B,3,2.126361e+02
128,4,0.000000e+00,none,B,4,2.126361e+02
128,4,0.000000e+00,none,P,0,2.126361e+02
128,4,0.000000e+00,none,P,1,2.126361e+02
128,4,0.000000e+00,none,P,2,6.322930e+01
128,4,0.000000e+00,none,P,3,1.119839e+01
128,4,0.000000e+00,none,P,4,1.217967e+00
128,4,0.000000e+00,none,S,1,4.235399e+04
128,4,0.000000e+00,none,S,2,7.757555e+03
128,4,0.000000e+00,none,S,3,1.393204e+03
128,4,0.000000e+00,none,S,4,1.608902e+02
128,4,0.000000e+00,none,ps,1,3.019160e+07
128,4,0.000000e+00,none,ps,2,1.156005e+06
128,4,0.000000e+00,none,ps,3,2.514371e+04
128,4,0.000000e+00,none,ps,4,5.666626e+02
128,4,0.000000e+00,none,alpha,1,1.024728e-02
128,4,0.000000e+00,none,alpha,2,1.155949e-02
128,4,0.000000e+00,none,alpha,3,1.115827e-02
128,4,0.000000e+00,none,alpha,4,1.123879e-02
128,4,0.000000e+00,none,X,0,0.000000e+00
128,4,0.000000e+00,none,X,1,1.350014e+00
128,4,0.000000e+00,none,X,2,1.201502e+00
128,4,0.000000e+00,none,X,3,1.203885e+00
128,4,0.000000e+00,none,X,4,1.206836e+00
128,4,0.000000e+00,none,R,0,2.126361e+02
128,4,0.000000e+00,none,R,1,5.701706e+01
128,4,0.000000e+00,none,R,2,1.038181e+01
128,4,0.000000e+00,none,R,3,1.234079e+00
128,4,0.000000e+00,none,R,4,1.020017e-14
128,4,0.000000e+00,none,rz,0,1.817611e+05
128,4,0.000000e+00,none,rz,1,8.832586e+03
128,4,0.000000e+00,none,rz,2,2.103528e+02
128,4,0.000000e+00,none,rz,3,4.151599e+00
128,4,0.000000e+00,none,rz,4,1.797386e-28
128,4,0.000000e+00,none,beta,1,1.023974e-01
128,4,0.000000e+00,none,beta,2,8.141338e-02
128,4,0.000000e+00,none,beta,3,7.896560e-02
128,4,0.000000e+00,none,beta,4,1.768670e-25
128,4,0.000000e+00,none,ps_min,1,9.375536e+05
128,4,0.000000e+00,none,ps_min,2,6.490140e+03
128,4,0.000000e+00,none,ps_min,3,8.585251e+00
128,4,0.000000e+00,none,ps_min,4,2.670096e-03
128,4,0.000000e+00,none,rz_min,0,8.227979e+03
128,4,0.000000e+00,none,rz_min,1,4.888350e+01
128,4,0.000000e+00,none,rz_min,2,6.612549e-02
128,4,0.000000e+00,none,rz_min,3,2.078710e-05
128,4,0.000000e+00,none,rz_min,4,5.792836e-35
128,4,0.000000e+00,M,A,0,1.295265e+00
128,4,0.000000e+00,M,A,1,1.295265e+00
128,4,0.000000e+00,M,A,2,1.295265e+00
128,4,0.000000e+00,M,A,3,1.295265e+00
128,4,0.000000e+00,M,A,4,1.295265e+00
128,4,0.000000e+00,M,B,0,1.661220e+00
128,4,0.000000e+00,M,B,1,1.661220e+00
128,4,0.000000e+00,M,B,2,1.661220e+00
128,4,0.000000e+00,M,B,3,1.661220e+00
128,4,0.000000e+00,M,B,4,1.661220e+00
128,4,0.000000e+00,M,P,0,1.661220e+00
128,4,0.000000e+00,M,P,1,1.661220e+00
128,4,0.000000e+00,M,P,2,4.939789e-01
128,4,0.000000e+00,M,P,3,8.748741e-02
128,4,0.000000e+00,M,P,4,9.515369e-03
128,4,0.000000e+00,M,S,1,2.585083e+00
128,4,0.000000e+00,M,S,2,4.734836e-01
128,4,0.000000e+00,M,S,3,8.503445e-02
128,4,0.000000e+00,M,S,4,9.819956e-03
128,4,0.000000e+00,M,ps,1,1.439648e+01
128,4,0.000000e+00,M,ps,2,5.512261e-01
128,4,0.000000e+00,M,ps,3,1.198945e-02
128,4,0.000000e+00,M,ps,4,2.702058e-04
128,4,0.000000e+00,M,alpha,1,1.311652e+00
128,4,0.000000e+00,M,alpha,2,1.479615e+00
128,4,0.000000e+00,M,alpha,3,1.428259e+00
128,4,0.000000e+00,M,alpha,4,1.438566e+00
128,4,0.000000e+00,M,X,0,0.000000e+00
128,4,0.000000e+00,M,X,1,1.350014e+00
128,4,0.000000e+00,M,X,2,1.201502e+00
128,4,0.000000e+00,M,X,3,1.203885e+00
128,4,0.000000e+00,M,X,4,1.206836e+00
128,4,0.000000e+00,M,R,0,1.661220e+00
128,4,0.000000e+00,M,R,1,4.454457e-01
128,4,0.000000e+00,M,R,2,8.110793e-02
128,4,0.000000e+00,M,R,3,9.641242e-03
128,4,0.000000e+00,M,R,4,7.968886e-17
128,4,0.000000e+00,M,rz,0,1.109382e+01
128,4,0.000000e+00,M,rz,1,5.390982e-01
128,4,0.000000e+00,M,rz,2,1.283891e-02
128,4,0.000000e+00,M,rz,3,2.533935e-04
128,4,0.000000e+00,M,rz,4,1.097037e-32
128,4,0.000000e+00,M,beta,1,1.023974e-01
128,4,0.000000e+00,M,beta,2,8.141338e-02
128,4,0.000000e+00,M,beta,3,7.896560e-02
128,4,0.000000e+00,M,beta,4,1.768670e-25
128,4,0.000000e+00,M,ps_min,1,4.470604e-01
128,4,0.000000e+00,M,ps_min,2,3.094740e-03
128,4,0.000000e+00,M,ps_min,3,4.093767e-06
128,4,0.000000e+00,M,ps_min,4,1.273201e-09
128,4,0.000000e+00,M,rz_min,0,5.021960e-01
128,4,0.000000e+00,M,rz_min,1,2.983612e-03
128,4,0.000000e+00,M,rz_min,2,4.035980e-06
128,4,0.000000e+00,M,rz_min,3,1.268744e-09
128,4,0.000000e+00,M,rz_min,4,3.535667e-39
128,4,1.000000e+01,none,A,0,1.645078e+02
128,4,1.000000e+01,none,A,1,1.645078e+02
128,4,1.000000e+01,none,A,2,1.645078e+02
128,4,1.000000e+01,none,A,3,1.645078e+02
128,4,1.000000e+01,none,A,4,1.645078e+02
128,4,1.000000e+01,none,B,0,2.125320e+02
128,4,1.000000e+01,none,B,1,2.125320e+02
128,4,1.000000e+01,none,B,2,2.125320e+02
128,4,1.000000e+01,none,B,3,2.125320e+02
128,4,1.000000e+01,none,B,4,2.125320e+02
128,4,1.000000e+01,none,P,0,2.125320e+02
128,4,1.000000e+01,none,P,1,2.125320e+02
128,4,1.000000e+01,none,P,2,7.372725e+01
128,4,1.000000e+01,none,P,3,1.054183e+01
128,4,1.000000e+01,none,P,4,1.203472e+00
128,4,1.000000e+01,none,S,1,4.393445e+04
128,4,1.000000e+01,none,S,2,8.749101e+03
128,4,1.000000e+01,none,S,3,1.396263e+03
128,4,1.000000e+01,none,S,4,1.787603e+02
128,4,1.000000e+01,none,ps,1,2.936080e+07
128,4,1.000000e+01,none,ps,2,1.173711e+06
128,4,1.000000e+01,none,ps,3,2.950015e+04
128,4,1.000000e+01,none,ps,4,4.084231e+02
128,4,1.000000e+01,none,alpha,1,1.019569e-02
128,4,1.000000e+01,none,alpha,2,1.095133e-02
128,4,1.000000e+01,none,alpha,3,1.128876e-02
128,4,1.000000e+01,none,alpha,4,1.149557e-02
128,4,1.000000e+01,none,X,0,0.000000e+00
128,4,1.000000e+01,none,X,1,1.276917e+00
128,4,1.000000e+01,none,X,2,1.051067e+00
128,4,1.000000e+01,none,X,3,1.040790e+00
128,4,1.000000e+01,none,X,4,1.039477e+00
128,4,1.000000e+01,none,R,0,2.125320e+02
128,4,1.000000e+01,none,R,1,6.928350e+01
128,4,1.000000e+01,none,R,2,1.134858e+01
128,4,1.000000e+01,none,R,3,1.251004e+00
128,4,1.000000e+01,none,R,4,5.606626e-15
128,4,1.000000e+01,none,rz,0,1.723447e+05
128,4,1.000000e+01,none,rz,1,8.344995e+03
128,4,1.000000e+01,none,rz,2,2.392455e+02
128,4,1.000000e+01,none,rz,3,3.426868e+00
128,4,1.000000e+01,none,rz,4,8.710043e-29
128,4,1.000000e+01,none,beta,1,9.080795e-02
128,4,1.000000e+01,none,beta,2,8.128671e-02
128,4,1.000000e+01,none,beta,3,6.895368e-02
128,4,1.000000e+01,none,beta,4,1.549561e-25
128,4,1.000000e+01,none,ps_min,1,7.939968e+05
128,4,1.000000e+01,none,ps_min,2,1.979442e+03
128,4,1.000000e+01,none,ps_min,3,8.577646e+00
128,4,1.000000e+01,none,ps_min,4,4.802728e-06
128,4,1.000000e+01,none,rz_min,0,7.925969e+03
128,4,1.000000e+01,none,rz_min,1,1.691064e+01
128,4,1.000000e+01,none,rz_min,2,6.556087e-02
128,4,1.000000e+01,none,rz_min,3,4.408641e-08
128,4,1.000000e+01,none,rz_min,4,7.109390e-35
128,4,1.000000e+01,M,A,0,1.285217e+00
128,4,1.000000e+01,M,A,1,1.285217e+00
128,4,1.000000e+01,M,A,2,1.285217e+00
128,4,1.000000e+01,M,A,3,1.285217e+00
128,4,1.000000e+01,M,A,4,1.285217e+00
128,4,1.000000e+01,M,B,0,1.660406e+00
128,4,1.000000e+01,M,B,1,1.660406e+00
128,4,1.000000e+01,M,B,2,1.660406e+00
128,4,1.000000e+01,M,B,3,1.660406e+00
128,4,1.000000e+01,M,B,4,1.660406e+00
128,4,1.000000e+01,M,P,0,1.660406e+00
128,4,1.000000e+01,M,P,1,1.660406e+00
128,4,1.000000e+01,M,P,2,5.759941e-01
128,4,1.000000e+01,M,P,3,8.235809e-02
128,4,1.000000e+01,M,P,4,9.402122e-03
128,4,1.000000e+01,M,S,1,2.681546e+00
128,4,1.000000e+01,M,S,2,5.340028e-01
128,4,1.000000e+01,M,S,3,8.522114e-02
128,4,1.000000e+01,M,S,4,1.091066e-02
128,4,1.000000e+01,M,ps,1,1.400032e+01
128,4,1.000000e+01,M,ps,2,5.596689e-01
128,4,1.000000e+01,M,ps,3,1.406677e-02
128,4,1.000000e+01,M,ps,4,1.947513e-04
128,4,1.000000e+01,M,alpha,1,1.305049e+00
128,4,1.000000e+01,M,alpha,2,1.401771e+00
128,4,1.000000e+01,M,alpha,3,1.444961e+00
128,4,1.000000e+01,M,alpha,4,1.471433e+00
128,4,1.000000e+01,M,X,0,0.000000e+00
128,4,1.000000e+01,M,X,1,1.276917e+00
128,4,1.000000e+01,M,X,2,1.051067e+00
128,4,1.000000e+01,M,X,3,1.040790e+00
128,4,1.000000e+01,M,X,4,1.039477e+00
128,4,1.000000e+01,M,R,0,1.660406e+00
128,4,1.000000e+01,M,R,1,5.412773e-01
128,4,1.000000e+01,M,R,2,8.866077e-02
128,4,1.000000e+01,M,R,3,9.773472e-03
128,4,1.000000e+01,M,R,4,4.380177e-17
128,4,1.000000e+01,M,rz,0,1.051909e+01
128,4,1.000000e+01,M,rz,1,5.093381e-01
128,4,1.000000e+01,M,rz,2,1.460239e-02
128,4,1.000000e+01,M,rz,3,2.091594e-04
128,4,1.000000e+01,M,rz,4,5.316189e-33
128,4,1.000000e+01,M,beta,1,9.080795e-02
128,4,1.000000e+01,M,beta,2,8.128671e-02
128,4,1.000000e+01,M,beta,3,6.895368e-02
128,4,1.000000e+01,M,beta,4,1.549561e-25
128,4,1.000000e+01,M,ps_min,1,3.786072e-01
128,4,1.000000e+01,M,ps_min,2,9.438716e-04
128,4,1.000000e+01,M,ps_min,3,4.090140e-06
128,4,1.000000e+01,M,ps_min,4,2.290119e-12
128,4,1.000000e+01,M,rz_min,0,4.837628e-01
128,4,1.000000e+01,M,rz_min,1,1.032144e-03
128,4,1.000000e+01,M,rz_min,2,4.001518e-06
128,4,1.000000e+01,M,rz_min,3,2.690821e-12
128,4,1.000000e+01,M,rz_min,4,4.339227e-39
128,4,2.000000e+01,none,A,0,1.727779e+02
128,4,2.000000e+01,none,A,1,1.727779e+02
128,4,2.000000e+01,none,A,2,1.727779e+02
128,4,2.000000e+01,none,A,3,1.727779e+02
128,4,2.000000e+01,none,A,4,1.727779e+02
128,4,2.000000e+01,none,B,0,1.885203e+02
128,4,2.000000e+01,none,B,1,1.885203e+02
128,4,2.000000e+01,none,B,2,1.885203e+02
128,4,2.000000e+01,none,B,3,1.885203e+02
128,4,2.000000e+01,none,B,4,1.885203e+02
128,4,2.000000e+01,none,P,0,1.885203e+02
128,4,2.000000e+01,none,P,1,1.885203e+02
128,4,2.000000e+01,none,P,2,6.306506e+01
128,4,2.000000e+01,none,P,3,1.525099e+01
128,4,2.000000e+01,none,P,4,1.499384e+00
128,4,2.000000e+01,none,S,1,3.443082e+04
128,4,2.000000e+01,none,S,2,7.865191e+03
128,4,2.000000e+01,none,S,3,1.782916e+03
128,4,2.000000e+01,none,S,4,2.053198e+02
128,4,2.000000e+01,none,ps,1,3.115023e+07
128,4,2.000000e+01,none,ps,2,8.344171e+05
128,4,2.000000e+01,none,ps,3,5.452769e+04
128,4,2.000000e+01,none,ps,4,5.321460e+02
128,4,2.000000e+01,none,alpha,1,1.065671e-02
128,4,2.000000e+01,none,alpha,2,1.148639e-02
128,4,2.000000e+01,none,alpha,3,1.180967e-02
128,4,2.000000e+01,none,alpha,4,1.123611e-02
128,4,2.000000e+01,none,X,0,0.000000e+00
128,4,2.000000e+01,none,X,1,1.300338e+00
128,4,2.000000e+01,none,X,2,1.036996e+00
128,4,2.000000e+01,none,X,3,9.780271e-01
128,4,2.000000e+01,none,X,4,9.777465e-01
128,4,2.000000e+01,none,R,0,1.885203e+02
128,4,2.000000e+01,none,R,1,6.500294e+01
128,4,2.000000e+01,none,R,2,1.207216e+01
128,4,2.000000e+01,none,R,3,1.474252e+00
128,4,2.000000e+01,none,R,4,5.218048e-15
128,4,2.000000e+01,none,rz,0,1.830027e+05
128,4,2.000000e+01,none,rz,1,6.545580e+03
128,4,2.000000e+01,none,rz,2,3.832813e+02
128,4,2.000000e+01,none,rz,3,3.926031e+00
128,4,2.000000e+01,none,rz,4,6.929130e-29
128,4,2.000000e+01,none,beta,1,1.087428e-01
128,4,2.000000e+01,none,beta,2,9.721086e-02
128,4,2.000000e+01,none,beta,3,6.786601e-02
128,4,2.000000e+01,none,beta,4,2.596047e-26
128,4,2.000000e+01,none,ps_min,1,1.123261e+06
128,4,2.000000e+01,none,ps_min,2,2.791699e+03
128,4,2.000000e+01,none,ps_min,3,6.987058e+00
128,4,2.000000e+01,none,ps_min,4,1.130267e-04
128,4,2.000000e+01,none,rz_min,0,9.671320e+03
128,4,2.000000e+01,none,rz_min,1,2.306263e+01
128,4,2.000000e+01,none,rz_min,2,5.679290e-02
128,4,2.000000e+01,none,rz_min,3,9.436450e-07
128,4,2.000000e+01,none,rz_min,4,6.869589e-35
128,4,2.000000e+01,M,A,0,1.349827e+00
128,4,2.000000e+01,M,A,1,1.349827e+00
128,4,2.000000e+01,M,A,2,1.349827e+00
128,4,2.000000e+01,M,A,3,1.349827e+00
128,4,2.000000e+01,M,A,4,1.349827e+00
128,4,2.000000e+01,M,B,0,1.472815e+00
128,4,2.000000e+01,M,B,1,1.472815e+00
128,4,2.000000e+01,M,B,2,1.472815e+00
128,4,2.000000e+01,M,B,3,1.472815e+00
128,4,2.000000e+01,M,B,4,1.472815e+00
128,4,2.000000e+01,M,P,0,1.472815e+00
128,4,2.000000e+01,M,P,1,1.472815e+00
128,4,2.000000e+01,M,P,2,4.926958e-01
128,4,2.000000e+01,M,P,3,1.191484e-01
128,4,2.000000e+01,M,P,4,1.171394e-02
128,4,2.000000e+01,M,S,1,2.101490e+00
128,4,2.000000e+01,M,S,2,4.800532e-01
128,4,2.000000e+01,M,S,3,1.088206e-01
128,4,2.000000e+01,M,S,4,1.253172e-02
128,4,2.000000e+01,M,ps,1,1.485359e+01
128,4,2.000000e+01,M,ps,2,3.978811e-01
128,4,2.000000e+01,M,ps,3,2.600083e-02
128,4,2.000000e+01,M,ps,4,2.537470e-04
128,4,2.000000e+01,M,alpha,1,1.364059e+00
128,4,2.000000e+01,M,alpha,2,1.470258e+00
128,4,2.000000e+01,M,alpha,3,1.511638e+00
128,4,2.000000e+01,M,alpha,4,1.438222e+00
128,4,2.000000e+01,M,X,0,0.000000e+00
128,4,2.000000e+01,M,X,1,1.300338e+00
128,4,2.000000e+01,M,X,2,1.036996e+00
128,4,2.000000e+01,M,X,3,9.780271e-01
128,4,2.000000e+01,M,X,4,9.777465e-01
128,4,2.000000e+01,M,R,0,1.472815e+00
128,4,2.000000e+01,M,R,1,5.078355e-01
128,4,2.000000e+01,M,R,2,9.431376e-02
128,4,2.000000e+01,M,R,3,1.151759e-02
128,4,2.000000e+01,M,R,4,4.076600e-17
128,4,2.000000e+01,M,rz,0,1.116960e+01
128,4,2.000000e+01,M,rz,1,3.995105e-01
128,4,2.000000e+01,M,rz,2,2.339363e-02
128,4,2.000000e+01,M,rz,3,2.396259e-04
128,4,2.000000e+01,M,rz,4,4.229205e-33
128,4,2.000000e+01,M,beta,1,1.087428e-01
128,4,2.000000e+01,M,beta,2,9.721086e-02
128,4,2.000000e+01,M,beta,3,6.786601e-02
128,4,2.000000e+01,M,beta,4,2.596047e-26
128,4,2.000000e+01,M,ps_min,1,5.356126e-01
128,4,2.000000e+01,M,ps_min,2,1.331186e-03
128,4,2.000000e+01,M,ps_min,3,3.331689e-06
128,4,2.000000e+01,M,ps_min,4,5.389533e-11
128,4,2.000000e+01,M,rz_min,0,5.902905e-01
128,4,2.000000e+01,M,rz_min,1,1.407631e-03
128,4,2.000000e+01,M,rz_min,2,3.466364e-06
128,4,2.000000e+01,M,rz_min,3,5.759552e-11
128,4,2.000000e+01,M,rz_min,4,4.192864e-39
128,8,-1.000000e+01,none,A,0,1.783744e+02
128,8,-1.000000e+01,none,A,1,1.783744e+02
128,8,-1.000000e+01,none,A,2,1.783744e+02
128,8,-1.000000e+01,none,A,3,1.783744e+02
128,8,-1.000000e+01,none,A,4,1.783744e+02
128,8,-1.000000e+01,none,A,5,1.783744e+02
128,8,-1.000000e+01,none,A,6,1.783744e+02
128,8,-1.000000e+01,none,A,7,1.783744e+02
128,8,-1.000000e+01,none,A,8,1.783744e+02
128,8,-1.000000e+01,none,B,0,2.834274e+02
128,8,-1.000000e+01,none,B,1,2.834274e+02
128,8,-1.000000e+01,none,B,2,2.834274e+02
128,8,-1.000000e+01,none,B,3,2.834274e+02
128,8,-1.000000e+01,none,B,4,2.834274e+02
128,8,-1.000000e+01,none,B,5,2.834274e+02
128,8,-1.000000e+01,none,B,6,2.834274e+02
128,8,-1.000000e+01,none,B,7,2.834274e+02
128,8,-1.000000e+01,none,B,8,2.834274e+02
128,8,-1.000000e+01,none,P,0,2.834274e+02
128,8,-1.000000e+01,none,P,1,2.834274e+02
128,8,-1.000000e+01,none,P,2,8.370886e+01
128,8,-1.000000e+01,none,P,3,2.318190e+01
128,8,-1.000000e+01,none,P,4,4.875742e+00
128,8,-1.000000e+01,none,P,5,1.474292e+00
128,8,-1.000000e+01,none,P,6,2.300867e-01
128,8,-1.000000e+01,none,P,7,2.387438e-02
128,8,-1.000000e+01,none,P,8,2.881859e-03
128,8,-1.000000e+01,none,S,1,5.487289e+04
128,8,-1.000000e+01,none,S,2,1.263773e+04
128,8,-1.000000e+01,none,S,3,3.187788e+03
128,8,-1.000000e+01,none,S,4,6.059052e+02
128,8,-1.000000e+01,none,S,5,1.881403e+02
128,8,-1.000000e+01,none,S,6,2.866822e+01
128,8,-1.000000e+01,none,S,7,2.770840e+00
128,8,-1.000000e+01,none,S,8,4.155174e-01
128,8,-1.000000e+01,none,ps,1,6.219784e+07
128,8,-1.000000e+01,none,ps,2,2.267541e+06
128,8,-1.000000e+01,none,ps,3,1.820789e+05
128,8,-1.000000e+01,none,ps,4,9.026955e+03
128,8,-1.000000e+01,none,ps,5,4.468178e+02
128,8,-1.000000e+01,none,ps,6,1.430789e+01
128,8,-1.000000e+01,none,ps,7,1.717874e-01
128,8,-1.000000e+01,none,ps,8,3.190755e-03
128,8,-1.000000e+01,none,alpha,1,9.190966e-03
128,8,-1.000000e+01,none,alpha,2,9.785821e-03
128,8,-1.000000e+01,none,alpha,3,1.026024e-02
128,8,-1.000000e+01,none,alpha,4,1.019561e-02
128,8,-1.000000e+01,none,alpha,5,1.009345e-02
128,8,-1.000000e+01,none,alpha,6,1.051264e-02
128,8,-1.000000e+01,none,alpha,7,1.068349e-02
128,8,-1.000000e+01,none,alpha,8,1.181905e-02
128,8,-1.000000e+01,none,X,0,0.000000e+00
128,8,-1.000000e+01,none,X,1,1.855281e+00
128,8,-1.000000e+01,none,X,2,1.705718e+00
128,8,-1.000000e+01,none,X,3,1.694736e+00
128,8,-1.000000e+01,none,X,4,1.689654e+00
128,8,-1.000000e+01,none,X,5,1.689283e+00
128,8,-1.000000e+01,none,X,6,1.689339e+00
128,8,-1.000000e+01,none,X,7,1.689351e+00
128,8,-1.000000e+01,none,X,8,1.689351e+00
128,8,-1.000000e+01,none,R,0,2.834274e+02
128,8,-1.000000e+01,none,R,1,8.011847e+01
128,8,-1.000000e+01,none,R,2,2.131259e+01
128,8,-1.000000e+01,none,R,3,4.417463e+00
128,8,-1.000000e+01,none,R,4,1.431518e+00
128,8,-1.000000e+01,none,R,5,2.032917e-01
128,8,-1.000000e+01,none,R,6,2.374566e-02
128,8,-1.000000e+01,none,R,7,2.906230e-03
128,8,-1.000000e+01,none,R,8,2.502901e-15
128,8,-1.000000e+01,none,rz,0,3.616801e+05
128,8,-1.000000e+01,none,rz,1,1.681179e+04
128,8,-1.000000e+01,none,rz,2,1.288360e+03
128,8,-1.000000e+01,none,rz,3,6.408960e+01
128,8,-1.000000e+01,none,rz,4,3.427736e+00
128,8,-1.000000e+01,none,rz,5,1.149877e-01
128,8,-1.000000e+01,none,rz,6,1.471205e-03
128,8,-1.000000e+01,none,rz,7,2.519962e-05
128,8,-1.000000e+01,none,rz,8,2.597382e-29
128,8,-1.000000e+01,none,beta,1,1.307966e-01
128,8,-1.000000e+01,none,beta,2,1.350535e-01
128,8,-1.000000e+01,none,beta,3,1.324415e-01
128,8,-1.000000e+01,none,beta,4,1.154339e-01
128,8,-1.000000e+01,none,beta,5,1.179914e-01
128,8,-1.000000e+01,none,beta,6,8.954356e-02
128,8,-1.000000e+01,none,beta,7,5.845593e-02
128,8,-1.000000e+01,none,beta,8,9.572374e-22
128,8,-1.000000e+01,none,ps_min,1,4.725152e+06
128,8,-1.000000e+01,none,ps_min,2,7.851206e+04
128,8,-1.000000e+01,none,ps_min,3,1.369620e+03
128,8,-1.000000e+01,none,ps_min,4,2.738891e+01
128,8,-1.000000e+01,none,ps_min,5,3.008765e-01
128,8,-1.000000e+01,none,ps_min,6,3.778185e-03
128,8,-1.000000e+01,none,ps_min,7,4.566591e-06
128,8,-1.000000e+01,none,ps_min,8,7.755420e-10
128,8,-1.000000e+01,none,rz_min,0,4.060387e+04
128,8,-1.000000e+01,none,rz_min,1,5.507540e+02
128,8,-1.000000e+01,none,rz_min,2,1.113800e+01
128,8,-1.000000e+01,none,rz_min,3,2.054192e-01
128,8,-1.000000e+01,none,rz_min,4,2.512098e-03
128,8,-1.000000e+01,none,rz_min,5,3.141509e-05
128,8,-1.000000e+01,none,rz_min,6,3.895900e-08
128,8,-1.000000e+01,none,rz_min,7,5.711317e-12
128,8,-1.000000e+01,none,rz_min,8,7.065886e-38
128,8,-1.000000e+01,M,A,0,1.393550e+00
128,8,-1.000000e+01,M,A,1,1.393550e+00
128,8,-1.000000e+01,M,A,2,1.393550e+00
128,8,-1.000000e+01,M,A,3,1.393550e+00
128,8,-1.000000e+01,M,A,4,1.393550e+00
128,8,-1.000000e+01,M,A,5,1.393550e+00
128,8,-1.000000e+01,M,A,6,1.393550e+00
128,8,-1.000000e+01,M,A,7,1.393550e+00
128,8,-1.000000e+01,M,A,8,1.393550e+00
128,8,-1.000000e+01,M,B,0,2.214277e+00
128,8,-1.000000e+01,M,B,1,2.214277e+00
128,8,-1.000000e+01,M,B,2,2.214277e+00
128,8,-1.000000e+01,M,B,3,2.214277e+00
128,8,-1.000000e+01,M,B,4,2.214277e+00
128,8,-1.000000e+01,M,B,5,2.214277e+00
128,8,-1.000000e+01,M,B,6,2.214277e+00
128,8,-1.000000e+01,M,B,7,2.214277e+00
128,8,-1.000000e+01,M,B,8,2.214277e+00
128,8,-1.000000e+01,M,P,0,2.214277e+00
128,8,-1.000000e+01,M,P,1,2.214277e+00
128,8,-1.000000e+01,M,P,2,6.539755e-01
128,8,-1.000000e+01,M,P,3,1.811086e-01
128,8,-1.000000e+01,M,P,4,3.809174e-02
128,8,-1.000000e+01,M,P,5,1.151791e-02
128,8,-1.000000e+01,M,P,6,1.797552e-03
128,8,-1.000000e+01,M,P,7,1.865186e-04
128,8,-1.000000e+01,M,P,8,2.251453e-05
128,8,-1.000000e+01,M,S,1,3.349176e+00
128,8,-1.000000e+01,M,S,2,7.713458e-01
128,8,-1.000000e+01,M,S,3,1.945672e-01
128,8,-1.000000e+01,M,S,4,3.698152e-02
128,8,-1.000000e+01,M,S,5,1.148317e-02
128,8,-1.000000e+01,M,S,6,1.749769e-03
128,8,-1.000000e+01,M,S,7,1.691187e-04
128,8,-1.000000e+01,M,S,8,2.536117e-05
128,8,-1.000000e+01,M,ps,1,2.965824e+01
128,8,-1.000000e+01,M,ps,2,1.081248e+00
128,8,-1.000000e+01,M,ps,3,8.682200e-02
128,8,-1.000000e+01,M,ps,4,4.304388e-03
128,8,-1.000000e+01,M,ps,5,2.130593e-04
128,8,-1.000000e+01,M,ps,6,6.822533e-06
128,8,-1.000000e+01,M,ps,7,8.191461e-08
128,8,-1.000000e+01,M,ps,8,1.521471e-09
128,8,-1.000000e+01,M,alpha,1,1.176444e+00
128,8,-1.000000e+01,M,alpha,2,1.252585e+00
128,8,-1.000000e+01,M,alpha,3,1.313311e+00
128,8,-1.000000e+01,M,alpha,4,1.305038e+00
128,8,-1.000000e+01,M,alpha,5,1.291962e+00
128,8,-1.000000e+01,M,alpha,6,1.345618e+00
128,8,-1.000000e+01,M,alpha,7,1.367487e+00
128,8,-1.000000e+01,M,alpha,8,1.512839e+00
128,8,-1.000000e+01,M,X,0,0.000000e+00
128,8,-1.000000e+01,M,X,1,1.855281e+00
128,8,-1.000000e+01,M,X,2,1.705718e+00
128,8,-1.000000e+01,M,X,3,1.694736e+00
128,8,-1.000000e+01,M,X,4,1.689654e+00
128,8,-1.000000e+01,M,X,5,1.689283e+00
128,8,-1.000000e+01,M,X,6,1.689339e+00
128,8,-1.000000e+01,M,X,7,1.689351e+00
128,8,-1.000000e+01,M,X,8,1.689351e+00
128,8,-1.000000e+01,M,R,0,2.214277e+00
128,8,-1.000000e+01,M,R,1,6.259255e-01
128,8,-1.000000e+01,M,R,2,1.665046e-01
128,8,-1.000000e+01,M,R,3,3.451143e-02
128,8,-1.000000e+01,M,R,4,1.118374e-02
128,8,-1.000000e+01,M,R,5,1.588217e-03
128,8,-1.000000e+01,M,R,6,1.855129e-04
128,8,-1.000000e+01,M,R,7,2.270492e-05
128,8,-1.000000e+01,M,R,8,1.955391e-17
128,8,-1.000000e+01,M,rz,0,2.207520e+01
128,8,-1.000000e+01,M,rz,1,1.026110e+00
128,8,-1.000000e+01,M,rz,2,7.863528e-02
128,8,-1.000000e+01,M,rz,3,3.911719e-03
128,8,-1.000000e+01,M,rz,4,2.092124e-04
128,8,-1.000000e+01,M,rz,5,7.018290e-06
128,8,-1.000000e+01,M,rz,6,8.979521e-08
128,8,-1.000000e+01,M,rz,7,1.538063e-09
128,8,-1.000000e+01,M,rz,8,1.585316e-33
128,8,-1.000000e+01,M,beta,1,1.307966e-01
128,8,-1.000000e+01,M,beta,2,1.350535e-01
128,8,-1.000000e+01,M,beta,3,1.324415e-01
128,8,-1.000000e+01,M,beta,4,1.154339e-01
128,8,-1.000000e+01,M,beta,5,1.179914e-01
128,8,-1.000000e+01,M,beta,6,8.954356e-02
128,8,-1.000000e+01,M,beta,7,5.845593e-02
128,8,-1.000000e+01,M,beta,8,9.572374e-22
128,8,-1.000000e+01,M,ps_min,1,2.253128e+00
128,8,-1.000000e+01,M,ps_min,2,3.743747e-02
128,8,-1.000000e+01,M,ps_min,3,6.530855e-04
128,8,-1.000000e+01,M,ps_min,4,1.306005e-05
128,8,-1.000000e+01,M,ps_min,5,1.434691e-07
128,8,-1.000000e+01,M,ps_min,6,1.801579e-09
128,8,-1.000000e+01,M,ps_min,7,2.177520e-12
128,8,-1.000000e+01,M,ps_min,8,3.698073e-16
128,8,-1.000000e+01,M,rz_min,0,2.478264e+00
128,8,-1.000000e+01,M,rz_min,1,3.361536e-02
128,8,-1.000000e+01,M,rz_min,2,6.798098e-04
128,8,-1.000000e+01,M,rz_min,3,1.253779e-05
128,8,-1.000000e+01,M,rz_min,4,1.533263e-07
128,8,-1.000000e+01,M,rz_min,5,1.917425e-09
128,8,-1.000000e+01,M,rz_min,6,2.377869e-12
128,8,-1.000000e+01,M,rz_min,7,3.485911e-16
128,8,-1.000000e+01,M,rz_min,8,4.312674e-42
128,8,0.000000e+00,none,A,0,1.812038e+02
128,8,0.000000e+00,none,A,1,1.812038e+02
128,8,0.000000e+00,none,A,2,1.812038e+02
128,8,0.000000e+00,none,A,3,1.812038e+02
128,8,0.000000e+00,none,A,4,1.812038e+02
128,8,0.000000e+00,none,A,5,1.812038e+02
128,8,0.000000e+00,none,A,6,1.812038e+02
128,8,0.000000e+00,none,A,7,1.812038e+02
128,8,0.000000e+00,none,A,8,1.812038e+02
128,8,0.000000e+00,none,B,0,2.441269e+02
128,8,0.000000e+00,none,B,1,2.441269e+02
128,8,0.000000e+00,none,B,2,2.441269e+02
128,8,0.000000e+00,none,B,3,2.441269e+02
128,8,0.000000e+00,none,B,4,2.441269e+02
128,8,0.000000e+00,none,B,5,2.441269e+02
128,8,0.000000e+00,none,B,6,2.441269e+02
128,8,0.000000e+00,none,B,7,2.441269e+02
128,8,0.000000e+00,none,B,8,2.441269e+02
128,8,0.000000e+00,none,P,0,2.441269e+02
128,8,0.000000e+00,none,P,1,2.441269e+02
128,8,0.000000e+00,none,P,2,8.469862e+01
128,8,0.000000e+00,none,P,3,2.435649e+01
128,8,0.000000e+00,none,P,4,5.386632e+00
128,8,0.000000e+00,none,P,5,1.152745e+00
128,8,0.000000e+00,none,P,6,1.864802e-01
128,8,0.000000e+00,none,P,7,3.421824e-02
128,8,0.000000e+00,none,P,8,3.257588e-03
128,8,0.000000e+00,none,S,1,5.275330e+04
128,8,0.000000e+00,none,S,2,1.159841e+04
128,8,0.000000e+00,none,S,3,2.768767e+03
128,8,0.000000e+00,none,S,4,7.042984e+02
128,8,0.000000e+00,none,S,5,1.181772e+02
128,8,0.000000e+00,none,S,6,2.289577e+01
128,8,0.000000e+00,none,S,7,4.227229e+00
128,8,0.000000e+00,none,S,8,4.273586e-01
128,8,0.000000e+00,none,ps,1,5.877882e+07
128,8,0.000000e+00,none,ps,2,2.521225e+06
128,8,0.000000e+00,none,ps,3,1.416416e+05
128,8,0.000000e+00,none,ps,4,9.236976e+03
128,8,0.000000e+00,none,ps,5,3.944613e+02
128,8,0.000000e+00,none,ps,6,1.493170e+01
128,8,0.000000e+00,none,ps,7,3.407614e-01
128,8,0.000000e+00,none,ps,8,4.596560e-03
128,8,0.000000e+00,none,alpha,1,9.991567e-03
128,8,0.000000e+00,none,alpha,2,1.065601e-02
128,8,0.000000e+00,none,alpha,3,1.154739e-02
128,8,0.000000e+00,none,alpha,4,1.107192e-02
128,8,0.000000e+00,none,alpha,5,1.118871e-02
128,8,0.000000e+00,none,alpha,6,1.145422e-02
128,8,0.000000e+00,none,alpha,7,1.156876e-02
128,8,0.000000e+00,none,alpha,8,1.199762e-02
128,8,0.000000e+00,none,X,0,0.000000e+00
128,8,0.000000e+00,none,X,1,1.456518e+00
128,8,0.000000e+00,none,X,2,1.250640e+00
128,8,0.000000e+00,none,X,3,1.217742e+00
128,8,0.000000e+00,none,X,4,1.218456e+00
128,8,0.000000e+00,none,X,5,1.220118e+00
128,8,0.000000e+00,none,X,6,1.220904e+00
128,8,0.000000e+00,none,X,7,1.220886e+00
128,8,0.000000e+00,none,X,8,1.220887e+00
128,8,0.000000e+00,none,R,0,2.441269e+02
128,8,0.000000e+00,none,R,1,8.084932e+01
128,8,0.000000e+00,none,R,2,2.005417e+01
128,8,0.000000e+00,none,R,3,5.189380e+00
128,8,0.000000e+00,none,R,4,9.966152e-01
128,8,0.000000e+00,none,R,5,1.804662e-01
128,8,0.000000e+00,none,R,6,3.539841e-02
128,8,0.000000e+00,none,R,7,3.098161e-03
128,8,0.000000e+00,none,R,8,1.582718e-15
128,8,0.000000e+00,none,rz,0,3.315905e+05
128,8,0.000000e+00,none,rz,1,1.802304e+04
128,8,0.000000e+00,none,rz,2,1.153621e+03
128,8,0.000000e+00,none,rz,3,7.629815e+01
128,8,0.000000e+00,none,rz,4,3.322124e+00
128,8,0.000000e+00,none,rz,5,1.097433e-01
128,8,0.000000e+00,none,rz,6,2.589351e-03
128,8,0.000000e+00,none,rz,7,3.332303e-05
128,8,0.000000e+00,none,rz,8,1.279988e-29
128,8,0.000000e+00,none,beta,1,1.311433e-01
128,8,0.000000e+00,none,beta,2,1.532683e-01
128,8,0.000000e+00,none,beta,3,1.367511e-01
128,8,0.000000e+00,none,beta,4,1.120235e-01
128,8,0.000000e+00,none,beta,5,1.274888e-01
128,8,0.000000e+00,none,beta,6,8.311037e-02
128,8,0.000000e+00,none,beta,7,5.800649e-02
128,8,0.000000e+00,none,beta,8,4.175552e-21
128,8,0.000000e+00,none,ps_min,1,3.238643e+06
128,8,0.000000e+00,none,ps_min,2,8.388709e+04
128,8,0.000000e+00,none,ps_min,3,2.151819e+03
128,8,0.000000e+00,none,ps_min,4,3.065740e+01
128,8,0.000000e+00,none,ps_min,5,6.441353e-01
128,8,0.000000e+00,none,ps_min,6,4.840681e-03
128,8,0.000000e+00,none,ps_min,7,3.797732e-05
128,8,0.000000e+00,none,ps_min,8,4.455563e-09
128,8,0.000000e+00,none,rz_min,0,2.556883e+04
128,8,0.000000e+00,none,rz_min,1,7.369226e+02
128,8,0.000000e+00,none,rz_min,2,1.807253e+01
128,8,0.000000e+00,none,rz_min,3,2.711446e-01
128,8,0.000000e+00,none,rz_min,4,5.510215e-03
128,8,0.000000e+00,none,rz_min,5,4.142340e-05
128,8,0.000000e+00,none,rz_min,6,3.557142e-07
128,8,0.000000e+00,none,rz_min,7,3.922457e-11
128,8,0.000000e+00,none,rz_min,8,1.376271e-37
128,8,0.000000e+00,M,A,0,1.415654e+00
128,8,0.000000e+00,M,A,1,1.415654e+00
128,8,0.000000e+00,M,A,2,1.415654e+00
128,8,0.000000e+00,M,A,3,1.415654e+00
128,8,0.000000e+00,M,A,4,1.415654e+00
128,8,0.000000e+00,M,A,5,1.415654e+00
128,8,0.000000e+00,M,A,6,1.415654e+00
128,8,0.000000e+00,M,A,7,1.415654e+00
128,8,0.000000e+00,M,A,8,1.415654e+00
128,8,0.000000e+00,M,B,0,1.907242e+00
128,8,0.000000e+00,M,B,1,1.907242e+00
128,8,0.000000e+00,M,B,2,1.907242e+00
128,8,0.000000e+00,M,B,3,1.907242e+00
128,8,0.000000e+00,M,B,4,1.907242e+00
128,8,0.000000e+00,M,B,5,1.907242e+00
128,8,0.000000e+00,M,B,6,1.907242e+00
128,8,0.000000e+00,M,B,7,1.907242e+00
128,8,0.000000e+00,M,B,8,1.907242e+00
128,8,0.000000e+00,M,P,0,1.907242e+00
128,8,0.000000e+00,M,P,1,1.907242e+00
128,8,0.000000e+00,M,P,2,6.617080e-01
128,8,0.000000e+00,M,P,3,1.902851e-01
128,8,0.000000e+00,M,P,4,4.208306e-02
128,8,0.000000e+00,M,P,5,9.005821e-03
128,8,0.000000e+00,M,P,6,1.456876e-03
128,8,0.000000e+00,M,P,7,2.673300e-04
128,8,0.000000e+00,M,P,8,2.544990e-05
128,8,0.000000e+00,M,S,1,3.219806e+00
128,8,0.000000e+00,M,S,2,7.079106e-01
128,8,0.000000e+00,M,S,3,1.689922e-01
128,8,0.000000e+00,M,S,4,4.298697e-02
128,8,0.000000e+00,M,S,5,7.212966e-03
128,8,0.000000e+00,M,S,6,1.397447e-03
128,8,0.000000e+00,M,S,7,2.580096e-04
128,8,0.000000e+00,M,S,8,2.608390e-05
128,8,0.000000e+00,M,ps,1,2.802792e+01
128,8,0.000000e+00,M,ps,2,1.202214e+00
128,8,0.000000e+00,M,ps,3,6.754000e-02
128,8,0.000000e+00,M,ps,4,4.404533e-03
128,8,0.000000e+00,M,ps,5,1.880938e-04
128,8,0.000000e+00,M,ps,6,7.119989e-06
128,8,0.000000e+00,M,ps,7,1.624877e-07
128,8,0.000000e+00,M,ps,8,2.191811e-09
128,8,0.000000e+00,M,alpha,1,1.278921e+00
128,8,0.000000e+00,M,alpha,2,1.363970e+00
128,8,0.000000e+00,M,alpha,3,1.478066e+00
128,8,0.000000e+00,M,alpha,4,1.417205e+00
128,8,0.000000e+00,M,alpha,5,1.432155e+00
128,8,0.000000e+00,M,alpha,6,1.466140e+00
128,8,0.000000e+00,M,alpha,7,1.480801e+00
128,8,0.000000e+00,M,alpha,8,1.535696e+00
128,8,0.000000e+00,M,X,0,0.000000e+00
128,8,0.000000e+00,M,X,1,1.456518e+00
128,8,0.000000e+00,M,X,2,1.250640e+00
128,8,0.000000e+00,M,X,3,1.217742e+00
128,8,0.000000e+00,M,X,4,1.218456e+00
128,8,0.000000e+00,M,X,5,1.220118e+00
128,8,0.000000e+00,M,X,6,1.220904e+00
128,8,0.000000e+00,M,X,7,1.220886e+00
128,8,0.000000e+00,M,X,8,1.220887e+00
128,8,0.000000e+00,M,R,0,1.907242e+00
128,8,0.000000e+00,M,R,1,6.316353e-01
128,8,0.000000e+00,M,R,2,1.566732e-01
128,8,0.000000e+00,M,R,3,4.054203e-02
128,8,0.000000e+00,M,R,4,7.786056e-03
128,8,0.000000e+00,M,R,5,1.409892e-03
128,8,0.000000e+00,M,R,6,2.765501e-04
128,8,0.000000e+00,M,R,7,2.420438e-05
128,8,0.000000e+00,M,R,8,1.236499e-17
128,8,0.000000e+00,M,rz,0,2.023868e+01
128,8,0.000000e+00,M,rz,1,1.100039e+00
128,8,0.000000e+00,M,rz,2,7.041145e-02
128,8,0.000000e+00,M,rz,3,4.656870e-03
128,8,0.000000e+00,M,rz,4,2.027663e-04
128,8,0.000000e+00,M,rz,5,6.698197e-06
128,8,0.000000e+00,M,rz,6,1.580415e-07
128,8,0.000000e+00,M,rz,7,2.033876e-09
128,8,0.000000e+00,M,rz,8,7.812426e-34
128,8,0.000000e+00,M,beta,1,1.311433e-01
128,8,0.000000e+00,M,beta,2,1.532683e-01
128,8,0.000000e+00,M,beta,3,1.367511e-01
128,8,0.000000e+00,M,beta,4,1.120235e-01
128,8,0.000000e+00,M,beta,5,1.274888e-01
128,8,0.000000e+00,M,beta,6,8.311037e-02
128,8,0.000000e+00,M,beta,7,5.800649e-02
128,8,0.000000e+00,M,beta,8,4.175552e-21
128,8,0.000000e+00,M,ps_min,1,1.544306e+00
128,8,0.000000e+00,M,ps_min,2,4.000048e-02
128,8,0.000000e+00,M,ps_min,3,1.026067e-03
128,8,0.000000e+00,M,ps_min,4,1.461859e-05
128,8,0.000000e+00,M,ps_min,5,3.071477e-07
128,8,0.000000e+00,M,ps_min,6,2.308217e-09
128,8,0.000000e+00,M,ps_min,7,1.810900e-11
128,8,0.000000e+00,M,ps_min,8,2.124578e-15
128,8,0.000000e+00,M,rz_min,0,1.560597e+00
128,8,0.000000e+00,M,rz_min,1,4.497819e-02
128,8,0.000000e+00,M,rz_min,2,1.103060e-03
128,8,0.000000e+00,M,rz_min,3,1.654935e-05
128,8,0.000000e+00,M,rz_min,4,3.363168e-07
128,8,0.000000e+00,M,rz_min,5,2.528284e-09
128,8,0.000000e+00,M,rz_min,6,2.171107e-11
128,8,0.000000e+00,M,rz_min,7,2.394078e-15
128,8,0.000000e+00,M,rz_min,8,8.400095e-42
128,8,1.000000e+01,none,A,0,1.756119e+02
128,8,1.000000e+01,none,A,1,1.756119e+02
128,8,1.000000e+01,none,A,2,1.756119e+02
128,8,1.000000e+01,none,A,3,1.756119e+02
128,8,1.000000e+01,none,A,4,1.756119e+02
128,8,1.000000e+01,none,A,5,1.756119e+02
128,8,1.000000e+01,none,A,6,1.756119e+02
128,8,1.000000e+01,none,A,7,1.756119e+02
128,8,1.000000e+01,none,A,8,1.756119e+02
128,8,1.000000e+01,none,B,0,2.295117e+02
128,8,1.000000e+01,none,B,1,2.295117e+02
128,8,1.000000e+01,none,B,2,2.295117e+02
128,8,1.000000e+01,none,B,3,2.295117e+02
128,8,1.000000e+01,none,B,4,2.295117e+02
128,8,1.000000e+01,none,B,5,2.295117e+02
128,8,1.000000e+01,none,B,6,2.295117e+02
128,8,1.000000e+01,none,B,7,2.295117e+02
128,8,1.000000e+01,none,B,8,2.295117e+02
128,8,1.000000e+01,none,P,0,2.295117e+02
128,8,1.000000e+01,none,P,1,2.295117e+02
128,8,1.000000e+01,none,P,2,9.145081e+01
128,8,1.000000e+01,none,P,3,2.313789e+01
128,8,1.000000e+01,none,P,4,5.101903e+00
128,8,1.000000e+01,none,P,5,1.280581e+00
128,8,1.000000e+01,none,P,6,2.085616e-01
128,8,1.000000e+01,none,P,7,2.833925e-02
128,8,1.000000e+01,none,P,8,3.759833e-03
128,8,1.000000e+01,none,S,1,4.922154e+04
128,8,1.000000e+01,none,S,2,1.241701e+04
128,8,1.000000e+01,none,S,3,3.052092e+03
128,8,1.000000e+01,none,S,4,6.509299e+02
128,8,1.000000e+01,none,S,5,1.569237e+02
128,8,1.000000e+01,none,S,6,2.512158e+01
128,8,1.000000e+01,none,S,7,3.752765e+00
128,8,1.000000e+01,none,S,8,4.020939e-01
128,8,1.000000e+01,none,ps,1,5.430267e+07
128,8,1.000000e+01,none,ps,2,2.444552e+06
128,8,1.000000e+01,none,ps,3,2.013359e+05
128,8,1.000000e+01,none,ps,4,9.247038e+03
128,8,1.000000e+01,none,ps,5,5.515833e+02
128,8,1.000000e+01,none,ps,6,1.295725e+01
128,8,1.000000e+01,none,ps,7,3.231013e-01
128,8,1.000000e+01,none,ps,8,5.189023e-03
128,8,1.000000e+01,none,alpha,1,1.041225e-02
128,8,1.000000e+01,none,alpha,2,1.124222e-02
128,8,1.000000e+01,none,alpha,3,1.131268e-02
128,8,1.000000e+01,none,alpha,4,1.159759e-02
128,8,1.000000e+01,none,alpha,5,1.189745e-02
128,8,1.000000e+01,none,alpha,6,1.219873e-02
128,8,1.000000e+01,none,alpha,7,1.215708e-02
128,8,1.000000e+01,none,alpha,8,1.193282e-02
128,8,1.000000e+01,none,X,0,0.000000e+00
128,8,1.000000e+01,none,X,1,1.401585e+00
128,8,1.000000e+01,none,X,2,1.131017e+00
128,8,1.000000e+01,none,X,3,1.064266e+00
128,8,1.000000e+01,none,X,4,1.047505e+00
128,8,1.000000e+01,none,X,5,1.044298e+00
128,8,1.000000e+01,none,X,6,1.043855e+00
128,8,1.000000e+01,none,X,7,1.043825e+00
128,8,1.000000e+01,none,X,8,1.043824e+00
128,8,1.000000e+01,none,R,0,2.295117e+02
128,8,1.000000e+01,none,R,1,8.921861e+01
128,8,1.000000e+01,none,R,2,2.201470e+01
128,8,1.000000e+01,none,R,3,4.339213e+00
128,8,1.000000e+01,none,R,4,1.167154e+00
128,8,1.000000e+01,none,R,5,1.995597e-01
128,8,1.000000e+01,none,R,6,2.760256e-02
128,8,1.000000e+01,none,R,7,3.492348e-03
128,8,1.000000e+01,none,R,8,6.084576e-15
128,8,1.000000e+01,none,rz,0,3.018888e+05
128,8,1.000000e+01,none,rz,1,1.951787e+04
128,8,1.000000e+01,none,rz,2,1.392054e+03
128,8,1.000000e+01,none,rz,3,6.595567e+01
128,8,1.000000e+01,none,rz,4,4.423205e+00
128,8,1.000000e+01,none,rz,5,1.056792e-01
128,8,1.000000e+01,none,rz,6,2.240926e-03
128,8,1.000000e+01,none,rz,7,4.513013e-05
128,8,1.000000e+01,none,rz,8,1.237358e-28
128,8,1.000000e+01,none,beta,1,1.322425e-01
128,8,1.000000e+01,none,beta,2,1.513212e-01
128,8,1.000000e+01,none,beta,3,1.435350e-01
128,8,1.000000e+01,none,beta,4,1.320913e-01
128,8,1.000000e+01,none,beta,5,1.134822e-01
128,8,1.000000e+01,none,beta,6,9.937576e-02
128,8,1.000000e+01,none,beta,7,7.629387e-02
128,8,1.000000e+01,none,beta,8,6.180853e-21
128,8,1.000000e+01,none,ps_min,1,4.087442e+06
128,8,1.000000e+01,none,ps_min,2,1.243114e+05
128,8,1.000000e+01,none,ps_min,3,1.341073e+03
128,8,1.000000e+01,none,ps_min,4,6.148283e+00
128,8,1.000000e+01,none,ps_min,5,1.174728e-01
128,8,1.000000e+01,none,ps_min,6,2.211694e-03
128,8,1.000000e+01,none,ps_min,7,2.397086e-05
128,8,1.000000e+01,none,ps_min,8,2.269379e-09
128,8,1.000000e+01,none,rz_min,0,4.053738e+04
128,8,1.000000e+01,none,rz_min,1,8.435800e+02
128,8,1.000000e+01,none,rz_min,2,9.813375e+00
128,8,1.000000e+01,none,rz_min,3,5.774369e-02
128,8,1.000000e+01,none,rz_min,4,1.046438e-03
128,8,1.000000e+01,none,rz_min,5,1.944188e-05
128,8,1.000000e+01,none,rz_min,6,1.657515e-07
128,8,1.000000e+01,none,rz_min,7,2.140912e-11
128,8,1.000000e+01,none,rz_min,8,1.239636e-38
128,8,1.000000e+01,M,A,0,1.371968e+00
128,8,1.000000e+01,M,A,1,1.371968e+00
128,8,1.000000e+01,M,A,2,1.371968e+00
128,8,1.000000e+01,M,A,3,1.371968e+00
128,8,1.000000e+01,M,A,4,1.371968e+00
128,8,1.000000e+01,M,A,5,1.371968e+00
128,8,1.000000e+01,M,A,6,1.371968e+00
128,8,1.000000e+01,M,A,7,1.371968e+00
128,8,1.000000e+01,M,A,8,1.371968e+00
128,8,1.000000e+01,M,B,0,1.793060e+00
128,8,1.000000e+01,M,B,1,1.793060e+00
128,8,1.000000e+01,M,B,2,1.793060e+00
128,8,1.000000e+01,M,B,3,1.793060e+00
128,8,1.000000e+01,M,B,4,1.793060e+00
128,8,1.000000e+01,M,B,5,1.793060e+00
128,8,1.000000e+01,M,B,6,1.793060e+00
128,8,1.000000e+01,M,B,7,1.793060e+00
128,8,1.000000e+01,M,B,8,1.793060e+00
128,8,1.000000e+01,M,P,0,1.793060e+00
128,8,1.000000e+01,M,P,1,1.793060e+00
128,8,1.000000e+01,M,P,2,7.144594e-01
128,8,1.000000e+01,M,P,3,1.807648e-01
128,8,1.000000e+01,M,P,4,3.985862e-02
128,8,1.000000e+01,M,P,5,1.000454e-02
128,8,1.000000e+01,M,P,6,1.629388e-03
128,8,1.000000e+01,M,P,7,2.214004e-04
128,8,1.000000e+01,M,P,8,2.937370e-05
128,8,1.000000e+01,M,S,1,3.004244e+00
128,8,1.000000e+01,M,S,2,7.578740e-01
128,8,1.000000e+01,M,S,3,1.862849e-01
128,8,1.000000e+01,M,S,4,3.972961e-02
128,8,1.000000e+01,M,S,5,9.577865e-03
128,8,1.000000e+01,M,S,6,1.533299e-03
128,8,1.000000e+01,M,S,7,2.290506e-04
128,8,1.000000e+01,M,S,8,2.454186e-05
128,8,1.000000e+01,M,ps,1,2.589353e+01
128,8,1.000000e+01,M,ps,2,1.165653e+00
128,8,1.000000e+01,M,ps,3,9.600444e-02
128,8,1.000000e+01,M,ps,4,4.409331e-03
128,8,1.000000e+01,M,ps,5,2.630154e-04
128,8,1.000000e+01,M,ps,6,6.178497e-06
128,8,1.000000e+01,M,ps,7,1.540667e-07
128,8,1.000000e+01,M,ps,8,2.474319e-09
128,8,1.000000e+01,M,alpha,1,1.332768e+00
128,8,1.000000e+01,M,alpha,2,1.439004e+00
128,8,1.000000e+01,M,alpha,3,1.448024e+00
128,8,1.000000e+01,M,alpha,4,1.484491e+00
128,8,1.000000e+01,M,alpha,5,1.522873e+00
128,8,1.000000e+01,M,alpha,6,1.561437e+00
128,8,1.000000e+01,M,alpha,7,1.556107e+00
128,8,1.000000e+01,M,alpha,8,1.527401e+00
128,8,1.000000e+01,M,X,0,0.000000e+00
128,8,1.000000e+01,M,X,1,1.401585e+00
128,8,1.000000e+01,M,X,2,1.131017e+00
128,8,1.000000e+01,M,X,3,1.064266e+00
128,8,1.000000e+01,M,X,4,1.047505e+00
128,8,1.000000e+01,M,X,5,1.044298e+00
128,8,1.000000e+01,M,X,6,1.043855e+00
128,8,1.000000e+01,M,X,7,1.043825e+00
128,8,1.000000e+01,M,X,8,1.043824e+00
128,8,1.000000e+01,M,R,0,1.793060e+00
128,8,1.000000e+01,M,R,1,6.970204e-01
128,8,1.000000e+01,M,R,2,1.719899e-01
128,8,1.000000e+01,M,R,3,3.390010e-02
128,8,1.000000e+01,M,R,4,9.118390e-03
128,8,1.000000e+01,M,R,5,1.559060e-03
128,8,1.000000e+01,M,R,6,2.156450e-04
128,8,1.000000e+01,M,R,7,2.728397e-05
128,8,1.000000e+01,M,R,8,4.753575e-17
128,8,1.000000e+01,M,rz,0,1.842583e+01
128,8,1.000000e+01,M,rz,1,1.191276e+00
128,8,1.000000e+01,M,rz,2,8.496426e-02
128,8,1.000000e+01,M,rz,3,4.025615e-03
128,8,1.000000e+01,M,rz,4,2.699710e-04
128,8,1.000000e+01,M,rz,5,6.450144e-06
128,8,1.000000e+01,M,rz,6,1.367753e-07
128,8,1.000000e+01,M,rz,7,2.754525e-09
128,8,1.000000e+01,M,rz,8,7.552235e-33
128,8,1.000000e+01,M,beta,1,1.322425e-01
128,8,1.000000e+01,M,beta,2,1.513212e-01
128,8,1.000000e+01,M,beta,3,1.435350e-01
128,8,1.000000e+01,M,beta,4,1.320913e-01
128,8,1.000000e+01,M,beta,5,1.134822e-01
128,8,1.000000e+01,M,beta,6,9.937576e-02
128,8,1.000000e+01,M,beta,7,7.629387e-02
128,8,1.000000e+01,M,beta,8,6.180853e-21
128,8,1.000000e+01,M,ps_min,1,1.949044e+00
128,8,1.000000e+01,M,ps_min,2,5.927629e-02
128,8,1.000000e+01,M,ps_min,3,6.394733e-04
128,8,1.000000e+01,M,ps_min,4,2.931730e-06
128,8,1.000000e+01,M,ps_min,5,5.601541e-08
128,8,1.000000e+01,M,ps_min,6,1.054618e-09
128,8,1.000000e+01,M,ps_min,7,1.143020e-11
128,8,1.000000e+01,M,ps_min,8,1.082124e-15
128,8,1.000000e+01,M,rz_min,0,2.474205e+00
128,8,1.000000e+01,M,rz_min,1,5.148804e-02
128,8,1.000000e+01,M,rz_min,2,5.989609e-04
128,8,1.000000e+01,M,rz_min,3,3.524395e-06
128,8,1.000000e+01,M,rz_min,4,6.386952e-08
128,8,1.000000e+01,M,rz_min,5,1.186638e-09
128,8,1.000000e+01,M,rz_min,6,1.011667e-11
128,8,1.000000e+01,M,rz_min,7,1.306709e-15
128,8,1.000000e+01,M,rz_min,8,7.566136e-43
128,8,2.000000e+01,none,A,0,1.714102e+02
128,8,2.000000e+01,none,A,1,1.714102e+02
128,8,2.000000e+01,none,A,2,1.714102e+02
128,8,2.000000e+01,none,A,3,1.714102e+02
128,8,2.000000e+01,none,A,4,1.714102e+02
128,8,2.000000e+01,none,A,5,1.714102e+02
128,8,2.000000e+01,none,A,6,1.714102e+02
128,8,2.000000e+01,none,A,7,1.714102e+02
128,8,2.000000e+01,none,A,8,1.714102e+02
128,8,2.000000e+01,none,B,0,2.321834e+02
128,8,2.000000e+01,none,B,1,2.321834e+02
128,8,2.000000e+01,none,B,2,2.321834e+02
128,8,2.000000e+01,none,B,3,2.321834e+02
128,8,2.000000e+01,none,B,4,2.321834e+02
128,8,2.000000e+01,none,B,5,2.321834e+02
128,8,2.000000e+01,none,B,6,2.321834e+02
128,8,2.000000e+01,none,B,7,2.321834e+02
128,8,2.000000e+01,none,B,8,2.321834e+02
128,8,2.000000e+01,none,P,0,2.321834e+02
128,8,2.000000e+01,none,P,1,2.321834e+02
128,8,2.000000e+01,none,P,2,8.429792e+01
128,8,2.000000e+01,none,P,3,2.588434e+01
128,8,2.000000e+01,none,P,4,6.766546e+00
128,8,2.000000e+01,none,P,5,1.339998e+00
128,8,2.000000e+01,none,P,6,2.822442e-01
128,8,2.000000e+01,none,P,7,3.409978e-02
128,8,2.000000e+01,none,P,8,7.625168e-03
128,8,2.000000e+01,none,S,1,4.959213e+04
128,8,2.000000e+01,none,S,2,1.171265e+04
128,8,2.000000e+01,none,S,3,2.767989e+03
128,8,2.000000e+01,none,S,4,9.313639e+02
128,8,2.000000e+01,none,S,5,1.938056e+02
128,8,2.000000e+01,none,S,6,3.547283e+01
128,8,2.000000e+01,none,S,7,4.200852e+00
128,8,2.000000e+01,none,S,8,9.759827e-01
128,8,2.000000e+01,none,ps,1,5.262161e+07
128,8,2.000000e+01,none,ps,2,2.338771e+06
128,8,2.000000e+01,none,ps,3,1.560976e+05
128,8,2.000000e+01,none,ps,4,1.099615e+04
128,8,2.000000e+01,none,ps,5,6.232162e+02
128,8,2.000000e+01,none,ps,6,2.808101e+01
128,8,2.000000e+01,none,ps,7,4.003116e-01
128,8,2.000000e+01,none,ps,8,2.145905e-02
128,8,2.000000e+01,none,alpha,1,9.579888e-03
128,8,2.000000e+01,none,alpha,2,1.138176e-02
128,8,2.000000e+01,none,alpha,3,1.128028e-02
128,8,2.000000e+01,none,alpha,4,1.220678e-02
128,8,2.000000e+01,none,alpha,5,1.143637e-02
128,8,2.000000e+01,none,alpha,6,1.181233e-02
128,8,2.000000e+01,none,alpha,7,1.261569e-02
128,8,2.000000e+01,none,alpha,8,1.202812e-02
128,8,2.000000e+01,none,X,0,0.000000e+00
128,8,2.000000e+01,none,X,1,1.465306e+00
128,8,2.000000e+01,none,X,2,1.128869e+00
128,8,2.000000e+01,none,X,3,9.962440e-01
128,8,2.000000e+01,none,X,4,9.796646e-01
128,8,2.000000e+01,none,X,5,9.794984e-01
128,8,2.000000e+01,none,X,6,9.794644e-01
128,8,2.000000e+01,none,X,7,9.794794e-01
128,8,2.000000e+01,none,X,8,9.794838e-01
128,8,2.000000e+01,none,R,0,2.321834e+02
128,8,2.000000e+01,none,R,1,8.242424e+01
128,8,2.000000e+01,none,R,2,2.267764e+01
128,8,2.000000e+01,none,R,3,7.276908e+00
128,8,2.000000e+01,none,R,4,1.276245e+00
128,8,2.000000e+01,none,R,5,2.806223e-01
128,8,2.000000e+01,none,R,6,3.468931e-02
128,8,2.000000e+01,none,R,7,7.810119e-03
128,8,2.000000e+01,none,R,8,2.514075e-15
128,8,2.000000e+01,none,rz,0,3.007860e+05
128,8,2.000000e+01,none,rz,1,1.788541e+04
128,8,2.000000e+01,none,rz,2,1.247752e+03
128,8,2.000000e+01,none,rz,3,8.984239e+01
128,8,2.000000e+01,none,rz,4,5.011766e+00
128,8,2.000000e+01,none,rz,5,2.124978e-01
128,8,2.000000e+01,none,rz,6,3.463357e-03
128,8,2.000000e+01,none,rz,7,1.717220e-04
128,8,2.000000e+01,none,rz,8,1.743578e-29
128,8,2.000000e+01,none,beta,1,1.379093e-01
128,8,2.000000e+01,none,beta,2,1.627848e-01
128,8,2.000000e+01,none,beta,3,1.404504e-01
128,8,2.000000e+01,none,beta,4,1.811278e-01
128,8,2.000000e+01,none,beta,5,1.338976e-01
128,8,2.000000e+01,none,beta,6,1.063238e-01
128,8,2.000000e+01,none,beta,7,8.284254e-02
128,8,2.000000e+01,none,beta,8,7.432812e-22
128,8,2.000000e+01,none,ps_min,1,4.510308e+06
128,8,2.000000e+01,none,ps_min,2,6.278958e+04
128,8,2.000000e+01,none,ps_min,3,1.618430e+03
128,8,2.000000e+01,none,ps_min,4,5.458458e+01
128,8,2.000000e+01,none,ps_min,5,2.947026e-01
128,8,2.000000e+01,none,ps_min,6,1.901518e-03
128,8,2.000000e+01,none,ps_min,7,1.170748e-05
128,8,2.000000e+01,none,ps_min,8,8.035334e-10
128,8,2.000000e+01,none,rz_min,0,3.867966e+04
128,8,2.000000e+01,none,rz_min,1,5.401312e+02
128,8,2.000000e+01,none,rz_min,2,1.239935e+01
128,8,2.000000e+01,none,rz_min,3,4.571667e-01
128,8,2.000000e+01,none,rz_min,4,2.405556e-03
128,8,2.000000e+01,none,rz_min,5,1.526579e-05
128,8,2.000000e+01,none,rz_min,6,9.774654e-08
128,8,2.000000e+01,none,rz_min,7,6.803942e-12
128,8,2.000000e+01,none,rz_min,8,1.017448e-37
128,8,2.000000e+01,M,A,0,1.339142e+00
128,8,2.000000e+01,M,A,1,1.339142e+00
128,8,2.000000e+01,M,A,2,1.339142e+00
128,8,2.000000e+01,M,A,3,1.339142e+00
128,8,2.000000e+01,M,A,4,1.339142e+00
128,8,2.000000e+01,M,A,5,1.339142e+00
128,8,2.000000e+01,M,A,6,1.339142e+00
128,8,2.000000e+01,M,A,7,1.339142e+00
128,8,2.000000e+01,M,A,8,1.339142e+00
128,8,2.000000e+01,M,B,0,1.813933e+00
128,8,2.000000e+01,M,B,1,1.813933e+00
128,8,2.000000e+01,M,B,2,1.813933e+00
128,8,2.000000e+01,M,B,3,1.813933e+00
128,8,2.000000e+01,M,B,4,1.813933e+00
128,8,2.000000e+01,M,B,5,1.813933e+00
128,8,2.000000e+01,M,B,6,1.813933e+00
128,8,2.000000e+01,M,B,7,1.813933e+00
128,8,2.000000e+01,M,B,8,1.813933e+00
128,8,2.000000e+01,M,P,0,1.813933e+00
128,8,2.000000e+01,M,P,1,1.813933e+00
128,8,2.000000e+01,M,P,2,6.585775e-01
128,8,2.000000e+01,M,P,3,2.022214e-01
128,8,2.000000e+01,M,P,4,5.286364e-02
128,8,2.000000e+01,M,P,5,1.046874e-02
128,8,2.000000e+01,M,P,6,2.205033e-03
128,8,2.000000e+01,M,P,7,2.664045e-04
128,8,2.000000e+01,M,P,8,5.957162e-05
128,8,2.000000e+01,M,S,1,3.026863e+00
128,8,2.000000e+01,M,S,2,7.148837e-01
128,8,2.000000e+01,M,S,3,1.689447e-01
128,8,2.000000e+01,M,S,4,5.684594e-02
128,8,2.000000e+01,M,S,5,1.182896e-02
128,8,2.000000e+01,M,S,6,2.165090e-03
128,8,2.000000e+01,M,S,7,2.563996e-04
128,8,2.000000e+01,M,S,8,5.956926e-05
128,8,2.000000e+01,M,ps,1,2.509194e+01
128,8,2.000000e+01,M,ps,2,1.115213e+00
128,8,2.000000e+01,M,ps,3,7.443312e-02
128,8,2.000000e+01,M,ps,4,5.243373e-03
128,8,2.000000e+01,M,ps,5,2.971727e-04
128,8,2.000000e+01,M,ps,6,1.339007e-05
128,8,2.000000e+01,M,ps,7,1.908834e-07
128,8,2.000000e+01,M,ps,8,1.023247e-08
128,8,2.000000e+01,M,alpha,1,1.226226e+00
128,8,2.000000e+01,M,alpha,2,1.456865e+00
128,8,2.000000e+01,M,alpha,3,1.443876e+00
128,8,2.000000e+01,M,alpha,4,1.562468e+00
128,8,2.000000e+01,M,alpha,5,1.463856e+00
128,8,2.000000e+01,M,alpha,6,1.511978e+00
128,8,2.000000e+01,M,alpha,7,1.614809e+00
128,8,2.000000e+01,M,alpha,8,1.539599e+00
128,8,2.000000e+01,M,X,0,0.000000e+00
128,8,2.000000e+01,M,X,1,1.465306e+00
128,8,2.000000e+01,M,X,2,1.128869e+00
128,8,2.000000e+01,M,X,3,9.962440e-01
128,8,2.000000e+01,M,X,4,9.796646e-01
128,8,2.000000e+01,M,X,5,9.794984e-01
128,8,2.000000e+01,M,X,6,9.794644e-01
128,8,2.000000e+01,M,X,7,9.794794e-01
128,8,2.000000e+01,M,X,8,9.794838e-01
128,8,2.000000e+01,M,R,0,1.813933e+00
128,8,2.000000e+01,M,R,1,6.439394e-01
128,8,2.000000e+01,M,R,2,1.771690e-01
128,8,2.000000e+01,M,R,3,5.685084e-02
128,8,2.000000e+01,M,R,4,9.970668e-03
128,8,2.000000e+01,M,R,5,2.192362e-03
128,8,2.000000e+01,M,R,6,2.710102e-04
128,8,2.000000e+01,M,R,7,6.101655e-05
128,8,2.000000e+01,M,R,8,1.964121e-17
128,8,2.000000e+01,M,rz,0,1.835852e+01
128,8,2.000000e+01,M,rz,1,1.091639e+00
128,8,2.000000e+01,M,rz,2,7.615671e-02
128,8,2.000000e+01,M,rz,3,5.483544e-03
128,8,2.000000e+01,M,rz,4,3.058939e-04
128,8,2.000000e+01,M,rz,5,1.296984e-05
128,8,2.000000e+01,M,rz,6,2.113865e-07
128,8,2.000000e+01,M,rz,7,1.048108e-08
128,8,2.000000e+01,M,rz,8,1.064196e-33
128,8,2.000000e+01,M,beta,1,1.379093e-01
128,8,2.000000e+01,M,beta,2,1.627848e-01
128,8,2.000000e+01,M,beta,3,1.404504e-01
128,8,2.000000e+01,M,beta,4,1.811278e-01
128,8,2.000000e+01,M,beta,5,1.338976e-01
128,8,2.000000e+01,M,beta,6,1.063238e-01
128,8,2.000000e+01,M,beta,7,8.284254e-02
128,8,2.000000e+01,M,beta,8,7.432812e-22
128,8,2.000000e+01,M,ps_min,1,2.150682e+00
128,8,2.000000e+01,M,ps_min,2,2.994041e-02
128,8,2.000000e+01,M,ps_min,3,7.717276e-04
128,8,2.000000e+01,M,ps_min,4,2.602796e-05
128,8,2.000000e+01,M,ps_min,5,1.405252e-07
128,8,2.000000e+01,M,ps_min,6,9.067147e-10
128,8,2.000000e+01,M,ps_min,7,5.582563e-12
128,8,2.000000e+01,M,ps_min,8,3.831546e-16
128,8,2.000000e+01,M,rz_min,0,2.360819e+00
128,8,2.000000e+01,M,rz_min,1,3.296699e-02
128,8,2.000000e+01,M,rz_min,2,7.567964e-04
128,8,2.000000e+01,M,rz_min,3,2.790324e-05
128,8,2.000000e+01,M,rz_min,4,1.468235e-07
128,8,2.000000e+01,M,rz_min,5,9.317496e-10
128,8,2.000000e+01,M,rz_min,6,5.965975e-12
128,8,2.000000e+01,M,rz_min,7,4.152797e-16
128,8,2.000000e+01,M,rz_min,8,6.210012e-42
128,16,-1.000000e+01,none,A,0,1.865597e+02
128,16,-1.000000e+01,none,A,1,1.865597e+02
128,16,-1.000000e+01,none,A,2,1.865597e+02
128,16,-1.000000e+01,none,A,3,1.865597e+02
128,16,-1.000000e+01,none,A,4,1.865597e+02
128,16,-1.000000e+01,none,A,5,1.865597e+02
128,16,-1.000000e+01,none,A,6,1.865597e+02
128,16,-1.000000e+01,none,A,7,1.865597e+02
128,16,-1.000000e+01,none,A,8,1.865597e+02
128,16,-1.000000e+01,none,A,9,1.865597e+02
128,16,-1.000000e+01,none,A,10,1.865597e+02
128,16,-1.000000e+01,none,A,11,1.865597e+02
128,16,-1.000000e+01,none,A,12,1.865597e+02
128,16,-1.000000e+01,none,A,13,1.865597e+02
128,16,-1.000000e+01,none,A,14,1.865597e+02
128,16,-1.000000e+01,none,A,15,1.865597e+02
128,16,-1.000000e+01,none,A,16,1.865597e+02
128,16,-1.000000e+01,none,B,0,3.222735e+02
128,16,-1.000000e+01,none,B,1,3.222735e+02
128,16,-1.000000e+01,none,B,2,3.222735e+02
128,16,-1.000000e+01,none,B,3,3.222735e+02
128,16,-1.000000e+01,none,B,4,3.222735e+02
128,16,-1.000000e+01,none,B,5,3.222735e+02
128,16,-1.000000e+01,none,B,6,3.222735e+02
128,16,-1.000000e+01,none,B,7,3.222735e+02
128,16,-1.000000e+01,none,B,8,3.222735e+02
128,16,-1.000000e+01,none,B,9,3.222735e+02
128,16,-1.000000e+01,none,B,10,3.222735e+02
128,16,-1.000000e+01,none,B,11,3.222735e+02
128,16,-1.000000e+01,none,B,12,3.222735e+02
128,16,-1.000000e+01,none,B,13,3.222735e+02
128,16,-1.000000e+01,none,B,14,3.222735e+02
128,16,-1.000000e+01,none,B,15,3.222735e+02
128,16,-1.000000e+01,none,B,16,3.222735e+02
128,16,-1.000000e+01,none,P,0,3.222735e+02
128,16,-1.000000e+01,none,P,1,3.222735e+02
128,16,-1.000000e+01,none,P,2,1.268847e+02
128,16,-1.000000e+01,none,P,3,4.269894e+01
128,16,-1.000000e+01,none,P,4,1.259828e+01
128,16,-1.000000e+01,none,P,5,4.133937e+00
128,16,-1.000000e+01,none,P,6,1.266472e+00
128,16,-1.000000e+01,none,P,7,3.715508e-01
128,16,-1.000000e+01,none,P,8,1.008035e-01
128,16,-1.000000e+01,none,P,9,2.688882e-02
128,16,-1.000000e+01,none,P,10,7.153816e-03
128,16,-1.000000e+01,none,P,11,1.222649e-03
128,16,-1.000000e+01,none,P,12,2.483875e-04
128,16,-1.000000e+01,none,P,13,5.066478e-05
128,16,-1.000000e+01,none,P,14,9.915363e-06
128,16,-1.000000e+01,none,P,15,1.313824e-06
128,16,-1.000000e+01,none,P,16,1.576590e-07
128,16,-1.000000e+01,none,S,1,7.487751e+04
128,16,-1.000000e+01,none,S,2,1.967027e+04
128,16,-1.000000e+01,none,S,3,5.216344e+03
128,16,-1.000000e+01,none,S,4,1.826053e+03
128,16,-1.000000e+01,none,S,5,5.214278e+02
128,16,-1.000000e+01,none,S,6,1.735162e+02
128,16,-1.000000e+01,none,S,7,5.792911e+01
128,16,-1.000000e+01,none,S,8,1.145145e+01
128,16,-1.000000e+01,none,S,9,3.762586e+00
128,16,-1.000000e+01,none,S,10,1.014342e+00
128,16,-1.000000e+01,none,S,11,1.529556e-01
128,16,-1.000000e+01,none,S,12,3.172329e-02
128,16,-1.000000e+01,none,S,13,6.526223e-03
128,16,-1.000000e+01,none,S,14,1.244249e-03
128,16,-1.000000e+01,none,S,15,1.726154e-04
128,16,-1.000000e+01,none,S,16,1.976785e-05
128,16,-1.000000e+01,none,ps,1,1.473475e+08
128,16,-1.000000e+01,none,ps,2,7.336206e+06
128,16,-1.000000e+01,none,ps,3,8.024759e+05
128,16,-1.000000e+01,none,ps,4,9.477817e+04
128,16,-1.000000e+01,none,ps,5,8.485284e+03
128,16,-1.000000e+01,none,ps,6,8.902000e+02
128,16,-1.000000e+01,none,ps,7,6.711861e+01
128,16,-1.000000e+01,none,ps,8,5.343170e+00
128,16,-1.000000e+01,none,ps,9,4.455000e-01
128,16,-1.000000e+01,none,ps,10,2.637930e-02
128,16,-1.000000e+01,none,ps,11,1.006475e-03
128,16,-1.000000e+01,none,ps,12,3.736901e-05
128,16,-1.000000e+01,none,ps,13,1.571712e-06
128,16,-1.000000e+01,none,ps,14,5.407501e-08
128,16,-1.000000e+01,none,ps,15,1.403745e-09
128,16,-1.000000e+01,none,ps,16,1.247224e-11
128,16,-1.000000e+01,none,alpha,1,8.515822e-03
128,16,-1.000000e+01,none,alpha,2,9.723117e-03
128,16,-1.000000e+01,none,alpha,3,1.021089e-02
128,16,-1.000000e+01,none,alpha,4,1.042904e-02
128,16,-1.000000e+01,none,alpha,5,1.013069e-02
128,16,-1.000000e+01,none,alpha,6,1.076850e-02
128,16,-1.000000e+01,none,alpha,7,1.042586e-02
128,16,-1.000000e+01,none,alpha,8,1.053388e-02
128,16,-1.000000e+01,none,alpha,9,1.088972e-02
128,16,-1.000000e+01,none,alpha,10,1.053975e-02
128,16,-1.000000e+01,none,alpha,11,1.090845e-02
128,16,-1.000000e+01,none,alpha,12,1.101970e-02
128,16,-1.000000e+01,none,alpha,13,1.101628e-02
128,16,-1.000000e+01,none,alpha,14,1.127720e-02
128,16,-1.000000e+01,none,alpha,15,1.117990e-02
128,16,-1.000000e+01,none,alpha,16,1.151911e-02
128,16,-1.000000e+01,none,X,0,0.000000e+00
128,16,-1.000000e+01,none,X,1,1.745330e+00
128,16,-1.000000e+01,none,X,2,1.789456e+00
128,16,-1.000000e+01,none,X,3,1.767443e+00
128,16,-1.000000e+01,none,X,4,1.765495e+00
128,16,-1.000000e+01,none,X,5,1.767499e+00
128,16,-1.000000e+01,none,X,6,1.767290e+00
128,16,-1.000000e+01,none,X,7,1.767198e+00
128,16,-1.000000e+01,none,X,8,1.767221e+00
128,16,-1.000000e+01,none,X,9,1.767213e+00
128,16,-1.000000e+01,none,X,10,1.767210e+00
128,16,-1.000000e+01,none,X,11,1.767210e+00
128,16,-1.000000e+01,none,X,12,1.767210e+00
128,16,-1.000000e+01,none,X,13,1.767210e+00
128,16,-1.000000e+01,none,X,14,1.767210e+00
128,16,-1.000000e+01,none,X,15,1.767210e+00
128,16,-1.000000e+01,none,X,16,1.767210e+00
128,16,-1.000000e+01,none,R,0,3.222735e+02
128,16,-1.000000e+01,none,R,1,1.276294e+02
128,16,-1.000000e+01,none,R,2,4.221106e+01
128,16,-1.000000e+01,none,R,3,1.245772e+01
128,16,-1.000000e+01,none,R,4,3.617840e+00
128,16,-1.000000e+01,none,R,5,1.175903e+00
128,16,-1.000000e+01,none,R,6,3.652700e-01
128,16,-1.000000e+01,none,R,7,9.232778e-02
128,16,-1.000000e+01,none,R,8,2.649358e-02
128,16,-1.000000e+01,none,R,9,7.693663e-03
128,16,-1.000000e+01,none,R,10,1.231355e-03
128,16,-1.000000e+01,none,R,11,2.492385e-04
128,16,-1.000000e+01,none,R,12,4.918075e-05
128,16,-1.000000e+01,none,R,13,1.019462e-05
128,16,-1.000000e+01,none,R,14,1.353617e-06
128,16,-1.000000e+01,none,R,15,1.529708e-07
128,16,-1.000000e+01,none,R,16,5.051118e-15
128,16,-1.000000e+01,none,rz,0,7.152205e+05
128,16,-1.000000e+01,none,rz,1,4.552554e+04
128,16,-1.000000e+01,none,rz,2,5.853790e+03
128,16,-1.000000e+01,none,rz,3,6.046506e+02
128,16,-1.000000e+01,none,rz,4,5.964458e+01
128,16,-1.000000e+01,none,rz,5,6.217581e+00
128,16,-1.000000e+01,none,rz,6,5.028358e-01
128,16,-1.000000e+01,none,rz,7,4.088311e-02
128,16,-1.000000e+01,none,rz,8,3.259344e-03
128,16,-1.000000e+01,none,rz,9,1.971159e-04
128,16,-1.000000e+01,none,rz,10,8.461094e-06
128,16,-1.000000e+01,none,rz,11,2.970804e-07
128,16,-1.000000e+01,none,rz,12,1.418638e-08
128,16,-1.000000e+01,none,rz,13,4.848377e-10
128,16,-1.000000e+01,none,rz,14,1.086791e-11
128,16,-1.000000e+01,none,rz,15,9.651474e-14
128,16,-1.000000e+01,none,rz,16,8.791867e-29
128,16,-1.000000e+01,none,beta,1,1.833831e-01
128,16,-1.000000e+01,none,beta,2,2.017067e-01
128,16,-1.000000e+01,none,beta,3,2.077293e-01
128,16,-1.000000e+01,none,beta,4,2.327672e-01
128,16,-1.000000e+01,none,beta,5,2.195120e-01
128,16,-1.000000e+01,none,beta,6,1.789858e-01
128,16,-1.000000e+01,none,beta,7,1.880107e-01
128,16,-1.000000e+01,none,beta,8,1.866647e-01
128,16,-1.000000e+01,none,beta,9,1.471786e-01
128,16,-1.000000e+01,none,beta,10,1.708575e-01
128,16,-1.000000e+01,none,beta,11,1.355909e-01
128,16,-1.000000e+01,none,beta,12,1.269131e-01
128,16,-1.000000e+01,none,beta,13,9.640180e-02
128,16,-1.000000e+01,none,beta,14,1.156835e-01
128,16,-1.000000e+01,none,beta,15,7.536119e-02
128,16,-1.000000e+01,none,beta,16,4.569292e-12
128,16,-1.000000e+01,none,ps_min,1,1.574941e+07
128,16,-1.000000e+01,none,ps_min,2,8.107900e+05
128,16,-1.000000e+01,none,ps_min,3,4.545709e+04
128,16,-1.000000e+01,none,ps_min,4,1.828147e+03
128,16,-1.000000e+01,none,ps_min,5,1.222643e+02
128,16,-1.000000e+01,none,ps_min,6,9.824494e+00
128,16,-1.000000e+01,none,ps_min,7,4.467995e-01
128,16,-1.000000e+01,none,ps_min,8,1.699018e-02
128,16,-1.000000e+01,none,ps_min,9,7.462312e-04
128,16,-1.000000e+01,none,ps_min,10,2.324997e-05
128,16,-1.000000e+01,none,ps_min,11,5.496857e-07
128,16,-1.000000e+01,none,ps_min,12,6.884738e-09
128,16,-1.000000e+01,none,ps_min,13,6.446662e-11
128,16,-1.000000e+01,none,ps_min,14,7.280356e-13
128,16,-1.000000e+01,none,ps_min,15,2.601925e-15
128,16,-1.000000e+01,none,ps_min,16,2.779886e-19
128,16,-1.000000e+01,none,rz_min,0,1.110672e+05
128,16,-1.000000e+01,none,rz_min,1,5.850641e+03
128,16,-1.000000e+01,none,rz_min,2,3.206283e+02
128,16,-1.000000e+01,none,rz_min,3,1.388509e+01
128,16,-1.000000e+01,none,rz_min,4,9.464778e-01
128,16,-1.000000e+01,none,rz_min,5,7.681114e-02
128,16,-1.000000e+01,none,rz_min,6,3.440267e-03
128,16,-1.000000e+01,none,rz_min,7,1.202839e-04
128,16,-1.000000e+01,none,rz_min,8,6.445168e-06
128,16,-1.000000e+01,none,rz_min,9,1.736955e-07
128,16,-1.000000e+01,none,rz_min,10,4.162329e-09
128,16,-1.000000e+01,none,rz_min,11,5.122231e-11
128,16,-1.000000e+01,none,rz_min,12,5.110496e-13
128,16,-1.000000e+01,none,rz_min,13,5.458359e-15
128,16,-1.000000e+01,none,rz_min,14,2.184680e-17
128,16,-1.000000e+01,none,rz_min,15,2.131972e-21
128,16,-1.000000e+01,none,rz_min,16,1.471647e-41
128,16,-1.000000e+01,M,A,0,1.457498e+00
128,16,-1.000000e+01,M,A,1,1.457498e+00
128,16,-1.000000e+01,M,A,2,1.457498e+00
128,16,-1.000000e+01,M,A,3,1.457498e+00
128,16,-1.000000e+01,M,A,4,1.457498e+00
128,16,-1.000000e+01,M,A,5,1.457498e+00
128,16,-1.000000e+01,M,A,6,1.457498e+00
128,16,-1.000000e+01,M,A,7,1.457498e+00
128,16,-1.000000e+01,M,A,8,1.457498e+00
128,16,-1.000000e+01,M,A,9,1.457498e+00
128,16,-1.000000e+01,M,A,10,1.457498e+00
128,16,-1.000000e+01,M,A,11,1.457498e+00
128,16,-1.000000e+01,M,A,12,1.457498e+00
128,16,-1.000000e+01,M,A,13,1.457498e+00
128,16,-1.000000e+01,M,A,14,1.457498e+00
128,16,-1.000000e+01,M,A,15,1.457498e+00
128,16,-1.000000e+01,M,A,16,1.457498e+00
128,16,-1.000000e+01,M,B,0,2.517762e+00
128,16,-1.000000e+01,M,B,1,2.517762e+00
128,16,-1.000000e+01,M,B,2,2.517762e+00
128,16,-1.000000e+01,M,B,3,2.517762e+00
128,16,-1.000000e+01,M,B,4,2.517762e+00
128,16,-1.000000e+01,M,B,5,2.517762e+00
128,16,-1.000000e+01,M,B,6,2.517762e+00
128,16,-1.000000e+01,M,B,7,2.517762e+00
128,16,-1.000000e+01,M,B,8,2.517762e+00
128,16,-1.000000e+01,M,B,9,2.517762e+00
128,16,-1.000000e+01,M,B,10,2.517762e+00
128,16,-1.000000e+01,M,B,11,2.517762e+00
128,16,-1.000000e+01,M,B,12,2.517762e+00
128,16,-1.000000e+01,M,B,13,2.517762e+00
128,16,-1.000000e+01,M,B,14,2.517762e+00
128,16,-1.000000e+01,M,B,15,2.517762e+00
128,16,-1.000000e+01,M,B,16,2.517762e+00
128,16,-1.000000e+01,M,P,0,2.517762e+00
128,16,-1.000000e+01,M,P,1,2.517762e+00
128,16,-1.000000e+01,M,P,2,9.912866e-01
128,16,-1.000000e+01,M,P,3,3.335854e-01
128,16,-1.000000e+01,M,P,4,9.842409e-02
128,16,-1.000000e+01,M,P,5,3.229638e-02
128,16,-1.000000e+01,M,P,6,9.894314e-03
128,16,-1.000000e+01,M,P,7,2.902741e-03
128,16,-1.000000e+01,M,P,8,7.875276e-04
128,16,-1.000000e+01,M,P,9,2.100689e-04
128,16,-1.000000e+01,M,P,10,5.588919e-05
128,16,-1.000000e+01,M,P,11,9.551944e-06
128,16,-1.000000e+01,M,P,12,1.940528e-06
128,16,-1.000000e+01,M,P,13,3.958186e-07
128,16,-1.000000e+01,M,P,14,7.746377e-08
128,16,-1.000000e+01,M,P,15,1.026425e-08
128,16,-1.000000e+01,M,P,16,1.231711e-09
128,16,-1.000000e+01,M,S,1,4.570160e+00
128,16,-1.000000e+01,M,S,2,1.200578e+00
128,16,-1.000000e+01,M,S,3,3.183804e-01
128,16,-1.000000e+01,M,S,4,1.114534e-01
128,16,-1.000000e+01,M,S,5,3.182543e-02
128,16,-1.000000e+01,M,S,6,1.059059e-02
128,16,-1.000000e+01,M,S,7,3.535712e-03
128,16,-1.000000e+01,M,S,8,6.989408e-04
128,16,-1.000000e+01,M,S,9,2.296500e-04
128,16,-1.000000e+01,M,S,10,6.191054e-05
128,16,-1.000000e+01,M,S,11,9.335668e-06
128,16,-1.000000e+01,M,S,12,1.936236e-06
128,16,-1.000000e+01,M,S,13,3.983291e-07
128,16,-1.000000e+01,M,S,14,7.594291e-08
128,16,-1.000000e+01,M,S,15,1.053561e-08
128,16,-1.000000e+01,M,S,16,1.206534e-09
128,16,-1.000000e+01,M,ps,1,7.026077e+01
128,16,-1.000000e+01,M,ps,2,3.498176e+00
128,16,-1.000000e+01,M,ps,3,3.826503e-01
128,16,-1.000000e+01,M,ps,4,4.519376e-02
128,16,-1.000000e+01,M,ps,5,4.046099e-03
128,16,-1.000000e+01,M,ps,6,4.244805e-04
128,16,-1.000000e+01,M,ps,7,3.200465e-05
128,16,-1.000000e+01,M,ps,8,2.547822e-06
128,16,-1.000000e+01,M,ps,9,2.124310e-07
128,16,-1.000000e+01,M,ps,10,1.257863e-08
128,16,-1.000000e+01,M,ps,11,4.799249e-10
128,16,-1.000000e+01,M,ps,12,1.781893e-11
128,16,-1.000000e+01,M,ps,13,7.494505e-13
128,16,-1.000000e+01,M,ps,14,2.578498e-14
128,16,-1.000000e+01,M,ps,15,6.693576e-16
128,16,-1.000000e+01,M,ps,16,5.947229e-18
128,16,-1.000000e+01,M,alpha,1,1.090025e+00
128,16,-1.000000e+01,M,alpha,2,1.244559e+00
128,16,-1.000000e+01,M,alpha,3,1.306993e+00
128,16,-1.000000e+01,M,alpha,4,1.334917e+00
128,16,-1.000000e+01,M,alpha,5,1.296729e+00
128,16,-1.000000e+01,M,alpha,6,1.378368e+00
128,16,-1.000000e+01,M,alpha,7,1.334509e+00
128,16,-1.000000e+01,M,alpha,8,1.348337e+00
128,16,-1.000000e+01,M,alpha,9,1.393884e+00
128,16,-1.000000e+01,M,alpha,10,1.349088e+00
128,16,-1.000000e+01,M,alpha,11,1.396282e+00
128,16,-1.000000e+01,M,alpha,12,1.410521e+00
128,16,-1.000000e+01,M,alpha,13,1.410084e+00
128,16,-1.000000e+01,M,alpha,14,1.443482e+00
128,16,-1.000000e+01,M,alpha,15,1.431027e+00
128,16,-1.000000e+01,M,alpha,16,1.474446e+00
128,16,-1.000000e+01,M,X,0,0.000000e+00
128,16,-1.000000e+01,M,X,1,1.745330e+00
128,16,-1.000000e+01,M,X,2,1.789456e+00
128,16,-1.000000e+01,M,X,3,1.767443e+00
128,16,-1.000000e+01,M,X,4,1.765495e+00
128,16,-1.000000e+01,M,X,5,1.767499e+00
128,16,-1.000000e+01,M,X,6,1.767290e+00
128,16,-1.000000e+01,M,X,7,1.767198e+00
128,16,-1.000000e+01,M,X,8,1.767221e+00
128,16,-1.000000e+01,M,X,9,1.767213e+00
128,16,-1.000000e+01,M,X,10,1.767210e+00
128,16,-1.000000e+01,M,X,11,1.767210e+00
128,16,-1.000000e+01,M,X,12,1.767210e+00
128,16,-1.000000e+01,M,X,13,1.767210e+00
128,16,-1.000000e+01,M,X,14,1.767210e+00
128,16,-1.000000e+01,M,X,15,1.767210e+00
128,16,-1.000000e+01,M,X,16,1.767210e+00
128,16,-1.000000e+01,M,R,0,2.517762e+00
128,16,-1.000000e+01,M,R,1,9.971045e-01
128,16,-1.000000e+01,M,R,2,3.297739e-01
128,16,-1.000000e+01,M,R,3,9.732594e-02
128,16,-1.000000e+01,M,R,4,2.826438e-02
128,16,-1.000000e+01,M,R,5,9.186744e-03
128,16,-1.000000e+01,M,R,6,2.853672e-03
128,16,-1.000000e+01,M,R,7,7.213108e-04
128,16,-1.000000e+01,M,R,8,2.069811e-04
128,16,-1.000000e+01,M,R,9,6.010674e-05
128,16,-1.000000e+01,M,R,10,9.619963e-06
128,16,-1.000000e+01,M,R,11,1.947176e-06
128,16,-1.000000e+01,M,R,12,3.842246e-07
128,16,-1.000000e+01,M,R,13,7.964545e-08
128,16,-1.000000e+01,M,R,14,1.057514e-08
128,16,-1.000000e+01,M,R,15,1.195084e-09
128,16,-1.000000e+01,M,R,16,3.946186e-17
128,16,-1.000000e+01,M,rz,0,4.365360e+01
128,16,-1.000000e+01,M,rz,1,2.778658e+00
128,16,-1.000000e+01,M,rz,2,3.572870e-01
128,16,-1.000000e+01,M,rz,3,3.690494e-02
128,16,-1.000000e+01,M,rz,4,3.640416e-03
128,16,-1.000000e+01,M,rz,5,3.794910e-04
128,16,-1.000000e+01,M,rz,6,3.069066e-05
128,16,-1.000000e+01,M,rz,7,2.495307e-06
128,16,-1.000000e+01,M,rz,8,1.989346e-07
128,16,-1.000000e+01,M,rz,9,1.203100e-08
128,16,-1.000000e+01,M,rz,10,5.164242e-10
128,16,-1.000000e+01,M,rz,11,1.813235e-11
128,16,-1.000000e+01,M,rz,12,8.658681e-13
128,16,-1.000000e+01,M,rz,13,2.959215e-14
128,16,-1.000000e+01,M,rz,14,6.633244e-16
128,16,-1.000000e+01,M,rz,15,5.890792e-18
128,16,-1.000000e+01,M,rz,16,5.366130e-33
128,16,-1.000000e+01,M,beta,1,1.833831e-01
128,16,-1.000000e+01,M,beta,2,2.017067e-01
128,16,-1.000000e+01,M,beta,3,2.077293e-01
128,16,-1.000000e+01,M,beta,4,2.327672e-01
128,16,-1.000000e+01,M,beta,5,2.195120e-01
128,16,-1.000000e+01,M,beta,6,1.789858e-01
128,16,-1.000000e+01,M,beta,7,1.880107e-01
128,16,-1.000000e+01,M,beta,8,1.866647e-01
128,16,-1.000000e+01,M,beta,9,1.471786e-01
128,16,-1.000000e+01,M,beta,10,1.708575e-01
128,16,-1.000000e+01,M,beta,11,1.355909e-01
128,16,-1.000000e+01,M,beta,12,1.269131e-01
128,16,-1.000000e+01,M,beta,13,9.640180e-02
128,16,-1.000000e+01,M,beta,14,1.156835e-01
128,16,-1.000000e+01,M,beta,15,7.536119e-02
128,16,-1.000000e+01,M,beta,16,4.569292e-12
128,16,-1.000000e+01,M,ps_min,1,7.509902e+00
128,16,-1.000000e+01,M,ps_min,2,3.866148e-01
128,16,-1.000000e+01,M,ps_min,3,2.167563e-02
128,16,-1.000000e+01,M,ps_min,4,8.717282e-04
128,16,-1.000000e+01,M,ps_min,5,5.830017e-05
128,16,-1.000000e+01,M,ps_min,6,4.684684e-06
128,16,-1.000000e+01,M,ps_min,7,2.130506e-07
128,16,-1.000000e+01,M,ps_min,8,8.101548e-09
128,16,-1.000000e+01,M,ps_min,9,3.558308e-10
128,16,-1.000000e+01,M,ps_min,10,1.108645e-11
128,16,-1.000000e+01,M,ps_min,11,2.621105e-13
128,16,-1.000000e+01,M,ps_min,12,3.282899e-15
128,16,-1.000000e+01,M,ps_min,13,3.074008e-17
128,16,-1.000000e+01,M,ps_min,14,3.471544e-19
128,16,-1.000000e+01,M,ps_min,15,1.240695e-21
128,16,-1.000000e+01,M,ps_min,16,1.325553e-25
128,16,-1.000000e+01,M,rz_min,0,6.779004e+00
128,16,-1.000000e+01,M,rz_min,1,3.570948e-01
128,16,-1.000000e+01,M,rz_min,2,1.956960e-02
128,16,-1.000000e+01,M,rz_min,3,8.474787e-04
128,16,-1.000000e+01,M,rz_min,4,5.776842e-05
128,16,-1.000000e+01,M,rz_min,5,4.688180e-06
128,16,-1.000000e+01,M,rz_min,6,2.099772e-07
128,16,-1.000000e+01,M,rz_min,7,7.341549e-09
128,16,-1.000000e+01,M,rz_min,8,3.933819e-10
128,16,-1.000000e+01,M,rz_min,9,1.060153e-11
128,16,-1.000000e+01,M,rz_min,10,2.540484e-13
128,16,-1.000000e+01,M,rz_min,11,3.126361e-15
128,16,-1.000000e+01,M,rz_min,12,3.119199e-17
128,16,-1.000000e+01,M,rz_min,13,3.331518e-19
128,16,-1.000000e+01,M,rz_min,14,1.333423e-21
128,16,-1.000000e+01,M,rz_min,15,1.301252e-25
128,16,-1.000000e+01,M,rz_min,16,8.982218e-46
128,16,0.000000e+00,none,A,0,1.722486e+02
128,16,0.000000e+00,none,A,1,1.722486e+02
128,16,0.000000e+00,none,A,2,1.722486e+02
128,16,0.000000e+00,none,A,3,1.722486e+02
128,16,0.000000e+00,none,A,4,1.722486e+02
128,16,0.000000e+00,none,A,5,1.722486e+02
128,16,0.000000e+00,none,A,6,1.722486e+02
128,16,0.000000e+00,none,A,7,1.722486e+02
128,16,0.000000e+00,none,A,8,1.722486e+02
128,16,0.000000e+00,none,A,9,1.722486e+02
128,16,0.000000e+00,none,A,10,1.722486e+02
128,16,0.000000e+00,none,A,11,1.722486e+02
128,16,0.000000e+00,none,A,12,1.722486e+02
128,16,0.000000e+00,none,A,13,1.722486e+02
128,16,0.000000e+00,none,A,14,1.722486e+02
128,16,0.000000e+00,none,A,15,1.722486e+02
128,16,0.000000e+00,none,A,16,1.722486e+02
128,16,0.000000e+00,none,B,0,2.902656e+02
128,16,0.000000e+00,none,B,1,2.902656e+02
128,16,0.000000e+00,none,B,2,2.902656e+02
128,16,0.000000e+00,none,B,3,2.902656e+02
128,16,0.000000e+00,none,B,4,2.902656e+02
128,16,0.000000e+00,none,B,5,2.902656e+02
128,16,0.000000e+00,none,B,6,2.902656e+02
128,16,0.000000e+00,none,B,7,2.902656e+02
128,16,0.000000e+00,none,B,8,2.902656e+02
128,16,0.000000e+00,none,B,9,2.902656e+02
128,16,0.000000e+00,none,B,10,2.902656e+02
128,16,0.000000e+00,none,B,11,2.902656e+02
128,16,0.000000e+00,none,B,12,2.902656e+02
128,16,0.000000e+00,none,B,13,2.902656e+02
128,16,0.000000e+00,none,B,14,2.902656e+02
128,16,0.000000e+00,none,B,15,2.902656e+02
128,16,0.000000e+00,none,B,16,2.902656e+02
128,16,0.000000e+00,none,P,0,2.902656e+02
128,16,0.000000e+00,none,P,1,2.902656e+02
128,16,0.000000e+00,none,P,2,1.190596e+02
128,16,0.000000e+00,none,P,3,4.407811e+01
128,16,0.000000e+00,none,P,4,1.562874e+01
128,16,0.000000e+00,none,P,5,5.463171e+00
128,16,0.000000e+00,none,P,6,1.779974e+00
128,16,0.000000e+00,none,P,7,6.864880e-01
128,16,0.000000e+00,none,P,8,1.669056e-01
128,16,0.000000e+00,none,P,9,4.829134e-02
128,16,0.000000e+00,none,P,10,1.428354e-02
128,16,0.000000e+00,none,P,11,3.112670e-03
128,16,0.000000e+00,none,P,12,7.964872e-04
128,16,0.000000e+00,none,P,13,1.612954e-04
128,16,0.000000e+00,none,P,14,2.437971e-05
128,16,0.000000e+00,none,P,15,5.417462e-06
128,16,0.000000e+00,none,P,16,3.327768e-07
128,16,0.000000e+00,none,S,1,6.583024e+04
128,16,0.000000e+00,none,S,2,1.833036e+04
128,16,0.000000e+00,none,S,3,5.562602e+03
128,16,0.000000e+00,none,S,4,2.024571e+03
128,16,0.000000e+00,none,S,5,7.219006e+02
128,16,0.000000e+00,none,S,6,2.148817e+02
128,16,0.000000e+00,none,S,7,8.190796e+01
128,16,0.000000e+00,none,S,8,1.974964e+01
128,16,0.000000e+00,none,S,9,5.180242e+00
128,16,0.000000e+00,none,S,10,1.597167e+00
128,16,0.000000e+00,none,S,11,3.426238e-01
128,16,0.000000e+00,none,S,12,8.932646e-02
128,16,0.000000e+00,none,S,13,1.934514e-02
128,16,0.000000e+00,none,S,14,2.994481e-03
128,16,0.000000e+00,none,S,15,5.768393e-04
128,16,0.000000e+00,none,S,16,3.438177e-05
128,16,0.000000e+00,none,ps,1,1.290379e+08
128,16,0.000000e+00,none,ps,2,7.205750e+06
128,16,0.000000e+00,none,ps,3,8.364664e+05
128,16,0.000000e+00,none,ps,4,1.026118e+05
128,16,0.000000e+00,none,ps,5,1.370189e+04
128,16,0.000000e+00,none,ps,6,1.736090e+03
128,16,0.000000e+00,none,ps,7,2.008105e+02
128,16,0.000000e+00,none,ps,8,1.159083e+01
128,16,0.000000e+00,none,ps,9,1.335180e+00
128,16,0.000000e+00,none,ps,10,1.035054e-01
128,16,0.000000e+00,none,ps,11,4.969775e-03
128,16,0.000000e+00,none,ps,12,3.533967e-04
128,16,0.000000e+00,none,ps,13,1.040366e-05
128,16,0.000000e+00,none,ps,14,3.965232e-07
128,16,0.000000e+00,none,ps,15,1.166593e-08
128,16,0.000000e+00,none,ps,16,6.634978e-11
128,16,0.000000e+00,none,alpha,1,8.723392e-03
128,16,0.000000e+00,none,alpha,2,1.095893e-02
128,16,0.000000e+00,none,alpha,3,1.160266e-02
128,16,0.000000e+00,none,alpha,4,1.164608e-02
128,16,0.000000e+00,none,alpha,5,1.169656e-02
128,16,0.000000e+00,none,alpha,6,1.186328e-02
128,16,0.000000e+00,none,alpha,7,1.169547e-02
128,16,0.000000e+00,none,alpha,8,1.149818e-02
128,16,0.000000e+00,none,alpha,9,1.179838e-02
128,16,0.000000e+00,none,alpha,10,1.176902e-02
128,16,0.000000e+00,none,alpha,11,1.259826e-02
128,16,0.000000e+00,none,alpha,12,1.291920e-02
128,16,0.000000e+00,none,alpha,13,1.245062e-02
128,16,0.000000e+00,none,alpha,14,1.301152e-02
128,16,0.000000e+00,none,alpha,15,1.338666e-02
128,16,0.000000e+00,none,alpha,16,1.328305e-02
128,16,0.000000e+00,none,X,0,0.000000e+00
128,16,0.000000e+00,none,X,1,1.613247e+00
128,16,0.000000e+00,none,X,2,1.321930e+00
128,16,0.000000e+00,none,X,3,1.248944e+00
128,16,0.000000e+00,none,X,4,1.274863e+00
128,16,0.000000e+00,none,X,5,1.276579e+00
128,16,0.000000e+00,none,X,6,1.274453e+00
128,16,0.000000e+00,none,X,7,1.273302e+00
128,16,0.000000e+00,none,X,8,1.273285e+00
128,16,0.000000e+00,none,X,9,1.273324e+00
128,16,0.000000e+00,none,X,10,1.273349e+00
128,16,0.000000e+00,none,X,11,1.273348e+00
128,16,0.000000e+00,none,X,12,1.273349e+00
128,16,0.000000e+00,none,X,13,1.273349e+00
128,16,0.000000e+00,none,X,14,1.273349e+00
128,16,0.000000e+00,none,X,15,1.273349e+00
128,16,0.000000e+00,none,X,16,1.273349e+00
128,16,0.000000e+00,none,R,0,2.902656e+02
128,16,0.000000e+00,none,R,1,1.183505e+02
128,16,0.000000e+00,none,R,2,4.163002e+01
128,16,0.000000e+00,none,R,3,1.560844e+01
128,16,0.000000e+00,none,R,4,4.848825e+00
128,16,0.000000e+00,none,R,5,1.647660e+00
128,16,0.000000e+00,none,R,6,6.618062e-01
128,16,0.000000e+00,none,R,7,1.375385e-01
128,16,0.000000e+00,none,R,8,4.056543e-02
128,16,0.000000e+00,none,R,9,1.159293e-02
128,16,0.000000e+00,none,R,10,3.057016e-03
128,16,0.000000e+00,none,R,11,8.054503e-04
128,16,0.000000e+00,none,R,12,1.576999e-04
128,16,0.000000e+00,none,R,13,2.421252e-05
128,16,0.000000e+00,none,R,14,5.300966e-06
128,16,0.000000e+00,none,R,15,3.164628e-07
128,16,0.000000e+00,none,R,16,2.415236e-14
128,16,0.000000e+00,none,rz,0,6.464059e+05
128,16,0.000000e+00,none,rz,1,5.037152e+04
128,16,0.000000e+00,none,rz,2,6.738049e+03
128,16,0.000000e+00,none,rz,3,8.684339e+02
128,16,0.000000e+00,none,rz,4,1.023384e+02
128,16,0.000000e+00,none,rz,5,1.350764e+01
128,16,0.000000e+00,none,rz,6,1.563643e+00
128,16,0.000000e+00,none,rz,7,9.444310e-02
128,16,0.000000e+00,none,rz,8,1.100543e-02
128,16,0.000000e+00,none,rz,9,8.327262e-04
128,16,0.000000e+00,none,rz,10,4.021557e-05
128,16,0.000000e+00,none,rz,11,3.372712e-06
128,16,0.000000e+00,none,rz,12,9.136906e-08
128,16,0.000000e+00,none,rz,13,3.569445e-09
128,16,0.000000e+00,none,rz,14,1.094892e-10
128,16,0.000000e+00,none,rz,15,5.636628e-13
128,16,0.000000e+00,none,rz,16,3.765798e-27
128,16,0.000000e+00,none,beta,1,1.665543e-01
128,16,0.000000e+00,none,beta,2,2.339768e-01
128,16,0.000000e+00,none,beta,3,2.835613e-01
128,16,0.000000e+00,none,beta,4,2.639133e-01
128,16,0.000000e+00,none,beta,5,3.082077e-01
128,16,0.000000e+00,none,beta,6,2.179648e-01
128,16,0.000000e+00,none,beta,7,2.104114e-01
128,16,0.000000e+00,none,beta,8,2.364676e-01
128,16,0.000000e+00,none,beta,9,2.198119e-01
128,16,0.000000e+00,none,beta,10,1.612595e-01
128,16,0.000000e+00,none,beta,11,1.765887e-01
128,16,0.000000e+00,none,beta,12,1.529572e-01
128,16,0.000000e+00,none,beta,13,1.213541e-01
128,16,0.000000e+00,none,beta,14,9.072603e-02
128,16,0.000000e+00,none,beta,15,8.641710e-02
128,16,0.000000e+00,none,beta,16,2.369061e-11
128,16,0.000000e+00,none,ps_min,1,1.606461e+07
128,16,0.000000e+00,none,ps_min,2,8.251618e+05
128,16,0.000000e+00,none,ps_min,3,4.627635e+04
128,16,0.000000e+00,none,ps_min,4,4.134212e+03
128,16,0.000000e+00,none,ps_min,5,1.845652e+02
128,16,0.000000e+00,none,ps_min,6,1.761941e+01
128,16,0.000000e+00,none,ps_min,7,6.909359e-01
128,16,0.000000e+00,none,ps_min,8,4.586785e-02
128,16,0.000000e+00,none,ps_min,9,2.823112e-03
128,16,0.000000e+00,none,ps_min,10,3.186427e-05
128,16,0.000000e+00,none,ps_min,11,2.968002e-06
128,16,0.000000e+00,none,ps_min,12,6.357107e-08
128,16,0.000000e+00,none,ps_min,13,1.442290e-09
128,16,0.000000e+00,none,ps_min,14,1.095208e-11
128,16,0.000000e+00,none,ps_min,15,6.821421e-14
128,16,0.000000e+00,none,ps_min,16,4.857637e-20
128,16,0.000000e+00,none,rz_min,0,1.216763e+05
128,16,0.000000e+00,none,rz_min,1,5.914555e+03
128,16,0.000000e+00,none,rz_min,2,3.518640e+02
128,16,0.000000e+00,none,rz_min,3,3.504632e+01
128,16,0.000000e+00,none,rz_min,4,1.518991e+00
128,16,0.000000e+00,none,rz_min,5,1.432005e-01
128,16,0.000000e+00,none,rz_min,6,6.053752e-03
128,16,0.000000e+00,none,rz_min,7,3.627553e-04
128,16,0.000000e+00,none,rz_min,8,2.466680e-05
128,16,0.000000e+00,none,rz_min,9,3.742393e-07
128,16,0.000000e+00,none,rz_min,10,2.805117e-08
128,16,0.000000e+00,none,rz_min,11,5.278020e-10
128,16,0.000000e+00,none,rz_min,12,1.380651e-11
128,16,0.000000e+00,none,rz_min,13,1.043659e-13
128,16,0.000000e+00,none,rz_min,14,6.092980e-16
128,16,0.000000e+00,none,rz_min,15,4.463275e-22
128,16,0.000000e+00,none,rz_min,16,2.278744e-40
128,16,0.000000e+00,M,A,0,1.345692e+00
128,16,0.000000e+00,M,A,1,1.345692e+00
128,16,0.000000e+00,M,A,2,1.345692e+00
128,16,0.000000e+00,M,A,3,1.345692e+00
128,16,0.000000e+00,M,A,4,1.345692e+00
128,16,0.000000e+00,M,A,5,1.345692e+00
128,16,0.000000e+00,M,A,6,1.345692e+00
128,16,0.000000e+00,M,A,7,1.345692e+00
128,16,0.000000e+00,M,A,8,1.345692e+00
128,16,0.000000e+00,M,A,9,1.345692e+00
128,16,0.000000e+00,M,A,10,1.345692e+00
128,16,0.000000e+00,M,A,11,1.345692e+00
128,16,0.000000e+00,M,A,12,1.345692e+00
128,16,0.000000e+00,M,A,13,1.345692e+00
128,16,0.000000e+00,M,A,14,1.345692e+00
128,16,0.000000e+00,M,A,15,1.345692e+00
128,16,0.000000e+00,M,A,16,1.345692e+00
128,16,0.000000e+00,M,B,0,2.267700e+00
128,16,0.000000e+00,M,B,1,2.267700e+00
128,16,0.000000e+00,M,B,2,2.267700e+00
128,16,0.000000e+00,M,B,3,2.267700e+00
128,16,0.000000e+00,M,B,4,2.267700e+00
128,16,0.000000e+00,M,B,5,2.267700e+00
128,16,0.000000e+00,M,B,6,2.267700e+00
128,16,0.000000e+00,M,B,7,2.267700e+00
128,16,0.000000e+00,M,B,8,2.267700e+00
128,16,0.000000e+00,M,B,9,2.267700e+00
128,16,0.000000e+00,M,B,10,2.267700e+00
128,16,0.000000e+00,M,B,11,2.267700e+00
128,16,0.000000e+00,M,B,12,2.267700e+00
128,16,0.000000e+00,M,B,13,2.267700e+00
128,16,0.000000e+00,M,B,14,2.267700e+00
128,16,0.000000e+00,M,B,15,2.267700e+00
128,16,0.000000e+00,M,B,16,2.267700e+00
128,16,0.000000e+00,M,P,0,2.267700e+00
128,16,0.000000e+00,M,P,1,2.267700e+00
128,16,0.000000e+00,M,P,2,9.301532e-01
128,16,0.000000e+00,M,P,3,3.443603e-01
128,16,0.000000e+00,M,P,4,1.220996e-01
128,16,0.000000e+00,M,P,5,4.268102e-02
128,16,0.000000e+00,M,P,6,1.390605e-02
128,16,0.000000e+00,M,P,7,5.363187e-03
128,16,0.000000e+00,M,P,8,1.303950e-03
128,16,0.000000e+00,M,P,9,3.772761e-04
128,16,0.000000e+00,M,P,10,1.115902e-04
128,16,0.000000e+00,M,P,11,2.431774e-05
128,16,0.000000e+00,M,P,12,6.222556e-06
128,16,0.000000e+00,M,P,13,1.260121e-06
128,16,0.000000e+00,M,P,14,1.904665e-07
128,16,0.000000e+00,M,P,15,4.232392e-08
128,16,0.000000e+00,M,P,16,2.599819e-09
128,16,0.000000e+00,M,S,1,4.017959e+00
128,16,0.000000e+00,M,S,2,1.118796e+00
128,16,0.000000e+00,M,S,3,3.395143e-01
128,16,0.000000e+00,M,S,4,1.235700e-01
128,16,0.000000e+00,M,S,5,4.406131e-02
128,16,0.000000e+00,M,S,6,1.311534e-02
128,16,0.000000e+00,M,S,7,4.999265e-03
128,16,0.000000e+00,M,S,8,1.205423e-03
128,16,0.000000e+00,M,S,9,3.161769e-04
128,16,0.000000e+00,M,S,10,9.748335e-05
128,16,0.000000e+00,M,S,11,2.091210e-05
128,16,0.000000e+00,M,S,12,5.452055e-06
128,16,0.000000e+00,M,S,13,1.180733e-06
128,16,0.000000e+00,M,S,14,1.827686e-07
128,16,0.000000e+00,M,S,15,3.520748e-08
128,16,0.000000e+00,M,S,16,2.098497e-09
128,16,0.000000e+00,M,ps,1,6.153009e+01
128,16,0.000000e+00,M,ps,2,3.435969e+00
128,16,0.000000e+00,M,ps,3,3.988583e-01
128,16,0.000000e+00,M,ps,4,4.892914e-02
128,16,0.000000e+00,M,ps,5,6.533572e-03
128,16,0.000000e+00,M,ps,6,8.278322e-04
128,16,0.000000e+00,M,ps,7,9.575389e-05
128,16,0.000000e+00,M,ps,8,5.526937e-06
128,16,0.000000e+00,M,ps,9,6.366635e-07
128,16,0.000000e+00,M,ps,10,4.935523e-08
128,16,0.000000e+00,M,ps,11,2.369774e-09
128,16,0.000000e+00,M,ps,12,1.685127e-10
128,16,0.000000e+00,M,ps,13,4.960851e-12
128,16,0.000000e+00,M,ps,14,1.890770e-13
128,16,0.000000e+00,M,ps,15,5.562750e-15
128,16,0.000000e+00,M,ps,16,3.163804e-17
128,16,0.000000e+00,M,alpha,1,1.116594e+00
128,16,0.000000e+00,M,alpha,2,1.402742e+00
128,16,0.000000e+00,M,alpha,3,1.485140e+00
128,16,0.000000e+00,M,alpha,4,1.490698e+00
128,16,0.000000e+00,M,alpha,5,1.497160e+00
128,16,0.000000e+00,M,alpha,6,1.518499e+00
128,16,0.000000e+00,M,alpha,7,1.497021e+00
128,16,0.000000e+00,M,alpha,8,1.471767e+00
128,16,0.000000e+00,M,alpha,9,1.510193e+00
128,16,0.000000e+00,M,alpha,10,1.506435e+00
128,16,0.000000e+00,M,alpha,11,1.612577e+00
128,16,0.000000e+00,M,alpha,12,1.653657e+00
128,16,0.000000e+00,M,alpha,13,1.593680e+00
128,16,0.000000e+00,M,alpha,14,1.665474e+00
128,16,0.000000e+00,M,alpha,15,1.713492e+00
128,16,0.000000e+00,M,alpha,16,1.700230e+00
128,16,0.000000e+00,M,X,0,0.000000e+00
128,16,0.000000e+00,M,X,1,1.613247e+00
128,16,0.000000e+00,M,X,2,1.321930e+00
128,16,0.000000e+00,M,X,3,1.248944e+00
128,16,0.000000e+00,M,X,4,1.274863e+00
128,16,0.000000e+00,M,X,5,1.276579e+00
128,16,0.000000e+00,M,X,6,1.274453e+00
128,16,0.000000e+00,M,X,7,1.273302e+00
128,16,0.000000e+00,M,X,8,1.273285e+00
128,16,0.000000e+00,M,X,9,1.273324e+00
128,16,0.000000e+00,M,X,10,1.273349e+00
128,16,0.000000e+00,M,X,11,1.273348e+00
128,16,0.000000e+00,M,X,12,1.273349e+00
128,16,0.000000e+00,M,X,13,1.273349e+00
128,16,0.000000e+00,M,X,14,1.273349e+00
128,16,0.000000e+00,M,X,15,1.273349e+00
128,16,0.000000e+00,M,X,16,1.273349e+00
128,16,0.000000e+00,M,R,0,2.267700e+00
128,16,0.000000e+00,M,R,1,9.246130e-01
128,16,0.000000e+00,M,R,2,3.252346e-01
128,16,0.000000e+00,M,R,3,1.219410e-01
128,16,0.000000e+00,M,R,4,3.788144e-02
128,16,0.000000e+00,M,R,5,1.287234e-02
128,16,0.000000e+00,M,R,6,5.170361e-03
128,16,0.000000e+00,M,R,7,1.074520e-03
128,16,0.000000e+00,M,R,8,3.169174e-04
128,16,0.000000e+00,M,R,9,9.056980e-05
128,16,0.000000e+00,M,R,10,2.388294e-05
128,16,0.000000e+00,M,R,11,6.292581e-06
128,16,0.000000e+00,M,R,12,1.232031e-06
128,16,0.000000e+00,M,R,13,1.891603e-07
128,16,0.000000e+00,M,R,14,4.141380e-08
128,16,0.000000e+00,M,R,15,2.472365e-09
128,16,0.000000e+00,M,R,16,1.886903e-16
128,16,0.000000e+00,M,rz,0,3.945349e+01
128,16,0.000000e+00,M,rz,1,3.074433e+00
128,16,0.000000e+00,M,rz,2,4.112579e-01
128,16,0.000000e+00,M,rz,3,5.300500e-02
128,16,0.000000e+00,M,rz,4,6.246239e-03
128,16,0.000000e+00,M,rz,5,8.244409e-04
128,16,0.000000e+00,M,rz,6,9.543718e-05
128,16,0.000000e+00,M,rz,7,5.764349e-06
128,16,0.000000e+00,M,rz,8,6.717179e-07
128,16,0.000000e+00,M,rz,9,5.082557e-08
128,16,0.000000e+00,M,rz,10,2.454563e-09
128,16,0.000000e+00,M,rz,11,2.058540e-10
128,16,0.000000e+00,M,rz,12,5.576725e-12
128,16,0.000000e+00,M,rz,13,2.178616e-13
128,16,0.000000e+00,M,rz,14,6.682689e-15
128,16,0.000000e+00,M,rz,15,3.440324e-17
128,16,0.000000e+00,M,rz,16,2.298460e-31
128,16,0.000000e+00,M,beta,1,1.665543e-01
128,16,0.000000e+00,M,beta,2,2.339768e-01
128,16,0.000000e+00,M,beta,3,2.835613e-01
128,16,0.000000e+00,M,beta,4,2.639133e-01
128,16,0.000000e+00,M,beta,5,3.082077e-01
128,16,0.000000e+00,M,beta,6,2.179648e-01
128,16,0.000000e+00,M,beta,7,2.104114e-01
128,16,0.000000e+00,M,beta,8,2.364676e-01
128,16,0.000000e+00,M,beta,9,2.198119e-01
128,16,0.000000e+00,M,beta,10,1.612595e-01
128,16,0.000000e+00,M,beta,11,1.765887e-01
128,16,0.000000e+00,M,beta,12,1.529572e-01
128,16,0.000000e+00,M,beta,13,1.213541e-01
128,16,0.000000e+00,M,beta,14,9.072603e-02
128,16,0.000000e+00,M,beta,15,8.641710e-02
128,16,0.000000e+00,M,beta,16,2.369061e-11
128,16,0.000000e+00,M,ps_min,1,7.660204e+00
128,16,0.000000e+00,M,ps_min,2,3.934678e-01
128,16,0.000000e+00,M,ps_min,3,2.206628e-02
128,16,0.000000e+00,M,ps_min,4,1.971346e-03
128,16,0.000000e+00,M,ps_min,5,8.800755e-05
128,16,0.000000e+00,M,ps_min,6,8.401592e-06
128,16,0.000000e+00,M,ps_min,7,3.294639e-07
128,16,0.000000e+00,M,ps_min,8,2.187150e-08
128,16,0.000000e+00,M,ps_min,9,1.346165e-09
128,16,0.000000e+00,M,ps_min,10,1.519407e-11
128,16,0.000000e+00,M,ps_min,11,1.415254e-12
128,16,0.000000e+00,M,ps_min,12,3.031305e-14
128,16,0.000000e+00,M,ps_min,13,6.877375e-16
128,16,0.000000e+00,M,ps_min,14,5.222360e-18
128,16,0.000000e+00,M,ps_min,15,3.252707e-20
128,16,0.000000e+00,M,ps_min,16,2.316302e-26
128,16,0.000000e+00,M,rz_min,0,7.426534e+00
128,16,0.000000e+00,M,rz_min,1,3.609958e-01
128,16,0.000000e+00,M,rz_min,2,2.147607e-02
128,16,0.000000e+00,M,rz_min,3,2.139057e-03
128,16,0.000000e+00,M,rz_min,4,9.271188e-05
128,16,0.000000e+00,M,rz_min,5,8.740264e-06
128,16,0.000000e+00,M,rz_min,6,3.694917e-07
128,16,0.000000e+00,M,rz_min,7,2.214082e-08
128,16,0.000000e+00,M,rz_min,8,1.505542e-09
128,16,0.000000e+00,M,rz_min,9,2.284176e-11
128,16,0.000000e+00,M,rz_min,10,1.712107e-12
128,16,0.000000e+00,M,rz_min,11,3.221448e-14
128,16,0.000000e+00,M,rz_min,12,8.426822e-16
128,16,0.000000e+00,M,rz_min,13,6.369988e-18
128,16,0.000000e+00,M,rz_min,14,3.718860e-20
128,16,0.000000e+00,M,rz_min,15,2.724167e-26
128,16,0.000000e+00,M,rz_min,16,1.390835e-44
128,16,1.000000e+01,none,A,0,1.766747e+02
128,16,1.000000e+01,none,A,1,1.766747e+02
128,16,1.000000e+01,none,A,2,1.766747e+02
128,16,1.000000e+01,none,A,3,1.766747e+02
128,16,1.000000e+01,none,A,4,1.766747e+02
128,16,1.000000e+01,none,A,5,1.766747e+02
128,16,1.000000e+01,none,A,6,1.766747e+02
128,16,1.000000e+01,none,A,7,1.766747e+02
128,16,1.000000e+01,none,A,8,1.766747e+02
128,16,1.000000e+01,none,A,9,1.766747e+02
128,16,1.000000e+01,none,A,10,1.766747e+02
128,16,1.000000e+01,none,A,11,1.766747e+02
128,16,1.000000e+01,none,A,12,1.766747e+02
128,16,1.000000e+01,none,A,13,1.766747e+02
128,16,1.000000e+01,none,A,14,1.766747e+02
128,16,1.000000e+01,none,A,15,1.766747e+02
128,16,1.000000e+01,none,A,16,1.766747e+02
128,16,1.000000e+01,none,B,0,2.822176e+02
128,16,1.000000e+01,none,B,1,2.822176e+02
128,16,1.000000e+01,none,B,2,2.822176e+02
128,16,1.000000e+01,none,B,3,2.822176e+02
128,16,1.000000e+01,none,B,4,2.822176e+02
128,16,1.000000e+01,none,B,5,2.822176e+02
128,16,1.000000e+01,none,B,6,2.822176e+02
128,16,1.000000e+01,none,B,7,2.822176e+02
128,16,1.000000e+01,none,B,8,2.822176e+02
128,16,1.000000e+01,none,B,9,2.822176e+02
128,16,1.000000e+01,none,B,10,2.822176e+02
128,16,1.000000e+01,none,B,11,2.822176e+02
128,16,1.000000e+01,none,B,12,2.822176e+02
128,16,1.000000e+01,none,B,13,2.822176e+02
128,16,1.000000e+01,none,B,14,2.822176e+02
128,16,1.000000e+01,none,B,15,2.822176e+02
128,16,1.000000e+01,none,B,16,2.822176e+02
128,16,1.000000e+01,none,P,0,2.822176e+02
128,16,1.000000e+01,none,P,1,2.822176e+02
128,16,1.000000e+01,none,P,2,1.284781e+02
128,16,1.000000e+01,none,P,3,4.217252e+01
128,16,1.000000e+01,none,P,4,1.526174e+01
128,16,1.000000e+01,none,P,5,6.605447e+00
128,16,1.000000e+01,none,P,6,2.156997e+00
128,16,1.000000e+01,none,P,7,6.447129e-01
128,16,1.000000e+01,none,P,8,1.704717e-01
128,16,1.000000e+01,none,P,9,5.580788e-02
128,16,1.000000e+01,none,P,10,1.467656e-02
128,16,1.000000e+01,none,P,11,3.075244e-03
128,16,1.000000e+01,none,P,12,6.467641e-04
128,16,1.000000e+01,none,P,13,1.378551e-04
128,16,1.000000e+01,none,P,14,2.787656e-05
128,16,1.000000e+01,none,P,15,3.597026e-06
128,16,1.000000e+01,none,P,16,4.159792e-07
128,16,1.000000e+01,none,S,1,6.646707e+04
128,16,1.000000e+01,none,S,2,1.899993e+04
128,16,1.000000e+01,none,S,3,5.695348e+03
128,16,1.000000e+01,none,S,4,2.050279e+03
128,16,1.000000e+01,none,S,5,6.639918e+02
128,16,1.000000e+01,none,S,6,2.159336e+02
128,16,1.000000e+01,none,S,7,7.417397e+01
128,16,1.000000e+01,none,S,8,2.290287e+01
128,16,1.000000e+01,none,S,9,6.960741e+00
128,16,1.000000e+01,none,S,10,1.641559e+00
128,16,1.000000e+01,none,S,11,3.608072e-01
128,16,1.000000e+01,none,S,12,9.140499e-02
128,16,1.000000e+01,none,S,13,1.633934e-02
128,16,1.000000e+01,none,S,14,3.320891e-03
128,16,1.000000e+01,none,S,15,3.893792e-04
128,16,1.000000e+01,none,S,16,4.662549e-05
128,16,1.000000e+01,none,ps,1,1.375756e+08
128,16,1.000000e+01,none,ps,2,6.779687e+06
128,16,1.000000e+01,none,ps,3,8.430820e+05
128,16,1.000000e+01,none,ps,4,1.051767e+05
128,16,1.000000e+01,none,ps,5,1.361198e+04
128,16,1.000000e+01,none,ps,6,1.752249e+03
128,16,1.000000e+01,none,ps,7,1.918128e+02
128,16,1.000000e+01,none,ps,8,1.989289e+01
128,16,1.000000e+01,none,ps,9,1.582648e+00
128,16,1.000000e+01,none,ps,10,1.146906e-01
128,16,1.000000e+01,none,ps,11,5.678542e-03
128,16,1.000000e+01,none,ps,12,2.418167e-04
128,16,1.000000e+01,none,ps,13,8.112273e-06
128,16,1.000000e+01,none,ps,14,3.835541e-07
128,16,1.000000e+01,none,ps,15,5.225115e-09
128,16,1.000000e+01,none,ps,16,9.075373e-11
128,16,1.000000e+01,none,alpha,1,8.951911e-03
128,16,1.000000e+01,none,alpha,2,1.063716e-02
128,16,1.000000e+01,none,alpha,3,1.100540e-02
128,16,1.000000e+01,none,alpha,4,1.298733e-02
128,16,1.000000e+01,none,alpha,5,1.152634e-02
128,16,1.000000e+01,none,alpha,6,1.249026e-02
128,16,1.000000e+01,none,alpha,7,1.171831e-02
128,16,1.000000e+01,none,alpha,8,1.217955e-02
128,16,1.000000e+01,none,alpha,9,1.214268e-02
128,16,1.000000e+01,none,alpha,10,1.210192e-02
128,16,1.000000e+01,none,alpha,11,1.261409e-02
128,16,1.000000e+01,none,alpha,12,1.273855e-02
128,16,1.000000e+01,none,alpha,13,1.234657e-02
128,16,1.000000e+01,none,alpha,14,1.339169e-02
128,16,1.000000e+01,none,alpha,15,1.261760e-02
128,16,1.000000e+01,none,alpha,16,1.360894e-02
128,16,1.000000e+01,none,X,0,0.000000e+00
128,16,1.000000e+01,none,X,1,1.587214e+00
128,16,1.000000e+01,none,X,2,1.281823e+00
128,16,1.000000e+01,none,X,3,1.104793e+00
128,16,1.000000e+01,none,X,4,1.048327e+00
128,16,1.000000e+01,none,X,5,1.035818e+00
128,16,1.000000e+01,none,X,6,1.035361e+00
128,16,1.000000e+01,none,X,7,1.034921e+00
128,16,1.000000e+01,none,X,8,1.034905e+00
128,16,1.000000e+01,none,X,9,1.034891e+00
128,16,1.000000e+01,none,X,10,1.034899e+00
128,16,1.000000e+01,none,X,11,1.034902e+00
128,16,1.000000e+01,none,X,12,1.034902e+00
128,16,1.000000e+01,none,X,13,1.034902e+00
128,16,1.000000e+01,none,X,14,1.034902e+00
128,16,1.000000e+01,none,X,15,1.034902e+00
128,16,1.000000e+01,none,X,16,1.034902e+00
128,16,1.000000e+01,none,R,0,2.822176e+02
128,16,1.000000e+01,none,R,1,1.282206e+02
128,16,1.000000e+01,none,R,2,4.274993e+01
128,16,1.000000e+01,none,R,3,1.517468e+01
128,16,1.000000e+01,none,R,4,4.773996e+00
128,16,1.000000e+01,none,R,5,1.657533e+00
128,16,1.000000e+01,none,R,6,5.278843e-01
128,16,1.000000e+01,none,R,7,2.009266e-01
128,16,1.000000e+01,none,R,8,5.378283e-02
128,16,1.000000e+01,none,R,9,1.230528e-02
128,16,1.000000e+01,none,R,10,3.078765e-03
128,16,1.000000e+01,none,R,11,6.578783e-04
128,16,1.000000e+01,none,R,12,1.316670e-04
128,16,1.000000e+01,none,R,13,2.803257e-05
128,16,1.000000e+01,none,R,14,3.515371e-06
128,16,1.000000e+01,none,R,15,4.145869e-07
128,16,1.000000e+01,none,R,16,3.767682e-14
128,16,1.000000e+01,none,rz,0,6.770246e+05
128,16,1.000000e+01,none,rz,1,4.742096e+04
128,16,1.000000e+01,none,rz,2,6.190447e+03
128,16,1.000000e+01,none,rz,3,8.032071e+02
128,16,1.000000e+01,none,rz,4,1.098228e+02
128,16,1.000000e+01,none,rz,5,1.286702e+01
128,16,1.000000e+01,none,rz,6,1.724592e+00
128,16,1.000000e+01,none,rz,7,1.451424e-01
128,16,1.000000e+01,none,rz,8,1.316958e-02
128,16,1.000000e+01,none,rz,9,1.002704e-03
128,16,1.000000e+01,none,rz,10,4.810962e-05
128,16,1.000000e+01,none,rz,11,1.843638e-06
128,16,1.000000e+01,none,rz,12,7.458353e-08
128,16,1.000000e+01,none,rz,13,3.871211e-09
128,16,1.000000e+01,none,rz,14,4.761789e-11
128,16,1.000000e+01,none,rz,15,8.639571e-13
128,16,1.000000e+01,none,rz,16,8.770575e-27
128,16,1.000000e+01,none,beta,1,1.835101e-01
128,16,1.000000e+01,none,beta,2,2.919876e-01
128,16,1.000000e+01,none,beta,3,2.584604e-01
128,16,1.000000e+01,none,beta,4,2.851827e-01
128,16,1.000000e+01,none,beta,5,2.400685e-01
128,16,1.000000e+01,none,beta,6,2.363655e-01
128,16,1.000000e+01,none,beta,7,2.190542e-01
128,16,1.000000e+01,none,beta,8,2.104990e-01
128,16,1.000000e+01,none,beta,9,1.930981e-01
128,16,1.000000e+01,none,beta,10,1.643359e-01
128,16,1.000000e+01,none,beta,11,2.312128e-01
128,16,1.000000e+01,none,beta,12,1.542338e-01
128,16,1.000000e+01,none,beta,13,1.463626e-01
128,16,1.000000e+01,none,beta,14,8.897991e-02
128,16,1.000000e+01,none,beta,15,8.946913e-02
128,16,1.000000e+01,none,beta,16,1.306015e-11
128,16,1.000000e+01,none,ps_min,1,1.358108e+07
128,16,1.000000e+01,none,ps_min,2,6.962000e+05
128,16,1.000000e+01,none,ps_min,3,4.855350e+04
128,16,1.000000e+01,none,ps_min,4,3.384415e+03
128,16,1.000000e+01,none,ps_min,5,2.108259e+02
128,16,1.000000e+01,none,ps_min,6,1.461689e+01
128,16,1.000000e+01,none,ps_min,7,7.628287e-01
128,16,1.000000e+01,none,ps_min,8,3.888230e-02
128,16,1.000000e+01,none,ps_min,9,1.022107e-03
128,16,1.000000e+01,none,ps_min,10,5.301914e-05
128,16,1.000000e+01,none,ps_min,11,1.789249e-06
128,16,1.000000e+01,none,ps_min,12,9.793492e-08
128,16,1.000000e+01,none,ps_min,13,1.790466e-09
128,16,1.000000e+01,none,ps_min,14,1.499456e-11
128,16,1.000000e+01,none,ps_min,15,3.919385e-14
128,16,1.000000e+01,none,ps_min,16,2.547813e-17
128,16,1.000000e+01,none,rz_min,0,1.063015e+05
128,16,1.000000e+01,none,rz_min,1,5.204358e+03
128,16,1.000000e+01,none,rz_min,2,3.755414e+02
128,16,1.000000e+01,none,rz_min,3,3.042759e+01
128,16,1.000000e+01,none,rz_min,4,1.841195e+00
128,16,1.000000e+01,none,rz_min,5,1.382881e-01
128,16,1.000000e+01,none,rz_min,6,6.726033e-03
128,16,1.000000e+01,none,rz_min,7,3.852228e-04
128,16,1.000000e+01,none,rz_min,8,7.838727e-06
128,16,1.000000e+01,none,rz_min,9,4.133654e-07
128,16,1.000000e+01,none,rz_min,10,1.874635e-08
128,16,1.000000e+01,none,rz_min,11,9.046931e-10
128,16,1.000000e+01,none,rz_min,12,1.610835e-11
128,16,1.000000e+01,none,rz_min,13,1.292012e-13
128,16,1.000000e+01,none,rz_min,14,3.343470e-16
128,16,1.000000e+01,none,rz_min,15,1.993496e-19
128,16,1.000000e+01,none,rz_min,16,7.071514e-40
128,16,1.000000e+01,M,A,0,1.380271e+00
128,16,1.000000e+01,M,A,1,1.380271e+00
128,16,1.000000e+01,M,A,2,1.380271e+00
128,16,1.000000e+01,M,A,3,1.380271e+00
128,16,1.000000e+01,M,A,4,1.380271e+00
128,16,1.000000e+01,M,A,5,1.380271e+00
128,16,1.000000e+01,M,A,6,1.380271e+00
128,16,1.000000e+01,M,A,7,1.380271e+00
128,16,1.000000e+01,M,A,8,1.380271e+00
128,16,1.000000e+01,M,A,9,1.380271e+00
128,16,1.000000e+01,M,A,10,1.380271e+00
128,16,1.000000e+01,M,A,11,1.380271e+00
128,16,1.000000e+01,M,A,12,1.380271e+00
128,16,1.000000e+01,M,A,13,1.380271e+00
128,16,1.000000e+01,M,A,14,1.380271e+00
128,16,1.000000e+01,M,A,15,1.380271e+00
128,16,1.000000e+01,M,A,16,1.380271e+00
128,16,1.000000e+01,M,B,0,2.204825e+00
128,16,1.000000e+01,M,B,1,2.204825e+00
128,16,1.000000e+01,M,B,2,2.204825e+00
128,16,1.000000e+01,M,B,3,2.204825e+00
128,16,1.000000e+01,M,B,4,2.204825e+00
128,16,1.000000e+01,M,B,5,2.204825e+00
128,16,1.000000e+01,M,B,6,2.204825e+00
128,16,1.000000e+01,M,B,7,2.204825e+00
128,16,1.000000e+01,M,B,8,2.204825e+00
128,16,1.000000e+01,M,B,9,2.204825e+00
128,16,1.000000e+01,M,B,10,2.204825e+00
128,16,1.000000e+01,M,B,11,2.204825e+00
128,16,1.000000e+01,M,B,12,2.204825e+00
128,16,1.000000e+01,M,B,13,2.204825e+00
128,16,1.000000e+01,M,B,14,2.204825e+00
128,16,1.000000e+01,M,B,15,2.204825e+00
128,16,1.000000e+01,M,B,16,2.204825e+00
128,16,1.000000e+01,M,P,0,2.204825e+00
128,16,1.000000e+01,M,P,1,2.204825e+00
128,16,1.000000e+01,M,P,2,1.003735e+00
128,16,1.000000e+01,M,P,3,3.294728e-01
128,16,1.000000e+01,M,P,4,1.192323e-01
128,16,1.000000e+01,M,P,5,5.160505e-02
128,16,1.000000e+01,M,P,6,1.685154e-02
128,16,1.000000e+01,M,P,7,5.036819e-03
128,16,1.000000e+01,M,P,8,1.331810e-03
128,16,1.000000e+01,M,P,9,4.359991e-04
128,16,1.000000e+01,M,P,10,1.146606e-04
128,16,1.000000e+01,M,P,11,2.402534e-05
128,16,1.000000e+01,M,P,12,5.052844e-06
128,16,1.000000e+01,M,P,13,1.076993e-06
128,16,1.000000e+01,M,P,14,2.177856e-07
128,16,1.000000e+01,M,P,15,2.810177e-08
128,16,1.000000e+01,M,P,16,3.249837e-09
128,16,1.000000e+01,M,S,1,4.056828e+00
128,16,1.000000e+01,M,S,2,1.159664e+00
128,16,1.000000e+01,M,S,3,3.476165e-01
128,16,1.000000e+01,M,S,4,1.251391e-01
128,16,1.000000e+01,M,S,5,4.052684e-02
128,16,1.000000e+01,M,S,6,1.317954e-02
128,16,1.000000e+01,M,S,7,4.527220e-03
128,16,1.000000e+01,M,S,8,1.397880e-03
128,16,1.000000e+01,M,S,9,4.248499e-04
128,16,1.000000e+01,M,S,10,1.001928e-04
128,16,1.000000e+01,M,S,11,2.202192e-05
128,16,1.000000e+01,M,S,12,5.578918e-06
128,16,1.000000e+01,M,S,13,9.972741e-07
128,16,1.000000e+01,M,S,14,2.026911e-07
128,16,1.000000e+01,M,S,15,2.376582e-08
128,16,1.000000e+01,M,S,16,2.845794e-09
128,16,1.000000e+01,M,ps,1,6.560118e+01
128,16,1.000000e+01,M,ps,2,3.232806e+00
128,16,1.000000e+01,M,ps,3,4.020128e-01
128,16,1.000000e+01,M,ps,4,5.015217e-02
128,16,1.000000e+01,M,ps,5,6.490698e-03
128,16,1.000000e+01,M,ps,6,8.355377e-04
128,16,1.000000e+01,M,ps,7,9.146346e-05
128,16,1.000000e+01,M,ps,8,9.485667e-06
128,16,1.000000e+01,M,ps,9,7.546656e-07
128,16,1.000000e+01,M,ps,10,5.468874e-08
128,16,1.000000e+01,M,ps,11,2.707740e-09
128,16,1.000000e+01,M,ps,12,1.153072e-10
128,16,1.000000e+01,M,ps,13,3.868233e-12
128,16,1.000000e+01,M,ps,14,1.828928e-13
128,16,1.000000e+01,M,ps,15,2.491529e-15
128,16,1.000000e+01,M,ps,16,4.327475e-17
128,16,1.000000e+01,M,alpha,1,1.145845e+00
128,16,1.000000e+01,M,alpha,2,1.361556e+00
128,16,1.000000e+01,M,alpha,3,1.408691e+00
128,16,1.000000e+01,M,alpha,4,1.662379e+00
128,16,1.000000e+01,M,alpha,5,1.475371e+00
128,16,1.000000e+01,M,alpha,6,1.598754e+00
128,16,1.000000e+01,M,alpha,7,1.499944e+00
128,16,1.000000e+01,M,alpha,8,1.558983e+00
128,16,1.000000e+01,M,alpha,9,1.554263e+00
128,16,1.000000e+01,M,alpha,10,1.549046e+00
128,16,1.000000e+01,M,alpha,11,1.614603e+00
128,16,1.000000e+01,M,alpha,12,1.630535e+00
128,16,1.000000e+01,M,alpha,13,1.580361e+00
128,16,1.000000e+01,M,alpha,14,1.714137e+00
128,16,1.000000e+01,M,alpha,15,1.615053e+00
128,16,1.000000e+01,M,alpha,16,1.741944e+00
128,16,1.000000e+01,M,X,0,0.000000e+00
128,16,1.000000e+01,M,X,1,1.587214e+00
128,16,1.000000e+01,M,X,2,1.281823e+00
128,16,1.000000e+01,M,X,3,1.104793e+00
128,16,1.000000e+01,M,X,4,1.048327e+00
128,16,1.000000e+01,M,X,5,1.035818e+00
128,16,1.000000e+01,M,X,6,1.035361e+00
128,16,1.000000e+01,M,X,7,1.034921e+00
128,16,1.000000e+01,M,X,8,1.034905e+00
128,16,1.000000e+01,M,X,9,1.034891e+00
128,16,1.000000e+01,M,X,10,1.034899e+00
128,16,1.000000e+01,M,X,11,1.034902e+00
128,16,1.000000e+01,M,X,12,1.034902e+00
128,16,1.000000e+01,M,X,13,1.034902e+00
128,16,1.000000e+01,M,X,14,1.034902e+00
128,16,1.000000e+01,M,X,15,1.034902e+00
128,16,1.000000e+01,M,X,16,1.034902e+00
128,16,1.000000e+01,M,R,0,2.204825e+00
128,16,1.000000e+01,M,R,1,1.001723e+00
128,16,1.000000e+01,M,R,2,3.339839e-01
128,16,1.000000e+01,M,R,3,1.185522e-01
128,16,1.000000e+01,M,R,4,3.729684e-02
128,16,1.000000e+01,M,R,5,1.294948e-02
128,16,1.000000e+01,M,R,6,4.124096e-03
128,16,1.000000e+01,M,R,7,1.569739e-03
128,16,1.000000e+01,M,R,8,4.201784e-04
128,16,1.000000e+01,M,R,9,9.613502e-05
128,16,1.000000e+01,M,R,10,2.405285e-05
128,16,1.000000e+01,M,R,11,5.139674e-06
128,16,1.000000e+01,M,R,12,1.028648e-06
128,16,1.000000e+01,M,R,13,2.190045e-07
128,16,1.000000e+01,M,R,14,2.746383e-08
128,16,1.000000e+01,M,R,15,3.238960e-09
128,16,1.000000e+01,M,R,16,2.943502e-16
128,16,1.000000e+01,M,rz,0,4.132230e+01
128,16,1.000000e+01,M,rz,1,2.894346e+00
128,16,1.000000e+01,M,rz,2,3.778349e-01
128,16,1.000000e+01,M,rz,3,4.902387e-02
128,16,1.000000e+01,M,rz,4,6.703054e-03
128,16,1.000000e+01,M,rz,5,7.853408e-04
128,16,1.000000e+01,M,rz,6,1.052608e-04
128,16,1.000000e+01,M,rz,7,8.858790e-06
128,16,1.000000e+01,M,rz,8,8.038071e-07
128,16,1.000000e+01,M,rz,9,6.120018e-08
128,16,1.000000e+01,M,rz,10,2.936378e-09
128,16,1.000000e+01,M,rz,11,1.125268e-10
128,16,1.000000e+01,M,rz,12,4.552217e-12
128,16,1.000000e+01,M,rz,13,2.362800e-13
128,16,1.000000e+01,M,rz,14,2.906366e-15
128,16,1.000000e+01,M,rz,15,5.273175e-17
128,16,1.000000e+01,M,rz,16,5.353134e-31
128,16,1.000000e+01,M,beta,1,1.835101e-01
128,16,1.000000e+01,M,beta,2,2.919876e-01
128,16,1.000000e+01,M,beta,3,2.584604e-01
128,16,1.000000e+01,M,beta,4,2.851827e-01
128,16,1.000000e+01,M,beta,5,2.400685e-01
128,16,1.000000e+01,M,beta,6,2.363655e-01
128,16,1.000000e+01,M,beta,7,2.190542e-01
128,16,1.000000e+01,M,beta,8,2.104990e-01
128,16,1.000000e+01,M,beta,9,1.930981e-01
128,16,1.000000e+01,M,beta,10,1.643359e-01
128,16,1.000000e+01,M,beta,11,2.312128e-01
128,16,1.000000e+01,M,beta,12,1.542338e-01
128,16,1.000000e+01,M,beta,13,1.463626e-01
128,16,1.000000e+01,M,beta,14,8.897991e-02
128,16,1.000000e+01,M,beta,15,8.946913e-02
128,16,1.000000e+01,M,beta,16,1.306015e-11
128,16,1.000000e+01,M,ps_min,1,6.475963e+00
128,16,1.000000e+01,M,ps_min,2,3.319740e-01
128,16,1.000000e+01,M,ps_min,3,2.315211e-02
128,16,1.000000e+01,M,ps_min,4,1.613815e-03
128,16,1.000000e+01,M,ps_min,5,1.005296e-04
128,16,1.000000e+01,M,ps_min,6,6.969875e-06
128,16,1.000000e+01,M,ps_min,7,3.637451e-07
128,16,1.000000e+01,M,ps_min,8,1.854053e-08
128,16,1.000000e+01,M,ps_min,9,4.873787e-10
128,16,1.000000e+01,M,ps_min,10,2.528150e-11
128,16,1.000000e+01,M,ps_min,11,8.531806e-13
128,16,1.000000e+01,M,ps_min,12,4.669901e-14
128,16,1.000000e+01,M,ps_min,13,8.537606e-16
128,16,1.000000e+01,M,ps_min,14,7.149965e-18
128,16,1.000000e+01,M,ps_min,15,1.868908e-20
128,16,1.000000e+01,M,ps_min,16,1.214892e-23
128,16,1.000000e+01,M,rz_min,0,6.488131e+00
128,16,1.000000e+01,M,rz_min,1,3.176488e-01
128,16,1.000000e+01,M,rz_min,2,2.292123e-02
128,16,1.000000e+01,M,rz_min,3,1.857153e-03
128,16,1.000000e+01,M,rz_min,4,1.123777e-04
128,16,1.000000e+01,M,rz_min,5,8.440434e-06
128,16,1.000000e+01,M,rz_min,6,4.105245e-07
128,16,1.000000e+01,M,rz_min,7,2.351214e-08
128,16,1.000000e+01,M,rz_min,8,4.784379e-10
128,16,1.000000e+01,M,rz_min,9,2.522982e-11
128,16,1.000000e+01,M,rz_min,10,1.144187e-12
128,16,1.000000e+01,M,rz_min,11,5.521809e-14
128,16,1.000000e+01,M,rz_min,12,9.831756e-16
128,16,1.000000e+01,M,rz_min,13,7.885814e-18
128,16,1.000000e+01,M,rz_min,14,2.040692e-20
128,16,1.000000e+01,M,rz_min,15,1.216734e-23
128,16,1.000000e+01,M,rz_min,16,4.316110e-44
128,16,2.000000e+01,none,A,0,1.810682e+02
128,16,2.000000e+01,none,A,1,1.810682e+02
128,16,2.000000e+01,none,A,2,1.810682e+02
128,16,2.000000e+01,none,A,3,1.810682e+02
128,16,2.000000e+01,none,A,4,1.810682e+02
128,16,2.000000e+01,none,A,5,1.810682e+02
128,16,2.000000e+01,none,A,6,1.810682e+02
128,16,2.000000e+01,none,A,7,1.810682e+02
128,16,2.000000e+01,none,A,8,1.810682e+02
128,16,2.000000e+01,none,A,9,1.810682e+02
128,16,2.000000e+01,none,A,10,1.810682e+02
128,16,2.000000e+01,none,A,11,1.810682e+02
128,16,2.000000e+01,none,A,12,1.810682e+02
128,16,2.000000e+01,none,A,13,1.810682e+02
128,16,2.000000e+01,none,A,14,1.810682e+02
128,16,2.000000e+01,none,A,15,1.810682e+02
128,16,2.000000e+01,none,A,16,1.810682e+02
128,16,2.000000e+01,none,B,0,2.789235e+02
128,16,2.000000e+01,none,B,1,2.789235e+02
128,16,2.000000e+01,none,B,2,2.789235e+02
128,16,2.000000e+01,none,B,3,2.789235e+02
128,16,2.000000e+01,none,B,4,2.789235e+02
128,16,2.000000e+01,none,B,5,2.789235e+02
128,16,2.000000e+01,none,B,6,2.789235e+02
128,16,2.000000e+01,none,B,7,2.789235e+02
128,16,2.000000e+01,none,B,8,2.789235e+02
128,16,2.000000e+01,none,B,9,2.789235e+02
128,16,2.000000e+01,none,B,10,2.789235e+02
128,16,2.000000e+01,none,B,11,2.789235e+02
128,16,2.000000e+01,none,B,12,2.789235e+02
128,16,2.000000e+01,none,B,13,2.789235e+02
128,16,2.000000e+01,none,B,14,2.789235e+02
128,16,2.000000e+01,none,B,15,2.789235e+02
128,16,2.000000e+01,none,B,16,2.789235e+02
128,16,2.000000e+01,none,P,0,2.789235e+02
128,16,2.000000e+01,none,P,1,2.789235e+02
128,16,2.000000e+01,none,P,2,1.267713e+02
128,16,2.000000e+01,none,P,3,5.034642e+01
128,16,2.000000e+01,none,P,4,2.026181e+01
128,16,2.000000e+01,none,P,5,5.564429e+00
128,16,2.000000e+01,none,P,6,1.777898e+00
128,16,2.000000e+01,none,P,7,5.806785e-01
128,16,2.000000e+01,none,P,8,1.695303e-01
128,16,2.000000e+01,none,P,9,5.070917e-02
128,16,2.000000e+01,none,P,10,1.216552e-02
128,16,2.000000e+01,none,P,11,3.448373e-03
128,16,2.000000e+01,none,P,12,6.836803e-04
128,16,2.000000e+01,none,P,13,1.216274e-04
128,16,2.000000e+01,none,P,14,3.026024e-05
128,16,2.000000e+01,none,P,15,5.682648e-06
128,16,2.000000e+01,none,P,16,3.772612e-07
128,16,2.000000e+01,none,S,1,6.538844e+04
128,16,2.000000e+01,none,S,2,1.898680e+04
128,16,2.000000e+01,none,S,3,7.555852e+03
128,16,2.000000e+01,none,S,4,2.615782e+03
128,16,2.000000e+01,none,S,5,6.757102e+02
128,16,2.000000e+01,none,S,6,2.146332e+02
128,16,2.000000e+01,none,S,7,7.010034e+01
128,16,2.000000e+01,none,S,8,1.953982e+01
128,16,2.000000e+01,none,S,9,5.535066e+00
128,16,2.000000e+01,none,S,10,1.613486e+00
128,16,2.000000e+01,none,S,11,4.101742e-01
128,16,2.000000e+01,none,S,12,9.638537e-02
128,16,2.000000e+01,none,S,13,1.570955e-02
128,16,2.000000e+01,none,S,14,4.099486e-03
128,16,2.000000e+01,none,S,15,7.257415e-04
128,16,2.000000e+01,none,S,16,4.678667e-05
128,16,2.000000e+01,none,ps,1,1.144567e+08
128,16,2.000000e+01,none,ps,2,7.571684e+06
128,16,2.000000e+01,none,ps,3,8.743651e+05
128,16,2.000000e+01,none,ps,4,1.314352e+05
128,16,2.000000e+01,none,ps,5,1.957239e+04
128,16,2.000000e+01,none,ps,6,1.608025e+03
128,16,2.000000e+01,none,ps,7,1.616711e+02
128,16,2.000000e+01,none,ps,8,1.254172e+01
128,16,2.000000e+01,none,ps,9,9.900502e-01
128,16,2.000000e+01,none,ps,10,7.547465e-02
128,16,2.000000e+01,none,ps,11,4.889964e-03
128,16,2.000000e+01,none,ps,12,2.542247e-04
128,16,2.000000e+01,none,ps,13,7.106601e-06
128,16,2.000000e+01,none,ps,14,5.579452e-07
128,16,2.000000e+01,none,ps,15,1.631437e-08
128,16,2.000000e+01,none,ps,16,9.575648e-11
128,16,2.000000e+01,none,alpha,1,9.098743e-03
128,16,2.000000e+01,none,alpha,2,1.074565e-02
128,16,2.000000e+01,none,alpha,3,1.124996e-02
128,16,2.000000e+01,none,alpha,4,1.160130e-02
128,16,2.000000e+01,none,alpha,5,1.214049e-02
128,16,2.000000e+01,none,alpha,6,1.215721e-02
128,16,2.000000e+01,none,alpha,7,1.198911e-02
128,16,2.000000e+01,none,alpha,8,1.253243e-02
128,16,2.000000e+01,none,alpha,9,1.192827e-02
128,16,2.000000e+01,none,alpha,10,1.264598e-02
128,16,2.000000e+01,none,alpha,11,1.241178e-02
128,16,2.000000e+01,none,alpha,12,1.228011e-02
128,16,2.000000e+01,none,alpha,13,1.272068e-02
128,16,2.000000e+01,none,alpha,14,1.288805e-02
128,16,2.000000e+01,none,alpha,15,1.312904e-02
128,16,2.000000e+01,none,alpha,16,1.307762e-02
128,16,2.000000e+01,none,X,0,0.000000e+00
128,16,2.000000e+01,none,X,1,1.584049e+00
128,16,2.000000e+01,none,X,2,1.287497e+00
128,16,2.000000e+01,none,X,3,1.088231e+00
128,16,2.000000e+01,none,X,4,1.012268e+00
128,16,2.000000e+01,none,X,5,9.813885e-01
128,16,2.000000e+01,none,X,6,9.796762e-01
128,16,2.000000e+01,none,X,7,9.789039e-01
128,16,2.000000e+01,none,X,8,9.785432e-01
128,16,2.000000e+01,none,X,9,9.785392e-01
128,16,2.000000e+01,none,X,10,9.785310e-01
128,16,2.000000e+01,none,X,11,9.785282e-01
128,16,2.000000e+01,none,X,12,9.785282e-01
128,16,2.000000e+01,none,X,13,9.785282e-01
128,16,2.000000e+01,none,X,14,9.785283e-01
128,16,2.000000e+01,none,X,15,9.785283e-01
128,16,2.000000e+01,none,X,16,9.785283e-01
128,16,2.000000e+01,none,R,0,2.789235e+02
128,16,2.000000e+01,none,R,1,1.268147e+02
128,16,2.000000e+01,none,R,2,4.553848e+01
128,16,2.000000e+01,none,R,3,1.868914e+01
128,16,2.000000e+01,none,R,4,5.265131e+00
128,16,2.000000e+01,none,R,5,1.689448e+00
128,16,2.000000e+01,none,R,6,5.039794e-01
128,16,2.000000e+01,none,R,7,1.616139e-01
128,16,2.000000e+01,none,R,8,4.423418e-02
128,16,2.000000e+01,none,R,9,1.235853e-02
128,16,2.000000e+01,none,R,10,3.103959e-03
128,16,2.000000e+01,none,R,11,6.691832e-04
128,16,2.000000e+01,none,R,12,1.306304e-04
128,16,2.000000e+01,none,R,13,2.881123e-05
128,16,2.000000e+01,none,R,14,6.076397e-06
128,16,2.000000e+01,none,R,15,3.929069e-07
128,16,2.000000e+01,none,R,16,9.015103e-14
128,16,2.000000e+01,none,rz,0,6.047852e+05
128,16,2.000000e+01,none,rz,1,4.783586e+04
128,16,2.000000e+01,none,rz,2,6.971805e+03
128,16,2.000000e+01,none,rz,3,1.003974e+03
128,16,2.000000e+01,none,rz,4,1.353807e+02
128,16,2.000000e+01,none,rz,5,1.114687e+01
128,16,2.000000e+01,none,rz,6,1.278230e+00
128,16,2.000000e+01,none,rz,7,1.226299e-01
128,16,2.000000e+01,none,rz,8,8.396404e-03
128,16,2.000000e+01,none,rz,9,5.929553e-04
128,16,2.000000e+01,none,rz,10,4.414936e-05
128,16,2.000000e+01,none,rz,11,2.213491e-06
128,16,2.000000e+01,none,rz,12,6.508208e-08
128,16,2.000000e+01,none,rz,13,4.285898e-09
128,16,2.000000e+01,none,rz,14,1.383014e-10
128,16,2.000000e+01,none,rz,15,8.041475e-13
128,16,2.000000e+01,none,rz,16,6.586421e-26
128,16,2.000000e+01,none,beta,1,1.696506e-01
128,16,2.000000e+01,none,beta,2,2.703113e-01
128,16,2.000000e+01,none,beta,3,2.844378e-01
128,16,2.000000e+01,none,beta,4,2.773254e-01
128,16,2.000000e+01,none,beta,5,2.677786e-01
128,16,2.000000e+01,none,beta,6,2.195802e-01
128,16,2.000000e+01,none,beta,7,2.134619e-01
128,16,2.000000e+01,none,beta,8,1.989098e-01
128,16,2.000000e+01,none,beta,9,2.062903e-01
128,16,2.000000e+01,none,beta,10,1.816007e-01
128,16,2.000000e+01,none,beta,11,1.954634e-01
128,16,2.000000e+01,none,beta,12,1.404673e-01
128,16,2.000000e+01,none,beta,13,1.294038e-01
128,16,2.000000e+01,none,beta,14,1.084846e-01
128,16,2.000000e+01,none,beta,15,9.715381e-02
128,16,2.000000e+01,none,beta,16,5.843005e-10
128,16,2.000000e+01,none,ps_min,1,1.482639e+07
128,16,2.000000e+01,none,ps_min,2,6.341624e+05
128,16,2.000000e+01,none,ps_min,3,4.081651e+04
128,16,2.000000e+01,none,ps_min,4,3.248082e+03
128,16,2.000000e+01,none,ps_min,5,2.285246e+02
128,16,2.000000e+01,none,ps_min,6,1.668839e+01
128,16,2.000000e+01,none,ps_min,7,3.101106e-01
128,16,2.000000e+01,none,ps_min,8,3.516915e-02
128,16,2.000000e+01,none,ps_min,9,2.214904e-03
128,16,2.000000e+01,none,ps_min,10,1.015548e-04
128,16,2.000000e+01,none,ps_min,11,3.843117e-06
128,16,2.000000e+01,none,ps_min,12,7.353288e-08
128,16,2.000000e+01,none,ps_min,13,1.237353e-09
128,16,2.000000e+01,none,ps_min,14,1.320397e-11
128,16,2.000000e+01,none,ps_min,15,8.582113e-14
128,16,2.000000e+01,none,ps_min,16,5.266965e-18
128,16,2.000000e+01,none,rz_min,0,1.179714e+05
128,16,2.000000e+01,none,rz_min,1,5.373013e+03
128,16,2.000000e+01,none,rz_min,2,3.197423e+02
128,16,2.000000e+01,none,rz_min,3,2.458772e+01
128,16,2.000000e+01,none,rz_min,4,1.853962e+00
128,16,2.000000e+01,none,rz_min,5,1.365786e-01
128,16,2.000000e+01,none,rz_min,6,3.103450e-03
128,16,2.000000e+01,none,rz_min,7,2.749565e-04
128,16,2.000000e+01,none,rz_min,8,1.723129e-05
128,16,2.000000e+01,none,rz_min,9,8.908149e-07
128,16,2.000000e+01,none,rz_min,10,3.335399e-08
128,16,2.000000e+01,none,rz_min,11,6.893255e-10
128,16,2.000000e+01,none,rz_min,12,1.196538e-11
128,16,2.000000e+01,none,rz_min,13,9.874799e-14
128,16,2.000000e+01,none,rz_min,14,7.865101e-16
128,16,2.000000e+01,none,rz_min,15,4.805035e-20
128,16,2.000000e+01,none,rz_min,16,3.981228e-39
128,16,2.000000e+01,M,A,0,1.414595e+00
128,16,2.000000e+01,M,A,1,1.414595e+00
128,16,2.000000e+01,M,A,2,1.414595e+00
128,16,2.000000e+01,M,A,3,1.414595e+00
128,16,2.000000e+01,M,A,4,1.414595e+00
128,16,2.000000e+01,M,A,5,1.414595e+00
128,16,2.000000e+01,M,A,6,1.414595e+00
128,16,2.000000e+01,M,A,7,1.414595e+00
128,16,2.000000e+01,M,A,8,1.414595e+00
128,16,2.000000e+01,M,A,9,1.414595e+00
128,16,2.000000e+01,M,A,10,1.414595e+00
128,16,2.000000e+01,M,A,11,1.414595e+00
128,16,2.000000e+01,M,A,12,1.414595e+00
128,16,2.000000e+01,M,A,13,1.414595e+00
128,16,2.000000e+01,M,A,14,1.414595e+00
128,16,2.000000e+01,M,A,15,1.414595e+00
128,16,2.000000e+01,M,A,16,1.414595e+00
128,16,2.000000e+01,M,B,0,2.179090e+00
128,16,2.000000e+01,M,B,1,2.179090e+00
128,16,2.000000e+01,M,B,2,2.179090e+00
128,16,2.000000e+01,M,B,3,2.179090e+00
128,16,2.000000e+01,M,B,4,2.179090e+00
128,16,2.000000e+01,M,B,5,2.179090e+00
128,16,2.000000e+01,M,B,6,2.179090e+00
128,16,2.000000e+01,M,B,7,2.179090e+00
128,16,2.000000e+01,M,B,8,2.179090e+00
128,16,2.000000e+01,M,B,9,2.179090e+00
128,16,2.000000e+01,M,B,10,2.179090e+00
128,16,2.000000e+01,M,B,11,2.179090e+00
128,16,2.000000e+01,M,B,12,2.179090e+00
128,16,2.000000e+01,M,B,13,2.179090e+00
128,16,2.000000e+01,M,B,14,2.179090e+00
128,16,2.000000e+01,M,B,15,2.179090e+00
128,16,2.000000e+01,M,B,16,2.179090e+00
128,16,2.000000e+01,M,P,0,2.179090e+00
128,16,2.000000e+01,M,P,1,2.179090e+00
128,16,2.000000e+01,M,P,2,9.904006e-01
128,16,2.000000e+01,M,P,3,3.933314e-01
128,16,2.000000e+01,M,P,4,1.582954e-01
128,16,2.000000e+01,M,P,5,4.347210e-02
128,16,2.000000e+01,M,P,6,1.388983e-02
128,16,2.000000e+01,M,P,7,4.536550e-03
128,16,2.000000e+01,M,P,8,1.324456e-03
128,16,2.000000e+01,M,P,9,3.961654e-04
128,16,2.000000e+01,M,P,10,9.504309e-05
128,16,2.000000e+01,M,P,11,2.694041e-05
128,16,2.000000e+01,M,P,12,5.341253e-06
128,16,2.000000e+01,M,P,13,9.502140e-07
128,16,2.000000e+01,M,P,14,2.364081e-07
128,16,2.000000e+01,M,P,15,4.439569e-08
128,16,2.000000e+01,M,P,16,2.947353e-09
128,16,2.000000e+01,M,S,1,3.990993e+00
128,16,2.000000e+01,M,S,2,1.158862e+00
128,16,2.000000e+01,M,S,3,4.611726e-01
128,16,2.000000e+01,M,S,4,1.596546e-01
128,16,2.000000e+01,M,S,5,4.124208e-02
128,16,2.000000e+01,M,S,6,1.310017e-02
128,16,2.000000e+01,M,S,7,4.278585e-03
128,16,2.000000e+01,M,S,8,1.192616e-03
128,16,2.000000e+01,M,S,9,3.378336e-04
128,16,2.000000e+01,M,S,10,9.847938e-05
128,16,2.000000e+01,M,S,11,2.503505e-05
128,16,2.000000e+01,M,S,12,5.882896e-06
128,16,2.000000e+01,M,S,13,9.588348e-07
128,16,2.000000e+01,M,S,14,2.502128e-07
128,16,2.000000e+01,M,S,15,4.429575e-08
128,16,2.000000e+01,M,S,16,2.855631e-09
128,16,2.000000e+01,M,ps,1,5.457719e+01
128,16,2.000000e+01,M,ps,2,3.610460e+00
128,16,2.000000e+01,M,ps,3,4.169298e-01
128,16,2.000000e+01,M,ps,4,6.267317e-02
128,16,2.000000e+01,M,ps,5,9.332845e-03
128,16,2.000000e+01,M,ps,6,7.667662e-04
128,16,2.000000e+01,M,ps,7,7.709080e-05
128,16,2.000000e+01,M,ps,8,5.980359e-06
128,16,2.000000e+01,M,ps,9,4.720927e-07
128,16,2.000000e+01,M,ps,10,3.598912e-08
128,16,2.000000e+01,M,ps,11,2.331717e-09
128,16,2.000000e+01,M,ps,12,1.212238e-10
128,16,2.000000e+01,M,ps,13,3.388691e-12
128,16,2.000000e+01,M,ps,14,2.660490e-13
128,16,2.000000e+01,M,ps,15,7.779297e-15
128,16,2.000000e+01,M,ps,16,4.566025e-17
128,16,2.000000e+01,M,alpha,1,1.164639e+00
128,16,2.000000e+01,M,alpha,2,1.375443e+00
128,16,2.000000e+01,M,alpha,3,1.439995e+00
128,16,2.000000e+01,M,alpha,4,1.484967e+00
128,16,2.000000e+01,M,alpha,5,1.553983e+00
128,16,2.000000e+01,M,alpha,6,1.556123e+00
128,16,2.000000e+01,M,alpha,7,1.534607e+00
128,16,2.000000e+01,M,alpha,8,1.604151e+00
128,16,2.000000e+01,M,alpha,9,1.526819e+00
128,16,2.000000e+01,M,alpha,10,1.618686e+00
128,16,2.000000e+01,M,alpha,11,1.588707e+00
128,16,2.000000e+01,M,alpha,12,1.571854e+00
128,16,2.000000e+01,M,alpha,13,1.628246e+00
128,16,2.000000e+01,M,alpha,14,1.649670e+00
128,16,2.000000e+01,M,alpha,15,1.680517e+00
128,16,2.000000e+01,M,alpha,16,1.673935e+00
128,16,2.000000e+01,M,X,0,0.000000e+00
128,16,2.000000e+01,M,X,1,1.584049e+00
128,16,2.000000e+01,M,X,2,1.287497e+00
128,16,2.000000e+01,M,X,3,1.088231e+00
128,16,2.000000e+01,M,X,4,1.012268e+00
128,16,2.000000e+01,M,X,5,9.813885e-01
128,16,2.000000e+01,M,X,6,9.796762e-01
128,16,2.000000e+01,M,X,7,9.789039e-01
128,16,2.000000e+01,M,X,8,9.785432e-01
128,16,2.000000e+01,M,X,9,9.785392e-01
128,16,2.000000e+01,M,X,10,9.785310e-01
128,16,2.000000e+01,M,X,11,9.785282e-01
128,16,2.000000e+01,M,X,12,9.785282e-01
128,16,2.000000e+01,M,X,13,9.785282e-01
128,16,2.000000e+01,M,X,14,9.785283e-01
128,16,2.000000e+01,M,X,15,9.785283e-01
128,16,2.000000e+01,M,X,16,9.785283e-01
128,16,2.000000e+01,M,R,0,2.179090e+00
128,16,2.000000e+01,M,R,1,9.907398e-01
128,16,2.000000e+01,M,R,2,3.557693e-01
128,16,2.000000e+01,M,R,3,1.460089e-01
128,16,2.000000e+01,M,R,4,4.113384e-02
128,16,2.000000e+01,M,R,5,1.319881e-02
128,16,2.000000e+01,M,R,6,3.937339e-03
128,16,2.000000e+01,M,R,7,1.262608e-03
128,16,2.000000e+01,M,R,8,3.455795e-04
128,16,2.000000e+01,M,R,9,9.655103e-05
128,16,2.000000e+01,M,R,10,2.424968e-05
128,16,2.000000e+01,M,R,11,5.227994e-06
128,16,2.000000e+01,M,R,12,1.020550e-06
128,16,2.000000e+01,M,R,13,2.250877e-07
128,16,2.000000e+01,M,R,14,4.747185e-08
128,16,2.000000e+01,M,R,15,3.069585e-09
128,16,2.000000e+01,M,R,16,7.043049e-16
128,16,2.000000e+01,M,rz,0,3.691316e+01
128,16,2.000000e+01,M,rz,1,2.919669e+00
128,16,2.000000e+01,M,rz,2,4.255252e-01
128,16,2.000000e+01,M,rz,3,6.127769e-02
128,16,2.000000e+01,M,rz,4,8.262983e-03
128,16,2.000000e+01,M,rz,5,6.803507e-04
128,16,2.000000e+01,M,rz,6,7.801695e-05
128,16,2.000000e+01,M,rz,7,7.484738e-06
128,16,2.000000e+01,M,rz,8,5.124758e-07
128,16,2.000000e+01,M,rz,9,3.619112e-08
128,16,2.000000e+01,M,rz,10,2.694663e-09
128,16,2.000000e+01,M,rz,11,1.351008e-10
128,16,2.000000e+01,M,rz,12,3.972295e-12
128,16,2.000000e+01,M,rz,13,2.615904e-13
128,16,2.000000e+01,M,rz,14,8.441248e-15
128,16,2.000000e+01,M,rz,15,4.908127e-17
128,16,2.000000e+01,M,rz,16,4.020032e-30
128,16,2.000000e+01,M,beta,1,1.696506e-01
128,16,2.000000e+01,M,beta,2,2.703113e-01
128,16,2.000000e+01,M,beta,3,2.844378e-01
128,16,2.000000e+01,M,beta,4,2.773254e-01
128,16,2.000000e+01,M,beta,5,2.677786e-01
128,16,2.000000e+01,M,beta,6,2.195802e-01
128,16,2.000000e+01,M,beta,7,2.134619e-01
128,16,2.000000e+01,M,beta,8,1.989098e-01
128,16,2.000000e+01,M,beta,9,2.062903e-01
128,16,2.000000e+01,M,beta,10,1.816007e-01
128,16,2.000000e+01,M,beta,11,1.954634e-01
128,16,2.000000e+01,M,beta,12,1.404673e-01
128,16,2.000000e+01,M,beta,13,1.294038e-01
128,16,2.000000e+01,M,beta,14,1.084846e-01
128,16,2.000000e+01,M,beta,15,9.715381e-02
128,16,2.000000e+01,M,beta,16,5.843005e-10
128,16,2.000000e+01,M,ps_min,1,7.069776e+00
128,16,2.000000e+01,M,ps_min,2,3.023922e-01
128,16,2.000000e+01,M,ps_min,3,1.946283e-02
128,16,2.000000e+01,M,ps_min,4,1.548806e-03
128,16,2.000000e+01,M,ps_min,5,1.089690e-04
128,16,2.000000e+01,M,ps_min,6,7.957644e-06
128,16,2.000000e+01,M,ps_min,7,1.478722e-07
128,16,2.000000e+01,M,ps_min,8,1.676996e-08
128,16,2.000000e+01,M,ps_min,9,1.056149e-09
128,16,2.000000e+01,M,ps_min,10,4.842512e-11
128,16,2.000000e+01,M,ps_min,11,1.832541e-12
128,16,2.000000e+01,M,ps_min,12,3.506321e-14
128,16,2.000000e+01,M,ps_min,13,5.900161e-16
128,16,2.000000e+01,M,ps_min,14,6.296145e-18
128,16,2.000000e+01,M,ps_min,15,4.092271e-20
128,16,2.000000e+01,M,ps_min,16,2.511485e-24
128,16,2.000000e+01,M,rz_min,0,7.200400e+00
128,16,2.000000e+01,M,rz_min,1,3.279427e-01
128,16,2.000000e+01,M,rz_min,2,1.951552e-02
128,16,2.000000e+01,M,rz_min,3,1.500715e-03
128,16,2.000000e+01,M,rz_min,4,1.131568e-04
128,16,2.000000e+01,M,rz_min,5,8.336096e-06
128,16,2.000000e+01,M,rz_min,6,1.894195e-07
128,16,2.000000e+01,M,rz_min,7,1.678202e-08
128,16,2.000000e+01,M,rz_min,8,1.051714e-09
128,16,2.000000e+01,M,rz_min,9,5.437102e-11
128,16,2.000000e+01,M,rz_min,10,2.035766e-12
128,16,2.000000e+01,M,rz_min,11,4.207309e-14
128,16,2.000000e+01,M,rz_min,12,7.303091e-16
128,16,2.000000e+01,M,rz_min,13,6.027099e-18
128,16,2.000000e+01,M,rz_min,14,4.800477e-20
128,16,2.000000e+01,M,rz_min,15,2.932761e-24
128,16,2.000000e+01,M,rz_min,16,2.429949e-43
