# mimo_cg float_ber: numpy=2.5.3, base_seed=20260930, ns=32, min_errors=100, max_bits=10000000, snr_db=-20..20
M,K,modulation,rho_db,detector,nit,bit_errors,bits,blocks,ber
32,4,qpsk,-2.000000e+01,zf,,309513,1048576,4096,2.951746e-01
32,4,qpsk,-2.000000e+01,mmse,,302316,1048576,4096,2.883110e-01
32,4,qpsk,-2.000000e+01,cg1,1,303018,1048576,4096,2.889805e-01
32,4,qpsk,-2.000000e+01,cg2,2,302332,1048576,4096,2.883263e-01
32,4,qpsk,-2.000000e+01,cg3,3,302312,1048576,4096,2.883072e-01
32,4,qpsk,-2.000000e+01,cg4,4,302316,1048576,4096,2.883110e-01
32,4,qpsk,-1.900000e+01,zf,,288577,1048576,4096,2.752085e-01
32,4,qpsk,-1.900000e+01,mmse,,280844,1048576,4096,2.678337e-01
32,4,qpsk,-1.900000e+01,cg1,1,282003,1048576,4096,2.689390e-01
32,4,qpsk,-1.900000e+01,cg2,2,280865,1048576,4096,2.678537e-01
32,4,qpsk,-1.900000e+01,cg3,3,280857,1048576,4096,2.678461e-01
32,4,qpsk,-1.900000e+01,cg4,4,280844,1048576,4096,2.678337e-01
32,4,qpsk,-1.800000e+01,zf,,262516,1048576,4096,2.503548e-01
32,4,qpsk,-1.800000e+01,mmse,,254824,1048576,4096,2.430191e-01
32,4,qpsk,-1.800000e+01,cg1,1,256619,1048576,4096,2.447309e-01
32,4,qpsk,-1.800000e+01,cg2,2,254767,1048576,4096,2.429647e-01
32,4,qpsk,-1.800000e+01,cg3,3,254800,1048576,4096,2.429962e-01
32,4,qpsk,-1.800000e+01,cg4,4,254824,1048576,4096,2.430191e-01
32,4,qpsk,-1.700000e+01,zf,,236214,1048576,4096,2.252712e-01
32,4,qpsk,-1.700000e+01,mmse,,228665,1048576,4096,2.180719e-01
32,4,qpsk,-1.700000e+01,cg1,1,231142,1048576,4096,2.204342e-01
32,4,qpsk,-1.700000e+01,cg2,2,228753,1048576,4096,2.181559e-01
32,4,qpsk,-1.700000e+01,cg3,3,228676,1048576,4096,2.180824e-01
32,4,qpsk,-1.700000e+01,cg4,4,228665,1048576,4096,2.180719e-01
32,4,qpsk,-1.600000e+01,zf,,207871,1048576,4096,1.982412e-01
32,4,qpsk,-1.600000e+01,mmse,,200758,1048576,4096,1.914577e-01
32,4,qpsk,-1.600000e+01,cg1,1,204376,1048576,4096,1.949081e-01
32,4,qpsk,-1.600000e+01,cg2,2,200744,1048576,4096,1.914444e-01
32,4,qpsk,-1.600000e+01,cg3,3,200757,1048576,4096,1.914568e-01
32,4,qpsk,-1.600000e+01,cg4,4,200758,1048576,4096,1.914577e-01
32,4,qpsk,-1.500000e+01,zf,,179912,1048576,4096,1.715775e-01
32,4,qpsk,-1.500000e+01,mmse,,173231,1048576,4096,1.652060e-01
32,4,qpsk,-1.500000e+01,cg1,1,178524,1048576,4096,1.702538e-01
32,4,qpsk,-1.500000e+01,cg2,2,173397,1048576,4096,1.653643e-01
32,4,qpsk,-1.500000e+01,cg3,3,173241,1048576,4096,1.652155e-01
32,4,qpsk,-1.500000e+01,cg4,4,173231,1048576,4096,1.652060e-01
32,4,qpsk,-1.400000e+01,zf,,150702,1048576,4096,1.437206e-01
32,4,qpsk,-1.400000e+01,mmse,,144892,1048576,4096,1.381798e-01
32,4,qpsk,-1.400000e+01,cg1,1,152162,1048576,4096,1.451130e-01
32,4,qpsk,-1.400000e+01,cg2,2,144990,1048576,4096,1.382732e-01
32,4,qpsk,-1.400000e+01,cg3,3,144912,1048576,4096,1.381989e-01
32,4,qpsk,-1.400000e+01,cg4,4,144892,1048576,4096,1.381798e-01
32,4,qpsk,-1.300000e+01,zf,,122216,1048576,4096,1.165543e-01
32,4,qpsk,-1.300000e+01,mmse,,117192,1048576,4096,1.117630e-01
32,4,qpsk,-1.300000e+01,cg1,1,126953,1048576,4096,1.210718e-01
32,4,qpsk,-1.300000e+01,cg2,2,117345,1048576,4096,1.119089e-01
32,4,qpsk,-1.300000e+01,cg3,3,117205,1048576,4096,1.117754e-01
32,4,qpsk,-1.300000e+01,cg4,4,117192,1048576,4096,1.117630e-01
32,4,qpsk,-1.200000e+01,zf,,94554,1048576,4096,9.017372e-02
32,4,qpsk,-1.200000e+01,mmse,,90554,1048576,4096,8.635902e-02
32,4,qpsk,-1.200000e+01,cg1,1,102965,1048576,4096,9.819508e-02
32,4,qpsk,-1.200000e+01,cg2,2,90970,1048576,4096,8.675575e-02
32,4,qpsk,-1.200000e+01,cg3,3,90535,1048576,4096,8.634090e-02
32,4,qpsk,-1.200000e+01,cg4,4,90554,1048576,4096,8.635902e-02
32,4,qpsk,-1.100000e+01,zf,,70157,1048576,4096,6.690693e-02
32,4,qpsk,-1.100000e+01,mmse,,67159,1048576,4096,6.404781e-02
32,4,qpsk,-1.100000e+01,cg1,1,82360,1048576,4096,7.854462e-02
32,4,qpsk,-1.100000e+01,cg2,2,67703,1048576,4096,6.456661e-02
32,4,qpsk,-1.100000e+01,cg3,3,67168,1048576,4096,6.405640e-02
32,4,qpsk,-1.100000e+01,cg4,4,67159,1048576,4096,6.404781e-02
32,4,qpsk,-1.000000e+01,zf,,49382,1048576,4096,4.709435e-02
32,4,qpsk,-1.000000e+01,mmse,,47229,1048576,4096,4.504108e-02
32,4,qpsk,-1.000000e+01,cg1,1,63587,1048576,4096,6.064129e-02
32,4,qpsk,-1.000000e+01,cg2,2,47831,1048576,4096,4.561520e-02
32,4,qpsk,-1.000000e+01,cg3,3,47260,1048576,4096,4.507065e-02
32,4,qpsk,-1.000000e+01,cg4,4,47229,1048576,4096,4.504108e-02
32,4,qpsk,-9.000000e+00,zf,,32055,1048576,4096,3.057003e-02
32,4,qpsk,-9.000000e+00,mmse,,30690,1048576,4096,2.926826e-02
32,4,qpsk,-9.000000e+00,cg1,1,48159,1048576,4096,4.592800e-02
32,4,qpsk,-9.000000e+00,cg2,2,31310,1048576,4096,2.985954e-02
32,4,qpsk,-9.000000e+00,cg3,3,30723,1048576,4096,2.929974e-02
32,4,qpsk,-9.000000e+00,cg4,4,30690,1048576,4096,2.926826e-02
32,4,qpsk,-8.000000e+00,zf,,19090,1048576,4096,1.820564e-02
32,4,qpsk,-8.000000e+00,mmse,,18197,1048576,4096,1.735401e-02
32,4,qpsk,-8.000000e+00,cg1,1,35824,1048576,4096,3.416443e-02
32,4,qpsk,-8.000000e+00,cg2,2,18881,1048576,4096,1.800632e-02
32,4,qpsk,-8.000000e+00,cg3,3,18195,1048576,4096,1.735210e-02
32,4,qpsk,-8.000000e+00,cg4,4,18197,1048576,4096,1.735401e-02
32,4,qpsk,-7.000000e+00,zf,,10052,1048576,4096,9.586334e-03
32,4,qpsk,-7.000000e+00,mmse,,9665,1048576,4096,9.217262e-03
32,4,qpsk,-7.000000e+00,cg1,1,26093,1048576,4096,2.488422e-02
32,4,qpsk,-7.000000e+00,cg2,2,10381,1048576,4096,9.900093e-03
32,4,qpsk,-7.000000e+00,cg3,3,9696,1048576,4096,9.246826e-03
32,4,qpsk,-7.000000e+00,cg4,4,9665,1048576,4096,9.217262e-03
32,4,qpsk,-6.000000e+00,zf,,4781,1048576,4096,4.559517e-03
32,4,qpsk,-6.000000e+00,mmse,,4588,1048576,4096,4.375458e-03
32,4,qpsk,-6.000000e+00,cg1,1,18821,1048576,4096,1.794910e-02
32,4,qpsk,-6.000000e+00,cg2,2,5092,1048576,4096,4.856110e-03
32,4,qpsk,-6.000000e+00,cg3,3,4619,1048576,4096,4.405022e-03
32,4,qpsk,-6.000000e+00,cg4,4,4588,1048576,4096,4.375458e-03
32,4,qpsk,-5.000000e+00,zf,,1966,1048576,4096,1.874924e-03
32,4,qpsk,-5.000000e+00,mmse,,1877,1048576,4096,1.790047e-03
32,4,qpsk,-5.000000e+00,cg1,1,13682,1048576,4096,1.304817e-02
32,4,qpsk,-5.000000e+00,cg2,2,2243,1048576,4096,2.139091e-03
32,4,qpsk,-5.000000e+00,cg3,3,1867,1048576,4096,1.780510e-03
32,4,qpsk,-5.000000e+00,cg4,4,1877,1048576,4096,1.790047e-03
32,4,qpsk,-4.000000e+00,zf,,678,1048576,4096,6.465912e-04
32,4,qpsk,-4.000000e+00,mmse,,650,1048576,4096,6.198883e-04
32,4,qpsk,-4.000000e+00,cg1,1,9919,1048576,4096,9.459496e-03
32,4,qpsk,-4.000000e+00,cg2,2,836,1048576,4096,7.972717e-04
32,4,qpsk,-4.000000e+00,cg3,3,652,1048576,4096,6.217957e-04
32,4,qpsk,-4.000000e+00,cg4,4,650,1048576,4096,6.198883e-04
32,4,qpsk,-3.000000e+00,zf,,175,1048576,4096,1.668930e-04
32,4,qpsk,-3.000000e+00,mmse,,158,1048576,4096,1.506805e-04
32,4,qpsk,-3.000000e+00,cg1,1,7202,1048576,4096,6.868362e-03
32,4,qpsk,-3.000000e+00,cg2,2,267,1048576,4096,2.546310e-04
32,4,qpsk,-3.000000e+00,cg3,3,170,1048576,4096,1.621246e-04
32,4,qpsk,-3.000000e+00,cg4,4,158,1048576,4096,1.506805e-04
32,4,qpsk,-2.000000e+00,zf,,117,3145728,12288,3.719330e-05
32,4,qpsk,-2.000000e+00,mmse,,108,3145728,12288,3.433228e-05
32,4,qpsk,-2.000000e+00,cg1,1,16328,3145728,12288,5.190531e-03
32,4,qpsk,-2.000000e+00,cg2,2,243,3145728,12288,7.724762e-05
32,4,qpsk,-2.000000e+00,cg3,3,112,3145728,12288,3.560384e-05
32,4,qpsk,-2.000000e+00,cg4,4,108,3145728,12288,3.433228e-05
32,4,qpsk,-1.000000e+00,zf,,62,10485760,40960,5.912781e-06
32,4,qpsk,-1.000000e+00,mmse,,59,10485760,40960,5.626678e-06
32,4,qpsk,-1.000000e+00,cg1,1,41529,10485760,40960,3.960514e-03
32,4,qpsk,-1.000000e+00,cg2,2,188,10485760,40960,1.792908e-05
32,4,qpsk,-1.000000e+00,cg3,3,61,10485760,40960,5.817413e-06
32,4,qpsk,-1.000000e+00,cg4,4,59,10485760,40960,5.626678e-06
32,4,qpsk,0.000000e+00,zf,,8,10485760,40960,7.629395e-07
32,4,qpsk,0.000000e+00,mmse,,8,10485760,40960,7.629395e-07
32,4,qpsk,0.000000e+00,cg1,1,32588,10485760,40960,3.107834e-03
32,4,qpsk,0.000000e+00,cg2,2,47,10485760,40960,4.482269e-06
32,4,qpsk,0.000000e+00,cg3,3,7,10485760,40960,6.675720e-07
32,4,qpsk,0.000000e+00,cg4,4,8,10485760,40960,7.629395e-07
32,4,qpsk,1.000000e+00,zf,,0,10485760,40960,0.000000e+00
32,4,qpsk,1.000000e+00,mmse,,0,10485760,40960,0.000000e+00
32,4,qpsk,1.000000e+00,cg1,1,26387,10485760,40960,2.516460e-03
32,4,qpsk,1.000000e+00,cg2,2,11,10485760,40960,1.049042e-06
32,4,qpsk,1.000000e+00,cg3,3,0,10485760,40960,0.000000e+00
32,4,qpsk,1.000000e+00,cg4,4,0,10485760,40960,0.000000e+00
32,4,qpsk,2.000000e+00,zf,,0,10485760,40960,0.000000e+00
32,4,qpsk,2.000000e+00,mmse,,0,10485760,40960,0.000000e+00
32,4,qpsk,2.000000e+00,cg1,1,21968,10485760,40960,2.095032e-03
32,4,qpsk,2.000000e+00,cg2,2,8,10485760,40960,7.629395e-07
32,4,qpsk,2.000000e+00,cg3,3,0,10485760,40960,0.000000e+00
32,4,qpsk,2.000000e+00,cg4,4,0,10485760,40960,0.000000e+00
32,4,qpsk,3.000000e+00,zf,,0,10485760,40960,0.000000e+00
32,4,qpsk,3.000000e+00,mmse,,0,10485760,40960,0.000000e+00
32,4,qpsk,3.000000e+00,cg1,1,18764,10485760,40960,1.789474e-03
32,4,qpsk,3.000000e+00,cg2,2,0,10485760,40960,0.000000e+00
32,4,qpsk,3.000000e+00,cg3,3,0,10485760,40960,0.000000e+00
32,4,qpsk,3.000000e+00,cg4,4,0,10485760,40960,0.000000e+00
32,4,qpsk,4.000000e+00,zf,,0,10485760,40960,0.000000e+00
32,4,qpsk,4.000000e+00,mmse,,0,10485760,40960,0.000000e+00
32,4,qpsk,4.000000e+00,cg1,1,16361,10485760,40960,1.560307e-03
32,4,qpsk,4.000000e+00,cg2,2,1,10485760,40960,9.536743e-08
32,4,qpsk,4.000000e+00,cg3,3,0,10485760,40960,0.000000e+00
32,4,qpsk,4.000000e+00,cg4,4,0,10485760,40960,0.000000e+00
32,4,qpsk,5.000000e+00,zf,,0,10485760,40960,0.000000e+00
32,4,qpsk,5.000000e+00,mmse,,0,10485760,40960,0.000000e+00
32,4,qpsk,5.000000e+00,cg1,1,14750,10485760,40960,1.406670e-03
32,4,qpsk,5.000000e+00,cg2,2,0,10485760,40960,0.000000e+00
32,4,qpsk,5.000000e+00,cg3,3,0,10485760,40960,0.000000e+00
32,4,qpsk,5.000000e+00,cg4,4,0,10485760,40960,0.000000e+00
32,4,qpsk,6.000000e+00,zf,,0,10485760,40960,0.000000e+00
32,4,qpsk,6.000000e+00,mmse,,0,10485760,40960,0.000000e+00
32,4,qpsk,6.000000e+00,cg1,1,13611,10485760,40960,1.298046e-03
32,4,qpsk,6.000000e+00,cg2,2,3,10485760,40960,2.861023e-07
32,4,qpsk,6.000000e+00,cg3,3,0,10485760,40960,0.000000e+00
32,4,qpsk,6.000000e+00,cg4,4,0,10485760,40960,0.000000e+00
32,4,qpsk,7.000000e+00,zf,,0,10485760,40960,0.000000e+00
32,4,qpsk,7.000000e+00,mmse,,0,10485760,40960,0.000000e+00
32,4,qpsk,7.000000e+00,cg1,1,12521,10485760,40960,1.194096e-03
32,4,qpsk,7.000000e+00,cg2,2,0,10485760,40960,0.000000e+00
32,4,qpsk,7.000000e+00,cg3,3,0,10485760,40960,0.000000e+00
32,4,qpsk,7.000000e+00,cg4,4,0,10485760,40960,0.000000e+00
32,4,qpsk,8.000000e+00,zf,,0,10485760,40960,0.000000e+00
32,4,qpsk,8.000000e+00,mmse,,0,10485760,40960,0.000000e+00
32,4,qpsk,8.000000e+00,cg1,1,11715,10485760,40960,1.117229e-03
32,4,qpsk,8.000000e+00,cg2,2,0,10485760,40960,0.000000e+00
32,4,qpsk,8.000000e+00,cg3,3,0,10485760,40960,0.000000e+00
32,4,qpsk,8.000000e+00,cg4,4,0,10485760,40960,0.000000e+00
32,4,qpsk,9.000000e+00,zf,,0,10485760,40960,0.000000e+00
32,4,qpsk,9.000000e+00,mmse,,0,10485760,40960,0.000000e+00
32,4,qpsk,9.000000e+00,cg1,1,11424,10485760,40960,1.089478e-03
32,4,qpsk,9.000000e+00,cg2,2,0,10485760,40960,0.000000e+00
32,4,qpsk,9.000000e+00,cg3,3,0,10485760,40960,0.000000e+00
32,4,qpsk,9.000000e+00,cg4,4,0,10485760,40960,0.000000e+00
32,4,qpsk,1.000000e+01,zf,,0,10485760,40960,0.000000e+00
32,4,qpsk,1.000000e+01,mmse,,0,10485760,40960,0.000000e+00
32,4,qpsk,1.000000e+01,cg1,1,10588,10485760,40960,1.009750e-03
32,4,qpsk,1.000000e+01,cg2,2,0,10485760,40960,0.000000e+00
32,4,qpsk,1.000000e+01,cg3,3,0,10485760,40960,0.000000e+00
32,4,qpsk,1.000000e+01,cg4,4,0,10485760,40960,0.000000e+00
32,4,qpsk,1.100000e+01,zf,,0,10485760,40960,0.000000e+00
32,4,qpsk,1.100000e+01,mmse,,0,10485760,40960,0.000000e+00
32,4,qpsk,1.100000e+01,cg1,1,10301,10485760,40960,9.823799e-04
32,4,qpsk,1.100000e+01,cg2,2,0,10485760,40960,0.000000e+00
32,4,qpsk,1.100000e+01,cg3,3,0,10485760,40960,0.000000e+00
32,4,qpsk,1.100000e+01,cg4,4,0,10485760,40960,0.000000e+00
32,4,qpsk,1.200000e+01,zf,,0,10485760,40960,0.000000e+00
32,4,qpsk,1.200000e+01,mmse,,0,10485760,40960,0.000000e+00
32,4,qpsk,1.200000e+01,cg1,1,10374,10485760,40960,9.893417e-04
32,4,qpsk,1.200000e+01,cg2,2,0,10485760,40960,0.000000e+00
32,4,qpsk,1.200000e+01,cg3,3,0,10485760,40960,0.000000e+00
32,4,qpsk,1.200000e+01,cg4,4,0,10485760,40960,0.000000e+00
32,4,qpsk,1.300000e+01,zf,,0,10485760,40960,0.000000e+00
32,4,qpsk,1.300000e+01,mmse,,0,10485760,40960,0.000000e+00
32,4,qpsk,1.300000e+01,cg1,1,10138,10485760,40960,9.668350e-04
32,4,qpsk,1.300000e+01,cg2,2,0,10485760,40960,0.000000e+00
32,4,qpsk,1.300000e+01,cg3,3,0,10485760,40960,0.000000e+00
32,4,qpsk,1.300000e+01,cg4,4,0,10485760,40960,0.000000e+00
32,4,qpsk,1.400000e+01,zf,,0,10485760,40960,0.000000e+00
32,4,qpsk,1.400000e+01,mmse,,0,10485760,40960,0.000000e+00
32,4,qpsk,1.400000e+01,cg1,1,10033,10485760,40960,9.568214e-04
32,4,qpsk,1.400000e+01,cg2,2,0,10485760,40960,0.000000e+00
32,4,qpsk,1.400000e+01,cg3,3,0,10485760,40960,0.000000e+00
32,4,qpsk,1.400000e+01,cg4,4,0,10485760,40960,0.000000e+00
32,4,qpsk,1.500000e+01,zf,,0,10485760,40960,0.000000e+00
32,4,qpsk,1.500000e+01,mmse,,0,10485760,40960,0.000000e+00
32,4,qpsk,1.500000e+01,cg1,1,9583,10485760,40960,9.139061e-04
32,4,qpsk,1.500000e+01,cg2,2,0,10485760,40960,0.000000e+00
32,4,qpsk,1.500000e+01,cg3,3,0,10485760,40960,0.000000e+00
32,4,qpsk,1.500000e+01,cg4,4,0,10485760,40960,0.000000e+00
32,4,qpsk,1.600000e+01,zf,,0,10485760,40960,0.000000e+00
32,4,qpsk,1.600000e+01,mmse,,0,10485760,40960,0.000000e+00
32,4,qpsk,1.600000e+01,cg1,1,9384,10485760,40960,8.949280e-04
32,4,qpsk,1.600000e+01,cg2,2,0,10485760,40960,0.000000e+00
32,4,qpsk,1.600000e+01,cg3,3,0,10485760,40960,0.000000e+00
32,4,qpsk,1.600000e+01,cg4,4,0,10485760,40960,0.000000e+00
32,4,qpsk,1.700000e+01,zf,,0,10485760,40960,0.000000e+00
32,4,qpsk,1.700000e+01,mmse,,0,10485760,40960,0.000000e+00
32,4,qpsk,1.700000e+01,cg1,1,9704,10485760,40960,9.254456e-04
32,4,qpsk,1.700000e+01,cg2,2,0,10485760,40960,0.000000e+00
32,4,qpsk,1.700000e+01,cg3,3,0,10485760,40960,0.000000e+00
32,4,qpsk,1.700000e+01,cg4,4,0,10485760,40960,0.000000e+00
32,4,qpsk,1.800000e+01,zf,,0,10485760,40960,0.000000e+00
32,4,qpsk,1.800000e+01,mmse,,0,10485760,40960,0.000000e+00
32,4,qpsk,1.800000e+01,cg1,1,9245,10485760,40960,8.816719e-04
32,4,qpsk,1.800000e+01,cg2,2,0,10485760,40960,0.000000e+00
32,4,qpsk,1.800000e+01,cg3,3,0,10485760,40960,0.000000e+00
32,4,qpsk,1.800000e+01,cg4,4,0,10485760,40960,0.000000e+00
32,4,qpsk,1.900000e+01,zf,,0,10485760,40960,0.000000e+00
32,4,qpsk,1.900000e+01,mmse,,0,10485760,40960,0.000000e+00
32,4,qpsk,1.900000e+01,cg1,1,9537,10485760,40960,9.095192e-04
32,4,qpsk,1.900000e+01,cg2,2,0,10485760,40960,0.000000e+00
32,4,qpsk,1.900000e+01,cg3,3,0,10485760,40960,0.000000e+00
32,4,qpsk,1.900000e+01,cg4,4,0,10485760,40960,0.000000e+00
32,4,qpsk,2.000000e+01,zf,,0,10485760,40960,0.000000e+00
32,4,qpsk,2.000000e+01,mmse,,0,10485760,40960,0.000000e+00
32,4,qpsk,2.000000e+01,cg1,1,9426,10485760,40960,8.989334e-04
32,4,qpsk,2.000000e+01,cg2,2,0,10485760,40960,0.000000e+00
32,4,qpsk,2.000000e+01,cg3,3,0,10485760,40960,0.000000e+00
32,4,qpsk,2.000000e+01,cg4,4,0,10485760,40960,0.000000e+00
32,8,qpsk,-2.000000e+01,zf,,324676,1048576,2048,3.096352e-01
32,8,qpsk,-2.000000e+01,mmse,,306213,1048576,2048,2.920275e-01
32,8,qpsk,-2.000000e+01,cg1,1,307729,1048576,2048,2.934732e-01
32,8,qpsk,-2.000000e+01,cg2,2,306193,1048576,2048,2.920084e-01
32,8,qpsk,-2.000000e+01,cg3,3,306212,1048576,2048,2.920265e-01
32,8,qpsk,-2.000000e+01,cg4,4,306211,1048576,2048,2.920256e-01
32,8,qpsk,-2.000000e+01,cg8,8,306213,1048576,2048,2.920275e-01
32,8,qpsk,-1.900000e+01,zf,,303318,1048576,2048,2.892666e-01
32,8,qpsk,-1.900000e+01,mmse,,283760,1048576,2048,2.706146e-01
32,8,qpsk,-1.900000e+01,cg1,1,286060,1048576,2048,2.728081e-01
32,8,qpsk,-1.900000e+01,cg2,2,283756,1048576,2048,2.706108e-01
32,8,qpsk,-1.900000e+01,cg3,3,283744,1048576,2048,2.705994e-01
32,8,qpsk,-1.900000e+01,cg4,4,283769,1048576,2048,2.706232e-01
32,8,qpsk,-1.900000e+01,cg8,8,283760,1048576,2048,2.706146e-01
32,8,qpsk,-1.800000e+01,zf,,279035,1048576,2048,2.661085e-01
32,8,qpsk,-1.800000e+01,mmse,,259816,1048576,2048,2.477798e-01
32,8,qpsk,-1.800000e+01,cg1,1,263474,1048576,2048,2.512684e-01
32,8,qpsk,-1.800000e+01,cg2,2,259915,1048576,2048,2.478743e-01
32,8,qpsk,-1.800000e+01,cg3,3,259810,1048576,2048,2.477741e-01
32,8,qpsk,-1.800000e+01,cg4,4,259843,1048576,2048,2.478056e-01
32,8,qpsk,-1.800000e+01,cg8,8,259816,1048576,2048,2.477798e-01
32,8,qpsk,-1.700000e+01,zf,,254179,1048576,2048,2.424040e-01
32,8,qpsk,-1.700000e+01,mmse,,234660,1048576,2048,2.237892e-01
32,8,qpsk,-1.700000e+01,cg1,1,239964,1048576,2048,2.288475e-01
32,8,qpsk,-1.700000e+01,cg2,2,234818,1048576,2048,2.239399e-01
32,8,qpsk,-1.700000e+01,cg3,3,234653,1048576,2048,2.237825e-01
32,8,qpsk,-1.700000e+01,cg4,4,234644,1048576,2048,2.237740e-01
32,8,qpsk,-1.700000e+01,cg8,8,234660,1048576,2048,2.237892e-01
32,8,qpsk,-1.600000e+01,zf,,226890,1048576,2048,2.163792e-01
32,8,qpsk,-1.600000e+01,mmse,,208285,1048576,2048,1.986361e-01
32,8,qpsk,-1.600000e+01,cg1,1,216154,1048576,2048,2.061405e-01
32,8,qpsk,-1.600000e+01,cg2,2,208466,1048576,2048,1.988087e-01
32,8,qpsk,-1.600000e+01,cg3,3,208298,1048576,2048,1.986485e-01
32,8,qpsk,-1.600000e+01,cg4,4,208296,1048576,2048,1.986465e-01
32,8,qpsk,-1.600000e+01,cg8,8,208285,1048576,2048,1.986361e-01
32,8,qpsk,-1.500000e+01,zf,,199059,1048576,2048,1.898375e-01
32,8,qpsk,-1.500000e+01,mmse,,181263,1048576,2048,1.728659e-01
32,8,qpsk,-1.500000e+01,cg1,1,192548,1048576,2048,1.836281e-01
32,8,qpsk,-1.500000e+01,cg2,2,181617,1048576,2048,1.732035e-01
32,8,qpsk,-1.500000e+01,cg3,3,181327,1048576,2048,1.729269e-01
32,8,qpsk,-1.500000e+01,cg4,4,181288,1048576,2048,1.728897e-01
32,8,qpsk,-1.500000e+01,cg8,8,181263,1048576,2048,1.728659e-01
32,8,qpsk,-1.400000e+01,zf,,170091,1048576,2048,1.622114e-01
32,8,qpsk,-1.400000e+01,mmse,,154248,1048576,2048,1.471024e-01
32,8,qpsk,-1.400000e+01,cg1,1,169308,1048576,2048,1.614647e-01
32,8,qpsk,-1.400000e+01,cg2,2,155156,1048576,2048,1.479683e-01
32,8,qpsk,-1.400000e+01,cg3,3,154301,1048576,2048,1.471529e-01
32,8,qpsk,-1.400000e+01,cg4,4,154277,1048576,2048,1.471300e-01
32,8,qpsk,-1.400000e+01,cg8,8,154248,1048576,2048,1.471024e-01
32,8,qpsk,-1.300000e+01,zf,,140853,1048576,2048,1.343279e-01
32,8,qpsk,-1.300000e+01,mmse,,126700,1048576,2048,1.208305e-01
32,8,qpsk,-1.300000e+01,cg1,1,146795,1048576,2048,1.399946e-01
32,8,qpsk,-1.300000e+01,cg2,2,128009,1048576,2048,1.220789e-01
32,8,qpsk,-1.300000e+01,cg3,3,126734,1048576,2048,1.208630e-01
32,8,qpsk,-1.300000e+01,cg4,4,126683,1048576,2048,1.208143e-01
32,8,qpsk,-1.300000e+01,cg8,8,126700,1048576,2048,1.208305e-01
32,8,qpsk,-1.200000e+01,zf,,113024,1048576,2048,1.077881e-01
32,8,qpsk,-1.200000e+01,mmse,,101074,1048576,2048,9.639168e-02
32,8,qpsk,-1.200000e+01,cg1,1,125864,1048576,2048,1.200333e-01
32,8,qpsk,-1.200000e+01,cg2,2,102734,1048576,2048,9.797478e-02
32,8,qpsk,-1.200000e+01,cg3,3,101167,1048576,2048,9.648037e-02
32,8,qpsk,-1.200000e+01,cg4,4,101094,1048576,2048,9.641075e-02
32,8,qpsk,-1.200000e+01,cg8,8,101074,1048576,2048,9.639168e-02
32,8,qpsk,-1.100000e+01,zf,,86426,1048576,2048,8.242226e-02
32,8,qpsk,-1.100000e+01,mmse,,76725,1048576,2048,7.317066e-02
32,8,qpsk,-1.100000e+01,cg1,1,107415,1048576,2048,1.024389e-01
32,8,qpsk,-1.100000e+01,cg2,2,79674,1048576,2048,7.598305e-02
32,8,qpsk,-1.100000e+01,cg3,3,76862,1048576,2048,7.330132e-02
32,8,qpsk,-1.100000e+01,cg4,4,76798,1048576,2048,7.324028e-02
32,8,qpsk,-1.100000e+01,cg8,8,76725,1048576,2048,7.317066e-02
32,8,qpsk,-1.000000e+01,zf,,62849,1048576,2048,5.993748e-02
32,8,qpsk,-1.000000e+01,mmse,,55732,1048576,2048,5.315018e-02
32,8,qpsk,-1.000000e+01,cg1,1,91521,1048576,2048,8.728123e-02
32,8,qpsk,-1.000000e+01,cg2,2,59673,1048576,2048,5.690861e-02
32,8,qpsk,-1.000000e+01,cg3,3,56107,1048576,2048,5.350780e-02
32,8,qpsk,-1.000000e+01,cg4,4,55777,1048576,2048,5.319309e-02
32,8,qpsk,-1.000000e+01,cg8,8,55732,1048576,2048,5.315018e-02
32,8,qpsk,-9.000000e+00,zf,,43018,1048576,2048,4.102516e-02
32,8,qpsk,-9.000000e+00,mmse,,38157,1048576,2048,3.638935e-02
32,8,qpsk,-9.000000e+00,cg1,1,78040,1048576,2048,7.442474e-02
32,8,qpsk,-9.000000e+00,cg2,2,42697,1048576,2048,4.071903e-02
32,8,qpsk,-9.000000e+00,cg3,3,38590,1048576,2048,3.680229e-02
32,8,qpsk,-9.000000e+00,cg4,4,38157,1048576,2048,3.638935e-02
32,8,qpsk,-9.000000e+00,cg8,8,38157,1048576,2048,3.638935e-02
32,8,qpsk,-8.000000e+00,zf,,27483,1048576,2048,2.620983e-02
32,8,qpsk,-8.000000e+00,mmse,,24082,1048576,2048,2.296638e-02
32,8,qpsk,-8.000000e+00,cg1,1,66426,1048576,2048,6.334877e-02
32,8,qpsk,-8.000000e+00,cg2,2,28865,1048576,2048,2.752781e-02
32,8,qpsk,-8.000000e+00,cg3,3,24513,1048576,2048,2.337742e-02
32,8,qpsk,-8.000000e+00,cg4,4,24172,1048576,2048,2.305222e-02
32,8,qpsk,-8.000000e+00,cg8,8,24082,1048576,2048,2.296638e-02
32,8,qpsk,-7.000000e+00,zf,,15693,1048576,2048,1.496601e-02
32,8,qpsk,-7.000000e+00,mmse,,13856,1048576,2048,1.321411e-02
32,8,qpsk,-7.000000e+00,cg1,1,56492,1048576,2048,5.387497e-02
32,8,qpsk,-7.000000e+00,cg2,2,18690,1048576,2048,1.782417e-02
32,8,qpsk,-7.000000e+00,cg3,3,14390,1048576,2048,1.372337e-02
32,8,qpsk,-7.000000e+00,cg4,4,13937,1048576,2048,1.329136e-02
32,8,qpsk,-7.000000e+00,cg8,8,13856,1048576,2048,1.321411e-02
32,8,qpsk,-6.000000e+00,zf,,8169,1048576,2048,7.790565e-03
32,8,qpsk,-6.000000e+00,mmse,,7127,1048576,2048,6.796837e-03
32,8,qpsk,-6.000000e+00,cg1,1,48311,1048576,2048,4.607296e-02
32,8,qpsk,-6.000000e+00,cg2,2,11610,1048576,2048,1.107216e-02
32,8,qpsk,-6.000000e+00,cg3,3,7634,1048576,2048,7.280350e-03
32,8,qpsk,-6.000000e+00,cg4,4,7223,1048576,2048,6.888390e-03
32,8,qpsk,-6.000000e+00,cg8,8,7127,1048576,2048,6.796837e-03
32,8,qpsk,-5.000000e+00,zf,,3700,1048576,2048,3.528595e-03
32,8,qpsk,-5.000000e+00,mmse,,3234,1048576,2048,3.084183e-03
32,8,qpsk,-5.000000e+00,cg1,1,42377,1048576,2048,4.041386e-02
32,8,qpsk,-5.000000e+00,cg2,2,7062,1048576,2048,6.734848e-03
32,8,qpsk,-5.000000e+00,cg3,3,3648,1048576,2048,3.479004e-03
32,8,qpsk,-5.000000e+00,cg4,4,3294,1048576,2048,3.141403e-03
32,8,qpsk,-5.000000e+00,cg8,8,3234,1048576,2048,3.084183e-03
32,8,qpsk,-4.000000e+00,zf,,1495,1048576,2048,1.425743e-03
32,8,qpsk,-4.000000e+00,mmse,,1275,1048576,2048,1.215935e-03
32,8,qpsk,-4.000000e+00,cg1,1,37590,1048576,2048,3.584862e-02
32,8,qpsk,-4.000000e+00,cg2,2,4086,1048576,2048,3.896713e-03
32,8,qpsk,-4.000000e+00,cg3,3,1603,1048576,2048,1.528740e-03
32,8,qpsk,-4.000000e+00,cg4,4,1324,1048576,2048,1.262665e-03
32,8,qpsk,-4.000000e+00,cg8,8,1275,1048576,2048,1.215935e-03
32,8,qpsk,-3.000000e+00,zf,,445,1048576,2048,4.243851e-04
32,8,qpsk,-3.000000e+00,mmse,,375,1048576,2048,3.576279e-04
32,8,qpsk,-3.000000e+00,cg1,1,33703,1048576,2048,3.214169e-02
32,8,qpsk,-3.000000e+00,cg2,2,2398,1048576,2048,2.286911e-03
32,8,qpsk,-3.000000e+00,cg3,3,603,1048576,2048,5.750656e-04
32,8,qpsk,-3.000000e+00,cg4,4,388,1048576,2048,3.700256e-04
32,8,qpsk,-3.000000e+00,cg8,8,375,1048576,2048,3.576279e-04
32,8,qpsk,-2.000000e+00,zf,,116,1048576,2048,1.106262e-04
32,8,qpsk,-2.000000e+00,mmse,,117,1048576,2048,1.115799e-04
32,8,qpsk,-2.000000e+00,cg1,1,30066,1048576,2048,2.867317e-02
32,8,qpsk,-2.000000e+00,cg2,2,1244,1048576,2048,1.186371e-03
32,8,qpsk,-2.000000e+00,cg3,3,210,1048576,2048,2.002716e-04
32,8,qpsk,-2.000000e+00,cg4,4,128,1048576,2048,1.220703e-04
32,8,qpsk,-2.000000e+00,cg8,8,117,1048576,2048,1.115799e-04
32,8,qpsk,-1.000000e+00,zf,,122,5242880,10240,2.326965e-05
32,8,qpsk,-1.000000e+00,mmse,,113,5242880,10240,2.155304e-05
32,8,qpsk,-1.000000e+00,cg1,1,139674,5242880,10240,2.664070e-02
32,8,qpsk,-1.000000e+00,cg2,2,3905,5242880,10240,7.448196e-04
32,8,qpsk,-1.000000e+00,cg3,3,328,5242880,10240,6.256104e-05
32,8,qpsk,-1.000000e+00,cg4,4,123,5242880,10240,2.346039e-05
32,8,qpsk,-1.000000e+00,cg8,8,113,5242880,10240,2.155304e-05
32,8,qpsk,0.000000e+00,zf,,41,10485760,20480,3.910065e-06
32,8,qpsk,0.000000e+00,mmse,,29,10485760,20480,2.765656e-06
32,8,qpsk,0.000000e+00,cg1,1,260055,10485760,20480,2.480078e-02
32,8,qpsk,0.000000e+00,cg2,2,4817,10485760,20480,4.593849e-04
32,8,qpsk,0.000000e+00,cg3,3,200,10485760,20480,1.907349e-05
32,8,qpsk,0.000000e+00,cg4,4,52,10485760,20480,4.959106e-06
32,8,qpsk,0.000000e+00,cg8,8,29,10485760,20480,2.765656e-06
32,8,qpsk,1.000000e+00,zf,,1,10485760,20480,9.536743e-08
32,8,qpsk,1.000000e+00,mmse,,0,10485760,20480,0.000000e+00
32,8,qpsk,1.000000e+00,cg1,1,246197,10485760,20480,2.347918e-02
32,8,qpsk,1.000000e+00,cg2,2,3050,10485760,20480,2.908707e-04
32,8,qpsk,1.000000e+00,cg3,3,40,10485760,20480,3.814697e-06
32,8,qpsk,1.000000e+00,cg4,4,8,10485760,20480,7.629395e-07
32,8,qpsk,1.000000e+00,cg8,8,0,10485760,20480,0.000000e+00
32,8,qpsk,2.000000e+00,zf,,2,10485760,20480,1.907349e-07
32,8,qpsk,2.000000e+00,mmse,,1,10485760,20480,9.536743e-08
32,8,qpsk,2.000000e+00,cg1,1,234527,10485760,20480,2.236624e-02
32,8,qpsk,2.000000e+00,cg2,2,2058,10485760,20480,1.962662e-04
32,8,qpsk,2.000000e+00,cg3,3,19,10485760,20480,1.811981e-06
32,8,qpsk,2.000000e+00,cg4,4,2,10485760,20480,1.907349e-07
32,8,qpsk,2.000000e+00,cg8,8,1,10485760,20480,9.536743e-08
32,8,qpsk,3.000000e+00,zf,,0,10485760,20480,0.000000e+00
32,8,qpsk,3.000000e+00,mmse,,0,10485760,20480,0.000000e+00
32,8,qpsk,3.000000e+00,cg1,1,224884,10485760,20480,2.144661e-02
32,8,qpsk,3.000000e+00,cg2,2,1439,10485760,20480,1.372337e-04
32,8,qpsk,3.000000e+00,cg3,3,2,10485760,20480,1.907349e-07
32,8,qpsk,3.000000e+00,cg4,4,0,10485760,20480,0.000000e+00
32,8,qpsk,3.000000e+00,cg8,8,0,10485760,20480,0.000000e+00
32,8,qpsk,4.000000e+00,zf,,0,10485760,20480,0.000000e+00
32,8,qpsk,4.000000e+00,mmse,,0,10485760,20480,0.000000e+00
32,8,qpsk,4.000000e+00,cg1,1,217499,10485760,20480,2.074232e-02
32,8,qpsk,4.000000e+00,cg2,2,1064,10485760,20480,1.014709e-04
32,8,qpsk,4.000000e+00,cg3,3,4,10485760,20480,3.814697e-07
32,8,qpsk,4.000000e+00,cg4,4,0,10485760,20480,0.000000e+00
32,8,qpsk,4.000000e+00,cg8,8,0,10485760,20480,0.000000e+00
32,8,qpsk,5.000000e+00,zf,,0,10485760,20480,0.000000e+00
32,8,qpsk,5.000000e+00,mmse,,0,10485760,20480,0.000000e+00
32,8,qpsk,5.000000e+00,cg1,1,211574,10485760,20480,2.017727e-02
32,8,qpsk,5.000000e+00,cg2,2,824,10485760,20480,7.858276e-05
32,8,qpsk,5.000000e+00,cg3,3,1,10485760,20480,9.536743e-08
32,8,qpsk,5.000000e+00,cg4,4,0,10485760,20480,0.000000e+00
32,8,qpsk,5.000000e+00,cg8,8,0,10485760,20480,0.000000e+00
32,8,qpsk,6.000000e+00,zf,,0,10485760,20480,0.000000e+00
32,8,qpsk,6.000000e+00,mmse,,0,10485760,20480,0.000000e+00
32,8,qpsk,6.000000e+00,cg1,1,206433,10485760,20480,1.968699e-02
32,8,qpsk,6.000000e+00,cg2,2,663,10485760,20480,6.322861e-05
32,8,qpsk,6.000000e+00,cg3,3,0,10485760,20480,0.000000e+00
32,8,qpsk,6.000000e+00,cg4,4,0,10485760,20480,0.000000e+00
32,8,qpsk,6.000000e+00,cg8,8,0,10485760,20480,0.000000e+00
32,8,qpsk,7.000000e+00,zf,,0,10485760,20480,0.000000e+00
32,8,qpsk,7.000000e+00,mmse,,0,10485760,20480,0.000000e+00
32,8,qpsk,7.000000e+00,cg1,1,204646,10485760,20480,1.951656e-02
32,8,qpsk,7.000000e+00,cg2,2,604,10485760,20480,5.760193e-05
32,8,qpsk,7.000000e+00,cg3,3,0,10485760,20480,0.000000e+00
32,8,qpsk,7.000000e+00,cg4,4,0,10485760,20480,0.000000e+00
32,8,qpsk,7.000000e+00,cg8,8,0,10485760,20480,0.000000e+00
32,8,qpsk,8.000000e+00,zf,,0,10485760,20480,0.000000e+00
32,8,qpsk,8.000000e+00,mmse,,0,10485760,20480,0.000000e+00
32,8,qpsk,8.000000e+00,cg1,1,201812,10485760,20480,1.924629e-02
32,8,qpsk,8.000000e+00,cg2,2,524,10485760,20480,4.997253e-05
32,8,qpsk,8.000000e+00,cg3,3,0,10485760,20480,0.000000e+00
32,8,qpsk,8.000000e+00,cg4,4,0,10485760,20480,0.000000e+00
32,8,qpsk,8.000000e+00,cg8,8,0,10485760,20480,0.000000e+00
32,8,qpsk,9.000000e+00,zf,,0,10485760,20480,0.000000e+00
32,8,qpsk,9.000000e+00,mmse,,0,10485760,20480,0.000000e+00
32,8,qpsk,9.000000e+00,cg1,1,199957,10485760,20480,1.906939e-02
32,8,qpsk,9.000000e+00,cg2,2,472,10485760,20480,4.501343e-05
32,8,qpsk,9.000000e+00,cg3,3,0,10485760,20480,0.000000e+00
32,8,qpsk,9.000000e+00,cg4,4,0,10485760,20480,0.000000e+00
32,8,qpsk,9.000000e+00,cg8,8,0,10485760,20480,0.000000e+00
32,8,qpsk,1.000000e+01,zf,,0,10485760,20480,0.000000e+00
32,8,qpsk,1.000000e+01,mmse,,0,10485760,20480,0.000000e+00
32,8,qpsk,1.000000e+01,cg1,1,197479,10485760,20480,1.883307e-02
32,8,qpsk,1.000000e+01,cg2,2,420,10485760,20480,4.005432e-05
32,8,qpsk,1.000000e+01,cg3,3,1,10485760,20480,9.536743e-08
32,8,qpsk,1.000000e+01,cg4,4,0,10485760,20480,0.000000e+00
32,8,qpsk,1.000000e+01,cg8,8,0,10485760,20480,0.000000e+00
32,8,qpsk,1.100000e+01,zf,,0,10485760,20480,0.000000e+00
32,8,qpsk,1.100000e+01,mmse,,0,10485760,20480,0.000000e+00
32,8,qpsk,1.100000e+01,cg1,1,195212,10485760,20480,1.861687e-02
32,8,qpsk,1.100000e+01,cg2,2,416,10485760,20480,3.967285e-05
32,8,qpsk,1.100000e+01,cg3,3,0,10485760,20480,0.000000e+00
32,8,qpsk,1.100000e+01,cg4,4,0,10485760,20480,0.000000e+00
32,8,qpsk,1.100000e+01,cg8,8,0,10485760,20480,0.000000e+00
32,8,qpsk,1.200000e+01,zf,,0,10485760,20480,0.000000e+00
32,8,qpsk,1.200000e+01,mmse,,0,10485760,20480,0.000000e+00
32,8,qpsk,1.200000e+01,cg1,1,195204,10485760,20480,1.861610e-02
32,8,qpsk,1.200000e+01,cg2,2,361,10485760,20480,3.442764e-05
32,8,qpsk,1.200000e+01,cg3,3,0,10485760,20480,0.000000e+00
32,8,qpsk,1.200000e+01,cg4,4,0,10485760,20480,0.000000e+00
32,8,qpsk,1.200000e+01,cg8,8,0,10485760,20480,0.000000e+00
32,8,qpsk,1.300000e+01,zf,,0,10485760,20480,0.000000e+00
32,8,qpsk,1.300000e+01,mmse,,0,10485760,20480,0.000000e+00
32,8,qpsk,1.300000e+01,cg1,1,193081,10485760,20480,1.841364e-02
32,8,qpsk,1.300000e+01,cg2,2,361,10485760,20480,3.442764e-05
32,8,qpsk,1.300000e+01,cg3,3,0,10485760,20480,0.000000e+00
32,8,qpsk,1.300000e+01,cg4,4,0,10485760,20480,0.000000e+00
32,8,qpsk,1.300000e+01,cg8,8,0,10485760,20480,0.000000e+00
32,8,qpsk,1.400000e+01,zf,,0,10485760,20480,0.000000e+00
32,8,qpsk,1.400000e+01,mmse,,0,10485760,20480,0.000000e+00
32,8,qpsk,1.400000e+01,cg1,1,192171,10485760,20480,1.832685e-02
32,8,qpsk,1.400000e+01,cg2,2,364,10485760,20480,3.471375e-05
32,8,qpsk,1.400000e+01,cg3,3,0,10485760,20480,0.000000e+00
32,8,qpsk,1.400000e+01,cg4,4,0,10485760,20480,0.000000e+00
32,8,qpsk,1.400000e+01,cg8,8,0,10485760,20480,0.000000e+00
32,8,qpsk,1.500000e+01,zf,,0,10485760,20480,0.000000e+00
32,8,qpsk,1.500000e+01,mmse,,0,10485760,20480,0.000000e+00
32,8,qpsk,1.500000e+01,cg1,1,192894,10485760,20480,1.839581e-02
32,8,qpsk,1.500000e+01,cg2,2,354,10485760,20480,3.376007e-05
32,8,qpsk,1.500000e+01,cg3,3,0,10485760,20480,0.000000e+00
32,8,qpsk,1.500000e+01,cg4,4,0,10485760,20480,0.000000e+00
32,8,qpsk,1.500000e+01,cg8,8,0,10485760,20480,0.000000e+00
32,8,qpsk,1.600000e+01,zf,,0,10485760,20480,0.000000e+00
32,8,qpsk,1.600000e+01,mmse,,0,10485760,20480,0.000000e+00
32,8,qpsk,1.600000e+01,cg1,1,192751,10485760,20480,1.838217e-02
32,8,qpsk,1.600000e+01,cg2,2,319,10485760,20480,3.042221e-05
32,8,qpsk,1.600000e+01,cg3,3,0,10485760,20480,0.000000e+00
32,8,qpsk,1.600000e+01,cg4,4,0,10485760,20480,0.000000e+00
32,8,qpsk,1.600000e+01,cg8,8,0,10485760,20480,0.000000e+00
32,8,qpsk,1.700000e+01,zf,,0,10485760,20480,0.000000e+00
32,8,qpsk,1.700000e+01,mmse,,0,10485760,20480,0.000000e+00
32,8,qpsk,1.700000e+01,cg1,1,191979,10485760,20480,1.830854e-02
32,8,qpsk,1.700000e+01,cg2,2,286,10485760,20480,2.727509e-05
32,8,qpsk,1.700000e+01,cg3,3,0,10485760,20480,0.000000e+00
32,8,qpsk,1.700000e+01,cg4,4,0,10485760,20480,0.000000e+00
32,8,qpsk,1.700000e+01,cg8,8,0,10485760,20480,0.000000e+00
32,8,qpsk,1.800000e+01,zf,,0,10485760,20480,0.000000e+00
32,8,qpsk,1.800000e+01,mmse,,0,10485760,20480,0.000000e+00
32,8,qpsk,1.800000e+01,cg1,1,191541,10485760,20480,1.826677e-02
32,8,qpsk,1.800000e+01,cg2,2,305,10485760,20480,2.908707e-05
32,8,qpsk,1.800000e+01,cg3,3,1,10485760,20480,9.536743e-08
32,8,qpsk,1.800000e+01,cg4,4,0,10485760,20480,0.000000e+00
32,8,qpsk,1.800000e+01,cg8,8,0,10485760,20480,0.000000e+00
32,8,qpsk,1.900000e+01,zf,,0,10485760,20480,0.000000e+00
32,8,qpsk,1.900000e+01,mmse,,0,10485760,20480,0.000000e+00
32,8,qpsk,1.900000e+01,cg1,1,191381,10485760,20480,1.825151e-02
32,8,qpsk,1.900000e+01,cg2,2,295,10485760,20480,2.813339e-05
32,8,qpsk,1.900000e+01,cg3,3,0,10485760,20480,0.000000e+00
32,8,qpsk,1.900000e+01,cg4,4,0,10485760,20480,0.000000e+00
32,8,qpsk,1.900000e+01,cg8,8,0,10485760,20480,0.000000e+00
32,8,qpsk,2.000000e+01,zf,,0,10485760,20480,0.000000e+00
32,8,qpsk,2.000000e+01,mmse,,0,10485760,20480,0.000000e+00
32,8,qpsk,2.000000e+01,cg1,1,191851,10485760,20480,1.829634e-02
32,8,qpsk,2.000000e+01,cg2,2,316,10485760,20480,3.013611e-05
32,8,qpsk,2.000000e+01,cg3,3,0,10485760,20480,0.000000e+00
32,8,qpsk,2.000000e+01,cg4,4,0,10485760,20480,0.000000e+00
32,8,qpsk,2.000000e+01,cg8,8,0,10485760,20480,0.000000e+00
32,16,qpsk,-2.000000e+01,zf,,358321,1048576,1024,3.417215e-01
32,16,qpsk,-2.000000e+01,mmse,,311862,1048576,1024,2.974148e-01
32,16,qpsk,-2.000000e+01,cg1,1,314635,1048576,1024,3.000593e-01
32,16,qpsk,-2.000000e+01,cg2,2,312002,1048576,1024,2.975483e-01
32,16,qpsk,-2.000000e+01,cg3,3,311917,1048576,1024,2.974672e-01
32,16,qpsk,-2.000000e+01,cg4,4,311876,1048576,1024,2.974281e-01
32,16,qpsk,-2.000000e+01,cg16,16,311862,1048576,1024,2.974148e-01
32,16,qpsk,-1.900000e+01,zf,,338693,1048576,1024,3.230028e-01
32,16,qpsk,-1.900000e+01,mmse,,290834,1048576,1024,2.773609e-01
32,16,qpsk,-1.900000e+01,cg1,1,294921,1048576,1024,2.812586e-01
32,16,qpsk,-1.900000e+01,cg2,2,291122,1048576,1024,2.776356e-01
32,16,qpsk,-1.900000e+01,cg3,3,290848,1048576,1024,2.773743e-01
32,16,qpsk,-1.900000e+01,cg4,4,290830,1048576,1024,2.773571e-01
32,16,qpsk,-1.900000e+01,cg16,16,290834,1048576,1024,2.773609e-01
32,16,qpsk,-1.800000e+01,zf,,318205,1048576,1024,3.034639e-01
32,16,qpsk,-1.800000e+01,mmse,,269086,1048576,1024,2.566204e-01
32,16,qpsk,-1.800000e+01,cg1,1,275337,1048576,1024,2.625818e-01
32,16,qpsk,-1.800000e+01,cg2,2,269506,1048576,1024,2.570210e-01
32,16,qpsk,-1.800000e+01,cg3,3,269086,1048576,1024,2.566204e-01
32,16,qpsk,-1.800000e+01,cg4,4,269097,1048576,1024,2.566309e-01
32,16,qpsk,-1.800000e+01,cg16,16,269086,1048576,1024,2.566204e-01
32,16,qpsk,-1.700000e+01,zf,,295701,1048576,1024,2.820024e-01
32,16,qpsk,-1.700000e+01,mmse,,244902,1048576,1024,2.335567e-01
32,16,qpsk,-1.700000e+01,cg1,1,254645,1048576,1024,2.428484e-01
32,16,qpsk,-1.700000e+01,cg2,2,245240,1048576,1024,2.338791e-01
32,16,qpsk,-1.700000e+01,cg3,3,244903,1048576,1024,2.335577e-01
32,16,qpsk,-1.700000e+01,cg4,4,244900,1048576,1024,2.335548e-01
32,16,qpsk,-1.700000e+01,cg16,16,244902,1048576,1024,2.335567e-01
32,16,qpsk,-1.600000e+01,zf,,271209,1048576,1024,2.586451e-01
32,16,qpsk,-1.600000e+01,mmse,,220695,1048576,1024,2.104712e-01
32,16,qpsk,-1.600000e+01,cg1,1,233894,1048576,1024,2.230587e-01
32,16,qpsk,-1.600000e+01,cg2,2,221546,1048576,1024,2.112827e-01
32,16,qpsk,-1.600000e+01,cg3,3,220679,1048576,1024,2.104559e-01
32,16,qpsk,-1.600000e+01,cg4,4,220702,1048576,1024,2.104778e-01
32,16,qpsk,-1.600000e+01,cg16,16,220695,1048576,1024,2.104712e-01
32,16,qpsk,-1.500000e+01,zf,,246067,1048576,1024,2.346678e-01
32,16,qpsk,-1.500000e+01,mmse,,196567,1048576,1024,1.874609e-01
32,16,qpsk,-1.500000e+01,cg1,1,215481,1048576,1024,2.054987e-01
32,16,qpsk,-1.500000e+01,cg2,2,198209,1048576,1024,1.890268e-01
32,16,qpsk,-1.500000e+01,cg3,3,196674,1048576,1024,1.875629e-01
32,16,qpsk,-1.500000e+01,cg4,4,196575,1048576,1024,1.874685e-01
32,16,qpsk,-1.500000e+01,cg16,16,196567,1048576,1024,1.874609e-01
32,16,qpsk,-1.400000e+01,zf,,218520,1048576,1024,2.083969e-01
32,16,qpsk,-1.400000e+01,mmse,,171954,1048576,1024,1.639881e-01
32,16,qpsk,-1.400000e+01,cg1,1,197292,1048576,1024,1.881523e-01
32,16,qpsk,-1.400000e+01,cg2,2,174725,1048576,1024,1.666307e-01
32,16,qpsk,-1.400000e+01,cg3,3,172096,1048576,1024,1.641235e-01
32,16,qpsk,-1.400000e+01,cg4,4,172019,1048576,1024,1.640501e-01
32,16,qpsk,-1.400000e+01,cg16,16,171954,1048576,1024,1.639881e-01
32,16,qpsk,-1.300000e+01,zf,,189981,1048576,1024,1.811800e-01
32,16,qpsk,-1.300000e+01,mmse,,146569,1048576,1024,1.397791e-01
32,16,qpsk,-1.300000e+01,cg1,1,179582,1048576,1024,1.712627e-01
32,16,qpsk,-1.300000e+01,cg2,2,150897,1048576,1024,1.439066e-01
32,16,qpsk,-1.300000e+01,cg3,3,146918,1048576,1024,1.401119e-01
32,16,qpsk,-1.300000e+01,cg4,4,146513,1048576,1024,1.397257e-01
32,16,qpsk,-1.300000e+01,cg16,16,146569,1048576,1024,1.397791e-01
32,16,qpsk,-1.200000e+01,zf,,161172,1048576,1024,1.537056e-01
32,16,qpsk,-1.200000e+01,mmse,,121745,1048576,1024,1.161051e-01
32,16,qpsk,-1.200000e+01,cg1,1,163325,1048576,1024,1.557589e-01
32,16,qpsk,-1.200000e+01,cg2,2,128499,1048576,1024,1.225462e-01
32,16,qpsk,-1.200000e+01,cg3,3,122764,1048576,1024,1.170769e-01
32,16,qpsk,-1.200000e+01,cg4,4,121929,1048576,1024,1.162806e-01
32,16,qpsk,-1.200000e+01,cg16,16,121745,1048576,1024,1.161051e-01
32,16,qpsk,-1.100000e+01,zf,,132395,1048576,1024,1.262617e-01
32,16,qpsk,-1.100000e+01,mmse,,98294,1048576,1024,9.374046e-02
32,16,qpsk,-1.100000e+01,cg1,1,149135,1048576,1024,1.422262e-01
32,16,qpsk,-1.100000e+01,cg2,2,107835,1048576,1024,1.028395e-01
32,16,qpsk,-1.100000e+01,cg3,3,99873,1048576,1024,9.524632e-02
32,16,qpsk,-1.100000e+01,cg4,4,98572,1048576,1024,9.400558e-02
32,16,qpsk,-1.100000e+01,cg16,16,98294,1048576,1024,9.374046e-02
32,16,qpsk,-1.000000e+01,zf,,105818,1048576,1024,1.009159e-01
32,16,qpsk,-1.000000e+01,mmse,,77233,1048576,1024,7.365513e-02
32,16,qpsk,-1.000000e+01,cg1,1,137076,1048576,1024,1.307259e-01
32,16,qpsk,-1.000000e+01,cg2,2,89641,1048576,1024,8.548832e-02
32,16,qpsk,-1.000000e+01,cg3,3,79627,1048576,1024,7.593822e-02
32,16,qpsk,-1.000000e+01,cg4,4,77445,1048576,1024,7.385731e-02
32,16,qpsk,-1.000000e+01,cg16,16,77233,1048576,1024,7.365513e-02
32,16,qpsk,-9.000000e+00,zf,,80669,1048576,1024,7.693195e-02
32,16,qpsk,-9.000000e+00,mmse,,57914,1048576,1024,5.523109e-02
32,16,qpsk,-9.000000e+00,cg1,1,126747,1048576,1024,1.208754e-01
32,16,qpsk,-9.000000e+00,cg2,2,73579,1048576,1024,7.017040e-02
32,16,qpsk,-9.000000e+00,cg3,3,61514,1048576,1024,5.866432e-02
32,16,qpsk,-9.000000e+00,cg4,4,58605,1048576,1024,5.589008e-02
32,16,qpsk,-9.000000e+00,cg16,16,57914,1048576,1024,5.523109e-02
32,16,qpsk,-8.000000e+00,zf,,57449,1048576,1024,5.478764e-02
32,16,qpsk,-8.000000e+00,mmse,,40646,1048576,1024,3.876305e-02
32,16,qpsk,-8.000000e+00,cg1,1,117811,1048576,1024,1.123533e-01
32,16,qpsk,-8.000000e+00,cg2,2,60018,1048576,1024,5.723763e-02
32,16,qpsk,-8.000000e+00,cg3,3,45497,1048576,1024,4.338932e-02
32,16,qpsk,-8.000000e+00,cg4,4,41804,1048576,1024,3.986740e-02
32,16,qpsk,-8.000000e+00,cg16,16,40646,1048576,1024,3.876305e-02
32,16,qpsk,-7.000000e+00,zf,,38833,1048576,1024,3.703403e-02
32,16,qpsk,-7.000000e+00,mmse,,27131,1048576,1024,2.587414e-02
32,16,qpsk,-7.000000e+00,cg1,1,110593,1048576,1024,1.054697e-01
32,16,qpsk,-7.000000e+00,cg2,2,49148,1048576,1024,4.687119e-02
32,16,qpsk,-7.000000e+00,cg3,3,33089,1048576,1024,3.155613e-02
32,16,qpsk,-7.000000e+00,cg4,4,28609,1048576,1024,2.728367e-02
32,16,qpsk,-7.000000e+00,cg16,16,27131,1048576,1024,2.587414e-02
32,16,qpsk,-6.000000e+00,zf,,24334,1048576,1024,2.320671e-02
32,16,qpsk,-6.000000e+00,mmse,,16578,1048576,1024,1.581001e-02
32,16,qpsk,-6.000000e+00,cg1,1,103645,1048576,1024,9.884357e-02
32,16,qpsk,-6.000000e+00,cg2,2,39476,1048576,1024,3.764725e-02
32,16,qpsk,-6.000000e+00,cg3,3,23236,1048576,1024,2.215958e-02
32,16,qpsk,-6.000000e+00,cg4,4,18559,1048576,1024,1.769924e-02
32,16,qpsk,-6.000000e+00,cg16,16,16578,1048576,1024,1.581001e-02
32,16,qpsk,-5.000000e+00,zf,,13997,1048576,1024,1.334858e-02
32,16,qpsk,-5.000000e+00,mmse,,9456,1048576,1024,9.017944e-03
32,16,qpsk,-5.000000e+00,cg1,1,98803,1048576,1024,9.422588e-02
32,16,qpsk,-5.000000e+00,cg2,2,32901,1048576,1024,3.137684e-02
32,16,qpsk,-5.000000e+00,cg3,3,16318,1048576,1024,1.556206e-02
32,16,qpsk,-5.000000e+00,cg4,4,11599,1048576,1024,1.106167e-02
32,16,qpsk,-5.000000e+00,cg16,16,9456,1048576,1024,9.017944e-03
32,16,qpsk,-4.000000e+00,zf,,7302,1048576,1024,6.963730e-03
32,16,qpsk,-4.000000e+00,mmse,,4860,1048576,1024,4.634857e-03
32,16,qpsk,-4.000000e+00,cg1,1,95136,1048576,1024,9.072876e-02
32,16,qpsk,-4.000000e+00,cg2,2,27389,1048576,1024,2.612019e-02
32,16,qpsk,-4.000000e+00,cg3,3,11081,1048576,1024,1.056767e-02
32,16,qpsk,-4.000000e+00,cg4,4,6747,1048576,1024,6.434441e-03
32,16,qpsk,-4.000000e+00,cg16,16,4860,1048576,1024,4.634857e-03
32,16,qpsk,-3.000000e+00,zf,,3283,1048576,1024,3.130913e-03
32,16,qpsk,-3.000000e+00,mmse,,2160,1048576,1024,2.059937e-03
32,16,qpsk,-3.000000e+00,cg1,1,91640,1048576,1024,8.739471e-02
32,16,qpsk,-3.000000e+00,cg2,2,22655,1048576,1024,2.160549e-02
32,16,qpsk,-3.000000e+00,cg3,3,7621,1048576,1024,7.267952e-03
32,16,qpsk,-3.000000e+00,cg4,4,3782,1048576,1024,3.606796e-03
32,16,qpsk,-3.000000e+00,cg16,16,2160,1048576,1024,2.059937e-03
32,16,qpsk,-2.000000e+00,zf,,1218,1048576,1024,1.161575e-03
32,16,qpsk,-2.000000e+00,mmse,,811,1048576,1024,7.734299e-04
32,16,qpsk,-2.000000e+00,cg1,1,88092,1048576,1024,8.401108e-02
32,16,qpsk,-2.000000e+00,cg2,2,19307,1048576,1024,1.841259e-02
32,16,qpsk,-2.000000e+00,cg3,3,5091,1048576,1024,4.855156e-03
32,16,qpsk,-2.000000e+00,cg4,4,2019,1048576,1024,1.925468e-03
32,16,qpsk,-2.000000e+00,cg16,16,811,1048576,1024,7.734299e-04
32,16,qpsk,-1.000000e+00,zf,,383,1048576,1024,3.652573e-04
32,16,qpsk,-1.000000e+00,mmse,,244,1048576,1024,2.326965e-04
32,16,qpsk,-1.000000e+00,cg1,1,86230,1048576,1024,8.223534e-02
32,16,qpsk,-1.000000e+00,cg2,2,17101,1048576,1024,1.630878e-02
32,16,qpsk,-1.000000e+00,cg3,3,3638,1048576,1024,3.469467e-03
32,16,qpsk,-1.000000e+00,cg4,4,1070,1048576,1024,1.020432e-03
32,16,qpsk,-1.000000e+00,cg16,16,244,1048576,1024,2.326965e-04
32,16,qpsk,0.000000e+00,zf,,247,2097152,2048,1.177788e-04
32,16,qpsk,0.000000e+00,mmse,,164,2097152,2048,7.820129e-05
32,16,qpsk,0.000000e+00,cg1,1,170485,2097152,2048,8.129358e-02
32,16,qpsk,0.000000e+00,cg2,2,30896,2097152,2048,1.473236e-02
32,16,qpsk,0.000000e+00,cg3,3,5384,2097152,2048,2.567291e-03
32,16,qpsk,0.000000e+00,cg4,4,1262,2097152,2048,6.017685e-04
32,16,qpsk,0.000000e+00,cg16,16,164,2097152,2048,7.820129e-05
32,16,qpsk,1.000000e+00,zf,,150,6291456,6144,2.384186e-05
32,16,qpsk,1.000000e+00,mmse,,108,6291456,6144,1.716614e-05
32,16,qpsk,1.000000e+00,cg1,1,500972,6291456,6144,7.962735e-02
32,16,qpsk,1.000000e+00,cg2,2,83581,6291456,6144,1.328484e-02
32,16,qpsk,1.000000e+00,cg3,3,12129,6291456,6144,1.927853e-03
32,16,qpsk,1.000000e+00,cg4,4,2080,6291456,6144,3.306071e-04
32,16,qpsk,1.000000e+00,cg16,16,108,6291456,6144,1.716614e-05
32,16,qpsk,2.000000e+00,zf,,33,10485760,10240,3.147125e-06
32,16,qpsk,2.000000e+00,mmse,,29,10485760,10240,2.765656e-06
32,16,qpsk,2.000000e+00,cg1,1,825826,10485760,10240,7.875690e-02
32,16,qpsk,2.000000e+00,cg2,2,128366,10485760,10240,1.224194e-02
32,16,qpsk,2.000000e+00,cg3,3,15623,10485760,10240,1.489925e-03
32,16,qpsk,2.000000e+00,cg4,4,2012,10485760,10240,1.918793e-04
32,16,qpsk,2.000000e+00,cg16,16,29,10485760,10240,2.765656e-06
32,16,qpsk,3.000000e+00,zf,,7,10485760,10240,6.675720e-07
32,16,qpsk,3.000000e+00,mmse,,6,10485760,10240,5.722046e-07
32,16,qpsk,3.000000e+00,cg1,1,815926,10485760,10240,7.781277e-02
32,16,qpsk,3.000000e+00,cg2,2,118557,10485760,10240,1.130648e-02
32,16,qpsk,3.000000e+00,cg3,3,12580,10485760,10240,1.199722e-03
32,16,qpsk,3.000000e+00,cg4,4,1288,10485760,10240,1.228333e-04
32,16,qpsk,3.000000e+00,cg16,16,6,10485760,10240,5.722046e-07
32,16,qpsk,4.000000e+00,zf,,1,10485760,10240,9.536743e-08
32,16,qpsk,4.000000e+00,mmse,,1,10485760,10240,9.536743e-08
32,16,qpsk,4.000000e+00,cg1,1,808886,10485760,10240,7.714138e-02
32,16,qpsk,4.000000e+00,cg2,2,113117,10485760,10240,1.078768e-02
32,16,qpsk,4.000000e+00,cg3,3,10647,10485760,10240,1.015377e-03
32,16,qpsk,4.000000e+00,cg4,4,911,10485760,10240,8.687973e-05
32,16,qpsk,4.000000e+00,cg16,16,1,10485760,10240,9.536743e-08
32,16,qpsk,5.000000e+00,zf,,0,10485760,10240,0.000000e+00
32,16,qpsk,5.000000e+00,mmse,,0,10485760,10240,0.000000e+00
32,16,qpsk,5.000000e+00,cg1,1,801852,10485760,10240,7.647057e-02
32,16,qpsk,5.000000e+00,cg2,2,107376,10485760,10240,1.024017e-02
32,16,qpsk,5.000000e+00,cg3,3,9162,10485760,10240,8.737564e-04
32,16,qpsk,5.000000e+00,cg4,4,641,10485760,10240,6.113052e-05
32,16,qpsk,5.000000e+00,cg16,16,0,10485760,10240,0.000000e+00
32,16,qpsk,6.000000e+00,zf,,0,10485760,10240,0.000000e+00
32,16,qpsk,6.000000e+00,mmse,,0,10485760,10240,0.000000e+00
32,16,qpsk,6.000000e+00,cg1,1,799111,10485760,10240,7.620916e-02
32,16,qpsk,6.000000e+00,cg2,2,104245,10485760,10240,9.941578e-03
32,16,qpsk,6.000000e+00,cg3,3,8118,10485760,10240,7.741928e-04
32,16,qpsk,6.000000e+00,cg4,4,504,10485760,10240,4.806519e-05
32,16,qpsk,6.000000e+00,cg16,16,0,10485760,10240,0.000000e+00
32,16,qpsk,7.000000e+00,zf,,0,10485760,10240,0.000000e+00
32,16,qpsk,7.000000e+00,mmse,,0,10485760,10240,0.000000e+00
32,16,qpsk,7.000000e+00,cg1,1,796232,10485760,10240,7.593460e-02
32,16,qpsk,7.000000e+00,cg2,2,101295,10485760,10240,9.660244e-03
32,16,qpsk,7.000000e+00,cg3,3,7341,10485760,10240,7.000923e-04
32,16,qpsk,7.000000e+00,cg4,4,401,10485760,10240,3.824234e-05
32,16,qpsk,7.000000e+00,cg16,16,0,10485760,10240,0.000000e+00
32,16,qpsk,8.000000e+00,zf,,0,10485760,10240,0.000000e+00
32,16,qpsk,8.000000e+00,mmse,,0,10485760,10240,0.000000e+00
32,16,qpsk,8.000000e+00,cg1,1,792692,10485760,10240,7.559700e-02
32,16,qpsk,8.000000e+00,cg2,2,98711,10485760,10240,9.413815e-03
32,16,qpsk,8.000000e+00,cg3,3,6794,10485760,10240,6.479263e-04
32,16,qpsk,8.000000e+00,cg4,4,346,10485760,10240,3.299713e-05
32,16,qpsk,8.000000e+00,cg16,16,0,10485760,10240,0.000000e+00
32,16,qpsk,9.000000e+00,zf,,0,10485760,10240,0.000000e+00
32,16,qpsk,9.000000e+00,mmse,,0,10485760,10240,0.000000e+00
32,16,qpsk,9.000000e+00,cg1,1,791687,10485760,10240,7.550116e-02
32,16,qpsk,9.000000e+00,cg2,2,96779,10485760,10240,9.229565e-03
32,16,qpsk,9.000000e+00,cg3,3,6177,10485760,10240,5.890846e-04
32,16,qpsk,9.000000e+00,cg4,4,307,10485760,10240,2.927780e-05
32,16,qpsk,9.000000e+00,cg16,16,0,10485760,10240,0.000000e+00
32,16,qpsk,1.000000e+01,zf,,0,10485760,10240,0.000000e+00
32,16,qpsk,1.000000e+01,mmse,,0,10485760,10240,0.000000e+00
32,16,qpsk,1.000000e+01,cg1,1,788137,10485760,10240,7.516260e-02
32,16,qpsk,1.000000e+01,cg2,2,94985,10485760,10240,9.058475e-03
32,16,qpsk,1.000000e+01,cg3,3,5900,10485760,10240,5.626678e-04
32,16,qpsk,1.000000e+01,cg4,4,235,10485760,10240,2.241135e-05
32,16,qpsk,1.000000e+01,cg16,16,0,10485760,10240,0.000000e+00
32,16,qpsk,1.100000e+01,zf,,0,10485760,10240,0.000000e+00
32,16,qpsk,1.100000e+01,mmse,,0,10485760,10240,0.000000e+00
32,16,qpsk,1.100000e+01,cg1,1,785543,10485760,10240,7.491522e-02
32,16,qpsk,1.100000e+01,cg2,2,93352,10485760,10240,8.902740e-03
32,16,qpsk,1.100000e+01,cg3,3,5607,10485760,10240,5.347252e-04
32,16,qpsk,1.100000e+01,cg4,4,227,10485760,10240,2.164841e-05
32,16,qpsk,1.100000e+01,cg16,16,0,10485760,10240,0.000000e+00
32,16,qpsk,1.200000e+01,zf,,0,10485760,10240,0.000000e+00
32,16,qpsk,1.200000e+01,mmse,,0,10485760,10240,0.000000e+00
32,16,qpsk,1.200000e+01,cg1,1,786251,10485760,10240,7.498274e-02
32,16,qpsk,1.200000e+01,cg2,2,93163,10485760,10240,8.884716e-03
32,16,qpsk,1.200000e+01,cg3,3,5649,10485760,10240,5.387306e-04
32,16,qpsk,1.200000e+01,cg4,4,215,10485760,10240,2.050400e-05
32,16,qpsk,1.200000e+01,cg16,16,0,10485760,10240,0.000000e+00
32,16,qpsk,1.300000e+01,zf,,0,10485760,10240,0.000000e+00
32,16,qpsk,1.300000e+01,mmse,,0,10485760,10240,0.000000e+00
32,16,qpsk,1.300000e+01,cg1,1,786442,10485760,10240,7.500095e-02
32,16,qpsk,1.300000e+01,cg2,2,93009,10485760,10240,8.870029e-03
32,16,qpsk,1.300000e+01,cg3,3,5378,10485760,10240,5.128860e-04
32,16,qpsk,1.300000e+01,cg4,4,216,10485760,10240,2.059937e-05
32,16,qpsk,1.300000e+01,cg16,16,0,10485760,10240,0.000000e+00
32,16,qpsk,1.400000e+01,zf,,0,10485760,10240,0.000000e+00
32,16,qpsk,1.400000e+01,mmse,,0,10485760,10240,0.000000e+00
32,16,qpsk,1.400000e+01,cg1,1,784306,10485760,10240,7.479725e-02
32,16,qpsk,1.400000e+01,cg2,2,91362,10485760,10240,8.712959e-03
32,16,qpsk,1.400000e+01,cg3,3,5244,10485760,10240,5.001068e-04
32,16,qpsk,1.400000e+01,cg4,4,221,10485760,10240,2.107620e-05
32,16,qpsk,1.400000e+01,cg16,16,0,10485760,10240,0.000000e+00
32,16,qpsk,1.500000e+01,zf,,0,10485760,10240,0.000000e+00
32,16,qpsk,1.500000e+01,mmse,,0,10485760,10240,0.000000e+00
32,16,qpsk,1.500000e+01,cg1,1,782649,10485760,10240,7.463923e-02
32,16,qpsk,1.500000e+01,cg2,2,90261,10485760,10240,8.607960e-03
32,16,qpsk,1.500000e+01,cg3,3,5081,10485760,10240,4.845619e-04
32,16,qpsk,1.500000e+01,cg4,4,172,10485760,10240,1.640320e-05
32,16,qpsk,1.500000e+01,cg16,16,0,10485760,10240,0.000000e+00
32,16,qpsk,1.600000e+01,zf,,0,10485760,10240,0.000000e+00
32,16,qpsk,1.600000e+01,mmse,,0,10485760,10240,0.000000e+00
32,16,qpsk,1.600000e+01,cg1,1,782763,10485760,10240,7.465010e-02
32,16,qpsk,1.600000e+01,cg2,2,90108,10485760,10240,8.593369e-03
32,16,qpsk,1.600000e+01,cg3,3,4924,10485760,10240,4.695892e-04
32,16,qpsk,1.600000e+01,cg4,4,169,10485760,10240,1.611710e-05
32,16,qpsk,1.600000e+01,cg16,16,0,10485760,10240,0.000000e+00
32,16,qpsk,1.700000e+01,zf,,0,10485760,10240,0.000000e+00
32,16,qpsk,1.700000e+01,mmse,,0,10485760,10240,0.000000e+00
32,16,qpsk,1.700000e+01,cg1,1,782158,10485760,10240,7.459240e-02
32,16,qpsk,1.700000e+01,cg2,2,89940,10485760,10240,8.577347e-03
32,16,qpsk,1.700000e+01,cg3,3,5051,10485760,10240,4.817009e-04
32,16,qpsk,1.700000e+01,cg4,4,146,10485760,10240,1.392365e-05
32,16,qpsk,1.700000e+01,cg16,16,0,10485760,10240,0.000000e+00
32,16,qpsk,1.800000e+01,zf,,0,10485760,10240,0.000000e+00
32,16,qpsk,1.800000e+01,mmse,,0,10485760,10240,0.000000e+00
32,16,qpsk,1.800000e+01,cg1,1,782513,10485760,10240,7.462626e-02
32,16,qpsk,1.800000e+01,cg2,2,90836,10485760,10240,8.662796e-03
32,16,qpsk,1.800000e+01,cg3,3,5014,10485760,10240,4.781723e-04
32,16,qpsk,1.800000e+01,cg4,4,155,10485760,10240,1.478195e-05
32,16,qpsk,1.800000e+01,cg16,16,0,10485760,10240,0.000000e+00
32,16,qpsk,1.900000e+01,zf,,0,10485760,10240,0.000000e+00
32,16,qpsk,1.900000e+01,mmse,,0,10485760,10240,0.000000e+00
32,16,qpsk,1.900000e+01,cg1,1,781008,10485760,10240,7.448273e-02
32,16,qpsk,1.900000e+01,cg2,2,90238,10485760,10240,8.605766e-03
32,16,qpsk,1.900000e+01,cg3,3,4952,10485760,10240,4.722595e-04
32,16,qpsk,1.900000e+01,cg4,4,185,10485760,10240,1.764297e-05
32,16,qpsk,1.900000e+01,cg16,16,0,10485760,10240,0.000000e+00
32,16,qpsk,2.000000e+01,zf,,0,10485760,10240,0.000000e+00
32,16,qpsk,2.000000e+01,mmse,,0,10485760,10240,0.000000e+00
32,16,qpsk,2.000000e+01,cg1,1,783491,10485760,10240,7.471952e-02
32,16,qpsk,2.000000e+01,cg2,2,89975,10485760,10240,8.580685e-03
32,16,qpsk,2.000000e+01,cg3,3,5028,10485760,10240,4.795074e-04
32,16,qpsk,2.000000e+01,cg4,4,159,10485760,10240,1.516342e-05
32,16,qpsk,2.000000e+01,cg16,16,0,10485760,10240,0.000000e+00
64,4,qpsk,-2.000000e+01,zf,,228121,1048576,4096,2.175531e-01
64,4,qpsk,-2.000000e+01,mmse,,224977,1048576,4096,2.145548e-01
64,4,qpsk,-2.000000e+01,cg1,1,226647,1048576,4096,2.161474e-01
64,4,qpsk,-2.000000e+01,cg2,2,224982,1048576,4096,2.145596e-01
64,4,qpsk,-2.000000e+01,cg3,3,224983,1048576,4096,2.145605e-01
64,4,qpsk,-2.000000e+01,cg4,4,224977,1048576,4096,2.145548e-01
64,4,qpsk,-1.900000e+01,zf,,200350,1048576,4096,1.910686e-01
64,4,qpsk,-1.900000e+01,mmse,,196881,1048576,4096,1.877604e-01
64,4,qpsk,-1.900000e+01,cg1,1,199030,1048576,4096,1.898098e-01
64,4,qpsk,-1.900000e+01,cg2,2,196950,1048576,4096,1.878262e-01
64,4,qpsk,-1.900000e+01,cg3,3,196880,1048576,4096,1.877594e-01
64,4,qpsk,-1.900000e+01,cg4,4,196881,1048576,4096,1.877604e-01
64,4,qpsk,-1.800000e+01,zf,,172511,1048576,4096,1.645193e-01
64,4,qpsk,-1.800000e+01,mmse,,169242,1048576,4096,1.614017e-01
64,4,qpsk,-1.800000e+01,cg1,1,172122,1048576,4096,1.641483e-01
64,4,qpsk,-1.800000e+01,cg2,2,169259,1048576,4096,1.614180e-01
64,4,qpsk,-1.800000e+01,cg3,3,169230,1048576,4096,1.613903e-01
64,4,qpsk,-1.800000e+01,cg4,4,169242,1048576,4096,1.614017e-01
64,4,qpsk,-1.700000e+01,zf,,142629,1048576,4096,1.360216e-01
64,4,qpsk,-1.700000e+01,mmse,,140092,1048576,4096,1.336021e-01
64,4,qpsk,-1.700000e+01,cg1,1,143990,1048576,4096,1.373196e-01
64,4,qpsk,-1.700000e+01,cg2,2,140101,1048576,4096,1.336107e-01
64,4,qpsk,-1.700000e+01,cg3,3,140060,1048576,4096,1.335716e-01
64,4,qpsk,-1.700000e+01,cg4,4,140092,1048576,4096,1.336021e-01
64,4,qpsk,-1.600000e+01,zf,,114269,1048576,4096,1.089754e-01
64,4,qpsk,-1.600000e+01,mmse,,111976,1048576,4096,1.067886e-01
64,4,qpsk,-1.600000e+01,cg1,1,116977,1048576,4096,1.115580e-01
64,4,qpsk,-1.600000e+01,cg2,2,112032,1048576,4096,1.068420e-01
64,4,qpsk,-1.600000e+01,cg3,3,111999,1048576,4096,1.068106e-01
64,4,qpsk,-1.600000e+01,cg4,4,111976,1048576,4096,1.067886e-01
64,4,qpsk,-1.500000e+01,zf,,87899,1048576,4096,8.382702e-02
64,4,qpsk,-1.500000e+01,mmse,,86032,1048576,4096,8.204651e-02
64,4,qpsk,-1.500000e+01,cg1,1,92743,1048576,4096,8.844662e-02
64,4,qpsk,-1.500000e+01,cg2,2,86157,1048576,4096,8.216572e-02
64,4,qpsk,-1.500000e+01,cg3,3,86019,1048576,4096,8.203411e-02
64,4,qpsk,-1.500000e+01,cg4,4,86032,1048576,4096,8.204651e-02
64,4,qpsk,-1.400000e+01,zf,,63702,1048576,4096,6.075096e-02
64,4,qpsk,-1.400000e+01,mmse,,62211,1048576,4096,5.932903e-02
64,4,qpsk,-1.400000e+01,cg1,1,69938,1048576,4096,6.669807e-02
64,4,qpsk,-1.400000e+01,cg2,2,62417,1048576,4096,5.952549e-02
64,4,qpsk,-1.400000e+01,cg3,3,62210,1048576,4096,5.932808e-02
64,4,qpsk,-1.400000e+01,cg4,4,62211,1048576,4096,5.932903e-02
64,4,qpsk,-1.300000e+01,zf,,43374,1048576,4096,4.136467e-02
64,4,qpsk,-1.300000e+01,mmse,,42263,1048576,4096,4.030514e-02
64,4,qpsk,-1.300000e+01,cg1,1,50692,1048576,4096,4.834366e-02
64,4,qpsk,-1.300000e+01,cg2,2,42429,1048576,4096,4.046345e-02
64,4,qpsk,-1.300000e+01,cg3,3,42268,1048576,4096,4.030991e-02
64,4,qpsk,-1.300000e+01,cg4,4,42263,1048576,4096,4.030514e-02
64,4,qpsk,-1.200000e+01,zf,,27618,1048576,4096,2.633858e-02
64,4,qpsk,-1.200000e+01,mmse,,26991,1048576,4096,2.574062e-02
64,4,qpsk,-1.200000e+01,cg1,1,35692,1048576,4096,3.403854e-02
64,4,qpsk,-1.200000e+01,cg2,2,27175,1048576,4096,2.591610e-02
64,4,qpsk,-1.200000e+01,cg3,3,26969,1048576,4096,2.571964e-02
64,4,qpsk,-1.200000e+01,cg4,4,26991,1048576,4096,2.574062e-02
64,4,qpsk,-1.100000e+01,zf,,15418,1048576,4096,1.470375e-02
64,4,qpsk,-1.100000e+01,mmse,,14949,1048576,4096,1.425648e-02
64,4,qpsk,-1.100000e+01,cg1,1,23447,1048576,4096,2.236080e-02
64,4,qpsk,-1.100000e+01,cg2,2,15057,1048576,4096,1.435947e-02
64,4,qpsk,-1.100000e+01,cg3,3,14949,1048576,4096,1.425648e-02
64,4,qpsk,-1.100000e+01,cg4,4,14949,1048576,4096,1.425648e-02
64,4,qpsk,-1.000000e+01,zf,,7793,1048576,4096,7.431984e-03
64,4,qpsk,-1.000000e+01,mmse,,7594,1048576,4096,7.242203e-03
64,4,qpsk,-1.000000e+01,cg1,1,14883,1048576,4096,1.419353e-02
64,4,qpsk,-1.000000e+01,cg2,2,7723,1048576,4096,7.365227e-03
64,4,qpsk,-1.000000e+01,cg3,3,7588,1048576,4096,7.236481e-03
64,4,qpsk,-1.000000e+01,cg4,4,7594,1048576,4096,7.242203e-03
64,4,qpsk,-9.000000e+00,zf,,3379,1048576,4096,3.222466e-03
64,4,qpsk,-9.000000e+00,mmse,,3242,1048576,4096,3.091812e-03
64,4,qpsk,-9.000000e+00,cg1,1,9004,1048576,4096,8.586884e-03
64,4,qpsk,-9.000000e+00,cg2,2,3406,1048576,4096,3.248215e-03
64,4,qpsk,-9.000000e+00,cg3,3,3248,1048576,4096,3.097534e-03
64,4,qpsk,-9.000000e+00,cg4,4,3242,1048576,4096,3.091812e-03
64,4,qpsk,-8.000000e+00,zf,,1223,1048576,4096,1.166344e-03
64,4,qpsk,-8.000000e+00,mmse,,1188,1048576,4096,1.132965e-03
64,4,qpsk,-8.000000e+00,cg1,1,5173,1048576,4096,4.933357e-03
64,4,qpsk,-8.000000e+00,cg2,2,1258,1048576,4096,1.199722e-03
64,4,qpsk,-8.000000e+00,cg3,3,1195,1048576,4096,1.139641e-03
64,4,qpsk,-8.000000e+00,cg4,4,1188,1048576,4096,1.132965e-03
64,4,qpsk,-7.000000e+00,zf,,353,1048576,4096,3.366470e-04
64,4,qpsk,-7.000000e+00,mmse,,345,1048576,4096,3.290176e-04
64,4,qpsk,-7.000000e+00,cg1,1,2905,1048576,4096,2.770424e-03
64,4,qpsk,-7.000000e+00,cg2,2,371,1048576,4096,3.538132e-04
64,4,qpsk,-7.000000e+00,cg3,3,348,1048576,4096,3.318787e-04
64,4,qpsk,-7.000000e+00,cg4,4,345,1048576,4096,3.290176e-04
64,4,qpsk,-6.000000e+00,zf,,149,2097152,8192,7.104874e-05
64,4,qpsk,-6.000000e+00,mmse,,149,2097152,8192,7.104874e-05
64,4,qpsk,-6.000000e+00,cg1,1,3203,2097152,8192,1.527309e-03
64,4,qpsk,-6.000000e+00,cg2,2,174,2097152,8192,8.296967e-05
64,4,qpsk,-6.000000e+00,cg3,3,152,2097152,8192,7.247925e-05
64,4,qpsk,-6.000000e+00,cg4,4,149,2097152,8192,7.104874e-05
64,4,qpsk,-5.000000e+00,zf,,103,8388608,32768,1.227856e-05
64,4,qpsk,-5.000000e+00,mmse,,105,8388608,32768,1.251698e-05
64,4,qpsk,-5.000000e+00,cg1,1,6805,8388608,32768,8.112192e-04
64,4,qpsk,-5.000000e+00,cg2,2,141,8388608,32768,1.680851e-05
64,4,qpsk,-5.000000e+00,cg3,3,108,8388608,32768,1.287460e-05
64,4,qpsk,-5.000000e+00,cg4,4,105,8388608,32768,1.251698e-05
64,4,qpsk,-4.000000e+00,zf,,15,10485760,40960,1.430511e-06
64,4,qpsk,-4.000000e+00,mmse,,16,10485760,40960,1.525879e-06
64,4,qpsk,-4.000000e+00,cg1,1,4454,10485760,40960,4.247665e-04
64,4,qpsk,-4.000000e+00,cg2,2,22,10485760,40960,2.098083e-06
64,4,qpsk,-4.000000e+00,cg3,3,16,10485760,40960,1.525879e-06
64,4,qpsk,-4.000000e+00,cg4,4,16,10485760,40960,1.525879e-06
64,4,qpsk,-3.000000e+00,zf,,4,10485760,40960,3.814697e-07
64,4,qpsk,-3.000000e+00,mmse,,4,10485760,40960,3.814697e-07
64,4,qpsk,-3.000000e+00,cg1,1,2540,10485760,40960,2.422333e-04
64,4,qpsk,-3.000000e+00,cg2,2,3,10485760,40960,2.861023e-07
64,4,qpsk,-3.000000e+00,cg3,3,4,10485760,40960,3.814697e-07
64,4,qpsk,-3.000000e+00,cg4,4,4,10485760,40960,3.814697e-07
64,4,qpsk,-2.000000e+00,zf,,0,10485760,40960,0.000000e+00
64,4,qpsk,-2.000000e+00,mmse,,0,10485760,40960,0.000000e+00
64,4,qpsk,-2.000000e+00,cg1,1,1487,10485760,40960,1.418114e-04
64,4,qpsk,-2.000000e+00,cg2,2,0,10485760,40960,0.000000e+00
64,4,qpsk,-2.000000e+00,cg3,3,0,10485760,40960,0.000000e+00
64,4,qpsk,-2.000000e+00,cg4,4,0,10485760,40960,0.000000e+00
64,4,qpsk,-1.000000e+00,zf,,0,10485760,40960,0.000000e+00
64,4,qpsk,-1.000000e+00,mmse,,0,10485760,40960,0.000000e+00
64,4,qpsk,-1.000000e+00,cg1,1,898,10485760,40960,8.563995e-05
64,4,qpsk,-1.000000e+00,cg2,2,0,10485760,40960,0.000000e+00
64,4,qpsk,-1.000000e+00,cg3,3,0,10485760,40960,0.000000e+00
64,4,qpsk,-1.000000e+00,cg4,4,0,10485760,40960,0.000000e+00
64,4,qpsk,0.000000e+00,zf,,0,10485760,40960,0.000000e+00
64,4,qpsk,0.000000e+00,mmse,,0,10485760,40960,0.000000e+00
64,4,qpsk,0.000000e+00,cg1,1,565,10485760,40960,5.388260e-05
64,4,qpsk,0.000000e+00,cg2,2,0,10485760,40960,0.000000e+00
64,4,qpsk,0.000000e+00,cg3,3,0,10485760,40960,0.000000e+00
64,4,qpsk,0.000000e+00,cg4,4,0,10485760,40960,0.000000e+00
64,4,qpsk,1.000000e+00,zf,,0,10485760,40960,0.000000e+00
64,4,qpsk,1.000000e+00,mmse,,0,10485760,40960,0.000000e+00
64,4,qpsk,1.000000e+00,cg1,1,349,10485760,40960,3.328323e-05
64,4,qpsk,1.000000e+00,cg2,2,0,10485760,40960,0.000000e+00
64,4,qpsk,1.000000e+00,cg3,3,0,10485760,40960,0.000000e+00
64,4,qpsk,1.000000e+00,cg4,4,0,10485760,40960,0.000000e+00
64,4,qpsk,2.000000e+00,zf,,0,10485760,40960,0.000000e+00
64,4,qpsk,2.000000e+00,mmse,,0,10485760,40960,0.000000e+00
64,4,qpsk,2.000000e+00,cg1,1,266,10485760,40960,2.536774e-05
64,4,qpsk,2.000000e+00,cg2,2,0,10485760,40960,0.000000e+00
64,4,qpsk,2.000000e+00,cg3,3,0,10485760,40960,0.000000e+00
64,4,qpsk,2.000000e+00,cg4,4,0,10485760,40960,0.000000e+00
64,4,qpsk,3.000000e+00,zf,,0,10485760,40960,0.000000e+00
64,4,qpsk,3.000000e+00,mmse,,0,10485760,40960,0.000000e+00
64,4,qpsk,3.000000e+00,cg1,1,205,10485760,40960,1.955032e-05
64,4,qpsk,3.000000e+00,cg2,2,0,10485760,40960,0.000000e+00
64,4,qpsk,3.000000e+00,cg3,3,0,10485760,40960,0.000000e+00
64,4,qpsk,3.000000e+00,cg4,4,0,10485760,40960,0.000000e+00
64,4,qpsk,4.000000e+00,zf,,0,10485760,40960,0.000000e+00
64,4,qpsk,4.000000e+00,mmse,,0,10485760,40960,0.000000e+00
64,4,qpsk,4.000000e+00,cg1,1,183,10485760,40960,1.745224e-05
64,4,qpsk,4.000000e+00,cg2,2,0,10485760,40960,0.000000e+00
64,4,qpsk,4.000000e+00,cg3,3,0,10485760,40960,0.000000e+00
64,4,qpsk,4.000000e+00,cg4,4,0,10485760,40960,0.000000e+00
64,4,qpsk,5.000000e+00,zf,,0,10485760,40960,0.000000e+00
64,4,qpsk,5.000000e+00,mmse,,0,10485760,40960,0.000000e+00
64,4,qpsk,5.000000e+00,cg1,1,114,10485760,40960,1.087189e-05
64,4,qpsk,5.000000e+00,cg2,2,0,10485760,40960,0.000000e+00
64,4,qpsk,5.000000e+00,cg3,3,0,10485760,40960,0.000000e+00
64,4,qpsk,5.000000e+00,cg4,4,0,10485760,40960,0.000000e+00
64,4,qpsk,6.000000e+00,zf,,0,10485760,40960,0.000000e+00
64,4,qpsk,6.000000e+00,mmse,,0,10485760,40960,0.000000e+00
64,4,qpsk,6.000000e+00,cg1,1,111,10485760,40960,1.058578e-05
64,4,qpsk,6.000000e+00,cg2,2,0,10485760,40960,0.000000e+00
64,4,qpsk,6.000000e+00,cg3,3,0,10485760,40960,0.000000e+00
64,4,qpsk,6.000000e+00,cg4,4,0,10485760,40960,0.000000e+00
64,4,qpsk,7.000000e+00,zf,,0,10485760,40960,0.000000e+00
64,4,qpsk,7.000000e+00,mmse,,0,10485760,40960,0.000000e+00
64,4,qpsk,7.000000e+00,cg1,1,75,10485760,40960,7.152557e-06
64,4,qpsk,7.000000e+00,cg2,2,0,10485760,40960,0.000000e+00
64,4,qpsk,7.000000e+00,cg3,3,0,10485760,40960,0.000000e+00
64,4,qpsk,7.000000e+00,cg4,4,0,10485760,40960,0.000000e+00
64,4,qpsk,8.000000e+00,zf,,0,10485760,40960,0.000000e+00
64,4,qpsk,8.000000e+00,mmse,,0,10485760,40960,0.000000e+00
64,4,qpsk,8.000000e+00,cg1,1,100,10485760,40960,9.536743e-06
64,4,qpsk,8.000000e+00,cg2,2,0,10485760,40960,0.000000e+00
64,4,qpsk,8.000000e+00,cg3,3,0,10485760,40960,0.000000e+00
64,4,qpsk,8.000000e+00,cg4,4,0,10485760,40960,0.000000e+00
64,4,qpsk,9.000000e+00,zf,,0,10485760,40960,0.000000e+00
64,4,qpsk,9.000000e+00,mmse,,0,10485760,40960,0.000000e+00
64,4,qpsk,9.000000e+00,cg1,1,62,10485760,40960,5.912781e-06
64,4,qpsk,9.000000e+00,cg2,2,0,10485760,40960,0.000000e+00
64,4,qpsk,9.000000e+00,cg3,3,0,10485760,40960,0.000000e+00
64,4,qpsk,9.000000e+00,cg4,4,0,10485760,40960,0.000000e+00
64,4,qpsk,1.000000e+01,zf,,0,10485760,40960,0.000000e+00
64,4,qpsk,1.000000e+01,mmse,,0,10485760,40960,0.000000e+00
64,4,qpsk,1.000000e+01,cg1,1,63,10485760,40960,6.008148e-06
64,4,qpsk,1.000000e+01,cg2,2,0,10485760,40960,0.000000e+00
64,4,qpsk,1.000000e+01,cg3,3,0,10485760,40960,0.000000e+00
64,4,qpsk,1.000000e+01,cg4,4,0,10485760,40960,0.000000e+00
64,4,qpsk,1.100000e+01,zf,,0,10485760,40960,0.000000e+00
64,4,qpsk,1.100000e+01,mmse,,0,10485760,40960,0.000000e+00
64,4,qpsk,1.100000e+01,cg1,1,74,10485760,40960,7.057190e-06
64,4,qpsk,1.100000e+01,cg2,2,0,10485760,40960,0.000000e+00
64,4,qpsk,1.100000e+01,cg3,3,0,10485760,40960,0.000000e+00
64,4,qpsk,1.100000e+01,cg4,4,0,10485760,40960,0.000000e+00
64,4,qpsk,1.200000e+01,zf,,0,10485760,40960,0.000000e+00
64,4,qpsk,1.200000e+01,mmse,,0,10485760,40960,0.000000e+00
64,4,qpsk,1.200000e+01,cg1,1,55,10485760,40960,5.245209e-06
64,4,qpsk,1.200000e+01,cg2,2,0,10485760,40960,0.000000e+00
64,4,qpsk,1.200000e+01,cg3,3,0,10485760,40960,0.000000e+00
64,4,qpsk,1.200000e+01,cg4,4,0,10485760,40960,0.000000e+00
64,4,qpsk,1.300000e+01,zf,,0,10485760,40960,0.000000e+00
64,4,qpsk,1.300000e+01,mmse,,0,10485760,40960,0.000000e+00
64,4,qpsk,1.300000e+01,cg1,1,61,10485760,40960,5.817413e-06
64,4,qpsk,1.300000e+01,cg2,2,0,10485760,40960,0.000000e+00
64,4,qpsk,1.300000e+01,cg3,3,0,10485760,40960,0.000000e+00
64,4,qpsk,1.300000e+01,cg4,4,0,10485760,40960,0.000000e+00
64,4,qpsk,1.400000e+01,zf,,0,10485760,40960,0.000000e+00
64,4,qpsk,1.400000e+01,mmse,,0,10485760,40960,0.000000e+00
64,4,qpsk,1.400000e+01,cg1,1,59,10485760,40960,5.626678e-06
64,4,qpsk,1.400000e+01,cg2,2,0,10485760,40960,0.000000e+00
64,4,qpsk,1.400000e+01,cg3,3,0,10485760,40960,0.000000e+00
64,4,qpsk,1.400000e+01,cg4,4,0,10485760,40960,0.000000e+00
64,4,qpsk,1.500000e+01,zf,,0,10485760,40960,0.000000e+00
64,4,qpsk,1.500000e+01,mmse,,0,10485760,40960,0.000000e+00
64,4,qpsk,1.500000e+01,cg1,1,50,10485760,40960,4.768372e-06
64,4,qpsk,1.500000e+01,cg2,2,0,10485760,40960,0.000000e+00
64,4,qpsk,1.500000e+01,cg3,3,0,10485760,40960,0.000000e+00
64,4,qpsk,1.500000e+01,cg4,4,0,10485760,40960,0.000000e+00
64,4,qpsk,1.600000e+01,zf,,0,10485760,40960,0.000000e+00
64,4,qpsk,1.600000e+01,mmse,,0,10485760,40960,0.000000e+00
64,4,qpsk,1.600000e+01,cg1,1,50,10485760,40960,4.768372e-06
64,4,qpsk,1.600000e+01,cg2,2,0,10485760,40960,0.000000e+00
64,4,qpsk,1.600000e+01,cg3,3,0,10485760,40960,0.000000e+00
64,4,qpsk,1.600000e+01,cg4,4,0,10485760,40960,0.000000e+00
64,4,qpsk,1.700000e+01,zf,,0,10485760,40960,0.000000e+00
64,4,qpsk,1.700000e+01,mmse,,0,10485760,40960,0.000000e+00
64,4,qpsk,1.700000e+01,cg1,1,60,10485760,40960,5.722046e-06
64,4,qpsk,1.700000e+01,cg2,2,0,10485760,40960,0.000000e+00
64,4,qpsk,1.700000e+01,cg3,3,0,10485760,40960,0.000000e+00
64,4,qpsk,1.700000e+01,cg4,4,0,10485760,40960,0.000000e+00
64,4,qpsk,1.800000e+01,zf,,0,10485760,40960,0.000000e+00
64,4,qpsk,1.800000e+01,mmse,,0,10485760,40960,0.000000e+00
64,4,qpsk,1.800000e+01,cg1,1,62,10485760,40960,5.912781e-06
64,4,qpsk,1.800000e+01,cg2,2,0,10485760,40960,0.000000e+00
64,4,qpsk,1.800000e+01,cg3,3,0,10485760,40960,0.000000e+00
64,4,qpsk,1.800000e+01,cg4,4,0,10485760,40960,0.000000e+00
64,4,qpsk,1.900000e+01,zf,,0,10485760,40960,0.000000e+00
64,4,qpsk,1.900000e+01,mmse,,0,10485760,40960,0.000000e+00
64,4,qpsk,1.900000e+01,cg1,1,38,10485760,40960,3.623962e-06
64,4,qpsk,1.900000e+01,cg2,2,0,10485760,40960,0.000000e+00
64,4,qpsk,1.900000e+01,cg3,3,0,10485760,40960,0.000000e+00
64,4,qpsk,1.900000e+01,cg4,4,0,10485760,40960,0.000000e+00
64,4,qpsk,2.000000e+01,zf,,0,10485760,40960,0.000000e+00
64,4,qpsk,2.000000e+01,mmse,,0,10485760,40960,0.000000e+00
64,4,qpsk,2.000000e+01,cg1,1,39,10485760,40960,3.719330e-06
64,4,qpsk,2.000000e+01,cg2,2,0,10485760,40960,0.000000e+00
64,4,qpsk,2.000000e+01,cg3,3,0,10485760,40960,0.000000e+00
64,4,qpsk,2.000000e+01,cg4,4,0,10485760,40960,0.000000e+00
64,8,qpsk,-2.000000e+01,zf,,237372,1048576,2048,2.263756e-01
64,8,qpsk,-2.000000e+01,mmse,,228480,1048576,2048,2.178955e-01
64,8,qpsk,-2.000000e+01,cg1,1,231371,1048576,2048,2.206526e-01
64,8,qpsk,-2.000000e+01,cg2,2,228620,1048576,2048,2.180290e-01
64,8,qpsk,-2.000000e+01,cg3,3,228509,1048576,2048,2.179232e-01
64,8,qpsk,-2.000000e+01,cg4,4,228495,1048576,2048,2.179098e-01
64,8,qpsk,-2.000000e+01,cg8,8,228480,1048576,2048,2.178955e-01
64,8,qpsk,-1.900000e+01,zf,,209279,1048576,2048,1.995840e-01
64,8,qpsk,-1.900000e+01,mmse,,200577,1048576,2048,1.912851e-01
64,8,qpsk,-1.900000e+01,cg1,1,205258,1048576,2048,1.957493e-01
64,8,qpsk,-1.900000e+01,cg2,2,200549,1048576,2048,1.912584e-01
64,8,qpsk,-1.900000e+01,cg3,3,200555,1048576,2048,1.912642e-01
64,8,qpsk,-1.900000e+01,cg4,4,200558,1048576,2048,1.912670e-01
64,8,qpsk,-1.900000e+01,cg8,8,200577,1048576,2048,1.912851e-01
64,8,qpsk,-1.800000e+01,zf,,180015,1048576,2048,1.716757e-01
64,8,qpsk,-1.800000e+01,mmse,,172698,1048576,2048,1.646976e-01
64,8,qpsk,-1.800000e+01,cg1,1,178848,1048576,2048,1.705627e-01
64,8,qpsk,-1.800000e+01,cg2,2,172880,1048576,2048,1.648712e-01
64,8,qpsk,-1.800000e+01,cg3,3,172704,1048576,2048,1.647034e-01
64,8,qpsk,-1.800000e+01,cg4,4,172692,1048576,2048,1.646919e-01
64,8,qpsk,-1.800000e+01,cg8,8,172698,1048576,2048,1.646976e-01
64,8,qpsk,-1.700000e+01,zf,,151094,1048576,2048,1.440945e-01
64,8,qpsk,-1.700000e+01,mmse,,144390,1048576,2048,1.377010e-01
64,8,qpsk,-1.700000e+01,cg1,1,152928,1048576,2048,1.458435e-01
64,8,qpsk,-1.700000e+01,cg2,2,144598,1048576,2048,1.378994e-01
64,8,qpsk,-1.700000e+01,cg3,3,144346,1048576,2048,1.376591e-01
64,8,qpsk,-1.700000e+01,cg4,4,144399,1048576,2048,1.377096e-01
64,8,qpsk,-1.700000e+01,cg8,8,144390,1048576,2048,1.377010e-01
64,8,qpsk,-1.600000e+01,zf,,122272,1048576,2048,1.166077e-01
64,8,qpsk,-1.600000e+01,mmse,,116290,1048576,2048,1.109028e-01
64,8,qpsk,-1.600000e+01,cg1,1,127876,1048576,2048,1.219521e-01
64,8,qpsk,-1.600000e+01,cg2,2,116608,1048576,2048,1.112061e-01
64,8,qpsk,-1.600000e+01,cg3,3,116303,1048576,2048,1.109152e-01
64,8,qpsk,-1.600000e+01,cg4,4,116302,1048576,2048,1.109142e-01
64,8,qpsk,-1.600000e+01,cg8,8,116290,1048576,2048,1.109028e-01
64,8,qpsk,-1.500000e+01,zf,,95117,1048576,2048,9.071064e-02
64,8,qpsk,-1.500000e+01,mmse,,90611,1048576,2048,8.641338e-02
64,8,qpsk,-1.500000e+01,cg1,1,105100,1048576,2048,1.002312e-01
64,8,qpsk,-1.500000e+01,cg2,2,91047,1048576,2048,8.682919e-02
64,8,qpsk,-1.500000e+01,cg3,3,90624,1048576,2048,8.642578e-02
64,8,qpsk,-1.500000e+01,cg4,4,90611,1048576,2048,8.641338e-02
64,8,qpsk,-1.500000e+01,cg8,8,90611,1048576,2048,8.641338e-02
64,8,qpsk,-1.400000e+01,zf,,70576,1048576,2048,6.730652e-02
64,8,qpsk,-1.400000e+01,mmse,,67135,1048576,2048,6.402493e-02
64,8,qpsk,-1.400000e+01,cg1,1,84781,1048576,2048,8.085346e-02
64,8,qpsk,-1.400000e+01,cg2,2,67842,1048576,2048,6.469917e-02
64,8,qpsk,-1.400000e+01,cg3,3,67149,1048576,2048,6.403828e-02
64,8,qpsk,-1.400000e+01,cg4,4,67140,1048576,2048,6.402969e-02
64,8,qpsk,-1.400000e+01,cg8,8,67135,1048576,2048,6.402493e-02
64,8,qpsk,-1.300000e+01,zf,,49628,1048576,2048,4.732895e-02
64,8,qpsk,-1.300000e+01,mmse,,46838,1048576,2048,4.466820e-02
64,8,qpsk,-1.300000e+01,cg1,1,65589,1048576,2048,6.255054e-02
64,8,qpsk,-1.300000e+01,cg2,2,47712,1048576,2048,4.550171e-02
64,8,qpsk,-1.300000e+01,cg3,3,46894,1048576,2048,4.472160e-02
64,8,qpsk,-1.300000e+01,cg4,4,46855,1048576,2048,4.468441e-02
64,8,qpsk,-1.300000e+01,cg8,8,46838,1048576,2048,4.466820e-02
64,8,qpsk,-1.200000e+01,zf,,31703,1048576,2048,3.023434e-02
64,8,qpsk,-1.200000e+01,mmse,,29837,1048576,2048,2.845478e-02
64,8,qpsk,-1.200000e+01,cg1,1,50240,1048576,2048,4.791260e-02
64,8,qpsk,-1.200000e+01,cg2,2,30948,1048576,2048,2.951431e-02
64,8,qpsk,-1.200000e+01,cg3,3,29854,1048576,2048,2.847099e-02
64,8,qpsk,-1.200000e+01,cg4,4,29821,1048576,2048,2.843952e-02
64,8,qpsk,-1.200000e+01,cg8,8,29837,1048576,2048,2.845478e-02
64,8,qpsk,-1.100000e+01,zf,,18664,1048576,2048,1.779938e-02
64,8,qpsk,-1.100000e+01,mmse,,17648,1048576,2048,1.683044e-02
64,8,qpsk,-1.100000e+01,cg1,1,38167,1048576,2048,3.639889e-02
64,8,qpsk,-1.100000e+01,cg2,2,18742,1048576,2048,1.787376e-02
64,8,qpsk,-1.100000e+01,cg3,3,17719,1048576,2048,1.689816e-02
64,8,qpsk,-1.100000e+01,cg4,4,17643,1048576,2048,1.682568e-02
64,8,qpsk,-1.100000e+01,cg8,8,17648,1048576,2048,1.683044e-02
64,8,qpsk,-1.000000e+01,zf,,9779,1048576,2048,9.325981e-03
64,8,qpsk,-1.000000e+01,mmse,,9192,1048576,2048,8.766174e-03
64,8,qpsk,-1.000000e+01,cg1,1,28261,1048576,2048,2.695179e-02
64,8,qpsk,-1.000000e+01,cg2,2,10291,1048576,2048,9.814262e-03
64,8,qpsk,-1.000000e+01,cg3,3,9268,1048576,2048,8.838654e-03
64,8,qpsk,-1.000000e+01,cg4,4,9187,1048576,2048,8.761406e-03
64,8,qpsk,-1.000000e+01,cg8,8,9192,1048576,2048,8.766174e-03
64,8,qpsk,-9.000000e+00,zf,,4517,1048576,2048,4.307747e-03
64,8,qpsk,-9.000000e+00,mmse,,4220,1048576,2048,4.024506e-03
64,8,qpsk,-9.000000e+00,cg1,1,21174,1048576,2048,2.019310e-02
64,8,qpsk,-9.000000e+00,cg2,2,4989,1048576,2048,4.757881e-03
64,8,qpsk,-9.000000e+00,cg3,3,4270,1048576,2048,4.072189e-03
64,8,qpsk,-9.000000e+00,cg4,4,4229,1048576,2048,4.033089e-03
64,8,qpsk,-9.000000e+00,cg8,8,4220,1048576,2048,4.024506e-03
64,8,qpsk,-8.000000e+00,zf,,1689,1048576,2048,1.610756e-03
64,8,qpsk,-8.000000e+00,mmse,,1599,1048576,2048,1.524925e-03
64,8,qpsk,-8.000000e+00,cg1,1,15688,1048576,2048,1.496124e-02
64,8,qpsk,-8.000000e+00,cg2,2,2179,1048576,2048,2.078056e-03
64,8,qpsk,-8.000000e+00,cg3,3,1628,1048576,2048,1.552582e-03
64,8,qpsk,-8.000000e+00,cg4,4,1609,1048576,2048,1.534462e-03
64,8,qpsk,-8.000000e+00,cg8,8,1599,1048576,2048,1.524925e-03
64,8,qpsk,-7.000000e+00,zf,,533,1048576,2048,5.083084e-04
64,8,qpsk,-7.000000e+00,mmse,,502,1048576,2048,4.787445e-04
64,8,qpsk,-7.000000e+00,cg1,1,11753,1048576,2048,1.120853e-02
64,8,qpsk,-7.000000e+00,cg2,2,863,1048576,2048,8.230209e-04
64,8,qpsk,-7.000000e+00,cg3,3,528,1048576,2048,5.035400e-04
64,8,qpsk,-7.000000e+00,cg4,4,518,1048576,2048,4.940033e-04
64,8,qpsk,-7.000000e+00,cg8,8,502,1048576,2048,4.787445e-04
64,8,qpsk,-6.000000e+00,zf,,117,1048576,2048,1.115799e-04
64,8,qpsk,-6.000000e+00,mmse,,117,1048576,2048,1.115799e-04
64,8,qpsk,-6.000000e+00,cg1,1,8823,1048576,2048,8.414268e-03
64,8,qpsk,-6.000000e+00,cg2,2,285,1048576,2048,2.717972e-04
64,8,qpsk,-6.000000e+00,cg3,3,130,1048576,2048,1.239777e-04
64,8,qpsk,-6.000000e+00,cg4,4,120,1048576,2048,1.144409e-04
64,8,qpsk,-6.000000e+00,cg8,8,117,1048576,2048,1.115799e-04
64,8,qpsk,-5.000000e+00,zf,,123,5242880,10240,2.346039e-05
64,8,qpsk,-5.000000e+00,mmse,,117,5242880,10240,2.231598e-05
64,8,qpsk,-5.000000e+00,cg1,1,34881,5242880,10240,6.653023e-03
64,8,qpsk,-5.000000e+00,cg2,2,414,5242880,10240,7.896423e-05
64,8,qpsk,-5.000000e+00,cg3,3,137,5242880,10240,2.613068e-05
64,8,qpsk,-5.000000e+00,cg4,4,123,5242880,10240,2.346039e-05
64,8,qpsk,-5.000000e+00,cg8,8,117,5242880,10240,2.231598e-05
64,8,qpsk,-4.000000e+00,zf,,31,10485760,20480,2.956390e-06
64,8,qpsk,-4.000000e+00,mmse,,28,10485760,20480,2.670288e-06
64,8,qpsk,-4.000000e+00,cg1,1,55191,10485760,20480,5.263424e-03
64,8,qpsk,-4.000000e+00,cg2,2,224,10485760,20480,2.136230e-05
64,8,qpsk,-4.000000e+00,cg3,3,35,10485760,20480,3.337860e-06
64,8,qpsk,-4.000000e+00,cg4,4,28,10485760,20480,2.670288e-06
64,8,qpsk,-4.000000e+00,cg8,8,28,10485760,20480,2.670288e-06
64,8,qpsk,-3.000000e+00,zf,,3,10485760,20480,2.861023e-07
64,8,qpsk,-3.000000e+00,mmse,,3,10485760,20480,2.861023e-07
64,8,qpsk,-3.000000e+00,cg1,1,45731,10485760,20480,4.361248e-03
64,8,qpsk,-3.000000e+00,cg2,2,44,10485760,20480,4.196167e-06
64,8,qpsk,-3.000000e+00,cg3,3,4,10485760,20480,3.814697e-07
64,8,qpsk,-3.000000e+00,cg4,4,3,10485760,20480,2.861023e-07
64,8,qpsk,-3.000000e+00,cg8,8,3,10485760,20480,2.861023e-07
64,8,qpsk,-2.000000e+00,zf,,0,10485760,20480,0.000000e+00
64,8,qpsk,-2.000000e+00,mmse,,0,10485760,20480,0.000000e+00
64,8,qpsk,-2.000000e+00,cg1,1,38035,10485760,20480,3.627300e-03
64,8,qpsk,-2.000000e+00,cg2,2,16,10485760,20480,1.525879e-06
64,8,qpsk,-2.000000e+00,cg3,3,0,10485760,20480,0.000000e+00
64,8,qpsk,-2.000000e+00,cg4,4,0,10485760,20480,0.000000e+00
64,8,qpsk,-2.000000e+00,cg8,8,0,10485760,20480,0.000000e+00
64,8,qpsk,-1.000000e+00,zf,,0,10485760,20480,0.000000e+00
64,8,qpsk,-1.000000e+00,mmse,,0,10485760,20480,0.000000e+00
64,8,qpsk,-1.000000e+00,cg1,1,31931,10485760,20480,3.045177e-03
64,8,qpsk,-1.000000e+00,cg2,2,4,10485760,20480,3.814697e-07
64,8,qpsk,-1.000000e+00,cg3,3,0,10485760,20480,0.000000e+00
64,8,qpsk,-1.000000e+00,cg4,4,0,10485760,20480,0.000000e+00
64,8,qpsk,-1.000000e+00,cg8,8,0,10485760,20480,0.000000e+00
64,8,qpsk,0.000000e+00,zf,,0,10485760,20480,0.000000e+00
64,8,qpsk,0.000000e+00,mmse,,0,10485760,20480,0.000000e+00
64,8,qpsk,0.000000e+00,cg1,1,28750,10485760,20480,2.741814e-03
64,8,qpsk,0.000000e+00,cg2,2,1,10485760,20480,9.536743e-08
64,8,qpsk,0.000000e+00,cg3,3,0,10485760,20480,0.000000e+00
64,8,qpsk,0.000000e+00,cg4,4,0,10485760,20480,0.000000e+00
64,8,qpsk,0.000000e+00,cg8,8,0,10485760,20480,0.000000e+00
64,8,qpsk,1.000000e+00,zf,,0,10485760,20480,0.000000e+00
64,8,qpsk,1.000000e+00,mmse,,0,10485760,20480,0.000000e+00
64,8,qpsk,1.000000e+00,cg1,1,25255,10485760,20480,2.408504e-03
64,8,qpsk,1.000000e+00,cg2,2,2,10485760,20480,1.907349e-07
64,8,qpsk,1.000000e+00,cg3,3,0,10485760,20480,0.000000e+00
64,8,qpsk,1.000000e+00,cg4,4,0,10485760,20480,0.000000e+00
64,8,qpsk,1.000000e+00,cg8,8,0,10485760,20480,0.000000e+00
64,8,qpsk,2.000000e+00,zf,,0,10485760,20480,0.000000e+00
64,8,qpsk,2.000000e+00,mmse,,0,10485760,20480,0.000000e+00
64,8,qpsk,2.000000e+00,cg1,1,23354,10485760,20480,2.227211e-03
64,8,qpsk,2.000000e+00,cg2,2,0,10485760,20480,0.000000e+00
64,8,qpsk,2.000000e+00,cg3,3,0,10485760,20480,0.000000e+00
64,8,qpsk,2.000000e+00,cg4,4,0,10485760,20480,0.000000e+00
64,8,qpsk,2.000000e+00,cg8,8,0,10485760,20480,0.000000e+00
64,8,qpsk,3.000000e+00,zf,,0,10485760,20480,0.000000e+00
64,8,qpsk,3.000000e+00,mmse,,0,10485760,20480,0.000000e+00
64,8,qpsk,3.000000e+00,cg1,1,21415,10485760,20480,2.042294e-03
64,8,qpsk,3.000000e+00,cg2,2,0,10485760,20480,0.000000e+00
64,8,qpsk,3.000000e+00,cg3,3,0,10485760,20480,0.000000e+00
64,8,qpsk,3.000000e+00,cg4,4,0,10485760,20480,0.000000e+00
64,8,qpsk,3.000000e+00,cg8,8,0,10485760,20480,0.000000e+00
64,8,qpsk,4.000000e+00,zf,,0,10485760,20480,0.000000e+00
64,8,qpsk,4.000000e+00,mmse,,0,10485760,20480,0.000000e+00
64,8,qpsk,4.000000e+00,cg1,1,20404,10485760,20480,1.945877e-03
64,8,qpsk,4.000000e+00,cg2,2,0,10485760,20480,0.000000e+00
64,8,qpsk,4.000000e+00,cg3,3,0,10485760,20480,0.000000e+00
64,8,qpsk,4.000000e+00,cg4,4,0,10485760,20480,0.000000e+00
64,8,qpsk,4.000000e+00,cg8,8,0,10485760,20480,0.000000e+00
64,8,qpsk,5.000000e+00,zf,,0,10485760,20480,0.000000e+00
64,8,qpsk,5.000000e+00,mmse,,0,10485760,20480,0.000000e+00
64,8,qpsk,5.000000e+00,cg1,1,19507,10485760,20480,1.860332e-03
64,8,qpsk,5.000000e+00,cg2,2,0,10485760,20480,0.000000e+00
64,8,qpsk,5.000000e+00,cg3,3,0,10485760,20480,0.000000e+00
64,8,qpsk,5.000000e+00,cg4,4,0,10485760,20480,0.000000e+00
64,8,qpsk,5.000000e+00,cg8,8,0,10485760,20480,0.000000e+00
64,8,qpsk,6.000000e+00,zf,,0,10485760,20480,0.000000e+00
64,8,qpsk,6.000000e+00,mmse,,0,10485760,20480,0.000000e+00
64,8,qpsk,6.000000e+00,cg1,1,18858,10485760,20480,1.798439e-03
64,8,qpsk,6.000000e+00,cg2,2,0,10485760,20480,0.000000e+00
64,8,qpsk,6.000000e+00,cg3,3,0,10485760,20480,0.000000e+00
64,8,qpsk,6.000000e+00,cg4,4,0,10485760,20480,0.000000e+00
64,8,qpsk,6.000000e+00,cg8,8,0,10485760,20480,0.000000e+00
64,8,qpsk,7.000000e+00,zf,,0,10485760,20480,0.000000e+00
64,8,qpsk,7.000000e+00,mmse,,0,10485760,20480,0.000000e+00
64,8,qpsk,7.000000e+00,cg1,1,17921,10485760,20480,1.709080e-03
64,8,qpsk,7.000000e+00,cg2,2,0,10485760,20480,0.000000e+00
64,8,qpsk,7.000000e+00,cg3,3,0,10485760,20480,0.000000e+00
64,8,qpsk,7.000000e+00,cg4,4,0,10485760,20480,0.000000e+00
64,8,qpsk,7.000000e+00,cg8,8,0,10485760,20480,0.000000e+00
64,8,qpsk,8.000000e+00,zf,,0,10485760,20480,0.000000e+00
64,8,qpsk,8.000000e+00,mmse,,0,10485760,20480,0.000000e+00
64,8,qpsk,8.000000e+00,cg1,1,17458,10485760,20480,1.664925e-03
64,8,qpsk,8.000000e+00,cg2,2,0,10485760,20480,0.000000e+00
64,8,qpsk,8.000000e+00,cg3,3,0,10485760,20480,0.000000e+00
64,8,qpsk,8.000000e+00,cg4,4,0,10485760,20480,0.000000e+00
64,8,qpsk,8.000000e+00,cg8,8,0,10485760,20480,0.000000e+00
64,8,qpsk,9.000000e+00,zf,,0,10485760,20480,0.000000e+00
64,8,qpsk,9.000000e+00,mmse,,0,10485760,20480,0.000000e+00
64,8,qpsk,9.000000e+00,cg1,1,17312,10485760,20480,1.651001e-03
64,8,qpsk,9.000000e+00,cg2,2,0,10485760,20480,0.000000e+00
64,8,qpsk,9.000000e+00,cg3,3,0,10485760,20480,0.000000e+00
64,8,qpsk,9.000000e+00,cg4,4,0,10485760,20480,0.000000e+00
64,8,qpsk,9.000000e+00,cg8,8,0,10485760,20480,0.000000e+00
64,8,qpsk,1.000000e+01,zf,,0,10485760,20480,0.000000e+00
64,8,qpsk,1.000000e+01,mmse,,0,10485760,20480,0.000000e+00
64,8,qpsk,1.000000e+01,cg1,1,16750,10485760,20480,1.597404e-03
64,8,qpsk,1.000000e+01,cg2,2,0,10485760,20480,0.000000e+00
64,8,qpsk,1.000000e+01,cg3,3,0,10485760,20480,0.000000e+00
64,8,qpsk,1.000000e+01,cg4,4,0,10485760,20480,0.000000e+00
64,8,qpsk,1.000000e+01,cg8,8,0,10485760,20480,0.000000e+00
64,8,qpsk,1.100000e+01,zf,,0,10485760,20480,0.000000e+00
64,8,qpsk,1.100000e+01,mmse,,0,10485760,20480,0.000000e+00
64,8,qpsk,1.100000e+01,cg1,1,16502,10485760,20480,1.573753e-03
64,8,qpsk,1.100000e+01,cg2,2,0,10485760,20480,0.000000e+00
64,8,qpsk,1.100000e+01,cg3,3,0,10485760,20480,0.000000e+00
64,8,qpsk,1.100000e+01,cg4,4,0,10485760,20480,0.000000e+00
64,8,qpsk,1.100000e+01,cg8,8,0,10485760,20480,0.000000e+00
64,8,qpsk,1.200000e+01,zf,,0,10485760,20480,0.000000e+00
64,8,qpsk,1.200000e+01,mmse,,0,10485760,20480,0.000000e+00
64,8,qpsk,1.200000e+01,cg1,1,16440,10485760,20480,1.567841e-03
64,8,qpsk,1.200000e+01,cg2,2,0,10485760,20480,0.000000e+00
64,8,qpsk,1.200000e+01,cg3,3,0,10485760,20480,0.000000e+00
64,8,qpsk,1.200000e+01,cg4,4,0,10485760,20480,0.000000e+00
64,8,qpsk,1.200000e+01,cg8,8,0,10485760,20480,0.000000e+00
64,8,qpsk,1.300000e+01,zf,,0,10485760,20480,0.000000e+00
64,8,qpsk,1.300000e+01,mmse,,0,10485760,20480,0.000000e+00
64,8,qpsk,1.300000e+01,cg1,1,16485,10485760,20480,1.572132e-03
64,8,qpsk,1.300000e+01,cg2,2,0,10485760,20480,0.000000e+00
64,8,qpsk,1.300000e+01,cg3,3,0,10485760,20480,0.000000e+00
64,8,qpsk,1.300000e+01,cg4,4,0,10485760,20480,0.000000e+00
64,8,qpsk,1.300000e+01,cg8,8,0,10485760,20480,0.000000e+00
64,8,qpsk,1.400000e+01,zf,,0,10485760,20480,0.000000e+00
64,8,qpsk,1.400000e+01,mmse,,0,10485760,20480,0.000000e+00
64,8,qpsk,1.400000e+01,cg1,1,16362,10485760,20480,1.560402e-03
64,8,qpsk,1.400000e+01,cg2,2,0,10485760,20480,0.000000e+00
64,8,qpsk,1.400000e+01,cg3,3,0,10485760,20480,0.000000e+00
64,8,qpsk,1.400000e+01,cg4,4,0,10485760,20480,0.000000e+00
64,8,qpsk,1.400000e+01,cg8,8,0,10485760,20480,0.000000e+00
64,8,qpsk,1.500000e+01,zf,,0,10485760,20480,0.000000e+00
64,8,qpsk,1.500000e+01,mmse,,0,10485760,20480,0.000000e+00
64,8,qpsk,1.500000e+01,cg1,1,15977,10485760,20480,1.523685e-03
64,8,qpsk,1.500000e+01,cg2,2,0,10485760,20480,0.000000e+00
64,8,qpsk,1.500000e+01,cg3,3,0,10485760,20480,0.000000e+00
64,8,qpsk,1.500000e+01,cg4,4,0,10485760,20480,0.000000e+00
64,8,qpsk,1.500000e+01,cg8,8,0,10485760,20480,0.000000e+00
64,8,qpsk,1.600000e+01,zf,,0,10485760,20480,0.000000e+00
64,8,qpsk,1.600000e+01,mmse,,0,10485760,20480,0.000000e+00
64,8,qpsk,1.600000e+01,cg1,1,15941,10485760,20480,1.520252e-03
64,8,qpsk,1.600000e+01,cg2,2,0,10485760,20480,0.000000e+00
64,8,qpsk,1.600000e+01,cg3,3,0,10485760,20480,0.000000e+00
64,8,qpsk,1.600000e+01,cg4,4,0,10485760,20480,0.000000e+00
64,8,qpsk,1.600000e+01,cg8,8,0,10485760,20480,0.000000e+00
64,8,qpsk,1.700000e+01,zf,,0,10485760,20480,0.000000e+00
64,8,qpsk,1.700000e+01,mmse,,0,10485760,20480,0.000000e+00
64,8,qpsk,1.700000e+01,cg1,1,16245,10485760,20480,1.549244e-03
64,8,qpsk,1.700000e+01,cg2,2,0,10485760,20480,0.000000e+00
64,8,qpsk,1.700000e+01,cg3,3,0,10485760,20480,0.000000e+00
64,8,qpsk,1.700000e+01,cg4,4,0,10485760,20480,0.000000e+00
64,8,qpsk,1.700000e+01,cg8,8,0,10485760,20480,0.000000e+00
64,8,qpsk,1.800000e+01,zf,,0,10485760,20480,0.000000e+00
64,8,qpsk,1.800000e+01,mmse,,0,10485760,20480,0.000000e+00
64,8,qpsk,1.800000e+01,cg1,1,16004,10485760,20480,1.526260e-03
64,8,qpsk,1.800000e+01,cg2,2,0,10485760,20480,0.000000e+00
64,8,qpsk,1.800000e+01,cg3,3,0,10485760,20480,0.000000e+00
64,8,qpsk,1.800000e+01,cg4,4,0,10485760,20480,0.000000e+00
64,8,qpsk,1.800000e+01,cg8,8,0,10485760,20480,0.000000e+00
64,8,qpsk,1.900000e+01,zf,,0,10485760,20480,0.000000e+00
64,8,qpsk,1.900000e+01,mmse,,0,10485760,20480,0.000000e+00
64,8,qpsk,1.900000e+01,cg1,1,15834,10485760,20480,1.510048e-03
64,8,qpsk,1.900000e+01,cg2,2,0,10485760,20480,0.000000e+00
64,8,qpsk,1.900000e+01,cg3,3,0,10485760,20480,0.000000e+00
64,8,qpsk,1.900000e+01,cg4,4,0,10485760,20480,0.000000e+00
64,8,qpsk,1.900000e+01,cg8,8,0,10485760,20480,0.000000e+00
64,8,qpsk,2.000000e+01,zf,,0,10485760,20480,0.000000e+00
64,8,qpsk,2.000000e+01,mmse,,0,10485760,20480,0.000000e+00
64,8,qpsk,2.000000e+01,cg1,1,15883,10485760,20480,1.514721e-03
64,8,qpsk,2.000000e+01,cg2,2,0,10485760,20480,0.000000e+00
64,8,qpsk,2.000000e+01,cg3,3,0,10485760,20480,0.000000e+00
64,8,qpsk,2.000000e+01,cg4,4,0,10485760,20480,0.000000e+00
64,8,qpsk,2.000000e+01,cg8,8,0,10485760,20480,0.000000e+00
64,16,qpsk,-2.000000e+01,zf,,253640,1048576,1024,2.418900e-01
64,16,qpsk,-2.000000e+01,mmse,,232721,1048576,1024,2.219400e-01
64,16,qpsk,-2.000000e+01,cg1,1,238817,1048576,1024,2.277536e-01
64,16,qpsk,-2.000000e+01,cg2,2,232881,1048576,1024,2.220926e-01
64,16,qpsk,-2.000000e+01,cg3,3,232723,1048576,1024,2.219419e-01
64,16,qpsk,-2.000000e+01,cg4,4,232745,1048576,1024,2.219629e-01
64,16,qpsk,-2.000000e+01,cg16,16,232721,1048576,1024,2.219400e-01
64,16,qpsk,-1.900000e+01,zf,,226999,1048576,1024,2.164831e-01
64,16,qpsk,-1.900000e+01,mmse,,207292,1048576,1024,1.976891e-01
64,16,qpsk,-1.900000e+01,cg1,1,215592,1048576,1024,2.056046e-01
64,16,qpsk,-1.900000e+01,cg2,2,207647,1048576,1024,1.980276e-01
64,16,qpsk,-1.900000e+01,cg3,3,207307,1048576,1024,1.977034e-01
64,16,qpsk,-1.900000e+01,cg4,4,207310,1048576,1024,1.977062e-01
64,16,qpsk,-1.900000e+01,cg16,16,207292,1048576,1024,1.976891e-01
64,16,qpsk,-1.800000e+01,zf,,199483,1048576,1024,1.902418e-01
64,16,qpsk,-1.800000e+01,mmse,,180361,1048576,1024,1.720057e-01
64,16,qpsk,-1.800000e+01,cg1,1,192268,1048576,1024,1.833611e-01
64,16,qpsk,-1.800000e+01,cg2,2,181069,1048576,1024,1.726809e-01
64,16,qpsk,-1.800000e+01,cg3,3,180368,1048576,1024,1.720123e-01
64,16,qpsk,-1.800000e+01,cg4,4,180384,1048576,1024,1.720276e-01
64,16,qpsk,-1.800000e+01,cg16,16,180361,1048576,1024,1.720057e-01
64,16,qpsk,-1.700000e+01,zf,,170786,1048576,1024,1.628742e-01
64,16,qpsk,-1.700000e+01,mmse,,153717,1048576,1024,1.465960e-01
64,16,qpsk,-1.700000e+01,cg1,1,169557,1048576,1024,1.617022e-01
64,16,qpsk,-1.700000e+01,cg2,2,154755,1048576,1024,1.475859e-01
64,16,qpsk,-1.700000e+01,cg3,3,153674,1048576,1024,1.465549e-01
64,16,qpsk,-1.700000e+01,cg4,4,153700,1048576,1024,1.465797e-01
64,16,qpsk,-1.700000e+01,cg16,16,153717,1048576,1024,1.465960e-01
64,16,qpsk,-1.600000e+01,zf,,141577,1048576,1024,1.350183e-01
64,16,qpsk,-1.600000e+01,mmse,,126187,1048576,1024,1.203413e-01
64,16,qpsk,-1.600000e+01,cg1,1,147909,1048576,1024,1.410570e-01
64,16,qpsk,-1.600000e+01,cg2,2,127895,1048576,1024,1.219702e-01
64,16,qpsk,-1.600000e+01,cg3,3,126363,1048576,1024,1.205091e-01
64,16,qpsk,-1.600000e+01,cg4,4,126276,1048576,1024,1.204262e-01
64,16,qpsk,-1.600000e+01,cg16,16,126187,1048576,1024,1.203413e-01
64,16,qpsk,-1.500000e+01,zf,,113144,1048576,1024,1.079025e-01
64,16,qpsk,-1.500000e+01,mmse,,100627,1048576,1024,9.596539e-02
64,16,qpsk,-1.500000e+01,cg1,1,127669,1048576,1024,1.217546e-01
64,16,qpsk,-1.500000e+01,cg2,2,103017,1048576,1024,9.824467e-02
64,16,qpsk,-1.500000e+01,cg3,3,100756,1048576,1024,9.608841e-02
64,16,qpsk,-1.500000e+01,cg4,4,100570,1048576,1024,9.591103e-02
64,16,qpsk,-1.500000e+01,cg16,16,100627,1048576,1024,9.596539e-02
64,16,qpsk,-1.400000e+01,zf,,87278,1048576,1024,8.323479e-02
64,16,qpsk,-1.400000e+01,mmse,,76890,1048576,1024,7.332802e-02
64,16,qpsk,-1.400000e+01,cg1,1,109885,1048576,1024,1.047945e-01
64,16,qpsk,-1.400000e+01,cg2,2,80202,1048576,1024,7.648659e-02
64,16,qpsk,-1.400000e+01,cg3,3,77282,1048576,1024,7.370186e-02
64,16,qpsk,-1.400000e+01,cg4,4,76912,1048576,1024,7.334900e-02
64,16,qpsk,-1.400000e+01,cg16,16,76890,1048576,1024,7.332802e-02
64,16,qpsk,-1.300000e+01,zf,,62818,1048576,1024,5.990791e-02
64,16,qpsk,-1.300000e+01,mmse,,55027,1048576,1024,5.247784e-02
64,16,qpsk,-1.300000e+01,cg1,1,93266,1048576,1024,8.894539e-02
64,16,qpsk,-1.300000e+01,cg2,2,59446,1048576,1024,5.669212e-02
64,16,qpsk,-1.300000e+01,cg3,3,55580,1048576,1024,5.300522e-02
64,16,qpsk,-1.300000e+01,cg4,4,55088,1048576,1024,5.253601e-02
64,16,qpsk,-1.300000e+01,cg16,16,55027,1048576,1024,5.247784e-02
64,16,qpsk,-1.200000e+01,zf,,42927,1048576,1024,4.093838e-02
64,16,qpsk,-1.200000e+01,mmse,,37583,1048576,1024,3.584194e-02
64,16,qpsk,-1.200000e+01,cg1,1,80006,1048576,1024,7.629967e-02
64,16,qpsk,-1.200000e+01,cg2,2,42994,1048576,1024,4.100227e-02
64,16,qpsk,-1.200000e+01,cg3,3,38220,1048576,1024,3.644943e-02
64,16,qpsk,-1.200000e+01,cg4,4,37635,1048576,1024,3.589153e-02
64,16,qpsk,-1.200000e+01,cg16,16,37583,1048576,1024,3.584194e-02
64,16,qpsk,-1.100000e+01,zf,,26776,1048576,1024,2.553558e-02
64,16,qpsk,-1.100000e+01,mmse,,23401,1048576,1024,2.231693e-02
64,16,qpsk,-1.100000e+01,cg1,1,68254,1048576,1024,6.509209e-02
64,16,qpsk,-1.100000e+01,cg2,2,29366,1048576,1024,2.800560e-02
64,16,qpsk,-1.100000e+01,cg3,3,24157,1048576,1024,2.303791e-02
64,16,qpsk,-1.100000e+01,cg4,4,23522,1048576,1024,2.243233e-02
64,16,qpsk,-1.100000e+01,cg16,16,23401,1048576,1024,2.231693e-02
64,16,qpsk,-1.000000e+01,zf,,15310,1048576,1024,1.460075e-02
64,16,qpsk,-1.000000e+01,mmse,,13300,1048576,1024,1.268387e-02
64,16,qpsk,-1.000000e+01,cg1,1,58548,1048576,1024,5.583572e-02
64,16,qpsk,-1.000000e+01,cg2,2,19158,1048576,1024,1.827049e-02
64,16,qpsk,-1.000000e+01,cg3,3,14129,1048576,1024,1.347446e-02
64,16,qpsk,-1.000000e+01,cg4,4,13442,1048576,1024,1.281929e-02
64,16,qpsk,-1.000000e+01,cg16,16,13300,1048576,1024,1.268387e-02
64,16,qpsk,-9.000000e+00,zf,,7642,1048576,1024,7.287979e-03
64,16,qpsk,-9.000000e+00,mmse,,6643,1048576,1024,6.335258e-03
64,16,qpsk,-9.000000e+00,cg1,1,51095,1048576,1024,4.872799e-02
64,16,qpsk,-9.000000e+00,cg2,2,11979,1048576,1024,1.142406e-02
64,16,qpsk,-9.000000e+00,cg3,3,7425,1048576,1024,7.081032e-03
64,16,qpsk,-9.000000e+00,cg4,4,6755,1048576,1024,6.442070e-03
64,16,qpsk,-9.000000e+00,cg16,16,6643,1048576,1024,6.335258e-03
64,16,qpsk,-8.000000e+00,zf,,3308,1048576,1024,3.154755e-03
64,16,qpsk,-8.000000e+00,mmse,,2854,1048576,1024,2.721786e-03
64,16,qpsk,-8.000000e+00,cg1,1,44710,1048576,1024,4.263878e-02
64,16,qpsk,-8.000000e+00,cg2,2,7039,1048576,1024,6.712914e-03
64,16,qpsk,-8.000000e+00,cg3,3,3443,1048576,1024,3.283501e-03
64,16,qpsk,-8.000000e+00,cg4,4,2942,1048576,1024,2.805710e-03
64,16,qpsk,-8.000000e+00,cg16,16,2854,1048576,1024,2.721786e-03
64,16,qpsk,-7.000000e+00,zf,,1225,1048576,1024,1.168251e-03
64,16,qpsk,-7.000000e+00,mmse,,1067,1048576,1024,1.017570e-03
64,16,qpsk,-7.000000e+00,cg1,1,39954,1048576,1024,3.810310e-02
64,16,qpsk,-7.000000e+00,cg2,2,4194,1048576,1024,3.999710e-03
64,16,qpsk,-7.000000e+00,cg3,3,1471,1048576,1024,1.402855e-03
64,16,qpsk,-7.000000e+00,cg4,4,1121,1048576,1024,1.069069e-03
64,16,qpsk,-7.000000e+00,cg16,16,1067,1048576,1024,1.017570e-03
64,16,qpsk,-6.000000e+00,zf,,390,1048576,1024,3.719330e-04
64,16,qpsk,-6.000000e+00,mmse,,335,1048576,1024,3.194809e-04
64,16,qpsk,-6.000000e+00,cg1,1,35867,1048576,1024,3.420544e-02
64,16,qpsk,-6.000000e+00,cg2,2,2353,1048576,1024,2.243996e-03
64,16,qpsk,-6.000000e+00,cg3,3,525,1048576,1024,5.006790e-04
64,16,qpsk,-6.000000e+00,cg4,4,355,1048576,1024,3.385544e-04
64,16,qpsk,-6.000000e+00,cg16,16,335,1048576,1024,3.194809e-04
64,16,qpsk,-5.000000e+00,zf,,169,2097152,2048,8.058548e-05
64,16,qpsk,-5.000000e+00,mmse,,150,2097152,2048,7.152557e-05
64,16,qpsk,-5.000000e+00,cg1,1,65968,2097152,2048,3.145599e-02
64,16,qpsk,-5.000000e+00,cg2,2,2745,2097152,2048,1.308918e-03
64,16,qpsk,-5.000000e+00,cg3,3,318,2097152,2048,1.516342e-04
64,16,qpsk,-5.000000e+00,cg4,4,173,2097152,2048,8.249283e-05
64,16,qpsk,-5.000000e+00,cg16,16,150,2097152,2048,7.152557e-05
64,16,qpsk,-4.000000e+00,zf,,122,10485760,10240,1.163483e-05
64,16,qpsk,-4.000000e+00,mmse,,96,10485760,10240,9.155273e-06
64,16,qpsk,-4.000000e+00,cg1,1,305170,10485760,10240,2.910328e-02
64,16,qpsk,-4.000000e+00,cg2,2,8154,10485760,10240,7.776260e-04
64,16,qpsk,-4.000000e+00,cg3,3,457,10485760,10240,4.358292e-05
64,16,qpsk,-4.000000e+00,cg4,4,148,10485760,10240,1.411438e-05
64,16,qpsk,-4.000000e+00,cg16,16,96,10485760,10240,9.155273e-06
64,16,qpsk,-3.000000e+00,zf,,15,10485760,10240,1.430511e-06
64,16,qpsk,-3.000000e+00,mmse,,13,10485760,10240,1.239777e-06
64,16,qpsk,-3.000000e+00,cg1,1,285757,10485760,10240,2.725191e-02
64,16,qpsk,-3.000000e+00,cg2,2,4810,10485760,10240,4.587173e-04
64,16,qpsk,-3.000000e+00,cg3,3,134,10485760,10240,1.277924e-05
64,16,qpsk,-3.000000e+00,cg4,4,17,10485760,10240,1.621246e-06
64,16,qpsk,-3.000000e+00,cg16,16,13,10485760,10240,1.239777e-06
64,16,qpsk,-2.000000e+00,zf,,0,10485760,10240,0.000000e+00
64,16,qpsk,-2.000000e+00,mmse,,0,10485760,10240,0.000000e+00
64,16,qpsk,-2.000000e+00,cg1,1,270292,10485760,10240,2.577705e-02
64,16,qpsk,-2.000000e+00,cg2,2,3091,10485760,10240,2.947807e-04
64,16,qpsk,-2.000000e+00,cg3,3,34,10485760,10240,3.242493e-06
64,16,qpsk,-2.000000e+00,cg4,4,2,10485760,10240,1.907349e-07
64,16,qpsk,-2.000000e+00,cg16,16,0,10485760,10240,0.000000e+00
64,16,qpsk,-1.000000e+00,zf,,0,10485760,10240,0.000000e+00
64,16,qpsk,-1.000000e+00,mmse,,0,10485760,10240,0.000000e+00
64,16,qpsk,-1.000000e+00,cg1,1,260959,10485760,10240,2.488699e-02
64,16,qpsk,-1.000000e+00,cg2,2,2076,10485760,10240,1.979828e-04
64,16,qpsk,-1.000000e+00,cg3,3,11,10485760,10240,1.049042e-06
64,16,qpsk,-1.000000e+00,cg4,4,1,10485760,10240,9.536743e-08
64,16,qpsk,-1.000000e+00,cg16,16,0,10485760,10240,0.000000e+00
64,16,qpsk,0.000000e+00,zf,,0,10485760,10240,0.000000e+00
64,16,qpsk,0.000000e+00,mmse,,0,10485760,10240,0.000000e+00
64,16,qpsk,0.000000e+00,cg1,1,249826,10485760,10240,2.382526e-02
64,16,qpsk,0.000000e+00,cg2,2,1298,10485760,10240,1.237869e-04
64,16,qpsk,0.000000e+00,cg3,3,0,10485760,10240,0.000000e+00
64,16,qpsk,0.000000e+00,cg4,4,0,10485760,10240,0.000000e+00
64,16,qpsk,0.000000e+00,cg16,16,0,10485760,10240,0.000000e+00
64,16,qpsk,1.000000e+00,zf,,0,10485760,10240,0.000000e+00
64,16,qpsk,1.000000e+00,mmse,,0,10485760,10240,0.000000e+00
64,16,qpsk,1.000000e+00,cg1,1,242714,10485760,10240,2.314701e-02
64,16,qpsk,1.000000e+00,cg2,2,1055,10485760,10240,1.006126e-04
64,16,qpsk,1.000000e+00,cg3,3,1,10485760,10240,9.536743e-08
64,16,qpsk,1.000000e+00,cg4,4,0,10485760,10240,0.000000e+00
64,16,qpsk,1.000000e+00,cg16,16,0,10485760,10240,0.000000e+00
64,16,qpsk,2.000000e+00,zf,,0,10485760,10240,0.000000e+00
64,16,qpsk,2.000000e+00,mmse,,0,10485760,10240,0.000000e+00
64,16,qpsk,2.000000e+00,cg1,1,236644,10485760,10240,2.256813e-02
64,16,qpsk,2.000000e+00,cg2,2,750,10485760,10240,7.152557e-05
64,16,qpsk,2.000000e+00,cg3,3,0,10485760,10240,0.000000e+00
64,16,qpsk,2.000000e+00,cg4,4,0,10485760,10240,0.000000e+00
64,16,qpsk,2.000000e+00,cg16,16,0,10485760,10240,0.000000e+00
64,16,qpsk,3.000000e+00,zf,,0,10485760,10240,0.000000e+00
64,16,qpsk,3.000000e+00,mmse,,0,10485760,10240,0.000000e+00
64,16,qpsk,3.000000e+00,cg1,1,232421,10485760,10240,2.216539e-02
64,16,qpsk,3.000000e+00,cg2,2,630,10485760,10240,6.008148e-05
64,16,qpsk,3.000000e+00,cg3,3,0,10485760,10240,0.000000e+00
64,16,qpsk,3.000000e+00,cg4,4,0,10485760,10240,0.000000e+00
64,16,qpsk,3.000000e+00,cg16,16,0,10485760,10240,0.000000e+00
64,16,qpsk,4.000000e+00,zf,,0,10485760,10240,0.000000e+00
64,16,qpsk,4.000000e+00,mmse,,0,10485760,10240,0.000000e+00
64,16,qpsk,4.000000e+00,cg1,1,228103,10485760,10240,2.175360e-02
64,16,qpsk,4.000000e+00,cg2,2,511,10485760,10240,4.873276e-05
64,16,qpsk,4.000000e+00,cg3,3,1,10485760,10240,9.536743e-08
64,16,qpsk,4.000000e+00,cg4,4,0,10485760,10240,0.000000e+00
64,16,qpsk,4.000000e+00,cg16,16,0,10485760,10240,0.000000e+00
64,16,qpsk,5.000000e+00,zf,,0,10485760,10240,0.000000e+00
64,16,qpsk,5.000000e+00,mmse,,0,10485760,10240,0.000000e+00
64,16,qpsk,5.000000e+00,cg1,1,225907,10485760,10240,2.154417e-02
64,16,qpsk,5.000000e+00,cg2,2,435,10485760,10240,4.148483e-05
64,16,qpsk,5.000000e+00,cg3,3,0,10485760,10240,0.000000e+00
64,16,qpsk,5.000000e+00,cg4,4,0,10485760,10240,0.000000e+00
64,16,qpsk,5.000000e+00,cg16,16,0,10485760,10240,0.000000e+00
64,16,qpsk,6.000000e+00,zf,,0,10485760,10240,0.000000e+00
64,16,qpsk,6.000000e+00,mmse,,0,10485760,10240,0.000000e+00
64,16,qpsk,6.000000e+00,cg1,1,223323,10485760,10240,2.129774e-02
64,16,qpsk,6.000000e+00,cg2,2,401,10485760,10240,3.824234e-05
64,16,qpsk,6.000000e+00,cg3,3,0,10485760,10240,0.000000e+00
64,16,qpsk,6.000000e+00,cg4,4,0,10485760,10240,0.000000e+00
64,16,qpsk,6.000000e+00,cg16,16,0,10485760,10240,0.000000e+00
64,16,qpsk,7.000000e+00,zf,,0,10485760,10240,0.000000e+00
64,16,qpsk,7.000000e+00,mmse,,0,10485760,10240,0.000000e+00
64,16,qpsk,7.000000e+00,cg1,1,220906,10485760,10240,2.106724e-02
64,16,qpsk,7.000000e+00,cg2,2,343,10485760,10240,3.271103e-05
64,16,qpsk,7.000000e+00,cg3,3,0,10485760,10240,0.000000e+00
64,16,qpsk,7.000000e+00,cg4,4,0,10485760,10240,0.000000e+00
64,16,qpsk,7.000000e+00,cg16,16,0,10485760,10240,0.000000e+00
64,16,qpsk,8.000000e+00,zf,,0,10485760,10240,0.000000e+00
64,16,qpsk,8.000000e+00,mmse,,0,10485760,10240,0.000000e+00
64,16,qpsk,8.000000e+00,cg1,1,220217,10485760,10240,2.100153e-02
64,16,qpsk,8.000000e+00,cg2,2,331,10485760,10240,3.156662e-05
64,16,qpsk,8.000000e+00,cg3,3,0,10485760,10240,0.000000e+00
64,16,qpsk,8.000000e+00,cg4,4,0,10485760,10240,0.000000e+00
64,16,qpsk,8.000000e+00,cg16,16,0,10485760,10240,0.000000e+00
64,16,qpsk,9.000000e+00,zf,,0,10485760,10240,0.000000e+00
64,16,qpsk,9.000000e+00,mmse,,0,10485760,10240,0.000000e+00
64,16,qpsk,9.000000e+00,cg1,1,218872,10485760,10240,2.087326e-02
64,16,qpsk,9.000000e+00,cg2,2,312,10485760,10240,2.975464e-05
64,16,qpsk,9.000000e+00,cg3,3,0,10485760,10240,0.000000e+00
64,16,qpsk,9.000000e+00,cg4,4,0,10485760,10240,0.000000e+00
64,16,qpsk,9.000000e+00,cg16,16,0,10485760,10240,0.000000e+00
64,16,qpsk,1.000000e+01,zf,,0,10485760,10240,0.000000e+00
64,16,qpsk,1.000000e+01,mmse,,0,10485760,10240,0.000000e+00
64,16,qpsk,1.000000e+01,cg1,1,217330,10485760,10240,2.072620e-02
64,16,qpsk,1.000000e+01,cg2,2,260,10485760,10240,2.479553e-05
64,16,qpsk,1.000000e+01,cg3,3,0,10485760,10240,0.000000e+00
64,16,qpsk,1.000000e+01,cg4,4,0,10485760,10240,0.000000e+00
64,16,qpsk,1.000000e+01,cg16,16,0,10485760,10240,0.000000e+00
64,16,qpsk,1.100000e+01,zf,,0,10485760,10240,0.000000e+00
64,16,qpsk,1.100000e+01,mmse,,0,10485760,10240,0.000000e+00
64,16,qpsk,1.100000e+01,cg1,1,217219,10485760,10240,2.071562e-02
64,16,qpsk,1.100000e+01,cg2,2,273,10485760,10240,2.603531e-05
64,16,qpsk,1.100000e+01,cg3,3,0,10485760,10240,0.000000e+00
64,16,qpsk,1.100000e+01,cg4,4,0,10485760,10240,0.000000e+00
64,16,qpsk,1.100000e+01,cg16,16,0,10485760,10240,0.000000e+00
64,16,qpsk,1.200000e+01,zf,,0,10485760,10240,0.000000e+00
64,16,qpsk,1.200000e+01,mmse,,0,10485760,10240,0.000000e+00
64,16,qpsk,1.200000e+01,cg1,1,217092,10485760,10240,2.070351e-02
64,16,qpsk,1.200000e+01,cg2,2,253,10485760,10240,2.412796e-05
64,16,qpsk,1.200000e+01,cg3,3,0,10485760,10240,0.000000e+00
64,16,qpsk,1.200000e+01,cg4,4,0,10485760,10240,0.000000e+00
64,16,qpsk,1.200000e+01,cg16,16,0,10485760,10240,0.000000e+00
64,16,qpsk,1.300000e+01,zf,,0,10485760,10240,0.000000e+00
64,16,qpsk,1.300000e+01,mmse,,0,10485760,10240,0.000000e+00
64,16,qpsk,1.300000e+01,cg1,1,216401,10485760,10240,2.063761e-02
64,16,qpsk,1.300000e+01,cg2,2,275,10485760,10240,2.622604e-05
64,16,qpsk,1.300000e+01,cg3,3,0,10485760,10240,0.000000e+00
64,16,qpsk,1.300000e+01,cg4,4,0,10485760,10240,0.000000e+00
64,16,qpsk,1.300000e+01,cg16,16,0,10485760,10240,0.000000e+00
64,16,qpsk,1.400000e+01,zf,,0,10485760,10240,0.000000e+00
64,16,qpsk,1.400000e+01,mmse,,0,10485760,10240,0.000000e+00
64,16,qpsk,1.400000e+01,cg1,1,216904,10485760,10240,2.068558e-02
64,16,qpsk,1.400000e+01,cg2,2,256,10485760,10240,2.441406e-05
64,16,qpsk,1.400000e+01,cg3,3,0,10485760,10240,0.000000e+00
64,16,qpsk,1.400000e+01,cg4,4,0,10485760,10240,0.000000e+00
64,16,qpsk,1.400000e+01,cg16,16,0,10485760,10240,0.000000e+00
64,16,qpsk,1.500000e+01,zf,,0,10485760,10240,0.000000e+00
64,16,qpsk,1.500000e+01,mmse,,0,10485760,10240,0.000000e+00
64,16,qpsk,1.500000e+01,cg1,1,215407,10485760,10240,2.054281e-02
64,16,qpsk,1.500000e+01,cg2,2,260,10485760,10240,2.479553e-05
64,16,qpsk,1.500000e+01,cg3,3,0,10485760,10240,0.000000e+00
64,16,qpsk,1.500000e+01,cg4,4,0,10485760,10240,0.000000e+00
64,16,qpsk,1.500000e+01,cg16,16,0,10485760,10240,0.000000e+00
64,16,qpsk,1.600000e+01,zf,,0,10485760,10240,0.000000e+00
64,16,qpsk,1.600000e+01,mmse,,0,10485760,10240,0.000000e+00
64,16,qpsk,1.600000e+01,cg1,1,215272,10485760,10240,2.052994e-02
64,16,qpsk,1.600000e+01,cg2,2,260,10485760,10240,2.479553e-05
64,16,qpsk,1.600000e+01,cg3,3,0,10485760,10240,0.000000e+00
64,16,qpsk,1.600000e+01,cg4,4,0,10485760,10240,0.000000e+00
64,16,qpsk,1.600000e+01,cg16,16,0,10485760,10240,0.000000e+00
64,16,qpsk,1.700000e+01,zf,,0,10485760,10240,0.000000e+00
64,16,qpsk,1.700000e+01,mmse,,0,10485760,10240,0.000000e+00
64,16,qpsk,1.700000e+01,cg1,1,214460,10485760,10240,2.045250e-02
64,16,qpsk,1.700000e+01,cg2,2,236,10485760,10240,2.250671e-05
64,16,qpsk,1.700000e+01,cg3,3,0,10485760,10240,0.000000e+00
64,16,qpsk,1.700000e+01,cg4,4,0,10485760,10240,0.000000e+00
64,16,qpsk,1.700000e+01,cg16,16,0,10485760,10240,0.000000e+00
64,16,qpsk,1.800000e+01,zf,,0,10485760,10240,0.000000e+00
64,16,qpsk,1.800000e+01,mmse,,0,10485760,10240,0.000000e+00
64,16,qpsk,1.800000e+01,cg1,1,214892,10485760,10240,2.049370e-02
64,16,qpsk,1.800000e+01,cg2,2,232,10485760,10240,2.212524e-05
64,16,qpsk,1.800000e+01,cg3,3,0,10485760,10240,0.000000e+00
64,16,qpsk,1.800000e+01,cg4,4,0,10485760,10240,0.000000e+00
64,16,qpsk,1.800000e+01,cg16,16,0,10485760,10240,0.000000e+00
64,16,qpsk,1.900000e+01,zf,,0,10485760,10240,0.000000e+00
64,16,qpsk,1.900000e+01,mmse,,0,10485760,10240,0.000000e+00
64,16,qpsk,1.900000e+01,cg1,1,215976,10485760,10240,2.059708e-02
64,16,qpsk,1.900000e+01,cg2,2,232,10485760,10240,2.212524e-05
64,16,qpsk,1.900000e+01,cg3,3,0,10485760,10240,0.000000e+00
64,16,qpsk,1.900000e+01,cg4,4,0,10485760,10240,0.000000e+00
64,16,qpsk,1.900000e+01,cg16,16,0,10485760,10240,0.000000e+00
64,16,qpsk,2.000000e+01,zf,,0,10485760,10240,0.000000e+00
64,16,qpsk,2.000000e+01,mmse,,0,10485760,10240,0.000000e+00
64,16,qpsk,2.000000e+01,cg1,1,214538,10485760,10240,2.045994e-02
64,16,qpsk,2.000000e+01,cg2,2,245,10485760,10240,2.336502e-05
64,16,qpsk,2.000000e+01,cg3,3,0,10485760,10240,0.000000e+00
64,16,qpsk,2.000000e+01,cg4,4,0,10485760,10240,0.000000e+00
64,16,qpsk,2.000000e+01,cg16,16,0,10485760,10240,0.000000e+00
128,4,qpsk,-2.000000e+01,zf,,138402,1048576,4096,1.319904e-01
128,4,qpsk,-2.000000e+01,mmse,,137107,1048576,4096,1.307554e-01
128,4,qpsk,-2.000000e+01,cg1,1,139405,1048576,4096,1.329470e-01
128,4,qpsk,-2.000000e+01,cg2,2,137201,1048576,4096,1.308451e-01
128,4,qpsk,-2.000000e+01,cg3,3,137101,1048576,4096,1.307497e-01
128,4,qpsk,-2.000000e+01,cg4,4,137107,1048576,4096,1.307554e-01
128,4,qpsk,-1.900000e+01,zf,,110379,1048576,4096,1.052656e-01
128,4,qpsk,-1.900000e+01,mmse,,109392,1048576,4096,1.043243e-01
128,4,qpsk,-1.900000e+01,cg1,1,112095,1048576,4096,1.069021e-01
128,4,qpsk,-1.900000e+01,cg2,2,109392,1048576,4096,1.043243e-01
128,4,qpsk,-1.900000e+01,cg3,3,109396,1048576,4096,1.043282e-01
128,4,qpsk,-1.900000e+01,cg4,4,109392,1048576,4096,1.043243e-01
128,4,qpsk,-1.800000e+01,zf,,83994,1048576,4096,8.010292e-02
128,4,qpsk,-1.800000e+01,mmse,,83306,1048576,4096,7.944679e-02
128,4,qpsk,-1.800000e+01,cg1,1,86537,1048576,4096,8.252811e-02
128,4,qpsk,-1.800000e+01,cg2,2,83318,1048576,4096,7.945824e-02
128,4,qpsk,-1.800000e+01,cg3,3,83317,1048576,4096,7.945728e-02
128,4,qpsk,-1.800000e+01,cg4,4,83306,1048576,4096,7.944679e-02
128,4,qpsk,-1.700000e+01,zf,,60621,1048576,4096,5.781269e-02
128,4,qpsk,-1.700000e+01,mmse,,60039,1048576,4096,5.725765e-02
128,4,qpsk,-1.700000e+01,cg1,1,63789,1048576,4096,6.083393e-02
128,4,qpsk,-1.700000e+01,cg2,2,60102,1048576,4096,5.731773e-02
128,4,qpsk,-1.700000e+01,cg3,3,60053,1048576,4096,5.727100e-02
128,4,qpsk,-1.700000e+01,cg4,4,60039,1048576,4096,5.725765e-02
128,4,qpsk,-1.600000e+01,zf,,40746,1048576,4096,3.885841e-02
128,4,qpsk,-1.600000e+01,mmse,,40280,1048576,4096,3.841400e-02
128,4,qpsk,-1.600000e+01,cg1,1,44465,1048576,4096,4.240513e-02
128,4,qpsk,-1.600000e+01,cg2,2,40248,1048576,4096,3.838348e-02
128,4,qpsk,-1.600000e+01,cg3,3,40258,1048576,4096,3.839302e-02
128,4,qpsk,-1.600000e+01,cg4,4,40280,1048576,4096,3.841400e-02
128,4,qpsk,-1.500000e+01,zf,,25199,1048576,4096,2.403164e-02
128,4,qpsk,-1.500000e+01,mmse,,24864,1048576,4096,2.371216e-02
128,4,qpsk,-1.500000e+01,cg1,1,29198,1048576,4096,2.784538e-02
128,4,qpsk,-1.500000e+01,cg2,2,24941,1048576,4096,2.378559e-02
128,4,qpsk,-1.500000e+01,cg3,3,24862,1048576,4096,2.371025e-02
128,4,qpsk,-1.500000e+01,cg4,4,24864,1048576,4096,2.371216e-02
128,4,qpsk,-1.400000e+01,zf,,13912,1048576,4096,1.326752e-02
128,4,qpsk,-1.400000e+01,mmse,,13780,1048576,4096,1.314163e-02
128,4,qpsk,-1.400000e+01,cg1,1,17835,1048576,4096,1.700878e-02
128,4,qpsk,-1.400000e+01,cg2,2,13810,1048576,4096,1.317024e-02
128,4,qpsk,-1.400000e+01,cg3,3,13768,1048576,4096,1.313019e-02
128,4,qpsk,-1.400000e+01,cg4,4,13780,1048576,4096,1.314163e-02
128,4,qpsk,-1.300000e+01,zf,,6772,1048576,4096,6.458282e-03
128,4,qpsk,-1.300000e+01,mmse,,6680,1048576,4096,6.370544e-03
128,4,qpsk,-1.300000e+01,cg1,1,9928,1048576,4096,9.468079e-03
128,4,qpsk,-1.300000e+01,cg2,2,6702,1048576,4096,6.391525e-03
128,4,qpsk,-1.300000e+01,cg3,3,6678,1048576,4096,6.368637e-03
128,4,qpsk,-1.300000e+01,cg4,4,6680,1048576,4096,6.370544e-03
128,4,qpsk,-1.200000e+01,zf,,2843,1048576,4096,2.711296e-03
128,4,qpsk,-1.200000e+01,mmse,,2815,1048576,4096,2.684593e-03
128,4,qpsk,-1.200000e+01,cg1,1,4999,1048576,4096,4.767418e-03
128,4,qpsk,-1.200000e+01,cg2,2,2831,1048576,4096,2.699852e-03
128,4,qpsk,-1.200000e+01,cg3,3,2817,1048576,4096,2.686501e-03
128,4,qpsk,-1.200000e+01,cg4,4,2815,1048576,4096,2.684593e-03
128,4,qpsk,-1.100000e+01,zf,,948,1048576,4096,9.040833e-04
128,4,qpsk,-1.100000e+01,mmse,,926,1048576,4096,8.831024e-04
128,4,qpsk,-1.100000e+01,cg1,1,2367,1048576,4096,2.257347e-03
128,4,qpsk,-1.100000e+01,cg2,2,938,1048576,4096,8.945465e-04
128,4,qpsk,-1.100000e+01,cg3,3,925,1048576,4096,8.821487e-04
128,4,qpsk,-1.100000e+01,cg4,4,926,1048576,4096,8.831024e-04
128,4,qpsk,-1.000000e+01,zf,,224,1048576,4096,2.136230e-04
128,4,qpsk,-1.000000e+01,mmse,,218,1048576,4096,2.079010e-04
128,4,qpsk,-1.000000e+01,cg1,1,984,1048576,4096,9.384155e-04
128,4,qpsk,-1.000000e+01,cg2,2,228,1048576,4096,2.174377e-04
128,4,qpsk,-1.000000e+01,cg3,3,221,1048576,4096,2.107620e-04
128,4,qpsk,-1.000000e+01,cg4,4,218,1048576,4096,2.079010e-04
128,4,qpsk,-9.000000e+00,zf,,117,2097152,8192,5.578995e-05
128,4,qpsk,-9.000000e+00,mmse,,115,2097152,8192,5.483627e-05
128,4,qpsk,-9.000000e+00,cg1,1,753,2097152,8192,3.590584e-04
128,4,qpsk,-9.000000e+00,cg2,2,121,2097152,8192,5.769730e-05
128,4,qpsk,-9.000000e+00,cg3,3,116,2097152,8192,5.531311e-05
128,4,qpsk,-9.000000e+00,cg4,4,115,2097152,8192,5.483627e-05
128,4,qpsk,-8.000000e+00,zf,,58,10485760,40960,5.531311e-06
128,4,qpsk,-8.000000e+00,mmse,,52,10485760,40960,4.959106e-06
128,4,qpsk,-8.000000e+00,cg1,1,1273,10485760,40960,1.214027e-04
128,4,qpsk,-8.000000e+00,cg2,2,65,10485760,40960,6.198883e-06
128,4,qpsk,-8.000000e+00,cg3,3,51,10485760,40960,4.863739e-06
128,4,qpsk,-8.000000e+00,cg4,4,52,10485760,40960,4.959106e-06
128,4,qpsk,-7.000000e+00,zf,,6,10485760,40960,5.722046e-07
128,4,qpsk,-7.000000e+00,mmse,,6,10485760,40960,5.722046e-07
128,4,qpsk,-7.000000e+00,cg1,1,431,10485760,40960,4.110336e-05
128,4,qpsk,-7.000000e+00,cg2,2,8,10485760,40960,7.629395e-07
128,4,qpsk,-7.000000e+00,cg3,3,6,10485760,40960,5.722046e-07
128,4,qpsk,-7.000000e+00,cg4,4,6,10485760,40960,5.722046e-07
128,4,qpsk,-6.000000e+00,zf,,1,10485760,40960,9.536743e-08
128,4,qpsk,-6.000000e+00,mmse,,1,10485760,40960,9.536743e-08
128,4,qpsk,-6.000000e+00,cg1,1,139,10485760,40960,1.325607e-05
128,4,qpsk,-6.000000e+00,cg2,2,2,10485760,40960,1.907349e-07
128,4,qpsk,-6.000000e+00,cg3,3,1,10485760,40960,9.536743e-08
128,4,qpsk,-6.000000e+00,cg4,4,1,10485760,40960,9.536743e-08
128,4,qpsk,-5.000000e+00,zf,,0,10485760,40960,0.000000e+00
128,4,qpsk,-5.000000e+00,mmse,,0,10485760,40960,0.000000e+00
128,4,qpsk,-5.000000e+00,cg1,1,44,10485760,40960,4.196167e-06
128,4,qpsk,-5.000000e+00,cg2,2,1,10485760,40960,9.536743e-08
128,4,qpsk,-5.000000e+00,cg3,3,0,10485760,40960,0.000000e+00
128,4,qpsk,-5.000000e+00,cg4,4,0,10485760,40960,0.000000e+00
128,4,qpsk,-4.000000e+00,zf,,0,10485760,40960,0.000000e+00
128,4,qpsk,-4.000000e+00,mmse,,0,10485760,40960,0.000000e+00
128,4,qpsk,-4.000000e+00,cg1,1,13,10485760,40960,1.239777e-06
128,4,qpsk,-4.000000e+00,cg2,2,0,10485760,40960,0.000000e+00
128,4,qpsk,-4.000000e+00,cg3,3,0,10485760,40960,0.000000e+00
128,4,qpsk,-4.000000e+00,cg4,4,0,10485760,40960,0.000000e+00
128,4,qpsk,-3.000000e+00,zf,,0,10485760,40960,0.000000e+00
128,4,qpsk,-3.000000e+00,mmse,,0,10485760,40960,0.000000e+00
128,4,qpsk,-3.000000e+00,cg1,1,2,10485760,40960,1.907349e-07
128,4,qpsk,-3.000000e+00,cg2,2,0,10485760,40960,0.000000e+00
128,4,qpsk,-3.000000e+00,cg3,3,0,10485760,40960,0.000000e+00
128,4,qpsk,-3.000000e+00,cg4,4,0,10485760,40960,0.000000e+00
128,4,qpsk,-2.000000e+00,zf,,0,10485760,40960,0.000000e+00
128,4,qpsk,-2.000000e+00,mmse,,0,10485760,40960,0.000000e+00
128,4,qpsk,-2.000000e+00,cg1,1,3,10485760,40960,2.861023e-07
128,4,qpsk,-2.000000e+00,cg2,2,0,10485760,40960,0.000000e+00
128,4,qpsk,-2.000000e+00,cg3,3,0,10485760,40960,0.000000e+00
128,4,qpsk,-2.000000e+00,cg4,4,0,10485760,40960,0.000000e+00
128,4,qpsk,-1.000000e+00,zf,,0,10485760,40960,0.000000e+00
128,4,qpsk,-1.000000e+00,mmse,,0,10485760,40960,0.000000e+00
128,4,qpsk,-1.000000e+00,cg1,1,0,10485760,40960,0.000000e+00
128,4,qpsk,-1.000000e+00,cg2,2,0,10485760,40960,0.000000e+00
128,4,qpsk,-1.000000e+00,cg3,3,0,10485760,40960,0.000000e+00
128,4,qpsk,-1.000000e+00,cg4,4,0,10485760,40960,0.000000e+00
128,4,qpsk,0.000000e+00,zf,,0,10485760,40960,0.000000e+00
128,4,qpsk,0.000000e+00,mmse,,0,10485760,40960,0.000000e+00
128,4,qpsk,0.000000e+00,cg1,1,0,10485760,40960,0.000000e+00
128,4,qpsk,0.000000e+00,cg2,2,0,10485760,40960,0.000000e+00
128,4,qpsk,0.000000e+00,cg3,3,0,10485760,40960,0.000000e+00
128,4,qpsk,0.000000e+00,cg4,4,0,10485760,40960,0.000000e+00
128,4,qpsk,1.000000e+00,zf,,0,10485760,40960,0.000000e+00
128,4,qpsk,1.000000e+00,mmse,,0,10485760,40960,0.000000e+00
128,4,qpsk,1.000000e+00,cg1,1,0,10485760,40960,0.000000e+00
128,4,qpsk,1.000000e+00,cg2,2,0,10485760,40960,0.000000e+00
128,4,qpsk,1.000000e+00,cg3,3,0,10485760,40960,0.000000e+00
128,4,qpsk,1.000000e+00,cg4,4,0,10485760,40960,0.000000e+00
128,4,qpsk,2.000000e+00,zf,,0,10485760,40960,0.000000e+00
128,4,qpsk,2.000000e+00,mmse,,0,10485760,40960,0.000000e+00
128,4,qpsk,2.000000e+00,cg1,1,0,10485760,40960,0.000000e+00
128,4,qpsk,2.000000e+00,cg2,2,0,10485760,40960,0.000000e+00
128,4,qpsk,2.000000e+00,cg3,3,0,10485760,40960,0.000000e+00
128,4,qpsk,2.000000e+00,cg4,4,0,10485760,40960,0.000000e+00
128,4,qpsk,3.000000e+00,zf,,0,10485760,40960,0.000000e+00
128,4,qpsk,3.000000e+00,mmse,,0,10485760,40960,0.000000e+00
128,4,qpsk,3.000000e+00,cg1,1,0,10485760,40960,0.000000e+00
128,4,qpsk,3.000000e+00,cg2,2,0,10485760,40960,0.000000e+00
128,4,qpsk,3.000000e+00,cg3,3,0,10485760,40960,0.000000e+00
128,4,qpsk,3.000000e+00,cg4,4,0,10485760,40960,0.000000e+00
128,4,qpsk,4.000000e+00,zf,,0,10485760,40960,0.000000e+00
128,4,qpsk,4.000000e+00,mmse,,0,10485760,40960,0.000000e+00
128,4,qpsk,4.000000e+00,cg1,1,0,10485760,40960,0.000000e+00
128,4,qpsk,4.000000e+00,cg2,2,0,10485760,40960,0.000000e+00
128,4,qpsk,4.000000e+00,cg3,3,0,10485760,40960,0.000000e+00
128,4,qpsk,4.000000e+00,cg4,4,0,10485760,40960,0.000000e+00
128,4,qpsk,5.000000e+00,zf,,0,10485760,40960,0.000000e+00
128,4,qpsk,5.000000e+00,mmse,,0,10485760,40960,0.000000e+00
128,4,qpsk,5.000000e+00,cg1,1,1,10485760,40960,9.536743e-08
128,4,qpsk,5.000000e+00,cg2,2,0,10485760,40960,0.000000e+00
128,4,qpsk,5.000000e+00,cg3,3,0,10485760,40960,0.000000e+00
128,4,qpsk,5.000000e+00,cg4,4,0,10485760,40960,0.000000e+00
128,4,qpsk,6.000000e+00,zf,,0,10485760,40960,0.000000e+00
128,4,qpsk,6.000000e+00,mmse,,0,10485760,40960,0.000000e+00
128,4,qpsk,6.000000e+00,cg1,1,0,10485760,40960,0.000000e+00
128,4,qpsk,6.000000e+00,cg2,2,0,10485760,40960,0.000000e+00
128,4,qpsk,6.000000e+00,cg3,3,0,10485760,40960,0.000000e+00
128,4,qpsk,6.000000e+00,cg4,4,0,10485760,40960,0.000000e+00
128,4,qpsk,7.000000e+00,zf,,0,10485760,40960,0.000000e+00
128,4,qpsk,7.000000e+00,mmse,,0,10485760,40960,0.000000e+00
128,4,qpsk,7.000000e+00,cg1,1,0,10485760,40960,0.000000e+00
128,4,qpsk,7.000000e+00,cg2,2,0,10485760,40960,0.000000e+00
128,4,qpsk,7.000000e+00,cg3,3,0,10485760,40960,0.000000e+00
128,4,qpsk,7.000000e+00,cg4,4,0,10485760,40960,0.000000e+00
128,4,qpsk,8.000000e+00,zf,,0,10485760,40960,0.000000e+00
128,4,qpsk,8.000000e+00,mmse,,0,10485760,40960,0.000000e+00
128,4,qpsk,8.000000e+00,cg1,1,0,10485760,40960,0.000000e+00
128,4,qpsk,8.000000e+00,cg2,2,0,10485760,40960,0.000000e+00
128,4,qpsk,8.000000e+00,cg3,3,0,10485760,40960,0.000000e+00
128,4,qpsk,8.000000e+00,cg4,4,0,10485760,40960,0.000000e+00
128,4,qpsk,9.000000e+00,zf,,0,10485760,40960,0.000000e+00
128,4,qpsk,9.000000e+00,mmse,,0,10485760,40960,0.000000e+00
128,4,qpsk,9.000000e+00,cg1,1,0,10485760,40960,0.000000e+00
128,4,qpsk,9.000000e+00,cg2,2,0,10485760,40960,0.000000e+00
128,4,qpsk,9.000000e+00,cg3,3,0,10485760,40960,0.000000e+00
128,4,qpsk,9.000000e+00,cg4,4,0,10485760,40960,0.000000e+00
128,4,qpsk,1.000000e+01,zf,,0,10485760,40960,0.000000e+00
128,4,qpsk,1.000000e+01,mmse,,0,10485760,40960,0.000000e+00
128,4,qpsk,1.000000e+01,cg1,1,0,10485760,40960,0.000000e+00
128,4,qpsk,1.000000e+01,cg2,2,0,10485760,40960,0.000000e+00
128,4,qpsk,1.000000e+01,cg3,3,0,10485760,40960,0.000000e+00
128,4,qpsk,1.000000e+01,cg4,4,0,10485760,40960,0.000000e+00
128,4,qpsk,1.100000e+01,zf,,0,10485760,40960,0.000000e+00
128,4,qpsk,1.100000e+01,mmse,,0,10485760,40960,0.000000e+00
128,4,qpsk,1.100000e+01,cg1,1,0,10485760,40960,0.000000e+00
128,4,qpsk,1.100000e+01,cg2,2,0,10485760,40960,0.000000e+00
128,4,qpsk,1.100000e+01,cg3,3,0,10485760,40960,0.000000e+00
128,4,qpsk,1.100000e+01,cg4,4,0,10485760,40960,0.000000e+00
128,4,qpsk,1.200000e+01,zf,,0,10485760,40960,0.000000e+00
128,4,qpsk,1.200000e+01,mmse,,0,10485760,40960,0.000000e+00
128,4,qpsk,1.200000e+01,cg1,1,0,10485760,40960,0.000000e+00
128,4,qpsk,1.200000e+01,cg2,2,0,10485760,40960,0.000000e+00
128,4,qpsk,1.200000e+01,cg3,3,0,10485760,40960,0.000000e+00
128,4,qpsk,1.200000e+01,cg4,4,0,10485760,40960,0.000000e+00
128,4,qpsk,1.300000e+01,zf,,0,10485760,40960,0.000000e+00
128,4,qpsk,1.300000e+01,mmse,,0,10485760,40960,0.000000e+00
128,4,qpsk,1.300000e+01,cg1,1,0,10485760,40960,0.000000e+00
128,4,qpsk,1.300000e+01,cg2,2,0,10485760,40960,0.000000e+00
128,4,qpsk,1.300000e+01,cg3,3,0,10485760,40960,0.000000e+00
128,4,qpsk,1.300000e+01,cg4,4,0,10485760,40960,0.000000e+00
128,4,qpsk,1.400000e+01,zf,,0,10485760,40960,0.000000e+00
128,4,qpsk,1.400000e+01,mmse,,0,10485760,40960,0.000000e+00
128,4,qpsk,1.400000e+01,cg1,1,0,10485760,40960,0.000000e+00
128,4,qpsk,1.400000e+01,cg2,2,0,10485760,40960,0.000000e+00
128,4,qpsk,1.400000e+01,cg3,3,0,10485760,40960,0.000000e+00
128,4,qpsk,1.400000e+01,cg4,4,0,10485760,40960,0.000000e+00
128,4,qpsk,1.500000e+01,zf,,0,10485760,40960,0.000000e+00
128,4,qpsk,1.500000e+01,mmse,,0,10485760,40960,0.000000e+00
128,4,qpsk,1.500000e+01,cg1,1,0,10485760,40960,0.000000e+00
128,4,qpsk,1.500000e+01,cg2,2,0,10485760,40960,0.000000e+00
128,4,qpsk,1.500000e+01,cg3,3,0,10485760,40960,0.000000e+00
128,4,qpsk,1.500000e+01,cg4,4,0,10485760,40960,0.000000e+00
128,4,qpsk,1.600000e+01,zf,,0,10485760,40960,0.000000e+00
128,4,qpsk,1.600000e+01,mmse,,0,10485760,40960,0.000000e+00
128,4,qpsk,1.600000e+01,cg1,1,0,10485760,40960,0.000000e+00
128,4,qpsk,1.600000e+01,cg2,2,0,10485760,40960,0.000000e+00
128,4,qpsk,1.600000e+01,cg3,3,0,10485760,40960,0.000000e+00
128,4,qpsk,1.600000e+01,cg4,4,0,10485760,40960,0.000000e+00
128,4,qpsk,1.700000e+01,zf,,0,10485760,40960,0.000000e+00
128,4,qpsk,1.700000e+01,mmse,,0,10485760,40960,0.000000e+00
128,4,qpsk,1.700000e+01,cg1,1,1,10485760,40960,9.536743e-08
128,4,qpsk,1.700000e+01,cg2,2,0,10485760,40960,0.000000e+00
128,4,qpsk,1.700000e+01,cg3,3,0,10485760,40960,0.000000e+00
128,4,qpsk,1.700000e+01,cg4,4,0,10485760,40960,0.000000e+00
128,4,qpsk,1.800000e+01,zf,,0,10485760,40960,0.000000e+00
128,4,qpsk,1.800000e+01,mmse,,0,10485760,40960,0.000000e+00
128,4,qpsk,1.800000e+01,cg1,1,0,10485760,40960,0.000000e+00
128,4,qpsk,1.800000e+01,cg2,2,0,10485760,40960,0.000000e+00
128,4,qpsk,1.800000e+01,cg3,3,0,10485760,40960,0.000000e+00
128,4,qpsk,1.800000e+01,cg4,4,0,10485760,40960,0.000000e+00
128,4,qpsk,1.900000e+01,zf,,0,10485760,40960,0.000000e+00
128,4,qpsk,1.900000e+01,mmse,,0,10485760,40960,0.000000e+00
128,4,qpsk,1.900000e+01,cg1,1,0,10485760,40960,0.000000e+00
128,4,qpsk,1.900000e+01,cg2,2,0,10485760,40960,0.000000e+00
128,4,qpsk,1.900000e+01,cg3,3,0,10485760,40960,0.000000e+00
128,4,qpsk,1.900000e+01,cg4,4,0,10485760,40960,0.000000e+00
128,4,qpsk,2.000000e+01,zf,,0,10485760,40960,0.000000e+00
128,4,qpsk,2.000000e+01,mmse,,0,10485760,40960,0.000000e+00
128,4,qpsk,2.000000e+01,cg1,1,0,10485760,40960,0.000000e+00
128,4,qpsk,2.000000e+01,cg2,2,0,10485760,40960,0.000000e+00
128,4,qpsk,2.000000e+01,cg3,3,0,10485760,40960,0.000000e+00
128,4,qpsk,2.000000e+01,cg4,4,0,10485760,40960,0.000000e+00
128,8,qpsk,-2.000000e+01,zf,,142115,1048576,2048,1.355314e-01
128,8,qpsk,-2.000000e+01,mmse,,138762,1048576,2048,1.323338e-01
128,8,qpsk,-2.000000e+01,cg1,1,143236,1048576,2048,1.366005e-01
128,8,qpsk,-2.000000e+01,cg2,2,138806,1048576,2048,1.323757e-01
128,8,qpsk,-2.000000e+01,cg3,3,138727,1048576,2048,1.323004e-01
128,8,qpsk,-2.000000e+01,cg4,4,138755,1048576,2048,1.323271e-01
128,8,qpsk,-2.000000e+01,cg8,8,138762,1048576,2048,1.323338e-01
128,8,qpsk,-1.900000e+01,zf,,114637,1048576,2048,1.093264e-01
128,8,qpsk,-1.900000e+01,mmse,,111899,1048576,2048,1.067152e-01
128,8,qpsk,-1.900000e+01,cg1,1,117899,1048576,2048,1.124372e-01
128,8,qpsk,-1.900000e+01,cg2,2,111986,1048576,2048,1.067982e-01
128,8,qpsk,-1.900000e+01,cg3,3,111898,1048576,2048,1.067142e-01
128,8,qpsk,-1.900000e+01,cg4,4,111908,1048576,2048,1.067238e-01
128,8,qpsk,-1.900000e+01,cg8,8,111899,1048576,2048,1.067152e-01
128,8,qpsk,-1.800000e+01,zf,,87794,1048576,2048,8.372688e-02
128,8,qpsk,-1.800000e+01,mmse,,85465,1048576,2048,8.150578e-02
128,8,qpsk,-1.800000e+01,cg1,1,92746,1048576,2048,8.844948e-02
128,8,qpsk,-1.800000e+01,cg2,2,85607,1048576,2048,8.164120e-02
128,8,qpsk,-1.800000e+01,cg3,3,85483,1048576,2048,8.152294e-02
128,8,qpsk,-1.800000e+01,cg4,4,85458,1048576,2048,8.149910e-02
128,8,qpsk,-1.800000e+01,cg8,8,85465,1048576,2048,8.150578e-02
128,8,qpsk,-1.700000e+01,zf,,64058,1048576,2048,6.109047e-02
128,8,qpsk,-1.700000e+01,mmse,,62382,1048576,2048,5.949211e-02
128,8,qpsk,-1.700000e+01,cg1,1,71590,1048576,2048,6.827354e-02
128,8,qpsk,-1.700000e+01,cg2,2,62676,1048576,2048,5.977249e-02
128,8,qpsk,-1.700000e+01,cg3,3,62375,1048576,2048,5.948544e-02
128,8,qpsk,-1.700000e+01,cg4,4,62390,1048576,2048,5.949974e-02
128,8,qpsk,-1.700000e+01,cg8,8,62382,1048576,2048,5.949211e-02
128,8,qpsk,-1.600000e+01,zf,,43434,1048576,2048,4.142189e-02
128,8,qpsk,-1.600000e+01,mmse,,42358,1048576,2048,4.039574e-02
128,8,qpsk,-1.600000e+01,cg1,1,52379,1048576,2048,4.995251e-02
128,8,qpsk,-1.600000e+01,cg2,2,42675,1048576,2048,4.069805e-02
128,8,qpsk,-1.600000e+01,cg3,3,42336,1048576,2048,4.037476e-02
128,8,qpsk,-1.600000e+01,cg4,4,42345,1048576,2048,4.038334e-02
128,8,qpsk,-1.600000e+01,cg8,8,42358,1048576,2048,4.039574e-02
128,8,qpsk,-1.500000e+01,zf,,26724,1048576,2048,2.548599e-02
128,8,qpsk,-1.500000e+01,mmse,,25859,1048576,2048,2.466106e-02
128,8,qpsk,-1.500000e+01,cg1,1,36174,1048576,2048,3.449821e-02
128,8,qpsk,-1.500000e+01,cg2,2,26169,1048576,2048,2.495670e-02
128,8,qpsk,-1.500000e+01,cg3,3,25881,1048576,2048,2.468204e-02
128,8,qpsk,-1.500000e+01,cg4,4,25858,1048576,2048,2.466011e-02
128,8,qpsk,-1.500000e+01,cg8,8,25859,1048576,2048,2.466106e-02
128,8,qpsk,-1.400000e+01,zf,,15325,1048576,2048,1.461506e-02
128,8,qpsk,-1.400000e+01,mmse,,14891,1048576,2048,1.420116e-02
128,8,qpsk,-1.400000e+01,cg1,1,24683,1048576,2048,2.353954e-02
128,8,qpsk,-1.400000e+01,cg2,2,15237,1048576,2048,1.453114e-02
128,8,qpsk,-1.400000e+01,cg3,3,14902,1048576,2048,1.421165e-02
128,8,qpsk,-1.400000e+01,cg4,4,14889,1048576,2048,1.419926e-02
128,8,qpsk,-1.400000e+01,cg8,8,14891,1048576,2048,1.420116e-02
128,8,qpsk,-1.300000e+01,zf,,7512,1048576,2048,7.164001e-03
128,8,qpsk,-1.300000e+01,mmse,,7294,1048576,2048,6.956100e-03
128,8,qpsk,-1.300000e+01,cg1,1,15880,1048576,2048,1.514435e-02
128,8,qpsk,-1.300000e+01,cg2,2,7528,1048576,2048,7.179260e-03
128,8,qpsk,-1.300000e+01,cg3,3,7290,1048576,2048,6.952286e-03
128,8,qpsk,-1.300000e+01,cg4,4,7296,1048576,2048,6.958008e-03
128,8,qpsk,-1.300000e+01,cg8,8,7294,1048576,2048,6.956100e-03
128,8,qpsk,-1.200000e+01,zf,,3239,1048576,2048,3.088951e-03
128,8,qpsk,-1.200000e+01,mmse,,3134,1048576,2048,2.988815e-03
128,8,qpsk,-1.200000e+01,cg1,1,9738,1048576,2048,9.286880e-03
128,8,qpsk,-1.200000e+01,cg2,2,3323,1048576,2048,3.169060e-03
128,8,qpsk,-1.200000e+01,cg3,3,3164,1048576,2048,3.017426e-03
128,8,qpsk,-1.200000e+01,cg4,4,3134,1048576,2048,2.988815e-03
128,8,qpsk,-1.200000e+01,cg8,8,3134,1048576,2048,2.988815e-03
128,8,qpsk,-1.100000e+01,zf,,1219,1048576,2048,1.162529e-03
128,8,qpsk,-1.100000e+01,mmse,,1182,1048576,2048,1.127243e-03
128,8,qpsk,-1.100000e+01,cg1,1,5947,1048576,2048,5.671501e-03
128,8,qpsk,-1.100000e+01,cg2,2,1247,1048576,2048,1.189232e-03
128,8,qpsk,-1.100000e+01,cg3,3,1187,1048576,2048,1.132011e-03
128,8,qpsk,-1.100000e+01,cg4,4,1186,1048576,2048,1.131058e-03
128,8,qpsk,-1.100000e+01,cg8,8,1182,1048576,2048,1.127243e-03
128,8,qpsk,-1.000000e+01,zf,,320,1048576,2048,3.051758e-04
128,8,qpsk,-1.000000e+01,mmse,,316,1048576,2048,3.013611e-04
128,8,qpsk,-1.000000e+01,cg1,1,3415,1048576,2048,3.256798e-03
128,8,qpsk,-1.000000e+01,cg2,2,363,1048576,2048,3.461838e-04
128,8,qpsk,-1.000000e+01,cg3,3,315,1048576,2048,3.004074e-04
128,8,qpsk,-1.000000e+01,cg4,4,314,1048576,2048,2.994537e-04
128,8,qpsk,-1.000000e+01,cg8,8,316,1048576,2048,3.013611e-04
128,8,qpsk,-9.000000e+00,zf,,147,2097152,4096,7.009506e-05
128,8,qpsk,-9.000000e+00,mmse,,150,2097152,4096,7.152557e-05
128,8,qpsk,-9.000000e+00,cg1,1,3997,2097152,4096,1.905918e-03
128,8,qpsk,-9.000000e+00,cg2,2,166,2097152,4096,7.915497e-05
128,8,qpsk,-9.000000e+00,cg3,3,143,2097152,4096,6.818771e-05
128,8,qpsk,-9.000000e+00,cg4,4,149,2097152,4096,7.104874e-05
128,8,qpsk,-9.000000e+00,cg8,8,150,2097152,4096,7.152557e-05
128,8,qpsk,-8.000000e+00,zf,,100,10485760,20480,9.536743e-06
128,8,qpsk,-8.000000e+00,mmse,,100,10485760,20480,9.536743e-06
128,8,qpsk,-8.000000e+00,cg1,1,11057,10485760,20480,1.054478e-03
128,8,qpsk,-8.000000e+00,cg2,2,160,10485760,20480,1.525879e-05
128,8,qpsk,-8.000000e+00,cg3,3,101,10485760,20480,9.632111e-06
128,8,qpsk,-8.000000e+00,cg4,4,99,10485760,20480,9.441376e-06
128,8,qpsk,-8.000000e+00,cg8,8,100,10485760,20480,9.536743e-06
128,8,qpsk,-7.000000e+00,zf,,8,10485760,20480,7.629395e-07
128,8,qpsk,-7.000000e+00,mmse,,7,10485760,20480,6.675720e-07
128,8,qpsk,-7.000000e+00,cg1,1,6491,10485760,20480,6.190300e-04
128,8,qpsk,-7.000000e+00,cg2,2,14,10485760,20480,1.335144e-06
128,8,qpsk,-7.000000e+00,cg3,3,8,10485760,20480,7.629395e-07
128,8,qpsk,-7.000000e+00,cg4,4,7,10485760,20480,6.675720e-07
128,8,qpsk,-7.000000e+00,cg8,8,7,10485760,20480,6.675720e-07
128,8,qpsk,-6.000000e+00,zf,,0,10485760,20480,0.000000e+00
128,8,qpsk,-6.000000e+00,mmse,,0,10485760,20480,0.000000e+00
128,8,qpsk,-6.000000e+00,cg1,1,3997,10485760,20480,3.811836e-04
128,8,qpsk,-6.000000e+00,cg2,2,2,10485760,20480,1.907349e-07
128,8,qpsk,-6.000000e+00,cg3,3,0,10485760,20480,0.000000e+00
128,8,qpsk,-6.000000e+00,cg4,4,0,10485760,20480,0.000000e+00
128,8,qpsk,-6.000000e+00,cg8,8,0,10485760,20480,0.000000e+00
128,8,qpsk,-5.000000e+00,zf,,0,10485760,20480,0.000000e+00
128,8,qpsk,-5.000000e+00,mmse,,0,10485760,20480,0.000000e+00
128,8,qpsk,-5.000000e+00,cg1,1,2397,10485760,20480,2.285957e-04
128,8,qpsk,-5.000000e+00,cg2,2,0,10485760,20480,0.000000e+00
128,8,qpsk,-5.000000e+00,cg3,3,0,10485760,20480,0.000000e+00
128,8,qpsk,-5.000000e+00,cg4,4,0,10485760,20480,0.000000e+00
128,8,qpsk,-5.000000e+00,cg8,8,0,10485760,20480,0.000000e+00
128,8,qpsk,-4.000000e+00,zf,,0,10485760,20480,0.000000e+00
128,8,qpsk,-4.000000e+00,mmse,,0,10485760,20480,0.000000e+00
128,8,qpsk,-4.000000e+00,cg1,1,1561,10485760,20480,1.488686e-04
128,8,qpsk,-4.000000e+00,cg2,2,0,10485760,20480,0.000000e+00
128,8,qpsk,-4.000000e+00,cg3,3,0,10485760,20480,0.000000e+00
128,8,qpsk,-4.000000e+00,cg4,4,0,10485760,20480,0.000000e+00
128,8,qpsk,-4.000000e+00,cg8,8,0,10485760,20480,0.000000e+00
128,8,qpsk,-3.000000e+00,zf,,0,10485760,20480,0.000000e+00
128,8,qpsk,-3.000000e+00,mmse,,0,10485760,20480,0.000000e+00
128,8,qpsk,-3.000000e+00,cg1,1,1029,10485760,20480,9.813309e-05
128,8,qpsk,-3.000000e+00,cg2,2,0,10485760,20480,0.000000e+00
128,8,qpsk,-3.000000e+00,cg3,3,0,10485760,20480,0.000000e+00
128,8,qpsk,-3.000000e+00,cg4,4,0,10485760,20480,0.000000e+00
128,8,qpsk,-3.000000e+00,cg8,8,0,10485760,20480,0.000000e+00
128,8,qpsk,-2.000000e+00,zf,,0,10485760,20480,0.000000e+00
128,8,qpsk,-2.000000e+00,mmse,,0,10485760,20480,0.000000e+00
128,8,qpsk,-2.000000e+00,cg1,1,791,10485760,20480,7.543564e-05
128,8,qpsk,-2.000000e+00,cg2,2,0,10485760,20480,0.000000e+00
128,8,qpsk,-2.000000e+00,cg3,3,0,10485760,20480,0.000000e+00
128,8,qpsk,-2.000000e+00,cg4,4,0,10485760,20480,0.000000e+00
128,8,qpsk,-2.000000e+00,cg8,8,0,10485760,20480,0.000000e+00
128,8,qpsk,-1.000000e+00,zf,,0,10485760,20480,0.000000e+00
128,8,qpsk,-1.000000e+00,mmse,,0,10485760,20480,0.000000e+00
128,8,qpsk,-1.000000e+00,cg1,1,537,10485760,20480,5.121231e-05
128,8,qpsk,-1.000000e+00,cg2,2,0,10485760,20480,0.000000e+00
128,8,qpsk,-1.000000e+00,cg3,3,0,10485760,20480,0.000000e+00
128,8,qpsk,-1.000000e+00,cg4,4,0,10485760,20480,0.000000e+00
128,8,qpsk,-1.000000e+00,cg8,8,0,10485760,20480,0.000000e+00
128,8,qpsk,0.000000e+00,zf,,0,10485760,20480,0.000000e+00
128,8,qpsk,0.000000e+00,mmse,,0,10485760,20480,0.000000e+00
128,8,qpsk,0.000000e+00,cg1,1,410,10485760,20480,3.910065e-05
128,8,qpsk,0.000000e+00,cg2,2,0,10485760,20480,0.000000e+00
128,8,qpsk,0.000000e+00,cg3,3,0,10485760,20480,0.000000e+00
128,8,qpsk,0.000000e+00,cg4,4,0,10485760,20480,0.000000e+00
128,8,qpsk,0.000000e+00,cg8,8,0,10485760,20480,0.000000e+00
128,8,qpsk,1.000000e+00,zf,,0,10485760,20480,0.000000e+00
128,8,qpsk,1.000000e+00,mmse,,0,10485760,20480,0.000000e+00
128,8,qpsk,1.000000e+00,cg1,1,354,10485760,20480,3.376007e-05
128,8,qpsk,1.000000e+00,cg2,2,0,10485760,20480,0.000000e+00
128,8,qpsk,1.000000e+00,cg3,3,0,10485760,20480,0.000000e+00
128,8,qpsk,1.000000e+00,cg4,4,0,10485760,20480,0.000000e+00
128,8,qpsk,1.000000e+00,cg8,8,0,10485760,20480,0.000000e+00
128,8,qpsk,2.000000e+00,zf,,0,10485760,20480,0.000000e+00
128,8,qpsk,2.000000e+00,mmse,,0,10485760,20480,0.000000e+00
128,8,qpsk,2.000000e+00,cg1,1,281,10485760,20480,2.679825e-05
128,8,qpsk,2.000000e+00,cg2,2,0,10485760,20480,0.000000e+00
128,8,qpsk,2.000000e+00,cg3,3,0,10485760,20480,0.000000e+00
128,8,qpsk,2.000000e+00,cg4,4,0,10485760,20480,0.000000e+00
128,8,qpsk,2.000000e+00,cg8,8,0,10485760,20480,0.000000e+00
128,8,qpsk,3.000000e+00,zf,,0,10485760,20480,0.000000e+00
128,8,qpsk,3.000000e+00,mmse,,0,10485760,20480,0.000000e+00
128,8,qpsk,3.000000e+00,cg1,1,249,10485760,20480,2.374649e-05
128,8,qpsk,3.000000e+00,cg2,2,0,10485760,20480,0.000000e+00
128,8,qpsk,3.000000e+00,cg3,3,0,10485760,20480,0.000000e+00
128,8,qpsk,3.000000e+00,cg4,4,0,10485760,20480,0.000000e+00
128,8,qpsk,3.000000e+00,cg8,8,0,10485760,20480,0.000000e+00
128,8,qpsk,4.000000e+00,zf,,0,10485760,20480,0.000000e+00
128,8,qpsk,4.000000e+00,mmse,,0,10485760,20480,0.000000e+00
128,8,qpsk,4.000000e+00,cg1,1,257,10485760,20480,2.450943e-05
128,8,qpsk,4.000000e+00,cg2,2,0,10485760,20480,0.000000e+00
128,8,qpsk,4.000000e+00,cg3,3,0,10485760,20480,0.000000e+00
128,8,qpsk,4.000000e+00,cg4,4,0,10485760,20480,0.000000e+00
128,8,qpsk,4.000000e+00,cg8,8,0,10485760,20480,0.000000e+00
128,8,qpsk,5.000000e+00,zf,,0,10485760,20480,0.000000e+00
128,8,qpsk,5.000000e+00,mmse,,0,10485760,20480,0.000000e+00
128,8,qpsk,5.000000e+00,cg1,1,207,10485760,20480,1.974106e-05
128,8,qpsk,5.000000e+00,cg2,2,0,10485760,20480,0.000000e+00
128,8,qpsk,5.000000e+00,cg3,3,0,10485760,20480,0.000000e+00
128,8,qpsk,5.000000e+00,cg4,4,0,10485760,20480,0.000000e+00
128,8,qpsk,5.000000e+00,cg8,8,0,10485760,20480,0.000000e+00
128,8,qpsk,6.000000e+00,zf,,0,10485760,20480,0.000000e+00
128,8,qpsk,6.000000e+00,mmse,,0,10485760,20480,0.000000e+00
128,8,qpsk,6.000000e+00,cg1,1,198,10485760,20480,1.888275e-05
128,8,qpsk,6.000000e+00,cg2,2,0,10485760,20480,0.000000e+00
128,8,qpsk,6.000000e+00,cg3,3,0,10485760,20480,0.000000e+00
128,8,qpsk,6.000000e+00,cg4,4,0,10485760,20480,0.000000e+00
128,8,qpsk,6.000000e+00,cg8,8,0,10485760,20480,0.000000e+00
128,8,qpsk,7.000000e+00,zf,,0,10485760,20480,0.000000e+00
128,8,qpsk,7.000000e+00,mmse,,0,10485760,20480,0.000000e+00
128,8,qpsk,7.000000e+00,cg1,1,189,10485760,20480,1.802444e-05
128,8,qpsk,7.000000e+00,cg2,2,0,10485760,20480,0.000000e+00
128,8,qpsk,7.000000e+00,cg3,3,0,10485760,20480,0.000000e+00
128,8,qpsk,7.000000e+00,cg4,4,0,10485760,20480,0.000000e+00
128,8,qpsk,7.000000e+00,cg8,8,0,10485760,20480,0.000000e+00
128,8,qpsk,8.000000e+00,zf,,0,10485760,20480,0.000000e+00
128,8,qpsk,8.000000e+00,mmse,,0,10485760,20480,0.000000e+00
128,8,qpsk,8.000000e+00,cg1,1,170,10485760,20480,1.621246e-05
128,8,qpsk,8.000000e+00,cg2,2,0,10485760,20480,0.000000e+00
128,8,qpsk,8.000000e+00,cg3,3,0,10485760,20480,0.000000e+00
128,8,qpsk,8.000000e+00,cg4,4,0,10485760,20480,0.000000e+00
128,8,qpsk,8.000000e+00,cg8,8,0,10485760,20480,0.000000e+00
128,8,qpsk,9.000000e+00,zf,,0,10485760,20480,0.000000e+00
128,8,qpsk,9.000000e+00,mmse,,0,10485760,20480,0.000000e+00
128,8,qpsk,9.000000e+00,cg1,1,161,10485760,20480,1.535416e-05
128,8,qpsk,9.000000e+00,cg2,2,0,10485760,20480,0.000000e+00
128,8,qpsk,9.000000e+00,cg3,3,0,10485760,20480,0.000000e+00
128,8,qpsk,9.000000e+00,cg4,4,0,10485760,20480,0.000000e+00
128,8,qpsk,9.000000e+00,cg8,8,0,10485760,20480,0.000000e+00
128,8,qpsk,1.000000e+01,zf,,0,10485760,20480,0.000000e+00
128,8,qpsk,1.000000e+01,mmse,,0,10485760,20480,0.000000e+00
128,8,qpsk,1.000000e+01,cg1,1,180,10485760,20480,1.716614e-05
128,8,qpsk,1.000000e+01,cg2,2,0,10485760,20480,0.000000e+00
128,8,qpsk,1.000000e+01,cg3,3,0,10485760,20480,0.000000e+00
128,8,qpsk,1.000000e+01,cg4,4,0,10485760,20480,0.000000e+00
128,8,qpsk,1.000000e+01,cg8,8,0,10485760,20480,0.000000e+00
128,8,qpsk,1.100000e+01,zf,,0,10485760,20480,0.000000e+00
128,8,qpsk,1.100000e+01,mmse,,0,10485760,20480,0.000000e+00
128,8,qpsk,1.100000e+01,cg1,1,152,10485760,20480,1.449585e-05
128,8,qpsk,1.100000e+01,cg2,2,0,10485760,20480,0.000000e+00
128,8,qpsk,1.100000e+01,cg3,3,0,10485760,20480,0.000000e+00
128,8,qpsk,1.100000e+01,cg4,4,0,10485760,20480,0.000000e+00
128,8,qpsk,1.100000e+01,cg8,8,0,10485760,20480,0.000000e+00
128,8,qpsk,1.200000e+01,zf,,0,10485760,20480,0.000000e+00
128,8,qpsk,1.200000e+01,mmse,,0,10485760,20480,0.000000e+00
128,8,qpsk,1.200000e+01,cg1,1,161,10485760,20480,1.535416e-05
128,8,qpsk,1.200000e+01,cg2,2,0,10485760,20480,0.000000e+00
128,8,qpsk,1.200000e+01,cg3,3,0,10485760,20480,0.000000e+00
128,8,qpsk,1.200000e+01,cg4,4,0,10485760,20480,0.000000e+00
128,8,qpsk,1.200000e+01,cg8,8,0,10485760,20480,0.000000e+00
128,8,qpsk,1.300000e+01,zf,,0,10485760,20480,0.000000e+00
128,8,qpsk,1.300000e+01,mmse,,0,10485760,20480,0.000000e+00
128,8,qpsk,1.300000e+01,cg1,1,153,10485760,20480,1.459122e-05
128,8,qpsk,1.300000e+01,cg2,2,0,10485760,20480,0.000000e+00
128,8,qpsk,1.300000e+01,cg3,3,0,10485760,20480,0.000000e+00
128,8,qpsk,1.300000e+01,cg4,4,0,10485760,20480,0.000000e+00
128,8,qpsk,1.300000e+01,cg8,8,0,10485760,20480,0.000000e+00
128,8,qpsk,1.400000e+01,zf,,0,10485760,20480,0.000000e+00
128,8,qpsk,1.400000e+01,mmse,,0,10485760,20480,0.000000e+00
128,8,qpsk,1.400000e+01,cg1,1,136,10485760,20480,1.296997e-05
128,8,qpsk,1.400000e+01,cg2,2,0,10485760,20480,0.000000e+00
128,8,qpsk,1.400000e+01,cg3,3,0,10485760,20480,0.000000e+00
128,8,qpsk,1.400000e+01,cg4,4,0,10485760,20480,0.000000e+00
128,8,qpsk,1.400000e+01,cg8,8,0,10485760,20480,0.000000e+00
128,8,qpsk,1.500000e+01,zf,,0,10485760,20480,0.000000e+00
128,8,qpsk,1.500000e+01,mmse,,0,10485760,20480,0.000000e+00
128,8,qpsk,1.500000e+01,cg1,1,160,10485760,20480,1.525879e-05
128,8,qpsk,1.500000e+01,cg2,2,0,10485760,20480,0.000000e+00
128,8,qpsk,1.500000e+01,cg3,3,0,10485760,20480,0.000000e+00
128,8,qpsk,1.500000e+01,cg4,4,0,10485760,20480,0.000000e+00
128,8,qpsk,1.500000e+01,cg8,8,0,10485760,20480,0.000000e+00
128,8,qpsk,1.600000e+01,zf,,0,10485760,20480,0.000000e+00
128,8,qpsk,1.600000e+01,mmse,,0,10485760,20480,0.000000e+00
128,8,qpsk,1.600000e+01,cg1,1,150,10485760,20480,1.430511e-05
128,8,qpsk,1.600000e+01,cg2,2,0,10485760,20480,0.000000e+00
128,8,qpsk,1.600000e+01,cg3,3,0,10485760,20480,0.000000e+00
128,8,qpsk,1.600000e+01,cg4,4,0,10485760,20480,0.000000e+00
128,8,qpsk,1.600000e+01,cg8,8,0,10485760,20480,0.000000e+00
128,8,qpsk,1.700000e+01,zf,,0,10485760,20480,0.000000e+00
128,8,qpsk,1.700000e+01,mmse,,0,10485760,20480,0.000000e+00
128,8,qpsk,1.700000e+01,cg1,1,155,10485760,20480,1.478195e-05
128,8,qpsk,1.700000e+01,cg2,2,0,10485760,20480,0.000000e+00
128,8,qpsk,1.700000e+01,cg3,3,0,10485760,20480,0.000000e+00
128,8,qpsk,1.700000e+01,cg4,4,0,10485760,20480,0.000000e+00
128,8,qpsk,1.700000e+01,cg8,8,0,10485760,20480,0.000000e+00
128,8,qpsk,1.800000e+01,zf,,0,10485760,20480,0.000000e+00
128,8,qpsk,1.800000e+01,mmse,,0,10485760,20480,0.000000e+00
128,8,qpsk,1.800000e+01,cg1,1,149,10485760,20480,1.420975e-05
128,8,qpsk,1.800000e+01,cg2,2,0,10485760,20480,0.000000e+00
128,8,qpsk,1.800000e+01,cg3,3,0,10485760,20480,0.000000e+00
128,8,qpsk,1.800000e+01,cg4,4,0,10485760,20480,0.000000e+00
128,8,qpsk,1.800000e+01,cg8,8,0,10485760,20480,0.000000e+00
128,8,qpsk,1.900000e+01,zf,,0,10485760,20480,0.000000e+00
128,8,qpsk,1.900000e+01,mmse,,0,10485760,20480,0.000000e+00
128,8,qpsk,1.900000e+01,cg1,1,169,10485760,20480,1.611710e-05
128,8,qpsk,1.900000e+01,cg2,2,0,10485760,20480,0.000000e+00
128,8,qpsk,1.900000e+01,cg3,3,0,10485760,20480,0.000000e+00
128,8,qpsk,1.900000e+01,cg4,4,0,10485760,20480,0.000000e+00
128,8,qpsk,1.900000e+01,cg8,8,0,10485760,20480,0.000000e+00
128,8,qpsk,2.000000e+01,zf,,0,10485760,20480,0.000000e+00
128,8,qpsk,2.000000e+01,mmse,,0,10485760,20480,0.000000e+00
128,8,qpsk,2.000000e+01,cg1,1,145,10485760,20480,1.382828e-05
128,8,qpsk,2.000000e+01,cg2,2,0,10485760,20480,0.000000e+00
128,8,qpsk,2.000000e+01,cg3,3,0,10485760,20480,0.000000e+00
128,8,qpsk,2.000000e+01,cg4,4,0,10485760,20480,0.000000e+00
128,8,qpsk,2.000000e+01,cg8,8,0,10485760,20480,0.000000e+00
128,16,qpsk,-2.000000e+01,zf,,151709,1048576,1024,1.446810e-01
128,16,qpsk,-2.000000e+01,mmse,,144233,1048576,1024,1.375513e-01
128,16,qpsk,-2.000000e+01,cg1,1,153276,1048576,1024,1.461754e-01
128,16,qpsk,-2.000000e+01,cg2,2,144514,1048576,1024,1.378193e-01
128,16,qpsk,-2.000000e+01,cg3,3,144249,1048576,1024,1.375666e-01
128,16,qpsk,-2.000000e+01,cg4,4,144208,1048576,1024,1.375275e-01
128,16,qpsk,-2.000000e+01,cg16,16,144233,1048576,1024,1.375513e-01
128,16,qpsk,-1.900000e+01,zf,,123182,1048576,1024,1.174755e-01
128,16,qpsk,-1.900000e+01,mmse,,116891,1048576,1024,1.114759e-01
128,16,qpsk,-1.900000e+01,cg1,1,128800,1048576,1024,1.228333e-01
128,16,qpsk,-1.900000e+01,cg2,2,117262,1048576,1024,1.118298e-01
128,16,qpsk,-1.900000e+01,cg3,3,116873,1048576,1024,1.114588e-01
128,16,qpsk,-1.900000e+01,cg4,4,116843,1048576,1024,1.114302e-01
128,16,qpsk,-1.900000e+01,cg16,16,116891,1048576,1024,1.114759e-01
128,16,qpsk,-1.800000e+01,zf,,95948,1048576,1024,9.150314e-02
128,16,qpsk,-1.800000e+01,mmse,,90984,1048576,1024,8.676910e-02
128,16,qpsk,-1.800000e+01,cg1,1,106007,1048576,1024,1.010962e-01
128,16,qpsk,-1.800000e+01,cg2,2,91747,1048576,1024,8.749676e-02
128,16,qpsk,-1.800000e+01,cg3,3,91028,1048576,1024,8.681107e-02
128,16,qpsk,-1.800000e+01,cg4,4,90996,1048576,1024,8.678055e-02
128,16,qpsk,-1.800000e+01,cg16,16,90984,1048576,1024,8.676910e-02
128,16,qpsk,-1.700000e+01,zf,,70378,1048576,1024,6.711769e-02
128,16,qpsk,-1.700000e+01,mmse,,66358,1048576,1024,6.328392e-02
128,16,qpsk,-1.700000e+01,cg1,1,84637,1048576,1024,8.071613e-02
128,16,qpsk,-1.700000e+01,cg2,2,67303,1048576,1024,6.418514e-02
128,16,qpsk,-1.700000e+01,cg3,3,66472,1048576,1024,6.339264e-02
128,16,qpsk,-1.700000e+01,cg4,4,66389,1048576,1024,6.331348e-02
128,16,qpsk,-1.700000e+01,cg16,16,66358,1048576,1024,6.328392e-02
128,16,qpsk,-1.600000e+01,zf,,48960,1048576,1024,4.669189e-02
128,16,qpsk,-1.600000e+01,mmse,,46101,1048576,1024,4.396534e-02
128,16,qpsk,-1.600000e+01,cg1,1,66830,1048576,1024,6.373405e-02
128,16,qpsk,-1.600000e+01,cg2,2,47363,1048576,1024,4.516888e-02
128,16,qpsk,-1.600000e+01,cg3,3,46153,1048576,1024,4.401493e-02
128,16,qpsk,-1.600000e+01,cg4,4,46119,1048576,1024,4.398251e-02
128,16,qpsk,-1.600000e+01,cg16,16,46101,1048576,1024,4.396534e-02
128,16,qpsk,-1.500000e+01,zf,,31467,1048576,1024,3.000927e-02
128,16,qpsk,-1.500000e+01,mmse,,29508,1048576,1024,2.814102e-02
128,16,qpsk,-1.500000e+01,cg1,1,52049,1048576,1024,4.963779e-02
128,16,qpsk,-1.500000e+01,cg2,2,30953,1048576,1024,2.951908e-02
128,16,qpsk,-1.500000e+01,cg3,3,29622,1048576,1024,2.824974e-02
128,16,qpsk,-1.500000e+01,cg4,4,29546,1048576,1024,2.817726e-02
128,16,qpsk,-1.500000e+01,cg16,16,29508,1048576,1024,2.814102e-02
128,16,qpsk,-1.400000e+01,zf,,18364,1048576,1024,1.751328e-02
128,16,qpsk,-1.400000e+01,mmse,,17323,1048576,1024,1.652050e-02
128,16,qpsk,-1.400000e+01,cg1,1,39294,1048576,1024,3.747368e-02
128,16,qpsk,-1.400000e+01,cg2,2,18833,1048576,1024,1.796055e-02
128,16,qpsk,-1.400000e+01,cg3,3,17405,1048576,1024,1.659870e-02
128,16,qpsk,-1.400000e+01,cg4,4,17334,1048576,1024,1.653099e-02
128,16,qpsk,-1.400000e+01,cg16,16,17323,1048576,1024,1.652050e-02
128,16,qpsk,-1.300000e+01,zf,,9524,1048576,1024,9.082794e-03
128,16,qpsk,-1.300000e+01,mmse,,9053,1048576,1024,8.633614e-03
128,16,qpsk,-1.300000e+01,cg1,1,29887,1048576,1024,2.850246e-02
128,16,qpsk,-1.300000e+01,cg2,2,10349,1048576,1024,9.869576e-03
128,16,qpsk,-1.300000e+01,cg3,3,9146,1048576,1024,8.722305e-03
128,16,qpsk,-1.300000e+01,cg4,4,9054,1048576,1024,8.634567e-03
128,16,qpsk,-1.300000e+01,cg16,16,9053,1048576,1024,8.633614e-03
128,16,qpsk,-1.200000e+01,zf,,4135,1048576,1024,3.943443e-03
128,16,qpsk,-1.200000e+01,mmse,,3895,1048576,1024,3.714561e-03
128,16,qpsk,-1.200000e+01,cg1,1,22392,1048576,1024,2.135468e-02
128,16,qpsk,-1.200000e+01,cg2,2,4932,1048576,1024,4.703522e-03
128,16,qpsk,-1.200000e+01,cg3,3,3945,1048576,1024,3.762245e-03
128,16,qpsk,-1.200000e+01,cg4,4,3885,1048576,1024,3.705025e-03
128,16,qpsk,-1.200000e+01,cg16,16,3895,1048576,1024,3.714561e-03
128,16,qpsk,-1.100000e+01,zf,,1575,1048576,1024,1.502037e-03
128,16,qpsk,-1.100000e+01,mmse,,1448,1048576,1024,1.380920e-03
128,16,qpsk,-1.100000e+01,cg1,1,16768,1048576,1024,1.599121e-02
128,16,qpsk,-1.100000e+01,cg2,2,2087,1048576,1024,1.990318e-03
128,16,qpsk,-1.100000e+01,cg3,3,1510,1048576,1024,1.440048e-03
128,16,qpsk,-1.100000e+01,cg4,4,1449,1048576,1024,1.381874e-03
128,16,qpsk,-1.100000e+01,cg16,16,1448,1048576,1024,1.380920e-03
128,16,qpsk,-1.000000e+01,zf,,463,1048576,1024,4.415512e-04
128,16,qpsk,-1.000000e+01,mmse,,435,1048576,1024,4.148483e-04
128,16,qpsk,-1.000000e+01,cg1,1,13231,1048576,1024,1.261806e-02
128,16,qpsk,-1.000000e+01,cg2,2,834,1048576,1024,7.953644e-04
128,16,qpsk,-1.000000e+01,cg3,3,458,1048576,1024,4.367828e-04
128,16,qpsk,-1.000000e+01,cg4,4,434,1048576,1024,4.138947e-04
128,16,qpsk,-1.000000e+01,cg16,16,435,1048576,1024,4.148483e-04
128,16,qpsk,-9.000000e+00,zf,,213,2097152,2048,1.015663e-04
128,16,qpsk,-9.000000e+00,mmse,,205,2097152,2048,9.775162e-05
128,16,qpsk,-9.000000e+00,cg1,1,19691,2097152,2048,9.389400e-03
128,16,qpsk,-9.000000e+00,cg2,2,549,2097152,2048,2.617836e-04
128,16,qpsk,-9.000000e+00,cg3,3,223,2097152,2048,1.063347e-04
128,16,qpsk,-9.000000e+00,cg4,4,205,2097152,2048,9.775162e-05
128,16,qpsk,-9.000000e+00,cg16,16,205,2097152,2048,9.775162e-05
128,16,qpsk,-8.000000e+00,zf,,115,6291456,6144,1.827876e-05
128,16,qpsk,-8.000000e+00,mmse,,104,6291456,6144,1.653035e-05
128,16,qpsk,-8.000000e+00,cg1,1,47339,6291456,6144,7.524331e-03
128,16,qpsk,-8.000000e+00,cg2,2,487,6291456,6144,7.740657e-05
128,16,qpsk,-8.000000e+00,cg3,3,127,6291456,6144,2.018611e-05
128,16,qpsk,-8.000000e+00,cg4,4,111,6291456,6144,1.764297e-05
128,16,qpsk,-8.000000e+00,cg16,16,104,6291456,6144,1.653035e-05
128,16,qpsk,-7.000000e+00,zf,,26,10485760,10240,2.479553e-06
128,16,qpsk,-7.000000e+00,mmse,,26,10485760,10240,2.479553e-06
128,16,qpsk,-7.000000e+00,cg1,1,63412,10485760,10240,6.047440e-03
128,16,qpsk,-7.000000e+00,cg2,2,210,10485760,10240,2.002716e-05
128,16,qpsk,-7.000000e+00,cg3,3,35,10485760,10240,3.337860e-06
128,16,qpsk,-7.000000e+00,cg4,4,28,10485760,10240,2.670288e-06
128,16,qpsk,-7.000000e+00,cg16,16,26,10485760,10240,2.479553e-06
128,16,qpsk,-6.000000e+00,zf,,1,10485760,10240,9.536743e-08
128,16,qpsk,-6.000000e+00,mmse,,1,10485760,10240,9.536743e-08
128,16,qpsk,-6.000000e+00,cg1,1,52095,10485760,10240,4.968166e-03
128,16,qpsk,-6.000000e+00,cg2,2,39,10485760,10240,3.719330e-06
128,16,qpsk,-6.000000e+00,cg3,3,1,10485760,10240,9.536743e-08
128,16,qpsk,-6.000000e+00,cg4,4,1,10485760,10240,9.536743e-08
128,16,qpsk,-6.000000e+00,cg16,16,1,10485760,10240,9.536743e-08
128,16,qpsk,-5.000000e+00,zf,,0,10485760,10240,0.000000e+00
128,16,qpsk,-5.000000e+00,mmse,,0,10485760,10240,0.000000e+00
128,16,qpsk,-5.000000e+00,cg1,1,44321,10485760,10240,4.226780e-03
128,16,qpsk,-5.000000e+00,cg2,2,5,10485760,10240,4.768372e-07
128,16,qpsk,-5.000000e+00,cg3,3,0,10485760,10240,0.000000e+00
128,16,qpsk,-5.000000e+00,cg4,4,0,10485760,10240,0.000000e+00
128,16,qpsk,-5.000000e+00,cg16,16,0,10485760,10240,0.000000e+00
128,16,qpsk,-4.000000e+00,zf,,0,10485760,10240,0.000000e+00
128,16,qpsk,-4.000000e+00,mmse,,0,10485760,10240,0.000000e+00
128,16,qpsk,-4.000000e+00,cg1,1,38598,10485760,10240,3.680992e-03
128,16,qpsk,-4.000000e+00,cg2,2,2,10485760,10240,1.907349e-07
128,16,qpsk,-4.000000e+00,cg3,3,0,10485760,10240,0.000000e+00
128,16,qpsk,-4.000000e+00,cg4,4,0,10485760,10240,0.000000e+00
128,16,qpsk,-4.000000e+00,cg16,16,0,10485760,10240,0.000000e+00
128,16,qpsk,-3.000000e+00,zf,,0,10485760,10240,0.000000e+00
128,16,qpsk,-3.000000e+00,mmse,,0,10485760,10240,0.000000e+00
128,16,qpsk,-3.000000e+00,cg1,1,33857,10485760,10240,3.228855e-03
128,16,qpsk,-3.000000e+00,cg2,2,0,10485760,10240,0.000000e+00
128,16,qpsk,-3.000000e+00,cg3,3,0,10485760,10240,0.000000e+00
128,16,qpsk,-3.000000e+00,cg4,4,0,10485760,10240,0.000000e+00
128,16,qpsk,-3.000000e+00,cg16,16,0,10485760,10240,0.000000e+00
128,16,qpsk,-2.000000e+00,zf,,0,10485760,10240,0.000000e+00
128,16,qpsk,-2.000000e+00,mmse,,0,10485760,10240,0.000000e+00
128,16,qpsk,-2.000000e+00,cg1,1,31045,10485760,10240,2.960682e-03
128,16,qpsk,-2.000000e+00,cg2,2,0,10485760,10240,0.000000e+00
128,16,qpsk,-2.000000e+00,cg3,3,0,10485760,10240,0.000000e+00
128,16,qpsk,-2.000000e+00,cg4,4,0,10485760,10240,0.000000e+00
128,16,qpsk,-2.000000e+00,cg16,16,0,10485760,10240,0.000000e+00
128,16,qpsk,-1.000000e+00,zf,,0,10485760,10240,0.000000e+00
128,16,qpsk,-1.000000e+00,mmse,,0,10485760,10240,0.000000e+00
128,16,qpsk,-1.000000e+00,cg1,1,28515,10485760,10240,2.719402e-03
128,16,qpsk,-1.000000e+00,cg2,2,0,10485760,10240,0.000000e+00
128,16,qpsk,-1.000000e+00,cg3,3,0,10485760,10240,0.000000e+00
128,16,qpsk,-1.000000e+00,cg4,4,0,10485760,10240,0.000000e+00
128,16,qpsk,-1.000000e+00,cg16,16,0,10485760,10240,0.000000e+00
128,16,qpsk,0.000000e+00,zf,,0,10485760,10240,0.000000e+00
128,16,qpsk,0.000000e+00,mmse,,0,10485760,10240,0.000000e+00
128,16,qpsk,0.000000e+00,cg1,1,26777,10485760,10240,2.553654e-03
128,16,qpsk,0.000000e+00,cg2,2,0,10485760,10240,0.000000e+00
128,16,qpsk,0.000000e+00,cg3,3,0,10485760,10240,0.000000e+00
128,16,qpsk,0.000000e+00,cg4,4,0,10485760,10240,0.000000e+00
128,16,qpsk,0.000000e+00,cg16,16,0,10485760,10240,0.000000e+00
128,16,qpsk,1.000000e+00,zf,,0,10485760,10240,0.000000e+00
128,16,qpsk,1.000000e+00,mmse,,0,10485760,10240,0.000000e+00
128,16,qpsk,1.000000e+00,cg1,1,25039,10485760,10240,2.387905e-03
128,16,qpsk,1.000000e+00,cg2,2,0,10485760,10240,0.000000e+00
128,16,qpsk,1.000000e+00,cg3,3,0,10485760,10240,0.000000e+00
128,16,qpsk,1.000000e+00,cg4,4,0,10485760,10240,0.000000e+00
128,16,qpsk,1.000000e+00,cg16,16,0,10485760,10240,0.000000e+00
128,16,qpsk,2.000000e+00,zf,,0,10485760,10240,0.000000e+00
128,16,qpsk,2.000000e+00,mmse,,0,10485760,10240,0.000000e+00
128,16,qpsk,2.000000e+00,cg1,1,23961,10485760,10240,2.285099e-03
128,16,qpsk,2.000000e+00,cg2,2,0,10485760,10240,0.000000e+00
128,16,qpsk,2.000000e+00,cg3,3,0,10485760,10240,0.000000e+00
128,16,qpsk,2.000000e+00,cg4,4,0,10485760,10240,0.000000e+00
128,16,qpsk,2.000000e+00,cg16,16,0,10485760,10240,0.000000e+00
128,16,qpsk,3.000000e+00,zf,,0,10485760,10240,0.000000e+00
128,16,qpsk,3.000000e+00,mmse,,0,10485760,10240,0.000000e+00
128,16,qpsk,3.000000e+00,cg1,1,22958,10485760,10240,2.189445e-03
128,16,qpsk,3.000000e+00,cg2,2,0,10485760,10240,0.000000e+00
128,16,qpsk,3.000000e+00,cg3,3,0,10485760,10240,0.000000e+00
128,16,qpsk,3.000000e+00,cg4,4,0,10485760,10240,0.000000e+00
128,16,qpsk,3.000000e+00,cg16,16,0,10485760,10240,0.000000e+00
128,16,qpsk,4.000000e+00,zf,,0,10485760,10240,0.000000e+00
128,16,qpsk,4.000000e+00,mmse,,0,10485760,10240,0.000000e+00
128,16,qpsk,4.000000e+00,cg1,1,22331,10485760,10240,2.129650e-03
128,16,qpsk,4.000000e+00,cg2,2,0,10485760,10240,0.000000e+00
128,16,qpsk,4.000000e+00,cg3,3,0,10485760,10240,0.000000e+00
128,16,qpsk,4.000000e+00,cg4,4,0,10485760,10240,0.000000e+00
128,16,qpsk,4.000000e+00,cg16,16,0,10485760,10240,0.000000e+00
128,16,qpsk,5.000000e+00,zf,,0,10485760,10240,0.000000e+00
128,16,qpsk,5.000000e+00,mmse,,0,10485760,10240,0.000000e+00
128,16,qpsk,5.000000e+00,cg1,1,22154,10485760,10240,2.112770e-03
128,16,qpsk,5.000000e+00,cg2,2,0,10485760,10240,0.000000e+00
128,16,qpsk,5.000000e+00,cg3,3,0,10485760,10240,0.000000e+00
128,16,qpsk,5.000000e+00,cg4,4,0,10485760,10240,0.000000e+00
128,16,qpsk,5.000000e+00,cg16,16,0,10485760,10240,0.000000e+00
128,16,qpsk,6.000000e+00,zf,,0,10485760,10240,0.000000e+00
128,16,qpsk,6.000000e+00,mmse,,0,10485760,10240,0.000000e+00
128,16,qpsk,6.000000e+00,cg1,1,21700,10485760,10240,2.069473e-03
128,16,qpsk,6.000000e+00,cg2,2,0,10485760,10240,0.000000e+00
128,16,qpsk,6.000000e+00,cg3,3,0,10485760,10240,0.000000e+00
128,16,qpsk,6.000000e+00,cg4,4,0,10485760,10240,0.000000e+00
128,16,qpsk,6.000000e+00,cg16,16,0,10485760,10240,0.000000e+00
128,16,qpsk,7.000000e+00,zf,,0,10485760,10240,0.000000e+00
128,16,qpsk,7.000000e+00,mmse,,0,10485760,10240,0.000000e+00
128,16,qpsk,7.000000e+00,cg1,1,21033,10485760,10240,2.005863e-03
128,16,qpsk,7.000000e+00,cg2,2,0,10485760,10240,0.000000e+00
128,16,qpsk,7.000000e+00,cg3,3,0,10485760,10240,0.000000e+00
128,16,qpsk,7.000000e+00,cg4,4,0,10485760,10240,0.000000e+00
128,16,qpsk,7.000000e+00,cg16,16,0,10485760,10240,0.000000e+00
128,16,qpsk,8.000000e+00,zf,,0,10485760,10240,0.000000e+00
128,16,qpsk,8.000000e+00,mmse,,0,10485760,10240,0.000000e+00
128,16,qpsk,8.000000e+00,cg1,1,20751,10485760,10240,1.978970e-03
128,16,qpsk,8.000000e+00,cg2,2,0,10485760,10240,0.000000e+00
128,16,qpsk,8.000000e+00,cg3,3,0,10485760,10240,0.000000e+00
128,16,qpsk,8.000000e+00,cg4,4,0,10485760,10240,0.000000e+00
128,16,qpsk,8.000000e+00,cg16,16,0,10485760,10240,0.000000e+00
128,16,qpsk,9.000000e+00,zf,,0,10485760,10240,0.000000e+00
128,16,qpsk,9.000000e+00,mmse,,0,10485760,10240,0.000000e+00
128,16,qpsk,9.000000e+00,cg1,1,20517,10485760,10240,1.956654e-03
128,16,qpsk,9.000000e+00,cg2,2,0,10485760,10240,0.000000e+00
128,16,qpsk,9.000000e+00,cg3,3,0,10485760,10240,0.000000e+00
128,16,qpsk,9.000000e+00,cg4,4,0,10485760,10240,0.000000e+00
128,16,qpsk,9.000000e+00,cg16,16,0,10485760,10240,0.000000e+00
128,16,qpsk,1.000000e+01,zf,,0,10485760,10240,0.000000e+00
128,16,qpsk,1.000000e+01,mmse,,0,10485760,10240,0.000000e+00
128,16,qpsk,1.000000e+01,cg1,1,20770,10485760,10240,1.980782e-03
128,16,qpsk,1.000000e+01,cg2,2,0,10485760,10240,0.000000e+00
128,16,qpsk,1.000000e+01,cg3,3,0,10485760,10240,0.000000e+00
128,16,qpsk,1.000000e+01,cg4,4,0,10485760,10240,0.000000e+00
128,16,qpsk,1.000000e+01,cg16,16,0,10485760,10240,0.000000e+00
128,16,qpsk,1.100000e+01,zf,,0,10485760,10240,0.000000e+00
128,16,qpsk,1.100000e+01,mmse,,0,10485760,10240,0.000000e+00
128,16,qpsk,1.100000e+01,cg1,1,20404,10485760,10240,1.945877e-03
128,16,qpsk,1.100000e+01,cg2,2,0,10485760,10240,0.000000e+00
128,16,qpsk,1.100000e+01,cg3,3,0,10485760,10240,0.000000e+00
128,16,qpsk,1.100000e+01,cg4,4,0,10485760,10240,0.000000e+00
128,16,qpsk,1.100000e+01,cg16,16,0,10485760,10240,0.000000e+00
128,16,qpsk,1.200000e+01,zf,,0,10485760,10240,0.000000e+00
128,16,qpsk,1.200000e+01,mmse,,0,10485760,10240,0.000000e+00
128,16,qpsk,1.200000e+01,cg1,1,20349,10485760,10240,1.940632e-03
128,16,qpsk,1.200000e+01,cg2,2,0,10485760,10240,0.000000e+00
128,16,qpsk,1.200000e+01,cg3,3,0,10485760,10240,0.000000e+00
128,16,qpsk,1.200000e+01,cg4,4,0,10485760,10240,0.000000e+00
128,16,qpsk,1.200000e+01,cg16,16,0,10485760,10240,0.000000e+00
128,16,qpsk,1.300000e+01,zf,,0,10485760,10240,0.000000e+00
128,16,qpsk,1.300000e+01,mmse,,0,10485760,10240,0.000000e+00
128,16,qpsk,1.300000e+01,cg1,1,20255,10485760,10240,1.931667e-03
128,16,qpsk,1.300000e+01,cg2,2,0,10485760,10240,0.000000e+00
128,16,qpsk,1.300000e+01,cg3,3,0,10485760,10240,0.000000e+00
128,16,qpsk,1.300000e+01,cg4,4,0,10485760,10240,0.000000e+00
128,16,qpsk,1.300000e+01,cg16,16,0,10485760,10240,0.000000e+00
128,16,qpsk,1.400000e+01,zf,,0,10485760,10240,0.000000e+00
128,16,qpsk,1.400000e+01,mmse,,0,10485760,10240,0.000000e+00
128,16,qpsk,1.400000e+01,cg1,1,20195,10485760,10240,1.925945e-03
128,16,qpsk,1.400000e+01,cg2,2,0,10485760,10240,0.000000e+00
128,16,qpsk,1.400000e+01,cg3,3,0,10485760,10240,0.000000e+00
128,16,qpsk,1.400000e+01,cg4,4,0,10485760,10240,0.000000e+00
128,16,qpsk,1.400000e+01,cg16,16,0,10485760,10240,0.000000e+00
128,16,qpsk,1.500000e+01,zf,,0,10485760,10240,0.000000e+00
128,16,qpsk,1.500000e+01,mmse,,0,10485760,10240,0.000000e+00
128,16,qpsk,1.500000e+01,cg1,1,19932,10485760,10240,1.900864e-03
128,16,qpsk,1.500000e+01,cg2,2,0,10485760,10240,0.000000e+00
128,16,qpsk,1.500000e+01,cg3,3,0,10485760,10240,0.000000e+00
128,16,qpsk,1.500000e+01,cg4,4,0,10485760,10240,0.000000e+00
128,16,qpsk,1.500000e+01,cg16,16,0,10485760,10240,0.000000e+00
128,16,qpsk,1.600000e+01,zf,,0,10485760,10240,0.000000e+00
128,16,qpsk,1.600000e+01,mmse,,0,10485760,10240,0.000000e+00
128,16,qpsk,1.600000e+01,cg1,1,20289,10485760,10240,1.934910e-03
128,16,qpsk,1.600000e+01,cg2,2,0,10485760,10240,0.000000e+00
128,16,qpsk,1.600000e+01,cg3,3,0,10485760,10240,0.000000e+00
128,16,qpsk,1.600000e+01,cg4,4,0,10485760,10240,0.000000e+00
128,16,qpsk,1.600000e+01,cg16,16,0,10485760,10240,0.000000e+00
128,16,qpsk,1.700000e+01,zf,,0,10485760,10240,0.000000e+00
128,16,qpsk,1.700000e+01,mmse,,0,10485760,10240,0.000000e+00
128,16,qpsk,1.700000e+01,cg1,1,20254,10485760,10240,1.931572e-03
128,16,qpsk,1.700000e+01,cg2,2,0,10485760,10240,0.000000e+00
128,16,qpsk,1.700000e+01,cg3,3,0,10485760,10240,0.000000e+00
128,16,qpsk,1.700000e+01,cg4,4,0,10485760,10240,0.000000e+00
128,16,qpsk,1.700000e+01,cg16,16,0,10485760,10240,0.000000e+00
128,16,qpsk,1.800000e+01,zf,,0,10485760,10240,0.000000e+00
128,16,qpsk,1.800000e+01,mmse,,0,10485760,10240,0.000000e+00
128,16,qpsk,1.800000e+01,cg1,1,19842,10485760,10240,1.892281e-03
128,16,qpsk,1.800000e+01,cg2,2,0,10485760,10240,0.000000e+00
128,16,qpsk,1.800000e+01,cg3,3,0,10485760,10240,0.000000e+00
128,16,qpsk,1.800000e+01,cg4,4,0,10485760,10240,0.000000e+00
128,16,qpsk,1.800000e+01,cg16,16,0,10485760,10240,0.000000e+00
128,16,qpsk,1.900000e+01,zf,,0,10485760,10240,0.000000e+00
128,16,qpsk,1.900000e+01,mmse,,0,10485760,10240,0.000000e+00
128,16,qpsk,1.900000e+01,cg1,1,19997,10485760,10240,1.907063e-03
128,16,qpsk,1.900000e+01,cg2,2,0,10485760,10240,0.000000e+00
128,16,qpsk,1.900000e+01,cg3,3,0,10485760,10240,0.000000e+00
128,16,qpsk,1.900000e+01,cg4,4,0,10485760,10240,0.000000e+00
128,16,qpsk,1.900000e+01,cg16,16,0,10485760,10240,0.000000e+00
128,16,qpsk,2.000000e+01,zf,,0,10485760,10240,0.000000e+00
128,16,qpsk,2.000000e+01,mmse,,0,10485760,10240,0.000000e+00
128,16,qpsk,2.000000e+01,cg1,1,19923,10485760,10240,1.900005e-03
128,16,qpsk,2.000000e+01,cg2,2,0,10485760,10240,0.000000e+00
128,16,qpsk,2.000000e+01,cg3,3,0,10485760,10240,0.000000e+00
128,16,qpsk,2.000000e+01,cg4,4,0,10485760,10240,0.000000e+00
128,16,qpsk,2.000000e+01,cg16,16,0,10485760,10240,0.000000e+00
32,4,16qam,-2.000000e+01,zf,,412165,1048576,2048,3.930712e-01
32,4,16qam,-2.000000e+01,mmse,,407150,1048576,2048,3.882885e-01
32,4,16qam,-2.000000e+01,cg1,1,407346,1048576,2048,3.884754e-01
32,4,16qam,-2.000000e+01,cg2,2,407087,1048576,2048,3.882284e-01
32,4,16qam,-2.000000e+01,cg3,3,407158,1048576,2048,3.882961e-01
32,4,16qam,-2.000000e+01,cg4,4,407150,1048576,2048,3.882885e-01
32,4,16qam,-1.900000e+01,zf,,395914,1048576,2048,3.775730e-01
32,4,16qam,-1.900000e+01,mmse,,390693,1048576,2048,3.725939e-01
32,4,16qam,-1.900000e+01,cg1,1,391180,1048576,2048,3.730583e-01
32,4,16qam,-1.900000e+01,cg2,2,390679,1048576,2048,3.725805e-01
32,4,16qam,-1.900000e+01,cg3,3,390708,1048576,2048,3.726082e-01
32,4,16qam,-1.900000e+01,cg4,4,390693,1048576,2048,3.725939e-01
32,4,16qam,-1.800000e+01,zf,,378945,1048576,2048,3.613901e-01
32,4,16qam,-1.800000e+01,mmse,,373387,1048576,2048,3.560896e-01
32,4,16qam,-1.800000e+01,cg1,1,374584,1048576,2048,3.572311e-01
32,4,16qam,-1.800000e+01,cg2,2,373455,1048576,2048,3.561544e-01
32,4,16qam,-1.800000e+01,cg3,3,373396,1048576,2048,3.560982e-01
32,4,16qam,-1.800000e+01,cg4,4,373387,1048576,2048,3.560896e-01
32,4,16qam,-1.700000e+01,zf,,358621,1048576,2048,3.420076e-01
32,4,16qam,-1.700000e+01,mmse,,352397,1048576,2048,3.360720e-01
32,4,16qam,-1.700000e+01,cg1,1,353593,1048576,2048,3.372126e-01
32,4,16qam,-1.700000e+01,cg2,2,352297,1048576,2048,3.359766e-01
32,4,16qam,-1.700000e+01,cg3,3,352367,1048576,2048,3.360434e-01
32,4,16qam,-1.700000e+01,cg4,4,352397,1048576,2048,3.360720e-01
32,4,16qam,-1.600000e+01,zf,,336567,1048576,2048,3.209753e-01
32,4,16qam,-1.600000e+01,mmse,,330504,1048576,2048,3.151932e-01
32,4,16qam,-1.600000e+01,cg1,1,332852,1048576,2048,3.174324e-01
32,4,16qam,-1.600000e+01,cg2,2,330652,1048576,2048,3.153343e-01
32,4,16qam,-1.600000e+01,cg3,3,330510,1048576,2048,3.151989e-01
32,4,16qam,-1.600000e+01,cg4,4,330504,1048576,2048,3.151932e-01
32,4,16qam,-1.500000e+01,zf,,312893,1048576,2048,2.983980e-01
32,4,16qam,-1.500000e+01,mmse,,306938,1048576,2048,2.927189e-01
32,4,16qam,-1.500000e+01,cg1,1,310342,1048576,2048,2.959652e-01
32,4,16qam,-1.500000e+01,cg2,2,306969,1048576,2048,2.927485e-01
32,4,16qam,-1.500000e+01,cg3,3,306924,1048576,2048,2.927055e-01
32,4,16qam,-1.500000e+01,cg4,4,306938,1048576,2048,2.927189e-01
32,4,16qam,-1.400000e+01,zf,,286102,1048576,2048,2.728481e-01
32,4,16qam,-1.400000e+01,mmse,,280940,1048576,2048,2.679253e-01
32,4,16qam,-1.400000e+01,cg1,1,285843,1048576,2048,2.726011e-01
32,4,16qam,-1.400000e+01,cg2,2,280926,1048576,2048,2.679119e-01
32,4,16qam,-1.400000e+01,cg3,3,280925,1048576,2048,2.679110e-01
32,4,16qam,-1.400000e+01,cg4,4,280940,1048576,2048,2.679253e-01
32,4,16qam,-1.300000e+01,zf,,260434,1048576,2048,2.483692e-01
32,4,16qam,-1.300000e+01,mmse,,255974,1048576,2048,2.441158e-01
32,4,16qam,-1.300000e+01,cg1,1,263237,1048576,2048,2.510424e-01
32,4,16qam,-1.300000e+01,cg2,2,256130,1048576,2048,2.442646e-01
32,4,16qam,-1.300000e+01,cg3,3,255962,1048576,2048,2.441044e-01
32,4,16qam,-1.300000e+01,cg4,4,255974,1048576,2048,2.441158e-01
32,4,16qam,-1.200000e+01,zf,,234654,1048576,2048,2.237835e-01
32,4,16qam,-1.200000e+01,mmse,,230744,1048576,2048,2.200546e-01
32,4,16qam,-1.200000e+01,cg1,1,240974,1048576,2048,2.298107e-01
32,4,16qam,-1.200000e+01,cg2,2,230930,1048576,2048,2.202320e-01
32,4,16qam,-1.200000e+01,cg3,3,230749,1048576,2048,2.200594e-01
32,4,16qam,-1.200000e+01,cg4,4,230744,1048576,2048,2.200546e-01
32,4,16qam,-1.100000e+01,zf,,208493,1048576,2048,1.988344e-01
32,4,16qam,-1.100000e+01,mmse,,205096,1048576,2048,1.955948e-01
32,4,16qam,-1.100000e+01,cg1,1,219307,1048576,2048,2.091475e-01
32,4,16qam,-1.100000e+01,cg2,2,205469,1048576,2048,1.959505e-01
32,4,16qam,-1.100000e+01,cg3,3,205062,1048576,2048,1.955624e-01
32,4,16qam,-1.100000e+01,cg4,4,205096,1048576,2048,1.955948e-01
32,4,16qam,-1.000000e+01,zf,,183251,1048576,2048,1.747618e-01
32,4,16qam,-1.000000e+01,mmse,,180331,1048576,2048,1.719770e-01
32,4,16qam,-1.000000e+01,cg1,1,199365,1048576,2048,1.901293e-01
32,4,16qam,-1.000000e+01,cg2,2,180735,1048576,2048,1.723623e-01
32,4,16qam,-1.000000e+01,cg3,3,180383,1048576,2048,1.720266e-01
32,4,16qam,-1.000000e+01,cg4,4,180331,1048576,2048,1.719770e-01
32,4,16qam,-9.000000e+00,zf,,158804,1048576,2048,1.514473e-01
32,4,16qam,-9.000000e+00,mmse,,156477,1048576,2048,1.492281e-01
32,4,16qam,-9.000000e+00,cg1,1,181088,1048576,2048,1.726990e-01
32,4,16qam,-9.000000e+00,cg2,2,157591,1048576,2048,1.502905e-01
32,4,16qam,-9.000000e+00,cg3,3,156597,1048576,2048,1.493425e-01
32,4,16qam,-9.000000e+00,cg4,4,156477,1048576,2048,1.492281e-01
32,4,16qam,-8.000000e+00,zf,,135920,1048576,2048,1.296234e-01
32,4,16qam,-8.000000e+00,mmse,,133983,1048576,2048,1.277761e-01
32,4,16qam,-8.000000e+00,cg1,1,165575,1048576,2048,1.579046e-01
32,4,16qam,-8.000000e+00,cg2,2,135382,1048576,2048,1.291103e-01
32,4,16qam,-8.000000e+00,cg3,3,133963,1048576,2048,1.277571e-01
32,4,16qam,-8.000000e+00,cg4,4,133983,1048576,2048,1.277761e-01
32,4,16qam,-7.000000e+00,zf,,113097,1048576,2048,1.078577e-01
32,4,16qam,-7.000000e+00,mmse,,111747,1048576,2048,1.065702e-01
32,4,16qam,-7.000000e+00,cg1,1,151449,1048576,2048,1.444330e-01
32,4,16qam,-7.000000e+00,cg2,2,113968,1048576,2048,1.086884e-01
32,4,16qam,-7.000000e+00,cg3,3,111893,1048576,2048,1.067095e-01
32,4,16qam,-7.000000e+00,cg4,4,111747,1048576,2048,1.065702e-01
32,4,16qam,-6.000000e+00,zf,,91246,1048576,2048,8.701897e-02
32,4,16qam,-6.000000e+00,mmse,,90076,1048576,2048,8.590317e-02
32,4,16qam,-6.000000e+00,cg1,1,138319,1048576,2048,1.319113e-01
32,4,16qam,-6.000000e+00,cg2,2,92603,1048576,2048,8.831310e-02
32,4,16qam,-6.000000e+00,cg3,3,90137,1048576,2048,8.596134e-02
32,4,16qam,-6.000000e+00,cg4,4,90076,1048576,2048,8.590317e-02
32,4,16qam,-5.000000e+00,zf,,70554,1048576,2048,6.728554e-02
32,4,16qam,-5.000000e+00,mmse,,69816,1048576,2048,6.658173e-02
32,4,16qam,-5.000000e+00,cg1,1,125475,1048576,2048,1.196623e-01
32,4,16qam,-5.000000e+00,cg2,2,73192,1048576,2048,6.980133e-02
32,4,16qam,-5.000000e+00,cg3,3,69885,1048576,2048,6.664753e-02
32,4,16qam,-5.000000e+00,cg4,4,69816,1048576,2048,6.658173e-02
32,4,16qam,-4.000000e+00,zf,,52961,1048576,2048,5.050755e-02
32,4,16qam,-4.000000e+00,mmse,,52373,1048576,2048,4.994678e-02
32,4,16qam,-4.000000e+00,cg1,1,117882,1048576,2048,1.124210e-01
32,4,16qam,-4.000000e+00,cg2,2,56594,1048576,2048,5.397224e-02
32,4,16qam,-4.000000e+00,cg3,3,52498,1048576,2048,5.006599e-02
32,4,16qam,-4.000000e+00,cg4,4,52373,1048576,2048,4.994678e-02
32,4,16qam,-3.000000e+00,zf,,36517,1048576,2048,3.482533e-02
32,4,16qam,-3.000000e+00,mmse,,36090,1048576,2048,3.441811e-02
32,4,16qam,-3.000000e+00,cg1,1,107497,1048576,2048,1.025171e-01
32,4,16qam,-3.000000e+00,cg2,2,40633,1048576,2048,3.875065e-02
32,4,16qam,-3.000000e+00,cg3,3,36227,1048576,2048,3.454876e-02
32,4,16qam,-3.000000e+00,cg4,4,36090,1048576,2048,3.441811e-02
32,4,16qam,-2.000000e+00,zf,,23604,1048576,2048,2.251053e-02
32,4,16qam,-2.000000e+00,mmse,,23396,1048576,2048,2.231216e-02
32,4,16qam,-2.000000e+00,cg1,1,101351,1048576,2048,9.665585e-02
32,4,16qam,-2.000000e+00,cg2,2,28327,1048576,2048,2.701473e-02
32,4,16qam,-2.000000e+00,cg3,3,23572,1048576,2048,2.248001e-02
32,4,16qam,-2.000000e+00,cg4,4,23396,1048576,2048,2.231216e-02
32,4,16qam,-1.000000e+00,zf,,14042,1048576,2048,1.339149e-02
32,4,16qam,-1.000000e+00,mmse,,13846,1048576,2048,1.320457e-02
32,4,16qam,-1.000000e+00,cg1,1,95418,1048576,2048,9.099770e-02
32,4,16qam,-1.000000e+00,cg2,2,18637,1048576,2048,1.777363e-02
32,4,16qam,-1.000000e+00,cg3,3,13948,1048576,2048,1.330185e-02
32,4,16qam,-1.000000e+00,cg4,4,13846,1048576,2048,1.320457e-02
32,4,16qam,0.000000e+00,zf,,7496,1048576,2048,7.148743e-03
32,4,16qam,0.000000e+00,mmse,,7348,1048576,2048,7.007599e-03
32,4,16qam,0.000000e+00,cg1,1,91034,1048576,2048,8.681679e-02
32,4,16qam,0.000000e+00,cg2,2,11902,1048576,2048,1.135063e-02
32,4,16qam,0.000000e+00,cg3,3,7495,1048576,2048,7.147789e-03
32,4,16qam,0.000000e+00,cg4,4,7348,1048576,2048,7.007599e-03
32,4,16qam,1.000000e+00,zf,,3558,1048576,2048,3.393173e-03
32,4,16qam,1.000000e+00,mmse,,3486,1048576,2048,3.324509e-03
32,4,16qam,1.000000e+00,cg1,1,85740,1048576,2048,8.176804e-02
32,4,16qam,1.000000e+00,cg2,2,7036,1048576,2048,6.710052e-03
32,4,16qam,1.000000e+00,cg3,3,3575,1048576,2048,3.409386e-03
32,4,16qam,1.000000e+00,cg4,4,3486,1048576,2048,3.324509e-03
32,4,16qam,2.000000e+00,zf,,1447,1048576,2048,1.379967e-03
32,4,16qam,2.000000e+00,mmse,,1440,1048576,2048,1.373291e-03
32,4,16qam,2.000000e+00,cg1,1,83375,1048576,2048,7.951260e-02
32,4,16qam,2.000000e+00,cg2,2,4292,1048576,2048,4.093170e-03
32,4,16qam,2.000000e+00,cg3,3,1496,1048576,2048,1.426697e-03
32,4,16qam,2.000000e+00,cg4,4,1440,1048576,2048,1.373291e-03
32,4,16qam,3.000000e+00,zf,,462,1048576,2048,4.405975e-04
32,4,16qam,3.000000e+00,mmse,,452,1048576,2048,4.310608e-04
32,4,16qam,3.000000e+00,cg1,1,80587,1048576,2048,7.685375e-02
32,4,16qam,3.000000e+00,cg2,2,2372,1048576,2048,2.262115e-03
32,4,16qam,3.000000e+00,cg3,3,492,1048576,2048,4.692078e-04
32,4,16qam,3.000000e+00,cg4,4,452,1048576,2048,4.310608e-04
32,4,16qam,4.000000e+00,zf,,123,1048576,2048,1.173019e-04
32,4,16qam,4.000000e+00,mmse,,120,1048576,2048,1.144409e-04
32,4,16qam,4.000000e+00,cg1,1,79273,1048576,2048,7.560062e-02
32,4,16qam,4.000000e+00,cg2,2,1515,1048576,2048,1.444817e-03
32,4,16qam,4.000000e+00,cg3,3,138,1048576,2048,1.316071e-04
32,4,16qam,4.000000e+00,cg4,4,120,1048576,2048,1.144409e-04
32,4,16qam,5.000000e+00,zf,,124,4194304,8192,2.956390e-05
32,4,16qam,5.000000e+00,mmse,,127,4194304,8192,3.027916e-05
32,4,16qam,5.000000e+00,cg1,1,309039,4194304,8192,7.368064e-02
32,4,16qam,5.000000e+00,cg2,2,3744,4194304,8192,8.926392e-04
32,4,16qam,5.000000e+00,cg3,3,154,4194304,8192,3.671646e-05
32,4,16qam,5.000000e+00,cg4,4,127,4194304,8192,3.027916e-05
32,4,16qam,6.000000e+00,zf,,48,10485760,20480,4.577637e-06
32,4,16qam,6.000000e+00,mmse,,49,10485760,20480,4.673004e-06
32,4,16qam,6.000000e+00,cg1,1,757117,10485760,20480,7.220430e-02
32,4,16qam,6.000000e+00,cg2,2,6676,10485760,20480,6.366730e-04
32,4,16qam,6.000000e+00,cg3,3,74,10485760,20480,7.057190e-06
32,4,16qam,6.000000e+00,cg4,4,49,10485760,20480,4.673004e-06
32,4,16qam,7.000000e+00,zf,,8,10485760,20480,7.629395e-07
32,4,16qam,7.000000e+00,mmse,,8,10485760,20480,7.629395e-07
32,4,16qam,7.000000e+00,cg1,1,746625,10485760,20480,7.120371e-02
32,4,16qam,7.000000e+00,cg2,2,5118,10485760,20480,4.880905e-04
32,4,16qam,7.000000e+00,cg3,3,15,10485760,20480,1.430511e-06
32,4,16qam,7.000000e+00,cg4,4,8,10485760,20480,7.629395e-07
32,4,16qam,8.000000e+00,zf,,2,10485760,20480,1.907349e-07
32,4,16qam,8.000000e+00,mmse,,2,10485760,20480,1.907349e-07
32,4,16qam,8.000000e+00,cg1,1,741012,10485760,20480,7.066841e-02
32,4,16qam,8.000000e+00,cg2,2,3863,10485760,20480,3.684044e-04
32,4,16qam,8.000000e+00,cg3,3,3,10485760,20480,2.861023e-07
32,4,16qam,8.000000e+00,cg4,4,2,10485760,20480,1.907349e-07
32,4,16qam,9.000000e+00,zf,,0,10485760,20480,0.000000e+00
32,4,16qam,9.000000e+00,mmse,,0,10485760,20480,0.000000e+00
32,4,16qam,9.000000e+00,cg1,1,731861,10485760,20480,6.979570e-02
32,4,16qam,9.000000e+00,cg2,2,3116,10485760,20480,2.971649e-04
32,4,16qam,9.000000e+00,cg3,3,0,10485760,20480,0.000000e+00
32,4,16qam,9.000000e+00,cg4,4,0,10485760,20480,0.000000e+00
32,4,16qam,1.000000e+01,zf,,0,10485760,20480,0.000000e+00
32,4,16qam,1.000000e+01,mmse,,0,10485760,20480,0.000000e+00
32,4,16qam,1.000000e+01,cg1,1,725995,10485760,20480,6.923628e-02
32,4,16qam,1.000000e+01,cg2,2,2692,10485760,20480,2.567291e-04
32,4,16qam,1.000000e+01,cg3,3,1,10485760,20480,9.536743e-08
32,4,16qam,1.000000e+01,cg4,4,0,10485760,20480,0.000000e+00
32,4,16qam,1.100000e+01,zf,,0,10485760,20480,0.000000e+00
32,4,16qam,1.100000e+01,mmse,,0,10485760,20480,0.000000e+00
32,4,16qam,1.100000e+01,cg1,1,726292,10485760,20480,6.926460e-02
32,4,16qam,1.100000e+01,cg2,2,2425,10485760,20480,2.312660e-04
32,4,16qam,1.100000e+01,cg3,3,0,10485760,20480,0.000000e+00
32,4,16qam,1.100000e+01,cg4,4,0,10485760,20480,0.000000e+00
32,4,16qam,1.200000e+01,zf,,0,10485760,20480,0.000000e+00
32,4,16qam,1.200000e+01,mmse,,0,10485760,20480,0.000000e+00
32,4,16qam,1.200000e+01,cg1,1,719120,10485760,20480,6.858063e-02
32,4,16qam,1.200000e+01,cg2,2,2258,10485760,20480,2.153397e-04
32,4,16qam,1.200000e+01,cg3,3,0,10485760,20480,0.000000e+00
32,4,16qam,1.200000e+01,cg4,4,0,10485760,20480,0.000000e+00
32,4,16qam,1.300000e+01,zf,,0,10485760,20480,0.000000e+00
32,4,16qam,1.300000e+01,mmse,,0,10485760,20480,0.000000e+00
32,4,16qam,1.300000e+01,cg1,1,718122,10485760,20480,6.848545e-02
32,4,16qam,1.300000e+01,cg2,2,2064,10485760,20480,1.968384e-04
32,4,16qam,1.300000e+01,cg3,3,0,10485760,20480,0.000000e+00
32,4,16qam,1.300000e+01,cg4,4,0,10485760,20480,0.000000e+00
32,4,16qam,1.400000e+01,zf,,0,10485760,20480,0.000000e+00
32,4,16qam,1.400000e+01,mmse,,0,10485760,20480,0.000000e+00
32,4,16qam,1.400000e+01,cg1,1,714329,10485760,20480,6.812372e-02
32,4,16qam,1.400000e+01,cg2,2,1765,10485760,20480,1.683235e-04
32,4,16qam,1.400000e+01,cg3,3,0,10485760,20480,0.000000e+00
32,4,16qam,1.400000e+01,cg4,4,0,10485760,20480,0.000000e+00
32,4,16qam,1.500000e+01,zf,,0,10485760,20480,0.000000e+00
32,4,16qam,1.500000e+01,mmse,,0,10485760,20480,0.000000e+00
32,4,16qam,1.500000e+01,cg1,1,709526,10485760,20480,6.766567e-02
32,4,16qam,1.500000e+01,cg2,2,1804,10485760,20480,1.720428e-04
32,4,16qam,1.500000e+01,cg3,3,0,10485760,20480,0.000000e+00
32,4,16qam,1.500000e+01,cg4,4,0,10485760,20480,0.000000e+00
32,4,16qam,1.600000e+01,zf,,0,10485760,20480,0.000000e+00
32,4,16qam,1.600000e+01,mmse,,0,10485760,20480,0.000000e+00
32,4,16qam,1.600000e+01,cg1,1,717108,10485760,20480,6.838875e-02
32,4,16qam,1.600000e+01,cg2,2,1597,10485760,20480,1.523018e-04
32,4,16qam,1.600000e+01,cg3,3,0,10485760,20480,0.000000e+00
32,4,16qam,1.600000e+01,cg4,4,0,10485760,20480,0.000000e+00
32,4,16qam,1.700000e+01,zf,,0,10485760,20480,0.000000e+00
32,4,16qam,1.700000e+01,mmse,,0,10485760,20480,0.000000e+00
32,4,16qam,1.700000e+01,cg1,1,710301,10485760,20480,6.773958e-02
32,4,16qam,1.700000e+01,cg2,2,1521,10485760,20480,1.450539e-04
32,4,16qam,1.700000e+01,cg3,3,0,10485760,20480,0.000000e+00
32,4,16qam,1.700000e+01,cg4,4,0,10485760,20480,0.000000e+00
32,4,16qam,1.800000e+01,zf,,0,10485760,20480,0.000000e+00
32,4,16qam,1.800000e+01,mmse,,0,10485760,20480,0.000000e+00
32,4,16qam,1.800000e+01,cg1,1,709532,10485760,20480,6.766624e-02
32,4,16qam,1.800000e+01,cg2,2,1564,10485760,20480,1.491547e-04
32,4,16qam,1.800000e+01,cg3,3,0,10485760,20480,0.000000e+00
32,4,16qam,1.800000e+01,cg4,4,0,10485760,20480,0.000000e+00
32,4,16qam,1.900000e+01,zf,,0,10485760,20480,0.000000e+00
32,4,16qam,1.900000e+01,mmse,,0,10485760,20480,0.000000e+00
32,4,16qam,1.900000e+01,cg1,1,711026,10485760,20480,6.780872e-02
32,4,16qam,1.900000e+01,cg2,2,1509,10485760,20480,1.439095e-04
32,4,16qam,1.900000e+01,cg3,3,0,10485760,20480,0.000000e+00
32,4,16qam,1.900000e+01,cg4,4,0,10485760,20480,0.000000e+00
32,4,16qam,2.000000e+01,zf,,0,10485760,20480,0.000000e+00
32,4,16qam,2.000000e+01,mmse,,0,10485760,20480,0.000000e+00
32,4,16qam,2.000000e+01,cg1,1,708982,10485760,20480,6.761379e-02
32,4,16qam,2.000000e+01,cg2,2,1702,10485760,20480,1.623154e-04
32,4,16qam,2.000000e+01,cg3,3,0,10485760,20480,0.000000e+00
32,4,16qam,2.000000e+01,cg4,4,0,10485760,20480,0.000000e+00
32,8,16qam,-2.000000e+01,zf,,421103,1048576,1024,4.015951e-01
32,8,16qam,-2.000000e+01,mmse,,408043,1048576,1024,3.891401e-01
32,8,16qam,-2.000000e+01,cg1,1,408516,1048576,1024,3.895912e-01
32,8,16qam,-2.000000e+01,cg2,2,408125,1048576,1024,3.892183e-01
32,8,16qam,-2.000000e+01,cg3,3,408028,1048576,1024,3.891258e-01
32,8,16qam,-2.000000e+01,cg4,4,408044,1048576,1024,3.891411e-01
32,8,16qam,-2.000000e+01,cg8,8,408043,1048576,1024,3.891401e-01
32,8,16qam,-1.900000e+01,zf,,406137,1048576,1024,3.873224e-01
32,8,16qam,-1.900000e+01,mmse,,393513,1048576,1024,3.752832e-01
32,8,16qam,-1.900000e+01,cg1,1,394469,1048576,1024,3.761950e-01
32,8,16qam,-1.900000e+01,cg2,2,393496,1048576,1024,3.752670e-01
32,8,16qam,-1.900000e+01,cg3,3,393536,1048576,1024,3.753052e-01
32,8,16qam,-1.900000e+01,cg4,4,393523,1048576,1024,3.752928e-01
32,8,16qam,-1.900000e+01,cg8,8,393513,1048576,1024,3.752832e-01
32,8,16qam,-1.800000e+01,zf,,389942,1048576,1024,3.718777e-01
32,8,16qam,-1.800000e+01,mmse,,376324,1048576,1024,3.588905e-01
32,8,16qam,-1.800000e+01,cg1,1,378320,1048576,1024,3.607941e-01
32,8,16qam,-1.800000e+01,cg2,2,376243,1048576,1024,3.588133e-01
32,8,16qam,-1.800000e+01,cg3,3,376314,1048576,1024,3.588810e-01
32,8,16qam,-1.800000e+01,cg4,4,376316,1048576,1024,3.588829e-01
32,8,16qam,-1.800000e+01,cg8,8,376324,1048576,1024,3.588905e-01
32,8,16qam,-1.700000e+01,zf,,370826,1048576,1024,3.536472e-01
32,8,16qam,-1.700000e+01,mmse,,356438,1048576,1024,3.399258e-01
32,8,16qam,-1.700000e+01,cg1,1,359165,1048576,1024,3.425264e-01
32,8,16qam,-1.700000e+01,cg2,2,356185,1048576,1024,3.396845e-01
32,8,16qam,-1.700000e+01,cg3,3,356390,1048576,1024,3.398800e-01
32,8,16qam,-1.700000e+01,cg4,4,356451,1048576,1024,3.399382e-01
32,8,16qam,-1.700000e+01,cg8,8,356438,1048576,1024,3.399258e-01
32,8,16qam,-1.600000e+01,zf,,350319,1048576,1024,3.340902e-01
32,8,16qam,-1.600000e+01,mmse,,335679,1048576,1024,3.201284e-01
32,8,16qam,-1.600000e+01,cg1,1,340466,1048576,1024,3.246937e-01
32,8,16qam,-1.600000e+01,cg2,2,335698,1048576,1024,3.201466e-01
32,8,16qam,-1.600000e+01,cg3,3,335685,1048576,1024,3.201342e-01
32,8,16qam,-1.600000e+01,cg4,4,335707,1048576,1024,3.201551e-01
32,8,16qam,-1.600000e+01,cg8,8,335679,1048576,1024,3.201284e-01
32,8,16qam,-1.500000e+01,zf,,329038,1048576,1024,3.137951e-01
32,8,16qam,-1.500000e+01,mmse,,313862,1048576,1024,2.993221e-01
32,8,16qam,-1.500000e+01,cg1,1,320598,1048576,1024,3.057461e-01
32,8,16qam,-1.500000e+01,cg2,2,314217,1048576,1024,2.996607e-01
32,8,16qam,-1.500000e+01,cg3,3,313956,1048576,1024,2.994118e-01
32,8,16qam,-1.500000e+01,cg4,4,313847,1048576,1024,2.993078e-01
32,8,16qam,-1.500000e+01,cg8,8,313862,1048576,1024,2.993221e-01
32,8,16qam,-1.400000e+01,zf,,304639,1048576,1024,2.905264e-01
32,8,16qam,-1.400000e+01,mmse,,290608,1048576,1024,2.771454e-01
32,8,16qam,-1.400000e+01,cg1,1,300669,1048576,1024,2.867403e-01
32,8,16qam,-1.400000e+01,cg2,2,291010,1048576,1024,2.775288e-01
32,8,16qam,-1.400000e+01,cg3,3,290625,1048576,1024,2.771616e-01
32,8,16qam,-1.400000e+01,cg4,4,290612,1048576,1024,2.771492e-01
32,8,16qam,-1.400000e+01,cg8,8,290608,1048576,1024,2.771454e-01
32,8,16qam,-1.300000e+01,zf,,278404,1048576,1024,2.655067e-01
32,8,16qam,-1.300000e+01,mmse,,265390,1048576,1024,2.530956e-01
32,8,16qam,-1.300000e+01,cg1,1,280522,1048576,1024,2.675266e-01
32,8,16qam,-1.300000e+01,cg2,2,266341,1048576,1024,2.540026e-01
32,8,16qam,-1.300000e+01,cg3,3,265462,1048576,1024,2.531643e-01
32,8,16qam,-1.300000e+01,cg4,4,265428,1048576,1024,2.531319e-01
32,8,16qam,-1.300000e+01,cg8,8,265390,1048576,1024,2.530956e-01
32,8,16qam,-1.200000e+01,zf,,252520,1048576,1024,2.408218e-01
32,8,16qam,-1.200000e+01,mmse,,240925,1048576,1024,2.297640e-01
32,8,16qam,-1.200000e+01,cg1,1,261749,1048576,1024,2.496233e-01
32,8,16qam,-1.200000e+01,cg2,2,242533,1048576,1024,2.312975e-01
32,8,16qam,-1.200000e+01,cg3,3,241015,1048576,1024,2.298498e-01
32,8,16qam,-1.200000e+01,cg4,4,240969,1048576,1024,2.298059e-01
32,8,16qam,-1.200000e+01,cg8,8,240925,1048576,1024,2.297640e-01
32,8,16qam,-1.100000e+01,zf,,225653,1048576,1024,2.151995e-01
32,8,16qam,-1.100000e+01,mmse,,215895,1048576,1024,2.058935e-01
32,8,16qam,-1.100000e+01,cg1,1,244518,1048576,1024,2.331905e-01
32,8,16qam,-1.100000e+01,cg2,2,218225,1048576,1024,2.081156e-01
32,8,16qam,-1.100000e+01,cg3,3,215978,1048576,1024,2.059727e-01
32,8,16qam,-1.100000e+01,cg4,4,215840,1048576,1024,2.058411e-01
32,8,16qam,-1.100000e+01,cg8,8,215895,1048576,1024,2.058935e-01
32,8,16qam,-1.000000e+01,zf,,199868,1048576,1024,1.906090e-01
32,8,16qam,-1.000000e+01,mmse,,191107,1048576,1024,1.822538e-01
32,8,16qam,-1.000000e+01,cg1,1,229416,1048576,1024,2.187881e-01
32,8,16qam,-1.000000e+01,cg2,2,194931,1048576,1024,1.859007e-01
32,8,16qam,-1.000000e+01,cg3,3,191236,1048576,1024,1.823769e-01
32,8,16qam,-1.000000e+01,cg4,4,191027,1048576,1024,1.821775e-01
32,8,16qam,-1.000000e+01,cg8,8,191107,1048576,1024,1.822538e-01
32,8,16qam,-9.000000e+00,zf,,174562,1048576,1024,1.664753e-01
32,8,16qam,-9.000000e+00,mmse,,168084,1048576,1024,1.602974e-01
32,8,16qam,-9.000000e+00,cg1,1,216997,1048576,1024,2.069445e-01
32,8,16qam,-9.000000e+00,cg2,2,174256,1048576,1024,1.661835e-01
32,8,16qam,-9.000000e+00,cg3,3,168757,1048576,1024,1.609392e-01
32,8,16qam,-9.000000e+00,cg4,4,168050,1048576,1024,1.602650e-01
32,8,16qam,-9.000000e+00,cg8,8,168084,1048576,1024,1.602974e-01
32,8,16qam,-8.000000e+00,zf,,151467,1048576,1024,1.444502e-01
32,8,16qam,-8.000000e+00,mmse,,145652,1048576,1024,1.389046e-01
32,8,16qam,-8.000000e+00,cg1,1,205875,1048576,1024,1.963377e-01
32,8,16qam,-8.000000e+00,cg2,2,153829,1048576,1024,1.467028e-01
32,8,16qam,-8.000000e+00,cg3,3,146384,1048576,1024,1.396027e-01
32,8,16qam,-8.000000e+00,cg4,4,145742,1048576,1024,1.389904e-01
32,8,16qam,-8.000000e+00,cg8,8,145652,1048576,1024,1.389046e-01
32,8,16qam,-7.000000e+00,zf,,128273,1048576,1024,1.223307e-01
32,8,16qam,-7.000000e+00,mmse,,123501,1048576,1024,1.177797e-01
32,8,16qam,-7.000000e+00,cg1,1,197944,1048576,1024,1.887741e-01
32,8,16qam,-7.000000e+00,cg2,2,134868,1048576,1024,1.286201e-01
32,8,16qam,-7.000000e+00,cg3,3,124694,1048576,1024,1.189175e-01
32,8,16qam,-7.000000e+00,cg4,4,123540,1048576,1024,1.178169e-01
32,8,16qam,-7.000000e+00,cg8,8,123501,1048576,1024,1.177797e-01
32,8,16qam,-6.000000e+00,zf,,105605,1048576,1024,1.007128e-01
32,8,16qam,-6.000000e+00,mmse,,102230,1048576,1024,9.749413e-02
32,8,16qam,-6.000000e+00,cg1,1,190543,1048576,1024,1.817160e-01
32,8,16qam,-6.000000e+00,cg2,2,116808,1048576,1024,1.113968e-01
32,8,16qam,-6.000000e+00,cg3,3,103861,1048576,1024,9.904957e-02
32,8,16qam,-6.000000e+00,cg4,4,102413,1048576,1024,9.766865e-02
32,8,16qam,-6.000000e+00,cg8,8,102230,1048576,1024,9.749413e-02
32,8,16qam,-5.000000e+00,zf,,84104,1048576,1024,8.020782e-02
32,8,16qam,-5.000000e+00,mmse,,81533,1048576,1024,7.775593e-02
32,8,16qam,-5.000000e+00,cg1,1,184192,1048576,1024,1.756592e-01
32,8,16qam,-5.000000e+00,cg2,2,99877,1048576,1024,9.525013e-02
32,8,16qam,-5.000000e+00,cg3,3,84138,1048576,1024,8.024025e-02
32,8,16qam,-5.000000e+00,cg4,4,81723,1048576,1024,7.793713e-02
32,8,16qam,-5.000000e+00,cg8,8,81533,1048576,1024,7.775593e-02
32,8,16qam,-4.000000e+00,zf,,65099,1048576,1024,6.208324e-02
32,8,16qam,-4.000000e+00,mmse,,63132,1048576,1024,6.020737e-02
32,8,16qam,-4.000000e+00,cg1,1,180258,1048576,1024,1.719074e-01
32,8,16qam,-4.000000e+00,cg2,2,86242,1048576,1024,8.224678e-02
32,8,16qam,-4.000000e+00,cg3,3,66723,1048576,1024,6.363201e-02
32,8,16qam,-4.000000e+00,cg4,4,63499,1048576,1024,6.055737e-02
32,8,16qam,-4.000000e+00,cg8,8,63132,1048576,1024,6.020737e-02
32,8,16qam,-3.000000e+00,zf,,47265,1048576,1024,4.507542e-02
32,8,16qam,-3.000000e+00,mmse,,45608,1048576,1024,4.349518e-02
32,8,16qam,-3.000000e+00,cg1,1,176167,1048576,1024,1.680059e-01
32,8,16qam,-3.000000e+00,cg2,2,72609,1048576,1024,6.924534e-02
32,8,16qam,-3.000000e+00,cg3,3,49886,1048576,1024,4.757500e-02
32,8,16qam,-3.000000e+00,cg4,4,46097,1048576,1024,4.396152e-02
32,8,16qam,-3.000000e+00,cg8,8,45608,1048576,1024,4.349518e-02
32,8,16qam,-2.000000e+00,zf,,32121,1048576,1024,3.063297e-02
32,8,16qam,-2.000000e+00,mmse,,31061,1048576,1024,2.962208e-02
32,8,16qam,-2.000000e+00,cg1,1,173454,1048576,1024,1.654186e-01
32,8,16qam,-2.000000e+00,cg2,2,61617,1048576,1024,5.876255e-02
32,8,16qam,-2.000000e+00,cg3,3,35777,1048576,1024,3.411961e-02
32,8,16qam,-2.000000e+00,cg4,4,31702,1048576,1024,3.023338e-02
32,8,16qam,-2.000000e+00,cg8,8,31061,1048576,1024,2.962208e-02
32,8,16qam,-1.000000e+00,zf,,20208,1048576,1024,1.927185e-02
32,8,16qam,-1.000000e+00,mmse,,19598,1048576,1024,1.869011e-02
32,8,16qam,-1.000000e+00,cg1,1,171367,1048576,1024,1.634283e-01
32,8,16qam,-1.000000e+00,cg2,2,52254,1048576,1024,4.983330e-02
32,8,16qam,-1.000000e+00,cg3,3,24564,1048576,1024,2.342606e-02
32,8,16qam,-1.000000e+00,cg4,4,20157,1048576,1024,1.922321e-02
32,8,16qam,-1.000000e+00,cg8,8,19598,1048576,1024,1.869011e-02
32,8,16qam,0.000000e+00,zf,,11875,1048576,1024,1.132488e-02
32,8,16qam,0.000000e+00,mmse,,11543,1048576,1024,1.100826e-02
32,8,16qam,0.000000e+00,cg1,1,170804,1048576,1024,1.628914e-01
32,8,16qam,0.000000e+00,cg2,2,45686,1048576,1024,4.356956e-02
32,8,16qam,0.000000e+00,cg3,3,16583,1048576,1024,1.581478e-02
32,8,16qam,0.000000e+00,cg4,4,12125,1048576,1024,1.156330e-02
32,8,16qam,0.000000e+00,cg8,8,11543,1048576,1024,1.100826e-02
32,8,16qam,1.000000e+00,zf,,6029,1048576,1024,5.749702e-03
32,8,16qam,1.000000e+00,mmse,,5842,1048576,1024,5.571365e-03
32,8,16qam,1.000000e+00,cg1,1,168402,1048576,1024,1.606007e-01
32,8,16qam,1.000000e+00,cg2,2,38601,1048576,1024,3.681278e-02
32,8,16qam,1.000000e+00,cg3,3,10393,1048576,1024,9.911537e-03
32,8,16qam,1.000000e+00,cg4,4,6442,1048576,1024,6.143570e-03
32,8,16qam,1.000000e+00,cg8,8,5842,1048576,1024,5.571365e-03
32,8,16qam,2.000000e+00,zf,,2727,1048576,1024,2.600670e-03
32,8,16qam,2.000000e+00,mmse,,2643,1048576,1024,2.520561e-03
32,8,16qam,2.000000e+00,cg1,1,167907,1048576,1024,1.601286e-01
32,8,16qam,2.000000e+00,cg2,2,34556,1048576,1024,3.295517e-02
32,8,16qam,2.000000e+00,cg3,3,6344,1048576,1024,6.050110e-03
32,8,16qam,2.000000e+00,cg4,4,3070,1048576,1024,2.927780e-03
32,8,16qam,2.000000e+00,cg8,8,2643,1048576,1024,2.520561e-03
32,8,16qam,3.000000e+00,zf,,1116,1048576,1024,1.064301e-03
32,8,16qam,3.000000e+00,mmse,,1063,1048576,1024,1.013756e-03
32,8,16qam,3.000000e+00,cg1,1,166302,1048576,1024,1.585979e-01
32,8,16qam,3.000000e+00,cg2,2,30619,1048576,1024,2.920055e-02
32,8,16qam,3.000000e+00,cg3,3,4038,1048576,1024,3.850937e-03
32,8,16qam,3.000000e+00,cg4,4,1342,1048576,1024,1.279831e-03
32,8,16qam,3.000000e+00,cg8,8,1063,1048576,1024,1.013756e-03
32,8,16qam,4.000000e+00,zf,,339,1048576,1024,3.232956e-04
32,8,16qam,4.000000e+00,mmse,,321,1048576,1024,3.061295e-04
32,8,16qam,4.000000e+00,cg1,1,165718,1048576,1024,1.580410e-01
32,8,16qam,4.000000e+00,cg2,2,27229,1048576,1024,2.596760e-02
32,8,16qam,4.000000e+00,cg3,3,2536,1048576,1024,2.418518e-03
32,8,16qam,4.000000e+00,cg4,4,532,1048576,1024,5.073547e-04
32,8,16qam,4.000000e+00,cg8,8,321,1048576,1024,3.061295e-04
32,8,16qam,5.000000e+00,zf,,158,2097152,2048,7.534027e-05
32,8,16qam,5.000000e+00,mmse,,152,2097152,2048,7.247925e-05
32,8,16qam,5.000000e+00,cg1,1,329382,2097152,2048,1.570616e-01
32,8,16qam,5.000000e+00,cg2,2,49969,2097152,2048,2.382708e-02
32,8,16qam,5.000000e+00,cg3,3,2927,2097152,2048,1.395702e-03
32,8,16qam,5.000000e+00,cg4,4,300,2097152,2048,1.430511e-04
32,8,16qam,5.000000e+00,cg8,8,152,2097152,2048,7.247925e-05
32,8,16qam,6.000000e+00,zf,,126,6291456,6144,2.002716e-05
32,8,16qam,6.000000e+00,mmse,,112,6291456,6144,1.780192e-05
32,8,16qam,6.000000e+00,cg1,1,987025,6291456,6144,1.568834e-01
32,8,16qam,6.000000e+00,cg2,2,139674,6291456,6144,2.220058e-02
32,8,16qam,6.000000e+00,cg3,3,6150,6291456,6144,9.775162e-04
32,8,16qam,6.000000e+00,cg4,4,346,6291456,6144,5.499522e-05
32,8,16qam,6.000000e+00,cg8,8,112,6291456,6144,1.780192e-05
32,8,16qam,7.000000e+00,zf,,27,10485760,10240,2.574921e-06
32,8,16qam,7.000000e+00,mmse,,25,10485760,10240,2.384186e-06
32,8,16qam,7.000000e+00,cg1,1,1642700,10485760,10240,1.566601e-01
32,8,16qam,7.000000e+00,cg2,2,218161,10485760,10240,2.080545e-02
32,8,16qam,7.000000e+00,cg3,3,7321,10485760,10240,6.981850e-04
32,8,16qam,7.000000e+00,cg4,4,223,10485760,10240,2.126694e-05
32,8,16qam,7.000000e+00,cg8,8,25,10485760,10240,2.384186e-06
32,8,16qam,8.000000e+00,zf,,2,10485760,10240,1.907349e-07
32,8,16qam,8.000000e+00,mmse,,3,10485760,10240,2.861023e-07
32,8,16qam,8.000000e+00,cg1,1,1642593,10485760,10240,1.566499e-01
32,8,16qam,8.000000e+00,cg2,2,209612,10485760,10240,1.999016e-02
32,8,16qam,8.000000e+00,cg3,3,5443,10485760,10240,5.190849e-04
32,8,16qam,8.000000e+00,cg4,4,89,10485760,10240,8.487701e-06
32,8,16qam,8.000000e+00,cg8,8,3,10485760,10240,2.861023e-07
32,8,16qam,9.000000e+00,zf,,0,10485760,10240,0.000000e+00
32,8,16qam,9.000000e+00,mmse,,0,10485760,10240,0.000000e+00
32,8,16qam,9.000000e+00,cg1,1,1639970,10485760,10240,1.563997e-01
32,8,16qam,9.000000e+00,cg2,2,202277,10485760,10240,1.929064e-02
32,8,16qam,9.000000e+00,cg3,3,4214,10485760,10240,4.018784e-04
32,8,16qam,9.000000e+00,cg4,4,40,10485760,10240,3.814697e-06
32,8,16qam,9.000000e+00,cg8,8,0,10485760,10240,0.000000e+00
32,8,16qam,1.000000e+01,zf,,0,10485760,10240,0.000000e+00
32,8,16qam,1.000000e+01,mmse,,0,10485760,10240,0.000000e+00
32,8,16qam,1.000000e+01,cg1,1,1640597,10485760,10240,1.564595e-01
32,8,16qam,1.000000e+01,cg2,2,195612,10485760,10240,1.865501e-02
32,8,16qam,1.000000e+01,cg3,3,3652,10485760,10240,3.482819e-04
32,8,16qam,1.000000e+01,cg4,4,14,10485760,10240,1.335144e-06
32,8,16qam,1.000000e+01,cg8,8,0,10485760,10240,0.000000e+00
32,8,16qam,1.100000e+01,zf,,0,10485760,10240,0.000000e+00
32,8,16qam,1.100000e+01,mmse,,0,10485760,10240,0.000000e+00
32,8,16qam,1.100000e+01,cg1,1,1636084,10485760,10240,1.560291e-01
32,8,16qam,1.100000e+01,cg2,2,189449,10485760,10240,1.806726e-02
32,8,16qam,1.100000e+01,cg3,3,2998,10485760,10240,2.859116e-04
32,8,16qam,1.100000e+01,cg4,4,10,10485760,10240,9.536743e-07
32,8,16qam,1.100000e+01,cg8,8,0,10485760,10240,0.000000e+00
32,8,16qam,1.200000e+01,zf,,0,10485760,10240,0.000000e+00
32,8,16qam,1.200000e+01,mmse,,0,10485760,10240,0.000000e+00
32,8,16qam,1.200000e+01,cg1,1,1636385,10485760,10240,1.560578e-01
32,8,16qam,1.200000e+01,cg2,2,185471,10485760,10240,1.768789e-02
32,8,16qam,1.200000e+01,cg3,3,2602,10485760,10240,2.481461e-04
32,8,16qam,1.200000e+01,cg4,4,6,10485760,10240,5.722046e-07
32,8,16qam,1.200000e+01,cg8,8,0,10485760,10240,0.000000e+00
32,8,16qam,1.300000e+01,zf,,0,10485760,10240,0.000000e+00
32,8,16qam,1.300000e+01,mmse,,0,10485760,10240,0.000000e+00
32,8,16qam,1.300000e+01,cg1,1,1630807,10485760,10240,1.555259e-01
32,8,16qam,1.300000e+01,cg2,2,180948,10485760,10240,1.725655e-02
32,8,16qam,1.300000e+01,cg3,3,2095,10485760,10240,1.997948e-04
32,8,16qam,1.300000e+01,cg4,4,5,10485760,10240,4.768372e-07
32,8,16qam,1.300000e+01,cg8,8,0,10485760,10240,0.000000e+00
32,8,16qam,1.400000e+01,zf,,0,10485760,10240,0.000000e+00
32,8,16qam,1.400000e+01,mmse,,0,10485760,10240,0.000000e+00
32,8,16qam,1.400000e+01,cg1,1,1632666,10485760,10240,1.557032e-01
32,8,16qam,1.400000e+01,cg2,2,181823,10485760,10240,1.733999e-02
32,8,16qam,1.400000e+01,cg3,3,2337,10485760,10240,2.228737e-04
32,8,16qam,1.400000e+01,cg4,4,11,10485760,10240,1.049042e-06
32,8,16qam,1.400000e+01,cg8,8,0,10485760,10240,0.000000e+00
32,8,16qam,1.500000e+01,zf,,0,10485760,10240,0.000000e+00
32,8,16qam,1.500000e+01,mmse,,0,10485760,10240,0.000000e+00
32,8,16qam,1.500000e+01,cg1,1,1631686,10485760,10240,1.556097e-01
32,8,16qam,1.500000e+01,cg2,2,176440,10485760,10240,1.682663e-02
32,8,16qam,1.500000e+01,cg3,3,1913,10485760,10240,1.824379e-04
32,8,16qam,1.500000e+01,cg4,4,3,10485760,10240,2.861023e-07
32,8,16qam,1.500000e+01,cg8,8,0,10485760,10240,0.000000e+00
32,8,16qam,1.600000e+01,zf,,0,10485760,10240,0.000000e+00
32,8,16qam,1.600000e+01,mmse,,0,10485760,10240,0.000000e+00
32,8,16qam,1.600000e+01,cg1,1,1628134,10485760,10240,1.552710e-01
32,8,16qam,1.600000e+01,cg2,2,175240,10485760,10240,1.671219e-02
32,8,16qam,1.600000e+01,cg3,3,1942,10485760,10240,1.852036e-04
32,8,16qam,1.600000e+01,cg4,4,0,10485760,10240,0.000000e+00
32,8,16qam,1.600000e+01,cg8,8,0,10485760,10240,0.000000e+00
32,8,16qam,1.700000e+01,zf,,0,10485760,10240,0.000000e+00
32,8,16qam,1.700000e+01,mmse,,0,10485760,10240,0.000000e+00
32,8,16qam,1.700000e+01,cg1,1,1628428,10485760,10240,1.552990e-01
32,8,16qam,1.700000e+01,cg2,2,175932,10485760,10240,1.677818e-02
32,8,16qam,1.700000e+01,cg3,3,1942,10485760,10240,1.852036e-04
32,8,16qam,1.700000e+01,cg4,4,1,10485760,10240,9.536743e-08
32,8,16qam,1.700000e+01,cg8,8,0,10485760,10240,0.000000e+00
32,8,16qam,1.800000e+01,zf,,0,10485760,10240,0.000000e+00
32,8,16qam,1.800000e+01,mmse,,0,10485760,10240,0.000000e+00
32,8,16qam,1.800000e+01,cg1,1,1631254,10485760,10240,1.555685e-01
32,8,16qam,1.800000e+01,cg2,2,176686,10485760,10240,1.685009e-02
32,8,16qam,1.800000e+01,cg3,3,1920,10485760,10240,1.831055e-04
32,8,16qam,1.800000e+01,cg4,4,5,10485760,10240,4.768372e-07
32,8,16qam,1.800000e+01,cg8,8,0,10485760,10240,0.000000e+00
32,8,16qam,1.900000e+01,zf,,0,10485760,10240,0.000000e+00
32,8,16qam,1.900000e+01,mmse,,0,10485760,10240,0.000000e+00
32,8,16qam,1.900000e+01,cg1,1,1628962,10485760,10240,1.553499e-01
32,8,16qam,1.900000e+01,cg2,2,173997,10485760,10240,1.659365e-02
32,8,16qam,1.900000e+01,cg3,3,1753,10485760,10240,1.671791e-04
32,8,16qam,1.900000e+01,cg4,4,0,10485760,10240,0.000000e+00
32,8,16qam,1.900000e+01,cg8,8,0,10485760,10240,0.000000e+00
32,8,16qam,2.000000e+01,zf,,0,10485760,10240,0.000000e+00
32,8,16qam,2.000000e+01,mmse,,0,10485760,10240,0.000000e+00
32,8,16qam,2.000000e+01,cg1,1,1624723,10485760,10240,1.549457e-01
32,8,16qam,2.000000e+01,cg2,2,170746,10485760,10240,1.628361e-02
32,8,16qam,2.000000e+01,cg3,3,1719,10485760,10240,1.639366e-04
32,8,16qam,2.000000e+01,cg4,4,1,10485760,10240,9.536743e-08
32,8,16qam,2.000000e+01,cg8,8,0,10485760,10240,0.000000e+00
32,16,16qam,-2.000000e+01,zf,,441613,1048576,512,4.211550e-01
32,16,16qam,-2.000000e+01,mmse,,412640,1048576,512,3.935242e-01
32,16,16qam,-2.000000e+01,cg1,1,413798,1048576,512,3.946285e-01
32,16,16qam,-2.000000e+01,cg2,2,412579,1048576,512,3.934660e-01
32,16,16qam,-2.000000e+01,cg3,3,412572,1048576,512,3.934593e-01
32,16,16qam,-2.000000e+01,cg4,4,412623,1048576,512,3.935080e-01
32,16,16qam,-2.000000e+01,cg16,16,412640,1048576,512,3.935242e-01
32,16,16qam,-1.900000e+01,zf,,429646,1048576,512,4.097424e-01
32,16,16qam,-1.900000e+01,mmse,,398535,1048576,512,3.800726e-01
32,16,16qam,-1.900000e+01,cg1,1,399852,1048576,512,3.813286e-01
32,16,16qam,-1.900000e+01,cg2,2,398735,1048576,512,3.802633e-01
32,16,16qam,-1.900000e+01,cg3,3,398566,1048576,512,3.801022e-01
32,16,16qam,-1.900000e+01,cg4,4,398552,1048576,512,3.800888e-01
32,16,16qam,-1.900000e+01,cg16,16,398535,1048576,512,3.800726e-01
32,16,16qam,-1.800000e+01,zf,,416949,1048576,512,3.976336e-01
32,16,16qam,-1.800000e+01,mmse,,383065,1048576,512,3.653193e-01
32,16,16qam,-1.800000e+01,cg1,1,386319,1048576,512,3.684225e-01
32,16,16qam,-1.800000e+01,cg2,2,383373,1048576,512,3.656130e-01
32,16,16qam,-1.800000e+01,cg3,3,383076,1048576,512,3.653297e-01
32,16,16qam,-1.800000e+01,cg4,4,383067,1048576,512,3.653212e-01
32,16,16qam,-1.800000e+01,cg16,16,383065,1048576,512,3.653193e-01
32,16,16qam,-1.700000e+01,zf,,401556,1048576,512,3.829536e-01
32,16,16qam,-1.700000e+01,mmse,,365902,1048576,512,3.489513e-01
32,16,16qam,-1.700000e+01,cg1,1,370880,1048576,512,3.536987e-01
32,16,16qam,-1.700000e+01,cg2,2,366272,1048576,512,3.493042e-01
32,16,16qam,-1.700000e+01,cg3,3,365987,1048576,512,3.490324e-01
32,16,16qam,-1.700000e+01,cg4,4,365935,1048576,512,3.489828e-01
32,16,16qam,-1.700000e+01,cg16,16,365902,1048576,512,3.489513e-01
32,16,16qam,-1.600000e+01,zf,,385604,1048576,512,3.677406e-01
32,16,16qam,-1.600000e+01,mmse,,347134,1048576,512,3.310528e-01
32,16,16qam,-1.600000e+01,cg1,1,355051,1048576,512,3.386030e-01
32,16,16qam,-1.600000e+01,cg2,2,347596,1048576,512,3.314934e-01
32,16,16qam,-1.600000e+01,cg3,3,347188,1048576,512,3.311043e-01
32,16,16qam,-1.600000e+01,cg4,4,347180,1048576,512,3.310966e-01
32,16,16qam,-1.600000e+01,cg16,16,347134,1048576,512,3.310528e-01
32,16,16qam,-1.500000e+01,zf,,364612,1048576,512,3.477211e-01
32,16,16qam,-1.500000e+01,mmse,,326264,1048576,512,3.111496e-01
32,16,16qam,-1.500000e+01,cg1,1,337783,1048576,512,3.221350e-01
32,16,16qam,-1.500000e+01,cg2,2,327106,1048576,512,3.119526e-01
32,16,16qam,-1.500000e+01,cg3,3,326478,1048576,512,3.113537e-01
32,16,16qam,-1.500000e+01,cg4,4,326295,1048576,512,3.111792e-01
32,16,16qam,-1.500000e+01,cg16,16,326264,1048576,512,3.111496e-01
32,16,16qam,-1.400000e+01,zf,,343775,1048576,512,3.278494e-01
32,16,16qam,-1.400000e+01,mmse,,305610,1048576,512,2.914524e-01
32,16,16qam,-1.400000e+01,cg1,1,322265,1048576,512,3.073359e-01
32,16,16qam,-1.400000e+01,cg2,2,307052,1048576,512,2.928276e-01
32,16,16qam,-1.400000e+01,cg3,3,305749,1048576,512,2.915850e-01
32,16,16qam,-1.400000e+01,cg4,4,305609,1048576,512,2.914515e-01
32,16,16qam,-1.400000e+01,cg16,16,305610,1048576,512,2.914524e-01
32,16,16qam,-1.300000e+01,zf,,321836,1048576,512,3.069267e-01
32,16,16qam,-1.300000e+01,mmse,,283685,1048576,512,2.705431e-01
32,16,16qam,-1.300000e+01,cg1,1,307517,1048576,512,2.932711e-01
32,16,16qam,-1.300000e+01,cg2,2,287144,1048576,512,2.738419e-01
32,16,16qam,-1.300000e+01,cg3,3,284133,1048576,512,2.709703e-01
32,16,16qam,-1.300000e+01,cg4,4,283835,1048576,512,2.706861e-01
32,16,16qam,-1.300000e+01,cg16,16,283685,1048576,512,2.705431e-01
32,16,16qam,-1.200000e+01,zf,,295522,1048576,512,2.818317e-01
32,16,16qam,-1.200000e+01,mmse,,260137,1048576,512,2.480860e-01
32,16,16qam,-1.200000e+01,cg1,1,293461,1048576,512,2.798662e-01
32,16,16qam,-1.200000e+01,cg2,2,265226,1048576,512,2.529392e-01
32,16,16qam,-1.200000e+01,cg3,3,260828,1048576,512,2.487450e-01
32,16,16qam,-1.200000e+01,cg4,4,260223,1048576,512,2.481680e-01
32,16,16qam,-1.200000e+01,cg16,16,260137,1048576,512,2.480860e-01
32,16,16qam,-1.100000e+01,zf,,271602,1048576,512,2.590199e-01
32,16,16qam,-1.100000e+01,mmse,,238701,1048576,512,2.276430e-01
32,16,16qam,-1.100000e+01,cg1,1,281796,1048576,512,2.687416e-01
32,16,16qam,-1.100000e+01,cg2,2,246297,1048576,512,2.348871e-01
32,16,16qam,-1.100000e+01,cg3,3,239965,1048576,512,2.288485e-01
32,16,16qam,-1.100000e+01,cg4,4,238993,1048576,512,2.279215e-01
32,16,16qam,-1.100000e+01,cg16,16,238701,1048576,512,2.276430e-01
32,16,16qam,-1.000000e+01,zf,,245046,1048576,512,2.336941e-01
32,16,16qam,-1.000000e+01,mmse,,215536,1048576,512,2.055511e-01
32,16,16qam,-1.000000e+01,cg1,1,272379,1048576,512,2.597609e-01
32,16,16qam,-1.000000e+01,cg2,2,227622,1048576,512,2.170773e-01
32,16,16qam,-1.000000e+01,cg3,3,217794,1048576,512,2.077045e-01
32,16,16qam,-1.000000e+01,cg4,4,215836,1048576,512,2.058372e-01
32,16,16qam,-1.000000e+01,cg16,16,215536,1048576,512,2.055511e-01
32,16,16qam,-9.000000e+00,zf,,217866,1048576,512,2.077732e-01
32,16,16qam,-9.000000e+00,mmse,,193467,1048576,512,1.845045e-01
32,16,16qam,-9.000000e+00,cg1,1,265688,1048576,512,2.533798e-01
32,16,16qam,-9.000000e+00,cg2,2,211297,1048576,512,2.015085e-01
32,16,16qam,-9.000000e+00,cg3,3,197723,1048576,512,1.885633e-01
32,16,16qam,-9.000000e+00,cg4,4,194274,1048576,512,1.852741e-01
32,16,16qam,-9.000000e+00,cg16,16,193467,1048576,512,1.845045e-01
32,16,16qam,-8.000000e+00,zf,,193184,1048576,512,1.842346e-01
32,16,16qam,-8.000000e+00,mmse,,171891,1048576,512,1.639280e-01
32,16,16qam,-8.000000e+00,cg1,1,259218,1048576,512,2.472095e-01
32,16,16qam,-8.000000e+00,cg2,2,196553,1048576,512,1.874475e-01
32,16,16qam,-8.000000e+00,cg3,3,177713,1048576,512,1.694803e-01
32,16,16qam,-8.000000e+00,cg4,4,172955,1048576,512,1.649427e-01
32,16,16qam,-8.000000e+00,cg16,16,171891,1048576,512,1.639280e-01
32,16,16qam,-7.000000e+00,zf,,168380,1048576,512,1.605797e-01
32,16,16qam,-7.000000e+00,mmse,,151275,1048576,512,1.442671e-01
32,16,16qam,-7.000000e+00,cg1,1,255495,1048576,512,2.436590e-01
32,16,16qam,-7.000000e+00,cg2,2,182763,1048576,512,1.742964e-01
32,16,16qam,-7.000000e+00,cg3,3,160134,1048576,512,1.527157e-01
32,16,16qam,-7.000000e+00,cg4,4,153591,1048576,512,1.464758e-01
32,16,16qam,-7.000000e+00,cg16,16,151275,1048576,512,1.442671e-01
32,16,16qam,-6.000000e+00,zf,,144720,1048576,512,1.380157e-01
32,16,16qam,-6.000000e+00,mmse,,130357,1048576,512,1.243181e-01
32,16,16qam,-6.000000e+00,cg1,1,252407,1048576,512,2.407141e-01
32,16,16qam,-6.000000e+00,cg2,2,172588,1048576,512,1.645927e-01
32,16,16qam,-6.000000e+00,cg3,3,143753,1048576,512,1.370935e-01
32,16,16qam,-6.000000e+00,cg4,4,134252,1048576,512,1.280327e-01
32,16,16qam,-6.000000e+00,cg16,16,130357,1048576,512,1.243181e-01
32,16,16qam,-5.000000e+00,zf,,122153,1048576,512,1.164942e-01
32,16,16qam,-5.000000e+00,mmse,,109830,1048576,512,1.047421e-01
32,16,16qam,-5.000000e+00,cg1,1,250559,1048576,512,2.389517e-01
32,16,16qam,-5.000000e+00,cg2,2,163052,1048576,512,1.554985e-01
32,16,16qam,-5.000000e+00,cg3,3,127960,1048576,512,1.220322e-01
32,16,16qam,-5.000000e+00,cg4,4,115419,1048576,512,1.100721e-01
32,16,16qam,-5.000000e+00,cg16,16,109830,1048576,512,1.047421e-01
32,16,16qam,-4.000000e+00,zf,,100162,1048576,512,9.552193e-02
32,16,16qam,-4.000000e+00,mmse,,90296,1048576,512,8.611298e-02
32,16,16qam,-4.000000e+00,cg1,1,250878,1048576,512,2.392559e-01
32,16,16qam,-4.000000e+00,cg2,2,155867,1048576,512,1.486464e-01
32,16,16qam,-4.000000e+00,cg3,3,114783,1048576,512,1.094656e-01
32,16,16qam,-4.000000e+00,cg4,4,98556,1048576,512,9.399033e-02
32,16,16qam,-4.000000e+00,cg16,16,90296,1048576,512,8.611298e-02
32,16,16qam,-3.000000e+00,zf,,79130,1048576,512,7.546425e-02
32,16,16qam,-3.000000e+00,mmse,,71623,1048576,512,6.830502e-02
32,16,16qam,-3.000000e+00,cg1,1,249845,1048576,512,2.382708e-01
32,16,16qam,-3.000000e+00,cg2,2,148740,1048576,512,1.418495e-01
32,16,16qam,-3.000000e+00,cg3,3,101954,1048576,512,9.723091e-02
32,16,16qam,-3.000000e+00,cg4,4,82490,1048576,512,7.866859e-02
32,16,16qam,-3.000000e+00,cg16,16,71623,1048576,512,6.830502e-02
32,16,16qam,-2.000000e+00,zf,,59183,1048576,512,5.644131e-02
32,16,16qam,-2.000000e+00,mmse,,53819,1048576,512,5.132580e-02
32,16,16qam,-2.000000e+00,cg1,1,249654,1048576,512,2.380886e-01
32,16,16qam,-2.000000e+00,cg2,2,143238,1048576,512,1.366024e-01
32,16,16qam,-2.000000e+00,cg3,3,91225,1048576,512,8.699894e-02
32,16,16qam,-2.000000e+00,cg4,4,68327,1048576,512,6.516171e-02
32,16,16qam,-2.000000e+00,cg16,16,53819,1048576,512,5.132580e-02
32,16,16qam,-1.000000e+00,zf,,42940,1048576,512,4.095078e-02
32,16,16qam,-1.000000e+00,mmse,,38877,1048576,512,3.707600e-02
32,16,16qam,-1.000000e+00,cg1,1,249055,1048576,512,2.375174e-01
32,16,16qam,-1.000000e+00,cg2,2,139568,1048576,512,1.331024e-01
32,16,16qam,-1.000000e+00,cg3,3,81877,1048576,512,7.808399e-02
32,16,16qam,-1.000000e+00,cg4,4,55678,1048576,512,5.309868e-02
32,16,16qam,-1.000000e+00,cg16,16,38877,1048576,512,3.707600e-02
32,16,16qam,0.000000e+00,zf,,28729,1048576,512,2.739811e-02
32,16,16qam,0.000000e+00,mmse,,26221,1048576,512,2.500629e-02
32,16,16qam,0.000000e+00,cg1,1,250047,1048576,512,2.384634e-01
32,16,16qam,0.000000e+00,cg2,2,135680,1048576,512,1.293945e-01
32,16,16qam,0.000000e+00,cg3,3,74595,1048576,512,7.113934e-02
32,16,16qam,0.000000e+00,cg4,4,45609,1048576,512,4.349613e-02
32,16,16qam,0.000000e+00,cg16,16,26221,1048576,512,2.500629e-02
32,16,16qam,1.000000e+00,zf,,18043,1048576,512,1.720715e-02
32,16,16qam,1.000000e+00,mmse,,16350,1048576,512,1.559258e-02
32,16,16qam,1.000000e+00,cg1,1,249936,1048576,512,2.383575e-01
32,16,16qam,1.000000e+00,cg2,2,133095,1048576,512,1.269293e-01
32,16,16qam,1.000000e+00,cg3,3,68153,1048576,512,6.499577e-02
32,16,16qam,1.000000e+00,cg4,4,36685,1048576,512,3.498554e-02
32,16,16qam,1.000000e+00,cg16,16,16350,1048576,512,1.559258e-02
32,16,16qam,2.000000e+00,zf,,10288,1048576,512,9.811401e-03
32,16,16qam,2.000000e+00,mmse,,9343,1048576,512,8.910179e-03
32,16,16qam,2.000000e+00,cg1,1,250436,1048576,512,2.388344e-01
32,16,16qam,2.000000e+00,cg2,2,131543,1048576,512,1.254492e-01
32,16,16qam,2.000000e+00,cg3,3,62757,1048576,512,5.984974e-02
32,16,16qam,2.000000e+00,cg4,4,29895,1048576,512,2.851009e-02
32,16,16qam,2.000000e+00,cg16,16,9343,1048576,512,8.910179e-03
32,16,16qam,3.000000e+00,zf,,5222,1048576,512,4.980087e-03
32,16,16qam,3.000000e+00,mmse,,4730,1048576,512,4.510880e-03
32,16,16qam,3.000000e+00,cg1,1,251653,1048576,512,2.399950e-01
32,16,16qam,3.000000e+00,cg2,2,130737,1048576,512,1.246805e-01
32,16,16qam,3.000000e+00,cg3,3,59690,1048576,512,5.692482e-02
32,16,16qam,3.000000e+00,cg4,4,25562,1048576,512,2.437782e-02
32,16,16qam,3.000000e+00,cg16,16,4730,1048576,512,4.510880e-03
32,16,16qam,4.000000e+00,zf,,2423,1048576,512,2.310753e-03
32,16,16qam,4.000000e+00,mmse,,2212,1048576,512,2.109528e-03
32,16,16qam,4.000000e+00,cg1,1,251842,1048576,512,2.401752e-01
32,16,16qam,4.000000e+00,cg2,2,130147,1048576,512,1.241179e-01
32,16,16qam,4.000000e+00,cg3,3,56541,1048576,512,5.392170e-02
32,16,16qam,4.000000e+00,cg4,4,21853,1048576,512,2.084064e-02
32,16,16qam,4.000000e+00,cg16,16,2212,1048576,512,2.109528e-03
32,16,16qam,5.000000e+00,zf,,900,1048576,512,8.583069e-04
32,16,16qam,5.000000e+00,mmse,,805,1048576,512,7.677078e-04
32,16,16qam,5.000000e+00,cg1,1,252109,1048576,512,2.404299e-01
32,16,16qam,5.000000e+00,cg2,2,128428,1048576,512,1.224785e-01
32,16,16qam,5.000000e+00,cg3,3,52940,1048576,512,5.048752e-02
32,16,16qam,5.000000e+00,cg4,4,17831,1048576,512,1.700497e-02
32,16,16qam,5.000000e+00,cg16,16,805,1048576,512,7.677078e-04
32,16,16qam,6.000000e+00,zf,,317,1048576,512,3.023148e-04
32,16,16qam,6.000000e+00,mmse,,284,1048576,512,2.708435e-04
32,16,16qam,6.000000e+00,cg1,1,252852,1048576,512,2.411385e-01
32,16,16qam,6.000000e+00,cg2,2,129033,1048576,512,1.230555e-01
32,16,16qam,6.000000e+00,cg3,3,52293,1048576,512,4.987049e-02
32,16,16qam,6.000000e+00,cg4,4,16761,1048576,512,1.598454e-02
32,16,16qam,6.000000e+00,cg16,16,284,1048576,512,2.708435e-04
32,16,16qam,7.000000e+00,zf,,175,2097152,1024,8.344650e-05
32,16,16qam,7.000000e+00,mmse,,161,2097152,1024,7.677078e-05
32,16,16qam,7.000000e+00,cg1,1,504178,2097152,1024,2.404108e-01
32,16,16qam,7.000000e+00,cg2,2,255811,2097152,1024,1.219802e-01
32,16,16qam,7.000000e+00,cg3,3,101165,2097152,1024,4.823923e-02
32,16,16qam,7.000000e+00,cg4,4,29844,2097152,1024,1.423073e-02
32,16,16qam,7.000000e+00,cg16,16,161,2097152,1024,7.677078e-05
32,16,16qam,8.000000e+00,zf,,125,6291456,3072,1.986821e-05
32,16,16qam,8.000000e+00,mmse,,120,6291456,3072,1.907349e-05
32,16,16qam,8.000000e+00,cg1,1,1513316,6291456,3072,2.405351e-01
32,16,16qam,8.000000e+00,cg2,2,760824,6291456,3072,1.209297e-01
32,16,16qam,8.000000e+00,cg3,3,294208,6291456,3072,4.676310e-02
32,16,16qam,8.000000e+00,cg4,4,82024,6291456,3072,1.303736e-02
32,16,16qam,8.000000e+00,cg16,16,120,6291456,3072,1.907349e-05
32,16,16qam,9.000000e+00,zf,,20,10485760,5120,1.907349e-06
32,16,16qam,9.000000e+00,mmse,,23,10485760,5120,2.193451e-06
32,16,16qam,9.000000e+00,cg1,1,2526489,10485760,5120,2.409448e-01
32,16,16qam,9.000000e+00,cg2,2,1267862,10485760,5120,1.209127e-01
32,16,16qam,9.000000e+00,cg3,3,481104,10485760,5120,4.588165e-02
32,16,16qam,9.000000e+00,cg4,4,124535,10485760,5120,1.187658e-02
32,16,16qam,9.000000e+00,cg16,16,23,10485760,5120,2.193451e-06
32,16,16qam,1.000000e+01,zf,,3,10485760,5120,2.861023e-07
32,16,16qam,1.000000e+01,mmse,,3,10485760,5120,2.861023e-07
32,16,16qam,1.000000e+01,cg1,1,2524385,10485760,5120,2.407441e-01
32,16,16qam,1.000000e+01,cg2,2,1261463,10485760,5120,1.203025e-01
32,16,16qam,1.000000e+01,cg3,3,470856,10485760,5120,4.490433e-02
32,16,16qam,1.000000e+01,cg4,4,117791,10485760,5120,1.123343e-02
32,16,16qam,1.000000e+01,cg16,16,3,10485760,5120,2.861023e-07
32,16,16qam,1.100000e+01,zf,,0,10485760,5120,0.000000e+00
32,16,16qam,1.100000e+01,mmse,,0,10485760,5120,0.000000e+00
32,16,16qam,1.100000e+01,cg1,1,2527864,10485760,5120,2.410759e-01
32,16,16qam,1.100000e+01,cg2,2,1260661,10485760,5120,1.202260e-01
32,16,16qam,1.100000e+01,cg3,3,464161,10485760,5120,4.426584e-02
32,16,16qam,1.100000e+01,cg4,4,111715,10485760,5120,1.065397e-02
32,16,16qam,1.100000e+01,cg16,16,0,10485760,5120,0.000000e+00
32,16,16qam,1.200000e+01,zf,,0,10485760,5120,0.000000e+00
32,16,16qam,1.200000e+01,mmse,,0,10485760,5120,0.000000e+00
32,16,16qam,1.200000e+01,cg1,1,2526482,10485760,5120,2.409441e-01
32,16,16qam,1.200000e+01,cg2,2,1256924,10485760,5120,1.198696e-01
32,16,16qam,1.200000e+01,cg3,3,456523,10485760,5120,4.353743e-02
32,16,16qam,1.200000e+01,cg4,4,105887,10485760,5120,1.009817e-02
32,16,16qam,1.200000e+01,cg16,16,0,10485760,5120,0.000000e+00
32,16,16qam,1.300000e+01,zf,,0,10485760,5120,0.000000e+00
32,16,16qam,1.300000e+01,mmse,,0,10485760,5120,0.000000e+00
32,16,16qam,1.300000e+01,cg1,1,2529959,10485760,5120,2.412757e-01
32,16,16qam,1.300000e+01,cg2,2,1261764,10485760,5120,1.203312e-01
32,16,16qam,1.300000e+01,cg3,3,459564,10485760,5120,4.382744e-02
32,16,16qam,1.300000e+01,cg4,4,105069,10485760,5120,1.002016e-02
32,16,16qam,1.300000e+01,cg16,16,0,10485760,5120,0.000000e+00
32,16,16qam,1.400000e+01,zf,,0,10485760,5120,0.000000e+00
32,16,16qam,1.400000e+01,mmse,,0,10485760,5120,0.000000e+00
32,16,16qam,1.400000e+01,cg1,1,2527047,10485760,5120,2.409980e-01
32,16,16qam,1.400000e+01,cg2,2,1253718,10485760,5120,1.195639e-01
32,16,16qam,1.400000e+01,cg3,3,448469,10485760,5120,4.276934e-02
32,16,16qam,1.400000e+01,cg4,4,99638,10485760,5120,9.502220e-03
32,16,16qam,1.400000e+01,cg16,16,0,10485760,5120,0.000000e+00
32,16,16qam,1.500000e+01,zf,,0,10485760,5120,0.000000e+00
32,16,16qam,1.500000e+01,mmse,,0,10485760,5120,0.000000e+00
32,16,16qam,1.500000e+01,cg1,1,2527355,10485760,5120,2.410274e-01
32,16,16qam,1.500000e+01,cg2,2,1254692,10485760,5120,1.196568e-01
32,16,16qam,1.500000e+01,cg3,3,448862,10485760,5120,4.280682e-02
32,16,16qam,1.500000e+01,cg4,4,97724,10485760,5120,9.319687e-03
32,16,16qam,1.500000e+01,cg16,16,0,10485760,5120,0.000000e+00
32,16,16qam,1.600000e+01,zf,,0,10485760,5120,0.000000e+00
32,16,16qam,1.600000e+01,mmse,,0,10485760,5120,0.000000e+00
32,16,16qam,1.600000e+01,cg1,1,2528635,10485760,5120,2.411494e-01
32,16,16qam,1.600000e+01,cg2,2,1254029,10485760,5120,1.195935e-01
32,16,16qam,1.600000e+01,cg3,3,447128,10485760,5120,4.264145e-02
32,16,16qam,1.600000e+01,cg4,4,97073,10485760,5120,9.257603e-03
32,16,16qam,1.600000e+01,cg16,16,0,10485760,5120,0.000000e+00
32,16,16qam,1.700000e+01,zf,,0,10485760,5120,0.000000e+00
32,16,16qam,1.700000e+01,mmse,,0,10485760,5120,0.000000e+00
32,16,16qam,1.700000e+01,cg1,1,2530324,10485760,5120,2.413105e-01
32,16,16qam,1.700000e+01,cg2,2,1256870,10485760,5120,1.198645e-01
32,16,16qam,1.700000e+01,cg3,3,445118,10485760,5120,4.244976e-02
32,16,16qam,1.700000e+01,cg4,4,95465,10485760,5120,9.104252e-03
32,16,16qam,1.700000e+01,cg16,16,0,10485760,5120,0.000000e+00
32,16,16qam,1.800000e+01,zf,,0,10485760,5120,0.000000e+00
32,16,16qam,1.800000e+01,mmse,,0,10485760,5120,0.000000e+00
32,16,16qam,1.800000e+01,cg1,1,2530854,10485760,5120,2.413610e-01
32,16,16qam,1.800000e+01,cg2,2,1255387,10485760,5120,1.197230e-01
32,16,16qam,1.800000e+01,cg3,3,446106,10485760,5120,4.254398e-02
32,16,16qam,1.800000e+01,cg4,4,95490,10485760,5120,9.106636e-03
32,16,16qam,1.800000e+01,cg16,16,0,10485760,5120,0.000000e+00
32,16,16qam,1.900000e+01,zf,,0,10485760,5120,0.000000e+00
32,16,16qam,1.900000e+01,mmse,,0,10485760,5120,0.000000e+00
32,16,16qam,1.900000e+01,cg1,1,2524148,10485760,5120,2.407215e-01
32,16,16qam,1.900000e+01,cg2,2,1248764,10485760,5120,1.190914e-01
32,16,16qam,1.900000e+01,cg3,3,439731,10485760,5120,4.193602e-02
32,16,16qam,1.900000e+01,cg4,4,93400,10485760,5120,8.907318e-03
32,16,16qam,1.900000e+01,cg16,16,0,10485760,5120,0.000000e+00
32,16,16qam,2.000000e+01,zf,,0,10485760,5120,0.000000e+00
32,16,16qam,2.000000e+01,mmse,,0,10485760,5120,0.000000e+00
32,16,16qam,2.000000e+01,cg1,1,2531840,10485760,5120,2.414551e-01
32,16,16qam,2.000000e+01,cg2,2,1258892,10485760,5120,1.200573e-01
32,16,16qam,2.000000e+01,cg3,3,446161,10485760,5120,4.254923e-02
32,16,16qam,2.000000e+01,cg4,4,94964,10485760,5120,9.056473e-03
32,16,16qam,2.000000e+01,cg16,16,0,10485760,5120,0.000000e+00
64,4,16qam,-2.000000e+01,zf,,352879,1048576,2048,3.365316e-01
64,4,16qam,-2.000000e+01,mmse,,350183,1048576,2048,3.339605e-01
64,4,16qam,-2.000000e+01,cg1,1,350964,1048576,2048,3.347054e-01
64,4,16qam,-2.000000e+01,cg2,2,350177,1048576,2048,3.339548e-01
64,4,16qam,-2.000000e+01,cg3,3,350171,1048576,2048,3.339491e-01
64,4,16qam,-2.000000e+01,cg4,4,350183,1048576,2048,3.339605e-01
64,4,16qam,-1.900000e+01,zf,,330415,1048576,2048,3.151083e-01
64,4,16qam,-1.900000e+01,mmse,,327612,1048576,2048,3.124352e-01
64,4,16qam,-1.900000e+01,cg1,1,328916,1048576,2048,3.136787e-01
64,4,16qam,-1.900000e+01,cg2,2,327673,1048576,2048,3.124933e-01
64,4,16qam,-1.900000e+01,cg3,3,327630,1048576,2048,3.124523e-01
64,4,16qam,-1.900000e+01,cg4,4,327612,1048576,2048,3.124352e-01
64,4,16qam,-1.800000e+01,zf,,305767,1048576,2048,2.916021e-01
64,4,16qam,-1.800000e+01,mmse,,303400,1048576,2048,2.893448e-01
64,4,16qam,-1.800000e+01,cg1,1,305024,1048576,2048,2.908936e-01
64,4,16qam,-1.800000e+01,cg2,2,303345,1048576,2048,2.892923e-01
64,4,16qam,-1.800000e+01,cg3,3,303376,1048576,2048,2.893219e-01
64,4,16qam,-1.800000e+01,cg4,4,303400,1048576,2048,2.893448e-01
64,4,16qam,-1.700000e+01,zf,,280222,1048576,2048,2.672405e-01
64,4,16qam,-1.700000e+01,mmse,,277715,1048576,2048,2.648497e-01
64,4,16qam,-1.700000e+01,cg1,1,280147,1048576,2048,2.671690e-01
64,4,16qam,-1.700000e+01,cg2,2,277644,1048576,2048,2.647820e-01
64,4,16qam,-1.700000e+01,cg3,3,277717,1048576,2048,2.648516e-01
64,4,16qam,-1.700000e+01,cg4,4,277715,1048576,2048,2.648497e-01
64,4,16qam,-1.600000e+01,zf,,253461,1048576,2048,2.417192e-01
64,4,16qam,-1.600000e+01,mmse,,251489,1048576,2048,2.398386e-01
64,4,16qam,-1.600000e+01,cg1,1,255053,1048576,2048,2.432375e-01
64,4,16qam,-1.600000e+01,cg2,2,251497,1048576,2048,2.398462e-01
64,4,16qam,-1.600000e+01,cg3,3,251508,1048576,2048,2.398567e-01
64,4,16qam,-1.600000e+01,cg4,4,251489,1048576,2048,2.398386e-01
64,4,16qam,-1.500000e+01,zf,,226791,1048576,2048,2.162848e-01
64,4,16qam,-1.500000e+01,mmse,,225004,1048576,2048,2.145805e-01
64,4,16qam,-1.500000e+01,cg1,1,230766,1048576,2048,2.200756e-01
64,4,16qam,-1.500000e+01,cg2,2,225023,1048576,2048,2.145987e-01
64,4,16qam,-1.500000e+01,cg3,3,224998,1048576,2048,2.145748e-01
64,4,16qam,-1.500000e+01,cg4,4,225004,1048576,2048,2.145805e-01
64,4,16qam,-1.400000e+01,zf,,201673,1048576,2048,1.923304e-01
64,4,16qam,-1.400000e+01,mmse,,200050,1048576,2048,1.907825e-01
64,4,16qam,-1.400000e+01,cg1,1,207957,1048576,2048,1.983232e-01
64,4,16qam,-1.400000e+01,cg2,2,200225,1048576,2048,1.909494e-01
64,4,16qam,-1.400000e+01,cg3,3,200040,1048576,2048,1.907730e-01
64,4,16qam,-1.400000e+01,cg4,4,200050,1048576,2048,1.907825e-01
64,4,16qam,-1.300000e+01,zf,,176787,1048576,2048,1.685972e-01
64,4,16qam,-1.300000e+01,mmse,,175716,1048576,2048,1.675758e-01
64,4,16qam,-1.300000e+01,cg1,1,186041,1048576,2048,1.774225e-01
64,4,16qam,-1.300000e+01,cg2,2,175908,1048576,2048,1.677589e-01
64,4,16qam,-1.300000e+01,cg3,3,175714,1048576,2048,1.675739e-01
64,4,16qam,-1.300000e+01,cg4,4,175716,1048576,2048,1.675758e-01
64,4,16qam,-1.200000e+01,zf,,152285,1048576,2048,1.452303e-01
64,4,16qam,-1.200000e+01,mmse,,151446,1048576,2048,1.444302e-01
64,4,16qam,-1.200000e+01,cg1,1,165089,1048576,2048,1.574411e-01
64,4,16qam,-1.200000e+01,cg2,2,151675,1048576,2048,1.446486e-01
64,4,16qam,-1.200000e+01,cg3,3,151470,1048576,2048,1.444530e-01
64,4,16qam,-1.200000e+01,cg4,4,151446,1048576,2048,1.444302e-01
64,4,16qam,-1.100000e+01,zf,,129152,1048576,2048,1.231689e-01
64,4,16qam,-1.100000e+01,mmse,,128593,1048576,2048,1.226358e-01
64,4,16qam,-1.100000e+01,cg1,1,146164,1048576,2048,1.393929e-01
64,4,16qam,-1.100000e+01,cg2,2,128858,1048576,2048,1.228886e-01
64,4,16qam,-1.100000e+01,cg3,3,128584,1048576,2048,1.226273e-01
64,4,16qam,-1.100000e+01,cg4,4,128593,1048576,2048,1.226358e-01
64,4,16qam,-1.000000e+01,zf,,106791,1048576,2048,1.018438e-01
64,4,16qam,-1.000000e+01,mmse,,106230,1048576,2048,1.013088e-01
64,4,16qam,-1.000000e+01,cg1,1,127882,1048576,2048,1.219578e-01
64,4,16qam,-1.000000e+01,cg2,2,106836,1048576,2048,1.018867e-01
64,4,16qam,-1.000000e+01,cg3,3,106200,1048576,2048,1.012802e-01
64,4,16qam,-1.000000e+01,cg4,4,106230,1048576,2048,1.013088e-01
64,4,16qam,-9.000000e+00,zf,,85404,1048576,2048,8.144760e-02
64,4,16qam,-9.000000e+00,mmse,,84940,1048576,2048,8.100510e-02
64,4,16qam,-9.000000e+00,cg1,1,111888,1048576,2048,1.067047e-01
64,4,16qam,-9.000000e+00,cg2,2,85462,1048576,2048,8.150291e-02
64,4,16qam,-9.000000e+00,cg3,3,84970,1048576,2048,8.103371e-02
64,4,16qam,-9.000000e+00,cg4,4,84940,1048576,2048,8.100510e-02
64,4,16qam,-8.000000e+00,zf,,65517,1048576,2048,6.248188e-02
64,4,16qam,-8.000000e+00,mmse,,65225,1048576,2048,6.220341e-02
64,4,16qam,-8.000000e+00,cg1,1,97395,1048576,2048,9.288311e-02
64,4,16qam,-8.000000e+00,cg2,2,65900,1048576,2048,6.284714e-02
64,4,16qam,-8.000000e+00,cg3,3,65191,1048576,2048,6.217098e-02
64,4,16qam,-8.000000e+00,cg4,4,65225,1048576,2048,6.220341e-02
64,4,16qam,-7.000000e+00,zf,,47716,1048576,2048,4.550552e-02
64,4,16qam,-7.000000e+00,mmse,,47419,1048576,2048,4.522228e-02
64,4,16qam,-7.000000e+00,cg1,1,84412,1048576,2048,8.050156e-02
64,4,16qam,-7.000000e+00,cg2,2,48350,1048576,2048,4.611015e-02
64,4,16qam,-7.000000e+00,cg3,3,47390,1048576,2048,4.519463e-02
64,4,16qam,-7.000000e+00,cg4,4,47419,1048576,2048,4.522228e-02
64,4,16qam,-6.000000e+00,zf,,32262,1048576,2048,3.076744e-02
64,4,16qam,-6.000000e+00,mmse,,32066,1048576,2048,3.058052e-02
64,4,16qam,-6.000000e+00,cg1,1,71684,1048576,2048,6.836319e-02
64,4,16qam,-6.000000e+00,cg2,2,33128,1048576,2048,3.159332e-02
64,4,16qam,-6.000000e+00,cg3,3,32130,1048576,2048,3.064156e-02
64,4,16qam,-6.000000e+00,cg4,4,32066,1048576,2048,3.058052e-02
64,4,16qam,-5.000000e+00,zf,,20388,1048576,2048,1.944351e-02
64,4,16qam,-5.000000e+00,mmse,,20271,1048576,2048,1.933193e-02
64,4,16qam,-5.000000e+00,cg1,1,62667,1048576,2048,5.976391e-02
64,4,16qam,-5.000000e+00,cg2,2,21316,1048576,2048,2.032852e-02
64,4,16qam,-5.000000e+00,cg3,3,20258,1048576,2048,1.931953e-02
64,4,16qam,-5.000000e+00,cg4,4,20271,1048576,2048,1.933193e-02
64,4,16qam,-4.000000e+00,zf,,11714,1048576,2048,1.117134e-02
64,4,16qam,-4.000000e+00,mmse,,11633,1048576,2048,1.109409e-02
64,4,16qam,-4.000000e+00,cg1,1,55316,1048576,2048,5.275345e-02
64,4,16qam,-4.000000e+00,cg2,2,12688,1048576,2048,1.210022e-02
64,4,16qam,-4.000000e+00,cg3,3,11643,1048576,2048,1.110363e-02
64,4,16qam,-4.000000e+00,cg4,4,11633,1048576,2048,1.109409e-02
64,4,16qam,-3.000000e+00,zf,,5840,1048576,2048,5.569458e-03
64,4,16qam,-3.000000e+00,mmse,,5779,1048576,2048,5.511284e-03
64,4,16qam,-3.000000e+00,cg1,1,46883,1048576,2048,4.471111e-02
64,4,16qam,-3.000000e+00,cg2,2,6586,1048576,2048,6.280899e-03
64,4,16qam,-3.000000e+00,cg3,3,5787,1048576,2048,5.518913e-03
64,4,16qam,-3.000000e+00,cg4,4,5779,1048576,2048,5.511284e-03
64,4,16qam,-2.000000e+00,zf,,2536,1048576,2048,2.418518e-03
64,4,16qam,-2.000000e+00,mmse,,2510,1048576,2048,2.393723e-03
64,4,16qam,-2.000000e+00,cg1,1,42536,1048576,2048,4.056549e-02
64,4,16qam,-2.000000e+00,cg2,2,3181,1048576,2048,3.033638e-03
64,4,16qam,-2.000000e+00,cg3,3,2516,1048576,2048,2.399445e-03
64,4,16qam,-2.000000e+00,cg4,4,2510,1048576,2048,2.393723e-03
64,4,16qam,-1.000000e+00,zf,,924,1048576,2048,8.811951e-04
64,4,16qam,-1.000000e+00,mmse,,920,1048576,2048,8.773804e-04
64,4,16qam,-1.000000e+00,cg1,1,37682,1048576,2048,3.593636e-02
64,4,16qam,-1.000000e+00,cg2,2,1338,1048576,2048,1.276016e-03
64,4,16qam,-1.000000e+00,cg3,3,934,1048576,2048,8.907318e-04
64,4,16qam,-1.000000e+00,cg4,4,920,1048576,2048,8.773804e-04
64,4,16qam,0.000000e+00,zf,,274,1048576,2048,2.613068e-04
64,4,16qam,0.000000e+00,mmse,,270,1048576,2048,2.574921e-04
64,4,16qam,0.000000e+00,cg1,1,34380,1048576,2048,3.278732e-02
64,4,16qam,0.000000e+00,cg2,2,450,1048576,2048,4.291534e-04
64,4,16qam,0.000000e+00,cg3,3,276,1048576,2048,2.632141e-04
64,4,16qam,0.000000e+00,cg4,4,270,1048576,2048,2.574921e-04
64,4,16qam,1.000000e+00,zf,,124,2097152,4096,5.912781e-05
64,4,16qam,1.000000e+00,mmse,,129,2097152,4096,6.151199e-05
64,4,16qam,1.000000e+00,cg1,1,64968,2097152,4096,3.097916e-02
64,4,16qam,1.000000e+00,cg2,2,321,2097152,4096,1.530647e-04
64,4,16qam,1.000000e+00,cg3,3,136,2097152,4096,6.484985e-05
64,4,16qam,1.000000e+00,cg4,4,129,2097152,4096,6.151199e-05
64,4,16qam,2.000000e+00,zf,,89,10485760,20480,8.487701e-06
64,4,16qam,2.000000e+00,mmse,,89,10485760,20480,8.487701e-06
64,4,16qam,2.000000e+00,cg1,1,300403,10485760,20480,2.864866e-02
64,4,16qam,2.000000e+00,cg2,2,443,10485760,20480,4.224777e-05
64,4,16qam,2.000000e+00,cg3,3,95,10485760,20480,9.059906e-06
64,4,16qam,2.000000e+00,cg4,4,89,10485760,20480,8.487701e-06
64,4,16qam,3.000000e+00,zf,,8,10485760,20480,7.629395e-07
64,4,16qam,3.000000e+00,mmse,,8,10485760,20480,7.629395e-07
64,4,16qam,3.000000e+00,cg1,1,285538,10485760,20480,2.723103e-02
64,4,16qam,3.000000e+00,cg2,2,110,10485760,20480,1.049042e-05
64,4,16qam,3.000000e+00,cg3,3,7,10485760,20480,6.675720e-07
64,4,16qam,3.000000e+00,cg4,4,8,10485760,20480,7.629395e-07
64,4,16qam,4.000000e+00,zf,,1,10485760,20480,9.536743e-08
64,4,16qam,4.000000e+00,mmse,,1,10485760,20480,9.536743e-08
64,4,16qam,4.000000e+00,cg1,1,274726,10485760,20480,2.619991e-02
64,4,16qam,4.000000e+00,cg2,2,43,10485760,20480,4.100800e-06
64,4,16qam,4.000000e+00,cg3,3,1,10485760,20480,9.536743e-08
64,4,16qam,4.000000e+00,cg4,4,1,10485760,20480,9.536743e-08
64,4,16qam,5.000000e+00,zf,,0,10485760,20480,0.000000e+00
64,4,16qam,5.000000e+00,mmse,,0,10485760,20480,0.000000e+00
64,4,16qam,5.000000e+00,cg1,1,264461,10485760,20480,2.522097e-02
64,4,16qam,5.000000e+00,cg2,2,19,10485760,20480,1.811981e-06
64,4,16qam,5.000000e+00,cg3,3,0,10485760,20480,0.000000e+00
64,4,16qam,5.000000e+00,cg4,4,0,10485760,20480,0.000000e+00
64,4,16qam,6.000000e+00,zf,,0,10485760,20480,0.000000e+00
64,4,16qam,6.000000e+00,mmse,,0,10485760,20480,0.000000e+00
64,4,16qam,6.000000e+00,cg1,1,257785,10485760,20480,2.458429e-02
64,4,16qam,6.000000e+00,cg2,2,10,10485760,20480,9.536743e-07
64,4,16qam,6.000000e+00,cg3,3,0,10485760,20480,0.000000e+00
64,4,16qam,6.000000e+00,cg4,4,0,10485760,20480,0.000000e+00
64,4,16qam,7.000000e+00,zf,,0,10485760,20480,0.000000e+00
64,4,16qam,7.000000e+00,mmse,,0,10485760,20480,0.000000e+00
64,4,16qam,7.000000e+00,cg1,1,253824,10485760,20480,2.420654e-02
64,4,16qam,7.000000e+00,cg2,2,5,10485760,20480,4.768372e-07
64,4,16qam,7.000000e+00,cg3,3,0,10485760,20480,0.000000e+00
64,4,16qam,7.000000e+00,cg4,4,0,10485760,20480,0.000000e+00
64,4,16qam,8.000000e+00,zf,,0,10485760,20480,0.000000e+00
64,4,16qam,8.000000e+00,mmse,,0,10485760,20480,0.000000e+00
64,4,16qam,8.000000e+00,cg1,1,249013,10485760,20480,2.374773e-02
64,4,16qam,8.000000e+00,cg2,2,1,10485760,20480,9.536743e-08
64,4,16qam,8.000000e+00,cg3,3,0,10485760,20480,0.000000e+00
64,4,16qam,8.000000e+00,cg4,4,0,10485760,20480,0.000000e+00
64,4,16qam,9.000000e+00,zf,,0,10485760,20480,0.000000e+00
64,4,16qam,9.000000e+00,mmse,,0,10485760,20480,0.000000e+00
64,4,16qam,9.000000e+00,cg1,1,244197,10485760,20480,2.328844e-02
64,4,16qam,9.000000e+00,cg2,2,2,10485760,20480,1.907349e-07
64,4,16qam,9.000000e+00,cg3,3,0,10485760,20480,0.000000e+00
64,4,16qam,9.000000e+00,cg4,4,0,10485760,20480,0.000000e+00
64,4,16qam,1.000000e+01,zf,,0,10485760,20480,0.000000e+00
64,4,16qam,1.000000e+01,mmse,,0,10485760,20480,0.000000e+00
64,4,16qam,1.000000e+01,cg1,1,243507,10485760,20480,2.322264e-02
64,4,16qam,1.000000e+01,cg2,2,0,10485760,20480,0.000000e+00
64,4,16qam,1.000000e+01,cg3,3,0,10485760,20480,0.000000e+00
64,4,16qam,1.000000e+01,cg4,4,0,10485760,20480,0.000000e+00
64,4,16qam,1.100000e+01,zf,,0,10485760,20480,0.000000e+00
64,4,16qam,1.100000e+01,mmse,,0,10485760,20480,0.000000e+00
64,4,16qam,1.100000e+01,cg1,1,236488,10485760,20480,2.255325e-02
64,4,16qam,1.100000e+01,cg2,2,3,10485760,20480,2.861023e-07
64,4,16qam,1.100000e+01,cg3,3,0,10485760,20480,0.000000e+00
64,4,16qam,1.100000e+01,cg4,4,0,10485760,20480,0.000000e+00
64,4,16qam,1.200000e+01,zf,,0,10485760,20480,0.000000e+00
64,4,16qam,1.200000e+01,mmse,,0,10485760,20480,0.000000e+00
64,4,16qam,1.200000e+01,cg1,1,236440,10485760,20480,2.254868e-02
64,4,16qam,1.200000e+01,cg2,2,0,10485760,20480,0.000000e+00
64,4,16qam,1.200000e+01,cg3,3,0,10485760,20480,0.000000e+00
64,4,16qam,1.200000e+01,cg4,4,0,10485760,20480,0.000000e+00
64,4,16qam,1.300000e+01,zf,,0,10485760,20480,0.000000e+00
64,4,16qam,1.300000e+01,mmse,,0,10485760,20480,0.000000e+00
64,4,16qam,1.300000e+01,cg1,1,236302,10485760,20480,2.253551e-02
64,4,16qam,1.300000e+01,cg2,2,2,10485760,20480,1.907349e-07
64,4,16qam,1.300000e+01,cg3,3,0,10485760,20480,0.000000e+00
64,4,16qam,1.300000e+01,cg4,4,0,10485760,20480,0.000000e+00
64,4,16qam,1.400000e+01,zf,,0,10485760,20480,0.000000e+00
64,4,16qam,1.400000e+01,mmse,,0,10485760,20480,0.000000e+00
64,4,16qam,1.400000e+01,cg1,1,234074,10485760,20480,2.232304e-02
64,4,16qam,1.400000e+01,cg2,2,0,10485760,20480,0.000000e+00
64,4,16qam,1.400000e+01,cg3,3,0,10485760,20480,0.000000e+00
64,4,16qam,1.400000e+01,cg4,4,0,10485760,20480,0.000000e+00
64,4,16qam,1.500000e+01,zf,,0,10485760,20480,0.000000e+00
64,4,16qam,1.500000e+01,mmse,,0,10485760,20480,0.000000e+00
64,4,16qam,1.500000e+01,cg1,1,232999,10485760,20480,2.222052e-02
64,4,16qam,1.500000e+01,cg2,2,0,10485760,20480,0.000000e+00
64,4,16qam,1.500000e+01,cg3,3,0,10485760,20480,0.000000e+00
64,4,16qam,1.500000e+01,cg4,4,0,10485760,20480,0.000000e+00
64,4,16qam,1.600000e+01,zf,,0,10485760,20480,0.000000e+00
64,4,16qam,1.600000e+01,mmse,,0,10485760,20480,0.000000e+00
64,4,16qam,1.600000e+01,cg1,1,233727,10485760,20480,2.228994e-02
64,4,16qam,1.600000e+01,cg2,2,0,10485760,20480,0.000000e+00
64,4,16qam,1.600000e+01,cg3,3,0,10485760,20480,0.000000e+00
64,4,16qam,1.600000e+01,cg4,4,0,10485760,20480,0.000000e+00
64,4,16qam,1.700000e+01,zf,,0,10485760,20480,0.000000e+00
64,4,16qam,1.700000e+01,mmse,,0,10485760,20480,0.000000e+00
64,4,16qam,1.700000e+01,cg1,1,229669,10485760,20480,2.190294e-02
64,4,16qam,1.700000e+01,cg2,2,1,10485760,20480,9.536743e-08
64,4,16qam,1.700000e+01,cg3,3,0,10485760,20480,0.000000e+00
64,4,16qam,1.700000e+01,cg4,4,0,10485760,20480,0.000000e+00
64,4,16qam,1.800000e+01,zf,,0,10485760,20480,0.000000e+00
64,4,16qam,1.800000e+01,mmse,,0,10485760,20480,0.000000e+00
64,4,16qam,1.800000e+01,cg1,1,230907,10485760,20480,2.202101e-02
64,4,16qam,1.800000e+01,cg2,2,0,10485760,20480,0.000000e+00
64,4,16qam,1.800000e+01,cg3,3,0,10485760,20480,0.000000e+00
64,4,16qam,1.800000e+01,cg4,4,0,10485760,20480,0.000000e+00
64,4,16qam,1.900000e+01,zf,,0,10485760,20480,0.000000e+00
64,4,16qam,1.900000e+01,mmse,,0,10485760,20480,0.000000e+00
64,4,16qam,1.900000e+01,cg1,1,230757,10485760,20480,2.200670e-02
64,4,16qam,1.900000e+01,cg2,2,2,10485760,20480,1.907349e-07
64,4,16qam,1.900000e+01,cg3,3,0,10485760,20480,0.000000e+00
64,4,16qam,1.900000e+01,cg4,4,0,10485760,20480,0.000000e+00
64,4,16qam,2.000000e+01,zf,,0,10485760,20480,0.000000e+00
64,4,16qam,2.000000e+01,mmse,,0,10485760,20480,0.000000e+00
64,4,16qam,2.000000e+01,cg1,1,230267,10485760,20480,2.195997e-02
64,4,16qam,2.000000e+01,cg2,2,0,10485760,20480,0.000000e+00
64,4,16qam,2.000000e+01,cg3,3,0,10485760,20480,0.000000e+00
64,4,16qam,2.000000e+01,cg4,4,0,10485760,20480,0.000000e+00
64,8,16qam,-2.000000e+01,zf,,359498,1048576,1024,3.428440e-01
64,8,16qam,-2.000000e+01,mmse,,352518,1048576,1024,3.361874e-01
64,8,16qam,-2.000000e+01,cg1,1,354524,1048576,1024,3.381004e-01
64,8,16qam,-2.000000e+01,cg2,2,352640,1048576,1024,3.363037e-01
64,8,16qam,-2.000000e+01,cg3,3,352531,1048576,1024,3.361998e-01
64,8,16qam,-2.000000e+01,cg4,4,352517,1048576,1024,3.361864e-01
64,8,16qam,-2.000000e+01,cg8,8,352518,1048576,1024,3.361874e-01
64,8,16qam,-1.900000e+01,zf,,336912,1048576,1024,3.213043e-01
64,8,16qam,-1.900000e+01,mmse,,330017,1048576,1024,3.147287e-01
64,8,16qam,-1.900000e+01,cg1,1,332447,1048576,1024,3.170462e-01
64,8,16qam,-1.900000e+01,cg2,2,330025,1048576,1024,3.147364e-01
64,8,16qam,-1.900000e+01,cg3,3,330024,1048576,1024,3.147354e-01
64,8,16qam,-1.900000e+01,cg4,4,330011,1048576,1024,3.147230e-01
64,8,16qam,-1.900000e+01,cg8,8,330017,1048576,1024,3.147287e-01
64,8,16qam,-1.800000e+01,zf,,313563,1048576,1024,2.990370e-01
64,8,16qam,-1.800000e+01,mmse,,306791,1048576,1024,2.925787e-01
64,8,16qam,-1.800000e+01,cg1,1,310773,1048576,1024,2.963762e-01
64,8,16qam,-1.800000e+01,cg2,2,306798,1048576,1024,2.925854e-01
64,8,16qam,-1.800000e+01,cg3,3,306829,1048576,1024,2.926149e-01
64,8,16qam,-1.800000e+01,cg4,4,306800,1048576,1024,2.925873e-01
64,8,16qam,-1.800000e+01,cg8,8,306791,1048576,1024,2.925787e-01
64,8,16qam,-1.700000e+01,zf,,287188,1048576,1024,2.738838e-01
64,8,16qam,-1.700000e+01,mmse,,280864,1048576,1024,2.678528e-01
64,8,16qam,-1.700000e+01,cg1,1,287070,1048576,1024,2.737713e-01
64,8,16qam,-1.700000e+01,cg2,2,280968,1048576,1024,2.679520e-01
64,8,16qam,-1.700000e+01,cg3,3,280863,1048576,1024,2.678518e-01
64,8,16qam,-1.700000e+01,cg4,4,280874,1048576,1024,2.678623e-01
64,8,16qam,-1.700000e+01,cg8,8,280864,1048576,1024,2.678528e-01
64,8,16qam,-1.600000e+01,zf,,261043,1048576,1024,2.489500e-01
64,8,16qam,-1.600000e+01,mmse,,255296,1048576,1024,2.434692e-01
64,8,16qam,-1.600000e+01,cg1,1,263732,1048576,1024,2.515144e-01
64,8,16qam,-1.600000e+01,cg2,2,255529,1048576,1024,2.436914e-01
64,8,16qam,-1.600000e+01,cg3,3,255208,1048576,1024,2.433853e-01
64,8,16qam,-1.600000e+01,cg4,4,255303,1048576,1024,2.434759e-01
64,8,16qam,-1.600000e+01,cg8,8,255296,1048576,1024,2.434692e-01
64,8,16qam,-1.500000e+01,zf,,234789,1048576,1024,2.239122e-01
64,8,16qam,-1.500000e+01,mmse,,229858,1048576,1024,2.192097e-01
64,8,16qam,-1.500000e+01,cg1,1,242017,1048576,1024,2.308054e-01
64,8,16qam,-1.500000e+01,cg2,2,230385,1048576,1024,2.197123e-01
64,8,16qam,-1.500000e+01,cg3,3,229885,1048576,1024,2.192354e-01
64,8,16qam,-1.500000e+01,cg4,4,229852,1048576,1024,2.192039e-01
64,8,16qam,-1.500000e+01,cg8,8,229858,1048576,1024,2.192097e-01
64,8,16qam,-1.400000e+01,zf,,209033,1048576,1024,1.993494e-01
64,8,16qam,-1.400000e+01,mmse,,204701,1048576,1024,1.952181e-01
64,8,16qam,-1.400000e+01,cg1,1,221172,1048576,1024,2.109261e-01
64,8,16qam,-1.400000e+01,cg2,2,205286,1048576,1024,1.957760e-01
64,8,16qam,-1.400000e+01,cg3,3,204623,1048576,1024,1.951437e-01
64,8,16qam,-1.400000e+01,cg4,4,204698,1048576,1024,1.952152e-01
64,8,16qam,-1.400000e+01,cg8,8,204701,1048576,1024,1.952181e-01
64,8,16qam,-1.300000e+01,zf,,184156,1048576,1024,1.756248e-01
64,8,16qam,-1.300000e+01,mmse,,181174,1048576,1024,1.727810e-01
64,8,16qam,-1.300000e+01,cg1,1,203879,1048576,1024,1.944342e-01
64,8,16qam,-1.300000e+01,cg2,2,182272,1048576,1024,1.738281e-01
64,8,16qam,-1.300000e+01,cg3,3,181127,1048576,1024,1.727362e-01
64,8,16qam,-1.300000e+01,cg4,4,181149,1048576,1024,1.727571e-01
64,8,16qam,-1.300000e+01,cg8,8,181174,1048576,1024,1.727810e-01
64,8,16qam,-1.200000e+01,zf,,159941,1048576,1024,1.525316e-01
64,8,16qam,-1.200000e+01,mmse,,157397,1048576,1024,1.501055e-01
64,8,16qam,-1.200000e+01,cg1,1,187004,1048576,1024,1.783409e-01
64,8,16qam,-1.200000e+01,cg2,2,159172,1048576,1024,1.517982e-01
64,8,16qam,-1.200000e+01,cg3,3,157416,1048576,1024,1.501236e-01
64,8,16qam,-1.200000e+01,cg4,4,157374,1048576,1024,1.500835e-01
64,8,16qam,-1.200000e+01,cg8,8,157397,1048576,1024,1.501055e-01
64,8,16qam,-1.100000e+01,zf,,136333,1048576,1024,1.300173e-01
64,8,16qam,-1.100000e+01,mmse,,134061,1048576,1024,1.278505e-01
64,8,16qam,-1.100000e+01,cg1,1,171190,1048576,1024,1.632595e-01
64,8,16qam,-1.100000e+01,cg2,2,136544,1048576,1024,1.302185e-01
64,8,16qam,-1.100000e+01,cg3,3,134139,1048576,1024,1.279249e-01
64,8,16qam,-1.100000e+01,cg4,4,134081,1048576,1024,1.278696e-01
64,8,16qam,-1.100000e+01,cg8,8,134061,1048576,1024,1.278505e-01
64,8,16qam,-1.000000e+01,zf,,113659,1048576,1024,1.083937e-01
64,8,16qam,-1.000000e+01,mmse,,111761,1048576,1024,1.065836e-01
64,8,16qam,-1.000000e+01,cg1,1,156771,1048576,1024,1.495085e-01
64,8,16qam,-1.000000e+01,cg2,2,114829,1048576,1024,1.095095e-01
64,8,16qam,-1.000000e+01,cg3,3,111843,1048576,1024,1.066618e-01
64,8,16qam,-1.000000e+01,cg4,4,111730,1048576,1024,1.065540e-01
64,8,16qam,-1.000000e+01,cg8,8,111761,1048576,1024,1.065836e-01
64,8,16qam,-9.000000e+00,zf,,91835,1048576,1024,8.758068e-02
64,8,16qam,-9.000000e+00,mmse,,90450,1048576,1024,8.625984e-02
64,8,16qam,-9.000000e+00,cg1,1,146618,1048576,1024,1.398258e-01
64,8,16qam,-9.000000e+00,cg2,2,95236,1048576,1024,9.082413e-02
64,8,16qam,-9.000000e+00,cg3,3,90663,1048576,1024,8.646297e-02
64,8,16qam,-9.000000e+00,cg4,4,90383,1048576,1024,8.619595e-02
64,8,16qam,-9.000000e+00,cg8,8,90450,1048576,1024,8.625984e-02
64,8,16qam,-8.000000e+00,zf,,71251,1048576,1024,6.795025e-02
64,8,16qam,-8.000000e+00,mmse,,70240,1048576,1024,6.698608e-02
64,8,16qam,-8.000000e+00,cg1,1,135981,1048576,1024,1.296816e-01
64,8,16qam,-8.000000e+00,cg2,2,75918,1048576,1024,7.240105e-02
64,8,16qam,-8.000000e+00,cg3,3,70534,1048576,1024,6.726646e-02
64,8,16qam,-8.000000e+00,cg4,4,70248,1048576,1024,6.699371e-02
64,8,16qam,-8.000000e+00,cg8,8,70240,1048576,1024,6.698608e-02
64,8,16qam,-7.000000e+00,zf,,53015,1048576,1024,5.055904e-02
64,8,16qam,-7.000000e+00,mmse,,52071,1048576,1024,4.965878e-02
64,8,16qam,-7.000000e+00,cg1,1,126699,1048576,1024,1.208296e-01
64,8,16qam,-7.000000e+00,cg2,2,59050,1048576,1024,5.631447e-02
64,8,16qam,-7.000000e+00,cg3,3,52790,1048576,1024,5.034447e-02
64,8,16qam,-7.000000e+00,cg4,4,52199,1048576,1024,4.978085e-02
64,8,16qam,-7.000000e+00,cg8,8,52071,1048576,1024,4.965878e-02
64,8,16qam,-6.000000e+00,zf,,36443,1048576,1024,3.475475e-02
64,8,16qam,-6.000000e+00,mmse,,35994,1048576,1024,3.432655e-02
64,8,16qam,-6.000000e+00,cg1,1,118457,1048576,1024,1.129694e-01
64,8,16qam,-6.000000e+00,cg2,2,43352,1048576,1024,4.134369e-02
64,8,16qam,-6.000000e+00,cg3,3,36453,1048576,1024,3.476429e-02
64,8,16qam,-6.000000e+00,cg4,4,36016,1048576,1024,3.434753e-02
64,8,16qam,-6.000000e+00,cg8,8,35994,1048576,1024,3.432655e-02
64,8,16qam,-5.000000e+00,zf,,23648,1048576,1024,2.255249e-02
64,8,16qam,-5.000000e+00,mmse,,23392,1048576,1024,2.230835e-02
64,8,16qam,-5.000000e+00,cg1,1,111956,1048576,1024,1.067696e-01
64,8,16qam,-5.000000e+00,cg2,2,31362,1048576,1024,2.990913e-02
64,8,16qam,-5.000000e+00,cg3,3,23923,1048576,1024,2.281475e-02
64,8,16qam,-5.000000e+00,cg4,4,23422,1048576,1024,2.233696e-02
64,8,16qam,-5.000000e+00,cg8,8,23392,1048576,1024,2.230835e-02
64,8,16qam,-4.000000e+00,zf,,14085,1048576,1024,1.343250e-02
64,8,16qam,-4.000000e+00,mmse,,13921,1048576,1024,1.327610e-02
64,8,16qam,-4.000000e+00,cg1,1,108430,1048576,1024,1.034069e-01
64,8,16qam,-4.000000e+00,cg2,2,21933,1048576,1024,2.091694e-02
64,8,16qam,-4.000000e+00,cg3,3,14458,1048576,1024,1.378822e-02
64,8,16qam,-4.000000e+00,cg4,4,13950,1048576,1024,1.330376e-02
64,8,16qam,-4.000000e+00,cg8,8,13921,1048576,1024,1.327610e-02
64,8,16qam,-3.000000e+00,zf,,7231,1048576,1024,6.896019e-03
64,8,16qam,-3.000000e+00,mmse,,7122,1048576,1024,6.792068e-03
64,8,16qam,-3.000000e+00,cg1,1,104449,1048576,1024,9.961033e-02
64,8,16qam,-3.000000e+00,cg2,2,14440,1048576,1024,1.377106e-02
64,8,16qam,-3.000000e+00,cg3,3,7637,1048576,1024,7.283211e-03
64,8,16qam,-3.000000e+00,cg4,4,7144,1048576,1024,6.813049e-03
64,8,16qam,-3.000000e+00,cg8,8,7122,1048576,1024,6.792068e-03
64,8,16qam,-2.000000e+00,zf,,3271,1048576,1024,3.119469e-03
64,8,16qam,-2.000000e+00,mmse,,3245,1048576,1024,3.094673e-03
64,8,16qam,-2.000000e+00,cg1,1,100711,1048576,1024,9.604549e-02
64,8,16qam,-2.000000e+00,cg2,2,9322,1048576,1024,8.890152e-03
64,8,16qam,-2.000000e+00,cg3,3,3610,1048576,1024,3.442764e-03
64,8,16qam,-2.000000e+00,cg4,4,3270,1048576,1024,3.118515e-03
64,8,16qam,-2.000000e+00,cg8,8,3245,1048576,1024,3.094673e-03
64,8,16qam,-1.000000e+00,zf,,1255,1048576,1024,1.196861e-03
64,8,16qam,-1.000000e+00,mmse,,1246,1048576,1024,1.188278e-03
64,8,16qam,-1.000000e+00,cg1,1,96955,1048576,1024,9.246349e-02
64,8,16qam,-1.000000e+00,cg2,2,5842,1048576,1024,5.571365e-03
64,8,16qam,-1.000000e+00,cg3,3,1487,1048576,1024,1.418114e-03
64,8,16qam,-1.000000e+00,cg4,4,1250,1048576,1024,1.192093e-03
64,8,16qam,-1.000000e+00,cg8,8,1246,1048576,1024,1.188278e-03
64,8,16qam,0.000000e+00,zf,,379,1048576,1024,3.614426e-04
64,8,16qam,0.000000e+00,mmse,,381,1048576,1024,3.633499e-04
64,8,16qam,0.000000e+00,cg1,1,95828,1048576,1024,9.138870e-02
64,8,16qam,0.000000e+00,cg2,2,3829,1048576,1024,3.651619e-03
64,8,16qam,0.000000e+00,cg3,3,525,1048576,1024,5.006790e-04
64,8,16qam,0.000000e+00,cg4,4,391,1048576,1024,3.728867e-04
64,8,16qam,0.000000e+00,cg8,8,381,1048576,1024,3.633499e-04
64,8,16qam,1.000000e+00,zf,,193,2097152,2048,9.202957e-05
64,8,16qam,1.000000e+00,mmse,,188,2097152,2048,8.964539e-05
64,8,16qam,1.000000e+00,cg1,1,185195,2097152,2048,8.830786e-02
64,8,16qam,1.000000e+00,cg2,2,4786,2097152,2048,2.282143e-03
64,8,16qam,1.000000e+00,cg3,3,308,2097152,2048,1.468658e-04
64,8,16qam,1.000000e+00,cg4,4,202,2097152,2048,9.632111e-05
64,8,16qam,1.000000e+00,cg8,8,188,2097152,2048,8.964539e-05
64,8,16qam,2.000000e+00,zf,,117,7340032,7168,1.593999e-05
64,8,16qam,2.000000e+00,mmse,,110,7340032,7168,1.498631e-05
64,8,16qam,2.000000e+00,cg1,1,642643,7340032,7168,8.755316e-02
64,8,16qam,2.000000e+00,cg2,2,11346,7340032,7168,1.545770e-03
64,8,16qam,2.000000e+00,cg3,3,252,7340032,7168,3.433228e-05
64,8,16qam,2.000000e+00,cg4,4,120,7340032,7168,1.634870e-05
64,8,16qam,2.000000e+00,cg8,8,110,7340032,7168,1.498631e-05
64,8,16qam,3.000000e+00,zf,,22,10485760,10240,2.098083e-06
64,8,16qam,3.000000e+00,mmse,,22,10485760,10240,2.098083e-06
64,8,16qam,3.000000e+00,cg1,1,905755,10485760,10240,8.637953e-02
64,8,16qam,3.000000e+00,cg2,2,11351,10485760,10240,1.082516e-03
64,8,16qam,3.000000e+00,cg3,3,85,10485760,10240,8.106232e-06
64,8,16qam,3.000000e+00,cg4,4,27,10485760,10240,2.574921e-06
64,8,16qam,3.000000e+00,cg8,8,22,10485760,10240,2.098083e-06
64,8,16qam,4.000000e+00,zf,,0,10485760,10240,0.000000e+00
64,8,16qam,4.000000e+00,mmse,,0,10485760,10240,0.000000e+00
64,8,16qam,4.000000e+00,cg1,1,896075,10485760,10240,8.545637e-02
64,8,16qam,4.000000e+00,cg2,2,8174,10485760,10240,7.795334e-04
64,8,16qam,4.000000e+00,cg3,3,14,10485760,10240,1.335144e-06
64,8,16qam,4.000000e+00,cg4,4,0,10485760,10240,0.000000e+00
64,8,16qam,4.000000e+00,cg8,8,0,10485760,10240,0.000000e+00
64,8,16qam,5.000000e+00,zf,,0,10485760,10240,0.000000e+00
64,8,16qam,5.000000e+00,mmse,,0,10485760,10240,0.000000e+00
64,8,16qam,5.000000e+00,cg1,1,888377,10485760,10240,8.472223e-02
64,8,16qam,5.000000e+00,cg2,2,6447,10485760,10240,6.148338e-04
64,8,16qam,5.000000e+00,cg3,3,1,10485760,10240,9.536743e-08
64,8,16qam,5.000000e+00,cg4,4,0,10485760,10240,0.000000e+00
64,8,16qam,5.000000e+00,cg8,8,0,10485760,10240,0.000000e+00
64,8,16qam,6.000000e+00,zf,,0,10485760,10240,0.000000e+00
64,8,16qam,6.000000e+00,mmse,,0,10485760,10240,0.000000e+00
64,8,16qam,6.000000e+00,cg1,1,876951,10485760,10240,8.363256e-02
64,8,16qam,6.000000e+00,cg2,2,5047,10485760,10240,4.813194e-04
64,8,16qam,6.000000e+00,cg3,3,0,10485760,10240,0.000000e+00
64,8,16qam,6.000000e+00,cg4,4,0,10485760,10240,0.000000e+00
64,8,16qam,6.000000e+00,cg8,8,0,10485760,10240,0.000000e+00
64,8,16qam,7.000000e+00,zf,,0,10485760,10240,0.000000e+00
64,8,16qam,7.000000e+00,mmse,,0,10485760,10240,0.000000e+00
64,8,16qam,7.000000e+00,cg1,1,878282,10485760,10240,8.375950e-02
64,8,16qam,7.000000e+00,cg2,2,4219,10485760,10240,4.023552e-04
64,8,16qam,7.000000e+00,cg3,3,0,10485760,10240,0.000000e+00
64,8,16qam,7.000000e+00,cg4,4,0,10485760,10240,0.000000e+00
64,8,16qam,7.000000e+00,cg8,8,0,10485760,10240,0.000000e+00
64,8,16qam,8.000000e+00,zf,,0,10485760,10240,0.000000e+00
64,8,16qam,8.000000e+00,mmse,,0,10485760,10240,0.000000e+00
64,8,16qam,8.000000e+00,cg1,1,879491,10485760,10240,8.387480e-02
64,8,16qam,8.000000e+00,cg2,2,3788,10485760,10240,3.612518e-04
64,8,16qam,8.000000e+00,cg3,3,0,10485760,10240,0.000000e+00
64,8,16qam,8.000000e+00,cg4,4,0,10485760,10240,0.000000e+00
64,8,16qam,8.000000e+00,cg8,8,0,10485760,10240,0.000000e+00
64,8,16qam,9.000000e+00,zf,,0,10485760,10240,0.000000e+00
64,8,16qam,9.000000e+00,mmse,,0,10485760,10240,0.000000e+00
64,8,16qam,9.000000e+00,cg1,1,870594,10485760,10240,8.302631e-02
64,8,16qam,9.000000e+00,cg2,2,3191,10485760,10240,3.043175e-04
64,8,16qam,9.000000e+00,cg3,3,0,10485760,10240,0.000000e+00
64,8,16qam,9.000000e+00,cg4,4,0,10485760,10240,0.000000e+00
64,8,16qam,9.000000e+00,cg8,8,0,10485760,10240,0.000000e+00
64,8,16qam,1.000000e+01,zf,,0,10485760,10240,0.000000e+00
64,8,16qam,1.000000e+01,mmse,,0,10485760,10240,0.000000e+00
64,8,16qam,1.000000e+01,cg1,1,869620,10485760,10240,8.293343e-02
64,8,16qam,1.000000e+01,cg2,2,2927,10485760,10240,2.791405e-04
64,8,16qam,1.000000e+01,cg3,3,0,10485760,10240,0.000000e+00
64,8,16qam,1.000000e+01,cg4,4,0,10485760,10240,0.000000e+00
64,8,16qam,1.000000e+01,cg8,8,0,10485760,10240,0.000000e+00
64,8,16qam,1.100000e+01,zf,,0,10485760,10240,0.000000e+00
64,8,16qam,1.100000e+01,mmse,,0,10485760,10240,0.000000e+00
64,8,16qam,1.100000e+01,cg1,1,868336,10485760,10240,8.281097e-02
64,8,16qam,1.100000e+01,cg2,2,2708,10485760,10240,2.582550e-04
64,8,16qam,1.100000e+01,cg3,3,0,10485760,10240,0.000000e+00
64,8,16qam,1.100000e+01,cg4,4,0,10485760,10240,0.000000e+00
64,8,16qam,1.100000e+01,cg8,8,0,10485760,10240,0.000000e+00
64,8,16qam,1.200000e+01,zf,,0,10485760,10240,0.000000e+00
64,8,16qam,1.200000e+01,mmse,,0,10485760,10240,0.000000e+00
64,8,16qam,1.200000e+01,cg1,1,868243,10485760,10240,8.280210e-02
64,8,16qam,1.200000e+01,cg2,2,2589,10485760,10240,2.469063e-04
64,8,16qam,1.200000e+01,cg3,3,0,10485760,10240,0.000000e+00
64,8,16qam,1.200000e+01,cg4,4,0,10485760,10240,0.000000e+00
64,8,16qam,1.200000e+01,cg8,8,0,10485760,10240,0.000000e+00
64,8,16qam,1.300000e+01,zf,,0,10485760,10240,0.000000e+00
64,8,16qam,1.300000e+01,mmse,,0,10485760,10240,0.000000e+00
64,8,16qam,1.300000e+01,cg1,1,864578,10485760,10240,8.245258e-02
64,8,16qam,1.300000e+01,cg2,2,2430,10485760,10240,2.317429e-04
64,8,16qam,1.300000e+01,cg3,3,0,10485760,10240,0.000000e+00
64,8,16qam,1.300000e+01,cg4,4,0,10485760,10240,0.000000e+00
64,8,16qam,1.300000e+01,cg8,8,0,10485760,10240,0.000000e+00
64,8,16qam,1.400000e+01,zf,,0,10485760,10240,0.000000e+00
64,8,16qam,1.400000e+01,mmse,,0,10485760,10240,0.000000e+00
64,8,16qam,1.400000e+01,cg1,1,865139,10485760,10240,8.250608e-02
64,8,16qam,1.400000e+01,cg2,2,2182,10485760,10240,2.080917e-04
64,8,16qam,1.400000e+01,cg3,3,0,10485760,10240,0.000000e+00
64,8,16qam,1.400000e+01,cg4,4,0,10485760,10240,0.000000e+00
64,8,16qam,1.400000e+01,cg8,8,0,10485760,10240,0.000000e+00
64,8,16qam,1.500000e+01,zf,,0,10485760,10240,0.000000e+00
64,8,16qam,1.500000e+01,mmse,,0,10485760,10240,0.000000e+00
64,8,16qam,1.500000e+01,cg1,1,865684,10485760,10240,8.255806e-02
64,8,16qam,1.500000e+01,cg2,2,2279,10485760,10240,2.173424e-04
64,8,16qam,1.500000e+01,cg3,3,0,10485760,10240,0.000000e+00
64,8,16qam,1.500000e+01,cg4,4,0,10485760,10240,0.000000e+00
64,8,16qam,1.500000e+01,cg8,8,0,10485760,10240,0.000000e+00
64,8,16qam,1.600000e+01,zf,,0,10485760,10240,0.000000e+00
64,8,16qam,1.600000e+01,mmse,,0,10485760,10240,0.000000e+00
64,8,16qam,1.600000e+01,cg1,1,861172,10485760,10240,8.212776e-02
64,8,16qam,1.600000e+01,cg2,2,2293,10485760,10240,2.186775e-04
64,8,16qam,1.600000e+01,cg3,3,0,10485760,10240,0.000000e+00
64,8,16qam,1.600000e+01,cg4,4,0,10485760,10240,0.000000e+00
64,8,16qam,1.600000e+01,cg8,8,0,10485760,10240,0.000000e+00
64,8,16qam,1.700000e+01,zf,,0,10485760,10240,0.000000e+00
64,8,16qam,1.700000e+01,mmse,,0,10485760,10240,0.000000e+00
64,8,16qam,1.700000e+01,cg1,1,864052,10485760,10240,8.240242e-02
64,8,16qam,1.700000e+01,cg2,2,2134,10485760,10240,2.035141e-04
64,8,16qam,1.700000e+01,cg3,3,0,10485760,10240,0.000000e+00
64,8,16qam,1.700000e+01,cg4,4,0,10485760,10240,0.000000e+00
64,8,16qam,1.700000e+01,cg8,8,0,10485760,10240,0.000000e+00
64,8,16qam,1.800000e+01,zf,,0,10485760,10240,0.000000e+00
64,8,16qam,1.800000e+01,mmse,,0,10485760,10240,0.000000e+00
64,8,16qam,1.800000e+01,cg1,1,859939,10485760,10240,8.201017e-02
64,8,16qam,1.800000e+01,cg2,2,2004,10485760,10240,1.911163e-04
64,8,16qam,1.800000e+01,cg3,3,0,10485760,10240,0.000000e+00
64,8,16qam,1.800000e+01,cg4,4,0,10485760,10240,0.000000e+00
64,8,16qam,1.800000e+01,cg8,8,0,10485760,10240,0.000000e+00
64,8,16qam,1.900000e+01,zf,,0,10485760,10240,0.000000e+00
64,8,16qam,1.900000e+01,mmse,,0,10485760,10240,0.000000e+00
64,8,16qam,1.900000e+01,cg1,1,862962,10485760,10240,8.229847e-02
64,8,16qam,1.900000e+01,cg2,2,2188,10485760,10240,2.086639e-04
64,8,16qam,1.900000e+01,cg3,3,0,10485760,10240,0.000000e+00
64,8,16qam,1.900000e+01,cg4,4,0,10485760,10240,0.000000e+00
64,8,16qam,1.900000e+01,cg8,8,0,10485760,10240,0.000000e+00
64,8,16qam,2.000000e+01,zf,,0,10485760,10240,0.000000e+00
64,8,16qam,2.000000e+01,mmse,,0,10485760,10240,0.000000e+00
64,8,16qam,2.000000e+01,cg1,1,861685,10485760,10240,8.217669e-02
64,8,16qam,2.000000e+01,cg2,2,2139,10485760,10240,2.039909e-04
64,8,16qam,2.000000e+01,cg3,3,0,10485760,10240,0.000000e+00
64,8,16qam,2.000000e+01,cg4,4,0,10485760,10240,0.000000e+00
64,8,16qam,2.000000e+01,cg8,8,0,10485760,10240,0.000000e+00
64,16,16qam,-2.000000e+01,zf,,372632,1048576,512,3.553696e-01
64,16,16qam,-2.000000e+01,mmse,,356235,1048576,512,3.397322e-01
64,16,16qam,-2.000000e+01,cg1,1,359454,1048576,512,3.428020e-01
64,16,16qam,-2.000000e+01,cg2,2,356212,1048576,512,3.397102e-01
64,16,16qam,-2.000000e+01,cg3,3,356220,1048576,512,3.397179e-01
64,16,16qam,-2.000000e+01,cg4,4,356235,1048576,512,3.397322e-01
64,16,16qam,-2.000000e+01,cg16,16,356235,1048576,512,3.397322e-01
64,16,16qam,-1.900000e+01,zf,,351720,1048576,512,3.354263e-01
64,16,16qam,-1.900000e+01,mmse,,335571,1048576,512,3.200254e-01
64,16,16qam,-1.900000e+01,cg1,1,340096,1048576,512,3.243408e-01
64,16,16qam,-1.900000e+01,cg2,2,335568,1048576,512,3.200226e-01
64,16,16qam,-1.900000e+01,cg3,3,335497,1048576,512,3.199549e-01
64,16,16qam,-1.900000e+01,cg4,4,335530,1048576,512,3.199863e-01
64,16,16qam,-1.900000e+01,cg16,16,335571,1048576,512,3.200254e-01
64,16,16qam,-1.800000e+01,zf,,328010,1048576,512,3.128147e-01
64,16,16qam,-1.800000e+01,mmse,,312500,1048576,512,2.980232e-01
64,16,16qam,-1.800000e+01,cg1,1,320098,1048576,512,3.052692e-01
64,16,16qam,-1.800000e+01,cg2,2,312831,1048576,512,2.983389e-01
64,16,16qam,-1.800000e+01,cg3,3,312448,1048576,512,2.979736e-01
64,16,16qam,-1.800000e+01,cg4,4,312488,1048576,512,2.980118e-01
64,16,16qam,-1.800000e+01,cg16,16,312500,1048576,512,2.980232e-01
64,16,16qam,-1.700000e+01,zf,,304419,1048576,512,2.903166e-01
64,16,16qam,-1.700000e+01,mmse,,289965,1048576,512,2.765322e-01
64,16,16qam,-1.700000e+01,cg1,1,301233,1048576,512,2.872782e-01
64,16,16qam,-1.700000e+01,cg2,2,290523,1048576,512,2.770643e-01
64,16,16qam,-1.700000e+01,cg3,3,289972,1048576,512,2.765388e-01
64,16,16qam,-1.700000e+01,cg4,4,290019,1048576,512,2.765837e-01
64,16,16qam,-1.700000e+01,cg16,16,289965,1048576,512,2.765322e-01
64,16,16qam,-1.600000e+01,zf,,278341,1048576,512,2.654467e-01
64,16,16qam,-1.600000e+01,mmse,,264720,1048576,512,2.524567e-01
64,16,16qam,-1.600000e+01,cg1,1,281082,1048576,512,2.680607e-01
64,16,16qam,-1.600000e+01,cg2,2,265937,1048576,512,2.536173e-01
64,16,16qam,-1.600000e+01,cg3,3,264773,1048576,512,2.525072e-01
64,16,16qam,-1.600000e+01,cg4,4,264700,1048576,512,2.524376e-01
64,16,16qam,-1.600000e+01,cg16,16,264720,1048576,512,2.524567e-01
64,16,16qam,-1.500000e+01,zf,,252475,1048576,512,2.407789e-01
64,16,16qam,-1.500000e+01,mmse,,240073,1048576,512,2.289515e-01
64,16,16qam,-1.500000e+01,cg1,1,263370,1048576,512,2.511692e-01
64,16,16qam,-1.500000e+01,cg2,2,242207,1048576,512,2.309866e-01
64,16,16qam,-1.500000e+01,cg3,3,240333,1048576,512,2.291994e-01
64,16,16qam,-1.500000e+01,cg4,4,240145,1048576,512,2.290201e-01
64,16,16qam,-1.500000e+01,cg16,16,240073,1048576,512,2.289515e-01
64,16,16qam,-1.400000e+01,zf,,226203,1048576,512,2.157240e-01
64,16,16qam,-1.400000e+01,mmse,,215217,1048576,512,2.052469e-01
64,16,16qam,-1.400000e+01,cg1,1,245901,1048576,512,2.345095e-01
64,16,16qam,-1.400000e+01,cg2,2,217986,1048576,512,2.078876e-01
64,16,16qam,-1.400000e+01,cg3,3,215362,1048576,512,2.053852e-01
64,16,16qam,-1.400000e+01,cg4,4,215227,1048576,512,2.052565e-01
64,16,16qam,-1.400000e+01,cg16,16,215217,1048576,512,2.052469e-01
64,16,16qam,-1.300000e+01,zf,,200662,1048576,512,1.913662e-01
64,16,16qam,-1.300000e+01,mmse,,191479,1048576,512,1.826086e-01
64,16,16qam,-1.300000e+01,cg1,1,232645,1048576,512,2.218676e-01
64,16,16qam,-1.300000e+01,cg2,2,196565,1048576,512,1.874590e-01
64,16,16qam,-1.300000e+01,cg3,3,191908,1048576,512,1.830177e-01
64,16,16qam,-1.300000e+01,cg4,4,191425,1048576,512,1.825571e-01
64,16,16qam,-1.300000e+01,cg16,16,191479,1048576,512,1.826086e-01
64,16,16qam,-1.200000e+01,zf,,176304,1048576,512,1.681366e-01
64,16,16qam,-1.200000e+01,mmse,,168869,1048576,512,1.610460e-01
64,16,16qam,-1.200000e+01,cg1,1,220457,1048576,512,2.102442e-01
64,16,16qam,-1.200000e+01,cg2,2,175888,1048576,512,1.677399e-01
64,16,16qam,-1.200000e+01,cg3,3,169847,1048576,512,1.619787e-01
64,16,16qam,-1.200000e+01,cg4,4,169090,1048576,512,1.612568e-01
64,16,16qam,-1.200000e+01,cg16,16,168869,1048576,512,1.610460e-01
64,16,16qam,-1.100000e+01,zf,,152144,1048576,512,1.450958e-01
64,16,16qam,-1.100000e+01,mmse,,146213,1048576,512,1.394396e-01
64,16,16qam,-1.100000e+01,cg1,1,210417,1048576,512,2.006693e-01
64,16,16qam,-1.100000e+01,cg2,2,155980,1048576,512,1.487541e-01
64,16,16qam,-1.100000e+01,cg3,3,147609,1048576,512,1.407709e-01
64,16,16qam,-1.100000e+01,cg4,4,146383,1048576,512,1.396017e-01
64,16,16qam,-1.100000e+01,cg16,16,146213,1048576,512,1.394396e-01
64,16,16qam,-1.000000e+01,zf,,129223,1048576,512,1.232367e-01
64,16,16qam,-1.000000e+01,mmse,,124201,1048576,512,1.184473e-01
64,16,16qam,-1.000000e+01,cg1,1,202625,1048576,512,1.932383e-01
64,16,16qam,-1.000000e+01,cg2,2,138300,1048576,512,1.318932e-01
64,16,16qam,-1.000000e+01,cg3,3,126367,1048576,512,1.205130e-01
64,16,16qam,-1.000000e+01,cg4,4,124587,1048576,512,1.188154e-01
64,16,16qam,-1.000000e+01,cg16,16,124201,1048576,512,1.184473e-01
64,16,16qam,-9.000000e+00,zf,,106139,1048576,512,1.012220e-01
64,16,16qam,-9.000000e+00,mmse,,102218,1048576,512,9.748268e-02
64,16,16qam,-9.000000e+00,cg1,1,195584,1048576,512,1.865234e-01
64,16,16qam,-9.000000e+00,cg2,2,120391,1048576,512,1.148138e-01
64,16,16qam,-9.000000e+00,cg3,3,105196,1048576,512,1.003227e-01
64,16,16qam,-9.000000e+00,cg4,4,102615,1048576,512,9.786129e-02
64,16,16qam,-9.000000e+00,cg16,16,102218,1048576,512,9.748268e-02
64,16,16qam,-8.000000e+00,zf,,84897,1048576,512,8.096409e-02
64,16,16qam,-8.000000e+00,mmse,,81823,1048576,512,7.803249e-02
64,16,16qam,-8.000000e+00,cg1,1,190778,1048576,512,1.819401e-01
64,16,16qam,-8.000000e+00,cg2,2,104882,1048576,512,1.000233e-01
64,16,16qam,-8.000000e+00,cg3,3,86056,1048576,512,8.206940e-02
64,16,16qam,-8.000000e+00,cg4,4,82424,1048576,512,7.860565e-02
64,16,16qam,-8.000000e+00,cg16,16,81823,1048576,512,7.803249e-02
64,16,16qam,-7.000000e+00,zf,,64996,1048576,512,6.198502e-02
64,16,16qam,-7.000000e+00,mmse,,62607,1048576,512,5.970669e-02
64,16,16qam,-7.000000e+00,cg1,1,186590,1048576,512,1.779461e-01
64,16,16qam,-7.000000e+00,cg2,2,90739,1048576,512,8.653545e-02
64,16,16qam,-7.000000e+00,cg3,3,67695,1048576,512,6.455898e-02
64,16,16qam,-7.000000e+00,cg4,4,63420,1048576,512,6.048203e-02
64,16,16qam,-7.000000e+00,cg16,16,62607,1048576,512,5.970669e-02
64,16,16qam,-6.000000e+00,zf,,46770,1048576,512,4.460335e-02
64,16,16qam,-6.000000e+00,mmse,,45202,1048576,512,4.310799e-02
64,16,16qam,-6.000000e+00,cg1,1,183882,1048576,512,1.753635e-01
64,16,16qam,-6.000000e+00,cg2,2,78218,1048576,512,7.459450e-02
64,16,16qam,-6.000000e+00,cg3,3,51783,1048576,512,4.938412e-02
64,16,16qam,-6.000000e+00,cg4,4,46322,1048576,512,4.417610e-02
64,16,16qam,-6.000000e+00,cg16,16,45202,1048576,512,4.310799e-02
64,16,16qam,-5.000000e+00,zf,,32010,1048576,512,3.052711e-02
64,16,16qam,-5.000000e+00,mmse,,31021,1048576,512,2.958393e-02
64,16,16qam,-5.000000e+00,cg1,1,180996,1048576,512,1.726112e-01
64,16,16qam,-5.000000e+00,cg2,2,67875,1048576,512,6.473064e-02
64,16,16qam,-5.000000e+00,cg3,3,38144,1048576,512,3.637695e-02
64,16,16qam,-5.000000e+00,cg4,4,32369,1048576,512,3.086948e-02
64,16,16qam,-5.000000e+00,cg16,16,31021,1048576,512,2.958393e-02
64,16,16qam,-4.000000e+00,zf,,20189,1048576,512,1.925373e-02
64,16,16qam,-4.000000e+00,mmse,,19427,1048576,512,1.852703e-02
64,16,16qam,-4.000000e+00,cg1,1,179585,1048576,512,1.712656e-01
64,16,16qam,-4.000000e+00,cg2,2,58837,1048576,512,5.611134e-02
64,16,16qam,-4.000000e+00,cg3,3,27124,1048576,512,2.586746e-02
64,16,16qam,-4.000000e+00,cg4,4,20885,1048576,512,1.991749e-02
64,16,16qam,-4.000000e+00,cg16,16,19427,1048576,512,1.852703e-02
64,16,16qam,-3.000000e+00,zf,,11483,1048576,512,1.095104e-02
64,16,16qam,-3.000000e+00,mmse,,11097,1048576,512,1.058292e-02
64,16,16qam,-3.000000e+00,cg1,1,178636,1048576,512,1.703606e-01
64,16,16qam,-3.000000e+00,cg2,2,51523,1048576,512,4.913616e-02
64,16,16qam,-3.000000e+00,cg3,3,18019,1048576,512,1.718426e-02
64,16,16qam,-3.000000e+00,cg4,4,12304,1048576,512,1.173401e-02
64,16,16qam,-3.000000e+00,cg16,16,11097,1048576,512,1.058292e-02
64,16,16qam,-2.000000e+00,zf,,5823,1048576,512,5.553246e-03
64,16,16qam,-2.000000e+00,mmse,,5634,1048576,512,5.373001e-03
64,16,16qam,-2.000000e+00,cg1,1,176974,1048576,512,1.687756e-01
64,16,16qam,-2.000000e+00,cg2,2,45518,1048576,512,4.340935e-02
64,16,16qam,-2.000000e+00,cg3,3,12017,1048576,512,1.146030e-02
64,16,16qam,-2.000000e+00,cg4,4,6674,1048576,512,6.364822e-03
64,16,16qam,-2.000000e+00,cg16,16,5634,1048576,512,5.373001e-03
64,16,16qam,-1.000000e+00,zf,,2503,1048576,512,2.387047e-03
64,16,16qam,-1.000000e+00,mmse,,2446,1048576,512,2.332687e-03
64,16,16qam,-1.000000e+00,cg1,1,175648,1048576,512,1.675110e-01
64,16,16qam,-1.000000e+00,cg2,2,40395,1048576,512,3.852367e-02
64,16,16qam,-1.000000e+00,cg3,3,7731,1048576,512,7.372856e-03
64,16,16qam,-1.000000e+00,cg4,4,3251,1048576,512,3.100395e-03
64,16,16qam,-1.000000e+00,cg16,16,2446,1048576,512,2.332687e-03
64,16,16qam,0.000000e+00,zf,,913,1048576,512,8.707047e-04
64,16,16qam,0.000000e+00,mmse,,884,1048576,512,8.430481e-04
64,16,16qam,0.000000e+00,cg1,1,176128,1048576,512,1.679688e-01
64,16,16qam,0.000000e+00,cg2,2,37198,1048576,512,3.547478e-02
64,16,16qam,0.000000e+00,cg3,3,4975,1048576,512,4.744530e-03
64,16,16qam,0.000000e+00,cg4,4,1459,1048576,512,1.391411e-03
64,16,16qam,0.000000e+00,cg16,16,884,1048576,512,8.430481e-04
64,16,16qam,1.000000e+00,zf,,229,1048576,512,2.183914e-04
64,16,16qam,1.000000e+00,mmse,,228,1048576,512,2.174377e-04
64,16,16qam,1.000000e+00,cg1,1,174623,1048576,512,1.665335e-01
64,16,16qam,1.000000e+00,cg2,2,33122,1048576,512,3.158760e-02
64,16,16qam,1.000000e+00,cg3,3,3158,1048576,512,3.011703e-03
64,16,16qam,1.000000e+00,cg4,4,523,1048576,512,4.987717e-04
64,16,16qam,1.000000e+00,cg16,16,228,1048576,512,2.174377e-04
64,16,16qam,2.000000e+00,zf,,131,2097152,1024,6.246567e-05
64,16,16qam,2.000000e+00,mmse,,130,2097152,1024,6.198883e-05
64,16,16qam,2.000000e+00,cg1,1,349267,2097152,1024,1.665435e-01
64,16,16qam,2.000000e+00,cg2,2,62405,2097152,1024,2.975702e-02
64,16,16qam,2.000000e+00,cg3,3,3960,2097152,1024,1.888275e-03
64,16,16qam,2.000000e+00,cg4,4,397,2097152,1024,1.893044e-04
64,16,16qam,2.000000e+00,cg16,16,130,2097152,1024,6.198883e-05
64,16,16qam,3.000000e+00,zf,,101,10485760,5120,9.632111e-06
64,16,16qam,3.000000e+00,mmse,,93,10485760,5120,8.869171e-06
64,16,16qam,3.000000e+00,cg1,1,1750456,10485760,5120,1.669365e-01
64,16,16qam,3.000000e+00,cg2,2,295469,10485760,5120,2.817812e-02
64,16,16qam,3.000000e+00,cg3,3,13606,10485760,5120,1.297569e-03
64,16,16qam,3.000000e+00,cg4,4,648,10485760,5120,6.179810e-05
64,16,16qam,3.000000e+00,cg16,16,93,10485760,5120,8.869171e-06
64,16,16qam,4.000000e+00,zf,,13,10485760,5120,1.239777e-06
64,16,16qam,4.000000e+00,mmse,,11,10485760,5120,1.049042e-06
64,16,16qam,4.000000e+00,cg1,1,1740693,10485760,5120,1.660054e-01
64,16,16qam,4.000000e+00,cg2,2,276085,10485760,5120,2.632952e-02
64,16,16qam,4.000000e+00,cg3,3,9204,10485760,5120,8.777618e-04
64,16,16qam,4.000000e+00,cg4,4,197,10485760,5120,1.878738e-05
64,16,16qam,4.000000e+00,cg16,16,11,10485760,5120,1.049042e-06
64,16,16qam,5.000000e+00,zf,,2,10485760,5120,1.907349e-07
64,16,16qam,5.000000e+00,mmse,,1,10485760,5120,9.536743e-08
64,16,16qam,5.000000e+00,cg1,1,1742580,10485760,5120,1.661854e-01
64,16,16qam,5.000000e+00,cg2,2,268197,10485760,5120,2.557726e-02
64,16,16qam,5.000000e+00,cg3,3,7098,10485760,5120,6.769180e-04
64,16,16qam,5.000000e+00,cg4,4,87,10485760,5120,8.296967e-06
64,16,16qam,5.000000e+00,cg16,16,1,10485760,5120,9.536743e-08
64,16,16qam,6.000000e+00,zf,,0,10485760,5120,0.000000e+00
64,16,16qam,6.000000e+00,mmse,,0,10485760,5120,0.000000e+00
64,16,16qam,6.000000e+00,cg1,1,1741682,10485760,5120,1.660997e-01
64,16,16qam,6.000000e+00,cg2,2,257035,10485760,5120,2.451277e-02
64,16,16qam,6.000000e+00,cg3,3,5311,10485760,5120,5.064964e-04
64,16,16qam,6.000000e+00,cg4,4,19,10485760,5120,1.811981e-06
64,16,16qam,6.000000e+00,cg16,16,0,10485760,5120,0.000000e+00
64,16,16qam,7.000000e+00,zf,,0,10485760,5120,0.000000e+00
64,16,16qam,7.000000e+00,mmse,,0,10485760,5120,0.000000e+00
64,16,16qam,7.000000e+00,cg1,1,1737269,10485760,5120,1.656789e-01
64,16,16qam,7.000000e+00,cg2,2,249983,10485760,5120,2.384024e-02
64,16,16qam,7.000000e+00,cg3,3,4156,10485760,5120,3.963470e-04
64,16,16qam,7.000000e+00,cg4,4,16,10485760,5120,1.525879e-06
64,16,16qam,7.000000e+00,cg16,16,0,10485760,5120,0.000000e+00
64,16,16qam,8.000000e+00,zf,,0,10485760,5120,0.000000e+00
64,16,16qam,8.000000e+00,mmse,,0,10485760,5120,0.000000e+00
64,16,16qam,8.000000e+00,cg1,1,1737080,10485760,5120,1.656609e-01
64,16,16qam,8.000000e+00,cg2,2,244757,10485760,5120,2.334185e-02
64,16,16qam,8.000000e+00,cg3,3,3548,10485760,5120,3.383636e-04
64,16,16qam,8.000000e+00,cg4,4,4,10485760,5120,3.814697e-07
64,16,16qam,8.000000e+00,cg16,16,0,10485760,5120,0.000000e+00
64,16,16qam,9.000000e+00,zf,,0,10485760,5120,0.000000e+00
64,16,16qam,9.000000e+00,mmse,,0,10485760,5120,0.000000e+00
64,16,16qam,9.000000e+00,cg1,1,1733806,10485760,5120,1.653486e-01
64,16,16qam,9.000000e+00,cg2,2,240156,10485760,5120,2.290306e-02
64,16,16qam,9.000000e+00,cg3,3,3198,10485760,5120,3.049850e-04
64,16,16qam,9.000000e+00,cg4,4,11,10485760,5120,1.049042e-06
64,16,16qam,9.000000e+00,cg16,16,0,10485760,5120,0.000000e+00
64,16,16qam,1.000000e+01,zf,,0,10485760,5120,0.000000e+00
64,16,16qam,1.000000e+01,mmse,,0,10485760,5120,0.000000e+00
64,16,16qam,1.000000e+01,cg1,1,1735561,10485760,5120,1.655160e-01
64,16,16qam,1.000000e+01,cg2,2,237903,10485760,5120,2.268820e-02
64,16,16qam,1.000000e+01,cg3,3,2809,10485760,5120,2.678871e-04
64,16,16qam,1.000000e+01,cg4,4,2,10485760,5120,1.907349e-07
64,16,16qam,1.000000e+01,cg16,16,0,10485760,5120,0.000000e+00
64,16,16qam,1.100000e+01,zf,,0,10485760,5120,0.000000e+00
64,16,16qam,1.100000e+01,mmse,,0,10485760,5120,0.000000e+00
64,16,16qam,1.100000e+01,cg1,1,1736316,10485760,5120,1.655880e-01
64,16,16qam,1.100000e+01,cg2,2,233985,10485760,5120,2.231455e-02
64,16,16qam,1.100000e+01,cg3,3,2563,10485760,5120,2.444267e-04
64,16,16qam,1.100000e+01,cg4,4,1,10485760,5120,9.536743e-08
64,16,16qam,1.100000e+01,cg16,16,0,10485760,5120,0.000000e+00
64,16,16qam,1.200000e+01,zf,,0,10485760,5120,0.000000e+00
64,16,16qam,1.200000e+01,mmse,,0,10485760,5120,0.000000e+00
64,16,16qam,1.200000e+01,cg1,1,1732927,10485760,5120,1.652648e-01
64,16,16qam,1.200000e+01,cg2,2,230469,10485760,5120,2.197924e-02
64,16,16qam,1.200000e+01,cg3,3,2195,10485760,5120,2.093315e-04
64,16,16qam,1.200000e+01,cg4,4,1,10485760,5120,9.536743e-08
64,16,16qam,1.200000e+01,cg16,16,0,10485760,5120,0.000000e+00
64,16,16qam,1.300000e+01,zf,,0,10485760,5120,0.000000e+00
64,16,16qam,1.300000e+01,mmse,,0,10485760,5120,0.000000e+00
64,16,16qam,1.300000e+01,cg1,1,1732406,10485760,5120,1.652151e-01
64,16,16qam,1.300000e+01,cg2,2,229214,10485760,5120,2.185955e-02
64,16,16qam,1.300000e+01,cg3,3,2043,10485760,5120,1.948357e-04
64,16,16qam,1.300000e+01,cg4,4,1,10485760,5120,9.536743e-08
64,16,16qam,1.300000e+01,cg16,16,0,10485760,5120,0.000000e+00
64,16,16qam,1.400000e+01,zf,,0,10485760,5120,0.000000e+00
64,16,16qam,1.400000e+01,mmse,,0,10485760,5120,0.000000e+00
64,16,16qam,1.400000e+01,cg1,1,1734266,10485760,5120,1.653925e-01
64,16,16qam,1.400000e+01,cg2,2,227726,10485760,5120,2.171764e-02
64,16,16qam,1.400000e+01,cg3,3,2005,10485760,5120,1.912117e-04
64,16,16qam,1.400000e+01,cg4,4,1,10485760,5120,9.536743e-08
64,16,16qam,1.400000e+01,cg16,16,0,10485760,5120,0.000000e+00
64,16,16qam,1.500000e+01,zf,,0,10485760,5120,0.000000e+00
64,16,16qam,1.500000e+01,mmse,,0,10485760,5120,0.000000e+00
64,16,16qam,1.500000e+01,cg1,1,1737729,10485760,5120,1.657228e-01
64,16,16qam,1.500000e+01,cg2,2,229064,10485760,5120,2.184525e-02
64,16,16qam,1.500000e+01,cg3,3,2020,10485760,5120,1.926422e-04
64,16,16qam,1.500000e+01,cg4,4,0,10485760,5120,0.000000e+00
64,16,16qam,1.500000e+01,cg16,16,0,10485760,5120,0.000000e+00
64,16,16qam,1.600000e+01,zf,,0,10485760,5120,0.000000e+00
64,16,16qam,1.600000e+01,mmse,,0,10485760,5120,0.000000e+00
64,16,16qam,1.600000e+01,cg1,1,1730586,10485760,5120,1.650415e-01
64,16,16qam,1.600000e+01,cg2,2,225212,10485760,5120,2.147789e-02
64,16,16qam,1.600000e+01,cg3,3,1789,10485760,5120,1.706123e-04
64,16,16qam,1.600000e+01,cg4,4,0,10485760,5120,0.000000e+00
64,16,16qam,1.600000e+01,cg16,16,0,10485760,5120,0.000000e+00
64,16,16qam,1.700000e+01,zf,,0,10485760,5120,0.000000e+00
64,16,16qam,1.700000e+01,mmse,,0,10485760,5120,0.000000e+00
64,16,16qam,1.700000e+01,cg1,1,1731894,10485760,5120,1.651663e-01
64,16,16qam,1.700000e+01,cg2,2,225530,10485760,5120,2.150822e-02
64,16,16qam,1.700000e+01,cg3,3,1842,10485760,5120,1.756668e-04
64,16,16qam,1.700000e+01,cg4,4,0,10485760,5120,0.000000e+00
64,16,16qam,1.700000e+01,cg16,16,0,10485760,5120,0.000000e+00
64,16,16qam,1.800000e+01,zf,,0,10485760,5120,0.000000e+00
64,16,16qam,1.800000e+01,mmse,,0,10485760,5120,0.000000e+00
64,16,16qam,1.800000e+01,cg1,1,1733993,10485760,5120,1.653665e-01
64,16,16qam,1.800000e+01,cg2,2,223061,10485760,5120,2.127275e-02
64,16,16qam,1.800000e+01,cg3,3,1813,10485760,5120,1.729012e-04
64,16,16qam,1.800000e+01,cg4,4,0,10485760,5120,0.000000e+00
64,16,16qam,1.800000e+01,cg16,16,0,10485760,5120,0.000000e+00
64,16,16qam,1.900000e+01,zf,,0,10485760,5120,0.000000e+00
64,16,16qam,1.900000e+01,mmse,,0,10485760,5120,0.000000e+00
64,16,16qam,1.900000e+01,cg1,1,1733757,10485760,5120,1.653440e-01
64,16,16qam,1.900000e+01,cg2,2,224814,10485760,5120,2.143993e-02
64,16,16qam,1.900000e+01,cg3,3,1719,10485760,5120,1.639366e-04
64,16,16qam,1.900000e+01,cg4,4,0,10485760,5120,0.000000e+00
64,16,16qam,1.900000e+01,cg16,16,0,10485760,5120,0.000000e+00
64,16,16qam,2.000000e+01,zf,,0,10485760,5120,0.000000e+00
64,16,16qam,2.000000e+01,mmse,,0,10485760,5120,0.000000e+00
64,16,16qam,2.000000e+01,cg1,1,1730960,10485760,5120,1.650772e-01
64,16,16qam,2.000000e+01,cg2,2,222148,10485760,5120,2.118568e-02
64,16,16qam,2.000000e+01,cg3,3,1746,10485760,5120,1.665115e-04
64,16,16qam,2.000000e+01,cg4,4,2,10485760,5120,1.907349e-07
64,16,16qam,2.000000e+01,cg16,16,0,10485760,5120,0.000000e+00
128,4,16qam,-2.000000e+01,zf,,276035,1048576,2048,2.632475e-01
128,4,16qam,-2.000000e+01,mmse,,275088,1048576,2048,2.623444e-01
128,4,16qam,-2.000000e+01,cg1,1,276612,1048576,2048,2.637978e-01
128,4,16qam,-2.000000e+01,cg2,2,275089,1048576,2048,2.623453e-01
128,4,16qam,-2.000000e+01,cg3,3,275073,1048576,2048,2.623301e-01
128,4,16qam,-2.000000e+01,cg4,4,275088,1048576,2048,2.623444e-01
128,4,16qam,-1.900000e+01,zf,,250622,1048576,2048,2.390118e-01
128,4,16qam,-1.900000e+01,mmse,,249502,1048576,2048,2.379436e-01
128,4,16qam,-1.900000e+01,cg1,1,251145,1048576,2048,2.395105e-01
128,4,16qam,-1.900000e+01,cg2,2,249512,1048576,2048,2.379532e-01
128,4,16qam,-1.900000e+01,cg3,3,249484,1048576,2048,2.379265e-01
128,4,16qam,-1.900000e+01,cg4,4,249502,1048576,2048,2.379436e-01
128,4,16qam,-1.800000e+01,zf,,223956,1048576,2048,2.135811e-01
128,4,16qam,-1.800000e+01,mmse,,223202,1048576,2048,2.128620e-01
128,4,16qam,-1.800000e+01,cg1,1,225824,1048576,2048,2.153625e-01
128,4,16qam,-1.800000e+01,cg2,2,223129,1048576,2048,2.127924e-01
128,4,16qam,-1.800000e+01,cg3,3,223198,1048576,2048,2.128582e-01
128,4,16qam,-1.800000e+01,cg4,4,223202,1048576,2048,2.128620e-01
128,4,16qam,-1.700000e+01,zf,,198063,1048576,2048,1.888876e-01
128,4,16qam,-1.700000e+01,mmse,,197392,1048576,2048,1.882477e-01
128,4,16qam,-1.700000e+01,cg1,1,201306,1048576,2048,1.919804e-01
128,4,16qam,-1.700000e+01,cg2,2,197461,1048576,2048,1.883135e-01
128,4,16qam,-1.700000e+01,cg3,3,197384,1048576,2048,1.882401e-01
128,4,16qam,-1.700000e+01,cg4,4,197392,1048576,2048,1.882477e-01
128,4,16qam,-1.600000e+01,zf,,173644,1048576,2048,1.655998e-01
128,4,16qam,-1.600000e+01,mmse,,172914,1048576,2048,1.649036e-01
128,4,16qam,-1.600000e+01,cg1,1,178904,1048576,2048,1.706161e-01
128,4,16qam,-1.600000e+01,cg2,2,173073,1048576,2048,1.650553e-01
128,4,16qam,-1.600000e+01,cg3,3,172917,1048576,2048,1.649065e-01
128,4,16qam,-1.600000e+01,cg4,4,172914,1048576,2048,1.649036e-01
128,4,16qam,-1.500000e+01,zf,,149340,1048576,2048,1.424217e-01
128,4,16qam,-1.500000e+01,mmse,,148957,1048576,2048,1.420565e-01
128,4,16qam,-1.500000e+01,cg1,1,156478,1048576,2048,1.492290e-01
128,4,16qam,-1.500000e+01,cg2,2,149017,1048576,2048,1.421137e-01
128,4,16qam,-1.500000e+01,cg3,3,148978,1048576,2048,1.420765e-01
128,4,16qam,-1.500000e+01,cg4,4,148957,1048576,2048,1.420565e-01
128,4,16qam,-1.400000e+01,zf,,125947,1048576,2048,1.201124e-01
128,4,16qam,-1.400000e+01,mmse,,125490,1048576,2048,1.196766e-01
128,4,16qam,-1.400000e+01,cg1,1,134427,1048576,2048,1.281996e-01
128,4,16qam,-1.400000e+01,cg2,2,125589,1048576,2048,1.197710e-01
128,4,16qam,-1.400000e+01,cg3,3,125527,1048576,2048,1.197119e-01
128,4,16qam,-1.400000e+01,cg4,4,125490,1048576,2048,1.196766e-01
128,4,16qam,-1.300000e+01,zf,,103971,1048576,2048,9.915447e-02
128,4,16qam,-1.300000e+01,mmse,,103748,1048576,2048,9.894180e-02
128,4,16qam,-1.300000e+01,cg1,1,115192,1048576,2048,1.098557e-01
128,4,16qam,-1.300000e+01,cg2,2,103851,1048576,2048,9.904003e-02
128,4,16qam,-1.300000e+01,cg3,3,103760,1048576,2048,9.895325e-02
128,4,16qam,-1.300000e+01,cg4,4,103748,1048576,2048,9.894180e-02
128,4,16qam,-1.200000e+01,zf,,82687,1048576,2048,7.885647e-02
128,4,16qam,-1.200000e+01,mmse,,82354,1048576,2048,7.853889e-02
128,4,16qam,-1.200000e+01,cg1,1,96849,1048576,2048,9.236240e-02
128,4,16qam,-1.200000e+01,cg2,2,82630,1048576,2048,7.880211e-02
128,4,16qam,-1.200000e+01,cg3,3,82358,1048576,2048,7.854271e-02
128,4,16qam,-1.200000e+01,cg4,4,82354,1048576,2048,7.853889e-02
128,4,16qam,-1.100000e+01,zf,,63123,1048576,2048,6.019878e-02
128,4,16qam,-1.100000e+01,mmse,,62911,1048576,2048,5.999660e-02
128,4,16qam,-1.100000e+01,cg1,1,79624,1048576,2048,7.593536e-02
128,4,16qam,-1.100000e+01,cg2,2,63094,1048576,2048,6.017113e-02
128,4,16qam,-1.100000e+01,cg3,3,62903,1048576,2048,5.998898e-02
128,4,16qam,-1.100000e+01,cg4,4,62911,1048576,2048,5.999660e-02
128,4,16qam,-1.000000e+01,zf,,45139,1048576,2048,4.304790e-02
128,4,16qam,-1.000000e+01,mmse,,45014,1048576,2048,4.292870e-02
128,4,16qam,-1.000000e+01,cg1,1,64243,1048576,2048,6.126690e-02
128,4,16qam,-1.000000e+01,cg2,2,45241,1048576,2048,4.314518e-02
128,4,16qam,-1.000000e+01,cg3,3,45041,1048576,2048,4.295444e-02
128,4,16qam,-1.000000e+01,cg4,4,45014,1048576,2048,4.292870e-02
128,4,16qam,-9.000000e+00,zf,,30607,1048576,2048,2.918911e-02
128,4,16qam,-9.000000e+00,mmse,,30507,1048576,2048,2.909374e-02
128,4,16qam,-9.000000e+00,cg1,1,51116,1048576,2048,4.874802e-02
128,4,16qam,-9.000000e+00,cg2,2,30797,1048576,2048,2.937031e-02
128,4,16qam,-9.000000e+00,cg3,3,30513,1048576,2048,2.909946e-02
128,4,16qam,-9.000000e+00,cg4,4,30507,1048576,2048,2.909374e-02
128,4,16qam,-8.000000e+00,zf,,18764,1048576,2048,1.789474e-02
128,4,16qam,-8.000000e+00,mmse,,18698,1048576,2048,1.783180e-02
128,4,16qam,-8.000000e+00,cg1,1,39541,1048576,2048,3.770924e-02
128,4,16qam,-8.000000e+00,cg2,2,18894,1048576,2048,1.801872e-02
128,4,16qam,-8.000000e+00,cg3,3,18703,1048576,2048,1.783657e-02
128,4,16qam,-8.000000e+00,cg4,4,18698,1048576,2048,1.783180e-02
128,4,16qam,-7.000000e+00,zf,,10182,1048576,2048,9.710312e-03
128,4,16qam,-7.000000e+00,mmse,,10198,1048576,2048,9.725571e-03
128,4,16qam,-7.000000e+00,cg1,1,30246,1048576,2048,2.884483e-02
128,4,16qam,-7.000000e+00,cg2,2,10467,1048576,2048,9.982109e-03
128,4,16qam,-7.000000e+00,cg3,3,10198,1048576,2048,9.725571e-03
128,4,16qam,-7.000000e+00,cg4,4,10198,1048576,2048,9.725571e-03
128,4,16qam,-6.000000e+00,zf,,5012,1048576,2048,4.779816e-03
128,4,16qam,-6.000000e+00,mmse,,5020,1048576,2048,4.787445e-03
128,4,16qam,-6.000000e+00,cg1,1,23867,1048576,2048,2.276134e-02
128,4,16qam,-6.000000e+00,cg2,2,5220,1048576,2048,4.978180e-03
128,4,16qam,-6.000000e+00,cg3,3,5016,1048576,2048,4.783630e-03
128,4,16qam,-6.000000e+00,cg4,4,5020,1048576,2048,4.787445e-03
128,4,16qam,-5.000000e+00,zf,,2152,1048576,2048,2.052307e-03
128,4,16qam,-5.000000e+00,mmse,,2160,1048576,2048,2.059937e-03
128,4,16qam,-5.000000e+00,cg1,1,18565,1048576,2048,1.770496e-02
128,4,16qam,-5.000000e+00,cg2,2,2248,1048576,2048,2.143860e-03
128,4,16qam,-5.000000e+00,cg3,3,2156,1048576,2048,2.056122e-03
128,4,16qam,-5.000000e+00,cg4,4,2160,1048576,2048,2.059937e-03
128,4,16qam,-4.000000e+00,zf,,713,1048576,2048,6.799698e-04
128,4,16qam,-4.000000e+00,mmse,,706,1048576,2048,6.732941e-04
128,4,16qam,-4.000000e+00,cg1,1,14247,1048576,2048,1.358700e-02
128,4,16qam,-4.000000e+00,cg2,2,785,1048576,2048,7.486343e-04
128,4,16qam,-4.000000e+00,cg3,3,707,1048576,2048,6.742477e-04
128,4,16qam,-4.000000e+00,cg4,4,706,1048576,2048,6.732941e-04
128,4,16qam,-3.000000e+00,zf,,165,1048576,2048,1.573563e-04
128,4,16qam,-3.000000e+00,mmse,,162,1048576,2048,1.544952e-04
128,4,16qam,-3.000000e+00,cg1,1,11334,1048576,2048,1.080894e-02
128,4,16qam,-3.000000e+00,cg2,2,189,1048576,2048,1.802444e-04
128,4,16qam,-3.000000e+00,cg3,3,161,1048576,2048,1.535416e-04
128,4,16qam,-3.000000e+00,cg4,4,162,1048576,2048,1.544952e-04
128,4,16qam,-2.000000e+00,zf,,114,3145728,6144,3.623962e-05
128,4,16qam,-2.000000e+00,mmse,,109,3145728,6144,3.465017e-05
128,4,16qam,-2.000000e+00,cg1,1,28692,3145728,6144,9.120941e-03
128,4,16qam,-2.000000e+00,cg2,2,134,3145728,6144,4.259745e-05
128,4,16qam,-2.000000e+00,cg3,3,108,3145728,6144,3.433228e-05
128,4,16qam,-2.000000e+00,cg4,4,109,3145728,6144,3.465017e-05
128,4,16qam,-1.000000e+00,zf,,64,10485760,20480,6.103516e-06
128,4,16qam,-1.000000e+00,mmse,,60,10485760,20480,5.722046e-06
128,4,16qam,-1.000000e+00,cg1,1,78939,10485760,20480,7.528210e-03
128,4,16qam,-1.000000e+00,cg2,2,77,10485760,20480,7.343292e-06
128,4,16qam,-1.000000e+00,cg3,3,56,10485760,20480,5.340576e-06
128,4,16qam,-1.000000e+00,cg4,4,60,10485760,20480,5.722046e-06
128,4,16qam,0.000000e+00,zf,,4,10485760,20480,3.814697e-07
128,4,16qam,0.000000e+00,mmse,,4,10485760,20480,3.814697e-07
128,4,16qam,0.000000e+00,cg1,1,68310,10485760,20480,6.514549e-03
128,4,16qam,0.000000e+00,cg2,2,6,10485760,20480,5.722046e-07
128,4,16qam,0.000000e+00,cg3,3,4,10485760,20480,3.814697e-07
128,4,16qam,0.000000e+00,cg4,4,4,10485760,20480,3.814697e-07
128,4,16qam,1.000000e+00,zf,,1,10485760,20480,9.536743e-08
128,4,16qam,1.000000e+00,mmse,,1,10485760,20480,9.536743e-08
128,4,16qam,1.000000e+00,cg1,1,59744,10485760,20480,5.697632e-03
128,4,16qam,1.000000e+00,cg2,2,2,10485760,20480,1.907349e-07
128,4,16qam,1.000000e+00,cg3,3,1,10485760,20480,9.536743e-08
128,4,16qam,1.000000e+00,cg4,4,1,10485760,20480,9.536743e-08
128,4,16qam,2.000000e+00,zf,,0,10485760,20480,0.000000e+00
128,4,16qam,2.000000e+00,mmse,,0,10485760,20480,0.000000e+00
128,4,16qam,2.000000e+00,cg1,1,55033,10485760,20480,5.248356e-03
128,4,16qam,2.000000e+00,cg2,2,0,10485760,20480,0.000000e+00
128,4,16qam,2.000000e+00,cg3,3,0,10485760,20480,0.000000e+00
128,4,16qam,2.000000e+00,cg4,4,0,10485760,20480,0.000000e+00
128,4,16qam,3.000000e+00,zf,,0,10485760,20480,0.000000e+00
128,4,16qam,3.000000e+00,mmse,,0,10485760,20480,0.000000e+00
128,4,16qam,3.000000e+00,cg1,1,50237,10485760,20480,4.790974e-03
128,4,16qam,3.000000e+00,cg2,2,0,10485760,20480,0.000000e+00
128,4,16qam,3.000000e+00,cg3,3,0,10485760,20480,0.000000e+00
128,4,16qam,3.000000e+00,cg4,4,0,10485760,20480,0.000000e+00
128,4,16qam,4.000000e+00,zf,,0,10485760,20480,0.000000e+00
128,4,16qam,4.000000e+00,mmse,,0,10485760,20480,0.000000e+00
128,4,16qam,4.000000e+00,cg1,1,46973,10485760,20480,4.479694e-03
128,4,16qam,4.000000e+00,cg2,2,0,10485760,20480,0.000000e+00
128,4,16qam,4.000000e+00,cg3,3,0,10485760,20480,0.000000e+00
128,4,16qam,4.000000e+00,cg4,4,0,10485760,20480,0.000000e+00
128,4,16qam,5.000000e+00,zf,,0,10485760,20480,0.000000e+00
128,4,16qam,5.000000e+00,mmse,,0,10485760,20480,0.000000e+00
128,4,16qam,5.000000e+00,cg1,1,44109,10485760,20480,4.206562e-03
128,4,16qam,5.000000e+00,cg2,2,0,10485760,20480,0.000000e+00
128,4,16qam,5.000000e+00,cg3,3,0,10485760,20480,0.000000e+00
128,4,16qam,5.000000e+00,cg4,4,0,10485760,20480,0.000000e+00
128,4,16qam,6.000000e+00,zf,,0,10485760,20480,0.000000e+00
128,4,16qam,6.000000e+00,mmse,,0,10485760,20480,0.000000e+00
128,4,16qam,6.000000e+00,cg1,1,41529,10485760,20480,3.960514e-03
128,4,16qam,6.000000e+00,cg2,2,0,10485760,20480,0.000000e+00
128,4,16qam,6.000000e+00,cg3,3,0,10485760,20480,0.000000e+00
128,4,16qam,6.000000e+00,cg4,4,0,10485760,20480,0.000000e+00
128,4,16qam,7.000000e+00,zf,,0,10485760,20480,0.000000e+00
128,4,16qam,7.000000e+00,mmse,,0,10485760,20480,0.000000e+00
128,4,16qam,7.000000e+00,cg1,1,40766,10485760,20480,3.887749e-03
128,4,16qam,7.000000e+00,cg2,2,0,10485760,20480,0.000000e+00
128,4,16qam,7.000000e+00,cg3,3,0,10485760,20480,0.000000e+00
128,4,16qam,7.000000e+00,cg4,4,0,10485760,20480,0.000000e+00
128,4,16qam,8.000000e+00,zf,,0,10485760,20480,0.000000e+00
128,4,16qam,8.000000e+00,mmse,,0,10485760,20480,0.000000e+00
128,4,16qam,8.000000e+00,cg1,1,38990,10485760,20480,3.718376e-03
128,4,16qam,8.000000e+00,cg2,2,0,10485760,20480,0.000000e+00
128,4,16qam,8.000000e+00,cg3,3,0,10485760,20480,0.000000e+00
128,4,16qam,8.000000e+00,cg4,4,0,10485760,20480,0.000000e+00
128,4,16qam,9.000000e+00,zf,,0,10485760,20480,0.000000e+00
128,4,16qam,9.000000e+00,mmse,,0,10485760,20480,0.000000e+00
128,4,16qam,9.000000e+00,cg1,1,37069,10485760,20480,3.535175e-03
128,4,16qam,9.000000e+00,cg2,2,0,10485760,20480,0.000000e+00
128,4,16qam,9.000000e+00,cg3,3,0,10485760,20480,0.000000e+00
128,4,16qam,9.000000e+00,cg4,4,0,10485760,20480,0.000000e+00
128,4,16qam,1.000000e+01,zf,,0,10485760,20480,0.000000e+00
128,4,16qam,1.000000e+01,mmse,,0,10485760,20480,0.000000e+00
128,4,16qam,1.000000e+01,cg1,1,37585,10485760,20480,3.584385e-03
128,4,16qam,1.000000e+01,cg2,2,0,10485760,20480,0.000000e+00
128,4,16qam,1.000000e+01,cg3,3,0,10485760,20480,0.000000e+00
128,4,16qam,1.000000e+01,cg4,4,0,10485760,20480,0.000000e+00
128,4,16qam,1.100000e+01,zf,,0,10485760,20480,0.000000e+00
128,4,16qam,1.100000e+01,mmse,,0,10485760,20480,0.000000e+00
128,4,16qam,1.100000e+01,cg1,1,36874,10485760,20480,3.516579e-03
128,4,16qam,1.100000e+01,cg2,2,0,10485760,20480,0.000000e+00
128,4,16qam,1.100000e+01,cg3,3,0,10485760,20480,0.000000e+00
128,4,16qam,1.100000e+01,cg4,4,0,10485760,20480,0.000000e+00
128,4,16qam,1.200000e+01,zf,,0,10485760,20480,0.000000e+00
128,4,16qam,1.200000e+01,mmse,,0,10485760,20480,0.000000e+00
128,4,16qam,1.200000e+01,cg1,1,36590,10485760,20480,3.489494e-03
128,4,16qam,1.200000e+01,cg2,2,0,10485760,20480,0.000000e+00
128,4,16qam,1.200000e+01,cg3,3,0,10485760,20480,0.000000e+00
128,4,16qam,1.200000e+01,cg4,4,0,10485760,20480,0.000000e+00
128,4,16qam,1.300000e+01,zf,,0,10485760,20480,0.000000e+00
128,4,16qam,1.300000e+01,mmse,,0,10485760,20480,0.000000e+00
128,4,16qam,1.300000e+01,cg1,1,35271,10485760,20480,3.363705e-03
128,4,16qam,1.300000e+01,cg2,2,0,10485760,20480,0.000000e+00
128,4,16qam,1.300000e+01,cg3,3,0,10485760,20480,0.000000e+00
128,4,16qam,1.300000e+01,cg4,4,0,10485760,20480,0.000000e+00
128,4,16qam,1.400000e+01,zf,,0,10485760,20480,0.000000e+00
128,4,16qam,1.400000e+01,mmse,,0,10485760,20480,0.000000e+00
128,4,16qam,1.400000e+01,cg1,1,35744,10485760,20480,3.408813e-03
128,4,16qam,1.400000e+01,cg2,2,0,10485760,20480,0.000000e+00
128,4,16qam,1.400000e+01,cg3,3,0,10485760,20480,0.000000e+00
128,4,16qam,1.400000e+01,cg4,4,0,10485760,20480,0.000000e+00
128,4,16qam,1.500000e+01,zf,,0,10485760,20480,0.000000e+00
128,4,16qam,1.500000e+01,mmse,,0,10485760,20480,0.000000e+00
128,4,16qam,1.500000e+01,cg1,1,35088,10485760,20480,3.346252e-03
128,4,16qam,1.500000e+01,cg2,2,0,10485760,20480,0.000000e+00
128,4,16qam,1.500000e+01,cg3,3,0,10485760,20480,0.000000e+00
128,4,16qam,1.500000e+01,cg4,4,0,10485760,20480,0.000000e+00
128,4,16qam,1.600000e+01,zf,,0,10485760,20480,0.000000e+00
128,4,16qam,1.600000e+01,mmse,,0,10485760,20480,0.000000e+00
128,4,16qam,1.600000e+01,cg1,1,34648,10485760,20480,3.304291e-03
128,4,16qam,1.600000e+01,cg2,2,0,10485760,20480,0.000000e+00
128,4,16qam,1.600000e+01,cg3,3,0,10485760,20480,0.000000e+00
128,4,16qam,1.600000e+01,cg4,4,0,10485760,20480,0.000000e+00
128,4,16qam,1.700000e+01,zf,,0,10485760,20480,0.000000e+00
128,4,16qam,1.700000e+01,mmse,,0,10485760,20480,0.000000e+00
128,4,16qam,1.700000e+01,cg1,1,35129,10485760,20480,3.350163e-03
128,4,16qam,1.700000e+01,cg2,2,0,10485760,20480,0.000000e+00
128,4,16qam,1.700000e+01,cg3,3,0,10485760,20480,0.000000e+00
128,4,16qam,1.700000e+01,cg4,4,0,10485760,20480,0.000000e+00
128,4,16qam,1.800000e+01,zf,,0,10485760,20480,0.000000e+00
128,4,16qam,1.800000e+01,mmse,,0,10485760,20480,0.000000e+00
128,4,16qam,1.800000e+01,cg1,1,35380,10485760,20480,3.374100e-03
128,4,16qam,1.800000e+01,cg2,2,0,10485760,20480,0.000000e+00
128,4,16qam,1.800000e+01,cg3,3,0,10485760,20480,0.000000e+00
128,4,16qam,1.800000e+01,cg4,4,0,10485760,20480,0.000000e+00
128,4,16qam,1.900000e+01,zf,,0,10485760,20480,0.000000e+00
128,4,16qam,1.900000e+01,mmse,,0,10485760,20480,0.000000e+00
128,4,16qam,1.900000e+01,cg1,1,34175,10485760,20480,3.259182e-03
128,4,16qam,1.900000e+01,cg2,2,0,10485760,20480,0.000000e+00
128,4,16qam,1.900000e+01,cg3,3,0,10485760,20480,0.000000e+00
128,4,16qam,1.900000e+01,cg4,4,0,10485760,20480,0.000000e+00
128,4,16qam,2.000000e+01,zf,,0,10485760,20480,0.000000e+00
128,4,16qam,2.000000e+01,mmse,,0,10485760,20480,0.000000e+00
128,4,16qam,2.000000e+01,cg1,1,34930,10485760,20480,3.331184e-03
128,4,16qam,2.000000e+01,cg2,2,0,10485760,20480,0.000000e+00
128,4,16qam,2.000000e+01,cg3,3,0,10485760,20480,0.000000e+00
128,4,16qam,2.000000e+01,cg4,4,0,10485760,20480,0.000000e+00
128,8,16qam,-2.000000e+01,zf,,280797,1048576,1024,2.677889e-01
128,8,16qam,-2.000000e+01,mmse,,277886,1048576,1024,2.650127e-01
128,8,16qam,-2.000000e+01,cg1,1,281493,1048576,1024,2.684526e-01
128,8,16qam,-2.000000e+01,cg2,2,277910,1048576,1024,2.650356e-01
128,8,16qam,-2.000000e+01,cg3,3,277872,1048576,1024,2.649994e-01
128,8,16qam,-2.000000e+01,cg4,4,277891,1048576,1024,2.650175e-01
128,8,16qam,-2.000000e+01,cg8,8,277886,1048576,1024,2.650127e-01
128,8,16qam,-1.900000e+01,zf,,254102,1048576,1024,2.423306e-01
128,8,16qam,-1.900000e+01,mmse,,251570,1048576,1024,2.399158e-01
128,8,16qam,-1.900000e+01,cg1,1,256057,1048576,1024,2.441950e-01
128,8,16qam,-1.900000e+01,cg2,2,251545,1048576,1024,2.398920e-01
128,8,16qam,-1.900000e+01,cg3,3,251562,1048576,1024,2.399082e-01
128,8,16qam,-1.900000e+01,cg4,4,251565,1048576,1024,2.399111e-01
128,8,16qam,-1.900000e+01,cg8,8,251570,1048576,1024,2.399158e-01
128,8,16qam,-1.800000e+01,zf,,226510,1048576,1024,2.160168e-01
128,8,16qam,-1.800000e+01,mmse,,224287,1048576,1024,2.138968e-01
128,8,16qam,-1.800000e+01,cg1,1,231326,1048576,1024,2.206097e-01
128,8,16qam,-1.800000e+01,cg2,2,224542,1048576,1024,2.141399e-01
128,8,16qam,-1.800000e+01,cg3,3,224282,1048576,1024,2.138920e-01
128,8,16qam,-1.800000e+01,cg4,4,224282,1048576,1024,2.138920e-01
128,8,16qam,-1.800000e+01,cg8,8,224287,1048576,1024,2.138968e-01
128,8,16qam,-1.700000e+01,zf,,201655,1048576,1024,1.923132e-01
128,8,16qam,-1.700000e+01,mmse,,199596,1048576,1024,1.903496e-01
128,8,16qam,-1.700000e+01,cg1,1,208543,1048576,1024,1.988821e-01
128,8,16qam,-1.700000e+01,cg2,2,199799,1048576,1024,1.905432e-01
128,8,16qam,-1.700000e+01,cg3,3,199597,1048576,1024,1.903505e-01
128,8,16qam,-1.700000e+01,cg4,4,199607,1048576,1024,1.903601e-01
128,8,16qam,-1.700000e+01,cg8,8,199596,1048576,1024,1.903496e-01
128,8,16qam,-1.600000e+01,zf,,176968,1048576,1024,1.687698e-01
128,8,16qam,-1.600000e+01,mmse,,175479,1048576,1024,1.673498e-01
128,8,16qam,-1.600000e+01,cg1,1,187745,1048576,1024,1.790476e-01
128,8,16qam,-1.600000e+01,cg2,2,175733,1048576,1024,1.675920e-01
128,8,16qam,-1.600000e+01,cg3,3,175493,1048576,1024,1.673632e-01
128,8,16qam,-1.600000e+01,cg4,4,175495,1048576,1024,1.673651e-01
128,8,16qam,-1.600000e+01,cg8,8,175479,1048576,1024,1.673498e-01
128,8,16qam,-1.500000e+01,zf,,152506,1048576,1024,1.454411e-01
128,8,16qam,-1.500000e+01,mmse,,151189,1048576,1024,1.441851e-01
128,8,16qam,-1.500000e+01,cg1,1,167120,1048576,1024,1.593781e-01
128,8,16qam,-1.500000e+01,cg2,2,151673,1048576,1024,1.446466e-01
128,8,16qam,-1.500000e+01,cg3,3,151193,1048576,1024,1.441889e-01
128,8,16qam,-1.500000e+01,cg4,4,151174,1048576,1024,1.441708e-01
128,8,16qam,-1.500000e+01,cg8,8,151189,1048576,1024,1.441851e-01
128,8,16qam,-1.400000e+01,zf,,129801,1048576,1024,1.237879e-01
128,8,16qam,-1.400000e+01,mmse,,128881,1048576,1024,1.229105e-01
128,8,16qam,-1.400000e+01,cg1,1,149689,1048576,1024,1.427546e-01
128,8,16qam,-1.400000e+01,cg2,2,129640,1048576,1024,1.236343e-01
128,8,16qam,-1.400000e+01,cg3,3,128977,1048576,1024,1.230021e-01
128,8,16qam,-1.400000e+01,cg4,4,128914,1048576,1024,1.229420e-01
128,8,16qam,-1.400000e+01,cg8,8,128881,1048576,1024,1.229105e-01
128,8,16qam,-1.300000e+01,zf,,106847,1048576,1024,1.018972e-01
128,8,16qam,-1.300000e+01,mmse,,106135,1048576,1024,1.012182e-01
128,8,16qam,-1.300000e+01,cg1,1,131768,1048576,1024,1.256638e-01
128,8,16qam,-1.300000e+01,cg2,2,107004,1048576,1024,1.020470e-01
128,8,16qam,-1.300000e+01,cg3,3,106048,1048576,1024,1.011353e-01
128,8,16qam,-1.300000e+01,cg4,4,106147,1048576,1024,1.012297e-01
128,8,16qam,-1.300000e+01,cg8,8,106135,1048576,1024,1.012182e-01
128,8,16qam,-1.200000e+01,zf,,86198,1048576,1024,8.220482e-02
128,8,16qam,-1.200000e+01,mmse,,85416,1048576,1024,8.145905e-02
128,8,16qam,-1.200000e+01,cg1,1,117319,1048576,1024,1.118841e-01
128,8,16qam,-1.200000e+01,cg2,2,86718,1048576,1024,8.270073e-02
128,8,16qam,-1.200000e+01,cg3,3,85538,1048576,1024,8.157539e-02
128,8,16qam,-1.200000e+01,cg4,4,85423,1048576,1024,8.146572e-02
128,8,16qam,-1.200000e+01,cg8,8,85416,1048576,1024,8.145905e-02
128,8,16qam,-1.100000e+01,zf,,65211,1048576,1024,6.219006e-02
128,8,16qam,-1.100000e+01,mmse,,64871,1048576,1024,6.186581e-02
128,8,16qam,-1.100000e+01,cg1,1,102370,1048576,1024,9.762764e-02
128,8,16qam,-1.100000e+01,cg2,2,66303,1048576,1024,6.323147e-02
128,8,16qam,-1.100000e+01,cg3,3,64834,1048576,1024,6.183052e-02
128,8,16qam,-1.100000e+01,cg4,4,64841,1048576,1024,6.183720e-02
128,8,16qam,-1.100000e+01,cg8,8,64871,1048576,1024,6.186581e-02
128,8,16qam,-1.000000e+01,zf,,47882,1048576,1024,4.566383e-02
128,8,16qam,-1.000000e+01,mmse,,47560,1048576,1024,4.535675e-02
128,8,16qam,-1.000000e+01,cg1,1,89498,1048576,1024,8.535194e-02
128,8,16qam,-1.000000e+01,cg2,2,49409,1048576,1024,4.712009e-02
128,8,16qam,-1.000000e+01,cg3,3,47633,1048576,1024,4.542637e-02
128,8,16qam,-1.000000e+01,cg4,4,47569,1048576,1024,4.536533e-02
128,8,16qam,-1.000000e+01,cg8,8,47560,1048576,1024,4.535675e-02
128,8,16qam,-9.000000e+00,zf,,32240,1048576,1024,3.074646e-02
128,8,16qam,-9.000000e+00,mmse,,31961,1048576,1024,3.048038e-02
128,8,16qam,-9.000000e+00,cg1,1,78200,1048576,1024,7.457733e-02
128,8,16qam,-9.000000e+00,cg2,2,33945,1048576,1024,3.237247e-02
128,8,16qam,-9.000000e+00,cg3,3,32054,1048576,1024,3.056908e-02
128,8,16qam,-9.000000e+00,cg4,4,31955,1048576,1024,3.047466e-02
128,8,16qam,-9.000000e+00,cg8,8,31961,1048576,1024,3.048038e-02
128,8,16qam,-8.000000e+00,zf,,20303,1048576,1024,1.936245e-02
128,8,16qam,-8.000000e+00,mmse,,20152,1048576,1024,1.921844e-02
128,8,16qam,-8.000000e+00,cg1,1,69249,1048576,1024,6.604099e-02
128,8,16qam,-8.000000e+00,cg2,2,22055,1048576,1024,2.103329e-02
128,8,16qam,-8.000000e+00,cg3,3,20206,1048576,1024,1.926994e-02
128,8,16qam,-8.000000e+00,cg4,4,20143,1048576,1024,1.920986e-02
128,8,16qam,-8.000000e+00,cg8,8,20152,1048576,1024,1.921844e-02
128,8,16qam,-7.000000e+00,zf,,11390,1048576,1024,1.086235e-02
128,8,16qam,-7.000000e+00,mmse,,11302,1048576,1024,1.077843e-02
128,8,16qam,-7.000000e+00,cg1,1,61796,1048576,1024,5.893326e-02
128,8,16qam,-7.000000e+00,cg2,2,13066,1048576,1024,1.246071e-02
128,8,16qam,-7.000000e+00,cg3,3,11333,1048576,1024,1.080799e-02
128,8,16qam,-7.000000e+00,cg4,4,11298,1048576,1024,1.077461e-02
128,8,16qam,-7.000000e+00,cg8,8,11302,1048576,1024,1.077843e-02
128,8,16qam,-6.000000e+00,zf,,5660,1048576,1024,5.397797e-03
128,8,16qam,-6.000000e+00,mmse,,5637,1048576,1024,5.375862e-03
128,8,16qam,-6.000000e+00,cg1,1,54673,1048576,1024,5.214024e-02
128,8,16qam,-6.000000e+00,cg2,2,7066,1048576,1024,6.738663e-03
128,8,16qam,-6.000000e+00,cg3,3,5671,1048576,1024,5.408287e-03
128,8,16qam,-6.000000e+00,cg4,4,5630,1048576,1024,5.369186e-03
128,8,16qam,-6.000000e+00,cg8,8,5637,1048576,1024,5.375862e-03
128,8,16qam,-5.000000e+00,zf,,2509,1048576,1024,2.392769e-03
128,8,16qam,-5.000000e+00,mmse,,2490,1048576,1024,2.374649e-03
128,8,16qam,-5.000000e+00,cg1,1,49148,1048576,1024,4.687119e-02
128,8,16qam,-5.000000e+00,cg2,2,3529,1048576,1024,3.365517e-03
128,8,16qam,-5.000000e+00,cg3,3,2516,1048576,1024,2.399445e-03
128,8,16qam,-5.000000e+00,cg4,4,2479,1048576,1024,2.364159e-03
128,8,16qam,-5.000000e+00,cg8,8,2490,1048576,1024,2.374649e-03
128,8,16qam,-4.000000e+00,zf,,819,1048576,1024,7.810593e-04
128,8,16qam,-4.000000e+00,mmse,,806,1048576,1024,7.686615e-04
128,8,16qam,-4.000000e+00,cg1,1,45594,1048576,1024,4.348183e-02
128,8,16qam,-4.000000e+00,cg2,2,1498,1048576,1024,1.428604e-03
128,8,16qam,-4.000000e+00,cg3,3,827,1048576,1024,7.886887e-04
128,8,16qam,-4.000000e+00,cg4,4,808,1048576,1024,7.705688e-04
128,8,16qam,-4.000000e+00,cg8,8,806,1048576,1024,7.686615e-04
128,8,16qam,-3.000000e+00,zf,,234,1048576,1024,2.231598e-04
128,8,16qam,-3.000000e+00,mmse,,231,1048576,1024,2.202988e-04
128,8,16qam,-3.000000e+00,cg1,1,42292,1048576,1024,4.033279e-02
128,8,16qam,-3.000000e+00,cg2,2,564,1048576,1024,5.378723e-04
128,8,16qam,-3.000000e+00,cg3,3,242,1048576,1024,2.307892e-04
128,8,16qam,-3.000000e+00,cg4,4,232,1048576,1024,2.212524e-04
128,8,16qam,-3.000000e+00,cg8,8,231,1048576,1024,2.202988e-04
128,8,16qam,-2.000000e+00,zf,,131,3145728,3072,4.164378e-05
128,8,16qam,-2.000000e+00,mmse,,130,3145728,3072,4.132589e-05
128,8,16qam,-2.000000e+00,cg1,1,118777,3145728,3072,3.775819e-02
128,8,16qam,-2.000000e+00,cg2,2,598,3145728,3072,1.900991e-04
128,8,16qam,-2.000000e+00,cg3,3,144,3145728,3072,4.577637e-05
128,8,16qam,-2.000000e+00,cg4,4,135,3145728,3072,4.291534e-05
128,8,16qam,-2.000000e+00,cg8,8,130,3145728,3072,4.132589e-05
128,8,16qam,-1.000000e+00,zf,,69,10485760,10240,6.580353e-06
128,8,16qam,-1.000000e+00,mmse,,65,10485760,10240,6.198883e-06
128,8,16qam,-1.000000e+00,cg1,1,370957,10485760,10240,3.537722e-02
128,8,16qam,-1.000000e+00,cg2,2,648,10485760,10240,6.179810e-05
128,8,16qam,-1.000000e+00,cg3,3,80,10485760,10240,7.629395e-06
128,8,16qam,-1.000000e+00,cg4,4,64,10485760,10240,6.103516e-06
128,8,16qam,-1.000000e+00,cg8,8,65,10485760,10240,6.198883e-06
128,8,16qam,0.000000e+00,zf,,10,10485760,10240,9.536743e-07
128,8,16qam,0.000000e+00,mmse,,9,10485760,10240,8.583069e-07
128,8,16qam,0.000000e+00,cg1,1,354863,10485760,10240,3.384237e-02
128,8,16qam,0.000000e+00,cg2,2,188,10485760,10240,1.792908e-05
128,8,16qam,0.000000e+00,cg3,3,8,10485760,10240,7.629395e-07
128,8,16qam,0.000000e+00,cg4,4,9,10485760,10240,8.583069e-07
128,8,16qam,0.000000e+00,cg8,8,9,10485760,10240,8.583069e-07
128,8,16qam,1.000000e+00,zf,,1,10485760,10240,9.536743e-08
128,8,16qam,1.000000e+00,mmse,,1,10485760,10240,9.536743e-08
128,8,16qam,1.000000e+00,cg1,1,341221,10485760,10240,3.254137e-02
128,8,16qam,1.000000e+00,cg2,2,57,10485760,10240,5.435944e-06
128,8,16qam,1.000000e+00,cg3,3,1,10485760,10240,9.536743e-08
128,8,16qam,1.000000e+00,cg4,4,1,10485760,10240,9.536743e-08
128,8,16qam,1.000000e+00,cg8,8,1,10485760,10240,9.536743e-08
128,8,16qam,2.000000e+00,zf,,0,10485760,10240,0.000000e+00
128,8,16qam,2.000000e+00,mmse,,0,10485760,10240,0.000000e+00
128,8,16qam,2.000000e+00,cg1,1,330862,10485760,10240,3.155346e-02
128,8,16qam,2.000000e+00,cg2,2,12,10485760,10240,1.144409e-06
128,8,16qam,2.000000e+00,cg3,3,0,10485760,10240,0.000000e+00
128,8,16qam,2.000000e+00,cg4,4,0,10485760,10240,0.000000e+00
128,8,16qam,2.000000e+00,cg8,8,0,10485760,10240,0.000000e+00
128,8,16qam,3.000000e+00,zf,,0,10485760,10240,0.000000e+00
128,8,16qam,3.000000e+00,mmse,,0,10485760,10240,0.000000e+00
128,8,16qam,3.000000e+00,cg1,1,322298,10485760,10240,3.073673e-02
128,8,16qam,3.000000e+00,cg2,2,5,10485760,10240,4.768372e-07
128,8,16qam,3.000000e+00,cg3,3,0,10485760,10240,0.000000e+00
128,8,16qam,3.000000e+00,cg4,4,0,10485760,10240,0.000000e+00
128,8,16qam,3.000000e+00,cg8,8,0,10485760,10240,0.000000e+00
128,8,16qam,4.000000e+00,zf,,0,10485760,10240,0.000000e+00
128,8,16qam,4.000000e+00,mmse,,0,10485760,10240,0.000000e+00
128,8,16qam,4.000000e+00,cg1,1,314516,10485760,10240,2.999458e-02
128,8,16qam,4.000000e+00,cg2,2,8,10485760,10240,7.629395e-07
128,8,16qam,4.000000e+00,cg3,3,0,10485760,10240,0.000000e+00
128,8,16qam,4.000000e+00,cg4,4,0,10485760,10240,0.000000e+00
128,8,16qam,4.000000e+00,cg8,8,0,10485760,10240,0.000000e+00
128,8,16qam,5.000000e+00,zf,,0,10485760,10240,0.000000e+00
128,8,16qam,5.000000e+00,mmse,,0,10485760,10240,0.000000e+00
128,8,16qam,5.000000e+00,cg1,1,311398,10485760,10240,2.969723e-02
128,8,16qam,5.000000e+00,cg2,2,2,10485760,10240,1.907349e-07
128,8,16qam,5.000000e+00,cg3,3,0,10485760,10240,0.000000e+00
128,8,16qam,5.000000e+00,cg4,4,0,10485760,10240,0.000000e+00
128,8,16qam,5.000000e+00,cg8,8,0,10485760,10240,0.000000e+00
128,8,16qam,6.000000e+00,zf,,0,10485760,10240,0.000000e+00
128,8,16qam,6.000000e+00,mmse,,0,10485760,10240,0.000000e+00
128,8,16qam,6.000000e+00,cg1,1,308413,10485760,10240,2.941256e-02
128,8,16qam,6.000000e+00,cg2,2,2,10485760,10240,1.907349e-07
128,8,16qam,6.000000e+00,cg3,3,0,10485760,10240,0.000000e+00
128,8,16qam,6.000000e+00,cg4,4,0,10485760,10240,0.000000e+00
128,8,16qam,6.000000e+00,cg8,8,0,10485760,10240,0.000000e+00
128,8,16qam,7.000000e+00,zf,,0,10485760,10240,0.000000e+00
128,8,16qam,7.000000e+00,mmse,,0,10485760,10240,0.000000e+00
128,8,16qam,7.000000e+00,cg1,1,303995,10485760,10240,2.899122e-02
128,8,16qam,7.000000e+00,cg2,2,0,10485760,10240,0.000000e+00
128,8,16qam,7.000000e+00,cg3,3,0,10485760,10240,0.000000e+00
128,8,16qam,7.000000e+00,cg4,4,0,10485760,10240,0.000000e+00
128,8,16qam,7.000000e+00,cg8,8,0,10485760,10240,0.000000e+00
128,8,16qam,8.000000e+00,zf,,0,10485760,10240,0.000000e+00
128,8,16qam,8.000000e+00,mmse,,0,10485760,10240,0.000000e+00
128,8,16qam,8.000000e+00,cg1,1,300322,10485760,10240,2.864094e-02
128,8,16qam,8.000000e+00,cg2,2,0,10485760,10240,0.000000e+00
128,8,16qam,8.000000e+00,cg3,3,0,10485760,10240,0.000000e+00
128,8,16qam,8.000000e+00,cg4,4,0,10485760,10240,0.000000e+00
128,8,16qam,8.000000e+00,cg8,8,0,10485760,10240,0.000000e+00
128,8,16qam,9.000000e+00,zf,,0,10485760,10240,0.000000e+00
128,8,16qam,9.000000e+00,mmse,,0,10485760,10240,0.000000e+00
128,8,16qam,9.000000e+00,cg1,1,299691,10485760,10240,2.858076e-02
128,8,16qam,9.000000e+00,cg2,2,0,10485760,10240,0.000000e+00
128,8,16qam,9.000000e+00,cg3,3,0,10485760,10240,0.000000e+00
128,8,16qam,9.000000e+00,cg4,4,0,10485760,10240,0.000000e+00
128,8,16qam,9.000000e+00,cg8,8,0,10485760,10240,0.000000e+00
128,8,16qam,1.000000e+01,zf,,0,10485760,10240,0.000000e+00
128,8,16qam,1.000000e+01,mmse,,0,10485760,10240,0.000000e+00
128,8,16qam,1.000000e+01,cg1,1,295099,10485760,10240,2.814283e-02
128,8,16qam,1.000000e+01,cg2,2,0,10485760,10240,0.000000e+00
128,8,16qam,1.000000e+01,cg3,3,0,10485760,10240,0.000000e+00
128,8,16qam,1.000000e+01,cg4,4,0,10485760,10240,0.000000e+00
128,8,16qam,1.000000e+01,cg8,8,0,10485760,10240,0.000000e+00
128,8,16qam,1.100000e+01,zf,,0,10485760,10240,0.000000e+00
128,8,16qam,1.100000e+01,mmse,,0,10485760,10240,0.000000e+00
128,8,16qam,1.100000e+01,cg1,1,296055,10485760,10240,2.823400e-02
128,8,16qam,1.100000e+01,cg2,2,0,10485760,10240,0.000000e+00
128,8,16qam,1.100000e+01,cg3,3,0,10485760,10240,0.000000e+00
128,8,16qam,1.100000e+01,cg4,4,0,10485760,10240,0.000000e+00
128,8,16qam,1.100000e+01,cg8,8,0,10485760,10240,0.000000e+00
128,8,16qam,1.200000e+01,zf,,0,10485760,10240,0.000000e+00
128,8,16qam,1.200000e+01,mmse,,0,10485760,10240,0.000000e+00
128,8,16qam,1.200000e+01,cg1,1,294676,10485760,10240,2.810249e-02
128,8,16qam,1.200000e+01,cg2,2,0,10485760,10240,0.000000e+00
128,8,16qam,1.200000e+01,cg3,3,0,10485760,10240,0.000000e+00
128,8,16qam,1.200000e+01,cg4,4,0,10485760,10240,0.000000e+00
128,8,16qam,1.200000e+01,cg8,8,0,10485760,10240,0.000000e+00
128,8,16qam,1.300000e+01,zf,,0,10485760,10240,0.000000e+00
128,8,16qam,1.300000e+01,mmse,,0,10485760,10240,0.000000e+00
128,8,16qam,1.300000e+01,cg1,1,294305,10485760,10240,2.806711e-02
128,8,16qam,1.300000e+01,cg2,2,0,10485760,10240,0.000000e+00
128,8,16qam,1.300000e+01,cg3,3,0,10485760,10240,0.000000e+00
128,8,16qam,1.300000e+01,cg4,4,0,10485760,10240,0.000000e+00
128,8,16qam,1.300000e+01,cg8,8,0,10485760,10240,0.000000e+00
128,8,16qam,1.400000e+01,zf,,0,10485760,10240,0.000000e+00
128,8,16qam,1.400000e+01,mmse,,0,10485760,10240,0.000000e+00
128,8,16qam,1.400000e+01,cg1,1,294696,10485760,10240,2.810440e-02
128,8,16qam,1.400000e+01,cg2,2,1,10485760,10240,9.536743e-08
128,8,16qam,1.400000e+01,cg3,3,0,10485760,10240,0.000000e+00
128,8,16qam,1.400000e+01,cg4,4,0,10485760,10240,0.000000e+00
128,8,16qam,1.400000e+01,cg8,8,0,10485760,10240,0.000000e+00
128,8,16qam,1.500000e+01,zf,,0,10485760,10240,0.000000e+00
128,8,16qam,1.500000e+01,mmse,,0,10485760,10240,0.000000e+00
128,8,16qam,1.500000e+01,cg1,1,289926,10485760,10240,2.764950e-02
128,8,16qam,1.500000e+01,cg2,2,2,10485760,10240,1.907349e-07
128,8,16qam,1.500000e+01,cg3,3,0,10485760,10240,0.000000e+00
128,8,16qam,1.500000e+01,cg4,4,0,10485760,10240,0.000000e+00
128,8,16qam,1.500000e+01,cg8,8,0,10485760,10240,0.000000e+00
128,8,16qam,1.600000e+01,zf,,0,10485760,10240,0.000000e+00
128,8,16qam,1.600000e+01,mmse,,0,10485760,10240,0.000000e+00
128,8,16qam,1.600000e+01,cg1,1,292454,10485760,10240,2.789059e-02
128,8,16qam,1.600000e+01,cg2,2,0,10485760,10240,0.000000e+00
128,8,16qam,1.600000e+01,cg3,3,0,10485760,10240,0.000000e+00
128,8,16qam,1.600000e+01,cg4,4,0,10485760,10240,0.000000e+00
128,8,16qam,1.600000e+01,cg8,8,0,10485760,10240,0.000000e+00
128,8,16qam,1.700000e+01,zf,,0,10485760,10240,0.000000e+00
128,8,16qam,1.700000e+01,mmse,,0,10485760,10240,0.000000e+00
128,8,16qam,1.700000e+01,cg1,1,292867,10485760,10240,2.792997e-02
128,8,16qam,1.700000e+01,cg2,2,1,10485760,10240,9.536743e-08
128,8,16qam,1.700000e+01,cg3,3,0,10485760,10240,0.000000e+00
128,8,16qam,1.700000e+01,cg4,4,0,10485760,10240,0.000000e+00
128,8,16qam,1.700000e+01,cg8,8,0,10485760,10240,0.000000e+00
128,8,16qam,1.800000e+01,zf,,0,10485760,10240,0.000000e+00
128,8,16qam,1.800000e+01,mmse,,0,10485760,10240,0.000000e+00
128,8,16qam,1.800000e+01,cg1,1,293122,10485760,10240,2.795429e-02
128,8,16qam,1.800000e+01,cg2,2,0,10485760,10240,0.000000e+00
128,8,16qam,1.800000e+01,cg3,3,0,10485760,10240,0.000000e+00
128,8,16qam,1.800000e+01,cg4,4,0,10485760,10240,0.000000e+00
128,8,16qam,1.800000e+01,cg8,8,0,10485760,10240,0.000000e+00
128,8,16qam,1.900000e+01,zf,,0,10485760,10240,0.000000e+00
128,8,16qam,1.900000e+01,mmse,,0,10485760,10240,0.000000e+00
128,8,16qam,1.900000e+01,cg1,1,291453,10485760,10240,2.779512e-02
128,8,16qam,1.900000e+01,cg2,2,0,10485760,10240,0.000000e+00
128,8,16qam,1.900000e+01,cg3,3,0,10485760,10240,0.000000e+00
128,8,16qam,1.900000e+01,cg4,4,0,10485760,10240,0.000000e+00
128,8,16qam,1.900000e+01,cg8,8,0,10485760,10240,0.000000e+00
128,8,16qam,2.000000e+01,zf,,0,10485760,10240,0.000000e+00
128,8,16qam,2.000000e+01,mmse,,0,10485760,10240,0.000000e+00
128,8,16qam,2.000000e+01,cg1,1,290781,10485760,10240,2.773104e-02
128,8,16qam,2.000000e+01,cg2,2,0,10485760,10240,0.000000e+00
128,8,16qam,2.000000e+01,cg3,3,0,10485760,10240,0.000000e+00
128,8,16qam,2.000000e+01,cg4,4,0,10485760,10240,0.000000e+00
128,8,16qam,2.000000e+01,cg8,8,0,10485760,10240,0.000000e+00
128,16,16qam,-2.000000e+01,zf,,288835,1048576,512,2.754545e-01
128,16,16qam,-2.000000e+01,mmse,,282233,1048576,512,2.691584e-01
128,16,16qam,-2.000000e+01,cg1,1,288416,1048576,512,2.750549e-01
128,16,16qam,-2.000000e+01,cg2,2,282517,1048576,512,2.694292e-01
128,16,16qam,-2.000000e+01,cg3,3,282291,1048576,512,2.692137e-01
128,16,16qam,-2.000000e+01,cg4,4,282239,1048576,512,2.691641e-01
128,16,16qam,-2.000000e+01,cg16,16,282233,1048576,512,2.691584e-01
128,16,16qam,-1.900000e+01,zf,,261276,1048576,512,2.491722e-01
128,16,16qam,-1.900000e+01,mmse,,255416,1048576,512,2.435837e-01
128,16,16qam,-1.900000e+01,cg1,1,265564,1048576,512,2.532616e-01
128,16,16qam,-1.900000e+01,cg2,2,255913,1048576,512,2.440577e-01
128,16,16qam,-1.900000e+01,cg3,3,255427,1048576,512,2.435942e-01
128,16,16qam,-1.900000e+01,cg4,4,255416,1048576,512,2.435837e-01
128,16,16qam,-1.900000e+01,cg16,16,255416,1048576,512,2.435837e-01
128,16,16qam,-1.800000e+01,zf,,235337,1048576,512,2.244349e-01
128,16,16qam,-1.800000e+01,mmse,,230119,1048576,512,2.194586e-01
128,16,16qam,-1.800000e+01,cg1,1,243234,1048576,512,2.319660e-01
128,16,16qam,-1.800000e+01,cg2,2,230906,1048576,512,2.202091e-01
128,16,16qam,-1.800000e+01,cg3,3,230186,1048576,512,2.195225e-01
128,16,16qam,-1.800000e+01,cg4,4,230147,1048576,512,2.194853e-01
128,16,16qam,-1.800000e+01,cg16,16,230119,1048576,512,2.194586e-01
128,16,16qam,-1.700000e+01,zf,,208700,1048576,512,1.990318e-01
128,16,16qam,-1.700000e+01,mmse,,204347,1048576,512,1.948805e-01
128,16,16qam,-1.700000e+01,cg1,1,222336,1048576,512,2.120361e-01
128,16,16qam,-1.700000e+01,cg2,2,205309,1048576,512,1.957979e-01
128,16,16qam,-1.700000e+01,cg3,3,204395,1048576,512,1.949263e-01
128,16,16qam,-1.700000e+01,cg4,4,204344,1048576,512,1.948776e-01
128,16,16qam,-1.700000e+01,cg16,16,204347,1048576,512,1.948805e-01
128,16,16qam,-1.600000e+01,zf,,184152,1048576,512,1.756210e-01
128,16,16qam,-1.600000e+01,mmse,,180854,1048576,512,1.724758e-01
128,16,16qam,-1.600000e+01,cg1,1,205018,1048576,512,1.955204e-01
128,16,16qam,-1.600000e+01,cg2,2,182062,1048576,512,1.736279e-01
128,16,16qam,-1.600000e+01,cg3,3,180819,1048576,512,1.724424e-01
128,16,16qam,-1.600000e+01,cg4,4,180853,1048576,512,1.724749e-01
128,16,16qam,-1.600000e+01,cg16,16,180854,1048576,512,1.724758e-01
128,16,16qam,-1.500000e+01,zf,,160217,1048576,512,1.527948e-01
128,16,16qam,-1.500000e+01,mmse,,157129,1048576,512,1.498499e-01
128,16,16qam,-1.500000e+01,cg1,1,188093,1048576,512,1.793795e-01
128,16,16qam,-1.500000e+01,cg2,2,159280,1048576,512,1.519012e-01
128,16,16qam,-1.500000e+01,cg3,3,157311,1048576,512,1.500235e-01
128,16,16qam,-1.500000e+01,cg4,4,157157,1048576,512,1.498766e-01
128,16,16qam,-1.500000e+01,cg16,16,157129,1048576,512,1.498499e-01
128,16,16qam,-1.400000e+01,zf,,136845,1048576,512,1.305056e-01
128,16,16qam,-1.400000e+01,mmse,,134404,1048576,512,1.281776e-01
128,16,16qam,-1.400000e+01,cg1,1,173642,1048576,512,1.655979e-01
128,16,16qam,-1.400000e+01,cg2,2,137141,1048576,512,1.307878e-01
128,16,16qam,-1.400000e+01,cg3,3,134608,1048576,512,1.283722e-01
128,16,16qam,-1.400000e+01,cg4,4,134396,1048576,512,1.281700e-01
128,16,16qam,-1.400000e+01,cg16,16,134404,1048576,512,1.281776e-01
128,16,16qam,-1.300000e+01,zf,,113980,1048576,512,1.086998e-01
128,16,16qam,-1.300000e+01,mmse,,111926,1048576,512,1.067410e-01
128,16,16qam,-1.300000e+01,cg1,1,160469,1048576,512,1.530352e-01
128,16,16qam,-1.300000e+01,cg2,2,116185,1048576,512,1.108027e-01
128,16,16qam,-1.300000e+01,cg3,3,112272,1048576,512,1.070709e-01
128,16,16qam,-1.300000e+01,cg4,4,111892,1048576,512,1.067085e-01
128,16,16qam,-1.300000e+01,cg16,16,111926,1048576,512,1.067410e-01
128,16,16qam,-1.200000e+01,zf,,92256,1048576,512,8.798218e-02
128,16,16qam,-1.200000e+01,mmse,,90742,1048576,512,8.653831e-02
128,16,16qam,-1.200000e+01,cg1,1,149417,1048576,512,1.424952e-01
128,16,16qam,-1.200000e+01,cg2,2,96365,1048576,512,9.190083e-02
128,16,16qam,-1.200000e+01,cg3,3,91200,1048576,512,8.697510e-02
128,16,16qam,-1.200000e+01,cg4,4,90766,1048576,512,8.656120e-02
128,16,16qam,-1.200000e+01,cg16,16,90742,1048576,512,8.653831e-02
128,16,16qam,-1.100000e+01,zf,,71196,1048576,512,6.789780e-02
128,16,16qam,-1.100000e+01,mmse,,70245,1048576,512,6.699085e-02
128,16,16qam,-1.100000e+01,cg1,1,139593,1048576,512,1.331263e-01
128,16,16qam,-1.100000e+01,cg2,2,77191,1048576,512,7.361507e-02
128,16,16qam,-1.100000e+01,cg3,3,70880,1048576,512,6.759644e-02
128,16,16qam,-1.100000e+01,cg4,4,70266,1048576,512,6.701088e-02
128,16,16qam,-1.100000e+01,cg16,16,70245,1048576,512,6.699085e-02
128,16,16qam,-1.000000e+01,zf,,52345,1048576,512,4.992008e-02
128,16,16qam,-1.000000e+01,mmse,,51464,1048576,512,4.907990e-02
128,16,16qam,-1.000000e+01,cg1,1,130761,1048576,512,1.247034e-01
128,16,16qam,-1.000000e+01,cg2,2,59888,1048576,512,5.711365e-02
128,16,16qam,-1.000000e+01,cg3,3,52202,1048576,512,4.978371e-02
128,16,16qam,-1.000000e+01,cg4,4,51468,1048576,512,4.908371e-02
128,16,16qam,-1.000000e+01,cg16,16,51464,1048576,512,4.907990e-02
128,16,16qam,-9.000000e+00,zf,,36773,1048576,512,3.506947e-02
128,16,16qam,-9.000000e+00,mmse,,36121,1048576,512,3.444767e-02
128,16,16qam,-9.000000e+00,cg1,1,125232,1048576,512,1.194305e-01
128,16,16qam,-9.000000e+00,cg2,2,45664,1048576,512,4.354858e-02
128,16,16qam,-9.000000e+00,cg3,3,37037,1048576,512,3.532124e-02
128,16,16qam,-9.000000e+00,cg4,4,36229,1048576,512,3.455067e-02
128,16,16qam,-9.000000e+00,cg16,16,36121,1048576,512,3.444767e-02
128,16,16qam,-8.000000e+00,zf,,23568,1048576,512,2.247620e-02
128,16,16qam,-8.000000e+00,mmse,,23162,1048576,512,2.208900e-02
128,16,16qam,-8.000000e+00,cg1,1,118280,1048576,512,1.128006e-01
128,16,16qam,-8.000000e+00,cg2,2,33011,1048576,512,3.148174e-02
128,16,16qam,-8.000000e+00,cg3,3,24176,1048576,512,2.305603e-02
128,16,16qam,-8.000000e+00,cg4,4,23195,1048576,512,2.212048e-02
128,16,16qam,-8.000000e+00,cg16,16,23162,1048576,512,2.208900e-02
128,16,16qam,-7.000000e+00,zf,,13522,1048576,512,1.289558e-02
128,16,16qam,-7.000000e+00,mmse,,13228,1048576,512,1.261520e-02
128,16,16qam,-7.000000e+00,cg1,1,113191,1048576,512,1.079473e-01
128,16,16qam,-7.000000e+00,cg2,2,22688,1048576,512,2.163696e-02
128,16,16qam,-7.000000e+00,cg3,3,14109,1048576,512,1.345539e-02
128,16,16qam,-7.000000e+00,cg4,4,13354,1048576,512,1.273537e-02
128,16,16qam,-7.000000e+00,cg16,16,13228,1048576,512,1.261520e-02
128,16,16qam,-6.000000e+00,zf,,7085,1048576,512,6.756783e-03
128,16,16qam,-6.000000e+00,mmse,,6985,1048576,512,6.661415e-03
128,16,16qam,-6.000000e+00,cg1,1,111074,1048576,512,1.059284e-01
128,16,16qam,-6.000000e+00,cg2,2,16101,1048576,512,1.535511e-02
128,16,16qam,-6.000000e+00,cg3,3,7746,1048576,512,7.387161e-03
128,16,16qam,-6.000000e+00,cg4,4,7058,1048576,512,6.731033e-03
128,16,16qam,-6.000000e+00,cg16,16,6985,1048576,512,6.661415e-03
128,16,16qam,-5.000000e+00,zf,,3174,1048576,512,3.026962e-03
128,16,16qam,-5.000000e+00,mmse,,3118,1048576,512,2.973557e-03
128,16,16qam,-5.000000e+00,cg1,1,106477,1048576,512,1.015444e-01
128,16,16qam,-5.000000e+00,cg2,2,10399,1048576,512,9.917259e-03
128,16,16qam,-5.000000e+00,cg3,3,3629,1048576,512,3.460884e-03
128,16,16qam,-5.000000e+00,cg4,4,3160,1048576,512,3.013611e-03
128,16,16qam,-5.000000e+00,cg16,16,3118,1048576,512,2.973557e-03
128,16,16qam,-4.000000e+00,zf,,1155,1048576,512,1.101494e-03
128,16,16qam,-4.000000e+00,mmse,,1153,1048576,512,1.099586e-03
128,16,16qam,-4.000000e+00,cg1,1,103755,1048576,512,9.894848e-02
128,16,16qam,-4.000000e+00,cg2,2,6856,1048576,512,6.538391e-03
128,16,16qam,-4.000000e+00,cg3,3,1455,1048576,512,1.387596e-03
128,16,16qam,-4.000000e+00,cg4,4,1186,1048576,512,1.131058e-03
128,16,16qam,-4.000000e+00,cg16,16,1153,1048576,512,1.099586e-03
128,16,16qam,-3.000000e+00,zf,,376,1048576,512,3.585815e-04
128,16,16qam,-3.000000e+00,mmse,,367,1048576,512,3.499985e-04
128,16,16qam,-3.000000e+00,cg1,1,102457,1048576,512,9.771061e-02
128,16,16qam,-3.000000e+00,cg2,2,4526,1048576,512,4.316330e-03
128,16,16qam,-3.000000e+00,cg3,3,535,1048576,512,5.102158e-04
128,16,16qam,-3.000000e+00,cg4,4,385,1048576,512,3.671646e-04
128,16,16qam,-3.000000e+00,cg16,16,367,1048576,512,3.499985e-04
128,16,16qam,-2.000000e+00,zf,,143,2097152,1024,6.818771e-05
128,16,16qam,-2.000000e+00,mmse,,137,2097152,1024,6.532669e-05
128,16,16qam,-2.000000e+00,cg1,1,201399,2097152,1024,9.603453e-02
128,16,16qam,-2.000000e+00,cg2,2,5967,2097152,1024,2.845287e-03
128,16,16qam,-2.000000e+00,cg3,3,309,2097152,1024,1.473427e-04
128,16,16qam,-2.000000e+00,cg4,4,152,2097152,1024,7.247925e-05
128,16,16qam,-2.000000e+00,cg16,16,137,2097152,1024,6.532669e-05
128,16,16qam,-1.000000e+00,zf,,104,8388608,4096,1.239777e-05
128,16,16qam,-1.000000e+00,mmse,,103,8388608,4096,1.227856e-05
128,16,16qam,-1.000000e+00,cg1,1,792625,8388608,4096,9.448826e-02
128,16,16qam,-1.000000e+00,cg2,2,15696,8388608,4096,1.871109e-03
128,16,16qam,-1.000000e+00,cg3,3,310,8388608,4096,3.695488e-05
128,16,16qam,-1.000000e+00,cg4,4,123,8388608,4096,1.466274e-05
128,16,16qam,-1.000000e+00,cg16,16,103,8388608,4096,1.227856e-05
128,16,16qam,0.000000e+00,zf,,10,10485760,5120,9.536743e-07
128,16,16qam,0.000000e+00,mmse,,11,10485760,5120,1.049042e-06
128,16,16qam,0.000000e+00,cg1,1,981770,10485760,5120,9.362888e-02
128,16,16qam,0.000000e+00,cg2,2,13559,10485760,5120,1.293087e-03
128,16,16qam,0.000000e+00,cg3,3,66,10485760,5120,6.294250e-06
128,16,16qam,0.000000e+00,cg4,4,11,10485760,5120,1.049042e-06
128,16,16qam,0.000000e+00,cg16,16,11,10485760,5120,1.049042e-06
128,16,16qam,1.000000e+00,zf,,0,10485760,5120,0.000000e+00
128,16,16qam,1.000000e+00,mmse,,0,10485760,5120,0.000000e+00
128,16,16qam,1.000000e+00,cg1,1,972120,10485760,5120,9.270859e-02
128,16,16qam,1.000000e+00,cg2,2,9824,10485760,5120,9.368896e-04
128,16,16qam,1.000000e+00,cg3,3,16,10485760,5120,1.525879e-06
128,16,16qam,1.000000e+00,cg4,4,3,10485760,5120,2.861023e-07
128,16,16qam,1.000000e+00,cg16,16,0,10485760,5120,0.000000e+00
128,16,16qam,2.000000e+00,zf,,0,10485760,5120,0.000000e+00
128,16,16qam,2.000000e+00,mmse,,0,10485760,5120,0.000000e+00
128,16,16qam,2.000000e+00,cg1,1,964244,10485760,5120,9.195747e-02
128,16,16qam,2.000000e+00,cg2,2,7546,10485760,5120,7.196426e-04
128,16,16qam,2.000000e+00,cg3,3,3,10485760,5120,2.861023e-07
128,16,16qam,2.000000e+00,cg4,4,0,10485760,5120,0.000000e+00
128,16,16qam,2.000000e+00,cg16,16,0,10485760,5120,0.000000e+00
128,16,16qam,3.000000e+00,zf,,0,10485760,5120,0.000000e+00
128,16,16qam,3.000000e+00,mmse,,0,10485760,5120,0.000000e+00
128,16,16qam,3.000000e+00,cg1,1,956979,10485760,5120,9.126463e-02
128,16,16qam,3.000000e+00,cg2,2,5679,10485760,5120,5.415916e-04
128,16,16qam,3.000000e+00,cg3,3,0,10485760,5120,0.000000e+00
128,16,16qam,3.000000e+00,cg4,4,0,10485760,5120,0.000000e+00
128,16,16qam,3.000000e+00,cg16,16,0,10485760,5120,0.000000e+00
128,16,16qam,4.000000e+00,zf,,0,10485760,5120,0.000000e+00
128,16,16qam,4.000000e+00,mmse,,0,10485760,5120,0.000000e+00
128,16,16qam,4.000000e+00,cg1,1,954256,10485760,5120,9.100494e-02
128,16,16qam,4.000000e+00,cg2,2,4576,10485760,5120,4.364014e-04
128,16,16qam,4.000000e+00,cg3,3,0,10485760,5120,0.000000e+00
128,16,16qam,4.000000e+00,cg4,4,0,10485760,5120,0.000000e+00
128,16,16qam,4.000000e+00,cg16,16,0,10485760,5120,0.000000e+00
128,16,16qam,5.000000e+00,zf,,0,10485760,5120,0.000000e+00
128,16,16qam,5.000000e+00,mmse,,0,10485760,5120,0.000000e+00
128,16,16qam,5.000000e+00,cg1,1,949044,10485760,5120,9.050789e-02
128,16,16qam,5.000000e+00,cg2,2,3893,10485760,5120,3.712654e-04
128,16,16qam,5.000000e+00,cg3,3,0,10485760,5120,0.000000e+00
128,16,16qam,5.000000e+00,cg4,4,0,10485760,5120,0.000000e+00
128,16,16qam,5.000000e+00,cg16,16,0,10485760,5120,0.000000e+00
128,16,16qam,6.000000e+00,zf,,0,10485760,5120,0.000000e+00
128,16,16qam,6.000000e+00,mmse,,0,10485760,5120,0.000000e+00
128,16,16qam,6.000000e+00,cg1,1,948259,10485760,5120,9.043303e-02
128,16,16qam,6.000000e+00,cg2,2,3490,10485760,5120,3.328323e-04
128,16,16qam,6.000000e+00,cg3,3,0,10485760,5120,0.000000e+00
128,16,16qam,6.000000e+00,cg4,4,0,10485760,5120,0.000000e+00
128,16,16qam,6.000000e+00,cg16,16,0,10485760,5120,0.000000e+00
128,16,16qam,7.000000e+00,zf,,0,10485760,5120,0.000000e+00
128,16,16qam,7.000000e+00,mmse,,0,10485760,5120,0.000000e+00
128,16,16qam,7.000000e+00,cg1,1,947800,10485760,5120,9.038925e-02
128,16,16qam,7.000000e+00,cg2,2,3104,10485760,5120,2.960205e-04
128,16,16qam,7.000000e+00,cg3,3,0,10485760,5120,0.000000e+00
128,16,16qam,7.000000e+00,cg4,4,0,10485760,5120,0.000000e+00
128,16,16qam,7.000000e+00,cg16,16,0,10485760,5120,0.000000e+00
128,16,16qam,8.000000e+00,zf,,0,10485760,5120,0.000000e+00
128,16,16qam,8.000000e+00,mmse,,0,10485760,5120,0.000000e+00
128,16,16qam,8.000000e+00,cg1,1,943042,10485760,5120,8.993549e-02
128,16,16qam,8.000000e+00,cg2,2,2902,10485760,5120,2.767563e-04
128,16,16qam,8.000000e+00,cg3,3,0,10485760,5120,0.000000e+00
128,16,16qam,8.000000e+00,cg4,4,0,10485760,5120,0.000000e+00
128,16,16qam,8.000000e+00,cg16,16,0,10485760,5120,0.000000e+00
128,16,16qam,9.000000e+00,zf,,0,10485760,5120,0.000000e+00
128,16,16qam,9.000000e+00,mmse,,0,10485760,5120,0.000000e+00
128,16,16qam,9.000000e+00,cg1,1,943678,10485760,5120,8.999615e-02
128,16,16qam,9.000000e+00,cg2,2,2643,10485760,5120,2.520561e-04
128,16,16qam,9.000000e+00,cg3,3,0,10485760,5120,0.000000e+00
128,16,16qam,9.000000e+00,cg4,4,0,10485760,5120,0.000000e+00
128,16,16qam,9.000000e+00,cg16,16,0,10485760,5120,0.000000e+00
128,16,16qam,1.000000e+01,zf,,0,10485760,5120,0.000000e+00
128,16,16qam,1.000000e+01,mmse,,0,10485760,5120,0.000000e+00
128,16,16qam,1.000000e+01,cg1,1,941246,10485760,5120,8.976421e-02
128,16,16qam,1.000000e+01,cg2,2,2494,10485760,5120,2.378464e-04
128,16,16qam,1.000000e+01,cg3,3,0,10485760,5120,0.000000e+00
128,16,16qam,1.000000e+01,cg4,4,0,10485760,5120,0.000000e+00
128,16,16qam,1.000000e+01,cg16,16,0,10485760,5120,0.000000e+00
128,16,16qam,1.100000e+01,zf,,0,10485760,5120,0.000000e+00
128,16,16qam,1.100000e+01,mmse,,0,10485760,5120,0.000000e+00
128,16,16qam,1.100000e+01,cg1,1,940850,10485760,5120,8.972645e-02
128,16,16qam,1.100000e+01,cg2,2,2302,10485760,5120,2.195358e-04
128,16,16qam,1.100000e+01,cg3,3,0,10485760,5120,0.000000e+00
128,16,16qam,1.100000e+01,cg4,4,0,10485760,5120,0.000000e+00
128,16,16qam,1.100000e+01,cg16,16,0,10485760,5120,0.000000e+00
128,16,16qam,1.200000e+01,zf,,0,10485760,5120,0.000000e+00
128,16,16qam,1.200000e+01,mmse,,0,10485760,5120,0.000000e+00
128,16,16qam,1.200000e+01,cg1,1,939279,10485760,5120,8.957663e-02
128,16,16qam,1.200000e+01,cg2,2,2241,10485760,5120,2.137184e-04
128,16,16qam,1.200000e+01,cg3,3,0,10485760,5120,0.000000e+00
128,16,16qam,1.200000e+01,cg4,4,0,10485760,5120,0.000000e+00
128,16,16qam,1.200000e+01,cg16,16,0,10485760,5120,0.000000e+00
128,16,16qam,1.300000e+01,zf,,0,10485760,5120,0.000000e+00
128,16,16qam,1.300000e+01,mmse,,0,10485760,5120,0.000000e+00
128,16,16qam,1.300000e+01,cg1,1,941388,10485760,5120,8.977776e-02
128,16,16qam,1.300000e+01,cg2,2,2107,10485760,5120,2.009392e-04
128,16,16qam,1.300000e+01,cg3,3,0,10485760,5120,0.000000e+00
128,16,16qam,1.300000e+01,cg4,4,0,10485760,5120,0.000000e+00
128,16,16qam,1.300000e+01,cg16,16,0,10485760,5120,0.000000e+00
128,16,16qam,1.400000e+01,zf,,0,10485760,5120,0.000000e+00
128,16,16qam,1.400000e+01,mmse,,0,10485760,5120,0.000000e+00
128,16,16qam,1.400000e+01,cg1,1,938916,10485760,5120,8.954201e-02
128,16,16qam,1.400000e+01,cg2,2,2132,10485760,5120,2.033234e-04
128,16,16qam,1.400000e+01,cg3,3,0,10485760,5120,0.000000e+00
128,16,16qam,1.400000e+01,cg4,4,0,10485760,5120,0.000000e+00
128,16,16qam,1.400000e+01,cg16,16,0,10485760,5120,0.000000e+00
128,16,16qam,1.500000e+01,zf,,0,10485760,5120,0.000000e+00
128,16,16qam,1.500000e+01,mmse,,0,10485760,5120,0.000000e+00
128,16,16qam,1.500000e+01,cg1,1,939184,10485760,5120,8.956757e-02
128,16,16qam,1.500000e+01,cg2,2,2108,10485760,5120,2.010345e-04
128,16,16qam,1.500000e+01,cg3,3,0,10485760,5120,0.000000e+00
128,16,16qam,1.500000e+01,cg4,4,0,10485760,5120,0.000000e+00
128,16,16qam,1.500000e+01,cg16,16,0,10485760,5120,0.000000e+00
128,16,16qam,1.600000e+01,zf,,0,10485760,5120,0.000000e+00
128,16,16qam,1.600000e+01,mmse,,0,10485760,5120,0.000000e+00
128,16,16qam,1.600000e+01,cg1,1,937815,10485760,5120,8.943701e-02
128,16,16qam,1.600000e+01,cg2,2,2016,10485760,5120,1.922607e-04
128,16,16qam,1.600000e+01,cg3,3,0,10485760,5120,0.000000e+00
128,16,16qam,1.600000e+01,cg4,4,0,10485760,5120,0.000000e+00
128,16,16qam,1.600000e+01,cg16,16,0,10485760,5120,0.000000e+00
128,16,16qam,1.700000e+01,zf,,0,10485760,5120,0.000000e+00
128,16,16qam,1.700000e+01,mmse,,0,10485760,5120,0.000000e+00
128,16,16qam,1.700000e+01,cg1,1,936023,10485760,5120,8.926611e-02
128,16,16qam,1.700000e+01,cg2,2,1889,10485760,5120,1.801491e-04
128,16,16qam,1.700000e+01,cg3,3,0,10485760,5120,0.000000e+00
128,16,16qam,1.700000e+01,cg4,4,0,10485760,5120,0.000000e+00
128,16,16qam,1.700000e+01,cg16,16,0,10485760,5120,0.000000e+00
128,16,16qam,1.800000e+01,zf,,0,10485760,5120,0.000000e+00
128,16,16qam,1.800000e+01,mmse,,0,10485760,5120,0.000000e+00
128,16,16qam,1.800000e+01,cg1,1,939234,10485760,5120,8.957233e-02
128,16,16qam,1.800000e+01,cg2,2,1993,10485760,5120,1.900673e-04
128,16,16qam,1.800000e+01,cg3,3,0,10485760,5120,0.000000e+00
128,16,16qam,1.800000e+01,cg4,4,0,10485760,5120,0.000000e+00
128,16,16qam,1.800000e+01,cg16,16,0,10485760,5120,0.000000e+00
128,16,16qam,1.900000e+01,zf,,0,10485760,5120,0.000000e+00
128,16,16qam,1.900000e+01,mmse,,0,10485760,5120,0.000000e+00
128,16,16qam,1.900000e+01,cg1,1,941289,10485760,5120,8.976831e-02
128,16,16qam,1.900000e+01,cg2,2,1976,10485760,5120,1.884460e-04
128,16,16qam,1.900000e+01,cg3,3,0,10485760,5120,0.000000e+00
128,16,16qam,1.900000e+01,cg4,4,0,10485760,5120,0.000000e+00
128,16,16qam,1.900000e+01,cg16,16,0,10485760,5120,0.000000e+00
128,16,16qam,2.000000e+01,zf,,0,10485760,5120,0.000000e+00
128,16,16qam,2.000000e+01,mmse,,0,10485760,5120,0.000000e+00
128,16,16qam,2.000000e+01,cg1,1,940182,10485760,5120,8.966274e-02
128,16,16qam,2.000000e+01,cg2,2,1978,10485760,5120,1.886368e-04
128,16,16qam,2.000000e+01,cg3,3,0,10485760,5120,0.000000e+00
128,16,16qam,2.000000e+01,cg4,4,0,10485760,5120,0.000000e+00
128,16,16qam,2.000000e+01,cg16,16,0,10485760,5120,0.000000e+00
32,4,64qam,-2.000000e+01,zf,,449854,1048320,1365,4.291190e-01
32,4,64qam,-2.000000e+01,mmse,,446376,1048320,1365,4.258013e-01
32,4,64qam,-2.000000e+01,cg1,1,446936,1048320,1365,4.263355e-01
32,4,64qam,-2.000000e+01,cg2,2,446393,1048320,1365,4.258175e-01
32,4,64qam,-2.000000e+01,cg3,3,446383,1048320,1365,4.258080e-01
32,4,64qam,-2.000000e+01,cg4,4,446376,1048320,1365,4.258013e-01
32,4,64qam,-1.900000e+01,zf,,439294,1048320,1365,4.190457e-01
32,4,64qam,-1.900000e+01,mmse,,436474,1048320,1365,4.163557e-01
32,4,64qam,-1.900000e+01,cg1,1,436733,1048320,1365,4.166028e-01
32,4,64qam,-1.900000e+01,cg2,2,436506,1048320,1365,4.163862e-01
32,4,64qam,-1.900000e+01,cg3,3,436465,1048320,1365,4.163471e-01
32,4,64qam,-1.900000e+01,cg4,4,436474,1048320,1365,4.163557e-01
32,4,64qam,-1.800000e+01,zf,,428354,1048320,1365,4.086100e-01
32,4,64qam,-1.800000e+01,mmse,,424787,1048320,1365,4.052074e-01
32,4,64qam,-1.800000e+01,cg1,1,425481,1048320,1365,4.058694e-01
32,4,64qam,-1.800000e+01,cg2,2,424892,1048320,1365,4.053075e-01
32,4,64qam,-1.800000e+01,cg3,3,424789,1048320,1365,4.052093e-01
32,4,64qam,-1.800000e+01,cg4,4,424787,1048320,1365,4.052074e-01
32,4,64qam,-1.700000e+01,zf,,414628,1048320,1365,3.955166e-01
32,4,64qam,-1.700000e+01,mmse,,411125,1048320,1365,3.921751e-01
32,4,64qam,-1.700000e+01,cg1,1,411603,1048320,1365,3.926311e-01
32,4,64qam,-1.700000e+01,cg2,2,411162,1048320,1365,3.922104e-01
32,4,64qam,-1.700000e+01,cg3,3,411128,1048320,1365,3.921780e-01
32,4,64qam,-1.700000e+01,cg4,4,411125,1048320,1365,3.921751e-01
32,4,64qam,-1.600000e+01,zf,,400238,1048320,1365,3.817899e-01
32,4,64qam,-1.600000e+01,mmse,,396451,1048320,1365,3.781775e-01
32,4,64qam,-1.600000e+01,cg1,1,397780,1048320,1365,3.794452e-01
32,4,64qam,-1.600000e+01,cg2,2,396543,1048320,1365,3.782652e-01
32,4,64qam,-1.600000e+01,cg3,3,396459,1048320,1365,3.781851e-01
32,4,64qam,-1.600000e+01,cg4,4,396451,1048320,1365,3.781775e-01
32,4,64qam,-1.500000e+01,zf,,384784,1048320,1365,3.670482e-01
32,4,64qam,-1.500000e+01,mmse,,380790,1048320,1365,3.632383e-01
32,4,64qam,-1.500000e+01,cg1,1,383276,1048320,1365,3.656097e-01
32,4,64qam,-1.500000e+01,cg2,2,380755,1048320,1365,3.632049e-01
32,4,64qam,-1.500000e+01,cg3,3,380734,1048320,1365,3.631849e-01
32,4,64qam,-1.500000e+01,cg4,4,380790,1048320,1365,3.632383e-01
32,4,64qam,-1.400000e+01,zf,,366994,1048320,1365,3.500782e-01
32,4,64qam,-1.400000e+01,mmse,,363216,1048320,1365,3.464744e-01
32,4,64qam,-1.400000e+01,cg1,1,366180,1048320,1365,3.493017e-01
32,4,64qam,-1.400000e+01,cg2,2,363215,1048320,1365,3.464734e-01
32,4,64qam,-1.400000e+01,cg3,3,363294,1048320,1365,3.465488e-01
32,4,64qam,-1.400000e+01,cg4,4,363216,1048320,1365,3.464744e-01
32,4,64qam,-1.300000e+01,zf,,348877,1048320,1365,3.327963e-01
32,4,64qam,-1.300000e+01,mmse,,345165,1048320,1365,3.292554e-01
32,4,64qam,-1.300000e+01,cg1,1,350868,1048320,1365,3.346955e-01
32,4,64qam,-1.300000e+01,cg2,2,345477,1048320,1365,3.295530e-01
32,4,64qam,-1.300000e+01,cg3,3,345245,1048320,1365,3.293317e-01
32,4,64qam,-1.300000e+01,cg4,4,345165,1048320,1365,3.292554e-01
32,4,64qam,-1.200000e+01,zf,,328386,1048320,1365,3.132498e-01
32,4,64qam,-1.200000e+01,mmse,,325213,1048320,1365,3.102230e-01
32,4,64qam,-1.200000e+01,cg1,1,332671,1048320,1365,3.173373e-01
32,4,64qam,-1.200000e+01,cg2,2,325468,1048320,1365,3.104663e-01
32,4,64qam,-1.200000e+01,cg3,3,325117,1048320,1365,3.101314e-01
32,4,64qam,-1.200000e+01,cg4,4,325213,1048320,1365,3.102230e-01
32,4,64qam,-1.100000e+01,zf,,307517,1048320,1365,2.933427e-01
32,4,64qam,-1.100000e+01,mmse,,304807,1048320,1365,2.907576e-01
32,4,64qam,-1.100000e+01,cg1,1,315640,1048320,1365,3.010913e-01
32,4,64qam,-1.100000e+01,cg2,2,305157,1048320,1365,2.910915e-01
32,4,64qam,-1.100000e+01,cg3,3,304913,1048320,1365,2.908587e-01
32,4,64qam,-1.100000e+01,cg4,4,304807,1048320,1365,2.907576e-01
32,4,64qam,-1.000000e+01,zf,,285041,1048320,1365,2.719027e-01
32,4,64qam,-1.000000e+01,mmse,,282691,1048320,1365,2.696610e-01
32,4,64qam,-1.000000e+01,cg1,1,299002,1048320,1365,2.852202e-01
32,4,64qam,-1.000000e+01,cg2,2,283214,1048320,1365,2.701599e-01
32,4,64qam,-1.000000e+01,cg3,3,282601,1048320,1365,2.695751e-01
32,4,64qam,-1.000000e+01,cg4,4,282691,1048320,1365,2.696610e-01
32,4,64qam,-9.000000e+00,zf,,261421,1048320,1365,2.493714e-01
32,4,64qam,-9.000000e+00,mmse,,259311,1048320,1365,2.473586e-01
32,4,64qam,-9.000000e+00,cg1,1,281384,1048320,1365,2.684142e-01
32,4,64qam,-9.000000e+00,cg2,2,259787,1048320,1365,2.478127e-01
32,4,64qam,-9.000000e+00,cg3,3,259343,1048320,1365,2.473892e-01
32,4,64qam,-9.000000e+00,cg4,4,259311,1048320,1365,2.473586e-01
32,4,64qam,-8.000000e+00,zf,,238009,1048320,1365,2.270385e-01
32,4,64qam,-8.000000e+00,mmse,,236229,1048320,1365,2.253405e-01
32,4,64qam,-8.000000e+00,cg1,1,264620,1048320,1365,2.524229e-01
32,4,64qam,-8.000000e+00,cg2,2,237157,1048320,1365,2.262258e-01
32,4,64qam,-8.000000e+00,cg3,3,236207,1048320,1365,2.253196e-01
32,4,64qam,-8.000000e+00,cg4,4,236229,1048320,1365,2.253405e-01
32,4,64qam,-7.000000e+00,zf,,216088,1048320,1365,2.061279e-01
32,4,64qam,-7.000000e+00,mmse,,214092,1048320,1365,2.042239e-01
32,4,64qam,-7.000000e+00,cg1,1,250443,1048320,1365,2.388994e-01
32,4,64qam,-7.000000e+00,cg2,2,215642,1048320,1365,2.057025e-01
32,4,64qam,-7.000000e+00,cg3,3,214005,1048320,1365,2.041409e-01
32,4,64qam,-7.000000e+00,cg4,4,214092,1048320,1365,2.042239e-01
32,4,64qam,-6.000000e+00,zf,,191989,1048320,1365,1.831397e-01
32,4,64qam,-6.000000e+00,mmse,,190814,1048320,1365,1.820188e-01
32,4,64qam,-6.000000e+00,cg1,1,237672,1048320,1365,2.267170e-01
32,4,64qam,-6.000000e+00,cg2,2,193430,1048320,1365,1.845143e-01
32,4,64qam,-6.000000e+00,cg3,3,190853,1048320,1365,1.820561e-01
32,4,64qam,-6.000000e+00,cg4,4,190814,1048320,1365,1.820188e-01
32,4,64qam,-5.000000e+00,zf,,170294,1048320,1365,1.624447e-01
32,4,64qam,-5.000000e+00,mmse,,169277,1048320,1365,1.614745e-01
32,4,64qam,-5.000000e+00,cg1,1,225795,1048320,1365,2.153875e-01
32,4,64qam,-5.000000e+00,cg2,2,172743,1048320,1365,1.647808e-01
32,4,64qam,-5.000000e+00,cg3,3,169287,1048320,1365,1.614841e-01
32,4,64qam,-5.000000e+00,cg4,4,169277,1048320,1365,1.614745e-01
32,4,64qam,-4.000000e+00,zf,,149270,1048320,1365,1.423897e-01
32,4,64qam,-4.000000e+00,mmse,,148425,1048320,1365,1.415837e-01
32,4,64qam,-4.000000e+00,cg1,1,215788,1048320,1365,2.058417e-01
32,4,64qam,-4.000000e+00,cg2,2,152987,1048320,1365,1.459354e-01
32,4,64qam,-4.000000e+00,cg3,3,148645,1048320,1365,1.417935e-01
32,4,64qam,-4.000000e+00,cg4,4,148425,1048320,1365,1.415837e-01
32,4,64qam,-3.000000e+00,zf,,129553,1048320,1365,1.235815e-01
32,4,64qam,-3.000000e+00,mmse,,128858,1048320,1365,1.229186e-01
32,4,64qam,-3.000000e+00,cg1,1,205419,1048320,1365,1.959507e-01
32,4,64qam,-3.000000e+00,cg2,2,133949,1048320,1365,1.277749e-01
32,4,64qam,-3.000000e+00,cg3,3,129009,1048320,1365,1.230626e-01
32,4,64qam,-3.000000e+00,cg4,4,128858,1048320,1365,1.229186e-01
32,4,64qam,-2.000000e+00,zf,,110436,1048320,1365,1.053457e-01
32,4,64qam,-2.000000e+00,mmse,,109843,1048320,1365,1.047800e-01
32,4,64qam,-2.000000e+00,cg1,1,199641,1048320,1365,1.904390e-01
32,4,64qam,-2.000000e+00,cg2,2,117048,1048320,1365,1.116529e-01
32,4,64qam,-2.000000e+00,cg3,3,110182,1048320,1365,1.051034e-01
32,4,64qam,-2.000000e+00,cg4,4,109843,1048320,1365,1.047800e-01
32,4,64qam,-1.000000e+00,zf,,92527,1048320,1365,8.826217e-02
32,4,64qam,-1.000000e+00,mmse,,92154,1048320,1365,8.790636e-02
32,4,64qam,-1.000000e+00,cg1,1,192953,1048320,1365,1.840593e-01
32,4,64qam,-1.000000e+00,cg2,2,101086,1048320,1365,9.642666e-02
32,4,64qam,-1.000000e+00,cg3,3,92459,1048320,1365,8.819731e-02
32,4,64qam,-1.000000e+00,cg4,4,92154,1048320,1365,8.790636e-02
32,4,64qam,0.000000e+00,zf,,74776,1048320,1365,7.132937e-02
32,4,64qam,0.000000e+00,mmse,,74433,1048320,1365,7.100217e-02
32,4,64qam,0.000000e+00,cg1,1,187297,1048320,1365,1.786640e-01
32,4,64qam,0.000000e+00,cg2,2,85079,1048320,1365,8.115747e-02
32,4,64qam,0.000000e+00,cg3,3,74751,1048320,1365,7.130552e-02
32,4,64qam,0.000000e+00,cg4,4,74433,1048320,1365,7.100217e-02
32,4,64qam,1.000000e+00,zf,,58637,1048320,1365,5.593426e-02
32,4,64qam,1.000000e+00,mmse,,58525,1048320,1365,5.582742e-02
32,4,64qam,1.000000e+00,cg1,1,183142,1048320,1365,1.747005e-01
32,4,64qam,1.000000e+00,cg2,2,71169,1048320,1365,6.788862e-02
32,4,64qam,1.000000e+00,cg3,3,58951,1048320,1365,5.623378e-02
32,4,64qam,1.000000e+00,cg4,4,58525,1048320,1365,5.582742e-02
32,4,64qam,2.000000e+00,zf,,44637,1048320,1365,4.257956e-02
32,4,64qam,2.000000e+00,mmse,,44469,1048320,1365,4.241930e-02
32,4,64qam,2.000000e+00,cg1,1,180553,1048320,1365,1.722308e-01
32,4,64qam,2.000000e+00,cg2,2,59358,1048320,1365,5.662202e-02
32,4,64qam,2.000000e+00,cg3,3,44958,1048320,1365,4.288576e-02
32,4,64qam,2.000000e+00,cg4,4,44469,1048320,1365,4.241930e-02
32,4,64qam,3.000000e+00,zf,,31490,1048320,1365,3.003854e-02
32,4,64qam,3.000000e+00,mmse,,31489,1048320,1365,3.003758e-02
32,4,64qam,3.000000e+00,cg1,1,176704,1048320,1365,1.685592e-01
32,4,64qam,3.000000e+00,cg2,2,48048,1048320,1365,4.583333e-02
32,4,64qam,3.000000e+00,cg3,3,32137,1048320,1365,3.065572e-02
32,4,64qam,3.000000e+00,cg4,4,31489,1048320,1365,3.003758e-02
32,4,64qam,4.000000e+00,zf,,20603,1048320,1365,1.965335e-02
32,4,64qam,4.000000e+00,mmse,,20594,1048320,1365,1.964476e-02
32,4,64qam,4.000000e+00,cg1,1,172479,1048320,1365,1.645290e-01
32,4,64qam,4.000000e+00,cg2,2,36770,1048320,1365,3.507517e-02
32,4,64qam,4.000000e+00,cg3,3,20973,1048320,1365,2.000630e-02
32,4,64qam,4.000000e+00,cg4,4,20594,1048320,1365,1.964476e-02
32,4,64qam,5.000000e+00,zf,,12422,1048320,1365,1.184944e-02
32,4,64qam,5.000000e+00,mmse,,12350,1048320,1365,1.178075e-02
32,4,64qam,5.000000e+00,cg1,1,173111,1048320,1365,1.651318e-01
32,4,64qam,5.000000e+00,cg2,2,29936,1048320,1365,2.855617e-02
32,4,64qam,5.000000e+00,cg3,3,13013,1048320,1365,1.241319e-02
32,4,64qam,5.000000e+00,cg4,4,12350,1048320,1365,1.178075e-02
32,4,64qam,6.000000e+00,zf,,6865,1048320,1365,6.548573e-03
32,4,64qam,6.000000e+00,mmse,,6826,1048320,1365,6.511371e-03
32,4,64qam,6.000000e+00,cg1,1,169962,1048320,1365,1.621280e-01
32,4,64qam,6.000000e+00,cg2,2,23399,1048320,1365,2.232047e-02
32,4,64qam,6.000000e+00,cg3,3,7330,1048320,1365,6.992140e-03
32,4,64qam,6.000000e+00,cg4,4,6826,1048320,1365,6.511371e-03
32,4,64qam,7.000000e+00,zf,,3291,1048320,1365,3.139309e-03
32,4,64qam,7.000000e+00,mmse,,3307,1048320,1365,3.154571e-03
32,4,64qam,7.000000e+00,cg1,1,170513,1048320,1365,1.626536e-01
32,4,64qam,7.000000e+00,cg2,2,19197,1048320,1365,1.831216e-02
32,4,64qam,7.000000e+00,cg3,3,3708,1048320,1365,3.537088e-03
32,4,64qam,7.000000e+00,cg4,4,3307,1048320,1365,3.154571e-03
32,4,64qam,8.000000e+00,zf,,1399,1048320,1365,1.334516e-03
32,4,64qam,8.000000e+00,mmse,,1391,1048320,1365,1.326885e-03
32,4,64qam,8.000000e+00,cg1,1,168654,1048320,1365,1.608803e-01
32,4,64qam,8.000000e+00,cg2,2,15883,1048320,1365,1.515091e-02
32,4,64qam,8.000000e+00,cg3,3,1686,1048320,1365,1.608288e-03
32,4,64qam,8.000000e+00,cg4,4,1391,1048320,1365,1.326885e-03
32,4,64qam,9.000000e+00,zf,,468,1048320,1365,4.464286e-04
32,4,64qam,9.000000e+00,mmse,,461,1048320,1365,4.397512e-04
32,4,64qam,9.000000e+00,cg1,1,166842,1048320,1365,1.591518e-01
32,4,64qam,9.000000e+00,cg2,2,12910,1048320,1365,1.231494e-02
32,4,64qam,9.000000e+00,cg3,3,631,1048320,1365,6.019154e-04
32,4,64qam,9.000000e+00,cg4,4,461,1048320,1365,4.397512e-04
32,4,64qam,1.000000e+01,zf,,148,1048320,1365,1.411783e-04
32,4,64qam,1.000000e+01,mmse,,149,1048320,1365,1.421322e-04
32,4,64qam,1.000000e+01,cg1,1,168904,1048320,1365,1.611187e-01
32,4,64qam,1.000000e+01,cg2,2,11731,1048320,1365,1.119029e-02
32,4,64qam,1.000000e+01,cg3,3,254,1048320,1365,2.422924e-04
32,4,64qam,1.000000e+01,cg4,4,149,1048320,1365,1.421322e-04
32,4,64qam,1.100000e+01,zf,,124,4193280,5460,2.957112e-05
32,4,64qam,1.100000e+01,mmse,,120,4193280,5460,2.861722e-05
32,4,64qam,1.100000e+01,cg1,1,668479,4193280,5460,1.594167e-01
32,4,64qam,1.100000e+01,cg2,2,41578,4193280,5460,9.915388e-03
32,4,64qam,1.100000e+01,cg3,3,353,4193280,5460,8.418231e-05
32,4,64qam,1.100000e+01,cg4,4,120,4193280,5460,2.861722e-05
32,4,64qam,1.200000e+01,zf,,71,10483200,13650,6.772741e-06
32,4,64qam,1.200000e+01,mmse,,71,10483200,13650,6.772741e-06
32,4,64qam,1.200000e+01,cg1,1,1661240,10483200,13650,1.584669e-01
32,4,64qam,1.200000e+01,cg2,2,92783,10483200,13650,8.850637e-03
32,4,64qam,1.200000e+01,cg3,3,345,10483200,13650,3.290980e-05
32,4,64qam,1.200000e+01,cg4,4,71,10483200,13650,6.772741e-06
32,4,64qam,1.300000e+01,zf,,9,10483200,13650,8.585165e-07
32,4,64qam,1.300000e+01,mmse,,10,10483200,13650,9.539072e-07
32,4,64qam,1.300000e+01,cg1,1,1653328,10483200,13650,1.577121e-01
32,4,64qam,1.300000e+01,cg2,2,84939,10483200,13650,8.102392e-03
32,4,64qam,1.300000e+01,cg3,3,134,10483200,13650,1.278236e-05
32,4,64qam,1.300000e+01,cg4,4,10,10483200,13650,9.539072e-07
32,4,64qam,1.400000e+01,zf,,2,10483200,13650,1.907814e-07
32,4,64qam,1.400000e+01,mmse,,2,10483200,13650,1.907814e-07
32,4,64qam,1.400000e+01,cg1,1,1655204,10483200,13650,1.578911e-01
32,4,64qam,1.400000e+01,cg2,2,79905,10483200,13650,7.622196e-03
32,4,64qam,1.400000e+01,cg3,3,75,10483200,13650,7.154304e-06
32,4,64qam,1.400000e+01,cg4,4,2,10483200,13650,1.907814e-07
32,4,64qam,1.500000e+01,zf,,0,10483200,13650,0.000000e+00
32,4,64qam,1.500000e+01,mmse,,0,10483200,13650,0.000000e+00
32,4,64qam,1.500000e+01,cg1,1,1658844,10483200,13650,1.582383e-01
32,4,64qam,1.500000e+01,cg2,2,77910,10483200,13650,7.431891e-03
32,4,64qam,1.500000e+01,cg3,3,50,10483200,13650,4.769536e-06
32,4,64qam,1.500000e+01,cg4,4,0,10483200,13650,0.000000e+00
32,4,64qam,1.600000e+01,zf,,0,10483200,13650,0.000000e+00
32,4,64qam,1.600000e+01,mmse,,0,10483200,13650,0.000000e+00
32,4,64qam,1.600000e+01,cg1,1,1647647,10483200,13650,1.571702e-01
32,4,64qam,1.600000e+01,cg2,2,74459,10483200,13650,7.102698e-03
32,4,64qam,1.600000e+01,cg3,3,23,10483200,13650,2.193987e-06
32,4,64qam,1.600000e+01,cg4,4,0,10483200,13650,0.000000e+00
32,4,64qam,1.700000e+01,zf,,0,10483200,13650,0.000000e+00
32,4,64qam,1.700000e+01,mmse,,0,10483200,13650,0.000000e+00
32,4,64qam,1.700000e+01,cg1,1,1650071,10483200,13650,1.574015e-01
32,4,64qam,1.700000e+01,cg2,2,72917,10483200,13650,6.955605e-03
32,4,64qam,1.700000e+01,cg3,3,25,10483200,13650,2.384768e-06
32,4,64qam,1.700000e+01,cg4,4,0,10483200,13650,0.000000e+00
32,4,64qam,1.800000e+01,zf,,0,10483200,13650,0.000000e+00
32,4,64qam,1.800000e+01,mmse,,0,10483200,13650,0.000000e+00
32,4,64qam,1.800000e+01,cg1,1,1648959,10483200,13650,1.572954e-01
32,4,64qam,1.800000e+01,cg2,2,70039,10483200,13650,6.681071e-03
32,4,64qam,1.800000e+01,cg3,3,11,10483200,13650,1.049298e-06
32,4,64qam,1.800000e+01,cg4,4,0,10483200,13650,0.000000e+00
32,4,64qam,1.900000e+01,zf,,0,10483200,13650,0.000000e+00
32,4,64qam,1.900000e+01,mmse,,0,10483200,13650,0.000000e+00
32,4,64qam,1.900000e+01,cg1,1,1644344,10483200,13650,1.568552e-01
32,4,64qam,1.900000e+01,cg2,2,66873,10483200,13650,6.379064e-03
32,4,64qam,1.900000e+01,cg3,3,63,10483200,13650,6.009615e-06
32,4,64qam,1.900000e+01,cg4,4,0,10483200,13650,0.000000e+00
32,4,64qam,2.000000e+01,zf,,0,10483200,13650,0.000000e+00
32,4,64qam,2.000000e+01,mmse,,0,10483200,13650,0.000000e+00
32,4,64qam,2.000000e+01,cg1,1,1648033,10483200,13650,1.572071e-01
32,4,64qam,2.000000e+01,cg2,2,67730,10483200,13650,6.460813e-03
32,4,64qam,2.000000e+01,cg3,3,10,10483200,13650,9.539072e-07
32,4,64qam,2.000000e+01,cg4,4,0,10483200,13650,0.000000e+00
32,8,64qam,-2.000000e+01,zf,,455932,1047552,682,4.352357e-01
32,8,64qam,-2.000000e+01,mmse,,446989,1047552,682,4.266986e-01
32,8,64qam,-2.000000e+01,cg1,1,447609,1047552,682,4.272905e-01
32,8,64qam,-2.000000e+01,cg2,2,446972,1047552,682,4.266824e-01
32,8,64qam,-2.000000e+01,cg3,3,446967,1047552,682,4.266776e-01
32,8,64qam,-2.000000e+01,cg4,4,446997,1047552,682,4.267063e-01
32,8,64qam,-2.000000e+01,cg8,8,446989,1047552,682,4.266986e-01
32,8,64qam,-1.900000e+01,zf,,446871,1047552,682,4.265860e-01
32,8,64qam,-1.900000e+01,mmse,,438989,1047552,682,4.190618e-01
32,8,64qam,-1.900000e+01,cg1,1,439955,1047552,682,4.199839e-01
32,8,64qam,-1.900000e+01,cg2,2,438969,1047552,682,4.190427e-01
32,8,64qam,-1.900000e+01,cg3,3,438956,1047552,682,4.190303e-01
32,8,64qam,-1.900000e+01,cg4,4,439004,1047552,682,4.190761e-01
32,8,64qam,-1.900000e+01,cg8,8,438989,1047552,682,4.190618e-01
32,8,64qam,-1.800000e+01,zf,,435065,1047552,682,4.153159e-01
32,8,64qam,-1.800000e+01,mmse,,426074,1047552,682,4.067330e-01
32,8,64qam,-1.800000e+01,cg1,1,427291,1047552,682,4.078948e-01
32,8,64qam,-1.800000e+01,cg2,2,426211,1047552,682,4.068638e-01
32,8,64qam,-1.800000e+01,cg3,3,426076,1047552,682,4.067349e-01
32,8,64qam,-1.800000e+01,cg4,4,426098,1047552,682,4.067559e-01
32,8,64qam,-1.800000e+01,cg8,8,426074,1047552,682,4.067330e-01
32,8,64qam,-1.700000e+01,zf,,423610,1047552,682,4.043809e-01
32,8,64qam,-1.700000e+01,mmse,,413963,1047552,682,3.951718e-01
32,8,64qam,-1.700000e+01,cg1,1,415864,1047552,682,3.969865e-01
32,8,64qam,-1.700000e+01,cg2,2,414151,1047552,682,3.953513e-01
32,8,64qam,-1.700000e+01,cg3,3,413952,1047552,682,3.951613e-01
32,8,64qam,-1.700000e+01,cg4,4,413992,1047552,682,3.951995e-01
32,8,64qam,-1.700000e+01,cg8,8,413963,1047552,682,3.951718e-01
32,8,64qam,-1.600000e+01,zf,,409483,1047552,682,3.908952e-01
32,8,64qam,-1.600000e+01,mmse,,399932,1047552,682,3.817777e-01
32,8,64qam,-1.600000e+01,cg1,1,403332,1047552,682,3.850234e-01
32,8,64qam,-1.600000e+01,cg2,2,399992,1047552,682,3.818350e-01
32,8,64qam,-1.600000e+01,cg3,3,399853,1047552,682,3.817023e-01
32,8,64qam,-1.600000e+01,cg4,4,399966,1047552,682,3.818102e-01
32,8,64qam,-1.600000e+01,cg8,8,399932,1047552,682,3.817777e-01
32,8,64qam,-1.500000e+01,zf,,393807,1047552,682,3.759307e-01
32,8,64qam,-1.500000e+01,mmse,,385177,1047552,682,3.676925e-01
32,8,64qam,-1.500000e+01,cg1,1,389924,1047552,682,3.722240e-01
32,8,64qam,-1.500000e+01,cg2,2,385700,1047552,682,3.681917e-01
32,8,64qam,-1.500000e+01,cg3,3,385177,1047552,682,3.676925e-01
32,8,64qam,-1.500000e+01,cg4,4,385188,1047552,682,3.677030e-01
32,8,64qam,-1.500000e+01,cg8,8,385177,1047552,682,3.676925e-01
32,8,64qam,-1.400000e+01,zf,,378348,1047552,682,3.611735e-01
32,8,64qam,-1.400000e+01,mmse,,368772,1047552,682,3.520322e-01
32,8,64qam,-1.400000e+01,cg1,1,375492,1047552,682,3.584471e-01
32,8,64qam,-1.400000e+01,cg2,2,369368,1047552,682,3.526011e-01
32,8,64qam,-1.400000e+01,cg3,3,368671,1047552,682,3.519358e-01
32,8,64qam,-1.400000e+01,cg4,4,368772,1047552,682,3.520322e-01
32,8,64qam,-1.400000e+01,cg8,8,368772,1047552,682,3.520322e-01
32,8,64qam,-1.300000e+01,zf,,361307,1047552,682,3.449060e-01
32,8,64qam,-1.300000e+01,mmse,,351755,1047552,682,3.357876e-01
32,8,64qam,-1.300000e+01,cg1,1,362019,1047552,682,3.455857e-01
32,8,64qam,-1.300000e+01,cg2,2,352426,1047552,682,3.364282e-01
32,8,64qam,-1.300000e+01,cg3,3,351799,1047552,682,3.358296e-01
32,8,64qam,-1.300000e+01,cg4,4,351700,1047552,682,3.357351e-01
32,8,64qam,-1.300000e+01,cg8,8,351755,1047552,682,3.357876e-01
32,8,64qam,-1.200000e+01,zf,,342474,1047552,682,3.269279e-01
32,8,64qam,-1.200000e+01,mmse,,333410,1047552,682,3.182754e-01
32,8,64qam,-1.200000e+01,cg1,1,348045,1047552,682,3.322460e-01
32,8,64qam,-1.200000e+01,cg2,2,334210,1047552,682,3.190391e-01
32,8,64qam,-1.200000e+01,cg3,3,333502,1047552,682,3.183632e-01
32,8,64qam,-1.200000e+01,cg4,4,333466,1047552,682,3.183288e-01
32,8,64qam,-1.200000e+01,cg8,8,333410,1047552,682,3.182754e-01
32,8,64qam,-1.100000e+01,zf,,321406,1047552,682,3.068163e-01
32,8,64qam,-1.100000e+01,mmse,,313382,1047552,682,2.991565e-01
32,8,64qam,-1.100000e+01,cg1,1,335142,1047552,682,3.199287e-01
32,8,64qam,-1.100000e+01,cg2,2,315648,1047552,682,3.013196e-01
32,8,64qam,-1.100000e+01,cg3,3,313670,1047552,682,2.994314e-01
32,8,64qam,-1.100000e+01,cg4,4,313491,1047552,682,2.992606e-01
32,8,64qam,-1.100000e+01,cg8,8,313382,1047552,682,2.991565e-01
32,8,64qam,-1.000000e+01,zf,,299475,1047552,682,2.858808e-01
32,8,64qam,-1.000000e+01,mmse,,292274,1047552,682,2.790067e-01
32,8,64qam,-1.000000e+01,cg1,1,322641,1047552,682,3.079952e-01
32,8,64qam,-1.000000e+01,cg2,2,295477,1047552,682,2.820643e-01
32,8,64qam,-1.000000e+01,cg3,3,292677,1047552,682,2.793914e-01
32,8,64qam,-1.000000e+01,cg4,4,292358,1047552,682,2.790869e-01
32,8,64qam,-1.000000e+01,cg8,8,292274,1047552,682,2.790067e-01
32,8,64qam,-9.000000e+00,zf,,276798,1047552,682,2.642332e-01
32,8,64qam,-9.000000e+00,mmse,,270575,1047552,682,2.582927e-01
32,8,64qam,-9.000000e+00,cg1,1,311549,1047552,682,2.974067e-01
32,8,64qam,-9.000000e+00,cg2,2,275258,1047552,682,2.627631e-01
32,8,64qam,-9.000000e+00,cg3,3,271107,1047552,682,2.588005e-01
32,8,64qam,-9.000000e+00,cg4,4,270554,1047552,682,2.582726e-01
32,8,64qam,-9.000000e+00,cg8,8,270575,1047552,682,2.582927e-01
32,8,64qam,-8.000000e+00,zf,,254296,1047552,682,2.427526e-01
32,8,64qam,-8.000000e+00,mmse,,248663,1047552,682,2.373753e-01
32,8,64qam,-8.000000e+00,cg1,1,301238,1047552,682,2.875638e-01
32,8,64qam,-8.000000e+00,cg2,2,255665,1047552,682,2.440595e-01
32,8,64qam,-8.000000e+00,cg3,3,249409,1047552,682,2.380875e-01
32,8,64qam,-8.000000e+00,cg4,4,248601,1047552,682,2.373161e-01
32,8,64qam,-8.000000e+00,cg8,8,248663,1047552,682,2.373753e-01
32,8,64qam,-7.000000e+00,zf,,229848,1047552,682,2.194144e-01
32,8,64qam,-7.000000e+00,mmse,,225417,1047552,682,2.151845e-01
32,8,64qam,-7.000000e+00,cg1,1,292677,1047552,682,2.793914e-01
32,8,64qam,-7.000000e+00,cg2,2,235590,1047552,682,2.248958e-01
32,8,64qam,-7.000000e+00,cg3,3,226572,1047552,682,2.162871e-01
32,8,64qam,-7.000000e+00,cg4,4,225456,1047552,682,2.152218e-01
32,8,64qam,-7.000000e+00,cg8,8,225417,1047552,682,2.151845e-01
32,8,64qam,-6.000000e+00,zf,,207287,1047552,682,1.978775e-01
32,8,64qam,-6.000000e+00,mmse,,203548,1047552,682,1.943083e-01
32,8,64qam,-6.000000e+00,cg1,1,286937,1047552,682,2.739119e-01
32,8,64qam,-6.000000e+00,cg2,2,217740,1047552,682,2.078560e-01
32,8,64qam,-6.000000e+00,cg3,3,205394,1047552,682,1.960705e-01
32,8,64qam,-6.000000e+00,cg4,4,203826,1047552,682,1.945736e-01
32,8,64qam,-6.000000e+00,cg8,8,203548,1047552,682,1.943083e-01
32,8,64qam,-5.000000e+00,zf,,184263,1047552,682,1.758987e-01
32,8,64qam,-5.000000e+00,mmse,,181272,1047552,682,1.730434e-01
32,8,64qam,-5.000000e+00,cg1,1,281581,1047552,682,2.687991e-01
32,8,64qam,-5.000000e+00,cg2,2,200531,1047552,682,1.914282e-01
32,8,64qam,-5.000000e+00,cg3,3,183849,1047552,682,1.755035e-01
32,8,64qam,-5.000000e+00,cg4,4,181587,1047552,682,1.733441e-01
32,8,64qam,-5.000000e+00,cg8,8,181272,1047552,682,1.730434e-01
32,8,64qam,-4.000000e+00,zf,,162347,1047552,682,1.549775e-01
32,8,64qam,-4.000000e+00,mmse,,159809,1047552,682,1.525547e-01
32,8,64qam,-4.000000e+00,cg1,1,276943,1047552,682,2.643716e-01
32,8,64qam,-4.000000e+00,cg2,2,185040,1047552,682,1.766404e-01
32,8,64qam,-4.000000e+00,cg3,3,163820,1047552,682,1.563836e-01
32,8,64qam,-4.000000e+00,cg4,4,160321,1047552,682,1.530435e-01
32,8,64qam,-4.000000e+00,cg8,8,159809,1047552,682,1.525547e-01
32,8,64qam,-3.000000e+00,zf,,142294,1047552,682,1.358348e-01
32,8,64qam,-3.000000e+00,mmse,,140282,1047552,682,1.339141e-01
32,8,64qam,-3.000000e+00,cg1,1,272624,1047552,682,2.602487e-01
32,8,64qam,-3.000000e+00,cg2,2,169669,1047552,682,1.619671e-01
32,8,64qam,-3.000000e+00,cg3,3,145054,1047552,682,1.384695e-01
32,8,64qam,-3.000000e+00,cg4,4,140778,1047552,682,1.343876e-01
32,8,64qam,-3.000000e+00,cg8,8,140282,1047552,682,1.339141e-01
32,8,64qam,-2.000000e+00,zf,,122684,1047552,682,1.171149e-01
32,8,64qam,-2.000000e+00,mmse,,121284,1047552,682,1.157785e-01
32,8,64qam,-2.000000e+00,cg1,1,269149,1047552,682,2.569314e-01
32,8,64qam,-2.000000e+00,cg2,2,157723,1047552,682,1.505634e-01
32,8,64qam,-2.000000e+00,cg3,3,127433,1047552,682,1.216484e-01
32,8,64qam,-2.000000e+00,cg4,4,122010,1047552,682,1.164715e-01
32,8,64qam,-2.000000e+00,cg8,8,121284,1047552,682,1.157785e-01
32,8,64qam,-1.000000e+00,zf,,103021,1047552,682,9.834452e-02
32,8,64qam,-1.000000e+00,mmse,,102005,1047552,682,9.737464e-02
32,8,64qam,-1.000000e+00,cg1,1,267395,1047552,682,2.552570e-01
32,8,64qam,-1.000000e+00,cg2,2,146521,1047552,682,1.398699e-01
32,8,64qam,-1.000000e+00,cg3,3,110197,1047552,682,1.051948e-01
32,8,64qam,-1.000000e+00,cg4,4,103156,1047552,682,9.847339e-02
32,8,64qam,-1.000000e+00,cg8,8,102005,1047552,682,9.737464e-02
32,8,64qam,0.000000e+00,zf,,86062,1047552,682,8.215535e-02
32,8,64qam,0.000000e+00,mmse,,85282,1047552,682,8.141076e-02
32,8,64qam,0.000000e+00,cg1,1,266327,1047552,682,2.542375e-01
32,8,64qam,0.000000e+00,cg2,2,136902,1047552,682,1.306875e-01
32,8,64qam,0.000000e+00,cg3,3,95271,1047552,682,9.094632e-02
32,8,64qam,0.000000e+00,cg4,4,86665,1047552,682,8.273098e-02
32,8,64qam,0.000000e+00,cg8,8,85282,1047552,682,8.141076e-02
32,8,64qam,1.000000e+00,zf,,69567,1047552,682,6.640911e-02
32,8,64qam,1.000000e+00,mmse,,69156,1047552,682,6.601677e-02
32,8,64qam,1.000000e+00,cg1,1,264976,1047552,682,2.529478e-01
32,8,64qam,1.000000e+00,cg2,2,129157,1047552,682,1.232941e-01
32,8,64qam,1.000000e+00,cg3,3,81062,1047552,682,7.738232e-02
32,8,64qam,1.000000e+00,cg4,4,70829,1047552,682,6.761383e-02
32,8,64qam,1.000000e+00,cg8,8,69156,1047552,682,6.601677e-02
32,8,64qam,2.000000e+00,zf,,53607,1047552,682,5.117359e-02
32,8,64qam,2.000000e+00,mmse,,53296,1047552,682,5.087671e-02
32,8,64qam,2.000000e+00,cg1,1,263249,1047552,682,2.512992e-01
32,8,64qam,2.000000e+00,cg2,2,121131,1047552,682,1.156324e-01
32,8,64qam,2.000000e+00,cg3,3,67311,1047552,682,6.425552e-02
32,8,64qam,2.000000e+00,cg4,4,55271,1047552,682,5.276206e-02
32,8,64qam,2.000000e+00,cg8,8,53296,1047552,682,5.087671e-02
32,8,64qam,3.000000e+00,zf,,39415,1047552,682,3.762582e-02
32,8,64qam,3.000000e+00,mmse,,39075,1047552,682,3.730125e-02
32,8,64qam,3.000000e+00,cg1,1,263537,1047552,682,2.515741e-01
32,8,64qam,3.000000e+00,cg2,2,117037,1047552,682,1.117243e-01
32,8,64qam,3.000000e+00,cg3,3,56388,1047552,682,5.382835e-02
32,8,64qam,3.000000e+00,cg4,4,41650,1047552,682,3.975936e-02
32,8,64qam,3.000000e+00,cg8,8,39075,1047552,682,3.730125e-02
32,8,64qam,4.000000e+00,zf,,27445,1047552,682,2.619918e-02
32,8,64qam,4.000000e+00,mmse,,27288,1047552,682,2.604930e-02
32,8,64qam,4.000000e+00,cg1,1,261947,1047552,682,2.500563e-01
32,8,64qam,4.000000e+00,cg2,2,109675,1047552,682,1.046965e-01
32,8,64qam,4.000000e+00,cg3,3,45016,1047552,682,4.297257e-02
32,8,64qam,4.000000e+00,cg4,4,29890,1047552,682,2.853319e-02
32,8,64qam,4.000000e+00,cg8,8,27288,1047552,682,2.604930e-02
32,8,64qam,5.000000e+00,zf,,17934,1047552,682,1.711991e-02
32,8,64qam,5.000000e+00,mmse,,17733,1047552,682,1.692804e-02
32,8,64qam,5.000000e+00,cg1,1,263009,1047552,682,2.510701e-01
32,8,64qam,5.000000e+00,cg2,2,107816,1047552,682,1.029219e-01
32,8,64qam,5.000000e+00,cg3,3,38107,1047552,682,3.637719e-02
32,8,64qam,5.000000e+00,cg4,4,20813,1047552,682,1.986823e-02
32,8,64qam,5.000000e+00,cg8,8,17733,1047552,682,1.692804e-02
32,8,64qam,6.000000e+00,zf,,10579,1047552,682,1.009878e-02
32,8,64qam,6.000000e+00,mmse,,10467,1047552,682,9.991867e-03
32,8,64qam,6.000000e+00,cg1,1,262290,1047552,682,2.503838e-01
32,8,64qam,6.000000e+00,cg2,2,103455,1047552,682,9.875882e-02
32,8,64qam,6.000000e+00,cg3,3,29983,1047552,682,2.862197e-02
32,8,64qam,6.000000e+00,cg4,4,13105,1047552,682,1.251012e-02
32,8,64qam,6.000000e+00,cg8,8,10467,1047552,682,9.991867e-03
32,8,64qam,7.000000e+00,zf,,5392,1047552,682,5.147239e-03
32,8,64qam,7.000000e+00,mmse,,5369,1047552,682,5.125283e-03
32,8,64qam,7.000000e+00,cg1,1,260404,1047552,682,2.485834e-01
32,8,64qam,7.000000e+00,cg2,2,98907,1047552,682,9.441727e-02
32,8,64qam,7.000000e+00,cg3,3,24269,1047552,682,2.316735e-02
32,8,64qam,7.000000e+00,cg4,4,7725,1047552,682,7.374336e-03
32,8,64qam,7.000000e+00,cg8,8,5369,1047552,682,5.125283e-03
32,8,64qam,8.000000e+00,zf,,2548,1047552,682,2.432337e-03
32,8,64qam,8.000000e+00,mmse,,2520,1047552,682,2.405609e-03
32,8,64qam,8.000000e+00,cg1,1,260565,1047552,682,2.487371e-01
32,8,64qam,8.000000e+00,cg2,2,97889,1047552,682,9.344548e-02
32,8,64qam,8.000000e+00,cg3,3,20075,1047552,682,1.916373e-02
32,8,64qam,8.000000e+00,cg4,4,4642,1047552,682,4.431284e-03
32,8,64qam,8.000000e+00,cg8,8,2520,1047552,682,2.405609e-03
32,8,64qam,9.000000e+00,zf,,1049,1047552,682,1.001382e-03
32,8,64qam,9.000000e+00,mmse,,1037,1047552,682,9.899270e-04
32,8,64qam,9.000000e+00,cg1,1,261110,1047552,682,2.492573e-01
32,8,64qam,9.000000e+00,cg2,2,97064,1047552,682,9.265793e-02
32,8,64qam,9.000000e+00,cg3,3,17748,1047552,682,1.694236e-02
32,8,64qam,9.000000e+00,cg4,4,2626,1047552,682,2.506797e-03
32,8,64qam,9.000000e+00,cg8,8,1037,1047552,682,9.899270e-04
32,8,64qam,1.000000e+01,zf,,329,1047552,682,3.140656e-04
32,8,64qam,1.000000e+01,mmse,,330,1047552,682,3.150202e-04
32,8,64qam,1.000000e+01,cg1,1,260437,1047552,682,2.486149e-01
32,8,64qam,1.000000e+01,cg2,2,92930,1047552,682,8.871159e-02
32,8,64qam,1.000000e+01,cg3,3,14499,1047552,682,1.384084e-02
32,8,64qam,1.000000e+01,cg4,4,1309,1047552,682,1.249580e-03
32,8,64qam,1.000000e+01,cg8,8,330,1047552,682,3.150202e-04
32,8,64qam,1.100000e+01,zf,,177,2095104,1364,8.448268e-05
32,8,64qam,1.100000e+01,mmse,,176,2095104,1364,8.400538e-05
32,8,64qam,1.100000e+01,cg1,1,519079,2095104,1364,2.477581e-01
32,8,64qam,1.100000e+01,cg2,2,181767,2095104,1364,8.675798e-02
32,8,64qam,1.100000e+01,cg3,3,24392,2095104,1364,1.164238e-02
32,8,64qam,1.100000e+01,cg4,4,1381,2095104,1364,6.591558e-04
32,8,64qam,1.100000e+01,cg8,8,176,2095104,1364,8.400538e-05
32,8,64qam,1.200000e+01,zf,,124,6285312,4092,1.972854e-05
32,8,64qam,1.200000e+01,mmse,,118,6285312,4092,1.877393e-05
32,8,64qam,1.200000e+01,cg1,1,1558321,6285312,4092,2.479306e-01
32,8,64qam,1.200000e+01,cg2,2,549518,6285312,4092,8.742891e-02
32,8,64qam,1.200000e+01,cg3,3,71156,6285312,4092,1.132100e-02
32,8,64qam,1.200000e+01,cg4,4,2935,6285312,4092,4.669617e-04
32,8,64qam,1.200000e+01,cg8,8,118,6285312,4092,1.877393e-05
32,8,64qam,1.300000e+01,zf,,29,10475520,6820,2.768359e-06
32,8,64qam,1.300000e+01,mmse,,28,10475520,6820,2.672898e-06
32,8,64qam,1.300000e+01,cg1,1,2601520,10475520,6820,2.483428e-01
32,8,64qam,1.300000e+01,cg2,2,907107,10475520,6820,8.659303e-02
32,8,64qam,1.300000e+01,cg3,3,107230,10475520,6820,1.023625e-02
32,8,64qam,1.300000e+01,cg4,4,3139,10475520,6820,2.996510e-04
32,8,64qam,1.300000e+01,cg8,8,28,10475520,6820,2.672898e-06
32,8,64qam,1.400000e+01,zf,,2,10475520,6820,1.909213e-07
32,8,64qam,1.400000e+01,mmse,,2,10475520,6820,1.909213e-07
32,8,64qam,1.400000e+01,cg1,1,2597978,10475520,6820,2.480047e-01
32,8,64qam,1.400000e+01,cg2,2,899036,10475520,6820,8.582257e-02
32,8,64qam,1.400000e+01,cg3,3,98580,10475520,6820,9.410511e-03
32,8,64qam,1.400000e+01,cg4,4,2113,10475520,6820,2.017084e-04
32,8,64qam,1.400000e+01,cg8,8,2,10475520,6820,1.909213e-07
32,8,64qam,1.500000e+01,zf,,0,10475520,6820,0.000000e+00
32,8,64qam,1.500000e+01,mmse,,0,10475520,6820,0.000000e+00
32,8,64qam,1.500000e+01,cg1,1,2602795,10475520,6820,2.484645e-01
32,8,64qam,1.500000e+01,cg2,2,901412,10475520,6820,8.604938e-02
32,8,64qam,1.500000e+01,cg3,3,94633,10475520,6820,9.033728e-03
32,8,64qam,1.500000e+01,cg4,4,1639,10475520,6820,1.564600e-04
32,8,64qam,1.500000e+01,cg8,8,0,10475520,6820,0.000000e+00
32,8,64qam,1.600000e+01,zf,,0,10475520,6820,0.000000e+00
32,8,64qam,1.600000e+01,mmse,,0,10475520,6820,0.000000e+00
32,8,64qam,1.600000e+01,cg1,1,2600880,10475520,6820,2.482817e-01
32,8,64qam,1.600000e+01,cg2,2,895981,10475520,6820,8.553093e-02
32,8,64qam,1.600000e+01,cg3,3,90825,10475520,6820,8.670214e-03
32,8,64qam,1.600000e+01,cg4,4,1287,10475520,6820,1.228579e-04
32,8,64qam,1.600000e+01,cg8,8,0,10475520,6820,0.000000e+00
32,8,64qam,1.700000e+01,zf,,0,10475520,6820,0.000000e+00
32,8,64qam,1.700000e+01,mmse,,0,10475520,6820,0.000000e+00
32,8,64qam,1.700000e+01,cg1,1,2600176,10475520,6820,2.482145e-01
32,8,64qam,1.700000e+01,cg2,2,892509,10475520,6820,8.519949e-02
32,8,64qam,1.700000e+01,cg3,3,88482,10475520,6820,8.446550e-03
32,8,64qam,1.700000e+01,cg4,4,1238,10475520,6820,1.181803e-04
32,8,64qam,1.700000e+01,cg8,8,0,10475520,6820,0.000000e+00
32,8,64qam,1.800000e+01,zf,,0,10475520,6820,0.000000e+00
32,8,64qam,1.800000e+01,mmse,,0,10475520,6820,0.000000e+00
32,8,64qam,1.800000e+01,cg1,1,2595141,10475520,6820,2.477339e-01
32,8,64qam,1.800000e+01,cg2,2,886526,10475520,6820,8.462835e-02
32,8,64qam,1.800000e+01,cg3,3,85509,10475520,6820,8.162745e-03
32,8,64qam,1.800000e+01,cg4,4,960,10475520,6820,9.164223e-05
32,8,64qam,1.800000e+01,cg8,8,0,10475520,6820,0.000000e+00
32,8,64qam,1.900000e+01,zf,,0,10475520,6820,0.000000e+00
32,8,64qam,1.900000e+01,mmse,,0,10475520,6820,0.000000e+00
32,8,64qam,1.900000e+01,cg1,1,2602696,10475520,6820,2.484551e-01
32,8,64qam,1.900000e+01,cg2,2,890702,10475520,6820,8.502700e-02
32,8,64qam,1.900000e+01,cg3,3,84218,10475520,6820,8.039505e-03
32,8,64qam,1.900000e+01,cg4,4,929,10475520,6820,8.868295e-05
32,8,64qam,1.900000e+01,cg8,8,0,10475520,6820,0.000000e+00
32,8,64qam,2.000000e+01,zf,,0,10475520,6820,0.000000e+00
32,8,64qam,2.000000e+01,mmse,,0,10475520,6820,0.000000e+00
32,8,64qam,2.000000e+01,cg1,1,2598548,10475520,6820,2.480591e-01
32,8,64qam,2.000000e+01,cg2,2,884292,10475520,6820,8.441509e-02
32,8,64qam,2.000000e+01,cg3,3,81735,10475520,6820,7.802477e-03
32,8,64qam,2.000000e+01,cg4,4,932,10475520,6820,8.896933e-05
32,8,64qam,2.000000e+01,cg8,8,0,10475520,6820,0.000000e+00
32,16,64qam,-2.000000e+01,zf,,469661,1047552,341,4.483415e-01
32,16,64qam,-2.000000e+01,mmse,,450501,1047552,341,4.300512e-01
32,16,64qam,-2.000000e+01,cg1,1,451368,1047552,341,4.308788e-01
32,16,64qam,-2.000000e+01,cg2,2,450508,1047552,341,4.300579e-01
32,16,64qam,-2.000000e+01,cg3,3,450555,1047552,341,4.301028e-01
32,16,64qam,-2.000000e+01,cg4,4,450503,1047552,341,4.300531e-01
32,16,64qam,-2.000000e+01,cg16,16,450501,1047552,341,4.300512e-01
32,16,64qam,-1.900000e+01,zf,,461795,1047552,341,4.408325e-01
32,16,64qam,-1.900000e+01,mmse,,441551,1047552,341,4.215075e-01
32,16,64qam,-1.900000e+01,cg1,1,442692,1047552,341,4.225967e-01
32,16,64qam,-1.900000e+01,cg2,2,441493,1047552,341,4.214521e-01
32,16,64qam,-1.900000e+01,cg3,3,441562,1047552,341,4.215180e-01
32,16,64qam,-1.900000e+01,cg4,4,441558,1047552,341,4.215142e-01
32,16,64qam,-1.900000e+01,cg16,16,441551,1047552,341,4.215075e-01
32,16,64qam,-1.800000e+01,zf,,452159,1047552,341,4.316339e-01
32,16,64qam,-1.800000e+01,mmse,,429509,1047552,341,4.100121e-01
32,16,64qam,-1.800000e+01,cg1,1,432280,1047552,341,4.126573e-01
32,16,64qam,-1.800000e+01,cg2,2,429546,1047552,341,4.100474e-01
32,16,64qam,-1.800000e+01,cg3,3,429507,1047552,341,4.100102e-01
32,16,64qam,-1.800000e+01,cg4,4,429470,1047552,341,4.099749e-01
32,16,64qam,-1.800000e+01,cg16,16,429509,1047552,341,4.100121e-01
32,16,64qam,-1.700000e+01,zf,,443284,1047552,341,4.231618e-01
32,16,64qam,-1.700000e+01,mmse,,419346,1047552,341,4.003104e-01
32,16,64qam,-1.700000e+01,cg1,1,422431,1047552,341,4.032554e-01
32,16,64qam,-1.700000e+01,cg2,2,419376,1047552,341,4.003391e-01
32,16,64qam,-1.700000e+01,cg3,3,419347,1047552,341,4.003114e-01
32,16,64qam,-1.700000e+01,cg4,4,419414,1047552,341,4.003754e-01
32,16,64qam,-1.700000e+01,cg16,16,419346,1047552,341,4.003104e-01
32,16,64qam,-1.600000e+01,zf,,432809,1047552,341,4.131623e-01
32,16,64qam,-1.600000e+01,mmse,,408363,1047552,341,3.898260e-01
32,16,64qam,-1.600000e+01,cg1,1,412875,1047552,341,3.941332e-01
32,16,64qam,-1.600000e+01,cg2,2,408115,1047552,341,3.895893e-01
32,16,64qam,-1.600000e+01,cg3,3,408148,1047552,341,3.896208e-01
32,16,64qam,-1.600000e+01,cg4,4,408305,1047552,341,3.897706e-01
32,16,64qam,-1.600000e+01,cg16,16,408363,1047552,341,3.898260e-01
32,16,64qam,-1.500000e+01,zf,,419168,1047552,341,4.001405e-01
32,16,64qam,-1.500000e+01,mmse,,393409,1047552,341,3.755508e-01
32,16,64qam,-1.500000e+01,cg1,1,401561,1047552,341,3.833328e-01
32,16,64qam,-1.500000e+01,cg2,2,394102,1047552,341,3.762124e-01
32,16,64qam,-1.500000e+01,cg3,3,393461,1047552,341,3.756004e-01
32,16,64qam,-1.500000e+01,cg4,4,393384,1047552,341,3.755269e-01
32,16,64qam,-1.500000e+01,cg16,16,393409,1047552,341,3.755508e-01
32,16,64qam,-1.400000e+01,zf,,406272,1047552,341,3.878299e-01
32,16,64qam,-1.400000e+01,mmse,,379217,1047552,341,3.620030e-01
32,16,64qam,-1.400000e+01,cg1,1,389537,1047552,341,3.718546e-01
32,16,64qam,-1.400000e+01,cg2,2,380022,1047552,341,3.627715e-01
32,16,64qam,-1.400000e+01,cg3,3,379082,1047552,341,3.618742e-01
32,16,64qam,-1.400000e+01,cg4,4,379245,1047552,341,3.620298e-01
32,16,64qam,-1.400000e+01,cg16,16,379217,1047552,341,3.620030e-01
32,16,64qam,-1.300000e+01,zf,,390273,1047552,341,3.725572e-01
32,16,64qam,-1.300000e+01,mmse,,364865,1047552,341,3.483025e-01
32,16,64qam,-1.300000e+01,cg1,1,380184,1047552,341,3.629261e-01
32,16,64qam,-1.300000e+01,cg2,2,366479,1047552,341,3.498433e-01
32,16,64qam,-1.300000e+01,cg3,3,365126,1047552,341,3.485517e-01
32,16,64qam,-1.300000e+01,cg4,4,364891,1047552,341,3.483273e-01
32,16,64qam,-1.300000e+01,cg16,16,364865,1047552,341,3.483025e-01
32,16,64qam,-1.200000e+01,zf,,374444,1047552,341,3.574467e-01
32,16,64qam,-1.200000e+01,mmse,,349398,1047552,341,3.335376e-01
32,16,64qam,-1.200000e+01,cg1,1,371910,1047552,341,3.550277e-01
32,16,64qam,-1.200000e+01,cg2,2,352497,1047552,341,3.364959e-01
32,16,64qam,-1.200000e+01,cg3,3,349701,1047552,341,3.338269e-01
32,16,64qam,-1.200000e+01,cg4,4,349386,1047552,341,3.335262e-01
32,16,64qam,-1.200000e+01,cg16,16,349398,1047552,341,3.335376e-01
32,16,64qam,-1.100000e+01,zf,,355632,1047552,341,3.394886e-01
32,16,64qam,-1.100000e+01,mmse,,330581,1047552,341,3.155748e-01
32,16,64qam,-1.100000e+01,cg1,1,361855,1047552,341,3.454292e-01
32,16,64qam,-1.100000e+01,cg2,2,335825,1047552,341,3.205807e-01
32,16,64qam,-1.100000e+01,cg3,3,330977,1047552,341,3.159528e-01
32,16,64qam,-1.100000e+01,cg4,4,330592,1047552,341,3.155853e-01
32,16,64qam,-1.100000e+01,cg16,16,330581,1047552,341,3.155748e-01
32,16,64qam,-1.000000e+01,zf,,336101,1047552,341,3.208442e-01
32,16,64qam,-1.000000e+01,mmse,,313257,1047552,341,2.990372e-01
32,16,64qam,-1.000000e+01,cg1,1,355667,1047552,341,3.395220e-01
32,16,64qam,-1.000000e+01,cg2,2,321603,1047552,341,3.070043e-01
32,16,64qam,-1.000000e+01,cg3,3,314699,1047552,341,3.004137e-01
32,16,64qam,-1.000000e+01,cg4,4,313419,1047552,341,2.991918e-01
32,16,64qam,-1.000000e+01,cg16,16,313257,1047552,341,2.990372e-01
32,16,64qam,-9.000000e+00,zf,,315822,1047552,341,3.014857e-01
32,16,64qam,-9.000000e+00,mmse,,294569,1047552,341,2.811975e-01
32,16,64qam,-9.000000e+00,cg1,1,350561,1047552,341,3.346478e-01
32,16,64qam,-9.000000e+00,cg2,2,307759,1047552,341,2.937888e-01
32,16,64qam,-9.000000e+00,cg3,3,297363,1047552,341,2.838647e-01
32,16,64qam,-9.000000e+00,cg4,4,295047,1047552,341,2.816538e-01
32,16,64qam,-9.000000e+00,cg16,16,294569,1047552,341,2.811975e-01
32,16,64qam,-8.000000e+00,zf,,293591,1047552,341,2.802639e-01
32,16,64qam,-8.000000e+00,mmse,,274736,1047552,341,2.622648e-01
32,16,64qam,-8.000000e+00,cg1,1,346434,1047552,341,3.307082e-01
32,16,64qam,-8.000000e+00,cg2,2,295486,1047552,341,2.820729e-01
32,16,64qam,-8.000000e+00,cg3,3,279661,1047552,341,2.669662e-01
32,16,64qam,-8.000000e+00,cg4,4,275926,1047552,341,2.634008e-01
32,16,64qam,-8.000000e+00,cg16,16,274736,1047552,341,2.622648e-01
32,16,64qam,-7.000000e+00,zf,,270586,1047552,341,2.583032e-01
32,16,64qam,-7.000000e+00,mmse,,252864,1047552,341,2.413856e-01
32,16,64qam,-7.000000e+00,cg1,1,341650,1047552,341,3.261413e-01
32,16,64qam,-7.000000e+00,cg2,2,279815,1047552,341,2.671132e-01
32,16,64qam,-7.000000e+00,cg3,3,260651,1047552,341,2.488192e-01
32,16,64qam,-7.000000e+00,cg4,4,254894,1047552,341,2.433235e-01
32,16,64qam,-7.000000e+00,cg16,16,252864,1047552,341,2.413856e-01
32,16,64qam,-6.000000e+00,zf,,246765,1047552,341,2.355635e-01
32,16,64qam,-6.000000e+00,mmse,,231504,1047552,341,2.209952e-01
32,16,64qam,-6.000000e+00,cg1,1,340268,1047552,341,3.248221e-01
32,16,64qam,-6.000000e+00,cg2,2,270099,1047552,341,2.578383e-01
32,16,64qam,-6.000000e+00,cg3,3,243542,1047552,341,2.324868e-01
32,16,64qam,-6.000000e+00,cg4,4,234642,1047552,341,2.239908e-01
32,16,64qam,-6.000000e+00,cg16,16,231504,1047552,341,2.209952e-01
32,16,64qam,-5.000000e+00,zf,,223761,1047552,341,2.136037e-01
32,16,64qam,-5.000000e+00,mmse,,211039,1047552,341,2.014592e-01
32,16,64qam,-5.000000e+00,cg1,1,338574,1047552,341,3.232050e-01
32,16,64qam,-5.000000e+00,cg2,2,261252,1047552,341,2.493929e-01
32,16,64qam,-5.000000e+00,cg3,3,228044,1047552,341,2.176923e-01
32,16,64qam,-5.000000e+00,cg4,4,215894,1047552,341,2.060938e-01
32,16,64qam,-5.000000e+00,cg16,16,211039,1047552,341,2.014592e-01
32,16,64qam,-4.000000e+00,zf,,200336,1047552,341,1.912421e-01
32,16,64qam,-4.000000e+00,mmse,,189970,1047552,341,1.813466e-01
32,16,64qam,-4.000000e+00,cg1,1,338679,1047552,341,3.233052e-01
32,16,64qam,-4.000000e+00,cg2,2,254627,1047552,341,2.430686e-01
32,16,64qam,-4.000000e+00,cg3,3,214871,1047552,341,2.051173e-01
32,16,64qam,-4.000000e+00,cg4,4,198617,1047552,341,1.896011e-01
32,16,64qam,-4.000000e+00,cg16,16,189970,1047552,341,1.813466e-01
32,16,64qam,-3.000000e+00,zf,,178224,1047552,341,1.701338e-01
32,16,64qam,-3.000000e+00,mmse,,169899,1047552,341,1.621867e-01
32,16,64qam,-3.000000e+00,cg1,1,338673,1047552,341,3.232995e-01
32,16,64qam,-3.000000e+00,cg2,2,247666,1047552,341,2.364236e-01
32,16,64qam,-3.000000e+00,cg3,3,201706,1047552,341,1.925499e-01
32,16,64qam,-3.000000e+00,cg4,4,181897,1047552,341,1.736401e-01
32,16,64qam,-3.000000e+00,cg16,16,169899,1047552,341,1.621867e-01
32,16,64qam,-2.000000e+00,zf,,156910,1047552,341,1.497873e-01
32,16,64qam,-2.000000e+00,mmse,,150264,1047552,341,1.434430e-01
32,16,64qam,-2.000000e+00,cg1,1,338023,1047552,341,3.226790e-01
32,16,64qam,-2.000000e+00,cg2,2,242747,1047552,341,2.317279e-01
32,16,64qam,-2.000000e+00,cg3,3,190233,1047552,341,1.815977e-01
32,16,64qam,-2.000000e+00,cg4,4,165757,1047552,341,1.582327e-01
32,16,64qam,-2.000000e+00,cg16,16,150264,1047552,341,1.434430e-01
32,16,64qam,-1.000000e+00,zf,,136030,1047552,341,1.298551e-01
32,16,64qam,-1.000000e+00,mmse,,131127,1047552,341,1.251747e-01
32,16,64qam,-1.000000e+00,cg1,1,338447,1047552,341,3.230837e-01
32,16,64qam,-1.000000e+00,cg2,2,237033,1047552,341,2.262733e-01
32,16,64qam,-1.000000e+00,cg3,3,179556,1047552,341,1.714053e-01
32,16,64qam,-1.000000e+00,cg4,4,150878,1047552,341,1.440291e-01
32,16,64qam,-1.000000e+00,cg16,16,131127,1047552,341,1.251747e-01
32,16,64qam,0.000000e+00,zf,,117518,1047552,341,1.121835e-01
32,16,64qam,0.000000e+00,mmse,,113446,1047552,341,1.082963e-01
32,16,64qam,0.000000e+00,cg1,1,338336,1047552,341,3.229778e-01
32,16,64qam,0.000000e+00,cg2,2,235474,1047552,341,2.247850e-01
32,16,64qam,0.000000e+00,cg3,3,172713,1047552,341,1.648730e-01
32,16,64qam,0.000000e+00,cg4,4,139641,1047552,341,1.333022e-01
32,16,64qam,0.000000e+00,cg16,16,113446,1047552,341,1.082963e-01
32,16,64qam,1.000000e+00,zf,,99462,1047552,341,9.494708e-02
32,16,64qam,1.000000e+00,mmse,,96428,1047552,341,9.205080e-02
32,16,64qam,1.000000e+00,cg1,1,338523,1047552,341,3.231563e-01
32,16,64qam,1.000000e+00,cg2,2,232553,1047552,341,2.219966e-01
32,16,64qam,1.000000e+00,cg3,3,165914,1047552,341,1.583826e-01
32,16,64qam,1.000000e+00,cg4,4,127767,1047552,341,1.219672e-01
32,16,64qam,1.000000e+00,cg16,16,96428,1047552,341,9.205080e-02
32,16,64qam,2.000000e+00,zf,,81321,1047552,341,7.762956e-02
32,16,64qam,2.000000e+00,mmse,,79133,1047552,341,7.554088e-02
32,16,64qam,2.000000e+00,cg1,1,339588,1047552,341,3.241729e-01
32,16,64qam,2.000000e+00,cg2,2,231066,1047552,341,2.205771e-01
32,16,64qam,2.000000e+00,cg3,3,160008,1047552,341,1.527447e-01
32,16,64qam,2.000000e+00,cg4,4,117552,1047552,341,1.122159e-01
32,16,64qam,2.000000e+00,cg16,16,79133,1047552,341,7.554088e-02
32,16,64qam,3.000000e+00,zf,,65345,1047552,341,6.237876e-02
32,16,64qam,3.000000e+00,mmse,,63627,1047552,341,6.073875e-02
32,16,64qam,3.000000e+00,cg1,1,341356,1047552,341,3.258607e-01
32,16,64qam,3.000000e+00,cg2,2,230189,1047552,341,2.197399e-01
32,16,64qam,3.000000e+00,cg3,3,155746,1047552,341,1.486762e-01
32,16,64qam,3.000000e+00,cg4,4,109373,1047552,341,1.044082e-01
32,16,64qam,3.000000e+00,cg16,16,63627,1047552,341,6.073875e-02
32,16,64qam,4.000000e+00,zf,,49852,1047552,341,4.758905e-02
32,16,64qam,4.000000e+00,mmse,,48538,1047552,341,4.633469e-02
32,16,64qam,4.000000e+00,cg1,1,340257,1047552,341,3.248116e-01
32,16,64qam,4.000000e+00,cg2,2,227876,1047552,341,2.175319e-01
32,16,64qam,4.000000e+00,cg3,3,150350,1047552,341,1.435251e-01
32,16,64qam,4.000000e+00,cg4,4,100791,1047552,341,9.621575e-02
32,16,64qam,4.000000e+00,cg16,16,48538,1047552,341,4.633469e-02
32,16,64qam,5.000000e+00,zf,,36342,1047552,341,3.469231e-02
32,16,64qam,5.000000e+00,mmse,,35427,1047552,341,3.381885e-02
32,16,64qam,5.000000e+00,cg1,1,339354,1047552,341,3.239496e-01
32,16,64qam,5.000000e+00,cg2,2,225570,1047552,341,2.153306e-01
32,16,64qam,5.000000e+00,cg3,3,146049,1047552,341,1.394193e-01
32,16,64qam,5.000000e+00,cg4,4,93383,1047552,341,8.914402e-02
32,16,64qam,5.000000e+00,cg16,16,35427,1047552,341,3.381885e-02
32,16,64qam,6.000000e+00,zf,,25937,1047552,341,2.475963e-02
32,16,64qam,6.000000e+00,mmse,,25343,1047552,341,2.419259e-02
32,16,64qam,6.000000e+00,cg1,1,340946,1047552,341,3.254693e-01
32,16,64qam,6.000000e+00,cg2,2,227525,1047552,341,2.171969e-01
32,16,64qam,6.000000e+00,cg3,3,147552,1047552,341,1.408541e-01
32,16,64qam,6.000000e+00,cg4,4,92087,1047552,341,8.790685e-02
32,16,64qam,6.000000e+00,cg16,16,25343,1047552,341,2.419259e-02
32,16,64qam,7.000000e+00,zf,,15801,1047552,341,1.508374e-02
32,16,64qam,7.000000e+00,mmse,,15415,1047552,341,1.471526e-02
32,16,64qam,7.000000e+00,cg1,1,340926,1047552,341,3.254502e-01
32,16,64qam,7.000000e+00,cg2,2,226491,1047552,341,2.162098e-01
32,16,64qam,7.000000e+00,cg3,3,143378,1047552,341,1.368696e-01
32,16,64qam,7.000000e+00,cg4,4,84791,1047552,341,8.094204e-02
32,16,64qam,7.000000e+00,cg16,16,15415,1047552,341,1.471526e-02
32,16,64qam,8.000000e+00,zf,,9287,1047552,341,8.865431e-03
32,16,64qam,8.000000e+00,mmse,,9042,1047552,341,8.631552e-03
32,16,64qam,8.000000e+00,cg1,1,340504,1047552,341,3.250473e-01
32,16,64qam,8.000000e+00,cg2,2,225838,1047552,341,2.155864e-01
32,16,64qam,8.000000e+00,cg3,3,140781,1047552,341,1.343905e-01
32,16,64qam,8.000000e+00,cg4,4,80803,1047552,341,7.713507e-02
32,16,64qam,8.000000e+00,cg16,16,9042,1047552,341,8.631552e-03
32,16,64qam,9.000000e+00,zf,,4810,1047552,341,4.591658e-03
32,16,64qam,9.000000e+00,mmse,,4673,1047552,341,4.460876e-03
32,16,64qam,9.000000e+00,cg1,1,340039,1047552,341,3.246035e-01
32,16,64qam,9.000000e+00,cg2,2,224552,1047552,341,2.143588e-01
32,16,64qam,9.000000e+00,cg3,3,139481,1047552,341,1.331495e-01
32,16,64qam,9.000000e+00,cg4,4,77268,1047552,341,7.376054e-02
32,16,64qam,9.000000e+00,cg16,16,4673,1047552,341,4.460876e-03
32,16,64qam,1.000000e+01,zf,,2372,1047552,341,2.264327e-03
32,16,64qam,1.000000e+01,mmse,,2326,1047552,341,2.220415e-03
32,16,64qam,1.000000e+01,cg1,1,342020,1047552,341,3.264945e-01
32,16,64qam,1.000000e+01,cg2,2,226234,1047552,341,2.159645e-01
32,16,64qam,1.000000e+01,cg3,3,140555,1047552,341,1.341747e-01
32,16,64qam,1.000000e+01,cg4,4,77552,1047552,341,7.403165e-02
32,16,64qam,1.000000e+01,cg16,16,2326,1047552,341,2.220415e-03
32,16,64qam,1.100000e+01,zf,,973,1047552,341,9.288322e-04
32,16,64qam,1.100000e+01,mmse,,918,1047552,341,8.763288e-04
32,16,64qam,1.100000e+01,cg1,1,340364,1047552,341,3.249137e-01
32,16,64qam,1.100000e+01,cg2,2,224176,1047552,341,2.139999e-01
32,16,64qam,1.100000e+01,cg3,3,137978,1047552,341,1.317147e-01
32,16,64qam,1.100000e+01,cg4,4,73348,1047552,341,7.001848e-02
32,16,64qam,1.100000e+01,cg16,16,918,1047552,341,8.763288e-04
32,16,64qam,1.200000e+01,zf,,305,1047552,341,2.911550e-04
32,16,64qam,1.200000e+01,mmse,,302,1047552,341,2.882912e-04
32,16,64qam,1.200000e+01,cg1,1,338923,1047552,341,3.235381e-01
32,16,64qam,1.200000e+01,cg2,2,222675,1047552,341,2.125670e-01
32,16,64qam,1.200000e+01,cg3,3,135385,1047552,341,1.292394e-01
32,16,64qam,1.200000e+01,cg4,4,69907,1047552,341,6.673368e-02
32,16,64qam,1.200000e+01,cg16,16,302,1047552,341,2.882912e-04
32,16,64qam,1.300000e+01,zf,,181,2095104,682,8.639189e-05
32,16,64qam,1.300000e+01,mmse,,172,2095104,682,8.209616e-05
32,16,64qam,1.300000e+01,cg1,1,681980,2095104,682,3.255113e-01
32,16,64qam,1.300000e+01,cg2,2,448462,2095104,682,2.140524e-01
32,16,64qam,1.300000e+01,cg3,3,272817,2095104,682,1.302164e-01
32,16,64qam,1.300000e+01,cg4,4,141153,2095104,682,6.737279e-02
32,16,64qam,1.300000e+01,cg16,16,172,2095104,682,8.209616e-05
32,16,64qam,1.400000e+01,zf,,104,6285312,2046,1.654651e-05
32,16,64qam,1.400000e+01,mmse,,106,6285312,2046,1.686472e-05
32,16,64qam,1.400000e+01,cg1,1,2046023,6285312,2046,3.255245e-01
32,16,64qam,1.400000e+01,cg2,2,1342953,6285312,2046,2.136653e-01
32,16,64qam,1.400000e+01,cg3,3,816300,6285312,2046,1.298742e-01
32,16,64qam,1.400000e+01,cg4,4,415985,6285312,2046,6.618367e-02
32,16,64qam,1.400000e+01,cg16,16,106,6285312,2046,1.686472e-05
32,16,64qam,1.500000e+01,zf,,46,10475520,3410,4.391190e-06
32,16,64qam,1.500000e+01,mmse,,40,10475520,3410,3.818426e-06
32,16,64qam,1.500000e+01,cg1,1,3408741,10475520,3410,3.254006e-01
32,16,64qam,1.500000e+01,cg2,2,2240469,10475520,3410,2.138766e-01
32,16,64qam,1.500000e+01,cg3,3,1359655,10475520,3410,1.297936e-01
32,16,64qam,1.500000e+01,cg4,4,689816,10475520,3410,6.585029e-02
32,16,64qam,1.500000e+01,cg16,16,40,10475520,3410,3.818426e-06
32,16,64qam,1.600000e+01,zf,,5,10475520,3410,4.773033e-07
32,16,64qam,1.600000e+01,mmse,,5,10475520,3410,4.773033e-07
32,16,64qam,1.600000e+01,cg1,1,3411952,10475520,3410,3.257072e-01
32,16,64qam,1.600000e+01,cg2,2,2239978,10475520,3410,2.138298e-01
32,16,64qam,1.600000e+01,cg3,3,1358106,10475520,3410,1.296457e-01
32,16,64qam,1.600000e+01,cg4,4,685163,10475520,3410,6.540611e-02
32,16,64qam,1.600000e+01,cg16,16,5,10475520,3410,4.773033e-07
32,16,64qam,1.700000e+01,zf,,1,10475520,3410,9.546065e-08
32,16,64qam,1.700000e+01,mmse,,1,10475520,3410,9.546065e-08
32,16,64qam,1.700000e+01,cg1,1,3410178,10475520,3410,3.255378e-01
32,16,64qam,1.700000e+01,cg2,2,2237308,10475520,3410,2.135749e-01
32,16,64qam,1.700000e+01,cg3,3,1353723,10475520,3410,1.292273e-01
32,16,64qam,1.700000e+01,cg4,4,676428,10475520,3410,6.457226e-02
32,16,64qam,1.700000e+01,cg16,16,1,10475520,3410,9.546065e-08
32,16,64qam,1.800000e+01,zf,,0,10475520,3410,0.000000e+00
32,16,64qam,1.800000e+01,mmse,,0,10475520,3410,0.000000e+00
32,16,64qam,1.800000e+01,cg1,1,3411871,10475520,3410,3.256994e-01
32,16,64qam,1.800000e+01,cg2,2,2238310,10475520,3410,2.136705e-01
32,16,64qam,1.800000e+01,cg3,3,1351377,10475520,3410,1.290033e-01
32,16,64qam,1.800000e+01,cg4,4,671776,10475520,3410,6.412818e-02
32,16,64qam,1.800000e+01,cg16,16,0,10475520,3410,0.000000e+00
32,16,64qam,1.900000e+01,zf,,0,10475520,3410,0.000000e+00
32,16,64qam,1.900000e+01,mmse,,0,10475520,3410,0.000000e+00
32,16,64qam,1.900000e+01,cg1,1,3411300,10475520,3410,3.256449e-01
32,16,64qam,1.900000e+01,cg2,2,2238158,10475520,3410,2.136560e-01
32,16,64qam,1.900000e+01,cg3,3,1350233,10475520,3410,1.288941e-01
32,16,64qam,1.900000e+01,cg4,4,669014,10475520,3410,6.386451e-02
32,16,64qam,1.900000e+01,cg16,16,0,10475520,3410,0.000000e+00
32,16,64qam,2.000000e+01,zf,,0,10475520,3410,0.000000e+00
32,16,64qam,2.000000e+01,mmse,,0,10475520,3410,0.000000e+00
32,16,64qam,2.000000e+01,cg1,1,3411125,10475520,3410,3.256282e-01
32,16,64qam,2.000000e+01,cg2,2,2234361,10475520,3410,2.132936e-01
32,16,64qam,2.000000e+01,cg3,3,1345045,10475520,3410,1.283989e-01
32,16,64qam,2.000000e+01,cg4,4,661742,10475520,3410,6.317032e-02
32,16,64qam,2.000000e+01,cg16,16,0,10475520,3410,0.000000e+00
64,4,64qam,-2.000000e+01,zf,,411016,1048320,1365,3.920711e-01
64,4,64qam,-2.000000e+01,mmse,,409728,1048320,1365,3.908425e-01
64,4,64qam,-2.000000e+01,cg1,1,409857,1048320,1365,3.909655e-01
64,4,64qam,-2.000000e+01,cg2,2,409758,1048320,1365,3.908711e-01
64,4,64qam,-2.000000e+01,cg3,3,409750,1048320,1365,3.908635e-01
64,4,64qam,-2.000000e+01,cg4,4,409728,1048320,1365,3.908425e-01
64,4,64qam,-1.900000e+01,zf,,395675,1048320,1365,3.774372e-01
64,4,64qam,-1.900000e+01,mmse,,393576,1048320,1365,3.754350e-01
64,4,64qam,-1.900000e+01,cg1,1,394311,1048320,1365,3.761361e-01
64,4,64qam,-1.900000e+01,cg2,2,393538,1048320,1365,3.753987e-01
64,4,64qam,-1.900000e+01,cg3,3,393586,1048320,1365,3.754445e-01
64,4,64qam,-1.900000e+01,cg4,4,393576,1048320,1365,3.754350e-01
64,4,64qam,-1.800000e+01,zf,,380312,1048320,1365,3.627824e-01
64,4,64qam,-1.800000e+01,mmse,,378651,1048320,1365,3.611979e-01
64,4,64qam,-1.800000e+01,cg1,1,379792,1048320,1365,3.622863e-01
64,4,64qam,-1.800000e+01,cg2,2,378690,1048320,1365,3.612351e-01
64,4,64qam,-1.800000e+01,cg3,3,378622,1048320,1365,3.611703e-01
64,4,64qam,-1.800000e+01,cg4,4,378651,1048320,1365,3.611979e-01
64,4,64qam,-1.700000e+01,zf,,362635,1048320,1365,3.459201e-01
64,4,64qam,-1.700000e+01,mmse,,361105,1048320,1365,3.444607e-01
64,4,64qam,-1.700000e+01,cg1,1,362636,1048320,1365,3.459211e-01
64,4,64qam,-1.700000e+01,cg2,2,361102,1048320,1365,3.444578e-01
64,4,64qam,-1.700000e+01,cg3,3,361107,1048320,1365,3.444626e-01
64,4,64qam,-1.700000e+01,cg4,4,361105,1048320,1365,3.444607e-01
64,4,64qam,-1.600000e+01,zf,,344015,1048320,1365,3.281584e-01
64,4,64qam,-1.600000e+01,mmse,,342102,1048320,1365,3.263336e-01
64,4,64qam,-1.600000e+01,cg1,1,344764,1048320,1365,3.288729e-01
64,4,64qam,-1.600000e+01,cg2,2,342088,1048320,1365,3.263202e-01
64,4,64qam,-1.600000e+01,cg3,3,342087,1048320,1365,3.263193e-01
64,4,64qam,-1.600000e+01,cg4,4,342102,1048320,1365,3.263336e-01
64,4,64qam,-1.500000e+01,zf,,322816,1048320,1365,3.079365e-01
64,4,64qam,-1.500000e+01,mmse,,321022,1048320,1365,3.062252e-01
64,4,64qam,-1.500000e+01,cg1,1,325286,1048320,1365,3.102927e-01
64,4,64qam,-1.500000e+01,cg2,2,321267,1048320,1365,3.064589e-01
64,4,64qam,-1.500000e+01,cg3,3,321059,1048320,1365,3.062605e-01
64,4,64qam,-1.500000e+01,cg4,4,321022,1048320,1365,3.062252e-01
64,4,64qam,-1.400000e+01,zf,,301205,1048320,1365,2.873216e-01
64,4,64qam,-1.400000e+01,mmse,,300157,1048320,1365,2.863219e-01
64,4,64qam,-1.400000e+01,cg1,1,306952,1048320,1365,2.928037e-01
64,4,64qam,-1.400000e+01,cg2,2,300167,1048320,1365,2.863315e-01
64,4,64qam,-1.400000e+01,cg3,3,300154,1048320,1365,2.863191e-01
64,4,64qam,-1.400000e+01,cg4,4,300157,1048320,1365,2.863219e-01
64,4,64qam,-1.300000e+01,zf,,278592,1048320,1365,2.657509e-01
64,4,64qam,-1.300000e+01,mmse,,277672,1048320,1365,2.648733e-01
64,4,64qam,-1.300000e+01,cg1,1,286154,1048320,1365,2.729644e-01
64,4,64qam,-1.300000e+01,cg2,2,277834,1048320,1365,2.650279e-01
64,4,64qam,-1.300000e+01,cg3,3,277656,1048320,1365,2.648581e-01
64,4,64qam,-1.300000e+01,cg4,4,277672,1048320,1365,2.648733e-01
64,4,64qam,-1.200000e+01,zf,,255424,1048320,1365,2.436508e-01
64,4,64qam,-1.200000e+01,mmse,,254560,1048320,1365,2.428266e-01
64,4,64qam,-1.200000e+01,cg1,1,266239,1048320,1365,2.539673e-01
64,4,64qam,-1.200000e+01,cg2,2,254740,1048320,1365,2.429983e-01
64,4,64qam,-1.200000e+01,cg3,3,254557,1048320,1365,2.428238e-01
64,4,64qam,-1.200000e+01,cg4,4,254560,1048320,1365,2.428266e-01
64,4,64qam,-1.100000e+01,zf,,231638,1048320,1365,2.209612e-01
64,4,64qam,-1.100000e+01,mmse,,230792,1048320,1365,2.201542e-01
64,4,64qam,-1.100000e+01,cg1,1,246969,1048320,1365,2.355855e-01
64,4,64qam,-1.100000e+01,cg2,2,231108,1048320,1365,2.204556e-01
64,4,64qam,-1.100000e+01,cg3,3,230732,1048320,1365,2.200969e-01
64,4,64qam,-1.100000e+01,cg4,4,230792,1048320,1365,2.201542e-01
64,4,64qam,-1.000000e+01,zf,,208443,1048320,1365,1.988353e-01
64,4,64qam,-1.000000e+01,mmse,,207661,1048320,1365,1.980893e-01
64,4,64qam,-1.000000e+01,cg1,1,229417,1048320,1365,2.188425e-01
64,4,64qam,-1.000000e+01,cg2,2,208345,1048320,1365,1.987418e-01
64,4,64qam,-1.000000e+01,cg3,3,207609,1048320,1365,1.980397e-01
64,4,64qam,-1.000000e+01,cg4,4,207661,1048320,1365,1.980893e-01
64,4,64qam,-9.000000e+00,zf,,185476,1048320,1365,1.769269e-01
64,4,64qam,-9.000000e+00,mmse,,184827,1048320,1365,1.763078e-01
64,4,64qam,-9.000000e+00,cg1,1,211604,1048320,1365,2.018506e-01
64,4,64qam,-9.000000e+00,cg2,2,185404,1048320,1365,1.768582e-01
64,4,64qam,-9.000000e+00,cg3,3,184850,1048320,1365,1.763297e-01
64,4,64qam,-9.000000e+00,cg4,4,184827,1048320,1365,1.763078e-01
64,4,64qam,-8.000000e+00,zf,,163901,1048320,1365,1.563463e-01
64,4,64qam,-8.000000e+00,mmse,,163321,1048320,1365,1.557931e-01
64,4,64qam,-8.000000e+00,cg1,1,196042,1048320,1365,1.870059e-01
64,4,64qam,-8.000000e+00,cg2,2,164408,1048320,1365,1.568300e-01
64,4,64qam,-8.000000e+00,cg3,3,163337,1048320,1365,1.558083e-01
64,4,64qam,-8.000000e+00,cg4,4,163321,1048320,1365,1.557931e-01
64,4,64qam,-7.000000e+00,zf,,142849,1048320,1365,1.362647e-01
64,4,64qam,-7.000000e+00,mmse,,142478,1048320,1365,1.359108e-01
64,4,64qam,-7.000000e+00,cg1,1,181244,1048320,1365,1.728900e-01
64,4,64qam,-7.000000e+00,cg2,2,143753,1048320,1365,1.371270e-01
64,4,64qam,-7.000000e+00,cg3,3,142418,1048320,1365,1.358536e-01
64,4,64qam,-7.000000e+00,cg4,4,142478,1048320,1365,1.359108e-01
64,4,64qam,-6.000000e+00,zf,,122695,1048320,1365,1.170396e-01
64,4,64qam,-6.000000e+00,mmse,,122640,1048320,1365,1.169872e-01
64,4,64qam,-6.000000e+00,cg1,1,168598,1048320,1365,1.608268e-01
64,4,64qam,-6.000000e+00,cg2,2,123994,1048320,1365,1.182788e-01
64,4,64qam,-6.000000e+00,cg3,3,122667,1048320,1365,1.170129e-01
64,4,64qam,-6.000000e+00,cg4,4,122640,1048320,1365,1.169872e-01
64,4,64qam,-5.000000e+00,zf,,105081,1048320,1365,1.002375e-01
64,4,64qam,-5.000000e+00,mmse,,104881,1048320,1365,1.000467e-01
64,4,64qam,-5.000000e+00,cg1,1,159141,1048320,1365,1.518057e-01
64,4,64qam,-5.000000e+00,cg2,2,106686,1048320,1365,1.017685e-01
64,4,64qam,-5.000000e+00,cg3,3,104834,1048320,1365,1.000019e-01
64,4,64qam,-5.000000e+00,cg4,4,104881,1048320,1365,1.000467e-01
64,4,64qam,-4.000000e+00,zf,,87767,1048320,1365,8.372157e-02
64,4,64qam,-4.000000e+00,mmse,,87617,1048320,1365,8.357849e-02
64,4,64qam,-4.000000e+00,cg1,1,149388,1048320,1365,1.425023e-01
64,4,64qam,-4.000000e+00,cg2,2,89989,1048320,1365,8.584116e-02
64,4,64qam,-4.000000e+00,cg3,3,87686,1048320,1365,8.364431e-02
64,4,64qam,-4.000000e+00,cg4,4,87617,1048320,1365,8.357849e-02
64,4,64qam,-3.000000e+00,zf,,70627,1048320,1365,6.737160e-02
64,4,64qam,-3.000000e+00,mmse,,70469,1048320,1365,6.722089e-02
64,4,64qam,-3.000000e+00,cg1,1,140823,1048320,1365,1.343321e-01
64,4,64qam,-3.000000e+00,cg2,2,73132,1048320,1365,6.976114e-02
64,4,64qam,-3.000000e+00,cg3,3,70542,1048320,1365,6.729052e-02
64,4,64qam,-3.000000e+00,cg4,4,70469,1048320,1365,6.722089e-02
64,4,64qam,-2.000000e+00,zf,,54198,1048320,1365,5.169986e-02
64,4,64qam,-2.000000e+00,mmse,,54041,1048320,1365,5.155010e-02
64,4,64qam,-2.000000e+00,cg1,1,133425,1048320,1365,1.272751e-01
64,4,64qam,-2.000000e+00,cg2,2,57831,1048320,1365,5.516541e-02
64,4,64qam,-2.000000e+00,cg3,3,54123,1048320,1365,5.162832e-02
64,4,64qam,-2.000000e+00,cg4,4,54041,1048320,1365,5.155010e-02
64,4,64qam,-1.000000e+00,zf,,40126,1048320,1365,3.827648e-02
64,4,64qam,-1.000000e+00,mmse,,40063,1048320,1365,3.821638e-02
64,4,64qam,-1.000000e+00,cg1,1,128320,1048320,1365,1.224054e-01
64,4,64qam,-1.000000e+00,cg2,2,43803,1048320,1365,4.178400e-02
64,4,64qam,-1.000000e+00,cg3,3,40084,1048320,1365,3.823642e-02
64,4,64qam,-1.000000e+00,cg4,4,40063,1048320,1365,3.821638e-02
64,4,64qam,0.000000e+00,zf,,27633,1048320,1365,2.635932e-02
64,4,64qam,0.000000e+00,mmse,,27642,1048320,1365,2.636790e-02
64,4,64qam,0.000000e+00,cg1,1,122867,1048320,1365,1.172037e-01
64,4,64qam,0.000000e+00,cg2,2,31789,1048320,1365,3.032376e-02
64,4,64qam,0.000000e+00,cg3,3,27675,1048320,1365,2.639938e-02
64,4,64qam,0.000000e+00,cg4,4,27642,1048320,1365,2.636790e-02
64,4,64qam,1.000000e+00,zf,,17763,1048320,1365,1.694425e-02
64,4,64qam,1.000000e+00,mmse,,17775,1048320,1365,1.695570e-02
64,4,64qam,1.000000e+00,cg1,1,118337,1048320,1365,1.128825e-01
64,4,64qam,1.000000e+00,cg2,2,22006,1048320,1365,2.099168e-02
64,4,64qam,1.000000e+00,cg3,3,17816,1048320,1365,1.699481e-02
64,4,64qam,1.000000e+00,cg4,4,17775,1048320,1365,1.695570e-02
64,4,64qam,2.000000e+00,zf,,10279,1048320,1365,9.805212e-03
64,4,64qam,2.000000e+00,mmse,,10254,1048320,1365,9.781364e-03
64,4,64qam,2.000000e+00,cg1,1,115666,1048320,1365,1.103346e-01
64,4,64qam,2.000000e+00,cg2,2,14549,1048320,1365,1.387840e-02
64,4,64qam,2.000000e+00,cg3,3,10325,1048320,1365,9.849092e-03
64,4,64qam,2.000000e+00,cg4,4,10254,1048320,1365,9.781364e-03
64,4,64qam,3.000000e+00,zf,,5309,1048320,1365,5.064293e-03
64,4,64qam,3.000000e+00,mmse,,5300,1048320,1365,5.055708e-03
64,4,64qam,3.000000e+00,cg1,1,110867,1048320,1365,1.057568e-01
64,4,64qam,3.000000e+00,cg2,2,8620,1048320,1365,8.222680e-03
64,4,64qam,3.000000e+00,cg3,3,5357,1048320,1365,5.110081e-03
64,4,64qam,3.000000e+00,cg4,4,5300,1048320,1365,5.055708e-03
64,4,64qam,4.000000e+00,zf,,2482,1048320,1365,2.367598e-03
64,4,64qam,4.000000e+00,mmse,,2465,1048320,1365,2.351381e-03
64,4,64qam,4.000000e+00,cg1,1,110914,1048320,1365,1.058017e-01
64,4,64qam,4.000000e+00,cg2,2,5503,1048320,1365,5.249351e-03
64,4,64qam,4.000000e+00,cg3,3,2489,1048320,1365,2.374275e-03
64,4,64qam,4.000000e+00,cg4,4,2465,1048320,1365,2.351381e-03
64,4,64qam,5.000000e+00,zf,,913,1048320,1365,8.709173e-04
64,4,64qam,5.000000e+00,mmse,,901,1048320,1365,8.594704e-04
64,4,64qam,5.000000e+00,cg1,1,108671,1048320,1365,1.036620e-01
64,4,64qam,5.000000e+00,cg2,2,3006,1048320,1365,2.867445e-03
64,4,64qam,5.000000e+00,cg3,3,931,1048320,1365,8.880876e-04
64,4,64qam,5.000000e+00,cg4,4,901,1048320,1365,8.594704e-04
64,4,64qam,6.000000e+00,zf,,277,1048320,1365,2.642323e-04
64,4,64qam,6.000000e+00,mmse,,272,1048320,1365,2.594628e-04
64,4,64qam,6.000000e+00,cg1,1,108648,1048320,1365,1.036401e-01
64,4,64qam,6.000000e+00,cg2,2,1805,1048320,1365,1.721803e-03
64,4,64qam,6.000000e+00,cg3,3,287,1048320,1365,2.737714e-04
64,4,64qam,6.000000e+00,cg4,4,272,1048320,1365,2.594628e-04
64,4,64qam,7.000000e+00,zf,,136,2096640,2730,6.486569e-05
64,4,64qam,7.000000e+00,mmse,,134,2096640,2730,6.391178e-05
64,4,64qam,7.000000e+00,cg1,1,212904,2096640,2730,1.015453e-01
64,4,64qam,7.000000e+00,cg2,2,2075,2096640,2730,9.896787e-04
64,4,64qam,7.000000e+00,cg3,3,132,2096640,2730,6.295788e-05
64,4,64qam,7.000000e+00,cg4,4,134,2096640,2730,6.391178e-05
64,4,64qam,8.000000e+00,zf,,104,9434880,12285,1.102293e-05
64,4,64qam,8.000000e+00,mmse,,102,9434880,12285,1.081095e-05
64,4,64qam,8.000000e+00,cg1,1,947281,9434880,12285,1.004020e-01
64,4,64qam,8.000000e+00,cg2,2,6124,9434880,12285,6.490809e-04
64,4,64qam,8.000000e+00,cg3,3,115,9434880,12285,1.218881e-05
64,4,64qam,8.000000e+00,cg4,4,102,9434880,12285,1.081095e-05
64,4,64qam,9.000000e+00,zf,,17,10483200,13650,1.621642e-06
64,4,64qam,9.000000e+00,mmse,,16,10483200,13650,1.526252e-06
64,4,64qam,9.000000e+00,cg1,1,1042163,10483200,13650,9.941268e-02
64,4,64qam,9.000000e+00,cg2,2,4262,10483200,13650,4.065553e-04
64,4,64qam,9.000000e+00,cg3,3,16,10483200,13650,1.526252e-06
64,4,64qam,9.000000e+00,cg4,4,16,10483200,13650,1.526252e-06
64,4,64qam,1.000000e+01,zf,,1,10483200,13650,9.539072e-08
64,4,64qam,1.000000e+01,mmse,,1,10483200,13650,9.539072e-08
64,4,64qam,1.000000e+01,cg1,1,1036309,10483200,13650,9.885426e-02
64,4,64qam,1.000000e+01,cg2,2,3167,10483200,13650,3.021024e-04
64,4,64qam,1.000000e+01,cg3,3,3,10483200,13650,2.861722e-07
64,4,64qam,1.000000e+01,cg4,4,1,10483200,13650,9.539072e-08
64,4,64qam,1.100000e+01,zf,,0,10483200,13650,0.000000e+00
64,4,64qam,1.100000e+01,mmse,,0,10483200,13650,0.000000e+00
64,4,64qam,1.100000e+01,cg1,1,1033418,10483200,13650,9.857849e-02
64,4,64qam,1.100000e+01,cg2,2,2418,10483200,13650,2.306548e-04
64,4,64qam,1.100000e+01,cg3,3,0,10483200,13650,0.000000e+00
64,4,64qam,1.100000e+01,cg4,4,0,10483200,13650,0.000000e+00
64,4,64qam,1.200000e+01,zf,,0,10483200,13650,0.000000e+00
64,4,64qam,1.200000e+01,mmse,,0,10483200,13650,0.000000e+00
64,4,64qam,1.200000e+01,cg1,1,1027631,10483200,13650,9.802646e-02
64,4,64qam,1.200000e+01,cg2,2,2207,10483200,13650,2.105273e-04
64,4,64qam,1.200000e+01,cg3,3,0,10483200,13650,0.000000e+00
64,4,64qam,1.200000e+01,cg4,4,0,10483200,13650,0.000000e+00
64,4,64qam,1.300000e+01,zf,,0,10483200,13650,0.000000e+00
64,4,64qam,1.300000e+01,mmse,,0,10483200,13650,0.000000e+00
64,4,64qam,1.300000e+01,cg1,1,1021842,10483200,13650,9.747424e-02
64,4,64qam,1.300000e+01,cg2,2,1644,10483200,13650,1.568223e-04
64,4,64qam,1.300000e+01,cg3,3,0,10483200,13650,0.000000e+00
64,4,64qam,1.300000e+01,cg4,4,0,10483200,13650,0.000000e+00
64,4,64qam,1.400000e+01,zf,,0,10483200,13650,0.000000e+00
64,4,64qam,1.400000e+01,mmse,,0,10483200,13650,0.000000e+00
64,4,64qam,1.400000e+01,cg1,1,1019644,10483200,13650,9.726458e-02
64,4,64qam,1.400000e+01,cg2,2,1427,10483200,13650,1.361226e-04
64,4,64qam,1.400000e+01,cg3,3,0,10483200,13650,0.000000e+00
64,4,64qam,1.400000e+01,cg4,4,0,10483200,13650,0.000000e+00
64,4,64qam,1.500000e+01,zf,,0,10483200,13650,0.000000e+00
64,4,64qam,1.500000e+01,mmse,,0,10483200,13650,0.000000e+00
64,4,64qam,1.500000e+01,cg1,1,1020585,10483200,13650,9.735434e-02
64,4,64qam,1.500000e+01,cg2,2,1328,10483200,13650,1.266789e-04
64,4,64qam,1.500000e+01,cg3,3,0,10483200,13650,0.000000e+00
64,4,64qam,1.500000e+01,cg4,4,0,10483200,13650,0.000000e+00
64,4,64qam,1.600000e+01,zf,,0,10483200,13650,0.000000e+00
64,4,64qam,1.600000e+01,mmse,,0,10483200,13650,0.000000e+00
64,4,64qam,1.600000e+01,cg1,1,1018958,10483200,13650,9.719914e-02
64,4,64qam,1.600000e+01,cg2,2,1253,10483200,13650,1.195246e-04
64,4,64qam,1.600000e+01,cg3,3,0,10483200,13650,0.000000e+00
64,4,64qam,1.600000e+01,cg4,4,0,10483200,13650,0.000000e+00
64,4,64qam,1.700000e+01,zf,,0,10483200,13650,0.000000e+00
64,4,64qam,1.700000e+01,mmse,,0,10483200,13650,0.000000e+00
64,4,64qam,1.700000e+01,cg1,1,1016826,10483200,13650,9.699576e-02
64,4,64qam,1.700000e+01,cg2,2,1236,10483200,13650,1.179029e-04
64,4,64qam,1.700000e+01,cg3,3,0,10483200,13650,0.000000e+00
64,4,64qam,1.700000e+01,cg4,4,0,10483200,13650,0.000000e+00
64,4,64qam,1.800000e+01,zf,,0,10483200,13650,0.000000e+00
64,4,64qam,1.800000e+01,mmse,,0,10483200,13650,0.000000e+00
64,4,64qam,1.800000e+01,cg1,1,1016486,10483200,13650,9.696333e-02
64,4,64qam,1.800000e+01,cg2,2,1138,10483200,13650,1.085546e-04
64,4,64qam,1.800000e+01,cg3,3,0,10483200,13650,0.000000e+00
64,4,64qam,1.800000e+01,cg4,4,0,10483200,13650,0.000000e+00
64,4,64qam,1.900000e+01,zf,,0,10483200,13650,0.000000e+00
64,4,64qam,1.900000e+01,mmse,,0,10483200,13650,0.000000e+00
64,4,64qam,1.900000e+01,cg1,1,1012819,10483200,13650,9.661353e-02
64,4,64qam,1.900000e+01,cg2,2,1013,10483200,13650,9.663080e-05
64,4,64qam,1.900000e+01,cg3,3,0,10483200,13650,0.000000e+00
64,4,64qam,1.900000e+01,cg4,4,0,10483200,13650,0.000000e+00
64,4,64qam,2.000000e+01,zf,,0,10483200,13650,0.000000e+00
64,4,64qam,2.000000e+01,mmse,,0,10483200,13650,0.000000e+00
64,4,64qam,2.000000e+01,cg1,1,1016449,10483200,13650,9.695980e-02
64,4,64qam,2.000000e+01,cg2,2,1056,10483200,13650,1.007326e-04
64,4,64qam,2.000000e+01,cg3,3,0,10483200,13650,0.000000e+00
64,4,64qam,2.000000e+01,cg4,4,0,10483200,13650,0.000000e+00
64,8,64qam,-2.000000e+01,zf,,415312,1047552,682,3.964596e-01
64,8,64qam,-2.000000e+01,mmse,,410667,1047552,682,3.920254e-01
64,8,64qam,-2.000000e+01,cg1,1,411377,1047552,682,3.927032e-01
64,8,64qam,-2.000000e+01,cg2,2,410661,1047552,682,3.920197e-01
64,8,64qam,-2.000000e+01,cg3,3,410679,1047552,682,3.920369e-01
64,8,64qam,-2.000000e+01,cg4,4,410651,1047552,682,3.920101e-01
64,8,64qam,-2.000000e+01,cg8,8,410667,1047552,682,3.920254e-01
64,8,64qam,-1.900000e+01,zf,,400692,1047552,682,3.825032e-01
64,8,64qam,-1.900000e+01,mmse,,396236,1047552,682,3.782495e-01
64,8,64qam,-1.900000e+01,cg1,1,397790,1047552,682,3.797329e-01
64,8,64qam,-1.900000e+01,cg2,2,396183,1047552,682,3.781989e-01
64,8,64qam,-1.900000e+01,cg3,3,396224,1047552,682,3.782380e-01
64,8,64qam,-1.900000e+01,cg4,4,396225,1047552,682,3.782390e-01
64,8,64qam,-1.900000e+01,cg8,8,396236,1047552,682,3.782495e-01
64,8,64qam,-1.800000e+01,zf,,385093,1047552,682,3.676123e-01
64,8,64qam,-1.800000e+01,mmse,,379507,1047552,682,3.622799e-01
64,8,64qam,-1.800000e+01,cg1,1,381987,1047552,682,3.646473e-01
64,8,64qam,-1.800000e+01,cg2,2,379619,1047552,682,3.623868e-01
64,8,64qam,-1.800000e+01,cg3,3,379491,1047552,682,3.622646e-01
64,8,64qam,-1.800000e+01,cg4,4,379501,1047552,682,3.622741e-01
64,8,64qam,-1.800000e+01,cg8,8,379507,1047552,682,3.622799e-01
64,8,64qam,-1.700000e+01,zf,,367400,1047552,682,3.507224e-01
64,8,64qam,-1.700000e+01,mmse,,363360,1047552,682,3.468658e-01
64,8,64qam,-1.700000e+01,cg1,1,367623,1047552,682,3.509353e-01
64,8,64qam,-1.700000e+01,cg2,2,363387,1047552,682,3.468916e-01
64,8,64qam,-1.700000e+01,cg3,3,363310,1047552,682,3.468181e-01
64,8,64qam,-1.700000e+01,cg4,4,363366,1047552,682,3.468716e-01
64,8,64qam,-1.700000e+01,cg8,8,363360,1047552,682,3.468658e-01
64,8,64qam,-1.600000e+01,zf,,349889,1047552,682,3.340063e-01
64,8,64qam,-1.600000e+01,mmse,,345943,1047552,682,3.302395e-01
64,8,64qam,-1.600000e+01,cg1,1,351609,1047552,682,3.356483e-01
64,8,64qam,-1.600000e+01,cg2,2,346003,1047552,682,3.302967e-01
64,8,64qam,-1.600000e+01,cg3,3,346003,1047552,682,3.302967e-01
64,8,64qam,-1.600000e+01,cg4,4,345949,1047552,682,3.302452e-01
64,8,64qam,-1.600000e+01,cg8,8,345943,1047552,682,3.302395e-01
64,8,64qam,-1.500000e+01,zf,,329821,1047552,682,3.148493e-01
64,8,64qam,-1.500000e+01,mmse,,326581,1047552,682,3.117564e-01
64,8,64qam,-1.500000e+01,cg1,1,334927,1047552,682,3.197235e-01
64,8,64qam,-1.500000e+01,cg2,2,326760,1047552,682,3.119272e-01
64,8,64qam,-1.500000e+01,cg3,3,326582,1047552,682,3.117573e-01
64,8,64qam,-1.500000e+01,cg4,4,326564,1047552,682,3.117401e-01
64,8,64qam,-1.500000e+01,cg8,8,326581,1047552,682,3.117564e-01
64,8,64qam,-1.400000e+01,zf,,308130,1047552,682,2.941429e-01
64,8,64qam,-1.400000e+01,mmse,,304811,1047552,682,2.909746e-01
64,8,64qam,-1.400000e+01,cg1,1,317621,1047552,682,3.032031e-01
64,8,64qam,-1.400000e+01,cg2,2,305322,1047552,682,2.914624e-01
64,8,64qam,-1.400000e+01,cg3,3,304785,1047552,682,2.909498e-01
64,8,64qam,-1.400000e+01,cg4,4,304824,1047552,682,2.909870e-01
64,8,64qam,-1.400000e+01,cg8,8,304811,1047552,682,2.909746e-01
64,8,64qam,-1.300000e+01,zf,,286259,1047552,682,2.732647e-01
64,8,64qam,-1.300000e+01,mmse,,283284,1047552,682,2.704248e-01
64,8,64qam,-1.300000e+01,cg1,1,302390,1047552,682,2.886635e-01
64,8,64qam,-1.300000e+01,cg2,2,284290,1047552,682,2.713851e-01
64,8,64qam,-1.300000e+01,cg3,3,283367,1047552,682,2.705040e-01
64,8,64qam,-1.300000e+01,cg4,4,283265,1047552,682,2.704066e-01
64,8,64qam,-1.300000e+01,cg8,8,283284,1047552,682,2.704248e-01
64,8,64qam,-1.200000e+01,zf,,261970,1047552,682,2.500783e-01
64,8,64qam,-1.200000e+01,mmse,,259136,1047552,682,2.473729e-01
64,8,64qam,-1.200000e+01,cg1,1,284281,1047552,682,2.713765e-01
64,8,64qam,-1.200000e+01,cg2,2,260788,1047552,682,2.489499e-01
64,8,64qam,-1.200000e+01,cg3,3,259194,1047552,682,2.474283e-01
64,8,64qam,-1.200000e+01,cg4,4,259139,1047552,682,2.473758e-01
64,8,64qam,-1.200000e+01,cg8,8,259136,1047552,682,2.473729e-01
64,8,64qam,-1.100000e+01,zf,,238754,1047552,682,2.279161e-01
64,8,64qam,-1.100000e+01,mmse,,236344,1047552,682,2.256155e-01
64,8,64qam,-1.100000e+01,cg1,1,270406,1047552,682,2.581313e-01
64,8,64qam,-1.100000e+01,cg2,2,238676,1047552,682,2.278417e-01
64,8,64qam,-1.100000e+01,cg3,3,236489,1047552,682,2.257539e-01
64,8,64qam,-1.100000e+01,cg4,4,236265,1047552,682,2.255401e-01
64,8,64qam,-1.100000e+01,cg8,8,236344,1047552,682,2.256155e-01
64,8,64qam,-1.000000e+01,zf,,215569,1047552,682,2.057836e-01
64,8,64qam,-1.000000e+01,mmse,,213528,1047552,682,2.038352e-01
64,8,64qam,-1.000000e+01,cg1,1,257062,1047552,682,2.453931e-01
64,8,64qam,-1.000000e+01,cg2,2,216666,1047552,682,2.068308e-01
64,8,64qam,-1.000000e+01,cg3,3,213647,1047552,682,2.039488e-01
64,8,64qam,-1.000000e+01,cg4,4,213469,1047552,682,2.037789e-01
64,8,64qam,-1.000000e+01,cg8,8,213528,1047552,682,2.038352e-01
64,8,64qam,-9.000000e+00,zf,,192754,1047552,682,1.840042e-01
64,8,64qam,-9.000000e+00,mmse,,191406,1047552,682,1.827174e-01
64,8,64qam,-9.000000e+00,cg1,1,245835,1047552,682,2.346757e-01
64,8,64qam,-9.000000e+00,cg2,2,195909,1047552,682,1.870160e-01
64,8,64qam,-9.000000e+00,cg3,3,191665,1047552,682,1.829647e-01
64,8,64qam,-9.000000e+00,cg4,4,191493,1047552,682,1.828005e-01
64,8,64qam,-9.000000e+00,cg8,8,191406,1047552,682,1.827174e-01
64,8,64qam,-8.000000e+00,zf,,170512,1047552,682,1.627719e-01
64,8,64qam,-8.000000e+00,mmse,,169297,1047552,682,1.616120e-01
64,8,64qam,-8.000000e+00,cg1,1,235174,1047552,682,2.244986e-01
64,8,64qam,-8.000000e+00,cg2,2,175040,1047552,682,1.670943e-01
64,8,64qam,-8.000000e+00,cg3,3,169705,1047552,682,1.620015e-01
64,8,64qam,-8.000000e+00,cg4,4,169328,1047552,682,1.616416e-01
64,8,64qam,-8.000000e+00,cg8,8,169297,1047552,682,1.616120e-01
64,8,64qam,-7.000000e+00,zf,,149411,1047552,682,1.426287e-01
64,8,64qam,-7.000000e+00,mmse,,148635,1047552,682,1.418879e-01
64,8,64qam,-7.000000e+00,cg1,1,226405,1047552,682,2.161277e-01
64,8,64qam,-7.000000e+00,cg2,2,156788,1047552,682,1.496709e-01
64,8,64qam,-7.000000e+00,cg3,3,149310,1047552,682,1.425323e-01
64,8,64qam,-7.000000e+00,cg4,4,148699,1047552,682,1.419490e-01
64,8,64qam,-7.000000e+00,cg8,8,148635,1047552,682,1.418879e-01
64,8,64qam,-6.000000e+00,zf,,129596,1047552,682,1.237132e-01
64,8,64qam,-6.000000e+00,mmse,,128749,1047552,682,1.229046e-01
64,8,64qam,-6.000000e+00,cg1,1,218245,1047552,682,2.083381e-01
64,8,64qam,-6.000000e+00,cg2,2,138164,1047552,682,1.318923e-01
64,8,64qam,-6.000000e+00,cg3,3,129534,1047552,682,1.236540e-01
64,8,64qam,-6.000000e+00,cg4,4,128813,1047552,682,1.229657e-01
64,8,64qam,-6.000000e+00,cg8,8,128749,1047552,682,1.229046e-01
64,8,64qam,-5.000000e+00,zf,,110436,1047552,682,1.054229e-01
64,8,64qam,-5.000000e+00,mmse,,109959,1047552,682,1.049676e-01
64,8,64qam,-5.000000e+00,cg1,1,211154,1047552,682,2.015690e-01
64,8,64qam,-5.000000e+00,cg2,2,121657,1047552,682,1.161346e-01
64,8,64qam,-5.000000e+00,cg3,3,110793,1047552,682,1.057637e-01
64,8,64qam,-5.000000e+00,cg4,4,109957,1047552,682,1.049657e-01
64,8,64qam,-5.000000e+00,cg8,8,109959,1047552,682,1.049676e-01
64,8,64qam,-4.000000e+00,zf,,92649,1047552,682,8.844334e-02
64,8,64qam,-4.000000e+00,mmse,,92275,1047552,682,8.808632e-02
64,8,64qam,-4.000000e+00,cg1,1,206979,1047552,682,1.975835e-01
64,8,64qam,-4.000000e+00,cg2,2,107012,1047552,682,1.021544e-01
64,8,64qam,-4.000000e+00,cg3,3,93481,1047552,682,8.923757e-02
64,8,64qam,-4.000000e+00,cg4,4,92379,1047552,682,8.818560e-02
64,8,64qam,-4.000000e+00,cg8,8,92275,1047552,682,8.808632e-02
64,8,64qam,-3.000000e+00,zf,,75779,1047552,682,7.233913e-02
64,8,64qam,-3.000000e+00,mmse,,75407,1047552,682,7.198402e-02
64,8,64qam,-3.000000e+00,cg1,1,203242,1047552,682,1.940161e-01
64,8,64qam,-3.000000e+00,cg2,2,93022,1047552,682,8.879941e-02
64,8,64qam,-3.000000e+00,cg3,3,76773,1047552,682,7.328801e-02
64,8,64qam,-3.000000e+00,cg4,4,75552,1047552,682,7.212243e-02
64,8,64qam,-3.000000e+00,cg8,8,75407,1047552,682,7.198402e-02
64,8,64qam,-2.000000e+00,zf,,58841,1047552,682,5.617000e-02
64,8,64qam,-2.000000e+00,mmse,,58613,1047552,682,5.595235e-02
64,8,64qam,-2.000000e+00,cg1,1,198422,1047552,682,1.894149e-01
64,8,64qam,-2.000000e+00,cg2,2,78971,1047552,682,7.538623e-02
64,8,64qam,-2.000000e+00,cg3,3,60271,1047552,682,5.753509e-02
64,8,64qam,-2.000000e+00,cg4,4,58663,1047552,682,5.600008e-02
64,8,64qam,-2.000000e+00,cg8,8,58613,1047552,682,5.595235e-02
64,8,64qam,-1.000000e+00,zf,,44769,1047552,682,4.273678e-02
64,8,64qam,-1.000000e+00,mmse,,44598,1047552,682,4.257354e-02
64,8,64qam,-1.000000e+00,cg1,1,194743,1047552,682,1.859029e-01
64,8,64qam,-1.000000e+00,cg2,2,68442,1047552,682,6.533518e-02
64,8,64qam,-1.000000e+00,cg3,3,46710,1047552,682,4.458967e-02
64,8,64qam,-1.000000e+00,cg4,4,44726,1047552,682,4.269573e-02
64,8,64qam,-1.000000e+00,cg8,8,44598,1047552,682,4.257354e-02
64,8,64qam,0.000000e+00,zf,,31477,1047552,682,3.004815e-02
64,8,64qam,0.000000e+00,mmse,,31408,1047552,682,2.998228e-02
64,8,64qam,0.000000e+00,cg1,1,193351,1047552,682,1.845741e-01
64,8,64qam,0.000000e+00,cg2,2,57958,1047552,682,5.532709e-02
64,8,64qam,0.000000e+00,cg3,3,33536,1047552,682,3.201369e-02
64,8,64qam,0.000000e+00,cg4,4,31454,1047552,682,3.002619e-02
64,8,64qam,0.000000e+00,cg8,8,31408,1047552,682,2.998228e-02
64,8,64qam,1.000000e+00,zf,,20114,1047552,682,1.920096e-02
64,8,64qam,1.000000e+00,mmse,,20063,1047552,682,1.915227e-02
64,8,64qam,1.000000e+00,cg1,1,189930,1047552,682,1.813084e-01
64,8,64qam,1.000000e+00,cg2,2,47563,1047552,682,4.540395e-02
64,8,64qam,1.000000e+00,cg3,3,22276,1047552,682,2.126482e-02
64,8,64qam,1.000000e+00,cg4,4,20181,1047552,682,1.926491e-02
64,8,64qam,1.000000e+00,cg8,8,20063,1047552,682,1.915227e-02
64,8,64qam,2.000000e+00,zf,,12249,1047552,682,1.169298e-02
64,8,64qam,2.000000e+00,mmse,,12158,1047552,682,1.160611e-02
64,8,64qam,2.000000e+00,cg1,1,189496,1047552,682,1.808941e-01
64,8,64qam,2.000000e+00,cg2,2,41235,1047552,682,3.936320e-02
64,8,64qam,2.000000e+00,cg3,3,14421,1047552,682,1.376638e-02
64,8,64qam,2.000000e+00,cg4,4,12337,1047552,682,1.177698e-02
64,8,64qam,2.000000e+00,cg8,8,12158,1047552,682,1.160611e-02
64,8,64qam,3.000000e+00,zf,,6673,1047552,682,6.370090e-03
64,8,64qam,3.000000e+00,mmse,,6658,1047552,682,6.355770e-03
64,8,64qam,3.000000e+00,cg1,1,189790,1047552,682,1.811748e-01
64,8,64qam,3.000000e+00,cg2,2,36248,1047552,682,3.460258e-02
64,8,64qam,3.000000e+00,cg3,3,8742,1047552,682,8.345170e-03
64,8,64qam,3.000000e+00,cg4,4,6778,1047552,682,6.470323e-03
64,8,64qam,3.000000e+00,cg8,8,6658,1047552,682,6.355770e-03
64,8,64qam,4.000000e+00,zf,,3122,1047552,682,2.980282e-03
64,8,64qam,4.000000e+00,mmse,,3125,1047552,682,2.983145e-03
64,8,64qam,4.000000e+00,cg1,1,187692,1047552,682,1.791720e-01
64,8,64qam,4.000000e+00,cg2,2,30999,1047552,682,2.959185e-02
64,8,64qam,4.000000e+00,cg3,3,4708,1047552,682,4.494288e-03
64,8,64qam,4.000000e+00,cg4,4,3190,1047552,682,3.045195e-03
64,8,64qam,4.000000e+00,cg8,8,3125,1047552,682,2.983145e-03
64,8,64qam,5.000000e+00,zf,,1219,1047552,682,1.163665e-03
64,8,64qam,5.000000e+00,mmse,,1232,1047552,682,1.176075e-03
64,8,64qam,5.000000e+00,cg1,1,187512,1047552,682,1.790002e-01
64,8,64qam,5.000000e+00,cg2,2,27456,1047552,682,2.620968e-02
64,8,64qam,5.000000e+00,cg3,3,2463,1047552,682,2.351196e-03
64,8,64qam,5.000000e+00,cg4,4,1312,1047552,682,1.252444e-03
64,8,64qam,5.000000e+00,cg8,8,1232,1047552,682,1.176075e-03
64,8,64qam,6.000000e+00,zf,,396,1047552,682,3.780242e-04
64,8,64qam,6.000000e+00,mmse,,393,1047552,682,3.751604e-04
64,8,64qam,6.000000e+00,cg1,1,185529,1047552,682,1.771072e-01
64,8,64qam,6.000000e+00,cg2,2,23586,1047552,682,2.251535e-02
64,8,64qam,6.000000e+00,cg3,3,1138,1047552,682,1.086342e-03
64,8,64qam,6.000000e+00,cg4,4,431,1047552,682,4.114354e-04
64,8,64qam,6.000000e+00,cg8,8,393,1047552,682,3.751604e-04
64,8,64qam,7.000000e+00,zf,,111,1047552,682,1.059613e-04
64,8,64qam,7.000000e+00,mmse,,110,1047552,682,1.050067e-04
64,8,64qam,7.000000e+00,cg1,1,184791,1047552,682,1.764027e-01
64,8,64qam,7.000000e+00,cg2,2,21103,1047552,682,2.014506e-02
64,8,64qam,7.000000e+00,cg3,3,496,1047552,682,4.734848e-04
64,8,64qam,7.000000e+00,cg4,4,118,1047552,682,1.126436e-04
64,8,64qam,7.000000e+00,cg8,8,110,1047552,682,1.050067e-04
64,8,64qam,8.000000e+00,zf,,107,5237760,3410,2.042858e-05
64,8,64qam,8.000000e+00,mmse,,105,5237760,3410,2.004674e-05
64,8,64qam,8.000000e+00,cg1,1,927917,5237760,3410,1.771591e-01
64,8,64qam,8.000000e+00,cg2,2,99316,5237760,3410,1.896154e-02
64,8,64qam,8.000000e+00,cg3,3,1166,5237760,3410,2.226142e-04
64,8,64qam,8.000000e+00,cg4,4,131,5237760,3410,2.501069e-05
64,8,64qam,8.000000e+00,cg8,8,105,5237760,3410,2.004674e-05
64,8,64qam,9.000000e+00,zf,,28,10475520,6820,2.672898e-06
64,8,64qam,9.000000e+00,mmse,,29,10475520,6820,2.768359e-06
64,8,64qam,9.000000e+00,cg1,1,1853578,10475520,6820,1.769438e-01
64,8,64qam,9.000000e+00,cg2,2,183388,10475520,6820,1.750634e-02
64,8,64qam,9.000000e+00,cg3,3,1123,10475520,6820,1.072023e-04
64,8,64qam,9.000000e+00,cg4,4,37,10475520,6820,3.532044e-06
64,8,64qam,9.000000e+00,cg8,8,29,10475520,6820,2.768359e-06
64,8,64qam,1.000000e+01,zf,,3,10475520,6820,2.863820e-07
64,8,64qam,1.000000e+01,mmse,,3,10475520,6820,2.863820e-07
64,8,64qam,1.000000e+01,cg1,1,1854277,10475520,6820,1.770105e-01
64,8,64qam,1.000000e+01,cg2,2,175956,10475520,6820,1.679687e-02
64,8,64qam,1.000000e+01,cg3,3,587,10475520,6820,5.603540e-05
64,8,64qam,1.000000e+01,cg4,4,4,10475520,6820,3.818426e-07
64,8,64qam,1.000000e+01,cg8,8,3,10475520,6820,2.863820e-07
64,8,64qam,1.100000e+01,zf,,0,10475520,6820,0.000000e+00
64,8,64qam,1.100000e+01,mmse,,0,10475520,6820,0.000000e+00
64,8,64qam,1.100000e+01,cg1,1,1845799,10475520,6820,1.762012e-01
64,8,64qam,1.100000e+01,cg2,2,162078,10475520,6820,1.547207e-02
64,8,64qam,1.100000e+01,cg3,3,343,10475520,6820,3.274300e-05
64,8,64qam,1.100000e+01,cg4,4,0,10475520,6820,0.000000e+00
64,8,64qam,1.100000e+01,cg8,8,0,10475520,6820,0.000000e+00
64,8,64qam,1.200000e+01,zf,,0,10475520,6820,0.000000e+00
64,8,64qam,1.200000e+01,mmse,,0,10475520,6820,0.000000e+00
64,8,64qam,1.200000e+01,cg1,1,1846427,10475520,6820,1.762611e-01
64,8,64qam,1.200000e+01,cg2,2,159109,10475520,6820,1.518865e-02
64,8,64qam,1.200000e+01,cg3,3,178,10475520,6820,1.699200e-05
64,8,64qam,1.200000e+01,cg4,4,0,10475520,6820,0.000000e+00
64,8,64qam,1.200000e+01,cg8,8,0,10475520,6820,0.000000e+00
64,8,64qam,1.300000e+01,zf,,0,10475520,6820,0.000000e+00
64,8,64qam,1.300000e+01,mmse,,0,10475520,6820,0.000000e+00
64,8,64qam,1.300000e+01,cg1,1,1847736,10475520,6820,1.763861e-01
64,8,64qam,1.300000e+01,cg2,2,155725,10475520,6820,1.486561e-02
64,8,64qam,1.300000e+01,cg3,3,122,10475520,6820,1.164620e-05
64,8,64qam,1.300000e+01,cg4,4,0,10475520,6820,0.000000e+00
64,8,64qam,1.300000e+01,cg8,8,0,10475520,6820,0.000000e+00
64,8,64qam,1.400000e+01,zf,,0,10475520,6820,0.000000e+00
64,8,64qam,1.400000e+01,mmse,,0,10475520,6820,0.000000e+00
64,8,64qam,1.400000e+01,cg1,1,1846136,10475520,6820,1.762334e-01
64,8,64qam,1.400000e+01,cg2,2,150808,10475520,6820,1.439623e-02
64,8,64qam,1.400000e+01,cg3,3,101,10475520,6820,9.641526e-06
64,8,64qam,1.400000e+01,cg4,4,0,10475520,6820,0.000000e+00
64,8,64qam,1.400000e+01,cg8,8,0,10475520,6820,0.000000e+00
64,8,64qam,1.500000e+01,zf,,0,10475520,6820,0.000000e+00
64,8,64qam,1.500000e+01,mmse,,0,10475520,6820,0.000000e+00
64,8,64qam,1.500000e+01,cg1,1,1846880,10475520,6820,1.763044e-01
64,8,64qam,1.500000e+01,cg2,2,147141,10475520,6820,1.404618e-02
64,8,64qam,1.500000e+01,cg3,3,103,10475520,6820,9.832447e-06
64,8,64qam,1.500000e+01,cg4,4,0,10475520,6820,0.000000e+00
64,8,64qam,1.500000e+01,cg8,8,0,10475520,6820,0.000000e+00
64,8,64qam,1.600000e+01,zf,,0,10475520,6820,0.000000e+00
64,8,64qam,1.600000e+01,mmse,,0,10475520,6820,0.000000e+00
64,8,64qam,1.600000e+01,cg1,1,1848161,10475520,6820,1.764267e-01
64,8,64qam,1.600000e+01,cg2,2,144802,10475520,6820,1.382289e-02
64,8,64qam,1.600000e+01,cg3,3,47,10475520,6820,4.486651e-06
64,8,64qam,1.600000e+01,cg4,4,0,10475520,6820,0.000000e+00
64,8,64qam,1.600000e+01,cg8,8,0,10475520,6820,0.000000e+00
64,8,64qam,1.700000e+01,zf,,0,10475520,6820,0.000000e+00
64,8,64qam,1.700000e+01,mmse,,0,10475520,6820,0.000000e+00
64,8,64qam,1.700000e+01,cg1,1,1843155,10475520,6820,1.759488e-01
64,8,64qam,1.700000e+01,cg2,2,141743,10475520,6820,1.353088e-02
64,8,64qam,1.700000e+01,cg3,3,65,10475520,6820,6.204943e-06
64,8,64qam,1.700000e+01,cg4,4,0,10475520,6820,0.000000e+00
64,8,64qam,1.700000e+01,cg8,8,0,10475520,6820,0.000000e+00
64,8,64qam,1.800000e+01,zf,,0,10475520,6820,0.000000e+00
64,8,64qam,1.800000e+01,mmse,,0,10475520,6820,0.000000e+00
64,8,64qam,1.800000e+01,cg1,1,1843959,10475520,6820,1.760255e-01
64,8,64qam,1.800000e+01,cg2,2,141848,10475520,6820,1.354090e-02
64,8,64qam,1.800000e+01,cg3,3,65,10475520,6820,6.204943e-06
64,8,64qam,1.800000e+01,cg4,4,0,10475520,6820,0.000000e+00
64,8,64qam,1.800000e+01,cg8,8,0,10475520,6820,0.000000e+00
64,8,64qam,1.900000e+01,zf,,0,10475520,6820,0.000000e+00
64,8,64qam,1.900000e+01,mmse,,0,10475520,6820,0.000000e+00
64,8,64qam,1.900000e+01,cg1,1,1842641,10475520,6820,1.758997e-01
64,8,64qam,1.900000e+01,cg2,2,139894,10475520,6820,1.335437e-02
64,8,64qam,1.900000e+01,cg3,3,49,10475520,6820,4.677572e-06
64,8,64qam,1.900000e+01,cg4,4,0,10475520,6820,0.000000e+00
64,8,64qam,1.900000e+01,cg8,8,0,10475520,6820,0.000000e+00
64,8,64qam,2.000000e+01,zf,,0,10475520,6820,0.000000e+00
64,8,64qam,2.000000e+01,mmse,,0,10475520,6820,0.000000e+00
64,8,64qam,2.000000e+01,cg1,1,1840173,10475520,6820,1.756641e-01
64,8,64qam,2.000000e+01,cg2,2,139014,10475520,6820,1.327037e-02
64,8,64qam,2.000000e+01,cg3,3,35,10475520,6820,3.341123e-06
64,8,64qam,2.000000e+01,cg4,4,0,10475520,6820,0.000000e+00
64,8,64qam,2.000000e+01,cg8,8,0,10475520,6820,0.000000e+00
64,16,64qam,-2.000000e+01,zf,,424035,1047552,341,4.047866e-01
64,16,64qam,-2.000000e+01,mmse,,414821,1047552,341,3.959908e-01
64,16,64qam,-2.000000e+01,cg1,1,416648,1047552,341,3.977349e-01
64,16,64qam,-2.000000e+01,cg2,2,414955,1047552,341,3.961188e-01
64,16,64qam,-2.000000e+01,cg3,3,414874,1047552,341,3.960414e-01
64,16,64qam,-2.000000e+01,cg4,4,414811,1047552,341,3.959813e-01
64,16,64qam,-2.000000e+01,cg16,16,414821,1047552,341,3.959908e-01
64,16,64qam,-1.900000e+01,zf,,410342,1047552,341,3.917152e-01
64,16,64qam,-1.900000e+01,mmse,,399777,1047552,341,3.816297e-01
64,16,64qam,-1.900000e+01,cg1,1,403043,1047552,341,3.847475e-01
64,16,64qam,-1.900000e+01,cg2,2,399720,1047552,341,3.815753e-01
64,16,64qam,-1.900000e+01,cg3,3,399711,1047552,341,3.815667e-01
64,16,64qam,-1.900000e+01,cg4,4,399787,1047552,341,3.816393e-01
64,16,64qam,-1.900000e+01,cg16,16,399777,1047552,341,3.816297e-01
64,16,64qam,-1.800000e+01,zf,,396407,1047552,341,3.784127e-01
64,16,64qam,-1.800000e+01,mmse,,385470,1047552,341,3.679722e-01
64,16,64qam,-1.800000e+01,cg1,1,390350,1047552,341,3.726307e-01
64,16,64qam,-1.800000e+01,cg2,2,385565,1047552,341,3.680629e-01
64,16,64qam,-1.800000e+01,cg3,3,385434,1047552,341,3.679378e-01
64,16,64qam,-1.800000e+01,cg4,4,385455,1047552,341,3.679579e-01
64,16,64qam,-1.800000e+01,cg16,16,385470,1047552,341,3.679722e-01
64,16,64qam,-1.700000e+01,zf,,378251,1047552,341,3.610809e-01
64,16,64qam,-1.700000e+01,mmse,,368401,1047552,341,3.516780e-01
64,16,64qam,-1.700000e+01,cg1,1,375913,1047552,341,3.588490e-01
64,16,64qam,-1.700000e+01,cg2,2,368719,1047552,341,3.519816e-01
64,16,64qam,-1.700000e+01,cg3,3,368440,1047552,341,3.517152e-01
64,16,64qam,-1.700000e+01,cg4,4,368353,1047552,341,3.516322e-01
64,16,64qam,-1.700000e+01,cg16,16,368401,1047552,341,3.516780e-01
64,16,64qam,-1.600000e+01,zf,,360892,1047552,341,3.445099e-01
64,16,64qam,-1.600000e+01,mmse,,350996,1047552,341,3.350631e-01
64,16,64qam,-1.600000e+01,cg1,1,361673,1047552,341,3.452554e-01
64,16,64qam,-1.600000e+01,cg2,2,351816,1047552,341,3.358459e-01
64,16,64qam,-1.600000e+01,cg3,3,351059,1047552,341,3.351232e-01
64,16,64qam,-1.600000e+01,cg4,4,350946,1047552,341,3.350154e-01
64,16,64qam,-1.600000e+01,cg16,16,350996,1047552,341,3.350631e-01
64,16,64qam,-1.500000e+01,zf,,342567,1047552,341,3.270167e-01
64,16,64qam,-1.500000e+01,mmse,,333338,1047552,341,3.182066e-01
64,16,64qam,-1.500000e+01,cg1,1,349474,1047552,341,3.336102e-01
64,16,64qam,-1.500000e+01,cg2,2,334722,1047552,341,3.195278e-01
64,16,64qam,-1.500000e+01,cg3,3,333611,1047552,341,3.184672e-01
64,16,64qam,-1.500000e+01,cg4,4,333481,1047552,341,3.183431e-01
64,16,64qam,-1.500000e+01,cg16,16,333338,1047552,341,3.182066e-01
64,16,64qam,-1.400000e+01,zf,,322347,1047552,341,3.077146e-01
64,16,64qam,-1.400000e+01,mmse,,313581,1047552,341,2.993465e-01
64,16,64qam,-1.400000e+01,cg1,1,336945,1047552,341,3.216499e-01
64,16,64qam,-1.400000e+01,cg2,2,315901,1047552,341,3.015612e-01
64,16,64qam,-1.400000e+01,cg3,3,313949,1047552,341,2.996978e-01
64,16,64qam,-1.400000e+01,cg4,4,313577,1047552,341,2.993427e-01
64,16,64qam,-1.400000e+01,cg16,16,313581,1047552,341,2.993465e-01
64,16,64qam,-1.300000e+01,zf,,300402,1047552,341,2.867657e-01
64,16,64qam,-1.300000e+01,mmse,,292585,1047552,341,2.793036e-01
64,16,64qam,-1.300000e+01,cg1,1,324496,1047552,341,3.097660e-01
64,16,64qam,-1.300000e+01,cg2,2,296293,1047552,341,2.828432e-01
64,16,64qam,-1.300000e+01,cg3,3,292781,1047552,341,2.794907e-01
64,16,64qam,-1.300000e+01,cg4,4,292669,1047552,341,2.793837e-01
64,16,64qam,-1.300000e+01,cg16,16,292585,1047552,341,2.793036e-01
64,16,64qam,-1.200000e+01,zf,,278672,1047552,341,2.660221e-01
64,16,64qam,-1.200000e+01,mmse,,272019,1047552,341,2.596711e-01
64,16,64qam,-1.200000e+01,cg1,1,315181,1047552,341,3.008738e-01
64,16,64qam,-1.200000e+01,cg2,2,278053,1047552,341,2.654312e-01
64,16,64qam,-1.200000e+01,cg3,3,272776,1047552,341,2.603938e-01
64,16,64qam,-1.200000e+01,cg4,4,272075,1047552,341,2.597246e-01
64,16,64qam,-1.200000e+01,cg16,16,272019,1047552,341,2.596711e-01
64,16,64qam,-1.100000e+01,zf,,255282,1047552,341,2.436939e-01
64,16,64qam,-1.100000e+01,mmse,,248945,1047552,341,2.376445e-01
64,16,64qam,-1.100000e+01,cg1,1,305113,1047552,341,2.912629e-01
64,16,64qam,-1.100000e+01,cg2,2,256779,1047552,341,2.451229e-01
64,16,64qam,-1.100000e+01,cg3,3,249679,1047552,341,2.383452e-01
64,16,64qam,-1.100000e+01,cg4,4,248999,1047552,341,2.376961e-01
64,16,64qam,-1.100000e+01,cg16,16,248945,1047552,341,2.376445e-01
64,16,64qam,-1.000000e+01,zf,,231029,1047552,341,2.205418e-01
64,16,64qam,-1.000000e+01,mmse,,225923,1047552,341,2.156676e-01
64,16,64qam,-1.000000e+01,cg1,1,298507,1047552,341,2.849567e-01
64,16,64qam,-1.000000e+01,cg2,2,238646,1047552,341,2.278130e-01
64,16,64qam,-1.000000e+01,cg3,3,227402,1047552,341,2.170794e-01
64,16,64qam,-1.000000e+01,cg4,4,225995,1047552,341,2.157363e-01
64,16,64qam,-1.000000e+01,cg16,16,225923,1047552,341,2.156676e-01
64,16,64qam,-9.000000e+00,zf,,207532,1047552,341,1.981114e-01
64,16,64qam,-9.000000e+00,mmse,,203428,1047552,341,1.941937e-01
64,16,64qam,-9.000000e+00,cg1,1,292842,1047552,341,2.795489e-01
64,16,64qam,-9.000000e+00,cg2,2,221521,1047552,341,2.114654e-01
64,16,64qam,-9.000000e+00,cg3,3,205888,1047552,341,1.965420e-01
64,16,64qam,-9.000000e+00,cg4,4,203721,1047552,341,1.944734e-01
64,16,64qam,-9.000000e+00,cg16,16,203428,1047552,341,1.941937e-01
64,16,64qam,-8.000000e+00,zf,,185053,1047552,341,1.766528e-01
64,16,64qam,-8.000000e+00,mmse,,181757,1047552,341,1.735064e-01
64,16,64qam,-8.000000e+00,cg1,1,286974,1047552,341,2.739473e-01
64,16,64qam,-8.000000e+00,cg2,2,204676,1047552,341,1.953851e-01
64,16,64qam,-8.000000e+00,cg3,3,185570,1047552,341,1.771463e-01
64,16,64qam,-8.000000e+00,cg4,4,182313,1047552,341,1.740372e-01
64,16,64qam,-8.000000e+00,cg16,16,181757,1047552,341,1.735064e-01
64,16,64qam,-7.000000e+00,zf,,163209,1047552,341,1.558004e-01
64,16,64qam,-7.000000e+00,mmse,,160652,1047552,341,1.533595e-01
64,16,64qam,-7.000000e+00,cg1,1,283406,1047552,341,2.705412e-01
64,16,64qam,-7.000000e+00,cg2,2,189861,1047552,341,1.812426e-01
64,16,64qam,-7.000000e+00,cg3,3,166450,1047552,341,1.588943e-01
64,16,64qam,-7.000000e+00,cg4,4,161551,1047552,341,1.542176e-01
64,16,64qam,-7.000000e+00,cg16,16,160652,1047552,341,1.533595e-01
64,16,64qam,-6.000000e+00,zf,,142140,1047552,341,1.356878e-01
64,16,64qam,-6.000000e+00,mmse,,140249,1047552,341,1.338826e-01
64,16,64qam,-6.000000e+00,cg1,1,280366,1047552,341,2.676392e-01
64,16,64qam,-6.000000e+00,cg2,2,176503,1047552,341,1.684909e-01
64,16,64qam,-6.000000e+00,cg3,3,147504,1047552,341,1.408083e-01
64,16,64qam,-6.000000e+00,cg4,4,141669,1047552,341,1.352382e-01
64,16,64qam,-6.000000e+00,cg16,16,140249,1047552,341,1.338826e-01
64,16,64qam,-5.000000e+00,zf,,122829,1047552,341,1.172534e-01
64,16,64qam,-5.000000e+00,mmse,,121200,1047552,341,1.156983e-01
64,16,64qam,-5.000000e+00,cg1,1,278069,1047552,341,2.654465e-01
64,16,64qam,-5.000000e+00,cg2,2,165295,1047552,341,1.577917e-01
64,16,64qam,-5.000000e+00,cg3,3,130361,1047552,341,1.244435e-01
64,16,64qam,-5.000000e+00,cg4,4,122958,1047552,341,1.173765e-01
64,16,64qam,-5.000000e+00,cg16,16,121200,1047552,341,1.156983e-01
64,16,64qam,-4.000000e+00,zf,,103916,1047552,341,9.919889e-02
64,16,64qam,-4.000000e+00,mmse,,102747,1047552,341,9.808296e-02
64,16,64qam,-4.000000e+00,cg1,1,276006,1047552,341,2.634771e-01
64,16,64qam,-4.000000e+00,cg2,2,155325,1047552,341,1.482743e-01
64,16,64qam,-4.000000e+00,cg3,3,114671,1047552,341,1.094657e-01
64,16,64qam,-4.000000e+00,cg4,4,105327,1047552,341,1.005458e-01
64,16,64qam,-4.000000e+00,cg16,16,102747,1047552,341,9.808296e-02
64,16,64qam,-3.000000e+00,zf,,86552,1047552,341,8.262311e-02
64,16,64qam,-3.000000e+00,mmse,,85492,1047552,341,8.161122e-02
64,16,64qam,-3.000000e+00,cg1,1,274380,1047552,341,2.619249e-01
64,16,64qam,-3.000000e+00,cg2,2,146100,1047552,341,1.394680e-01
64,16,64qam,-3.000000e+00,cg3,3,99803,1047552,341,9.527260e-02
64,16,64qam,-3.000000e+00,cg4,4,88418,1047552,341,8.440440e-02
64,16,64qam,-3.000000e+00,cg16,16,85492,1047552,341,8.161122e-02
64,16,64qam,-2.000000e+00,zf,,69957,1047552,341,6.678141e-02
64,16,64qam,-2.000000e+00,mmse,,69230,1047552,341,6.608741e-02
64,16,64qam,-2.000000e+00,cg1,1,273528,1047552,341,2.611116e-01
64,16,64qam,-2.000000e+00,cg2,2,139139,1047552,341,1.328230e-01
64,16,64qam,-2.000000e+00,cg3,3,87231,1047552,341,8.327128e-02
64,16,64qam,-2.000000e+00,cg4,4,72828,1047552,341,6.952209e-02
64,16,64qam,-2.000000e+00,cg16,16,69230,1047552,341,6.608741e-02
64,16,64qam,-1.000000e+00,zf,,54163,1047552,341,5.170435e-02
64,16,64qam,-1.000000e+00,mmse,,53646,1047552,341,5.121082e-02
64,16,64qam,-1.000000e+00,cg1,1,273576,1047552,341,2.611574e-01
64,16,64qam,-1.000000e+00,cg2,2,133921,1047552,341,1.278419e-01
64,16,64qam,-1.000000e+00,cg3,3,75107,1047552,341,7.169763e-02
64,16,64qam,-1.000000e+00,cg4,4,58095,1047552,341,5.545787e-02
64,16,64qam,-1.000000e+00,cg16,16,53646,1047552,341,5.121082e-02
64,16,64qam,0.000000e+00,zf,,39747,1047552,341,3.794275e-02
64,16,64qam,0.000000e+00,mmse,,39337,1047552,341,3.755136e-02
64,16,64qam,0.000000e+00,cg1,1,272506,1047552,341,2.601360e-01
64,16,64qam,0.000000e+00,cg2,2,127631,1047552,341,1.218374e-01
64,16,64qam,0.000000e+00,cg3,3,63816,1047552,341,6.091917e-02
64,16,64qam,0.000000e+00,cg4,4,44346,1047552,341,4.233298e-02
64,16,64qam,0.000000e+00,cg16,16,39337,1047552,341,3.755136e-02
64,16,64qam,1.000000e+00,zf,,27279,1047552,341,2.604071e-02
64,16,64qam,1.000000e+00,mmse,,27009,1047552,341,2.578297e-02
64,16,64qam,1.000000e+00,cg1,1,271779,1047552,341,2.594420e-01
64,16,64qam,1.000000e+00,cg2,2,123677,1047552,341,1.180629e-01
64,16,64qam,1.000000e+00,cg3,3,54118,1047552,341,5.166140e-02
64,16,64qam,1.000000e+00,cg4,4,32816,1047552,341,3.132637e-02
64,16,64qam,1.000000e+00,cg16,16,27009,1047552,341,2.578297e-02
64,16,64qam,2.000000e+00,zf,,17605,1047552,341,1.680585e-02
64,16,64qam,2.000000e+00,mmse,,17424,1047552,341,1.663306e-02
64,16,64qam,2.000000e+00,cg1,1,271492,1047552,341,2.591680e-01
64,16,64qam,2.000000e+00,cg2,2,119890,1047552,341,1.144478e-01
64,16,64qam,2.000000e+00,cg3,3,45339,1047552,341,4.328091e-02
64,16,64qam,2.000000e+00,cg4,4,23019,1047552,341,2.197409e-02
64,16,64qam,2.000000e+00,cg16,16,17424,1047552,341,1.663306e-02
64,16,64qam,3.000000e+00,zf,,10086,1047552,341,9.628162e-03
64,16,64qam,3.000000e+00,mmse,,9983,1047552,341,9.529837e-03
64,16,64qam,3.000000e+00,cg1,1,270679,1047552,341,2.583919e-01
64,16,64qam,3.000000e+00,cg2,2,116697,1047552,341,1.113997e-01
64,16,64qam,3.000000e+00,cg3,3,38939,1047552,341,3.717142e-02
64,16,64qam,3.000000e+00,cg4,4,15457,1047552,341,1.475535e-02
64,16,64qam,3.000000e+00,cg16,16,9983,1047552,341,9.529837e-03
64,16,64qam,4.000000e+00,zf,,5347,1047552,341,5.104281e-03
64,16,64qam,4.000000e+00,mmse,,5289,1047552,341,5.048914e-03
64,16,64qam,4.000000e+00,cg1,1,271238,1047552,341,2.589256e-01
64,16,64qam,4.000000e+00,cg2,2,115295,1047552,341,1.100614e-01
64,16,64qam,4.000000e+00,cg3,3,33824,1047552,341,3.228861e-02
64,16,64qam,4.000000e+00,cg4,4,10327,1047552,341,9.858222e-03
64,16,64qam,4.000000e+00,cg16,16,5289,1047552,341,5.048914e-03
64,16,64qam,5.000000e+00,zf,,2385,1047552,341,2.276737e-03
64,16,64qam,5.000000e+00,mmse,,2372,1047552,341,2.264327e-03
64,16,64qam,5.000000e+00,cg1,1,271810,1047552,341,2.594716e-01
64,16,64qam,5.000000e+00,cg2,2,114385,1047552,341,1.091927e-01
64,16,64qam,5.000000e+00,cg3,3,29873,1047552,341,2.851696e-02
64,16,64qam,5.000000e+00,cg4,4,6535,1047552,341,6.238354e-03
64,16,64qam,5.000000e+00,cg16,16,2372,1047552,341,2.264327e-03
64,16,64qam,6.000000e+00,zf,,892,1047552,341,8.515090e-04
64,16,64qam,6.000000e+00,mmse,,882,1047552,341,8.419630e-04
64,16,64qam,6.000000e+00,cg1,1,272008,1047552,341,2.596606e-01
64,16,64qam,6.000000e+00,cg2,2,112318,1047552,341,1.072195e-01
64,16,64qam,6.000000e+00,cg3,3,26541,1047552,341,2.533621e-02
64,16,64qam,6.000000e+00,cg4,4,4061,1047552,341,3.876657e-03
64,16,64qam,6.000000e+00,cg16,16,882,1047552,341,8.419630e-04
64,16,64qam,7.000000e+00,zf,,293,1047552,341,2.796997e-04
64,16,64qam,7.000000e+00,mmse,,293,1047552,341,2.796997e-04
64,16,64qam,7.000000e+00,cg1,1,270770,1047552,341,2.584788e-01
64,16,64qam,7.000000e+00,cg2,2,110947,1047552,341,1.059107e-01
64,16,64qam,7.000000e+00,cg3,3,23404,1047552,341,2.234161e-02
64,16,64qam,7.000000e+00,cg4,4,2522,1047552,341,2.407518e-03
64,16,64qam,7.000000e+00,cg16,16,293,1047552,341,2.796997e-04
64,16,64qam,8.000000e+00,zf,,129,2095104,682,6.157212e-05
64,16,64qam,8.000000e+00,mmse,,128,2095104,682,6.109482e-05
64,16,64qam,8.000000e+00,cg1,1,542065,2095104,682,2.587294e-01
64,16,64qam,8.000000e+00,cg2,2,220901,2095104,682,1.054368e-01
64,16,64qam,8.000000e+00,cg3,3,43544,2095104,682,2.078369e-02
64,16,64qam,8.000000e+00,cg4,4,3217,2095104,682,1.535485e-03
64,16,64qam,8.000000e+00,cg16,16,128,2095104,682,6.109482e-05
64,16,64qam,9.000000e+00,zf,,110,9427968,3069,1.166741e-05
64,16,64qam,9.000000e+00,mmse,,109,9427968,3069,1.156135e-05
64,16,64qam,9.000000e+00,cg1,1,2433269,9427968,3069,2.580905e-01
64,16,64qam,9.000000e+00,cg2,2,976511,9427968,3069,1.035760e-01
64,16,64qam,9.000000e+00,cg3,3,174327,9427968,3069,1.849041e-02
64,16,64qam,9.000000e+00,cg4,4,9173,9427968,3069,9.729562e-04
64,16,64qam,9.000000e+00,cg16,16,109,9427968,3069,1.156135e-05
64,16,64qam,1.000000e+01,zf,,11,10475520,3410,1.050067e-06
64,16,64qam,1.000000e+01,mmse,,11,10475520,3410,1.050067e-06
64,16,64qam,1.000000e+01,cg1,1,2705356,10475520,3410,2.582551e-01
64,16,64qam,1.000000e+01,cg2,2,1080512,10475520,3410,1.031464e-01
64,16,64qam,1.000000e+01,cg3,3,180890,10475520,3410,1.726788e-02
64,16,64qam,1.000000e+01,cg4,4,7031,10475520,3410,6.711839e-04
64,16,64qam,1.000000e+01,cg16,16,11,10475520,3410,1.050067e-06
64,16,64qam,1.100000e+01,zf,,4,10475520,3410,3.818426e-07
64,16,64qam,1.100000e+01,mmse,,3,10475520,3410,2.863820e-07
64,16,64qam,1.100000e+01,cg1,1,2706895,10475520,3410,2.584020e-01
64,16,64qam,1.100000e+01,cg2,2,1077140,10475520,3410,1.028245e-01
64,16,64qam,1.100000e+01,cg3,3,171688,10475520,3410,1.638945e-02
64,16,64qam,1.100000e+01,cg4,4,4984,10475520,3410,4.757759e-04
64,16,64qam,1.100000e+01,cg16,16,3,10475520,3410,2.863820e-07
64,16,64qam,1.200000e+01,zf,,0,10475520,3410,0.000000e+00
64,16,64qam,1.200000e+01,mmse,,0,10475520,3410,0.000000e+00
64,16,64qam,1.200000e+01,cg1,1,2702337,10475520,3410,2.579669e-01
64,16,64qam,1.200000e+01,cg2,2,1066208,10475520,3410,1.017809e-01
64,16,64qam,1.200000e+01,cg3,3,161821,10475520,3410,1.544754e-02
64,16,64qam,1.200000e+01,cg4,4,3812,10475520,3410,3.638960e-04
64,16,64qam,1.200000e+01,cg16,16,0,10475520,3410,0.000000e+00
64,16,64qam,1.300000e+01,zf,,0,10475520,3410,0.000000e+00
64,16,64qam,1.300000e+01,mmse,,0,10475520,3410,0.000000e+00
64,16,64qam,1.300000e+01,cg1,1,2700283,10475520,3410,2.577708e-01
64,16,64qam,1.300000e+01,cg2,2,1063767,10475520,3410,1.015479e-01
64,16,64qam,1.300000e+01,cg3,3,155926,10475520,3410,1.488480e-02
64,16,64qam,1.300000e+01,cg4,4,3117,10475520,3410,2.975509e-04
64,16,64qam,1.300000e+01,cg16,16,0,10475520,3410,0.000000e+00
64,16,64qam,1.400000e+01,zf,,0,10475520,3410,0.000000e+00
64,16,64qam,1.400000e+01,mmse,,0,10475520,3410,0.000000e+00
64,16,64qam,1.400000e+01,cg1,1,2705174,10475520,3410,2.582377e-01
64,16,64qam,1.400000e+01,cg2,2,1070609,10475520,3410,1.022010e-01
64,16,64qam,1.400000e+01,cg3,3,154900,10475520,3410,1.478686e-02
64,16,64qam,1.400000e+01,cg4,4,2854,10475520,3410,2.724447e-04
64,16,64qam,1.400000e+01,cg16,16,0,10475520,3410,0.000000e+00
64,16,64qam,1.500000e+01,zf,,0,10475520,3410,0.000000e+00
64,16,64qam,1.500000e+01,mmse,,0,10475520,3410,0.000000e+00
64,16,64qam,1.500000e+01,cg1,1,2702806,10475520,3410,2.580116e-01
64,16,64qam,1.500000e+01,cg2,2,1064972,10475520,3410,1.016629e-01
64,16,64qam,1.500000e+01,cg3,3,150154,10475520,3410,1.433380e-02
64,16,64qam,1.500000e+01,cg4,4,2329,10475520,3410,2.223279e-04
64,16,64qam,1.500000e+01,cg16,16,0,10475520,3410,0.000000e+00
64,16,64qam,1.600000e+01,zf,,0,10475520,3410,0.000000e+00
64,16,64qam,1.600000e+01,mmse,,0,10475520,3410,0.000000e+00
64,16,64qam,1.600000e+01,cg1,1,2703143,10475520,3410,2.580438e-01
64,16,64qam,1.600000e+01,cg2,2,1058483,10475520,3410,1.010435e-01
64,16,64qam,1.600000e+01,cg3,3,143932,10475520,3410,1.373984e-02
64,16,64qam,1.600000e+01,cg4,4,1809,10475520,3410,1.726883e-04
64,16,64qam,1.600000e+01,cg16,16,0,10475520,3410,0.000000e+00
64,16,64qam,1.700000e+01,zf,,0,10475520,3410,0.000000e+00
64,16,64qam,1.700000e+01,mmse,,0,10475520,3410,0.000000e+00
64,16,64qam,1.700000e+01,cg1,1,2702896,10475520,3410,2.580202e-01
64,16,64qam,1.700000e+01,cg2,2,1054555,10475520,3410,1.006685e-01
64,16,64qam,1.700000e+01,cg3,3,139609,10475520,3410,1.332717e-02
64,16,64qam,1.700000e+01,cg4,4,1751,10475520,3410,1.671516e-04
64,16,64qam,1.700000e+01,cg16,16,0,10475520,3410,0.000000e+00
64,16,64qam,1.800000e+01,zf,,0,10475520,3410,0.000000e+00
64,16,64qam,1.800000e+01,mmse,,0,10475520,3410,0.000000e+00
64,16,64qam,1.800000e+01,cg1,1,2702246,10475520,3410,2.579582e-01
64,16,64qam,1.800000e+01,cg2,2,1057680,10475520,3410,1.009668e-01
64,16,64qam,1.800000e+01,cg3,3,140174,10475520,3410,1.338110e-02
64,16,64qam,1.800000e+01,cg4,4,1470,10475520,3410,1.403272e-04
64,16,64qam,1.800000e+01,cg16,16,0,10475520,3410,0.000000e+00
64,16,64qam,1.900000e+01,zf,,0,10475520,3410,0.000000e+00
64,16,64qam,1.900000e+01,mmse,,0,10475520,3410,0.000000e+00
64,16,64qam,1.900000e+01,cg1,1,2704657,10475520,3410,2.581883e-01
64,16,64qam,1.900000e+01,cg2,2,1062413,10475520,3410,1.014186e-01
64,16,64qam,1.900000e+01,cg3,3,141268,10475520,3410,1.348554e-02
64,16,64qam,1.900000e+01,cg4,4,1515,10475520,3410,1.446229e-04
64,16,64qam,1.900000e+01,cg16,16,0,10475520,3410,0.000000e+00
64,16,64qam,2.000000e+01,zf,,0,10475520,3410,0.000000e+00
64,16,64qam,2.000000e+01,mmse,,0,10475520,3410,0.000000e+00
64,16,64qam,2.000000e+01,cg1,1,2706714,10475520,3410,2.583847e-01
64,16,64qam,2.000000e+01,cg2,2,1060681,10475520,3410,1.012533e-01
64,16,64qam,2.000000e+01,cg3,3,141610,10475520,3410,1.351818e-02
64,16,64qam,2.000000e+01,cg4,4,1571,10475520,3410,1.499687e-04
64,16,64qam,2.000000e+01,cg16,16,0,10475520,3410,0.000000e+00
128,4,64qam,-2.000000e+01,zf,,360570,1048320,1365,3.439503e-01
128,4,64qam,-2.000000e+01,mmse,,359887,1048320,1365,3.432988e-01
128,4,64qam,-2.000000e+01,cg1,1,361003,1048320,1365,3.443634e-01
128,4,64qam,-2.000000e+01,cg2,2,359738,1048320,1365,3.431567e-01
128,4,64qam,-2.000000e+01,cg3,3,359881,1048320,1365,3.432931e-01
128,4,64qam,-2.000000e+01,cg4,4,359887,1048320,1365,3.432988e-01
128,4,64qam,-1.900000e+01,zf,,340686,1048320,1365,3.249828e-01
128,4,64qam,-1.900000e+01,mmse,,339942,1048320,1365,3.242731e-01
128,4,64qam,-1.900000e+01,cg1,1,341457,1048320,1365,3.257183e-01
128,4,64qam,-1.900000e+01,cg2,2,339920,1048320,1365,3.242521e-01
128,4,64qam,-1.900000e+01,cg3,3,339952,1048320,1365,3.242827e-01
128,4,64qam,-1.900000e+01,cg4,4,339942,1048320,1365,3.242731e-01
128,4,64qam,-1.800000e+01,zf,,320696,1048320,1365,3.059142e-01
128,4,64qam,-1.800000e+01,mmse,,319993,1048320,1365,3.052436e-01
128,4,64qam,-1.800000e+01,cg1,1,322580,1048320,1365,3.077114e-01
128,4,64qam,-1.800000e+01,cg2,2,320009,1048320,1365,3.052589e-01
128,4,64qam,-1.800000e+01,cg3,3,320014,1048320,1365,3.052637e-01
128,4,64qam,-1.800000e+01,cg4,4,319993,1048320,1365,3.052436e-01
128,4,64qam,-1.700000e+01,zf,,298181,1048320,1365,2.844370e-01
128,4,64qam,-1.700000e+01,mmse,,297598,1048320,1365,2.838809e-01
128,4,64qam,-1.700000e+01,cg1,1,301014,1048320,1365,2.871394e-01
128,4,64qam,-1.700000e+01,cg2,2,297628,1048320,1365,2.839095e-01
128,4,64qam,-1.700000e+01,cg3,3,297594,1048320,1365,2.838771e-01
128,4,64qam,-1.700000e+01,cg4,4,297598,1048320,1365,2.838809e-01
128,4,64qam,-1.600000e+01,zf,,276320,1048320,1365,2.635836e-01
128,4,64qam,-1.600000e+01,mmse,,275489,1048320,1365,2.627909e-01
128,4,64qam,-1.600000e+01,cg1,1,279946,1048320,1365,2.670425e-01
128,4,64qam,-1.600000e+01,cg2,2,275567,1048320,1365,2.628653e-01
128,4,64qam,-1.600000e+01,cg3,3,275485,1048320,1365,2.627871e-01
128,4,64qam,-1.600000e+01,cg4,4,275489,1048320,1365,2.627909e-01
128,4,64qam,-1.500000e+01,zf,,252318,1048320,1365,2.406880e-01
128,4,64qam,-1.500000e+01,mmse,,251890,1048320,1365,2.402797e-01
128,4,64qam,-1.500000e+01,cg1,1,258402,1048320,1365,2.464915e-01
128,4,64qam,-1.500000e+01,cg2,2,251962,1048320,1365,2.403484e-01
128,4,64qam,-1.500000e+01,cg3,3,251891,1048320,1365,2.402806e-01
128,4,64qam,-1.500000e+01,cg4,4,251890,1048320,1365,2.402797e-01
128,4,64qam,-1.400000e+01,zf,,229670,1048320,1365,2.190839e-01
128,4,64qam,-1.400000e+01,mmse,,229310,1048320,1365,2.187405e-01
128,4,64qam,-1.400000e+01,cg1,1,238146,1048320,1365,2.271692e-01
128,4,64qam,-1.400000e+01,cg2,2,229389,1048320,1365,2.188158e-01
128,4,64qam,-1.400000e+01,cg3,3,229320,1048320,1365,2.187500e-01
128,4,64qam,-1.400000e+01,cg4,4,229310,1048320,1365,2.187405e-01
128,4,64qam,-1.300000e+01,zf,,205106,1048320,1365,1.956521e-01
128,4,64qam,-1.300000e+01,mmse,,204744,1048320,1365,1.953068e-01
128,4,64qam,-1.300000e+01,cg1,1,215764,1048320,1365,2.058188e-01
128,4,64qam,-1.300000e+01,cg2,2,204873,1048320,1365,1.954298e-01
128,4,64qam,-1.300000e+01,cg3,3,204770,1048320,1365,1.953316e-01
128,4,64qam,-1.300000e+01,cg4,4,204744,1048320,1365,1.953068e-01
128,4,64qam,-1.200000e+01,zf,,182479,1048320,1365,1.740680e-01
128,4,64qam,-1.200000e+01,mmse,,182317,1048320,1365,1.739135e-01
128,4,64qam,-1.200000e+01,cg1,1,196535,1048320,1365,1.874762e-01
128,4,64qam,-1.200000e+01,cg2,2,182477,1048320,1365,1.740661e-01
128,4,64qam,-1.200000e+01,cg3,3,182304,1048320,1365,1.739011e-01
128,4,64qam,-1.200000e+01,cg4,4,182317,1048320,1365,1.739135e-01
128,4,64qam,-1.100000e+01,zf,,161036,1048320,1365,1.536134e-01
128,4,64qam,-1.100000e+01,mmse,,160973,1048320,1365,1.535533e-01
128,4,64qam,-1.100000e+01,cg1,1,178331,1048320,1365,1.701112e-01
128,4,64qam,-1.100000e+01,cg2,2,161156,1048320,1365,1.537279e-01
128,4,64qam,-1.100000e+01,cg3,3,160960,1048320,1365,1.535409e-01
128,4,64qam,-1.100000e+01,cg4,4,160973,1048320,1365,1.535533e-01
128,4,64qam,-1.000000e+01,zf,,140040,1048320,1365,1.335852e-01
128,4,64qam,-1.000000e+01,mmse,,139875,1048320,1365,1.334278e-01
128,4,64qam,-1.000000e+01,cg1,1,160924,1048320,1365,1.535066e-01
128,4,64qam,-1.000000e+01,cg2,2,140260,1048320,1365,1.337950e-01
128,4,64qam,-1.000000e+01,cg3,3,139879,1048320,1365,1.334316e-01
128,4,64qam,-1.000000e+01,cg4,4,139875,1048320,1365,1.334278e-01
128,4,64qam,-9.000000e+00,zf,,120884,1048320,1365,1.153121e-01
128,4,64qam,-9.000000e+00,mmse,,120774,1048320,1365,1.152072e-01
128,4,64qam,-9.000000e+00,cg1,1,146583,1048320,1365,1.398266e-01
128,4,64qam,-9.000000e+00,cg2,2,121072,1048320,1365,1.154915e-01
128,4,64qam,-9.000000e+00,cg3,3,120778,1048320,1365,1.152110e-01
128,4,64qam,-9.000000e+00,cg4,4,120774,1048320,1365,1.152072e-01
128,4,64qam,-8.000000e+00,zf,,102616,1048320,1365,9.788614e-02
128,4,64qam,-8.000000e+00,mmse,,102382,1048320,1365,9.766293e-02
128,4,64qam,-8.000000e+00,cg1,1,132985,1048320,1365,1.268553e-01
128,4,64qam,-8.000000e+00,cg2,2,102890,1048320,1365,9.814751e-02
128,4,64qam,-8.000000e+00,cg3,3,102396,1048320,1365,9.767628e-02
128,4,64qam,-8.000000e+00,cg4,4,102382,1048320,1365,9.766293e-02
128,4,64qam,-7.000000e+00,zf,,84823,1048320,1365,8.091327e-02
128,4,64qam,-7.000000e+00,mmse,,84829,1048320,1365,8.091899e-02
128,4,64qam,-7.000000e+00,cg1,1,119744,1048320,1365,1.142247e-01
128,4,64qam,-7.000000e+00,cg2,2,85453,1048320,1365,8.151423e-02
128,4,64qam,-7.000000e+00,cg3,3,84824,1048320,1365,8.091422e-02
128,4,64qam,-7.000000e+00,cg4,4,84829,1048320,1365,8.091899e-02
128,4,64qam,-6.000000e+00,zf,,68733,1048320,1365,6.556490e-02
128,4,64qam,-6.000000e+00,mmse,,68636,1048320,1365,6.547237e-02
128,4,64qam,-6.000000e+00,cg1,1,109910,1048320,1365,1.048439e-01
128,4,64qam,-6.000000e+00,cg2,2,69493,1048320,1365,6.628987e-02
128,4,64qam,-6.000000e+00,cg3,3,68665,1048320,1365,6.550004e-02
128,4,64qam,-6.000000e+00,cg4,4,68636,1048320,1365,6.547237e-02
128,4,64qam,-5.000000e+00,zf,,52312,1048320,1365,4.990079e-02
128,4,64qam,-5.000000e+00,mmse,,52229,1048320,1365,4.982162e-02
128,4,64qam,-5.000000e+00,cg1,1,99614,1048320,1365,9.502251e-02
128,4,64qam,-5.000000e+00,cg2,2,53204,1048320,1365,5.075168e-02
128,4,64qam,-5.000000e+00,cg3,3,52284,1048320,1365,4.987408e-02
128,4,64qam,-5.000000e+00,cg4,4,52229,1048320,1365,4.982162e-02
128,4,64qam,-4.000000e+00,zf,,38530,1048320,1365,3.675404e-02
128,4,64qam,-4.000000e+00,mmse,,38532,1048320,1365,3.675595e-02
128,4,64qam,-4.000000e+00,cg1,1,91633,1048320,1365,8.740938e-02
128,4,64qam,-4.000000e+00,cg2,2,39500,1048320,1365,3.767933e-02
128,4,64qam,-4.000000e+00,cg3,3,38563,1048320,1365,3.678552e-02
128,4,64qam,-4.000000e+00,cg4,4,38532,1048320,1365,3.675595e-02
128,4,64qam,-3.000000e+00,zf,,25897,1048320,1365,2.470333e-02
128,4,64qam,-3.000000e+00,mmse,,25872,1048320,1365,2.467949e-02
128,4,64qam,-3.000000e+00,cg1,1,84287,1048320,1365,8.040198e-02
128,4,64qam,-3.000000e+00,cg2,2,26925,1048320,1365,2.568395e-02
128,4,64qam,-3.000000e+00,cg3,3,25900,1048320,1365,2.470620e-02
128,4,64qam,-3.000000e+00,cg4,4,25872,1048320,1365,2.467949e-02
128,4,64qam,-2.000000e+00,zf,,16309,1048320,1365,1.555727e-02
128,4,64qam,-2.000000e+00,mmse,,16305,1048320,1365,1.555346e-02
128,4,64qam,-2.000000e+00,cg1,1,77810,1048320,1365,7.422352e-02
128,4,64qam,-2.000000e+00,cg2,2,17320,1048320,1365,1.652167e-02
128,4,64qam,-2.000000e+00,cg3,3,16314,1048320,1365,1.556204e-02
128,4,64qam,-2.000000e+00,cg4,4,16305,1048320,1365,1.555346e-02
128,4,64qam,-1.000000e+00,zf,,9364,1048320,1365,8.932387e-03
128,4,64qam,-1.000000e+00,mmse,,9350,1048320,1365,8.919032e-03
128,4,64qam,-1.000000e+00,cg1,1,72313,1048320,1365,6.897989e-02
128,4,64qam,-1.000000e+00,cg2,2,10159,1048320,1365,9.690743e-03
128,4,64qam,-1.000000e+00,cg3,3,9359,1048320,1365,8.927618e-03
128,4,64qam,-1.000000e+00,cg4,4,9350,1048320,1365,8.919032e-03
128,4,64qam,0.000000e+00,zf,,4653,1048320,1365,4.438530e-03
128,4,64qam,0.000000e+00,mmse,,4651,1048320,1365,4.436622e-03
128,4,64qam,0.000000e+00,cg1,1,67993,1048320,1365,6.485901e-02
128,4,64qam,0.000000e+00,cg2,2,5308,1048320,1365,5.063339e-03
128,4,64qam,0.000000e+00,cg3,3,4637,1048320,1365,4.423268e-03
128,4,64qam,0.000000e+00,cg4,4,4651,1048320,1365,4.436622e-03
128,4,64qam,1.000000e+00,zf,,2035,1048320,1365,1.941201e-03
128,4,64qam,1.000000e+00,mmse,,2034,1048320,1365,1.940247e-03
128,4,64qam,1.000000e+00,cg1,1,64579,1048320,1365,6.160237e-02
128,4,64qam,1.000000e+00,cg2,2,2574,1048320,1365,2.455357e-03
128,4,64qam,1.000000e+00,cg3,3,2029,1048320,1365,1.935478e-03
128,4,64qam,1.000000e+00,cg4,4,2034,1048320,1365,1.940247e-03
128,4,64qam,2.000000e+00,zf,,707,1048320,1365,6.744124e-04
128,4,64qam,2.000000e+00,mmse,,705,1048320,1365,6.725046e-04
128,4,64qam,2.000000e+00,cg1,1,62994,1048320,1365,6.009043e-02
128,4,64qam,2.000000e+00,cg2,2,1030,1048320,1365,9.825244e-04
128,4,64qam,2.000000e+00,cg3,3,712,1048320,1365,6.791819e-04
128,4,64qam,2.000000e+00,cg4,4,705,1048320,1365,6.725046e-04
128,4,64qam,3.000000e+00,zf,,201,1048320,1365,1.917353e-04
128,4,64qam,3.000000e+00,mmse,,202,1048320,1365,1.926893e-04
128,4,64qam,3.000000e+00,cg1,1,59624,1048320,1365,5.687576e-02
128,4,64qam,3.000000e+00,cg2,2,379,1048320,1365,3.615308e-04
128,4,64qam,3.000000e+00,cg3,3,204,1048320,1365,1.945971e-04
128,4,64qam,3.000000e+00,cg4,4,202,1048320,1365,1.926893e-04
128,4,64qam,4.000000e+00,zf,,132,3144960,4095,4.197192e-05
128,4,64qam,4.000000e+00,mmse,,134,3144960,4095,4.260786e-05
128,4,64qam,4.000000e+00,cg1,1,173412,3144960,4095,5.513965e-02
128,4,64qam,4.000000e+00,cg2,2,392,3144960,4095,1.246439e-04
128,4,64qam,4.000000e+00,cg3,3,132,3144960,4095,4.197192e-05
128,4,64qam,4.000000e+00,cg4,4,134,3144960,4095,4.260786e-05
128,4,64qam,5.000000e+00,zf,,54,10483200,13650,5.151099e-06
128,4,64qam,5.000000e+00,mmse,,56,10483200,13650,5.341880e-06
128,4,64qam,5.000000e+00,cg1,1,562029,10483200,13650,5.361235e-02
128,4,64qam,5.000000e+00,cg2,2,315,10483200,13650,3.004808e-05
128,4,64qam,5.000000e+00,cg3,3,55,10483200,13650,5.246490e-06
128,4,64qam,5.000000e+00,cg4,4,56,10483200,13650,5.341880e-06
128,4,64qam,6.000000e+00,zf,,8,10483200,13650,7.631258e-07
128,4,64qam,6.000000e+00,mmse,,8,10483200,13650,7.631258e-07
128,4,64qam,6.000000e+00,cg1,1,550001,10483200,13650,5.246499e-02
128,4,64qam,6.000000e+00,cg2,2,83,10483200,13650,7.917430e-06
128,4,64qam,6.000000e+00,cg3,3,8,10483200,13650,7.631258e-07
128,4,64qam,6.000000e+00,cg4,4,8,10483200,13650,7.631258e-07
128,4,64qam,7.000000e+00,zf,,0,10483200,13650,0.000000e+00
128,4,64qam,7.000000e+00,mmse,,0,10483200,13650,0.000000e+00
128,4,64qam,7.000000e+00,cg1,1,536696,10483200,13650,5.119582e-02
128,4,64qam,7.000000e+00,cg2,2,25,10483200,13650,2.384768e-06
128,4,64qam,7.000000e+00,cg3,3,0,10483200,13650,0.000000e+00
128,4,64qam,7.000000e+00,cg4,4,0,10483200,13650,0.000000e+00
128,4,64qam,8.000000e+00,zf,,0,10483200,13650,0.000000e+00
128,4,64qam,8.000000e+00,mmse,,0,10483200,13650,0.000000e+00
128,4,64qam,8.000000e+00,cg1,1,530105,10483200,13650,5.056710e-02
128,4,64qam,8.000000e+00,cg2,2,17,10483200,13650,1.621642e-06
128,4,64qam,8.000000e+00,cg3,3,0,10483200,13650,0.000000e+00
128,4,64qam,8.000000e+00,cg4,4,0,10483200,13650,0.000000e+00
128,4,64qam,9.000000e+00,zf,,0,10483200,13650,0.000000e+00
128,4,64qam,9.000000e+00,mmse,,0,10483200,13650,0.000000e+00
128,4,64qam,9.000000e+00,cg1,1,522715,10483200,13650,4.986216e-02
128,4,64qam,9.000000e+00,cg2,2,6,10483200,13650,5.723443e-07
128,4,64qam,9.000000e+00,cg3,3,0,10483200,13650,0.000000e+00
128,4,64qam,9.000000e+00,cg4,4,0,10483200,13650,0.000000e+00
128,4,64qam,1.000000e+01,zf,,0,10483200,13650,0.000000e+00
128,4,64qam,1.000000e+01,mmse,,0,10483200,13650,0.000000e+00
128,4,64qam,1.000000e+01,cg1,1,519221,10483200,13650,4.952887e-02
128,4,64qam,1.000000e+01,cg2,2,3,10483200,13650,2.861722e-07
128,4,64qam,1.000000e+01,cg3,3,0,10483200,13650,0.000000e+00
128,4,64qam,1.000000e+01,cg4,4,0,10483200,13650,0.000000e+00
128,4,64qam,1.100000e+01,zf,,0,10483200,13650,0.000000e+00
128,4,64qam,1.100000e+01,mmse,,0,10483200,13650,0.000000e+00
128,4,64qam,1.100000e+01,cg1,1,515298,10483200,13650,4.915465e-02
128,4,64qam,1.100000e+01,cg2,2,5,10483200,13650,4.769536e-07
128,4,64qam,1.100000e+01,cg3,3,0,10483200,13650,0.000000e+00
128,4,64qam,1.100000e+01,cg4,4,0,10483200,13650,0.000000e+00
128,4,64qam,1.200000e+01,zf,,0,10483200,13650,0.000000e+00
128,4,64qam,1.200000e+01,mmse,,0,10483200,13650,0.000000e+00
128,4,64qam,1.200000e+01,cg1,1,512349,10483200,13650,4.887334e-02
128,4,64qam,1.200000e+01,cg2,2,1,10483200,13650,9.539072e-08
128,4,64qam,1.200000e+01,cg3,3,0,10483200,13650,0.000000e+00
128,4,64qam,1.200000e+01,cg4,4,0,10483200,13650,0.000000e+00
128,4,64qam,1.300000e+01,zf,,0,10483200,13650,0.000000e+00
128,4,64qam,1.300000e+01,mmse,,0,10483200,13650,0.000000e+00
128,4,64qam,1.300000e+01,cg1,1,512282,10483200,13650,4.886695e-02
128,4,64qam,1.300000e+01,cg2,2,0,10483200,13650,0.000000e+00
128,4,64qam,1.300000e+01,cg3,3,0,10483200,13650,0.000000e+00
128,4,64qam,1.300000e+01,cg4,4,0,10483200,13650,0.000000e+00
128,4,64qam,1.400000e+01,zf,,0,10483200,13650,0.000000e+00
128,4,64qam,1.400000e+01,mmse,,0,10483200,13650,0.000000e+00
128,4,64qam,1.400000e+01,cg1,1,508274,10483200,13650,4.848462e-02
128,4,64qam,1.400000e+01,cg2,2,0,10483200,13650,0.000000e+00
128,4,64qam,1.400000e+01,cg3,3,0,10483200,13650,0.000000e+00
128,4,64qam,1.400000e+01,cg4,4,0,10483200,13650,0.000000e+00
128,4,64qam,1.500000e+01,zf,,0,10483200,13650,0.000000e+00
128,4,64qam,1.500000e+01,mmse,,0,10483200,13650,0.000000e+00
128,4,64qam,1.500000e+01,cg1,1,507934,10483200,13650,4.845219e-02
128,4,64qam,1.500000e+01,cg2,2,0,10483200,13650,0.000000e+00
128,4,64qam,1.500000e+01,cg3,3,0,10483200,13650,0.000000e+00
128,4,64qam,1.500000e+01,cg4,4,0,10483200,13650,0.000000e+00
128,4,64qam,1.600000e+01,zf,,0,10483200,13650,0.000000e+00
128,4,64qam,1.600000e+01,mmse,,0,10483200,13650,0.000000e+00
128,4,64qam,1.600000e+01,cg1,1,505316,10483200,13650,4.820246e-02
128,4,64qam,1.600000e+01,cg2,2,0,10483200,13650,0.000000e+00
128,4,64qam,1.600000e+01,cg3,3,0,10483200,13650,0.000000e+00
128,4,64qam,1.600000e+01,cg4,4,0,10483200,13650,0.000000e+00
128,4,64qam,1.700000e+01,zf,,0,10483200,13650,0.000000e+00
128,4,64qam,1.700000e+01,mmse,,0,10483200,13650,0.000000e+00
128,4,64qam,1.700000e+01,cg1,1,503282,10483200,13650,4.800843e-02
128,4,64qam,1.700000e+01,cg2,2,2,10483200,13650,1.907814e-07
128,4,64qam,1.700000e+01,cg3,3,0,10483200,13650,0.000000e+00
128,4,64qam,1.700000e+01,cg4,4,0,10483200,13650,0.000000e+00
128,4,64qam,1.800000e+01,zf,,0,10483200,13650,0.000000e+00
128,4,64qam,1.800000e+01,mmse,,0,10483200,13650,0.000000e+00
128,4,64qam,1.800000e+01,cg1,1,503101,10483200,13650,4.799117e-02
128,4,64qam,1.800000e+01,cg2,2,0,10483200,13650,0.000000e+00
128,4,64qam,1.800000e+01,cg3,3,0,10483200,13650,0.000000e+00
128,4,64qam,1.800000e+01,cg4,4,0,10483200,13650,0.000000e+00
128,4,64qam,1.900000e+01,zf,,0,10483200,13650,0.000000e+00
128,4,64qam,1.900000e+01,mmse,,0,10483200,13650,0.000000e+00
128,4,64qam,1.900000e+01,cg1,1,504410,10483200,13650,4.811603e-02
128,4,64qam,1.900000e+01,cg2,2,0,10483200,13650,0.000000e+00
128,4,64qam,1.900000e+01,cg3,3,0,10483200,13650,0.000000e+00
128,4,64qam,1.900000e+01,cg4,4,0,10483200,13650,0.000000e+00
128,4,64qam,2.000000e+01,zf,,0,10483200,13650,0.000000e+00
128,4,64qam,2.000000e+01,mmse,,0,10483200,13650,0.000000e+00
128,4,64qam,2.000000e+01,cg1,1,505837,10483200,13650,4.825216e-02
128,4,64qam,2.000000e+01,cg2,2,0,10483200,13650,0.000000e+00
128,4,64qam,2.000000e+01,cg3,3,0,10483200,13650,0.000000e+00
128,4,64qam,2.000000e+01,cg4,4,0,10483200,13650,0.000000e+00
128,8,64qam,-2.000000e+01,zf,,363570,1047552,682,3.470663e-01
128,8,64qam,-2.000000e+01,mmse,,361551,1047552,682,3.451390e-01
128,8,64qam,-2.000000e+01,cg1,1,363850,1047552,682,3.473336e-01
128,8,64qam,-2.000000e+01,cg2,2,361499,1047552,682,3.450893e-01
128,8,64qam,-2.000000e+01,cg3,3,361603,1047552,682,3.451886e-01
128,8,64qam,-2.000000e+01,cg4,4,361549,1047552,682,3.451370e-01
128,8,64qam,-2.000000e+01,cg8,8,361551,1047552,682,3.451390e-01
128,8,64qam,-1.900000e+01,zf,,343845,1047552,682,3.282367e-01
128,8,64qam,-1.900000e+01,mmse,,342053,1047552,682,3.265260e-01
128,8,64qam,-1.900000e+01,cg1,1,345487,1047552,682,3.298042e-01
128,8,64qam,-1.900000e+01,cg2,2,341961,1047552,682,3.264382e-01
128,8,64qam,-1.900000e+01,cg3,3,342056,1047552,682,3.265289e-01
128,8,64qam,-1.900000e+01,cg4,4,342025,1047552,682,3.264993e-01
128,8,64qam,-1.900000e+01,cg8,8,342053,1047552,682,3.265260e-01
128,8,64qam,-1.800000e+01,zf,,323866,1047552,682,3.091646e-01
128,8,64qam,-1.800000e+01,mmse,,321846,1047552,682,3.072363e-01
128,8,64qam,-1.800000e+01,cg1,1,326324,1047552,682,3.115110e-01
128,8,64qam,-1.800000e+01,cg2,2,321928,1047552,682,3.073146e-01
128,8,64qam,-1.800000e+01,cg3,3,321899,1047552,682,3.072869e-01
128,8,64qam,-1.800000e+01,cg4,4,321858,1047552,682,3.072478e-01
128,8,64qam,-1.800000e+01,cg8,8,321846,1047552,682,3.072363e-01
128,8,64qam,-1.700000e+01,zf,,301977,1047552,682,2.882692e-01
128,8,64qam,-1.700000e+01,mmse,,300226,1047552,682,2.865977e-01
128,8,64qam,-1.700000e+01,cg1,1,307721,1047552,682,2.937525e-01
128,8,64qam,-1.700000e+01,cg2,2,300423,1047552,682,2.867858e-01
128,8,64qam,-1.700000e+01,cg3,3,300157,1047552,682,2.865318e-01
128,8,64qam,-1.700000e+01,cg4,4,300227,1047552,682,2.865987e-01
128,8,64qam,-1.700000e+01,cg8,8,300226,1047552,682,2.865977e-01
128,8,64qam,-1.600000e+01,zf,,278996,1047552,682,2.663314e-01
128,8,64qam,-1.600000e+01,mmse,,277772,1047552,682,2.651630e-01
128,8,64qam,-1.600000e+01,cg1,1,287929,1047552,682,2.748589e-01
128,8,64qam,-1.600000e+01,cg2,2,278032,1047552,682,2.654112e-01
128,8,64qam,-1.600000e+01,cg3,3,277795,1047552,682,2.651849e-01
128,8,64qam,-1.600000e+01,cg4,4,277756,1047552,682,2.651477e-01
128,8,64qam,-1.600000e+01,cg8,8,277772,1047552,682,2.651630e-01
128,8,64qam,-1.500000e+01,zf,,255353,1047552,682,2.437616e-01
128,8,64qam,-1.500000e+01,mmse,,254323,1047552,682,2.427784e-01
128,8,64qam,-1.500000e+01,cg1,1,269269,1047552,682,2.570460e-01
128,8,64qam,-1.500000e+01,cg2,2,254924,1047552,682,2.433521e-01
128,8,64qam,-1.500000e+01,cg3,3,254372,1047552,682,2.428252e-01
128,8,64qam,-1.500000e+01,cg4,4,254334,1047552,682,2.427889e-01
128,8,64qam,-1.500000e+01,cg8,8,254323,1047552,682,2.427784e-01
128,8,64qam,-1.400000e+01,zf,,232880,1047552,682,2.223088e-01
128,8,64qam,-1.400000e+01,mmse,,231796,1047552,682,2.212740e-01
128,8,64qam,-1.400000e+01,cg1,1,250575,1047552,682,2.392005e-01
128,8,64qam,-1.400000e+01,cg2,2,232420,1047552,682,2.218697e-01
128,8,64qam,-1.400000e+01,cg3,3,231801,1047552,682,2.212788e-01
128,8,64qam,-1.400000e+01,cg4,4,231789,1047552,682,2.212673e-01
128,8,64qam,-1.400000e+01,cg8,8,231796,1047552,682,2.212740e-01
128,8,64qam,-1.300000e+01,zf,,208073,1047552,682,1.986278e-01
128,8,64qam,-1.300000e+01,mmse,,207304,1047552,682,1.978938e-01
128,8,64qam,-1.300000e+01,cg1,1,232308,1047552,682,2.217627e-01
128,8,64qam,-1.300000e+01,cg2,2,208085,1047552,682,1.986393e-01
128,8,64qam,-1.300000e+01,cg3,3,207351,1047552,682,1.979386e-01
128,8,64qam,-1.300000e+01,cg4,4,207280,1047552,682,1.978708e-01
128,8,64qam,-1.300000e+01,cg8,8,207304,1047552,682,1.978938e-01
128,8,64qam,-1.200000e+01,zf,,184788,1047552,682,1.763998e-01
128,8,64qam,-1.200000e+01,mmse,,184198,1047552,682,1.758366e-01
128,8,64qam,-1.200000e+01,cg1,1,215885,1047552,682,2.060852e-01
128,8,64qam,-1.200000e+01,cg2,2,185380,1047552,682,1.769650e-01
128,8,64qam,-1.200000e+01,cg3,3,184300,1047552,682,1.759340e-01
128,8,64qam,-1.200000e+01,cg4,4,184191,1047552,682,1.758299e-01
128,8,64qam,-1.200000e+01,cg8,8,184198,1047552,682,1.758366e-01
128,8,64qam,-1.100000e+01,zf,,164067,1047552,682,1.566194e-01
128,8,64qam,-1.100000e+01,mmse,,163655,1047552,682,1.562261e-01
128,8,64qam,-1.100000e+01,cg1,1,201360,1047552,682,1.922196e-01
128,8,64qam,-1.100000e+01,cg2,2,165216,1047552,682,1.577163e-01
128,8,64qam,-1.100000e+01,cg3,3,163816,1047552,682,1.563798e-01
128,8,64qam,-1.100000e+01,cg4,4,163671,1047552,682,1.562414e-01
128,8,64qam,-1.100000e+01,cg8,8,163655,1047552,682,1.562261e-01
128,8,64qam,-1.000000e+01,zf,,142998,1047552,682,1.365068e-01
128,8,64qam,-1.000000e+01,mmse,,142629,1047552,682,1.361546e-01
128,8,64qam,-1.000000e+01,cg1,1,187958,1047552,682,1.794259e-01
128,8,64qam,-1.000000e+01,cg2,2,144406,1047552,682,1.378509e-01
128,8,64qam,-1.000000e+01,cg3,3,142723,1047552,682,1.362443e-01
128,8,64qam,-1.000000e+01,cg4,4,142636,1047552,682,1.361613e-01
128,8,64qam,-1.000000e+01,cg8,8,142629,1047552,682,1.361546e-01
128,8,64qam,-9.000000e+00,zf,,123863,1047552,682,1.182404e-01
128,8,64qam,-9.000000e+00,mmse,,123482,1047552,682,1.178767e-01
128,8,64qam,-9.000000e+00,cg1,1,177057,1047552,682,1.690198e-01
128,8,64qam,-9.000000e+00,cg2,2,126249,1047552,682,1.205181e-01
128,8,64qam,-9.000000e+00,cg3,3,123548,1047552,682,1.179397e-01
128,8,64qam,-9.000000e+00,cg4,4,123475,1047552,682,1.178700e-01
128,8,64qam,-9.000000e+00,cg8,8,123482,1047552,682,1.178767e-01
128,8,64qam,-8.000000e+00,zf,,105036,1047552,682,1.002681e-01
128,8,64qam,-8.000000e+00,mmse,,104813,1047552,682,1.000552e-01
128,8,64qam,-8.000000e+00,cg1,1,167266,1047552,682,1.596732e-01
128,8,64qam,-8.000000e+00,cg2,2,108262,1047552,682,1.033476e-01
128,8,64qam,-8.000000e+00,cg3,3,104823,1047552,682,1.000647e-01
128,8,64qam,-8.000000e+00,cg4,4,104818,1047552,682,1.000599e-01
128,8,64qam,-8.000000e+00,cg8,8,104813,1047552,682,1.000552e-01
128,8,64qam,-7.000000e+00,zf,,87352,1047552,682,8.338679e-02
128,8,64qam,-7.000000e+00,mmse,,87184,1047552,682,8.322642e-02
128,8,64qam,-7.000000e+00,cg1,1,158226,1047552,682,1.510436e-01
128,8,64qam,-7.000000e+00,cg2,2,91015,1047552,682,8.688352e-02
128,8,64qam,-7.000000e+00,cg3,3,87373,1047552,682,8.340684e-02
128,8,64qam,-7.000000e+00,cg4,4,87209,1047552,682,8.325028e-02
128,8,64qam,-7.000000e+00,cg8,8,87184,1047552,682,8.322642e-02
128,8,64qam,-6.000000e+00,zf,,70247,1047552,682,6.705825e-02
128,8,64qam,-6.000000e+00,mmse,,70093,1047552,682,6.691124e-02
128,8,64qam,-6.000000e+00,cg1,1,151086,1047552,682,1.442277e-01
128,8,64qam,-6.000000e+00,cg2,2,75225,1047552,682,7.181028e-02
128,8,64qam,-6.000000e+00,cg3,3,70330,1047552,682,6.713748e-02
128,8,64qam,-6.000000e+00,cg4,4,70106,1047552,682,6.692365e-02
128,8,64qam,-6.000000e+00,cg8,8,70093,1047552,682,6.691124e-02
128,8,64qam,-5.000000e+00,zf,,54427,1047552,682,5.195637e-02
128,8,64qam,-5.000000e+00,mmse,,54319,1047552,682,5.185327e-02
128,8,64qam,-5.000000e+00,cg1,1,144836,1047552,682,1.382614e-01
128,8,64qam,-5.000000e+00,cg2,2,60316,1047552,682,5.757805e-02
128,8,64qam,-5.000000e+00,cg3,3,54620,1047552,682,5.214061e-02
128,8,64qam,-5.000000e+00,cg4,4,54334,1047552,682,5.186759e-02
128,8,64qam,-5.000000e+00,cg8,8,54319,1047552,682,5.185327e-02
128,8,64qam,-4.000000e+00,zf,,39963,1047552,682,3.814894e-02
128,8,64qam,-4.000000e+00,mmse,,39878,1047552,682,3.806780e-02
128,8,64qam,-4.000000e+00,cg1,1,138846,1047552,682,1.325433e-01
128,8,64qam,-4.000000e+00,cg2,2,46428,1047552,682,4.432047e-02
128,8,64qam,-4.000000e+00,cg3,3,40119,1047552,682,3.829786e-02
128,8,64qam,-4.000000e+00,cg4,4,39879,1047552,682,3.806875e-02
128,8,64qam,-4.000000e+00,cg8,8,39878,1047552,682,3.806780e-02
128,8,64qam,-3.000000e+00,zf,,27571,1047552,682,2.631946e-02
128,8,64qam,-3.000000e+00,mmse,,27484,1047552,682,2.623641e-02
128,8,64qam,-3.000000e+00,cg1,1,135920,1047552,682,1.297501e-01
128,8,64qam,-3.000000e+00,cg2,2,34678,1047552,682,3.310385e-02
128,8,64qam,-3.000000e+00,cg3,3,27817,1047552,682,2.655429e-02
128,8,64qam,-3.000000e+00,cg4,4,27514,1047552,682,2.626504e-02
128,8,64qam,-3.000000e+00,cg8,8,27484,1047552,682,2.623641e-02
128,8,64qam,-2.000000e+00,zf,,17785,1047552,682,1.697768e-02
128,8,64qam,-2.000000e+00,mmse,,17732,1047552,682,1.692708e-02
128,8,64qam,-2.000000e+00,cg1,1,131776,1047552,682,1.257942e-01
128,8,64qam,-2.000000e+00,cg2,2,25117,1047552,682,2.397685e-02
128,8,64qam,-2.000000e+00,cg3,3,18036,1047552,682,1.721728e-02
128,8,64qam,-2.000000e+00,cg4,4,17763,1047552,682,1.695668e-02
128,8,64qam,-2.000000e+00,cg8,8,17732,1047552,682,1.692708e-02
128,8,64qam,-1.000000e+00,zf,,10180,1047552,682,9.717895e-03
128,8,64qam,-1.000000e+00,mmse,,10164,1047552,682,9.702621e-03
128,8,64qam,-1.000000e+00,cg1,1,129565,1047552,682,1.236836e-01
128,8,64qam,-1.000000e+00,cg2,2,17521,1047552,682,1.672566e-02
128,8,64qam,-1.000000e+00,cg3,3,10403,1047552,682,9.930772e-03
128,8,64qam,-1.000000e+00,cg4,4,10178,1047552,682,9.715985e-03
128,8,64qam,-1.000000e+00,cg8,8,10164,1047552,682,9.702621e-03
128,8,64qam,0.000000e+00,zf,,5261,1047552,682,5.022185e-03
128,8,64qam,0.000000e+00,mmse,,5251,1047552,682,5.012639e-03
128,8,64qam,0.000000e+00,cg1,1,127568,1047552,682,1.217772e-01
128,8,64qam,0.000000e+00,cg2,2,11572,1047552,682,1.104671e-02
128,8,64qam,0.000000e+00,cg3,3,5444,1047552,682,5.196878e-03
128,8,64qam,0.000000e+00,cg4,4,5258,1047552,682,5.019321e-03
128,8,64qam,0.000000e+00,cg8,8,5251,1047552,682,5.012639e-03
128,8,64qam,1.000000e+00,zf,,2293,1047552,682,2.188913e-03
128,8,64qam,1.000000e+00,mmse,,2286,1047552,682,2.182231e-03
128,8,64qam,1.000000e+00,cg1,1,125881,1047552,682,1.201668e-01
128,8,64qam,1.000000e+00,cg2,2,7590,1047552,682,7.245464e-03
128,8,64qam,1.000000e+00,cg3,3,2433,1047552,682,2.322558e-03
128,8,64qam,1.000000e+00,cg4,4,2285,1047552,682,2.181276e-03
128,8,64qam,1.000000e+00,cg8,8,2286,1047552,682,2.182231e-03
128,8,64qam,2.000000e+00,zf,,884,1047552,682,8.438722e-04
128,8,64qam,2.000000e+00,mmse,,894,1047552,682,8.534183e-04
128,8,64qam,2.000000e+00,cg1,1,124069,1047552,682,1.184371e-01
128,8,64qam,2.000000e+00,cg2,2,4673,1047552,682,4.460876e-03
128,8,64qam,2.000000e+00,cg3,3,963,1047552,682,9.192861e-04
128,8,64qam,2.000000e+00,cg4,4,886,1047552,682,8.457814e-04
128,8,64qam,2.000000e+00,cg8,8,894,1047552,682,8.534183e-04
128,8,64qam,3.000000e+00,zf,,257,1047552,682,2.453339e-04
128,8,64qam,3.000000e+00,mmse,,257,1047552,682,2.453339e-04
128,8,64qam,3.000000e+00,cg1,1,121955,1047552,682,1.164190e-01
128,8,64qam,3.000000e+00,cg2,2,2968,1047552,682,2.833272e-03
128,8,64qam,3.000000e+00,cg3,3,282,1047552,682,2.691990e-04
128,8,64qam,3.000000e+00,cg4,4,250,1047552,682,2.386516e-04
128,8,64qam,3.000000e+00,cg8,8,257,1047552,682,2.453339e-04
128,8,64qam,4.000000e+00,zf,,104,2095104,1364,4.963954e-05
128,8,64qam,4.000000e+00,mmse,,102,2095104,1364,4.868493e-05
128,8,64qam,4.000000e+00,cg1,1,242885,2095104,1364,1.159298e-01
128,8,64qam,4.000000e+00,cg2,2,3815,2095104,1364,1.820912e-03
128,8,64qam,4.000000e+00,cg3,3,136,2095104,1364,6.491325e-05
128,8,64qam,4.000000e+00,cg4,4,105,2095104,1364,5.011684e-05
128,8,64qam,4.000000e+00,cg8,8,102,2095104,1364,4.868493e-05
128,8,64qam,5.000000e+00,zf,,74,10475520,6820,7.064088e-06
128,8,64qam,5.000000e+00,mmse,,77,10475520,6820,7.350470e-06
128,8,64qam,5.000000e+00,cg1,1,1205391,10475520,6820,1.150674e-01
128,8,64qam,5.000000e+00,cg2,2,12708,10475520,6820,1.213114e-03
128,8,64qam,5.000000e+00,cg3,3,118,10475520,6820,1.126436e-05
128,8,64qam,5.000000e+00,cg4,4,78,10475520,6820,7.445931e-06
128,8,64qam,5.000000e+00,cg8,8,77,10475520,6820,7.350470e-06
128,8,64qam,6.000000e+00,zf,,8,10475520,6820,7.636852e-07
128,8,64qam,6.000000e+00,mmse,,8,10475520,6820,7.636852e-07
128,8,64qam,6.000000e+00,cg1,1,1198515,10475520,6820,1.144110e-01
128,8,64qam,6.000000e+00,cg2,2,8780,10475520,6820,8.381446e-04
128,8,64qam,6.000000e+00,cg3,3,15,10475520,6820,1.431910e-06
128,8,64qam,6.000000e+00,cg4,4,8,10475520,6820,7.636852e-07
128,8,64qam,6.000000e+00,cg8,8,8,10475520,6820,7.636852e-07
128,8,64qam,7.000000e+00,zf,,1,10475520,6820,9.546065e-08
128,8,64qam,7.000000e+00,mmse,,1,10475520,6820,9.546065e-08
128,8,64qam,7.000000e+00,cg1,1,1194041,10475520,6820,1.139839e-01
128,8,64qam,7.000000e+00,cg2,2,6538,10475520,6820,6.241218e-04
128,8,64qam,7.000000e+00,cg3,3,0,10475520,6820,0.000000e+00
128,8,64qam,7.000000e+00,cg4,4,0,10475520,6820,0.000000e+00
128,8,64qam,7.000000e+00,cg8,8,1,10475520,6820,9.546065e-08
128,8,64qam,8.000000e+00,zf,,0,10475520,6820,0.000000e+00
128,8,64qam,8.000000e+00,mmse,,0,10475520,6820,0.000000e+00
128,8,64qam,8.000000e+00,cg1,1,1188338,10475520,6820,1.134395e-01
128,8,64qam,8.000000e+00,cg2,2,4756,10475520,6820,4.540109e-04
128,8,64qam,8.000000e+00,cg3,3,0,10475520,6820,0.000000e+00
128,8,64qam,8.000000e+00,cg4,4,0,10475520,6820,0.000000e+00
128,8,64qam,8.000000e+00,cg8,8,0,10475520,6820,0.000000e+00
128,8,64qam,9.000000e+00,zf,,0,10475520,6820,0.000000e+00
128,8,64qam,9.000000e+00,mmse,,0,10475520,6820,0.000000e+00
128,8,64qam,9.000000e+00,cg1,1,1183063,10475520,6820,1.129360e-01
128,8,64qam,9.000000e+00,cg2,2,3707,10475520,6820,3.538726e-04
128,8,64qam,9.000000e+00,cg3,3,0,10475520,6820,0.000000e+00
128,8,64qam,9.000000e+00,cg4,4,0,10475520,6820,0.000000e+00
128,8,64qam,9.000000e+00,cg8,8,0,10475520,6820,0.000000e+00
128,8,64qam,1.000000e+01,zf,,0,10475520,6820,0.000000e+00
128,8,64qam,1.000000e+01,mmse,,0,10475520,6820,0.000000e+00
128,8,64qam,1.000000e+01,cg1,1,1183930,10475520,6820,1.130187e-01
128,8,64qam,1.000000e+01,cg2,2,3122,10475520,6820,2.980282e-04
128,8,64qam,1.000000e+01,cg3,3,0,10475520,6820,0.000000e+00
128,8,64qam,1.000000e+01,cg4,4,0,10475520,6820,0.000000e+00
128,8,64qam,1.000000e+01,cg8,8,0,10475520,6820,0.000000e+00
128,8,64qam,1.100000e+01,zf,,0,10475520,6820,0.000000e+00
128,8,64qam,1.100000e+01,mmse,,0,10475520,6820,0.000000e+00
128,8,64qam,1.100000e+01,cg1,1,1180210,10475520,6820,1.126636e-01
128,8,64qam,1.100000e+01,cg2,2,2777,10475520,6820,2.650942e-04
128,8,64qam,1.100000e+01,cg3,3,0,10475520,6820,0.000000e+00
128,8,64qam,1.100000e+01,cg4,4,0,10475520,6820,0.000000e+00
128,8,64qam,1.100000e+01,cg8,8,0,10475520,6820,0.000000e+00
128,8,64qam,1.200000e+01,zf,,0,10475520,6820,0.000000e+00
128,8,64qam,1.200000e+01,mmse,,0,10475520,6820,0.000000e+00
128,8,64qam,1.200000e+01,cg1,1,1182698,10475520,6820,1.129011e-01
128,8,64qam,1.200000e+01,cg2,2,2327,10475520,6820,2.221369e-04
128,8,64qam,1.200000e+01,cg3,3,0,10475520,6820,0.000000e+00
128,8,64qam,1.200000e+01,cg4,4,0,10475520,6820,0.000000e+00
128,8,64qam,1.200000e+01,cg8,8,0,10475520,6820,0.000000e+00
128,8,64qam,1.300000e+01,zf,,0,10475520,6820,0.000000e+00
128,8,64qam,1.300000e+01,mmse,,0,10475520,6820,0.000000e+00
128,8,64qam,1.300000e+01,cg1,1,1178423,10475520,6820,1.124930e-01
128,8,64qam,1.300000e+01,cg2,2,2338,10475520,6820,2.231870e-04
128,8,64qam,1.300000e+01,cg3,3,0,10475520,6820,0.000000e+00
128,8,64qam,1.300000e+01,cg4,4,0,10475520,6820,0.000000e+00
128,8,64qam,1.300000e+01,cg8,8,0,10475520,6820,0.000000e+00
128,8,64qam,1.400000e+01,zf,,0,10475520,6820,0.000000e+00
128,8,64qam,1.400000e+01,mmse,,0,10475520,6820,0.000000e+00
128,8,64qam,1.400000e+01,cg1,1,1175862,10475520,6820,1.122486e-01
128,8,64qam,1.400000e+01,cg2,2,2095,10475520,6820,1.999901e-04
128,8,64qam,1.400000e+01,cg3,3,0,10475520,6820,0.000000e+00
128,8,64qam,1.400000e+01,cg4,4,0,10475520,6820,0.000000e+00
128,8,64qam,1.400000e+01,cg8,8,0,10475520,6820,0.000000e+00
128,8,64qam,1.500000e+01,zf,,0,10475520,6820,0.000000e+00
128,8,64qam,1.500000e+01,mmse,,0,10475520,6820,0.000000e+00
128,8,64qam,1.500000e+01,cg1,1,1176435,10475520,6820,1.123033e-01
128,8,64qam,1.500000e+01,cg2,2,1960,10475520,6820,1.871029e-04
128,8,64qam,1.500000e+01,cg3,3,0,10475520,6820,0.000000e+00
128,8,64qam,1.500000e+01,cg4,4,0,10475520,6820,0.000000e+00
128,8,64qam,1.500000e+01,cg8,8,0,10475520,6820,0.000000e+00
128,8,64qam,1.600000e+01,zf,,0,10475520,6820,0.000000e+00
128,8,64qam,1.600000e+01,mmse,,0,10475520,6820,0.000000e+00
128,8,64qam,1.600000e+01,cg1,1,1178174,10475520,6820,1.124693e-01
128,8,64qam,1.600000e+01,cg2,2,2028,10475520,6820,1.935942e-04
128,8,64qam,1.600000e+01,cg3,3,0,10475520,6820,0.000000e+00
128,8,64qam,1.600000e+01,cg4,4,0,10475520,6820,0.000000e+00
128,8,64qam,1.600000e+01,cg8,8,0,10475520,6820,0.000000e+00
128,8,64qam,1.700000e+01,zf,,0,10475520,6820,0.000000e+00
128,8,64qam,1.700000e+01,mmse,,0,10475520,6820,0.000000e+00
128,8,64qam,1.700000e+01,cg1,1,1176817,10475520,6820,1.123397e-01
128,8,64qam,1.700000e+01,cg2,2,1764,10475520,6820,1.683926e-04
128,8,64qam,1.700000e+01,cg3,3,0,10475520,6820,0.000000e+00
128,8,64qam,1.700000e+01,cg4,4,0,10475520,6820,0.000000e+00
128,8,64qam,1.700000e+01,cg8,8,0,10475520,6820,0.000000e+00
128,8,64qam,1.800000e+01,zf,,0,10475520,6820,0.000000e+00
128,8,64qam,1.800000e+01,mmse,,0,10475520,6820,0.000000e+00
128,8,64qam,1.800000e+01,cg1,1,1173399,10475520,6820,1.120134e-01
128,8,64qam,1.800000e+01,cg2,2,1776,10475520,6820,1.695381e-04
128,8,64qam,1.800000e+01,cg3,3,0,10475520,6820,0.000000e+00
128,8,64qam,1.800000e+01,cg4,4,0,10475520,6820,0.000000e+00
128,8,64qam,1.800000e+01,cg8,8,0,10475520,6820,0.000000e+00
128,8,64qam,1.900000e+01,zf,,0,10475520,6820,0.000000e+00
128,8,64qam,1.900000e+01,mmse,,0,10475520,6820,0.000000e+00
128,8,64qam,1.900000e+01,cg1,1,1177628,10475520,6820,1.124171e-01
128,8,64qam,1.900000e+01,cg2,2,1675,10475520,6820,1.598966e-04
128,8,64qam,1.900000e+01,cg3,3,0,10475520,6820,0.000000e+00
128,8,64qam,1.900000e+01,cg4,4,0,10475520,6820,0.000000e+00
128,8,64qam,1.900000e+01,cg8,8,0,10475520,6820,0.000000e+00
128,8,64qam,2.000000e+01,zf,,0,10475520,6820,0.000000e+00
128,8,64qam,2.000000e+01,mmse,,0,10475520,6820,0.000000e+00
128,8,64qam,2.000000e+01,cg1,1,1178468,10475520,6820,1.124973e-01
128,8,64qam,2.000000e+01,cg2,2,1776,10475520,6820,1.695381e-04
128,8,64qam,2.000000e+01,cg3,3,0,10475520,6820,0.000000e+00
128,8,64qam,2.000000e+01,cg4,4,0,10475520,6820,0.000000e+00
128,8,64qam,2.000000e+01,cg8,8,0,10475520,6820,0.000000e+00
128,16,64qam,-2.000000e+01,zf,,367599,1047552,341,3.509124e-01
128,16,64qam,-2.000000e+01,mmse,,363601,1047552,341,3.470959e-01
128,16,64qam,-2.000000e+01,cg1,1,367747,1047552,341,3.510537e-01
128,16,64qam,-2.000000e+01,cg2,2,363480,1047552,341,3.469804e-01
128,16,64qam,-2.000000e+01,cg3,3,363543,1047552,341,3.470405e-01
128,16,64qam,-2.000000e+01,cg4,4,363638,1047552,341,3.471312e-01
128,16,64qam,-2.000000e+01,cg16,16,363601,1047552,341,3.470959e-01
128,16,64qam,-1.900000e+01,zf,,349307,1047552,341,3.334507e-01
128,16,64qam,-1.900000e+01,mmse,,344687,1047552,341,3.290405e-01
128,16,64qam,-1.900000e+01,cg1,1,350957,1047552,341,3.350259e-01
128,16,64qam,-1.900000e+01,cg2,2,344801,1047552,341,3.291493e-01
128,16,64qam,-1.900000e+01,cg3,3,344507,1047552,341,3.288686e-01
128,16,64qam,-1.900000e+01,cg4,4,344688,1047552,341,3.290414e-01
128,16,64qam,-1.900000e+01,cg16,16,344687,1047552,341,3.290405e-01
128,16,64qam,-1.800000e+01,zf,,330431,1047552,341,3.154316e-01
128,16,64qam,-1.800000e+01,mmse,,326106,1047552,341,3.113029e-01
128,16,64qam,-1.800000e+01,cg1,1,335440,1047552,341,3.202132e-01
128,16,64qam,-1.800000e+01,cg2,2,326455,1047552,341,3.116361e-01
128,16,64qam,-1.800000e+01,cg3,3,326041,1047552,341,3.112409e-01
128,16,64qam,-1.800000e+01,cg4,4,326089,1047552,341,3.112867e-01
128,16,64qam,-1.800000e+01,cg16,16,326106,1047552,341,3.113029e-01
128,16,64qam,-1.700000e+01,zf,,307561,1047552,341,2.935997e-01
128,16,64qam,-1.700000e+01,mmse,,304413,1047552,341,2.905946e-01
128,16,64qam,-1.700000e+01,cg1,1,318319,1047552,341,3.038694e-01
128,16,64qam,-1.700000e+01,cg2,2,305145,1047552,341,2.912934e-01
128,16,64qam,-1.700000e+01,cg3,3,304538,1047552,341,2.907140e-01
128,16,64qam,-1.700000e+01,cg4,4,304381,1047552,341,2.905641e-01
128,16,64qam,-1.700000e+01,cg16,16,304413,1047552,341,2.905946e-01
128,16,64qam,-1.600000e+01,zf,,285629,1047552,341,2.726633e-01
128,16,64qam,-1.600000e+01,mmse,,282144,1047552,341,2.693365e-01
128,16,64qam,-1.600000e+01,cg1,1,302554,1047552,341,2.888200e-01
128,16,64qam,-1.600000e+01,cg2,2,283277,1047552,341,2.704181e-01
128,16,64qam,-1.600000e+01,cg3,3,282135,1047552,341,2.693279e-01
128,16,64qam,-1.600000e+01,cg4,4,282170,1047552,341,2.693613e-01
128,16,64qam,-1.600000e+01,cg16,16,282144,1047552,341,2.693365e-01
128,16,64qam,-1.500000e+01,zf,,262404,1047552,341,2.504926e-01
128,16,64qam,-1.500000e+01,mmse,,259549,1047552,341,2.477672e-01
128,16,64qam,-1.500000e+01,cg1,1,286984,1047552,341,2.739568e-01
128,16,64qam,-1.500000e+01,cg2,2,261029,1047552,341,2.491800e-01
128,16,64qam,-1.500000e+01,cg3,3,259619,1047552,341,2.478340e-01
128,16,64qam,-1.500000e+01,cg4,4,259471,1047552,341,2.476927e-01
128,16,64qam,-1.500000e+01,cg16,16,259549,1047552,341,2.477672e-01
128,16,64qam,-1.400000e+01,zf,,239287,1047552,341,2.284249e-01
128,16,64qam,-1.400000e+01,mmse,,236885,1047552,341,2.261320e-01
128,16,64qam,-1.400000e+01,cg1,1,273503,1047552,341,2.610878e-01
128,16,64qam,-1.400000e+01,cg2,2,239765,1047552,341,2.288812e-01
128,16,64qam,-1.400000e+01,cg3,3,237039,1047552,341,2.262790e-01
128,16,64qam,-1.400000e+01,cg4,4,236959,1047552,341,2.262026e-01
128,16,64qam,-1.400000e+01,cg16,16,236885,1047552,341,2.261320e-01
128,16,64qam,-1.300000e+01,zf,,215997,1047552,341,2.061922e-01
128,16,64qam,-1.300000e+01,mmse,,214140,1047552,341,2.044194e-01
128,16,64qam,-1.300000e+01,cg1,1,260513,1047552,341,2.486874e-01
128,16,64qam,-1.300000e+01,cg2,2,218038,1047552,341,2.081405e-01
128,16,64qam,-1.300000e+01,cg3,3,214577,1047552,341,2.048366e-01
128,16,64qam,-1.300000e+01,cg4,4,214178,1047552,341,2.044557e-01
128,16,64qam,-1.300000e+01,cg16,16,214140,1047552,341,2.044194e-01
128,16,64qam,-1.200000e+01,zf,,192459,1047552,341,1.837226e-01
128,16,64qam,-1.200000e+01,mmse,,190758,1047552,341,1.820988e-01
128,16,64qam,-1.200000e+01,cg1,1,249228,1047552,341,2.379147e-01
128,16,64qam,-1.200000e+01,cg2,2,196264,1047552,341,1.873549e-01
128,16,64qam,-1.200000e+01,cg3,3,191258,1047552,341,1.825761e-01
128,16,64qam,-1.200000e+01,cg4,4,190867,1047552,341,1.822029e-01
128,16,64qam,-1.200000e+01,cg16,16,190758,1047552,341,1.820988e-01
128,16,64qam,-1.100000e+01,zf,,170706,1047552,341,1.629571e-01
128,16,64qam,-1.100000e+01,mmse,,169403,1047552,341,1.617132e-01
128,16,64qam,-1.100000e+01,cg1,1,238217,1047552,341,2.274035e-01
128,16,64qam,-1.100000e+01,cg2,2,175981,1047552,341,1.679926e-01
128,16,64qam,-1.100000e+01,cg3,3,169899,1047552,341,1.621867e-01
128,16,64qam,-1.100000e+01,cg4,4,169484,1047552,341,1.617905e-01
128,16,64qam,-1.100000e+01,cg16,16,169403,1047552,341,1.617132e-01
128,16,64qam,-1.000000e+01,zf,,149509,1047552,341,1.427223e-01
128,16,64qam,-1.000000e+01,mmse,,148424,1047552,341,1.416865e-01
128,16,64qam,-1.000000e+01,cg1,1,231871,1047552,341,2.213456e-01
128,16,64qam,-1.000000e+01,cg2,2,157910,1047552,341,1.507419e-01
128,16,64qam,-1.000000e+01,cg3,3,149193,1047552,341,1.424206e-01
128,16,64qam,-1.000000e+01,cg4,4,148486,1047552,341,1.417457e-01
128,16,64qam,-1.000000e+01,cg16,16,148424,1047552,341,1.416865e-01
128,16,64qam,-9.000000e+00,zf,,129342,1047552,341,1.234707e-01
128,16,64qam,-9.000000e+00,mmse,,128512,1047552,341,1.226784e-01
128,16,64qam,-9.000000e+00,cg1,1,223249,1047552,341,2.131150e-01
128,16,64qam,-9.000000e+00,cg2,2,139990,1047552,341,1.336354e-01
128,16,64qam,-9.000000e+00,cg3,3,129545,1047552,341,1.236645e-01
128,16,64qam,-9.000000e+00,cg4,4,128649,1047552,341,1.228092e-01
128,16,64qam,-9.000000e+00,cg16,16,128512,1047552,341,1.226784e-01
128,16,64qam,-8.000000e+00,zf,,110876,1047552,341,1.058430e-01
128,16,64qam,-8.000000e+00,mmse,,110300,1047552,341,1.052931e-01
128,16,64qam,-8.000000e+00,cg1,1,217675,1047552,341,2.077940e-01
128,16,64qam,-8.000000e+00,cg2,2,124294,1047552,341,1.186519e-01
128,16,64qam,-8.000000e+00,cg3,3,111537,1047552,341,1.064740e-01
128,16,64qam,-8.000000e+00,cg4,4,110398,1047552,341,1.053867e-01
128,16,64qam,-8.000000e+00,cg16,16,110300,1047552,341,1.052931e-01
128,16,64qam,-7.000000e+00,zf,,91895,1047552,341,8.772357e-02
128,16,64qam,-7.000000e+00,mmse,,91676,1047552,341,8.751451e-02
128,16,64qam,-7.000000e+00,cg1,1,212589,1047552,341,2.029389e-01
128,16,64qam,-7.000000e+00,cg2,2,109482,1047552,341,1.045122e-01
128,16,64qam,-7.000000e+00,cg3,3,93478,1047552,341,8.923471e-02
128,16,64qam,-7.000000e+00,cg4,4,91819,1047552,341,8.765102e-02
128,16,64qam,-7.000000e+00,cg16,16,91676,1047552,341,8.751451e-02
128,16,64qam,-6.000000e+00,zf,,75404,1047552,341,7.198115e-02
128,16,64qam,-6.000000e+00,mmse,,75081,1047552,341,7.167281e-02
128,16,64qam,-6.000000e+00,cg1,1,208868,1047552,341,1.993868e-01
128,16,64qam,-6.000000e+00,cg2,2,96378,1047552,341,9.200307e-02
128,16,64qam,-6.000000e+00,cg3,3,77379,1047552,341,7.386650e-02
128,16,64qam,-6.000000e+00,cg4,4,75273,1047552,341,7.185610e-02
128,16,64qam,-6.000000e+00,cg16,16,75081,1047552,341,7.167281e-02
128,16,64qam,-5.000000e+00,zf,,59157,1047552,341,5.647166e-02
128,16,64qam,-5.000000e+00,mmse,,58974,1047552,341,5.629697e-02
128,16,64qam,-5.000000e+00,cg1,1,206448,1047552,341,1.970766e-01
128,16,64qam,-5.000000e+00,cg2,2,84583,1047552,341,8.074349e-02
128,16,64qam,-5.000000e+00,cg3,3,61616,1047552,341,5.881904e-02
128,16,64qam,-5.000000e+00,cg4,4,59178,1047552,341,5.649171e-02
128,16,64qam,-5.000000e+00,cg16,16,58974,1047552,341,5.629697e-02
128,16,64qam,-4.000000e+00,zf,,44057,1047552,341,4.205710e-02
128,16,64qam,-4.000000e+00,mmse,,43816,1047552,341,4.182704e-02
128,16,64qam,-4.000000e+00,cg1,1,203078,1047552,341,1.938596e-01
128,16,64qam,-4.000000e+00,cg2,2,72945,1047552,341,6.963377e-02
128,16,64qam,-4.000000e+00,cg3,3,47146,1047552,341,4.500588e-02
128,16,64qam,-4.000000e+00,cg4,4,44103,1047552,341,4.210101e-02
128,16,64qam,-4.000000e+00,cg16,16,43816,1047552,341,4.182704e-02
128,16,64qam,-3.000000e+00,zf,,31045,1047552,341,2.963576e-02
128,16,64qam,-3.000000e+00,mmse,,30883,1047552,341,2.948111e-02
128,16,64qam,-3.000000e+00,cg1,1,202506,1047552,341,1.933136e-01
128,16,64qam,-3.000000e+00,cg2,2,64295,1047552,341,6.137643e-02
128,16,64qam,-3.000000e+00,cg3,3,34440,1047552,341,3.287665e-02
128,16,64qam,-3.000000e+00,cg4,4,31249,1047552,341,2.983050e-02
128,16,64qam,-3.000000e+00,cg16,16,30883,1047552,341,2.948111e-02
128,16,64qam,-2.000000e+00,zf,,20239,1047552,341,1.932028e-02
128,16,64qam,-2.000000e+00,mmse,,20106,1047552,341,1.919332e-02
128,16,64qam,-2.000000e+00,cg1,1,199886,1047552,341,1.908125e-01
128,16,64qam,-2.000000e+00,cg2,2,54841,1047552,341,5.235158e-02
128,16,64qam,-2.000000e+00,cg3,3,23653,1047552,341,2.257931e-02
128,16,64qam,-2.000000e+00,cg4,4,20415,1047552,341,1.948829e-02
128,16,64qam,-2.000000e+00,cg16,16,20106,1047552,341,1.919332e-02
128,16,64qam,-1.000000e+00,zf,,12223,1047552,341,1.166816e-02
128,16,64qam,-1.000000e+00,mmse,,12178,1047552,341,1.162520e-02
128,16,64qam,-1.000000e+00,cg1,1,198723,1047552,341,1.897023e-01
128,16,64qam,-1.000000e+00,cg2,2,48412,1047552,341,4.621441e-02
128,16,64qam,-1.000000e+00,cg3,3,15773,1047552,341,1.505701e-02
128,16,64qam,-1.000000e+00,cg4,4,12528,1047552,341,1.195931e-02
128,16,64qam,-1.000000e+00,cg16,16,12178,1047552,341,1.162520e-02
128,16,64qam,0.000000e+00,zf,,6364,1047552,341,6.075116e-03
128,16,64qam,0.000000e+00,mmse,,6365,1047552,341,6.076071e-03
128,16,64qam,0.000000e+00,cg1,1,196254,1047552,341,1.873454e-01
128,16,64qam,0.000000e+00,cg2,2,41282,1047552,341,3.940807e-02
128,16,64qam,0.000000e+00,cg3,3,9192,1047552,341,8.774743e-03
128,16,64qam,0.000000e+00,cg4,4,6599,1047552,341,6.299449e-03
128,16,64qam,0.000000e+00,cg16,16,6365,1047552,341,6.076071e-03
128,16,64qam,1.000000e+00,zf,,3021,1047552,341,2.883866e-03
128,16,64qam,1.000000e+00,mmse,,3005,1047552,341,2.868593e-03
128,16,64qam,1.000000e+00,cg1,1,196622,1047552,341,1.876966e-01
128,16,64qam,1.000000e+00,cg2,2,37876,1047552,341,3.615668e-02
128,16,64qam,1.000000e+00,cg3,3,5485,1047552,341,5.236017e-03
128,16,64qam,1.000000e+00,cg4,4,3193,1047552,341,3.048059e-03
128,16,64qam,1.000000e+00,cg16,16,3005,1047552,341,2.868593e-03
128,16,64qam,2.000000e+00,zf,,1140,1047552,341,1.088251e-03
128,16,64qam,2.000000e+00,mmse,,1131,1047552,341,1.079660e-03
128,16,64qam,2.000000e+00,cg1,1,194828,1047552,341,1.859841e-01
128,16,64qam,2.000000e+00,cg2,2,32820,1047552,341,3.133019e-02
128,16,64qam,2.000000e+00,cg3,3,2788,1047552,341,2.661443e-03
128,16,64qam,2.000000e+00,cg4,4,1253,1047552,341,1.196122e-03
128,16,64qam,2.000000e+00,cg16,16,1131,1047552,341,1.079660e-03
128,16,64qam,3.000000e+00,zf,,386,1047552,341,3.684781e-04
128,16,64qam,3.000000e+00,mmse,,388,1047552,341,3.703873e-04
128,16,64qam,3.000000e+00,cg1,1,194443,1047552,341,1.856166e-01
128,16,64qam,3.000000e+00,cg2,2,30195,1047552,341,2.882434e-02
128,16,64qam,3.000000e+00,cg3,3,1439,1047552,341,1.373679e-03
128,16,64qam,3.000000e+00,cg4,4,442,1047552,341,4.219361e-04
128,16,64qam,3.000000e+00,cg16,16,388,1047552,341,3.703873e-04
128,16,64qam,4.000000e+00,zf,,104,1047552,341,9.927908e-05
128,16,64qam,4.000000e+00,mmse,,102,1047552,341,9.736987e-05
128,16,64qam,4.000000e+00,cg1,1,195282,1047552,341,1.864175e-01
128,16,64qam,4.000000e+00,cg2,2,28114,1047552,341,2.683781e-02
128,16,64qam,4.000000e+00,cg3,3,703,1047552,341,6.710884e-04
128,16,64qam,4.000000e+00,cg4,4,124,1047552,341,1.183712e-04
128,16,64qam,4.000000e+00,cg16,16,102,1047552,341,9.736987e-05
128,16,64qam,5.000000e+00,zf,,118,8380416,2728,1.408045e-05
128,16,64qam,5.000000e+00,mmse,,115,8380416,2728,1.372247e-05
128,16,64qam,5.000000e+00,cg1,1,1556089,8380416,2728,1.856816e-01
128,16,64qam,5.000000e+00,cg2,2,208720,8380416,2728,2.490568e-02
128,16,64qam,5.000000e+00,cg3,3,2637,8380416,2728,3.146622e-04
128,16,64qam,5.000000e+00,cg4,4,186,8380416,2728,2.219460e-05
128,16,64qam,5.000000e+00,cg16,16,115,8380416,2728,1.372247e-05
128,16,64qam,6.000000e+00,zf,,17,10475520,3410,1.622831e-06
128,16,64qam,6.000000e+00,mmse,,19,10475520,3410,1.813752e-06
128,16,64qam,6.000000e+00,cg1,1,1943271,10475520,3410,1.855059e-01
128,16,64qam,6.000000e+00,cg2,2,244592,10475520,3410,2.334891e-02
128,16,64qam,6.000000e+00,cg3,3,1563,10475520,3410,1.492050e-04
128,16,64qam,6.000000e+00,cg4,4,40,10475520,3410,3.818426e-06
128,16,64qam,6.000000e+00,cg16,16,19,10475520,3410,1.813752e-06
128,16,64qam,7.000000e+00,zf,,1,10475520,3410,9.546065e-08
128,16,64qam,7.000000e+00,mmse,,1,10475520,3410,9.546065e-08
128,16,64qam,7.000000e+00,cg1,1,1942447,10475520,3410,1.854273e-01
128,16,64qam,7.000000e+00,cg2,2,234985,10475520,3410,2.243182e-02
128,16,64qam,7.000000e+00,cg3,3,854,10475520,3410,8.152340e-05
128,16,64qam,7.000000e+00,cg4,4,3,10475520,3410,2.863820e-07
128,16,64qam,7.000000e+00,cg16,16,1,10475520,3410,9.546065e-08
128,16,64qam,8.000000e+00,zf,,0,10475520,3410,0.000000e+00
128,16,64qam,8.000000e+00,mmse,,0,10475520,3410,0.000000e+00
128,16,64qam,8.000000e+00,cg1,1,1937587,10475520,3410,1.849633e-01
128,16,64qam,8.000000e+00,cg2,2,225047,10475520,3410,2.148313e-02
128,16,64qam,8.000000e+00,cg3,3,501,10475520,3410,4.782579e-05
128,16,64qam,8.000000e+00,cg4,4,0,10475520,3410,0.000000e+00
128,16,64qam,8.000000e+00,cg16,16,0,10475520,3410,0.000000e+00
128,16,64qam,9.000000e+00,zf,,0,10475520,3410,0.000000e+00
128,16,64qam,9.000000e+00,mmse,,0,10475520,3410,0.000000e+00
128,16,64qam,9.000000e+00,cg1,1,1938256,10475520,3410,1.850272e-01
128,16,64qam,9.000000e+00,cg2,2,217211,10475520,3410,2.073510e-02
128,16,64qam,9.000000e+00,cg3,3,298,10475520,3410,2.844728e-05
128,16,64qam,9.000000e+00,cg4,4,0,10475520,3410,0.000000e+00
128,16,64qam,9.000000e+00,cg16,16,0,10475520,3410,0.000000e+00
128,16,64qam,1.000000e+01,zf,,0,10475520,3410,0.000000e+00
128,16,64qam,1.000000e+01,mmse,,0,10475520,3410,0.000000e+00
128,16,64qam,1.000000e+01,cg1,1,1938039,10475520,3410,1.850065e-01
128,16,64qam,1.000000e+01,cg2,2,211407,10475520,3410,2.018105e-02
128,16,64qam,1.000000e+01,cg3,3,169,10475520,3410,1.613285e-05
128,16,64qam,1.000000e+01,cg4,4,0,10475520,3410,0.000000e+00
128,16,64qam,1.000000e+01,cg16,16,0,10475520,3410,0.000000e+00
128,16,64qam,1.100000e+01,zf,,0,10475520,3410,0.000000e+00
128,16,64qam,1.100000e+01,mmse,,0,10475520,3410,0.000000e+00
128,16,64qam,1.100000e+01,cg1,1,1936956,10475520,3410,1.849031e-01
128,16,64qam,1.100000e+01,cg2,2,204889,10475520,3410,1.955884e-02
128,16,64qam,1.100000e+01,cg3,3,130,10475520,3410,1.240989e-05
128,16,64qam,1.100000e+01,cg4,4,0,10475520,3410,0.000000e+00
128,16,64qam,1.100000e+01,cg16,16,0,10475520,3410,0.000000e+00
128,16,64qam,1.200000e+01,zf,,0,10475520,3410,0.000000e+00
128,16,64qam,1.200000e+01,mmse,,0,10475520,3410,0.000000e+00
128,16,64qam,1.200000e+01,cg1,1,1935230,10475520,3410,1.847383e-01
128,16,64qam,1.200000e+01,cg2,2,201529,10475520,3410,1.923809e-02
128,16,64qam,1.200000e+01,cg3,3,91,10475520,3410,8.686920e-06
128,16,64qam,1.200000e+01,cg4,4,0,10475520,3410,0.000000e+00
128,16,64qam,1.200000e+01,cg16,16,0,10475520,3410,0.000000e+00
128,16,64qam,1.300000e+01,zf,,0,10475520,3410,0.000000e+00
128,16,64qam,1.300000e+01,mmse,,0,10475520,3410,0.000000e+00
128,16,64qam,1.300000e+01,cg1,1,1934004,10475520,3410,1.846213e-01
128,16,64qam,1.300000e+01,cg2,2,199855,10475520,3410,1.907829e-02
128,16,64qam,1.300000e+01,cg3,3,79,10475520,3410,7.541392e-06
128,16,64qam,1.300000e+01,cg4,4,0,10475520,3410,0.000000e+00
128,16,64qam,1.300000e+01,cg16,16,0,10475520,3410,0.000000e+00
128,16,64qam,1.400000e+01,zf,,0,10475520,3410,0.000000e+00
128,16,64qam,1.400000e+01,mmse,,0,10475520,3410,0.000000e+00
128,16,64qam,1.400000e+01,cg1,1,1936471,10475520,3410,1.848568e-01
128,16,64qam,1.400000e+01,cg2,2,198268,10475520,3410,1.892679e-02
128,16,64qam,1.400000e+01,cg3,3,71,10475520,3410,6.777707e-06
128,16,64qam,1.400000e+01,cg4,4,0,10475520,3410,0.000000e+00
128,16,64qam,1.400000e+01,cg16,16,0,10475520,3410,0.000000e+00
128,16,64qam,1.500000e+01,zf,,0,10475520,3410,0.000000e+00
128,16,64qam,1.500000e+01,mmse,,0,10475520,3410,0.000000e+00
128,16,64qam,1.500000e+01,cg1,1,1933247,10475520,3410,1.845490e-01
128,16,64qam,1.500000e+01,cg2,2,194933,10475520,3410,1.860843e-02
128,16,64qam,1.500000e+01,cg3,3,47,10475520,3410,4.486651e-06
128,16,64qam,1.500000e+01,cg4,4,0,10475520,3410,0.000000e+00
128,16,64qam,1.500000e+01,cg16,16,0,10475520,3410,0.000000e+00
128,16,64qam,1.600000e+01,zf,,0,10475520,3410,0.000000e+00
128,16,64qam,1.600000e+01,mmse,,0,10475520,3410,0.000000e+00
128,16,64qam,1.600000e+01,cg1,1,1934247,10475520,3410,1.846445e-01
128,16,64qam,1.600000e+01,cg2,2,194705,10475520,3410,1.858667e-02
128,16,64qam,1.600000e+01,cg3,3,44,10475520,3410,4.200269e-06
128,16,64qam,1.600000e+01,cg4,4,0,10475520,3410,0.000000e+00
128,16,64qam,1.600000e+01,cg16,16,0,10475520,3410,0.000000e+00
128,16,64qam,1.700000e+01,zf,,0,10475520,3410,0.000000e+00
128,16,64qam,1.700000e+01,mmse,,0,10475520,3410,0.000000e+00
128,16,64qam,1.700000e+01,cg1,1,1935212,10475520,3410,1.847366e-01
128,16,64qam,1.700000e+01,cg2,2,194003,10475520,3410,1.851965e-02
128,16,64qam,1.700000e+01,cg3,3,32,10475520,3410,3.054741e-06
128,16,64qam,1.700000e+01,cg4,4,0,10475520,3410,0.000000e+00
128,16,64qam,1.700000e+01,cg16,16,0,10475520,3410,0.000000e+00
128,16,64qam,1.800000e+01,zf,,0,10475520,3410,0.000000e+00
128,16,64qam,1.800000e+01,mmse,,0,10475520,3410,0.000000e+00
128,16,64qam,1.800000e+01,cg1,1,1936197,10475520,3410,1.848306e-01
128,16,64qam,1.800000e+01,cg2,2,192513,10475520,3410,1.837742e-02
128,16,64qam,1.800000e+01,cg3,3,48,10475520,3410,4.582111e-06
128,16,64qam,1.800000e+01,cg4,4,0,10475520,3410,0.000000e+00
128,16,64qam,1.800000e+01,cg16,16,0,10475520,3410,0.000000e+00
128,16,64qam,1.900000e+01,zf,,0,10475520,3410,0.000000e+00
128,16,64qam,1.900000e+01,mmse,,0,10475520,3410,0.000000e+00
128,16,64qam,1.900000e+01,cg1,1,1929220,10475520,3410,1.841646e-01
128,16,64qam,1.900000e+01,cg2,2,188520,10475520,3410,1.799624e-02
128,16,64qam,1.900000e+01,cg3,3,33,10475520,3410,3.150202e-06
128,16,64qam,1.900000e+01,cg4,4,0,10475520,3410,0.000000e+00
128,16,64qam,1.900000e+01,cg16,16,0,10475520,3410,0.000000e+00
128,16,64qam,2.000000e+01,zf,,0,10475520,3410,0.000000e+00
128,16,64qam,2.000000e+01,mmse,,0,10475520,3410,0.000000e+00
128,16,64qam,2.000000e+01,cg1,1,1932549,10475520,3410,1.844824e-01
128,16,64qam,2.000000e+01,cg2,2,189957,10475520,3410,1.813342e-02
128,16,64qam,2.000000e+01,cg3,3,25,10475520,3410,2.386516e-06
128,16,64qam,2.000000e+01,cg4,4,0,10475520,3410,0.000000e+00
128,16,64qam,2.000000e+01,cg16,16,0,10475520,3410,0.000000e+00
