# mimo_cg hw_modules: numpy=2.5.3, base_seed=20260930, tool=vitis_hls 2024.1, part=xczu48dr-ffvg1517-2-e, period_ns=4, roles=fit
build,top,role,kind,name,rtl_module,lut,ff,dsp,bram,uram,words,bits,banks
vec_k8_l4_w12g8,vec,fit,module,CgVecRx,cg_vec_rx_task_64_8_32_s,363,89,0,0,0,,,
vec_k8_l4_w12g8,vec,fit,module,MemRStream,mem_r_stream_framed_task_64_s,817,502,0,0,0,,,
vec_k8_l4_w12g8,vec,fit,module,CgVecLoad,cg_vec_load_task_64_8_32_4_2_s,7472,1583,0,0,0,,,
vec_k8_l4_w12g8,vec,fit,module,CgVec,cg_vec_task_64_8_32_4_2_s,14330,9069,48,0,0,,,
vec_k8_l4_w12g8,vec,fit,module,CgVecStore,cg_vec_store_task_64_8_32_4_2_s,3137,350,0,0,0,,,
vec_k8_l4_w12g8,vec,fit,module,MemWStream,mem_w_stream_framed_done_task_64_8_s,1613,2265,0,0,0,,,
vec_k8_l4_w12g8,vec,fit,memory,b_blk_U,,0,0,0,3,0,64,96,2
vec_k8_l4_w12g8,vec,fit,memory,s_blk_U,,0,0,0,3,0,64,96,2
vec_k8_l4_w12g8,vec,fit,memory,p_blk_U,,0,0,0,3,0,64,96,2
vec_k8_l4_w12g8,vec,fit,memory,x_blk_U,,0,0,0,3,0,64,96,2
vec_k8_l4_w12g8,vec,fit,fifo,cmd_rd_U,,0,99,0,0,0,2,65,1
vec_k8_l4_w12g8,vec,fit,fifo,desc_U,,0,99,0,0,0,2,65,1
vec_k8_l4_w12g8,vec,fit,fifo,iter_U,,0,99,0,0,0,2,65,1
vec_k8_l4_w12g8,vec,fit,fifo,m_in_c_U,,0,99,0,0,0,3,64,1
vec_k8_l4_w12g8,vec,fit,fifo,m_out_c_U,,0,99,0,0,0,7,64,1
vec_k8_l4_w12g8,vec,fit,fifo,rdata_U,,0,99,0,0,0,2,65,1
vec_k8_l4_w12g8,vec,fit,fifo,wdata_U,,0,99,0,0,0,2,65,1
vec_k8_l4_w12g8,vec,fit,instance,control_s_axi_U,,296,170,0,0,0,0,0,0
vec_k8_l4_w12g8,vec,fit,instance,entry_proc_U0,,29,2,0,0,0,0,0,0
vec_k8_l4_w12g8,vec,fit,instance,gmem0_m_axi_U,,823,725,0,4,0,0,0,0
vec_k8_l4_w12g8,vec,fit,instance,gmem1_m_axi_U,,811,719,0,4,0,0,0,0
vec_k8_l4_w12g8,vec,fit,unitemized,unitemized,,468,0,0,0,0,0,0,0
vec_k4_l4_w12g8,vec,fit,module,CgVecRx,cg_vec_rx_task_64_4_32_s,357,54,0,0,0,,,
vec_k4_l4_w12g8,vec,fit,module,MemRStream,mem_r_stream_framed_task_64_s,817,502,0,0,0,,,
vec_k4_l4_w12g8,vec,fit,module,CgVecLoad,cg_vec_load_task_64_4_32_4_2_s,7336,1345,0,0,0,,,
vec_k4_l4_w12g8,vec,fit,module,CgVec,cg_vec_task_64_4_32_4_2_s,14018,9000,48,0,0,,,
vec_k4_l4_w12g8,vec,fit,module,CgVecStore,cg_vec_store_task_64_4_32_4_2_s,3129,358,0,0,0,,,
vec_k4_l4_w12g8,vec,fit,module,MemWStream,mem_w_stream_framed_done_task_64_8_s,1613,2265,0,0,0,,,
vec_k4_l4_w12g8,vec,fit,memory,b_blk_U,,0,0,0,3,0,32,96,2
vec_k4_l4_w12g8,vec,fit,memory,s_blk_U,,0,0,0,3,0,32,96,2
vec_k4_l4_w12g8,vec,fit,memory,p_blk_U,,0,0,0,3,0,32,96,2
vec_k4_l4_w12g8,vec,fit,memory,x_blk_U,,0,0,0,3,0,32,96,2
vec_k4_l4_w12g8,vec,fit,fifo,cmd_rd_U,,0,99,0,0,0,2,65,1
vec_k4_l4_w12g8,vec,fit,fifo,desc_U,,0,99,0,0,0,2,65,1
vec_k4_l4_w12g8,vec,fit,fifo,iter_U,,0,99,0,0,0,2,65,1
vec_k4_l4_w12g8,vec,fit,fifo,m_in_c_U,,0,99,0,0,0,3,64,1
vec_k4_l4_w12g8,vec,fit,fifo,m_out_c_U,,0,99,0,0,0,7,64,1
vec_k4_l4_w12g8,vec,fit,fifo,rdata_U,,0,99,0,0,0,2,65,1
vec_k4_l4_w12g8,vec,fit,fifo,wdata_U,,0,99,0,0,0,2,65,1
vec_k4_l4_w12g8,vec,fit,instance,control_s_axi_U,,296,170,0,0,0,0,0,0
vec_k4_l4_w12g8,vec,fit,instance,entry_proc_U0,,29,2,0,0,0,0,0,0
vec_k4_l4_w12g8,vec,fit,instance,gmem0_m_axi_U,,823,725,0,4,0,0,0,0
vec_k4_l4_w12g8,vec,fit,instance,gmem1_m_axi_U,,811,719,0,4,0,0,0,0
vec_k4_l4_w12g8,vec,fit,unitemized,unitemized,,468,0,0,0,0,0,0,0
vec_k16_l4_w12g8,vec,fit,module,CgVecRx,cg_vec_rx_task_64_16_32_s,369,92,0,0,0,,,
vec_k16_l4_w12g8,vec,fit,module,MemRStream,mem_r_stream_framed_task_64_s,817,502,0,0,0,,,
vec_k16_l4_w12g8,vec,fit,module,CgVecLoad,cg_vec_load_task_64_16_32_4_2_s,7476,1589,0,0,0,,,
vec_k16_l4_w12g8,vec,fit,module,CgVec,cg_vec_task_64_16_32_4_2_s,14389,8953,48,24,0,,,
vec_k16_l4_w12g8,vec,fit,module,CgVecStore,cg_vec_store_task_64_16_32_4_2_s,3144,354,0,0,0,,,
vec_k16_l4_w12g8,vec,fit,module,MemWStream,mem_w_stream_framed_done_task_64_8_s,1613,2265,0,0,0,,,
vec_k16_l4_w12g8,vec,fit,memory,b_blk_U,,0,0,0,3,0,128,96,2
vec_k16_l4_w12g8,vec,fit,memory,s_blk_U,,0,0,0,3,0,128,96,2
vec_k16_l4_w12g8,vec,fit,memory,p_blk_U,,0,0,0,3,0,128,96,2
vec_k16_l4_w12g8,vec,fit,memory,x_blk_U,,0,0,0,3,0,128,96,2
vec_k16_l4_w12g8,vec,fit,fifo,cmd_rd_U,,0,99,0,0,0,2,65,1
vec_k16_l4_w12g8,vec,fit,fifo,desc_U,,0,99,0,0,0,2,65,1
vec_k16_l4_w12g8,vec,fit,fifo,iter_U,,0,99,0,0,0,2,65,1
vec_k16_l4_w12g8,vec,fit,fifo,m_in_c_U,,0,99,0,0,0,3,64,1
vec_k16_l4_w12g8,vec,fit,fifo,m_out_c_U,,0,99,0,0,0,7,64,1
vec_k16_l4_w12g8,vec,fit,fifo,rdata_U,,0,99,0,0,0,2,65,1
vec_k16_l4_w12g8,vec,fit,fifo,wdata_U,,0,99,0,0,0,2,65,1
vec_k16_l4_w12g8,vec,fit,instance,control_s_axi_U,,296,170,0,0,0,0,0,0
vec_k16_l4_w12g8,vec,fit,instance,entry_proc_U0,,29,2,0,0,0,0,0,0
vec_k16_l4_w12g8,vec,fit,instance,gmem0_m_axi_U,,823,725,0,4,0,0,0,0
vec_k16_l4_w12g8,vec,fit,instance,gmem1_m_axi_U,,811,719,0,4,0,0,0,0
vec_k16_l4_w12g8,vec,fit,unitemized,unitemized,,468,0,0,0,0,0,0,0
vec_k8_l1_w12g8,vec,fit,module,CgVecRx,cg_vec_rx_task_64_8_32_s,363,89,0,0,0,,,
vec_k8_l1_w12g8,vec,fit,module,MemRStream,mem_r_stream_framed_task_64_s,817,502,0,0,0,,,
vec_k8_l1_w12g8,vec,fit,module,CgVecLoad,cg_vec_load_task_64_8_32_1_2_s,902,223,0,0,0,,,
vec_k8_l1_w12g8,vec,fit,module,CgVec,cg_vec_task_64_8_32_1_2_s,4958,2806,12,6,0,,,
vec_k8_l1_w12g8,vec,fit,module,CgVecStore,cg_vec_store_task_64_8_32_1_2_s,583,240,0,0,0,,,
vec_k8_l1_w12g8,vec,fit,module,MemWStream,mem_w_stream_framed_done_task_64_8_s,1613,2265,0,0,0,,,
vec_k8_l1_w12g8,vec,fit,memory,b_blk_U,,0,0,0,4,0,256,24,2
vec_k8_l1_w12g8,vec,fit,memory,s_blk_U,,0,0,0,4,0,256,24,2
vec_k8_l1_w12g8,vec,fit,memory,p_blk_U,,0,0,0,4,0,256,24,2
vec_k8_l1_w12g8,vec,fit,memory,x_blk_U,,0,0,0,4,0,256,24,2
vec_k8_l1_w12g8,vec,fit,fifo,cmd_rd_U,,0,99,0,0,0,2,65,1
vec_k8_l1_w12g8,vec,fit,fifo,desc_U,,0,99,0,0,0,2,65,1
vec_k8_l1_w12g8,vec,fit,fifo,iter_U,,0,99,0,0,0,2,65,1
vec_k8_l1_w12g8,vec,fit,fifo,m_in_c_U,,0,99,0,0,0,3,64,1
vec_k8_l1_w12g8,vec,fit,fifo,m_out_c_U,,0,99,0,0,0,7,64,1
vec_k8_l1_w12g8,vec,fit,fifo,rdata_U,,0,99,0,0,0,2,65,1
vec_k8_l1_w12g8,vec,fit,fifo,wdata_U,,0,99,0,0,0,2,65,1
vec_k8_l1_w12g8,vec,fit,instance,control_s_axi_U,,296,170,0,0,0,0,0,0
vec_k8_l1_w12g8,vec,fit,instance,entry_proc_U0,,29,2,0,0,0,0,0,0
vec_k8_l1_w12g8,vec,fit,instance,gmem0_m_axi_U,,823,725,0,4,0,0,0,0
vec_k8_l1_w12g8,vec,fit,instance,gmem1_m_axi_U,,811,719,0,4,0,0,0,0
vec_k8_l1_w12g8,vec,fit,unitemized,unitemized,,468,0,0,0,0,0,0,0
vec_k8_l2_w12g8,vec,fit,module,CgVecRx,cg_vec_rx_task_64_8_32_s,363,89,0,0,0,,,
vec_k8_l2_w12g8,vec,fit,module,MemRStream,mem_r_stream_framed_task_64_s,817,502,0,0,0,,,
vec_k8_l2_w12g8,vec,fit,module,CgVecLoad,cg_vec_load_task_64_8_32_2_2_s,866,223,0,0,0,,,
vec_k8_l2_w12g8,vec,fit,module,CgVec,cg_vec_task_64_8_32_2_2_s,8075,4830,24,12,0,,,
vec_k8_l2_w12g8,vec,fit,module,CgVecStore,cg_vec_store_task_64_8_32_2_2_s,565,240,0,0,0,,,
vec_k8_l2_w12g8,vec,fit,module,MemWStream,mem_w_stream_framed_done_task_64_8_s,1613,2265,0,0,0,,,
vec_k8_l2_w12g8,vec,fit,memory,b_blk_U,,0,0,0,2,0,128,48,2
vec_k8_l2_w12g8,vec,fit,memory,s_blk_U,,0,0,0,2,0,128,48,2
vec_k8_l2_w12g8,vec,fit,memory,p_blk_U,,0,0,0,2,0,128,48,2
vec_k8_l2_w12g8,vec,fit,memory,x_blk_U,,0,0,0,2,0,128,48,2
vec_k8_l2_w12g8,vec,fit,fifo,cmd_rd_U,,0,99,0,0,0,2,65,1
vec_k8_l2_w12g8,vec,fit,fifo,desc_U,,0,99,0,0,0,2,65,1
vec_k8_l2_w12g8,vec,fit,fifo,iter_U,,0,99,0,0,0,2,65,1
vec_k8_l2_w12g8,vec,fit,fifo,m_in_c_U,,0,99,0,0,0,3,64,1
vec_k8_l2_w12g8,vec,fit,fifo,m_out_c_U,,0,99,0,0,0,7,64,1
vec_k8_l2_w12g8,vec,fit,fifo,rdata_U,,0,99,0,0,0,2,65,1
vec_k8_l2_w12g8,vec,fit,fifo,wdata_U,,0,99,0,0,0,2,65,1
vec_k8_l2_w12g8,vec,fit,instance,control_s_axi_U,,296,170,0,0,0,0,0,0
vec_k8_l2_w12g8,vec,fit,instance,entry_proc_U0,,29,2,0,0,0,0,0,0
vec_k8_l2_w12g8,vec,fit,instance,gmem0_m_axi_U,,823,725,0,4,0,0,0,0
vec_k8_l2_w12g8,vec,fit,instance,gmem1_m_axi_U,,811,719,0,4,0,0,0,0
vec_k8_l2_w12g8,vec,fit,unitemized,unitemized,,468,0,0,0,0,0,0,0
vec_k8_l8_w12g8,vec,fit,module,CgVecRx,cg_vec_rx_task_64_8_32_s,363,89,0,0,0,,,
vec_k8_l8_w12g8,vec,fit,module,MemRStream,mem_r_stream_framed_task_64_s,817,502,0,0,0,,,
vec_k8_l8_w12g8,vec,fit,module,CgVecLoad,cg_vec_load_task_64_8_32_8_2_s,16094,1031,0,0,0,,,
vec_k8_l8_w12g8,vec,fit,module,CgVec,cg_vec_task_64_8_32_8_2_s,26519,17338,96,0,0,,,
vec_k8_l8_w12g8,vec,fit,module,CgVecStore,cg_vec_store_task_64_8_32_8_2_s,6143,368,0,0,0,,,
vec_k8_l8_w12g8,vec,fit,module,MemWStream,mem_w_stream_framed_done_task_64_8_s,1613,2265,0,0,0,,,
vec_k8_l8_w12g8,vec,fit,memory,b_blk_U,,0,0,0,6,0,32,192,2
vec_k8_l8_w12g8,vec,fit,memory,s_blk_U,,0,0,0,6,0,32,192,2
vec_k8_l8_w12g8,vec,fit,memory,p_blk_U,,0,0,0,6,0,32,192,2
vec_k8_l8_w12g8,vec,fit,memory,x_blk_U,,0,0,0,6,0,32,192,2
vec_k8_l8_w12g8,vec,fit,fifo,cmd_rd_U,,0,99,0,0,0,2,65,1
vec_k8_l8_w12g8,vec,fit,fifo,desc_U,,0,99,0,0,0,2,65,1
vec_k8_l8_w12g8,vec,fit,fifo,iter_U,,0,99,0,0,0,2,65,1
vec_k8_l8_w12g8,vec,fit,fifo,m_in_c_U,,0,99,0,0,0,3,64,1
vec_k8_l8_w12g8,vec,fit,fifo,m_out_c_U,,0,99,0,0,0,7,64,1
vec_k8_l8_w12g8,vec,fit,fifo,rdata_U,,0,99,0,0,0,2,65,1
vec_k8_l8_w12g8,vec,fit,fifo,wdata_U,,0,99,0,0,0,2,65,1
vec_k8_l8_w12g8,vec,fit,instance,control_s_axi_U,,296,170,0,0,0,0,0,0
vec_k8_l8_w12g8,vec,fit,instance,entry_proc_U0,,29,2,0,0,0,0,0,0
vec_k8_l8_w12g8,vec,fit,instance,gmem0_m_axi_U,,823,725,0,4,0,0,0,0
vec_k8_l8_w12g8,vec,fit,instance,gmem1_m_axi_U,,811,719,0,4,0,0,0,0
vec_k8_l8_w12g8,vec,fit,unitemized,unitemized,,468,0,0,0,0,0,0,0
vec_k8_l16_w12g8,vec,fit,module,CgVecRx,cg_vec_rx_task_64_8_32_s,363,89,0,0,0,,,
vec_k8_l16_w12g8,vec,fit,module,MemRStream,mem_r_stream_framed_task_64_s,817,502,0,0,0,,,
vec_k8_l16_w12g8,vec,fit,module,CgVecLoad,cg_vec_load_task_64_8_32_16_2_s,34760,2037,0,0,0,,,
vec_k8_l16_w12g8,vec,fit,module,CgVec,cg_vec_task_64_8_32_16_2_s,51946,35978,192,0,0,,,
vec_k8_l16_w12g8,vec,fit,module,CgVecStore,cg_vec_store_task_64_8_32_16_2_s,13205,1262,0,0,0,,,
vec_k8_l16_w12g8,vec,fit,module,MemWStream,mem_w_stream_framed_done_task_64_8_s,1613,2265,0,0,0,,,
vec_k8_l16_w12g8,vec,fit,memory,b_blk_U,,0,0,0,11,0,16,384,2
vec_k8_l16_w12g8,vec,fit,memory,s_blk_U,,0,0,0,11,0,16,384,2
vec_k8_l16_w12g8,vec,fit,memory,p_blk_U,,0,0,0,11,0,16,384,2
vec_k8_l16_w12g8,vec,fit,memory,x_blk_U,,0,0,0,11,0,16,384,2
vec_k8_l16_w12g8,vec,fit,fifo,cmd_rd_U,,0,99,0,0,0,2,65,1
vec_k8_l16_w12g8,vec,fit,fifo,desc_U,,0,99,0,0,0,2,65,1
vec_k8_l16_w12g8,vec,fit,fifo,iter_U,,0,99,0,0,0,2,65,1
vec_k8_l16_w12g8,vec,fit,fifo,m_in_c_U,,0,99,0,0,0,3,64,1
vec_k8_l16_w12g8,vec,fit,fifo,m_out_c_U,,0,99,0,0,0,7,64,1
vec_k8_l16_w12g8,vec,fit,fifo,rdata_U,,0,99,0,0,0,2,65,1
vec_k8_l16_w12g8,vec,fit,fifo,wdata_U,,0,99,0,0,0,2,65,1
vec_k8_l16_w12g8,vec,fit,instance,control_s_axi_U,,296,170,0,0,0,0,0,0
vec_k8_l16_w12g8,vec,fit,instance,entry_proc_U0,,29,2,0,0,0,0,0,0
vec_k8_l16_w12g8,vec,fit,instance,gmem0_m_axi_U,,823,725,0,4,0,0,0,0
vec_k8_l16_w12g8,vec,fit,instance,gmem1_m_axi_U,,811,719,0,4,0,0,0,0
vec_k8_l16_w12g8,vec,fit,unitemized,unitemized,,468,0,0,0,0,0,0,0
vec_k8_l4_w8g8,vec,fit,module,CgVecRx,cg_vec_rx_task_64_8_32_s,363,89,0,0,0,,,
vec_k8_l4_w8g8,vec,fit,module,MemRStream,mem_r_stream_framed_task_64_s,817,502,0,0,0,,,
vec_k8_l4_w8g8,vec,fit,module,CgVecLoad,cg_vec_load_task_64_8_32_4_2_s,5414,755,0,0,0,,,
vec_k8_l4_w8g8,vec,fit,module,CgVec,cg_vec_task_64_8_32_4_2_s,14166,7016,12,0,0,,,
vec_k8_l4_w8g8,vec,fit,module,CgVecStore,cg_vec_store_task_64_8_32_4_2_s,1997,312,0,0,0,,,
vec_k8_l4_w8g8,vec,fit,module,MemWStream,mem_w_stream_framed_done_task_64_8_s,1613,2265,0,0,0,,,
vec_k8_l4_w8g8,vec,fit,memory,b_blk_U,,0,0,0,2,0,64,64,2
vec_k8_l4_w8g8,vec,fit,memory,s_blk_U,,0,0,0,2,0,64,64,2
vec_k8_l4_w8g8,vec,fit,memory,p_blk_U,,0,0,0,2,0,64,64,2
vec_k8_l4_w8g8,vec,fit,memory,x_blk_U,,0,0,0,2,0,64,64,2
vec_k8_l4_w8g8,vec,fit,fifo,cmd_rd_U,,0,99,0,0,0,2,65,1
vec_k8_l4_w8g8,vec,fit,fifo,desc_U,,0,99,0,0,0,2,65,1
vec_k8_l4_w8g8,vec,fit,fifo,iter_U,,0,99,0,0,0,2,65,1
vec_k8_l4_w8g8,vec,fit,fifo,m_in_c_U,,0,99,0,0,0,3,64,1
vec_k8_l4_w8g8,vec,fit,fifo,m_out_c_U,,0,99,0,0,0,7,64,1
vec_k8_l4_w8g8,vec,fit,fifo,rdata_U,,0,99,0,0,0,2,65,1
vec_k8_l4_w8g8,vec,fit,fifo,wdata_U,,0,99,0,0,0,2,65,1
vec_k8_l4_w8g8,vec,fit,instance,control_s_axi_U,,296,170,0,0,0,0,0,0
vec_k8_l4_w8g8,vec,fit,instance,entry_proc_U0,,29,2,0,0,0,0,0,0
vec_k8_l4_w8g8,vec,fit,instance,gmem0_m_axi_U,,823,725,0,4,0,0,0,0
vec_k8_l4_w8g8,vec,fit,instance,gmem1_m_axi_U,,811,719,0,4,0,0,0,0
vec_k8_l4_w8g8,vec,fit,unitemized,unitemized,,468,0,0,0,0,0,0,0
vec_k8_l4_w10g8,vec,fit,module,CgVecRx,cg_vec_rx_task_64_8_32_s,363,89,0,0,0,,,
vec_k8_l4_w10g8,vec,fit,module,MemRStream,mem_r_stream_framed_task_64_s,817,502,0,0,0,,,
vec_k8_l4_w10g8,vec,fit,module,CgVecLoad,cg_vec_load_task_64_8_32_4_2_s,6338,803,0,0,0,,,
vec_k8_l4_w10g8,vec,fit,module,CgVec,cg_vec_task_64_8_32_4_2_s,15134,8197,20,0,0,,,
vec_k8_l4_w10g8,vec,fit,module,CgVecStore,cg_vec_store_task_64_8_32_4_2_s,2579,328,0,0,0,,,
vec_k8_l4_w10g8,vec,fit,module,MemWStream,mem_w_stream_framed_done_task_64_8_s,1613,2265,0,0,0,,,
vec_k8_l4_w10g8,vec,fit,memory,b_blk_U,,0,0,0,3,0,64,80,2
vec_k8_l4_w10g8,vec,fit,memory,s_blk_U,,0,0,0,3,0,64,80,2
vec_k8_l4_w10g8,vec,fit,memory,p_blk_U,,0,0,0,3,0,64,80,2
vec_k8_l4_w10g8,vec,fit,memory,x_blk_U,,0,0,0,3,0,64,80,2
vec_k8_l4_w10g8,vec,fit,fifo,cmd_rd_U,,0,99,0,0,0,2,65,1
vec_k8_l4_w10g8,vec,fit,fifo,desc_U,,0,99,0,0,0,2,65,1
vec_k8_l4_w10g8,vec,fit,fifo,iter_U,,0,99,0,0,0,2,65,1
vec_k8_l4_w10g8,vec,fit,fifo,m_in_c_U,,0,99,0,0,0,3,64,1
vec_k8_l4_w10g8,vec,fit,fifo,m_out_c_U,,0,99,0,0,0,7,64,1
vec_k8_l4_w10g8,vec,fit,fifo,rdata_U,,0,99,0,0,0,2,65,1
vec_k8_l4_w10g8,vec,fit,fifo,wdata_U,,0,99,0,0,0,2,65,1
vec_k8_l4_w10g8,vec,fit,instance,control_s_axi_U,,296,170,0,0,0,0,0,0
vec_k8_l4_w10g8,vec,fit,instance,entry_proc_U0,,29,2,0,0,0,0,0,0
vec_k8_l4_w10g8,vec,fit,instance,gmem0_m_axi_U,,823,725,0,4,0,0,0,0
vec_k8_l4_w10g8,vec,fit,instance,gmem1_m_axi_U,,811,719,0,4,0,0,0,0
vec_k8_l4_w10g8,vec,fit,unitemized,unitemized,,468,0,0,0,0,0,0,0
vec_k8_l4_w14g8,vec,fit,module,CgVecRx,cg_vec_rx_task_64_8_32_s,363,89,0,0,0,,,
vec_k8_l4_w14g8,vec,fit,module,MemRStream,mem_r_stream_framed_task_64_s,817,502,0,0,0,,,
vec_k8_l4_w14g8,vec,fit,module,CgVecLoad,cg_vec_load_task_64_8_32_4_2_s,9266,939,0,0,0,,,
vec_k8_l4_w14g8,vec,fit,module,CgVec,cg_vec_task_64_8_32_4_2_s,15107,10201,48,0,0,,,
vec_k8_l4_w14g8,vec,fit,module,CgVecStore,cg_vec_store_task_64_8_32_4_2_s,3613,374,0,0,0,,,
vec_k8_l4_w14g8,vec,fit,module,MemWStream,mem_w_stream_framed_done_task_64_8_s,1613,2265,0,0,0,,,
vec_k8_l4_w14g8,vec,fit,memory,b_blk_U,,0,0,0,4,0,64,112,2
vec_k8_l4_w14g8,vec,fit,memory,s_blk_U,,0,0,0,4,0,64,112,2
vec_k8_l4_w14g8,vec,fit,memory,p_blk_U,,0,0,0,4,0,64,112,2
vec_k8_l4_w14g8,vec,fit,memory,x_blk_U,,0,0,0,4,0,64,112,2
vec_k8_l4_w14g8,vec,fit,fifo,cmd_rd_U,,0,99,0,0,0,2,65,1
vec_k8_l4_w14g8,vec,fit,fifo,desc_U,,0,99,0,0,0,2,65,1
vec_k8_l4_w14g8,vec,fit,fifo,iter_U,,0,99,0,0,0,2,65,1
vec_k8_l4_w14g8,vec,fit,fifo,m_in_c_U,,0,99,0,0,0,3,64,1
vec_k8_l4_w14g8,vec,fit,fifo,m_out_c_U,,0,99,0,0,0,7,64,1
vec_k8_l4_w14g8,vec,fit,fifo,rdata_U,,0,99,0,0,0,2,65,1
vec_k8_l4_w14g8,vec,fit,fifo,wdata_U,,0,99,0,0,0,2,65,1
vec_k8_l4_w14g8,vec,fit,instance,control_s_axi_U,,296,170,0,0,0,0,0,0
vec_k8_l4_w14g8,vec,fit,instance,entry_proc_U0,,29,2,0,0,0,0,0,0
vec_k8_l4_w14g8,vec,fit,instance,gmem0_m_axi_U,,823,725,0,4,0,0,0,0
vec_k8_l4_w14g8,vec,fit,instance,gmem1_m_axi_U,,811,719,0,4,0,0,0,0
vec_k8_l4_w14g8,vec,fit,unitemized,unitemized,,468,0,0,0,0,0,0,0
vec_k8_l4_w16g8,vec,fit,module,CgVecRx,cg_vec_rx_task_64_8_32_s,363,89,0,0,0,,,
vec_k8_l4_w16g8,vec,fit,module,MemRStream,mem_r_stream_framed_task_64_s,817,502,0,0,0,,,
vec_k8_l4_w16g8,vec,fit,module,CgVecLoad,cg_vec_load_task_64_8_32_4_2_s,10350,1743,0,0,0,,,
vec_k8_l4_w16g8,vec,fit,module,CgVec,cg_vec_task_64_8_32_4_2_s,16160,11127,48,24,0,,,
vec_k8_l4_w16g8,vec,fit,module,CgVecStore,cg_vec_store_task_64_8_32_4_2_s,3949,376,0,0,0,,,
vec_k8_l4_w16g8,vec,fit,module,MemWStream,mem_w_stream_framed_done_task_64_8_s,1613,2265,0,0,0,,,
vec_k8_l4_w16g8,vec,fit,memory,b_blk_U,,0,0,0,4,0,64,128,2
vec_k8_l4_w16g8,vec,fit,memory,s_blk_U,,0,0,0,4,0,64,128,2
vec_k8_l4_w16g8,vec,fit,memory,p_blk_U,,0,0,0,4,0,64,128,2
vec_k8_l4_w16g8,vec,fit,memory,x_blk_U,,0,0,0,4,0,64,128,2
vec_k8_l4_w16g8,vec,fit,fifo,cmd_rd_U,,0,99,0,0,0,2,65,1
vec_k8_l4_w16g8,vec,fit,fifo,desc_U,,0,99,0,0,0,2,65,1
vec_k8_l4_w16g8,vec,fit,fifo,iter_U,,0,99,0,0,0,2,65,1
vec_k8_l4_w16g8,vec,fit,fifo,m_in_c_U,,0,99,0,0,0,3,64,1
vec_k8_l4_w16g8,vec,fit,fifo,m_out_c_U,,0,99,0,0,0,7,64,1
vec_k8_l4_w16g8,vec,fit,fifo,rdata_U,,0,99,0,0,0,2,65,1
vec_k8_l4_w16g8,vec,fit,fifo,wdata_U,,0,99,0,0,0,2,65,1
vec_k8_l4_w16g8,vec,fit,instance,control_s_axi_U,,296,170,0,0,0,0,0,0
vec_k8_l4_w16g8,vec,fit,instance,entry_proc_U0,,29,2,0,0,0,0,0,0
vec_k8_l4_w16g8,vec,fit,instance,gmem0_m_axi_U,,823,725,0,4,0,0,0,0
vec_k8_l4_w16g8,vec,fit,instance,gmem1_m_axi_U,,811,719,0,4,0,0,0,0
vec_k8_l4_w16g8,vec,fit,unitemized,unitemized,,468,0,0,0,0,0,0,0
vec_k8_l4_w12g0,vec,fit,module,CgVecRx,cg_vec_rx_task_64_8_32_s,363,89,0,0,0,,,
vec_k8_l4_w12g0,vec,fit,module,MemRStream,mem_r_stream_framed_task_64_s,817,502,0,0,0,,,
vec_k8_l4_w12g0,vec,fit,module,CgVecLoad,cg_vec_load_task_64_8_32_4_2_s,7472,1583,0,0,0,,,
vec_k8_l4_w12g0,vec,fit,module,CgVec,cg_vec_task_64_8_32_4_2_s,12224,7408,48,0,0,,,
vec_k8_l4_w12g0,vec,fit,module,CgVecStore,cg_vec_store_task_64_8_32_4_2_s,3137,350,0,0,0,,,
vec_k8_l4_w12g0,vec,fit,module,MemWStream,mem_w_stream_framed_done_task_64_8_s,1613,2265,0,0,0,,,
vec_k8_l4_w12g0,vec,fit,memory,b_blk_U,,0,0,0,3,0,64,96,2
vec_k8_l4_w12g0,vec,fit,memory,s_blk_U,,0,0,0,3,0,64,96,2
vec_k8_l4_w12g0,vec,fit,memory,p_blk_U,,0,0,0,3,0,64,96,2
vec_k8_l4_w12g0,vec,fit,memory,x_blk_U,,0,0,0,3,0,64,96,2
vec_k8_l4_w12g0,vec,fit,fifo,cmd_rd_U,,0,99,0,0,0,2,65,1
vec_k8_l4_w12g0,vec,fit,fifo,desc_U,,0,99,0,0,0,2,65,1
vec_k8_l4_w12g0,vec,fit,fifo,iter_U,,0,99,0,0,0,2,65,1
vec_k8_l4_w12g0,vec,fit,fifo,m_in_c_U,,0,99,0,0,0,3,64,1
vec_k8_l4_w12g0,vec,fit,fifo,m_out_c_U,,0,99,0,0,0,7,64,1
vec_k8_l4_w12g0,vec,fit,fifo,rdata_U,,0,99,0,0,0,2,65,1
vec_k8_l4_w12g0,vec,fit,fifo,wdata_U,,0,99,0,0,0,2,65,1
vec_k8_l4_w12g0,vec,fit,instance,control_s_axi_U,,296,170,0,0,0,0,0,0
vec_k8_l4_w12g0,vec,fit,instance,entry_proc_U0,,29,2,0,0,0,0,0,0
vec_k8_l4_w12g0,vec,fit,instance,gmem0_m_axi_U,,823,725,0,4,0,0,0,0
vec_k8_l4_w12g0,vec,fit,instance,gmem1_m_axi_U,,811,719,0,4,0,0,0,0
vec_k8_l4_w12g0,vec,fit,unitemized,unitemized,,468,0,0,0,0,0,0,0
vec_k8_l4_w12g4,vec,fit,module,CgVecRx,cg_vec_rx_task_64_8_32_s,363,89,0,0,0,,,
vec_k8_l4_w12g4,vec,fit,module,MemRStream,mem_r_stream_framed_task_64_s,817,502,0,0,0,,,
vec_k8_l4_w12g4,vec,fit,module,CgVecLoad,cg_vec_load_task_64_8_32_4_2_s,7472,1583,0,0,0,,,
vec_k8_l4_w12g4,vec,fit,module,CgVec,cg_vec_task_64_8_32_4_2_s,13502,8300,48,0,0,,,
vec_k8_l4_w12g4,vec,fit,module,CgVecStore,cg_vec_store_task_64_8_32_4_2_s,3137,350,0,0,0,,,
vec_k8_l4_w12g4,vec,fit,module,MemWStream,mem_w_stream_framed_done_task_64_8_s,1613,2265,0,0,0,,,
vec_k8_l4_w12g4,vec,fit,memory,b_blk_U,,0,0,0,3,0,64,96,2
vec_k8_l4_w12g4,vec,fit,memory,s_blk_U,,0,0,0,3,0,64,96,2
vec_k8_l4_w12g4,vec,fit,memory,p_blk_U,,0,0,0,3,0,64,96,2
vec_k8_l4_w12g4,vec,fit,memory,x_blk_U,,0,0,0,3,0,64,96,2
vec_k8_l4_w12g4,vec,fit,fifo,cmd_rd_U,,0,99,0,0,0,2,65,1
vec_k8_l4_w12g4,vec,fit,fifo,desc_U,,0,99,0,0,0,2,65,1
vec_k8_l4_w12g4,vec,fit,fifo,iter_U,,0,99,0,0,0,2,65,1
vec_k8_l4_w12g4,vec,fit,fifo,m_in_c_U,,0,99,0,0,0,3,64,1
vec_k8_l4_w12g4,vec,fit,fifo,m_out_c_U,,0,99,0,0,0,7,64,1
vec_k8_l4_w12g4,vec,fit,fifo,rdata_U,,0,99,0,0,0,2,65,1
vec_k8_l4_w12g4,vec,fit,fifo,wdata_U,,0,99,0,0,0,2,65,1
vec_k8_l4_w12g4,vec,fit,instance,control_s_axi_U,,296,170,0,0,0,0,0,0
vec_k8_l4_w12g4,vec,fit,instance,entry_proc_U0,,29,2,0,0,0,0,0,0
vec_k8_l4_w12g4,vec,fit,instance,gmem0_m_axi_U,,823,725,0,4,0,0,0,0
vec_k8_l4_w12g4,vec,fit,instance,gmem1_m_axi_U,,811,719,0,4,0,0,0,0
vec_k8_l4_w12g4,vec,fit,unitemized,unitemized,,468,0,0,0,0,0,0,0
vec_k8_l1_w8g0,vec,fit,module,CgVecRx,cg_vec_rx_task_64_8_32_s,363,89,0,0,0,,,
vec_k8_l1_w8g0,vec,fit,module,MemRStream,mem_r_stream_framed_task_64_s,817,502,0,0,0,,,
vec_k8_l1_w8g0,vec,fit,module,CgVecLoad,cg_vec_load_task_64_8_32_1_2_s,822,191,0,0,0,,,
vec_k8_l1_w8g0,vec,fit,module,CgVec,cg_vec_task_64_8_32_1_2_s,4214,1966,3,6,0,,,
vec_k8_l1_w8g0,vec,fit,module,CgVecStore,cg_vec_store_task_64_8_32_1_2_s,583,240,0,0,0,,,
vec_k8_l1_w8g0,vec,fit,module,MemWStream,mem_w_stream_framed_done_task_64_8_s,1613,2265,0,0,0,,,
vec_k8_l1_w8g0,vec,fit,memory,b_blk_U,,0,0,0,2,0,256,16,2
vec_k8_l1_w8g0,vec,fit,memory,s_blk_U,,0,0,0,2,0,256,16,2
vec_k8_l1_w8g0,vec,fit,memory,p_blk_U,,0,0,0,2,0,256,16,2
vec_k8_l1_w8g0,vec,fit,memory,x_blk_U,,0,0,0,2,0,256,16,2
vec_k8_l1_w8g0,vec,fit,fifo,cmd_rd_U,,0,99,0,0,0,2,65,1
vec_k8_l1_w8g0,vec,fit,fifo,desc_U,,0,99,0,0,0,2,65,1
vec_k8_l1_w8g0,vec,fit,fifo,iter_U,,0,99,0,0,0,2,65,1
vec_k8_l1_w8g0,vec,fit,fifo,m_in_c_U,,0,99,0,0,0,3,64,1
vec_k8_l1_w8g0,vec,fit,fifo,m_out_c_U,,0,99,0,0,0,7,64,1
vec_k8_l1_w8g0,vec,fit,fifo,rdata_U,,0,99,0,0,0,2,65,1
vec_k8_l1_w8g0,vec,fit,fifo,wdata_U,,0,99,0,0,0,2,65,1
vec_k8_l1_w8g0,vec,fit,instance,control_s_axi_U,,296,170,0,0,0,0,0,0
vec_k8_l1_w8g0,vec,fit,instance,entry_proc_U0,,29,2,0,0,0,0,0,0
vec_k8_l1_w8g0,vec,fit,instance,gmem0_m_axi_U,,823,725,0,4,0,0,0,0
vec_k8_l1_w8g0,vec,fit,instance,gmem1_m_axi_U,,811,719,0,4,0,0,0,0
vec_k8_l1_w8g0,vec,fit,unitemized,unitemized,,468,0,0,0,0,0,0,0
vec_k8_l1_w8g8,vec,fit,module,CgVecRx,cg_vec_rx_task_64_8_32_s,363,89,0,0,0,,,
vec_k8_l1_w8g8,vec,fit,module,MemRStream,mem_r_stream_framed_task_64_s,817,502,0,0,0,,,
vec_k8_l1_w8g8,vec,fit,module,CgVecLoad,cg_vec_load_task_64_8_32_1_2_s,822,191,0,0,0,,,
vec_k8_l1_w8g8,vec,fit,module,CgVec,cg_vec_task_64_8_32_1_2_s,4853,2397,3,6,0,,,
vec_k8_l1_w8g8,vec,fit,module,CgVecStore,cg_vec_store_task_64_8_32_1_2_s,583,240,0,0,0,,,
vec_k8_l1_w8g8,vec,fit,module,MemWStream,mem_w_stream_framed_done_task_64_8_s,1613,2265,0,0,0,,,
vec_k8_l1_w8g8,vec,fit,memory,b_blk_U,,0,0,0,2,0,256,16,2
vec_k8_l1_w8g8,vec,fit,memory,s_blk_U,,0,0,0,2,0,256,16,2
vec_k8_l1_w8g8,vec,fit,memory,p_blk_U,,0,0,0,2,0,256,16,2
vec_k8_l1_w8g8,vec,fit,memory,x_blk_U,,0,0,0,2,0,256,16,2
vec_k8_l1_w8g8,vec,fit,fifo,cmd_rd_U,,0,99,0,0,0,2,65,1
vec_k8_l1_w8g8,vec,fit,fifo,desc_U,,0,99,0,0,0,2,65,1
vec_k8_l1_w8g8,vec,fit,fifo,iter_U,,0,99,0,0,0,2,65,1
vec_k8_l1_w8g8,vec,fit,fifo,m_in_c_U,,0,99,0,0,0,3,64,1
vec_k8_l1_w8g8,vec,fit,fifo,m_out_c_U,,0,99,0,0,0,7,64,1
vec_k8_l1_w8g8,vec,fit,fifo,rdata_U,,0,99,0,0,0,2,65,1
vec_k8_l1_w8g8,vec,fit,fifo,wdata_U,,0,99,0,0,0,2,65,1
vec_k8_l1_w8g8,vec,fit,instance,control_s_axi_U,,296,170,0,0,0,0,0,0
vec_k8_l1_w8g8,vec,fit,instance,entry_proc_U0,,29,2,0,0,0,0,0,0
vec_k8_l1_w8g8,vec,fit,instance,gmem0_m_axi_U,,823,725,0,4,0,0,0,0
vec_k8_l1_w8g8,vec,fit,instance,gmem1_m_axi_U,,811,719,0,4,0,0,0,0
vec_k8_l1_w8g8,vec,fit,unitemized,unitemized,,468,0,0,0,0,0,0,0
vec_k8_l1_w16g0,vec,fit,module,CgVecRx,cg_vec_rx_task_64_8_32_s,363,89,0,0,0,,,
vec_k8_l1_w16g0,vec,fit,module,MemRStream,mem_r_stream_framed_task_64_s,817,502,0,0,0,,,
vec_k8_l1_w16g0,vec,fit,module,CgVecLoad,cg_vec_load_task_64_8_32_1_2_s,510,91,0,0,0,,,
vec_k8_l1_w16g0,vec,fit,module,CgVec,cg_vec_task_64_8_32_1_2_s,4834,2848,12,6,0,,,
vec_k8_l1_w16g0,vec,fit,module,CgVecStore,cg_vec_store_task_64_8_32_1_2_s,583,240,0,0,0,,,
vec_k8_l1_w16g0,vec,fit,module,MemWStream,mem_w_stream_framed_done_task_64_8_s,1613,2265,0,0,0,,,
vec_k8_l1_w16g0,vec,fit,memory,b_blk_U,,0,0,0,4,0,256,32,2
vec_k8_l1_w16g0,vec,fit,memory,s_blk_U,,0,0,0,4,0,256,32,2
vec_k8_l1_w16g0,vec,fit,memory,p_blk_U,,0,0,0,4,0,256,32,2
vec_k8_l1_w16g0,vec,fit,memory,x_blk_U,,0,0,0,4,0,256,32,2
vec_k8_l1_w16g0,vec,fit,fifo,cmd_rd_U,,0,99,0,0,0,2,65,1
vec_k8_l1_w16g0,vec,fit,fifo,desc_U,,0,99,0,0,0,2,65,1
vec_k8_l1_w16g0,vec,fit,fifo,iter_U,,0,99,0,0,0,2,65,1
vec_k8_l1_w16g0,vec,fit,fifo,m_in_c_U,,0,99,0,0,0,3,64,1
vec_k8_l1_w16g0,vec,fit,fifo,m_out_c_U,,0,99,0,0,0,7,64,1
vec_k8_l1_w16g0,vec,fit,fifo,rdata_U,,0,99,0,0,0,2,65,1
vec_k8_l1_w16g0,vec,fit,fifo,wdata_U,,0,99,0,0,0,2,65,1
vec_k8_l1_w16g0,vec,fit,instance,control_s_axi_U,,296,170,0,0,0,0,0,0
vec_k8_l1_w16g0,vec,fit,instance,entry_proc_U0,,29,2,0,0,0,0,0,0
vec_k8_l1_w16g0,vec,fit,instance,gmem0_m_axi_U,,823,725,0,4,0,0,0,0
vec_k8_l1_w16g0,vec,fit,instance,gmem1_m_axi_U,,811,719,0,4,0,0,0,0
vec_k8_l1_w16g0,vec,fit,unitemized,unitemized,,468,0,0,0,0,0,0,0
vec_k8_l1_w16g8,vec,fit,module,CgVecRx,cg_vec_rx_task_64_8_32_s,363,89,0,0,0,,,
vec_k8_l1_w16g8,vec,fit,module,MemRStream,mem_r_stream_framed_task_64_s,817,502,0,0,0,,,
vec_k8_l1_w16g8,vec,fit,module,CgVecLoad,cg_vec_load_task_64_8_32_1_2_s,510,91,0,0,0,,,
vec_k8_l1_w16g8,vec,fit,module,CgVec,cg_vec_task_64_8_32_1_2_s,5523,3371,12,6,0,,,
vec_k8_l1_w16g8,vec,fit,module,CgVecStore,cg_vec_store_task_64_8_32_1_2_s,583,240,0,0,0,,,
vec_k8_l1_w16g8,vec,fit,module,MemWStream,mem_w_stream_framed_done_task_64_8_s,1613,2265,0,0,0,,,
vec_k8_l1_w16g8,vec,fit,memory,b_blk_U,,0,0,0,4,0,256,32,2
vec_k8_l1_w16g8,vec,fit,memory,s_blk_U,,0,0,0,4,0,256,32,2
vec_k8_l1_w16g8,vec,fit,memory,p_blk_U,,0,0,0,4,0,256,32,2
vec_k8_l1_w16g8,vec,fit,memory,x_blk_U,,0,0,0,4,0,256,32,2
vec_k8_l1_w16g8,vec,fit,fifo,cmd_rd_U,,0,99,0,0,0,2,65,1
vec_k8_l1_w16g8,vec,fit,fifo,desc_U,,0,99,0,0,0,2,65,1
vec_k8_l1_w16g8,vec,fit,fifo,iter_U,,0,99,0,0,0,2,65,1
vec_k8_l1_w16g8,vec,fit,fifo,m_in_c_U,,0,99,0,0,0,3,64,1
vec_k8_l1_w16g8,vec,fit,fifo,m_out_c_U,,0,99,0,0,0,7,64,1
vec_k8_l1_w16g8,vec,fit,fifo,rdata_U,,0,99,0,0,0,2,65,1
vec_k8_l1_w16g8,vec,fit,fifo,wdata_U,,0,99,0,0,0,2,65,1
vec_k8_l1_w16g8,vec,fit,instance,control_s_axi_U,,296,170,0,0,0,0,0,0
vec_k8_l1_w16g8,vec,fit,instance,entry_proc_U0,,29,2,0,0,0,0,0,0
vec_k8_l1_w16g8,vec,fit,instance,gmem0_m_axi_U,,823,725,0,4,0,0,0,0
vec_k8_l1_w16g8,vec,fit,instance,gmem1_m_axi_U,,811,719,0,4,0,0,0,0
vec_k8_l1_w16g8,vec,fit,unitemized,unitemized,,468,0,0,0,0,0,0,0
vec_k8_l16_w8g0,vec,fit,module,CgVecRx,cg_vec_rx_task_64_8_32_s,363,89,0,0,0,,,
vec_k8_l16_w8g0,vec,fit,module,MemRStream,mem_r_stream_framed_task_64_s,817,502,0,0,0,,,
vec_k8_l16_w8g0,vec,fit,module,CgVecLoad,cg_vec_load_task_64_8_32_16_2_s,22236,883,0,0,0,,,
vec_k8_l16_w8g0,vec,fit,module,CgVec,cg_vec_task_64_8_32_16_2_s,45097,21954,48,0,0,,,
vec_k8_l16_w8g0,vec,fit,module,CgVecStore,cg_vec_store_task_64_8_32_16_2_s,8165,324,0,0,0,,,
vec_k8_l16_w8g0,vec,fit,module,MemWStream,mem_w_stream_framed_done_task_64_8_s,1613,2265,0,0,0,,,
vec_k8_l16_w8g0,vec,fit,memory,b_blk_U,,0,0,0,8,0,16,256,2
vec_k8_l16_w8g0,vec,fit,memory,s_blk_U,,0,0,0,8,0,16,256,2
vec_k8_l16_w8g0,vec,fit,memory,p_blk_U,,0,0,0,8,0,16,256,2
vec_k8_l16_w8g0,vec,fit,memory,x_blk_U,,0,0,0,8,0,16,256,2
vec_k8_l16_w8g0,vec,fit,fifo,cmd_rd_U,,0,99,0,0,0,2,65,1
vec_k8_l16_w8g0,vec,fit,fifo,desc_U,,0,99,0,0,0,2,65,1
vec_k8_l16_w8g0,vec,fit,fifo,iter_U,,0,99,0,0,0,2,65,1
vec_k8_l16_w8g0,vec,fit,fifo,m_in_c_U,,0,99,0,0,0,3,64,1
vec_k8_l16_w8g0,vec,fit,fifo,m_out_c_U,,0,99,0,0,0,7,64,1
vec_k8_l16_w8g0,vec,fit,fifo,rdata_U,,0,99,0,0,0,2,65,1
vec_k8_l16_w8g0,vec,fit,fifo,wdata_U,,0,99,0,0,0,2,65,1
vec_k8_l16_w8g0,vec,fit,instance,control_s_axi_U,,296,170,0,0,0,0,0,0
vec_k8_l16_w8g0,vec,fit,instance,entry_proc_U0,,29,2,0,0,0,0,0,0
vec_k8_l16_w8g0,vec,fit,instance,gmem0_m_axi_U,,823,725,0,4,0,0,0,0
vec_k8_l16_w8g0,vec,fit,instance,gmem1_m_axi_U,,811,719,0,4,0,0,0,0
vec_k8_l16_w8g0,vec,fit,unitemized,unitemized,,468,0,0,0,0,0,0,0
vec_k8_l16_w8g8,vec,fit,module,CgVecRx,cg_vec_rx_task_64_8_32_s,363,89,0,0,0,,,
vec_k8_l16_w8g8,vec,fit,module,MemRStream,mem_r_stream_framed_task_64_s,817,502,0,0,0,,,
vec_k8_l16_w8g8,vec,fit,module,CgVecLoad,cg_vec_load_task_64_8_32_16_2_s,22236,883,0,0,0,,,
vec_k8_l16_w8g8,vec,fit,module,CgVec,cg_vec_task_64_8_32_16_2_s,51942,28205,48,0,0,,,
vec_k8_l16_w8g8,vec,fit,module,CgVecStore,cg_vec_store_task_64_8_32_16_2_s,8165,324,0,0,0,,,
vec_k8_l16_w8g8,vec,fit,module,MemWStream,mem_w_stream_framed_done_task_64_8_s,1613,2265,0,0,0,,,
vec_k8_l16_w8g8,vec,fit,memory,b_blk_U,,0,0,0,8,0,16,256,2
vec_k8_l16_w8g8,vec,fit,memory,s_blk_U,,0,0,0,8,0,16,256,2
vec_k8_l16_w8g8,vec,fit,memory,p_blk_U,,0,0,0,8,0,16,256,2
vec_k8_l16_w8g8,vec,fit,memory,x_blk_U,,0,0,0,8,0,16,256,2
vec_k8_l16_w8g8,vec,fit,fifo,cmd_rd_U,,0,99,0,0,0,2,65,1
vec_k8_l16_w8g8,vec,fit,fifo,desc_U,,0,99,0,0,0,2,65,1
vec_k8_l16_w8g8,vec,fit,fifo,iter_U,,0,99,0,0,0,2,65,1
vec_k8_l16_w8g8,vec,fit,fifo,m_in_c_U,,0,99,0,0,0,3,64,1
vec_k8_l16_w8g8,vec,fit,fifo,m_out_c_U,,0,99,0,0,0,7,64,1
vec_k8_l16_w8g8,vec,fit,fifo,rdata_U,,0,99,0,0,0,2,65,1
vec_k8_l16_w8g8,vec,fit,fifo,wdata_U,,0,99,0,0,0,2,65,1
vec_k8_l16_w8g8,vec,fit,instance,control_s_axi_U,,296,170,0,0,0,0,0,0
vec_k8_l16_w8g8,vec,fit,instance,entry_proc_U0,,29,2,0,0,0,0,0,0
vec_k8_l16_w8g8,vec,fit,instance,gmem0_m_axi_U,,823,725,0,4,0,0,0,0
vec_k8_l16_w8g8,vec,fit,instance,gmem1_m_axi_U,,811,719,0,4,0,0,0,0
vec_k8_l16_w8g8,vec,fit,unitemized,unitemized,,468,0,0,0,0,0,0,0
vec_k8_l16_w16g0,vec,fit,module,CgVecRx,cg_vec_rx_task_64_8_32_s,363,89,0,0,0,,,
vec_k8_l16_w16g0,vec,fit,module,MemRStream,mem_r_stream_framed_task_64_s,817,502,0,0,0,,,
vec_k8_l16_w16g0,vec,fit,module,CgVecLoad,cg_vec_load_task_64_8_32_16_2_s,47540,7119,0,0,0,,,
vec_k8_l16_w16g0,vec,fit,module,CgVec,cg_vec_task_64_8_32_16_2_s,51830,39617,192,0,0,,,
vec_k8_l16_w16g0,vec,fit,module,CgVecStore,cg_vec_store_task_64_8_32_16_2_s,17997,1540,0,0,0,,,
vec_k8_l16_w16g0,vec,fit,module,MemWStream,mem_w_stream_framed_done_task_64_8_s,1613,2265,0,0,0,,,
vec_k8_l16_w16g0,vec,fit,memory,b_blk_U,,0,0,0,15,0,16,512,2
vec_k8_l16_w16g0,vec,fit,memory,s_blk_U,,0,0,0,15,0,16,512,2
vec_k8_l16_w16g0,vec,fit,memory,p_blk_U,,0,0,0,15,0,16,512,2
vec_k8_l16_w16g0,vec,fit,memory,x_blk_U,,0,0,0,15,0,16,512,2
vec_k8_l16_w16g0,vec,fit,fifo,cmd_rd_U,,0,99,0,0,0,2,65,1
vec_k8_l16_w16g0,vec,fit,fifo,desc_U,,0,99,0,0,0,2,65,1
vec_k8_l16_w16g0,vec,fit,fifo,iter_U,,0,99,0,0,0,2,65,1
vec_k8_l16_w16g0,vec,fit,fifo,m_in_c_U,,0,99,0,0,0,3,64,1
vec_k8_l16_w16g0,vec,fit,fifo,m_out_c_U,,0,99,0,0,0,7,64,1
vec_k8_l16_w16g0,vec,fit,fifo,rdata_U,,0,99,0,0,0,2,65,1
vec_k8_l16_w16g0,vec,fit,fifo,wdata_U,,0,99,0,0,0,2,65,1
vec_k8_l16_w16g0,vec,fit,instance,control_s_axi_U,,296,170,0,0,0,0,0,0
vec_k8_l16_w16g0,vec,fit,instance,entry_proc_U0,,29,2,0,0,0,0,0,0
vec_k8_l16_w16g0,vec,fit,instance,gmem0_m_axi_U,,823,725,0,4,0,0,0,0
vec_k8_l16_w16g0,vec,fit,instance,gmem1_m_axi_U,,811,719,0,4,0,0,0,0
vec_k8_l16_w16g0,vec,fit,unitemized,unitemized,,468,0,0,0,0,0,0,0
vec_k8_l16_w16g8,vec,fit,module,CgVecRx,cg_vec_rx_task_64_8_32_s,363,89,0,0,0,,,
vec_k8_l16_w16g8,vec,fit,module,MemRStream,mem_r_stream_framed_task_64_s,817,502,0,0,0,,,
vec_k8_l16_w16g8,vec,fit,module,CgVecLoad,cg_vec_load_task_64_8_32_16_2_s,47540,7119,0,0,0,,,
vec_k8_l16_w16g8,vec,fit,module,CgVec,cg_vec_task_64_8_32_16_2_s,59100,47310,192,0,0,,,
vec_k8_l16_w16g8,vec,fit,module,CgVecStore,cg_vec_store_task_64_8_32_16_2_s,17997,1540,0,0,0,,,
vec_k8_l16_w16g8,vec,fit,module,MemWStream,mem_w_stream_framed_done_task_64_8_s,1613,2265,0,0,0,,,
vec_k8_l16_w16g8,vec,fit,memory,b_blk_U,,0,0,0,15,0,16,512,2
vec_k8_l16_w16g8,vec,fit,memory,s_blk_U,,0,0,0,15,0,16,512,2
vec_k8_l16_w16g8,vec,fit,memory,p_blk_U,,0,0,0,15,0,16,512,2
vec_k8_l16_w16g8,vec,fit,memory,x_blk_U,,0,0,0,15,0,16,512,2
vec_k8_l16_w16g8,vec,fit,fifo,cmd_rd_U,,0,99,0,0,0,2,65,1
vec_k8_l16_w16g8,vec,fit,fifo,desc_U,,0,99,0,0,0,2,65,1
vec_k8_l16_w16g8,vec,fit,fifo,iter_U,,0,99,0,0,0,2,65,1
vec_k8_l16_w16g8,vec,fit,fifo,m_in_c_U,,0,99,0,0,0,3,64,1
vec_k8_l16_w16g8,vec,fit,fifo,m_out_c_U,,0,99,0,0,0,7,64,1
vec_k8_l16_w16g8,vec,fit,fifo,rdata_U,,0,99,0,0,0,2,65,1
vec_k8_l16_w16g8,vec,fit,fifo,wdata_U,,0,99,0,0,0,2,65,1
vec_k8_l16_w16g8,vec,fit,instance,control_s_axi_U,,296,170,0,0,0,0,0,0
vec_k8_l16_w16g8,vec,fit,instance,entry_proc_U0,,29,2,0,0,0,0,0,0
vec_k8_l16_w16g8,vec,fit,instance,gmem0_m_axi_U,,823,725,0,4,0,0,0,0
vec_k8_l16_w16g8,vec,fit,instance,gmem1_m_axi_U,,811,719,0,4,0,0,0,0
vec_k8_l16_w16g8,vec,fit,unitemized,unitemized,,468,0,0,0,0,0,0,0
vec_k4_l1_w12g8,vec,fit,module,CgVecRx,cg_vec_rx_task_64_4_32_s,357,54,0,0,0,,,
vec_k4_l1_w12g8,vec,fit,module,MemRStream,mem_r_stream_framed_task_64_s,817,502,0,0,0,,,
vec_k4_l1_w12g8,vec,fit,module,CgVecLoad,cg_vec_load_task_64_4_32_1_2_s,894,215,0,0,0,,,
vec_k4_l1_w12g8,vec,fit,module,CgVec,cg_vec_task_64_4_32_1_2_s,4901,2776,12,6,0,,,
vec_k4_l1_w12g8,vec,fit,module,CgVecStore,cg_vec_store_task_64_4_32_1_2_s,575,236,0,0,0,,,
vec_k4_l1_w12g8,vec,fit,module,MemWStream,mem_w_stream_framed_done_task_64_8_s,1613,2265,0,0,0,,,
vec_k4_l1_w12g8,vec,fit,memory,b_blk_U,,0,0,0,4,0,128,24,2
vec_k4_l1_w12g8,vec,fit,memory,s_blk_U,,0,0,0,4,0,128,24,2
vec_k4_l1_w12g8,vec,fit,memory,p_blk_U,,0,0,0,4,0,128,24,2
vec_k4_l1_w12g8,vec,fit,memory,x_blk_U,,0,0,0,4,0,128,24,2
vec_k4_l1_w12g8,vec,fit,fifo,cmd_rd_U,,0,99,0,0,0,2,65,1
vec_k4_l1_w12g8,vec,fit,fifo,desc_U,,0,99,0,0,0,2,65,1
vec_k4_l1_w12g8,vec,fit,fifo,iter_U,,0,99,0,0,0,2,65,1
vec_k4_l1_w12g8,vec,fit,fifo,m_in_c_U,,0,99,0,0,0,3,64,1
vec_k4_l1_w12g8,vec,fit,fifo,m_out_c_U,,0,99,0,0,0,7,64,1
vec_k4_l1_w12g8,vec,fit,fifo,rdata_U,,0,99,0,0,0,2,65,1
vec_k4_l1_w12g8,vec,fit,fifo,wdata_U,,0,99,0,0,0,2,65,1
vec_k4_l1_w12g8,vec,fit,instance,control_s_axi_U,,296,170,0,0,0,0,0,0
vec_k4_l1_w12g8,vec,fit,instance,entry_proc_U0,,29,2,0,0,0,0,0,0
vec_k4_l1_w12g8,vec,fit,instance,gmem0_m_axi_U,,823,725,0,4,0,0,0,0
vec_k4_l1_w12g8,vec,fit,instance,gmem1_m_axi_U,,811,719,0,4,0,0,0,0
vec_k4_l1_w12g8,vec,fit,unitemized,unitemized,,468,0,0,0,0,0,0,0
vec_k4_l16_w12g8,vec,fit,module,CgVecRx,cg_vec_rx_task_64_4_32_s,357,54,0,0,0,,,
vec_k4_l16_w12g8,vec,fit,module,MemRStream,mem_r_stream_framed_task_64_s,817,502,0,0,0,,,
vec_k4_l16_w12g8,vec,fit,module,CgVecLoad,cg_vec_load_task_64_4_32_16_2_s,34624,1791,0,0,0,,,
vec_k4_l16_w12g8,vec,fit,module,CgVec,cg_vec_task_64_4_32_16_2_s,51250,35798,192,0,0,,,
vec_k4_l16_w12g8,vec,fit,module,CgVecStore,cg_vec_store_task_64_4_32_16_2_s,13133,1152,0,0,0,,,
vec_k4_l16_w12g8,vec,fit,module,MemWStream,mem_w_stream_framed_done_task_64_8_s,1613,2265,0,0,0,,,
vec_k4_l16_w12g8,vec,fit,memory,b_blk_U,,0,0,0,11,0,8,384,2
vec_k4_l16_w12g8,vec,fit,memory,s_blk_U,,0,0,0,11,0,8,384,2
vec_k4_l16_w12g8,vec,fit,memory,p_blk_U,,0,0,0,11,0,8,384,2
vec_k4_l16_w12g8,vec,fit,memory,x_blk_U,,0,0,0,11,0,8,384,2
vec_k4_l16_w12g8,vec,fit,fifo,cmd_rd_U,,0,99,0,0,0,2,65,1
vec_k4_l16_w12g8,vec,fit,fifo,desc_U,,0,99,0,0,0,2,65,1
vec_k4_l16_w12g8,vec,fit,fifo,iter_U,,0,99,0,0,0,2,65,1
vec_k4_l16_w12g8,vec,fit,fifo,m_in_c_U,,0,99,0,0,0,3,64,1
vec_k4_l16_w12g8,vec,fit,fifo,m_out_c_U,,0,99,0,0,0,7,64,1
vec_k4_l16_w12g8,vec,fit,fifo,rdata_U,,0,99,0,0,0,2,65,1
vec_k4_l16_w12g8,vec,fit,fifo,wdata_U,,0,99,0,0,0,2,65,1
vec_k4_l16_w12g8,vec,fit,instance,control_s_axi_U,,296,170,0,0,0,0,0,0
vec_k4_l16_w12g8,vec,fit,instance,entry_proc_U0,,29,2,0,0,0,0,0,0
vec_k4_l16_w12g8,vec,fit,instance,gmem0_m_axi_U,,823,725,0,4,0,0,0,0
vec_k4_l16_w12g8,vec,fit,instance,gmem1_m_axi_U,,811,719,0,4,0,0,0,0
vec_k4_l16_w12g8,vec,fit,unitemized,unitemized,,468,0,0,0,0,0,0,0
vec_k16_l1_w12g8,vec,fit,module,CgVecRx,cg_vec_rx_task_64_16_32_s,369,92,0,0,0,,,
vec_k16_l1_w12g8,vec,fit,module,MemRStream,mem_r_stream_framed_task_64_s,817,502,0,0,0,,,
vec_k16_l1_w12g8,vec,fit,module,CgVecLoad,cg_vec_load_task_64_16_32_1_2_s,906,231,0,0,0,,,
vec_k16_l1_w12g8,vec,fit,module,CgVec,cg_vec_task_64_16_32_1_2_s,4992,2833,12,6,0,,,
vec_k16_l1_w12g8,vec,fit,module,CgVecStore,cg_vec_store_task_64_16_32_1_2_s,590,244,0,0,0,,,
vec_k16_l1_w12g8,vec,fit,module,MemWStream,mem_w_stream_framed_done_task_64_8_s,1613,2265,0,0,0,,,
vec_k16_l1_w12g8,vec,fit,memory,b_blk_U,,0,0,0,4,0,512,24,2
vec_k16_l1_w12g8,vec,fit,memory,s_blk_U,,0,0,0,4,0,512,24,2
vec_k16_l1_w12g8,vec,fit,memory,p_blk_U,,0,0,0,4,0,512,24,2
vec_k16_l1_w12g8,vec,fit,memory,x_blk_U,,0,0,0,4,0,512,24,2
vec_k16_l1_w12g8,vec,fit,fifo,cmd_rd_U,,0,99,0,0,0,2,65,1
vec_k16_l1_w12g8,vec,fit,fifo,desc_U,,0,99,0,0,0,2,65,1
vec_k16_l1_w12g8,vec,fit,fifo,iter_U,,0,99,0,0,0,2,65,1
vec_k16_l1_w12g8,vec,fit,fifo,m_in_c_U,,0,99,0,0,0,3,64,1
vec_k16_l1_w12g8,vec,fit,fifo,m_out_c_U,,0,99,0,0,0,7,64,1
vec_k16_l1_w12g8,vec,fit,fifo,rdata_U,,0,99,0,0,0,2,65,1
vec_k16_l1_w12g8,vec,fit,fifo,wdata_U,,0,99,0,0,0,2,65,1
vec_k16_l1_w12g8,vec,fit,instance,control_s_axi_U,,296,170,0,0,0,0,0,0
vec_k16_l1_w12g8,vec,fit,instance,entry_proc_U0,,29,2,0,0,0,0,0,0
vec_k16_l1_w12g8,vec,fit,instance,gmem0_m_axi_U,,823,725,0,4,0,0,0,0
vec_k16_l1_w12g8,vec,fit,instance,gmem1_m_axi_U,,811,719,0,4,0,0,0,0
vec_k16_l1_w12g8,vec,fit,unitemized,unitemized,,468,0,0,0,0,0,0,0
vec_k16_l16_w12g8,vec,fit,module,CgVecRx,cg_vec_rx_task_64_16_32_s,369,92,0,0,0,,,
vec_k16_l16_w12g8,vec,fit,module,MemRStream,mem_r_stream_framed_task_64_s,817,502,0,0,0,,,
vec_k16_l16_w12g8,vec,fit,module,CgVecLoad,cg_vec_load_task_64_16_32_16_2_s,34636,1811,0,0,0,,,
vec_k16_l16_w12g8,vec,fit,module,CgVec,cg_vec_task_64_16_32_16_2_s,52552,36155,192,0,0,,,
vec_k16_l16_w12g8,vec,fit,module,CgVecStore,cg_vec_store_task_64_16_32_16_2_s,13148,1168,0,0,0,,,
vec_k16_l16_w12g8,vec,fit,module,MemWStream,mem_w_stream_framed_done_task_64_8_s,1613,2265,0,0,0,,,
vec_k16_l16_w12g8,vec,fit,memory,b_blk_U,,0,0,0,11,0,32,384,2
vec_k16_l16_w12g8,vec,fit,memory,s_blk_U,,0,0,0,11,0,32,384,2
vec_k16_l16_w12g8,vec,fit,memory,p_blk_U,,0,0,0,11,0,32,384,2
vec_k16_l16_w12g8,vec,fit,memory,x_blk_U,,0,0,0,11,0,32,384,2
vec_k16_l16_w12g8,vec,fit,fifo,cmd_rd_U,,0,99,0,0,0,2,65,1
vec_k16_l16_w12g8,vec,fit,fifo,desc_U,,0,99,0,0,0,2,65,1
vec_k16_l16_w12g8,vec,fit,fifo,iter_U,,0,99,0,0,0,2,65,1
vec_k16_l16_w12g8,vec,fit,fifo,m_in_c_U,,0,99,0,0,0,3,64,1
vec_k16_l16_w12g8,vec,fit,fifo,m_out_c_U,,0,99,0,0,0,7,64,1
vec_k16_l16_w12g8,vec,fit,fifo,rdata_U,,0,99,0,0,0,2,65,1
vec_k16_l16_w12g8,vec,fit,fifo,wdata_U,,0,99,0,0,0,2,65,1
vec_k16_l16_w12g8,vec,fit,instance,control_s_axi_U,,296,170,0,0,0,0,0,0
vec_k16_l16_w12g8,vec,fit,instance,entry_proc_U0,,29,2,0,0,0,0,0,0
vec_k16_l16_w12g8,vec,fit,instance,gmem0_m_axi_U,,823,725,0,4,0,0,0,0
vec_k16_l16_w12g8,vec,fit,instance,gmem1_m_axi_U,,811,719,0,4,0,0,0,0
vec_k16_l16_w12g8,vec,fit,unitemized,unitemized,,468,0,0,0,0,0,0,0
mm_k8_r4_c8_m4_w12_l4,mm,fit,module,CgMmRx,cg_mm_rx_task_64_8_32_s,363,89,0,0,0,,,
mm_k8_r4_c8_m4_w12_l4,mm,fit,module,MemRStream,mem_r_stream_framed_task_64_s,817,502,0,0,0,,,
mm_k8_r4_c8_m4_w12_l4,mm,fit,module,CgMmLoad,cg_mm_load_task_64_8_32_4_2_s,11779,1299,0,0,0,,,
mm_k8_r4_c8_m4_w12_l4,mm,fit,module,CgMm,cg_mm_task_64_8_32_4_4_8_4_2_s,9955,8593,128,0,0,,,
mm_k8_r4_c8_m4_w12_l4,mm,fit,module,CgMmStore,cg_mm_store_task_64_8_32_4_2_s,1657,214,0,0,0,,,
mm_k8_r4_c8_m4_w12_l4,mm,fit,module,MemWStream,mem_w_stream_framed_done_task_64_8_s,1613,2265,0,0,0,,,
mm_k8_r4_c8_m4_w12_l4,mm,fit,memory,a_blk_U,,0,0,0,6,0,8,192,2
mm_k8_r4_c8_m4_w12_l4,mm,fit,memory,p_blk_U,,0,0,0,3,0,64,96,2
mm_k8_r4_c8_m4_w12_l4,mm,fit,memory,s_blk_U,,0,0,0,3,0,64,96,2
mm_k8_r4_c8_m4_w12_l4,mm,fit,fifo,cmd_rd_U,,0,99,0,0,0,2,65,1
mm_k8_r4_c8_m4_w12_l4,mm,fit,fifo,desc_U,,0,99,0,0,0,2,65,1
mm_k8_r4_c8_m4_w12_l4,mm,fit,fifo,iter_U,,0,99,0,0,0,2,65,1
mm_k8_r4_c8_m4_w12_l4,mm,fit,fifo,m_in_c_U,,0,99,0,0,0,3,64,1
mm_k8_r4_c8_m4_w12_l4,mm,fit,fifo,m_out_c_U,,0,99,0,0,0,7,64,1
mm_k8_r4_c8_m4_w12_l4,mm,fit,fifo,rdata_U,,0,99,0,0,0,2,65,1
mm_k8_r4_c8_m4_w12_l4,mm,fit,fifo,wdata_U,,0,99,0,0,0,2,65,1
mm_k8_r4_c8_m4_w12_l4,mm,fit,instance,control_s_axi_U,,296,170,0,0,0,0,0,0
mm_k8_r4_c8_m4_w12_l4,mm,fit,instance,entry_proc_U0,,29,2,0,0,0,0,0,0
mm_k8_r4_c8_m4_w12_l4,mm,fit,instance,gmem0_m_axi_U,,823,725,0,4,0,0,0,0
mm_k8_r4_c8_m4_w12_l4,mm,fit,instance,gmem1_m_axi_U,,811,719,0,4,0,0,0,0
mm_k8_r4_c8_m4_w12_l4,mm,fit,unitemized,unitemized,,468,0,0,0,0,0,0,0
mm_k4_r4_c8_m4_w12_l4,mm,fit,module,CgMmRx,cg_mm_rx_task_64_4_32_s,357,54,0,0,0,,,
mm_k4_r4_c8_m4_w12_l4,mm,fit,module,MemRStream,mem_r_stream_framed_task_64_s,817,502,0,0,0,,,
mm_k4_r4_c8_m4_w12_l4,mm,fit,module,CgMmLoad,cg_mm_load_task_64_4_32_4_2_s,7395,1203,0,0,0,,,
mm_k4_r4_c8_m4_w12_l4,mm,fit,module,CgMm,cg_mm_task_64_4_32_4_4_8_4_2_s,8246,7168,128,0,0,,,
mm_k4_r4_c8_m4_w12_l4,mm,fit,module,CgMmStore,cg_mm_store_task_64_4_32_4_2_s,1652,217,0,0,0,,,
mm_k4_r4_c8_m4_w12_l4,mm,fit,module,MemWStream,mem_w_stream_framed_done_task_64_8_s,1613,2265,0,0,0,,,
mm_k4_r4_c8_m4_w12_l4,mm,fit,memory,a_blk_U,,12,96,0,0,0,4,96,2
mm_k4_r4_c8_m4_w12_l4,mm,fit,memory,p_blk_U,,0,0,0,3,0,32,96,2
mm_k4_r4_c8_m4_w12_l4,mm,fit,memory,s_blk_U,,0,0,0,3,0,32,96,2
mm_k4_r4_c8_m4_w12_l4,mm,fit,fifo,cmd_rd_U,,0,99,0,0,0,2,65,1
mm_k4_r4_c8_m4_w12_l4,mm,fit,fifo,desc_U,,0,99,0,0,0,2,65,1
mm_k4_r4_c8_m4_w12_l4,mm,fit,fifo,iter_U,,0,99,0,0,0,2,65,1
mm_k4_r4_c8_m4_w12_l4,mm,fit,fifo,m_in_c_U,,0,99,0,0,0,3,64,1
mm_k4_r4_c8_m4_w12_l4,mm,fit,fifo,m_out_c_U,,0,99,0,0,0,7,64,1
mm_k4_r4_c8_m4_w12_l4,mm,fit,fifo,rdata_U,,0,99,0,0,0,2,65,1
mm_k4_r4_c8_m4_w12_l4,mm,fit,fifo,wdata_U,,0,99,0,0,0,2,65,1
mm_k4_r4_c8_m4_w12_l4,mm,fit,instance,control_s_axi_U,,296,170,0,0,0,0,0,0
mm_k4_r4_c8_m4_w12_l4,mm,fit,instance,entry_proc_U0,,29,2,0,0,0,0,0,0
mm_k4_r4_c8_m4_w12_l4,mm,fit,instance,gmem0_m_axi_U,,823,725,0,4,0,0,0,0
mm_k4_r4_c8_m4_w12_l4,mm,fit,instance,gmem1_m_axi_U,,811,719,0,4,0,0,0,0
mm_k4_r4_c8_m4_w12_l4,mm,fit,unitemized,unitemized,,468,0,0,0,0,0,0,0
mm_k16_r4_c8_m4_w12_l4,mm,fit,module,CgMmRx,cg_mm_rx_task_64_16_32_s,369,92,0,0,0,,,
mm_k16_r4_c8_m4_w12_l4,mm,fit,module,MemRStream,mem_r_stream_framed_task_64_s,817,502,0,0,0,,,
mm_k16_r4_c8_m4_w12_l4,mm,fit,module,CgMmLoad,cg_mm_load_task_64_16_32_4_2_s,21118,1814,0,0,0,,,
mm_k16_r4_c8_m4_w12_l4,mm,fit,module,CgMm,cg_mm_task_64_16_32_4_4_8_4_2_s,15217,13676,128,0,0,,,
mm_k16_r4_c8_m4_w12_l4,mm,fit,module,CgMmStore,cg_mm_store_task_64_16_32_4_2_s,1661,217,0,0,0,,,
mm_k16_r4_c8_m4_w12_l4,mm,fit,module,MemWStream,mem_w_stream_framed_done_task_64_8_s,1613,2265,0,0,0,,,
mm_k16_r4_c8_m4_w12_l4,mm,fit,memory,a_blk_U,,0,0,0,11,0,16,384,2
mm_k16_r4_c8_m4_w12_l4,mm,fit,memory,p_blk_U,,0,0,0,3,0,128,96,2
mm_k16_r4_c8_m4_w12_l4,mm,fit,memory,s_blk_U,,0,0,0,3,0,128,96,2
mm_k16_r4_c8_m4_w12_l4,mm,fit,fifo,cmd_rd_U,,0,99,0,0,0,2,65,1
mm_k16_r4_c8_m4_w12_l4,mm,fit,fifo,desc_U,,0,99,0,0,0,2,65,1
mm_k16_r4_c8_m4_w12_l4,mm,fit,fifo,iter_U,,0,99,0,0,0,2,65,1
mm_k16_r4_c8_m4_w12_l4,mm,fit,fifo,m_in_c_U,,0,99,0,0,0,3,64,1
mm_k16_r4_c8_m4_w12_l4,mm,fit,fifo,m_out_c_U,,0,99,0,0,0,7,64,1
mm_k16_r4_c8_m4_w12_l4,mm,fit,fifo,rdata_U,,0,99,0,0,0,2,65,1
mm_k16_r4_c8_m4_w12_l4,mm,fit,fifo,wdata_U,,0,99,0,0,0,2,65,1
mm_k16_r4_c8_m4_w12_l4,mm,fit,instance,control_s_axi_U,,296,170,0,0,0,0,0,0
mm_k16_r4_c8_m4_w12_l4,mm,fit,instance,entry_proc_U0,,29,2,0,0,0,0,0,0
mm_k16_r4_c8_m4_w12_l4,mm,fit,instance,gmem0_m_axi_U,,823,725,0,4,0,0,0,0
mm_k16_r4_c8_m4_w12_l4,mm,fit,instance,gmem1_m_axi_U,,811,719,0,4,0,0,0,0
mm_k16_r4_c8_m4_w12_l4,mm,fit,unitemized,unitemized,,468,0,0,0,0,0,0,0
mm_k8_r1_c8_m4_w12_l4,mm,fit,module,CgMmRx,cg_mm_rx_task_64_8_32_s,363,89,0,0,0,,,
mm_k8_r1_c8_m4_w12_l4,mm,fit,module,MemRStream,mem_r_stream_framed_task_64_s,817,502,0,0,0,,,
mm_k8_r1_c8_m4_w12_l4,mm,fit,module,CgMmLoad,cg_mm_load_task_64_8_32_4_2_s,11779,1299,0,0,0,,,
mm_k8_r1_c8_m4_w12_l4,mm,fit,module,CgMm,cg_mm_task_64_8_32_4_1_8_4_2_s,5794,3885,32,0,0,,,
mm_k8_r1_c8_m4_w12_l4,mm,fit,module,CgMmStore,cg_mm_store_task_64_8_32_4_2_s,1657,214,0,0,0,,,
mm_k8_r1_c8_m4_w12_l4,mm,fit,module,MemWStream,mem_w_stream_framed_done_task_64_8_s,1613,2265,0,0,0,,,
mm_k8_r1_c8_m4_w12_l4,mm,fit,memory,a_blk_U,,0,0,0,6,0,8,192,2
mm_k8_r1_c8_m4_w12_l4,mm,fit,memory,p_blk_U,,0,0,0,3,0,64,96,2
mm_k8_r1_c8_m4_w12_l4,mm,fit,memory,s_blk_U,,0,0,0,3,0,64,96,2
mm_k8_r1_c8_m4_w12_l4,mm,fit,fifo,cmd_rd_U,,0,99,0,0,0,2,65,1
mm_k8_r1_c8_m4_w12_l4,mm,fit,fifo,desc_U,,0,99,0,0,0,2,65,1
mm_k8_r1_c8_m4_w12_l4,mm,fit,fifo,iter_U,,0,99,0,0,0,2,65,1
mm_k8_r1_c8_m4_w12_l4,mm,fit,fifo,m_in_c_U,,0,99,0,0,0,3,64,1
mm_k8_r1_c8_m4_w12_l4,mm,fit,fifo,m_out_c_U,,0,99,0,0,0,7,64,1
mm_k8_r1_c8_m4_w12_l4,mm,fit,fifo,rdata_U,,0,99,0,0,0,2,65,1
mm_k8_r1_c8_m4_w12_l4,mm,fit,fifo,wdata_U,,0,99,0,0,0,2,65,1
mm_k8_r1_c8_m4_w12_l4,mm,fit,instance,control_s_axi_U,,296,170,0,0,0,0,0,0
mm_k8_r1_c8_m4_w12_l4,mm,fit,instance,entry_proc_U0,,29,2,0,0,0,0,0,0
mm_k8_r1_c8_m4_w12_l4,mm,fit,instance,gmem0_m_axi_U,,823,725,0,4,0,0,0,0
mm_k8_r1_c8_m4_w12_l4,mm,fit,instance,gmem1_m_axi_U,,811,719,0,4,0,0,0,0
mm_k8_r1_c8_m4_w12_l4,mm,fit,unitemized,unitemized,,468,0,0,0,0,0,0,0
mm_k8_r2_c8_m4_w12_l4,mm,fit,module,CgMmRx,cg_mm_rx_task_64_8_32_s,363,89,0,0,0,,,
mm_k8_r2_c8_m4_w12_l4,mm,fit,module,MemRStream,mem_r_stream_framed_task_64_s,817,502,0,0,0,,,
mm_k8_r2_c8_m4_w12_l4,mm,fit,module,CgMmLoad,cg_mm_load_task_64_8_32_4_2_s,11779,1299,0,0,0,,,
mm_k8_r2_c8_m4_w12_l4,mm,fit,module,CgMm,cg_mm_task_64_8_32_4_2_8_4_2_s,7409,5440,64,0,0,,,
mm_k8_r2_c8_m4_w12_l4,mm,fit,module,CgMmStore,cg_mm_store_task_64_8_32_4_2_s,1657,214,0,0,0,,,
mm_k8_r2_c8_m4_w12_l4,mm,fit,module,MemWStream,mem_w_stream_framed_done_task_64_8_s,1613,2265,0,0,0,,,
mm_k8_r2_c8_m4_w12_l4,mm,fit,memory,a_blk_U,,0,0,0,6,0,8,192,2
mm_k8_r2_c8_m4_w12_l4,mm,fit,memory,p_blk_U,,0,0,0,3,0,64,96,2
mm_k8_r2_c8_m4_w12_l4,mm,fit,memory,s_blk_U,,0,0,0,3,0,64,96,2
mm_k8_r2_c8_m4_w12_l4,mm,fit,fifo,cmd_rd_U,,0,99,0,0,0,2,65,1
mm_k8_r2_c8_m4_w12_l4,mm,fit,fifo,desc_U,,0,99,0,0,0,2,65,1
mm_k8_r2_c8_m4_w12_l4,mm,fit,fifo,iter_U,,0,99,0,0,0,2,65,1
mm_k8_r2_c8_m4_w12_l4,mm,fit,fifo,m_in_c_U,,0,99,0,0,0,3,64,1
mm_k8_r2_c8_m4_w12_l4,mm,fit,fifo,m_out_c_U,,0,99,0,0,0,7,64,1
mm_k8_r2_c8_m4_w12_l4,mm,fit,fifo,rdata_U,,0,99,0,0,0,2,65,1
mm_k8_r2_c8_m4_w12_l4,mm,fit,fifo,wdata_U,,0,99,0,0,0,2,65,1
mm_k8_r2_c8_m4_w12_l4,mm,fit,instance,control_s_axi_U,,296,170,0,0,0,0,0,0
mm_k8_r2_c8_m4_w12_l4,mm,fit,instance,entry_proc_U0,,29,2,0,0,0,0,0,0
mm_k8_r2_c8_m4_w12_l4,mm,fit,instance,gmem0_m_axi_U,,823,725,0,4,0,0,0,0
mm_k8_r2_c8_m4_w12_l4,mm,fit,instance,gmem1_m_axi_U,,811,719,0,4,0,0,0,0
mm_k8_r2_c8_m4_w12_l4,mm,fit,unitemized,unitemized,,468,0,0,0,0,0,0,0
mm_k8_r8_c8_m4_w12_l4,mm,fit,module,CgMmRx,cg_mm_rx_task_64_8_32_s,363,89,0,0,0,,,
mm_k8_r8_c8_m4_w12_l4,mm,fit,module,MemRStream,mem_r_stream_framed_task_64_s,817,502,0,0,0,,,
mm_k8_r8_c8_m4_w12_l4,mm,fit,module,CgMmLoad,cg_mm_load_task_64_8_32_4_2_s,11779,1299,0,0,0,,,
mm_k8_r8_c8_m4_w12_l4,mm,fit,module,CgMm,cg_mm_task_64_8_32_4_8_8_4_2_s,15214,14909,256,0,0,,,
mm_k8_r8_c8_m4_w12_l4,mm,fit,module,CgMmStore,cg_mm_store_task_64_8_32_4_2_s,1657,214,0,0,0,,,
mm_k8_r8_c8_m4_w12_l4,mm,fit,module,MemWStream,mem_w_stream_framed_done_task_64_8_s,1613,2265,0,0,0,,,
mm_k8_r8_c8_m4_w12_l4,mm,fit,memory,a_blk_U,,0,0,0,6,0,8,192,2
mm_k8_r8_c8_m4_w12_l4,mm,fit,memory,p_blk_U,,0,0,0,3,0,64,96,2
mm_k8_r8_c8_m4_w12_l4,mm,fit,memory,s_blk_U,,0,0,0,3,0,64,96,2
mm_k8_r8_c8_m4_w12_l4,mm,fit,fifo,cmd_rd_U,,0,99,0,0,0,2,65,1
mm_k8_r8_c8_m4_w12_l4,mm,fit,fifo,desc_U,,0,99,0,0,0,2,65,1
mm_k8_r8_c8_m4_w12_l4,mm,fit,fifo,iter_U,,0,99,0,0,0,2,65,1
mm_k8_r8_c8_m4_w12_l4,mm,fit,fifo,m_in_c_U,,0,99,0,0,0,3,64,1
mm_k8_r8_c8_m4_w12_l4,mm,fit,fifo,m_out_c_U,,0,99,0,0,0,7,64,1
mm_k8_r8_c8_m4_w12_l4,mm,fit,fifo,rdata_U,,0,99,0,0,0,2,65,1
mm_k8_r8_c8_m4_w12_l4,mm,fit,fifo,wdata_U,,0,99,0,0,0,2,65,1
mm_k8_r8_c8_m4_w12_l4,mm,fit,instance,control_s_axi_U,,296,170,0,0,0,0,0,0
mm_k8_r8_c8_m4_w12_l4,mm,fit,instance,entry_proc_U0,,29,2,0,0,0,0,0,0
mm_k8_r8_c8_m4_w12_l4,mm,fit,instance,gmem0_m_axi_U,,823,725,0,4,0,0,0,0
mm_k8_r8_c8_m4_w12_l4,mm,fit,instance,gmem1_m_axi_U,,811,719,0,4,0,0,0,0
mm_k8_r8_c8_m4_w12_l4,mm,fit,unitemized,unitemized,,468,0,0,0,0,0,0,0
mm_k8_r4_c4_m4_w12_l4,mm,fit,module,CgMmRx,cg_mm_rx_task_64_8_32_s,363,89,0,0,0,,,
mm_k8_r4_c4_m4_w12_l4,mm,fit,module,MemRStream,mem_r_stream_framed_task_64_s,817,502,0,0,0,,,
mm_k8_r4_c4_m4_w12_l4,mm,fit,module,CgMmLoad,cg_mm_load_task_64_8_32_4_2_s,11779,1299,0,0,0,,,
mm_k8_r4_c4_m4_w12_l4,mm,fit,module,CgMm,cg_mm_task_64_8_32_4_4_4_4_2_s,6416,5391,64,0,0,,,
mm_k8_r4_c4_m4_w12_l4,mm,fit,module,CgMmStore,cg_mm_store_task_64_8_32_4_2_s,1657,214,0,0,0,,,
mm_k8_r4_c4_m4_w12_l4,mm,fit,module,MemWStream,mem_w_stream_framed_done_task_64_8_s,1613,2265,0,0,0,,,
mm_k8_r4_c4_m4_w12_l4,mm,fit,memory,a_blk_U,,0,0,0,6,0,8,192,2
mm_k8_r4_c4_m4_w12_l4,mm,fit,memory,p_blk_U,,0,0,0,3,0,64,96,2
mm_k8_r4_c4_m4_w12_l4,mm,fit,memory,s_blk_U,,0,0,0,3,0,64,96,2
mm_k8_r4_c4_m4_w12_l4,mm,fit,fifo,cmd_rd_U,,0,99,0,0,0,2,65,1
mm_k8_r4_c4_m4_w12_l4,mm,fit,fifo,desc_U,,0,99,0,0,0,2,65,1
mm_k8_r4_c4_m4_w12_l4,mm,fit,fifo,iter_U,,0,99,0,0,0,2,65,1
mm_k8_r4_c4_m4_w12_l4,mm,fit,fifo,m_in_c_U,,0,99,0,0,0,3,64,1
mm_k8_r4_c4_m4_w12_l4,mm,fit,fifo,m_out_c_U,,0,99,0,0,0,7,64,1
mm_k8_r4_c4_m4_w12_l4,mm,fit,fifo,rdata_U,,0,99,0,0,0,2,65,1
mm_k8_r4_c4_m4_w12_l4,mm,fit,fifo,wdata_U,,0,99,0,0,0,2,65,1
mm_k8_r4_c4_m4_w12_l4,mm,fit,instance,control_s_axi_U,,296,170,0,0,0,0,0,0
mm_k8_r4_c4_m4_w12_l4,mm,fit,instance,entry_proc_U0,,29,2,0,0,0,0,0,0
mm_k8_r4_c4_m4_w12_l4,mm,fit,instance,gmem0_m_axi_U,,823,725,0,4,0,0,0,0
mm_k8_r4_c4_m4_w12_l4,mm,fit,instance,gmem1_m_axi_U,,811,719,0,4,0,0,0,0
mm_k8_r4_c4_m4_w12_l4,mm,fit,unitemized,unitemized,,468,0,0,0,0,0,0,0
mm_k8_r4_c16_m4_w12_l4,mm,fit,module,CgMmRx,cg_mm_rx_task_64_8_32_s,363,89,0,0,0,,,
mm_k8_r4_c16_m4_w12_l4,mm,fit,module,MemRStream,mem_r_stream_framed_task_64_s,817,502,0,0,0,,,
mm_k8_r4_c16_m4_w12_l4,mm,fit,module,CgMmLoad,cg_mm_load_task_64_8_32_4_2_s,11779,1299,0,0,0,,,
mm_k8_r4_c16_m4_w12_l4,mm,fit,module,CgMm,cg_mm_task_64_8_32_4_4_16_4_2_s,14788,15897,256,0,0,,,
mm_k8_r4_c16_m4_w12_l4,mm,fit,module,CgMmStore,cg_mm_store_task_64_8_32_4_2_s,1657,214,0,0,0,,,
mm_k8_r4_c16_m4_w12_l4,mm,fit,module,MemWStream,mem_w_stream_framed_done_task_64_8_s,1613,2265,0,0,0,,,
mm_k8_r4_c16_m4_w12_l4,mm,fit,memory,a_blk_U,,0,0,0,6,0,8,192,2
mm_k8_r4_c16_m4_w12_l4,mm,fit,memory,p_blk_U,,0,0,0,3,0,64,96,2
mm_k8_r4_c16_m4_w12_l4,mm,fit,memory,s_blk_U,,0,0,0,3,0,64,96,2
mm_k8_r4_c16_m4_w12_l4,mm,fit,fifo,cmd_rd_U,,0,99,0,0,0,2,65,1
mm_k8_r4_c16_m4_w12_l4,mm,fit,fifo,desc_U,,0,99,0,0,0,2,65,1
mm_k8_r4_c16_m4_w12_l4,mm,fit,fifo,iter_U,,0,99,0,0,0,2,65,1
mm_k8_r4_c16_m4_w12_l4,mm,fit,fifo,m_in_c_U,,0,99,0,0,0,3,64,1
mm_k8_r4_c16_m4_w12_l4,mm,fit,fifo,m_out_c_U,,0,99,0,0,0,7,64,1
mm_k8_r4_c16_m4_w12_l4,mm,fit,fifo,rdata_U,,0,99,0,0,0,2,65,1
mm_k8_r4_c16_m4_w12_l4,mm,fit,fifo,wdata_U,,0,99,0,0,0,2,65,1
mm_k8_r4_c16_m4_w12_l4,mm,fit,instance,control_s_axi_U,,296,170,0,0,0,0,0,0
mm_k8_r4_c16_m4_w12_l4,mm,fit,instance,entry_proc_U0,,29,2,0,0,0,0,0,0
mm_k8_r4_c16_m4_w12_l4,mm,fit,instance,gmem0_m_axi_U,,823,725,0,4,0,0,0,0
mm_k8_r4_c16_m4_w12_l4,mm,fit,instance,gmem1_m_axi_U,,811,719,0,4,0,0,0,0
mm_k8_r4_c16_m4_w12_l4,mm,fit,unitemized,unitemized,,468,0,0,0,0,0,0,0
mm_k8_r4_c32_m4_w12_l4,mm,fit,module,CgMmRx,cg_mm_rx_task_64_8_32_s,363,89,0,0,0,,,
mm_k8_r4_c32_m4_w12_l4,mm,fit,module,MemRStream,mem_r_stream_framed_task_64_s,817,502,0,0,0,,,
mm_k8_r4_c32_m4_w12_l4,mm,fit,module,CgMmLoad,cg_mm_load_task_64_8_32_4_2_s,11779,1299,0,0,0,,,
mm_k8_r4_c32_m4_w12_l4,mm,fit,module,CgMm,cg_mm_task_64_8_32_4_4_32_4_2_s,25746,28704,512,0,0,,,
mm_k8_r4_c32_m4_w12_l4,mm,fit,module,CgMmStore,cg_mm_store_task_64_8_32_4_2_s,1657,214,0,0,0,,,
mm_k8_r4_c32_m4_w12_l4,mm,fit,module,MemWStream,mem_w_stream_framed_done_task_64_8_s,1613,2265,0,0,0,,,
mm_k8_r4_c32_m4_w12_l4,mm,fit,memory,a_blk_U,,0,0,0,6,0,8,192,2
mm_k8_r4_c32_m4_w12_l4,mm,fit,memory,p_blk_U,,0,0,0,3,0,64,96,2
mm_k8_r4_c32_m4_w12_l4,mm,fit,memory,s_blk_U,,0,0,0,3,0,64,96,2
mm_k8_r4_c32_m4_w12_l4,mm,fit,fifo,cmd_rd_U,,0,99,0,0,0,2,65,1
mm_k8_r4_c32_m4_w12_l4,mm,fit,fifo,desc_U,,0,99,0,0,0,2,65,1
mm_k8_r4_c32_m4_w12_l4,mm,fit,fifo,iter_U,,0,99,0,0,0,2,65,1
mm_k8_r4_c32_m4_w12_l4,mm,fit,fifo,m_in_c_U,,0,99,0,0,0,3,64,1
mm_k8_r4_c32_m4_w12_l4,mm,fit,fifo,m_out_c_U,,0,99,0,0,0,7,64,1
mm_k8_r4_c32_m4_w12_l4,mm,fit,fifo,rdata_U,,0,99,0,0,0,2,65,1
mm_k8_r4_c32_m4_w12_l4,mm,fit,fifo,wdata_U,,0,99,0,0,0,2,65,1
mm_k8_r4_c32_m4_w12_l4,mm,fit,instance,control_s_axi_U,,296,170,0,0,0,0,0,0
mm_k8_r4_c32_m4_w12_l4,mm,fit,instance,entry_proc_U0,,29,2,0,0,0,0,0,0
mm_k8_r4_c32_m4_w12_l4,mm,fit,instance,gmem0_m_axi_U,,823,725,0,4,0,0,0,0
mm_k8_r4_c32_m4_w12_l4,mm,fit,instance,gmem1_m_axi_U,,811,719,0,4,0,0,0,0
mm_k8_r4_c32_m4_w12_l4,mm,fit,unitemized,unitemized,,468,0,0,0,0,0,0,0
mm_k8_r4_c8_m3_w12_l4,mm,fit,module,CgMmRx,cg_mm_rx_task_64_8_32_s,363,89,0,0,0,,,
mm_k8_r4_c8_m3_w12_l4,mm,fit,module,MemRStream,mem_r_stream_framed_task_64_s,817,502,0,0,0,,,
mm_k8_r4_c8_m3_w12_l4,mm,fit,module,CgMmLoad,cg_mm_load_task_64_8_32_4_2_s,11779,1299,0,0,0,,,
mm_k8_r4_c8_m3_w12_l4,mm,fit,module,CgMm,cg_mm_task_64_8_32_4_4_8_3_2_s,9635,6855,96,0,0,,,
mm_k8_r4_c8_m3_w12_l4,mm,fit,module,CgMmStore,cg_mm_store_task_64_8_32_4_2_s,1657,214,0,0,0,,,
mm_k8_r4_c8_m3_w12_l4,mm,fit,module,MemWStream,mem_w_stream_framed_done_task_64_8_s,1613,2265,0,0,0,,,
mm_k8_r4_c8_m3_w12_l4,mm,fit,memory,a_blk_U,,0,0,0,6,0,8,192,2
mm_k8_r4_c8_m3_w12_l4,mm,fit,memory,p_blk_U,,0,0,0,3,0,64,96,2
mm_k8_r4_c8_m3_w12_l4,mm,fit,memory,s_blk_U,,0,0,0,3,0,64,96,2
mm_k8_r4_c8_m3_w12_l4,mm,fit,fifo,cmd_rd_U,,0,99,0,0,0,2,65,1
mm_k8_r4_c8_m3_w12_l4,mm,fit,fifo,desc_U,,0,99,0,0,0,2,65,1
mm_k8_r4_c8_m3_w12_l4,mm,fit,fifo,iter_U,,0,99,0,0,0,2,65,1
mm_k8_r4_c8_m3_w12_l4,mm,fit,fifo,m_in_c_U,,0,99,0,0,0,3,64,1
mm_k8_r4_c8_m3_w12_l4,mm,fit,fifo,m_out_c_U,,0,99,0,0,0,7,64,1
mm_k8_r4_c8_m3_w12_l4,mm,fit,fifo,rdata_U,,0,99,0,0,0,2,65,1
mm_k8_r4_c8_m3_w12_l4,mm,fit,fifo,wdata_U,,0,99,0,0,0,2,65,1
mm_k8_r4_c8_m3_w12_l4,mm,fit,instance,control_s_axi_U,,296,170,0,0,0,0,0,0
mm_k8_r4_c8_m3_w12_l4,mm,fit,instance,entry_proc_U0,,29,2,0,0,0,0,0,0
mm_k8_r4_c8_m3_w12_l4,mm,fit,instance,gmem0_m_axi_U,,823,725,0,4,0,0,0,0
mm_k8_r4_c8_m3_w12_l4,mm,fit,instance,gmem1_m_axi_U,,811,719,0,4,0,0,0,0
mm_k8_r4_c8_m3_w12_l4,mm,fit,unitemized,unitemized,,468,0,0,0,0,0,0,0
mm_k8_r4_c8_m4_w8_l4,mm,fit,module,CgMmRx,cg_mm_rx_task_64_8_32_s,363,89,0,0,0,,,
mm_k8_r4_c8_m4_w8_l4,mm,fit,module,MemRStream,mem_r_stream_framed_task_64_s,817,502,0,0,0,,,
mm_k8_r4_c8_m4_w8_l4,mm,fit,module,CgMmLoad,cg_mm_load_task_64_8_32_4_2_s,8131,815,0,0,0,,,
mm_k8_r4_c8_m4_w8_l4,mm,fit,module,CgMm,cg_mm_task_64_8_32_4_4_8_4_2_s,11171,5897,64,0,0,,,
mm_k8_r4_c8_m4_w8_l4,mm,fit,module,CgMmStore,cg_mm_store_task_64_8_32_4_2_s,1087,195,0,0,0,,,
mm_k8_r4_c8_m4_w8_l4,mm,fit,module,MemWStream,mem_w_stream_framed_done_task_64_8_s,1613,2265,0,0,0,,,
mm_k8_r4_c8_m4_w8_l4,mm,fit,memory,a_blk_U,,0,0,0,4,0,8,128,2
mm_k8_r4_c8_m4_w8_l4,mm,fit,memory,p_blk_U,,0,0,0,2,0,64,64,2
mm_k8_r4_c8_m4_w8_l4,mm,fit,memory,s_blk_U,,0,0,0,2,0,64,64,2
mm_k8_r4_c8_m4_w8_l4,mm,fit,fifo,cmd_rd_U,,0,99,0,0,0,2,65,1
mm_k8_r4_c8_m4_w8_l4,mm,fit,fifo,desc_U,,0,99,0,0,0,2,65,1
mm_k8_r4_c8_m4_w8_l4,mm,fit,fifo,iter_U,,0,99,0,0,0,2,65,1
mm_k8_r4_c8_m4_w8_l4,mm,fit,fifo,m_in_c_U,,0,99,0,0,0,3,64,1
mm_k8_r4_c8_m4_w8_l4,mm,fit,fifo,m_out_c_U,,0,99,0,0,0,7,64,1
mm_k8_r4_c8_m4_w8_l4,mm,fit,fifo,rdata_U,,0,99,0,0,0,2,65,1
mm_k8_r4_c8_m4_w8_l4,mm,fit,fifo,wdata_U,,0,99,0,0,0,2,65,1
mm_k8_r4_c8_m4_w8_l4,mm,fit,instance,control_s_axi_U,,296,170,0,0,0,0,0,0
mm_k8_r4_c8_m4_w8_l4,mm,fit,instance,entry_proc_U0,,29,2,0,0,0,0,0,0
mm_k8_r4_c8_m4_w8_l4,mm,fit,instance,gmem0_m_axi_U,,823,725,0,4,0,0,0,0
mm_k8_r4_c8_m4_w8_l4,mm,fit,instance,gmem1_m_axi_U,,811,719,0,4,0,0,0,0
mm_k8_r4_c8_m4_w8_l4,mm,fit,unitemized,unitemized,,468,0,0,0,0,0,0,0
mm_k8_r4_c8_m4_w10_l4,mm,fit,module,CgMmRx,cg_mm_rx_task_64_8_32_s,363,89,0,0,0,,,
mm_k8_r4_c8_m4_w10_l4,mm,fit,module,MemRStream,mem_r_stream_framed_task_64_s,817,502,0,0,0,,,
mm_k8_r4_c8_m4_w10_l4,mm,fit,module,CgMmLoad,cg_mm_load_task_64_8_32_4_2_s,9860,952,0,0,0,,,
mm_k8_r4_c8_m4_w10_l4,mm,fit,module,CgMm,cg_mm_task_64_8_32_4_4_8_4_2_s,13131,7245,64,0,0,,,
mm_k8_r4_c8_m4_w10_l4,mm,fit,module,CgMmStore,cg_mm_store_task_64_8_32_4_2_s,1378,203,0,0,0,,,
mm_k8_r4_c8_m4_w10_l4,mm,fit,module,MemWStream,mem_w_stream_framed_done_task_64_8_s,1613,2265,0,0,0,,,
mm_k8_r4_c8_m4_w10_l4,mm,fit,memory,a_blk_U,,0,0,0,5,0,8,160,2
mm_k8_r4_c8_m4_w10_l4,mm,fit,memory,p_blk_U,,0,0,0,3,0,64,80,2
mm_k8_r4_c8_m4_w10_l4,mm,fit,memory,s_blk_U,,0,0,0,3,0,64,80,2
mm_k8_r4_c8_m4_w10_l4,mm,fit,fifo,cmd_rd_U,,0,99,0,0,0,2,65,1
mm_k8_r4_c8_m4_w10_l4,mm,fit,fifo,desc_U,,0,99,0,0,0,2,65,1
mm_k8_r4_c8_m4_w10_l4,mm,fit,fifo,iter_U,,0,99,0,0,0,2,65,1
mm_k8_r4_c8_m4_w10_l4,mm,fit,fifo,m_in_c_U,,0,99,0,0,0,3,64,1
mm_k8_r4_c8_m4_w10_l4,mm,fit,fifo,m_out_c_U,,0,99,0,0,0,7,64,1
mm_k8_r4_c8_m4_w10_l4,mm,fit,fifo,rdata_U,,0,99,0,0,0,2,65,1
mm_k8_r4_c8_m4_w10_l4,mm,fit,fifo,wdata_U,,0,99,0,0,0,2,65,1
mm_k8_r4_c8_m4_w10_l4,mm,fit,instance,control_s_axi_U,,296,170,0,0,0,0,0,0
mm_k8_r4_c8_m4_w10_l4,mm,fit,instance,entry_proc_U0,,29,2,0,0,0,0,0,0
mm_k8_r4_c8_m4_w10_l4,mm,fit,instance,gmem0_m_axi_U,,823,725,0,4,0,0,0,0
mm_k8_r4_c8_m4_w10_l4,mm,fit,instance,gmem1_m_axi_U,,811,719,0,4,0,0,0,0
mm_k8_r4_c8_m4_w10_l4,mm,fit,unitemized,unitemized,,468,0,0,0,0,0,0,0
mm_k8_r4_c8_m4_w14_l4,mm,fit,module,CgMmRx,cg_mm_rx_task_64_8_32_s,363,89,0,0,0,,,
mm_k8_r4_c8_m4_w14_l4,mm,fit,module,MemRStream,mem_r_stream_framed_task_64_s,817,502,0,0,0,,,
mm_k8_r4_c8_m4_w14_l4,mm,fit,module,CgMmLoad,cg_mm_load_task_64_8_32_4_2_s,14183,1162,0,0,0,,,
mm_k8_r4_c8_m4_w14_l4,mm,fit,module,CgMm,cg_mm_task_64_8_32_4_4_8_4_2_s,10515,9934,128,0,0,,,
mm_k8_r4_c8_m4_w14_l4,mm,fit,module,CgMmStore,cg_mm_store_task_64_8_32_4_2_s,1895,226,0,0,0,,,
mm_k8_r4_c8_m4_w14_l4,mm,fit,module,MemWStream,mem_w_stream_framed_done_task_64_8_s,1613,2265,0,0,0,,,
mm_k8_r4_c8_m4_w14_l4,mm,fit,memory,a_blk_U,,0,0,0,7,0,8,224,2
mm_k8_r4_c8_m4_w14_l4,mm,fit,memory,p_blk_U,,0,0,0,4,0,64,112,2
mm_k8_r4_c8_m4_w14_l4,mm,fit,memory,s_blk_U,,0,0,0,4,0,64,112,2
mm_k8_r4_c8_m4_w14_l4,mm,fit,fifo,cmd_rd_U,,0,99,0,0,0,2,65,1
mm_k8_r4_c8_m4_w14_l4,mm,fit,fifo,desc_U,,0,99,0,0,0,2,65,1
mm_k8_r4_c8_m4_w14_l4,mm,fit,fifo,iter_U,,0,99,0,0,0,2,65,1
mm_k8_r4_c8_m4_w14_l4,mm,fit,fifo,m_in_c_U,,0,99,0,0,0,3,64,1
mm_k8_r4_c8_m4_w14_l4,mm,fit,fifo,m_out_c_U,,0,99,0,0,0,7,64,1
mm_k8_r4_c8_m4_w14_l4,mm,fit,fifo,rdata_U,,0,99,0,0,0,2,65,1
mm_k8_r4_c8_m4_w14_l4,mm,fit,fifo,wdata_U,,0,99,0,0,0,2,65,1
mm_k8_r4_c8_m4_w14_l4,mm,fit,instance,control_s_axi_U,,296,170,0,0,0,0,0,0
mm_k8_r4_c8_m4_w14_l4,mm,fit,instance,entry_proc_U0,,29,2,0,0,0,0,0,0
mm_k8_r4_c8_m4_w14_l4,mm,fit,instance,gmem0_m_axi_U,,823,725,0,4,0,0,0,0
mm_k8_r4_c8_m4_w14_l4,mm,fit,instance,gmem1_m_axi_U,,811,719,0,4,0,0,0,0
mm_k8_r4_c8_m4_w14_l4,mm,fit,unitemized,unitemized,,468,0,0,0,0,0,0,0
mm_k8_r4_c8_m4_w16_l4,mm,fit,module,CgMmRx,cg_mm_rx_task_64_8_32_s,363,89,0,0,0,,,
mm_k8_r4_c8_m4_w16_l4,mm,fit,module,MemRStream,mem_r_stream_framed_task_64_s,817,502,0,0,0,,,
mm_k8_r4_c8_m4_w16_l4,mm,fit,module,CgMmLoad,cg_mm_load_task_64_8_32_4_2_s,16099,2633,0,0,0,,,
mm_k8_r4_c8_m4_w16_l4,mm,fit,module,CgMm,cg_mm_task_64_8_32_4_4_8_4_2_s,10955,11298,128,0,0,,,
mm_k8_r4_c8_m4_w16_l4,mm,fit,module,CgMmStore,cg_mm_store_task_64_8_32_4_2_s,2063,227,0,0,0,,,
mm_k8_r4_c8_m4_w16_l4,mm,fit,module,MemWStream,mem_w_stream_framed_done_task_64_8_s,1613,2265,0,0,0,,,
mm_k8_r4_c8_m4_w16_l4,mm,fit,memory,a_blk_U,,0,0,0,8,0,8,256,2
mm_k8_r4_c8_m4_w16_l4,mm,fit,memory,p_blk_U,,0,0,0,4,0,64,128,2
mm_k8_r4_c8_m4_w16_l4,mm,fit,memory,s_blk_U,,0,0,0,4,0,64,128,2
mm_k8_r4_c8_m4_w16_l4,mm,fit,fifo,cmd_rd_U,,0,99,0,0,0,2,65,1
mm_k8_r4_c8_m4_w16_l4,mm,fit,fifo,desc_U,,0,99,0,0,0,2,65,1
mm_k8_r4_c8_m4_w16_l4,mm,fit,fifo,iter_U,,0,99,0,0,0,2,65,1
mm_k8_r4_c8_m4_w16_l4,mm,fit,fifo,m_in_c_U,,0,99,0,0,0,3,64,1
mm_k8_r4_c8_m4_w16_l4,mm,fit,fifo,m_out_c_U,,0,99,0,0,0,7,64,1
mm_k8_r4_c8_m4_w16_l4,mm,fit,fifo,rdata_U,,0,99,0,0,0,2,65,1
mm_k8_r4_c8_m4_w16_l4,mm,fit,fifo,wdata_U,,0,99,0,0,0,2,65,1
mm_k8_r4_c8_m4_w16_l4,mm,fit,instance,control_s_axi_U,,296,170,0,0,0,0,0,0
mm_k8_r4_c8_m4_w16_l4,mm,fit,instance,entry_proc_U0,,29,2,0,0,0,0,0,0
mm_k8_r4_c8_m4_w16_l4,mm,fit,instance,gmem0_m_axi_U,,823,725,0,4,0,0,0,0
mm_k8_r4_c8_m4_w16_l4,mm,fit,instance,gmem1_m_axi_U,,811,719,0,4,0,0,0,0
mm_k8_r4_c8_m4_w16_l4,mm,fit,unitemized,unitemized,,468,0,0,0,0,0,0,0
mm_k8_r4_c8_m4_w12_l1,mm,fit,module,CgMmRx,cg_mm_rx_task_64_8_32_s,363,89,0,0,0,,,
mm_k8_r4_c8_m4_w12_l1,mm,fit,module,MemRStream,mem_r_stream_framed_task_64_s,817,502,0,0,0,,,
mm_k8_r4_c8_m4_w12_l1,mm,fit,module,CgMmLoad,cg_mm_load_task_64_8_32_1_2_s,8494,619,0,0,0,,,
mm_k8_r4_c8_m4_w12_l1,mm,fit,module,CgMm,cg_mm_task_64_8_32_1_4_8_4_2_s,8606,8756,128,0,0,,,
mm_k8_r4_c8_m4_w12_l1,mm,fit,module,CgMmStore,cg_mm_store_task_64_8_32_1_2_s,380,159,0,0,0,,,
mm_k8_r4_c8_m4_w12_l1,mm,fit,module,MemWStream,mem_w_stream_framed_done_task_64_8_s,1613,2265,0,0,0,,,
mm_k8_r4_c8_m4_w12_l1,mm,fit,memory,a_blk_U,,0,0,0,6,0,8,192,2
mm_k8_r4_c8_m4_w12_l1,mm,fit,memory,p_blk_U,,0,0,0,4,0,256,24,2
mm_k8_r4_c8_m4_w12_l1,mm,fit,memory,s_blk_U,,0,0,0,4,0,256,24,2
mm_k8_r4_c8_m4_w12_l1,mm,fit,fifo,cmd_rd_U,,0,99,0,0,0,2,65,1
mm_k8_r4_c8_m4_w12_l1,mm,fit,fifo,desc_U,,0,99,0,0,0,2,65,1
mm_k8_r4_c8_m4_w12_l1,mm,fit,fifo,iter_U,,0,99,0,0,0,2,65,1
mm_k8_r4_c8_m4_w12_l1,mm,fit,fifo,m_in_c_U,,0,99,0,0,0,3,64,1
mm_k8_r4_c8_m4_w12_l1,mm,fit,fifo,m_out_c_U,,0,99,0,0,0,7,64,1
mm_k8_r4_c8_m4_w12_l1,mm,fit,fifo,rdata_U,,0,99,0,0,0,2,65,1
mm_k8_r4_c8_m4_w12_l1,mm,fit,fifo,wdata_U,,0,99,0,0,0,2,65,1
mm_k8_r4_c8_m4_w12_l1,mm,fit,instance,control_s_axi_U,,296,170,0,0,0,0,0,0
mm_k8_r4_c8_m4_w12_l1,mm,fit,instance,entry_proc_U0,,29,2,0,0,0,0,0,0
mm_k8_r4_c8_m4_w12_l1,mm,fit,instance,gmem0_m_axi_U,,823,725,0,4,0,0,0,0
mm_k8_r4_c8_m4_w12_l1,mm,fit,instance,gmem1_m_axi_U,,811,719,0,4,0,0,0,0
mm_k8_r4_c8_m4_w12_l1,mm,fit,unitemized,unitemized,,468,0,0,0,0,0,0,0
mm_k8_r4_c8_m4_w12_l8,mm,fit,module,CgMmRx,cg_mm_rx_task_64_8_32_s,363,89,0,0,0,,,
mm_k8_r4_c8_m4_w12_l8,mm,fit,module,MemRStream,mem_r_stream_framed_task_64_s,817,502,0,0,0,,,
mm_k8_r4_c8_m4_w12_l8,mm,fit,module,CgMmLoad,cg_mm_load_task_64_8_32_8_2_s,16090,1023,0,0,0,,,
mm_k8_r4_c8_m4_w12_l8,mm,fit,module,CgMm,cg_mm_task_64_8_32_8_4_8_4_2_s,10035,8704,128,0,0,,,
mm_k8_r4_c8_m4_w12_l8,mm,fit,module,CgMmStore,cg_mm_store_task_64_8_32_8_2_s,3160,223,0,0,0,,,
mm_k8_r4_c8_m4_w12_l8,mm,fit,module,MemWStream,mem_w_stream_framed_done_task_64_8_s,1613,2265,0,0,0,,,
mm_k8_r4_c8_m4_w12_l8,mm,fit,memory,a_blk_U,,0,0,0,6,0,8,192,2
mm_k8_r4_c8_m4_w12_l8,mm,fit,memory,p_blk_U,,0,0,0,6,0,32,192,2
mm_k8_r4_c8_m4_w12_l8,mm,fit,memory,s_blk_U,,0,0,0,6,0,32,192,2
mm_k8_r4_c8_m4_w12_l8,mm,fit,fifo,cmd_rd_U,,0,99,0,0,0,2,65,1
mm_k8_r4_c8_m4_w12_l8,mm,fit,fifo,desc_U,,0,99,0,0,0,2,65,1
mm_k8_r4_c8_m4_w12_l8,mm,fit,fifo,iter_U,,0,99,0,0,0,2,65,1
mm_k8_r4_c8_m4_w12_l8,mm,fit,fifo,m_in_c_U,,0,99,0,0,0,3,64,1
mm_k8_r4_c8_m4_w12_l8,mm,fit,fifo,m_out_c_U,,0,99,0,0,0,7,64,1
mm_k8_r4_c8_m4_w12_l8,mm,fit,fifo,rdata_U,,0,99,0,0,0,2,65,1
mm_k8_r4_c8_m4_w12_l8,mm,fit,fifo,wdata_U,,0,99,0,0,0,2,65,1
mm_k8_r4_c8_m4_w12_l8,mm,fit,instance,control_s_axi_U,,296,170,0,0,0,0,0,0
mm_k8_r4_c8_m4_w12_l8,mm,fit,instance,entry_proc_U0,,29,2,0,0,0,0,0,0
mm_k8_r4_c8_m4_w12_l8,mm,fit,instance,gmem0_m_axi_U,,823,725,0,4,0,0,0,0
mm_k8_r4_c8_m4_w12_l8,mm,fit,instance,gmem1_m_axi_U,,811,719,0,4,0,0,0,0
mm_k8_r4_c8_m4_w12_l8,mm,fit,unitemized,unitemized,,468,0,0,0,0,0,0,0
mm_k8_r1_c4_m4_w8_l4,mm,fit,module,CgMmRx,cg_mm_rx_task_64_8_32_s,363,89,0,0,0,,,
mm_k8_r1_c4_m4_w8_l4,mm,fit,module,MemRStream,mem_r_stream_framed_task_64_s,817,502,0,0,0,,,
mm_k8_r1_c4_m4_w8_l4,mm,fit,module,CgMmLoad,cg_mm_load_task_64_8_32_4_2_s,8131,815,0,0,0,,,
mm_k8_r1_c4_m4_w8_l4,mm,fit,module,CgMm,cg_mm_task_64_8_32_4_1_4_4_2_s,5055,2480,8,0,0,,,
mm_k8_r1_c4_m4_w8_l4,mm,fit,module,CgMmStore,cg_mm_store_task_64_8_32_4_2_s,1087,195,0,0,0,,,
mm_k8_r1_c4_m4_w8_l4,mm,fit,module,MemWStream,mem_w_stream_framed_done_task_64_8_s,1613,2265,0,0,0,,,
mm_k8_r1_c4_m4_w8_l4,mm,fit,memory,a_blk_U,,0,0,0,4,0,8,128,2
mm_k8_r1_c4_m4_w8_l4,mm,fit,memory,p_blk_U,,0,0,0,2,0,64,64,2
mm_k8_r1_c4_m4_w8_l4,mm,fit,memory,s_blk_U,,0,0,0,2,0,64,64,2
mm_k8_r1_c4_m4_w8_l4,mm,fit,fifo,cmd_rd_U,,0,99,0,0,0,2,65,1
mm_k8_r1_c4_m4_w8_l4,mm,fit,fifo,desc_U,,0,99,0,0,0,2,65,1
mm_k8_r1_c4_m4_w8_l4,mm,fit,fifo,iter_U,,0,99,0,0,0,2,65,1
mm_k8_r1_c4_m4_w8_l4,mm,fit,fifo,m_in_c_U,,0,99,0,0,0,3,64,1
mm_k8_r1_c4_m4_w8_l4,mm,fit,fifo,m_out_c_U,,0,99,0,0,0,7,64,1
mm_k8_r1_c4_m4_w8_l4,mm,fit,fifo,rdata_U,,0,99,0,0,0,2,65,1
mm_k8_r1_c4_m4_w8_l4,mm,fit,fifo,wdata_U,,0,99,0,0,0,2,65,1
mm_k8_r1_c4_m4_w8_l4,mm,fit,instance,control_s_axi_U,,296,170,0,0,0,0,0,0
mm_k8_r1_c4_m4_w8_l4,mm,fit,instance,entry_proc_U0,,29,2,0,0,0,0,0,0
mm_k8_r1_c4_m4_w8_l4,mm,fit,instance,gmem0_m_axi_U,,823,725,0,4,0,0,0,0
mm_k8_r1_c4_m4_w8_l4,mm,fit,instance,gmem1_m_axi_U,,811,719,0,4,0,0,0,0
mm_k8_r1_c4_m4_w8_l4,mm,fit,unitemized,unitemized,,468,0,0,0,0,0,0,0
mm_k8_r1_c4_m4_w16_l4,mm,fit,module,CgMmRx,cg_mm_rx_task_64_8_32_s,363,89,0,0,0,,,
mm_k8_r1_c4_m4_w16_l4,mm,fit,module,MemRStream,mem_r_stream_framed_task_64_s,817,502,0,0,0,,,
mm_k8_r1_c4_m4_w16_l4,mm,fit,module,CgMmLoad,cg_mm_load_task_64_8_32_4_2_s,16099,2633,0,0,0,,,
mm_k8_r1_c4_m4_w16_l4,mm,fit,module,CgMm,cg_mm_task_64_8_32_4_1_4_4_2_s,5255,4246,16,8,0,,,
mm_k8_r1_c4_m4_w16_l4,mm,fit,module,CgMmStore,cg_mm_store_task_64_8_32_4_2_s,2063,227,0,0,0,,,
mm_k8_r1_c4_m4_w16_l4,mm,fit,module,MemWStream,mem_w_stream_framed_done_task_64_8_s,1613,2265,0,0,0,,,
mm_k8_r1_c4_m4_w16_l4,mm,fit,memory,a_blk_U,,0,0,0,8,0,8,256,2
mm_k8_r1_c4_m4_w16_l4,mm,fit,memory,p_blk_U,,0,0,0,4,0,64,128,2
mm_k8_r1_c4_m4_w16_l4,mm,fit,memory,s_blk_U,,0,0,0,4,0,64,128,2
mm_k8_r1_c4_m4_w16_l4,mm,fit,fifo,cmd_rd_U,,0,99,0,0,0,2,65,1
mm_k8_r1_c4_m4_w16_l4,mm,fit,fifo,desc_U,,0,99,0,0,0,2,65,1
mm_k8_r1_c4_m4_w16_l4,mm,fit,fifo,iter_U,,0,99,0,0,0,2,65,1
mm_k8_r1_c4_m4_w16_l4,mm,fit,fifo,m_in_c_U,,0,99,0,0,0,3,64,1
mm_k8_r1_c4_m4_w16_l4,mm,fit,fifo,m_out_c_U,,0,99,0,0,0,7,64,1
mm_k8_r1_c4_m4_w16_l4,mm,fit,fifo,rdata_U,,0,99,0,0,0,2,65,1
mm_k8_r1_c4_m4_w16_l4,mm,fit,fifo,wdata_U,,0,99,0,0,0,2,65,1
mm_k8_r1_c4_m4_w16_l4,mm,fit,instance,control_s_axi_U,,296,170,0,0,0,0,0,0
mm_k8_r1_c4_m4_w16_l4,mm,fit,instance,entry_proc_U0,,29,2,0,0,0,0,0,0
mm_k8_r1_c4_m4_w16_l4,mm,fit,instance,gmem0_m_axi_U,,823,725,0,4,0,0,0,0
mm_k8_r1_c4_m4_w16_l4,mm,fit,instance,gmem1_m_axi_U,,811,719,0,4,0,0,0,0
mm_k8_r1_c4_m4_w16_l4,mm,fit,unitemized,unitemized,,468,0,0,0,0,0,0,0
mm_k8_r8_c32_m4_w8_l4,mm,fit,module,CgMmRx,cg_mm_rx_task_64_8_32_s,363,89,0,0,0,,,
mm_k8_r8_c32_m4_w8_l4,mm,fit,module,MemRStream,mem_r_stream_framed_task_64_s,817,502,0,0,0,,,
mm_k8_r8_c32_m4_w8_l4,mm,fit,module,CgMmLoad,cg_mm_load_task_64_8_32_4_2_s,8131,815,0,0,0,,,
mm_k8_r8_c32_m4_w8_l4,mm,fit,module,CgMm,cg_mm_task_64_8_32_4_8_32_4_2_s,57777,37504,512,0,0,,,
mm_k8_r8_c32_m4_w8_l4,mm,fit,module,CgMmStore,cg_mm_store_task_64_8_32_4_2_s,1087,195,0,0,0,,,
mm_k8_r8_c32_m4_w8_l4,mm,fit,module,MemWStream,mem_w_stream_framed_done_task_64_8_s,1613,2265,0,0,0,,,
mm_k8_r8_c32_m4_w8_l4,mm,fit,memory,a_blk_U,,0,0,0,4,0,8,128,2
mm_k8_r8_c32_m4_w8_l4,mm,fit,memory,p_blk_U,,0,0,0,2,0,64,64,2
mm_k8_r8_c32_m4_w8_l4,mm,fit,memory,s_blk_U,,0,0,0,2,0,64,64,2
mm_k8_r8_c32_m4_w8_l4,mm,fit,fifo,cmd_rd_U,,0,99,0,0,0,2,65,1
mm_k8_r8_c32_m4_w8_l4,mm,fit,fifo,desc_U,,0,99,0,0,0,2,65,1
mm_k8_r8_c32_m4_w8_l4,mm,fit,fifo,iter_U,,0,99,0,0,0,2,65,1
mm_k8_r8_c32_m4_w8_l4,mm,fit,fifo,m_in_c_U,,0,99,0,0,0,3,64,1
mm_k8_r8_c32_m4_w8_l4,mm,fit,fifo,m_out_c_U,,0,99,0,0,0,7,64,1
mm_k8_r8_c32_m4_w8_l4,mm,fit,fifo,rdata_U,,0,99,0,0,0,2,65,1
mm_k8_r8_c32_m4_w8_l4,mm,fit,fifo,wdata_U,,0,99,0,0,0,2,65,1
mm_k8_r8_c32_m4_w8_l4,mm,fit,instance,control_s_axi_U,,296,170,0,0,0,0,0,0
mm_k8_r8_c32_m4_w8_l4,mm,fit,instance,entry_proc_U0,,29,2,0,0,0,0,0,0
mm_k8_r8_c32_m4_w8_l4,mm,fit,instance,gmem0_m_axi_U,,823,725,0,4,0,0,0,0
mm_k8_r8_c32_m4_w8_l4,mm,fit,instance,gmem1_m_axi_U,,811,719,0,4,0,0,0,0
mm_k8_r8_c32_m4_w8_l4,mm,fit,unitemized,unitemized,,468,0,0,0,0,0,0,0
mm_k8_r8_c32_m4_w16_l4,mm,fit,module,CgMmRx,cg_mm_rx_task_64_8_32_s,363,89,0,0,0,,,
mm_k8_r8_c32_m4_w16_l4,mm,fit,module,MemRStream,mem_r_stream_framed_task_64_s,817,502,0,0,0,,,
mm_k8_r8_c32_m4_w16_l4,mm,fit,module,CgMmLoad,cg_mm_load_task_64_8_32_4_2_s,16099,2633,0,0,0,,,
mm_k8_r8_c32_m4_w16_l4,mm,fit,module,CgMm,cg_mm_task_64_8_32_4_8_32_4_2_s,48953,72544,1024,0,0,,,
mm_k8_r8_c32_m4_w16_l4,mm,fit,module,CgMmStore,cg_mm_store_task_64_8_32_4_2_s,2063,227,0,0,0,,,
mm_k8_r8_c32_m4_w16_l4,mm,fit,module,MemWStream,mem_w_stream_framed_done_task_64_8_s,1613,2265,0,0,0,,,
mm_k8_r8_c32_m4_w16_l4,mm,fit,memory,a_blk_U,,0,0,0,8,0,8,256,2
mm_k8_r8_c32_m4_w16_l4,mm,fit,memory,p_blk_U,,0,0,0,4,0,64,128,2
mm_k8_r8_c32_m4_w16_l4,mm,fit,memory,s_blk_U,,0,0,0,4,0,64,128,2
mm_k8_r8_c32_m4_w16_l4,mm,fit,fifo,cmd_rd_U,,0,99,0,0,0,2,65,1
mm_k8_r8_c32_m4_w16_l4,mm,fit,fifo,desc_U,,0,99,0,0,0,2,65,1
mm_k8_r8_c32_m4_w16_l4,mm,fit,fifo,iter_U,,0,99,0,0,0,2,65,1
mm_k8_r8_c32_m4_w16_l4,mm,fit,fifo,m_in_c_U,,0,99,0,0,0,3,64,1
mm_k8_r8_c32_m4_w16_l4,mm,fit,fifo,m_out_c_U,,0,99,0,0,0,7,64,1
mm_k8_r8_c32_m4_w16_l4,mm,fit,fifo,rdata_U,,0,99,0,0,0,2,65,1
mm_k8_r8_c32_m4_w16_l4,mm,fit,fifo,wdata_U,,0,99,0,0,0,2,65,1
mm_k8_r8_c32_m4_w16_l4,mm,fit,instance,control_s_axi_U,,296,170,0,0,0,0,0,0
mm_k8_r8_c32_m4_w16_l4,mm,fit,instance,entry_proc_U0,,29,2,0,0,0,0,0,0
mm_k8_r8_c32_m4_w16_l4,mm,fit,instance,gmem0_m_axi_U,,823,725,0,4,0,0,0,0
mm_k8_r8_c32_m4_w16_l4,mm,fit,instance,gmem1_m_axi_U,,811,719,0,4,0,0,0,0
mm_k8_r8_c32_m4_w16_l4,mm,fit,unitemized,unitemized,,468,0,0,0,0,0,0,0
mm_k16_r16_c16_m4_w8_l4,mm,fit,module,CgMmRx,cg_mm_rx_task_64_16_32_s,369,92,0,0,0,,,
mm_k16_r16_c16_m4_w8_l4,mm,fit,module,MemRStream,mem_r_stream_framed_task_64_s,817,502,0,0,0,,,
mm_k16_r16_c16_m4_w8_l4,mm,fit,module,CgMmLoad,cg_mm_load_task_64_16_32_4_2_s,13827,823,0,0,0,,,
mm_k16_r16_c16_m4_w8_l4,mm,fit,module,CgMm,cg_mm_task_64_16_32_4_16_16_4_2_s,61814,42693,512,0,0,,,
mm_k16_r16_c16_m4_w8_l4,mm,fit,module,CgMmStore,cg_mm_store_task_64_16_32_4_2_s,1091,198,0,0,0,,,
mm_k16_r16_c16_m4_w8_l4,mm,fit,module,MemWStream,mem_w_stream_framed_done_task_64_8_s,1613,2265,0,0,0,,,
mm_k16_r16_c16_m4_w8_l4,mm,fit,memory,a_blk_U,,0,0,0,8,0,16,256,2
mm_k16_r16_c16_m4_w8_l4,mm,fit,memory,p_blk_U,,0,0,0,2,0,128,64,2
mm_k16_r16_c16_m4_w8_l4,mm,fit,memory,s_blk_U,,0,0,0,2,0,128,64,2
mm_k16_r16_c16_m4_w8_l4,mm,fit,fifo,cmd_rd_U,,0,99,0,0,0,2,65,1
mm_k16_r16_c16_m4_w8_l4,mm,fit,fifo,desc_U,,0,99,0,0,0,2,65,1
mm_k16_r16_c16_m4_w8_l4,mm,fit,fifo,iter_U,,0,99,0,0,0,2,65,1
mm_k16_r16_c16_m4_w8_l4,mm,fit,fifo,m_in_c_U,,0,99,0,0,0,3,64,1
mm_k16_r16_c16_m4_w8_l4,mm,fit,fifo,m_out_c_U,,0,99,0,0,0,7,64,1
mm_k16_r16_c16_m4_w8_l4,mm,fit,fifo,rdata_U,,0,99,0,0,0,2,65,1
mm_k16_r16_c16_m4_w8_l4,mm,fit,fifo,wdata_U,,0,99,0,0,0,2,65,1
mm_k16_r16_c16_m4_w8_l4,mm,fit,instance,control_s_axi_U,,296,170,0,0,0,0,0,0
mm_k16_r16_c16_m4_w8_l4,mm,fit,instance,entry_proc_U0,,29,2,0,0,0,0,0,0
mm_k16_r16_c16_m4_w8_l4,mm,fit,instance,gmem0_m_axi_U,,823,725,0,4,0,0,0,0
mm_k16_r16_c16_m4_w8_l4,mm,fit,instance,gmem1_m_axi_U,,811,719,0,4,0,0,0,0
mm_k16_r16_c16_m4_w8_l4,mm,fit,unitemized,unitemized,,468,0,0,0,0,0,0,0
mm_k16_r16_c16_m4_w16_l4,mm,fit,module,CgMmRx,cg_mm_rx_task_64_16_32_s,369,92,0,0,0,,,
mm_k16_r16_c16_m4_w16_l4,mm,fit,module,MemRStream,mem_r_stream_framed_task_64_s,817,502,0,0,0,,,
mm_k16_r16_c16_m4_w16_l4,mm,fit,module,CgMmLoad,cg_mm_load_task_64_16_32_4_2_s,28947,4436,0,0,0,,,
mm_k16_r16_c16_m4_w16_l4,mm,fit,module,CgMm,cg_mm_task_64_16_32_4_16_16_4_2_s,52974,81957,1024,0,0,,,
mm_k16_r16_c16_m4_w16_l4,mm,fit,module,CgMmStore,cg_mm_store_task_64_16_32_4_2_s,2067,230,0,0,0,,,
mm_k16_r16_c16_m4_w16_l4,mm,fit,module,MemWStream,mem_w_stream_framed_done_task_64_8_s,1613,2265,0,0,0,,,
mm_k16_r16_c16_m4_w16_l4,mm,fit,memory,a_blk_U,,0,0,0,15,0,16,512,2
mm_k16_r16_c16_m4_w16_l4,mm,fit,memory,p_blk_U,,0,0,0,4,0,128,128,2
mm_k16_r16_c16_m4_w16_l4,mm,fit,memory,s_blk_U,,0,0,0,4,0,128,128,2
mm_k16_r16_c16_m4_w16_l4,mm,fit,fifo,cmd_rd_U,,0,99,0,0,0,2,65,1
mm_k16_r16_c16_m4_w16_l4,mm,fit,fifo,desc_U,,0,99,0,0,0,2,65,1
mm_k16_r16_c16_m4_w16_l4,mm,fit,fifo,iter_U,,0,99,0,0,0,2,65,1
mm_k16_r16_c16_m4_w16_l4,mm,fit,fifo,m_in_c_U,,0,99,0,0,0,3,64,1
mm_k16_r16_c16_m4_w16_l4,mm,fit,fifo,m_out_c_U,,0,99,0,0,0,7,64,1
mm_k16_r16_c16_m4_w16_l4,mm,fit,fifo,rdata_U,,0,99,0,0,0,2,65,1
mm_k16_r16_c16_m4_w16_l4,mm,fit,fifo,wdata_U,,0,99,0,0,0,2,65,1
mm_k16_r16_c16_m4_w16_l4,mm,fit,instance,control_s_axi_U,,296,170,0,0,0,0,0,0
mm_k16_r16_c16_m4_w16_l4,mm,fit,instance,entry_proc_U0,,29,2,0,0,0,0,0,0
mm_k16_r16_c16_m4_w16_l4,mm,fit,instance,gmem0_m_axi_U,,823,725,0,4,0,0,0,0
mm_k16_r16_c16_m4_w16_l4,mm,fit,instance,gmem1_m_axi_U,,811,719,0,4,0,0,0,0
mm_k16_r16_c16_m4_w16_l4,mm,fit,unitemized,unitemized,,468,0,0,0,0,0,0,0
mm_k16_r1_c32_m4_w8_l4,mm,fit,module,CgMmRx,cg_mm_rx_task_64_16_32_s,369,92,0,0,0,,,
mm_k16_r1_c32_m4_w8_l4,mm,fit,module,MemRStream,mem_r_stream_framed_task_64_s,817,502,0,0,0,,,
mm_k16_r1_c32_m4_w8_l4,mm,fit,module,CgMmLoad,cg_mm_load_task_64_16_32_4_2_s,13827,823,0,0,0,,,
mm_k16_r1_c32_m4_w8_l4,mm,fit,module,CgMm,cg_mm_task_64_16_32_4_1_32_4_2_s,18107,9370,64,0,0,,,
mm_k16_r1_c32_m4_w8_l4,mm,fit,module,CgMmStore,cg_mm_store_task_64_16_32_4_2_s,1091,198,0,0,0,,,
mm_k16_r1_c32_m4_w8_l4,mm,fit,module,MemWStream,mem_w_stream_framed_done_task_64_8_s,1613,2265,0,0,0,,,
mm_k16_r1_c32_m4_w8_l4,mm,fit,memory,a_blk_U,,0,0,0,8,0,16,256,2
mm_k16_r1_c32_m4_w8_l4,mm,fit,memory,p_blk_U,,0,0,0,2,0,128,64,2
mm_k16_r1_c32_m4_w8_l4,mm,fit,memory,s_blk_U,,0,0,0,2,0,128,64,2
mm_k16_r1_c32_m4_w8_l4,mm,fit,fifo,cmd_rd_U,,0,99,0,0,0,2,65,1
mm_k16_r1_c32_m4_w8_l4,mm,fit,fifo,desc_U,,0,99,0,0,0,2,65,1
mm_k16_r1_c32_m4_w8_l4,mm,fit,fifo,iter_U,,0,99,0,0,0,2,65,1
mm_k16_r1_c32_m4_w8_l4,mm,fit,fifo,m_in_c_U,,0,99,0,0,0,3,64,1
mm_k16_r1_c32_m4_w8_l4,mm,fit,fifo,m_out_c_U,,0,99,0,0,0,7,64,1
mm_k16_r1_c32_m4_w8_l4,mm,fit,fifo,rdata_U,,0,99,0,0,0,2,65,1
mm_k16_r1_c32_m4_w8_l4,mm,fit,fifo,wdata_U,,0,99,0,0,0,2,65,1
mm_k16_r1_c32_m4_w8_l4,mm,fit,instance,control_s_axi_U,,296,170,0,0,0,0,0,0
mm_k16_r1_c32_m4_w8_l4,mm,fit,instance,entry_proc_U0,,29,2,0,0,0,0,0,0
mm_k16_r1_c32_m4_w8_l4,mm,fit,instance,gmem0_m_axi_U,,823,725,0,4,0,0,0,0
mm_k16_r1_c32_m4_w8_l4,mm,fit,instance,gmem1_m_axi_U,,811,719,0,4,0,0,0,0
mm_k16_r1_c32_m4_w8_l4,mm,fit,unitemized,unitemized,,468,0,0,0,0,0,0,0
mm_k16_r1_c32_m4_w16_l4,mm,fit,module,CgMmRx,cg_mm_rx_task_64_16_32_s,369,92,0,0,0,,,
mm_k16_r1_c32_m4_w16_l4,mm,fit,module,MemRStream,mem_r_stream_framed_task_64_s,817,502,0,0,0,,,
mm_k16_r1_c32_m4_w16_l4,mm,fit,module,CgMmLoad,cg_mm_load_task_64_16_32_4_2_s,28947,4436,0,0,0,,,
mm_k16_r1_c32_m4_w16_l4,mm,fit,module,CgMm,cg_mm_task_64_16_32_4_1_32_4_2_s,17795,18123,128,0,0,,,
mm_k16_r1_c32_m4_w16_l4,mm,fit,module,CgMmStore,cg_mm_store_task_64_16_32_4_2_s,2067,230,0,0,0,,,
mm_k16_r1_c32_m4_w16_l4,mm,fit,module,MemWStream,mem_w_stream_framed_done_task_64_8_s,1613,2265,0,0,0,,,
mm_k16_r1_c32_m4_w16_l4,mm,fit,memory,a_blk_U,,0,0,0,15,0,16,512,2
mm_k16_r1_c32_m4_w16_l4,mm,fit,memory,p_blk_U,,0,0,0,4,0,128,128,2
mm_k16_r1_c32_m4_w16_l4,mm,fit,memory,s_blk_U,,0,0,0,4,0,128,128,2
mm_k16_r1_c32_m4_w16_l4,mm,fit,fifo,cmd_rd_U,,0,99,0,0,0,2,65,1
mm_k16_r1_c32_m4_w16_l4,mm,fit,fifo,desc_U,,0,99,0,0,0,2,65,1
mm_k16_r1_c32_m4_w16_l4,mm,fit,fifo,iter_U,,0,99,0,0,0,2,65,1
mm_k16_r1_c32_m4_w16_l4,mm,fit,fifo,m_in_c_U,,0,99,0,0,0,3,64,1
mm_k16_r1_c32_m4_w16_l4,mm,fit,fifo,m_out_c_U,,0,99,0,0,0,7,64,1
mm_k16_r1_c32_m4_w16_l4,mm,fit,fifo,rdata_U,,0,99,0,0,0,2,65,1
mm_k16_r1_c32_m4_w16_l4,mm,fit,fifo,wdata_U,,0,99,0,0,0,2,65,1
mm_k16_r1_c32_m4_w16_l4,mm,fit,instance,control_s_axi_U,,296,170,0,0,0,0,0,0
mm_k16_r1_c32_m4_w16_l4,mm,fit,instance,entry_proc_U0,,29,2,0,0,0,0,0,0
mm_k16_r1_c32_m4_w16_l4,mm,fit,instance,gmem0_m_axi_U,,823,725,0,4,0,0,0,0
mm_k16_r1_c32_m4_w16_l4,mm,fit,instance,gmem1_m_axi_U,,811,719,0,4,0,0,0,0
mm_k16_r1_c32_m4_w16_l4,mm,fit,unitemized,unitemized,,468,0,0,0,0,0,0,0
mm_k8_r4_c8_m3_w8_l4,mm,fit,module,CgMmRx,cg_mm_rx_task_64_8_32_s,363,89,0,0,0,,,
mm_k8_r4_c8_m3_w8_l4,mm,fit,module,MemRStream,mem_r_stream_framed_task_64_s,817,502,0,0,0,,,
mm_k8_r4_c8_m3_w8_l4,mm,fit,module,CgMmLoad,cg_mm_load_task_64_8_32_4_2_s,8131,815,0,0,0,,,
mm_k8_r4_c8_m3_w8_l4,mm,fit,module,CgMm,cg_mm_task_64_8_32_4_4_8_3_2_s,8611,4743,96,0,0,,,
mm_k8_r4_c8_m3_w8_l4,mm,fit,module,CgMmStore,cg_mm_store_task_64_8_32_4_2_s,1087,195,0,0,0,,,
mm_k8_r4_c8_m3_w8_l4,mm,fit,module,MemWStream,mem_w_stream_framed_done_task_64_8_s,1613,2265,0,0,0,,,
mm_k8_r4_c8_m3_w8_l4,mm,fit,memory,a_blk_U,,0,0,0,4,0,8,128,2
mm_k8_r4_c8_m3_w8_l4,mm,fit,memory,p_blk_U,,0,0,0,2,0,64,64,2
mm_k8_r4_c8_m3_w8_l4,mm,fit,memory,s_blk_U,,0,0,0,2,0,64,64,2
mm_k8_r4_c8_m3_w8_l4,mm,fit,fifo,cmd_rd_U,,0,99,0,0,0,2,65,1
mm_k8_r4_c8_m3_w8_l4,mm,fit,fifo,desc_U,,0,99,0,0,0,2,65,1
mm_k8_r4_c8_m3_w8_l4,mm,fit,fifo,iter_U,,0,99,0,0,0,2,65,1
mm_k8_r4_c8_m3_w8_l4,mm,fit,fifo,m_in_c_U,,0,99,0,0,0,3,64,1
mm_k8_r4_c8_m3_w8_l4,mm,fit,fifo,m_out_c_U,,0,99,0,0,0,7,64,1
mm_k8_r4_c8_m3_w8_l4,mm,fit,fifo,rdata_U,,0,99,0,0,0,2,65,1
mm_k8_r4_c8_m3_w8_l4,mm,fit,fifo,wdata_U,,0,99,0,0,0,2,65,1
mm_k8_r4_c8_m3_w8_l4,mm,fit,instance,control_s_axi_U,,296,170,0,0,0,0,0,0
mm_k8_r4_c8_m3_w8_l4,mm,fit,instance,entry_proc_U0,,29,2,0,0,0,0,0,0
mm_k8_r4_c8_m3_w8_l4,mm,fit,instance,gmem0_m_axi_U,,823,725,0,4,0,0,0,0
mm_k8_r4_c8_m3_w8_l4,mm,fit,instance,gmem1_m_axi_U,,811,719,0,4,0,0,0,0
mm_k8_r4_c8_m3_w8_l4,mm,fit,unitemized,unitemized,,468,0,0,0,0,0,0,0
mm_k8_r4_c8_m3_w16_l4,mm,fit,module,CgMmRx,cg_mm_rx_task_64_8_32_s,363,89,0,0,0,,,
mm_k8_r4_c8_m3_w16_l4,mm,fit,module,MemRStream,mem_r_stream_framed_task_64_s,817,502,0,0,0,,,
mm_k8_r4_c8_m3_w16_l4,mm,fit,module,CgMmLoad,cg_mm_load_task_64_8_32_4_2_s,16099,2633,0,0,0,,,
mm_k8_r4_c8_m3_w16_l4,mm,fit,module,CgMm,cg_mm_task_64_8_32_4_4_8_3_2_s,10635,8983,96,0,0,,,
mm_k8_r4_c8_m3_w16_l4,mm,fit,module,CgMmStore,cg_mm_store_task_64_8_32_4_2_s,2063,227,0,0,0,,,
mm_k8_r4_c8_m3_w16_l4,mm,fit,module,MemWStream,mem_w_stream_framed_done_task_64_8_s,1613,2265,0,0,0,,,
mm_k8_r4_c8_m3_w16_l4,mm,fit,memory,a_blk_U,,0,0,0,8,0,8,256,2
mm_k8_r4_c8_m3_w16_l4,mm,fit,memory,p_blk_U,,0,0,0,4,0,64,128,2
mm_k8_r4_c8_m3_w16_l4,mm,fit,memory,s_blk_U,,0,0,0,4,0,64,128,2
mm_k8_r4_c8_m3_w16_l4,mm,fit,fifo,cmd_rd_U,,0,99,0,0,0,2,65,1
mm_k8_r4_c8_m3_w16_l4,mm,fit,fifo,desc_U,,0,99,0,0,0,2,65,1
mm_k8_r4_c8_m3_w16_l4,mm,fit,fifo,iter_U,,0,99,0,0,0,2,65,1
mm_k8_r4_c8_m3_w16_l4,mm,fit,fifo,m_in_c_U,,0,99,0,0,0,3,64,1
mm_k8_r4_c8_m3_w16_l4,mm,fit,fifo,m_out_c_U,,0,99,0,0,0,7,64,1
mm_k8_r4_c8_m3_w16_l4,mm,fit,fifo,rdata_U,,0,99,0,0,0,2,65,1
mm_k8_r4_c8_m3_w16_l4,mm,fit,fifo,wdata_U,,0,99,0,0,0,2,65,1
mm_k8_r4_c8_m3_w16_l4,mm,fit,instance,control_s_axi_U,,296,170,0,0,0,0,0,0
mm_k8_r4_c8_m3_w16_l4,mm,fit,instance,entry_proc_U0,,29,2,0,0,0,0,0,0
mm_k8_r4_c8_m3_w16_l4,mm,fit,instance,gmem0_m_axi_U,,823,725,0,4,0,0,0,0
mm_k8_r4_c8_m3_w16_l4,mm,fit,instance,gmem1_m_axi_U,,811,719,0,4,0,0,0,0
mm_k8_r4_c8_m3_w16_l4,mm,fit,unitemized,unitemized,,468,0,0,0,0,0,0,0
det_k4_l4_r4_c4_m4_w12g8_d64_s2_q2,det,fit,module,CgCmdRx,cg_cmd_rx_task_64_4_32_s,180,38,0,0,0,,,
det_k4_l4_r4_c4_m4_w12g8_d64_s2_q2,det,fit,module,MemRStream,mem_r_stream_framed_task_64_s,817,502,0,0,0,,,
det_k4_l4_r4_c4_m4_w12g8_d64_s2_q2,det,fit,module,CgLoad,cg_load_task_64_4_32_4_2_s,7253,1162,0,0,0,,,
det_k4_l4_r4_c4_m4_w12g8_d64_s2_q2,det,fit,module,CgCtrl,cg_ctrl_task_64_4_s,244,50,0,0,0,,,
det_k4_l4_r4_c4_m4_w12g8_d64_s2_q2,det,fit,module,CgVec,cg_vec_task_64_4_32_4_2_s,14018,9000,48,0,0,,,
det_k4_l4_r4_c4_m4_w12g8_d64_s2_q2,det,fit,module,CgMm,cg_mm_task_64_4_32_4_4_4_4_2_s,4779,4000,64,0,0,,,
det_k4_l4_r4_c4_m4_w12g8_d64_s2_q2,det,fit,module,CgStore,cg_store_task_64_4_32_4_2_s,1514,171,0,0,0,,,
det_k4_l4_r4_c4_m4_w12g8_d64_s2_q2,det,fit,module,MemWStream,mem_w_stream_framed_done_task_64_8_s,1613,2265,0,0,0,,,
det_k4_l4_r4_c4_m4_w12g8_d64_s2_q2,det,fit,memory,a_blk_U,,12,96,0,0,0,4,96,2
det_k4_l4_r4_c4_m4_w12g8_d64_s2_q2,det,fit,memory,b_blk_U,,0,0,0,3,0,32,96,2
det_k4_l4_r4_c4_m4_w12g8_d64_s2_q2,det,fit,memory,p_blk_U,,0,0,0,3,0,32,96,2
det_k4_l4_r4_c4_m4_w12g8_d64_s2_q2,det,fit,memory,s_blk_U,,0,0,0,3,0,32,96,2
det_k4_l4_r4_c4_m4_w12g8_d64_s2_q2,det,fit,memory,x_blk_U,,0,0,0,3,0,32,96,2
det_k4_l4_r4_c4_m4_w12g8_d64_s2_q2,det,fit,fifo,cmd_rd_U,,0,99,0,0,0,2,65,1
det_k4_l4_r4_c4_m4_w12g8_d64_s2_q2,det,fit,fifo,desc_cs_U,,0,99,0,0,0,2,65,1
det_k4_l4_r4_c4_m4_w12g8_d64_s2_q2,det,fit,fifo,desc_lc_U,,0,99,0,0,0,2,65,1
det_k4_l4_r4_c4_m4_w12g8_d64_s2_q2,det,fit,fifo,m_in_c_U,,0,99,0,0,0,3,64,1
det_k4_l4_r4_c4_m4_w12g8_d64_s2_q2,det,fit,fifo,m_out_c_U,,0,99,0,0,0,8,64,1
det_k4_l4_r4_c4_m4_w12g8_d64_s2_q2,det,fit,fifo,mm_q_U,,0,99,0,0,0,2,65,1
det_k4_l4_r4_c4_m4_w12g8_d64_s2_q2,det,fit,fifo,rdata_U,,0,99,0,0,0,2,65,1
det_k4_l4_r4_c4_m4_w12g8_d64_s2_q2,det,fit,fifo,vec_q_U,,0,99,0,0,0,2,65,1
det_k4_l4_r4_c4_m4_w12g8_d64_s2_q2,det,fit,fifo,wdata_U,,0,99,0,0,0,2,65,1
det_k4_l4_r4_c4_m4_w12g8_d64_s2_q2,det,fit,instance,control_s_axi_U,,296,170,0,0,0,0,0,0
det_k4_l4_r4_c4_m4_w12g8_d64_s2_q2,det,fit,instance,entry_proc_U0,,29,2,0,0,0,0,0,0
det_k4_l4_r4_c4_m4_w12g8_d64_s2_q2,det,fit,instance,gmem0_m_axi_U,,823,725,0,4,0,0,0,0
det_k4_l4_r4_c4_m4_w12g8_d64_s2_q2,det,fit,instance,gmem1_m_axi_U,,811,719,0,4,0,0,0,0
det_k4_l4_r4_c4_m4_w12g8_d64_s2_q2,det,fit,unitemized,unitemized,,602,0,0,0,0,0,0,0
det_k8_l4_r8_c4_m4_w12g8_d64_s2_q2,det,fit,module,CgCmdRx,cg_cmd_rx_task_64_8_32_s,182,74,0,0,0,,,
det_k8_l4_r8_c4_m4_w12g8_d64_s2_q2,det,fit,module,MemRStream,mem_r_stream_framed_task_64_s,817,502,0,0,0,,,
det_k8_l4_r8_c4_m4_w12g8_d64_s2_q2,det,fit,module,CgLoad,cg_load_task_64_8_32_4_2_s,11633,1256,0,0,0,,,
det_k8_l4_r8_c4_m4_w12g8_d64_s2_q2,det,fit,module,CgCtrl,cg_ctrl_task_64_8_s,248,52,0,0,0,,,
det_k8_l4_r8_c4_m4_w12g8_d64_s2_q2,det,fit,module,CgVec,cg_vec_task_64_8_32_4_2_s,14330,9069,48,0,0,,,
det_k8_l4_r8_c4_m4_w12g8_d64_s2_q2,det,fit,module,CgMm,cg_mm_task_64_8_32_4_8_4_4_2_s,8728,8495,128,0,0,,,
det_k8_l4_r8_c4_m4_w12g8_d64_s2_q2,det,fit,module,CgStore,cg_store_task_64_8_32_4_2_s,1516,179,0,0,0,,,
det_k8_l4_r8_c4_m4_w12g8_d64_s2_q2,det,fit,module,MemWStream,mem_w_stream_framed_done_task_64_8_s,1613,2265,0,0,0,,,
det_k8_l4_r8_c4_m4_w12g8_d64_s2_q2,det,fit,memory,a_blk_U,,0,0,0,6,0,8,192,2
det_k8_l4_r8_c4_m4_w12g8_d64_s2_q2,det,fit,memory,b_blk_U,,0,0,0,3,0,64,96,2
det_k8_l4_r8_c4_m4_w12g8_d64_s2_q2,det,fit,memory,p_blk_U,,0,0,0,3,0,64,96,2
det_k8_l4_r8_c4_m4_w12g8_d64_s2_q2,det,fit,memory,s_blk_U,,0,0,0,3,0,64,96,2
det_k8_l4_r8_c4_m4_w12g8_d64_s2_q2,det,fit,memory,x_blk_U,,0,0,0,3,0,64,96,2
det_k8_l4_r8_c4_m4_w12g8_d64_s2_q2,det,fit,fifo,cmd_rd_U,,0,99,0,0,0,2,65,1
det_k8_l4_r8_c4_m4_w12g8_d64_s2_q2,det,fit,fifo,desc_cs_U,,0,99,0,0,0,2,65,1
det_k8_l4_r8_c4_m4_w12g8_d64_s2_q2,det,fit,fifo,desc_lc_U,,0,99,0,0,0,2,65,1
det_k8_l4_r8_c4_m4_w12g8_d64_s2_q2,det,fit,fifo,m_in_c_U,,0,99,0,0,0,3,64,1
det_k8_l4_r8_c4_m4_w12g8_d64_s2_q2,det,fit,fifo,m_out_c_U,,0,99,0,0,0,8,64,1
det_k8_l4_r8_c4_m4_w12g8_d64_s2_q2,det,fit,fifo,mm_q_U,,0,99,0,0,0,2,65,1
det_k8_l4_r8_c4_m4_w12g8_d64_s2_q2,det,fit,fifo,rdata_U,,0,99,0,0,0,2,65,1
det_k8_l4_r8_c4_m4_w12g8_d64_s2_q2,det,fit,fifo,vec_q_U,,0,99,0,0,0,2,65,1
det_k8_l4_r8_c4_m4_w12g8_d64_s2_q2,det,fit,fifo,wdata_U,,0,99,0,0,0,2,65,1
det_k8_l4_r8_c4_m4_w12g8_d64_s2_q2,det,fit,instance,control_s_axi_U,,296,170,0,0,0,0,0,0
det_k8_l4_r8_c4_m4_w12g8_d64_s2_q2,det,fit,instance,entry_proc_U0,,29,2,0,0,0,0,0,0
det_k8_l4_r8_c4_m4_w12g8_d64_s2_q2,det,fit,instance,gmem0_m_axi_U,,823,725,0,4,0,0,0,0
det_k8_l4_r8_c4_m4_w12g8_d64_s2_q2,det,fit,instance,gmem1_m_axi_U,,811,719,0,4,0,0,0,0
det_k8_l4_r8_c4_m4_w12g8_d64_s2_q2,det,fit,unitemized,unitemized,,602,0,0,0,0,0,0,0
det_k16_l4_r16_c4_m4_w12g8_d64_s2_q2,det,fit,module,CgCmdRx,cg_cmd_rx_task_64_16_32_s,184,75,0,0,0,,,
det_k16_l4_r16_c4_m4_w12g8_d64_s2_q2,det,fit,module,MemRStream,mem_r_stream_framed_task_64_s,817,502,0,0,0,,,
det_k16_l4_r16_c4_m4_w12g8_d64_s2_q2,det,fit,module,CgLoad,cg_load_task_64_16_32_4_2_s,20972,1769,0,0,0,,,
det_k16_l4_r16_c4_m4_w12g8_d64_s2_q2,det,fit,module,CgCtrl,cg_ctrl_task_64_16_s,249,54,0,0,0,,,
det_k16_l4_r16_c4_m4_w12g8_d64_s2_q2,det,fit,module,CgVec,cg_vec_task_64_16_32_4_2_s,14389,8953,48,24,0,,,
det_k16_l4_r16_c4_m4_w12g8_d64_s2_q2,det,fit,module,CgMm,cg_mm_task_64_16_32_4_16_4_4_2_s,18467,19748,256,8,0,,,
det_k16_l4_r16_c4_m4_w12g8_d64_s2_q2,det,fit,module,CgStore,cg_store_task_64_16_32_4_2_s,1518,173,0,0,0,,,
det_k16_l4_r16_c4_m4_w12g8_d64_s2_q2,det,fit,module,MemWStream,mem_w_stream_framed_done_task_64_8_s,1613,2265,0,0,0,,,
det_k16_l4_r16_c4_m4_w12g8_d64_s2_q2,det,fit,memory,a_blk_U,,0,0,0,11,0,16,384,2
det_k16_l4_r16_c4_m4_w12g8_d64_s2_q2,det,fit,memory,b_blk_U,,0,0,0,3,0,128,96,2
det_k16_l4_r16_c4_m4_w12g8_d64_s2_q2,det,fit,memory,p_blk_U,,0,0,0,3,0,128,96,2
det_k16_l4_r16_c4_m4_w12g8_d64_s2_q2,det,fit,memory,s_blk_U,,0,0,0,3,0,128,96,2
det_k16_l4_r16_c4_m4_w12g8_d64_s2_q2,det,fit,memory,x_blk_U,,0,0,0,3,0,128,96,2
det_k16_l4_r16_c4_m4_w12g8_d64_s2_q2,det,fit,fifo,cmd_rd_U,,0,99,0,0,0,2,65,1
det_k16_l4_r16_c4_m4_w12g8_d64_s2_q2,det,fit,fifo,desc_cs_U,,0,99,0,0,0,2,65,1
det_k16_l4_r16_c4_m4_w12g8_d64_s2_q2,det,fit,fifo,desc_lc_U,,0,99,0,0,0,2,65,1
det_k16_l4_r16_c4_m4_w12g8_d64_s2_q2,det,fit,fifo,m_in_c_U,,0,99,0,0,0,3,64,1
det_k16_l4_r16_c4_m4_w12g8_d64_s2_q2,det,fit,fifo,m_out_c_U,,0,99,0,0,0,8,64,1
det_k16_l4_r16_c4_m4_w12g8_d64_s2_q2,det,fit,fifo,mm_q_U,,0,99,0,0,0,2,65,1
det_k16_l4_r16_c4_m4_w12g8_d64_s2_q2,det,fit,fifo,rdata_U,,0,99,0,0,0,2,65,1
det_k16_l4_r16_c4_m4_w12g8_d64_s2_q2,det,fit,fifo,vec_q_U,,0,99,0,0,0,2,65,1
det_k16_l4_r16_c4_m4_w12g8_d64_s2_q2,det,fit,fifo,wdata_U,,0,99,0,0,0,2,65,1
det_k16_l4_r16_c4_m4_w12g8_d64_s2_q2,det,fit,instance,control_s_axi_U,,296,170,0,0,0,0,0,0
det_k16_l4_r16_c4_m4_w12g8_d64_s2_q2,det,fit,instance,entry_proc_U0,,29,2,0,0,0,0,0,0
det_k16_l4_r16_c4_m4_w12g8_d64_s2_q2,det,fit,instance,gmem0_m_axi_U,,823,725,0,4,0,0,0,0
det_k16_l4_r16_c4_m4_w12g8_d64_s2_q2,det,fit,instance,gmem1_m_axi_U,,811,719,0,4,0,0,0,0
det_k16_l4_r16_c4_m4_w12g8_d64_s2_q2,det,fit,unitemized,unitemized,,602,0,0,0,0,0,0,0
det_k4_l1_r4_c4_m4_w12g8_d64_s2_q2,det,fit,module,CgCmdRx,cg_cmd_rx_task_64_4_32_s,180,38,0,0,0,,,
det_k4_l1_r4_c4_m4_w12g8_d64_s2_q2,det,fit,module,MemRStream,mem_r_stream_framed_task_64_s,817,502,0,0,0,,,
det_k4_l1_r4_c4_m4_w12g8_d64_s2_q2,det,fit,module,CgLoad,cg_load_task_64_4_32_1_2_s,4032,597,0,0,0,,,
det_k4_l1_r4_c4_m4_w12g8_d64_s2_q2,det,fit,module,CgCtrl,cg_ctrl_task_64_4_s,244,50,0,0,0,,,
det_k4_l1_r4_c4_m4_w12g8_d64_s2_q2,det,fit,module,CgVec,cg_vec_task_64_4_32_1_2_s,4901,2776,12,6,0,,,
det_k4_l1_r4_c4_m4_w12g8_d64_s2_q2,det,fit,module,CgMm,cg_mm_task_64_4_32_1_4_4_4_2_s,4242,4150,64,0,0,,,
det_k4_l1_r4_c4_m4_w12g8_d64_s2_q2,det,fit,module,CgStore,cg_store_task_64_4_32_1_2_s,237,116,0,0,0,,,
det_k4_l1_r4_c4_m4_w12g8_d64_s2_q2,det,fit,module,MemWStream,mem_w_stream_framed_done_task_64_8_s,1613,2265,0,0,0,,,
det_k4_l1_r4_c4_m4_w12g8_d64_s2_q2,det,fit,memory,a_blk_U,,12,96,0,0,0,4,96,2
det_k4_l1_r4_c4_m4_w12g8_d64_s2_q2,det,fit,memory,b_blk_U,,0,0,0,4,0,128,24,2
det_k4_l1_r4_c4_m4_w12g8_d64_s2_q2,det,fit,memory,p_blk_U,,0,0,0,1,0,128,24,2
det_k4_l1_r4_c4_m4_w12g8_d64_s2_q2,det,fit,memory,s_blk_U,,0,0,0,1,0,128,24,2
det_k4_l1_r4_c4_m4_w12g8_d64_s2_q2,det,fit,memory,x_blk_U,,0,0,0,4,0,128,24,2
det_k4_l1_r4_c4_m4_w12g8_d64_s2_q2,det,fit,fifo,cmd_rd_U,,0,99,0,0,0,2,65,1
det_k4_l1_r4_c4_m4_w12g8_d64_s2_q2,det,fit,fifo,desc_cs_U,,0,99,0,0,0,2,65,1
det_k4_l1_r4_c4_m4_w12g8_d64_s2_q2,det,fit,fifo,desc_lc_U,,0,99,0,0,0,2,65,1
det_k4_l1_r4_c4_m4_w12g8_d64_s2_q2,det,fit,fifo,m_in_c_U,,0,99,0,0,0,3,64,1
det_k4_l1_r4_c4_m4_w12g8_d64_s2_q2,det,fit,fifo,m_out_c_U,,0,99,0,0,0,8,64,1
det_k4_l1_r4_c4_m4_w12g8_d64_s2_q2,det,fit,fifo,mm_q_U,,0,99,0,0,0,2,65,1
det_k4_l1_r4_c4_m4_w12g8_d64_s2_q2,det,fit,fifo,rdata_U,,0,99,0,0,0,2,65,1
det_k4_l1_r4_c4_m4_w12g8_d64_s2_q2,det,fit,fifo,vec_q_U,,0,99,0,0,0,2,65,1
det_k4_l1_r4_c4_m4_w12g8_d64_s2_q2,det,fit,fifo,wdata_U,,0,99,0,0,0,2,65,1
det_k4_l1_r4_c4_m4_w12g8_d64_s2_q2,det,fit,instance,control_s_axi_U,,296,170,0,0,0,0,0,0
det_k4_l1_r4_c4_m4_w12g8_d64_s2_q2,det,fit,instance,entry_proc_U0,,29,2,0,0,0,0,0,0
det_k4_l1_r4_c4_m4_w12g8_d64_s2_q2,det,fit,instance,gmem0_m_axi_U,,823,725,0,4,0,0,0,0
det_k4_l1_r4_c4_m4_w12g8_d64_s2_q2,det,fit,instance,gmem1_m_axi_U,,811,719,0,4,0,0,0,0
det_k4_l1_r4_c4_m4_w12g8_d64_s2_q2,det,fit,unitemized,unitemized,,602,0,0,0,0,0,0,0
det_k4_l2_r4_c4_m4_w12g8_d64_s2_q2,det,fit,module,CgCmdRx,cg_cmd_rx_task_64_4_32_s,180,38,0,0,0,,,
det_k4_l2_r4_c4_m4_w12g8_d64_s2_q2,det,fit,module,MemRStream,mem_r_stream_framed_task_64_s,817,502,0,0,0,,,
det_k4_l2_r4_c4_m4_w12g8_d64_s2_q2,det,fit,module,CgLoad,cg_load_task_64_4_32_2_2_s,4014,597,0,0,0,,,
det_k4_l2_r4_c4_m4_w12g8_d64_s2_q2,det,fit,module,CgCtrl,cg_ctrl_task_64_4_s,244,50,0,0,0,,,
det_k4_l2_r4_c4_m4_w12g8_d64_s2_q2,det,fit,module,CgVec,cg_vec_task_64_4_32_2_2_s,8125,5108,24,0,0,,,
det_k4_l2_r4_c4_m4_w12g8_d64_s2_q2,det,fit,module,CgMm,cg_mm_task_64_4_32_2_4_4_4_2_s,4779,3953,64,0,0,,,
det_k4_l2_r4_c4_m4_w12g8_d64_s2_q2,det,fit,module,CgStore,cg_store_task_64_4_32_2_2_s,228,116,0,0,0,,,
det_k4_l2_r4_c4_m4_w12g8_d64_s2_q2,det,fit,module,MemWStream,mem_w_stream_framed_done_task_64_8_s,1613,2265,0,0,0,,,
det_k4_l2_r4_c4_m4_w12g8_d64_s2_q2,det,fit,memory,a_blk_U,,12,96,0,0,0,4,96,2
det_k4_l2_r4_c4_m4_w12g8_d64_s2_q2,det,fit,memory,b_blk_U,,0,0,0,2,0,64,48,2
det_k4_l2_r4_c4_m4_w12g8_d64_s2_q2,det,fit,memory,p_blk_U,,0,0,0,2,0,64,48,2
det_k4_l2_r4_c4_m4_w12g8_d64_s2_q2,det,fit,memory,s_blk_U,,0,0,0,2,0,64,48,2
det_k4_l2_r4_c4_m4_w12g8_d64_s2_q2,det,fit,memory,x_blk_U,,0,0,0,2,0,64,48,2
det_k4_l2_r4_c4_m4_w12g8_d64_s2_q2,det,fit,fifo,cmd_rd_U,,0,99,0,0,0,2,65,1
det_k4_l2_r4_c4_m4_w12g8_d64_s2_q2,det,fit,fifo,desc_cs_U,,0,99,0,0,0,2,65,1
det_k4_l2_r4_c4_m4_w12g8_d64_s2_q2,det,fit,fifo,desc_lc_U,,0,99,0,0,0,2,65,1
det_k4_l2_r4_c4_m4_w12g8_d64_s2_q2,det,fit,fifo,m_in_c_U,,0,99,0,0,0,3,64,1
det_k4_l2_r4_c4_m4_w12g8_d64_s2_q2,det,fit,fifo,m_out_c_U,,0,99,0,0,0,8,64,1
det_k4_l2_r4_c4_m4_w12g8_d64_s2_q2,det,fit,fifo,mm_q_U,,0,99,0,0,0,2,65,1
det_k4_l2_r4_c4_m4_w12g8_d64_s2_q2,det,fit,fifo,rdata_U,,0,99,0,0,0,2,65,1
det_k4_l2_r4_c4_m4_w12g8_d64_s2_q2,det,fit,fifo,vec_q_U,,0,99,0,0,0,2,65,1
det_k4_l2_r4_c4_m4_w12g8_d64_s2_q2,det,fit,fifo,wdata_U,,0,99,0,0,0,2,65,1
det_k4_l2_r4_c4_m4_w12g8_d64_s2_q2,det,fit,instance,control_s_axi_U,,296,170,0,0,0,0,0,0
det_k4_l2_r4_c4_m4_w12g8_d64_s2_q2,det,fit,instance,entry_proc_U0,,29,2,0,0,0,0,0,0
det_k4_l2_r4_c4_m4_w12g8_d64_s2_q2,det,fit,instance,gmem0_m_axi_U,,823,725,0,4,0,0,0,0
det_k4_l2_r4_c4_m4_w12g8_d64_s2_q2,det,fit,instance,gmem1_m_axi_U,,811,719,0,4,0,0,0,0
det_k4_l2_r4_c4_m4_w12g8_d64_s2_q2,det,fit,unitemized,unitemized,,602,0,0,0,0,0,0,0
det_k4_l8_r4_c8_m4_w12g8_d64_s2_q2,det,fit,module,CgCmdRx,cg_cmd_rx_task_64_4_32_s,180,38,0,0,0,,,
det_k4_l8_r4_c8_m4_w12g8_d64_s2_q2,det,fit,module,MemRStream,mem_r_stream_framed_task_64_s,817,502,0,0,0,,,
det_k4_l8_r4_c8_m4_w12g8_d64_s2_q2,det,fit,module,CgLoad,cg_load_task_64_4_32_8_2_s,11692,1118,0,0,0,,,
det_k4_l8_r4_c8_m4_w12g8_d64_s2_q2,det,fit,module,CgCtrl,cg_ctrl_task_64_4_s,244,50,0,0,0,,,
det_k4_l8_r4_c8_m4_w12g8_d64_s2_q2,det,fit,module,CgVec,cg_vec_task_64_4_32_8_2_s,26069,17222,96,0,0,,,
det_k4_l8_r4_c8_m4_w12g8_d64_s2_q2,det,fit,module,CgMm,cg_mm_task_64_4_32_8_4_8_4_2_s,8343,7279,128,0,0,,,
det_k4_l8_r4_c8_m4_w12g8_d64_s2_q2,det,fit,module,CgStore,cg_store_task_64_4_32_8_2_s,3017,179,0,0,0,,,
det_k4_l8_r4_c8_m4_w12g8_d64_s2_q2,det,fit,module,MemWStream,mem_w_stream_framed_done_task_64_8_s,1613,2265,0,0,0,,,
det_k4_l8_r4_c8_m4_w12g8_d64_s2_q2,det,fit,memory,a_blk_U,,12,96,0,0,0,4,96,2
det_k4_l8_r4_c8_m4_w12g8_d64_s2_q2,det,fit,memory,b_blk_U,,0,0,0,6,0,16,192,2
det_k4_l8_r4_c8_m4_w12g8_d64_s2_q2,det,fit,memory,p_blk_U,,0,0,0,6,0,16,192,2
det_k4_l8_r4_c8_m4_w12g8_d64_s2_q2,det,fit,memory,s_blk_U,,0,0,0,6,0,16,192,2
det_k4_l8_r4_c8_m4_w12g8_d64_s2_q2,det,fit,memory,x_blk_U,,0,0,0,6,0,16,192,2
det_k4_l8_r4_c8_m4_w12g8_d64_s2_q2,det,fit,fifo,cmd_rd_U,,0,99,0,0,0,2,65,1
det_k4_l8_r4_c8_m4_w12g8_d64_s2_q2,det,fit,fifo,desc_cs_U,,0,99,0,0,0,2,65,1
det_k4_l8_r4_c8_m4_w12g8_d64_s2_q2,det,fit,fifo,desc_lc_U,,0,99,0,0,0,2,65,1
det_k4_l8_r4_c8_m4_w12g8_d64_s2_q2,det,fit,fifo,m_in_c_U,,0,99,0,0,0,3,64,1
det_k4_l8_r4_c8_m4_w12g8_d64_s2_q2,det,fit,fifo,m_out_c_U,,0,99,0,0,0,8,64,1
det_k4_l8_r4_c8_m4_w12g8_d64_s2_q2,det,fit,fifo,mm_q_U,,0,99,0,0,0,2,65,1
det_k4_l8_r4_c8_m4_w12g8_d64_s2_q2,det,fit,fifo,rdata_U,,0,99,0,0,0,2,65,1
det_k4_l8_r4_c8_m4_w12g8_d64_s2_q2,det,fit,fifo,vec_q_U,,0,99,0,0,0,2,65,1
det_k4_l8_r4_c8_m4_w12g8_d64_s2_q2,det,fit,fifo,wdata_U,,0,99,0,0,0,2,65,1
det_k4_l8_r4_c8_m4_w12g8_d64_s2_q2,det,fit,instance,control_s_axi_U,,296,170,0,0,0,0,0,0
det_k4_l8_r4_c8_m4_w12g8_d64_s2_q2,det,fit,instance,entry_proc_U0,,29,2,0,0,0,0,0,0
det_k4_l8_r4_c8_m4_w12g8_d64_s2_q2,det,fit,instance,gmem0_m_axi_U,,823,725,0,4,0,0,0,0
det_k4_l8_r4_c8_m4_w12g8_d64_s2_q2,det,fit,instance,gmem1_m_axi_U,,811,719,0,4,0,0,0,0
det_k4_l8_r4_c8_m4_w12g8_d64_s2_q2,det,fit,unitemized,unitemized,,602,0,0,0,0,0,0,0
det_k4_l16_r4_c16_m4_w12g8_d64_s2_q2,det,fit,module,CgCmdRx,cg_cmd_rx_task_64_4_32_s,180,38,0,0,0,,,
det_k4_l16_r4_c16_m4_w12g8_d64_s2_q2,det,fit,module,MemRStream,mem_r_stream_framed_task_64_s,817,502,0,0,0,,,
det_k4_l16_r4_c16_m4_w12g8_d64_s2_q2,det,fit,module,CgLoad,cg_load_task_64_4_32_16_2_s,20897,1385,0,0,0,,,
det_k4_l16_r4_c16_m4_w12g8_d64_s2_q2,det,fit,module,CgCtrl,cg_ctrl_task_64_4_s,244,50,0,0,0,,,
det_k4_l16_r4_c16_m4_w12g8_d64_s2_q2,det,fit,module,CgVec,cg_vec_task_64_4_32_16_2_s,51250,35798,192,0,0,,,
det_k4_l16_r4_c16_m4_w12g8_d64_s2_q2,det,fit,module,CgMm,cg_mm_task_64_4_32_16_4_16_4_2_s,15509,13844,256,0,0,,,
det_k4_l16_r4_c16_m4_w12g8_d64_s2_q2,det,fit,module,CgStore,cg_store_task_64_4_32_16_2_s,6548,627,0,0,0,,,
det_k4_l16_r4_c16_m4_w12g8_d64_s2_q2,det,fit,module,MemWStream,mem_w_stream_framed_done_task_64_8_s,1613,2265,0,0,0,,,
det_k4_l16_r4_c16_m4_w12g8_d64_s2_q2,det,fit,memory,a_blk_U,,12,96,0,0,0,4,96,2
det_k4_l16_r4_c16_m4_w12g8_d64_s2_q2,det,fit,memory,b_blk_U,,0,0,0,11,0,8,384,2
det_k4_l16_r4_c16_m4_w12g8_d64_s2_q2,det,fit,memory,p_blk_U,,0,0,0,11,0,8,384,2
det_k4_l16_r4_c16_m4_w12g8_d64_s2_q2,det,fit,memory,s_blk_U,,0,0,0,11,0,8,384,2
det_k4_l16_r4_c16_m4_w12g8_d64_s2_q2,det,fit,memory,x_blk_U,,0,0,0,11,0,8,384,2
det_k4_l16_r4_c16_m4_w12g8_d64_s2_q2,det,fit,fifo,cmd_rd_U,,0,99,0,0,0,2,65,1
det_k4_l16_r4_c16_m4_w12g8_d64_s2_q2,det,fit,fifo,desc_cs_U,,0,99,0,0,0,2,65,1
det_k4_l16_r4_c16_m4_w12g8_d64_s2_q2,det,fit,fifo,desc_lc_U,,0,99,0,0,0,2,65,1
det_k4_l16_r4_c16_m4_w12g8_d64_s2_q2,det,fit,fifo,m_in_c_U,,0,99,0,0,0,3,64,1
det_k4_l16_r4_c16_m4_w12g8_d64_s2_q2,det,fit,fifo,m_out_c_U,,0,99,0,0,0,8,64,1
det_k4_l16_r4_c16_m4_w12g8_d64_s2_q2,det,fit,fifo,mm_q_U,,0,99,0,0,0,2,65,1
det_k4_l16_r4_c16_m4_w12g8_d64_s2_q2,det,fit,fifo,rdata_U,,0,99,0,0,0,2,65,1
det_k4_l16_r4_c16_m4_w12g8_d64_s2_q2,det,fit,fifo,vec_q_U,,0,99,0,0,0,2,65,1
det_k4_l16_r4_c16_m4_w12g8_d64_s2_q2,det,fit,fifo,wdata_U,,0,99,0,0,0,2,65,1
det_k4_l16_r4_c16_m4_w12g8_d64_s2_q2,det,fit,instance,control_s_axi_U,,296,170,0,0,0,0,0,0
det_k4_l16_r4_c16_m4_w12g8_d64_s2_q2,det,fit,instance,entry_proc_U0,,29,2,0,0,0,0,0,0
det_k4_l16_r4_c16_m4_w12g8_d64_s2_q2,det,fit,instance,gmem0_m_axi_U,,823,725,0,4,0,0,0,0
det_k4_l16_r4_c16_m4_w12g8_d64_s2_q2,det,fit,instance,gmem1_m_axi_U,,811,719,0,4,0,0,0,0
det_k4_l16_r4_c16_m4_w12g8_d64_s2_q2,det,fit,unitemized,unitemized,,602,0,0,0,0,0,0,0
det_k4_l4_r4_c4_m4_w8g8_d64_s2_q2,det,fit,module,CgCmdRx,cg_cmd_rx_task_64_4_32_s,180,38,0,0,0,,,
det_k4_l4_r4_c4_m4_w8g8_d64_s2_q2,det,fit,module,MemRStream,mem_r_stream_framed_task_64_s,817,502,0,0,0,,,
det_k4_l4_r4_c4_m4_w8g8_d64_s2_q2,det,fit,module,CgLoad,cg_load_task_64_4_32_4_2_s,5163,498,0,0,0,,,
det_k4_l4_r4_c4_m4_w8g8_d64_s2_q2,det,fit,module,CgCtrl,cg_ctrl_task_64_4_s,244,50,0,0,0,,,
det_k4_l4_r4_c4_m4_w8g8_d64_s2_q2,det,fit,module,CgVec,cg_vec_task_64_4_32_4_2_s,13902,6943,12,0,0,,,
det_k4_l4_r4_c4_m4_w8g8_d64_s2_q2,det,fit,module,CgMm,cg_mm_task_64_4_32_4_4_4_4_2_s,5499,2760,32,0,0,,,
det_k4_l4_r4_c4_m4_w8g8_d64_s2_q2,det,fit,module,CgStore,cg_store_task_64_4_32_4_2_s,944,158,0,0,0,,,
det_k4_l4_r4_c4_m4_w8g8_d64_s2_q2,det,fit,module,MemWStream,mem_w_stream_framed_done_task_64_8_s,1613,2265,0,0,0,,,
det_k4_l4_r4_c4_m4_w8g8_d64_s2_q2,det,fit,memory,a_blk_U,,8,64,0,0,0,4,64,2
det_k4_l4_r4_c4_m4_w8g8_d64_s2_q2,det,fit,memory,b_blk_U,,0,0,0,2,0,32,64,2
det_k4_l4_r4_c4_m4_w8g8_d64_s2_q2,det,fit,memory,p_blk_U,,0,0,0,2,0,32,64,2
det_k4_l4_r4_c4_m4_w8g8_d64_s2_q2,det,fit,memory,s_blk_U,,0,0,0,2,0,32,64,2
det_k4_l4_r4_c4_m4_w8g8_d64_s2_q2,det,fit,memory,x_blk_U,,0,0,0,2,0,32,64,2
det_k4_l4_r4_c4_m4_w8g8_d64_s2_q2,det,fit,fifo,cmd_rd_U,,0,99,0,0,0,2,65,1
det_k4_l4_r4_c4_m4_w8g8_d64_s2_q2,det,fit,fifo,desc_cs_U,,0,99,0,0,0,2,65,1
det_k4_l4_r4_c4_m4_w8g8_d64_s2_q2,det,fit,fifo,desc_lc_U,,0,99,0,0,0,2,65,1
det_k4_l4_r4_c4_m4_w8g8_d64_s2_q2,det,fit,fifo,m_in_c_U,,0,99,0,0,0,3,64,1
det_k4_l4_r4_c4_m4_w8g8_d64_s2_q2,det,fit,fifo,m_out_c_U,,0,99,0,0,0,8,64,1
det_k4_l4_r4_c4_m4_w8g8_d64_s2_q2,det,fit,fifo,mm_q_U,,0,99,0,0,0,2,65,1
det_k4_l4_r4_c4_m4_w8g8_d64_s2_q2,det,fit,fifo,rdata_U,,0,99,0,0,0,2,65,1
det_k4_l4_r4_c4_m4_w8g8_d64_s2_q2,det,fit,fifo,vec_q_U,,0,99,0,0,0,2,65,1
det_k4_l4_r4_c4_m4_w8g8_d64_s2_q2,det,fit,fifo,wdata_U,,0,99,0,0,0,2,65,1
det_k4_l4_r4_c4_m4_w8g8_d64_s2_q2,det,fit,instance,control_s_axi_U,,296,170,0,0,0,0,0,0
det_k4_l4_r4_c4_m4_w8g8_d64_s2_q2,det,fit,instance,entry_proc_U0,,29,2,0,0,0,0,0,0
det_k4_l4_r4_c4_m4_w8g8_d64_s2_q2,det,fit,instance,gmem0_m_axi_U,,823,725,0,4,0,0,0,0
det_k4_l4_r4_c4_m4_w8g8_d64_s2_q2,det,fit,instance,gmem1_m_axi_U,,811,719,0,4,0,0,0,0
det_k4_l4_r4_c4_m4_w8g8_d64_s2_q2,det,fit,unitemized,unitemized,,602,0,0,0,0,0,0,0
det_k4_l4_r4_c4_m4_w16g8_d64_s2_q2,det,fit,module,CgCmdRx,cg_cmd_rx_task_64_4_32_s,180,38,0,0,0,,,
det_k4_l4_r4_c4_m4_w16g8_d64_s2_q2,det,fit,module,MemRStream,mem_r_stream_framed_task_64_s,817,502,0,0,0,,,
det_k4_l4_r4_c4_m4_w16g8_d64_s2_q2,det,fit,module,CgLoad,cg_load_task_64_4_32_4_2_s,10195,1061,0,0,0,,,
det_k4_l4_r4_c4_m4_w16g8_d64_s2_q2,det,fit,module,CgCtrl,cg_ctrl_task_64_4_s,244,50,0,0,0,,,
det_k4_l4_r4_c4_m4_w16g8_d64_s2_q2,det,fit,module,CgVec,cg_vec_task_64_4_32_4_2_s,15928,11689,48,0,0,,,
det_k4_l4_r4_c4_m4_w16g8_d64_s2_q2,det,fit,module,CgMm,cg_mm_task_64_4_32_4_4_4_4_2_s,5235,5219,64,0,0,,,
det_k4_l4_r4_c4_m4_w16g8_d64_s2_q2,det,fit,module,CgStore,cg_store_task_64_4_32_4_2_s,1920,184,0,0,0,,,
det_k4_l4_r4_c4_m4_w16g8_d64_s2_q2,det,fit,module,MemWStream,mem_w_stream_framed_done_task_64_8_s,1613,2265,0,0,0,,,
det_k4_l4_r4_c4_m4_w16g8_d64_s2_q2,det,fit,memory,a_blk_U,,0,0,0,4,0,4,128,2
det_k4_l4_r4_c4_m4_w16g8_d64_s2_q2,det,fit,memory,b_blk_U,,0,0,0,4,0,32,128,2
det_k4_l4_r4_c4_m4_w16g8_d64_s2_q2,det,fit,memory,p_blk_U,,0,0,0,4,0,32,128,2
det_k4_l4_r4_c4_m4_w16g8_d64_s2_q2,det,fit,memory,s_blk_U,,0,0,0,4,0,32,128,2
det_k4_l4_r4_c4_m4_w16g8_d64_s2_q2,det,fit,memory,x_blk_U,,0,0,0,4,0,32,128,2
det_k4_l4_r4_c4_m4_w16g8_d64_s2_q2,det,fit,fifo,cmd_rd_U,,0,99,0,0,0,2,65,1
det_k4_l4_r4_c4_m4_w16g8_d64_s2_q2,det,fit,fifo,desc_cs_U,,0,99,0,0,0,2,65,1
det_k4_l4_r4_c4_m4_w16g8_d64_s2_q2,det,fit,fifo,desc_lc_U,,0,99,0,0,0,2,65,1
det_k4_l4_r4_c4_m4_w16g8_d64_s2_q2,det,fit,fifo,m_in_c_U,,0,99,0,0,0,3,64,1
det_k4_l4_r4_c4_m4_w16g8_d64_s2_q2,det,fit,fifo,m_out_c_U,,0,99,0,0,0,8,64,1
det_k4_l4_r4_c4_m4_w16g8_d64_s2_q2,det,fit,fifo,mm_q_U,,0,99,0,0,0,2,65,1
det_k4_l4_r4_c4_m4_w16g8_d64_s2_q2,det,fit,fifo,rdata_U,,0,99,0,0,0,2,65,1
det_k4_l4_r4_c4_m4_w16g8_d64_s2_q2,det,fit,fifo,vec_q_U,,0,99,0,0,0,2,65,1
det_k4_l4_r4_c4_m4_w16g8_d64_s2_q2,det,fit,fifo,wdata_U,,0,99,0,0,0,2,65,1
det_k4_l4_r4_c4_m4_w16g8_d64_s2_q2,det,fit,instance,control_s_axi_U,,296,170,0,0,0,0,0,0
det_k4_l4_r4_c4_m4_w16g8_d64_s2_q2,det,fit,instance,entry_proc_U0,,29,2,0,0,0,0,0,0
det_k4_l4_r4_c4_m4_w16g8_d64_s2_q2,det,fit,instance,gmem0_m_axi_U,,823,725,0,4,0,0,0,0
det_k4_l4_r4_c4_m4_w16g8_d64_s2_q2,det,fit,instance,gmem1_m_axi_U,,811,719,0,4,0,0,0,0
det_k4_l4_r4_c4_m4_w16g8_d64_s2_q2,det,fit,unitemized,unitemized,,602,0,0,0,0,0,0,0
det_k4_l4_r4_c4_m4_w12g8_d32_s2_q2,det,fit,module,CgCmdRx,cg_cmd_rx_task_32_4_32_s,216,73,0,0,0,,,
det_k4_l4_r4_c4_m4_w12g8_d32_s2_q2,det,fit,module,MemRStream,mem_r_stream_framed_task_32_s,842,472,0,0,0,,,
det_k4_l4_r4_c4_m4_w12g8_d32_s2_q2,det,fit,module,CgLoad,cg_load_task_32_4_32_4_2_s,4095,600,0,0,0,,,
det_k4_l4_r4_c4_m4_w12g8_d32_s2_q2,det,fit,module,CgCtrl,cg_ctrl_task_32_4_s,326,89,0,0,0,,,
det_k4_l4_r4_c4_m4_w12g8_d32_s2_q2,det,fit,module,CgVec,cg_vec_task_32_4_32_4_2_s,14031,8971,48,0,0,,,
det_k4_l4_r4_c4_m4_w12g8_d32_s2_q2,det,fit,module,CgMm,cg_mm_task_32_4_32_4_4_4_4_2_s,4807,3971,64,0,0,,,
det_k4_l4_r4_c4_m4_w12g8_d32_s2_q2,det,fit,module,CgStore,cg_store_task_32_4_32_4_2_s,949,153,0,0,0,,,
det_k4_l4_r4_c4_m4_w12g8_d32_s2_q2,det,fit,module,MemWStream,mem_w_stream_framed_done_task_32_8_s,1374,1435,0,0,0,,,
det_k4_l4_r4_c4_m4_w12g8_d32_s2_q2,det,fit,memory,a_blk_U,,12,96,0,0,0,4,96,2
det_k4_l4_r4_c4_m4_w12g8_d32_s2_q2,det,fit,memory,b_blk_U,,0,0,0,3,0,32,96,2
det_k4_l4_r4_c4_m4_w12g8_d32_s2_q2,det,fit,memory,p_blk_U,,0,0,0,3,0,32,96,2
det_k4_l4_r4_c4_m4_w12g8_d32_s2_q2,det,fit,memory,s_blk_U,,0,0,0,3,0,32,96,2
det_k4_l4_r4_c4_m4_w12g8_d32_s2_q2,det,fit,memory,x_blk_U,,0,0,0,3,0,32,96,2
det_k4_l4_r4_c4_m4_w12g8_d32_s2_q2,det,fit,fifo,cmd_rd_U,,0,99,0,0,0,2,33,1
det_k4_l4_r4_c4_m4_w12g8_d32_s2_q2,det,fit,fifo,desc_cs_U,,0,99,0,0,0,2,33,1
det_k4_l4_r4_c4_m4_w12g8_d32_s2_q2,det,fit,fifo,desc_lc_U,,0,99,0,0,0,2,33,1
det_k4_l4_r4_c4_m4_w12g8_d32_s2_q2,det,fit,fifo,m_in_c_U,,0,99,0,0,0,3,64,1
det_k4_l4_r4_c4_m4_w12g8_d32_s2_q2,det,fit,fifo,m_out_c_U,,0,99,0,0,0,8,64,1
det_k4_l4_r4_c4_m4_w12g8_d32_s2_q2,det,fit,fifo,mm_q_U,,0,99,0,0,0,2,33,1
det_k4_l4_r4_c4_m4_w12g8_d32_s2_q2,det,fit,fifo,rdata_U,,0,99,0,0,0,2,33,1
det_k4_l4_r4_c4_m4_w12g8_d32_s2_q2,det,fit,fifo,vec_q_U,,0,99,0,0,0,2,33,1
det_k4_l4_r4_c4_m4_w12g8_d32_s2_q2,det,fit,fifo,wdata_U,,0,99,0,0,0,2,33,1
det_k4_l4_r4_c4_m4_w12g8_d32_s2_q2,det,fit,instance,control_s_axi_U,,296,170,0,0,0,0,0,0
det_k4_l4_r4_c4_m4_w12g8_d32_s2_q2,det,fit,instance,entry_proc_U0,,29,2,0,0,0,0,0,0
det_k4_l4_r4_c4_m4_w12g8_d32_s2_q2,det,fit,instance,gmem0_m_axi_U,,637,671,0,2,0,0,0,0
det_k4_l4_r4_c4_m4_w12g8_d32_s2_q2,det,fit,instance,gmem1_m_axi_U,,625,665,0,2,0,0,0,0
det_k4_l4_r4_c4_m4_w12g8_d32_s2_q2,det,fit,unitemized,unitemized,,602,0,0,0,0,0,0,0
det_k4_l4_r4_c4_m4_w12g8_d64_s3_q2,det,fit,module,CgCmdRx,cg_cmd_rx_task_64_4_32_s,180,38,0,0,0,,,
det_k4_l4_r4_c4_m4_w12g8_d64_s3_q2,det,fit,module,MemRStream,mem_r_stream_framed_task_64_s,817,502,0,0,0,,,
det_k4_l4_r4_c4_m4_w12g8_d64_s3_q2,det,fit,module,CgLoad,cg_load_task_64_4_32_4_3_s,7253,1162,0,0,0,,,
det_k4_l4_r4_c4_m4_w12g8_d64_s3_q2,det,fit,module,CgCtrl,cg_ctrl_task_64_4_s,244,50,0,0,0,,,
det_k4_l4_r4_c4_m4_w12g8_d64_s3_q2,det,fit,module,CgVec,cg_vec_task_64_4_32_4_3_s,14018,9000,48,0,0,,,
det_k4_l4_r4_c4_m4_w12g8_d64_s3_q2,det,fit,module,CgMm,cg_mm_task_64_4_32_4_4_4_4_3_s,4779,4000,64,0,0,,,
det_k4_l4_r4_c4_m4_w12g8_d64_s3_q2,det,fit,module,CgStore,cg_store_task_64_4_32_4_3_s,1514,171,0,0,0,,,
det_k4_l4_r4_c4_m4_w12g8_d64_s3_q2,det,fit,module,MemWStream,mem_w_stream_framed_done_task_64_8_s,1613,2265,0,0,0,,,
det_k4_l4_r4_c4_m4_w12g8_d64_s3_q2,det,fit,memory,a_blk_U,,0,0,0,3,0,4,96,3
det_k4_l4_r4_c4_m4_w12g8_d64_s3_q2,det,fit,memory,b_blk_U,,0,0,0,3,0,32,96,3
det_k4_l4_r4_c4_m4_w12g8_d64_s3_q2,det,fit,memory,p_blk_U,,0,0,0,3,0,32,96,3
det_k4_l4_r4_c4_m4_w12g8_d64_s3_q2,det,fit,memory,s_blk_U,,0,0,0,3,0,32,96,3
det_k4_l4_r4_c4_m4_w12g8_d64_s3_q2,det,fit,memory,x_blk_U,,0,0,0,3,0,32,96,3
det_k4_l4_r4_c4_m4_w12g8_d64_s3_q2,det,fit,fifo,cmd_rd_U,,0,99,0,0,0,2,65,1
det_k4_l4_r4_c4_m4_w12g8_d64_s3_q2,det,fit,fifo,desc_cs_U,,0,99,0,0,0,2,65,1
det_k4_l4_r4_c4_m4_w12g8_d64_s3_q2,det,fit,fifo,desc_lc_U,,0,99,0,0,0,2,65,1
det_k4_l4_r4_c4_m4_w12g8_d64_s3_q2,det,fit,fifo,m_in_c_U,,0,99,0,0,0,3,64,1
det_k4_l4_r4_c4_m4_w12g8_d64_s3_q2,det,fit,fifo,m_out_c_U,,0,99,0,0,0,8,64,1
det_k4_l4_r4_c4_m4_w12g8_d64_s3_q2,det,fit,fifo,mm_q_U,,0,99,0,0,0,2,65,1
det_k4_l4_r4_c4_m4_w12g8_d64_s3_q2,det,fit,fifo,rdata_U,,0,99,0,0,0,2,65,1
det_k4_l4_r4_c4_m4_w12g8_d64_s3_q2,det,fit,fifo,vec_q_U,,0,99,0,0,0,2,65,1
det_k4_l4_r4_c4_m4_w12g8_d64_s3_q2,det,fit,fifo,wdata_U,,0,99,0,0,0,2,65,1
det_k4_l4_r4_c4_m4_w12g8_d64_s3_q2,det,fit,instance,control_s_axi_U,,296,170,0,0,0,0,0,0
det_k4_l4_r4_c4_m4_w12g8_d64_s3_q2,det,fit,instance,entry_proc_U0,,29,2,0,0,0,0,0,0
det_k4_l4_r4_c4_m4_w12g8_d64_s3_q2,det,fit,instance,gmem0_m_axi_U,,823,725,0,4,0,0,0,0
det_k4_l4_r4_c4_m4_w12g8_d64_s3_q2,det,fit,instance,gmem1_m_axi_U,,811,719,0,4,0,0,0,0
det_k4_l4_r4_c4_m4_w12g8_d64_s3_q2,det,fit,unitemized,unitemized,,602,0,0,0,0,0,0,0
det_k4_l4_r4_c4_m4_w12g8_d64_s4_q2,det,fit,module,CgCmdRx,cg_cmd_rx_task_64_4_32_s,180,38,0,0,0,,,
det_k4_l4_r4_c4_m4_w12g8_d64_s4_q2,det,fit,module,MemRStream,mem_r_stream_framed_task_64_s,817,502,0,0,0,,,
det_k4_l4_r4_c4_m4_w12g8_d64_s4_q2,det,fit,module,CgLoad,cg_load_task_64_4_32_4_4_s,7253,1162,0,0,0,,,
det_k4_l4_r4_c4_m4_w12g8_d64_s4_q2,det,fit,module,CgCtrl,cg_ctrl_task_64_4_s,244,50,0,0,0,,,
det_k4_l4_r4_c4_m4_w12g8_d64_s4_q2,det,fit,module,CgVec,cg_vec_task_64_4_32_4_4_s,14018,9000,48,0,0,,,
det_k4_l4_r4_c4_m4_w12g8_d64_s4_q2,det,fit,module,CgMm,cg_mm_task_64_4_32_4_4_4_4_4_s,4779,4000,64,0,0,,,
det_k4_l4_r4_c4_m4_w12g8_d64_s4_q2,det,fit,module,CgStore,cg_store_task_64_4_32_4_4_s,1514,171,0,0,0,,,
det_k4_l4_r4_c4_m4_w12g8_d64_s4_q2,det,fit,module,MemWStream,mem_w_stream_framed_done_task_64_8_s,1613,2265,0,0,0,,,
det_k4_l4_r4_c4_m4_w12g8_d64_s4_q2,det,fit,memory,a_blk_U,,0,0,0,3,0,4,96,4
det_k4_l4_r4_c4_m4_w12g8_d64_s4_q2,det,fit,memory,b_blk_U,,0,0,0,3,0,32,96,4
det_k4_l4_r4_c4_m4_w12g8_d64_s4_q2,det,fit,memory,p_blk_U,,0,0,0,3,0,32,96,4
det_k4_l4_r4_c4_m4_w12g8_d64_s4_q2,det,fit,memory,s_blk_U,,0,0,0,3,0,32,96,4
det_k4_l4_r4_c4_m4_w12g8_d64_s4_q2,det,fit,memory,x_blk_U,,0,0,0,3,0,32,96,4
det_k4_l4_r4_c4_m4_w12g8_d64_s4_q2,det,fit,fifo,cmd_rd_U,,0,99,0,0,0,2,65,1
det_k4_l4_r4_c4_m4_w12g8_d64_s4_q2,det,fit,fifo,desc_cs_U,,0,99,0,0,0,2,65,1
det_k4_l4_r4_c4_m4_w12g8_d64_s4_q2,det,fit,fifo,desc_lc_U,,0,99,0,0,0,2,65,1
det_k4_l4_r4_c4_m4_w12g8_d64_s4_q2,det,fit,fifo,m_in_c_U,,0,99,0,0,0,3,64,1
det_k4_l4_r4_c4_m4_w12g8_d64_s4_q2,det,fit,fifo,m_out_c_U,,0,99,0,0,0,8,64,1
det_k4_l4_r4_c4_m4_w12g8_d64_s4_q2,det,fit,fifo,mm_q_U,,0,99,0,0,0,2,65,1
det_k4_l4_r4_c4_m4_w12g8_d64_s4_q2,det,fit,fifo,rdata_U,,0,99,0,0,0,2,65,1
det_k4_l4_r4_c4_m4_w12g8_d64_s4_q2,det,fit,fifo,vec_q_U,,0,99,0,0,0,2,65,1
det_k4_l4_r4_c4_m4_w12g8_d64_s4_q2,det,fit,fifo,wdata_U,,0,99,0,0,0,2,65,1
det_k4_l4_r4_c4_m4_w12g8_d64_s4_q2,det,fit,instance,control_s_axi_U,,296,170,0,0,0,0,0,0
det_k4_l4_r4_c4_m4_w12g8_d64_s4_q2,det,fit,instance,entry_proc_U0,,29,2,0,0,0,0,0,0
det_k4_l4_r4_c4_m4_w12g8_d64_s4_q2,det,fit,instance,gmem0_m_axi_U,,823,725,0,4,0,0,0,0
det_k4_l4_r4_c4_m4_w12g8_d64_s4_q2,det,fit,instance,gmem1_m_axi_U,,811,719,0,4,0,0,0,0
det_k4_l4_r4_c4_m4_w12g8_d64_s4_q2,det,fit,unitemized,unitemized,,602,0,0,0,0,0,0,0
det_k4_l4_r4_c4_m4_w12g8_d64_s2_q4,det,fit,module,CgCmdRx,cg_cmd_rx_task_64_4_32_s,180,38,0,0,0,,,
det_k4_l4_r4_c4_m4_w12g8_d64_s2_q4,det,fit,module,MemRStream,mem_r_stream_framed_task_64_s,817,502,0,0,0,,,
det_k4_l4_r4_c4_m4_w12g8_d64_s2_q4,det,fit,module,CgLoad,cg_load_task_64_4_32_4_2_s,7253,1162,0,0,0,,,
det_k4_l4_r4_c4_m4_w12g8_d64_s2_q4,det,fit,module,CgCtrl,cg_ctrl_task_64_4_s,244,50,0,0,0,,,
det_k4_l4_r4_c4_m4_w12g8_d64_s2_q4,det,fit,module,CgVec,cg_vec_task_64_4_32_4_2_s,14018,9000,48,0,0,,,
det_k4_l4_r4_c4_m4_w12g8_d64_s2_q4,det,fit,module,CgMm,cg_mm_task_64_4_32_4_4_4_4_2_s,4779,4000,64,0,0,,,
det_k4_l4_r4_c4_m4_w12g8_d64_s2_q4,det,fit,module,CgStore,cg_store_task_64_4_32_4_2_s,1514,171,0,0,0,,,
det_k4_l4_r4_c4_m4_w12g8_d64_s2_q4,det,fit,module,MemWStream,mem_w_stream_framed_done_task_64_8_s,1613,2265,0,0,0,,,
det_k4_l4_r4_c4_m4_w12g8_d64_s2_q4,det,fit,memory,a_blk_U,,12,96,0,0,0,4,96,2
det_k4_l4_r4_c4_m4_w12g8_d64_s2_q4,det,fit,memory,b_blk_U,,0,0,0,3,0,32,96,2
det_k4_l4_r4_c4_m4_w12g8_d64_s2_q4,det,fit,memory,p_blk_U,,0,0,0,3,0,32,96,2
det_k4_l4_r4_c4_m4_w12g8_d64_s2_q4,det,fit,memory,s_blk_U,,0,0,0,3,0,32,96,2
det_k4_l4_r4_c4_m4_w12g8_d64_s2_q4,det,fit,memory,x_blk_U,,0,0,0,3,0,32,96,2
det_k4_l4_r4_c4_m4_w12g8_d64_s2_q4,det,fit,fifo,cmd_rd_U,,0,99,0,0,0,2,65,1
det_k4_l4_r4_c4_m4_w12g8_d64_s2_q4,det,fit,fifo,desc_cs_U,,0,99,0,0,0,2,65,1
det_k4_l4_r4_c4_m4_w12g8_d64_s2_q4,det,fit,fifo,desc_lc_U,,0,99,0,0,0,2,65,1
det_k4_l4_r4_c4_m4_w12g8_d64_s2_q4,det,fit,fifo,m_in_c_U,,0,99,0,0,0,3,64,1
det_k4_l4_r4_c4_m4_w12g8_d64_s2_q4,det,fit,fifo,m_out_c_U,,0,99,0,0,0,8,64,1
det_k4_l4_r4_c4_m4_w12g8_d64_s2_q4,det,fit,fifo,mm_q_U,,0,99,0,0,0,4,65,1
det_k4_l4_r4_c4_m4_w12g8_d64_s2_q4,det,fit,fifo,rdata_U,,0,99,0,0,0,2,65,1
det_k4_l4_r4_c4_m4_w12g8_d64_s2_q4,det,fit,fifo,vec_q_U,,0,99,0,0,0,4,65,1
det_k4_l4_r4_c4_m4_w12g8_d64_s2_q4,det,fit,fifo,wdata_U,,0,99,0,0,0,2,65,1
det_k4_l4_r4_c4_m4_w12g8_d64_s2_q4,det,fit,instance,control_s_axi_U,,296,170,0,0,0,0,0,0
det_k4_l4_r4_c4_m4_w12g8_d64_s2_q4,det,fit,instance,entry_proc_U0,,29,2,0,0,0,0,0,0
det_k4_l4_r4_c4_m4_w12g8_d64_s2_q4,det,fit,instance,gmem0_m_axi_U,,823,725,0,4,0,0,0,0
det_k4_l4_r4_c4_m4_w12g8_d64_s2_q4,det,fit,instance,gmem1_m_axi_U,,811,719,0,4,0,0,0,0
det_k4_l4_r4_c4_m4_w12g8_d64_s2_q4,det,fit,unitemized,unitemized,,602,0,0,0,0,0,0,0
det_k4_l4_r4_c4_m4_w12g8_d64_s2_q8,det,fit,module,CgCmdRx,cg_cmd_rx_task_64_4_32_s,180,38,0,0,0,,,
det_k4_l4_r4_c4_m4_w12g8_d64_s2_q8,det,fit,module,MemRStream,mem_r_stream_framed_task_64_s,817,502,0,0,0,,,
det_k4_l4_r4_c4_m4_w12g8_d64_s2_q8,det,fit,module,CgLoad,cg_load_task_64_4_32_4_2_s,7253,1162,0,0,0,,,
det_k4_l4_r4_c4_m4_w12g8_d64_s2_q8,det,fit,module,CgCtrl,cg_ctrl_task_64_4_s,244,50,0,0,0,,,
det_k4_l4_r4_c4_m4_w12g8_d64_s2_q8,det,fit,module,CgVec,cg_vec_task_64_4_32_4_2_s,14018,9000,48,0,0,,,
det_k4_l4_r4_c4_m4_w12g8_d64_s2_q8,det,fit,module,CgMm,cg_mm_task_64_4_32_4_4_4_4_2_s,4779,4000,64,0,0,,,
det_k4_l4_r4_c4_m4_w12g8_d64_s2_q8,det,fit,module,CgStore,cg_store_task_64_4_32_4_2_s,1514,171,0,0,0,,,
det_k4_l4_r4_c4_m4_w12g8_d64_s2_q8,det,fit,module,MemWStream,mem_w_stream_framed_done_task_64_8_s,1613,2265,0,0,0,,,
det_k4_l4_r4_c4_m4_w12g8_d64_s2_q8,det,fit,memory,a_blk_U,,12,96,0,0,0,4,96,2
det_k4_l4_r4_c4_m4_w12g8_d64_s2_q8,det,fit,memory,b_blk_U,,0,0,0,3,0,32,96,2
det_k4_l4_r4_c4_m4_w12g8_d64_s2_q8,det,fit,memory,p_blk_U,,0,0,0,3,0,32,96,2
det_k4_l4_r4_c4_m4_w12g8_d64_s2_q8,det,fit,memory,s_blk_U,,0,0,0,3,0,32,96,2
det_k4_l4_r4_c4_m4_w12g8_d64_s2_q8,det,fit,memory,x_blk_U,,0,0,0,3,0,32,96,2
det_k4_l4_r4_c4_m4_w12g8_d64_s2_q8,det,fit,fifo,cmd_rd_U,,0,99,0,0,0,2,65,1
det_k4_l4_r4_c4_m4_w12g8_d64_s2_q8,det,fit,fifo,desc_cs_U,,0,99,0,0,0,2,65,1
det_k4_l4_r4_c4_m4_w12g8_d64_s2_q8,det,fit,fifo,desc_lc_U,,0,99,0,0,0,2,65,1
det_k4_l4_r4_c4_m4_w12g8_d64_s2_q8,det,fit,fifo,m_in_c_U,,0,99,0,0,0,3,64,1
det_k4_l4_r4_c4_m4_w12g8_d64_s2_q8,det,fit,fifo,m_out_c_U,,0,99,0,0,0,8,64,1
det_k4_l4_r4_c4_m4_w12g8_d64_s2_q8,det,fit,fifo,mm_q_U,,0,99,0,0,0,8,65,1
det_k4_l4_r4_c4_m4_w12g8_d64_s2_q8,det,fit,fifo,rdata_U,,0,99,0,0,0,2,65,1
det_k4_l4_r4_c4_m4_w12g8_d64_s2_q8,det,fit,fifo,vec_q_U,,0,99,0,0,0,8,65,1
det_k4_l4_r4_c4_m4_w12g8_d64_s2_q8,det,fit,fifo,wdata_U,,0,99,0,0,0,2,65,1
det_k4_l4_r4_c4_m4_w12g8_d64_s2_q8,det,fit,instance,control_s_axi_U,,296,170,0,0,0,0,0,0
det_k4_l4_r4_c4_m4_w12g8_d64_s2_q8,det,fit,instance,entry_proc_U0,,29,2,0,0,0,0,0,0
det_k4_l4_r4_c4_m4_w12g8_d64_s2_q8,det,fit,instance,gmem0_m_axi_U,,823,725,0,4,0,0,0,0
det_k4_l4_r4_c4_m4_w12g8_d64_s2_q8,det,fit,instance,gmem1_m_axi_U,,811,719,0,4,0,0,0,0
det_k4_l4_r4_c4_m4_w12g8_d64_s2_q8,det,fit,unitemized,unitemized,,600,0,0,0,0,0,0,0
det_k16_l16_r4_c16_m3_w16g8_d32_s4_q8,det,fit,module,CgCmdRx,cg_cmd_rx_task_32_16_32_s,225,79,0,0,0,,,
det_k16_l16_r4_c16_m3_w16g8_d32_s4_q8,det,fit,module,MemRStream,mem_r_stream_framed_task_32_s,842,472,0,0,0,,,
det_k16_l16_r4_c16_m3_w16g8_d32_s4_q8,det,fit,module,CgLoad,cg_load_task_32_16_32_16_4_s,23915,1232,0,0,0,,,
det_k16_l16_r4_c16_m3_w16g8_d32_s4_q8,det,fit,module,CgCtrl,cg_ctrl_task_32_16_s,332,95,0,0,0,,,
det_k16_l16_r4_c16_m3_w16g8_d32_s4_q8,det,fit,module,CgVec,cg_vec_task_32_16_32_16_4_s,59798,47458,192,0,0,,,
det_k16_l16_r4_c16_m3_w16g8_d32_s4_q8,det,fit,module,CgMm,cg_mm_task_32_16_32_16_4_16_3_4_s,23749,22200,192,0,0,,,
det_k16_l16_r4_c16_m3_w16g8_d32_s4_q8,det,fit,module,CgStore,cg_store_task_32_16_32_16_4_s,4679,744,0,0,0,,,
det_k16_l16_r4_c16_m3_w16g8_d32_s4_q8,det,fit,module,MemWStream,mem_w_stream_framed_done_task_32_8_s,1374,1435,0,0,0,,,
det_k16_l16_r4_c16_m3_w16g8_d32_s4_q8,det,fit,memory,a_blk_U,,0,0,0,15,0,16,512,4
det_k16_l16_r4_c16_m3_w16g8_d32_s4_q8,det,fit,memory,b_blk_U,,0,0,0,15,0,32,512,4
det_k16_l16_r4_c16_m3_w16g8_d32_s4_q8,det,fit,memory,p_blk_U,,0,0,0,15,0,32,512,4
det_k16_l16_r4_c16_m3_w16g8_d32_s4_q8,det,fit,memory,s_blk_U,,0,0,0,15,0,32,512,4
det_k16_l16_r4_c16_m3_w16g8_d32_s4_q8,det,fit,memory,x_blk_U,,0,0,0,15,0,32,512,4
det_k16_l16_r4_c16_m3_w16g8_d32_s4_q8,det,fit,fifo,cmd_rd_U,,0,99,0,0,0,2,33,1
det_k16_l16_r4_c16_m3_w16g8_d32_s4_q8,det,fit,fifo,desc_cs_U,,0,99,0,0,0,2,33,1
det_k16_l16_r4_c16_m3_w16g8_d32_s4_q8,det,fit,fifo,desc_lc_U,,0,99,0,0,0,2,33,1
det_k16_l16_r4_c16_m3_w16g8_d32_s4_q8,det,fit,fifo,m_in_c_U,,0,99,0,0,0,3,64,1
det_k16_l16_r4_c16_m3_w16g8_d32_s4_q8,det,fit,fifo,m_out_c_U,,0,99,0,0,0,8,64,1
det_k16_l16_r4_c16_m3_w16g8_d32_s4_q8,det,fit,fifo,mm_q_U,,0,99,0,0,0,8,33,1
det_k16_l16_r4_c16_m3_w16g8_d32_s4_q8,det,fit,fifo,rdata_U,,0,99,0,0,0,2,33,1
det_k16_l16_r4_c16_m3_w16g8_d32_s4_q8,det,fit,fifo,vec_q_U,,0,99,0,0,0,8,33,1
det_k16_l16_r4_c16_m3_w16g8_d32_s4_q8,det,fit,fifo,wdata_U,,0,99,0,0,0,2,33,1
det_k16_l16_r4_c16_m3_w16g8_d32_s4_q8,det,fit,instance,control_s_axi_U,,296,170,0,0,0,0,0,0
det_k16_l16_r4_c16_m3_w16g8_d32_s4_q8,det,fit,instance,entry_proc_U0,,29,2,0,0,0,0,0,0
det_k16_l16_r4_c16_m3_w16g8_d32_s4_q8,det,fit,instance,gmem0_m_axi_U,,637,671,0,2,0,0,0,0
det_k16_l16_r4_c16_m3_w16g8_d32_s4_q8,det,fit,instance,gmem1_m_axi_U,,625,665,0,2,0,0,0,0
det_k16_l16_r4_c16_m3_w16g8_d32_s4_q8,det,fit,unitemized,unitemized,,600,0,0,0,0,0,0,0
det_k16_l1_r1_c4_m4_w8g0_d32_s3_q4,det,fit,module,CgCmdRx,cg_cmd_rx_task_32_16_32_s,225,79,0,0,0,,,
det_k16_l1_r1_c4_m4_w8g0_d32_s3_q4,det,fit,module,MemRStream,mem_r_stream_framed_task_32_s,842,472,0,0,0,,,
det_k16_l1_r1_c4_m4_w8g0_d32_s3_q4,det,fit,module,CgLoad,cg_load_task_32_16_32_1_3_s,5874,458,0,0,0,,,
det_k16_l1_r1_c4_m4_w8g0_d32_s3_q4,det,fit,module,CgCtrl,cg_ctrl_task_32_16_s,332,95,0,0,0,,,
det_k16_l1_r1_c4_m4_w8g0_d32_s3_q4,det,fit,module,CgVec,cg_vec_task_32_16_32_1_3_s,4259,1964,3,6,0,,,
det_k16_l1_r1_c4_m4_w8g0_d32_s3_q4,det,fit,module,CgMm,cg_mm_task_32_16_32_1_1_4_4_3_s,9092,5341,8,8,0,,,
det_k16_l1_r1_c4_m4_w8g0_d32_s3_q4,det,fit,module,CgStore,cg_store_task_32_16_32_1_3_s,305,124,0,0,0,,,
det_k16_l1_r1_c4_m4_w8g0_d32_s3_q4,det,fit,module,MemWStream,mem_w_stream_framed_done_task_32_8_s,1374,1435,0,0,0,,,
det_k16_l1_r1_c4_m4_w8g0_d32_s3_q4,det,fit,memory,a_blk_U,,0,0,0,8,0,16,256,3
det_k16_l1_r1_c4_m4_w8g0_d32_s3_q4,det,fit,memory,b_blk_U,,0,0,0,2,0,512,16,3
det_k16_l1_r1_c4_m4_w8g0_d32_s3_q4,det,fit,memory,p_blk_U,,0,0,0,2,0,512,16,3
det_k16_l1_r1_c4_m4_w8g0_d32_s3_q4,det,fit,memory,s_blk_U,,0,0,0,2,0,512,16,3
det_k16_l1_r1_c4_m4_w8g0_d32_s3_q4,det,fit,memory,x_blk_U,,0,0,0,2,0,512,16,3
det_k16_l1_r1_c4_m4_w8g0_d32_s3_q4,det,fit,fifo,cmd_rd_U,,0,99,0,0,0,2,33,1
det_k16_l1_r1_c4_m4_w8g0_d32_s3_q4,det,fit,fifo,desc_cs_U,,0,99,0,0,0,2,33,1
det_k16_l1_r1_c4_m4_w8g0_d32_s3_q4,det,fit,fifo,desc_lc_U,,0,99,0,0,0,2,33,1
det_k16_l1_r1_c4_m4_w8g0_d32_s3_q4,det,fit,fifo,m_in_c_U,,0,99,0,0,0,3,64,1
det_k16_l1_r1_c4_m4_w8g0_d32_s3_q4,det,fit,fifo,m_out_c_U,,0,99,0,0,0,8,64,1
det_k16_l1_r1_c4_m4_w8g0_d32_s3_q4,det,fit,fifo,mm_q_U,,0,99,0,0,0,4,33,1
det_k16_l1_r1_c4_m4_w8g0_d32_s3_q4,det,fit,fifo,rdata_U,,0,99,0,0,0,2,33,1
det_k16_l1_r1_c4_m4_w8g0_d32_s3_q4,det,fit,fifo,vec_q_U,,0,99,0,0,0,4,33,1
det_k16_l1_r1_c4_m4_w8g0_d32_s3_q4,det,fit,fifo,wdata_U,,0,99,0,0,0,2,33,1
det_k16_l1_r1_c4_m4_w8g0_d32_s3_q4,det,fit,instance,control_s_axi_U,,296,170,0,0,0,0,0,0
det_k16_l1_r1_c4_m4_w8g0_d32_s3_q4,det,fit,instance,entry_proc_U0,,29,2,0,0,0,0,0,0
det_k16_l1_r1_c4_m4_w8g0_d32_s3_q4,det,fit,instance,gmem0_m_axi_U,,637,671,0,2,0,0,0,0
det_k16_l1_r1_c4_m4_w8g0_d32_s3_q4,det,fit,instance,gmem1_m_axi_U,,625,665,0,2,0,0,0,0
det_k16_l1_r1_c4_m4_w8g0_d32_s3_q4,det,fit,unitemized,unitemized,,602,0,0,0,0,0,0,0
