# mimo_cg migration_bruteforce_builds: numpy=2.5.3, base_seed=20260930, tool=vitis_hls 2024.1, part=xczu48dr-ffvg1517-2-e, period_ns=4, roles=migration_bruteforce
build,top,role,K,L,R,C,cmul,W,g_s,mem_dw,sob_depth,cmd_depth,est_ns,lut,ff,dsp,bram,uram,integ_lut,integ_ff,integ_bram,bit_exact,csynth_s,xsi_s,error
mig_bf_det_k4_l1_r1_c4_m3_w8g0_d32_s2_q2,det,migration_bruteforce,4,1,1,4,3,8,0,32,2,2,3.392000e+00,14216,8783,18,14,0,2197,2415,8,1,4.200000e+01,2.890000e+01,
mig_bf_det_k4_l1_r1_c4_m3_w8g0_d64_s2_q2,det,migration_bruteforce,4,1,1,4,3,8,0,64,2,2,3.392000e+00,14830,9625,18,20,0,2569,2571,14,1,4.380000e+01,2.790000e+01,
mig_bf_det_k4_l1_r1_c4_m3_w8g4_d32_s2_q2,det,migration_bruteforce,4,1,1,4,3,8,4,32,2,2,3.392000e+00,14476,8974,18,14,0,2197,2415,8,1,4.670000e+01,2.940000e+01,
mig_bf_det_k4_l1_r1_c4_m3_w8g4_d64_s2_q2,det,migration_bruteforce,4,1,1,4,3,8,4,64,2,2,3.392000e+00,15090,9816,18,20,0,2569,2571,14,1,4.810000e+01,2.830000e+01,
mig_bf_det_k4_l1_r1_c4_m3_w8g8_d32_s2_q2,det,migration_bruteforce,4,1,1,4,3,8,8,32,2,2,3.392000e+00,14855,9206,18,14,0,2197,2415,8,1,4.370000e+01,2.890000e+01,
mig_bf_det_k4_l1_r1_c4_m3_w8g8_d64_s2_q2,det,migration_bruteforce,4,1,1,4,3,8,8,64,2,2,3.392000e+00,15469,10048,18,20,0,2569,2571,14,1,4.070000e+01,2.930000e+01,
mig_bf_det_k4_l1_r1_c4_m3_w10g0_d32_s2_q2,det,migration_bruteforce,4,1,1,4,3,10,0,32,2,2,3.392000e+00,14563,9249,20,14,0,2199,2419,8,1,4.810000e+01,2.620000e+01,
mig_bf_det_k4_l1_r1_c4_m3_w10g0_d64_s2_q2,det,migration_bruteforce,4,1,1,4,3,10,0,64,2,2,3.392000e+00,15201,10111,20,24,0,2571,2587,18,1,4.690000e+01,2.650000e+01,
mig_bf_det_k4_l1_r1_c4_m3_w10g4_d32_s2_q2,det,migration_bruteforce,4,1,1,4,3,10,4,32,2,2,3.392000e+00,14954,9486,20,14,0,2199,2419,8,1,4.490000e+01,2.560000e+01,
mig_bf_det_k4_l1_r1_c4_m3_w10g4_d64_s2_q2,det,migration_bruteforce,4,1,1,4,3,10,4,64,2,2,3.392000e+00,15592,10348,20,24,0,2571,2587,18,1,4.550000e+01,2.690000e+01,
mig_bf_det_k4_l1_r1_c4_m3_w10g8_d32_s2_q2,det,migration_bruteforce,4,1,1,4,3,10,8,32,2,2,3.392000e+00,15272,9691,20,14,0,2199,2419,8,1,4.320000e+01,2.860000e+01,
mig_bf_det_k4_l1_r1_c4_m3_w10g8_d64_s2_q2,det,migration_bruteforce,4,1,1,4,3,10,8,64,2,2,3.392000e+00,15910,10553,20,24,0,2571,2587,18,1,4.020000e+01,2.370000e+01,
mig_bf_det_k4_l1_r1_c4_m3_w12g0_d32_s2_q2,det,migration_bruteforce,4,1,1,4,3,12,0,32,2,2,3.392000e+00,14481,9553,27,14,0,2201,2423,8,1,4.220000e+01,2.250000e+01,
mig_bf_det_k4_l1_r1_c4_m3_w12g0_d64_s2_q2,det,migration_bruteforce,4,1,1,4,3,12,0,64,2,2,3.392000e+00,15135,10435,27,24,0,2573,2603,18,1,5.100000e+01,2.490000e+01,
mig_bf_det_k4_l1_r1_c4_m3_w12g4_d32_s2_q2,det,migration_bruteforce,4,1,1,4,3,12,4,32,2,2,3.392000e+00,14915,9790,27,14,0,2201,2423,8,1,4.510000e+01,2.640000e+01,
mig_bf_det_k4_l1_r1_c4_m3_w12g4_d64_s2_q2,det,migration_bruteforce,4,1,1,4,3,12,4,64,2,2,3.392000e+00,15569,10672,27,24,0,2573,2603,18,1,4.960000e+01,2.510000e+01,
mig_bf_det_k4_l1_r1_c4_m3_w12g8_d32_s2_q2,det,migration_bruteforce,4,1,1,4,3,12,8,32,2,2,3.392000e+00,15210,9995,27,14,0,2201,2423,8,1,4.430000e+01,2.670000e+01,
mig_bf_det_k4_l1_r1_c4_m3_w12g8_d64_s2_q2,det,migration_bruteforce,4,1,1,4,3,12,8,64,2,2,3.392000e+00,15864,10877,27,24,0,2573,2603,18,1,4.300000e+01,2.090000e+01,
mig_bf_det_k4_l1_r1_c4_m3_w14g0_d32_s2_q2,det,migration_bruteforce,4,1,1,4,3,14,0,32,2,2,3.392000e+00,14878,9894,27,14,0,2203,2427,8,1,4.380000e+01,2.070000e+01,
mig_bf_det_k4_l1_r1_c4_m3_w14g0_d64_s2_q2,det,migration_bruteforce,4,1,1,4,3,14,0,64,2,2,3.392000e+00,15564,10788,27,24,0,2575,2619,18,1,5.610000e+01,2.110000e+01,
mig_bf_det_k4_l1_r1_c4_m3_w14g4_d32_s2_q2,det,migration_bruteforce,4,1,1,4,3,14,4,32,2,2,3.392000e+00,15255,10104,27,14,0,2203,2427,8,1,5.380000e+01,2.250000e+01,
mig_bf_det_k4_l1_r1_c4_m3_w14g4_d64_s2_q2,det,migration_bruteforce,4,1,1,4,3,14,4,64,2,2,3.392000e+00,15941,10998,27,24,0,2575,2619,18,1,4.960000e+01,2.220000e+01,
mig_bf_det_k4_l1_r1_c4_m3_w14g8_d32_s2_q2,det,migration_bruteforce,4,1,1,4,3,14,8,32,2,2,3.392000e+00,15578,10336,27,14,0,2203,2427,8,1,4.650000e+01,2.210000e+01,
mig_bf_det_k4_l1_r1_c4_m3_w14g8_d64_s2_q2,det,migration_bruteforce,4,1,1,4,3,14,8,64,2,2,3.392000e+00,16264,11230,27,24,0,2575,2619,18,1,5.180000e+01,2.100000e+01,
mig_bf_det_k4_l1_r1_c4_m3_w16g0_d32_s2_q2,det,migration_bruteforce,4,1,1,4,3,16,0,32,2,2,3.392000e+00,15038,10174,27,15,0,2189,2399,9,1,5.180000e+01,1.950000e+01,
mig_bf_det_k4_l1_r1_c4_m3_w16g0_d64_s2_q2,det,migration_bruteforce,4,1,1,4,3,16,0,64,2,2,3.392000e+00,15512,11058,27,24,0,2577,2635,18,1,5.080000e+01,1.950000e+01,
mig_bf_det_k4_l1_r1_c4_m3_w16g4_d32_s2_q2,det,migration_bruteforce,4,1,1,4,3,16,4,32,2,2,3.392000e+00,15396,10366,27,15,0,2189,2399,9,1,4.570000e+01,2.300000e+01,
mig_bf_det_k4_l1_r1_c4_m3_w16g4_d64_s2_q2,det,migration_bruteforce,4,1,1,4,3,16,4,64,2,2,3.392000e+00,15870,11250,27,24,0,2577,2635,18,1,4.980000e+01,2.140000e+01,
mig_bf_det_k4_l1_r1_c4_m3_w16g8_d32_s2_q2,det,migration_bruteforce,4,1,1,4,3,16,8,32,2,2,3.392000e+00,15727,10689,27,15,0,2189,2399,9,1,4.700000e+01,2.200000e+01,
mig_bf_det_k4_l1_r1_c4_m3_w16g8_d64_s2_q2,det,migration_bruteforce,4,1,1,4,3,16,8,64,2,2,3.392000e+00,16201,11573,27,24,0,2577,2635,18,1,4.890000e+01,1.890000e+01,
mig_bf_det_k4_l1_r1_c4_m4_w8g0_d32_s2_q2,det,migration_bruteforce,4,1,1,4,4,8,0,32,2,2,3.352000e+00,14480,8817,14,14,0,2197,2415,8,1,4.850000e+01,2.010000e+01,
mig_bf_det_k4_l1_r1_c4_m4_w8g0_d64_s2_q2,det,migration_bruteforce,4,1,1,4,4,8,0,64,2,2,3.352000e+00,15094,9659,14,20,0,2569,2571,14,1,5.120000e+01,2.060000e+01,
mig_bf_det_k4_l1_r1_c4_m4_w8g4_d32_s2_q2,det,migration_bruteforce,4,1,1,4,4,8,4,32,2,2,3.352000e+00,14740,9008,14,14,0,2197,2415,8,1,4.680000e+01,2.250000e+01,
mig_bf_det_k4_l1_r1_c4_m4_w8g4_d64_s2_q2,det,migration_bruteforce,4,1,1,4,4,8,4,64,2,2,3.352000e+00,15354,9850,14,20,0,2569,2571,14,1,4.920000e+01,2.130000e+01,
mig_bf_det_k4_l1_r1_c4_m4_w8g8_d32_s2_q2,det,migration_bruteforce,4,1,1,4,4,8,8,32,2,2,3.352000e+00,15119,9240,14,14,0,2197,2415,8,1,4.820000e+01,2.140000e+01,
mig_bf_det_k4_l1_r1_c4_m4_w8g8_d64_s2_q2,det,migration_bruteforce,4,1,1,4,4,8,8,64,2,2,3.352000e+00,15733,10082,14,20,0,2569,2571,14,1,5.060000e+01,1.670000e+01,
mig_bf_det_k4_l1_r1_c4_m4_w10g0_d32_s2_q2,det,migration_bruteforce,4,1,1,4,4,10,0,32,2,2,3.352000e+00,14719,9289,20,14,0,2199,2419,8,1,4.940000e+01,1.580000e+01,
mig_bf_det_k4_l1_r1_c4_m4_w10g0_d64_s2_q2,det,migration_bruteforce,4,1,1,4,4,10,0,64,2,2,3.352000e+00,15357,10151,20,24,0,2571,2587,18,1,5.190000e+01,1.930000e+01,
mig_bf_det_k4_l1_r1_c4_m4_w10g4_d32_s2_q2,det,migration_bruteforce,4,1,1,4,4,10,4,32,2,2,3.352000e+00,15110,9526,20,14,0,2199,2419,8,1,4.810000e+01,2.270000e+01,
mig_bf_det_k4_l1_r1_c4_m4_w10g4_d64_s2_q2,det,migration_bruteforce,4,1,1,4,4,10,4,64,2,2,3.352000e+00,15748,10388,20,24,0,2571,2587,18,1,4.910000e+01,2.260000e+01,
mig_bf_det_k4_l1_r1_c4_m4_w10g8_d32_s2_q2,det,migration_bruteforce,4,1,1,4,4,10,8,32,2,2,3.352000e+00,15428,9731,20,14,0,2199,2419,8,1,5.010000e+01,2.090000e+01,
mig_bf_det_k4_l1_r1_c4_m4_w10g8_d64_s2_q2,det,migration_bruteforce,4,1,1,4,4,10,8,64,2,2,3.352000e+00,16066,10593,20,24,0,2571,2587,18,1,5.010000e+01,1.820000e+01,
mig_bf_det_k4_l1_r1_c4_m4_w12g0_d32_s2_q2,det,migration_bruteforce,4,1,1,4,4,12,0,32,2,2,3.352000e+00,14393,9599,31,14,0,2201,2423,8,1,5.510000e+01,1.950000e+01,
mig_bf_det_k4_l1_r1_c4_m4_w12g0_d64_s2_q2,det,migration_bruteforce,4,1,1,4,4,12,0,64,2,2,3.352000e+00,15047,10481,31,24,0,2573,2603,18,1,4.680000e+01,2.190000e+01,
mig_bf_det_k4_l1_r1_c4_m4_w12g4_d32_s2_q2,det,migration_bruteforce,4,1,1,4,4,12,4,32,2,2,3.352000e+00,14827,9836,31,14,0,2201,2423,8,1,4.810000e+01,2.310000e+01,
mig_bf_det_k4_l1_r1_c4_m4_w12g4_d64_s2_q2,det,migration_bruteforce,4,1,1,4,4,12,4,64,2,2,3.352000e+00,15481,10718,31,24,0,2573,2603,18,1,5.060000e+01,2.140000e+01,
mig_bf_det_k4_l1_r1_c4_m4_w12g8_d32_s2_q2,det,migration_bruteforce,4,1,1,4,4,12,8,32,2,2,3.352000e+00,15122,10041,31,14,0,2201,2423,8,1,4.710000e+01,2.250000e+01,
mig_bf_det_k4_l1_r1_c4_m4_w12g8_d64_s2_q2,det,migration_bruteforce,4,1,1,4,4,12,8,64,2,2,3.352000e+00,15776,10923,31,24,0,2573,2603,18,1,5.270000e+01,1.480000e+01,
mig_bf_det_k4_l1_r1_c4_m4_w14g0_d32_s2_q2,det,migration_bruteforce,4,1,1,4,4,14,0,32,2,2,3.352000e+00,14774,10027,31,14,0,2203,2427,8,1,5.040000e+01,1.470000e+01,
mig_bf_det_k4_l1_r1_c4_m4_w14g0_d64_s2_q2,det,migration_bruteforce,4,1,1,4,4,14,0,64,2,2,3.352000e+00,15460,10921,31,24,0,2575,2619,18,1,4.850000e+01,2.290000e+01,
mig_bf_det_k4_l1_r1_c4_m4_w14g4_d32_s2_q2,det,migration_bruteforce,4,1,1,4,4,14,4,32,2,2,3.352000e+00,15151,10237,31,14,0,2203,2427,8,1,4.940000e+01,2.350000e+01,
mig_bf_det_k4_l1_r1_c4_m4_w14g4_d64_s2_q2,det,migration_bruteforce,4,1,1,4,4,14,4,64,2,2,3.352000e+00,15837,11131,31,24,0,2575,2619,18,1,4.770000e+01,2.320000e+01,
mig_bf_det_k4_l1_r1_c4_m4_w14g8_d32_s2_q2,det,migration_bruteforce,4,1,1,4,4,14,8,32,2,2,3.352000e+00,15474,10469,31,14,0,2203,2427,8,1,4.970000e+01,2.380000e+01,
mig_bf_det_k4_l1_r1_c4_m4_w14g8_d64_s2_q2,det,migration_bruteforce,4,1,1,4,4,14,8,64,2,2,3.352000e+00,16160,11363,31,24,0,2575,2619,18,1,5.170000e+01,1.880000e+01,
mig_bf_det_k4_l1_r1_c4_m4_w16g0_d32_s2_q2,det,migration_bruteforce,4,1,1,4,4,16,0,32,2,2,3.352000e+00,14918,10321,31,15,0,2189,2399,9,1,5.390000e+01,1.810000e+01,
mig_bf_det_k4_l1_r1_c4_m4_w16g0_d64_s2_q2,det,migration_bruteforce,4,1,1,4,4,16,0,64,2,2,3.352000e+00,15392,11205,31,24,0,2577,2635,18,1,4.820000e+01,2.120000e+01,
mig_bf_det_k4_l1_r1_c4_m4_w16g4_d32_s2_q2,det,migration_bruteforce,4,1,1,4,4,16,4,32,2,2,3.352000e+00,15276,10513,31,15,0,2189,2399,9,1,4.830000e+01,2.040000e+01,
mig_bf_det_k4_l1_r1_c4_m4_w16g4_d64_s2_q2,det,migration_bruteforce,4,1,1,4,4,16,4,64,2,2,3.352000e+00,15750,11397,31,24,0,2577,2635,18,1,4.700000e+01,2.140000e+01,
mig_bf_det_k4_l1_r1_c4_m4_w16g8_d32_s2_q2,det,migration_bruteforce,4,1,1,4,4,16,8,32,2,2,3.352000e+00,15607,10836,31,15,0,2189,2399,9,1,4.380000e+01,1.990000e+01,
mig_bf_det_k4_l1_r1_c4_m4_w16g8_d64_s2_q2,det,migration_bruteforce,4,1,1,4,4,16,8,64,2,2,3.352000e+00,16081,11720,31,24,0,2577,2635,18,1,5.150000e+01,1.640000e+01,
mig_bf_det_k4_l1_r4_c4_m3_w8g0_d32_s2_q2,det,migration_bruteforce,4,1,4,4,3,8,0,32,2,2,3.392000e+00,16053,10333,54,14,0,2197,2415,8,1,5.610000e+01,1.780000e+01,
mig_bf_det_k4_l1_r4_c4_m3_w8g0_d64_s2_q2,det,migration_bruteforce,4,1,4,4,3,8,0,64,2,2,3.392000e+00,16667,11175,54,20,0,2569,2571,14,1,5.320000e+01,2.160000e+01,
mig_bf_det_k4_l1_r4_c4_m3_w8g4_d32_s2_q2,det,migration_bruteforce,4,1,4,4,3,8,4,32,2,2,3.392000e+00,16313,10524,54,14,0,2197,2415,8,1,5.770000e+01,2.110000e+01,
mig_bf_det_k4_l1_r4_c4_m3_w8g4_d64_s2_q2,det,migration_bruteforce,4,1,4,4,3,8,4,64,2,2,3.392000e+00,16927,11366,54,20,0,2569,2571,14,1,4.720000e+01,2.500000e+01,
mig_bf_det_k4_l1_r4_c4_m3_w8g8_d32_s2_q2,det,migration_bruteforce,4,1,4,4,3,8,8,32,2,2,3.392000e+00,16692,10756,54,14,0,2197,2415,8,1,5.000000e+01,2.220000e+01,
mig_bf_det_k4_l1_r4_c4_m3_w8g8_d64_s2_q2,det,migration_bruteforce,4,1,4,4,3,8,8,64,2,2,3.392000e+00,17306,11598,54,20,0,2569,2571,14,1,5.630000e+01,1.550000e+01,
mig_bf_det_k4_l1_r4_c4_m3_w10g0_d32_s2_q2,det,migration_bruteforce,4,1,4,4,3,10,0,32,2,2,3.392000e+00,16556,11125,56,14,0,2199,2419,8,1,5.570000e+01,1.660000e+01,
mig_bf_det_k4_l1_r4_c4_m3_w10g0_d64_s2_q2,det,migration_bruteforce,4,1,4,4,3,10,0,64,2,2,3.392000e+00,17194,11987,56,24,0,2571,2587,18,1,5.410000e+01,2.230000e+01,
mig_bf_det_k4_l1_r4_c4_m3_w10g4_d32_s2_q2,det,migration_bruteforce,4,1,4,4,3,10,4,32,2,2,3.392000e+00,16947,11362,56,14,0,2199,2419,8,1,5.230000e+01,2.340000e+01,
mig_bf_det_k4_l1_r4_c4_m3_w10g4_d64_s2_q2,det,migration_bruteforce,4,1,4,4,3,10,4,64,2,2,3.392000e+00,17585,12224,56,24,0,2571,2587,18,1,5.050000e+01,2.560000e+01,
mig_bf_det_k4_l1_r4_c4_m3_w10g8_d32_s2_q2,det,migration_bruteforce,4,1,4,4,3,10,8,32,2,2,3.392000e+00,17265,11567,56,14,0,2199,2419,8,1,5.230000e+01,2.250000e+01,
mig_bf_det_k4_l1_r4_c4_m3_w10g8_d64_s2_q2,det,migration_bruteforce,4,1,4,4,3,10,8,64,2,2,3.392000e+00,17903,12429,56,24,0,2571,2587,18,1,5.810000e+01,1.880000e+01,
mig_bf_det_k4_l1_r4_c4_m3_w12g0_d32_s2_q2,det,migration_bruteforce,4,1,4,4,3,12,0,32,2,2,3.392000e+00,16624,11755,63,14,0,2201,2423,8,1,5.370000e+01,1.880000e+01,
mig_bf_det_k4_l1_r4_c4_m3_w12g0_d64_s2_q2,det,migration_bruteforce,4,1,4,4,3,12,0,64,2,2,3.392000e+00,17278,12637,63,24,0,2573,2603,18,1,5.390000e+01,2.290000e+01,
mig_bf_det_k4_l1_r4_c4_m3_w12g4_d32_s2_q2,det,migration_bruteforce,4,1,4,4,3,12,4,32,2,2,3.392000e+00,17058,11992,63,14,0,2201,2423,8,1,5.540000e+01,2.120000e+01,
mig_bf_det_k4_l1_r4_c4_m3_w12g4_d64_s2_q2,det,migration_bruteforce,4,1,4,4,3,12,4,64,2,2,3.392000e+00,17712,12874,63,24,0,2573,2603,18,1,4.960000e+01,2.340000e+01,
mig_bf_det_k4_l1_r4_c4_m3_w12g8_d32_s2_q2,det,migration_bruteforce,4,1,4,4,3,12,8,32,2,2,3.392000e+00,17353,12197,63,14,0,2201,2423,8,1,5.100000e+01,1.960000e+01,
mig_bf_det_k4_l1_r4_c4_m3_w12g8_d64_s2_q2,det,migration_bruteforce,4,1,4,4,3,12,8,64,2,2,3.392000e+00,18007,13079,63,24,0,2573,2603,18,1,5.870000e+01,1.860000e+01,
mig_bf_det_k4_l1_r4_c4_m3_w14g0_d32_s2_q2,det,migration_bruteforce,4,1,4,4,3,14,0,32,2,2,3.392000e+00,17183,12424,63,14,0,2203,2427,8,1,5.390000e+01,1.860000e+01,
mig_bf_det_k4_l1_r4_c4_m3_w14g0_d64_s2_q2,det,migration_bruteforce,4,1,4,4,3,14,0,64,2,2,3.392000e+00,17869,13318,63,24,0,2575,2619,18,1,5.580000e+01,2.020000e+01,
mig_bf_det_k4_l1_r4_c4_m3_w14g4_d32_s2_q2,det,migration_bruteforce,4,1,4,4,3,14,4,32,2,2,3.392000e+00,17560,12634,63,14,0,2203,2427,8,1,5.280000e+01,2.160000e+01,
mig_bf_det_k4_l1_r4_c4_m3_w14g4_d64_s2_q2,det,migration_bruteforce,4,1,4,4,3,14,4,64,2,2,3.392000e+00,18246,13528,63,24,0,2575,2619,18,1,5.020000e+01,2.220000e+01,
mig_bf_det_k4_l1_r4_c4_m3_w14g8_d32_s2_q2,det,migration_bruteforce,4,1,4,4,3,14,8,32,2,2,3.392000e+00,17883,12866,63,14,0,2203,2427,8,1,5.190000e+01,2.130000e+01,
mig_bf_det_k4_l1_r4_c4_m3_w14g8_d64_s2_q2,det,migration_bruteforce,4,1,4,4,3,14,8,64,2,2,3.392000e+00,18569,13760,63,24,0,2575,2619,18,1,6.050000e+01,2.230000e+01,
mig_bf_det_k4_l1_r4_c4_m3_w16g0_d32_s2_q2,det,migration_bruteforce,4,1,4,4,3,16,0,32,2,2,3.392000e+00,17499,13028,63,15,0,2189,2399,9,1,5.390000e+01,1.880000e+01,
mig_bf_det_k4_l1_r4_c4_m3_w16g0_d64_s2_q2,det,migration_bruteforce,4,1,4,4,3,16,0,64,2,2,3.392000e+00,17973,13912,63,24,0,2577,2635,18,1,5.480000e+01,1.980000e+01,
mig_bf_det_k4_l1_r4_c4_m3_w16g4_d32_s2_q2,det,migration_bruteforce,4,1,4,4,3,16,4,32,2,2,3.392000e+00,17857,13220,63,15,0,2189,2399,9,1,5.620000e+01,2.040000e+01,
mig_bf_det_k4_l1_r4_c4_m3_w16g4_d64_s2_q2,det,migration_bruteforce,4,1,4,4,3,16,4,64,2,2,3.392000e+00,18331,14104,63,24,0,2577,2635,18,1,4.980000e+01,2.100000e+01,
mig_bf_det_k4_l1_r4_c4_m3_w16g8_d32_s2_q2,det,migration_bruteforce,4,1,4,4,3,16,8,32,2,2,3.392000e+00,18188,13543,63,15,0,2189,2399,9,1,5.180000e+01,2.190000e+01,
mig_bf_det_k4_l1_r4_c4_m3_w16g8_d64_s2_q2,det,migration_bruteforce,4,1,4,4,3,16,8,64,2,2,3.392000e+00,18662,14427,63,24,0,2577,2635,18,1,5.360000e+01,2.190000e+01,
mig_bf_det_k4_l1_r4_c4_m4_w8g0_d32_s2_q2,det,migration_bruteforce,4,1,4,4,4,8,0,32,2,2,3.352000e+00,17109,10640,38,14,0,2197,2415,8,1,5.260000e+01,1.730000e+01,
mig_bf_det_k4_l1_r4_c4_m4_w8g0_d64_s2_q2,det,migration_bruteforce,4,1,4,4,4,8,0,64,2,2,3.352000e+00,17723,11482,38,20,0,2569,2571,14,1,5.860000e+01,1.820000e+01,
mig_bf_det_k4_l1_r4_c4_m4_w8g4_d32_s2_q2,det,migration_bruteforce,4,1,4,4,4,8,4,32,2,2,3.352000e+00,17369,10831,38,14,0,2197,2415,8,1,5.170000e+01,2.020000e+01,
mig_bf_det_k4_l1_r4_c4_m4_w8g4_d64_s2_q2,det,migration_bruteforce,4,1,4,4,4,8,4,64,2,2,3.352000e+00,17983,11673,38,20,0,2569,2571,14,1,5.320000e+01,1.940000e+01,
mig_bf_det_k4_l1_r4_c4_m4_w8g8_d32_s2_q2,det,migration_bruteforce,4,1,4,4,4,8,8,32,2,2,3.352000e+00,17748,11063,38,14,0,2197,2415,8,1,4.950000e+01,2.000000e+01,
mig_bf_det_k4_l1_r4_c4_m4_w8g8_d64_s2_q2,det,migration_bruteforce,4,1,4,4,4,8,8,64,2,2,3.352000e+00,18362,11905,38,20,0,2569,2571,14,1,5.160000e+01,2.090000e+01,
mig_bf_det_k4_l1_r4_c4_m4_w10g0_d32_s2_q2,det,migration_bruteforce,4,1,4,4,4,10,0,32,2,2,3.352000e+00,17180,11536,56,14,0,2199,2419,8,1,5.420000e+01,1.930000e+01,
mig_bf_det_k4_l1_r4_c4_m4_w10g0_d64_s2_q2,det,migration_bruteforce,4,1,4,4,4,10,0,64,2,2,3.352000e+00,17818,12398,56,24,0,2571,2587,18,1,5.490000e+01,1.920000e+01,
mig_bf_det_k4_l1_r4_c4_m4_w10g4_d32_s2_q2,det,migration_bruteforce,4,1,4,4,4,10,4,32,2,2,3.352000e+00,17571,11773,56,14,0,2199,2419,8,1,5.390000e+01,1.990000e+01,
mig_bf_det_k4_l1_r4_c4_m4_w10g4_d64_s2_q2,det,migration_bruteforce,4,1,4,4,4,10,4,64,2,2,3.352000e+00,18209,12635,56,24,0,2571,2587,18,1,5.570000e+01,1.740000e+01,
mig_bf_det_k4_l1_r4_c4_m4_w10g8_d32_s2_q2,det,migration_bruteforce,4,1,4,4,4,10,8,32,2,2,3.352000e+00,17889,11978,56,14,0,2199,2419,8,1,5.360000e+01,1.850000e+01,
mig_bf_det_k4_l1_r4_c4_m4_w10g8_d64_s2_q2,det,migration_bruteforce,4,1,4,4,4,10,8,64,2,2,3.352000e+00,18527,12840,56,24,0,2571,2587,18,1,5.160000e+01,2.080000e+01,
mig_bf_det_k4_l1_r4_c4_m4_w12g0_d32_s2_q2,det,migration_bruteforce,4,1,4,4,4,12,0,32,2,2,3.352000e+00,16272,12238,79,14,0,2201,2423,8,1,5.550000e+01,1.970000e+01,
mig_bf_det_k4_l1_r4_c4_m4_w12g0_d64_s2_q2,det,migration_bruteforce,4,1,4,4,4,12,0,64,2,2,3.352000e+00,16926,13120,79,24,0,2573,2603,18,1,5.130000e+01,2.130000e+01,
mig_bf_det_k4_l1_r4_c4_m4_w12g4_d32_s2_q2,det,migration_bruteforce,4,1,4,4,4,12,4,32,2,2,3.352000e+00,16706,12475,79,14,0,2201,2423,8,1,5.670000e+01,2.060000e+01,
mig_bf_det_k4_l1_r4_c4_m4_w12g4_d64_s2_q2,det,migration_bruteforce,4,1,4,4,4,12,4,64,2,2,3.352000e+00,17360,13357,79,24,0,2573,2603,18,1,5.270000e+01,1.800000e+01,
mig_bf_det_k4_l1_r4_c4_m4_w12g8_d32_s2_q2,det,migration_bruteforce,4,1,4,4,4,12,8,32,2,2,3.352000e+00,17001,12680,79,14,0,2201,2423,8,1,5.430000e+01,2.310000e+01,
mig_bf_det_k4_l1_r4_c4_m4_w12g8_d64_s2_q2,det,migration_bruteforce,4,1,4,4,4,12,8,64,2,2,3.352000e+00,17655,13562,79,24,0,2573,2603,18,1,5.500000e+01,2.200000e+01,
mig_bf_det_k4_l1_r4_c4_m4_w14g0_d32_s2_q2,det,migration_bruteforce,4,1,4,4,4,14,0,32,2,2,3.352000e+00,16767,13057,79,14,0,2203,2427,8,1,5.130000e+01,1.780000e+01,
mig_bf_det_k4_l1_r4_c4_m4_w14g0_d64_s2_q2,det,migration_bruteforce,4,1,4,4,4,14,0,64,2,2,3.352000e+00,17453,13951,79,24,0,2575,2619,18,1,5.680000e+01,2.000000e+01,
mig_bf_det_k4_l1_r4_c4_m4_w14g4_d32_s2_q2,det,migration_bruteforce,4,1,4,4,4,14,4,32,2,2,3.352000e+00,17144,13267,79,14,0,2203,2427,8,1,5.080000e+01,2.210000e+01,
mig_bf_det_k4_l1_r4_c4_m4_w14g4_d64_s2_q2,det,migration_bruteforce,4,1,4,4,4,14,4,64,2,2,3.352000e+00,17830,14161,79,24,0,2575,2619,18,1,6.100000e+01,2.070000e+01,
mig_bf_det_k4_l1_r4_c4_m4_w14g8_d32_s2_q2,det,migration_bruteforce,4,1,4,4,4,14,8,32,2,2,3.352000e+00,17467,13499,79,14,0,2203,2427,8,1,5.260000e+01,1.860000e+01,
mig_bf_det_k4_l1_r4_c4_m4_w14g8_d64_s2_q2,det,migration_bruteforce,4,1,4,4,4,14,8,64,2,2,3.352000e+00,18153,14393,79,24,0,2575,2619,18,1,4.860000e+01,2.210000e+01,
mig_bf_det_k4_l1_r4_c4_m4_w16g0_d32_s2_q2,det,migration_bruteforce,4,1,4,4,4,16,0,32,2,2,3.352000e+00,17019,13741,79,15,0,2189,2399,9,1,5.080000e+01,1.610000e+01,
mig_bf_det_k4_l1_r4_c4_m4_w16g0_d64_s2_q2,det,migration_bruteforce,4,1,4,4,4,16,0,64,2,2,3.352000e+00,17493,14625,79,24,0,2577,2635,18,1,5.450000e+01,1.830000e+01,
mig_bf_det_k4_l1_r4_c4_m4_w16g4_d32_s2_q2,det,migration_bruteforce,4,1,4,4,4,16,4,32,2,2,3.352000e+00,17377,13933,79,15,0,2189,2399,9,1,5.260000e+01,2.010000e+01,
mig_bf_det_k4_l1_r4_c4_m4_w16g4_d64_s2_q2,det,migration_bruteforce,4,1,4,4,4,16,4,64,2,2,3.352000e+00,17851,14817,79,24,0,2577,2635,18,1,5.250000e+01,1.970000e+01,
mig_bf_det_k4_l1_r4_c4_m4_w16g8_d32_s2_q2,det,migration_bruteforce,4,1,4,4,4,16,8,32,2,2,3.352000e+00,17708,14256,79,15,0,2189,2399,9,1,5.460000e+01,1.970000e+01,
mig_bf_det_k4_l1_r4_c4_m4_w16g8_d64_s2_q2,det,migration_bruteforce,4,1,4,4,4,16,8,64,2,2,3.352000e+00,18182,15140,79,24,0,2577,2635,18,1,5.310000e+01,1.890000e+01,
mig_bf_det_k4_l4_r1_c4_m3_w8g0_d32_s2_q2,det,migration_bruteforce,4,4,1,4,3,8,0,32,2,2,3.392000e+00,25204,13580,30,12,0,2197,2463,12,1,6.100000e+01,2.080000e+01,
mig_bf_det_k4_l4_r1_c4_m3_w8g0_d64_s2_q2,det,migration_bruteforce,4,4,1,4,3,8,0,64,2,2,3.392000e+00,25776,14374,30,16,0,2569,2571,16,1,6.640000e+01,2.080000e+01,
mig_bf_det_k4_l4_r1_c4_m3_w8g4_d32_s2_q2,det,migration_bruteforce,4,4,1,4,3,8,4,32,2,2,3.392000e+00,26027,14287,30,12,0,2197,2463,12,1,5.860000e+01,2.560000e+01,
mig_bf_det_k4_l4_r1_c4_m3_w8g4_d64_s2_q2,det,migration_bruteforce,4,4,1,4,3,8,4,64,2,2,3.392000e+00,26599,15081,30,16,0,2569,2571,16,1,6.050000e+01,2.120000e+01,
mig_bf_det_k4_l4_r1_c4_m3_w8g8_d32_s2_q2,det,migration_bruteforce,4,4,1,4,3,8,8,32,2,2,3.392000e+00,27085,15143,30,12,0,2197,2463,12,1,6.080000e+01,2.090000e+01,
mig_bf_det_k4_l4_r1_c4_m3_w8g8_d64_s2_q2,det,migration_bruteforce,4,4,1,4,3,8,8,64,2,2,3.392000e+00,27657,15937,30,16,0,2569,2571,16,1,5.670000e+01,2.400000e+01,
mig_bf_det_k4_l4_r1_c4_m3_w10g0_d32_s2_q2,det,migration_bruteforce,4,4,1,4,3,10,0,32,2,2,3.392000e+00,26632,15170,38,16,0,2199,2479,16,1,6.350000e+01,2.210000e+01,
mig_bf_det_k4_l4_r1_c4_m3_w10g0_d64_s2_q2,det,migration_bruteforce,4,4,1,4,3,10,0,64,2,2,3.392000e+00,27236,15973,38,20,0,2571,2587,20,1,6.500000e+01,2.020000e+01,
mig_bf_det_k4_l4_r1_c4_m3_w10g4_d32_s2_q2,det,migration_bruteforce,4,4,1,4,3,10,4,32,2,2,3.392000e+00,27846,16046,38,16,0,2199,2479,16,1,5.790000e+01,2.340000e+01,
mig_bf_det_k4_l4_r1_c4_m3_w10g4_d64_s2_q2,det,migration_bruteforce,4,4,1,4,3,10,4,64,2,2,3.392000e+00,28450,16849,38,20,0,2571,2587,20,1,6.230000e+01,2.390000e+01,
mig_bf_det_k4_l4_r1_c4_m3_w10g8_d32_s2_q2,det,migration_bruteforce,4,4,1,4,3,10,8,32,2,2,3.392000e+00,28730,16803,38,16,0,2199,2479,16,1,6.610000e+01,1.960000e+01,
mig_bf_det_k4_l4_r1_c4_m3_w10g8_d64_s2_q2,det,migration_bruteforce,4,4,1,4,3,10,8,64,2,2,3.392000e+00,29334,17606,38,20,0,2571,2587,20,1,5.750000e+01,2.120000e+01,
mig_bf_det_k4_l4_r1_c4_m3_w12g0_d32_s2_q2,det,migration_bruteforce,4,4,1,4,3,12,0,32,2,2,3.392000e+00,26310,16312,66,16,0,2201,2495,16,1,6.500000e+01,2.010000e+01,
mig_bf_det_k4_l4_r1_c4_m3_w12g0_d64_s2_q2,det,migration_bruteforce,4,4,1,4,3,12,0,64,2,2,3.392000e+00,26930,17124,66,20,0,2573,2603,20,1,6.850000e+01,2.010000e+01,
mig_bf_det_k4_l4_r1_c4_m3_w12g4_d32_s2_q2,det,migration_bruteforce,4,4,1,4,3,12,4,32,2,2,3.392000e+00,27588,17188,66,16,0,2201,2495,16,1,6.380000e+01,2.100000e+01,
mig_bf_det_k4_l4_r1_c4_m3_w12g4_d64_s2_q2,det,migration_bruteforce,4,4,1,4,3,12,4,64,2,2,3.392000e+00,28208,18000,66,20,0,2573,2603,20,1,5.860000e+01,2.010000e+01,
mig_bf_det_k4_l4_r1_c4_m3_w12g8_d32_s2_q2,det,migration_bruteforce,4,4,1,4,3,12,8,32,2,2,3.392000e+00,28416,17945,66,16,0,2201,2495,16,1,6.440000e+01,2.000000e+01,
mig_bf_det_k4_l4_r1_c4_m3_w12g8_d64_s2_q2,det,migration_bruteforce,4,4,1,4,3,12,8,64,2,2,3.392000e+00,29036,18757,66,20,0,2573,2603,20,1,6.000000e+01,2.360000e+01,
mig_bf_det_k4_l4_r1_c4_m3_w14g0_d32_s2_q2,det,migration_bruteforce,4,4,1,4,3,14,0,32,2,2,3.392000e+00,27742,17773,66,20,0,2203,2511,20,1,6.210000e+01,2.260000e+01,
mig_bf_det_k4_l4_r1_c4_m3_w14g0_d64_s2_q2,det,migration_bruteforce,4,4,1,4,3,14,0,64,2,2,3.392000e+00,28394,18584,66,24,0,2575,2619,24,1,6.670000e+01,1.990000e+01,
mig_bf_det_k4_l4_r1_c4_m3_w14g4_d32_s2_q2,det,migration_bruteforce,4,4,1,4,3,14,4,32,2,2,3.392000e+00,28862,18550,66,20,0,2203,2511,20,1,5.910000e+01,2.240000e+01,
mig_bf_det_k4_l4_r1_c4_m3_w14g4_d64_s2_q2,det,migration_bruteforce,4,4,1,4,3,14,4,64,2,2,3.392000e+00,29514,19361,66,24,0,2575,2619,24,1,6.470000e+01,2.470000e+01,
mig_bf_det_k4_l4_r1_c4_m3_w14g8_d32_s2_q2,det,migration_bruteforce,4,4,1,4,3,14,8,32,2,2,3.392000e+00,29759,19406,66,20,0,2203,2511,20,1,6.340000e+01,1.870000e+01,
mig_bf_det_k4_l4_r1_c4_m3_w14g8_d64_s2_q2,det,migration_bruteforce,4,4,1,4,3,14,8,64,2,2,3.392000e+00,30411,20217,66,24,0,2575,2619,24,1,5.960000e+01,2.520000e+01,
mig_bf_det_k4_l4_r1_c4_m3_w16g0_d32_s2_q2,det,migration_bruteforce,4,4,1,4,3,16,0,32,2,2,3.392000e+00,29016,18969,66,24,0,2189,2399,24,1,6.130000e+01,2.250000e+01,
mig_bf_det_k4_l4_r1_c4_m3_w16g0_d64_s2_q2,det,migration_bruteforce,4,4,1,4,3,16,0,64,2,2,3.392000e+00,29432,19723,66,28,0,2561,2507,28,1,7.000000e+01,1.740000e+01,
mig_bf_det_k4_l4_r1_c4_m3_w16g4_d32_s2_q2,det,migration_bruteforce,4,4,1,4,3,16,4,32,2,2,3.392000e+00,30096,19674,66,24,0,2189,2399,24,1,6.250000e+01,2.010000e+01,
mig_bf_det_k4_l4_r1_c4_m3_w16g4_d64_s2_q2,det,migration_bruteforce,4,4,1,4,3,16,4,64,2,2,3.392000e+00,30512,20428,66,28,0,2561,2507,28,1,6.390000e+01,2.310000e+01,
mig_bf_det_k4_l4_r1_c4_m3_w16g8_d32_s2_q2,det,migration_bruteforce,4,4,1,4,3,16,8,32,2,2,3.392000e+00,31022,20894,66,24,0,2189,2399,24,1,6.650000e+01,2.080000e+01,
mig_bf_det_k4_l4_r1_c4_m3_w16g8_d64_s2_q2,det,migration_bruteforce,4,4,1,4,3,16,8,64,2,2,3.392000e+00,31438,21648,66,28,0,2561,2507,28,1,5.680000e+01,2.220000e+01,
mig_bf_det_k4_l4_r1_c4_m4_w8g0_d32_s2_q2,det,migration_bruteforce,4,4,1,4,4,8,0,32,2,2,3.352000e+00,25436,13528,26,12,0,2197,2463,12,1,6.260000e+01,2.280000e+01,
mig_bf_det_k4_l4_r1_c4_m4_w8g0_d64_s2_q2,det,migration_bruteforce,4,4,1,4,4,8,0,64,2,2,3.352000e+00,26008,14322,26,16,0,2569,2571,16,1,6.730000e+01,1.900000e+01,
mig_bf_det_k4_l4_r1_c4_m4_w8g4_d32_s2_q2,det,migration_bruteforce,4,4,1,4,4,8,4,32,2,2,3.352000e+00,26259,14235,26,12,0,2197,2463,12,1,6.130000e+01,2.400000e+01,
mig_bf_det_k4_l4_r1_c4_m4_w8g4_d64_s2_q2,det,migration_bruteforce,4,4,1,4,4,8,4,64,2,2,3.352000e+00,26831,15029,26,16,0,2569,2571,16,1,6.010000e+01,2.210000e+01,
mig_bf_det_k4_l4_r1_c4_m4_w8g8_d32_s2_q2,det,migration_bruteforce,4,4,1,4,4,8,8,32,2,2,3.352000e+00,27317,15091,26,12,0,2197,2463,12,1,6.680000e+01,1.720000e+01,
mig_bf_det_k4_l4_r1_c4_m4_w8g8_d64_s2_q2,det,migration_bruteforce,4,4,1,4,4,8,8,64,2,2,3.352000e+00,27889,15885,26,16,0,2569,2571,16,1,6.640000e+01,2.160000e+01,
mig_bf_det_k4_l4_r1_c4_m4_w10g0_d32_s2_q2,det,migration_bruteforce,4,4,1,4,4,10,0,32,2,2,3.352000e+00,26756,15140,38,16,0,2199,2479,16,1,6.280000e+01,2.230000e+01,
mig_bf_det_k4_l4_r1_c4_m4_w10g0_d64_s2_q2,det,migration_bruteforce,4,4,1,4,4,10,0,64,2,2,3.352000e+00,27360,15943,38,20,0,2571,2587,20,1,6.630000e+01,1.940000e+01,
mig_bf_det_k4_l4_r1_c4_m4_w10g4_d32_s2_q2,det,migration_bruteforce,4,4,1,4,4,10,4,32,2,2,3.352000e+00,27970,16016,38,16,0,2199,2479,16,1,6.410000e+01,2.270000e+01,
mig_bf_det_k4_l4_r1_c4_m4_w10g4_d64_s2_q2,det,migration_bruteforce,4,4,1,4,4,10,4,64,2,2,3.352000e+00,28574,16819,38,20,0,2571,2587,20,1,5.890000e+01,2.220000e+01,
mig_bf_det_k4_l4_r1_c4_m4_w10g8_d32_s2_q2,det,migration_bruteforce,4,4,1,4,4,10,8,32,2,2,3.352000e+00,28854,16773,38,16,0,2199,2479,16,1,6.730000e+01,2.270000e+01,
mig_bf_det_k4_l4_r1_c4_m4_w10g8_d64_s2_q2,det,migration_bruteforce,4,4,1,4,4,10,8,64,2,2,3.352000e+00,29458,17576,38,20,0,2571,2587,20,1,6.050000e+01,2.130000e+01,
mig_bf_det_k4_l4_r1_c4_m4_w12g0_d32_s2_q2,det,migration_bruteforce,4,4,1,4,4,12,0,32,2,2,3.352000e+00,26190,16302,70,16,0,2201,2495,16,1,6.230000e+01,2.180000e+01,
mig_bf_det_k4_l4_r1_c4_m4_w12g0_d64_s2_q2,det,migration_bruteforce,4,4,1,4,4,12,0,64,2,2,3.352000e+00,26810,17114,70,20,0,2573,2603,20,1,6.430000e+01,1.990000e+01,
mig_bf_det_k4_l4_r1_c4_m4_w12g4_d32_s2_q2,det,migration_bruteforce,4,4,1,4,4,12,4,32,2,2,3.352000e+00,27468,17178,70,16,0,2201,2495,16,1,6.170000e+01,2.260000e+01,
mig_bf_det_k4_l4_r1_c4_m4_w12g4_d64_s2_q2,det,migration_bruteforce,4,4,1,4,4,12,4,64,2,2,3.352000e+00,28088,17990,70,20,0,2573,2603,20,1,6.030000e+01,2.510000e+01,
mig_bf_det_k4_l4_r1_c4_m4_w12g8_d32_s2_q2,det,migration_bruteforce,4,4,1,4,4,12,8,32,2,2,3.352000e+00,28296,17935,70,16,0,2201,2495,16,1,6.430000e+01,2.540000e+01,
mig_bf_det_k4_l4_r1_c4_m4_w12g8_d64_s2_q2,det,migration_bruteforce,4,4,1,4,4,12,8,64,2,2,3.352000e+00,28916,18747,70,20,0,2573,2603,20,1,5.990000e+01,2.150000e+01,
mig_bf_det_k4_l4_r1_c4_m4_w14g0_d32_s2_q2,det,migration_bruteforce,4,4,1,4,4,14,0,32,2,2,3.352000e+00,27606,17827,70,20,0,2203,2511,20,1,5.980000e+01,2.220000e+01,
mig_bf_det_k4_l4_r1_c4_m4_w14g0_d64_s2_q2,det,migration_bruteforce,4,4,1,4,4,14,0,64,2,2,3.352000e+00,28258,18638,70,24,0,2575,2619,24,1,6.610000e+01,1.970000e+01,
mig_bf_det_k4_l4_r1_c4_m4_w14g4_d32_s2_q2,det,migration_bruteforce,4,4,1,4,4,14,4,32,2,2,3.352000e+00,28726,18604,70,20,0,2203,2511,20,1,6.000000e+01,2.330000e+01,
mig_bf_det_k4_l4_r1_c4_m4_w14g4_d64_s2_q2,det,migration_bruteforce,4,4,1,4,4,14,4,64,2,2,3.352000e+00,29378,19415,70,24,0,2575,2619,24,1,6.140000e+01,2.440000e+01,
mig_bf_det_k4_l4_r1_c4_m4_w14g8_d32_s2_q2,det,migration_bruteforce,4,4,1,4,4,14,8,32,2,2,3.352000e+00,29623,19460,70,20,0,2203,2511,20,1,6.000000e+01,2.500000e+01,
mig_bf_det_k4_l4_r1_c4_m4_w14g8_d64_s2_q2,det,migration_bruteforce,4,4,1,4,4,14,8,64,2,2,3.352000e+00,30275,20271,70,24,0,2575,2619,24,1,6.420000e+01,2.280000e+01,
mig_bf_det_k4_l4_r1_c4_m4_w16g0_d32_s2_q2,det,migration_bruteforce,4,4,1,4,4,16,0,32,2,2,3.352000e+00,28864,19029,70,24,0,2189,2399,24,1,5.900000e+01,1.950000e+01,
mig_bf_det_k4_l4_r1_c4_m4_w16g0_d64_s2_q2,det,migration_bruteforce,4,4,1,4,4,16,0,64,2,2,3.352000e+00,29280,19783,70,28,0,2561,2507,28,1,6.370000e+01,2.030000e+01,
mig_bf_det_k4_l4_r1_c4_m4_w16g4_d32_s2_q2,det,migration_bruteforce,4,4,1,4,4,16,4,32,2,2,3.352000e+00,29944,19734,70,24,0,2189,2399,24,1,6.480000e+01,2.260000e+01,
mig_bf_det_k4_l4_r1_c4_m4_w16g4_d64_s2_q2,det,migration_bruteforce,4,4,1,4,4,16,4,64,2,2,3.352000e+00,30360,20488,70,28,0,2561,2507,28,1,6.490000e+01,2.060000e+01,
mig_bf_det_k4_l4_r1_c4_m4_w16g8_d32_s2_q2,det,migration_bruteforce,4,4,1,4,4,16,8,32,2,2,3.352000e+00,30870,20954,70,24,0,2189,2399,24,1,5.490000e+01,1.810000e+01,
mig_bf_det_k4_l4_r1_c4_m4_w16g8_d64_s2_q2,det,migration_bruteforce,4,4,1,4,4,16,8,64,2,2,3.352000e+00,31286,21708,70,28,0,2561,2507,28,1,6.500000e+01,2.000000e+01,
mig_bf_det_k4_l4_r4_c4_m3_w8g0_d32_s2_q2,det,migration_bruteforce,4,4,4,4,3,8,0,32,2,2,3.392000e+00,26337,14346,63,12,0,2197,2463,12,1,6.690000e+01,2.350000e+01,
mig_bf_det_k4_l4_r4_c4_m3_w8g0_d64_s2_q2,det,migration_bruteforce,4,4,4,4,3,8,0,64,2,2,3.392000e+00,26909,15140,63,16,0,2569,2571,16,1,6.720000e+01,1.960000e+01,
mig_bf_det_k4_l4_r4_c4_m3_w8g4_d32_s2_q2,det,migration_bruteforce,4,4,4,4,3,8,4,32,2,2,3.392000e+00,27160,15053,63,12,0,2197,2463,12,1,6.350000e+01,2.400000e+01,
mig_bf_det_k4_l4_r4_c4_m3_w8g4_d64_s2_q2,det,migration_bruteforce,4,4,4,4,3,8,4,64,2,2,3.392000e+00,27732,15847,63,16,0,2569,2571,16,1,6.690000e+01,2.430000e+01,
mig_bf_det_k4_l4_r4_c4_m3_w8g8_d32_s2_q2,det,migration_bruteforce,4,4,4,4,3,8,8,32,2,2,3.392000e+00,28218,15909,63,12,0,2197,2463,12,1,6.890000e+01,2.240000e+01,
mig_bf_det_k4_l4_r4_c4_m3_w8g8_d64_s2_q2,det,migration_bruteforce,4,4,4,4,3,8,8,64,2,2,3.392000e+00,28790,16703,63,16,0,2569,2571,16,1,6.260000e+01,2.410000e+01,
mig_bf_det_k4_l4_r4_c4_m3_w10g0_d32_s2_q2,det,migration_bruteforce,4,4,4,4,3,10,0,32,2,2,3.392000e+00,27869,16214,71,16,0,2199,2479,16,1,6.780000e+01,2.250000e+01,
mig_bf_det_k4_l4_r4_c4_m3_w10g0_d64_s2_q2,det,migration_bruteforce,4,4,4,4,3,10,0,64,2,2,3.392000e+00,28473,17017,71,20,0,2571,2587,20,1,6.900000e+01,1.990000e+01,
mig_bf_det_k4_l4_r4_c4_m3_w10g4_d32_s2_q2,det,migration_bruteforce,4,4,4,4,3,10,4,32,2,2,3.392000e+00,29083,17090,71,16,0,2199,2479,16,1,6.320000e+01,2.620000e+01,
mig_bf_det_k4_l4_r4_c4_m3_w10g4_d64_s2_q2,det,migration_bruteforce,4,4,4,4,3,10,4,64,2,2,3.392000e+00,29687,17893,71,20,0,2571,2587,20,1,6.880000e+01,2.340000e+01,
mig_bf_det_k4_l4_r4_c4_m3_w10g8_d32_s2_q2,det,migration_bruteforce,4,4,4,4,3,10,8,32,2,2,3.392000e+00,29967,17847,71,16,0,2199,2479,16,1,7.100000e+01,2.690000e+01,
mig_bf_det_k4_l4_r4_c4_m3_w10g8_d64_s2_q2,det,migration_bruteforce,4,4,4,4,3,10,8,64,2,2,3.392000e+00,30571,18650,71,20,0,2571,2587,20,1,6.370000e+01,2.270000e+01,
mig_bf_det_k4_l4_r4_c4_m3_w12g0_d32_s2_q2,det,migration_bruteforce,4,4,4,4,3,12,0,32,2,2,3.392000e+00,27659,17656,99,16,0,2201,2495,16,1,6.680000e+01,2.360000e+01,
mig_bf_det_k4_l4_r4_c4_m3_w12g0_d64_s2_q2,det,migration_bruteforce,4,4,4,4,3,12,0,64,2,2,3.392000e+00,28279,18468,99,20,0,2573,2603,20,1,6.970000e+01,2.040000e+01,
mig_bf_det_k4_l4_r4_c4_m3_w12g4_d32_s2_q2,det,migration_bruteforce,4,4,4,4,3,12,4,32,2,2,3.392000e+00,28937,18532,99,16,0,2201,2495,16,1,6.540000e+01,2.740000e+01,
mig_bf_det_k4_l4_r4_c4_m3_w12g4_d64_s2_q2,det,migration_bruteforce,4,4,4,4,3,12,4,64,2,2,3.392000e+00,29557,19344,99,20,0,2573,2603,20,1,6.060000e+01,2.590000e+01,
mig_bf_det_k4_l4_r4_c4_m3_w12g8_d32_s2_q2,det,migration_bruteforce,4,4,4,4,3,12,8,32,2,2,3.392000e+00,29765,19289,99,16,0,2201,2495,16,1,6.580000e+01,2.810000e+01,
mig_bf_det_k4_l4_r4_c4_m3_w12g8_d64_s2_q2,det,migration_bruteforce,4,4,4,4,3,12,8,64,2,2,3.392000e+00,30385,20101,99,20,0,2573,2603,20,1,6.220000e+01,2.430000e+01,
mig_bf_det_k4_l4_r4_c4_m3_w14g0_d32_s2_q2,det,migration_bruteforce,4,4,4,4,3,14,0,32,2,2,3.392000e+00,29203,19453,99,20,0,2203,2511,20,1,6.690000e+01,2.480000e+01,
mig_bf_det_k4_l4_r4_c4_m3_w14g0_d64_s2_q2,det,migration_bruteforce,4,4,4,4,3,14,0,64,2,2,3.392000e+00,29855,20264,99,24,0,2575,2619,24,1,6.510000e+01,2.140000e+01,
mig_bf_det_k4_l4_r4_c4_m3_w14g4_d32_s2_q2,det,migration_bruteforce,4,4,4,4,3,14,4,32,2,2,3.392000e+00,30323,20230,99,20,0,2203,2511,20,1,6.880000e+01,2.640000e+01,
mig_bf_det_k4_l4_r4_c4_m3_w14g4_d64_s2_q2,det,migration_bruteforce,4,4,4,4,3,14,4,64,2,2,3.392000e+00,30975,21041,99,24,0,2575,2619,24,1,6.710000e+01,2.470000e+01,
mig_bf_det_k4_l4_r4_c4_m3_w14g8_d32_s2_q2,det,migration_bruteforce,4,4,4,4,3,14,8,32,2,2,3.392000e+00,31220,21086,99,20,0,2203,2511,20,1,5.970000e+01,2.330000e+01,
mig_bf_det_k4_l4_r4_c4_m3_w14g8_d64_s2_q2,det,migration_bruteforce,4,4,4,4,3,14,8,64,2,2,3.392000e+00,31872,21897,99,24,0,2575,2619,24,1,6.590000e+01,2.350000e+01,
mig_bf_det_k4_l4_r4_c4_m3_w16g0_d32_s2_q2,det,migration_bruteforce,4,4,4,4,3,16,0,32,2,2,3.392000e+00,30605,20947,99,24,0,2189,2399,24,1,6.450000e+01,2.440000e+01,
mig_bf_det_k4_l4_r4_c4_m3_w16g0_d64_s2_q2,det,migration_bruteforce,4,4,4,4,3,16,0,64,2,2,3.392000e+00,31021,21701,99,28,0,2561,2507,28,1,6.240000e+01,2.320000e+01,
mig_bf_det_k4_l4_r4_c4_m3_w16g4_d32_s2_q2,det,migration_bruteforce,4,4,4,4,3,16,4,32,2,2,3.392000e+00,31685,21652,99,24,0,2189,2399,24,1,6.780000e+01,2.520000e+01,
mig_bf_det_k4_l4_r4_c4_m3_w16g4_d64_s2_q2,det,migration_bruteforce,4,4,4,4,3,16,4,64,2,2,3.392000e+00,32101,22406,99,28,0,2561,2507,28,1,6.450000e+01,2.390000e+01,
mig_bf_det_k4_l4_r4_c4_m3_w16g8_d32_s2_q2,det,migration_bruteforce,4,4,4,4,3,16,8,32,2,2,3.392000e+00,32611,22872,99,24,0,2189,2399,24,1,6.310000e+01,2.470000e+01,
mig_bf_det_k4_l4_r4_c4_m3_w16g8_d64_s2_q2,det,migration_bruteforce,4,4,4,4,3,16,8,64,2,2,3.392000e+00,33027,23626,99,28,0,2561,2507,28,1,6.600000e+01,2.440000e+01,
mig_bf_det_k4_l4_r4_c4_m4_w8g0_d32_s2_q2,det,migration_bruteforce,4,4,4,4,4,8,0,32,2,2,3.352000e+00,27393,14601,47,12,0,2197,2463,12,1,6.180000e+01,2.300000e+01,
mig_bf_det_k4_l4_r4_c4_m4_w8g0_d64_s2_q2,det,migration_bruteforce,4,4,4,4,4,8,0,64,2,2,3.352000e+00,27965,15395,47,16,0,2569,2571,16,1,6.560000e+01,2.280000e+01,
mig_bf_det_k4_l4_r4_c4_m4_w8g4_d32_s2_q2,det,migration_bruteforce,4,4,4,4,4,8,4,32,2,2,3.352000e+00,28216,15308,47,12,0,2197,2463,12,1,6.490000e+01,2.320000e+01,
mig_bf_det_k4_l4_r4_c4_m4_w8g4_d64_s2_q2,det,migration_bruteforce,4,4,4,4,4,8,4,64,2,2,3.352000e+00,28788,16102,47,16,0,2569,2571,16,1,6.510000e+01,2.490000e+01,
mig_bf_det_k4_l4_r4_c4_m4_w8g8_d32_s2_q2,det,migration_bruteforce,4,4,4,4,4,8,8,32,2,2,3.352000e+00,29274,16164,47,12,0,2197,2463,12,1,6.420000e+01,2.280000e+01,
mig_bf_det_k4_l4_r4_c4_m4_w8g8_d64_s2_q2,det,migration_bruteforce,4,4,4,4,4,8,8,64,2,2,3.352000e+00,29846,16958,47,16,0,2569,2571,16,1,6.760000e+01,2.390000e+01,
mig_bf_det_k4_l4_r4_c4_m4_w10g0_d32_s2_q2,det,migration_bruteforce,4,4,4,4,4,10,0,32,2,2,3.352000e+00,28493,16563,71,16,0,2199,2479,16,1,6.630000e+01,2.620000e+01,
mig_bf_det_k4_l4_r4_c4_m4_w10g0_d64_s2_q2,det,migration_bruteforce,4,4,4,4,4,10,0,64,2,2,3.352000e+00,29097,17366,71,20,0,2571,2587,20,1,6.390000e+01,2.460000e+01,
mig_bf_det_k4_l4_r4_c4_m4_w10g4_d32_s2_q2,det,migration_bruteforce,4,4,4,4,4,10,4,32,2,2,3.352000e+00,29707,17439,71,16,0,2199,2479,16,1,5.750000e+01,2.660000e+01,
mig_bf_det_k4_l4_r4_c4_m4_w10g4_d64_s2_q2,det,migration_bruteforce,4,4,4,4,4,10,4,64,2,2,3.352000e+00,30311,18242,71,20,0,2571,2587,20,1,6.050000e+01,2.560000e+01,
mig_bf_det_k4_l4_r4_c4_m4_w10g8_d32_s2_q2,det,migration_bruteforce,4,4,4,4,4,10,8,32,2,2,3.352000e+00,30591,18196,71,16,0,2199,2479,16,1,6.370000e+01,2.120000e+01,
mig_bf_det_k4_l4_r4_c4_m4_w10g8_d64_s2_q2,det,migration_bruteforce,4,4,4,4,4,10,8,64,2,2,3.352000e+00,31195,18999,71,20,0,2571,2587,20,1,6.630000e+01,2.490000e+01,
mig_bf_det_k4_l4_r4_c4_m4_w12g0_d32_s2_q2,det,migration_bruteforce,4,4,4,4,4,12,0,32,2,2,3.352000e+00,27307,18075,115,16,0,2201,2495,16,1,6.410000e+01,2.280000e+01,
mig_bf_det_k4_l4_r4_c4_m4_w12g0_d64_s2_q2,det,migration_bruteforce,4,4,4,4,4,12,0,64,2,2,3.352000e+00,27927,18887,115,20,0,2573,2603,20,1,7.160000e+01,2.150000e+01,
mig_bf_det_k4_l4_r4_c4_m4_w12g4_d32_s2_q2,det,migration_bruteforce,4,4,4,4,4,12,4,32,2,2,3.352000e+00,28585,18951,115,16,0,2201,2495,16,1,5.810000e+01,2.540000e+01,
mig_bf_det_k4_l4_r4_c4_m4_w12g4_d64_s2_q2,det,migration_bruteforce,4,4,4,4,4,12,4,64,2,2,3.352000e+00,29205,19763,115,20,0,2573,2603,20,1,6.520000e+01,2.540000e+01,
mig_bf_det_k4_l4_r4_c4_m4_w12g8_d32_s2_q2,det,migration_bruteforce,4,4,4,4,4,12,8,32,2,2,3.352000e+00,29413,19708,115,16,0,2201,2495,16,1,6.320000e+01,2.100000e+01,
mig_bf_det_k4_l4_r4_c4_m4_w12g8_d64_s2_q2,det,migration_bruteforce,4,4,4,4,4,12,8,64,2,2,3.352000e+00,30033,20520,115,20,0,2573,2603,20,1,6.720000e+01,2.280000e+01,
mig_bf_det_k4_l4_r4_c4_m4_w14g0_d32_s2_q2,det,migration_bruteforce,4,4,4,4,4,14,0,32,2,2,3.352000e+00,28787,20033,115,20,0,2203,2511,20,1,6.600000e+01,2.420000e+01,
mig_bf_det_k4_l4_r4_c4_m4_w14g0_d64_s2_q2,det,migration_bruteforce,4,4,4,4,4,14,0,64,2,2,3.352000e+00,29439,20844,115,24,0,2575,2619,24,1,5.750000e+01,2.670000e+01,
mig_bf_det_k4_l4_r4_c4_m4_w14g4_d32_s2_q2,det,migration_bruteforce,4,4,4,4,4,14,4,32,2,2,3.352000e+00,29907,20810,115,20,0,2203,2511,20,1,6.750000e+01,2.760000e+01,
mig_bf_det_k4_l4_r4_c4_m4_w14g4_d64_s2_q2,det,migration_bruteforce,4,4,4,4,4,14,4,64,2,2,3.352000e+00,30559,21621,115,24,0,2575,2619,24,1,6.360000e+01,2.760000e+01,
mig_bf_det_k4_l4_r4_c4_m4_w14g8_d32_s2_q2,det,migration_bruteforce,4,4,4,4,4,14,8,32,2,2,3.352000e+00,30804,21666,115,20,0,2203,2511,20,1,6.680000e+01,2.120000e+01,
mig_bf_det_k4_l4_r4_c4_m4_w14g8_d64_s2_q2,det,migration_bruteforce,4,4,4,4,4,14,8,64,2,2,3.352000e+00,31456,22477,115,24,0,2575,2619,24,1,6.080000e+01,2.410000e+01,
mig_bf_det_k4_l4_r4_c4_m4_w16g0_d32_s2_q2,det,migration_bruteforce,4,4,4,4,4,16,0,32,2,2,3.352000e+00,30125,21605,115,24,0,2189,2399,24,1,6.530000e+01,2.420000e+01,
mig_bf_det_k4_l4_r4_c4_m4_w16g0_d64_s2_q2,det,migration_bruteforce,4,4,4,4,4,16,0,64,2,2,3.352000e+00,30541,22359,115,28,0,2561,2507,28,1,6.450000e+01,2.350000e+01,
mig_bf_det_k4_l4_r4_c4_m4_w16g4_d32_s2_q2,det,migration_bruteforce,4,4,4,4,4,16,4,32,2,2,3.352000e+00,31205,22310,115,24,0,2189,2399,24,1,6.850000e+01,2.550000e+01,
mig_bf_det_k4_l4_r4_c4_m4_w16g4_d64_s2_q2,det,migration_bruteforce,4,4,4,4,4,16,4,64,2,2,3.352000e+00,31621,23064,115,28,0,2561,2507,28,1,5.800000e+01,2.700000e+01,
mig_bf_det_k4_l4_r4_c4_m4_w16g8_d32_s2_q2,det,migration_bruteforce,4,4,4,4,4,16,8,32,2,2,3.352000e+00,32131,23530,115,24,0,2189,2399,24,1,6.640000e+01,2.090000e+01,
mig_bf_det_k4_l4_r4_c4_m4_w16g8_d64_s2_q2,det,migration_bruteforce,4,4,4,4,4,16,8,64,2,2,3.352000e+00,32547,24284,115,28,0,2561,2507,28,1,6.620000e+01,2.460000e+01,
mig_bf_det_k4_l16_r1_c16_m3_w8g0_d32_s2_q2,det,migration_bruteforce,4,16,1,16,3,8,0,32,2,2,3.392000e+00,67598,32300,99,36,0,2197,2655,36,1,9.520000e+01,3.630000e+01,
mig_bf_det_k4_l16_r1_c16_m3_w8g0_d64_s2_q2,det,migration_bruteforce,4,16,1,16,3,8,0,64,2,2,3.392000e+00,68170,33094,99,40,0,2569,2763,40,1,1.114000e+02,4.650000e+01,
mig_bf_det_k4_l16_r1_c16_m3_w8g4_d32_s2_q2,det,migration_bruteforce,4,16,1,16,3,8,4,32,2,2,3.392000e+00,70661,35071,99,36,0,2197,2655,36,1,1.185000e+02,4.290000e+01,
mig_bf_det_k4_l16_r1_c16_m3_w8g4_d64_s2_q2,det,migration_bruteforce,4,16,1,16,3,8,4,64,2,2,3.392000e+00,71233,35865,99,40,0,2569,2763,40,1,1.082000e+02,4.660000e+01,
mig_bf_det_k4_l16_r1_c16_m3_w8g8_d32_s2_q2,det,migration_bruteforce,4,16,1,16,3,8,8,32,2,2,3.392000e+00,74443,38423,99,36,0,2197,2655,36,1,1.145000e+02,3.730000e+01,
mig_bf_det_k4_l16_r1_c16_m3_w8g8_d64_s2_q2,det,migration_bruteforce,4,16,1,16,3,8,8,64,2,2,3.392000e+00,75015,39217,99,40,0,2569,2763,40,1,1.034000e+02,3.740000e+01,
mig_bf_det_k4_l16_r1_c16_m3_w10g0_d32_s2_q2,det,migration_bruteforce,4,16,1,16,3,10,0,32,2,2,3.392000e+00,72728,38290,131,40,0,2199,2719,40,1,1.175000e+02,3.210000e+01,
mig_bf_det_k4_l16_r1_c16_m3_w10g0_d64_s2_q2,det,migration_bruteforce,4,16,1,16,3,10,0,64,2,2,3.392000e+00,73332,39094,131,44,0,2571,2827,44,1,1.108000e+02,4.450000e+01,
mig_bf_det_k4_l16_r1_c16_m3_w10g4_d32_s2_q2,det,migration_bruteforce,4,16,1,16,3,10,4,32,2,2,3.392000e+00,77242,41722,131,40,0,2199,2719,40,1,1.123000e+02,4.370000e+01,
mig_bf_det_k4_l16_r1_c16_m3_w10g4_d64_s2_q2,det,migration_bruteforce,4,16,1,16,3,10,4,64,2,2,3.392000e+00,77846,42526,131,44,0,2571,2827,44,1,1.104000e+02,4.580000e+01,
mig_bf_det_k4_l16_r1_c16_m3_w10g8_d32_s2_q2,det,migration_bruteforce,4,16,1,16,3,10,8,32,2,2,3.392000e+00,80378,44687,131,40,0,2199,2719,40,1,1.189000e+02,3.770000e+01,
mig_bf_det_k4_l16_r1_c16_m3_w10g8_d64_s2_q2,det,migration_bruteforce,4,16,1,16,3,10,8,64,2,2,3.392000e+00,80982,45491,131,44,0,2571,2827,44,1,1.306000e+02,3.470000e+01,
mig_bf_det_k4_l16_r1_c16_m3_w12g0_d32_s2_q2,det,migration_bruteforce,4,16,1,16,3,12,0,32,2,2,3.392000e+00,71183,43094,243,48,0,2201,2783,48,1,1.200000e+02,2.860000e+01,
mig_bf_det_k4_l16_r1_c16_m3_w12g0_d64_s2_q2,det,migration_bruteforce,4,16,1,16,3,12,0,64,2,2,3.392000e+00,71803,43906,243,52,0,2573,2891,52,1,1.101000e+02,4.430000e+01,
mig_bf_det_k4_l16_r1_c16_m3_w12g4_d32_s2_q2,det,migration_bruteforce,4,16,1,16,3,12,4,32,2,2,3.392000e+00,75845,46526,243,48,0,2201,2783,48,1,1.237000e+02,3.740000e+01,
mig_bf_det_k4_l16_r1_c16_m3_w12g4_d64_s2_q2,det,migration_bruteforce,4,16,1,16,3,12,4,64,2,2,3.392000e+00,76465,47338,243,52,0,2573,2891,52,1,1.101000e+02,4.440000e+01,
mig_bf_det_k4_l16_r1_c16_m3_w12g8_d32_s2_q2,det,migration_bruteforce,4,16,1,16,3,12,8,32,2,2,3.392000e+00,78793,49491,243,48,0,2201,2783,48,1,1.195000e+02,3.890000e+01,
mig_bf_det_k4_l16_r1_c16_m3_w12g8_d64_s2_q2,det,migration_bruteforce,4,16,1,16,3,12,8,64,2,2,3.392000e+00,79413,50303,243,52,0,2573,2891,52,1,1.258000e+02,3.570000e+01,
mig_bf_det_k4_l16_r1_c16_m3_w14g0_d32_s2_q2,det,migration_bruteforce,4,16,1,16,3,14,0,32,2,2,3.392000e+00,76781,49222,243,56,0,2203,2847,56,1,1.244000e+02,3.080000e+01,
mig_bf_det_k4_l16_r1_c16_m3_w14g0_d64_s2_q2,det,migration_bruteforce,4,16,1,16,3,14,0,64,2,2,3.392000e+00,77433,50034,243,60,0,2575,2955,60,1,1.103000e+02,4.030000e+01,
mig_bf_det_k4_l16_r1_c16_m3_w14g4_d32_s2_q2,det,migration_bruteforce,4,16,1,16,3,14,4,32,2,2,3.392000e+00,80861,52267,243,56,0,2203,2847,56,1,1.252000e+02,3.400000e+01,
mig_bf_det_k4_l16_r1_c16_m3_w14g4_d64_s2_q2,det,migration_bruteforce,4,16,1,16,3,14,4,64,2,2,3.392000e+00,81513,53079,243,60,0,2575,2955,60,1,1.172000e+02,4.170000e+01,
mig_bf_det_k4_l16_r1_c16_m3_w14g8_d32_s2_q2,det,migration_bruteforce,4,16,1,16,3,14,8,32,2,2,3.392000e+00,84062,55619,243,56,0,2203,2847,56,1,1.101000e+02,3.630000e+01,
mig_bf_det_k4_l16_r1_c16_m3_w14g8_d64_s2_q2,det,migration_bruteforce,4,16,1,16,3,14,8,64,2,2,3.392000e+00,84714,56431,243,60,0,2575,2955,60,1,1.191000e+02,3.640000e+01,
mig_bf_det_k4_l16_r1_c16_m3_w16g0_d32_s2_q2,det,migration_bruteforce,4,16,1,16,3,16,0,32,2,2,3.392000e+00,82930,54051,243,79,0,2189,2399,79,1,1.214000e+02,3.270000e+01,
mig_bf_det_k4_l16_r1_c16_m3_w16g0_d64_s2_q2,det,migration_bruteforce,4,16,1,16,3,16,0,64,2,2,3.392000e+00,83352,54805,243,83,0,2561,2507,83,1,1.113000e+02,4.180000e+01,
mig_bf_det_k4_l16_r1_c16_m3_w16g4_d32_s2_q2,det,migration_bruteforce,4,16,1,16,3,16,4,32,2,2,3.392000e+00,86886,56808,243,79,0,2189,2399,79,1,1.162000e+02,3.840000e+01,
mig_bf_det_k4_l16_r1_c16_m3_w16g4_d64_s2_q2,det,migration_bruteforce,4,16,1,16,3,16,4,64,2,2,3.392000e+00,87308,57562,243,83,0,2561,2507,83,1,1.165000e+02,4.490000e+01,
mig_bf_det_k4_l16_r1_c16_m3_w16g8_d32_s2_q2,det,migration_bruteforce,4,16,1,16,3,16,8,32,2,2,3.392000e+00,90200,61616,243,79,0,2189,2399,79,1,1.195000e+02,3.520000e+01,
mig_bf_det_k4_l16_r1_c16_m3_w16g8_d64_s2_q2,det,migration_bruteforce,4,16,1,16,3,16,8,64,2,2,3.392000e+00,90622,62370,243,83,0,2561,2507,83,1,1.160000e+02,3.710000e+01,
mig_bf_det_k4_l16_r1_c16_m4_w8g0_d32_s2_q2,det,migration_bruteforce,4,16,1,16,4,8,0,32,2,2,3.352000e+00,68654,32408,83,36,0,2197,2655,36,1,1.221000e+02,3.240000e+01,
mig_bf_det_k4_l16_r1_c16_m4_w8g0_d64_s2_q2,det,migration_bruteforce,4,16,1,16,4,8,0,64,2,2,3.352000e+00,69226,33202,83,40,0,2569,2763,40,1,1.153000e+02,3.970000e+01,
mig_bf_det_k4_l16_r1_c16_m4_w8g4_d32_s2_q2,det,migration_bruteforce,4,16,1,16,4,8,4,32,2,2,3.352000e+00,71717,35179,83,36,0,2197,2655,36,1,1.306000e+02,3.140000e+01,
mig_bf_det_k4_l16_r1_c16_m4_w8g4_d64_s2_q2,det,migration_bruteforce,4,16,1,16,4,8,4,64,2,2,3.352000e+00,72289,35973,83,40,0,2569,2763,40,1,1.115000e+02,4.060000e+01,
mig_bf_det_k4_l16_r1_c16_m4_w8g8_d32_s2_q2,det,migration_bruteforce,4,16,1,16,4,8,8,32,2,2,3.352000e+00,75499,38531,83,36,0,2197,2655,36,1,1.202000e+02,3.740000e+01,
mig_bf_det_k4_l16_r1_c16_m4_w8g8_d64_s2_q2,det,migration_bruteforce,4,16,1,16,4,8,8,64,2,2,3.352000e+00,76071,39325,83,40,0,2569,2763,40,1,1.158000e+02,3.820000e+01,
mig_bf_det_k4_l16_r1_c16_m4_w10g0_d32_s2_q2,det,migration_bruteforce,4,16,1,16,4,10,0,32,2,2,3.352000e+00,73352,38430,131,40,0,2199,2719,40,1,1.265000e+02,3.030000e+01,
mig_bf_det_k4_l16_r1_c16_m4_w10g0_d64_s2_q2,det,migration_bruteforce,4,16,1,16,4,10,0,64,2,2,3.352000e+00,73956,39234,131,44,0,2571,2827,44,1,1.203000e+02,4.690000e+01,
mig_bf_det_k4_l16_r1_c16_m4_w10g4_d32_s2_q2,det,migration_bruteforce,4,16,1,16,4,10,4,32,2,2,3.352000e+00,77866,41862,131,40,0,2199,2719,40,1,1.063000e+02,4.320000e+01,
mig_bf_det_k4_l16_r1_c16_m4_w10g4_d64_s2_q2,det,migration_bruteforce,4,16,1,16,4,10,4,64,2,2,3.352000e+00,78470,42666,131,44,0,2571,2827,44,1,1.195000e+02,4.550000e+01,
mig_bf_det_k4_l16_r1_c16_m4_w10g8_d32_s2_q2,det,migration_bruteforce,4,16,1,16,4,10,8,32,2,2,3.352000e+00,81002,44827,131,40,0,2199,2719,40,1,1.282000e+02,3.020000e+01,
mig_bf_det_k4_l16_r1_c16_m4_w10g8_d64_s2_q2,det,migration_bruteforce,4,16,1,16,4,10,8,64,2,2,3.352000e+00,81606,45631,131,44,0,2571,2827,44,1,1.171000e+02,2.950000e+01,
mig_bf_det_k4_l16_r1_c16_m4_w12g0_d32_s2_q2,det,migration_bruteforce,4,16,1,16,4,12,0,32,2,2,3.352000e+00,70831,43266,259,48,0,2201,2783,48,1,1.266000e+02,3.050000e+01,
mig_bf_det_k4_l16_r1_c16_m4_w12g0_d64_s2_q2,det,migration_bruteforce,4,16,1,16,4,12,0,64,2,2,3.352000e+00,71451,44078,259,52,0,2573,2891,52,1,1.131000e+02,4.540000e+01,
mig_bf_det_k4_l16_r1_c16_m4_w12g4_d32_s2_q2,det,migration_bruteforce,4,16,1,16,4,12,4,32,2,2,3.352000e+00,75493,46698,259,48,0,2201,2783,48,1,1.066000e+02,4.750000e+01,
mig_bf_det_k4_l16_r1_c16_m4_w12g4_d64_s2_q2,det,migration_bruteforce,4,16,1,16,4,12,4,64,2,2,3.352000e+00,76113,47510,259,52,0,2573,2891,52,1,1.078000e+02,4.810000e+01,
mig_bf_det_k4_l16_r1_c16_m4_w12g8_d32_s2_q2,det,migration_bruteforce,4,16,1,16,4,12,8,32,2,2,3.352000e+00,78441,49663,259,48,0,2201,2783,48,1,1.285000e+02,3.240000e+01,
mig_bf_det_k4_l16_r1_c16_m4_w12g8_d64_s2_q2,det,migration_bruteforce,4,16,1,16,4,12,8,64,2,2,3.352000e+00,79061,50475,259,52,0,2573,2891,52,1,1.243000e+02,3.130000e+01,
mig_bf_det_k4_l16_r1_c16_m4_w14g0_d32_s2_q2,det,migration_bruteforce,4,16,1,16,4,14,0,32,2,2,3.352000e+00,76397,49781,259,56,0,2203,2847,56,1,1.240000e+02,3.310000e+01,
mig_bf_det_k4_l16_r1_c16_m4_w14g0_d64_s2_q2,det,migration_bruteforce,4,16,1,16,4,14,0,64,2,2,3.352000e+00,77049,50593,259,60,0,2575,2955,60,1,1.054000e+02,4.730000e+01,
mig_bf_det_k4_l16_r1_c16_m4_w14g4_d32_s2_q2,det,migration_bruteforce,4,16,1,16,4,14,4,32,2,2,3.352000e+00,80477,52826,259,56,0,2203,2847,56,1,1.066000e+02,4.560000e+01,
mig_bf_det_k4_l16_r1_c16_m4_w14g4_d64_s2_q2,det,migration_bruteforce,4,16,1,16,4,14,4,64,2,2,3.352000e+00,81129,53638,259,60,0,2575,2955,60,1,1.092000e+02,4.480000e+01,
mig_bf_det_k4_l16_r1_c16_m4_w14g8_d32_s2_q2,det,migration_bruteforce,4,16,1,16,4,14,8,32,2,2,3.352000e+00,83678,56178,259,56,0,2203,2847,56,1,1.255000e+02,3.200000e+01,
mig_bf_det_k4_l16_r1_c16_m4_w14g8_d64_s2_q2,det,migration_bruteforce,4,16,1,16,4,14,8,64,2,2,3.352000e+00,84330,56990,259,60,0,2575,2955,60,1,1.254000e+02,3.200000e+01,
mig_bf_det_k4_l16_r1_c16_m4_w16g0_d32_s2_q2,det,migration_bruteforce,4,16,1,16,4,16,0,32,2,2,3.352000e+00,82482,54674,259,79,0,2189,2399,79,1,1.224000e+02,3.250000e+01,
mig_bf_det_k4_l16_r1_c16_m4_w16g0_d64_s2_q2,det,migration_bruteforce,4,16,1,16,4,16,0,64,2,2,3.352000e+00,82904,55428,259,83,0,2561,2507,83,1,1.055000e+02,4.860000e+01,
mig_bf_det_k4_l16_r1_c16_m4_w16g4_d32_s2_q2,det,migration_bruteforce,4,16,1,16,4,16,4,32,2,2,3.352000e+00,86438,57431,259,79,0,2189,2399,79,1,1.066000e+02,4.740000e+01,
mig_bf_det_k4_l16_r1_c16_m4_w16g4_d64_s2_q2,det,migration_bruteforce,4,16,1,16,4,16,4,64,2,2,3.352000e+00,86860,58185,259,83,0,2561,2507,83,1,1.100000e+02,4.780000e+01,
mig_bf_det_k4_l16_r1_c16_m4_w16g8_d32_s2_q2,det,migration_bruteforce,4,16,1,16,4,16,8,32,2,2,3.352000e+00,89752,62239,259,79,0,2189,2399,79,1,1.208000e+02,3.470000e+01,
mig_bf_det_k4_l16_r1_c16_m4_w16g8_d64_s2_q2,det,migration_bruteforce,4,16,1,16,4,16,8,64,2,2,3.352000e+00,90174,62993,259,83,0,2561,2507,83,1,1.239000e+02,3.180000e+01,
mig_bf_det_k4_l16_r4_c16_m3_w8g0_d32_s2_q2,det,migration_bruteforce,4,16,4,16,3,8,0,32,2,2,3.392000e+00,74729,38447,243,36,0,2197,2655,36,1,1.372000e+02,3.040000e+01,
mig_bf_det_k4_l16_r4_c16_m3_w8g0_d64_s2_q2,det,migration_bruteforce,4,16,4,16,3,8,0,64,2,2,3.392000e+00,75301,39241,243,40,0,2569,2763,40,1,1.197000e+02,5.700000e+01,
mig_bf_det_k4_l16_r4_c16_m3_w8g4_d32_s2_q2,det,migration_bruteforce,4,16,4,16,3,8,4,32,2,2,3.392000e+00,77792,41218,243,36,0,2197,2655,36,1,1.199000e+02,5.790000e+01,
mig_bf_det_k4_l16_r4_c16_m3_w8g4_d64_s2_q2,det,migration_bruteforce,4,16,4,16,3,8,4,64,2,2,3.392000e+00,78364,42012,243,40,0,2569,2763,40,1,1.298000e+02,5.160000e+01,
mig_bf_det_k4_l16_r4_c16_m3_w8g8_d32_s2_q2,det,migration_bruteforce,4,16,4,16,3,8,8,32,2,2,3.392000e+00,81574,44570,243,36,0,2197,2655,36,1,1.457000e+02,5.930000e+01,
mig_bf_det_k4_l16_r4_c16_m3_w8g8_d64_s2_q2,det,migration_bruteforce,4,16,4,16,3,8,8,64,2,2,3.392000e+00,82146,45364,243,40,0,2569,2763,40,1,1.428000e+02,3.090000e+01,
mig_bf_det_k4_l16_r4_c16_m3_w10g0_d32_s2_q2,det,migration_bruteforce,4,16,4,16,3,10,0,32,2,2,3.392000e+00,80447,45789,275,40,0,2199,2719,40,1,1.463000e+02,3.140000e+01,
mig_bf_det_k4_l16_r4_c16_m3_w10g0_d64_s2_q2,det,migration_bruteforce,4,16,4,16,3,10,0,64,2,2,3.392000e+00,81051,46593,275,44,0,2571,2827,44,1,1.188000e+02,4.640000e+01,
mig_bf_det_k4_l16_r4_c16_m3_w10g4_d32_s2_q2,det,migration_bruteforce,4,16,4,16,3,10,4,32,2,2,3.392000e+00,84961,49221,275,40,0,2199,2719,40,1,1.323000e+02,5.350000e+01,
mig_bf_det_k4_l16_r4_c16_m3_w10g4_d64_s2_q2,det,migration_bruteforce,4,16,4,16,3,10,4,64,2,2,3.392000e+00,85565,50025,275,44,0,2571,2827,44,1,1.245000e+02,5.380000e+01,
mig_bf_det_k4_l16_r4_c16_m3_w10g8_d32_s2_q2,det,migration_bruteforce,4,16,4,16,3,10,8,32,2,2,3.392000e+00,88097,52186,275,40,0,2199,2719,40,1,1.284000e+02,5.420000e+01,
mig_bf_det_k4_l16_r4_c16_m3_w10g8_d64_s2_q2,det,migration_bruteforce,4,16,4,16,3,10,8,64,2,2,3.392000e+00,88701,52990,275,44,0,2571,2827,44,1,1.471000e+02,3.230000e+01,
mig_bf_det_k4_l16_r4_c16_m3_w12g0_d32_s2_q2,det,migration_bruteforce,4,16,4,16,3,12,0,32,2,2,3.392000e+00,79484,51945,387,48,0,2201,2783,48,1,1.359000e+02,3.390000e+01,
mig_bf_det_k4_l16_r4_c16_m3_w12g0_d64_s2_q2,det,migration_bruteforce,4,16,4,16,3,12,0,64,2,2,3.392000e+00,80104,52757,387,52,0,2573,2891,52,1,1.312000e+02,5.050000e+01,
mig_bf_det_k4_l16_r4_c16_m3_w12g4_d32_s2_q2,det,migration_bruteforce,4,16,4,16,3,12,4,32,2,2,3.392000e+00,84146,55377,387,48,0,2201,2783,48,1,1.227000e+02,5.370000e+01,
mig_bf_det_k4_l16_r4_c16_m3_w12g4_d64_s2_q2,det,migration_bruteforce,4,16,4,16,3,12,4,64,2,2,3.392000e+00,84766,56189,387,52,0,2573,2891,52,1,1.263000e+02,5.410000e+01,
mig_bf_det_k4_l16_r4_c16_m3_w12g8_d32_s2_q2,det,migration_bruteforce,4,16,4,16,3,12,8,32,2,2,3.392000e+00,87094,58342,387,48,0,2201,2783,48,1,1.254000e+02,5.830000e+01,
mig_bf_det_k4_l16_r4_c16_m3_w12g8_d64_s2_q2,det,migration_bruteforce,4,16,4,16,3,12,8,64,2,2,3.392000e+00,87714,59154,387,52,0,2573,2891,52,1,1.416000e+02,3.290000e+01,
mig_bf_det_k4_l16_r4_c16_m3_w14g0_d32_s2_q2,det,migration_bruteforce,4,16,4,16,3,14,0,32,2,2,3.392000e+00,85685,59339,387,56,0,2203,2847,56,1,1.413000e+02,3.240000e+01,
mig_bf_det_k4_l16_r4_c16_m3_w14g0_d64_s2_q2,det,migration_bruteforce,4,16,4,16,3,14,0,64,2,2,3.392000e+00,86337,60151,387,60,0,2575,2955,60,1,1.250000e+02,3.980000e+01,
mig_bf_det_k4_l16_r4_c16_m3_w14g4_d32_s2_q2,det,migration_bruteforce,4,16,4,16,3,14,4,32,2,2,3.392000e+00,89765,62384,387,56,0,2203,2847,56,1,1.321000e+02,4.940000e+01,
mig_bf_det_k4_l16_r4_c16_m3_w14g4_d64_s2_q2,det,migration_bruteforce,4,16,4,16,3,14,4,64,2,2,3.392000e+00,90417,63196,387,60,0,2575,2955,60,1,1.322000e+02,4.730000e+01,
mig_bf_det_k4_l16_r4_c16_m3_w14g8_d32_s2_q2,det,migration_bruteforce,4,16,4,16,3,14,8,32,2,2,3.392000e+00,92966,65736,387,56,0,2203,2847,56,1,1.251000e+02,5.460000e+01,
mig_bf_det_k4_l16_r4_c16_m3_w14g8_d64_s2_q2,det,migration_bruteforce,4,16,4,16,3,14,8,64,2,2,3.392000e+00,93618,66548,387,60,0,2575,2955,60,1,1.432000e+02,3.240000e+01,
mig_bf_det_k4_l16_r4_c16_m3_w16g0_d32_s2_q2,det,migration_bruteforce,4,16,4,16,3,16,0,32,2,2,3.392000e+00,92413,65606,387,79,0,2189,2399,79,1,1.470000e+02,3.440000e+01,
mig_bf_det_k4_l16_r4_c16_m3_w16g0_d64_s2_q2,det,migration_bruteforce,4,16,4,16,3,16,0,64,2,2,3.392000e+00,92835,66360,387,83,0,2561,2507,83,1,1.305000e+02,3.200000e+01,
mig_bf_det_k4_l16_r4_c16_m3_w16g4_d32_s2_q2,det,migration_bruteforce,4,16,4,16,3,16,4,32,2,2,3.392000e+00,96369,68363,387,79,0,2189,2399,79,1,1.245000e+02,5.150000e+01,
mig_bf_det_k4_l16_r4_c16_m3_w16g4_d64_s2_q2,det,migration_bruteforce,4,16,4,16,3,16,4,64,2,2,3.392000e+00,96791,69117,387,83,0,2561,2507,83,1,1.294000e+02,4.960000e+01,
mig_bf_det_k4_l16_r4_c16_m3_w16g8_d32_s2_q2,det,migration_bruteforce,4,16,4,16,3,16,8,32,2,2,3.392000e+00,99683,73171,387,79,0,2189,2399,79,1,1.282000e+02,5.240000e+01,
mig_bf_det_k4_l16_r4_c16_m3_w16g8_d64_s2_q2,det,migration_bruteforce,4,16,4,16,3,16,8,64,2,2,3.392000e+00,100105,73925,387,83,0,2561,2507,83,1,1.383000e+02,3.480000e+01,
mig_bf_det_k4_l16_r4_c16_m4_w8g0_d32_s2_q2,det,migration_bruteforce,4,16,4,16,4,8,0,32,2,2,3.352000e+00,78953,39674,179,36,0,2197,2655,36,1,1.436000e+02,3.350000e+01,
mig_bf_det_k4_l16_r4_c16_m4_w8g0_d64_s2_q2,det,migration_bruteforce,4,16,4,16,4,8,0,64,2,2,3.352000e+00,79525,40468,179,40,0,2569,2763,40,1,1.395000e+02,3.070000e+01,
mig_bf_det_k4_l16_r4_c16_m4_w8g4_d32_s2_q2,det,migration_bruteforce,4,16,4,16,4,8,4,32,2,2,3.352000e+00,82016,42445,179,36,0,2197,2655,36,1,1.281000e+02,5.090000e+01,
mig_bf_det_k4_l16_r4_c16_m4_w8g4_d64_s2_q2,det,migration_bruteforce,4,16,4,16,4,8,4,64,2,2,3.352000e+00,82588,43239,179,40,0,2569,2763,40,1,1.300000e+02,4.900000e+01,
mig_bf_det_k4_l16_r4_c16_m4_w8g8_d32_s2_q2,det,migration_bruteforce,4,16,4,16,4,8,8,32,2,2,3.352000e+00,85798,45797,179,36,0,2197,2655,36,1,1.264000e+02,5.000000e+01,
mig_bf_det_k4_l16_r4_c16_m4_w8g8_d64_s2_q2,det,migration_bruteforce,4,16,4,16,4,8,8,64,2,2,3.352000e+00,86370,46591,179,40,0,2569,2763,40,1,1.407000e+02,3.300000e+01,
mig_bf_det_k4_l16_r4_c16_m4_w10g0_d32_s2_q2,det,migration_bruteforce,4,16,4,16,4,10,0,32,2,2,3.352000e+00,82943,47328,275,40,0,2199,2719,40,1,1.453000e+02,3.470000e+01,
mig_bf_det_k4_l16_r4_c16_m4_w10g0_d64_s2_q2,det,migration_bruteforce,4,16,4,16,4,10,0,64,2,2,3.352000e+00,83547,48132,275,44,0,2571,2827,44,1,1.426000e+02,3.120000e+01,
mig_bf_det_k4_l16_r4_c16_m4_w10g4_d32_s2_q2,det,migration_bruteforce,4,16,4,16,4,10,4,32,2,2,3.352000e+00,87457,50760,275,40,0,2199,2719,40,1,1.259000e+02,4.780000e+01,
mig_bf_det_k4_l16_r4_c16_m4_w10g4_d64_s2_q2,det,migration_bruteforce,4,16,4,16,4,10,4,64,2,2,3.352000e+00,88061,51564,275,44,0,2571,2827,44,1,1.288000e+02,4.670000e+01,
mig_bf_det_k4_l16_r4_c16_m4_w10g8_d32_s2_q2,det,migration_bruteforce,4,16,4,16,4,10,8,32,2,2,3.352000e+00,90593,53725,275,40,0,2199,2719,40,1,1.229000e+02,4.730000e+01,
mig_bf_det_k4_l16_r4_c16_m4_w10g8_d64_s2_q2,det,migration_bruteforce,4,16,4,16,4,10,8,64,2,2,3.352000e+00,91197,54529,275,44,0,2571,2827,44,1,1.367000e+02,3.200000e+01,
mig_bf_det_k4_l16_r4_c16_m4_w12g0_d32_s2_q2,det,migration_bruteforce,4,16,4,16,4,12,0,32,2,2,3.352000e+00,78076,53796,451,48,0,2201,2783,48,1,1.361000e+02,3.280000e+01,
mig_bf_det_k4_l16_r4_c16_m4_w12g0_d64_s2_q2,det,migration_bruteforce,4,16,4,16,4,12,0,64,2,2,3.352000e+00,78696,54608,451,52,0,2573,2891,52,1,1.361000e+02,3.350000e+01,
mig_bf_det_k4_l16_r4_c16_m4_w12g4_d32_s2_q2,det,migration_bruteforce,4,16,4,16,4,12,4,32,2,2,3.352000e+00,82738,57228,451,48,0,2201,2783,48,1,1.231000e+02,4.800000e+01,
mig_bf_det_k4_l16_r4_c16_m4_w12g4_d64_s2_q2,det,migration_bruteforce,4,16,4,16,4,12,4,64,2,2,3.352000e+00,83358,58040,451,52,0,2573,2891,52,1,1.318000e+02,4.550000e+01,
mig_bf_det_k4_l16_r4_c16_m4_w12g8_d32_s2_q2,det,migration_bruteforce,4,16,4,16,4,12,8,32,2,2,3.352000e+00,85686,60193,451,48,0,2201,2783,48,1,1.295000e+02,4.830000e+01,
mig_bf_det_k4_l16_r4_c16_m4_w12g8_d64_s2_q2,det,migration_bruteforce,4,16,4,16,4,12,8,64,2,2,3.352000e+00,86306,61005,451,52,0,2573,2891,52,1,1.402000e+02,3.270000e+01,
mig_bf_det_k4_l16_r4_c16_m4_w14g0_d32_s2_q2,det,migration_bruteforce,4,16,4,16,4,14,0,32,2,2,3.352000e+00,84021,62008,451,56,0,2203,2847,56,1,1.368000e+02,3.440000e+01,
mig_bf_det_k4_l16_r4_c16_m4_w14g0_d64_s2_q2,det,migration_bruteforce,4,16,4,16,4,14,0,64,2,2,3.352000e+00,84673,62820,451,60,0,2575,2955,60,1,1.374000e+02,3.230000e+01,
mig_bf_det_k4_l16_r4_c16_m4_w14g4_d32_s2_q2,det,migration_bruteforce,4,16,4,16,4,14,4,32,2,2,3.352000e+00,88101,65053,451,56,0,2203,2847,56,1,1.282000e+02,4.240000e+01,
mig_bf_det_k4_l16_r4_c16_m4_w14g4_d64_s2_q2,det,migration_bruteforce,4,16,4,16,4,14,4,64,2,2,3.352000e+00,88753,65865,451,60,0,2575,2955,60,1,1.257000e+02,4.760000e+01,
mig_bf_det_k4_l16_r4_c16_m4_w14g8_d32_s2_q2,det,migration_bruteforce,4,16,4,16,4,14,8,32,2,2,3.352000e+00,91302,68405,451,56,0,2203,2847,56,1,1.318000e+02,4.740000e+01,
mig_bf_det_k4_l16_r4_c16_m4_w14g8_d64_s2_q2,det,migration_bruteforce,4,16,4,16,4,14,8,64,2,2,3.352000e+00,91954,69217,451,60,0,2575,2955,60,1,1.447000e+02,3.180000e+01,
mig_bf_det_k4_l16_r4_c16_m4_w16g0_d32_s2_q2,det,migration_bruteforce,4,16,4,16,4,16,0,32,2,2,3.352000e+00,90493,68596,451,79,0,2189,2399,79,1,1.364000e+02,3.200000e+01,
mig_bf_det_k4_l16_r4_c16_m4_w16g0_d64_s2_q2,det,migration_bruteforce,4,16,4,16,4,16,0,64,2,2,3.352000e+00,90915,69350,451,83,0,2561,2507,83,1,1.355000e+02,3.380000e+01,
mig_bf_det_k4_l16_r4_c16_m4_w16g4_d32_s2_q2,det,migration_bruteforce,4,16,4,16,4,16,4,32,2,2,3.352000e+00,94449,71353,451,79,0,2189,2399,79,1,1.297000e+02,4.770000e+01,
mig_bf_det_k4_l16_r4_c16_m4_w16g4_d64_s2_q2,det,migration_bruteforce,4,16,4,16,4,16,4,64,2,2,3.352000e+00,94871,72107,451,83,0,2561,2507,83,1,1.357000e+02,5.230000e+01,
mig_bf_det_k4_l16_r4_c16_m4_w16g8_d32_s2_q2,det,migration_bruteforce,4,16,4,16,4,16,8,32,2,2,3.352000e+00,97763,76161,451,79,0,2189,2399,79,1,1.367000e+02,5.270000e+01,
mig_bf_det_k4_l16_r4_c16_m4_w16g8_d64_s2_q2,det,migration_bruteforce,4,16,4,16,4,16,8,64,2,2,3.352000e+00,98185,76915,451,83,0,2561,2507,83,1,1.333000e+02,3.310000e+01,
mig_bf_det_k8_l1_r1_c4_m3_w8g0_d32_s2_q2,det,migration_bruteforce,8,1,1,4,3,8,0,32,2,2,3.392000e+00,14989,8879,18,15,0,2189,2399,9,1,5.540000e+01,2.040000e+01,
mig_bf_det_k8_l1_r1_c4_m3_w8g0_d64_s2_q2,det,migration_bruteforce,8,1,1,4,3,8,0,64,2,2,3.392000e+00,15596,9704,18,22,0,2561,2507,16,1,6.010000e+01,3.000000e+01,
mig_bf_det_k8_l1_r1_c4_m3_w8g4_d32_s2_q2,det,migration_bruteforce,8,1,1,4,3,8,4,32,2,2,3.392000e+00,15249,9070,18,15,0,2189,2399,9,1,5.560000e+01,2.250000e+01,
mig_bf_det_k8_l1_r1_c4_m3_w8g4_d64_s2_q2,det,migration_bruteforce,8,1,1,4,3,8,4,64,2,2,3.392000e+00,15856,9895,18,22,0,2561,2507,16,1,4.730000e+01,2.600000e+01,
mig_bf_det_k8_l1_r1_c4_m3_w8g8_d32_s2_q2,det,migration_bruteforce,8,1,1,4,3,8,8,32,2,2,3.392000e+00,15628,9302,18,15,0,2189,2399,9,1,4.460000e+01,2.890000e+01,
mig_bf_det_k8_l1_r1_c4_m3_w8g8_d64_s2_q2,det,migration_bruteforce,8,1,1,4,3,8,8,64,2,2,3.392000e+00,16235,10127,18,22,0,2561,2507,16,1,5.270000e+01,2.230000e+01,
mig_bf_det_k8_l1_r1_c4_m3_w10g0_d32_s2_q2,det,migration_bruteforce,8,1,1,4,3,10,0,32,2,2,3.392000e+00,15358,9358,20,15,0,2189,2399,9,1,6.760000e+01,2.450000e+01,
mig_bf_det_k8_l1_r1_c4_m3_w10g0_d64_s2_q2,det,migration_bruteforce,8,1,1,4,3,10,0,64,2,2,3.392000e+00,15989,10191,20,28,0,2561,2507,22,1,4.640000e+01,2.390000e+01,
mig_bf_det_k8_l1_r1_c4_m3_w10g4_d32_s2_q2,det,migration_bruteforce,8,1,1,4,3,10,4,32,2,2,3.392000e+00,15749,9595,20,15,0,2189,2399,9,1,5.810000e+01,2.990000e+01,
mig_bf_det_k8_l1_r1_c4_m3_w10g4_d64_s2_q2,det,migration_bruteforce,8,1,1,4,3,10,4,64,2,2,3.392000e+00,16380,10428,20,28,0,2561,2507,22,1,6.130000e+01,3.070000e+01,
mig_bf_det_k8_l1_r1_c4_m3_w10g8_d32_s2_q2,det,migration_bruteforce,8,1,1,4,3,10,8,32,2,2,3.392000e+00,16067,9800,20,15,0,2189,2399,9,1,5.780000e+01,3.310000e+01,
mig_bf_det_k8_l1_r1_c4_m3_w10g8_d64_s2_q2,det,migration_bruteforce,8,1,1,4,3,10,8,64,2,2,3.392000e+00,16698,10633,20,28,0,2561,2507,22,1,7.280000e+01,2.290000e+01,
mig_bf_det_k8_l1_r1_c4_m3_w12g0_d32_s2_q2,det,migration_bruteforce,8,1,1,4,3,12,0,32,2,2,3.392000e+00,15282,9673,27,15,0,2189,2399,9,1,5.790000e+01,2.560000e+01,
mig_bf_det_k8_l1_r1_c4_m3_w12g0_d64_s2_q2,det,migration_bruteforce,8,1,1,4,3,12,0,64,2,2,3.392000e+00,15929,10514,27,28,0,2561,2507,22,1,6.580000e+01,2.940000e+01,
mig_bf_det_k8_l1_r1_c4_m3_w12g4_d32_s2_q2,det,migration_bruteforce,8,1,1,4,3,12,4,32,2,2,3.392000e+00,15716,9910,27,15,0,2189,2399,9,1,5.100000e+01,2.670000e+01,
mig_bf_det_k8_l1_r1_c4_m3_w12g4_d64_s2_q2,det,migration_bruteforce,8,1,1,4,3,12,4,64,2,2,3.392000e+00,16363,10751,27,28,0,2561,2507,22,1,5.220000e+01,2.720000e+01,
mig_bf_det_k8_l1_r1_c4_m3_w12g8_d32_s2_q2,det,migration_bruteforce,8,1,1,4,3,12,8,32,2,2,3.392000e+00,16011,10115,27,15,0,2189,2399,9,1,5.440000e+01,3.020000e+01,
mig_bf_det_k8_l1_r1_c4_m3_w12g8_d64_s2_q2,det,migration_bruteforce,8,1,1,4,3,12,8,64,2,2,3.392000e+00,16658,10956,27,28,0,2561,2507,22,1,6.200000e+01,2.750000e+01,
mig_bf_det_k8_l1_r1_c4_m3_w14g0_d32_s2_q2,det,migration_bruteforce,8,1,1,4,3,14,0,32,2,2,3.392000e+00,15684,10025,27,15,0,2189,2399,9,1,7.030000e+01,2.010000e+01,
mig_bf_det_k8_l1_r1_c4_m3_w14g0_d64_s2_q2,det,migration_bruteforce,8,1,1,4,3,14,0,64,2,2,3.392000e+00,16363,10866,27,28,0,2561,2507,22,1,5.190000e+01,3.060000e+01,
mig_bf_det_k8_l1_r1_c4_m3_w14g4_d32_s2_q2,det,migration_bruteforce,8,1,1,4,3,14,4,32,2,2,3.392000e+00,16061,10235,27,15,0,2189,2399,9,1,5.070000e+01,2.520000e+01,
mig_bf_det_k8_l1_r1_c4_m3_w14g4_d64_s2_q2,det,migration_bruteforce,8,1,1,4,3,14,4,64,2,2,3.392000e+00,16740,11076,27,28,0,2561,2507,22,1,5.220000e+01,3.020000e+01,
mig_bf_det_k8_l1_r1_c4_m3_w14g8_d32_s2_q2,det,migration_bruteforce,8,1,1,4,3,14,8,32,2,2,3.392000e+00,16384,10467,27,15,0,2189,2399,9,1,4.970000e+01,2.970000e+01,
mig_bf_det_k8_l1_r1_c4_m3_w14g8_d64_s2_q2,det,migration_bruteforce,8,1,1,4,3,14,8,64,2,2,3.392000e+00,17063,11308,27,28,0,2561,2507,22,1,6.550000e+01,2.670000e+01,
mig_bf_det_k8_l1_r1_c4_m3_w16g0_d32_s2_q2,det,migration_bruteforce,8,1,1,4,3,16,0,32,2,2,3.392000e+00,15738,10253,27,23,0,2189,2399,9,1,5.610000e+01,2.200000e+01,
mig_bf_det_k8_l1_r1_c4_m3_w16g0_d64_s2_q2,det,migration_bruteforce,8,1,1,4,3,16,0,64,2,2,3.392000e+00,16189,11040,27,36,0,2561,2507,22,1,5.340000e+01,2.790000e+01,
mig_bf_det_k8_l1_r1_c4_m3_w16g4_d32_s2_q2,det,migration_bruteforce,8,1,1,4,3,16,4,32,2,2,3.392000e+00,16096,10445,27,23,0,2189,2399,9,1,4.780000e+01,3.600000e+01,
mig_bf_det_k8_l1_r1_c4_m3_w16g4_d64_s2_q2,det,migration_bruteforce,8,1,1,4,3,16,4,64,2,2,3.392000e+00,16547,11232,27,36,0,2561,2507,22,1,4.280000e+01,3.380000e+01,
mig_bf_det_k8_l1_r1_c4_m3_w16g8_d32_s2_q2,det,migration_bruteforce,8,1,1,4,3,16,8,32,2,2,3.392000e+00,16427,10768,27,23,0,2189,2399,9,1,4.250000e+01,3.760000e+01,
mig_bf_det_k8_l1_r1_c4_m3_w16g8_d64_s2_q2,det,migration_bruteforce,8,1,1,4,3,16,8,64,2,2,3.392000e+00,16878,11555,27,36,0,2561,2507,22,1,5.200000e+01,2.620000e+01,
mig_bf_det_k8_l1_r1_c4_m4_w8g0_d32_s2_q2,det,migration_bruteforce,8,1,1,4,4,8,0,32,2,2,3.352000e+00,15253,8913,14,15,0,2189,2399,9,1,5.250000e+01,2.150000e+01,
mig_bf_det_k8_l1_r1_c4_m4_w8g0_d64_s2_q2,det,migration_bruteforce,8,1,1,4,4,8,0,64,2,2,3.352000e+00,15860,9738,14,22,0,2561,2507,16,1,4.730000e+01,3.140000e+01,
mig_bf_det_k8_l1_r1_c4_m4_w8g4_d32_s2_q2,det,migration_bruteforce,8,1,1,4,4,8,4,32,2,2,3.352000e+00,15513,9104,14,15,0,2189,2399,9,1,5.210000e+01,2.940000e+01,
mig_bf_det_k8_l1_r1_c4_m4_w8g4_d64_s2_q2,det,migration_bruteforce,8,1,1,4,4,8,4,64,2,2,3.352000e+00,16120,9929,14,22,0,2561,2507,16,1,4.680000e+01,3.360000e+01,
mig_bf_det_k8_l1_r1_c4_m4_w8g8_d32_s2_q2,det,migration_bruteforce,8,1,1,4,4,8,8,32,2,2,3.352000e+00,15892,9336,14,15,0,2189,2399,9,1,5.140000e+01,3.590000e+01,
mig_bf_det_k8_l1_r1_c4_m4_w8g8_d64_s2_q2,det,migration_bruteforce,8,1,1,4,4,8,8,64,2,2,3.352000e+00,16499,10161,14,22,0,2561,2507,16,1,4.390000e+01,3.550000e+01,
mig_bf_det_k8_l1_r1_c4_m4_w10g0_d32_s2_q2,det,migration_bruteforce,8,1,1,4,4,10,0,32,2,2,3.352000e+00,15514,9398,20,15,0,2189,2399,9,1,4.280000e+01,3.290000e+01,
mig_bf_det_k8_l1_r1_c4_m4_w10g0_d64_s2_q2,det,migration_bruteforce,8,1,1,4,4,10,0,64,2,2,3.352000e+00,16145,10231,20,28,0,2561,2507,22,1,5.070000e+01,3.420000e+01,
mig_bf_det_k8_l1_r1_c4_m4_w10g4_d32_s2_q2,det,migration_bruteforce,8,1,1,4,4,10,4,32,2,2,3.352000e+00,15905,9635,20,15,0,2189,2399,9,1,4.620000e+01,3.070000e+01,
mig_bf_det_k8_l1_r1_c4_m4_w10g4_d64_s2_q2,det,migration_bruteforce,8,1,1,4,4,10,4,64,2,2,3.352000e+00,16536,10468,20,28,0,2561,2507,22,1,4.170000e+01,2.960000e+01,
mig_bf_det_k8_l1_r1_c4_m4_w10g8_d32_s2_q2,det,migration_bruteforce,8,1,1,4,4,10,8,32,2,2,3.352000e+00,16223,9840,20,15,0,2189,2399,9,1,4.920000e+01,3.060000e+01,
mig_bf_det_k8_l1_r1_c4_m4_w10g8_d64_s2_q2,det,migration_bruteforce,8,1,1,4,4,10,8,64,2,2,3.352000e+00,16854,10673,20,28,0,2561,2507,22,1,5.030000e+01,3.790000e+01,
mig_bf_det_k8_l1_r1_c4_m4_w12g0_d32_s2_q2,det,migration_bruteforce,8,1,1,4,4,12,0,32,2,2,3.352000e+00,15194,9719,31,15,0,2189,2399,9,1,4.860000e+01,3.610000e+01,
mig_bf_det_k8_l1_r1_c4_m4_w12g0_d64_s2_q2,det,migration_bruteforce,8,1,1,4,4,12,0,64,2,2,3.352000e+00,15841,10560,31,28,0,2561,2507,22,1,4.680000e+01,3.210000e+01,
mig_bf_det_k8_l1_r1_c4_m4_w12g4_d32_s2_q2,det,migration_bruteforce,8,1,1,4,4,12,4,32,2,2,3.352000e+00,15628,9956,31,15,0,2189,2399,9,1,5.220000e+01,2.840000e+01,
mig_bf_det_k8_l1_r1_c4_m4_w12g4_d64_s2_q2,det,migration_bruteforce,8,1,1,4,4,12,4,64,2,2,3.352000e+00,16275,10797,31,28,0,2561,2507,22,1,4.830000e+01,2.570000e+01,
mig_bf_det_k8_l1_r1_c4_m4_w12g8_d32_s2_q2,det,migration_bruteforce,8,1,1,4,4,12,8,32,2,2,3.352000e+00,15923,10161,31,15,0,2189,2399,9,1,5.040000e+01,3.040000e+01,
mig_bf_det_k8_l1_r1_c4_m4_w12g8_d64_s2_q2,det,migration_bruteforce,8,1,1,4,4,12,8,64,2,2,3.352000e+00,16570,11002,31,28,0,2561,2507,22,1,5.220000e+01,2.820000e+01,
mig_bf_det_k8_l1_r1_c4_m4_w14g0_d32_s2_q2,det,migration_bruteforce,8,1,1,4,4,14,0,32,2,2,3.352000e+00,15580,10162,31,15,0,2189,2399,9,1,4.390000e+01,3.320000e+01,
mig_bf_det_k8_l1_r1_c4_m4_w14g0_d64_s2_q2,det,migration_bruteforce,8,1,1,4,4,14,0,64,2,2,3.352000e+00,16259,11003,31,28,0,2561,2507,22,1,4.880000e+01,3.050000e+01,
mig_bf_det_k8_l1_r1_c4_m4_w14g4_d32_s2_q2,det,migration_bruteforce,8,1,1,4,4,14,4,32,2,2,3.352000e+00,15957,10372,31,15,0,2189,2399,9,1,4.610000e+01,3.140000e+01,
mig_bf_det_k8_l1_r1_c4_m4_w14g4_d64_s2_q2,det,migration_bruteforce,8,1,1,4,4,14,4,64,2,2,3.352000e+00,16636,11213,31,28,0,2561,2507,22,1,5.090000e+01,2.890000e+01,
mig_bf_det_k8_l1_r1_c4_m4_w14g8_d32_s2_q2,det,migration_bruteforce,8,1,1,4,4,14,8,32,2,2,3.352000e+00,16280,10604,31,15,0,2189,2399,9,1,5.110000e+01,2.930000e+01,
mig_bf_det_k8_l1_r1_c4_m4_w14g8_d64_s2_q2,det,migration_bruteforce,8,1,1,4,4,14,8,64,2,2,3.352000e+00,16959,11445,31,28,0,2561,2507,22,1,5.020000e+01,3.060000e+01,
mig_bf_det_k8_l1_r1_c4_m4_w16g0_d32_s2_q2,det,migration_bruteforce,8,1,1,4,4,16,0,32,2,2,3.352000e+00,15618,10404,31,23,0,2189,2399,9,1,4.380000e+01,3.030000e+01,
mig_bf_det_k8_l1_r1_c4_m4_w16g0_d64_s2_q2,det,migration_bruteforce,8,1,1,4,4,16,0,64,2,2,3.352000e+00,16069,11191,31,36,0,2561,2507,22,1,4.580000e+01,3.040000e+01,
mig_bf_det_k8_l1_r1_c4_m4_w16g4_d32_s2_q2,det,migration_bruteforce,8,1,1,4,4,16,4,32,2,2,3.352000e+00,15976,10596,31,23,0,2189,2399,9,1,4.590000e+01,3.040000e+01,
mig_bf_det_k8_l1_r1_c4_m4_w16g4_d64_s2_q2,det,migration_bruteforce,8,1,1,4,4,16,4,64,2,2,3.352000e+00,16427,11383,31,36,0,2561,2507,22,1,4.950000e+01,2.890000e+01,
mig_bf_det_k8_l1_r1_c4_m4_w16g8_d32_s2_q2,det,migration_bruteforce,8,1,1,4,4,16,8,32,2,2,3.352000e+00,16307,10919,31,23,0,2189,2399,9,1,4.930000e+01,2.910000e+01,
mig_bf_det_k8_l1_r1_c4_m4_w16g8_d64_s2_q2,det,migration_bruteforce,8,1,1,4,4,16,8,64,2,2,3.352000e+00,16758,11706,31,36,0,2561,2507,22,1,5.640000e+01,2.630000e+01,
mig_bf_det_k8_l1_r4_c4_m3_w8g0_d32_s2_q2,det,migration_bruteforce,8,1,4,4,3,8,0,32,2,2,3.392000e+00,16889,10458,54,15,0,2189,2399,9,1,4.780000e+01,2.820000e+01,
mig_bf_det_k8_l1_r4_c4_m3_w8g0_d64_s2_q2,det,migration_bruteforce,8,1,4,4,3,8,0,64,2,2,3.392000e+00,17496,11283,54,22,0,2561,2507,16,1,5.260000e+01,2.630000e+01,
mig_bf_det_k8_l1_r4_c4_m3_w8g4_d32_s2_q2,det,migration_bruteforce,8,1,4,4,3,8,4,32,2,2,3.392000e+00,17149,10649,54,15,0,2189,2399,9,1,5.030000e+01,3.090000e+01,
mig_bf_det_k8_l1_r4_c4_m3_w8g4_d64_s2_q2,det,migration_bruteforce,8,1,4,4,3,8,4,64,2,2,3.392000e+00,17756,11474,54,22,0,2561,2507,16,1,5.430000e+01,2.920000e+01,
mig_bf_det_k8_l1_r4_c4_m3_w8g8_d32_s2_q2,det,migration_bruteforce,8,1,4,4,3,8,8,32,2,2,3.392000e+00,17528,10881,54,15,0,2189,2399,9,1,5.700000e+01,2.560000e+01,
mig_bf_det_k8_l1_r4_c4_m3_w8g8_d64_s2_q2,det,migration_bruteforce,8,1,4,4,3,8,8,64,2,2,3.392000e+00,18135,11706,54,22,0,2561,2507,16,1,6.110000e+01,2.170000e+01,
mig_bf_det_k8_l1_r4_c4_m3_w10g0_d32_s2_q2,det,migration_bruteforce,8,1,4,4,3,10,0,32,2,2,3.392000e+00,17430,11263,56,15,0,2189,2399,9,1,4.940000e+01,2.770000e+01,
mig_bf_det_k8_l1_r4_c4_m3_w10g0_d64_s2_q2,det,migration_bruteforce,8,1,4,4,3,10,0,64,2,2,3.392000e+00,18061,12096,56,28,0,2561,2507,22,1,5.040000e+01,3.020000e+01,
mig_bf_det_k8_l1_r4_c4_m3_w10g4_d32_s2_q2,det,migration_bruteforce,8,1,4,4,3,10,4,32,2,2,3.392000e+00,17821,11500,56,15,0,2189,2399,9,1,5.420000e+01,3.010000e+01,
mig_bf_det_k8_l1_r4_c4_m3_w10g4_d64_s2_q2,det,migration_bruteforce,8,1,4,4,3,10,4,64,2,2,3.392000e+00,18452,12333,56,28,0,2561,2507,22,1,5.180000e+01,2.950000e+01,
mig_bf_det_k8_l1_r4_c4_m3_w10g8_d32_s2_q2,det,migration_bruteforce,8,1,4,4,3,10,8,32,2,2,3.392000e+00,18139,11705,56,15,0,2189,2399,9,1,5.760000e+01,2.780000e+01,
mig_bf_det_k8_l1_r4_c4_m3_w10g8_d64_s2_q2,det,migration_bruteforce,8,1,4,4,3,10,8,64,2,2,3.392000e+00,18770,12538,56,28,0,2561,2507,22,1,6.270000e+01,2.420000e+01,
mig_bf_det_k8_l1_r4_c4_m3_w12g0_d32_s2_q2,det,migration_bruteforce,8,1,4,4,3,12,0,32,2,2,3.392000e+00,17512,11904,63,15,0,2189,2399,9,1,5.520000e+01,3.230000e+01,
mig_bf_det_k8_l1_r4_c4_m3_w12g0_d64_s2_q2,det,migration_bruteforce,8,1,4,4,3,12,0,64,2,2,3.392000e+00,18159,12745,63,28,0,2561,2507,22,1,5.690000e+01,2.840000e+01,
mig_bf_det_k8_l1_r4_c4_m3_w12g4_d32_s2_q2,det,migration_bruteforce,8,1,4,4,3,12,4,32,2,2,3.392000e+00,17946,12141,63,15,0,2189,2399,9,1,5.230000e+01,3.120000e+01,
mig_bf_det_k8_l1_r4_c4_m3_w12g4_d64_s2_q2,det,migration_bruteforce,8,1,4,4,3,12,4,64,2,2,3.392000e+00,18593,12982,63,28,0,2561,2507,22,1,5.500000e+01,3.120000e+01,
mig_bf_det_k8_l1_r4_c4_m3_w12g8_d32_s2_q2,det,migration_bruteforce,8,1,4,4,3,12,8,32,2,2,3.392000e+00,18241,12346,63,15,0,2189,2399,9,1,5.870000e+01,2.500000e+01,
mig_bf_det_k8_l1_r4_c4_m3_w12g8_d64_s2_q2,det,migration_bruteforce,8,1,4,4,3,12,8,64,2,2,3.392000e+00,18888,13187,63,28,0,2561,2507,22,1,5.890000e+01,2.260000e+01,
mig_bf_det_k8_l1_r4_c4_m3_w14g0_d32_s2_q2,det,migration_bruteforce,8,1,4,4,3,14,0,32,2,2,3.392000e+00,18100,12584,63,15,0,2189,2399,9,1,4.940000e+01,3.000000e+01,
mig_bf_det_k8_l1_r4_c4_m3_w14g0_d64_s2_q2,det,migration_bruteforce,8,1,4,4,3,14,0,64,2,2,3.392000e+00,18779,13425,63,28,0,2561,2507,22,1,5.000000e+01,3.240000e+01,
mig_bf_det_k8_l1_r4_c4_m3_w14g4_d32_s2_q2,det,migration_bruteforce,8,1,4,4,3,14,4,32,2,2,3.392000e+00,18477,12794,63,15,0,2189,2399,9,1,5.000000e+01,3.260000e+01,
mig_bf_det_k8_l1_r4_c4_m3_w14g4_d64_s2_q2,det,migration_bruteforce,8,1,4,4,3,14,4,64,2,2,3.392000e+00,19156,13635,63,28,0,2561,2507,22,1,5.290000e+01,3.030000e+01,
mig_bf_det_k8_l1_r4_c4_m3_w14g8_d32_s2_q2,det,migration_bruteforce,8,1,4,4,3,14,8,32,2,2,3.392000e+00,18800,13026,63,15,0,2189,2399,9,1,6.090000e+01,2.700000e+01,
mig_bf_det_k8_l1_r4_c4_m3_w14g8_d64_s2_q2,det,migration_bruteforce,8,1,4,4,3,14,8,64,2,2,3.392000e+00,19479,13867,63,28,0,2561,2507,22,1,6.170000e+01,2.530000e+01,
mig_bf_det_k8_l1_r4_c4_m3_w16g0_d32_s2_q2,det,migration_bruteforce,8,1,4,4,3,16,0,32,2,2,3.392000e+00,18326,13153,63,23,0,2189,2399,9,1,5.060000e+01,3.150000e+01,
mig_bf_det_k8_l1_r4_c4_m3_w16g0_d64_s2_q2,det,migration_bruteforce,8,1,4,4,3,16,0,64,2,2,3.392000e+00,18777,13940,63,36,0,2561,2507,22,1,5.550000e+01,2.820000e+01,
mig_bf_det_k8_l1_r4_c4_m3_w16g4_d32_s2_q2,det,migration_bruteforce,8,1,4,4,3,16,4,32,2,2,3.392000e+00,18684,13345,63,23,0,2189,2399,9,1,5.630000e+01,2.880000e+01,
mig_bf_det_k8_l1_r4_c4_m3_w16g4_d64_s2_q2,det,migration_bruteforce,8,1,4,4,3,16,4,64,2,2,3.392000e+00,19135,14132,63,36,0,2561,2507,22,1,5.550000e+01,3.030000e+01,
mig_bf_det_k8_l1_r4_c4_m3_w16g8_d32_s2_q2,det,migration_bruteforce,8,1,4,4,3,16,8,32,2,2,3.392000e+00,19015,13668,63,23,0,2189,2399,9,1,5.770000e+01,2.580000e+01,
mig_bf_det_k8_l1_r4_c4_m3_w16g8_d64_s2_q2,det,migration_bruteforce,8,1,4,4,3,16,8,64,2,2,3.392000e+00,19466,14455,63,36,0,2561,2507,22,1,5.830000e+01,2.330000e+01,
mig_bf_det_k8_l1_r4_c4_m4_w8g0_d32_s2_q2,det,migration_bruteforce,8,1,4,4,4,8,0,32,2,2,3.352000e+00,17945,10799,38,15,0,2189,2399,9,1,5.130000e+01,2.740000e+01,
mig_bf_det_k8_l1_r4_c4_m4_w8g0_d64_s2_q2,det,migration_bruteforce,8,1,4,4,4,8,0,64,2,2,3.352000e+00,18552,11624,38,22,0,2561,2507,16,1,4.970000e+01,2.500000e+01,
mig_bf_det_k8_l1_r4_c4_m4_w8g4_d32_s2_q2,det,migration_bruteforce,8,1,4,4,4,8,4,32,2,2,3.352000e+00,18205,10990,38,15,0,2189,2399,9,1,5.280000e+01,2.570000e+01,
mig_bf_det_k8_l1_r4_c4_m4_w8g4_d64_s2_q2,det,migration_bruteforce,8,1,4,4,4,8,4,64,2,2,3.352000e+00,18812,11815,38,22,0,2561,2507,16,1,5.700000e+01,2.500000e+01,
mig_bf_det_k8_l1_r4_c4_m4_w8g8_d32_s2_q2,det,migration_bruteforce,8,1,4,4,4,8,8,32,2,2,3.352000e+00,18584,11222,38,15,0,2189,2399,9,1,5.690000e+01,2.240000e+01,
mig_bf_det_k8_l1_r4_c4_m4_w8g8_d64_s2_q2,det,migration_bruteforce,8,1,4,4,4,8,8,64,2,2,3.352000e+00,19191,12047,38,22,0,2561,2507,16,1,5.880000e+01,2.380000e+01,
mig_bf_det_k8_l1_r4_c4_m4_w10g0_d32_s2_q2,det,migration_bruteforce,8,1,4,4,4,10,0,32,2,2,3.352000e+00,18054,11676,56,15,0,2189,2399,9,1,5.110000e+01,2.400000e+01,
mig_bf_det_k8_l1_r4_c4_m4_w10g0_d64_s2_q2,det,migration_bruteforce,8,1,4,4,4,10,0,64,2,2,3.352000e+00,18685,12509,56,28,0,2561,2507,22,1,5.800000e+01,2.620000e+01,
mig_bf_det_k8_l1_r4_c4_m4_w10g4_d32_s2_q2,det,migration_bruteforce,8,1,4,4,4,10,4,32,2,2,3.352000e+00,18445,11913,56,15,0,2189,2399,9,1,5.570000e+01,2.750000e+01,
mig_bf_det_k8_l1_r4_c4_m4_w10g4_d64_s2_q2,det,migration_bruteforce,8,1,4,4,4,10,4,64,2,2,3.352000e+00,19076,12746,56,28,0,2561,2507,22,1,5.490000e+01,2.660000e+01,
mig_bf_det_k8_l1_r4_c4_m4_w10g8_d32_s2_q2,det,migration_bruteforce,8,1,4,4,4,10,8,32,2,2,3.352000e+00,18763,12118,56,15,0,2189,2399,9,1,5.650000e+01,2.380000e+01,
mig_bf_det_k8_l1_r4_c4_m4_w10g8_d64_s2_q2,det,migration_bruteforce,8,1,4,4,4,10,8,64,2,2,3.352000e+00,19394,12951,56,28,0,2561,2507,22,1,5.890000e+01,2.430000e+01,
mig_bf_det_k8_l1_r4_c4_m4_w12g0_d32_s2_q2,det,migration_bruteforce,8,1,4,4,4,12,0,32,2,2,3.352000e+00,17160,12389,79,15,0,2189,2399,9,1,5.370000e+01,2.420000e+01,
mig_bf_det_k8_l1_r4_c4_m4_w12g0_d64_s2_q2,det,migration_bruteforce,8,1,4,4,4,12,0,64,2,2,3.352000e+00,17807,13230,79,28,0,2561,2507,22,1,5.630000e+01,2.690000e+01,
mig_bf_det_k8_l1_r4_c4_m4_w12g4_d32_s2_q2,det,migration_bruteforce,8,1,4,4,4,12,4,32,2,2,3.352000e+00,17594,12626,79,15,0,2189,2399,9,1,5.220000e+01,2.870000e+01,
mig_bf_det_k8_l1_r4_c4_m4_w12g4_d64_s2_q2,det,migration_bruteforce,8,1,4,4,4,12,4,64,2,2,3.352000e+00,18241,13467,79,28,0,2561,2507,22,1,5.440000e+01,2.760000e+01,
mig_bf_det_k8_l1_r4_c4_m4_w12g8_d32_s2_q2,det,migration_bruteforce,8,1,4,4,4,12,8,32,2,2,3.352000e+00,17889,12831,79,15,0,2189,2399,9,1,5.830000e+01,2.460000e+01,
mig_bf_det_k8_l1_r4_c4_m4_w12g8_d64_s2_q2,det,migration_bruteforce,8,1,4,4,4,12,8,64,2,2,3.352000e+00,18536,13672,79,28,0,2561,2507,22,1,6.250000e+01,2.210000e+01,
mig_bf_det_k8_l1_r4_c4_m4_w14g0_d32_s2_q2,det,migration_bruteforce,8,1,4,4,4,14,0,32,2,2,3.352000e+00,17684,13223,79,15,0,2189,2399,9,1,5.520000e+01,2.310000e+01,
mig_bf_det_k8_l1_r4_c4_m4_w14g0_d64_s2_q2,det,migration_bruteforce,8,1,4,4,4,14,0,64,2,2,3.352000e+00,18363,14064,79,28,0,2561,2507,22,1,5.180000e+01,2.700000e+01,
mig_bf_det_k8_l1_r4_c4_m4_w14g4_d32_s2_q2,det,migration_bruteforce,8,1,4,4,4,14,4,32,2,2,3.352000e+00,18061,13433,79,15,0,2189,2399,9,1,6.030000e+01,2.330000e+01,
mig_bf_det_k8_l1_r4_c4_m4_w14g4_d64_s2_q2,det,migration_bruteforce,8,1,4,4,4,14,4,64,2,2,3.352000e+00,18740,14274,79,28,0,2561,2507,22,1,4.800000e+01,2.850000e+01,
mig_bf_det_k8_l1_r4_c4_m4_w14g8_d32_s2_q2,det,migration_bruteforce,8,1,4,4,4,14,8,32,2,2,3.352000e+00,18384,13665,79,15,0,2189,2399,9,1,6.150000e+01,2.500000e+01,
mig_bf_det_k8_l1_r4_c4_m4_w14g8_d64_s2_q2,det,migration_bruteforce,8,1,4,4,4,14,8,64,2,2,3.352000e+00,19063,14506,79,28,0,2561,2507,22,1,6.190000e+01,2.210000e+01,
mig_bf_det_k8_l1_r4_c4_m4_w16g0_d32_s2_q2,det,migration_bruteforce,8,1,4,4,4,16,0,32,2,2,3.352000e+00,17942,14044,79,23,0,2189,2399,9,1,6.070000e+01,2.670000e+01,
mig_bf_det_k8_l1_r4_c4_m4_w16g0_d64_s2_q2,det,migration_bruteforce,8,1,4,4,4,16,0,64,2,2,3.352000e+00,18393,14831,79,36,0,2561,2507,22,1,5.150000e+01,2.980000e+01,
mig_bf_det_k8_l1_r4_c4_m4_w16g4_d32_s2_q2,det,migration_bruteforce,8,1,4,4,4,16,4,32,2,2,3.352000e+00,18300,14236,79,23,0,2189,2399,9,1,5.480000e+01,2.440000e+01,
mig_bf_det_k8_l1_r4_c4_m4_w16g4_d64_s2_q2,det,migration_bruteforce,8,1,4,4,4,16,4,64,2,2,3.352000e+00,18751,15023,79,36,0,2561,2507,22,1,5.540000e+01,3.080000e+01,
mig_bf_det_k8_l1_r4_c4_m4_w16g8_d32_s2_q2,det,migration_bruteforce,8,1,4,4,4,16,8,32,2,2,3.352000e+00,18631,14559,79,23,0,2189,2399,9,1,6.040000e+01,2.300000e+01,
mig_bf_det_k8_l1_r4_c4_m4_w16g8_d64_s2_q2,det,migration_bruteforce,8,1,4,4,4,16,8,64,2,2,3.352000e+00,19082,15346,79,36,0,2561,2507,22,1,6.120000e+01,2.290000e+01,
mig_bf_det_k8_l1_r8_c4_m3_w8g0_d32_s2_q2,det,migration_bruteforce,8,1,8,4,3,8,0,32,2,2,3.392000e+00,19365,12417,102,15,0,2189,2399,9,1,6.030000e+01,2.850000e+01,
mig_bf_det_k8_l1_r8_c4_m3_w8g0_d64_s2_q2,det,migration_bruteforce,8,1,8,4,3,8,0,64,2,2,3.392000e+00,19972,13242,102,22,0,2561,2507,16,1,5.630000e+01,3.070000e+01,
mig_bf_det_k8_l1_r8_c4_m3_w8g4_d32_s2_q2,det,migration_bruteforce,8,1,8,4,3,8,4,32,2,2,3.392000e+00,19625,12608,102,15,0,2189,2399,9,1,5.560000e+01,3.090000e+01,
mig_bf_det_k8_l1_r8_c4_m3_w8g4_d64_s2_q2,det,migration_bruteforce,8,1,8,4,3,8,4,64,2,2,3.392000e+00,20232,13433,102,22,0,2561,2507,16,1,6.210000e+01,3.610000e+01,
mig_bf_det_k8_l1_r8_c4_m3_w8g8_d32_s2_q2,det,migration_bruteforce,8,1,8,4,3,8,8,32,2,2,3.392000e+00,20004,12840,102,15,0,2189,2399,9,1,6.500000e+01,2.630000e+01,
mig_bf_det_k8_l1_r8_c4_m3_w8g8_d64_s2_q2,det,migration_bruteforce,8,1,8,4,3,8,8,64,2,2,3.392000e+00,20611,13665,102,22,0,2561,2507,16,1,6.570000e+01,2.330000e+01,
mig_bf_det_k8_l1_r8_c4_m3_w10g0_d32_s2_q2,det,migration_bruteforce,8,1,8,4,3,10,0,32,2,2,3.392000e+00,20098,13654,104,15,0,2189,2399,9,1,5.530000e+01,3.040000e+01,
mig_bf_det_k8_l1_r8_c4_m3_w10g0_d64_s2_q2,det,migration_bruteforce,8,1,8,4,3,10,0,64,2,2,3.392000e+00,20729,14487,104,28,0,2561,2507,22,1,5.900000e+01,3.230000e+01,
mig_bf_det_k8_l1_r8_c4_m3_w10g4_d32_s2_q2,det,migration_bruteforce,8,1,8,4,3,10,4,32,2,2,3.392000e+00,20489,13891,104,15,0,2189,2399,9,1,5.720000e+01,3.320000e+01,
mig_bf_det_k8_l1_r8_c4_m3_w10g4_d64_s2_q2,det,migration_bruteforce,8,1,8,4,3,10,4,64,2,2,3.392000e+00,21120,14724,104,28,0,2561,2507,22,1,6.010000e+01,3.400000e+01,
mig_bf_det_k8_l1_r8_c4_m3_w10g8_d32_s2_q2,det,migration_bruteforce,8,1,8,4,3,10,8,32,2,2,3.392000e+00,20807,14096,104,15,0,2189,2399,9,1,6.380000e+01,2.250000e+01,
mig_bf_det_k8_l1_r8_c4_m3_w10g8_d64_s2_q2,det,migration_bruteforce,8,1,8,4,3,10,8,64,2,2,3.392000e+00,21438,14929,104,28,0,2561,2507,22,1,6.780000e+01,2.550000e+01,
mig_bf_det_k8_l1_r8_c4_m3_w12g0_d32_s2_q2,det,migration_bruteforce,8,1,8,4,3,12,0,32,2,2,3.392000e+00,20372,14727,111,15,0,2189,2399,9,1,5.980000e+01,3.560000e+01,
mig_bf_det_k8_l1_r8_c4_m3_w12g0_d64_s2_q2,det,migration_bruteforce,8,1,8,4,3,12,0,64,2,2,3.392000e+00,21019,15568,111,28,0,2561,2507,22,1,5.450000e+01,3.390000e+01,
mig_bf_det_k8_l1_r8_c4_m3_w12g4_d32_s2_q2,det,migration_bruteforce,8,1,8,4,3,12,4,32,2,2,3.392000e+00,20806,14964,111,15,0,2189,2399,9,1,6.070000e+01,3.350000e+01,
mig_bf_det_k8_l1_r8_c4_m3_w12g4_d64_s2_q2,det,migration_bruteforce,8,1,8,4,3,12,4,64,2,2,3.392000e+00,21453,15805,111,28,0,2561,2507,22,1,5.390000e+01,3.570000e+01,
mig_bf_det_k8_l1_r8_c4_m3_w12g8_d32_s2_q2,det,migration_bruteforce,8,1,8,4,3,12,8,32,2,2,3.392000e+00,21101,15169,111,15,0,2189,2399,9,1,6.590000e+01,2.580000e+01,
mig_bf_det_k8_l1_r8_c4_m3_w12g8_d64_s2_q2,det,migration_bruteforce,8,1,8,4,3,12,8,64,2,2,3.392000e+00,21748,16010,111,28,0,2561,2507,22,1,6.970000e+01,2.590000e+01,
mig_bf_det_k8_l1_r8_c4_m3_w14g0_d32_s2_q2,det,migration_bruteforce,8,1,8,4,3,14,0,32,2,2,3.392000e+00,21152,15839,111,15,0,2189,2399,9,1,5.870000e+01,3.460000e+01,
mig_bf_det_k8_l1_r8_c4_m3_w14g0_d64_s2_q2,det,migration_bruteforce,8,1,8,4,3,14,0,64,2,2,3.392000e+00,21831,16680,111,28,0,2561,2507,22,1,5.910000e+01,3.350000e+01,
mig_bf_det_k8_l1_r8_c4_m3_w14g4_d32_s2_q2,det,migration_bruteforce,8,1,8,4,3,14,4,32,2,2,3.392000e+00,21529,16049,111,15,0,2189,2399,9,1,6.380000e+01,3.240000e+01,
mig_bf_det_k8_l1_r8_c4_m3_w14g4_d64_s2_q2,det,migration_bruteforce,8,1,8,4,3,14,4,64,2,2,3.392000e+00,22208,16890,111,28,0,2561,2507,22,1,6.190000e+01,3.510000e+01,
mig_bf_det_k8_l1_r8_c4_m3_w14g8_d32_s2_q2,det,migration_bruteforce,8,1,8,4,3,14,8,32,2,2,3.392000e+00,21852,16281,111,15,0,2189,2399,9,1,6.430000e+01,2.450000e+01,
mig_bf_det_k8_l1_r8_c4_m3_w14g8_d64_s2_q2,det,migration_bruteforce,8,1,8,4,3,14,8,64,2,2,3.392000e+00,22531,17122,111,28,0,2561,2507,22,1,6.920000e+01,2.520000e+01,
mig_bf_det_k8_l1_r8_c4_m3_w16g0_d32_s2_q2,det,migration_bruteforce,8,1,8,4,3,16,0,32,2,2,3.392000e+00,21570,16839,111,23,0,2189,2399,9,1,5.700000e+01,3.470000e+01,
mig_bf_det_k8_l1_r8_c4_m3_w16g0_d64_s2_q2,det,migration_bruteforce,8,1,8,4,3,16,0,64,2,2,3.392000e+00,22021,17626,111,36,0,2561,2507,22,1,5.220000e+01,3.050000e+01,
mig_bf_det_k8_l1_r8_c4_m3_w16g4_d32_s2_q2,det,migration_bruteforce,8,1,8,4,3,16,4,32,2,2,3.392000e+00,21928,17031,111,23,0,2189,2399,9,1,5.480000e+01,3.080000e+01,
mig_bf_det_k8_l1_r8_c4_m3_w16g4_d64_s2_q2,det,migration_bruteforce,8,1,8,4,3,16,4,64,2,2,3.392000e+00,22379,17818,111,36,0,2561,2507,22,1,6.570000e+01,2.660000e+01,
mig_bf_det_k8_l1_r8_c4_m3_w16g8_d32_s2_q2,det,migration_bruteforce,8,1,8,4,3,16,8,32,2,2,3.392000e+00,22259,17354,111,23,0,2189,2399,9,1,6.240000e+01,2.750000e+01,
mig_bf_det_k8_l1_r8_c4_m3_w16g8_d64_s2_q2,det,migration_bruteforce,8,1,8,4,3,16,8,64,2,2,3.392000e+00,22710,18141,111,36,0,2561,2507,22,1,6.570000e+01,2.630000e+01,
mig_bf_det_k8_l1_r8_c4_m4_w8g0_d32_s2_q2,det,migration_bruteforce,8,1,8,4,4,8,0,32,2,2,3.352000e+00,21477,13121,70,15,0,2189,2399,9,1,5.950000e+01,2.570000e+01,
mig_bf_det_k8_l1_r8_c4_m4_w8g0_d64_s2_q2,det,migration_bruteforce,8,1,8,4,4,8,0,64,2,2,3.352000e+00,22084,13946,70,22,0,2561,2507,16,1,5.600000e+01,2.330000e+01,
mig_bf_det_k8_l1_r8_c4_m4_w8g4_d32_s2_q2,det,migration_bruteforce,8,1,8,4,4,8,4,32,2,2,3.352000e+00,21737,13312,70,15,0,2189,2399,9,1,6.420000e+01,2.470000e+01,
mig_bf_det_k8_l1_r8_c4_m4_w8g4_d64_s2_q2,det,migration_bruteforce,8,1,8,4,4,8,4,64,2,2,3.352000e+00,22344,14137,70,22,0,2561,2507,16,1,6.000000e+01,2.770000e+01,
mig_bf_det_k8_l1_r8_c4_m4_w8g8_d32_s2_q2,det,migration_bruteforce,8,1,8,4,4,8,8,32,2,2,3.352000e+00,22116,13544,70,15,0,2189,2399,9,1,6.300000e+01,2.580000e+01,
mig_bf_det_k8_l1_r8_c4_m4_w8g8_d64_s2_q2,det,migration_bruteforce,8,1,8,4,4,8,8,64,2,2,3.352000e+00,22723,14369,70,22,0,2561,2507,16,1,6.620000e+01,2.170000e+01,
mig_bf_det_k8_l1_r8_c4_m4_w10g0_d32_s2_q2,det,migration_bruteforce,8,1,8,4,4,10,0,32,2,2,3.352000e+00,21346,14582,104,15,0,2189,2399,9,1,5.770000e+01,2.610000e+01,
mig_bf_det_k8_l1_r8_c4_m4_w10g0_d64_s2_q2,det,migration_bruteforce,8,1,8,4,4,10,0,64,2,2,3.352000e+00,21977,15415,104,28,0,2561,2507,22,1,6.000000e+01,2.310000e+01,
mig_bf_det_k8_l1_r8_c4_m4_w10g4_d32_s2_q2,det,migration_bruteforce,8,1,8,4,4,10,4,32,2,2,3.352000e+00,21737,14819,104,15,0,2189,2399,9,1,6.280000e+01,2.660000e+01,
mig_bf_det_k8_l1_r8_c4_m4_w10g4_d64_s2_q2,det,migration_bruteforce,8,1,8,4,4,10,4,64,2,2,3.352000e+00,22368,15652,104,28,0,2561,2507,22,1,6.030000e+01,2.840000e+01,
mig_bf_det_k8_l1_r8_c4_m4_w10g8_d32_s2_q2,det,migration_bruteforce,8,1,8,4,4,10,8,32,2,2,3.352000e+00,22055,15024,104,15,0,2189,2399,9,1,6.260000e+01,2.670000e+01,
mig_bf_det_k8_l1_r8_c4_m4_w10g8_d64_s2_q2,det,migration_bruteforce,8,1,8,4,4,10,8,64,2,2,3.352000e+00,22686,15857,104,28,0,2561,2507,22,1,6.440000e+01,2.280000e+01,
mig_bf_det_k8_l1_r8_c4_m4_w12g0_d32_s2_q2,det,migration_bruteforce,8,1,8,4,4,12,0,32,2,2,3.352000e+00,19668,15815,143,15,0,2189,2399,9,1,6.070000e+01,2.430000e+01,
mig_bf_det_k8_l1_r8_c4_m4_w12g0_d64_s2_q2,det,migration_bruteforce,8,1,8,4,4,12,0,64,2,2,3.352000e+00,20315,16656,143,28,0,2561,2507,22,1,6.610000e+01,2.290000e+01,
mig_bf_det_k8_l1_r8_c4_m4_w12g4_d32_s2_q2,det,migration_bruteforce,8,1,8,4,4,12,4,32,2,2,3.352000e+00,20102,16052,143,15,0,2189,2399,9,1,6.240000e+01,2.530000e+01,
mig_bf_det_k8_l1_r8_c4_m4_w12g4_d64_s2_q2,det,migration_bruteforce,8,1,8,4,4,12,4,64,2,2,3.352000e+00,20749,16893,143,28,0,2561,2507,22,1,6.040000e+01,2.840000e+01,
mig_bf_det_k8_l1_r8_c4_m4_w12g8_d32_s2_q2,det,migration_bruteforce,8,1,8,4,4,12,8,32,2,2,3.352000e+00,20397,16257,143,15,0,2189,2399,9,1,6.260000e+01,2.590000e+01,
mig_bf_det_k8_l1_r8_c4_m4_w12g8_d64_s2_q2,det,migration_bruteforce,8,1,8,4,4,12,8,64,2,2,3.352000e+00,21044,17098,143,28,0,2561,2507,22,1,6.790000e+01,2.350000e+01,
mig_bf_det_k8_l1_r8_c4_m4_w14g0_d32_s2_q2,det,migration_bruteforce,8,1,8,4,4,14,0,32,2,2,3.352000e+00,20320,17124,143,15,0,2189,2399,9,1,6.070000e+01,2.610000e+01,
mig_bf_det_k8_l1_r8_c4_m4_w14g0_d64_s2_q2,det,migration_bruteforce,8,1,8,4,4,14,0,64,2,2,3.352000e+00,20999,17965,143,28,0,2561,2507,22,1,6.080000e+01,2.490000e+01,
mig_bf_det_k8_l1_r8_c4_m4_w14g4_d32_s2_q2,det,migration_bruteforce,8,1,8,4,4,14,4,32,2,2,3.352000e+00,20697,17334,143,15,0,2189,2399,9,1,6.360000e+01,2.810000e+01,
mig_bf_det_k8_l1_r8_c4_m4_w14g4_d64_s2_q2,det,migration_bruteforce,8,1,8,4,4,14,4,64,2,2,3.352000e+00,21376,18175,143,28,0,2561,2507,22,1,6.130000e+01,2.850000e+01,
mig_bf_det_k8_l1_r8_c4_m4_w14g8_d32_s2_q2,det,migration_bruteforce,8,1,8,4,4,14,8,32,2,2,3.352000e+00,21020,17566,143,15,0,2189,2399,9,1,6.250000e+01,2.530000e+01,
mig_bf_det_k8_l1_r8_c4_m4_w14g8_d64_s2_q2,det,migration_bruteforce,8,1,8,4,4,14,8,64,2,2,3.352000e+00,21699,18407,143,28,0,2561,2507,22,1,6.620000e+01,2.440000e+01,
mig_bf_det_k8_l1_r8_c4_m4_w16g0_d32_s2_q2,det,migration_bruteforce,8,1,8,4,4,16,0,32,2,2,3.352000e+00,20674,18386,143,23,0,2189,2399,9,1,5.870000e+01,2.390000e+01,
mig_bf_det_k8_l1_r8_c4_m4_w16g0_d64_s2_q2,det,migration_bruteforce,8,1,8,4,4,16,0,64,2,2,3.352000e+00,21125,19173,143,36,0,2561,2507,22,1,5.920000e+01,2.280000e+01,
mig_bf_det_k8_l1_r8_c4_m4_w16g4_d32_s2_q2,det,migration_bruteforce,8,1,8,4,4,16,4,32,2,2,3.352000e+00,21032,18578,143,23,0,2189,2399,9,1,6.260000e+01,2.870000e+01,
mig_bf_det_k8_l1_r8_c4_m4_w16g4_d64_s2_q2,det,migration_bruteforce,8,1,8,4,4,16,4,64,2,2,3.352000e+00,21483,19365,143,36,0,2561,2507,22,1,5.830000e+01,2.730000e+01,
mig_bf_det_k8_l1_r8_c4_m4_w16g8_d32_s2_q2,det,migration_bruteforce,8,1,8,4,4,16,8,32,2,2,3.352000e+00,21363,18901,143,23,0,2189,2399,9,1,6.640000e+01,2.380000e+01,
mig_bf_det_k8_l1_r8_c4_m4_w16g8_d64_s2_q2,det,migration_bruteforce,8,1,8,4,4,16,8,64,2,2,3.352000e+00,21814,19688,143,36,0,2561,2507,22,1,6.420000e+01,2.680000e+01,
mig_bf_det_k8_l4_r1_c4_m3_w8g0_d32_s2_q2,det,migration_bruteforce,8,4,1,4,3,8,0,32,2,2,3.392000e+00,28254,14011,30,14,0,2189,2399,14,1,6.260000e+01,2.520000e+01,
mig_bf_det_k8_l4_r1_c4_m3_w8g0_d64_s2_q2,det,migration_bruteforce,8,4,1,4,3,8,0,64,2,2,3.392000e+00,28825,14836,30,18,0,2561,2507,18,1,6.640000e+01,2.790000e+01,
mig_bf_det_k8_l4_r1_c4_m3_w8g4_d32_s2_q2,det,migration_bruteforce,8,4,1,4,3,8,4,32,2,2,3.392000e+00,29077,14718,30,14,0,2189,2399,14,1,6.480000e+01,3.220000e+01,
mig_bf_det_k8_l4_r1_c4_m3_w8g4_d64_s2_q2,det,migration_bruteforce,8,4,1,4,3,8,4,64,2,2,3.392000e+00,29648,15543,30,18,0,2561,2507,18,1,6.580000e+01,3.080000e+01,
mig_bf_det_k8_l4_r1_c4_m3_w8g8_d32_s2_q2,det,migration_bruteforce,8,4,1,4,3,8,8,32,2,2,3.392000e+00,30135,15574,30,14,0,2189,2399,14,1,6.790000e+01,2.920000e+01,
mig_bf_det_k8_l4_r1_c4_m3_w8g8_d64_s2_q2,det,migration_bruteforce,8,4,1,4,3,8,8,64,2,2,3.392000e+00,30706,16399,30,18,0,2561,2507,18,1,6.860000e+01,2.990000e+01,
mig_bf_det_k8_l4_r1_c4_m3_w10g0_d32_s2_q2,det,migration_bruteforce,8,4,1,4,3,10,0,32,2,2,3.392000e+00,29648,15666,38,19,0,2189,2399,19,1,6.330000e+01,2.620000e+01,
mig_bf_det_k8_l4_r1_c4_m3_w10g0_d64_s2_q2,det,migration_bruteforce,8,4,1,4,3,10,0,64,2,2,3.392000e+00,30245,16501,38,23,0,2561,2507,23,1,6.160000e+01,3.140000e+01,
mig_bf_det_k8_l4_r1_c4_m3_w10g4_d32_s2_q2,det,migration_bruteforce,8,4,1,4,3,10,4,32,2,2,3.392000e+00,30862,16542,38,19,0,2189,2399,19,1,6.860000e+01,2.940000e+01,
mig_bf_det_k8_l4_r1_c4_m3_w10g4_d64_s2_q2,det,migration_bruteforce,8,4,1,4,3,10,4,64,2,2,3.392000e+00,31459,17377,38,23,0,2561,2507,23,1,6.100000e+01,2.950000e+01,
mig_bf_det_k8_l4_r1_c4_m3_w10g8_d32_s2_q2,det,migration_bruteforce,8,4,1,4,3,10,8,32,2,2,3.392000e+00,31746,17299,38,19,0,2189,2399,19,1,6.690000e+01,2.920000e+01,
mig_bf_det_k8_l4_r1_c4_m3_w10g8_d64_s2_q2,det,migration_bruteforce,8,4,1,4,3,10,8,64,2,2,3.392000e+00,32343,18134,38,23,0,2561,2507,23,1,6.810000e+01,3.250000e+01,
mig_bf_det_k8_l4_r1_c4_m3_w12g0_d32_s2_q2,det,migration_bruteforce,8,4,1,4,3,12,0,32,2,2,3.392000e+00,29324,16682,66,19,0,2189,2399,19,1,6.690000e+01,2.440000e+01,
mig_bf_det_k8_l4_r1_c4_m3_w12g0_d64_s2_q2,det,migration_bruteforce,8,4,1,4,3,12,0,64,2,2,3.392000e+00,29937,17525,66,23,0,2561,2507,23,1,6.360000e+01,3.020000e+01,
mig_bf_det_k8_l4_r1_c4_m3_w12g4_d32_s2_q2,det,migration_bruteforce,8,4,1,4,3,12,4,32,2,2,3.392000e+00,30602,17558,66,19,0,2189,2399,19,1,6.580000e+01,2.960000e+01,
mig_bf_det_k8_l4_r1_c4_m3_w12g4_d64_s2_q2,det,migration_bruteforce,8,4,1,4,3,12,4,64,2,2,3.392000e+00,31215,18401,66,23,0,2561,2507,23,1,6.320000e+01,2.920000e+01,
mig_bf_det_k8_l4_r1_c4_m3_w12g8_d32_s2_q2,det,migration_bruteforce,8,4,1,4,3,12,8,32,2,2,3.392000e+00,31430,18315,66,19,0,2189,2399,19,1,7.520000e+01,2.400000e+01,
mig_bf_det_k8_l4_r1_c4_m3_w12g8_d64_s2_q2,det,migration_bruteforce,8,4,1,4,3,12,8,64,2,2,3.392000e+00,32043,19158,66,23,0,2561,2507,23,1,6.590000e+01,3.330000e+01,
mig_bf_det_k8_l4_r1_c4_m3_w14g0_d32_s2_q2,det,migration_bruteforce,8,4,1,4,3,14,0,32,2,2,3.392000e+00,30678,18404,66,24,0,2189,2399,24,1,6.740000e+01,2.910000e+01,
mig_bf_det_k8_l4_r1_c4_m3_w14g0_d64_s2_q2,det,migration_bruteforce,8,4,1,4,3,14,0,64,2,2,3.392000e+00,31323,19247,66,28,0,2561,2507,28,1,6.560000e+01,3.220000e+01,
mig_bf_det_k8_l4_r1_c4_m3_w14g4_d32_s2_q2,det,migration_bruteforce,8,4,1,4,3,14,4,32,2,2,3.392000e+00,31798,19181,66,24,0,2189,2399,24,1,6.810000e+01,2.820000e+01,
mig_bf_det_k8_l4_r1_c4_m3_w14g4_d64_s2_q2,det,migration_bruteforce,8,4,1,4,3,14,4,64,2,2,3.392000e+00,32443,20024,66,28,0,2561,2507,28,1,6.370000e+01,2.960000e+01,
mig_bf_det_k8_l4_r1_c4_m3_w14g8_d32_s2_q2,det,migration_bruteforce,8,4,1,4,3,14,8,32,2,2,3.392000e+00,32695,20037,66,24,0,2189,2399,24,1,7.150000e+01,2.610000e+01,
mig_bf_det_k8_l4_r1_c4_m3_w14g8_d64_s2_q2,det,migration_bruteforce,8,4,1,4,3,14,8,64,2,2,3.392000e+00,33340,20880,66,28,0,2561,2507,28,1,6.860000e+01,3.300000e+01,
mig_bf_det_k8_l4_r1_c4_m3_w16g0_d32_s2_q2,det,migration_bruteforce,8,4,1,4,3,16,0,32,2,2,3.392000e+00,31678,18981,66,56,0,2189,2399,24,1,5.930000e+01,3.070000e+01,
mig_bf_det_k8_l4_r1_c4_m3_w16g0_d64_s2_q2,det,migration_bruteforce,8,4,1,4,3,16,0,64,2,2,3.392000e+00,32093,19766,66,60,0,2561,2507,28,1,6.200000e+01,3.130000e+01,
mig_bf_det_k8_l4_r1_c4_m3_w16g4_d32_s2_q2,det,migration_bruteforce,8,4,1,4,3,16,4,32,2,2,3.392000e+00,32758,19686,66,56,0,2189,2399,24,1,6.790000e+01,2.890000e+01,
mig_bf_det_k8_l4_r1_c4_m3_w16g4_d64_s2_q2,det,migration_bruteforce,8,4,1,4,3,16,4,64,2,2,3.392000e+00,33173,20471,66,60,0,2561,2507,28,1,6.470000e+01,2.790000e+01,
mig_bf_det_k8_l4_r1_c4_m3_w16g8_d32_s2_q2,det,migration_bruteforce,8,4,1,4,3,16,8,32,2,2,3.392000e+00,33684,20906,66,56,0,2189,2399,24,1,7.060000e+01,2.530000e+01,
mig_bf_det_k8_l4_r1_c4_m3_w16g8_d64_s2_q2,det,migration_bruteforce,8,4,1,4,3,16,8,64,2,2,3.392000e+00,34099,21691,66,60,0,2561,2507,28,1,6.050000e+01,2.890000e+01,
mig_bf_det_k8_l4_r1_c4_m4_w8g0_d32_s2_q2,det,migration_bruteforce,8,4,1,4,4,8,0,32,2,2,3.352000e+00,28710,14384,26,14,0,2189,2399,14,1,6.930000e+01,2.970000e+01,
mig_bf_det_k8_l4_r1_c4_m4_w8g0_d64_s2_q2,det,migration_bruteforce,8,4,1,4,4,8,0,64,2,2,3.352000e+00,29281,15209,26,18,0,2561,2507,18,1,6.300000e+01,2.780000e+01,
mig_bf_det_k8_l4_r1_c4_m4_w8g4_d32_s2_q2,det,migration_bruteforce,8,4,1,4,4,8,4,32,2,2,3.352000e+00,29533,15091,26,14,0,2189,2399,14,1,6.710000e+01,2.720000e+01,
mig_bf_det_k8_l4_r1_c4_m4_w8g4_d64_s2_q2,det,migration_bruteforce,8,4,1,4,4,8,4,64,2,2,3.352000e+00,30104,15916,26,18,0,2561,2507,18,1,6.600000e+01,2.410000e+01,
mig_bf_det_k8_l4_r1_c4_m4_w8g8_d32_s2_q2,det,migration_bruteforce,8,4,1,4,4,8,8,32,2,2,3.352000e+00,30591,15947,26,14,0,2189,2399,14,1,7.280000e+01,2.390000e+01,
mig_bf_det_k8_l4_r1_c4_m4_w8g8_d64_s2_q2,det,migration_bruteforce,8,4,1,4,4,8,8,64,2,2,3.352000e+00,31162,16772,26,18,0,2561,2507,18,1,6.530000e+01,2.980000e+01,
mig_bf_det_k8_l4_r1_c4_m4_w10g0_d32_s2_q2,det,migration_bruteforce,8,4,1,4,4,10,0,32,2,2,3.352000e+00,29996,16073,38,19,0,2189,2399,19,1,6.780000e+01,3.000000e+01,
mig_bf_det_k8_l4_r1_c4_m4_w10g0_d64_s2_q2,det,migration_bruteforce,8,4,1,4,4,10,0,64,2,2,3.352000e+00,30593,16908,38,23,0,2561,2507,23,1,6.610000e+01,3.220000e+01,
mig_bf_det_k8_l4_r1_c4_m4_w10g4_d32_s2_q2,det,migration_bruteforce,8,4,1,4,4,10,4,32,2,2,3.352000e+00,31210,16949,38,19,0,2189,2399,19,1,6.740000e+01,2.240000e+01,
mig_bf_det_k8_l4_r1_c4_m4_w10g4_d64_s2_q2,det,migration_bruteforce,8,4,1,4,4,10,4,64,2,2,3.352000e+00,31807,17784,38,23,0,2561,2507,23,1,7.020000e+01,2.600000e+01,
mig_bf_det_k8_l4_r1_c4_m4_w10g8_d32_s2_q2,det,migration_bruteforce,8,4,1,4,4,10,8,32,2,2,3.352000e+00,32094,17706,38,19,0,2189,2399,19,1,7.320000e+01,2.570000e+01,
mig_bf_det_k8_l4_r1_c4_m4_w10g8_d64_s2_q2,det,migration_bruteforce,8,4,1,4,4,10,8,64,2,2,3.352000e+00,32691,18541,38,23,0,2561,2507,23,1,6.740000e+01,2.870000e+01,
mig_bf_det_k8_l4_r1_c4_m4_w12g0_d32_s2_q2,det,migration_bruteforce,8,4,1,4,4,12,0,32,2,2,3.352000e+00,29428,17181,70,19,0,2189,2399,19,1,6.140000e+01,3.250000e+01,
mig_bf_det_k8_l4_r1_c4_m4_w12g0_d64_s2_q2,det,migration_bruteforce,8,4,1,4,4,12,0,64,2,2,3.352000e+00,30041,18024,70,23,0,2561,2507,23,1,6.110000e+01,2.980000e+01,
mig_bf_det_k8_l4_r1_c4_m4_w12g4_d32_s2_q2,det,migration_bruteforce,8,4,1,4,4,12,4,32,2,2,3.352000e+00,30706,18057,70,19,0,2189,2399,19,1,6.880000e+01,2.610000e+01,
mig_bf_det_k8_l4_r1_c4_m4_w12g4_d64_s2_q2,det,migration_bruteforce,8,4,1,4,4,12,4,64,2,2,3.352000e+00,31319,18900,70,23,0,2561,2507,23,1,6.660000e+01,2.900000e+01,
mig_bf_det_k8_l4_r1_c4_m4_w12g8_d32_s2_q2,det,migration_bruteforce,8,4,1,4,4,12,8,32,2,2,3.352000e+00,31534,18814,70,19,0,2189,2399,19,1,7.480000e+01,2.770000e+01,
mig_bf_det_k8_l4_r1_c4_m4_w12g8_d64_s2_q2,det,migration_bruteforce,8,4,1,4,4,12,8,64,2,2,3.352000e+00,32147,19657,70,23,0,2561,2507,23,1,6.580000e+01,3.330000e+01,
mig_bf_det_k8_l4_r1_c4_m4_w14g0_d32_s2_q2,det,migration_bruteforce,8,4,1,4,4,14,0,32,2,2,3.352000e+00,30766,18913,70,24,0,2189,2399,24,1,6.590000e+01,3.170000e+01,
mig_bf_det_k8_l4_r1_c4_m4_w14g0_d64_s2_q2,det,migration_bruteforce,8,4,1,4,4,14,0,64,2,2,3.352000e+00,31411,19756,70,28,0,2561,2507,28,1,6.890000e+01,3.210000e+01,
mig_bf_det_k8_l4_r1_c4_m4_w14g4_d32_s2_q2,det,migration_bruteforce,8,4,1,4,4,14,4,32,2,2,3.352000e+00,31886,19690,70,24,0,2189,2399,24,1,7.340000e+01,2.600000e+01,
mig_bf_det_k8_l4_r1_c4_m4_w14g4_d64_s2_q2,det,migration_bruteforce,8,4,1,4,4,14,4,64,2,2,3.352000e+00,32531,20533,70,28,0,2561,2507,28,1,6.270000e+01,2.840000e+01,
mig_bf_det_k8_l4_r1_c4_m4_w14g8_d32_s2_q2,det,migration_bruteforce,8,4,1,4,4,14,8,32,2,2,3.352000e+00,32783,20546,70,24,0,2189,2399,24,1,6.780000e+01,2.600000e+01,
mig_bf_det_k8_l4_r1_c4_m4_w14g8_d64_s2_q2,det,migration_bruteforce,8,4,1,4,4,14,8,64,2,2,3.352000e+00,33428,21389,70,28,0,2561,2507,28,1,6.040000e+01,3.400000e+01,
mig_bf_det_k8_l4_r1_c4_m4_w16g0_d32_s2_q2,det,migration_bruteforce,8,4,1,4,4,16,0,32,2,2,3.352000e+00,31654,19300,70,56,0,2189,2399,24,1,5.540000e+01,3.110000e+01,
mig_bf_det_k8_l4_r1_c4_m4_w16g0_d64_s2_q2,det,migration_bruteforce,8,4,1,4,4,16,0,64,2,2,3.352000e+00,32069,20085,70,60,0,2561,2507,28,1,6.220000e+01,3.270000e+01,
mig_bf_det_k8_l4_r1_c4_m4_w16g4_d32_s2_q2,det,migration_bruteforce,8,4,1,4,4,16,4,32,2,2,3.352000e+00,32734,20005,70,56,0,2189,2399,24,1,6.970000e+01,2.720000e+01,
mig_bf_det_k8_l4_r1_c4_m4_w16g4_d64_s2_q2,det,migration_bruteforce,8,4,1,4,4,16,4,64,2,2,3.352000e+00,33149,20790,70,60,0,2561,2507,28,1,6.280000e+01,3.080000e+01,
mig_bf_det_k8_l4_r1_c4_m4_w16g8_d32_s2_q2,det,migration_bruteforce,8,4,1,4,4,16,8,32,2,2,3.352000e+00,33660,21225,70,56,0,2189,2399,24,1,7.130000e+01,2.310000e+01,
mig_bf_det_k8_l4_r1_c4_m4_w16g8_d64_s2_q2,det,migration_bruteforce,8,4,1,4,4,16,8,64,2,2,3.352000e+00,34075,22010,70,60,0,2561,2507,28,1,5.940000e+01,3.600000e+01,
mig_bf_det_k8_l4_r4_c4_m3_w8g0_d32_s2_q2,det,migration_bruteforce,8,4,4,4,3,8,0,32,2,2,3.392000e+00,29507,14812,63,14,0,2189,2399,14,1,6.510000e+01,3.310000e+01,
mig_bf_det_k8_l4_r4_c4_m3_w8g0_d64_s2_q2,det,migration_bruteforce,8,4,4,4,3,8,0,64,2,2,3.392000e+00,30078,15637,63,18,0,2561,2507,18,1,6.950000e+01,3.380000e+01,
mig_bf_det_k8_l4_r4_c4_m3_w8g4_d32_s2_q2,det,migration_bruteforce,8,4,4,4,3,8,4,32,2,2,3.392000e+00,30330,15519,63,14,0,2189,2399,14,1,7.510000e+01,2.370000e+01,
mig_bf_det_k8_l4_r4_c4_m3_w8g4_d64_s2_q2,det,migration_bruteforce,8,4,4,4,3,8,4,64,2,2,3.392000e+00,30901,16344,63,18,0,2561,2507,18,1,6.360000e+01,3.300000e+01,
mig_bf_det_k8_l4_r4_c4_m3_w8g8_d32_s2_q2,det,migration_bruteforce,8,4,4,4,3,8,8,32,2,2,3.392000e+00,31388,16375,63,14,0,2189,2399,14,1,7.670000e+01,2.570000e+01,
mig_bf_det_k8_l4_r4_c4_m3_w8g8_d64_s2_q2,det,migration_bruteforce,8,4,4,4,3,8,8,64,2,2,3.392000e+00,31959,17200,63,18,0,2561,2507,18,1,5.700000e+01,3.690000e+01,
mig_bf_det_k8_l4_r4_c4_m3_w10g0_d32_s2_q2,det,migration_bruteforce,8,4,4,4,3,10,0,32,2,2,3.392000e+00,31021,16759,71,19,0,2189,2399,19,1,6.290000e+01,3.520000e+01,
mig_bf_det_k8_l4_r4_c4_m3_w10g0_d64_s2_q2,det,migration_bruteforce,8,4,4,4,3,10,0,64,2,2,3.392000e+00,31618,17594,71,23,0,2561,2507,23,1,6.780000e+01,3.270000e+01,
mig_bf_det_k8_l4_r4_c4_m3_w10g4_d32_s2_q2,det,migration_bruteforce,8,4,4,4,3,10,4,32,2,2,3.392000e+00,32235,17635,71,19,0,2189,2399,19,1,7.540000e+01,2.570000e+01,
mig_bf_det_k8_l4_r4_c4_m3_w10g4_d64_s2_q2,det,migration_bruteforce,8,4,4,4,3,10,4,64,2,2,3.392000e+00,32832,18470,71,23,0,2561,2507,23,1,7.320000e+01,2.940000e+01,
mig_bf_det_k8_l4_r4_c4_m3_w10g8_d32_s2_q2,det,migration_bruteforce,8,4,4,4,3,10,8,32,2,2,3.392000e+00,33119,18392,71,19,0,2189,2399,19,1,7.290000e+01,2.520000e+01,
mig_bf_det_k8_l4_r4_c4_m3_w10g8_d64_s2_q2,det,migration_bruteforce,8,4,4,4,3,10,8,64,2,2,3.392000e+00,33716,19227,71,23,0,2561,2507,23,1,6.940000e+01,3.450000e+01,
mig_bf_det_k8_l4_r4_c4_m3_w12g0_d32_s2_q2,det,migration_bruteforce,8,4,4,4,3,12,0,32,2,2,3.392000e+00,30817,18149,99,19,0,2189,2399,19,1,6.620000e+01,3.350000e+01,
mig_bf_det_k8_l4_r4_c4_m3_w12g0_d64_s2_q2,det,migration_bruteforce,8,4,4,4,3,12,0,64,2,2,3.392000e+00,31430,18992,99,23,0,2561,2507,23,1,6.270000e+01,3.640000e+01,
mig_bf_det_k8_l4_r4_c4_m3_w12g4_d32_s2_q2,det,migration_bruteforce,8,4,4,4,3,12,4,32,2,2,3.392000e+00,32095,19025,99,19,0,2189,2399,19,1,7.360000e+01,2.600000e+01,
mig_bf_det_k8_l4_r4_c4_m3_w12g4_d64_s2_q2,det,migration_bruteforce,8,4,4,4,3,12,4,64,2,2,3.392000e+00,32708,19868,99,23,0,2561,2507,23,1,8.090000e+01,2.460000e+01,
mig_bf_det_k8_l4_r4_c4_m3_w12g8_d32_s2_q2,det,migration_bruteforce,8,4,4,4,3,12,8,32,2,2,3.392000e+00,32923,19782,99,19,0,2189,2399,19,1,7.750000e+01,2.430000e+01,
mig_bf_det_k8_l4_r4_c4_m3_w12g8_d64_s2_q2,det,migration_bruteforce,8,4,4,4,3,12,8,64,2,2,3.392000e+00,33536,20625,99,23,0,2561,2507,23,1,6.360000e+01,3.400000e+01,
mig_bf_det_k8_l4_r4_c4_m3_w14g0_d32_s2_q2,det,migration_bruteforce,8,4,4,4,3,14,0,32,2,2,3.392000e+00,32315,20155,99,24,0,2189,2399,24,1,6.400000e+01,3.610000e+01,
mig_bf_det_k8_l4_r4_c4_m3_w14g0_d64_s2_q2,det,migration_bruteforce,8,4,4,4,3,14,0,64,2,2,3.392000e+00,32960,20998,99,28,0,2561,2507,28,1,6.330000e+01,3.150000e+01,
mig_bf_det_k8_l4_r4_c4_m3_w14g4_d32_s2_q2,det,migration_bruteforce,8,4,4,4,3,14,4,32,2,2,3.392000e+00,33435,20932,99,24,0,2189,2399,24,1,7.520000e+01,2.590000e+01,
mig_bf_det_k8_l4_r4_c4_m3_w14g4_d64_s2_q2,det,migration_bruteforce,8,4,4,4,3,14,4,64,2,2,3.392000e+00,34080,21775,99,28,0,2561,2507,28,1,7.610000e+01,2.550000e+01,
mig_bf_det_k8_l4_r4_c4_m3_w14g8_d32_s2_q2,det,migration_bruteforce,8,4,4,4,3,14,8,32,2,2,3.392000e+00,34332,21788,99,24,0,2189,2399,24,1,7.270000e+01,2.670000e+01,
mig_bf_det_k8_l4_r4_c4_m3_w14g8_d64_s2_q2,det,migration_bruteforce,8,4,4,4,3,14,8,64,2,2,3.392000e+00,34977,22631,99,28,0,2561,2507,28,1,6.410000e+01,3.250000e+01,
mig_bf_det_k8_l4_r4_c4_m3_w16g0_d32_s2_q2,det,migration_bruteforce,8,4,4,4,3,16,0,32,2,2,3.392000e+00,33459,21026,99,56,0,2189,2399,24,1,6.240000e+01,3.640000e+01,
mig_bf_det_k8_l4_r4_c4_m3_w16g0_d64_s2_q2,det,migration_bruteforce,8,4,4,4,3,16,0,64,2,2,3.392000e+00,33874,21811,99,60,0,2561,2507,28,1,6.870000e+01,3.300000e+01,
mig_bf_det_k8_l4_r4_c4_m3_w16g4_d32_s2_q2,det,migration_bruteforce,8,4,4,4,3,16,4,32,2,2,3.392000e+00,34539,21731,99,56,0,2189,2399,24,1,6.890000e+01,2.600000e+01,
mig_bf_det_k8_l4_r4_c4_m3_w16g4_d64_s2_q2,det,migration_bruteforce,8,4,4,4,3,16,4,64,2,2,3.392000e+00,34954,22516,99,60,0,2561,2507,28,1,7.180000e+01,2.880000e+01,
mig_bf_det_k8_l4_r4_c4_m3_w16g8_d32_s2_q2,det,migration_bruteforce,8,4,4,4,3,16,8,32,2,2,3.392000e+00,35465,22951,99,56,0,2189,2399,24,1,7.290000e+01,2.630000e+01,
mig_bf_det_k8_l4_r4_c4_m3_w16g8_d64_s2_q2,det,migration_bruteforce,8,4,4,4,3,16,8,64,2,2,3.392000e+00,35880,23736,99,60,0,2561,2507,28,1,6.570000e+01,3.470000e+01,
mig_bf_det_k8_l4_r4_c4_m4_w8g0_d32_s2_q2,det,migration_bruteforce,8,4,4,4,4,8,0,32,2,2,3.352000e+00,30787,15537,47,14,0,2189,2399,14,1,6.450000e+01,3.070000e+01,
mig_bf_det_k8_l4_r4_c4_m4_w8g0_d64_s2_q2,det,migration_bruteforce,8,4,4,4,4,8,0,64,2,2,3.352000e+00,31358,16362,47,18,0,2561,2507,18,1,7.070000e+01,3.140000e+01,
mig_bf_det_k8_l4_r4_c4_m4_w8g4_d32_s2_q2,det,migration_bruteforce,8,4,4,4,4,8,4,32,2,2,3.352000e+00,31610,16244,47,14,0,2189,2399,14,1,7.450000e+01,2.560000e+01,
mig_bf_det_k8_l4_r4_c4_m4_w8g4_d64_s2_q2,det,migration_bruteforce,8,4,4,4,4,8,4,64,2,2,3.352000e+00,32181,17069,47,18,0,2561,2507,18,1,7.070000e+01,2.480000e+01,
mig_bf_det_k8_l4_r4_c4_m4_w8g8_d32_s2_q2,det,migration_bruteforce,8,4,4,4,4,8,8,32,2,2,3.352000e+00,32668,17100,47,14,0,2189,2399,14,1,7.260000e+01,2.330000e+01,
mig_bf_det_k8_l4_r4_c4_m4_w8g8_d64_s2_q2,det,migration_bruteforce,8,4,4,4,4,8,8,64,2,2,3.352000e+00,33239,17925,47,18,0,2561,2507,18,1,6.680000e+01,2.990000e+01,
mig_bf_det_k8_l4_r4_c4_m4_w10g0_d32_s2_q2,det,migration_bruteforce,8,4,4,4,4,10,0,32,2,2,3.352000e+00,31869,17556,71,19,0,2189,2399,19,1,6.410000e+01,3.230000e+01,
mig_bf_det_k8_l4_r4_c4_m4_w10g0_d64_s2_q2,det,migration_bruteforce,8,4,4,4,4,10,0,64,2,2,3.352000e+00,32466,18391,71,23,0,2561,2507,23,1,6.650000e+01,2.790000e+01,
mig_bf_det_k8_l4_r4_c4_m4_w10g4_d32_s2_q2,det,migration_bruteforce,8,4,4,4,4,10,4,32,2,2,3.352000e+00,33083,18432,71,19,0,2189,2399,19,1,7.350000e+01,2.560000e+01,
mig_bf_det_k8_l4_r4_c4_m4_w10g4_d64_s2_q2,det,migration_bruteforce,8,4,4,4,4,10,4,64,2,2,3.352000e+00,33680,19267,71,23,0,2561,2507,23,1,7.770000e+01,2.610000e+01,
mig_bf_det_k8_l4_r4_c4_m4_w10g8_d32_s2_q2,det,migration_bruteforce,8,4,4,4,4,10,8,32,2,2,3.352000e+00,33967,19189,71,19,0,2189,2399,19,1,7.750000e+01,2.380000e+01,
mig_bf_det_k8_l4_r4_c4_m4_w10g8_d64_s2_q2,det,migration_bruteforce,8,4,4,4,4,10,8,64,2,2,3.352000e+00,34564,20024,71,23,0,2561,2507,23,1,6.820000e+01,3.280000e+01,
mig_bf_det_k8_l4_r4_c4_m4_w12g0_d32_s2_q2,det,migration_bruteforce,8,4,4,4,4,12,0,32,2,2,3.352000e+00,30689,19018,115,19,0,2189,2399,19,1,6.310000e+01,3.240000e+01,
mig_bf_det_k8_l4_r4_c4_m4_w12g0_d64_s2_q2,det,migration_bruteforce,8,4,4,4,4,12,0,64,2,2,3.352000e+00,31302,19861,115,23,0,2561,2507,23,1,6.500000e+01,3.290000e+01,
mig_bf_det_k8_l4_r4_c4_m4_w12g4_d32_s2_q2,det,migration_bruteforce,8,4,4,4,4,12,4,32,2,2,3.352000e+00,31967,19894,115,19,0,2189,2399,19,1,7.170000e+01,2.590000e+01,
mig_bf_det_k8_l4_r4_c4_m4_w12g4_d64_s2_q2,det,migration_bruteforce,8,4,4,4,4,12,4,64,2,2,3.352000e+00,32580,20737,115,23,0,2561,2507,23,1,7.460000e+01,2.760000e+01,
mig_bf_det_k8_l4_r4_c4_m4_w12g8_d32_s2_q2,det,migration_bruteforce,8,4,4,4,4,12,8,32,2,2,3.352000e+00,32795,20651,115,19,0,2189,2399,19,1,7.870000e+01,2.470000e+01,
mig_bf_det_k8_l4_r4_c4_m4_w12g8_d64_s2_q2,det,migration_bruteforce,8,4,4,4,4,12,8,64,2,2,3.352000e+00,33408,21494,115,23,0,2561,2507,23,1,6.780000e+01,3.260000e+01,
mig_bf_det_k8_l4_r4_c4_m4_w14g0_d32_s2_q2,det,migration_bruteforce,8,4,4,4,4,14,0,32,2,2,3.352000e+00,31899,20723,115,24,0,2189,2399,24,1,6.990000e+01,3.250000e+01,
mig_bf_det_k8_l4_r4_c4_m4_w14g0_d64_s2_q2,det,migration_bruteforce,8,4,4,4,4,14,0,64,2,2,3.352000e+00,32544,21566,115,28,0,2561,2507,28,1,6.750000e+01,3.170000e+01,
mig_bf_det_k8_l4_r4_c4_m4_w14g4_d32_s2_q2,det,migration_bruteforce,8,4,4,4,4,14,4,32,2,2,3.352000e+00,33019,21500,115,24,0,2189,2399,24,1,6.950000e+01,2.970000e+01,
mig_bf_det_k8_l4_r4_c4_m4_w14g4_d64_s2_q2,det,migration_bruteforce,8,4,4,4,4,14,4,64,2,2,3.352000e+00,33664,22343,115,28,0,2561,2507,28,1,7.500000e+01,2.830000e+01,
mig_bf_det_k8_l4_r4_c4_m4_w14g8_d32_s2_q2,det,migration_bruteforce,8,4,4,4,4,14,8,32,2,2,3.352000e+00,33916,22356,115,24,0,2189,2399,24,1,7.340000e+01,2.490000e+01,
mig_bf_det_k8_l4_r4_c4_m4_w14g8_d64_s2_q2,det,migration_bruteforce,8,4,4,4,4,14,8,64,2,2,3.352000e+00,34561,23199,115,28,0,2561,2507,28,1,6.420000e+01,3.280000e+01,
mig_bf_det_k8_l4_r4_c4_m4_w16g0_d32_s2_q2,det,migration_bruteforce,8,4,4,4,4,16,0,32,2,2,3.352000e+00,33075,21900,115,56,0,2189,2399,24,1,6.680000e+01,3.280000e+01,
mig_bf_det_k8_l4_r4_c4_m4_w16g0_d64_s2_q2,det,migration_bruteforce,8,4,4,4,4,16,0,64,2,2,3.352000e+00,33490,22685,115,60,0,2561,2507,28,1,7.170000e+01,3.120000e+01,
mig_bf_det_k8_l4_r4_c4_m4_w16g4_d32_s2_q2,det,migration_bruteforce,8,4,4,4,4,16,4,32,2,2,3.352000e+00,34155,22605,115,56,0,2189,2399,24,1,6.850000e+01,2.930000e+01,
mig_bf_det_k8_l4_r4_c4_m4_w16g4_d64_s2_q2,det,migration_bruteforce,8,4,4,4,4,16,4,64,2,2,3.352000e+00,34570,23390,115,60,0,2561,2507,28,1,7.030000e+01,2.870000e+01,
mig_bf_det_k8_l4_r4_c4_m4_w16g8_d32_s2_q2,det,migration_bruteforce,8,4,4,4,4,16,8,32,2,2,3.352000e+00,35081,23825,115,56,0,2189,2399,24,1,7.790000e+01,2.410000e+01,
mig_bf_det_k8_l4_r4_c4_m4_w16g8_d64_s2_q2,det,migration_bruteforce,8,4,4,4,4,16,8,64,2,2,3.352000e+00,35496,24610,115,60,0,2561,2507,28,1,7.100000e+01,3.390000e+01,
mig_bf_det_k8_l4_r8_c4_m3_w8g0_d32_s2_q2,det,migration_bruteforce,8,4,8,4,3,8,0,32,2,2,3.392000e+00,32006,16708,111,14,0,2189,2399,14,1,7.450000e+01,2.990000e+01,
mig_bf_det_k8_l4_r8_c4_m3_w8g0_d64_s2_q2,det,migration_bruteforce,8,4,8,4,3,8,0,64,2,2,3.392000e+00,32577,17533,111,18,0,2561,2507,18,1,6.930000e+01,3.240000e+01,
mig_bf_det_k8_l4_r8_c4_m3_w8g4_d32_s2_q2,det,migration_bruteforce,8,4,8,4,3,8,4,32,2,2,3.392000e+00,32829,17415,111,14,0,2189,2399,14,1,7.580000e+01,3.080000e+01,
mig_bf_det_k8_l4_r8_c4_m3_w8g4_d64_s2_q2,det,migration_bruteforce,8,4,8,4,3,8,4,64,2,2,3.392000e+00,33400,18240,111,18,0,2561,2507,18,1,7.590000e+01,3.060000e+01,
mig_bf_det_k8_l4_r8_c4_m3_w8g8_d32_s2_q2,det,migration_bruteforce,8,4,8,4,3,8,8,32,2,2,3.392000e+00,33887,18271,111,14,0,2189,2399,14,1,8.230000e+01,2.500000e+01,
mig_bf_det_k8_l4_r8_c4_m3_w8g8_d64_s2_q2,det,migration_bruteforce,8,4,8,4,3,8,8,64,2,2,3.392000e+00,34458,19096,111,18,0,2561,2507,18,1,6.900000e+01,3.250000e+01,
mig_bf_det_k8_l4_r8_c4_m3_w10g0_d32_s2_q2,det,migration_bruteforce,8,4,8,4,3,10,0,32,2,2,3.392000e+00,33712,19071,119,19,0,2189,2399,19,1,7.090000e+01,3.160000e+01,
mig_bf_det_k8_l4_r8_c4_m3_w10g0_d64_s2_q2,det,migration_bruteforce,8,4,8,4,3,10,0,64,2,2,3.392000e+00,34309,19906,119,23,0,2561,2507,23,1,7.190000e+01,3.320000e+01,
mig_bf_det_k8_l4_r8_c4_m3_w10g4_d32_s2_q2,det,migration_bruteforce,8,4,8,4,3,10,4,32,2,2,3.392000e+00,34926,19947,119,19,0,2189,2399,19,1,7.730000e+01,3.220000e+01,
mig_bf_det_k8_l4_r8_c4_m3_w10g4_d64_s2_q2,det,migration_bruteforce,8,4,8,4,3,10,4,64,2,2,3.392000e+00,35523,20782,119,23,0,2561,2507,23,1,8.070000e+01,3.100000e+01,
mig_bf_det_k8_l4_r8_c4_m3_w10g8_d32_s2_q2,det,migration_bruteforce,8,4,8,4,3,10,8,32,2,2,3.392000e+00,35810,20704,119,19,0,2189,2399,19,1,8.010000e+01,2.570000e+01,
mig_bf_det_k8_l4_r8_c4_m3_w10g8_d64_s2_q2,det,migration_bruteforce,8,4,8,4,3,10,8,64,2,2,3.392000e+00,36407,21539,119,23,0,2561,2507,23,1,7.580000e+01,3.330000e+01,
mig_bf_det_k8_l4_r8_c4_m3_w12g0_d32_s2_q2,det,migration_bruteforce,8,4,8,4,3,12,0,32,2,2,3.392000e+00,33700,20877,147,19,0,2189,2399,19,1,7.610000e+01,3.260000e+01,
mig_bf_det_k8_l4_r8_c4_m3_w12g0_d64_s2_q2,det,migration_bruteforce,8,4,8,4,3,12,0,64,2,2,3.392000e+00,34313,21720,147,23,0,2561,2507,23,1,7.280000e+01,3.530000e+01,
mig_bf_det_k8_l4_r8_c4_m3_w12g4_d32_s2_q2,det,migration_bruteforce,8,4,8,4,3,12,4,32,2,2,3.392000e+00,34978,21753,147,19,0,2189,2399,19,1,7.840000e+01,2.970000e+01,
mig_bf_det_k8_l4_r8_c4_m3_w12g4_d64_s2_q2,det,migration_bruteforce,8,4,8,4,3,12,4,64,2,2,3.392000e+00,35591,22596,147,23,0,2561,2507,23,1,7.520000e+01,2.910000e+01,
mig_bf_det_k8_l4_r8_c4_m3_w12g8_d32_s2_q2,det,migration_bruteforce,8,4,8,4,3,12,8,32,2,2,3.392000e+00,35806,22510,147,19,0,2189,2399,19,1,8.080000e+01,2.610000e+01,
mig_bf_det_k8_l4_r8_c4_m3_w12g8_d64_s2_q2,det,migration_bruteforce,8,4,8,4,3,12,8,64,2,2,3.392000e+00,36419,23353,147,23,0,2561,2507,23,1,7.560000e+01,3.410000e+01,
mig_bf_det_k8_l4_r8_c4_m3_w14g0_d32_s2_q2,det,migration_bruteforce,8,4,8,4,3,14,0,32,2,2,3.392000e+00,35390,23307,147,24,0,2189,2399,24,1,7.340000e+01,3.380000e+01,
mig_bf_det_k8_l4_r8_c4_m3_w14g0_d64_s2_q2,det,migration_bruteforce,8,4,8,4,3,14,0,64,2,2,3.392000e+00,36035,24150,147,28,0,2561,2507,28,1,7.270000e+01,3.250000e+01,
mig_bf_det_k8_l4_r8_c4_m3_w14g4_d32_s2_q2,det,migration_bruteforce,8,4,8,4,3,14,4,32,2,2,3.392000e+00,36510,24084,147,24,0,2189,2399,24,1,8.240000e+01,2.720000e+01,
mig_bf_det_k8_l4_r8_c4_m3_w14g4_d64_s2_q2,det,migration_bruteforce,8,4,8,4,3,14,4,64,2,2,3.392000e+00,37155,24927,147,28,0,2561,2507,28,1,7.490000e+01,3.060000e+01,
mig_bf_det_k8_l4_r8_c4_m3_w14g8_d32_s2_q2,det,migration_bruteforce,8,4,8,4,3,14,8,32,2,2,3.392000e+00,37407,24940,147,24,0,2189,2399,24,1,8.000000e+01,2.610000e+01,
mig_bf_det_k8_l4_r8_c4_m3_w14g8_d64_s2_q2,det,migration_bruteforce,8,4,8,4,3,14,8,64,2,2,3.392000e+00,38052,25783,147,28,0,2561,2507,28,1,7.160000e+01,3.400000e+01,
mig_bf_det_k8_l4_r8_c4_m3_w16g0_d32_s2_q2,det,migration_bruteforce,8,4,8,4,3,16,0,32,2,2,3.392000e+00,36726,24586,147,56,0,2189,2399,24,1,7.410000e+01,3.410000e+01,
mig_bf_det_k8_l4_r8_c4_m3_w16g0_d64_s2_q2,det,migration_bruteforce,8,4,8,4,3,16,0,64,2,2,3.392000e+00,37141,25371,147,60,0,2561,2507,28,1,6.880000e+01,3.310000e+01,
mig_bf_det_k8_l4_r8_c4_m3_w16g4_d32_s2_q2,det,migration_bruteforce,8,4,8,4,3,16,4,32,2,2,3.392000e+00,37806,25291,147,56,0,2189,2399,24,1,7.200000e+01,2.900000e+01,
mig_bf_det_k8_l4_r8_c4_m3_w16g4_d64_s2_q2,det,migration_bruteforce,8,4,8,4,3,16,4,64,2,2,3.392000e+00,38221,26076,147,60,0,2561,2507,28,1,7.550000e+01,2.990000e+01,
mig_bf_det_k8_l4_r8_c4_m3_w16g8_d32_s2_q2,det,migration_bruteforce,8,4,8,4,3,16,8,32,2,2,3.392000e+00,38732,26511,147,56,0,2189,2399,24,1,8.110000e+01,2.510000e+01,
mig_bf_det_k8_l4_r8_c4_m3_w16g8_d64_s2_q2,det,migration_bruteforce,8,4,8,4,3,16,8,64,2,2,3.392000e+00,39147,27296,147,60,0,2561,2507,28,1,7.330000e+01,3.420000e+01,
mig_bf_det_k8_l4_r8_c4_m4_w8g0_d32_s2_q2,det,migration_bruteforce,8,4,8,4,4,8,0,32,2,2,3.352000e+00,34534,18166,79,14,0,2189,2399,14,1,7.700000e+01,2.780000e+01,
mig_bf_det_k8_l4_r8_c4_m4_w8g0_d64_s2_q2,det,migration_bruteforce,8,4,8,4,4,8,0,64,2,2,3.352000e+00,35105,18991,79,18,0,2561,2507,18,1,7.290000e+01,3.430000e+01,
mig_bf_det_k8_l4_r8_c4_m4_w8g4_d32_s2_q2,det,migration_bruteforce,8,4,8,4,4,8,4,32,2,2,3.352000e+00,35357,18873,79,14,0,2189,2399,14,1,8.040000e+01,2.630000e+01,
mig_bf_det_k8_l4_r8_c4_m4_w8g4_d64_s2_q2,det,migration_bruteforce,8,4,8,4,4,8,4,64,2,2,3.352000e+00,35928,19698,79,18,0,2561,2507,18,1,7.240000e+01,2.660000e+01,
mig_bf_det_k8_l4_r8_c4_m4_w8g8_d32_s2_q2,det,migration_bruteforce,8,4,8,4,4,8,8,32,2,2,3.352000e+00,36415,19729,79,14,0,2189,2399,14,1,8.220000e+01,2.430000e+01,
mig_bf_det_k8_l4_r8_c4_m4_w8g8_d64_s2_q2,det,migration_bruteforce,8,4,8,4,4,8,8,64,2,2,3.352000e+00,36986,20554,79,18,0,2561,2507,18,1,7.080000e+01,3.340000e+01,
mig_bf_det_k8_l4_r8_c4_m4_w10g0_d32_s2_q2,det,migration_bruteforce,8,4,8,4,4,10,0,32,2,2,3.352000e+00,35376,20689,119,19,0,2189,2399,19,1,6.830000e+01,3.160000e+01,
mig_bf_det_k8_l4_r8_c4_m4_w10g0_d64_s2_q2,det,migration_bruteforce,8,4,8,4,4,10,0,64,2,2,3.352000e+00,35973,21524,119,23,0,2561,2507,23,1,7.520000e+01,3.370000e+01,
mig_bf_det_k8_l4_r8_c4_m4_w10g4_d32_s2_q2,det,migration_bruteforce,8,4,8,4,4,10,4,32,2,2,3.352000e+00,36590,21565,119,19,0,2189,2399,19,1,8.190000e+01,2.440000e+01,
mig_bf_det_k8_l4_r8_c4_m4_w10g4_d64_s2_q2,det,migration_bruteforce,8,4,8,4,4,10,4,64,2,2,3.352000e+00,37187,22400,119,23,0,2561,2507,23,1,7.680000e+01,2.660000e+01,
mig_bf_det_k8_l4_r8_c4_m4_w10g8_d32_s2_q2,det,migration_bruteforce,8,4,8,4,4,10,8,32,2,2,3.352000e+00,37474,22322,119,19,0,2189,2399,19,1,8.040000e+01,2.450000e+01,
mig_bf_det_k8_l4_r8_c4_m4_w10g8_d64_s2_q2,det,migration_bruteforce,8,4,8,4,4,10,8,64,2,2,3.352000e+00,38071,23157,119,23,0,2561,2507,23,1,7.250000e+01,3.360000e+01,
mig_bf_det_k8_l4_r8_c4_m4_w12g0_d32_s2_q2,det,migration_bruteforce,8,4,8,4,4,12,0,32,2,2,3.352000e+00,33412,22655,179,19,0,2189,2399,19,1,7.180000e+01,3.380000e+01,
mig_bf_det_k8_l4_r8_c4_m4_w12g0_d64_s2_q2,det,migration_bruteforce,8,4,8,4,4,12,0,64,2,2,3.352000e+00,34025,23498,179,23,0,2561,2507,23,1,7.340000e+01,3.250000e+01,
mig_bf_det_k8_l4_r8_c4_m4_w12g4_d32_s2_q2,det,migration_bruteforce,8,4,8,4,4,12,4,32,2,2,3.352000e+00,34690,23531,179,19,0,2189,2399,19,1,7.330000e+01,2.710000e+01,
mig_bf_det_k8_l4_r8_c4_m4_w12g4_d64_s2_q2,det,migration_bruteforce,8,4,8,4,4,12,4,64,2,2,3.352000e+00,35303,24374,179,23,0,2561,2507,23,1,7.240000e+01,2.940000e+01,
mig_bf_det_k8_l4_r8_c4_m4_w12g8_d32_s2_q2,det,migration_bruteforce,8,4,8,4,4,12,8,32,2,2,3.352000e+00,35518,24288,179,19,0,2189,2399,19,1,8.080000e+01,2.510000e+01,
mig_bf_det_k8_l4_r8_c4_m4_w12g8_d64_s2_q2,det,migration_bruteforce,8,4,8,4,4,12,8,64,2,2,3.352000e+00,36131,25131,179,23,0,2561,2507,23,1,7.680000e+01,3.470000e+01,
mig_bf_det_k8_l4_r8_c4_m4_w14g0_d32_s2_q2,det,migration_bruteforce,8,4,8,4,4,14,0,32,2,2,3.352000e+00,34558,24491,179,24,0,2189,2399,24,1,6.720000e+01,3.380000e+01,
mig_bf_det_k8_l4_r8_c4_m4_w14g0_d64_s2_q2,det,migration_bruteforce,8,4,8,4,4,14,0,64,2,2,3.352000e+00,35203,25334,179,28,0,2561,2507,28,1,7.270000e+01,3.370000e+01,
mig_bf_det_k8_l4_r8_c4_m4_w14g4_d32_s2_q2,det,migration_bruteforce,8,4,8,4,4,14,4,32,2,2,3.352000e+00,35678,25268,179,24,0,2189,2399,24,1,7.130000e+01,3.320000e+01,
mig_bf_det_k8_l4_r8_c4_m4_w14g4_d64_s2_q2,det,migration_bruteforce,8,4,8,4,4,14,4,64,2,2,3.352000e+00,36323,26111,179,28,0,2561,2507,28,1,7.460000e+01,2.810000e+01,
mig_bf_det_k8_l4_r8_c4_m4_w14g8_d32_s2_q2,det,migration_bruteforce,8,4,8,4,4,14,8,32,2,2,3.352000e+00,36575,26124,179,24,0,2189,2399,24,1,8.480000e+01,2.400000e+01,
mig_bf_det_k8_l4_r8_c4_m4_w14g8_d64_s2_q2,det,migration_bruteforce,8,4,8,4,4,14,8,64,2,2,3.352000e+00,37220,26967,179,28,0,2561,2507,28,1,6.670000e+01,2.870000e+01,
mig_bf_det_k8_l4_r8_c4_m4_w16g0_d32_s2_q2,det,migration_bruteforce,8,4,8,4,4,16,0,32,2,2,3.352000e+00,35830,26105,179,56,0,2189,2399,24,1,7.140000e+01,3.280000e+01,
mig_bf_det_k8_l4_r8_c4_m4_w16g0_d64_s2_q2,det,migration_bruteforce,8,4,8,4,4,16,0,64,2,2,3.352000e+00,36245,26890,179,60,0,2561,2507,28,1,6.530000e+01,2.890000e+01,
mig_bf_det_k8_l4_r8_c4_m4_w16g4_d32_s2_q2,det,migration_bruteforce,8,4,8,4,4,16,4,32,2,2,3.352000e+00,36910,26810,179,56,0,2189,2399,24,1,6.530000e+01,2.860000e+01,
mig_bf_det_k8_l4_r8_c4_m4_w16g4_d64_s2_q2,det,migration_bruteforce,8,4,8,4,4,16,4,64,2,2,3.352000e+00,37325,27595,179,60,0,2561,2507,28,1,7.360000e+01,2.940000e+01,
mig_bf_det_k8_l4_r8_c4_m4_w16g8_d32_s2_q2,det,migration_bruteforce,8,4,8,4,4,16,8,32,2,2,3.352000e+00,37836,28030,179,56,0,2189,2399,24,1,7.840000e+01,2.830000e+01,
mig_bf_det_k8_l4_r8_c4_m4_w16g8_d64_s2_q2,det,migration_bruteforce,8,4,8,4,4,16,8,64,2,2,3.352000e+00,38251,28815,179,60,0,2561,2507,28,1,7.900000e+01,2.840000e+01,
mig_bf_det_k8_l16_r1_c16_m3_w8g0_d32_s2_q2,det,migration_bruteforce,8,16,1,16,3,8,0,32,2,2,3.392000e+00,70429,33521,99,44,0,2189,2399,44,1,1.204000e+02,3.970000e+01,
mig_bf_det_k8_l16_r1_c16_m3_w8g0_d64_s2_q2,det,migration_bruteforce,8,16,1,16,3,8,0,64,2,2,3.392000e+00,71000,34346,99,48,0,2561,2507,48,1,1.321000e+02,4.140000e+01,
mig_bf_det_k8_l16_r1_c16_m3_w8g4_d32_s2_q2,det,migration_bruteforce,8,16,1,16,3,8,4,32,2,2,3.392000e+00,73492,36292,99,44,0,2189,2399,44,1,1.287000e+02,4.500000e+01,
mig_bf_det_k8_l16_r1_c16_m3_w8g4_d64_s2_q2,det,migration_bruteforce,8,16,1,16,3,8,4,64,2,2,3.392000e+00,74063,37117,99,48,0,2561,2507,48,1,1.245000e+02,4.650000e+01,
mig_bf_det_k8_l16_r1_c16_m3_w8g8_d32_s2_q2,det,migration_bruteforce,8,16,1,16,3,8,8,32,2,2,3.392000e+00,77274,39644,99,44,0,2189,2399,44,1,1.400000e+02,4.800000e+01,
mig_bf_det_k8_l16_r1_c16_m3_w8g8_d64_s2_q2,det,migration_bruteforce,8,16,1,16,3,8,8,64,2,2,3.392000e+00,77845,40469,99,48,0,2561,2507,48,1,1.221000e+02,4.240000e+01,
mig_bf_det_k8_l16_r1_c16_m3_w10g0_d32_s2_q2,det,migration_bruteforce,8,16,1,16,3,10,0,32,2,2,3.392000e+00,75813,39446,131,49,0,2189,2399,49,1,1.218000e+02,3.610000e+01,
mig_bf_det_k8_l16_r1_c16_m3_w10g0_d64_s2_q2,det,migration_bruteforce,8,16,1,16,3,10,0,64,2,2,3.392000e+00,76410,40281,131,53,0,2561,2507,53,1,1.339000e+02,4.530000e+01,
mig_bf_det_k8_l16_r1_c16_m3_w10g4_d32_s2_q2,det,migration_bruteforce,8,16,1,16,3,10,4,32,2,2,3.392000e+00,80327,42878,131,49,0,2189,2399,49,1,1.406000e+02,4.170000e+01,
mig_bf_det_k8_l16_r1_c16_m3_w10g4_d64_s2_q2,det,migration_bruteforce,8,16,1,16,3,10,4,64,2,2,3.392000e+00,80924,43713,131,53,0,2561,2507,53,1,1.268000e+02,4.900000e+01,
mig_bf_det_k8_l16_r1_c16_m3_w10g8_d32_s2_q2,det,migration_bruteforce,8,16,1,16,3,10,8,32,2,2,3.392000e+00,83463,45843,131,49,0,2189,2399,49,1,1.393000e+02,4.470000e+01,
mig_bf_det_k8_l16_r1_c16_m3_w10g8_d64_s2_q2,det,migration_bruteforce,8,16,1,16,3,10,8,64,2,2,3.392000e+00,84060,46678,131,53,0,2561,2507,53,1,1.313000e+02,4.110000e+01,
mig_bf_det_k8_l16_r1_c16_m3_w12g0_d32_s2_q2,det,migration_bruteforce,8,16,1,16,3,12,0,32,2,2,3.392000e+00,74394,44442,243,59,0,2189,2399,59,1,1.360000e+02,3.650000e+01,
mig_bf_det_k8_l16_r1_c16_m3_w12g0_d64_s2_q2,det,migration_bruteforce,8,16,1,16,3,12,0,64,2,2,3.392000e+00,75007,45285,243,63,0,2561,2507,63,1,1.329000e+02,3.820000e+01,
mig_bf_det_k8_l16_r1_c16_m3_w12g4_d32_s2_q2,det,migration_bruteforce,8,16,1,16,3,12,4,32,2,2,3.392000e+00,79056,47874,243,59,0,2189,2399,59,1,1.287000e+02,4.590000e+01,
mig_bf_det_k8_l16_r1_c16_m3_w12g4_d64_s2_q2,det,migration_bruteforce,8,16,1,16,3,12,4,64,2,2,3.392000e+00,79669,48717,243,63,0,2561,2507,63,1,1.353000e+02,4.810000e+01,
mig_bf_det_k8_l16_r1_c16_m3_w12g8_d32_s2_q2,det,migration_bruteforce,8,16,1,16,3,12,8,32,2,2,3.392000e+00,82004,50839,243,59,0,2189,2399,59,1,1.347000e+02,4.670000e+01,
mig_bf_det_k8_l16_r1_c16_m3_w12g8_d64_s2_q2,det,migration_bruteforce,8,16,1,16,3,12,8,64,2,2,3.392000e+00,82617,51682,243,63,0,2561,2507,63,1,1.360000e+02,3.640000e+01,
mig_bf_det_k8_l16_r1_c16_m3_w14g0_d32_s2_q2,det,migration_bruteforce,8,16,1,16,3,14,0,32,2,2,3.392000e+00,80495,50764,243,69,0,2189,2399,69,1,1.301000e+02,4.430000e+01,
mig_bf_det_k8_l16_r1_c16_m3_w14g0_d64_s2_q2,det,migration_bruteforce,8,16,1,16,3,14,0,64,2,2,3.392000e+00,81140,51607,243,73,0,2561,2507,73,1,1.374000e+02,4.890000e+01,
mig_bf_det_k8_l16_r1_c16_m3_w14g4_d32_s2_q2,det,migration_bruteforce,8,16,1,16,3,14,4,32,2,2,3.392000e+00,84575,53809,243,69,0,2189,2399,69,1,1.399000e+02,4.000000e+01,
mig_bf_det_k8_l16_r1_c16_m3_w14g4_d64_s2_q2,det,migration_bruteforce,8,16,1,16,3,14,4,64,2,2,3.392000e+00,85220,54652,243,73,0,2561,2507,73,1,1.215000e+02,4.270000e+01,
mig_bf_det_k8_l16_r1_c16_m3_w14g8_d32_s2_q2,det,migration_bruteforce,8,16,1,16,3,14,8,32,2,2,3.392000e+00,87776,57161,243,69,0,2189,2399,69,1,1.319000e+02,4.920000e+01,
mig_bf_det_k8_l16_r1_c16_m3_w14g8_d64_s2_q2,det,migration_bruteforce,8,16,1,16,3,14,8,64,2,2,3.392000e+00,88421,58004,243,73,0,2561,2507,73,1,1.375000e+02,4.050000e+01,
mig_bf_det_k8_l16_r1_c16_m3_w16g0_d32_s2_q2,det,migration_bruteforce,8,16,1,16,3,16,0,32,2,2,3.392000e+00,86903,56329,243,79,0,2189,2399,79,1,1.237000e+02,4.910000e+01,
mig_bf_det_k8_l16_r1_c16_m3_w16g0_d64_s2_q2,det,migration_bruteforce,8,16,1,16,3,16,0,64,2,2,3.392000e+00,87318,57114,243,83,0,2561,2507,83,1,1.267000e+02,4.520000e+01,
mig_bf_det_k8_l16_r1_c16_m3_w16g4_d32_s2_q2,det,migration_bruteforce,8,16,1,16,3,16,4,32,2,2,3.392000e+00,90859,59086,243,79,0,2189,2399,79,1,1.393000e+02,4.010000e+01,
mig_bf_det_k8_l16_r1_c16_m3_w16g4_d64_s2_q2,det,migration_bruteforce,8,16,1,16,3,16,4,64,2,2,3.392000e+00,91274,59871,243,83,0,2561,2507,83,1,1.307000e+02,4.240000e+01,
mig_bf_det_k8_l16_r1_c16_m3_w16g8_d32_s2_q2,det,migration_bruteforce,8,16,1,16,3,16,8,32,2,2,3.392000e+00,94173,63894,243,79,0,2189,2399,79,1,1.280000e+02,4.780000e+01,
mig_bf_det_k8_l16_r1_c16_m3_w16g8_d64_s2_q2,det,migration_bruteforce,8,16,1,16,3,16,8,64,2,2,3.392000e+00,94588,64679,243,83,0,2561,2507,83,1,1.302000e+02,4.140000e+01,
mig_bf_det_k8_l16_r1_c16_m4_w8g0_d32_s2_q2,det,migration_bruteforce,8,16,1,16,4,8,0,32,2,2,3.352000e+00,71485,33629,83,44,0,2189,2399,44,1,1.276000e+02,4.570000e+01,
mig_bf_det_k8_l16_r1_c16_m4_w8g0_d64_s2_q2,det,migration_bruteforce,8,16,1,16,4,8,0,64,2,2,3.352000e+00,72056,34454,83,48,0,2561,2507,48,1,1.327000e+02,4.620000e+01,
mig_bf_det_k8_l16_r1_c16_m4_w8g4_d32_s2_q2,det,migration_bruteforce,8,16,1,16,4,8,4,32,2,2,3.352000e+00,74548,36400,83,44,0,2189,2399,44,1,1.346000e+02,3.610000e+01,
mig_bf_det_k8_l16_r1_c16_m4_w8g4_d64_s2_q2,det,migration_bruteforce,8,16,1,16,4,8,4,64,2,2,3.352000e+00,75119,37225,83,48,0,2561,2507,48,1,1.284000e+02,4.240000e+01,
mig_bf_det_k8_l16_r1_c16_m4_w8g8_d32_s2_q2,det,migration_bruteforce,8,16,1,16,4,8,8,32,2,2,3.352000e+00,78330,39752,83,44,0,2189,2399,44,1,1.270000e+02,4.580000e+01,
mig_bf_det_k8_l16_r1_c16_m4_w8g8_d64_s2_q2,det,migration_bruteforce,8,16,1,16,4,8,8,64,2,2,3.352000e+00,78901,40577,83,48,0,2561,2507,48,1,1.310000e+02,4.390000e+01,
mig_bf_det_k8_l16_r1_c16_m4_w10g0_d32_s2_q2,det,migration_bruteforce,8,16,1,16,4,10,0,32,2,2,3.352000e+00,76437,39586,131,49,0,2189,2399,49,1,1.251000e+02,4.990000e+01,
mig_bf_det_k8_l16_r1_c16_m4_w10g0_d64_s2_q2,det,migration_bruteforce,8,16,1,16,4,10,0,64,2,2,3.352000e+00,77034,40421,131,53,0,2561,2507,53,1,1.290000e+02,4.580000e+01,
mig_bf_det_k8_l16_r1_c16_m4_w10g4_d32_s2_q2,det,migration_bruteforce,8,16,1,16,4,10,4,32,2,2,3.352000e+00,80951,43018,131,49,0,2189,2399,49,1,1.355000e+02,3.970000e+01,
mig_bf_det_k8_l16_r1_c16_m4_w10g4_d64_s2_q2,det,migration_bruteforce,8,16,1,16,4,10,4,64,2,2,3.352000e+00,81548,43853,131,53,0,2561,2507,53,1,1.368000e+02,4.220000e+01,
mig_bf_det_k8_l16_r1_c16_m4_w10g8_d32_s2_q2,det,migration_bruteforce,8,16,1,16,4,10,8,32,2,2,3.352000e+00,84087,45983,131,49,0,2189,2399,49,1,1.333000e+02,4.540000e+01,
mig_bf_det_k8_l16_r1_c16_m4_w10g8_d64_s2_q2,det,migration_bruteforce,8,16,1,16,4,10,8,64,2,2,3.352000e+00,84684,46818,131,53,0,2561,2507,53,1,1.335000e+02,3.550000e+01,
mig_bf_det_k8_l16_r1_c16_m4_w12g0_d32_s2_q2,det,migration_bruteforce,8,16,1,16,4,12,0,32,2,2,3.352000e+00,74042,44614,259,59,0,2189,2399,59,1,1.295000e+02,4.780000e+01,
mig_bf_det_k8_l16_r1_c16_m4_w12g0_d64_s2_q2,det,migration_bruteforce,8,16,1,16,4,12,0,64,2,2,3.352000e+00,74655,45457,259,63,0,2561,2507,63,1,1.274000e+02,4.080000e+01,
mig_bf_det_k8_l16_r1_c16_m4_w12g4_d32_s2_q2,det,migration_bruteforce,8,16,1,16,4,12,4,32,2,2,3.352000e+00,78704,48046,259,59,0,2189,2399,59,1,1.386000e+02,3.560000e+01,
mig_bf_det_k8_l16_r1_c16_m4_w12g4_d64_s2_q2,det,migration_bruteforce,8,16,1,16,4,12,4,64,2,2,3.352000e+00,79317,48889,259,63,0,2561,2507,63,1,1.308000e+02,3.870000e+01,
mig_bf_det_k8_l16_r1_c16_m4_w12g8_d32_s2_q2,det,migration_bruteforce,8,16,1,16,4,12,8,32,2,2,3.352000e+00,81652,51011,259,59,0,2189,2399,59,1,1.335000e+02,4.230000e+01,
mig_bf_det_k8_l16_r1_c16_m4_w12g8_d64_s2_q2,det,migration_bruteforce,8,16,1,16,4,12,8,64,2,2,3.352000e+00,82265,51854,259,63,0,2561,2507,63,1,1.338000e+02,3.630000e+01,
mig_bf_det_k8_l16_r1_c16_m4_w14g0_d32_s2_q2,det,migration_bruteforce,8,16,1,16,4,14,0,32,2,2,3.352000e+00,80111,51339,259,69,0,2189,2399,69,1,1.291000e+02,4.590000e+01,
mig_bf_det_k8_l16_r1_c16_m4_w14g0_d64_s2_q2,det,migration_bruteforce,8,16,1,16,4,14,0,64,2,2,3.352000e+00,80756,52182,259,73,0,2561,2507,73,1,1.322000e+02,4.490000e+01,
mig_bf_det_k8_l16_r1_c16_m4_w14g4_d32_s2_q2,det,migration_bruteforce,8,16,1,16,4,14,4,32,2,2,3.352000e+00,84191,54384,259,69,0,2189,2399,69,1,1.348000e+02,4.480000e+01,
mig_bf_det_k8_l16_r1_c16_m4_w14g4_d64_s2_q2,det,migration_bruteforce,8,16,1,16,4,14,4,64,2,2,3.352000e+00,84836,55227,259,73,0,2561,2507,73,1,1.358000e+02,4.100000e+01,
mig_bf_det_k8_l16_r1_c16_m4_w14g8_d32_s2_q2,det,migration_bruteforce,8,16,1,16,4,14,8,32,2,2,3.352000e+00,87392,57736,259,69,0,2189,2399,69,1,1.307000e+02,4.690000e+01,
mig_bf_det_k8_l16_r1_c16_m4_w14g8_d64_s2_q2,det,migration_bruteforce,8,16,1,16,4,14,8,64,2,2,3.352000e+00,88037,58579,259,73,0,2561,2507,73,1,1.395000e+02,4.080000e+01,
mig_bf_det_k8_l16_r1_c16_m4_w16g0_d32_s2_q2,det,migration_bruteforce,8,16,1,16,4,16,0,32,2,2,3.352000e+00,86455,56968,259,79,0,2189,2399,79,1,1.237000e+02,5.110000e+01,
mig_bf_det_k8_l16_r1_c16_m4_w16g0_d64_s2_q2,det,migration_bruteforce,8,16,1,16,4,16,0,64,2,2,3.352000e+00,86870,57753,259,83,0,2561,2507,83,1,1.173000e+02,3.930000e+01,
mig_bf_det_k8_l16_r1_c16_m4_w16g4_d32_s2_q2,det,migration_bruteforce,8,16,1,16,4,16,4,32,2,2,3.352000e+00,90411,59725,259,79,0,2189,2399,79,1,1.306000e+02,3.960000e+01,
mig_bf_det_k8_l16_r1_c16_m4_w16g4_d64_s2_q2,det,migration_bruteforce,8,16,1,16,4,16,4,64,2,2,3.352000e+00,90826,60510,259,83,0,2561,2507,83,1,1.268000e+02,4.610000e+01,
mig_bf_det_k8_l16_r1_c16_m4_w16g8_d32_s2_q2,det,migration_bruteforce,8,16,1,16,4,16,8,32,2,2,3.352000e+00,93725,64533,259,79,0,2189,2399,79,1,1.251000e+02,4.400000e+01,
mig_bf_det_k8_l16_r1_c16_m4_w16g8_d64_s2_q2,det,migration_bruteforce,8,16,1,16,4,16,8,64,2,2,3.352000e+00,94140,65318,259,83,0,2561,2507,83,1,1.367000e+02,4.570000e+01,
mig_bf_det_k8_l16_r4_c16_m3_w8g0_d32_s2_q2,det,migration_bruteforce,8,16,4,16,3,8,0,32,2,2,3.392000e+00,77694,39812,243,44,0,2189,2399,44,1,1.444000e+02,4.710000e+01,
mig_bf_det_k8_l16_r4_c16_m3_w8g0_d64_s2_q2,det,migration_bruteforce,8,16,4,16,3,8,0,64,2,2,3.392000e+00,78265,40637,243,48,0,2561,2507,48,1,1.583000e+02,4.700000e+01,
mig_bf_det_k8_l16_r4_c16_m3_w8g4_d32_s2_q2,det,migration_bruteforce,8,16,4,16,3,8,4,32,2,2,3.392000e+00,80757,42583,243,44,0,2189,2399,44,1,1.541000e+02,4.020000e+01,
mig_bf_det_k8_l16_r4_c16_m3_w8g4_d64_s2_q2,det,migration_bruteforce,8,16,4,16,3,8,4,64,2,2,3.392000e+00,81328,43408,243,48,0,2561,2507,48,1,1.444000e+02,4.540000e+01,
mig_bf_det_k8_l16_r4_c16_m3_w8g8_d32_s2_q2,det,migration_bruteforce,8,16,4,16,3,8,8,32,2,2,3.392000e+00,84539,45935,243,44,0,2189,2399,44,1,1.531000e+02,4.250000e+01,
mig_bf_det_k8_l16_r4_c16_m3_w8g8_d64_s2_q2,det,migration_bruteforce,8,16,4,16,3,8,8,64,2,2,3.392000e+00,85110,46760,243,48,0,2561,2507,48,1,1.446000e+02,4.900000e+01,
mig_bf_det_k8_l16_r4_c16_m3_w10g0_d32_s2_q2,det,migration_bruteforce,8,16,4,16,3,10,0,32,2,2,3.392000e+00,83682,47097,275,49,0,2189,2399,49,1,1.570000e+02,4.000000e+01,
mig_bf_det_k8_l16_r4_c16_m3_w10g0_d64_s2_q2,det,migration_bruteforce,8,16,4,16,3,10,0,64,2,2,3.392000e+00,84279,47932,275,53,0,2561,2507,53,1,1.508000e+02,4.530000e+01,
mig_bf_det_k8_l16_r4_c16_m3_w10g4_d32_s2_q2,det,migration_bruteforce,8,16,4,16,3,10,4,32,2,2,3.392000e+00,88196,50529,275,49,0,2189,2399,49,1,1.641000e+02,3.850000e+01,
mig_bf_det_k8_l16_r4_c16_m3_w10g4_d64_s2_q2,det,migration_bruteforce,8,16,4,16,3,10,4,64,2,2,3.392000e+00,88793,51364,275,53,0,2561,2507,53,1,1.526000e+02,4.680000e+01,
mig_bf_det_k8_l16_r4_c16_m3_w10g8_d32_s2_q2,det,migration_bruteforce,8,16,4,16,3,10,8,32,2,2,3.392000e+00,91332,53494,275,49,0,2189,2399,49,1,1.530000e+02,4.850000e+01,
mig_bf_det_k8_l16_r4_c16_m3_w10g8_d64_s2_q2,det,migration_bruteforce,8,16,4,16,3,10,8,64,2,2,3.392000e+00,91929,54329,275,53,0,2561,2507,53,1,1.607000e+02,4.720000e+01,
mig_bf_det_k8_l16_r4_c16_m3_w12g0_d32_s2_q2,det,migration_bruteforce,8,16,4,16,3,12,0,32,2,2,3.392000e+00,82853,53453,387,59,0,2189,2399,59,1,1.573000e+02,4.020000e+01,
mig_bf_det_k8_l16_r4_c16_m3_w12g0_d64_s2_q2,det,migration_bruteforce,8,16,4,16,3,12,0,64,2,2,3.392000e+00,83466,54296,387,63,0,2561,2507,63,1,1.608000e+02,4.770000e+01,
mig_bf_det_k8_l16_r4_c16_m3_w12g4_d32_s2_q2,det,migration_bruteforce,8,16,4,16,3,12,4,32,2,2,3.392000e+00,87515,56885,387,59,0,2189,2399,59,1,1.564000e+02,3.920000e+01,
mig_bf_det_k8_l16_r4_c16_m3_w12g4_d64_s2_q2,det,migration_bruteforce,8,16,4,16,3,12,4,64,2,2,3.392000e+00,88128,57728,387,63,0,2561,2507,63,1,1.494000e+02,4.850000e+01,
mig_bf_det_k8_l16_r4_c16_m3_w12g8_d32_s2_q2,det,migration_bruteforce,8,16,4,16,3,12,8,32,2,2,3.392000e+00,90463,59850,387,59,0,2189,2399,59,1,1.517000e+02,4.690000e+01,
mig_bf_det_k8_l16_r4_c16_m3_w12g8_d64_s2_q2,det,migration_bruteforce,8,16,4,16,3,12,8,64,2,2,3.392000e+00,91076,60693,387,63,0,2561,2507,63,1,1.475000e+02,4.680000e+01,
mig_bf_det_k8_l16_r4_c16_m3_w14g0_d32_s2_q2,det,migration_bruteforce,8,16,4,16,3,14,0,32,2,2,3.392000e+00,89572,60990,387,69,0,2189,2399,69,1,1.615000e+02,3.960000e+01,
mig_bf_det_k8_l16_r4_c16_m3_w14g0_d64_s2_q2,det,migration_bruteforce,8,16,4,16,3,14,0,64,2,2,3.392000e+00,90217,61833,387,73,0,2561,2507,73,1,1.552000e+02,4.690000e+01,
mig_bf_det_k8_l16_r4_c16_m3_w14g4_d32_s2_q2,det,migration_bruteforce,8,16,4,16,3,14,4,32,2,2,3.392000e+00,93652,64035,387,69,0,2189,2399,69,1,1.576000e+02,4.200000e+01,
mig_bf_det_k8_l16_r4_c16_m3_w14g4_d64_s2_q2,det,migration_bruteforce,8,16,4,16,3,14,4,64,2,2,3.392000e+00,94297,64878,387,73,0,2561,2507,73,1,1.475000e+02,4.880000e+01,
mig_bf_det_k8_l16_r4_c16_m3_w14g8_d32_s2_q2,det,migration_bruteforce,8,16,4,16,3,14,8,32,2,2,3.392000e+00,96853,67387,387,69,0,2189,2399,69,1,1.542000e+02,5.470000e+01,
mig_bf_det_k8_l16_r4_c16_m3_w14g8_d64_s2_q2,det,migration_bruteforce,8,16,4,16,3,14,8,64,2,2,3.392000e+00,97498,68230,387,73,0,2561,2507,73,1,1.547000e+02,4.880000e+01,
mig_bf_det_k8_l16_r4_c16_m3_w16g0_d32_s2_q2,det,migration_bruteforce,8,16,4,16,3,16,0,32,2,2,3.392000e+00,96584,68060,387,79,0,2189,2399,79,1,1.574000e+02,3.960000e+01,
mig_bf_det_k8_l16_r4_c16_m3_w16g0_d64_s2_q2,det,migration_bruteforce,8,16,4,16,3,16,0,64,2,2,3.392000e+00,96999,68845,387,83,0,2561,2507,83,1,1.474000e+02,4.690000e+01,
mig_bf_det_k8_l16_r4_c16_m3_w16g4_d32_s2_q2,det,migration_bruteforce,8,16,4,16,3,16,4,32,2,2,3.392000e+00,100540,70817,387,79,0,2189,2399,79,1,1.533000e+02,4.190000e+01,
mig_bf_det_k8_l16_r4_c16_m3_w16g4_d64_s2_q2,det,migration_bruteforce,8,16,4,16,3,16,4,64,2,2,3.392000e+00,100955,71602,387,83,0,2561,2507,83,1,1.464000e+02,5.010000e+01,
mig_bf_det_k8_l16_r4_c16_m3_w16g8_d32_s2_q2,det,migration_bruteforce,8,16,4,16,3,16,8,32,2,2,3.392000e+00,103854,75625,387,79,0,2189,2399,79,1,1.568000e+02,5.040000e+01,
mig_bf_det_k8_l16_r4_c16_m3_w16g8_d64_s2_q2,det,migration_bruteforce,8,16,4,16,3,16,8,64,2,2,3.392000e+00,104269,76410,387,83,0,2561,2507,83,1,1.461000e+02,5.520000e+01,
mig_bf_det_k8_l16_r4_c16_m4_w8g0_d32_s2_q2,det,migration_bruteforce,8,16,4,16,4,8,0,32,2,2,3.352000e+00,81918,41040,179,44,0,2189,2399,44,1,1.511000e+02,4.120000e+01,
mig_bf_det_k8_l16_r4_c16_m4_w8g0_d64_s2_q2,det,migration_bruteforce,8,16,4,16,4,8,0,64,2,2,3.352000e+00,82489,41865,179,48,0,2561,2507,48,1,1.476000e+02,3.440000e+01,
mig_bf_det_k8_l16_r4_c16_m4_w8g4_d32_s2_q2,det,migration_bruteforce,8,16,4,16,4,8,4,32,2,2,3.352000e+00,84981,43811,179,44,0,2189,2399,44,1,1.548000e+02,4.150000e+01,
mig_bf_det_k8_l16_r4_c16_m4_w8g4_d64_s2_q2,det,migration_bruteforce,8,16,4,16,4,8,4,64,2,2,3.352000e+00,85552,44636,179,48,0,2561,2507,48,1,1.487000e+02,5.330000e+01,
mig_bf_det_k8_l16_r4_c16_m4_w8g8_d32_s2_q2,det,migration_bruteforce,8,16,4,16,4,8,8,32,2,2,3.352000e+00,88763,47163,179,44,0,2189,2399,44,1,1.490000e+02,4.820000e+01,
mig_bf_det_k8_l16_r4_c16_m4_w8g8_d64_s2_q2,det,migration_bruteforce,8,16,4,16,4,8,8,64,2,2,3.352000e+00,89334,47988,179,48,0,2561,2507,48,1,1.448000e+02,5.250000e+01,
mig_bf_det_k8_l16_r4_c16_m4_w10g0_d32_s2_q2,det,migration_bruteforce,8,16,4,16,4,10,0,32,2,2,3.352000e+00,86178,48637,275,49,0,2189,2399,49,1,1.445000e+02,4.610000e+01,
mig_bf_det_k8_l16_r4_c16_m4_w10g0_d64_s2_q2,det,migration_bruteforce,8,16,4,16,4,10,0,64,2,2,3.352000e+00,86775,49472,275,53,0,2561,2507,53,1,1.562000e+02,3.640000e+01,
mig_bf_det_k8_l16_r4_c16_m4_w10g4_d32_s2_q2,det,migration_bruteforce,8,16,4,16,4,10,4,32,2,2,3.352000e+00,90692,52069,275,49,0,2189,2399,49,1,1.576000e+02,4.190000e+01,
mig_bf_det_k8_l16_r4_c16_m4_w10g4_d64_s2_q2,det,migration_bruteforce,8,16,4,16,4,10,4,64,2,2,3.352000e+00,91289,52904,275,53,0,2561,2507,53,1,1.510000e+02,4.780000e+01,
mig_bf_det_k8_l16_r4_c16_m4_w10g8_d32_s2_q2,det,migration_bruteforce,8,16,4,16,4,10,8,32,2,2,3.352000e+00,93828,55034,275,49,0,2189,2399,49,1,1.482000e+02,4.760000e+01,
mig_bf_det_k8_l16_r4_c16_m4_w10g8_d64_s2_q2,det,migration_bruteforce,8,16,4,16,4,10,8,64,2,2,3.352000e+00,94425,55869,275,53,0,2561,2507,53,1,1.463000e+02,4.680000e+01,
mig_bf_det_k8_l16_r4_c16_m4_w12g0_d32_s2_q2,det,migration_bruteforce,8,16,4,16,4,12,0,32,2,2,3.352000e+00,81445,55305,451,59,0,2189,2399,59,1,1.461000e+02,4.690000e+01,
mig_bf_det_k8_l16_r4_c16_m4_w12g0_d64_s2_q2,det,migration_bruteforce,8,16,4,16,4,12,0,64,2,2,3.352000e+00,82058,56148,451,63,0,2561,2507,63,1,1.514000e+02,3.810000e+01,
mig_bf_det_k8_l16_r4_c16_m4_w12g4_d32_s2_q2,det,migration_bruteforce,8,16,4,16,4,12,4,32,2,2,3.352000e+00,86107,58737,451,59,0,2189,2399,59,1,1.559000e+02,4.030000e+01,
mig_bf_det_k8_l16_r4_c16_m4_w12g4_d64_s2_q2,det,migration_bruteforce,8,16,4,16,4,12,4,64,2,2,3.352000e+00,86720,59580,451,63,0,2561,2507,63,1,1.389000e+02,4.430000e+01,
mig_bf_det_k8_l16_r4_c16_m4_w12g8_d32_s2_q2,det,migration_bruteforce,8,16,4,16,4,12,8,32,2,2,3.352000e+00,89055,61702,451,59,0,2189,2399,59,1,1.483000e+02,4.690000e+01,
mig_bf_det_k8_l16_r4_c16_m4_w12g8_d64_s2_q2,det,migration_bruteforce,8,16,4,16,4,12,8,64,2,2,3.352000e+00,89668,62545,451,63,0,2561,2507,63,1,1.475000e+02,4.650000e+01,
mig_bf_det_k8_l16_r4_c16_m4_w14g0_d32_s2_q2,det,migration_bruteforce,8,16,4,16,4,14,0,32,2,2,3.352000e+00,87908,63660,451,69,0,2189,2399,69,1,1.539000e+02,4.710000e+01,
mig_bf_det_k8_l16_r4_c16_m4_w14g0_d64_s2_q2,det,migration_bruteforce,8,16,4,16,4,14,0,64,2,2,3.352000e+00,88553,64503,451,73,0,2561,2507,73,1,1.578000e+02,3.870000e+01,
mig_bf_det_k8_l16_r4_c16_m4_w14g4_d32_s2_q2,det,migration_bruteforce,8,16,4,16,4,14,4,32,2,2,3.352000e+00,91988,66705,451,69,0,2189,2399,69,1,1.510000e+02,4.120000e+01,
mig_bf_det_k8_l16_r4_c16_m4_w14g4_d64_s2_q2,det,migration_bruteforce,8,16,4,16,4,14,4,64,2,2,3.352000e+00,92633,67548,451,73,0,2561,2507,73,1,1.512000e+02,4.760000e+01,
mig_bf_det_k8_l16_r4_c16_m4_w14g8_d32_s2_q2,det,migration_bruteforce,8,16,4,16,4,14,8,32,2,2,3.352000e+00,95189,70057,451,69,0,2189,2399,69,1,1.468000e+02,4.120000e+01,
mig_bf_det_k8_l16_r4_c16_m4_w14g8_d64_s2_q2,det,migration_bruteforce,8,16,4,16,4,14,8,64,2,2,3.352000e+00,95834,70900,451,73,0,2561,2507,73,1,1.486000e+02,4.930000e+01,
mig_bf_det_k8_l16_r4_c16_m4_w16g0_d32_s2_q2,det,migration_bruteforce,8,16,4,16,4,16,0,32,2,2,3.352000e+00,94664,71050,451,79,0,2189,2399,79,1,1.424000e+02,4.690000e+01,
mig_bf_det_k8_l16_r4_c16_m4_w16g0_d64_s2_q2,det,migration_bruteforce,8,16,4,16,4,16,0,64,2,2,3.352000e+00,95079,71835,451,83,0,2561,2507,83,1,1.556000e+02,4.110000e+01,
mig_bf_det_k8_l16_r4_c16_m4_w16g4_d32_s2_q2,det,migration_bruteforce,8,16,4,16,4,16,4,32,2,2,3.352000e+00,98620,73807,451,79,0,2189,2399,79,1,1.548000e+02,4.400000e+01,
mig_bf_det_k8_l16_r4_c16_m4_w16g4_d64_s2_q2,det,migration_bruteforce,8,16,4,16,4,16,4,64,2,2,3.352000e+00,99035,74592,451,83,0,2561,2507,83,1,1.450000e+02,5.170000e+01,
mig_bf_det_k8_l16_r4_c16_m4_w16g8_d32_s2_q2,det,migration_bruteforce,8,16,4,16,4,16,8,32,2,2,3.352000e+00,101934,78615,451,79,0,2189,2399,79,1,1.446000e+02,4.880000e+01,
mig_bf_det_k8_l16_r4_c16_m4_w16g8_d64_s2_q2,det,migration_bruteforce,8,16,4,16,4,16,8,64,2,2,3.352000e+00,102349,79400,451,83,0,2561,2507,83,1,1.426000e+02,5.400000e+01,
mig_bf_det_k8_l16_r8_c16_m3_w8g0_d32_s2_q2,det,migration_bruteforce,8,16,8,16,3,8,0,32,2,2,3.392000e+00,87004,47344,435,44,0,2189,2399,44,1,1.770000e+02,4.430000e+01,
mig_bf_det_k8_l16_r8_c16_m3_w8g0_d64_s2_q2,det,migration_bruteforce,8,16,8,16,3,8,0,64,2,2,3.392000e+00,87575,48169,435,48,0,2561,2507,48,1,1.883000e+02,5.170000e+01,
mig_bf_det_k8_l16_r8_c16_m3_w8g4_d32_s2_q2,det,migration_bruteforce,8,16,8,16,3,8,4,32,2,2,3.392000e+00,90067,50115,435,44,0,2189,2399,44,1,1.706000e+02,6.120000e+01,
mig_bf_det_k8_l16_r8_c16_m3_w8g4_d64_s2_q2,det,migration_bruteforce,8,16,8,16,3,8,4,64,2,2,3.392000e+00,90638,50940,435,48,0,2561,2507,48,1,1.863000e+02,6.400000e+01,
mig_bf_det_k8_l16_r8_c16_m3_w8g8_d32_s2_q2,det,migration_bruteforce,8,16,8,16,3,8,8,32,2,2,3.392000e+00,93849,53467,435,44,0,2189,2399,44,1,1.847000e+02,5.360000e+01,
mig_bf_det_k8_l16_r8_c16_m3_w8g8_d64_s2_q2,det,migration_bruteforce,8,16,8,16,3,8,8,64,2,2,3.392000e+00,94420,54292,435,48,0,2561,2507,48,1,1.836000e+02,6.710000e+01,
mig_bf_det_k8_l16_r8_c16_m3_w10g0_d32_s2_q2,det,migration_bruteforce,8,16,8,16,3,10,0,32,2,2,3.392000e+00,93760,56301,467,49,0,2189,2399,49,1,1.914000e+02,4.160000e+01,
mig_bf_det_k8_l16_r8_c16_m3_w10g0_d64_s2_q2,det,migration_bruteforce,8,16,8,16,3,10,0,64,2,2,3.392000e+00,94357,57136,467,53,0,2561,2507,53,1,1.958000e+02,4.610000e+01,
mig_bf_det_k8_l16_r8_c16_m3_w10g4_d32_s2_q2,det,migration_bruteforce,8,16,8,16,3,10,4,32,2,2,3.392000e+00,98274,59733,467,49,0,2189,2399,49,1,1.772000e+02,6.700000e+01,
mig_bf_det_k8_l16_r8_c16_m3_w10g4_d64_s2_q2,det,migration_bruteforce,8,16,8,16,3,10,4,64,2,2,3.392000e+00,98871,60568,467,53,0,2561,2507,53,1,1.796000e+02,6.410000e+01,
mig_bf_det_k8_l16_r8_c16_m3_w10g8_d32_s2_q2,det,migration_bruteforce,8,16,8,16,3,10,8,32,2,2,3.392000e+00,101410,62698,467,49,0,2189,2399,49,1,1.925000e+02,5.370000e+01,
mig_bf_det_k8_l16_r8_c16_m3_w10g8_d64_s2_q2,det,migration_bruteforce,8,16,8,16,3,10,8,64,2,2,3.392000e+00,102007,63533,467,53,0,2561,2507,53,1,1.795000e+02,6.720000e+01,
mig_bf_det_k8_l16_r8_c16_m3_w12g0_d32_s2_q2,det,migration_bruteforce,8,16,8,16,3,12,0,32,2,2,3.392000e+00,93699,64329,579,59,0,2189,2399,59,1,2.017000e+02,3.960000e+01,
mig_bf_det_k8_l16_r8_c16_m3_w12g0_d64_s2_q2,det,migration_bruteforce,8,16,8,16,3,12,0,64,2,2,3.392000e+00,94312,65172,579,63,0,2561,2507,63,1,1.827000e+02,5.030000e+01,
mig_bf_det_k8_l16_r8_c16_m3_w12g4_d32_s2_q2,det,migration_bruteforce,8,16,8,16,3,12,4,32,2,2,3.392000e+00,98361,67761,579,59,0,2189,2399,59,1,1.735000e+02,6.390000e+01,
mig_bf_det_k8_l16_r8_c16_m3_w12g4_d64_s2_q2,det,migration_bruteforce,8,16,8,16,3,12,4,64,2,2,3.392000e+00,98974,68604,579,63,0,2561,2507,63,1,1.754000e+02,6.680000e+01,
mig_bf_det_k8_l16_r8_c16_m3_w12g8_d32_s2_q2,det,migration_bruteforce,8,16,8,16,3,12,8,32,2,2,3.392000e+00,101309,70726,579,59,0,2189,2399,59,1,1.832000e+02,5.290000e+01,
mig_bf_det_k8_l16_r8_c16_m3_w12g8_d64_s2_q2,det,migration_bruteforce,8,16,8,16,3,12,8,64,2,2,3.392000e+00,101922,71569,579,63,0,2561,2507,63,1,1.879000e+02,6.330000e+01,
mig_bf_det_k8_l16_r8_c16_m3_w14g0_d32_s2_q2,det,migration_bruteforce,8,16,8,16,3,14,0,32,2,2,3.392000e+00,101186,73515,579,69,0,2189,2399,69,1,1.987000e+02,4.410000e+01,
mig_bf_det_k8_l16_r8_c16_m3_w14g0_d64_s2_q2,det,migration_bruteforce,8,16,8,16,3,14,0,64,2,2,3.392000e+00,101831,74358,579,73,0,2561,2507,73,1,1.921000e+02,5.350000e+01,
mig_bf_det_k8_l16_r8_c16_m3_w14g4_d32_s2_q2,det,migration_bruteforce,8,16,8,16,3,14,4,32,2,2,3.392000e+00,105266,76560,579,69,0,2189,2399,69,1,1.884000e+02,7.010000e+01,
mig_bf_det_k8_l16_r8_c16_m3_w14g4_d64_s2_q2,det,migration_bruteforce,8,16,8,16,3,14,4,64,2,2,3.392000e+00,105911,77403,579,73,0,2561,2507,73,1,1.788000e+02,6.770000e+01,
mig_bf_det_k8_l16_r8_c16_m3_w14g8_d32_s2_q2,det,migration_bruteforce,8,16,8,16,3,14,8,32,2,2,3.392000e+00,108467,79912,579,69,0,2189,2399,69,1,2.023000e+02,7.330000e+01,
mig_bf_det_k8_l16_r8_c16_m3_w14g8_d64_s2_q2,det,migration_bruteforce,8,16,8,16,3,14,8,64,2,2,3.392000e+00,109112,80755,579,73,0,2561,2507,73,1,1.969000e+02,5.860000e+01,
mig_bf_det_k8_l16_r8_c16_m3_w16g0_d32_s2_q2,det,migration_bruteforce,8,16,8,16,3,16,0,32,2,2,3.392000e+00,108966,82280,579,79,0,2189,2399,79,1,1.923000e+02,4.740000e+01,
mig_bf_det_k8_l16_r8_c16_m3_w16g0_d64_s2_q2,det,migration_bruteforce,8,16,8,16,3,16,0,64,2,2,3.392000e+00,109381,83065,579,83,0,2561,2507,83,1,1.979000e+02,7.050000e+01,
mig_bf_det_k8_l16_r8_c16_m3_w16g4_d32_s2_q2,det,migration_bruteforce,8,16,8,16,3,16,4,32,2,2,3.392000e+00,112922,85037,579,79,0,2189,2399,79,1,2.147000e+02,6.790000e+01,
mig_bf_det_k8_l16_r8_c16_m3_w16g4_d64_s2_q2,det,migration_bruteforce,8,16,8,16,3,16,4,64,2,2,3.392000e+00,113337,85822,579,83,0,2561,2507,83,1,2.078000e+02,7.330000e+01,
mig_bf_det_k8_l16_r8_c16_m3_w16g8_d32_s2_q2,det,migration_bruteforce,8,16,8,16,3,16,8,32,2,2,3.392000e+00,116236,89845,579,79,0,2189,2399,79,1,2.114000e+02,6.360000e+01,
mig_bf_det_k8_l16_r8_c16_m3_w16g8_d64_s2_q2,det,migration_bruteforce,8,16,8,16,3,16,8,64,2,2,3.392000e+00,116651,90630,579,83,0,2561,2507,83,1,2.125000e+02,6.860000e+01,
mig_bf_det_k8_l16_r8_c16_m4_w8g0_d32_s2_q2,det,migration_bruteforce,8,16,8,16,4,8,0,32,2,2,3.352000e+00,95452,50043,307,44,0,2189,2399,44,1,2.163000e+02,4.870000e+01,
mig_bf_det_k8_l16_r8_c16_m4_w8g0_d64_s2_q2,det,migration_bruteforce,8,16,8,16,4,8,0,64,2,2,3.352000e+00,96023,50868,307,48,0,2561,2507,48,1,2.108000e+02,5.910000e+01,
mig_bf_det_k8_l16_r8_c16_m4_w8g4_d32_s2_q2,det,migration_bruteforce,8,16,8,16,4,8,4,32,2,2,3.352000e+00,98515,52814,307,44,0,2189,2399,44,1,1.900000e+02,5.830000e+01,
mig_bf_det_k8_l16_r8_c16_m4_w8g4_d64_s2_q2,det,migration_bruteforce,8,16,8,16,4,8,4,64,2,2,3.352000e+00,99086,53639,307,48,0,2561,2507,48,1,1.859000e+02,5.580000e+01,
mig_bf_det_k8_l16_r8_c16_m4_w8g8_d32_s2_q2,det,migration_bruteforce,8,16,8,16,4,8,8,32,2,2,3.352000e+00,102297,56166,307,44,0,2189,2399,44,1,1.881000e+02,5.740000e+01,
mig_bf_det_k8_l16_r8_c16_m4_w8g8_d64_s2_q2,det,migration_bruteforce,8,16,8,16,4,8,8,64,2,2,3.352000e+00,102868,56991,307,48,0,2561,2507,48,1,1.802000e+02,5.950000e+01,
mig_bf_det_k8_l16_r8_c16_m4_w10g0_d32_s2_q2,det,migration_bruteforce,8,16,8,16,4,10,0,32,2,2,3.352000e+00,98752,59680,467,49,0,2189,2399,49,1,2.125000e+02,4.310000e+01,
mig_bf_det_k8_l16_r8_c16_m4_w10g0_d64_s2_q2,det,migration_bruteforce,8,16,8,16,4,10,0,64,2,2,3.352000e+00,99349,60515,467,53,0,2561,2507,53,1,1.909000e+02,5.090000e+01,
mig_bf_det_k8_l16_r8_c16_m4_w10g4_d32_s2_q2,det,migration_bruteforce,8,16,8,16,4,10,4,32,2,2,3.352000e+00,103266,63112,467,49,0,2189,2399,49,1,1.626000e+02,6.290000e+01,
mig_bf_det_k8_l16_r8_c16_m4_w10g4_d64_s2_q2,det,migration_bruteforce,8,16,8,16,4,10,4,64,2,2,3.352000e+00,103863,63947,467,53,0,2561,2507,53,1,1.812000e+02,6.430000e+01,
mig_bf_det_k8_l16_r8_c16_m4_w10g8_d32_s2_q2,det,migration_bruteforce,8,16,8,16,4,10,8,32,2,2,3.352000e+00,106402,66077,467,49,0,2189,2399,49,1,1.755000e+02,5.810000e+01,
mig_bf_det_k8_l16_r8_c16_m4_w10g8_d64_s2_q2,det,migration_bruteforce,8,16,8,16,4,10,8,64,2,2,3.352000e+00,106999,66912,467,53,0,2561,2507,53,1,1.755000e+02,6.050000e+01,
mig_bf_det_k8_l16_r8_c16_m4_w12g0_d32_s2_q2,det,migration_bruteforce,8,16,8,16,4,12,0,32,2,2,3.352000e+00,90883,68388,707,59,0,2189,2399,59,1,1.846000e+02,4.700000e+01,
mig_bf_det_k8_l16_r8_c16_m4_w12g0_d64_s2_q2,det,migration_bruteforce,8,16,8,16,4,12,0,64,2,2,3.352000e+00,91496,69231,707,63,0,2561,2507,63,1,1.856000e+02,5.120000e+01,
mig_bf_det_k8_l16_r8_c16_m4_w12g4_d32_s2_q2,det,migration_bruteforce,8,16,8,16,4,12,4,32,2,2,3.352000e+00,95545,71820,707,59,0,2189,2399,59,1,1.663000e+02,6.240000e+01,
mig_bf_det_k8_l16_r8_c16_m4_w12g4_d64_s2_q2,det,migration_bruteforce,8,16,8,16,4,12,4,64,2,2,3.352000e+00,96158,72663,707,63,0,2561,2507,63,1,1.716000e+02,5.770000e+01,
mig_bf_det_k8_l16_r8_c16_m4_w12g8_d32_s2_q2,det,migration_bruteforce,8,16,8,16,4,12,8,32,2,2,3.352000e+00,98493,74785,707,59,0,2189,2399,59,1,1.769000e+02,6.330000e+01,
mig_bf_det_k8_l16_r8_c16_m4_w12g8_d64_s2_q2,det,migration_bruteforce,8,16,8,16,4,12,8,64,2,2,3.352000e+00,99106,75628,707,63,0,2561,2507,63,1,1.814000e+02,5.620000e+01,
mig_bf_det_k8_l16_r8_c16_m4_w14g0_d32_s2_q2,det,migration_bruteforce,8,16,8,16,4,14,0,32,2,2,3.352000e+00,97858,78872,707,69,0,2189,2399,69,1,1.903000e+02,4.320000e+01,
mig_bf_det_k8_l16_r8_c16_m4_w14g0_d64_s2_q2,det,migration_bruteforce,8,16,8,16,4,14,0,64,2,2,3.352000e+00,98503,79715,707,73,0,2561,2507,73,1,1.809000e+02,6.490000e+01,
mig_bf_det_k8_l16_r8_c16_m4_w14g4_d32_s2_q2,det,migration_bruteforce,8,16,8,16,4,14,4,32,2,2,3.352000e+00,101938,81917,707,69,0,2189,2399,69,1,1.588000e+02,5.540000e+01,
mig_bf_det_k8_l16_r8_c16_m4_w14g4_d64_s2_q2,det,migration_bruteforce,8,16,8,16,4,14,4,64,2,2,3.352000e+00,102583,82760,707,73,0,2561,2507,73,1,1.789000e+02,6.110000e+01,
mig_bf_det_k8_l16_r8_c16_m4_w14g8_d32_s2_q2,det,migration_bruteforce,8,16,8,16,4,14,8,32,2,2,3.352000e+00,105139,85269,707,69,0,2189,2399,69,1,1.705000e+02,5.590000e+01,
mig_bf_det_k8_l16_r8_c16_m4_w14g8_d64_s2_q2,det,migration_bruteforce,8,16,8,16,4,14,8,64,2,2,3.352000e+00,105784,86112,707,73,0,2561,2507,73,1,1.820000e+02,5.320000e+01,
mig_bf_det_k8_l16_r8_c16_m4_w16g0_d32_s2_q2,det,migration_bruteforce,8,16,8,16,4,16,0,32,2,2,3.352000e+00,105126,88214,707,79,0,2189,2399,79,1,1.702000e+02,5.710000e+01,
mig_bf_det_k8_l16_r8_c16_m4_w16g0_d64_s2_q2,det,migration_bruteforce,8,16,8,16,4,16,0,64,2,2,3.352000e+00,105541,88999,707,83,0,2561,2507,83,1,1.716000e+02,6.020000e+01,
mig_bf_det_k8_l16_r8_c16_m4_w16g4_d32_s2_q2,det,migration_bruteforce,8,16,8,16,4,16,4,32,2,2,3.352000e+00,109082,90971,707,79,0,2189,2399,79,1,1.716000e+02,6.130000e+01,
mig_bf_det_k8_l16_r8_c16_m4_w16g4_d64_s2_q2,det,migration_bruteforce,8,16,8,16,4,16,4,64,2,2,3.352000e+00,109497,91756,707,83,0,2561,2507,83,1,1.714000e+02,6.270000e+01,
mig_bf_det_k8_l16_r8_c16_m4_w16g8_d32_s2_q2,det,migration_bruteforce,8,16,8,16,4,16,8,32,2,2,3.352000e+00,112396,95779,707,79,0,2189,2399,79,1,1.710000e+02,6.280000e+01,
mig_bf_det_k8_l16_r8_c16_m4_w16g8_d64_s2_q2,det,migration_bruteforce,8,16,8,16,4,16,8,64,2,2,3.352000e+00,112811,96564,707,83,0,2561,2507,83,1,1.790000e+02,5.590000e+01,
mig_bf_det_k16_l1_r1_c4_m3_w8g0_d32_s2_q2,det,migration_bruteforce,16,1,1,4,3,8,0,32,2,2,3.392000e+00,16300,9026,18,23,0,2189,2399,9,1,4.610000e+01,5.750000e+01,
mig_bf_det_k16_l1_r1_c4_m3_w8g0_d64_s2_q2,det,migration_bruteforce,16,1,1,4,3,8,0,64,2,2,3.392000e+00,16906,9851,18,30,0,2561,2507,16,1,5.100000e+01,6.250000e+01,
mig_bf_det_k16_l1_r1_c4_m3_w8g4_d32_s2_q2,det,migration_bruteforce,16,1,1,4,3,8,4,32,2,2,3.392000e+00,16560,9217,18,23,0,2189,2399,9,1,5.400000e+01,5.620000e+01,
mig_bf_det_k16_l1_r1_c4_m3_w8g4_d64_s2_q2,det,migration_bruteforce,16,1,1,4,3,8,4,64,2,2,3.392000e+00,17166,10042,18,30,0,2561,2507,16,1,5.600000e+01,5.260000e+01,
mig_bf_det_k16_l1_r1_c4_m3_w8g8_d32_s2_q2,det,migration_bruteforce,16,1,1,4,3,8,8,32,2,2,3.392000e+00,16939,9449,18,23,0,2189,2399,9,1,4.760000e+01,5.500000e+01,
mig_bf_det_k16_l1_r1_c4_m3_w8g8_d64_s2_q2,det,migration_bruteforce,16,1,1,4,3,8,8,64,2,2,3.392000e+00,17545,10274,18,30,0,2561,2507,16,1,6.970000e+01,4.240000e+01,
mig_bf_det_k16_l1_r1_c4_m3_w10g0_d32_s2_q2,det,migration_bruteforce,16,1,1,4,3,10,0,32,2,2,3.392000e+00,16669,9525,20,27,0,2189,2399,13,1,5.240000e+01,5.780000e+01,
mig_bf_det_k16_l1_r1_c4_m3_w10g0_d64_s2_q2,det,migration_bruteforce,16,1,1,4,3,10,0,64,2,2,3.392000e+00,17299,10358,20,38,0,2561,2507,24,1,5.430000e+01,5.710000e+01,
mig_bf_det_k16_l1_r1_c4_m3_w10g4_d32_s2_q2,det,migration_bruteforce,16,1,1,4,3,10,4,32,2,2,3.392000e+00,17060,9762,20,27,0,2189,2399,13,1,4.930000e+01,5.360000e+01,
mig_bf_det_k16_l1_r1_c4_m3_w10g4_d64_s2_q2,det,migration_bruteforce,16,1,1,4,3,10,4,64,2,2,3.392000e+00,17690,10595,20,38,0,2561,2507,24,1,5.930000e+01,4.510000e+01,
mig_bf_det_k16_l1_r1_c4_m3_w10g8_d32_s2_q2,det,migration_bruteforce,16,1,1,4,3,10,8,32,2,2,3.392000e+00,17378,9967,20,27,0,2189,2399,13,1,5.010000e+01,5.530000e+01,
mig_bf_det_k16_l1_r1_c4_m3_w10g8_d64_s2_q2,det,migration_bruteforce,16,1,1,4,3,10,8,64,2,2,3.392000e+00,18008,10800,20,38,0,2561,2507,24,1,6.590000e+01,4.360000e+01,
mig_bf_det_k16_l1_r1_c4_m3_w12g0_d32_s2_q2,det,migration_bruteforce,16,1,1,4,3,12,0,32,2,2,3.392000e+00,16577,9852,27,27,0,2189,2399,13,1,5.130000e+01,6.680000e+01,
mig_bf_det_k16_l1_r1_c4_m3_w12g0_d64_s2_q2,det,migration_bruteforce,16,1,1,4,3,12,0,64,2,2,3.392000e+00,17223,10693,27,38,0,2561,2507,24,1,4.530000e+01,5.460000e+01,
mig_bf_det_k16_l1_r1_c4_m3_w12g4_d32_s2_q2,det,migration_bruteforce,16,1,1,4,3,12,4,32,2,2,3.392000e+00,17011,10089,27,27,0,2189,2399,13,1,4.960000e+01,5.440000e+01,
mig_bf_det_k16_l1_r1_c4_m3_w12g4_d64_s2_q2,det,migration_bruteforce,16,1,1,4,3,12,4,64,2,2,3.392000e+00,17657,10930,27,38,0,2561,2507,24,1,5.850000e+01,4.310000e+01,
mig_bf_det_k16_l1_r1_c4_m3_w12g8_d32_s2_q2,det,migration_bruteforce,16,1,1,4,3,12,8,32,2,2,3.392000e+00,17306,10294,27,27,0,2189,2399,13,1,4.710000e+01,5.160000e+01,
mig_bf_det_k16_l1_r1_c4_m3_w12g8_d64_s2_q2,det,migration_bruteforce,16,1,1,4,3,12,8,64,2,2,3.392000e+00,17952,11135,27,38,0,2561,2507,24,1,6.200000e+01,4.490000e+01,
mig_bf_det_k16_l1_r1_c4_m3_w14g0_d32_s2_q2,det,migration_bruteforce,16,1,1,4,3,14,0,32,2,2,3.392000e+00,16995,10219,27,27,0,2189,2399,13,1,5.090000e+01,6.220000e+01,
mig_bf_det_k16_l1_r1_c4_m3_w14g0_d64_s2_q2,det,migration_bruteforce,16,1,1,4,3,14,0,64,2,2,3.392000e+00,17673,11060,27,38,0,2561,2507,24,1,4.970000e+01,5.420000e+01,
mig_bf_det_k16_l1_r1_c4_m3_w14g4_d32_s2_q2,det,migration_bruteforce,16,1,1,4,3,14,4,32,2,2,3.392000e+00,17372,10429,27,27,0,2189,2399,13,1,4.890000e+01,5.350000e+01,
mig_bf_det_k16_l1_r1_c4_m3_w14g4_d64_s2_q2,det,migration_bruteforce,16,1,1,4,3,14,4,64,2,2,3.392000e+00,18050,11270,27,38,0,2561,2507,24,1,5.680000e+01,4.730000e+01,
mig_bf_det_k16_l1_r1_c4_m3_w14g8_d32_s2_q2,det,migration_bruteforce,16,1,1,4,3,14,8,32,2,2,3.392000e+00,17695,10661,27,27,0,2189,2399,13,1,5.210000e+01,5.390000e+01,
mig_bf_det_k16_l1_r1_c4_m3_w14g8_d64_s2_q2,det,migration_bruteforce,16,1,1,4,3,14,8,64,2,2,3.392000e+00,18373,11502,27,38,0,2561,2507,24,1,5.920000e+01,4.480000e+01,
mig_bf_det_k16_l1_r1_c4_m3_w16g0_d32_s2_q2,det,migration_bruteforce,16,1,1,4,3,16,0,32,2,2,3.392000e+00,17161,10553,27,27,0,2189,2399,13,1,4.590000e+01,5.020000e+01,
mig_bf_det_k16_l1_r1_c4_m3_w16g0_d64_s2_q2,det,migration_bruteforce,16,1,1,4,3,16,0,64,2,2,3.392000e+00,17611,11340,27,38,0,2561,2507,24,1,4.890000e+01,5.080000e+01,
mig_bf_det_k16_l1_r1_c4_m3_w16g4_d32_s2_q2,det,migration_bruteforce,16,1,1,4,3,16,4,32,2,2,3.392000e+00,17519,10745,27,27,0,2189,2399,13,1,5.020000e+01,4.970000e+01,
mig_bf_det_k16_l1_r1_c4_m3_w16g4_d64_s2_q2,det,migration_bruteforce,16,1,1,4,3,16,4,64,2,2,3.392000e+00,17969,11532,27,38,0,2561,2507,24,1,6.330000e+01,4.770000e+01,
mig_bf_det_k16_l1_r1_c4_m3_w16g8_d32_s2_q2,det,migration_bruteforce,16,1,1,4,3,16,8,32,2,2,3.392000e+00,17850,11068,27,27,0,2189,2399,13,1,5.260000e+01,4.890000e+01,
mig_bf_det_k16_l1_r1_c4_m3_w16g8_d64_s2_q2,det,migration_bruteforce,16,1,1,4,3,16,8,64,2,2,3.392000e+00,18300,11855,27,38,0,2561,2507,24,1,5.810000e+01,4.680000e+01,
mig_bf_det_k16_l1_r1_c4_m4_w8g0_d32_s2_q2,det,migration_bruteforce,16,1,1,4,4,8,0,32,2,2,3.352000e+00,16596,9205,14,23,0,2189,2399,9,1,4.770000e+01,4.650000e+01,
mig_bf_det_k16_l1_r1_c4_m4_w8g0_d64_s2_q2,det,migration_bruteforce,16,1,1,4,4,8,0,64,2,2,3.352000e+00,17202,10030,14,30,0,2561,2507,16,1,5.220000e+01,4.390000e+01,
mig_bf_det_k16_l1_r1_c4_m4_w8g4_d32_s2_q2,det,migration_bruteforce,16,1,1,4,4,8,4,32,2,2,3.352000e+00,16856,9396,14,23,0,2189,2399,9,1,4.950000e+01,4.260000e+01,
mig_bf_det_k16_l1_r1_c4_m4_w8g4_d64_s2_q2,det,migration_bruteforce,16,1,1,4,4,8,4,64,2,2,3.352000e+00,17462,10221,14,30,0,2561,2507,16,1,5.820000e+01,4.320000e+01,
mig_bf_det_k16_l1_r1_c4_m4_w8g8_d32_s2_q2,det,migration_bruteforce,16,1,1,4,4,8,8,32,2,2,3.352000e+00,17235,9628,14,23,0,2189,2399,9,1,5.820000e+01,4.630000e+01,
mig_bf_det_k16_l1_r1_c4_m4_w8g8_d64_s2_q2,det,migration_bruteforce,16,1,1,4,4,8,8,64,2,2,3.352000e+00,17841,10453,14,30,0,2561,2507,16,1,5.650000e+01,4.580000e+01,
mig_bf_det_k16_l1_r1_c4_m4_w10g0_d32_s2_q2,det,migration_bruteforce,16,1,1,4,4,10,0,32,2,2,3.352000e+00,16857,9718,20,27,0,2189,2399,13,1,5.090000e+01,4.960000e+01,
mig_bf_det_k16_l1_r1_c4_m4_w10g0_d64_s2_q2,det,migration_bruteforce,16,1,1,4,4,10,0,64,2,2,3.352000e+00,17487,10551,20,38,0,2561,2507,24,1,5.370000e+01,4.370000e+01,
mig_bf_det_k16_l1_r1_c4_m4_w10g4_d32_s2_q2,det,migration_bruteforce,16,1,1,4,4,10,4,32,2,2,3.352000e+00,17248,9955,20,27,0,2189,2399,13,1,5.290000e+01,4.650000e+01,
mig_bf_det_k16_l1_r1_c4_m4_w10g4_d64_s2_q2,det,migration_bruteforce,16,1,1,4,4,10,4,64,2,2,3.352000e+00,17878,10788,20,38,0,2561,2507,24,1,5.900000e+01,4.640000e+01,
mig_bf_det_k16_l1_r1_c4_m4_w10g8_d32_s2_q2,det,migration_bruteforce,16,1,1,4,4,10,8,32,2,2,3.352000e+00,17566,10160,20,27,0,2189,2399,13,1,5.340000e+01,4.980000e+01,
mig_bf_det_k16_l1_r1_c4_m4_w10g8_d64_s2_q2,det,migration_bruteforce,16,1,1,4,4,10,8,64,2,2,3.352000e+00,18196,10993,20,38,0,2561,2507,24,1,5.450000e+01,4.820000e+01,
mig_bf_det_k16_l1_r1_c4_m4_w12g0_d32_s2_q2,det,migration_bruteforce,16,1,1,4,4,12,0,32,2,2,3.352000e+00,16521,10059,31,27,0,2189,2399,13,1,4.820000e+01,4.510000e+01,
mig_bf_det_k16_l1_r1_c4_m4_w12g0_d64_s2_q2,det,migration_bruteforce,16,1,1,4,4,12,0,64,2,2,3.352000e+00,17167,10900,31,38,0,2561,2507,24,1,5.500000e+01,4.470000e+01,
mig_bf_det_k16_l1_r1_c4_m4_w12g4_d32_s2_q2,det,migration_bruteforce,16,1,1,4,4,12,4,32,2,2,3.352000e+00,16955,10296,31,27,0,2189,2399,13,1,5.580000e+01,4.560000e+01,
mig_bf_det_k16_l1_r1_c4_m4_w12g4_d64_s2_q2,det,migration_bruteforce,16,1,1,4,4,12,4,64,2,2,3.352000e+00,17601,11137,31,38,0,2561,2507,24,1,5.730000e+01,4.460000e+01,
mig_bf_det_k16_l1_r1_c4_m4_w12g8_d32_s2_q2,det,migration_bruteforce,16,1,1,4,4,12,8,32,2,2,3.352000e+00,17250,10501,31,27,0,2189,2399,13,1,5.380000e+01,4.790000e+01,
mig_bf_det_k16_l1_r1_c4_m4_w12g8_d64_s2_q2,det,migration_bruteforce,16,1,1,4,4,12,8,64,2,2,3.352000e+00,17896,11342,31,38,0,2561,2507,24,1,5.010000e+01,4.610000e+01,
mig_bf_det_k16_l1_r1_c4_m4_w14g0_d32_s2_q2,det,migration_bruteforce,16,1,1,4,4,14,0,32,2,2,3.352000e+00,16891,10360,31,27,0,2189,2399,13,1,5.010000e+01,4.690000e+01,
mig_bf_det_k16_l1_r1_c4_m4_w14g0_d64_s2_q2,det,migration_bruteforce,16,1,1,4,4,14,0,64,2,2,3.352000e+00,17569,11201,31,38,0,2561,2507,24,1,5.680000e+01,4.660000e+01,
mig_bf_det_k16_l1_r1_c4_m4_w14g4_d32_s2_q2,det,migration_bruteforce,16,1,1,4,4,14,4,32,2,2,3.352000e+00,17268,10570,31,27,0,2189,2399,13,1,5.670000e+01,5.070000e+01,
mig_bf_det_k16_l1_r1_c4_m4_w14g4_d64_s2_q2,det,migration_bruteforce,16,1,1,4,4,14,4,64,2,2,3.352000e+00,17946,11411,31,38,0,2561,2507,24,1,5.590000e+01,4.470000e+01,
mig_bf_det_k16_l1_r1_c4_m4_w14g8_d32_s2_q2,det,migration_bruteforce,16,1,1,4,4,14,8,32,2,2,3.352000e+00,17591,10802,31,27,0,2189,2399,13,1,5.570000e+01,4.860000e+01,
mig_bf_det_k16_l1_r1_c4_m4_w14g8_d64_s2_q2,det,migration_bruteforce,16,1,1,4,4,14,8,64,2,2,3.352000e+00,18269,11643,31,38,0,2561,2507,24,1,5.590000e+01,4.730000e+01,
mig_bf_det_k16_l1_r1_c4_m4_w16g0_d32_s2_q2,det,migration_bruteforce,16,1,1,4,4,16,0,32,2,2,3.352000e+00,17041,10708,31,27,0,2189,2399,13,1,5.140000e+01,4.430000e+01,
mig_bf_det_k16_l1_r1_c4_m4_w16g0_d64_s2_q2,det,migration_bruteforce,16,1,1,4,4,16,0,64,2,2,3.352000e+00,17491,11495,31,38,0,2561,2507,24,1,5.440000e+01,4.740000e+01,
mig_bf_det_k16_l1_r1_c4_m4_w16g4_d32_s2_q2,det,migration_bruteforce,16,1,1,4,4,16,4,32,2,2,3.352000e+00,17399,10900,31,27,0,2189,2399,13,1,5.410000e+01,5.040000e+01,
mig_bf_det_k16_l1_r1_c4_m4_w16g4_d64_s2_q2,det,migration_bruteforce,16,1,1,4,4,16,4,64,2,2,3.352000e+00,17849,11687,31,38,0,2561,2507,24,1,5.660000e+01,4.460000e+01,
mig_bf_det_k16_l1_r1_c4_m4_w16g8_d32_s2_q2,det,migration_bruteforce,16,1,1,4,4,16,8,32,2,2,3.352000e+00,17730,11223,31,27,0,2189,2399,13,1,5.570000e+01,5.030000e+01,
mig_bf_det_k16_l1_r1_c4_m4_w16g8_d64_s2_q2,det,migration_bruteforce,16,1,1,4,4,16,8,64,2,2,3.352000e+00,18180,12010,31,38,0,2561,2507,24,1,5.370000e+01,4.850000e+01,
mig_bf_det_k16_l1_r4_c4_m3_w8g0_d32_s2_q2,det,migration_bruteforce,16,1,4,4,3,8,0,32,2,2,3.392000e+00,18255,10650,54,23,0,2189,2399,9,1,5.630000e+01,4.120000e+01,
mig_bf_det_k16_l1_r4_c4_m3_w8g0_d64_s2_q2,det,migration_bruteforce,16,1,4,4,3,8,0,64,2,2,3.392000e+00,18861,11475,54,30,0,2561,2507,16,1,5.490000e+01,3.790000e+01,
mig_bf_det_k16_l1_r4_c4_m3_w8g4_d32_s2_q2,det,migration_bruteforce,16,1,4,4,3,8,4,32,2,2,3.392000e+00,18515,10841,54,23,0,2189,2399,9,1,5.360000e+01,4.240000e+01,
mig_bf_det_k16_l1_r4_c4_m3_w8g4_d64_s2_q2,det,migration_bruteforce,16,1,4,4,3,8,4,64,2,2,3.392000e+00,19121,11666,54,30,0,2561,2507,16,1,6.050000e+01,3.890000e+01,
mig_bf_det_k16_l1_r4_c4_m3_w8g8_d32_s2_q2,det,migration_bruteforce,16,1,4,4,3,8,8,32,2,2,3.392000e+00,18894,11073,54,23,0,2189,2399,9,1,5.850000e+01,4.500000e+01,
mig_bf_det_k16_l1_r4_c4_m3_w8g8_d64_s2_q2,det,migration_bruteforce,16,1,4,4,3,8,8,64,2,2,3.392000e+00,19500,11898,54,30,0,2561,2507,16,1,5.740000e+01,3.870000e+01,
mig_bf_det_k16_l1_r4_c4_m3_w10g0_d32_s2_q2,det,migration_bruteforce,16,1,4,4,3,10,0,32,2,2,3.392000e+00,18780,11475,56,27,0,2189,2399,13,1,5.890000e+01,3.990000e+01,
mig_bf_det_k16_l1_r4_c4_m3_w10g0_d64_s2_q2,det,migration_bruteforce,16,1,4,4,3,10,0,64,2,2,3.392000e+00,19410,12308,56,38,0,2561,2507,24,1,6.180000e+01,4.210000e+01,
mig_bf_det_k16_l1_r4_c4_m3_w10g4_d32_s2_q2,det,migration_bruteforce,16,1,4,4,3,10,4,32,2,2,3.392000e+00,19171,11712,56,27,0,2189,2399,13,1,5.870000e+01,4.010000e+01,
mig_bf_det_k16_l1_r4_c4_m3_w10g4_d64_s2_q2,det,migration_bruteforce,16,1,4,4,3,10,4,64,2,2,3.392000e+00,19801,12545,56,38,0,2561,2507,24,1,5.810000e+01,4.890000e+01,
mig_bf_det_k16_l1_r4_c4_m3_w10g8_d32_s2_q2,det,migration_bruteforce,16,1,4,4,3,10,8,32,2,2,3.392000e+00,19489,11917,56,27,0,2189,2399,13,1,5.670000e+01,4.590000e+01,
mig_bf_det_k16_l1_r4_c4_m3_w10g8_d64_s2_q2,det,migration_bruteforce,16,1,4,4,3,10,8,64,2,2,3.392000e+00,20119,12750,56,38,0,2561,2507,24,1,6.250000e+01,4.310000e+01,
mig_bf_det_k16_l1_r4_c4_m3_w12g0_d32_s2_q2,det,migration_bruteforce,16,1,4,4,3,12,0,32,2,2,3.392000e+00,18838,12128,63,27,0,2189,2399,13,1,5.940000e+01,4.100000e+01,
mig_bf_det_k16_l1_r4_c4_m3_w12g0_d64_s2_q2,det,migration_bruteforce,16,1,4,4,3,12,0,64,2,2,3.392000e+00,19484,12969,63,38,0,2561,2507,24,1,6.100000e+01,4.340000e+01,
mig_bf_det_k16_l1_r4_c4_m3_w12g4_d32_s2_q2,det,migration_bruteforce,16,1,4,4,3,12,4,32,2,2,3.392000e+00,19272,12365,63,27,0,2189,2399,13,1,6.240000e+01,4.430000e+01,
mig_bf_det_k16_l1_r4_c4_m3_w12g4_d64_s2_q2,det,migration_bruteforce,16,1,4,4,3,12,4,64,2,2,3.392000e+00,19918,13206,63,38,0,2561,2507,24,1,5.770000e+01,4.270000e+01,
mig_bf_det_k16_l1_r4_c4_m3_w12g8_d32_s2_q2,det,migration_bruteforce,16,1,4,4,3,12,8,32,2,2,3.392000e+00,19567,12570,63,27,0,2189,2399,13,1,5.570000e+01,4.570000e+01,
mig_bf_det_k16_l1_r4_c4_m3_w12g8_d64_s2_q2,det,migration_bruteforce,16,1,4,4,3,12,8,64,2,2,3.392000e+00,20213,13411,63,38,0,2561,2507,24,1,6.200000e+01,4.220000e+01,
mig_bf_det_k16_l1_r4_c4_m3_w14g0_d32_s2_q2,det,migration_bruteforce,16,1,4,4,3,14,0,32,2,2,3.392000e+00,19418,12823,63,27,0,2189,2399,13,1,6.130000e+01,4.130000e+01,
mig_bf_det_k16_l1_r4_c4_m3_w14g0_d64_s2_q2,det,migration_bruteforce,16,1,4,4,3,14,0,64,2,2,3.392000e+00,20096,13664,63,38,0,2561,2507,24,1,6.130000e+01,4.530000e+01,
mig_bf_det_k16_l1_r4_c4_m3_w14g4_d32_s2_q2,det,migration_bruteforce,16,1,4,4,3,14,4,32,2,2,3.392000e+00,19795,13033,63,27,0,2189,2399,13,1,6.440000e+01,4.490000e+01,
mig_bf_det_k16_l1_r4_c4_m3_w14g4_d64_s2_q2,det,migration_bruteforce,16,1,4,4,3,14,4,64,2,2,3.392000e+00,20473,13874,63,38,0,2561,2507,24,1,6.080000e+01,4.820000e+01,
mig_bf_det_k16_l1_r4_c4_m3_w14g8_d32_s2_q2,det,migration_bruteforce,16,1,4,4,3,14,8,32,2,2,3.392000e+00,20118,13265,63,27,0,2189,2399,13,1,5.630000e+01,4.780000e+01,
mig_bf_det_k16_l1_r4_c4_m3_w14g8_d64_s2_q2,det,migration_bruteforce,16,1,4,4,3,14,8,64,2,2,3.392000e+00,20796,14106,63,38,0,2561,2507,24,1,6.090000e+01,4.580000e+01,
mig_bf_det_k16_l1_r4_c4_m3_w16g0_d32_s2_q2,det,migration_bruteforce,16,1,4,4,3,16,0,32,2,2,3.392000e+00,19740,13481,63,27,0,2189,2399,13,1,5.880000e+01,4.580000e+01,
mig_bf_det_k16_l1_r4_c4_m3_w16g0_d64_s2_q2,det,migration_bruteforce,16,1,4,4,3,16,0,64,2,2,3.392000e+00,20190,14268,63,38,0,2561,2507,24,1,5.910000e+01,4.460000e+01,
mig_bf_det_k16_l1_r4_c4_m3_w16g4_d32_s2_q2,det,migration_bruteforce,16,1,4,4,3,16,4,32,2,2,3.392000e+00,20098,13673,63,27,0,2189,2399,13,1,5.970000e+01,4.690000e+01,
mig_bf_det_k16_l1_r4_c4_m3_w16g4_d64_s2_q2,det,migration_bruteforce,16,1,4,4,3,16,4,64,2,2,3.392000e+00,20548,14460,63,38,0,2561,2507,24,1,5.790000e+01,4.810000e+01,
mig_bf_det_k16_l1_r4_c4_m3_w16g8_d32_s2_q2,det,migration_bruteforce,16,1,4,4,3,16,8,32,2,2,3.392000e+00,20429,13996,63,27,0,2189,2399,13,1,6.090000e+01,5.100000e+01,
mig_bf_det_k16_l1_r4_c4_m3_w16g8_d64_s2_q2,det,migration_bruteforce,16,1,4,4,3,16,8,64,2,2,3.392000e+00,20879,14783,63,38,0,2561,2507,24,1,6.140000e+01,4.490000e+01,
mig_bf_det_k16_l1_r4_c4_m4_w8g0_d32_s2_q2,det,migration_bruteforce,16,1,4,4,4,8,0,32,2,2,3.352000e+00,19439,11347,38,23,0,2189,2399,9,1,5.580000e+01,2.920000e+01,
mig_bf_det_k16_l1_r4_c4_m4_w8g0_d64_s2_q2,det,migration_bruteforce,16,1,4,4,4,8,0,64,2,2,3.352000e+00,20045,12172,38,30,0,2561,2507,16,1,5.790000e+01,3.730000e+01,
mig_bf_det_k16_l1_r4_c4_m4_w8g4_d32_s2_q2,det,migration_bruteforce,16,1,4,4,4,8,4,32,2,2,3.352000e+00,19699,11538,38,23,0,2189,2399,9,1,5.940000e+01,3.310000e+01,
mig_bf_det_k16_l1_r4_c4_m4_w8g4_d64_s2_q2,det,migration_bruteforce,16,1,4,4,4,8,4,64,2,2,3.352000e+00,20305,12363,38,30,0,2561,2507,16,1,6.060000e+01,4.070000e+01,
mig_bf_det_k16_l1_r4_c4_m4_w8g8_d32_s2_q2,det,migration_bruteforce,16,1,4,4,4,8,8,32,2,2,3.352000e+00,20078,11770,38,23,0,2189,2399,9,1,5.300000e+01,4.300000e+01,
mig_bf_det_k16_l1_r4_c4_m4_w8g8_d64_s2_q2,det,migration_bruteforce,16,1,4,4,4,8,8,64,2,2,3.352000e+00,20684,12595,38,30,0,2561,2507,16,1,6.200000e+01,3.760000e+01,
mig_bf_det_k16_l1_r4_c4_m4_w10g0_d32_s2_q2,det,migration_bruteforce,16,1,4,4,4,10,0,32,2,2,3.352000e+00,19532,12252,56,27,0,2189,2399,13,1,6.080000e+01,3.620000e+01,
mig_bf_det_k16_l1_r4_c4_m4_w10g0_d64_s2_q2,det,migration_bruteforce,16,1,4,4,4,10,0,64,2,2,3.352000e+00,20162,13085,56,38,0,2561,2507,24,1,5.720000e+01,3.540000e+01,
mig_bf_det_k16_l1_r4_c4_m4_w10g4_d32_s2_q2,det,migration_bruteforce,16,1,4,4,4,10,4,32,2,2,3.352000e+00,19923,12489,56,27,0,2189,2399,13,1,5.780000e+01,3.910000e+01,
mig_bf_det_k16_l1_r4_c4_m4_w10g4_d64_s2_q2,det,migration_bruteforce,16,1,4,4,4,10,4,64,2,2,3.352000e+00,20553,13322,56,38,0,2561,2507,24,1,5.200000e+01,4.310000e+01,
mig_bf_det_k16_l1_r4_c4_m4_w10g8_d32_s2_q2,det,migration_bruteforce,16,1,4,4,4,10,8,32,2,2,3.352000e+00,20241,12694,56,27,0,2189,2399,13,1,5.950000e+01,4.220000e+01,
mig_bf_det_k16_l1_r4_c4_m4_w10g8_d64_s2_q2,det,migration_bruteforce,16,1,4,4,4,10,8,64,2,2,3.352000e+00,20871,13527,56,38,0,2561,2507,24,1,5.740000e+01,4.350000e+01,
mig_bf_det_k16_l1_r4_c4_m4_w12g0_d32_s2_q2,det,migration_bruteforce,16,1,4,4,4,12,0,32,2,2,3.352000e+00,18614,12985,79,27,0,2189,2399,13,1,5.630000e+01,3.820000e+01,
mig_bf_det_k16_l1_r4_c4_m4_w12g0_d64_s2_q2,det,migration_bruteforce,16,1,4,4,4,12,0,64,2,2,3.352000e+00,19260,13826,79,38,0,2561,2507,24,1,6.780000e+01,3.970000e+01,
mig_bf_det_k16_l1_r4_c4_m4_w12g4_d32_s2_q2,det,migration_bruteforce,16,1,4,4,4,12,4,32,2,2,3.352000e+00,19048,13222,79,27,0,2189,2399,13,1,6.300000e+01,3.720000e+01,
mig_bf_det_k16_l1_r4_c4_m4_w12g4_d64_s2_q2,det,migration_bruteforce,16,1,4,4,4,12,4,64,2,2,3.352000e+00,19694,14063,79,38,0,2561,2507,24,1,5.640000e+01,4.280000e+01,
mig_bf_det_k16_l1_r4_c4_m4_w12g8_d32_s2_q2,det,migration_bruteforce,16,1,4,4,4,12,8,32,2,2,3.352000e+00,19343,13427,79,27,0,2189,2399,13,1,5.660000e+01,4.340000e+01,
mig_bf_det_k16_l1_r4_c4_m4_w12g8_d64_s2_q2,det,migration_bruteforce,16,1,4,4,4,12,8,64,2,2,3.352000e+00,19989,14268,79,38,0,2561,2507,24,1,5.690000e+01,4.690000e+01,
mig_bf_det_k16_l1_r4_c4_m4_w14g0_d32_s2_q2,det,migration_bruteforce,16,1,4,4,4,14,0,32,2,2,3.352000e+00,19066,13576,79,27,0,2189,2399,13,1,5.660000e+01,4.320000e+01,
mig_bf_det_k16_l1_r4_c4_m4_w14g0_d64_s2_q2,det,migration_bruteforce,16,1,4,4,4,14,0,64,2,2,3.352000e+00,19744,14417,79,38,0,2561,2507,24,1,6.160000e+01,3.820000e+01,
mig_bf_det_k16_l1_r4_c4_m4_w14g4_d32_s2_q2,det,migration_bruteforce,16,1,4,4,4,14,4,32,2,2,3.352000e+00,19443,13786,79,27,0,2189,2399,13,1,5.530000e+01,4.580000e+01,
mig_bf_det_k16_l1_r4_c4_m4_w14g4_d64_s2_q2,det,migration_bruteforce,16,1,4,4,4,14,4,64,2,2,3.352000e+00,20121,14627,79,38,0,2561,2507,24,1,5.850000e+01,4.320000e+01,
mig_bf_det_k16_l1_r4_c4_m4_w14g8_d32_s2_q2,det,migration_bruteforce,16,1,4,4,4,14,8,32,2,2,3.352000e+00,19766,14018,79,27,0,2189,2399,13,1,5.820000e+01,4.290000e+01,
mig_bf_det_k16_l1_r4_c4_m4_w14g8_d64_s2_q2,det,migration_bruteforce,16,1,4,4,4,14,8,64,2,2,3.352000e+00,20444,14859,79,38,0,2561,2507,24,1,5.600000e+01,4.320000e+01,
mig_bf_det_k16_l1_r4_c4_m4_w16g0_d32_s2_q2,det,migration_bruteforce,16,1,4,4,4,16,0,32,2,2,3.352000e+00,19324,14314,79,27,0,2189,2399,13,1,5.340000e+01,4.200000e+01,
mig_bf_det_k16_l1_r4_c4_m4_w16g0_d64_s2_q2,det,migration_bruteforce,16,1,4,4,4,16,0,64,2,2,3.352000e+00,19774,15101,79,38,0,2561,2507,24,1,5.700000e+01,4.240000e+01,
mig_bf_det_k16_l1_r4_c4_m4_w16g4_d32_s2_q2,det,migration_bruteforce,16,1,4,4,4,16,4,32,2,2,3.352000e+00,19682,14506,79,27,0,2189,2399,13,1,5.750000e+01,4.480000e+01,
mig_bf_det_k16_l1_r4_c4_m4_w16g4_d64_s2_q2,det,migration_bruteforce,16,1,4,4,4,16,4,64,2,2,3.352000e+00,20132,15293,79,38,0,2561,2507,24,1,5.370000e+01,4.550000e+01,
mig_bf_det_k16_l1_r4_c4_m4_w16g8_d32_s2_q2,det,migration_bruteforce,16,1,4,4,4,16,8,32,2,2,3.352000e+00,20013,14829,79,27,0,2189,2399,13,1,4.970000e+01,4.970000e+01,
mig_bf_det_k16_l1_r4_c4_m4_w16g8_d64_s2_q2,det,migration_bruteforce,16,1,4,4,4,16,8,64,2,2,3.352000e+00,20463,15616,79,38,0,2561,2507,24,1,6.290000e+01,4.040000e+01,
mig_bf_det_k16_l1_r16_c4_m3_w8g0_d32_s2_q2,det,migration_bruteforce,16,1,16,4,3,8,0,32,2,2,3.392000e+00,25821,16612,198,23,0,2189,2399,9,1,7.490000e+01,5.930000e+01,
mig_bf_det_k16_l1_r16_c4_m3_w8g0_d64_s2_q2,det,migration_bruteforce,16,1,16,4,3,8,0,64,2,2,3.392000e+00,26427,17437,198,30,0,2561,2507,16,1,7.580000e+01,5.990000e+01,
mig_bf_det_k16_l1_r16_c4_m3_w8g4_d32_s2_q2,det,migration_bruteforce,16,1,16,4,3,8,4,32,2,2,3.392000e+00,26081,16803,198,23,0,2189,2399,9,1,7.450000e+01,6.610000e+01,
mig_bf_det_k16_l1_r16_c4_m3_w8g4_d64_s2_q2,det,migration_bruteforce,16,1,16,4,3,8,4,64,2,2,3.392000e+00,26687,17628,198,30,0,2561,2507,16,1,7.630000e+01,6.940000e+01,
mig_bf_det_k16_l1_r16_c4_m3_w8g8_d32_s2_q2,det,migration_bruteforce,16,1,16,4,3,8,8,32,2,2,3.392000e+00,26460,17035,198,23,0,2189,2399,9,1,6.530000e+01,6.740000e+01,
mig_bf_det_k16_l1_r16_c4_m3_w8g8_d64_s2_q2,det,migration_bruteforce,16,1,16,4,3,8,8,64,2,2,3.392000e+00,27066,17860,198,30,0,2561,2507,16,1,8.510000e+01,6.380000e+01,
mig_bf_det_k16_l1_r16_c4_m3_w10g0_d32_s2_q2,det,migration_bruteforce,16,1,16,4,3,10,0,32,2,2,3.392000e+00,26970,18735,200,27,0,2189,2399,13,1,7.590000e+01,6.060000e+01,
mig_bf_det_k16_l1_r16_c4_m3_w10g0_d64_s2_q2,det,migration_bruteforce,16,1,16,4,3,10,0,64,2,2,3.392000e+00,27600,19568,200,38,0,2561,2507,24,1,6.800000e+01,6.370000e+01,
mig_bf_det_k16_l1_r16_c4_m3_w10g4_d32_s2_q2,det,migration_bruteforce,16,1,16,4,3,10,4,32,2,2,3.392000e+00,27361,18972,200,27,0,2189,2399,13,1,6.960000e+01,6.410000e+01,
mig_bf_det_k16_l1_r16_c4_m3_w10g4_d64_s2_q2,det,migration_bruteforce,16,1,16,4,3,10,4,64,2,2,3.392000e+00,27991,19805,200,38,0,2561,2507,24,1,8.260000e+01,5.950000e+01,
mig_bf_det_k16_l1_r16_c4_m3_w10g8_d32_s2_q2,det,migration_bruteforce,16,1,16,4,3,10,8,32,2,2,3.392000e+00,27679,19177,200,27,0,2189,2399,13,1,6.960000e+01,6.460000e+01,
mig_bf_det_k16_l1_r16_c4_m3_w10g8_d64_s2_q2,det,migration_bruteforce,16,1,16,4,3,10,8,64,2,2,3.392000e+00,28309,20010,200,38,0,2561,2507,24,1,7.820000e+01,6.140000e+01,
mig_bf_det_k16_l1_r16_c4_m3_w12g0_d32_s2_q2,det,migration_bruteforce,16,1,16,4,3,12,0,32,2,2,3.392000e+00,27628,20686,207,27,0,2189,2399,13,1,7.070000e+01,6.200000e+01,
mig_bf_det_k16_l1_r16_c4_m3_w12g0_d64_s2_q2,det,migration_bruteforce,16,1,16,4,3,12,0,64,2,2,3.392000e+00,28274,21527,207,38,0,2561,2507,24,1,7.330000e+01,6.310000e+01,
mig_bf_det_k16_l1_r16_c4_m3_w12g4_d32_s2_q2,det,migration_bruteforce,16,1,16,4,3,12,4,32,2,2,3.392000e+00,28062,20923,207,27,0,2189,2399,13,1,7.660000e+01,6.970000e+01,
mig_bf_det_k16_l1_r16_c4_m3_w12g4_d64_s2_q2,det,migration_bruteforce,16,1,16,4,3,12,4,64,2,2,3.392000e+00,28708,21764,207,38,0,2561,2507,24,1,7.900000e+01,5.940000e+01,
mig_bf_det_k16_l1_r16_c4_m3_w12g8_d32_s2_q2,det,migration_bruteforce,16,1,16,4,3,12,8,32,2,2,3.392000e+00,28357,21128,207,27,0,2189,2399,13,1,7.190000e+01,7.160000e+01,
mig_bf_det_k16_l1_r16_c4_m3_w12g8_d64_s2_q2,det,migration_bruteforce,16,1,16,4,3,12,8,64,2,2,3.392000e+00,29003,21969,207,38,0,2561,2507,24,1,7.830000e+01,6.320000e+01,
mig_bf_det_k16_l1_r16_c4_m3_w14g0_d32_s2_q2,det,migration_bruteforce,16,1,16,4,3,14,0,32,2,2,3.392000e+00,28856,22889,207,27,0,2189,2399,13,1,7.320000e+01,6.560000e+01,
mig_bf_det_k16_l1_r16_c4_m3_w14g0_d64_s2_q2,det,migration_bruteforce,16,1,16,4,3,14,0,64,2,2,3.392000e+00,29534,23730,207,38,0,2561,2507,24,1,7.590000e+01,6.320000e+01,
mig_bf_det_k16_l1_r16_c4_m3_w14g4_d32_s2_q2,det,migration_bruteforce,16,1,16,4,3,14,4,32,2,2,3.392000e+00,29233,23099,207,27,0,2189,2399,13,1,7.080000e+01,7.160000e+01,
mig_bf_det_k16_l1_r16_c4_m3_w14g4_d64_s2_q2,det,migration_bruteforce,16,1,16,4,3,14,4,64,2,2,3.392000e+00,29911,23940,207,38,0,2561,2507,24,1,7.650000e+01,6.120000e+01,
mig_bf_det_k16_l1_r16_c4_m3_w14g8_d32_s2_q2,det,migration_bruteforce,16,1,16,4,3,14,8,32,2,2,3.392000e+00,29556,23331,207,27,0,2189,2399,13,1,6.740000e+01,7.570000e+01,
mig_bf_det_k16_l1_r16_c4_m3_w14g8_d64_s2_q2,det,migration_bruteforce,16,1,16,4,3,14,8,64,2,2,3.392000e+00,30234,24172,207,38,0,2561,2507,24,1,7.680000e+01,6.500000e+01,
mig_bf_det_k16_l1_r16_c4_m3_w16g0_d32_s2_q2,det,migration_bruteforce,16,1,16,4,3,16,0,32,2,2,3.392000e+00,29802,24875,207,27,0,2189,2399,13,1,7.280000e+01,6.590000e+01,
mig_bf_det_k16_l1_r16_c4_m3_w16g0_d64_s2_q2,det,migration_bruteforce,16,1,16,4,3,16,0,64,2,2,3.392000e+00,30252,25662,207,38,0,2561,2507,24,1,7.550000e+01,6.580000e+01,
mig_bf_det_k16_l1_r16_c4_m3_w16g4_d32_s2_q2,det,migration_bruteforce,16,1,16,4,3,16,4,32,2,2,3.392000e+00,30160,25067,207,27,0,2189,2399,13,1,6.930000e+01,7.830000e+01,
mig_bf_det_k16_l1_r16_c4_m3_w16g4_d64_s2_q2,det,migration_bruteforce,16,1,16,4,3,16,4,64,2,2,3.392000e+00,30610,25854,207,38,0,2561,2507,24,1,7.680000e+01,5.820000e+01,
mig_bf_det_k16_l1_r16_c4_m3_w16g8_d32_s2_q2,det,migration_bruteforce,16,1,16,4,3,16,8,32,2,2,3.392000e+00,30491,25390,207,27,0,2189,2399,13,1,6.880000e+01,7.550000e+01,
mig_bf_det_k16_l1_r16_c4_m3_w16g8_d64_s2_q2,det,migration_bruteforce,16,1,16,4,3,16,8,64,2,2,3.392000e+00,30941,26177,207,38,0,2561,2507,24,1,7.960000e+01,7.080000e+01,
mig_bf_det_k16_l1_r16_c4_m4_w8g0_d32_s2_q2,det,migration_bruteforce,16,1,16,4,4,8,0,32,2,2,3.352000e+00,30077,18151,134,23,0,2189,2399,9,1,7.610000e+01,4.510000e+01,
mig_bf_det_k16_l1_r16_c4_m4_w8g0_d64_s2_q2,det,migration_bruteforce,16,1,16,4,4,8,0,64,2,2,3.352000e+00,30683,18976,134,30,0,2561,2507,16,1,7.350000e+01,5.520000e+01,
mig_bf_det_k16_l1_r16_c4_m4_w8g4_d32_s2_q2,det,migration_bruteforce,16,1,16,4,4,8,4,32,2,2,3.352000e+00,30337,18342,134,23,0,2189,2399,9,1,6.510000e+01,5.200000e+01,
mig_bf_det_k16_l1_r16_c4_m4_w8g4_d64_s2_q2,det,migration_bruteforce,16,1,16,4,4,8,4,64,2,2,3.352000e+00,30943,19167,134,30,0,2561,2507,16,1,7.480000e+01,4.410000e+01,
mig_bf_det_k16_l1_r16_c4_m4_w8g8_d32_s2_q2,det,migration_bruteforce,16,1,16,4,4,8,8,32,2,2,3.352000e+00,30716,18574,134,23,0,2189,2399,9,1,7.340000e+01,5.050000e+01,
mig_bf_det_k16_l1_r16_c4_m4_w8g8_d64_s2_q2,det,migration_bruteforce,16,1,16,4,4,8,8,64,2,2,3.352000e+00,31322,19399,134,30,0,2561,2507,16,1,7.200000e+01,5.390000e+01,
mig_bf_det_k16_l1_r16_c4_m4_w10g0_d32_s2_q2,det,migration_bruteforce,16,1,16,4,4,10,0,32,2,2,3.352000e+00,29466,20624,200,27,0,2189,2399,13,1,7.480000e+01,5.700000e+01,
mig_bf_det_k16_l1_r16_c4_m4_w10g0_d64_s2_q2,det,migration_bruteforce,16,1,16,4,4,10,0,64,2,2,3.352000e+00,30096,21457,200,38,0,2561,2507,24,1,6.640000e+01,5.620000e+01,
mig_bf_det_k16_l1_r16_c4_m4_w10g4_d32_s2_q2,det,migration_bruteforce,16,1,16,4,4,10,4,32,2,2,3.352000e+00,29857,20861,200,27,0,2189,2399,13,1,6.960000e+01,5.370000e+01,
mig_bf_det_k16_l1_r16_c4_m4_w10g4_d64_s2_q2,det,migration_bruteforce,16,1,16,4,4,10,4,64,2,2,3.352000e+00,30487,21694,200,38,0,2561,2507,24,1,7.660000e+01,4.370000e+01,
mig_bf_det_k16_l1_r16_c4_m4_w10g8_d32_s2_q2,det,migration_bruteforce,16,1,16,4,4,10,8,32,2,2,3.352000e+00,30175,21066,200,27,0,2189,2399,13,1,7.570000e+01,5.280000e+01,
mig_bf_det_k16_l1_r16_c4_m4_w10g8_d64_s2_q2,det,migration_bruteforce,16,1,16,4,4,10,8,64,2,2,3.352000e+00,30805,21899,200,38,0,2561,2507,24,1,6.760000e+01,5.640000e+01,
mig_bf_det_k16_l1_r16_c4_m4_w12g0_d32_s2_q2,det,migration_bruteforce,16,1,16,4,4,12,0,32,2,2,3.352000e+00,26220,22957,271,27,0,2189,2399,13,1,7.490000e+01,4.780000e+01,
mig_bf_det_k16_l1_r16_c4_m4_w12g0_d64_s2_q2,det,migration_bruteforce,16,1,16,4,4,12,0,64,2,2,3.352000e+00,26866,23798,271,38,0,2561,2507,24,1,7.100000e+01,5.490000e+01,
mig_bf_det_k16_l1_r16_c4_m4_w12g4_d32_s2_q2,det,migration_bruteforce,16,1,16,4,4,12,4,32,2,2,3.352000e+00,26654,23194,271,27,0,2189,2399,13,1,7.160000e+01,5.700000e+01,
mig_bf_det_k16_l1_r16_c4_m4_w12g4_d64_s2_q2,det,migration_bruteforce,16,1,16,4,4,12,4,64,2,2,3.352000e+00,27300,24035,271,38,0,2561,2507,24,1,7.680000e+01,4.790000e+01,
mig_bf_det_k16_l1_r16_c4_m4_w12g8_d32_s2_q2,det,migration_bruteforce,16,1,16,4,4,12,8,32,2,2,3.352000e+00,26949,23399,271,27,0,2189,2399,13,1,7.200000e+01,5.300000e+01,
mig_bf_det_k16_l1_r16_c4_m4_w12g8_d64_s2_q2,det,migration_bruteforce,16,1,16,4,4,12,8,64,2,2,3.352000e+00,27595,24240,271,38,0,2561,2507,24,1,7.070000e+01,6.050000e+01,
mig_bf_det_k16_l1_r16_c4_m4_w14g0_d32_s2_q2,det,migration_bruteforce,16,1,16,4,4,14,0,32,2,2,3.352000e+00,27448,25803,271,27,0,2189,2399,13,1,6.950000e+01,5.430000e+01,
mig_bf_det_k16_l1_r16_c4_m4_w14g0_d64_s2_q2,det,migration_bruteforce,16,1,16,4,4,14,0,64,2,2,3.352000e+00,28126,26644,271,38,0,2561,2507,24,1,7.140000e+01,5.410000e+01,
mig_bf_det_k16_l1_r16_c4_m4_w14g4_d32_s2_q2,det,migration_bruteforce,16,1,16,4,4,14,4,32,2,2,3.352000e+00,27825,26013,271,27,0,2189,2399,13,1,6.790000e+01,5.570000e+01,
mig_bf_det_k16_l1_r16_c4_m4_w14g4_d64_s2_q2,det,migration_bruteforce,16,1,16,4,4,14,4,64,2,2,3.352000e+00,28503,26854,271,38,0,2561,2507,24,1,8.010000e+01,4.670000e+01,
mig_bf_det_k16_l1_r16_c4_m4_w14g8_d32_s2_q2,det,migration_bruteforce,16,1,16,4,4,14,8,32,2,2,3.352000e+00,28148,26245,271,27,0,2189,2399,13,1,7.880000e+01,5.140000e+01,
mig_bf_det_k16_l1_r16_c4_m4_w14g8_d64_s2_q2,det,migration_bruteforce,16,1,16,4,4,14,8,64,2,2,3.352000e+00,28826,27086,271,38,0,2561,2507,24,1,7.290000e+01,5.330000e+01,
mig_bf_det_k16_l1_r16_c4_m4_w16g0_d32_s2_q2,det,migration_bruteforce,16,1,16,4,4,16,0,32,2,2,3.352000e+00,28106,28137,271,27,0,2189,2399,13,1,6.590000e+01,5.390000e+01,
mig_bf_det_k16_l1_r16_c4_m4_w16g0_d64_s2_q2,det,migration_bruteforce,16,1,16,4,4,16,0,64,2,2,3.352000e+00,28556,28924,271,38,0,2561,2507,24,1,6.830000e+01,5.350000e+01,
mig_bf_det_k16_l1_r16_c4_m4_w16g4_d32_s2_q2,det,migration_bruteforce,16,1,16,4,4,16,4,32,2,2,3.352000e+00,28464,28329,271,27,0,2189,2399,13,1,6.650000e+01,5.660000e+01,
mig_bf_det_k16_l1_r16_c4_m4_w16g4_d64_s2_q2,det,migration_bruteforce,16,1,16,4,4,16,4,64,2,2,3.352000e+00,28914,29116,271,38,0,2561,2507,24,1,8.100000e+01,5.220000e+01,
mig_bf_det_k16_l1_r16_c4_m4_w16g8_d32_s2_q2,det,migration_bruteforce,16,1,16,4,4,16,8,32,2,2,3.352000e+00,28795,28652,271,27,0,2189,2399,13,1,7.430000e+01,5.700000e+01,
mig_bf_det_k16_l1_r16_c4_m4_w16g8_d64_s2_q2,det,migration_bruteforce,16,1,16,4,4,16,8,64,2,2,3.352000e+00,29245,29439,271,38,0,2561,2507,24,1,7.230000e+01,6.210000e+01,
mig_bf_det_k16_l4_r1_c4_m3_w8g0_d32_s2_q2,det,migration_bruteforce,16,4,1,4,3,8,0,32,2,2,3.392000e+00,31572,14435,30,46,0,2189,2399,14,1,5.760000e+01,5.250000e+01,
mig_bf_det_k16_l4_r1_c4_m3_w8g0_d64_s2_q2,det,migration_bruteforce,16,4,1,4,3,8,0,64,2,2,3.392000e+00,32142,15260,30,50,0,2561,2507,18,1,6.390000e+01,5.010000e+01,
mig_bf_det_k16_l4_r1_c4_m3_w8g4_d32_s2_q2,det,migration_bruteforce,16,4,1,4,3,8,4,32,2,2,3.392000e+00,32395,15142,30,46,0,2189,2399,14,1,6.840000e+01,4.800000e+01,
mig_bf_det_k16_l4_r1_c4_m3_w8g4_d64_s2_q2,det,migration_bruteforce,16,4,1,4,3,8,4,64,2,2,3.392000e+00,32965,15967,30,50,0,2561,2507,18,1,7.090000e+01,4.470000e+01,
mig_bf_det_k16_l4_r1_c4_m3_w8g8_d32_s2_q2,det,migration_bruteforce,16,4,1,4,3,8,8,32,2,2,3.392000e+00,33453,15998,30,46,0,2189,2399,14,1,7.390000e+01,4.940000e+01,
mig_bf_det_k16_l4_r1_c4_m3_w8g8_d64_s2_q2,det,migration_bruteforce,16,4,1,4,3,8,8,64,2,2,3.392000e+00,34023,16823,30,50,0,2561,2507,18,1,7.510000e+01,6.160000e+01,
mig_bf_det_k16_l4_r1_c4_m3_w10g0_d32_s2_q2,det,migration_bruteforce,16,4,1,4,3,10,0,32,2,2,3.392000e+00,32902,16010,38,51,0,2189,2399,19,1,6.110000e+01,5.100000e+01,
mig_bf_det_k16_l4_r1_c4_m3_w10g0_d64_s2_q2,det,migration_bruteforce,16,4,1,4,3,10,0,64,2,2,3.392000e+00,33498,16845,38,55,0,2561,2507,23,1,6.340000e+01,5.340000e+01,
mig_bf_det_k16_l4_r1_c4_m3_w10g4_d32_s2_q2,det,migration_bruteforce,16,4,1,4,3,10,4,32,2,2,3.392000e+00,34116,16886,38,51,0,2189,2399,19,1,6.880000e+01,6.320000e+01,
mig_bf_det_k16_l4_r1_c4_m3_w10g4_d64_s2_q2,det,migration_bruteforce,16,4,1,4,3,10,4,64,2,2,3.392000e+00,34712,17721,38,55,0,2561,2507,23,1,7.670000e+01,4.850000e+01,
mig_bf_det_k16_l4_r1_c4_m3_w10g8_d32_s2_q2,det,migration_bruteforce,16,4,1,4,3,10,8,32,2,2,3.392000e+00,35000,17643,38,51,0,2189,2399,19,1,6.930000e+01,5.130000e+01,
mig_bf_det_k16_l4_r1_c4_m3_w10g8_d64_s2_q2,det,migration_bruteforce,16,4,1,4,3,10,8,64,2,2,3.392000e+00,35596,18478,38,55,0,2561,2507,23,1,6.690000e+01,6.390000e+01,
mig_bf_det_k16_l4_r1_c4_m3_w12g0_d32_s2_q2,det,migration_bruteforce,16,4,1,4,3,12,0,32,2,2,3.392000e+00,32770,17264,66,51,0,2189,2399,19,1,6.580000e+01,5.220000e+01,
mig_bf_det_k16_l4_r1_c4_m3_w12g0_d64_s2_q2,det,migration_bruteforce,16,4,1,4,3,12,0,64,2,2,3.392000e+00,33382,18107,66,55,0,2561,2507,23,1,7.410000e+01,5.220000e+01,
mig_bf_det_k16_l4_r1_c4_m3_w12g4_d32_s2_q2,det,migration_bruteforce,16,4,1,4,3,12,4,32,2,2,3.392000e+00,34048,18140,66,51,0,2189,2399,19,1,7.010000e+01,5.920000e+01,
mig_bf_det_k16_l4_r1_c4_m3_w12g4_d64_s2_q2,det,migration_bruteforce,16,4,1,4,3,12,4,64,2,2,3.392000e+00,34660,18983,66,55,0,2561,2507,23,1,7.930000e+01,4.940000e+01,
mig_bf_det_k16_l4_r1_c4_m3_w12g8_d32_s2_q2,det,migration_bruteforce,16,4,1,4,3,12,8,32,2,2,3.392000e+00,34876,18897,66,51,0,2189,2399,19,1,6.940000e+01,5.640000e+01,
mig_bf_det_k16_l4_r1_c4_m3_w12g8_d64_s2_q2,det,migration_bruteforce,16,4,1,4,3,12,8,64,2,2,3.392000e+00,35488,19740,66,55,0,2561,2507,23,1,6.840000e+01,6.240000e+01,
mig_bf_det_k16_l4_r1_c4_m3_w14g0_d32_s2_q2,det,migration_bruteforce,16,4,1,4,3,14,0,32,2,2,3.392000e+00,34060,18731,66,56,0,2189,2399,24,1,6.790000e+01,5.280000e+01,
mig_bf_det_k16_l4_r1_c4_m3_w14g0_d64_s2_q2,det,migration_bruteforce,16,4,1,4,3,14,0,64,2,2,3.392000e+00,34704,19574,66,60,0,2561,2507,28,1,6.860000e+01,5.610000e+01,
mig_bf_det_k16_l4_r1_c4_m3_w14g4_d32_s2_q2,det,migration_bruteforce,16,4,1,4,3,14,4,32,2,2,3.392000e+00,35180,19508,66,56,0,2189,2399,24,1,6.360000e+01,5.910000e+01,
mig_bf_det_k16_l4_r1_c4_m3_w14g4_d64_s2_q2,det,migration_bruteforce,16,4,1,4,3,14,4,64,2,2,3.392000e+00,35824,20351,66,60,0,2561,2507,28,1,7.230000e+01,5.240000e+01,
mig_bf_det_k16_l4_r1_c4_m3_w14g8_d32_s2_q2,det,migration_bruteforce,16,4,1,4,3,14,8,32,2,2,3.392000e+00,36077,20364,66,56,0,2189,2399,24,1,6.600000e+01,5.620000e+01,
mig_bf_det_k16_l4_r1_c4_m3_w14g8_d64_s2_q2,det,migration_bruteforce,16,4,1,4,3,14,8,64,2,2,3.392000e+00,36721,21207,66,60,0,2561,2507,28,1,6.160000e+01,5.940000e+01,
mig_bf_det_k16_l4_r1_c4_m3_w16g0_d32_s2_q2,det,migration_bruteforce,16,4,1,4,3,16,0,32,2,2,3.392000e+00,35252,20082,66,56,0,2189,2399,24,1,7.510000e+01,5.480000e+01,
mig_bf_det_k16_l4_r1_c4_m3_w16g0_d64_s2_q2,det,migration_bruteforce,16,4,1,4,3,16,0,64,2,2,3.392000e+00,35666,20867,66,60,0,2561,2507,28,1,7.150000e+01,5.570000e+01,
mig_bf_det_k16_l4_r1_c4_m3_w16g4_d32_s2_q2,det,migration_bruteforce,16,4,1,4,3,16,4,32,2,2,3.392000e+00,36332,20787,66,56,0,2189,2399,24,1,6.840000e+01,6.090000e+01,
mig_bf_det_k16_l4_r1_c4_m3_w16g4_d64_s2_q2,det,migration_bruteforce,16,4,1,4,3,16,4,64,2,2,3.392000e+00,36746,21572,66,60,0,2561,2507,28,1,7.440000e+01,5.250000e+01,
mig_bf_det_k16_l4_r1_c4_m3_w16g8_d32_s2_q2,det,migration_bruteforce,16,4,1,4,3,16,8,32,2,2,3.392000e+00,37258,22007,66,56,0,2189,2399,24,1,6.760000e+01,5.870000e+01,
mig_bf_det_k16_l4_r1_c4_m3_w16g8_d64_s2_q2,det,migration_bruteforce,16,4,1,4,3,16,8,64,2,2,3.392000e+00,37672,22792,66,60,0,2561,2507,28,1,6.270000e+01,5.520000e+01,
mig_bf_det_k16_l4_r1_c4_m4_w8g0_d32_s2_q2,det,migration_bruteforce,16,4,1,4,4,8,0,32,2,2,3.352000e+00,31900,14533,26,46,0,2189,2399,14,1,6.710000e+01,4.430000e+01,
mig_bf_det_k16_l4_r1_c4_m4_w8g0_d64_s2_q2,det,migration_bruteforce,16,4,1,4,4,8,0,64,2,2,3.352000e+00,32470,15358,26,50,0,2561,2507,18,1,6.780000e+01,5.250000e+01,
mig_bf_det_k16_l4_r1_c4_m4_w8g4_d32_s2_q2,det,migration_bruteforce,16,4,1,4,4,8,4,32,2,2,3.352000e+00,32723,15240,26,46,0,2189,2399,14,1,6.380000e+01,5.290000e+01,
mig_bf_det_k16_l4_r1_c4_m4_w8g4_d64_s2_q2,det,migration_bruteforce,16,4,1,4,4,8,4,64,2,2,3.352000e+00,33293,16065,26,50,0,2561,2507,18,1,7.610000e+01,4.670000e+01,
mig_bf_det_k16_l4_r1_c4_m4_w8g8_d32_s2_q2,det,migration_bruteforce,16,4,1,4,4,8,8,32,2,2,3.352000e+00,33781,16096,26,46,0,2189,2399,14,1,7.110000e+01,4.930000e+01,
mig_bf_det_k16_l4_r1_c4_m4_w8g8_d64_s2_q2,det,migration_bruteforce,16,4,1,4,4,8,8,64,2,2,3.352000e+00,34351,16921,26,50,0,2561,2507,18,1,6.910000e+01,5.510000e+01,
mig_bf_det_k16_l4_r1_c4_m4_w10g0_d32_s2_q2,det,migration_bruteforce,16,4,1,4,4,10,0,32,2,2,3.352000e+00,33154,16223,38,51,0,2189,2399,19,1,7.530000e+01,4.290000e+01,
mig_bf_det_k16_l4_r1_c4_m4_w10g0_d64_s2_q2,det,migration_bruteforce,16,4,1,4,4,10,0,64,2,2,3.352000e+00,33750,17058,38,55,0,2561,2507,23,1,6.840000e+01,5.290000e+01,
mig_bf_det_k16_l4_r1_c4_m4_w10g4_d32_s2_q2,det,migration_bruteforce,16,4,1,4,4,10,4,32,2,2,3.352000e+00,34368,17099,38,51,0,2189,2399,19,1,6.980000e+01,5.890000e+01,
mig_bf_det_k16_l4_r1_c4_m4_w10g4_d64_s2_q2,det,migration_bruteforce,16,4,1,4,4,10,4,64,2,2,3.352000e+00,34964,17934,38,55,0,2561,2507,23,1,6.610000e+01,4.960000e+01,
mig_bf_det_k16_l4_r1_c4_m4_w10g8_d32_s2_q2,det,migration_bruteforce,16,4,1,4,4,10,8,32,2,2,3.352000e+00,35252,17856,38,51,0,2189,2399,19,1,6.710000e+01,5.250000e+01,
mig_bf_det_k16_l4_r1_c4_m4_w10g8_d64_s2_q2,det,migration_bruteforce,16,4,1,4,4,10,8,64,2,2,3.352000e+00,35848,18691,38,55,0,2561,2507,23,1,6.430000e+01,6.140000e+01,
mig_bf_det_k16_l4_r1_c4_m4_w12g0_d32_s2_q2,det,migration_bruteforce,16,4,1,4,4,12,0,32,2,2,3.352000e+00,32746,17476,70,51,0,2189,2399,19,1,7.670000e+01,4.380000e+01,
mig_bf_det_k16_l4_r1_c4_m4_w12g0_d64_s2_q2,det,migration_bruteforce,16,4,1,4,4,12,0,64,2,2,3.352000e+00,33358,18319,70,55,0,2561,2507,23,1,6.760000e+01,4.930000e+01,
mig_bf_det_k16_l4_r1_c4_m4_w12g4_d32_s2_q2,det,migration_bruteforce,16,4,1,4,4,12,4,32,2,2,3.352000e+00,34024,18352,70,51,0,2189,2399,19,1,6.460000e+01,5.860000e+01,
mig_bf_det_k16_l4_r1_c4_m4_w12g4_d64_s2_q2,det,migration_bruteforce,16,4,1,4,4,12,4,64,2,2,3.352000e+00,34636,19195,70,55,0,2561,2507,23,1,7.400000e+01,5.320000e+01,
mig_bf_det_k16_l4_r1_c4_m4_w12g8_d32_s2_q2,det,migration_bruteforce,16,4,1,4,4,12,8,32,2,2,3.352000e+00,34852,19109,70,51,0,2189,2399,19,1,7.720000e+01,5.950000e+01,
mig_bf_det_k16_l4_r1_c4_m4_w12g8_d64_s2_q2,det,migration_bruteforce,16,4,1,4,4,12,8,64,2,2,3.352000e+00,35464,19952,70,55,0,2561,2507,23,1,7.510000e+01,6.440000e+01,
mig_bf_det_k16_l4_r1_c4_m4_w14g0_d32_s2_q2,det,migration_bruteforce,16,4,1,4,4,14,0,32,2,2,3.352000e+00,34020,18953,70,56,0,2189,2399,24,1,7.700000e+01,4.480000e+01,
mig_bf_det_k16_l4_r1_c4_m4_w14g0_d64_s2_q2,det,migration_bruteforce,16,4,1,4,4,14,0,64,2,2,3.352000e+00,34664,19796,70,60,0,2561,2507,28,1,7.780000e+01,5.650000e+01,
mig_bf_det_k16_l4_r1_c4_m4_w14g4_d32_s2_q2,det,migration_bruteforce,16,4,1,4,4,14,4,32,2,2,3.352000e+00,35140,19730,70,56,0,2189,2399,24,1,6.700000e+01,5.630000e+01,
mig_bf_det_k16_l4_r1_c4_m4_w14g4_d64_s2_q2,det,migration_bruteforce,16,4,1,4,4,14,4,64,2,2,3.352000e+00,35784,20573,70,60,0,2561,2507,28,1,7.090000e+01,5.630000e+01,
mig_bf_det_k16_l4_r1_c4_m4_w14g8_d32_s2_q2,det,migration_bruteforce,16,4,1,4,4,14,8,32,2,2,3.352000e+00,36037,20586,70,56,0,2189,2399,24,1,6.780000e+01,6.060000e+01,
mig_bf_det_k16_l4_r1_c4_m4_w14g8_d64_s2_q2,det,migration_bruteforce,16,4,1,4,4,14,8,64,2,2,3.352000e+00,36681,21429,70,60,0,2561,2507,28,1,6.540000e+01,5.940000e+01,
mig_bf_det_k16_l4_r1_c4_m4_w16g0_d32_s2_q2,det,migration_bruteforce,16,4,1,4,4,16,0,32,2,2,3.352000e+00,35196,20310,70,56,0,2189,2399,24,1,7.850000e+01,4.210000e+01,
mig_bf_det_k16_l4_r1_c4_m4_w16g0_d64_s2_q2,det,migration_bruteforce,16,4,1,4,4,16,0,64,2,2,3.352000e+00,35610,21095,70,60,0,2561,2507,28,1,6.900000e+01,5.140000e+01,
mig_bf_det_k16_l4_r1_c4_m4_w16g4_d32_s2_q2,det,migration_bruteforce,16,4,1,4,4,16,4,32,2,2,3.352000e+00,36276,21015,70,56,0,2189,2399,24,1,6.430000e+01,5.680000e+01,
mig_bf_det_k16_l4_r1_c4_m4_w16g4_d64_s2_q2,det,migration_bruteforce,16,4,1,4,4,16,4,64,2,2,3.352000e+00,36690,21800,70,60,0,2561,2507,28,1,6.940000e+01,5.620000e+01,
mig_bf_det_k16_l4_r1_c4_m4_w16g8_d32_s2_q2,det,migration_bruteforce,16,4,1,4,4,16,8,32,2,2,3.352000e+00,37202,22235,70,56,0,2189,2399,24,1,6.540000e+01,5.730000e+01,
mig_bf_det_k16_l4_r1_c4_m4_w16g8_d64_s2_q2,det,migration_bruteforce,16,4,1,4,4,16,8,64,2,2,3.352000e+00,37616,23020,70,60,0,2561,2507,28,1,6.050000e+01,5.770000e+01,
mig_bf_det_k16_l4_r4_c4_m3_w8g0_d32_s2_q2,det,migration_bruteforce,16,4,4,4,3,8,0,32,2,2,3.392000e+00,32894,15250,63,46,0,2189,2399,14,1,8.550000e+01,3.840000e+01,
mig_bf_det_k16_l4_r4_c4_m3_w8g0_d64_s2_q2,det,migration_bruteforce,16,4,4,4,3,8,0,64,2,2,3.392000e+00,33464,16075,63,50,0,2561,2507,18,1,7.190000e+01,4.030000e+01,
mig_bf_det_k16_l4_r4_c4_m3_w8g4_d32_s2_q2,det,migration_bruteforce,16,4,4,4,3,8,4,32,2,2,3.392000e+00,33717,15957,63,46,0,2189,2399,14,1,6.840000e+01,4.440000e+01,
mig_bf_det_k16_l4_r4_c4_m3_w8g4_d64_s2_q2,det,migration_bruteforce,16,4,4,4,3,8,4,64,2,2,3.392000e+00,34287,16782,63,50,0,2561,2507,18,1,7.060000e+01,4.610000e+01,
mig_bf_det_k16_l4_r4_c4_m3_w8g8_d32_s2_q2,det,migration_bruteforce,16,4,4,4,3,8,8,32,2,2,3.392000e+00,34775,16813,63,46,0,2189,2399,14,1,6.770000e+01,5.130000e+01,
mig_bf_det_k16_l4_r4_c4_m3_w8g8_d64_s2_q2,det,migration_bruteforce,16,4,4,4,3,8,8,64,2,2,3.392000e+00,35345,17638,63,50,0,2561,2507,18,1,6.710000e+01,5.000000e+01,
mig_bf_det_k16_l4_r4_c4_m3_w10g0_d32_s2_q2,det,migration_bruteforce,16,4,4,4,3,10,0,32,2,2,3.392000e+00,34328,17129,71,51,0,2189,2399,19,1,8.300000e+01,3.860000e+01,
mig_bf_det_k16_l4_r4_c4_m3_w10g0_d64_s2_q2,det,migration_bruteforce,16,4,4,4,3,10,0,64,2,2,3.392000e+00,34924,17964,71,55,0,2561,2507,23,1,7.610000e+01,4.360000e+01,
mig_bf_det_k16_l4_r4_c4_m3_w10g4_d32_s2_q2,det,migration_bruteforce,16,4,4,4,3,10,4,32,2,2,3.392000e+00,35542,18005,71,51,0,2189,2399,19,1,7.910000e+01,4.890000e+01,
mig_bf_det_k16_l4_r4_c4_m3_w10g4_d64_s2_q2,det,migration_bruteforce,16,4,4,4,3,10,4,64,2,2,3.392000e+00,36138,18840,71,55,0,2561,2507,23,1,7.520000e+01,4.720000e+01,
mig_bf_det_k16_l4_r4_c4_m3_w10g8_d32_s2_q2,det,migration_bruteforce,16,4,4,4,3,10,8,32,2,2,3.392000e+00,36426,18762,71,51,0,2189,2399,19,1,7.290000e+01,5.440000e+01,
mig_bf_det_k16_l4_r4_c4_m3_w10g8_d64_s2_q2,det,migration_bruteforce,16,4,4,4,3,10,8,64,2,2,3.392000e+00,37022,19597,71,55,0,2561,2507,23,1,6.470000e+01,5.360000e+01,
mig_bf_det_k16_l4_r4_c4_m3_w12g0_d32_s2_q2,det,migration_bruteforce,16,4,4,4,3,12,0,32,2,2,3.392000e+00,34308,18757,99,51,0,2189,2399,19,1,7.960000e+01,4.100000e+01,
mig_bf_det_k16_l4_r4_c4_m3_w12g0_d64_s2_q2,det,migration_bruteforce,16,4,4,4,3,12,0,64,2,2,3.392000e+00,34920,19600,99,55,0,2561,2507,23,1,7.850000e+01,4.220000e+01,
mig_bf_det_k16_l4_r4_c4_m3_w12g4_d32_s2_q2,det,migration_bruteforce,16,4,4,4,3,12,4,32,2,2,3.392000e+00,35586,19633,99,51,0,2189,2399,19,1,7.090000e+01,5.270000e+01,
mig_bf_det_k16_l4_r4_c4_m3_w12g4_d64_s2_q2,det,migration_bruteforce,16,4,4,4,3,12,4,64,2,2,3.392000e+00,36198,20476,99,55,0,2561,2507,23,1,7.410000e+01,5.100000e+01,
mig_bf_det_k16_l4_r4_c4_m3_w12g8_d32_s2_q2,det,migration_bruteforce,16,4,4,4,3,12,8,32,2,2,3.392000e+00,36414,20390,99,51,0,2189,2399,19,1,7.300000e+01,5.240000e+01,
mig_bf_det_k16_l4_r4_c4_m3_w12g8_d64_s2_q2,det,migration_bruteforce,16,4,4,4,3,12,8,64,2,2,3.392000e+00,37026,21233,99,55,0,2561,2507,23,1,6.610000e+01,5.000000e+01,
mig_bf_det_k16_l4_r4_c4_m3_w14g0_d32_s2_q2,det,migration_bruteforce,16,4,4,4,3,14,0,32,2,2,3.392000e+00,35718,20508,99,56,0,2189,2399,24,1,8.000000e+01,4.470000e+01,
mig_bf_det_k16_l4_r4_c4_m3_w14g0_d64_s2_q2,det,migration_bruteforce,16,4,4,4,3,14,0,64,2,2,3.392000e+00,36362,21351,99,60,0,2561,2507,28,1,8.440000e+01,4.400000e+01,
mig_bf_det_k16_l4_r4_c4_m3_w14g4_d32_s2_q2,det,migration_bruteforce,16,4,4,4,3,14,4,32,2,2,3.392000e+00,36838,21285,99,56,0,2189,2399,24,1,7.730000e+01,5.110000e+01,
mig_bf_det_k16_l4_r4_c4_m3_w14g4_d64_s2_q2,det,migration_bruteforce,16,4,4,4,3,14,4,64,2,2,3.392000e+00,37482,22128,99,60,0,2561,2507,28,1,7.040000e+01,5.520000e+01,
mig_bf_det_k16_l4_r4_c4_m3_w14g8_d32_s2_q2,det,migration_bruteforce,16,4,4,4,3,14,8,32,2,2,3.392000e+00,37735,22141,99,56,0,2189,2399,24,1,7.330000e+01,5.010000e+01,
mig_bf_det_k16_l4_r4_c4_m3_w14g8_d64_s2_q2,det,migration_bruteforce,16,4,4,4,3,14,8,64,2,2,3.392000e+00,38379,22984,99,60,0,2561,2507,28,1,6.840000e+01,4.680000e+01,
mig_bf_det_k16_l4_r4_c4_m3_w16g0_d32_s2_q2,det,migration_bruteforce,16,4,4,4,3,16,0,32,2,2,3.392000e+00,37038,22159,99,56,0,2189,2399,24,1,8.090000e+01,4.410000e+01,
mig_bf_det_k16_l4_r4_c4_m3_w16g0_d64_s2_q2,det,migration_bruteforce,16,4,4,4,3,16,0,64,2,2,3.392000e+00,37452,22944,99,60,0,2561,2507,28,1,7.690000e+01,4.030000e+01,
mig_bf_det_k16_l4_r4_c4_m3_w16g4_d32_s2_q2,det,migration_bruteforce,16,4,4,4,3,16,4,32,2,2,3.392000e+00,38118,22864,99,56,0,2189,2399,24,1,6.750000e+01,4.400000e+01,
mig_bf_det_k16_l4_r4_c4_m3_w16g4_d64_s2_q2,det,migration_bruteforce,16,4,4,4,3,16,4,64,2,2,3.392000e+00,38532,23649,99,60,0,2561,2507,28,1,7.920000e+01,5.520000e+01,
mig_bf_det_k16_l4_r4_c4_m3_w16g8_d32_s2_q2,det,migration_bruteforce,16,4,4,4,3,16,8,32,2,2,3.392000e+00,39044,24084,99,56,0,2189,2399,24,1,6.330000e+01,5.160000e+01,
mig_bf_det_k16_l4_r4_c4_m3_w16g8_d64_s2_q2,det,migration_bruteforce,16,4,4,4,3,16,8,64,2,2,3.392000e+00,39458,24869,99,60,0,2561,2507,28,1,7.740000e+01,4.880000e+01,
mig_bf_det_k16_l4_r4_c4_m4_w8g0_d32_s2_q2,det,migration_bruteforce,16,4,4,4,4,8,0,32,2,2,3.352000e+00,34174,16082,47,46,0,2189,2399,14,1,8.090000e+01,3.750000e+01,
mig_bf_det_k16_l4_r4_c4_m4_w8g0_d64_s2_q2,det,migration_bruteforce,16,4,4,4,4,8,0,64,2,2,3.352000e+00,34744,16907,47,50,0,2561,2507,18,1,7.800000e+01,3.330000e+01,
mig_bf_det_k16_l4_r4_c4_m4_w8g4_d32_s2_q2,det,migration_bruteforce,16,4,4,4,4,8,4,32,2,2,3.352000e+00,34997,16789,47,46,0,2189,2399,14,1,7.590000e+01,4.010000e+01,
mig_bf_det_k16_l4_r4_c4_m4_w8g4_d64_s2_q2,det,migration_bruteforce,16,4,4,4,4,8,4,64,2,2,3.352000e+00,35567,17614,47,50,0,2561,2507,18,1,7.200000e+01,4.870000e+01,
mig_bf_det_k16_l4_r4_c4_m4_w8g8_d32_s2_q2,det,migration_bruteforce,16,4,4,4,4,8,8,32,2,2,3.352000e+00,36055,17645,47,46,0,2189,2399,14,1,6.610000e+01,4.320000e+01,
mig_bf_det_k16_l4_r4_c4_m4_w8g8_d64_s2_q2,det,migration_bruteforce,16,4,4,4,4,8,8,64,2,2,3.352000e+00,36625,18470,47,50,0,2561,2507,18,1,7.770000e+01,4.310000e+01,
mig_bf_det_k16_l4_r4_c4_m4_w10g0_d32_s2_q2,det,migration_bruteforce,16,4,4,4,4,10,0,32,2,2,3.352000e+00,35176,18049,71,51,0,2189,2399,19,1,8.010000e+01,4.190000e+01,
mig_bf_det_k16_l4_r4_c4_m4_w10g0_d64_s2_q2,det,migration_bruteforce,16,4,4,4,4,10,0,64,2,2,3.352000e+00,35772,18884,71,55,0,2561,2507,23,1,7.440000e+01,3.740000e+01,
mig_bf_det_k16_l4_r4_c4_m4_w10g4_d32_s2_q2,det,migration_bruteforce,16,4,4,4,4,10,4,32,2,2,3.352000e+00,36390,18925,71,51,0,2189,2399,19,1,7.690000e+01,4.030000e+01,
mig_bf_det_k16_l4_r4_c4_m4_w10g4_d64_s2_q2,det,migration_bruteforce,16,4,4,4,4,10,4,64,2,2,3.352000e+00,36986,19760,71,55,0,2561,2507,23,1,7.100000e+01,4.710000e+01,
mig_bf_det_k16_l4_r4_c4_m4_w10g8_d32_s2_q2,det,migration_bruteforce,16,4,4,4,4,10,8,32,2,2,3.352000e+00,37274,19682,71,51,0,2189,2399,19,1,8.070000e+01,4.410000e+01,
mig_bf_det_k16_l4_r4_c4_m4_w10g8_d64_s2_q2,det,migration_bruteforce,16,4,4,4,4,10,8,64,2,2,3.352000e+00,37870,20517,71,55,0,2561,2507,23,1,7.000000e+01,4.630000e+01,
mig_bf_det_k16_l4_r4_c4_m4_w12g0_d32_s2_q2,det,migration_bruteforce,16,4,4,4,4,12,0,32,2,2,3.352000e+00,34180,19765,115,51,0,2189,2399,19,1,7.880000e+01,4.330000e+01,
mig_bf_det_k16_l4_r4_c4_m4_w12g0_d64_s2_q2,det,migration_bruteforce,16,4,4,4,4,12,0,64,2,2,3.352000e+00,34792,20608,115,55,0,2561,2507,23,1,7.880000e+01,3.720000e+01,
mig_bf_det_k16_l4_r4_c4_m4_w12g4_d32_s2_q2,det,migration_bruteforce,16,4,4,4,4,12,4,32,2,2,3.352000e+00,35458,20641,115,51,0,2189,2399,19,1,7.880000e+01,4.440000e+01,
mig_bf_det_k16_l4_r4_c4_m4_w12g4_d64_s2_q2,det,migration_bruteforce,16,4,4,4,4,12,4,64,2,2,3.352000e+00,36070,21484,115,55,0,2561,2507,23,1,7.320000e+01,4.320000e+01,
mig_bf_det_k16_l4_r4_c4_m4_w12g8_d32_s2_q2,det,migration_bruteforce,16,4,4,4,4,12,8,32,2,2,3.352000e+00,36286,21398,115,51,0,2189,2399,19,1,8.010000e+01,4.490000e+01,
mig_bf_det_k16_l4_r4_c4_m4_w12g8_d64_s2_q2,det,migration_bruteforce,16,4,4,4,4,12,8,64,2,2,3.352000e+00,36898,22241,115,55,0,2561,2507,23,1,7.500000e+01,4.340000e+01,
mig_bf_det_k16_l4_r4_c4_m4_w14g0_d32_s2_q2,det,migration_bruteforce,16,4,4,4,4,14,0,32,2,2,3.352000e+00,35558,21657,115,56,0,2189,2399,24,1,7.120000e+01,5.190000e+01,
mig_bf_det_k16_l4_r4_c4_m4_w14g0_d64_s2_q2,det,migration_bruteforce,16,4,4,4,4,14,0,64,2,2,3.352000e+00,36202,22500,115,60,0,2561,2507,28,1,7.850000e+01,4.280000e+01,
mig_bf_det_k16_l4_r4_c4_m4_w14g4_d32_s2_q2,det,migration_bruteforce,16,4,4,4,4,14,4,32,2,2,3.352000e+00,36678,22434,115,56,0,2189,2399,24,1,7.960000e+01,4.350000e+01,
mig_bf_det_k16_l4_r4_c4_m4_w14g4_d64_s2_q2,det,migration_bruteforce,16,4,4,4,4,14,4,64,2,2,3.352000e+00,37322,23277,115,60,0,2561,2507,28,1,7.700000e+01,4.070000e+01,
mig_bf_det_k16_l4_r4_c4_m4_w14g8_d32_s2_q2,det,migration_bruteforce,16,4,4,4,4,14,8,32,2,2,3.352000e+00,37575,23290,115,56,0,2189,2399,24,1,8.080000e+01,4.600000e+01,
mig_bf_det_k16_l4_r4_c4_m4_w14g8_d64_s2_q2,det,migration_bruteforce,16,4,4,4,4,14,8,64,2,2,3.352000e+00,38219,24133,115,60,0,2561,2507,28,1,6.940000e+01,5.160000e+01,
mig_bf_det_k16_l4_r4_c4_m4_w16g0_d32_s2_q2,det,migration_bruteforce,16,4,4,4,4,16,0,32,2,2,3.352000e+00,36814,23396,115,56,0,2189,2399,24,1,6.660000e+01,5.180000e+01,
mig_bf_det_k16_l4_r4_c4_m4_w16g0_d64_s2_q2,det,migration_bruteforce,16,4,4,4,4,16,0,64,2,2,3.352000e+00,37228,24181,115,60,0,2561,2507,28,1,7.920000e+01,4.420000e+01,
mig_bf_det_k16_l4_r4_c4_m4_w16g4_d32_s2_q2,det,migration_bruteforce,16,4,4,4,4,16,4,32,2,2,3.352000e+00,37894,24101,115,56,0,2189,2399,24,1,7.980000e+01,4.850000e+01,
mig_bf_det_k16_l4_r4_c4_m4_w16g4_d64_s2_q2,det,migration_bruteforce,16,4,4,4,4,16,4,64,2,2,3.352000e+00,38308,24886,115,60,0,2561,2507,28,1,7.850000e+01,4.340000e+01,
mig_bf_det_k16_l4_r4_c4_m4_w16g8_d32_s2_q2,det,migration_bruteforce,16,4,4,4,4,16,8,32,2,2,3.352000e+00,38820,25321,115,56,0,2189,2399,24,1,7.220000e+01,5.020000e+01,
mig_bf_det_k16_l4_r4_c4_m4_w16g8_d64_s2_q2,det,migration_bruteforce,16,4,4,4,4,16,8,64,2,2,3.352000e+00,39234,26106,115,60,0,2561,2507,28,1,7.620000e+01,5.180000e+01,
mig_bf_det_k16_l4_r16_c4_m3_w8g0_d32_s2_q2,det,migration_bruteforce,16,4,16,4,3,8,0,32,2,2,3.392000e+00,40407,21028,207,46,0,2189,2399,14,1,9.700000e+01,4.650000e+01,
mig_bf_det_k16_l4_r16_c4_m3_w8g0_d64_s2_q2,det,migration_bruteforce,16,4,16,4,3,8,0,64,2,2,3.392000e+00,40977,21853,207,50,0,2561,2507,18,1,8.950000e+01,4.130000e+01,
mig_bf_det_k16_l4_r16_c4_m3_w8g4_d32_s2_q2,det,migration_bruteforce,16,4,16,4,3,8,4,32,2,2,3.392000e+00,41230,21735,207,46,0,2189,2399,14,1,9.930000e+01,5.120000e+01,
mig_bf_det_k16_l4_r16_c4_m3_w8g4_d64_s2_q2,det,migration_bruteforce,16,4,16,4,3,8,4,64,2,2,3.392000e+00,41800,22560,207,50,0,2561,2507,18,1,9.820000e+01,4.380000e+01,
mig_bf_det_k16_l4_r16_c4_m3_w8g8_d32_s2_q2,det,migration_bruteforce,16,4,16,4,3,8,8,32,2,2,3.392000e+00,42288,22591,207,46,0,2189,2399,14,1,9.810000e+01,5.340000e+01,
mig_bf_det_k16_l4_r16_c4_m3_w8g8_d64_s2_q2,det,migration_bruteforce,16,4,16,4,3,8,8,64,2,2,3.392000e+00,42858,23416,207,50,0,2561,2507,18,1,8.550000e+01,5.170000e+01,
mig_bf_det_k16_l4_r16_c4_m3_w10g0_d32_s2_q2,det,migration_bruteforce,16,4,16,4,3,10,0,32,2,2,3.392000e+00,42465,24165,215,51,0,2189,2399,19,1,9.420000e+01,4.510000e+01,
mig_bf_det_k16_l4_r16_c4_m3_w10g0_d64_s2_q2,det,migration_bruteforce,16,4,16,4,3,10,0,64,2,2,3.392000e+00,43061,25000,215,55,0,2561,2507,23,1,8.650000e+01,4.490000e+01,
mig_bf_det_k16_l4_r16_c4_m3_w10g4_d32_s2_q2,det,migration_bruteforce,16,4,16,4,3,10,4,32,2,2,3.392000e+00,43679,25041,215,51,0,2189,2399,19,1,9.240000e+01,5.680000e+01,
mig_bf_det_k16_l4_r16_c4_m3_w10g4_d64_s2_q2,det,migration_bruteforce,16,4,16,4,3,10,4,64,2,2,3.392000e+00,44275,25876,215,55,0,2561,2507,23,1,1.019000e+02,4.470000e+01,
mig_bf_det_k16_l4_r16_c4_m3_w10g8_d32_s2_q2,det,migration_bruteforce,16,4,16,4,3,10,8,32,2,2,3.392000e+00,44563,25798,215,51,0,2189,2399,19,1,9.990000e+01,5.140000e+01,
mig_bf_det_k16_l4_r16_c4_m3_w10g8_d64_s2_q2,det,migration_bruteforce,16,4,16,4,3,10,8,64,2,2,3.392000e+00,45159,26633,215,55,0,2561,2507,23,1,9.320000e+01,5.350000e+01,
mig_bf_det_k16_l4_r16_c4_m3_w12g0_d32_s2_q2,det,migration_bruteforce,16,4,16,4,3,12,0,32,2,2,3.392000e+00,43045,27051,243,51,0,2189,2399,19,1,9.540000e+01,5.630000e+01,
mig_bf_det_k16_l4_r16_c4_m3_w12g0_d64_s2_q2,det,migration_bruteforce,16,4,16,4,3,12,0,64,2,2,3.392000e+00,43657,27894,243,55,0,2561,2507,23,1,9.670000e+01,4.180000e+01,
mig_bf_det_k16_l4_r16_c4_m3_w12g4_d32_s2_q2,det,migration_bruteforce,16,4,16,4,3,12,4,32,2,2,3.392000e+00,44323,27927,243,51,0,2189,2399,19,1,8.650000e+01,5.320000e+01,
mig_bf_det_k16_l4_r16_c4_m3_w12g4_d64_s2_q2,det,migration_bruteforce,16,4,16,4,3,12,4,64,2,2,3.392000e+00,44935,28770,243,55,0,2561,2507,23,1,9.990000e+01,4.870000e+01,
mig_bf_det_k16_l4_r16_c4_m3_w12g8_d32_s2_q2,det,migration_bruteforce,16,4,16,4,3,12,8,32,2,2,3.392000e+00,45151,28684,243,51,0,2189,2399,19,1,9.960000e+01,4.890000e+01,
mig_bf_det_k16_l4_r16_c4_m3_w12g8_d64_s2_q2,det,migration_bruteforce,16,4,16,4,3,12,8,64,2,2,3.392000e+00,45763,29527,243,55,0,2561,2507,23,1,9.300000e+01,5.180000e+01,
mig_bf_det_k16_l4_r16_c4_m3_w14g0_d32_s2_q2,det,migration_bruteforce,16,4,16,4,3,14,0,32,2,2,3.392000e+00,45103,30242,243,56,0,2189,2399,24,1,8.360000e+01,6.260000e+01,
mig_bf_det_k16_l4_r16_c4_m3_w14g0_d64_s2_q2,det,migration_bruteforce,16,4,16,4,3,14,0,64,2,2,3.392000e+00,45747,31085,243,60,0,2561,2507,28,1,9.930000e+01,4.620000e+01,
mig_bf_det_k16_l4_r16_c4_m3_w14g4_d32_s2_q2,det,migration_bruteforce,16,4,16,4,3,14,4,32,2,2,3.392000e+00,46223,31019,243,56,0,2189,2399,24,1,9.520000e+01,5.100000e+01,
mig_bf_det_k16_l4_r16_c4_m3_w14g4_d64_s2_q2,det,migration_bruteforce,16,4,16,4,3,14,4,64,2,2,3.392000e+00,46867,31862,243,60,0,2561,2507,28,1,9.770000e+01,4.850000e+01,
mig_bf_det_k16_l4_r16_c4_m3_w14g8_d32_s2_q2,det,migration_bruteforce,16,4,16,4,3,14,8,32,2,2,3.392000e+00,47120,31875,243,56,0,2189,2399,24,1,9.500000e+01,4.920000e+01,
mig_bf_det_k16_l4_r16_c4_m3_w14g8_d64_s2_q2,det,migration_bruteforce,16,4,16,4,3,14,8,64,2,2,3.392000e+00,47764,32718,243,60,0,2561,2507,28,1,9.150000e+01,5.590000e+01,
mig_bf_det_k16_l4_r16_c4_m3_w16g0_d32_s2_q2,det,migration_bruteforce,16,4,16,4,3,16,0,32,2,2,3.392000e+00,47047,33177,243,56,0,2189,2399,24,1,8.600000e+01,6.170000e+01,
mig_bf_det_k16_l4_r16_c4_m3_w16g0_d64_s2_q2,det,migration_bruteforce,16,4,16,4,3,16,0,64,2,2,3.392000e+00,47461,33962,243,60,0,2561,2507,28,1,9.500000e+01,4.600000e+01,
mig_bf_det_k16_l4_r16_c4_m3_w16g4_d32_s2_q2,det,migration_bruteforce,16,4,16,4,3,16,4,32,2,2,3.392000e+00,48127,33882,243,56,0,2189,2399,24,1,8.540000e+01,5.410000e+01,
mig_bf_det_k16_l4_r16_c4_m3_w16g4_d64_s2_q2,det,migration_bruteforce,16,4,16,4,3,16,4,64,2,2,3.392000e+00,48541,34667,243,60,0,2561,2507,28,1,9.550000e+01,4.940000e+01,
mig_bf_det_k16_l4_r16_c4_m3_w16g8_d32_s2_q2,det,migration_bruteforce,16,4,16,4,3,16,8,32,2,2,3.392000e+00,49053,35102,243,56,0,2189,2399,24,1,9.760000e+01,5.570000e+01,
mig_bf_det_k16_l4_r16_c4_m3_w16g8_d64_s2_q2,det,migration_bruteforce,16,4,16,4,3,16,8,64,2,2,3.392000e+00,49467,35887,243,60,0,2561,2507,28,1,9.320000e+01,6.030000e+01,
mig_bf_det_k16_l4_r16_c4_m4_w8g0_d32_s2_q2,det,migration_bruteforce,16,4,16,4,4,8,0,32,2,2,3.352000e+00,44631,22503,143,46,0,2189,2399,14,1,8.660000e+01,4.380000e+01,
mig_bf_det_k16_l4_r16_c4_m4_w8g0_d64_s2_q2,det,migration_bruteforce,16,4,16,4,4,8,0,64,2,2,3.352000e+00,45201,23328,143,50,0,2561,2507,18,1,9.990000e+01,3.720000e+01,
mig_bf_det_k16_l4_r16_c4_m4_w8g4_d32_s2_q2,det,migration_bruteforce,16,4,16,4,4,8,4,32,2,2,3.352000e+00,45454,23210,143,46,0,2189,2399,14,1,8.680000e+01,4.290000e+01,
mig_bf_det_k16_l4_r16_c4_m4_w8g4_d64_s2_q2,det,migration_bruteforce,16,4,16,4,4,8,4,64,2,2,3.352000e+00,46024,24035,143,50,0,2561,2507,18,1,8.970000e+01,4.380000e+01,
mig_bf_det_k16_l4_r16_c4_m4_w8g8_d32_s2_q2,det,migration_bruteforce,16,4,16,4,4,8,8,32,2,2,3.352000e+00,46512,24066,143,46,0,2189,2399,14,1,8.520000e+01,4.540000e+01,
mig_bf_det_k16_l4_r16_c4_m4_w8g8_d64_s2_q2,det,migration_bruteforce,16,4,16,4,4,8,8,64,2,2,3.352000e+00,47082,24891,143,50,0,2561,2507,18,1,9.030000e+01,4.790000e+01,
mig_bf_det_k16_l4_r16_c4_m4_w10g0_d32_s2_q2,det,migration_bruteforce,16,4,16,4,4,10,0,32,2,2,3.352000e+00,44961,26014,215,51,0,2189,2399,19,1,8.840000e+01,5.040000e+01,
mig_bf_det_k16_l4_r16_c4_m4_w10g0_d64_s2_q2,det,migration_bruteforce,16,4,16,4,4,10,0,64,2,2,3.352000e+00,45557,26849,215,55,0,2561,2507,23,1,1.025000e+02,3.860000e+01,
mig_bf_det_k16_l4_r16_c4_m4_w10g4_d32_s2_q2,det,migration_bruteforce,16,4,16,4,4,10,4,32,2,2,3.352000e+00,46175,26890,215,51,0,2189,2399,19,1,9.260000e+01,4.800000e+01,
mig_bf_det_k16_l4_r16_c4_m4_w10g4_d64_s2_q2,det,migration_bruteforce,16,4,16,4,4,10,4,64,2,2,3.352000e+00,46771,27725,215,55,0,2561,2507,23,1,9.220000e+01,4.520000e+01,
mig_bf_det_k16_l4_r16_c4_m4_w10g8_d32_s2_q2,det,migration_bruteforce,16,4,16,4,4,10,8,32,2,2,3.352000e+00,47059,27647,215,51,0,2189,2399,19,1,8.800000e+01,5.770000e+01,
mig_bf_det_k16_l4_r16_c4_m4_w10g8_d64_s2_q2,det,migration_bruteforce,16,4,16,4,4,10,8,64,2,2,3.352000e+00,47655,28482,215,55,0,2561,2507,23,1,8.860000e+01,4.290000e+01,
mig_bf_det_k16_l4_r16_c4_m4_w12g0_d32_s2_q2,det,migration_bruteforce,16,4,16,4,4,12,0,32,2,2,3.352000e+00,41637,29274,307,51,0,2189,2399,19,1,9.490000e+01,5.270000e+01,
mig_bf_det_k16_l4_r16_c4_m4_w12g0_d64_s2_q2,det,migration_bruteforce,16,4,16,4,4,12,0,64,2,2,3.352000e+00,42249,30117,307,55,0,2561,2507,23,1,1.026000e+02,3.990000e+01,
mig_bf_det_k16_l4_r16_c4_m4_w12g4_d32_s2_q2,det,migration_bruteforce,16,4,16,4,4,12,4,32,2,2,3.352000e+00,42915,30150,307,51,0,2189,2399,19,1,8.610000e+01,4.600000e+01,
mig_bf_det_k16_l4_r16_c4_m4_w12g4_d64_s2_q2,det,migration_bruteforce,16,4,16,4,4,12,4,64,2,2,3.352000e+00,43527,30993,307,55,0,2561,2507,23,1,9.090000e+01,5.950000e+01,
mig_bf_det_k16_l4_r16_c4_m4_w12g8_d32_s2_q2,det,migration_bruteforce,16,4,16,4,4,12,8,32,2,2,3.352000e+00,43743,30907,307,51,0,2189,2399,19,1,8.460000e+01,4.810000e+01,
mig_bf_det_k16_l4_r16_c4_m4_w12g8_d64_s2_q2,det,migration_bruteforce,16,4,16,4,4,12,8,64,2,2,3.352000e+00,44355,31750,307,55,0,2561,2507,23,1,1.008000e+02,4.600000e+01,
mig_bf_det_k16_l4_r16_c4_m4_w14g0_d32_s2_q2,det,migration_bruteforce,16,4,16,4,4,14,0,32,2,2,3.352000e+00,43631,33082,307,56,0,2189,2399,24,1,8.910000e+01,5.160000e+01,
mig_bf_det_k16_l4_r16_c4_m4_w14g0_d64_s2_q2,det,migration_bruteforce,16,4,16,4,4,14,0,64,2,2,3.352000e+00,44275,33925,307,60,0,2561,2507,28,1,1.010000e+02,3.760000e+01,
mig_bf_det_k16_l4_r16_c4_m4_w14g4_d32_s2_q2,det,migration_bruteforce,16,4,16,4,4,14,4,32,2,2,3.352000e+00,44751,33859,307,56,0,2189,2399,24,1,9.690000e+01,4.950000e+01,
mig_bf_det_k16_l4_r16_c4_m4_w14g4_d64_s2_q2,det,migration_bruteforce,16,4,16,4,4,14,4,64,2,2,3.352000e+00,45395,34702,307,60,0,2561,2507,28,1,8.430000e+01,4.580000e+01,
mig_bf_det_k16_l4_r16_c4_m4_w14g8_d32_s2_q2,det,migration_bruteforce,16,4,16,4,4,14,8,32,2,2,3.352000e+00,45648,34715,307,56,0,2189,2399,24,1,1.049000e+02,4.810000e+01,
mig_bf_det_k16_l4_r16_c4_m4_w14g8_d64_s2_q2,det,migration_bruteforce,16,4,16,4,4,14,8,64,2,2,3.352000e+00,46292,35558,307,60,0,2561,2507,28,1,9.050000e+01,6.330000e+01,
mig_bf_det_k16_l4_r16_c4_m4_w16g0_d32_s2_q2,det,migration_bruteforce,16,4,16,4,4,16,0,32,2,2,3.352000e+00,45319,36371,307,56,0,2189,2399,24,1,8.530000e+01,5.480000e+01,
mig_bf_det_k16_l4_r16_c4_m4_w16g0_d64_s2_q2,det,migration_bruteforce,16,4,16,4,4,16,0,64,2,2,3.352000e+00,45733,37156,307,60,0,2561,2507,28,1,9.590000e+01,4.390000e+01,
mig_bf_det_k16_l4_r16_c4_m4_w16g4_d32_s2_q2,det,migration_bruteforce,16,4,16,4,4,16,4,32,2,2,3.352000e+00,46399,37076,307,56,0,2189,2399,24,1,9.010000e+01,6.860000e+01,
mig_bf_det_k16_l4_r16_c4_m4_w16g4_d64_s2_q2,det,migration_bruteforce,16,4,16,4,4,16,4,64,2,2,3.352000e+00,46813,37861,307,60,0,2561,2507,28,1,9.920000e+01,5.040000e+01,
mig_bf_det_k16_l4_r16_c4_m4_w16g8_d32_s2_q2,det,migration_bruteforce,16,4,16,4,4,16,8,32,2,2,3.352000e+00,47325,38296,307,56,0,2189,2399,24,1,7.730000e+01,6.300000e+01,
mig_bf_det_k16_l4_r16_c4_m4_w16g8_d64_s2_q2,det,migration_bruteforce,16,4,16,4,4,16,8,64,2,2,3.352000e+00,47739,39081,307,60,0,2561,2507,28,1,8.120000e+01,3.920000e+01,
mig_bf_det_k16_l16_r1_c16_m3_w8g0_d32_s2_q2,det,migration_bruteforce,16,16,1,16,3,8,0,32,2,2,3.392000e+00,74910,35763,99,44,0,2189,2399,44,1,1.489000e+02,7.130000e+01,
mig_bf_det_k16_l16_r1_c16_m3_w8g0_d64_s2_q2,det,migration_bruteforce,16,16,1,16,3,8,0,64,2,2,3.392000e+00,75480,36588,99,48,0,2561,2507,48,1,1.414000e+02,7.630000e+01,
mig_bf_det_k16_l16_r1_c16_m3_w8g4_d32_s2_q2,det,migration_bruteforce,16,16,1,16,3,8,4,32,2,2,3.392000e+00,77973,38534,99,44,0,2189,2399,44,1,1.460000e+02,7.630000e+01,
mig_bf_det_k16_l16_r1_c16_m3_w8g4_d64_s2_q2,det,migration_bruteforce,16,16,1,16,3,8,4,64,2,2,3.392000e+00,78543,39359,99,48,0,2561,2507,48,1,1.554000e+02,5.700000e+01,
mig_bf_det_k16_l16_r1_c16_m3_w8g8_d32_s2_q2,det,migration_bruteforce,16,16,1,16,3,8,8,32,2,2,3.392000e+00,81755,41886,99,44,0,2189,2399,44,1,1.429000e+02,7.950000e+01,
mig_bf_det_k16_l16_r1_c16_m3_w8g8_d64_s2_q2,det,migration_bruteforce,16,16,1,16,3,8,8,64,2,2,3.392000e+00,82325,42711,99,48,0,2561,2507,48,1,1.583000e+02,5.220000e+01,
mig_bf_det_k16_l16_r1_c16_m3_w10g0_d32_s2_q2,det,migration_bruteforce,16,16,1,16,3,10,0,32,2,2,3.392000e+00,80806,42248,131,49,0,2189,2399,49,1,1.358000e+02,7.540000e+01,
mig_bf_det_k16_l16_r1_c16_m3_w10g0_d64_s2_q2,det,migration_bruteforce,16,16,1,16,3,10,0,64,2,2,3.392000e+00,81402,43083,131,53,0,2561,2507,53,1,1.435000e+02,7.840000e+01,
mig_bf_det_k16_l16_r1_c16_m3_w10g4_d32_s2_q2,det,migration_bruteforce,16,16,1,16,3,10,4,32,2,2,3.392000e+00,85320,45680,131,49,0,2189,2399,49,1,1.456000e+02,8.230000e+01,
mig_bf_det_k16_l16_r1_c16_m3_w10g4_d64_s2_q2,det,migration_bruteforce,16,16,1,16,3,10,4,64,2,2,3.392000e+00,85916,46515,131,53,0,2561,2507,53,1,1.557000e+02,6.410000e+01,
mig_bf_det_k16_l16_r1_c16_m3_w10g8_d32_s2_q2,det,migration_bruteforce,16,16,1,16,3,10,8,32,2,2,3.392000e+00,88456,48645,131,49,0,2189,2399,49,1,1.452000e+02,6.760000e+01,
mig_bf_det_k16_l16_r1_c16_m3_w10g8_d64_s2_q2,det,migration_bruteforce,16,16,1,16,3,10,8,64,2,2,3.392000e+00,89052,49480,131,53,0,2561,2507,53,1,1.658000e+02,5.500000e+01,
mig_bf_det_k16_l16_r1_c16_m3_w12g0_d32_s2_q2,det,migration_bruteforce,16,16,1,16,3,12,0,32,2,2,3.392000e+00,79771,47708,243,59,0,2189,2399,59,1,1.306000e+02,8.450000e+01,
mig_bf_det_k16_l16_r1_c16_m3_w12g0_d64_s2_q2,det,migration_bruteforce,16,16,1,16,3,12,0,64,2,2,3.392000e+00,80383,48551,243,63,0,2561,2507,63,1,1.545000e+02,8.190000e+01,
mig_bf_det_k16_l16_r1_c16_m3_w12g4_d32_s2_q2,det,migration_bruteforce,16,16,1,16,3,12,4,32,2,2,3.392000e+00,84433,51140,243,59,0,2189,2399,59,1,1.471000e+02,8.510000e+01,
mig_bf_det_k16_l16_r1_c16_m3_w12g4_d64_s2_q2,det,migration_bruteforce,16,16,1,16,3,12,4,64,2,2,3.392000e+00,85045,51983,243,63,0,2561,2507,63,1,1.580000e+02,7.230000e+01,
mig_bf_det_k16_l16_r1_c16_m3_w12g8_d32_s2_q2,det,migration_bruteforce,16,16,1,16,3,12,8,32,2,2,3.392000e+00,87381,54105,243,59,0,2189,2399,59,1,1.591000e+02,6.450000e+01,
mig_bf_det_k16_l16_r1_c16_m3_w12g8_d64_s2_q2,det,migration_bruteforce,16,16,1,16,3,12,8,64,2,2,3.392000e+00,87993,54948,243,63,0,2561,2507,63,1,1.717000e+02,5.450000e+01,
mig_bf_det_k16_l16_r1_c16_m3_w14g0_d32_s2_q2,det,migration_bruteforce,16,16,1,16,3,14,0,32,2,2,3.392000e+00,86631,54540,243,69,0,2189,2399,69,1,1.373000e+02,9.090000e+01,
mig_bf_det_k16_l16_r1_c16_m3_w14g0_d64_s2_q2,det,migration_bruteforce,16,16,1,16,3,14,0,64,2,2,3.392000e+00,87275,55383,243,73,0,2561,2507,73,1,1.489000e+02,8.540000e+01,
mig_bf_det_k16_l16_r1_c16_m3_w14g4_d32_s2_q2,det,migration_bruteforce,16,16,1,16,3,14,4,32,2,2,3.392000e+00,90711,57585,243,69,0,2189,2399,69,1,1.504000e+02,8.980000e+01,
mig_bf_det_k16_l16_r1_c16_m3_w14g4_d64_s2_q2,det,migration_bruteforce,16,16,1,16,3,14,4,64,2,2,3.392000e+00,91355,58428,243,73,0,2561,2507,73,1,1.428000e+02,8.400000e+01,
mig_bf_det_k16_l16_r1_c16_m3_w14g8_d32_s2_q2,det,migration_bruteforce,16,16,1,16,3,14,8,32,2,2,3.392000e+00,93912,60937,243,69,0,2189,2399,69,1,1.603000e+02,6.650000e+01,
mig_bf_det_k16_l16_r1_c16_m3_w14g8_d64_s2_q2,det,migration_bruteforce,16,16,1,16,3,14,8,64,2,2,3.392000e+00,94556,61780,243,73,0,2561,2507,73,1,1.695000e+02,5.560000e+01,
mig_bf_det_k16_l16_r1_c16_m3_w16g0_d32_s2_q2,det,migration_bruteforce,16,16,1,16,3,16,0,32,2,2,3.392000e+00,93688,60619,243,79,0,2189,2399,79,1,1.364000e+02,9.030000e+01,
mig_bf_det_k16_l16_r1_c16_m3_w16g0_d64_s2_q2,det,migration_bruteforce,16,16,1,16,3,16,0,64,2,2,3.392000e+00,94102,61404,243,83,0,2561,2507,83,1,1.438000e+02,9.260000e+01,
mig_bf_det_k16_l16_r1_c16_m3_w16g4_d32_s2_q2,det,migration_bruteforce,16,16,1,16,3,16,4,32,2,2,3.392000e+00,97644,63376,243,79,0,2189,2399,79,1,1.452000e+02,8.250000e+01,
mig_bf_det_k16_l16_r1_c16_m3_w16g4_d64_s2_q2,det,migration_bruteforce,16,16,1,16,3,16,4,64,2,2,3.392000e+00,98058,64161,243,83,0,2561,2507,83,1,1.508000e+02,8.760000e+01,
mig_bf_det_k16_l16_r1_c16_m3_w16g8_d32_s2_q2,det,migration_bruteforce,16,16,1,16,3,16,8,32,2,2,3.392000e+00,100958,68184,243,79,0,2189,2399,79,1,1.659000e+02,6.280000e+01,
mig_bf_det_k16_l16_r1_c16_m3_w16g8_d64_s2_q2,det,migration_bruteforce,16,16,1,16,3,16,8,64,2,2,3.392000e+00,101372,68969,243,83,0,2561,2507,83,1,1.704000e+02,6.150000e+01,
mig_bf_det_k16_l16_r1_c16_m4_w8g0_d32_s2_q2,det,migration_bruteforce,16,16,1,16,4,8,0,32,2,2,3.352000e+00,75966,35871,83,44,0,2189,2399,44,1,1.312000e+02,5.690000e+01,
mig_bf_det_k16_l16_r1_c16_m4_w8g0_d64_s2_q2,det,migration_bruteforce,16,16,1,16,4,8,0,64,2,2,3.352000e+00,76536,36696,83,48,0,2561,2507,48,1,1.495000e+02,7.220000e+01,
mig_bf_det_k16_l16_r1_c16_m4_w8g4_d32_s2_q2,det,migration_bruteforce,16,16,1,16,4,8,4,32,2,2,3.352000e+00,79029,38642,83,44,0,2189,2399,44,1,1.473000e+02,6.840000e+01,
mig_bf_det_k16_l16_r1_c16_m4_w8g4_d64_s2_q2,det,migration_bruteforce,16,16,1,16,4,8,4,64,2,2,3.352000e+00,79599,39467,83,48,0,2561,2507,48,1,1.655000e+02,5.420000e+01,
mig_bf_det_k16_l16_r1_c16_m4_w8g8_d32_s2_q2,det,migration_bruteforce,16,16,1,16,4,8,8,32,2,2,3.352000e+00,82811,41994,83,44,0,2189,2399,44,1,1.575000e+02,5.820000e+01,
mig_bf_det_k16_l16_r1_c16_m4_w8g8_d64_s2_q2,det,migration_bruteforce,16,16,1,16,4,8,8,64,2,2,3.352000e+00,83381,42819,83,48,0,2561,2507,48,1,1.598000e+02,5.880000e+01,
mig_bf_det_k16_l16_r1_c16_m4_w10g0_d32_s2_q2,det,migration_bruteforce,16,16,1,16,4,10,0,32,2,2,3.352000e+00,81430,42388,131,49,0,2189,2399,49,1,1.528000e+02,6.010000e+01,
mig_bf_det_k16_l16_r1_c16_m4_w10g0_d64_s2_q2,det,migration_bruteforce,16,16,1,16,4,10,0,64,2,2,3.352000e+00,82026,43223,131,53,0,2561,2507,53,1,1.356000e+02,6.460000e+01,
mig_bf_det_k16_l16_r1_c16_m4_w10g4_d32_s2_q2,det,migration_bruteforce,16,16,1,16,4,10,4,32,2,2,3.352000e+00,85944,45820,131,49,0,2189,2399,49,1,1.497000e+02,6.870000e+01,
mig_bf_det_k16_l16_r1_c16_m4_w10g4_d64_s2_q2,det,migration_bruteforce,16,16,1,16,4,10,4,64,2,2,3.352000e+00,86540,46655,131,53,0,2561,2507,53,1,1.585000e+02,5.920000e+01,
mig_bf_det_k16_l16_r1_c16_m4_w10g8_d32_s2_q2,det,migration_bruteforce,16,16,1,16,4,10,8,32,2,2,3.352000e+00,89080,48785,131,49,0,2189,2399,49,1,1.610000e+02,6.410000e+01,
mig_bf_det_k16_l16_r1_c16_m4_w10g8_d64_s2_q2,det,migration_bruteforce,16,16,1,16,4,10,8,64,2,2,3.352000e+00,89676,49620,131,53,0,2561,2507,53,1,1.598000e+02,6.340000e+01,
mig_bf_det_k16_l16_r1_c16_m4_w12g0_d32_s2_q2,det,migration_bruteforce,16,16,1,16,4,12,0,32,2,2,3.352000e+00,79419,47880,259,59,0,2189,2399,59,1,1.527000e+02,6.280000e+01,
mig_bf_det_k16_l16_r1_c16_m4_w12g0_d64_s2_q2,det,migration_bruteforce,16,16,1,16,4,12,0,64,2,2,3.352000e+00,80031,48723,259,63,0,2561,2507,63,1,1.477000e+02,6.560000e+01,
mig_bf_det_k16_l16_r1_c16_m4_w12g4_d32_s2_q2,det,migration_bruteforce,16,16,1,16,4,12,4,32,2,2,3.352000e+00,84081,51312,259,59,0,2189,2399,59,1,1.566000e+02,6.690000e+01,
mig_bf_det_k16_l16_r1_c16_m4_w12g4_d64_s2_q2,det,migration_bruteforce,16,16,1,16,4,12,4,64,2,2,3.352000e+00,84693,52155,259,63,0,2561,2507,63,1,1.579000e+02,6.290000e+01,
mig_bf_det_k16_l16_r1_c16_m4_w12g8_d32_s2_q2,det,migration_bruteforce,16,16,1,16,4,12,8,32,2,2,3.352000e+00,87029,54277,259,59,0,2189,2399,59,1,1.750000e+02,8.400000e+01,
mig_bf_det_k16_l16_r1_c16_m4_w12g8_d64_s2_q2,det,migration_bruteforce,16,16,1,16,4,12,8,64,2,2,3.352000e+00,87641,55120,259,63,0,2561,2507,63,1,1.589000e+02,5.620000e+01,
mig_bf_det_k16_l16_r1_c16_m4_w14g0_d32_s2_q2,det,migration_bruteforce,16,16,1,16,4,14,0,32,2,2,3.352000e+00,86247,55131,259,69,0,2189,2399,69,1,1.500000e+02,6.470000e+01,
mig_bf_det_k16_l16_r1_c16_m4_w14g0_d64_s2_q2,det,migration_bruteforce,16,16,1,16,4,14,0,64,2,2,3.352000e+00,86891,55974,259,73,0,2561,2507,73,1,1.467000e+02,6.560000e+01,
mig_bf_det_k16_l16_r1_c16_m4_w14g4_d32_s2_q2,det,migration_bruteforce,16,16,1,16,4,14,4,32,2,2,3.352000e+00,90327,58176,259,69,0,2189,2399,69,1,1.804000e+02,9.530000e+01,
mig_bf_det_k16_l16_r1_c16_m4_w14g4_d64_s2_q2,det,migration_bruteforce,16,16,1,16,4,14,4,64,2,2,3.352000e+00,90971,59019,259,73,0,2561,2507,73,1,1.795000e+02,9.000000e+01,
mig_bf_det_k16_l16_r1_c16_m4_w14g8_d32_s2_q2,det,migration_bruteforce,16,16,1,16,4,14,8,32,2,2,3.352000e+00,93528,61528,259,69,0,2189,2399,69,1,1.933000e+02,2.312000e+02,
mig_bf_det_k16_l16_r1_c16_m4_w14g8_d64_s2_q2,det,migration_bruteforce,16,16,1,16,4,14,8,64,2,2,3.352000e+00,94172,62371,259,73,0,2561,2507,73,1,2.036000e+02,6.030000e+01,
mig_bf_det_k16_l16_r1_c16_m4_w16g0_d32_s2_q2,det,migration_bruteforce,16,16,1,16,4,16,0,32,2,2,3.352000e+00,93240,61274,259,79,0,2189,2399,79,1,1.448000e+02,6.560000e+01,
mig_bf_det_k16_l16_r1_c16_m4_w16g0_d64_s2_q2,det,migration_bruteforce,16,16,1,16,4,16,0,64,2,2,3.352000e+00,93654,62059,259,83,0,2561,2507,83,1,1.658000e+02,1.060000e+02,
mig_bf_det_k16_l16_r1_c16_m4_w16g4_d32_s2_q2,det,migration_bruteforce,16,16,1,16,4,16,4,32,2,2,3.352000e+00,97196,64031,259,79,0,2189,2399,79,1,2.180000e+02,2.551000e+02,
mig_bf_det_k16_l16_r1_c16_m4_w16g4_d64_s2_q2,det,migration_bruteforce,16,16,1,16,4,16,4,64,2,2,3.352000e+00,97610,64816,259,83,0,2561,2507,83,1,2.127000e+02,2.475000e+02,
mig_bf_det_k16_l16_r1_c16_m4_w16g8_d32_s2_q2,det,migration_bruteforce,16,16,1,16,4,16,8,32,2,2,3.352000e+00,100510,68839,259,79,0,2189,2399,79,1,2.600000e+02,1.754000e+02,
mig_bf_det_k16_l16_r1_c16_m4_w16g8_d64_s2_q2,det,migration_bruteforce,16,16,1,16,4,16,8,64,2,2,3.352000e+00,100924,69624,259,83,0,2561,2507,83,1,2.947000e+02,1.667000e+02,
mig_bf_det_k16_l16_r4_c16_m3_w8g0_d32_s2_q2,det,migration_bruteforce,16,16,4,16,3,8,0,32,2,2,3.392000e+00,82310,42295,243,44,0,2189,2399,44,1,1.846000e+02,6.700000e+01,
mig_bf_det_k16_l16_r4_c16_m3_w8g0_d64_s2_q2,det,migration_bruteforce,16,16,4,16,3,8,0,64,2,2,3.392000e+00,82880,43120,243,48,0,2561,2507,48,1,2.642000e+02,2.080000e+02,
mig_bf_det_k16_l16_r4_c16_m3_w8g4_d32_s2_q2,det,migration_bruteforce,16,16,4,16,3,8,4,32,2,2,3.392000e+00,85373,45066,243,44,0,2189,2399,44,1,3.240000e+02,2.198000e+02,
mig_bf_det_k16_l16_r4_c16_m3_w8g4_d64_s2_q2,det,migration_bruteforce,16,16,4,16,3,8,4,64,2,2,3.392000e+00,85943,45891,243,48,0,2561,2507,48,1,3.192000e+02,2.210000e+02,
mig_bf_det_k16_l16_r4_c16_m3_w8g8_d32_s2_q2,det,migration_bruteforce,16,16,4,16,3,8,8,32,2,2,3.392000e+00,89155,48418,243,44,0,2189,2399,44,1,3.740000e+02,1.658000e+02,
mig_bf_det_k16_l16_r4_c16_m3_w8g8_d64_s2_q2,det,migration_bruteforce,16,16,4,16,3,8,8,64,2,2,3.392000e+00,89725,49243,243,48,0,2561,2507,48,1,3.948000e+02,1.442000e+02,
mig_bf_det_k16_l16_r4_c16_m3_w10g0_d32_s2_q2,det,migration_bruteforce,16,16,4,16,3,10,0,32,2,2,3.392000e+00,88794,50172,275,49,0,2189,2399,49,1,2.342000e+02,1.436000e+02,
mig_bf_det_k16_l16_r4_c16_m3_w10g0_d64_s2_q2,det,migration_bruteforce,16,16,4,16,3,10,0,64,2,2,3.392000e+00,89390,51007,275,53,0,2561,2507,53,1,3.201000e+02,2.189000e+02,
mig_bf_det_k16_l16_r4_c16_m3_w10g4_d32_s2_q2,det,migration_bruteforce,16,16,4,16,3,10,4,32,2,2,3.392000e+00,93308,53604,275,49,0,2189,2399,49,1,3.284000e+02,2.119000e+02,
mig_bf_det_k16_l16_r4_c16_m3_w10g4_d64_s2_q2,det,migration_bruteforce,16,16,4,16,3,10,4,64,2,2,3.392000e+00,93904,54439,275,53,0,2561,2507,53,1,3.212000e+02,2.235000e+02,
mig_bf_det_k16_l16_r4_c16_m3_w10g8_d32_s2_q2,det,migration_bruteforce,16,16,4,16,3,10,8,32,2,2,3.392000e+00,96444,56569,275,49,0,2189,2399,49,1,3.740000e+02,1.737000e+02,
mig_bf_det_k16_l16_r4_c16_m3_w10g8_d64_s2_q2,det,migration_bruteforce,16,16,4,16,3,10,8,64,2,2,3.392000e+00,97040,57404,275,53,0,2561,2507,53,1,4.051000e+02,1.450000e+02,
mig_bf_det_k16_l16_r4_c16_m3_w12g0_d32_s2_q2,det,migration_bruteforce,16,16,4,16,3,12,0,32,2,2,3.392000e+00,88341,57024,387,59,0,2189,2399,59,1,3.639000e+02,1.782000e+02,
mig_bf_det_k16_l16_r4_c16_m3_w12g0_d64_s2_q2,det,migration_bruteforce,16,16,4,16,3,12,0,64,2,2,3.392000e+00,88953,57867,387,63,0,2561,2507,63,1,3.238000e+02,2.117000e+02,
mig_bf_det_k16_l16_r4_c16_m3_w12g4_d32_s2_q2,det,migration_bruteforce,16,16,4,16,3,12,4,32,2,2,3.392000e+00,93003,60456,387,59,0,2189,2399,59,1,3.256000e+02,2.380000e+02,
mig_bf_det_k16_l16_r4_c16_m3_w12g4_d64_s2_q2,det,migration_bruteforce,16,16,4,16,3,12,4,64,2,2,3.392000e+00,93615,61299,387,63,0,2561,2507,63,1,3.062000e+02,2.379000e+02,
mig_bf_det_k16_l16_r4_c16_m3_w12g8_d32_s2_q2,det,migration_bruteforce,16,16,4,16,3,12,8,32,2,2,3.392000e+00,95951,63421,387,59,0,2189,2399,59,1,3.761000e+02,1.727000e+02,
mig_bf_det_k16_l16_r4_c16_m3_w12g8_d64_s2_q2,det,migration_bruteforce,16,16,4,16,3,12,8,64,2,2,3.392000e+00,96563,64264,387,63,0,2561,2507,63,1,3.906000e+02,1.488000e+02,
mig_bf_det_k16_l16_r4_c16_m3_w14g0_d32_s2_q2,det,migration_bruteforce,16,16,4,16,3,14,0,32,2,2,3.392000e+00,95794,65216,387,69,0,2189,2399,69,1,3.685000e+02,1.963000e+02,
mig_bf_det_k16_l16_r4_c16_m3_w14g0_d64_s2_q2,det,migration_bruteforce,16,16,4,16,3,14,0,64,2,2,3.392000e+00,96438,66059,387,73,0,2561,2507,73,1,3.370000e+02,2.524000e+02,
mig_bf_det_k16_l16_r4_c16_m3_w14g4_d32_s2_q2,det,migration_bruteforce,16,16,4,16,3,14,4,32,2,2,3.392000e+00,99874,68261,387,69,0,2189,2399,69,1,3.280000e+02,2.322000e+02,
mig_bf_det_k16_l16_r4_c16_m3_w14g4_d64_s2_q2,det,migration_bruteforce,16,16,4,16,3,14,4,64,2,2,3.392000e+00,100518,69104,387,73,0,2561,2507,73,1,3.166000e+02,2.510000e+02,
mig_bf_det_k16_l16_r4_c16_m3_w14g8_d32_s2_q2,det,migration_bruteforce,16,16,4,16,3,14,8,32,2,2,3.392000e+00,103075,71613,387,69,0,2189,2399,69,1,3.712000e+02,1.724000e+02,
mig_bf_det_k16_l16_r4_c16_m3_w14g8_d64_s2_q2,det,migration_bruteforce,16,16,4,16,3,14,8,64,2,2,3.392000e+00,103719,72456,387,73,0,2561,2507,73,1,3.615000e+02,1.863000e+02,
mig_bf_det_k16_l16_r4_c16_m3_w16g0_d32_s2_q2,det,migration_bruteforce,16,16,4,16,3,16,0,32,2,2,3.392000e+00,103440,72719,387,79,0,2189,2399,79,1,3.428000e+02,2.062000e+02,
mig_bf_det_k16_l16_r4_c16_m3_w16g0_d64_s2_q2,det,migration_bruteforce,16,16,4,16,3,16,0,64,2,2,3.392000e+00,103854,73504,387,83,0,2561,2507,83,1,3.115000e+02,2.384000e+02,
mig_bf_det_k16_l16_r4_c16_m3_w16g4_d32_s2_q2,det,migration_bruteforce,16,16,4,16,3,16,4,32,2,2,3.392000e+00,107396,75476,387,79,0,2189,2399,79,1,3.328000e+02,2.257000e+02,
mig_bf_det_k16_l16_r4_c16_m3_w16g4_d64_s2_q2,det,migration_bruteforce,16,16,4,16,3,16,4,64,2,2,3.392000e+00,107810,76261,387,83,0,2561,2507,83,1,3.112000e+02,2.498000e+02,
mig_bf_det_k16_l16_r4_c16_m3_w16g8_d32_s2_q2,det,migration_bruteforce,16,16,4,16,3,16,8,32,2,2,3.392000e+00,110710,80284,387,79,0,2189,2399,79,1,3.935000e+02,1.648000e+02,
mig_bf_det_k16_l16_r4_c16_m3_w16g8_d64_s2_q2,det,migration_bruteforce,16,16,4,16,3,16,8,64,2,2,3.392000e+00,111124,81069,387,83,0,2561,2507,83,1,3.491000e+02,2.068000e+02,
mig_bf_det_k16_l16_r4_c16_m4_w8g0_d32_s2_q2,det,migration_bruteforce,16,16,4,16,4,8,0,32,2,2,3.352000e+00,86534,43507,179,44,0,2189,2399,44,1,3.519000e+02,1.476000e+02,
mig_bf_det_k16_l16_r4_c16_m4_w8g0_d64_s2_q2,det,migration_bruteforce,16,16,4,16,4,8,0,64,2,2,3.352000e+00,87104,44332,179,48,0,2561,2507,48,1,3.044000e+02,1.955000e+02,
mig_bf_det_k16_l16_r4_c16_m4_w8g4_d32_s2_q2,det,migration_bruteforce,16,16,4,16,4,8,4,32,2,2,3.352000e+00,89597,46278,179,44,0,2189,2399,44,1,3.413000e+02,1.656000e+02,
mig_bf_det_k16_l16_r4_c16_m4_w8g4_d64_s2_q2,det,migration_bruteforce,16,16,4,16,4,8,4,64,2,2,3.352000e+00,90167,47103,179,48,0,2561,2507,48,1,3.188000e+02,1.751000e+02,
mig_bf_det_k16_l16_r4_c16_m4_w8g8_d32_s2_q2,det,migration_bruteforce,16,16,4,16,4,8,8,32,2,2,3.352000e+00,93379,49630,179,44,0,2189,2399,44,1,3.686000e+02,1.316000e+02,
mig_bf_det_k16_l16_r4_c16_m4_w8g8_d64_s2_q2,det,migration_bruteforce,16,16,4,16,4,8,8,64,2,2,3.352000e+00,93949,50455,179,48,0,2561,2507,48,1,3.662000e+02,1.495000e+02,
mig_bf_det_k16_l16_r4_c16_m4_w10g0_d32_s2_q2,det,migration_bruteforce,16,16,4,16,4,10,0,32,2,2,3.352000e+00,91290,51722,275,49,0,2189,2399,49,1,3.626000e+02,1.438000e+02,
mig_bf_det_k16_l16_r4_c16_m4_w10g0_d64_s2_q2,det,migration_bruteforce,16,16,4,16,4,10,0,64,2,2,3.352000e+00,91886,52557,275,53,0,2561,2507,53,1,3.171000e+02,1.591000e+02,
mig_bf_det_k16_l16_r4_c16_m4_w10g4_d32_s2_q2,det,migration_bruteforce,16,16,4,16,4,10,4,32,2,2,3.352000e+00,95804,55154,275,49,0,2189,2399,49,1,3.399000e+02,1.712000e+02,
mig_bf_det_k16_l16_r4_c16_m4_w10g4_d64_s2_q2,det,migration_bruteforce,16,16,4,16,4,10,4,64,2,2,3.352000e+00,96400,55989,275,53,0,2561,2507,53,1,3.315000e+02,1.826000e+02,
mig_bf_det_k16_l16_r4_c16_m4_w10g8_d32_s2_q2,det,migration_bruteforce,16,16,4,16,4,10,8,32,2,2,3.352000e+00,98940,58119,275,49,0,2189,2399,49,1,3.645000e+02,1.318000e+02,
mig_bf_det_k16_l16_r4_c16_m4_w10g8_d64_s2_q2,det,migration_bruteforce,16,16,4,16,4,10,8,64,2,2,3.352000e+00,99536,58954,275,53,0,2561,2507,53,1,3.694000e+02,1.470000e+02,
mig_bf_det_k16_l16_r4_c16_m4_w12g0_d32_s2_q2,det,migration_bruteforce,16,16,4,16,4,12,0,32,2,2,3.352000e+00,86933,58888,451,59,0,2189,2399,59,1,3.697000e+02,1.506000e+02,
mig_bf_det_k16_l16_r4_c16_m4_w12g0_d64_s2_q2,det,migration_bruteforce,16,16,4,16,4,12,0,64,2,2,3.352000e+00,87545,59731,451,63,0,2561,2507,63,1,3.501000e+02,1.610000e+02,
mig_bf_det_k16_l16_r4_c16_m4_w12g4_d32_s2_q2,det,migration_bruteforce,16,16,4,16,4,12,4,32,2,2,3.352000e+00,91595,62320,451,59,0,2189,2399,59,1,3.318000e+02,1.820000e+02,
mig_bf_det_k16_l16_r4_c16_m4_w12g4_d64_s2_q2,det,migration_bruteforce,16,16,4,16,4,12,4,64,2,2,3.352000e+00,92207,63163,451,63,0,2561,2507,63,1,3.345000e+02,1.825000e+02,
mig_bf_det_k16_l16_r4_c16_m4_w12g8_d32_s2_q2,det,migration_bruteforce,16,16,4,16,4,12,8,32,2,2,3.352000e+00,94543,65285,451,59,0,2189,2399,59,1,3.427000e+02,1.244000e+02,
mig_bf_det_k16_l16_r4_c16_m4_w12g8_d64_s2_q2,det,migration_bruteforce,16,16,4,16,4,12,8,64,2,2,3.352000e+00,95155,66128,451,63,0,2561,2507,63,1,3.691000e+02,1.473000e+02,
mig_bf_det_k16_l16_r4_c16_m4_w14g0_d32_s2_q2,det,migration_bruteforce,16,16,4,16,4,14,0,32,2,2,3.352000e+00,94130,67844,451,69,0,2189,2399,69,1,3.579000e+02,1.577000e+02,
mig_bf_det_k16_l16_r4_c16_m4_w14g0_d64_s2_q2,det,migration_bruteforce,16,16,4,16,4,14,0,64,2,2,3.352000e+00,94774,68687,451,73,0,2561,2507,73,1,3.469000e+02,1.813000e+02,
mig_bf_det_k16_l16_r4_c16_m4_w14g4_d32_s2_q2,det,migration_bruteforce,16,16,4,16,4,14,4,32,2,2,3.352000e+00,98210,70889,451,69,0,2189,2399,69,1,2.960000e+02,1.209000e+02,
mig_bf_det_k16_l16_r4_c16_m4_w14g4_d64_s2_q2,det,migration_bruteforce,16,16,4,16,4,14,4,64,2,2,3.352000e+00,98854,71732,451,73,0,2561,2507,73,1,3.053000e+02,1.230000e+02,
mig_bf_det_k16_l16_r4_c16_m4_w14g8_d32_s2_q2,det,migration_bruteforce,16,16,4,16,4,14,8,32,2,2,3.352000e+00,101411,74241,451,69,0,2189,2399,69,1,2.709000e+02,5.930000e+01,
mig_bf_det_k16_l16_r4_c16_m4_w14g8_d64_s2_q2,det,migration_bruteforce,16,16,4,16,4,14,8,64,2,2,3.352000e+00,102055,75084,451,73,0,2561,2507,73,1,3.287000e+02,7.670000e+01,
mig_bf_det_k16_l16_r4_c16_m4_w16g0_d32_s2_q2,det,migration_bruteforce,16,16,4,16,4,16,0,32,2,2,3.352000e+00,101520,75725,451,79,0,2189,2399,79,1,3.545000e+02,1.560000e+02,
mig_bf_det_k16_l16_r4_c16_m4_w16g0_d64_s2_q2,det,migration_bruteforce,16,16,4,16,4,16,0,64,2,2,3.352000e+00,101934,76510,451,83,0,2561,2507,83,1,3.061000e+02,1.604000e+02,
mig_bf_det_k16_l16_r4_c16_m4_w16g4_d32_s2_q2,det,migration_bruteforce,16,16,4,16,4,16,4,32,2,2,3.352000e+00,105476,78482,451,79,0,2189,2399,79,1,1.791000e+02,7.040000e+01,
mig_bf_det_k16_l16_r4_c16_m4_w16g4_d64_s2_q2,det,migration_bruteforce,16,16,4,16,4,16,4,64,2,2,3.352000e+00,105890,79267,451,83,0,2561,2507,83,1,1.701000e+02,6.970000e+01,
mig_bf_det_k16_l16_r4_c16_m4_w16g8_d32_s2_q2,det,migration_bruteforce,16,16,4,16,4,16,8,32,2,2,3.352000e+00,108790,83290,451,79,0,2189,2399,79,1,1.541000e+02,6.380000e+01,
mig_bf_det_k16_l16_r4_c16_m4_w16g8_d64_s2_q2,det,migration_bruteforce,16,16,4,16,4,16,8,64,2,2,3.352000e+00,109204,84075,451,83,0,2561,2507,83,1,1.784000e+02,6.100000e+01,
mig_bf_det_k16_l16_r16_c16_m3_w8g0_d32_s2_q2,det,migration_bruteforce,16,16,16,16,3,8,0,32,2,2,3.392000e+00,109876,65138,819,44,0,2189,2399,44,1,7.296000e+02,8.330000e+01,
mig_bf_det_k16_l16_r16_c16_m3_w8g0_d64_s2_q2,det,migration_bruteforce,16,16,16,16,3,8,0,64,2,2,3.392000e+00,110446,65963,819,48,0,2561,2507,48,1,3.682000e+02,6.640000e+01,
mig_bf_det_k16_l16_r16_c16_m3_w8g4_d32_s2_q2,det,migration_bruteforce,16,16,16,16,3,8,4,32,2,2,3.392000e+00,112939,67909,819,44,0,2189,2399,44,1,3.208000e+02,9.590000e+01,
mig_bf_det_k16_l16_r16_c16_m3_w8g4_d64_s2_q2,det,migration_bruteforce,16,16,16,16,3,8,4,64,2,2,3.392000e+00,113509,68734,819,48,0,2561,2507,48,1,2.992000e+02,8.870000e+01,
mig_bf_det_k16_l16_r16_c16_m3_w8g8_d32_s2_q2,det,migration_bruteforce,16,16,16,16,3,8,8,32,2,2,3.392000e+00,116721,71261,819,44,0,2189,2399,44,1,3.488000e+02,9.600000e+01,
mig_bf_det_k16_l16_r16_c16_m3_w8g8_d64_s2_q2,det,migration_bruteforce,16,16,16,16,3,8,8,64,2,2,3.392000e+00,117291,72086,819,48,0,2561,2507,48,1,3.258000e+02,9.580000e+01,
mig_bf_det_k16_l16_r16_c16_m3_w10g0_d32_s2_q2,det,migration_bruteforce,16,16,16,16,3,10,0,32,2,2,3.392000e+00,118712,78015,851,49,0,2189,2399,49,1,3.172000e+02,7.610000e+01,
mig_bf_det_k16_l16_r16_c16_m3_w10g0_d64_s2_q2,det,migration_bruteforce,16,16,16,16,3,10,0,64,2,2,3.392000e+00,119308,78850,851,53,0,2561,2507,53,1,3.494000e+02,8.010000e+01,
mig_bf_det_k16_l16_r16_c16_m3_w10g4_d32_s2_q2,det,migration_bruteforce,16,16,16,16,3,10,4,32,2,2,3.392000e+00,123226,81447,851,49,0,2189,2399,49,1,3.436000e+02,1.052000e+02,
mig_bf_det_k16_l16_r16_c16_m3_w10g4_d64_s2_q2,det,migration_bruteforce,16,16,16,16,3,10,4,64,2,2,3.392000e+00,123822,82282,851,53,0,2561,2507,53,1,3.232000e+02,7.830000e+01,
mig_bf_det_k16_l16_r16_c16_m3_w10g8_d32_s2_q2,det,migration_bruteforce,16,16,16,16,3,10,8,32,2,2,3.392000e+00,126362,84412,851,49,0,2189,2399,49,1,3.424000e+02,9.030000e+01,
mig_bf_det_k16_l16_r16_c16_m3_w10g8_d64_s2_q2,det,migration_bruteforce,16,16,16,16,3,10,8,64,2,2,3.392000e+00,126958,85247,851,53,0,2561,2507,53,1,3.350000e+02,1.011000e+02,
mig_bf_det_k16_l16_r16_c16_m3_w12g0_d32_s2_q2,det,migration_bruteforce,16,16,16,16,3,12,0,32,2,2,3.392000e+00,120587,89867,963,59,0,2189,2399,59,1,3.481000e+02,7.500000e+01,
mig_bf_det_k16_l16_r16_c16_m3_w12g0_d64_s2_q2,det,migration_bruteforce,16,16,16,16,3,12,0,64,2,2,3.392000e+00,121199,90710,963,63,0,2561,2507,63,1,3.424000e+02,8.750000e+01,
mig_bf_det_k16_l16_r16_c16_m3_w12g4_d32_s2_q2,det,migration_bruteforce,16,16,16,16,3,12,4,32,2,2,3.392000e+00,125249,93299,963,59,0,2189,2399,59,1,3.220000e+02,9.390000e+01,
mig_bf_det_k16_l16_r16_c16_m3_w12g4_d64_s2_q2,det,migration_bruteforce,16,16,16,16,3,12,4,64,2,2,3.392000e+00,125861,94142,963,63,0,2561,2507,63,1,3.475000e+02,6.560000e+01,
mig_bf_det_k16_l16_r16_c16_m3_w12g8_d32_s2_q2,det,migration_bruteforce,16,16,16,16,3,12,8,32,2,2,3.392000e+00,128197,96264,963,59,0,2189,2399,59,1,3.353000e+02,9.940000e+01,
mig_bf_det_k16_l16_r16_c16_m3_w12g8_d64_s2_q2,det,migration_bruteforce,16,16,16,16,3,12,8,64,2,2,3.392000e+00,128809,97107,963,63,0,2561,2507,63,1,3.353000e+02,9.150000e+01,
mig_bf_det_k16_l16_r16_c16_m3_w14g0_d32_s2_q2,det,migration_bruteforce,16,16,16,16,3,14,0,32,2,2,3.392000e+00,130426,102669,963,69,0,2189,2399,69,1,3.458000e+02,7.850000e+01,
mig_bf_det_k16_l16_r16_c16_m3_w14g0_d64_s2_q2,det,migration_bruteforce,16,16,16,16,3,14,0,64,2,2,3.392000e+00,131070,103512,963,73,0,2561,2507,73,1,3.400000e+02,1.003000e+02,
mig_bf_det_k16_l16_r16_c16_m3_w14g4_d32_s2_q2,det,migration_bruteforce,16,16,16,16,3,14,4,32,2,2,3.392000e+00,134506,105714,963,69,0,2189,2399,69,1,3.277000e+02,1.074000e+02,
mig_bf_det_k16_l16_r16_c16_m3_w14g4_d64_s2_q2,det,migration_bruteforce,16,16,16,16,3,14,4,64,2,2,3.392000e+00,135150,106557,963,73,0,2561,2507,73,1,3.529000e+02,7.850000e+01,
mig_bf_det_k16_l16_r16_c16_m3_w14g8_d32_s2_q2,det,migration_bruteforce,16,16,16,16,3,14,8,32,2,2,3.392000e+00,137707,109066,963,69,0,2189,2399,69,1,3.333000e+02,1.275000e+02,
mig_bf_det_k16_l16_r16_c16_m3_w14g8_d64_s2_q2,det,migration_bruteforce,16,16,16,16,3,14,8,64,2,2,3.392000e+00,138351,109909,963,73,0,2561,2507,73,1,3.518000e+02,9.020000e+01,
mig_bf_det_k16_l16_r16_c16_m3_w16g0_d32_s2_q2,det,migration_bruteforce,16,16,16,16,3,16,0,32,2,2,3.392000e+00,140414,115562,963,79,0,2189,2399,79,1,3.359000e+02,8.360000e+01,
mig_bf_det_k16_l16_r16_c16_m3_w16g0_d64_s2_q2,det,migration_bruteforce,16,16,16,16,3,16,0,64,2,2,3.392000e+00,140828,116347,963,83,0,2561,2507,83,1,3.027000e+02,1.146000e+02,
mig_bf_det_k16_l16_r16_c16_m3_w16g4_d32_s2_q2,det,migration_bruteforce,16,16,16,16,3,16,4,32,2,2,3.392000e+00,144370,118319,963,79,0,2189,2399,79,1,3.280000e+02,1.166000e+02,
mig_bf_det_k16_l16_r16_c16_m3_w16g4_d64_s2_q2,det,migration_bruteforce,16,16,16,16,3,16,4,64,2,2,3.392000e+00,144784,119104,963,83,0,2561,2507,83,1,3.466000e+02,7.930000e+01,
mig_bf_det_k16_l16_r16_c16_m3_w16g8_d32_s2_q2,det,migration_bruteforce,16,16,16,16,3,16,8,32,2,2,3.392000e+00,147684,123127,963,79,0,2189,2399,79,1,3.086000e+02,1.047000e+02,
mig_bf_det_k16_l16_r16_c16_m3_w16g8_d64_s2_q2,det,migration_bruteforce,16,16,16,16,3,16,8,64,2,2,3.392000e+00,148098,123912,963,83,0,2561,2507,83,1,3.451000e+02,1.421000e+02,
mig_bf_det_k16_l16_r16_c16_m4_w8g0_d32_s2_q2,det,migration_bruteforce,16,16,16,16,4,8,0,32,2,2,3.352000e+00,126772,70781,563,44,0,2189,2399,44,1,3.134000e+02,7.360000e+01,
mig_bf_det_k16_l16_r16_c16_m4_w8g0_d64_s2_q2,det,migration_bruteforce,16,16,16,16,4,8,0,64,2,2,3.352000e+00,127342,71606,563,48,0,2561,2507,48,1,2.894000e+02,9.780000e+01,
mig_bf_det_k16_l16_r16_c16_m4_w8g4_d32_s2_q2,det,migration_bruteforce,16,16,16,16,4,8,4,32,2,2,3.352000e+00,129835,73552,563,44,0,2189,2399,44,1,3.047000e+02,6.270000e+01,
mig_bf_det_k16_l16_r16_c16_m4_w8g4_d64_s2_q2,det,migration_bruteforce,16,16,16,16,4,8,4,64,2,2,3.352000e+00,130405,74377,563,48,0,2561,2507,48,1,3.180000e+02,5.830000e+01,
mig_bf_det_k16_l16_r16_c16_m4_w8g8_d32_s2_q2,det,migration_bruteforce,16,16,16,16,4,8,8,32,2,2,3.352000e+00,133617,76904,563,44,0,2189,2399,44,1,3.104000e+02,7.080000e+01,
mig_bf_det_k16_l16_r16_c16_m4_w8g8_d64_s2_q2,det,migration_bruteforce,16,16,16,16,4,8,8,64,2,2,3.352000e+00,134187,77729,563,48,0,2561,2507,48,1,2.889000e+02,1.112000e+02,
mig_bf_det_k16_l16_r16_c16_m4_w10g0_d32_s2_q2,det,migration_bruteforce,16,16,16,16,4,10,0,32,2,2,3.352000e+00,128696,85074,851,49,0,2189,2399,49,1,2.779000e+02,9.640000e+01,
mig_bf_det_k16_l16_r16_c16_m4_w10g0_d64_s2_q2,det,migration_bruteforce,16,16,16,16,4,10,0,64,2,2,3.352000e+00,129292,85909,851,53,0,2561,2507,53,1,2.752000e+02,1.008000e+02,
mig_bf_det_k16_l16_r16_c16_m4_w10g4_d32_s2_q2,det,migration_bruteforce,16,16,16,16,4,10,4,32,2,2,3.352000e+00,133210,88506,851,49,0,2189,2399,49,1,3.153000e+02,7.060000e+01,
mig_bf_det_k16_l16_r16_c16_m4_w10g4_d64_s2_q2,det,migration_bruteforce,16,16,16,16,4,10,4,64,2,2,3.352000e+00,133806,89341,851,53,0,2561,2507,53,1,3.140000e+02,6.450000e+01,
mig_bf_det_k16_l16_r16_c16_m4_w10g8_d32_s2_q2,det,migration_bruteforce,16,16,16,16,4,10,8,32,2,2,3.352000e+00,136346,91471,851,49,0,2189,2399,49,1,3.020000e+02,7.900000e+01,
mig_bf_det_k16_l16_r16_c16_m4_w10g8_d64_s2_q2,det,migration_bruteforce,16,16,16,16,4,10,8,64,2,2,3.352000e+00,136942,92306,851,53,0,2561,2507,53,1,2.732000e+02,1.160000e+02,
mig_bf_det_k16_l16_r16_c16_m4_w12g0_d32_s2_q2,det,migration_bruteforce,16,16,16,16,4,12,0,32,2,2,3.352000e+00,114955,98342,1219,59,0,2189,2399,59,1,2.743000e+02,1.168000e+02,
mig_bf_det_k16_l16_r16_c16_m4_w12g0_d64_s2_q2,det,migration_bruteforce,16,16,16,16,4,12,0,64,2,2,3.352000e+00,115567,99185,1219,63,0,2561,2507,63,1,3.103000e+02,1.057000e+02,
mig_bf_det_k16_l16_r16_c16_m4_w12g4_d32_s2_q2,det,migration_bruteforce,16,16,16,16,4,12,4,32,2,2,3.352000e+00,119617,101774,1219,59,0,2189,2399,59,1,3.119000e+02,7.130000e+01,
mig_bf_det_k16_l16_r16_c16_m4_w12g4_d64_s2_q2,det,migration_bruteforce,16,16,16,16,4,12,4,64,2,2,3.352000e+00,120229,102617,1219,63,0,2561,2507,63,1,3.245000e+02,5.650000e+01,
mig_bf_det_k16_l16_r16_c16_m4_w12g8_d32_s2_q2,det,migration_bruteforce,16,16,16,16,4,12,8,32,2,2,3.352000e+00,122565,104739,1219,59,0,2189,2399,59,1,3.136000e+02,8.970000e+01,
mig_bf_det_k16_l16_r16_c16_m4_w12g8_d64_s2_q2,det,migration_bruteforce,16,16,16,16,4,12,8,64,2,2,3.352000e+00,123177,105582,1219,63,0,2561,2507,63,1,2.682000e+02,1.147000e+02,
mig_bf_det_k16_l16_r16_c16_m4_w14g0_d32_s2_q2,det,migration_bruteforce,16,16,16,16,4,14,0,32,2,2,3.352000e+00,123770,113402,1219,69,0,2189,2399,69,1,2.514000e+02,1.272000e+02,
mig_bf_det_k16_l16_r16_c16_m4_w14g0_d64_s2_q2,det,migration_bruteforce,16,16,16,16,4,14,0,64,2,2,3.352000e+00,124414,114245,1219,73,0,2561,2507,73,1,3.201000e+02,8.780000e+01,
mig_bf_det_k16_l16_r16_c16_m4_w14g4_d32_s2_q2,det,migration_bruteforce,16,16,16,16,4,14,4,32,2,2,3.352000e+00,127850,116447,1219,69,0,2189,2399,69,1,3.177000e+02,6.110000e+01,
mig_bf_det_k16_l16_r16_c16_m4_w14g4_d64_s2_q2,det,migration_bruteforce,16,16,16,16,4,14,4,64,2,2,3.352000e+00,128494,117290,1219,73,0,2561,2507,73,1,3.172000e+02,6.720000e+01,
mig_bf_det_k16_l16_r16_c16_m4_w14g8_d32_s2_q2,det,migration_bruteforce,16,16,16,16,4,14,8,32,2,2,3.352000e+00,131051,119799,1219,69,0,2189,2399,69,1,2.606000e+02,7.690000e+01,
mig_bf_det_k16_l16_r16_c16_m4_w14g8_d64_s2_q2,det,migration_bruteforce,16,16,16,16,4,14,8,64,2,2,3.352000e+00,131695,120642,1219,73,0,2561,2507,73,1,2.789000e+02,9.570000e+01,
mig_bf_det_k16_l16_r16_c16_m4_w16g0_d32_s2_q2,det,migration_bruteforce,16,16,16,16,4,16,0,32,2,2,3.352000e+00,132734,127384,1219,79,0,2189,2399,79,1,2.687000e+02,1.228000e+02,
mig_bf_det_k16_l16_r16_c16_m4_w16g0_d64_s2_q2,det,migration_bruteforce,16,16,16,16,4,16,0,64,2,2,3.352000e+00,133148,128169,1219,83,0,2561,2507,83,1,2.385000e+02,9.380000e+01,
mig_bf_det_k16_l16_r16_c16_m4_w16g4_d32_s2_q2,det,migration_bruteforce,16,16,16,16,4,16,4,32,2,2,3.352000e+00,136690,130141,1219,79,0,2189,2399,79,1,2.405000e+02,4.800000e+01,
mig_bf_det_k16_l16_r16_c16_m4_w16g4_d64_s2_q2,det,migration_bruteforce,16,16,16,16,4,16,4,64,2,2,3.352000e+00,137104,130926,1219,83,0,2561,2507,83,1,2.715000e+02,5.090000e+01,
mig_bf_det_k16_l16_r16_c16_m4_w16g8_d32_s2_q2,det,migration_bruteforce,16,16,16,16,4,16,8,32,2,2,3.352000e+00,140004,134949,1219,79,0,2189,2399,79,1,1.898000e+02,5.430000e+01,
mig_bf_det_k16_l16_r16_c16_m4_w16g8_d64_s2_q2,det,migration_bruteforce,16,16,16,16,4,16,8,64,2,2,3.352000e+00,140418,135734,1219,83,0,2561,2507,83,1,1.938000e+02,5.520000e+01,
