# mimo_cg migration_compare: numpy=2.5.3, base_seed=20260930, part=xczu48dr-ffvg1517-2-e, period_ns=4
build,top,role,scope,quantity,old,new,delta,pct,pred,pass,cause
vec_k8_l4_w12g8,vec,fit,rtl,bit_exact,1,1,0.000000e+00,0.000000e+00,,1,
vec_k8_l4_w12g8,vec,fit,total,est_ns,3.352000e+00,3.352000e+00,0.000000e+00,0.000000e+00,,1,
vec_k8_l4_w12g8,vec,fit,block:CgVec,lut,14330,15109,7.790000e+02,5.436000e+00,,,"the CG core: run-time dimensions, index products"
vec_k8_l4_w12g8,vec,fit,block:CgVec,ff,9069,9458,3.890000e+02,4.289000e+00,,,"the CG core: run-time dimensions, index products"
vec_k8_l4_w12g8,vec,fit,block:CgVec,dsp,48,49,1.000000e+00,2.083000e+00,49,1,"the CG core: run-time dimensions, index products"
vec_k8_l4_w12g8,vec,fit,block:CgVec,bram,0,0,0.000000e+00,,0,1,"the CG core: run-time dimensions, index products"
vec_k8_l4_w12g8,vec,fit,span,vec.init,1.380000e+02,1.900000e+02,5.200000e+01,3.768100e+01,,0,"the CG core: run-time dimensions, index products"
vec_k8_l4_w12g8,vec,fit,span,vec.iter,1.113000e+03,1.130000e+03,1.700000e+01,1.527000e+00,,1,"the CG core: run-time dimensions, index products"
vec_k8_l4_w12g8,vec,fit,span,vec.last,1.113000e+03,1.130000e+03,1.700000e+01,1.527000e+00,,1,"the CG core: run-time dimensions, index products"
vec_k4_l4_w12g8,vec,fit,rtl,bit_exact,1,1,0.000000e+00,0.000000e+00,,1,
vec_k4_l4_w12g8,vec,fit,total,est_ns,3.352000e+00,3.352000e+00,0.000000e+00,0.000000e+00,,1,
vec_k4_l4_w12g8,vec,fit,block:CgVec,lut,14018,14811,7.930000e+02,5.657000e+00,,,"the CG core: run-time dimensions, index products"
vec_k4_l4_w12g8,vec,fit,block:CgVec,ff,9000,9406,4.060000e+02,4.511000e+00,,,"the CG core: run-time dimensions, index products"
vec_k4_l4_w12g8,vec,fit,block:CgVec,dsp,48,49,1.000000e+00,2.083000e+00,49,1,"the CG core: run-time dimensions, index products"
vec_k4_l4_w12g8,vec,fit,block:CgVec,bram,0,0,0.000000e+00,,0,1,"the CG core: run-time dimensions, index products"
vec_k4_l4_w12g8,vec,fit,span,vec.init,7.400000e+01,1.260000e+02,5.200000e+01,7.027000e+01,,0,"the CG core: run-time dimensions, index products"
vec_k4_l4_w12g8,vec,fit,span,vec.iter,9.850000e+02,1.002000e+03,1.700000e+01,1.726000e+00,,1,"the CG core: run-time dimensions, index products"
vec_k4_l4_w12g8,vec,fit,span,vec.last,9.850000e+02,1.002000e+03,1.700000e+01,1.726000e+00,,1,"the CG core: run-time dimensions, index products"
vec_k16_l4_w12g8,vec,fit,rtl,bit_exact,1,1,0.000000e+00,0.000000e+00,,1,
vec_k16_l4_w12g8,vec,fit,total,est_ns,3.352000e+00,3.352000e+00,0.000000e+00,0.000000e+00,,1,
vec_k16_l4_w12g8,vec,fit,block:CgVec,lut,14389,15155,7.660000e+02,5.324000e+00,,,"the CG core: run-time dimensions, index products"
vec_k16_l4_w12g8,vec,fit,block:CgVec,ff,8953,9328,3.750000e+02,4.189000e+00,,,"the CG core: run-time dimensions, index products"
vec_k16_l4_w12g8,vec,fit,block:CgVec,dsp,48,49,1.000000e+00,2.083000e+00,49,1,"the CG core: run-time dimensions, index products"
vec_k16_l4_w12g8,vec,fit,block:CgVec,bram,24,24,0.000000e+00,0.000000e+00,24,1,"the CG core: run-time dimensions, index products"
vec_k16_l4_w12g8,vec,fit,span,vec.init,2.660000e+02,3.180000e+02,5.200000e+01,1.954900e+01,,0,"the CG core: run-time dimensions, index products"
vec_k16_l4_w12g8,vec,fit,span,vec.iter,1.377000e+03,1.394000e+03,1.700000e+01,1.235000e+00,,1,"the CG core: run-time dimensions, index products"
vec_k16_l4_w12g8,vec,fit,span,vec.last,1.377000e+03,1.394000e+03,1.700000e+01,1.235000e+00,,1,"the CG core: run-time dimensions, index products"
vec_k8_l1_w12g8,vec,fit,rtl,bit_exact,1,1,0.000000e+00,0.000000e+00,,1,
vec_k8_l1_w12g8,vec,fit,total,est_ns,3.352000e+00,3.352000e+00,0.000000e+00,0.000000e+00,,1,
vec_k8_l1_w12g8,vec,fit,block:CgVec,lut,4958,5894,9.360000e+02,1.887900e+01,,,"the CG core: run-time dimensions, index products"
vec_k8_l1_w12g8,vec,fit,block:CgVec,ff,2806,3372,5.660000e+02,2.017100e+01,,,"the CG core: run-time dimensions, index products"
vec_k8_l1_w12g8,vec,fit,block:CgVec,dsp,12,13,1.000000e+00,8.333000e+00,13,1,"the CG core: run-time dimensions, index products"
vec_k8_l1_w12g8,vec,fit,block:CgVec,bram,6,6,0.000000e+00,0.000000e+00,6,1,"the CG core: run-time dimensions, index products"
vec_k8_l1_w12g8,vec,fit,span,vec.init,5.220000e+02,7.420000e+02,2.200000e+02,4.214600e+01,,0,"the CG core: run-time dimensions, index products"
vec_k8_l1_w12g8,vec,fit,span,vec.iter,4.337000e+03,4.402000e+03,6.500000e+01,1.499000e+00,,1,"the CG core: run-time dimensions, index products"
vec_k8_l1_w12g8,vec,fit,span,vec.last,4.337000e+03,4.402000e+03,6.500000e+01,1.499000e+00,,1,"the CG core: run-time dimensions, index products"
vec_k8_l2_w12g8,vec,fit,rtl,bit_exact,1,1,0.000000e+00,0.000000e+00,,1,
vec_k8_l2_w12g8,vec,fit,total,est_ns,3.352000e+00,3.352000e+00,0.000000e+00,0.000000e+00,,1,
vec_k8_l2_w12g8,vec,fit,block:CgVec,lut,8075,8950,8.750000e+02,1.083600e+01,,,"the CG core: run-time dimensions, index products"
vec_k8_l2_w12g8,vec,fit,block:CgVec,ff,4830,5341,5.110000e+02,1.058000e+01,,,"the CG core: run-time dimensions, index products"
vec_k8_l2_w12g8,vec,fit,block:CgVec,dsp,24,25,1.000000e+00,4.167000e+00,25,1,"the CG core: run-time dimensions, index products"
vec_k8_l2_w12g8,vec,fit,block:CgVec,bram,12,12,0.000000e+00,0.000000e+00,12,1,"the CG core: run-time dimensions, index products"
vec_k8_l2_w12g8,vec,fit,span,vec.init,2.660000e+02,3.740000e+02,1.080000e+02,4.060200e+01,,0,"the CG core: run-time dimensions, index products"
vec_k8_l2_w12g8,vec,fit,span,vec.iter,2.193000e+03,2.226000e+03,3.300000e+01,1.505000e+00,,1,"the CG core: run-time dimensions, index products"
vec_k8_l2_w12g8,vec,fit,span,vec.last,2.193000e+03,2.226000e+03,3.300000e+01,1.505000e+00,,1,"the CG core: run-time dimensions, index products"
vec_k8_l8_w12g8,vec,fit,rtl,bit_exact,1,1,0.000000e+00,0.000000e+00,,1,
vec_k8_l8_w12g8,vec,fit,total,est_ns,3.352000e+00,3.352000e+00,0.000000e+00,0.000000e+00,,1,
vec_k8_l8_w12g8,vec,fit,block:CgVec,lut,26519,27126,6.070000e+02,2.289000e+00,,,"the CG core: run-time dimensions, index products"
vec_k8_l8_w12g8,vec,fit,block:CgVec,ff,17338,17499,1.610000e+02,9.290000e-01,,,"the CG core: run-time dimensions, index products"
vec_k8_l8_w12g8,vec,fit,block:CgVec,dsp,96,97,1.000000e+00,1.042000e+00,97,1,"the CG core: run-time dimensions, index products"
vec_k8_l8_w12g8,vec,fit,block:CgVec,bram,0,0,0.000000e+00,,0,1,"the CG core: run-time dimensions, index products"
vec_k8_l8_w12g8,vec,fit,span,vec.init,7.400000e+01,9.800000e+01,2.400000e+01,3.243200e+01,,0,"the CG core: run-time dimensions, index products"
vec_k8_l8_w12g8,vec,fit,span,vec.iter,5.810000e+02,5.900000e+02,9.000000e+00,1.549000e+00,,1,"the CG core: run-time dimensions, index products"
vec_k8_l8_w12g8,vec,fit,span,vec.last,5.810000e+02,5.900000e+02,9.000000e+00,1.549000e+00,,1,"the CG core: run-time dimensions, index products"
vec_k8_l16_w12g8,vec,fit,rtl,bit_exact,1,1,0.000000e+00,0.000000e+00,,1,
vec_k8_l16_w12g8,vec,fit,total,est_ns,3.352000e+00,3.352000e+00,0.000000e+00,0.000000e+00,,1,
vec_k8_l16_w12g8,vec,fit,block:CgVec,lut,51946,52201,2.550000e+02,4.910000e-01,,,"the CG core: run-time dimensions, index products"
vec_k8_l16_w12g8,vec,fit,block:CgVec,ff,35978,35698,-2.800000e+02,-7.780000e-01,,,"the CG core: run-time dimensions, index products"
vec_k8_l16_w12g8,vec,fit,block:CgVec,dsp,192,193,1.000000e+00,5.210000e-01,193,1,"the CG core: run-time dimensions, index products"
vec_k8_l16_w12g8,vec,fit,block:CgVec,bram,0,0,0.000000e+00,,0,1,"the CG core: run-time dimensions, index products"
vec_k8_l16_w12g8,vec,fit,span,vec.init,4.200000e+01,5.200000e+01,1.000000e+01,2.381000e+01,,1,"the CG core: run-time dimensions, index products"
vec_k8_l16_w12g8,vec,fit,span,vec.iter,3.150000e+02,3.200000e+02,5.000000e+00,1.587000e+00,,1,"the CG core: run-time dimensions, index products"
vec_k8_l16_w12g8,vec,fit,span,vec.last,3.150000e+02,3.200000e+02,5.000000e+00,1.587000e+00,,1,"the CG core: run-time dimensions, index products"
vec_k8_l4_w8g8,vec,fit,rtl,bit_exact,1,1,0.000000e+00,0.000000e+00,,1,
vec_k8_l4_w8g8,vec,fit,total,est_ns,3.352000e+00,3.352000e+00,0.000000e+00,0.000000e+00,,1,
vec_k8_l4_w8g8,vec,fit,block:CgVec,lut,14166,14949,7.830000e+02,5.527000e+00,,,"the CG core: run-time dimensions, index products"
vec_k8_l4_w8g8,vec,fit,block:CgVec,ff,7016,7385,3.690000e+02,5.259000e+00,,,"the CG core: run-time dimensions, index products"
vec_k8_l4_w8g8,vec,fit,block:CgVec,dsp,12,13,1.000000e+00,8.333000e+00,13,1,"the CG core: run-time dimensions, index products"
vec_k8_l4_w8g8,vec,fit,block:CgVec,bram,0,0,0.000000e+00,,0,1,"the CG core: run-time dimensions, index products"
vec_k8_l4_w8g8,vec,fit,span,vec.init,1.360000e+02,1.740000e+02,3.800000e+01,2.794100e+01,,0,"the CG core: run-time dimensions, index products"
vec_k8_l4_w8g8,vec,fit,span,vec.iter,9.780000e+02,9.950000e+02,1.700000e+01,1.738000e+00,,1,"the CG core: run-time dimensions, index products"
vec_k8_l4_w8g8,vec,fit,span,vec.last,9.780000e+02,9.950000e+02,1.700000e+01,1.738000e+00,,1,"the CG core: run-time dimensions, index products"
vec_k8_l4_w10g8,vec,fit,rtl,bit_exact,1,1,0.000000e+00,0.000000e+00,,1,
vec_k8_l4_w10g8,vec,fit,total,est_ns,3.352000e+00,3.352000e+00,0.000000e+00,0.000000e+00,,1,
vec_k8_l4_w10g8,vec,fit,block:CgVec,lut,15134,15929,7.950000e+02,5.253000e+00,,,"the CG core: run-time dimensions, index products"
vec_k8_l4_w10g8,vec,fit,block:CgVec,ff,8197,8606,4.090000e+02,4.990000e+00,,,"the CG core: run-time dimensions, index products"
vec_k8_l4_w10g8,vec,fit,block:CgVec,dsp,20,21,1.000000e+00,5.000000e+00,21,1,"the CG core: run-time dimensions, index products"
vec_k8_l4_w10g8,vec,fit,block:CgVec,bram,0,0,0.000000e+00,,0,1,"the CG core: run-time dimensions, index products"
vec_k8_l4_w10g8,vec,fit,span,vec.init,1.380000e+02,1.900000e+02,5.200000e+01,3.768100e+01,,0,"the CG core: run-time dimensions, index products"
vec_k8_l4_w10g8,vec,fit,span,vec.iter,1.045000e+03,1.062000e+03,1.700000e+01,1.627000e+00,,1,"the CG core: run-time dimensions, index products"
vec_k8_l4_w10g8,vec,fit,span,vec.last,1.045000e+03,1.062000e+03,1.700000e+01,1.627000e+00,,1,"the CG core: run-time dimensions, index products"
vec_k8_l4_w14g8,vec,fit,rtl,bit_exact,1,1,0.000000e+00,0.000000e+00,,1,
vec_k8_l4_w14g8,vec,fit,total,est_ns,3.352000e+00,3.352000e+00,0.000000e+00,0.000000e+00,,1,
vec_k8_l4_w14g8,vec,fit,block:CgVec,lut,15107,15870,7.630000e+02,5.051000e+00,,,"the CG core: run-time dimensions, index products"
vec_k8_l4_w14g8,vec,fit,block:CgVec,ff,10201,10566,3.650000e+02,3.578000e+00,,,"the CG core: run-time dimensions, index products"
vec_k8_l4_w14g8,vec,fit,block:CgVec,dsp,48,49,1.000000e+00,2.083000e+00,49,1,"the CG core: run-time dimensions, index products"
vec_k8_l4_w14g8,vec,fit,block:CgVec,bram,0,0,0.000000e+00,,0,1,"the CG core: run-time dimensions, index products"
vec_k8_l4_w14g8,vec,fit,span,vec.init,1.380000e+02,1.900000e+02,5.200000e+01,3.768100e+01,,0,"the CG core: run-time dimensions, index products"
vec_k8_l4_w14g8,vec,fit,span,vec.iter,1.189000e+03,1.206000e+03,1.700000e+01,1.430000e+00,,1,"the CG core: run-time dimensions, index products"
vec_k8_l4_w14g8,vec,fit,span,vec.last,1.189000e+03,1.206000e+03,1.700000e+01,1.430000e+00,,1,"the CG core: run-time dimensions, index products"
vec_k8_l4_w16g8,vec,fit,rtl,bit_exact,1,1,0.000000e+00,0.000000e+00,,1,
vec_k8_l4_w16g8,vec,fit,total,est_ns,3.352000e+00,3.352000e+00,0.000000e+00,0.000000e+00,,1,
vec_k8_l4_w16g8,vec,fit,block:CgVec,lut,16160,16883,7.230000e+02,4.474000e+00,,,"the CG core: run-time dimensions, index products"
vec_k8_l4_w16g8,vec,fit,block:CgVec,ff,11127,11405,2.780000e+02,2.498000e+00,,,"the CG core: run-time dimensions, index products"
vec_k8_l4_w16g8,vec,fit,block:CgVec,dsp,48,49,1.000000e+00,2.083000e+00,49,1,"the CG core: run-time dimensions, index products"
vec_k8_l4_w16g8,vec,fit,block:CgVec,bram,24,24,0.000000e+00,0.000000e+00,24,1,"the CG core: run-time dimensions, index products"
vec_k8_l4_w16g8,vec,fit,span,vec.init,1.370000e+02,1.820000e+02,4.500000e+01,3.284700e+01,,0,"the CG core: run-time dimensions, index products"
vec_k8_l4_w16g8,vec,fit,span,vec.iter,1.241000e+03,1.258000e+03,1.700000e+01,1.370000e+00,,1,"the CG core: run-time dimensions, index products"
vec_k8_l4_w16g8,vec,fit,span,vec.last,1.241000e+03,1.258000e+03,1.700000e+01,1.370000e+00,,1,"the CG core: run-time dimensions, index products"
vec_k8_l4_w12g0,vec,fit,rtl,bit_exact,1,1,0.000000e+00,0.000000e+00,,1,
vec_k8_l4_w12g0,vec,fit,total,est_ns,3.352000e+00,3.352000e+00,0.000000e+00,0.000000e+00,,1,
vec_k8_l4_w12g0,vec,fit,block:CgVec,lut,12224,13003,7.790000e+02,6.373000e+00,,,"the CG core: run-time dimensions, index products"
vec_k8_l4_w12g0,vec,fit,block:CgVec,ff,7408,7825,4.170000e+02,5.629000e+00,,,"the CG core: run-time dimensions, index products"
vec_k8_l4_w12g0,vec,fit,block:CgVec,dsp,48,49,1.000000e+00,2.083000e+00,49,1,"the CG core: run-time dimensions, index products"
vec_k8_l4_w12g0,vec,fit,block:CgVec,bram,0,0,0.000000e+00,,0,1,"the CG core: run-time dimensions, index products"
vec_k8_l4_w12g0,vec,fit,span,vec.init,1.380000e+02,1.900000e+02,5.200000e+01,3.768100e+01,,0,"the CG core: run-time dimensions, index products"
vec_k8_l4_w12g0,vec,fit,span,vec.iter,8.580000e+02,8.750000e+02,1.700000e+01,1.981000e+00,,1,"the CG core: run-time dimensions, index products"
vec_k8_l4_w12g0,vec,fit,span,vec.last,8.580000e+02,8.750000e+02,1.700000e+01,1.981000e+00,,1,"the CG core: run-time dimensions, index products"
vec_k8_l4_w12g4,vec,fit,rtl,bit_exact,1,1,0.000000e+00,0.000000e+00,,1,
vec_k8_l4_w12g4,vec,fit,total,est_ns,3.352000e+00,3.352000e+00,0.000000e+00,0.000000e+00,,1,
vec_k8_l4_w12g4,vec,fit,block:CgVec,lut,13502,14281,7.790000e+02,5.770000e+00,,,"the CG core: run-time dimensions, index products"
vec_k8_l4_w12g4,vec,fit,block:CgVec,ff,8300,8701,4.010000e+02,4.831000e+00,,,"the CG core: run-time dimensions, index products"
vec_k8_l4_w12g4,vec,fit,block:CgVec,dsp,48,49,1.000000e+00,2.083000e+00,49,1,"the CG core: run-time dimensions, index products"
vec_k8_l4_w12g4,vec,fit,block:CgVec,bram,0,0,0.000000e+00,,0,1,"the CG core: run-time dimensions, index products"
vec_k8_l4_w12g4,vec,fit,span,vec.init,1.380000e+02,1.900000e+02,5.200000e+01,3.768100e+01,,0,"the CG core: run-time dimensions, index products"
vec_k8_l4_w12g4,vec,fit,span,vec.iter,9.940000e+02,1.011000e+03,1.700000e+01,1.710000e+00,,1,"the CG core: run-time dimensions, index products"
vec_k8_l4_w12g4,vec,fit,span,vec.last,9.940000e+02,1.011000e+03,1.700000e+01,1.710000e+00,,1,"the CG core: run-time dimensions, index products"
vec_k8_l1_w8g0,vec,fit,rtl,bit_exact,1,1,0.000000e+00,0.000000e+00,,1,
vec_k8_l1_w8g0,vec,fit,total,est_ns,3.352000e+00,3.352000e+00,0.000000e+00,0.000000e+00,,1,
vec_k8_l1_w8g0,vec,fit,block:CgVec,lut,4214,5127,9.130000e+02,2.166600e+01,,,"the CG core: run-time dimensions, index products"
vec_k8_l1_w8g0,vec,fit,block:CgVec,ff,1966,2487,5.210000e+02,2.650100e+01,,,"the CG core: run-time dimensions, index products"
vec_k8_l1_w8g0,vec,fit,block:CgVec,dsp,3,4,1.000000e+00,3.333300e+01,4,1,"the CG core: run-time dimensions, index products"
vec_k8_l1_w8g0,vec,fit,block:CgVec,bram,6,6,0.000000e+00,0.000000e+00,6,1,"the CG core: run-time dimensions, index products"
vec_k8_l1_w8g0,vec,fit,span,vec.init,5.200000e+02,6.780000e+02,1.580000e+02,3.038500e+01,,0,"the CG core: run-time dimensions, index products"
vec_k8_l1_w8g0,vec,fit,span,vec.iter,2.844000e+03,2.909000e+03,6.500000e+01,2.286000e+00,,1,"the CG core: run-time dimensions, index products"
vec_k8_l1_w8g0,vec,fit,span,vec.last,2.844000e+03,2.909000e+03,6.500000e+01,2.286000e+00,,1,"the CG core: run-time dimensions, index products"
vec_k8_l1_w8g8,vec,fit,rtl,bit_exact,1,1,0.000000e+00,0.000000e+00,,1,
vec_k8_l1_w8g8,vec,fit,total,est_ns,3.352000e+00,3.352000e+00,0.000000e+00,0.000000e+00,,1,
vec_k8_l1_w8g8,vec,fit,block:CgVec,lut,4853,5766,9.130000e+02,1.881300e+01,,,"the CG core: run-time dimensions, index products"
vec_k8_l1_w8g8,vec,fit,block:CgVec,ff,2397,2910,5.130000e+02,2.140200e+01,,,"the CG core: run-time dimensions, index products"
vec_k8_l1_w8g8,vec,fit,block:CgVec,dsp,3,4,1.000000e+00,3.333300e+01,4,1,"the CG core: run-time dimensions, index products"
vec_k8_l1_w8g8,vec,fit,block:CgVec,bram,6,6,0.000000e+00,0.000000e+00,6,1,"the CG core: run-time dimensions, index products"
vec_k8_l1_w8g8,vec,fit,span,vec.init,5.200000e+02,6.780000e+02,1.580000e+02,3.038500e+01,,0,"the CG core: run-time dimensions, index products"
vec_k8_l1_w8g8,vec,fit,span,vec.iter,3.786000e+03,3.851000e+03,6.500000e+01,1.717000e+00,,1,"the CG core: run-time dimensions, index products"
vec_k8_l1_w8g8,vec,fit,span,vec.last,3.786000e+03,3.851000e+03,6.500000e+01,1.717000e+00,,1,"the CG core: run-time dimensions, index products"
vec_k8_l1_w16g0,vec,fit,rtl,bit_exact,1,1,0.000000e+00,0.000000e+00,,1,
vec_k8_l1_w16g0,vec,fit,total,est_ns,3.352000e+00,3.352000e+00,0.000000e+00,0.000000e+00,,1,
vec_k8_l1_w16g0,vec,fit,block:CgVec,lut,4834,5732,8.980000e+02,1.857700e+01,,,"the CG core: run-time dimensions, index products"
vec_k8_l1_w16g0,vec,fit,block:CgVec,ff,2848,3347,4.990000e+02,1.752100e+01,,,"the CG core: run-time dimensions, index products"
vec_k8_l1_w16g0,vec,fit,block:CgVec,dsp,12,13,1.000000e+00,8.333000e+00,13,1,"the CG core: run-time dimensions, index products"
vec_k8_l1_w16g0,vec,fit,block:CgVec,bram,6,6,0.000000e+00,0.000000e+00,6,1,"the CG core: run-time dimensions, index products"
vec_k8_l1_w16g0,vec,fit,span,vec.init,5.210000e+02,7.100000e+02,1.890000e+02,3.627600e+01,,0,"the CG core: run-time dimensions, index products"
vec_k8_l1_w16g0,vec,fit,span,vec.iter,3.818000e+03,3.883000e+03,6.500000e+01,1.702000e+00,,1,"the CG core: run-time dimensions, index products"
vec_k8_l1_w16g0,vec,fit,span,vec.last,3.818000e+03,3.883000e+03,6.500000e+01,1.702000e+00,,1,"the CG core: run-time dimensions, index products"
vec_k8_l1_w16g8,vec,fit,rtl,bit_exact,1,1,0.000000e+00,0.000000e+00,,1,
vec_k8_l1_w16g8,vec,fit,total,est_ns,3.352000e+00,3.352000e+00,0.000000e+00,0.000000e+00,,1,
vec_k8_l1_w16g8,vec,fit,block:CgVec,lut,5523,6421,8.980000e+02,1.625900e+01,,,"the CG core: run-time dimensions, index products"
vec_k8_l1_w16g8,vec,fit,block:CgVec,ff,3371,3862,4.910000e+02,1.456500e+01,,,"the CG core: run-time dimensions, index products"
vec_k8_l1_w16g8,vec,fit,block:CgVec,dsp,12,13,1.000000e+00,8.333000e+00,13,1,"the CG core: run-time dimensions, index products"
vec_k8_l1_w16g8,vec,fit,block:CgVec,bram,6,6,0.000000e+00,0.000000e+00,6,1,"the CG core: run-time dimensions, index products"
vec_k8_l1_w16g8,vec,fit,span,vec.init,5.210000e+02,7.100000e+02,1.890000e+02,3.627600e+01,,0,"the CG core: run-time dimensions, index products"
vec_k8_l1_w16g8,vec,fit,span,vec.iter,4.793000e+03,4.858000e+03,6.500000e+01,1.356000e+00,,1,"the CG core: run-time dimensions, index products"
vec_k8_l1_w16g8,vec,fit,span,vec.last,4.793000e+03,4.858000e+03,6.500000e+01,1.356000e+00,,1,"the CG core: run-time dimensions, index products"
vec_k8_l16_w8g0,vec,fit,rtl,bit_exact,1,1,0.000000e+00,0.000000e+00,,1,
vec_k8_l16_w8g0,vec,fit,total,est_ns,3.352000e+00,3.352000e+00,0.000000e+00,0.000000e+00,,1,
vec_k8_l16_w8g0,vec,fit,block:CgVec,lut,45097,45464,3.670000e+02,8.140000e-01,,,"the CG core: run-time dimensions, index products"
vec_k8_l16_w8g0,vec,fit,block:CgVec,ff,21954,21914,-4.000000e+01,-1.820000e-01,,,"the CG core: run-time dimensions, index products"
vec_k8_l16_w8g0,vec,fit,block:CgVec,dsp,48,49,1.000000e+00,2.083000e+00,49,1,"the CG core: run-time dimensions, index products"
vec_k8_l16_w8g0,vec,fit,block:CgVec,bram,0,0,0.000000e+00,,0,1,"the CG core: run-time dimensions, index products"
vec_k8_l16_w8g0,vec,fit,span,vec.init,4.000000e+01,4.800000e+01,8.000000e+00,2.000000e+01,,1,"the CG core: run-time dimensions, index products"
vec_k8_l16_w8g0,vec,fit,span,vec.iter,2.050000e+02,2.090000e+02,4.000000e+00,1.951000e+00,,1,"the CG core: run-time dimensions, index products"
vec_k8_l16_w8g0,vec,fit,span,vec.last,2.040000e+02,2.090000e+02,5.000000e+00,2.451000e+00,,1,"the CG core: run-time dimensions, index products"
vec_k8_l16_w8g8,vec,fit,rtl,bit_exact,1,1,0.000000e+00,0.000000e+00,,1,
vec_k8_l16_w8g8,vec,fit,total,est_ns,3.352000e+00,3.352000e+00,0.000000e+00,0.000000e+00,,1,
vec_k8_l16_w8g8,vec,fit,block:CgVec,lut,51942,52309,3.670000e+02,7.070000e-01,,,"the CG core: run-time dimensions, index products"
vec_k8_l16_w8g8,vec,fit,block:CgVec,ff,28205,28037,-1.680000e+02,-5.960000e-01,,,"the CG core: run-time dimensions, index products"
vec_k8_l16_w8g8,vec,fit,block:CgVec,dsp,48,49,1.000000e+00,2.083000e+00,49,1,"the CG core: run-time dimensions, index products"
vec_k8_l16_w8g8,vec,fit,block:CgVec,bram,0,0,0.000000e+00,,0,1,"the CG core: run-time dimensions, index products"
vec_k8_l16_w8g8,vec,fit,span,vec.init,4.000000e+01,4.800000e+01,8.000000e+00,2.000000e+01,,1,"the CG core: run-time dimensions, index products"
vec_k8_l16_w8g8,vec,fit,span,vec.iter,2.770000e+02,2.810000e+02,4.000000e+00,1.444000e+00,,1,"the CG core: run-time dimensions, index products"
vec_k8_l16_w8g8,vec,fit,span,vec.last,2.760000e+02,2.810000e+02,5.000000e+00,1.812000e+00,,1,"the CG core: run-time dimensions, index products"
vec_k8_l16_w16g0,vec,fit,rtl,bit_exact,1,1,0.000000e+00,0.000000e+00,,1,
vec_k8_l16_w16g0,vec,fit,total,est_ns,3.352000e+00,3.352000e+00,0.000000e+00,0.000000e+00,,1,
vec_k8_l16_w16g0,vec,fit,block:CgVec,lut,51830,51957,1.270000e+02,2.450000e-01,,,"the CG core: run-time dimensions, index products"
vec_k8_l16_w16g0,vec,fit,block:CgVec,ff,39617,39210,-4.070000e+02,-1.027000e+00,,,"the CG core: run-time dimensions, index products"
vec_k8_l16_w16g0,vec,fit,block:CgVec,dsp,192,193,1.000000e+00,5.210000e-01,193,1,"the CG core: run-time dimensions, index products"
vec_k8_l16_w16g0,vec,fit,block:CgVec,bram,0,0,0.000000e+00,,0,1,"the CG core: run-time dimensions, index products"
vec_k8_l16_w16g0,vec,fit,span,vec.init,4.100000e+01,5.000000e+01,9.000000e+00,2.195100e+01,,1,"the CG core: run-time dimensions, index products"
vec_k8_l16_w16g0,vec,fit,span,vec.iter,2.790000e+02,2.830000e+02,4.000000e+00,1.434000e+00,,1,"the CG core: run-time dimensions, index products"
vec_k8_l16_w16g0,vec,fit,span,vec.last,2.780000e+02,2.830000e+02,5.000000e+00,1.799000e+00,,1,"the CG core: run-time dimensions, index products"
vec_k8_l16_w16g8,vec,fit,rtl,bit_exact,1,1,0.000000e+00,0.000000e+00,,1,
vec_k8_l16_w16g8,vec,fit,total,est_ns,3.352000e+00,3.352000e+00,0.000000e+00,0.000000e+00,,1,
vec_k8_l16_w16g8,vec,fit,block:CgVec,lut,59100,59227,1.270000e+02,2.150000e-01,,,"the CG core: run-time dimensions, index products"
vec_k8_l16_w16g8,vec,fit,block:CgVec,ff,47310,46775,-5.350000e+02,-1.131000e+00,,,"the CG core: run-time dimensions, index products"
vec_k8_l16_w16g8,vec,fit,block:CgVec,dsp,192,193,1.000000e+00,5.210000e-01,193,1,"the CG core: run-time dimensions, index products"
vec_k8_l16_w16g8,vec,fit,block:CgVec,bram,0,0,0.000000e+00,,0,1,"the CG core: run-time dimensions, index products"
vec_k8_l16_w16g8,vec,fit,span,vec.init,4.100000e+01,5.000000e+01,9.000000e+00,2.195100e+01,,1,"the CG core: run-time dimensions, index products"
vec_k8_l16_w16g8,vec,fit,span,vec.iter,3.530000e+02,3.580000e+02,5.000000e+00,1.416000e+00,,1,"the CG core: run-time dimensions, index products"
vec_k8_l16_w16g8,vec,fit,span,vec.last,3.530000e+02,3.580000e+02,5.000000e+00,1.416000e+00,,1,"the CG core: run-time dimensions, index products"
vec_k4_l1_w12g8,vec,fit,rtl,bit_exact,1,1,0.000000e+00,0.000000e+00,,1,
vec_k4_l1_w12g8,vec,fit,total,est_ns,3.352000e+00,3.352000e+00,0.000000e+00,0.000000e+00,,1,
vec_k4_l1_w12g8,vec,fit,block:CgVec,lut,4901,5848,9.470000e+02,1.932300e+01,,,"the CG core: run-time dimensions, index products"
vec_k4_l1_w12g8,vec,fit,block:CgVec,ff,2776,3356,5.800000e+02,2.089300e+01,,,"the CG core: run-time dimensions, index products"
vec_k4_l1_w12g8,vec,fit,block:CgVec,dsp,12,13,1.000000e+00,8.333000e+00,13,1,"the CG core: run-time dimensions, index products"
vec_k4_l1_w12g8,vec,fit,block:CgVec,bram,6,6,0.000000e+00,0.000000e+00,6,1,"the CG core: run-time dimensions, index products"
vec_k4_l1_w12g8,vec,fit,span,vec.init,2.660000e+02,4.860000e+02,2.200000e+02,8.270700e+01,,0,"the CG core: run-time dimensions, index products"
vec_k4_l1_w12g8,vec,fit,span,vec.iter,3.825000e+03,3.890000e+03,6.500000e+01,1.699000e+00,,1,"the CG core: run-time dimensions, index products"
vec_k4_l1_w12g8,vec,fit,span,vec.last,3.825000e+03,3.890000e+03,6.500000e+01,1.699000e+00,,1,"the CG core: run-time dimensions, index products"
vec_k4_l16_w12g8,vec,fit,rtl,bit_exact,1,1,0.000000e+00,0.000000e+00,,1,
vec_k4_l16_w12g8,vec,fit,total,est_ns,3.352000e+00,3.352000e+00,0.000000e+00,0.000000e+00,,1,
vec_k4_l16_w12g8,vec,fit,block:CgVec,lut,51250,51513,2.630000e+02,5.130000e-01,,,"the CG core: run-time dimensions, index products"
vec_k4_l16_w12g8,vec,fit,block:CgVec,ff,35798,35547,-2.510000e+02,-7.010000e-01,,,"the CG core: run-time dimensions, index products"
vec_k4_l16_w12g8,vec,fit,block:CgVec,dsp,192,193,1.000000e+00,5.210000e-01,193,1,"the CG core: run-time dimensions, index products"
vec_k4_l16_w12g8,vec,fit,block:CgVec,bram,0,0,0.000000e+00,,0,1,"the CG core: run-time dimensions, index products"
vec_k4_l16_w12g8,vec,fit,span,vec.init,2.600000e+01,3.600000e+01,1.000000e+01,3.846200e+01,,1,"the CG core: run-time dimensions, index products"
vec_k4_l16_w12g8,vec,fit,span,vec.iter,2.830000e+02,2.880000e+02,5.000000e+00,1.767000e+00,,1,"the CG core: run-time dimensions, index products"
vec_k4_l16_w12g8,vec,fit,span,vec.last,2.830000e+02,2.880000e+02,5.000000e+00,1.767000e+00,,1,"the CG core: run-time dimensions, index products"
vec_k16_l1_w12g8,vec,fit,rtl,bit_exact,1,1,0.000000e+00,0.000000e+00,,1,
vec_k16_l1_w12g8,vec,fit,total,est_ns,3.352000e+00,3.352000e+00,0.000000e+00,0.000000e+00,,1,
vec_k16_l1_w12g8,vec,fit,block:CgVec,lut,4992,5918,9.260000e+02,1.855000e+01,,,"the CG core: run-time dimensions, index products"
vec_k16_l1_w12g8,vec,fit,block:CgVec,ff,2833,3388,5.550000e+02,1.959100e+01,,,"the CG core: run-time dimensions, index products"
vec_k16_l1_w12g8,vec,fit,block:CgVec,dsp,12,13,1.000000e+00,8.333000e+00,13,1,"the CG core: run-time dimensions, index products"
vec_k16_l1_w12g8,vec,fit,block:CgVec,bram,6,6,0.000000e+00,0.000000e+00,6,1,"the CG core: run-time dimensions, index products"
vec_k16_l1_w12g8,vec,fit,span,vec.init,1.034000e+03,1.254000e+03,2.200000e+02,2.127700e+01,,0,"the CG core: run-time dimensions, index products"
vec_k16_l1_w12g8,vec,fit,span,vec.iter,5.361000e+03,5.426000e+03,6.500000e+01,1.212000e+00,,1,"the CG core: run-time dimensions, index products"
vec_k16_l1_w12g8,vec,fit,span,vec.last,5.361000e+03,5.426000e+03,6.500000e+01,1.212000e+00,,1,"the CG core: run-time dimensions, index products"
vec_k16_l16_w12g8,vec,fit,rtl,bit_exact,1,1,0.000000e+00,0.000000e+00,,1,
vec_k16_l16_w12g8,vec,fit,total,est_ns,3.352000e+00,3.352000e+00,0.000000e+00,0.000000e+00,,1,
vec_k16_l16_w12g8,vec,fit,block:CgVec,lut,52552,52777,2.250000e+02,4.280000e-01,,,"the CG core: run-time dimensions, index products"
vec_k16_l16_w12g8,vec,fit,block:CgVec,ff,36155,35849,-3.060000e+02,-8.460000e-01,,,"the CG core: run-time dimensions, index products"
vec_k16_l16_w12g8,vec,fit,block:CgVec,dsp,192,193,1.000000e+00,5.210000e-01,193,1,"the CG core: run-time dimensions, index products"
vec_k16_l16_w12g8,vec,fit,block:CgVec,bram,0,0,0.000000e+00,,0,1,"the CG core: run-time dimensions, index products"
vec_k16_l16_w12g8,vec,fit,span,vec.init,7.400000e+01,8.400000e+01,1.000000e+01,1.351400e+01,,1,"the CG core: run-time dimensions, index products"
vec_k16_l16_w12g8,vec,fit,span,vec.iter,3.800000e+02,3.840000e+02,4.000000e+00,1.053000e+00,,1,"the CG core: run-time dimensions, index products"
vec_k16_l16_w12g8,vec,fit,span,vec.last,3.790000e+02,3.840000e+02,5.000000e+00,1.319000e+00,,1,"the CG core: run-time dimensions, index products"
mm_k8_r4_c8_m4_w12_l4,mm,fit,rtl,bit_exact,1,1,0.000000e+00,0.000000e+00,,1,
mm_k8_r4_c8_m4_w12_l4,mm,fit,total,est_ns,3.352000e+00,3.352000e+00,0.000000e+00,0.000000e+00,,1,
mm_k8_r4_c8_m4_w12_l4,mm,fit,block:CgMm,lut,9955,13603,3.648000e+03,3.664500e+01,,,"the systolic core: run-time dimensions, the A^H path, A's build-up moved into the core, the conjugated operand one bit wider, index products"
mm_k8_r4_c8_m4_w12_l4,mm,fit,block:CgMm,ff,8593,8976,3.830000e+02,4.457000e+00,,,"the systolic core: run-time dimensions, the A^H path, A's build-up moved into the core, the conjugated operand one bit wider, index products"
mm_k8_r4_c8_m4_w12_l4,mm,fit,block:CgMm,dsp,128,130,2.000000e+00,1.562000e+00,130,1,"the systolic core: run-time dimensions, the A^H path, A's build-up moved into the core, the conjugated operand one bit wider, index products"
mm_k8_r4_c8_m4_w12_l4,mm,fit,block:CgMm,bram,0,0,0.000000e+00,,0,1,"the systolic core: run-time dimensions, the A^H path, A's build-up moved into the core, the conjugated operand one bit wider, index products"
mm_k8_r4_c8_m4_w12_l4,mm,fit,span,mm.iter,3.490000e+02,3.660000e+02,1.700000e+01,4.871000e+00,,1,"the systolic core: run-time dimensions, the A^H path, A's build-up moved into the core, the conjugated operand one bit wider, index products"
mm_k4_r4_c8_m4_w12_l4,mm,fit,rtl,bit_exact,1,1,0.000000e+00,0.000000e+00,,1,
mm_k4_r4_c8_m4_w12_l4,mm,fit,total,est_ns,3.352000e+00,3.352000e+00,0.000000e+00,0.000000e+00,,1,
mm_k4_r4_c8_m4_w12_l4,mm,fit,block:CgMm,lut,8246,10463,2.217000e+03,2.688600e+01,,,"the systolic core: run-time dimensions, the A^H path, A's build-up moved into the core, the conjugated operand one bit wider, index products"
mm_k4_r4_c8_m4_w12_l4,mm,fit,block:CgMm,ff,7168,7943,7.750000e+02,1.081200e+01,,,"the systolic core: run-time dimensions, the A^H path, A's build-up moved into the core, the conjugated operand one bit wider, index products"
mm_k4_r4_c8_m4_w12_l4,mm,fit,block:CgMm,dsp,128,130,2.000000e+00,1.562000e+00,130,1,"the systolic core: run-time dimensions, the A^H path, A's build-up moved into the core, the conjugated operand one bit wider, index products"
mm_k4_r4_c8_m4_w12_l4,mm,fit,block:CgMm,bram,0,0,0.000000e+00,,0,1,"the systolic core: run-time dimensions, the A^H path, A's build-up moved into the core, the conjugated operand one bit wider, index products"
mm_k4_r4_c8_m4_w12_l4,mm,fit,span,mm.iter,1.600000e+02,1.680000e+02,8.000000e+00,5.000000e+00,,1,"the systolic core: run-time dimensions, the A^H path, A's build-up moved into the core, the conjugated operand one bit wider, index products"
mm_k16_r4_c8_m4_w12_l4,mm,fit,rtl,bit_exact,1,1,0.000000e+00,0.000000e+00,,1,
mm_k16_r4_c8_m4_w12_l4,mm,fit,total,est_ns,3.352000e+00,3.352000e+00,0.000000e+00,0.000000e+00,,1,
mm_k16_r4_c8_m4_w12_l4,mm,fit,block:CgMm,lut,15217,17490,2.273000e+03,1.493700e+01,,,"the systolic core: run-time dimensions, the A^H path, A's build-up moved into the core, the conjugated operand one bit wider, index products"
mm_k16_r4_c8_m4_w12_l4,mm,fit,block:CgMm,ff,13676,10311,-3.365000e+03,-2.460500e+01,,,"the systolic core: run-time dimensions, the A^H path, A's build-up moved into the core, the conjugated operand one bit wider, index products"
mm_k16_r4_c8_m4_w12_l4,mm,fit,block:CgMm,dsp,128,130,2.000000e+00,1.562000e+00,130,1,"the systolic core: run-time dimensions, the A^H path, A's build-up moved into the core, the conjugated operand one bit wider, index products"
mm_k16_r4_c8_m4_w12_l4,mm,fit,block:CgMm,bram,0,0,0.000000e+00,,0,1,"the systolic core: run-time dimensions, the A^H path, A's build-up moved into the core, the conjugated operand one bit wider, index products"
mm_k16_r4_c8_m4_w12_l4,mm,fit,span,mm.iter,8.170000e+02,8.660000e+02,4.900000e+01,5.998000e+00,,0,"the systolic core: run-time dimensions, the A^H path, A's build-up moved into the core, the conjugated operand one bit wider, index products"
mm_k8_r1_c8_m4_w12_l4,mm,fit,rtl,bit_exact,1,1,0.000000e+00,0.000000e+00,,1,
mm_k8_r1_c8_m4_w12_l4,mm,fit,total,est_ns,3.352000e+00,3.352000e+00,0.000000e+00,0.000000e+00,,1,
mm_k8_r1_c8_m4_w12_l4,mm,fit,block:CgMm,lut,5794,9015,3.221000e+03,5.559200e+01,,,"the systolic core: run-time dimensions, the A^H path, A's build-up moved into the core, the conjugated operand one bit wider, index products"
mm_k8_r1_c8_m4_w12_l4,mm,fit,block:CgMm,ff,3885,3576,-3.090000e+02,-7.954000e+00,,,"the systolic core: run-time dimensions, the A^H path, A's build-up moved into the core, the conjugated operand one bit wider, index products"
mm_k8_r1_c8_m4_w12_l4,mm,fit,block:CgMm,dsp,32,34,2.000000e+00,6.250000e+00,34,1,"the systolic core: run-time dimensions, the A^H path, A's build-up moved into the core, the conjugated operand one bit wider, index products"
mm_k8_r1_c8_m4_w12_l4,mm,fit,block:CgMm,bram,0,0,0.000000e+00,,0,1,"the systolic core: run-time dimensions, the A^H path, A's build-up moved into the core, the conjugated operand one bit wider, index products"
mm_k8_r1_c8_m4_w12_l4,mm,fit,span,mm.iter,8.570000e+02,9.220000e+02,6.500000e+01,7.585000e+00,,0,"the systolic core: run-time dimensions, the A^H path, A's build-up moved into the core, the conjugated operand one bit wider, index products"
mm_k8_r2_c8_m4_w12_l4,mm,fit,rtl,bit_exact,1,1,0.000000e+00,0.000000e+00,,1,
mm_k8_r2_c8_m4_w12_l4,mm,fit,total,est_ns,3.352000e+00,3.352000e+00,0.000000e+00,0.000000e+00,,1,
mm_k8_r2_c8_m4_w12_l4,mm,fit,block:CgMm,lut,7409,10779,3.370000e+03,4.548500e+01,,,"the systolic core: run-time dimensions, the A^H path, A's build-up moved into the core, the conjugated operand one bit wider, index products"
mm_k8_r2_c8_m4_w12_l4,mm,fit,block:CgMm,ff,5440,5494,5.400000e+01,9.930000e-01,,,"the systolic core: run-time dimensions, the A^H path, A's build-up moved into the core, the conjugated operand one bit wider, index products"
mm_k8_r2_c8_m4_w12_l4,mm,fit,block:CgMm,dsp,64,66,2.000000e+00,3.125000e+00,66,1,"the systolic core: run-time dimensions, the A^H path, A's build-up moved into the core, the conjugated operand one bit wider, index products"
mm_k8_r2_c8_m4_w12_l4,mm,fit,block:CgMm,bram,0,0,0.000000e+00,,0,1,"the systolic core: run-time dimensions, the A^H path, A's build-up moved into the core, the conjugated operand one bit wider, index products"
mm_k8_r2_c8_m4_w12_l4,mm,fit,span,mm.iter,5.290000e+02,5.620000e+02,3.300000e+01,6.238000e+00,,0,"the systolic core: run-time dimensions, the A^H path, A's build-up moved into the core, the conjugated operand one bit wider, index products"
mm_k8_r8_c8_m4_w12_l4,mm,fit,rtl,bit_exact,1,1,0.000000e+00,0.000000e+00,,1,
mm_k8_r8_c8_m4_w12_l4,mm,fit,total,est_ns,3.352000e+00,3.352000e+00,0.000000e+00,0.000000e+00,,1,
mm_k8_r8_c8_m4_w12_l4,mm,fit,block:CgMm,lut,15214,18875,3.661000e+03,2.406300e+01,,,"the systolic core: run-time dimensions, the A^H path, A's build-up moved into the core, the conjugated operand one bit wider, index products"
mm_k8_r8_c8_m4_w12_l4,mm,fit,block:CgMm,ff,14909,15246,3.370000e+02,2.260000e+00,,,"the systolic core: run-time dimensions, the A^H path, A's build-up moved into the core, the conjugated operand one bit wider, index products"
mm_k8_r8_c8_m4_w12_l4,mm,fit,block:CgMm,dsp,256,258,2.000000e+00,7.810000e-01,258,1,"the systolic core: run-time dimensions, the A^H path, A's build-up moved into the core, the conjugated operand one bit wider, index products"
mm_k8_r8_c8_m4_w12_l4,mm,fit,block:CgMm,bram,0,0,0.000000e+00,,0,1,"the systolic core: run-time dimensions, the A^H path, A's build-up moved into the core, the conjugated operand one bit wider, index products"
mm_k8_r8_c8_m4_w12_l4,mm,fit,span,mm.iter,2.560000e+02,2.680000e+02,1.200000e+01,4.688000e+00,,1,"the systolic core: run-time dimensions, the A^H path, A's build-up moved into the core, the conjugated operand one bit wider, index products"
mm_k8_r4_c4_m4_w12_l4,mm,fit,rtl,bit_exact,1,1,0.000000e+00,0.000000e+00,,1,
mm_k8_r4_c4_m4_w12_l4,mm,fit,total,est_ns,3.352000e+00,3.352000e+00,0.000000e+00,0.000000e+00,,1,
mm_k8_r4_c4_m4_w12_l4,mm,fit,block:CgMm,lut,6416,9703,3.287000e+03,5.123100e+01,,,"the systolic core: run-time dimensions, the A^H path, A's build-up moved into the core, the conjugated operand one bit wider, index products"
mm_k8_r4_c4_m4_w12_l4,mm,fit,block:CgMm,ff,5391,5604,2.130000e+02,3.951000e+00,,,"the systolic core: run-time dimensions, the A^H path, A's build-up moved into the core, the conjugated operand one bit wider, index products"
mm_k8_r4_c4_m4_w12_l4,mm,fit,block:CgMm,dsp,64,66,2.000000e+00,3.125000e+00,66,1,"the systolic core: run-time dimensions, the A^H path, A's build-up moved into the core, the conjugated operand one bit wider, index products"
mm_k8_r4_c4_m4_w12_l4,mm,fit,block:CgMm,bram,0,0,0.000000e+00,,0,1,"the systolic core: run-time dimensions, the A^H path, A's build-up moved into the core, the conjugated operand one bit wider, index products"
mm_k8_r4_c4_m4_w12_l4,mm,fit,span,mm.iter,4.770000e+02,5.100000e+02,3.300000e+01,6.918000e+00,,0,"the systolic core: run-time dimensions, the A^H path, A's build-up moved into the core, the conjugated operand one bit wider, index products"
mm_k8_r4_c16_m4_w12_l4,mm,fit,rtl,bit_exact,1,1,0.000000e+00,0.000000e+00,,1,
mm_k8_r4_c16_m4_w12_l4,mm,fit,total,est_ns,3.352000e+00,3.352000e+00,0.000000e+00,0.000000e+00,,1,
mm_k8_r4_c16_m4_w12_l4,mm,fit,block:CgMm,lut,14788,18732,3.944000e+03,2.667000e+01,,,"the systolic core: run-time dimensions, the A^H path, A's build-up moved into the core, the conjugated operand one bit wider, index products"
mm_k8_r4_c16_m4_w12_l4,mm,fit,block:CgMm,ff,15897,15909,1.200000e+01,7.500000e-02,,,"the systolic core: run-time dimensions, the A^H path, A's build-up moved into the core, the conjugated operand one bit wider, index products"
mm_k8_r4_c16_m4_w12_l4,mm,fit,block:CgMm,dsp,256,258,2.000000e+00,7.810000e-01,258,1,"the systolic core: run-time dimensions, the A^H path, A's build-up moved into the core, the conjugated operand one bit wider, index products"
mm_k8_r4_c16_m4_w12_l4,mm,fit,block:CgMm,bram,0,0,0.000000e+00,,0,1,"the systolic core: run-time dimensions, the A^H path, A's build-up moved into the core, the conjugated operand one bit wider, index products"
mm_k8_r4_c16_m4_w12_l4,mm,fit,span,mm.iter,2.770000e+02,2.860000e+02,9.000000e+00,3.249000e+00,,1,"the systolic core: run-time dimensions, the A^H path, A's build-up moved into the core, the conjugated operand one bit wider, index products"
mm_k8_r4_c32_m4_w12_l4,mm,fit,rtl,bit_exact,1,1,0.000000e+00,0.000000e+00,,1,
mm_k8_r4_c32_m4_w12_l4,mm,fit,total,est_ns,3.352000e+00,3.352000e+00,0.000000e+00,0.000000e+00,,1,
mm_k8_r4_c32_m4_w12_l4,mm,fit,block:CgMm,lut,25746,30402,4.656000e+03,1.808400e+01,,,"the systolic core: run-time dimensions, the A^H path, A's build-up moved into the core, the conjugated operand one bit wider, index products"
mm_k8_r4_c32_m4_w12_l4,mm,fit,block:CgMm,ff,28704,29420,7.160000e+02,2.494000e+00,,,"the systolic core: run-time dimensions, the A^H path, A's build-up moved into the core, the conjugated operand one bit wider, index products"
mm_k8_r4_c32_m4_w12_l4,mm,fit,block:CgMm,dsp,512,514,2.000000e+00,3.910000e-01,514,1,"the systolic core: run-time dimensions, the A^H path, A's build-up moved into the core, the conjugated operand one bit wider, index products"
mm_k8_r4_c32_m4_w12_l4,mm,fit,block:CgMm,bram,0,0,0.000000e+00,,0,1,"the systolic core: run-time dimensions, the A^H path, A's build-up moved into the core, the conjugated operand one bit wider, index products"
mm_k8_r4_c32_m4_w12_l4,mm,fit,span,mm.iter,2.360000e+02,2.460000e+02,1.000000e+01,4.237000e+00,,1,"the systolic core: run-time dimensions, the A^H path, A's build-up moved into the core, the conjugated operand one bit wider, index products"
mm_k8_r4_c8_m3_w12_l4,mm,fit,rtl,bit_exact,1,1,0.000000e+00,0.000000e+00,,1,
mm_k8_r4_c8_m3_w12_l4,mm,fit,total,est_ns,3.392000e+00,3.392000e+00,0.000000e+00,0.000000e+00,,1,
mm_k8_r4_c8_m3_w12_l4,mm,fit,block:CgMm,lut,9635,14083,4.448000e+03,4.616500e+01,,,"the systolic core: run-time dimensions, the A^H path, A's build-up moved into the core, the conjugated operand one bit wider, index products"
mm_k8_r4_c8_m3_w12_l4,mm,fit,block:CgMm,ff,6855,7631,7.760000e+02,1.132000e+01,,,"the systolic core: run-time dimensions, the A^H path, A's build-up moved into the core, the conjugated operand one bit wider, index products"
mm_k8_r4_c8_m3_w12_l4,mm,fit,block:CgMm,dsp,96,98,2.000000e+00,2.083000e+00,98,1,"the systolic core: run-time dimensions, the A^H path, A's build-up moved into the core, the conjugated operand one bit wider, index products"
mm_k8_r4_c8_m3_w12_l4,mm,fit,block:CgMm,bram,0,0,0.000000e+00,,0,1,"the systolic core: run-time dimensions, the A^H path, A's build-up moved into the core, the conjugated operand one bit wider, index products"
mm_k8_r4_c8_m3_w12_l4,mm,fit,span,mm.iter,3.650000e+02,3.820000e+02,1.700000e+01,4.658000e+00,,1,"the systolic core: run-time dimensions, the A^H path, A's build-up moved into the core, the conjugated operand one bit wider, index products"
mm_k8_r4_c8_m4_w8_l4,mm,fit,rtl,bit_exact,1,1,0.000000e+00,0.000000e+00,,1,
mm_k8_r4_c8_m4_w8_l4,mm,fit,total,est_ns,3.352000e+00,3.352000e+00,0.000000e+00,0.000000e+00,,1,
mm_k8_r4_c8_m4_w8_l4,mm,fit,block:CgMm,lut,11171,15079,3.908000e+03,3.498300e+01,,,"the systolic core: run-time dimensions, the A^H path, A's build-up moved into the core, the conjugated operand one bit wider, index products"
mm_k8_r4_c8_m4_w8_l4,mm,fit,block:CgMm,ff,5897,6604,7.070000e+02,1.198900e+01,,,"the systolic core: run-time dimensions, the A^H path, A's build-up moved into the core, the conjugated operand one bit wider, index products"
mm_k8_r4_c8_m4_w8_l4,mm,fit,block:CgMm,dsp,64,66,2.000000e+00,3.125000e+00,66,1,"the systolic core: run-time dimensions, the A^H path, A's build-up moved into the core, the conjugated operand one bit wider, index products"
mm_k8_r4_c8_m4_w8_l4,mm,fit,block:CgMm,bram,0,0,0.000000e+00,,0,1,"the systolic core: run-time dimensions, the A^H path, A's build-up moved into the core, the conjugated operand one bit wider, index products"
mm_k8_r4_c8_m4_w8_l4,mm,fit,span,mm.iter,3.490000e+02,3.660000e+02,1.700000e+01,4.871000e+00,,1,"the systolic core: run-time dimensions, the A^H path, A's build-up moved into the core, the conjugated operand one bit wider, index products"
mm_k8_r4_c8_m4_w10_l4,mm,fit,rtl,bit_exact,1,1,0.000000e+00,0.000000e+00,,1,
mm_k8_r4_c8_m4_w10_l4,mm,fit,total,est_ns,3.352000e+00,3.352000e+00,0.000000e+00,0.000000e+00,,1,
mm_k8_r4_c8_m4_w10_l4,mm,fit,block:CgMm,lut,13131,14915,1.784000e+03,1.358600e+01,,,"the systolic core: run-time dimensions, the A^H path, A's build-up moved into the core, the conjugated operand one bit wider, index products"
mm_k8_r4_c8_m4_w10_l4,mm,fit,block:CgMm,ff,7245,7780,5.350000e+02,7.384000e+00,,,"the systolic core: run-time dimensions, the A^H path, A's build-up moved into the core, the conjugated operand one bit wider, index products"
mm_k8_r4_c8_m4_w10_l4,mm,fit,block:CgMm,dsp,64,98,3.400000e+01,5.312500e+01,98,1,"the systolic core: run-time dimensions, the A^H path, A's build-up moved into the core, the conjugated operand one bit wider, index products"
mm_k8_r4_c8_m4_w10_l4,mm,fit,block:CgMm,bram,0,0,0.000000e+00,,0,1,"the systolic core: run-time dimensions, the A^H path, A's build-up moved into the core, the conjugated operand one bit wider, index products"
mm_k8_r4_c8_m4_w10_l4,mm,fit,span,mm.iter,3.490000e+02,3.660000e+02,1.700000e+01,4.871000e+00,,1,"the systolic core: run-time dimensions, the A^H path, A's build-up moved into the core, the conjugated operand one bit wider, index products"
mm_k8_r4_c8_m4_w14_l4,mm,fit,rtl,bit_exact,1,1,0.000000e+00,0.000000e+00,,1,
mm_k8_r4_c8_m4_w14_l4,mm,fit,total,est_ns,3.352000e+00,3.352000e+00,0.000000e+00,0.000000e+00,,1,
mm_k8_r4_c8_m4_w14_l4,mm,fit,block:CgMm,lut,10515,13927,3.412000e+03,3.244900e+01,,,"the systolic core: run-time dimensions, the A^H path, A's build-up moved into the core, the conjugated operand one bit wider, index products"
mm_k8_r4_c8_m4_w14_l4,mm,fit,block:CgMm,ff,9934,9831,-1.030000e+02,-1.037000e+00,,,"the systolic core: run-time dimensions, the A^H path, A's build-up moved into the core, the conjugated operand one bit wider, index products"
mm_k8_r4_c8_m4_w14_l4,mm,fit,block:CgMm,dsp,128,130,2.000000e+00,1.562000e+00,130,1,"the systolic core: run-time dimensions, the A^H path, A's build-up moved into the core, the conjugated operand one bit wider, index products"
mm_k8_r4_c8_m4_w14_l4,mm,fit,block:CgMm,bram,0,0,0.000000e+00,,0,1,"the systolic core: run-time dimensions, the A^H path, A's build-up moved into the core, the conjugated operand one bit wider, index products"
mm_k8_r4_c8_m4_w14_l4,mm,fit,span,mm.iter,3.490000e+02,3.660000e+02,1.700000e+01,4.871000e+00,,1,"the systolic core: run-time dimensions, the A^H path, A's build-up moved into the core, the conjugated operand one bit wider, index products"
mm_k8_r4_c8_m4_w16_l4,mm,fit,rtl,bit_exact,1,1,0.000000e+00,0.000000e+00,,1,
mm_k8_r4_c8_m4_w16_l4,mm,fit,total,est_ns,3.352000e+00,3.352000e+00,0.000000e+00,0.000000e+00,,1,
mm_k8_r4_c8_m4_w16_l4,mm,fit,block:CgMm,lut,10955,14391,3.436000e+03,3.136500e+01,,,"the systolic core: run-time dimensions, the A^H path, A's build-up moved into the core, the conjugated operand one bit wider, index products"
mm_k8_r4_c8_m4_w16_l4,mm,fit,block:CgMm,ff,11298,11031,-2.670000e+02,-2.363000e+00,,,"the systolic core: run-time dimensions, the A^H path, A's build-up moved into the core, the conjugated operand one bit wider, index products"
mm_k8_r4_c8_m4_w16_l4,mm,fit,block:CgMm,dsp,128,130,2.000000e+00,1.562000e+00,130,1,"the systolic core: run-time dimensions, the A^H path, A's build-up moved into the core, the conjugated operand one bit wider, index products"
mm_k8_r4_c8_m4_w16_l4,mm,fit,block:CgMm,bram,0,0,0.000000e+00,,0,1,"the systolic core: run-time dimensions, the A^H path, A's build-up moved into the core, the conjugated operand one bit wider, index products"
mm_k8_r4_c8_m4_w16_l4,mm,fit,span,mm.iter,3.490000e+02,3.660000e+02,1.700000e+01,4.871000e+00,,1,"the systolic core: run-time dimensions, the A^H path, A's build-up moved into the core, the conjugated operand one bit wider, index products"
mm_k8_r4_c8_m4_w12_l1,mm,fit,rtl,bit_exact,1,1,0.000000e+00,0.000000e+00,,1,
mm_k8_r4_c8_m4_w12_l1,mm,fit,total,est_ns,3.352000e+00,3.352000e+00,0.000000e+00,0.000000e+00,,1,
mm_k8_r4_c8_m4_w12_l1,mm,fit,block:CgMm,lut,8606,9436,8.300000e+02,9.644000e+00,,,"the systolic core: run-time dimensions, the A^H path, A's build-up moved into the core, the conjugated operand one bit wider, index products"
mm_k8_r4_c8_m4_w12_l1,mm,fit,block:CgMm,ff,8756,7935,-8.210000e+02,-9.376000e+00,,,"the systolic core: run-time dimensions, the A^H path, A's build-up moved into the core, the conjugated operand one bit wider, index products"
mm_k8_r4_c8_m4_w12_l1,mm,fit,block:CgMm,dsp,128,130,2.000000e+00,1.562000e+00,130,1,"the systolic core: run-time dimensions, the A^H path, A's build-up moved into the core, the conjugated operand one bit wider, index products"
mm_k8_r4_c8_m4_w12_l1,mm,fit,block:CgMm,bram,0,0,0.000000e+00,,0,1,"the systolic core: run-time dimensions, the A^H path, A's build-up moved into the core, the conjugated operand one bit wider, index products"
mm_k8_r4_c8_m4_w12_l1,mm,fit,span,mm.iter,7.330000e+02,7.420000e+02,9.000000e+00,1.228000e+00,,1,"the systolic core: run-time dimensions, the A^H path, A's build-up moved into the core, the conjugated operand one bit wider, index products"
mm_k8_r4_c8_m4_w12_l8,mm,fit,rtl,bit_exact,1,1,0.000000e+00,0.000000e+00,,1,
mm_k8_r4_c8_m4_w12_l8,mm,fit,total,est_ns,3.352000e+00,3.352000e+00,0.000000e+00,0.000000e+00,,1,
mm_k8_r4_c8_m4_w12_l8,mm,fit,block:CgMm,lut,10035,12978,2.943000e+03,2.932700e+01,,,"the systolic core: run-time dimensions, the A^H path, A's build-up moved into the core, the conjugated operand one bit wider, index products"
mm_k8_r4_c8_m4_w12_l8,mm,fit,block:CgMm,ff,8704,9548,8.440000e+02,9.697000e+00,,,"the systolic core: run-time dimensions, the A^H path, A's build-up moved into the core, the conjugated operand one bit wider, index products"
mm_k8_r4_c8_m4_w12_l8,mm,fit,block:CgMm,dsp,128,130,2.000000e+00,1.562000e+00,130,1,"the systolic core: run-time dimensions, the A^H path, A's build-up moved into the core, the conjugated operand one bit wider, index products"
mm_k8_r4_c8_m4_w12_l8,mm,fit,block:CgMm,bram,0,0,0.000000e+00,,0,1,"the systolic core: run-time dimensions, the A^H path, A's build-up moved into the core, the conjugated operand one bit wider, index products"
mm_k8_r4_c8_m4_w12_l8,mm,fit,span,mm.iter,2.770000e+02,2.860000e+02,9.000000e+00,3.249000e+00,,1,"the systolic core: run-time dimensions, the A^H path, A's build-up moved into the core, the conjugated operand one bit wider, index products"
mm_k8_r1_c4_m4_w8_l4,mm,fit,rtl,bit_exact,1,1,0.000000e+00,0.000000e+00,,1,
mm_k8_r1_c4_m4_w8_l4,mm,fit,total,est_ns,3.352000e+00,3.352000e+00,0.000000e+00,0.000000e+00,,1,
mm_k8_r1_c4_m4_w8_l4,mm,fit,block:CgMm,lut,5055,8394,3.339000e+03,6.605300e+01,,,"the systolic core: run-time dimensions, the A^H path, A's build-up moved into the core, the conjugated operand one bit wider, index products"
mm_k8_r1_c4_m4_w8_l4,mm,fit,block:CgMm,ff,2480,3095,6.150000e+02,2.479800e+01,,,"the systolic core: run-time dimensions, the A^H path, A's build-up moved into the core, the conjugated operand one bit wider, index products"
mm_k8_r1_c4_m4_w8_l4,mm,fit,block:CgMm,dsp,8,13,5.000000e+00,6.250000e+01,10,0,"the systolic core: run-time dimensions, the A^H path, A's build-up moved into the core, the conjugated operand one bit wider, index products"
mm_k8_r1_c4_m4_w8_l4,mm,fit,block:CgMm,bram,0,0,0.000000e+00,,0,1,"the systolic core: run-time dimensions, the A^H path, A's build-up moved into the core, the conjugated operand one bit wider, index products"
mm_k8_r1_c4_m4_w8_l4,mm,fit,span,mm.iter,7.790000e+02,7.820000e+02,3.000000e+00,3.850000e-01,,1,"the systolic core: run-time dimensions, the A^H path, A's build-up moved into the core, the conjugated operand one bit wider, index products"
mm_k8_r1_c4_m4_w16_l4,mm,fit,rtl,bit_exact,1,1,0.000000e+00,0.000000e+00,,1,
mm_k8_r1_c4_m4_w16_l4,mm,fit,total,est_ns,3.352000e+00,3.352000e+00,0.000000e+00,0.000000e+00,,1,
mm_k8_r1_c4_m4_w16_l4,mm,fit,block:CgMm,lut,5255,8586,3.331000e+03,6.338700e+01,,,"the systolic core: run-time dimensions, the A^H path, A's build-up moved into the core, the conjugated operand one bit wider, index products"
mm_k8_r1_c4_m4_w16_l4,mm,fit,block:CgMm,ff,4246,4081,-1.650000e+02,-3.886000e+00,,,"the systolic core: run-time dimensions, the A^H path, A's build-up moved into the core, the conjugated operand one bit wider, index products"
mm_k8_r1_c4_m4_w16_l4,mm,fit,block:CgMm,dsp,16,21,5.000000e+00,3.125000e+01,18,0,"the systolic core: run-time dimensions, the A^H path, A's build-up moved into the core, the conjugated operand one bit wider, index products"
mm_k8_r1_c4_m4_w16_l4,mm,fit,block:CgMm,bram,8,8,0.000000e+00,0.000000e+00,8,1,"the systolic core: run-time dimensions, the A^H path, A's build-up moved into the core, the conjugated operand one bit wider, index products"
mm_k8_r1_c4_m4_w16_l4,mm,fit,span,mm.iter,7.790000e+02,7.820000e+02,3.000000e+00,3.850000e-01,,1,"the systolic core: run-time dimensions, the A^H path, A's build-up moved into the core, the conjugated operand one bit wider, index products"
mm_k8_r8_c32_m4_w8_l4,mm,fit,rtl,bit_exact,1,1,0.000000e+00,0.000000e+00,,1,
mm_k8_r8_c32_m4_w8_l4,mm,fit,total,est_ns,3.352000e+00,3.352000e+00,0.000000e+00,0.000000e+00,,1,
mm_k8_r8_c32_m4_w8_l4,mm,fit,block:CgMm,lut,57777,65303,7.526000e+03,1.302600e+01,,,"the systolic core: run-time dimensions, the A^H path, A's build-up moved into the core, the conjugated operand one bit wider, index products"
mm_k8_r8_c32_m4_w8_l4,mm,fit,block:CgMm,ff,37504,39596,2.092000e+03,5.578000e+00,,,"the systolic core: run-time dimensions, the A^H path, A's build-up moved into the core, the conjugated operand one bit wider, index products"
mm_k8_r8_c32_m4_w8_l4,mm,fit,block:CgMm,dsp,512,514,2.000000e+00,3.910000e-01,514,1,"the systolic core: run-time dimensions, the A^H path, A's build-up moved into the core, the conjugated operand one bit wider, index products"
mm_k8_r8_c32_m4_w8_l4,mm,fit,block:CgMm,bram,0,0,0.000000e+00,,0,1,"the systolic core: run-time dimensions, the A^H path, A's build-up moved into the core, the conjugated operand one bit wider, index products"
mm_k8_r8_c32_m4_w8_l4,mm,fit,span,mm.iter,1.850000e+02,1.960000e+02,1.100000e+01,5.946000e+00,,1,"the systolic core: run-time dimensions, the A^H path, A's build-up moved into the core, the conjugated operand one bit wider, index products"
mm_k8_r8_c32_m4_w16_l4,mm,fit,rtl,bit_exact,1,1,0.000000e+00,0.000000e+00,,1,
mm_k8_r8_c32_m4_w16_l4,mm,fit,total,est_ns,3.352000e+00,3.352000e+00,0.000000e+00,0.000000e+00,,1,
mm_k8_r8_c32_m4_w16_l4,mm,fit,block:CgMm,lut,48953,54055,5.102000e+03,1.042200e+01,,,"the systolic core: run-time dimensions, the A^H path, A's build-up moved into the core, the conjugated operand one bit wider, index products"
mm_k8_r8_c32_m4_w16_l4,mm,fit,block:CgMm,ff,72544,74638,2.094000e+03,2.887000e+00,,,"the systolic core: run-time dimensions, the A^H path, A's build-up moved into the core, the conjugated operand one bit wider, index products"
mm_k8_r8_c32_m4_w16_l4,mm,fit,block:CgMm,dsp,1024,1026,2.000000e+00,1.950000e-01,1026,1,"the systolic core: run-time dimensions, the A^H path, A's build-up moved into the core, the conjugated operand one bit wider, index products"
mm_k8_r8_c32_m4_w16_l4,mm,fit,block:CgMm,bram,0,0,0.000000e+00,,0,1,"the systolic core: run-time dimensions, the A^H path, A's build-up moved into the core, the conjugated operand one bit wider, index products"
mm_k8_r8_c32_m4_w16_l4,mm,fit,span,mm.iter,1.850000e+02,1.970000e+02,1.200000e+01,6.486000e+00,,1,"the systolic core: run-time dimensions, the A^H path, A's build-up moved into the core, the conjugated operand one bit wider, index products"
mm_k16_r16_c16_m4_w8_l4,mm,fit,rtl,bit_exact,1,1,0.000000e+00,0.000000e+00,,1,
mm_k16_r16_c16_m4_w8_l4,mm,fit,total,est_ns,3.352000e+00,3.352000e+00,0.000000e+00,0.000000e+00,,1,
mm_k16_r16_c16_m4_w8_l4,mm,fit,block:CgMm,lut,61814,67583,5.769000e+03,9.333000e+00,,,"the systolic core: run-time dimensions, the A^H path, A's build-up moved into the core, the conjugated operand one bit wider, index products"
mm_k16_r16_c16_m4_w8_l4,mm,fit,block:CgMm,ff,42693,40464,-2.229000e+03,-5.221000e+00,,,"the systolic core: run-time dimensions, the A^H path, A's build-up moved into the core, the conjugated operand one bit wider, index products"
mm_k16_r16_c16_m4_w8_l4,mm,fit,block:CgMm,dsp,512,514,2.000000e+00,3.910000e-01,514,1,"the systolic core: run-time dimensions, the A^H path, A's build-up moved into the core, the conjugated operand one bit wider, index products"
mm_k16_r16_c16_m4_w8_l4,mm,fit,block:CgMm,bram,0,0,0.000000e+00,,0,1,"the systolic core: run-time dimensions, the A^H path, A's build-up moved into the core, the conjugated operand one bit wider, index products"
mm_k16_r16_c16_m4_w8_l4,mm,fit,span,mm.iter,3.720000e+02,3.800000e+02,8.000000e+00,2.151000e+00,,1,"the systolic core: run-time dimensions, the A^H path, A's build-up moved into the core, the conjugated operand one bit wider, index products"
mm_k16_r16_c16_m4_w16_l4,mm,fit,rtl,bit_exact,1,1,0.000000e+00,0.000000e+00,,1,
mm_k16_r16_c16_m4_w16_l4,mm,fit,total,est_ns,3.352000e+00,3.352000e+00,0.000000e+00,0.000000e+00,,1,
mm_k16_r16_c16_m4_w16_l4,mm,fit,block:CgMm,lut,52974,56239,3.265000e+03,6.163000e+00,,,"the systolic core: run-time dimensions, the A^H path, A's build-up moved into the core, the conjugated operand one bit wider, index products"
mm_k16_r16_c16_m4_w16_l4,mm,fit,block:CgMm,ff,81957,75578,-6.379000e+03,-7.783000e+00,,,"the systolic core: run-time dimensions, the A^H path, A's build-up moved into the core, the conjugated operand one bit wider, index products"
mm_k16_r16_c16_m4_w16_l4,mm,fit,block:CgMm,dsp,1024,1026,2.000000e+00,1.950000e-01,1026,1,"the systolic core: run-time dimensions, the A^H path, A's build-up moved into the core, the conjugated operand one bit wider, index products"
mm_k16_r16_c16_m4_w16_l4,mm,fit,block:CgMm,bram,0,0,0.000000e+00,,0,1,"the systolic core: run-time dimensions, the A^H path, A's build-up moved into the core, the conjugated operand one bit wider, index products"
mm_k16_r16_c16_m4_w16_l4,mm,fit,span,mm.iter,3.720000e+02,3.800000e+02,8.000000e+00,2.151000e+00,,1,"the systolic core: run-time dimensions, the A^H path, A's build-up moved into the core, the conjugated operand one bit wider, index products"
mm_k16_r1_c32_m4_w8_l4,mm,fit,rtl,bit_exact,1,1,0.000000e+00,0.000000e+00,,1,
mm_k16_r1_c32_m4_w8_l4,mm,fit,total,est_ns,3.352000e+00,3.352000e+00,0.000000e+00,0.000000e+00,,1,
mm_k16_r1_c32_m4_w8_l4,mm,fit,block:CgMm,lut,18107,21104,2.997000e+03,1.655200e+01,,,"the systolic core: run-time dimensions, the A^H path, A's build-up moved into the core, the conjugated operand one bit wider, index products"
mm_k16_r1_c32_m4_w8_l4,mm,fit,block:CgMm,ff,9370,6737,-2.633000e+03,-2.810000e+01,,,"the systolic core: run-time dimensions, the A^H path, A's build-up moved into the core, the conjugated operand one bit wider, index products"
mm_k16_r1_c32_m4_w8_l4,mm,fit,block:CgMm,dsp,64,66,2.000000e+00,3.125000e+00,66,1,"the systolic core: run-time dimensions, the A^H path, A's build-up moved into the core, the conjugated operand one bit wider, index products"
mm_k16_r1_c32_m4_w8_l4,mm,fit,block:CgMm,bram,0,0,0.000000e+00,,0,1,"the systolic core: run-time dimensions, the A^H path, A's build-up moved into the core, the conjugated operand one bit wider, index products"
mm_k16_r1_c32_m4_w8_l4,mm,fit,span,mm.iter,1.128000e+03,1.194000e+03,6.600000e+01,5.851000e+00,,0,"the systolic core: run-time dimensions, the A^H path, A's build-up moved into the core, the conjugated operand one bit wider, index products"
mm_k16_r1_c32_m4_w16_l4,mm,fit,rtl,bit_exact,1,1,0.000000e+00,0.000000e+00,,1,
mm_k16_r1_c32_m4_w16_l4,mm,fit,total,est_ns,3.352000e+00,3.352000e+00,0.000000e+00,0.000000e+00,,1,
mm_k16_r1_c32_m4_w16_l4,mm,fit,block:CgMm,lut,17795,20528,2.733000e+03,1.535800e+01,,,"the systolic core: run-time dimensions, the A^H path, A's build-up moved into the core, the conjugated operand one bit wider, index products"
mm_k16_r1_c32_m4_w16_l4,mm,fit,block:CgMm,ff,18123,13077,-5.046000e+03,-2.784300e+01,,,"the systolic core: run-time dimensions, the A^H path, A's build-up moved into the core, the conjugated operand one bit wider, index products"
mm_k16_r1_c32_m4_w16_l4,mm,fit,block:CgMm,dsp,128,130,2.000000e+00,1.562000e+00,130,1,"the systolic core: run-time dimensions, the A^H path, A's build-up moved into the core, the conjugated operand one bit wider, index products"
mm_k16_r1_c32_m4_w16_l4,mm,fit,block:CgMm,bram,0,0,0.000000e+00,,0,1,"the systolic core: run-time dimensions, the A^H path, A's build-up moved into the core, the conjugated operand one bit wider, index products"
mm_k16_r1_c32_m4_w16_l4,mm,fit,span,mm.iter,1.128000e+03,1.194000e+03,6.600000e+01,5.851000e+00,,0,"the systolic core: run-time dimensions, the A^H path, A's build-up moved into the core, the conjugated operand one bit wider, index products"
mm_k8_r4_c8_m3_w8_l4,mm,fit,rtl,bit_exact,1,1,0.000000e+00,0.000000e+00,,1,
mm_k8_r4_c8_m3_w8_l4,mm,fit,total,est_ns,3.392000e+00,3.392000e+00,0.000000e+00,0.000000e+00,,1,
mm_k8_r4_c8_m3_w8_l4,mm,fit,block:CgMm,lut,8611,12743,4.132000e+03,4.798500e+01,,,"the systolic core: run-time dimensions, the A^H path, A's build-up moved into the core, the conjugated operand one bit wider, index products"
mm_k8_r4_c8_m3_w8_l4,mm,fit,block:CgMm,ff,4743,5563,8.200000e+02,1.728900e+01,,,"the systolic core: run-time dimensions, the A^H path, A's build-up moved into the core, the conjugated operand one bit wider, index products"
mm_k8_r4_c8_m3_w8_l4,mm,fit,block:CgMm,dsp,96,98,2.000000e+00,2.083000e+00,98,1,"the systolic core: run-time dimensions, the A^H path, A's build-up moved into the core, the conjugated operand one bit wider, index products"
mm_k8_r4_c8_m3_w8_l4,mm,fit,block:CgMm,bram,0,0,0.000000e+00,,0,1,"the systolic core: run-time dimensions, the A^H path, A's build-up moved into the core, the conjugated operand one bit wider, index products"
mm_k8_r4_c8_m3_w8_l4,mm,fit,span,mm.iter,3.650000e+02,3.820000e+02,1.700000e+01,4.658000e+00,,1,"the systolic core: run-time dimensions, the A^H path, A's build-up moved into the core, the conjugated operand one bit wider, index products"
mm_k8_r4_c8_m3_w16_l4,mm,fit,rtl,bit_exact,1,1,0.000000e+00,0.000000e+00,,1,
mm_k8_r4_c8_m3_w16_l4,mm,fit,total,est_ns,3.392000e+00,3.392000e+00,0.000000e+00,0.000000e+00,,1,
mm_k8_r4_c8_m3_w16_l4,mm,fit,block:CgMm,lut,10635,15351,4.716000e+03,4.434400e+01,,,"the systolic core: run-time dimensions, the A^H path, A's build-up moved into the core, the conjugated operand one bit wider, index products"
mm_k8_r4_c8_m3_w16_l4,mm,fit,block:CgMm,ff,8983,9679,6.960000e+02,7.748000e+00,,,"the systolic core: run-time dimensions, the A^H path, A's build-up moved into the core, the conjugated operand one bit wider, index products"
mm_k8_r4_c8_m3_w16_l4,mm,fit,block:CgMm,dsp,96,98,2.000000e+00,2.083000e+00,98,1,"the systolic core: run-time dimensions, the A^H path, A's build-up moved into the core, the conjugated operand one bit wider, index products"
mm_k8_r4_c8_m3_w16_l4,mm,fit,block:CgMm,bram,0,0,0.000000e+00,,0,1,"the systolic core: run-time dimensions, the A^H path, A's build-up moved into the core, the conjugated operand one bit wider, index products"
mm_k8_r4_c8_m3_w16_l4,mm,fit,span,mm.iter,3.650000e+02,3.820000e+02,1.700000e+01,4.658000e+00,,1,"the systolic core: run-time dimensions, the A^H path, A's build-up moved into the core, the conjugated operand one bit wider, index products"
det_k4_l4_r4_c4_m4_w12g8_d64_s2_q2,det,fit,rtl,bit_exact,1,1,0.000000e+00,0.000000e+00,,1,
det_k4_l4_r4_c4_m4_w12g8_d64_s2_q2,det,fit,total,est_ns,3.352000e+00,3.352000e+00,0.000000e+00,0.000000e+00,,1,
det_k4_l4_r4_c4_m4_w12g8_d64_s2_q2,det,fit,total,lut,32991,30033,-2.958000e+03,-8.966000e+00,,1,
det_k4_l4_r4_c4_m4_w12g8_d64_s2_q2,det,fit,total,ff,19791,20520,7.290000e+02,3.683000e+00,,1,
det_k4_l4_r4_c4_m4_w12g8_d64_s2_q2,det,fit,total,dsp,112,115,3.000000e+00,2.679000e+00,115,1,
det_k4_l4_r4_c4_m4_w12g8_d64_s2_q2,det,fit,total,bram,20,20,0.000000e+00,0.000000e+00,20,1,
det_k4_l4_r4_c4_m4_w12g8_d64_s2_q2,det,fit,module:CgCtrl,lut,244,47,-1.970000e+02,-8.073800e+01,,,one command per core per job
det_k4_l4_r4_c4_m4_w12g8_d64_s2_q2,det,fit,module:CgCtrl,ff,50,2,-4.800000e+01,-9.600000e+01,,,one command per core per job
det_k4_l4_r4_c4_m4_w12g8_d64_s2_q2,det,fit,module:CgLoad,lut,7253,2803,-4.450000e+03,-6.135400e+01,,,A in L-lane groups instead of K-lane rows; Waveflow's wf_load_matrix
det_k4_l4_r4_c4_m4_w12g8_d64_s2_q2,det,fit,module:CgLoad,ff,1162,794,-3.680000e+02,-3.167000e+01,,,A in L-lane groups instead of K-lane rows; Waveflow's wf_load_matrix
det_k4_l4_r4_c4_m4_w12g8_d64_s2_q2,det,fit,module:CgStore,lut,1514,566,-9.480000e+02,-6.261600e+01,,,Waveflow's wf_store_matrix
det_k4_l4_r4_c4_m4_w12g8_d64_s2_q2,det,fit,module:CgStore,ff,171,281,1.100000e+02,6.432700e+01,,,Waveflow's wf_store_matrix
det_k4_l4_r4_c4_m4_w12g8_d64_s2_q2,det,fit,module:mm,lut,4779,6623,1.844000e+03,3.858500e+01,,,not expected to change; investigated and logged in the plan's §15
det_k4_l4_r4_c4_m4_w12g8_d64_s2_q2,det,fit,module:mm,ff,4000,4629,6.290000e+02,1.572500e+01,,,not expected to change; investigated and logged in the plan's §15
det_k4_l4_r4_c4_m4_w12g8_d64_s2_q2,det,fit,module:mm,dsp,64,66,2.000000e+00,3.125000e+00,,,not expected to change; investigated and logged in the plan's §15
det_k4_l4_r4_c4_m4_w12g8_d64_s2_q2,det,fit,module:vec,lut,14018,14811,7.930000e+02,5.657000e+00,,,not expected to change; investigated and logged in the plan's §15
det_k4_l4_r4_c4_m4_w12g8_d64_s2_q2,det,fit,module:vec,ff,9000,9406,4.060000e+02,4.511000e+00,,,not expected to change; investigated and logged in the plan's §15
det_k4_l4_r4_c4_m4_w12g8_d64_s2_q2,det,fit,module:vec,dsp,48,49,1.000000e+00,2.083000e+00,,,not expected to change; investigated and logged in the plan's §15
det_k4_l4_r4_c4_m4_w12g8_d64_s2_q2,det,fit,cycles,t_iter,1.193000e+03,1.222000e+03,2.900000e+01,2.431000e+00,,1,the cores' per-iteration loops (the spans mm.iter and vec.iter)
det_k4_l4_r4_c4_m4_w12g8_d64_s2_q2,det,fit,cycles,t0,7.500000e+01,1.270000e+02,5.200000e+01,6.933300e+01,,1,the per-job work of the cores: the CG core's start and the systolic core's A load
det_k4_l4_r4_c4_m4_w12g8_d64_s2_q2,det,fit,cycles:job1,interval_nit2,2.461000e+03,2.571000e+03,1.100000e+02,4.470000e+00,,1,the per-job work of the cores: the CG core's start and the systolic core's A load; the cores' per-iteration loops (the spans mm.iter and vec.iter)
det_k4_l4_r4_c4_m4_w12g8_d64_s2_q2,det,fit,cycles:job2,interval_nit3,3.654000e+03,3.793000e+03,1.390000e+02,3.804000e+00,,1,the per-job work of the cores: the CG core's start and the systolic core's A load; the cores' per-iteration loops (the spans mm.iter and vec.iter)
det_k4_l4_r4_c4_m4_w12g8_d64_s2_q2,det,fit,cycles:job3,interval_nit4,4.847000e+03,5.015000e+03,1.680000e+02,3.466000e+00,,1,the per-job work of the cores: the CG core's start and the systolic core's A load; the cores' per-iteration loops (the spans mm.iter and vec.iter)
det_k4_l4_r4_c4_m4_w12g8_d64_s2_q2,det,fit,cycles:job4,interval_nit1,1.268000e+03,1.349000e+03,8.100000e+01,6.388000e+00,,1,the per-job work of the cores: the CG core's start and the systolic core's A load; the cores' per-iteration loops (the spans mm.iter and vec.iter)
det_k4_l4_r4_c4_m4_w12g8_d64_s2_q2,det,fit,cycles:job5,interval_nit2,2.461000e+03,2.571000e+03,1.100000e+02,4.470000e+00,,1,the per-job work of the cores: the CG core's start and the systolic core's A load; the cores' per-iteration loops (the spans mm.iter and vec.iter)
det_k4_l4_r4_c4_m4_w12g8_d64_s2_q2,det,fit,span,mm.iter,2.080000e+02,2.200000e+02,1.200000e+01,5.769000e+00,,1,"the systolic core: run-time dimensions, the A^H path, A's build-up moved into the core, the conjugated operand one bit wider, index products"
det_k4_l4_r4_c4_m4_w12g8_d64_s2_q2,det,fit,span,vec.init,7.400000e+01,1.260000e+02,5.200000e+01,7.027000e+01,,0,"the CG core: run-time dimensions, index products"
det_k4_l4_r4_c4_m4_w12g8_d64_s2_q2,det,fit,span,vec.iter,9.850000e+02,1.002000e+03,1.700000e+01,1.726000e+00,,1,"the CG core: run-time dimensions, index products"
det_k4_l4_r4_c4_m4_w12g8_d64_s2_q2,det,fit,span,vec.last,9.850000e+02,1.002000e+03,1.700000e+01,1.726000e+00,,1,"the CG core: run-time dimensions, index products"
det_k8_l4_r8_c4_m4_w12g8_d64_s2_q2,det,fit,rtl,bit_exact,1,1,0.000000e+00,0.000000e+00,,1,
det_k8_l4_r8_c4_m4_w12g8_d64_s2_q2,det,fit,total,est_ns,3.352000e+00,3.352000e+00,0.000000e+00,0.000000e+00,,1,
det_k8_l4_r8_c4_m4_w12g8_d64_s2_q2,det,fit,total,lut,41628,36131,-5.497000e+03,-1.320500e+01,,1,
det_k8_l4_r8_c4_m4_w12g8_d64_s2_q2,det,fit,total,ff,24399,25131,7.320000e+02,3.000000e+00,,1,
det_k8_l4_r8_c4_m4_w12g8_d64_s2_q2,det,fit,total,dsp,176,179,3.000000e+00,1.705000e+00,179,1,
det_k8_l4_r8_c4_m4_w12g8_d64_s2_q2,det,fit,total,bram,26,23,-3.000000e+00,-1.153800e+01,23,1,
det_k8_l4_r8_c4_m4_w12g8_d64_s2_q2,det,fit,module:CgCtrl,lut,248,47,-2.010000e+02,-8.104800e+01,,,one command per core per job
det_k8_l4_r8_c4_m4_w12g8_d64_s2_q2,det,fit,module:CgCtrl,ff,52,2,-5.000000e+01,-9.615400e+01,,,one command per core per job
det_k8_l4_r8_c4_m4_w12g8_d64_s2_q2,det,fit,module:CgLoad,lut,11633,2808,-8.825000e+03,-7.586200e+01,,,A in L-lane groups instead of K-lane rows; Waveflow's wf_load_matrix
det_k8_l4_r8_c4_m4_w12g8_d64_s2_q2,det,fit,module:CgLoad,ff,1256,800,-4.560000e+02,-3.630600e+01,,,A in L-lane groups instead of K-lane rows; Waveflow's wf_load_matrix
det_k8_l4_r8_c4_m4_w12g8_d64_s2_q2,det,fit,module:CgStore,lut,1516,568,-9.480000e+02,-6.253300e+01,,,Waveflow's wf_store_matrix
det_k8_l4_r8_c4_m4_w12g8_d64_s2_q2,det,fit,module:CgStore,ff,179,282,1.030000e+02,5.754200e+01,,,Waveflow's wf_store_matrix
det_k8_l4_r8_c4_m4_w12g8_d64_s2_q2,det,fit,memory:a_blk_U,bram,6,3,-3.000000e+00,-5.000000e+01,,,the A store's shape (L-lane groups instead of K-lane rows)
det_k8_l4_r8_c4_m4_w12g8_d64_s2_q2,det,fit,module:mm,lut,8728,12426,3.698000e+03,4.236900e+01,,,not expected to change; investigated and logged in the plan's §15
det_k8_l4_r8_c4_m4_w12g8_d64_s2_q2,det,fit,module:mm,ff,8495,9241,7.460000e+02,8.782000e+00,,,not expected to change; investigated and logged in the plan's §15
det_k8_l4_r8_c4_m4_w12g8_d64_s2_q2,det,fit,module:mm,dsp,128,130,2.000000e+00,1.562000e+00,,,not expected to change; investigated and logged in the plan's §15
det_k8_l4_r8_c4_m4_w12g8_d64_s2_q2,det,fit,module:vec,lut,14330,15109,7.790000e+02,5.436000e+00,,,not expected to change; investigated and logged in the plan's §15
det_k8_l4_r8_c4_m4_w12g8_d64_s2_q2,det,fit,module:vec,ff,9069,9458,3.890000e+02,4.289000e+00,,,not expected to change; investigated and logged in the plan's §15
det_k8_l4_r8_c4_m4_w12g8_d64_s2_q2,det,fit,module:vec,dsp,48,49,1.000000e+00,2.083000e+00,,,not expected to change; investigated and logged in the plan's §15
det_k8_l4_r8_c4_m4_w12g8_d64_s2_q2,det,fit,cycles,t_iter,1.449000e+03,1.486000e+03,3.700000e+01,2.553000e+00,,1,the cores' per-iteration loops (the spans mm.iter and vec.iter)
det_k8_l4_r8_c4_m4_w12g8_d64_s2_q2,det,fit,cycles,t0,1.390000e+02,1.910000e+02,5.200000e+01,3.741000e+01,,1,the per-job work of the cores: the CG core's start and the systolic core's A load
det_k8_l4_r8_c4_m4_w12g8_d64_s2_q2,det,fit,cycles:job1,interval_nit2,3.037000e+03,3.163000e+03,1.260000e+02,4.149000e+00,,1,the per-job work of the cores: the CG core's start and the systolic core's A load; the cores' per-iteration loops (the spans mm.iter and vec.iter)
det_k8_l4_r8_c4_m4_w12g8_d64_s2_q2,det,fit,cycles:job2,interval_nit3,4.486000e+03,4.649000e+03,1.630000e+02,3.634000e+00,,1,the per-job work of the cores: the CG core's start and the systolic core's A load; the cores' per-iteration loops (the spans mm.iter and vec.iter)
det_k8_l4_r8_c4_m4_w12g8_d64_s2_q2,det,fit,cycles:job3,interval_nit8,1.173100e+04,1.207900e+04,3.480000e+02,2.966000e+00,,1,the per-job work of the cores: the CG core's start and the systolic core's A load; the cores' per-iteration loops (the spans mm.iter and vec.iter)
det_k8_l4_r8_c4_m4_w12g8_d64_s2_q2,det,fit,cycles:job4,interval_nit1,1.588000e+03,1.677000e+03,8.900000e+01,5.605000e+00,,1,the per-job work of the cores: the CG core's start and the systolic core's A load; the cores' per-iteration loops (the spans mm.iter and vec.iter)
det_k8_l4_r8_c4_m4_w12g8_d64_s2_q2,det,fit,cycles:job5,interval_nit2,3.037000e+03,3.163000e+03,1.260000e+02,4.149000e+00,,1,the per-job work of the cores: the CG core's start and the systolic core's A load; the cores' per-iteration loops (the spans mm.iter and vec.iter)
det_k8_l4_r8_c4_m4_w12g8_d64_s2_q2,det,fit,span,mm.iter,3.360000e+02,3.560000e+02,2.000000e+01,5.952000e+00,,1,"the systolic core: run-time dimensions, the A^H path, A's build-up moved into the core, the conjugated operand one bit wider, index products"
det_k8_l4_r8_c4_m4_w12g8_d64_s2_q2,det,fit,span,vec.init,1.380000e+02,1.900000e+02,5.200000e+01,3.768100e+01,,0,"the CG core: run-time dimensions, index products"
det_k8_l4_r8_c4_m4_w12g8_d64_s2_q2,det,fit,span,vec.iter,1.113000e+03,1.130000e+03,1.700000e+01,1.527000e+00,,1,"the CG core: run-time dimensions, index products"
det_k8_l4_r8_c4_m4_w12g8_d64_s2_q2,det,fit,span,vec.last,1.113000e+03,1.130000e+03,1.700000e+01,1.527000e+00,,1,"the CG core: run-time dimensions, index products"
det_k16_l4_r16_c4_m4_w12g8_d64_s2_q2,det,fit,rtl,bit_exact,1,1,0.000000e+00,0.000000e+00,,1,
det_k16_l4_r16_c4_m4_w12g8_d64_s2_q2,det,fit,total,est_ns,3.352000e+00,3.352000e+00,0.000000e+00,0.000000e+00,,1,
det_k16_l4_r16_c4_m4_w12g8_d64_s2_q2,det,fit,total,lut,60770,44355,-1.641500e+04,-2.701200e+01,,0,
det_k16_l4_r16_c4_m4_w12g8_d64_s2_q2,det,fit,total,ff,36046,31750,-4.296000e+03,-1.191800e+01,,1,
det_k16_l4_r16_c4_m4_w12g8_d64_s2_q2,det,fit,total,dsp,304,307,3.000000e+00,9.870000e-01,307,1,
det_k16_l4_r16_c4_m4_w12g8_d64_s2_q2,det,fit,total,bram,63,55,-8.000000e+00,-1.269800e+01,55,1,
det_k16_l4_r16_c4_m4_w12g8_d64_s2_q2,det,fit,module:CgCtrl,lut,249,47,-2.020000e+02,-8.112400e+01,,,one command per core per job
det_k16_l4_r16_c4_m4_w12g8_d64_s2_q2,det,fit,module:CgCtrl,ff,54,2,-5.200000e+01,-9.629600e+01,,,one command per core per job
det_k16_l4_r16_c4_m4_w12g8_d64_s2_q2,det,fit,module:CgLoad,lut,20972,2814,-1.815800e+04,-8.658200e+01,,,A in L-lane groups instead of K-lane rows; Waveflow's wf_load_matrix
det_k16_l4_r16_c4_m4_w12g8_d64_s2_q2,det,fit,module:CgLoad,ff,1769,806,-9.630000e+02,-5.443800e+01,,,A in L-lane groups instead of K-lane rows; Waveflow's wf_load_matrix
det_k16_l4_r16_c4_m4_w12g8_d64_s2_q2,det,fit,module:CgStore,lut,1518,570,-9.480000e+02,-6.245100e+01,,,Waveflow's wf_store_matrix
det_k16_l4_r16_c4_m4_w12g8_d64_s2_q2,det,fit,module:CgStore,ff,173,283,1.100000e+02,6.358400e+01,,,Waveflow's wf_store_matrix
det_k16_l4_r16_c4_m4_w12g8_d64_s2_q2,det,fit,memory:a_blk_U,bram,11,3,-8.000000e+00,-7.272700e+01,,,the A store's shape (L-lane groups instead of K-lane rows)
det_k16_l4_r16_c4_m4_w12g8_d64_s2_q2,det,fit,module:mm,lut,18467,20594,2.127000e+03,1.151800e+01,,,not expected to change; investigated and logged in the plan's §15
det_k16_l4_r16_c4_m4_w12g8_d64_s2_q2,det,fit,module:mm,ff,19748,15982,-3.766000e+03,-1.907000e+01,,,not expected to change; investigated and logged in the plan's §15
det_k16_l4_r16_c4_m4_w12g8_d64_s2_q2,det,fit,module:mm,dsp,256,258,2.000000e+00,7.810000e-01,,,not expected to change; investigated and logged in the plan's §15
det_k16_l4_r16_c4_m4_w12g8_d64_s2_q2,det,fit,module:vec,lut,14389,15155,7.660000e+02,5.324000e+00,,,not expected to change; investigated and logged in the plan's §15
det_k16_l4_r16_c4_m4_w12g8_d64_s2_q2,det,fit,module:vec,ff,8953,9328,3.750000e+02,4.189000e+00,,,not expected to change; investigated and logged in the plan's §15
det_k16_l4_r16_c4_m4_w12g8_d64_s2_q2,det,fit,module:vec,dsp,48,49,1.000000e+00,2.083000e+00,,,not expected to change; investigated and logged in the plan's §15
det_k16_l4_r16_c4_m4_w12g8_d64_s2_q2,det,fit,cycles,t_iter,1.969000e+03,2.014000e+03,4.500000e+01,2.285000e+00,,1,the cores' per-iteration loops (the spans mm.iter and vec.iter)
det_k16_l4_r16_c4_m4_w12g8_d64_s2_q2,det,fit,cycles,t0,2.670000e+02,3.190000e+02,5.200000e+01,1.947600e+01,,1,the per-job work of the cores: the CG core's start and the systolic core's A load
det_k16_l4_r16_c4_m4_w12g8_d64_s2_q2,det,fit,cycles:job1,interval_nit2,4.205000e+03,4.347000e+03,1.420000e+02,3.377000e+00,,1,the per-job work of the cores: the CG core's start and the systolic core's A load; the cores' per-iteration loops (the spans mm.iter and vec.iter)
det_k16_l4_r16_c4_m4_w12g8_d64_s2_q2,det,fit,cycles:job2,interval_nit3,6.174000e+03,6.361000e+03,1.870000e+02,3.029000e+00,,1,the per-job work of the cores: the CG core's start and the systolic core's A load; the cores' per-iteration loops (the spans mm.iter and vec.iter)
det_k16_l4_r16_c4_m4_w12g8_d64_s2_q2,det,fit,cycles:job3,interval_nit16,3.177100e+04,3.254300e+04,7.720000e+02,2.430000e+00,,1,the per-job work of the cores: the CG core's start and the systolic core's A load; the cores' per-iteration loops (the spans mm.iter and vec.iter)
det_k16_l4_r16_c4_m4_w12g8_d64_s2_q2,det,fit,cycles:job4,interval_nit1,2.236000e+03,2.333000e+03,9.700000e+01,4.338000e+00,,1,the per-job work of the cores: the CG core's start and the systolic core's A load; the cores' per-iteration loops (the spans mm.iter and vec.iter)
det_k16_l4_r16_c4_m4_w12g8_d64_s2_q2,det,fit,cycles:job5,interval_nit2,4.205000e+03,4.347000e+03,1.420000e+02,3.377000e+00,,1,the per-job work of the cores: the CG core's start and the systolic core's A load; the cores' per-iteration loops (the spans mm.iter and vec.iter)
det_k16_l4_r16_c4_m4_w12g8_d64_s2_q2,det,fit,span,mm.iter,5.920000e+02,6.200000e+02,2.800000e+01,4.730000e+00,,1,"the systolic core: run-time dimensions, the A^H path, A's build-up moved into the core, the conjugated operand one bit wider, index products"
det_k16_l4_r16_c4_m4_w12g8_d64_s2_q2,det,fit,span,vec.init,2.660000e+02,3.180000e+02,5.200000e+01,1.954900e+01,,0,"the CG core: run-time dimensions, index products"
det_k16_l4_r16_c4_m4_w12g8_d64_s2_q2,det,fit,span,vec.iter,1.377000e+03,1.394000e+03,1.700000e+01,1.235000e+00,,1,"the CG core: run-time dimensions, index products"
det_k16_l4_r16_c4_m4_w12g8_d64_s2_q2,det,fit,span,vec.last,1.377000e+03,1.394000e+03,1.700000e+01,1.235000e+00,,1,"the CG core: run-time dimensions, index products"
det_k4_l1_r4_c4_m4_w12g8_d64_s2_q2,det,fit,rtl,bit_exact,1,1,0.000000e+00,0.000000e+00,,1,
det_k4_l1_r4_c4_m4_w12g8_d64_s2_q2,det,fit,total,est_ns,3.352000e+00,3.352000e+00,0.000000e+00,0.000000e+00,,1,
det_k4_l1_r4_c4_m4_w12g8_d64_s2_q2,det,fit,total,lut,18839,17655,-1.184000e+03,-6.285000e+00,,1,
det_k4_l1_r4_c4_m4_w12g8_d64_s2_q2,det,fit,total,ff,13097,13562,4.650000e+02,3.550000e+00,,1,
det_k4_l1_r4_c4_m4_w12g8_d64_s2_q2,det,fit,total,dsp,76,79,3.000000e+00,3.947000e+00,79,1,
det_k4_l1_r4_c4_m4_w12g8_d64_s2_q2,det,fit,total,bram,24,24,0.000000e+00,0.000000e+00,24,1,
det_k4_l1_r4_c4_m4_w12g8_d64_s2_q2,det,fit,module:CgCtrl,lut,244,47,-1.970000e+02,-8.073800e+01,,,one command per core per job
det_k4_l1_r4_c4_m4_w12g8_d64_s2_q2,det,fit,module:CgCtrl,ff,50,2,-4.800000e+01,-9.600000e+01,,,one command per core per job
det_k4_l1_r4_c4_m4_w12g8_d64_s2_q2,det,fit,module:CgLoad,lut,4032,747,-3.285000e+03,-8.147300e+01,,,A in L-lane groups instead of K-lane rows; Waveflow's wf_load_matrix
det_k4_l1_r4_c4_m4_w12g8_d64_s2_q2,det,fit,module:CgLoad,ff,597,165,-4.320000e+02,-7.236200e+01,,,A in L-lane groups instead of K-lane rows; Waveflow's wf_load_matrix
det_k4_l1_r4_c4_m4_w12g8_d64_s2_q2,det,fit,module:mm,lut,4242,5593,1.351000e+03,3.184800e+01,,,not expected to change; investigated and logged in the plan's §15
det_k4_l1_r4_c4_m4_w12g8_d64_s2_q2,det,fit,module:mm,ff,4150,4515,3.650000e+02,8.795000e+00,,,not expected to change; investigated and logged in the plan's §15
det_k4_l1_r4_c4_m4_w12g8_d64_s2_q2,det,fit,module:mm,dsp,64,66,2.000000e+00,3.125000e+00,,,not expected to change; investigated and logged in the plan's §15
det_k4_l1_r4_c4_m4_w12g8_d64_s2_q2,det,fit,module:vec,lut,4901,5848,9.470000e+02,1.932300e+01,,,not expected to change; investigated and logged in the plan's §15
det_k4_l1_r4_c4_m4_w12g8_d64_s2_q2,det,fit,module:vec,ff,2776,3356,5.800000e+02,2.089300e+01,,,not expected to change; investigated and logged in the plan's §15
det_k4_l1_r4_c4_m4_w12g8_d64_s2_q2,det,fit,module:vec,dsp,12,13,1.000000e+00,8.333000e+00,,,not expected to change; investigated and logged in the plan's §15
det_k4_l1_r4_c4_m4_w12g8_d64_s2_q2,det,fit,cycles,t_iter,4.233000e+03,4.310000e+03,7.700000e+01,1.819000e+00,,1,the cores' per-iteration loops (the spans mm.iter and vec.iter)
det_k4_l1_r4_c4_m4_w12g8_d64_s2_q2,det,fit,cycles,t0,2.670000e+02,4.870000e+02,2.200000e+02,8.239700e+01,,0,the per-job work of the cores: the CG core's start and the systolic core's A load
det_k4_l1_r4_c4_m4_w12g8_d64_s2_q2,det,fit,cycles:job1,interval_nit2,8.733000e+03,9.107000e+03,3.740000e+02,4.283000e+00,,1,the per-job work of the cores: the CG core's start and the systolic core's A load; the cores' per-iteration loops (the spans mm.iter and vec.iter)
det_k4_l1_r4_c4_m4_w12g8_d64_s2_q2,det,fit,cycles:job2,interval_nit3,1.296600e+04,1.341700e+04,4.510000e+02,3.478000e+00,,1,the per-job work of the cores: the CG core's start and the systolic core's A load; the cores' per-iteration loops (the spans mm.iter and vec.iter)
det_k4_l1_r4_c4_m4_w12g8_d64_s2_q2,det,fit,cycles:job3,interval_nit4,1.719900e+04,1.772700e+04,5.280000e+02,3.070000e+00,,1,the per-job work of the cores: the CG core's start and the systolic core's A load; the cores' per-iteration loops (the spans mm.iter and vec.iter)
det_k4_l1_r4_c4_m4_w12g8_d64_s2_q2,det,fit,cycles:job4,interval_nit1,4.500000e+03,4.797000e+03,2.970000e+02,6.600000e+00,,1,the per-job work of the cores: the CG core's start and the systolic core's A load; the cores' per-iteration loops (the spans mm.iter and vec.iter)
det_k4_l1_r4_c4_m4_w12g8_d64_s2_q2,det,fit,cycles:job5,interval_nit2,8.733000e+03,9.107000e+03,3.740000e+02,4.283000e+00,,1,the per-job work of the cores: the CG core's start and the systolic core's A load; the cores' per-iteration loops (the spans mm.iter and vec.iter)
det_k4_l1_r4_c4_m4_w12g8_d64_s2_q2,det,fit,span,mm.iter,4.080000e+02,4.200000e+02,1.200000e+01,2.941000e+00,,1,"the systolic core: run-time dimensions, the A^H path, A's build-up moved into the core, the conjugated operand one bit wider, index products"
det_k4_l1_r4_c4_m4_w12g8_d64_s2_q2,det,fit,span,vec.init,2.660000e+02,4.860000e+02,2.200000e+02,8.270700e+01,,0,"the CG core: run-time dimensions, index products"
det_k4_l1_r4_c4_m4_w12g8_d64_s2_q2,det,fit,span,vec.iter,3.825000e+03,3.890000e+03,6.500000e+01,1.699000e+00,,1,"the CG core: run-time dimensions, index products"
det_k4_l1_r4_c4_m4_w12g8_d64_s2_q2,det,fit,span,vec.last,3.825000e+03,3.890000e+03,6.500000e+01,1.699000e+00,,1,"the CG core: run-time dimensions, index products"
det_k4_l2_r4_c4_m4_w12g8_d64_s2_q2,det,fit,rtl,bit_exact,1,1,0.000000e+00,0.000000e+00,,1,
det_k4_l2_r4_c4_m4_w12g8_d64_s2_q2,det,fit,total,est_ns,3.352000e+00,3.352000e+00,0.000000e+00,0.000000e+00,,1,
det_k4_l2_r4_c4_m4_w12g8_d64_s2_q2,det,fit,total,lut,22573,22139,-4.340000e+02,-1.923000e+00,,1,
det_k4_l2_r4_c4_m4_w12g8_d64_s2_q2,det,fit,total,ff,15232,16103,8.710000e+02,5.718000e+00,,1,
det_k4_l2_r4_c4_m4_w12g8_d64_s2_q2,det,fit,total,dsp,88,91,3.000000e+00,3.409000e+00,91,1,
det_k4_l2_r4_c4_m4_w12g8_d64_s2_q2,det,fit,total,bram,16,16,0.000000e+00,0.000000e+00,16,1,
det_k4_l2_r4_c4_m4_w12g8_d64_s2_q2,det,fit,module:CgCtrl,lut,244,47,-1.970000e+02,-8.073800e+01,,,one command per core per job
det_k4_l2_r4_c4_m4_w12g8_d64_s2_q2,det,fit,module:CgCtrl,ff,50,2,-4.800000e+01,-9.600000e+01,,,one command per core per job
det_k4_l2_r4_c4_m4_w12g8_d64_s2_q2,det,fit,module:CgLoad,lut,4014,711,-3.303000e+03,-8.228700e+01,,,A in L-lane groups instead of K-lane rows; Waveflow's wf_load_matrix
det_k4_l2_r4_c4_m4_w12g8_d64_s2_q2,det,fit,module:CgLoad,ff,597,165,-4.320000e+02,-7.236200e+01,,,A in L-lane groups instead of K-lane rows; Waveflow's wf_load_matrix
det_k4_l2_r4_c4_m4_w12g8_d64_s2_q2,det,fit,memory:a_blk_U,ff,96,48,-4.800000e+01,-5.000000e+01,,,the A store's shape (L-lane groups instead of K-lane rows)
det_k4_l2_r4_c4_m4_w12g8_d64_s2_q2,det,fit,module:mm,lut,4779,6958,2.179000e+03,4.559500e+01,,,not expected to change; investigated and logged in the plan's §15
det_k4_l2_r4_c4_m4_w12g8_d64_s2_q2,det,fit,module:mm,ff,3953,4826,8.730000e+02,2.208400e+01,,,not expected to change; investigated and logged in the plan's §15
det_k4_l2_r4_c4_m4_w12g8_d64_s2_q2,det,fit,module:mm,dsp,64,66,2.000000e+00,3.125000e+00,,,not expected to change; investigated and logged in the plan's §15
det_k4_l2_r4_c4_m4_w12g8_d64_s2_q2,det,fit,module:vec,lut,8125,9012,8.870000e+02,1.091700e+01,,,not expected to change; investigated and logged in the plan's §15
det_k4_l2_r4_c4_m4_w12g8_d64_s2_q2,det,fit,module:vec,ff,5108,5634,5.260000e+02,1.029800e+01,,,not expected to change; investigated and logged in the plan's §15
det_k4_l2_r4_c4_m4_w12g8_d64_s2_q2,det,fit,module:vec,dsp,24,25,1.000000e+00,4.167000e+00,,,not expected to change; investigated and logged in the plan's §15
det_k4_l2_r4_c4_m4_w12g8_d64_s2_q2,det,fit,cycles,t_iter,2.201000e+03,2.254000e+03,5.300000e+01,2.408000e+00,,1,the cores' per-iteration loops (the spans mm.iter and vec.iter)
det_k4_l2_r4_c4_m4_w12g8_d64_s2_q2,det,fit,cycles,t0,1.390000e+02,2.470000e+02,1.080000e+02,7.769800e+01,,0,the per-job work of the cores: the CG core's start and the systolic core's A load
det_k4_l2_r4_c4_m4_w12g8_d64_s2_q2,det,fit,cycles:job1,interval_nit2,4.541000e+03,4.755000e+03,2.140000e+02,4.713000e+00,,1,the per-job work of the cores: the CG core's start and the systolic core's A load; the cores' per-iteration loops (the spans mm.iter and vec.iter)
det_k4_l2_r4_c4_m4_w12g8_d64_s2_q2,det,fit,cycles:job2,interval_nit3,6.742000e+03,7.009000e+03,2.670000e+02,3.960000e+00,,1,the per-job work of the cores: the CG core's start and the systolic core's A load; the cores' per-iteration loops (the spans mm.iter and vec.iter)
det_k4_l2_r4_c4_m4_w12g8_d64_s2_q2,det,fit,cycles:job3,interval_nit4,8.943000e+03,9.263000e+03,3.200000e+02,3.578000e+00,,1,the per-job work of the cores: the CG core's start and the systolic core's A load; the cores' per-iteration loops (the spans mm.iter and vec.iter)
det_k4_l2_r4_c4_m4_w12g8_d64_s2_q2,det,fit,cycles:job4,interval_nit1,2.340000e+03,2.501000e+03,1.610000e+02,6.880000e+00,,1,the per-job work of the cores: the CG core's start and the systolic core's A load; the cores' per-iteration loops (the spans mm.iter and vec.iter)
det_k4_l2_r4_c4_m4_w12g8_d64_s2_q2,det,fit,cycles:job5,interval_nit2,4.541000e+03,4.755000e+03,2.140000e+02,4.713000e+00,,1,the per-job work of the cores: the CG core's start and the systolic core's A load; the cores' per-iteration loops (the spans mm.iter and vec.iter)
det_k4_l2_r4_c4_m4_w12g8_d64_s2_q2,det,fit,span,mm.iter,2.800000e+02,3.000000e+02,2.000000e+01,7.143000e+00,,1,"the systolic core: run-time dimensions, the A^H path, A's build-up moved into the core, the conjugated operand one bit wider, index products"
det_k4_l2_r4_c4_m4_w12g8_d64_s2_q2,det,fit,span,vec.init,1.380000e+02,2.460000e+02,1.080000e+02,7.826100e+01,,0,"the CG core: run-time dimensions, index products"
det_k4_l2_r4_c4_m4_w12g8_d64_s2_q2,det,fit,span,vec.iter,1.921000e+03,1.954000e+03,3.300000e+01,1.718000e+00,,1,"the CG core: run-time dimensions, index products"
det_k4_l2_r4_c4_m4_w12g8_d64_s2_q2,det,fit,span,vec.last,1.921000e+03,1.954000e+03,3.300000e+01,1.718000e+00,,1,"the CG core: run-time dimensions, index products"
det_k4_l8_r4_c8_m4_w12g8_d64_s2_q2,det,fit,rtl,bit_exact,1,1,0.000000e+00,0.000000e+00,,1,
det_k4_l8_r4_c8_m4_w12g8_d64_s2_q2,det,fit,total,est_ns,3.352000e+00,3.352000e+00,0.000000e+00,0.000000e+00,,1,
det_k4_l8_r4_c8_m4_w12g8_d64_s2_q2,det,fit,total,lut,54548,48357,-6.191000e+03,-1.135000e+01,,1,
det_k4_l8_r4_c8_m4_w12g8_d64_s2_q2,det,fit,total,ff,31256,33177,1.921000e+03,6.146000e+00,,1,
det_k4_l8_r4_c8_m4_w12g8_d64_s2_q2,det,fit,total,dsp,224,227,3.000000e+00,1.339000e+00,227,1,
det_k4_l8_r4_c8_m4_w12g8_d64_s2_q2,det,fit,total,bram,32,32,0.000000e+00,0.000000e+00,32,1,
det_k4_l8_r4_c8_m4_w12g8_d64_s2_q2,det,fit,module:CgCtrl,lut,244,47,-1.970000e+02,-8.073800e+01,,,one command per core per job
det_k4_l8_r4_c8_m4_w12g8_d64_s2_q2,det,fit,module:CgCtrl,ff,50,2,-4.800000e+01,-9.600000e+01,,,one command per core per job
det_k4_l8_r4_c8_m4_w12g8_d64_s2_q2,det,fit,module:CgLoad,lut,11692,4461,-7.231000e+03,-6.184600e+01,,,A in L-lane groups instead of K-lane rows; Waveflow's wf_load_matrix
det_k4_l8_r4_c8_m4_w12g8_d64_s2_q2,det,fit,module:CgLoad,ff,1118,1236,1.180000e+02,1.055500e+01,,,A in L-lane groups instead of K-lane rows; Waveflow's wf_load_matrix
det_k4_l8_r4_c8_m4_w12g8_d64_s2_q2,det,fit,module:CgStore,lut,3017,645,-2.372000e+03,-7.862100e+01,,,Waveflow's wf_store_matrix
det_k4_l8_r4_c8_m4_w12g8_d64_s2_q2,det,fit,module:CgStore,ff,179,377,1.980000e+02,1.106150e+02,,,Waveflow's wf_store_matrix
det_k4_l8_r4_c8_m4_w12g8_d64_s2_q2,det,fit,memory:a_blk_U,ff,96,192,9.600000e+01,1.000000e+02,,,the A store's shape (L-lane groups instead of K-lane rows)
det_k4_l8_r4_c8_m4_w12g8_d64_s2_q2,det,fit,module:mm,lut,8343,11331,2.988000e+03,3.581400e+01,,,not expected to change; investigated and logged in the plan's §15
det_k4_l8_r4_c8_m4_w12g8_d64_s2_q2,det,fit,module:mm,ff,7279,8656,1.377000e+03,1.891700e+01,,,not expected to change; investigated and logged in the plan's §15
det_k4_l8_r4_c8_m4_w12g8_d64_s2_q2,det,fit,module:mm,dsp,128,130,2.000000e+00,1.562000e+00,,,not expected to change; investigated and logged in the plan's §15
det_k4_l8_r4_c8_m4_w12g8_d64_s2_q2,det,fit,module:vec,lut,26069,26690,6.210000e+02,2.382000e+00,,,not expected to change; investigated and logged in the plan's §15
det_k4_l8_r4_c8_m4_w12g8_d64_s2_q2,det,fit,module:vec,ff,17222,17402,1.800000e+02,1.045000e+00,,,not expected to change; investigated and logged in the plan's §15
det_k4_l8_r4_c8_m4_w12g8_d64_s2_q2,det,fit,module:vec,dsp,96,97,1.000000e+00,1.042000e+00,,,not expected to change; investigated and logged in the plan's §15
det_k4_l8_r4_c8_m4_w12g8_d64_s2_q2,det,fit,cycles,t_iter,6.410000e+02,6.580000e+02,1.700000e+01,2.652000e+00,,1,the cores' per-iteration loops (the spans mm.iter and vec.iter)
det_k4_l8_r4_c8_m4_w12g8_d64_s2_q2,det,fit,cycles,t0,4.300000e+01,6.700000e+01,2.400000e+01,5.581400e+01,,1,the per-job work of the cores: the CG core's start and the systolic core's A load
det_k4_l8_r4_c8_m4_w12g8_d64_s2_q2,det,fit,cycles:job1,interval_nit2,1.325000e+03,1.383000e+03,5.800000e+01,4.377000e+00,,1,the per-job work of the cores: the CG core's start and the systolic core's A load; the cores' per-iteration loops (the spans mm.iter and vec.iter)
det_k4_l8_r4_c8_m4_w12g8_d64_s2_q2,det,fit,cycles:job2,interval_nit3,1.966000e+03,2.041000e+03,7.500000e+01,3.815000e+00,,1,the per-job work of the cores: the CG core's start and the systolic core's A load; the cores' per-iteration loops (the spans mm.iter and vec.iter)
det_k4_l8_r4_c8_m4_w12g8_d64_s2_q2,det,fit,cycles:job3,interval_nit4,2.607000e+03,2.699000e+03,9.200000e+01,3.529000e+00,,1,the per-job work of the cores: the CG core's start and the systolic core's A load; the cores' per-iteration loops (the spans mm.iter and vec.iter)
det_k4_l8_r4_c8_m4_w12g8_d64_s2_q2,det,fit,cycles:job4,interval_nit1,6.840000e+02,7.250000e+02,4.100000e+01,5.994000e+00,,1,the per-job work of the cores: the CG core's start and the systolic core's A load; the cores' per-iteration loops (the spans mm.iter and vec.iter)
det_k4_l8_r4_c8_m4_w12g8_d64_s2_q2,det,fit,cycles:job5,interval_nit2,1.325000e+03,1.383000e+03,5.800000e+01,4.377000e+00,,1,the per-job work of the cores: the CG core's start and the systolic core's A load; the cores' per-iteration loops (the spans mm.iter and vec.iter)
det_k4_l8_r4_c8_m4_w12g8_d64_s2_q2,det,fit,span,mm.iter,1.240000e+02,1.320000e+02,8.000000e+00,6.452000e+00,,1,"the systolic core: run-time dimensions, the A^H path, A's build-up moved into the core, the conjugated operand one bit wider, index products"
det_k4_l8_r4_c8_m4_w12g8_d64_s2_q2,det,fit,span,vec.init,4.200000e+01,6.600000e+01,2.400000e+01,5.714300e+01,,0,"the CG core: run-time dimensions, index products"
det_k4_l8_r4_c8_m4_w12g8_d64_s2_q2,det,fit,span,vec.iter,5.170000e+02,5.260000e+02,9.000000e+00,1.741000e+00,,1,"the CG core: run-time dimensions, index products"
det_k4_l8_r4_c8_m4_w12g8_d64_s2_q2,det,fit,span,vec.last,5.170000e+02,5.260000e+02,9.000000e+00,1.741000e+00,,1,"the CG core: run-time dimensions, index products"
det_k4_l16_r4_c16_m4_w12g8_d64_s2_q2,det,fit,rtl,bit_exact,1,1,0.000000e+00,0.000000e+00,,1,
det_k4_l16_r4_c16_m4_w12g8_d64_s2_q2,det,fit,total,est_ns,3.352000e+00,3.352000e+00,0.000000e+00,0.000000e+00,,1,
det_k4_l16_r4_c16_m4_w12g8_d64_s2_q2,det,fit,total,lut,99631,86306,-1.332500e+04,-1.337400e+01,,1,
det_k4_l16_r4_c16_m4_w12g8_d64_s2_q2,det,fit,total,ff,57112,61005,3.893000e+03,6.816000e+00,,1,
det_k4_l16_r4_c16_m4_w12g8_d64_s2_q2,det,fit,total,dsp,448,451,3.000000e+00,6.700000e-01,451,1,
det_k4_l16_r4_c16_m4_w12g8_d64_s2_q2,det,fit,total,bram,52,52,0.000000e+00,0.000000e+00,52,1,
det_k4_l16_r4_c16_m4_w12g8_d64_s2_q2,det,fit,module:CgCtrl,lut,244,47,-1.970000e+02,-8.073800e+01,,,one command per core per job
det_k4_l16_r4_c16_m4_w12g8_d64_s2_q2,det,fit,module:CgCtrl,ff,50,2,-4.800000e+01,-9.600000e+01,,,one command per core per job
det_k4_l16_r4_c16_m4_w12g8_d64_s2_q2,det,fit,module:CgLoad,lut,20897,8281,-1.261600e+04,-6.037200e+01,,,A in L-lane groups instead of K-lane rows; Waveflow's wf_load_matrix
det_k4_l16_r4_c16_m4_w12g8_d64_s2_q2,det,fit,module:CgLoad,ff,1385,2712,1.327000e+03,9.581200e+01,,,A in L-lane groups instead of K-lane rows; Waveflow's wf_load_matrix
det_k4_l16_r4_c16_m4_w12g8_d64_s2_q2,det,fit,module:CgStore,lut,6548,809,-5.739000e+03,-8.764500e+01,,,Waveflow's wf_store_matrix
det_k4_l16_r4_c16_m4_w12g8_d64_s2_q2,det,fit,module:CgStore,ff,627,569,-5.800000e+01,-9.250000e+00,,,Waveflow's wf_store_matrix
det_k4_l16_r4_c16_m4_w12g8_d64_s2_q2,det,fit,memory:a_blk_U,ff,96,384,2.880000e+02,3.000000e+02,,,the A store's shape (L-lane groups instead of K-lane rows)
det_k4_l16_r4_c16_m4_w12g8_d64_s2_q2,det,fit,module:mm,lut,15509,20473,4.964000e+03,3.200700e+01,,,not expected to change; investigated and logged in the plan's §15
det_k4_l16_r4_c16_m4_w12g8_d64_s2_q2,det,fit,module:mm,ff,13844,16479,2.635000e+03,1.903400e+01,,,not expected to change; investigated and logged in the plan's §15
det_k4_l16_r4_c16_m4_w12g8_d64_s2_q2,det,fit,module:mm,dsp,256,258,2.000000e+00,7.810000e-01,,,not expected to change; investigated and logged in the plan's §15
det_k4_l16_r4_c16_m4_w12g8_d64_s2_q2,det,fit,module:vec,lut,51250,51513,2.630000e+02,5.130000e-01,,,not expected to change; investigated and logged in the plan's §15
det_k4_l16_r4_c16_m4_w12g8_d64_s2_q2,det,fit,module:vec,ff,35798,35547,-2.510000e+02,-7.010000e-01,,,not expected to change; investigated and logged in the plan's §15
det_k4_l16_r4_c16_m4_w12g8_d64_s2_q2,det,fit,module:vec,dsp,192,193,1.000000e+00,5.210000e-01,,,not expected to change; investigated and logged in the plan's §15
det_k4_l16_r4_c16_m4_w12g8_d64_s2_q2,det,fit,cycles,t_iter,3.650000e+02,3.760000e+02,1.100000e+01,3.014000e+00,,1,the cores' per-iteration loops (the spans mm.iter and vec.iter)
det_k4_l16_r4_c16_m4_w12g8_d64_s2_q2,det,fit,cycles,t0,2.700000e+01,3.700000e+01,1.000000e+01,3.703700e+01,,1,the per-job work of the cores: the CG core's start and the systolic core's A load
det_k4_l16_r4_c16_m4_w12g8_d64_s2_q2,det,fit,cycles:job1,interval_nit2,7.570000e+02,7.890000e+02,3.200000e+01,4.227000e+00,,1,the per-job work of the cores: the CG core's start and the systolic core's A load; the cores' per-iteration loops (the spans mm.iter and vec.iter)
det_k4_l16_r4_c16_m4_w12g8_d64_s2_q2,det,fit,cycles:job2,interval_nit3,1.122000e+03,1.165000e+03,4.300000e+01,3.832000e+00,,1,the per-job work of the cores: the CG core's start and the systolic core's A load; the cores' per-iteration loops (the spans mm.iter and vec.iter)
det_k4_l16_r4_c16_m4_w12g8_d64_s2_q2,det,fit,cycles:job3,interval_nit4,1.487000e+03,1.541000e+03,5.400000e+01,3.631000e+00,,1,the per-job work of the cores: the CG core's start and the systolic core's A load; the cores' per-iteration loops (the spans mm.iter and vec.iter)
det_k4_l16_r4_c16_m4_w12g8_d64_s2_q2,det,fit,cycles:job4,interval_nit1,3.920000e+02,4.130000e+02,2.100000e+01,5.357000e+00,,1,the per-job work of the cores: the CG core's start and the systolic core's A load; the cores' per-iteration loops (the spans mm.iter and vec.iter)
det_k4_l16_r4_c16_m4_w12g8_d64_s2_q2,det,fit,cycles:job5,interval_nit2,7.570000e+02,7.890000e+02,3.200000e+01,4.227000e+00,,1,the per-job work of the cores: the CG core's start and the systolic core's A load; the cores' per-iteration loops (the spans mm.iter and vec.iter)
det_k4_l16_r4_c16_m4_w12g8_d64_s2_q2,det,fit,span,mm.iter,8.200000e+01,8.800000e+01,6.000000e+00,7.317000e+00,,1,"the systolic core: run-time dimensions, the A^H path, A's build-up moved into the core, the conjugated operand one bit wider, index products"
det_k4_l16_r4_c16_m4_w12g8_d64_s2_q2,det,fit,span,vec.init,2.600000e+01,3.600000e+01,1.000000e+01,3.846200e+01,,1,"the CG core: run-time dimensions, index products"
det_k4_l16_r4_c16_m4_w12g8_d64_s2_q2,det,fit,span,vec.iter,2.830000e+02,2.880000e+02,5.000000e+00,1.767000e+00,,1,"the CG core: run-time dimensions, index products"
det_k4_l16_r4_c16_m4_w12g8_d64_s2_q2,det,fit,span,vec.last,2.830000e+02,2.880000e+02,5.000000e+00,1.767000e+00,,1,"the CG core: run-time dimensions, index products"
det_k4_l4_r4_c4_m4_w8g8_d64_s2_q2,det,fit,rtl,bit_exact,1,1,0.000000e+00,0.000000e+00,,1,
det_k4_l4_r4_c4_m4_w8g8_d64_s2_q2,det,fit,total,est_ns,3.352000e+00,3.352000e+00,0.000000e+00,0.000000e+00,,1,
det_k4_l4_r4_c4_m4_w8g8_d64_s2_q2,det,fit,total,lut,30931,29846,-1.085000e+03,-3.508000e+00,,1,
det_k4_l4_r4_c4_m4_w8g8_d64_s2_q2,det,fit,total,ff,15785,16958,1.173000e+03,7.431000e+00,,1,
det_k4_l4_r4_c4_m4_w8g8_d64_s2_q2,det,fit,total,dsp,44,47,3.000000e+00,6.818000e+00,47,1,
det_k4_l4_r4_c4_m4_w8g8_d64_s2_q2,det,fit,total,bram,16,16,0.000000e+00,0.000000e+00,16,1,
det_k4_l4_r4_c4_m4_w8g8_d64_s2_q2,det,fit,module:CgCtrl,lut,244,47,-1.970000e+02,-8.073800e+01,,,one command per core per job
det_k4_l4_r4_c4_m4_w8g8_d64_s2_q2,det,fit,module:CgCtrl,ff,50,2,-4.800000e+01,-9.600000e+01,,,one command per core per job
det_k4_l4_r4_c4_m4_w8g8_d64_s2_q2,det,fit,module:CgLoad,lut,5163,2047,-3.116000e+03,-6.035300e+01,,,A in L-lane groups instead of K-lane rows; Waveflow's wf_load_matrix
det_k4_l4_r4_c4_m4_w8g8_d64_s2_q2,det,fit,module:CgLoad,ff,498,621,1.230000e+02,2.469900e+01,,,A in L-lane groups instead of K-lane rows; Waveflow's wf_load_matrix
det_k4_l4_r4_c4_m4_w8g8_d64_s2_q2,det,fit,module:CgStore,lut,944,539,-4.050000e+02,-4.290300e+01,,,Waveflow's wf_store_matrix
det_k4_l4_r4_c4_m4_w8g8_d64_s2_q2,det,fit,module:CgStore,ff,158,249,9.100000e+01,5.759500e+01,,,Waveflow's wf_store_matrix
det_k4_l4_r4_c4_m4_w8g8_d64_s2_q2,det,fit,module:mm,lut,5499,7335,1.836000e+03,3.338800e+01,,,not expected to change; investigated and logged in the plan's §15
det_k4_l4_r4_c4_m4_w8g8_d64_s2_q2,det,fit,module:mm,ff,2760,3377,6.170000e+02,2.235500e+01,,,not expected to change; investigated and logged in the plan's §15
det_k4_l4_r4_c4_m4_w8g8_d64_s2_q2,det,fit,module:mm,dsp,32,34,2.000000e+00,6.250000e+00,,,not expected to change; investigated and logged in the plan's §15
det_k4_l4_r4_c4_m4_w8g8_d64_s2_q2,det,fit,module:vec,lut,13902,14699,7.970000e+02,5.733000e+00,,,not expected to change; investigated and logged in the plan's §15
det_k4_l4_r4_c4_m4_w8g8_d64_s2_q2,det,fit,module:vec,ff,6943,7333,3.900000e+02,5.617000e+00,,,not expected to change; investigated and logged in the plan's §15
det_k4_l4_r4_c4_m4_w8g8_d64_s2_q2,det,fit,module:vec,dsp,12,13,1.000000e+00,8.333000e+00,,,not expected to change; investigated and logged in the plan's §15
det_k4_l4_r4_c4_m4_w8g8_d64_s2_q2,det,fit,cycles,t_iter,1.058000e+03,1.087000e+03,2.900000e+01,2.741000e+00,,1,the cores' per-iteration loops (the spans mm.iter and vec.iter)
det_k4_l4_r4_c4_m4_w8g8_d64_s2_q2,det,fit,cycles,t0,7.300000e+01,1.110000e+02,3.800000e+01,5.205500e+01,,1,the per-job work of the cores: the CG core's start and the systolic core's A load
det_k4_l4_r4_c4_m4_w8g8_d64_s2_q2,det,fit,cycles:job1,interval_nit2,2.189000e+03,2.285000e+03,9.600000e+01,4.386000e+00,,1,the per-job work of the cores: the CG core's start and the systolic core's A load; the cores' per-iteration loops (the spans mm.iter and vec.iter)
det_k4_l4_r4_c4_m4_w8g8_d64_s2_q2,det,fit,cycles:job2,interval_nit3,3.247000e+03,3.372000e+03,1.250000e+02,3.850000e+00,,1,the per-job work of the cores: the CG core's start and the systolic core's A load; the cores' per-iteration loops (the spans mm.iter and vec.iter)
det_k4_l4_r4_c4_m4_w8g8_d64_s2_q2,det,fit,cycles:job3,interval_nit4,4.305000e+03,4.459000e+03,1.540000e+02,3.577000e+00,,1,the per-job work of the cores: the CG core's start and the systolic core's A load; the cores' per-iteration loops (the spans mm.iter and vec.iter)
det_k4_l4_r4_c4_m4_w8g8_d64_s2_q2,det,fit,cycles:job4,interval_nit1,1.131000e+03,1.198000e+03,6.700000e+01,5.924000e+00,,1,the per-job work of the cores: the CG core's start and the systolic core's A load; the cores' per-iteration loops (the spans mm.iter and vec.iter)
det_k4_l4_r4_c4_m4_w8g8_d64_s2_q2,det,fit,cycles:job5,interval_nit2,2.189000e+03,2.285000e+03,9.600000e+01,4.386000e+00,,1,the per-job work of the cores: the CG core's start and the systolic core's A load; the cores' per-iteration loops (the spans mm.iter and vec.iter)
det_k4_l4_r4_c4_m4_w8g8_d64_s2_q2,det,fit,span,mm.iter,2.080000e+02,2.200000e+02,1.200000e+01,5.769000e+00,,1,"the systolic core: run-time dimensions, the A^H path, A's build-up moved into the core, the conjugated operand one bit wider, index products"
det_k4_l4_r4_c4_m4_w8g8_d64_s2_q2,det,fit,span,vec.init,7.200000e+01,1.100000e+02,3.800000e+01,5.277800e+01,,0,"the CG core: run-time dimensions, index products"
det_k4_l4_r4_c4_m4_w8g8_d64_s2_q2,det,fit,span,vec.iter,8.500000e+02,8.670000e+02,1.700000e+01,2.000000e+00,,1,"the CG core: run-time dimensions, index products"
det_k4_l4_r4_c4_m4_w8g8_d64_s2_q2,det,fit,span,vec.last,8.500000e+02,8.670000e+02,1.700000e+01,2.000000e+00,,1,"the CG core: run-time dimensions, index products"
det_k4_l4_r4_c4_m4_w16g8_d64_s2_q2,det,fit,rtl,bit_exact,1,1,0.000000e+00,0.000000e+00,,1,
det_k4_l4_r4_c4_m4_w16g8_d64_s2_q2,det,fit,total,est_ns,3.352000e+00,3.352000e+00,0.000000e+00,0.000000e+00,,1,
det_k4_l4_r4_c4_m4_w16g8_d64_s2_q2,det,fit,total,lut,38693,32547,-6.146000e+03,-1.588400e+01,,1,
det_k4_l4_r4_c4_m4_w16g8_d64_s2_q2,det,fit,total,ff,23515,24284,7.690000e+02,3.270000e+00,,1,
det_k4_l4_r4_c4_m4_w16g8_d64_s2_q2,det,fit,total,dsp,112,115,3.000000e+00,2.679000e+00,115,1,
det_k4_l4_r4_c4_m4_w16g8_d64_s2_q2,det,fit,total,bram,28,28,0.000000e+00,0.000000e+00,28,1,
det_k4_l4_r4_c4_m4_w16g8_d64_s2_q2,det,fit,module:CgCtrl,lut,244,47,-1.970000e+02,-8.073800e+01,,,one command per core per job
det_k4_l4_r4_c4_m4_w16g8_d64_s2_q2,det,fit,module:CgCtrl,ff,50,2,-4.800000e+01,-9.600000e+01,,,one command per core per job
det_k4_l4_r4_c4_m4_w16g8_d64_s2_q2,det,fit,module:CgLoad,lut,10195,2791,-7.404000e+03,-7.262400e+01,,,A in L-lane groups instead of K-lane rows; Waveflow's wf_load_matrix
det_k4_l4_r4_c4_m4_w16g8_d64_s2_q2,det,fit,module:CgLoad,ff,1061,725,-3.360000e+02,-3.166800e+01,,,A in L-lane groups instead of K-lane rows; Waveflow's wf_load_matrix
det_k4_l4_r4_c4_m4_w16g8_d64_s2_q2,det,fit,module:CgStore,lut,1920,582,-1.338000e+03,-6.968800e+01,,,Waveflow's wf_store_matrix
det_k4_l4_r4_c4_m4_w16g8_d64_s2_q2,det,fit,module:CgStore,ff,184,313,1.290000e+02,7.010900e+01,,,Waveflow's wf_store_matrix
det_k4_l4_r4_c4_m4_w16g8_d64_s2_q2,det,fit,module:mm,lut,5235,7291,2.056000e+03,3.927400e+01,,,not expected to change; investigated and logged in the plan's §15
det_k4_l4_r4_c4_m4_w16g8_d64_s2_q2,det,fit,module:mm,ff,5219,5944,7.250000e+02,1.389200e+01,,,not expected to change; investigated and logged in the plan's §15
det_k4_l4_r4_c4_m4_w16g8_d64_s2_q2,det,fit,module:mm,dsp,64,66,2.000000e+00,3.125000e+00,,,not expected to change; investigated and logged in the plan's §15
det_k4_l4_r4_c4_m4_w16g8_d64_s2_q2,det,fit,module:vec,lut,15928,16665,7.370000e+02,4.627000e+00,,,not expected to change; investigated and logged in the plan's §15
det_k4_l4_r4_c4_m4_w16g8_d64_s2_q2,det,fit,module:vec,ff,11689,11988,2.990000e+02,2.558000e+00,,,not expected to change; investigated and logged in the plan's §15
det_k4_l4_r4_c4_m4_w16g8_d64_s2_q2,det,fit,module:vec,dsp,48,49,1.000000e+00,2.083000e+00,,,not expected to change; investigated and logged in the plan's §15
det_k4_l4_r4_c4_m4_w16g8_d64_s2_q2,det,fit,cycles,t_iter,1.321000e+03,1.358000e+03,3.700000e+01,2.801000e+00,,1,the cores' per-iteration loops (the spans mm.iter and vec.iter)
det_k4_l4_r4_c4_m4_w16g8_d64_s2_q2,det,fit,cycles,t0,7.400000e+01,1.190000e+02,4.500000e+01,6.081100e+01,,1,the per-job work of the cores: the CG core's start and the systolic core's A load
det_k4_l4_r4_c4_m4_w16g8_d64_s2_q2,det,fit,cycles:job1,interval_nit2,2.716000e+03,2.835000e+03,1.190000e+02,4.381000e+00,,1,the per-job work of the cores: the CG core's start and the systolic core's A load; the cores' per-iteration loops (the spans mm.iter and vec.iter)
det_k4_l4_r4_c4_m4_w16g8_d64_s2_q2,det,fit,cycles:job2,interval_nit3,4.037000e+03,4.193000e+03,1.560000e+02,3.864000e+00,,1,the per-job work of the cores: the CG core's start and the systolic core's A load; the cores' per-iteration loops (the spans mm.iter and vec.iter)
det_k4_l4_r4_c4_m4_w16g8_d64_s2_q2,det,fit,cycles:job3,interval_nit4,5.358000e+03,5.551000e+03,1.930000e+02,3.602000e+00,,1,the per-job work of the cores: the CG core's start and the systolic core's A load; the cores' per-iteration loops (the spans mm.iter and vec.iter)
det_k4_l4_r4_c4_m4_w16g8_d64_s2_q2,det,fit,cycles:job4,interval_nit1,1.395000e+03,1.477000e+03,8.200000e+01,5.878000e+00,,1,the per-job work of the cores: the CG core's start and the systolic core's A load; the cores' per-iteration loops (the spans mm.iter and vec.iter)
det_k4_l4_r4_c4_m4_w16g8_d64_s2_q2,det,fit,cycles:job5,interval_nit2,2.716000e+03,2.835000e+03,1.190000e+02,4.381000e+00,,1,the per-job work of the cores: the CG core's start and the systolic core's A load; the cores' per-iteration loops (the spans mm.iter and vec.iter)
det_k4_l4_r4_c4_m4_w16g8_d64_s2_q2,det,fit,span,mm.iter,2.080000e+02,2.280000e+02,2.000000e+01,9.615000e+00,,1,"the systolic core: run-time dimensions, the A^H path, A's build-up moved into the core, the conjugated operand one bit wider, index products"
det_k4_l4_r4_c4_m4_w16g8_d64_s2_q2,det,fit,span,vec.init,7.300000e+01,1.180000e+02,4.500000e+01,6.164400e+01,,0,"the CG core: run-time dimensions, index products"
det_k4_l4_r4_c4_m4_w16g8_d64_s2_q2,det,fit,span,vec.iter,1.113000e+03,1.130000e+03,1.700000e+01,1.527000e+00,,1,"the CG core: run-time dimensions, index products"
det_k4_l4_r4_c4_m4_w16g8_d64_s2_q2,det,fit,span,vec.last,1.113000e+03,1.130000e+03,1.700000e+01,1.527000e+00,,1,"the CG core: run-time dimensions, index products"
det_k4_l4_r4_c4_m4_w12g8_d32_s2_q2,det,fit,rtl,bit_exact,1,1,0.000000e+00,0.000000e+00,,1,
det_k4_l4_r4_c4_m4_w12g8_d32_s2_q2,det,fit,total,est_ns,3.352000e+00,3.352000e+00,0.000000e+00,0.000000e+00,,1,
det_k4_l4_r4_c4_m4_w12g8_d32_s2_q2,det,fit,total,lut,28841,29413,5.720000e+02,1.983000e+00,,1,
det_k4_l4_r4_c4_m4_w12g8_d32_s2_q2,det,fit,total,ff,18259,19708,1.449000e+03,7.936000e+00,,1,
det_k4_l4_r4_c4_m4_w12g8_d32_s2_q2,det,fit,total,dsp,112,115,3.000000e+00,2.679000e+00,115,1,
det_k4_l4_r4_c4_m4_w12g8_d32_s2_q2,det,fit,total,bram,16,16,0.000000e+00,0.000000e+00,16,1,
det_k4_l4_r4_c4_m4_w12g8_d32_s2_q2,det,fit,module:CgCtrl,lut,326,83,-2.430000e+02,-7.454000e+01,,,one command per core per job
det_k4_l4_r4_c4_m4_w12g8_d32_s2_q2,det,fit,module:CgCtrl,ff,89,102,1.300000e+01,1.460700e+01,,,one command per core per job
det_k4_l4_r4_c4_m4_w12g8_d32_s2_q2,det,fit,module:CgLoad,lut,4095,2626,-1.469000e+03,-3.587300e+01,,,A in L-lane groups instead of K-lane rows; Waveflow's wf_load_matrix
det_k4_l4_r4_c4_m4_w12g8_d32_s2_q2,det,fit,module:CgLoad,ff,600,809,2.090000e+02,3.483300e+01,,,A in L-lane groups instead of K-lane rows; Waveflow's wf_load_matrix
det_k4_l4_r4_c4_m4_w12g8_d32_s2_q2,det,fit,module:CgStore,lut,949,637,-3.120000e+02,-3.287700e+01,,,Waveflow's wf_store_matrix
det_k4_l4_r4_c4_m4_w12g8_d32_s2_q2,det,fit,module:CgStore,ff,153,287,1.340000e+02,8.758200e+01,,,Waveflow's wf_store_matrix
det_k4_l4_r4_c4_m4_w12g8_d32_s2_q2,det,fit,module:mm,lut,4807,6623,1.816000e+03,3.777800e+01,,,not expected to change; investigated and logged in the plan's §15
det_k4_l4_r4_c4_m4_w12g8_d32_s2_q2,det,fit,module:mm,ff,3971,4629,6.580000e+02,1.657000e+01,,,not expected to change; investigated and logged in the plan's §15
det_k4_l4_r4_c4_m4_w12g8_d32_s2_q2,det,fit,module:mm,dsp,64,66,2.000000e+00,3.125000e+00,,,not expected to change; investigated and logged in the plan's §15
det_k4_l4_r4_c4_m4_w12g8_d32_s2_q2,det,fit,module:vec,lut,14031,14811,7.800000e+02,5.559000e+00,,,not expected to change; investigated and logged in the plan's §15
det_k4_l4_r4_c4_m4_w12g8_d32_s2_q2,det,fit,module:vec,ff,8971,9406,4.350000e+02,4.849000e+00,,,not expected to change; investigated and logged in the plan's §15
det_k4_l4_r4_c4_m4_w12g8_d32_s2_q2,det,fit,module:vec,dsp,48,49,1.000000e+00,2.083000e+00,,,not expected to change; investigated and logged in the plan's §15
det_k4_l4_r4_c4_m4_w12g8_d32_s2_q2,det,fit,cycles,t_iter,1.193000e+03,1.222000e+03,2.900000e+01,2.431000e+00,,1,the cores' per-iteration loops (the spans mm.iter and vec.iter)
det_k4_l4_r4_c4_m4_w12g8_d32_s2_q2,det,fit,cycles,t0,8.000000e+01,1.270000e+02,4.700000e+01,5.875000e+01,,1,the per-job work of the cores: the CG core's start and the systolic core's A load
det_k4_l4_r4_c4_m4_w12g8_d32_s2_q2,det,fit,cycles:job1,interval_nit2,2.466000e+03,2.571000e+03,1.050000e+02,4.258000e+00,,1,the per-job work of the cores: the CG core's start and the systolic core's A load; the cores' per-iteration loops (the spans mm.iter and vec.iter)
det_k4_l4_r4_c4_m4_w12g8_d32_s2_q2,det,fit,cycles:job2,interval_nit3,3.659000e+03,3.793000e+03,1.340000e+02,3.662000e+00,,1,the per-job work of the cores: the CG core's start and the systolic core's A load; the cores' per-iteration loops (the spans mm.iter and vec.iter)
det_k4_l4_r4_c4_m4_w12g8_d32_s2_q2,det,fit,cycles:job3,interval_nit4,4.852000e+03,5.015000e+03,1.630000e+02,3.359000e+00,,1,the per-job work of the cores: the CG core's start and the systolic core's A load; the cores' per-iteration loops (the spans mm.iter and vec.iter)
det_k4_l4_r4_c4_m4_w12g8_d32_s2_q2,det,fit,cycles:job4,interval_nit1,1.273000e+03,1.349000e+03,7.600000e+01,5.970000e+00,,1,the per-job work of the cores: the CG core's start and the systolic core's A load; the cores' per-iteration loops (the spans mm.iter and vec.iter)
det_k4_l4_r4_c4_m4_w12g8_d32_s2_q2,det,fit,cycles:job5,interval_nit2,2.466000e+03,2.571000e+03,1.050000e+02,4.258000e+00,,1,the per-job work of the cores: the CG core's start and the systolic core's A load; the cores' per-iteration loops (the spans mm.iter and vec.iter)
det_k4_l4_r4_c4_m4_w12g8_d32_s2_q2,det,fit,span,mm.iter,2.080000e+02,2.200000e+02,1.200000e+01,5.769000e+00,,1,"the systolic core: run-time dimensions, the A^H path, A's build-up moved into the core, the conjugated operand one bit wider, index products"
det_k4_l4_r4_c4_m4_w12g8_d32_s2_q2,det,fit,span,vec.init,7.400000e+01,1.260000e+02,5.200000e+01,7.027000e+01,,0,"the CG core: run-time dimensions, index products"
det_k4_l4_r4_c4_m4_w12g8_d32_s2_q2,det,fit,span,vec.iter,9.850000e+02,1.002000e+03,1.700000e+01,1.726000e+00,,1,"the CG core: run-time dimensions, index products"
det_k4_l4_r4_c4_m4_w12g8_d32_s2_q2,det,fit,span,vec.last,9.850000e+02,1.002000e+03,1.700000e+01,1.726000e+00,,1,"the CG core: run-time dimensions, index products"
det_k4_l4_r4_c4_m4_w12g8_d64_s3_q2,det,fit,rtl,bit_exact,1,1,0.000000e+00,0.000000e+00,,1,
det_k4_l4_r4_c4_m4_w12g8_d64_s3_q2,det,fit,total,est_ns,3.352000e+00,3.352000e+00,0.000000e+00,0.000000e+00,,1,
det_k4_l4_r4_c4_m4_w12g8_d64_s3_q2,det,fit,total,lut,32979,30021,-2.958000e+03,-8.969000e+00,,1,
det_k4_l4_r4_c4_m4_w12g8_d64_s3_q2,det,fit,total,ff,19695,20424,7.290000e+02,3.701000e+00,,1,
det_k4_l4_r4_c4_m4_w12g8_d64_s3_q2,det,fit,total,dsp,112,115,3.000000e+00,2.679000e+00,115,1,
det_k4_l4_r4_c4_m4_w12g8_d64_s3_q2,det,fit,total,bram,23,23,0.000000e+00,0.000000e+00,23,1,
det_k4_l4_r4_c4_m4_w12g8_d64_s3_q2,det,fit,module:CgCtrl,lut,244,47,-1.970000e+02,-8.073800e+01,,,one command per core per job
det_k4_l4_r4_c4_m4_w12g8_d64_s3_q2,det,fit,module:CgCtrl,ff,50,2,-4.800000e+01,-9.600000e+01,,,one command per core per job
det_k4_l4_r4_c4_m4_w12g8_d64_s3_q2,det,fit,module:CgLoad,lut,7253,2803,-4.450000e+03,-6.135400e+01,,,A in L-lane groups instead of K-lane rows; Waveflow's wf_load_matrix
det_k4_l4_r4_c4_m4_w12g8_d64_s3_q2,det,fit,module:CgLoad,ff,1162,794,-3.680000e+02,-3.167000e+01,,,A in L-lane groups instead of K-lane rows; Waveflow's wf_load_matrix
det_k4_l4_r4_c4_m4_w12g8_d64_s3_q2,det,fit,module:CgStore,lut,1514,566,-9.480000e+02,-6.261600e+01,,,Waveflow's wf_store_matrix
det_k4_l4_r4_c4_m4_w12g8_d64_s3_q2,det,fit,module:CgStore,ff,171,281,1.100000e+02,6.432700e+01,,,Waveflow's wf_store_matrix
det_k4_l4_r4_c4_m4_w12g8_d64_s3_q2,det,fit,module:mm,lut,4779,6623,1.844000e+03,3.858500e+01,,,not expected to change; investigated and logged in the plan's §15
det_k4_l4_r4_c4_m4_w12g8_d64_s3_q2,det,fit,module:mm,ff,4000,4629,6.290000e+02,1.572500e+01,,,not expected to change; investigated and logged in the plan's §15
det_k4_l4_r4_c4_m4_w12g8_d64_s3_q2,det,fit,module:mm,dsp,64,66,2.000000e+00,3.125000e+00,,,not expected to change; investigated and logged in the plan's §15
det_k4_l4_r4_c4_m4_w12g8_d64_s3_q2,det,fit,module:vec,lut,14018,14811,7.930000e+02,5.657000e+00,,,not expected to change; investigated and logged in the plan's §15
det_k4_l4_r4_c4_m4_w12g8_d64_s3_q2,det,fit,module:vec,ff,9000,9406,4.060000e+02,4.511000e+00,,,not expected to change; investigated and logged in the plan's §15
det_k4_l4_r4_c4_m4_w12g8_d64_s3_q2,det,fit,module:vec,dsp,48,49,1.000000e+00,2.083000e+00,,,not expected to change; investigated and logged in the plan's §15
det_k4_l4_r4_c4_m4_w12g8_d64_s3_q2,det,fit,cycles,t_iter,1.193000e+03,1.222000e+03,2.900000e+01,2.431000e+00,,1,the cores' per-iteration loops (the spans mm.iter and vec.iter)
det_k4_l4_r4_c4_m4_w12g8_d64_s3_q2,det,fit,cycles,t0,7.500000e+01,1.270000e+02,5.200000e+01,6.933300e+01,,1,the per-job work of the cores: the CG core's start and the systolic core's A load
det_k4_l4_r4_c4_m4_w12g8_d64_s3_q2,det,fit,cycles:job1,interval_nit2,2.461000e+03,2.571000e+03,1.100000e+02,4.470000e+00,,1,the per-job work of the cores: the CG core's start and the systolic core's A load; the cores' per-iteration loops (the spans mm.iter and vec.iter)
det_k4_l4_r4_c4_m4_w12g8_d64_s3_q2,det,fit,cycles:job2,interval_nit3,3.654000e+03,3.793000e+03,1.390000e+02,3.804000e+00,,1,the per-job work of the cores: the CG core's start and the systolic core's A load; the cores' per-iteration loops (the spans mm.iter and vec.iter)
det_k4_l4_r4_c4_m4_w12g8_d64_s3_q2,det,fit,cycles:job3,interval_nit4,4.847000e+03,5.015000e+03,1.680000e+02,3.466000e+00,,1,the per-job work of the cores: the CG core's start and the systolic core's A load; the cores' per-iteration loops (the spans mm.iter and vec.iter)
det_k4_l4_r4_c4_m4_w12g8_d64_s3_q2,det,fit,cycles:job4,interval_nit1,1.268000e+03,1.349000e+03,8.100000e+01,6.388000e+00,,1,the per-job work of the cores: the CG core's start and the systolic core's A load; the cores' per-iteration loops (the spans mm.iter and vec.iter)
det_k4_l4_r4_c4_m4_w12g8_d64_s3_q2,det,fit,cycles:job5,interval_nit2,2.461000e+03,2.571000e+03,1.100000e+02,4.470000e+00,,1,the per-job work of the cores: the CG core's start and the systolic core's A load; the cores' per-iteration loops (the spans mm.iter and vec.iter)
det_k4_l4_r4_c4_m4_w12g8_d64_s3_q2,det,fit,span,mm.iter,2.080000e+02,2.200000e+02,1.200000e+01,5.769000e+00,,1,"the systolic core: run-time dimensions, the A^H path, A's build-up moved into the core, the conjugated operand one bit wider, index products"
det_k4_l4_r4_c4_m4_w12g8_d64_s3_q2,det,fit,span,vec.init,7.400000e+01,1.260000e+02,5.200000e+01,7.027000e+01,,0,"the CG core: run-time dimensions, index products"
det_k4_l4_r4_c4_m4_w12g8_d64_s3_q2,det,fit,span,vec.iter,9.850000e+02,1.002000e+03,1.700000e+01,1.726000e+00,,1,"the CG core: run-time dimensions, index products"
det_k4_l4_r4_c4_m4_w12g8_d64_s3_q2,det,fit,span,vec.last,9.850000e+02,1.002000e+03,1.700000e+01,1.726000e+00,,1,"the CG core: run-time dimensions, index products"
det_k4_l4_r4_c4_m4_w12g8_d64_s4_q2,det,fit,rtl,bit_exact,1,1,0.000000e+00,0.000000e+00,,1,
det_k4_l4_r4_c4_m4_w12g8_d64_s4_q2,det,fit,total,est_ns,3.352000e+00,3.352000e+00,0.000000e+00,0.000000e+00,,1,
det_k4_l4_r4_c4_m4_w12g8_d64_s4_q2,det,fit,total,lut,32979,30021,-2.958000e+03,-8.969000e+00,,1,
det_k4_l4_r4_c4_m4_w12g8_d64_s4_q2,det,fit,total,ff,19695,20424,7.290000e+02,3.701000e+00,,1,
det_k4_l4_r4_c4_m4_w12g8_d64_s4_q2,det,fit,total,dsp,112,115,3.000000e+00,2.679000e+00,115,1,
det_k4_l4_r4_c4_m4_w12g8_d64_s4_q2,det,fit,total,bram,23,23,0.000000e+00,0.000000e+00,23,1,
det_k4_l4_r4_c4_m4_w12g8_d64_s4_q2,det,fit,module:CgCtrl,lut,244,47,-1.970000e+02,-8.073800e+01,,,one command per core per job
det_k4_l4_r4_c4_m4_w12g8_d64_s4_q2,det,fit,module:CgCtrl,ff,50,2,-4.800000e+01,-9.600000e+01,,,one command per core per job
det_k4_l4_r4_c4_m4_w12g8_d64_s4_q2,det,fit,module:CgLoad,lut,7253,2803,-4.450000e+03,-6.135400e+01,,,A in L-lane groups instead of K-lane rows; Waveflow's wf_load_matrix
det_k4_l4_r4_c4_m4_w12g8_d64_s4_q2,det,fit,module:CgLoad,ff,1162,794,-3.680000e+02,-3.167000e+01,,,A in L-lane groups instead of K-lane rows; Waveflow's wf_load_matrix
det_k4_l4_r4_c4_m4_w12g8_d64_s4_q2,det,fit,module:CgStore,lut,1514,566,-9.480000e+02,-6.261600e+01,,,Waveflow's wf_store_matrix
det_k4_l4_r4_c4_m4_w12g8_d64_s4_q2,det,fit,module:CgStore,ff,171,281,1.100000e+02,6.432700e+01,,,Waveflow's wf_store_matrix
det_k4_l4_r4_c4_m4_w12g8_d64_s4_q2,det,fit,module:mm,lut,4779,6623,1.844000e+03,3.858500e+01,,,not expected to change; investigated and logged in the plan's §15
det_k4_l4_r4_c4_m4_w12g8_d64_s4_q2,det,fit,module:mm,ff,4000,4629,6.290000e+02,1.572500e+01,,,not expected to change; investigated and logged in the plan's §15
det_k4_l4_r4_c4_m4_w12g8_d64_s4_q2,det,fit,module:mm,dsp,64,66,2.000000e+00,3.125000e+00,,,not expected to change; investigated and logged in the plan's §15
det_k4_l4_r4_c4_m4_w12g8_d64_s4_q2,det,fit,module:vec,lut,14018,14811,7.930000e+02,5.657000e+00,,,not expected to change; investigated and logged in the plan's §15
det_k4_l4_r4_c4_m4_w12g8_d64_s4_q2,det,fit,module:vec,ff,9000,9406,4.060000e+02,4.511000e+00,,,not expected to change; investigated and logged in the plan's §15
det_k4_l4_r4_c4_m4_w12g8_d64_s4_q2,det,fit,module:vec,dsp,48,49,1.000000e+00,2.083000e+00,,,not expected to change; investigated and logged in the plan's §15
det_k4_l4_r4_c4_m4_w12g8_d64_s4_q2,det,fit,cycles,t_iter,1.193000e+03,1.222000e+03,2.900000e+01,2.431000e+00,,1,the cores' per-iteration loops (the spans mm.iter and vec.iter)
det_k4_l4_r4_c4_m4_w12g8_d64_s4_q2,det,fit,cycles,t0,7.500000e+01,1.270000e+02,5.200000e+01,6.933300e+01,,1,the per-job work of the cores: the CG core's start and the systolic core's A load
det_k4_l4_r4_c4_m4_w12g8_d64_s4_q2,det,fit,cycles:job1,interval_nit2,2.461000e+03,2.571000e+03,1.100000e+02,4.470000e+00,,1,the per-job work of the cores: the CG core's start and the systolic core's A load; the cores' per-iteration loops (the spans mm.iter and vec.iter)
det_k4_l4_r4_c4_m4_w12g8_d64_s4_q2,det,fit,cycles:job2,interval_nit3,3.654000e+03,3.793000e+03,1.390000e+02,3.804000e+00,,1,the per-job work of the cores: the CG core's start and the systolic core's A load; the cores' per-iteration loops (the spans mm.iter and vec.iter)
det_k4_l4_r4_c4_m4_w12g8_d64_s4_q2,det,fit,cycles:job3,interval_nit4,4.847000e+03,5.015000e+03,1.680000e+02,3.466000e+00,,1,the per-job work of the cores: the CG core's start and the systolic core's A load; the cores' per-iteration loops (the spans mm.iter and vec.iter)
det_k4_l4_r4_c4_m4_w12g8_d64_s4_q2,det,fit,cycles:job4,interval_nit1,1.268000e+03,1.349000e+03,8.100000e+01,6.388000e+00,,1,the per-job work of the cores: the CG core's start and the systolic core's A load; the cores' per-iteration loops (the spans mm.iter and vec.iter)
det_k4_l4_r4_c4_m4_w12g8_d64_s4_q2,det,fit,cycles:job5,interval_nit2,2.461000e+03,2.571000e+03,1.100000e+02,4.470000e+00,,1,the per-job work of the cores: the CG core's start and the systolic core's A load; the cores' per-iteration loops (the spans mm.iter and vec.iter)
det_k4_l4_r4_c4_m4_w12g8_d64_s4_q2,det,fit,span,mm.iter,2.080000e+02,2.200000e+02,1.200000e+01,5.769000e+00,,1,"the systolic core: run-time dimensions, the A^H path, A's build-up moved into the core, the conjugated operand one bit wider, index products"
det_k4_l4_r4_c4_m4_w12g8_d64_s4_q2,det,fit,span,vec.init,7.400000e+01,1.260000e+02,5.200000e+01,7.027000e+01,,0,"the CG core: run-time dimensions, index products"
det_k4_l4_r4_c4_m4_w12g8_d64_s4_q2,det,fit,span,vec.iter,9.850000e+02,1.002000e+03,1.700000e+01,1.726000e+00,,1,"the CG core: run-time dimensions, index products"
det_k4_l4_r4_c4_m4_w12g8_d64_s4_q2,det,fit,span,vec.last,9.850000e+02,1.002000e+03,1.700000e+01,1.726000e+00,,1,"the CG core: run-time dimensions, index products"
det_k4_l4_r4_c4_m4_w12g8_d64_s2_q4,det,fit,rtl,bit_exact,1,1,0.000000e+00,0.000000e+00,,1,
det_k4_l4_r4_c4_m4_w12g8_d64_s2_q4,det,fit,total,est_ns,3.352000e+00,3.352000e+00,0.000000e+00,0.000000e+00,,1,
det_k4_l4_r4_c4_m4_w12g8_d64_s2_q4,det,fit,total,lut,32991,30033,-2.958000e+03,-8.966000e+00,,1,
det_k4_l4_r4_c4_m4_w12g8_d64_s2_q4,det,fit,total,ff,19791,20520,7.290000e+02,3.683000e+00,,1,
det_k4_l4_r4_c4_m4_w12g8_d64_s2_q4,det,fit,total,dsp,112,115,3.000000e+00,2.679000e+00,115,1,
det_k4_l4_r4_c4_m4_w12g8_d64_s2_q4,det,fit,total,bram,20,20,0.000000e+00,0.000000e+00,20,1,
det_k4_l4_r4_c4_m4_w12g8_d64_s2_q4,det,fit,module:CgCtrl,lut,244,47,-1.970000e+02,-8.073800e+01,,,one command per core per job
det_k4_l4_r4_c4_m4_w12g8_d64_s2_q4,det,fit,module:CgCtrl,ff,50,2,-4.800000e+01,-9.600000e+01,,,one command per core per job
det_k4_l4_r4_c4_m4_w12g8_d64_s2_q4,det,fit,module:CgLoad,lut,7253,2803,-4.450000e+03,-6.135400e+01,,,A in L-lane groups instead of K-lane rows; Waveflow's wf_load_matrix
det_k4_l4_r4_c4_m4_w12g8_d64_s2_q4,det,fit,module:CgLoad,ff,1162,794,-3.680000e+02,-3.167000e+01,,,A in L-lane groups instead of K-lane rows; Waveflow's wf_load_matrix
det_k4_l4_r4_c4_m4_w12g8_d64_s2_q4,det,fit,module:CgStore,lut,1514,566,-9.480000e+02,-6.261600e+01,,,Waveflow's wf_store_matrix
det_k4_l4_r4_c4_m4_w12g8_d64_s2_q4,det,fit,module:CgStore,ff,171,281,1.100000e+02,6.432700e+01,,,Waveflow's wf_store_matrix
det_k4_l4_r4_c4_m4_w12g8_d64_s2_q4,det,fit,module:mm,lut,4779,6623,1.844000e+03,3.858500e+01,,,not expected to change; investigated and logged in the plan's §15
det_k4_l4_r4_c4_m4_w12g8_d64_s2_q4,det,fit,module:mm,ff,4000,4629,6.290000e+02,1.572500e+01,,,not expected to change; investigated and logged in the plan's §15
det_k4_l4_r4_c4_m4_w12g8_d64_s2_q4,det,fit,module:mm,dsp,64,66,2.000000e+00,3.125000e+00,,,not expected to change; investigated and logged in the plan's §15
det_k4_l4_r4_c4_m4_w12g8_d64_s2_q4,det,fit,module:vec,lut,14018,14811,7.930000e+02,5.657000e+00,,,not expected to change; investigated and logged in the plan's §15
det_k4_l4_r4_c4_m4_w12g8_d64_s2_q4,det,fit,module:vec,ff,9000,9406,4.060000e+02,4.511000e+00,,,not expected to change; investigated and logged in the plan's §15
det_k4_l4_r4_c4_m4_w12g8_d64_s2_q4,det,fit,module:vec,dsp,48,49,1.000000e+00,2.083000e+00,,,not expected to change; investigated and logged in the plan's §15
det_k4_l4_r4_c4_m4_w12g8_d64_s2_q4,det,fit,cycles,t_iter,1.193000e+03,1.222000e+03,2.900000e+01,2.431000e+00,,1,the cores' per-iteration loops (the spans mm.iter and vec.iter)
det_k4_l4_r4_c4_m4_w12g8_d64_s2_q4,det,fit,cycles,t0,7.500000e+01,1.270000e+02,5.200000e+01,6.933300e+01,,1,the per-job work of the cores: the CG core's start and the systolic core's A load
det_k4_l4_r4_c4_m4_w12g8_d64_s2_q4,det,fit,cycles:job1,interval_nit2,2.461000e+03,2.571000e+03,1.100000e+02,4.470000e+00,,1,the per-job work of the cores: the CG core's start and the systolic core's A load; the cores' per-iteration loops (the spans mm.iter and vec.iter)
det_k4_l4_r4_c4_m4_w12g8_d64_s2_q4,det,fit,cycles:job2,interval_nit3,3.654000e+03,3.793000e+03,1.390000e+02,3.804000e+00,,1,the per-job work of the cores: the CG core's start and the systolic core's A load; the cores' per-iteration loops (the spans mm.iter and vec.iter)
det_k4_l4_r4_c4_m4_w12g8_d64_s2_q4,det,fit,cycles:job3,interval_nit4,4.847000e+03,5.015000e+03,1.680000e+02,3.466000e+00,,1,the per-job work of the cores: the CG core's start and the systolic core's A load; the cores' per-iteration loops (the spans mm.iter and vec.iter)
det_k4_l4_r4_c4_m4_w12g8_d64_s2_q4,det,fit,cycles:job4,interval_nit1,1.268000e+03,1.349000e+03,8.100000e+01,6.388000e+00,,1,the per-job work of the cores: the CG core's start and the systolic core's A load; the cores' per-iteration loops (the spans mm.iter and vec.iter)
det_k4_l4_r4_c4_m4_w12g8_d64_s2_q4,det,fit,cycles:job5,interval_nit2,2.461000e+03,2.571000e+03,1.100000e+02,4.470000e+00,,1,the per-job work of the cores: the CG core's start and the systolic core's A load; the cores' per-iteration loops (the spans mm.iter and vec.iter)
det_k4_l4_r4_c4_m4_w12g8_d64_s2_q4,det,fit,span,mm.iter,2.080000e+02,2.200000e+02,1.200000e+01,5.769000e+00,,1,"the systolic core: run-time dimensions, the A^H path, A's build-up moved into the core, the conjugated operand one bit wider, index products"
det_k4_l4_r4_c4_m4_w12g8_d64_s2_q4,det,fit,span,vec.init,7.400000e+01,1.260000e+02,5.200000e+01,7.027000e+01,,0,"the CG core: run-time dimensions, index products"
det_k4_l4_r4_c4_m4_w12g8_d64_s2_q4,det,fit,span,vec.iter,9.850000e+02,1.002000e+03,1.700000e+01,1.726000e+00,,1,"the CG core: run-time dimensions, index products"
det_k4_l4_r4_c4_m4_w12g8_d64_s2_q4,det,fit,span,vec.last,9.850000e+02,1.002000e+03,1.700000e+01,1.726000e+00,,1,"the CG core: run-time dimensions, index products"
det_k4_l4_r4_c4_m4_w12g8_d64_s2_q8,det,fit,rtl,bit_exact,1,1,0.000000e+00,0.000000e+00,,1,
det_k4_l4_r4_c4_m4_w12g8_d64_s2_q8,det,fit,total,est_ns,3.352000e+00,3.352000e+00,0.000000e+00,0.000000e+00,,1,
det_k4_l4_r4_c4_m4_w12g8_d64_s2_q8,det,fit,total,lut,32989,30031,-2.958000e+03,-8.967000e+00,,1,
det_k4_l4_r4_c4_m4_w12g8_d64_s2_q8,det,fit,total,ff,19791,20520,7.290000e+02,3.683000e+00,,1,
det_k4_l4_r4_c4_m4_w12g8_d64_s2_q8,det,fit,total,dsp,112,115,3.000000e+00,2.679000e+00,115,1,
det_k4_l4_r4_c4_m4_w12g8_d64_s2_q8,det,fit,total,bram,20,20,0.000000e+00,0.000000e+00,20,1,
det_k4_l4_r4_c4_m4_w12g8_d64_s2_q8,det,fit,module:CgCtrl,lut,244,47,-1.970000e+02,-8.073800e+01,,,one command per core per job
det_k4_l4_r4_c4_m4_w12g8_d64_s2_q8,det,fit,module:CgCtrl,ff,50,2,-4.800000e+01,-9.600000e+01,,,one command per core per job
det_k4_l4_r4_c4_m4_w12g8_d64_s2_q8,det,fit,module:CgLoad,lut,7253,2803,-4.450000e+03,-6.135400e+01,,,A in L-lane groups instead of K-lane rows; Waveflow's wf_load_matrix
det_k4_l4_r4_c4_m4_w12g8_d64_s2_q8,det,fit,module:CgLoad,ff,1162,794,-3.680000e+02,-3.167000e+01,,,A in L-lane groups instead of K-lane rows; Waveflow's wf_load_matrix
det_k4_l4_r4_c4_m4_w12g8_d64_s2_q8,det,fit,module:CgStore,lut,1514,566,-9.480000e+02,-6.261600e+01,,,Waveflow's wf_store_matrix
det_k4_l4_r4_c4_m4_w12g8_d64_s2_q8,det,fit,module:CgStore,ff,171,281,1.100000e+02,6.432700e+01,,,Waveflow's wf_store_matrix
det_k4_l4_r4_c4_m4_w12g8_d64_s2_q8,det,fit,module:mm,lut,4779,6623,1.844000e+03,3.858500e+01,,,not expected to change; investigated and logged in the plan's §15
det_k4_l4_r4_c4_m4_w12g8_d64_s2_q8,det,fit,module:mm,ff,4000,4629,6.290000e+02,1.572500e+01,,,not expected to change; investigated and logged in the plan's §15
det_k4_l4_r4_c4_m4_w12g8_d64_s2_q8,det,fit,module:mm,dsp,64,66,2.000000e+00,3.125000e+00,,,not expected to change; investigated and logged in the plan's §15
det_k4_l4_r4_c4_m4_w12g8_d64_s2_q8,det,fit,module:vec,lut,14018,14811,7.930000e+02,5.657000e+00,,,not expected to change; investigated and logged in the plan's §15
det_k4_l4_r4_c4_m4_w12g8_d64_s2_q8,det,fit,module:vec,ff,9000,9406,4.060000e+02,4.511000e+00,,,not expected to change; investigated and logged in the plan's §15
det_k4_l4_r4_c4_m4_w12g8_d64_s2_q8,det,fit,module:vec,dsp,48,49,1.000000e+00,2.083000e+00,,,not expected to change; investigated and logged in the plan's §15
det_k4_l4_r4_c4_m4_w12g8_d64_s2_q8,det,fit,cycles,t_iter,1.193000e+03,1.222000e+03,2.900000e+01,2.431000e+00,,1,the cores' per-iteration loops (the spans mm.iter and vec.iter)
det_k4_l4_r4_c4_m4_w12g8_d64_s2_q8,det,fit,cycles,t0,7.500000e+01,1.270000e+02,5.200000e+01,6.933300e+01,,1,the per-job work of the cores: the CG core's start and the systolic core's A load
det_k4_l4_r4_c4_m4_w12g8_d64_s2_q8,det,fit,cycles:job1,interval_nit2,2.461000e+03,2.571000e+03,1.100000e+02,4.470000e+00,,1,the per-job work of the cores: the CG core's start and the systolic core's A load; the cores' per-iteration loops (the spans mm.iter and vec.iter)
det_k4_l4_r4_c4_m4_w12g8_d64_s2_q8,det,fit,cycles:job2,interval_nit3,3.654000e+03,3.793000e+03,1.390000e+02,3.804000e+00,,1,the per-job work of the cores: the CG core's start and the systolic core's A load; the cores' per-iteration loops (the spans mm.iter and vec.iter)
det_k4_l4_r4_c4_m4_w12g8_d64_s2_q8,det,fit,cycles:job3,interval_nit4,4.847000e+03,5.015000e+03,1.680000e+02,3.466000e+00,,1,the per-job work of the cores: the CG core's start and the systolic core's A load; the cores' per-iteration loops (the spans mm.iter and vec.iter)
det_k4_l4_r4_c4_m4_w12g8_d64_s2_q8,det,fit,cycles:job4,interval_nit1,1.268000e+03,1.349000e+03,8.100000e+01,6.388000e+00,,1,the per-job work of the cores: the CG core's start and the systolic core's A load; the cores' per-iteration loops (the spans mm.iter and vec.iter)
det_k4_l4_r4_c4_m4_w12g8_d64_s2_q8,det,fit,cycles:job5,interval_nit2,2.461000e+03,2.571000e+03,1.100000e+02,4.470000e+00,,1,the per-job work of the cores: the CG core's start and the systolic core's A load; the cores' per-iteration loops (the spans mm.iter and vec.iter)
det_k4_l4_r4_c4_m4_w12g8_d64_s2_q8,det,fit,span,mm.iter,2.080000e+02,2.200000e+02,1.200000e+01,5.769000e+00,,1,"the systolic core: run-time dimensions, the A^H path, A's build-up moved into the core, the conjugated operand one bit wider, index products"
det_k4_l4_r4_c4_m4_w12g8_d64_s2_q8,det,fit,span,vec.init,7.400000e+01,1.260000e+02,5.200000e+01,7.027000e+01,,0,"the CG core: run-time dimensions, index products"
det_k4_l4_r4_c4_m4_w12g8_d64_s2_q8,det,fit,span,vec.iter,9.850000e+02,1.002000e+03,1.700000e+01,1.726000e+00,,1,"the CG core: run-time dimensions, index products"
det_k4_l4_r4_c4_m4_w12g8_d64_s2_q8,det,fit,span,vec.last,9.850000e+02,1.002000e+03,1.700000e+01,1.726000e+00,,1,"the CG core: run-time dimensions, index products"
det_k16_l16_r4_c16_m3_w16g8_d32_s4_q8,det,fit,rtl,bit_exact,1,1,0.000000e+00,0.000000e+00,,1,
det_k16_l16_r4_c16_m3_w16g8_d32_s4_q8,det,fit,total,est_ns,3.392000e+00,3.392000e+00,0.000000e+00,0.000000e+00,,1,
det_k16_l16_r4_c16_m3_w16g8_d32_s4_q8,det,fit,total,lut,117101,110708,-6.393000e+03,-5.459000e+00,,1,
det_k16_l16_r4_c16_m3_w16g8_d32_s4_q8,det,fit,total,ff,76114,80284,4.170000e+03,5.479000e+00,,1,
det_k16_l16_r4_c16_m3_w16g8_d32_s4_q8,det,fit,total,dsp,384,387,3.000000e+00,7.810000e-01,387,1,
det_k16_l16_r4_c16_m3_w16g8_d32_s4_q8,det,fit,total,bram,79,79,0.000000e+00,0.000000e+00,79,1,
det_k16_l16_r4_c16_m3_w16g8_d32_s4_q8,det,fit,module:CgCtrl,lut,332,83,-2.490000e+02,-7.500000e+01,,,one command per core per job
det_k16_l16_r4_c16_m3_w16g8_d32_s4_q8,det,fit,module:CgCtrl,ff,95,102,7.000000e+00,7.368000e+00,,,one command per core per job
det_k16_l16_r4_c16_m3_w16g8_d32_s4_q8,det,fit,module:CgLoad,lut,23915,10618,-1.329700e+04,-5.560100e+01,,,A in L-lane groups instead of K-lane rows; Waveflow's wf_load_matrix
det_k16_l16_r4_c16_m3_w16g8_d32_s4_q8,det,fit,module:CgLoad,ff,1232,2471,1.239000e+03,1.005680e+02,,,A in L-lane groups instead of K-lane rows; Waveflow's wf_load_matrix
det_k16_l16_r4_c16_m3_w16g8_d32_s4_q8,det,fit,module:CgStore,lut,4679,1057,-3.622000e+03,-7.741000e+01,,,Waveflow's wf_store_matrix
det_k16_l16_r4_c16_m3_w16g8_d32_s4_q8,det,fit,module:CgStore,ff,744,705,-3.900000e+01,-5.242000e+00,,,Waveflow's wf_store_matrix
det_k16_l16_r4_c16_m3_w16g8_d32_s4_q8,det,fit,module:mm,lut,23749,34423,1.067400e+04,4.494500e+01,,,not expected to change; investigated and logged in the plan's §15
det_k16_l16_r4_c16_m3_w16g8_d32_s4_q8,det,fit,module:mm,ff,22200,25695,3.495000e+03,1.574300e+01,,,not expected to change; investigated and logged in the plan's §15
det_k16_l16_r4_c16_m3_w16g8_d32_s4_q8,det,fit,module:mm,dsp,192,194,2.000000e+00,1.042000e+00,,,not expected to change; investigated and logged in the plan's §15
det_k16_l16_r4_c16_m3_w16g8_d32_s4_q8,det,fit,module:vec,lut,59798,59899,1.010000e+02,1.690000e-01,,,not expected to change; investigated and logged in the plan's §15
det_k16_l16_r4_c16_m3_w16g8_d32_s4_q8,det,fit,module:vec,ff,47458,46926,-5.320000e+02,-1.121000e+00,,,not expected to change; investigated and logged in the plan's §15
det_k16_l16_r4_c16_m3_w16g8_d32_s4_q8,det,fit,module:vec,dsp,192,193,1.000000e+00,5.210000e-01,,,not expected to change; investigated and logged in the plan's §15
det_k16_l16_r4_c16_m3_w16g8_d32_s4_q8,det,fit,cycles,t_iter,8.420000e+02,8.650000e+02,2.300000e+01,2.732000e+00,,1,the cores' per-iteration loops (the spans mm.iter and vec.iter)
det_k16_l16_r4_c16_m3_w16g8_d32_s4_q8,det,fit,cycles,t0,7.900000e+01,8.300000e+01,4.000000e+00,5.063000e+00,,1,the per-job work of the cores: the CG core's start and the systolic core's A load
det_k16_l16_r4_c16_m3_w16g8_d32_s4_q8,det,fit,cycles:job1,interval_nit2,1.763000e+03,1.813000e+03,5.000000e+01,2.836000e+00,,1,the per-job work of the cores: the CG core's start and the systolic core's A load; the cores' per-iteration loops (the spans mm.iter and vec.iter)
det_k16_l16_r4_c16_m3_w16g8_d32_s4_q8,det,fit,cycles:job2,interval_nit3,2.605000e+03,2.678000e+03,7.300000e+01,2.802000e+00,,1,the per-job work of the cores: the CG core's start and the systolic core's A load; the cores' per-iteration loops (the spans mm.iter and vec.iter)
det_k16_l16_r4_c16_m3_w16g8_d32_s4_q8,det,fit,cycles:job3,interval_nit16,1.355100e+04,1.392300e+04,3.720000e+02,2.745000e+00,,1,the per-job work of the cores: the CG core's start and the systolic core's A load; the cores' per-iteration loops (the spans mm.iter and vec.iter)
det_k16_l16_r4_c16_m3_w16g8_d32_s4_q8,det,fit,cycles:job4,interval_nit1,9.210000e+02,9.480000e+02,2.700000e+01,2.932000e+00,,1,the per-job work of the cores: the CG core's start and the systolic core's A load; the cores' per-iteration loops (the spans mm.iter and vec.iter)
det_k16_l16_r4_c16_m3_w16g8_d32_s4_q8,det,fit,cycles:job5,interval_nit2,1.763000e+03,1.813000e+03,5.000000e+01,2.836000e+00,,1,the per-job work of the cores: the CG core's start and the systolic core's A load; the cores' per-iteration loops (the spans mm.iter and vec.iter)
det_k16_l16_r4_c16_m3_w16g8_d32_s4_q8,det,fit,span,mm.iter,4.250000e+02,4.430000e+02,1.800000e+01,4.235000e+00,,1,"the systolic core: run-time dimensions, the A^H path, A's build-up moved into the core, the conjugated operand one bit wider, index products"
det_k16_l16_r4_c16_m3_w16g8_d32_s4_q8,det,fit,span,vec.init,7.300000e+01,8.200000e+01,9.000000e+00,1.232900e+01,,1,"the CG core: run-time dimensions, index products"
det_k16_l16_r4_c16_m3_w16g8_d32_s4_q8,det,fit,span,vec.iter,4.170000e+02,4.220000e+02,5.000000e+00,1.199000e+00,,1,"the CG core: run-time dimensions, index products"
det_k16_l16_r4_c16_m3_w16g8_d32_s4_q8,det,fit,span,vec.last,4.170000e+02,4.220000e+02,5.000000e+00,1.199000e+00,,1,"the CG core: run-time dimensions, index products"
det_k16_l1_r1_c4_m4_w8g0_d32_s3_q4,det,fit,rtl,bit_exact,1,1,0.000000e+00,0.000000e+00,,1,
det_k16_l1_r1_c4_m4_w8g0_d32_s3_q4,det,fit,total,est_ns,3.352000e+00,3.352000e+00,0.000000e+00,0.000000e+00,,1,
det_k16_l1_r1_c4_m4_w8g0_d32_s3_q4,det,fit,total,lut,24492,16596,-7.896000e+03,-3.223900e+01,,0,
det_k16_l1_r1_c4_m4_w8g0_d32_s3_q4,det,fit,total,ff,12367,9205,-3.162000e+03,-2.556800e+01,,0,
det_k16_l1_r1_c4_m4_w8g0_d32_s3_q4,det,fit,total,dsp,11,14,3.000000e+00,2.727300e+01,14,1,
det_k16_l1_r1_c4_m4_w8g0_d32_s3_q4,det,fit,total,bram,34,27,-7.000000e+00,-2.058800e+01,27,1,
det_k16_l1_r1_c4_m4_w8g0_d32_s3_q4,det,fit,module:CgCtrl,lut,332,83,-2.490000e+02,-7.500000e+01,,,one command per core per job
det_k16_l1_r1_c4_m4_w8g0_d32_s3_q4,det,fit,module:CgCtrl,ff,95,102,7.000000e+00,7.368000e+00,,,one command per core per job
det_k16_l1_r1_c4_m4_w8g0_d32_s3_q4,det,fit,module:CgLoad,lut,5874,517,-5.357000e+03,-9.119900e+01,,,A in L-lane groups instead of K-lane rows; Waveflow's wf_load_matrix
det_k16_l1_r1_c4_m4_w8g0_d32_s3_q4,det,fit,module:CgLoad,ff,458,184,-2.740000e+02,-5.982500e+01,,,A in L-lane groups instead of K-lane rows; Waveflow's wf_load_matrix
det_k16_l1_r1_c4_m4_w8g0_d32_s3_q4,det,fit,memory:a_blk_U,bram,8,1,-7.000000e+00,-8.750000e+01,,,the A store's shape (L-lane groups instead of K-lane rows)
det_k16_l1_r1_c4_m4_w8g0_d32_s3_q4,det,fit,module:mm,lut,9092,5910,-3.182000e+03,-3.499800e+01,,,not expected to change; investigated and logged in the plan's §15
det_k16_l1_r1_c4_m4_w8g0_d32_s3_q4,det,fit,module:mm,ff,5341,1907,-3.434000e+03,-6.429500e+01,,,not expected to change; investigated and logged in the plan's §15
det_k16_l1_r1_c4_m4_w8g0_d32_s3_q4,det,fit,module:mm,dsp,8,10,2.000000e+00,2.500000e+01,,,not expected to change; investigated and logged in the plan's §15
det_k16_l1_r1_c4_m4_w8g0_d32_s3_q4,det,fit,module:vec,lut,4259,5151,8.920000e+02,2.094400e+01,,,not expected to change; investigated and logged in the plan's §15
det_k16_l1_r1_c4_m4_w8g0_d32_s3_q4,det,fit,module:vec,ff,1964,2503,5.390000e+02,2.744400e+01,,,not expected to change; investigated and logged in the plan's §15
det_k16_l1_r1_c4_m4_w8g0_d32_s3_q4,det,fit,module:vec,dsp,3,4,1.000000e+00,3.333300e+01,,,not expected to change; investigated and logged in the plan's §15
det_k16_l1_r1_c4_m4_w8g0_d32_s3_q4,det,fit,cycles,t_iter,8.261000e+03,8.711000e+03,4.500000e+02,5.447000e+00,,0,the cores' per-iteration loops (the spans mm.iter and vec.iter)
det_k16_l1_r1_c4_m4_w8g0_d32_s3_q4,det,fit,cycles,t0,1.038000e+03,1.191000e+03,1.530000e+02,1.474000e+01,,0,the per-job work of the cores: the CG core's start and the systolic core's A load
det_k16_l1_r1_c4_m4_w8g0_d32_s3_q4,det,fit,cycles:job1,interval_nit2,1.756000e+04,1.861300e+04,1.053000e+03,5.997000e+00,,0,the per-job work of the cores: the CG core's start and the systolic core's A load; the cores' per-iteration loops (the spans mm.iter and vec.iter)
det_k16_l1_r1_c4_m4_w8g0_d32_s3_q4,det,fit,cycles:job2,interval_nit3,2.582100e+04,2.732400e+04,1.503000e+03,5.821000e+00,,0,the per-job work of the cores: the CG core's start and the systolic core's A load; the cores' per-iteration loops (the spans mm.iter and vec.iter)
det_k16_l1_r1_c4_m4_w8g0_d32_s3_q4,det,fit,cycles:job3,interval_nit16,1.332140e+05,1.405670e+05,7.353000e+03,5.520000e+00,,0,the per-job work of the cores: the CG core's start and the systolic core's A load; the cores' per-iteration loops (the spans mm.iter and vec.iter)
det_k16_l1_r1_c4_m4_w8g0_d32_s3_q4,det,fit,cycles:job4,interval_nit1,9.299000e+03,9.902000e+03,6.030000e+02,6.485000e+00,,0,the per-job work of the cores: the CG core's start and the systolic core's A load; the cores' per-iteration loops (the spans mm.iter and vec.iter)
det_k16_l1_r1_c4_m4_w8g0_d32_s3_q4,det,fit,cycles:job5,interval_nit2,1.756000e+04,1.861300e+04,1.053000e+03,5.997000e+00,,0,the per-job work of the cores: the CG core's start and the systolic core's A load; the cores' per-iteration loops (the spans mm.iter and vec.iter)
det_k16_l1_r1_c4_m4_w8g0_d32_s3_q4,det,fit,span,mm.iter,4.393000e+03,4.778000e+03,3.850000e+02,8.764000e+00,,0,"the systolic core: run-time dimensions, the A^H path, A's build-up moved into the core, the conjugated operand one bit wider, index products"
det_k16_l1_r1_c4_m4_w8g0_d32_s3_q4,det,fit,span,vec.init,1.032000e+03,1.190000e+03,1.580000e+02,1.531000e+01,,0,"the CG core: run-time dimensions, index products"
det_k16_l1_r1_c4_m4_w8g0_d32_s3_q4,det,fit,span,vec.iter,3.868000e+03,3.933000e+03,6.500000e+01,1.680000e+00,,1,"the CG core: run-time dimensions, index products"
det_k16_l1_r1_c4_m4_w8g0_d32_s3_q4,det,fit,span,vec.last,3.868000e+03,3.933000e+03,6.500000e+01,1.680000e+00,,1,"the CG core: run-time dimensions, index products"
vec_k4_l2_w14g0,vec,holdout,rtl,bit_exact,1,1,0.000000e+00,0.000000e+00,,1,
vec_k4_l2_w14g0,vec,holdout,total,est_ns,3.352000e+00,3.352000e+00,0.000000e+00,0.000000e+00,,1,
vec_k4_l2_w14g0,vec,holdout,block:CgVec,lut,7409,8288,8.790000e+02,1.186400e+01,,,"the CG core: run-time dimensions, index products"
vec_k4_l2_w14g0,vec,holdout,block:CgVec,ff,4823,5353,5.300000e+02,1.098900e+01,,,"the CG core: run-time dimensions, index products"
vec_k4_l2_w14g0,vec,holdout,block:CgVec,dsp,24,25,1.000000e+00,4.167000e+00,25,1,"the CG core: run-time dimensions, index products"
vec_k4_l2_w14g0,vec,holdout,block:CgVec,bram,0,0,0.000000e+00,,0,1,"the CG core: run-time dimensions, index products"
vec_k4_l2_w14g0,vec,holdout,span,vec.init,1.380000e+02,2.460000e+02,1.080000e+02,7.826100e+01,,0,"the CG core: run-time dimensions, index products"
vec_k4_l2_w14g0,vec,holdout,span,vec.iter,1.574000e+03,1.607000e+03,3.300000e+01,2.097000e+00,,1,"the CG core: run-time dimensions, index products"
vec_k4_l2_w14g0,vec,holdout,span,vec.last,1.574000e+03,1.607000e+03,3.300000e+01,2.097000e+00,,1,"the CG core: run-time dimensions, index products"
vec_k4_l2_w14g8,vec,holdout,rtl,bit_exact,1,1,0.000000e+00,0.000000e+00,,1,
vec_k4_l2_w14g8,vec,holdout,total,est_ns,3.352000e+00,3.352000e+00,0.000000e+00,0.000000e+00,,1,
vec_k4_l2_w14g8,vec,holdout,block:CgVec,lut,8548,9427,8.790000e+02,1.028300e+01,,,"the CG core: run-time dimensions, index products"
vec_k4_l2_w14g8,vec,holdout,block:CgVec,ff,5676,6192,5.160000e+02,9.091000e+00,,,"the CG core: run-time dimensions, index products"
vec_k4_l2_w14g8,vec,holdout,block:CgVec,dsp,24,25,1.000000e+00,4.167000e+00,25,1,"the CG core: run-time dimensions, index products"
vec_k4_l2_w14g8,vec,holdout,block:CgVec,bram,0,0,0.000000e+00,,0,1,"the CG core: run-time dimensions, index products"
vec_k4_l2_w14g8,vec,holdout,span,vec.init,1.380000e+02,2.460000e+02,1.080000e+02,7.826100e+01,,0,"the CG core: run-time dimensions, index products"
vec_k4_l2_w14g8,vec,holdout,span,vec.iter,2.069000e+03,2.102000e+03,3.300000e+01,1.595000e+00,,1,"the CG core: run-time dimensions, index products"
vec_k4_l2_w14g8,vec,holdout,span,vec.last,2.069000e+03,2.102000e+03,3.300000e+01,1.595000e+00,,1,"the CG core: run-time dimensions, index products"
vec_k4_l4_w16g8,vec,holdout,rtl,bit_exact,1,1,0.000000e+00,0.000000e+00,,1,
vec_k4_l4_w16g8,vec,holdout,total,est_ns,3.352000e+00,3.352000e+00,0.000000e+00,0.000000e+00,,1,
vec_k4_l4_w16g8,vec,holdout,block:CgVec,lut,15928,16665,7.370000e+02,4.627000e+00,,,"the CG core: run-time dimensions, index products"
vec_k4_l4_w16g8,vec,holdout,block:CgVec,ff,11689,11988,2.990000e+02,2.558000e+00,,,"the CG core: run-time dimensions, index products"
vec_k4_l4_w16g8,vec,holdout,block:CgVec,dsp,48,49,1.000000e+00,2.083000e+00,49,1,"the CG core: run-time dimensions, index products"
vec_k4_l4_w16g8,vec,holdout,block:CgVec,bram,0,0,0.000000e+00,,0,1,"the CG core: run-time dimensions, index products"
vec_k4_l4_w16g8,vec,holdout,span,vec.init,7.300000e+01,1.180000e+02,4.500000e+01,6.164400e+01,,0,"the CG core: run-time dimensions, index products"
vec_k4_l4_w16g8,vec,holdout,span,vec.iter,1.113000e+03,1.130000e+03,1.700000e+01,1.527000e+00,,1,"the CG core: run-time dimensions, index products"
vec_k4_l4_w16g8,vec,holdout,span,vec.last,1.113000e+03,1.130000e+03,1.700000e+01,1.527000e+00,,1,"the CG core: run-time dimensions, index products"
vec_k4_l8_w10g8,vec,holdout,rtl,bit_exact,1,1,0.000000e+00,0.000000e+00,,1,
vec_k4_l8_w10g8,vec,holdout,total,est_ns,3.352000e+00,3.352000e+00,0.000000e+00,0.000000e+00,,1,
vec_k4_l8_w10g8,vec,holdout,block:CgVec,lut,27829,28490,6.610000e+02,2.375000e+00,,,"the CG core: run-time dimensions, index products"
vec_k4_l8_w10g8,vec,holdout,block:CgVec,ff,15482,15710,2.280000e+02,1.473000e+00,,,"the CG core: run-time dimensions, index products"
vec_k4_l8_w10g8,vec,holdout,block:CgVec,dsp,40,41,1.000000e+00,2.500000e+00,41,1,"the CG core: run-time dimensions, index products"
vec_k4_l8_w10g8,vec,holdout,block:CgVec,bram,0,0,0.000000e+00,,0,1,"the CG core: run-time dimensions, index products"
vec_k4_l8_w10g8,vec,holdout,span,vec.init,4.200000e+01,6.600000e+01,2.400000e+01,5.714300e+01,,0,"the CG core: run-time dimensions, index products"
vec_k4_l8_w10g8,vec,holdout,span,vec.iter,4.810000e+02,4.900000e+02,9.000000e+00,1.871000e+00,,1,"the CG core: run-time dimensions, index products"
vec_k4_l8_w10g8,vec,holdout,span,vec.last,4.810000e+02,4.900000e+02,9.000000e+00,1.871000e+00,,1,"the CG core: run-time dimensions, index products"
vec_k4_l8_w12g0,vec,holdout,rtl,bit_exact,1,1,0.000000e+00,0.000000e+00,,1,
vec_k4_l8_w12g0,vec,holdout,total,est_ns,3.352000e+00,3.352000e+00,0.000000e+00,0.000000e+00,,1,
vec_k4_l8_w12g0,vec,holdout,block:CgVec,lut,22123,22744,6.210000e+02,2.807000e+00,,,"the CG core: run-time dimensions, index products"
vec_k4_l8_w12g0,vec,holdout,block:CgVec,ff,13937,14181,2.440000e+02,1.751000e+00,,,"the CG core: run-time dimensions, index products"
vec_k4_l8_w12g0,vec,holdout,block:CgVec,dsp,96,97,1.000000e+00,1.042000e+00,97,1,"the CG core: run-time dimensions, index products"
vec_k4_l8_w12g0,vec,holdout,block:CgVec,bram,0,0,0.000000e+00,,0,1,"the CG core: run-time dimensions, index products"
vec_k4_l8_w12g0,vec,holdout,span,vec.init,4.200000e+01,6.600000e+01,2.400000e+01,5.714300e+01,,0,"the CG core: run-time dimensions, index products"
vec_k4_l8_w12g0,vec,holdout,span,vec.iter,3.820000e+02,3.910000e+02,9.000000e+00,2.356000e+00,,1,"the CG core: run-time dimensions, index products"
vec_k4_l8_w12g0,vec,holdout,span,vec.last,3.820000e+02,3.910000e+02,9.000000e+00,2.356000e+00,,1,"the CG core: run-time dimensions, index products"
vec_k4_l8_w14g8,vec,holdout,rtl,bit_exact,1,1,0.000000e+00,0.000000e+00,,1,
vec_k4_l8_w14g8,vec,holdout,total,est_ns,3.352000e+00,3.352000e+00,0.000000e+00,0.000000e+00,,1,
vec_k4_l8_w14g8,vec,holdout,block:CgVec,lut,27510,28099,5.890000e+02,2.141000e+00,,,"the CG core: run-time dimensions, index products"
vec_k4_l8_w14g8,vec,holdout,block:CgVec,ff,19452,19592,1.400000e+02,7.200000e-01,,,"the CG core: run-time dimensions, index products"
vec_k4_l8_w14g8,vec,holdout,block:CgVec,dsp,96,97,1.000000e+00,1.042000e+00,97,1,"the CG core: run-time dimensions, index products"
vec_k4_l8_w14g8,vec,holdout,block:CgVec,bram,0,0,0.000000e+00,,0,1,"the CG core: run-time dimensions, index products"
vec_k4_l8_w14g8,vec,holdout,span,vec.init,4.200000e+01,6.600000e+01,2.400000e+01,5.714300e+01,,0,"the CG core: run-time dimensions, index products"
vec_k4_l8_w14g8,vec,holdout,span,vec.iter,5.570000e+02,5.660000e+02,9.000000e+00,1.616000e+00,,1,"the CG core: run-time dimensions, index products"
vec_k4_l8_w14g8,vec,holdout,span,vec.last,5.570000e+02,5.660000e+02,9.000000e+00,1.616000e+00,,1,"the CG core: run-time dimensions, index products"
vec_k4_l16_w16g0,vec,holdout,rtl,bit_exact,1,1,0.000000e+00,0.000000e+00,,1,
vec_k4_l16_w16g0,vec,holdout,total,est_ns,3.352000e+00,3.352000e+00,0.000000e+00,0.000000e+00,,1,
vec_k4_l16_w16g0,vec,holdout,block:CgVec,lut,51038,51173,1.350000e+02,2.650000e-01,,,"the CG core: run-time dimensions, index products"
vec_k4_l16_w16g0,vec,holdout,block:CgVec,ff,39421,39059,-3.620000e+02,-9.180000e-01,,,"the CG core: run-time dimensions, index products"
vec_k4_l16_w16g0,vec,holdout,block:CgVec,dsp,192,193,1.000000e+00,5.210000e-01,193,1,"the CG core: run-time dimensions, index products"
vec_k4_l16_w16g0,vec,holdout,block:CgVec,bram,0,0,0.000000e+00,,0,1,"the CG core: run-time dimensions, index products"
vec_k4_l16_w16g0,vec,holdout,span,vec.init,2.500000e+01,3.400000e+01,9.000000e+00,3.600000e+01,,1,"the CG core: run-time dimensions, index products"
vec_k4_l16_w16g0,vec,holdout,span,vec.iter,2.460000e+02,2.510000e+02,5.000000e+00,2.033000e+00,,1,"the CG core: run-time dimensions, index products"
vec_k4_l16_w16g0,vec,holdout,span,vec.last,2.460000e+02,2.510000e+02,5.000000e+00,2.033000e+00,,1,"the CG core: run-time dimensions, index products"
vec_k8_l1_w14g4,vec,holdout,rtl,bit_exact,1,1,0.000000e+00,0.000000e+00,,1,
vec_k8_l1_w14g4,vec,holdout,total,est_ns,3.352000e+00,3.352000e+00,0.000000e+00,0.000000e+00,,1,
vec_k8_l1_w14g4,vec,holdout,block:CgVec,lut,4867,5799,9.320000e+02,1.914900e+01,,,"the CG core: run-time dimensions, index products"
vec_k8_l1_w14g4,vec,holdout,block:CgVec,ff,2764,3328,5.640000e+02,2.040500e+01,,,"the CG core: run-time dimensions, index products"
vec_k8_l1_w14g4,vec,holdout,block:CgVec,dsp,12,13,1.000000e+00,8.333000e+00,13,1,"the CG core: run-time dimensions, index products"
vec_k8_l1_w14g4,vec,holdout,block:CgVec,bram,6,6,0.000000e+00,0.000000e+00,6,1,"the CG core: run-time dimensions, index products"
vec_k8_l1_w14g4,vec,holdout,span,vec.init,5.220000e+02,7.420000e+02,2.200000e+02,4.214600e+01,,0,"the CG core: run-time dimensions, index products"
vec_k8_l1_w14g4,vec,holdout,span,vec.iter,4.077000e+03,4.142000e+03,6.500000e+01,1.594000e+00,,1,"the CG core: run-time dimensions, index products"
vec_k8_l1_w14g4,vec,holdout,span,vec.last,4.077000e+03,4.142000e+03,6.500000e+01,1.594000e+00,,1,"the CG core: run-time dimensions, index products"
vec_k8_l8_w8g0,vec,holdout,rtl,bit_exact,1,1,0.000000e+00,0.000000e+00,,1,
vec_k8_l8_w8g0,vec,holdout,total,est_ns,3.352000e+00,3.352000e+00,0.000000e+00,0.000000e+00,,1,
vec_k8_l8_w8g0,vec,holdout,block:CgVec,lut,22870,23517,6.470000e+02,2.829000e+00,,,"the CG core: run-time dimensions, index products"
vec_k8_l8_w8g0,vec,holdout,block:CgVec,ff,10114,10363,2.490000e+02,2.462000e+00,,,"the CG core: run-time dimensions, index products"
vec_k8_l8_w8g0,vec,holdout,block:CgVec,dsp,24,25,1.000000e+00,4.167000e+00,25,1,"the CG core: run-time dimensions, index products"
vec_k8_l8_w8g0,vec,holdout,block:CgVec,bram,0,0,0.000000e+00,,0,1,"the CG core: run-time dimensions, index products"
vec_k8_l8_w8g0,vec,holdout,span,vec.init,7.200000e+01,9.000000e+01,1.800000e+01,2.500000e+01,,1,"the CG core: run-time dimensions, index products"
vec_k8_l8_w8g0,vec,holdout,span,vec.iter,3.800000e+02,3.890000e+02,9.000000e+00,2.368000e+00,,1,"the CG core: run-time dimensions, index products"
vec_k8_l8_w8g0,vec,holdout,span,vec.last,3.800000e+02,3.890000e+02,9.000000e+00,2.368000e+00,,1,"the CG core: run-time dimensions, index products"
vec_k8_l8_w16g4,vec,holdout,rtl,bit_exact,1,1,0.000000e+00,0.000000e+00,,1,
vec_k8_l8_w16g4,vec,holdout,total,est_ns,3.352000e+00,3.352000e+00,0.000000e+00,0.000000e+00,,1,
vec_k8_l8_w16g4,vec,holdout,block:CgVec,lut,28487,29014,5.270000e+02,1.850000e+00,,,"the CG core: run-time dimensions, index products"
vec_k8_l8_w16g4,vec,holdout,block:CgVec,ff,20246,20280,3.400000e+01,1.680000e-01,,,"the CG core: run-time dimensions, index products"
vec_k8_l8_w16g4,vec,holdout,block:CgVec,dsp,96,97,1.000000e+00,1.042000e+00,97,1,"the CG core: run-time dimensions, index products"
vec_k8_l8_w16g4,vec,holdout,block:CgVec,bram,0,0,0.000000e+00,,0,1,"the CG core: run-time dimensions, index products"
vec_k8_l8_w16g4,vec,holdout,span,vec.init,7.300000e+01,9.400000e+01,2.100000e+01,2.876700e+01,,0,"the CG core: run-time dimensions, index products"
vec_k8_l8_w16g4,vec,holdout,span,vec.iter,5.770000e+02,5.860000e+02,9.000000e+00,1.560000e+00,,1,"the CG core: run-time dimensions, index products"
vec_k8_l8_w16g4,vec,holdout,span,vec.last,5.770000e+02,5.860000e+02,9.000000e+00,1.560000e+00,,1,"the CG core: run-time dimensions, index products"
vec_k8_l16_w8g4,vec,holdout,rtl,bit_exact,1,1,0.000000e+00,0.000000e+00,,1,
vec_k8_l16_w8g4,vec,holdout,total,est_ns,3.352000e+00,3.352000e+00,0.000000e+00,0.000000e+00,,1,
vec_k8_l16_w8g4,vec,holdout,block:CgVec,lut,48160,48527,3.670000e+02,7.620000e-01,,,"the CG core: run-time dimensions, index products"
vec_k8_l16_w8g4,vec,holdout,block:CgVec,ff,24789,24685,-1.040000e+02,-4.200000e-01,,,"the CG core: run-time dimensions, index products"
vec_k8_l16_w8g4,vec,holdout,block:CgVec,dsp,48,49,1.000000e+00,2.083000e+00,49,1,"the CG core: run-time dimensions, index products"
vec_k8_l16_w8g4,vec,holdout,block:CgVec,bram,0,0,0.000000e+00,,0,1,"the CG core: run-time dimensions, index products"
vec_k8_l16_w8g4,vec,holdout,span,vec.init,4.000000e+01,4.800000e+01,8.000000e+00,2.000000e+01,,1,"the CG core: run-time dimensions, index products"
vec_k8_l16_w8g4,vec,holdout,span,vec.iter,2.370000e+02,2.410000e+02,4.000000e+00,1.688000e+00,,1,"the CG core: run-time dimensions, index products"
vec_k8_l16_w8g4,vec,holdout,span,vec.last,2.360000e+02,2.410000e+02,5.000000e+00,2.119000e+00,,1,"the CG core: run-time dimensions, index products"
vec_k8_l16_w14g4,vec,holdout,rtl,bit_exact,1,1,0.000000e+00,0.000000e+00,,1,
vec_k8_l16_w14g4,vec,holdout,total,est_ns,3.352000e+00,3.352000e+00,0.000000e+00,0.000000e+00,,1,
vec_k8_l16_w14g4,vec,holdout,block:CgVec,lut,51562,51753,1.910000e+02,3.700000e-01,,,"the CG core: run-time dimensions, index products"
vec_k8_l16_w14g4,vec,holdout,block:CgVec,ff,37472,37160,-3.120000e+02,-8.330000e-01,,,"the CG core: run-time dimensions, index products"
vec_k8_l16_w14g4,vec,holdout,block:CgVec,dsp,192,193,1.000000e+00,5.210000e-01,193,1,"the CG core: run-time dimensions, index products"
vec_k8_l16_w14g4,vec,holdout,block:CgVec,bram,0,0,0.000000e+00,,0,1,"the CG core: run-time dimensions, index products"
vec_k8_l16_w14g4,vec,holdout,span,vec.init,4.200000e+01,5.200000e+01,1.000000e+01,2.381000e+01,,1,"the CG core: run-time dimensions, index products"
vec_k8_l16_w14g4,vec,holdout,span,vec.iter,2.970000e+02,3.020000e+02,5.000000e+00,1.684000e+00,,1,"the CG core: run-time dimensions, index products"
vec_k8_l16_w14g4,vec,holdout,span,vec.last,2.970000e+02,3.020000e+02,5.000000e+00,1.684000e+00,,1,"the CG core: run-time dimensions, index products"
mm_k4_r2_c32_m4_w8_l1,mm,holdout,rtl,bit_exact,1,1,0.000000e+00,0.000000e+00,,1,
mm_k4_r2_c32_m4_w8_l1,mm,holdout,total,est_ns,3.352000e+00,3.352000e+00,0.000000e+00,0.000000e+00,,1,
mm_k4_r2_c32_m4_w8_l1,mm,holdout,block:CgMm,lut,17195,20490,3.295000e+03,1.916300e+01,,,"the systolic core: run-time dimensions, the A^H path, A's build-up moved into the core, the conjugated operand one bit wider, index products"
mm_k4_r2_c32_m4_w8_l1,mm,holdout,block:CgMm,ff,9302,9991,6.890000e+02,7.407000e+00,,,"the systolic core: run-time dimensions, the A^H path, A's build-up moved into the core, the conjugated operand one bit wider, index products"
mm_k4_r2_c32_m4_w8_l1,mm,holdout,block:CgMm,dsp,128,130,2.000000e+00,1.562000e+00,130,1,"the systolic core: run-time dimensions, the A^H path, A's build-up moved into the core, the conjugated operand one bit wider, index products"
mm_k4_r2_c32_m4_w8_l1,mm,holdout,block:CgMm,bram,0,0,0.000000e+00,,0,1,"the systolic core: run-time dimensions, the A^H path, A's build-up moved into the core, the conjugated operand one bit wider, index products"
mm_k4_r2_c32_m4_w8_l1,mm,holdout,span,mm.iter,3.520000e+02,3.600000e+02,8.000000e+00,2.273000e+00,,1,"the systolic core: run-time dimensions, the A^H path, A's build-up moved into the core, the conjugated operand one bit wider, index products"
mm_k4_r4_c16_m3_w8_l1,mm,holdout,rtl,bit_exact,1,1,0.000000e+00,0.000000e+00,,1,
mm_k4_r4_c16_m3_w8_l1,mm,holdout,total,est_ns,3.392000e+00,3.392000e+00,0.000000e+00,0.000000e+00,,1,
mm_k4_r4_c16_m3_w8_l1,mm,holdout,block:CgMm,lut,10340,13981,3.641000e+03,3.521300e+01,,,"the systolic core: run-time dimensions, the A^H path, A's build-up moved into the core, the conjugated operand one bit wider, index products"
mm_k4_r4_c16_m3_w8_l1,mm,holdout,block:CgMm,ff,6964,8793,1.829000e+03,2.626400e+01,,,"the systolic core: run-time dimensions, the A^H path, A's build-up moved into the core, the conjugated operand one bit wider, index products"
mm_k4_r4_c16_m3_w8_l1,mm,holdout,block:CgMm,dsp,192,194,2.000000e+00,1.042000e+00,194,1,"the systolic core: run-time dimensions, the A^H path, A's build-up moved into the core, the conjugated operand one bit wider, index products"
mm_k4_r4_c16_m3_w8_l1,mm,holdout,block:CgMm,bram,0,0,0.000000e+00,,0,1,"the systolic core: run-time dimensions, the A^H path, A's build-up moved into the core, the conjugated operand one bit wider, index products"
mm_k4_r4_c16_m3_w8_l1,mm,holdout,span,mm.iter,3.280000e+02,3.340000e+02,6.000000e+00,1.829000e+00,,1,"the systolic core: run-time dimensions, the A^H path, A's build-up moved into the core, the conjugated operand one bit wider, index products"
mm_k4_r1_c32_m4_w14_l2,mm,holdout,rtl,bit_exact,1,1,0.000000e+00,0.000000e+00,,1,
mm_k4_r1_c32_m4_w14_l2,mm,holdout,total,est_ns,3.352000e+00,3.352000e+00,0.000000e+00,0.000000e+00,,1,
mm_k4_r1_c32_m4_w14_l2,mm,holdout,block:CgMm,lut,9991,13118,3.127000e+03,3.129800e+01,,,"the systolic core: run-time dimensions, the A^H path, A's build-up moved into the core, the conjugated operand one bit wider, index products"
mm_k4_r1_c32_m4_w14_l2,mm,holdout,block:CgMm,ff,8322,9813,1.491000e+03,1.791600e+01,,,"the systolic core: run-time dimensions, the A^H path, A's build-up moved into the core, the conjugated operand one bit wider, index products"
mm_k4_r1_c32_m4_w14_l2,mm,holdout,block:CgMm,dsp,128,130,2.000000e+00,1.562000e+00,130,1,"the systolic core: run-time dimensions, the A^H path, A's build-up moved into the core, the conjugated operand one bit wider, index products"
mm_k4_r1_c32_m4_w14_l2,mm,holdout,block:CgMm,bram,0,0,0.000000e+00,,0,1,"the systolic core: run-time dimensions, the A^H path, A's build-up moved into the core, the conjugated operand one bit wider, index products"
mm_k4_r1_c32_m4_w14_l2,mm,holdout,span,mm.iter,3.040000e+02,3.220000e+02,1.800000e+01,5.921000e+00,,1,"the systolic core: run-time dimensions, the A^H path, A's build-up moved into the core, the conjugated operand one bit wider, index products"
mm_k4_r4_c32_m3_w10_l2,mm,holdout,rtl,bit_exact,1,1,0.000000e+00,0.000000e+00,,1,
mm_k4_r4_c32_m3_w10_l2,mm,holdout,total,est_ns,3.392000e+00,3.392000e+00,0.000000e+00,0.000000e+00,,1,
mm_k4_r4_c32_m3_w10_l2,mm,holdout,block:CgMm,lut,20670,27682,7.012000e+03,3.392400e+01,,,"the systolic core: run-time dimensions, the A^H path, A's build-up moved into the core, the conjugated operand one bit wider, index products"
mm_k4_r4_c32_m3_w10_l2,mm,holdout,block:CgMm,ff,16267,20135,3.868000e+03,2.377800e+01,,,"the systolic core: run-time dimensions, the A^H path, A's build-up moved into the core, the conjugated operand one bit wider, index products"
mm_k4_r4_c32_m3_w10_l2,mm,holdout,block:CgMm,dsp,384,386,2.000000e+00,5.210000e-01,386,1,"the systolic core: run-time dimensions, the A^H path, A's build-up moved into the core, the conjugated operand one bit wider, index products"
mm_k4_r4_c32_m3_w10_l2,mm,holdout,block:CgMm,bram,0,0,0.000000e+00,,0,1,"the systolic core: run-time dimensions, the A^H path, A's build-up moved into the core, the conjugated operand one bit wider, index products"
mm_k4_r4_c32_m3_w10_l2,mm,holdout,span,mm.iter,1.790000e+02,1.900000e+02,1.100000e+01,6.145000e+00,,1,"the systolic core: run-time dimensions, the A^H path, A's build-up moved into the core, the conjugated operand one bit wider, index products"
mm_k4_r2_c4_m3_w14_l4,mm,holdout,rtl,bit_exact,1,1,0.000000e+00,0.000000e+00,,1,
mm_k4_r2_c4_m3_w14_l4,mm,holdout,total,est_ns,3.392000e+00,3.392000e+00,0.000000e+00,0.000000e+00,,1,
mm_k4_r2_c4_m3_w14_l4,mm,holdout,block:CgMm,lut,4017,6227,2.210000e+03,5.501600e+01,,,"the systolic core: run-time dimensions, the A^H path, A's build-up moved into the core, the conjugated operand one bit wider, index products"
mm_k4_r2_c4_m3_w14_l4,mm,holdout,block:CgMm,ff,2387,3208,8.210000e+02,3.439500e+01,,,"the systolic core: run-time dimensions, the A^H path, A's build-up moved into the core, the conjugated operand one bit wider, index products"
mm_k4_r2_c4_m3_w14_l4,mm,holdout,block:CgMm,dsp,24,26,2.000000e+00,8.333000e+00,26,1,"the systolic core: run-time dimensions, the A^H path, A's build-up moved into the core, the conjugated operand one bit wider, index products"
mm_k4_r2_c4_m3_w14_l4,mm,holdout,block:CgMm,bram,0,0,0.000000e+00,,0,1,"the systolic core: run-time dimensions, the A^H path, A's build-up moved into the core, the conjugated operand one bit wider, index products"
mm_k4_r2_c4_m3_w14_l4,mm,holdout,span,mm.iter,3.490000e+02,3.660000e+02,1.700000e+01,4.871000e+00,,1,"the systolic core: run-time dimensions, the A^H path, A's build-up moved into the core, the conjugated operand one bit wider, index products"
mm_k4_r4_c8_m4_w8_l4,mm,holdout,rtl,bit_exact,1,1,0.000000e+00,0.000000e+00,,1,
mm_k4_r4_c8_m4_w8_l4,mm,holdout,total,est_ns,3.352000e+00,3.352000e+00,0.000000e+00,0.000000e+00,,1,
mm_k4_r4_c8_m4_w8_l4,mm,holdout,block:CgMm,lut,9518,11883,2.365000e+03,2.484800e+01,,,"the systolic core: run-time dimensions, the A^H path, A's build-up moved into the core, the conjugated operand one bit wider, index products"
mm_k4_r4_c8_m4_w8_l4,mm,holdout,block:CgMm,ff,4904,5683,7.790000e+02,1.588500e+01,,,"the systolic core: run-time dimensions, the A^H path, A's build-up moved into the core, the conjugated operand one bit wider, index products"
mm_k4_r4_c8_m4_w8_l4,mm,holdout,block:CgMm,dsp,64,66,2.000000e+00,3.125000e+00,66,1,"the systolic core: run-time dimensions, the A^H path, A's build-up moved into the core, the conjugated operand one bit wider, index products"
mm_k4_r4_c8_m4_w8_l4,mm,holdout,block:CgMm,bram,0,0,0.000000e+00,,0,1,"the systolic core: run-time dimensions, the A^H path, A's build-up moved into the core, the conjugated operand one bit wider, index products"
mm_k4_r4_c8_m4_w8_l4,mm,holdout,span,mm.iter,1.600000e+02,1.680000e+02,8.000000e+00,5.000000e+00,,1,"the systolic core: run-time dimensions, the A^H path, A's build-up moved into the core, the conjugated operand one bit wider, index products"
mm_k8_r1_c4_m4_w10_l2,mm,holdout,rtl,bit_exact,1,1,0.000000e+00,0.000000e+00,,1,
mm_k8_r1_c4_m4_w10_l2,mm,holdout,total,est_ns,3.352000e+00,3.352000e+00,0.000000e+00,0.000000e+00,,1,
mm_k8_r1_c4_m4_w10_l2,mm,holdout,block:CgMm,lut,4661,5882,1.221000e+03,2.619600e+01,,,"the systolic core: run-time dimensions, the A^H path, A's build-up moved into the core, the conjugated operand one bit wider, index products"
mm_k8_r1_c4_m4_w10_l2,mm,holdout,block:CgMm,ff,2565,2155,-4.100000e+02,-1.598400e+01,,,"the systolic core: run-time dimensions, the A^H path, A's build-up moved into the core, the conjugated operand one bit wider, index products"
mm_k8_r1_c4_m4_w10_l2,mm,holdout,block:CgMm,dsp,8,14,6.000000e+00,7.500000e+01,14,1,"the systolic core: run-time dimensions, the A^H path, A's build-up moved into the core, the conjugated operand one bit wider, index products"
mm_k8_r1_c4_m4_w10_l2,mm,holdout,block:CgMm,bram,0,0,0.000000e+00,,0,1,"the systolic core: run-time dimensions, the A^H path, A's build-up moved into the core, the conjugated operand one bit wider, index products"
mm_k8_r1_c4_m4_w10_l2,mm,holdout,span,mm.iter,1.433000e+03,1.562000e+03,1.290000e+02,9.002000e+00,,0,"the systolic core: run-time dimensions, the A^H path, A's build-up moved into the core, the conjugated operand one bit wider, index products"
mm_k8_r4_c8_m4_w8_l2,mm,holdout,rtl,bit_exact,1,1,0.000000e+00,0.000000e+00,,1,
mm_k8_r4_c8_m4_w8_l2,mm,holdout,total,est_ns,3.352000e+00,3.352000e+00,0.000000e+00,0.000000e+00,,1,
mm_k8_r4_c8_m4_w8_l2,mm,holdout,block:CgMm,lut,10386,12707,2.321000e+03,2.234700e+01,,,"the systolic core: run-time dimensions, the A^H path, A's build-up moved into the core, the conjugated operand one bit wider, index products"
mm_k8_r4_c8_m4_w8_l2,mm,holdout,block:CgMm,ff,6190,6398,2.080000e+02,3.360000e+00,,,"the systolic core: run-time dimensions, the A^H path, A's build-up moved into the core, the conjugated operand one bit wider, index products"
mm_k8_r4_c8_m4_w8_l2,mm,holdout,block:CgMm,dsp,64,66,2.000000e+00,3.125000e+00,66,1,"the systolic core: run-time dimensions, the A^H path, A's build-up moved into the core, the conjugated operand one bit wider, index products"
mm_k8_r4_c8_m4_w8_l2,mm,holdout,block:CgMm,bram,0,0,0.000000e+00,,0,1,"the systolic core: run-time dimensions, the A^H path, A's build-up moved into the core, the conjugated operand one bit wider, index products"
mm_k8_r4_c8_m4_w8_l2,mm,holdout,span,mm.iter,4.770000e+02,4.940000e+02,1.700000e+01,3.564000e+00,,1,"the systolic core: run-time dimensions, the A^H path, A's build-up moved into the core, the conjugated operand one bit wider, index products"
mm_k8_r1_c8_m3_w14_l4,mm,holdout,rtl,bit_exact,1,1,0.000000e+00,0.000000e+00,,1,
mm_k8_r1_c8_m3_w14_l4,mm,holdout,total,est_ns,3.392000e+00,3.392000e+00,0.000000e+00,0.000000e+00,,1,
mm_k8_r1_c8_m3_w14_l4,mm,holdout,block:CgMm,lut,5944,9465,3.521000e+03,5.923600e+01,,,"the systolic core: run-time dimensions, the A^H path, A's build-up moved into the core, the conjugated operand one bit wider, index products"
mm_k8_r1_c8_m3_w14_l4,mm,holdout,block:CgMm,ff,4044,3833,-2.110000e+02,-5.218000e+00,,,"the systolic core: run-time dimensions, the A^H path, A's build-up moved into the core, the conjugated operand one bit wider, index products"
mm_k8_r1_c8_m3_w14_l4,mm,holdout,block:CgMm,dsp,24,26,2.000000e+00,8.333000e+00,26,1,"the systolic core: run-time dimensions, the A^H path, A's build-up moved into the core, the conjugated operand one bit wider, index products"
mm_k8_r1_c8_m3_w14_l4,mm,holdout,block:CgMm,bram,0,0,0.000000e+00,,0,1,"the systolic core: run-time dimensions, the A^H path, A's build-up moved into the core, the conjugated operand one bit wider, index products"
mm_k8_r1_c8_m3_w14_l4,mm,holdout,span,mm.iter,9.210000e+02,9.540000e+02,3.300000e+01,3.583000e+00,,1,"the systolic core: run-time dimensions, the A^H path, A's build-up moved into the core, the conjugated operand one bit wider, index products"
mm_k16_r4_c32_m3_w8_l2,mm,holdout,rtl,bit_exact,1,1,0.000000e+00,0.000000e+00,,1,
mm_k16_r4_c32_m3_w8_l2,mm,holdout,total,est_ns,3.392000e+00,3.392000e+00,0.000000e+00,0.000000e+00,,1,
mm_k16_r4_c32_m3_w8_l2,mm,holdout,block:CgMm,lut,26569,29714,3.145000e+03,1.183700e+01,,,"the systolic core: run-time dimensions, the A^H path, A's build-up moved into the core, the conjugated operand one bit wider, index products"
mm_k16_r4_c32_m3_w8_l2,mm,holdout,block:CgMm,ff,18078,17548,-5.300000e+02,-2.932000e+00,,,"the systolic core: run-time dimensions, the A^H path, A's build-up moved into the core, the conjugated operand one bit wider, index products"
mm_k16_r4_c32_m3_w8_l2,mm,holdout,block:CgMm,dsp,384,386,2.000000e+00,5.210000e-01,386,1,"the systolic core: run-time dimensions, the A^H path, A's build-up moved into the core, the conjugated operand one bit wider, index products"
mm_k16_r4_c32_m3_w8_l2,mm,holdout,block:CgMm,bram,0,0,0.000000e+00,,0,1,"the systolic core: run-time dimensions, the A^H path, A's build-up moved into the core, the conjugated operand one bit wider, index products"
mm_k16_r4_c32_m3_w8_l2,mm,holdout,span,mm.iter,7.600000e+02,7.780000e+02,1.800000e+01,2.368000e+00,,1,"the systolic core: run-time dimensions, the A^H path, A's build-up moved into the core, the conjugated operand one bit wider, index products"
mm_k16_r4_c16_m3_w12_l4,mm,holdout,rtl,bit_exact,1,1,0.000000e+00,0.000000e+00,,1,
mm_k16_r4_c16_m3_w12_l4,mm,holdout,total,est_ns,3.392000e+00,3.392000e+00,0.000000e+00,0.000000e+00,,1,
mm_k16_r4_c16_m3_w12_l4,mm,holdout,block:CgMm,lut,19447,23858,4.411000e+03,2.268200e+01,,,"the systolic core: run-time dimensions, the A^H path, A's build-up moved into the core, the conjugated operand one bit wider, index products"
mm_k16_r4_c16_m3_w12_l4,mm,holdout,block:CgMm,ff,17507,14593,-2.914000e+03,-1.664500e+01,,,"the systolic core: run-time dimensions, the A^H path, A's build-up moved into the core, the conjugated operand one bit wider, index products"
mm_k16_r4_c16_m3_w12_l4,mm,holdout,block:CgMm,dsp,192,194,2.000000e+00,1.042000e+00,194,1,"the systolic core: run-time dimensions, the A^H path, A's build-up moved into the core, the conjugated operand one bit wider, index products"
mm_k16_r4_c16_m3_w12_l4,mm,holdout,block:CgMm,bram,0,0,0.000000e+00,,0,1,"the systolic core: run-time dimensions, the A^H path, A's build-up moved into the core, the conjugated operand one bit wider, index products"
mm_k16_r4_c16_m3_w12_l4,mm,holdout,span,mm.iter,6.250000e+02,6.420000e+02,1.700000e+01,2.720000e+00,,1,"the systolic core: run-time dimensions, the A^H path, A's build-up moved into the core, the conjugated operand one bit wider, index products"
mm_k16_r4_c16_m3_w16_l8,mm,holdout,rtl,bit_exact,1,1,0.000000e+00,0.000000e+00,,1,
mm_k16_r4_c16_m3_w16_l8,mm,holdout,total,est_ns,3.392000e+00,3.392000e+00,0.000000e+00,0.000000e+00,,1,
mm_k16_r4_c16_m3_w16_l8,mm,holdout,block:CgMm,lut,23608,34575,1.096700e+04,4.645500e+01,,,"the systolic core: run-time dimensions, the A^H path, A's build-up moved into the core, the conjugated operand one bit wider, index products"
mm_k16_r4_c16_m3_w16_l8,mm,holdout,block:CgMm,ff,21958,20570,-1.388000e+03,-6.321000e+00,,,"the systolic core: run-time dimensions, the A^H path, A's build-up moved into the core, the conjugated operand one bit wider, index products"
mm_k16_r4_c16_m3_w16_l8,mm,holdout,block:CgMm,dsp,192,194,2.000000e+00,1.042000e+00,194,1,"the systolic core: run-time dimensions, the A^H path, A's build-up moved into the core, the conjugated operand one bit wider, index products"
mm_k16_r4_c16_m3_w16_l8,mm,holdout,block:CgMm,bram,0,0,0.000000e+00,,0,1,"the systolic core: run-time dimensions, the A^H path, A's build-up moved into the core, the conjugated operand one bit wider, index products"
mm_k16_r4_c16_m3_w16_l8,mm,holdout,span,mm.iter,4.970000e+02,5.140000e+02,1.700000e+01,3.421000e+00,,1,"the systolic core: run-time dimensions, the A^H path, A's build-up moved into the core, the conjugated operand one bit wider, index products"
det_k4_l1_r4_c8_m4_w16g4_d64_s2_q2,det,holdout,rtl,bit_exact,1,1,0.000000e+00,0.000000e+00,,1,
det_k4_l1_r4_c8_m4_w16g4_d64_s2_q2,det,holdout,total,est_ns,3.352000e+00,3.352000e+00,0.000000e+00,0.000000e+00,,1,
det_k4_l1_r4_c8_m4_w16g4_d64_s2_q2,det,holdout,total,lut,23677,21121,-2.556000e+03,-1.079500e+01,,1,
det_k4_l1_r4_c8_m4_w16g4_d64_s2_q2,det,holdout,total,ff,18334,19165,8.310000e+02,4.533000e+00,,1,
det_k4_l1_r4_c8_m4_w16g4_d64_s2_q2,det,holdout,total,dsp,140,143,3.000000e+00,2.143000e+00,143,1,
det_k4_l1_r4_c8_m4_w16g4_d64_s2_q2,det,holdout,total,bram,28,24,-4.000000e+00,-1.428600e+01,24,1,
det_k4_l1_r4_c8_m4_w16g4_d64_s2_q2,det,holdout,module:CgCtrl,lut,244,47,-1.970000e+02,-8.073800e+01,,,one command per core per job
det_k4_l1_r4_c8_m4_w16g4_d64_s2_q2,det,holdout,module:CgCtrl,ff,50,2,-4.800000e+01,-9.600000e+01,,,one command per core per job
det_k4_l1_r4_c8_m4_w16g4_d64_s2_q2,det,holdout,module:CgLoad,lut,5275,355,-4.920000e+03,-9.327000e+01,,,A in L-lane groups instead of K-lane rows; Waveflow's wf_load_matrix
det_k4_l1_r4_c8_m4_w16g4_d64_s2_q2,det,holdout,module:CgLoad,ff,236,38,-1.980000e+02,-8.389800e+01,,,A in L-lane groups instead of K-lane rows; Waveflow's wf_load_matrix
det_k4_l1_r4_c8_m4_w16g4_d64_s2_q2,det,holdout,memory:a_blk_U,lut,0,16,1.600000e+01,,,,the A store's shape (L-lane groups instead of K-lane rows)
det_k4_l1_r4_c8_m4_w16g4_d64_s2_q2,det,holdout,memory:a_blk_U,ff,0,128,1.280000e+02,,,,the A store's shape (L-lane groups instead of K-lane rows)
det_k4_l1_r4_c8_m4_w16g4_d64_s2_q2,det,holdout,memory:a_blk_U,bram,4,0,-4.000000e+00,-1.000000e+02,,,the A store's shape (L-lane groups instead of K-lane rows)
det_k4_l1_r4_c8_m4_w16g4_d64_s2_q2,det,holdout,module:mm,lut,7615,9251,1.636000e+03,2.148400e+01,,,not expected to change; investigated and logged in the plan's §15
det_k4_l1_r4_c8_m4_w16g4_d64_s2_q2,det,holdout,module:mm,ff,9606,10045,4.390000e+02,4.570000e+00,,,not expected to change; investigated and logged in the plan's §15
det_k4_l1_r4_c8_m4_w16g4_d64_s2_q2,det,holdout,module:mm,dsp,128,130,2.000000e+00,1.562000e+00,,,not expected to change; investigated and logged in the plan's §15
det_k4_l1_r4_c8_m4_w16g4_d64_s2_q2,det,holdout,module:vec,lut,5135,6044,9.090000e+02,1.770200e+01,,,not expected to change; investigated and logged in the plan's §15
det_k4_l1_r4_c8_m4_w16g4_d64_s2_q2,det,holdout,module:vec,ff,3014,3524,5.100000e+02,1.692100e+01,,,not expected to change; investigated and logged in the plan's §15
det_k4_l1_r4_c8_m4_w16g4_d64_s2_q2,det,holdout,module:vec,dsp,12,13,1.000000e+00,8.333000e+00,,,not expected to change; investigated and logged in the plan's §15
det_k4_l1_r4_c8_m4_w16g4_d64_s2_q2,det,holdout,cycles,t_iter,4.113000e+03,4.190000e+03,7.700000e+01,1.872000e+00,,1,the cores' per-iteration loops (the spans mm.iter and vec.iter)
det_k4_l1_r4_c8_m4_w16g4_d64_s2_q2,det,holdout,cycles,t0,2.660000e+02,4.550000e+02,1.890000e+02,7.105300e+01,,0,the per-job work of the cores: the CG core's start and the systolic core's A load
det_k4_l1_r4_c8_m4_w16g4_d64_s2_q2,det,holdout,cycles:job1,interval_nit2,8.492000e+03,8.835000e+03,3.430000e+02,4.039000e+00,,1,the per-job work of the cores: the CG core's start and the systolic core's A load; the cores' per-iteration loops (the spans mm.iter and vec.iter)
det_k4_l1_r4_c8_m4_w16g4_d64_s2_q2,det,holdout,cycles:job2,interval_nit3,1.260500e+04,1.302500e+04,4.200000e+02,3.332000e+00,,1,the per-job work of the cores: the CG core's start and the systolic core's A load; the cores' per-iteration loops (the spans mm.iter and vec.iter)
det_k4_l1_r4_c8_m4_w16g4_d64_s2_q2,det,holdout,cycles:job3,interval_nit4,1.671800e+04,1.721500e+04,4.970000e+02,2.973000e+00,,1,the per-job work of the cores: the CG core's start and the systolic core's A load; the cores' per-iteration loops (the spans mm.iter and vec.iter)
det_k4_l1_r4_c8_m4_w16g4_d64_s2_q2,det,holdout,cycles:job4,interval_nit1,4.379000e+03,4.645000e+03,2.660000e+02,6.074000e+00,,1,the per-job work of the cores: the CG core's start and the systolic core's A load; the cores' per-iteration loops (the spans mm.iter and vec.iter)
det_k4_l1_r4_c8_m4_w16g4_d64_s2_q2,det,holdout,cycles:job5,interval_nit2,8.492000e+03,8.835000e+03,3.430000e+02,4.039000e+00,,1,the per-job work of the cores: the CG core's start and the systolic core's A load; the cores' per-iteration loops (the spans mm.iter and vec.iter)
det_k4_l1_r4_c8_m4_w16g4_d64_s2_q2,det,holdout,span,mm.iter,3.520000e+02,3.640000e+02,1.200000e+01,3.409000e+00,,1,"the systolic core: run-time dimensions, the A^H path, A's build-up moved into the core, the conjugated operand one bit wider, index products"
det_k4_l1_r4_c8_m4_w16g4_d64_s2_q2,det,holdout,span,vec.init,2.650000e+02,4.540000e+02,1.890000e+02,7.132100e+01,,0,"the CG core: run-time dimensions, index products"
det_k4_l1_r4_c8_m4_w16g4_d64_s2_q2,det,holdout,span,vec.iter,3.761000e+03,3.826000e+03,6.500000e+01,1.728000e+00,,1,"the CG core: run-time dimensions, index products"
det_k4_l1_r4_c8_m4_w16g4_d64_s2_q2,det,holdout,span,vec.last,3.761000e+03,3.826000e+03,6.500000e+01,1.728000e+00,,1,"the CG core: run-time dimensions, index products"
det_k4_l1_r4_c16_m4_w12g4_d32_s2_q4,det,holdout,rtl,bit_exact,1,1,0.000000e+00,0.000000e+00,,1,
det_k4_l1_r4_c16_m4_w12g4_d32_s2_q4,det,holdout,total,est_ns,3.352000e+00,3.352000e+00,0.000000e+00,0.000000e+00,,1,
det_k4_l1_r4_c16_m4_w12g4_d32_s2_q4,det,holdout,total,lut,24371,25427,1.056000e+03,4.333000e+00,,1,
det_k4_l1_r4_c16_m4_w12g4_d32_s2_q4,det,holdout,total,ff,21147,22152,1.005000e+03,4.752000e+00,,1,
det_k4_l1_r4_c16_m4_w12g4_d32_s2_q4,det,holdout,total,dsp,268,271,3.000000e+00,1.119000e+00,271,1,
det_k4_l1_r4_c16_m4_w12g4_d32_s2_q4,det,holdout,total,bram,14,14,0.000000e+00,0.000000e+00,14,1,
det_k4_l1_r4_c16_m4_w12g4_d32_s2_q4,det,holdout,module:CgCtrl,lut,326,83,-2.430000e+02,-7.454000e+01,,,one command per core per job
det_k4_l1_r4_c16_m4_w12g4_d32_s2_q4,det,holdout,module:CgCtrl,ff,89,102,1.300000e+01,1.460700e+01,,,one command per core per job
det_k4_l1_r4_c16_m4_w12g4_d32_s2_q4,det,holdout,module:CgLoad,lut,2288,545,-1.743000e+03,-7.618000e+01,,,A in L-lane groups instead of K-lane rows; Waveflow's wf_load_matrix
det_k4_l1_r4_c16_m4_w12g4_d32_s2_q4,det,holdout,module:CgLoad,ff,282,182,-1.000000e+02,-3.546100e+01,,,A in L-lane groups instead of K-lane rows; Waveflow's wf_load_matrix
det_k4_l1_r4_c16_m4_w12g4_d32_s2_q4,det,holdout,memory:a_blk_U,ff,96,24,-7.200000e+01,-7.500000e+01,,,the A store's shape (L-lane groups instead of K-lane rows)
det_k4_l1_r4_c16_m4_w12g4_d32_s2_q4,det,holdout,module:mm,lut,12204,14314,2.110000e+03,1.728900e+01,,,not expected to change; investigated and logged in the plan's §15
det_k4_l1_r4_c16_m4_w12g4_d32_s2_q4,det,holdout,module:mm,ff,13641,14192,5.510000e+02,4.039000e+00,,,not expected to change; investigated and logged in the plan's §15
det_k4_l1_r4_c16_m4_w12g4_d32_s2_q4,det,holdout,module:mm,dsp,256,258,2.000000e+00,7.810000e-01,,,not expected to change; investigated and logged in the plan's §15
det_k4_l1_r4_c16_m4_w12g4_d32_s2_q4,det,holdout,module:vec,lut,4621,5553,9.320000e+02,2.016900e+01,,,not expected to change; investigated and logged in the plan's §15
det_k4_l1_r4_c16_m4_w12g4_d32_s2_q4,det,holdout,module:vec,ff,2538,3151,6.130000e+02,2.415300e+01,,,not expected to change; investigated and logged in the plan's §15
det_k4_l1_r4_c16_m4_w12g4_d32_s2_q4,det,holdout,module:vec,dsp,12,13,1.000000e+00,8.333000e+00,,,not expected to change; investigated and logged in the plan's §15
det_k4_l1_r4_c16_m4_w12g4_d32_s2_q4,det,holdout,cycles,t_iter,3.694000e+03,3.765000e+03,7.100000e+01,1.922000e+00,,1,the cores' per-iteration loops (the spans mm.iter and vec.iter)
det_k4_l1_r4_c16_m4_w12g4_d32_s2_q4,det,holdout,cycles,t0,2.720000e+02,4.870000e+02,2.150000e+02,7.904400e+01,,0,the per-job work of the cores: the CG core's start and the systolic core's A load
det_k4_l1_r4_c16_m4_w12g4_d32_s2_q4,det,holdout,cycles:job1,interval_nit2,7.660000e+03,8.017000e+03,3.570000e+02,4.661000e+00,,1,the per-job work of the cores: the CG core's start and the systolic core's A load; the cores' per-iteration loops (the spans mm.iter and vec.iter)
det_k4_l1_r4_c16_m4_w12g4_d32_s2_q4,det,holdout,cycles:job2,interval_nit3,1.135400e+04,1.178200e+04,4.280000e+02,3.770000e+00,,1,the per-job work of the cores: the CG core's start and the systolic core's A load; the cores' per-iteration loops (the spans mm.iter and vec.iter)
det_k4_l1_r4_c16_m4_w12g4_d32_s2_q4,det,holdout,cycles:job3,interval_nit4,1.504800e+04,1.554700e+04,4.990000e+02,3.316000e+00,,1,the per-job work of the cores: the CG core's start and the systolic core's A load; the cores' per-iteration loops (the spans mm.iter and vec.iter)
det_k4_l1_r4_c16_m4_w12g4_d32_s2_q4,det,holdout,cycles:job4,interval_nit1,3.966000e+03,4.252000e+03,2.860000e+02,7.211000e+00,,1,the per-job work of the cores: the CG core's start and the systolic core's A load; the cores' per-iteration loops (the spans mm.iter and vec.iter)
det_k4_l1_r4_c16_m4_w12g4_d32_s2_q4,det,holdout,cycles:job5,interval_nit2,7.660000e+03,8.017000e+03,3.570000e+02,4.661000e+00,,1,the per-job work of the cores: the CG core's start and the systolic core's A load; the cores' per-iteration loops (the spans mm.iter and vec.iter)
det_k4_l1_r4_c16_m4_w12g4_d32_s2_q4,det,holdout,span,mm.iter,3.240000e+02,3.300000e+02,6.000000e+00,1.852000e+00,,1,"the systolic core: run-time dimensions, the A^H path, A's build-up moved into the core, the conjugated operand one bit wider, index products"
det_k4_l1_r4_c16_m4_w12g4_d32_s2_q4,det,holdout,span,vec.init,2.660000e+02,4.860000e+02,2.200000e+02,8.270700e+01,,0,"the CG core: run-time dimensions, index products"
det_k4_l1_r4_c16_m4_w12g4_d32_s2_q4,det,holdout,span,vec.iter,3.370000e+03,3.435000e+03,6.500000e+01,1.929000e+00,,1,"the CG core: run-time dimensions, index products"
det_k4_l1_r4_c16_m4_w12g4_d32_s2_q4,det,holdout,span,vec.last,3.370000e+03,3.435000e+03,6.500000e+01,1.929000e+00,,1,"the CG core: run-time dimensions, index products"
det_k4_l2_r2_c8_m4_w12g0_d32_s4_q4,det,holdout,rtl,bit_exact,1,1,0.000000e+00,0.000000e+00,,1,
det_k4_l2_r2_c8_m4_w12g0_d32_s4_q4,det,holdout,total,est_ns,3.352000e+00,3.352000e+00,0.000000e+00,0.000000e+00,,1,
det_k4_l2_r2_c8_m4_w12g0_d32_s4_q4,det,holdout,total,lut,19887,22157,2.270000e+03,1.141400e+01,,1,
det_k4_l2_r2_c8_m4_w12g0_d32_s4_q4,det,holdout,total,ff,13368,14850,1.482000e+03,1.108600e+01,,1,
det_k4_l2_r2_c8_m4_w12g0_d32_s4_q4,det,holdout,total,dsp,88,91,3.000000e+00,3.409000e+00,91,1,
det_k4_l2_r2_c8_m4_w12g0_d32_s4_q4,det,holdout,total,bram,15,14,-1.000000e+00,-6.667000e+00,14,1,
det_k4_l2_r2_c8_m4_w12g0_d32_s4_q4,det,holdout,module:CgCtrl,lut,326,83,-2.430000e+02,-7.454000e+01,,,one command per core per job
det_k4_l2_r2_c8_m4_w12g0_d32_s4_q4,det,holdout,module:CgCtrl,ff,89,102,1.300000e+01,1.460700e+01,,,one command per core per job
det_k4_l2_r2_c8_m4_w12g0_d32_s4_q4,det,holdout,module:CgLoad,lut,2624,1878,-7.460000e+02,-2.843000e+01,,,A in L-lane groups instead of K-lane rows; Waveflow's wf_load_matrix
det_k4_l2_r2_c8_m4_w12g0_d32_s4_q4,det,holdout,module:CgLoad,ff,329,715,3.860000e+02,1.173250e+02,,,A in L-lane groups instead of K-lane rows; Waveflow's wf_load_matrix
det_k4_l2_r2_c8_m4_w12g0_d32_s4_q4,det,holdout,module:CgStore,lut,321,591,2.700000e+02,8.411200e+01,,,Waveflow's wf_store_matrix
det_k4_l2_r2_c8_m4_w12g0_d32_s4_q4,det,holdout,module:CgStore,ff,150,239,8.900000e+01,5.933300e+01,,,Waveflow's wf_store_matrix
det_k4_l2_r2_c8_m4_w12g0_d32_s4_q4,det,holdout,memory:a_blk_U,bram,3,2,-1.000000e+00,-3.333300e+01,,,the A store's shape (L-lane groups instead of K-lane rows)
det_k4_l2_r2_c8_m4_w12g0_d32_s4_q4,det,holdout,module:mm,lut,5046,7160,2.114000e+03,4.189500e+01,,,not expected to change; investigated and logged in the plan's §15
det_k4_l2_r2_c8_m4_w12g0_d32_s4_q4,det,holdout,module:mm,ff,4197,4620,4.230000e+02,1.007900e+01,,,not expected to change; investigated and logged in the plan's §15
det_k4_l2_r2_c8_m4_w12g0_d32_s4_q4,det,holdout,module:mm,dsp,64,66,2.000000e+00,3.125000e+00,,,not expected to change; investigated and logged in the plan's §15
det_k4_l2_r2_c8_m4_w12g0_d32_s4_q4,det,holdout,module:vec,lut,6949,7824,8.750000e+02,1.259200e+01,,,not expected to change; investigated and logged in the plan's §15
det_k4_l2_r2_c8_m4_w12g0_d32_s4_q4,det,holdout,module:vec,ff,4224,4795,5.710000e+02,1.351800e+01,,,not expected to change; investigated and logged in the plan's §15
det_k4_l2_r2_c8_m4_w12g0_d32_s4_q4,det,holdout,module:vec,dsp,24,25,1.000000e+00,4.167000e+00,,,not expected to change; investigated and logged in the plan's §15
det_k4_l2_r2_c8_m4_w12g0_d32_s4_q4,det,holdout,cycles,t_iter,1.727000e+03,1.769000e+03,4.200000e+01,2.432000e+00,,1,the cores' per-iteration loops (the spans mm.iter and vec.iter)
det_k4_l2_r2_c8_m4_w12g0_d32_s4_q4,det,holdout,cycles,t0,1.440000e+02,2.470000e+02,1.030000e+02,7.152800e+01,,0,the per-job work of the cores: the CG core's start and the systolic core's A load
det_k4_l2_r2_c8_m4_w12g0_d32_s4_q4,det,holdout,cycles:job1,interval_nit2,3.598000e+03,3.785000e+03,1.870000e+02,5.197000e+00,,1,the per-job work of the cores: the CG core's start and the systolic core's A load; the cores' per-iteration loops (the spans mm.iter and vec.iter)
det_k4_l2_r2_c8_m4_w12g0_d32_s4_q4,det,holdout,cycles:job2,interval_nit3,5.325000e+03,5.554000e+03,2.290000e+02,4.300000e+00,,1,the per-job work of the cores: the CG core's start and the systolic core's A load; the cores' per-iteration loops (the spans mm.iter and vec.iter)
det_k4_l2_r2_c8_m4_w12g0_d32_s4_q4,det,holdout,cycles:job3,interval_nit4,7.052000e+03,7.323000e+03,2.710000e+02,3.843000e+00,,1,the per-job work of the cores: the CG core's start and the systolic core's A load; the cores' per-iteration loops (the spans mm.iter and vec.iter)
det_k4_l2_r2_c8_m4_w12g0_d32_s4_q4,det,holdout,cycles:job4,interval_nit1,1.871000e+03,2.016000e+03,1.450000e+02,7.750000e+00,,1,the per-job work of the cores: the CG core's start and the systolic core's A load; the cores' per-iteration loops (the spans mm.iter and vec.iter)
det_k4_l2_r2_c8_m4_w12g0_d32_s4_q4,det,holdout,cycles:job5,interval_nit2,3.598000e+03,3.785000e+03,1.870000e+02,5.197000e+00,,1,the per-job work of the cores: the CG core's start and the systolic core's A load; the cores' per-iteration loops (the spans mm.iter and vec.iter)
det_k4_l2_r2_c8_m4_w12g0_d32_s4_q4,det,holdout,span,mm.iter,3.010000e+02,3.100000e+02,9.000000e+00,2.990000e+00,,1,"the systolic core: run-time dimensions, the A^H path, A's build-up moved into the core, the conjugated operand one bit wider, index products"
det_k4_l2_r2_c8_m4_w12g0_d32_s4_q4,det,holdout,span,vec.init,1.380000e+02,2.460000e+02,1.080000e+02,7.826100e+01,,0,"the CG core: run-time dimensions, index products"
det_k4_l2_r2_c8_m4_w12g0_d32_s4_q4,det,holdout,span,vec.iter,1.426000e+03,1.459000e+03,3.300000e+01,2.314000e+00,,1,"the CG core: run-time dimensions, index products"
det_k4_l2_r2_c8_m4_w12g0_d32_s4_q4,det,holdout,span,vec.last,1.426000e+03,1.459000e+03,3.300000e+01,2.314000e+00,,1,"the CG core: run-time dimensions, index products"
det_k4_l2_r4_c8_m3_w8g8_d32_s3_q4,det,holdout,rtl,bit_exact,1,1,0.000000e+00,0.000000e+00,,1,
det_k4_l2_r4_c8_m3_w8g8_d32_s3_q4,det,holdout,total,est_ns,3.392000e+00,3.392000e+00,0.000000e+00,0.000000e+00,,1,
det_k4_l2_r4_c8_m3_w8g8_d32_s3_q4,det,holdout,total,lut,21899,24871,2.972000e+03,1.357100e+01,,1,
det_k4_l2_r4_c8_m3_w8g8_d32_s3_q4,det,holdout,total,ff,13004,15008,2.004000e+03,1.541100e+01,,1,
det_k4_l2_r4_c8_m3_w8g8_d32_s3_q4,det,holdout,total,dsp,102,105,3.000000e+00,2.941000e+00,105,1,
det_k4_l2_r4_c8_m3_w8g8_d32_s3_q4,det,holdout,total,bram,8,8,0.000000e+00,0.000000e+00,8,1,
det_k4_l2_r4_c8_m3_w8g8_d32_s3_q4,det,holdout,module:CgCtrl,lut,326,83,-2.430000e+02,-7.454000e+01,,,one command per core per job
det_k4_l2_r4_c8_m3_w8g8_d32_s3_q4,det,holdout,module:CgCtrl,ff,89,102,1.300000e+01,1.460700e+01,,,one command per core per job
det_k4_l2_r4_c8_m3_w8g8_d32_s3_q4,det,holdout,module:CgLoad,lut,2208,1522,-6.860000e+02,-3.106900e+01,,,A in L-lane groups instead of K-lane rows; Waveflow's wf_load_matrix
det_k4_l2_r4_c8_m3_w8g8_d32_s3_q4,det,holdout,module:CgLoad,ff,278,532,2.540000e+02,9.136700e+01,,,A in L-lane groups instead of K-lane rows; Waveflow's wf_load_matrix
det_k4_l2_r4_c8_m3_w8g8_d32_s3_q4,det,holdout,module:CgStore,lut,491,578,8.700000e+01,1.771900e+01,,,Waveflow's wf_store_matrix
det_k4_l2_r4_c8_m3_w8g8_d32_s3_q4,det,holdout,module:CgStore,ff,142,223,8.100000e+01,5.704200e+01,,,Waveflow's wf_store_matrix
det_k4_l2_r4_c8_m3_w8g8_d32_s3_q4,det,holdout,memory:a_blk_U,ff,64,32,-3.200000e+01,-5.000000e+01,,,the A store's shape (L-lane groups instead of K-lane rows)
det_k4_l2_r4_c8_m3_w8g8_d32_s3_q4,det,holdout,module:mm,lut,6241,9197,2.956000e+03,4.736400e+01,,,not expected to change; investigated and logged in the plan's §15
det_k4_l2_r4_c8_m3_w8g8_d32_s3_q4,det,holdout,module:mm,ff,4016,5189,1.173000e+03,2.920800e+01,,,not expected to change; investigated and logged in the plan's §15
det_k4_l2_r4_c8_m3_w8g8_d32_s3_q4,det,holdout,module:mm,dsp,96,98,2.000000e+00,2.083000e+00,,,not expected to change; investigated and logged in the plan's §15
det_k4_l2_r4_c8_m3_w8g8_d32_s3_q4,det,holdout,module:vec,lut,8000,8858,8.580000e+02,1.072500e+01,,,not expected to change; investigated and logged in the plan's §15
det_k4_l2_r4_c8_m3_w8g8_d32_s3_q4,det,holdout,module:vec,ff,4036,4551,5.150000e+02,1.276000e+01,,,not expected to change; investigated and logged in the plan's §15
det_k4_l2_r4_c8_m3_w8g8_d32_s3_q4,det,holdout,module:vec,dsp,6,7,1.000000e+00,1.666700e+01,,,not expected to change; investigated and logged in the plan's §15
det_k4_l2_r4_c8_m3_w8g8_d32_s3_q4,det,holdout,cycles,t_iter,1.890000e+03,1.935000e+03,4.500000e+01,2.381000e+00,,1,the cores' per-iteration loops (the spans mm.iter and vec.iter)
det_k4_l2_r4_c8_m3_w8g8_d32_s3_q4,det,holdout,cycles,t0,1.420000e+02,2.150000e+02,7.300000e+01,5.140800e+01,,1,the per-job work of the cores: the CG core's start and the systolic core's A load
det_k4_l2_r4_c8_m3_w8g8_d32_s3_q4,det,holdout,cycles:job1,interval_nit2,3.922000e+03,4.085000e+03,1.630000e+02,4.156000e+00,,1,the per-job work of the cores: the CG core's start and the systolic core's A load; the cores' per-iteration loops (the spans mm.iter and vec.iter)
det_k4_l2_r4_c8_m3_w8g8_d32_s3_q4,det,holdout,cycles:job2,interval_nit3,5.812000e+03,6.020000e+03,2.080000e+02,3.579000e+00,,1,the per-job work of the cores: the CG core's start and the systolic core's A load; the cores' per-iteration loops (the spans mm.iter and vec.iter)
det_k4_l2_r4_c8_m3_w8g8_d32_s3_q4,det,holdout,cycles:job3,interval_nit4,7.702000e+03,7.955000e+03,2.530000e+02,3.285000e+00,,1,the per-job work of the cores: the CG core's start and the systolic core's A load; the cores' per-iteration loops (the spans mm.iter and vec.iter)
det_k4_l2_r4_c8_m3_w8g8_d32_s3_q4,det,holdout,cycles:job4,interval_nit1,2.032000e+03,2.150000e+03,1.180000e+02,5.807000e+00,,1,the per-job work of the cores: the CG core's start and the systolic core's A load; the cores' per-iteration loops (the spans mm.iter and vec.iter)
det_k4_l2_r4_c8_m3_w8g8_d32_s3_q4,det,holdout,cycles:job5,interval_nit2,3.922000e+03,4.085000e+03,1.630000e+02,4.156000e+00,,1,the per-job work of the cores: the CG core's start and the systolic core's A load; the cores' per-iteration loops (the spans mm.iter and vec.iter)
det_k4_l2_r4_c8_m3_w8g8_d32_s3_q4,det,holdout,span,mm.iter,2.320000e+02,2.440000e+02,1.200000e+01,5.172000e+00,,1,"the systolic core: run-time dimensions, the A^H path, A's build-up moved into the core, the conjugated operand one bit wider, index products"
det_k4_l2_r4_c8_m3_w8g8_d32_s3_q4,det,holdout,span,vec.init,1.360000e+02,2.140000e+02,7.800000e+01,5.735300e+01,,0,"the CG core: run-time dimensions, index products"
det_k4_l2_r4_c8_m3_w8g8_d32_s3_q4,det,holdout,span,vec.iter,1.658000e+03,1.691000e+03,3.300000e+01,1.990000e+00,,1,"the CG core: run-time dimensions, index products"
det_k4_l2_r4_c8_m3_w8g8_d32_s3_q4,det,holdout,span,vec.last,1.658000e+03,1.691000e+03,3.300000e+01,1.990000e+00,,1,"the CG core: run-time dimensions, index products"
det_k4_l2_r4_c16_m3_w14g8_d64_s2_q4,det,holdout,rtl,bit_exact,1,1,0.000000e+00,0.000000e+00,,1,
det_k4_l2_r4_c16_m3_w14g8_d64_s2_q4,det,holdout,total,est_ns,3.392000e+00,3.392000e+00,0.000000e+00,0.000000e+00,,1,
det_k4_l2_r4_c16_m3_w14g8_d64_s2_q4,det,holdout,total,lut,31709,33405,1.696000e+03,5.349000e+00,,1,
det_k4_l2_r4_c16_m3_w14g8_d64_s2_q4,det,holdout,total,ff,23618,26247,2.629000e+03,1.113100e+01,,1,
det_k4_l2_r4_c16_m3_w14g8_d64_s2_q4,det,holdout,total,dsp,216,219,3.000000e+00,1.389000e+00,219,1,
det_k4_l2_r4_c16_m3_w14g8_d64_s2_q4,det,holdout,total,bram,16,16,0.000000e+00,0.000000e+00,16,1,
det_k4_l2_r4_c16_m3_w14g8_d64_s2_q4,det,holdout,module:CgCtrl,lut,244,47,-1.970000e+02,-8.073800e+01,,,one command per core per job
det_k4_l2_r4_c16_m3_w14g8_d64_s2_q4,det,holdout,module:CgCtrl,ff,50,2,-4.800000e+01,-9.600000e+01,,,one command per core per job
det_k4_l2_r4_c16_m3_w14g8_d64_s2_q4,det,holdout,module:CgLoad,lut,4879,775,-4.104000e+03,-8.411600e+01,,,A in L-lane groups instead of K-lane rows; Waveflow's wf_load_matrix
det_k4_l2_r4_c16_m3_w14g8_d64_s2_q4,det,holdout,module:CgLoad,ff,390,165,-2.250000e+02,-5.769200e+01,,,A in L-lane groups instead of K-lane rows; Waveflow's wf_load_matrix
det_k4_l2_r4_c16_m3_w14g8_d64_s2_q4,det,holdout,memory:a_blk_U,ff,112,56,-5.600000e+01,-5.000000e+01,,,the A store's shape (L-lane groups instead of K-lane rows)
det_k4_l2_r4_c16_m3_w14g8_d64_s2_q4,det,holdout,module:mm,lut,12625,17743,5.118000e+03,4.053900e+01,,,not expected to change; investigated and logged in the plan's §15
det_k4_l2_r4_c16_m3_w14g8_d64_s2_q4,det,holdout,module:mm,ff,11962,14404,2.442000e+03,2.041500e+01,,,not expected to change; investigated and logged in the plan's §15
det_k4_l2_r4_c16_m3_w14g8_d64_s2_q4,det,holdout,module:mm,dsp,192,194,2.000000e+00,1.042000e+00,,,not expected to change; investigated and logged in the plan's §15
det_k4_l2_r4_c16_m3_w14g8_d64_s2_q4,det,holdout,module:vec,lut,8548,9427,8.790000e+02,1.028300e+01,,,not expected to change; investigated and logged in the plan's §15
det_k4_l2_r4_c16_m3_w14g8_d64_s2_q4,det,holdout,module:vec,ff,5676,6192,5.160000e+02,9.091000e+00,,,not expected to change; investigated and logged in the plan's §15
det_k4_l2_r4_c16_m3_w14g8_d64_s2_q4,det,holdout,module:vec,dsp,24,25,1.000000e+00,4.167000e+00,,,not expected to change; investigated and logged in the plan's §15
det_k4_l2_r4_c16_m3_w14g8_d64_s2_q4,det,holdout,cycles,t_iter,2.269000e+03,2.310000e+03,4.100000e+01,1.807000e+00,,1,the cores' per-iteration loops (the spans mm.iter and vec.iter)
det_k4_l2_r4_c16_m3_w14g8_d64_s2_q4,det,holdout,cycles,t0,1.390000e+02,2.470000e+02,1.080000e+02,7.769800e+01,,0,the per-job work of the cores: the CG core's start and the systolic core's A load
det_k4_l2_r4_c16_m3_w14g8_d64_s2_q4,det,holdout,cycles:job1,interval_nit2,4.677000e+03,4.867000e+03,1.900000e+02,4.062000e+00,,1,the per-job work of the cores: the CG core's start and the systolic core's A load; the cores' per-iteration loops (the spans mm.iter and vec.iter)
det_k4_l2_r4_c16_m3_w14g8_d64_s2_q4,det,holdout,cycles:job2,interval_nit3,6.946000e+03,7.177000e+03,2.310000e+02,3.326000e+00,,1,the per-job work of the cores: the CG core's start and the systolic core's A load; the cores' per-iteration loops (the spans mm.iter and vec.iter)
det_k4_l2_r4_c16_m3_w14g8_d64_s2_q4,det,holdout,cycles:job3,interval_nit4,9.215000e+03,9.487000e+03,2.720000e+02,2.952000e+00,,1,the per-job work of the cores: the CG core's start and the systolic core's A load; the cores' per-iteration loops (the spans mm.iter and vec.iter)
det_k4_l2_r4_c16_m3_w14g8_d64_s2_q4,det,holdout,cycles:job4,interval_nit1,2.408000e+03,2.557000e+03,1.490000e+02,6.188000e+00,,1,the per-job work of the cores: the CG core's start and the systolic core's A load; the cores' per-iteration loops (the spans mm.iter and vec.iter)
det_k4_l2_r4_c16_m3_w14g8_d64_s2_q4,det,holdout,cycles:job5,interval_nit2,4.677000e+03,4.867000e+03,1.900000e+02,4.062000e+00,,1,the per-job work of the cores: the CG core's start and the systolic core's A load; the cores' per-iteration loops (the spans mm.iter and vec.iter)
det_k4_l2_r4_c16_m3_w14g8_d64_s2_q4,det,holdout,span,mm.iter,2.000000e+02,2.080000e+02,8.000000e+00,4.000000e+00,,1,"the systolic core: run-time dimensions, the A^H path, A's build-up moved into the core, the conjugated operand one bit wider, index products"
det_k4_l2_r4_c16_m3_w14g8_d64_s2_q4,det,holdout,span,vec.init,1.380000e+02,2.460000e+02,1.080000e+02,7.826100e+01,,0,"the CG core: run-time dimensions, index products"
det_k4_l2_r4_c16_m3_w14g8_d64_s2_q4,det,holdout,span,vec.iter,2.069000e+03,2.102000e+03,3.300000e+01,1.595000e+00,,1,"the CG core: run-time dimensions, index products"
det_k4_l2_r4_c16_m3_w14g8_d64_s2_q4,det,holdout,span,vec.last,2.069000e+03,2.102000e+03,3.300000e+01,1.595000e+00,,1,"the CG core: run-time dimensions, index products"
det_k4_l16_r2_c32_m3_w12g0_d64_s2_q8,det,holdout,rtl,bit_exact,1,1,0.000000e+00,0.000000e+00,,1,
det_k4_l16_r2_c32_m3_w12g0_d64_s2_q8,det,holdout,total,est_ns,3.392000e+00,3.392000e+00,0.000000e+00,0.000000e+00,,1,
det_k4_l16_r2_c32_m3_w12g0_d64_s2_q8,det,holdout,total,lut,95148,84544,-1.060400e+04,-1.114500e+01,,1,
det_k4_l16_r2_c32_m3_w12g0_d64_s2_q8,det,holdout,total,ff,47190,52989,5.799000e+03,1.228900e+01,,1,
det_k4_l16_r2_c32_m3_w12g0_d64_s2_q8,det,holdout,total,dsp,384,387,3.000000e+00,7.810000e-01,387,1,
det_k4_l16_r2_c32_m3_w12g0_d64_s2_q8,det,holdout,total,bram,52,52,0.000000e+00,0.000000e+00,52,1,
det_k4_l16_r2_c32_m3_w12g0_d64_s2_q8,det,holdout,module:CgCtrl,lut,244,47,-1.970000e+02,-8.073800e+01,,,one command per core per job
det_k4_l16_r2_c32_m3_w12g0_d64_s2_q8,det,holdout,module:CgCtrl,ff,50,2,-4.800000e+01,-9.600000e+01,,,one command per core per job
det_k4_l16_r2_c32_m3_w12g0_d64_s2_q8,det,holdout,module:CgLoad,lut,20897,8281,-1.261600e+04,-6.037200e+01,,,A in L-lane groups instead of K-lane rows; Waveflow's wf_load_matrix
det_k4_l16_r2_c32_m3_w12g0_d64_s2_q8,det,holdout,module:CgLoad,ff,1385,2712,1.327000e+03,9.581200e+01,,,A in L-lane groups instead of K-lane rows; Waveflow's wf_load_matrix
det_k4_l16_r2_c32_m3_w12g0_d64_s2_q8,det,holdout,module:CgStore,lut,6548,809,-5.739000e+03,-8.764500e+01,,,Waveflow's wf_store_matrix
det_k4_l16_r2_c32_m3_w12g0_d64_s2_q8,det,holdout,module:CgStore,ff,627,569,-5.800000e+01,-9.250000e+00,,,Waveflow's wf_store_matrix
det_k4_l16_r2_c32_m3_w12g0_d64_s2_q8,det,holdout,memory:a_blk_U,ff,96,384,2.880000e+02,3.000000e+02,,,the A store's shape (L-lane groups instead of K-lane rows)
det_k4_l16_r2_c32_m3_w12g0_d64_s2_q8,det,holdout,module:mm,lut,18638,26323,7.685000e+03,4.123300e+01,,,not expected to change; investigated and logged in the plan's §15
det_k4_l16_r2_c32_m3_w12g0_d64_s2_q8,det,holdout,module:mm,ff,10447,14860,4.413000e+03,4.224200e+01,,,not expected to change; investigated and logged in the plan's §15
det_k4_l16_r2_c32_m3_w12g0_d64_s2_q8,det,holdout,module:mm,dsp,192,194,2.000000e+00,1.042000e+00,,,not expected to change; investigated and logged in the plan's §15
det_k4_l16_r2_c32_m3_w12g0_d64_s2_q8,det,holdout,module:vec,lut,43640,43903,2.630000e+02,6.030000e-01,,,not expected to change; investigated and logged in the plan's §15
det_k4_l16_r2_c32_m3_w12g0_d64_s2_q8,det,holdout,module:vec,ff,29273,29150,-1.230000e+02,-4.200000e-01,,,not expected to change; investigated and logged in the plan's §15
det_k4_l16_r2_c32_m3_w12g0_d64_s2_q8,det,holdout,module:vec,dsp,192,193,1.000000e+00,5.210000e-01,,,not expected to change; investigated and logged in the plan's §15
det_k4_l16_r2_c32_m3_w12g0_d64_s2_q8,det,holdout,cycles,t_iter,3.240000e+02,3.370000e+02,1.300000e+01,4.012000e+00,,1,the cores' per-iteration loops (the spans mm.iter and vec.iter)
det_k4_l16_r2_c32_m3_w12g0_d64_s2_q8,det,holdout,cycles,t0,2.700000e+01,3.700000e+01,1.000000e+01,3.703700e+01,,1,the per-job work of the cores: the CG core's start and the systolic core's A load
det_k4_l16_r2_c32_m3_w12g0_d64_s2_q8,det,holdout,cycles:job1,interval_nit2,6.750000e+02,7.110000e+02,3.600000e+01,5.333000e+00,,1,the per-job work of the cores: the CG core's start and the systolic core's A load; the cores' per-iteration loops (the spans mm.iter and vec.iter)
det_k4_l16_r2_c32_m3_w12g0_d64_s2_q8,det,holdout,cycles:job2,interval_nit3,9.990000e+02,1.048000e+03,4.900000e+01,4.905000e+00,,1,the per-job work of the cores: the CG core's start and the systolic core's A load; the cores' per-iteration loops (the spans mm.iter and vec.iter)
det_k4_l16_r2_c32_m3_w12g0_d64_s2_q8,det,holdout,cycles:job3,interval_nit4,1.323000e+03,1.385000e+03,6.200000e+01,4.686000e+00,,1,the per-job work of the cores: the CG core's start and the systolic core's A load; the cores' per-iteration loops (the spans mm.iter and vec.iter)
det_k4_l16_r2_c32_m3_w12g0_d64_s2_q8,det,holdout,cycles:job4,interval_nit1,3.510000e+02,3.740000e+02,2.300000e+01,6.553000e+00,,1,the per-job work of the cores: the CG core's start and the systolic core's A load; the cores' per-iteration loops (the spans mm.iter and vec.iter)
det_k4_l16_r2_c32_m3_w12g0_d64_s2_q8,det,holdout,cycles:job5,interval_nit2,6.750000e+02,7.110000e+02,3.600000e+01,5.333000e+00,,1,the per-job work of the cores: the CG core's start and the systolic core's A load; the cores' per-iteration loops (the spans mm.iter and vec.iter)
det_k4_l16_r2_c32_m3_w12g0_d64_s2_q8,det,holdout,span,mm.iter,1.160000e+02,1.240000e+02,8.000000e+00,6.897000e+00,,1,"the systolic core: run-time dimensions, the A^H path, A's build-up moved into the core, the conjugated operand one bit wider, index products"
det_k4_l16_r2_c32_m3_w12g0_d64_s2_q8,det,holdout,span,vec.init,2.600000e+01,3.600000e+01,1.000000e+01,3.846200e+01,,1,"the CG core: run-time dimensions, index products"
det_k4_l16_r2_c32_m3_w12g0_d64_s2_q8,det,holdout,span,vec.iter,2.080000e+02,2.130000e+02,5.000000e+00,2.404000e+00,,1,"the CG core: run-time dimensions, index products"
det_k4_l16_r2_c32_m3_w12g0_d64_s2_q8,det,holdout,span,vec.last,2.080000e+02,2.130000e+02,5.000000e+00,2.404000e+00,,1,"the CG core: run-time dimensions, index products"
det_k8_l1_r1_c16_m3_w16g4_d32_s2_q2,det,holdout,rtl,bit_exact,1,1,0.000000e+00,0.000000e+00,,1,
det_k8_l1_r1_c16_m3_w16g4_d32_s2_q2,det,holdout,total,est_ns,3.392000e+00,3.392000e+00,0.000000e+00,0.000000e+00,,1,
det_k8_l1_r1_c16_m3_w16g4_d32_s2_q2,det,holdout,total,lut,23425,20542,-2.883000e+03,-1.230700e+01,,1,
det_k8_l1_r1_c16_m3_w16g4_d32_s2_q2,det,holdout,total,ff,14053,13580,-4.730000e+02,-3.366000e+00,,1,
det_k8_l1_r1_c16_m3_w16g4_d32_s2_q2,det,holdout,total,dsp,60,63,3.000000e+00,5.000000e+00,63,1,
det_k8_l1_r1_c16_m3_w16g4_d32_s2_q2,det,holdout,total,bram,22,15,-7.000000e+00,-3.181800e+01,15,1,
det_k8_l1_r1_c16_m3_w16g4_d32_s2_q2,det,holdout,module:CgCtrl,lut,332,83,-2.490000e+02,-7.500000e+01,,,one command per core per job
det_k8_l1_r1_c16_m3_w16g4_d32_s2_q2,det,holdout,module:CgCtrl,ff,92,102,1.000000e+01,1.087000e+01,,,one command per core per job
det_k8_l1_r1_c16_m3_w16g4_d32_s2_q2,det,holdout,module:CgLoad,lut,5710,355,-5.355000e+03,-9.378300e+01,,,A in L-lane groups instead of K-lane rows; Waveflow's wf_load_matrix
det_k8_l1_r1_c16_m3_w16g4_d32_s2_q2,det,holdout,module:CgLoad,ff,412,115,-2.970000e+02,-7.208700e+01,,,A in L-lane groups instead of K-lane rows; Waveflow's wf_load_matrix
det_k8_l1_r1_c16_m3_w16g4_d32_s2_q2,det,holdout,memory:a_blk_U,bram,8,1,-7.000000e+00,-8.750000e+01,,,the A store's shape (L-lane groups instead of K-lane rows)
det_k8_l1_r1_c16_m3_w16g4_d32_s2_q2,det,holdout,module:mm,lut,7248,9084,1.836000e+03,2.533100e+01,,,not expected to change; investigated and logged in the plan's §15
det_k8_l1_r1_c16_m3_w16g4_d32_s2_q2,det,holdout,module:mm,ff,6027,5317,-7.100000e+02,-1.178000e+01,,,not expected to change; investigated and logged in the plan's §15
det_k8_l1_r1_c16_m3_w16g4_d32_s2_q2,det,holdout,module:mm,dsp,48,50,2.000000e+00,4.167000e+00,,,not expected to change; investigated and logged in the plan's §15
det_k8_l1_r1_c16_m3_w16g4_d32_s2_q2,det,holdout,module:vec,lut,5205,6090,8.850000e+02,1.700300e+01,,,not expected to change; investigated and logged in the plan's §15
det_k8_l1_r1_c16_m3_w16g4_d32_s2_q2,det,holdout,module:vec,ff,3015,3539,5.240000e+02,1.738000e+01,,,not expected to change; investigated and logged in the plan's §15
det_k8_l1_r1_c16_m3_w16g4_d32_s2_q2,det,holdout,module:vec,dsp,12,13,1.000000e+00,8.333000e+00,,,not expected to change; investigated and logged in the plan's §15
det_k8_l1_r1_c16_m3_w16g4_d32_s2_q2,det,holdout,cycles,t_iter,5.322000e+03,5.404000e+03,8.200000e+01,1.541000e+00,,1,the cores' per-iteration loops (the spans mm.iter and vec.iter)
det_k8_l1_r1_c16_m3_w16g4_d32_s2_q2,det,holdout,cycles,t0,5.270000e+02,7.110000e+02,1.840000e+02,3.491500e+01,,0,the per-job work of the cores: the CG core's start and the systolic core's A load
det_k8_l1_r1_c16_m3_w16g4_d32_s2_q2,det,holdout,cycles:job1,interval_nit2,1.117100e+04,1.151900e+04,3.480000e+02,3.115000e+00,,1,the per-job work of the cores: the CG core's start and the systolic core's A load; the cores' per-iteration loops (the spans mm.iter and vec.iter)
det_k8_l1_r1_c16_m3_w16g4_d32_s2_q2,det,holdout,cycles:job2,interval_nit3,1.649300e+04,1.692300e+04,4.300000e+02,2.607000e+00,,1,the per-job work of the cores: the CG core's start and the systolic core's A load; the cores' per-iteration loops (the spans mm.iter and vec.iter)
det_k8_l1_r1_c16_m3_w16g4_d32_s2_q2,det,holdout,cycles:job3,interval_nit8,4.310300e+04,4.394300e+04,8.400000e+02,1.949000e+00,,1,the per-job work of the cores: the CG core's start and the systolic core's A load; the cores' per-iteration loops (the spans mm.iter and vec.iter)
det_k8_l1_r1_c16_m3_w16g4_d32_s2_q2,det,holdout,cycles:job4,interval_nit1,5.849000e+03,6.115000e+03,2.660000e+02,4.548000e+00,,1,the per-job work of the cores: the CG core's start and the systolic core's A load; the cores' per-iteration loops (the spans mm.iter and vec.iter)
det_k8_l1_r1_c16_m3_w16g4_d32_s2_q2,det,holdout,cycles:job5,interval_nit2,1.117100e+04,1.151900e+04,3.480000e+02,3.115000e+00,,1,the per-job work of the cores: the CG core's start and the systolic core's A load; the cores' per-iteration loops (the spans mm.iter and vec.iter)
det_k8_l1_r1_c16_m3_w16g4_d32_s2_q2,det,holdout,span,mm.iter,1.049000e+03,1.066000e+03,1.700000e+01,1.621000e+00,,1,"the systolic core: run-time dimensions, the A^H path, A's build-up moved into the core, the conjugated operand one bit wider, index products"
det_k8_l1_r1_c16_m3_w16g4_d32_s2_q2,det,holdout,span,vec.init,5.210000e+02,7.100000e+02,1.890000e+02,3.627600e+01,,0,"the CG core: run-time dimensions, index products"
det_k8_l1_r1_c16_m3_w16g4_d32_s2_q2,det,holdout,span,vec.iter,4.273000e+03,4.338000e+03,6.500000e+01,1.521000e+00,,1,"the CG core: run-time dimensions, index products"
det_k8_l1_r1_c16_m3_w16g4_d32_s2_q2,det,holdout,span,vec.last,4.273000e+03,4.338000e+03,6.500000e+01,1.521000e+00,,1,"the CG core: run-time dimensions, index products"
det_k8_l4_r1_c4_m4_w12g4_d64_s2_q4,det,holdout,rtl,bit_exact,1,1,0.000000e+00,0.000000e+00,,1,
det_k8_l4_r1_c4_m4_w12g4_d64_s2_q4,det,holdout,total,est_ns,3.352000e+00,3.352000e+00,0.000000e+00,0.000000e+00,,1,
det_k8_l4_r1_c4_m4_w12g4_d64_s2_q4,det,holdout,total,lut,37159,31319,-5.840000e+03,-1.571600e+01,,1,
det_k8_l4_r1_c4_m4_w12g4_d64_s2_q4,det,holdout,total,ff,18603,18900,2.970000e+02,1.597000e+00,,1,
det_k8_l4_r1_c4_m4_w12g4_d64_s2_q4,det,holdout,total,dsp,64,70,6.000000e+00,9.375000e+00,67,0,
det_k8_l4_r1_c4_m4_w12g4_d64_s2_q4,det,holdout,total,bram,26,23,-3.000000e+00,-1.153800e+01,23,1,
det_k8_l4_r1_c4_m4_w12g4_d64_s2_q4,det,holdout,module:CgCtrl,lut,248,47,-2.010000e+02,-8.104800e+01,,,one command per core per job
det_k8_l4_r1_c4_m4_w12g4_d64_s2_q4,det,holdout,module:CgCtrl,ff,52,2,-5.000000e+01,-9.615400e+01,,,one command per core per job
det_k8_l4_r1_c4_m4_w12g4_d64_s2_q4,det,holdout,module:CgLoad,lut,11633,2808,-8.825000e+03,-7.586200e+01,,,A in L-lane groups instead of K-lane rows; Waveflow's wf_load_matrix
det_k8_l4_r1_c4_m4_w12g4_d64_s2_q4,det,holdout,module:CgLoad,ff,1256,800,-4.560000e+02,-3.630600e+01,,,A in L-lane groups instead of K-lane rows; Waveflow's wf_load_matrix
det_k8_l4_r1_c4_m4_w12g4_d64_s2_q4,det,holdout,module:CgStore,lut,1516,568,-9.480000e+02,-6.253300e+01,,,Waveflow's wf_store_matrix
det_k8_l4_r1_c4_m4_w12g4_d64_s2_q4,det,holdout,module:CgStore,ff,179,282,1.030000e+02,5.754200e+01,,,Waveflow's wf_store_matrix
det_k8_l4_r1_c4_m4_w12g4_d64_s2_q4,det,holdout,memory:a_blk_U,bram,6,3,-3.000000e+00,-5.000000e+01,,,the A store's shape (L-lane groups instead of K-lane rows)
det_k8_l4_r1_c4_m4_w12g4_d64_s2_q4,det,holdout,module:mm,lut,5087,8442,3.355000e+03,6.595200e+01,,,not expected to change; investigated and logged in the plan's §15
det_k8_l4_r1_c4_m4_w12g4_d64_s2_q4,det,holdout,module:mm,ff,3468,3767,2.990000e+02,8.622000e+00,,,not expected to change; investigated and logged in the plan's §15
det_k8_l4_r1_c4_m4_w12g4_d64_s2_q4,det,holdout,module:mm,dsp,16,21,5.000000e+00,3.125000e+01,,,not expected to change; investigated and logged in the plan's §15
det_k8_l4_r1_c4_m4_w12g4_d64_s2_q4,det,holdout,module:vec,lut,13502,14281,7.790000e+02,5.770000e+00,,,not expected to change; investigated and logged in the plan's §15
det_k8_l4_r1_c4_m4_w12g4_d64_s2_q4,det,holdout,module:vec,ff,8300,8701,4.010000e+02,4.831000e+00,,,not expected to change; investigated and logged in the plan's §15
det_k8_l4_r1_c4_m4_w12g4_d64_s2_q4,det,holdout,module:vec,dsp,48,49,1.000000e+00,2.083000e+00,,,not expected to change; investigated and logged in the plan's §15
det_k8_l4_r1_c4_m4_w12g4_d64_s2_q4,det,holdout,cycles,t_iter,1.773000e+03,1.793000e+03,2.000000e+01,1.128000e+00,,1,the cores' per-iteration loops (the spans mm.iter and vec.iter)
det_k8_l4_r1_c4_m4_w12g4_d64_s2_q4,det,holdout,cycles,t0,1.390000e+02,1.910000e+02,5.200000e+01,3.741000e+01,,1,the per-job work of the cores: the CG core's start and the systolic core's A load
det_k8_l4_r1_c4_m4_w12g4_d64_s2_q4,det,holdout,cycles:job1,interval_nit2,3.685000e+03,3.777000e+03,9.200000e+01,2.497000e+00,,1,the per-job work of the cores: the CG core's start and the systolic core's A load; the cores' per-iteration loops (the spans mm.iter and vec.iter)
det_k8_l4_r1_c4_m4_w12g4_d64_s2_q4,det,holdout,cycles:job2,interval_nit3,5.458000e+03,5.570000e+03,1.120000e+02,2.052000e+00,,1,the per-job work of the cores: the CG core's start and the systolic core's A load; the cores' per-iteration loops (the spans mm.iter and vec.iter)
det_k8_l4_r1_c4_m4_w12g4_d64_s2_q4,det,holdout,cycles:job3,interval_nit8,1.432300e+04,1.453500e+04,2.120000e+02,1.480000e+00,,1,the per-job work of the cores: the CG core's start and the systolic core's A load; the cores' per-iteration loops (the spans mm.iter and vec.iter)
det_k8_l4_r1_c4_m4_w12g4_d64_s2_q4,det,holdout,cycles:job4,interval_nit1,1.912000e+03,1.984000e+03,7.200000e+01,3.766000e+00,,1,the per-job work of the cores: the CG core's start and the systolic core's A load; the cores' per-iteration loops (the spans mm.iter and vec.iter)
det_k8_l4_r1_c4_m4_w12g4_d64_s2_q4,det,holdout,cycles:job5,interval_nit2,3.685000e+03,3.777000e+03,9.200000e+01,2.497000e+00,,1,the per-job work of the cores: the CG core's start and the systolic core's A load; the cores' per-iteration loops (the spans mm.iter and vec.iter)
det_k8_l4_r1_c4_m4_w12g4_d64_s2_q4,det,holdout,span,mm.iter,7.790000e+02,7.820000e+02,3.000000e+00,3.850000e-01,,1,"the systolic core: run-time dimensions, the A^H path, A's build-up moved into the core, the conjugated operand one bit wider, index products"
det_k8_l4_r1_c4_m4_w12g4_d64_s2_q4,det,holdout,span,vec.init,1.380000e+02,1.900000e+02,5.200000e+01,3.768100e+01,,0,"the CG core: run-time dimensions, index products"
det_k8_l4_r1_c4_m4_w12g4_d64_s2_q4,det,holdout,span,vec.iter,9.940000e+02,1.011000e+03,1.700000e+01,1.710000e+00,,1,"the CG core: run-time dimensions, index products"
det_k8_l4_r1_c4_m4_w12g4_d64_s2_q4,det,holdout,span,vec.last,9.940000e+02,1.011000e+03,1.700000e+01,1.710000e+00,,1,"the CG core: run-time dimensions, index products"
det_k8_l4_r8_c32_m4_w12g4_d32_s4_q2,det,holdout,rtl,bit_exact,1,1,0.000000e+00,0.000000e+00,,1,
det_k8_l4_r8_c32_m4_w12g4_d32_s4_q2,det,holdout,total,est_ns,3.352000e+00,3.352000e+00,0.000000e+00,0.000000e+00,,1,
det_k8_l4_r8_c32_m4_w12g4_d32_s4_q2,det,holdout,total,lut,70030,71667,1.637000e+03,2.338000e+00,,1,
det_k8_l4_r8_c32_m4_w12g4_d32_s4_q2,det,holdout,total,ff,68990,71330,2.340000e+03,3.392000e+00,,1,
det_k8_l4_r8_c32_m4_w12g4_d32_s4_q2,det,holdout,total,dsp,1072,1075,3.000000e+00,2.800000e-01,1075,1,
det_k8_l4_r8_c32_m4_w12g4_d32_s4_q2,det,holdout,total,bram,22,19,-3.000000e+00,-1.363600e+01,19,1,
det_k8_l4_r8_c32_m4_w12g4_d32_s4_q2,det,holdout,module:CgCtrl,lut,332,83,-2.490000e+02,-7.500000e+01,,,one command per core per job
det_k8_l4_r8_c32_m4_w12g4_d32_s4_q2,det,holdout,module:CgCtrl,ff,92,102,1.000000e+01,1.087000e+01,,,one command per core per job
det_k8_l4_r8_c32_m4_w12g4_d32_s4_q2,det,holdout,module:CgLoad,lut,6246,2632,-3.614000e+03,-5.786100e+01,,,A in L-lane groups instead of K-lane rows; Waveflow's wf_load_matrix
det_k8_l4_r8_c32_m4_w12g4_d32_s4_q2,det,holdout,module:CgLoad,ff,1020,815,-2.050000e+02,-2.009800e+01,,,A in L-lane groups instead of K-lane rows; Waveflow's wf_load_matrix
det_k8_l4_r8_c32_m4_w12g4_d32_s4_q2,det,holdout,module:CgStore,lut,952,640,-3.120000e+02,-3.277300e+01,,,Waveflow's wf_store_matrix
det_k8_l4_r8_c32_m4_w12g4_d32_s4_q2,det,holdout,module:CgStore,ff,154,288,1.340000e+02,8.701300e+01,,,Waveflow's wf_store_matrix
det_k8_l4_r8_c32_m4_w12g4_d32_s4_q2,det,holdout,memory:a_blk_U,bram,6,3,-3.000000e+00,-5.000000e+01,,,the A store's shape (L-lane groups instead of K-lane rows)
det_k8_l4_r8_c32_m4_w12g4_d32_s4_q2,det,holdout,module:mm,lut,44355,49403,5.048000e+03,1.138100e+01,,,not expected to change; investigated and logged in the plan's §15
det_k8_l4_r8_c32_m4_w12g4_d32_s4_q2,det,holdout,module:mm,ff,55069,57040,1.971000e+03,3.579000e+00,,,not expected to change; investigated and logged in the plan's §15
det_k8_l4_r8_c32_m4_w12g4_d32_s4_q2,det,holdout,module:mm,dsp,1024,1026,2.000000e+00,1.950000e-01,,,not expected to change; investigated and logged in the plan's §15
det_k8_l4_r8_c32_m4_w12g4_d32_s4_q2,det,holdout,module:vec,lut,13517,14281,7.640000e+02,5.652000e+00,,,not expected to change; investigated and logged in the plan's §15
det_k8_l4_r8_c32_m4_w12g4_d32_s4_q2,det,holdout,module:vec,ff,8271,8701,4.300000e+02,5.199000e+00,,,not expected to change; investigated and logged in the plan's §15
det_k8_l4_r8_c32_m4_w12g4_d32_s4_q2,det,holdout,module:vec,dsp,48,49,1.000000e+00,2.083000e+00,,,not expected to change; investigated and logged in the plan's §15
det_k8_l4_r8_c32_m4_w12g4_d32_s4_q2,det,holdout,cycles,t_iter,1.179000e+03,1.207000e+03,2.800000e+01,2.375000e+00,,1,the cores' per-iteration loops (the spans mm.iter and vec.iter)
det_k8_l4_r8_c32_m4_w12g4_d32_s4_q2,det,holdout,cycles,t0,1.440000e+02,1.910000e+02,4.700000e+01,3.263900e+01,,1,the per-job work of the cores: the CG core's start and the systolic core's A load
det_k8_l4_r8_c32_m4_w12g4_d32_s4_q2,det,holdout,cycles:job1,interval_nit2,2.502000e+03,2.605000e+03,1.030000e+02,4.117000e+00,,1,the per-job work of the cores: the CG core's start and the systolic core's A load; the cores' per-iteration loops (the spans mm.iter and vec.iter)
det_k8_l4_r8_c32_m4_w12g4_d32_s4_q2,det,holdout,cycles:job2,interval_nit3,3.681000e+03,3.812000e+03,1.310000e+02,3.559000e+00,,1,the per-job work of the cores: the CG core's start and the systolic core's A load; the cores' per-iteration loops (the spans mm.iter and vec.iter)
det_k8_l4_r8_c32_m4_w12g4_d32_s4_q2,det,holdout,cycles:job3,interval_nit8,9.576000e+03,9.847000e+03,2.710000e+02,2.830000e+00,,1,the per-job work of the cores: the CG core's start and the systolic core's A load; the cores' per-iteration loops (the spans mm.iter and vec.iter)
det_k8_l4_r8_c32_m4_w12g4_d32_s4_q2,det,holdout,cycles:job4,interval_nit1,1.323000e+03,1.398000e+03,7.500000e+01,5.669000e+00,,1,the per-job work of the cores: the CG core's start and the systolic core's A load; the cores' per-iteration loops (the spans mm.iter and vec.iter)
det_k8_l4_r8_c32_m4_w12g4_d32_s4_q2,det,holdout,cycles:job5,interval_nit2,2.502000e+03,2.605000e+03,1.030000e+02,4.117000e+00,,1,the per-job work of the cores: the CG core's start and the systolic core's A load; the cores' per-iteration loops (the spans mm.iter and vec.iter)
det_k8_l4_r8_c32_m4_w12g4_d32_s4_q2,det,holdout,span,mm.iter,1.850000e+02,1.960000e+02,1.100000e+01,5.946000e+00,,1,"the systolic core: run-time dimensions, the A^H path, A's build-up moved into the core, the conjugated operand one bit wider, index products"
det_k8_l4_r8_c32_m4_w12g4_d32_s4_q2,det,holdout,span,vec.init,1.380000e+02,1.900000e+02,5.200000e+01,3.768100e+01,,0,"the CG core: run-time dimensions, index products"
det_k8_l4_r8_c32_m4_w12g4_d32_s4_q2,det,holdout,span,vec.iter,9.940000e+02,1.011000e+03,1.700000e+01,1.710000e+00,,1,"the CG core: run-time dimensions, index products"
det_k8_l4_r8_c32_m4_w12g4_d32_s4_q2,det,holdout,span,vec.last,9.940000e+02,1.011000e+03,1.700000e+01,1.710000e+00,,1,"the CG core: run-time dimensions, index products"
det_k16_l2_r2_c4_m4_w8g0_d32_s2_q8,det,holdout,rtl,bit_exact,1,1,0.000000e+00,0.000000e+00,,1,
det_k16_l2_r2_c4_m4_w8g0_d32_s2_q8,det,holdout,total,est_ns,3.352000e+00,3.352000e+00,0.000000e+00,0.000000e+00,,1,
det_k16_l2_r2_c4_m4_w8g0_d32_s2_q8,det,holdout,total,lut,29180,23596,-5.584000e+03,-1.913600e+01,,1,
det_k16_l2_r2_c4_m4_w8g0_d32_s2_q8,det,holdout,total,ff,14042,11866,-2.176000e+03,-1.549600e+01,,1,
det_k16_l2_r2_c4_m4_w8g0_d32_s2_q8,det,holdout,total,dsp,22,25,3.000000e+00,1.363600e+01,25,1,
det_k16_l2_r2_c4_m4_w8g0_d32_s2_q8,det,holdout,total,bram,36,29,-7.000000e+00,-1.944400e+01,29,1,
det_k16_l2_r2_c4_m4_w8g0_d32_s2_q8,det,holdout,module:CgCtrl,lut,332,83,-2.490000e+02,-7.500000e+01,,,one command per core per job
det_k16_l2_r2_c4_m4_w8g0_d32_s2_q8,det,holdout,module:CgCtrl,ff,95,102,7.000000e+00,7.368000e+00,,,one command per core per job
det_k16_l2_r2_c4_m4_w8g0_d32_s2_q8,det,holdout,module:CgLoad,lut,6459,1534,-4.925000e+03,-7.625000e+01,,,A in L-lane groups instead of K-lane rows; Waveflow's wf_load_matrix
det_k16_l2_r2_c4_m4_w8g0_d32_s2_q8,det,holdout,module:CgLoad,ff,506,549,4.300000e+01,8.498000e+00,,,A in L-lane groups instead of K-lane rows; Waveflow's wf_load_matrix
det_k16_l2_r2_c4_m4_w8g0_d32_s2_q8,det,holdout,module:CgStore,lut,497,584,8.700000e+01,1.750500e+01,,,Waveflow's wf_store_matrix
det_k16_l2_r2_c4_m4_w8g0_d32_s2_q8,det,holdout,module:CgStore,ff,144,225,8.100000e+01,5.625000e+01,,,Waveflow's wf_store_matrix
det_k16_l2_r2_c4_m4_w8g0_d32_s2_q8,det,holdout,memory:a_blk_U,bram,8,1,-7.000000e+00,-8.750000e+01,,,the A store's shape (L-lane groups instead of K-lane rows)
det_k16_l2_r2_c4_m4_w8g0_d32_s2_q8,det,holdout,module:mm,lut,10398,9062,-1.336000e+03,-1.284900e+01,,,not expected to change; investigated and logged in the plan's §15
det_k16_l2_r2_c4_m4_w8g0_d32_s2_q8,det,holdout,module:mm,ff,5896,3087,-2.809000e+03,-4.764200e+01,,,not expected to change; investigated and logged in the plan's §15
det_k16_l2_r2_c4_m4_w8g0_d32_s2_q8,det,holdout,module:mm,dsp,16,18,2.000000e+00,1.250000e+01,,,not expected to change; investigated and logged in the plan's §15
det_k16_l2_r2_c4_m4_w8g0_d32_s2_q8,det,holdout,module:vec,lut,6866,7705,8.390000e+02,1.222000e+01,,,not expected to change; investigated and logged in the plan's §15
det_k16_l2_r2_c4_m4_w8g0_d32_s2_q8,det,holdout,module:vec,ff,3016,3518,5.020000e+02,1.664500e+01,,,not expected to change; investigated and logged in the plan's §15
det_k16_l2_r2_c4_m4_w8g0_d32_s2_q8,det,holdout,module:vec,dsp,6,7,1.000000e+00,1.666700e+01,,,not expected to change; investigated and logged in the plan's §15
det_k16_l2_r2_c4_m4_w8g0_d32_s2_q8,det,holdout,cycles,t_iter,4.277000e+03,4.503000e+03,2.260000e+02,5.284000e+00,,0,the cores' per-iteration loops (the spans mm.iter and vec.iter)
det_k16_l2_r2_c4_m4_w8g0_d32_s2_q8,det,holdout,cycles,t0,5.260000e+02,5.990000e+02,7.300000e+01,1.387800e+01,,1,the per-job work of the cores: the CG core's start and the systolic core's A load
det_k16_l2_r2_c4_m4_w8g0_d32_s2_q8,det,holdout,cycles:job1,interval_nit2,9.080000e+03,9.605000e+03,5.250000e+02,5.782000e+00,,1,the per-job work of the cores: the CG core's start and the systolic core's A load; the cores' per-iteration loops (the spans mm.iter and vec.iter)
det_k16_l2_r2_c4_m4_w8g0_d32_s2_q8,det,holdout,cycles:job2,interval_nit3,1.335700e+04,1.410800e+04,7.510000e+02,5.623000e+00,,1,the per-job work of the cores: the CG core's start and the systolic core's A load; the cores' per-iteration loops (the spans mm.iter and vec.iter)
det_k16_l2_r2_c4_m4_w8g0_d32_s2_q8,det,holdout,cycles:job3,interval_nit16,6.895800e+04,7.264700e+04,3.689000e+03,5.350000e+00,,0,the per-job work of the cores: the CG core's start and the systolic core's A load; the cores' per-iteration loops (the spans mm.iter and vec.iter)
det_k16_l2_r2_c4_m4_w8g0_d32_s2_q8,det,holdout,cycles:job4,interval_nit1,4.803000e+03,5.102000e+03,2.990000e+02,6.225000e+00,,1,the per-job work of the cores: the CG core's start and the systolic core's A load; the cores' per-iteration loops (the spans mm.iter and vec.iter)
det_k16_l2_r2_c4_m4_w8g0_d32_s2_q8,det,holdout,cycles:job5,interval_nit2,9.080000e+03,9.605000e+03,5.250000e+02,5.782000e+00,,1,the per-job work of the cores: the CG core's start and the systolic core's A load; the cores' per-iteration loops (the spans mm.iter and vec.iter)
det_k16_l2_r2_c4_m4_w8g0_d32_s2_q8,det,holdout,span,mm.iter,2.329000e+03,2.522000e+03,1.930000e+02,8.287000e+00,,0,"the systolic core: run-time dimensions, the A^H path, A's build-up moved into the core, the conjugated operand one bit wider, index products"
det_k16_l2_r2_c4_m4_w8g0_d32_s2_q8,det,holdout,span,vec.init,5.200000e+02,5.980000e+02,7.800000e+01,1.500000e+01,,0,"the CG core: run-time dimensions, index products"
det_k16_l2_r2_c4_m4_w8g0_d32_s2_q8,det,holdout,span,vec.iter,1.948000e+03,1.981000e+03,3.300000e+01,1.694000e+00,,1,"the CG core: run-time dimensions, index products"
det_k16_l2_r2_c4_m4_w8g0_d32_s2_q8,det,holdout,span,vec.last,1.948000e+03,1.981000e+03,3.300000e+01,1.694000e+00,,1,"the CG core: run-time dimensions, index products"
vec_k16_l1_w14g8,vec,supplement,rtl,bit_exact,1,1,0.000000e+00,0.000000e+00,,1,
vec_k16_l1_w14g8,vec,supplement,total,est_ns,3.352000e+00,3.352000e+00,0.000000e+00,0.000000e+00,,1,
vec_k16_l1_w14g8,vec,supplement,block:CgVec,lut,5223,6146,9.230000e+02,1.767200e+01,,,"the CG core: run-time dimensions, index products"
vec_k16_l1_w14g8,vec,supplement,block:CgVec,ff,3026,3575,5.490000e+02,1.814300e+01,,,"the CG core: run-time dimensions, index products"
vec_k16_l1_w14g8,vec,supplement,block:CgVec,dsp,12,13,1.000000e+00,8.333000e+00,13,1,"the CG core: run-time dimensions, index products"
vec_k16_l1_w14g8,vec,supplement,block:CgVec,bram,6,6,0.000000e+00,0.000000e+00,6,1,"the CG core: run-time dimensions, index products"
vec_k16_l1_w14g8,vec,supplement,span,vec.init,1.034000e+03,1.254000e+03,2.200000e+02,2.127700e+01,,0,"the CG core: run-time dimensions, index products"
vec_k16_l1_w14g8,vec,supplement,span,vec.iter,5.621000e+03,5.686000e+03,6.500000e+01,1.156000e+00,,1,"the CG core: run-time dimensions, index products"
vec_k16_l1_w14g8,vec,supplement,span,vec.last,5.621000e+03,5.686000e+03,6.500000e+01,1.156000e+00,,1,"the CG core: run-time dimensions, index products"
vec_k16_l8_w14g0,vec,supplement,rtl,bit_exact,1,1,0.000000e+00,0.000000e+00,,1,
vec_k16_l8_w14g0,vec,supplement,total,est_ns,3.352000e+00,3.352000e+00,0.000000e+00,0.000000e+00,,1,
vec_k16_l8_w14g0,vec,supplement,block:CgVec,lut,24678,25244,5.660000e+02,2.294000e+00,,,"the CG core: run-time dimensions, index products"
vec_k16_l8_w14g0,vec,supplement,block:CgVec,ff,16414,16565,1.510000e+02,9.200000e-01,,,"the CG core: run-time dimensions, index products"
vec_k16_l8_w14g0,vec,supplement,block:CgVec,dsp,96,97,1.000000e+00,1.042000e+00,97,1,"the CG core: run-time dimensions, index products"
vec_k16_l8_w14g0,vec,supplement,block:CgVec,bram,0,0,0.000000e+00,,0,1,"the CG core: run-time dimensions, index products"
vec_k16_l8_w14g0,vec,supplement,span,vec.init,1.380000e+02,1.620000e+02,2.400000e+01,1.739100e+01,,0,"the CG core: run-time dimensions, index products"
vec_k16_l8_w14g0,vec,supplement,span,vec.iter,6.140000e+02,6.230000e+02,9.000000e+00,1.466000e+00,,1,"the CG core: run-time dimensions, index products"
vec_k16_l8_w14g0,vec,supplement,span,vec.last,6.140000e+02,6.230000e+02,9.000000e+00,1.466000e+00,,1,"the CG core: run-time dimensions, index products"
mm_k16_r2_c32_m4_w14_l16,mm,supplement,rtl,bit_exact,1,1,0.000000e+00,0.000000e+00,,1,
mm_k16_r2_c32_m4_w14_l16,mm,supplement,total,est_ns,3.352000e+00,3.352000e+00,0.000000e+00,0.000000e+00,,1,
mm_k16_r2_c32_m4_w14_l16,mm,supplement,block:CgMm,lut,27834,35535,7.701000e+03,2.766800e+01,,,"the systolic core: run-time dimensions, the A^H path, A's build-up moved into the core, the conjugated operand one bit wider, index products"
mm_k16_r2_c32_m4_w14_l16,mm,supplement,block:CgMm,ff,23725,25574,1.849000e+03,7.793000e+00,,,"the systolic core: run-time dimensions, the A^H path, A's build-up moved into the core, the conjugated operand one bit wider, index products"
mm_k16_r2_c32_m4_w14_l16,mm,supplement,block:CgMm,dsp,256,258,2.000000e+00,7.810000e-01,258,1,"the systolic core: run-time dimensions, the A^H path, A's build-up moved into the core, the conjugated operand one bit wider, index products"
mm_k16_r2_c32_m4_w14_l16,mm,supplement,block:CgMm,bram,0,0,0.000000e+00,,0,1,"the systolic core: run-time dimensions, the A^H path, A's build-up moved into the core, the conjugated operand one bit wider, index products"
mm_k16_r2_c32_m4_w14_l16,mm,supplement,span,mm.iter,5.200000e+02,5.630000e+02,4.300000e+01,8.269000e+00,,0,"the systolic core: run-time dimensions, the A^H path, A's build-up moved into the core, the conjugated operand one bit wider, index products"
mm_k16_r8_c4_m4_w16_l1,mm,supplement,rtl,bit_exact,1,1,0.000000e+00,0.000000e+00,,1,
mm_k16_r8_c4_m4_w16_l1,mm,supplement,total,est_ns,3.352000e+00,3.352000e+00,0.000000e+00,0.000000e+00,,1,
mm_k16_r8_c4_m4_w16_l1,mm,supplement,block:CgMm,lut,14154,11282,-2.872000e+03,-2.029100e+01,,,"the systolic core: run-time dimensions, the A^H path, A's build-up moved into the core, the conjugated operand one bit wider, index products"
mm_k16_r8_c4_m4_w16_l1,mm,supplement,block:CgMm,ff,18265,10726,-7.539000e+03,-4.127600e+01,,,"the systolic core: run-time dimensions, the A^H path, A's build-up moved into the core, the conjugated operand one bit wider, index products"
mm_k16_r8_c4_m4_w16_l1,mm,supplement,block:CgMm,dsp,128,130,2.000000e+00,1.562000e+00,130,1,"the systolic core: run-time dimensions, the A^H path, A's build-up moved into the core, the conjugated operand one bit wider, index products"
mm_k16_r8_c4_m4_w16_l1,mm,supplement,block:CgMm,bram,8,8,0.000000e+00,0.000000e+00,8,1,"the systolic core: run-time dimensions, the A^H path, A's build-up moved into the core, the conjugated operand one bit wider, index products"
mm_k16_r8_c4_m4_w16_l1,mm,supplement,span,mm.iter,1.581000e+03,1.630000e+03,4.900000e+01,3.099000e+00,,1,"the systolic core: run-time dimensions, the A^H path, A's build-up moved into the core, the conjugated operand one bit wider, index products"
det_k16_l16_r8_c16_m3_w10g0_d32_s3_q2,det,supplement,rtl,bit_exact,1,1,0.000000e+00,0.000000e+00,,1,
det_k16_l16_r8_c16_m3_w10g0_d32_s3_q2,det,supplement,total,est_ns,3.392000e+00,3.392000e+00,0.000000e+00,0.000000e+00,,1,
det_k16_l16_r8_c16_m3_w10g0_d32_s3_q2,det,supplement,total,lut,100104,99111,-9.930000e+02,-9.920000e-01,,1,
det_k16_l16_r8_c16_m3_w10g0_d32_s3_q2,det,supplement,total,ff,53514,59463,5.949000e+03,1.111700e+01,,1,
det_k16_l16_r8_c16_m3_w10g0_d32_s3_q2,det,supplement,total,dsp,464,467,3.000000e+00,6.470000e-01,467,1,
det_k16_l16_r8_c16_m3_w10g0_d32_s3_q2,det,supplement,total,bram,49,49,0.000000e+00,0.000000e+00,49,1,
det_k16_l16_r8_c16_m3_w10g0_d32_s3_q2,det,supplement,module:CgCtrl,lut,332,83,-2.490000e+02,-7.500000e+01,,,one command per core per job
det_k16_l16_r8_c16_m3_w10g0_d32_s3_q2,det,supplement,module:CgCtrl,ff,95,102,7.000000e+00,7.368000e+00,,,one command per core per job
det_k16_l16_r8_c16_m3_w10g0_d32_s3_q2,det,supplement,module:CgLoad,lut,14297,6762,-7.535000e+03,-5.270300e+01,,,A in L-lane groups instead of K-lane rows; Waveflow's wf_load_matrix
det_k16_l16_r8_c16_m3_w10g0_d32_s3_q2,det,supplement,module:CgLoad,ff,896,2347,1.451000e+03,1.619420e+02,,,A in L-lane groups instead of K-lane rows; Waveflow's wf_load_matrix
det_k16_l16_r8_c16_m3_w10g0_d32_s3_q2,det,supplement,module:CgStore,lut,2847,825,-2.022000e+03,-7.102200e+01,,,Waveflow's wf_store_matrix
det_k16_l16_r8_c16_m3_w10g0_d32_s3_q2,det,supplement,module:CgStore,ff,154,513,3.590000e+02,2.331170e+02,,,Waveflow's wf_store_matrix
det_k16_l16_r8_c16_m3_w10g0_d32_s3_q2,det,supplement,module:mm,lut,29581,38116,8.535000e+03,2.885300e+01,,,not expected to change; investigated and logged in the plan's §15
det_k16_l16_r8_c16_m3_w10g0_d32_s3_q2,det,supplement,module:mm,ff,21899,26100,4.201000e+03,1.918400e+01,,,not expected to change; investigated and logged in the plan's §15
det_k16_l16_r8_c16_m3_w10g0_d32_s3_q2,det,supplement,module:mm,dsp,384,386,2.000000e+00,5.210000e-01,,,not expected to change; investigated and logged in the plan's §15
det_k16_l16_r8_c16_m3_w10g0_d32_s3_q2,det,supplement,module:vec,lut,48417,48695,2.780000e+02,5.740000e-01,,,not expected to change; investigated and logged in the plan's §15
det_k16_l16_r8_c16_m3_w10g0_d32_s3_q2,det,supplement,module:vec,ff,26085,26016,-6.900000e+01,-2.650000e-01,,,not expected to change; investigated and logged in the plan's §15
det_k16_l16_r8_c16_m3_w10g0_d32_s3_q2,det,supplement,module:vec,dsp,80,81,1.000000e+00,1.250000e+00,,,not expected to change; investigated and logged in the plan's §15
det_k16_l16_r8_c16_m3_w10g0_d32_s3_q2,det,supplement,cycles,t_iter,5.444824e+02,5.551234e+02,1.064100e+01,1.954000e+00,,1,the cores' per-iteration loops (the spans mm.iter and vec.iter)
det_k16_l16_r8_c16_m3_w10g0_d32_s3_q2,det,supplement,cycles,t0,1.502846e+02,1.460076e+02,-4.277000e+00,-2.846000e+00,,1,the per-job work of the cores: the CG core's start and the systolic core's A load
det_k16_l16_r8_c16_m3_w10g0_d32_s3_q2,det,supplement,cycles:job1,interval_nit2,1.399000e+03,1.409000e+03,1.000000e+01,7.150000e-01,,1,the per-job work of the cores: the CG core's start and the systolic core's A load; the cores' per-iteration loops (the spans mm.iter and vec.iter)
det_k16_l16_r8_c16_m3_w10g0_d32_s3_q2,det,supplement,cycles:job2,interval_nit3,1.727000e+03,1.762000e+03,3.500000e+01,2.027000e+00,,1,the per-job work of the cores: the CG core's start and the systolic core's A load; the cores' per-iteration loops (the spans mm.iter and vec.iter)
det_k16_l16_r8_c16_m3_w10g0_d32_s3_q2,det,supplement,cycles:job3,interval_nit16,8.864000e+03,9.029000e+03,1.650000e+02,1.861000e+00,,1,the per-job work of the cores: the CG core's start and the systolic core's A load; the cores' per-iteration loops (the spans mm.iter and vec.iter)
det_k16_l16_r8_c16_m3_w10g0_d32_s3_q2,det,supplement,cycles:job4,interval_nit1,6.660000e+02,6.660000e+02,0.000000e+00,0.000000e+00,,1,the per-job work of the cores: the CG core's start and the systolic core's A load; the cores' per-iteration loops (the spans mm.iter and vec.iter)
det_k16_l16_r8_c16_m3_w10g0_d32_s3_q2,det,supplement,cycles:job5,interval_nit2,1.163000e+03,1.187000e+03,2.400000e+01,2.064000e+00,,1,the per-job work of the cores: the CG core's start and the systolic core's A load; the cores' per-iteration loops (the spans mm.iter and vec.iter)
det_k16_l16_r8_c16_m3_w10g0_d32_s3_q2,det,supplement,span,mm.iter,2.650000e+02,2.700000e+02,5.000000e+00,1.887000e+00,,1,"the systolic core: run-time dimensions, the A^H path, A's build-up moved into the core, the conjugated operand one bit wider, index products"
det_k16_l16_r8_c16_m3_w10g0_d32_s3_q2,det,supplement,span,vec.init,7.400000e+01,8.400000e+01,1.000000e+01,1.351400e+01,,1,"the CG core: run-time dimensions, index products"
det_k16_l16_r8_c16_m3_w10g0_d32_s3_q2,det,supplement,span,vec.iter,2.840000e+02,2.890000e+02,5.000000e+00,1.761000e+00,,1,"the CG core: run-time dimensions, index products"
det_k16_l16_r8_c16_m3_w10g0_d32_s3_q2,det,supplement,span,vec.last,2.840000e+02,2.890000e+02,5.000000e+00,1.761000e+00,,1,"the CG core: run-time dimensions, index products"
det_k16_l2_r16_c16_m4_w8g0_d32_s4_q4,det,supplement,rtl,bit_exact,1,1,0.000000e+00,0.000000e+00,,1,
det_k16_l2_r16_c16_m4_w8g0_d32_s4_q4,det,supplement,total,est_ns,3.352000e+00,3.352000e+00,0.000000e+00,0.000000e+00,,1,
det_k16_l2_r16_c16_m4_w8g0_d32_s4_q4,det,supplement,total,lut,80124,78817,-1.307000e+03,-1.631000e+00,,1,
det_k16_l2_r16_c16_m4_w8g0_d32_s4_q4,det,supplement,total,ff,49440,47962,-1.478000e+03,-2.989000e+00,,1,
det_k16_l2_r16_c16_m4_w8g0_d32_s4_q4,det,supplement,total,dsp,518,521,3.000000e+00,5.790000e-01,521,1,
det_k16_l2_r16_c16_m4_w8g0_d32_s4_q4,det,supplement,total,bram,32,25,-7.000000e+00,-2.187500e+01,25,1,
det_k16_l2_r16_c16_m4_w8g0_d32_s4_q4,det,supplement,module:CgCtrl,lut,332,83,-2.490000e+02,-7.500000e+01,,,one command per core per job
det_k16_l2_r16_c16_m4_w8g0_d32_s4_q4,det,supplement,module:CgCtrl,ff,95,102,7.000000e+00,7.368000e+00,,,one command per core per job
det_k16_l2_r16_c16_m4_w8g0_d32_s4_q4,det,supplement,module:CgLoad,lut,6459,1534,-4.925000e+03,-7.625000e+01,,,A in L-lane groups instead of K-lane rows; Waveflow's wf_load_matrix
det_k16_l2_r16_c16_m4_w8g0_d32_s4_q4,det,supplement,module:CgLoad,ff,506,549,4.300000e+01,8.498000e+00,,,A in L-lane groups instead of K-lane rows; Waveflow's wf_load_matrix
det_k16_l2_r16_c16_m4_w8g0_d32_s4_q4,det,supplement,module:CgStore,lut,497,584,8.700000e+01,1.750500e+01,,,Waveflow's wf_store_matrix
det_k16_l2_r16_c16_m4_w8g0_d32_s4_q4,det,supplement,module:CgStore,ff,144,225,8.100000e+01,5.625000e+01,,,Waveflow's wf_store_matrix
det_k16_l2_r16_c16_m4_w8g0_d32_s4_q4,det,supplement,memory:a_blk_U,bram,8,1,-7.000000e+00,-8.750000e+01,,,the A store's shape (L-lane groups instead of K-lane rows)
det_k16_l2_r16_c16_m4_w8g0_d32_s4_q4,det,supplement,module:mm,lut,61340,64281,2.941000e+03,4.795000e+00,,,not expected to change; investigated and logged in the plan's §15
det_k16_l2_r16_c16_m4_w8g0_d32_s4_q4,det,supplement,module:mm,ff,41294,39183,-2.111000e+03,-5.112000e+00,,,not expected to change; investigated and logged in the plan's §15
det_k16_l2_r16_c16_m4_w8g0_d32_s4_q4,det,supplement,module:mm,dsp,512,514,2.000000e+00,3.910000e-01,,,not expected to change; investigated and logged in the plan's §15
det_k16_l2_r16_c16_m4_w8g0_d32_s4_q4,det,supplement,module:vec,lut,6866,7705,8.390000e+02,1.222000e+01,,,not expected to change; investigated and logged in the plan's §15
det_k16_l2_r16_c16_m4_w8g0_d32_s4_q4,det,supplement,module:vec,ff,3016,3518,5.020000e+02,1.664500e+01,,,not expected to change; investigated and logged in the plan's §15
det_k16_l2_r16_c16_m4_w8g0_d32_s4_q4,det,supplement,module:vec,dsp,6,7,1.000000e+00,1.666700e+01,,,not expected to change; investigated and logged in the plan's §15
det_k16_l2_r16_c16_m4_w8g0_d32_s4_q4,det,supplement,cycles,t_iter,2.576000e+03,2.617000e+03,4.100000e+01,1.592000e+00,,1,the cores' per-iteration loops (the spans mm.iter and vec.iter)
det_k16_l2_r16_c16_m4_w8g0_d32_s4_q4,det,supplement,cycles,t0,5.260000e+02,5.990000e+02,7.300000e+01,1.387800e+01,,1,the per-job work of the cores: the CG core's start and the systolic core's A load
det_k16_l2_r16_c16_m4_w8g0_d32_s4_q4,det,supplement,cycles:job1,interval_nit2,5.678000e+03,5.833000e+03,1.550000e+02,2.730000e+00,,1,the per-job work of the cores: the CG core's start and the systolic core's A load; the cores' per-iteration loops (the spans mm.iter and vec.iter)
det_k16_l2_r16_c16_m4_w8g0_d32_s4_q4,det,supplement,cycles:job2,interval_nit3,8.254000e+03,8.450000e+03,1.960000e+02,2.375000e+00,,1,the per-job work of the cores: the CG core's start and the systolic core's A load; the cores' per-iteration loops (the spans mm.iter and vec.iter)
det_k16_l2_r16_c16_m4_w8g0_d32_s4_q4,det,supplement,cycles:job3,interval_nit16,4.174200e+04,4.247100e+04,7.290000e+02,1.746000e+00,,1,the per-job work of the cores: the CG core's start and the systolic core's A load; the cores' per-iteration loops (the spans mm.iter and vec.iter)
det_k16_l2_r16_c16_m4_w8g0_d32_s4_q4,det,supplement,cycles:job4,interval_nit1,3.102000e+03,3.216000e+03,1.140000e+02,3.675000e+00,,1,the per-job work of the cores: the CG core's start and the systolic core's A load; the cores' per-iteration loops (the spans mm.iter and vec.iter)
det_k16_l2_r16_c16_m4_w8g0_d32_s4_q4,det,supplement,cycles:job5,interval_nit2,5.678000e+03,5.833000e+03,1.550000e+02,2.730000e+00,,1,the per-job work of the cores: the CG core's start and the systolic core's A load; the cores' per-iteration loops (the spans mm.iter and vec.iter)
det_k16_l2_r16_c16_m4_w8g0_d32_s4_q4,det,supplement,span,mm.iter,6.280000e+02,6.360000e+02,8.000000e+00,1.274000e+00,,1,"the systolic core: run-time dimensions, the A^H path, A's build-up moved into the core, the conjugated operand one bit wider, index products"
det_k16_l2_r16_c16_m4_w8g0_d32_s4_q4,det,supplement,span,vec.init,5.200000e+02,5.980000e+02,7.800000e+01,1.500000e+01,,0,"the CG core: run-time dimensions, index products"
det_k16_l2_r16_c16_m4_w8g0_d32_s4_q4,det,supplement,span,vec.iter,1.948000e+03,1.981000e+03,3.300000e+01,1.694000e+00,,1,"the CG core: run-time dimensions, index products"
det_k16_l2_r16_c16_m4_w8g0_d32_s4_q4,det,supplement,span,vec.last,1.948000e+03,1.981000e+03,3.300000e+01,1.694000e+00,,1,"the CG core: run-time dimensions, index products"
mm_k8_r4_c8_m4_w12_l2,mm,fit2,rtl,bit_exact,1,1,0.000000e+00,0.000000e+00,,1,
mm_k8_r4_c8_m4_w12_l2,mm,fit2,total,est_ns,3.352000e+00,3.352000e+00,0.000000e+00,0.000000e+00,,1,
mm_k8_r4_c8_m4_w12_l2,mm,fit2,block:CgMm,lut,8842,10917,2.075000e+03,2.346800e+01,,,"the systolic core: run-time dimensions, the A^H path, A's build-up moved into the core, the conjugated operand one bit wider, index products"
mm_k8_r4_c8_m4_w12_l2,mm,fit2,block:CgMm,ff,8998,8660,-3.380000e+02,-3.756000e+00,,,"the systolic core: run-time dimensions, the A^H path, A's build-up moved into the core, the conjugated operand one bit wider, index products"
mm_k8_r4_c8_m4_w12_l2,mm,fit2,block:CgMm,dsp,128,130,2.000000e+00,1.562000e+00,130,1,"the systolic core: run-time dimensions, the A^H path, A's build-up moved into the core, the conjugated operand one bit wider, index products"
mm_k8_r4_c8_m4_w12_l2,mm,fit2,block:CgMm,bram,0,0,0.000000e+00,,0,1,"the systolic core: run-time dimensions, the A^H path, A's build-up moved into the core, the conjugated operand one bit wider, index products"
mm_k8_r4_c8_m4_w12_l2,mm,fit2,span,mm.iter,4.770000e+02,4.940000e+02,1.700000e+01,3.564000e+00,,1,"the systolic core: run-time dimensions, the A^H path, A's build-up moved into the core, the conjugated operand one bit wider, index products"
mm_k8_r1_c4_m4_w8_l2,mm,fit2,rtl,bit_exact,1,1,0.000000e+00,0.000000e+00,,1,
mm_k8_r1_c4_m4_w8_l2,mm,fit2,total,est_ns,3.352000e+00,3.352000e+00,0.000000e+00,0.000000e+00,,1,
mm_k8_r1_c4_m4_w8_l2,mm,fit2,block:CgMm,lut,4361,5816,1.455000e+03,3.336400e+01,,,"the systolic core: run-time dimensions, the A^H path, A's build-up moved into the core, the conjugated operand one bit wider, index products"
mm_k8_r1_c4_m4_w8_l2,mm,fit2,block:CgMm,ff,2111,1947,-1.640000e+02,-7.769000e+00,,,"the systolic core: run-time dimensions, the A^H path, A's build-up moved into the core, the conjugated operand one bit wider, index products"
mm_k8_r1_c4_m4_w8_l2,mm,fit2,block:CgMm,dsp,8,10,2.000000e+00,2.500000e+01,10,1,"the systolic core: run-time dimensions, the A^H path, A's build-up moved into the core, the conjugated operand one bit wider, index products"
mm_k8_r1_c4_m4_w8_l2,mm,fit2,block:CgMm,bram,0,0,0.000000e+00,,0,1,"the systolic core: run-time dimensions, the A^H path, A's build-up moved into the core, the conjugated operand one bit wider, index products"
mm_k8_r1_c4_m4_w8_l2,mm,fit2,span,mm.iter,1.433000e+03,1.562000e+03,1.290000e+02,9.002000e+00,,0,"the systolic core: run-time dimensions, the A^H path, A's build-up moved into the core, the conjugated operand one bit wider, index products"
mm_k8_r1_c4_m4_w16_l2,mm,fit2,rtl,bit_exact,1,1,0.000000e+00,0.000000e+00,,1,
mm_k8_r1_c4_m4_w16_l2,mm,fit2,total,est_ns,3.352000e+00,3.352000e+00,0.000000e+00,0.000000e+00,,1,
mm_k8_r1_c4_m4_w16_l2,mm,fit2,block:CgMm,lut,4393,6072,1.679000e+03,3.822000e+01,,,"the systolic core: run-time dimensions, the A^H path, A's build-up moved into the core, the conjugated operand one bit wider, index products"
mm_k8_r1_c4_m4_w16_l2,mm,fit2,block:CgMm,ff,3794,2935,-8.590000e+02,-2.264100e+01,,,"the systolic core: run-time dimensions, the A^H path, A's build-up moved into the core, the conjugated operand one bit wider, index products"
mm_k8_r1_c4_m4_w16_l2,mm,fit2,block:CgMm,dsp,16,18,2.000000e+00,1.250000e+01,18,1,"the systolic core: run-time dimensions, the A^H path, A's build-up moved into the core, the conjugated operand one bit wider, index products"
mm_k8_r1_c4_m4_w16_l2,mm,fit2,block:CgMm,bram,8,8,0.000000e+00,0.000000e+00,8,1,"the systolic core: run-time dimensions, the A^H path, A's build-up moved into the core, the conjugated operand one bit wider, index products"
mm_k8_r1_c4_m4_w16_l2,mm,fit2,span,mm.iter,1.433000e+03,1.626000e+03,1.930000e+02,1.346800e+01,,0,"the systolic core: run-time dimensions, the A^H path, A's build-up moved into the core, the conjugated operand one bit wider, index products"
mm_k8_r8_c32_m4_w8_l2,mm,fit2,rtl,bit_exact,1,1,0.000000e+00,0.000000e+00,,1,
mm_k8_r8_c32_m4_w8_l2,mm,fit2,total,est_ns,3.352000e+00,3.352000e+00,0.000000e+00,0.000000e+00,,1,
mm_k8_r8_c32_m4_w8_l2,mm,fit2,block:CgMm,lut,56524,62600,6.076000e+03,1.074900e+01,,,"the systolic core: run-time dimensions, the A^H path, A's build-up moved into the core, the conjugated operand one bit wider, index products"
mm_k8_r8_c32_m4_w8_l2,mm,fit2,block:CgMm,ff,36838,38252,1.414000e+03,3.838000e+00,,,"the systolic core: run-time dimensions, the A^H path, A's build-up moved into the core, the conjugated operand one bit wider, index products"
mm_k8_r8_c32_m4_w8_l2,mm,fit2,block:CgMm,dsp,512,514,2.000000e+00,3.910000e-01,514,1,"the systolic core: run-time dimensions, the A^H path, A's build-up moved into the core, the conjugated operand one bit wider, index products"
mm_k8_r8_c32_m4_w8_l2,mm,fit2,block:CgMm,bram,0,0,0.000000e+00,,0,1,"the systolic core: run-time dimensions, the A^H path, A's build-up moved into the core, the conjugated operand one bit wider, index products"
mm_k8_r8_c32_m4_w8_l2,mm,fit2,span,mm.iter,3.130000e+02,3.240000e+02,1.100000e+01,3.514000e+00,,1,"the systolic core: run-time dimensions, the A^H path, A's build-up moved into the core, the conjugated operand one bit wider, index products"
mm_k8_r8_c32_m4_w16_l2,mm,fit2,rtl,bit_exact,1,1,0.000000e+00,0.000000e+00,,1,
mm_k8_r8_c32_m4_w16_l2,mm,fit2,total,est_ns,3.352000e+00,3.352000e+00,0.000000e+00,0.000000e+00,,1,
mm_k8_r8_c32_m4_w16_l2,mm,fit2,block:CgMm,lut,47608,51296,3.688000e+03,7.747000e+00,,,"the systolic core: run-time dimensions, the A^H path, A's build-up moved into the core, the conjugated operand one bit wider, index products"
mm_k8_r8_c32_m4_w16_l2,mm,fit2,block:CgMm,ff,71334,72080,7.460000e+02,1.046000e+00,,,"the systolic core: run-time dimensions, the A^H path, A's build-up moved into the core, the conjugated operand one bit wider, index products"
mm_k8_r8_c32_m4_w16_l2,mm,fit2,block:CgMm,dsp,1024,1026,2.000000e+00,1.950000e-01,1026,1,"the systolic core: run-time dimensions, the A^H path, A's build-up moved into the core, the conjugated operand one bit wider, index products"
mm_k8_r8_c32_m4_w16_l2,mm,fit2,block:CgMm,bram,0,0,0.000000e+00,,0,1,"the systolic core: run-time dimensions, the A^H path, A's build-up moved into the core, the conjugated operand one bit wider, index products"
mm_k8_r8_c32_m4_w16_l2,mm,fit2,span,mm.iter,3.130000e+02,3.240000e+02,1.100000e+01,3.514000e+00,,1,"the systolic core: run-time dimensions, the A^H path, A's build-up moved into the core, the conjugated operand one bit wider, index products"
mm_k16_r16_c16_m4_w8_l2,mm,fit2,rtl,bit_exact,1,1,0.000000e+00,0.000000e+00,,1,
mm_k16_r16_c16_m4_w8_l2,mm,fit2,total,est_ns,3.352000e+00,3.352000e+00,0.000000e+00,0.000000e+00,,1,
mm_k16_r16_c16_m4_w8_l2,mm,fit2,block:CgMm,lut,61326,64281,2.955000e+03,4.819000e+00,,,"the systolic core: run-time dimensions, the A^H path, A's build-up moved into the core, the conjugated operand one bit wider, index products"
mm_k16_r16_c16_m4_w8_l2,mm,fit2,block:CgMm,ff,41323,39183,-2.140000e+03,-5.179000e+00,,,"the systolic core: run-time dimensions, the A^H path, A's build-up moved into the core, the conjugated operand one bit wider, index products"
mm_k16_r16_c16_m4_w8_l2,mm,fit2,block:CgMm,dsp,512,514,2.000000e+00,3.910000e-01,514,1,"the systolic core: run-time dimensions, the A^H path, A's build-up moved into the core, the conjugated operand one bit wider, index products"
mm_k16_r16_c16_m4_w8_l2,mm,fit2,block:CgMm,bram,0,0,0.000000e+00,,0,1,"the systolic core: run-time dimensions, the A^H path, A's build-up moved into the core, the conjugated operand one bit wider, index products"
mm_k16_r16_c16_m4_w8_l2,mm,fit2,span,mm.iter,6.280000e+02,6.360000e+02,8.000000e+00,1.274000e+00,,1,"the systolic core: run-time dimensions, the A^H path, A's build-up moved into the core, the conjugated operand one bit wider, index products"
mm_k16_r16_c16_m4_w16_l2,mm,fit2,rtl,bit_exact,1,1,0.000000e+00,0.000000e+00,,1,
mm_k16_r16_c16_m4_w16_l2,mm,fit2,total,est_ns,3.352000e+00,3.352000e+00,0.000000e+00,0.000000e+00,,1,
mm_k16_r16_c16_m4_w16_l2,mm,fit2,block:CgMm,lut,52394,53105,7.110000e+02,1.357000e+00,,,"the systolic core: run-time dimensions, the A^H path, A's build-up moved into the core, the conjugated operand one bit wider, index products"
mm_k16_r16_c16_m4_w16_l2,mm,fit2,block:CgMm,ff,79531,73203,-6.328000e+03,-7.957000e+00,,,"the systolic core: run-time dimensions, the A^H path, A's build-up moved into the core, the conjugated operand one bit wider, index products"
mm_k16_r16_c16_m4_w16_l2,mm,fit2,block:CgMm,dsp,1024,1026,2.000000e+00,1.950000e-01,1026,1,"the systolic core: run-time dimensions, the A^H path, A's build-up moved into the core, the conjugated operand one bit wider, index products"
mm_k16_r16_c16_m4_w16_l2,mm,fit2,block:CgMm,bram,0,0,0.000000e+00,,0,1,"the systolic core: run-time dimensions, the A^H path, A's build-up moved into the core, the conjugated operand one bit wider, index products"
mm_k16_r16_c16_m4_w16_l2,mm,fit2,span,mm.iter,6.280000e+02,6.360000e+02,8.000000e+00,1.274000e+00,,1,"the systolic core: run-time dimensions, the A^H path, A's build-up moved into the core, the conjugated operand one bit wider, index products"
mm_k16_r1_c32_m4_w8_l2,mm,fit2,rtl,bit_exact,1,1,0.000000e+00,0.000000e+00,,1,
mm_k16_r1_c32_m4_w8_l2,mm,fit2,total,est_ns,3.352000e+00,3.352000e+00,0.000000e+00,0.000000e+00,,1,
mm_k16_r1_c32_m4_w8_l2,mm,fit2,block:CgMm,lut,17599,17660,6.100000e+01,3.470000e-01,,,"the systolic core: run-time dimensions, the A^H path, A's build-up moved into the core, the conjugated operand one bit wider, index products"
mm_k16_r1_c32_m4_w8_l2,mm,fit2,block:CgMm,ff,9334,6211,-3.123000e+03,-3.345800e+01,,,"the systolic core: run-time dimensions, the A^H path, A's build-up moved into the core, the conjugated operand one bit wider, index products"
mm_k16_r1_c32_m4_w8_l2,mm,fit2,block:CgMm,dsp,64,66,2.000000e+00,3.125000e+00,66,1,"the systolic core: run-time dimensions, the A^H path, A's build-up moved into the core, the conjugated operand one bit wider, index products"
mm_k16_r1_c32_m4_w8_l2,mm,fit2,block:CgMm,bram,0,0,0.000000e+00,,0,1,"the systolic core: run-time dimensions, the A^H path, A's build-up moved into the core, the conjugated operand one bit wider, index products"
mm_k16_r1_c32_m4_w8_l2,mm,fit2,span,mm.iter,1.384000e+03,1.450000e+03,6.600000e+01,4.769000e+00,,1,"the systolic core: run-time dimensions, the A^H path, A's build-up moved into the core, the conjugated operand one bit wider, index products"
mm_k16_r1_c32_m4_w16_l2,mm,fit2,rtl,bit_exact,1,1,0.000000e+00,0.000000e+00,,1,
mm_k16_r1_c32_m4_w16_l2,mm,fit2,total,est_ns,3.352000e+00,3.352000e+00,0.000000e+00,0.000000e+00,,1,
mm_k16_r1_c32_m4_w16_l2,mm,fit2,block:CgMm,lut,17195,17220,2.500000e+01,1.450000e-01,,,"the systolic core: run-time dimensions, the A^H path, A's build-up moved into the core, the conjugated operand one bit wider, index products"
mm_k16_r1_c32_m4_w16_l2,mm,fit2,block:CgMm,ff,18055,11873,-6.182000e+03,-3.424000e+01,,,"the systolic core: run-time dimensions, the A^H path, A's build-up moved into the core, the conjugated operand one bit wider, index products"
mm_k16_r1_c32_m4_w16_l2,mm,fit2,block:CgMm,dsp,128,130,2.000000e+00,1.562000e+00,130,1,"the systolic core: run-time dimensions, the A^H path, A's build-up moved into the core, the conjugated operand one bit wider, index products"
mm_k16_r1_c32_m4_w16_l2,mm,fit2,block:CgMm,bram,0,0,0.000000e+00,,0,1,"the systolic core: run-time dimensions, the A^H path, A's build-up moved into the core, the conjugated operand one bit wider, index products"
mm_k16_r1_c32_m4_w16_l2,mm,fit2,span,mm.iter,1.384000e+03,1.450000e+03,6.600000e+01,4.769000e+00,,1,"the systolic core: run-time dimensions, the A^H path, A's build-up moved into the core, the conjugated operand one bit wider, index products"
mm_k8_r4_c16_m4_w12_l16,mm,fit2,rtl,bit_exact,1,1,0.000000e+00,0.000000e+00,,1,
mm_k8_r4_c16_m4_w12_l16,mm,fit2,total,est_ns,3.352000e+00,3.352000e+00,0.000000e+00,0.000000e+00,,1,
mm_k8_r4_c16_m4_w12_l16,mm,fit2,block:CgMm,lut,17270,23146,5.876000e+03,3.402400e+01,,,"the systolic core: run-time dimensions, the A^H path, A's build-up moved into the core, the conjugated operand one bit wider, index products"
mm_k8_r4_c16_m4_w12_l16,mm,fit2,block:CgMm,ff,15331,18211,2.880000e+03,1.878500e+01,,,"the systolic core: run-time dimensions, the A^H path, A's build-up moved into the core, the conjugated operand one bit wider, index products"
mm_k8_r4_c16_m4_w12_l16,mm,fit2,block:CgMm,dsp,256,258,2.000000e+00,7.810000e-01,258,1,"the systolic core: run-time dimensions, the A^H path, A's build-up moved into the core, the conjugated operand one bit wider, index products"
mm_k8_r4_c16_m4_w12_l16,mm,fit2,block:CgMm,bram,0,0,0.000000e+00,,0,1,"the systolic core: run-time dimensions, the A^H path, A's build-up moved into the core, the conjugated operand one bit wider, index products"
mm_k8_r4_c16_m4_w12_l16,mm,fit2,span,mm.iter,1.770000e+02,1.820000e+02,5.000000e+00,2.825000e+00,,1,"the systolic core: run-time dimensions, the A^H path, A's build-up moved into the core, the conjugated operand one bit wider, index products"
mm_k8_r1_c16_m4_w8_l16,mm,fit2,rtl,bit_exact,1,1,0.000000e+00,0.000000e+00,,1,
mm_k8_r1_c16_m4_w8_l16,mm,fit2,total,est_ns,3.352000e+00,3.352000e+00,0.000000e+00,0.000000e+00,,1,
mm_k8_r1_c16_m4_w8_l16,mm,fit2,block:CgMm,lut,10484,15257,4.773000e+03,4.552700e+01,,,"the systolic core: run-time dimensions, the A^H path, A's build-up moved into the core, the conjugated operand one bit wider, index products"
mm_k8_r1_c16_m4_w8_l16,mm,fit2,block:CgMm,ff,3941,5292,1.351000e+03,3.428100e+01,,,"the systolic core: run-time dimensions, the A^H path, A's build-up moved into the core, the conjugated operand one bit wider, index products"
mm_k8_r1_c16_m4_w8_l16,mm,fit2,block:CgMm,dsp,32,34,2.000000e+00,6.250000e+00,34,1,"the systolic core: run-time dimensions, the A^H path, A's build-up moved into the core, the conjugated operand one bit wider, index products"
mm_k8_r1_c16_m4_w8_l16,mm,fit2,block:CgMm,bram,0,0,0.000000e+00,,0,1,"the systolic core: run-time dimensions, the A^H path, A's build-up moved into the core, the conjugated operand one bit wider, index products"
mm_k8_r1_c16_m4_w8_l16,mm,fit2,span,mm.iter,5.200000e+02,5.380000e+02,1.800000e+01,3.462000e+00,,1,"the systolic core: run-time dimensions, the A^H path, A's build-up moved into the core, the conjugated operand one bit wider, index products"
mm_k8_r1_c16_m4_w16_l16,mm,fit2,rtl,bit_exact,1,1,0.000000e+00,0.000000e+00,,1,
mm_k8_r1_c16_m4_w16_l16,mm,fit2,total,est_ns,3.352000e+00,3.352000e+00,0.000000e+00,0.000000e+00,,1,
mm_k8_r1_c16_m4_w16_l16,mm,fit2,block:CgMm,lut,10964,18121,7.157000e+03,6.527700e+01,,,"the systolic core: run-time dimensions, the A^H path, A's build-up moved into the core, the conjugated operand one bit wider, index products"
mm_k8_r1_c16_m4_w16_l16,mm,fit2,block:CgMm,ff,7511,10103,2.592000e+03,3.450900e+01,,,"the systolic core: run-time dimensions, the A^H path, A's build-up moved into the core, the conjugated operand one bit wider, index products"
mm_k8_r1_c16_m4_w16_l16,mm,fit2,block:CgMm,dsp,64,66,2.000000e+00,3.125000e+00,66,1,"the systolic core: run-time dimensions, the A^H path, A's build-up moved into the core, the conjugated operand one bit wider, index products"
mm_k8_r1_c16_m4_w16_l16,mm,fit2,block:CgMm,bram,0,0,0.000000e+00,,0,1,"the systolic core: run-time dimensions, the A^H path, A's build-up moved into the core, the conjugated operand one bit wider, index products"
mm_k8_r1_c16_m4_w16_l16,mm,fit2,span,mm.iter,5.200000e+02,5.540000e+02,3.400000e+01,6.538000e+00,,0,"the systolic core: run-time dimensions, the A^H path, A's build-up moved into the core, the conjugated operand one bit wider, index products"
mm_k8_r8_c32_m4_w8_l16,mm,fit2,rtl,bit_exact,1,1,0.000000e+00,0.000000e+00,,1,
mm_k8_r8_c32_m4_w8_l16,mm,fit2,total,est_ns,3.352000e+00,3.352000e+00,0.000000e+00,0.000000e+00,,1,
mm_k8_r8_c32_m4_w8_l16,mm,fit2,block:CgMm,lut,63410,72180,8.770000e+03,1.383100e+01,,,"the systolic core: run-time dimensions, the A^H path, A's build-up moved into the core, the conjugated operand one bit wider, index products"
mm_k8_r8_c32_m4_w8_l16,mm,fit2,block:CgMm,ff,36471,39739,3.268000e+03,8.961000e+00,,,"the systolic core: run-time dimensions, the A^H path, A's build-up moved into the core, the conjugated operand one bit wider, index products"
mm_k8_r8_c32_m4_w8_l16,mm,fit2,block:CgMm,dsp,512,514,2.000000e+00,3.910000e-01,514,1,"the systolic core: run-time dimensions, the A^H path, A's build-up moved into the core, the conjugated operand one bit wider, index products"
mm_k8_r8_c32_m4_w8_l16,mm,fit2,block:CgMm,bram,0,0,0.000000e+00,,0,1,"the systolic core: run-time dimensions, the A^H path, A's build-up moved into the core, the conjugated operand one bit wider, index products"
mm_k8_r8_c32_m4_w8_l16,mm,fit2,span,mm.iter,8.900000e+01,9.900000e+01,1.000000e+01,1.123600e+01,,1,"the systolic core: run-time dimensions, the A^H path, A's build-up moved into the core, the conjugated operand one bit wider, index products"
mm_k8_r8_c32_m4_w16_l16,mm,fit2,rtl,bit_exact,1,1,0.000000e+00,0.000000e+00,,1,
mm_k8_r8_c32_m4_w16_l16,mm,fit2,total,est_ns,3.352000e+00,3.352000e+00,0.000000e+00,0.000000e+00,,1,
mm_k8_r8_c32_m4_w16_l16,mm,fit2,block:CgMm,lut,58978,67444,8.466000e+03,1.435500e+01,,,"the systolic core: run-time dimensions, the A^H path, A's build-up moved into the core, the conjugated operand one bit wider, index products"
mm_k8_r8_c32_m4_w16_l16,mm,fit2,block:CgMm,ff,70679,76150,5.471000e+03,7.741000e+00,,,"the systolic core: run-time dimensions, the A^H path, A's build-up moved into the core, the conjugated operand one bit wider, index products"
mm_k8_r8_c32_m4_w16_l16,mm,fit2,block:CgMm,dsp,1024,1026,2.000000e+00,1.950000e-01,1026,1,"the systolic core: run-time dimensions, the A^H path, A's build-up moved into the core, the conjugated operand one bit wider, index products"
mm_k8_r8_c32_m4_w16_l16,mm,fit2,block:CgMm,bram,0,0,0.000000e+00,,0,1,"the systolic core: run-time dimensions, the A^H path, A's build-up moved into the core, the conjugated operand one bit wider, index products"
mm_k8_r8_c32_m4_w16_l16,mm,fit2,span,mm.iter,8.900000e+01,1.000000e+02,1.100000e+01,1.236000e+01,,1,"the systolic core: run-time dimensions, the A^H path, A's build-up moved into the core, the conjugated operand one bit wider, index products"
mm_k16_r16_c16_m4_w8_l16,mm,fit2,rtl,bit_exact,1,1,0.000000e+00,0.000000e+00,,1,
mm_k16_r16_c16_m4_w8_l16,mm,fit2,total,est_ns,3.352000e+00,3.352000e+00,0.000000e+00,0.000000e+00,,1,
mm_k16_r16_c16_m4_w8_l16,mm,fit2,block:CgMm,lut,63282,70053,6.771000e+03,1.070000e+01,,,"the systolic core: run-time dimensions, the A^H path, A's build-up moved into the core, the conjugated operand one bit wider, index products"
mm_k16_r16_c16_m4_w8_l16,mm,fit2,block:CgMm,ff,40235,42285,2.050000e+03,5.095000e+00,,,"the systolic core: run-time dimensions, the A^H path, A's build-up moved into the core, the conjugated operand one bit wider, index products"
mm_k16_r16_c16_m4_w8_l16,mm,fit2,block:CgMm,dsp,512,514,2.000000e+00,3.910000e-01,514,1,"the systolic core: run-time dimensions, the A^H path, A's build-up moved into the core, the conjugated operand one bit wider, index products"
mm_k16_r16_c16_m4_w8_l16,mm,fit2,block:CgMm,bram,0,0,0.000000e+00,,0,1,"the systolic core: run-time dimensions, the A^H path, A's build-up moved into the core, the conjugated operand one bit wider, index products"
mm_k16_r16_c16_m4_w8_l16,mm,fit2,span,mm.iter,1.780000e+02,1.840000e+02,6.000000e+00,3.371000e+00,,1,"the systolic core: run-time dimensions, the A^H path, A's build-up moved into the core, the conjugated operand one bit wider, index products"
mm_k16_r16_c16_m4_w16_l16,mm,fit2,rtl,bit_exact,1,1,0.000000e+00,0.000000e+00,,1,
mm_k16_r16_c16_m4_w16_l16,mm,fit2,total,est_ns,3.352000e+00,3.352000e+00,0.000000e+00,0.000000e+00,,1,
mm_k16_r16_c16_m4_w16_l16,mm,fit2,block:CgMm,lut,54994,63717,8.723000e+03,1.586200e+01,,,"the systolic core: run-time dimensions, the A^H path, A's build-up moved into the core, the conjugated operand one bit wider, index products"
mm_k16_r16_c16_m4_w16_l16,mm,fit2,block:CgMm,ff,77643,80360,2.717000e+03,3.499000e+00,,,"the systolic core: run-time dimensions, the A^H path, A's build-up moved into the core, the conjugated operand one bit wider, index products"
mm_k16_r16_c16_m4_w16_l16,mm,fit2,block:CgMm,dsp,1024,1026,2.000000e+00,1.950000e-01,1026,1,"the systolic core: run-time dimensions, the A^H path, A's build-up moved into the core, the conjugated operand one bit wider, index products"
mm_k16_r16_c16_m4_w16_l16,mm,fit2,block:CgMm,bram,0,0,0.000000e+00,,0,1,"the systolic core: run-time dimensions, the A^H path, A's build-up moved into the core, the conjugated operand one bit wider, index products"
mm_k16_r16_c16_m4_w16_l16,mm,fit2,span,mm.iter,1.780000e+02,1.860000e+02,8.000000e+00,4.494000e+00,,1,"the systolic core: run-time dimensions, the A^H path, A's build-up moved into the core, the conjugated operand one bit wider, index products"
mm_k16_r1_c32_m4_w8_l16,mm,fit2,rtl,bit_exact,1,1,0.000000e+00,0.000000e+00,,1,
mm_k16_r1_c32_m4_w8_l16,mm,fit2,total,est_ns,3.352000e+00,3.352000e+00,0.000000e+00,0.000000e+00,,1,
mm_k16_r1_c32_m4_w8_l16,mm,fit2,block:CgMm,lut,20969,25397,4.428000e+03,2.111700e+01,,,"the systolic core: run-time dimensions, the A^H path, A's build-up moved into the core, the conjugated operand one bit wider, index products"
mm_k16_r1_c32_m4_w8_l16,mm,fit2,block:CgMm,ff,9698,10097,3.990000e+02,4.114000e+00,,,"the systolic core: run-time dimensions, the A^H path, A's build-up moved into the core, the conjugated operand one bit wider, index products"
mm_k16_r1_c32_m4_w8_l16,mm,fit2,block:CgMm,dsp,64,66,2.000000e+00,3.125000e+00,66,1,"the systolic core: run-time dimensions, the A^H path, A's build-up moved into the core, the conjugated operand one bit wider, index products"
mm_k16_r1_c32_m4_w8_l16,mm,fit2,block:CgMm,bram,0,0,0.000000e+00,,0,1,"the systolic core: run-time dimensions, the A^H path, A's build-up moved into the core, the conjugated operand one bit wider, index products"
mm_k16_r1_c32_m4_w8_l16,mm,fit2,span,mm.iter,9.360000e+02,1.003000e+03,6.700000e+01,7.158000e+00,,0,"the systolic core: run-time dimensions, the A^H path, A's build-up moved into the core, the conjugated operand one bit wider, index products"
mm_k16_r1_c32_m4_w16_l16,mm,fit2,rtl,bit_exact,1,1,0.000000e+00,0.000000e+00,,1,
mm_k16_r1_c32_m4_w16_l16,mm,fit2,total,est_ns,3.352000e+00,3.352000e+00,0.000000e+00,0.000000e+00,,1,
mm_k16_r1_c32_m4_w16_l16,mm,fit2,block:CgMm,lut,21657,30309,8.652000e+03,3.995000e+01,,,"the systolic core: run-time dimensions, the A^H path, A's build-up moved into the core, the conjugated operand one bit wider, index products"
mm_k16_r1_c32_m4_w16_l16,mm,fit2,block:CgMm,ff,18643,20027,1.384000e+03,7.424000e+00,,,"the systolic core: run-time dimensions, the A^H path, A's build-up moved into the core, the conjugated operand one bit wider, index products"
mm_k16_r1_c32_m4_w16_l16,mm,fit2,block:CgMm,dsp,128,130,2.000000e+00,1.562000e+00,130,1,"the systolic core: run-time dimensions, the A^H path, A's build-up moved into the core, the conjugated operand one bit wider, index products"
mm_k16_r1_c32_m4_w16_l16,mm,fit2,block:CgMm,bram,0,0,0.000000e+00,,0,1,"the systolic core: run-time dimensions, the A^H path, A's build-up moved into the core, the conjugated operand one bit wider, index products"
mm_k16_r1_c32_m4_w16_l16,mm,fit2,span,mm.iter,9.360000e+02,1.019000e+03,8.300000e+01,8.868000e+00,,0,"the systolic core: run-time dimensions, the A^H path, A's build-up moved into the core, the conjugated operand one bit wider, index products"
mm_k8_r1_c8_m4_w12_l8,mm,fit2,rtl,bit_exact,1,1,0.000000e+00,0.000000e+00,,1,
mm_k8_r1_c8_m4_w12_l8,mm,fit2,total,est_ns,3.352000e+00,3.352000e+00,0.000000e+00,0.000000e+00,,1,
mm_k8_r1_c8_m4_w12_l8,mm,fit2,block:CgMm,lut,7275,10291,3.016000e+03,4.145700e+01,,,"the systolic core: run-time dimensions, the A^H path, A's build-up moved into the core, the conjugated operand one bit wider, index products"
mm_k8_r1_c8_m4_w12_l8,mm,fit2,block:CgMm,ff,4629,5421,7.920000e+02,1.711000e+01,,,"the systolic core: run-time dimensions, the A^H path, A's build-up moved into the core, the conjugated operand one bit wider, index products"
mm_k8_r1_c8_m4_w12_l8,mm,fit2,block:CgMm,dsp,32,37,5.000000e+00,1.562500e+01,34,0,"the systolic core: run-time dimensions, the A^H path, A's build-up moved into the core, the conjugated operand one bit wider, index products"
mm_k8_r1_c8_m4_w12_l8,mm,fit2,block:CgMm,bram,0,0,0.000000e+00,,0,1,"the systolic core: run-time dimensions, the A^H path, A's build-up moved into the core, the conjugated operand one bit wider, index products"
mm_k8_r1_c8_m4_w12_l8,mm,fit2,span,mm.iter,5.230000e+02,5.250000e+02,2.000000e+00,3.820000e-01,,1,"the systolic core: run-time dimensions, the A^H path, A's build-up moved into the core, the conjugated operand one bit wider, index products"
mm_k4_r2_c4_m3_w10_l2,mm,supplement2,rtl,bit_exact,1,1,0.000000e+00,0.000000e+00,,1,
mm_k4_r2_c4_m3_w10_l2,mm,supplement2,total,est_ns,3.392000e+00,3.392000e+00,0.000000e+00,0.000000e+00,,1,
mm_k4_r2_c4_m3_w10_l2,mm,supplement2,block:CgMm,lut,3388,5470,2.082000e+03,6.145200e+01,,,"the systolic core: run-time dimensions, the A^H path, A's build-up moved into the core, the conjugated operand one bit wider, index products"
mm_k4_r2_c4_m3_w10_l2,mm,supplement2,block:CgMm,ff,1731,2444,7.130000e+02,4.119000e+01,,,"the systolic core: run-time dimensions, the A^H path, A's build-up moved into the core, the conjugated operand one bit wider, index products"
mm_k4_r2_c4_m3_w10_l2,mm,supplement2,block:CgMm,dsp,24,26,2.000000e+00,8.333000e+00,26,1,"the systolic core: run-time dimensions, the A^H path, A's build-up moved into the core, the conjugated operand one bit wider, index products"
mm_k4_r2_c4_m3_w10_l2,mm,supplement2,block:CgMm,bram,0,0,0.000000e+00,,0,1,"the systolic core: run-time dimensions, the A^H path, A's build-up moved into the core, the conjugated operand one bit wider, index products"
mm_k4_r2_c4_m3_w10_l2,mm,supplement2,span,mm.iter,4.290000e+02,4.460000e+02,1.700000e+01,3.963000e+00,,1,"the systolic core: run-time dimensions, the A^H path, A's build-up moved into the core, the conjugated operand one bit wider, index products"
mm_k4_r2_c8_m3_w10_l2,mm,supplement2,rtl,bit_exact,1,1,0.000000e+00,0.000000e+00,,1,
mm_k4_r2_c8_m3_w10_l2,mm,supplement2,total,est_ns,3.392000e+00,3.392000e+00,0.000000e+00,0.000000e+00,,1,
mm_k4_r2_c8_m3_w10_l2,mm,supplement2,block:CgMm,lut,4678,7228,2.550000e+03,5.451000e+01,,,"the systolic core: run-time dimensions, the A^H path, A's build-up moved into the core, the conjugated operand one bit wider, index products"
mm_k4_r2_c8_m3_w10_l2,mm,supplement2,block:CgMm,ff,2891,3747,8.560000e+02,2.960900e+01,,,"the systolic core: run-time dimensions, the A^H path, A's build-up moved into the core, the conjugated operand one bit wider, index products"
mm_k4_r2_c8_m3_w10_l2,mm,supplement2,block:CgMm,dsp,48,50,2.000000e+00,4.167000e+00,50,1,"the systolic core: run-time dimensions, the A^H path, A's build-up moved into the core, the conjugated operand one bit wider, index products"
mm_k4_r2_c8_m3_w10_l2,mm,supplement2,block:CgMm,bram,0,0,0.000000e+00,,0,1,"the systolic core: run-time dimensions, the A^H path, A's build-up moved into the core, the conjugated operand one bit wider, index products"
mm_k4_r2_c8_m3_w10_l2,mm,supplement2,span,mm.iter,3.170000e+02,3.260000e+02,9.000000e+00,2.839000e+00,,1,"the systolic core: run-time dimensions, the A^H path, A's build-up moved into the core, the conjugated operand one bit wider, index products"
mm_k4_r4_c4_m3_w16_l2,mm,supplement2,rtl,bit_exact,1,1,0.000000e+00,0.000000e+00,,1,
mm_k4_r4_c4_m3_w16_l2,mm,supplement2,total,est_ns,3.392000e+00,3.392000e+00,0.000000e+00,0.000000e+00,,1,
mm_k4_r4_c4_m3_w16_l2,mm,supplement2,block:CgMm,lut,5119,7842,2.723000e+03,5.319400e+01,,,"the systolic core: run-time dimensions, the A^H path, A's build-up moved into the core, the conjugated operand one bit wider, index products"
mm_k4_r4_c4_m3_w16_l2,mm,supplement2,block:CgMm,ff,4060,5044,9.840000e+02,2.423600e+01,,,"the systolic core: run-time dimensions, the A^H path, A's build-up moved into the core, the conjugated operand one bit wider, index products"
mm_k4_r4_c4_m3_w16_l2,mm,supplement2,block:CgMm,dsp,48,50,2.000000e+00,4.167000e+00,50,1,"the systolic core: run-time dimensions, the A^H path, A's build-up moved into the core, the conjugated operand one bit wider, index products"
mm_k4_r4_c4_m3_w16_l2,mm,supplement2,block:CgMm,bram,0,0,0.000000e+00,,0,1,"the systolic core: run-time dimensions, the A^H path, A's build-up moved into the core, the conjugated operand one bit wider, index products"
mm_k4_r4_c4_m3_w16_l2,mm,supplement2,span,mm.iter,2.960000e+02,3.160000e+02,2.000000e+01,6.757000e+00,,1,"the systolic core: run-time dimensions, the A^H path, A's build-up moved into the core, the conjugated operand one bit wider, index products"
mm_k8_r8_c16_m4_w8_l16,mm,supplement2,rtl,bit_exact,1,1,0.000000e+00,0.000000e+00,,1,
mm_k8_r8_c16_m4_w8_l16,mm,supplement2,total,est_ns,3.352000e+00,3.352000e+00,0.000000e+00,0.000000e+00,,1,
mm_k8_r8_c16_m4_w8_l16,mm,supplement2,block:CgMm,lut,32871,39224,6.353000e+03,1.932700e+01,,,"the systolic core: run-time dimensions, the A^H path, A's build-up moved into the core, the conjugated operand one bit wider, index products"
mm_k8_r8_c16_m4_w8_l16,mm,supplement2,block:CgMm,ff,19103,21706,2.603000e+03,1.362600e+01,,,"the systolic core: run-time dimensions, the A^H path, A's build-up moved into the core, the conjugated operand one bit wider, index products"
mm_k8_r8_c16_m4_w8_l16,mm,supplement2,block:CgMm,dsp,256,258,2.000000e+00,7.810000e-01,258,1,"the systolic core: run-time dimensions, the A^H path, A's build-up moved into the core, the conjugated operand one bit wider, index products"
mm_k8_r8_c16_m4_w8_l16,mm,supplement2,block:CgMm,bram,0,0,0.000000e+00,,0,1,"the systolic core: run-time dimensions, the A^H path, A's build-up moved into the core, the conjugated operand one bit wider, index products"
mm_k8_r8_c16_m4_w8_l16,mm,supplement2,span,mm.iter,1.140000e+02,1.200000e+02,6.000000e+00,5.263000e+00,,1,"the systolic core: run-time dimensions, the A^H path, A's build-up moved into the core, the conjugated operand one bit wider, index products"
mm_k16_r1_c32_m3_w14_l16,mm,supplement2,rtl,bit_exact,1,1,0.000000e+00,0.000000e+00,,1,
mm_k16_r1_c32_m3_w14_l16,mm,supplement2,total,est_ns,3.392000e+00,3.392000e+00,0.000000e+00,0.000000e+00,,1,
mm_k16_r1_c32_m3_w14_l16,mm,supplement2,block:CgMm,lut,20725,29367,8.642000e+03,4.169800e+01,,,"the systolic core: run-time dimensions, the A^H path, A's build-up moved into the core, the conjugated operand one bit wider, index products"
mm_k16_r1_c32_m3_w14_l16,mm,supplement2,block:CgMm,ff,14643,16265,1.622000e+03,1.107700e+01,,,"the systolic core: run-time dimensions, the A^H path, A's build-up moved into the core, the conjugated operand one bit wider, index products"
mm_k16_r1_c32_m3_w14_l16,mm,supplement2,block:CgMm,dsp,96,98,2.000000e+00,2.083000e+00,98,1,"the systolic core: run-time dimensions, the A^H path, A's build-up moved into the core, the conjugated operand one bit wider, index products"
mm_k16_r1_c32_m3_w14_l16,mm,supplement2,block:CgMm,bram,0,0,0.000000e+00,,0,1,"the systolic core: run-time dimensions, the A^H path, A's build-up moved into the core, the conjugated operand one bit wider, index products"
mm_k16_r1_c32_m3_w14_l16,mm,supplement2,span,mm.iter,9.680000e+02,1.018000e+03,5.000000e+01,5.165000e+00,,0,"the systolic core: run-time dimensions, the A^H path, A's build-up moved into the core, the conjugated operand one bit wider, index products"
mm_k16_r1_c32_m4_w10_l16,mm,supplement2,rtl,bit_exact,1,1,0.000000e+00,0.000000e+00,,1,
mm_k16_r1_c32_m4_w10_l16,mm,supplement2,total,est_ns,3.352000e+00,3.352000e+00,0.000000e+00,0.000000e+00,,1,
mm_k16_r1_c32_m4_w10_l16,mm,supplement2,block:CgMm,lut,23181,26601,3.420000e+03,1.475300e+01,,,"the systolic core: run-time dimensions, the A^H path, A's build-up moved into the core, the conjugated operand one bit wider, index products"
mm_k16_r1_c32_m4_w10_l16,mm,supplement2,block:CgMm,ff,11936,12323,3.870000e+02,3.242000e+00,,,"the systolic core: run-time dimensions, the A^H path, A's build-up moved into the core, the conjugated operand one bit wider, index products"
mm_k16_r1_c32_m4_w10_l16,mm,supplement2,block:CgMm,dsp,64,98,3.400000e+01,5.312500e+01,98,1,"the systolic core: run-time dimensions, the A^H path, A's build-up moved into the core, the conjugated operand one bit wider, index products"
mm_k16_r1_c32_m4_w10_l16,mm,supplement2,block:CgMm,bram,0,0,0.000000e+00,,0,1,"the systolic core: run-time dimensions, the A^H path, A's build-up moved into the core, the conjugated operand one bit wider, index products"
mm_k16_r1_c32_m4_w10_l16,mm,supplement2,span,mm.iter,9.360000e+02,1.003000e+03,6.700000e+01,7.158000e+00,,0,"the systolic core: run-time dimensions, the A^H path, A's build-up moved into the core, the conjugated operand one bit wider, index products"
fin_det_k4_l1_r1_c4_m3_w12g4_d32_s3_q2,det,finalist,rtl,bit_exact,1,1,0.000000e+00,0.000000e+00,,1,
fin_det_k4_l1_r1_c4_m3_w12g4_d32_s3_q2,det,finalist,csynth,lut,14610,14903,2.930000e+02,2.005000e+00,,,
fin_det_k4_l1_r1_c4_m3_w12g4_d32_s3_q2,det,finalist,impl,lut,5161,5676,5.150000e+02,9.979000e+00,,1,
fin_det_k4_l1_r1_c4_m3_w12g4_d32_s3_q2,det,finalist,csynth,ff,8822,9766,9.440000e+02,1.070100e+01,,,
fin_det_k4_l1_r1_c4_m3_w12g4_d32_s3_q2,det,finalist,impl,ff,7135,7614,4.790000e+02,6.713000e+00,,1,
fin_det_k4_l1_r1_c4_m3_w12g4_d32_s3_q2,det,finalist,csynth,dsp,24,27,3.000000e+00,1.250000e+01,27,1,
fin_det_k4_l1_r1_c4_m3_w12g4_d32_s3_q2,det,finalist,impl,dsp,28,31,3.000000e+00,1.071400e+01,,1,
fin_det_k4_l1_r1_c4_m3_w12g4_d32_s3_q2,det,finalist,csynth,bram,17,15,-2.000000e+00,-1.176500e+01,15,1,
fin_det_k4_l1_r1_c4_m3_w12g4_d32_s3_q2,det,finalist,impl,bram,18,10,-8.000000e+00,-4.444400e+01,,0,
fin_det_k4_l1_r1_c4_m3_w12g4_d32_s3_q2,det,finalist,cycles,job_nit2,8.582000e+03,8.993000e+03,4.110000e+02,4.789000e+00,,1,the per-job work of the cores: the CG core's start and the systolic core's A load; the cores' per-iteration loops (the spans mm.iter and vec.iter)
fin_det_k4_l1_r1_c4_m3_w12g4_d32_s3_q2,det,finalist,impl,cp_post_impl_ns,2.700000e+00,2.867000e+00,1.670000e-01,6.185000e+00,,1,
fin_det_k4_l1_r1_c4_m3_w14g0_d32_s3_q2,det,finalist,rtl,bit_exact,1,1,0.000000e+00,0.000000e+00,,1,
fin_det_k4_l1_r1_c4_m3_w14g0_d32_s3_q2,det,finalist,csynth,lut,14872,14864,-8.000000e+00,-5.400000e-02,,,
fin_det_k4_l1_r1_c4_m3_w14g0_d32_s3_q2,det,finalist,impl,lut,5326,5785,4.590000e+02,8.618000e+00,,1,
fin_det_k4_l1_r1_c4_m3_w14g0_d32_s3_q2,det,finalist,csynth,ff,8988,9866,8.780000e+02,9.769000e+00,,,
fin_det_k4_l1_r1_c4_m3_w14g0_d32_s3_q2,det,finalist,impl,ff,7370,7720,3.500000e+02,4.749000e+00,,1,
fin_det_k4_l1_r1_c4_m3_w14g0_d32_s3_q2,det,finalist,csynth,dsp,24,27,3.000000e+00,1.250000e+01,27,1,
fin_det_k4_l1_r1_c4_m3_w14g0_d32_s3_q2,det,finalist,impl,dsp,28,31,3.000000e+00,1.071400e+01,,1,
fin_det_k4_l1_r1_c4_m3_w14g0_d32_s3_q2,det,finalist,csynth,bram,18,15,-3.000000e+00,-1.666700e+01,15,1,
fin_det_k4_l1_r1_c4_m3_w14g0_d32_s3_q2,det,finalist,impl,bram,18,10,-8.000000e+00,-4.444400e+01,,0,
fin_det_k4_l1_r1_c4_m3_w14g0_d32_s3_q2,det,finalist,cycles,job_nit4,1.585200e+04,1.645900e+04,6.070000e+02,3.829000e+00,,1,the per-job work of the cores: the CG core's start and the systolic core's A load; the cores' per-iteration loops (the spans mm.iter and vec.iter)
fin_det_k4_l1_r1_c4_m3_w14g0_d32_s3_q2,det,finalist,impl,cp_post_impl_ns,2.923000e+00,3.097000e+00,1.740000e-01,5.953000e+00,,1,
fin_det_k4_l8_r4_c16_m3_w12g4_d32_s3_q2,det,finalist,rtl,bit_exact,1,1,0.000000e+00,0.000000e+00,,1,
fin_det_k4_l8_r4_c16_m3_w12g4_d32_s3_q2,det,finalist,csynth,lut,51911,55102,3.191000e+03,6.147000e+00,,,
fin_det_k4_l8_r4_c16_m3_w12g4_d32_s3_q2,det,finalist,impl,lut,17657,21670,4.013000e+03,2.272800e+01,,0,
fin_det_k4_l8_r4_c16_m3_w12g4_d32_s3_q2,det,finalist,csynth,ff,30987,35332,4.345000e+03,1.402200e+01,,,
fin_det_k4_l8_r4_c16_m3_w12g4_d32_s3_q2,det,finalist,impl,ff,19954,24147,4.193000e+03,2.101300e+01,,0,
fin_det_k4_l8_r4_c16_m3_w12g4_d32_s3_q2,det,finalist,csynth,dsp,288,291,3.000000e+00,1.042000e+00,291,1,
fin_det_k4_l8_r4_c16_m3_w12g4_d32_s3_q2,det,finalist,impl,dsp,320,323,3.000000e+00,9.380000e-01,,1,
fin_det_k4_l8_r4_c16_m3_w12g4_d32_s3_q2,det,finalist,csynth,bram,31,34,3.000000e+00,9.677000e+00,34,1,
fin_det_k4_l8_r4_c16_m3_w12g4_d32_s3_q2,det,finalist,impl,bram,10,2,-8.000000e+00,-8.000000e+01,,0,
fin_det_k4_l8_r4_c16_m3_w12g4_d32_s3_q2,det,finalist,cycles,job_nit2,1.164000e+03,1.213000e+03,4.900000e+01,4.210000e+00,,1,the per-job work of the cores: the CG core's start and the systolic core's A load; the cores' per-iteration loops (the spans mm.iter and vec.iter)
fin_det_k4_l8_r4_c16_m3_w12g4_d32_s3_q2,det,finalist,impl,cp_post_impl_ns,3.547000e+00,3.384000e+00,-1.630000e-01,-4.595000e+00,,1,
fin_det_k4_l8_r4_c16_m3_w16g0_d32_s2_q2,det,finalist,rtl,bit_exact,1,1,0.000000e+00,0.000000e+00,,1,
fin_det_k4_l8_r4_c16_m3_w16g0_d32_s2_q2,det,finalist,csynth,lut,57711,60064,2.353000e+03,4.077000e+00,,,
fin_det_k4_l8_r4_c16_m3_w16g0_d32_s2_q2,det,finalist,impl,lut,17926,22753,4.827000e+03,2.692700e+01,,0,
fin_det_k4_l8_r4_c16_m3_w16g0_d32_s2_q2,det,finalist,csynth,ff,37076,42085,5.009000e+03,1.351000e+01,,,
fin_det_k4_l8_r4_c16_m3_w16g0_d32_s2_q2,det,finalist,impl,ff,22921,28356,5.435000e+03,2.371200e+01,,0,
fin_det_k4_l8_r4_c16_m3_w16g0_d32_s2_q2,det,finalist,csynth,dsp,288,291,3.000000e+00,1.042000e+00,291,1,
fin_det_k4_l8_r4_c16_m3_w16g0_d32_s2_q2,det,finalist,impl,dsp,320,323,3.000000e+00,9.380000e-01,,1,
fin_det_k4_l8_r4_c16_m3_w16g0_d32_s2_q2,det,finalist,csynth,bram,40,44,4.000000e+00,1.000000e+01,44,1,
fin_det_k4_l8_r4_c16_m3_w16g0_d32_s2_q2,det,finalist,impl,bram,10,2,-8.000000e+00,-8.000000e+01,,0,
fin_det_k4_l8_r4_c16_m3_w16g0_d32_s2_q2,det,finalist,cycles,job_nit2,1.155000e+03,1.201000e+03,4.600000e+01,3.983000e+00,,1,the per-job work of the cores: the CG core's start and the systolic core's A load; the cores' per-iteration loops (the spans mm.iter and vec.iter)
fin_det_k4_l8_r4_c16_m3_w16g0_d32_s2_q2,det,finalist,impl,cp_post_impl_ns,3.476000e+00,3.685000e+00,2.090000e-01,6.013000e+00,,1,
fin_det_k8_l1_r1_c4_m3_w10g8_d32_s2_q2,det,finalist,rtl,bit_exact,1,1,0.000000e+00,0.000000e+00,,1,
fin_det_k8_l1_r1_c4_m3_w10g8_d32_s2_q2,det,finalist,csynth,lut,17958,16067,-1.891000e+03,-1.053000e+01,,,
fin_det_k8_l1_r1_c4_m3_w10g8_d32_s2_q2,det,finalist,impl,lut,6151,6146,-5.000000e+00,-8.100000e-02,,1,
fin_det_k8_l1_r1_c4_m3_w10g8_d32_s2_q2,det,finalist,csynth,ff,9964,9800,-1.640000e+02,-1.646000e+00,,,
fin_det_k8_l1_r1_c4_m3_w10g8_d32_s2_q2,det,finalist,impl,ff,8233,7584,-6.490000e+02,-7.883000e+00,,1,
fin_det_k8_l1_r1_c4_m3_w10g8_d32_s2_q2,det,finalist,csynth,dsp,17,20,3.000000e+00,1.764700e+01,20,1,
fin_det_k8_l1_r1_c4_m3_w10g8_d32_s2_q2,det,finalist,impl,dsp,28,31,3.000000e+00,1.071400e+01,,1,
fin_det_k8_l1_r1_c4_m3_w10g8_d32_s2_q2,det,finalist,csynth,bram,19,15,-4.000000e+00,-2.105300e+01,15,1,
fin_det_k8_l1_r1_c4_m3_w10g8_d32_s2_q2,det,finalist,impl,bram,26,10,-1.600000e+01,-6.153800e+01,,0,
fin_det_k8_l1_r1_c4_m3_w10g8_d32_s2_q2,det,finalist,cycles,job_nit3,1.821000e+04,1.881500e+04,6.050000e+02,3.322000e+00,,1,the per-job work of the cores: the CG core's start and the systolic core's A load; the cores' per-iteration loops (the spans mm.iter and vec.iter)
fin_det_k8_l1_r1_c4_m3_w10g8_d32_s2_q2,det,finalist,impl,cp_post_impl_ns,2.976000e+00,2.793000e+00,-1.830000e-01,-6.149000e+00,,1,
fin_det_k8_l1_r1_c4_m3_w14g0_d32_s2_q2,det,finalist,rtl,bit_exact,1,1,0.000000e+00,0.000000e+00,,1,
fin_det_k8_l1_r1_c4_m3_w14g0_d32_s2_q2,det,finalist,csynth,lut,18935,15684,-3.251000e+03,-1.716900e+01,,,
fin_det_k8_l1_r1_c4_m3_w14g0_d32_s2_q2,det,finalist,impl,lut,6959,6473,-4.860000e+02,-6.984000e+00,,1,
fin_det_k8_l1_r1_c4_m3_w14g0_d32_s2_q2,det,finalist,csynth,ff,10948,10025,-9.230000e+02,-8.431000e+00,,,
fin_det_k8_l1_r1_c4_m3_w14g0_d32_s2_q2,det,finalist,impl,ff,9037,7881,-1.156000e+03,-1.279200e+01,,1,
fin_det_k8_l1_r1_c4_m3_w14g0_d32_s2_q2,det,finalist,csynth,dsp,24,27,3.000000e+00,1.250000e+01,27,1,
fin_det_k8_l1_r1_c4_m3_w14g0_d32_s2_q2,det,finalist,impl,dsp,28,31,3.000000e+00,1.071400e+01,,1,
fin_det_k8_l1_r1_c4_m3_w14g0_d32_s2_q2,det,finalist,csynth,bram,21,15,-6.000000e+00,-2.857100e+01,15,1,
fin_det_k8_l1_r1_c4_m3_w14g0_d32_s2_q2,det,finalist,impl,bram,26,10,-1.600000e+01,-6.153800e+01,,0,
fin_det_k8_l1_r1_c4_m3_w14g0_d32_s2_q2,det,finalist,cycles,job_nit4,2.228400e+04,2.301900e+04,7.350000e+02,3.298000e+00,,1,the per-job work of the cores: the CG core's start and the systolic core's A load; the cores' per-iteration loops (the spans mm.iter and vec.iter)
fin_det_k8_l1_r1_c4_m3_w14g0_d32_s2_q2,det,finalist,impl,cp_post_impl_ns,2.927000e+00,2.972000e+00,4.500000e-02,1.537000e+00,,1,
fin_det_k8_l16_r2_c16_m3_w12g4_d32_s2_q2,det,finalist,rtl,bit_exact,1,1,0.000000e+00,0.000000e+00,,1,
fin_det_k8_l16_r2_c16_m3_w12g4_d32_s2_q2,det,finalist,csynth,lut,83238,82679,-5.590000e+02,-6.720000e-01,,,
fin_det_k8_l16_r2_c16_m3_w12g4_d32_s2_q2,det,finalist,impl,lut,21656,28528,6.872000e+03,3.173300e+01,,0,
fin_det_k8_l16_r2_c16_m3_w12g4_d32_s2_q2,det,finalist,csynth,ff,46797,51251,4.454000e+03,9.518000e+00,,,
fin_det_k8_l16_r2_c16_m3_w12g4_d32_s2_q2,det,finalist,impl,ff,26121,31208,5.087000e+03,1.947500e+01,,1,
fin_det_k8_l16_r2_c16_m3_w12g4_d32_s2_q2,det,finalist,csynth,dsp,288,291,3.000000e+00,1.042000e+00,291,1,
fin_det_k8_l16_r2_c16_m3_w12g4_d32_s2_q2,det,finalist,impl,dsp,352,355,3.000000e+00,8.520000e-01,,1,
fin_det_k8_l16_r2_c16_m3_w12g4_d32_s2_q2,det,finalist,csynth,bram,54,59,5.000000e+00,9.259000e+00,59,1,
fin_det_k8_l16_r2_c16_m3_w12g4_d32_s2_q2,det,finalist,impl,bram,18,2,-1.600000e+01,-8.888900e+01,,0,
fin_det_k8_l16_r2_c16_m3_w12g4_d32_s2_q2,det,finalist,cycles,job_nit3,1.827000e+03,1.901000e+03,7.400000e+01,4.050000e+00,,1,the per-job work of the cores: the CG core's start and the systolic core's A load; the cores' per-iteration loops (the spans mm.iter and vec.iter)
fin_det_k8_l16_r2_c16_m3_w12g4_d32_s2_q2,det,finalist,impl,cp_post_impl_ns,3.736000e+00,3.867000e+00,1.310000e-01,3.506000e+00,,1,
fin_det_k8_l16_r4_c16_m3_w14g0_d32_s2_q2,det,finalist,rtl,bit_exact,1,1,0.000000e+00,0.000000e+00,,1,
fin_det_k8_l16_r4_c16_m3_w14g0_d32_s2_q2,det,finalist,csynth,lut,89247,89572,3.250000e+02,3.640000e-01,,,
fin_det_k8_l16_r4_c16_m3_w14g0_d32_s2_q2,det,finalist,impl,lut,25464,35234,9.770000e+03,3.836800e+01,,0,
fin_det_k8_l16_r4_c16_m3_w14g0_d32_s2_q2,det,finalist,csynth,ff,54483,60990,6.507000e+03,1.194300e+01,,,
fin_det_k8_l16_r4_c16_m3_w14g0_d32_s2_q2,det,finalist,impl,ff,30832,38708,7.876000e+03,2.554500e+01,,0,
fin_det_k8_l16_r4_c16_m3_w14g0_d32_s2_q2,det,finalist,csynth,dsp,384,387,3.000000e+00,7.810000e-01,387,1,
fin_det_k8_l16_r4_c16_m3_w14g0_d32_s2_q2,det,finalist,impl,dsp,448,451,3.000000e+00,6.700000e-01,,1,
fin_det_k8_l16_r4_c16_m3_w14g0_d32_s2_q2,det,finalist,csynth,bram,63,69,6.000000e+00,9.524000e+00,69,1,
fin_det_k8_l16_r4_c16_m3_w14g0_d32_s2_q2,det,finalist,impl,bram,18,2,-1.600000e+01,-8.888900e+01,,0,
fin_det_k8_l16_r4_c16_m3_w14g0_d32_s2_q2,det,finalist,cycles,job_nit4,1.836000e+03,1.881000e+03,4.500000e+01,2.451000e+00,,1,the per-job work of the cores: the CG core's start and the systolic core's A load; the cores' per-iteration loops (the spans mm.iter and vec.iter)
fin_det_k8_l16_r4_c16_m3_w14g0_d32_s2_q2,det,finalist,impl,cp_post_impl_ns,3.880000e+00,3.799000e+00,-8.100000e-02,-2.088000e+00,,1,
fin_det_k16_l1_r1_c4_m3_w12g4_d32_s2_q2,det,finalist,rtl,bit_exact,1,1,0.000000e+00,0.000000e+00,,1,
fin_det_k16_l1_r1_c4_m3_w12g4_d32_s2_q2,det,finalist,csynth,lut,27914,17011,-1.090300e+04,-3.905900e+01,,,
fin_det_k16_l1_r1_c4_m3_w12g4_d32_s2_q2,det,finalist,impl,lut,8955,6158,-2.797000e+03,-3.123400e+01,,0,
fin_det_k16_l1_r1_c4_m3_w12g4_d32_s2_q2,det,finalist,csynth,ff,15873,10089,-5.784000e+03,-3.643900e+01,,,
fin_det_k16_l1_r1_c4_m3_w12g4_d32_s2_q2,det,finalist,impl,ff,13976,7914,-6.062000e+03,-4.337400e+01,,0,
fin_det_k16_l1_r1_c4_m3_w12g4_d32_s2_q2,det,finalist,csynth,dsp,24,27,3.000000e+00,1.250000e+01,27,1,
fin_det_k16_l1_r1_c4_m3_w12g4_d32_s2_q2,det,finalist,impl,dsp,28,31,3.000000e+00,1.071400e+01,,1,
fin_det_k16_l1_r1_c4_m3_w12g4_d32_s2_q2,det,finalist,csynth,bram,37,27,-1.000000e+01,-2.702700e+01,27,1,
fin_det_k16_l1_r1_c4_m3_w12g4_d32_s2_q2,det,finalist,impl,bram,48,18,-3.000000e+01,-6.250000e+01,,0,
fin_det_k16_l1_r1_c4_m3_w12g4_d32_s2_q2,det,finalist,cycles,job_nit4,3.926000e+04,4.076300e+04,1.503000e+03,3.828000e+00,,1,the per-job work of the cores: the CG core's start and the systolic core's A load; the cores' per-iteration loops (the spans mm.iter and vec.iter)
fin_det_k16_l1_r1_c4_m3_w12g4_d32_s2_q2,det,finalist,impl,cp_post_impl_ns,2.868000e+00,2.686000e+00,-1.820000e-01,-6.346000e+00,,1,
fin_det_k16_l1_r1_c4_m3_w16g0_d32_s2_q2,det,finalist,rtl,bit_exact,1,1,0.000000e+00,0.000000e+00,,1,
fin_det_k16_l1_r1_c4_m3_w16g0_d32_s2_q2,det,finalist,csynth,lut,31377,17161,-1.421600e+04,-4.530700e+01,,,
fin_det_k16_l1_r1_c4_m3_w16g0_d32_s2_q2,det,finalist,impl,lut,10013,6475,-3.538000e+03,-3.533400e+01,,0,
fin_det_k16_l1_r1_c4_m3_w16g0_d32_s2_q2,det,finalist,csynth,ff,18293,10553,-7.740000e+03,-4.231100e+01,,,
fin_det_k16_l1_r1_c4_m3_w16g0_d32_s2_q2,det,finalist,impl,ff,16036,8232,-7.804000e+03,-4.866600e+01,,0,
fin_det_k16_l1_r1_c4_m3_w16g0_d32_s2_q2,det,finalist,csynth,dsp,24,27,3.000000e+00,1.250000e+01,27,1,
fin_det_k16_l1_r1_c4_m3_w16g0_d32_s2_q2,det,finalist,impl,dsp,28,31,3.000000e+00,1.071400e+01,,1,
fin_det_k16_l1_r1_c4_m3_w16g0_d32_s2_q2,det,finalist,csynth,bram,41,27,-1.400000e+01,-3.414600e+01,27,1,
fin_det_k16_l1_r1_c4_m3_w16g0_d32_s2_q2,det,finalist,impl,bram,48,18,-3.000000e+01,-6.250000e+01,,0,
fin_det_k16_l1_r1_c4_m3_w16g0_d32_s2_q2,det,finalist,cycles,job_nit4,3.900300e+04,4.047500e+04,1.472000e+03,3.774000e+00,,1,the per-job work of the cores: the CG core's start and the systolic core's A load; the cores' per-iteration loops (the spans mm.iter and vec.iter)
fin_det_k16_l1_r1_c4_m3_w16g0_d32_s2_q2,det,finalist,impl,cp_post_impl_ns,3.324000e+00,2.758000e+00,-5.660000e-01,-1.702800e+01,,1,
fin_det_k16_l16_r4_c16_m3_w12g4_d32_s2_q2,det,finalist,rtl,bit_exact,1,1,0.000000e+00,0.000000e+00,,1,
fin_det_k16_l16_r4_c16_m3_w12g4_d32_s2_q2,det,finalist,csynth,lut,97624,93003,-4.621000e+03,-4.733000e+00,,,
fin_det_k16_l16_r4_c16_m3_w12g4_d32_s2_q2,det,finalist,impl,lut,26493,32473,5.980000e+03,2.257200e+01,,0,
fin_det_k16_l16_r4_c16_m3_w12g4_d32_s2_q2,det,finalist,csynth,ff,56954,60456,3.502000e+03,6.149000e+00,,,
fin_det_k16_l16_r4_c16_m3_w12g4_d32_s2_q2,det,finalist,impl,ff,33532,38726,5.194000e+03,1.549000e+01,,1,
fin_det_k16_l16_r4_c16_m3_w12g4_d32_s2_q2,det,finalist,csynth,dsp,384,387,3.000000e+00,7.810000e-01,387,1,
fin_det_k16_l16_r4_c16_m3_w12g4_d32_s2_q2,det,finalist,impl,dsp,448,451,3.000000e+00,6.700000e-01,,1,
fin_det_k16_l16_r4_c16_m3_w12g4_d32_s2_q2,det,finalist,csynth,bram,59,59,0.000000e+00,0.000000e+00,59,1,
fin_det_k16_l16_r4_c16_m3_w12g4_d32_s2_q2,det,finalist,impl,bram,78,46,-3.200000e+01,-4.102600e+01,,0,
fin_det_k16_l16_r4_c16_m3_w12g4_d32_s2_q2,det,finalist,cycles,job_nit4,3.156000e+03,3.253000e+03,9.700000e+01,3.074000e+00,,1,the per-job work of the cores: the CG core's start and the systolic core's A load; the cores' per-iteration loops (the spans mm.iter and vec.iter)
fin_det_k16_l16_r4_c16_m3_w12g4_d32_s2_q2,det,finalist,impl,cp_post_impl_ns,3.913000e+00,3.794000e+00,-1.190000e-01,-3.041000e+00,,1,
fin_det_k16_l16_r4_c16_m3_w16g0_d32_s2_q2,det,finalist,rtl,bit_exact,1,1,0.000000e+00,0.000000e+00,,1,
fin_det_k16_l16_r4_c16_m3_w16g0_d32_s2_q2,det,finalist,csynth,lut,109836,103440,-6.396000e+03,-5.823000e+00,,,
fin_det_k16_l16_r4_c16_m3_w16g0_d32_s2_q2,det,finalist,impl,lut,28466,35399,6.933000e+03,2.435500e+01,,0,
fin_det_k16_l16_r4_c16_m3_w16g0_d32_s2_q2,det,finalist,csynth,ff,68421,72719,4.298000e+03,6.282000e+00,,,
fin_det_k16_l16_r4_c16_m3_w16g0_d32_s2_q2,det,finalist,impl,ff,39068,45489,6.421000e+03,1.643500e+01,,1,
fin_det_k16_l16_r4_c16_m3_w16g0_d32_s2_q2,det,finalist,csynth,dsp,384,387,3.000000e+00,7.810000e-01,387,1,
fin_det_k16_l16_r4_c16_m3_w16g0_d32_s2_q2,det,finalist,impl,dsp,448,451,3.000000e+00,6.700000e-01,,1,
fin_det_k16_l16_r4_c16_m3_w16g0_d32_s2_q2,det,finalist,csynth,bram,79,79,0.000000e+00,0.000000e+00,79,1,
fin_det_k16_l16_r4_c16_m3_w16g0_d32_s2_q2,det,finalist,impl,bram,150,62,-8.800000e+01,-5.866700e+01,,0,
fin_det_k16_l16_r4_c16_m3_w16g0_d32_s2_q2,det,finalist,cycles,job_nit4,3.147000e+03,3.243000e+03,9.600000e+01,3.051000e+00,,1,the per-job work of the cores: the CG core's start and the systolic core's A load; the cores' per-iteration loops (the spans mm.iter and vec.iter)
fin_det_k16_l16_r4_c16_m3_w16g0_d32_s2_q2,det,finalist,impl,cp_post_impl_ns,3.735000e+00,3.715000e+00,-2.000000e-02,-5.350000e-01,,1,
