# mimo_cg migration_modules: numpy=2.5.3, base_seed=20260930, tool=vitis_hls 2024.1, part=xczu48dr-ffvg1517-2-e, period_ns=4, roles=migration
build,top,role,kind,name,rtl_module,lut,ff,dsp,bram,uram,words,bits,banks
mig_vec_k8_l4_w12g8,vec,migration,module,CgReqFramer,cg_req_task_64_s,93,6,0,0,0,,,
mig_vec_k8_l4_w12g8,vec,migration,module,MemRStream,mem_r_stream_framed_task_64_s,817,502,0,0,0,,,
mig_vec_k8_l4_w12g8,vec,migration,subblock,MemRStream.RELAY,,157,34,0,0,0,,,
mig_vec_k8_l4_w12g8,vec,migration,subblock,MemRStream.A2S,,174,102,0,0,0,,,
mig_vec_k8_l4_w12g8,vec,migration,module,CgVectorRx,cg_vector_rx_task_64_8_32_8_4_1182345752_s,1097,495,1,0,0,,,
mig_vec_k8_l4_w12g8,vec,migration,subblock,CgVectorRx.FWD,,138,35,0,0,0,,,
mig_vec_k8_l4_w12g8,vec,migration,module,CgVectorLoad,cg_vector_load_task_64_8_32_8_4_2_2083753772_1182345752_s,3400,1070,1,0,0,,,
mig_vec_k8_l4_w12g8,vec,migration,subblock,CgVectorLoad.WORDS,,622,323,0,0,0,,,
mig_vec_k8_l4_w12g8,vec,migration,subblock,CgVectorLoad.WORDS2,,622,323,0,0,0,,,
mig_vec_k8_l4_w12g8,vec,migration,module,CgVectorCore,cg_vector_task_8_32_8_4_2_2083753772_s,15109,9458,49,0,0,,,
mig_vec_k8_l4_w12g8,vec,migration,subblock,CgVectorCore.INIT_K,,371,349,8,0,0,,,
mig_vec_k8_l4_w12g8,vec,migration,subblock,CgVectorCore.INIT_P,,324,173,0,0,0,,,
mig_vec_k8_l4_w12g8,vec,migration,subblock,CgVectorCore.PASS1,,371,397,8,0,0,,,
mig_vec_k8_l4_w12g8,vec,migration,subblock,CgVectorCore.PASS2,,2867,1901,24,0,0,,,
mig_vec_k8_l4_w12g8,vec,migration,subblock,CgVectorCore.PASS3,,1468,1221,8,0,0,,,
mig_vec_k8_l4_w12g8,vec,migration,subblock,CgVectorCore.OUT_P,,324,173,0,0,0,,,
mig_vec_k8_l4_w12g8,vec,migration,subblock,CgVectorCore.OUT_X,,324,173,0,0,0,,,
mig_vec_k8_l4_w12g8,vec,migration,module,CgVectorStore,cg_vector_store_task_64_8_32_4_2_2083753772_1182345752_s,1990,853,1,0,0,,,
mig_vec_k8_l4_w12g8,vec,migration,subblock,CgVectorStore.WORDS1,,677,234,0,0,0,,,
mig_vec_k8_l4_w12g8,vec,migration,subblock,CgVectorStore.WORDS,,677,234,0,0,0,,,
mig_vec_k8_l4_w12g8,vec,migration,module,CgReplyFramer,cg_reply_task_64_s,328,352,0,0,0,,,
mig_vec_k8_l4_w12g8,vec,migration,subblock,CgReplyFramer.PAYLOAD,,138,35,0,0,0,,,
mig_vec_k8_l4_w12g8,vec,migration,module,MemWStream,mem_w_stream_framed_done_task_64_8_s,1613,2265,0,0,0,,,
mig_vec_k8_l4_w12g8,vec,migration,subblock,MemWStream.BUFF,,826,642,0,0,0,,,
mig_vec_k8_l4_w12g8,vec,migration,subblock,MemWStream.S2A,,137,100,0,0,0,,,
mig_vec_k8_l4_w12g8,vec,migration,subblock,MemWStream.ECHO,,171,98,0,0,0,,,
mig_vec_k8_l4_w12g8,vec,migration,memory,unit_b_U,,0,0,0,3,0,64,96,2
mig_vec_k8_l4_w12g8,vec,migration,memory,unit_s_U,,0,0,0,3,0,64,96,2
mig_vec_k8_l4_w12g8,vec,migration,memory,unit_p_U,,0,0,0,3,0,64,96,2
mig_vec_k8_l4_w12g8,vec,migration,memory,unit_x_U,,0,0,0,3,0,64,96,2
mig_vec_k8_l4_w12g8,vec,migration,fifo,m_in_c_U,,0,99,0,0,0,3,64,1
mig_vec_k8_l4_w12g8,vec,migration,fifo,m_out_c_U,,0,99,0,0,0,9,64,1
mig_vec_k8_l4_w12g8,vec,migration,fifo,rd_cmd_U,,0,99,0,0,0,2,65,1
mig_vec_k8_l4_w12g8,vec,migration,fifo,rd_data_U,,0,99,0,0,0,2,65,1
mig_vec_k8_l4_w12g8,vec,migration,fifo,reply_U,,0,99,0,0,0,2,65,1
mig_vec_k8_l4_w12g8,vec,migration,fifo,unit_ccmd_U,,0,99,0,0,0,2,64,1
mig_vec_k8_l4_w12g8,vec,migration,fifo,unit_lcmd_U,,0,99,0,0,0,2,64,1
mig_vec_k8_l4_w12g8,vec,migration,fifo,unit_pay_U,,0,99,0,0,0,2,65,1
mig_vec_k8_l4_w12g8,vec,migration,fifo,unit_reply_U,,0,99,0,0,0,2,65,1
mig_vec_k8_l4_w12g8,vec,migration,fifo,wr_U,,0,99,0,0,0,2,65,1
mig_vec_k8_l4_w12g8,vec,migration,instance,control_s_axi_U,,296,170,0,0,0,0,0,0
mig_vec_k8_l4_w12g8,vec,migration,instance,entry_proc_U0,,29,2,0,0,0,0,0,0
mig_vec_k8_l4_w12g8,vec,migration,instance,gmem0_m_axi_U,,823,725,0,4,0,0,0,0
mig_vec_k8_l4_w12g8,vec,migration,instance,gmem1_m_axi_U,,811,719,0,4,0,0,0,0
mig_vec_k8_l4_w12g8,vec,migration,unitemized,unitemized,,669,0,0,0,0,0,0,0
mig_vec_k4_l4_w12g8,vec,migration,module,CgReqFramer,cg_req_task_64_s,93,6,0,0,0,,,
mig_vec_k4_l4_w12g8,vec,migration,module,MemRStream,mem_r_stream_framed_task_64_s,817,502,0,0,0,,,
mig_vec_k4_l4_w12g8,vec,migration,subblock,MemRStream.RELAY,,157,34,0,0,0,,,
mig_vec_k4_l4_w12g8,vec,migration,subblock,MemRStream.A2S,,174,102,0,0,0,,,
mig_vec_k4_l4_w12g8,vec,migration,module,CgVectorRx,cg_vector_rx_task_64_4_32_4_4_1182345752_s,1099,495,1,0,0,,,
mig_vec_k4_l4_w12g8,vec,migration,subblock,CgVectorRx.FWD,,138,35,0,0,0,,,
mig_vec_k4_l4_w12g8,vec,migration,module,CgVectorLoad,cg_vector_load_task_64_4_32_4_4_2_369796828_1182345752_s,3400,1068,1,0,0,,,
mig_vec_k4_l4_w12g8,vec,migration,subblock,CgVectorLoad.WORDS,,622,323,0,0,0,,,
mig_vec_k4_l4_w12g8,vec,migration,subblock,CgVectorLoad.WORDS2,,622,323,0,0,0,,,
mig_vec_k4_l4_w12g8,vec,migration,module,CgVectorCore,cg_vector_task_4_32_4_4_2_369796828_s,14811,9406,49,0,0,,,
mig_vec_k4_l4_w12g8,vec,migration,subblock,CgVectorCore.INIT_K,,366,344,8,0,0,,,
mig_vec_k4_l4_w12g8,vec,migration,subblock,CgVectorCore.INIT_P,,323,173,0,0,0,,,
mig_vec_k4_l4_w12g8,vec,migration,subblock,CgVectorCore.PASS1,,366,392,8,0,0,,,
mig_vec_k4_l4_w12g8,vec,migration,subblock,CgVectorCore.PASS2,,2862,1872,24,0,0,,,
mig_vec_k4_l4_w12g8,vec,migration,subblock,CgVectorCore.PASS3,,1468,1212,8,0,0,,,
mig_vec_k4_l4_w12g8,vec,migration,subblock,CgVectorCore.OUT_P,,323,173,0,0,0,,,
mig_vec_k4_l4_w12g8,vec,migration,subblock,CgVectorCore.OUT_X,,323,173,0,0,0,,,
mig_vec_k4_l4_w12g8,vec,migration,module,CgVectorStore,cg_vector_store_task_64_4_32_4_2_369796828_1182345752_s,1990,853,1,0,0,,,
mig_vec_k4_l4_w12g8,vec,migration,subblock,CgVectorStore.WORDS1,,677,234,0,0,0,,,
mig_vec_k4_l4_w12g8,vec,migration,subblock,CgVectorStore.WORDS,,677,234,0,0,0,,,
mig_vec_k4_l4_w12g8,vec,migration,module,CgReplyFramer,cg_reply_task_64_s,328,352,0,0,0,,,
mig_vec_k4_l4_w12g8,vec,migration,subblock,CgReplyFramer.PAYLOAD,,138,35,0,0,0,,,
mig_vec_k4_l4_w12g8,vec,migration,module,MemWStream,mem_w_stream_framed_done_task_64_8_s,1613,2265,0,0,0,,,
mig_vec_k4_l4_w12g8,vec,migration,subblock,MemWStream.BUFF,,826,642,0,0,0,,,
mig_vec_k4_l4_w12g8,vec,migration,subblock,MemWStream.S2A,,137,100,0,0,0,,,
mig_vec_k4_l4_w12g8,vec,migration,subblock,MemWStream.ECHO,,171,98,0,0,0,,,
mig_vec_k4_l4_w12g8,vec,migration,memory,unit_b_U,,0,0,0,3,0,32,96,2
mig_vec_k4_l4_w12g8,vec,migration,memory,unit_s_U,,0,0,0,3,0,32,96,2
mig_vec_k4_l4_w12g8,vec,migration,memory,unit_p_U,,0,0,0,3,0,32,96,2
mig_vec_k4_l4_w12g8,vec,migration,memory,unit_x_U,,0,0,0,3,0,32,96,2
mig_vec_k4_l4_w12g8,vec,migration,fifo,m_in_c_U,,0,99,0,0,0,3,64,1
mig_vec_k4_l4_w12g8,vec,migration,fifo,m_out_c_U,,0,99,0,0,0,9,64,1
mig_vec_k4_l4_w12g8,vec,migration,fifo,rd_cmd_U,,0,99,0,0,0,2,65,1
mig_vec_k4_l4_w12g8,vec,migration,fifo,rd_data_U,,0,99,0,0,0,2,65,1
mig_vec_k4_l4_w12g8,vec,migration,fifo,reply_U,,0,99,0,0,0,2,65,1
mig_vec_k4_l4_w12g8,vec,migration,fifo,unit_ccmd_U,,0,99,0,0,0,2,64,1
mig_vec_k4_l4_w12g8,vec,migration,fifo,unit_lcmd_U,,0,99,0,0,0,2,64,1
mig_vec_k4_l4_w12g8,vec,migration,fifo,unit_pay_U,,0,99,0,0,0,2,65,1
mig_vec_k4_l4_w12g8,vec,migration,fifo,unit_reply_U,,0,99,0,0,0,2,65,1
mig_vec_k4_l4_w12g8,vec,migration,fifo,wr_U,,0,99,0,0,0,2,65,1
mig_vec_k4_l4_w12g8,vec,migration,instance,control_s_axi_U,,296,170,0,0,0,0,0,0
mig_vec_k4_l4_w12g8,vec,migration,instance,entry_proc_U0,,29,2,0,0,0,0,0,0
mig_vec_k4_l4_w12g8,vec,migration,instance,gmem0_m_axi_U,,823,725,0,4,0,0,0,0
mig_vec_k4_l4_w12g8,vec,migration,instance,gmem1_m_axi_U,,811,719,0,4,0,0,0,0
mig_vec_k4_l4_w12g8,vec,migration,unitemized,unitemized,,669,0,0,0,0,0,0,0
mig_vec_k16_l4_w12g8,vec,migration,module,CgReqFramer,cg_req_task_64_s,93,6,0,0,0,,,
mig_vec_k16_l4_w12g8,vec,migration,module,MemRStream,mem_r_stream_framed_task_64_s,817,502,0,0,0,,,
mig_vec_k16_l4_w12g8,vec,migration,subblock,MemRStream.RELAY,,157,34,0,0,0,,,
mig_vec_k16_l4_w12g8,vec,migration,subblock,MemRStream.A2S,,174,102,0,0,0,,,
mig_vec_k16_l4_w12g8,vec,migration,module,CgVectorRx,cg_vector_rx_task_64_16_32_16_4_1182345752_s,1095,495,1,0,0,,,
mig_vec_k16_l4_w12g8,vec,migration,subblock,CgVectorRx.FWD,,138,35,0,0,0,,,
mig_vec_k16_l4_w12g8,vec,migration,module,CgVectorLoad,cg_vector_load_task_64_16_32_16_4_2_1756363553_1182345752_s,3400,1072,1,0,0,,,
mig_vec_k16_l4_w12g8,vec,migration,subblock,CgVectorLoad.WORDS,,622,323,0,0,0,,,
mig_vec_k16_l4_w12g8,vec,migration,module,CgVectorCore,cg_vector_task_16_32_16_4_2_1756363553_s,15155,9328,49,24,0,,,
mig_vec_k16_l4_w12g8,vec,migration,subblock,CgVectorCore.INIT_K,,376,354,8,0,0,,,
mig_vec_k16_l4_w12g8,vec,migration,subblock,CgVectorCore.INIT_P,,325,173,0,0,0,,,
mig_vec_k16_l4_w12g8,vec,migration,subblock,CgVectorCore.PASS1,,376,402,8,0,0,,,
mig_vec_k16_l4_w12g8,vec,migration,subblock,CgVectorCore.PASS2,,3128,2354,24,0,0,,,
mig_vec_k16_l4_w12g8,vec,migration,subblock,CgVectorCore.PASS3,,1468,1200,8,0,0,,,
mig_vec_k16_l4_w12g8,vec,migration,subblock,CgVectorCore.OUT_P,,325,173,0,0,0,,,
mig_vec_k16_l4_w12g8,vec,migration,subblock,CgVectorCore.OUT_X,,325,173,0,0,0,,,
mig_vec_k16_l4_w12g8,vec,migration,module,CgVectorStore,cg_vector_store_task_64_16_32_4_2_1756363553_1182345752_s,1990,853,1,0,0,,,
mig_vec_k16_l4_w12g8,vec,migration,subblock,CgVectorStore.WORDS1,,677,234,0,0,0,,,
mig_vec_k16_l4_w12g8,vec,migration,subblock,CgVectorStore.WORDS,,677,234,0,0,0,,,
mig_vec_k16_l4_w12g8,vec,migration,module,CgReplyFramer,cg_reply_task_64_s,328,352,0,0,0,,,
mig_vec_k16_l4_w12g8,vec,migration,subblock,CgReplyFramer.PAYLOAD,,138,35,0,0,0,,,
mig_vec_k16_l4_w12g8,vec,migration,module,MemWStream,mem_w_stream_framed_done_task_64_8_s,1613,2265,0,0,0,,,
mig_vec_k16_l4_w12g8,vec,migration,subblock,MemWStream.BUFF,,826,642,0,0,0,,,
mig_vec_k16_l4_w12g8,vec,migration,subblock,MemWStream.S2A,,137,100,0,0,0,,,
mig_vec_k16_l4_w12g8,vec,migration,subblock,MemWStream.ECHO,,171,98,0,0,0,,,
mig_vec_k16_l4_w12g8,vec,migration,memory,unit_b_U,,0,0,0,3,0,128,96,2
mig_vec_k16_l4_w12g8,vec,migration,memory,unit_s_U,,0,0,0,3,0,128,96,2
mig_vec_k16_l4_w12g8,vec,migration,memory,unit_p_U,,0,0,0,3,0,128,96,2
mig_vec_k16_l4_w12g8,vec,migration,memory,unit_x_U,,0,0,0,3,0,128,96,2
mig_vec_k16_l4_w12g8,vec,migration,fifo,m_in_c_U,,0,99,0,0,0,3,64,1
mig_vec_k16_l4_w12g8,vec,migration,fifo,m_out_c_U,,0,99,0,0,0,9,64,1
mig_vec_k16_l4_w12g8,vec,migration,fifo,rd_cmd_U,,0,99,0,0,0,2,65,1
mig_vec_k16_l4_w12g8,vec,migration,fifo,rd_data_U,,0,99,0,0,0,2,65,1
mig_vec_k16_l4_w12g8,vec,migration,fifo,reply_U,,0,99,0,0,0,2,65,1
mig_vec_k16_l4_w12g8,vec,migration,fifo,unit_ccmd_U,,0,99,0,0,0,2,64,1
mig_vec_k16_l4_w12g8,vec,migration,fifo,unit_lcmd_U,,0,99,0,0,0,2,64,1
mig_vec_k16_l4_w12g8,vec,migration,fifo,unit_pay_U,,0,99,0,0,0,2,65,1
mig_vec_k16_l4_w12g8,vec,migration,fifo,unit_reply_U,,0,99,0,0,0,2,65,1
mig_vec_k16_l4_w12g8,vec,migration,fifo,wr_U,,0,99,0,0,0,2,65,1
mig_vec_k16_l4_w12g8,vec,migration,instance,control_s_axi_U,,296,170,0,0,0,0,0,0
mig_vec_k16_l4_w12g8,vec,migration,instance,entry_proc_U0,,29,2,0,0,0,0,0,0
mig_vec_k16_l4_w12g8,vec,migration,instance,gmem0_m_axi_U,,823,725,0,4,0,0,0,0
mig_vec_k16_l4_w12g8,vec,migration,instance,gmem1_m_axi_U,,811,719,0,4,0,0,0,0
mig_vec_k16_l4_w12g8,vec,migration,unitemized,unitemized,,669,0,0,0,0,0,0,0
mig_vec_k8_l1_w12g8,vec,migration,module,CgReqFramer,cg_req_task_64_s,93,6,0,0,0,,,
mig_vec_k8_l1_w12g8,vec,migration,module,MemRStream,mem_r_stream_framed_task_64_s,817,502,0,0,0,,,
mig_vec_k8_l1_w12g8,vec,migration,subblock,MemRStream.RELAY,,157,34,0,0,0,,,
mig_vec_k8_l1_w12g8,vec,migration,subblock,MemRStream.A2S,,174,102,0,0,0,,,
mig_vec_k8_l1_w12g8,vec,migration,module,CgVectorRx,cg_vector_rx_task_64_8_32_8_1_1182345752_s,1086,462,1,0,0,,,
mig_vec_k8_l1_w12g8,vec,migration,subblock,CgVectorRx.FWD,,138,35,0,0,0,,,
mig_vec_k8_l1_w12g8,vec,migration,module,CgVectorLoad,cg_vector_load_task_64_8_32_8_1_2_2083753772_1182345752_s,1303,426,1,0,0,,,
mig_vec_k8_l1_w12g8,vec,migration,subblock,CgVectorLoad.WORDS_G,,448,143,0,0,0,,,
mig_vec_k8_l1_w12g8,vec,migration,module,CgVectorCore,cg_vector_task_8_32_8_1_2_2083753772_s,5894,3372,13,6,0,,,
mig_vec_k8_l1_w12g8,vec,migration,subblock,CgVectorCore.INIT_K,,228,199,2,0,0,,,
mig_vec_k8_l1_w12g8,vec,migration,subblock,CgVectorCore.INIT_P,,329,178,0,0,0,,,
mig_vec_k8_l1_w12g8,vec,migration,subblock,CgVectorCore.PASS1,,228,211,2,0,0,,,
mig_vec_k8_l1_w12g8,vec,migration,subblock,CgVectorCore.PASS2,,916,701,6,0,0,,,
mig_vec_k8_l1_w12g8,vec,migration,subblock,CgVectorCore.PASS3,,430,327,2,0,0,,,
mig_vec_k8_l1_w12g8,vec,migration,subblock,CgVectorCore.OUT_P,,329,178,0,0,0,,,
mig_vec_k8_l1_w12g8,vec,migration,subblock,CgVectorCore.OUT_X,,329,178,0,0,0,,,
mig_vec_k8_l1_w12g8,vec,migration,module,CgVectorStore,cg_vector_store_task_64_8_32_1_2_2083753772_1182345752_s,1584,631,1,0,0,,,
mig_vec_k8_l1_w12g8,vec,migration,subblock,CgVectorStore.WORDS_G1,,465,123,0,0,0,,,
mig_vec_k8_l1_w12g8,vec,migration,subblock,CgVectorStore.WORDS_G,,465,123,0,0,0,,,
mig_vec_k8_l1_w12g8,vec,migration,module,CgReplyFramer,cg_reply_task_64_s,328,352,0,0,0,,,
mig_vec_k8_l1_w12g8,vec,migration,subblock,CgReplyFramer.PAYLOAD,,138,35,0,0,0,,,
mig_vec_k8_l1_w12g8,vec,migration,module,MemWStream,mem_w_stream_framed_done_task_64_8_s,1613,2265,0,0,0,,,
mig_vec_k8_l1_w12g8,vec,migration,subblock,MemWStream.BUFF,,826,642,0,0,0,,,
mig_vec_k8_l1_w12g8,vec,migration,subblock,MemWStream.S2A,,137,100,0,0,0,,,
mig_vec_k8_l1_w12g8,vec,migration,subblock,MemWStream.ECHO,,171,98,0,0,0,,,
mig_vec_k8_l1_w12g8,vec,migration,memory,unit_b_U,,0,0,0,4,0,256,24,2
mig_vec_k8_l1_w12g8,vec,migration,memory,unit_s_U,,0,0,0,4,0,256,24,2
mig_vec_k8_l1_w12g8,vec,migration,memory,unit_p_U,,0,0,0,4,0,256,24,2
mig_vec_k8_l1_w12g8,vec,migration,memory,unit_x_U,,0,0,0,4,0,256,24,2
mig_vec_k8_l1_w12g8,vec,migration,fifo,m_in_c_U,,0,99,0,0,0,3,64,1
mig_vec_k8_l1_w12g8,vec,migration,fifo,m_out_c_U,,0,99,0,0,0,9,64,1
mig_vec_k8_l1_w12g8,vec,migration,fifo,rd_cmd_U,,0,99,0,0,0,2,65,1
mig_vec_k8_l1_w12g8,vec,migration,fifo,rd_data_U,,0,99,0,0,0,2,65,1
mig_vec_k8_l1_w12g8,vec,migration,fifo,reply_U,,0,99,0,0,0,2,65,1
mig_vec_k8_l1_w12g8,vec,migration,fifo,unit_ccmd_U,,0,99,0,0,0,2,64,1
mig_vec_k8_l1_w12g8,vec,migration,fifo,unit_lcmd_U,,0,99,0,0,0,2,64,1
mig_vec_k8_l1_w12g8,vec,migration,fifo,unit_pay_U,,0,99,0,0,0,2,65,1
mig_vec_k8_l1_w12g8,vec,migration,fifo,unit_reply_U,,0,99,0,0,0,2,65,1
mig_vec_k8_l1_w12g8,vec,migration,fifo,wr_U,,0,99,0,0,0,2,65,1
mig_vec_k8_l1_w12g8,vec,migration,instance,control_s_axi_U,,296,170,0,0,0,0,0,0
mig_vec_k8_l1_w12g8,vec,migration,instance,entry_proc_U0,,29,2,0,0,0,0,0,0
mig_vec_k8_l1_w12g8,vec,migration,instance,gmem0_m_axi_U,,823,725,0,4,0,0,0,0
mig_vec_k8_l1_w12g8,vec,migration,instance,gmem1_m_axi_U,,811,719,0,4,0,0,0,0
mig_vec_k8_l1_w12g8,vec,migration,unitemized,unitemized,,669,0,0,0,0,0,0,0
mig_vec_k8_l2_w12g8,vec,migration,module,CgReqFramer,cg_req_task_64_s,93,6,0,0,0,,,
mig_vec_k8_l2_w12g8,vec,migration,module,MemRStream,mem_r_stream_framed_task_64_s,817,502,0,0,0,,,
mig_vec_k8_l2_w12g8,vec,migration,subblock,MemRStream.RELAY,,157,34,0,0,0,,,
mig_vec_k8_l2_w12g8,vec,migration,subblock,MemRStream.A2S,,174,102,0,0,0,,,
mig_vec_k8_l2_w12g8,vec,migration,module,CgVectorRx,cg_vector_rx_task_64_8_32_8_2_1182345752_s,1066,462,1,0,0,,,
mig_vec_k8_l2_w12g8,vec,migration,subblock,CgVectorRx.FWD,,138,35,0,0,0,,,
mig_vec_k8_l2_w12g8,vec,migration,module,CgVectorLoad,cg_vector_load_task_64_8_32_8_2_2_2083753772_1182345752_s,1319,522,1,0,0,,,
mig_vec_k8_l2_w12g8,vec,migration,subblock,CgVectorLoad.WORDS,,474,191,0,0,0,,,
mig_vec_k8_l2_w12g8,vec,migration,subblock,CgVectorLoad.WORDS2,,474,191,0,0,0,,,
mig_vec_k8_l2_w12g8,vec,migration,module,CgVectorCore,cg_vector_task_8_32_8_2_2_2083753772_s,8950,5341,25,12,0,,,
mig_vec_k8_l2_w12g8,vec,migration,subblock,CgVectorCore.INIT_K,,275,248,4,0,0,,,
mig_vec_k8_l2_w12g8,vec,migration,subblock,CgVectorCore.INIT_P,,327,177,0,0,0,,,
mig_vec_k8_l2_w12g8,vec,migration,subblock,CgVectorCore.PASS1,,275,272,4,0,0,,,
mig_vec_k8_l2_w12g8,vec,migration,subblock,CgVectorCore.PASS2,,1651,1245,12,0,0,,,
mig_vec_k8_l2_w12g8,vec,migration,subblock,CgVectorCore.PASS3,,776,616,4,0,0,,,
mig_vec_k8_l2_w12g8,vec,migration,subblock,CgVectorCore.OUT_P,,327,177,0,0,0,,,
mig_vec_k8_l2_w12g8,vec,migration,subblock,CgVectorCore.OUT_X,,327,177,0,0,0,,,
mig_vec_k8_l2_w12g8,vec,migration,module,CgVectorStore,cg_vector_store_task_64_8_32_2_2_2083753772_1182345752_s,1314,627,1,0,0,,,
mig_vec_k8_l2_w12g8,vec,migration,subblock,CgVectorStore.WORDS1,,339,121,0,0,0,,,
mig_vec_k8_l2_w12g8,vec,migration,subblock,CgVectorStore.WORDS,,339,121,0,0,0,,,
mig_vec_k8_l2_w12g8,vec,migration,module,CgReplyFramer,cg_reply_task_64_s,328,352,0,0,0,,,
mig_vec_k8_l2_w12g8,vec,migration,subblock,CgReplyFramer.PAYLOAD,,138,35,0,0,0,,,
mig_vec_k8_l2_w12g8,vec,migration,module,MemWStream,mem_w_stream_framed_done_task_64_8_s,1613,2265,0,0,0,,,
mig_vec_k8_l2_w12g8,vec,migration,subblock,MemWStream.BUFF,,826,642,0,0,0,,,
mig_vec_k8_l2_w12g8,vec,migration,subblock,MemWStream.S2A,,137,100,0,0,0,,,
mig_vec_k8_l2_w12g8,vec,migration,subblock,MemWStream.ECHO,,171,98,0,0,0,,,
mig_vec_k8_l2_w12g8,vec,migration,memory,unit_b_U,,0,0,0,2,0,128,48,2
mig_vec_k8_l2_w12g8,vec,migration,memory,unit_s_U,,0,0,0,2,0,128,48,2
mig_vec_k8_l2_w12g8,vec,migration,memory,unit_p_U,,0,0,0,2,0,128,48,2
mig_vec_k8_l2_w12g8,vec,migration,memory,unit_x_U,,0,0,0,2,0,128,48,2
mig_vec_k8_l2_w12g8,vec,migration,fifo,m_in_c_U,,0,99,0,0,0,3,64,1
mig_vec_k8_l2_w12g8,vec,migration,fifo,m_out_c_U,,0,99,0,0,0,9,64,1
mig_vec_k8_l2_w12g8,vec,migration,fifo,rd_cmd_U,,0,99,0,0,0,2,65,1
mig_vec_k8_l2_w12g8,vec,migration,fifo,rd_data_U,,0,99,0,0,0,2,65,1
mig_vec_k8_l2_w12g8,vec,migration,fifo,reply_U,,0,99,0,0,0,2,65,1
mig_vec_k8_l2_w12g8,vec,migration,fifo,unit_ccmd_U,,0,99,0,0,0,2,64,1
mig_vec_k8_l2_w12g8,vec,migration,fifo,unit_lcmd_U,,0,99,0,0,0,2,64,1
mig_vec_k8_l2_w12g8,vec,migration,fifo,unit_pay_U,,0,99,0,0,0,2,65,1
mig_vec_k8_l2_w12g8,vec,migration,fifo,unit_reply_U,,0,99,0,0,0,2,65,1
mig_vec_k8_l2_w12g8,vec,migration,fifo,wr_U,,0,99,0,0,0,2,65,1
mig_vec_k8_l2_w12g8,vec,migration,instance,control_s_axi_U,,296,170,0,0,0,0,0,0
mig_vec_k8_l2_w12g8,vec,migration,instance,entry_proc_U0,,29,2,0,0,0,0,0,0
mig_vec_k8_l2_w12g8,vec,migration,instance,gmem0_m_axi_U,,823,725,0,4,0,0,0,0
mig_vec_k8_l2_w12g8,vec,migration,instance,gmem1_m_axi_U,,811,719,0,4,0,0,0,0
mig_vec_k8_l2_w12g8,vec,migration,unitemized,unitemized,,669,0,0,0,0,0,0,0
mig_vec_k8_l8_w12g8,vec,migration,module,CgReqFramer,cg_req_task_64_s,93,6,0,0,0,,,
mig_vec_k8_l8_w12g8,vec,migration,module,MemRStream,mem_r_stream_framed_task_64_s,817,502,0,0,0,,,
mig_vec_k8_l8_w12g8,vec,migration,subblock,MemRStream.RELAY,,157,34,0,0,0,,,
mig_vec_k8_l8_w12g8,vec,migration,subblock,MemRStream.A2S,,174,102,0,0,0,,,
mig_vec_k8_l8_w12g8,vec,migration,module,CgVectorRx,cg_vector_rx_task_64_8_32_8_8_1182345752_s,1098,495,1,0,0,,,
mig_vec_k8_l8_w12g8,vec,migration,subblock,CgVectorRx.FWD,,138,35,0,0,0,,,
mig_vec_k8_l8_w12g8,vec,migration,module,CgVectorLoad,cg_vector_load_task_64_8_32_8_8_2_2083753772_1182345752_s,5058,1836,1,0,0,,,
mig_vec_k8_l8_w12g8,vec,migration,subblock,CgVectorLoad.WORDS,,622,419,0,0,0,,,
mig_vec_k8_l8_w12g8,vec,migration,subblock,CgVectorLoad.WORDS2,,622,419,0,0,0,,,
mig_vec_k8_l8_w12g8,vec,migration,module,CgVectorCore,cg_vector_task_8_32_8_8_2_2083753772_s,27126,17499,97,0,0,,,
mig_vec_k8_l8_w12g8,vec,migration,subblock,CgVectorCore.INIT_K,,565,554,16,0,0,,,
mig_vec_k8_l8_w12g8,vec,migration,subblock,CgVectorCore.INIT_P,,321,169,0,0,0,,,
mig_vec_k8_l8_w12g8,vec,migration,subblock,CgVectorCore.PASS1,,565,650,16,0,0,,,
mig_vec_k8_l8_w12g8,vec,migration,subblock,CgVectorCore.PASS2,,5557,3607,48,0,0,,,
mig_vec_k8_l8_w12g8,vec,migration,subblock,CgVectorCore.PASS3,,2852,2396,16,0,0,,,
mig_vec_k8_l8_w12g8,vec,migration,subblock,CgVectorCore.OUT_P,,321,169,0,0,0,,,
mig_vec_k8_l8_w12g8,vec,migration,subblock,CgVectorCore.OUT_X,,321,169,0,0,0,,,
mig_vec_k8_l8_w12g8,vec,migration,module,CgVectorStore,cg_vector_store_task_64_8_32_8_2_2083753772_1182345752_s,2148,1045,1,0,0,,,
mig_vec_k8_l8_w12g8,vec,migration,subblock,CgVectorStore.WORDS1,,756,330,0,0,0,,,
mig_vec_k8_l8_w12g8,vec,migration,subblock,CgVectorStore.WORDS,,756,330,0,0,0,,,
mig_vec_k8_l8_w12g8,vec,migration,module,CgReplyFramer,cg_reply_task_64_s,328,352,0,0,0,,,
mig_vec_k8_l8_w12g8,vec,migration,subblock,CgReplyFramer.PAYLOAD,,138,35,0,0,0,,,
mig_vec_k8_l8_w12g8,vec,migration,module,MemWStream,mem_w_stream_framed_done_task_64_8_s,1613,2265,0,0,0,,,
mig_vec_k8_l8_w12g8,vec,migration,subblock,MemWStream.BUFF,,826,642,0,0,0,,,
mig_vec_k8_l8_w12g8,vec,migration,subblock,MemWStream.S2A,,137,100,0,0,0,,,
mig_vec_k8_l8_w12g8,vec,migration,subblock,MemWStream.ECHO,,171,98,0,0,0,,,
mig_vec_k8_l8_w12g8,vec,migration,memory,unit_b_U,,0,0,0,6,0,32,192,2
mig_vec_k8_l8_w12g8,vec,migration,memory,unit_s_U,,0,0,0,6,0,32,192,2
mig_vec_k8_l8_w12g8,vec,migration,memory,unit_p_U,,0,0,0,6,0,32,192,2
mig_vec_k8_l8_w12g8,vec,migration,memory,unit_x_U,,0,0,0,6,0,32,192,2
mig_vec_k8_l8_w12g8,vec,migration,fifo,m_in_c_U,,0,99,0,0,0,3,64,1
mig_vec_k8_l8_w12g8,vec,migration,fifo,m_out_c_U,,0,99,0,0,0,9,64,1
mig_vec_k8_l8_w12g8,vec,migration,fifo,rd_cmd_U,,0,99,0,0,0,2,65,1
mig_vec_k8_l8_w12g8,vec,migration,fifo,rd_data_U,,0,99,0,0,0,2,65,1
mig_vec_k8_l8_w12g8,vec,migration,fifo,reply_U,,0,99,0,0,0,2,65,1
mig_vec_k8_l8_w12g8,vec,migration,fifo,unit_ccmd_U,,0,99,0,0,0,2,64,1
mig_vec_k8_l8_w12g8,vec,migration,fifo,unit_lcmd_U,,0,99,0,0,0,2,64,1
mig_vec_k8_l8_w12g8,vec,migration,fifo,unit_pay_U,,0,99,0,0,0,2,65,1
mig_vec_k8_l8_w12g8,vec,migration,fifo,unit_reply_U,,0,99,0,0,0,2,65,1
mig_vec_k8_l8_w12g8,vec,migration,fifo,wr_U,,0,99,0,0,0,2,65,1
mig_vec_k8_l8_w12g8,vec,migration,instance,control_s_axi_U,,296,170,0,0,0,0,0,0
mig_vec_k8_l8_w12g8,vec,migration,instance,entry_proc_U0,,29,2,0,0,0,0,0,0
mig_vec_k8_l8_w12g8,vec,migration,instance,gmem0_m_axi_U,,823,725,0,4,0,0,0,0
mig_vec_k8_l8_w12g8,vec,migration,instance,gmem1_m_axi_U,,811,719,0,4,0,0,0,0
mig_vec_k8_l8_w12g8,vec,migration,unitemized,unitemized,,669,0,0,0,0,0,0,0
mig_vec_k8_l16_w12g8,vec,migration,module,CgReqFramer,cg_req_task_64_s,93,6,0,0,0,,,
mig_vec_k8_l16_w12g8,vec,migration,module,MemRStream,mem_r_stream_framed_task_64_s,817,502,0,0,0,,,
mig_vec_k8_l16_w12g8,vec,migration,subblock,MemRStream.RELAY,,157,34,0,0,0,,,
mig_vec_k8_l16_w12g8,vec,migration,subblock,MemRStream.A2S,,174,102,0,0,0,,,
mig_vec_k8_l16_w12g8,vec,migration,module,CgVectorRx,cg_vector_rx_task_64_8_32_8_16_1182345752_s,1100,495,1,0,0,,,
mig_vec_k8_l16_w12g8,vec,migration,subblock,CgVectorRx.FWD,,138,35,0,0,0,,,
mig_vec_k8_l16_w12g8,vec,migration,module,CgVectorLoad,cg_vector_load_task_64_8_32_8_16_2_2083753772_1182345752_s,8882,2986,1,0,0,,,
mig_vec_k8_l16_w12g8,vec,migration,subblock,CgVectorLoad.WORDS,,622,611,0,0,0,,,
mig_vec_k8_l16_w12g8,vec,migration,subblock,CgVectorLoad.WORDS2,,622,611,0,0,0,,,
mig_vec_k8_l16_w12g8,vec,migration,module,CgVectorCore,cg_vector_task_8_32_8_16_2_2083753772_s,52201,35698,193,0,0,,,
mig_vec_k8_l16_w12g8,vec,migration,subblock,CgVectorCore.INIT_K,,956,967,32,0,0,,,
mig_vec_k8_l16_w12g8,vec,migration,subblock,CgVectorCore.INIT_P,,319,165,0,0,0,,,
mig_vec_k8_l16_w12g8,vec,migration,subblock,CgVectorCore.PASS1,,956,1159,32,0,0,,,
mig_vec_k8_l16_w12g8,vec,migration,subblock,CgVectorCore.PASS2,,11964,9131,96,0,0,,,
mig_vec_k8_l16_w12g8,vec,migration,subblock,CgVectorCore.PASS3,,5620,4731,32,0,0,,,
mig_vec_k8_l16_w12g8,vec,migration,subblock,CgVectorCore.OUT_P,,319,165,0,0,0,,,
mig_vec_k8_l16_w12g8,vec,migration,subblock,CgVectorCore.OUT_X,,319,165,0,0,0,,,
mig_vec_k8_l16_w12g8,vec,migration,module,CgVectorStore,cg_vector_store_task_64_8_32_16_2_2083753772_1182345752_s,2476,1429,1,0,0,,,
mig_vec_k8_l16_w12g8,vec,migration,subblock,CgVectorStore.WORDS1,,920,522,0,0,0,,,
mig_vec_k8_l16_w12g8,vec,migration,subblock,CgVectorStore.WORDS,,920,522,0,0,0,,,
mig_vec_k8_l16_w12g8,vec,migration,module,CgReplyFramer,cg_reply_task_64_s,328,352,0,0,0,,,
mig_vec_k8_l16_w12g8,vec,migration,subblock,CgReplyFramer.PAYLOAD,,138,35,0,0,0,,,
mig_vec_k8_l16_w12g8,vec,migration,module,MemWStream,mem_w_stream_framed_done_task_64_8_s,1613,2265,0,0,0,,,
mig_vec_k8_l16_w12g8,vec,migration,subblock,MemWStream.BUFF,,826,642,0,0,0,,,
mig_vec_k8_l16_w12g8,vec,migration,subblock,MemWStream.S2A,,137,100,0,0,0,,,
mig_vec_k8_l16_w12g8,vec,migration,subblock,MemWStream.ECHO,,171,98,0,0,0,,,
mig_vec_k8_l16_w12g8,vec,migration,memory,unit_b_U,,0,0,0,11,0,16,384,2
mig_vec_k8_l16_w12g8,vec,migration,memory,unit_s_U,,0,0,0,11,0,16,384,2
mig_vec_k8_l16_w12g8,vec,migration,memory,unit_p_U,,0,0,0,11,0,16,384,2
mig_vec_k8_l16_w12g8,vec,migration,memory,unit_x_U,,0,0,0,11,0,16,384,2
mig_vec_k8_l16_w12g8,vec,migration,fifo,m_in_c_U,,0,99,0,0,0,3,64,1
mig_vec_k8_l16_w12g8,vec,migration,fifo,m_out_c_U,,0,99,0,0,0,9,64,1
mig_vec_k8_l16_w12g8,vec,migration,fifo,rd_cmd_U,,0,99,0,0,0,2,65,1
mig_vec_k8_l16_w12g8,vec,migration,fifo,rd_data_U,,0,99,0,0,0,2,65,1
mig_vec_k8_l16_w12g8,vec,migration,fifo,reply_U,,0,99,0,0,0,2,65,1
mig_vec_k8_l16_w12g8,vec,migration,fifo,unit_ccmd_U,,0,99,0,0,0,2,64,1
mig_vec_k8_l16_w12g8,vec,migration,fifo,unit_lcmd_U,,0,99,0,0,0,2,64,1
mig_vec_k8_l16_w12g8,vec,migration,fifo,unit_pay_U,,0,99,0,0,0,2,65,1
mig_vec_k8_l16_w12g8,vec,migration,fifo,unit_reply_U,,0,99,0,0,0,2,65,1
mig_vec_k8_l16_w12g8,vec,migration,fifo,wr_U,,0,99,0,0,0,2,65,1
mig_vec_k8_l16_w12g8,vec,migration,instance,control_s_axi_U,,296,170,0,0,0,0,0,0
mig_vec_k8_l16_w12g8,vec,migration,instance,entry_proc_U0,,29,2,0,0,0,0,0,0
mig_vec_k8_l16_w12g8,vec,migration,instance,gmem0_m_axi_U,,823,725,0,4,0,0,0,0
mig_vec_k8_l16_w12g8,vec,migration,instance,gmem1_m_axi_U,,811,719,0,4,0,0,0,0
mig_vec_k8_l16_w12g8,vec,migration,unitemized,unitemized,,669,0,0,0,0,0,0,0
mig_vec_k8_l4_w8g8,vec,migration,module,CgReqFramer,cg_req_task_64_s,93,6,0,0,0,,,
mig_vec_k8_l4_w8g8,vec,migration,module,MemRStream,mem_r_stream_framed_task_64_s,817,502,0,0,0,,,
mig_vec_k8_l4_w8g8,vec,migration,subblock,MemRStream.RELAY,,157,34,0,0,0,,,
mig_vec_k8_l4_w8g8,vec,migration,subblock,MemRStream.A2S,,174,102,0,0,0,,,
mig_vec_k8_l4_w8g8,vec,migration,module,CgVectorRx,cg_vector_rx_task_64_8_32_8_4_1684208454_s,1097,495,1,0,0,,,
mig_vec_k8_l4_w8g8,vec,migration,subblock,CgVectorRx.FWD,,138,35,0,0,0,,,
mig_vec_k8_l4_w8g8,vec,migration,module,CgVectorLoad,cg_vector_load_task_64_8_32_8_4_2_1656696113_1684208454_s,2650,962,1,0,0,,,
mig_vec_k8_l4_w8g8,vec,migration,subblock,CgVectorLoad.WORDS,,582,275,0,0,0,,,
mig_vec_k8_l4_w8g8,vec,migration,subblock,CgVectorLoad.WORDS2,,582,275,0,0,0,,,
mig_vec_k8_l4_w8g8,vec,migration,module,CgVectorCore,cg_vector_task_8_32_8_4_2_1656696113_s,14949,7385,13,0,0,,,
mig_vec_k8_l4_w8g8,vec,migration,subblock,CgVectorCore.INIT_K,,703,281,0,0,0,,,
mig_vec_k8_l4_w8g8,vec,migration,subblock,CgVectorCore.INIT_P,,324,173,0,0,0,,,
mig_vec_k8_l4_w8g8,vec,migration,subblock,CgVectorCore.PASS1,,479,317,4,0,0,,,
mig_vec_k8_l4_w8g8,vec,migration,subblock,CgVectorCore.PASS2,,3159,1317,8,0,0,,,
mig_vec_k8_l4_w8g8,vec,migration,subblock,CgVectorCore.PASS3,,1604,893,0,0,0,,,
mig_vec_k8_l4_w8g8,vec,migration,subblock,CgVectorCore.OUT_P,,324,173,0,0,0,,,
mig_vec_k8_l4_w8g8,vec,migration,subblock,CgVectorCore.OUT_X,,324,173,0,0,0,,,
mig_vec_k8_l4_w8g8,vec,migration,module,CgVectorStore,cg_vector_store_task_64_8_32_4_2_1656696113_1684208454_s,1912,789,1,0,0,,,
mig_vec_k8_l4_w8g8,vec,migration,subblock,CgVectorStore.WORDS1,,638,202,0,0,0,,,
mig_vec_k8_l4_w8g8,vec,migration,subblock,CgVectorStore.WORDS,,638,202,0,0,0,,,
mig_vec_k8_l4_w8g8,vec,migration,module,CgReplyFramer,cg_reply_task_64_s,328,352,0,0,0,,,
mig_vec_k8_l4_w8g8,vec,migration,subblock,CgReplyFramer.PAYLOAD,,138,35,0,0,0,,,
mig_vec_k8_l4_w8g8,vec,migration,module,MemWStream,mem_w_stream_framed_done_task_64_8_s,1613,2265,0,0,0,,,
mig_vec_k8_l4_w8g8,vec,migration,subblock,MemWStream.BUFF,,826,642,0,0,0,,,
mig_vec_k8_l4_w8g8,vec,migration,subblock,MemWStream.S2A,,137,100,0,0,0,,,
mig_vec_k8_l4_w8g8,vec,migration,subblock,MemWStream.ECHO,,171,98,0,0,0,,,
mig_vec_k8_l4_w8g8,vec,migration,memory,unit_b_U,,0,0,0,2,0,64,64,2
mig_vec_k8_l4_w8g8,vec,migration,memory,unit_s_U,,0,0,0,2,0,64,64,2
mig_vec_k8_l4_w8g8,vec,migration,memory,unit_p_U,,0,0,0,2,0,64,64,2
mig_vec_k8_l4_w8g8,vec,migration,memory,unit_x_U,,0,0,0,2,0,64,64,2
mig_vec_k8_l4_w8g8,vec,migration,fifo,m_in_c_U,,0,99,0,0,0,3,64,1
mig_vec_k8_l4_w8g8,vec,migration,fifo,m_out_c_U,,0,99,0,0,0,9,64,1
mig_vec_k8_l4_w8g8,vec,migration,fifo,rd_cmd_U,,0,99,0,0,0,2,65,1
mig_vec_k8_l4_w8g8,vec,migration,fifo,rd_data_U,,0,99,0,0,0,2,65,1
mig_vec_k8_l4_w8g8,vec,migration,fifo,reply_U,,0,99,0,0,0,2,65,1
mig_vec_k8_l4_w8g8,vec,migration,fifo,unit_ccmd_U,,0,99,0,0,0,2,64,1
mig_vec_k8_l4_w8g8,vec,migration,fifo,unit_lcmd_U,,0,99,0,0,0,2,64,1
mig_vec_k8_l4_w8g8,vec,migration,fifo,unit_pay_U,,0,99,0,0,0,2,65,1
mig_vec_k8_l4_w8g8,vec,migration,fifo,unit_reply_U,,0,99,0,0,0,2,65,1
mig_vec_k8_l4_w8g8,vec,migration,fifo,wr_U,,0,99,0,0,0,2,65,1
mig_vec_k8_l4_w8g8,vec,migration,instance,control_s_axi_U,,296,170,0,0,0,0,0,0
mig_vec_k8_l4_w8g8,vec,migration,instance,entry_proc_U0,,29,2,0,0,0,0,0,0
mig_vec_k8_l4_w8g8,vec,migration,instance,gmem0_m_axi_U,,823,725,0,4,0,0,0,0
mig_vec_k8_l4_w8g8,vec,migration,instance,gmem1_m_axi_U,,811,719,0,4,0,0,0,0
mig_vec_k8_l4_w8g8,vec,migration,unitemized,unitemized,,669,0,0,0,0,0,0,0
mig_vec_k8_l4_w10g8,vec,migration,module,CgReqFramer,cg_req_task_64_s,93,6,0,0,0,,,
mig_vec_k8_l4_w10g8,vec,migration,module,MemRStream,mem_r_stream_framed_task_64_s,817,502,0,0,0,,,
mig_vec_k8_l4_w10g8,vec,migration,subblock,MemRStream.RELAY,,157,34,0,0,0,,,
mig_vec_k8_l4_w10g8,vec,migration,subblock,MemRStream.A2S,,174,102,0,0,0,,,
mig_vec_k8_l4_w10g8,vec,migration,module,CgVectorRx,cg_vector_rx_task_64_8_32_8_4_1409036543_s,1097,495,1,0,0,,,
mig_vec_k8_l4_w10g8,vec,migration,subblock,CgVectorRx.FWD,,138,35,0,0,0,,,
mig_vec_k8_l4_w10g8,vec,migration,module,CgVectorLoad,cg_vector_load_task_64_8_32_8_4_2_88827626_1409036543_s,3080,1152,1,0,0,,,
mig_vec_k8_l4_w10g8,vec,migration,subblock,CgVectorLoad.WORDS,,606,299,0,0,0,,,
mig_vec_k8_l4_w10g8,vec,migration,subblock,CgVectorLoad.WORDS2,,606,299,0,0,0,,,
mig_vec_k8_l4_w10g8,vec,migration,module,CgVectorCore,cg_vector_task_8_32_8_4_2_88827626_s,15929,8606,21,0,0,,,
mig_vec_k8_l4_w10g8,vec,migration,subblock,CgVectorCore.INIT_K,,583,317,4,0,0,,,
mig_vec_k8_l4_w10g8,vec,migration,subblock,CgVectorCore.INIT_P,,324,173,0,0,0,,,
mig_vec_k8_l4_w10g8,vec,migration,subblock,CgVectorCore.PASS1,,583,357,4,0,0,,,
mig_vec_k8_l4_w10g8,vec,migration,subblock,CgVectorCore.PASS2,,3423,1773,12,0,0,,,
mig_vec_k8_l4_w10g8,vec,migration,subblock,CgVectorCore.PASS3,,1852,1125,0,0,0,,,
mig_vec_k8_l4_w10g8,vec,migration,subblock,CgVectorCore.OUT_P,,324,173,0,0,0,,,
mig_vec_k8_l4_w10g8,vec,migration,subblock,CgVectorCore.OUT_X,,324,173,0,0,0,,,
mig_vec_k8_l4_w10g8,vec,migration,module,CgVectorStore,cg_vector_store_task_64_8_32_4_2_88827626_1409036543_s,1958,821,1,0,0,,,
mig_vec_k8_l4_w10g8,vec,migration,subblock,CgVectorStore.WORDS1,,661,218,0,0,0,,,
mig_vec_k8_l4_w10g8,vec,migration,subblock,CgVectorStore.WORDS,,661,218,0,0,0,,,
mig_vec_k8_l4_w10g8,vec,migration,module,CgReplyFramer,cg_reply_task_64_s,328,352,0,0,0,,,
mig_vec_k8_l4_w10g8,vec,migration,subblock,CgReplyFramer.PAYLOAD,,138,35,0,0,0,,,
mig_vec_k8_l4_w10g8,vec,migration,module,MemWStream,mem_w_stream_framed_done_task_64_8_s,1613,2265,0,0,0,,,
mig_vec_k8_l4_w10g8,vec,migration,subblock,MemWStream.BUFF,,826,642,0,0,0,,,
mig_vec_k8_l4_w10g8,vec,migration,subblock,MemWStream.S2A,,137,100,0,0,0,,,
mig_vec_k8_l4_w10g8,vec,migration,subblock,MemWStream.ECHO,,171,98,0,0,0,,,
mig_vec_k8_l4_w10g8,vec,migration,memory,unit_b_U,,0,0,0,3,0,64,80,2
mig_vec_k8_l4_w10g8,vec,migration,memory,unit_s_U,,0,0,0,3,0,64,80,2
mig_vec_k8_l4_w10g8,vec,migration,memory,unit_p_U,,0,0,0,3,0,64,80,2
mig_vec_k8_l4_w10g8,vec,migration,memory,unit_x_U,,0,0,0,3,0,64,80,2
mig_vec_k8_l4_w10g8,vec,migration,fifo,m_in_c_U,,0,99,0,0,0,3,64,1
mig_vec_k8_l4_w10g8,vec,migration,fifo,m_out_c_U,,0,99,0,0,0,9,64,1
mig_vec_k8_l4_w10g8,vec,migration,fifo,rd_cmd_U,,0,99,0,0,0,2,65,1
mig_vec_k8_l4_w10g8,vec,migration,fifo,rd_data_U,,0,99,0,0,0,2,65,1
mig_vec_k8_l4_w10g8,vec,migration,fifo,reply_U,,0,99,0,0,0,2,65,1
mig_vec_k8_l4_w10g8,vec,migration,fifo,unit_ccmd_U,,0,99,0,0,0,2,64,1
mig_vec_k8_l4_w10g8,vec,migration,fifo,unit_lcmd_U,,0,99,0,0,0,2,64,1
mig_vec_k8_l4_w10g8,vec,migration,fifo,unit_pay_U,,0,99,0,0,0,2,65,1
mig_vec_k8_l4_w10g8,vec,migration,fifo,unit_reply_U,,0,99,0,0,0,2,65,1
mig_vec_k8_l4_w10g8,vec,migration,fifo,wr_U,,0,99,0,0,0,2,65,1
mig_vec_k8_l4_w10g8,vec,migration,instance,control_s_axi_U,,296,170,0,0,0,0,0,0
mig_vec_k8_l4_w10g8,vec,migration,instance,entry_proc_U0,,29,2,0,0,0,0,0,0
mig_vec_k8_l4_w10g8,vec,migration,instance,gmem0_m_axi_U,,823,725,0,4,0,0,0,0
mig_vec_k8_l4_w10g8,vec,migration,instance,gmem1_m_axi_U,,811,719,0,4,0,0,0,0
mig_vec_k8_l4_w10g8,vec,migration,unitemized,unitemized,,669,0,0,0,0,0,0,0
mig_vec_k8_l4_w14g8,vec,migration,module,CgReqFramer,cg_req_task_64_s,93,6,0,0,0,,,
mig_vec_k8_l4_w14g8,vec,migration,module,MemRStream,mem_r_stream_framed_task_64_s,817,502,0,0,0,,,
mig_vec_k8_l4_w14g8,vec,migration,subblock,MemRStream.RELAY,,157,34,0,0,0,,,
mig_vec_k8_l4_w14g8,vec,migration,subblock,MemRStream.A2S,,174,102,0,0,0,,,
mig_vec_k8_l4_w14g8,vec,migration,module,CgVectorRx,cg_vector_rx_task_64_8_32_8_4_596050800_s,1097,495,1,0,0,,,
mig_vec_k8_l4_w14g8,vec,migration,subblock,CgVectorRx.FWD,,138,35,0,0,0,,,
mig_vec_k8_l4_w14g8,vec,migration,module,CgVectorLoad,cg_vector_load_task_64_8_32_8_4_2_628840950_596050800_s,3704,1368,1,0,0,,,
mig_vec_k8_l4_w14g8,vec,migration,subblock,CgVectorLoad.WORDS,,654,343,0,0,0,,,
mig_vec_k8_l4_w14g8,vec,migration,subblock,CgVectorLoad.WORDS2,,654,343,0,0,0,,,
mig_vec_k8_l4_w14g8,vec,migration,module,CgVectorCore,cg_vector_task_8_32_8_4_2_628840950_s,15870,10566,49,0,0,,,
mig_vec_k8_l4_w14g8,vec,migration,subblock,CgVectorCore.INIT_K,,387,437,8,0,0,,,
mig_vec_k8_l4_w14g8,vec,migration,subblock,CgVectorCore.INIT_P,,324,173,0,0,0,,,
mig_vec_k8_l4_w14g8,vec,migration,subblock,CgVectorCore.PASS1,,387,487,8,0,0,,,
mig_vec_k8_l4_w14g8,vec,migration,subblock,CgVectorCore.PASS2,,2915,2059,24,0,0,,,
mig_vec_k8_l4_w14g8,vec,migration,subblock,CgVectorCore.PASS3,,1564,1437,8,0,0,,,
mig_vec_k8_l4_w14g8,vec,migration,subblock,CgVectorCore.OUT_P,,324,173,0,0,0,,,
mig_vec_k8_l4_w14g8,vec,migration,subblock,CgVectorCore.OUT_X,,324,173,0,0,0,,,
mig_vec_k8_l4_w14g8,vec,migration,module,CgVectorStore,cg_vector_store_task_64_8_32_4_2_628840950_596050800_s,2030,885,1,0,0,,,
mig_vec_k8_l4_w14g8,vec,migration,subblock,CgVectorStore.WORDS1,,697,250,0,0,0,,,
mig_vec_k8_l4_w14g8,vec,migration,subblock,CgVectorStore.WORDS,,697,250,0,0,0,,,
mig_vec_k8_l4_w14g8,vec,migration,module,CgReplyFramer,cg_reply_task_64_s,328,352,0,0,0,,,
mig_vec_k8_l4_w14g8,vec,migration,subblock,CgReplyFramer.PAYLOAD,,138,35,0,0,0,,,
mig_vec_k8_l4_w14g8,vec,migration,module,MemWStream,mem_w_stream_framed_done_task_64_8_s,1613,2265,0,0,0,,,
mig_vec_k8_l4_w14g8,vec,migration,subblock,MemWStream.BUFF,,826,642,0,0,0,,,
mig_vec_k8_l4_w14g8,vec,migration,subblock,MemWStream.S2A,,137,100,0,0,0,,,
mig_vec_k8_l4_w14g8,vec,migration,subblock,MemWStream.ECHO,,171,98,0,0,0,,,
mig_vec_k8_l4_w14g8,vec,migration,memory,unit_b_U,,0,0,0,4,0,64,112,2
mig_vec_k8_l4_w14g8,vec,migration,memory,unit_s_U,,0,0,0,4,0,64,112,2
mig_vec_k8_l4_w14g8,vec,migration,memory,unit_p_U,,0,0,0,4,0,64,112,2
mig_vec_k8_l4_w14g8,vec,migration,memory,unit_x_U,,0,0,0,4,0,64,112,2
mig_vec_k8_l4_w14g8,vec,migration,fifo,m_in_c_U,,0,99,0,0,0,3,64,1
mig_vec_k8_l4_w14g8,vec,migration,fifo,m_out_c_U,,0,99,0,0,0,9,64,1
mig_vec_k8_l4_w14g8,vec,migration,fifo,rd_cmd_U,,0,99,0,0,0,2,65,1
mig_vec_k8_l4_w14g8,vec,migration,fifo,rd_data_U,,0,99,0,0,0,2,65,1
mig_vec_k8_l4_w14g8,vec,migration,fifo,reply_U,,0,99,0,0,0,2,65,1
mig_vec_k8_l4_w14g8,vec,migration,fifo,unit_ccmd_U,,0,99,0,0,0,2,64,1
mig_vec_k8_l4_w14g8,vec,migration,fifo,unit_lcmd_U,,0,99,0,0,0,2,64,1
mig_vec_k8_l4_w14g8,vec,migration,fifo,unit_pay_U,,0,99,0,0,0,2,65,1
mig_vec_k8_l4_w14g8,vec,migration,fifo,unit_reply_U,,0,99,0,0,0,2,65,1
mig_vec_k8_l4_w14g8,vec,migration,fifo,wr_U,,0,99,0,0,0,2,65,1
mig_vec_k8_l4_w14g8,vec,migration,instance,control_s_axi_U,,296,170,0,0,0,0,0,0
mig_vec_k8_l4_w14g8,vec,migration,instance,entry_proc_U0,,29,2,0,0,0,0,0,0
mig_vec_k8_l4_w14g8,vec,migration,instance,gmem0_m_axi_U,,823,725,0,4,0,0,0,0
mig_vec_k8_l4_w14g8,vec,migration,instance,gmem1_m_axi_U,,811,719,0,4,0,0,0,0
mig_vec_k8_l4_w14g8,vec,migration,unitemized,unitemized,,669,0,0,0,0,0,0,0
mig_vec_k8_l4_w16g8,vec,migration,module,CgReqFramer,cg_req_task_64_s,93,6,0,0,0,,,
mig_vec_k8_l4_w16g8,vec,migration,module,MemRStream,mem_r_stream_framed_task_64_s,817,502,0,0,0,,,
mig_vec_k8_l4_w16g8,vec,migration,subblock,MemRStream.RELAY,,157,34,0,0,0,,,
mig_vec_k8_l4_w16g8,vec,migration,subblock,MemRStream.A2S,,174,102,0,0,0,,,
mig_vec_k8_l4_w16g8,vec,migration,module,CgVectorRx,cg_vector_rx_task_64_8_32_8_4_906107287_s,1097,495,1,0,0,,,
mig_vec_k8_l4_w16g8,vec,migration,subblock,CgVectorRx.FWD,,138,35,0,0,0,,,
mig_vec_k8_l4_w16g8,vec,migration,module,CgVectorLoad,cg_vector_load_task_64_8_32_8_4_2_597147986_906107287_s,3474,1258,1,0,0,,,
mig_vec_k8_l4_w16g8,vec,migration,subblock,CgVectorLoad.WORDS,,464,361,0,0,0,,,
mig_vec_k8_l4_w16g8,vec,migration,subblock,CgVectorLoad.WORDS2,,464,361,0,0,0,,,
mig_vec_k8_l4_w16g8,vec,migration,module,CgVectorCore,cg_vector_task_8_32_8_4_2_597147986_s,16883,11405,49,24,0,,,
mig_vec_k8_l4_w16g8,vec,migration,subblock,CgVectorCore.INIT_K,,551,604,8,0,0,,,
mig_vec_k8_l4_w16g8,vec,migration,subblock,CgVectorCore.INIT_P,,324,173,0,0,0,,,
mig_vec_k8_l4_w16g8,vec,migration,subblock,CgVectorCore.PASS1,,403,535,8,0,0,,,
mig_vec_k8_l4_w16g8,vec,migration,subblock,CgVectorCore.PASS2,,3479,2585,24,0,0,,,
mig_vec_k8_l4_w16g8,vec,migration,subblock,CgVectorCore.PASS3,,1636,1383,8,0,0,,,
mig_vec_k8_l4_w16g8,vec,migration,subblock,CgVectorCore.OUT_P,,324,173,0,0,0,,,
mig_vec_k8_l4_w16g8,vec,migration,subblock,CgVectorCore.OUT_X,,324,173,0,0,0,,,
mig_vec_k8_l4_w16g8,vec,migration,module,CgVectorStore,cg_vector_store_task_64_8_32_4_2_597147986_906107287_s,2062,917,1,0,0,,,
mig_vec_k8_l4_w16g8,vec,migration,subblock,CgVectorStore.WORDS1,,713,266,0,0,0,,,
mig_vec_k8_l4_w16g8,vec,migration,subblock,CgVectorStore.WORDS,,713,266,0,0,0,,,
mig_vec_k8_l4_w16g8,vec,migration,module,CgReplyFramer,cg_reply_task_64_s,328,352,0,0,0,,,
mig_vec_k8_l4_w16g8,vec,migration,subblock,CgReplyFramer.PAYLOAD,,138,35,0,0,0,,,
mig_vec_k8_l4_w16g8,vec,migration,module,MemWStream,mem_w_stream_framed_done_task_64_8_s,1613,2265,0,0,0,,,
mig_vec_k8_l4_w16g8,vec,migration,subblock,MemWStream.BUFF,,826,642,0,0,0,,,
mig_vec_k8_l4_w16g8,vec,migration,subblock,MemWStream.S2A,,137,100,0,0,0,,,
mig_vec_k8_l4_w16g8,vec,migration,subblock,MemWStream.ECHO,,171,98,0,0,0,,,
mig_vec_k8_l4_w16g8,vec,migration,memory,unit_b_U,,0,0,0,4,0,64,128,2
mig_vec_k8_l4_w16g8,vec,migration,memory,unit_s_U,,0,0,0,4,0,64,128,2
mig_vec_k8_l4_w16g8,vec,migration,memory,unit_p_U,,0,0,0,4,0,64,128,2
mig_vec_k8_l4_w16g8,vec,migration,memory,unit_x_U,,0,0,0,4,0,64,128,2
mig_vec_k8_l4_w16g8,vec,migration,fifo,m_in_c_U,,0,99,0,0,0,3,64,1
mig_vec_k8_l4_w16g8,vec,migration,fifo,m_out_c_U,,0,99,0,0,0,9,64,1
mig_vec_k8_l4_w16g8,vec,migration,fifo,rd_cmd_U,,0,99,0,0,0,2,65,1
mig_vec_k8_l4_w16g8,vec,migration,fifo,rd_data_U,,0,99,0,0,0,2,65,1
mig_vec_k8_l4_w16g8,vec,migration,fifo,reply_U,,0,99,0,0,0,2,65,1
mig_vec_k8_l4_w16g8,vec,migration,fifo,unit_ccmd_U,,0,99,0,0,0,2,64,1
mig_vec_k8_l4_w16g8,vec,migration,fifo,unit_lcmd_U,,0,99,0,0,0,2,64,1
mig_vec_k8_l4_w16g8,vec,migration,fifo,unit_pay_U,,0,99,0,0,0,2,65,1
mig_vec_k8_l4_w16g8,vec,migration,fifo,unit_reply_U,,0,99,0,0,0,2,65,1
mig_vec_k8_l4_w16g8,vec,migration,fifo,wr_U,,0,99,0,0,0,2,65,1
mig_vec_k8_l4_w16g8,vec,migration,instance,control_s_axi_U,,296,170,0,0,0,0,0,0
mig_vec_k8_l4_w16g8,vec,migration,instance,entry_proc_U0,,29,2,0,0,0,0,0,0
mig_vec_k8_l4_w16g8,vec,migration,instance,gmem0_m_axi_U,,823,725,0,4,0,0,0,0
mig_vec_k8_l4_w16g8,vec,migration,instance,gmem1_m_axi_U,,811,719,0,4,0,0,0,0
mig_vec_k8_l4_w16g8,vec,migration,unitemized,unitemized,,669,0,0,0,0,0,0,0
mig_vec_k8_l4_w12g0,vec,migration,module,CgReqFramer,cg_req_task_64_s,93,6,0,0,0,,,
mig_vec_k8_l4_w12g0,vec,migration,module,MemRStream,mem_r_stream_framed_task_64_s,817,502,0,0,0,,,
mig_vec_k8_l4_w12g0,vec,migration,subblock,MemRStream.RELAY,,157,34,0,0,0,,,
mig_vec_k8_l4_w12g0,vec,migration,subblock,MemRStream.A2S,,174,102,0,0,0,,,
mig_vec_k8_l4_w12g0,vec,migration,module,CgVectorRx,cg_vector_rx_task_64_8_32_8_4_1182345752_s,1097,495,1,0,0,,,
mig_vec_k8_l4_w12g0,vec,migration,subblock,CgVectorRx.FWD,,138,35,0,0,0,,,
mig_vec_k8_l4_w12g0,vec,migration,module,CgVectorLoad,cg_vector_load_task_64_8_32_8_4_2_1214977388_1182345752_s,3400,1070,1,0,0,,,
mig_vec_k8_l4_w12g0,vec,migration,subblock,CgVectorLoad.WORDS,,622,323,0,0,0,,,
mig_vec_k8_l4_w12g0,vec,migration,subblock,CgVectorLoad.WORDS2,,622,323,0,0,0,,,
mig_vec_k8_l4_w12g0,vec,migration,module,CgVectorCore,cg_vector_task_8_32_8_4_2_1214977388_s,13003,7825,49,0,0,,,
mig_vec_k8_l4_w12g0,vec,migration,subblock,CgVectorCore.INIT_K,,371,349,8,0,0,,,
mig_vec_k8_l4_w12g0,vec,migration,subblock,CgVectorCore.INIT_P,,324,173,0,0,0,,,
mig_vec_k8_l4_w12g0,vec,migration,subblock,CgVectorCore.PASS1,,371,397,8,0,0,,,
mig_vec_k8_l4_w12g0,vec,migration,subblock,CgVectorCore.PASS2,,2867,1901,24,0,0,,,
mig_vec_k8_l4_w12g0,vec,migration,subblock,CgVectorCore.PASS3,,1468,1221,8,0,0,,,
mig_vec_k8_l4_w12g0,vec,migration,subblock,CgVectorCore.OUT_P,,324,173,0,0,0,,,
mig_vec_k8_l4_w12g0,vec,migration,subblock,CgVectorCore.OUT_X,,324,173,0,0,0,,,
mig_vec_k8_l4_w12g0,vec,migration,module,CgVectorStore,cg_vector_store_task_64_8_32_4_2_1214977388_1182345752_s,1990,853,1,0,0,,,
mig_vec_k8_l4_w12g0,vec,migration,subblock,CgVectorStore.WORDS1,,677,234,0,0,0,,,
mig_vec_k8_l4_w12g0,vec,migration,subblock,CgVectorStore.WORDS,,677,234,0,0,0,,,
mig_vec_k8_l4_w12g0,vec,migration,module,CgReplyFramer,cg_reply_task_64_s,328,352,0,0,0,,,
mig_vec_k8_l4_w12g0,vec,migration,subblock,CgReplyFramer.PAYLOAD,,138,35,0,0,0,,,
mig_vec_k8_l4_w12g0,vec,migration,module,MemWStream,mem_w_stream_framed_done_task_64_8_s,1613,2265,0,0,0,,,
mig_vec_k8_l4_w12g0,vec,migration,subblock,MemWStream.BUFF,,826,642,0,0,0,,,
mig_vec_k8_l4_w12g0,vec,migration,subblock,MemWStream.S2A,,137,100,0,0,0,,,
mig_vec_k8_l4_w12g0,vec,migration,subblock,MemWStream.ECHO,,171,98,0,0,0,,,
mig_vec_k8_l4_w12g0,vec,migration,memory,unit_b_U,,0,0,0,3,0,64,96,2
mig_vec_k8_l4_w12g0,vec,migration,memory,unit_s_U,,0,0,0,3,0,64,96,2
mig_vec_k8_l4_w12g0,vec,migration,memory,unit_p_U,,0,0,0,3,0,64,96,2
mig_vec_k8_l4_w12g0,vec,migration,memory,unit_x_U,,0,0,0,3,0,64,96,2
mig_vec_k8_l4_w12g0,vec,migration,fifo,m_in_c_U,,0,99,0,0,0,3,64,1
mig_vec_k8_l4_w12g0,vec,migration,fifo,m_out_c_U,,0,99,0,0,0,9,64,1
mig_vec_k8_l4_w12g0,vec,migration,fifo,rd_cmd_U,,0,99,0,0,0,2,65,1
mig_vec_k8_l4_w12g0,vec,migration,fifo,rd_data_U,,0,99,0,0,0,2,65,1
mig_vec_k8_l4_w12g0,vec,migration,fifo,reply_U,,0,99,0,0,0,2,65,1
mig_vec_k8_l4_w12g0,vec,migration,fifo,unit_ccmd_U,,0,99,0,0,0,2,64,1
mig_vec_k8_l4_w12g0,vec,migration,fifo,unit_lcmd_U,,0,99,0,0,0,2,64,1
mig_vec_k8_l4_w12g0,vec,migration,fifo,unit_pay_U,,0,99,0,0,0,2,65,1
mig_vec_k8_l4_w12g0,vec,migration,fifo,unit_reply_U,,0,99,0,0,0,2,65,1
mig_vec_k8_l4_w12g0,vec,migration,fifo,wr_U,,0,99,0,0,0,2,65,1
mig_vec_k8_l4_w12g0,vec,migration,instance,control_s_axi_U,,296,170,0,0,0,0,0,0
mig_vec_k8_l4_w12g0,vec,migration,instance,entry_proc_U0,,29,2,0,0,0,0,0,0
mig_vec_k8_l4_w12g0,vec,migration,instance,gmem0_m_axi_U,,823,725,0,4,0,0,0,0
mig_vec_k8_l4_w12g0,vec,migration,instance,gmem1_m_axi_U,,811,719,0,4,0,0,0,0
mig_vec_k8_l4_w12g0,vec,migration,unitemized,unitemized,,669,0,0,0,0,0,0,0
mig_vec_k8_l4_w12g4,vec,migration,module,CgReqFramer,cg_req_task_64_s,93,6,0,0,0,,,
mig_vec_k8_l4_w12g4,vec,migration,module,MemRStream,mem_r_stream_framed_task_64_s,817,502,0,0,0,,,
mig_vec_k8_l4_w12g4,vec,migration,subblock,MemRStream.RELAY,,157,34,0,0,0,,,
mig_vec_k8_l4_w12g4,vec,migration,subblock,MemRStream.A2S,,174,102,0,0,0,,,
mig_vec_k8_l4_w12g4,vec,migration,module,CgVectorRx,cg_vector_rx_task_64_8_32_8_4_1182345752_s,1097,495,1,0,0,,,
mig_vec_k8_l4_w12g4,vec,migration,subblock,CgVectorRx.FWD,,138,35,0,0,0,,,
mig_vec_k8_l4_w12g4,vec,migration,module,CgVectorLoad,cg_vector_load_task_64_8_32_8_4_2_277106405_1182345752_s,3400,1070,1,0,0,,,
mig_vec_k8_l4_w12g4,vec,migration,subblock,CgVectorLoad.WORDS,,622,323,0,0,0,,,
mig_vec_k8_l4_w12g4,vec,migration,subblock,CgVectorLoad.WORDS2,,622,323,0,0,0,,,
mig_vec_k8_l4_w12g4,vec,migration,module,CgVectorCore,cg_vector_task_8_32_8_4_2_277106405_s,14281,8701,49,0,0,,,
mig_vec_k8_l4_w12g4,vec,migration,subblock,CgVectorCore.INIT_K,,371,349,8,0,0,,,
mig_vec_k8_l4_w12g4,vec,migration,subblock,CgVectorCore.INIT_P,,324,173,0,0,0,,,
mig_vec_k8_l4_w12g4,vec,migration,subblock,CgVectorCore.PASS1,,371,397,8,0,0,,,
mig_vec_k8_l4_w12g4,vec,migration,subblock,CgVectorCore.PASS2,,2867,1901,24,0,0,,,
mig_vec_k8_l4_w12g4,vec,migration,subblock,CgVectorCore.PASS3,,1468,1221,8,0,0,,,
mig_vec_k8_l4_w12g4,vec,migration,subblock,CgVectorCore.OUT_P,,324,173,0,0,0,,,
mig_vec_k8_l4_w12g4,vec,migration,subblock,CgVectorCore.OUT_X,,324,173,0,0,0,,,
mig_vec_k8_l4_w12g4,vec,migration,module,CgVectorStore,cg_vector_store_task_64_8_32_4_2_277106405_1182345752_s,1990,853,1,0,0,,,
mig_vec_k8_l4_w12g4,vec,migration,subblock,CgVectorStore.WORDS1,,677,234,0,0,0,,,
mig_vec_k8_l4_w12g4,vec,migration,subblock,CgVectorStore.WORDS,,677,234,0,0,0,,,
mig_vec_k8_l4_w12g4,vec,migration,module,CgReplyFramer,cg_reply_task_64_s,328,352,0,0,0,,,
mig_vec_k8_l4_w12g4,vec,migration,subblock,CgReplyFramer.PAYLOAD,,138,35,0,0,0,,,
mig_vec_k8_l4_w12g4,vec,migration,module,MemWStream,mem_w_stream_framed_done_task_64_8_s,1613,2265,0,0,0,,,
mig_vec_k8_l4_w12g4,vec,migration,subblock,MemWStream.BUFF,,826,642,0,0,0,,,
mig_vec_k8_l4_w12g4,vec,migration,subblock,MemWStream.S2A,,137,100,0,0,0,,,
mig_vec_k8_l4_w12g4,vec,migration,subblock,MemWStream.ECHO,,171,98,0,0,0,,,
mig_vec_k8_l4_w12g4,vec,migration,memory,unit_b_U,,0,0,0,3,0,64,96,2
mig_vec_k8_l4_w12g4,vec,migration,memory,unit_s_U,,0,0,0,3,0,64,96,2
mig_vec_k8_l4_w12g4,vec,migration,memory,unit_p_U,,0,0,0,3,0,64,96,2
mig_vec_k8_l4_w12g4,vec,migration,memory,unit_x_U,,0,0,0,3,0,64,96,2
mig_vec_k8_l4_w12g4,vec,migration,fifo,m_in_c_U,,0,99,0,0,0,3,64,1
mig_vec_k8_l4_w12g4,vec,migration,fifo,m_out_c_U,,0,99,0,0,0,9,64,1
mig_vec_k8_l4_w12g4,vec,migration,fifo,rd_cmd_U,,0,99,0,0,0,2,65,1
mig_vec_k8_l4_w12g4,vec,migration,fifo,rd_data_U,,0,99,0,0,0,2,65,1
mig_vec_k8_l4_w12g4,vec,migration,fifo,reply_U,,0,99,0,0,0,2,65,1
mig_vec_k8_l4_w12g4,vec,migration,fifo,unit_ccmd_U,,0,99,0,0,0,2,64,1
mig_vec_k8_l4_w12g4,vec,migration,fifo,unit_lcmd_U,,0,99,0,0,0,2,64,1
mig_vec_k8_l4_w12g4,vec,migration,fifo,unit_pay_U,,0,99,0,0,0,2,65,1
mig_vec_k8_l4_w12g4,vec,migration,fifo,unit_reply_U,,0,99,0,0,0,2,65,1
mig_vec_k8_l4_w12g4,vec,migration,fifo,wr_U,,0,99,0,0,0,2,65,1
mig_vec_k8_l4_w12g4,vec,migration,instance,control_s_axi_U,,296,170,0,0,0,0,0,0
mig_vec_k8_l4_w12g4,vec,migration,instance,entry_proc_U0,,29,2,0,0,0,0,0,0
mig_vec_k8_l4_w12g4,vec,migration,instance,gmem0_m_axi_U,,823,725,0,4,0,0,0,0
mig_vec_k8_l4_w12g4,vec,migration,instance,gmem1_m_axi_U,,811,719,0,4,0,0,0,0
mig_vec_k8_l4_w12g4,vec,migration,unitemized,unitemized,,669,0,0,0,0,0,0,0
mig_vec_k8_l1_w8g0,vec,migration,module,CgReqFramer,cg_req_task_64_s,93,6,0,0,0,,,
mig_vec_k8_l1_w8g0,vec,migration,module,MemRStream,mem_r_stream_framed_task_64_s,817,502,0,0,0,,,
mig_vec_k8_l1_w8g0,vec,migration,subblock,MemRStream.RELAY,,157,34,0,0,0,,,
mig_vec_k8_l1_w8g0,vec,migration,subblock,MemRStream.A2S,,174,102,0,0,0,,,
mig_vec_k8_l1_w8g0,vec,migration,module,CgVectorRx,cg_vector_rx_task_64_8_32_8_1_1684208454_s,1086,462,1,0,0,,,
mig_vec_k8_l1_w8g0,vec,migration,subblock,CgVectorRx.FWD,,138,35,0,0,0,,,
mig_vec_k8_l1_w8g0,vec,migration,module,CgVectorLoad,cg_vector_load_task_64_8_32_8_1_2_2073626788_1684208454_s,1223,394,1,0,0,,,
mig_vec_k8_l1_w8g0,vec,migration,subblock,CgVectorLoad.WORDS_G,,408,127,0,0,0,,,
mig_vec_k8_l1_w8g0,vec,migration,module,CgVectorCore,cg_vector_task_8_32_8_1_2_2073626788_s,5127,2487,4,6,0,,,
mig_vec_k8_l1_w8g0,vec,migration,subblock,CgVectorCore.INIT_K,,287,131,0,0,0,,,
mig_vec_k8_l1_w8g0,vec,migration,subblock,CgVectorCore.INIT_P,,329,178,0,0,0,,,
mig_vec_k8_l1_w8g0,vec,migration,subblock,CgVectorCore.PASS1,,255,191,1,0,0,,,
mig_vec_k8_l1_w8g0,vec,migration,subblock,CgVectorCore.PASS2,,989,592,2,0,0,,,
mig_vec_k8_l1_w8g0,vec,migration,subblock,CgVectorCore.PASS3,,464,283,0,0,0,,,
mig_vec_k8_l1_w8g0,vec,migration,subblock,CgVectorCore.OUT_P,,329,178,0,0,0,,,
mig_vec_k8_l1_w8g0,vec,migration,subblock,CgVectorCore.OUT_X,,329,178,0,0,0,,,
mig_vec_k8_l1_w8g0,vec,migration,module,CgVectorStore,cg_vector_store_task_64_8_32_1_2_2073626788_1684208454_s,1528,599,1,0,0,,,
mig_vec_k8_l1_w8g0,vec,migration,subblock,CgVectorStore.WORDS_G1,,437,107,0,0,0,,,
mig_vec_k8_l1_w8g0,vec,migration,subblock,CgVectorStore.WORDS_G,,437,107,0,0,0,,,
mig_vec_k8_l1_w8g0,vec,migration,module,CgReplyFramer,cg_reply_task_64_s,328,352,0,0,0,,,
mig_vec_k8_l1_w8g0,vec,migration,subblock,CgReplyFramer.PAYLOAD,,138,35,0,0,0,,,
mig_vec_k8_l1_w8g0,vec,migration,module,MemWStream,mem_w_stream_framed_done_task_64_8_s,1613,2265,0,0,0,,,
mig_vec_k8_l1_w8g0,vec,migration,subblock,MemWStream.BUFF,,826,642,0,0,0,,,
mig_vec_k8_l1_w8g0,vec,migration,subblock,MemWStream.S2A,,137,100,0,0,0,,,
mig_vec_k8_l1_w8g0,vec,migration,subblock,MemWStream.ECHO,,171,98,0,0,0,,,
mig_vec_k8_l1_w8g0,vec,migration,memory,unit_b_U,,0,0,0,2,0,256,16,2
mig_vec_k8_l1_w8g0,vec,migration,memory,unit_s_U,,0,0,0,2,0,256,16,2
mig_vec_k8_l1_w8g0,vec,migration,memory,unit_p_U,,0,0,0,2,0,256,16,2
mig_vec_k8_l1_w8g0,vec,migration,memory,unit_x_U,,0,0,0,2,0,256,16,2
mig_vec_k8_l1_w8g0,vec,migration,fifo,m_in_c_U,,0,99,0,0,0,3,64,1
mig_vec_k8_l1_w8g0,vec,migration,fifo,m_out_c_U,,0,99,0,0,0,9,64,1
mig_vec_k8_l1_w8g0,vec,migration,fifo,rd_cmd_U,,0,99,0,0,0,2,65,1
mig_vec_k8_l1_w8g0,vec,migration,fifo,rd_data_U,,0,99,0,0,0,2,65,1
mig_vec_k8_l1_w8g0,vec,migration,fifo,reply_U,,0,99,0,0,0,2,65,1
mig_vec_k8_l1_w8g0,vec,migration,fifo,unit_ccmd_U,,0,99,0,0,0,2,64,1
mig_vec_k8_l1_w8g0,vec,migration,fifo,unit_lcmd_U,,0,99,0,0,0,2,64,1
mig_vec_k8_l1_w8g0,vec,migration,fifo,unit_pay_U,,0,99,0,0,0,2,65,1
mig_vec_k8_l1_w8g0,vec,migration,fifo,unit_reply_U,,0,99,0,0,0,2,65,1
mig_vec_k8_l1_w8g0,vec,migration,fifo,wr_U,,0,99,0,0,0,2,65,1
mig_vec_k8_l1_w8g0,vec,migration,instance,control_s_axi_U,,296,170,0,0,0,0,0,0
mig_vec_k8_l1_w8g0,vec,migration,instance,entry_proc_U0,,29,2,0,0,0,0,0,0
mig_vec_k8_l1_w8g0,vec,migration,instance,gmem0_m_axi_U,,823,725,0,4,0,0,0,0
mig_vec_k8_l1_w8g0,vec,migration,instance,gmem1_m_axi_U,,811,719,0,4,0,0,0,0
mig_vec_k8_l1_w8g0,vec,migration,unitemized,unitemized,,669,0,0,0,0,0,0,0
mig_vec_k8_l1_w8g8,vec,migration,module,CgReqFramer,cg_req_task_64_s,93,6,0,0,0,,,
mig_vec_k8_l1_w8g8,vec,migration,module,MemRStream,mem_r_stream_framed_task_64_s,817,502,0,0,0,,,
mig_vec_k8_l1_w8g8,vec,migration,subblock,MemRStream.RELAY,,157,34,0,0,0,,,
mig_vec_k8_l1_w8g8,vec,migration,subblock,MemRStream.A2S,,174,102,0,0,0,,,
mig_vec_k8_l1_w8g8,vec,migration,module,CgVectorRx,cg_vector_rx_task_64_8_32_8_1_1684208454_s,1086,462,1,0,0,,,
mig_vec_k8_l1_w8g8,vec,migration,subblock,CgVectorRx.FWD,,138,35,0,0,0,,,
mig_vec_k8_l1_w8g8,vec,migration,module,CgVectorLoad,cg_vector_load_task_64_8_32_8_1_2_1656696113_1684208454_s,1223,394,1,0,0,,,
mig_vec_k8_l1_w8g8,vec,migration,subblock,CgVectorLoad.WORDS_G,,408,127,0,0,0,,,
mig_vec_k8_l1_w8g8,vec,migration,module,CgVectorCore,cg_vector_task_8_32_8_1_2_1656696113_s,5766,2910,4,6,0,,,
mig_vec_k8_l1_w8g8,vec,migration,subblock,CgVectorCore.INIT_K,,287,131,0,0,0,,,
mig_vec_k8_l1_w8g8,vec,migration,subblock,CgVectorCore.INIT_P,,329,178,0,0,0,,,
mig_vec_k8_l1_w8g8,vec,migration,subblock,CgVectorCore.PASS1,,255,191,1,0,0,,,
mig_vec_k8_l1_w8g8,vec,migration,subblock,CgVectorCore.PASS2,,989,592,2,0,0,,,
mig_vec_k8_l1_w8g8,vec,migration,subblock,CgVectorCore.PASS3,,464,283,0,0,0,,,
mig_vec_k8_l1_w8g8,vec,migration,subblock,CgVectorCore.OUT_P,,329,178,0,0,0,,,
mig_vec_k8_l1_w8g8,vec,migration,subblock,CgVectorCore.OUT_X,,329,178,0,0,0,,,
mig_vec_k8_l1_w8g8,vec,migration,module,CgVectorStore,cg_vector_store_task_64_8_32_1_2_1656696113_1684208454_s,1528,599,1,0,0,,,
mig_vec_k8_l1_w8g8,vec,migration,subblock,CgVectorStore.WORDS_G1,,437,107,0,0,0,,,
mig_vec_k8_l1_w8g8,vec,migration,subblock,CgVectorStore.WORDS_G,,437,107,0,0,0,,,
mig_vec_k8_l1_w8g8,vec,migration,module,CgReplyFramer,cg_reply_task_64_s,328,352,0,0,0,,,
mig_vec_k8_l1_w8g8,vec,migration,subblock,CgReplyFramer.PAYLOAD,,138,35,0,0,0,,,
mig_vec_k8_l1_w8g8,vec,migration,module,MemWStream,mem_w_stream_framed_done_task_64_8_s,1613,2265,0,0,0,,,
mig_vec_k8_l1_w8g8,vec,migration,subblock,MemWStream.BUFF,,826,642,0,0,0,,,
mig_vec_k8_l1_w8g8,vec,migration,subblock,MemWStream.S2A,,137,100,0,0,0,,,
mig_vec_k8_l1_w8g8,vec,migration,subblock,MemWStream.ECHO,,171,98,0,0,0,,,
mig_vec_k8_l1_w8g8,vec,migration,memory,unit_b_U,,0,0,0,2,0,256,16,2
mig_vec_k8_l1_w8g8,vec,migration,memory,unit_s_U,,0,0,0,2,0,256,16,2
mig_vec_k8_l1_w8g8,vec,migration,memory,unit_p_U,,0,0,0,2,0,256,16,2
mig_vec_k8_l1_w8g8,vec,migration,memory,unit_x_U,,0,0,0,2,0,256,16,2
mig_vec_k8_l1_w8g8,vec,migration,fifo,m_in_c_U,,0,99,0,0,0,3,64,1
mig_vec_k8_l1_w8g8,vec,migration,fifo,m_out_c_U,,0,99,0,0,0,9,64,1
mig_vec_k8_l1_w8g8,vec,migration,fifo,rd_cmd_U,,0,99,0,0,0,2,65,1
mig_vec_k8_l1_w8g8,vec,migration,fifo,rd_data_U,,0,99,0,0,0,2,65,1
mig_vec_k8_l1_w8g8,vec,migration,fifo,reply_U,,0,99,0,0,0,2,65,1
mig_vec_k8_l1_w8g8,vec,migration,fifo,unit_ccmd_U,,0,99,0,0,0,2,64,1
mig_vec_k8_l1_w8g8,vec,migration,fifo,unit_lcmd_U,,0,99,0,0,0,2,64,1
mig_vec_k8_l1_w8g8,vec,migration,fifo,unit_pay_U,,0,99,0,0,0,2,65,1
mig_vec_k8_l1_w8g8,vec,migration,fifo,unit_reply_U,,0,99,0,0,0,2,65,1
mig_vec_k8_l1_w8g8,vec,migration,fifo,wr_U,,0,99,0,0,0,2,65,1
mig_vec_k8_l1_w8g8,vec,migration,instance,control_s_axi_U,,296,170,0,0,0,0,0,0
mig_vec_k8_l1_w8g8,vec,migration,instance,entry_proc_U0,,29,2,0,0,0,0,0,0
mig_vec_k8_l1_w8g8,vec,migration,instance,gmem0_m_axi_U,,823,725,0,4,0,0,0,0
mig_vec_k8_l1_w8g8,vec,migration,instance,gmem1_m_axi_U,,811,719,0,4,0,0,0,0
mig_vec_k8_l1_w8g8,vec,migration,unitemized,unitemized,,669,0,0,0,0,0,0,0
mig_vec_k8_l1_w16g0,vec,migration,module,CgReqFramer,cg_req_task_64_s,93,6,0,0,0,,,
mig_vec_k8_l1_w16g0,vec,migration,module,MemRStream,mem_r_stream_framed_task_64_s,817,502,0,0,0,,,
mig_vec_k8_l1_w16g0,vec,migration,subblock,MemRStream.RELAY,,157,34,0,0,0,,,
mig_vec_k8_l1_w16g0,vec,migration,subblock,MemRStream.A2S,,174,102,0,0,0,,,
mig_vec_k8_l1_w16g0,vec,migration,module,CgVectorRx,cg_vector_rx_task_64_8_32_8_1_906107287_s,1086,462,1,0,0,,,
mig_vec_k8_l1_w16g0,vec,migration,subblock,CgVectorRx.FWD,,138,35,0,0,0,,,
mig_vec_k8_l1_w16g0,vec,migration,module,CgVectorLoad,cg_vector_load_task_64_8_32_8_1_2_228376660_906107287_s,1039,442,1,0,0,,,
mig_vec_k8_l1_w16g0,vec,migration,subblock,CgVectorLoad.WORDS_G,,316,151,0,0,0,,,
mig_vec_k8_l1_w16g0,vec,migration,subblock,CgVectorLoad.WORDS_G2,,316,151,0,0,0,,,
mig_vec_k8_l1_w16g0,vec,migration,module,CgVectorCore,cg_vector_task_8_32_8_1_2_228376660_s,5732,3347,13,6,0,,,
mig_vec_k8_l1_w16g0,vec,migration,subblock,CgVectorCore.INIT_K,,249,214,2,0,0,,,
mig_vec_k8_l1_w16g0,vec,migration,subblock,CgVectorCore.INIT_P,,329,178,0,0,0,,,
mig_vec_k8_l1_w16g0,vec,migration,subblock,CgVectorCore.PASS1,,236,239,2,0,0,,,
mig_vec_k8_l1_w16g0,vec,migration,subblock,CgVectorCore.PASS2,,1005,761,6,0,0,,,
mig_vec_k8_l1_w16g0,vec,migration,subblock,CgVectorCore.PASS3,,472,375,2,0,0,,,
mig_vec_k8_l1_w16g0,vec,migration,subblock,CgVectorCore.OUT_P,,329,178,0,0,0,,,
mig_vec_k8_l1_w16g0,vec,migration,subblock,CgVectorCore.OUT_X,,329,178,0,0,0,,,
mig_vec_k8_l1_w16g0,vec,migration,module,CgVectorStore,cg_vector_store_task_64_8_32_1_2_228376660_906107287_s,1656,663,1,0,0,,,
mig_vec_k8_l1_w16g0,vec,migration,subblock,CgVectorStore.WORDS_G1,,501,139,0,0,0,,,
mig_vec_k8_l1_w16g0,vec,migration,subblock,CgVectorStore.WORDS_G,,501,139,0,0,0,,,
mig_vec_k8_l1_w16g0,vec,migration,module,CgReplyFramer,cg_reply_task_64_s,328,352,0,0,0,,,
mig_vec_k8_l1_w16g0,vec,migration,subblock,CgReplyFramer.PAYLOAD,,138,35,0,0,0,,,
mig_vec_k8_l1_w16g0,vec,migration,module,MemWStream,mem_w_stream_framed_done_task_64_8_s,1613,2265,0,0,0,,,
mig_vec_k8_l1_w16g0,vec,migration,subblock,MemWStream.BUFF,,826,642,0,0,0,,,
mig_vec_k8_l1_w16g0,vec,migration,subblock,MemWStream.S2A,,137,100,0,0,0,,,
mig_vec_k8_l1_w16g0,vec,migration,subblock,MemWStream.ECHO,,171,98,0,0,0,,,
mig_vec_k8_l1_w16g0,vec,migration,memory,unit_b_U,,0,0,0,4,0,256,32,2
mig_vec_k8_l1_w16g0,vec,migration,memory,unit_s_U,,0,0,0,4,0,256,32,2
mig_vec_k8_l1_w16g0,vec,migration,memory,unit_p_U,,0,0,0,4,0,256,32,2
mig_vec_k8_l1_w16g0,vec,migration,memory,unit_x_U,,0,0,0,4,0,256,32,2
mig_vec_k8_l1_w16g0,vec,migration,fifo,m_in_c_U,,0,99,0,0,0,3,64,1
mig_vec_k8_l1_w16g0,vec,migration,fifo,m_out_c_U,,0,99,0,0,0,9,64,1
mig_vec_k8_l1_w16g0,vec,migration,fifo,rd_cmd_U,,0,99,0,0,0,2,65,1
mig_vec_k8_l1_w16g0,vec,migration,fifo,rd_data_U,,0,99,0,0,0,2,65,1
mig_vec_k8_l1_w16g0,vec,migration,fifo,reply_U,,0,99,0,0,0,2,65,1
mig_vec_k8_l1_w16g0,vec,migration,fifo,unit_ccmd_U,,0,99,0,0,0,2,64,1
mig_vec_k8_l1_w16g0,vec,migration,fifo,unit_lcmd_U,,0,99,0,0,0,2,64,1
mig_vec_k8_l1_w16g0,vec,migration,fifo,unit_pay_U,,0,99,0,0,0,2,65,1
mig_vec_k8_l1_w16g0,vec,migration,fifo,unit_reply_U,,0,99,0,0,0,2,65,1
mig_vec_k8_l1_w16g0,vec,migration,fifo,wr_U,,0,99,0,0,0,2,65,1
mig_vec_k8_l1_w16g0,vec,migration,instance,control_s_axi_U,,296,170,0,0,0,0,0,0
mig_vec_k8_l1_w16g0,vec,migration,instance,entry_proc_U0,,29,2,0,0,0,0,0,0
mig_vec_k8_l1_w16g0,vec,migration,instance,gmem0_m_axi_U,,823,725,0,4,0,0,0,0
mig_vec_k8_l1_w16g0,vec,migration,instance,gmem1_m_axi_U,,811,719,0,4,0,0,0,0
mig_vec_k8_l1_w16g0,vec,migration,unitemized,unitemized,,669,0,0,0,0,0,0,0
mig_vec_k8_l1_w16g8,vec,migration,module,CgReqFramer,cg_req_task_64_s,93,6,0,0,0,,,
mig_vec_k8_l1_w16g8,vec,migration,module,MemRStream,mem_r_stream_framed_task_64_s,817,502,0,0,0,,,
mig_vec_k8_l1_w16g8,vec,migration,subblock,MemRStream.RELAY,,157,34,0,0,0,,,
mig_vec_k8_l1_w16g8,vec,migration,subblock,MemRStream.A2S,,174,102,0,0,0,,,
mig_vec_k8_l1_w16g8,vec,migration,module,CgVectorRx,cg_vector_rx_task_64_8_32_8_1_906107287_s,1086,462,1,0,0,,,
mig_vec_k8_l1_w16g8,vec,migration,subblock,CgVectorRx.FWD,,138,35,0,0,0,,,
mig_vec_k8_l1_w16g8,vec,migration,module,CgVectorLoad,cg_vector_load_task_64_8_32_8_1_2_597147986_906107287_s,1039,442,1,0,0,,,
mig_vec_k8_l1_w16g8,vec,migration,subblock,CgVectorLoad.WORDS_G,,316,151,0,0,0,,,
mig_vec_k8_l1_w16g8,vec,migration,subblock,CgVectorLoad.WORDS_G2,,316,151,0,0,0,,,
mig_vec_k8_l1_w16g8,vec,migration,module,CgVectorCore,cg_vector_task_8_32_8_1_2_597147986_s,6421,3862,13,6,0,,,
mig_vec_k8_l1_w16g8,vec,migration,subblock,CgVectorCore.INIT_K,,249,214,2,0,0,,,
mig_vec_k8_l1_w16g8,vec,migration,subblock,CgVectorCore.INIT_P,,329,178,0,0,0,,,
mig_vec_k8_l1_w16g8,vec,migration,subblock,CgVectorCore.PASS1,,236,239,2,0,0,,,
mig_vec_k8_l1_w16g8,vec,migration,subblock,CgVectorCore.PASS2,,1005,761,6,0,0,,,
mig_vec_k8_l1_w16g8,vec,migration,subblock,CgVectorCore.PASS3,,472,375,2,0,0,,,
mig_vec_k8_l1_w16g8,vec,migration,subblock,CgVectorCore.OUT_P,,329,178,0,0,0,,,
mig_vec_k8_l1_w16g8,vec,migration,subblock,CgVectorCore.OUT_X,,329,178,0,0,0,,,
mig_vec_k8_l1_w16g8,vec,migration,module,CgVectorStore,cg_vector_store_task_64_8_32_1_2_597147986_906107287_s,1656,663,1,0,0,,,
mig_vec_k8_l1_w16g8,vec,migration,subblock,CgVectorStore.WORDS_G1,,501,139,0,0,0,,,
mig_vec_k8_l1_w16g8,vec,migration,subblock,CgVectorStore.WORDS_G,,501,139,0,0,0,,,
mig_vec_k8_l1_w16g8,vec,migration,module,CgReplyFramer,cg_reply_task_64_s,328,352,0,0,0,,,
mig_vec_k8_l1_w16g8,vec,migration,subblock,CgReplyFramer.PAYLOAD,,138,35,0,0,0,,,
mig_vec_k8_l1_w16g8,vec,migration,module,MemWStream,mem_w_stream_framed_done_task_64_8_s,1613,2265,0,0,0,,,
mig_vec_k8_l1_w16g8,vec,migration,subblock,MemWStream.BUFF,,826,642,0,0,0,,,
mig_vec_k8_l1_w16g8,vec,migration,subblock,MemWStream.S2A,,137,100,0,0,0,,,
mig_vec_k8_l1_w16g8,vec,migration,subblock,MemWStream.ECHO,,171,98,0,0,0,,,
mig_vec_k8_l1_w16g8,vec,migration,memory,unit_b_U,,0,0,0,4,0,256,32,2
mig_vec_k8_l1_w16g8,vec,migration,memory,unit_s_U,,0,0,0,4,0,256,32,2
mig_vec_k8_l1_w16g8,vec,migration,memory,unit_p_U,,0,0,0,4,0,256,32,2
mig_vec_k8_l1_w16g8,vec,migration,memory,unit_x_U,,0,0,0,4,0,256,32,2
mig_vec_k8_l1_w16g8,vec,migration,fifo,m_in_c_U,,0,99,0,0,0,3,64,1
mig_vec_k8_l1_w16g8,vec,migration,fifo,m_out_c_U,,0,99,0,0,0,9,64,1
mig_vec_k8_l1_w16g8,vec,migration,fifo,rd_cmd_U,,0,99,0,0,0,2,65,1
mig_vec_k8_l1_w16g8,vec,migration,fifo,rd_data_U,,0,99,0,0,0,2,65,1
mig_vec_k8_l1_w16g8,vec,migration,fifo,reply_U,,0,99,0,0,0,2,65,1
mig_vec_k8_l1_w16g8,vec,migration,fifo,unit_ccmd_U,,0,99,0,0,0,2,64,1
mig_vec_k8_l1_w16g8,vec,migration,fifo,unit_lcmd_U,,0,99,0,0,0,2,64,1
mig_vec_k8_l1_w16g8,vec,migration,fifo,unit_pay_U,,0,99,0,0,0,2,65,1
mig_vec_k8_l1_w16g8,vec,migration,fifo,unit_reply_U,,0,99,0,0,0,2,65,1
mig_vec_k8_l1_w16g8,vec,migration,fifo,wr_U,,0,99,0,0,0,2,65,1
mig_vec_k8_l1_w16g8,vec,migration,instance,control_s_axi_U,,296,170,0,0,0,0,0,0
mig_vec_k8_l1_w16g8,vec,migration,instance,entry_proc_U0,,29,2,0,0,0,0,0,0
mig_vec_k8_l1_w16g8,vec,migration,instance,gmem0_m_axi_U,,823,725,0,4,0,0,0,0
mig_vec_k8_l1_w16g8,vec,migration,instance,gmem1_m_axi_U,,811,719,0,4,0,0,0,0
mig_vec_k8_l1_w16g8,vec,migration,unitemized,unitemized,,669,0,0,0,0,0,0,0
mig_vec_k8_l16_w8g0,vec,migration,module,CgReqFramer,cg_req_task_64_s,93,6,0,0,0,,,
mig_vec_k8_l16_w8g0,vec,migration,module,MemRStream,mem_r_stream_framed_task_64_s,817,502,0,0,0,,,
mig_vec_k8_l16_w8g0,vec,migration,subblock,MemRStream.RELAY,,157,34,0,0,0,,,
mig_vec_k8_l16_w8g0,vec,migration,subblock,MemRStream.A2S,,174,102,0,0,0,,,
mig_vec_k8_l16_w8g0,vec,migration,module,CgVectorRx,cg_vector_rx_task_64_8_32_8_16_1684208454_s,1100,495,1,0,0,,,
mig_vec_k8_l16_w8g0,vec,migration,subblock,CgVectorRx.FWD,,138,35,0,0,0,,,
mig_vec_k8_l16_w8g0,vec,migration,module,CgVectorLoad,cg_vector_load_task_64_8_32_8_16_2_2073626788_1684208454_s,6022,1726,1,0,0,,,
mig_vec_k8_l16_w8g0,vec,migration,subblock,CgVectorLoad.WORDS,,582,467,0,0,0,,,
mig_vec_k8_l16_w8g0,vec,migration,subblock,CgVectorLoad.WORDS2,,582,467,0,0,0,,,
mig_vec_k8_l16_w8g0,vec,migration,module,CgVectorCore,cg_vector_task_8_32_8_16_2_2073626788_s,45464,21914,49,0,0,,,
mig_vec_k8_l16_w8g0,vec,migration,subblock,CgVectorCore.INIT_K,,2380,899,0,0,0,,,
mig_vec_k8_l16_w8g0,vec,migration,subblock,CgVectorCore.INIT_P,,319,165,0,0,0,,,
mig_vec_k8_l16_w8g0,vec,migration,subblock,CgVectorCore.PASS1,,1388,839,16,0,0,,,
mig_vec_k8_l16_w8g0,vec,migration,subblock,CgVectorCore.PASS2,,13132,7159,32,0,0,,,
mig_vec_k8_l16_w8g0,vec,migration,subblock,CgVectorCore.PASS3,,6164,3419,0,0,0,,,
mig_vec_k8_l16_w8g0,vec,migration,subblock,CgVectorCore.OUT_P,,319,165,0,0,0,,,
mig_vec_k8_l16_w8g0,vec,migration,subblock,CgVectorCore.OUT_X,,319,165,0,0,0,,,
mig_vec_k8_l16_w8g0,vec,migration,module,CgVectorStore,cg_vector_store_task_64_8_32_16_2_2073626788_1684208454_s,2200,1173,1,0,0,,,
mig_vec_k8_l16_w8g0,vec,migration,subblock,CgVectorStore.WORDS1,,782,394,0,0,0,,,
mig_vec_k8_l16_w8g0,vec,migration,subblock,CgVectorStore.WORDS,,782,394,0,0,0,,,
mig_vec_k8_l16_w8g0,vec,migration,module,CgReplyFramer,cg_reply_task_64_s,328,352,0,0,0,,,
mig_vec_k8_l16_w8g0,vec,migration,subblock,CgReplyFramer.PAYLOAD,,138,35,0,0,0,,,
mig_vec_k8_l16_w8g0,vec,migration,module,MemWStream,mem_w_stream_framed_done_task_64_8_s,1613,2265,0,0,0,,,
mig_vec_k8_l16_w8g0,vec,migration,subblock,MemWStream.BUFF,,826,642,0,0,0,,,
mig_vec_k8_l16_w8g0,vec,migration,subblock,MemWStream.S2A,,137,100,0,0,0,,,
mig_vec_k8_l16_w8g0,vec,migration,subblock,MemWStream.ECHO,,171,98,0,0,0,,,
mig_vec_k8_l16_w8g0,vec,migration,memory,unit_b_U,,0,0,0,8,0,16,256,2
mig_vec_k8_l16_w8g0,vec,migration,memory,unit_s_U,,0,0,0,8,0,16,256,2
mig_vec_k8_l16_w8g0,vec,migration,memory,unit_p_U,,0,0,0,8,0,16,256,2
mig_vec_k8_l16_w8g0,vec,migration,memory,unit_x_U,,0,0,0,8,0,16,256,2
mig_vec_k8_l16_w8g0,vec,migration,fifo,m_in_c_U,,0,99,0,0,0,3,64,1
mig_vec_k8_l16_w8g0,vec,migration,fifo,m_out_c_U,,0,99,0,0,0,9,64,1
mig_vec_k8_l16_w8g0,vec,migration,fifo,rd_cmd_U,,0,99,0,0,0,2,65,1
mig_vec_k8_l16_w8g0,vec,migration,fifo,rd_data_U,,0,99,0,0,0,2,65,1
mig_vec_k8_l16_w8g0,vec,migration,fifo,reply_U,,0,99,0,0,0,2,65,1
mig_vec_k8_l16_w8g0,vec,migration,fifo,unit_ccmd_U,,0,99,0,0,0,2,64,1
mig_vec_k8_l16_w8g0,vec,migration,fifo,unit_lcmd_U,,0,99,0,0,0,2,64,1
mig_vec_k8_l16_w8g0,vec,migration,fifo,unit_pay_U,,0,99,0,0,0,2,65,1
mig_vec_k8_l16_w8g0,vec,migration,fifo,unit_reply_U,,0,99,0,0,0,2,65,1
mig_vec_k8_l16_w8g0,vec,migration,fifo,wr_U,,0,99,0,0,0,2,65,1
mig_vec_k8_l16_w8g0,vec,migration,instance,control_s_axi_U,,296,170,0,0,0,0,0,0
mig_vec_k8_l16_w8g0,vec,migration,instance,entry_proc_U0,,29,2,0,0,0,0,0,0
mig_vec_k8_l16_w8g0,vec,migration,instance,gmem0_m_axi_U,,823,725,0,4,0,0,0,0
mig_vec_k8_l16_w8g0,vec,migration,instance,gmem1_m_axi_U,,811,719,0,4,0,0,0,0
mig_vec_k8_l16_w8g0,vec,migration,unitemized,unitemized,,669,0,0,0,0,0,0,0
mig_vec_k8_l16_w8g8,vec,migration,module,CgReqFramer,cg_req_task_64_s,93,6,0,0,0,,,
mig_vec_k8_l16_w8g8,vec,migration,module,MemRStream,mem_r_stream_framed_task_64_s,817,502,0,0,0,,,
mig_vec_k8_l16_w8g8,vec,migration,subblock,MemRStream.RELAY,,157,34,0,0,0,,,
mig_vec_k8_l16_w8g8,vec,migration,subblock,MemRStream.A2S,,174,102,0,0,0,,,
mig_vec_k8_l16_w8g8,vec,migration,module,CgVectorRx,cg_vector_rx_task_64_8_32_8_16_1684208454_s,1100,495,1,0,0,,,
mig_vec_k8_l16_w8g8,vec,migration,subblock,CgVectorRx.FWD,,138,35,0,0,0,,,
mig_vec_k8_l16_w8g8,vec,migration,module,CgVectorLoad,cg_vector_load_task_64_8_32_8_16_2_1656696113_1684208454_s,6022,1726,1,0,0,,,
mig_vec_k8_l16_w8g8,vec,migration,subblock,CgVectorLoad.WORDS,,582,467,0,0,0,,,
mig_vec_k8_l16_w8g8,vec,migration,subblock,CgVectorLoad.WORDS2,,582,467,0,0,0,,,
mig_vec_k8_l16_w8g8,vec,migration,module,CgVectorCore,cg_vector_task_8_32_8_16_2_1656696113_s,52309,28037,49,0,0,,,
mig_vec_k8_l16_w8g8,vec,migration,subblock,CgVectorCore.INIT_K,,2380,899,0,0,0,,,
mig_vec_k8_l16_w8g8,vec,migration,subblock,CgVectorCore.INIT_P,,319,165,0,0,0,,,
mig_vec_k8_l16_w8g8,vec,migration,subblock,CgVectorCore.PASS1,,1388,839,16,0,0,,,
mig_vec_k8_l16_w8g8,vec,migration,subblock,CgVectorCore.PASS2,,13132,7159,32,0,0,,,
mig_vec_k8_l16_w8g8,vec,migration,subblock,CgVectorCore.PASS3,,6164,3419,0,0,0,,,
mig_vec_k8_l16_w8g8,vec,migration,subblock,CgVectorCore.OUT_P,,319,165,0,0,0,,,
mig_vec_k8_l16_w8g8,vec,migration,subblock,CgVectorCore.OUT_X,,319,165,0,0,0,,,
mig_vec_k8_l16_w8g8,vec,migration,module,CgVectorStore,cg_vector_store_task_64_8_32_16_2_1656696113_1684208454_s,2200,1173,1,0,0,,,
mig_vec_k8_l16_w8g8,vec,migration,subblock,CgVectorStore.WORDS1,,782,394,0,0,0,,,
mig_vec_k8_l16_w8g8,vec,migration,subblock,CgVectorStore.WORDS,,782,394,0,0,0,,,
mig_vec_k8_l16_w8g8,vec,migration,module,CgReplyFramer,cg_reply_task_64_s,328,352,0,0,0,,,
mig_vec_k8_l16_w8g8,vec,migration,subblock,CgReplyFramer.PAYLOAD,,138,35,0,0,0,,,
mig_vec_k8_l16_w8g8,vec,migration,module,MemWStream,mem_w_stream_framed_done_task_64_8_s,1613,2265,0,0,0,,,
mig_vec_k8_l16_w8g8,vec,migration,subblock,MemWStream.BUFF,,826,642,0,0,0,,,
mig_vec_k8_l16_w8g8,vec,migration,subblock,MemWStream.S2A,,137,100,0,0,0,,,
mig_vec_k8_l16_w8g8,vec,migration,subblock,MemWStream.ECHO,,171,98,0,0,0,,,
mig_vec_k8_l16_w8g8,vec,migration,memory,unit_b_U,,0,0,0,8,0,16,256,2
mig_vec_k8_l16_w8g8,vec,migration,memory,unit_s_U,,0,0,0,8,0,16,256,2
mig_vec_k8_l16_w8g8,vec,migration,memory,unit_p_U,,0,0,0,8,0,16,256,2
mig_vec_k8_l16_w8g8,vec,migration,memory,unit_x_U,,0,0,0,8,0,16,256,2
mig_vec_k8_l16_w8g8,vec,migration,fifo,m_in_c_U,,0,99,0,0,0,3,64,1
mig_vec_k8_l16_w8g8,vec,migration,fifo,m_out_c_U,,0,99,0,0,0,9,64,1
mig_vec_k8_l16_w8g8,vec,migration,fifo,rd_cmd_U,,0,99,0,0,0,2,65,1
mig_vec_k8_l16_w8g8,vec,migration,fifo,rd_data_U,,0,99,0,0,0,2,65,1
mig_vec_k8_l16_w8g8,vec,migration,fifo,reply_U,,0,99,0,0,0,2,65,1
mig_vec_k8_l16_w8g8,vec,migration,fifo,unit_ccmd_U,,0,99,0,0,0,2,64,1
mig_vec_k8_l16_w8g8,vec,migration,fifo,unit_lcmd_U,,0,99,0,0,0,2,64,1
mig_vec_k8_l16_w8g8,vec,migration,fifo,unit_pay_U,,0,99,0,0,0,2,65,1
mig_vec_k8_l16_w8g8,vec,migration,fifo,unit_reply_U,,0,99,0,0,0,2,65,1
mig_vec_k8_l16_w8g8,vec,migration,fifo,wr_U,,0,99,0,0,0,2,65,1
mig_vec_k8_l16_w8g8,vec,migration,instance,control_s_axi_U,,296,170,0,0,0,0,0,0
mig_vec_k8_l16_w8g8,vec,migration,instance,entry_proc_U0,,29,2,0,0,0,0,0,0
mig_vec_k8_l16_w8g8,vec,migration,instance,gmem0_m_axi_U,,823,725,0,4,0,0,0,0
mig_vec_k8_l16_w8g8,vec,migration,instance,gmem1_m_axi_U,,811,719,0,4,0,0,0,0
mig_vec_k8_l16_w8g8,vec,migration,unitemized,unitemized,,669,0,0,0,0,0,0,0
mig_vec_k8_l16_w16g0,vec,migration,module,CgReqFramer,cg_req_task_64_s,93,6,0,0,0,,,
mig_vec_k8_l16_w16g0,vec,migration,module,MemRStream,mem_r_stream_framed_task_64_s,817,502,0,0,0,,,
mig_vec_k8_l16_w16g0,vec,migration,subblock,MemRStream.RELAY,,157,34,0,0,0,,,
mig_vec_k8_l16_w16g0,vec,migration,subblock,MemRStream.A2S,,174,102,0,0,0,,,
mig_vec_k8_l16_w16g0,vec,migration,module,CgVectorRx,cg_vector_rx_task_64_8_32_8_16_906107287_s,1100,495,1,0,0,,,
mig_vec_k8_l16_w16g0,vec,migration,subblock,CgVectorRx.FWD,,138,35,0,0,0,,,
mig_vec_k8_l16_w16g0,vec,migration,module,CgVectorLoad,cg_vector_load_task_64_8_32_8_16_2_228376660_906107287_s,11262,2790,1,0,0,,,
mig_vec_k8_l16_w16g0,vec,migration,subblock,CgVectorLoad.WORDS,,464,745,0,0,0,,,
mig_vec_k8_l16_w16g0,vec,migration,subblock,CgVectorLoad.WORDS2,,464,745,0,0,0,,,
mig_vec_k8_l16_w16g0,vec,migration,module,CgVectorCore,cg_vector_task_8_32_8_16_2_228376660_s,51957,39210,193,0,0,,,
mig_vec_k8_l16_w16g0,vec,migration,subblock,CgVectorCore.INIT_K,,1772,2182,32,0,0,,,
mig_vec_k8_l16_w16g0,vec,migration,subblock,CgVectorCore.INIT_P,,319,165,0,0,0,,,
mig_vec_k8_l16_w16g0,vec,migration,subblock,CgVectorCore.PASS1,,1084,1731,32,0,0,,,
mig_vec_k8_l16_w16g0,vec,migration,subblock,CgVectorCore.PASS2,,13388,11303,96,0,0,,,
mig_vec_k8_l16_w16g0,vec,migration,subblock,CgVectorCore.PASS3,,6292,6017,32,0,0,,,
mig_vec_k8_l16_w16g0,vec,migration,subblock,CgVectorCore.OUT_P,,319,165,0,0,0,,,
mig_vec_k8_l16_w16g0,vec,migration,subblock,CgVectorCore.OUT_X,,319,165,0,0,0,,,
mig_vec_k8_l16_w16g0,vec,migration,module,CgVectorStore,cg_vector_store_task_64_8_32_16_2_228376660_906107287_s,2858,1685,1,0,0,,,
mig_vec_k8_l16_w16g0,vec,migration,subblock,CgVectorStore.WORDS1,,1111,650,0,0,0,,,
mig_vec_k8_l16_w16g0,vec,migration,subblock,CgVectorStore.WORDS,,1111,650,0,0,0,,,
mig_vec_k8_l16_w16g0,vec,migration,module,CgReplyFramer,cg_reply_task_64_s,328,352,0,0,0,,,
mig_vec_k8_l16_w16g0,vec,migration,subblock,CgReplyFramer.PAYLOAD,,138,35,0,0,0,,,
mig_vec_k8_l16_w16g0,vec,migration,module,MemWStream,mem_w_stream_framed_done_task_64_8_s,1613,2265,0,0,0,,,
mig_vec_k8_l16_w16g0,vec,migration,subblock,MemWStream.BUFF,,826,642,0,0,0,,,
mig_vec_k8_l16_w16g0,vec,migration,subblock,MemWStream.S2A,,137,100,0,0,0,,,
mig_vec_k8_l16_w16g0,vec,migration,subblock,MemWStream.ECHO,,171,98,0,0,0,,,
mig_vec_k8_l16_w16g0,vec,migration,memory,unit_b_U,,0,0,0,15,0,16,512,2
mig_vec_k8_l16_w16g0,vec,migration,memory,unit_s_U,,0,0,0,15,0,16,512,2
mig_vec_k8_l16_w16g0,vec,migration,memory,unit_p_U,,0,0,0,15,0,16,512,2
mig_vec_k8_l16_w16g0,vec,migration,memory,unit_x_U,,0,0,0,15,0,16,512,2
mig_vec_k8_l16_w16g0,vec,migration,fifo,m_in_c_U,,0,99,0,0,0,3,64,1
mig_vec_k8_l16_w16g0,vec,migration,fifo,m_out_c_U,,0,99,0,0,0,9,64,1
mig_vec_k8_l16_w16g0,vec,migration,fifo,rd_cmd_U,,0,99,0,0,0,2,65,1
mig_vec_k8_l16_w16g0,vec,migration,fifo,rd_data_U,,0,99,0,0,0,2,65,1
mig_vec_k8_l16_w16g0,vec,migration,fifo,reply_U,,0,99,0,0,0,2,65,1
mig_vec_k8_l16_w16g0,vec,migration,fifo,unit_ccmd_U,,0,99,0,0,0,2,64,1
mig_vec_k8_l16_w16g0,vec,migration,fifo,unit_lcmd_U,,0,99,0,0,0,2,64,1
mig_vec_k8_l16_w16g0,vec,migration,fifo,unit_pay_U,,0,99,0,0,0,2,65,1
mig_vec_k8_l16_w16g0,vec,migration,fifo,unit_reply_U,,0,99,0,0,0,2,65,1
mig_vec_k8_l16_w16g0,vec,migration,fifo,wr_U,,0,99,0,0,0,2,65,1
mig_vec_k8_l16_w16g0,vec,migration,instance,control_s_axi_U,,296,170,0,0,0,0,0,0
mig_vec_k8_l16_w16g0,vec,migration,instance,entry_proc_U0,,29,2,0,0,0,0,0,0
mig_vec_k8_l16_w16g0,vec,migration,instance,gmem0_m_axi_U,,823,725,0,4,0,0,0,0
mig_vec_k8_l16_w16g0,vec,migration,instance,gmem1_m_axi_U,,811,719,0,4,0,0,0,0
mig_vec_k8_l16_w16g0,vec,migration,unitemized,unitemized,,669,0,0,0,0,0,0,0
mig_vec_k8_l16_w16g8,vec,migration,module,CgReqFramer,cg_req_task_64_s,93,6,0,0,0,,,
mig_vec_k8_l16_w16g8,vec,migration,module,MemRStream,mem_r_stream_framed_task_64_s,817,502,0,0,0,,,
mig_vec_k8_l16_w16g8,vec,migration,subblock,MemRStream.RELAY,,157,34,0,0,0,,,
mig_vec_k8_l16_w16g8,vec,migration,subblock,MemRStream.A2S,,174,102,0,0,0,,,
mig_vec_k8_l16_w16g8,vec,migration,module,CgVectorRx,cg_vector_rx_task_64_8_32_8_16_906107287_s,1100,495,1,0,0,,,
mig_vec_k8_l16_w16g8,vec,migration,subblock,CgVectorRx.FWD,,138,35,0,0,0,,,
mig_vec_k8_l16_w16g8,vec,migration,module,CgVectorLoad,cg_vector_load_task_64_8_32_8_16_2_597147986_906107287_s,11262,2790,1,0,0,,,
mig_vec_k8_l16_w16g8,vec,migration,subblock,CgVectorLoad.WORDS,,464,745,0,0,0,,,
mig_vec_k8_l16_w16g8,vec,migration,subblock,CgVectorLoad.WORDS2,,464,745,0,0,0,,,
mig_vec_k8_l16_w16g8,vec,migration,module,CgVectorCore,cg_vector_task_8_32_8_16_2_597147986_s,59227,46775,193,0,0,,,
mig_vec_k8_l16_w16g8,vec,migration,subblock,CgVectorCore.INIT_K,,1772,2182,32,0,0,,,
mig_vec_k8_l16_w16g8,vec,migration,subblock,CgVectorCore.INIT_P,,319,165,0,0,0,,,
mig_vec_k8_l16_w16g8,vec,migration,subblock,CgVectorCore.PASS1,,1084,1731,32,0,0,,,
mig_vec_k8_l16_w16g8,vec,migration,subblock,CgVectorCore.PASS2,,13388,11303,96,0,0,,,
mig_vec_k8_l16_w16g8,vec,migration,subblock,CgVectorCore.PASS3,,6292,6017,32,0,0,,,
mig_vec_k8_l16_w16g8,vec,migration,subblock,CgVectorCore.OUT_P,,319,165,0,0,0,,,
mig_vec_k8_l16_w16g8,vec,migration,subblock,CgVectorCore.OUT_X,,319,165,0,0,0,,,
mig_vec_k8_l16_w16g8,vec,migration,module,CgVectorStore,cg_vector_store_task_64_8_32_16_2_597147986_906107287_s,2858,1685,1,0,0,,,
mig_vec_k8_l16_w16g8,vec,migration,subblock,CgVectorStore.WORDS1,,1111,650,0,0,0,,,
mig_vec_k8_l16_w16g8,vec,migration,subblock,CgVectorStore.WORDS,,1111,650,0,0,0,,,
mig_vec_k8_l16_w16g8,vec,migration,module,CgReplyFramer,cg_reply_task_64_s,328,352,0,0,0,,,
mig_vec_k8_l16_w16g8,vec,migration,subblock,CgReplyFramer.PAYLOAD,,138,35,0,0,0,,,
mig_vec_k8_l16_w16g8,vec,migration,module,MemWStream,mem_w_stream_framed_done_task_64_8_s,1613,2265,0,0,0,,,
mig_vec_k8_l16_w16g8,vec,migration,subblock,MemWStream.BUFF,,826,642,0,0,0,,,
mig_vec_k8_l16_w16g8,vec,migration,subblock,MemWStream.S2A,,137,100,0,0,0,,,
mig_vec_k8_l16_w16g8,vec,migration,subblock,MemWStream.ECHO,,171,98,0,0,0,,,
mig_vec_k8_l16_w16g8,vec,migration,memory,unit_b_U,,0,0,0,15,0,16,512,2
mig_vec_k8_l16_w16g8,vec,migration,memory,unit_s_U,,0,0,0,15,0,16,512,2
mig_vec_k8_l16_w16g8,vec,migration,memory,unit_p_U,,0,0,0,15,0,16,512,2
mig_vec_k8_l16_w16g8,vec,migration,memory,unit_x_U,,0,0,0,15,0,16,512,2
mig_vec_k8_l16_w16g8,vec,migration,fifo,m_in_c_U,,0,99,0,0,0,3,64,1
mig_vec_k8_l16_w16g8,vec,migration,fifo,m_out_c_U,,0,99,0,0,0,9,64,1
mig_vec_k8_l16_w16g8,vec,migration,fifo,rd_cmd_U,,0,99,0,0,0,2,65,1
mig_vec_k8_l16_w16g8,vec,migration,fifo,rd_data_U,,0,99,0,0,0,2,65,1
mig_vec_k8_l16_w16g8,vec,migration,fifo,reply_U,,0,99,0,0,0,2,65,1
mig_vec_k8_l16_w16g8,vec,migration,fifo,unit_ccmd_U,,0,99,0,0,0,2,64,1
mig_vec_k8_l16_w16g8,vec,migration,fifo,unit_lcmd_U,,0,99,0,0,0,2,64,1
mig_vec_k8_l16_w16g8,vec,migration,fifo,unit_pay_U,,0,99,0,0,0,2,65,1
mig_vec_k8_l16_w16g8,vec,migration,fifo,unit_reply_U,,0,99,0,0,0,2,65,1
mig_vec_k8_l16_w16g8,vec,migration,fifo,wr_U,,0,99,0,0,0,2,65,1
mig_vec_k8_l16_w16g8,vec,migration,instance,control_s_axi_U,,296,170,0,0,0,0,0,0
mig_vec_k8_l16_w16g8,vec,migration,instance,entry_proc_U0,,29,2,0,0,0,0,0,0
mig_vec_k8_l16_w16g8,vec,migration,instance,gmem0_m_axi_U,,823,725,0,4,0,0,0,0
mig_vec_k8_l16_w16g8,vec,migration,instance,gmem1_m_axi_U,,811,719,0,4,0,0,0,0
mig_vec_k8_l16_w16g8,vec,migration,unitemized,unitemized,,669,0,0,0,0,0,0,0
mig_vec_k4_l1_w12g8,vec,migration,module,CgReqFramer,cg_req_task_64_s,93,6,0,0,0,,,
mig_vec_k4_l1_w12g8,vec,migration,module,MemRStream,mem_r_stream_framed_task_64_s,817,502,0,0,0,,,
mig_vec_k4_l1_w12g8,vec,migration,subblock,MemRStream.RELAY,,157,34,0,0,0,,,
mig_vec_k4_l1_w12g8,vec,migration,subblock,MemRStream.A2S,,174,102,0,0,0,,,
mig_vec_k4_l1_w12g8,vec,migration,module,CgVectorRx,cg_vector_rx_task_64_4_32_4_1_1182345752_s,1088,462,1,0,0,,,
mig_vec_k4_l1_w12g8,vec,migration,subblock,CgVectorRx.FWD,,138,35,0,0,0,,,
mig_vec_k4_l1_w12g8,vec,migration,module,CgVectorLoad,cg_vector_load_task_64_4_32_4_1_2_369796828_1182345752_s,1303,422,1,0,0,,,
mig_vec_k4_l1_w12g8,vec,migration,subblock,CgVectorLoad.WORDS_G,,448,141,0,0,0,,,
mig_vec_k4_l1_w12g8,vec,migration,subblock,CgVectorLoad.WORDS_G2,,448,141,0,0,0,,,
mig_vec_k4_l1_w12g8,vec,migration,module,CgVectorCore,cg_vector_task_4_32_4_1_2_369796828_s,5848,3356,13,6,0,,,
mig_vec_k4_l1_w12g8,vec,migration,subblock,CgVectorCore.INIT_K,,226,197,2,0,0,,,
mig_vec_k4_l1_w12g8,vec,migration,subblock,CgVectorCore.INIT_P,,328,178,0,0,0,,,
mig_vec_k4_l1_w12g8,vec,migration,subblock,CgVectorCore.PASS1,,226,209,2,0,0,,,
mig_vec_k4_l1_w12g8,vec,migration,subblock,CgVectorCore.PASS2,,914,696,6,0,0,,,
mig_vec_k4_l1_w12g8,vec,migration,subblock,CgVectorCore.PASS3,,430,324,2,0,0,,,
mig_vec_k4_l1_w12g8,vec,migration,subblock,CgVectorCore.OUT_P,,328,178,0,0,0,,,
mig_vec_k4_l1_w12g8,vec,migration,subblock,CgVectorCore.OUT_X,,328,178,0,0,0,,,
mig_vec_k4_l1_w12g8,vec,migration,module,CgVectorStore,cg_vector_store_task_64_4_32_1_2_369796828_1182345752_s,1584,631,1,0,0,,,
mig_vec_k4_l1_w12g8,vec,migration,subblock,CgVectorStore.WORDS_G1,,465,123,0,0,0,,,
mig_vec_k4_l1_w12g8,vec,migration,subblock,CgVectorStore.WORDS_G,,465,123,0,0,0,,,
mig_vec_k4_l1_w12g8,vec,migration,module,CgReplyFramer,cg_reply_task_64_s,328,352,0,0,0,,,
mig_vec_k4_l1_w12g8,vec,migration,subblock,CgReplyFramer.PAYLOAD,,138,35,0,0,0,,,
mig_vec_k4_l1_w12g8,vec,migration,module,MemWStream,mem_w_stream_framed_done_task_64_8_s,1613,2265,0,0,0,,,
mig_vec_k4_l1_w12g8,vec,migration,subblock,MemWStream.BUFF,,826,642,0,0,0,,,
mig_vec_k4_l1_w12g8,vec,migration,subblock,MemWStream.S2A,,137,100,0,0,0,,,
mig_vec_k4_l1_w12g8,vec,migration,subblock,MemWStream.ECHO,,171,98,0,0,0,,,
mig_vec_k4_l1_w12g8,vec,migration,memory,unit_b_U,,0,0,0,4,0,128,24,2
mig_vec_k4_l1_w12g8,vec,migration,memory,unit_s_U,,0,0,0,4,0,128,24,2
mig_vec_k4_l1_w12g8,vec,migration,memory,unit_p_U,,0,0,0,4,0,128,24,2
mig_vec_k4_l1_w12g8,vec,migration,memory,unit_x_U,,0,0,0,4,0,128,24,2
mig_vec_k4_l1_w12g8,vec,migration,fifo,m_in_c_U,,0,99,0,0,0,3,64,1
mig_vec_k4_l1_w12g8,vec,migration,fifo,m_out_c_U,,0,99,0,0,0,9,64,1
mig_vec_k4_l1_w12g8,vec,migration,fifo,rd_cmd_U,,0,99,0,0,0,2,65,1
mig_vec_k4_l1_w12g8,vec,migration,fifo,rd_data_U,,0,99,0,0,0,2,65,1
mig_vec_k4_l1_w12g8,vec,migration,fifo,reply_U,,0,99,0,0,0,2,65,1
mig_vec_k4_l1_w12g8,vec,migration,fifo,unit_ccmd_U,,0,99,0,0,0,2,64,1
mig_vec_k4_l1_w12g8,vec,migration,fifo,unit_lcmd_U,,0,99,0,0,0,2,64,1
mig_vec_k4_l1_w12g8,vec,migration,fifo,unit_pay_U,,0,99,0,0,0,2,65,1
mig_vec_k4_l1_w12g8,vec,migration,fifo,unit_reply_U,,0,99,0,0,0,2,65,1
mig_vec_k4_l1_w12g8,vec,migration,fifo,wr_U,,0,99,0,0,0,2,65,1
mig_vec_k4_l1_w12g8,vec,migration,instance,control_s_axi_U,,296,170,0,0,0,0,0,0
mig_vec_k4_l1_w12g8,vec,migration,instance,entry_proc_U0,,29,2,0,0,0,0,0,0
mig_vec_k4_l1_w12g8,vec,migration,instance,gmem0_m_axi_U,,823,725,0,4,0,0,0,0
mig_vec_k4_l1_w12g8,vec,migration,instance,gmem1_m_axi_U,,811,719,0,4,0,0,0,0
mig_vec_k4_l1_w12g8,vec,migration,unitemized,unitemized,,669,0,0,0,0,0,0,0
mig_vec_k4_l16_w12g8,vec,migration,module,CgReqFramer,cg_req_task_64_s,93,6,0,0,0,,,
mig_vec_k4_l16_w12g8,vec,migration,module,MemRStream,mem_r_stream_framed_task_64_s,817,502,0,0,0,,,
mig_vec_k4_l16_w12g8,vec,migration,subblock,MemRStream.RELAY,,157,34,0,0,0,,,
mig_vec_k4_l16_w12g8,vec,migration,subblock,MemRStream.A2S,,174,102,0,0,0,,,
mig_vec_k4_l16_w12g8,vec,migration,module,CgVectorRx,cg_vector_rx_task_64_4_32_4_16_1182345752_s,1102,495,1,0,0,,,
mig_vec_k4_l16_w12g8,vec,migration,subblock,CgVectorRx.FWD,,138,35,0,0,0,,,
mig_vec_k4_l16_w12g8,vec,migration,module,CgVectorLoad,cg_vector_load_task_64_4_32_4_16_2_369796828_1182345752_s,8882,2984,1,0,0,,,
mig_vec_k4_l16_w12g8,vec,migration,subblock,CgVectorLoad.WORDS,,622,611,0,0,0,,,
mig_vec_k4_l16_w12g8,vec,migration,subblock,CgVectorLoad.WORDS2,,622,611,0,0,0,,,
mig_vec_k4_l16_w12g8,vec,migration,module,CgVectorCore,cg_vector_task_4_32_4_16_2_369796828_s,51513,35547,193,0,0,,,
mig_vec_k4_l16_w12g8,vec,migration,subblock,CgVectorCore.INIT_K,,938,950,32,0,0,,,
mig_vec_k4_l16_w12g8,vec,migration,subblock,CgVectorCore.INIT_P,,317,165,0,0,0,,,
mig_vec_k4_l16_w12g8,vec,migration,subblock,CgVectorCore.PASS1,,938,1142,32,0,0,,,
mig_vec_k4_l16_w12g8,vec,migration,subblock,CgVectorCore.PASS2,,11946,9051,96,0,0,,,
mig_vec_k4_l16_w12g8,vec,migration,subblock,CgVectorCore.PASS3,,5620,4698,32,0,0,,,
mig_vec_k4_l16_w12g8,vec,migration,subblock,CgVectorCore.OUT_P,,317,165,0,0,0,,,
mig_vec_k4_l16_w12g8,vec,migration,subblock,CgVectorCore.OUT_X,,317,165,0,0,0,,,
mig_vec_k4_l16_w12g8,vec,migration,module,CgVectorStore,cg_vector_store_task_64_4_32_16_2_369796828_1182345752_s,2476,1429,1,0,0,,,
mig_vec_k4_l16_w12g8,vec,migration,subblock,CgVectorStore.WORDS1,,920,522,0,0,0,,,
mig_vec_k4_l16_w12g8,vec,migration,subblock,CgVectorStore.WORDS,,920,522,0,0,0,,,
mig_vec_k4_l16_w12g8,vec,migration,module,CgReplyFramer,cg_reply_task_64_s,328,352,0,0,0,,,
mig_vec_k4_l16_w12g8,vec,migration,subblock,CgReplyFramer.PAYLOAD,,138,35,0,0,0,,,
mig_vec_k4_l16_w12g8,vec,migration,module,MemWStream,mem_w_stream_framed_done_task_64_8_s,1613,2265,0,0,0,,,
mig_vec_k4_l16_w12g8,vec,migration,subblock,MemWStream.BUFF,,826,642,0,0,0,,,
mig_vec_k4_l16_w12g8,vec,migration,subblock,MemWStream.S2A,,137,100,0,0,0,,,
mig_vec_k4_l16_w12g8,vec,migration,subblock,MemWStream.ECHO,,171,98,0,0,0,,,
mig_vec_k4_l16_w12g8,vec,migration,memory,unit_b_U,,0,0,0,11,0,8,384,2
mig_vec_k4_l16_w12g8,vec,migration,memory,unit_s_U,,0,0,0,11,0,8,384,2
mig_vec_k4_l16_w12g8,vec,migration,memory,unit_p_U,,0,0,0,11,0,8,384,2
mig_vec_k4_l16_w12g8,vec,migration,memory,unit_x_U,,0,0,0,11,0,8,384,2
mig_vec_k4_l16_w12g8,vec,migration,fifo,m_in_c_U,,0,99,0,0,0,3,64,1
mig_vec_k4_l16_w12g8,vec,migration,fifo,m_out_c_U,,0,99,0,0,0,9,64,1
mig_vec_k4_l16_w12g8,vec,migration,fifo,rd_cmd_U,,0,99,0,0,0,2,65,1
mig_vec_k4_l16_w12g8,vec,migration,fifo,rd_data_U,,0,99,0,0,0,2,65,1
mig_vec_k4_l16_w12g8,vec,migration,fifo,reply_U,,0,99,0,0,0,2,65,1
mig_vec_k4_l16_w12g8,vec,migration,fifo,unit_ccmd_U,,0,99,0,0,0,2,64,1
mig_vec_k4_l16_w12g8,vec,migration,fifo,unit_lcmd_U,,0,99,0,0,0,2,64,1
mig_vec_k4_l16_w12g8,vec,migration,fifo,unit_pay_U,,0,99,0,0,0,2,65,1
mig_vec_k4_l16_w12g8,vec,migration,fifo,unit_reply_U,,0,99,0,0,0,2,65,1
mig_vec_k4_l16_w12g8,vec,migration,fifo,wr_U,,0,99,0,0,0,2,65,1
mig_vec_k4_l16_w12g8,vec,migration,instance,control_s_axi_U,,296,170,0,0,0,0,0,0
mig_vec_k4_l16_w12g8,vec,migration,instance,entry_proc_U0,,29,2,0,0,0,0,0,0
mig_vec_k4_l16_w12g8,vec,migration,instance,gmem0_m_axi_U,,823,725,0,4,0,0,0,0
mig_vec_k4_l16_w12g8,vec,migration,instance,gmem1_m_axi_U,,811,719,0,4,0,0,0,0
mig_vec_k4_l16_w12g8,vec,migration,unitemized,unitemized,,669,0,0,0,0,0,0,0
mig_vec_k16_l1_w12g8,vec,migration,module,CgReqFramer,cg_req_task_64_s,93,6,0,0,0,,,
mig_vec_k16_l1_w12g8,vec,migration,module,MemRStream,mem_r_stream_framed_task_64_s,817,502,0,0,0,,,
mig_vec_k16_l1_w12g8,vec,migration,subblock,MemRStream.RELAY,,157,34,0,0,0,,,
mig_vec_k16_l1_w12g8,vec,migration,subblock,MemRStream.A2S,,174,102,0,0,0,,,
mig_vec_k16_l1_w12g8,vec,migration,module,CgVectorRx,cg_vector_rx_task_64_16_32_16_1_1182345752_s,1084,462,1,0,0,,,
mig_vec_k16_l1_w12g8,vec,migration,subblock,CgVectorRx.FWD,,138,35,0,0,0,,,
mig_vec_k16_l1_w12g8,vec,migration,module,CgVectorLoad,cg_vector_load_task_64_16_32_16_1_2_1756363553_1182345752_s,1303,430,1,0,0,,,
mig_vec_k16_l1_w12g8,vec,migration,module,CgVectorCore,cg_vector_task_16_32_16_1_2_1756363553_s,5918,3388,13,6,0,,,
mig_vec_k16_l1_w12g8,vec,migration,subblock,CgVectorCore.INIT_K,,230,201,2,0,0,,,
mig_vec_k16_l1_w12g8,vec,migration,subblock,CgVectorCore.INIT_P,,330,178,0,0,0,,,
mig_vec_k16_l1_w12g8,vec,migration,subblock,CgVectorCore.PASS1,,230,213,2,0,0,,,
mig_vec_k16_l1_w12g8,vec,migration,subblock,CgVectorCore.PASS2,,918,706,6,0,0,,,
mig_vec_k16_l1_w12g8,vec,migration,subblock,CgVectorCore.PASS3,,430,330,2,0,0,,,
mig_vec_k16_l1_w12g8,vec,migration,subblock,CgVectorCore.OUT_P,,330,178,0,0,0,,,
mig_vec_k16_l1_w12g8,vec,migration,subblock,CgVectorCore.OUT_X,,330,178,0,0,0,,,
mig_vec_k16_l1_w12g8,vec,migration,module,CgVectorStore,cg_vector_store_task_64_16_32_1_2_1756363553_1182345752_s,1584,631,1,0,0,,,
mig_vec_k16_l1_w12g8,vec,migration,subblock,CgVectorStore.WORDS_G1,,465,123,0,0,0,,,
mig_vec_k16_l1_w12g8,vec,migration,subblock,CgVectorStore.WORDS_G,,465,123,0,0,0,,,
mig_vec_k16_l1_w12g8,vec,migration,module,CgReplyFramer,cg_reply_task_64_s,328,352,0,0,0,,,
mig_vec_k16_l1_w12g8,vec,migration,subblock,CgReplyFramer.PAYLOAD,,138,35,0,0,0,,,
mig_vec_k16_l1_w12g8,vec,migration,module,MemWStream,mem_w_stream_framed_done_task_64_8_s,1613,2265,0,0,0,,,
mig_vec_k16_l1_w12g8,vec,migration,subblock,MemWStream.BUFF,,826,642,0,0,0,,,
mig_vec_k16_l1_w12g8,vec,migration,subblock,MemWStream.S2A,,137,100,0,0,0,,,
mig_vec_k16_l1_w12g8,vec,migration,subblock,MemWStream.ECHO,,171,98,0,0,0,,,
mig_vec_k16_l1_w12g8,vec,migration,memory,unit_b_U,,0,0,0,4,0,512,24,2
mig_vec_k16_l1_w12g8,vec,migration,memory,unit_s_U,,0,0,0,4,0,512,24,2
mig_vec_k16_l1_w12g8,vec,migration,memory,unit_p_U,,0,0,0,4,0,512,24,2
mig_vec_k16_l1_w12g8,vec,migration,memory,unit_x_U,,0,0,0,4,0,512,24,2
mig_vec_k16_l1_w12g8,vec,migration,fifo,m_in_c_U,,0,99,0,0,0,3,64,1
mig_vec_k16_l1_w12g8,vec,migration,fifo,m_out_c_U,,0,99,0,0,0,9,64,1
mig_vec_k16_l1_w12g8,vec,migration,fifo,rd_cmd_U,,0,99,0,0,0,2,65,1
mig_vec_k16_l1_w12g8,vec,migration,fifo,rd_data_U,,0,99,0,0,0,2,65,1
mig_vec_k16_l1_w12g8,vec,migration,fifo,reply_U,,0,99,0,0,0,2,65,1
mig_vec_k16_l1_w12g8,vec,migration,fifo,unit_ccmd_U,,0,99,0,0,0,2,64,1
mig_vec_k16_l1_w12g8,vec,migration,fifo,unit_lcmd_U,,0,99,0,0,0,2,64,1
mig_vec_k16_l1_w12g8,vec,migration,fifo,unit_pay_U,,0,99,0,0,0,2,65,1
mig_vec_k16_l1_w12g8,vec,migration,fifo,unit_reply_U,,0,99,0,0,0,2,65,1
mig_vec_k16_l1_w12g8,vec,migration,fifo,wr_U,,0,99,0,0,0,2,65,1
mig_vec_k16_l1_w12g8,vec,migration,instance,control_s_axi_U,,296,170,0,0,0,0,0,0
mig_vec_k16_l1_w12g8,vec,migration,instance,entry_proc_U0,,29,2,0,0,0,0,0,0
mig_vec_k16_l1_w12g8,vec,migration,instance,gmem0_m_axi_U,,823,725,0,4,0,0,0,0
mig_vec_k16_l1_w12g8,vec,migration,instance,gmem1_m_axi_U,,811,719,0,4,0,0,0,0
mig_vec_k16_l1_w12g8,vec,migration,unitemized,unitemized,,669,0,0,0,0,0,0,0
mig_vec_k16_l16_w12g8,vec,migration,module,CgReqFramer,cg_req_task_64_s,93,6,0,0,0,,,
mig_vec_k16_l16_w12g8,vec,migration,module,MemRStream,mem_r_stream_framed_task_64_s,817,502,0,0,0,,,
mig_vec_k16_l16_w12g8,vec,migration,subblock,MemRStream.RELAY,,157,34,0,0,0,,,
mig_vec_k16_l16_w12g8,vec,migration,subblock,MemRStream.A2S,,174,102,0,0,0,,,
mig_vec_k16_l16_w12g8,vec,migration,module,CgVectorRx,cg_vector_rx_task_64_16_32_16_16_1182345752_s,1098,495,1,0,0,,,
mig_vec_k16_l16_w12g8,vec,migration,subblock,CgVectorRx.FWD,,138,35,0,0,0,,,
mig_vec_k16_l16_w12g8,vec,migration,module,CgVectorLoad,cg_vector_load_task_64_16_32_16_16_2_1756363553_1182345752_s,8882,2988,1,0,0,,,
mig_vec_k16_l16_w12g8,vec,migration,module,CgVectorCore,cg_vector_task_16_32_16_16_2_1756363553_s,52777,35849,193,0,0,,,
mig_vec_k16_l16_w12g8,vec,migration,subblock,CgVectorCore.INIT_K,,972,984,32,0,0,,,
mig_vec_k16_l16_w12g8,vec,migration,subblock,CgVectorCore.INIT_P,,319,165,0,0,0,,,
mig_vec_k16_l16_w12g8,vec,migration,subblock,CgVectorCore.PASS1,,972,1176,32,0,0,,,
mig_vec_k16_l16_w12g8,vec,migration,subblock,CgVectorCore.PASS2,,11980,9211,96,0,0,,,
mig_vec_k16_l16_w12g8,vec,migration,subblock,CgVectorCore.PASS3,,5620,4764,32,0,0,,,
mig_vec_k16_l16_w12g8,vec,migration,subblock,CgVectorCore.OUT_P,,319,165,0,0,0,,,
mig_vec_k16_l16_w12g8,vec,migration,subblock,CgVectorCore.OUT_X,,319,165,0,0,0,,,
mig_vec_k16_l16_w12g8,vec,migration,module,CgVectorStore,cg_vector_store_task_64_16_32_16_2_1756363553_1182345752_s,2476,1429,1,0,0,,,
mig_vec_k16_l16_w12g8,vec,migration,subblock,CgVectorStore.WORDS1,,920,522,0,0,0,,,
mig_vec_k16_l16_w12g8,vec,migration,subblock,CgVectorStore.WORDS,,920,522,0,0,0,,,
mig_vec_k16_l16_w12g8,vec,migration,module,CgReplyFramer,cg_reply_task_64_s,328,352,0,0,0,,,
mig_vec_k16_l16_w12g8,vec,migration,subblock,CgReplyFramer.PAYLOAD,,138,35,0,0,0,,,
mig_vec_k16_l16_w12g8,vec,migration,module,MemWStream,mem_w_stream_framed_done_task_64_8_s,1613,2265,0,0,0,,,
mig_vec_k16_l16_w12g8,vec,migration,subblock,MemWStream.BUFF,,826,642,0,0,0,,,
mig_vec_k16_l16_w12g8,vec,migration,subblock,MemWStream.S2A,,137,100,0,0,0,,,
mig_vec_k16_l16_w12g8,vec,migration,subblock,MemWStream.ECHO,,171,98,0,0,0,,,
mig_vec_k16_l16_w12g8,vec,migration,memory,unit_b_U,,0,0,0,11,0,32,384,2
mig_vec_k16_l16_w12g8,vec,migration,memory,unit_s_U,,0,0,0,11,0,32,384,2
mig_vec_k16_l16_w12g8,vec,migration,memory,unit_p_U,,0,0,0,11,0,32,384,2
mig_vec_k16_l16_w12g8,vec,migration,memory,unit_x_U,,0,0,0,11,0,32,384,2
mig_vec_k16_l16_w12g8,vec,migration,fifo,m_in_c_U,,0,99,0,0,0,3,64,1
mig_vec_k16_l16_w12g8,vec,migration,fifo,m_out_c_U,,0,99,0,0,0,9,64,1
mig_vec_k16_l16_w12g8,vec,migration,fifo,rd_cmd_U,,0,99,0,0,0,2,65,1
mig_vec_k16_l16_w12g8,vec,migration,fifo,rd_data_U,,0,99,0,0,0,2,65,1
mig_vec_k16_l16_w12g8,vec,migration,fifo,reply_U,,0,99,0,0,0,2,65,1
mig_vec_k16_l16_w12g8,vec,migration,fifo,unit_ccmd_U,,0,99,0,0,0,2,64,1
mig_vec_k16_l16_w12g8,vec,migration,fifo,unit_lcmd_U,,0,99,0,0,0,2,64,1
mig_vec_k16_l16_w12g8,vec,migration,fifo,unit_pay_U,,0,99,0,0,0,2,65,1
mig_vec_k16_l16_w12g8,vec,migration,fifo,unit_reply_U,,0,99,0,0,0,2,65,1
mig_vec_k16_l16_w12g8,vec,migration,fifo,wr_U,,0,99,0,0,0,2,65,1
mig_vec_k16_l16_w12g8,vec,migration,instance,control_s_axi_U,,296,170,0,0,0,0,0,0
mig_vec_k16_l16_w12g8,vec,migration,instance,entry_proc_U0,,29,2,0,0,0,0,0,0
mig_vec_k16_l16_w12g8,vec,migration,instance,gmem0_m_axi_U,,823,725,0,4,0,0,0,0
mig_vec_k16_l16_w12g8,vec,migration,instance,gmem1_m_axi_U,,811,719,0,4,0,0,0,0
mig_vec_k16_l16_w12g8,vec,migration,unitemized,unitemized,,669,0,0,0,0,0,0,0
mig_mm_k8_r4_c8_m4_w12_l4,mm,migration,module,UnitReqFramer,unit_req_task_64_s,117,72,0,0,0,,,
mig_mm_k8_r4_c8_m4_w12_l4,mm,migration,module,MemRStream,mem_r_stream_framed_task_64_s,817,502,0,0,0,,,
mig_mm_k8_r4_c8_m4_w12_l4,mm,migration,subblock,MemRStream.RELAY,,157,34,0,0,0,,,
mig_mm_k8_r4_c8_m4_w12_l4,mm,migration,subblock,MemRStream.A2S,,174,102,0,0,0,,,
mig_mm_k8_r4_c8_m4_w12_l4,mm,migration,module,SystolicRx,systolic_rx_task_64_8_8_32_4_4_8_1556958752_s,881,325,3,0,0,,,
mig_mm_k8_r4_c8_m4_w12_l4,mm,migration,subblock,SystolicRx.FWD,,138,35,0,0,0,,,
mig_mm_k8_r4_c8_m4_w12_l4,mm,migration,module,SystolicLoad,systolic_load_task_64_8_8_32_4_2_998446828_1556958752_s,6151,2085,2,0,0,,,
mig_mm_k8_r4_c8_m4_w12_l4,mm,migration,subblock,SystolicLoad.WORDS,,621,323,0,0,0,,,
mig_mm_k8_r4_c8_m4_w12_l4,mm,migration,subblock,SystolicLoad.ELEMS,,2803,843,0,0,0,,,
mig_mm_k8_r4_c8_m4_w12_l4,mm,migration,subblock,SystolicLoad.WORDS1,,618,321,0,0,0,,,
mig_mm_k8_r4_c8_m4_w12_l4,mm,migration,module,SystolicCore,systolic_core_task_8_8_32_4_4_8_4_2_998446828_s,13603,8976,130,0,0,,,
mig_mm_k8_r4_c8_m4_w12_l4,mm,migration,subblock,SystolicCore.LOAD_A,,1081,189,0,0,0,,,
mig_mm_k8_r4_c8_m4_w12_l4,mm,migration,subblock,SystolicCore.LOAD_B,,373,199,0,0,0,,,
mig_mm_k8_r4_c8_m4_w12_l4,mm,migration,subblock,SystolicCore.SWEEP,,5924,6914,128,0,0,,,
mig_mm_k8_r4_c8_m4_w12_l4,mm,migration,module,SystolicStore,systolic_store_task_64_8_8_32_4_2_998446828_1556958752_s,1076,551,1,0,0,,,
mig_mm_k8_r4_c8_m4_w12_l4,mm,migration,subblock,SystolicStore.WORDS,,677,234,0,0,0,,,
mig_mm_k8_r4_c8_m4_w12_l4,mm,migration,module,UnitReplyFramer,unit_reply_task_64_s,351,354,0,0,0,,,
mig_mm_k8_r4_c8_m4_w12_l4,mm,migration,subblock,UnitReplyFramer.PAYLOAD,,138,35,0,0,0,,,
mig_mm_k8_r4_c8_m4_w12_l4,mm,migration,module,MemWStream,mem_w_stream_framed_done_task_64_8_s,1613,2265,0,0,0,,,
mig_mm_k8_r4_c8_m4_w12_l4,mm,migration,subblock,MemWStream.BUFF,,826,642,0,0,0,,,
mig_mm_k8_r4_c8_m4_w12_l4,mm,migration,subblock,MemWStream.S2A,,137,100,0,0,0,,,
mig_mm_k8_r4_c8_m4_w12_l4,mm,migration,subblock,MemWStream.ECHO,,171,98,0,0,0,,,
mig_mm_k8_r4_c8_m4_w12_l4,mm,migration,memory,unit_a_U,,0,0,0,3,0,16,96,2
mig_mm_k8_r4_c8_m4_w12_l4,mm,migration,memory,unit_b_U,,0,0,0,3,0,64,96,2
mig_mm_k8_r4_c8_m4_w12_l4,mm,migration,memory,unit_c_U,,0,0,0,3,0,64,96,2
mig_mm_k8_r4_c8_m4_w12_l4,mm,migration,fifo,m_in_c_U,,0,99,0,0,0,3,64,1
mig_mm_k8_r4_c8_m4_w12_l4,mm,migration,fifo,m_out_c_U,,0,99,0,0,0,9,64,1
mig_mm_k8_r4_c8_m4_w12_l4,mm,migration,fifo,rd_cmd_U,,0,99,0,0,0,2,65,1
mig_mm_k8_r4_c8_m4_w12_l4,mm,migration,fifo,rd_data_U,,0,99,0,0,0,2,65,1
mig_mm_k8_r4_c8_m4_w12_l4,mm,migration,fifo,reply_U,,0,99,0,0,0,2,65,1
mig_mm_k8_r4_c8_m4_w12_l4,mm,migration,fifo,unit_ccmd_U,,0,99,0,0,0,2,64,1
mig_mm_k8_r4_c8_m4_w12_l4,mm,migration,fifo,unit_lcmd_U,,0,99,0,0,0,2,64,1
mig_mm_k8_r4_c8_m4_w12_l4,mm,migration,fifo,unit_pay_U,,0,99,0,0,0,2,65,1
mig_mm_k8_r4_c8_m4_w12_l4,mm,migration,fifo,unit_reply_U,,0,99,0,0,0,2,65,1
mig_mm_k8_r4_c8_m4_w12_l4,mm,migration,fifo,wr_U,,0,99,0,0,0,2,65,1
mig_mm_k8_r4_c8_m4_w12_l4,mm,migration,instance,control_s_axi_U,,296,170,0,0,0,0,0,0
mig_mm_k8_r4_c8_m4_w12_l4,mm,migration,instance,entry_proc_U0,,29,2,0,0,0,0,0,0
mig_mm_k8_r4_c8_m4_w12_l4,mm,migration,instance,gmem0_m_axi_U,,823,725,0,4,0,0,0,0
mig_mm_k8_r4_c8_m4_w12_l4,mm,migration,instance,gmem1_m_axi_U,,811,719,0,4,0,0,0,0
mig_mm_k8_r4_c8_m4_w12_l4,mm,migration,unitemized,unitemized,,669,0,0,0,0,0,0,0
mig_mm_k4_r4_c8_m4_w12_l4,mm,migration,module,UnitReqFramer,unit_req_task_64_s,117,72,0,0,0,,,
mig_mm_k4_r4_c8_m4_w12_l4,mm,migration,module,MemRStream,mem_r_stream_framed_task_64_s,817,502,0,0,0,,,
mig_mm_k4_r4_c8_m4_w12_l4,mm,migration,subblock,MemRStream.RELAY,,157,34,0,0,0,,,
mig_mm_k4_r4_c8_m4_w12_l4,mm,migration,subblock,MemRStream.A2S,,174,102,0,0,0,,,
mig_mm_k4_r4_c8_m4_w12_l4,mm,migration,module,SystolicRx,systolic_rx_task_64_4_4_32_4_4_8_1556958752_s,883,325,3,0,0,,,
mig_mm_k4_r4_c8_m4_w12_l4,mm,migration,subblock,SystolicRx.FWD,,138,35,0,0,0,,,
mig_mm_k4_r4_c8_m4_w12_l4,mm,migration,module,SystolicLoad,systolic_load_task_64_4_4_32_4_2_1323255824_1556958752_s,6145,1913,2,0,0,,,
mig_mm_k4_r4_c8_m4_w12_l4,mm,migration,subblock,SystolicLoad.WORDS,,621,323,0,0,0,,,
mig_mm_k4_r4_c8_m4_w12_l4,mm,migration,subblock,SystolicLoad.ELEMS,,2797,674,0,0,0,,,
mig_mm_k4_r4_c8_m4_w12_l4,mm,migration,subblock,SystolicLoad.WORDS1,,618,321,0,0,0,,,
mig_mm_k4_r4_c8_m4_w12_l4,mm,migration,module,SystolicCore,systolic_core_task_4_4_32_4_4_8_4_2_1323255824_s,10463,7943,130,0,0,,,
mig_mm_k4_r4_c8_m4_w12_l4,mm,migration,subblock,SystolicCore.LOAD_A,,1119,500,0,0,0,,,
mig_mm_k4_r4_c8_m4_w12_l4,mm,migration,subblock,SystolicCore.LOAD_B,,373,198,0,0,0,,,
mig_mm_k4_r4_c8_m4_w12_l4,mm,migration,subblock,SystolicCore.SWEEP,,5300,6356,128,0,0,,,
mig_mm_k4_r4_c8_m4_w12_l4,mm,migration,module,SystolicStore,systolic_store_task_64_4_4_32_4_2_1323255824_1556958752_s,1076,551,1,0,0,,,
mig_mm_k4_r4_c8_m4_w12_l4,mm,migration,subblock,SystolicStore.WORDS,,677,234,0,0,0,,,
mig_mm_k4_r4_c8_m4_w12_l4,mm,migration,module,UnitReplyFramer,unit_reply_task_64_s,351,354,0,0,0,,,
mig_mm_k4_r4_c8_m4_w12_l4,mm,migration,subblock,UnitReplyFramer.PAYLOAD,,138,35,0,0,0,,,
mig_mm_k4_r4_c8_m4_w12_l4,mm,migration,module,MemWStream,mem_w_stream_framed_done_task_64_8_s,1613,2265,0,0,0,,,
mig_mm_k4_r4_c8_m4_w12_l4,mm,migration,subblock,MemWStream.BUFF,,826,642,0,0,0,,,
mig_mm_k4_r4_c8_m4_w12_l4,mm,migration,subblock,MemWStream.S2A,,137,100,0,0,0,,,
mig_mm_k4_r4_c8_m4_w12_l4,mm,migration,subblock,MemWStream.ECHO,,171,98,0,0,0,,,
mig_mm_k4_r4_c8_m4_w12_l4,mm,migration,memory,unit_a_U,,12,96,0,0,0,4,96,2
mig_mm_k4_r4_c8_m4_w12_l4,mm,migration,memory,unit_b_U,,0,0,0,3,0,32,96,2
mig_mm_k4_r4_c8_m4_w12_l4,mm,migration,memory,unit_c_U,,0,0,0,3,0,32,96,2
mig_mm_k4_r4_c8_m4_w12_l4,mm,migration,fifo,m_in_c_U,,0,99,0,0,0,3,64,1
mig_mm_k4_r4_c8_m4_w12_l4,mm,migration,fifo,m_out_c_U,,0,99,0,0,0,9,64,1
mig_mm_k4_r4_c8_m4_w12_l4,mm,migration,fifo,rd_cmd_U,,0,99,0,0,0,2,65,1
mig_mm_k4_r4_c8_m4_w12_l4,mm,migration,fifo,rd_data_U,,0,99,0,0,0,2,65,1
mig_mm_k4_r4_c8_m4_w12_l4,mm,migration,fifo,reply_U,,0,99,0,0,0,2,65,1
mig_mm_k4_r4_c8_m4_w12_l4,mm,migration,fifo,unit_ccmd_U,,0,99,0,0,0,2,64,1
mig_mm_k4_r4_c8_m4_w12_l4,mm,migration,fifo,unit_lcmd_U,,0,99,0,0,0,2,64,1
mig_mm_k4_r4_c8_m4_w12_l4,mm,migration,fifo,unit_pay_U,,0,99,0,0,0,2,65,1
mig_mm_k4_r4_c8_m4_w12_l4,mm,migration,fifo,unit_reply_U,,0,99,0,0,0,2,65,1
mig_mm_k4_r4_c8_m4_w12_l4,mm,migration,fifo,wr_U,,0,99,0,0,0,2,65,1
mig_mm_k4_r4_c8_m4_w12_l4,mm,migration,instance,control_s_axi_U,,296,170,0,0,0,0,0,0
mig_mm_k4_r4_c8_m4_w12_l4,mm,migration,instance,entry_proc_U0,,29,2,0,0,0,0,0,0
mig_mm_k4_r4_c8_m4_w12_l4,mm,migration,instance,gmem0_m_axi_U,,823,725,0,4,0,0,0,0
mig_mm_k4_r4_c8_m4_w12_l4,mm,migration,instance,gmem1_m_axi_U,,811,719,0,4,0,0,0,0
mig_mm_k4_r4_c8_m4_w12_l4,mm,migration,unitemized,unitemized,,669,0,0,0,0,0,0,0
mig_mm_k16_r4_c8_m4_w12_l4,mm,migration,module,UnitReqFramer,unit_req_task_64_s,117,72,0,0,0,,,
mig_mm_k16_r4_c8_m4_w12_l4,mm,migration,module,MemRStream,mem_r_stream_framed_task_64_s,817,502,0,0,0,,,
mig_mm_k16_r4_c8_m4_w12_l4,mm,migration,subblock,MemRStream.RELAY,,157,34,0,0,0,,,
mig_mm_k16_r4_c8_m4_w12_l4,mm,migration,subblock,MemRStream.A2S,,174,102,0,0,0,,,
mig_mm_k16_r4_c8_m4_w12_l4,mm,migration,module,SystolicRx,systolic_rx_task_64_16_16_32_4_4_8_1556958752_s,879,325,3,0,0,,,
mig_mm_k16_r4_c8_m4_w12_l4,mm,migration,subblock,SystolicRx.FWD,,138,35,0,0,0,,,
mig_mm_k16_r4_c8_m4_w12_l4,mm,migration,module,SystolicLoad,systolic_load_task_64_16_16_32_4_2_2043760165_1556958752_s,6156,2094,2,0,0,,,
mig_mm_k16_r4_c8_m4_w12_l4,mm,migration,subblock,SystolicLoad.WORDS,,621,323,0,0,0,,,
mig_mm_k16_r4_c8_m4_w12_l4,mm,migration,subblock,SystolicLoad.ELEMS,,2808,849,0,0,0,,,
mig_mm_k16_r4_c8_m4_w12_l4,mm,migration,subblock,SystolicLoad.WORDS1,,618,321,0,0,0,,,
mig_mm_k16_r4_c8_m4_w12_l4,mm,migration,module,SystolicCore,systolic_core_task_16_16_32_4_4_8_4_2_2043760165_s,17490,10311,130,0,0,,,
mig_mm_k16_r4_c8_m4_w12_l4,mm,migration,subblock,SystolicCore.LOAD_A,,1713,197,0,0,0,,,
mig_mm_k16_r4_c8_m4_w12_l4,mm,migration,subblock,SystolicCore.LOAD_B,,374,200,0,0,0,,,
mig_mm_k16_r4_c8_m4_w12_l4,mm,migration,subblock,SystolicCore.SWEEP,,6585,7463,128,0,0,,,
mig_mm_k16_r4_c8_m4_w12_l4,mm,migration,module,SystolicStore,systolic_store_task_64_16_16_32_4_2_2043760165_1556958752_s,1076,551,1,0,0,,,
mig_mm_k16_r4_c8_m4_w12_l4,mm,migration,subblock,SystolicStore.WORDS,,677,234,0,0,0,,,
mig_mm_k16_r4_c8_m4_w12_l4,mm,migration,module,UnitReplyFramer,unit_reply_task_64_s,351,354,0,0,0,,,
mig_mm_k16_r4_c8_m4_w12_l4,mm,migration,subblock,UnitReplyFramer.PAYLOAD,,138,35,0,0,0,,,
mig_mm_k16_r4_c8_m4_w12_l4,mm,migration,module,MemWStream,mem_w_stream_framed_done_task_64_8_s,1613,2265,0,0,0,,,
mig_mm_k16_r4_c8_m4_w12_l4,mm,migration,subblock,MemWStream.BUFF,,826,642,0,0,0,,,
mig_mm_k16_r4_c8_m4_w12_l4,mm,migration,subblock,MemWStream.S2A,,137,100,0,0,0,,,
mig_mm_k16_r4_c8_m4_w12_l4,mm,migration,subblock,MemWStream.ECHO,,171,98,0,0,0,,,
mig_mm_k16_r4_c8_m4_w12_l4,mm,migration,memory,unit_a_U,,0,0,0,3,0,64,96,2
mig_mm_k16_r4_c8_m4_w12_l4,mm,migration,memory,unit_b_U,,0,0,0,3,0,128,96,2
mig_mm_k16_r4_c8_m4_w12_l4,mm,migration,memory,unit_c_U,,0,0,0,3,0,128,96,2
mig_mm_k16_r4_c8_m4_w12_l4,mm,migration,fifo,m_in_c_U,,0,99,0,0,0,3,64,1
mig_mm_k16_r4_c8_m4_w12_l4,mm,migration,fifo,m_out_c_U,,0,99,0,0,0,9,64,1
mig_mm_k16_r4_c8_m4_w12_l4,mm,migration,fifo,rd_cmd_U,,0,99,0,0,0,2,65,1
mig_mm_k16_r4_c8_m4_w12_l4,mm,migration,fifo,rd_data_U,,0,99,0,0,0,2,65,1
mig_mm_k16_r4_c8_m4_w12_l4,mm,migration,fifo,reply_U,,0,99,0,0,0,2,65,1
mig_mm_k16_r4_c8_m4_w12_l4,mm,migration,fifo,unit_ccmd_U,,0,99,0,0,0,2,64,1
mig_mm_k16_r4_c8_m4_w12_l4,mm,migration,fifo,unit_lcmd_U,,0,99,0,0,0,2,64,1
mig_mm_k16_r4_c8_m4_w12_l4,mm,migration,fifo,unit_pay_U,,0,99,0,0,0,2,65,1
mig_mm_k16_r4_c8_m4_w12_l4,mm,migration,fifo,unit_reply_U,,0,99,0,0,0,2,65,1
mig_mm_k16_r4_c8_m4_w12_l4,mm,migration,fifo,wr_U,,0,99,0,0,0,2,65,1
mig_mm_k16_r4_c8_m4_w12_l4,mm,migration,instance,control_s_axi_U,,296,170,0,0,0,0,0,0
mig_mm_k16_r4_c8_m4_w12_l4,mm,migration,instance,entry_proc_U0,,29,2,0,0,0,0,0,0
mig_mm_k16_r4_c8_m4_w12_l4,mm,migration,instance,gmem0_m_axi_U,,823,725,0,4,0,0,0,0
mig_mm_k16_r4_c8_m4_w12_l4,mm,migration,instance,gmem1_m_axi_U,,811,719,0,4,0,0,0,0
mig_mm_k16_r4_c8_m4_w12_l4,mm,migration,unitemized,unitemized,,669,0,0,0,0,0,0,0
mig_mm_k8_r1_c8_m4_w12_l4,mm,migration,module,UnitReqFramer,unit_req_task_64_s,117,72,0,0,0,,,
mig_mm_k8_r1_c8_m4_w12_l4,mm,migration,module,MemRStream,mem_r_stream_framed_task_64_s,817,502,0,0,0,,,
mig_mm_k8_r1_c8_m4_w12_l4,mm,migration,subblock,MemRStream.RELAY,,157,34,0,0,0,,,
mig_mm_k8_r1_c8_m4_w12_l4,mm,migration,subblock,MemRStream.A2S,,174,102,0,0,0,,,
mig_mm_k8_r1_c8_m4_w12_l4,mm,migration,module,SystolicRx,systolic_rx_task_64_8_8_32_4_1_8_1556958752_s,879,326,3,0,0,,,
mig_mm_k8_r1_c8_m4_w12_l4,mm,migration,subblock,SystolicRx.FWD,,138,35,0,0,0,,,
mig_mm_k8_r1_c8_m4_w12_l4,mm,migration,module,SystolicLoad,systolic_load_task_64_8_8_32_4_2_998446828_1556958752_s,6151,2085,2,0,0,,,
mig_mm_k8_r1_c8_m4_w12_l4,mm,migration,subblock,SystolicLoad.WORDS,,621,323,0,0,0,,,
mig_mm_k8_r1_c8_m4_w12_l4,mm,migration,subblock,SystolicLoad.ELEMS,,2803,843,0,0,0,,,
mig_mm_k8_r1_c8_m4_w12_l4,mm,migration,subblock,SystolicLoad.WORDS1,,618,321,0,0,0,,,
mig_mm_k8_r1_c8_m4_w12_l4,mm,migration,module,SystolicCore,systolic_core_task_8_8_32_4_1_8_4_2_998446828_s,9015,3576,34,0,0,,,
mig_mm_k8_r1_c8_m4_w12_l4,mm,migration,subblock,SystolicCore.LOAD_A,,1081,189,0,0,0,,,
mig_mm_k8_r1_c8_m4_w12_l4,mm,migration,subblock,SystolicCore.LOAD_B,,373,199,0,0,0,,,
mig_mm_k8_r1_c8_m4_w12_l4,mm,migration,subblock,SystolicCore.SWEEP,,2323,1601,32,0,0,,,
mig_mm_k8_r1_c8_m4_w12_l4,mm,migration,module,SystolicStore,systolic_store_task_64_8_8_32_4_2_998446828_1556958752_s,1076,551,1,0,0,,,
mig_mm_k8_r1_c8_m4_w12_l4,mm,migration,subblock,SystolicStore.WORDS,,677,234,0,0,0,,,
mig_mm_k8_r1_c8_m4_w12_l4,mm,migration,module,UnitReplyFramer,unit_reply_task_64_s,351,354,0,0,0,,,
mig_mm_k8_r1_c8_m4_w12_l4,mm,migration,subblock,UnitReplyFramer.PAYLOAD,,138,35,0,0,0,,,
mig_mm_k8_r1_c8_m4_w12_l4,mm,migration,module,MemWStream,mem_w_stream_framed_done_task_64_8_s,1613,2265,0,0,0,,,
mig_mm_k8_r1_c8_m4_w12_l4,mm,migration,subblock,MemWStream.BUFF,,826,642,0,0,0,,,
mig_mm_k8_r1_c8_m4_w12_l4,mm,migration,subblock,MemWStream.S2A,,137,100,0,0,0,,,
mig_mm_k8_r1_c8_m4_w12_l4,mm,migration,subblock,MemWStream.ECHO,,171,98,0,0,0,,,
mig_mm_k8_r1_c8_m4_w12_l4,mm,migration,memory,unit_a_U,,0,0,0,3,0,16,96,2
mig_mm_k8_r1_c8_m4_w12_l4,mm,migration,memory,unit_b_U,,0,0,0,3,0,64,96,2
mig_mm_k8_r1_c8_m4_w12_l4,mm,migration,memory,unit_c_U,,0,0,0,3,0,64,96,2
mig_mm_k8_r1_c8_m4_w12_l4,mm,migration,fifo,m_in_c_U,,0,99,0,0,0,3,64,1
mig_mm_k8_r1_c8_m4_w12_l4,mm,migration,fifo,m_out_c_U,,0,99,0,0,0,9,64,1
mig_mm_k8_r1_c8_m4_w12_l4,mm,migration,fifo,rd_cmd_U,,0,99,0,0,0,2,65,1
mig_mm_k8_r1_c8_m4_w12_l4,mm,migration,fifo,rd_data_U,,0,99,0,0,0,2,65,1
mig_mm_k8_r1_c8_m4_w12_l4,mm,migration,fifo,reply_U,,0,99,0,0,0,2,65,1
mig_mm_k8_r1_c8_m4_w12_l4,mm,migration,fifo,unit_ccmd_U,,0,99,0,0,0,2,64,1
mig_mm_k8_r1_c8_m4_w12_l4,mm,migration,fifo,unit_lcmd_U,,0,99,0,0,0,2,64,1
mig_mm_k8_r1_c8_m4_w12_l4,mm,migration,fifo,unit_pay_U,,0,99,0,0,0,2,65,1
mig_mm_k8_r1_c8_m4_w12_l4,mm,migration,fifo,unit_reply_U,,0,99,0,0,0,2,65,1
mig_mm_k8_r1_c8_m4_w12_l4,mm,migration,fifo,wr_U,,0,99,0,0,0,2,65,1
mig_mm_k8_r1_c8_m4_w12_l4,mm,migration,instance,control_s_axi_U,,296,170,0,0,0,0,0,0
mig_mm_k8_r1_c8_m4_w12_l4,mm,migration,instance,entry_proc_U0,,29,2,0,0,0,0,0,0
mig_mm_k8_r1_c8_m4_w12_l4,mm,migration,instance,gmem0_m_axi_U,,823,725,0,4,0,0,0,0
mig_mm_k8_r1_c8_m4_w12_l4,mm,migration,instance,gmem1_m_axi_U,,811,719,0,4,0,0,0,0
mig_mm_k8_r1_c8_m4_w12_l4,mm,migration,unitemized,unitemized,,669,0,0,0,0,0,0,0
mig_mm_k8_r2_c8_m4_w12_l4,mm,migration,module,UnitReqFramer,unit_req_task_64_s,117,72,0,0,0,,,
mig_mm_k8_r2_c8_m4_w12_l4,mm,migration,module,MemRStream,mem_r_stream_framed_task_64_s,817,502,0,0,0,,,
mig_mm_k8_r2_c8_m4_w12_l4,mm,migration,subblock,MemRStream.RELAY,,157,34,0,0,0,,,
mig_mm_k8_r2_c8_m4_w12_l4,mm,migration,subblock,MemRStream.A2S,,174,102,0,0,0,,,
mig_mm_k8_r2_c8_m4_w12_l4,mm,migration,module,SystolicRx,systolic_rx_task_64_8_8_32_4_2_8_1556958752_s,881,324,3,0,0,,,
mig_mm_k8_r2_c8_m4_w12_l4,mm,migration,subblock,SystolicRx.FWD,,138,35,0,0,0,,,
mig_mm_k8_r2_c8_m4_w12_l4,mm,migration,module,SystolicLoad,systolic_load_task_64_8_8_32_4_2_998446828_1556958752_s,6151,2085,2,0,0,,,
mig_mm_k8_r2_c8_m4_w12_l4,mm,migration,subblock,SystolicLoad.WORDS,,621,323,0,0,0,,,
mig_mm_k8_r2_c8_m4_w12_l4,mm,migration,subblock,SystolicLoad.ELEMS,,2803,843,0,0,0,,,
mig_mm_k8_r2_c8_m4_w12_l4,mm,migration,subblock,SystolicLoad.WORDS1,,618,321,0,0,0,,,
mig_mm_k8_r2_c8_m4_w12_l4,mm,migration,module,SystolicCore,systolic_core_task_8_8_32_4_2_8_4_2_998446828_s,10779,5494,66,0,0,,,
mig_mm_k8_r2_c8_m4_w12_l4,mm,migration,subblock,SystolicCore.LOAD_A,,1081,189,0,0,0,,,
mig_mm_k8_r2_c8_m4_w12_l4,mm,migration,subblock,SystolicCore.LOAD_B,,373,199,0,0,0,,,
mig_mm_k8_r2_c8_m4_w12_l4,mm,migration,subblock,SystolicCore.SWEEP,,3485,3375,64,0,0,,,
mig_mm_k8_r2_c8_m4_w12_l4,mm,migration,module,SystolicStore,systolic_store_task_64_8_8_32_4_2_998446828_1556958752_s,1076,551,1,0,0,,,
mig_mm_k8_r2_c8_m4_w12_l4,mm,migration,subblock,SystolicStore.WORDS,,677,234,0,0,0,,,
mig_mm_k8_r2_c8_m4_w12_l4,mm,migration,module,UnitReplyFramer,unit_reply_task_64_s,351,354,0,0,0,,,
mig_mm_k8_r2_c8_m4_w12_l4,mm,migration,subblock,UnitReplyFramer.PAYLOAD,,138,35,0,0,0,,,
mig_mm_k8_r2_c8_m4_w12_l4,mm,migration,module,MemWStream,mem_w_stream_framed_done_task_64_8_s,1613,2265,0,0,0,,,
mig_mm_k8_r2_c8_m4_w12_l4,mm,migration,subblock,MemWStream.BUFF,,826,642,0,0,0,,,
mig_mm_k8_r2_c8_m4_w12_l4,mm,migration,subblock,MemWStream.S2A,,137,100,0,0,0,,,
mig_mm_k8_r2_c8_m4_w12_l4,mm,migration,subblock,MemWStream.ECHO,,171,98,0,0,0,,,
mig_mm_k8_r2_c8_m4_w12_l4,mm,migration,memory,unit_a_U,,0,0,0,3,0,16,96,2
mig_mm_k8_r2_c8_m4_w12_l4,mm,migration,memory,unit_b_U,,0,0,0,3,0,64,96,2
mig_mm_k8_r2_c8_m4_w12_l4,mm,migration,memory,unit_c_U,,0,0,0,3,0,64,96,2
mig_mm_k8_r2_c8_m4_w12_l4,mm,migration,fifo,m_in_c_U,,0,99,0,0,0,3,64,1
mig_mm_k8_r2_c8_m4_w12_l4,mm,migration,fifo,m_out_c_U,,0,99,0,0,0,9,64,1
mig_mm_k8_r2_c8_m4_w12_l4,mm,migration,fifo,rd_cmd_U,,0,99,0,0,0,2,65,1
mig_mm_k8_r2_c8_m4_w12_l4,mm,migration,fifo,rd_data_U,,0,99,0,0,0,2,65,1
mig_mm_k8_r2_c8_m4_w12_l4,mm,migration,fifo,reply_U,,0,99,0,0,0,2,65,1
mig_mm_k8_r2_c8_m4_w12_l4,mm,migration,fifo,unit_ccmd_U,,0,99,0,0,0,2,64,1
mig_mm_k8_r2_c8_m4_w12_l4,mm,migration,fifo,unit_lcmd_U,,0,99,0,0,0,2,64,1
mig_mm_k8_r2_c8_m4_w12_l4,mm,migration,fifo,unit_pay_U,,0,99,0,0,0,2,65,1
mig_mm_k8_r2_c8_m4_w12_l4,mm,migration,fifo,unit_reply_U,,0,99,0,0,0,2,65,1
mig_mm_k8_r2_c8_m4_w12_l4,mm,migration,fifo,wr_U,,0,99,0,0,0,2,65,1
mig_mm_k8_r2_c8_m4_w12_l4,mm,migration,instance,control_s_axi_U,,296,170,0,0,0,0,0,0
mig_mm_k8_r2_c8_m4_w12_l4,mm,migration,instance,entry_proc_U0,,29,2,0,0,0,0,0,0
mig_mm_k8_r2_c8_m4_w12_l4,mm,migration,instance,gmem0_m_axi_U,,823,725,0,4,0,0,0,0
mig_mm_k8_r2_c8_m4_w12_l4,mm,migration,instance,gmem1_m_axi_U,,811,719,0,4,0,0,0,0
mig_mm_k8_r2_c8_m4_w12_l4,mm,migration,unitemized,unitemized,,669,0,0,0,0,0,0,0
mig_mm_k8_r8_c8_m4_w12_l4,mm,migration,module,UnitReqFramer,unit_req_task_64_s,117,72,0,0,0,,,
mig_mm_k8_r8_c8_m4_w12_l4,mm,migration,module,MemRStream,mem_r_stream_framed_task_64_s,817,502,0,0,0,,,
mig_mm_k8_r8_c8_m4_w12_l4,mm,migration,subblock,MemRStream.RELAY,,157,34,0,0,0,,,
mig_mm_k8_r8_c8_m4_w12_l4,mm,migration,subblock,MemRStream.A2S,,174,102,0,0,0,,,
mig_mm_k8_r8_c8_m4_w12_l4,mm,migration,module,SystolicRx,systolic_rx_task_64_8_8_32_4_8_8_1556958752_s,882,329,3,0,0,,,
mig_mm_k8_r8_c8_m4_w12_l4,mm,migration,subblock,SystolicRx.FWD,,138,35,0,0,0,,,
mig_mm_k8_r8_c8_m4_w12_l4,mm,migration,module,SystolicLoad,systolic_load_task_64_8_8_32_4_2_998446828_1556958752_s,6151,2085,2,0,0,,,
mig_mm_k8_r8_c8_m4_w12_l4,mm,migration,subblock,SystolicLoad.WORDS,,621,323,0,0,0,,,
mig_mm_k8_r8_c8_m4_w12_l4,mm,migration,subblock,SystolicLoad.ELEMS,,2803,843,0,0,0,,,
mig_mm_k8_r8_c8_m4_w12_l4,mm,migration,subblock,SystolicLoad.WORDS1,,618,321,0,0,0,,,
mig_mm_k8_r8_c8_m4_w12_l4,mm,migration,module,SystolicCore,systolic_core_task_8_8_32_4_8_8_4_2_998446828_s,18875,15246,258,0,0,,,
mig_mm_k8_r8_c8_m4_w12_l4,mm,migration,subblock,SystolicCore.LOAD_A,,1081,189,0,0,0,,,
mig_mm_k8_r8_c8_m4_w12_l4,mm,migration,subblock,SystolicCore.LOAD_B,,373,199,0,0,0,,,
mig_mm_k8_r8_c8_m4_w12_l4,mm,migration,subblock,SystolicCore.SWEEP,,10082,13184,256,0,0,,,
mig_mm_k8_r8_c8_m4_w12_l4,mm,migration,module,SystolicStore,systolic_store_task_64_8_8_32_4_2_998446828_1556958752_s,1076,551,1,0,0,,,
mig_mm_k8_r8_c8_m4_w12_l4,mm,migration,subblock,SystolicStore.WORDS,,677,234,0,0,0,,,
mig_mm_k8_r8_c8_m4_w12_l4,mm,migration,module,UnitReplyFramer,unit_reply_task_64_s,351,354,0,0,0,,,
mig_mm_k8_r8_c8_m4_w12_l4,mm,migration,subblock,UnitReplyFramer.PAYLOAD,,138,35,0,0,0,,,
mig_mm_k8_r8_c8_m4_w12_l4,mm,migration,module,MemWStream,mem_w_stream_framed_done_task_64_8_s,1613,2265,0,0,0,,,
mig_mm_k8_r8_c8_m4_w12_l4,mm,migration,subblock,MemWStream.BUFF,,826,642,0,0,0,,,
mig_mm_k8_r8_c8_m4_w12_l4,mm,migration,subblock,MemWStream.S2A,,137,100,0,0,0,,,
mig_mm_k8_r8_c8_m4_w12_l4,mm,migration,subblock,MemWStream.ECHO,,171,98,0,0,0,,,
mig_mm_k8_r8_c8_m4_w12_l4,mm,migration,memory,unit_a_U,,0,0,0,3,0,16,96,2
mig_mm_k8_r8_c8_m4_w12_l4,mm,migration,memory,unit_b_U,,0,0,0,3,0,64,96,2
mig_mm_k8_r8_c8_m4_w12_l4,mm,migration,memory,unit_c_U,,0,0,0,3,0,64,96,2
mig_mm_k8_r8_c8_m4_w12_l4,mm,migration,fifo,m_in_c_U,,0,99,0,0,0,3,64,1
mig_mm_k8_r8_c8_m4_w12_l4,mm,migration,fifo,m_out_c_U,,0,99,0,0,0,9,64,1
mig_mm_k8_r8_c8_m4_w12_l4,mm,migration,fifo,rd_cmd_U,,0,99,0,0,0,2,65,1
mig_mm_k8_r8_c8_m4_w12_l4,mm,migration,fifo,rd_data_U,,0,99,0,0,0,2,65,1
mig_mm_k8_r8_c8_m4_w12_l4,mm,migration,fifo,reply_U,,0,99,0,0,0,2,65,1
mig_mm_k8_r8_c8_m4_w12_l4,mm,migration,fifo,unit_ccmd_U,,0,99,0,0,0,2,64,1
mig_mm_k8_r8_c8_m4_w12_l4,mm,migration,fifo,unit_lcmd_U,,0,99,0,0,0,2,64,1
mig_mm_k8_r8_c8_m4_w12_l4,mm,migration,fifo,unit_pay_U,,0,99,0,0,0,2,65,1
mig_mm_k8_r8_c8_m4_w12_l4,mm,migration,fifo,unit_reply_U,,0,99,0,0,0,2,65,1
mig_mm_k8_r8_c8_m4_w12_l4,mm,migration,fifo,wr_U,,0,99,0,0,0,2,65,1
mig_mm_k8_r8_c8_m4_w12_l4,mm,migration,instance,control_s_axi_U,,296,170,0,0,0,0,0,0
mig_mm_k8_r8_c8_m4_w12_l4,mm,migration,instance,entry_proc_U0,,29,2,0,0,0,0,0,0
mig_mm_k8_r8_c8_m4_w12_l4,mm,migration,instance,gmem0_m_axi_U,,823,725,0,4,0,0,0,0
mig_mm_k8_r8_c8_m4_w12_l4,mm,migration,instance,gmem1_m_axi_U,,811,719,0,4,0,0,0,0
mig_mm_k8_r8_c8_m4_w12_l4,mm,migration,unitemized,unitemized,,669,0,0,0,0,0,0,0
mig_mm_k8_r4_c4_m4_w12_l4,mm,migration,module,UnitReqFramer,unit_req_task_64_s,117,72,0,0,0,,,
mig_mm_k8_r4_c4_m4_w12_l4,mm,migration,module,MemRStream,mem_r_stream_framed_task_64_s,817,502,0,0,0,,,
mig_mm_k8_r4_c4_m4_w12_l4,mm,migration,subblock,MemRStream.RELAY,,157,34,0,0,0,,,
mig_mm_k8_r4_c4_m4_w12_l4,mm,migration,subblock,MemRStream.A2S,,174,102,0,0,0,,,
mig_mm_k8_r4_c4_m4_w12_l4,mm,migration,module,SystolicRx,systolic_rx_task_64_8_8_32_4_4_4_1556958752_s,880,327,3,0,0,,,
mig_mm_k8_r4_c4_m4_w12_l4,mm,migration,subblock,SystolicRx.FWD,,138,35,0,0,0,,,
mig_mm_k8_r4_c4_m4_w12_l4,mm,migration,module,SystolicLoad,systolic_load_task_64_8_8_32_4_2_998446828_1556958752_s,6151,2085,2,0,0,,,
mig_mm_k8_r4_c4_m4_w12_l4,mm,migration,subblock,SystolicLoad.WORDS,,621,323,0,0,0,,,
mig_mm_k8_r4_c4_m4_w12_l4,mm,migration,subblock,SystolicLoad.ELEMS,,2803,843,0,0,0,,,
mig_mm_k8_r4_c4_m4_w12_l4,mm,migration,subblock,SystolicLoad.WORDS1,,618,321,0,0,0,,,
mig_mm_k8_r4_c4_m4_w12_l4,mm,migration,module,SystolicCore,systolic_core_task_8_8_32_4_4_4_4_2_998446828_s,9703,5604,66,0,0,,,
mig_mm_k8_r4_c4_m4_w12_l4,mm,migration,subblock,SystolicCore.LOAD_A,,1081,189,0,0,0,,,
mig_mm_k8_r4_c4_m4_w12_l4,mm,migration,subblock,SystolicCore.LOAD_B,,324,136,0,0,0,,,
mig_mm_k8_r4_c4_m4_w12_l4,mm,migration,subblock,SystolicCore.SWEEP,,3400,3714,64,0,0,,,
mig_mm_k8_r4_c4_m4_w12_l4,mm,migration,subblock,SystolicCore.OUT_C,,1462,340,0,0,0,,,
mig_mm_k8_r4_c4_m4_w12_l4,mm,migration,module,SystolicStore,systolic_store_task_64_8_8_32_4_2_998446828_1556958752_s,1076,551,1,0,0,,,
mig_mm_k8_r4_c4_m4_w12_l4,mm,migration,subblock,SystolicStore.WORDS,,677,234,0,0,0,,,
mig_mm_k8_r4_c4_m4_w12_l4,mm,migration,module,UnitReplyFramer,unit_reply_task_64_s,351,354,0,0,0,,,
mig_mm_k8_r4_c4_m4_w12_l4,mm,migration,subblock,UnitReplyFramer.PAYLOAD,,138,35,0,0,0,,,
mig_mm_k8_r4_c4_m4_w12_l4,mm,migration,module,MemWStream,mem_w_stream_framed_done_task_64_8_s,1613,2265,0,0,0,,,
mig_mm_k8_r4_c4_m4_w12_l4,mm,migration,subblock,MemWStream.BUFF,,826,642,0,0,0,,,
mig_mm_k8_r4_c4_m4_w12_l4,mm,migration,subblock,MemWStream.S2A,,137,100,0,0,0,,,
mig_mm_k8_r4_c4_m4_w12_l4,mm,migration,subblock,MemWStream.ECHO,,171,98,0,0,0,,,
mig_mm_k8_r4_c4_m4_w12_l4,mm,migration,memory,unit_a_U,,0,0,0,3,0,16,96,2
mig_mm_k8_r4_c4_m4_w12_l4,mm,migration,memory,unit_b_U,,0,0,0,3,0,64,96,2
mig_mm_k8_r4_c4_m4_w12_l4,mm,migration,memory,unit_c_U,,0,0,0,3,0,64,96,2
mig_mm_k8_r4_c4_m4_w12_l4,mm,migration,fifo,m_in_c_U,,0,99,0,0,0,3,64,1
mig_mm_k8_r4_c4_m4_w12_l4,mm,migration,fifo,m_out_c_U,,0,99,0,0,0,9,64,1
mig_mm_k8_r4_c4_m4_w12_l4,mm,migration,fifo,rd_cmd_U,,0,99,0,0,0,2,65,1
mig_mm_k8_r4_c4_m4_w12_l4,mm,migration,fifo,rd_data_U,,0,99,0,0,0,2,65,1
mig_mm_k8_r4_c4_m4_w12_l4,mm,migration,fifo,reply_U,,0,99,0,0,0,2,65,1
mig_mm_k8_r4_c4_m4_w12_l4,mm,migration,fifo,unit_ccmd_U,,0,99,0,0,0,2,64,1
mig_mm_k8_r4_c4_m4_w12_l4,mm,migration,fifo,unit_lcmd_U,,0,99,0,0,0,2,64,1
mig_mm_k8_r4_c4_m4_w12_l4,mm,migration,fifo,unit_pay_U,,0,99,0,0,0,2,65,1
mig_mm_k8_r4_c4_m4_w12_l4,mm,migration,fifo,unit_reply_U,,0,99,0,0,0,2,65,1
mig_mm_k8_r4_c4_m4_w12_l4,mm,migration,fifo,wr_U,,0,99,0,0,0,2,65,1
mig_mm_k8_r4_c4_m4_w12_l4,mm,migration,instance,control_s_axi_U,,296,170,0,0,0,0,0,0
mig_mm_k8_r4_c4_m4_w12_l4,mm,migration,instance,entry_proc_U0,,29,2,0,0,0,0,0,0
mig_mm_k8_r4_c4_m4_w12_l4,mm,migration,instance,gmem0_m_axi_U,,823,725,0,4,0,0,0,0
mig_mm_k8_r4_c4_m4_w12_l4,mm,migration,instance,gmem1_m_axi_U,,811,719,0,4,0,0,0,0
mig_mm_k8_r4_c4_m4_w12_l4,mm,migration,unitemized,unitemized,,669,0,0,0,0,0,0,0
mig_mm_k8_r4_c16_m4_w12_l4,mm,migration,module,UnitReqFramer,unit_req_task_64_s,117,72,0,0,0,,,
mig_mm_k8_r4_c16_m4_w12_l4,mm,migration,module,MemRStream,mem_r_stream_framed_task_64_s,817,502,0,0,0,,,
mig_mm_k8_r4_c16_m4_w12_l4,mm,migration,subblock,MemRStream.RELAY,,157,34,0,0,0,,,
mig_mm_k8_r4_c16_m4_w12_l4,mm,migration,subblock,MemRStream.A2S,,174,102,0,0,0,,,
mig_mm_k8_r4_c16_m4_w12_l4,mm,migration,module,SystolicRx,systolic_rx_task_64_8_8_32_4_4_16_1556958752_s,883,325,3,0,0,,,
mig_mm_k8_r4_c16_m4_w12_l4,mm,migration,subblock,SystolicRx.FWD,,138,35,0,0,0,,,
mig_mm_k8_r4_c16_m4_w12_l4,mm,migration,module,SystolicLoad,systolic_load_task_64_8_8_32_4_2_998446828_1556958752_s,6151,2085,2,0,0,,,
mig_mm_k8_r4_c16_m4_w12_l4,mm,migration,subblock,SystolicLoad.WORDS,,621,323,0,0,0,,,
mig_mm_k8_r4_c16_m4_w12_l4,mm,migration,subblock,SystolicLoad.ELEMS,,2803,843,0,0,0,,,
mig_mm_k8_r4_c16_m4_w12_l4,mm,migration,subblock,SystolicLoad.WORDS1,,618,321,0,0,0,,,
mig_mm_k8_r4_c16_m4_w12_l4,mm,migration,module,SystolicCore,systolic_core_task_8_8_32_4_4_16_4_2_998446828_s,18732,15909,258,0,0,,,
mig_mm_k8_r4_c16_m4_w12_l4,mm,migration,subblock,SystolicCore.LOAD_A,,1081,189,0,0,0,,,
mig_mm_k8_r4_c16_m4_w12_l4,mm,migration,subblock,SystolicCore.LOAD_B,,373,198,0,0,0,,,
mig_mm_k8_r4_c16_m4_w12_l4,mm,migration,subblock,SystolicCore.SWEEP,,10756,13204,256,0,0,,,
mig_mm_k8_r4_c16_m4_w12_l4,mm,migration,module,SystolicStore,systolic_store_task_64_8_8_32_4_2_998446828_1556958752_s,1076,551,1,0,0,,,
mig_mm_k8_r4_c16_m4_w12_l4,mm,migration,subblock,SystolicStore.WORDS,,677,234,0,0,0,,,
mig_mm_k8_r4_c16_m4_w12_l4,mm,migration,module,UnitReplyFramer,unit_reply_task_64_s,351,354,0,0,0,,,
mig_mm_k8_r4_c16_m4_w12_l4,mm,migration,subblock,UnitReplyFramer.PAYLOAD,,138,35,0,0,0,,,
mig_mm_k8_r4_c16_m4_w12_l4,mm,migration,module,MemWStream,mem_w_stream_framed_done_task_64_8_s,1613,2265,0,0,0,,,
mig_mm_k8_r4_c16_m4_w12_l4,mm,migration,subblock,MemWStream.BUFF,,826,642,0,0,0,,,
mig_mm_k8_r4_c16_m4_w12_l4,mm,migration,subblock,MemWStream.S2A,,137,100,0,0,0,,,
mig_mm_k8_r4_c16_m4_w12_l4,mm,migration,subblock,MemWStream.ECHO,,171,98,0,0,0,,,
mig_mm_k8_r4_c16_m4_w12_l4,mm,migration,memory,unit_a_U,,0,0,0,3,0,16,96,2
mig_mm_k8_r4_c16_m4_w12_l4,mm,migration,memory,unit_b_U,,0,0,0,3,0,64,96,2
mig_mm_k8_r4_c16_m4_w12_l4,mm,migration,memory,unit_c_U,,0,0,0,3,0,64,96,2
mig_mm_k8_r4_c16_m4_w12_l4,mm,migration,fifo,m_in_c_U,,0,99,0,0,0,3,64,1
mig_mm_k8_r4_c16_m4_w12_l4,mm,migration,fifo,m_out_c_U,,0,99,0,0,0,9,64,1
mig_mm_k8_r4_c16_m4_w12_l4,mm,migration,fifo,rd_cmd_U,,0,99,0,0,0,2,65,1
mig_mm_k8_r4_c16_m4_w12_l4,mm,migration,fifo,rd_data_U,,0,99,0,0,0,2,65,1
mig_mm_k8_r4_c16_m4_w12_l4,mm,migration,fifo,reply_U,,0,99,0,0,0,2,65,1
mig_mm_k8_r4_c16_m4_w12_l4,mm,migration,fifo,unit_ccmd_U,,0,99,0,0,0,2,64,1
mig_mm_k8_r4_c16_m4_w12_l4,mm,migration,fifo,unit_lcmd_U,,0,99,0,0,0,2,64,1
mig_mm_k8_r4_c16_m4_w12_l4,mm,migration,fifo,unit_pay_U,,0,99,0,0,0,2,65,1
mig_mm_k8_r4_c16_m4_w12_l4,mm,migration,fifo,unit_reply_U,,0,99,0,0,0,2,65,1
mig_mm_k8_r4_c16_m4_w12_l4,mm,migration,fifo,wr_U,,0,99,0,0,0,2,65,1
mig_mm_k8_r4_c16_m4_w12_l4,mm,migration,instance,control_s_axi_U,,296,170,0,0,0,0,0,0
mig_mm_k8_r4_c16_m4_w12_l4,mm,migration,instance,entry_proc_U0,,29,2,0,0,0,0,0,0
mig_mm_k8_r4_c16_m4_w12_l4,mm,migration,instance,gmem0_m_axi_U,,823,725,0,4,0,0,0,0
mig_mm_k8_r4_c16_m4_w12_l4,mm,migration,instance,gmem1_m_axi_U,,811,719,0,4,0,0,0,0
mig_mm_k8_r4_c16_m4_w12_l4,mm,migration,unitemized,unitemized,,669,0,0,0,0,0,0,0
mig_mm_k8_r4_c32_m4_w12_l4,mm,migration,module,UnitReqFramer,unit_req_task_64_s,117,72,0,0,0,,,
mig_mm_k8_r4_c32_m4_w12_l4,mm,migration,module,MemRStream,mem_r_stream_framed_task_64_s,817,502,0,0,0,,,
mig_mm_k8_r4_c32_m4_w12_l4,mm,migration,subblock,MemRStream.RELAY,,157,34,0,0,0,,,
mig_mm_k8_r4_c32_m4_w12_l4,mm,migration,subblock,MemRStream.A2S,,174,102,0,0,0,,,
mig_mm_k8_r4_c32_m4_w12_l4,mm,migration,module,SystolicRx,systolic_rx_task_64_8_8_32_4_4_32_1556958752_s,883,325,3,0,0,,,
mig_mm_k8_r4_c32_m4_w12_l4,mm,migration,subblock,SystolicRx.FWD,,138,35,0,0,0,,,
mig_mm_k8_r4_c32_m4_w12_l4,mm,migration,module,SystolicLoad,systolic_load_task_64_8_8_32_4_2_998446828_1556958752_s,6151,2085,2,0,0,,,
mig_mm_k8_r4_c32_m4_w12_l4,mm,migration,subblock,SystolicLoad.WORDS,,621,323,0,0,0,,,
mig_mm_k8_r4_c32_m4_w12_l4,mm,migration,subblock,SystolicLoad.ELEMS,,2803,843,0,0,0,,,
mig_mm_k8_r4_c32_m4_w12_l4,mm,migration,subblock,SystolicLoad.WORDS1,,618,321,0,0,0,,,
mig_mm_k8_r4_c32_m4_w12_l4,mm,migration,module,SystolicCore,systolic_core_task_8_8_32_4_4_32_4_2_998446828_s,30402,29420,514,0,0,,,
mig_mm_k8_r4_c32_m4_w12_l4,mm,migration,subblock,SystolicCore.LOAD_A,,1081,189,0,0,0,,,
mig_mm_k8_r4_c32_m4_w12_l4,mm,migration,subblock,SystolicCore.LOAD_B,,361,195,0,0,0,,,
mig_mm_k8_r4_c32_m4_w12_l4,mm,migration,subblock,SystolicCore.SWEEP,,20484,26340,512,0,0,,,
mig_mm_k8_r4_c32_m4_w12_l4,mm,migration,module,SystolicStore,systolic_store_task_64_8_8_32_4_2_998446828_1556958752_s,1076,551,1,0,0,,,
mig_mm_k8_r4_c32_m4_w12_l4,mm,migration,subblock,SystolicStore.WORDS,,677,234,0,0,0,,,
mig_mm_k8_r4_c32_m4_w12_l4,mm,migration,module,UnitReplyFramer,unit_reply_task_64_s,351,354,0,0,0,,,
mig_mm_k8_r4_c32_m4_w12_l4,mm,migration,subblock,UnitReplyFramer.PAYLOAD,,138,35,0,0,0,,,
mig_mm_k8_r4_c32_m4_w12_l4,mm,migration,module,MemWStream,mem_w_stream_framed_done_task_64_8_s,1613,2265,0,0,0,,,
mig_mm_k8_r4_c32_m4_w12_l4,mm,migration,subblock,MemWStream.BUFF,,826,642,0,0,0,,,
mig_mm_k8_r4_c32_m4_w12_l4,mm,migration,subblock,MemWStream.S2A,,137,100,0,0,0,,,
mig_mm_k8_r4_c32_m4_w12_l4,mm,migration,subblock,MemWStream.ECHO,,171,98,0,0,0,,,
mig_mm_k8_r4_c32_m4_w12_l4,mm,migration,memory,unit_a_U,,0,0,0,3,0,16,96,2
mig_mm_k8_r4_c32_m4_w12_l4,mm,migration,memory,unit_b_U,,0,0,0,3,0,64,96,2
mig_mm_k8_r4_c32_m4_w12_l4,mm,migration,memory,unit_c_U,,0,0,0,3,0,64,96,2
mig_mm_k8_r4_c32_m4_w12_l4,mm,migration,fifo,m_in_c_U,,0,99,0,0,0,3,64,1
mig_mm_k8_r4_c32_m4_w12_l4,mm,migration,fifo,m_out_c_U,,0,99,0,0,0,9,64,1
mig_mm_k8_r4_c32_m4_w12_l4,mm,migration,fifo,rd_cmd_U,,0,99,0,0,0,2,65,1
mig_mm_k8_r4_c32_m4_w12_l4,mm,migration,fifo,rd_data_U,,0,99,0,0,0,2,65,1
mig_mm_k8_r4_c32_m4_w12_l4,mm,migration,fifo,reply_U,,0,99,0,0,0,2,65,1
mig_mm_k8_r4_c32_m4_w12_l4,mm,migration,fifo,unit_ccmd_U,,0,99,0,0,0,2,64,1
mig_mm_k8_r4_c32_m4_w12_l4,mm,migration,fifo,unit_lcmd_U,,0,99,0,0,0,2,64,1
mig_mm_k8_r4_c32_m4_w12_l4,mm,migration,fifo,unit_pay_U,,0,99,0,0,0,2,65,1
mig_mm_k8_r4_c32_m4_w12_l4,mm,migration,fifo,unit_reply_U,,0,99,0,0,0,2,65,1
mig_mm_k8_r4_c32_m4_w12_l4,mm,migration,fifo,wr_U,,0,99,0,0,0,2,65,1
mig_mm_k8_r4_c32_m4_w12_l4,mm,migration,instance,control_s_axi_U,,296,170,0,0,0,0,0,0
mig_mm_k8_r4_c32_m4_w12_l4,mm,migration,instance,entry_proc_U0,,29,2,0,0,0,0,0,0
mig_mm_k8_r4_c32_m4_w12_l4,mm,migration,instance,gmem0_m_axi_U,,823,725,0,4,0,0,0,0
mig_mm_k8_r4_c32_m4_w12_l4,mm,migration,instance,gmem1_m_axi_U,,811,719,0,4,0,0,0,0
mig_mm_k8_r4_c32_m4_w12_l4,mm,migration,unitemized,unitemized,,669,0,0,0,0,0,0,0
mig_mm_k8_r4_c8_m3_w12_l4,mm,migration,module,UnitReqFramer,unit_req_task_64_s,117,72,0,0,0,,,
mig_mm_k8_r4_c8_m3_w12_l4,mm,migration,module,MemRStream,mem_r_stream_framed_task_64_s,817,502,0,0,0,,,
mig_mm_k8_r4_c8_m3_w12_l4,mm,migration,subblock,MemRStream.RELAY,,157,34,0,0,0,,,
mig_mm_k8_r4_c8_m3_w12_l4,mm,migration,subblock,MemRStream.A2S,,174,102,0,0,0,,,
mig_mm_k8_r4_c8_m3_w12_l4,mm,migration,module,SystolicRx,systolic_rx_task_64_8_8_32_4_4_8_1556958752_s,881,325,3,0,0,,,
mig_mm_k8_r4_c8_m3_w12_l4,mm,migration,subblock,SystolicRx.FWD,,138,35,0,0,0,,,
mig_mm_k8_r4_c8_m3_w12_l4,mm,migration,module,SystolicLoad,systolic_load_task_64_8_8_32_4_2_998446828_1556958752_s,6151,2085,2,0,0,,,
mig_mm_k8_r4_c8_m3_w12_l4,mm,migration,subblock,SystolicLoad.WORDS,,621,323,0,0,0,,,
mig_mm_k8_r4_c8_m3_w12_l4,mm,migration,subblock,SystolicLoad.ELEMS,,2803,843,0,0,0,,,
mig_mm_k8_r4_c8_m3_w12_l4,mm,migration,subblock,SystolicLoad.WORDS1,,618,321,0,0,0,,,
mig_mm_k8_r4_c8_m3_w12_l4,mm,migration,module,SystolicCore,systolic_core_task_8_8_32_4_4_8_3_2_998446828_s,14083,7631,98,0,0,,,
mig_mm_k8_r4_c8_m3_w12_l4,mm,migration,subblock,SystolicCore.LOAD_A,,1081,189,0,0,0,,,
mig_mm_k8_r4_c8_m3_w12_l4,mm,migration,subblock,SystolicCore.LOAD_B,,373,199,0,0,0,,,
mig_mm_k8_r4_c8_m3_w12_l4,mm,migration,subblock,SystolicCore.SWEEP,,6404,5569,96,0,0,,,
mig_mm_k8_r4_c8_m3_w12_l4,mm,migration,module,SystolicStore,systolic_store_task_64_8_8_32_4_2_998446828_1556958752_s,1076,551,1,0,0,,,
mig_mm_k8_r4_c8_m3_w12_l4,mm,migration,subblock,SystolicStore.WORDS,,677,234,0,0,0,,,
mig_mm_k8_r4_c8_m3_w12_l4,mm,migration,module,UnitReplyFramer,unit_reply_task_64_s,351,354,0,0,0,,,
mig_mm_k8_r4_c8_m3_w12_l4,mm,migration,subblock,UnitReplyFramer.PAYLOAD,,138,35,0,0,0,,,
mig_mm_k8_r4_c8_m3_w12_l4,mm,migration,module,MemWStream,mem_w_stream_framed_done_task_64_8_s,1613,2265,0,0,0,,,
mig_mm_k8_r4_c8_m3_w12_l4,mm,migration,subblock,MemWStream.BUFF,,826,642,0,0,0,,,
mig_mm_k8_r4_c8_m3_w12_l4,mm,migration,subblock,MemWStream.S2A,,137,100,0,0,0,,,
mig_mm_k8_r4_c8_m3_w12_l4,mm,migration,subblock,MemWStream.ECHO,,171,98,0,0,0,,,
mig_mm_k8_r4_c8_m3_w12_l4,mm,migration,memory,unit_a_U,,0,0,0,3,0,16,96,2
mig_mm_k8_r4_c8_m3_w12_l4,mm,migration,memory,unit_b_U,,0,0,0,3,0,64,96,2
mig_mm_k8_r4_c8_m3_w12_l4,mm,migration,memory,unit_c_U,,0,0,0,3,0,64,96,2
mig_mm_k8_r4_c8_m3_w12_l4,mm,migration,fifo,m_in_c_U,,0,99,0,0,0,3,64,1
mig_mm_k8_r4_c8_m3_w12_l4,mm,migration,fifo,m_out_c_U,,0,99,0,0,0,9,64,1
mig_mm_k8_r4_c8_m3_w12_l4,mm,migration,fifo,rd_cmd_U,,0,99,0,0,0,2,65,1
mig_mm_k8_r4_c8_m3_w12_l4,mm,migration,fifo,rd_data_U,,0,99,0,0,0,2,65,1
mig_mm_k8_r4_c8_m3_w12_l4,mm,migration,fifo,reply_U,,0,99,0,0,0,2,65,1
mig_mm_k8_r4_c8_m3_w12_l4,mm,migration,fifo,unit_ccmd_U,,0,99,0,0,0,2,64,1
mig_mm_k8_r4_c8_m3_w12_l4,mm,migration,fifo,unit_lcmd_U,,0,99,0,0,0,2,64,1
mig_mm_k8_r4_c8_m3_w12_l4,mm,migration,fifo,unit_pay_U,,0,99,0,0,0,2,65,1
mig_mm_k8_r4_c8_m3_w12_l4,mm,migration,fifo,unit_reply_U,,0,99,0,0,0,2,65,1
mig_mm_k8_r4_c8_m3_w12_l4,mm,migration,fifo,wr_U,,0,99,0,0,0,2,65,1
mig_mm_k8_r4_c8_m3_w12_l4,mm,migration,instance,control_s_axi_U,,296,170,0,0,0,0,0,0
mig_mm_k8_r4_c8_m3_w12_l4,mm,migration,instance,entry_proc_U0,,29,2,0,0,0,0,0,0
mig_mm_k8_r4_c8_m3_w12_l4,mm,migration,instance,gmem0_m_axi_U,,823,725,0,4,0,0,0,0
mig_mm_k8_r4_c8_m3_w12_l4,mm,migration,instance,gmem1_m_axi_U,,811,719,0,4,0,0,0,0
mig_mm_k8_r4_c8_m3_w12_l4,mm,migration,unitemized,unitemized,,669,0,0,0,0,0,0,0
mig_mm_k8_r4_c8_m4_w8_l4,mm,migration,module,UnitReqFramer,unit_req_task_64_s,117,72,0,0,0,,,
mig_mm_k8_r4_c8_m4_w8_l4,mm,migration,module,MemRStream,mem_r_stream_framed_task_64_s,817,502,0,0,0,,,
mig_mm_k8_r4_c8_m4_w8_l4,mm,migration,subblock,MemRStream.RELAY,,157,34,0,0,0,,,
mig_mm_k8_r4_c8_m4_w8_l4,mm,migration,subblock,MemRStream.A2S,,174,102,0,0,0,,,
mig_mm_k8_r4_c8_m4_w8_l4,mm,migration,module,SystolicRx,systolic_rx_task_64_8_8_32_4_4_8_34212151_s,881,325,3,0,0,,,
mig_mm_k8_r4_c8_m4_w8_l4,mm,migration,subblock,SystolicRx.FWD,,138,35,0,0,0,,,
mig_mm_k8_r4_c8_m4_w8_l4,mm,migration,module,SystolicLoad,systolic_load_task_64_8_8_32_4_2_669609_34212151_s,4581,1672,2,0,0,,,
mig_mm_k8_r4_c8_m4_w8_l4,mm,migration,subblock,SystolicLoad.WORDS,,581,275,0,0,0,,,
mig_mm_k8_r4_c8_m4_w8_l4,mm,migration,subblock,SystolicLoad.ELEMS,,1983,538,0,0,0,,,
mig_mm_k8_r4_c8_m4_w8_l4,mm,migration,subblock,SystolicLoad.WORDS1,,578,273,0,0,0,,,
mig_mm_k8_r4_c8_m4_w8_l4,mm,migration,module,SystolicCore,systolic_core_task_8_8_32_4_4_8_4_2_669609_s,15079,6604,66,0,0,,,
mig_mm_k8_r4_c8_m4_w8_l4,mm,migration,subblock,SystolicCore.LOAD_A,,1081,189,0,0,0,,,
mig_mm_k8_r4_c8_m4_w8_l4,mm,migration,subblock,SystolicCore.LOAD_B,,373,199,0,0,0,,,
mig_mm_k8_r4_c8_m4_w8_l4,mm,migration,subblock,SystolicCore.SWEEP,,7868,4946,64,0,0,,,
mig_mm_k8_r4_c8_m4_w8_l4,mm,migration,module,SystolicStore,systolic_store_task_64_8_8_32_4_2_669609_34212151_s,1037,519,1,0,0,,,
mig_mm_k8_r4_c8_m4_w8_l4,mm,migration,subblock,SystolicStore.WORDS,,638,202,0,0,0,,,
mig_mm_k8_r4_c8_m4_w8_l4,mm,migration,module,UnitReplyFramer,unit_reply_task_64_s,351,354,0,0,0,,,
mig_mm_k8_r4_c8_m4_w8_l4,mm,migration,subblock,UnitReplyFramer.PAYLOAD,,138,35,0,0,0,,,
mig_mm_k8_r4_c8_m4_w8_l4,mm,migration,module,MemWStream,mem_w_stream_framed_done_task_64_8_s,1613,2265,0,0,0,,,
mig_mm_k8_r4_c8_m4_w8_l4,mm,migration,subblock,MemWStream.BUFF,,826,642,0,0,0,,,
mig_mm_k8_r4_c8_m4_w8_l4,mm,migration,subblock,MemWStream.S2A,,137,100,0,0,0,,,
mig_mm_k8_r4_c8_m4_w8_l4,mm,migration,subblock,MemWStream.ECHO,,171,98,0,0,0,,,
mig_mm_k8_r4_c8_m4_w8_l4,mm,migration,memory,unit_a_U,,0,0,0,2,0,16,64,2
mig_mm_k8_r4_c8_m4_w8_l4,mm,migration,memory,unit_b_U,,0,0,0,2,0,64,64,2
mig_mm_k8_r4_c8_m4_w8_l4,mm,migration,memory,unit_c_U,,0,0,0,2,0,64,64,2
mig_mm_k8_r4_c8_m4_w8_l4,mm,migration,fifo,m_in_c_U,,0,99,0,0,0,3,64,1
mig_mm_k8_r4_c8_m4_w8_l4,mm,migration,fifo,m_out_c_U,,0,99,0,0,0,9,64,1
mig_mm_k8_r4_c8_m4_w8_l4,mm,migration,fifo,rd_cmd_U,,0,99,0,0,0,2,65,1
mig_mm_k8_r4_c8_m4_w8_l4,mm,migration,fifo,rd_data_U,,0,99,0,0,0,2,65,1
mig_mm_k8_r4_c8_m4_w8_l4,mm,migration,fifo,reply_U,,0,99,0,0,0,2,65,1
mig_mm_k8_r4_c8_m4_w8_l4,mm,migration,fifo,unit_ccmd_U,,0,99,0,0,0,2,64,1
mig_mm_k8_r4_c8_m4_w8_l4,mm,migration,fifo,unit_lcmd_U,,0,99,0,0,0,2,64,1
mig_mm_k8_r4_c8_m4_w8_l4,mm,migration,fifo,unit_pay_U,,0,99,0,0,0,2,65,1
mig_mm_k8_r4_c8_m4_w8_l4,mm,migration,fifo,unit_reply_U,,0,99,0,0,0,2,65,1
mig_mm_k8_r4_c8_m4_w8_l4,mm,migration,fifo,wr_U,,0,99,0,0,0,2,65,1
mig_mm_k8_r4_c8_m4_w8_l4,mm,migration,instance,control_s_axi_U,,296,170,0,0,0,0,0,0
mig_mm_k8_r4_c8_m4_w8_l4,mm,migration,instance,entry_proc_U0,,29,2,0,0,0,0,0,0
mig_mm_k8_r4_c8_m4_w8_l4,mm,migration,instance,gmem0_m_axi_U,,823,725,0,4,0,0,0,0
mig_mm_k8_r4_c8_m4_w8_l4,mm,migration,instance,gmem1_m_axi_U,,811,719,0,4,0,0,0,0
mig_mm_k8_r4_c8_m4_w8_l4,mm,migration,unitemized,unitemized,,669,0,0,0,0,0,0,0
mig_mm_k8_r4_c8_m4_w10_l4,mm,migration,module,UnitReqFramer,unit_req_task_64_s,117,72,0,0,0,,,
mig_mm_k8_r4_c8_m4_w10_l4,mm,migration,module,MemRStream,mem_r_stream_framed_task_64_s,817,502,0,0,0,,,
mig_mm_k8_r4_c8_m4_w10_l4,mm,migration,subblock,MemRStream.RELAY,,157,34,0,0,0,,,
mig_mm_k8_r4_c8_m4_w10_l4,mm,migration,subblock,MemRStream.A2S,,174,102,0,0,0,,,
mig_mm_k8_r4_c8_m4_w10_l4,mm,migration,module,SystolicRx,systolic_rx_task_64_8_8_32_4_4_8_1284519423_s,881,325,3,0,0,,,
mig_mm_k8_r4_c8_m4_w10_l4,mm,migration,subblock,SystolicRx.FWD,,138,35,0,0,0,,,
mig_mm_k8_r4_c8_m4_w10_l4,mm,migration,module,SystolicLoad,systolic_load_task_64_8_8_32_4_2_1017618835_1284519423_s,5451,2085,2,0,0,,,
mig_mm_k8_r4_c8_m4_w10_l4,mm,migration,subblock,SystolicLoad.WORDS,,605,299,0,0,0,,,
mig_mm_k8_r4_c8_m4_w10_l4,mm,migration,subblock,SystolicLoad.ELEMS,,2423,761,0,0,0,,,
mig_mm_k8_r4_c8_m4_w10_l4,mm,migration,subblock,SystolicLoad.WORDS1,,602,297,0,0,0,,,
mig_mm_k8_r4_c8_m4_w10_l4,mm,migration,module,SystolicCore,systolic_core_task_8_8_32_4_4_8_4_2_1017618835_s,14915,7780,98,0,0,,,
mig_mm_k8_r4_c8_m4_w10_l4,mm,migration,subblock,SystolicCore.LOAD_A,,1081,189,0,0,0,,,
mig_mm_k8_r4_c8_m4_w10_l4,mm,migration,subblock,SystolicCore.LOAD_B,,373,199,0,0,0,,,
mig_mm_k8_r4_c8_m4_w10_l4,mm,migration,subblock,SystolicCore.SWEEP,,7452,5930,96,0,0,,,
mig_mm_k8_r4_c8_m4_w10_l4,mm,migration,module,SystolicStore,systolic_store_task_64_8_8_32_4_2_1017618835_1284519423_s,1060,535,1,0,0,,,
mig_mm_k8_r4_c8_m4_w10_l4,mm,migration,subblock,SystolicStore.WORDS,,661,218,0,0,0,,,
mig_mm_k8_r4_c8_m4_w10_l4,mm,migration,module,UnitReplyFramer,unit_reply_task_64_s,351,354,0,0,0,,,
mig_mm_k8_r4_c8_m4_w10_l4,mm,migration,subblock,UnitReplyFramer.PAYLOAD,,138,35,0,0,0,,,
mig_mm_k8_r4_c8_m4_w10_l4,mm,migration,module,MemWStream,mem_w_stream_framed_done_task_64_8_s,1613,2265,0,0,0,,,
mig_mm_k8_r4_c8_m4_w10_l4,mm,migration,subblock,MemWStream.BUFF,,826,642,0,0,0,,,
mig_mm_k8_r4_c8_m4_w10_l4,mm,migration,subblock,MemWStream.S2A,,137,100,0,0,0,,,
mig_mm_k8_r4_c8_m4_w10_l4,mm,migration,subblock,MemWStream.ECHO,,171,98,0,0,0,,,
mig_mm_k8_r4_c8_m4_w10_l4,mm,migration,memory,unit_a_U,,0,0,0,3,0,16,80,2
mig_mm_k8_r4_c8_m4_w10_l4,mm,migration,memory,unit_b_U,,0,0,0,3,0,64,80,2
mig_mm_k8_r4_c8_m4_w10_l4,mm,migration,memory,unit_c_U,,0,0,0,3,0,64,80,2
mig_mm_k8_r4_c8_m4_w10_l4,mm,migration,fifo,m_in_c_U,,0,99,0,0,0,3,64,1
mig_mm_k8_r4_c8_m4_w10_l4,mm,migration,fifo,m_out_c_U,,0,99,0,0,0,9,64,1
mig_mm_k8_r4_c8_m4_w10_l4,mm,migration,fifo,rd_cmd_U,,0,99,0,0,0,2,65,1
mig_mm_k8_r4_c8_m4_w10_l4,mm,migration,fifo,rd_data_U,,0,99,0,0,0,2,65,1
mig_mm_k8_r4_c8_m4_w10_l4,mm,migration,fifo,reply_U,,0,99,0,0,0,2,65,1
mig_mm_k8_r4_c8_m4_w10_l4,mm,migration,fifo,unit_ccmd_U,,0,99,0,0,0,2,64,1
mig_mm_k8_r4_c8_m4_w10_l4,mm,migration,fifo,unit_lcmd_U,,0,99,0,0,0,2,64,1
mig_mm_k8_r4_c8_m4_w10_l4,mm,migration,fifo,unit_pay_U,,0,99,0,0,0,2,65,1
mig_mm_k8_r4_c8_m4_w10_l4,mm,migration,fifo,unit_reply_U,,0,99,0,0,0,2,65,1
mig_mm_k8_r4_c8_m4_w10_l4,mm,migration,fifo,wr_U,,0,99,0,0,0,2,65,1
mig_mm_k8_r4_c8_m4_w10_l4,mm,migration,instance,control_s_axi_U,,296,170,0,0,0,0,0,0
mig_mm_k8_r4_c8_m4_w10_l4,mm,migration,instance,entry_proc_U0,,29,2,0,0,0,0,0,0
mig_mm_k8_r4_c8_m4_w10_l4,mm,migration,instance,gmem0_m_axi_U,,823,725,0,4,0,0,0,0
mig_mm_k8_r4_c8_m4_w10_l4,mm,migration,instance,gmem1_m_axi_U,,811,719,0,4,0,0,0,0
mig_mm_k8_r4_c8_m4_w10_l4,mm,migration,unitemized,unitemized,,669,0,0,0,0,0,0,0
mig_mm_k8_r4_c8_m4_w14_l4,mm,migration,module,UnitReqFramer,unit_req_task_64_s,117,72,0,0,0,,,
mig_mm_k8_r4_c8_m4_w14_l4,mm,migration,module,MemRStream,mem_r_stream_framed_task_64_s,817,502,0,0,0,,,
mig_mm_k8_r4_c8_m4_w14_l4,mm,migration,subblock,MemRStream.RELAY,,157,34,0,0,0,,,
mig_mm_k8_r4_c8_m4_w14_l4,mm,migration,subblock,MemRStream.A2S,,174,102,0,0,0,,,
mig_mm_k8_r4_c8_m4_w14_l4,mm,migration,module,SystolicRx,systolic_rx_task_64_8_8_32_4_4_8_928760832_s,881,325,3,0,0,,,
mig_mm_k8_r4_c8_m4_w14_l4,mm,migration,subblock,SystolicRx.FWD,,138,35,0,0,0,,,
mig_mm_k8_r4_c8_m4_w14_l4,mm,migration,module,SystolicLoad,systolic_load_task_64_8_8_32_4_2_2087660358_928760832_s,6799,2471,2,0,0,,,
mig_mm_k8_r4_c8_m4_w14_l4,mm,migration,subblock,SystolicLoad.WORDS,,653,343,0,0,0,,,
mig_mm_k8_r4_c8_m4_w14_l4,mm,migration,subblock,SystolicLoad.ELEMS,,3147,931,0,0,0,,,
mig_mm_k8_r4_c8_m4_w14_l4,mm,migration,subblock,SystolicLoad.WORDS1,,650,341,0,0,0,,,
mig_mm_k8_r4_c8_m4_w14_l4,mm,migration,module,SystolicCore,systolic_core_task_8_8_32_4_4_8_4_2_2087660358_s,13927,9831,130,0,0,,,
mig_mm_k8_r4_c8_m4_w14_l4,mm,migration,subblock,SystolicCore.LOAD_A,,1081,189,0,0,0,,,
mig_mm_k8_r4_c8_m4_w14_l4,mm,migration,subblock,SystolicCore.LOAD_B,,373,199,0,0,0,,,
mig_mm_k8_r4_c8_m4_w14_l4,mm,migration,subblock,SystolicCore.SWEEP,,6044,7585,128,0,0,,,
mig_mm_k8_r4_c8_m4_w14_l4,mm,migration,module,SystolicStore,systolic_store_task_64_8_8_32_4_2_2087660358_928760832_s,1096,567,1,0,0,,,
mig_mm_k8_r4_c8_m4_w14_l4,mm,migration,subblock,SystolicStore.WORDS,,697,250,0,0,0,,,
mig_mm_k8_r4_c8_m4_w14_l4,mm,migration,module,UnitReplyFramer,unit_reply_task_64_s,351,354,0,0,0,,,
mig_mm_k8_r4_c8_m4_w14_l4,mm,migration,subblock,UnitReplyFramer.PAYLOAD,,138,35,0,0,0,,,
mig_mm_k8_r4_c8_m4_w14_l4,mm,migration,module,MemWStream,mem_w_stream_framed_done_task_64_8_s,1613,2265,0,0,0,,,
mig_mm_k8_r4_c8_m4_w14_l4,mm,migration,subblock,MemWStream.BUFF,,826,642,0,0,0,,,
mig_mm_k8_r4_c8_m4_w14_l4,mm,migration,subblock,MemWStream.S2A,,137,100,0,0,0,,,
mig_mm_k8_r4_c8_m4_w14_l4,mm,migration,subblock,MemWStream.ECHO,,171,98,0,0,0,,,
mig_mm_k8_r4_c8_m4_w14_l4,mm,migration,memory,unit_a_U,,0,0,0,4,0,16,112,2
mig_mm_k8_r4_c8_m4_w14_l4,mm,migration,memory,unit_b_U,,0,0,0,4,0,64,112,2
mig_mm_k8_r4_c8_m4_w14_l4,mm,migration,memory,unit_c_U,,0,0,0,4,0,64,112,2
mig_mm_k8_r4_c8_m4_w14_l4,mm,migration,fifo,m_in_c_U,,0,99,0,0,0,3,64,1
mig_mm_k8_r4_c8_m4_w14_l4,mm,migration,fifo,m_out_c_U,,0,99,0,0,0,9,64,1
mig_mm_k8_r4_c8_m4_w14_l4,mm,migration,fifo,rd_cmd_U,,0,99,0,0,0,2,65,1
mig_mm_k8_r4_c8_m4_w14_l4,mm,migration,fifo,rd_data_U,,0,99,0,0,0,2,65,1
mig_mm_k8_r4_c8_m4_w14_l4,mm,migration,fifo,reply_U,,0,99,0,0,0,2,65,1
mig_mm_k8_r4_c8_m4_w14_l4,mm,migration,fifo,unit_ccmd_U,,0,99,0,0,0,2,64,1
mig_mm_k8_r4_c8_m4_w14_l4,mm,migration,fifo,unit_lcmd_U,,0,99,0,0,0,2,64,1
mig_mm_k8_r4_c8_m4_w14_l4,mm,migration,fifo,unit_pay_U,,0,99,0,0,0,2,65,1
mig_mm_k8_r4_c8_m4_w14_l4,mm,migration,fifo,unit_reply_U,,0,99,0,0,0,2,65,1
mig_mm_k8_r4_c8_m4_w14_l4,mm,migration,fifo,wr_U,,0,99,0,0,0,2,65,1
mig_mm_k8_r4_c8_m4_w14_l4,mm,migration,instance,control_s_axi_U,,296,170,0,0,0,0,0,0
mig_mm_k8_r4_c8_m4_w14_l4,mm,migration,instance,entry_proc_U0,,29,2,0,0,0,0,0,0
mig_mm_k8_r4_c8_m4_w14_l4,mm,migration,instance,gmem0_m_axi_U,,823,725,0,4,0,0,0,0
mig_mm_k8_r4_c8_m4_w14_l4,mm,migration,instance,gmem1_m_axi_U,,811,719,0,4,0,0,0,0
mig_mm_k8_r4_c8_m4_w14_l4,mm,migration,unitemized,unitemized,,669,0,0,0,0,0,0,0
mig_mm_k8_r4_c8_m4_w16_l4,mm,migration,module,UnitReqFramer,unit_req_task_64_s,117,72,0,0,0,,,
mig_mm_k8_r4_c8_m4_w16_l4,mm,migration,module,MemRStream,mem_r_stream_framed_task_64_s,817,502,0,0,0,,,
mig_mm_k8_r4_c8_m4_w16_l4,mm,migration,subblock,MemRStream.RELAY,,157,34,0,0,0,,,
mig_mm_k8_r4_c8_m4_w16_l4,mm,migration,subblock,MemRStream.A2S,,174,102,0,0,0,,,
mig_mm_k8_r4_c8_m4_w16_l4,mm,migration,module,SystolicRx,systolic_rx_task_64_8_8_32_4_4_8_654753759_s,881,325,3,0,0,,,
mig_mm_k8_r4_c8_m4_w16_l4,mm,migration,subblock,SystolicRx.FWD,,138,35,0,0,0,,,
mig_mm_k8_r4_c8_m4_w16_l4,mm,migration,module,SystolicLoad,systolic_load_task_64_8_8_32_4_2_1589220687_654753759_s,6730,2386,2,0,0,,,
mig_mm_k8_r4_c8_m4_w16_l4,mm,migration,subblock,SystolicLoad.WORDS,,463,361,0,0,0,,,
mig_mm_k8_r4_c8_m4_w16_l4,mm,migration,subblock,SystolicLoad.ELEMS,,3308,956,0,0,0,,,
mig_mm_k8_r4_c8_m4_w16_l4,mm,migration,subblock,SystolicLoad.WORDS1,,460,359,0,0,0,,,
mig_mm_k8_r4_c8_m4_w16_l4,mm,migration,module,SystolicCore,systolic_core_task_8_8_32_4_4_8_4_2_1589220687_s,14391,11031,130,0,0,,,
mig_mm_k8_r4_c8_m4_w16_l4,mm,migration,subblock,SystolicCore.LOAD_A,,1081,189,0,0,0,,,
mig_mm_k8_r4_c8_m4_w16_l4,mm,migration,subblock,SystolicCore.LOAD_B,,373,199,0,0,0,,,
mig_mm_k8_r4_c8_m4_w16_l4,mm,migration,subblock,SystolicCore.SWEEP,,6364,8585,128,0,0,,,
mig_mm_k8_r4_c8_m4_w16_l4,mm,migration,module,SystolicStore,systolic_store_task_64_8_8_32_4_2_1589220687_654753759_s,1112,583,1,0,0,,,
mig_mm_k8_r4_c8_m4_w16_l4,mm,migration,subblock,SystolicStore.WORDS,,713,266,0,0,0,,,
mig_mm_k8_r4_c8_m4_w16_l4,mm,migration,module,UnitReplyFramer,unit_reply_task_64_s,351,354,0,0,0,,,
mig_mm_k8_r4_c8_m4_w16_l4,mm,migration,subblock,UnitReplyFramer.PAYLOAD,,138,35,0,0,0,,,
mig_mm_k8_r4_c8_m4_w16_l4,mm,migration,module,MemWStream,mem_w_stream_framed_done_task_64_8_s,1613,2265,0,0,0,,,
mig_mm_k8_r4_c8_m4_w16_l4,mm,migration,subblock,MemWStream.BUFF,,826,642,0,0,0,,,
mig_mm_k8_r4_c8_m4_w16_l4,mm,migration,subblock,MemWStream.S2A,,137,100,0,0,0,,,
mig_mm_k8_r4_c8_m4_w16_l4,mm,migration,subblock,MemWStream.ECHO,,171,98,0,0,0,,,
mig_mm_k8_r4_c8_m4_w16_l4,mm,migration,memory,unit_a_U,,0,0,0,4,0,16,128,2
mig_mm_k8_r4_c8_m4_w16_l4,mm,migration,memory,unit_b_U,,0,0,0,4,0,64,128,2
mig_mm_k8_r4_c8_m4_w16_l4,mm,migration,memory,unit_c_U,,0,0,0,4,0,64,128,2
mig_mm_k8_r4_c8_m4_w16_l4,mm,migration,fifo,m_in_c_U,,0,99,0,0,0,3,64,1
mig_mm_k8_r4_c8_m4_w16_l4,mm,migration,fifo,m_out_c_U,,0,99,0,0,0,9,64,1
mig_mm_k8_r4_c8_m4_w16_l4,mm,migration,fifo,rd_cmd_U,,0,99,0,0,0,2,65,1
mig_mm_k8_r4_c8_m4_w16_l4,mm,migration,fifo,rd_data_U,,0,99,0,0,0,2,65,1
mig_mm_k8_r4_c8_m4_w16_l4,mm,migration,fifo,reply_U,,0,99,0,0,0,2,65,1
mig_mm_k8_r4_c8_m4_w16_l4,mm,migration,fifo,unit_ccmd_U,,0,99,0,0,0,2,64,1
mig_mm_k8_r4_c8_m4_w16_l4,mm,migration,fifo,unit_lcmd_U,,0,99,0,0,0,2,64,1
mig_mm_k8_r4_c8_m4_w16_l4,mm,migration,fifo,unit_pay_U,,0,99,0,0,0,2,65,1
mig_mm_k8_r4_c8_m4_w16_l4,mm,migration,fifo,unit_reply_U,,0,99,0,0,0,2,65,1
mig_mm_k8_r4_c8_m4_w16_l4,mm,migration,fifo,wr_U,,0,99,0,0,0,2,65,1
mig_mm_k8_r4_c8_m4_w16_l4,mm,migration,instance,control_s_axi_U,,296,170,0,0,0,0,0,0
mig_mm_k8_r4_c8_m4_w16_l4,mm,migration,instance,entry_proc_U0,,29,2,0,0,0,0,0,0
mig_mm_k8_r4_c8_m4_w16_l4,mm,migration,instance,gmem0_m_axi_U,,823,725,0,4,0,0,0,0
mig_mm_k8_r4_c8_m4_w16_l4,mm,migration,instance,gmem1_m_axi_U,,811,719,0,4,0,0,0,0
mig_mm_k8_r4_c8_m4_w16_l4,mm,migration,unitemized,unitemized,,669,0,0,0,0,0,0,0
mig_mm_k8_r4_c8_m4_w12_l1,mm,migration,module,UnitReqFramer,unit_req_task_64_s,117,72,0,0,0,,,
mig_mm_k8_r4_c8_m4_w12_l1,mm,migration,module,MemRStream,mem_r_stream_framed_task_64_s,817,502,0,0,0,,,
mig_mm_k8_r4_c8_m4_w12_l1,mm,migration,subblock,MemRStream.RELAY,,157,34,0,0,0,,,
mig_mm_k8_r4_c8_m4_w12_l1,mm,migration,subblock,MemRStream.A2S,,174,102,0,0,0,,,
mig_mm_k8_r4_c8_m4_w12_l1,mm,migration,module,SystolicRx,systolic_rx_task_64_8_8_32_1_4_8_1556958752_s,816,324,3,0,0,,,
mig_mm_k8_r4_c8_m4_w12_l1,mm,migration,subblock,SystolicRx.FWD,,138,35,0,0,0,,,
mig_mm_k8_r4_c8_m4_w12_l1,mm,migration,module,SystolicLoad,systolic_load_task_64_8_8_32_1_2_998446828_1556958752_s,2005,919,2,0,0,,,
mig_mm_k8_r4_c8_m4_w12_l1,mm,migration,subblock,SystolicLoad.WORDS_G,,447,139,0,0,0,,,
mig_mm_k8_r4_c8_m4_w12_l1,mm,migration,subblock,SystolicLoad.ELEMS,,727,371,0,0,0,,,
mig_mm_k8_r4_c8_m4_w12_l1,mm,migration,subblock,SystolicLoad.WORDS_G1,,444,141,0,0,0,,,
mig_mm_k8_r4_c8_m4_w12_l1,mm,migration,module,SystolicCore,systolic_core_task_8_8_32_1_4_8_4_2_998446828_s,9436,7935,130,0,0,,,
mig_mm_k8_r4_c8_m4_w12_l1,mm,migration,subblock,SystolicCore.LOAD_A,,1007,180,0,0,0,,,
mig_mm_k8_r4_c8_m4_w12_l1,mm,migration,subblock,SystolicCore.LOAD_B,,376,200,0,0,0,,,
mig_mm_k8_r4_c8_m4_w12_l1,mm,migration,subblock,SystolicCore.SWEEP,,5287,6474,128,0,0,,,
mig_mm_k8_r4_c8_m4_w12_l1,mm,migration,module,SystolicStore,systolic_store_task_64_8_8_32_1_2_998446828_1556958752_s,873,440,1,0,0,,,
mig_mm_k8_r4_c8_m4_w12_l1,mm,migration,subblock,SystolicStore.WORDS_G,,465,123,0,0,0,,,
mig_mm_k8_r4_c8_m4_w12_l1,mm,migration,module,UnitReplyFramer,unit_reply_task_64_s,351,354,0,0,0,,,
mig_mm_k8_r4_c8_m4_w12_l1,mm,migration,subblock,UnitReplyFramer.PAYLOAD,,138,35,0,0,0,,,
mig_mm_k8_r4_c8_m4_w12_l1,mm,migration,module,MemWStream,mem_w_stream_framed_done_task_64_8_s,1613,2265,0,0,0,,,
mig_mm_k8_r4_c8_m4_w12_l1,mm,migration,subblock,MemWStream.BUFF,,826,642,0,0,0,,,
mig_mm_k8_r4_c8_m4_w12_l1,mm,migration,subblock,MemWStream.S2A,,137,100,0,0,0,,,
mig_mm_k8_r4_c8_m4_w12_l1,mm,migration,subblock,MemWStream.ECHO,,171,98,0,0,0,,,
mig_mm_k8_r4_c8_m4_w12_l1,mm,migration,memory,unit_a_U,,0,0,0,4,0,64,24,2
mig_mm_k8_r4_c8_m4_w12_l1,mm,migration,memory,unit_b_U,,0,0,0,4,0,256,24,2
mig_mm_k8_r4_c8_m4_w12_l1,mm,migration,memory,unit_c_U,,0,0,0,4,0,256,24,2
mig_mm_k8_r4_c8_m4_w12_l1,mm,migration,fifo,m_in_c_U,,0,99,0,0,0,3,64,1
mig_mm_k8_r4_c8_m4_w12_l1,mm,migration,fifo,m_out_c_U,,0,99,0,0,0,9,64,1
mig_mm_k8_r4_c8_m4_w12_l1,mm,migration,fifo,rd_cmd_U,,0,99,0,0,0,2,65,1
mig_mm_k8_r4_c8_m4_w12_l1,mm,migration,fifo,rd_data_U,,0,99,0,0,0,2,65,1
mig_mm_k8_r4_c8_m4_w12_l1,mm,migration,fifo,reply_U,,0,99,0,0,0,2,65,1
mig_mm_k8_r4_c8_m4_w12_l1,mm,migration,fifo,unit_ccmd_U,,0,99,0,0,0,2,64,1
mig_mm_k8_r4_c8_m4_w12_l1,mm,migration,fifo,unit_lcmd_U,,0,99,0,0,0,2,64,1
mig_mm_k8_r4_c8_m4_w12_l1,mm,migration,fifo,unit_pay_U,,0,99,0,0,0,2,65,1
mig_mm_k8_r4_c8_m4_w12_l1,mm,migration,fifo,unit_reply_U,,0,99,0,0,0,2,65,1
mig_mm_k8_r4_c8_m4_w12_l1,mm,migration,fifo,wr_U,,0,99,0,0,0,2,65,1
mig_mm_k8_r4_c8_m4_w12_l1,mm,migration,instance,control_s_axi_U,,296,170,0,0,0,0,0,0
mig_mm_k8_r4_c8_m4_w12_l1,mm,migration,instance,entry_proc_U0,,29,2,0,0,0,0,0,0
mig_mm_k8_r4_c8_m4_w12_l1,mm,migration,instance,gmem0_m_axi_U,,823,725,0,4,0,0,0,0
mig_mm_k8_r4_c8_m4_w12_l1,mm,migration,instance,gmem1_m_axi_U,,811,719,0,4,0,0,0,0
mig_mm_k8_r4_c8_m4_w12_l1,mm,migration,unitemized,unitemized,,669,0,0,0,0,0,0,0
mig_mm_k8_r4_c8_m4_w12_l8,mm,migration,module,UnitReqFramer,unit_req_task_64_s,117,72,0,0,0,,,
mig_mm_k8_r4_c8_m4_w12_l8,mm,migration,module,MemRStream,mem_r_stream_framed_task_64_s,817,502,0,0,0,,,
mig_mm_k8_r4_c8_m4_w12_l8,mm,migration,subblock,MemRStream.RELAY,,157,34,0,0,0,,,
mig_mm_k8_r4_c8_m4_w12_l8,mm,migration,subblock,MemRStream.A2S,,174,102,0,0,0,,,
mig_mm_k8_r4_c8_m4_w12_l8,mm,migration,module,SystolicRx,systolic_rx_task_64_8_8_32_8_4_8_1556958752_s,884,325,3,0,0,,,
mig_mm_k8_r4_c8_m4_w12_l8,mm,migration,subblock,SystolicRx.FWD,,138,35,0,0,0,,,
mig_mm_k8_r4_c8_m4_w12_l8,mm,migration,module,SystolicLoad,systolic_load_task_64_8_8_32_8_2_998446828_1556958752_s,9965,3362,2,0,0,,,
mig_mm_k8_r4_c8_m4_w12_l8,mm,migration,subblock,SystolicLoad.WORDS,,621,419,0,0,0,,,
mig_mm_k8_r4_c8_m4_w12_l8,mm,migration,subblock,SystolicLoad.ELEMS,,4959,1354,0,0,0,,,
mig_mm_k8_r4_c8_m4_w12_l8,mm,migration,subblock,SystolicLoad.WORDS1,,618,417,0,0,0,,,
mig_mm_k8_r4_c8_m4_w12_l8,mm,migration,module,SystolicCore,systolic_core_task_8_8_32_8_4_8_4_2_998446828_s,12978,9548,130,0,0,,,
mig_mm_k8_r4_c8_m4_w12_l8,mm,migration,subblock,SystolicCore.LOAD_A,,2487,1652,0,0,0,,,
mig_mm_k8_r4_c8_m4_w12_l8,mm,migration,subblock,SystolicCore.LOAD_B,,321,134,0,0,0,,,
mig_mm_k8_r4_c8_m4_w12_l8,mm,migration,subblock,SystolicCore.SWEEP,,6015,6522,128,0,0,,,
mig_mm_k8_r4_c8_m4_w12_l8,mm,migration,subblock,SystolicCore.OUT_C,,2817,626,0,0,0,,,
mig_mm_k8_r4_c8_m4_w12_l8,mm,migration,module,SystolicStore,systolic_store_task_64_8_8_32_8_2_998446828_1556958752_s,1155,647,1,0,0,,,
mig_mm_k8_r4_c8_m4_w12_l8,mm,migration,subblock,SystolicStore.WORDS,,756,330,0,0,0,,,
mig_mm_k8_r4_c8_m4_w12_l8,mm,migration,module,UnitReplyFramer,unit_reply_task_64_s,351,354,0,0,0,,,
mig_mm_k8_r4_c8_m4_w12_l8,mm,migration,subblock,UnitReplyFramer.PAYLOAD,,138,35,0,0,0,,,
mig_mm_k8_r4_c8_m4_w12_l8,mm,migration,module,MemWStream,mem_w_stream_framed_done_task_64_8_s,1613,2265,0,0,0,,,
mig_mm_k8_r4_c8_m4_w12_l8,mm,migration,subblock,MemWStream.BUFF,,826,642,0,0,0,,,
mig_mm_k8_r4_c8_m4_w12_l8,mm,migration,subblock,MemWStream.S2A,,137,100,0,0,0,,,
mig_mm_k8_r4_c8_m4_w12_l8,mm,migration,subblock,MemWStream.ECHO,,171,98,0,0,0,,,
mig_mm_k8_r4_c8_m4_w12_l8,mm,migration,memory,unit_a_U,,0,0,0,6,0,8,192,2
mig_mm_k8_r4_c8_m4_w12_l8,mm,migration,memory,unit_b_U,,0,0,0,6,0,32,192,2
mig_mm_k8_r4_c8_m4_w12_l8,mm,migration,memory,unit_c_U,,0,0,0,6,0,32,192,2
mig_mm_k8_r4_c8_m4_w12_l8,mm,migration,fifo,m_in_c_U,,0,99,0,0,0,3,64,1
mig_mm_k8_r4_c8_m4_w12_l8,mm,migration,fifo,m_out_c_U,,0,99,0,0,0,9,64,1
mig_mm_k8_r4_c8_m4_w12_l8,mm,migration,fifo,rd_cmd_U,,0,99,0,0,0,2,65,1
mig_mm_k8_r4_c8_m4_w12_l8,mm,migration,fifo,rd_data_U,,0,99,0,0,0,2,65,1
mig_mm_k8_r4_c8_m4_w12_l8,mm,migration,fifo,reply_U,,0,99,0,0,0,2,65,1
mig_mm_k8_r4_c8_m4_w12_l8,mm,migration,fifo,unit_ccmd_U,,0,99,0,0,0,2,64,1
mig_mm_k8_r4_c8_m4_w12_l8,mm,migration,fifo,unit_lcmd_U,,0,99,0,0,0,2,64,1
mig_mm_k8_r4_c8_m4_w12_l8,mm,migration,fifo,unit_pay_U,,0,99,0,0,0,2,65,1
mig_mm_k8_r4_c8_m4_w12_l8,mm,migration,fifo,unit_reply_U,,0,99,0,0,0,2,65,1
mig_mm_k8_r4_c8_m4_w12_l8,mm,migration,fifo,wr_U,,0,99,0,0,0,2,65,1
mig_mm_k8_r4_c8_m4_w12_l8,mm,migration,instance,control_s_axi_U,,296,170,0,0,0,0,0,0
mig_mm_k8_r4_c8_m4_w12_l8,mm,migration,instance,entry_proc_U0,,29,2,0,0,0,0,0,0
mig_mm_k8_r4_c8_m4_w12_l8,mm,migration,instance,gmem0_m_axi_U,,823,725,0,4,0,0,0,0
mig_mm_k8_r4_c8_m4_w12_l8,mm,migration,instance,gmem1_m_axi_U,,811,719,0,4,0,0,0,0
mig_mm_k8_r4_c8_m4_w12_l8,mm,migration,unitemized,unitemized,,669,0,0,0,0,0,0,0
mig_mm_k8_r1_c4_m4_w8_l4,mm,migration,module,UnitReqFramer,unit_req_task_64_s,117,72,0,0,0,,,
mig_mm_k8_r1_c4_m4_w8_l4,mm,migration,module,MemRStream,mem_r_stream_framed_task_64_s,817,502,0,0,0,,,
mig_mm_k8_r1_c4_m4_w8_l4,mm,migration,subblock,MemRStream.RELAY,,157,34,0,0,0,,,
mig_mm_k8_r1_c4_m4_w8_l4,mm,migration,subblock,MemRStream.A2S,,174,102,0,0,0,,,
mig_mm_k8_r1_c4_m4_w8_l4,mm,migration,module,SystolicRx,systolic_rx_task_64_8_8_32_4_1_4_34212151_s,878,325,3,0,0,,,
mig_mm_k8_r1_c4_m4_w8_l4,mm,migration,subblock,SystolicRx.FWD,,138,35,0,0,0,,,
mig_mm_k8_r1_c4_m4_w8_l4,mm,migration,module,SystolicLoad,systolic_load_task_64_8_8_32_4_2_669609_34212151_s,4581,1672,2,0,0,,,
mig_mm_k8_r1_c4_m4_w8_l4,mm,migration,subblock,SystolicLoad.WORDS,,581,275,0,0,0,,,
mig_mm_k8_r1_c4_m4_w8_l4,mm,migration,subblock,SystolicLoad.ELEMS,,1983,538,0,0,0,,,
mig_mm_k8_r1_c4_m4_w8_l4,mm,migration,subblock,SystolicLoad.WORDS1,,578,273,0,0,0,,,
mig_mm_k8_r1_c4_m4_w8_l4,mm,migration,module,SystolicCore,systolic_core_task_8_8_32_4_1_4_4_2_669609_s,8394,3095,13,0,0,,,
mig_mm_k8_r1_c4_m4_w8_l4,mm,migration,subblock,SystolicCore.LOAD_A,,1081,189,0,0,0,,,
mig_mm_k8_r1_c4_m4_w8_l4,mm,migration,subblock,SystolicCore.LOAD_B,,324,136,0,0,0,,,
mig_mm_k8_r1_c4_m4_w8_l4,mm,migration,subblock,SystolicCore.TILE_R_TILE_C_SWEEP,,3769,1812,8,0,0,,,
mig_mm_k8_r1_c4_m4_w8_l4,mm,migration,module,SystolicStore,systolic_store_task_64_8_8_32_4_2_669609_34212151_s,1037,519,1,0,0,,,
mig_mm_k8_r1_c4_m4_w8_l4,mm,migration,subblock,SystolicStore.WORDS,,638,202,0,0,0,,,
mig_mm_k8_r1_c4_m4_w8_l4,mm,migration,module,UnitReplyFramer,unit_reply_task_64_s,351,354,0,0,0,,,
mig_mm_k8_r1_c4_m4_w8_l4,mm,migration,subblock,UnitReplyFramer.PAYLOAD,,138,35,0,0,0,,,
mig_mm_k8_r1_c4_m4_w8_l4,mm,migration,module,MemWStream,mem_w_stream_framed_done_task_64_8_s,1613,2265,0,0,0,,,
mig_mm_k8_r1_c4_m4_w8_l4,mm,migration,subblock,MemWStream.BUFF,,826,642,0,0,0,,,
mig_mm_k8_r1_c4_m4_w8_l4,mm,migration,subblock,MemWStream.S2A,,137,100,0,0,0,,,
mig_mm_k8_r1_c4_m4_w8_l4,mm,migration,subblock,MemWStream.ECHO,,171,98,0,0,0,,,
mig_mm_k8_r1_c4_m4_w8_l4,mm,migration,memory,unit_a_U,,0,0,0,2,0,16,64,2
mig_mm_k8_r1_c4_m4_w8_l4,mm,migration,memory,unit_b_U,,0,0,0,2,0,64,64,2
mig_mm_k8_r1_c4_m4_w8_l4,mm,migration,memory,unit_c_U,,0,0,0,2,0,64,64,2
mig_mm_k8_r1_c4_m4_w8_l4,mm,migration,fifo,m_in_c_U,,0,99,0,0,0,3,64,1
mig_mm_k8_r1_c4_m4_w8_l4,mm,migration,fifo,m_out_c_U,,0,99,0,0,0,9,64,1
mig_mm_k8_r1_c4_m4_w8_l4,mm,migration,fifo,rd_cmd_U,,0,99,0,0,0,2,65,1
mig_mm_k8_r1_c4_m4_w8_l4,mm,migration,fifo,rd_data_U,,0,99,0,0,0,2,65,1
mig_mm_k8_r1_c4_m4_w8_l4,mm,migration,fifo,reply_U,,0,99,0,0,0,2,65,1
mig_mm_k8_r1_c4_m4_w8_l4,mm,migration,fifo,unit_ccmd_U,,0,99,0,0,0,2,64,1
mig_mm_k8_r1_c4_m4_w8_l4,mm,migration,fifo,unit_lcmd_U,,0,99,0,0,0,2,64,1
mig_mm_k8_r1_c4_m4_w8_l4,mm,migration,fifo,unit_pay_U,,0,99,0,0,0,2,65,1
mig_mm_k8_r1_c4_m4_w8_l4,mm,migration,fifo,unit_reply_U,,0,99,0,0,0,2,65,1
mig_mm_k8_r1_c4_m4_w8_l4,mm,migration,fifo,wr_U,,0,99,0,0,0,2,65,1
mig_mm_k8_r1_c4_m4_w8_l4,mm,migration,instance,control_s_axi_U,,296,170,0,0,0,0,0,0
mig_mm_k8_r1_c4_m4_w8_l4,mm,migration,instance,entry_proc_U0,,29,2,0,0,0,0,0,0
mig_mm_k8_r1_c4_m4_w8_l4,mm,migration,instance,gmem0_m_axi_U,,823,725,0,4,0,0,0,0
mig_mm_k8_r1_c4_m4_w8_l4,mm,migration,instance,gmem1_m_axi_U,,811,719,0,4,0,0,0,0
mig_mm_k8_r1_c4_m4_w8_l4,mm,migration,unitemized,unitemized,,669,0,0,0,0,0,0,0
mig_mm_k8_r1_c4_m4_w16_l4,mm,migration,module,UnitReqFramer,unit_req_task_64_s,117,72,0,0,0,,,
mig_mm_k8_r1_c4_m4_w16_l4,mm,migration,module,MemRStream,mem_r_stream_framed_task_64_s,817,502,0,0,0,,,
mig_mm_k8_r1_c4_m4_w16_l4,mm,migration,subblock,MemRStream.RELAY,,157,34,0,0,0,,,
mig_mm_k8_r1_c4_m4_w16_l4,mm,migration,subblock,MemRStream.A2S,,174,102,0,0,0,,,
mig_mm_k8_r1_c4_m4_w16_l4,mm,migration,module,SystolicRx,systolic_rx_task_64_8_8_32_4_1_4_654753759_s,878,325,3,0,0,,,
mig_mm_k8_r1_c4_m4_w16_l4,mm,migration,subblock,SystolicRx.FWD,,138,35,0,0,0,,,
mig_mm_k8_r1_c4_m4_w16_l4,mm,migration,module,SystolicLoad,systolic_load_task_64_8_8_32_4_2_1589220687_654753759_s,6730,2386,2,0,0,,,
mig_mm_k8_r1_c4_m4_w16_l4,mm,migration,subblock,SystolicLoad.WORDS,,463,361,0,0,0,,,
mig_mm_k8_r1_c4_m4_w16_l4,mm,migration,subblock,SystolicLoad.ELEMS,,3308,956,0,0,0,,,
mig_mm_k8_r1_c4_m4_w16_l4,mm,migration,subblock,SystolicLoad.WORDS1,,460,359,0,0,0,,,
mig_mm_k8_r1_c4_m4_w16_l4,mm,migration,module,SystolicCore,systolic_core_task_8_8_32_4_1_4_4_2_1589220687_s,8586,4081,21,8,0,,,
mig_mm_k8_r1_c4_m4_w16_l4,mm,migration,subblock,SystolicCore.LOAD_A,,1081,189,0,0,0,,,
mig_mm_k8_r1_c4_m4_w16_l4,mm,migration,subblock,SystolicCore.LOAD_B,,324,136,0,0,0,,,
mig_mm_k8_r1_c4_m4_w16_l4,mm,migration,module,SystolicStore,systolic_store_task_64_8_8_32_4_2_1589220687_654753759_s,1112,583,1,0,0,,,
mig_mm_k8_r1_c4_m4_w16_l4,mm,migration,subblock,SystolicStore.WORDS,,713,266,0,0,0,,,
mig_mm_k8_r1_c4_m4_w16_l4,mm,migration,module,UnitReplyFramer,unit_reply_task_64_s,351,354,0,0,0,,,
mig_mm_k8_r1_c4_m4_w16_l4,mm,migration,subblock,UnitReplyFramer.PAYLOAD,,138,35,0,0,0,,,
mig_mm_k8_r1_c4_m4_w16_l4,mm,migration,module,MemWStream,mem_w_stream_framed_done_task_64_8_s,1613,2265,0,0,0,,,
mig_mm_k8_r1_c4_m4_w16_l4,mm,migration,subblock,MemWStream.BUFF,,826,642,0,0,0,,,
mig_mm_k8_r1_c4_m4_w16_l4,mm,migration,subblock,MemWStream.S2A,,137,100,0,0,0,,,
mig_mm_k8_r1_c4_m4_w16_l4,mm,migration,subblock,MemWStream.ECHO,,171,98,0,0,0,,,
mig_mm_k8_r1_c4_m4_w16_l4,mm,migration,memory,unit_a_U,,0,0,0,4,0,16,128,2
mig_mm_k8_r1_c4_m4_w16_l4,mm,migration,memory,unit_b_U,,0,0,0,4,0,64,128,2
mig_mm_k8_r1_c4_m4_w16_l4,mm,migration,memory,unit_c_U,,0,0,0,4,0,64,128,2
mig_mm_k8_r1_c4_m4_w16_l4,mm,migration,fifo,m_in_c_U,,0,99,0,0,0,3,64,1
mig_mm_k8_r1_c4_m4_w16_l4,mm,migration,fifo,m_out_c_U,,0,99,0,0,0,9,64,1
mig_mm_k8_r1_c4_m4_w16_l4,mm,migration,fifo,rd_cmd_U,,0,99,0,0,0,2,65,1
mig_mm_k8_r1_c4_m4_w16_l4,mm,migration,fifo,rd_data_U,,0,99,0,0,0,2,65,1
mig_mm_k8_r1_c4_m4_w16_l4,mm,migration,fifo,reply_U,,0,99,0,0,0,2,65,1
mig_mm_k8_r1_c4_m4_w16_l4,mm,migration,fifo,unit_ccmd_U,,0,99,0,0,0,2,64,1
mig_mm_k8_r1_c4_m4_w16_l4,mm,migration,fifo,unit_lcmd_U,,0,99,0,0,0,2,64,1
mig_mm_k8_r1_c4_m4_w16_l4,mm,migration,fifo,unit_pay_U,,0,99,0,0,0,2,65,1
mig_mm_k8_r1_c4_m4_w16_l4,mm,migration,fifo,unit_reply_U,,0,99,0,0,0,2,65,1
mig_mm_k8_r1_c4_m4_w16_l4,mm,migration,fifo,wr_U,,0,99,0,0,0,2,65,1
mig_mm_k8_r1_c4_m4_w16_l4,mm,migration,instance,control_s_axi_U,,296,170,0,0,0,0,0,0
mig_mm_k8_r1_c4_m4_w16_l4,mm,migration,instance,entry_proc_U0,,29,2,0,0,0,0,0,0
mig_mm_k8_r1_c4_m4_w16_l4,mm,migration,instance,gmem0_m_axi_U,,823,725,0,4,0,0,0,0
mig_mm_k8_r1_c4_m4_w16_l4,mm,migration,instance,gmem1_m_axi_U,,811,719,0,4,0,0,0,0
mig_mm_k8_r1_c4_m4_w16_l4,mm,migration,unitemized,unitemized,,669,0,0,0,0,0,0,0
mig_mm_k8_r8_c32_m4_w8_l4,mm,migration,module,UnitReqFramer,unit_req_task_64_s,117,72,0,0,0,,,
mig_mm_k8_r8_c32_m4_w8_l4,mm,migration,module,MemRStream,mem_r_stream_framed_task_64_s,817,502,0,0,0,,,
mig_mm_k8_r8_c32_m4_w8_l4,mm,migration,subblock,MemRStream.RELAY,,157,34,0,0,0,,,
mig_mm_k8_r8_c32_m4_w8_l4,mm,migration,subblock,MemRStream.A2S,,174,102,0,0,0,,,
mig_mm_k8_r8_c32_m4_w8_l4,mm,migration,module,SystolicRx,systolic_rx_task_64_8_8_32_4_8_32_34212151_s,884,326,3,0,0,,,
mig_mm_k8_r8_c32_m4_w8_l4,mm,migration,subblock,SystolicRx.FWD,,138,35,0,0,0,,,
mig_mm_k8_r8_c32_m4_w8_l4,mm,migration,module,SystolicLoad,systolic_load_task_64_8_8_32_4_2_669609_34212151_s,4581,1672,2,0,0,,,
mig_mm_k8_r8_c32_m4_w8_l4,mm,migration,subblock,SystolicLoad.WORDS,,581,275,0,0,0,,,
mig_mm_k8_r8_c32_m4_w8_l4,mm,migration,subblock,SystolicLoad.ELEMS,,1983,538,0,0,0,,,
mig_mm_k8_r8_c32_m4_w8_l4,mm,migration,subblock,SystolicLoad.WORDS1,,578,273,0,0,0,,,
mig_mm_k8_r8_c32_m4_w8_l4,mm,migration,module,SystolicCore,systolic_core_task_8_8_32_4_8_32_4_2_669609_s,65303,39596,514,0,0,,,
mig_mm_k8_r8_c32_m4_w8_l4,mm,migration,subblock,SystolicCore.LOAD_A,,1081,189,0,0,0,,,
mig_mm_k8_r8_c32_m4_w8_l4,mm,migration,subblock,SystolicCore.LOAD_B,,361,195,0,0,0,,,
mig_mm_k8_r8_c32_m4_w8_l4,mm,migration,subblock,SystolicCore.SWEEP,,54034,36212,512,0,0,,,
mig_mm_k8_r8_c32_m4_w8_l4,mm,migration,module,SystolicStore,systolic_store_task_64_8_8_32_4_2_669609_34212151_s,1037,519,1,0,0,,,
mig_mm_k8_r8_c32_m4_w8_l4,mm,migration,subblock,SystolicStore.WORDS,,638,202,0,0,0,,,
mig_mm_k8_r8_c32_m4_w8_l4,mm,migration,module,UnitReplyFramer,unit_reply_task_64_s,351,354,0,0,0,,,
mig_mm_k8_r8_c32_m4_w8_l4,mm,migration,subblock,UnitReplyFramer.PAYLOAD,,138,35,0,0,0,,,
mig_mm_k8_r8_c32_m4_w8_l4,mm,migration,module,MemWStream,mem_w_stream_framed_done_task_64_8_s,1613,2265,0,0,0,,,
mig_mm_k8_r8_c32_m4_w8_l4,mm,migration,subblock,MemWStream.BUFF,,826,642,0,0,0,,,
mig_mm_k8_r8_c32_m4_w8_l4,mm,migration,subblock,MemWStream.S2A,,137,100,0,0,0,,,
mig_mm_k8_r8_c32_m4_w8_l4,mm,migration,subblock,MemWStream.ECHO,,171,98,0,0,0,,,
mig_mm_k8_r8_c32_m4_w8_l4,mm,migration,memory,unit_a_U,,0,0,0,2,0,16,64,2
mig_mm_k8_r8_c32_m4_w8_l4,mm,migration,memory,unit_b_U,,0,0,0,2,0,64,64,2
mig_mm_k8_r8_c32_m4_w8_l4,mm,migration,memory,unit_c_U,,0,0,0,2,0,64,64,2
mig_mm_k8_r8_c32_m4_w8_l4,mm,migration,fifo,m_in_c_U,,0,99,0,0,0,3,64,1
mig_mm_k8_r8_c32_m4_w8_l4,mm,migration,fifo,m_out_c_U,,0,99,0,0,0,9,64,1
mig_mm_k8_r8_c32_m4_w8_l4,mm,migration,fifo,rd_cmd_U,,0,99,0,0,0,2,65,1
mig_mm_k8_r8_c32_m4_w8_l4,mm,migration,fifo,rd_data_U,,0,99,0,0,0,2,65,1
mig_mm_k8_r8_c32_m4_w8_l4,mm,migration,fifo,reply_U,,0,99,0,0,0,2,65,1
mig_mm_k8_r8_c32_m4_w8_l4,mm,migration,fifo,unit_ccmd_U,,0,99,0,0,0,2,64,1
mig_mm_k8_r8_c32_m4_w8_l4,mm,migration,fifo,unit_lcmd_U,,0,99,0,0,0,2,64,1
mig_mm_k8_r8_c32_m4_w8_l4,mm,migration,fifo,unit_pay_U,,0,99,0,0,0,2,65,1
mig_mm_k8_r8_c32_m4_w8_l4,mm,migration,fifo,unit_reply_U,,0,99,0,0,0,2,65,1
mig_mm_k8_r8_c32_m4_w8_l4,mm,migration,fifo,wr_U,,0,99,0,0,0,2,65,1
mig_mm_k8_r8_c32_m4_w8_l4,mm,migration,instance,control_s_axi_U,,296,170,0,0,0,0,0,0
mig_mm_k8_r8_c32_m4_w8_l4,mm,migration,instance,entry_proc_U0,,29,2,0,0,0,0,0,0
mig_mm_k8_r8_c32_m4_w8_l4,mm,migration,instance,gmem0_m_axi_U,,823,725,0,4,0,0,0,0
mig_mm_k8_r8_c32_m4_w8_l4,mm,migration,instance,gmem1_m_axi_U,,811,719,0,4,0,0,0,0
mig_mm_k8_r8_c32_m4_w8_l4,mm,migration,unitemized,unitemized,,669,0,0,0,0,0,0,0
mig_mm_k8_r8_c32_m4_w16_l4,mm,migration,module,UnitReqFramer,unit_req_task_64_s,117,72,0,0,0,,,
mig_mm_k8_r8_c32_m4_w16_l4,mm,migration,module,MemRStream,mem_r_stream_framed_task_64_s,817,502,0,0,0,,,
mig_mm_k8_r8_c32_m4_w16_l4,mm,migration,subblock,MemRStream.RELAY,,157,34,0,0,0,,,
mig_mm_k8_r8_c32_m4_w16_l4,mm,migration,subblock,MemRStream.A2S,,174,102,0,0,0,,,
mig_mm_k8_r8_c32_m4_w16_l4,mm,migration,module,SystolicRx,systolic_rx_task_64_8_8_32_4_8_32_654753759_s,884,326,3,0,0,,,
mig_mm_k8_r8_c32_m4_w16_l4,mm,migration,subblock,SystolicRx.FWD,,138,35,0,0,0,,,
mig_mm_k8_r8_c32_m4_w16_l4,mm,migration,module,SystolicLoad,systolic_load_task_64_8_8_32_4_2_1589220687_654753759_s,6730,2386,2,0,0,,,
mig_mm_k8_r8_c32_m4_w16_l4,mm,migration,subblock,SystolicLoad.WORDS,,463,361,0,0,0,,,
mig_mm_k8_r8_c32_m4_w16_l4,mm,migration,subblock,SystolicLoad.ELEMS,,3308,956,0,0,0,,,
mig_mm_k8_r8_c32_m4_w16_l4,mm,migration,subblock,SystolicLoad.WORDS1,,460,359,0,0,0,,,
mig_mm_k8_r8_c32_m4_w16_l4,mm,migration,module,SystolicCore,systolic_core_task_8_8_32_4_8_32_4_2_1589220687_s,54055,74638,1026,0,0,,,
mig_mm_k8_r8_c32_m4_w16_l4,mm,migration,subblock,SystolicCore.LOAD_A,,1081,189,0,0,0,,,
mig_mm_k8_r8_c32_m4_w16_l4,mm,migration,subblock,SystolicCore.LOAD_B,,361,195,0,0,0,,,
mig_mm_k8_r8_c32_m4_w16_l4,mm,migration,subblock,SystolicCore.SWEEP,,42386,68954,1024,0,0,,,
mig_mm_k8_r8_c32_m4_w16_l4,mm,migration,module,SystolicStore,systolic_store_task_64_8_8_32_4_2_1589220687_654753759_s,1112,583,1,0,0,,,
mig_mm_k8_r8_c32_m4_w16_l4,mm,migration,subblock,SystolicStore.WORDS,,713,266,0,0,0,,,
mig_mm_k8_r8_c32_m4_w16_l4,mm,migration,module,UnitReplyFramer,unit_reply_task_64_s,351,354,0,0,0,,,
mig_mm_k8_r8_c32_m4_w16_l4,mm,migration,subblock,UnitReplyFramer.PAYLOAD,,138,35,0,0,0,,,
mig_mm_k8_r8_c32_m4_w16_l4,mm,migration,module,MemWStream,mem_w_stream_framed_done_task_64_8_s,1613,2265,0,0,0,,,
mig_mm_k8_r8_c32_m4_w16_l4,mm,migration,subblock,MemWStream.BUFF,,826,642,0,0,0,,,
mig_mm_k8_r8_c32_m4_w16_l4,mm,migration,subblock,MemWStream.S2A,,137,100,0,0,0,,,
mig_mm_k8_r8_c32_m4_w16_l4,mm,migration,subblock,MemWStream.ECHO,,171,98,0,0,0,,,
mig_mm_k8_r8_c32_m4_w16_l4,mm,migration,memory,unit_a_U,,0,0,0,4,0,16,128,2
mig_mm_k8_r8_c32_m4_w16_l4,mm,migration,memory,unit_b_U,,0,0,0,4,0,64,128,2
mig_mm_k8_r8_c32_m4_w16_l4,mm,migration,memory,unit_c_U,,0,0,0,4,0,64,128,2
mig_mm_k8_r8_c32_m4_w16_l4,mm,migration,fifo,m_in_c_U,,0,99,0,0,0,3,64,1
mig_mm_k8_r8_c32_m4_w16_l4,mm,migration,fifo,m_out_c_U,,0,99,0,0,0,9,64,1
mig_mm_k8_r8_c32_m4_w16_l4,mm,migration,fifo,rd_cmd_U,,0,99,0,0,0,2,65,1
mig_mm_k8_r8_c32_m4_w16_l4,mm,migration,fifo,rd_data_U,,0,99,0,0,0,2,65,1
mig_mm_k8_r8_c32_m4_w16_l4,mm,migration,fifo,reply_U,,0,99,0,0,0,2,65,1
mig_mm_k8_r8_c32_m4_w16_l4,mm,migration,fifo,unit_ccmd_U,,0,99,0,0,0,2,64,1
mig_mm_k8_r8_c32_m4_w16_l4,mm,migration,fifo,unit_lcmd_U,,0,99,0,0,0,2,64,1
mig_mm_k8_r8_c32_m4_w16_l4,mm,migration,fifo,unit_pay_U,,0,99,0,0,0,2,65,1
mig_mm_k8_r8_c32_m4_w16_l4,mm,migration,fifo,unit_reply_U,,0,99,0,0,0,2,65,1
mig_mm_k8_r8_c32_m4_w16_l4,mm,migration,fifo,wr_U,,0,99,0,0,0,2,65,1
mig_mm_k8_r8_c32_m4_w16_l4,mm,migration,instance,control_s_axi_U,,296,170,0,0,0,0,0,0
mig_mm_k8_r8_c32_m4_w16_l4,mm,migration,instance,entry_proc_U0,,29,2,0,0,0,0,0,0
mig_mm_k8_r8_c32_m4_w16_l4,mm,migration,instance,gmem0_m_axi_U,,823,725,0,4,0,0,0,0
mig_mm_k8_r8_c32_m4_w16_l4,mm,migration,instance,gmem1_m_axi_U,,811,719,0,4,0,0,0,0
mig_mm_k8_r8_c32_m4_w16_l4,mm,migration,unitemized,unitemized,,669,0,0,0,0,0,0,0
mig_mm_k16_r16_c16_m4_w8_l4,mm,migration,module,UnitReqFramer,unit_req_task_64_s,117,72,0,0,0,,,
mig_mm_k16_r16_c16_m4_w8_l4,mm,migration,module,MemRStream,mem_r_stream_framed_task_64_s,817,502,0,0,0,,,
mig_mm_k16_r16_c16_m4_w8_l4,mm,migration,subblock,MemRStream.RELAY,,157,34,0,0,0,,,
mig_mm_k16_r16_c16_m4_w8_l4,mm,migration,subblock,MemRStream.A2S,,174,102,0,0,0,,,
mig_mm_k16_r16_c16_m4_w8_l4,mm,migration,module,SystolicRx,systolic_rx_task_64_16_16_32_4_16_16_34212151_s,883,331,3,0,0,,,
mig_mm_k16_r16_c16_m4_w8_l4,mm,migration,subblock,SystolicRx.FWD,,138,35,0,0,0,,,
mig_mm_k16_r16_c16_m4_w8_l4,mm,migration,module,SystolicLoad,systolic_load_task_64_16_16_32_4_2_340132779_34212151_s,4586,1681,2,0,0,,,
mig_mm_k16_r16_c16_m4_w8_l4,mm,migration,subblock,SystolicLoad.WORDS,,581,275,0,0,0,,,
mig_mm_k16_r16_c16_m4_w8_l4,mm,migration,subblock,SystolicLoad.ELEMS,,1988,544,0,0,0,,,
mig_mm_k16_r16_c16_m4_w8_l4,mm,migration,subblock,SystolicLoad.WORDS1,,578,273,0,0,0,,,
mig_mm_k16_r16_c16_m4_w8_l4,mm,migration,module,SystolicCore,systolic_core_task_16_16_32_4_16_16_4_2_340132779_s,67583,40464,514,0,0,,,
mig_mm_k16_r16_c16_m4_w8_l4,mm,migration,subblock,SystolicCore.LOAD_A,,1713,197,0,0,0,,,
mig_mm_k16_r16_c16_m4_w8_l4,mm,migration,subblock,SystolicCore.LOAD_B,,373,199,0,0,0,,,
mig_mm_k16_r16_c16_m4_w8_l4,mm,migration,subblock,SystolicCore.SWEEP,,54342,36747,512,0,0,,,
mig_mm_k16_r16_c16_m4_w8_l4,mm,migration,module,SystolicStore,systolic_store_task_64_16_16_32_4_2_340132779_34212151_s,1037,519,1,0,0,,,
mig_mm_k16_r16_c16_m4_w8_l4,mm,migration,subblock,SystolicStore.WORDS,,638,202,0,0,0,,,
mig_mm_k16_r16_c16_m4_w8_l4,mm,migration,module,UnitReplyFramer,unit_reply_task_64_s,351,354,0,0,0,,,
mig_mm_k16_r16_c16_m4_w8_l4,mm,migration,subblock,UnitReplyFramer.PAYLOAD,,138,35,0,0,0,,,
mig_mm_k16_r16_c16_m4_w8_l4,mm,migration,module,MemWStream,mem_w_stream_framed_done_task_64_8_s,1613,2265,0,0,0,,,
mig_mm_k16_r16_c16_m4_w8_l4,mm,migration,subblock,MemWStream.BUFF,,826,642,0,0,0,,,
mig_mm_k16_r16_c16_m4_w8_l4,mm,migration,subblock,MemWStream.S2A,,137,100,0,0,0,,,
mig_mm_k16_r16_c16_m4_w8_l4,mm,migration,subblock,MemWStream.ECHO,,171,98,0,0,0,,,
mig_mm_k16_r16_c16_m4_w8_l4,mm,migration,memory,unit_a_U,,0,0,0,2,0,64,64,2
mig_mm_k16_r16_c16_m4_w8_l4,mm,migration,memory,unit_b_U,,0,0,0,2,0,128,64,2
mig_mm_k16_r16_c16_m4_w8_l4,mm,migration,memory,unit_c_U,,0,0,0,2,0,128,64,2
mig_mm_k16_r16_c16_m4_w8_l4,mm,migration,fifo,m_in_c_U,,0,99,0,0,0,3,64,1
mig_mm_k16_r16_c16_m4_w8_l4,mm,migration,fifo,m_out_c_U,,0,99,0,0,0,9,64,1
mig_mm_k16_r16_c16_m4_w8_l4,mm,migration,fifo,rd_cmd_U,,0,99,0,0,0,2,65,1
mig_mm_k16_r16_c16_m4_w8_l4,mm,migration,fifo,rd_data_U,,0,99,0,0,0,2,65,1
mig_mm_k16_r16_c16_m4_w8_l4,mm,migration,fifo,reply_U,,0,99,0,0,0,2,65,1
mig_mm_k16_r16_c16_m4_w8_l4,mm,migration,fifo,unit_ccmd_U,,0,99,0,0,0,2,64,1
mig_mm_k16_r16_c16_m4_w8_l4,mm,migration,fifo,unit_lcmd_U,,0,99,0,0,0,2,64,1
mig_mm_k16_r16_c16_m4_w8_l4,mm,migration,fifo,unit_pay_U,,0,99,0,0,0,2,65,1
mig_mm_k16_r16_c16_m4_w8_l4,mm,migration,fifo,unit_reply_U,,0,99,0,0,0,2,65,1
mig_mm_k16_r16_c16_m4_w8_l4,mm,migration,fifo,wr_U,,0,99,0,0,0,2,65,1
mig_mm_k16_r16_c16_m4_w8_l4,mm,migration,instance,control_s_axi_U,,296,170,0,0,0,0,0,0
mig_mm_k16_r16_c16_m4_w8_l4,mm,migration,instance,entry_proc_U0,,29,2,0,0,0,0,0,0
mig_mm_k16_r16_c16_m4_w8_l4,mm,migration,instance,gmem0_m_axi_U,,823,725,0,4,0,0,0,0
mig_mm_k16_r16_c16_m4_w8_l4,mm,migration,instance,gmem1_m_axi_U,,811,719,0,4,0,0,0,0
mig_mm_k16_r16_c16_m4_w8_l4,mm,migration,unitemized,unitemized,,669,0,0,0,0,0,0,0
mig_mm_k16_r16_c16_m4_w16_l4,mm,migration,module,UnitReqFramer,unit_req_task_64_s,117,72,0,0,0,,,
mig_mm_k16_r16_c16_m4_w16_l4,mm,migration,module,MemRStream,mem_r_stream_framed_task_64_s,817,502,0,0,0,,,
mig_mm_k16_r16_c16_m4_w16_l4,mm,migration,subblock,MemRStream.RELAY,,157,34,0,0,0,,,
mig_mm_k16_r16_c16_m4_w16_l4,mm,migration,subblock,MemRStream.A2S,,174,102,0,0,0,,,
mig_mm_k16_r16_c16_m4_w16_l4,mm,migration,module,SystolicRx,systolic_rx_task_64_16_16_32_4_16_16_654753759_s,883,331,3,0,0,,,
mig_mm_k16_r16_c16_m4_w16_l4,mm,migration,subblock,SystolicRx.FWD,,138,35,0,0,0,,,
mig_mm_k16_r16_c16_m4_w16_l4,mm,migration,module,SystolicLoad,systolic_load_task_64_16_16_32_4_2_2113842304_654753759_s,6735,2395,2,0,0,,,
mig_mm_k16_r16_c16_m4_w16_l4,mm,migration,subblock,SystolicLoad.WORDS,,463,361,0,0,0,,,
mig_mm_k16_r16_c16_m4_w16_l4,mm,migration,subblock,SystolicLoad.ELEMS,,3313,962,0,0,0,,,
mig_mm_k16_r16_c16_m4_w16_l4,mm,migration,subblock,SystolicLoad.WORDS1,,460,359,0,0,0,,,
mig_mm_k16_r16_c16_m4_w16_l4,mm,migration,module,SystolicCore,systolic_core_task_16_16_32_4_16_16_4_2_2113842304_s,56239,75578,1026,0,0,,,
mig_mm_k16_r16_c16_m4_w16_l4,mm,migration,subblock,SystolicCore.LOAD_A,,1713,197,0,0,0,,,
mig_mm_k16_r16_c16_m4_w16_l4,mm,migration,subblock,SystolicCore.LOAD_B,,373,199,0,0,0,,,
mig_mm_k16_r16_c16_m4_w16_l4,mm,migration,subblock,SystolicCore.SWEEP,,42566,69417,1024,0,0,,,
mig_mm_k16_r16_c16_m4_w16_l4,mm,migration,module,SystolicStore,systolic_store_task_64_16_16_32_4_2_2113842304_654753759_s,1112,583,1,0,0,,,
mig_mm_k16_r16_c16_m4_w16_l4,mm,migration,subblock,SystolicStore.WORDS,,713,266,0,0,0,,,
mig_mm_k16_r16_c16_m4_w16_l4,mm,migration,module,UnitReplyFramer,unit_reply_task_64_s,351,354,0,0,0,,,
mig_mm_k16_r16_c16_m4_w16_l4,mm,migration,subblock,UnitReplyFramer.PAYLOAD,,138,35,0,0,0,,,
mig_mm_k16_r16_c16_m4_w16_l4,mm,migration,module,MemWStream,mem_w_stream_framed_done_task_64_8_s,1613,2265,0,0,0,,,
mig_mm_k16_r16_c16_m4_w16_l4,mm,migration,subblock,MemWStream.BUFF,,826,642,0,0,0,,,
mig_mm_k16_r16_c16_m4_w16_l4,mm,migration,subblock,MemWStream.S2A,,137,100,0,0,0,,,
mig_mm_k16_r16_c16_m4_w16_l4,mm,migration,subblock,MemWStream.ECHO,,171,98,0,0,0,,,
mig_mm_k16_r16_c16_m4_w16_l4,mm,migration,memory,unit_a_U,,0,0,0,4,0,64,128,2
mig_mm_k16_r16_c16_m4_w16_l4,mm,migration,memory,unit_b_U,,0,0,0,4,0,128,128,2
mig_mm_k16_r16_c16_m4_w16_l4,mm,migration,memory,unit_c_U,,0,0,0,4,0,128,128,2
mig_mm_k16_r16_c16_m4_w16_l4,mm,migration,fifo,m_in_c_U,,0,99,0,0,0,3,64,1
mig_mm_k16_r16_c16_m4_w16_l4,mm,migration,fifo,m_out_c_U,,0,99,0,0,0,9,64,1
mig_mm_k16_r16_c16_m4_w16_l4,mm,migration,fifo,rd_cmd_U,,0,99,0,0,0,2,65,1
mig_mm_k16_r16_c16_m4_w16_l4,mm,migration,fifo,rd_data_U,,0,99,0,0,0,2,65,1
mig_mm_k16_r16_c16_m4_w16_l4,mm,migration,fifo,reply_U,,0,99,0,0,0,2,65,1
mig_mm_k16_r16_c16_m4_w16_l4,mm,migration,fifo,unit_ccmd_U,,0,99,0,0,0,2,64,1
mig_mm_k16_r16_c16_m4_w16_l4,mm,migration,fifo,unit_lcmd_U,,0,99,0,0,0,2,64,1
mig_mm_k16_r16_c16_m4_w16_l4,mm,migration,fifo,unit_pay_U,,0,99,0,0,0,2,65,1
mig_mm_k16_r16_c16_m4_w16_l4,mm,migration,fifo,unit_reply_U,,0,99,0,0,0,2,65,1
mig_mm_k16_r16_c16_m4_w16_l4,mm,migration,fifo,wr_U,,0,99,0,0,0,2,65,1
mig_mm_k16_r16_c16_m4_w16_l4,mm,migration,instance,control_s_axi_U,,296,170,0,0,0,0,0,0
mig_mm_k16_r16_c16_m4_w16_l4,mm,migration,instance,entry_proc_U0,,29,2,0,0,0,0,0,0
mig_mm_k16_r16_c16_m4_w16_l4,mm,migration,instance,gmem0_m_axi_U,,823,725,0,4,0,0,0,0
mig_mm_k16_r16_c16_m4_w16_l4,mm,migration,instance,gmem1_m_axi_U,,811,719,0,4,0,0,0,0
mig_mm_k16_r16_c16_m4_w16_l4,mm,migration,unitemized,unitemized,,669,0,0,0,0,0,0,0
mig_mm_k16_r1_c32_m4_w8_l4,mm,migration,module,UnitReqFramer,unit_req_task_64_s,117,72,0,0,0,,,
mig_mm_k16_r1_c32_m4_w8_l4,mm,migration,module,MemRStream,mem_r_stream_framed_task_64_s,817,502,0,0,0,,,
mig_mm_k16_r1_c32_m4_w8_l4,mm,migration,subblock,MemRStream.RELAY,,157,34,0,0,0,,,
mig_mm_k16_r1_c32_m4_w8_l4,mm,migration,subblock,MemRStream.A2S,,174,102,0,0,0,,,
mig_mm_k16_r1_c32_m4_w8_l4,mm,migration,module,SystolicRx,systolic_rx_task_64_16_16_32_4_1_32_34212151_s,879,328,3,0,0,,,
mig_mm_k16_r1_c32_m4_w8_l4,mm,migration,subblock,SystolicRx.FWD,,138,35,0,0,0,,,
mig_mm_k16_r1_c32_m4_w8_l4,mm,migration,module,SystolicLoad,systolic_load_task_64_16_16_32_4_2_340132779_34212151_s,4586,1681,2,0,0,,,
mig_mm_k16_r1_c32_m4_w8_l4,mm,migration,subblock,SystolicLoad.WORDS,,581,275,0,0,0,,,
mig_mm_k16_r1_c32_m4_w8_l4,mm,migration,subblock,SystolicLoad.ELEMS,,1988,544,0,0,0,,,
mig_mm_k16_r1_c32_m4_w8_l4,mm,migration,subblock,SystolicLoad.WORDS1,,578,273,0,0,0,,,
mig_mm_k16_r1_c32_m4_w8_l4,mm,migration,module,SystolicCore,systolic_core_task_16_16_32_4_1_32_4_2_340132779_s,21104,6737,66,0,0,,,
mig_mm_k16_r1_c32_m4_w8_l4,mm,migration,subblock,SystolicCore.LOAD_A,,1713,197,0,0,0,,,
mig_mm_k16_r1_c32_m4_w8_l4,mm,migration,subblock,SystolicCore.LOAD_B,,361,195,0,0,0,,,
mig_mm_k16_r1_c32_m4_w8_l4,mm,migration,subblock,SystolicCore.SWEEP,,9565,4220,64,0,0,,,
mig_mm_k16_r1_c32_m4_w8_l4,mm,migration,module,SystolicStore,systolic_store_task_64_16_16_32_4_2_340132779_34212151_s,1037,519,1,0,0,,,
mig_mm_k16_r1_c32_m4_w8_l4,mm,migration,subblock,SystolicStore.WORDS,,638,202,0,0,0,,,
mig_mm_k16_r1_c32_m4_w8_l4,mm,migration,module,UnitReplyFramer,unit_reply_task_64_s,351,354,0,0,0,,,
mig_mm_k16_r1_c32_m4_w8_l4,mm,migration,subblock,UnitReplyFramer.PAYLOAD,,138,35,0,0,0,,,
mig_mm_k16_r1_c32_m4_w8_l4,mm,migration,module,MemWStream,mem_w_stream_framed_done_task_64_8_s,1613,2265,0,0,0,,,
mig_mm_k16_r1_c32_m4_w8_l4,mm,migration,subblock,MemWStream.BUFF,,826,642,0,0,0,,,
mig_mm_k16_r1_c32_m4_w8_l4,mm,migration,subblock,MemWStream.S2A,,137,100,0,0,0,,,
mig_mm_k16_r1_c32_m4_w8_l4,mm,migration,subblock,MemWStream.ECHO,,171,98,0,0,0,,,
mig_mm_k16_r1_c32_m4_w8_l4,mm,migration,memory,unit_a_U,,0,0,0,2,0,64,64,2
mig_mm_k16_r1_c32_m4_w8_l4,mm,migration,memory,unit_b_U,,0,0,0,2,0,128,64,2
mig_mm_k16_r1_c32_m4_w8_l4,mm,migration,memory,unit_c_U,,0,0,0,2,0,128,64,2
mig_mm_k16_r1_c32_m4_w8_l4,mm,migration,fifo,m_in_c_U,,0,99,0,0,0,3,64,1
mig_mm_k16_r1_c32_m4_w8_l4,mm,migration,fifo,m_out_c_U,,0,99,0,0,0,9,64,1
mig_mm_k16_r1_c32_m4_w8_l4,mm,migration,fifo,rd_cmd_U,,0,99,0,0,0,2,65,1
mig_mm_k16_r1_c32_m4_w8_l4,mm,migration,fifo,rd_data_U,,0,99,0,0,0,2,65,1
mig_mm_k16_r1_c32_m4_w8_l4,mm,migration,fifo,reply_U,,0,99,0,0,0,2,65,1
mig_mm_k16_r1_c32_m4_w8_l4,mm,migration,fifo,unit_ccmd_U,,0,99,0,0,0,2,64,1
mig_mm_k16_r1_c32_m4_w8_l4,mm,migration,fifo,unit_lcmd_U,,0,99,0,0,0,2,64,1
mig_mm_k16_r1_c32_m4_w8_l4,mm,migration,fifo,unit_pay_U,,0,99,0,0,0,2,65,1
mig_mm_k16_r1_c32_m4_w8_l4,mm,migration,fifo,unit_reply_U,,0,99,0,0,0,2,65,1
mig_mm_k16_r1_c32_m4_w8_l4,mm,migration,fifo,wr_U,,0,99,0,0,0,2,65,1
mig_mm_k16_r1_c32_m4_w8_l4,mm,migration,instance,control_s_axi_U,,296,170,0,0,0,0,0,0
mig_mm_k16_r1_c32_m4_w8_l4,mm,migration,instance,entry_proc_U0,,29,2,0,0,0,0,0,0
mig_mm_k16_r1_c32_m4_w8_l4,mm,migration,instance,gmem0_m_axi_U,,823,725,0,4,0,0,0,0
mig_mm_k16_r1_c32_m4_w8_l4,mm,migration,instance,gmem1_m_axi_U,,811,719,0,4,0,0,0,0
mig_mm_k16_r1_c32_m4_w8_l4,mm,migration,unitemized,unitemized,,669,0,0,0,0,0,0,0
mig_mm_k16_r1_c32_m4_w16_l4,mm,migration,module,UnitReqFramer,unit_req_task_64_s,117,72,0,0,0,,,
mig_mm_k16_r1_c32_m4_w16_l4,mm,migration,module,MemRStream,mem_r_stream_framed_task_64_s,817,502,0,0,0,,,
mig_mm_k16_r1_c32_m4_w16_l4,mm,migration,subblock,MemRStream.RELAY,,157,34,0,0,0,,,
mig_mm_k16_r1_c32_m4_w16_l4,mm,migration,subblock,MemRStream.A2S,,174,102,0,0,0,,,
mig_mm_k16_r1_c32_m4_w16_l4,mm,migration,module,SystolicRx,systolic_rx_task_64_16_16_32_4_1_32_654753759_s,879,328,3,0,0,,,
mig_mm_k16_r1_c32_m4_w16_l4,mm,migration,subblock,SystolicRx.FWD,,138,35,0,0,0,,,
mig_mm_k16_r1_c32_m4_w16_l4,mm,migration,module,SystolicLoad,systolic_load_task_64_16_16_32_4_2_2113842304_654753759_s,6735,2395,2,0,0,,,
mig_mm_k16_r1_c32_m4_w16_l4,mm,migration,subblock,SystolicLoad.WORDS,,463,361,0,0,0,,,
mig_mm_k16_r1_c32_m4_w16_l4,mm,migration,subblock,SystolicLoad.ELEMS,,3313,962,0,0,0,,,
mig_mm_k16_r1_c32_m4_w16_l4,mm,migration,subblock,SystolicLoad.WORDS1,,460,359,0,0,0,,,
mig_mm_k16_r1_c32_m4_w16_l4,mm,migration,module,SystolicCore,systolic_core_task_16_16_32_4_1_32_4_2_2113842304_s,20528,13077,130,0,0,,,
mig_mm_k16_r1_c32_m4_w16_l4,mm,migration,subblock,SystolicCore.LOAD_A,,1713,197,0,0,0,,,
mig_mm_k16_r1_c32_m4_w16_l4,mm,migration,subblock,SystolicCore.LOAD_B,,361,195,0,0,0,,,
mig_mm_k16_r1_c32_m4_w16_l4,mm,migration,subblock,SystolicCore.SWEEP,,8557,8852,128,0,0,,,
mig_mm_k16_r1_c32_m4_w16_l4,mm,migration,module,SystolicStore,systolic_store_task_64_16_16_32_4_2_2113842304_654753759_s,1112,583,1,0,0,,,
mig_mm_k16_r1_c32_m4_w16_l4,mm,migration,subblock,SystolicStore.WORDS,,713,266,0,0,0,,,
mig_mm_k16_r1_c32_m4_w16_l4,mm,migration,module,UnitReplyFramer,unit_reply_task_64_s,351,354,0,0,0,,,
mig_mm_k16_r1_c32_m4_w16_l4,mm,migration,subblock,UnitReplyFramer.PAYLOAD,,138,35,0,0,0,,,
mig_mm_k16_r1_c32_m4_w16_l4,mm,migration,module,MemWStream,mem_w_stream_framed_done_task_64_8_s,1613,2265,0,0,0,,,
mig_mm_k16_r1_c32_m4_w16_l4,mm,migration,subblock,MemWStream.BUFF,,826,642,0,0,0,,,
mig_mm_k16_r1_c32_m4_w16_l4,mm,migration,subblock,MemWStream.S2A,,137,100,0,0,0,,,
mig_mm_k16_r1_c32_m4_w16_l4,mm,migration,subblock,MemWStream.ECHO,,171,98,0,0,0,,,
mig_mm_k16_r1_c32_m4_w16_l4,mm,migration,memory,unit_a_U,,0,0,0,4,0,64,128,2
mig_mm_k16_r1_c32_m4_w16_l4,mm,migration,memory,unit_b_U,,0,0,0,4,0,128,128,2
mig_mm_k16_r1_c32_m4_w16_l4,mm,migration,memory,unit_c_U,,0,0,0,4,0,128,128,2
mig_mm_k16_r1_c32_m4_w16_l4,mm,migration,fifo,m_in_c_U,,0,99,0,0,0,3,64,1
mig_mm_k16_r1_c32_m4_w16_l4,mm,migration,fifo,m_out_c_U,,0,99,0,0,0,9,64,1
mig_mm_k16_r1_c32_m4_w16_l4,mm,migration,fifo,rd_cmd_U,,0,99,0,0,0,2,65,1
mig_mm_k16_r1_c32_m4_w16_l4,mm,migration,fifo,rd_data_U,,0,99,0,0,0,2,65,1
mig_mm_k16_r1_c32_m4_w16_l4,mm,migration,fifo,reply_U,,0,99,0,0,0,2,65,1
mig_mm_k16_r1_c32_m4_w16_l4,mm,migration,fifo,unit_ccmd_U,,0,99,0,0,0,2,64,1
mig_mm_k16_r1_c32_m4_w16_l4,mm,migration,fifo,unit_lcmd_U,,0,99,0,0,0,2,64,1
mig_mm_k16_r1_c32_m4_w16_l4,mm,migration,fifo,unit_pay_U,,0,99,0,0,0,2,65,1
mig_mm_k16_r1_c32_m4_w16_l4,mm,migration,fifo,unit_reply_U,,0,99,0,0,0,2,65,1
mig_mm_k16_r1_c32_m4_w16_l4,mm,migration,fifo,wr_U,,0,99,0,0,0,2,65,1
mig_mm_k16_r1_c32_m4_w16_l4,mm,migration,instance,control_s_axi_U,,296,170,0,0,0,0,0,0
mig_mm_k16_r1_c32_m4_w16_l4,mm,migration,instance,entry_proc_U0,,29,2,0,0,0,0,0,0
mig_mm_k16_r1_c32_m4_w16_l4,mm,migration,instance,gmem0_m_axi_U,,823,725,0,4,0,0,0,0
mig_mm_k16_r1_c32_m4_w16_l4,mm,migration,instance,gmem1_m_axi_U,,811,719,0,4,0,0,0,0
mig_mm_k16_r1_c32_m4_w16_l4,mm,migration,unitemized,unitemized,,669,0,0,0,0,0,0,0
mig_mm_k8_r4_c8_m3_w8_l4,mm,migration,module,UnitReqFramer,unit_req_task_64_s,117,72,0,0,0,,,
mig_mm_k8_r4_c8_m3_w8_l4,mm,migration,module,MemRStream,mem_r_stream_framed_task_64_s,817,502,0,0,0,,,
mig_mm_k8_r4_c8_m3_w8_l4,mm,migration,subblock,MemRStream.RELAY,,157,34,0,0,0,,,
mig_mm_k8_r4_c8_m3_w8_l4,mm,migration,subblock,MemRStream.A2S,,174,102,0,0,0,,,
mig_mm_k8_r4_c8_m3_w8_l4,mm,migration,module,SystolicRx,systolic_rx_task_64_8_8_32_4_4_8_34212151_s,881,325,3,0,0,,,
mig_mm_k8_r4_c8_m3_w8_l4,mm,migration,subblock,SystolicRx.FWD,,138,35,0,0,0,,,
mig_mm_k8_r4_c8_m3_w8_l4,mm,migration,module,SystolicLoad,systolic_load_task_64_8_8_32_4_2_669609_34212151_s,4581,1672,2,0,0,,,
mig_mm_k8_r4_c8_m3_w8_l4,mm,migration,subblock,SystolicLoad.WORDS,,581,275,0,0,0,,,
mig_mm_k8_r4_c8_m3_w8_l4,mm,migration,subblock,SystolicLoad.ELEMS,,1983,538,0,0,0,,,
mig_mm_k8_r4_c8_m3_w8_l4,mm,migration,subblock,SystolicLoad.WORDS1,,578,273,0,0,0,,,
mig_mm_k8_r4_c8_m3_w8_l4,mm,migration,module,SystolicCore,systolic_core_task_8_8_32_4_4_8_3_2_669609_s,12743,5563,98,0,0,,,
mig_mm_k8_r4_c8_m3_w8_l4,mm,migration,subblock,SystolicCore.LOAD_A,,1081,189,0,0,0,,,
mig_mm_k8_r4_c8_m3_w8_l4,mm,migration,subblock,SystolicCore.LOAD_B,,373,199,0,0,0,,,
mig_mm_k8_r4_c8_m3_w8_l4,mm,migration,subblock,SystolicCore.SWEEP,,5532,3905,96,0,0,,,
mig_mm_k8_r4_c8_m3_w8_l4,mm,migration,module,SystolicStore,systolic_store_task_64_8_8_32_4_2_669609_34212151_s,1037,519,1,0,0,,,
mig_mm_k8_r4_c8_m3_w8_l4,mm,migration,subblock,SystolicStore.WORDS,,638,202,0,0,0,,,
mig_mm_k8_r4_c8_m3_w8_l4,mm,migration,module,UnitReplyFramer,unit_reply_task_64_s,351,354,0,0,0,,,
mig_mm_k8_r4_c8_m3_w8_l4,mm,migration,subblock,UnitReplyFramer.PAYLOAD,,138,35,0,0,0,,,
mig_mm_k8_r4_c8_m3_w8_l4,mm,migration,module,MemWStream,mem_w_stream_framed_done_task_64_8_s,1613,2265,0,0,0,,,
mig_mm_k8_r4_c8_m3_w8_l4,mm,migration,subblock,MemWStream.BUFF,,826,642,0,0,0,,,
mig_mm_k8_r4_c8_m3_w8_l4,mm,migration,subblock,MemWStream.S2A,,137,100,0,0,0,,,
mig_mm_k8_r4_c8_m3_w8_l4,mm,migration,subblock,MemWStream.ECHO,,171,98,0,0,0,,,
mig_mm_k8_r4_c8_m3_w8_l4,mm,migration,memory,unit_a_U,,0,0,0,2,0,16,64,2
mig_mm_k8_r4_c8_m3_w8_l4,mm,migration,memory,unit_b_U,,0,0,0,2,0,64,64,2
mig_mm_k8_r4_c8_m3_w8_l4,mm,migration,memory,unit_c_U,,0,0,0,2,0,64,64,2
mig_mm_k8_r4_c8_m3_w8_l4,mm,migration,fifo,m_in_c_U,,0,99,0,0,0,3,64,1
mig_mm_k8_r4_c8_m3_w8_l4,mm,migration,fifo,m_out_c_U,,0,99,0,0,0,9,64,1
mig_mm_k8_r4_c8_m3_w8_l4,mm,migration,fifo,rd_cmd_U,,0,99,0,0,0,2,65,1
mig_mm_k8_r4_c8_m3_w8_l4,mm,migration,fifo,rd_data_U,,0,99,0,0,0,2,65,1
mig_mm_k8_r4_c8_m3_w8_l4,mm,migration,fifo,reply_U,,0,99,0,0,0,2,65,1
mig_mm_k8_r4_c8_m3_w8_l4,mm,migration,fifo,unit_ccmd_U,,0,99,0,0,0,2,64,1
mig_mm_k8_r4_c8_m3_w8_l4,mm,migration,fifo,unit_lcmd_U,,0,99,0,0,0,2,64,1
mig_mm_k8_r4_c8_m3_w8_l4,mm,migration,fifo,unit_pay_U,,0,99,0,0,0,2,65,1
mig_mm_k8_r4_c8_m3_w8_l4,mm,migration,fifo,unit_reply_U,,0,99,0,0,0,2,65,1
mig_mm_k8_r4_c8_m3_w8_l4,mm,migration,fifo,wr_U,,0,99,0,0,0,2,65,1
mig_mm_k8_r4_c8_m3_w8_l4,mm,migration,instance,control_s_axi_U,,296,170,0,0,0,0,0,0
mig_mm_k8_r4_c8_m3_w8_l4,mm,migration,instance,entry_proc_U0,,29,2,0,0,0,0,0,0
mig_mm_k8_r4_c8_m3_w8_l4,mm,migration,instance,gmem0_m_axi_U,,823,725,0,4,0,0,0,0
mig_mm_k8_r4_c8_m3_w8_l4,mm,migration,instance,gmem1_m_axi_U,,811,719,0,4,0,0,0,0
mig_mm_k8_r4_c8_m3_w8_l4,mm,migration,unitemized,unitemized,,669,0,0,0,0,0,0,0
mig_mm_k8_r4_c8_m3_w16_l4,mm,migration,module,UnitReqFramer,unit_req_task_64_s,117,72,0,0,0,,,
mig_mm_k8_r4_c8_m3_w16_l4,mm,migration,module,MemRStream,mem_r_stream_framed_task_64_s,817,502,0,0,0,,,
mig_mm_k8_r4_c8_m3_w16_l4,mm,migration,subblock,MemRStream.RELAY,,157,34,0,0,0,,,
mig_mm_k8_r4_c8_m3_w16_l4,mm,migration,subblock,MemRStream.A2S,,174,102,0,0,0,,,
mig_mm_k8_r4_c8_m3_w16_l4,mm,migration,module,SystolicRx,systolic_rx_task_64_8_8_32_4_4_8_654753759_s,881,325,3,0,0,,,
mig_mm_k8_r4_c8_m3_w16_l4,mm,migration,subblock,SystolicRx.FWD,,138,35,0,0,0,,,
mig_mm_k8_r4_c8_m3_w16_l4,mm,migration,module,SystolicLoad,systolic_load_task_64_8_8_32_4_2_1589220687_654753759_s,6730,2386,2,0,0,,,
mig_mm_k8_r4_c8_m3_w16_l4,mm,migration,subblock,SystolicLoad.WORDS,,463,361,0,0,0,,,
mig_mm_k8_r4_c8_m3_w16_l4,mm,migration,subblock,SystolicLoad.ELEMS,,3308,956,0,0,0,,,
mig_mm_k8_r4_c8_m3_w16_l4,mm,migration,subblock,SystolicLoad.WORDS1,,460,359,0,0,0,,,
mig_mm_k8_r4_c8_m3_w16_l4,mm,migration,module,SystolicCore,systolic_core_task_8_8_32_4_4_8_3_2_1589220687_s,15351,9679,98,0,0,,,
mig_mm_k8_r4_c8_m3_w16_l4,mm,migration,subblock,SystolicCore.LOAD_A,,1081,189,0,0,0,,,
mig_mm_k8_r4_c8_m3_w16_l4,mm,migration,subblock,SystolicCore.LOAD_B,,373,199,0,0,0,,,
mig_mm_k8_r4_c8_m3_w16_l4,mm,migration,subblock,SystolicCore.SWEEP,,7324,7233,96,0,0,,,
mig_mm_k8_r4_c8_m3_w16_l4,mm,migration,module,SystolicStore,systolic_store_task_64_8_8_32_4_2_1589220687_654753759_s,1112,583,1,0,0,,,
mig_mm_k8_r4_c8_m3_w16_l4,mm,migration,subblock,SystolicStore.WORDS,,713,266,0,0,0,,,
mig_mm_k8_r4_c8_m3_w16_l4,mm,migration,module,UnitReplyFramer,unit_reply_task_64_s,351,354,0,0,0,,,
mig_mm_k8_r4_c8_m3_w16_l4,mm,migration,subblock,UnitReplyFramer.PAYLOAD,,138,35,0,0,0,,,
mig_mm_k8_r4_c8_m3_w16_l4,mm,migration,module,MemWStream,mem_w_stream_framed_done_task_64_8_s,1613,2265,0,0,0,,,
mig_mm_k8_r4_c8_m3_w16_l4,mm,migration,subblock,MemWStream.BUFF,,826,642,0,0,0,,,
mig_mm_k8_r4_c8_m3_w16_l4,mm,migration,subblock,MemWStream.S2A,,137,100,0,0,0,,,
mig_mm_k8_r4_c8_m3_w16_l4,mm,migration,subblock,MemWStream.ECHO,,171,98,0,0,0,,,
mig_mm_k8_r4_c8_m3_w16_l4,mm,migration,memory,unit_a_U,,0,0,0,4,0,16,128,2
mig_mm_k8_r4_c8_m3_w16_l4,mm,migration,memory,unit_b_U,,0,0,0,4,0,64,128,2
mig_mm_k8_r4_c8_m3_w16_l4,mm,migration,memory,unit_c_U,,0,0,0,4,0,64,128,2
mig_mm_k8_r4_c8_m3_w16_l4,mm,migration,fifo,m_in_c_U,,0,99,0,0,0,3,64,1
mig_mm_k8_r4_c8_m3_w16_l4,mm,migration,fifo,m_out_c_U,,0,99,0,0,0,9,64,1
mig_mm_k8_r4_c8_m3_w16_l4,mm,migration,fifo,rd_cmd_U,,0,99,0,0,0,2,65,1
mig_mm_k8_r4_c8_m3_w16_l4,mm,migration,fifo,rd_data_U,,0,99,0,0,0,2,65,1
mig_mm_k8_r4_c8_m3_w16_l4,mm,migration,fifo,reply_U,,0,99,0,0,0,2,65,1
mig_mm_k8_r4_c8_m3_w16_l4,mm,migration,fifo,unit_ccmd_U,,0,99,0,0,0,2,64,1
mig_mm_k8_r4_c8_m3_w16_l4,mm,migration,fifo,unit_lcmd_U,,0,99,0,0,0,2,64,1
mig_mm_k8_r4_c8_m3_w16_l4,mm,migration,fifo,unit_pay_U,,0,99,0,0,0,2,65,1
mig_mm_k8_r4_c8_m3_w16_l4,mm,migration,fifo,unit_reply_U,,0,99,0,0,0,2,65,1
mig_mm_k8_r4_c8_m3_w16_l4,mm,migration,fifo,wr_U,,0,99,0,0,0,2,65,1
mig_mm_k8_r4_c8_m3_w16_l4,mm,migration,instance,control_s_axi_U,,296,170,0,0,0,0,0,0
mig_mm_k8_r4_c8_m3_w16_l4,mm,migration,instance,entry_proc_U0,,29,2,0,0,0,0,0,0
mig_mm_k8_r4_c8_m3_w16_l4,mm,migration,instance,gmem0_m_axi_U,,823,725,0,4,0,0,0,0
mig_mm_k8_r4_c8_m3_w16_l4,mm,migration,instance,gmem1_m_axi_U,,811,719,0,4,0,0,0,0
mig_mm_k8_r4_c8_m3_w16_l4,mm,migration,unitemized,unitemized,,669,0,0,0,0,0,0,0
mig_det_k4_l4_r4_c4_m4_w12g8_d64_s2_q2,det,migration,module,CgCmdRx,cg_cmd_rx_task_64_4_32_s,180,38,0,0,0,,,
mig_det_k4_l4_r4_c4_m4_w12g8_d64_s2_q2,det,migration,module,MemRStream,mem_r_stream_framed_task_64_s,817,502,0,0,0,,,
mig_det_k4_l4_r4_c4_m4_w12g8_d64_s2_q2,det,migration,subblock,MemRStream.RELAY,,157,34,0,0,0,,,
mig_det_k4_l4_r4_c4_m4_w12g8_d64_s2_q2,det,migration,subblock,MemRStream.A2S,,174,102,0,0,0,,,
mig_det_k4_l4_r4_c4_m4_w12g8_d64_s2_q2,det,migration,module,CgLoad,cg_load_task_64_4_32_4_2_s,2803,794,0,0,0,,,
mig_det_k4_l4_r4_c4_m4_w12g8_d64_s2_q2,det,migration,subblock,CgLoad.WORDS,,417,259,0,0,0,,,
mig_det_k4_l4_r4_c4_m4_w12g8_d64_s2_q2,det,migration,subblock,CgLoad.WORDS1,,422,262,0,0,0,,,
mig_det_k4_l4_r4_c4_m4_w12g8_d64_s2_q2,det,migration,module,CgCtrl,cg_ctrl_task_64_4_32_s,47,2,0,0,0,,,
mig_det_k4_l4_r4_c4_m4_w12g8_d64_s2_q2,det,migration,module,CgVectorCore,cg_vector_task_4_32_4_4_2_369796828_s,14811,9406,49,0,0,,,
mig_det_k4_l4_r4_c4_m4_w12g8_d64_s2_q2,det,migration,subblock,CgVectorCore.INIT_K,,366,344,8,0,0,,,
mig_det_k4_l4_r4_c4_m4_w12g8_d64_s2_q2,det,migration,subblock,CgVectorCore.INIT_P,,323,173,0,0,0,,,
mig_det_k4_l4_r4_c4_m4_w12g8_d64_s2_q2,det,migration,subblock,CgVectorCore.PASS1,,366,392,8,0,0,,,
mig_det_k4_l4_r4_c4_m4_w12g8_d64_s2_q2,det,migration,subblock,CgVectorCore.PASS2,,2862,1872,24,0,0,,,
mig_det_k4_l4_r4_c4_m4_w12g8_d64_s2_q2,det,migration,subblock,CgVectorCore.PASS3,,1468,1212,8,0,0,,,
mig_det_k4_l4_r4_c4_m4_w12g8_d64_s2_q2,det,migration,subblock,CgVectorCore.OUT_P,,323,173,0,0,0,,,
mig_det_k4_l4_r4_c4_m4_w12g8_d64_s2_q2,det,migration,subblock,CgVectorCore.OUT_X,,323,173,0,0,0,,,
mig_det_k4_l4_r4_c4_m4_w12g8_d64_s2_q2,det,migration,module,SystolicCore,systolic_core_task_4_4_32_4_4_4_4_2_1323255824_s,6623,4629,66,0,0,,,
mig_det_k4_l4_r4_c4_m4_w12g8_d64_s2_q2,det,migration,subblock,SystolicCore.LOAD_A,,1119,500,0,0,0,,,
mig_det_k4_l4_r4_c4_m4_w12g8_d64_s2_q2,det,migration,subblock,SystolicCore.LOAD_B,,323,135,0,0,0,,,
mig_det_k4_l4_r4_c4_m4_w12g8_d64_s2_q2,det,migration,subblock,SystolicCore.SWEEP,,2804,3204,64,0,0,,,
mig_det_k4_l4_r4_c4_m4_w12g8_d64_s2_q2,det,migration,subblock,SystolicCore.OUT_C,,1430,336,0,0,0,,,
mig_det_k4_l4_r4_c4_m4_w12g8_d64_s2_q2,det,migration,module,CgStore,cg_store_task_64_4_32_4_2_s,566,281,0,0,0,,,
mig_det_k4_l4_r4_c4_m4_w12g8_d64_s2_q2,det,migration,subblock,CgStore.WORDS,,413,176,0,0,0,,,
mig_det_k4_l4_r4_c4_m4_w12g8_d64_s2_q2,det,migration,module,MemWStream,mem_w_stream_framed_done_task_64_8_s,1613,2265,0,0,0,,,
mig_det_k4_l4_r4_c4_m4_w12g8_d64_s2_q2,det,migration,subblock,MemWStream.BUFF,,826,642,0,0,0,,,
mig_det_k4_l4_r4_c4_m4_w12g8_d64_s2_q2,det,migration,subblock,MemWStream.S2A,,137,100,0,0,0,,,
mig_det_k4_l4_r4_c4_m4_w12g8_d64_s2_q2,det,migration,subblock,MemWStream.ECHO,,171,98,0,0,0,,,
mig_det_k4_l4_r4_c4_m4_w12g8_d64_s2_q2,det,migration,memory,a_blk_U,,12,96,0,0,0,4,96,2
mig_det_k4_l4_r4_c4_m4_w12g8_d64_s2_q2,det,migration,memory,b_blk_U,,0,0,0,3,0,32,96,2
mig_det_k4_l4_r4_c4_m4_w12g8_d64_s2_q2,det,migration,memory,p_blk_U,,0,0,0,3,0,32,96,2
mig_det_k4_l4_r4_c4_m4_w12g8_d64_s2_q2,det,migration,memory,s_blk_U,,0,0,0,3,0,32,96,2
mig_det_k4_l4_r4_c4_m4_w12g8_d64_s2_q2,det,migration,memory,x_blk_U,,0,0,0,3,0,32,96,2
mig_det_k4_l4_r4_c4_m4_w12g8_d64_s2_q2,det,migration,fifo,cmd_rd_U,,0,99,0,0,0,2,65,1
mig_det_k4_l4_r4_c4_m4_w12g8_d64_s2_q2,det,migration,fifo,desc_cs_U,,0,99,0,0,0,2,65,1
mig_det_k4_l4_r4_c4_m4_w12g8_d64_s2_q2,det,migration,fifo,desc_lc_U,,0,99,0,0,0,2,65,1
mig_det_k4_l4_r4_c4_m4_w12g8_d64_s2_q2,det,migration,fifo,m_in_c_U,,0,99,0,0,0,3,64,1
mig_det_k4_l4_r4_c4_m4_w12g8_d64_s2_q2,det,migration,fifo,m_out_c_U,,0,99,0,0,0,8,64,1
mig_det_k4_l4_r4_c4_m4_w12g8_d64_s2_q2,det,migration,fifo,mm_q_U,,0,99,0,0,0,2,64,1
mig_det_k4_l4_r4_c4_m4_w12g8_d64_s2_q2,det,migration,fifo,rdata_U,,0,99,0,0,0,2,65,1
mig_det_k4_l4_r4_c4_m4_w12g8_d64_s2_q2,det,migration,fifo,vec_q_U,,0,99,0,0,0,2,64,1
mig_det_k4_l4_r4_c4_m4_w12g8_d64_s2_q2,det,migration,fifo,wdata_U,,0,99,0,0,0,2,65,1
mig_det_k4_l4_r4_c4_m4_w12g8_d64_s2_q2,det,migration,instance,control_s_axi_U,,296,170,0,0,0,0,0,0
mig_det_k4_l4_r4_c4_m4_w12g8_d64_s2_q2,det,migration,instance,entry_proc_U0,,29,2,0,0,0,0,0,0
mig_det_k4_l4_r4_c4_m4_w12g8_d64_s2_q2,det,migration,instance,gmem0_m_axi_U,,823,725,0,4,0,0,0,0
mig_det_k4_l4_r4_c4_m4_w12g8_d64_s2_q2,det,migration,instance,gmem1_m_axi_U,,811,719,0,4,0,0,0,0
mig_det_k4_l4_r4_c4_m4_w12g8_d64_s2_q2,det,migration,unitemized,unitemized,,602,0,0,0,0,0,0,0
mig_det_k8_l4_r8_c4_m4_w12g8_d64_s2_q2,det,migration,module,CgCmdRx,cg_cmd_rx_task_64_8_32_s,182,74,0,0,0,,,
mig_det_k8_l4_r8_c4_m4_w12g8_d64_s2_q2,det,migration,module,MemRStream,mem_r_stream_framed_task_64_s,817,502,0,0,0,,,
mig_det_k8_l4_r8_c4_m4_w12g8_d64_s2_q2,det,migration,subblock,MemRStream.RELAY,,157,34,0,0,0,,,
mig_det_k8_l4_r8_c4_m4_w12g8_d64_s2_q2,det,migration,subblock,MemRStream.A2S,,174,102,0,0,0,,,
mig_det_k8_l4_r8_c4_m4_w12g8_d64_s2_q2,det,migration,module,CgLoad,cg_load_task_64_8_32_4_2_s,2808,800,0,0,0,,,
mig_det_k8_l4_r8_c4_m4_w12g8_d64_s2_q2,det,migration,subblock,CgLoad.WORDS,,420,261,0,0,0,,,
mig_det_k8_l4_r8_c4_m4_w12g8_d64_s2_q2,det,migration,subblock,CgLoad.WORDS1,,424,263,0,0,0,,,
mig_det_k8_l4_r8_c4_m4_w12g8_d64_s2_q2,det,migration,module,CgCtrl,cg_ctrl_task_64_8_32_s,47,2,0,0,0,,,
mig_det_k8_l4_r8_c4_m4_w12g8_d64_s2_q2,det,migration,module,CgVectorCore,cg_vector_task_8_32_8_4_2_2083753772_s,15109,9458,49,0,0,,,
mig_det_k8_l4_r8_c4_m4_w12g8_d64_s2_q2,det,migration,subblock,CgVectorCore.INIT_K,,371,349,8,0,0,,,
mig_det_k8_l4_r8_c4_m4_w12g8_d64_s2_q2,det,migration,subblock,CgVectorCore.INIT_P,,324,173,0,0,0,,,
mig_det_k8_l4_r8_c4_m4_w12g8_d64_s2_q2,det,migration,subblock,CgVectorCore.PASS1,,371,397,8,0,0,,,
mig_det_k8_l4_r8_c4_m4_w12g8_d64_s2_q2,det,migration,subblock,CgVectorCore.PASS2,,2867,1901,24,0,0,,,
mig_det_k8_l4_r8_c4_m4_w12g8_d64_s2_q2,det,migration,subblock,CgVectorCore.PASS3,,1468,1221,8,0,0,,,
mig_det_k8_l4_r8_c4_m4_w12g8_d64_s2_q2,det,migration,subblock,CgVectorCore.OUT_P,,324,173,0,0,0,,,
mig_det_k8_l4_r8_c4_m4_w12g8_d64_s2_q2,det,migration,subblock,CgVectorCore.OUT_X,,324,173,0,0,0,,,
mig_det_k8_l4_r8_c4_m4_w12g8_d64_s2_q2,det,migration,module,SystolicCore,systolic_core_task_8_8_32_4_8_4_4_2_998446828_s,12426,9241,130,0,0,,,
mig_det_k8_l4_r8_c4_m4_w12g8_d64_s2_q2,det,migration,subblock,SystolicCore.LOAD_A,,1081,189,0,0,0,,,
mig_det_k8_l4_r8_c4_m4_w12g8_d64_s2_q2,det,migration,subblock,SystolicCore.LOAD_B,,324,136,0,0,0,,,
mig_det_k8_l4_r8_c4_m4_w12g8_d64_s2_q2,det,migration,subblock,SystolicCore.SWEEP,,5939,7353,128,0,0,,,
mig_det_k8_l4_r8_c4_m4_w12g8_d64_s2_q2,det,migration,subblock,SystolicCore.OUT_C,,1648,341,0,0,0,,,
mig_det_k8_l4_r8_c4_m4_w12g8_d64_s2_q2,det,migration,module,CgStore,cg_store_task_64_8_32_4_2_s,568,282,0,0,0,,,
mig_det_k8_l4_r8_c4_m4_w12g8_d64_s2_q2,det,migration,subblock,CgStore.WORDS,,415,177,0,0,0,,,
mig_det_k8_l4_r8_c4_m4_w12g8_d64_s2_q2,det,migration,module,MemWStream,mem_w_stream_framed_done_task_64_8_s,1613,2265,0,0,0,,,
mig_det_k8_l4_r8_c4_m4_w12g8_d64_s2_q2,det,migration,subblock,MemWStream.BUFF,,826,642,0,0,0,,,
mig_det_k8_l4_r8_c4_m4_w12g8_d64_s2_q2,det,migration,subblock,MemWStream.S2A,,137,100,0,0,0,,,
mig_det_k8_l4_r8_c4_m4_w12g8_d64_s2_q2,det,migration,subblock,MemWStream.ECHO,,171,98,0,0,0,,,
mig_det_k8_l4_r8_c4_m4_w12g8_d64_s2_q2,det,migration,memory,a_blk_U,,0,0,0,3,0,16,96,2
mig_det_k8_l4_r8_c4_m4_w12g8_d64_s2_q2,det,migration,memory,b_blk_U,,0,0,0,3,0,64,96,2
mig_det_k8_l4_r8_c4_m4_w12g8_d64_s2_q2,det,migration,memory,p_blk_U,,0,0,0,3,0,64,96,2
mig_det_k8_l4_r8_c4_m4_w12g8_d64_s2_q2,det,migration,memory,s_blk_U,,0,0,0,3,0,64,96,2
mig_det_k8_l4_r8_c4_m4_w12g8_d64_s2_q2,det,migration,memory,x_blk_U,,0,0,0,3,0,64,96,2
mig_det_k8_l4_r8_c4_m4_w12g8_d64_s2_q2,det,migration,fifo,cmd_rd_U,,0,99,0,0,0,2,65,1
mig_det_k8_l4_r8_c4_m4_w12g8_d64_s2_q2,det,migration,fifo,desc_cs_U,,0,99,0,0,0,2,65,1
mig_det_k8_l4_r8_c4_m4_w12g8_d64_s2_q2,det,migration,fifo,desc_lc_U,,0,99,0,0,0,2,65,1
mig_det_k8_l4_r8_c4_m4_w12g8_d64_s2_q2,det,migration,fifo,m_in_c_U,,0,99,0,0,0,3,64,1
mig_det_k8_l4_r8_c4_m4_w12g8_d64_s2_q2,det,migration,fifo,m_out_c_U,,0,99,0,0,0,8,64,1
mig_det_k8_l4_r8_c4_m4_w12g8_d64_s2_q2,det,migration,fifo,mm_q_U,,0,99,0,0,0,2,64,1
mig_det_k8_l4_r8_c4_m4_w12g8_d64_s2_q2,det,migration,fifo,rdata_U,,0,99,0,0,0,2,65,1
mig_det_k8_l4_r8_c4_m4_w12g8_d64_s2_q2,det,migration,fifo,vec_q_U,,0,99,0,0,0,2,64,1
mig_det_k8_l4_r8_c4_m4_w12g8_d64_s2_q2,det,migration,fifo,wdata_U,,0,99,0,0,0,2,65,1
mig_det_k8_l4_r8_c4_m4_w12g8_d64_s2_q2,det,migration,instance,control_s_axi_U,,296,170,0,0,0,0,0,0
mig_det_k8_l4_r8_c4_m4_w12g8_d64_s2_q2,det,migration,instance,entry_proc_U0,,29,2,0,0,0,0,0,0
mig_det_k8_l4_r8_c4_m4_w12g8_d64_s2_q2,det,migration,instance,gmem0_m_axi_U,,823,725,0,4,0,0,0,0
mig_det_k8_l4_r8_c4_m4_w12g8_d64_s2_q2,det,migration,instance,gmem1_m_axi_U,,811,719,0,4,0,0,0,0
mig_det_k8_l4_r8_c4_m4_w12g8_d64_s2_q2,det,migration,unitemized,unitemized,,602,0,0,0,0,0,0,0
mig_det_k16_l4_r16_c4_m4_w12g8_d64_s2_q2,det,migration,module,CgCmdRx,cg_cmd_rx_task_64_16_32_s,184,75,0,0,0,,,
mig_det_k16_l4_r16_c4_m4_w12g8_d64_s2_q2,det,migration,module,MemRStream,mem_r_stream_framed_task_64_s,817,502,0,0,0,,,
mig_det_k16_l4_r16_c4_m4_w12g8_d64_s2_q2,det,migration,subblock,MemRStream.RELAY,,157,34,0,0,0,,,
mig_det_k16_l4_r16_c4_m4_w12g8_d64_s2_q2,det,migration,subblock,MemRStream.A2S,,174,102,0,0,0,,,
mig_det_k16_l4_r16_c4_m4_w12g8_d64_s2_q2,det,migration,module,CgLoad,cg_load_task_64_16_32_4_2_s,2814,806,0,0,0,,,
mig_det_k16_l4_r16_c4_m4_w12g8_d64_s2_q2,det,migration,subblock,CgLoad.WORDS,,424,263,0,0,0,,,
mig_det_k16_l4_r16_c4_m4_w12g8_d64_s2_q2,det,migration,subblock,CgLoad.WORDS1,,426,264,0,0,0,,,
mig_det_k16_l4_r16_c4_m4_w12g8_d64_s2_q2,det,migration,module,CgCtrl,cg_ctrl_task_64_16_32_s,47,2,0,0,0,,,
mig_det_k16_l4_r16_c4_m4_w12g8_d64_s2_q2,det,migration,module,CgVectorCore,cg_vector_task_16_32_16_4_2_1756363553_s,15155,9328,49,24,0,,,
mig_det_k16_l4_r16_c4_m4_w12g8_d64_s2_q2,det,migration,subblock,CgVectorCore.INIT_K,,376,354,8,0,0,,,
mig_det_k16_l4_r16_c4_m4_w12g8_d64_s2_q2,det,migration,subblock,CgVectorCore.INIT_P,,325,173,0,0,0,,,
mig_det_k16_l4_r16_c4_m4_w12g8_d64_s2_q2,det,migration,subblock,CgVectorCore.PASS1,,376,402,8,0,0,,,
mig_det_k16_l4_r16_c4_m4_w12g8_d64_s2_q2,det,migration,subblock,CgVectorCore.PASS2,,3128,2354,24,0,0,,,
mig_det_k16_l4_r16_c4_m4_w12g8_d64_s2_q2,det,migration,subblock,CgVectorCore.PASS3,,1468,1200,8,0,0,,,
mig_det_k16_l4_r16_c4_m4_w12g8_d64_s2_q2,det,migration,subblock,CgVectorCore.OUT_P,,325,173,0,0,0,,,
mig_det_k16_l4_r16_c4_m4_w12g8_d64_s2_q2,det,migration,subblock,CgVectorCore.OUT_X,,325,173,0,0,0,,,
mig_det_k16_l4_r16_c4_m4_w12g8_d64_s2_q2,det,migration,module,SystolicCore,systolic_core_task_16_16_32_4_16_4_4_2_2043760165_s,20594,15982,258,8,0,,,
mig_det_k16_l4_r16_c4_m4_w12g8_d64_s2_q2,det,migration,subblock,SystolicCore.LOAD_A,,1713,197,0,0,0,,,
mig_det_k16_l4_r16_c4_m4_w12g8_d64_s2_q2,det,migration,subblock,SystolicCore.LOAD_B,,325,137,0,0,0,,,
mig_det_k16_l4_r16_c4_m4_w12g8_d64_s2_q2,det,migration,subblock,SystolicCore.SWEEP,,10931,13410,256,0,0,,,
mig_det_k16_l4_r16_c4_m4_w12g8_d64_s2_q2,det,migration,subblock,SystolicCore.OUT_C,,1857,346,0,0,0,,,
mig_det_k16_l4_r16_c4_m4_w12g8_d64_s2_q2,det,migration,module,CgStore,cg_store_task_64_16_32_4_2_s,570,283,0,0,0,,,
mig_det_k16_l4_r16_c4_m4_w12g8_d64_s2_q2,det,migration,subblock,CgStore.WORDS,,417,178,0,0,0,,,
mig_det_k16_l4_r16_c4_m4_w12g8_d64_s2_q2,det,migration,module,MemWStream,mem_w_stream_framed_done_task_64_8_s,1613,2265,0,0,0,,,
mig_det_k16_l4_r16_c4_m4_w12g8_d64_s2_q2,det,migration,subblock,MemWStream.BUFF,,826,642,0,0,0,,,
mig_det_k16_l4_r16_c4_m4_w12g8_d64_s2_q2,det,migration,subblock,MemWStream.S2A,,137,100,0,0,0,,,
mig_det_k16_l4_r16_c4_m4_w12g8_d64_s2_q2,det,migration,subblock,MemWStream.ECHO,,171,98,0,0,0,,,
mig_det_k16_l4_r16_c4_m4_w12g8_d64_s2_q2,det,migration,memory,a_blk_U,,0,0,0,3,0,64,96,2
mig_det_k16_l4_r16_c4_m4_w12g8_d64_s2_q2,det,migration,memory,b_blk_U,,0,0,0,3,0,128,96,2
mig_det_k16_l4_r16_c4_m4_w12g8_d64_s2_q2,det,migration,memory,p_blk_U,,0,0,0,3,0,128,96,2
mig_det_k16_l4_r16_c4_m4_w12g8_d64_s2_q2,det,migration,memory,s_blk_U,,0,0,0,3,0,128,96,2
mig_det_k16_l4_r16_c4_m4_w12g8_d64_s2_q2,det,migration,memory,x_blk_U,,0,0,0,3,0,128,96,2
mig_det_k16_l4_r16_c4_m4_w12g8_d64_s2_q2,det,migration,fifo,cmd_rd_U,,0,99,0,0,0,2,65,1
mig_det_k16_l4_r16_c4_m4_w12g8_d64_s2_q2,det,migration,fifo,desc_cs_U,,0,99,0,0,0,2,65,1
mig_det_k16_l4_r16_c4_m4_w12g8_d64_s2_q2,det,migration,fifo,desc_lc_U,,0,99,0,0,0,2,65,1
mig_det_k16_l4_r16_c4_m4_w12g8_d64_s2_q2,det,migration,fifo,m_in_c_U,,0,99,0,0,0,3,64,1
mig_det_k16_l4_r16_c4_m4_w12g8_d64_s2_q2,det,migration,fifo,m_out_c_U,,0,99,0,0,0,8,64,1
mig_det_k16_l4_r16_c4_m4_w12g8_d64_s2_q2,det,migration,fifo,mm_q_U,,0,99,0,0,0,2,64,1
mig_det_k16_l4_r16_c4_m4_w12g8_d64_s2_q2,det,migration,fifo,rdata_U,,0,99,0,0,0,2,65,1
mig_det_k16_l4_r16_c4_m4_w12g8_d64_s2_q2,det,migration,fifo,vec_q_U,,0,99,0,0,0,2,64,1
mig_det_k16_l4_r16_c4_m4_w12g8_d64_s2_q2,det,migration,fifo,wdata_U,,0,99,0,0,0,2,65,1
mig_det_k16_l4_r16_c4_m4_w12g8_d64_s2_q2,det,migration,instance,control_s_axi_U,,296,170,0,0,0,0,0,0
mig_det_k16_l4_r16_c4_m4_w12g8_d64_s2_q2,det,migration,instance,entry_proc_U0,,29,2,0,0,0,0,0,0
mig_det_k16_l4_r16_c4_m4_w12g8_d64_s2_q2,det,migration,instance,gmem0_m_axi_U,,823,725,0,4,0,0,0,0
mig_det_k16_l4_r16_c4_m4_w12g8_d64_s2_q2,det,migration,instance,gmem1_m_axi_U,,811,719,0,4,0,0,0,0
mig_det_k16_l4_r16_c4_m4_w12g8_d64_s2_q2,det,migration,unitemized,unitemized,,602,0,0,0,0,0,0,0
mig_det_k4_l1_r4_c4_m4_w12g8_d64_s2_q2,det,migration,module,CgCmdRx,cg_cmd_rx_task_64_4_32_s,180,38,0,0,0,,,
mig_det_k4_l1_r4_c4_m4_w12g8_d64_s2_q2,det,migration,module,MemRStream,mem_r_stream_framed_task_64_s,817,502,0,0,0,,,
mig_det_k4_l1_r4_c4_m4_w12g8_d64_s2_q2,det,migration,subblock,MemRStream.RELAY,,157,34,0,0,0,,,
mig_det_k4_l1_r4_c4_m4_w12g8_d64_s2_q2,det,migration,subblock,MemRStream.A2S,,174,102,0,0,0,,,
mig_det_k4_l1_r4_c4_m4_w12g8_d64_s2_q2,det,migration,module,CgLoad,cg_load_task_64_4_32_1_2_s,747,165,0,0,0,,,
mig_det_k4_l1_r4_c4_m4_w12g8_d64_s2_q2,det,migration,subblock,CgLoad.WORDS_G,,269,73,0,0,0,,,
mig_det_k4_l1_r4_c4_m4_w12g8_d64_s2_q2,det,migration,subblock,CgLoad.WORDS_G1,,274,82,0,0,0,,,
mig_det_k4_l1_r4_c4_m4_w12g8_d64_s2_q2,det,migration,module,CgCtrl,cg_ctrl_task_64_4_32_s,47,2,0,0,0,,,
mig_det_k4_l1_r4_c4_m4_w12g8_d64_s2_q2,det,migration,module,CgVectorCore,cg_vector_task_4_32_4_1_2_369796828_s,5848,3356,13,6,0,,,
mig_det_k4_l1_r4_c4_m4_w12g8_d64_s2_q2,det,migration,subblock,CgVectorCore.INIT_K,,226,197,2,0,0,,,
mig_det_k4_l1_r4_c4_m4_w12g8_d64_s2_q2,det,migration,subblock,CgVectorCore.INIT_P,,328,178,0,0,0,,,
mig_det_k4_l1_r4_c4_m4_w12g8_d64_s2_q2,det,migration,subblock,CgVectorCore.PASS1,,226,209,2,0,0,,,
mig_det_k4_l1_r4_c4_m4_w12g8_d64_s2_q2,det,migration,subblock,CgVectorCore.PASS2,,914,696,6,0,0,,,
mig_det_k4_l1_r4_c4_m4_w12g8_d64_s2_q2,det,migration,subblock,CgVectorCore.PASS3,,430,324,2,0,0,,,
mig_det_k4_l1_r4_c4_m4_w12g8_d64_s2_q2,det,migration,subblock,CgVectorCore.OUT_P,,328,178,0,0,0,,,
mig_det_k4_l1_r4_c4_m4_w12g8_d64_s2_q2,det,migration,subblock,CgVectorCore.OUT_X,,328,178,0,0,0,,,
mig_det_k4_l1_r4_c4_m4_w12g8_d64_s2_q2,det,migration,module,SystolicCore,systolic_core_task_4_4_32_1_4_4_4_2_1323255824_s,5593,4515,66,0,0,,,
mig_det_k4_l1_r4_c4_m4_w12g8_d64_s2_q2,det,migration,subblock,SystolicCore.LOAD_A,,693,176,0,0,0,,,
mig_det_k4_l1_r4_c4_m4_w12g8_d64_s2_q2,det,migration,subblock,SystolicCore.LOAD_B,,376,200,0,0,0,,,
mig_det_k4_l1_r4_c4_m4_w12g8_d64_s2_q2,det,migration,subblock,SystolicCore.SWEEP,,2617,3255,64,0,0,,,
mig_det_k4_l1_r4_c4_m4_w12g8_d64_s2_q2,det,migration,module,CgStore,cg_store_task_64_4_32_1_2_s,237,116,0,0,0,,,
mig_det_k4_l1_r4_c4_m4_w12g8_d64_s2_q2,det,migration,subblock,CgStore.WORDS_G,,75,11,0,0,0,,,
mig_det_k4_l1_r4_c4_m4_w12g8_d64_s2_q2,det,migration,module,MemWStream,mem_w_stream_framed_done_task_64_8_s,1613,2265,0,0,0,,,
mig_det_k4_l1_r4_c4_m4_w12g8_d64_s2_q2,det,migration,subblock,MemWStream.BUFF,,826,642,0,0,0,,,
mig_det_k4_l1_r4_c4_m4_w12g8_d64_s2_q2,det,migration,subblock,MemWStream.S2A,,137,100,0,0,0,,,
mig_det_k4_l1_r4_c4_m4_w12g8_d64_s2_q2,det,migration,subblock,MemWStream.ECHO,,171,98,0,0,0,,,
mig_det_k4_l1_r4_c4_m4_w12g8_d64_s2_q2,det,migration,memory,a_blk_U,,12,96,0,0,0,16,24,2
mig_det_k4_l1_r4_c4_m4_w12g8_d64_s2_q2,det,migration,memory,b_blk_U,,0,0,0,4,0,128,24,2
mig_det_k4_l1_r4_c4_m4_w12g8_d64_s2_q2,det,migration,memory,p_blk_U,,0,0,0,1,0,128,24,2
mig_det_k4_l1_r4_c4_m4_w12g8_d64_s2_q2,det,migration,memory,s_blk_U,,0,0,0,1,0,128,24,2
mig_det_k4_l1_r4_c4_m4_w12g8_d64_s2_q2,det,migration,memory,x_blk_U,,0,0,0,4,0,128,24,2
mig_det_k4_l1_r4_c4_m4_w12g8_d64_s2_q2,det,migration,fifo,cmd_rd_U,,0,99,0,0,0,2,65,1
mig_det_k4_l1_r4_c4_m4_w12g8_d64_s2_q2,det,migration,fifo,desc_cs_U,,0,99,0,0,0,2,65,1
mig_det_k4_l1_r4_c4_m4_w12g8_d64_s2_q2,det,migration,fifo,desc_lc_U,,0,99,0,0,0,2,65,1
mig_det_k4_l1_r4_c4_m4_w12g8_d64_s2_q2,det,migration,fifo,m_in_c_U,,0,99,0,0,0,3,64,1
mig_det_k4_l1_r4_c4_m4_w12g8_d64_s2_q2,det,migration,fifo,m_out_c_U,,0,99,0,0,0,8,64,1
mig_det_k4_l1_r4_c4_m4_w12g8_d64_s2_q2,det,migration,fifo,mm_q_U,,0,99,0,0,0,2,64,1
mig_det_k4_l1_r4_c4_m4_w12g8_d64_s2_q2,det,migration,fifo,rdata_U,,0,99,0,0,0,2,65,1
mig_det_k4_l1_r4_c4_m4_w12g8_d64_s2_q2,det,migration,fifo,vec_q_U,,0,99,0,0,0,2,64,1
mig_det_k4_l1_r4_c4_m4_w12g8_d64_s2_q2,det,migration,fifo,wdata_U,,0,99,0,0,0,2,65,1
mig_det_k4_l1_r4_c4_m4_w12g8_d64_s2_q2,det,migration,instance,control_s_axi_U,,296,170,0,0,0,0,0,0
mig_det_k4_l1_r4_c4_m4_w12g8_d64_s2_q2,det,migration,instance,entry_proc_U0,,29,2,0,0,0,0,0,0
mig_det_k4_l1_r4_c4_m4_w12g8_d64_s2_q2,det,migration,instance,gmem0_m_axi_U,,823,725,0,4,0,0,0,0
mig_det_k4_l1_r4_c4_m4_w12g8_d64_s2_q2,det,migration,instance,gmem1_m_axi_U,,811,719,0,4,0,0,0,0
mig_det_k4_l1_r4_c4_m4_w12g8_d64_s2_q2,det,migration,unitemized,unitemized,,602,0,0,0,0,0,0,0
mig_det_k4_l2_r4_c4_m4_w12g8_d64_s2_q2,det,migration,module,CgCmdRx,cg_cmd_rx_task_64_4_32_s,180,38,0,0,0,,,
mig_det_k4_l2_r4_c4_m4_w12g8_d64_s2_q2,det,migration,module,MemRStream,mem_r_stream_framed_task_64_s,817,502,0,0,0,,,
mig_det_k4_l2_r4_c4_m4_w12g8_d64_s2_q2,det,migration,subblock,MemRStream.RELAY,,157,34,0,0,0,,,
mig_det_k4_l2_r4_c4_m4_w12g8_d64_s2_q2,det,migration,subblock,MemRStream.A2S,,174,102,0,0,0,,,
mig_det_k4_l2_r4_c4_m4_w12g8_d64_s2_q2,det,migration,module,CgLoad,cg_load_task_64_4_32_2_2_s,711,165,0,0,0,,,
mig_det_k4_l2_r4_c4_m4_w12g8_d64_s2_q2,det,migration,subblock,CgLoad.WORDS,,269,73,0,0,0,,,
mig_det_k4_l2_r4_c4_m4_w12g8_d64_s2_q2,det,migration,subblock,CgLoad.WORDS1,,274,82,0,0,0,,,
mig_det_k4_l2_r4_c4_m4_w12g8_d64_s2_q2,det,migration,module,CgCtrl,cg_ctrl_task_64_4_32_s,47,2,0,0,0,,,
mig_det_k4_l2_r4_c4_m4_w12g8_d64_s2_q2,det,migration,module,CgVectorCore,cg_vector_task_4_32_4_2_2_369796828_s,9012,5634,25,0,0,,,
mig_det_k4_l2_r4_c4_m4_w12g8_d64_s2_q2,det,migration,subblock,CgVectorCore.INIT_K,,272,245,4,0,0,,,
mig_det_k4_l2_r4_c4_m4_w12g8_d64_s2_q2,det,migration,subblock,CgVectorCore.INIT_P,,326,177,0,0,0,,,
mig_det_k4_l2_r4_c4_m4_w12g8_d64_s2_q2,det,migration,subblock,CgVectorCore.PASS1,,272,269,4,0,0,,,
mig_det_k4_l2_r4_c4_m4_w12g8_d64_s2_q2,det,migration,subblock,CgVectorCore.PASS2,,1648,1251,12,0,0,,,
mig_det_k4_l2_r4_c4_m4_w12g8_d64_s2_q2,det,migration,subblock,CgVectorCore.PASS3,,776,625,4,0,0,,,
mig_det_k4_l2_r4_c4_m4_w12g8_d64_s2_q2,det,migration,subblock,CgVectorCore.OUT_P,,326,177,0,0,0,,,
mig_det_k4_l2_r4_c4_m4_w12g8_d64_s2_q2,det,migration,subblock,CgVectorCore.OUT_X,,326,177,0,0,0,,,
mig_det_k4_l2_r4_c4_m4_w12g8_d64_s2_q2,det,migration,module,SystolicCore,systolic_core_task_4_4_32_2_4_4_4_2_1323255824_s,6958,4826,66,0,0,,,
mig_det_k4_l2_r4_c4_m4_w12g8_d64_s2_q2,det,migration,subblock,SystolicCore.LOAD_A,,767,184,0,0,0,,,
mig_det_k4_l2_r4_c4_m4_w12g8_d64_s2_q2,det,migration,subblock,SystolicCore.LOAD_B,,375,200,0,0,0,,,
mig_det_k4_l2_r4_c4_m4_w12g8_d64_s2_q2,det,migration,subblock,SystolicCore.SWEEP,,2963,3543,64,0,0,,,
mig_det_k4_l2_r4_c4_m4_w12g8_d64_s2_q2,det,migration,module,CgStore,cg_store_task_64_4_32_2_2_s,228,116,0,0,0,,,
mig_det_k4_l2_r4_c4_m4_w12g8_d64_s2_q2,det,migration,subblock,CgStore.WORDS,,75,11,0,0,0,,,
mig_det_k4_l2_r4_c4_m4_w12g8_d64_s2_q2,det,migration,module,MemWStream,mem_w_stream_framed_done_task_64_8_s,1613,2265,0,0,0,,,
mig_det_k4_l2_r4_c4_m4_w12g8_d64_s2_q2,det,migration,subblock,MemWStream.BUFF,,826,642,0,0,0,,,
mig_det_k4_l2_r4_c4_m4_w12g8_d64_s2_q2,det,migration,subblock,MemWStream.S2A,,137,100,0,0,0,,,
mig_det_k4_l2_r4_c4_m4_w12g8_d64_s2_q2,det,migration,subblock,MemWStream.ECHO,,171,98,0,0,0,,,
mig_det_k4_l2_r4_c4_m4_w12g8_d64_s2_q2,det,migration,memory,a_blk_U,,12,48,0,0,0,8,48,2
mig_det_k4_l2_r4_c4_m4_w12g8_d64_s2_q2,det,migration,memory,b_blk_U,,0,0,0,2,0,64,48,2
mig_det_k4_l2_r4_c4_m4_w12g8_d64_s2_q2,det,migration,memory,p_blk_U,,0,0,0,2,0,64,48,2
mig_det_k4_l2_r4_c4_m4_w12g8_d64_s2_q2,det,migration,memory,s_blk_U,,0,0,0,2,0,64,48,2
mig_det_k4_l2_r4_c4_m4_w12g8_d64_s2_q2,det,migration,memory,x_blk_U,,0,0,0,2,0,64,48,2
mig_det_k4_l2_r4_c4_m4_w12g8_d64_s2_q2,det,migration,fifo,cmd_rd_U,,0,99,0,0,0,2,65,1
mig_det_k4_l2_r4_c4_m4_w12g8_d64_s2_q2,det,migration,fifo,desc_cs_U,,0,99,0,0,0,2,65,1
mig_det_k4_l2_r4_c4_m4_w12g8_d64_s2_q2,det,migration,fifo,desc_lc_U,,0,99,0,0,0,2,65,1
mig_det_k4_l2_r4_c4_m4_w12g8_d64_s2_q2,det,migration,fifo,m_in_c_U,,0,99,0,0,0,3,64,1
mig_det_k4_l2_r4_c4_m4_w12g8_d64_s2_q2,det,migration,fifo,m_out_c_U,,0,99,0,0,0,8,64,1
mig_det_k4_l2_r4_c4_m4_w12g8_d64_s2_q2,det,migration,fifo,mm_q_U,,0,99,0,0,0,2,64,1
mig_det_k4_l2_r4_c4_m4_w12g8_d64_s2_q2,det,migration,fifo,rdata_U,,0,99,0,0,0,2,65,1
mig_det_k4_l2_r4_c4_m4_w12g8_d64_s2_q2,det,migration,fifo,vec_q_U,,0,99,0,0,0,2,64,1
mig_det_k4_l2_r4_c4_m4_w12g8_d64_s2_q2,det,migration,fifo,wdata_U,,0,99,0,0,0,2,65,1
mig_det_k4_l2_r4_c4_m4_w12g8_d64_s2_q2,det,migration,instance,control_s_axi_U,,296,170,0,0,0,0,0,0
mig_det_k4_l2_r4_c4_m4_w12g8_d64_s2_q2,det,migration,instance,entry_proc_U0,,29,2,0,0,0,0,0,0
mig_det_k4_l2_r4_c4_m4_w12g8_d64_s2_q2,det,migration,instance,gmem0_m_axi_U,,823,725,0,4,0,0,0,0
mig_det_k4_l2_r4_c4_m4_w12g8_d64_s2_q2,det,migration,instance,gmem1_m_axi_U,,811,719,0,4,0,0,0,0
mig_det_k4_l2_r4_c4_m4_w12g8_d64_s2_q2,det,migration,unitemized,unitemized,,602,0,0,0,0,0,0,0
mig_det_k4_l8_r4_c8_m4_w12g8_d64_s2_q2,det,migration,module,CgCmdRx,cg_cmd_rx_task_64_4_32_s,180,38,0,0,0,,,
mig_det_k4_l8_r4_c8_m4_w12g8_d64_s2_q2,det,migration,module,MemRStream,mem_r_stream_framed_task_64_s,817,502,0,0,0,,,
mig_det_k4_l8_r4_c8_m4_w12g8_d64_s2_q2,det,migration,subblock,MemRStream.RELAY,,157,34,0,0,0,,,
mig_det_k4_l8_r4_c8_m4_w12g8_d64_s2_q2,det,migration,subblock,MemRStream.A2S,,174,102,0,0,0,,,
mig_det_k4_l8_r4_c8_m4_w12g8_d64_s2_q2,det,migration,module,CgLoad,cg_load_task_64_4_32_8_2_s,4461,1236,0,0,0,,,
mig_det_k4_l8_r4_c8_m4_w12g8_d64_s2_q2,det,migration,subblock,CgLoad.WORDS,,417,355,0,0,0,,,
mig_det_k4_l8_r4_c8_m4_w12g8_d64_s2_q2,det,migration,subblock,CgLoad.WORDS1,,422,358,0,0,0,,,
mig_det_k4_l8_r4_c8_m4_w12g8_d64_s2_q2,det,migration,module,CgCtrl,cg_ctrl_task_64_4_32_s,47,2,0,0,0,,,
mig_det_k4_l8_r4_c8_m4_w12g8_d64_s2_q2,det,migration,module,CgVectorCore,cg_vector_task_4_32_4_8_2_369796828_s,26690,17402,97,0,0,,,
mig_det_k4_l8_r4_c8_m4_w12g8_d64_s2_q2,det,migration,subblock,CgVectorCore.INIT_K,,557,545,16,0,0,,,
mig_det_k4_l8_r4_c8_m4_w12g8_d64_s2_q2,det,migration,subblock,CgVectorCore.INIT_P,,321,169,0,0,0,,,
mig_det_k4_l8_r4_c8_m4_w12g8_d64_s2_q2,det,migration,subblock,CgVectorCore.PASS1,,557,641,16,0,0,,,
mig_det_k4_l8_r4_c8_m4_w12g8_d64_s2_q2,det,migration,subblock,CgVectorCore.PASS2,,5549,3549,48,0,0,,,
mig_det_k4_l8_r4_c8_m4_w12g8_d64_s2_q2,det,migration,subblock,CgVectorCore.PASS3,,2852,2379,16,0,0,,,
mig_det_k4_l8_r4_c8_m4_w12g8_d64_s2_q2,det,migration,subblock,CgVectorCore.OUT_P,,321,169,0,0,0,,,
mig_det_k4_l8_r4_c8_m4_w12g8_d64_s2_q2,det,migration,subblock,CgVectorCore.OUT_X,,321,169,0,0,0,,,
mig_det_k4_l8_r4_c8_m4_w12g8_d64_s2_q2,det,migration,module,SystolicCore,systolic_core_task_4_4_32_8_4_8_4_2_1323255824_s,11331,8656,130,0,0,,,
mig_det_k4_l8_r4_c8_m4_w12g8_d64_s2_q2,det,migration,subblock,SystolicCore.LOAD_A,,1469,884,0,0,0,,,
mig_det_k4_l8_r4_c8_m4_w12g8_d64_s2_q2,det,migration,subblock,SystolicCore.LOAD_B,,321,133,0,0,0,,,
mig_det_k4_l8_r4_c8_m4_w12g8_d64_s2_q2,det,migration,subblock,SystolicCore.SWEEP,,5498,6408,128,0,0,,,
mig_det_k4_l8_r4_c8_m4_w12g8_d64_s2_q2,det,migration,subblock,SystolicCore.OUT_C,,2753,618,0,0,0,,,
mig_det_k4_l8_r4_c8_m4_w12g8_d64_s2_q2,det,migration,module,CgStore,cg_store_task_64_4_32_8_2_s,645,377,0,0,0,,,
mig_det_k4_l8_r4_c8_m4_w12g8_d64_s2_q2,det,migration,subblock,CgStore.WORDS,,492,272,0,0,0,,,
mig_det_k4_l8_r4_c8_m4_w12g8_d64_s2_q2,det,migration,module,MemWStream,mem_w_stream_framed_done_task_64_8_s,1613,2265,0,0,0,,,
mig_det_k4_l8_r4_c8_m4_w12g8_d64_s2_q2,det,migration,subblock,MemWStream.BUFF,,826,642,0,0,0,,,
mig_det_k4_l8_r4_c8_m4_w12g8_d64_s2_q2,det,migration,subblock,MemWStream.S2A,,137,100,0,0,0,,,
mig_det_k4_l8_r4_c8_m4_w12g8_d64_s2_q2,det,migration,subblock,MemWStream.ECHO,,171,98,0,0,0,,,
mig_det_k4_l8_r4_c8_m4_w12g8_d64_s2_q2,det,migration,memory,a_blk_U,,12,192,0,0,0,2,192,2
mig_det_k4_l8_r4_c8_m4_w12g8_d64_s2_q2,det,migration,memory,b_blk_U,,0,0,0,6,0,16,192,2
mig_det_k4_l8_r4_c8_m4_w12g8_d64_s2_q2,det,migration,memory,p_blk_U,,0,0,0,6,0,16,192,2
mig_det_k4_l8_r4_c8_m4_w12g8_d64_s2_q2,det,migration,memory,s_blk_U,,0,0,0,6,0,16,192,2
mig_det_k4_l8_r4_c8_m4_w12g8_d64_s2_q2,det,migration,memory,x_blk_U,,0,0,0,6,0,16,192,2
mig_det_k4_l8_r4_c8_m4_w12g8_d64_s2_q2,det,migration,fifo,cmd_rd_U,,0,99,0,0,0,2,65,1
mig_det_k4_l8_r4_c8_m4_w12g8_d64_s2_q2,det,migration,fifo,desc_cs_U,,0,99,0,0,0,2,65,1
mig_det_k4_l8_r4_c8_m4_w12g8_d64_s2_q2,det,migration,fifo,desc_lc_U,,0,99,0,0,0,2,65,1
mig_det_k4_l8_r4_c8_m4_w12g8_d64_s2_q2,det,migration,fifo,m_in_c_U,,0,99,0,0,0,3,64,1
mig_det_k4_l8_r4_c8_m4_w12g8_d64_s2_q2,det,migration,fifo,m_out_c_U,,0,99,0,0,0,8,64,1
mig_det_k4_l8_r4_c8_m4_w12g8_d64_s2_q2,det,migration,fifo,mm_q_U,,0,99,0,0,0,2,64,1
mig_det_k4_l8_r4_c8_m4_w12g8_d64_s2_q2,det,migration,fifo,rdata_U,,0,99,0,0,0,2,65,1
mig_det_k4_l8_r4_c8_m4_w12g8_d64_s2_q2,det,migration,fifo,vec_q_U,,0,99,0,0,0,2,64,1
mig_det_k4_l8_r4_c8_m4_w12g8_d64_s2_q2,det,migration,fifo,wdata_U,,0,99,0,0,0,2,65,1
mig_det_k4_l8_r4_c8_m4_w12g8_d64_s2_q2,det,migration,instance,control_s_axi_U,,296,170,0,0,0,0,0,0
mig_det_k4_l8_r4_c8_m4_w12g8_d64_s2_q2,det,migration,instance,entry_proc_U0,,29,2,0,0,0,0,0,0
mig_det_k4_l8_r4_c8_m4_w12g8_d64_s2_q2,det,migration,instance,gmem0_m_axi_U,,823,725,0,4,0,0,0,0
mig_det_k4_l8_r4_c8_m4_w12g8_d64_s2_q2,det,migration,instance,gmem1_m_axi_U,,811,719,0,4,0,0,0,0
mig_det_k4_l8_r4_c8_m4_w12g8_d64_s2_q2,det,migration,unitemized,unitemized,,602,0,0,0,0,0,0,0
mig_det_k4_l16_r4_c16_m4_w12g8_d64_s2_q2,det,migration,module,CgCmdRx,cg_cmd_rx_task_64_4_32_s,180,38,0,0,0,,,
mig_det_k4_l16_r4_c16_m4_w12g8_d64_s2_q2,det,migration,module,MemRStream,mem_r_stream_framed_task_64_s,817,502,0,0,0,,,
mig_det_k4_l16_r4_c16_m4_w12g8_d64_s2_q2,det,migration,subblock,MemRStream.RELAY,,157,34,0,0,0,,,
mig_det_k4_l16_r4_c16_m4_w12g8_d64_s2_q2,det,migration,subblock,MemRStream.A2S,,174,102,0,0,0,,,
mig_det_k4_l16_r4_c16_m4_w12g8_d64_s2_q2,det,migration,module,CgLoad,cg_load_task_64_4_32_16_2_s,8281,2712,0,0,0,,,
mig_det_k4_l16_r4_c16_m4_w12g8_d64_s2_q2,det,migration,subblock,CgLoad.WORDS,,413,549,0,0,0,,,
mig_det_k4_l16_r4_c16_m4_w12g8_d64_s2_q2,det,migration,subblock,CgLoad.WORDS1,,422,550,0,0,0,,,
mig_det_k4_l16_r4_c16_m4_w12g8_d64_s2_q2,det,migration,module,CgCtrl,cg_ctrl_task_64_4_32_s,47,2,0,0,0,,,
mig_det_k4_l16_r4_c16_m4_w12g8_d64_s2_q2,det,migration,module,CgVectorCore,cg_vector_task_4_32_4_16_2_369796828_s,51513,35547,193,0,0,,,
mig_det_k4_l16_r4_c16_m4_w12g8_d64_s2_q2,det,migration,subblock,CgVectorCore.INIT_K,,938,950,32,0,0,,,
mig_det_k4_l16_r4_c16_m4_w12g8_d64_s2_q2,det,migration,subblock,CgVectorCore.INIT_P,,317,165,0,0,0,,,
mig_det_k4_l16_r4_c16_m4_w12g8_d64_s2_q2,det,migration,subblock,CgVectorCore.PASS1,,938,1142,32,0,0,,,
mig_det_k4_l16_r4_c16_m4_w12g8_d64_s2_q2,det,migration,subblock,CgVectorCore.PASS2,,11946,9051,96,0,0,,,
mig_det_k4_l16_r4_c16_m4_w12g8_d64_s2_q2,det,migration,subblock,CgVectorCore.PASS3,,5620,4698,32,0,0,,,
mig_det_k4_l16_r4_c16_m4_w12g8_d64_s2_q2,det,migration,subblock,CgVectorCore.OUT_P,,317,165,0,0,0,,,
mig_det_k4_l16_r4_c16_m4_w12g8_d64_s2_q2,det,migration,subblock,CgVectorCore.OUT_X,,317,165,0,0,0,,,
mig_det_k4_l16_r4_c16_m4_w12g8_d64_s2_q2,det,migration,module,SystolicCore,systolic_core_task_4_4_32_16_4_16_4_2_1323255824_s,20473,16479,258,0,0,,,
mig_det_k4_l16_r4_c16_m4_w12g8_d64_s2_q2,det,migration,subblock,SystolicCore.LOAD_A,,2171,1652,0,0,0,,,
mig_det_k4_l16_r4_c16_m4_w12g8_d64_s2_q2,det,migration,subblock,SystolicCore.LOAD_B,,317,131,0,0,0,,,
mig_det_k4_l16_r4_c16_m4_w12g8_d64_s2_q2,det,migration,subblock,SystolicCore.SWEEP,,10644,12712,256,0,0,,,
mig_det_k4_l16_r4_c16_m4_w12g8_d64_s2_q2,det,migration,subblock,SystolicCore.OUT_C,,5400,1184,0,0,0,,,
mig_det_k4_l16_r4_c16_m4_w12g8_d64_s2_q2,det,migration,module,CgStore,cg_store_task_64_4_32_16_2_s,809,569,0,0,0,,,
mig_det_k4_l16_r4_c16_m4_w12g8_d64_s2_q2,det,migration,subblock,CgStore.WORDS,,656,464,0,0,0,,,
mig_det_k4_l16_r4_c16_m4_w12g8_d64_s2_q2,det,migration,module,MemWStream,mem_w_stream_framed_done_task_64_8_s,1613,2265,0,0,0,,,
mig_det_k4_l16_r4_c16_m4_w12g8_d64_s2_q2,det,migration,subblock,MemWStream.BUFF,,826,642,0,0,0,,,
mig_det_k4_l16_r4_c16_m4_w12g8_d64_s2_q2,det,migration,subblock,MemWStream.S2A,,137,100,0,0,0,,,
mig_det_k4_l16_r4_c16_m4_w12g8_d64_s2_q2,det,migration,subblock,MemWStream.ECHO,,171,98,0,0,0,,,
mig_det_k4_l16_r4_c16_m4_w12g8_d64_s2_q2,det,migration,memory,a_blk_U,,12,384,0,0,0,1,384,2
mig_det_k4_l16_r4_c16_m4_w12g8_d64_s2_q2,det,migration,memory,b_blk_U,,0,0,0,11,0,8,384,2
mig_det_k4_l16_r4_c16_m4_w12g8_d64_s2_q2,det,migration,memory,p_blk_U,,0,0,0,11,0,8,384,2
mig_det_k4_l16_r4_c16_m4_w12g8_d64_s2_q2,det,migration,memory,s_blk_U,,0,0,0,11,0,8,384,2
mig_det_k4_l16_r4_c16_m4_w12g8_d64_s2_q2,det,migration,memory,x_blk_U,,0,0,0,11,0,8,384,2
mig_det_k4_l16_r4_c16_m4_w12g8_d64_s2_q2,det,migration,fifo,cmd_rd_U,,0,99,0,0,0,2,65,1
mig_det_k4_l16_r4_c16_m4_w12g8_d64_s2_q2,det,migration,fifo,desc_cs_U,,0,99,0,0,0,2,65,1
mig_det_k4_l16_r4_c16_m4_w12g8_d64_s2_q2,det,migration,fifo,desc_lc_U,,0,99,0,0,0,2,65,1
mig_det_k4_l16_r4_c16_m4_w12g8_d64_s2_q2,det,migration,fifo,m_in_c_U,,0,99,0,0,0,3,64,1
mig_det_k4_l16_r4_c16_m4_w12g8_d64_s2_q2,det,migration,fifo,m_out_c_U,,0,99,0,0,0,8,64,1
mig_det_k4_l16_r4_c16_m4_w12g8_d64_s2_q2,det,migration,fifo,mm_q_U,,0,99,0,0,0,2,64,1
mig_det_k4_l16_r4_c16_m4_w12g8_d64_s2_q2,det,migration,fifo,rdata_U,,0,99,0,0,0,2,65,1
mig_det_k4_l16_r4_c16_m4_w12g8_d64_s2_q2,det,migration,fifo,vec_q_U,,0,99,0,0,0,2,64,1
mig_det_k4_l16_r4_c16_m4_w12g8_d64_s2_q2,det,migration,fifo,wdata_U,,0,99,0,0,0,2,65,1
mig_det_k4_l16_r4_c16_m4_w12g8_d64_s2_q2,det,migration,instance,control_s_axi_U,,296,170,0,0,0,0,0,0
mig_det_k4_l16_r4_c16_m4_w12g8_d64_s2_q2,det,migration,instance,entry_proc_U0,,29,2,0,0,0,0,0,0
mig_det_k4_l16_r4_c16_m4_w12g8_d64_s2_q2,det,migration,instance,gmem0_m_axi_U,,823,725,0,4,0,0,0,0
mig_det_k4_l16_r4_c16_m4_w12g8_d64_s2_q2,det,migration,instance,gmem1_m_axi_U,,811,719,0,4,0,0,0,0
mig_det_k4_l16_r4_c16_m4_w12g8_d64_s2_q2,det,migration,unitemized,unitemized,,602,0,0,0,0,0,0,0
mig_det_k4_l4_r4_c4_m4_w8g8_d64_s2_q2,det,migration,module,CgCmdRx,cg_cmd_rx_task_64_4_32_s,180,38,0,0,0,,,
mig_det_k4_l4_r4_c4_m4_w8g8_d64_s2_q2,det,migration,module,MemRStream,mem_r_stream_framed_task_64_s,817,502,0,0,0,,,
mig_det_k4_l4_r4_c4_m4_w8g8_d64_s2_q2,det,migration,subblock,MemRStream.RELAY,,157,34,0,0,0,,,
mig_det_k4_l4_r4_c4_m4_w8g8_d64_s2_q2,det,migration,subblock,MemRStream.A2S,,174,102,0,0,0,,,
mig_det_k4_l4_r4_c4_m4_w8g8_d64_s2_q2,det,migration,module,CgLoad,cg_load_task_64_4_32_4_2_s,2047,621,0,0,0,,,
mig_det_k4_l4_r4_c4_m4_w8g8_d64_s2_q2,det,migration,subblock,CgLoad.WORDS,,377,211,0,0,0,,,
mig_det_k4_l4_r4_c4_m4_w8g8_d64_s2_q2,det,migration,subblock,CgLoad.WORDS1,,382,214,0,0,0,,,
mig_det_k4_l4_r4_c4_m4_w8g8_d64_s2_q2,det,migration,module,CgCtrl,cg_ctrl_task_64_4_32_s,47,2,0,0,0,,,
mig_det_k4_l4_r4_c4_m4_w8g8_d64_s2_q2,det,migration,module,CgVectorCore,cg_vector_task_4_32_4_4_2_762655326_s,14699,7333,13,0,0,,,
mig_det_k4_l4_r4_c4_m4_w8g8_d64_s2_q2,det,migration,subblock,CgVectorCore.INIT_K,,698,276,0,0,0,,,
mig_det_k4_l4_r4_c4_m4_w8g8_d64_s2_q2,det,migration,subblock,CgVectorCore.INIT_P,,323,173,0,0,0,,,
mig_det_k4_l4_r4_c4_m4_w8g8_d64_s2_q2,det,migration,subblock,CgVectorCore.PASS1,,474,312,4,0,0,,,
mig_det_k4_l4_r4_c4_m4_w8g8_d64_s2_q2,det,migration,subblock,CgVectorCore.PASS2,,3154,1288,8,0,0,,,
mig_det_k4_l4_r4_c4_m4_w8g8_d64_s2_q2,det,migration,subblock,CgVectorCore.PASS3,,1604,884,0,0,0,,,
mig_det_k4_l4_r4_c4_m4_w8g8_d64_s2_q2,det,migration,subblock,CgVectorCore.OUT_P,,323,173,0,0,0,,,
mig_det_k4_l4_r4_c4_m4_w8g8_d64_s2_q2,det,migration,subblock,CgVectorCore.OUT_X,,323,173,0,0,0,,,
mig_det_k4_l4_r4_c4_m4_w8g8_d64_s2_q2,det,migration,module,SystolicCore,systolic_core_task_4_4_32_4_4_4_4_2_1968597333_s,7335,3377,34,0,0,,,
mig_det_k4_l4_r4_c4_m4_w8g8_d64_s2_q2,det,migration,subblock,SystolicCore.LOAD_A,,1023,372,0,0,0,,,
mig_det_k4_l4_r4_c4_m4_w8g8_d64_s2_q2,det,migration,subblock,SystolicCore.LOAD_B,,323,135,0,0,0,,,
mig_det_k4_l4_r4_c4_m4_w8g8_d64_s2_q2,det,migration,subblock,SystolicCore.SWEEP,,3776,2204,32,0,0,,,
mig_det_k4_l4_r4_c4_m4_w8g8_d64_s2_q2,det,migration,subblock,SystolicCore.OUT_C,,1282,244,0,0,0,,,
mig_det_k4_l4_r4_c4_m4_w8g8_d64_s2_q2,det,migration,module,CgStore,cg_store_task_64_4_32_4_2_s,539,249,0,0,0,,,
mig_det_k4_l4_r4_c4_m4_w8g8_d64_s2_q2,det,migration,subblock,CgStore.WORDS,,386,144,0,0,0,,,
mig_det_k4_l4_r4_c4_m4_w8g8_d64_s2_q2,det,migration,module,MemWStream,mem_w_stream_framed_done_task_64_8_s,1613,2265,0,0,0,,,
mig_det_k4_l4_r4_c4_m4_w8g8_d64_s2_q2,det,migration,subblock,MemWStream.BUFF,,826,642,0,0,0,,,
mig_det_k4_l4_r4_c4_m4_w8g8_d64_s2_q2,det,migration,subblock,MemWStream.S2A,,137,100,0,0,0,,,
mig_det_k4_l4_r4_c4_m4_w8g8_d64_s2_q2,det,migration,subblock,MemWStream.ECHO,,171,98,0,0,0,,,
mig_det_k4_l4_r4_c4_m4_w8g8_d64_s2_q2,det,migration,memory,a_blk_U,,8,64,0,0,0,4,64,2
mig_det_k4_l4_r4_c4_m4_w8g8_d64_s2_q2,det,migration,memory,b_blk_U,,0,0,0,2,0,32,64,2
mig_det_k4_l4_r4_c4_m4_w8g8_d64_s2_q2,det,migration,memory,p_blk_U,,0,0,0,2,0,32,64,2
mig_det_k4_l4_r4_c4_m4_w8g8_d64_s2_q2,det,migration,memory,s_blk_U,,0,0,0,2,0,32,64,2
mig_det_k4_l4_r4_c4_m4_w8g8_d64_s2_q2,det,migration,memory,x_blk_U,,0,0,0,2,0,32,64,2
mig_det_k4_l4_r4_c4_m4_w8g8_d64_s2_q2,det,migration,fifo,cmd_rd_U,,0,99,0,0,0,2,65,1
mig_det_k4_l4_r4_c4_m4_w8g8_d64_s2_q2,det,migration,fifo,desc_cs_U,,0,99,0,0,0,2,65,1
mig_det_k4_l4_r4_c4_m4_w8g8_d64_s2_q2,det,migration,fifo,desc_lc_U,,0,99,0,0,0,2,65,1
mig_det_k4_l4_r4_c4_m4_w8g8_d64_s2_q2,det,migration,fifo,m_in_c_U,,0,99,0,0,0,3,64,1
mig_det_k4_l4_r4_c4_m4_w8g8_d64_s2_q2,det,migration,fifo,m_out_c_U,,0,99,0,0,0,8,64,1
mig_det_k4_l4_r4_c4_m4_w8g8_d64_s2_q2,det,migration,fifo,mm_q_U,,0,99,0,0,0,2,64,1
mig_det_k4_l4_r4_c4_m4_w8g8_d64_s2_q2,det,migration,fifo,rdata_U,,0,99,0,0,0,2,65,1
mig_det_k4_l4_r4_c4_m4_w8g8_d64_s2_q2,det,migration,fifo,vec_q_U,,0,99,0,0,0,2,64,1
mig_det_k4_l4_r4_c4_m4_w8g8_d64_s2_q2,det,migration,fifo,wdata_U,,0,99,0,0,0,2,65,1
mig_det_k4_l4_r4_c4_m4_w8g8_d64_s2_q2,det,migration,instance,control_s_axi_U,,296,170,0,0,0,0,0,0
mig_det_k4_l4_r4_c4_m4_w8g8_d64_s2_q2,det,migration,instance,entry_proc_U0,,29,2,0,0,0,0,0,0
mig_det_k4_l4_r4_c4_m4_w8g8_d64_s2_q2,det,migration,instance,gmem0_m_axi_U,,823,725,0,4,0,0,0,0
mig_det_k4_l4_r4_c4_m4_w8g8_d64_s2_q2,det,migration,instance,gmem1_m_axi_U,,811,719,0,4,0,0,0,0
mig_det_k4_l4_r4_c4_m4_w8g8_d64_s2_q2,det,migration,unitemized,unitemized,,602,0,0,0,0,0,0,0
mig_det_k4_l4_r4_c4_m4_w16g8_d64_s2_q2,det,migration,module,CgCmdRx,cg_cmd_rx_task_64_4_32_s,180,38,0,0,0,,,
mig_det_k4_l4_r4_c4_m4_w16g8_d64_s2_q2,det,migration,module,MemRStream,mem_r_stream_framed_task_64_s,817,502,0,0,0,,,
mig_det_k4_l4_r4_c4_m4_w16g8_d64_s2_q2,det,migration,subblock,MemRStream.RELAY,,157,34,0,0,0,,,
mig_det_k4_l4_r4_c4_m4_w16g8_d64_s2_q2,det,migration,subblock,MemRStream.A2S,,174,102,0,0,0,,,
mig_det_k4_l4_r4_c4_m4_w16g8_d64_s2_q2,det,migration,module,CgLoad,cg_load_task_64_4_32_4_2_s,2791,725,0,0,0,,,
mig_det_k4_l4_r4_c4_m4_w16g8_d64_s2_q2,det,migration,subblock,CgLoad.WORDS,,219,233,0,0,0,,,
mig_det_k4_l4_r4_c4_m4_w16g8_d64_s2_q2,det,migration,subblock,CgLoad.WORDS1,,224,236,0,0,0,,,
mig_det_k4_l4_r4_c4_m4_w16g8_d64_s2_q2,det,migration,module,CgCtrl,cg_ctrl_task_64_4_32_s,47,2,0,0,0,,,
mig_det_k4_l4_r4_c4_m4_w16g8_d64_s2_q2,det,migration,module,CgVectorCore,cg_vector_task_4_32_4_4_2_1036498926_s,16665,11988,49,0,0,,,
mig_det_k4_l4_r4_c4_m4_w16g8_d64_s2_q2,det,migration,subblock,CgVectorCore.INIT_K,,546,599,8,0,0,,,
mig_det_k4_l4_r4_c4_m4_w16g8_d64_s2_q2,det,migration,subblock,CgVectorCore.INIT_P,,323,173,0,0,0,,,
mig_det_k4_l4_r4_c4_m4_w16g8_d64_s2_q2,det,migration,subblock,CgVectorCore.PASS1,,398,531,8,0,0,,,
mig_det_k4_l4_r4_c4_m4_w16g8_d64_s2_q2,det,migration,subblock,CgVectorCore.PASS2,,3218,2257,24,0,0,,,
mig_det_k4_l4_r4_c4_m4_w16g8_d64_s2_q2,det,migration,subblock,CgVectorCore.PASS3,,1636,1539,8,0,0,,,
mig_det_k4_l4_r4_c4_m4_w16g8_d64_s2_q2,det,migration,subblock,CgVectorCore.OUT_P,,323,173,0,0,0,,,
mig_det_k4_l4_r4_c4_m4_w16g8_d64_s2_q2,det,migration,subblock,CgVectorCore.OUT_X,,323,173,0,0,0,,,
mig_det_k4_l4_r4_c4_m4_w16g8_d64_s2_q2,det,migration,module,SystolicCore,systolic_core_task_4_4_32_4_4_4_4_2_736480179_s,7291,5944,66,0,0,,,
mig_det_k4_l4_r4_c4_m4_w16g8_d64_s2_q2,det,migration,subblock,SystolicCore.LOAD_A,,1279,628,0,0,0,,,
mig_det_k4_l4_r4_c4_m4_w16g8_d64_s2_q2,det,migration,subblock,SystolicCore.LOAD_B,,323,135,0,0,0,,,
mig_det_k4_l4_r4_c4_m4_w16g8_d64_s2_q2,det,migration,subblock,SystolicCore.SWEEP,,3136,4279,64,0,0,,,
mig_det_k4_l4_r4_c4_m4_w16g8_d64_s2_q2,det,migration,subblock,SystolicCore.OUT_C,,1590,416,0,0,0,,,
mig_det_k4_l4_r4_c4_m4_w16g8_d64_s2_q2,det,migration,module,CgStore,cg_store_task_64_4_32_4_2_s,582,313,0,0,0,,,
mig_det_k4_l4_r4_c4_m4_w16g8_d64_s2_q2,det,migration,subblock,CgStore.WORDS,,429,208,0,0,0,,,
mig_det_k4_l4_r4_c4_m4_w16g8_d64_s2_q2,det,migration,module,MemWStream,mem_w_stream_framed_done_task_64_8_s,1613,2265,0,0,0,,,
mig_det_k4_l4_r4_c4_m4_w16g8_d64_s2_q2,det,migration,subblock,MemWStream.BUFF,,826,642,0,0,0,,,
mig_det_k4_l4_r4_c4_m4_w16g8_d64_s2_q2,det,migration,subblock,MemWStream.S2A,,137,100,0,0,0,,,
mig_det_k4_l4_r4_c4_m4_w16g8_d64_s2_q2,det,migration,subblock,MemWStream.ECHO,,171,98,0,0,0,,,
mig_det_k4_l4_r4_c4_m4_w16g8_d64_s2_q2,det,migration,memory,a_blk_U,,0,0,0,4,0,4,128,2
mig_det_k4_l4_r4_c4_m4_w16g8_d64_s2_q2,det,migration,memory,b_blk_U,,0,0,0,4,0,32,128,2
mig_det_k4_l4_r4_c4_m4_w16g8_d64_s2_q2,det,migration,memory,p_blk_U,,0,0,0,4,0,32,128,2
mig_det_k4_l4_r4_c4_m4_w16g8_d64_s2_q2,det,migration,memory,s_blk_U,,0,0,0,4,0,32,128,2
mig_det_k4_l4_r4_c4_m4_w16g8_d64_s2_q2,det,migration,memory,x_blk_U,,0,0,0,4,0,32,128,2
mig_det_k4_l4_r4_c4_m4_w16g8_d64_s2_q2,det,migration,fifo,cmd_rd_U,,0,99,0,0,0,2,65,1
mig_det_k4_l4_r4_c4_m4_w16g8_d64_s2_q2,det,migration,fifo,desc_cs_U,,0,99,0,0,0,2,65,1
mig_det_k4_l4_r4_c4_m4_w16g8_d64_s2_q2,det,migration,fifo,desc_lc_U,,0,99,0,0,0,2,65,1
mig_det_k4_l4_r4_c4_m4_w16g8_d64_s2_q2,det,migration,fifo,m_in_c_U,,0,99,0,0,0,3,64,1
mig_det_k4_l4_r4_c4_m4_w16g8_d64_s2_q2,det,migration,fifo,m_out_c_U,,0,99,0,0,0,8,64,1
mig_det_k4_l4_r4_c4_m4_w16g8_d64_s2_q2,det,migration,fifo,mm_q_U,,0,99,0,0,0,2,64,1
mig_det_k4_l4_r4_c4_m4_w16g8_d64_s2_q2,det,migration,fifo,rdata_U,,0,99,0,0,0,2,65,1
mig_det_k4_l4_r4_c4_m4_w16g8_d64_s2_q2,det,migration,fifo,vec_q_U,,0,99,0,0,0,2,64,1
mig_det_k4_l4_r4_c4_m4_w16g8_d64_s2_q2,det,migration,fifo,wdata_U,,0,99,0,0,0,2,65,1
mig_det_k4_l4_r4_c4_m4_w16g8_d64_s2_q2,det,migration,instance,control_s_axi_U,,296,170,0,0,0,0,0,0
mig_det_k4_l4_r4_c4_m4_w16g8_d64_s2_q2,det,migration,instance,entry_proc_U0,,29,2,0,0,0,0,0,0
mig_det_k4_l4_r4_c4_m4_w16g8_d64_s2_q2,det,migration,instance,gmem0_m_axi_U,,823,725,0,4,0,0,0,0
mig_det_k4_l4_r4_c4_m4_w16g8_d64_s2_q2,det,migration,instance,gmem1_m_axi_U,,811,719,0,4,0,0,0,0
mig_det_k4_l4_r4_c4_m4_w16g8_d64_s2_q2,det,migration,unitemized,unitemized,,602,0,0,0,0,0,0,0
mig_det_k4_l4_r4_c4_m4_w12g8_d32_s2_q2,det,migration,module,CgCmdRx,cg_cmd_rx_task_32_4_32_s,216,73,0,0,0,,,
mig_det_k4_l4_r4_c4_m4_w12g8_d32_s2_q2,det,migration,module,MemRStream,mem_r_stream_framed_task_32_s,842,472,0,0,0,,,
mig_det_k4_l4_r4_c4_m4_w12g8_d32_s2_q2,det,migration,subblock,MemRStream.RELAY,,157,34,0,0,0,,,
mig_det_k4_l4_r4_c4_m4_w12g8_d32_s2_q2,det,migration,subblock,MemRStream.A2S,,174,70,0,0,0,,,
mig_det_k4_l4_r4_c4_m4_w12g8_d32_s2_q2,det,migration,module,CgLoad,cg_load_task_32_4_32_4_2_s,2626,809,0,0,0,,,
mig_det_k4_l4_r4_c4_m4_w12g8_d32_s2_q2,det,migration,subblock,CgLoad.WORDS,,320,232,0,0,0,,,
mig_det_k4_l4_r4_c4_m4_w12g8_d32_s2_q2,det,migration,subblock,CgLoad.WORDS1,,326,235,0,0,0,,,
mig_det_k4_l4_r4_c4_m4_w12g8_d32_s2_q2,det,migration,module,CgCtrl,cg_ctrl_task_32_4_32_s,83,102,0,0,0,,,
mig_det_k4_l4_r4_c4_m4_w12g8_d32_s2_q2,det,migration,module,CgVectorCore,cg_vector_task_4_32_4_4_2_369796828_s,14811,9406,49,0,0,,,
mig_det_k4_l4_r4_c4_m4_w12g8_d32_s2_q2,det,migration,subblock,CgVectorCore.INIT_K,,366,344,8,0,0,,,
mig_det_k4_l4_r4_c4_m4_w12g8_d32_s2_q2,det,migration,subblock,CgVectorCore.INIT_P,,323,173,0,0,0,,,
mig_det_k4_l4_r4_c4_m4_w12g8_d32_s2_q2,det,migration,subblock,CgVectorCore.PASS1,,366,392,8,0,0,,,
mig_det_k4_l4_r4_c4_m4_w12g8_d32_s2_q2,det,migration,subblock,CgVectorCore.PASS2,,2862,1872,24,0,0,,,
mig_det_k4_l4_r4_c4_m4_w12g8_d32_s2_q2,det,migration,subblock,CgVectorCore.PASS3,,1468,1212,8,0,0,,,
mig_det_k4_l4_r4_c4_m4_w12g8_d32_s2_q2,det,migration,subblock,CgVectorCore.OUT_P,,323,173,0,0,0,,,
mig_det_k4_l4_r4_c4_m4_w12g8_d32_s2_q2,det,migration,subblock,CgVectorCore.OUT_X,,323,173,0,0,0,,,
mig_det_k4_l4_r4_c4_m4_w12g8_d32_s2_q2,det,migration,module,SystolicCore,systolic_core_task_4_4_32_4_4_4_4_2_1323255824_s,6623,4629,66,0,0,,,
mig_det_k4_l4_r4_c4_m4_w12g8_d32_s2_q2,det,migration,subblock,SystolicCore.LOAD_A,,1119,500,0,0,0,,,
mig_det_k4_l4_r4_c4_m4_w12g8_d32_s2_q2,det,migration,subblock,SystolicCore.LOAD_B,,323,135,0,0,0,,,
mig_det_k4_l4_r4_c4_m4_w12g8_d32_s2_q2,det,migration,subblock,SystolicCore.SWEEP,,2804,3204,64,0,0,,,
mig_det_k4_l4_r4_c4_m4_w12g8_d32_s2_q2,det,migration,subblock,SystolicCore.OUT_C,,1430,336,0,0,0,,,
mig_det_k4_l4_r4_c4_m4_w12g8_d32_s2_q2,det,migration,module,CgStore,cg_store_task_32_4_32_4_2_s,637,287,0,0,0,,,
mig_det_k4_l4_r4_c4_m4_w12g8_d32_s2_q2,det,migration,subblock,CgStore.WORDS,,433,177,0,0,0,,,
mig_det_k4_l4_r4_c4_m4_w12g8_d32_s2_q2,det,migration,module,MemWStream,mem_w_stream_framed_done_task_32_8_s,1374,1435,0,0,0,,,
mig_det_k4_l4_r4_c4_m4_w12g8_d32_s2_q2,det,migration,subblock,MemWStream.BUFF,,570,386,0,0,0,,,
mig_det_k4_l4_r4_c4_m4_w12g8_d32_s2_q2,det,migration,subblock,MemWStream.S2A,,137,68,0,0,0,,,
mig_det_k4_l4_r4_c4_m4_w12g8_d32_s2_q2,det,migration,subblock,MemWStream.ECHO,,171,66,0,0,0,,,
mig_det_k4_l4_r4_c4_m4_w12g8_d32_s2_q2,det,migration,memory,a_blk_U,,12,96,0,0,0,4,96,2
mig_det_k4_l4_r4_c4_m4_w12g8_d32_s2_q2,det,migration,memory,b_blk_U,,0,0,0,3,0,32,96,2
mig_det_k4_l4_r4_c4_m4_w12g8_d32_s2_q2,det,migration,memory,p_blk_U,,0,0,0,3,0,32,96,2
mig_det_k4_l4_r4_c4_m4_w12g8_d32_s2_q2,det,migration,memory,s_blk_U,,0,0,0,3,0,32,96,2
mig_det_k4_l4_r4_c4_m4_w12g8_d32_s2_q2,det,migration,memory,x_blk_U,,0,0,0,3,0,32,96,2
mig_det_k4_l4_r4_c4_m4_w12g8_d32_s2_q2,det,migration,fifo,cmd_rd_U,,0,99,0,0,0,2,33,1
mig_det_k4_l4_r4_c4_m4_w12g8_d32_s2_q2,det,migration,fifo,desc_cs_U,,0,99,0,0,0,2,33,1
mig_det_k4_l4_r4_c4_m4_w12g8_d32_s2_q2,det,migration,fifo,desc_lc_U,,0,99,0,0,0,2,33,1
mig_det_k4_l4_r4_c4_m4_w12g8_d32_s2_q2,det,migration,fifo,m_in_c_U,,0,99,0,0,0,3,64,1
mig_det_k4_l4_r4_c4_m4_w12g8_d32_s2_q2,det,migration,fifo,m_out_c_U,,0,99,0,0,0,8,64,1
mig_det_k4_l4_r4_c4_m4_w12g8_d32_s2_q2,det,migration,fifo,mm_q_U,,0,99,0,0,0,2,64,1
mig_det_k4_l4_r4_c4_m4_w12g8_d32_s2_q2,det,migration,fifo,rdata_U,,0,99,0,0,0,2,33,1
mig_det_k4_l4_r4_c4_m4_w12g8_d32_s2_q2,det,migration,fifo,vec_q_U,,0,99,0,0,0,2,64,1
mig_det_k4_l4_r4_c4_m4_w12g8_d32_s2_q2,det,migration,fifo,wdata_U,,0,99,0,0,0,2,33,1
mig_det_k4_l4_r4_c4_m4_w12g8_d32_s2_q2,det,migration,instance,control_s_axi_U,,296,170,0,0,0,0,0,0
mig_det_k4_l4_r4_c4_m4_w12g8_d32_s2_q2,det,migration,instance,entry_proc_U0,,29,2,0,0,0,0,0,0
mig_det_k4_l4_r4_c4_m4_w12g8_d32_s2_q2,det,migration,instance,gmem0_m_axi_U,,637,671,0,2,0,0,0,0
mig_det_k4_l4_r4_c4_m4_w12g8_d32_s2_q2,det,migration,instance,gmem1_m_axi_U,,625,665,0,2,0,0,0,0
mig_det_k4_l4_r4_c4_m4_w12g8_d32_s2_q2,det,migration,unitemized,unitemized,,602,0,0,0,0,0,0,0
mig_det_k4_l4_r4_c4_m4_w12g8_d64_s3_q2,det,migration,module,CgCmdRx,cg_cmd_rx_task_64_4_32_s,180,38,0,0,0,,,
mig_det_k4_l4_r4_c4_m4_w12g8_d64_s3_q2,det,migration,module,MemRStream,mem_r_stream_framed_task_64_s,817,502,0,0,0,,,
mig_det_k4_l4_r4_c4_m4_w12g8_d64_s3_q2,det,migration,subblock,MemRStream.RELAY,,157,34,0,0,0,,,
mig_det_k4_l4_r4_c4_m4_w12g8_d64_s3_q2,det,migration,subblock,MemRStream.A2S,,174,102,0,0,0,,,
mig_det_k4_l4_r4_c4_m4_w12g8_d64_s3_q2,det,migration,module,CgLoad,cg_load_task_64_4_32_4_3_s,2803,794,0,0,0,,,
mig_det_k4_l4_r4_c4_m4_w12g8_d64_s3_q2,det,migration,subblock,CgLoad.WORDS,,417,259,0,0,0,,,
mig_det_k4_l4_r4_c4_m4_w12g8_d64_s3_q2,det,migration,subblock,CgLoad.WORDS1,,422,262,0,0,0,,,
mig_det_k4_l4_r4_c4_m4_w12g8_d64_s3_q2,det,migration,module,CgCtrl,cg_ctrl_task_64_4_32_s,47,2,0,0,0,,,
mig_det_k4_l4_r4_c4_m4_w12g8_d64_s3_q2,det,migration,module,CgVectorCore,cg_vector_task_4_32_4_4_3_369796828_s,14811,9406,49,0,0,,,
mig_det_k4_l4_r4_c4_m4_w12g8_d64_s3_q2,det,migration,subblock,CgVectorCore.INIT_K,,366,344,8,0,0,,,
mig_det_k4_l4_r4_c4_m4_w12g8_d64_s3_q2,det,migration,subblock,CgVectorCore.INIT_P,,323,173,0,0,0,,,
mig_det_k4_l4_r4_c4_m4_w12g8_d64_s3_q2,det,migration,subblock,CgVectorCore.PASS1,,366,392,8,0,0,,,
mig_det_k4_l4_r4_c4_m4_w12g8_d64_s3_q2,det,migration,subblock,CgVectorCore.PASS2,,2862,1872,24,0,0,,,
mig_det_k4_l4_r4_c4_m4_w12g8_d64_s3_q2,det,migration,subblock,CgVectorCore.PASS3,,1468,1212,8,0,0,,,
mig_det_k4_l4_r4_c4_m4_w12g8_d64_s3_q2,det,migration,subblock,CgVectorCore.OUT_P,,323,173,0,0,0,,,
mig_det_k4_l4_r4_c4_m4_w12g8_d64_s3_q2,det,migration,subblock,CgVectorCore.OUT_X,,323,173,0,0,0,,,
mig_det_k4_l4_r4_c4_m4_w12g8_d64_s3_q2,det,migration,module,SystolicCore,systolic_core_task_4_4_32_4_4_4_4_3_1323255824_s,6623,4629,66,0,0,,,
mig_det_k4_l4_r4_c4_m4_w12g8_d64_s3_q2,det,migration,subblock,SystolicCore.LOAD_A,,1119,500,0,0,0,,,
mig_det_k4_l4_r4_c4_m4_w12g8_d64_s3_q2,det,migration,subblock,SystolicCore.LOAD_B,,323,135,0,0,0,,,
mig_det_k4_l4_r4_c4_m4_w12g8_d64_s3_q2,det,migration,subblock,SystolicCore.SWEEP,,2804,3204,64,0,0,,,
mig_det_k4_l4_r4_c4_m4_w12g8_d64_s3_q2,det,migration,subblock,SystolicCore.OUT_C,,1430,336,0,0,0,,,
mig_det_k4_l4_r4_c4_m4_w12g8_d64_s3_q2,det,migration,module,CgStore,cg_store_task_64_4_32_4_3_s,566,281,0,0,0,,,
mig_det_k4_l4_r4_c4_m4_w12g8_d64_s3_q2,det,migration,subblock,CgStore.WORDS,,413,176,0,0,0,,,
mig_det_k4_l4_r4_c4_m4_w12g8_d64_s3_q2,det,migration,module,MemWStream,mem_w_stream_framed_done_task_64_8_s,1613,2265,0,0,0,,,
mig_det_k4_l4_r4_c4_m4_w12g8_d64_s3_q2,det,migration,subblock,MemWStream.BUFF,,826,642,0,0,0,,,
mig_det_k4_l4_r4_c4_m4_w12g8_d64_s3_q2,det,migration,subblock,MemWStream.S2A,,137,100,0,0,0,,,
mig_det_k4_l4_r4_c4_m4_w12g8_d64_s3_q2,det,migration,subblock,MemWStream.ECHO,,171,98,0,0,0,,,
mig_det_k4_l4_r4_c4_m4_w12g8_d64_s3_q2,det,migration,memory,a_blk_U,,0,0,0,3,0,4,96,3
mig_det_k4_l4_r4_c4_m4_w12g8_d64_s3_q2,det,migration,memory,b_blk_U,,0,0,0,3,0,32,96,3
mig_det_k4_l4_r4_c4_m4_w12g8_d64_s3_q2,det,migration,memory,p_blk_U,,0,0,0,3,0,32,96,3
mig_det_k4_l4_r4_c4_m4_w12g8_d64_s3_q2,det,migration,memory,s_blk_U,,0,0,0,3,0,32,96,3
mig_det_k4_l4_r4_c4_m4_w12g8_d64_s3_q2,det,migration,memory,x_blk_U,,0,0,0,3,0,32,96,3
mig_det_k4_l4_r4_c4_m4_w12g8_d64_s3_q2,det,migration,fifo,cmd_rd_U,,0,99,0,0,0,2,65,1
mig_det_k4_l4_r4_c4_m4_w12g8_d64_s3_q2,det,migration,fifo,desc_cs_U,,0,99,0,0,0,2,65,1
mig_det_k4_l4_r4_c4_m4_w12g8_d64_s3_q2,det,migration,fifo,desc_lc_U,,0,99,0,0,0,2,65,1
mig_det_k4_l4_r4_c4_m4_w12g8_d64_s3_q2,det,migration,fifo,m_in_c_U,,0,99,0,0,0,3,64,1
mig_det_k4_l4_r4_c4_m4_w12g8_d64_s3_q2,det,migration,fifo,m_out_c_U,,0,99,0,0,0,8,64,1
mig_det_k4_l4_r4_c4_m4_w12g8_d64_s3_q2,det,migration,fifo,mm_q_U,,0,99,0,0,0,2,64,1
mig_det_k4_l4_r4_c4_m4_w12g8_d64_s3_q2,det,migration,fifo,rdata_U,,0,99,0,0,0,2,65,1
mig_det_k4_l4_r4_c4_m4_w12g8_d64_s3_q2,det,migration,fifo,vec_q_U,,0,99,0,0,0,2,64,1
mig_det_k4_l4_r4_c4_m4_w12g8_d64_s3_q2,det,migration,fifo,wdata_U,,0,99,0,0,0,2,65,1
mig_det_k4_l4_r4_c4_m4_w12g8_d64_s3_q2,det,migration,instance,control_s_axi_U,,296,170,0,0,0,0,0,0
mig_det_k4_l4_r4_c4_m4_w12g8_d64_s3_q2,det,migration,instance,entry_proc_U0,,29,2,0,0,0,0,0,0
mig_det_k4_l4_r4_c4_m4_w12g8_d64_s3_q2,det,migration,instance,gmem0_m_axi_U,,823,725,0,4,0,0,0,0
mig_det_k4_l4_r4_c4_m4_w12g8_d64_s3_q2,det,migration,instance,gmem1_m_axi_U,,811,719,0,4,0,0,0,0
mig_det_k4_l4_r4_c4_m4_w12g8_d64_s3_q2,det,migration,unitemized,unitemized,,602,0,0,0,0,0,0,0
mig_det_k4_l4_r4_c4_m4_w12g8_d64_s4_q2,det,migration,module,CgCmdRx,cg_cmd_rx_task_64_4_32_s,180,38,0,0,0,,,
mig_det_k4_l4_r4_c4_m4_w12g8_d64_s4_q2,det,migration,module,MemRStream,mem_r_stream_framed_task_64_s,817,502,0,0,0,,,
mig_det_k4_l4_r4_c4_m4_w12g8_d64_s4_q2,det,migration,subblock,MemRStream.RELAY,,157,34,0,0,0,,,
mig_det_k4_l4_r4_c4_m4_w12g8_d64_s4_q2,det,migration,subblock,MemRStream.A2S,,174,102,0,0,0,,,
mig_det_k4_l4_r4_c4_m4_w12g8_d64_s4_q2,det,migration,module,CgLoad,cg_load_task_64_4_32_4_4_s,2803,794,0,0,0,,,
mig_det_k4_l4_r4_c4_m4_w12g8_d64_s4_q2,det,migration,subblock,CgLoad.WORDS,,417,259,0,0,0,,,
mig_det_k4_l4_r4_c4_m4_w12g8_d64_s4_q2,det,migration,subblock,CgLoad.WORDS1,,422,262,0,0,0,,,
mig_det_k4_l4_r4_c4_m4_w12g8_d64_s4_q2,det,migration,module,CgCtrl,cg_ctrl_task_64_4_32_s,47,2,0,0,0,,,
mig_det_k4_l4_r4_c4_m4_w12g8_d64_s4_q2,det,migration,module,CgVectorCore,cg_vector_task_4_32_4_4_4_369796828_s,14811,9406,49,0,0,,,
mig_det_k4_l4_r4_c4_m4_w12g8_d64_s4_q2,det,migration,subblock,CgVectorCore.INIT_K,,366,344,8,0,0,,,
mig_det_k4_l4_r4_c4_m4_w12g8_d64_s4_q2,det,migration,subblock,CgVectorCore.INIT_P,,323,173,0,0,0,,,
mig_det_k4_l4_r4_c4_m4_w12g8_d64_s4_q2,det,migration,subblock,CgVectorCore.PASS1,,366,392,8,0,0,,,
mig_det_k4_l4_r4_c4_m4_w12g8_d64_s4_q2,det,migration,subblock,CgVectorCore.PASS2,,2862,1872,24,0,0,,,
mig_det_k4_l4_r4_c4_m4_w12g8_d64_s4_q2,det,migration,subblock,CgVectorCore.PASS3,,1468,1212,8,0,0,,,
mig_det_k4_l4_r4_c4_m4_w12g8_d64_s4_q2,det,migration,subblock,CgVectorCore.OUT_P,,323,173,0,0,0,,,
mig_det_k4_l4_r4_c4_m4_w12g8_d64_s4_q2,det,migration,subblock,CgVectorCore.OUT_X,,323,173,0,0,0,,,
mig_det_k4_l4_r4_c4_m4_w12g8_d64_s4_q2,det,migration,module,SystolicCore,systolic_core_task_4_4_32_4_4_4_4_4_1323255824_s,6623,4629,66,0,0,,,
mig_det_k4_l4_r4_c4_m4_w12g8_d64_s4_q2,det,migration,subblock,SystolicCore.LOAD_A,,1119,500,0,0,0,,,
mig_det_k4_l4_r4_c4_m4_w12g8_d64_s4_q2,det,migration,subblock,SystolicCore.LOAD_B,,323,135,0,0,0,,,
mig_det_k4_l4_r4_c4_m4_w12g8_d64_s4_q2,det,migration,subblock,SystolicCore.SWEEP,,2804,3204,64,0,0,,,
mig_det_k4_l4_r4_c4_m4_w12g8_d64_s4_q2,det,migration,subblock,SystolicCore.OUT_C,,1430,336,0,0,0,,,
mig_det_k4_l4_r4_c4_m4_w12g8_d64_s4_q2,det,migration,module,CgStore,cg_store_task_64_4_32_4_4_s,566,281,0,0,0,,,
mig_det_k4_l4_r4_c4_m4_w12g8_d64_s4_q2,det,migration,subblock,CgStore.WORDS,,413,176,0,0,0,,,
mig_det_k4_l4_r4_c4_m4_w12g8_d64_s4_q2,det,migration,module,MemWStream,mem_w_stream_framed_done_task_64_8_s,1613,2265,0,0,0,,,
mig_det_k4_l4_r4_c4_m4_w12g8_d64_s4_q2,det,migration,subblock,MemWStream.BUFF,,826,642,0,0,0,,,
mig_det_k4_l4_r4_c4_m4_w12g8_d64_s4_q2,det,migration,subblock,MemWStream.S2A,,137,100,0,0,0,,,
mig_det_k4_l4_r4_c4_m4_w12g8_d64_s4_q2,det,migration,subblock,MemWStream.ECHO,,171,98,0,0,0,,,
mig_det_k4_l4_r4_c4_m4_w12g8_d64_s4_q2,det,migration,memory,a_blk_U,,0,0,0,3,0,4,96,4
mig_det_k4_l4_r4_c4_m4_w12g8_d64_s4_q2,det,migration,memory,b_blk_U,,0,0,0,3,0,32,96,4
mig_det_k4_l4_r4_c4_m4_w12g8_d64_s4_q2,det,migration,memory,p_blk_U,,0,0,0,3,0,32,96,4
mig_det_k4_l4_r4_c4_m4_w12g8_d64_s4_q2,det,migration,memory,s_blk_U,,0,0,0,3,0,32,96,4
mig_det_k4_l4_r4_c4_m4_w12g8_d64_s4_q2,det,migration,memory,x_blk_U,,0,0,0,3,0,32,96,4
mig_det_k4_l4_r4_c4_m4_w12g8_d64_s4_q2,det,migration,fifo,cmd_rd_U,,0,99,0,0,0,2,65,1
mig_det_k4_l4_r4_c4_m4_w12g8_d64_s4_q2,det,migration,fifo,desc_cs_U,,0,99,0,0,0,2,65,1
mig_det_k4_l4_r4_c4_m4_w12g8_d64_s4_q2,det,migration,fifo,desc_lc_U,,0,99,0,0,0,2,65,1
mig_det_k4_l4_r4_c4_m4_w12g8_d64_s4_q2,det,migration,fifo,m_in_c_U,,0,99,0,0,0,3,64,1
mig_det_k4_l4_r4_c4_m4_w12g8_d64_s4_q2,det,migration,fifo,m_out_c_U,,0,99,0,0,0,8,64,1
mig_det_k4_l4_r4_c4_m4_w12g8_d64_s4_q2,det,migration,fifo,mm_q_U,,0,99,0,0,0,2,64,1
mig_det_k4_l4_r4_c4_m4_w12g8_d64_s4_q2,det,migration,fifo,rdata_U,,0,99,0,0,0,2,65,1
mig_det_k4_l4_r4_c4_m4_w12g8_d64_s4_q2,det,migration,fifo,vec_q_U,,0,99,0,0,0,2,64,1
mig_det_k4_l4_r4_c4_m4_w12g8_d64_s4_q2,det,migration,fifo,wdata_U,,0,99,0,0,0,2,65,1
mig_det_k4_l4_r4_c4_m4_w12g8_d64_s4_q2,det,migration,instance,control_s_axi_U,,296,170,0,0,0,0,0,0
mig_det_k4_l4_r4_c4_m4_w12g8_d64_s4_q2,det,migration,instance,entry_proc_U0,,29,2,0,0,0,0,0,0
mig_det_k4_l4_r4_c4_m4_w12g8_d64_s4_q2,det,migration,instance,gmem0_m_axi_U,,823,725,0,4,0,0,0,0
mig_det_k4_l4_r4_c4_m4_w12g8_d64_s4_q2,det,migration,instance,gmem1_m_axi_U,,811,719,0,4,0,0,0,0
mig_det_k4_l4_r4_c4_m4_w12g8_d64_s4_q2,det,migration,unitemized,unitemized,,602,0,0,0,0,0,0,0
mig_det_k4_l4_r4_c4_m4_w12g8_d64_s2_q4,det,migration,module,CgCmdRx,cg_cmd_rx_task_64_4_32_s,180,38,0,0,0,,,
mig_det_k4_l4_r4_c4_m4_w12g8_d64_s2_q4,det,migration,module,MemRStream,mem_r_stream_framed_task_64_s,817,502,0,0,0,,,
mig_det_k4_l4_r4_c4_m4_w12g8_d64_s2_q4,det,migration,subblock,MemRStream.RELAY,,157,34,0,0,0,,,
mig_det_k4_l4_r4_c4_m4_w12g8_d64_s2_q4,det,migration,subblock,MemRStream.A2S,,174,102,0,0,0,,,
mig_det_k4_l4_r4_c4_m4_w12g8_d64_s2_q4,det,migration,module,CgLoad,cg_load_task_64_4_32_4_2_s,2803,794,0,0,0,,,
mig_det_k4_l4_r4_c4_m4_w12g8_d64_s2_q4,det,migration,subblock,CgLoad.WORDS,,417,259,0,0,0,,,
mig_det_k4_l4_r4_c4_m4_w12g8_d64_s2_q4,det,migration,subblock,CgLoad.WORDS1,,422,262,0,0,0,,,
mig_det_k4_l4_r4_c4_m4_w12g8_d64_s2_q4,det,migration,module,CgCtrl,cg_ctrl_task_64_4_32_s,47,2,0,0,0,,,
mig_det_k4_l4_r4_c4_m4_w12g8_d64_s2_q4,det,migration,module,CgVectorCore,cg_vector_task_4_32_4_4_2_369796828_s,14811,9406,49,0,0,,,
mig_det_k4_l4_r4_c4_m4_w12g8_d64_s2_q4,det,migration,subblock,CgVectorCore.INIT_K,,366,344,8,0,0,,,
mig_det_k4_l4_r4_c4_m4_w12g8_d64_s2_q4,det,migration,subblock,CgVectorCore.INIT_P,,323,173,0,0,0,,,
mig_det_k4_l4_r4_c4_m4_w12g8_d64_s2_q4,det,migration,subblock,CgVectorCore.PASS1,,366,392,8,0,0,,,
mig_det_k4_l4_r4_c4_m4_w12g8_d64_s2_q4,det,migration,subblock,CgVectorCore.PASS2,,2862,1872,24,0,0,,,
mig_det_k4_l4_r4_c4_m4_w12g8_d64_s2_q4,det,migration,subblock,CgVectorCore.PASS3,,1468,1212,8,0,0,,,
mig_det_k4_l4_r4_c4_m4_w12g8_d64_s2_q4,det,migration,subblock,CgVectorCore.OUT_P,,323,173,0,0,0,,,
mig_det_k4_l4_r4_c4_m4_w12g8_d64_s2_q4,det,migration,subblock,CgVectorCore.OUT_X,,323,173,0,0,0,,,
mig_det_k4_l4_r4_c4_m4_w12g8_d64_s2_q4,det,migration,module,SystolicCore,systolic_core_task_4_4_32_4_4_4_4_2_1323255824_s,6623,4629,66,0,0,,,
mig_det_k4_l4_r4_c4_m4_w12g8_d64_s2_q4,det,migration,subblock,SystolicCore.LOAD_A,,1119,500,0,0,0,,,
mig_det_k4_l4_r4_c4_m4_w12g8_d64_s2_q4,det,migration,subblock,SystolicCore.LOAD_B,,323,135,0,0,0,,,
mig_det_k4_l4_r4_c4_m4_w12g8_d64_s2_q4,det,migration,subblock,SystolicCore.SWEEP,,2804,3204,64,0,0,,,
mig_det_k4_l4_r4_c4_m4_w12g8_d64_s2_q4,det,migration,subblock,SystolicCore.OUT_C,,1430,336,0,0,0,,,
mig_det_k4_l4_r4_c4_m4_w12g8_d64_s2_q4,det,migration,module,CgStore,cg_store_task_64_4_32_4_2_s,566,281,0,0,0,,,
mig_det_k4_l4_r4_c4_m4_w12g8_d64_s2_q4,det,migration,subblock,CgStore.WORDS,,413,176,0,0,0,,,
mig_det_k4_l4_r4_c4_m4_w12g8_d64_s2_q4,det,migration,module,MemWStream,mem_w_stream_framed_done_task_64_8_s,1613,2265,0,0,0,,,
mig_det_k4_l4_r4_c4_m4_w12g8_d64_s2_q4,det,migration,subblock,MemWStream.BUFF,,826,642,0,0,0,,,
mig_det_k4_l4_r4_c4_m4_w12g8_d64_s2_q4,det,migration,subblock,MemWStream.S2A,,137,100,0,0,0,,,
mig_det_k4_l4_r4_c4_m4_w12g8_d64_s2_q4,det,migration,subblock,MemWStream.ECHO,,171,98,0,0,0,,,
mig_det_k4_l4_r4_c4_m4_w12g8_d64_s2_q4,det,migration,memory,a_blk_U,,12,96,0,0,0,4,96,2
mig_det_k4_l4_r4_c4_m4_w12g8_d64_s2_q4,det,migration,memory,b_blk_U,,0,0,0,3,0,32,96,2
mig_det_k4_l4_r4_c4_m4_w12g8_d64_s2_q4,det,migration,memory,p_blk_U,,0,0,0,3,0,32,96,2
mig_det_k4_l4_r4_c4_m4_w12g8_d64_s2_q4,det,migration,memory,s_blk_U,,0,0,0,3,0,32,96,2
mig_det_k4_l4_r4_c4_m4_w12g8_d64_s2_q4,det,migration,memory,x_blk_U,,0,0,0,3,0,32,96,2
mig_det_k4_l4_r4_c4_m4_w12g8_d64_s2_q4,det,migration,fifo,cmd_rd_U,,0,99,0,0,0,2,65,1
mig_det_k4_l4_r4_c4_m4_w12g8_d64_s2_q4,det,migration,fifo,desc_cs_U,,0,99,0,0,0,2,65,1
mig_det_k4_l4_r4_c4_m4_w12g8_d64_s2_q4,det,migration,fifo,desc_lc_U,,0,99,0,0,0,2,65,1
mig_det_k4_l4_r4_c4_m4_w12g8_d64_s2_q4,det,migration,fifo,m_in_c_U,,0,99,0,0,0,3,64,1
mig_det_k4_l4_r4_c4_m4_w12g8_d64_s2_q4,det,migration,fifo,m_out_c_U,,0,99,0,0,0,8,64,1
mig_det_k4_l4_r4_c4_m4_w12g8_d64_s2_q4,det,migration,fifo,mm_q_U,,0,99,0,0,0,4,64,1
mig_det_k4_l4_r4_c4_m4_w12g8_d64_s2_q4,det,migration,fifo,rdata_U,,0,99,0,0,0,2,65,1
mig_det_k4_l4_r4_c4_m4_w12g8_d64_s2_q4,det,migration,fifo,vec_q_U,,0,99,0,0,0,4,64,1
mig_det_k4_l4_r4_c4_m4_w12g8_d64_s2_q4,det,migration,fifo,wdata_U,,0,99,0,0,0,2,65,1
mig_det_k4_l4_r4_c4_m4_w12g8_d64_s2_q4,det,migration,instance,control_s_axi_U,,296,170,0,0,0,0,0,0
mig_det_k4_l4_r4_c4_m4_w12g8_d64_s2_q4,det,migration,instance,entry_proc_U0,,29,2,0,0,0,0,0,0
mig_det_k4_l4_r4_c4_m4_w12g8_d64_s2_q4,det,migration,instance,gmem0_m_axi_U,,823,725,0,4,0,0,0,0
mig_det_k4_l4_r4_c4_m4_w12g8_d64_s2_q4,det,migration,instance,gmem1_m_axi_U,,811,719,0,4,0,0,0,0
mig_det_k4_l4_r4_c4_m4_w12g8_d64_s2_q4,det,migration,unitemized,unitemized,,602,0,0,0,0,0,0,0
mig_det_k4_l4_r4_c4_m4_w12g8_d64_s2_q8,det,migration,module,CgCmdRx,cg_cmd_rx_task_64_4_32_s,180,38,0,0,0,,,
mig_det_k4_l4_r4_c4_m4_w12g8_d64_s2_q8,det,migration,module,MemRStream,mem_r_stream_framed_task_64_s,817,502,0,0,0,,,
mig_det_k4_l4_r4_c4_m4_w12g8_d64_s2_q8,det,migration,subblock,MemRStream.RELAY,,157,34,0,0,0,,,
mig_det_k4_l4_r4_c4_m4_w12g8_d64_s2_q8,det,migration,subblock,MemRStream.A2S,,174,102,0,0,0,,,
mig_det_k4_l4_r4_c4_m4_w12g8_d64_s2_q8,det,migration,module,CgLoad,cg_load_task_64_4_32_4_2_s,2803,794,0,0,0,,,
mig_det_k4_l4_r4_c4_m4_w12g8_d64_s2_q8,det,migration,subblock,CgLoad.WORDS,,417,259,0,0,0,,,
mig_det_k4_l4_r4_c4_m4_w12g8_d64_s2_q8,det,migration,subblock,CgLoad.WORDS1,,422,262,0,0,0,,,
mig_det_k4_l4_r4_c4_m4_w12g8_d64_s2_q8,det,migration,module,CgCtrl,cg_ctrl_task_64_4_32_s,47,2,0,0,0,,,
mig_det_k4_l4_r4_c4_m4_w12g8_d64_s2_q8,det,migration,module,CgVectorCore,cg_vector_task_4_32_4_4_2_369796828_s,14811,9406,49,0,0,,,
mig_det_k4_l4_r4_c4_m4_w12g8_d64_s2_q8,det,migration,subblock,CgVectorCore.INIT_K,,366,344,8,0,0,,,
mig_det_k4_l4_r4_c4_m4_w12g8_d64_s2_q8,det,migration,subblock,CgVectorCore.INIT_P,,323,173,0,0,0,,,
mig_det_k4_l4_r4_c4_m4_w12g8_d64_s2_q8,det,migration,subblock,CgVectorCore.PASS1,,366,392,8,0,0,,,
mig_det_k4_l4_r4_c4_m4_w12g8_d64_s2_q8,det,migration,subblock,CgVectorCore.PASS2,,2862,1872,24,0,0,,,
mig_det_k4_l4_r4_c4_m4_w12g8_d64_s2_q8,det,migration,subblock,CgVectorCore.PASS3,,1468,1212,8,0,0,,,
mig_det_k4_l4_r4_c4_m4_w12g8_d64_s2_q8,det,migration,subblock,CgVectorCore.OUT_P,,323,173,0,0,0,,,
mig_det_k4_l4_r4_c4_m4_w12g8_d64_s2_q8,det,migration,subblock,CgVectorCore.OUT_X,,323,173,0,0,0,,,
mig_det_k4_l4_r4_c4_m4_w12g8_d64_s2_q8,det,migration,module,SystolicCore,systolic_core_task_4_4_32_4_4_4_4_2_1323255824_s,6623,4629,66,0,0,,,
mig_det_k4_l4_r4_c4_m4_w12g8_d64_s2_q8,det,migration,subblock,SystolicCore.LOAD_A,,1119,500,0,0,0,,,
mig_det_k4_l4_r4_c4_m4_w12g8_d64_s2_q8,det,migration,subblock,SystolicCore.LOAD_B,,323,135,0,0,0,,,
mig_det_k4_l4_r4_c4_m4_w12g8_d64_s2_q8,det,migration,subblock,SystolicCore.SWEEP,,2804,3204,64,0,0,,,
mig_det_k4_l4_r4_c4_m4_w12g8_d64_s2_q8,det,migration,subblock,SystolicCore.OUT_C,,1430,336,0,0,0,,,
mig_det_k4_l4_r4_c4_m4_w12g8_d64_s2_q8,det,migration,module,CgStore,cg_store_task_64_4_32_4_2_s,566,281,0,0,0,,,
mig_det_k4_l4_r4_c4_m4_w12g8_d64_s2_q8,det,migration,subblock,CgStore.WORDS,,413,176,0,0,0,,,
mig_det_k4_l4_r4_c4_m4_w12g8_d64_s2_q8,det,migration,module,MemWStream,mem_w_stream_framed_done_task_64_8_s,1613,2265,0,0,0,,,
mig_det_k4_l4_r4_c4_m4_w12g8_d64_s2_q8,det,migration,subblock,MemWStream.BUFF,,826,642,0,0,0,,,
mig_det_k4_l4_r4_c4_m4_w12g8_d64_s2_q8,det,migration,subblock,MemWStream.S2A,,137,100,0,0,0,,,
mig_det_k4_l4_r4_c4_m4_w12g8_d64_s2_q8,det,migration,subblock,MemWStream.ECHO,,171,98,0,0,0,,,
mig_det_k4_l4_r4_c4_m4_w12g8_d64_s2_q8,det,migration,memory,a_blk_U,,12,96,0,0,0,4,96,2
mig_det_k4_l4_r4_c4_m4_w12g8_d64_s2_q8,det,migration,memory,b_blk_U,,0,0,0,3,0,32,96,2
mig_det_k4_l4_r4_c4_m4_w12g8_d64_s2_q8,det,migration,memory,p_blk_U,,0,0,0,3,0,32,96,2
mig_det_k4_l4_r4_c4_m4_w12g8_d64_s2_q8,det,migration,memory,s_blk_U,,0,0,0,3,0,32,96,2
mig_det_k4_l4_r4_c4_m4_w12g8_d64_s2_q8,det,migration,memory,x_blk_U,,0,0,0,3,0,32,96,2
mig_det_k4_l4_r4_c4_m4_w12g8_d64_s2_q8,det,migration,fifo,cmd_rd_U,,0,99,0,0,0,2,65,1
mig_det_k4_l4_r4_c4_m4_w12g8_d64_s2_q8,det,migration,fifo,desc_cs_U,,0,99,0,0,0,2,65,1
mig_det_k4_l4_r4_c4_m4_w12g8_d64_s2_q8,det,migration,fifo,desc_lc_U,,0,99,0,0,0,2,65,1
mig_det_k4_l4_r4_c4_m4_w12g8_d64_s2_q8,det,migration,fifo,m_in_c_U,,0,99,0,0,0,3,64,1
mig_det_k4_l4_r4_c4_m4_w12g8_d64_s2_q8,det,migration,fifo,m_out_c_U,,0,99,0,0,0,8,64,1
mig_det_k4_l4_r4_c4_m4_w12g8_d64_s2_q8,det,migration,fifo,mm_q_U,,0,99,0,0,0,8,64,1
mig_det_k4_l4_r4_c4_m4_w12g8_d64_s2_q8,det,migration,fifo,rdata_U,,0,99,0,0,0,2,65,1
mig_det_k4_l4_r4_c4_m4_w12g8_d64_s2_q8,det,migration,fifo,vec_q_U,,0,99,0,0,0,8,64,1
mig_det_k4_l4_r4_c4_m4_w12g8_d64_s2_q8,det,migration,fifo,wdata_U,,0,99,0,0,0,2,65,1
mig_det_k4_l4_r4_c4_m4_w12g8_d64_s2_q8,det,migration,instance,control_s_axi_U,,296,170,0,0,0,0,0,0
mig_det_k4_l4_r4_c4_m4_w12g8_d64_s2_q8,det,migration,instance,entry_proc_U0,,29,2,0,0,0,0,0,0
mig_det_k4_l4_r4_c4_m4_w12g8_d64_s2_q8,det,migration,instance,gmem0_m_axi_U,,823,725,0,4,0,0,0,0
mig_det_k4_l4_r4_c4_m4_w12g8_d64_s2_q8,det,migration,instance,gmem1_m_axi_U,,811,719,0,4,0,0,0,0
mig_det_k4_l4_r4_c4_m4_w12g8_d64_s2_q8,det,migration,unitemized,unitemized,,600,0,0,0,0,0,0,0
mig_det_k16_l16_r4_c16_m3_w16g8_d32_s4_q8,det,migration,module,CgCmdRx,cg_cmd_rx_task_32_16_32_s,225,79,0,0,0,,,
mig_det_k16_l16_r4_c16_m3_w16g8_d32_s4_q8,det,migration,module,MemRStream,mem_r_stream_framed_task_32_s,842,472,0,0,0,,,
mig_det_k16_l16_r4_c16_m3_w16g8_d32_s4_q8,det,migration,subblock,MemRStream.RELAY,,157,34,0,0,0,,,
mig_det_k16_l16_r4_c16_m3_w16g8_d32_s4_q8,det,migration,subblock,MemRStream.A2S,,174,70,0,0,0,,,
mig_det_k16_l16_r4_c16_m3_w16g8_d32_s4_q8,det,migration,module,CgLoad,cg_load_task_32_16_32_16_4_s,10618,2471,0,0,0,,,
mig_det_k16_l16_r4_c16_m3_w16g8_d32_s4_q8,det,migration,subblock,CgLoad.WORDS,,228,622,0,0,0,,,
mig_det_k16_l16_r4_c16_m3_w16g8_d32_s4_q8,det,migration,subblock,CgLoad.WORDS1,,230,623,0,0,0,,,
mig_det_k16_l16_r4_c16_m3_w16g8_d32_s4_q8,det,migration,module,CgCtrl,cg_ctrl_task_32_16_32_s,83,102,0,0,0,,,
mig_det_k16_l16_r4_c16_m3_w16g8_d32_s4_q8,det,migration,module,CgVectorCore,cg_vector_task_16_32_16_16_4_923514207_s,59899,46926,193,0,0,,,
mig_det_k16_l16_r4_c16_m3_w16g8_d32_s4_q8,det,migration,subblock,CgVectorCore.INIT_K,,1788,2199,32,0,0,,,
mig_det_k16_l16_r4_c16_m3_w16g8_d32_s4_q8,det,migration,subblock,CgVectorCore.INIT_P,,319,165,0,0,0,,,
mig_det_k16_l16_r4_c16_m3_w16g8_d32_s4_q8,det,migration,subblock,CgVectorCore.PASS1,,1100,1747,32,0,0,,,
mig_det_k16_l16_r4_c16_m3_w16g8_d32_s4_q8,det,migration,subblock,CgVectorCore.PASS2,,13404,11383,96,0,0,,,
mig_det_k16_l16_r4_c16_m3_w16g8_d32_s4_q8,det,migration,subblock,CgVectorCore.PASS3,,6292,6051,32,0,0,,,
mig_det_k16_l16_r4_c16_m3_w16g8_d32_s4_q8,det,migration,subblock,CgVectorCore.OUT_P,,319,165,0,0,0,,,
mig_det_k16_l16_r4_c16_m3_w16g8_d32_s4_q8,det,migration,subblock,CgVectorCore.OUT_X,,319,165,0,0,0,,,
mig_det_k16_l16_r4_c16_m3_w16g8_d32_s4_q8,det,migration,module,SystolicCore,systolic_core_task_16_16_32_16_4_16_3_4_2113842304_s,34423,25695,194,0,0,,,
mig_det_k16_l16_r4_c16_m3_w16g8_d32_s4_q8,det,migration,subblock,SystolicCore.LOAD_A,,9901,8308,0,0,0,,,
mig_det_k16_l16_r4_c16_m3_w16g8_d32_s4_q8,det,migration,subblock,SystolicCore.LOAD_B,,319,133,0,0,0,,,
mig_det_k16_l16_r4_c16_m3_w16g8_d32_s4_q8,det,migration,subblock,SystolicCore.SWEEP,,15780,14784,192,0,0,,,
mig_det_k16_l16_r4_c16_m3_w16g8_d32_s4_q8,det,migration,subblock,SystolicCore.OUT_C,,6280,1536,0,0,0,,,
mig_det_k16_l16_r4_c16_m3_w16g8_d32_s4_q8,det,migration,module,CgStore,cg_store_task_32_16_32_16_4_s,1057,705,0,0,0,,,
mig_det_k16_l16_r4_c16_m3_w16g8_d32_s4_q8,det,migration,subblock,CgStore.WORDS,,853,595,0,0,0,,,
mig_det_k16_l16_r4_c16_m3_w16g8_d32_s4_q8,det,migration,module,MemWStream,mem_w_stream_framed_done_task_32_8_s,1374,1435,0,0,0,,,
mig_det_k16_l16_r4_c16_m3_w16g8_d32_s4_q8,det,migration,subblock,MemWStream.BUFF,,570,386,0,0,0,,,
mig_det_k16_l16_r4_c16_m3_w16g8_d32_s4_q8,det,migration,subblock,MemWStream.S2A,,137,68,0,0,0,,,
mig_det_k16_l16_r4_c16_m3_w16g8_d32_s4_q8,det,migration,subblock,MemWStream.ECHO,,171,66,0,0,0,,,
mig_det_k16_l16_r4_c16_m3_w16g8_d32_s4_q8,det,migration,memory,a_blk_U,,0,0,0,15,0,16,512,4
mig_det_k16_l16_r4_c16_m3_w16g8_d32_s4_q8,det,migration,memory,b_blk_U,,0,0,0,15,0,32,512,4
mig_det_k16_l16_r4_c16_m3_w16g8_d32_s4_q8,det,migration,memory,p_blk_U,,0,0,0,15,0,32,512,4
mig_det_k16_l16_r4_c16_m3_w16g8_d32_s4_q8,det,migration,memory,s_blk_U,,0,0,0,15,0,32,512,4
mig_det_k16_l16_r4_c16_m3_w16g8_d32_s4_q8,det,migration,memory,x_blk_U,,0,0,0,15,0,32,512,4
mig_det_k16_l16_r4_c16_m3_w16g8_d32_s4_q8,det,migration,fifo,cmd_rd_U,,0,99,0,0,0,2,33,1
mig_det_k16_l16_r4_c16_m3_w16g8_d32_s4_q8,det,migration,fifo,desc_cs_U,,0,99,0,0,0,2,33,1
mig_det_k16_l16_r4_c16_m3_w16g8_d32_s4_q8,det,migration,fifo,desc_lc_U,,0,99,0,0,0,2,33,1
mig_det_k16_l16_r4_c16_m3_w16g8_d32_s4_q8,det,migration,fifo,m_in_c_U,,0,99,0,0,0,3,64,1
mig_det_k16_l16_r4_c16_m3_w16g8_d32_s4_q8,det,migration,fifo,m_out_c_U,,0,99,0,0,0,8,64,1
mig_det_k16_l16_r4_c16_m3_w16g8_d32_s4_q8,det,migration,fifo,mm_q_U,,0,99,0,0,0,8,64,1
mig_det_k16_l16_r4_c16_m3_w16g8_d32_s4_q8,det,migration,fifo,rdata_U,,0,99,0,0,0,2,33,1
mig_det_k16_l16_r4_c16_m3_w16g8_d32_s4_q8,det,migration,fifo,vec_q_U,,0,99,0,0,0,8,64,1
mig_det_k16_l16_r4_c16_m3_w16g8_d32_s4_q8,det,migration,fifo,wdata_U,,0,99,0,0,0,2,33,1
mig_det_k16_l16_r4_c16_m3_w16g8_d32_s4_q8,det,migration,instance,control_s_axi_U,,296,170,0,0,0,0,0,0
mig_det_k16_l16_r4_c16_m3_w16g8_d32_s4_q8,det,migration,instance,entry_proc_U0,,29,2,0,0,0,0,0,0
mig_det_k16_l16_r4_c16_m3_w16g8_d32_s4_q8,det,migration,instance,gmem0_m_axi_U,,637,671,0,2,0,0,0,0
mig_det_k16_l16_r4_c16_m3_w16g8_d32_s4_q8,det,migration,instance,gmem1_m_axi_U,,625,665,0,2,0,0,0,0
mig_det_k16_l16_r4_c16_m3_w16g8_d32_s4_q8,det,migration,unitemized,unitemized,,600,0,0,0,0,0,0,0
mig_det_k16_l1_r1_c4_m4_w8g0_d32_s3_q4,det,migration,module,CgCmdRx,cg_cmd_rx_task_32_16_32_s,225,79,0,0,0,,,
mig_det_k16_l1_r1_c4_m4_w8g0_d32_s3_q4,det,migration,module,MemRStream,mem_r_stream_framed_task_32_s,842,472,0,0,0,,,
mig_det_k16_l1_r1_c4_m4_w8g0_d32_s3_q4,det,migration,subblock,MemRStream.RELAY,,157,34,0,0,0,,,
mig_det_k16_l1_r1_c4_m4_w8g0_d32_s3_q4,det,migration,subblock,MemRStream.A2S,,174,70,0,0,0,,,
mig_det_k16_l1_r1_c4_m4_w8g0_d32_s3_q4,det,migration,module,CgLoad,cg_load_task_32_16_32_1_3_s,517,184,0,0,0,,,
mig_det_k16_l1_r1_c4_m4_w8g0_d32_s3_q4,det,migration,subblock,CgLoad.WORDS,,160,52,0,0,0,,,
mig_det_k16_l1_r1_c4_m4_w8g0_d32_s3_q4,det,migration,subblock,CgLoad.WORDS1,,162,55,0,0,0,,,
mig_det_k16_l1_r1_c4_m4_w8g0_d32_s3_q4,det,migration,module,CgCtrl,cg_ctrl_task_32_16_32_s,83,102,0,0,0,,,
mig_det_k16_l1_r1_c4_m4_w8g0_d32_s3_q4,det,migration,module,CgVectorCore,cg_vector_task_16_32_16_1_3_1862630569_s,5151,2503,4,6,0,,,
mig_det_k16_l1_r1_c4_m4_w8g0_d32_s3_q4,det,migration,subblock,CgVectorCore.INIT_K,,289,133,0,0,0,,,
mig_det_k16_l1_r1_c4_m4_w8g0_d32_s3_q4,det,migration,subblock,CgVectorCore.INIT_P,,330,178,0,0,0,,,
mig_det_k16_l1_r1_c4_m4_w8g0_d32_s3_q4,det,migration,subblock,CgVectorCore.PASS1,,257,193,1,0,0,,,
mig_det_k16_l1_r1_c4_m4_w8g0_d32_s3_q4,det,migration,subblock,CgVectorCore.PASS2,,991,597,2,0,0,,,
mig_det_k16_l1_r1_c4_m4_w8g0_d32_s3_q4,det,migration,subblock,CgVectorCore.PASS3,,464,286,0,0,0,,,
mig_det_k16_l1_r1_c4_m4_w8g0_d32_s3_q4,det,migration,subblock,CgVectorCore.OUT_P,,330,178,0,0,0,,,
mig_det_k16_l1_r1_c4_m4_w8g0_d32_s3_q4,det,migration,subblock,CgVectorCore.OUT_X,,330,178,0,0,0,,,
mig_det_k16_l1_r1_c4_m4_w8g0_d32_s3_q4,det,migration,module,SystolicCore,systolic_core_task_16_16_32_1_1_4_4_3_340132779_s,5910,1907,10,8,0,,,
mig_det_k16_l1_r1_c4_m4_w8g0_d32_s3_q4,det,migration,subblock,SystolicCore.LOAD_A,,1639,180,0,0,0,,,
mig_det_k16_l1_r1_c4_m4_w8g0_d32_s3_q4,det,migration,subblock,SystolicCore.LOAD_B,,378,202,0,0,0,,,
mig_det_k16_l1_r1_c4_m4_w8g0_d32_s3_q4,det,migration,subblock,SystolicCore.SWEEP,,1404,790,8,0,0,,,
mig_det_k16_l1_r1_c4_m4_w8g0_d32_s3_q4,det,migration,module,CgStore,cg_store_task_32_16_32_1_3_s,305,124,0,0,0,,,
mig_det_k16_l1_r1_c4_m4_w8g0_d32_s3_q4,det,migration,subblock,CgStore.WORDS,,101,14,0,0,0,,,
mig_det_k16_l1_r1_c4_m4_w8g0_d32_s3_q4,det,migration,module,MemWStream,mem_w_stream_framed_done_task_32_8_s,1374,1435,0,0,0,,,
mig_det_k16_l1_r1_c4_m4_w8g0_d32_s3_q4,det,migration,subblock,MemWStream.BUFF,,570,386,0,0,0,,,
mig_det_k16_l1_r1_c4_m4_w8g0_d32_s3_q4,det,migration,subblock,MemWStream.S2A,,137,68,0,0,0,,,
mig_det_k16_l1_r1_c4_m4_w8g0_d32_s3_q4,det,migration,subblock,MemWStream.ECHO,,171,66,0,0,0,,,
mig_det_k16_l1_r1_c4_m4_w8g0_d32_s3_q4,det,migration,memory,a_blk_U,,0,0,0,1,0,256,16,3
mig_det_k16_l1_r1_c4_m4_w8g0_d32_s3_q4,det,migration,memory,b_blk_U,,0,0,0,2,0,512,16,3
mig_det_k16_l1_r1_c4_m4_w8g0_d32_s3_q4,det,migration,memory,p_blk_U,,0,0,0,2,0,512,16,3
mig_det_k16_l1_r1_c4_m4_w8g0_d32_s3_q4,det,migration,memory,s_blk_U,,0,0,0,2,0,512,16,3
mig_det_k16_l1_r1_c4_m4_w8g0_d32_s3_q4,det,migration,memory,x_blk_U,,0,0,0,2,0,512,16,3
mig_det_k16_l1_r1_c4_m4_w8g0_d32_s3_q4,det,migration,fifo,cmd_rd_U,,0,99,0,0,0,2,33,1
mig_det_k16_l1_r1_c4_m4_w8g0_d32_s3_q4,det,migration,fifo,desc_cs_U,,0,99,0,0,0,2,33,1
mig_det_k16_l1_r1_c4_m4_w8g0_d32_s3_q4,det,migration,fifo,desc_lc_U,,0,99,0,0,0,2,33,1
mig_det_k16_l1_r1_c4_m4_w8g0_d32_s3_q4,det,migration,fifo,m_in_c_U,,0,99,0,0,0,3,64,1
mig_det_k16_l1_r1_c4_m4_w8g0_d32_s3_q4,det,migration,fifo,m_out_c_U,,0,99,0,0,0,8,64,1
mig_det_k16_l1_r1_c4_m4_w8g0_d32_s3_q4,det,migration,fifo,mm_q_U,,0,99,0,0,0,4,64,1
mig_det_k16_l1_r1_c4_m4_w8g0_d32_s3_q4,det,migration,fifo,rdata_U,,0,99,0,0,0,2,33,1
mig_det_k16_l1_r1_c4_m4_w8g0_d32_s3_q4,det,migration,fifo,vec_q_U,,0,99,0,0,0,4,64,1
mig_det_k16_l1_r1_c4_m4_w8g0_d32_s3_q4,det,migration,fifo,wdata_U,,0,99,0,0,0,2,33,1
mig_det_k16_l1_r1_c4_m4_w8g0_d32_s3_q4,det,migration,instance,control_s_axi_U,,296,170,0,0,0,0,0,0
mig_det_k16_l1_r1_c4_m4_w8g0_d32_s3_q4,det,migration,instance,entry_proc_U0,,29,2,0,0,0,0,0,0
mig_det_k16_l1_r1_c4_m4_w8g0_d32_s3_q4,det,migration,instance,gmem0_m_axi_U,,637,671,0,2,0,0,0,0
mig_det_k16_l1_r1_c4_m4_w8g0_d32_s3_q4,det,migration,instance,gmem1_m_axi_U,,625,665,0,2,0,0,0,0
mig_det_k16_l1_r1_c4_m4_w8g0_d32_s3_q4,det,migration,unitemized,unitemized,,602,0,0,0,0,0,0,0
mig_vec_k4_l2_w14g0,vec,migration,module,CgReqFramer,cg_req_task_64_s,93,6,0,0,0,,,
mig_vec_k4_l2_w14g0,vec,migration,module,MemRStream,mem_r_stream_framed_task_64_s,817,502,0,0,0,,,
mig_vec_k4_l2_w14g0,vec,migration,subblock,MemRStream.RELAY,,157,34,0,0,0,,,
mig_vec_k4_l2_w14g0,vec,migration,subblock,MemRStream.A2S,,174,102,0,0,0,,,
mig_vec_k4_l2_w14g0,vec,migration,module,CgVectorRx,cg_vector_rx_task_64_4_32_4_2_596050800_s,1068,462,1,0,0,,,
mig_vec_k4_l2_w14g0,vec,migration,subblock,CgVectorRx.FWD,,138,35,0,0,0,,,
mig_vec_k4_l2_w14g0,vec,migration,module,CgVectorLoad,cg_vector_load_task_64_4_32_4_2_2_1648748023_596050800_s,1383,530,1,0,0,,,
mig_vec_k4_l2_w14g0,vec,migration,subblock,CgVectorLoad.WORDS,,506,195,0,0,0,,,
mig_vec_k4_l2_w14g0,vec,migration,subblock,CgVectorLoad.WORDS2,,506,195,0,0,0,,,
mig_vec_k4_l2_w14g0,vec,migration,module,CgVectorCore,cg_vector_task_4_32_4_2_2_1648748023_s,8288,5353,25,0,0,,,
mig_vec_k4_l2_w14g0,vec,migration,subblock,CgVectorCore.INIT_K,,280,289,4,0,0,,,
mig_vec_k4_l2_w14g0,vec,migration,subblock,CgVectorCore.INIT_P,,326,177,0,0,0,,,
mig_vec_k4_l2_w14g0,vec,migration,subblock,CgVectorCore.PASS1,,280,311,4,0,0,,,
mig_vec_k4_l2_w14g0,vec,migration,subblock,CgVectorCore.PASS2,,1672,1327,12,0,0,,,
mig_vec_k4_l2_w14g0,vec,migration,subblock,CgVectorCore.PASS3,,824,737,4,0,0,,,
mig_vec_k4_l2_w14g0,vec,migration,subblock,CgVectorCore.OUT_P,,326,177,0,0,0,,,
mig_vec_k4_l2_w14g0,vec,migration,subblock,CgVectorCore.OUT_X,,326,177,0,0,0,,,
mig_vec_k4_l2_w14g0,vec,migration,module,CgVectorStore,cg_vector_store_task_64_4_32_2_2_1648748023_596050800_s,1338,643,1,0,0,,,
mig_vec_k4_l2_w14g0,vec,migration,subblock,CgVectorStore.WORDS1,,351,129,0,0,0,,,
mig_vec_k4_l2_w14g0,vec,migration,subblock,CgVectorStore.WORDS,,351,129,0,0,0,,,
mig_vec_k4_l2_w14g0,vec,migration,module,CgReplyFramer,cg_reply_task_64_s,328,352,0,0,0,,,
mig_vec_k4_l2_w14g0,vec,migration,subblock,CgReplyFramer.PAYLOAD,,138,35,0,0,0,,,
mig_vec_k4_l2_w14g0,vec,migration,module,MemWStream,mem_w_stream_framed_done_task_64_8_s,1613,2265,0,0,0,,,
mig_vec_k4_l2_w14g0,vec,migration,subblock,MemWStream.BUFF,,826,642,0,0,0,,,
mig_vec_k4_l2_w14g0,vec,migration,subblock,MemWStream.S2A,,137,100,0,0,0,,,
mig_vec_k4_l2_w14g0,vec,migration,subblock,MemWStream.ECHO,,171,98,0,0,0,,,
mig_vec_k4_l2_w14g0,vec,migration,memory,unit_b_U,,0,0,0,2,0,64,56,2
mig_vec_k4_l2_w14g0,vec,migration,memory,unit_s_U,,0,0,0,2,0,64,56,2
mig_vec_k4_l2_w14g0,vec,migration,memory,unit_p_U,,0,0,0,2,0,64,56,2
mig_vec_k4_l2_w14g0,vec,migration,memory,unit_x_U,,0,0,0,2,0,64,56,2
mig_vec_k4_l2_w14g0,vec,migration,fifo,m_in_c_U,,0,99,0,0,0,3,64,1
mig_vec_k4_l2_w14g0,vec,migration,fifo,m_out_c_U,,0,99,0,0,0,9,64,1
mig_vec_k4_l2_w14g0,vec,migration,fifo,rd_cmd_U,,0,99,0,0,0,2,65,1
mig_vec_k4_l2_w14g0,vec,migration,fifo,rd_data_U,,0,99,0,0,0,2,65,1
mig_vec_k4_l2_w14g0,vec,migration,fifo,reply_U,,0,99,0,0,0,2,65,1
mig_vec_k4_l2_w14g0,vec,migration,fifo,unit_ccmd_U,,0,99,0,0,0,2,64,1
mig_vec_k4_l2_w14g0,vec,migration,fifo,unit_lcmd_U,,0,99,0,0,0,2,64,1
mig_vec_k4_l2_w14g0,vec,migration,fifo,unit_pay_U,,0,99,0,0,0,2,65,1
mig_vec_k4_l2_w14g0,vec,migration,fifo,unit_reply_U,,0,99,0,0,0,2,65,1
mig_vec_k4_l2_w14g0,vec,migration,fifo,wr_U,,0,99,0,0,0,2,65,1
mig_vec_k4_l2_w14g0,vec,migration,instance,control_s_axi_U,,296,170,0,0,0,0,0,0
mig_vec_k4_l2_w14g0,vec,migration,instance,entry_proc_U0,,29,2,0,0,0,0,0,0
mig_vec_k4_l2_w14g0,vec,migration,instance,gmem0_m_axi_U,,823,725,0,4,0,0,0,0
mig_vec_k4_l2_w14g0,vec,migration,instance,gmem1_m_axi_U,,811,719,0,4,0,0,0,0
mig_vec_k4_l2_w14g0,vec,migration,unitemized,unitemized,,669,0,0,0,0,0,0,0
mig_vec_k4_l2_w14g8,vec,migration,module,CgReqFramer,cg_req_task_64_s,93,6,0,0,0,,,
mig_vec_k4_l2_w14g8,vec,migration,module,MemRStream,mem_r_stream_framed_task_64_s,817,502,0,0,0,,,
mig_vec_k4_l2_w14g8,vec,migration,subblock,MemRStream.RELAY,,157,34,0,0,0,,,
mig_vec_k4_l2_w14g8,vec,migration,subblock,MemRStream.A2S,,174,102,0,0,0,,,
mig_vec_k4_l2_w14g8,vec,migration,module,CgVectorRx,cg_vector_rx_task_64_4_32_4_2_596050800_s,1068,462,1,0,0,,,
mig_vec_k4_l2_w14g8,vec,migration,subblock,CgVectorRx.FWD,,138,35,0,0,0,,,
mig_vec_k4_l2_w14g8,vec,migration,module,CgVectorLoad,cg_vector_load_task_64_4_32_4_2_2_992685898_596050800_s,1383,530,1,0,0,,,
mig_vec_k4_l2_w14g8,vec,migration,subblock,CgVectorLoad.WORDS,,506,195,0,0,0,,,
mig_vec_k4_l2_w14g8,vec,migration,subblock,CgVectorLoad.WORDS2,,506,195,0,0,0,,,
mig_vec_k4_l2_w14g8,vec,migration,module,CgVectorCore,cg_vector_task_4_32_4_2_2_992685898_s,9427,6192,25,0,0,,,
mig_vec_k4_l2_w14g8,vec,migration,subblock,CgVectorCore.INIT_K,,280,289,4,0,0,,,
mig_vec_k4_l2_w14g8,vec,migration,subblock,CgVectorCore.INIT_P,,326,177,0,0,0,,,
mig_vec_k4_l2_w14g8,vec,migration,subblock,CgVectorCore.PASS1,,280,311,4,0,0,,,
mig_vec_k4_l2_w14g8,vec,migration,subblock,CgVectorCore.PASS2,,1672,1327,12,0,0,,,
mig_vec_k4_l2_w14g8,vec,migration,subblock,CgVectorCore.PASS3,,824,737,4,0,0,,,
mig_vec_k4_l2_w14g8,vec,migration,subblock,CgVectorCore.OUT_P,,326,177,0,0,0,,,
mig_vec_k4_l2_w14g8,vec,migration,subblock,CgVectorCore.OUT_X,,326,177,0,0,0,,,
mig_vec_k4_l2_w14g8,vec,migration,module,CgVectorStore,cg_vector_store_task_64_4_32_2_2_992685898_596050800_s,1338,643,1,0,0,,,
mig_vec_k4_l2_w14g8,vec,migration,subblock,CgVectorStore.WORDS1,,351,129,0,0,0,,,
mig_vec_k4_l2_w14g8,vec,migration,subblock,CgVectorStore.WORDS,,351,129,0,0,0,,,
mig_vec_k4_l2_w14g8,vec,migration,module,CgReplyFramer,cg_reply_task_64_s,328,352,0,0,0,,,
mig_vec_k4_l2_w14g8,vec,migration,subblock,CgReplyFramer.PAYLOAD,,138,35,0,0,0,,,
mig_vec_k4_l2_w14g8,vec,migration,module,MemWStream,mem_w_stream_framed_done_task_64_8_s,1613,2265,0,0,0,,,
mig_vec_k4_l2_w14g8,vec,migration,subblock,MemWStream.BUFF,,826,642,0,0,0,,,
mig_vec_k4_l2_w14g8,vec,migration,subblock,MemWStream.S2A,,137,100,0,0,0,,,
mig_vec_k4_l2_w14g8,vec,migration,subblock,MemWStream.ECHO,,171,98,0,0,0,,,
mig_vec_k4_l2_w14g8,vec,migration,memory,unit_b_U,,0,0,0,2,0,64,56,2
mig_vec_k4_l2_w14g8,vec,migration,memory,unit_s_U,,0,0,0,2,0,64,56,2
mig_vec_k4_l2_w14g8,vec,migration,memory,unit_p_U,,0,0,0,2,0,64,56,2
mig_vec_k4_l2_w14g8,vec,migration,memory,unit_x_U,,0,0,0,2,0,64,56,2
mig_vec_k4_l2_w14g8,vec,migration,fifo,m_in_c_U,,0,99,0,0,0,3,64,1
mig_vec_k4_l2_w14g8,vec,migration,fifo,m_out_c_U,,0,99,0,0,0,9,64,1
mig_vec_k4_l2_w14g8,vec,migration,fifo,rd_cmd_U,,0,99,0,0,0,2,65,1
mig_vec_k4_l2_w14g8,vec,migration,fifo,rd_data_U,,0,99,0,0,0,2,65,1
mig_vec_k4_l2_w14g8,vec,migration,fifo,reply_U,,0,99,0,0,0,2,65,1
mig_vec_k4_l2_w14g8,vec,migration,fifo,unit_ccmd_U,,0,99,0,0,0,2,64,1
mig_vec_k4_l2_w14g8,vec,migration,fifo,unit_lcmd_U,,0,99,0,0,0,2,64,1
mig_vec_k4_l2_w14g8,vec,migration,fifo,unit_pay_U,,0,99,0,0,0,2,65,1
mig_vec_k4_l2_w14g8,vec,migration,fifo,unit_reply_U,,0,99,0,0,0,2,65,1
mig_vec_k4_l2_w14g8,vec,migration,fifo,wr_U,,0,99,0,0,0,2,65,1
mig_vec_k4_l2_w14g8,vec,migration,instance,control_s_axi_U,,296,170,0,0,0,0,0,0
mig_vec_k4_l2_w14g8,vec,migration,instance,entry_proc_U0,,29,2,0,0,0,0,0,0
mig_vec_k4_l2_w14g8,vec,migration,instance,gmem0_m_axi_U,,823,725,0,4,0,0,0,0
mig_vec_k4_l2_w14g8,vec,migration,instance,gmem1_m_axi_U,,811,719,0,4,0,0,0,0
mig_vec_k4_l2_w14g8,vec,migration,unitemized,unitemized,,669,0,0,0,0,0,0,0
mig_vec_k4_l4_w16g8,vec,migration,module,CgReqFramer,cg_req_task_64_s,93,6,0,0,0,,,
mig_vec_k4_l4_w16g8,vec,migration,module,MemRStream,mem_r_stream_framed_task_64_s,817,502,0,0,0,,,
mig_vec_k4_l4_w16g8,vec,migration,subblock,MemRStream.RELAY,,157,34,0,0,0,,,
mig_vec_k4_l4_w16g8,vec,migration,subblock,MemRStream.A2S,,174,102,0,0,0,,,
mig_vec_k4_l4_w16g8,vec,migration,module,CgVectorRx,cg_vector_rx_task_64_4_32_4_4_906107287_s,1099,495,1,0,0,,,
mig_vec_k4_l4_w16g8,vec,migration,subblock,CgVectorRx.FWD,,138,35,0,0,0,,,
mig_vec_k4_l4_w16g8,vec,migration,module,CgVectorLoad,cg_vector_load_task_64_4_32_4_4_2_1036498926_906107287_s,3474,1256,1,0,0,,,
mig_vec_k4_l4_w16g8,vec,migration,subblock,CgVectorLoad.WORDS,,464,361,0,0,0,,,
mig_vec_k4_l4_w16g8,vec,migration,subblock,CgVectorLoad.WORDS2,,464,361,0,0,0,,,
mig_vec_k4_l4_w16g8,vec,migration,module,CgVectorCore,cg_vector_task_4_32_4_4_2_1036498926_s,16665,11988,49,0,0,,,
mig_vec_k4_l4_w16g8,vec,migration,subblock,CgVectorCore.INIT_K,,546,599,8,0,0,,,
mig_vec_k4_l4_w16g8,vec,migration,subblock,CgVectorCore.INIT_P,,323,173,0,0,0,,,
mig_vec_k4_l4_w16g8,vec,migration,subblock,CgVectorCore.PASS1,,398,531,8,0,0,,,
mig_vec_k4_l4_w16g8,vec,migration,subblock,CgVectorCore.PASS2,,3218,2257,24,0,0,,,
mig_vec_k4_l4_w16g8,vec,migration,subblock,CgVectorCore.PASS3,,1636,1539,8,0,0,,,
mig_vec_k4_l4_w16g8,vec,migration,subblock,CgVectorCore.OUT_P,,323,173,0,0,0,,,
mig_vec_k4_l4_w16g8,vec,migration,subblock,CgVectorCore.OUT_X,,323,173,0,0,0,,,
mig_vec_k4_l4_w16g8,vec,migration,module,CgVectorStore,cg_vector_store_task_64_4_32_4_2_1036498926_906107287_s,2062,917,1,0,0,,,
mig_vec_k4_l4_w16g8,vec,migration,subblock,CgVectorStore.WORDS1,,713,266,0,0,0,,,
mig_vec_k4_l4_w16g8,vec,migration,subblock,CgVectorStore.WORDS,,713,266,0,0,0,,,
mig_vec_k4_l4_w16g8,vec,migration,module,CgReplyFramer,cg_reply_task_64_s,328,352,0,0,0,,,
mig_vec_k4_l4_w16g8,vec,migration,subblock,CgReplyFramer.PAYLOAD,,138,35,0,0,0,,,
mig_vec_k4_l4_w16g8,vec,migration,module,MemWStream,mem_w_stream_framed_done_task_64_8_s,1613,2265,0,0,0,,,
mig_vec_k4_l4_w16g8,vec,migration,subblock,MemWStream.BUFF,,826,642,0,0,0,,,
mig_vec_k4_l4_w16g8,vec,migration,subblock,MemWStream.S2A,,137,100,0,0,0,,,
mig_vec_k4_l4_w16g8,vec,migration,subblock,MemWStream.ECHO,,171,98,0,0,0,,,
mig_vec_k4_l4_w16g8,vec,migration,memory,unit_b_U,,0,0,0,4,0,32,128,2
mig_vec_k4_l4_w16g8,vec,migration,memory,unit_s_U,,0,0,0,4,0,32,128,2
mig_vec_k4_l4_w16g8,vec,migration,memory,unit_p_U,,0,0,0,4,0,32,128,2
mig_vec_k4_l4_w16g8,vec,migration,memory,unit_x_U,,0,0,0,4,0,32,128,2
mig_vec_k4_l4_w16g8,vec,migration,fifo,m_in_c_U,,0,99,0,0,0,3,64,1
mig_vec_k4_l4_w16g8,vec,migration,fifo,m_out_c_U,,0,99,0,0,0,9,64,1
mig_vec_k4_l4_w16g8,vec,migration,fifo,rd_cmd_U,,0,99,0,0,0,2,65,1
mig_vec_k4_l4_w16g8,vec,migration,fifo,rd_data_U,,0,99,0,0,0,2,65,1
mig_vec_k4_l4_w16g8,vec,migration,fifo,reply_U,,0,99,0,0,0,2,65,1
mig_vec_k4_l4_w16g8,vec,migration,fifo,unit_ccmd_U,,0,99,0,0,0,2,64,1
mig_vec_k4_l4_w16g8,vec,migration,fifo,unit_lcmd_U,,0,99,0,0,0,2,64,1
mig_vec_k4_l4_w16g8,vec,migration,fifo,unit_pay_U,,0,99,0,0,0,2,65,1
mig_vec_k4_l4_w16g8,vec,migration,fifo,unit_reply_U,,0,99,0,0,0,2,65,1
mig_vec_k4_l4_w16g8,vec,migration,fifo,wr_U,,0,99,0,0,0,2,65,1
mig_vec_k4_l4_w16g8,vec,migration,instance,control_s_axi_U,,296,170,0,0,0,0,0,0
mig_vec_k4_l4_w16g8,vec,migration,instance,entry_proc_U0,,29,2,0,0,0,0,0,0
mig_vec_k4_l4_w16g8,vec,migration,instance,gmem0_m_axi_U,,823,725,0,4,0,0,0,0
mig_vec_k4_l4_w16g8,vec,migration,instance,gmem1_m_axi_U,,811,719,0,4,0,0,0,0
mig_vec_k4_l4_w16g8,vec,migration,unitemized,unitemized,,669,0,0,0,0,0,0,0
mig_vec_k4_l8_w10g8,vec,migration,module,CgReqFramer,cg_req_task_64_s,93,6,0,0,0,,,
mig_vec_k4_l8_w10g8,vec,migration,module,MemRStream,mem_r_stream_framed_task_64_s,817,502,0,0,0,,,
mig_vec_k4_l8_w10g8,vec,migration,subblock,MemRStream.RELAY,,157,34,0,0,0,,,
mig_vec_k4_l8_w10g8,vec,migration,subblock,MemRStream.A2S,,174,102,0,0,0,,,
mig_vec_k4_l8_w10g8,vec,migration,module,CgVectorRx,cg_vector_rx_task_64_4_32_4_8_1409036543_s,1100,495,1,0,0,,,
mig_vec_k4_l8_w10g8,vec,migration,subblock,CgVectorRx.FWD,,138,35,0,0,0,,,
mig_vec_k4_l8_w10g8,vec,migration,module,CgVectorLoad,cg_vector_load_task_64_4_32_4_8_2_32299181_1409036543_s,4430,1628,1,0,0,,,
mig_vec_k4_l8_w10g8,vec,migration,subblock,CgVectorLoad.WORDS,,606,379,0,0,0,,,
mig_vec_k4_l8_w10g8,vec,migration,subblock,CgVectorLoad.WORDS2,,606,379,0,0,0,,,
mig_vec_k4_l8_w10g8,vec,migration,module,CgVectorCore,cg_vector_task_4_32_4_8_2_32299181_s,28490,15710,41,0,0,,,
mig_vec_k4_l8_w10g8,vec,migration,subblock,CgVectorCore.INIT_K,,981,481,8,0,0,,,
mig_vec_k4_l8_w10g8,vec,migration,subblock,CgVectorCore.INIT_P,,321,169,0,0,0,,,
mig_vec_k4_l8_w10g8,vec,migration,subblock,CgVectorCore.PASS1,,981,561,8,0,0,,,
mig_vec_k4_l8_w10g8,vec,migration,subblock,CgVectorCore.PASS2,,6661,3293,24,0,0,,,
mig_vec_k4_l8_w10g8,vec,migration,subblock,CgVectorCore.PASS3,,3620,2187,0,0,0,,,
mig_vec_k4_l8_w10g8,vec,migration,subblock,CgVectorCore.OUT_P,,321,169,0,0,0,,,
mig_vec_k4_l8_w10g8,vec,migration,subblock,CgVectorCore.OUT_X,,321,169,0,0,0,,,
mig_vec_k4_l8_w10g8,vec,migration,module,CgVectorStore,cg_vector_store_task_64_4_32_8_2_32299181_1409036543_s,2072,981,1,0,0,,,
mig_vec_k4_l8_w10g8,vec,migration,subblock,CgVectorStore.WORDS1,,718,298,0,0,0,,,
mig_vec_k4_l8_w10g8,vec,migration,subblock,CgVectorStore.WORDS,,718,298,0,0,0,,,
mig_vec_k4_l8_w10g8,vec,migration,module,CgReplyFramer,cg_reply_task_64_s,328,352,0,0,0,,,
mig_vec_k4_l8_w10g8,vec,migration,subblock,CgReplyFramer.PAYLOAD,,138,35,0,0,0,,,
mig_vec_k4_l8_w10g8,vec,migration,module,MemWStream,mem_w_stream_framed_done_task_64_8_s,1613,2265,0,0,0,,,
mig_vec_k4_l8_w10g8,vec,migration,subblock,MemWStream.BUFF,,826,642,0,0,0,,,
mig_vec_k4_l8_w10g8,vec,migration,subblock,MemWStream.S2A,,137,100,0,0,0,,,
mig_vec_k4_l8_w10g8,vec,migration,subblock,MemWStream.ECHO,,171,98,0,0,0,,,
mig_vec_k4_l8_w10g8,vec,migration,memory,unit_b_U,,0,0,0,5,0,16,160,2
mig_vec_k4_l8_w10g8,vec,migration,memory,unit_s_U,,0,0,0,5,0,16,160,2
mig_vec_k4_l8_w10g8,vec,migration,memory,unit_p_U,,0,0,0,5,0,16,160,2
mig_vec_k4_l8_w10g8,vec,migration,memory,unit_x_U,,0,0,0,5,0,16,160,2
mig_vec_k4_l8_w10g8,vec,migration,fifo,m_in_c_U,,0,99,0,0,0,3,64,1
mig_vec_k4_l8_w10g8,vec,migration,fifo,m_out_c_U,,0,99,0,0,0,9,64,1
mig_vec_k4_l8_w10g8,vec,migration,fifo,rd_cmd_U,,0,99,0,0,0,2,65,1
mig_vec_k4_l8_w10g8,vec,migration,fifo,rd_data_U,,0,99,0,0,0,2,65,1
mig_vec_k4_l8_w10g8,vec,migration,fifo,reply_U,,0,99,0,0,0,2,65,1
mig_vec_k4_l8_w10g8,vec,migration,fifo,unit_ccmd_U,,0,99,0,0,0,2,64,1
mig_vec_k4_l8_w10g8,vec,migration,fifo,unit_lcmd_U,,0,99,0,0,0,2,64,1
mig_vec_k4_l8_w10g8,vec,migration,fifo,unit_pay_U,,0,99,0,0,0,2,65,1
mig_vec_k4_l8_w10g8,vec,migration,fifo,unit_reply_U,,0,99,0,0,0,2,65,1
mig_vec_k4_l8_w10g8,vec,migration,fifo,wr_U,,0,99,0,0,0,2,65,1
mig_vec_k4_l8_w10g8,vec,migration,instance,control_s_axi_U,,296,170,0,0,0,0,0,0
mig_vec_k4_l8_w10g8,vec,migration,instance,entry_proc_U0,,29,2,0,0,0,0,0,0
mig_vec_k4_l8_w10g8,vec,migration,instance,gmem0_m_axi_U,,823,725,0,4,0,0,0,0
mig_vec_k4_l8_w10g8,vec,migration,instance,gmem1_m_axi_U,,811,719,0,4,0,0,0,0
mig_vec_k4_l8_w10g8,vec,migration,unitemized,unitemized,,669,0,0,0,0,0,0,0
mig_vec_k4_l8_w12g0,vec,migration,module,CgReqFramer,cg_req_task_64_s,93,6,0,0,0,,,
mig_vec_k4_l8_w12g0,vec,migration,module,MemRStream,mem_r_stream_framed_task_64_s,817,502,0,0,0,,,
mig_vec_k4_l8_w12g0,vec,migration,subblock,MemRStream.RELAY,,157,34,0,0,0,,,
mig_vec_k4_l8_w12g0,vec,migration,subblock,MemRStream.A2S,,174,102,0,0,0,,,
mig_vec_k4_l8_w12g0,vec,migration,module,CgVectorRx,cg_vector_rx_task_64_4_32_4_8_1182345752_s,1100,495,1,0,0,,,
mig_vec_k4_l8_w12g0,vec,migration,subblock,CgVectorRx.FWD,,138,35,0,0,0,,,
mig_vec_k4_l8_w12g0,vec,migration,module,CgVectorLoad,cg_vector_load_task_64_4_32_4_8_2_575814812_1182345752_s,5058,1834,1,0,0,,,
mig_vec_k4_l8_w12g0,vec,migration,subblock,CgVectorLoad.WORDS,,622,419,0,0,0,,,
mig_vec_k4_l8_w12g0,vec,migration,subblock,CgVectorLoad.WORDS2,,622,419,0,0,0,,,
mig_vec_k4_l8_w12g0,vec,migration,module,CgVectorCore,cg_vector_task_4_32_4_8_2_575814812_s,22744,14181,97,0,0,,,
mig_vec_k4_l8_w12g0,vec,migration,subblock,CgVectorCore.INIT_K,,557,545,16,0,0,,,
mig_vec_k4_l8_w12g0,vec,migration,subblock,CgVectorCore.INIT_P,,321,169,0,0,0,,,
mig_vec_k4_l8_w12g0,vec,migration,subblock,CgVectorCore.PASS1,,557,641,16,0,0,,,
mig_vec_k4_l8_w12g0,vec,migration,subblock,CgVectorCore.PASS2,,5549,3549,48,0,0,,,
mig_vec_k4_l8_w12g0,vec,migration,subblock,CgVectorCore.PASS3,,2852,2379,16,0,0,,,
mig_vec_k4_l8_w12g0,vec,migration,subblock,CgVectorCore.OUT_P,,321,169,0,0,0,,,
mig_vec_k4_l8_w12g0,vec,migration,subblock,CgVectorCore.OUT_X,,321,169,0,0,0,,,
mig_vec_k4_l8_w12g0,vec,migration,module,CgVectorStore,cg_vector_store_task_64_4_32_8_2_575814812_1182345752_s,2148,1045,1,0,0,,,
mig_vec_k4_l8_w12g0,vec,migration,subblock,CgVectorStore.WORDS1,,756,330,0,0,0,,,
mig_vec_k4_l8_w12g0,vec,migration,subblock,CgVectorStore.WORDS,,756,330,0,0,0,,,
mig_vec_k4_l8_w12g0,vec,migration,module,CgReplyFramer,cg_reply_task_64_s,328,352,0,0,0,,,
mig_vec_k4_l8_w12g0,vec,migration,subblock,CgReplyFramer.PAYLOAD,,138,35,0,0,0,,,
mig_vec_k4_l8_w12g0,vec,migration,module,MemWStream,mem_w_stream_framed_done_task_64_8_s,1613,2265,0,0,0,,,
mig_vec_k4_l8_w12g0,vec,migration,subblock,MemWStream.BUFF,,826,642,0,0,0,,,
mig_vec_k4_l8_w12g0,vec,migration,subblock,MemWStream.S2A,,137,100,0,0,0,,,
mig_vec_k4_l8_w12g0,vec,migration,subblock,MemWStream.ECHO,,171,98,0,0,0,,,
mig_vec_k4_l8_w12g0,vec,migration,memory,unit_b_U,,0,0,0,6,0,16,192,2
mig_vec_k4_l8_w12g0,vec,migration,memory,unit_s_U,,0,0,0,6,0,16,192,2
mig_vec_k4_l8_w12g0,vec,migration,memory,unit_p_U,,0,0,0,6,0,16,192,2
mig_vec_k4_l8_w12g0,vec,migration,memory,unit_x_U,,0,0,0,6,0,16,192,2
mig_vec_k4_l8_w12g0,vec,migration,fifo,m_in_c_U,,0,99,0,0,0,3,64,1
mig_vec_k4_l8_w12g0,vec,migration,fifo,m_out_c_U,,0,99,0,0,0,9,64,1
mig_vec_k4_l8_w12g0,vec,migration,fifo,rd_cmd_U,,0,99,0,0,0,2,65,1
mig_vec_k4_l8_w12g0,vec,migration,fifo,rd_data_U,,0,99,0,0,0,2,65,1
mig_vec_k4_l8_w12g0,vec,migration,fifo,reply_U,,0,99,0,0,0,2,65,1
mig_vec_k4_l8_w12g0,vec,migration,fifo,unit_ccmd_U,,0,99,0,0,0,2,64,1
mig_vec_k4_l8_w12g0,vec,migration,fifo,unit_lcmd_U,,0,99,0,0,0,2,64,1
mig_vec_k4_l8_w12g0,vec,migration,fifo,unit_pay_U,,0,99,0,0,0,2,65,1
mig_vec_k4_l8_w12g0,vec,migration,fifo,unit_reply_U,,0,99,0,0,0,2,65,1
mig_vec_k4_l8_w12g0,vec,migration,fifo,wr_U,,0,99,0,0,0,2,65,1
mig_vec_k4_l8_w12g0,vec,migration,instance,control_s_axi_U,,296,170,0,0,0,0,0,0
mig_vec_k4_l8_w12g0,vec,migration,instance,entry_proc_U0,,29,2,0,0,0,0,0,0
mig_vec_k4_l8_w12g0,vec,migration,instance,gmem0_m_axi_U,,823,725,0,4,0,0,0,0
mig_vec_k4_l8_w12g0,vec,migration,instance,gmem1_m_axi_U,,811,719,0,4,0,0,0,0
mig_vec_k4_l8_w12g0,vec,migration,unitemized,unitemized,,669,0,0,0,0,0,0,0
mig_vec_k4_l8_w14g8,vec,migration,module,CgReqFramer,cg_req_task_64_s,93,6,0,0,0,,,
mig_vec_k4_l8_w14g8,vec,migration,module,MemRStream,mem_r_stream_framed_task_64_s,817,502,0,0,0,,,
mig_vec_k4_l8_w14g8,vec,migration,subblock,MemRStream.RELAY,,157,34,0,0,0,,,
mig_vec_k4_l8_w14g8,vec,migration,subblock,MemRStream.A2S,,174,102,0,0,0,,,
mig_vec_k4_l8_w14g8,vec,migration,module,CgVectorRx,cg_vector_rx_task_64_4_32_4_8_596050800_s,1100,495,1,0,0,,,
mig_vec_k4_l8_w14g8,vec,migration,subblock,CgVectorRx.FWD,,138,35,0,0,0,,,
mig_vec_k4_l8_w14g8,vec,migration,module,CgVectorLoad,cg_vector_load_task_64_4_32_4_8_2_992685898_596050800_s,5694,2036,1,0,0,,,
mig_vec_k4_l8_w14g8,vec,migration,subblock,CgVectorLoad.WORDS,,654,455,0,0,0,,,
mig_vec_k4_l8_w14g8,vec,migration,subblock,CgVectorLoad.WORDS2,,654,455,0,0,0,,,
mig_vec_k4_l8_w14g8,vec,migration,module,CgVectorCore,cg_vector_task_4_32_4_8_2_992685898_s,28099,19592,97,0,0,,,
mig_vec_k4_l8_w14g8,vec,migration,subblock,CgVectorCore.INIT_K,,589,721,16,0,0,,,
mig_vec_k4_l8_w14g8,vec,migration,subblock,CgVectorCore.INIT_P,,321,169,0,0,0,,,
mig_vec_k4_l8_w14g8,vec,migration,subblock,CgVectorCore.PASS1,,589,829,16,0,0,,,
mig_vec_k4_l8_w14g8,vec,migration,subblock,CgVectorCore.PASS2,,5645,3853,48,0,0,,,
mig_vec_k4_l8_w14g8,vec,migration,subblock,CgVectorCore.PASS3,,3044,2801,16,0,0,,,
mig_vec_k4_l8_w14g8,vec,migration,subblock,CgVectorCore.OUT_P,,321,169,0,0,0,,,
mig_vec_k4_l8_w14g8,vec,migration,subblock,CgVectorCore.OUT_X,,321,169,0,0,0,,,
mig_vec_k4_l8_w14g8,vec,migration,module,CgVectorStore,cg_vector_store_task_64_4_32_8_2_992685898_596050800_s,2216,1109,1,0,0,,,
mig_vec_k4_l8_w14g8,vec,migration,subblock,CgVectorStore.WORDS1,,790,362,0,0,0,,,
mig_vec_k4_l8_w14g8,vec,migration,subblock,CgVectorStore.WORDS,,790,362,0,0,0,,,
mig_vec_k4_l8_w14g8,vec,migration,module,CgReplyFramer,cg_reply_task_64_s,328,352,0,0,0,,,
mig_vec_k4_l8_w14g8,vec,migration,subblock,CgReplyFramer.PAYLOAD,,138,35,0,0,0,,,
mig_vec_k4_l8_w14g8,vec,migration,module,MemWStream,mem_w_stream_framed_done_task_64_8_s,1613,2265,0,0,0,,,
mig_vec_k4_l8_w14g8,vec,migration,subblock,MemWStream.BUFF,,826,642,0,0,0,,,
mig_vec_k4_l8_w14g8,vec,migration,subblock,MemWStream.S2A,,137,100,0,0,0,,,
mig_vec_k4_l8_w14g8,vec,migration,subblock,MemWStream.ECHO,,171,98,0,0,0,,,
mig_vec_k4_l8_w14g8,vec,migration,memory,unit_b_U,,0,0,0,7,0,16,224,2
mig_vec_k4_l8_w14g8,vec,migration,memory,unit_s_U,,0,0,0,7,0,16,224,2
mig_vec_k4_l8_w14g8,vec,migration,memory,unit_p_U,,0,0,0,7,0,16,224,2
mig_vec_k4_l8_w14g8,vec,migration,memory,unit_x_U,,0,0,0,7,0,16,224,2
mig_vec_k4_l8_w14g8,vec,migration,fifo,m_in_c_U,,0,99,0,0,0,3,64,1
mig_vec_k4_l8_w14g8,vec,migration,fifo,m_out_c_U,,0,99,0,0,0,9,64,1
mig_vec_k4_l8_w14g8,vec,migration,fifo,rd_cmd_U,,0,99,0,0,0,2,65,1
mig_vec_k4_l8_w14g8,vec,migration,fifo,rd_data_U,,0,99,0,0,0,2,65,1
mig_vec_k4_l8_w14g8,vec,migration,fifo,reply_U,,0,99,0,0,0,2,65,1
mig_vec_k4_l8_w14g8,vec,migration,fifo,unit_ccmd_U,,0,99,0,0,0,2,64,1
mig_vec_k4_l8_w14g8,vec,migration,fifo,unit_lcmd_U,,0,99,0,0,0,2,64,1
mig_vec_k4_l8_w14g8,vec,migration,fifo,unit_pay_U,,0,99,0,0,0,2,65,1
mig_vec_k4_l8_w14g8,vec,migration,fifo,unit_reply_U,,0,99,0,0,0,2,65,1
mig_vec_k4_l8_w14g8,vec,migration,fifo,wr_U,,0,99,0,0,0,2,65,1
mig_vec_k4_l8_w14g8,vec,migration,instance,control_s_axi_U,,296,170,0,0,0,0,0,0
mig_vec_k4_l8_w14g8,vec,migration,instance,entry_proc_U0,,29,2,0,0,0,0,0,0
mig_vec_k4_l8_w14g8,vec,migration,instance,gmem0_m_axi_U,,823,725,0,4,0,0,0,0
mig_vec_k4_l8_w14g8,vec,migration,instance,gmem1_m_axi_U,,811,719,0,4,0,0,0,0
mig_vec_k4_l8_w14g8,vec,migration,unitemized,unitemized,,669,0,0,0,0,0,0,0
mig_vec_k4_l16_w16g0,vec,migration,module,CgReqFramer,cg_req_task_64_s,93,6,0,0,0,,,
mig_vec_k4_l16_w16g0,vec,migration,module,MemRStream,mem_r_stream_framed_task_64_s,817,502,0,0,0,,,
mig_vec_k4_l16_w16g0,vec,migration,subblock,MemRStream.RELAY,,157,34,0,0,0,,,
mig_vec_k4_l16_w16g0,vec,migration,subblock,MemRStream.A2S,,174,102,0,0,0,,,
mig_vec_k4_l16_w16g0,vec,migration,module,CgVectorRx,cg_vector_rx_task_64_4_32_4_16_906107287_s,1102,495,1,0,0,,,
mig_vec_k4_l16_w16g0,vec,migration,subblock,CgVectorRx.FWD,,138,35,0,0,0,,,
mig_vec_k4_l16_w16g0,vec,migration,module,CgVectorLoad,cg_vector_load_task_64_4_32_4_16_2_332183272_906107287_s,11262,2788,1,0,0,,,
mig_vec_k4_l16_w16g0,vec,migration,subblock,CgVectorLoad.WORDS,,464,745,0,0,0,,,
mig_vec_k4_l16_w16g0,vec,migration,subblock,CgVectorLoad.WORDS2,,464,745,0,0,0,,,
mig_vec_k4_l16_w16g0,vec,migration,module,CgVectorCore,cg_vector_task_4_32_4_16_2_332183272_s,51173,39059,193,0,0,,,
mig_vec_k4_l16_w16g0,vec,migration,subblock,CgVectorCore.INIT_K,,1754,2165,32,0,0,,,
mig_vec_k4_l16_w16g0,vec,migration,subblock,CgVectorCore.INIT_P,,317,165,0,0,0,,,
mig_vec_k4_l16_w16g0,vec,migration,subblock,CgVectorCore.PASS1,,1066,1715,32,0,0,,,
mig_vec_k4_l16_w16g0,vec,migration,subblock,CgVectorCore.PASS2,,13370,11223,96,0,0,,,
mig_vec_k4_l16_w16g0,vec,migration,subblock,CgVectorCore.PASS3,,6292,5983,32,0,0,,,
mig_vec_k4_l16_w16g0,vec,migration,subblock,CgVectorCore.OUT_P,,317,165,0,0,0,,,
mig_vec_k4_l16_w16g0,vec,migration,subblock,CgVectorCore.OUT_X,,317,165,0,0,0,,,
mig_vec_k4_l16_w16g0,vec,migration,module,CgVectorStore,cg_vector_store_task_64_4_32_16_2_332183272_906107287_s,2858,1685,1,0,0,,,
mig_vec_k4_l16_w16g0,vec,migration,subblock,CgVectorStore.WORDS1,,1111,650,0,0,0,,,
mig_vec_k4_l16_w16g0,vec,migration,subblock,CgVectorStore.WORDS,,1111,650,0,0,0,,,
mig_vec_k4_l16_w16g0,vec,migration,module,CgReplyFramer,cg_reply_task_64_s,328,352,0,0,0,,,
mig_vec_k4_l16_w16g0,vec,migration,subblock,CgReplyFramer.PAYLOAD,,138,35,0,0,0,,,
mig_vec_k4_l16_w16g0,vec,migration,module,MemWStream,mem_w_stream_framed_done_task_64_8_s,1613,2265,0,0,0,,,
mig_vec_k4_l16_w16g0,vec,migration,subblock,MemWStream.BUFF,,826,642,0,0,0,,,
mig_vec_k4_l16_w16g0,vec,migration,subblock,MemWStream.S2A,,137,100,0,0,0,,,
mig_vec_k4_l16_w16g0,vec,migration,subblock,MemWStream.ECHO,,171,98,0,0,0,,,
mig_vec_k4_l16_w16g0,vec,migration,memory,unit_b_U,,0,0,0,15,0,8,512,2
mig_vec_k4_l16_w16g0,vec,migration,memory,unit_s_U,,0,0,0,15,0,8,512,2
mig_vec_k4_l16_w16g0,vec,migration,memory,unit_p_U,,0,0,0,15,0,8,512,2
mig_vec_k4_l16_w16g0,vec,migration,memory,unit_x_U,,0,0,0,15,0,8,512,2
mig_vec_k4_l16_w16g0,vec,migration,fifo,m_in_c_U,,0,99,0,0,0,3,64,1
mig_vec_k4_l16_w16g0,vec,migration,fifo,m_out_c_U,,0,99,0,0,0,9,64,1
mig_vec_k4_l16_w16g0,vec,migration,fifo,rd_cmd_U,,0,99,0,0,0,2,65,1
mig_vec_k4_l16_w16g0,vec,migration,fifo,rd_data_U,,0,99,0,0,0,2,65,1
mig_vec_k4_l16_w16g0,vec,migration,fifo,reply_U,,0,99,0,0,0,2,65,1
mig_vec_k4_l16_w16g0,vec,migration,fifo,unit_ccmd_U,,0,99,0,0,0,2,64,1
mig_vec_k4_l16_w16g0,vec,migration,fifo,unit_lcmd_U,,0,99,0,0,0,2,64,1
mig_vec_k4_l16_w16g0,vec,migration,fifo,unit_pay_U,,0,99,0,0,0,2,65,1
mig_vec_k4_l16_w16g0,vec,migration,fifo,unit_reply_U,,0,99,0,0,0,2,65,1
mig_vec_k4_l16_w16g0,vec,migration,fifo,wr_U,,0,99,0,0,0,2,65,1
mig_vec_k4_l16_w16g0,vec,migration,instance,control_s_axi_U,,296,170,0,0,0,0,0,0
mig_vec_k4_l16_w16g0,vec,migration,instance,entry_proc_U0,,29,2,0,0,0,0,0,0
mig_vec_k4_l16_w16g0,vec,migration,instance,gmem0_m_axi_U,,823,725,0,4,0,0,0,0
mig_vec_k4_l16_w16g0,vec,migration,instance,gmem1_m_axi_U,,811,719,0,4,0,0,0,0
mig_vec_k4_l16_w16g0,vec,migration,unitemized,unitemized,,669,0,0,0,0,0,0,0
mig_vec_k8_l1_w14g4,vec,migration,module,CgReqFramer,cg_req_task_64_s,93,6,0,0,0,,,
mig_vec_k8_l1_w14g4,vec,migration,module,MemRStream,mem_r_stream_framed_task_64_s,817,502,0,0,0,,,
mig_vec_k8_l1_w14g4,vec,migration,subblock,MemRStream.RELAY,,157,34,0,0,0,,,
mig_vec_k8_l1_w14g4,vec,migration,subblock,MemRStream.A2S,,174,102,0,0,0,,,
mig_vec_k8_l1_w14g4,vec,migration,module,CgVectorRx,cg_vector_rx_task_64_8_32_8_1_596050800_s,1086,462,1,0,0,,,
mig_vec_k8_l1_w14g4,vec,migration,subblock,CgVectorRx.FWD,,138,35,0,0,0,,,
mig_vec_k8_l1_w14g4,vec,migration,module,CgVectorLoad,cg_vector_load_task_64_8_32_8_1_2_1993179116_596050800_s,1367,426,1,0,0,,,
mig_vec_k8_l1_w14g4,vec,migration,subblock,CgVectorLoad.WORDS_G,,480,143,0,0,0,,,
mig_vec_k8_l1_w14g4,vec,migration,subblock,CgVectorLoad.WORDS_G2,,480,143,0,0,0,,,
mig_vec_k8_l1_w14g4,vec,migration,module,CgVectorCore,cg_vector_task_8_32_8_1_2_1993179116_s,5799,3328,13,6,0,,,
mig_vec_k8_l1_w14g4,vec,migration,subblock,CgVectorCore.INIT_K,,232,221,2,0,0,,,
mig_vec_k8_l1_w14g4,vec,migration,subblock,CgVectorCore.INIT_P,,329,178,0,0,0,,,
mig_vec_k8_l1_w14g4,vec,migration,subblock,CgVectorCore.PASS1,,232,227,2,0,0,,,
mig_vec_k8_l1_w14g4,vec,migration,subblock,CgVectorCore.PASS2,,928,707,6,0,0,,,
mig_vec_k8_l1_w14g4,vec,migration,subblock,CgVectorCore.PASS3,,454,347,2,0,0,,,
mig_vec_k8_l1_w14g4,vec,migration,subblock,CgVectorCore.OUT_P,,329,178,0,0,0,,,
mig_vec_k8_l1_w14g4,vec,migration,subblock,CgVectorCore.OUT_X,,329,178,0,0,0,,,
mig_vec_k8_l1_w14g4,vec,migration,module,CgVectorStore,cg_vector_store_task_64_8_32_1_2_1993179116_596050800_s,1624,647,1,0,0,,,
mig_vec_k8_l1_w14g4,vec,migration,subblock,CgVectorStore.WORDS_G1,,485,131,0,0,0,,,
mig_vec_k8_l1_w14g4,vec,migration,subblock,CgVectorStore.WORDS_G,,485,131,0,0,0,,,
mig_vec_k8_l1_w14g4,vec,migration,module,CgReplyFramer,cg_reply_task_64_s,328,352,0,0,0,,,
mig_vec_k8_l1_w14g4,vec,migration,subblock,CgReplyFramer.PAYLOAD,,138,35,0,0,0,,,
mig_vec_k8_l1_w14g4,vec,migration,module,MemWStream,mem_w_stream_framed_done_task_64_8_s,1613,2265,0,0,0,,,
mig_vec_k8_l1_w14g4,vec,migration,subblock,MemWStream.BUFF,,826,642,0,0,0,,,
mig_vec_k8_l1_w14g4,vec,migration,subblock,MemWStream.S2A,,137,100,0,0,0,,,
mig_vec_k8_l1_w14g4,vec,migration,subblock,MemWStream.ECHO,,171,98,0,0,0,,,
mig_vec_k8_l1_w14g4,vec,migration,memory,unit_b_U,,0,0,0,4,0,256,28,2
mig_vec_k8_l1_w14g4,vec,migration,memory,unit_s_U,,0,0,0,4,0,256,28,2
mig_vec_k8_l1_w14g4,vec,migration,memory,unit_p_U,,0,0,0,4,0,256,28,2
mig_vec_k8_l1_w14g4,vec,migration,memory,unit_x_U,,0,0,0,4,0,256,28,2
mig_vec_k8_l1_w14g4,vec,migration,fifo,m_in_c_U,,0,99,0,0,0,3,64,1
mig_vec_k8_l1_w14g4,vec,migration,fifo,m_out_c_U,,0,99,0,0,0,9,64,1
mig_vec_k8_l1_w14g4,vec,migration,fifo,rd_cmd_U,,0,99,0,0,0,2,65,1
mig_vec_k8_l1_w14g4,vec,migration,fifo,rd_data_U,,0,99,0,0,0,2,65,1
mig_vec_k8_l1_w14g4,vec,migration,fifo,reply_U,,0,99,0,0,0,2,65,1
mig_vec_k8_l1_w14g4,vec,migration,fifo,unit_ccmd_U,,0,99,0,0,0,2,64,1
mig_vec_k8_l1_w14g4,vec,migration,fifo,unit_lcmd_U,,0,99,0,0,0,2,64,1
mig_vec_k8_l1_w14g4,vec,migration,fifo,unit_pay_U,,0,99,0,0,0,2,65,1
mig_vec_k8_l1_w14g4,vec,migration,fifo,unit_reply_U,,0,99,0,0,0,2,65,1
mig_vec_k8_l1_w14g4,vec,migration,fifo,wr_U,,0,99,0,0,0,2,65,1
mig_vec_k8_l1_w14g4,vec,migration,instance,control_s_axi_U,,296,170,0,0,0,0,0,0
mig_vec_k8_l1_w14g4,vec,migration,instance,entry_proc_U0,,29,2,0,0,0,0,0,0
mig_vec_k8_l1_w14g4,vec,migration,instance,gmem0_m_axi_U,,823,725,0,4,0,0,0,0
mig_vec_k8_l1_w14g4,vec,migration,instance,gmem1_m_axi_U,,811,719,0,4,0,0,0,0
mig_vec_k8_l1_w14g4,vec,migration,unitemized,unitemized,,669,0,0,0,0,0,0,0
mig_vec_k8_l8_w8g0,vec,migration,module,CgReqFramer,cg_req_task_64_s,93,6,0,0,0,,,
mig_vec_k8_l8_w8g0,vec,migration,module,MemRStream,mem_r_stream_framed_task_64_s,817,502,0,0,0,,,
mig_vec_k8_l8_w8g0,vec,migration,subblock,MemRStream.RELAY,,157,34,0,0,0,,,
mig_vec_k8_l8_w8g0,vec,migration,subblock,MemRStream.A2S,,174,102,0,0,0,,,
mig_vec_k8_l8_w8g0,vec,migration,module,CgVectorRx,cg_vector_rx_task_64_8_32_8_8_1684208454_s,1098,495,1,0,0,,,
mig_vec_k8_l8_w8g0,vec,migration,subblock,CgVectorRx.FWD,,138,35,0,0,0,,,
mig_vec_k8_l8_w8g0,vec,migration,module,CgVectorLoad,cg_vector_load_task_64_8_32_8_8_2_2073626788_1684208454_s,3712,1216,1,0,0,,,
mig_vec_k8_l8_w8g0,vec,migration,subblock,CgVectorLoad.WORDS,,582,339,0,0,0,,,
mig_vec_k8_l8_w8g0,vec,migration,subblock,CgVectorLoad.WORDS2,,582,339,0,0,0,,,
mig_vec_k8_l8_w8g0,vec,migration,module,CgVectorCore,cg_vector_task_8_32_8_8_2_2073626788_s,23517,10363,25,0,0,,,
mig_vec_k8_l8_w8g0,vec,migration,subblock,CgVectorCore.INIT_K,,1261,486,0,0,0,,,
mig_vec_k8_l8_w8g0,vec,migration,subblock,CgVectorCore.INIT_P,,321,169,0,0,0,,,
mig_vec_k8_l8_w8g0,vec,migration,subblock,CgVectorCore.PASS1,,781,490,8,0,0,,,
mig_vec_k8_l8_w8g0,vec,migration,subblock,CgVectorCore.PASS2,,6141,2443,16,0,0,,,
mig_vec_k8_l8_w8g0,vec,migration,subblock,CgVectorCore.PASS3,,3124,1740,0,0,0,,,
mig_vec_k8_l8_w8g0,vec,migration,subblock,CgVectorCore.OUT_P,,321,169,0,0,0,,,
mig_vec_k8_l8_w8g0,vec,migration,subblock,CgVectorCore.OUT_X,,321,169,0,0,0,,,
mig_vec_k8_l8_w8g0,vec,migration,module,CgVectorStore,cg_vector_store_task_64_8_32_8_2_2073626788_1684208454_s,1998,917,1,0,0,,,
mig_vec_k8_l8_w8g0,vec,migration,subblock,CgVectorStore.WORDS1,,681,266,0,0,0,,,
mig_vec_k8_l8_w8g0,vec,migration,subblock,CgVectorStore.WORDS,,681,266,0,0,0,,,
mig_vec_k8_l8_w8g0,vec,migration,module,CgReplyFramer,cg_reply_task_64_s,328,352,0,0,0,,,
mig_vec_k8_l8_w8g0,vec,migration,subblock,CgReplyFramer.PAYLOAD,,138,35,0,0,0,,,
mig_vec_k8_l8_w8g0,vec,migration,module,MemWStream,mem_w_stream_framed_done_task_64_8_s,1613,2265,0,0,0,,,
mig_vec_k8_l8_w8g0,vec,migration,subblock,MemWStream.BUFF,,826,642,0,0,0,,,
mig_vec_k8_l8_w8g0,vec,migration,subblock,MemWStream.S2A,,137,100,0,0,0,,,
mig_vec_k8_l8_w8g0,vec,migration,subblock,MemWStream.ECHO,,171,98,0,0,0,,,
mig_vec_k8_l8_w8g0,vec,migration,memory,unit_b_U,,0,0,0,4,0,32,128,2
mig_vec_k8_l8_w8g0,vec,migration,memory,unit_s_U,,0,0,0,4,0,32,128,2
mig_vec_k8_l8_w8g0,vec,migration,memory,unit_p_U,,0,0,0,4,0,32,128,2
mig_vec_k8_l8_w8g0,vec,migration,memory,unit_x_U,,0,0,0,4,0,32,128,2
mig_vec_k8_l8_w8g0,vec,migration,fifo,m_in_c_U,,0,99,0,0,0,3,64,1
mig_vec_k8_l8_w8g0,vec,migration,fifo,m_out_c_U,,0,99,0,0,0,9,64,1
mig_vec_k8_l8_w8g0,vec,migration,fifo,rd_cmd_U,,0,99,0,0,0,2,65,1
mig_vec_k8_l8_w8g0,vec,migration,fifo,rd_data_U,,0,99,0,0,0,2,65,1
mig_vec_k8_l8_w8g0,vec,migration,fifo,reply_U,,0,99,0,0,0,2,65,1
mig_vec_k8_l8_w8g0,vec,migration,fifo,unit_ccmd_U,,0,99,0,0,0,2,64,1
mig_vec_k8_l8_w8g0,vec,migration,fifo,unit_lcmd_U,,0,99,0,0,0,2,64,1
mig_vec_k8_l8_w8g0,vec,migration,fifo,unit_pay_U,,0,99,0,0,0,2,65,1
mig_vec_k8_l8_w8g0,vec,migration,fifo,unit_reply_U,,0,99,0,0,0,2,65,1
mig_vec_k8_l8_w8g0,vec,migration,fifo,wr_U,,0,99,0,0,0,2,65,1
mig_vec_k8_l8_w8g0,vec,migration,instance,control_s_axi_U,,296,170,0,0,0,0,0,0
mig_vec_k8_l8_w8g0,vec,migration,instance,entry_proc_U0,,29,2,0,0,0,0,0,0
mig_vec_k8_l8_w8g0,vec,migration,instance,gmem0_m_axi_U,,823,725,0,4,0,0,0,0
mig_vec_k8_l8_w8g0,vec,migration,instance,gmem1_m_axi_U,,811,719,0,4,0,0,0,0
mig_vec_k8_l8_w8g0,vec,migration,unitemized,unitemized,,669,0,0,0,0,0,0,0
mig_vec_k8_l8_w16g4,vec,migration,module,CgReqFramer,cg_req_task_64_s,93,6,0,0,0,,,
mig_vec_k8_l8_w16g4,vec,migration,module,MemRStream,mem_r_stream_framed_task_64_s,817,502,0,0,0,,,
mig_vec_k8_l8_w16g4,vec,migration,subblock,MemRStream.RELAY,,157,34,0,0,0,,,
mig_vec_k8_l8_w16g4,vec,migration,subblock,MemRStream.A2S,,174,102,0,0,0,,,
mig_vec_k8_l8_w16g4,vec,migration,module,CgVectorRx,cg_vector_rx_task_64_8_32_8_8_906107287_s,1098,495,1,0,0,,,
mig_vec_k8_l8_w16g4,vec,migration,subblock,CgVectorRx.FWD,,138,35,0,0,0,,,
mig_vec_k8_l8_w16g4,vec,migration,module,CgVectorLoad,cg_vector_load_task_64_8_32_8_8_2_1630208413_906107287_s,5784,1768,1,0,0,,,
mig_vec_k8_l8_w16g4,vec,migration,subblock,CgVectorLoad.WORDS,,464,489,0,0,0,,,
mig_vec_k8_l8_w16g4,vec,migration,subblock,CgVectorLoad.WORDS2,,464,489,0,0,0,,,
mig_vec_k8_l8_w16g4,vec,migration,module,CgVectorCore,cg_vector_task_8_32_8_8_2_1630208413_s,29014,20280,97,0,0,,,
mig_vec_k8_l8_w16g4,vec,migration,subblock,CgVectorCore.INIT_K,,957,1129,16,0,0,,,
mig_vec_k8_l8_w16g4,vec,migration,subblock,CgVectorCore.INIT_P,,321,169,0,0,0,,,
mig_vec_k8_l8_w16g4,vec,migration,subblock,CgVectorCore.PASS1,,629,933,16,0,0,,,
mig_vec_k8_l8_w16g4,vec,migration,subblock,CgVectorCore.PASS2,,6269,4371,48,0,0,,,
mig_vec_k8_l8_w16g4,vec,migration,subblock,CgVectorCore.PASS3,,3188,3043,16,0,0,,,
mig_vec_k8_l8_w16g4,vec,migration,subblock,CgVectorCore.OUT_P,,321,169,0,0,0,,,
mig_vec_k8_l8_w16g4,vec,migration,subblock,CgVectorCore.OUT_X,,321,169,0,0,0,,,
mig_vec_k8_l8_w16g4,vec,migration,module,CgVectorStore,cg_vector_store_task_64_8_32_8_2_1630208413_906107287_s,2264,1173,1,0,0,,,
mig_vec_k8_l8_w16g4,vec,migration,subblock,CgVectorStore.WORDS1,,814,394,0,0,0,,,
mig_vec_k8_l8_w16g4,vec,migration,subblock,CgVectorStore.WORDS,,814,394,0,0,0,,,
mig_vec_k8_l8_w16g4,vec,migration,module,CgReplyFramer,cg_reply_task_64_s,328,352,0,0,0,,,
mig_vec_k8_l8_w16g4,vec,migration,subblock,CgReplyFramer.PAYLOAD,,138,35,0,0,0,,,
mig_vec_k8_l8_w16g4,vec,migration,module,MemWStream,mem_w_stream_framed_done_task_64_8_s,1613,2265,0,0,0,,,
mig_vec_k8_l8_w16g4,vec,migration,subblock,MemWStream.BUFF,,826,642,0,0,0,,,
mig_vec_k8_l8_w16g4,vec,migration,subblock,MemWStream.S2A,,137,100,0,0,0,,,
mig_vec_k8_l8_w16g4,vec,migration,subblock,MemWStream.ECHO,,171,98,0,0,0,,,
mig_vec_k8_l8_w16g4,vec,migration,memory,unit_b_U,,0,0,0,8,0,32,256,2
mig_vec_k8_l8_w16g4,vec,migration,memory,unit_s_U,,0,0,0,8,0,32,256,2
mig_vec_k8_l8_w16g4,vec,migration,memory,unit_p_U,,0,0,0,8,0,32,256,2
mig_vec_k8_l8_w16g4,vec,migration,memory,unit_x_U,,0,0,0,8,0,32,256,2
mig_vec_k8_l8_w16g4,vec,migration,fifo,m_in_c_U,,0,99,0,0,0,3,64,1
mig_vec_k8_l8_w16g4,vec,migration,fifo,m_out_c_U,,0,99,0,0,0,9,64,1
mig_vec_k8_l8_w16g4,vec,migration,fifo,rd_cmd_U,,0,99,0,0,0,2,65,1
mig_vec_k8_l8_w16g4,vec,migration,fifo,rd_data_U,,0,99,0,0,0,2,65,1
mig_vec_k8_l8_w16g4,vec,migration,fifo,reply_U,,0,99,0,0,0,2,65,1
mig_vec_k8_l8_w16g4,vec,migration,fifo,unit_ccmd_U,,0,99,0,0,0,2,64,1
mig_vec_k8_l8_w16g4,vec,migration,fifo,unit_lcmd_U,,0,99,0,0,0,2,64,1
mig_vec_k8_l8_w16g4,vec,migration,fifo,unit_pay_U,,0,99,0,0,0,2,65,1
mig_vec_k8_l8_w16g4,vec,migration,fifo,unit_reply_U,,0,99,0,0,0,2,65,1
mig_vec_k8_l8_w16g4,vec,migration,fifo,wr_U,,0,99,0,0,0,2,65,1
mig_vec_k8_l8_w16g4,vec,migration,instance,control_s_axi_U,,296,170,0,0,0,0,0,0
mig_vec_k8_l8_w16g4,vec,migration,instance,entry_proc_U0,,29,2,0,0,0,0,0,0
mig_vec_k8_l8_w16g4,vec,migration,instance,gmem0_m_axi_U,,823,725,0,4,0,0,0,0
mig_vec_k8_l8_w16g4,vec,migration,instance,gmem1_m_axi_U,,811,719,0,4,0,0,0,0
mig_vec_k8_l8_w16g4,vec,migration,unitemized,unitemized,,669,0,0,0,0,0,0,0
mig_vec_k8_l16_w8g4,vec,migration,module,CgReqFramer,cg_req_task_64_s,93,6,0,0,0,,,
mig_vec_k8_l16_w8g4,vec,migration,module,MemRStream,mem_r_stream_framed_task_64_s,817,502,0,0,0,,,
mig_vec_k8_l16_w8g4,vec,migration,subblock,MemRStream.RELAY,,157,34,0,0,0,,,
mig_vec_k8_l16_w8g4,vec,migration,subblock,MemRStream.A2S,,174,102,0,0,0,,,
mig_vec_k8_l16_w8g4,vec,migration,module,CgVectorRx,cg_vector_rx_task_64_8_32_8_16_1684208454_s,1100,495,1,0,0,,,
mig_vec_k8_l16_w8g4,vec,migration,subblock,CgVectorRx.FWD,,138,35,0,0,0,,,
mig_vec_k8_l16_w8g4,vec,migration,module,CgVectorLoad,cg_vector_load_task_64_8_32_8_16_2_1432263088_1684208454_s,6022,1726,1,0,0,,,
mig_vec_k8_l16_w8g4,vec,migration,subblock,CgVectorLoad.WORDS,,582,467,0,0,0,,,
mig_vec_k8_l16_w8g4,vec,migration,subblock,CgVectorLoad.WORDS2,,582,467,0,0,0,,,
mig_vec_k8_l16_w8g4,vec,migration,module,CgVectorCore,cg_vector_task_8_32_8_16_2_1432263088_s,48527,24685,49,0,0,,,
mig_vec_k8_l16_w8g4,vec,migration,subblock,CgVectorCore.INIT_K,,2380,899,0,0,0,,,
mig_vec_k8_l16_w8g4,vec,migration,subblock,CgVectorCore.INIT_P,,319,165,0,0,0,,,
mig_vec_k8_l16_w8g4,vec,migration,subblock,CgVectorCore.PASS1,,1388,839,16,0,0,,,
mig_vec_k8_l16_w8g4,vec,migration,subblock,CgVectorCore.PASS2,,13132,7159,32,0,0,,,
mig_vec_k8_l16_w8g4,vec,migration,subblock,CgVectorCore.PASS3,,6164,3419,0,0,0,,,
mig_vec_k8_l16_w8g4,vec,migration,subblock,CgVectorCore.OUT_P,,319,165,0,0,0,,,
mig_vec_k8_l16_w8g4,vec,migration,subblock,CgVectorCore.OUT_X,,319,165,0,0,0,,,
mig_vec_k8_l16_w8g4,vec,migration,module,CgVectorStore,cg_vector_store_task_64_8_32_16_2_1432263088_1684208454_s,2200,1173,1,0,0,,,
mig_vec_k8_l16_w8g4,vec,migration,subblock,CgVectorStore.WORDS1,,782,394,0,0,0,,,
mig_vec_k8_l16_w8g4,vec,migration,subblock,CgVectorStore.WORDS,,782,394,0,0,0,,,
mig_vec_k8_l16_w8g4,vec,migration,module,CgReplyFramer,cg_reply_task_64_s,328,352,0,0,0,,,
mig_vec_k8_l16_w8g4,vec,migration,subblock,CgReplyFramer.PAYLOAD,,138,35,0,0,0,,,
mig_vec_k8_l16_w8g4,vec,migration,module,MemWStream,mem_w_stream_framed_done_task_64_8_s,1613,2265,0,0,0,,,
mig_vec_k8_l16_w8g4,vec,migration,subblock,MemWStream.BUFF,,826,642,0,0,0,,,
mig_vec_k8_l16_w8g4,vec,migration,subblock,MemWStream.S2A,,137,100,0,0,0,,,
mig_vec_k8_l16_w8g4,vec,migration,subblock,MemWStream.ECHO,,171,98,0,0,0,,,
mig_vec_k8_l16_w8g4,vec,migration,memory,unit_b_U,,0,0,0,8,0,16,256,2
mig_vec_k8_l16_w8g4,vec,migration,memory,unit_s_U,,0,0,0,8,0,16,256,2
mig_vec_k8_l16_w8g4,vec,migration,memory,unit_p_U,,0,0,0,8,0,16,256,2
mig_vec_k8_l16_w8g4,vec,migration,memory,unit_x_U,,0,0,0,8,0,16,256,2
mig_vec_k8_l16_w8g4,vec,migration,fifo,m_in_c_U,,0,99,0,0,0,3,64,1
mig_vec_k8_l16_w8g4,vec,migration,fifo,m_out_c_U,,0,99,0,0,0,9,64,1
mig_vec_k8_l16_w8g4,vec,migration,fifo,rd_cmd_U,,0,99,0,0,0,2,65,1
mig_vec_k8_l16_w8g4,vec,migration,fifo,rd_data_U,,0,99,0,0,0,2,65,1
mig_vec_k8_l16_w8g4,vec,migration,fifo,reply_U,,0,99,0,0,0,2,65,1
mig_vec_k8_l16_w8g4,vec,migration,fifo,unit_ccmd_U,,0,99,0,0,0,2,64,1
mig_vec_k8_l16_w8g4,vec,migration,fifo,unit_lcmd_U,,0,99,0,0,0,2,64,1
mig_vec_k8_l16_w8g4,vec,migration,fifo,unit_pay_U,,0,99,0,0,0,2,65,1
mig_vec_k8_l16_w8g4,vec,migration,fifo,unit_reply_U,,0,99,0,0,0,2,65,1
mig_vec_k8_l16_w8g4,vec,migration,fifo,wr_U,,0,99,0,0,0,2,65,1
mig_vec_k8_l16_w8g4,vec,migration,instance,control_s_axi_U,,296,170,0,0,0,0,0,0
mig_vec_k8_l16_w8g4,vec,migration,instance,entry_proc_U0,,29,2,0,0,0,0,0,0
mig_vec_k8_l16_w8g4,vec,migration,instance,gmem0_m_axi_U,,823,725,0,4,0,0,0,0
mig_vec_k8_l16_w8g4,vec,migration,instance,gmem1_m_axi_U,,811,719,0,4,0,0,0,0
mig_vec_k8_l16_w8g4,vec,migration,unitemized,unitemized,,669,0,0,0,0,0,0,0
mig_vec_k8_l16_w14g4,vec,migration,module,CgReqFramer,cg_req_task_64_s,93,6,0,0,0,,,
mig_vec_k8_l16_w14g4,vec,migration,module,MemRStream,mem_r_stream_framed_task_64_s,817,502,0,0,0,,,
mig_vec_k8_l16_w14g4,vec,migration,subblock,MemRStream.RELAY,,157,34,0,0,0,,,
mig_vec_k8_l16_w14g4,vec,migration,subblock,MemRStream.A2S,,174,102,0,0,0,,,
mig_vec_k8_l16_w14g4,vec,migration,module,CgVectorRx,cg_vector_rx_task_64_8_32_8_16_596050800_s,1100,495,1,0,0,,,
mig_vec_k8_l16_w14g4,vec,migration,subblock,CgVectorRx.FWD,,138,35,0,0,0,,,
mig_vec_k8_l16_w14g4,vec,migration,module,CgVectorLoad,cg_vector_load_task_64_8_32_8_16_2_1993179116_596050800_s,10380,3380,1,0,0,,,
mig_vec_k8_l16_w14g4,vec,migration,subblock,CgVectorLoad.WORDS,,654,679,0,0,0,,,
mig_vec_k8_l16_w14g4,vec,migration,subblock,CgVectorLoad.WORDS2,,654,679,0,0,0,,,
mig_vec_k8_l16_w14g4,vec,migration,module,CgVectorCore,cg_vector_task_8_32_8_16_2_1993179116_s,51753,37160,193,0,0,,,
mig_vec_k8_l16_w14g4,vec,migration,subblock,CgVectorCore.INIT_K,,1020,1319,32,0,0,,,
mig_vec_k8_l16_w14g4,vec,migration,subblock,CgVectorCore.INIT_P,,319,165,0,0,0,,,
mig_vec_k8_l16_w14g4,vec,migration,subblock,CgVectorCore.PASS1,,1020,1539,32,0,0,,,
mig_vec_k8_l16_w14g4,vec,migration,subblock,CgVectorCore.PASS2,,12156,10187,96,0,0,,,
mig_vec_k8_l16_w14g4,vec,migration,subblock,CgVectorCore.PASS3,,6004,5569,32,0,0,,,
mig_vec_k8_l16_w14g4,vec,migration,subblock,CgVectorCore.OUT_P,,319,165,0,0,0,,,
mig_vec_k8_l16_w14g4,vec,migration,subblock,CgVectorCore.OUT_X,,319,165,0,0,0,,,
mig_vec_k8_l16_w14g4,vec,migration,module,CgVectorStore,cg_vector_store_task_64_8_32_16_2_1993179116_596050800_s,2714,1557,1,0,0,,,
mig_vec_k8_l16_w14g4,vec,migration,subblock,CgVectorStore.WORDS1,,1039,586,0,0,0,,,
mig_vec_k8_l16_w14g4,vec,migration,subblock,CgVectorStore.WORDS,,1039,586,0,0,0,,,
mig_vec_k8_l16_w14g4,vec,migration,module,CgReplyFramer,cg_reply_task_64_s,328,352,0,0,0,,,
mig_vec_k8_l16_w14g4,vec,migration,subblock,CgReplyFramer.PAYLOAD,,138,35,0,0,0,,,
mig_vec_k8_l16_w14g4,vec,migration,module,MemWStream,mem_w_stream_framed_done_task_64_8_s,1613,2265,0,0,0,,,
mig_vec_k8_l16_w14g4,vec,migration,subblock,MemWStream.BUFF,,826,642,0,0,0,,,
mig_vec_k8_l16_w14g4,vec,migration,subblock,MemWStream.S2A,,137,100,0,0,0,,,
mig_vec_k8_l16_w14g4,vec,migration,subblock,MemWStream.ECHO,,171,98,0,0,0,,,
mig_vec_k8_l16_w14g4,vec,migration,memory,unit_b_U,,0,0,0,13,0,16,448,2
mig_vec_k8_l16_w14g4,vec,migration,memory,unit_s_U,,0,0,0,13,0,16,448,2
mig_vec_k8_l16_w14g4,vec,migration,memory,unit_p_U,,0,0,0,13,0,16,448,2
mig_vec_k8_l16_w14g4,vec,migration,memory,unit_x_U,,0,0,0,13,0,16,448,2
mig_vec_k8_l16_w14g4,vec,migration,fifo,m_in_c_U,,0,99,0,0,0,3,64,1
mig_vec_k8_l16_w14g4,vec,migration,fifo,m_out_c_U,,0,99,0,0,0,9,64,1
mig_vec_k8_l16_w14g4,vec,migration,fifo,rd_cmd_U,,0,99,0,0,0,2,65,1
mig_vec_k8_l16_w14g4,vec,migration,fifo,rd_data_U,,0,99,0,0,0,2,65,1
mig_vec_k8_l16_w14g4,vec,migration,fifo,reply_U,,0,99,0,0,0,2,65,1
mig_vec_k8_l16_w14g4,vec,migration,fifo,unit_ccmd_U,,0,99,0,0,0,2,64,1
mig_vec_k8_l16_w14g4,vec,migration,fifo,unit_lcmd_U,,0,99,0,0,0,2,64,1
mig_vec_k8_l16_w14g4,vec,migration,fifo,unit_pay_U,,0,99,0,0,0,2,65,1
mig_vec_k8_l16_w14g4,vec,migration,fifo,unit_reply_U,,0,99,0,0,0,2,65,1
mig_vec_k8_l16_w14g4,vec,migration,fifo,wr_U,,0,99,0,0,0,2,65,1
mig_vec_k8_l16_w14g4,vec,migration,instance,control_s_axi_U,,296,170,0,0,0,0,0,0
mig_vec_k8_l16_w14g4,vec,migration,instance,entry_proc_U0,,29,2,0,0,0,0,0,0
mig_vec_k8_l16_w14g4,vec,migration,instance,gmem0_m_axi_U,,823,725,0,4,0,0,0,0
mig_vec_k8_l16_w14g4,vec,migration,instance,gmem1_m_axi_U,,811,719,0,4,0,0,0,0
mig_vec_k8_l16_w14g4,vec,migration,unitemized,unitemized,,669,0,0,0,0,0,0,0
mig_mm_k4_r2_c32_m4_w8_l1,mm,migration,module,UnitReqFramer,unit_req_task_64_s,117,72,0,0,0,,,
mig_mm_k4_r2_c32_m4_w8_l1,mm,migration,module,MemRStream,mem_r_stream_framed_task_64_s,817,502,0,0,0,,,
mig_mm_k4_r2_c32_m4_w8_l1,mm,migration,subblock,MemRStream.RELAY,,157,34,0,0,0,,,
mig_mm_k4_r2_c32_m4_w8_l1,mm,migration,subblock,MemRStream.A2S,,174,102,0,0,0,,,
mig_mm_k4_r2_c32_m4_w8_l1,mm,migration,module,SystolicRx,systolic_rx_task_64_4_4_32_1_2_32_34212151_s,820,323,3,0,0,,,
mig_mm_k4_r2_c32_m4_w8_l1,mm,migration,subblock,SystolicRx.FWD,,138,35,0,0,0,,,
mig_mm_k4_r2_c32_m4_w8_l1,mm,migration,module,SystolicLoad,systolic_load_task_64_4_4_32_1_2_1968597333_34212151_s,1873,792,2,0,0,,,
mig_mm_k4_r2_c32_m4_w8_l1,mm,migration,subblock,SystolicLoad.WORDS_G,,407,119,0,0,0,,,
mig_mm_k4_r2_c32_m4_w8_l1,mm,migration,subblock,SystolicLoad.ELEMS,,675,282,0,0,0,,,
mig_mm_k4_r2_c32_m4_w8_l1,mm,migration,subblock,SystolicLoad.WORDS_G1,,404,123,0,0,0,,,
mig_mm_k4_r2_c32_m4_w8_l1,mm,migration,module,SystolicCore,systolic_core_task_4_4_32_1_2_32_4_2_1968597333_s,20490,9991,130,0,0,,,
mig_mm_k4_r2_c32_m4_w8_l1,mm,migration,subblock,SystolicCore.LOAD_A,,693,168,0,0,0,,,
mig_mm_k4_r2_c32_m4_w8_l1,mm,migration,subblock,SystolicCore.LOAD_B,,364,196,0,0,0,,,
mig_mm_k4_r2_c32_m4_w8_l1,mm,migration,subblock,SystolicCore.SWEEP,,15033,8461,128,0,0,,,
mig_mm_k4_r2_c32_m4_w8_l1,mm,migration,module,SystolicStore,systolic_store_task_64_4_4_32_1_2_1968597333_34212151_s,845,424,1,0,0,,,
mig_mm_k4_r2_c32_m4_w8_l1,mm,migration,subblock,SystolicStore.WORDS_G,,437,107,0,0,0,,,
mig_mm_k4_r2_c32_m4_w8_l1,mm,migration,module,UnitReplyFramer,unit_reply_task_64_s,351,354,0,0,0,,,
mig_mm_k4_r2_c32_m4_w8_l1,mm,migration,subblock,UnitReplyFramer.PAYLOAD,,138,35,0,0,0,,,
mig_mm_k4_r2_c32_m4_w8_l1,mm,migration,module,MemWStream,mem_w_stream_framed_done_task_64_8_s,1613,2265,0,0,0,,,
mig_mm_k4_r2_c32_m4_w8_l1,mm,migration,subblock,MemWStream.BUFF,,826,642,0,0,0,,,
mig_mm_k4_r2_c32_m4_w8_l1,mm,migration,subblock,MemWStream.S2A,,137,100,0,0,0,,,
mig_mm_k4_r2_c32_m4_w8_l1,mm,migration,subblock,MemWStream.ECHO,,171,98,0,0,0,,,
mig_mm_k4_r2_c32_m4_w8_l1,mm,migration,memory,unit_a_U,,8,64,0,0,0,16,16,2
mig_mm_k4_r2_c32_m4_w8_l1,mm,migration,memory,unit_b_U,,0,0,0,2,0,128,16,2
mig_mm_k4_r2_c32_m4_w8_l1,mm,migration,memory,unit_c_U,,0,0,0,2,0,128,16,2
mig_mm_k4_r2_c32_m4_w8_l1,mm,migration,fifo,m_in_c_U,,0,99,0,0,0,3,64,1
mig_mm_k4_r2_c32_m4_w8_l1,mm,migration,fifo,m_out_c_U,,0,99,0,0,0,9,64,1
mig_mm_k4_r2_c32_m4_w8_l1,mm,migration,fifo,rd_cmd_U,,0,99,0,0,0,2,65,1
mig_mm_k4_r2_c32_m4_w8_l1,mm,migration,fifo,rd_data_U,,0,99,0,0,0,2,65,1
mig_mm_k4_r2_c32_m4_w8_l1,mm,migration,fifo,reply_U,,0,99,0,0,0,2,65,1
mig_mm_k4_r2_c32_m4_w8_l1,mm,migration,fifo,unit_ccmd_U,,0,99,0,0,0,2,64,1
mig_mm_k4_r2_c32_m4_w8_l1,mm,migration,fifo,unit_lcmd_U,,0,99,0,0,0,2,64,1
mig_mm_k4_r2_c32_m4_w8_l1,mm,migration,fifo,unit_pay_U,,0,99,0,0,0,2,65,1
mig_mm_k4_r2_c32_m4_w8_l1,mm,migration,fifo,unit_reply_U,,0,99,0,0,0,2,65,1
mig_mm_k4_r2_c32_m4_w8_l1,mm,migration,fifo,wr_U,,0,99,0,0,0,2,65,1
mig_mm_k4_r2_c32_m4_w8_l1,mm,migration,instance,control_s_axi_U,,296,170,0,0,0,0,0,0
mig_mm_k4_r2_c32_m4_w8_l1,mm,migration,instance,entry_proc_U0,,29,2,0,0,0,0,0,0
mig_mm_k4_r2_c32_m4_w8_l1,mm,migration,instance,gmem0_m_axi_U,,823,725,0,4,0,0,0,0
mig_mm_k4_r2_c32_m4_w8_l1,mm,migration,instance,gmem1_m_axi_U,,811,719,0,4,0,0,0,0
mig_mm_k4_r2_c32_m4_w8_l1,mm,migration,unitemized,unitemized,,669,0,0,0,0,0,0,0
mig_mm_k4_r4_c16_m3_w8_l1,mm,migration,module,UnitReqFramer,unit_req_task_64_s,117,72,0,0,0,,,
mig_mm_k4_r4_c16_m3_w8_l1,mm,migration,module,MemRStream,mem_r_stream_framed_task_64_s,817,502,0,0,0,,,
mig_mm_k4_r4_c16_m3_w8_l1,mm,migration,subblock,MemRStream.RELAY,,157,34,0,0,0,,,
mig_mm_k4_r4_c16_m3_w8_l1,mm,migration,subblock,MemRStream.A2S,,174,102,0,0,0,,,
mig_mm_k4_r4_c16_m3_w8_l1,mm,migration,module,SystolicRx,systolic_rx_task_64_4_4_32_1_4_16_34212151_s,820,324,3,0,0,,,
mig_mm_k4_r4_c16_m3_w8_l1,mm,migration,subblock,SystolicRx.FWD,,138,35,0,0,0,,,
mig_mm_k4_r4_c16_m3_w8_l1,mm,migration,module,SystolicLoad,systolic_load_task_64_4_4_32_1_2_1968597333_34212151_s,1873,792,2,0,0,,,
mig_mm_k4_r4_c16_m3_w8_l1,mm,migration,subblock,SystolicLoad.WORDS_G,,407,119,0,0,0,,,
mig_mm_k4_r4_c16_m3_w8_l1,mm,migration,subblock,SystolicLoad.ELEMS,,675,282,0,0,0,,,
mig_mm_k4_r4_c16_m3_w8_l1,mm,migration,subblock,SystolicLoad.WORDS_G1,,404,123,0,0,0,,,
mig_mm_k4_r4_c16_m3_w8_l1,mm,migration,module,SystolicCore,systolic_core_task_4_4_32_1_4_16_3_2_1968597333_s,13981,8793,194,0,0,,,
mig_mm_k4_r4_c16_m3_w8_l1,mm,migration,subblock,SystolicCore.LOAD_A,,693,168,0,0,0,,,
mig_mm_k4_r4_c16_m3_w8_l1,mm,migration,subblock,SystolicCore.LOAD_B,,374,198,0,0,0,,,
mig_mm_k4_r4_c16_m3_w8_l1,mm,migration,subblock,SystolicCore.SWEEP,,9809,7472,192,0,0,,,
mig_mm_k4_r4_c16_m3_w8_l1,mm,migration,module,SystolicStore,systolic_store_task_64_4_4_32_1_2_1968597333_34212151_s,845,424,1,0,0,,,
mig_mm_k4_r4_c16_m3_w8_l1,mm,migration,subblock,SystolicStore.WORDS_G,,437,107,0,0,0,,,
mig_mm_k4_r4_c16_m3_w8_l1,mm,migration,module,UnitReplyFramer,unit_reply_task_64_s,351,354,0,0,0,,,
mig_mm_k4_r4_c16_m3_w8_l1,mm,migration,subblock,UnitReplyFramer.PAYLOAD,,138,35,0,0,0,,,
mig_mm_k4_r4_c16_m3_w8_l1,mm,migration,module,MemWStream,mem_w_stream_framed_done_task_64_8_s,1613,2265,0,0,0,,,
mig_mm_k4_r4_c16_m3_w8_l1,mm,migration,subblock,MemWStream.BUFF,,826,642,0,0,0,,,
mig_mm_k4_r4_c16_m3_w8_l1,mm,migration,subblock,MemWStream.S2A,,137,100,0,0,0,,,
mig_mm_k4_r4_c16_m3_w8_l1,mm,migration,subblock,MemWStream.ECHO,,171,98,0,0,0,,,
mig_mm_k4_r4_c16_m3_w8_l1,mm,migration,memory,unit_a_U,,8,64,0,0,0,16,16,2
mig_mm_k4_r4_c16_m3_w8_l1,mm,migration,memory,unit_b_U,,0,0,0,2,0,128,16,2
mig_mm_k4_r4_c16_m3_w8_l1,mm,migration,memory,unit_c_U,,0,0,0,2,0,128,16,2
mig_mm_k4_r4_c16_m3_w8_l1,mm,migration,fifo,m_in_c_U,,0,99,0,0,0,3,64,1
mig_mm_k4_r4_c16_m3_w8_l1,mm,migration,fifo,m_out_c_U,,0,99,0,0,0,9,64,1
mig_mm_k4_r4_c16_m3_w8_l1,mm,migration,fifo,rd_cmd_U,,0,99,0,0,0,2,65,1
mig_mm_k4_r4_c16_m3_w8_l1,mm,migration,fifo,rd_data_U,,0,99,0,0,0,2,65,1
mig_mm_k4_r4_c16_m3_w8_l1,mm,migration,fifo,reply_U,,0,99,0,0,0,2,65,1
mig_mm_k4_r4_c16_m3_w8_l1,mm,migration,fifo,unit_ccmd_U,,0,99,0,0,0,2,64,1
mig_mm_k4_r4_c16_m3_w8_l1,mm,migration,fifo,unit_lcmd_U,,0,99,0,0,0,2,64,1
mig_mm_k4_r4_c16_m3_w8_l1,mm,migration,fifo,unit_pay_U,,0,99,0,0,0,2,65,1
mig_mm_k4_r4_c16_m3_w8_l1,mm,migration,fifo,unit_reply_U,,0,99,0,0,0,2,65,1
mig_mm_k4_r4_c16_m3_w8_l1,mm,migration,fifo,wr_U,,0,99,0,0,0,2,65,1
mig_mm_k4_r4_c16_m3_w8_l1,mm,migration,instance,control_s_axi_U,,296,170,0,0,0,0,0,0
mig_mm_k4_r4_c16_m3_w8_l1,mm,migration,instance,entry_proc_U0,,29,2,0,0,0,0,0,0
mig_mm_k4_r4_c16_m3_w8_l1,mm,migration,instance,gmem0_m_axi_U,,823,725,0,4,0,0,0,0
mig_mm_k4_r4_c16_m3_w8_l1,mm,migration,instance,gmem1_m_axi_U,,811,719,0,4,0,0,0,0
mig_mm_k4_r4_c16_m3_w8_l1,mm,migration,unitemized,unitemized,,669,0,0,0,0,0,0,0
mig_mm_k4_r1_c32_m4_w14_l2,mm,migration,module,UnitReqFramer,unit_req_task_64_s,117,72,0,0,0,,,
mig_mm_k4_r1_c32_m4_w14_l2,mm,migration,module,MemRStream,mem_r_stream_framed_task_64_s,817,502,0,0,0,,,
mig_mm_k4_r1_c32_m4_w14_l2,mm,migration,subblock,MemRStream.RELAY,,157,34,0,0,0,,,
mig_mm_k4_r1_c32_m4_w14_l2,mm,migration,subblock,MemRStream.A2S,,174,102,0,0,0,,,
mig_mm_k4_r1_c32_m4_w14_l2,mm,migration,module,SystolicRx,systolic_rx_task_64_4_4_32_2_1_32_928760832_s,844,328,3,0,0,,,
mig_mm_k4_r1_c32_m4_w14_l2,mm,migration,subblock,SystolicRx.FWD,,138,35,0,0,0,,,
mig_mm_k4_r1_c32_m4_w14_l2,mm,migration,module,SystolicLoad,systolic_load_task_64_4_4_32_2_2_154367418_928760832_s,3283,1278,2,0,0,,,
mig_mm_k4_r1_c32_m4_w14_l2,mm,migration,subblock,SystolicLoad.WORDS,,505,195,0,0,0,,,
mig_mm_k4_r1_c32_m4_w14_l2,mm,migration,subblock,SystolicLoad.ELEMS,,1929,560,0,0,0,,,
mig_mm_k4_r1_c32_m4_w14_l2,mm,migration,subblock,SystolicLoad.WORDS1,,502,191,0,0,0,,,
mig_mm_k4_r1_c32_m4_w14_l2,mm,migration,module,SystolicCore,systolic_core_task_4_4_32_2_1_32_4_2_154367418_s,13118,9813,130,0,0,,,
mig_mm_k4_r1_c32_m4_w14_l2,mm,migration,subblock,SystolicCore.LOAD_A,,767,184,0,0,0,,,
mig_mm_k4_r1_c32_m4_w14_l2,mm,migration,subblock,SystolicCore.LOAD_B,,363,196,0,0,0,,,
mig_mm_k4_r1_c32_m4_w14_l2,mm,migration,subblock,SystolicCore.SWEEP,,7408,7745,128,0,0,,,
mig_mm_k4_r1_c32_m4_w14_l2,mm,migration,module,SystolicStore,systolic_store_task_64_4_4_32_2_2_154367418_928760832_s,750,446,1,0,0,,,
mig_mm_k4_r1_c32_m4_w14_l2,mm,migration,subblock,SystolicStore.WORDS,,351,129,0,0,0,,,
mig_mm_k4_r1_c32_m4_w14_l2,mm,migration,module,UnitReplyFramer,unit_reply_task_64_s,351,354,0,0,0,,,
mig_mm_k4_r1_c32_m4_w14_l2,mm,migration,subblock,UnitReplyFramer.PAYLOAD,,138,35,0,0,0,,,
mig_mm_k4_r1_c32_m4_w14_l2,mm,migration,module,MemWStream,mem_w_stream_framed_done_task_64_8_s,1613,2265,0,0,0,,,
mig_mm_k4_r1_c32_m4_w14_l2,mm,migration,subblock,MemWStream.BUFF,,826,642,0,0,0,,,
mig_mm_k4_r1_c32_m4_w14_l2,mm,migration,subblock,MemWStream.S2A,,137,100,0,0,0,,,
mig_mm_k4_r1_c32_m4_w14_l2,mm,migration,subblock,MemWStream.ECHO,,171,98,0,0,0,,,
mig_mm_k4_r1_c32_m4_w14_l2,mm,migration,memory,unit_a_U,,14,56,0,0,0,8,56,2
mig_mm_k4_r1_c32_m4_w14_l2,mm,migration,memory,unit_b_U,,0,0,0,2,0,64,56,2
mig_mm_k4_r1_c32_m4_w14_l2,mm,migration,memory,unit_c_U,,0,0,0,2,0,64,56,2
mig_mm_k4_r1_c32_m4_w14_l2,mm,migration,fifo,m_in_c_U,,0,99,0,0,0,3,64,1
mig_mm_k4_r1_c32_m4_w14_l2,mm,migration,fifo,m_out_c_U,,0,99,0,0,0,9,64,1
mig_mm_k4_r1_c32_m4_w14_l2,mm,migration,fifo,rd_cmd_U,,0,99,0,0,0,2,65,1
mig_mm_k4_r1_c32_m4_w14_l2,mm,migration,fifo,rd_data_U,,0,99,0,0,0,2,65,1
mig_mm_k4_r1_c32_m4_w14_l2,mm,migration,fifo,reply_U,,0,99,0,0,0,2,65,1
mig_mm_k4_r1_c32_m4_w14_l2,mm,migration,fifo,unit_ccmd_U,,0,99,0,0,0,2,64,1
mig_mm_k4_r1_c32_m4_w14_l2,mm,migration,fifo,unit_lcmd_U,,0,99,0,0,0,2,64,1
mig_mm_k4_r1_c32_m4_w14_l2,mm,migration,fifo,unit_pay_U,,0,99,0,0,0,2,65,1
mig_mm_k4_r1_c32_m4_w14_l2,mm,migration,fifo,unit_reply_U,,0,99,0,0,0,2,65,1
mig_mm_k4_r1_c32_m4_w14_l2,mm,migration,fifo,wr_U,,0,99,0,0,0,2,65,1
mig_mm_k4_r1_c32_m4_w14_l2,mm,migration,instance,control_s_axi_U,,296,170,0,0,0,0,0,0
mig_mm_k4_r1_c32_m4_w14_l2,mm,migration,instance,entry_proc_U0,,29,2,0,0,0,0,0,0
mig_mm_k4_r1_c32_m4_w14_l2,mm,migration,instance,gmem0_m_axi_U,,823,725,0,4,0,0,0,0
mig_mm_k4_r1_c32_m4_w14_l2,mm,migration,instance,gmem1_m_axi_U,,811,719,0,4,0,0,0,0
mig_mm_k4_r1_c32_m4_w14_l2,mm,migration,unitemized,unitemized,,669,0,0,0,0,0,0,0
mig_mm_k4_r4_c32_m3_w10_l2,mm,migration,module,UnitReqFramer,unit_req_task_64_s,117,72,0,0,0,,,
mig_mm_k4_r4_c32_m3_w10_l2,mm,migration,module,MemRStream,mem_r_stream_framed_task_64_s,817,502,0,0,0,,,
mig_mm_k4_r4_c32_m3_w10_l2,mm,migration,subblock,MemRStream.RELAY,,157,34,0,0,0,,,
mig_mm_k4_r4_c32_m3_w10_l2,mm,migration,subblock,MemRStream.A2S,,174,102,0,0,0,,,
mig_mm_k4_r4_c32_m3_w10_l2,mm,migration,module,SystolicRx,systolic_rx_task_64_4_4_32_2_4_32_1284519423_s,846,325,3,0,0,,,
mig_mm_k4_r4_c32_m3_w10_l2,mm,migration,subblock,SystolicRx.FWD,,138,35,0,0,0,,,
mig_mm_k4_r4_c32_m3_w10_l2,mm,migration,module,SystolicLoad,systolic_load_task_64_4_4_32_2_2_1241251695_1284519423_s,2932,1159,2,0,0,,,
mig_mm_k4_r4_c32_m3_w10_l2,mm,migration,subblock,SystolicLoad.WORDS,,457,183,0,0,0,,,
mig_mm_k4_r4_c32_m3_w10_l2,mm,migration,subblock,SystolicLoad.ELEMS,,1674,465,0,0,0,,,
mig_mm_k4_r4_c32_m3_w10_l2,mm,migration,subblock,SystolicLoad.WORDS1,,454,179,0,0,0,,,
mig_mm_k4_r4_c32_m3_w10_l2,mm,migration,module,SystolicCore,systolic_core_task_4_4_32_2_4_32_3_2_1241251695_s,27682,20135,386,0,0,,,
mig_mm_k4_r4_c32_m3_w10_l2,mm,migration,subblock,SystolicCore.LOAD_A,,767,184,0,0,0,,,
mig_mm_k4_r4_c32_m3_w10_l2,mm,migration,subblock,SystolicCore.LOAD_B,,363,196,0,0,0,,,
mig_mm_k4_r4_c32_m3_w10_l2,mm,migration,subblock,SystolicCore.SWEEP,,21059,18186,384,0,0,,,
mig_mm_k4_r4_c32_m3_w10_l2,mm,migration,module,SystolicStore,systolic_store_task_64_4_4_32_2_2_1241251695_1284519423_s,734,430,1,0,0,,,
mig_mm_k4_r4_c32_m3_w10_l2,mm,migration,subblock,SystolicStore.WORDS,,335,113,0,0,0,,,
mig_mm_k4_r4_c32_m3_w10_l2,mm,migration,module,UnitReplyFramer,unit_reply_task_64_s,351,354,0,0,0,,,
mig_mm_k4_r4_c32_m3_w10_l2,mm,migration,subblock,UnitReplyFramer.PAYLOAD,,138,35,0,0,0,,,
mig_mm_k4_r4_c32_m3_w10_l2,mm,migration,module,MemWStream,mem_w_stream_framed_done_task_64_8_s,1613,2265,0,0,0,,,
mig_mm_k4_r4_c32_m3_w10_l2,mm,migration,subblock,MemWStream.BUFF,,826,642,0,0,0,,,
mig_mm_k4_r4_c32_m3_w10_l2,mm,migration,subblock,MemWStream.S2A,,137,100,0,0,0,,,
mig_mm_k4_r4_c32_m3_w10_l2,mm,migration,subblock,MemWStream.ECHO,,171,98,0,0,0,,,
mig_mm_k4_r4_c32_m3_w10_l2,mm,migration,memory,unit_a_U,,10,40,0,0,0,8,40,2
mig_mm_k4_r4_c32_m3_w10_l2,mm,migration,memory,unit_b_U,,0,0,0,2,0,64,40,2
mig_mm_k4_r4_c32_m3_w10_l2,mm,migration,memory,unit_c_U,,0,0,0,2,0,64,40,2
mig_mm_k4_r4_c32_m3_w10_l2,mm,migration,fifo,m_in_c_U,,0,99,0,0,0,3,64,1
mig_mm_k4_r4_c32_m3_w10_l2,mm,migration,fifo,m_out_c_U,,0,99,0,0,0,9,64,1
mig_mm_k4_r4_c32_m3_w10_l2,mm,migration,fifo,rd_cmd_U,,0,99,0,0,0,2,65,1
mig_mm_k4_r4_c32_m3_w10_l2,mm,migration,fifo,rd_data_U,,0,99,0,0,0,2,65,1
mig_mm_k4_r4_c32_m3_w10_l2,mm,migration,fifo,reply_U,,0,99,0,0,0,2,65,1
mig_mm_k4_r4_c32_m3_w10_l2,mm,migration,fifo,unit_ccmd_U,,0,99,0,0,0,2,64,1
mig_mm_k4_r4_c32_m3_w10_l2,mm,migration,fifo,unit_lcmd_U,,0,99,0,0,0,2,64,1
mig_mm_k4_r4_c32_m3_w10_l2,mm,migration,fifo,unit_pay_U,,0,99,0,0,0,2,65,1
mig_mm_k4_r4_c32_m3_w10_l2,mm,migration,fifo,unit_reply_U,,0,99,0,0,0,2,65,1
mig_mm_k4_r4_c32_m3_w10_l2,mm,migration,fifo,wr_U,,0,99,0,0,0,2,65,1
mig_mm_k4_r4_c32_m3_w10_l2,mm,migration,instance,control_s_axi_U,,296,170,0,0,0,0,0,0
mig_mm_k4_r4_c32_m3_w10_l2,mm,migration,instance,entry_proc_U0,,29,2,0,0,0,0,0,0
mig_mm_k4_r4_c32_m3_w10_l2,mm,migration,instance,gmem0_m_axi_U,,823,725,0,4,0,0,0,0
mig_mm_k4_r4_c32_m3_w10_l2,mm,migration,instance,gmem1_m_axi_U,,811,719,0,4,0,0,0,0
mig_mm_k4_r4_c32_m3_w10_l2,mm,migration,unitemized,unitemized,,669,0,0,0,0,0,0,0
mig_mm_k4_r2_c4_m3_w14_l4,mm,migration,module,UnitReqFramer,unit_req_task_64_s,117,72,0,0,0,,,
mig_mm_k4_r2_c4_m3_w14_l4,mm,migration,module,MemRStream,mem_r_stream_framed_task_64_s,817,502,0,0,0,,,
mig_mm_k4_r2_c4_m3_w14_l4,mm,migration,subblock,MemRStream.RELAY,,157,34,0,0,0,,,
mig_mm_k4_r2_c4_m3_w14_l4,mm,migration,subblock,MemRStream.A2S,,174,102,0,0,0,,,
mig_mm_k4_r2_c4_m3_w14_l4,mm,migration,module,SystolicRx,systolic_rx_task_64_4_4_32_4_2_4_928760832_s,882,324,3,0,0,,,
mig_mm_k4_r2_c4_m3_w14_l4,mm,migration,subblock,SystolicRx.FWD,,138,35,0,0,0,,,
mig_mm_k4_r2_c4_m3_w14_l4,mm,migration,module,SystolicLoad,systolic_load_task_64_4_4_32_4_2_154367418_928760832_s,6793,2110,2,0,0,,,
mig_mm_k4_r2_c4_m3_w14_l4,mm,migration,subblock,SystolicLoad.WORDS,,653,343,0,0,0,,,
mig_mm_k4_r2_c4_m3_w14_l4,mm,migration,subblock,SystolicLoad.ELEMS,,3141,736,0,0,0,,,
mig_mm_k4_r2_c4_m3_w14_l4,mm,migration,subblock,SystolicLoad.WORDS1,,650,341,0,0,0,,,
mig_mm_k4_r2_c4_m3_w14_l4,mm,migration,module,SystolicCore,systolic_core_task_4_4_32_4_2_4_3_2_154367418_s,6227,3208,26,0,0,,,
mig_mm_k4_r2_c4_m3_w14_l4,mm,migration,subblock,SystolicCore.LOAD_A,,1215,564,0,0,0,,,
mig_mm_k4_r2_c4_m3_w14_l4,mm,migration,subblock,SystolicCore.LOAD_B,,323,135,0,0,0,,,
mig_mm_k4_r2_c4_m3_w14_l4,mm,migration,subblock,SystolicCore.SWEEP,,2095,1659,24,0,0,,,
mig_mm_k4_r2_c4_m3_w14_l4,mm,migration,subblock,SystolicCore.OUT_C,,1628,312,0,0,0,,,
mig_mm_k4_r2_c4_m3_w14_l4,mm,migration,module,SystolicStore,systolic_store_task_64_4_4_32_4_2_154367418_928760832_s,1096,567,1,0,0,,,
mig_mm_k4_r2_c4_m3_w14_l4,mm,migration,subblock,SystolicStore.WORDS,,697,250,0,0,0,,,
mig_mm_k4_r2_c4_m3_w14_l4,mm,migration,module,UnitReplyFramer,unit_reply_task_64_s,351,354,0,0,0,,,
mig_mm_k4_r2_c4_m3_w14_l4,mm,migration,subblock,UnitReplyFramer.PAYLOAD,,138,35,0,0,0,,,
mig_mm_k4_r2_c4_m3_w14_l4,mm,migration,module,MemWStream,mem_w_stream_framed_done_task_64_8_s,1613,2265,0,0,0,,,
mig_mm_k4_r2_c4_m3_w14_l4,mm,migration,subblock,MemWStream.BUFF,,826,642,0,0,0,,,
mig_mm_k4_r2_c4_m3_w14_l4,mm,migration,subblock,MemWStream.S2A,,137,100,0,0,0,,,
mig_mm_k4_r2_c4_m3_w14_l4,mm,migration,subblock,MemWStream.ECHO,,171,98,0,0,0,,,
mig_mm_k4_r2_c4_m3_w14_l4,mm,migration,memory,unit_a_U,,14,112,0,0,0,4,112,2
mig_mm_k4_r2_c4_m3_w14_l4,mm,migration,memory,unit_b_U,,0,0,0,4,0,32,112,2
mig_mm_k4_r2_c4_m3_w14_l4,mm,migration,memory,unit_c_U,,0,0,0,4,0,32,112,2
mig_mm_k4_r2_c4_m3_w14_l4,mm,migration,fifo,m_in_c_U,,0,99,0,0,0,3,64,1
mig_mm_k4_r2_c4_m3_w14_l4,mm,migration,fifo,m_out_c_U,,0,99,0,0,0,9,64,1
mig_mm_k4_r2_c4_m3_w14_l4,mm,migration,fifo,rd_cmd_U,,0,99,0,0,0,2,65,1
mig_mm_k4_r2_c4_m3_w14_l4,mm,migration,fifo,rd_data_U,,0,99,0,0,0,2,65,1
mig_mm_k4_r2_c4_m3_w14_l4,mm,migration,fifo,reply_U,,0,99,0,0,0,2,65,1
mig_mm_k4_r2_c4_m3_w14_l4,mm,migration,fifo,unit_ccmd_U,,0,99,0,0,0,2,64,1
mig_mm_k4_r2_c4_m3_w14_l4,mm,migration,fifo,unit_lcmd_U,,0,99,0,0,0,2,64,1
mig_mm_k4_r2_c4_m3_w14_l4,mm,migration,fifo,unit_pay_U,,0,99,0,0,0,2,65,1
mig_mm_k4_r2_c4_m3_w14_l4,mm,migration,fifo,unit_reply_U,,0,99,0,0,0,2,65,1
mig_mm_k4_r2_c4_m3_w14_l4,mm,migration,fifo,wr_U,,0,99,0,0,0,2,65,1
mig_mm_k4_r2_c4_m3_w14_l4,mm,migration,instance,control_s_axi_U,,296,170,0,0,0,0,0,0
mig_mm_k4_r2_c4_m3_w14_l4,mm,migration,instance,entry_proc_U0,,29,2,0,0,0,0,0,0
mig_mm_k4_r2_c4_m3_w14_l4,mm,migration,instance,gmem0_m_axi_U,,823,725,0,4,0,0,0,0
mig_mm_k4_r2_c4_m3_w14_l4,mm,migration,instance,gmem1_m_axi_U,,811,719,0,4,0,0,0,0
mig_mm_k4_r2_c4_m3_w14_l4,mm,migration,unitemized,unitemized,,669,0,0,0,0,0,0,0
mig_mm_k4_r4_c8_m4_w8_l4,mm,migration,module,UnitReqFramer,unit_req_task_64_s,117,72,0,0,0,,,
mig_mm_k4_r4_c8_m4_w8_l4,mm,migration,module,MemRStream,mem_r_stream_framed_task_64_s,817,502,0,0,0,,,
mig_mm_k4_r4_c8_m4_w8_l4,mm,migration,subblock,MemRStream.RELAY,,157,34,0,0,0,,,
mig_mm_k4_r4_c8_m4_w8_l4,mm,migration,subblock,MemRStream.A2S,,174,102,0,0,0,,,
mig_mm_k4_r4_c8_m4_w8_l4,mm,migration,module,SystolicRx,systolic_rx_task_64_4_4_32_4_4_8_34212151_s,883,325,3,0,0,,,
mig_mm_k4_r4_c8_m4_w8_l4,mm,migration,subblock,SystolicRx.FWD,,138,35,0,0,0,,,
mig_mm_k4_r4_c8_m4_w8_l4,mm,migration,module,SystolicLoad,systolic_load_task_64_4_4_32_4_2_1968597333_34212151_s,4575,1497,2,0,0,,,
mig_mm_k4_r4_c8_m4_w8_l4,mm,migration,subblock,SystolicLoad.WORDS,,581,275,0,0,0,,,
mig_mm_k4_r4_c8_m4_w8_l4,mm,migration,subblock,SystolicLoad.ELEMS,,1977,431,0,0,0,,,
mig_mm_k4_r4_c8_m4_w8_l4,mm,migration,subblock,SystolicLoad.WORDS1,,578,273,0,0,0,,,
mig_mm_k4_r4_c8_m4_w8_l4,mm,migration,module,SystolicCore,systolic_core_task_4_4_32_4_4_8_4_2_1968597333_s,11883,5683,66,0,0,,,
mig_mm_k4_r4_c8_m4_w8_l4,mm,migration,subblock,SystolicCore.LOAD_A,,1023,372,0,0,0,,,
mig_mm_k4_r4_c8_m4_w8_l4,mm,migration,subblock,SystolicCore.LOAD_B,,373,198,0,0,0,,,
mig_mm_k4_r4_c8_m4_w8_l4,mm,migration,subblock,SystolicCore.SWEEP,,7268,4364,64,0,0,,,
mig_mm_k4_r4_c8_m4_w8_l4,mm,migration,module,SystolicStore,systolic_store_task_64_4_4_32_4_2_1968597333_34212151_s,1037,519,1,0,0,,,
mig_mm_k4_r4_c8_m4_w8_l4,mm,migration,subblock,SystolicStore.WORDS,,638,202,0,0,0,,,
mig_mm_k4_r4_c8_m4_w8_l4,mm,migration,module,UnitReplyFramer,unit_reply_task_64_s,351,354,0,0,0,,,
mig_mm_k4_r4_c8_m4_w8_l4,mm,migration,subblock,UnitReplyFramer.PAYLOAD,,138,35,0,0,0,,,
mig_mm_k4_r4_c8_m4_w8_l4,mm,migration,module,MemWStream,mem_w_stream_framed_done_task_64_8_s,1613,2265,0,0,0,,,
mig_mm_k4_r4_c8_m4_w8_l4,mm,migration,subblock,MemWStream.BUFF,,826,642,0,0,0,,,
mig_mm_k4_r4_c8_m4_w8_l4,mm,migration,subblock,MemWStream.S2A,,137,100,0,0,0,,,
mig_mm_k4_r4_c8_m4_w8_l4,mm,migration,subblock,MemWStream.ECHO,,171,98,0,0,0,,,
mig_mm_k4_r4_c8_m4_w8_l4,mm,migration,memory,unit_a_U,,8,64,0,0,0,4,64,2
mig_mm_k4_r4_c8_m4_w8_l4,mm,migration,memory,unit_b_U,,0,0,0,2,0,32,64,2
mig_mm_k4_r4_c8_m4_w8_l4,mm,migration,memory,unit_c_U,,0,0,0,2,0,32,64,2
mig_mm_k4_r4_c8_m4_w8_l4,mm,migration,fifo,m_in_c_U,,0,99,0,0,0,3,64,1
mig_mm_k4_r4_c8_m4_w8_l4,mm,migration,fifo,m_out_c_U,,0,99,0,0,0,9,64,1
mig_mm_k4_r4_c8_m4_w8_l4,mm,migration,fifo,rd_cmd_U,,0,99,0,0,0,2,65,1
mig_mm_k4_r4_c8_m4_w8_l4,mm,migration,fifo,rd_data_U,,0,99,0,0,0,2,65,1
mig_mm_k4_r4_c8_m4_w8_l4,mm,migration,fifo,reply_U,,0,99,0,0,0,2,65,1
mig_mm_k4_r4_c8_m4_w8_l4,mm,migration,fifo,unit_ccmd_U,,0,99,0,0,0,2,64,1
mig_mm_k4_r4_c8_m4_w8_l4,mm,migration,fifo,unit_lcmd_U,,0,99,0,0,0,2,64,1
mig_mm_k4_r4_c8_m4_w8_l4,mm,migration,fifo,unit_pay_U,,0,99,0,0,0,2,65,1
mig_mm_k4_r4_c8_m4_w8_l4,mm,migration,fifo,unit_reply_U,,0,99,0,0,0,2,65,1
mig_mm_k4_r4_c8_m4_w8_l4,mm,migration,fifo,wr_U,,0,99,0,0,0,2,65,1
mig_mm_k4_r4_c8_m4_w8_l4,mm,migration,instance,control_s_axi_U,,296,170,0,0,0,0,0,0
mig_mm_k4_r4_c8_m4_w8_l4,mm,migration,instance,entry_proc_U0,,29,2,0,0,0,0,0,0
mig_mm_k4_r4_c8_m4_w8_l4,mm,migration,instance,gmem0_m_axi_U,,823,725,0,4,0,0,0,0
mig_mm_k4_r4_c8_m4_w8_l4,mm,migration,instance,gmem1_m_axi_U,,811,719,0,4,0,0,0,0
mig_mm_k4_r4_c8_m4_w8_l4,mm,migration,unitemized,unitemized,,669,0,0,0,0,0,0,0
mig_mm_k8_r1_c4_m4_w10_l2,mm,migration,module,UnitReqFramer,unit_req_task_64_s,117,72,0,0,0,,,
mig_mm_k8_r1_c4_m4_w10_l2,mm,migration,module,MemRStream,mem_r_stream_framed_task_64_s,817,502,0,0,0,,,
mig_mm_k8_r1_c4_m4_w10_l2,mm,migration,subblock,MemRStream.RELAY,,157,34,0,0,0,,,
mig_mm_k8_r1_c4_m4_w10_l2,mm,migration,subblock,MemRStream.A2S,,174,102,0,0,0,,,
mig_mm_k8_r1_c4_m4_w10_l2,mm,migration,module,SystolicRx,systolic_rx_task_64_8_8_32_2_1_4_1284519423_s,839,325,3,0,0,,,
mig_mm_k8_r1_c4_m4_w10_l2,mm,migration,subblock,SystolicRx.FWD,,138,35,0,0,0,,,
mig_mm_k8_r1_c4_m4_w10_l2,mm,migration,module,SystolicLoad,systolic_load_task_64_8_8_32_2_2_1017618835_1284519423_s,2937,1216,2,0,0,,,
mig_mm_k8_r1_c4_m4_w10_l2,mm,migration,subblock,SystolicLoad.WORDS,,457,183,0,0,0,,,
mig_mm_k8_r1_c4_m4_w10_l2,mm,migration,subblock,SystolicLoad.ELEMS,,1679,522,0,0,0,,,
mig_mm_k8_r1_c4_m4_w10_l2,mm,migration,subblock,SystolicLoad.WORDS1,,454,179,0,0,0,,,
mig_mm_k8_r1_c4_m4_w10_l2,mm,migration,module,SystolicCore,systolic_core_task_8_8_32_2_1_4_4_2_1017618835_s,5882,2155,14,0,0,,,
mig_mm_k8_r1_c4_m4_w10_l2,mm,migration,subblock,SystolicCore.LOAD_A,,1081,188,0,0,0,,,
mig_mm_k8_r1_c4_m4_w10_l2,mm,migration,subblock,SystolicCore.LOAD_B,,376,201,0,0,0,,,
mig_mm_k8_r1_c4_m4_w10_l2,mm,migration,subblock,SystolicCore.SWEEP,,1508,852,12,0,0,,,
mig_mm_k8_r1_c4_m4_w10_l2,mm,migration,module,SystolicStore,systolic_store_task_64_8_8_32_2_2_1017618835_1284519423_s,734,430,1,0,0,,,
mig_mm_k8_r1_c4_m4_w10_l2,mm,migration,subblock,SystolicStore.WORDS,,335,113,0,0,0,,,
mig_mm_k8_r1_c4_m4_w10_l2,mm,migration,module,UnitReplyFramer,unit_reply_task_64_s,351,354,0,0,0,,,
mig_mm_k8_r1_c4_m4_w10_l2,mm,migration,subblock,UnitReplyFramer.PAYLOAD,,138,35,0,0,0,,,
mig_mm_k8_r1_c4_m4_w10_l2,mm,migration,module,MemWStream,mem_w_stream_framed_done_task_64_8_s,1613,2265,0,0,0,,,
mig_mm_k8_r1_c4_m4_w10_l2,mm,migration,subblock,MemWStream.BUFF,,826,642,0,0,0,,,
mig_mm_k8_r1_c4_m4_w10_l2,mm,migration,subblock,MemWStream.S2A,,137,100,0,0,0,,,
mig_mm_k8_r1_c4_m4_w10_l2,mm,migration,subblock,MemWStream.ECHO,,171,98,0,0,0,,,
mig_mm_k8_r1_c4_m4_w10_l2,mm,migration,memory,unit_a_U,,0,0,0,2,0,32,40,2
mig_mm_k8_r1_c4_m4_w10_l2,mm,migration,memory,unit_b_U,,0,0,0,2,0,128,40,2
mig_mm_k8_r1_c4_m4_w10_l2,mm,migration,memory,unit_c_U,,0,0,0,2,0,128,40,2
mig_mm_k8_r1_c4_m4_w10_l2,mm,migration,fifo,m_in_c_U,,0,99,0,0,0,3,64,1
mig_mm_k8_r1_c4_m4_w10_l2,mm,migration,fifo,m_out_c_U,,0,99,0,0,0,9,64,1
mig_mm_k8_r1_c4_m4_w10_l2,mm,migration,fifo,rd_cmd_U,,0,99,0,0,0,2,65,1
mig_mm_k8_r1_c4_m4_w10_l2,mm,migration,fifo,rd_data_U,,0,99,0,0,0,2,65,1
mig_mm_k8_r1_c4_m4_w10_l2,mm,migration,fifo,reply_U,,0,99,0,0,0,2,65,1
mig_mm_k8_r1_c4_m4_w10_l2,mm,migration,fifo,unit_ccmd_U,,0,99,0,0,0,2,64,1
mig_mm_k8_r1_c4_m4_w10_l2,mm,migration,fifo,unit_lcmd_U,,0,99,0,0,0,2,64,1
mig_mm_k8_r1_c4_m4_w10_l2,mm,migration,fifo,unit_pay_U,,0,99,0,0,0,2,65,1
mig_mm_k8_r1_c4_m4_w10_l2,mm,migration,fifo,unit_reply_U,,0,99,0,0,0,2,65,1
mig_mm_k8_r1_c4_m4_w10_l2,mm,migration,fifo,wr_U,,0,99,0,0,0,2,65,1
mig_mm_k8_r1_c4_m4_w10_l2,mm,migration,instance,control_s_axi_U,,296,170,0,0,0,0,0,0
mig_mm_k8_r1_c4_m4_w10_l2,mm,migration,instance,entry_proc_U0,,29,2,0,0,0,0,0,0
mig_mm_k8_r1_c4_m4_w10_l2,mm,migration,instance,gmem0_m_axi_U,,823,725,0,4,0,0,0,0
mig_mm_k8_r1_c4_m4_w10_l2,mm,migration,instance,gmem1_m_axi_U,,811,719,0,4,0,0,0,0
mig_mm_k8_r1_c4_m4_w10_l2,mm,migration,unitemized,unitemized,,669,0,0,0,0,0,0,0
mig_mm_k8_r4_c8_m4_w8_l2,mm,migration,module,UnitReqFramer,unit_req_task_64_s,117,72,0,0,0,,,
mig_mm_k8_r4_c8_m4_w8_l2,mm,migration,module,MemRStream,mem_r_stream_framed_task_64_s,817,502,0,0,0,,,
mig_mm_k8_r4_c8_m4_w8_l2,mm,migration,subblock,MemRStream.RELAY,,157,34,0,0,0,,,
mig_mm_k8_r4_c8_m4_w8_l2,mm,migration,subblock,MemRStream.A2S,,174,102,0,0,0,,,
mig_mm_k8_r4_c8_m4_w8_l2,mm,migration,module,SystolicRx,systolic_rx_task_64_8_8_32_2_4_8_34212151_s,842,325,3,0,0,,,
mig_mm_k8_r4_c8_m4_w8_l2,mm,migration,subblock,SystolicRx.FWD,,138,35,0,0,0,,,
mig_mm_k8_r4_c8_m4_w8_l2,mm,migration,module,SystolicLoad,systolic_load_task_64_8_8_32_2_2_669609_34212151_s,2638,1121,2,0,0,,,
mig_mm_k8_r4_c8_m4_w8_l2,mm,migration,subblock,SystolicLoad.WORDS,,433,175,0,0,0,,,
mig_mm_k8_r4_c8_m4_w8_l2,mm,migration,subblock,SystolicLoad.ELEMS,,1428,443,0,0,0,,,
mig_mm_k8_r4_c8_m4_w8_l2,mm,migration,subblock,SystolicLoad.WORDS1,,430,171,0,0,0,,,
mig_mm_k8_r4_c8_m4_w8_l2,mm,migration,module,SystolicCore,systolic_core_task_8_8_32_2_4_8_4_2_669609_s,12707,6398,66,0,0,,,
mig_mm_k8_r4_c8_m4_w8_l2,mm,migration,subblock,SystolicCore.LOAD_A,,1081,188,0,0,0,,,
mig_mm_k8_r4_c8_m4_w8_l2,mm,migration,subblock,SystolicCore.LOAD_B,,375,200,0,0,0,,,
mig_mm_k8_r4_c8_m4_w8_l2,mm,migration,subblock,SystolicCore.SWEEP,,7670,4884,64,0,0,,,
mig_mm_k8_r4_c8_m4_w8_l2,mm,migration,module,SystolicStore,systolic_store_task_64_8_8_32_2_2_669609_34212151_s,726,422,1,0,0,,,
mig_mm_k8_r4_c8_m4_w8_l2,mm,migration,subblock,SystolicStore.WORDS,,327,105,0,0,0,,,
mig_mm_k8_r4_c8_m4_w8_l2,mm,migration,module,UnitReplyFramer,unit_reply_task_64_s,351,354,0,0,0,,,
mig_mm_k8_r4_c8_m4_w8_l2,mm,migration,subblock,UnitReplyFramer.PAYLOAD,,138,35,0,0,0,,,
mig_mm_k8_r4_c8_m4_w8_l2,mm,migration,module,MemWStream,mem_w_stream_framed_done_task_64_8_s,1613,2265,0,0,0,,,
mig_mm_k8_r4_c8_m4_w8_l2,mm,migration,subblock,MemWStream.BUFF,,826,642,0,0,0,,,
mig_mm_k8_r4_c8_m4_w8_l2,mm,migration,subblock,MemWStream.S2A,,137,100,0,0,0,,,
mig_mm_k8_r4_c8_m4_w8_l2,mm,migration,subblock,MemWStream.ECHO,,171,98,0,0,0,,,
mig_mm_k8_r4_c8_m4_w8_l2,mm,migration,memory,unit_a_U,,0,0,0,1,0,32,32,2
mig_mm_k8_r4_c8_m4_w8_l2,mm,migration,memory,unit_b_U,,0,0,0,1,0,128,32,2
mig_mm_k8_r4_c8_m4_w8_l2,mm,migration,memory,unit_c_U,,0,0,0,1,0,128,32,2
mig_mm_k8_r4_c8_m4_w8_l2,mm,migration,fifo,m_in_c_U,,0,99,0,0,0,3,64,1
mig_mm_k8_r4_c8_m4_w8_l2,mm,migration,fifo,m_out_c_U,,0,99,0,0,0,9,64,1
mig_mm_k8_r4_c8_m4_w8_l2,mm,migration,fifo,rd_cmd_U,,0,99,0,0,0,2,65,1
mig_mm_k8_r4_c8_m4_w8_l2,mm,migration,fifo,rd_data_U,,0,99,0,0,0,2,65,1
mig_mm_k8_r4_c8_m4_w8_l2,mm,migration,fifo,reply_U,,0,99,0,0,0,2,65,1
mig_mm_k8_r4_c8_m4_w8_l2,mm,migration,fifo,unit_ccmd_U,,0,99,0,0,0,2,64,1
mig_mm_k8_r4_c8_m4_w8_l2,mm,migration,fifo,unit_lcmd_U,,0,99,0,0,0,2,64,1
mig_mm_k8_r4_c8_m4_w8_l2,mm,migration,fifo,unit_pay_U,,0,99,0,0,0,2,65,1
mig_mm_k8_r4_c8_m4_w8_l2,mm,migration,fifo,unit_reply_U,,0,99,0,0,0,2,65,1
mig_mm_k8_r4_c8_m4_w8_l2,mm,migration,fifo,wr_U,,0,99,0,0,0,2,65,1
mig_mm_k8_r4_c8_m4_w8_l2,mm,migration,instance,control_s_axi_U,,296,170,0,0,0,0,0,0
mig_mm_k8_r4_c8_m4_w8_l2,mm,migration,instance,entry_proc_U0,,29,2,0,0,0,0,0,0
mig_mm_k8_r4_c8_m4_w8_l2,mm,migration,instance,gmem0_m_axi_U,,823,725,0,4,0,0,0,0
mig_mm_k8_r4_c8_m4_w8_l2,mm,migration,instance,gmem1_m_axi_U,,811,719,0,4,0,0,0,0
mig_mm_k8_r4_c8_m4_w8_l2,mm,migration,unitemized,unitemized,,669,0,0,0,0,0,0,0
mig_mm_k8_r1_c8_m3_w14_l4,mm,migration,module,UnitReqFramer,unit_req_task_64_s,117,72,0,0,0,,,
mig_mm_k8_r1_c8_m3_w14_l4,mm,migration,module,MemRStream,mem_r_stream_framed_task_64_s,817,502,0,0,0,,,
mig_mm_k8_r1_c8_m3_w14_l4,mm,migration,subblock,MemRStream.RELAY,,157,34,0,0,0,,,
mig_mm_k8_r1_c8_m3_w14_l4,mm,migration,subblock,MemRStream.A2S,,174,102,0,0,0,,,
mig_mm_k8_r1_c8_m3_w14_l4,mm,migration,module,SystolicRx,systolic_rx_task_64_8_8_32_4_1_8_928760832_s,879,326,3,0,0,,,
mig_mm_k8_r1_c8_m3_w14_l4,mm,migration,subblock,SystolicRx.FWD,,138,35,0,0,0,,,
mig_mm_k8_r1_c8_m3_w14_l4,mm,migration,module,SystolicLoad,systolic_load_task_64_8_8_32_4_2_2087660358_928760832_s,6799,2471,2,0,0,,,
mig_mm_k8_r1_c8_m3_w14_l4,mm,migration,subblock,SystolicLoad.WORDS,,653,343,0,0,0,,,
mig_mm_k8_r1_c8_m3_w14_l4,mm,migration,subblock,SystolicLoad.ELEMS,,3147,931,0,0,0,,,
mig_mm_k8_r1_c8_m3_w14_l4,mm,migration,subblock,SystolicLoad.WORDS1,,650,341,0,0,0,,,
mig_mm_k8_r1_c8_m3_w14_l4,mm,migration,module,SystolicCore,systolic_core_task_8_8_32_4_1_8_3_2_2087660358_s,9465,3833,26,0,0,,,
mig_mm_k8_r1_c8_m3_w14_l4,mm,migration,subblock,SystolicCore.LOAD_A,,1081,189,0,0,0,,,
mig_mm_k8_r1_c8_m3_w14_l4,mm,migration,subblock,SystolicCore.LOAD_B,,373,199,0,0,0,,,
mig_mm_k8_r1_c8_m3_w14_l4,mm,migration,subblock,SystolicCore.SWEEP,,2641,1666,24,0,0,,,
mig_mm_k8_r1_c8_m3_w14_l4,mm,migration,module,SystolicStore,systolic_store_task_64_8_8_32_4_2_2087660358_928760832_s,1096,567,1,0,0,,,
mig_mm_k8_r1_c8_m3_w14_l4,mm,migration,subblock,SystolicStore.WORDS,,697,250,0,0,0,,,
mig_mm_k8_r1_c8_m3_w14_l4,mm,migration,module,UnitReplyFramer,unit_reply_task_64_s,351,354,0,0,0,,,
mig_mm_k8_r1_c8_m3_w14_l4,mm,migration,subblock,UnitReplyFramer.PAYLOAD,,138,35,0,0,0,,,
mig_mm_k8_r1_c8_m3_w14_l4,mm,migration,module,MemWStream,mem_w_stream_framed_done_task_64_8_s,1613,2265,0,0,0,,,
mig_mm_k8_r1_c8_m3_w14_l4,mm,migration,subblock,MemWStream.BUFF,,826,642,0,0,0,,,
mig_mm_k8_r1_c8_m3_w14_l4,mm,migration,subblock,MemWStream.S2A,,137,100,0,0,0,,,
mig_mm_k8_r1_c8_m3_w14_l4,mm,migration,subblock,MemWStream.ECHO,,171,98,0,0,0,,,
mig_mm_k8_r1_c8_m3_w14_l4,mm,migration,memory,unit_a_U,,0,0,0,4,0,16,112,2
mig_mm_k8_r1_c8_m3_w14_l4,mm,migration,memory,unit_b_U,,0,0,0,4,0,64,112,2
mig_mm_k8_r1_c8_m3_w14_l4,mm,migration,memory,unit_c_U,,0,0,0,4,0,64,112,2
mig_mm_k8_r1_c8_m3_w14_l4,mm,migration,fifo,m_in_c_U,,0,99,0,0,0,3,64,1
mig_mm_k8_r1_c8_m3_w14_l4,mm,migration,fifo,m_out_c_U,,0,99,0,0,0,9,64,1
mig_mm_k8_r1_c8_m3_w14_l4,mm,migration,fifo,rd_cmd_U,,0,99,0,0,0,2,65,1
mig_mm_k8_r1_c8_m3_w14_l4,mm,migration,fifo,rd_data_U,,0,99,0,0,0,2,65,1
mig_mm_k8_r1_c8_m3_w14_l4,mm,migration,fifo,reply_U,,0,99,0,0,0,2,65,1
mig_mm_k8_r1_c8_m3_w14_l4,mm,migration,fifo,unit_ccmd_U,,0,99,0,0,0,2,64,1
mig_mm_k8_r1_c8_m3_w14_l4,mm,migration,fifo,unit_lcmd_U,,0,99,0,0,0,2,64,1
mig_mm_k8_r1_c8_m3_w14_l4,mm,migration,fifo,unit_pay_U,,0,99,0,0,0,2,65,1
mig_mm_k8_r1_c8_m3_w14_l4,mm,migration,fifo,unit_reply_U,,0,99,0,0,0,2,65,1
mig_mm_k8_r1_c8_m3_w14_l4,mm,migration,fifo,wr_U,,0,99,0,0,0,2,65,1
mig_mm_k8_r1_c8_m3_w14_l4,mm,migration,instance,control_s_axi_U,,296,170,0,0,0,0,0,0
mig_mm_k8_r1_c8_m3_w14_l4,mm,migration,instance,entry_proc_U0,,29,2,0,0,0,0,0,0
mig_mm_k8_r1_c8_m3_w14_l4,mm,migration,instance,gmem0_m_axi_U,,823,725,0,4,0,0,0,0
mig_mm_k8_r1_c8_m3_w14_l4,mm,migration,instance,gmem1_m_axi_U,,811,719,0,4,0,0,0,0
mig_mm_k8_r1_c8_m3_w14_l4,mm,migration,unitemized,unitemized,,669,0,0,0,0,0,0,0
mig_mm_k16_r4_c32_m3_w8_l2,mm,migration,module,UnitReqFramer,unit_req_task_64_s,117,72,0,0,0,,,
mig_mm_k16_r4_c32_m3_w8_l2,mm,migration,module,MemRStream,mem_r_stream_framed_task_64_s,817,502,0,0,0,,,
mig_mm_k16_r4_c32_m3_w8_l2,mm,migration,subblock,MemRStream.RELAY,,157,34,0,0,0,,,
mig_mm_k16_r4_c32_m3_w8_l2,mm,migration,subblock,MemRStream.A2S,,174,102,0,0,0,,,
mig_mm_k16_r4_c32_m3_w8_l2,mm,migration,module,SystolicRx,systolic_rx_task_64_16_16_32_2_4_32_34212151_s,842,325,3,0,0,,,
mig_mm_k16_r4_c32_m3_w8_l2,mm,migration,subblock,SystolicRx.FWD,,138,35,0,0,0,,,
mig_mm_k16_r4_c32_m3_w8_l2,mm,migration,module,SystolicLoad,systolic_load_task_64_16_16_32_2_2_340132779_34212151_s,2644,1127,2,0,0,,,
mig_mm_k16_r4_c32_m3_w8_l2,mm,migration,subblock,SystolicLoad.WORDS,,433,175,0,0,0,,,
mig_mm_k16_r4_c32_m3_w8_l2,mm,migration,subblock,SystolicLoad.ELEMS,,1434,449,0,0,0,,,
mig_mm_k16_r4_c32_m3_w8_l2,mm,migration,subblock,SystolicLoad.WORDS1,,430,171,0,0,0,,,
mig_mm_k16_r4_c32_m3_w8_l2,mm,migration,module,SystolicCore,systolic_core_task_16_16_32_2_4_32_3_2_340132779_s,29714,17548,386,0,0,,,
mig_mm_k16_r4_c32_m3_w8_l2,mm,migration,subblock,SystolicCore.LOAD_A,,1713,196,0,0,0,,,
mig_mm_k16_r4_c32_m3_w8_l2,mm,migration,subblock,SystolicCore.LOAD_B,,363,196,0,0,0,,,
mig_mm_k16_r4_c32_m3_w8_l2,mm,migration,subblock,SystolicCore.SWEEP,,20261,15385,384,0,0,,,
mig_mm_k16_r4_c32_m3_w8_l2,mm,migration,module,SystolicStore,systolic_store_task_64_16_16_32_2_2_340132779_34212151_s,726,422,1,0,0,,,
mig_mm_k16_r4_c32_m3_w8_l2,mm,migration,subblock,SystolicStore.WORDS,,327,105,0,0,0,,,
mig_mm_k16_r4_c32_m3_w8_l2,mm,migration,module,UnitReplyFramer,unit_reply_task_64_s,351,354,0,0,0,,,
mig_mm_k16_r4_c32_m3_w8_l2,mm,migration,subblock,UnitReplyFramer.PAYLOAD,,138,35,0,0,0,,,
mig_mm_k16_r4_c32_m3_w8_l2,mm,migration,module,MemWStream,mem_w_stream_framed_done_task_64_8_s,1613,2265,0,0,0,,,
mig_mm_k16_r4_c32_m3_w8_l2,mm,migration,subblock,MemWStream.BUFF,,826,642,0,0,0,,,
mig_mm_k16_r4_c32_m3_w8_l2,mm,migration,subblock,MemWStream.S2A,,137,100,0,0,0,,,
mig_mm_k16_r4_c32_m3_w8_l2,mm,migration,subblock,MemWStream.ECHO,,171,98,0,0,0,,,
mig_mm_k16_r4_c32_m3_w8_l2,mm,migration,memory,unit_a_U,,0,0,0,1,0,128,32,2
mig_mm_k16_r4_c32_m3_w8_l2,mm,migration,memory,unit_b_U,,0,0,0,1,0,256,32,2
mig_mm_k16_r4_c32_m3_w8_l2,mm,migration,memory,unit_c_U,,0,0,0,1,0,256,32,2
mig_mm_k16_r4_c32_m3_w8_l2,mm,migration,fifo,m_in_c_U,,0,99,0,0,0,3,64,1
mig_mm_k16_r4_c32_m3_w8_l2,mm,migration,fifo,m_out_c_U,,0,99,0,0,0,9,64,1
mig_mm_k16_r4_c32_m3_w8_l2,mm,migration,fifo,rd_cmd_U,,0,99,0,0,0,2,65,1
mig_mm_k16_r4_c32_m3_w8_l2,mm,migration,fifo,rd_data_U,,0,99,0,0,0,2,65,1
mig_mm_k16_r4_c32_m3_w8_l2,mm,migration,fifo,reply_U,,0,99,0,0,0,2,65,1
mig_mm_k16_r4_c32_m3_w8_l2,mm,migration,fifo,unit_ccmd_U,,0,99,0,0,0,2,64,1
mig_mm_k16_r4_c32_m3_w8_l2,mm,migration,fifo,unit_lcmd_U,,0,99,0,0,0,2,64,1
mig_mm_k16_r4_c32_m3_w8_l2,mm,migration,fifo,unit_pay_U,,0,99,0,0,0,2,65,1
mig_mm_k16_r4_c32_m3_w8_l2,mm,migration,fifo,unit_reply_U,,0,99,0,0,0,2,65,1
mig_mm_k16_r4_c32_m3_w8_l2,mm,migration,fifo,wr_U,,0,99,0,0,0,2,65,1
mig_mm_k16_r4_c32_m3_w8_l2,mm,migration,instance,control_s_axi_U,,296,170,0,0,0,0,0,0
mig_mm_k16_r4_c32_m3_w8_l2,mm,migration,instance,entry_proc_U0,,29,2,0,0,0,0,0,0
mig_mm_k16_r4_c32_m3_w8_l2,mm,migration,instance,gmem0_m_axi_U,,823,725,0,4,0,0,0,0
mig_mm_k16_r4_c32_m3_w8_l2,mm,migration,instance,gmem1_m_axi_U,,811,719,0,4,0,0,0,0
mig_mm_k16_r4_c32_m3_w8_l2,mm,migration,unitemized,unitemized,,669,0,0,0,0,0,0,0
mig_mm_k16_r4_c16_m3_w12_l4,mm,migration,module,UnitReqFramer,unit_req_task_64_s,117,72,0,0,0,,,
mig_mm_k16_r4_c16_m3_w12_l4,mm,migration,module,MemRStream,mem_r_stream_framed_task_64_s,817,502,0,0,0,,,
mig_mm_k16_r4_c16_m3_w12_l4,mm,migration,subblock,MemRStream.RELAY,,157,34,0,0,0,,,
mig_mm_k16_r4_c16_m3_w12_l4,mm,migration,subblock,MemRStream.A2S,,174,102,0,0,0,,,
mig_mm_k16_r4_c16_m3_w12_l4,mm,migration,module,SystolicRx,systolic_rx_task_64_16_16_32_4_4_16_1556958752_s,881,325,3,0,0,,,
mig_mm_k16_r4_c16_m3_w12_l4,mm,migration,subblock,SystolicRx.FWD,,138,35,0,0,0,,,
mig_mm_k16_r4_c16_m3_w12_l4,mm,migration,module,SystolicLoad,systolic_load_task_64_16_16_32_4_2_2043760165_1556958752_s,6156,2094,2,0,0,,,
mig_mm_k16_r4_c16_m3_w12_l4,mm,migration,subblock,SystolicLoad.WORDS,,621,323,0,0,0,,,
mig_mm_k16_r4_c16_m3_w12_l4,mm,migration,subblock,SystolicLoad.ELEMS,,2808,849,0,0,0,,,
mig_mm_k16_r4_c16_m3_w12_l4,mm,migration,subblock,SystolicLoad.WORDS1,,618,321,0,0,0,,,
mig_mm_k16_r4_c16_m3_w12_l4,mm,migration,module,SystolicCore,systolic_core_task_16_16_32_4_4_16_3_2_2043760165_s,23858,14593,194,0,0,,,
mig_mm_k16_r4_c16_m3_w12_l4,mm,migration,subblock,SystolicCore.LOAD_A,,1713,197,0,0,0,,,
mig_mm_k16_r4_c16_m3_w12_l4,mm,migration,subblock,SystolicCore.LOAD_B,,373,199,0,0,0,,,
mig_mm_k16_r4_c16_m3_w12_l4,mm,migration,subblock,SystolicCore.SWEEP,,12689,11086,192,0,0,,,
mig_mm_k16_r4_c16_m3_w12_l4,mm,migration,module,SystolicStore,systolic_store_task_64_16_16_32_4_2_2043760165_1556958752_s,1076,551,1,0,0,,,
mig_mm_k16_r4_c16_m3_w12_l4,mm,migration,subblock,SystolicStore.WORDS,,677,234,0,0,0,,,
mig_mm_k16_r4_c16_m3_w12_l4,mm,migration,module,UnitReplyFramer,unit_reply_task_64_s,351,354,0,0,0,,,
mig_mm_k16_r4_c16_m3_w12_l4,mm,migration,subblock,UnitReplyFramer.PAYLOAD,,138,35,0,0,0,,,
mig_mm_k16_r4_c16_m3_w12_l4,mm,migration,module,MemWStream,mem_w_stream_framed_done_task_64_8_s,1613,2265,0,0,0,,,
mig_mm_k16_r4_c16_m3_w12_l4,mm,migration,subblock,MemWStream.BUFF,,826,642,0,0,0,,,
mig_mm_k16_r4_c16_m3_w12_l4,mm,migration,subblock,MemWStream.S2A,,137,100,0,0,0,,,
mig_mm_k16_r4_c16_m3_w12_l4,mm,migration,subblock,MemWStream.ECHO,,171,98,0,0,0,,,
mig_mm_k16_r4_c16_m3_w12_l4,mm,migration,memory,unit_a_U,,0,0,0,3,0,64,96,2
mig_mm_k16_r4_c16_m3_w12_l4,mm,migration,memory,unit_b_U,,0,0,0,3,0,128,96,2
mig_mm_k16_r4_c16_m3_w12_l4,mm,migration,memory,unit_c_U,,0,0,0,3,0,128,96,2
mig_mm_k16_r4_c16_m3_w12_l4,mm,migration,fifo,m_in_c_U,,0,99,0,0,0,3,64,1
mig_mm_k16_r4_c16_m3_w12_l4,mm,migration,fifo,m_out_c_U,,0,99,0,0,0,9,64,1
mig_mm_k16_r4_c16_m3_w12_l4,mm,migration,fifo,rd_cmd_U,,0,99,0,0,0,2,65,1
mig_mm_k16_r4_c16_m3_w12_l4,mm,migration,fifo,rd_data_U,,0,99,0,0,0,2,65,1
mig_mm_k16_r4_c16_m3_w12_l4,mm,migration,fifo,reply_U,,0,99,0,0,0,2,65,1
mig_mm_k16_r4_c16_m3_w12_l4,mm,migration,fifo,unit_ccmd_U,,0,99,0,0,0,2,64,1
mig_mm_k16_r4_c16_m3_w12_l4,mm,migration,fifo,unit_lcmd_U,,0,99,0,0,0,2,64,1
mig_mm_k16_r4_c16_m3_w12_l4,mm,migration,fifo,unit_pay_U,,0,99,0,0,0,2,65,1
mig_mm_k16_r4_c16_m3_w12_l4,mm,migration,fifo,unit_reply_U,,0,99,0,0,0,2,65,1
mig_mm_k16_r4_c16_m3_w12_l4,mm,migration,fifo,wr_U,,0,99,0,0,0,2,65,1
mig_mm_k16_r4_c16_m3_w12_l4,mm,migration,instance,control_s_axi_U,,296,170,0,0,0,0,0,0
mig_mm_k16_r4_c16_m3_w12_l4,mm,migration,instance,entry_proc_U0,,29,2,0,0,0,0,0,0
mig_mm_k16_r4_c16_m3_w12_l4,mm,migration,instance,gmem0_m_axi_U,,823,725,0,4,0,0,0,0
mig_mm_k16_r4_c16_m3_w12_l4,mm,migration,instance,gmem1_m_axi_U,,811,719,0,4,0,0,0,0
mig_mm_k16_r4_c16_m3_w12_l4,mm,migration,unitemized,unitemized,,669,0,0,0,0,0,0,0
mig_mm_k16_r4_c16_m3_w16_l8,mm,migration,module,UnitReqFramer,unit_req_task_64_s,117,72,0,0,0,,,
mig_mm_k16_r4_c16_m3_w16_l8,mm,migration,module,MemRStream,mem_r_stream_framed_task_64_s,817,502,0,0,0,,,
mig_mm_k16_r4_c16_m3_w16_l8,mm,migration,subblock,MemRStream.RELAY,,157,34,0,0,0,,,
mig_mm_k16_r4_c16_m3_w16_l8,mm,migration,subblock,MemRStream.A2S,,174,102,0,0,0,,,
mig_mm_k16_r4_c16_m3_w16_l8,mm,migration,module,SystolicRx,systolic_rx_task_64_16_16_32_8_4_16_654753759_s,884,325,3,0,0,,,
mig_mm_k16_r4_c16_m3_w16_l8,mm,migration,subblock,SystolicRx.FWD,,138,35,0,0,0,,,
mig_mm_k16_r4_c16_m3_w16_l8,mm,migration,module,SystolicLoad,systolic_load_task_64_16_16_32_8_2_2113842304_654753759_s,12020,3545,2,0,0,,,
mig_mm_k16_r4_c16_m3_w16_l8,mm,migration,subblock,SystolicLoad.WORDS,,463,489,0,0,0,,,
mig_mm_k16_r4_c16_m3_w16_l8,mm,migration,subblock,SystolicLoad.ELEMS,,6288,1602,0,0,0,,,
mig_mm_k16_r4_c16_m3_w16_l8,mm,migration,subblock,SystolicLoad.WORDS1,,460,487,0,0,0,,,
mig_mm_k16_r4_c16_m3_w16_l8,mm,migration,module,SystolicCore,systolic_core_task_16_16_32_8_4_16_3_2_2113842304_s,34575,20570,194,0,0,,,
mig_mm_k16_r4_c16_m3_w16_l8,mm,migration,subblock,SystolicCore.LOAD_A,,1711,196,0,0,0,,,
mig_mm_k16_r4_c16_m3_w16_l8,mm,migration,subblock,SystolicCore.LOAD_B,,371,198,0,0,0,,,
mig_mm_k16_r4_c16_m3_w16_l8,mm,migration,subblock,SystolicCore.SWEEP,,15140,14418,192,0,0,,,
mig_mm_k16_r4_c16_m3_w16_l8,mm,migration,module,SystolicStore,systolic_store_task_64_16_16_32_8_2_2113842304_654753759_s,1213,711,1,0,0,,,
mig_mm_k16_r4_c16_m3_w16_l8,mm,migration,subblock,SystolicStore.WORDS,,814,394,0,0,0,,,
mig_mm_k16_r4_c16_m3_w16_l8,mm,migration,module,UnitReplyFramer,unit_reply_task_64_s,351,354,0,0,0,,,
mig_mm_k16_r4_c16_m3_w16_l8,mm,migration,subblock,UnitReplyFramer.PAYLOAD,,138,35,0,0,0,,,
mig_mm_k16_r4_c16_m3_w16_l8,mm,migration,module,MemWStream,mem_w_stream_framed_done_task_64_8_s,1613,2265,0,0,0,,,
mig_mm_k16_r4_c16_m3_w16_l8,mm,migration,subblock,MemWStream.BUFF,,826,642,0,0,0,,,
mig_mm_k16_r4_c16_m3_w16_l8,mm,migration,subblock,MemWStream.S2A,,137,100,0,0,0,,,
mig_mm_k16_r4_c16_m3_w16_l8,mm,migration,subblock,MemWStream.ECHO,,171,98,0,0,0,,,
mig_mm_k16_r4_c16_m3_w16_l8,mm,migration,memory,unit_a_U,,0,0,0,8,0,32,256,2
mig_mm_k16_r4_c16_m3_w16_l8,mm,migration,memory,unit_b_U,,0,0,0,8,0,64,256,2
mig_mm_k16_r4_c16_m3_w16_l8,mm,migration,memory,unit_c_U,,0,0,0,8,0,64,256,2
mig_mm_k16_r4_c16_m3_w16_l8,mm,migration,fifo,m_in_c_U,,0,99,0,0,0,3,64,1
mig_mm_k16_r4_c16_m3_w16_l8,mm,migration,fifo,m_out_c_U,,0,99,0,0,0,9,64,1
mig_mm_k16_r4_c16_m3_w16_l8,mm,migration,fifo,rd_cmd_U,,0,99,0,0,0,2,65,1
mig_mm_k16_r4_c16_m3_w16_l8,mm,migration,fifo,rd_data_U,,0,99,0,0,0,2,65,1
mig_mm_k16_r4_c16_m3_w16_l8,mm,migration,fifo,reply_U,,0,99,0,0,0,2,65,1
mig_mm_k16_r4_c16_m3_w16_l8,mm,migration,fifo,unit_ccmd_U,,0,99,0,0,0,2,64,1
mig_mm_k16_r4_c16_m3_w16_l8,mm,migration,fifo,unit_lcmd_U,,0,99,0,0,0,2,64,1
mig_mm_k16_r4_c16_m3_w16_l8,mm,migration,fifo,unit_pay_U,,0,99,0,0,0,2,65,1
mig_mm_k16_r4_c16_m3_w16_l8,mm,migration,fifo,unit_reply_U,,0,99,0,0,0,2,65,1
mig_mm_k16_r4_c16_m3_w16_l8,mm,migration,fifo,wr_U,,0,99,0,0,0,2,65,1
mig_mm_k16_r4_c16_m3_w16_l8,mm,migration,instance,control_s_axi_U,,296,170,0,0,0,0,0,0
mig_mm_k16_r4_c16_m3_w16_l8,mm,migration,instance,entry_proc_U0,,29,2,0,0,0,0,0,0
mig_mm_k16_r4_c16_m3_w16_l8,mm,migration,instance,gmem0_m_axi_U,,823,725,0,4,0,0,0,0
mig_mm_k16_r4_c16_m3_w16_l8,mm,migration,instance,gmem1_m_axi_U,,811,719,0,4,0,0,0,0
mig_mm_k16_r4_c16_m3_w16_l8,mm,migration,unitemized,unitemized,,669,0,0,0,0,0,0,0
mig_det_k4_l1_r4_c8_m4_w16g4_d64_s2_q2,det,migration,module,CgCmdRx,cg_cmd_rx_task_64_4_32_s,180,38,0,0,0,,,
mig_det_k4_l1_r4_c8_m4_w16g4_d64_s2_q2,det,migration,module,MemRStream,mem_r_stream_framed_task_64_s,817,502,0,0,0,,,
mig_det_k4_l1_r4_c8_m4_w16g4_d64_s2_q2,det,migration,subblock,MemRStream.RELAY,,157,34,0,0,0,,,
mig_det_k4_l1_r4_c8_m4_w16g4_d64_s2_q2,det,migration,subblock,MemRStream.A2S,,174,102,0,0,0,,,
mig_det_k4_l1_r4_c8_m4_w16g4_d64_s2_q2,det,migration,module,CgLoad,cg_load_task_64_4_32_1_2_s,355,38,0,0,0,,,
mig_det_k4_l1_r4_c8_m4_w16g4_d64_s2_q2,det,migration,subblock,CgLoad.WORDS_G,,73,11,0,0,0,,,
mig_det_k4_l1_r4_c8_m4_w16g4_d64_s2_q2,det,migration,subblock,CgLoad.WORDS_G1,,78,17,0,0,0,,,
mig_det_k4_l1_r4_c8_m4_w16g4_d64_s2_q2,det,migration,module,CgCtrl,cg_ctrl_task_64_4_32_s,47,2,0,0,0,,,
mig_det_k4_l1_r4_c8_m4_w16g4_d64_s2_q2,det,migration,module,CgVectorCore,cg_vector_task_4_32_4_1_2_2138797857_s,6044,3524,13,6,0,,,
mig_det_k4_l1_r4_c8_m4_w16g4_d64_s2_q2,det,migration,subblock,CgVectorCore.INIT_K,,247,212,2,0,0,,,
mig_det_k4_l1_r4_c8_m4_w16g4_d64_s2_q2,det,migration,subblock,CgVectorCore.INIT_P,,328,178,0,0,0,,,
mig_det_k4_l1_r4_c8_m4_w16g4_d64_s2_q2,det,migration,subblock,CgVectorCore.PASS1,,234,238,2,0,0,,,
mig_det_k4_l1_r4_c8_m4_w16g4_d64_s2_q2,det,migration,subblock,CgVectorCore.PASS2,,1003,756,6,0,0,,,
mig_det_k4_l1_r4_c8_m4_w16g4_d64_s2_q2,det,migration,subblock,CgVectorCore.PASS3,,472,372,2,0,0,,,
mig_det_k4_l1_r4_c8_m4_w16g4_d64_s2_q2,det,migration,subblock,CgVectorCore.OUT_P,,328,178,0,0,0,,,
mig_det_k4_l1_r4_c8_m4_w16g4_d64_s2_q2,det,migration,subblock,CgVectorCore.OUT_X,,328,178,0,0,0,,,
mig_det_k4_l1_r4_c8_m4_w16g4_d64_s2_q2,det,migration,module,SystolicCore,systolic_core_task_4_4_32_1_4_8_4_2_736480179_s,9251,10045,130,0,0,,,
mig_det_k4_l1_r4_c8_m4_w16g4_d64_s2_q2,det,migration,subblock,SystolicCore.LOAD_A,,693,184,0,0,0,,,
mig_det_k4_l1_r4_c8_m4_w16g4_d64_s2_q2,det,migration,subblock,SystolicCore.LOAD_B,,376,199,0,0,0,,,
mig_det_k4_l1_r4_c8_m4_w16g4_d64_s2_q2,det,migration,subblock,SystolicCore.SWEEP,,5737,8541,128,0,0,,,
mig_det_k4_l1_r4_c8_m4_w16g4_d64_s2_q2,det,migration,module,CgStore,cg_store_task_64_4_32_1_2_s,237,116,0,0,0,,,
mig_det_k4_l1_r4_c8_m4_w16g4_d64_s2_q2,det,migration,subblock,CgStore.WORDS_G,,75,11,0,0,0,,,
mig_det_k4_l1_r4_c8_m4_w16g4_d64_s2_q2,det,migration,module,MemWStream,mem_w_stream_framed_done_task_64_8_s,1613,2265,0,0,0,,,
mig_det_k4_l1_r4_c8_m4_w16g4_d64_s2_q2,det,migration,subblock,MemWStream.BUFF,,826,642,0,0,0,,,
mig_det_k4_l1_r4_c8_m4_w16g4_d64_s2_q2,det,migration,subblock,MemWStream.S2A,,137,100,0,0,0,,,
mig_det_k4_l1_r4_c8_m4_w16g4_d64_s2_q2,det,migration,subblock,MemWStream.ECHO,,171,98,0,0,0,,,
mig_det_k4_l1_r4_c8_m4_w16g4_d64_s2_q2,det,migration,memory,a_blk_U,,16,128,0,0,0,16,32,2
mig_det_k4_l1_r4_c8_m4_w16g4_d64_s2_q2,det,migration,memory,b_blk_U,,0,0,0,4,0,128,32,2
mig_det_k4_l1_r4_c8_m4_w16g4_d64_s2_q2,det,migration,memory,p_blk_U,,0,0,0,1,0,128,32,2
mig_det_k4_l1_r4_c8_m4_w16g4_d64_s2_q2,det,migration,memory,s_blk_U,,0,0,0,1,0,128,32,2
mig_det_k4_l1_r4_c8_m4_w16g4_d64_s2_q2,det,migration,memory,x_blk_U,,0,0,0,4,0,128,32,2
mig_det_k4_l1_r4_c8_m4_w16g4_d64_s2_q2,det,migration,fifo,cmd_rd_U,,0,99,0,0,0,2,65,1
mig_det_k4_l1_r4_c8_m4_w16g4_d64_s2_q2,det,migration,fifo,desc_cs_U,,0,99,0,0,0,2,65,1
mig_det_k4_l1_r4_c8_m4_w16g4_d64_s2_q2,det,migration,fifo,desc_lc_U,,0,99,0,0,0,2,65,1
mig_det_k4_l1_r4_c8_m4_w16g4_d64_s2_q2,det,migration,fifo,m_in_c_U,,0,99,0,0,0,3,64,1
mig_det_k4_l1_r4_c8_m4_w16g4_d64_s2_q2,det,migration,fifo,m_out_c_U,,0,99,0,0,0,8,64,1
mig_det_k4_l1_r4_c8_m4_w16g4_d64_s2_q2,det,migration,fifo,mm_q_U,,0,99,0,0,0,2,64,1
mig_det_k4_l1_r4_c8_m4_w16g4_d64_s2_q2,det,migration,fifo,rdata_U,,0,99,0,0,0,2,65,1
mig_det_k4_l1_r4_c8_m4_w16g4_d64_s2_q2,det,migration,fifo,vec_q_U,,0,99,0,0,0,2,64,1
mig_det_k4_l1_r4_c8_m4_w16g4_d64_s2_q2,det,migration,fifo,wdata_U,,0,99,0,0,0,2,65,1
mig_det_k4_l1_r4_c8_m4_w16g4_d64_s2_q2,det,migration,instance,control_s_axi_U,,296,170,0,0,0,0,0,0
mig_det_k4_l1_r4_c8_m4_w16g4_d64_s2_q2,det,migration,instance,entry_proc_U0,,29,2,0,0,0,0,0,0
mig_det_k4_l1_r4_c8_m4_w16g4_d64_s2_q2,det,migration,instance,gmem0_m_axi_U,,823,725,0,4,0,0,0,0
mig_det_k4_l1_r4_c8_m4_w16g4_d64_s2_q2,det,migration,instance,gmem1_m_axi_U,,811,719,0,4,0,0,0,0
mig_det_k4_l1_r4_c8_m4_w16g4_d64_s2_q2,det,migration,unitemized,unitemized,,602,0,0,0,0,0,0,0
mig_det_k4_l1_r4_c16_m4_w12g4_d32_s2_q4,det,migration,module,CgCmdRx,cg_cmd_rx_task_32_4_32_s,216,73,0,0,0,,,
mig_det_k4_l1_r4_c16_m4_w12g4_d32_s2_q4,det,migration,module,MemRStream,mem_r_stream_framed_task_32_s,842,472,0,0,0,,,
mig_det_k4_l1_r4_c16_m4_w12g4_d32_s2_q4,det,migration,subblock,MemRStream.RELAY,,157,34,0,0,0,,,
mig_det_k4_l1_r4_c16_m4_w12g4_d32_s2_q4,det,migration,subblock,MemRStream.A2S,,174,70,0,0,0,,,
mig_det_k4_l1_r4_c16_m4_w12g4_d32_s2_q4,det,migration,module,CgLoad,cg_load_task_32_4_32_1_2_s,545,182,0,0,0,,,
mig_det_k4_l1_r4_c16_m4_w12g4_d32_s2_q4,det,migration,subblock,CgLoad.WORDS,,172,48,0,0,0,,,
mig_det_k4_l1_r4_c16_m4_w12g4_d32_s2_q4,det,migration,subblock,CgLoad.WORDS1,,178,57,0,0,0,,,
mig_det_k4_l1_r4_c16_m4_w12g4_d32_s2_q4,det,migration,module,CgCtrl,cg_ctrl_task_32_4_32_s,83,102,0,0,0,,,
mig_det_k4_l1_r4_c16_m4_w12g4_d32_s2_q4,det,migration,module,CgVectorCore,cg_vector_task_4_32_4_1_2_2059233045_s,5553,3151,13,6,0,,,
mig_det_k4_l1_r4_c16_m4_w12g4_d32_s2_q4,det,migration,subblock,CgVectorCore.INIT_K,,226,197,2,0,0,,,
mig_det_k4_l1_r4_c16_m4_w12g4_d32_s2_q4,det,migration,subblock,CgVectorCore.INIT_P,,328,178,0,0,0,,,
mig_det_k4_l1_r4_c16_m4_w12g4_d32_s2_q4,det,migration,subblock,CgVectorCore.PASS1,,226,209,2,0,0,,,
mig_det_k4_l1_r4_c16_m4_w12g4_d32_s2_q4,det,migration,subblock,CgVectorCore.PASS2,,914,696,6,0,0,,,
mig_det_k4_l1_r4_c16_m4_w12g4_d32_s2_q4,det,migration,subblock,CgVectorCore.PASS3,,430,324,2,0,0,,,
mig_det_k4_l1_r4_c16_m4_w12g4_d32_s2_q4,det,migration,subblock,CgVectorCore.OUT_P,,328,178,0,0,0,,,
mig_det_k4_l1_r4_c16_m4_w12g4_d32_s2_q4,det,migration,subblock,CgVectorCore.OUT_X,,328,178,0,0,0,,,
mig_det_k4_l1_r4_c16_m4_w12g4_d32_s2_q4,det,migration,module,SystolicCore,systolic_core_task_4_4_32_1_4_16_4_2_1323255824_s,14314,14192,258,0,0,,,
mig_det_k4_l1_r4_c16_m4_w12g4_d32_s2_q4,det,migration,subblock,SystolicCore.LOAD_A,,693,176,0,0,0,,,
mig_det_k4_l1_r4_c16_m4_w12g4_d32_s2_q4,det,migration,subblock,SystolicCore.LOAD_B,,374,198,0,0,0,,,
mig_det_k4_l1_r4_c16_m4_w12g4_d32_s2_q4,det,migration,subblock,SystolicCore.SWEEP,,10073,12652,256,0,0,,,
mig_det_k4_l1_r4_c16_m4_w12g4_d32_s2_q4,det,migration,module,CgStore,cg_store_task_32_4_32_1_2_s,299,122,0,0,0,,,
mig_det_k4_l1_r4_c16_m4_w12g4_d32_s2_q4,det,migration,subblock,CgStore.WORDS,,95,12,0,0,0,,,
mig_det_k4_l1_r4_c16_m4_w12g4_d32_s2_q4,det,migration,module,MemWStream,mem_w_stream_framed_done_task_32_8_s,1374,1435,0,0,0,,,
mig_det_k4_l1_r4_c16_m4_w12g4_d32_s2_q4,det,migration,subblock,MemWStream.BUFF,,570,386,0,0,0,,,
mig_det_k4_l1_r4_c16_m4_w12g4_d32_s2_q4,det,migration,subblock,MemWStream.S2A,,137,68,0,0,0,,,
mig_det_k4_l1_r4_c16_m4_w12g4_d32_s2_q4,det,migration,subblock,MemWStream.ECHO,,171,66,0,0,0,,,
mig_det_k4_l1_r4_c16_m4_w12g4_d32_s2_q4,det,migration,memory,a_blk_U,,12,24,0,0,0,16,24,2
mig_det_k4_l1_r4_c16_m4_w12g4_d32_s2_q4,det,migration,memory,b_blk_U,,0,0,0,1,0,128,24,2
mig_det_k4_l1_r4_c16_m4_w12g4_d32_s2_q4,det,migration,memory,p_blk_U,,0,0,0,1,0,128,24,2
mig_det_k4_l1_r4_c16_m4_w12g4_d32_s2_q4,det,migration,memory,s_blk_U,,0,0,0,1,0,128,24,2
mig_det_k4_l1_r4_c16_m4_w12g4_d32_s2_q4,det,migration,memory,x_blk_U,,0,0,0,1,0,128,24,2
mig_det_k4_l1_r4_c16_m4_w12g4_d32_s2_q4,det,migration,fifo,cmd_rd_U,,0,99,0,0,0,2,33,1
mig_det_k4_l1_r4_c16_m4_w12g4_d32_s2_q4,det,migration,fifo,desc_cs_U,,0,99,0,0,0,2,33,1
mig_det_k4_l1_r4_c16_m4_w12g4_d32_s2_q4,det,migration,fifo,desc_lc_U,,0,99,0,0,0,2,33,1
mig_det_k4_l1_r4_c16_m4_w12g4_d32_s2_q4,det,migration,fifo,m_in_c_U,,0,99,0,0,0,3,64,1
mig_det_k4_l1_r4_c16_m4_w12g4_d32_s2_q4,det,migration,fifo,m_out_c_U,,0,99,0,0,0,8,64,1
mig_det_k4_l1_r4_c16_m4_w12g4_d32_s2_q4,det,migration,fifo,mm_q_U,,0,99,0,0,0,4,64,1
mig_det_k4_l1_r4_c16_m4_w12g4_d32_s2_q4,det,migration,fifo,rdata_U,,0,99,0,0,0,2,33,1
mig_det_k4_l1_r4_c16_m4_w12g4_d32_s2_q4,det,migration,fifo,vec_q_U,,0,99,0,0,0,4,64,1
mig_det_k4_l1_r4_c16_m4_w12g4_d32_s2_q4,det,migration,fifo,wdata_U,,0,99,0,0,0,2,33,1
mig_det_k4_l1_r4_c16_m4_w12g4_d32_s2_q4,det,migration,instance,control_s_axi_U,,296,170,0,0,0,0,0,0
mig_det_k4_l1_r4_c16_m4_w12g4_d32_s2_q4,det,migration,instance,entry_proc_U0,,29,2,0,0,0,0,0,0
mig_det_k4_l1_r4_c16_m4_w12g4_d32_s2_q4,det,migration,instance,gmem0_m_axi_U,,637,671,0,2,0,0,0,0
mig_det_k4_l1_r4_c16_m4_w12g4_d32_s2_q4,det,migration,instance,gmem1_m_axi_U,,625,665,0,2,0,0,0,0
mig_det_k4_l1_r4_c16_m4_w12g4_d32_s2_q4,det,migration,unitemized,unitemized,,602,0,0,0,0,0,0,0
mig_det_k4_l2_r2_c8_m4_w12g0_d32_s4_q4,det,migration,module,CgCmdRx,cg_cmd_rx_task_32_4_32_s,216,73,0,0,0,,,
mig_det_k4_l2_r2_c8_m4_w12g0_d32_s4_q4,det,migration,module,MemRStream,mem_r_stream_framed_task_32_s,842,472,0,0,0,,,
mig_det_k4_l2_r2_c8_m4_w12g0_d32_s4_q4,det,migration,subblock,MemRStream.RELAY,,157,34,0,0,0,,,
mig_det_k4_l2_r2_c8_m4_w12g0_d32_s4_q4,det,migration,subblock,MemRStream.A2S,,174,70,0,0,0,,,
mig_det_k4_l2_r2_c8_m4_w12g0_d32_s4_q4,det,migration,module,CgLoad,cg_load_task_32_4_32_2_4_s,1878,715,0,0,0,,,
mig_det_k4_l2_r2_c8_m4_w12g0_d32_s4_q4,det,migration,subblock,CgLoad.WORDS,,320,184,0,0,0,,,
mig_det_k4_l2_r2_c8_m4_w12g0_d32_s4_q4,det,migration,subblock,CgLoad.WORDS1,,326,187,0,0,0,,,
mig_det_k4_l2_r2_c8_m4_w12g0_d32_s4_q4,det,migration,module,CgCtrl,cg_ctrl_task_32_4_32_s,83,102,0,0,0,,,
mig_det_k4_l2_r2_c8_m4_w12g0_d32_s4_q4,det,migration,module,CgVectorCore,cg_vector_task_4_32_4_2_4_575814812_s,7824,4795,25,0,0,,,
mig_det_k4_l2_r2_c8_m4_w12g0_d32_s4_q4,det,migration,subblock,CgVectorCore.INIT_K,,272,245,4,0,0,,,
mig_det_k4_l2_r2_c8_m4_w12g0_d32_s4_q4,det,migration,subblock,CgVectorCore.INIT_P,,326,177,0,0,0,,,
mig_det_k4_l2_r2_c8_m4_w12g0_d32_s4_q4,det,migration,subblock,CgVectorCore.PASS1,,272,269,4,0,0,,,
mig_det_k4_l2_r2_c8_m4_w12g0_d32_s4_q4,det,migration,subblock,CgVectorCore.PASS2,,1648,1251,12,0,0,,,
mig_det_k4_l2_r2_c8_m4_w12g0_d32_s4_q4,det,migration,subblock,CgVectorCore.PASS3,,776,625,4,0,0,,,
mig_det_k4_l2_r2_c8_m4_w12g0_d32_s4_q4,det,migration,subblock,CgVectorCore.OUT_P,,326,177,0,0,0,,,
mig_det_k4_l2_r2_c8_m4_w12g0_d32_s4_q4,det,migration,subblock,CgVectorCore.OUT_X,,326,177,0,0,0,,,
mig_det_k4_l2_r2_c8_m4_w12g0_d32_s4_q4,det,migration,module,SystolicCore,systolic_core_task_4_4_32_2_2_8_4_4_1323255824_s,7160,4620,66,0,0,,,
mig_det_k4_l2_r2_c8_m4_w12g0_d32_s4_q4,det,migration,subblock,SystolicCore.LOAD_A,,767,184,0,0,0,,,
mig_det_k4_l2_r2_c8_m4_w12g0_d32_s4_q4,det,migration,subblock,SystolicCore.LOAD_B,,375,199,0,0,0,,,
mig_det_k4_l2_r2_c8_m4_w12g0_d32_s4_q4,det,migration,subblock,SystolicCore.SWEEP,,3124,3134,64,0,0,,,
mig_det_k4_l2_r2_c8_m4_w12g0_d32_s4_q4,det,migration,module,CgStore,cg_store_task_32_4_32_2_4_s,591,239,0,0,0,,,
mig_det_k4_l2_r2_c8_m4_w12g0_d32_s4_q4,det,migration,subblock,CgStore.WORDS,,387,129,0,0,0,,,
mig_det_k4_l2_r2_c8_m4_w12g0_d32_s4_q4,det,migration,module,MemWStream,mem_w_stream_framed_done_task_32_8_s,1374,1435,0,0,0,,,
mig_det_k4_l2_r2_c8_m4_w12g0_d32_s4_q4,det,migration,subblock,MemWStream.BUFF,,570,386,0,0,0,,,
mig_det_k4_l2_r2_c8_m4_w12g0_d32_s4_q4,det,migration,subblock,MemWStream.S2A,,137,68,0,0,0,,,
mig_det_k4_l2_r2_c8_m4_w12g0_d32_s4_q4,det,migration,subblock,MemWStream.ECHO,,171,66,0,0,0,,,
mig_det_k4_l2_r2_c8_m4_w12g0_d32_s4_q4,det,migration,memory,a_blk_U,,0,0,0,2,0,8,48,4
mig_det_k4_l2_r2_c8_m4_w12g0_d32_s4_q4,det,migration,memory,b_blk_U,,0,0,0,2,0,64,48,4
mig_det_k4_l2_r2_c8_m4_w12g0_d32_s4_q4,det,migration,memory,p_blk_U,,0,0,0,2,0,64,48,4
mig_det_k4_l2_r2_c8_m4_w12g0_d32_s4_q4,det,migration,memory,s_blk_U,,0,0,0,2,0,64,48,4
mig_det_k4_l2_r2_c8_m4_w12g0_d32_s4_q4,det,migration,memory,x_blk_U,,0,0,0,2,0,64,48,4
mig_det_k4_l2_r2_c8_m4_w12g0_d32_s4_q4,det,migration,fifo,cmd_rd_U,,0,99,0,0,0,2,33,1
mig_det_k4_l2_r2_c8_m4_w12g0_d32_s4_q4,det,migration,fifo,desc_cs_U,,0,99,0,0,0,2,33,1
mig_det_k4_l2_r2_c8_m4_w12g0_d32_s4_q4,det,migration,fifo,desc_lc_U,,0,99,0,0,0,2,33,1
mig_det_k4_l2_r2_c8_m4_w12g0_d32_s4_q4,det,migration,fifo,m_in_c_U,,0,99,0,0,0,3,64,1
mig_det_k4_l2_r2_c8_m4_w12g0_d32_s4_q4,det,migration,fifo,m_out_c_U,,0,99,0,0,0,8,64,1
mig_det_k4_l2_r2_c8_m4_w12g0_d32_s4_q4,det,migration,fifo,mm_q_U,,0,99,0,0,0,4,64,1
mig_det_k4_l2_r2_c8_m4_w12g0_d32_s4_q4,det,migration,fifo,rdata_U,,0,99,0,0,0,2,33,1
mig_det_k4_l2_r2_c8_m4_w12g0_d32_s4_q4,det,migration,fifo,vec_q_U,,0,99,0,0,0,4,64,1
mig_det_k4_l2_r2_c8_m4_w12g0_d32_s4_q4,det,migration,fifo,wdata_U,,0,99,0,0,0,2,33,1
mig_det_k4_l2_r2_c8_m4_w12g0_d32_s4_q4,det,migration,instance,control_s_axi_U,,296,170,0,0,0,0,0,0
mig_det_k4_l2_r2_c8_m4_w12g0_d32_s4_q4,det,migration,instance,entry_proc_U0,,29,2,0,0,0,0,0,0
mig_det_k4_l2_r2_c8_m4_w12g0_d32_s4_q4,det,migration,instance,gmem0_m_axi_U,,637,671,0,2,0,0,0,0
mig_det_k4_l2_r2_c8_m4_w12g0_d32_s4_q4,det,migration,instance,gmem1_m_axi_U,,625,665,0,2,0,0,0,0
mig_det_k4_l2_r2_c8_m4_w12g0_d32_s4_q4,det,migration,unitemized,unitemized,,602,0,0,0,0,0,0,0
mig_det_k4_l2_r4_c8_m3_w8g8_d32_s3_q4,det,migration,module,CgCmdRx,cg_cmd_rx_task_32_4_32_s,216,73,0,0,0,,,
mig_det_k4_l2_r4_c8_m3_w8g8_d32_s3_q4,det,migration,module,MemRStream,mem_r_stream_framed_task_32_s,842,472,0,0,0,,,
mig_det_k4_l2_r4_c8_m3_w8g8_d32_s3_q4,det,migration,subblock,MemRStream.RELAY,,157,34,0,0,0,,,
mig_det_k4_l2_r4_c8_m3_w8g8_d32_s3_q4,det,migration,subblock,MemRStream.A2S,,174,70,0,0,0,,,
mig_det_k4_l2_r4_c8_m3_w8g8_d32_s3_q4,det,migration,module,CgLoad,cg_load_task_32_4_32_2_3_s,1522,532,0,0,0,,,
mig_det_k4_l2_r4_c8_m3_w8g8_d32_s3_q4,det,migration,subblock,CgLoad.WORDS,,300,160,0,0,0,,,
mig_det_k4_l2_r4_c8_m3_w8g8_d32_s3_q4,det,migration,subblock,CgLoad.WORDS1,,306,163,0,0,0,,,
mig_det_k4_l2_r4_c8_m3_w8g8_d32_s3_q4,det,migration,module,CgCtrl,cg_ctrl_task_32_4_32_s,83,102,0,0,0,,,
mig_det_k4_l2_r4_c8_m3_w8g8_d32_s3_q4,det,migration,module,CgVectorCore,cg_vector_task_4_32_4_2_3_762655326_s,8858,4551,7,0,0,,,
mig_det_k4_l2_r4_c8_m3_w8g8_d32_s3_q4,det,migration,subblock,CgVectorCore.INIT_K,,422,177,0,0,0,,,
mig_det_k4_l2_r4_c8_m3_w8g8_d32_s3_q4,det,migration,subblock,CgVectorCore.INIT_P,,326,177,0,0,0,,,
mig_det_k4_l2_r4_c8_m3_w8g8_d32_s3_q4,det,migration,subblock,CgVectorCore.PASS1,,326,229,2,0,0,,,
mig_det_k4_l2_r4_c8_m3_w8g8_d32_s3_q4,det,migration,subblock,CgVectorCore.PASS2,,1794,957,4,0,0,,,
mig_det_k4_l2_r4_c8_m3_w8g8_d32_s3_q4,det,migration,subblock,CgVectorCore.PASS3,,844,461,0,0,0,,,
mig_det_k4_l2_r4_c8_m3_w8g8_d32_s3_q4,det,migration,subblock,CgVectorCore.OUT_P,,326,177,0,0,0,,,
mig_det_k4_l2_r4_c8_m3_w8g8_d32_s3_q4,det,migration,subblock,CgVectorCore.OUT_X,,326,177,0,0,0,,,
mig_det_k4_l2_r4_c8_m3_w8g8_d32_s3_q4,det,migration,module,SystolicCore,systolic_core_task_4_4_32_2_4_8_3_3_1968597333_s,9197,5189,98,0,0,,,
mig_det_k4_l2_r4_c8_m3_w8g8_d32_s3_q4,det,migration,subblock,SystolicCore.LOAD_A,,767,184,0,0,0,,,
mig_det_k4_l2_r4_c8_m3_w8g8_d32_s3_q4,det,migration,subblock,SystolicCore.LOAD_B,,375,199,0,0,0,,,
mig_det_k4_l2_r4_c8_m3_w8g8_d32_s3_q4,det,migration,subblock,SystolicCore.SWEEP,,5131,3821,96,0,0,,,
mig_det_k4_l2_r4_c8_m3_w8g8_d32_s3_q4,det,migration,module,CgStore,cg_store_task_32_4_32_2_3_s,578,223,0,0,0,,,
mig_det_k4_l2_r4_c8_m3_w8g8_d32_s3_q4,det,migration,subblock,CgStore.WORDS,,374,113,0,0,0,,,
mig_det_k4_l2_r4_c8_m3_w8g8_d32_s3_q4,det,migration,module,MemWStream,mem_w_stream_framed_done_task_32_8_s,1374,1435,0,0,0,,,
mig_det_k4_l2_r4_c8_m3_w8g8_d32_s3_q4,det,migration,subblock,MemWStream.BUFF,,570,386,0,0,0,,,
mig_det_k4_l2_r4_c8_m3_w8g8_d32_s3_q4,det,migration,subblock,MemWStream.S2A,,137,68,0,0,0,,,
mig_det_k4_l2_r4_c8_m3_w8g8_d32_s3_q4,det,migration,subblock,MemWStream.ECHO,,171,66,0,0,0,,,
mig_det_k4_l2_r4_c8_m3_w8g8_d32_s3_q4,det,migration,memory,a_blk_U,,12,32,0,0,0,8,32,3
mig_det_k4_l2_r4_c8_m3_w8g8_d32_s3_q4,det,migration,memory,b_blk_U,,0,0,0,1,0,64,32,3
mig_det_k4_l2_r4_c8_m3_w8g8_d32_s3_q4,det,migration,memory,p_blk_U,,0,0,0,1,0,64,32,3
mig_det_k4_l2_r4_c8_m3_w8g8_d32_s3_q4,det,migration,memory,s_blk_U,,0,0,0,1,0,64,32,3
mig_det_k4_l2_r4_c8_m3_w8g8_d32_s3_q4,det,migration,memory,x_blk_U,,0,0,0,1,0,64,32,3
mig_det_k4_l2_r4_c8_m3_w8g8_d32_s3_q4,det,migration,fifo,cmd_rd_U,,0,99,0,0,0,2,33,1
mig_det_k4_l2_r4_c8_m3_w8g8_d32_s3_q4,det,migration,fifo,desc_cs_U,,0,99,0,0,0,2,33,1
mig_det_k4_l2_r4_c8_m3_w8g8_d32_s3_q4,det,migration,fifo,desc_lc_U,,0,99,0,0,0,2,33,1
mig_det_k4_l2_r4_c8_m3_w8g8_d32_s3_q4,det,migration,fifo,m_in_c_U,,0,99,0,0,0,3,64,1
mig_det_k4_l2_r4_c8_m3_w8g8_d32_s3_q4,det,migration,fifo,m_out_c_U,,0,99,0,0,0,8,64,1
mig_det_k4_l2_r4_c8_m3_w8g8_d32_s3_q4,det,migration,fifo,mm_q_U,,0,99,0,0,0,4,64,1
mig_det_k4_l2_r4_c8_m3_w8g8_d32_s3_q4,det,migration,fifo,rdata_U,,0,99,0,0,0,2,33,1
mig_det_k4_l2_r4_c8_m3_w8g8_d32_s3_q4,det,migration,fifo,vec_q_U,,0,99,0,0,0,4,64,1
mig_det_k4_l2_r4_c8_m3_w8g8_d32_s3_q4,det,migration,fifo,wdata_U,,0,99,0,0,0,2,33,1
mig_det_k4_l2_r4_c8_m3_w8g8_d32_s3_q4,det,migration,instance,control_s_axi_U,,296,170,0,0,0,0,0,0
mig_det_k4_l2_r4_c8_m3_w8g8_d32_s3_q4,det,migration,instance,entry_proc_U0,,29,2,0,0,0,0,0,0
mig_det_k4_l2_r4_c8_m3_w8g8_d32_s3_q4,det,migration,instance,gmem0_m_axi_U,,637,671,0,2,0,0,0,0
mig_det_k4_l2_r4_c8_m3_w8g8_d32_s3_q4,det,migration,instance,gmem1_m_axi_U,,625,665,0,2,0,0,0,0
mig_det_k4_l2_r4_c8_m3_w8g8_d32_s3_q4,det,migration,unitemized,unitemized,,602,0,0,0,0,0,0,0
mig_det_k4_l2_r4_c16_m3_w14g8_d64_s2_q4,det,migration,module,CgCmdRx,cg_cmd_rx_task_64_4_32_s,180,38,0,0,0,,,
mig_det_k4_l2_r4_c16_m3_w14g8_d64_s2_q4,det,migration,module,MemRStream,mem_r_stream_framed_task_64_s,817,502,0,0,0,,,
mig_det_k4_l2_r4_c16_m3_w14g8_d64_s2_q4,det,migration,subblock,MemRStream.RELAY,,157,34,0,0,0,,,
mig_det_k4_l2_r4_c16_m3_w14g8_d64_s2_q4,det,migration,subblock,MemRStream.A2S,,174,102,0,0,0,,,
mig_det_k4_l2_r4_c16_m3_w14g8_d64_s2_q4,det,migration,module,CgLoad,cg_load_task_64_4_32_2_2_s,775,165,0,0,0,,,
mig_det_k4_l2_r4_c16_m3_w14g8_d64_s2_q4,det,migration,subblock,CgLoad.WORDS,,301,73,0,0,0,,,
mig_det_k4_l2_r4_c16_m3_w14g8_d64_s2_q4,det,migration,subblock,CgLoad.WORDS1,,306,82,0,0,0,,,
mig_det_k4_l2_r4_c16_m3_w14g8_d64_s2_q4,det,migration,module,CgCtrl,cg_ctrl_task_64_4_32_s,47,2,0,0,0,,,
mig_det_k4_l2_r4_c16_m3_w14g8_d64_s2_q4,det,migration,module,CgVectorCore,cg_vector_task_4_32_4_2_2_992685898_s,9427,6192,25,0,0,,,
mig_det_k4_l2_r4_c16_m3_w14g8_d64_s2_q4,det,migration,subblock,CgVectorCore.INIT_K,,280,289,4,0,0,,,
mig_det_k4_l2_r4_c16_m3_w14g8_d64_s2_q4,det,migration,subblock,CgVectorCore.INIT_P,,326,177,0,0,0,,,
mig_det_k4_l2_r4_c16_m3_w14g8_d64_s2_q4,det,migration,subblock,CgVectorCore.PASS1,,280,311,4,0,0,,,
mig_det_k4_l2_r4_c16_m3_w14g8_d64_s2_q4,det,migration,subblock,CgVectorCore.PASS2,,1672,1327,12,0,0,,,
mig_det_k4_l2_r4_c16_m3_w14g8_d64_s2_q4,det,migration,subblock,CgVectorCore.PASS3,,824,737,4,0,0,,,
mig_det_k4_l2_r4_c16_m3_w14g8_d64_s2_q4,det,migration,subblock,CgVectorCore.OUT_P,,326,177,0,0,0,,,
mig_det_k4_l2_r4_c16_m3_w14g8_d64_s2_q4,det,migration,subblock,CgVectorCore.OUT_X,,326,177,0,0,0,,,
mig_det_k4_l2_r4_c16_m3_w14g8_d64_s2_q4,det,migration,module,SystolicCore,systolic_core_task_4_4_32_2_4_16_3_2_154367418_s,17743,14404,194,0,0,,,
mig_det_k4_l2_r4_c16_m3_w14g8_d64_s2_q4,det,migration,subblock,SystolicCore.LOAD_A,,767,184,0,0,0,,,
mig_det_k4_l2_r4_c16_m3_w14g8_d64_s2_q4,det,migration,subblock,SystolicCore.LOAD_B,,373,198,0,0,0,,,
mig_det_k4_l2_r4_c16_m3_w14g8_d64_s2_q4,det,migration,subblock,SystolicCore.SWEEP,,12563,12474,192,0,0,,,
mig_det_k4_l2_r4_c16_m3_w14g8_d64_s2_q4,det,migration,module,CgStore,cg_store_task_64_4_32_2_2_s,228,116,0,0,0,,,
mig_det_k4_l2_r4_c16_m3_w14g8_d64_s2_q4,det,migration,subblock,CgStore.WORDS,,75,11,0,0,0,,,
mig_det_k4_l2_r4_c16_m3_w14g8_d64_s2_q4,det,migration,module,MemWStream,mem_w_stream_framed_done_task_64_8_s,1613,2265,0,0,0,,,
mig_det_k4_l2_r4_c16_m3_w14g8_d64_s2_q4,det,migration,subblock,MemWStream.BUFF,,826,642,0,0,0,,,
mig_det_k4_l2_r4_c16_m3_w14g8_d64_s2_q4,det,migration,subblock,MemWStream.S2A,,137,100,0,0,0,,,
mig_det_k4_l2_r4_c16_m3_w14g8_d64_s2_q4,det,migration,subblock,MemWStream.ECHO,,171,98,0,0,0,,,
mig_det_k4_l2_r4_c16_m3_w14g8_d64_s2_q4,det,migration,memory,a_blk_U,,14,56,0,0,0,8,56,2
mig_det_k4_l2_r4_c16_m3_w14g8_d64_s2_q4,det,migration,memory,b_blk_U,,0,0,0,2,0,64,56,2
mig_det_k4_l2_r4_c16_m3_w14g8_d64_s2_q4,det,migration,memory,p_blk_U,,0,0,0,2,0,64,56,2
mig_det_k4_l2_r4_c16_m3_w14g8_d64_s2_q4,det,migration,memory,s_blk_U,,0,0,0,2,0,64,56,2
mig_det_k4_l2_r4_c16_m3_w14g8_d64_s2_q4,det,migration,memory,x_blk_U,,0,0,0,2,0,64,56,2
mig_det_k4_l2_r4_c16_m3_w14g8_d64_s2_q4,det,migration,fifo,cmd_rd_U,,0,99,0,0,0,2,65,1
mig_det_k4_l2_r4_c16_m3_w14g8_d64_s2_q4,det,migration,fifo,desc_cs_U,,0,99,0,0,0,2,65,1
mig_det_k4_l2_r4_c16_m3_w14g8_d64_s2_q4,det,migration,fifo,desc_lc_U,,0,99,0,0,0,2,65,1
mig_det_k4_l2_r4_c16_m3_w14g8_d64_s2_q4,det,migration,fifo,m_in_c_U,,0,99,0,0,0,3,64,1
mig_det_k4_l2_r4_c16_m3_w14g8_d64_s2_q4,det,migration,fifo,m_out_c_U,,0,99,0,0,0,8,64,1
mig_det_k4_l2_r4_c16_m3_w14g8_d64_s2_q4,det,migration,fifo,mm_q_U,,0,99,0,0,0,4,64,1
mig_det_k4_l2_r4_c16_m3_w14g8_d64_s2_q4,det,migration,fifo,rdata_U,,0,99,0,0,0,2,65,1
mig_det_k4_l2_r4_c16_m3_w14g8_d64_s2_q4,det,migration,fifo,vec_q_U,,0,99,0,0,0,4,64,1
mig_det_k4_l2_r4_c16_m3_w14g8_d64_s2_q4,det,migration,fifo,wdata_U,,0,99,0,0,0,2,65,1
mig_det_k4_l2_r4_c16_m3_w14g8_d64_s2_q4,det,migration,instance,control_s_axi_U,,296,170,0,0,0,0,0,0
mig_det_k4_l2_r4_c16_m3_w14g8_d64_s2_q4,det,migration,instance,entry_proc_U0,,29,2,0,0,0,0,0,0
mig_det_k4_l2_r4_c16_m3_w14g8_d64_s2_q4,det,migration,instance,gmem0_m_axi_U,,823,725,0,4,0,0,0,0
mig_det_k4_l2_r4_c16_m3_w14g8_d64_s2_q4,det,migration,instance,gmem1_m_axi_U,,811,719,0,4,0,0,0,0
mig_det_k4_l2_r4_c16_m3_w14g8_d64_s2_q4,det,migration,unitemized,unitemized,,602,0,0,0,0,0,0,0
mig_det_k4_l16_r2_c32_m3_w12g0_d64_s2_q8,det,migration,module,CgCmdRx,cg_cmd_rx_task_64_4_32_s,180,38,0,0,0,,,
mig_det_k4_l16_r2_c32_m3_w12g0_d64_s2_q8,det,migration,module,MemRStream,mem_r_stream_framed_task_64_s,817,502,0,0,0,,,
mig_det_k4_l16_r2_c32_m3_w12g0_d64_s2_q8,det,migration,subblock,MemRStream.RELAY,,157,34,0,0,0,,,
mig_det_k4_l16_r2_c32_m3_w12g0_d64_s2_q8,det,migration,subblock,MemRStream.A2S,,174,102,0,0,0,,,
mig_det_k4_l16_r2_c32_m3_w12g0_d64_s2_q8,det,migration,module,CgLoad,cg_load_task_64_4_32_16_2_s,8281,2712,0,0,0,,,
mig_det_k4_l16_r2_c32_m3_w12g0_d64_s2_q8,det,migration,subblock,CgLoad.WORDS,,413,549,0,0,0,,,
mig_det_k4_l16_r2_c32_m3_w12g0_d64_s2_q8,det,migration,subblock,CgLoad.WORDS1,,422,550,0,0,0,,,
mig_det_k4_l16_r2_c32_m3_w12g0_d64_s2_q8,det,migration,module,CgCtrl,cg_ctrl_task_64_4_32_s,47,2,0,0,0,,,
mig_det_k4_l16_r2_c32_m3_w12g0_d64_s2_q8,det,migration,module,CgVectorCore,cg_vector_task_4_32_4_16_2_575814812_s,43903,29150,193,0,0,,,
mig_det_k4_l16_r2_c32_m3_w12g0_d64_s2_q8,det,migration,subblock,CgVectorCore.INIT_K,,938,950,32,0,0,,,
mig_det_k4_l16_r2_c32_m3_w12g0_d64_s2_q8,det,migration,subblock,CgVectorCore.INIT_P,,317,165,0,0,0,,,
mig_det_k4_l16_r2_c32_m3_w12g0_d64_s2_q8,det,migration,subblock,CgVectorCore.PASS1,,938,1142,32,0,0,,,
mig_det_k4_l16_r2_c32_m3_w12g0_d64_s2_q8,det,migration,subblock,CgVectorCore.PASS2,,11946,9051,96,0,0,,,
mig_det_k4_l16_r2_c32_m3_w12g0_d64_s2_q8,det,migration,subblock,CgVectorCore.PASS3,,5620,4698,32,0,0,,,
mig_det_k4_l16_r2_c32_m3_w12g0_d64_s2_q8,det,migration,subblock,CgVectorCore.OUT_P,,317,165,0,0,0,,,
mig_det_k4_l16_r2_c32_m3_w12g0_d64_s2_q8,det,migration,subblock,CgVectorCore.OUT_X,,317,165,0,0,0,,,
mig_det_k4_l16_r2_c32_m3_w12g0_d64_s2_q8,det,migration,module,SystolicCore,systolic_core_task_4_4_32_16_2_32_3_2_1323255824_s,26323,14860,194,0,0,,,
mig_det_k4_l16_r2_c32_m3_w12g0_d64_s2_q8,det,migration,subblock,SystolicCore.LOAD_A,,2171,1652,0,0,0,,,
mig_det_k4_l16_r2_c32_m3_w12g0_d64_s2_q8,det,migration,subblock,SystolicCore.LOAD_B,,357,193,0,0,0,,,
mig_det_k4_l16_r2_c32_m3_w12g0_d64_s2_q8,det,migration,subblock,SystolicCore.SWEEP,,13140,10829,192,0,0,,,
mig_det_k4_l16_r2_c32_m3_w12g0_d64_s2_q8,det,migration,module,CgStore,cg_store_task_64_4_32_16_2_s,809,569,0,0,0,,,
mig_det_k4_l16_r2_c32_m3_w12g0_d64_s2_q8,det,migration,subblock,CgStore.WORDS,,656,464,0,0,0,,,
mig_det_k4_l16_r2_c32_m3_w12g0_d64_s2_q8,det,migration,module,MemWStream,mem_w_stream_framed_done_task_64_8_s,1613,2265,0,0,0,,,
mig_det_k4_l16_r2_c32_m3_w12g0_d64_s2_q8,det,migration,subblock,MemWStream.BUFF,,826,642,0,0,0,,,
mig_det_k4_l16_r2_c32_m3_w12g0_d64_s2_q8,det,migration,subblock,MemWStream.S2A,,137,100,0,0,0,,,
mig_det_k4_l16_r2_c32_m3_w12g0_d64_s2_q8,det,migration,subblock,MemWStream.ECHO,,171,98,0,0,0,,,
mig_det_k4_l16_r2_c32_m3_w12g0_d64_s2_q8,det,migration,memory,a_blk_U,,12,384,0,0,0,1,384,2
mig_det_k4_l16_r2_c32_m3_w12g0_d64_s2_q8,det,migration,memory,b_blk_U,,0,0,0,11,0,8,384,2
mig_det_k4_l16_r2_c32_m3_w12g0_d64_s2_q8,det,migration,memory,p_blk_U,,0,0,0,11,0,8,384,2
mig_det_k4_l16_r2_c32_m3_w12g0_d64_s2_q8,det,migration,memory,s_blk_U,,0,0,0,11,0,8,384,2
mig_det_k4_l16_r2_c32_m3_w12g0_d64_s2_q8,det,migration,memory,x_blk_U,,0,0,0,11,0,8,384,2
mig_det_k4_l16_r2_c32_m3_w12g0_d64_s2_q8,det,migration,fifo,cmd_rd_U,,0,99,0,0,0,2,65,1
mig_det_k4_l16_r2_c32_m3_w12g0_d64_s2_q8,det,migration,fifo,desc_cs_U,,0,99,0,0,0,2,65,1
mig_det_k4_l16_r2_c32_m3_w12g0_d64_s2_q8,det,migration,fifo,desc_lc_U,,0,99,0,0,0,2,65,1
mig_det_k4_l16_r2_c32_m3_w12g0_d64_s2_q8,det,migration,fifo,m_in_c_U,,0,99,0,0,0,3,64,1
mig_det_k4_l16_r2_c32_m3_w12g0_d64_s2_q8,det,migration,fifo,m_out_c_U,,0,99,0,0,0,8,64,1
mig_det_k4_l16_r2_c32_m3_w12g0_d64_s2_q8,det,migration,fifo,mm_q_U,,0,99,0,0,0,8,64,1
mig_det_k4_l16_r2_c32_m3_w12g0_d64_s2_q8,det,migration,fifo,rdata_U,,0,99,0,0,0,2,65,1
mig_det_k4_l16_r2_c32_m3_w12g0_d64_s2_q8,det,migration,fifo,vec_q_U,,0,99,0,0,0,8,64,1
mig_det_k4_l16_r2_c32_m3_w12g0_d64_s2_q8,det,migration,fifo,wdata_U,,0,99,0,0,0,2,65,1
mig_det_k4_l16_r2_c32_m3_w12g0_d64_s2_q8,det,migration,instance,control_s_axi_U,,296,170,0,0,0,0,0,0
mig_det_k4_l16_r2_c32_m3_w12g0_d64_s2_q8,det,migration,instance,entry_proc_U0,,29,2,0,0,0,0,0,0
mig_det_k4_l16_r2_c32_m3_w12g0_d64_s2_q8,det,migration,instance,gmem0_m_axi_U,,823,725,0,4,0,0,0,0
mig_det_k4_l16_r2_c32_m3_w12g0_d64_s2_q8,det,migration,instance,gmem1_m_axi_U,,811,719,0,4,0,0,0,0
mig_det_k4_l16_r2_c32_m3_w12g0_d64_s2_q8,det,migration,unitemized,unitemized,,600,0,0,0,0,0,0,0
mig_det_k8_l1_r1_c16_m3_w16g4_d32_s2_q2,det,migration,module,CgCmdRx,cg_cmd_rx_task_32_8_32_s,223,78,0,0,0,,,
mig_det_k8_l1_r1_c16_m3_w16g4_d32_s2_q2,det,migration,module,MemRStream,mem_r_stream_framed_task_32_s,842,472,0,0,0,,,
mig_det_k8_l1_r1_c16_m3_w16g4_d32_s2_q2,det,migration,subblock,MemRStream.RELAY,,157,34,0,0,0,,,
mig_det_k8_l1_r1_c16_m3_w16g4_d32_s2_q2,det,migration,subblock,MemRStream.A2S,,174,70,0,0,0,,,
mig_det_k8_l1_r1_c16_m3_w16g4_d32_s2_q2,det,migration,module,CgLoad,cg_load_task_32_8_32_1_2_s,355,115,0,0,0,,,
mig_det_k8_l1_r1_c16_m3_w16g4_d32_s2_q2,det,migration,subblock,CgLoad.WORDS,,78,17,0,0,0,,,
mig_det_k8_l1_r1_c16_m3_w16g4_d32_s2_q2,det,migration,subblock,CgLoad.WORDS1,,82,21,0,0,0,,,
mig_det_k8_l1_r1_c16_m3_w16g4_d32_s2_q2,det,migration,module,CgCtrl,cg_ctrl_task_32_8_32_s,83,102,0,0,0,,,
mig_det_k8_l1_r1_c16_m3_w16g4_d32_s2_q2,det,migration,module,CgVectorCore,cg_vector_task_8_32_8_1_2_1630208413_s,6090,3539,13,6,0,,,
mig_det_k8_l1_r1_c16_m3_w16g4_d32_s2_q2,det,migration,subblock,CgVectorCore.INIT_K,,249,214,2,0,0,,,
mig_det_k8_l1_r1_c16_m3_w16g4_d32_s2_q2,det,migration,subblock,CgVectorCore.INIT_P,,329,178,0,0,0,,,
mig_det_k8_l1_r1_c16_m3_w16g4_d32_s2_q2,det,migration,subblock,CgVectorCore.PASS1,,236,239,2,0,0,,,
mig_det_k8_l1_r1_c16_m3_w16g4_d32_s2_q2,det,migration,subblock,CgVectorCore.PASS2,,1005,761,6,0,0,,,
mig_det_k8_l1_r1_c16_m3_w16g4_d32_s2_q2,det,migration,subblock,CgVectorCore.PASS3,,472,375,2,0,0,,,
mig_det_k8_l1_r1_c16_m3_w16g4_d32_s2_q2,det,migration,subblock,CgVectorCore.OUT_P,,329,178,0,0,0,,,
mig_det_k8_l1_r1_c16_m3_w16g4_d32_s2_q2,det,migration,subblock,CgVectorCore.OUT_X,,329,178,0,0,0,,,
mig_det_k8_l1_r1_c16_m3_w16g4_d32_s2_q2,det,migration,module,SystolicCore,systolic_core_task_8_8_32_1_1_16_3_2_1589220687_s,9084,5317,50,0,0,,,
mig_det_k8_l1_r1_c16_m3_w16g4_d32_s2_q2,det,migration,subblock,SystolicCore.LOAD_A,,1007,188,0,0,0,,,
mig_det_k8_l1_r1_c16_m3_w16g4_d32_s2_q2,det,migration,subblock,SystolicCore.LOAD_B,,376,199,0,0,0,,,
mig_det_k8_l1_r1_c16_m3_w16g4_d32_s2_q2,det,migration,subblock,SystolicCore.SWEEP,,4666,3648,48,0,0,,,
mig_det_k8_l1_r1_c16_m3_w16g4_d32_s2_q2,det,migration,module,CgStore,cg_store_task_32_8_32_1_2_s,302,123,0,0,0,,,
mig_det_k8_l1_r1_c16_m3_w16g4_d32_s2_q2,det,migration,subblock,CgStore.WORDS,,98,13,0,0,0,,,
mig_det_k8_l1_r1_c16_m3_w16g4_d32_s2_q2,det,migration,module,MemWStream,mem_w_stream_framed_done_task_32_8_s,1374,1435,0,0,0,,,
mig_det_k8_l1_r1_c16_m3_w16g4_d32_s2_q2,det,migration,subblock,MemWStream.BUFF,,570,386,0,0,0,,,
mig_det_k8_l1_r1_c16_m3_w16g4_d32_s2_q2,det,migration,subblock,MemWStream.S2A,,137,68,0,0,0,,,
mig_det_k8_l1_r1_c16_m3_w16g4_d32_s2_q2,det,migration,subblock,MemWStream.ECHO,,171,66,0,0,0,,,
mig_det_k8_l1_r1_c16_m3_w16g4_d32_s2_q2,det,migration,memory,a_blk_U,,0,0,0,1,0,64,32,2
mig_det_k8_l1_r1_c16_m3_w16g4_d32_s2_q2,det,migration,memory,b_blk_U,,0,0,0,1,0,256,32,2
mig_det_k8_l1_r1_c16_m3_w16g4_d32_s2_q2,det,migration,memory,p_blk_U,,0,0,0,1,0,256,32,2
mig_det_k8_l1_r1_c16_m3_w16g4_d32_s2_q2,det,migration,memory,s_blk_U,,0,0,0,1,0,256,32,2
mig_det_k8_l1_r1_c16_m3_w16g4_d32_s2_q2,det,migration,memory,x_blk_U,,0,0,0,1,0,256,32,2
mig_det_k8_l1_r1_c16_m3_w16g4_d32_s2_q2,det,migration,fifo,cmd_rd_U,,0,99,0,0,0,2,33,1
mig_det_k8_l1_r1_c16_m3_w16g4_d32_s2_q2,det,migration,fifo,desc_cs_U,,0,99,0,0,0,2,33,1
mig_det_k8_l1_r1_c16_m3_w16g4_d32_s2_q2,det,migration,fifo,desc_lc_U,,0,99,0,0,0,2,33,1
mig_det_k8_l1_r1_c16_m3_w16g4_d32_s2_q2,det,migration,fifo,m_in_c_U,,0,99,0,0,0,3,64,1
mig_det_k8_l1_r1_c16_m3_w16g4_d32_s2_q2,det,migration,fifo,m_out_c_U,,0,99,0,0,0,8,64,1
mig_det_k8_l1_r1_c16_m3_w16g4_d32_s2_q2,det,migration,fifo,mm_q_U,,0,99,0,0,0,2,64,1
mig_det_k8_l1_r1_c16_m3_w16g4_d32_s2_q2,det,migration,fifo,rdata_U,,0,99,0,0,0,2,33,1
mig_det_k8_l1_r1_c16_m3_w16g4_d32_s2_q2,det,migration,fifo,vec_q_U,,0,99,0,0,0,2,64,1
mig_det_k8_l1_r1_c16_m3_w16g4_d32_s2_q2,det,migration,fifo,wdata_U,,0,99,0,0,0,2,33,1
mig_det_k8_l1_r1_c16_m3_w16g4_d32_s2_q2,det,migration,instance,control_s_axi_U,,296,170,0,0,0,0,0,0
mig_det_k8_l1_r1_c16_m3_w16g4_d32_s2_q2,det,migration,instance,entry_proc_U0,,29,2,0,0,0,0,0,0
mig_det_k8_l1_r1_c16_m3_w16g4_d32_s2_q2,det,migration,instance,gmem0_m_axi_U,,637,671,0,2,0,0,0,0
mig_det_k8_l1_r1_c16_m3_w16g4_d32_s2_q2,det,migration,instance,gmem1_m_axi_U,,625,665,0,2,0,0,0,0
mig_det_k8_l1_r1_c16_m3_w16g4_d32_s2_q2,det,migration,unitemized,unitemized,,602,0,0,0,0,0,0,0
mig_det_k8_l4_r1_c4_m4_w12g4_d64_s2_q4,det,migration,module,CgCmdRx,cg_cmd_rx_task_64_8_32_s,182,74,0,0,0,,,
mig_det_k8_l4_r1_c4_m4_w12g4_d64_s2_q4,det,migration,module,MemRStream,mem_r_stream_framed_task_64_s,817,502,0,0,0,,,
mig_det_k8_l4_r1_c4_m4_w12g4_d64_s2_q4,det,migration,subblock,MemRStream.RELAY,,157,34,0,0,0,,,
mig_det_k8_l4_r1_c4_m4_w12g4_d64_s2_q4,det,migration,subblock,MemRStream.A2S,,174,102,0,0,0,,,
mig_det_k8_l4_r1_c4_m4_w12g4_d64_s2_q4,det,migration,module,CgLoad,cg_load_task_64_8_32_4_2_s,2808,800,0,0,0,,,
mig_det_k8_l4_r1_c4_m4_w12g4_d64_s2_q4,det,migration,subblock,CgLoad.WORDS,,420,261,0,0,0,,,
mig_det_k8_l4_r1_c4_m4_w12g4_d64_s2_q4,det,migration,subblock,CgLoad.WORDS1,,424,263,0,0,0,,,
mig_det_k8_l4_r1_c4_m4_w12g4_d64_s2_q4,det,migration,module,CgCtrl,cg_ctrl_task_64_8_32_s,47,2,0,0,0,,,
mig_det_k8_l4_r1_c4_m4_w12g4_d64_s2_q4,det,migration,module,CgVectorCore,cg_vector_task_8_32_8_4_2_277106405_s,14281,8701,49,0,0,,,
mig_det_k8_l4_r1_c4_m4_w12g4_d64_s2_q4,det,migration,subblock,CgVectorCore.INIT_K,,371,349,8,0,0,,,
mig_det_k8_l4_r1_c4_m4_w12g4_d64_s2_q4,det,migration,subblock,CgVectorCore.INIT_P,,324,173,0,0,0,,,
mig_det_k8_l4_r1_c4_m4_w12g4_d64_s2_q4,det,migration,subblock,CgVectorCore.PASS1,,371,397,8,0,0,,,
mig_det_k8_l4_r1_c4_m4_w12g4_d64_s2_q4,det,migration,subblock,CgVectorCore.PASS2,,2867,1901,24,0,0,,,
mig_det_k8_l4_r1_c4_m4_w12g4_d64_s2_q4,det,migration,subblock,CgVectorCore.PASS3,,1468,1221,8,0,0,,,
mig_det_k8_l4_r1_c4_m4_w12g4_d64_s2_q4,det,migration,subblock,CgVectorCore.OUT_P,,324,173,0,0,0,,,
mig_det_k8_l4_r1_c4_m4_w12g4_d64_s2_q4,det,migration,subblock,CgVectorCore.OUT_X,,324,173,0,0,0,,,
mig_det_k8_l4_r1_c4_m4_w12g4_d64_s2_q4,det,migration,module,SystolicCore,systolic_core_task_8_8_32_4_1_4_4_2_998446828_s,8442,3767,21,0,0,,,
mig_det_k8_l4_r1_c4_m4_w12g4_d64_s2_q4,det,migration,subblock,SystolicCore.LOAD_A,,1081,189,0,0,0,,,
mig_det_k8_l4_r1_c4_m4_w12g4_d64_s2_q4,det,migration,subblock,SystolicCore.LOAD_B,,324,136,0,0,0,,,
mig_det_k8_l4_r1_c4_m4_w12g4_d64_s2_q4,det,migration,module,CgStore,cg_store_task_64_8_32_4_2_s,568,282,0,0,0,,,
mig_det_k8_l4_r1_c4_m4_w12g4_d64_s2_q4,det,migration,subblock,CgStore.WORDS,,415,177,0,0,0,,,
mig_det_k8_l4_r1_c4_m4_w12g4_d64_s2_q4,det,migration,module,MemWStream,mem_w_stream_framed_done_task_64_8_s,1613,2265,0,0,0,,,
mig_det_k8_l4_r1_c4_m4_w12g4_d64_s2_q4,det,migration,subblock,MemWStream.BUFF,,826,642,0,0,0,,,
mig_det_k8_l4_r1_c4_m4_w12g4_d64_s2_q4,det,migration,subblock,MemWStream.S2A,,137,100,0,0,0,,,
mig_det_k8_l4_r1_c4_m4_w12g4_d64_s2_q4,det,migration,subblock,MemWStream.ECHO,,171,98,0,0,0,,,
mig_det_k8_l4_r1_c4_m4_w12g4_d64_s2_q4,det,migration,memory,a_blk_U,,0,0,0,3,0,16,96,2
mig_det_k8_l4_r1_c4_m4_w12g4_d64_s2_q4,det,migration,memory,b_blk_U,,0,0,0,3,0,64,96,2
mig_det_k8_l4_r1_c4_m4_w12g4_d64_s2_q4,det,migration,memory,p_blk_U,,0,0,0,3,0,64,96,2
mig_det_k8_l4_r1_c4_m4_w12g4_d64_s2_q4,det,migration,memory,s_blk_U,,0,0,0,3,0,64,96,2
mig_det_k8_l4_r1_c4_m4_w12g4_d64_s2_q4,det,migration,memory,x_blk_U,,0,0,0,3,0,64,96,2
mig_det_k8_l4_r1_c4_m4_w12g4_d64_s2_q4,det,migration,fifo,cmd_rd_U,,0,99,0,0,0,2,65,1
mig_det_k8_l4_r1_c4_m4_w12g4_d64_s2_q4,det,migration,fifo,desc_cs_U,,0,99,0,0,0,2,65,1
mig_det_k8_l4_r1_c4_m4_w12g4_d64_s2_q4,det,migration,fifo,desc_lc_U,,0,99,0,0,0,2,65,1
mig_det_k8_l4_r1_c4_m4_w12g4_d64_s2_q4,det,migration,fifo,m_in_c_U,,0,99,0,0,0,3,64,1
mig_det_k8_l4_r1_c4_m4_w12g4_d64_s2_q4,det,migration,fifo,m_out_c_U,,0,99,0,0,0,8,64,1
mig_det_k8_l4_r1_c4_m4_w12g4_d64_s2_q4,det,migration,fifo,mm_q_U,,0,99,0,0,0,4,64,1
mig_det_k8_l4_r1_c4_m4_w12g4_d64_s2_q4,det,migration,fifo,rdata_U,,0,99,0,0,0,2,65,1
mig_det_k8_l4_r1_c4_m4_w12g4_d64_s2_q4,det,migration,fifo,vec_q_U,,0,99,0,0,0,4,64,1
mig_det_k8_l4_r1_c4_m4_w12g4_d64_s2_q4,det,migration,fifo,wdata_U,,0,99,0,0,0,2,65,1
mig_det_k8_l4_r1_c4_m4_w12g4_d64_s2_q4,det,migration,instance,control_s_axi_U,,296,170,0,0,0,0,0,0
mig_det_k8_l4_r1_c4_m4_w12g4_d64_s2_q4,det,migration,instance,entry_proc_U0,,29,2,0,0,0,0,0,0
mig_det_k8_l4_r1_c4_m4_w12g4_d64_s2_q4,det,migration,instance,gmem0_m_axi_U,,823,725,0,4,0,0,0,0
mig_det_k8_l4_r1_c4_m4_w12g4_d64_s2_q4,det,migration,instance,gmem1_m_axi_U,,811,719,0,4,0,0,0,0
mig_det_k8_l4_r1_c4_m4_w12g4_d64_s2_q4,det,migration,unitemized,unitemized,,602,0,0,0,0,0,0,0
mig_det_k8_l4_r8_c32_m4_w12g4_d32_s4_q2,det,migration,module,CgCmdRx,cg_cmd_rx_task_32_8_32_s,223,78,0,0,0,,,
mig_det_k8_l4_r8_c32_m4_w12g4_d32_s4_q2,det,migration,module,MemRStream,mem_r_stream_framed_task_32_s,842,472,0,0,0,,,
mig_det_k8_l4_r8_c32_m4_w12g4_d32_s4_q2,det,migration,subblock,MemRStream.RELAY,,157,34,0,0,0,,,
mig_det_k8_l4_r8_c32_m4_w12g4_d32_s4_q2,det,migration,subblock,MemRStream.A2S,,174,70,0,0,0,,,
mig_det_k8_l4_r8_c32_m4_w12g4_d32_s4_q2,det,migration,module,CgLoad,cg_load_task_32_8_32_4_4_s,2632,815,0,0,0,,,
mig_det_k8_l4_r8_c32_m4_w12g4_d32_s4_q2,det,migration,subblock,CgLoad.WORDS,,324,234,0,0,0,,,
mig_det_k8_l4_r8_c32_m4_w12g4_d32_s4_q2,det,migration,subblock,CgLoad.WORDS1,,328,236,0,0,0,,,
mig_det_k8_l4_r8_c32_m4_w12g4_d32_s4_q2,det,migration,module,CgCtrl,cg_ctrl_task_32_8_32_s,83,102,0,0,0,,,
mig_det_k8_l4_r8_c32_m4_w12g4_d32_s4_q2,det,migration,module,CgVectorCore,cg_vector_task_8_32_8_4_4_277106405_s,14281,8701,49,0,0,,,
mig_det_k8_l4_r8_c32_m4_w12g4_d32_s4_q2,det,migration,subblock,CgVectorCore.INIT_K,,371,349,8,0,0,,,
mig_det_k8_l4_r8_c32_m4_w12g4_d32_s4_q2,det,migration,subblock,CgVectorCore.INIT_P,,324,173,0,0,0,,,
mig_det_k8_l4_r8_c32_m4_w12g4_d32_s4_q2,det,migration,subblock,CgVectorCore.PASS1,,371,397,8,0,0,,,
mig_det_k8_l4_r8_c32_m4_w12g4_d32_s4_q2,det,migration,subblock,CgVectorCore.PASS2,,2867,1901,24,0,0,,,
mig_det_k8_l4_r8_c32_m4_w12g4_d32_s4_q2,det,migration,subblock,CgVectorCore.PASS3,,1468,1221,8,0,0,,,
mig_det_k8_l4_r8_c32_m4_w12g4_d32_s4_q2,det,migration,subblock,CgVectorCore.OUT_P,,324,173,0,0,0,,,
mig_det_k8_l4_r8_c32_m4_w12g4_d32_s4_q2,det,migration,subblock,CgVectorCore.OUT_X,,324,173,0,0,0,,,
mig_det_k8_l4_r8_c32_m4_w12g4_d32_s4_q2,det,migration,module,SystolicCore,systolic_core_task_8_8_32_4_8_32_4_4_998446828_s,49403,57040,1026,0,0,,,
mig_det_k8_l4_r8_c32_m4_w12g4_d32_s4_q2,det,migration,subblock,SystolicCore.LOAD_A,,1081,189,0,0,0,,,
mig_det_k8_l4_r8_c32_m4_w12g4_d32_s4_q2,det,migration,subblock,SystolicCore.LOAD_B,,361,195,0,0,0,,,
mig_det_k8_l4_r8_c32_m4_w12g4_d32_s4_q2,det,migration,subblock,SystolicCore.SWEEP,,37922,52568,1024,0,0,,,
mig_det_k8_l4_r8_c32_m4_w12g4_d32_s4_q2,det,migration,module,CgStore,cg_store_task_32_8_32_4_4_s,640,288,0,0,0,,,
mig_det_k8_l4_r8_c32_m4_w12g4_d32_s4_q2,det,migration,subblock,CgStore.WORDS,,436,178,0,0,0,,,
mig_det_k8_l4_r8_c32_m4_w12g4_d32_s4_q2,det,migration,module,MemWStream,mem_w_stream_framed_done_task_32_8_s,1374,1435,0,0,0,,,
mig_det_k8_l4_r8_c32_m4_w12g4_d32_s4_q2,det,migration,subblock,MemWStream.BUFF,,570,386,0,0,0,,,
mig_det_k8_l4_r8_c32_m4_w12g4_d32_s4_q2,det,migration,subblock,MemWStream.S2A,,137,68,0,0,0,,,
mig_det_k8_l4_r8_c32_m4_w12g4_d32_s4_q2,det,migration,subblock,MemWStream.ECHO,,171,66,0,0,0,,,
mig_det_k8_l4_r8_c32_m4_w12g4_d32_s4_q2,det,migration,memory,a_blk_U,,0,0,0,3,0,16,96,4
mig_det_k8_l4_r8_c32_m4_w12g4_d32_s4_q2,det,migration,memory,b_blk_U,,0,0,0,3,0,64,96,4
mig_det_k8_l4_r8_c32_m4_w12g4_d32_s4_q2,det,migration,memory,p_blk_U,,0,0,0,3,0,64,96,4
mig_det_k8_l4_r8_c32_m4_w12g4_d32_s4_q2,det,migration,memory,s_blk_U,,0,0,0,3,0,64,96,4
mig_det_k8_l4_r8_c32_m4_w12g4_d32_s4_q2,det,migration,memory,x_blk_U,,0,0,0,3,0,64,96,4
mig_det_k8_l4_r8_c32_m4_w12g4_d32_s4_q2,det,migration,fifo,cmd_rd_U,,0,99,0,0,0,2,33,1
mig_det_k8_l4_r8_c32_m4_w12g4_d32_s4_q2,det,migration,fifo,desc_cs_U,,0,99,0,0,0,2,33,1
mig_det_k8_l4_r8_c32_m4_w12g4_d32_s4_q2,det,migration,fifo,desc_lc_U,,0,99,0,0,0,2,33,1
mig_det_k8_l4_r8_c32_m4_w12g4_d32_s4_q2,det,migration,fifo,m_in_c_U,,0,99,0,0,0,3,64,1
mig_det_k8_l4_r8_c32_m4_w12g4_d32_s4_q2,det,migration,fifo,m_out_c_U,,0,99,0,0,0,8,64,1
mig_det_k8_l4_r8_c32_m4_w12g4_d32_s4_q2,det,migration,fifo,mm_q_U,,0,99,0,0,0,2,64,1
mig_det_k8_l4_r8_c32_m4_w12g4_d32_s4_q2,det,migration,fifo,rdata_U,,0,99,0,0,0,2,33,1
mig_det_k8_l4_r8_c32_m4_w12g4_d32_s4_q2,det,migration,fifo,vec_q_U,,0,99,0,0,0,2,64,1
mig_det_k8_l4_r8_c32_m4_w12g4_d32_s4_q2,det,migration,fifo,wdata_U,,0,99,0,0,0,2,33,1
mig_det_k8_l4_r8_c32_m4_w12g4_d32_s4_q2,det,migration,instance,control_s_axi_U,,296,170,0,0,0,0,0,0
mig_det_k8_l4_r8_c32_m4_w12g4_d32_s4_q2,det,migration,instance,entry_proc_U0,,29,2,0,0,0,0,0,0
mig_det_k8_l4_r8_c32_m4_w12g4_d32_s4_q2,det,migration,instance,gmem0_m_axi_U,,637,671,0,2,0,0,0,0
mig_det_k8_l4_r8_c32_m4_w12g4_d32_s4_q2,det,migration,instance,gmem1_m_axi_U,,625,665,0,2,0,0,0,0
mig_det_k8_l4_r8_c32_m4_w12g4_d32_s4_q2,det,migration,unitemized,unitemized,,602,0,0,0,0,0,0,0
mig_det_k16_l2_r2_c4_m4_w8g0_d32_s2_q8,det,migration,module,CgCmdRx,cg_cmd_rx_task_32_16_32_s,225,79,0,0,0,,,
mig_det_k16_l2_r2_c4_m4_w8g0_d32_s2_q8,det,migration,module,MemRStream,mem_r_stream_framed_task_32_s,842,472,0,0,0,,,
mig_det_k16_l2_r2_c4_m4_w8g0_d32_s2_q8,det,migration,subblock,MemRStream.RELAY,,157,34,0,0,0,,,
mig_det_k16_l2_r2_c4_m4_w8g0_d32_s2_q8,det,migration,subblock,MemRStream.A2S,,174,70,0,0,0,,,
mig_det_k16_l2_r2_c4_m4_w8g0_d32_s2_q8,det,migration,module,CgLoad,cg_load_task_32_16_32_2_2_s,1534,549,0,0,0,,,
mig_det_k16_l2_r2_c4_m4_w8g0_d32_s2_q8,det,migration,subblock,CgLoad.WORDS,,308,164,0,0,0,,,
mig_det_k16_l2_r2_c4_m4_w8g0_d32_s2_q8,det,migration,subblock,CgLoad.WORDS1,,310,165,0,0,0,,,
mig_det_k16_l2_r2_c4_m4_w8g0_d32_s2_q8,det,migration,module,CgCtrl,cg_ctrl_task_32_16_32_s,83,102,0,0,0,,,
mig_det_k16_l2_r2_c4_m4_w8g0_d32_s2_q8,det,migration,module,CgVectorCore,cg_vector_task_16_32_16_2_2_1862630569_s,7705,3518,7,12,0,,,
mig_det_k16_l2_r2_c4_m4_w8g0_d32_s2_q8,det,migration,subblock,CgVectorCore.INIT_K,,428,183,0,0,0,,,
mig_det_k16_l2_r2_c4_m4_w8g0_d32_s2_q8,det,migration,subblock,CgVectorCore.INIT_P,,328,177,0,0,0,,,
mig_det_k16_l2_r2_c4_m4_w8g0_d32_s2_q8,det,migration,subblock,CgVectorCore.PASS1,,332,235,2,0,0,,,
mig_det_k16_l2_r2_c4_m4_w8g0_d32_s2_q8,det,migration,subblock,CgVectorCore.PASS2,,1672,825,4,0,0,,,
mig_det_k16_l2_r2_c4_m4_w8g0_d32_s2_q8,det,migration,subblock,CgVectorCore.PASS3,,844,535,0,0,0,,,
mig_det_k16_l2_r2_c4_m4_w8g0_d32_s2_q8,det,migration,subblock,CgVectorCore.OUT_P,,328,177,0,0,0,,,
mig_det_k16_l2_r2_c4_m4_w8g0_d32_s2_q8,det,migration,subblock,CgVectorCore.OUT_X,,328,177,0,0,0,,,
mig_det_k16_l2_r2_c4_m4_w8g0_d32_s2_q8,det,migration,module,SystolicCore,systolic_core_task_16_16_32_2_2_4_4_2_340132779_s,9062,3087,18,8,0,,,
mig_det_k16_l2_r2_c4_m4_w8g0_d32_s2_q8,det,migration,subblock,SystolicCore.LOAD_A,,1713,196,0,0,0,,,
mig_det_k16_l2_r2_c4_m4_w8g0_d32_s2_q8,det,migration,subblock,SystolicCore.LOAD_B,,377,202,0,0,0,,,
mig_det_k16_l2_r2_c4_m4_w8g0_d32_s2_q8,det,migration,subblock,SystolicCore.SWEEP,,2652,1591,16,0,0,,,
mig_det_k16_l2_r2_c4_m4_w8g0_d32_s2_q8,det,migration,module,CgStore,cg_store_task_32_16_32_2_2_s,584,225,0,0,0,,,
mig_det_k16_l2_r2_c4_m4_w8g0_d32_s2_q8,det,migration,subblock,CgStore.WORDS,,380,115,0,0,0,,,
mig_det_k16_l2_r2_c4_m4_w8g0_d32_s2_q8,det,migration,module,MemWStream,mem_w_stream_framed_done_task_32_8_s,1374,1435,0,0,0,,,
mig_det_k16_l2_r2_c4_m4_w8g0_d32_s2_q8,det,migration,subblock,MemWStream.BUFF,,570,386,0,0,0,,,
mig_det_k16_l2_r2_c4_m4_w8g0_d32_s2_q8,det,migration,subblock,MemWStream.S2A,,137,68,0,0,0,,,
mig_det_k16_l2_r2_c4_m4_w8g0_d32_s2_q8,det,migration,subblock,MemWStream.ECHO,,171,66,0,0,0,,,
mig_det_k16_l2_r2_c4_m4_w8g0_d32_s2_q8,det,migration,memory,a_blk_U,,0,0,0,1,0,128,32,2
mig_det_k16_l2_r2_c4_m4_w8g0_d32_s2_q8,det,migration,memory,b_blk_U,,0,0,0,1,0,256,32,2
mig_det_k16_l2_r2_c4_m4_w8g0_d32_s2_q8,det,migration,memory,p_blk_U,,0,0,0,1,0,256,32,2
mig_det_k16_l2_r2_c4_m4_w8g0_d32_s2_q8,det,migration,memory,s_blk_U,,0,0,0,1,0,256,32,2
mig_det_k16_l2_r2_c4_m4_w8g0_d32_s2_q8,det,migration,memory,x_blk_U,,0,0,0,1,0,256,32,2
mig_det_k16_l2_r2_c4_m4_w8g0_d32_s2_q8,det,migration,fifo,cmd_rd_U,,0,99,0,0,0,2,33,1
mig_det_k16_l2_r2_c4_m4_w8g0_d32_s2_q8,det,migration,fifo,desc_cs_U,,0,99,0,0,0,2,33,1
mig_det_k16_l2_r2_c4_m4_w8g0_d32_s2_q8,det,migration,fifo,desc_lc_U,,0,99,0,0,0,2,33,1
mig_det_k16_l2_r2_c4_m4_w8g0_d32_s2_q8,det,migration,fifo,m_in_c_U,,0,99,0,0,0,3,64,1
mig_det_k16_l2_r2_c4_m4_w8g0_d32_s2_q8,det,migration,fifo,m_out_c_U,,0,99,0,0,0,8,64,1
mig_det_k16_l2_r2_c4_m4_w8g0_d32_s2_q8,det,migration,fifo,mm_q_U,,0,99,0,0,0,8,64,1
mig_det_k16_l2_r2_c4_m4_w8g0_d32_s2_q8,det,migration,fifo,rdata_U,,0,99,0,0,0,2,33,1
mig_det_k16_l2_r2_c4_m4_w8g0_d32_s2_q8,det,migration,fifo,vec_q_U,,0,99,0,0,0,8,64,1
mig_det_k16_l2_r2_c4_m4_w8g0_d32_s2_q8,det,migration,fifo,wdata_U,,0,99,0,0,0,2,33,1
mig_det_k16_l2_r2_c4_m4_w8g0_d32_s2_q8,det,migration,instance,control_s_axi_U,,296,170,0,0,0,0,0,0
mig_det_k16_l2_r2_c4_m4_w8g0_d32_s2_q8,det,migration,instance,entry_proc_U0,,29,2,0,0,0,0,0,0
mig_det_k16_l2_r2_c4_m4_w8g0_d32_s2_q8,det,migration,instance,gmem0_m_axi_U,,637,671,0,2,0,0,0,0
mig_det_k16_l2_r2_c4_m4_w8g0_d32_s2_q8,det,migration,instance,gmem1_m_axi_U,,625,665,0,2,0,0,0,0
mig_det_k16_l2_r2_c4_m4_w8g0_d32_s2_q8,det,migration,unitemized,unitemized,,600,0,0,0,0,0,0,0
mig_vec_k16_l1_w14g8,vec,migration,module,CgReqFramer,cg_req_task_64_s,93,6,0,0,0,,,
mig_vec_k16_l1_w14g8,vec,migration,module,MemRStream,mem_r_stream_framed_task_64_s,817,502,0,0,0,,,
mig_vec_k16_l1_w14g8,vec,migration,subblock,MemRStream.RELAY,,157,34,0,0,0,,,
mig_vec_k16_l1_w14g8,vec,migration,subblock,MemRStream.A2S,,174,102,0,0,0,,,
mig_vec_k16_l1_w14g8,vec,migration,module,CgVectorRx,cg_vector_rx_task_64_16_32_16_1_596050800_s,1084,462,1,0,0,,,
mig_vec_k16_l1_w14g8,vec,migration,subblock,CgVectorRx.FWD,,138,35,0,0,0,,,
mig_vec_k16_l1_w14g8,vec,migration,module,CgVectorLoad,cg_vector_load_task_64_16_32_16_1_2_837234171_596050800_s,1367,430,1,0,0,,,
mig_vec_k16_l1_w14g8,vec,migration,subblock,CgVectorLoad.WORDS_G,,480,145,0,0,0,,,
mig_vec_k16_l1_w14g8,vec,migration,module,CgVectorCore,cg_vector_task_16_32_16_1_2_837234171_s,6146,3575,13,6,0,,,
mig_vec_k16_l1_w14g8,vec,migration,subblock,CgVectorCore.INIT_K,,234,223,2,0,0,,,
mig_vec_k16_l1_w14g8,vec,migration,subblock,CgVectorCore.INIT_P,,330,178,0,0,0,,,
mig_vec_k16_l1_w14g8,vec,migration,subblock,CgVectorCore.PASS1,,234,228,2,0,0,,,
mig_vec_k16_l1_w14g8,vec,migration,subblock,CgVectorCore.PASS2,,930,712,6,0,0,,,
mig_vec_k16_l1_w14g8,vec,migration,subblock,CgVectorCore.PASS3,,454,350,2,0,0,,,
mig_vec_k16_l1_w14g8,vec,migration,subblock,CgVectorCore.OUT_P,,330,178,0,0,0,,,
mig_vec_k16_l1_w14g8,vec,migration,subblock,CgVectorCore.OUT_X,,330,178,0,0,0,,,
mig_vec_k16_l1_w14g8,vec,migration,module,CgVectorStore,cg_vector_store_task_64_16_32_1_2_837234171_596050800_s,1624,647,1,0,0,,,
mig_vec_k16_l1_w14g8,vec,migration,subblock,CgVectorStore.WORDS_G1,,485,131,0,0,0,,,
mig_vec_k16_l1_w14g8,vec,migration,subblock,CgVectorStore.WORDS_G,,485,131,0,0,0,,,
mig_vec_k16_l1_w14g8,vec,migration,module,CgReplyFramer,cg_reply_task_64_s,328,352,0,0,0,,,
mig_vec_k16_l1_w14g8,vec,migration,subblock,CgReplyFramer.PAYLOAD,,138,35,0,0,0,,,
mig_vec_k16_l1_w14g8,vec,migration,module,MemWStream,mem_w_stream_framed_done_task_64_8_s,1613,2265,0,0,0,,,
mig_vec_k16_l1_w14g8,vec,migration,subblock,MemWStream.BUFF,,826,642,0,0,0,,,
mig_vec_k16_l1_w14g8,vec,migration,subblock,MemWStream.S2A,,137,100,0,0,0,,,
mig_vec_k16_l1_w14g8,vec,migration,subblock,MemWStream.ECHO,,171,98,0,0,0,,,
mig_vec_k16_l1_w14g8,vec,migration,memory,unit_b_U,,0,0,0,4,0,512,28,2
mig_vec_k16_l1_w14g8,vec,migration,memory,unit_s_U,,0,0,0,4,0,512,28,2
mig_vec_k16_l1_w14g8,vec,migration,memory,unit_p_U,,0,0,0,4,0,512,28,2
mig_vec_k16_l1_w14g8,vec,migration,memory,unit_x_U,,0,0,0,4,0,512,28,2
mig_vec_k16_l1_w14g8,vec,migration,fifo,m_in_c_U,,0,99,0,0,0,3,64,1
mig_vec_k16_l1_w14g8,vec,migration,fifo,m_out_c_U,,0,99,0,0,0,9,64,1
mig_vec_k16_l1_w14g8,vec,migration,fifo,rd_cmd_U,,0,99,0,0,0,2,65,1
mig_vec_k16_l1_w14g8,vec,migration,fifo,rd_data_U,,0,99,0,0,0,2,65,1
mig_vec_k16_l1_w14g8,vec,migration,fifo,reply_U,,0,99,0,0,0,2,65,1
mig_vec_k16_l1_w14g8,vec,migration,fifo,unit_ccmd_U,,0,99,0,0,0,2,64,1
mig_vec_k16_l1_w14g8,vec,migration,fifo,unit_lcmd_U,,0,99,0,0,0,2,64,1
mig_vec_k16_l1_w14g8,vec,migration,fifo,unit_pay_U,,0,99,0,0,0,2,65,1
mig_vec_k16_l1_w14g8,vec,migration,fifo,unit_reply_U,,0,99,0,0,0,2,65,1
mig_vec_k16_l1_w14g8,vec,migration,fifo,wr_U,,0,99,0,0,0,2,65,1
mig_vec_k16_l1_w14g8,vec,migration,instance,control_s_axi_U,,296,170,0,0,0,0,0,0
mig_vec_k16_l1_w14g8,vec,migration,instance,entry_proc_U0,,29,2,0,0,0,0,0,0
mig_vec_k16_l1_w14g8,vec,migration,instance,gmem0_m_axi_U,,823,725,0,4,0,0,0,0
mig_vec_k16_l1_w14g8,vec,migration,instance,gmem1_m_axi_U,,811,719,0,4,0,0,0,0
mig_vec_k16_l1_w14g8,vec,migration,unitemized,unitemized,,669,0,0,0,0,0,0,0
mig_vec_k16_l8_w14g0,vec,migration,module,CgReqFramer,cg_req_task_64_s,93,6,0,0,0,,,
mig_vec_k16_l8_w14g0,vec,migration,module,MemRStream,mem_r_stream_framed_task_64_s,817,502,0,0,0,,,
mig_vec_k16_l8_w14g0,vec,migration,subblock,MemRStream.RELAY,,157,34,0,0,0,,,
mig_vec_k16_l8_w14g0,vec,migration,subblock,MemRStream.A2S,,174,102,0,0,0,,,
mig_vec_k16_l8_w14g0,vec,migration,module,CgVectorRx,cg_vector_rx_task_64_16_32_16_8_596050800_s,1096,495,1,0,0,,,
mig_vec_k16_l8_w14g0,vec,migration,subblock,CgVectorRx.FWD,,138,35,0,0,0,,,
mig_vec_k16_l8_w14g0,vec,migration,module,CgVectorLoad,cg_vector_load_task_64_16_32_16_8_2_1753868102_596050800_s,5694,2040,1,0,0,,,
mig_vec_k16_l8_w14g0,vec,migration,subblock,CgVectorLoad.WORDS,,654,455,0,0,0,,,
mig_vec_k16_l8_w14g0,vec,migration,subblock,CgVectorLoad.WORDS2,,654,455,0,0,0,,,
mig_vec_k16_l8_w14g0,vec,migration,module,CgVectorCore,cg_vector_task_16_32_16_8_2_1753868102_s,25244,16565,97,0,0,,,
mig_vec_k16_l8_w14g0,vec,migration,subblock,CgVectorCore.INIT_K,,606,739,16,0,0,,,
mig_vec_k16_l8_w14g0,vec,migration,subblock,CgVectorCore.INIT_P,,322,169,0,0,0,,,
mig_vec_k16_l8_w14g0,vec,migration,subblock,CgVectorCore.PASS1,,606,845,16,0,0,,,
mig_vec_k16_l8_w14g0,vec,migration,subblock,CgVectorCore.PASS2,,5662,3969,48,0,0,,,
mig_vec_k16_l8_w14g0,vec,migration,subblock,CgVectorCore.PASS3,,3044,2837,16,0,0,,,
mig_vec_k16_l8_w14g0,vec,migration,subblock,CgVectorCore.OUT_P,,322,169,0,0,0,,,
mig_vec_k16_l8_w14g0,vec,migration,subblock,CgVectorCore.OUT_X,,322,169,0,0,0,,,
mig_vec_k16_l8_w14g0,vec,migration,module,CgVectorStore,cg_vector_store_task_64_16_32_8_2_1753868102_596050800_s,2216,1109,1,0,0,,,
mig_vec_k16_l8_w14g0,vec,migration,subblock,CgVectorStore.WORDS1,,790,362,0,0,0,,,
mig_vec_k16_l8_w14g0,vec,migration,subblock,CgVectorStore.WORDS,,790,362,0,0,0,,,
mig_vec_k16_l8_w14g0,vec,migration,module,CgReplyFramer,cg_reply_task_64_s,328,352,0,0,0,,,
mig_vec_k16_l8_w14g0,vec,migration,subblock,CgReplyFramer.PAYLOAD,,138,35,0,0,0,,,
mig_vec_k16_l8_w14g0,vec,migration,module,MemWStream,mem_w_stream_framed_done_task_64_8_s,1613,2265,0,0,0,,,
mig_vec_k16_l8_w14g0,vec,migration,subblock,MemWStream.BUFF,,826,642,0,0,0,,,
mig_vec_k16_l8_w14g0,vec,migration,subblock,MemWStream.S2A,,137,100,0,0,0,,,
mig_vec_k16_l8_w14g0,vec,migration,subblock,MemWStream.ECHO,,171,98,0,0,0,,,
mig_vec_k16_l8_w14g0,vec,migration,memory,unit_b_U,,0,0,0,7,0,64,224,2
mig_vec_k16_l8_w14g0,vec,migration,memory,unit_s_U,,0,0,0,7,0,64,224,2
mig_vec_k16_l8_w14g0,vec,migration,memory,unit_p_U,,0,0,0,7,0,64,224,2
mig_vec_k16_l8_w14g0,vec,migration,memory,unit_x_U,,0,0,0,7,0,64,224,2
mig_vec_k16_l8_w14g0,vec,migration,fifo,m_in_c_U,,0,99,0,0,0,3,64,1
mig_vec_k16_l8_w14g0,vec,migration,fifo,m_out_c_U,,0,99,0,0,0,9,64,1
mig_vec_k16_l8_w14g0,vec,migration,fifo,rd_cmd_U,,0,99,0,0,0,2,65,1
mig_vec_k16_l8_w14g0,vec,migration,fifo,rd_data_U,,0,99,0,0,0,2,65,1
mig_vec_k16_l8_w14g0,vec,migration,fifo,reply_U,,0,99,0,0,0,2,65,1
mig_vec_k16_l8_w14g0,vec,migration,fifo,unit_ccmd_U,,0,99,0,0,0,2,64,1
mig_vec_k16_l8_w14g0,vec,migration,fifo,unit_lcmd_U,,0,99,0,0,0,2,64,1
mig_vec_k16_l8_w14g0,vec,migration,fifo,unit_pay_U,,0,99,0,0,0,2,65,1
mig_vec_k16_l8_w14g0,vec,migration,fifo,unit_reply_U,,0,99,0,0,0,2,65,1
mig_vec_k16_l8_w14g0,vec,migration,fifo,wr_U,,0,99,0,0,0,2,65,1
mig_vec_k16_l8_w14g0,vec,migration,instance,control_s_axi_U,,296,170,0,0,0,0,0,0
mig_vec_k16_l8_w14g0,vec,migration,instance,entry_proc_U0,,29,2,0,0,0,0,0,0
mig_vec_k16_l8_w14g0,vec,migration,instance,gmem0_m_axi_U,,823,725,0,4,0,0,0,0
mig_vec_k16_l8_w14g0,vec,migration,instance,gmem1_m_axi_U,,811,719,0,4,0,0,0,0
mig_vec_k16_l8_w14g0,vec,migration,unitemized,unitemized,,669,0,0,0,0,0,0,0
mig_mm_k16_r2_c32_m4_w14_l16,mm,migration,module,UnitReqFramer,unit_req_task_64_s,117,72,0,0,0,,,
mig_mm_k16_r2_c32_m4_w14_l16,mm,migration,module,MemRStream,mem_r_stream_framed_task_64_s,817,502,0,0,0,,,
mig_mm_k16_r2_c32_m4_w14_l16,mm,migration,subblock,MemRStream.RELAY,,157,34,0,0,0,,,
mig_mm_k16_r2_c32_m4_w14_l16,mm,migration,subblock,MemRStream.A2S,,174,102,0,0,0,,,
mig_mm_k16_r2_c32_m4_w14_l16,mm,migration,module,SystolicRx,systolic_rx_task_64_16_16_32_16_2_32_928760832_s,890,324,3,0,0,,,
mig_mm_k16_r2_c32_m4_w14_l16,mm,migration,subblock,SystolicRx.FWD,,138,35,0,0,0,,,
mig_mm_k16_r2_c32_m4_w14_l16,mm,migration,module,SystolicLoad,systolic_load_task_64_16_16_32_16_2_2061114367_928760832_s,21831,6173,2,0,0,,,
mig_mm_k16_r2_c32_m4_w14_l16,mm,migration,subblock,SystolicLoad.WORDS,,653,679,0,0,0,,,
mig_mm_k16_r2_c32_m4_w14_l16,mm,migration,subblock,SystolicLoad.ELEMS,,11503,2618,0,0,0,,,
mig_mm_k16_r2_c32_m4_w14_l16,mm,migration,subblock,SystolicLoad.WORDS1,,650,677,0,0,0,,,
mig_mm_k16_r2_c32_m4_w14_l16,mm,migration,module,SystolicCore,systolic_core_task_16_16_32_16_2_32_4_2_2061114367_s,35535,25574,258,0,0,,,
mig_mm_k16_r2_c32_m4_w14_l16,mm,migration,subblock,SystolicCore.LOAD_A,,8877,7284,0,0,0,,,
mig_mm_k16_r2_c32_m4_w14_l16,mm,migration,subblock,SystolicCore.LOAD_B,,357,193,0,0,0,,,
mig_mm_k16_r2_c32_m4_w14_l16,mm,migration,subblock,SystolicCore.SWEEP,,14338,15614,256,0,0,,,
mig_mm_k16_r2_c32_m4_w14_l16,mm,migration,module,SystolicStore,systolic_store_task_64_16_16_32_16_2_2061114367_928760832_s,1438,903,1,0,0,,,
mig_mm_k16_r2_c32_m4_w14_l16,mm,migration,subblock,SystolicStore.WORDS,,1039,586,0,0,0,,,
mig_mm_k16_r2_c32_m4_w14_l16,mm,migration,module,UnitReplyFramer,unit_reply_task_64_s,351,354,0,0,0,,,
mig_mm_k16_r2_c32_m4_w14_l16,mm,migration,subblock,UnitReplyFramer.PAYLOAD,,138,35,0,0,0,,,
mig_mm_k16_r2_c32_m4_w14_l16,mm,migration,module,MemWStream,mem_w_stream_framed_done_task_64_8_s,1613,2265,0,0,0,,,
mig_mm_k16_r2_c32_m4_w14_l16,mm,migration,subblock,MemWStream.BUFF,,826,642,0,0,0,,,
mig_mm_k16_r2_c32_m4_w14_l16,mm,migration,subblock,MemWStream.S2A,,137,100,0,0,0,,,
mig_mm_k16_r2_c32_m4_w14_l16,mm,migration,subblock,MemWStream.ECHO,,171,98,0,0,0,,,
mig_mm_k16_r2_c32_m4_w14_l16,mm,migration,memory,unit_a_U,,0,0,0,13,0,16,448,2
mig_mm_k16_r2_c32_m4_w14_l16,mm,migration,memory,unit_b_U,,0,0,0,13,0,32,448,2
mig_mm_k16_r2_c32_m4_w14_l16,mm,migration,memory,unit_c_U,,0,0,0,13,0,32,448,2
mig_mm_k16_r2_c32_m4_w14_l16,mm,migration,fifo,m_in_c_U,,0,99,0,0,0,3,64,1
mig_mm_k16_r2_c32_m4_w14_l16,mm,migration,fifo,m_out_c_U,,0,99,0,0,0,9,64,1
mig_mm_k16_r2_c32_m4_w14_l16,mm,migration,fifo,rd_cmd_U,,0,99,0,0,0,2,65,1
mig_mm_k16_r2_c32_m4_w14_l16,mm,migration,fifo,rd_data_U,,0,99,0,0,0,2,65,1
mig_mm_k16_r2_c32_m4_w14_l16,mm,migration,fifo,reply_U,,0,99,0,0,0,2,65,1
mig_mm_k16_r2_c32_m4_w14_l16,mm,migration,fifo,unit_ccmd_U,,0,99,0,0,0,2,64,1
mig_mm_k16_r2_c32_m4_w14_l16,mm,migration,fifo,unit_lcmd_U,,0,99,0,0,0,2,64,1
mig_mm_k16_r2_c32_m4_w14_l16,mm,migration,fifo,unit_pay_U,,0,99,0,0,0,2,65,1
mig_mm_k16_r2_c32_m4_w14_l16,mm,migration,fifo,unit_reply_U,,0,99,0,0,0,2,65,1
mig_mm_k16_r2_c32_m4_w14_l16,mm,migration,fifo,wr_U,,0,99,0,0,0,2,65,1
mig_mm_k16_r2_c32_m4_w14_l16,mm,migration,instance,control_s_axi_U,,296,170,0,0,0,0,0,0
mig_mm_k16_r2_c32_m4_w14_l16,mm,migration,instance,entry_proc_U0,,29,2,0,0,0,0,0,0
mig_mm_k16_r2_c32_m4_w14_l16,mm,migration,instance,gmem0_m_axi_U,,823,725,0,4,0,0,0,0
mig_mm_k16_r2_c32_m4_w14_l16,mm,migration,instance,gmem1_m_axi_U,,811,719,0,4,0,0,0,0
mig_mm_k16_r2_c32_m4_w14_l16,mm,migration,unitemized,unitemized,,669,0,0,0,0,0,0,0
mig_mm_k16_r8_c4_m4_w16_l1,mm,migration,module,UnitReqFramer,unit_req_task_64_s,117,72,0,0,0,,,
mig_mm_k16_r8_c4_m4_w16_l1,mm,migration,module,MemRStream,mem_r_stream_framed_task_64_s,817,502,0,0,0,,,
mig_mm_k16_r8_c4_m4_w16_l1,mm,migration,subblock,MemRStream.RELAY,,157,34,0,0,0,,,
mig_mm_k16_r8_c4_m4_w16_l1,mm,migration,subblock,MemRStream.A2S,,174,102,0,0,0,,,
mig_mm_k16_r8_c4_m4_w16_l1,mm,migration,module,SystolicRx,systolic_rx_task_64_16_16_32_1_8_4_654753759_s,814,324,3,0,0,,,
mig_mm_k16_r8_c4_m4_w16_l1,mm,migration,subblock,SystolicRx.FWD,,138,35,0,0,0,,,
mig_mm_k16_r8_c4_m4_w16_l1,mm,migration,module,SystolicLoad,systolic_load_task_64_16_16_32_1_2_2113842304_654753759_s,1611,852,2,0,0,,,
mig_mm_k16_r8_c4_m4_w16_l1,mm,migration,subblock,SystolicLoad.WORDS_G,,315,151,0,0,0,,,
mig_mm_k16_r8_c4_m4_w16_l1,mm,migration,subblock,SystolicLoad.ELEMS,,597,282,0,0,0,,,
mig_mm_k16_r8_c4_m4_w16_l1,mm,migration,module,SystolicCore,systolic_core_task_16_16_32_1_8_4_4_2_2113842304_s,11282,10726,130,8,0,,,
mig_mm_k16_r8_c4_m4_w16_l1,mm,migration,subblock,SystolicCore.LOAD_A,,1639,196,0,0,0,,,
mig_mm_k16_r8_c4_m4_w16_l1,mm,migration,subblock,SystolicCore.LOAD_B,,378,202,0,0,0,,,
mig_mm_k16_r8_c4_m4_w16_l1,mm,migration,subblock,SystolicCore.SWEEP,,6132,8908,128,0,0,,,
mig_mm_k16_r8_c4_m4_w16_l1,mm,migration,module,SystolicStore,systolic_store_task_64_16_16_32_1_2_2113842304_654753759_s,909,456,1,0,0,,,
mig_mm_k16_r8_c4_m4_w16_l1,mm,migration,module,UnitReplyFramer,unit_reply_task_64_s,351,354,0,0,0,,,
mig_mm_k16_r8_c4_m4_w16_l1,mm,migration,subblock,UnitReplyFramer.PAYLOAD,,138,35,0,0,0,,,
mig_mm_k16_r8_c4_m4_w16_l1,mm,migration,module,MemWStream,mem_w_stream_framed_done_task_64_8_s,1613,2265,0,0,0,,,
mig_mm_k16_r8_c4_m4_w16_l1,mm,migration,subblock,MemWStream.BUFF,,826,642,0,0,0,,,
mig_mm_k16_r8_c4_m4_w16_l1,mm,migration,subblock,MemWStream.S2A,,137,100,0,0,0,,,
mig_mm_k16_r8_c4_m4_w16_l1,mm,migration,subblock,MemWStream.ECHO,,171,98,0,0,0,,,
mig_mm_k16_r8_c4_m4_w16_l1,mm,migration,memory,unit_a_U,,0,0,0,4,0,256,32,2
mig_mm_k16_r8_c4_m4_w16_l1,mm,migration,memory,unit_b_U,,0,0,0,4,0,512,32,2
mig_mm_k16_r8_c4_m4_w16_l1,mm,migration,memory,unit_c_U,,0,0,0,4,0,512,32,2
mig_mm_k16_r8_c4_m4_w16_l1,mm,migration,fifo,m_in_c_U,,0,99,0,0,0,3,64,1
mig_mm_k16_r8_c4_m4_w16_l1,mm,migration,fifo,m_out_c_U,,0,99,0,0,0,9,64,1
mig_mm_k16_r8_c4_m4_w16_l1,mm,migration,fifo,rd_cmd_U,,0,99,0,0,0,2,65,1
mig_mm_k16_r8_c4_m4_w16_l1,mm,migration,fifo,rd_data_U,,0,99,0,0,0,2,65,1
mig_mm_k16_r8_c4_m4_w16_l1,mm,migration,fifo,reply_U,,0,99,0,0,0,2,65,1
mig_mm_k16_r8_c4_m4_w16_l1,mm,migration,fifo,unit_ccmd_U,,0,99,0,0,0,2,64,1
mig_mm_k16_r8_c4_m4_w16_l1,mm,migration,fifo,unit_lcmd_U,,0,99,0,0,0,2,64,1
mig_mm_k16_r8_c4_m4_w16_l1,mm,migration,fifo,unit_pay_U,,0,99,0,0,0,2,65,1
mig_mm_k16_r8_c4_m4_w16_l1,mm,migration,fifo,unit_reply_U,,0,99,0,0,0,2,65,1
mig_mm_k16_r8_c4_m4_w16_l1,mm,migration,fifo,wr_U,,0,99,0,0,0,2,65,1
mig_mm_k16_r8_c4_m4_w16_l1,mm,migration,instance,control_s_axi_U,,296,170,0,0,0,0,0,0
mig_mm_k16_r8_c4_m4_w16_l1,mm,migration,instance,entry_proc_U0,,29,2,0,0,0,0,0,0
mig_mm_k16_r8_c4_m4_w16_l1,mm,migration,instance,gmem0_m_axi_U,,823,725,0,4,0,0,0,0
mig_mm_k16_r8_c4_m4_w16_l1,mm,migration,instance,gmem1_m_axi_U,,811,719,0,4,0,0,0,0
mig_mm_k16_r8_c4_m4_w16_l1,mm,migration,unitemized,unitemized,,669,0,0,0,0,0,0,0
mig_det_k16_l16_r8_c16_m3_w10g0_d32_s3_q2,det,migration,module,CgCmdRx,cg_cmd_rx_task_32_16_32_s,225,79,0,0,0,,,
mig_det_k16_l16_r8_c16_m3_w10g0_d32_s3_q2,det,migration,module,MemRStream,mem_r_stream_framed_task_32_s,842,472,0,0,0,,,
mig_det_k16_l16_r8_c16_m3_w10g0_d32_s3_q2,det,migration,subblock,MemRStream.RELAY,,157,34,0,0,0,,,
mig_det_k16_l16_r8_c16_m3_w10g0_d32_s3_q2,det,migration,subblock,MemRStream.A2S,,174,70,0,0,0,,,
mig_det_k16_l16_r8_c16_m3_w10g0_d32_s3_q2,det,migration,module,CgLoad,cg_load_task_32_16_32_16_3_s,6762,2347,0,0,0,,,
mig_det_k16_l16_r8_c16_m3_w10g0_d32_s3_q2,det,migration,subblock,CgLoad.WORDS,,320,456,0,0,0,,,
mig_det_k16_l16_r8_c16_m3_w10g0_d32_s3_q2,det,migration,subblock,CgLoad.WORDS1,,322,457,0,0,0,,,
mig_det_k16_l16_r8_c16_m3_w10g0_d32_s3_q2,det,migration,module,CgCtrl,cg_ctrl_task_32_16_32_s,83,102,0,0,0,,,
mig_det_k16_l16_r8_c16_m3_w10g0_d32_s3_q2,det,migration,module,CgVectorCore,cg_vector_task_16_32_16_16_3_1983491773_s,48695,26016,81,0,0,,,
mig_det_k16_l16_r8_c16_m3_w10g0_d32_s3_q2,det,migration,subblock,CgVectorCore.INIT_K,,1820,856,16,0,0,,,
mig_det_k16_l16_r8_c16_m3_w10g0_d32_s3_q2,det,migration,subblock,CgVectorCore.INIT_P,,319,165,0,0,0,,,
mig_det_k16_l16_r8_c16_m3_w10g0_d32_s3_q2,det,migration,subblock,CgVectorCore.PASS1,,1820,1016,16,0,0,,,
mig_det_k16_l16_r8_c16_m3_w10g0_d32_s3_q2,det,migration,subblock,CgVectorCore.PASS2,,14204,8635,48,0,0,,,
mig_det_k16_l16_r8_c16_m3_w10g0_d32_s3_q2,det,migration,subblock,CgVectorCore.PASS3,,7156,4380,0,0,0,,,
mig_det_k16_l16_r8_c16_m3_w10g0_d32_s3_q2,det,migration,subblock,CgVectorCore.OUT_P,,319,165,0,0,0,,,
mig_det_k16_l16_r8_c16_m3_w10g0_d32_s3_q2,det,migration,subblock,CgVectorCore.OUT_X,,319,165,0,0,0,,,
mig_det_k16_l16_r8_c16_m3_w10g0_d32_s3_q2,det,migration,module,SystolicCore,systolic_core_task_16_16_32_16_8_16_3_3_686527889_s,38116,26100,386,0,0,,,
mig_det_k16_l16_r8_c16_m3_w10g0_d32_s3_q2,det,migration,subblock,SystolicCore.LOAD_A,,6829,5236,0,0,0,,,
mig_det_k16_l16_r8_c16_m3_w10g0_d32_s3_q2,det,migration,subblock,SystolicCore.LOAD_B,,319,133,0,0,0,,,
mig_det_k16_l16_r8_c16_m3_w10g0_d32_s3_q2,det,migration,subblock,SystolicCore.SWEEP,,22784,18924,384,0,0,,,
mig_det_k16_l16_r8_c16_m3_w10g0_d32_s3_q2,det,migration,subblock,SystolicCore.OUT_C,,6106,1057,0,0,0,,,
mig_det_k16_l16_r8_c16_m3_w10g0_d32_s3_q2,det,migration,module,CgStore,cg_store_task_32_16_32_16_3_s,825,513,0,0,0,,,
mig_det_k16_l16_r8_c16_m3_w10g0_d32_s3_q2,det,migration,subblock,CgStore.WORDS,,621,403,0,0,0,,,
mig_det_k16_l16_r8_c16_m3_w10g0_d32_s3_q2,det,migration,module,MemWStream,mem_w_stream_framed_done_task_32_8_s,1374,1435,0,0,0,,,
mig_det_k16_l16_r8_c16_m3_w10g0_d32_s3_q2,det,migration,subblock,MemWStream.BUFF,,570,386,0,0,0,,,
mig_det_k16_l16_r8_c16_m3_w10g0_d32_s3_q2,det,migration,subblock,MemWStream.S2A,,137,68,0,0,0,,,
mig_det_k16_l16_r8_c16_m3_w10g0_d32_s3_q2,det,migration,subblock,MemWStream.ECHO,,171,66,0,0,0,,,
mig_det_k16_l16_r8_c16_m3_w10g0_d32_s3_q2,det,migration,memory,a_blk_U,,0,0,0,9,0,16,320,3
mig_det_k16_l16_r8_c16_m3_w10g0_d32_s3_q2,det,migration,memory,b_blk_U,,0,0,0,9,0,32,320,3
mig_det_k16_l16_r8_c16_m3_w10g0_d32_s3_q2,det,migration,memory,p_blk_U,,0,0,0,9,0,32,320,3
mig_det_k16_l16_r8_c16_m3_w10g0_d32_s3_q2,det,migration,memory,s_blk_U,,0,0,0,9,0,32,320,3
mig_det_k16_l16_r8_c16_m3_w10g0_d32_s3_q2,det,migration,memory,x_blk_U,,0,0,0,9,0,32,320,3
mig_det_k16_l16_r8_c16_m3_w10g0_d32_s3_q2,det,migration,fifo,cmd_rd_U,,0,99,0,0,0,2,33,1
mig_det_k16_l16_r8_c16_m3_w10g0_d32_s3_q2,det,migration,fifo,desc_cs_U,,0,99,0,0,0,2,33,1
mig_det_k16_l16_r8_c16_m3_w10g0_d32_s3_q2,det,migration,fifo,desc_lc_U,,0,99,0,0,0,2,33,1
mig_det_k16_l16_r8_c16_m3_w10g0_d32_s3_q2,det,migration,fifo,m_in_c_U,,0,99,0,0,0,3,64,1
mig_det_k16_l16_r8_c16_m3_w10g0_d32_s3_q2,det,migration,fifo,m_out_c_U,,0,99,0,0,0,8,64,1
mig_det_k16_l16_r8_c16_m3_w10g0_d32_s3_q2,det,migration,fifo,mm_q_U,,0,99,0,0,0,2,64,1
mig_det_k16_l16_r8_c16_m3_w10g0_d32_s3_q2,det,migration,fifo,rdata_U,,0,99,0,0,0,2,33,1
mig_det_k16_l16_r8_c16_m3_w10g0_d32_s3_q2,det,migration,fifo,vec_q_U,,0,99,0,0,0,2,64,1
mig_det_k16_l16_r8_c16_m3_w10g0_d32_s3_q2,det,migration,fifo,wdata_U,,0,99,0,0,0,2,33,1
mig_det_k16_l16_r8_c16_m3_w10g0_d32_s3_q2,det,migration,instance,control_s_axi_U,,296,170,0,0,0,0,0,0
mig_det_k16_l16_r8_c16_m3_w10g0_d32_s3_q2,det,migration,instance,entry_proc_U0,,29,2,0,0,0,0,0,0
mig_det_k16_l16_r8_c16_m3_w10g0_d32_s3_q2,det,migration,instance,gmem0_m_axi_U,,637,671,0,2,0,0,0,0
mig_det_k16_l16_r8_c16_m3_w10g0_d32_s3_q2,det,migration,instance,gmem1_m_axi_U,,625,665,0,2,0,0,0,0
mig_det_k16_l16_r8_c16_m3_w10g0_d32_s3_q2,det,migration,unitemized,unitemized,,602,0,0,0,0,0,0,0
mig_det_k16_l2_r16_c16_m4_w8g0_d32_s4_q4,det,migration,module,CgCmdRx,cg_cmd_rx_task_32_16_32_s,225,79,0,0,0,,,
mig_det_k16_l2_r16_c16_m4_w8g0_d32_s4_q4,det,migration,module,MemRStream,mem_r_stream_framed_task_32_s,842,472,0,0,0,,,
mig_det_k16_l2_r16_c16_m4_w8g0_d32_s4_q4,det,migration,subblock,MemRStream.RELAY,,157,34,0,0,0,,,
mig_det_k16_l2_r16_c16_m4_w8g0_d32_s4_q4,det,migration,subblock,MemRStream.A2S,,174,70,0,0,0,,,
mig_det_k16_l2_r16_c16_m4_w8g0_d32_s4_q4,det,migration,module,CgLoad,cg_load_task_32_16_32_2_4_s,1534,549,0,0,0,,,
mig_det_k16_l2_r16_c16_m4_w8g0_d32_s4_q4,det,migration,subblock,CgLoad.WORDS,,308,164,0,0,0,,,
mig_det_k16_l2_r16_c16_m4_w8g0_d32_s4_q4,det,migration,subblock,CgLoad.WORDS1,,310,165,0,0,0,,,
mig_det_k16_l2_r16_c16_m4_w8g0_d32_s4_q4,det,migration,module,CgCtrl,cg_ctrl_task_32_16_32_s,83,102,0,0,0,,,
mig_det_k16_l2_r16_c16_m4_w8g0_d32_s4_q4,det,migration,module,CgVectorCore,cg_vector_task_16_32_16_2_4_1862630569_s,7705,3518,7,12,0,,,
mig_det_k16_l2_r16_c16_m4_w8g0_d32_s4_q4,det,migration,subblock,CgVectorCore.INIT_K,,428,183,0,0,0,,,
mig_det_k16_l2_r16_c16_m4_w8g0_d32_s4_q4,det,migration,subblock,CgVectorCore.INIT_P,,328,177,0,0,0,,,
mig_det_k16_l2_r16_c16_m4_w8g0_d32_s4_q4,det,migration,subblock,CgVectorCore.PASS1,,332,235,2,0,0,,,
mig_det_k16_l2_r16_c16_m4_w8g0_d32_s4_q4,det,migration,subblock,CgVectorCore.PASS2,,1672,825,4,0,0,,,
mig_det_k16_l2_r16_c16_m4_w8g0_d32_s4_q4,det,migration,subblock,CgVectorCore.PASS3,,844,535,0,0,0,,,
mig_det_k16_l2_r16_c16_m4_w8g0_d32_s4_q4,det,migration,subblock,CgVectorCore.OUT_P,,328,177,0,0,0,,,
mig_det_k16_l2_r16_c16_m4_w8g0_d32_s4_q4,det,migration,subblock,CgVectorCore.OUT_X,,328,177,0,0,0,,,
mig_det_k16_l2_r16_c16_m4_w8g0_d32_s4_q4,det,migration,module,SystolicCore,systolic_core_task_16_16_32_2_16_16_4_4_340132779_s,64281,39183,514,0,0,,,
mig_det_k16_l2_r16_c16_m4_w8g0_d32_s4_q4,det,migration,subblock,SystolicCore.LOAD_A,,1713,196,0,0,0,,,
mig_det_k16_l2_r16_c16_m4_w8g0_d32_s4_q4,det,migration,subblock,SystolicCore.LOAD_B,,375,200,0,0,0,,,
mig_det_k16_l2_r16_c16_m4_w8g0_d32_s4_q4,det,migration,subblock,SystolicCore.SWEEP,,54105,36739,512,0,0,,,
mig_det_k16_l2_r16_c16_m4_w8g0_d32_s4_q4,det,migration,module,CgStore,cg_store_task_32_16_32_2_4_s,584,225,0,0,0,,,
mig_det_k16_l2_r16_c16_m4_w8g0_d32_s4_q4,det,migration,subblock,CgStore.WORDS,,380,115,0,0,0,,,
mig_det_k16_l2_r16_c16_m4_w8g0_d32_s4_q4,det,migration,module,MemWStream,mem_w_stream_framed_done_task_32_8_s,1374,1435,0,0,0,,,
mig_det_k16_l2_r16_c16_m4_w8g0_d32_s4_q4,det,migration,subblock,MemWStream.BUFF,,570,386,0,0,0,,,
mig_det_k16_l2_r16_c16_m4_w8g0_d32_s4_q4,det,migration,subblock,MemWStream.S2A,,137,68,0,0,0,,,
mig_det_k16_l2_r16_c16_m4_w8g0_d32_s4_q4,det,migration,subblock,MemWStream.ECHO,,171,66,0,0,0,,,
mig_det_k16_l2_r16_c16_m4_w8g0_d32_s4_q4,det,migration,memory,a_blk_U,,0,0,0,1,0,128,32,4
mig_det_k16_l2_r16_c16_m4_w8g0_d32_s4_q4,det,migration,memory,b_blk_U,,0,0,0,2,0,256,32,4
mig_det_k16_l2_r16_c16_m4_w8g0_d32_s4_q4,det,migration,memory,p_blk_U,,0,0,0,2,0,256,32,4
mig_det_k16_l2_r16_c16_m4_w8g0_d32_s4_q4,det,migration,memory,s_blk_U,,0,0,0,2,0,256,32,4
mig_det_k16_l2_r16_c16_m4_w8g0_d32_s4_q4,det,migration,memory,x_blk_U,,0,0,0,2,0,256,32,4
mig_det_k16_l2_r16_c16_m4_w8g0_d32_s4_q4,det,migration,fifo,cmd_rd_U,,0,99,0,0,0,2,33,1
mig_det_k16_l2_r16_c16_m4_w8g0_d32_s4_q4,det,migration,fifo,desc_cs_U,,0,99,0,0,0,2,33,1
mig_det_k16_l2_r16_c16_m4_w8g0_d32_s4_q4,det,migration,fifo,desc_lc_U,,0,99,0,0,0,2,33,1
mig_det_k16_l2_r16_c16_m4_w8g0_d32_s4_q4,det,migration,fifo,m_in_c_U,,0,99,0,0,0,3,64,1
mig_det_k16_l2_r16_c16_m4_w8g0_d32_s4_q4,det,migration,fifo,m_out_c_U,,0,99,0,0,0,8,64,1
mig_det_k16_l2_r16_c16_m4_w8g0_d32_s4_q4,det,migration,fifo,mm_q_U,,0,99,0,0,0,4,64,1
mig_det_k16_l2_r16_c16_m4_w8g0_d32_s4_q4,det,migration,fifo,rdata_U,,0,99,0,0,0,2,33,1
mig_det_k16_l2_r16_c16_m4_w8g0_d32_s4_q4,det,migration,fifo,vec_q_U,,0,99,0,0,0,4,64,1
mig_det_k16_l2_r16_c16_m4_w8g0_d32_s4_q4,det,migration,fifo,wdata_U,,0,99,0,0,0,2,33,1
mig_det_k16_l2_r16_c16_m4_w8g0_d32_s4_q4,det,migration,instance,control_s_axi_U,,296,170,0,0,0,0,0,0
mig_det_k16_l2_r16_c16_m4_w8g0_d32_s4_q4,det,migration,instance,entry_proc_U0,,29,2,0,0,0,0,0,0
mig_det_k16_l2_r16_c16_m4_w8g0_d32_s4_q4,det,migration,instance,gmem0_m_axi_U,,637,671,0,2,0,0,0,0
mig_det_k16_l2_r16_c16_m4_w8g0_d32_s4_q4,det,migration,instance,gmem1_m_axi_U,,625,665,0,2,0,0,0,0
mig_det_k16_l2_r16_c16_m4_w8g0_d32_s4_q4,det,migration,unitemized,unitemized,,602,0,0,0,0,0,0,0
mig_mm_k8_r4_c8_m4_w12_l2,mm,migration,module,UnitReqFramer,unit_req_task_64_s,117,72,0,0,0,,,
mig_mm_k8_r4_c8_m4_w12_l2,mm,migration,module,MemRStream,mem_r_stream_framed_task_64_s,817,502,0,0,0,,,
mig_mm_k8_r4_c8_m4_w12_l2,mm,migration,subblock,MemRStream.RELAY,,157,34,0,0,0,,,
mig_mm_k8_r4_c8_m4_w12_l2,mm,migration,subblock,MemRStream.A2S,,174,102,0,0,0,,,
mig_mm_k8_r4_c8_m4_w12_l2,mm,migration,module,SystolicRx,systolic_rx_task_64_8_8_32_2_4_8_1556958752_s,842,325,3,0,0,,,
mig_mm_k8_r4_c8_m4_w12_l2,mm,migration,subblock,SystolicRx.FWD,,138,35,0,0,0,,,
mig_mm_k8_r4_c8_m4_w12_l2,mm,migration,module,SystolicLoad,systolic_load_task_64_8_8_32_2_2_998446828_1556958752_s,3090,1311,2,0,0,,,
mig_mm_k8_r4_c8_m4_w12_l2,mm,migration,subblock,SystolicLoad.WORDS,,473,191,0,0,0,,,
mig_mm_k8_r4_c8_m4_w12_l2,mm,migration,subblock,SystolicLoad.ELEMS,,1800,601,0,0,0,,,
mig_mm_k8_r4_c8_m4_w12_l2,mm,migration,subblock,SystolicLoad.WORDS1,,470,187,0,0,0,,,
mig_mm_k8_r4_c8_m4_w12_l2,mm,migration,module,SystolicCore,systolic_core_task_8_8_32_2_4_8_4_2_998446828_s,10917,8660,130,0,0,,,
mig_mm_k8_r4_c8_m4_w12_l2,mm,migration,subblock,SystolicCore.LOAD_A,,1081,188,0,0,0,,,
mig_mm_k8_r4_c8_m4_w12_l2,mm,migration,subblock,SystolicCore.LOAD_B,,375,200,0,0,0,,,
mig_mm_k8_r4_c8_m4_w12_l2,mm,migration,subblock,SystolicCore.SWEEP,,5774,6852,128,0,0,,,
mig_mm_k8_r4_c8_m4_w12_l2,mm,migration,module,SystolicStore,systolic_store_task_64_8_8_32_2_2_998446828_1556958752_s,738,438,1,0,0,,,
mig_mm_k8_r4_c8_m4_w12_l2,mm,migration,subblock,SystolicStore.WORDS,,339,121,0,0,0,,,
mig_mm_k8_r4_c8_m4_w12_l2,mm,migration,module,UnitReplyFramer,unit_reply_task_64_s,351,354,0,0,0,,,
mig_mm_k8_r4_c8_m4_w12_l2,mm,migration,subblock,UnitReplyFramer.PAYLOAD,,138,35,0,0,0,,,
mig_mm_k8_r4_c8_m4_w12_l2,mm,migration,module,MemWStream,mem_w_stream_framed_done_task_64_8_s,1613,2265,0,0,0,,,
mig_mm_k8_r4_c8_m4_w12_l2,mm,migration,subblock,MemWStream.BUFF,,826,642,0,0,0,,,
mig_mm_k8_r4_c8_m4_w12_l2,mm,migration,subblock,MemWStream.S2A,,137,100,0,0,0,,,
mig_mm_k8_r4_c8_m4_w12_l2,mm,migration,subblock,MemWStream.ECHO,,171,98,0,0,0,,,
mig_mm_k8_r4_c8_m4_w12_l2,mm,migration,memory,unit_a_U,,0,0,0,2,0,32,48,2
mig_mm_k8_r4_c8_m4_w12_l2,mm,migration,memory,unit_b_U,,0,0,0,2,0,128,48,2
mig_mm_k8_r4_c8_m4_w12_l2,mm,migration,memory,unit_c_U,,0,0,0,2,0,128,48,2
mig_mm_k8_r4_c8_m4_w12_l2,mm,migration,fifo,m_in_c_U,,0,99,0,0,0,3,64,1
mig_mm_k8_r4_c8_m4_w12_l2,mm,migration,fifo,m_out_c_U,,0,99,0,0,0,9,64,1
mig_mm_k8_r4_c8_m4_w12_l2,mm,migration,fifo,rd_cmd_U,,0,99,0,0,0,2,65,1
mig_mm_k8_r4_c8_m4_w12_l2,mm,migration,fifo,rd_data_U,,0,99,0,0,0,2,65,1
mig_mm_k8_r4_c8_m4_w12_l2,mm,migration,fifo,reply_U,,0,99,0,0,0,2,65,1
mig_mm_k8_r4_c8_m4_w12_l2,mm,migration,fifo,unit_ccmd_U,,0,99,0,0,0,2,64,1
mig_mm_k8_r4_c8_m4_w12_l2,mm,migration,fifo,unit_lcmd_U,,0,99,0,0,0,2,64,1
mig_mm_k8_r4_c8_m4_w12_l2,mm,migration,fifo,unit_pay_U,,0,99,0,0,0,2,65,1
mig_mm_k8_r4_c8_m4_w12_l2,mm,migration,fifo,unit_reply_U,,0,99,0,0,0,2,65,1
mig_mm_k8_r4_c8_m4_w12_l2,mm,migration,fifo,wr_U,,0,99,0,0,0,2,65,1
mig_mm_k8_r4_c8_m4_w12_l2,mm,migration,instance,control_s_axi_U,,296,170,0,0,0,0,0,0
mig_mm_k8_r4_c8_m4_w12_l2,mm,migration,instance,entry_proc_U0,,29,2,0,0,0,0,0,0
mig_mm_k8_r4_c8_m4_w12_l2,mm,migration,instance,gmem0_m_axi_U,,823,725,0,4,0,0,0,0
mig_mm_k8_r4_c8_m4_w12_l2,mm,migration,instance,gmem1_m_axi_U,,811,719,0,4,0,0,0,0
mig_mm_k8_r4_c8_m4_w12_l2,mm,migration,unitemized,unitemized,,669,0,0,0,0,0,0,0
mig_mm_k8_r1_c4_m4_w8_l2,mm,migration,module,UnitReqFramer,unit_req_task_64_s,117,72,0,0,0,,,
mig_mm_k8_r1_c4_m4_w8_l2,mm,migration,module,MemRStream,mem_r_stream_framed_task_64_s,817,502,0,0,0,,,
mig_mm_k8_r1_c4_m4_w8_l2,mm,migration,subblock,MemRStream.RELAY,,157,34,0,0,0,,,
mig_mm_k8_r1_c4_m4_w8_l2,mm,migration,subblock,MemRStream.A2S,,174,102,0,0,0,,,
mig_mm_k8_r1_c4_m4_w8_l2,mm,migration,module,SystolicRx,systolic_rx_task_64_8_8_32_2_1_4_34212151_s,839,325,3,0,0,,,
mig_mm_k8_r1_c4_m4_w8_l2,mm,migration,subblock,SystolicRx.FWD,,138,35,0,0,0,,,
mig_mm_k8_r1_c4_m4_w8_l2,mm,migration,module,SystolicLoad,systolic_load_task_64_8_8_32_2_2_669609_34212151_s,2638,1121,2,0,0,,,
mig_mm_k8_r1_c4_m4_w8_l2,mm,migration,subblock,SystolicLoad.WORDS,,433,175,0,0,0,,,
mig_mm_k8_r1_c4_m4_w8_l2,mm,migration,subblock,SystolicLoad.ELEMS,,1428,443,0,0,0,,,
mig_mm_k8_r1_c4_m4_w8_l2,mm,migration,subblock,SystolicLoad.WORDS1,,430,171,0,0,0,,,
mig_mm_k8_r1_c4_m4_w8_l2,mm,migration,module,SystolicCore,systolic_core_task_8_8_32_2_1_4_4_2_669609_s,5816,1947,10,0,0,,,
mig_mm_k8_r1_c4_m4_w8_l2,mm,migration,subblock,SystolicCore.LOAD_A,,1081,188,0,0,0,,,
mig_mm_k8_r1_c4_m4_w8_l2,mm,migration,subblock,SystolicCore.LOAD_B,,376,201,0,0,0,,,
mig_mm_k8_r1_c4_m4_w8_l2,mm,migration,subblock,SystolicCore.SWEEP,,1516,740,8,0,0,,,
mig_mm_k8_r1_c4_m4_w8_l2,mm,migration,subblock,SystolicCore.VITIS_LOOP_265_10,,684,90,0,0,0,,,
mig_mm_k8_r1_c4_m4_w8_l2,mm,migration,module,SystolicStore,systolic_store_task_64_8_8_32_2_2_669609_34212151_s,726,422,1,0,0,,,
mig_mm_k8_r1_c4_m4_w8_l2,mm,migration,subblock,SystolicStore.WORDS,,327,105,0,0,0,,,
mig_mm_k8_r1_c4_m4_w8_l2,mm,migration,module,UnitReplyFramer,unit_reply_task_64_s,351,354,0,0,0,,,
mig_mm_k8_r1_c4_m4_w8_l2,mm,migration,subblock,UnitReplyFramer.PAYLOAD,,138,35,0,0,0,,,
mig_mm_k8_r1_c4_m4_w8_l2,mm,migration,module,MemWStream,mem_w_stream_framed_done_task_64_8_s,1613,2265,0,0,0,,,
mig_mm_k8_r1_c4_m4_w8_l2,mm,migration,subblock,MemWStream.BUFF,,826,642,0,0,0,,,
mig_mm_k8_r1_c4_m4_w8_l2,mm,migration,subblock,MemWStream.S2A,,137,100,0,0,0,,,
mig_mm_k8_r1_c4_m4_w8_l2,mm,migration,subblock,MemWStream.ECHO,,171,98,0,0,0,,,
mig_mm_k8_r1_c4_m4_w8_l2,mm,migration,memory,unit_a_U,,0,0,0,1,0,32,32,2
mig_mm_k8_r1_c4_m4_w8_l2,mm,migration,memory,unit_b_U,,0,0,0,1,0,128,32,2
mig_mm_k8_r1_c4_m4_w8_l2,mm,migration,memory,unit_c_U,,0,0,0,1,0,128,32,2
mig_mm_k8_r1_c4_m4_w8_l2,mm,migration,fifo,m_in_c_U,,0,99,0,0,0,3,64,1
mig_mm_k8_r1_c4_m4_w8_l2,mm,migration,fifo,m_out_c_U,,0,99,0,0,0,9,64,1
mig_mm_k8_r1_c4_m4_w8_l2,mm,migration,fifo,rd_cmd_U,,0,99,0,0,0,2,65,1
mig_mm_k8_r1_c4_m4_w8_l2,mm,migration,fifo,rd_data_U,,0,99,0,0,0,2,65,1
mig_mm_k8_r1_c4_m4_w8_l2,mm,migration,fifo,reply_U,,0,99,0,0,0,2,65,1
mig_mm_k8_r1_c4_m4_w8_l2,mm,migration,fifo,unit_ccmd_U,,0,99,0,0,0,2,64,1
mig_mm_k8_r1_c4_m4_w8_l2,mm,migration,fifo,unit_lcmd_U,,0,99,0,0,0,2,64,1
mig_mm_k8_r1_c4_m4_w8_l2,mm,migration,fifo,unit_pay_U,,0,99,0,0,0,2,65,1
mig_mm_k8_r1_c4_m4_w8_l2,mm,migration,fifo,unit_reply_U,,0,99,0,0,0,2,65,1
mig_mm_k8_r1_c4_m4_w8_l2,mm,migration,fifo,wr_U,,0,99,0,0,0,2,65,1
mig_mm_k8_r1_c4_m4_w8_l2,mm,migration,instance,control_s_axi_U,,296,170,0,0,0,0,0,0
mig_mm_k8_r1_c4_m4_w8_l2,mm,migration,instance,entry_proc_U0,,29,2,0,0,0,0,0,0
mig_mm_k8_r1_c4_m4_w8_l2,mm,migration,instance,gmem0_m_axi_U,,823,725,0,4,0,0,0,0
mig_mm_k8_r1_c4_m4_w8_l2,mm,migration,instance,gmem1_m_axi_U,,811,719,0,4,0,0,0,0
mig_mm_k8_r1_c4_m4_w8_l2,mm,migration,unitemized,unitemized,,669,0,0,0,0,0,0,0
mig_mm_k8_r1_c4_m4_w16_l2,mm,migration,module,UnitReqFramer,unit_req_task_64_s,117,72,0,0,0,,,
mig_mm_k8_r1_c4_m4_w16_l2,mm,migration,module,MemRStream,mem_r_stream_framed_task_64_s,817,502,0,0,0,,,
mig_mm_k8_r1_c4_m4_w16_l2,mm,migration,subblock,MemRStream.RELAY,,157,34,0,0,0,,,
mig_mm_k8_r1_c4_m4_w16_l2,mm,migration,subblock,MemRStream.A2S,,174,102,0,0,0,,,
mig_mm_k8_r1_c4_m4_w16_l2,mm,migration,module,SystolicRx,systolic_rx_task_64_8_8_32_2_1_4_654753759_s,839,325,3,0,0,,,
mig_mm_k8_r1_c4_m4_w16_l2,mm,migration,subblock,SystolicRx.FWD,,138,35,0,0,0,,,
mig_mm_k8_r1_c4_m4_w16_l2,mm,migration,module,SystolicLoad,systolic_load_task_64_8_8_32_2_2_1589220687_654753759_s,2880,1358,2,0,0,,,
mig_mm_k8_r1_c4_m4_w16_l2,mm,migration,subblock,SystolicLoad.WORDS,,315,197,0,0,0,,,
mig_mm_k8_r1_c4_m4_w16_l2,mm,migration,subblock,SystolicLoad.ELEMS,,1906,636,0,0,0,,,
mig_mm_k8_r1_c4_m4_w16_l2,mm,migration,subblock,SystolicLoad.WORDS1,,312,193,0,0,0,,,
mig_mm_k8_r1_c4_m4_w16_l2,mm,migration,module,SystolicCore,systolic_core_task_8_8_32_2_1_4_4_2_1589220687_s,6072,2935,18,8,0,,,
mig_mm_k8_r1_c4_m4_w16_l2,mm,migration,subblock,SystolicCore.LOAD_A,,1081,188,0,0,0,,,
mig_mm_k8_r1_c4_m4_w16_l2,mm,migration,subblock,SystolicCore.LOAD_B,,376,201,0,0,0,,,
mig_mm_k8_r1_c4_m4_w16_l2,mm,migration,subblock,SystolicCore.SWEEP,,1628,1466,16,0,0,,,
mig_mm_k8_r1_c4_m4_w16_l2,mm,migration,module,SystolicStore,systolic_store_task_64_8_8_32_2_2_1589220687_654753759_s,758,454,1,0,0,,,
mig_mm_k8_r1_c4_m4_w16_l2,mm,migration,subblock,SystolicStore.WORDS,,359,137,0,0,0,,,
mig_mm_k8_r1_c4_m4_w16_l2,mm,migration,module,UnitReplyFramer,unit_reply_task_64_s,351,354,0,0,0,,,
mig_mm_k8_r1_c4_m4_w16_l2,mm,migration,subblock,UnitReplyFramer.PAYLOAD,,138,35,0,0,0,,,
mig_mm_k8_r1_c4_m4_w16_l2,mm,migration,module,MemWStream,mem_w_stream_framed_done_task_64_8_s,1613,2265,0,0,0,,,
mig_mm_k8_r1_c4_m4_w16_l2,mm,migration,subblock,MemWStream.BUFF,,826,642,0,0,0,,,
mig_mm_k8_r1_c4_m4_w16_l2,mm,migration,subblock,MemWStream.S2A,,137,100,0,0,0,,,
mig_mm_k8_r1_c4_m4_w16_l2,mm,migration,subblock,MemWStream.ECHO,,171,98,0,0,0,,,
mig_mm_k8_r1_c4_m4_w16_l2,mm,migration,memory,unit_a_U,,0,0,0,2,0,32,64,2
mig_mm_k8_r1_c4_m4_w16_l2,mm,migration,memory,unit_b_U,,0,0,0,2,0,128,64,2
mig_mm_k8_r1_c4_m4_w16_l2,mm,migration,memory,unit_c_U,,0,0,0,2,0,128,64,2
mig_mm_k8_r1_c4_m4_w16_l2,mm,migration,fifo,m_in_c_U,,0,99,0,0,0,3,64,1
mig_mm_k8_r1_c4_m4_w16_l2,mm,migration,fifo,m_out_c_U,,0,99,0,0,0,9,64,1
mig_mm_k8_r1_c4_m4_w16_l2,mm,migration,fifo,rd_cmd_U,,0,99,0,0,0,2,65,1
mig_mm_k8_r1_c4_m4_w16_l2,mm,migration,fifo,rd_data_U,,0,99,0,0,0,2,65,1
mig_mm_k8_r1_c4_m4_w16_l2,mm,migration,fifo,reply_U,,0,99,0,0,0,2,65,1
mig_mm_k8_r1_c4_m4_w16_l2,mm,migration,fifo,unit_ccmd_U,,0,99,0,0,0,2,64,1
mig_mm_k8_r1_c4_m4_w16_l2,mm,migration,fifo,unit_lcmd_U,,0,99,0,0,0,2,64,1
mig_mm_k8_r1_c4_m4_w16_l2,mm,migration,fifo,unit_pay_U,,0,99,0,0,0,2,65,1
mig_mm_k8_r1_c4_m4_w16_l2,mm,migration,fifo,unit_reply_U,,0,99,0,0,0,2,65,1
mig_mm_k8_r1_c4_m4_w16_l2,mm,migration,fifo,wr_U,,0,99,0,0,0,2,65,1
mig_mm_k8_r1_c4_m4_w16_l2,mm,migration,instance,control_s_axi_U,,296,170,0,0,0,0,0,0
mig_mm_k8_r1_c4_m4_w16_l2,mm,migration,instance,entry_proc_U0,,29,2,0,0,0,0,0,0
mig_mm_k8_r1_c4_m4_w16_l2,mm,migration,instance,gmem0_m_axi_U,,823,725,0,4,0,0,0,0
mig_mm_k8_r1_c4_m4_w16_l2,mm,migration,instance,gmem1_m_axi_U,,811,719,0,4,0,0,0,0
mig_mm_k8_r1_c4_m4_w16_l2,mm,migration,unitemized,unitemized,,669,0,0,0,0,0,0,0
mig_mm_k8_r8_c32_m4_w8_l2,mm,migration,module,UnitReqFramer,unit_req_task_64_s,117,72,0,0,0,,,
mig_mm_k8_r8_c32_m4_w8_l2,mm,migration,module,MemRStream,mem_r_stream_framed_task_64_s,817,502,0,0,0,,,
mig_mm_k8_r8_c32_m4_w8_l2,mm,migration,subblock,MemRStream.RELAY,,157,34,0,0,0,,,
mig_mm_k8_r8_c32_m4_w8_l2,mm,migration,subblock,MemRStream.A2S,,174,102,0,0,0,,,
mig_mm_k8_r8_c32_m4_w8_l2,mm,migration,module,SystolicRx,systolic_rx_task_64_8_8_32_2_8_32_34212151_s,845,326,3,0,0,,,
mig_mm_k8_r8_c32_m4_w8_l2,mm,migration,subblock,SystolicRx.FWD,,138,35,0,0,0,,,
mig_mm_k8_r8_c32_m4_w8_l2,mm,migration,module,SystolicLoad,systolic_load_task_64_8_8_32_2_2_669609_34212151_s,2638,1121,2,0,0,,,
mig_mm_k8_r8_c32_m4_w8_l2,mm,migration,subblock,SystolicLoad.WORDS,,433,175,0,0,0,,,
mig_mm_k8_r8_c32_m4_w8_l2,mm,migration,subblock,SystolicLoad.ELEMS,,1428,443,0,0,0,,,
mig_mm_k8_r8_c32_m4_w8_l2,mm,migration,subblock,SystolicLoad.WORDS1,,430,171,0,0,0,,,
mig_mm_k8_r8_c32_m4_w8_l2,mm,migration,module,SystolicCore,systolic_core_task_8_8_32_2_8_32_4_2_669609_s,62600,38252,514,0,0,,,
mig_mm_k8_r8_c32_m4_w8_l2,mm,migration,subblock,SystolicCore.LOAD_A,,1081,188,0,0,0,,,
mig_mm_k8_r8_c32_m4_w8_l2,mm,migration,subblock,SystolicCore.LOAD_B,,363,196,0,0,0,,,
mig_mm_k8_r8_c32_m4_w8_l2,mm,migration,subblock,SystolicCore.SWEEP,,53941,36199,512,0,0,,,
mig_mm_k8_r8_c32_m4_w8_l2,mm,migration,module,SystolicStore,systolic_store_task_64_8_8_32_2_2_669609_34212151_s,726,422,1,0,0,,,
mig_mm_k8_r8_c32_m4_w8_l2,mm,migration,subblock,SystolicStore.WORDS,,327,105,0,0,0,,,
mig_mm_k8_r8_c32_m4_w8_l2,mm,migration,module,UnitReplyFramer,unit_reply_task_64_s,351,354,0,0,0,,,
mig_mm_k8_r8_c32_m4_w8_l2,mm,migration,subblock,UnitReplyFramer.PAYLOAD,,138,35,0,0,0,,,
mig_mm_k8_r8_c32_m4_w8_l2,mm,migration,module,MemWStream,mem_w_stream_framed_done_task_64_8_s,1613,2265,0,0,0,,,
mig_mm_k8_r8_c32_m4_w8_l2,mm,migration,subblock,MemWStream.BUFF,,826,642,0,0,0,,,
mig_mm_k8_r8_c32_m4_w8_l2,mm,migration,subblock,MemWStream.S2A,,137,100,0,0,0,,,
mig_mm_k8_r8_c32_m4_w8_l2,mm,migration,subblock,MemWStream.ECHO,,171,98,0,0,0,,,
mig_mm_k8_r8_c32_m4_w8_l2,mm,migration,memory,unit_a_U,,0,0,0,1,0,32,32,2
mig_mm_k8_r8_c32_m4_w8_l2,mm,migration,memory,unit_b_U,,0,0,0,1,0,128,32,2
mig_mm_k8_r8_c32_m4_w8_l2,mm,migration,memory,unit_c_U,,0,0,0,1,0,128,32,2
mig_mm_k8_r8_c32_m4_w8_l2,mm,migration,fifo,m_in_c_U,,0,99,0,0,0,3,64,1
mig_mm_k8_r8_c32_m4_w8_l2,mm,migration,fifo,m_out_c_U,,0,99,0,0,0,9,64,1
mig_mm_k8_r8_c32_m4_w8_l2,mm,migration,fifo,rd_cmd_U,,0,99,0,0,0,2,65,1
mig_mm_k8_r8_c32_m4_w8_l2,mm,migration,fifo,rd_data_U,,0,99,0,0,0,2,65,1
mig_mm_k8_r8_c32_m4_w8_l2,mm,migration,fifo,reply_U,,0,99,0,0,0,2,65,1
mig_mm_k8_r8_c32_m4_w8_l2,mm,migration,fifo,unit_ccmd_U,,0,99,0,0,0,2,64,1
mig_mm_k8_r8_c32_m4_w8_l2,mm,migration,fifo,unit_lcmd_U,,0,99,0,0,0,2,64,1
mig_mm_k8_r8_c32_m4_w8_l2,mm,migration,fifo,unit_pay_U,,0,99,0,0,0,2,65,1
mig_mm_k8_r8_c32_m4_w8_l2,mm,migration,fifo,unit_reply_U,,0,99,0,0,0,2,65,1
mig_mm_k8_r8_c32_m4_w8_l2,mm,migration,fifo,wr_U,,0,99,0,0,0,2,65,1
mig_mm_k8_r8_c32_m4_w8_l2,mm,migration,instance,control_s_axi_U,,296,170,0,0,0,0,0,0
mig_mm_k8_r8_c32_m4_w8_l2,mm,migration,instance,entry_proc_U0,,29,2,0,0,0,0,0,0
mig_mm_k8_r8_c32_m4_w8_l2,mm,migration,instance,gmem0_m_axi_U,,823,725,0,4,0,0,0,0
mig_mm_k8_r8_c32_m4_w8_l2,mm,migration,instance,gmem1_m_axi_U,,811,719,0,4,0,0,0,0
mig_mm_k8_r8_c32_m4_w8_l2,mm,migration,unitemized,unitemized,,669,0,0,0,0,0,0,0
mig_mm_k8_r8_c32_m4_w16_l2,mm,migration,module,UnitReqFramer,unit_req_task_64_s,117,72,0,0,0,,,
mig_mm_k8_r8_c32_m4_w16_l2,mm,migration,module,MemRStream,mem_r_stream_framed_task_64_s,817,502,0,0,0,,,
mig_mm_k8_r8_c32_m4_w16_l2,mm,migration,subblock,MemRStream.RELAY,,157,34,0,0,0,,,
mig_mm_k8_r8_c32_m4_w16_l2,mm,migration,subblock,MemRStream.A2S,,174,102,0,0,0,,,
mig_mm_k8_r8_c32_m4_w16_l2,mm,migration,module,SystolicRx,systolic_rx_task_64_8_8_32_2_8_32_654753759_s,845,326,3,0,0,,,
mig_mm_k8_r8_c32_m4_w16_l2,mm,migration,subblock,SystolicRx.FWD,,138,35,0,0,0,,,
mig_mm_k8_r8_c32_m4_w16_l2,mm,migration,module,SystolicLoad,systolic_load_task_64_8_8_32_2_2_1589220687_654753759_s,2880,1358,2,0,0,,,
mig_mm_k8_r8_c32_m4_w16_l2,mm,migration,subblock,SystolicLoad.WORDS,,315,197,0,0,0,,,
mig_mm_k8_r8_c32_m4_w16_l2,mm,migration,subblock,SystolicLoad.ELEMS,,1906,636,0,0,0,,,
mig_mm_k8_r8_c32_m4_w16_l2,mm,migration,subblock,SystolicLoad.WORDS1,,312,193,0,0,0,,,
mig_mm_k8_r8_c32_m4_w16_l2,mm,migration,module,SystolicCore,systolic_core_task_8_8_32_2_8_32_4_2_1589220687_s,51296,72080,1026,0,0,,,
mig_mm_k8_r8_c32_m4_w16_l2,mm,migration,subblock,SystolicCore.LOAD_A,,1081,188,0,0,0,,,
mig_mm_k8_r8_c32_m4_w16_l2,mm,migration,subblock,SystolicCore.LOAD_B,,363,196,0,0,0,,,
mig_mm_k8_r8_c32_m4_w16_l2,mm,migration,subblock,SystolicCore.SWEEP,,42421,68933,1024,0,0,,,
mig_mm_k8_r8_c32_m4_w16_l2,mm,migration,module,SystolicStore,systolic_store_task_64_8_8_32_2_2_1589220687_654753759_s,758,454,1,0,0,,,
mig_mm_k8_r8_c32_m4_w16_l2,mm,migration,subblock,SystolicStore.WORDS,,359,137,0,0,0,,,
mig_mm_k8_r8_c32_m4_w16_l2,mm,migration,module,UnitReplyFramer,unit_reply_task_64_s,351,354,0,0,0,,,
mig_mm_k8_r8_c32_m4_w16_l2,mm,migration,subblock,UnitReplyFramer.PAYLOAD,,138,35,0,0,0,,,
mig_mm_k8_r8_c32_m4_w16_l2,mm,migration,module,MemWStream,mem_w_stream_framed_done_task_64_8_s,1613,2265,0,0,0,,,
mig_mm_k8_r8_c32_m4_w16_l2,mm,migration,subblock,MemWStream.BUFF,,826,642,0,0,0,,,
mig_mm_k8_r8_c32_m4_w16_l2,mm,migration,subblock,MemWStream.S2A,,137,100,0,0,0,,,
mig_mm_k8_r8_c32_m4_w16_l2,mm,migration,subblock,MemWStream.ECHO,,171,98,0,0,0,,,
mig_mm_k8_r8_c32_m4_w16_l2,mm,migration,memory,unit_a_U,,0,0,0,2,0,32,64,2
mig_mm_k8_r8_c32_m4_w16_l2,mm,migration,memory,unit_b_U,,0,0,0,2,0,128,64,2
mig_mm_k8_r8_c32_m4_w16_l2,mm,migration,memory,unit_c_U,,0,0,0,2,0,128,64,2
mig_mm_k8_r8_c32_m4_w16_l2,mm,migration,fifo,m_in_c_U,,0,99,0,0,0,3,64,1
mig_mm_k8_r8_c32_m4_w16_l2,mm,migration,fifo,m_out_c_U,,0,99,0,0,0,9,64,1
mig_mm_k8_r8_c32_m4_w16_l2,mm,migration,fifo,rd_cmd_U,,0,99,0,0,0,2,65,1
mig_mm_k8_r8_c32_m4_w16_l2,mm,migration,fifo,rd_data_U,,0,99,0,0,0,2,65,1
mig_mm_k8_r8_c32_m4_w16_l2,mm,migration,fifo,reply_U,,0,99,0,0,0,2,65,1
mig_mm_k8_r8_c32_m4_w16_l2,mm,migration,fifo,unit_ccmd_U,,0,99,0,0,0,2,64,1
mig_mm_k8_r8_c32_m4_w16_l2,mm,migration,fifo,unit_lcmd_U,,0,99,0,0,0,2,64,1
mig_mm_k8_r8_c32_m4_w16_l2,mm,migration,fifo,unit_pay_U,,0,99,0,0,0,2,65,1
mig_mm_k8_r8_c32_m4_w16_l2,mm,migration,fifo,unit_reply_U,,0,99,0,0,0,2,65,1
mig_mm_k8_r8_c32_m4_w16_l2,mm,migration,fifo,wr_U,,0,99,0,0,0,2,65,1
mig_mm_k8_r8_c32_m4_w16_l2,mm,migration,instance,control_s_axi_U,,296,170,0,0,0,0,0,0
mig_mm_k8_r8_c32_m4_w16_l2,mm,migration,instance,entry_proc_U0,,29,2,0,0,0,0,0,0
mig_mm_k8_r8_c32_m4_w16_l2,mm,migration,instance,gmem0_m_axi_U,,823,725,0,4,0,0,0,0
mig_mm_k8_r8_c32_m4_w16_l2,mm,migration,instance,gmem1_m_axi_U,,811,719,0,4,0,0,0,0
mig_mm_k8_r8_c32_m4_w16_l2,mm,migration,unitemized,unitemized,,669,0,0,0,0,0,0,0
mig_mm_k16_r16_c16_m4_w8_l2,mm,migration,module,UnitReqFramer,unit_req_task_64_s,117,72,0,0,0,,,
mig_mm_k16_r16_c16_m4_w8_l2,mm,migration,module,MemRStream,mem_r_stream_framed_task_64_s,817,502,0,0,0,,,
mig_mm_k16_r16_c16_m4_w8_l2,mm,migration,subblock,MemRStream.RELAY,,157,34,0,0,0,,,
mig_mm_k16_r16_c16_m4_w8_l2,mm,migration,subblock,MemRStream.A2S,,174,102,0,0,0,,,
mig_mm_k16_r16_c16_m4_w8_l2,mm,migration,module,SystolicRx,systolic_rx_task_64_16_16_32_2_16_16_34212151_s,844,331,3,0,0,,,
mig_mm_k16_r16_c16_m4_w8_l2,mm,migration,subblock,SystolicRx.FWD,,138,35,0,0,0,,,
mig_mm_k16_r16_c16_m4_w8_l2,mm,migration,module,SystolicLoad,systolic_load_task_64_16_16_32_2_2_340132779_34212151_s,2644,1127,2,0,0,,,
mig_mm_k16_r16_c16_m4_w8_l2,mm,migration,subblock,SystolicLoad.WORDS,,433,175,0,0,0,,,
mig_mm_k16_r16_c16_m4_w8_l2,mm,migration,subblock,SystolicLoad.ELEMS,,1434,449,0,0,0,,,
mig_mm_k16_r16_c16_m4_w8_l2,mm,migration,subblock,SystolicLoad.WORDS1,,430,171,0,0,0,,,
mig_mm_k16_r16_c16_m4_w8_l2,mm,migration,module,SystolicCore,systolic_core_task_16_16_32_2_16_16_4_2_340132779_s,64281,39183,514,0,0,,,
mig_mm_k16_r16_c16_m4_w8_l2,mm,migration,subblock,SystolicCore.LOAD_A,,1713,196,0,0,0,,,
mig_mm_k16_r16_c16_m4_w8_l2,mm,migration,subblock,SystolicCore.LOAD_B,,375,200,0,0,0,,,
mig_mm_k16_r16_c16_m4_w8_l2,mm,migration,subblock,SystolicCore.SWEEP,,54105,36739,512,0,0,,,
mig_mm_k16_r16_c16_m4_w8_l2,mm,migration,module,SystolicStore,systolic_store_task_64_16_16_32_2_2_340132779_34212151_s,726,422,1,0,0,,,
mig_mm_k16_r16_c16_m4_w8_l2,mm,migration,subblock,SystolicStore.WORDS,,327,105,0,0,0,,,
mig_mm_k16_r16_c16_m4_w8_l2,mm,migration,module,UnitReplyFramer,unit_reply_task_64_s,351,354,0,0,0,,,
mig_mm_k16_r16_c16_m4_w8_l2,mm,migration,subblock,UnitReplyFramer.PAYLOAD,,138,35,0,0,0,,,
mig_mm_k16_r16_c16_m4_w8_l2,mm,migration,module,MemWStream,mem_w_stream_framed_done_task_64_8_s,1613,2265,0,0,0,,,
mig_mm_k16_r16_c16_m4_w8_l2,mm,migration,subblock,MemWStream.BUFF,,826,642,0,0,0,,,
mig_mm_k16_r16_c16_m4_w8_l2,mm,migration,subblock,MemWStream.S2A,,137,100,0,0,0,,,
mig_mm_k16_r16_c16_m4_w8_l2,mm,migration,subblock,MemWStream.ECHO,,171,98,0,0,0,,,
mig_mm_k16_r16_c16_m4_w8_l2,mm,migration,memory,unit_a_U,,0,0,0,1,0,128,32,2
mig_mm_k16_r16_c16_m4_w8_l2,mm,migration,memory,unit_b_U,,0,0,0,1,0,256,32,2
mig_mm_k16_r16_c16_m4_w8_l2,mm,migration,memory,unit_c_U,,0,0,0,1,0,256,32,2
mig_mm_k16_r16_c16_m4_w8_l2,mm,migration,fifo,m_in_c_U,,0,99,0,0,0,3,64,1
mig_mm_k16_r16_c16_m4_w8_l2,mm,migration,fifo,m_out_c_U,,0,99,0,0,0,9,64,1
mig_mm_k16_r16_c16_m4_w8_l2,mm,migration,fifo,rd_cmd_U,,0,99,0,0,0,2,65,1
mig_mm_k16_r16_c16_m4_w8_l2,mm,migration,fifo,rd_data_U,,0,99,0,0,0,2,65,1
mig_mm_k16_r16_c16_m4_w8_l2,mm,migration,fifo,reply_U,,0,99,0,0,0,2,65,1
mig_mm_k16_r16_c16_m4_w8_l2,mm,migration,fifo,unit_ccmd_U,,0,99,0,0,0,2,64,1
mig_mm_k16_r16_c16_m4_w8_l2,mm,migration,fifo,unit_lcmd_U,,0,99,0,0,0,2,64,1
mig_mm_k16_r16_c16_m4_w8_l2,mm,migration,fifo,unit_pay_U,,0,99,0,0,0,2,65,1
mig_mm_k16_r16_c16_m4_w8_l2,mm,migration,fifo,unit_reply_U,,0,99,0,0,0,2,65,1
mig_mm_k16_r16_c16_m4_w8_l2,mm,migration,fifo,wr_U,,0,99,0,0,0,2,65,1
mig_mm_k16_r16_c16_m4_w8_l2,mm,migration,instance,control_s_axi_U,,296,170,0,0,0,0,0,0
mig_mm_k16_r16_c16_m4_w8_l2,mm,migration,instance,entry_proc_U0,,29,2,0,0,0,0,0,0
mig_mm_k16_r16_c16_m4_w8_l2,mm,migration,instance,gmem0_m_axi_U,,823,725,0,4,0,0,0,0
mig_mm_k16_r16_c16_m4_w8_l2,mm,migration,instance,gmem1_m_axi_U,,811,719,0,4,0,0,0,0
mig_mm_k16_r16_c16_m4_w8_l2,mm,migration,unitemized,unitemized,,669,0,0,0,0,0,0,0
mig_mm_k16_r16_c16_m4_w16_l2,mm,migration,module,UnitReqFramer,unit_req_task_64_s,117,72,0,0,0,,,
mig_mm_k16_r16_c16_m4_w16_l2,mm,migration,module,MemRStream,mem_r_stream_framed_task_64_s,817,502,0,0,0,,,
mig_mm_k16_r16_c16_m4_w16_l2,mm,migration,subblock,MemRStream.RELAY,,157,34,0,0,0,,,
mig_mm_k16_r16_c16_m4_w16_l2,mm,migration,subblock,MemRStream.A2S,,174,102,0,0,0,,,
mig_mm_k16_r16_c16_m4_w16_l2,mm,migration,module,SystolicRx,systolic_rx_task_64_16_16_32_2_16_16_654753759_s,844,331,3,0,0,,,
mig_mm_k16_r16_c16_m4_w16_l2,mm,migration,subblock,SystolicRx.FWD,,138,35,0,0,0,,,
mig_mm_k16_r16_c16_m4_w16_l2,mm,migration,module,SystolicLoad,systolic_load_task_64_16_16_32_2_2_2113842304_654753759_s,2886,1364,2,0,0,,,
mig_mm_k16_r16_c16_m4_w16_l2,mm,migration,subblock,SystolicLoad.WORDS,,315,197,0,0,0,,,
mig_mm_k16_r16_c16_m4_w16_l2,mm,migration,subblock,SystolicLoad.ELEMS,,1912,642,0,0,0,,,
mig_mm_k16_r16_c16_m4_w16_l2,mm,migration,subblock,SystolicLoad.WORDS1,,312,193,0,0,0,,,
mig_mm_k16_r16_c16_m4_w16_l2,mm,migration,module,SystolicCore,systolic_core_task_16_16_32_2_16_16_4_2_2113842304_s,53105,73203,1026,0,0,,,
mig_mm_k16_r16_c16_m4_w16_l2,mm,migration,subblock,SystolicCore.LOAD_A,,1713,196,0,0,0,,,
mig_mm_k16_r16_c16_m4_w16_l2,mm,migration,subblock,SystolicCore.LOAD_B,,375,200,0,0,0,,,
mig_mm_k16_r16_c16_m4_w16_l2,mm,migration,subblock,SystolicCore.SWEEP,,42585,69409,1024,0,0,,,
mig_mm_k16_r16_c16_m4_w16_l2,mm,migration,module,SystolicStore,systolic_store_task_64_16_16_32_2_2_2113842304_654753759_s,758,454,1,0,0,,,
mig_mm_k16_r16_c16_m4_w16_l2,mm,migration,subblock,SystolicStore.WORDS,,359,137,0,0,0,,,
mig_mm_k16_r16_c16_m4_w16_l2,mm,migration,module,UnitReplyFramer,unit_reply_task_64_s,351,354,0,0,0,,,
mig_mm_k16_r16_c16_m4_w16_l2,mm,migration,subblock,UnitReplyFramer.PAYLOAD,,138,35,0,0,0,,,
mig_mm_k16_r16_c16_m4_w16_l2,mm,migration,module,MemWStream,mem_w_stream_framed_done_task_64_8_s,1613,2265,0,0,0,,,
mig_mm_k16_r16_c16_m4_w16_l2,mm,migration,subblock,MemWStream.BUFF,,826,642,0,0,0,,,
mig_mm_k16_r16_c16_m4_w16_l2,mm,migration,subblock,MemWStream.S2A,,137,100,0,0,0,,,
mig_mm_k16_r16_c16_m4_w16_l2,mm,migration,subblock,MemWStream.ECHO,,171,98,0,0,0,,,
mig_mm_k16_r16_c16_m4_w16_l2,mm,migration,memory,unit_a_U,,0,0,0,2,0,128,64,2
mig_mm_k16_r16_c16_m4_w16_l2,mm,migration,memory,unit_b_U,,0,0,0,2,0,256,64,2
mig_mm_k16_r16_c16_m4_w16_l2,mm,migration,memory,unit_c_U,,0,0,0,2,0,256,64,2
mig_mm_k16_r16_c16_m4_w16_l2,mm,migration,fifo,m_in_c_U,,0,99,0,0,0,3,64,1
mig_mm_k16_r16_c16_m4_w16_l2,mm,migration,fifo,m_out_c_U,,0,99,0,0,0,9,64,1
mig_mm_k16_r16_c16_m4_w16_l2,mm,migration,fifo,rd_cmd_U,,0,99,0,0,0,2,65,1
mig_mm_k16_r16_c16_m4_w16_l2,mm,migration,fifo,rd_data_U,,0,99,0,0,0,2,65,1
mig_mm_k16_r16_c16_m4_w16_l2,mm,migration,fifo,reply_U,,0,99,0,0,0,2,65,1
mig_mm_k16_r16_c16_m4_w16_l2,mm,migration,fifo,unit_ccmd_U,,0,99,0,0,0,2,64,1
mig_mm_k16_r16_c16_m4_w16_l2,mm,migration,fifo,unit_lcmd_U,,0,99,0,0,0,2,64,1
mig_mm_k16_r16_c16_m4_w16_l2,mm,migration,fifo,unit_pay_U,,0,99,0,0,0,2,65,1
mig_mm_k16_r16_c16_m4_w16_l2,mm,migration,fifo,unit_reply_U,,0,99,0,0,0,2,65,1
mig_mm_k16_r16_c16_m4_w16_l2,mm,migration,fifo,wr_U,,0,99,0,0,0,2,65,1
mig_mm_k16_r16_c16_m4_w16_l2,mm,migration,instance,control_s_axi_U,,296,170,0,0,0,0,0,0
mig_mm_k16_r16_c16_m4_w16_l2,mm,migration,instance,entry_proc_U0,,29,2,0,0,0,0,0,0
mig_mm_k16_r16_c16_m4_w16_l2,mm,migration,instance,gmem0_m_axi_U,,823,725,0,4,0,0,0,0
mig_mm_k16_r16_c16_m4_w16_l2,mm,migration,instance,gmem1_m_axi_U,,811,719,0,4,0,0,0,0
mig_mm_k16_r16_c16_m4_w16_l2,mm,migration,unitemized,unitemized,,669,0,0,0,0,0,0,0
mig_mm_k16_r1_c32_m4_w8_l2,mm,migration,module,UnitReqFramer,unit_req_task_64_s,117,72,0,0,0,,,
mig_mm_k16_r1_c32_m4_w8_l2,mm,migration,module,MemRStream,mem_r_stream_framed_task_64_s,817,502,0,0,0,,,
mig_mm_k16_r1_c32_m4_w8_l2,mm,migration,subblock,MemRStream.RELAY,,157,34,0,0,0,,,
mig_mm_k16_r1_c32_m4_w8_l2,mm,migration,subblock,MemRStream.A2S,,174,102,0,0,0,,,
mig_mm_k16_r1_c32_m4_w8_l2,mm,migration,module,SystolicRx,systolic_rx_task_64_16_16_32_2_1_32_34212151_s,840,328,3,0,0,,,
mig_mm_k16_r1_c32_m4_w8_l2,mm,migration,subblock,SystolicRx.FWD,,138,35,0,0,0,,,
mig_mm_k16_r1_c32_m4_w8_l2,mm,migration,module,SystolicLoad,systolic_load_task_64_16_16_32_2_2_340132779_34212151_s,2644,1127,2,0,0,,,
mig_mm_k16_r1_c32_m4_w8_l2,mm,migration,subblock,SystolicLoad.WORDS,,433,175,0,0,0,,,
mig_mm_k16_r1_c32_m4_w8_l2,mm,migration,subblock,SystolicLoad.ELEMS,,1434,449,0,0,0,,,
mig_mm_k16_r1_c32_m4_w8_l2,mm,migration,subblock,SystolicLoad.WORDS1,,430,171,0,0,0,,,
mig_mm_k16_r1_c32_m4_w8_l2,mm,migration,module,SystolicCore,systolic_core_task_16_16_32_2_1_32_4_2_340132779_s,17660,6211,66,0,0,,,
mig_mm_k16_r1_c32_m4_w8_l2,mm,migration,subblock,SystolicCore.LOAD_A,,1713,196,0,0,0,,,
mig_mm_k16_r1_c32_m4_w8_l2,mm,migration,subblock,SystolicCore.LOAD_B,,363,196,0,0,0,,,
mig_mm_k16_r1_c32_m4_w8_l2,mm,migration,subblock,SystolicCore.SWEEP,,9204,4283,64,0,0,,,
mig_mm_k16_r1_c32_m4_w8_l2,mm,migration,module,SystolicStore,systolic_store_task_64_16_16_32_2_2_340132779_34212151_s,726,422,1,0,0,,,
mig_mm_k16_r1_c32_m4_w8_l2,mm,migration,subblock,SystolicStore.WORDS,,327,105,0,0,0,,,
mig_mm_k16_r1_c32_m4_w8_l2,mm,migration,module,UnitReplyFramer,unit_reply_task_64_s,351,354,0,0,0,,,
mig_mm_k16_r1_c32_m4_w8_l2,mm,migration,subblock,UnitReplyFramer.PAYLOAD,,138,35,0,0,0,,,
mig_mm_k16_r1_c32_m4_w8_l2,mm,migration,module,MemWStream,mem_w_stream_framed_done_task_64_8_s,1613,2265,0,0,0,,,
mig_mm_k16_r1_c32_m4_w8_l2,mm,migration,subblock,MemWStream.BUFF,,826,642,0,0,0,,,
mig_mm_k16_r1_c32_m4_w8_l2,mm,migration,subblock,MemWStream.S2A,,137,100,0,0,0,,,
mig_mm_k16_r1_c32_m4_w8_l2,mm,migration,subblock,MemWStream.ECHO,,171,98,0,0,0,,,
mig_mm_k16_r1_c32_m4_w8_l2,mm,migration,memory,unit_a_U,,0,0,0,1,0,128,32,2
mig_mm_k16_r1_c32_m4_w8_l2,mm,migration,memory,unit_b_U,,0,0,0,1,0,256,32,2
mig_mm_k16_r1_c32_m4_w8_l2,mm,migration,memory,unit_c_U,,0,0,0,1,0,256,32,2
mig_mm_k16_r1_c32_m4_w8_l2,mm,migration,fifo,m_in_c_U,,0,99,0,0,0,3,64,1
mig_mm_k16_r1_c32_m4_w8_l2,mm,migration,fifo,m_out_c_U,,0,99,0,0,0,9,64,1
mig_mm_k16_r1_c32_m4_w8_l2,mm,migration,fifo,rd_cmd_U,,0,99,0,0,0,2,65,1
mig_mm_k16_r1_c32_m4_w8_l2,mm,migration,fifo,rd_data_U,,0,99,0,0,0,2,65,1
mig_mm_k16_r1_c32_m4_w8_l2,mm,migration,fifo,reply_U,,0,99,0,0,0,2,65,1
mig_mm_k16_r1_c32_m4_w8_l2,mm,migration,fifo,unit_ccmd_U,,0,99,0,0,0,2,64,1
mig_mm_k16_r1_c32_m4_w8_l2,mm,migration,fifo,unit_lcmd_U,,0,99,0,0,0,2,64,1
mig_mm_k16_r1_c32_m4_w8_l2,mm,migration,fifo,unit_pay_U,,0,99,0,0,0,2,65,1
mig_mm_k16_r1_c32_m4_w8_l2,mm,migration,fifo,unit_reply_U,,0,99,0,0,0,2,65,1
mig_mm_k16_r1_c32_m4_w8_l2,mm,migration,fifo,wr_U,,0,99,0,0,0,2,65,1
mig_mm_k16_r1_c32_m4_w8_l2,mm,migration,instance,control_s_axi_U,,296,170,0,0,0,0,0,0
mig_mm_k16_r1_c32_m4_w8_l2,mm,migration,instance,entry_proc_U0,,29,2,0,0,0,0,0,0
mig_mm_k16_r1_c32_m4_w8_l2,mm,migration,instance,gmem0_m_axi_U,,823,725,0,4,0,0,0,0
mig_mm_k16_r1_c32_m4_w8_l2,mm,migration,instance,gmem1_m_axi_U,,811,719,0,4,0,0,0,0
mig_mm_k16_r1_c32_m4_w8_l2,mm,migration,unitemized,unitemized,,669,0,0,0,0,0,0,0
mig_mm_k16_r1_c32_m4_w16_l2,mm,migration,module,UnitReqFramer,unit_req_task_64_s,117,72,0,0,0,,,
mig_mm_k16_r1_c32_m4_w16_l2,mm,migration,module,MemRStream,mem_r_stream_framed_task_64_s,817,502,0,0,0,,,
mig_mm_k16_r1_c32_m4_w16_l2,mm,migration,subblock,MemRStream.RELAY,,157,34,0,0,0,,,
mig_mm_k16_r1_c32_m4_w16_l2,mm,migration,subblock,MemRStream.A2S,,174,102,0,0,0,,,
mig_mm_k16_r1_c32_m4_w16_l2,mm,migration,module,SystolicRx,systolic_rx_task_64_16_16_32_2_1_32_654753759_s,840,328,3,0,0,,,
mig_mm_k16_r1_c32_m4_w16_l2,mm,migration,subblock,SystolicRx.FWD,,138,35,0,0,0,,,
mig_mm_k16_r1_c32_m4_w16_l2,mm,migration,module,SystolicLoad,systolic_load_task_64_16_16_32_2_2_2113842304_654753759_s,2886,1364,2,0,0,,,
mig_mm_k16_r1_c32_m4_w16_l2,mm,migration,subblock,SystolicLoad.WORDS,,315,197,0,0,0,,,
mig_mm_k16_r1_c32_m4_w16_l2,mm,migration,subblock,SystolicLoad.ELEMS,,1912,642,0,0,0,,,
mig_mm_k16_r1_c32_m4_w16_l2,mm,migration,subblock,SystolicLoad.WORDS1,,312,193,0,0,0,,,
mig_mm_k16_r1_c32_m4_w16_l2,mm,migration,module,SystolicCore,systolic_core_task_16_16_32_2_1_32_4_2_2113842304_s,17220,11873,130,0,0,,,
mig_mm_k16_r1_c32_m4_w16_l2,mm,migration,subblock,SystolicCore.LOAD_A,,1713,196,0,0,0,,,
mig_mm_k16_r1_c32_m4_w16_l2,mm,migration,subblock,SystolicCore.LOAD_B,,363,196,0,0,0,,,
mig_mm_k16_r1_c32_m4_w16_l2,mm,migration,subblock,SystolicCore.SWEEP,,8420,8835,128,0,0,,,
mig_mm_k16_r1_c32_m4_w16_l2,mm,migration,module,SystolicStore,systolic_store_task_64_16_16_32_2_2_2113842304_654753759_s,758,454,1,0,0,,,
mig_mm_k16_r1_c32_m4_w16_l2,mm,migration,subblock,SystolicStore.WORDS,,359,137,0,0,0,,,
mig_mm_k16_r1_c32_m4_w16_l2,mm,migration,module,UnitReplyFramer,unit_reply_task_64_s,351,354,0,0,0,,,
mig_mm_k16_r1_c32_m4_w16_l2,mm,migration,subblock,UnitReplyFramer.PAYLOAD,,138,35,0,0,0,,,
mig_mm_k16_r1_c32_m4_w16_l2,mm,migration,module,MemWStream,mem_w_stream_framed_done_task_64_8_s,1613,2265,0,0,0,,,
mig_mm_k16_r1_c32_m4_w16_l2,mm,migration,subblock,MemWStream.BUFF,,826,642,0,0,0,,,
mig_mm_k16_r1_c32_m4_w16_l2,mm,migration,subblock,MemWStream.S2A,,137,100,0,0,0,,,
mig_mm_k16_r1_c32_m4_w16_l2,mm,migration,subblock,MemWStream.ECHO,,171,98,0,0,0,,,
mig_mm_k16_r1_c32_m4_w16_l2,mm,migration,memory,unit_a_U,,0,0,0,2,0,128,64,2
mig_mm_k16_r1_c32_m4_w16_l2,mm,migration,memory,unit_b_U,,0,0,0,2,0,256,64,2
mig_mm_k16_r1_c32_m4_w16_l2,mm,migration,memory,unit_c_U,,0,0,0,2,0,256,64,2
mig_mm_k16_r1_c32_m4_w16_l2,mm,migration,fifo,m_in_c_U,,0,99,0,0,0,3,64,1
mig_mm_k16_r1_c32_m4_w16_l2,mm,migration,fifo,m_out_c_U,,0,99,0,0,0,9,64,1
mig_mm_k16_r1_c32_m4_w16_l2,mm,migration,fifo,rd_cmd_U,,0,99,0,0,0,2,65,1
mig_mm_k16_r1_c32_m4_w16_l2,mm,migration,fifo,rd_data_U,,0,99,0,0,0,2,65,1
mig_mm_k16_r1_c32_m4_w16_l2,mm,migration,fifo,reply_U,,0,99,0,0,0,2,65,1
mig_mm_k16_r1_c32_m4_w16_l2,mm,migration,fifo,unit_ccmd_U,,0,99,0,0,0,2,64,1
mig_mm_k16_r1_c32_m4_w16_l2,mm,migration,fifo,unit_lcmd_U,,0,99,0,0,0,2,64,1
mig_mm_k16_r1_c32_m4_w16_l2,mm,migration,fifo,unit_pay_U,,0,99,0,0,0,2,65,1
mig_mm_k16_r1_c32_m4_w16_l2,mm,migration,fifo,unit_reply_U,,0,99,0,0,0,2,65,1
mig_mm_k16_r1_c32_m4_w16_l2,mm,migration,fifo,wr_U,,0,99,0,0,0,2,65,1
mig_mm_k16_r1_c32_m4_w16_l2,mm,migration,instance,control_s_axi_U,,296,170,0,0,0,0,0,0
mig_mm_k16_r1_c32_m4_w16_l2,mm,migration,instance,entry_proc_U0,,29,2,0,0,0,0,0,0
mig_mm_k16_r1_c32_m4_w16_l2,mm,migration,instance,gmem0_m_axi_U,,823,725,0,4,0,0,0,0
mig_mm_k16_r1_c32_m4_w16_l2,mm,migration,instance,gmem1_m_axi_U,,811,719,0,4,0,0,0,0
mig_mm_k16_r1_c32_m4_w16_l2,mm,migration,unitemized,unitemized,,669,0,0,0,0,0,0,0
mig_mm_k8_r4_c16_m4_w12_l16,mm,migration,module,UnitReqFramer,unit_req_task_64_s,117,72,0,0,0,,,
mig_mm_k8_r4_c16_m4_w12_l16,mm,migration,module,MemRStream,mem_r_stream_framed_task_64_s,817,502,0,0,0,,,
mig_mm_k8_r4_c16_m4_w12_l16,mm,migration,subblock,MemRStream.RELAY,,157,34,0,0,0,,,
mig_mm_k8_r4_c16_m4_w12_l16,mm,migration,subblock,MemRStream.A2S,,174,102,0,0,0,,,
mig_mm_k8_r4_c16_m4_w12_l16,mm,migration,module,SystolicRx,systolic_rx_task_64_8_8_32_16_4_16_1556958752_s,892,325,3,0,0,,,
mig_mm_k8_r4_c16_m4_w12_l16,mm,migration,subblock,SystolicRx.FWD,,138,35,0,0,0,,,
mig_mm_k8_r4_c16_m4_w12_l16,mm,migration,module,SystolicLoad,systolic_load_task_64_8_8_32_16_2_998446828_1556958752_s,18605,5471,2,0,0,,,
mig_mm_k8_r4_c16_m4_w12_l16,mm,migration,subblock,SystolicLoad.WORDS,,621,611,0,0,0,,,
mig_mm_k8_r4_c16_m4_w12_l16,mm,migration,subblock,SystolicLoad.ELEMS,,9775,2313,0,0,0,,,
mig_mm_k8_r4_c16_m4_w12_l16,mm,migration,subblock,SystolicLoad.WORDS1,,618,609,0,0,0,,,
mig_mm_k8_r4_c16_m4_w12_l16,mm,migration,module,SystolicCore,systolic_core_task_8_8_32_16_4_16_4_2_998446828_s,23146,18211,258,0,0,,,
mig_mm_k8_r4_c16_m4_w12_l16,mm,migration,subblock,SystolicCore.LOAD_A,,3893,3188,0,0,0,,,
mig_mm_k8_r4_c16_m4_w12_l16,mm,migration,subblock,SystolicCore.LOAD_B,,319,132,0,0,0,,,
mig_mm_k8_r4_c16_m4_w12_l16,mm,migration,subblock,SystolicCore.SWEEP,,11433,12890,256,0,0,,,
mig_mm_k8_r4_c16_m4_w12_l16,mm,migration,subblock,SystolicCore.OUT_C,,5528,1200,0,0,0,,,
mig_mm_k8_r4_c16_m4_w12_l16,mm,migration,module,SystolicStore,systolic_store_task_64_8_8_32_16_2_998446828_1556958752_s,1319,839,1,0,0,,,
mig_mm_k8_r4_c16_m4_w12_l16,mm,migration,subblock,SystolicStore.WORDS,,920,522,0,0,0,,,
mig_mm_k8_r4_c16_m4_w12_l16,mm,migration,module,UnitReplyFramer,unit_reply_task_64_s,351,354,0,0,0,,,
mig_mm_k8_r4_c16_m4_w12_l16,mm,migration,subblock,UnitReplyFramer.PAYLOAD,,138,35,0,0,0,,,
mig_mm_k8_r4_c16_m4_w12_l16,mm,migration,module,MemWStream,mem_w_stream_framed_done_task_64_8_s,1613,2265,0,0,0,,,
mig_mm_k8_r4_c16_m4_w12_l16,mm,migration,subblock,MemWStream.BUFF,,826,642,0,0,0,,,
mig_mm_k8_r4_c16_m4_w12_l16,mm,migration,subblock,MemWStream.S2A,,137,100,0,0,0,,,
mig_mm_k8_r4_c16_m4_w12_l16,mm,migration,subblock,MemWStream.ECHO,,171,98,0,0,0,,,
mig_mm_k8_r4_c16_m4_w12_l16,mm,migration,memory,unit_a_U,,0,0,0,11,0,4,384,2
mig_mm_k8_r4_c16_m4_w12_l16,mm,migration,memory,unit_b_U,,0,0,0,11,0,16,384,2
mig_mm_k8_r4_c16_m4_w12_l16,mm,migration,memory,unit_c_U,,0,0,0,11,0,16,384,2
mig_mm_k8_r4_c16_m4_w12_l16,mm,migration,fifo,m_in_c_U,,0,99,0,0,0,3,64,1
mig_mm_k8_r4_c16_m4_w12_l16,mm,migration,fifo,m_out_c_U,,0,99,0,0,0,9,64,1
mig_mm_k8_r4_c16_m4_w12_l16,mm,migration,fifo,rd_cmd_U,,0,99,0,0,0,2,65,1
mig_mm_k8_r4_c16_m4_w12_l16,mm,migration,fifo,rd_data_U,,0,99,0,0,0,2,65,1
mig_mm_k8_r4_c16_m4_w12_l16,mm,migration,fifo,reply_U,,0,99,0,0,0,2,65,1
mig_mm_k8_r4_c16_m4_w12_l16,mm,migration,fifo,unit_ccmd_U,,0,99,0,0,0,2,64,1
mig_mm_k8_r4_c16_m4_w12_l16,mm,migration,fifo,unit_lcmd_U,,0,99,0,0,0,2,64,1
mig_mm_k8_r4_c16_m4_w12_l16,mm,migration,fifo,unit_pay_U,,0,99,0,0,0,2,65,1
mig_mm_k8_r4_c16_m4_w12_l16,mm,migration,fifo,unit_reply_U,,0,99,0,0,0,2,65,1
mig_mm_k8_r4_c16_m4_w12_l16,mm,migration,fifo,wr_U,,0,99,0,0,0,2,65,1
mig_mm_k8_r4_c16_m4_w12_l16,mm,migration,instance,control_s_axi_U,,296,170,0,0,0,0,0,0
mig_mm_k8_r4_c16_m4_w12_l16,mm,migration,instance,entry_proc_U0,,29,2,0,0,0,0,0,0
mig_mm_k8_r4_c16_m4_w12_l16,mm,migration,instance,gmem0_m_axi_U,,823,725,0,4,0,0,0,0
mig_mm_k8_r4_c16_m4_w12_l16,mm,migration,instance,gmem1_m_axi_U,,811,719,0,4,0,0,0,0
mig_mm_k8_r4_c16_m4_w12_l16,mm,migration,unitemized,unitemized,,669,0,0,0,0,0,0,0
mig_mm_k8_r1_c16_m4_w8_l16,mm,migration,module,UnitReqFramer,unit_req_task_64_s,117,72,0,0,0,,,
mig_mm_k8_r1_c16_m4_w8_l16,mm,migration,module,MemRStream,mem_r_stream_framed_task_64_s,817,502,0,0,0,,,
mig_mm_k8_r1_c16_m4_w8_l16,mm,migration,subblock,MemRStream.RELAY,,157,34,0,0,0,,,
mig_mm_k8_r1_c16_m4_w8_l16,mm,migration,subblock,MemRStream.A2S,,174,102,0,0,0,,,
mig_mm_k8_r1_c16_m4_w8_l16,mm,migration,module,SystolicRx,systolic_rx_task_64_8_8_32_16_1_16_34212151_s,890,327,3,0,0,,,
mig_mm_k8_r1_c16_m4_w8_l16,mm,migration,subblock,SystolicRx.FWD,,138,35,0,0,0,,,
mig_mm_k8_r1_c16_m4_w8_l16,mm,migration,module,SystolicLoad,systolic_load_task_64_8_8_32_16_2_669609_34212151_s,12328,3040,2,0,0,,,
mig_mm_k8_r1_c16_m4_w8_l16,mm,migration,subblock,SystolicLoad.WORDS,,581,467,0,0,0,,,
mig_mm_k8_r1_c16_m4_w8_l16,mm,migration,subblock,SystolicLoad.ELEMS,,6358,1142,0,0,0,,,
mig_mm_k8_r1_c16_m4_w8_l16,mm,migration,subblock,SystolicLoad.WORDS1,,578,465,0,0,0,,,
mig_mm_k8_r1_c16_m4_w8_l16,mm,migration,module,SystolicCore,systolic_core_task_8_8_32_16_1_16_4_2_669609_s,15257,5292,34,0,0,,,
mig_mm_k8_r1_c16_m4_w8_l16,mm,migration,subblock,SystolicCore.LOAD_A,,3125,2164,0,0,0,,,
mig_mm_k8_r1_c16_m4_w8_l16,mm,migration,subblock,SystolicCore.LOAD_B,,319,132,0,0,0,,,
mig_mm_k8_r1_c16_m4_w8_l16,mm,migration,subblock,SystolicCore.SWEEP,,5734,2100,32,0,0,,,
mig_mm_k8_r1_c16_m4_w8_l16,mm,migration,module,SystolicStore,systolic_store_task_64_8_8_32_16_2_669609_34212151_s,1181,711,1,0,0,,,
mig_mm_k8_r1_c16_m4_w8_l16,mm,migration,subblock,SystolicStore.WORDS,,782,394,0,0,0,,,
mig_mm_k8_r1_c16_m4_w8_l16,mm,migration,module,UnitReplyFramer,unit_reply_task_64_s,351,354,0,0,0,,,
mig_mm_k8_r1_c16_m4_w8_l16,mm,migration,subblock,UnitReplyFramer.PAYLOAD,,138,35,0,0,0,,,
mig_mm_k8_r1_c16_m4_w8_l16,mm,migration,module,MemWStream,mem_w_stream_framed_done_task_64_8_s,1613,2265,0,0,0,,,
mig_mm_k8_r1_c16_m4_w8_l16,mm,migration,subblock,MemWStream.BUFF,,826,642,0,0,0,,,
mig_mm_k8_r1_c16_m4_w8_l16,mm,migration,subblock,MemWStream.S2A,,137,100,0,0,0,,,
mig_mm_k8_r1_c16_m4_w8_l16,mm,migration,subblock,MemWStream.ECHO,,171,98,0,0,0,,,
mig_mm_k8_r1_c16_m4_w8_l16,mm,migration,memory,unit_a_U,,0,0,0,8,0,4,256,2
mig_mm_k8_r1_c16_m4_w8_l16,mm,migration,memory,unit_b_U,,0,0,0,8,0,16,256,2
mig_mm_k8_r1_c16_m4_w8_l16,mm,migration,memory,unit_c_U,,0,0,0,8,0,16,256,2
mig_mm_k8_r1_c16_m4_w8_l16,mm,migration,fifo,m_in_c_U,,0,99,0,0,0,3,64,1
mig_mm_k8_r1_c16_m4_w8_l16,mm,migration,fifo,m_out_c_U,,0,99,0,0,0,9,64,1
mig_mm_k8_r1_c16_m4_w8_l16,mm,migration,fifo,rd_cmd_U,,0,99,0,0,0,2,65,1
mig_mm_k8_r1_c16_m4_w8_l16,mm,migration,fifo,rd_data_U,,0,99,0,0,0,2,65,1
mig_mm_k8_r1_c16_m4_w8_l16,mm,migration,fifo,reply_U,,0,99,0,0,0,2,65,1
mig_mm_k8_r1_c16_m4_w8_l16,mm,migration,fifo,unit_ccmd_U,,0,99,0,0,0,2,64,1
mig_mm_k8_r1_c16_m4_w8_l16,mm,migration,fifo,unit_lcmd_U,,0,99,0,0,0,2,64,1
mig_mm_k8_r1_c16_m4_w8_l16,mm,migration,fifo,unit_pay_U,,0,99,0,0,0,2,65,1
mig_mm_k8_r1_c16_m4_w8_l16,mm,migration,fifo,unit_reply_U,,0,99,0,0,0,2,65,1
mig_mm_k8_r1_c16_m4_w8_l16,mm,migration,fifo,wr_U,,0,99,0,0,0,2,65,1
mig_mm_k8_r1_c16_m4_w8_l16,mm,migration,instance,control_s_axi_U,,296,170,0,0,0,0,0,0
mig_mm_k8_r1_c16_m4_w8_l16,mm,migration,instance,entry_proc_U0,,29,2,0,0,0,0,0,0
mig_mm_k8_r1_c16_m4_w8_l16,mm,migration,instance,gmem0_m_axi_U,,823,725,0,4,0,0,0,0
mig_mm_k8_r1_c16_m4_w8_l16,mm,migration,instance,gmem1_m_axi_U,,811,719,0,4,0,0,0,0
mig_mm_k8_r1_c16_m4_w8_l16,mm,migration,unitemized,unitemized,,669,0,0,0,0,0,0,0
mig_mm_k8_r1_c16_m4_w16_l16,mm,migration,module,UnitReqFramer,unit_req_task_64_s,117,72,0,0,0,,,
mig_mm_k8_r1_c16_m4_w16_l16,mm,migration,module,MemRStream,mem_r_stream_framed_task_64_s,817,502,0,0,0,,,
mig_mm_k8_r1_c16_m4_w16_l16,mm,migration,subblock,MemRStream.RELAY,,157,34,0,0,0,,,
mig_mm_k8_r1_c16_m4_w16_l16,mm,migration,subblock,MemRStream.A2S,,174,102,0,0,0,,,
mig_mm_k8_r1_c16_m4_w16_l16,mm,migration,module,SystolicRx,systolic_rx_task_64_8_8_32_16_1_16_654753759_s,890,327,3,0,0,,,
mig_mm_k8_r1_c16_m4_w16_l16,mm,migration,subblock,SystolicRx.FWD,,138,35,0,0,0,,,
mig_mm_k8_r1_c16_m4_w16_l16,mm,migration,module,SystolicLoad,systolic_load_task_64_8_8_32_16_2_1589220687_654753759_s,24207,5868,2,0,0,,,
mig_mm_k8_r1_c16_m4_w16_l16,mm,migration,subblock,SystolicLoad.WORDS,,463,745,0,0,0,,,
mig_mm_k8_r1_c16_m4_w16_l16,mm,migration,subblock,SystolicLoad.ELEMS,,12997,2906,0,0,0,,,
mig_mm_k8_r1_c16_m4_w16_l16,mm,migration,subblock,SystolicLoad.WORDS1,,460,743,0,0,0,,,
mig_mm_k8_r1_c16_m4_w16_l16,mm,migration,module,SystolicCore,systolic_core_task_8_8_32_16_1_16_4_2_1589220687_s,18121,10103,66,0,0,,,
mig_mm_k8_r1_c16_m4_w16_l16,mm,migration,subblock,SystolicCore.LOAD_A,,5173,4212,0,0,0,,,
mig_mm_k8_r1_c16_m4_w16_l16,mm,migration,subblock,SystolicCore.LOAD_B,,319,132,0,0,0,,,
mig_mm_k8_r1_c16_m4_w16_l16,mm,migration,subblock,SystolicCore.SWEEP,,5270,4303,64,0,0,,,
mig_mm_k8_r1_c16_m4_w16_l16,mm,migration,module,SystolicStore,systolic_store_task_64_8_8_32_16_2_1589220687_654753759_s,1510,967,1,0,0,,,
mig_mm_k8_r1_c16_m4_w16_l16,mm,migration,subblock,SystolicStore.WORDS,,1111,650,0,0,0,,,
mig_mm_k8_r1_c16_m4_w16_l16,mm,migration,module,UnitReplyFramer,unit_reply_task_64_s,351,354,0,0,0,,,
mig_mm_k8_r1_c16_m4_w16_l16,mm,migration,subblock,UnitReplyFramer.PAYLOAD,,138,35,0,0,0,,,
mig_mm_k8_r1_c16_m4_w16_l16,mm,migration,module,MemWStream,mem_w_stream_framed_done_task_64_8_s,1613,2265,0,0,0,,,
mig_mm_k8_r1_c16_m4_w16_l16,mm,migration,subblock,MemWStream.BUFF,,826,642,0,0,0,,,
mig_mm_k8_r1_c16_m4_w16_l16,mm,migration,subblock,MemWStream.S2A,,137,100,0,0,0,,,
mig_mm_k8_r1_c16_m4_w16_l16,mm,migration,subblock,MemWStream.ECHO,,171,98,0,0,0,,,
mig_mm_k8_r1_c16_m4_w16_l16,mm,migration,memory,unit_a_U,,0,0,0,15,0,4,512,2
mig_mm_k8_r1_c16_m4_w16_l16,mm,migration,memory,unit_b_U,,0,0,0,15,0,16,512,2
mig_mm_k8_r1_c16_m4_w16_l16,mm,migration,memory,unit_c_U,,0,0,0,15,0,16,512,2
mig_mm_k8_r1_c16_m4_w16_l16,mm,migration,fifo,m_in_c_U,,0,99,0,0,0,3,64,1
mig_mm_k8_r1_c16_m4_w16_l16,mm,migration,fifo,m_out_c_U,,0,99,0,0,0,9,64,1
mig_mm_k8_r1_c16_m4_w16_l16,mm,migration,fifo,rd_cmd_U,,0,99,0,0,0,2,65,1
mig_mm_k8_r1_c16_m4_w16_l16,mm,migration,fifo,rd_data_U,,0,99,0,0,0,2,65,1
mig_mm_k8_r1_c16_m4_w16_l16,mm,migration,fifo,reply_U,,0,99,0,0,0,2,65,1
mig_mm_k8_r1_c16_m4_w16_l16,mm,migration,fifo,unit_ccmd_U,,0,99,0,0,0,2,64,1
mig_mm_k8_r1_c16_m4_w16_l16,mm,migration,fifo,unit_lcmd_U,,0,99,0,0,0,2,64,1
mig_mm_k8_r1_c16_m4_w16_l16,mm,migration,fifo,unit_pay_U,,0,99,0,0,0,2,65,1
mig_mm_k8_r1_c16_m4_w16_l16,mm,migration,fifo,unit_reply_U,,0,99,0,0,0,2,65,1
mig_mm_k8_r1_c16_m4_w16_l16,mm,migration,fifo,wr_U,,0,99,0,0,0,2,65,1
mig_mm_k8_r1_c16_m4_w16_l16,mm,migration,instance,control_s_axi_U,,296,170,0,0,0,0,0,0
mig_mm_k8_r1_c16_m4_w16_l16,mm,migration,instance,entry_proc_U0,,29,2,0,0,0,0,0,0
mig_mm_k8_r1_c16_m4_w16_l16,mm,migration,instance,gmem0_m_axi_U,,823,725,0,4,0,0,0,0
mig_mm_k8_r1_c16_m4_w16_l16,mm,migration,instance,gmem1_m_axi_U,,811,719,0,4,0,0,0,0
mig_mm_k8_r1_c16_m4_w16_l16,mm,migration,unitemized,unitemized,,669,0,0,0,0,0,0,0
mig_mm_k8_r8_c32_m4_w8_l16,mm,migration,module,UnitReqFramer,unit_req_task_64_s,117,72,0,0,0,,,
mig_mm_k8_r8_c32_m4_w8_l16,mm,migration,module,MemRStream,mem_r_stream_framed_task_64_s,817,502,0,0,0,,,
mig_mm_k8_r8_c32_m4_w8_l16,mm,migration,subblock,MemRStream.RELAY,,157,34,0,0,0,,,
mig_mm_k8_r8_c32_m4_w8_l16,mm,migration,subblock,MemRStream.A2S,,174,102,0,0,0,,,
mig_mm_k8_r8_c32_m4_w8_l16,mm,migration,module,SystolicRx,systolic_rx_task_64_8_8_32_16_8_32_34212151_s,893,326,3,0,0,,,
mig_mm_k8_r8_c32_m4_w8_l16,mm,migration,subblock,SystolicRx.FWD,,138,35,0,0,0,,,
mig_mm_k8_r8_c32_m4_w8_l16,mm,migration,module,SystolicLoad,systolic_load_task_64_8_8_32_16_2_669609_34212151_s,12328,3040,2,0,0,,,
mig_mm_k8_r8_c32_m4_w8_l16,mm,migration,subblock,SystolicLoad.WORDS,,581,467,0,0,0,,,
mig_mm_k8_r8_c32_m4_w8_l16,mm,migration,subblock,SystolicLoad.ELEMS,,6358,1142,0,0,0,,,
mig_mm_k8_r8_c32_m4_w8_l16,mm,migration,subblock,SystolicLoad.WORDS1,,578,465,0,0,0,,,
mig_mm_k8_r8_c32_m4_w8_l16,mm,migration,module,SystolicCore,systolic_core_task_8_8_32_16_8_32_4_2_669609_s,72180,39739,514,0,0,,,
mig_mm_k8_r8_c32_m4_w8_l16,mm,migration,subblock,SystolicCore.LOAD_A,,3125,2164,0,0,0,,,
mig_mm_k8_r8_c32_m4_w8_l16,mm,migration,subblock,SystolicCore.LOAD_B,,357,193,0,0,0,,,
mig_mm_k8_r8_c32_m4_w8_l16,mm,migration,subblock,SystolicCore.SWEEP,,54636,35684,512,0,0,,,
mig_mm_k8_r8_c32_m4_w8_l16,mm,migration,module,SystolicStore,systolic_store_task_64_8_8_32_16_2_669609_34212151_s,1181,711,1,0,0,,,
mig_mm_k8_r8_c32_m4_w8_l16,mm,migration,subblock,SystolicStore.WORDS,,782,394,0,0,0,,,
mig_mm_k8_r8_c32_m4_w8_l16,mm,migration,module,UnitReplyFramer,unit_reply_task_64_s,351,354,0,0,0,,,
mig_mm_k8_r8_c32_m4_w8_l16,mm,migration,subblock,UnitReplyFramer.PAYLOAD,,138,35,0,0,0,,,
mig_mm_k8_r8_c32_m4_w8_l16,mm,migration,module,MemWStream,mem_w_stream_framed_done_task_64_8_s,1613,2265,0,0,0,,,
mig_mm_k8_r8_c32_m4_w8_l16,mm,migration,subblock,MemWStream.BUFF,,826,642,0,0,0,,,
mig_mm_k8_r8_c32_m4_w8_l16,mm,migration,subblock,MemWStream.S2A,,137,100,0,0,0,,,
mig_mm_k8_r8_c32_m4_w8_l16,mm,migration,subblock,MemWStream.ECHO,,171,98,0,0,0,,,
mig_mm_k8_r8_c32_m4_w8_l16,mm,migration,memory,unit_a_U,,0,0,0,8,0,4,256,2
mig_mm_k8_r8_c32_m4_w8_l16,mm,migration,memory,unit_b_U,,0,0,0,8,0,16,256,2
mig_mm_k8_r8_c32_m4_w8_l16,mm,migration,memory,unit_c_U,,0,0,0,8,0,16,256,2
mig_mm_k8_r8_c32_m4_w8_l16,mm,migration,fifo,m_in_c_U,,0,99,0,0,0,3,64,1
mig_mm_k8_r8_c32_m4_w8_l16,mm,migration,fifo,m_out_c_U,,0,99,0,0,0,9,64,1
mig_mm_k8_r8_c32_m4_w8_l16,mm,migration,fifo,rd_cmd_U,,0,99,0,0,0,2,65,1
mig_mm_k8_r8_c32_m4_w8_l16,mm,migration,fifo,rd_data_U,,0,99,0,0,0,2,65,1
mig_mm_k8_r8_c32_m4_w8_l16,mm,migration,fifo,reply_U,,0,99,0,0,0,2,65,1
mig_mm_k8_r8_c32_m4_w8_l16,mm,migration,fifo,unit_ccmd_U,,0,99,0,0,0,2,64,1
mig_mm_k8_r8_c32_m4_w8_l16,mm,migration,fifo,unit_lcmd_U,,0,99,0,0,0,2,64,1
mig_mm_k8_r8_c32_m4_w8_l16,mm,migration,fifo,unit_pay_U,,0,99,0,0,0,2,65,1
mig_mm_k8_r8_c32_m4_w8_l16,mm,migration,fifo,unit_reply_U,,0,99,0,0,0,2,65,1
mig_mm_k8_r8_c32_m4_w8_l16,mm,migration,fifo,wr_U,,0,99,0,0,0,2,65,1
mig_mm_k8_r8_c32_m4_w8_l16,mm,migration,instance,control_s_axi_U,,296,170,0,0,0,0,0,0
mig_mm_k8_r8_c32_m4_w8_l16,mm,migration,instance,entry_proc_U0,,29,2,0,0,0,0,0,0
mig_mm_k8_r8_c32_m4_w8_l16,mm,migration,instance,gmem0_m_axi_U,,823,725,0,4,0,0,0,0
mig_mm_k8_r8_c32_m4_w8_l16,mm,migration,instance,gmem1_m_axi_U,,811,719,0,4,0,0,0,0
mig_mm_k8_r8_c32_m4_w8_l16,mm,migration,unitemized,unitemized,,669,0,0,0,0,0,0,0
mig_mm_k8_r8_c32_m4_w16_l16,mm,migration,module,UnitReqFramer,unit_req_task_64_s,117,72,0,0,0,,,
mig_mm_k8_r8_c32_m4_w16_l16,mm,migration,module,MemRStream,mem_r_stream_framed_task_64_s,817,502,0,0,0,,,
mig_mm_k8_r8_c32_m4_w16_l16,mm,migration,subblock,MemRStream.RELAY,,157,34,0,0,0,,,
mig_mm_k8_r8_c32_m4_w16_l16,mm,migration,subblock,MemRStream.A2S,,174,102,0,0,0,,,
mig_mm_k8_r8_c32_m4_w16_l16,mm,migration,module,SystolicRx,systolic_rx_task_64_8_8_32_16_8_32_654753759_s,893,326,3,0,0,,,
mig_mm_k8_r8_c32_m4_w16_l16,mm,migration,subblock,SystolicRx.FWD,,138,35,0,0,0,,,
mig_mm_k8_r8_c32_m4_w16_l16,mm,migration,module,SystolicLoad,systolic_load_task_64_8_8_32_16_2_1589220687_654753759_s,24207,5868,2,0,0,,,
mig_mm_k8_r8_c32_m4_w16_l16,mm,migration,subblock,SystolicLoad.WORDS,,463,745,0,0,0,,,
mig_mm_k8_r8_c32_m4_w16_l16,mm,migration,subblock,SystolicLoad.ELEMS,,12997,2906,0,0,0,,,
mig_mm_k8_r8_c32_m4_w16_l16,mm,migration,subblock,SystolicLoad.WORDS1,,460,743,0,0,0,,,
mig_mm_k8_r8_c32_m4_w16_l16,mm,migration,module,SystolicCore,systolic_core_task_8_8_32_16_8_32_4_2_1589220687_s,67444,76150,1026,0,0,,,
mig_mm_k8_r8_c32_m4_w16_l16,mm,migration,subblock,SystolicCore.LOAD_A,,5173,4212,0,0,0,,,
mig_mm_k8_r8_c32_m4_w16_l16,mm,migration,subblock,SystolicCore.LOAD_B,,357,193,0,0,0,,,
mig_mm_k8_r8_c32_m4_w16_l16,mm,migration,subblock,SystolicCore.SWEEP,,42988,68975,1024,0,0,,,
mig_mm_k8_r8_c32_m4_w16_l16,mm,migration,module,SystolicStore,systolic_store_task_64_8_8_32_16_2_1589220687_654753759_s,1510,967,1,0,0,,,
mig_mm_k8_r8_c32_m4_w16_l16,mm,migration,subblock,SystolicStore.WORDS,,1111,650,0,0,0,,,
mig_mm_k8_r8_c32_m4_w16_l16,mm,migration,module,UnitReplyFramer,unit_reply_task_64_s,351,354,0,0,0,,,
mig_mm_k8_r8_c32_m4_w16_l16,mm,migration,subblock,UnitReplyFramer.PAYLOAD,,138,35,0,0,0,,,
mig_mm_k8_r8_c32_m4_w16_l16,mm,migration,module,MemWStream,mem_w_stream_framed_done_task_64_8_s,1613,2265,0,0,0,,,
mig_mm_k8_r8_c32_m4_w16_l16,mm,migration,subblock,MemWStream.BUFF,,826,642,0,0,0,,,
mig_mm_k8_r8_c32_m4_w16_l16,mm,migration,subblock,MemWStream.S2A,,137,100,0,0,0,,,
mig_mm_k8_r8_c32_m4_w16_l16,mm,migration,subblock,MemWStream.ECHO,,171,98,0,0,0,,,
mig_mm_k8_r8_c32_m4_w16_l16,mm,migration,memory,unit_a_U,,0,0,0,15,0,4,512,2
mig_mm_k8_r8_c32_m4_w16_l16,mm,migration,memory,unit_b_U,,0,0,0,15,0,16,512,2
mig_mm_k8_r8_c32_m4_w16_l16,mm,migration,memory,unit_c_U,,0,0,0,15,0,16,512,2
mig_mm_k8_r8_c32_m4_w16_l16,mm,migration,fifo,m_in_c_U,,0,99,0,0,0,3,64,1
mig_mm_k8_r8_c32_m4_w16_l16,mm,migration,fifo,m_out_c_U,,0,99,0,0,0,9,64,1
mig_mm_k8_r8_c32_m4_w16_l16,mm,migration,fifo,rd_cmd_U,,0,99,0,0,0,2,65,1
mig_mm_k8_r8_c32_m4_w16_l16,mm,migration,fifo,rd_data_U,,0,99,0,0,0,2,65,1
mig_mm_k8_r8_c32_m4_w16_l16,mm,migration,fifo,reply_U,,0,99,0,0,0,2,65,1
mig_mm_k8_r8_c32_m4_w16_l16,mm,migration,fifo,unit_ccmd_U,,0,99,0,0,0,2,64,1
mig_mm_k8_r8_c32_m4_w16_l16,mm,migration,fifo,unit_lcmd_U,,0,99,0,0,0,2,64,1
mig_mm_k8_r8_c32_m4_w16_l16,mm,migration,fifo,unit_pay_U,,0,99,0,0,0,2,65,1
mig_mm_k8_r8_c32_m4_w16_l16,mm,migration,fifo,unit_reply_U,,0,99,0,0,0,2,65,1
mig_mm_k8_r8_c32_m4_w16_l16,mm,migration,fifo,wr_U,,0,99,0,0,0,2,65,1
mig_mm_k8_r8_c32_m4_w16_l16,mm,migration,instance,control_s_axi_U,,296,170,0,0,0,0,0,0
mig_mm_k8_r8_c32_m4_w16_l16,mm,migration,instance,entry_proc_U0,,29,2,0,0,0,0,0,0
mig_mm_k8_r8_c32_m4_w16_l16,mm,migration,instance,gmem0_m_axi_U,,823,725,0,4,0,0,0,0
mig_mm_k8_r8_c32_m4_w16_l16,mm,migration,instance,gmem1_m_axi_U,,811,719,0,4,0,0,0,0
mig_mm_k8_r8_c32_m4_w16_l16,mm,migration,unitemized,unitemized,,669,0,0,0,0,0,0,0
mig_mm_k16_r16_c16_m4_w8_l16,mm,migration,module,UnitReqFramer,unit_req_task_64_s,117,72,0,0,0,,,
mig_mm_k16_r16_c16_m4_w8_l16,mm,migration,module,MemRStream,mem_r_stream_framed_task_64_s,817,502,0,0,0,,,
mig_mm_k16_r16_c16_m4_w8_l16,mm,migration,subblock,MemRStream.RELAY,,157,34,0,0,0,,,
mig_mm_k16_r16_c16_m4_w8_l16,mm,migration,subblock,MemRStream.A2S,,174,102,0,0,0,,,
mig_mm_k16_r16_c16_m4_w8_l16,mm,migration,module,SystolicRx,systolic_rx_task_64_16_16_32_16_16_16_34212151_s,892,331,3,0,0,,,
mig_mm_k16_r16_c16_m4_w8_l16,mm,migration,subblock,SystolicRx.FWD,,138,35,0,0,0,,,
mig_mm_k16_r16_c16_m4_w8_l16,mm,migration,module,SystolicLoad,systolic_load_task_64_16_16_32_16_2_340132779_34212151_s,12335,3019,2,0,0,,,
mig_mm_k16_r16_c16_m4_w8_l16,mm,migration,subblock,SystolicLoad.WORDS,,581,467,0,0,0,,,
mig_mm_k16_r16_c16_m4_w8_l16,mm,migration,subblock,SystolicLoad.ELEMS,,6365,1118,0,0,0,,,
mig_mm_k16_r16_c16_m4_w8_l16,mm,migration,subblock,SystolicLoad.WORDS1,,578,465,0,0,0,,,
mig_mm_k16_r16_c16_m4_w8_l16,mm,migration,module,SystolicCore,systolic_core_task_16_16_32_16_16_16_4_2_340132779_s,70053,42285,514,0,0,,,
mig_mm_k16_r16_c16_m4_w8_l16,mm,migration,subblock,SystolicCore.LOAD_A,,5805,4212,0,0,0,,,
mig_mm_k16_r16_c16_m4_w8_l16,mm,migration,subblock,SystolicCore.LOAD_B,,319,133,0,0,0,,,
mig_mm_k16_r16_c16_m4_w8_l16,mm,migration,subblock,SystolicCore.SWEEP,,55344,36452,512,0,0,,,
mig_mm_k16_r16_c16_m4_w8_l16,mm,migration,subblock,SystolicCore.OUT_C,,6507,850,0,0,0,,,
mig_mm_k16_r16_c16_m4_w8_l16,mm,migration,module,SystolicStore,systolic_store_task_64_16_16_32_16_2_340132779_34212151_s,1181,711,1,0,0,,,
mig_mm_k16_r16_c16_m4_w8_l16,mm,migration,subblock,SystolicStore.WORDS,,782,394,0,0,0,,,
mig_mm_k16_r16_c16_m4_w8_l16,mm,migration,module,UnitReplyFramer,unit_reply_task_64_s,351,354,0,0,0,,,
mig_mm_k16_r16_c16_m4_w8_l16,mm,migration,subblock,UnitReplyFramer.PAYLOAD,,138,35,0,0,0,,,
mig_mm_k16_r16_c16_m4_w8_l16,mm,migration,module,MemWStream,mem_w_stream_framed_done_task_64_8_s,1613,2265,0,0,0,,,
mig_mm_k16_r16_c16_m4_w8_l16,mm,migration,subblock,MemWStream.BUFF,,826,642,0,0,0,,,
mig_mm_k16_r16_c16_m4_w8_l16,mm,migration,subblock,MemWStream.S2A,,137,100,0,0,0,,,
mig_mm_k16_r16_c16_m4_w8_l16,mm,migration,subblock,MemWStream.ECHO,,171,98,0,0,0,,,
mig_mm_k16_r16_c16_m4_w8_l16,mm,migration,memory,unit_a_U,,0,0,0,8,0,16,256,2
mig_mm_k16_r16_c16_m4_w8_l16,mm,migration,memory,unit_b_U,,0,0,0,8,0,32,256,2
mig_mm_k16_r16_c16_m4_w8_l16,mm,migration,memory,unit_c_U,,0,0,0,8,0,32,256,2
mig_mm_k16_r16_c16_m4_w8_l16,mm,migration,fifo,m_in_c_U,,0,99,0,0,0,3,64,1
mig_mm_k16_r16_c16_m4_w8_l16,mm,migration,fifo,m_out_c_U,,0,99,0,0,0,9,64,1
mig_mm_k16_r16_c16_m4_w8_l16,mm,migration,fifo,rd_cmd_U,,0,99,0,0,0,2,65,1
mig_mm_k16_r16_c16_m4_w8_l16,mm,migration,fifo,rd_data_U,,0,99,0,0,0,2,65,1
mig_mm_k16_r16_c16_m4_w8_l16,mm,migration,fifo,reply_U,,0,99,0,0,0,2,65,1
mig_mm_k16_r16_c16_m4_w8_l16,mm,migration,fifo,unit_ccmd_U,,0,99,0,0,0,2,64,1
mig_mm_k16_r16_c16_m4_w8_l16,mm,migration,fifo,unit_lcmd_U,,0,99,0,0,0,2,64,1
mig_mm_k16_r16_c16_m4_w8_l16,mm,migration,fifo,unit_pay_U,,0,99,0,0,0,2,65,1
mig_mm_k16_r16_c16_m4_w8_l16,mm,migration,fifo,unit_reply_U,,0,99,0,0,0,2,65,1
mig_mm_k16_r16_c16_m4_w8_l16,mm,migration,fifo,wr_U,,0,99,0,0,0,2,65,1
mig_mm_k16_r16_c16_m4_w8_l16,mm,migration,instance,control_s_axi_U,,296,170,0,0,0,0,0,0
mig_mm_k16_r16_c16_m4_w8_l16,mm,migration,instance,entry_proc_U0,,29,2,0,0,0,0,0,0
mig_mm_k16_r16_c16_m4_w8_l16,mm,migration,instance,gmem0_m_axi_U,,823,725,0,4,0,0,0,0
mig_mm_k16_r16_c16_m4_w8_l16,mm,migration,instance,gmem1_m_axi_U,,811,719,0,4,0,0,0,0
mig_mm_k16_r16_c16_m4_w8_l16,mm,migration,unitemized,unitemized,,669,0,0,0,0,0,0,0
mig_mm_k16_r16_c16_m4_w16_l16,mm,migration,module,UnitReqFramer,unit_req_task_64_s,117,72,0,0,0,,,
mig_mm_k16_r16_c16_m4_w16_l16,mm,migration,module,MemRStream,mem_r_stream_framed_task_64_s,817,502,0,0,0,,,
mig_mm_k16_r16_c16_m4_w16_l16,mm,migration,subblock,MemRStream.RELAY,,157,34,0,0,0,,,
mig_mm_k16_r16_c16_m4_w16_l16,mm,migration,subblock,MemRStream.A2S,,174,102,0,0,0,,,
mig_mm_k16_r16_c16_m4_w16_l16,mm,migration,module,SystolicRx,systolic_rx_task_64_16_16_32_16_16_16_654753759_s,892,331,3,0,0,,,
mig_mm_k16_r16_c16_m4_w16_l16,mm,migration,subblock,SystolicRx.FWD,,138,35,0,0,0,,,
mig_mm_k16_r16_c16_m4_w16_l16,mm,migration,module,SystolicLoad,systolic_load_task_64_16_16_32_16_2_2113842304_654753759_s,24214,5847,2,0,0,,,
mig_mm_k16_r16_c16_m4_w16_l16,mm,migration,subblock,SystolicLoad.WORDS,,463,745,0,0,0,,,
mig_mm_k16_r16_c16_m4_w16_l16,mm,migration,subblock,SystolicLoad.ELEMS,,13004,2882,0,0,0,,,
mig_mm_k16_r16_c16_m4_w16_l16,mm,migration,subblock,SystolicLoad.WORDS1,,460,743,0,0,0,,,
mig_mm_k16_r16_c16_m4_w16_l16,mm,migration,module,SystolicCore,systolic_core_task_16_16_32_16_16_16_4_2_2113842304_s,63717,80360,1026,0,0,,,
mig_mm_k16_r16_c16_m4_w16_l16,mm,migration,subblock,SystolicCore.LOAD_A,,9901,8308,0,0,0,,,
mig_mm_k16_r16_c16_m4_w16_l16,mm,migration,subblock,SystolicCore.LOAD_B,,319,133,0,0,0,,,
mig_mm_k16_r16_c16_m4_w16_l16,mm,migration,subblock,SystolicCore.SWEEP,,43568,69487,1024,0,0,,,
mig_mm_k16_r16_c16_m4_w16_l16,mm,migration,subblock,SystolicCore.OUT_C,,7723,1538,0,0,0,,,
mig_mm_k16_r16_c16_m4_w16_l16,mm,migration,module,SystolicStore,systolic_store_task_64_16_16_32_16_2_2113842304_654753759_s,1510,967,1,0,0,,,
mig_mm_k16_r16_c16_m4_w16_l16,mm,migration,subblock,SystolicStore.WORDS,,1111,650,0,0,0,,,
mig_mm_k16_r16_c16_m4_w16_l16,mm,migration,module,UnitReplyFramer,unit_reply_task_64_s,351,354,0,0,0,,,
mig_mm_k16_r16_c16_m4_w16_l16,mm,migration,subblock,UnitReplyFramer.PAYLOAD,,138,35,0,0,0,,,
mig_mm_k16_r16_c16_m4_w16_l16,mm,migration,module,MemWStream,mem_w_stream_framed_done_task_64_8_s,1613,2265,0,0,0,,,
mig_mm_k16_r16_c16_m4_w16_l16,mm,migration,subblock,MemWStream.BUFF,,826,642,0,0,0,,,
mig_mm_k16_r16_c16_m4_w16_l16,mm,migration,subblock,MemWStream.S2A,,137,100,0,0,0,,,
mig_mm_k16_r16_c16_m4_w16_l16,mm,migration,subblock,MemWStream.ECHO,,171,98,0,0,0,,,
mig_mm_k16_r16_c16_m4_w16_l16,mm,migration,memory,unit_a_U,,0,0,0,15,0,16,512,2
mig_mm_k16_r16_c16_m4_w16_l16,mm,migration,memory,unit_b_U,,0,0,0,15,0,32,512,2
mig_mm_k16_r16_c16_m4_w16_l16,mm,migration,memory,unit_c_U,,0,0,0,15,0,32,512,2
mig_mm_k16_r16_c16_m4_w16_l16,mm,migration,fifo,m_in_c_U,,0,99,0,0,0,3,64,1
mig_mm_k16_r16_c16_m4_w16_l16,mm,migration,fifo,m_out_c_U,,0,99,0,0,0,9,64,1
mig_mm_k16_r16_c16_m4_w16_l16,mm,migration,fifo,rd_cmd_U,,0,99,0,0,0,2,65,1
mig_mm_k16_r16_c16_m4_w16_l16,mm,migration,fifo,rd_data_U,,0,99,0,0,0,2,65,1
mig_mm_k16_r16_c16_m4_w16_l16,mm,migration,fifo,reply_U,,0,99,0,0,0,2,65,1
mig_mm_k16_r16_c16_m4_w16_l16,mm,migration,fifo,unit_ccmd_U,,0,99,0,0,0,2,64,1
mig_mm_k16_r16_c16_m4_w16_l16,mm,migration,fifo,unit_lcmd_U,,0,99,0,0,0,2,64,1
mig_mm_k16_r16_c16_m4_w16_l16,mm,migration,fifo,unit_pay_U,,0,99,0,0,0,2,65,1
mig_mm_k16_r16_c16_m4_w16_l16,mm,migration,fifo,unit_reply_U,,0,99,0,0,0,2,65,1
mig_mm_k16_r16_c16_m4_w16_l16,mm,migration,fifo,wr_U,,0,99,0,0,0,2,65,1
mig_mm_k16_r16_c16_m4_w16_l16,mm,migration,instance,control_s_axi_U,,296,170,0,0,0,0,0,0
mig_mm_k16_r16_c16_m4_w16_l16,mm,migration,instance,entry_proc_U0,,29,2,0,0,0,0,0,0
mig_mm_k16_r16_c16_m4_w16_l16,mm,migration,instance,gmem0_m_axi_U,,823,725,0,4,0,0,0,0
mig_mm_k16_r16_c16_m4_w16_l16,mm,migration,instance,gmem1_m_axi_U,,811,719,0,4,0,0,0,0
mig_mm_k16_r16_c16_m4_w16_l16,mm,migration,unitemized,unitemized,,669,0,0,0,0,0,0,0
mig_mm_k16_r1_c32_m4_w8_l16,mm,migration,module,UnitReqFramer,unit_req_task_64_s,117,72,0,0,0,,,
mig_mm_k16_r1_c32_m4_w8_l16,mm,migration,module,MemRStream,mem_r_stream_framed_task_64_s,817,502,0,0,0,,,
mig_mm_k16_r1_c32_m4_w8_l16,mm,migration,subblock,MemRStream.RELAY,,157,34,0,0,0,,,
mig_mm_k16_r1_c32_m4_w8_l16,mm,migration,subblock,MemRStream.A2S,,174,102,0,0,0,,,
mig_mm_k16_r1_c32_m4_w8_l16,mm,migration,module,SystolicRx,systolic_rx_task_64_16_16_32_16_1_32_34212151_s,888,328,3,0,0,,,
mig_mm_k16_r1_c32_m4_w8_l16,mm,migration,subblock,SystolicRx.FWD,,138,35,0,0,0,,,
mig_mm_k16_r1_c32_m4_w8_l16,mm,migration,module,SystolicLoad,systolic_load_task_64_16_16_32_16_2_340132779_34212151_s,12335,3019,2,0,0,,,
mig_mm_k16_r1_c32_m4_w8_l16,mm,migration,subblock,SystolicLoad.WORDS,,581,467,0,0,0,,,
mig_mm_k16_r1_c32_m4_w8_l16,mm,migration,subblock,SystolicLoad.ELEMS,,6365,1118,0,0,0,,,
mig_mm_k16_r1_c32_m4_w8_l16,mm,migration,subblock,SystolicLoad.WORDS1,,578,465,0,0,0,,,
mig_mm_k16_r1_c32_m4_w8_l16,mm,migration,module,SystolicCore,systolic_core_task_16_16_32_16_1_32_4_2_340132779_s,25397,10097,66,0,0,,,
mig_mm_k16_r1_c32_m4_w8_l16,mm,migration,subblock,SystolicCore.LOAD_A,,5805,4212,0,0,0,,,
mig_mm_k16_r1_c32_m4_w8_l16,mm,migration,subblock,SystolicCore.LOAD_B,,357,193,0,0,0,,,
mig_mm_k16_r1_c32_m4_w8_l16,mm,migration,subblock,SystolicCore.SWEEP,,10996,4164,64,0,0,,,
mig_mm_k16_r1_c32_m4_w8_l16,mm,migration,module,SystolicStore,systolic_store_task_64_16_16_32_16_2_340132779_34212151_s,1181,711,1,0,0,,,
mig_mm_k16_r1_c32_m4_w8_l16,mm,migration,subblock,SystolicStore.WORDS,,782,394,0,0,0,,,
mig_mm_k16_r1_c32_m4_w8_l16,mm,migration,module,UnitReplyFramer,unit_reply_task_64_s,351,354,0,0,0,,,
mig_mm_k16_r1_c32_m4_w8_l16,mm,migration,subblock,UnitReplyFramer.PAYLOAD,,138,35,0,0,0,,,
mig_mm_k16_r1_c32_m4_w8_l16,mm,migration,module,MemWStream,mem_w_stream_framed_done_task_64_8_s,1613,2265,0,0,0,,,
mig_mm_k16_r1_c32_m4_w8_l16,mm,migration,subblock,MemWStream.BUFF,,826,642,0,0,0,,,
mig_mm_k16_r1_c32_m4_w8_l16,mm,migration,subblock,MemWStream.S2A,,137,100,0,0,0,,,
mig_mm_k16_r1_c32_m4_w8_l16,mm,migration,subblock,MemWStream.ECHO,,171,98,0,0,0,,,
mig_mm_k16_r1_c32_m4_w8_l16,mm,migration,memory,unit_a_U,,0,0,0,8,0,16,256,2
mig_mm_k16_r1_c32_m4_w8_l16,mm,migration,memory,unit_b_U,,0,0,0,8,0,32,256,2
mig_mm_k16_r1_c32_m4_w8_l16,mm,migration,memory,unit_c_U,,0,0,0,8,0,32,256,2
mig_mm_k16_r1_c32_m4_w8_l16,mm,migration,fifo,m_in_c_U,,0,99,0,0,0,3,64,1
mig_mm_k16_r1_c32_m4_w8_l16,mm,migration,fifo,m_out_c_U,,0,99,0,0,0,9,64,1
mig_mm_k16_r1_c32_m4_w8_l16,mm,migration,fifo,rd_cmd_U,,0,99,0,0,0,2,65,1
mig_mm_k16_r1_c32_m4_w8_l16,mm,migration,fifo,rd_data_U,,0,99,0,0,0,2,65,1
mig_mm_k16_r1_c32_m4_w8_l16,mm,migration,fifo,reply_U,,0,99,0,0,0,2,65,1
mig_mm_k16_r1_c32_m4_w8_l16,mm,migration,fifo,unit_ccmd_U,,0,99,0,0,0,2,64,1
mig_mm_k16_r1_c32_m4_w8_l16,mm,migration,fifo,unit_lcmd_U,,0,99,0,0,0,2,64,1
mig_mm_k16_r1_c32_m4_w8_l16,mm,migration,fifo,unit_pay_U,,0,99,0,0,0,2,65,1
mig_mm_k16_r1_c32_m4_w8_l16,mm,migration,fifo,unit_reply_U,,0,99,0,0,0,2,65,1
mig_mm_k16_r1_c32_m4_w8_l16,mm,migration,fifo,wr_U,,0,99,0,0,0,2,65,1
mig_mm_k16_r1_c32_m4_w8_l16,mm,migration,instance,control_s_axi_U,,296,170,0,0,0,0,0,0
mig_mm_k16_r1_c32_m4_w8_l16,mm,migration,instance,entry_proc_U0,,29,2,0,0,0,0,0,0
mig_mm_k16_r1_c32_m4_w8_l16,mm,migration,instance,gmem0_m_axi_U,,823,725,0,4,0,0,0,0
mig_mm_k16_r1_c32_m4_w8_l16,mm,migration,instance,gmem1_m_axi_U,,811,719,0,4,0,0,0,0
mig_mm_k16_r1_c32_m4_w8_l16,mm,migration,unitemized,unitemized,,669,0,0,0,0,0,0,0
mig_mm_k16_r1_c32_m4_w16_l16,mm,migration,module,UnitReqFramer,unit_req_task_64_s,117,72,0,0,0,,,
mig_mm_k16_r1_c32_m4_w16_l16,mm,migration,module,MemRStream,mem_r_stream_framed_task_64_s,817,502,0,0,0,,,
mig_mm_k16_r1_c32_m4_w16_l16,mm,migration,subblock,MemRStream.RELAY,,157,34,0,0,0,,,
mig_mm_k16_r1_c32_m4_w16_l16,mm,migration,subblock,MemRStream.A2S,,174,102,0,0,0,,,
mig_mm_k16_r1_c32_m4_w16_l16,mm,migration,module,SystolicRx,systolic_rx_task_64_16_16_32_16_1_32_654753759_s,888,328,3,0,0,,,
mig_mm_k16_r1_c32_m4_w16_l16,mm,migration,subblock,SystolicRx.FWD,,138,35,0,0,0,,,
mig_mm_k16_r1_c32_m4_w16_l16,mm,migration,module,SystolicLoad,systolic_load_task_64_16_16_32_16_2_2113842304_654753759_s,24214,5847,2,0,0,,,
mig_mm_k16_r1_c32_m4_w16_l16,mm,migration,subblock,SystolicLoad.WORDS,,463,745,0,0,0,,,
mig_mm_k16_r1_c32_m4_w16_l16,mm,migration,subblock,SystolicLoad.ELEMS,,13004,2882,0,0,0,,,
mig_mm_k16_r1_c32_m4_w16_l16,mm,migration,subblock,SystolicLoad.WORDS1,,460,743,0,0,0,,,
mig_mm_k16_r1_c32_m4_w16_l16,mm,migration,module,SystolicCore,systolic_core_task_16_16_32_16_1_32_4_2_2113842304_s,30309,20027,130,0,0,,,
mig_mm_k16_r1_c32_m4_w16_l16,mm,migration,subblock,SystolicCore.LOAD_A,,9901,8308,0,0,0,,,
mig_mm_k16_r1_c32_m4_w16_l16,mm,migration,subblock,SystolicCore.LOAD_B,,357,193,0,0,0,,,
mig_mm_k16_r1_c32_m4_w16_l16,mm,migration,subblock,SystolicCore.SWEEP,,10020,8926,128,0,0,,,
mig_mm_k16_r1_c32_m4_w16_l16,mm,migration,module,SystolicStore,systolic_store_task_64_16_16_32_16_2_2113842304_654753759_s,1510,967,1,0,0,,,
mig_mm_k16_r1_c32_m4_w16_l16,mm,migration,subblock,SystolicStore.WORDS,,1111,650,0,0,0,,,
mig_mm_k16_r1_c32_m4_w16_l16,mm,migration,module,UnitReplyFramer,unit_reply_task_64_s,351,354,0,0,0,,,
mig_mm_k16_r1_c32_m4_w16_l16,mm,migration,subblock,UnitReplyFramer.PAYLOAD,,138,35,0,0,0,,,
mig_mm_k16_r1_c32_m4_w16_l16,mm,migration,module,MemWStream,mem_w_stream_framed_done_task_64_8_s,1613,2265,0,0,0,,,
mig_mm_k16_r1_c32_m4_w16_l16,mm,migration,subblock,MemWStream.BUFF,,826,642,0,0,0,,,
mig_mm_k16_r1_c32_m4_w16_l16,mm,migration,subblock,MemWStream.S2A,,137,100,0,0,0,,,
mig_mm_k16_r1_c32_m4_w16_l16,mm,migration,subblock,MemWStream.ECHO,,171,98,0,0,0,,,
mig_mm_k16_r1_c32_m4_w16_l16,mm,migration,memory,unit_a_U,,0,0,0,15,0,16,512,2
mig_mm_k16_r1_c32_m4_w16_l16,mm,migration,memory,unit_b_U,,0,0,0,15,0,32,512,2
mig_mm_k16_r1_c32_m4_w16_l16,mm,migration,memory,unit_c_U,,0,0,0,15,0,32,512,2
mig_mm_k16_r1_c32_m4_w16_l16,mm,migration,fifo,m_in_c_U,,0,99,0,0,0,3,64,1
mig_mm_k16_r1_c32_m4_w16_l16,mm,migration,fifo,m_out_c_U,,0,99,0,0,0,9,64,1
mig_mm_k16_r1_c32_m4_w16_l16,mm,migration,fifo,rd_cmd_U,,0,99,0,0,0,2,65,1
mig_mm_k16_r1_c32_m4_w16_l16,mm,migration,fifo,rd_data_U,,0,99,0,0,0,2,65,1
mig_mm_k16_r1_c32_m4_w16_l16,mm,migration,fifo,reply_U,,0,99,0,0,0,2,65,1
mig_mm_k16_r1_c32_m4_w16_l16,mm,migration,fifo,unit_ccmd_U,,0,99,0,0,0,2,64,1
mig_mm_k16_r1_c32_m4_w16_l16,mm,migration,fifo,unit_lcmd_U,,0,99,0,0,0,2,64,1
mig_mm_k16_r1_c32_m4_w16_l16,mm,migration,fifo,unit_pay_U,,0,99,0,0,0,2,65,1
mig_mm_k16_r1_c32_m4_w16_l16,mm,migration,fifo,unit_reply_U,,0,99,0,0,0,2,65,1
mig_mm_k16_r1_c32_m4_w16_l16,mm,migration,fifo,wr_U,,0,99,0,0,0,2,65,1
mig_mm_k16_r1_c32_m4_w16_l16,mm,migration,instance,control_s_axi_U,,296,170,0,0,0,0,0,0
mig_mm_k16_r1_c32_m4_w16_l16,mm,migration,instance,entry_proc_U0,,29,2,0,0,0,0,0,0
mig_mm_k16_r1_c32_m4_w16_l16,mm,migration,instance,gmem0_m_axi_U,,823,725,0,4,0,0,0,0
mig_mm_k16_r1_c32_m4_w16_l16,mm,migration,instance,gmem1_m_axi_U,,811,719,0,4,0,0,0,0
mig_mm_k16_r1_c32_m4_w16_l16,mm,migration,unitemized,unitemized,,669,0,0,0,0,0,0,0
mig_mm_k8_r1_c8_m4_w12_l8,mm,migration,module,UnitReqFramer,unit_req_task_64_s,117,72,0,0,0,,,
mig_mm_k8_r1_c8_m4_w12_l8,mm,migration,module,MemRStream,mem_r_stream_framed_task_64_s,817,502,0,0,0,,,
mig_mm_k8_r1_c8_m4_w12_l8,mm,migration,subblock,MemRStream.RELAY,,157,34,0,0,0,,,
mig_mm_k8_r1_c8_m4_w12_l8,mm,migration,subblock,MemRStream.A2S,,174,102,0,0,0,,,
mig_mm_k8_r1_c8_m4_w12_l8,mm,migration,module,SystolicRx,systolic_rx_task_64_8_8_32_8_1_8_1556958752_s,882,326,3,0,0,,,
mig_mm_k8_r1_c8_m4_w12_l8,mm,migration,subblock,SystolicRx.FWD,,138,35,0,0,0,,,
mig_mm_k8_r1_c8_m4_w12_l8,mm,migration,module,SystolicLoad,systolic_load_task_64_8_8_32_8_2_998446828_1556958752_s,9965,3362,2,0,0,,,
mig_mm_k8_r1_c8_m4_w12_l8,mm,migration,subblock,SystolicLoad.WORDS,,621,419,0,0,0,,,
mig_mm_k8_r1_c8_m4_w12_l8,mm,migration,subblock,SystolicLoad.ELEMS,,4959,1354,0,0,0,,,
mig_mm_k8_r1_c8_m4_w12_l8,mm,migration,subblock,SystolicLoad.WORDS1,,618,417,0,0,0,,,
mig_mm_k8_r1_c8_m4_w12_l8,mm,migration,module,SystolicCore,systolic_core_task_8_8_32_8_1_8_4_2_998446828_s,10291,5421,37,0,0,,,
mig_mm_k8_r1_c8_m4_w12_l8,mm,migration,subblock,SystolicCore.LOAD_A,,2487,1652,0,0,0,,,
mig_mm_k8_r1_c8_m4_w12_l8,mm,migration,subblock,SystolicCore.LOAD_B,,321,134,0,0,0,,,
mig_mm_k8_r1_c8_m4_w12_l8,mm,migration,module,SystolicStore,systolic_store_task_64_8_8_32_8_2_998446828_1556958752_s,1155,647,1,0,0,,,
mig_mm_k8_r1_c8_m4_w12_l8,mm,migration,subblock,SystolicStore.WORDS,,756,330,0,0,0,,,
mig_mm_k8_r1_c8_m4_w12_l8,mm,migration,module,UnitReplyFramer,unit_reply_task_64_s,351,354,0,0,0,,,
mig_mm_k8_r1_c8_m4_w12_l8,mm,migration,subblock,UnitReplyFramer.PAYLOAD,,138,35,0,0,0,,,
mig_mm_k8_r1_c8_m4_w12_l8,mm,migration,module,MemWStream,mem_w_stream_framed_done_task_64_8_s,1613,2265,0,0,0,,,
mig_mm_k8_r1_c8_m4_w12_l8,mm,migration,subblock,MemWStream.BUFF,,826,642,0,0,0,,,
mig_mm_k8_r1_c8_m4_w12_l8,mm,migration,subblock,MemWStream.S2A,,137,100,0,0,0,,,
mig_mm_k8_r1_c8_m4_w12_l8,mm,migration,subblock,MemWStream.ECHO,,171,98,0,0,0,,,
mig_mm_k8_r1_c8_m4_w12_l8,mm,migration,memory,unit_a_U,,0,0,0,6,0,8,192,2
mig_mm_k8_r1_c8_m4_w12_l8,mm,migration,memory,unit_b_U,,0,0,0,6,0,32,192,2
mig_mm_k8_r1_c8_m4_w12_l8,mm,migration,memory,unit_c_U,,0,0,0,6,0,32,192,2
mig_mm_k8_r1_c8_m4_w12_l8,mm,migration,fifo,m_in_c_U,,0,99,0,0,0,3,64,1
mig_mm_k8_r1_c8_m4_w12_l8,mm,migration,fifo,m_out_c_U,,0,99,0,0,0,9,64,1
mig_mm_k8_r1_c8_m4_w12_l8,mm,migration,fifo,rd_cmd_U,,0,99,0,0,0,2,65,1
mig_mm_k8_r1_c8_m4_w12_l8,mm,migration,fifo,rd_data_U,,0,99,0,0,0,2,65,1
mig_mm_k8_r1_c8_m4_w12_l8,mm,migration,fifo,reply_U,,0,99,0,0,0,2,65,1
mig_mm_k8_r1_c8_m4_w12_l8,mm,migration,fifo,unit_ccmd_U,,0,99,0,0,0,2,64,1
mig_mm_k8_r1_c8_m4_w12_l8,mm,migration,fifo,unit_lcmd_U,,0,99,0,0,0,2,64,1
mig_mm_k8_r1_c8_m4_w12_l8,mm,migration,fifo,unit_pay_U,,0,99,0,0,0,2,65,1
mig_mm_k8_r1_c8_m4_w12_l8,mm,migration,fifo,unit_reply_U,,0,99,0,0,0,2,65,1
mig_mm_k8_r1_c8_m4_w12_l8,mm,migration,fifo,wr_U,,0,99,0,0,0,2,65,1
mig_mm_k8_r1_c8_m4_w12_l8,mm,migration,instance,control_s_axi_U,,296,170,0,0,0,0,0,0
mig_mm_k8_r1_c8_m4_w12_l8,mm,migration,instance,entry_proc_U0,,29,2,0,0,0,0,0,0
mig_mm_k8_r1_c8_m4_w12_l8,mm,migration,instance,gmem0_m_axi_U,,823,725,0,4,0,0,0,0
mig_mm_k8_r1_c8_m4_w12_l8,mm,migration,instance,gmem1_m_axi_U,,811,719,0,4,0,0,0,0
mig_mm_k8_r1_c8_m4_w12_l8,mm,migration,unitemized,unitemized,,669,0,0,0,0,0,0,0
mig_mm_k4_r2_c4_m3_w10_l2,mm,migration,module,UnitReqFramer,unit_req_task_64_s,117,72,0,0,0,,,
mig_mm_k4_r2_c4_m3_w10_l2,mm,migration,module,MemRStream,mem_r_stream_framed_task_64_s,817,502,0,0,0,,,
mig_mm_k4_r2_c4_m3_w10_l2,mm,migration,subblock,MemRStream.RELAY,,157,34,0,0,0,,,
mig_mm_k4_r2_c4_m3_w10_l2,mm,migration,subblock,MemRStream.A2S,,174,102,0,0,0,,,
mig_mm_k4_r2_c4_m3_w10_l2,mm,migration,module,SystolicRx,systolic_rx_task_64_4_4_32_2_2_4_1284519423_s,843,324,3,0,0,,,
mig_mm_k4_r2_c4_m3_w10_l2,mm,migration,subblock,SystolicRx.FWD,,138,35,0,0,0,,,
mig_mm_k4_r2_c4_m3_w10_l2,mm,migration,module,SystolicLoad,systolic_load_task_64_4_4_32_2_2_1241251695_1284519423_s,2932,1159,2,0,0,,,
mig_mm_k4_r2_c4_m3_w10_l2,mm,migration,subblock,SystolicLoad.WORDS,,457,183,0,0,0,,,
mig_mm_k4_r2_c4_m3_w10_l2,mm,migration,subblock,SystolicLoad.ELEMS,,1674,465,0,0,0,,,
mig_mm_k4_r2_c4_m3_w10_l2,mm,migration,subblock,SystolicLoad.WORDS1,,454,179,0,0,0,,,
mig_mm_k4_r2_c4_m3_w10_l2,mm,migration,module,SystolicCore,systolic_core_task_4_4_32_2_2_4_3_2_1241251695_s,5470,2444,26,0,0,,,
mig_mm_k4_r2_c4_m3_w10_l2,mm,migration,subblock,SystolicCore.LOAD_A,,767,184,0,0,0,,,
mig_mm_k4_r2_c4_m3_w10_l2,mm,migration,subblock,SystolicCore.LOAD_B,,375,200,0,0,0,,,
mig_mm_k4_r2_c4_m3_w10_l2,mm,migration,subblock,SystolicCore.SWEEP,,1752,1231,24,0,0,,,
mig_mm_k4_r2_c4_m3_w10_l2,mm,migration,module,SystolicStore,systolic_store_task_64_4_4_32_2_2_1241251695_1284519423_s,734,430,1,0,0,,,
mig_mm_k4_r2_c4_m3_w10_l2,mm,migration,subblock,SystolicStore.WORDS,,335,113,0,0,0,,,
mig_mm_k4_r2_c4_m3_w10_l2,mm,migration,module,UnitReplyFramer,unit_reply_task_64_s,351,354,0,0,0,,,
mig_mm_k4_r2_c4_m3_w10_l2,mm,migration,subblock,UnitReplyFramer.PAYLOAD,,138,35,0,0,0,,,
mig_mm_k4_r2_c4_m3_w10_l2,mm,migration,module,MemWStream,mem_w_stream_framed_done_task_64_8_s,1613,2265,0,0,0,,,
mig_mm_k4_r2_c4_m3_w10_l2,mm,migration,subblock,MemWStream.BUFF,,826,642,0,0,0,,,
mig_mm_k4_r2_c4_m3_w10_l2,mm,migration,subblock,MemWStream.S2A,,137,100,0,0,0,,,
mig_mm_k4_r2_c4_m3_w10_l2,mm,migration,subblock,MemWStream.ECHO,,171,98,0,0,0,,,
mig_mm_k4_r2_c4_m3_w10_l2,mm,migration,memory,unit_a_U,,10,40,0,0,0,8,40,2
mig_mm_k4_r2_c4_m3_w10_l2,mm,migration,memory,unit_b_U,,0,0,0,2,0,64,40,2
mig_mm_k4_r2_c4_m3_w10_l2,mm,migration,memory,unit_c_U,,0,0,0,2,0,64,40,2
mig_mm_k4_r2_c4_m3_w10_l2,mm,migration,fifo,m_in_c_U,,0,99,0,0,0,3,64,1
mig_mm_k4_r2_c4_m3_w10_l2,mm,migration,fifo,m_out_c_U,,0,99,0,0,0,9,64,1
mig_mm_k4_r2_c4_m3_w10_l2,mm,migration,fifo,rd_cmd_U,,0,99,0,0,0,2,65,1
mig_mm_k4_r2_c4_m3_w10_l2,mm,migration,fifo,rd_data_U,,0,99,0,0,0,2,65,1
mig_mm_k4_r2_c4_m3_w10_l2,mm,migration,fifo,reply_U,,0,99,0,0,0,2,65,1
mig_mm_k4_r2_c4_m3_w10_l2,mm,migration,fifo,unit_ccmd_U,,0,99,0,0,0,2,64,1
mig_mm_k4_r2_c4_m3_w10_l2,mm,migration,fifo,unit_lcmd_U,,0,99,0,0,0,2,64,1
mig_mm_k4_r2_c4_m3_w10_l2,mm,migration,fifo,unit_pay_U,,0,99,0,0,0,2,65,1
mig_mm_k4_r2_c4_m3_w10_l2,mm,migration,fifo,unit_reply_U,,0,99,0,0,0,2,65,1
mig_mm_k4_r2_c4_m3_w10_l2,mm,migration,fifo,wr_U,,0,99,0,0,0,2,65,1
mig_mm_k4_r2_c4_m3_w10_l2,mm,migration,instance,control_s_axi_U,,296,170,0,0,0,0,0,0
mig_mm_k4_r2_c4_m3_w10_l2,mm,migration,instance,entry_proc_U0,,29,2,0,0,0,0,0,0
mig_mm_k4_r2_c4_m3_w10_l2,mm,migration,instance,gmem0_m_axi_U,,823,725,0,4,0,0,0,0
mig_mm_k4_r2_c4_m3_w10_l2,mm,migration,instance,gmem1_m_axi_U,,811,719,0,4,0,0,0,0
mig_mm_k4_r2_c4_m3_w10_l2,mm,migration,unitemized,unitemized,,669,0,0,0,0,0,0,0
mig_mm_k4_r2_c8_m3_w10_l2,mm,migration,module,UnitReqFramer,unit_req_task_64_s,117,72,0,0,0,,,
mig_mm_k4_r2_c8_m3_w10_l2,mm,migration,module,MemRStream,mem_r_stream_framed_task_64_s,817,502,0,0,0,,,
mig_mm_k4_r2_c8_m3_w10_l2,mm,migration,subblock,MemRStream.RELAY,,157,34,0,0,0,,,
mig_mm_k4_r2_c8_m3_w10_l2,mm,migration,subblock,MemRStream.A2S,,174,102,0,0,0,,,
mig_mm_k4_r2_c8_m3_w10_l2,mm,migration,module,SystolicRx,systolic_rx_task_64_4_4_32_2_2_8_1284519423_s,844,324,3,0,0,,,
mig_mm_k4_r2_c8_m3_w10_l2,mm,migration,subblock,SystolicRx.FWD,,138,35,0,0,0,,,
mig_mm_k4_r2_c8_m3_w10_l2,mm,migration,module,SystolicLoad,systolic_load_task_64_4_4_32_2_2_1241251695_1284519423_s,2932,1159,2,0,0,,,
mig_mm_k4_r2_c8_m3_w10_l2,mm,migration,subblock,SystolicLoad.WORDS,,457,183,0,0,0,,,
mig_mm_k4_r2_c8_m3_w10_l2,mm,migration,subblock,SystolicLoad.ELEMS,,1674,465,0,0,0,,,
mig_mm_k4_r2_c8_m3_w10_l2,mm,migration,subblock,SystolicLoad.WORDS1,,454,179,0,0,0,,,
mig_mm_k4_r2_c8_m3_w10_l2,mm,migration,module,SystolicCore,systolic_core_task_4_4_32_2_2_8_3_2_1241251695_s,7228,3747,50,0,0,,,
mig_mm_k4_r2_c8_m3_w10_l2,mm,migration,subblock,SystolicCore.LOAD_A,,767,184,0,0,0,,,
mig_mm_k4_r2_c8_m3_w10_l2,mm,migration,subblock,SystolicCore.LOAD_B,,375,199,0,0,0,,,
mig_mm_k4_r2_c8_m3_w10_l2,mm,migration,subblock,SystolicCore.SWEEP,,3244,2363,48,0,0,,,
mig_mm_k4_r2_c8_m3_w10_l2,mm,migration,module,SystolicStore,systolic_store_task_64_4_4_32_2_2_1241251695_1284519423_s,734,430,1,0,0,,,
mig_mm_k4_r2_c8_m3_w10_l2,mm,migration,subblock,SystolicStore.WORDS,,335,113,0,0,0,,,
mig_mm_k4_r2_c8_m3_w10_l2,mm,migration,module,UnitReplyFramer,unit_reply_task_64_s,351,354,0,0,0,,,
mig_mm_k4_r2_c8_m3_w10_l2,mm,migration,subblock,UnitReplyFramer.PAYLOAD,,138,35,0,0,0,,,
mig_mm_k4_r2_c8_m3_w10_l2,mm,migration,module,MemWStream,mem_w_stream_framed_done_task_64_8_s,1613,2265,0,0,0,,,
mig_mm_k4_r2_c8_m3_w10_l2,mm,migration,subblock,MemWStream.BUFF,,826,642,0,0,0,,,
mig_mm_k4_r2_c8_m3_w10_l2,mm,migration,subblock,MemWStream.S2A,,137,100,0,0,0,,,
mig_mm_k4_r2_c8_m3_w10_l2,mm,migration,subblock,MemWStream.ECHO,,171,98,0,0,0,,,
mig_mm_k4_r2_c8_m3_w10_l2,mm,migration,memory,unit_a_U,,10,40,0,0,0,8,40,2
mig_mm_k4_r2_c8_m3_w10_l2,mm,migration,memory,unit_b_U,,0,0,0,2,0,64,40,2
mig_mm_k4_r2_c8_m3_w10_l2,mm,migration,memory,unit_c_U,,0,0,0,2,0,64,40,2
mig_mm_k4_r2_c8_m3_w10_l2,mm,migration,fifo,m_in_c_U,,0,99,0,0,0,3,64,1
mig_mm_k4_r2_c8_m3_w10_l2,mm,migration,fifo,m_out_c_U,,0,99,0,0,0,9,64,1
mig_mm_k4_r2_c8_m3_w10_l2,mm,migration,fifo,rd_cmd_U,,0,99,0,0,0,2,65,1
mig_mm_k4_r2_c8_m3_w10_l2,mm,migration,fifo,rd_data_U,,0,99,0,0,0,2,65,1
mig_mm_k4_r2_c8_m3_w10_l2,mm,migration,fifo,reply_U,,0,99,0,0,0,2,65,1
mig_mm_k4_r2_c8_m3_w10_l2,mm,migration,fifo,unit_ccmd_U,,0,99,0,0,0,2,64,1
mig_mm_k4_r2_c8_m3_w10_l2,mm,migration,fifo,unit_lcmd_U,,0,99,0,0,0,2,64,1
mig_mm_k4_r2_c8_m3_w10_l2,mm,migration,fifo,unit_pay_U,,0,99,0,0,0,2,65,1
mig_mm_k4_r2_c8_m3_w10_l2,mm,migration,fifo,unit_reply_U,,0,99,0,0,0,2,65,1
mig_mm_k4_r2_c8_m3_w10_l2,mm,migration,fifo,wr_U,,0,99,0,0,0,2,65,1
mig_mm_k4_r2_c8_m3_w10_l2,mm,migration,instance,control_s_axi_U,,296,170,0,0,0,0,0,0
mig_mm_k4_r2_c8_m3_w10_l2,mm,migration,instance,entry_proc_U0,,29,2,0,0,0,0,0,0
mig_mm_k4_r2_c8_m3_w10_l2,mm,migration,instance,gmem0_m_axi_U,,823,725,0,4,0,0,0,0
mig_mm_k4_r2_c8_m3_w10_l2,mm,migration,instance,gmem1_m_axi_U,,811,719,0,4,0,0,0,0
mig_mm_k4_r2_c8_m3_w10_l2,mm,migration,unitemized,unitemized,,669,0,0,0,0,0,0,0
mig_mm_k4_r4_c4_m3_w16_l2,mm,migration,module,UnitReqFramer,unit_req_task_64_s,117,72,0,0,0,,,
mig_mm_k4_r4_c4_m3_w16_l2,mm,migration,module,MemRStream,mem_r_stream_framed_task_64_s,817,502,0,0,0,,,
mig_mm_k4_r4_c4_m3_w16_l2,mm,migration,subblock,MemRStream.RELAY,,157,34,0,0,0,,,
mig_mm_k4_r4_c4_m3_w16_l2,mm,migration,subblock,MemRStream.A2S,,174,102,0,0,0,,,
mig_mm_k4_r4_c4_m3_w16_l2,mm,migration,module,SystolicRx,systolic_rx_task_64_4_4_32_2_4_4_654753759_s,843,327,3,0,0,,,
mig_mm_k4_r4_c4_m3_w16_l2,mm,migration,subblock,SystolicRx.FWD,,138,35,0,0,0,,,
mig_mm_k4_r4_c4_m3_w16_l2,mm,migration,module,SystolicLoad,systolic_load_task_64_4_4_32_2_2_736480179_654753759_s,2893,1153,2,0,0,,,
mig_mm_k4_r4_c4_m3_w16_l2,mm,migration,subblock,SystolicLoad.WORDS,,315,100,0,0,0,,,
mig_mm_k4_r4_c4_m3_w16_l2,mm,migration,subblock,SystolicLoad.ELEMS,,1919,528,0,0,0,,,
mig_mm_k4_r4_c4_m3_w16_l2,mm,migration,subblock,SystolicLoad.WORDS1,,312,193,0,0,0,,,
mig_mm_k4_r4_c4_m3_w16_l2,mm,migration,module,SystolicCore,systolic_core_task_4_4_32_2_4_4_3_2_736480179_s,7842,5044,50,0,0,,,
mig_mm_k4_r4_c4_m3_w16_l2,mm,migration,subblock,SystolicCore.LOAD_A,,767,184,0,0,0,,,
mig_mm_k4_r4_c4_m3_w16_l2,mm,migration,subblock,SystolicCore.LOAD_B,,375,200,0,0,0,,,
mig_mm_k4_r4_c4_m3_w16_l2,mm,migration,subblock,SystolicCore.SWEEP,,3655,3629,48,0,0,,,
mig_mm_k4_r4_c4_m3_w16_l2,mm,migration,module,SystolicStore,systolic_store_task_64_4_4_32_2_2_736480179_654753759_s,758,454,1,0,0,,,
mig_mm_k4_r4_c4_m3_w16_l2,mm,migration,subblock,SystolicStore.WORDS,,359,137,0,0,0,,,
mig_mm_k4_r4_c4_m3_w16_l2,mm,migration,module,UnitReplyFramer,unit_reply_task_64_s,351,354,0,0,0,,,
mig_mm_k4_r4_c4_m3_w16_l2,mm,migration,subblock,UnitReplyFramer.PAYLOAD,,138,35,0,0,0,,,
mig_mm_k4_r4_c4_m3_w16_l2,mm,migration,module,MemWStream,mem_w_stream_framed_done_task_64_8_s,1613,2265,0,0,0,,,
mig_mm_k4_r4_c4_m3_w16_l2,mm,migration,subblock,MemWStream.BUFF,,826,642,0,0,0,,,
mig_mm_k4_r4_c4_m3_w16_l2,mm,migration,subblock,MemWStream.S2A,,137,100,0,0,0,,,
mig_mm_k4_r4_c4_m3_w16_l2,mm,migration,subblock,MemWStream.ECHO,,171,98,0,0,0,,,
mig_mm_k4_r4_c4_m3_w16_l2,mm,migration,memory,unit_a_U,,0,0,0,2,0,8,64,2
mig_mm_k4_r4_c4_m3_w16_l2,mm,migration,memory,unit_b_U,,0,0,0,2,0,64,64,2
mig_mm_k4_r4_c4_m3_w16_l2,mm,migration,memory,unit_c_U,,0,0,0,2,0,64,64,2
mig_mm_k4_r4_c4_m3_w16_l2,mm,migration,fifo,m_in_c_U,,0,99,0,0,0,3,64,1
mig_mm_k4_r4_c4_m3_w16_l2,mm,migration,fifo,m_out_c_U,,0,99,0,0,0,9,64,1
mig_mm_k4_r4_c4_m3_w16_l2,mm,migration,fifo,rd_cmd_U,,0,99,0,0,0,2,65,1
mig_mm_k4_r4_c4_m3_w16_l2,mm,migration,fifo,rd_data_U,,0,99,0,0,0,2,65,1
mig_mm_k4_r4_c4_m3_w16_l2,mm,migration,fifo,reply_U,,0,99,0,0,0,2,65,1
mig_mm_k4_r4_c4_m3_w16_l2,mm,migration,fifo,unit_ccmd_U,,0,99,0,0,0,2,64,1
mig_mm_k4_r4_c4_m3_w16_l2,mm,migration,fifo,unit_lcmd_U,,0,99,0,0,0,2,64,1
mig_mm_k4_r4_c4_m3_w16_l2,mm,migration,fifo,unit_pay_U,,0,99,0,0,0,2,65,1
mig_mm_k4_r4_c4_m3_w16_l2,mm,migration,fifo,unit_reply_U,,0,99,0,0,0,2,65,1
mig_mm_k4_r4_c4_m3_w16_l2,mm,migration,fifo,wr_U,,0,99,0,0,0,2,65,1
mig_mm_k4_r4_c4_m3_w16_l2,mm,migration,instance,control_s_axi_U,,296,170,0,0,0,0,0,0
mig_mm_k4_r4_c4_m3_w16_l2,mm,migration,instance,entry_proc_U0,,29,2,0,0,0,0,0,0
mig_mm_k4_r4_c4_m3_w16_l2,mm,migration,instance,gmem0_m_axi_U,,823,725,0,4,0,0,0,0
mig_mm_k4_r4_c4_m3_w16_l2,mm,migration,instance,gmem1_m_axi_U,,811,719,0,4,0,0,0,0
mig_mm_k4_r4_c4_m3_w16_l2,mm,migration,unitemized,unitemized,,669,0,0,0,0,0,0,0
mig_mm_k8_r8_c16_m4_w8_l16,mm,migration,module,UnitReqFramer,unit_req_task_64_s,117,72,0,0,0,,,
mig_mm_k8_r8_c16_m4_w8_l16,mm,migration,module,MemRStream,mem_r_stream_framed_task_64_s,817,502,0,0,0,,,
mig_mm_k8_r8_c16_m4_w8_l16,mm,migration,subblock,MemRStream.RELAY,,157,34,0,0,0,,,
mig_mm_k8_r8_c16_m4_w8_l16,mm,migration,subblock,MemRStream.A2S,,174,102,0,0,0,,,
mig_mm_k8_r8_c16_m4_w8_l16,mm,migration,module,SystolicRx,systolic_rx_task_64_8_8_32_16_8_16_34212151_s,893,326,3,0,0,,,
mig_mm_k8_r8_c16_m4_w8_l16,mm,migration,subblock,SystolicRx.FWD,,138,35,0,0,0,,,
mig_mm_k8_r8_c16_m4_w8_l16,mm,migration,module,SystolicLoad,systolic_load_task_64_8_8_32_16_2_669609_34212151_s,12328,3040,2,0,0,,,
mig_mm_k8_r8_c16_m4_w8_l16,mm,migration,subblock,SystolicLoad.WORDS,,581,467,0,0,0,,,
mig_mm_k8_r8_c16_m4_w8_l16,mm,migration,subblock,SystolicLoad.ELEMS,,6358,1142,0,0,0,,,
mig_mm_k8_r8_c16_m4_w8_l16,mm,migration,subblock,SystolicLoad.WORDS1,,578,465,0,0,0,,,
mig_mm_k8_r8_c16_m4_w8_l16,mm,migration,module,SystolicCore,systolic_core_task_8_8_32_16_8_16_4_2_669609_s,39224,21706,258,0,0,,,
mig_mm_k8_r8_c16_m4_w8_l16,mm,migration,subblock,SystolicCore.LOAD_A,,3125,2164,0,0,0,,,
mig_mm_k8_r8_c16_m4_w8_l16,mm,migration,subblock,SystolicCore.LOAD_B,,319,132,0,0,0,,,
mig_mm_k8_r8_c16_m4_w8_l16,mm,migration,subblock,SystolicCore.SWEEP,,28124,17892,256,0,0,,,
mig_mm_k8_r8_c16_m4_w8_l16,mm,migration,subblock,SystolicCore.OUT_C,,5674,833,0,0,0,,,
mig_mm_k8_r8_c16_m4_w8_l16,mm,migration,module,SystolicStore,systolic_store_task_64_8_8_32_16_2_669609_34212151_s,1181,711,1,0,0,,,
mig_mm_k8_r8_c16_m4_w8_l16,mm,migration,subblock,SystolicStore.WORDS,,782,394,0,0,0,,,
mig_mm_k8_r8_c16_m4_w8_l16,mm,migration,module,UnitReplyFramer,unit_reply_task_64_s,351,354,0,0,0,,,
mig_mm_k8_r8_c16_m4_w8_l16,mm,migration,subblock,UnitReplyFramer.PAYLOAD,,138,35,0,0,0,,,
mig_mm_k8_r8_c16_m4_w8_l16,mm,migration,module,MemWStream,mem_w_stream_framed_done_task_64_8_s,1613,2265,0,0,0,,,
mig_mm_k8_r8_c16_m4_w8_l16,mm,migration,subblock,MemWStream.BUFF,,826,642,0,0,0,,,
mig_mm_k8_r8_c16_m4_w8_l16,mm,migration,subblock,MemWStream.S2A,,137,100,0,0,0,,,
mig_mm_k8_r8_c16_m4_w8_l16,mm,migration,subblock,MemWStream.ECHO,,171,98,0,0,0,,,
mig_mm_k8_r8_c16_m4_w8_l16,mm,migration,memory,unit_a_U,,0,0,0,8,0,4,256,2
mig_mm_k8_r8_c16_m4_w8_l16,mm,migration,memory,unit_b_U,,0,0,0,8,0,16,256,2
mig_mm_k8_r8_c16_m4_w8_l16,mm,migration,memory,unit_c_U,,0,0,0,8,0,16,256,2
mig_mm_k8_r8_c16_m4_w8_l16,mm,migration,fifo,m_in_c_U,,0,99,0,0,0,3,64,1
mig_mm_k8_r8_c16_m4_w8_l16,mm,migration,fifo,m_out_c_U,,0,99,0,0,0,9,64,1
mig_mm_k8_r8_c16_m4_w8_l16,mm,migration,fifo,rd_cmd_U,,0,99,0,0,0,2,65,1
mig_mm_k8_r8_c16_m4_w8_l16,mm,migration,fifo,rd_data_U,,0,99,0,0,0,2,65,1
mig_mm_k8_r8_c16_m4_w8_l16,mm,migration,fifo,reply_U,,0,99,0,0,0,2,65,1
mig_mm_k8_r8_c16_m4_w8_l16,mm,migration,fifo,unit_ccmd_U,,0,99,0,0,0,2,64,1
mig_mm_k8_r8_c16_m4_w8_l16,mm,migration,fifo,unit_lcmd_U,,0,99,0,0,0,2,64,1
mig_mm_k8_r8_c16_m4_w8_l16,mm,migration,fifo,unit_pay_U,,0,99,0,0,0,2,65,1
mig_mm_k8_r8_c16_m4_w8_l16,mm,migration,fifo,unit_reply_U,,0,99,0,0,0,2,65,1
mig_mm_k8_r8_c16_m4_w8_l16,mm,migration,fifo,wr_U,,0,99,0,0,0,2,65,1
mig_mm_k8_r8_c16_m4_w8_l16,mm,migration,instance,control_s_axi_U,,296,170,0,0,0,0,0,0
mig_mm_k8_r8_c16_m4_w8_l16,mm,migration,instance,entry_proc_U0,,29,2,0,0,0,0,0,0
mig_mm_k8_r8_c16_m4_w8_l16,mm,migration,instance,gmem0_m_axi_U,,823,725,0,4,0,0,0,0
mig_mm_k8_r8_c16_m4_w8_l16,mm,migration,instance,gmem1_m_axi_U,,811,719,0,4,0,0,0,0
mig_mm_k8_r8_c16_m4_w8_l16,mm,migration,unitemized,unitemized,,669,0,0,0,0,0,0,0
mig_mm_k16_r1_c32_m3_w14_l16,mm,migration,module,UnitReqFramer,unit_req_task_64_s,117,72,0,0,0,,,
mig_mm_k16_r1_c32_m3_w14_l16,mm,migration,module,MemRStream,mem_r_stream_framed_task_64_s,817,502,0,0,0,,,
mig_mm_k16_r1_c32_m3_w14_l16,mm,migration,subblock,MemRStream.RELAY,,157,34,0,0,0,,,
mig_mm_k16_r1_c32_m3_w14_l16,mm,migration,subblock,MemRStream.A2S,,174,102,0,0,0,,,
mig_mm_k16_r1_c32_m3_w14_l16,mm,migration,module,SystolicRx,systolic_rx_task_64_16_16_32_16_1_32_928760832_s,888,328,3,0,0,,,
mig_mm_k16_r1_c32_m3_w14_l16,mm,migration,subblock,SystolicRx.FWD,,138,35,0,0,0,,,
mig_mm_k16_r1_c32_m3_w14_l16,mm,migration,module,SystolicLoad,systolic_load_task_64_16_16_32_16_2_2061114367_928760832_s,21831,6173,2,0,0,,,
mig_mm_k16_r1_c32_m3_w14_l16,mm,migration,subblock,SystolicLoad.WORDS,,653,679,0,0,0,,,
mig_mm_k16_r1_c32_m3_w14_l16,mm,migration,subblock,SystolicLoad.ELEMS,,11503,2618,0,0,0,,,
mig_mm_k16_r1_c32_m3_w14_l16,mm,migration,subblock,SystolicLoad.WORDS1,,650,677,0,0,0,,,
mig_mm_k16_r1_c32_m3_w14_l16,mm,migration,module,SystolicCore,systolic_core_task_16_16_32_16_1_32_3_2_2061114367_s,29367,16265,98,0,0,,,
mig_mm_k16_r1_c32_m3_w14_l16,mm,migration,subblock,SystolicCore.LOAD_A,,8877,7284,0,0,0,,,
mig_mm_k16_r1_c32_m3_w14_l16,mm,migration,subblock,SystolicCore.LOAD_B,,357,193,0,0,0,,,
mig_mm_k16_r1_c32_m3_w14_l16,mm,migration,subblock,SystolicCore.SWEEP,,10432,6446,96,0,0,,,
mig_mm_k16_r1_c32_m3_w14_l16,mm,migration,module,SystolicStore,systolic_store_task_64_16_16_32_16_2_2061114367_928760832_s,1438,903,1,0,0,,,
mig_mm_k16_r1_c32_m3_w14_l16,mm,migration,subblock,SystolicStore.WORDS,,1039,586,0,0,0,,,
mig_mm_k16_r1_c32_m3_w14_l16,mm,migration,module,UnitReplyFramer,unit_reply_task_64_s,351,354,0,0,0,,,
mig_mm_k16_r1_c32_m3_w14_l16,mm,migration,subblock,UnitReplyFramer.PAYLOAD,,138,35,0,0,0,,,
mig_mm_k16_r1_c32_m3_w14_l16,mm,migration,module,MemWStream,mem_w_stream_framed_done_task_64_8_s,1613,2265,0,0,0,,,
mig_mm_k16_r1_c32_m3_w14_l16,mm,migration,subblock,MemWStream.BUFF,,826,642,0,0,0,,,
mig_mm_k16_r1_c32_m3_w14_l16,mm,migration,subblock,MemWStream.S2A,,137,100,0,0,0,,,
mig_mm_k16_r1_c32_m3_w14_l16,mm,migration,subblock,MemWStream.ECHO,,171,98,0,0,0,,,
mig_mm_k16_r1_c32_m3_w14_l16,mm,migration,memory,unit_a_U,,0,0,0,13,0,16,448,2
mig_mm_k16_r1_c32_m3_w14_l16,mm,migration,memory,unit_b_U,,0,0,0,13,0,32,448,2
mig_mm_k16_r1_c32_m3_w14_l16,mm,migration,memory,unit_c_U,,0,0,0,13,0,32,448,2
mig_mm_k16_r1_c32_m3_w14_l16,mm,migration,fifo,m_in_c_U,,0,99,0,0,0,3,64,1
mig_mm_k16_r1_c32_m3_w14_l16,mm,migration,fifo,m_out_c_U,,0,99,0,0,0,9,64,1
mig_mm_k16_r1_c32_m3_w14_l16,mm,migration,fifo,rd_cmd_U,,0,99,0,0,0,2,65,1
mig_mm_k16_r1_c32_m3_w14_l16,mm,migration,fifo,rd_data_U,,0,99,0,0,0,2,65,1
mig_mm_k16_r1_c32_m3_w14_l16,mm,migration,fifo,reply_U,,0,99,0,0,0,2,65,1
mig_mm_k16_r1_c32_m3_w14_l16,mm,migration,fifo,unit_ccmd_U,,0,99,0,0,0,2,64,1
mig_mm_k16_r1_c32_m3_w14_l16,mm,migration,fifo,unit_lcmd_U,,0,99,0,0,0,2,64,1
mig_mm_k16_r1_c32_m3_w14_l16,mm,migration,fifo,unit_pay_U,,0,99,0,0,0,2,65,1
mig_mm_k16_r1_c32_m3_w14_l16,mm,migration,fifo,unit_reply_U,,0,99,0,0,0,2,65,1
mig_mm_k16_r1_c32_m3_w14_l16,mm,migration,fifo,wr_U,,0,99,0,0,0,2,65,1
mig_mm_k16_r1_c32_m3_w14_l16,mm,migration,instance,control_s_axi_U,,296,170,0,0,0,0,0,0
mig_mm_k16_r1_c32_m3_w14_l16,mm,migration,instance,entry_proc_U0,,29,2,0,0,0,0,0,0
mig_mm_k16_r1_c32_m3_w14_l16,mm,migration,instance,gmem0_m_axi_U,,823,725,0,4,0,0,0,0
mig_mm_k16_r1_c32_m3_w14_l16,mm,migration,instance,gmem1_m_axi_U,,811,719,0,4,0,0,0,0
mig_mm_k16_r1_c32_m3_w14_l16,mm,migration,unitemized,unitemized,,669,0,0,0,0,0,0,0
mig_mm_k16_r1_c32_m4_w10_l16,mm,migration,module,UnitReqFramer,unit_req_task_64_s,117,72,0,0,0,,,
mig_mm_k16_r1_c32_m4_w10_l16,mm,migration,module,MemRStream,mem_r_stream_framed_task_64_s,817,502,0,0,0,,,
mig_mm_k16_r1_c32_m4_w10_l16,mm,migration,subblock,MemRStream.RELAY,,157,34,0,0,0,,,
mig_mm_k16_r1_c32_m4_w10_l16,mm,migration,subblock,MemRStream.A2S,,174,102,0,0,0,,,
mig_mm_k16_r1_c32_m4_w10_l16,mm,migration,module,SystolicRx,systolic_rx_task_64_16_16_32_16_1_32_1284519423_s,888,328,3,0,0,,,
mig_mm_k16_r1_c32_m4_w10_l16,mm,migration,subblock,SystolicRx.FWD,,138,35,0,0,0,,,
mig_mm_k16_r1_c32_m4_w10_l16,mm,migration,module,SystolicLoad,systolic_load_task_64_16_16_32_16_2_686527889_1284519423_s,15565,4733,2,0,0,,,
mig_mm_k16_r1_c32_m4_w10_l16,mm,migration,subblock,SystolicLoad.WORDS,,605,539,0,0,0,,,
mig_mm_k16_r1_c32_m4_w10_l16,mm,migration,subblock,SystolicLoad.ELEMS,,8109,1970,0,0,0,,,
mig_mm_k16_r1_c32_m4_w10_l16,mm,migration,subblock,SystolicLoad.WORDS1,,602,537,0,0,0,,,
mig_mm_k16_r1_c32_m4_w10_l16,mm,migration,module,SystolicCore,systolic_core_task_16_16_32_16_1_32_4_2_686527889_s,26601,12323,98,0,0,,,
mig_mm_k16_r1_c32_m4_w10_l16,mm,migration,subblock,SystolicCore.LOAD_A,,6829,5236,0,0,0,,,
mig_mm_k16_r1_c32_m4_w10_l16,mm,migration,subblock,SystolicCore.LOAD_B,,357,193,0,0,0,,,
mig_mm_k16_r1_c32_m4_w10_l16,mm,migration,subblock,SystolicCore.SWEEP,,10648,5062,96,0,0,,,
mig_mm_k16_r1_c32_m4_w10_l16,mm,migration,module,SystolicStore,systolic_store_task_64_16_16_32_16_2_686527889_1284519423_s,1254,775,1,0,0,,,
mig_mm_k16_r1_c32_m4_w10_l16,mm,migration,subblock,SystolicStore.WORDS,,855,458,0,0,0,,,
mig_mm_k16_r1_c32_m4_w10_l16,mm,migration,module,UnitReplyFramer,unit_reply_task_64_s,351,354,0,0,0,,,
mig_mm_k16_r1_c32_m4_w10_l16,mm,migration,subblock,UnitReplyFramer.PAYLOAD,,138,35,0,0,0,,,
mig_mm_k16_r1_c32_m4_w10_l16,mm,migration,module,MemWStream,mem_w_stream_framed_done_task_64_8_s,1613,2265,0,0,0,,,
mig_mm_k16_r1_c32_m4_w10_l16,mm,migration,subblock,MemWStream.BUFF,,826,642,0,0,0,,,
mig_mm_k16_r1_c32_m4_w10_l16,mm,migration,subblock,MemWStream.S2A,,137,100,0,0,0,,,
mig_mm_k16_r1_c32_m4_w10_l16,mm,migration,subblock,MemWStream.ECHO,,171,98,0,0,0,,,
mig_mm_k16_r1_c32_m4_w10_l16,mm,migration,memory,unit_a_U,,0,0,0,9,0,16,320,2
mig_mm_k16_r1_c32_m4_w10_l16,mm,migration,memory,unit_b_U,,0,0,0,9,0,32,320,2
mig_mm_k16_r1_c32_m4_w10_l16,mm,migration,memory,unit_c_U,,0,0,0,9,0,32,320,2
mig_mm_k16_r1_c32_m4_w10_l16,mm,migration,fifo,m_in_c_U,,0,99,0,0,0,3,64,1
mig_mm_k16_r1_c32_m4_w10_l16,mm,migration,fifo,m_out_c_U,,0,99,0,0,0,9,64,1
mig_mm_k16_r1_c32_m4_w10_l16,mm,migration,fifo,rd_cmd_U,,0,99,0,0,0,2,65,1
mig_mm_k16_r1_c32_m4_w10_l16,mm,migration,fifo,rd_data_U,,0,99,0,0,0,2,65,1
mig_mm_k16_r1_c32_m4_w10_l16,mm,migration,fifo,reply_U,,0,99,0,0,0,2,65,1
mig_mm_k16_r1_c32_m4_w10_l16,mm,migration,fifo,unit_ccmd_U,,0,99,0,0,0,2,64,1
mig_mm_k16_r1_c32_m4_w10_l16,mm,migration,fifo,unit_lcmd_U,,0,99,0,0,0,2,64,1
mig_mm_k16_r1_c32_m4_w10_l16,mm,migration,fifo,unit_pay_U,,0,99,0,0,0,2,65,1
mig_mm_k16_r1_c32_m4_w10_l16,mm,migration,fifo,unit_reply_U,,0,99,0,0,0,2,65,1
mig_mm_k16_r1_c32_m4_w10_l16,mm,migration,fifo,wr_U,,0,99,0,0,0,2,65,1
mig_mm_k16_r1_c32_m4_w10_l16,mm,migration,instance,control_s_axi_U,,296,170,0,0,0,0,0,0
mig_mm_k16_r1_c32_m4_w10_l16,mm,migration,instance,entry_proc_U0,,29,2,0,0,0,0,0,0
mig_mm_k16_r1_c32_m4_w10_l16,mm,migration,instance,gmem0_m_axi_U,,823,725,0,4,0,0,0,0
mig_mm_k16_r1_c32_m4_w10_l16,mm,migration,instance,gmem1_m_axi_U,,811,719,0,4,0,0,0,0
mig_mm_k16_r1_c32_m4_w10_l16,mm,migration,unitemized,unitemized,,669,0,0,0,0,0,0,0
