# mimo_cg migration_bruteforce_scores: numpy=2.5.3, base_seed=20260930, tool=vitis_hls 2024.1, model_sha256=8f4a342f28dfcf2c, model=components-1, part=xczu48dr-ffvg1517-2-e, period_ns=4
modulation,M,K,budget_db,job_budget,resource,problem,pick,m_cost,m_job,bf_pick,bf_cost,bf_job,measured,met,regret_pct,right,same_build,same_cost,void
16qam,32,4,2.500000e-01,1180,dsp,0,bf_det_k4_l16_r4_c16_m3_w14g4_d32_s2_q2,387,1123,bf_det_k4_l16_r4_c16_m3_w14g4_d32_s2_q2,387,1123,1,1,0.000000e+00,1,1,1,0
16qam,32,4,2.500000e-01,1180,lut,1,bf_det_k4_l16_r4_c16_m4_w14g4_d64_s2_q2,88753,1117,bf_det_k4_l16_r4_c16_m4_w12g8_d32_s2_q2,85686,1165,1,1,3.579000e+00,1,0,0,0
16qam,32,4,2.500000e-01,1180,ff,2,bf_det_k4_l16_r4_c16_m3_w14g4_d32_s2_q2,62384,1123,bf_det_k4_l16_r4_c16_m3_w12g8_d32_s2_q2,58342,1177,1,1,6.928000e+00,1,0,0,0
16qam,32,4,2.500000e-01,1180,bram,3,bf_det_k4_l16_r4_c16_m4_w14g4_d32_s2_q2,56,1117,bf_det_k4_l16_r4_c16_m4_w12g8_d32_s2_q2,48,1165,1,1,1.666700e+01,0,0,0,0
16qam,32,4,2.500000e-01,1747,dsp,4,bf_det_k4_l16_r1_c16_m3_w14g4_d32_s2_q2,243,1594,bf_det_k4_l16_r1_c16_m3_w14g4_d32_s2_q2,243,1594,1,1,0.000000e+00,1,1,1,0
16qam,32,4,2.500000e-01,1747,lut,5,bf_det_k4_l16_r1_c16_m4_w12g8_d64_s2_q2,79061,1627,bf_det_k4_l16_r1_c16_m4_w12g8_d32_s2_q2,78441,1627,1,1,7.900000e-01,1,0,0,0
16qam,32,4,2.500000e-01,1747,ff,6,bf_det_k4_l16_r1_c16_m3_w12g8_d32_s2_q2,49491,1675,bf_det_k4_l16_r1_c16_m3_w12g8_d32_s2_q2,49491,1675,1,1,0.000000e+00,1,1,1,0
16qam,32,4,2.500000e-01,1747,bram,7,bf_det_k4_l16_r4_c16_m4_w12g8_d32_s2_q2,48,1165,bf_det_k4_l16_r4_c16_m4_w12g8_d32_s2_q2,48,1165,1,1,0.000000e+00,1,1,1,0
16qam,32,4,2.500000e-01,2585,dsp,8,bf_det_k4_l16_r1_c16_m3_w14g4_d32_s2_q2,243,1594,bf_det_k4_l16_r1_c16_m3_w14g4_d32_s2_q2,243,1594,1,1,0.000000e+00,1,1,1,0
16qam,32,4,2.500000e-01,2585,lut,9,bf_det_k4_l16_r1_c16_m4_w12g8_d64_s2_q2,79061,1627,bf_det_k4_l16_r1_c16_m4_w12g8_d32_s2_q2,78441,1627,1,1,7.900000e-01,1,0,0,0
16qam,32,4,2.500000e-01,2585,ff,10,bf_det_k4_l16_r1_c16_m3_w12g8_d32_s2_q2,49491,1675,bf_det_k4_l16_r1_c16_m3_w12g8_d32_s2_q2,49491,1675,1,1,0.000000e+00,1,1,1,0
16qam,32,4,2.500000e-01,2585,bram,11,bf_det_k4_l16_r4_c16_m4_w12g8_d32_s2_q2,48,1165,bf_det_k4_l16_r4_c16_m4_w12g8_d32_s2_q2,48,1165,1,1,0.000000e+00,1,1,1,0
16qam,32,4,2.500000e-01,3826,dsp,12,bf_det_k4_l4_r1_c4_m4_w14g4_d32_s2_q2,70,3760,bf_det_k4_l4_r1_c4_m3_w14g4_d32_s2_q2,66,3766,1,1,6.061000e+00,1,0,0,0
16qam,32,4,2.500000e-01,3826,lut,13,bf_det_k4_l4_r1_c4_m4_w14g4_d64_s2_q2,29378,3760,bf_det_k4_l4_r1_c4_m4_w14g4_d32_s2_q2,28726,3760,1,1,2.270000e+00,1,0,0,0
16qam,32,4,2.500000e-01,3826,ff,14,bf_det_k4_l4_r1_c4_m4_w14g4_d32_s2_q2,18604,3760,bf_det_k4_l4_r1_c4_m3_w14g4_d32_s2_q2,18550,3766,1,1,2.910000e-01,1,0,0,0
16qam,32,4,2.500000e-01,3826,bram,15,bf_det_k4_l4_r4_c4_m4_w12g8_d32_s2_q2,16,3793,bf_det_k4_l4_r4_c4_m4_w12g8_d32_s2_q2,16,3793,1,1,0.000000e+00,1,1,1,0
16qam,32,4,2.500000e-01,5662,dsp,16,bf_det_k4_l4_r1_c4_m3_w14g4_d32_s2_q2,66,3766,bf_det_k4_l4_r1_c4_m3_w14g4_d32_s2_q2,66,3766,1,1,0.000000e+00,1,1,1,0
16qam,32,4,2.500000e-01,5662,lut,17,bf_det_k4_l4_r1_c4_m4_w12g8_d64_s2_q2,28916,3940,bf_det_k4_l4_r1_c4_m4_w12g8_d32_s2_q2,28296,3940,1,1,2.191000e+00,1,0,0,0
16qam,32,4,2.500000e-01,5662,ff,18,bf_det_k4_l4_r1_c4_m3_w12g8_d32_s2_q2,17945,3943,bf_det_k4_l4_r1_c4_m4_w12g8_d32_s2_q2,17935,3940,1,1,5.600000e-02,1,0,0,0
16qam,32,4,2.500000e-01,5662,bram,19,bf_det_k4_l4_r4_c4_m4_w12g8_d32_s2_q2,16,3793,bf_det_k4_l4_r4_c4_m4_w12g8_d32_s2_q2,16,3793,1,1,0.000000e+00,1,1,1,0
16qam,32,4,2.500000e-01,8379,dsp,20,bf_det_k4_l4_r1_c4_m3_w14g4_d32_s2_q2,66,3766,bf_det_k4_l4_r1_c4_m3_w14g4_d32_s2_q2,66,3766,1,1,0.000000e+00,1,1,1,0
16qam,32,4,2.500000e-01,8379,lut,21,bf_det_k4_l4_r1_c4_m4_w12g8_d64_s2_q2,28916,3940,bf_det_k4_l4_r1_c4_m4_w12g8_d32_s2_q2,28296,3940,1,1,2.191000e+00,1,0,0,0
16qam,32,4,2.500000e-01,8379,ff,22,bf_det_k4_l4_r1_c4_m3_w12g8_d32_s2_q2,17945,3943,bf_det_k4_l4_r1_c4_m4_w12g8_d32_s2_q2,17935,3940,1,1,5.600000e-02,1,0,0,0
16qam,32,4,2.500000e-01,8379,bram,23,bf_det_k4_l4_r4_c4_m4_w12g8_d32_s2_q2,16,3793,bf_det_k4_l4_r4_c4_m4_w12g8_d32_s2_q2,16,3793,1,1,0.000000e+00,1,1,1,0
16qam,32,4,2.500000e-01,12401,dsp,24,bf_det_k4_l4_r1_c4_m3_w14g4_d32_s2_q2,66,3766,bf_det_k4_l4_r1_c4_m3_w14g4_d32_s2_q2,66,3766,1,1,0.000000e+00,1,1,1,0
16qam,32,4,2.500000e-01,12401,lut,25,bf_det_k4_l4_r1_c4_m4_w12g8_d64_s2_q2,28916,3940,bf_det_k4_l4_r1_c4_m4_w12g8_d32_s2_q2,28296,3940,1,1,2.191000e+00,1,0,0,0
16qam,32,4,2.500000e-01,12401,ff,26,bf_det_k4_l4_r1_c4_m3_w12g8_d32_s2_q2,17945,3943,bf_det_k4_l4_r1_c4_m4_w12g8_d32_s2_q2,17935,3940,1,1,5.600000e-02,1,0,0,0
16qam,32,4,2.500000e-01,12401,bram,27,bf_det_k4_l4_r4_c4_m4_w12g8_d32_s2_q2,16,3793,bf_det_k4_l4_r4_c4_m4_w12g8_d32_s2_q2,16,3793,1,1,0.000000e+00,1,1,1,0
16qam,32,4,2.500000e-01,18353,dsp,28,bf_det_k4_l1_r1_c4_m3_w14g4_d32_s2_q2,27,13831,bf_det_k4_l1_r1_c4_m3_w14g4_d32_s2_q2,27,13831,1,1,0.000000e+00,1,1,1,0
16qam,32,4,2.500000e-01,18353,lut,29,bf_det_k4_l1_r1_c4_m4_w12g8_d64_s2_q2,15776,14419,bf_det_k4_l1_r1_c4_m4_w16g0_d32_s2_q2,14918,17083,1,1,5.751000e+00,1,0,0,0
16qam,32,4,2.500000e-01,18353,ff,30,bf_det_k4_l1_r1_c4_m3_w12g8_d32_s2_q2,9995,14611,bf_det_k4_l1_r1_c4_m3_w12g8_d32_s2_q2,9995,14611,1,1,0.000000e+00,1,1,1,0
16qam,32,4,2.500000e-01,18353,bram,31,bf_det_k4_l1_r4_c4_m4_w14g4_d32_s2_q2,14,12661,bf_det_k4_l1_r4_c4_m4_w14g4_d32_s2_q2,14,12661,1,1,0.000000e+00,1,1,1,0
16qam,32,4,5.000000e-01,1115,dsp,32,bf_det_k4_l16_r4_c16_m3_w12g4_d32_s2_q2,387,1072,bf_det_k4_l16_r4_c16_m4_w10g8_d32_s2_q2,275,1105,1,1,4.072700e+01,0,0,0,0
16qam,32,4,5.000000e-01,1115,lut,33,bf_det_k4_l16_r4_c16_m4_w12g4_d64_s2_q2,83358,1060,bf_det_k4_l16_r4_c16_m4_w12g4_d32_s2_q2,82738,1060,1,1,7.490000e-01,1,0,0,0
16qam,32,4,5.000000e-01,1115,ff,34,bf_det_k4_l16_r4_c16_m3_w12g4_d32_s2_q2,55377,1072,bf_det_k4_l16_r4_c16_m4_w10g8_d32_s2_q2,53725,1105,1,1,3.075000e+00,1,0,0,0
16qam,32,4,5.000000e-01,1115,bram,35,bf_det_k4_l16_r4_c16_m4_w12g4_d32_s2_q2,48,1060,bf_det_k4_l16_r4_c16_m4_w10g8_d32_s2_q2,40,1105,1,1,2.000000e+01,0,0,0,0
16qam,32,4,5.000000e-01,1647,dsp,36,bf_det_k4_l16_r1_c16_m4_w10g8_d32_s2_q2,131,1567,bf_det_k4_l16_r1_c16_m4_w10g8_d32_s2_q2,131,1567,1,1,0.000000e+00,1,1,1,0
16qam,32,4,5.000000e-01,1647,lut,37,bf_det_k4_l16_r1_c16_m4_w12g4_d64_s2_q2,76113,1522,bf_det_k4_l16_r1_c16_m4_w12g4_d32_s2_q2,75493,1522,1,1,8.210000e-01,1,0,0,0
16qam,32,4,5.000000e-01,1647,ff,38,bf_det_k4_l16_r1_c16_m3_w12g4_d32_s2_q2,46526,1570,bf_det_k4_l16_r1_c16_m3_w10g8_d32_s2_q2,44687,1615,1,1,4.115000e+00,1,0,0,0
16qam,32,4,5.000000e-01,1647,bram,39,bf_det_k4_l16_r4_c16_m4_w10g8_d32_s2_q2,40,1105,bf_det_k4_l16_r4_c16_m4_w10g8_d32_s2_q2,40,1105,1,1,0.000000e+00,1,1,1,0
16qam,32,4,5.000000e-01,2433,dsp,40,bf_det_k4_l16_r1_c16_m4_w10g8_d32_s2_q2,131,1567,bf_det_k4_l16_r1_c16_m4_w10g8_d32_s2_q2,131,1567,1,1,0.000000e+00,1,1,1,0
16qam,32,4,5.000000e-01,2433,lut,41,bf_det_k4_l16_r1_c16_m4_w12g4_d64_s2_q2,76113,1522,bf_det_k4_l16_r1_c16_m4_w12g4_d32_s2_q2,75493,1522,1,1,8.210000e-01,1,0,0,0
16qam,32,4,5.000000e-01,2433,ff,42,bf_det_k4_l16_r1_c16_m3_w12g4_d32_s2_q2,46526,1570,bf_det_k4_l16_r1_c16_m3_w10g8_d32_s2_q2,44687,1615,1,1,4.115000e+00,1,0,0,0
16qam,32,4,5.000000e-01,2433,bram,43,bf_det_k4_l16_r4_c16_m4_w10g8_d32_s2_q2,40,1105,bf_det_k4_l16_r4_c16_m4_w10g8_d32_s2_q2,40,1105,1,1,0.000000e+00,1,1,1,0
16qam,32,4,5.000000e-01,3593,dsp,44,bf_det_k4_l4_r1_c4_m4_w12g4_d32_s2_q2,70,3583,bf_det_k4_l4_r1_c4_m3_w16g0_d32_s2_q2,66,3557,1,1,6.061000e+00,1,0,0,0
16qam,32,4,5.000000e-01,3593,lut,45,bf_det_k4_l4_r1_c4_m4_w12g4_d64_s2_q2,28088,3583,bf_det_k4_l4_r1_c4_m4_w12g4_d32_s2_q2,27468,3583,1,1,2.257000e+00,1,0,0,0
16qam,32,4,5.000000e-01,3593,ff,46,bf_det_k4_l4_r1_c4_m4_w12g4_d32_s2_q2,17178,3583,bf_det_k4_l4_r1_c4_m4_w12g4_d32_s2_q2,17178,3583,1,1,0.000000e+00,1,1,1,0
16qam,32,4,5.000000e-01,3593,bram,47,bf_det_k4_l4_r4_c4_m4_w12g4_d32_s2_q2,16,3436,bf_det_k4_l4_r4_c4_m4_w12g4_d32_s2_q2,16,3436,1,1,0.000000e+00,1,1,1,0
16qam,32,4,5.000000e-01,5306,dsp,48,bf_det_k4_l4_r1_c4_m4_w10g8_d32_s2_q2,38,3736,bf_det_k4_l4_r1_c4_m4_w10g8_d32_s2_q2,38,3736,1,1,0.000000e+00,1,1,1,0
16qam,32,4,5.000000e-01,5306,lut,49,bf_det_k4_l4_r1_c4_m4_w12g4_d64_s2_q2,28088,3583,bf_det_k4_l4_r1_c4_m4_w12g4_d32_s2_q2,27468,3583,1,1,2.257000e+00,1,0,0,0
16qam,32,4,5.000000e-01,5306,ff,50,bf_det_k4_l4_r1_c4_m3_w10g8_d32_s2_q2,16803,3739,bf_det_k4_l4_r1_c4_m4_w10g8_d32_s2_q2,16773,3736,1,1,1.790000e-01,1,0,0,0
16qam,32,4,5.000000e-01,5306,bram,51,bf_det_k4_l4_r4_c4_m4_w12g4_d32_s2_q2,16,3436,bf_det_k4_l4_r4_c4_m4_w12g4_d32_s2_q2,16,3436,1,1,0.000000e+00,1,1,1,0
16qam,32,4,5.000000e-01,7837,dsp,52,bf_det_k4_l4_r1_c4_m4_w10g8_d32_s2_q2,38,3736,bf_det_k4_l4_r1_c4_m4_w10g8_d32_s2_q2,38,3736,1,1,0.000000e+00,1,1,1,0
16qam,32,4,5.000000e-01,7837,lut,53,bf_det_k4_l4_r1_c4_m4_w12g4_d64_s2_q2,28088,3583,bf_det_k4_l4_r1_c4_m4_w12g4_d32_s2_q2,27468,3583,1,1,2.257000e+00,1,0,0,0
16qam,32,4,5.000000e-01,7837,ff,54,bf_det_k4_l4_r1_c4_m3_w10g8_d32_s2_q2,16803,3739,bf_det_k4_l4_r1_c4_m4_w10g8_d32_s2_q2,16773,3736,1,1,1.790000e-01,1,0,0,0
16qam,32,4,5.000000e-01,7837,bram,55,bf_det_k4_l4_r4_c4_m4_w12g4_d32_s2_q2,16,3436,bf_det_k4_l4_r4_c4_m4_w12g4_d32_s2_q2,16,3436,1,1,0.000000e+00,1,1,1,0
16qam,32,4,5.000000e-01,11575,dsp,56,bf_det_k4_l4_r1_c4_m4_w10g8_d32_s2_q2,38,3736,bf_det_k4_l4_r1_c4_m4_w10g8_d32_s2_q2,38,3736,1,1,0.000000e+00,1,1,1,0
16qam,32,4,5.000000e-01,11575,lut,57,bf_det_k4_l4_r1_c4_m4_w12g4_d64_s2_q2,28088,3583,bf_det_k4_l4_r1_c4_m4_w12g4_d32_s2_q2,27468,3583,1,1,2.257000e+00,1,0,0,0
16qam,32,4,5.000000e-01,11575,ff,58,bf_det_k4_l4_r1_c4_m3_w10g8_d32_s2_q2,16803,3739,bf_det_k4_l4_r1_c4_m4_w10g8_d32_s2_q2,16773,3736,1,1,1.790000e-01,1,0,0,0
16qam,32,4,5.000000e-01,11575,bram,59,bf_det_k4_l4_r4_c4_m4_w12g4_d32_s2_q2,16,3436,bf_det_k4_l4_r4_c4_m4_w12g4_d32_s2_q2,16,3436,1,1,0.000000e+00,1,1,1,0
16qam,32,4,5.000000e-01,17096,dsp,60,bf_det_k4_l1_r1_c4_m4_w10g8_d32_s2_q2,20,13639,bf_det_k4_l1_r1_c4_m4_w10g8_d32_s2_q2,20,13639,1,1,0.000000e+00,1,1,1,0
16qam,32,4,5.000000e-01,17096,lut,61,bf_det_k4_l1_r1_c4_m4_w12g4_d64_s2_q2,15481,13054,bf_det_k4_l1_r1_c4_m4_w12g4_d32_s2_q2,14827,13054,1,1,4.411000e+00,1,0,0,0
16qam,32,4,5.000000e-01,17096,ff,62,bf_det_k4_l1_r1_c4_m3_w10g8_d32_s2_q2,9691,13831,bf_det_k4_l1_r1_c4_m3_w10g8_d32_s2_q2,9691,13831,1,1,0.000000e+00,1,1,1,0
16qam,32,4,5.000000e-01,17096,bram,63,bf_det_k4_l1_r4_c4_m4_w12g4_d32_s2_q2,14,12052,bf_det_k4_l1_r4_c4_m4_w12g4_d32_s2_q2,14,12052,1,1,0.000000e+00,1,1,1,0
16qam,32,4,1.000000e+00,1115,dsp,64,bf_det_k4_l16_r4_c16_m3_w12g4_d32_s2_q2,387,1072,bf_det_k4_l16_r4_c16_m4_w10g8_d32_s2_q2,275,1105,1,1,4.072700e+01,0,0,0,0
16qam,32,4,1.000000e+00,1115,lut,65,bf_det_k4_l16_r4_c16_m4_w12g4_d64_s2_q2,83358,1060,bf_det_k4_l16_r4_c16_m4_w12g4_d32_s2_q2,82738,1060,1,1,7.490000e-01,1,0,0,0
16qam,32,4,1.000000e+00,1115,ff,66,bf_det_k4_l16_r4_c16_m3_w12g4_d32_s2_q2,55377,1072,bf_det_k4_l16_r4_c16_m4_w10g8_d32_s2_q2,53725,1105,1,1,3.075000e+00,1,0,0,0
16qam,32,4,1.000000e+00,1115,bram,67,bf_det_k4_l16_r4_c16_m4_w12g4_d32_s2_q2,48,1060,bf_det_k4_l16_r4_c16_m4_w10g8_d32_s2_q2,40,1105,1,1,2.000000e+01,0,0,0,0
16qam,32,4,1.000000e+00,1649,dsp,68,bf_det_k4_l16_r1_c16_m4_w10g8_d32_s2_q2,131,1567,bf_det_k4_l16_r1_c16_m4_w10g8_d32_s2_q2,131,1567,1,1,0.000000e+00,1,1,1,0
16qam,32,4,1.000000e+00,1649,lut,69,bf_det_k4_l16_r1_c16_m4_w12g4_d64_s2_q2,76113,1522,bf_det_k4_l16_r1_c16_m4_w12g4_d32_s2_q2,75493,1522,1,1,8.210000e-01,1,0,0,0
16qam,32,4,1.000000e+00,1649,ff,70,bf_det_k4_l16_r1_c16_m3_w12g4_d32_s2_q2,46526,1570,bf_det_k4_l16_r1_c16_m3_w10g8_d32_s2_q2,44687,1615,1,1,4.115000e+00,1,0,0,0
16qam,32,4,1.000000e+00,1649,bram,71,bf_det_k4_l16_r4_c16_m4_w10g8_d32_s2_q2,40,1105,bf_det_k4_l16_r4_c16_m4_w10g8_d32_s2_q2,40,1105,1,1,0.000000e+00,1,1,1,0
16qam,32,4,1.000000e+00,2439,dsp,72,bf_det_k4_l16_r1_c16_m4_w10g8_d32_s2_q2,131,1567,bf_det_k4_l16_r1_c16_m4_w10g8_d32_s2_q2,131,1567,1,1,0.000000e+00,1,1,1,0
16qam,32,4,1.000000e+00,2439,lut,73,bf_det_k4_l16_r1_c16_m4_w12g4_d64_s2_q2,76113,1522,bf_det_k4_l16_r1_c16_m4_w12g4_d32_s2_q2,75493,1522,1,1,8.210000e-01,1,0,0,0
16qam,32,4,1.000000e+00,2439,ff,74,bf_det_k4_l16_r1_c16_m3_w12g4_d32_s2_q2,46526,1570,bf_det_k4_l16_r1_c16_m3_w10g8_d32_s2_q2,44687,1615,1,1,4.115000e+00,1,0,0,0
16qam,32,4,1.000000e+00,2439,bram,75,bf_det_k4_l16_r4_c16_m4_w10g8_d32_s2_q2,40,1105,bf_det_k4_l16_r4_c16_m4_w10g8_d32_s2_q2,40,1105,1,1,0.000000e+00,1,1,1,0
16qam,32,4,1.000000e+00,3608,dsp,76,bf_det_k4_l4_r1_c4_m4_w12g4_d32_s2_q2,70,3583,bf_det_k4_l4_r1_c4_m3_w16g0_d32_s2_q2,66,3557,1,1,6.061000e+00,1,0,0,0
16qam,32,4,1.000000e+00,3608,lut,77,bf_det_k4_l4_r1_c4_m4_w12g4_d64_s2_q2,28088,3583,bf_det_k4_l4_r1_c4_m4_w12g4_d32_s2_q2,27468,3583,1,1,2.257000e+00,1,0,0,0
16qam,32,4,1.000000e+00,3608,ff,78,bf_det_k4_l4_r1_c4_m4_w12g4_d32_s2_q2,17178,3583,bf_det_k4_l4_r1_c4_m4_w12g4_d32_s2_q2,17178,3583,1,1,0.000000e+00,1,1,1,0
16qam,32,4,1.000000e+00,3608,bram,79,bf_det_k4_l4_r4_c4_m4_w12g4_d32_s2_q2,16,3436,bf_det_k4_l4_r4_c4_m4_w12g4_d32_s2_q2,16,3436,1,1,0.000000e+00,1,1,1,0
16qam,32,4,1.000000e+00,5336,dsp,80,bf_det_k4_l4_r1_c4_m4_w10g8_d32_s2_q2,38,3736,bf_det_k4_l4_r1_c4_m4_w10g8_d32_s2_q2,38,3736,1,1,0.000000e+00,1,1,1,0
16qam,32,4,1.000000e+00,5336,lut,81,bf_det_k4_l4_r1_c4_m4_w12g4_d64_s2_q2,28088,3583,bf_det_k4_l4_r1_c4_m4_w12g4_d32_s2_q2,27468,3583,1,1,2.257000e+00,1,0,0,0
16qam,32,4,1.000000e+00,5336,ff,82,bf_det_k4_l4_r1_c4_m3_w10g8_d32_s2_q2,16803,3739,bf_det_k4_l4_r1_c4_m4_w10g8_d32_s2_q2,16773,3736,1,1,1.790000e-01,1,0,0,0
16qam,32,4,1.000000e+00,5336,bram,83,bf_det_k4_l4_r4_c4_m4_w12g4_d32_s2_q2,16,3436,bf_det_k4_l4_r4_c4_m4_w12g4_d32_s2_q2,16,3436,1,1,0.000000e+00,1,1,1,0
16qam,32,4,1.000000e+00,7891,dsp,84,bf_det_k4_l4_r1_c4_m4_w10g8_d32_s2_q2,38,3736,bf_det_k4_l4_r1_c4_m4_w10g8_d32_s2_q2,38,3736,1,1,0.000000e+00,1,1,1,0
16qam,32,4,1.000000e+00,7891,lut,85,bf_det_k4_l4_r1_c4_m4_w12g4_d64_s2_q2,28088,3583,bf_det_k4_l4_r1_c4_m4_w12g4_d32_s2_q2,27468,3583,1,1,2.257000e+00,1,0,0,0
16qam,32,4,1.000000e+00,7891,ff,86,bf_det_k4_l4_r1_c4_m3_w10g8_d32_s2_q2,16803,3739,bf_det_k4_l4_r1_c4_m4_w10g8_d32_s2_q2,16773,3736,1,1,1.790000e-01,1,0,0,0
16qam,32,4,1.000000e+00,7891,bram,87,bf_det_k4_l4_r4_c4_m4_w12g4_d32_s2_q2,16,3436,bf_det_k4_l4_r4_c4_m4_w12g4_d32_s2_q2,16,3436,1,1,0.000000e+00,1,1,1,0
16qam,32,4,1.000000e+00,11671,dsp,88,bf_det_k4_l4_r1_c4_m4_w10g8_d32_s2_q2,38,3736,bf_det_k4_l4_r1_c4_m4_w10g8_d32_s2_q2,38,3736,1,1,0.000000e+00,1,1,1,0
16qam,32,4,1.000000e+00,11671,lut,89,bf_det_k4_l4_r1_c4_m4_w12g4_d64_s2_q2,28088,3583,bf_det_k4_l4_r1_c4_m4_w12g4_d32_s2_q2,27468,3583,1,1,2.257000e+00,1,0,0,0
16qam,32,4,1.000000e+00,11671,ff,90,bf_det_k4_l4_r1_c4_m3_w10g8_d32_s2_q2,16803,3739,bf_det_k4_l4_r1_c4_m4_w10g8_d32_s2_q2,16773,3736,1,1,1.790000e-01,1,0,0,0
16qam,32,4,1.000000e+00,11671,bram,91,bf_det_k4_l4_r4_c4_m4_w12g4_d32_s2_q2,16,3436,bf_det_k4_l4_r4_c4_m4_w12g4_d32_s2_q2,16,3436,1,1,0.000000e+00,1,1,1,0
16qam,32,4,1.000000e+00,17262,dsp,92,bf_det_k4_l1_r1_c4_m4_w10g8_d32_s2_q2,20,13639,bf_det_k4_l1_r1_c4_m4_w10g8_d32_s2_q2,20,13639,1,1,0.000000e+00,1,1,1,0
16qam,32,4,1.000000e+00,17262,lut,93,bf_det_k4_l1_r1_c4_m4_w12g4_d64_s2_q2,15481,13054,bf_det_k4_l1_r1_c4_m4_w14g0_d32_s2_q2,14774,16331,1,1,4.785000e+00,1,0,0,0
16qam,32,4,1.000000e+00,17262,ff,94,bf_det_k4_l1_r1_c4_m3_w10g8_d32_s2_q2,9691,13831,bf_det_k4_l1_r1_c4_m3_w10g8_d32_s2_q2,9691,13831,1,1,0.000000e+00,1,1,1,0
16qam,32,4,1.000000e+00,17262,bram,95,bf_det_k4_l1_r4_c4_m4_w12g4_d32_s2_q2,14,12052,bf_det_k4_l1_r4_c4_m4_w12g4_d32_s2_q2,14,12052,1,1,0.000000e+00,1,1,1,0
16qam,32,8,2.500000e-01,2773,dsp,96,bf_det_k8_l16_r8_c16_m3_w14g4_d32_s2_q2,579,2609,bf_det_k8_l16_r8_c16_m3_w14g4_d32_s2_q2,579,2609,1,1,0.000000e+00,1,1,1,0
16qam,32,8,2.500000e-01,2773,lut,97,bf_det_k8_l16_r8_c16_m4_w12g8_d64_s2_q2,99106,2693,bf_det_k8_l16_r8_c16_m4_w12g8_d32_s2_q2,98493,2693,1,1,6.220000e-01,1,0,0,0
16qam,32,8,2.500000e-01,2773,ff,98,bf_det_k8_l16_r8_c16_m3_w12g8_d32_s2_q2,70726,2717,bf_det_k8_l16_r8_c16_m3_w12g8_d32_s2_q2,70726,2717,1,1,0.000000e+00,1,1,1,0
16qam,32,8,2.500000e-01,2773,bram,99,bf_det_k8_l16_r8_c16_m4_w12g8_d32_s2_q2,59,2693,bf_det_k8_l16_r8_c16_m4_w12g8_d32_s2_q2,59,2693,1,1,0.000000e+00,1,1,1,0
16qam,32,8,2.500000e-01,4122,dsp,100,bf_det_k8_l16_r4_c16_m3_w14g4_d32_s2_q2,387,3005,bf_det_k8_l16_r4_c16_m3_w14g4_d32_s2_q2,387,3005,1,1,0.000000e+00,1,1,1,0
16qam,32,8,2.500000e-01,4122,lut,101,bf_det_k8_l16_r4_c16_m4_w12g8_d64_s2_q2,89668,3065,bf_det_k8_l16_r4_c16_m4_w12g8_d32_s2_q2,89055,3065,1,1,6.880000e-01,1,0,0,0
16qam,32,8,2.500000e-01,4122,ff,102,bf_det_k8_l16_r4_c16_m3_w12g8_d32_s2_q2,59850,3113,bf_det_k8_l16_r4_c16_m3_w12g8_d32_s2_q2,59850,3113,1,1,0.000000e+00,1,1,1,0
16qam,32,8,2.500000e-01,4122,bram,103,bf_det_k8_l16_r8_c16_m4_w12g8_d32_s2_q2,59,2693,bf_det_k8_l16_r8_c16_m4_w12g8_d32_s2_q2,59,2693,1,1,0.000000e+00,1,1,1,0
16qam,32,8,2.500000e-01,6127,dsp,104,bf_det_k8_l16_r1_c16_m3_w14g4_d32_s2_q2,243,5285,bf_det_k8_l16_r1_c16_m3_w14g4_d32_s2_q2,243,5285,1,1,0.000000e+00,1,1,1,0
16qam,32,8,2.500000e-01,6127,lut,105,bf_det_k8_l16_r1_c16_m4_w12g8_d64_s2_q2,82265,5201,bf_det_k8_l16_r1_c16_m4_w12g8_d32_s2_q2,81652,5201,1,1,7.510000e-01,1,0,0,0
16qam,32,8,2.500000e-01,6127,ff,106,bf_det_k8_l16_r1_c16_m3_w12g8_d32_s2_q2,50839,5393,bf_det_k8_l16_r1_c16_m3_w12g8_d32_s2_q2,50839,5393,1,1,0.000000e+00,1,1,1,0
16qam,32,8,2.500000e-01,6127,bram,107,bf_det_k8_l16_r8_c16_m4_w12g8_d32_s2_q2,59,2693,bf_det_k8_l16_r8_c16_m4_w12g8_d32_s2_q2,59,2693,1,1,0.000000e+00,1,1,1,0
16qam,32,8,2.500000e-01,9109,dsp,108,bf_det_k8_l4_r8_c4_m3_w14g4_d32_s2_q2,147,8843,bf_det_k8_l4_r8_c4_m3_w14g4_d32_s2_q2,147,8843,1,1,0.000000e+00,1,1,1,0
16qam,32,8,2.500000e-01,9109,lut,109,bf_det_k8_l4_r8_c4_m4_w14g4_d64_s2_q2,36323,8747,bf_det_k8_l4_r8_c4_m4_w12g8_d32_s2_q2,35518,9107,1,1,2.266000e+00,1,0,0,0
16qam,32,8,2.500000e-01,9109,ff,110,bf_det_k8_l4_r8_c4_m3_w14g4_d32_s2_q2,24084,8843,bf_det_k8_l4_r8_c4_m3_w14g4_d32_s2_q2,24084,8843,1,1,0.000000e+00,1,1,1,0
16qam,32,8,2.500000e-01,9109,bram,111,bf_det_k8_l4_r8_c4_m4_w14g4_d32_s2_q2,24,8747,bf_det_k8_l4_r8_c4_m4_w12g8_d32_s2_q2,19,9107,1,1,2.631600e+01,0,0,0,0
16qam,32,8,2.500000e-01,13541,dsp,112,bf_det_k8_l4_r1_c4_m3_w14g4_d32_s2_q2,66,11309,bf_det_k8_l4_r1_c4_m3_w14g4_d32_s2_q2,66,11309,1,1,0.000000e+00,1,1,1,0
16qam,32,8,2.500000e-01,13541,lut,113,bf_det_k8_l4_r1_c4_m4_w12g8_d64_s2_q2,32147,11663,bf_det_k8_l4_r1_c4_m3_w12g8_d32_s2_q2,31430,11669,1,1,2.281000e+00,1,0,0,0
16qam,32,8,2.500000e-01,13541,ff,114,bf_det_k8_l4_r1_c4_m3_w12g8_d32_s2_q2,18315,11669,bf_det_k8_l4_r1_c4_m3_w12g8_d32_s2_q2,18315,11669,1,1,0.000000e+00,1,1,1,0
16qam,32,8,2.500000e-01,13541,bram,115,bf_det_k8_l4_r8_c4_m4_w12g8_d32_s2_q2,19,9107,bf_det_k8_l4_r8_c4_m4_w12g8_d32_s2_q2,19,9107,1,1,0.000000e+00,1,1,1,0
16qam,32,8,2.500000e-01,20130,dsp,116,bf_det_k8_l4_r1_c4_m3_w14g4_d32_s2_q2,66,11309,bf_det_k8_l4_r1_c4_m3_w14g4_d32_s2_q2,66,11309,1,1,0.000000e+00,1,1,1,0
16qam,32,8,2.500000e-01,20130,lut,117,bf_det_k8_l4_r1_c4_m4_w12g8_d64_s2_q2,32147,11663,bf_det_k8_l4_r1_c4_m3_w12g8_d32_s2_q2,31430,11669,1,1,2.281000e+00,1,0,0,0
16qam,32,8,2.500000e-01,20130,ff,118,bf_det_k8_l4_r1_c4_m3_w12g8_d32_s2_q2,18315,11669,bf_det_k8_l4_r1_c4_m3_w12g8_d32_s2_q2,18315,11669,1,1,0.000000e+00,1,1,1,0
16qam,32,8,2.500000e-01,20130,bram,119,bf_det_k8_l4_r8_c4_m4_w12g8_d32_s2_q2,19,9107,bf_det_k8_l4_r8_c4_m4_w12g8_d32_s2_q2,19,9107,1,1,0.000000e+00,1,1,1,0
16qam,32,8,2.500000e-01,29926,dsp,120,bf_det_k8_l4_r1_c4_m3_w14g4_d32_s2_q2,66,11309,bf_det_k8_l4_r1_c4_m3_w14g4_d32_s2_q2,66,11309,1,1,0.000000e+00,1,1,1,0
16qam,32,8,2.500000e-01,29926,lut,121,bf_det_k8_l4_r1_c4_m4_w12g8_d64_s2_q2,32147,11663,bf_det_k8_l4_r1_c4_m3_w12g8_d32_s2_q2,31430,11669,1,1,2.281000e+00,1,0,0,0
16qam,32,8,2.500000e-01,29926,ff,122,bf_det_k8_l4_r1_c4_m3_w12g8_d32_s2_q2,18315,11669,bf_det_k8_l4_r1_c4_m3_w12g8_d32_s2_q2,18315,11669,1,1,0.000000e+00,1,1,1,0
16qam,32,8,2.500000e-01,29926,bram,123,bf_det_k8_l4_r8_c4_m4_w12g8_d32_s2_q2,19,9107,bf_det_k8_l4_r8_c4_m4_w12g8_d32_s2_q2,19,9107,1,1,0.000000e+00,1,1,1,0
16qam,32,8,2.500000e-01,44488,dsp,124,bf_det_k8_l1_r1_c4_m3_w14g4_d32_s2_q2,27,36887,bf_det_k8_l1_r1_c4_m3_w14g4_d32_s2_q2,27,36887,1,1,0.000000e+00,1,1,1,0
16qam,32,8,2.500000e-01,44488,lut,125,bf_det_k8_l1_r1_c4_m4_w12g8_d64_s2_q2,16570,37679,bf_det_k8_l1_r1_c4_m4_w12g8_d32_s2_q2,15923,37679,1,1,4.063000e+00,1,0,0,0
16qam,32,8,2.500000e-01,44488,ff,126,bf_det_k8_l1_r1_c4_m3_w12g8_d32_s2_q2,10115,38447,bf_det_k8_l1_r1_c4_m3_w12g8_d32_s2_q2,10115,38447,1,1,0.000000e+00,1,1,1,0
16qam,32,8,2.500000e-01,44488,bram,127,bf_det_k8_l1_r8_c4_m4_w14g4_d32_s2_q2,15,30083,bf_det_k8_l1_r8_c4_m4_w14g4_d32_s2_q2,15,30083,1,1,0.000000e+00,1,1,1,0
16qam,32,8,5.000000e-01,1864,dsp,128,bf_det_k8_l16_r8_c16_m3_w14g4_d32_s2_q2,579,1757,bf_det_k8_l16_r8_c16_m3_w14g4_d32_s2_q2,579,1757,1,1,0.000000e+00,1,1,1,0
16qam,32,8,5.000000e-01,1864,lut,129,bf_det_k8_l16_r8_c16_m4_w12g8_d64_s2_q2,99106,1813,bf_det_k8_l16_r8_c16_m4_w12g8_d32_s2_q2,98493,1813,1,1,6.220000e-01,1,0,0,0
16qam,32,8,5.000000e-01,1864,ff,130,bf_det_k8_l16_r8_c16_m3_w14g4_d32_s2_q2,76560,1757,bf_det_k8_l16_r8_c16_m3_w12g8_d32_s2_q2,70726,1829,1,1,8.249000e+00,1,0,0,0
16qam,32,8,5.000000e-01,1864,bram,131,bf_det_k8_l16_r8_c16_m4_w12g8_d32_s2_q2,59,1813,bf_det_k8_l16_r8_c16_m4_w12g8_d32_s2_q2,59,1813,1,1,0.000000e+00,1,1,1,0
16qam,32,8,5.000000e-01,2867,dsp,132,bf_det_k8_l16_r4_c16_m3_w14g4_d32_s2_q2,387,2021,bf_det_k8_l16_r4_c16_m3_w14g4_d32_s2_q2,387,2021,1,1,0.000000e+00,1,1,1,0
16qam,32,8,5.000000e-01,2867,lut,133,bf_det_k8_l16_r4_c16_m4_w12g8_d64_s2_q2,89668,2061,bf_det_k8_l16_r4_c16_m4_w12g4_d32_s2_q2,86107,2855,1,1,4.136000e+00,1,0,0,0
16qam,32,8,5.000000e-01,2867,ff,134,bf_det_k8_l16_r4_c16_m3_w12g8_d32_s2_q2,59850,2093,bf_det_k8_l16_r4_c16_m4_w12g4_d32_s2_q2,58737,2855,1,1,1.895000e+00,1,0,0,0
16qam,32,8,5.000000e-01,2867,bram,135,bf_det_k8_l16_r8_c16_m4_w12g8_d32_s2_q2,59,1813,bf_det_k8_l16_r8_c16_m4_w12g8_d32_s2_q2,59,1813,1,1,0.000000e+00,1,1,1,0
16qam,32,8,5.000000e-01,4410,dsp,136,bf_det_k8_l16_r1_c16_m3_w14g4_d32_s2_q2,243,3541,bf_det_k8_l16_r1_c16_m3_w14g4_d32_s2_q2,243,3541,1,1,0.000000e+00,1,1,1,0
16qam,32,8,5.000000e-01,4410,lut,137,bf_det_k8_l16_r1_c16_m4_w12g8_d64_s2_q2,82265,3485,bf_det_k8_l16_r1_c16_m4_w12g8_d32_s2_q2,81652,3485,1,1,7.510000e-01,1,0,0,0
16qam,32,8,5.000000e-01,4410,ff,138,bf_det_k8_l16_r1_c16_m3_w12g8_d32_s2_q2,50839,3613,bf_det_k8_l16_r1_c16_m3_w12g8_d32_s2_q2,50839,3613,1,1,0.000000e+00,1,1,1,0
16qam,32,8,5.000000e-01,4410,bram,139,bf_det_k8_l16_r8_c16_m4_w12g8_d32_s2_q2,59,1813,bf_det_k8_l16_r8_c16_m4_w12g8_d32_s2_q2,59,1813,1,1,0.000000e+00,1,1,1,0
16qam,32,8,5.000000e-01,6784,dsp,140,bf_det_k8_l4_r4_c4_m3_w14g4_d32_s2_q2,99,6639,bf_det_k8_l4_r4_c4_m3_w14g4_d32_s2_q2,99,6639,1,1,0.000000e+00,1,1,1,0
16qam,32,8,5.000000e-01,6784,lut,141,bf_det_k8_l4_r4_c4_m4_w14g4_d64_s2_q2,33664,6511,bf_det_k8_l4_r4_c4_m4_w12g8_d32_s2_q2,32795,6751,1,1,2.650000e+00,1,0,0,0
16qam,32,8,5.000000e-01,6784,ff,142,bf_det_k8_l4_r4_c4_m3_w14g4_d32_s2_q2,20932,6639,bf_det_k8_l4_r4_c4_m4_w12g8_d32_s2_q2,20651,6751,1,1,1.361000e+00,1,0,0,0
16qam,32,8,5.000000e-01,6784,bram,143,bf_det_k8_l4_r8_c4_m4_w12g8_d32_s2_q2,19,6135,bf_det_k8_l4_r8_c4_m4_w12g8_d32_s2_q2,19,6135,1,1,0.000000e+00,1,1,1,0
16qam,32,8,5.000000e-01,10435,dsp,144,bf_det_k8_l4_r1_c4_m3_w14g4_d32_s2_q2,66,7603,bf_det_k8_l4_r1_c4_m3_w14g4_d32_s2_q2,66,7603,1,1,0.000000e+00,1,1,1,0
16qam,32,8,5.000000e-01,10435,lut,145,bf_det_k8_l4_r1_c4_m4_w12g8_d64_s2_q2,32147,7839,bf_det_k8_l4_r1_c4_m3_w12g8_d32_s2_q2,31430,7843,1,1,2.281000e+00,1,0,0,0
16qam,32,8,5.000000e-01,10435,ff,146,bf_det_k8_l4_r1_c4_m3_w12g8_d32_s2_q2,18315,7843,bf_det_k8_l4_r1_c4_m3_w12g8_d32_s2_q2,18315,7843,1,1,0.000000e+00,1,1,1,0
16qam,32,8,5.000000e-01,10435,bram,147,bf_det_k8_l4_r8_c4_m4_w12g8_d32_s2_q2,19,6135,bf_det_k8_l4_r8_c4_m4_w12g8_d32_s2_q2,19,6135,1,1,0.000000e+00,1,1,1,0
16qam,32,8,5.000000e-01,16050,dsp,148,bf_det_k8_l4_r1_c4_m3_w14g4_d32_s2_q2,66,7603,bf_det_k8_l4_r1_c4_m3_w14g4_d32_s2_q2,66,7603,1,1,0.000000e+00,1,1,1,0
16qam,32,8,5.000000e-01,16050,lut,149,bf_det_k8_l4_r1_c4_m4_w12g4_d64_s2_q2,31319,10949,bf_det_k8_l4_r1_c4_m3_w12g4_d32_s2_q2,30602,10955,1,1,2.343000e+00,1,0,0,0
16qam,32,8,5.000000e-01,16050,ff,150,bf_det_k8_l4_r1_c4_m3_w12g4_d32_s2_q2,17558,10955,bf_det_k8_l4_r1_c4_m3_w12g4_d32_s2_q2,17558,10955,1,1,0.000000e+00,1,1,1,0
16qam,32,8,5.000000e-01,16050,bram,151,bf_det_k8_l4_r8_c4_m4_w12g8_d32_s2_q2,19,6135,bf_det_k8_l4_r8_c4_m4_w12g8_d32_s2_q2,19,6135,1,1,0.000000e+00,1,1,1,0
16qam,32,8,5.000000e-01,24689,dsp,152,bf_det_k8_l1_r1_c4_m4_w14g4_d32_s2_q2,31,24583,bf_det_k8_l1_r1_c4_m4_w14g4_d32_s2_q2,31,24583,1,1,0.000000e+00,1,1,1,0
16qam,32,8,5.000000e-01,24689,lut,153,bf_det_k8_l1_r1_c4_m4_w14g4_d64_s2_q2,16636,24583,bf_det_k8_l1_r1_c4_m4_w14g4_d32_s2_q2,15957,24583,1,1,4.255000e+00,1,0,0,0
16qam,32,8,5.000000e-01,24689,ff,154,bf_det_k8_l1_r1_c4_m4_w14g4_d32_s2_q2,10372,24583,bf_det_k8_l1_r1_c4_m4_w14g4_d32_s2_q2,10372,24583,1,1,0.000000e+00,1,1,1,0
16qam,32,8,5.000000e-01,24689,bram,155,bf_det_k8_l1_r8_c4_m4_w14g4_d32_s2_q2,15,20303,bf_det_k8_l1_r8_c4_m4_w14g4_d32_s2_q2,15,20303,1,1,0.000000e+00,1,1,1,0
16qam,32,8,5.000000e-01,37976,dsp,156,bf_det_k8_l1_r1_c4_m3_w14g4_d32_s2_q2,27,24839,bf_det_k8_l1_r1_c4_m3_w14g4_d32_s2_q2,27,24839,1,1,0.000000e+00,1,1,1,0
16qam,32,8,5.000000e-01,37976,lut,157,bf_det_k8_l1_r1_c4_m4_w12g4_d64_s2_q2,16275,34949,bf_det_k8_l1_r1_c4_m4_w16g0_d32_s2_q2,15618,35301,1,1,4.207000e+00,1,0,0,0
16qam,32,8,5.000000e-01,37976,ff,158,bf_det_k8_l1_r1_c4_m3_w12g4_d32_s2_q2,9910,35717,bf_det_k8_l1_r1_c4_m3_w12g4_d32_s2_q2,9910,35717,1,1,0.000000e+00,1,1,1,0
16qam,32,8,5.000000e-01,37976,bram,159,bf_det_k8_l1_r8_c4_m4_w14g4_d32_s2_q2,15,20303,bf_det_k8_l1_r8_c4_m4_w14g4_d32_s2_q2,15,20303,1,1,0.000000e+00,1,1,1,0
16qam,32,8,1.000000e+00,1778,dsp,160,bf_det_k8_l16_r8_c16_m4_w10g8_d32_s2_q2,467,1733,bf_det_k8_l16_r8_c16_m4_w10g8_d32_s2_q2,467,1733,1,1,0.000000e+00,1,1,1,0
16qam,32,8,1.000000e+00,1778,lut,161,bf_det_k8_l16_r8_c16_m4_w12g4_d64_s2_q2,96158,1673,bf_det_k8_l16_r8_c16_m4_w12g4_d32_s2_q2,95545,1673,1,1,6.420000e-01,1,0,0,0
16qam,32,8,1.000000e+00,1778,ff,162,bf_det_k8_l16_r8_c16_m3_w12g4_d32_s2_q2,67761,1689,bf_det_k8_l16_r8_c16_m3_w10g8_d32_s2_q2,62698,1749,1,1,8.075000e+00,1,0,0,0
16qam,32,8,1.000000e+00,1778,bram,163,bf_det_k8_l16_r8_c16_m4_w10g8_d32_s2_q2,49,1733,bf_det_k8_l16_r8_c16_m4_w10g8_d32_s2_q2,49,1733,1,1,0.000000e+00,1,1,1,0
16qam,32,8,1.000000e+00,2660,dsp,164,bf_det_k8_l16_r4_c16_m4_w10g8_d32_s2_q2,275,1981,bf_det_k8_l16_r4_c16_m4_w10g8_d32_s2_q2,275,1981,1,1,0.000000e+00,1,1,1,0
16qam,32,8,1.000000e+00,2660,lut,165,bf_det_k8_l16_r4_c16_m4_w12g4_d64_s2_q2,86720,1921,bf_det_k8_l16_r4_c16_m4_w12g4_d32_s2_q2,86107,1921,1,1,7.120000e-01,1,0,0,0
16qam,32,8,1.000000e+00,2660,ff,166,bf_det_k8_l16_r4_c16_m3_w10g8_d32_s2_q2,53494,2013,bf_det_k8_l16_r4_c16_m3_w10g8_d32_s2_q2,53494,2013,1,1,0.000000e+00,1,1,1,0
16qam,32,8,1.000000e+00,2660,bram,167,bf_det_k8_l16_r8_c16_m4_w10g8_d32_s2_q2,49,1733,bf_det_k8_l16_r8_c16_m4_w10g8_d32_s2_q2,49,1733,1,1,0.000000e+00,1,1,1,0
16qam,32,8,1.000000e+00,3980,dsp,168,bf_det_k8_l16_r1_c16_m4_w10g8_d32_s2_q2,131,3405,bf_det_k8_l16_r1_c16_m4_w10g8_d32_s2_q2,131,3405,1,1,0.000000e+00,1,1,1,0
16qam,32,8,1.000000e+00,3980,lut,169,bf_det_k8_l16_r1_c16_m4_w12g4_d64_s2_q2,79317,3345,bf_det_k8_l16_r1_c16_m4_w12g4_d32_s2_q2,78704,3345,1,1,7.790000e-01,1,0,0,0
16qam,32,8,1.000000e+00,3980,ff,170,bf_det_k8_l16_r1_c16_m3_w12g4_d32_s2_q2,47874,3473,bf_det_k8_l16_r1_c16_m3_w10g8_d32_s2_q2,45843,3533,1,1,4.430000e+00,1,0,0,0
16qam,32,8,1.000000e+00,3980,bram,171,bf_det_k8_l16_r8_c16_m4_w10g8_d32_s2_q2,49,1733,bf_det_k8_l16_r8_c16_m4_w10g8_d32_s2_q2,49,1733,1,1,0.000000e+00,1,1,1,0
16qam,32,8,1.000000e+00,5955,dsp,172,bf_det_k8_l4_r8_c4_m4_w10g8_d32_s2_q2,119,5863,bf_det_k8_l4_r8_c4_m4_w10g8_d32_s2_q2,119,5863,1,1,0.000000e+00,1,1,1,0
16qam,32,8,1.000000e+00,5955,lut,173,bf_det_k8_l4_r8_c4_m4_w12g4_d64_s2_q2,35303,5659,bf_det_k8_l4_r8_c4_m4_w12g4_d32_s2_q2,34690,5659,1,1,1.767000e+00,1,0,0,0
16qam,32,8,1.000000e+00,5955,ff,174,bf_det_k8_l4_r8_c4_m3_w12g4_d32_s2_q2,21753,5723,bf_det_k8_l4_r8_c4_m3_w10g8_d32_s2_q2,20704,5927,1,1,5.067000e+00,1,0,0,0
16qam,32,8,1.000000e+00,5955,bram,175,bf_det_k8_l4_r8_c4_m4_w12g4_d32_s2_q2,19,5659,bf_det_k8_l4_r8_c4_m4_w12g4_d32_s2_q2,19,5659,1,1,0.000000e+00,1,1,1,0
16qam,32,8,1.000000e+00,8910,dsp,176,bf_det_k8_l4_r1_c4_m4_w10g8_d32_s2_q2,38,7567,bf_det_k8_l4_r1_c4_m3_w10g8_d32_s2_q2,38,7567,1,1,0.000000e+00,1,0,1,0
16qam,32,8,1.000000e+00,8910,lut,177,bf_det_k8_l4_r1_c4_m4_w12g4_d64_s2_q2,31319,7363,bf_det_k8_l4_r1_c4_m3_w12g4_d32_s2_q2,30602,7367,1,1,2.343000e+00,1,0,0,0
16qam,32,8,1.000000e+00,8910,ff,178,bf_det_k8_l4_r1_c4_m3_w10g8_d32_s2_q2,17299,7567,bf_det_k8_l4_r1_c4_m3_w10g8_d32_s2_q2,17299,7567,1,1,0.000000e+00,1,1,1,0
16qam,32,8,1.000000e+00,8910,bram,179,bf_det_k8_l4_r8_c4_m4_w12g4_d32_s2_q2,19,5659,bf_det_k8_l4_r8_c4_m4_w12g4_d32_s2_q2,19,5659,1,1,0.000000e+00,1,1,1,0
16qam,32,8,1.000000e+00,13333,dsp,180,bf_det_k8_l4_r1_c4_m4_w10g8_d32_s2_q2,38,7567,bf_det_k8_l4_r1_c4_m3_w10g8_d32_s2_q2,38,7567,1,1,0.000000e+00,1,0,1,0
16qam,32,8,1.000000e+00,13333,lut,181,bf_det_k8_l4_r1_c4_m4_w12g4_d64_s2_q2,31319,7363,bf_det_k8_l4_r1_c4_m3_w12g4_d32_s2_q2,30602,7367,1,1,2.343000e+00,1,0,0,0
16qam,32,8,1.000000e+00,13333,ff,182,bf_det_k8_l4_r1_c4_m3_w10g8_d32_s2_q2,17299,7567,bf_det_k8_l4_r1_c4_m3_w10g8_d32_s2_q2,17299,7567,1,1,0.000000e+00,1,1,1,0
16qam,32,8,1.000000e+00,13333,bram,183,bf_det_k8_l4_r8_c4_m4_w12g4_d32_s2_q2,19,5659,bf_det_k8_l4_r8_c4_m4_w12g4_d32_s2_q2,19,5659,1,1,0.000000e+00,1,1,1,0
16qam,32,8,1.000000e+00,19950,dsp,184,bf_det_k8_l4_r1_c4_m4_w10g8_d32_s2_q2,38,7567,bf_det_k8_l4_r1_c4_m3_w10g8_d32_s2_q2,38,7567,1,1,0.000000e+00,1,0,1,0
16qam,32,8,1.000000e+00,19950,lut,185,bf_det_k8_l1_r4_c4_m4_w12g4_d64_s2_q2,18241,20107,bf_det_k8_l1_r4_c4_m4_w16g0_d32_s2_q2,17942,19947,1,1,1.666000e+00,1,0,0,0
16qam,32,8,1.000000e+00,19950,ff,186,bf_det_k8_l1_r4_c4_m4_w12g4_d32_s2_q2,12626,20107,bf_det_k8_l1_r4_c4_m4_w16g0_d32_s2_q2,14044,19947,1,1,-1.009700e+01,1,0,0,0
16qam,32,8,1.000000e+00,19950,bram,187,bf_det_k8_l1_r8_c4_m4_w12g4_d32_s2_q2,15,19491,bf_det_k8_l1_r8_c4_m4_w12g4_d32_s2_q2,15,19491,1,1,0.000000e+00,1,1,1,0
16qam,32,8,1.000000e+00,29852,dsp,188,bf_det_k8_l1_r1_c4_m4_w10g8_d32_s2_q2,20,24327,bf_det_k8_l1_r1_c4_m4_w10g8_d32_s2_q2,20,24327,1,1,0.000000e+00,1,1,1,0
16qam,32,8,1.000000e+00,29852,lut,189,bf_det_k8_l1_r1_c4_m4_w12g4_d64_s2_q2,16275,23547,bf_det_k8_l1_r1_c4_m4_w16g0_d32_s2_q2,15618,23771,1,1,4.207000e+00,1,0,0,0
16qam,32,8,1.000000e+00,29852,ff,190,bf_det_k8_l1_r1_c4_m3_w10g8_d32_s2_q2,9800,24839,bf_det_k8_l1_r1_c4_m3_w10g8_d32_s2_q2,9800,24839,1,1,0.000000e+00,1,1,1,0
16qam,32,8,1.000000e+00,29852,bram,191,bf_det_k8_l1_r8_c4_m4_w12g4_d32_s2_q2,15,19491,bf_det_k8_l1_r8_c4_m4_w12g4_d32_s2_q2,15,19491,1,1,0.000000e+00,1,1,1,0
16qam,32,16,2.500000e-01,5020,dsp,192,bf_det_k16_l16_r16_c16_m3_w16g4_d32_s2_q2,963,4643,bf_det_k16_l16_r16_c16_m3_w16g4_d32_s2_q2,963,4643,1,1,0.000000e+00,1,1,1,0
16qam,32,16,2.500000e-01,5020,lut,193,bf_det_k16_l16_r16_c16_m4_w14g8_d64_s2_q2,131695,4821,bf_det_k16_l16_r16_c16_m4_w14g8_d32_s2_q2,131051,4821,1,1,4.910000e-01,1,0,0,0
16qam,32,16,2.500000e-01,5020,ff,194,bf_det_k16_l16_r16_c16_m3_w14g8_d32_s2_q2,109066,4837,bf_det_k16_l16_r16_c16_m3_w14g8_d32_s2_q2,109066,4837,1,1,0.000000e+00,1,1,1,0
16qam,32,16,2.500000e-01,5020,bram,195,bf_det_k16_l16_r16_c16_m4_w14g8_d32_s2_q2,69,4821,bf_det_k16_l16_r16_c16_m4_w14g8_d32_s2_q2,69,4821,1,1,0.000000e+00,1,1,1,0
16qam,32,16,2.500000e-01,7629,dsp,196,bf_det_k16_l16_r4_c16_m3_w16g4_d32_s2_q2,387,6683,bf_det_k16_l16_r4_c16_m3_w16g4_d32_s2_q2,387,6683,1,1,0.000000e+00,1,1,1,0
16qam,32,16,2.500000e-01,7629,lut,197,bf_det_k16_l16_r4_c16_m4_w14g8_d64_s2_q2,102055,6741,bf_det_k16_l16_r4_c16_m4_w14g8_d32_s2_q2,101411,6741,1,1,6.350000e-01,1,0,0,0
16qam,32,16,2.500000e-01,7629,ff,198,bf_det_k16_l16_r4_c16_m3_w14g8_d32_s2_q2,71613,6805,bf_det_k16_l16_r4_c16_m3_w14g8_d32_s2_q2,71613,6805,1,1,0.000000e+00,1,1,1,0
16qam,32,16,2.500000e-01,7629,bram,199,bf_det_k16_l16_r16_c16_m4_w14g8_d32_s2_q2,69,4821,bf_det_k16_l16_r16_c16_m4_w14g8_d32_s2_q2,69,4821,1,1,0.000000e+00,1,1,1,0
16qam,32,16,2.500000e-01,11593,dsp,200,bf_det_k16_l16_r4_c16_m3_w16g4_d32_s2_q2,387,6683,bf_det_k16_l16_r4_c16_m3_w16g4_d32_s2_q2,387,6683,1,1,0.000000e+00,1,1,1,0
16qam,32,16,2.500000e-01,11593,lut,201,bf_det_k16_l16_r4_c16_m4_w14g8_d64_s2_q2,102055,6741,bf_det_k16_l16_r4_c16_m4_w14g8_d32_s2_q2,101411,6741,1,1,6.350000e-01,1,0,0,0
16qam,32,16,2.500000e-01,11593,ff,202,bf_det_k16_l16_r4_c16_m3_w14g8_d32_s2_q2,71613,6805,bf_det_k16_l16_r4_c16_m3_w14g8_d32_s2_q2,71613,6805,1,1,0.000000e+00,1,1,1,0
16qam,32,16,2.500000e-01,11593,bram,203,bf_det_k16_l16_r16_c16_m4_w14g8_d32_s2_q2,69,4821,bf_det_k16_l16_r16_c16_m4_w14g8_d32_s2_q2,69,4821,1,1,0.000000e+00,1,1,1,0
16qam,32,16,2.500000e-01,17617,dsp,204,bf_det_k16_l16_r1_c16_m3_w16g4_d32_s2_q2,243,14227,bf_det_k16_l16_r1_c16_m3_w14g8_d32_s2_q2,243,14157,1,1,0.000000e+00,1,0,1,0
16qam,32,16,2.500000e-01,17617,lut,205,bf_det_k16_l4_r16_c4_m4_w14g8_d64_s2_q2,46292,16975,bf_det_k16_l4_r16_c4_m4_w14g8_d32_s2_q2,45648,16975,1,1,1.411000e+00,1,0,0,0
16qam,32,16,2.500000e-01,17617,ff,206,bf_det_k16_l4_r16_c4_m3_w14g8_d32_s2_q2,31875,17039,bf_det_k16_l4_r16_c4_m3_w14g8_d32_s2_q2,31875,17039,1,1,0.000000e+00,1,1,1,0
16qam,32,16,2.500000e-01,17617,bram,207,bf_det_k16_l4_r16_c4_m4_w16g4_d32_s2_q2,56,16295,bf_det_k16_l4_r16_c4_m4_w16g4_d32_s2_q2,56,16295,1,1,0.000000e+00,1,1,1,0
16qam,32,16,2.500000e-01,26772,dsp,208,bf_det_k16_l4_r4_c4_m3_w16g4_d32_s2_q2,99,21975,bf_det_k16_l4_r4_c4_m3_w16g4_d32_s2_q2,99,21975,1,1,0.000000e+00,1,1,1,0
16qam,32,16,2.500000e-01,26772,lut,209,bf_det_k16_l4_r4_c4_m4_w14g8_d64_s2_q2,38219,22399,bf_det_k16_l4_r4_c4_m4_w14g8_d32_s2_q2,37575,22399,1,1,1.714000e+00,1,0,0,0
16qam,32,16,2.500000e-01,26772,ff,210,bf_det_k16_l4_r4_c4_m3_w14g8_d32_s2_q2,22141,22655,bf_det_k16_l4_r4_c4_m3_w14g8_d32_s2_q2,22141,22655,1,1,0.000000e+00,1,1,1,0
16qam,32,16,2.500000e-01,26772,bram,211,bf_det_k16_l4_r16_c4_m4_w16g4_d32_s2_q2,56,16295,bf_det_k16_l4_r16_c4_m4_w16g4_d32_s2_q2,56,16295,1,1,0.000000e+00,1,1,1,0
16qam,32,16,2.500000e-01,40683,dsp,212,bf_det_k16_l4_r1_c4_m3_w16g4_d32_s2_q2,66,31935,bf_det_k16_l4_r1_c4_m3_w16g4_d32_s2_q2,66,31935,1,1,0.000000e+00,1,1,1,0
16qam,32,16,2.500000e-01,40683,lut,213,bf_det_k16_l4_r1_c4_m4_w14g8_d64_s2_q2,36681,32599,bf_det_k16_l4_r1_c4_m4_w14g8_d32_s2_q2,36037,32599,1,1,1.787000e+00,1,0,0,0
16qam,32,16,2.500000e-01,40683,ff,214,bf_det_k16_l4_r1_c4_m3_w14g8_d32_s2_q2,20364,32615,bf_det_k16_l4_r1_c4_m3_w14g8_d32_s2_q2,20364,32615,1,1,0.000000e+00,1,1,1,0
16qam,32,16,2.500000e-01,40683,bram,215,bf_det_k16_l4_r16_c4_m4_w16g4_d32_s2_q2,56,16295,bf_det_k16_l4_r16_c4_m4_w16g4_d32_s2_q2,56,16295,1,1,0.000000e+00,1,1,1,0
16qam,32,16,2.500000e-01,61824,dsp,216,bf_det_k16_l4_r1_c4_m3_w16g4_d32_s2_q2,66,31935,bf_det_k16_l1_r4_c4_m3_w16g4_d32_s2_q2,63,61159,1,1,4.762000e+00,1,0,0,0
16qam,32,16,2.500000e-01,61824,lut,217,bf_det_k16_l1_r4_c4_m4_w16g4_d64_s2_q2,20132,60903,bf_det_k16_l1_r4_c4_m4_w16g4_d32_s2_q2,19682,60903,1,1,2.286000e+00,1,0,0,0
16qam,32,16,2.500000e-01,61824,ff,218,bf_det_k16_l1_r4_c4_m3_w16g4_d32_s2_q2,13673,61159,bf_det_k16_l1_r4_c4_m3_w16g4_d32_s2_q2,13673,61159,1,1,0.000000e+00,1,1,1,0
16qam,32,16,2.500000e-01,61824,bram,219,bf_det_k16_l1_r16_c4_m4_w16g4_d32_s2_q2,27,55287,bf_det_k16_l1_r16_c4_m4_w16g4_d32_s2_q2,27,55287,1,1,0.000000e+00,1,1,1,0
16qam,32,16,2.500000e-01,93951,dsp,220,bf_det_k16_l1_r1_c4_m3_w16g4_d32_s2_q2,27,83367,bf_det_k16_l1_r1_c4_m3_w16g4_d32_s2_q2,27,83367,1,1,0.000000e+00,1,1,1,0
16qam,32,16,2.500000e-01,93951,lut,221,bf_det_k16_l1_r1_c4_m4_w14g8_d64_s2_q2,18269,84967,bf_det_k16_l1_r1_c4_m4_w16g4_d32_s2_q2,17399,82343,1,1,5.000000e+00,1,0,0,0
16qam,32,16,2.500000e-01,93951,ff,222,bf_det_k16_l1_r1_c4_m3_w14g8_d32_s2_q2,10661,85991,bf_det_k16_l1_r1_c4_m3_w14g8_d32_s2_q2,10661,85991,1,1,0.000000e+00,1,1,1,0
16qam,32,16,2.500000e-01,93951,bram,223,bf_det_k16_l1_r16_c4_m4_w16g4_d32_s2_q2,27,55287,bf_det_k16_l1_r16_c4_m4_w16g4_d32_s2_q2,27,55287,1,1,0.000000e+00,1,1,1,0
16qam,32,16,5.000000e-01,4847,dsp,224,bf_det_k16_l16_r16_c16_m3_w14g4_d32_s2_q2,963,4517,bf_det_k16_l16_r16_c16_m3_w14g4_d32_s2_q2,963,4517,1,1,0.000000e+00,1,1,1,0
16qam,32,16,5.000000e-01,4847,lut,225,bf_det_k16_l16_r16_c16_m4_w12g8_d64_s2_q2,123177,4629,bf_det_k16_l16_r16_c16_m4_w12g8_d32_s2_q2,122565,4629,1,1,4.990000e-01,1,0,0,0
16qam,32,16,5.000000e-01,4847,ff,226,bf_det_k16_l16_r16_c16_m3_w12g8_d32_s2_q2,96264,4661,bf_det_k16_l16_r16_c16_m3_w12g8_d32_s2_q2,96264,4661,1,1,0.000000e+00,1,1,1,0
16qam,32,16,5.000000e-01,4847,bram,227,bf_det_k16_l16_r16_c16_m4_w12g8_d32_s2_q2,59,4629,bf_det_k16_l16_r16_c16_m4_w12g8_d32_s2_q2,59,4629,1,1,0.000000e+00,1,1,1,0
16qam,32,16,5.000000e-01,7403,dsp,228,bf_det_k16_l16_r4_c16_m3_w14g4_d32_s2_q2,387,6485,bf_det_k16_l16_r4_c16_m3_w14g4_d32_s2_q2,387,6485,1,1,0.000000e+00,1,1,1,0
16qam,32,16,5.000000e-01,7403,lut,229,bf_det_k16_l16_r4_c16_m4_w12g8_d64_s2_q2,95155,6573,bf_det_k16_l16_r4_c16_m4_w12g8_d32_s2_q2,94543,6573,1,1,6.470000e-01,1,0,0,0
16qam,32,16,5.000000e-01,7403,ff,230,bf_det_k16_l16_r4_c16_m3_w12g8_d32_s2_q2,63421,6701,bf_det_k16_l16_r4_c16_m3_w12g8_d32_s2_q2,63421,6701,1,1,0.000000e+00,1,1,1,0
16qam,32,16,5.000000e-01,7403,bram,231,bf_det_k16_l16_r16_c16_m4_w12g8_d32_s2_q2,59,4629,bf_det_k16_l16_r16_c16_m4_w12g8_d32_s2_q2,59,4629,1,1,0.000000e+00,1,1,1,0
16qam,32,16,5.000000e-01,11306,dsp,232,bf_det_k16_l16_r4_c16_m3_w14g4_d32_s2_q2,387,6485,bf_det_k16_l16_r4_c16_m3_w14g4_d32_s2_q2,387,6485,1,1,0.000000e+00,1,1,1,0
16qam,32,16,5.000000e-01,11306,lut,233,bf_det_k16_l16_r4_c16_m4_w12g8_d64_s2_q2,95155,6573,bf_det_k16_l16_r4_c16_m4_w12g8_d32_s2_q2,94543,6573,1,1,6.470000e-01,1,0,0,0
16qam,32,16,5.000000e-01,11306,ff,234,bf_det_k16_l16_r4_c16_m3_w12g8_d32_s2_q2,63421,6701,bf_det_k16_l16_r4_c16_m3_w12g8_d32_s2_q2,63421,6701,1,1,0.000000e+00,1,1,1,0
16qam,32,16,5.000000e-01,11306,bram,235,bf_det_k16_l16_r16_c16_m4_w12g8_d32_s2_q2,59,4629,bf_det_k16_l16_r16_c16_m4_w12g8_d32_s2_q2,59,4629,1,1,0.000000e+00,1,1,1,0
16qam,32,16,5.000000e-01,17268,dsp,236,bf_det_k16_l16_r1_c16_m3_w14g4_d32_s2_q2,243,13837,bf_det_k16_l16_r1_c16_m3_w14g4_d32_s2_q2,243,13837,1,1,0.000000e+00,1,1,1,0
16qam,32,16,5.000000e-01,17268,lut,237,bf_det_k16_l4_r16_c4_m4_w12g8_d64_s2_q2,44355,16431,bf_det_k16_l4_r16_c4_m4_w12g8_d32_s2_q2,43743,16431,1,1,1.399000e+00,1,0,0,0
16qam,32,16,5.000000e-01,17268,ff,238,bf_det_k16_l4_r16_c4_m3_w12g8_d32_s2_q2,28684,16495,bf_det_k16_l4_r16_c4_m3_w12g8_d32_s2_q2,28684,16495,1,1,0.000000e+00,1,1,1,0
16qam,32,16,5.000000e-01,17268,bram,239,bf_det_k16_l4_r16_c4_m4_w12g8_d32_s2_q2,51,16431,bf_det_k16_l4_r16_c4_m4_w12g8_d32_s2_q2,51,16431,1,1,0.000000e+00,1,1,1,0
16qam,32,16,5.000000e-01,26372,dsp,240,bf_det_k16_l4_r4_c4_m3_w14g4_d32_s2_q2,99,21567,bf_det_k16_l4_r4_c4_m3_w14g4_d32_s2_q2,99,21567,1,1,0.000000e+00,1,1,1,0
16qam,32,16,5.000000e-01,26372,lut,241,bf_det_k16_l4_r4_c4_m4_w12g8_d64_s2_q2,36898,21855,bf_det_k16_l4_r4_c4_m4_w12g8_d32_s2_q2,36286,21855,1,1,1.687000e+00,1,0,0,0
16qam,32,16,5.000000e-01,26372,ff,242,bf_det_k16_l4_r4_c4_m3_w12g8_d32_s2_q2,20390,22111,bf_det_k16_l4_r4_c4_m3_w12g8_d32_s2_q2,20390,22111,1,1,0.000000e+00,1,1,1,0
16qam,32,16,5.000000e-01,26372,bram,243,bf_det_k16_l4_r16_c4_m4_w12g8_d32_s2_q2,51,16431,bf_det_k16_l4_r16_c4_m4_w12g8_d32_s2_q2,51,16431,1,1,0.000000e+00,1,1,1,0
16qam,32,16,5.000000e-01,40278,dsp,244,bf_det_k16_l4_r1_c4_m3_w14g4_d32_s2_q2,66,31527,bf_det_k16_l4_r1_c4_m3_w14g4_d32_s2_q2,66,31527,1,1,0.000000e+00,1,1,1,0
16qam,32,16,5.000000e-01,40278,lut,245,bf_det_k16_l4_r1_c4_m4_w12g8_d64_s2_q2,35464,32055,bf_det_k16_l4_r1_c4_m4_w12g8_d32_s2_q2,34852,32055,1,1,1.756000e+00,1,0,0,0
16qam,32,16,5.000000e-01,40278,ff,246,bf_det_k16_l4_r1_c4_m3_w12g8_d32_s2_q2,18897,32071,bf_det_k16_l4_r1_c4_m3_w12g8_d32_s2_q2,18897,32071,1,1,0.000000e+00,1,1,1,0
16qam,32,16,5.000000e-01,40278,bram,247,bf_det_k16_l4_r16_c4_m4_w12g8_d32_s2_q2,51,16431,bf_det_k16_l4_r16_c4_m4_w12g8_d32_s2_q2,51,16431,1,1,0.000000e+00,1,1,1,0
16qam,32,16,5.000000e-01,61515,dsp,248,bf_det_k16_l4_r1_c4_m3_w14g4_d32_s2_q2,66,31527,bf_det_k16_l1_r4_c4_m3_w14g4_d32_s2_q2,63,59623,1,1,4.762000e+00,1,0,0,0
16qam,32,16,5.000000e-01,61515,lut,249,bf_det_k16_l1_r4_c4_m4_w12g8_d64_s2_q2,19989,61447,bf_det_k16_l1_r4_c4_m4_w12g8_d32_s2_q2,19343,61447,1,1,3.340000e+00,1,0,0,0
16qam,32,16,5.000000e-01,61515,ff,250,bf_det_k16_l1_r4_c4_m4_w12g8_d32_s2_q2,13427,61447,bf_det_k16_l1_r4_c4_m3_w14g4_d32_s2_q2,13033,59623,1,1,3.023000e+00,1,0,0,0
16qam,32,16,5.000000e-01,61515,bram,251,bf_det_k16_l1_r16_c4_m4_w14g4_d32_s2_q2,27,53751,bf_det_k16_l1_r16_c4_m4_w14g4_d32_s2_q2,27,53751,1,1,0.000000e+00,1,1,1,0
16qam,32,16,5.000000e-01,93951,dsp,252,bf_det_k16_l1_r1_c4_m3_w14g4_d32_s2_q2,27,81831,bf_det_k16_l1_r1_c4_m3_w14g4_d32_s2_q2,27,81831,1,1,0.000000e+00,1,1,1,0
16qam,32,16,5.000000e-01,93951,lut,253,bf_det_k16_l1_r1_c4_m4_w12g8_d64_s2_q2,17896,82887,bf_det_k16_l1_r1_c4_m4_w12g8_d32_s2_q2,17250,82887,1,1,3.745000e+00,1,0,0,0
16qam,32,16,5.000000e-01,93951,ff,254,bf_det_k16_l1_r1_c4_m3_w12g8_d32_s2_q2,10294,83911,bf_det_k16_l1_r1_c4_m3_w12g8_d32_s2_q2,10294,83911,1,1,0.000000e+00,1,1,1,0
16qam,32,16,5.000000e-01,93951,bram,255,bf_det_k16_l1_r16_c4_m4_w14g4_d32_s2_q2,27,53751,bf_det_k16_l1_r16_c4_m4_w14g4_d32_s2_q2,27,53751,1,1,0.000000e+00,1,1,1,0
16qam,32,16,1.000000e+00,4847,dsp,224,bf_det_k16_l16_r16_c16_m3_w14g4_d32_s2_q2,963,4517,bf_det_k16_l16_r16_c16_m3_w14g4_d32_s2_q2,963,4517,1,1,0.000000e+00,1,1,1,0
16qam,32,16,1.000000e+00,4847,lut,225,bf_det_k16_l16_r16_c16_m4_w12g8_d64_s2_q2,123177,4629,bf_det_k16_l16_r16_c16_m4_w12g8_d32_s2_q2,122565,4629,1,1,4.990000e-01,1,0,0,0
16qam,32,16,1.000000e+00,4847,ff,226,bf_det_k16_l16_r16_c16_m3_w12g8_d32_s2_q2,96264,4661,bf_det_k16_l16_r16_c16_m3_w12g8_d32_s2_q2,96264,4661,1,1,0.000000e+00,1,1,1,0
16qam,32,16,1.000000e+00,4847,bram,227,bf_det_k16_l16_r16_c16_m4_w12g8_d32_s2_q2,59,4629,bf_det_k16_l16_r16_c16_m4_w12g8_d32_s2_q2,59,4629,1,1,0.000000e+00,1,1,1,0
16qam,32,16,1.000000e+00,7403,dsp,228,bf_det_k16_l16_r4_c16_m3_w14g4_d32_s2_q2,387,6485,bf_det_k16_l16_r4_c16_m3_w14g4_d32_s2_q2,387,6485,1,1,0.000000e+00,1,1,1,0
16qam,32,16,1.000000e+00,7403,lut,229,bf_det_k16_l16_r4_c16_m4_w12g8_d64_s2_q2,95155,6573,bf_det_k16_l16_r4_c16_m4_w12g8_d32_s2_q2,94543,6573,1,1,6.470000e-01,1,0,0,0
16qam,32,16,1.000000e+00,7403,ff,230,bf_det_k16_l16_r4_c16_m3_w12g8_d32_s2_q2,63421,6701,bf_det_k16_l16_r4_c16_m3_w12g8_d32_s2_q2,63421,6701,1,1,0.000000e+00,1,1,1,0
16qam,32,16,1.000000e+00,7403,bram,231,bf_det_k16_l16_r16_c16_m4_w12g8_d32_s2_q2,59,4629,bf_det_k16_l16_r16_c16_m4_w12g8_d32_s2_q2,59,4629,1,1,0.000000e+00,1,1,1,0
16qam,32,16,1.000000e+00,11306,dsp,232,bf_det_k16_l16_r4_c16_m3_w14g4_d32_s2_q2,387,6485,bf_det_k16_l16_r4_c16_m3_w14g4_d32_s2_q2,387,6485,1,1,0.000000e+00,1,1,1,0
16qam,32,16,1.000000e+00,11306,lut,233,bf_det_k16_l16_r4_c16_m4_w12g8_d64_s2_q2,95155,6573,bf_det_k16_l16_r4_c16_m4_w12g8_d32_s2_q2,94543,6573,1,1,6.470000e-01,1,0,0,0
16qam,32,16,1.000000e+00,11306,ff,234,bf_det_k16_l16_r4_c16_m3_w12g8_d32_s2_q2,63421,6701,bf_det_k16_l16_r4_c16_m3_w12g8_d32_s2_q2,63421,6701,1,1,0.000000e+00,1,1,1,0
16qam,32,16,1.000000e+00,11306,bram,235,bf_det_k16_l16_r16_c16_m4_w12g8_d32_s2_q2,59,4629,bf_det_k16_l16_r16_c16_m4_w12g8_d32_s2_q2,59,4629,1,1,0.000000e+00,1,1,1,0
16qam,32,16,1.000000e+00,17268,dsp,236,bf_det_k16_l16_r1_c16_m3_w14g4_d32_s2_q2,243,13837,bf_det_k16_l16_r1_c16_m3_w14g4_d32_s2_q2,243,13837,1,1,0.000000e+00,1,1,1,0
16qam,32,16,1.000000e+00,17268,lut,237,bf_det_k16_l4_r16_c4_m4_w12g8_d64_s2_q2,44355,16431,bf_det_k16_l4_r16_c4_m4_w12g8_d32_s2_q2,43743,16431,1,1,1.399000e+00,1,0,0,0
16qam,32,16,1.000000e+00,17268,ff,238,bf_det_k16_l4_r16_c4_m3_w12g8_d32_s2_q2,28684,16495,bf_det_k16_l4_r16_c4_m3_w12g8_d32_s2_q2,28684,16495,1,1,0.000000e+00,1,1,1,0
16qam,32,16,1.000000e+00,17268,bram,239,bf_det_k16_l4_r16_c4_m4_w12g8_d32_s2_q2,51,16431,bf_det_k16_l4_r16_c4_m4_w12g8_d32_s2_q2,51,16431,1,1,0.000000e+00,1,1,1,0
16qam,32,16,1.000000e+00,26372,dsp,240,bf_det_k16_l4_r4_c4_m3_w14g4_d32_s2_q2,99,21567,bf_det_k16_l4_r4_c4_m3_w14g4_d32_s2_q2,99,21567,1,1,0.000000e+00,1,1,1,0
16qam,32,16,1.000000e+00,26372,lut,241,bf_det_k16_l4_r4_c4_m4_w12g8_d64_s2_q2,36898,21855,bf_det_k16_l4_r4_c4_m4_w12g8_d32_s2_q2,36286,21855,1,1,1.687000e+00,1,0,0,0
16qam,32,16,1.000000e+00,26372,ff,242,bf_det_k16_l4_r4_c4_m3_w12g8_d32_s2_q2,20390,22111,bf_det_k16_l4_r4_c4_m3_w12g8_d32_s2_q2,20390,22111,1,1,0.000000e+00,1,1,1,0
16qam,32,16,1.000000e+00,26372,bram,243,bf_det_k16_l4_r16_c4_m4_w12g8_d32_s2_q2,51,16431,bf_det_k16_l4_r16_c4_m4_w12g8_d32_s2_q2,51,16431,1,1,0.000000e+00,1,1,1,0
16qam,32,16,1.000000e+00,40278,dsp,244,bf_det_k16_l4_r1_c4_m3_w14g4_d32_s2_q2,66,31527,bf_det_k16_l4_r1_c4_m3_w14g4_d32_s2_q2,66,31527,1,1,0.000000e+00,1,1,1,0
16qam,32,16,1.000000e+00,40278,lut,245,bf_det_k16_l4_r1_c4_m4_w12g8_d64_s2_q2,35464,32055,bf_det_k16_l4_r1_c4_m4_w12g8_d32_s2_q2,34852,32055,1,1,1.756000e+00,1,0,0,0
16qam,32,16,1.000000e+00,40278,ff,246,bf_det_k16_l4_r1_c4_m3_w12g8_d32_s2_q2,18897,32071,bf_det_k16_l4_r1_c4_m3_w12g8_d32_s2_q2,18897,32071,1,1,0.000000e+00,1,1,1,0
16qam,32,16,1.000000e+00,40278,bram,247,bf_det_k16_l4_r16_c4_m4_w12g8_d32_s2_q2,51,16431,bf_det_k16_l4_r16_c4_m4_w12g8_d32_s2_q2,51,16431,1,1,0.000000e+00,1,1,1,0
16qam,32,16,1.000000e+00,61515,dsp,248,bf_det_k16_l4_r1_c4_m3_w14g4_d32_s2_q2,66,31527,bf_det_k16_l1_r4_c4_m3_w14g4_d32_s2_q2,63,59623,1,1,4.762000e+00,1,0,0,0
16qam,32,16,1.000000e+00,61515,lut,249,bf_det_k16_l1_r4_c4_m4_w12g8_d64_s2_q2,19989,61447,bf_det_k16_l1_r4_c4_m4_w12g8_d32_s2_q2,19343,61447,1,1,3.340000e+00,1,0,0,0
16qam,32,16,1.000000e+00,61515,ff,250,bf_det_k16_l1_r4_c4_m4_w12g8_d32_s2_q2,13427,61447,bf_det_k16_l1_r4_c4_m3_w14g4_d32_s2_q2,13033,59623,1,1,3.023000e+00,1,0,0,0
16qam,32,16,1.000000e+00,61515,bram,251,bf_det_k16_l1_r16_c4_m4_w14g4_d32_s2_q2,27,53751,bf_det_k16_l1_r16_c4_m4_w14g4_d32_s2_q2,27,53751,1,1,0.000000e+00,1,1,1,0
16qam,32,16,1.000000e+00,93951,dsp,252,bf_det_k16_l1_r1_c4_m3_w14g4_d32_s2_q2,27,81831,bf_det_k16_l1_r1_c4_m3_w14g4_d32_s2_q2,27,81831,1,1,0.000000e+00,1,1,1,0
16qam,32,16,1.000000e+00,93951,lut,253,bf_det_k16_l1_r1_c4_m4_w12g8_d64_s2_q2,17896,82887,bf_det_k16_l1_r1_c4_m4_w12g8_d32_s2_q2,17250,82887,1,1,3.745000e+00,1,0,0,0
16qam,32,16,1.000000e+00,93951,ff,254,bf_det_k16_l1_r1_c4_m3_w12g8_d32_s2_q2,10294,83911,bf_det_k16_l1_r1_c4_m3_w12g8_d32_s2_q2,10294,83911,1,1,0.000000e+00,1,1,1,0
16qam,32,16,1.000000e+00,93951,bram,255,bf_det_k16_l1_r16_c4_m4_w14g4_d32_s2_q2,27,53751,bf_det_k16_l1_r16_c4_m4_w14g4_d32_s2_q2,27,53751,1,1,0.000000e+00,1,1,1,0
16qam,64,4,2.500000e-01,1115,dsp,32,bf_det_k4_l16_r4_c16_m3_w12g4_d32_s2_q2,387,1072,bf_det_k4_l16_r4_c16_m4_w10g8_d32_s2_q2,275,1105,1,1,4.072700e+01,0,0,0,0
16qam,64,4,2.500000e-01,1115,lut,33,bf_det_k4_l16_r4_c16_m4_w12g4_d64_s2_q2,83358,1060,bf_det_k4_l16_r4_c16_m4_w12g4_d32_s2_q2,82738,1060,1,1,7.490000e-01,1,0,0,0
16qam,64,4,2.500000e-01,1115,ff,34,bf_det_k4_l16_r4_c16_m3_w12g4_d32_s2_q2,55377,1072,bf_det_k4_l16_r4_c16_m4_w10g8_d32_s2_q2,53725,1105,1,1,3.075000e+00,1,0,0,0
16qam,64,4,2.500000e-01,1115,bram,35,bf_det_k4_l16_r4_c16_m4_w12g4_d32_s2_q2,48,1060,bf_det_k4_l16_r4_c16_m4_w10g8_d32_s2_q2,40,1105,1,1,2.000000e+01,0,0,0,0
16qam,64,4,2.500000e-01,1647,dsp,36,bf_det_k4_l16_r1_c16_m4_w10g8_d32_s2_q2,131,1567,bf_det_k4_l16_r1_c16_m4_w10g8_d32_s2_q2,131,1567,1,1,0.000000e+00,1,1,1,0
16qam,64,4,2.500000e-01,1647,lut,37,bf_det_k4_l16_r1_c16_m4_w12g4_d64_s2_q2,76113,1522,bf_det_k4_l16_r1_c16_m4_w12g4_d32_s2_q2,75493,1522,1,1,8.210000e-01,1,0,0,0
16qam,64,4,2.500000e-01,1647,ff,38,bf_det_k4_l16_r1_c16_m3_w12g4_d32_s2_q2,46526,1570,bf_det_k4_l16_r1_c16_m3_w10g8_d32_s2_q2,44687,1615,1,1,4.115000e+00,1,0,0,0
16qam,64,4,2.500000e-01,1647,bram,39,bf_det_k4_l16_r4_c16_m4_w10g8_d32_s2_q2,40,1105,bf_det_k4_l16_r4_c16_m4_w10g8_d32_s2_q2,40,1105,1,1,0.000000e+00,1,1,1,0
16qam,64,4,2.500000e-01,2433,dsp,40,bf_det_k4_l16_r1_c16_m4_w10g8_d32_s2_q2,131,1567,bf_det_k4_l16_r1_c16_m4_w10g8_d32_s2_q2,131,1567,1,1,0.000000e+00,1,1,1,0
16qam,64,4,2.500000e-01,2433,lut,41,bf_det_k4_l16_r1_c16_m4_w12g4_d64_s2_q2,76113,1522,bf_det_k4_l16_r1_c16_m4_w12g4_d32_s2_q2,75493,1522,1,1,8.210000e-01,1,0,0,0
16qam,64,4,2.500000e-01,2433,ff,42,bf_det_k4_l16_r1_c16_m3_w12g4_d32_s2_q2,46526,1570,bf_det_k4_l16_r1_c16_m3_w10g8_d32_s2_q2,44687,1615,1,1,4.115000e+00,1,0,0,0
16qam,64,4,2.500000e-01,2433,bram,43,bf_det_k4_l16_r4_c16_m4_w10g8_d32_s2_q2,40,1105,bf_det_k4_l16_r4_c16_m4_w10g8_d32_s2_q2,40,1105,1,1,0.000000e+00,1,1,1,0
16qam,64,4,2.500000e-01,3593,dsp,44,bf_det_k4_l4_r1_c4_m4_w12g4_d32_s2_q2,70,3583,bf_det_k4_l4_r1_c4_m3_w16g0_d32_s2_q2,66,3557,1,1,6.061000e+00,1,0,0,0
16qam,64,4,2.500000e-01,3593,lut,45,bf_det_k4_l4_r1_c4_m4_w12g4_d64_s2_q2,28088,3583,bf_det_k4_l4_r1_c4_m4_w12g4_d32_s2_q2,27468,3583,1,1,2.257000e+00,1,0,0,0
16qam,64,4,2.500000e-01,3593,ff,46,bf_det_k4_l4_r1_c4_m4_w12g4_d32_s2_q2,17178,3583,bf_det_k4_l4_r1_c4_m4_w12g4_d32_s2_q2,17178,3583,1,1,0.000000e+00,1,1,1,0
16qam,64,4,2.500000e-01,3593,bram,47,bf_det_k4_l4_r4_c4_m4_w12g4_d32_s2_q2,16,3436,bf_det_k4_l4_r4_c4_m4_w12g4_d32_s2_q2,16,3436,1,1,0.000000e+00,1,1,1,0
16qam,64,4,2.500000e-01,5306,dsp,48,bf_det_k4_l4_r1_c4_m4_w10g8_d32_s2_q2,38,3736,bf_det_k4_l4_r1_c4_m4_w10g8_d32_s2_q2,38,3736,1,1,0.000000e+00,1,1,1,0
16qam,64,4,2.500000e-01,5306,lut,49,bf_det_k4_l4_r1_c4_m4_w12g4_d64_s2_q2,28088,3583,bf_det_k4_l4_r1_c4_m4_w12g4_d32_s2_q2,27468,3583,1,1,2.257000e+00,1,0,0,0
16qam,64,4,2.500000e-01,5306,ff,50,bf_det_k4_l4_r1_c4_m3_w10g8_d32_s2_q2,16803,3739,bf_det_k4_l4_r1_c4_m4_w10g8_d32_s2_q2,16773,3736,1,1,1.790000e-01,1,0,0,0
16qam,64,4,2.500000e-01,5306,bram,51,bf_det_k4_l4_r4_c4_m4_w12g4_d32_s2_q2,16,3436,bf_det_k4_l4_r4_c4_m4_w12g4_d32_s2_q2,16,3436,1,1,0.000000e+00,1,1,1,0
16qam,64,4,2.500000e-01,7837,dsp,52,bf_det_k4_l4_r1_c4_m4_w10g8_d32_s2_q2,38,3736,bf_det_k4_l4_r1_c4_m4_w10g8_d32_s2_q2,38,3736,1,1,0.000000e+00,1,1,1,0
16qam,64,4,2.500000e-01,7837,lut,53,bf_det_k4_l4_r1_c4_m4_w12g4_d64_s2_q2,28088,3583,bf_det_k4_l4_r1_c4_m4_w12g4_d32_s2_q2,27468,3583,1,1,2.257000e+00,1,0,0,0
16qam,64,4,2.500000e-01,7837,ff,54,bf_det_k4_l4_r1_c4_m3_w10g8_d32_s2_q2,16803,3739,bf_det_k4_l4_r1_c4_m4_w10g8_d32_s2_q2,16773,3736,1,1,1.790000e-01,1,0,0,0
16qam,64,4,2.500000e-01,7837,bram,55,bf_det_k4_l4_r4_c4_m4_w12g4_d32_s2_q2,16,3436,bf_det_k4_l4_r4_c4_m4_w12g4_d32_s2_q2,16,3436,1,1,0.000000e+00,1,1,1,0
16qam,64,4,2.500000e-01,11575,dsp,56,bf_det_k4_l4_r1_c4_m4_w10g8_d32_s2_q2,38,3736,bf_det_k4_l4_r1_c4_m4_w10g8_d32_s2_q2,38,3736,1,1,0.000000e+00,1,1,1,0
16qam,64,4,2.500000e-01,11575,lut,57,bf_det_k4_l4_r1_c4_m4_w12g4_d64_s2_q2,28088,3583,bf_det_k4_l4_r1_c4_m4_w12g4_d32_s2_q2,27468,3583,1,1,2.257000e+00,1,0,0,0
16qam,64,4,2.500000e-01,11575,ff,58,bf_det_k4_l4_r1_c4_m3_w10g8_d32_s2_q2,16803,3739,bf_det_k4_l4_r1_c4_m4_w10g8_d32_s2_q2,16773,3736,1,1,1.790000e-01,1,0,0,0
16qam,64,4,2.500000e-01,11575,bram,59,bf_det_k4_l4_r4_c4_m4_w12g4_d32_s2_q2,16,3436,bf_det_k4_l4_r4_c4_m4_w12g4_d32_s2_q2,16,3436,1,1,0.000000e+00,1,1,1,0
16qam,64,4,2.500000e-01,17096,dsp,60,bf_det_k4_l1_r1_c4_m4_w10g8_d32_s2_q2,20,13639,bf_det_k4_l1_r1_c4_m4_w10g8_d32_s2_q2,20,13639,1,1,0.000000e+00,1,1,1,0
16qam,64,4,2.500000e-01,17096,lut,61,bf_det_k4_l1_r1_c4_m4_w12g4_d64_s2_q2,15481,13054,bf_det_k4_l1_r1_c4_m4_w12g4_d32_s2_q2,14827,13054,1,1,4.411000e+00,1,0,0,0
16qam,64,4,2.500000e-01,17096,ff,62,bf_det_k4_l1_r1_c4_m3_w10g8_d32_s2_q2,9691,13831,bf_det_k4_l1_r1_c4_m3_w10g8_d32_s2_q2,9691,13831,1,1,0.000000e+00,1,1,1,0
16qam,64,4,2.500000e-01,17096,bram,63,bf_det_k4_l1_r4_c4_m4_w12g4_d32_s2_q2,14,12052,bf_det_k4_l1_r4_c4_m4_w12g4_d32_s2_q2,14,12052,1,1,0.000000e+00,1,1,1,0
16qam,64,4,5.000000e-01,753,dsp,256,bf_det_k4_l16_r4_c16_m3_w12g4_d32_s2_q2,387,727,bf_det_k4_l16_r4_c16_m4_w10g8_d32_s2_q2,275,749,1,1,4.072700e+01,0,0,0,0
16qam,64,4,5.000000e-01,753,lut,257,bf_det_k4_l16_r4_c16_m4_w12g4_d64_s2_q2,83358,719,bf_det_k4_l16_r4_c16_m4_w12g4_d32_s2_q2,82738,719,1,1,7.490000e-01,1,0,0,0
16qam,64,4,5.000000e-01,753,ff,258,bf_det_k4_l16_r4_c16_m3_w12g4_d32_s2_q2,55377,727,bf_det_k4_l16_r4_c16_m4_w10g8_d32_s2_q2,53725,749,1,1,3.075000e+00,1,0,0,0
16qam,64,4,5.000000e-01,753,bram,259,bf_det_k4_l16_r4_c16_m4_w12g4_d32_s2_q2,48,719,bf_det_k4_l16_r4_c16_m4_w10g8_d32_s2_q2,40,749,1,1,2.000000e+01,0,0,0,0
16qam,64,4,5.000000e-01,1178,dsp,260,bf_det_k4_l16_r1_c16_m4_w10g8_d32_s2_q2,131,1057,bf_det_k4_l16_r1_c16_m4_w10g8_d32_s2_q2,131,1057,1,1,0.000000e+00,1,1,1,0
16qam,64,4,5.000000e-01,1178,lut,261,bf_det_k4_l16_r1_c16_m4_w12g4_d64_s2_q2,76113,1027,bf_det_k4_l16_r1_c16_m4_w12g4_d32_s2_q2,75493,1027,1,1,8.210000e-01,1,0,0,0
16qam,64,4,5.000000e-01,1178,ff,262,bf_det_k4_l16_r1_c16_m3_w12g4_d32_s2_q2,46526,1059,bf_det_k4_l16_r1_c16_m3_w10g8_d32_s2_q2,44687,1089,1,1,4.115000e+00,1,0,0,0
16qam,64,4,5.000000e-01,1178,bram,263,bf_det_k4_l16_r4_c16_m4_w10g8_d32_s2_q2,40,749,bf_det_k4_l16_r4_c16_m4_w10g8_d32_s2_q2,40,749,1,1,0.000000e+00,1,1,1,0
16qam,64,4,5.000000e-01,1843,dsp,264,bf_det_k4_l16_r1_c16_m4_w10g8_d32_s2_q2,131,1057,bf_det_k4_l16_r1_c16_m4_w10g8_d32_s2_q2,131,1057,1,1,0.000000e+00,1,1,1,0
16qam,64,4,5.000000e-01,1843,lut,265,bf_det_k4_l16_r1_c16_m4_w12g4_d64_s2_q2,76113,1027,bf_det_k4_l16_r1_c16_m4_w12g4_d32_s2_q2,75493,1027,1,1,8.210000e-01,1,0,0,0
16qam,64,4,5.000000e-01,1843,ff,266,bf_det_k4_l16_r1_c16_m3_w12g4_d32_s2_q2,46526,1059,bf_det_k4_l16_r1_c16_m3_w10g8_d32_s2_q2,44687,1089,1,1,4.115000e+00,1,0,0,0
16qam,64,4,5.000000e-01,1843,bram,267,bf_det_k4_l16_r4_c16_m4_w10g8_d32_s2_q2,40,749,bf_det_k4_l16_r4_c16_m4_w10g8_d32_s2_q2,40,749,1,1,0.000000e+00,1,1,1,0
16qam,64,4,5.000000e-01,2883,dsp,268,bf_det_k4_l4_r1_c4_m4_w10g8_d32_s2_q2,38,2533,bf_det_k4_l4_r1_c4_m4_w10g8_d32_s2_q2,38,2533,1,1,0.000000e+00,1,1,1,0
16qam,64,4,5.000000e-01,2883,lut,269,bf_det_k4_l4_r1_c4_m4_w12g4_d64_s2_q2,28088,2431,bf_det_k4_l4_r1_c4_m4_w12g4_d32_s2_q2,27468,2431,1,1,2.257000e+00,1,0,0,0
16qam,64,4,5.000000e-01,2883,ff,270,bf_det_k4_l4_r1_c4_m3_w10g8_d32_s2_q2,16803,2535,bf_det_k4_l4_r1_c4_m4_w10g8_d32_s2_q2,16773,2533,1,1,1.790000e-01,1,0,0,0
16qam,64,4,5.000000e-01,2883,bram,271,bf_det_k4_l4_r4_c4_m4_w12g4_d32_s2_q2,16,2333,bf_det_k4_l4_r4_c4_m4_w12g4_d32_s2_q2,16,2333,1,1,0.000000e+00,1,1,1,0
16qam,64,4,5.000000e-01,4510,dsp,272,bf_det_k4_l4_r1_c4_m4_w10g8_d32_s2_q2,38,2533,bf_det_k4_l4_r1_c4_m4_w10g8_d32_s2_q2,38,2533,1,1,0.000000e+00,1,1,1,0
16qam,64,4,5.000000e-01,4510,lut,273,bf_det_k4_l4_r1_c4_m4_w12g4_d64_s2_q2,28088,2431,bf_det_k4_l4_r1_c4_m4_w12g4_d32_s2_q2,27468,2431,1,1,2.257000e+00,1,0,0,0
16qam,64,4,5.000000e-01,4510,ff,274,bf_det_k4_l4_r1_c4_m3_w10g8_d32_s2_q2,16803,2535,bf_det_k4_l4_r1_c4_m4_w10g8_d32_s2_q2,16773,2533,1,1,1.790000e-01,1,0,0,0
16qam,64,4,5.000000e-01,4510,bram,275,bf_det_k4_l4_r4_c4_m4_w12g4_d32_s2_q2,16,2333,bf_det_k4_l4_r4_c4_m4_w12g4_d32_s2_q2,16,2333,1,1,0.000000e+00,1,1,1,0
16qam,64,4,5.000000e-01,7054,dsp,276,bf_det_k4_l4_r1_c4_m4_w10g8_d32_s2_q2,38,2533,bf_det_k4_l4_r1_c4_m4_w10g8_d32_s2_q2,38,2533,1,1,0.000000e+00,1,1,1,0
16qam,64,4,5.000000e-01,7054,lut,277,bf_det_k4_l4_r1_c4_m4_w12g4_d64_s2_q2,28088,2431,bf_det_k4_l4_r1_c4_m4_w12g4_d32_s2_q2,27468,2431,1,1,2.257000e+00,1,0,0,0
16qam,64,4,5.000000e-01,7054,ff,278,bf_det_k4_l4_r1_c4_m3_w10g8_d32_s2_q2,16803,2535,bf_det_k4_l4_r1_c4_m4_w10g8_d32_s2_q2,16773,2533,1,1,1.790000e-01,1,0,0,0
16qam,64,4,5.000000e-01,7054,bram,279,bf_det_k4_l4_r4_c4_m4_w12g4_d32_s2_q2,16,2333,bf_det_k4_l4_r4_c4_m4_w12g4_d32_s2_q2,16,2333,1,1,0.000000e+00,1,1,1,0
16qam,64,4,5.000000e-01,11035,dsp,280,bf_det_k4_l1_r1_c4_m4_w10g8_d32_s2_q2,20,9255,bf_det_k4_l1_r1_c4_m4_w10g8_d32_s2_q2,20,9255,1,1,0.000000e+00,1,1,1,0
16qam,64,4,5.000000e-01,11035,lut,281,bf_det_k4_l1_r1_c4_m4_w12g4_d64_s2_q2,15481,8865,bf_det_k4_l1_r1_c4_m4_w12g4_d32_s2_q2,14827,8865,1,1,4.411000e+00,1,0,0,0
16qam,64,4,5.000000e-01,11035,ff,282,bf_det_k4_l1_r1_c4_m3_w10g8_d32_s2_q2,9691,9383,bf_det_k4_l1_r1_c4_m3_w10g8_d32_s2_q2,9691,9383,1,1,0.000000e+00,1,1,1,0
16qam,64,4,5.000000e-01,11035,bram,283,bf_det_k4_l1_r4_c4_m4_w12g4_d32_s2_q2,14,8197,bf_det_k4_l1_r4_c4_m4_w12g4_d32_s2_q2,14,8197,1,1,0.000000e+00,1,1,1,0
16qam,64,4,5.000000e-01,17262,dsp,284,bf_det_k4_l1_r1_c4_m4_w10g8_d32_s2_q2,20,9255,bf_det_k4_l1_r1_c4_m4_w10g8_d32_s2_q2,20,9255,1,1,0.000000e+00,1,1,1,0
16qam,64,4,5.000000e-01,17262,lut,285,bf_det_k4_l1_r1_c4_m4_w12g4_d64_s2_q2,15481,8865,bf_det_k4_l1_r1_c4_m4_w14g0_d32_s2_q2,14774,16331,1,1,4.785000e+00,1,0,0,0
16qam,64,4,5.000000e-01,17262,ff,286,bf_det_k4_l1_r1_c4_m3_w10g8_d32_s2_q2,9691,9383,bf_det_k4_l1_r1_c4_m3_w10g8_d32_s2_q2,9691,9383,1,1,0.000000e+00,1,1,1,0
16qam,64,4,5.000000e-01,17262,bram,287,bf_det_k4_l1_r4_c4_m4_w12g4_d32_s2_q2,14,8197,bf_det_k4_l1_r4_c4_m4_w12g4_d32_s2_q2,14,8197,1,1,0.000000e+00,1,1,1,0
16qam,64,4,1.000000e+00,710,dsp,288,bf_det_k4_l16_r4_c16_m4_w10g4_d32_s2_q2,275,679,bf_det_k4_l16_r4_c16_m4_w10g4_d32_s2_q2,275,679,1,1,0.000000e+00,1,1,1,0
16qam,64,4,1.000000e+00,710,lut,289,bf_det_k4_l16_r4_c16_m4_w14g0_d64_s2_q2,84673,687,bf_det_k4_l16_r4_c16_m4_w14g0_d32_s2_q2,84021,687,1,1,7.760000e-01,1,0,0,0
16qam,64,4,1.000000e+00,710,ff,290,bf_det_k4_l16_r4_c16_m3_w10g4_d32_s2_q2,49221,687,bf_det_k4_l16_r4_c16_m3_w10g4_d32_s2_q2,49221,687,1,1,0.000000e+00,1,1,1,0
16qam,64,4,1.000000e+00,710,bram,291,bf_det_k4_l16_r4_c16_m4_w10g4_d32_s2_q2,40,679,bf_det_k4_l16_r4_c16_m4_w10g4_d32_s2_q2,40,679,1,1,0.000000e+00,1,1,1,0
16qam,64,4,1.000000e+00,1057,dsp,292,bf_det_k4_l16_r1_c16_m4_w10g4_d32_s2_q2,131,987,bf_det_k4_l16_r1_c16_m4_w10g4_d32_s2_q2,131,987,1,1,0.000000e+00,1,1,1,0
16qam,64,4,1.000000e+00,1057,lut,293,bf_det_k4_l16_r1_c16_m4_w14g0_d64_s2_q2,77049,989,bf_det_k4_l16_r1_c16_m4_w12g4_d32_s2_q2,75493,1027,1,1,2.061000e+00,1,0,0,0
16qam,64,4,1.000000e+00,1057,ff,294,bf_det_k4_l16_r1_c16_m4_w10g4_d32_s2_q2,41862,987,bf_det_k4_l16_r1_c16_m3_w10g4_d32_s2_q2,41722,1019,1,1,3.360000e-01,1,0,0,0
16qam,64,4,1.000000e+00,1057,bram,295,bf_det_k4_l16_r4_c16_m4_w10g4_d32_s2_q2,40,679,bf_det_k4_l16_r4_c16_m4_w10g4_d32_s2_q2,40,679,1,1,0.000000e+00,1,1,1,0
16qam,64,4,1.000000e+00,1573,dsp,296,bf_det_k4_l16_r1_c16_m4_w10g4_d32_s2_q2,131,987,bf_det_k4_l16_r1_c16_m4_w10g4_d32_s2_q2,131,987,1,1,0.000000e+00,1,1,1,0
16qam,64,4,1.000000e+00,1573,lut,297,bf_det_k4_l16_r1_c16_m4_w12g4_d64_s2_q2,76113,1027,bf_det_k4_l16_r1_c16_m4_w12g4_d32_s2_q2,75493,1027,1,1,8.210000e-01,1,0,0,0
16qam,64,4,1.000000e+00,1573,ff,298,bf_det_k4_l16_r1_c16_m3_w10g4_d32_s2_q2,41722,1019,bf_det_k4_l16_r1_c16_m3_w10g4_d32_s2_q2,41722,1019,1,1,0.000000e+00,1,1,1,0
16qam,64,4,1.000000e+00,1573,bram,299,bf_det_k4_l16_r4_c16_m4_w10g4_d32_s2_q2,40,679,bf_det_k4_l16_r4_c16_m4_w10g4_d32_s2_q2,40,679,1,1,0.000000e+00,1,1,1,0
16qam,64,4,1.000000e+00,2341,dsp,300,bf_det_k4_l4_r1_c4_m4_w10g4_d32_s2_q2,38,2295,bf_det_k4_l4_r1_c4_m4_w10g4_d32_s2_q2,38,2295,1,1,0.000000e+00,1,1,1,0
16qam,64,4,1.000000e+00,2341,lut,301,bf_det_k4_l4_r1_c4_m4_w14g0_d64_s2_q2,28258,2311,bf_det_k4_l4_r1_c4_m4_w14g0_d32_s2_q2,27606,2311,1,1,2.362000e+00,1,0,0,0
16qam,64,4,1.000000e+00,2341,ff,302,bf_det_k4_l4_r1_c4_m4_w10g4_d32_s2_q2,16016,2295,bf_det_k4_l4_r1_c4_m4_w10g4_d32_s2_q2,16016,2295,1,1,0.000000e+00,1,1,1,0
16qam,64,4,1.000000e+00,2341,bram,303,bf_det_k4_l4_r4_c4_m4_w10g4_d32_s2_q2,16,2197,bf_det_k4_l4_r4_c4_m4_w10g4_d32_s2_q2,16,2197,1,1,0.000000e+00,1,1,1,0
16qam,64,4,1.000000e+00,3485,dsp,304,bf_det_k4_l4_r1_c4_m4_w10g4_d32_s2_q2,38,2295,bf_det_k4_l4_r1_c4_m4_w10g4_d32_s2_q2,38,2295,1,1,0.000000e+00,1,1,1,0
16qam,64,4,1.000000e+00,3485,lut,305,bf_det_k4_l4_r1_c4_m4_w12g4_d64_s2_q2,28088,2431,bf_det_k4_l4_r1_c4_m4_w12g4_d32_s2_q2,27468,2431,1,1,2.257000e+00,1,0,0,0
16qam,64,4,1.000000e+00,3485,ff,306,bf_det_k4_l4_r1_c4_m3_w10g4_d32_s2_q2,16046,2297,bf_det_k4_l4_r1_c4_m4_w10g4_d32_s2_q2,16016,2295,1,1,1.870000e-01,1,0,0,0
16qam,64,4,1.000000e+00,3485,bram,307,bf_det_k4_l4_r4_c4_m4_w10g4_d32_s2_q2,16,2197,bf_det_k4_l4_r4_c4_m4_w10g4_d32_s2_q2,16,2197,1,1,0.000000e+00,1,1,1,0
16qam,64,4,1.000000e+00,5188,dsp,308,bf_det_k4_l4_r1_c4_m4_w10g4_d32_s2_q2,38,2295,bf_det_k4_l4_r1_c4_m4_w10g4_d32_s2_q2,38,2295,1,1,0.000000e+00,1,1,1,0
16qam,64,4,1.000000e+00,5188,lut,309,bf_det_k4_l4_r1_c4_m4_w12g4_d64_s2_q2,28088,2431,bf_det_k4_l4_r1_c4_m4_w12g4_d32_s2_q2,27468,2431,1,1,2.257000e+00,1,0,0,0
16qam,64,4,1.000000e+00,5188,ff,310,bf_det_k4_l4_r1_c4_m3_w10g4_d32_s2_q2,16046,2297,bf_det_k4_l4_r1_c4_m4_w10g4_d32_s2_q2,16016,2295,1,1,1.870000e-01,1,0,0,0
16qam,64,4,1.000000e+00,5188,bram,311,bf_det_k4_l4_r4_c4_m4_w10g4_d32_s2_q2,16,2197,bf_det_k4_l4_r4_c4_m4_w10g4_d32_s2_q2,16,2197,1,1,0.000000e+00,1,1,1,0
16qam,64,4,1.000000e+00,7723,dsp,312,bf_det_k4_l4_r1_c4_m4_w10g4_d32_s2_q2,38,2295,bf_det_k4_l4_r1_c4_m4_w10g4_d32_s2_q2,38,2295,1,1,0.000000e+00,1,1,1,0
16qam,64,4,1.000000e+00,7723,lut,313,bf_det_k4_l1_r4_c4_m4_w14g0_d64_s2_q2,17453,7693,bf_det_k4_l1_r4_c4_m4_w14g0_d32_s2_q2,16767,7693,1,1,4.091000e+00,1,0,0,0
16qam,64,4,1.000000e+00,7723,ff,314,bf_det_k4_l1_r4_c4_m3_w10g4_d32_s2_q2,11362,7709,bf_det_k4_l1_r4_c4_m3_w10g4_d32_s2_q2,11362,7709,1,1,0.000000e+00,1,1,1,0
16qam,64,4,1.000000e+00,7723,bram,315,bf_det_k4_l1_r4_c4_m4_w10g4_d32_s2_q2,14,7677,bf_det_k4_l1_r4_c4_m4_w10g4_d32_s2_q2,14,7677,1,1,0.000000e+00,1,1,1,0
16qam,64,4,1.000000e+00,11497,dsp,316,bf_det_k4_l1_r1_c4_m4_w10g4_d32_s2_q2,20,8345,bf_det_k4_l1_r1_c4_m4_w10g4_d32_s2_q2,20,8345,1,1,0.000000e+00,1,1,1,0
16qam,64,4,1.000000e+00,11497,lut,317,bf_det_k4_l1_r1_c4_m4_w12g4_d64_s2_q2,15481,8865,bf_det_k4_l1_r1_c4_m4_w14g0_d32_s2_q2,14774,8409,1,1,4.785000e+00,1,0,0,0
16qam,64,4,1.000000e+00,11497,ff,318,bf_det_k4_l1_r1_c4_m3_w10g4_d32_s2_q2,9486,8473,bf_det_k4_l1_r1_c4_m3_w10g4_d32_s2_q2,9486,8473,1,1,0.000000e+00,1,1,1,0
16qam,64,4,1.000000e+00,11497,bram,319,bf_det_k4_l1_r4_c4_m4_w10g4_d32_s2_q2,14,7677,bf_det_k4_l1_r4_c4_m4_w10g4_d32_s2_q2,14,7677,1,1,0.000000e+00,1,1,1,0
16qam,64,8,2.500000e-01,1345,dsp,320,bf_det_k8_l16_r8_c16_m3_w12g4_d32_s2_q2,579,1280,bf_det_k8_l16_r8_c16_m3_w16g0_d32_s2_q2,579,1272,1,1,0.000000e+00,1,0,1,0
16qam,64,8,2.500000e-01,1345,lut,321,bf_det_k8_l16_r8_c16_m4_w12g4_d64_s2_q2,96158,1268,bf_det_k8_l16_r8_c16_m4_w12g4_d32_s2_q2,95545,1268,1,1,6.420000e-01,1,0,0,0
16qam,64,8,2.500000e-01,1345,ff,322,bf_det_k8_l16_r8_c16_m3_w12g4_d32_s2_q2,67761,1280,bf_det_k8_l16_r8_c16_m3_w12g4_d32_s2_q2,67761,1280,1,1,0.000000e+00,1,1,1,0
16qam,64,8,2.500000e-01,1345,bram,323,bf_det_k8_l16_r8_c16_m4_w12g4_d32_s2_q2,59,1268,bf_det_k8_l16_r8_c16_m4_w12g4_d32_s2_q2,59,1268,1,1,0.000000e+00,1,1,1,0
16qam,64,8,2.500000e-01,2060,dsp,324,bf_det_k8_l16_r4_c16_m4_w10g8_d32_s2_q2,275,1981,bf_det_k8_l16_r4_c16_m4_w10g8_d32_s2_q2,275,1981,1,1,0.000000e+00,1,1,1,0
16qam,64,8,2.500000e-01,2060,lut,325,bf_det_k8_l16_r4_c16_m4_w12g4_d64_s2_q2,86720,1454,bf_det_k8_l16_r4_c16_m4_w12g4_d32_s2_q2,86107,1454,1,1,7.120000e-01,1,0,0,0
16qam,64,8,2.500000e-01,2060,ff,326,bf_det_k8_l16_r4_c16_m3_w12g4_d32_s2_q2,56885,1478,bf_det_k8_l16_r4_c16_m3_w10g8_d32_s2_q2,53494,2013,1,1,6.339000e+00,1,0,0,0
16qam,64,8,2.500000e-01,2060,bram,327,bf_det_k8_l16_r8_c16_m4_w10g8_d32_s2_q2,49,1733,bf_det_k8_l16_r8_c16_m4_w10g8_d32_s2_q2,49,1733,1,1,0.000000e+00,1,1,1,0
16qam,64,8,2.500000e-01,3154,dsp,328,bf_det_k8_l16_r1_c16_m3_w12g4_d32_s2_q2,243,2618,bf_det_k8_l16_r1_c16_m3_w16g0_d32_s2_q2,243,2610,1,1,0.000000e+00,1,0,1,0
16qam,64,8,2.500000e-01,3154,lut,329,bf_det_k8_l16_r1_c16_m4_w12g4_d64_s2_q2,79317,2522,bf_det_k8_l16_r1_c16_m4_w12g4_d32_s2_q2,78704,2522,1,1,7.790000e-01,1,0,0,0
16qam,64,8,2.500000e-01,3154,ff,330,bf_det_k8_l16_r1_c16_m3_w12g4_d32_s2_q2,47874,2618,bf_det_k8_l16_r1_c16_m3_w12g4_d32_s2_q2,47874,2618,1,1,0.000000e+00,1,1,1,0
16qam,64,8,2.500000e-01,3154,bram,331,bf_det_k8_l16_r8_c16_m4_w10g8_d32_s2_q2,49,1733,bf_det_k8_l16_r8_c16_m4_w10g8_d32_s2_q2,49,1733,1,1,0.000000e+00,1,1,1,0
16qam,64,8,2.500000e-01,4831,dsp,332,bf_det_k8_l4_r4_c4_m4_w12g4_d32_s2_q2,115,4754,bf_det_k8_l4_r4_c4_m3_w16g0_d32_s2_q2,99,4818,1,1,1.616200e+01,0,0,0,0
16qam,64,8,2.500000e-01,4831,lut,333,bf_det_k8_l4_r4_c4_m4_w12g4_d64_s2_q2,32580,4754,bf_det_k8_l4_r4_c4_m4_w12g4_d32_s2_q2,31967,4754,1,1,1.918000e+00,1,0,0,0
16qam,64,8,2.500000e-01,4831,ff,334,bf_det_k8_l4_r4_c4_m4_w12g4_d32_s2_q2,19894,4754,bf_det_k8_l4_r4_c4_m4_w12g4_d32_s2_q2,19894,4754,1,1,0.000000e+00,1,1,1,0
16qam,64,8,2.500000e-01,4831,bram,335,bf_det_k8_l4_r8_c4_m4_w12g4_d32_s2_q2,19,4292,bf_det_k8_l4_r8_c4_m4_w12g4_d32_s2_q2,19,4292,1,1,0.000000e+00,1,1,1,0
16qam,64,8,2.500000e-01,7399,dsp,336,bf_det_k8_l4_r1_c4_m3_w12g4_d32_s2_q2,66,5573,bf_det_k8_l4_r1_c4_m3_w16g0_d32_s2_q2,66,5541,1,1,0.000000e+00,1,0,1,0
16qam,64,8,2.500000e-01,7399,lut,337,bf_det_k8_l4_r1_c4_m4_w12g4_d64_s2_q2,31319,5570,bf_det_k8_l4_r1_c4_m3_w12g4_d32_s2_q2,30602,5573,1,1,2.343000e+00,1,0,0,0
16qam,64,8,2.500000e-01,7399,ff,338,bf_det_k8_l4_r1_c4_m3_w12g4_d32_s2_q2,17558,5573,bf_det_k8_l4_r1_c4_m3_w12g4_d32_s2_q2,17558,5573,1,1,0.000000e+00,1,1,1,0
16qam,64,8,2.500000e-01,7399,bram,339,bf_det_k8_l4_r8_c4_m4_w12g4_d32_s2_q2,19,4292,bf_det_k8_l4_r8_c4_m4_w12g4_d32_s2_q2,19,4292,1,1,0.000000e+00,1,1,1,0
16qam,64,8,2.500000e-01,11332,dsp,340,bf_det_k8_l4_r1_c4_m4_w10g8_d32_s2_q2,38,7567,bf_det_k8_l4_r1_c4_m3_w10g8_d32_s2_q2,38,7567,1,1,0.000000e+00,1,0,1,0
16qam,64,8,2.500000e-01,11332,lut,341,bf_det_k8_l4_r1_c4_m4_w12g4_d64_s2_q2,31319,5570,bf_det_k8_l4_r1_c4_m3_w12g4_d32_s2_q2,30602,5573,1,1,2.343000e+00,1,0,0,0
16qam,64,8,2.500000e-01,11332,ff,342,bf_det_k8_l4_r1_c4_m3_w10g8_d32_s2_q2,17299,7567,bf_det_k8_l4_r1_c4_m3_w10g8_d32_s2_q2,17299,7567,1,1,0.000000e+00,1,1,1,0
16qam,64,8,2.500000e-01,11332,bram,343,bf_det_k8_l4_r8_c4_m4_w12g4_d32_s2_q2,19,4292,bf_det_k8_l4_r8_c4_m4_w12g4_d32_s2_q2,19,4292,1,1,0.000000e+00,1,1,1,0
16qam,64,8,2.500000e-01,17355,dsp,344,bf_det_k8_l4_r1_c4_m4_w10g8_d32_s2_q2,38,7567,bf_det_k8_l4_r1_c4_m3_w10g8_d32_s2_q2,38,7567,1,1,0.000000e+00,1,0,1,0
16qam,64,8,2.500000e-01,17355,lut,345,bf_det_k8_l1_r4_c4_m4_w12g4_d64_s2_q2,18241,15266,bf_det_k8_l1_r4_c4_m4_w12g4_d32_s2_q2,17594,15266,1,1,3.677000e+00,1,0,0,0
16qam,64,8,2.500000e-01,17355,ff,346,bf_det_k8_l1_r4_c4_m3_w12g4_d32_s2_q2,12141,15362,bf_det_k8_l1_r4_c4_m3_w12g4_d32_s2_q2,12141,15362,1,1,0.000000e+00,1,1,1,0
16qam,64,8,2.500000e-01,17355,bram,347,bf_det_k8_l1_r8_c4_m4_w12g4_d32_s2_q2,15,14804,bf_det_k8_l1_r8_c4_m4_w12g4_d32_s2_q2,15,14804,1,1,0.000000e+00,1,1,1,0
16qam,64,8,2.500000e-01,26580,dsp,348,bf_det_k8_l1_r1_c4_m4_w10g8_d32_s2_q2,20,24327,bf_det_k8_l1_r1_c4_m4_w10g8_d32_s2_q2,20,24327,1,1,0.000000e+00,1,1,1,0
16qam,64,8,2.500000e-01,26580,lut,349,bf_det_k8_l1_r1_c4_m4_w12g4_d64_s2_q2,16275,17846,bf_det_k8_l1_r1_c4_m4_w16g0_d32_s2_q2,15618,18006,1,1,4.207000e+00,1,0,0,0
16qam,64,8,2.500000e-01,26580,ff,350,bf_det_k8_l1_r1_c4_m3_w10g8_d32_s2_q2,9800,24839,bf_det_k8_l1_r1_c4_m3_w10g8_d32_s2_q2,9800,24839,1,1,0.000000e+00,1,1,1,0
16qam,64,8,2.500000e-01,26580,bram,351,bf_det_k8_l1_r8_c4_m4_w12g4_d32_s2_q2,15,14804,bf_det_k8_l1_r8_c4_m4_w12g4_d32_s2_q2,15,14804,1,1,0.000000e+00,1,1,1,0
16qam,64,8,5.000000e-01,1345,dsp,352,bf_det_k8_l16_r8_c16_m4_w10g8_d32_s2_q2,467,1313,bf_det_k8_l16_r8_c16_m4_w10g8_d32_s2_q2,467,1313,1,1,0.000000e+00,1,1,1,0
16qam,64,8,5.000000e-01,1345,lut,353,bf_det_k8_l16_r8_c16_m4_w12g4_d64_s2_q2,96158,1268,bf_det_k8_l16_r8_c16_m4_w12g4_d32_s2_q2,95545,1268,1,1,6.420000e-01,1,0,0,0
16qam,64,8,5.000000e-01,1345,ff,354,bf_det_k8_l16_r8_c16_m3_w12g4_d32_s2_q2,67761,1280,bf_det_k8_l16_r8_c16_m3_w10g8_d32_s2_q2,62698,1325,1,1,8.075000e+00,1,0,0,0
16qam,64,8,5.000000e-01,1345,bram,355,bf_det_k8_l16_r8_c16_m4_w10g8_d32_s2_q2,49,1313,bf_det_k8_l16_r8_c16_m4_w10g8_d32_s2_q2,49,1313,1,1,0.000000e+00,1,1,1,0
16qam,64,8,5.000000e-01,2035,dsp,356,bf_det_k8_l16_r4_c16_m4_w10g8_d32_s2_q2,275,1499,bf_det_k8_l16_r4_c16_m4_w10g8_d32_s2_q2,275,1499,1,1,0.000000e+00,1,1,1,0
16qam,64,8,5.000000e-01,2035,lut,357,bf_det_k8_l16_r4_c16_m4_w12g4_d64_s2_q2,86720,1454,bf_det_k8_l16_r4_c16_m4_w12g4_d32_s2_q2,86107,1454,1,1,7.120000e-01,1,0,0,0
16qam,64,8,5.000000e-01,2035,ff,358,bf_det_k8_l16_r4_c16_m3_w10g8_d32_s2_q2,53494,1523,bf_det_k8_l16_r4_c16_m3_w10g8_d32_s2_q2,53494,1523,1,1,0.000000e+00,1,1,1,0
16qam,64,8,5.000000e-01,2035,bram,359,bf_det_k8_l16_r8_c16_m4_w10g8_d32_s2_q2,49,1313,bf_det_k8_l16_r8_c16_m4_w10g8_d32_s2_q2,49,1313,1,1,0.000000e+00,1,1,1,0
16qam,64,8,5.000000e-01,3079,dsp,360,bf_det_k8_l16_r1_c16_m4_w10g8_d32_s2_q2,131,2567,bf_det_k8_l16_r1_c16_m4_w10g8_d32_s2_q2,131,2567,1,1,0.000000e+00,1,1,1,0
16qam,64,8,5.000000e-01,3079,lut,361,bf_det_k8_l16_r1_c16_m4_w12g4_d64_s2_q2,79317,2522,bf_det_k8_l16_r1_c16_m4_w12g4_d32_s2_q2,78704,2522,1,1,7.790000e-01,1,0,0,0
16qam,64,8,5.000000e-01,3079,ff,362,bf_det_k8_l16_r1_c16_m3_w12g4_d32_s2_q2,47874,2618,bf_det_k8_l16_r1_c16_m3_w10g8_d32_s2_q2,45843,2663,1,1,4.430000e+00,1,0,0,0
16qam,64,8,5.000000e-01,3079,bram,363,bf_det_k8_l16_r8_c16_m4_w10g8_d32_s2_q2,49,1313,bf_det_k8_l16_r8_c16_m4_w10g8_d32_s2_q2,49,1313,1,1,0.000000e+00,1,1,1,0
16qam,64,8,5.000000e-01,4659,dsp,364,bf_det_k8_l4_r8_c4_m4_w10g8_d32_s2_q2,119,4445,bf_det_k8_l4_r8_c4_m4_w10g8_d32_s2_q2,119,4445,1,1,0.000000e+00,1,1,1,0
16qam,64,8,5.000000e-01,4659,lut,365,bf_det_k8_l4_r8_c4_m4_w12g4_d64_s2_q2,35303,4292,bf_det_k8_l4_r8_c4_m4_w12g4_d32_s2_q2,34690,4292,1,1,1.767000e+00,1,0,0,0
16qam,64,8,5.000000e-01,4659,ff,366,bf_det_k8_l4_r8_c4_m3_w10g8_d32_s2_q2,20704,4493,bf_det_k8_l4_r8_c4_m3_w10g8_d32_s2_q2,20704,4493,1,1,0.000000e+00,1,1,1,0
16qam,64,8,5.000000e-01,4659,bram,367,bf_det_k8_l4_r8_c4_m4_w12g4_d32_s2_q2,19,4292,bf_det_k8_l4_r8_c4_m4_w12g4_d32_s2_q2,19,4292,1,1,0.000000e+00,1,1,1,0
16qam,64,8,5.000000e-01,7049,dsp,368,bf_det_k8_l4_r1_c4_m4_w10g8_d32_s2_q2,38,5723,bf_det_k8_l4_r1_c4_m3_w10g8_d32_s2_q2,38,5723,1,1,0.000000e+00,1,0,1,0
16qam,64,8,5.000000e-01,7049,lut,369,bf_det_k8_l4_r1_c4_m4_w12g4_d64_s2_q2,31319,5570,bf_det_k8_l4_r1_c4_m3_w12g4_d32_s2_q2,30602,5573,1,1,2.343000e+00,1,0,0,0
16qam,64,8,5.000000e-01,7049,ff,370,bf_det_k8_l4_r1_c4_m3_w10g8_d32_s2_q2,17299,5723,bf_det_k8_l4_r1_c4_m3_w10g8_d32_s2_q2,17299,5723,1,1,0.000000e+00,1,1,1,0
16qam,64,8,5.000000e-01,7049,bram,371,bf_det_k8_l4_r8_c4_m4_w12g4_d32_s2_q2,19,4292,bf_det_k8_l4_r8_c4_m4_w12g4_d32_s2_q2,19,4292,1,1,0.000000e+00,1,1,1,0
16qam,64,8,5.000000e-01,10666,dsp,372,bf_det_k8_l4_r1_c4_m4_w10g8_d32_s2_q2,38,5723,bf_det_k8_l4_r1_c4_m3_w10g8_d32_s2_q2,38,5723,1,1,0.000000e+00,1,0,1,0
16qam,64,8,5.000000e-01,10666,lut,373,bf_det_k8_l4_r1_c4_m4_w12g4_d64_s2_q2,31319,5570,bf_det_k8_l4_r1_c4_m3_w12g4_d32_s2_q2,30602,5573,1,1,2.343000e+00,1,0,0,0
16qam,64,8,5.000000e-01,10666,ff,374,bf_det_k8_l4_r1_c4_m3_w10g8_d32_s2_q2,17299,5723,bf_det_k8_l4_r1_c4_m3_w10g8_d32_s2_q2,17299,5723,1,1,0.000000e+00,1,1,1,0
16qam,64,8,5.000000e-01,10666,bram,375,bf_det_k8_l4_r8_c4_m4_w12g4_d32_s2_q2,19,4292,bf_det_k8_l4_r8_c4_m4_w12g4_d32_s2_q2,19,4292,1,1,0.000000e+00,1,1,1,0
16qam,64,8,5.000000e-01,16139,dsp,376,bf_det_k8_l4_r1_c4_m4_w10g8_d32_s2_q2,38,5723,bf_det_k8_l4_r1_c4_m3_w10g8_d32_s2_q2,38,5723,1,1,0.000000e+00,1,0,1,0
16qam,64,8,5.000000e-01,16139,lut,377,bf_det_k8_l1_r4_c4_m4_w12g4_d64_s2_q2,18241,15266,bf_det_k8_l1_r4_c4_m4_w12g4_d32_s2_q2,17594,15266,1,1,3.677000e+00,1,0,0,0
16qam,64,8,5.000000e-01,16139,ff,378,bf_det_k8_l1_r4_c4_m3_w10g8_d32_s2_q2,11705,15947,bf_det_k8_l1_r4_c4_m3_w10g8_d32_s2_q2,11705,15947,1,1,0.000000e+00,1,1,1,0
16qam,64,8,5.000000e-01,16139,bram,379,bf_det_k8_l1_r8_c4_m4_w12g4_d32_s2_q2,15,14804,bf_det_k8_l1_r8_c4_m4_w12g4_d32_s2_q2,15,14804,1,1,0.000000e+00,1,1,1,0
16qam,64,8,5.000000e-01,24420,dsp,380,bf_det_k8_l1_r1_c4_m4_w10g8_d32_s2_q2,20,18431,bf_det_k8_l1_r1_c4_m4_w10g8_d32_s2_q2,20,18431,1,1,0.000000e+00,1,1,1,0
16qam,64,8,5.000000e-01,24420,lut,381,bf_det_k8_l1_r1_c4_m4_w12g4_d64_s2_q2,16275,17846,bf_det_k8_l1_r1_c4_m4_w14g0_d32_s2_q2,15580,22763,1,1,4.461000e+00,1,0,0,0
16qam,64,8,5.000000e-01,24420,ff,382,bf_det_k8_l1_r1_c4_m3_w10g8_d32_s2_q2,9800,18815,bf_det_k8_l1_r1_c4_m3_w10g8_d32_s2_q2,9800,18815,1,1,0.000000e+00,1,1,1,0
16qam,64,8,5.000000e-01,24420,bram,383,bf_det_k8_l1_r8_c4_m4_w12g4_d32_s2_q2,15,14804,bf_det_k8_l1_r8_c4_m4_w12g4_d32_s2_q2,15,14804,1,1,0.000000e+00,1,1,1,0
16qam,64,8,1.000000e+00,1280,dsp,384,bf_det_k8_l16_r8_c16_m4_w10g4_d32_s2_q2,467,1208,bf_det_k8_l16_r8_c16_m4_w10g4_d32_s2_q2,467,1208,1,1,0.000000e+00,1,1,1,0
16qam,64,8,1.000000e+00,1280,lut,385,bf_det_k8_l16_r8_c16_m4_w14g0_d64_s2_q2,98503,1220,bf_det_k8_l16_r8_c16_m4_w12g4_d32_s2_q2,95545,1268,1,1,3.096000e+00,1,0,0,0
16qam,64,8,1.000000e+00,1280,ff,386,bf_det_k8_l16_r8_c16_m3_w10g4_d32_s2_q2,59733,1220,bf_det_k8_l16_r8_c16_m3_w10g4_d32_s2_q2,59733,1220,1,1,0.000000e+00,1,1,1,0
16qam,64,8,1.000000e+00,1280,bram,387,bf_det_k8_l16_r8_c16_m4_w10g4_d32_s2_q2,49,1208,bf_det_k8_l16_r8_c16_m4_w10g4_d32_s2_q2,49,1208,1,1,0.000000e+00,1,1,1,0
16qam,64,8,1.000000e+00,1928,dsp,388,bf_det_k8_l16_r4_c16_m4_w10g4_d32_s2_q2,275,1394,bf_det_k8_l16_r4_c16_m4_w10g4_d32_s2_q2,275,1394,1,1,0.000000e+00,1,1,1,0
16qam,64,8,1.000000e+00,1928,lut,389,bf_det_k8_l16_r4_c16_m4_w12g4_d64_s2_q2,86720,1454,bf_det_k8_l16_r4_c16_m4_w12g4_d32_s2_q2,86107,1454,1,1,7.120000e-01,1,0,0,0
16qam,64,8,1.000000e+00,1928,ff,390,bf_det_k8_l16_r4_c16_m3_w10g4_d32_s2_q2,50529,1418,bf_det_k8_l16_r4_c16_m3_w10g4_d32_s2_q2,50529,1418,1,1,0.000000e+00,1,1,1,0
16qam,64,8,1.000000e+00,1928,bram,391,bf_det_k8_l16_r8_c16_m4_w10g4_d32_s2_q2,49,1208,bf_det_k8_l16_r8_c16_m4_w10g4_d32_s2_q2,49,1208,1,1,0.000000e+00,1,1,1,0
16qam,64,8,1.000000e+00,2905,dsp,392,bf_det_k8_l16_r1_c16_m4_w10g4_d32_s2_q2,131,2462,bf_det_k8_l16_r1_c16_m4_w10g4_d32_s2_q2,131,2462,1,1,0.000000e+00,1,1,1,0
16qam,64,8,1.000000e+00,2905,lut,393,bf_det_k8_l16_r1_c16_m4_w12g4_d64_s2_q2,79317,2522,bf_det_k8_l16_r1_c16_m4_w12g4_d32_s2_q2,78704,2522,1,1,7.790000e-01,1,0,0,0
16qam,64,8,1.000000e+00,2905,ff,394,bf_det_k8_l16_r1_c16_m3_w10g4_d32_s2_q2,42878,2558,bf_det_k8_l16_r1_c16_m3_w10g4_d32_s2_q2,42878,2558,1,1,0.000000e+00,1,1,1,0
16qam,64,8,1.000000e+00,2905,bram,395,bf_det_k8_l16_r8_c16_m4_w10g4_d32_s2_q2,49,1208,bf_det_k8_l16_r8_c16_m4_w10g4_d32_s2_q2,49,1208,1,1,0.000000e+00,1,1,1,0
16qam,64,8,1.000000e+00,4375,dsp,396,bf_det_k8_l4_r8_c4_m4_w10g4_d32_s2_q2,119,4088,bf_det_k8_l4_r8_c4_m4_w10g4_d32_s2_q2,119,4088,1,1,0.000000e+00,1,1,1,0
16qam,64,8,1.000000e+00,4375,lut,397,bf_det_k8_l4_r8_c4_m4_w12g4_d64_s2_q2,35303,4292,bf_det_k8_l4_r8_c4_m4_w14g0_d32_s2_q2,34558,4112,1,1,2.156000e+00,1,0,0,0
16qam,64,8,1.000000e+00,4375,ff,398,bf_det_k8_l4_r8_c4_m3_w10g4_d32_s2_q2,19947,4136,bf_det_k8_l4_r8_c4_m3_w10g4_d32_s2_q2,19947,4136,1,1,0.000000e+00,1,1,1,0
16qam,64,8,1.000000e+00,4375,bram,399,bf_det_k8_l4_r8_c4_m4_w10g4_d32_s2_q2,19,4088,bf_det_k8_l4_r8_c4_m4_w10g4_d32_s2_q2,19,4088,1,1,0.000000e+00,1,1,1,0
16qam,64,8,1.000000e+00,6591,dsp,400,bf_det_k8_l4_r1_c4_m4_w10g4_d32_s2_q2,38,5366,bf_det_k8_l4_r1_c4_m3_w10g4_d32_s2_q2,38,5366,1,1,0.000000e+00,1,0,1,0
16qam,64,8,1.000000e+00,6591,lut,401,bf_det_k8_l4_r1_c4_m4_w12g4_d64_s2_q2,31319,5570,bf_det_k8_l4_r1_c4_m3_w12g4_d32_s2_q2,30602,5573,1,1,2.343000e+00,1,0,0,0
16qam,64,8,1.000000e+00,6591,ff,402,bf_det_k8_l4_r1_c4_m3_w10g4_d32_s2_q2,16542,5366,bf_det_k8_l4_r1_c4_m3_w10g4_d32_s2_q2,16542,5366,1,1,0.000000e+00,1,1,1,0
16qam,64,8,1.000000e+00,6591,bram,403,bf_det_k8_l4_r8_c4_m4_w10g4_d32_s2_q2,19,4088,bf_det_k8_l4_r8_c4_m4_w10g4_d32_s2_q2,19,4088,1,1,0.000000e+00,1,1,1,0
16qam,64,8,1.000000e+00,9929,dsp,404,bf_det_k8_l4_r1_c4_m4_w10g4_d32_s2_q2,38,5366,bf_det_k8_l4_r1_c4_m3_w10g4_d32_s2_q2,38,5366,1,1,0.000000e+00,1,0,1,0
16qam,64,8,1.000000e+00,9929,lut,405,bf_det_k8_l4_r1_c4_m4_w12g4_d64_s2_q2,31319,5570,bf_det_k8_l4_r1_c4_m3_w12g4_d32_s2_q2,30602,5573,1,1,2.343000e+00,1,0,0,0
16qam,64,8,1.000000e+00,9929,ff,406,bf_det_k8_l4_r1_c4_m3_w10g4_d32_s2_q2,16542,5366,bf_det_k8_l4_r1_c4_m3_w10g4_d32_s2_q2,16542,5366,1,1,0.000000e+00,1,1,1,0
16qam,64,8,1.000000e+00,9929,bram,407,bf_det_k8_l4_r8_c4_m4_w10g4_d32_s2_q2,19,4088,bf_det_k8_l4_r8_c4_m4_w10g4_d32_s2_q2,19,4088,1,1,0.000000e+00,1,1,1,0
16qam,64,8,1.000000e+00,14958,dsp,408,bf_det_k8_l4_r1_c4_m4_w10g4_d32_s2_q2,38,5366,bf_det_k8_l4_r1_c4_m3_w10g4_d32_s2_q2,38,5366,1,1,0.000000e+00,1,0,1,0
16qam,64,8,1.000000e+00,14958,lut,409,bf_det_k8_l1_r4_c4_m4_w14g0_d64_s2_q2,18363,14534,bf_det_k8_l1_r4_c4_m4_w14g0_d32_s2_q2,17684,14534,1,1,3.840000e+00,1,0,0,0
16qam,64,8,1.000000e+00,14958,ff,410,bf_det_k8_l1_r4_c4_m3_w10g4_d32_s2_q2,11500,14582,bf_det_k8_l1_r4_c4_m3_w10g4_d32_s2_q2,11500,14582,1,1,0.000000e+00,1,1,1,0
16qam,64,8,1.000000e+00,14958,bram,411,bf_det_k8_l1_r8_c4_m4_w10g4_d32_s2_q2,15,14024,bf_det_k8_l1_r8_c4_m4_w10g4_d32_s2_q2,15,14024,1,1,0.000000e+00,1,1,1,0
16qam,64,8,1.000000e+00,22535,dsp,412,bf_det_k8_l1_r1_c4_m4_w10g4_d32_s2_q2,20,17066,bf_det_k8_l1_r1_c4_m4_w10g4_d32_s2_q2,20,17066,1,1,0.000000e+00,1,1,1,0
16qam,64,8,1.000000e+00,22535,lut,413,bf_det_k8_l1_r1_c4_m4_w12g4_d64_s2_q2,16275,17846,bf_det_k8_l1_r1_c4_m4_w14g0_d32_s2_q2,15580,17258,1,1,4.461000e+00,1,0,0,0
16qam,64,8,1.000000e+00,22535,ff,414,bf_det_k8_l1_r1_c4_m3_w10g4_d32_s2_q2,9595,17450,bf_det_k8_l1_r1_c4_m3_w10g4_d32_s2_q2,9595,17450,1,1,0.000000e+00,1,1,1,0
16qam,64,8,1.000000e+00,22535,bram,415,bf_det_k8_l1_r8_c4_m4_w10g4_d32_s2_q2,15,14024,bf_det_k8_l1_r8_c4_m4_w10g4_d32_s2_q2,15,14024,1,1,0.000000e+00,1,1,1,0
16qam,64,16,2.500000e-01,3526,dsp,416,bf_det_k16_l16_r16_c16_m3_w12g4_d32_s2_q2,963,3307,bf_det_k16_l16_r16_c16_m3_w16g0_d32_s2_q2,963,3293,1,1,0.000000e+00,1,0,1,0
16qam,64,16,2.500000e-01,3526,lut,417,bf_det_k16_l16_r16_c16_m4_w12g4_d64_s2_q2,120229,3283,bf_det_k16_l16_r16_c16_m4_w12g4_d32_s2_q2,119617,3283,1,1,5.120000e-01,1,0,0,0
16qam,64,16,2.500000e-01,3526,ff,418,bf_det_k16_l16_r16_c16_m3_w12g4_d32_s2_q2,93299,3307,bf_det_k16_l16_r16_c16_m3_w12g4_d32_s2_q2,93299,3307,1,1,0.000000e+00,1,1,1,0
16qam,64,16,2.500000e-01,3526,bram,419,bf_det_k16_l16_r16_c16_m4_w12g4_d32_s2_q2,59,3283,bf_det_k16_l16_r16_c16_m4_w12g4_d32_s2_q2,59,3283,1,1,0.000000e+00,1,1,1,0
16qam,64,16,2.500000e-01,5412,dsp,420,bf_det_k16_l16_r4_c16_m3_w12g4_d32_s2_q2,387,4837,bf_det_k16_l16_r4_c16_m3_w16g0_d32_s2_q2,387,4823,1,1,0.000000e+00,1,0,1,0
16qam,64,16,2.500000e-01,5412,lut,421,bf_det_k16_l16_r4_c16_m4_w12g4_d64_s2_q2,92207,4741,bf_det_k16_l16_r4_c16_m4_w12g4_d32_s2_q2,91595,4741,1,1,6.680000e-01,1,0,0,0
16qam,64,16,2.500000e-01,5412,ff,422,bf_det_k16_l16_r4_c16_m3_w12g4_d32_s2_q2,60456,4837,bf_det_k16_l16_r4_c16_m3_w12g4_d32_s2_q2,60456,4837,1,1,0.000000e+00,1,1,1,0
16qam,64,16,2.500000e-01,5412,bram,423,bf_det_k16_l16_r16_c16_m4_w12g4_d32_s2_q2,59,3283,bf_det_k16_l16_r16_c16_m4_w12g4_d32_s2_q2,59,3283,1,1,0.000000e+00,1,1,1,0
16qam,64,16,2.500000e-01,8307,dsp,424,bf_det_k16_l16_r4_c16_m3_w12g4_d32_s2_q2,387,4837,bf_det_k16_l16_r4_c16_m3_w16g0_d32_s2_q2,387,4823,1,1,0.000000e+00,1,0,1,0
16qam,64,16,2.500000e-01,8307,lut,425,bf_det_k16_l16_r4_c16_m4_w12g4_d64_s2_q2,92207,4741,bf_det_k16_l16_r4_c16_m4_w12g4_d32_s2_q2,91595,4741,1,1,6.680000e-01,1,0,0,0
16qam,64,16,2.500000e-01,8307,ff,426,bf_det_k16_l16_r4_c16_m3_w12g4_d32_s2_q2,60456,4837,bf_det_k16_l16_r4_c16_m3_w12g4_d32_s2_q2,60456,4837,1,1,0.000000e+00,1,1,1,0
16qam,64,16,2.500000e-01,8307,bram,427,bf_det_k16_l16_r16_c16_m4_w12g4_d32_s2_q2,59,3283,bf_det_k16_l16_r16_c16_m4_w12g4_d32_s2_q2,59,3283,1,1,0.000000e+00,1,1,1,0
16qam,64,16,2.500000e-01,12749,dsp,428,bf_det_k16_l16_r1_c16_m3_w12g4_d32_s2_q2,243,10495,bf_det_k16_l16_r1_c16_m3_w14g4_d32_s2_q2,243,10399,1,1,0.000000e+00,1,0,1,0
16qam,64,16,2.500000e-01,12749,lut,429,bf_det_k16_l4_r16_c4_m4_w12g4_d64_s2_q2,43527,11689,bf_det_k16_l4_r16_c4_m4_w12g4_d32_s2_q2,42915,11689,1,1,1.426000e+00,1,0,0,0
16qam,64,16,2.500000e-01,12749,ff,430,bf_det_k16_l4_r16_c4_m3_w12g4_d32_s2_q2,27927,11737,bf_det_k16_l4_r16_c4_m3_w12g4_d32_s2_q2,27927,11737,1,1,0.000000e+00,1,1,1,0
16qam,64,16,2.500000e-01,12749,bram,431,bf_det_k16_l4_r16_c4_m4_w12g4_d32_s2_q2,51,11689,bf_det_k16_l4_r16_c4_m4_w12g4_d32_s2_q2,51,11689,1,1,0.000000e+00,1,1,1,0
16qam,64,16,2.500000e-01,19568,dsp,432,bf_det_k16_l4_r4_c4_m3_w12g4_d32_s2_q2,99,15949,bf_det_k16_l4_r4_c4_m3_w16g0_d32_s2_q2,99,15845,1,1,0.000000e+00,1,0,1,0
16qam,64,16,2.500000e-01,19568,lut,433,bf_det_k16_l4_r4_c4_m4_w12g4_d64_s2_q2,36070,15757,bf_det_k16_l4_r4_c4_m4_w12g4_d32_s2_q2,35458,15757,1,1,1.726000e+00,1,0,0,0
16qam,64,16,2.500000e-01,19568,ff,434,bf_det_k16_l4_r4_c4_m3_w12g4_d32_s2_q2,19633,15949,bf_det_k16_l4_r4_c4_m3_w12g4_d32_s2_q2,19633,15949,1,1,0.000000e+00,1,1,1,0
16qam,64,16,2.500000e-01,19568,bram,435,bf_det_k16_l4_r16_c4_m4_w12g4_d32_s2_q2,51,11689,bf_det_k16_l4_r16_c4_m4_w12g4_d32_s2_q2,51,11689,1,1,0.000000e+00,1,1,1,0
16qam,64,16,2.500000e-01,30033,dsp,436,bf_det_k16_l4_r1_c4_m3_w12g4_d32_s2_q2,66,23419,bf_det_k16_l4_r1_c4_m3_w16g0_d32_s2_q2,66,23315,1,1,0.000000e+00,1,0,1,0
16qam,64,16,2.500000e-01,30033,lut,437,bf_det_k16_l4_r1_c4_m4_w12g4_d64_s2_q2,34636,23407,bf_det_k16_l4_r1_c4_m4_w12g4_d32_s2_q2,34024,23407,1,1,1.799000e+00,1,0,0,0
16qam,64,16,2.500000e-01,30033,ff,438,bf_det_k16_l4_r1_c4_m3_w12g4_d32_s2_q2,18140,23419,bf_det_k16_l4_r1_c4_m3_w12g4_d32_s2_q2,18140,23419,1,1,0.000000e+00,1,1,1,0
16qam,64,16,2.500000e-01,30033,bram,439,bf_det_k16_l4_r16_c4_m4_w12g4_d32_s2_q2,51,11689,bf_det_k16_l4_r16_c4_m4_w12g4_d32_s2_q2,51,11689,1,1,0.000000e+00,1,1,1,0
16qam,64,16,2.500000e-01,46096,dsp,440,bf_det_k16_l4_r1_c4_m3_w12g4_d32_s2_q2,66,23419,bf_det_k16_l1_r4_c4_m3_w16g0_d32_s2_q2,63,43445,1,1,4.762000e+00,1,0,0,0
16qam,64,16,2.500000e-01,46096,lut,441,bf_det_k16_l1_r4_c4_m4_w12g4_d64_s2_q2,19694,43669,bf_det_k16_l1_r4_c4_m4_w12g4_d32_s2_q2,19048,43669,1,1,3.391000e+00,1,0,0,0
16qam,64,16,2.500000e-01,46096,ff,442,bf_det_k16_l1_r4_c4_m3_w12g4_d32_s2_q2,12365,43861,bf_det_k16_l1_r4_c4_m3_w12g4_d32_s2_q2,12365,43861,1,1,0.000000e+00,1,1,1,0
16qam,64,16,2.500000e-01,46096,bram,443,bf_det_k16_l1_r16_c4_m4_w12g4_d32_s2_q2,27,39457,bf_det_k16_l1_r16_c4_m4_w16g0_d32_s2_q2,27,39041,1,1,0.000000e+00,1,0,1,0
16qam,64,16,2.500000e-01,70749,dsp,444,bf_det_k16_l1_r1_c4_m3_w12g4_d32_s2_q2,27,60517,bf_det_k16_l1_r1_c4_m3_w16g0_d32_s2_q2,27,60101,1,1,0.000000e+00,1,0,1,0
16qam,64,16,2.500000e-01,70749,lut,445,bf_det_k16_l1_r1_c4_m4_w12g4_d64_s2_q2,17601,59749,bf_det_k16_l1_r1_c4_m4_w12g4_d32_s2_q2,16955,59749,1,1,3.810000e+00,1,0,0,0
16qam,64,16,2.500000e-01,70749,ff,446,bf_det_k16_l1_r1_c4_m3_w12g4_d32_s2_q2,10089,60517,bf_det_k16_l1_r1_c4_m3_w12g4_d32_s2_q2,10089,60517,1,1,0.000000e+00,1,1,1,0
16qam,64,16,2.500000e-01,70749,bram,447,bf_det_k16_l1_r16_c4_m4_w12g4_d32_s2_q2,27,39457,bf_det_k16_l1_r16_c4_m4_w16g0_d32_s2_q2,27,39041,1,1,0.000000e+00,1,0,1,0
16qam,64,16,5.000000e-01,2378,dsp,448,bf_det_k16_l16_r16_c16_m3_w12g4_d32_s2_q2,963,2233,bf_det_k16_l16_r16_c16_m3_w16g0_d32_s2_q2,963,2223,1,1,0.000000e+00,1,0,1,0
16qam,64,16,5.000000e-01,2378,lut,449,bf_det_k16_l16_r16_c16_m4_w12g4_d64_s2_q2,120229,2217,bf_det_k16_l16_r16_c16_m4_w12g4_d32_s2_q2,119617,2217,1,1,5.120000e-01,1,0,0,0
16qam,64,16,5.000000e-01,2378,ff,450,bf_det_k16_l16_r16_c16_m3_w12g4_d32_s2_q2,93299,2233,bf_det_k16_l16_r16_c16_m3_w12g4_d32_s2_q2,93299,2233,1,1,0.000000e+00,1,1,1,0
16qam,64,16,5.000000e-01,2378,bram,451,bf_det_k16_l16_r16_c16_m4_w12g4_d32_s2_q2,59,2217,bf_det_k16_l16_r16_c16_m4_w12g4_d32_s2_q2,59,2217,1,1,0.000000e+00,1,1,1,0
16qam,64,16,5.000000e-01,3648,dsp,452,bf_det_k16_l16_r4_c16_m3_w12g4_d32_s2_q2,387,3253,bf_det_k16_l16_r4_c16_m3_w16g0_d32_s2_q2,387,3243,1,1,0.000000e+00,1,0,1,0
16qam,64,16,5.000000e-01,3648,lut,453,bf_det_k16_l16_r4_c16_m4_w12g4_d64_s2_q2,92207,3189,bf_det_k16_l16_r4_c16_m4_w12g4_d32_s2_q2,91595,3189,1,1,6.680000e-01,1,0,0,0
16qam,64,16,5.000000e-01,3648,ff,454,bf_det_k16_l16_r4_c16_m3_w12g4_d32_s2_q2,60456,3253,bf_det_k16_l16_r4_c16_m3_w12g4_d32_s2_q2,60456,3253,1,1,0.000000e+00,1,1,1,0
16qam,64,16,5.000000e-01,3648,bram,455,bf_det_k16_l16_r16_c16_m4_w12g4_d32_s2_q2,59,2217,bf_det_k16_l16_r16_c16_m4_w12g4_d32_s2_q2,59,2217,1,1,0.000000e+00,1,1,1,0
16qam,64,16,5.000000e-01,5597,dsp,456,bf_det_k16_l16_r4_c16_m3_w12g4_d32_s2_q2,387,3253,bf_det_k16_l16_r4_c16_m3_w16g0_d32_s2_q2,387,3243,1,1,0.000000e+00,1,0,1,0
16qam,64,16,5.000000e-01,5597,lut,457,bf_det_k16_l16_r4_c16_m4_w12g4_d64_s2_q2,92207,3189,bf_det_k16_l16_r4_c16_m4_w12g4_d32_s2_q2,91595,3189,1,1,6.680000e-01,1,0,0,0
16qam,64,16,5.000000e-01,5597,ff,458,bf_det_k16_l16_r4_c16_m3_w12g4_d32_s2_q2,60456,3253,bf_det_k16_l16_r4_c16_m3_w12g4_d32_s2_q2,60456,3253,1,1,0.000000e+00,1,1,1,0
16qam,64,16,5.000000e-01,5597,bram,459,bf_det_k16_l16_r16_c16_m4_w12g4_d32_s2_q2,59,2217,bf_det_k16_l16_r16_c16_m4_w12g4_d32_s2_q2,59,2217,1,1,0.000000e+00,1,1,1,0
16qam,64,16,5.000000e-01,8585,dsp,460,bf_det_k16_l16_r1_c16_m3_w12g4_d32_s2_q2,243,7025,bf_det_k16_l16_r1_c16_m3_w14g4_d32_s2_q2,243,6961,1,1,0.000000e+00,1,0,1,0
16qam,64,16,5.000000e-01,8585,lut,461,bf_det_k16_l4_r16_c4_m4_w12g4_d64_s2_q2,43527,7899,bf_det_k16_l4_r16_c4_m4_w12g4_d32_s2_q2,42915,7899,1,1,1.426000e+00,1,0,0,0
16qam,64,16,5.000000e-01,8585,ff,462,bf_det_k16_l4_r16_c4_m3_w12g4_d32_s2_q2,27927,7931,bf_det_k16_l4_r16_c4_m3_w12g4_d32_s2_q2,27927,7931,1,1,0.000000e+00,1,1,1,0
16qam,64,16,5.000000e-01,8585,bram,463,bf_det_k16_l4_r16_c4_m4_w12g4_d32_s2_q2,51,7899,bf_det_k16_l4_r16_c4_m4_w12g4_d32_s2_q2,51,7899,1,1,0.000000e+00,1,1,1,0
16qam,64,16,5.000000e-01,13171,dsp,464,bf_det_k16_l4_r4_c4_m3_w12g4_d32_s2_q2,99,10739,bf_det_k16_l4_r4_c4_m3_w16g0_d32_s2_q2,99,10667,1,1,0.000000e+00,1,0,1,0
16qam,64,16,5.000000e-01,13171,lut,465,bf_det_k16_l4_r4_c4_m4_w12g4_d64_s2_q2,36070,10611,bf_det_k16_l4_r4_c4_m4_w12g4_d32_s2_q2,35458,10611,1,1,1.726000e+00,1,0,0,0
16qam,64,16,5.000000e-01,13171,ff,466,bf_det_k16_l4_r4_c4_m3_w12g4_d32_s2_q2,19633,10739,bf_det_k16_l4_r4_c4_m3_w12g4_d32_s2_q2,19633,10739,1,1,0.000000e+00,1,1,1,0
16qam,64,16,5.000000e-01,13171,bram,467,bf_det_k16_l4_r16_c4_m4_w12g4_d32_s2_q2,51,7899,bf_det_k16_l4_r16_c4_m4_w12g4_d32_s2_q2,51,7899,1,1,0.000000e+00,1,1,1,0
16qam,64,16,5.000000e-01,20204,dsp,468,bf_det_k16_l4_r1_c4_m3_w12g4_d32_s2_q2,66,15719,bf_det_k16_l4_r1_c4_m3_w16g0_d32_s2_q2,66,15647,1,1,0.000000e+00,1,0,1,0
16qam,64,16,5.000000e-01,20204,lut,469,bf_det_k16_l4_r1_c4_m4_w12g4_d64_s2_q2,34636,15711,bf_det_k16_l4_r1_c4_m4_w12g4_d32_s2_q2,34024,15711,1,1,1.799000e+00,1,0,0,0
16qam,64,16,5.000000e-01,20204,ff,470,bf_det_k16_l4_r1_c4_m3_w12g4_d32_s2_q2,18140,15719,bf_det_k16_l4_r1_c4_m3_w12g4_d32_s2_q2,18140,15719,1,1,0.000000e+00,1,1,1,0
16qam,64,16,5.000000e-01,20204,bram,471,bf_det_k16_l4_r16_c4_m4_w12g4_d32_s2_q2,51,7899,bf_det_k16_l4_r16_c4_m4_w12g4_d32_s2_q2,51,7899,1,1,0.000000e+00,1,1,1,0
16qam,64,16,5.000000e-01,30995,dsp,472,bf_det_k16_l4_r1_c4_m3_w12g4_d32_s2_q2,66,15719,bf_det_k16_l1_r4_c4_m3_w16g0_d32_s2_q2,63,29371,1,1,4.762000e+00,1,0,0,0
16qam,64,16,5.000000e-01,30995,lut,473,bf_det_k16_l1_r4_c4_m4_w12g4_d64_s2_q2,19694,29531,bf_det_k16_l1_r4_c4_m4_w12g4_d32_s2_q2,19048,29531,1,1,3.391000e+00,1,0,0,0
16qam,64,16,5.000000e-01,30995,ff,474,bf_det_k16_l1_r4_c4_m3_w12g4_d32_s2_q2,12365,29659,bf_det_k16_l1_r4_c4_m3_w12g4_d32_s2_q2,12365,29659,1,1,0.000000e+00,1,1,1,0
16qam,64,16,5.000000e-01,30995,bram,475,bf_det_k16_l1_r16_c4_m4_w12g4_d32_s2_q2,27,26723,bf_det_k16_l1_r16_c4_m4_w16g0_d32_s2_q2,27,26435,1,1,0.000000e+00,1,0,1,0
16qam,64,16,5.000000e-01,47548,dsp,476,bf_det_k16_l1_r1_c4_m3_w12g4_d32_s2_q2,27,40763,bf_det_k16_l1_r1_c4_m3_w16g0_d32_s2_q2,27,40475,1,1,0.000000e+00,1,0,1,0
16qam,64,16,5.000000e-01,47548,lut,477,bf_det_k16_l1_r1_c4_m4_w12g4_d64_s2_q2,17601,40251,bf_det_k16_l1_r1_c4_m4_w12g4_d32_s2_q2,16955,40251,1,1,3.810000e+00,1,0,0,0
16qam,64,16,5.000000e-01,47548,ff,478,bf_det_k16_l1_r1_c4_m3_w12g4_d32_s2_q2,10089,40763,bf_det_k16_l1_r1_c4_m3_w12g4_d32_s2_q2,10089,40763,1,1,0.000000e+00,1,1,1,0
16qam,64,16,5.000000e-01,47548,bram,479,bf_det_k16_l1_r16_c4_m4_w12g4_d32_s2_q2,27,26723,bf_det_k16_l1_r16_c4_m4_w16g0_d32_s2_q2,27,26435,1,1,0.000000e+00,1,0,1,0
16qam,64,16,1.000000e+00,2305,dsp,480,bf_det_k16_l16_r16_c16_m3_w14g0_d32_s2_q2,963,2161,bf_det_k16_l16_r16_c16_m4_w10g8_d32_s2_q2,851,2277,1,1,1.316100e+01,0,0,0,0
16qam,64,16,1.000000e+00,2305,lut,481,bf_det_k16_l16_r16_c16_m4_w12g4_d64_s2_q2,120229,2217,bf_det_k16_l16_r16_c16_m4_w12g4_d32_s2_q2,119617,2217,1,1,5.120000e-01,1,0,0,0
16qam,64,16,1.000000e+00,2305,ff,482,bf_det_k16_l16_r16_c16_m3_w12g4_d32_s2_q2,93299,2233,bf_det_k16_l16_r16_c16_m3_w10g8_d32_s2_q2,84412,2293,1,1,1.052800e+01,0,0,0,0
16qam,64,16,1.000000e+00,2305,bram,483,bf_det_k16_l16_r16_c16_m4_w12g4_d32_s2_q2,59,2217,bf_det_k16_l16_r16_c16_m4_w10g8_d32_s2_q2,49,2277,1,1,2.040800e+01,0,0,0,0
16qam,64,16,1.000000e+00,3552,dsp,484,bf_det_k16_l16_r4_c16_m4_w10g8_d32_s2_q2,275,3249,bf_det_k16_l16_r4_c16_m4_w10g8_d32_s2_q2,275,3249,1,1,0.000000e+00,1,1,1,0
16qam,64,16,1.000000e+00,3552,lut,485,bf_det_k16_l16_r4_c16_m4_w12g4_d64_s2_q2,92207,3189,bf_det_k16_l16_r4_c16_m4_w12g4_d32_s2_q2,91595,3189,1,1,6.680000e-01,1,0,0,0
16qam,64,16,1.000000e+00,3552,ff,486,bf_det_k16_l16_r4_c16_m3_w10g8_d32_s2_q2,56569,3313,bf_det_k16_l16_r4_c16_m3_w10g8_d32_s2_q2,56569,3313,1,1,0.000000e+00,1,1,1,0
16qam,64,16,1.000000e+00,3552,bram,487,bf_det_k16_l16_r16_c16_m4_w10g8_d32_s2_q2,49,2277,bf_det_k16_l16_r16_c16_m4_w10g8_d32_s2_q2,49,2277,1,1,0.000000e+00,1,1,1,0
16qam,64,16,1.000000e+00,5473,dsp,488,bf_det_k16_l16_r4_c16_m4_w10g8_d32_s2_q2,275,3249,bf_det_k16_l16_r4_c16_m4_w10g8_d32_s2_q2,275,3249,1,1,0.000000e+00,1,1,1,0
16qam,64,16,1.000000e+00,5473,lut,489,bf_det_k16_l16_r4_c16_m4_w12g4_d64_s2_q2,92207,3189,bf_det_k16_l16_r4_c16_m4_w12g4_d32_s2_q2,91595,3189,1,1,6.680000e-01,1,0,0,0
16qam,64,16,1.000000e+00,5473,ff,490,bf_det_k16_l16_r4_c16_m3_w10g8_d32_s2_q2,56569,3313,bf_det_k16_l16_r4_c16_m3_w10g8_d32_s2_q2,56569,3313,1,1,0.000000e+00,1,1,1,0
16qam,64,16,1.000000e+00,5473,bram,491,bf_det_k16_l16_r16_c16_m4_w10g8_d32_s2_q2,49,2277,bf_det_k16_l16_r16_c16_m4_w10g8_d32_s2_q2,49,2277,1,1,0.000000e+00,1,1,1,0
16qam,64,16,1.000000e+00,8434,dsp,492,bf_det_k16_l16_r1_c16_m4_w10g8_d32_s2_q2,131,6829,bf_det_k16_l16_r1_c16_m4_w10g8_d32_s2_q2,131,6829,1,1,0.000000e+00,1,1,1,0
16qam,64,16,1.000000e+00,8434,lut,493,bf_det_k16_l4_r16_c4_m4_w12g4_d64_s2_q2,43527,7899,bf_det_k16_l4_r16_c4_m4_w12g4_d32_s2_q2,42915,7899,1,1,1.426000e+00,1,0,0,0
16qam,64,16,1.000000e+00,8434,ff,494,bf_det_k16_l4_r16_c4_m3_w10g8_d32_s2_q2,25798,8135,bf_det_k16_l4_r16_c4_m3_w10g8_d32_s2_q2,25798,8135,1,1,0.000000e+00,1,1,1,0
16qam,64,16,1.000000e+00,8434,bram,495,bf_det_k16_l16_r16_c16_m4_w10g8_d32_s2_q2,49,2277,bf_det_k16_l16_r16_c16_m4_w10g8_d32_s2_q2,49,2277,1,1,0.000000e+00,1,1,1,0
16qam,64,16,1.000000e+00,12995,dsp,496,bf_det_k16_l4_r4_c4_m4_w10g8_d32_s2_q2,71,10815,bf_det_k16_l4_r4_c4_m4_w10g8_d32_s2_q2,71,10815,1,1,0.000000e+00,1,1,1,0
16qam,64,16,1.000000e+00,12995,lut,497,bf_det_k16_l4_r4_c4_m4_w12g4_d64_s2_q2,36070,10611,bf_det_k16_l4_r4_c4_m4_w12g4_d32_s2_q2,35458,10611,1,1,1.726000e+00,1,0,0,0
16qam,64,16,1.000000e+00,12995,ff,498,bf_det_k16_l4_r4_c4_m3_w10g8_d32_s2_q2,18762,10943,bf_det_k16_l4_r4_c4_m3_w10g8_d32_s2_q2,18762,10943,1,1,0.000000e+00,1,1,1,0
16qam,64,16,1.000000e+00,12995,bram,499,bf_det_k16_l16_r16_c16_m4_w10g8_d32_s2_q2,49,2277,bf_det_k16_l16_r16_c16_m4_w10g8_d32_s2_q2,49,2277,1,1,0.000000e+00,1,1,1,0
16qam,64,16,1.000000e+00,20025,dsp,500,bf_det_k16_l4_r1_c4_m4_w10g8_d32_s2_q2,38,15919,bf_det_k16_l4_r1_c4_m3_w10g8_d32_s2_q2,38,15919,1,1,0.000000e+00,1,0,1,0
16qam,64,16,1.000000e+00,20025,lut,501,bf_det_k16_l4_r1_c4_m4_w12g4_d64_s2_q2,34636,15711,bf_det_k16_l4_r1_c4_m4_w14g0_d32_s2_q2,34020,15439,1,1,1.811000e+00,1,0,0,0
16qam,64,16,1.000000e+00,20025,ff,502,bf_det_k16_l4_r1_c4_m3_w10g8_d32_s2_q2,17643,15919,bf_det_k16_l4_r1_c4_m3_w10g8_d32_s2_q2,17643,15919,1,1,0.000000e+00,1,1,1,0
16qam,64,16,1.000000e+00,20025,bram,503,bf_det_k16_l16_r16_c16_m4_w10g8_d32_s2_q2,49,2277,bf_det_k16_l16_r16_c16_m4_w10g8_d32_s2_q2,49,2277,1,1,0.000000e+00,1,1,1,0
16qam,64,16,1.000000e+00,30857,dsp,504,bf_det_k16_l4_r1_c4_m4_w10g8_d32_s2_q2,38,15919,bf_det_k16_l4_r1_c4_m3_w10g8_d32_s2_q2,38,15919,1,1,0.000000e+00,1,0,1,0
16qam,64,16,1.000000e+00,30857,lut,505,bf_det_k16_l1_r4_c4_m4_w12g4_d64_s2_q2,19694,29531,bf_det_k16_l1_r4_c4_m4_w12g4_d32_s2_q2,19048,29531,1,1,3.391000e+00,1,0,0,0
16qam,64,16,1.000000e+00,30857,ff,506,bf_det_k16_l1_r4_c4_m3_w10g8_d32_s2_q2,11917,30439,bf_det_k16_l1_r4_c4_m3_w10g8_d32_s2_q2,11917,30439,1,1,0.000000e+00,1,1,1,0
16qam,64,16,1.000000e+00,30857,bram,507,bf_det_k16_l1_r16_c4_m4_w14g0_d32_s2_q2,27,25683,bf_det_k16_l1_r16_c4_m4_w14g0_d32_s2_q2,27,25683,1,1,0.000000e+00,1,1,1,0
16qam,64,16,1.000000e+00,47548,dsp,508,bf_det_k16_l1_r1_c4_m4_w10g8_d32_s2_q2,20,41031,bf_det_k16_l1_r1_c4_m4_w10g8_d32_s2_q2,20,41031,1,1,0.000000e+00,1,1,1,0
16qam,64,16,1.000000e+00,47548,lut,509,bf_det_k16_l1_r1_c4_m4_w12g4_d64_s2_q2,17601,40251,bf_det_k16_l1_r1_c4_m4_w14g0_d32_s2_q2,16891,39211,1,1,4.203000e+00,1,0,0,0
16qam,64,16,1.000000e+00,47548,ff,510,bf_det_k16_l1_r1_c4_m3_w10g8_d32_s2_q2,9967,41543,bf_det_k16_l1_r1_c4_m3_w10g8_d32_s2_q2,9967,41543,1,1,0.000000e+00,1,1,1,0
16qam,64,16,1.000000e+00,47548,bram,511,bf_det_k16_l1_r16_c4_m4_w14g0_d32_s2_q2,27,25683,bf_det_k16_l1_r16_c4_m4_w14g0_d32_s2_q2,27,25683,1,1,0.000000e+00,1,1,1,0
16qam,128,4,2.500000e-01,753,dsp,512,bf_det_k4_l16_r4_c16_m3_w12g4_d32_s2_q2,387,727,bf_det_k4_l16_r4_c16_m4_w10g8_d32_s2_q2,275,749,1,1,4.072700e+01,0,0,0,0
16qam,128,4,2.500000e-01,753,lut,513,bf_det_k4_l16_r4_c16_m4_w12g4_d64_s2_q2,83358,719,bf_det_k4_l16_r4_c16_m4_w12g4_d32_s2_q2,82738,719,1,1,7.490000e-01,1,0,0,0
16qam,128,4,2.500000e-01,753,ff,514,bf_det_k4_l16_r4_c16_m3_w12g4_d32_s2_q2,55377,727,bf_det_k4_l16_r4_c16_m4_w10g8_d32_s2_q2,53725,749,1,1,3.075000e+00,1,0,0,0
16qam,128,4,2.500000e-01,753,bram,515,bf_det_k4_l16_r4_c16_m4_w12g4_d32_s2_q2,48,719,bf_det_k4_l16_r4_c16_m4_w10g8_d32_s2_q2,40,749,1,1,2.000000e+01,0,0,0,0
16qam,128,4,2.500000e-01,1112,dsp,516,bf_det_k4_l16_r1_c16_m4_w10g8_d32_s2_q2,131,1057,bf_det_k4_l16_r1_c16_m4_w10g8_d32_s2_q2,131,1057,1,1,0.000000e+00,1,1,1,0
16qam,128,4,2.500000e-01,1112,lut,517,bf_det_k4_l16_r1_c16_m4_w12g4_d64_s2_q2,76113,1027,bf_det_k4_l16_r1_c16_m4_w12g4_d32_s2_q2,75493,1027,1,1,8.210000e-01,1,0,0,0
16qam,128,4,2.500000e-01,1112,ff,518,bf_det_k4_l16_r1_c16_m3_w12g4_d32_s2_q2,46526,1059,bf_det_k4_l16_r1_c16_m3_w10g8_d32_s2_q2,44687,1089,1,1,4.115000e+00,1,0,0,0
16qam,128,4,2.500000e-01,1112,bram,519,bf_det_k4_l16_r4_c16_m4_w10g8_d32_s2_q2,40,749,bf_det_k4_l16_r4_c16_m4_w10g8_d32_s2_q2,40,749,1,1,0.000000e+00,1,1,1,0
16qam,128,4,2.500000e-01,1641,dsp,520,bf_det_k4_l16_r1_c16_m4_w10g8_d32_s2_q2,131,1057,bf_det_k4_l16_r1_c16_m4_w10g8_d32_s2_q2,131,1057,1,1,0.000000e+00,1,1,1,0
16qam,128,4,2.500000e-01,1641,lut,521,bf_det_k4_l16_r1_c16_m4_w12g4_d64_s2_q2,76113,1027,bf_det_k4_l16_r1_c16_m4_w12g4_d32_s2_q2,75493,1027,1,1,8.210000e-01,1,0,0,0
16qam,128,4,2.500000e-01,1641,ff,522,bf_det_k4_l16_r1_c16_m3_w12g4_d32_s2_q2,46526,1059,bf_det_k4_l16_r1_c16_m3_w10g8_d32_s2_q2,44687,1089,1,1,4.115000e+00,1,0,0,0
16qam,128,4,2.500000e-01,1641,bram,523,bf_det_k4_l16_r4_c16_m4_w10g8_d32_s2_q2,40,749,bf_det_k4_l16_r4_c16_m4_w10g8_d32_s2_q2,40,749,1,1,0.000000e+00,1,1,1,0
16qam,128,4,2.500000e-01,2422,dsp,524,bf_det_k4_l4_r1_c4_m4_w12g4_d32_s2_q2,70,2431,bf_det_k4_l4_r1_c4_m3_w16g0_d32_s2_q2,66,2411,1,1,6.061000e+00,1,0,0,0
16qam,128,4,2.500000e-01,2422,lut,525,bf_det_k4_l4_r1_c4_m4_w12g4_d64_s2_q2,28088,2431,bf_det_k4_l4_r4_c4_m4_w12g4_d32_s2_q2,28585,2333,1,1,-1.739000e+00,1,0,0,0
16qam,128,4,2.500000e-01,2422,ff,526,bf_det_k4_l4_r1_c4_m4_w12g4_d32_s2_q2,17178,2431,bf_det_k4_l4_r4_c4_m3_w12g4_d32_s2_q2,18532,2365,1,1,-7.306000e+00,1,0,0,0
16qam,128,4,2.500000e-01,2422,bram,527,bf_det_k4_l4_r4_c4_m4_w12g4_d32_s2_q2,16,2333,bf_det_k4_l4_r4_c4_m4_w12g4_d32_s2_q2,16,2333,1,1,0.000000e+00,1,1,1,0
16qam,128,4,2.500000e-01,3575,dsp,528,bf_det_k4_l4_r1_c4_m4_w10g8_d32_s2_q2,38,2533,bf_det_k4_l4_r1_c4_m4_w10g8_d32_s2_q2,38,2533,1,1,0.000000e+00,1,1,1,0
16qam,128,4,2.500000e-01,3575,lut,529,bf_det_k4_l4_r1_c4_m4_w12g4_d64_s2_q2,28088,2431,bf_det_k4_l4_r1_c4_m4_w12g4_d32_s2_q2,27468,2431,1,1,2.257000e+00,1,0,0,0
16qam,128,4,2.500000e-01,3575,ff,530,bf_det_k4_l4_r1_c4_m3_w10g8_d32_s2_q2,16803,2535,bf_det_k4_l4_r1_c4_m4_w10g8_d32_s2_q2,16773,2533,1,1,1.790000e-01,1,0,0,0
16qam,128,4,2.500000e-01,3575,bram,531,bf_det_k4_l4_r4_c4_m4_w12g4_d32_s2_q2,16,2333,bf_det_k4_l4_r4_c4_m4_w12g4_d32_s2_q2,16,2333,1,1,0.000000e+00,1,1,1,0
16qam,128,4,2.500000e-01,5277,dsp,532,bf_det_k4_l4_r1_c4_m4_w10g8_d32_s2_q2,38,2533,bf_det_k4_l4_r1_c4_m4_w10g8_d32_s2_q2,38,2533,1,1,0.000000e+00,1,1,1,0
16qam,128,4,2.500000e-01,5277,lut,533,bf_det_k4_l4_r1_c4_m4_w12g4_d64_s2_q2,28088,2431,bf_det_k4_l4_r1_c4_m4_w12g4_d32_s2_q2,27468,2431,1,1,2.257000e+00,1,0,0,0
16qam,128,4,2.500000e-01,5277,ff,534,bf_det_k4_l4_r1_c4_m3_w10g8_d32_s2_q2,16803,2535,bf_det_k4_l4_r1_c4_m4_w10g8_d32_s2_q2,16773,2533,1,1,1.790000e-01,1,0,0,0
16qam,128,4,2.500000e-01,5277,bram,535,bf_det_k4_l4_r4_c4_m4_w12g4_d32_s2_q2,16,2333,bf_det_k4_l4_r4_c4_m4_w12g4_d32_s2_q2,16,2333,1,1,0.000000e+00,1,1,1,0
16qam,128,4,2.500000e-01,7789,dsp,536,bf_det_k4_l4_r1_c4_m4_w10g8_d32_s2_q2,38,2533,bf_det_k4_l4_r1_c4_m4_w10g8_d32_s2_q2,38,2533,1,1,0.000000e+00,1,1,1,0
16qam,128,4,2.500000e-01,7789,lut,537,bf_det_k4_l4_r1_c4_m4_w12g4_d64_s2_q2,28088,2431,bf_det_k4_l4_r1_c4_m4_w12g4_d32_s2_q2,27468,2431,1,1,2.257000e+00,1,0,0,0
16qam,128,4,2.500000e-01,7789,ff,538,bf_det_k4_l4_r1_c4_m3_w10g8_d32_s2_q2,16803,2535,bf_det_k4_l4_r1_c4_m4_w10g8_d32_s2_q2,16773,2533,1,1,1.790000e-01,1,0,0,0
16qam,128,4,2.500000e-01,7789,bram,539,bf_det_k4_l4_r4_c4_m4_w12g4_d32_s2_q2,16,2333,bf_det_k4_l4_r4_c4_m4_w12g4_d32_s2_q2,16,2333,1,1,0.000000e+00,1,1,1,0
16qam,128,4,2.500000e-01,11497,dsp,540,bf_det_k4_l1_r1_c4_m4_w10g8_d32_s2_q2,20,9255,bf_det_k4_l1_r1_c4_m4_w10g8_d32_s2_q2,20,9255,1,1,0.000000e+00,1,1,1,0
16qam,128,4,2.500000e-01,11497,lut,541,bf_det_k4_l1_r1_c4_m4_w12g4_d64_s2_q2,15481,8865,bf_det_k4_l1_r1_c4_m4_w12g4_d32_s2_q2,14827,8865,1,1,4.411000e+00,1,0,0,0
16qam,128,4,2.500000e-01,11497,ff,542,bf_det_k4_l1_r1_c4_m3_w10g8_d32_s2_q2,9691,9383,bf_det_k4_l1_r1_c4_m3_w10g8_d32_s2_q2,9691,9383,1,1,0.000000e+00,1,1,1,0
16qam,128,4,2.500000e-01,11497,bram,543,bf_det_k4_l1_r4_c4_m4_w12g4_d32_s2_q2,14,8197,bf_det_k4_l1_r4_c4_m4_w12g4_d32_s2_q2,14,8197,1,1,0.000000e+00,1,1,1,0
16qam,128,4,5.000000e-01,753,dsp,544,bf_det_k4_l16_r4_c16_m3_w12g4_d32_s2_q2,387,727,bf_det_k4_l16_r4_c16_m4_w10g8_d32_s2_q2,275,749,1,1,4.072700e+01,0,0,0,0
16qam,128,4,5.000000e-01,753,lut,545,bf_det_k4_l16_r4_c16_m4_w12g4_d64_s2_q2,83358,719,bf_det_k4_l16_r4_c16_m4_w12g4_d32_s2_q2,82738,719,1,1,7.490000e-01,1,0,0,0
16qam,128,4,5.000000e-01,753,ff,546,bf_det_k4_l16_r4_c16_m3_w12g4_d32_s2_q2,55377,727,bf_det_k4_l16_r4_c16_m4_w10g8_d32_s2_q2,53725,749,1,1,3.075000e+00,1,0,0,0
16qam,128,4,5.000000e-01,753,bram,547,bf_det_k4_l16_r4_c16_m4_w12g4_d32_s2_q2,48,719,bf_det_k4_l16_r4_c16_m4_w10g8_d32_s2_q2,40,749,1,1,2.000000e+01,0,0,0,0
16qam,128,4,5.000000e-01,1132,dsp,548,bf_det_k4_l16_r1_c16_m4_w10g8_d32_s2_q2,131,1057,bf_det_k4_l16_r1_c16_m4_w10g8_d32_s2_q2,131,1057,1,1,0.000000e+00,1,1,1,0
16qam,128,4,5.000000e-01,1132,lut,549,bf_det_k4_l16_r1_c16_m4_w12g4_d64_s2_q2,76113,1027,bf_det_k4_l16_r1_c16_m4_w12g4_d32_s2_q2,75493,1027,1,1,8.210000e-01,1,0,0,0
16qam,128,4,5.000000e-01,1132,ff,550,bf_det_k4_l16_r1_c16_m3_w12g4_d32_s2_q2,46526,1059,bf_det_k4_l16_r1_c16_m3_w10g8_d32_s2_q2,44687,1089,1,1,4.115000e+00,1,0,0,0
16qam,128,4,5.000000e-01,1132,bram,551,bf_det_k4_l16_r4_c16_m4_w10g8_d32_s2_q2,40,749,bf_det_k4_l16_r4_c16_m4_w10g8_d32_s2_q2,40,749,1,1,0.000000e+00,1,1,1,0
16qam,128,4,5.000000e-01,1701,dsp,552,bf_det_k4_l16_r1_c16_m4_w10g8_d32_s2_q2,131,1057,bf_det_k4_l16_r1_c16_m4_w10g8_d32_s2_q2,131,1057,1,1,0.000000e+00,1,1,1,0
16qam,128,4,5.000000e-01,1701,lut,553,bf_det_k4_l16_r1_c16_m4_w12g4_d64_s2_q2,76113,1027,bf_det_k4_l16_r1_c16_m4_w12g4_d32_s2_q2,75493,1027,1,1,8.210000e-01,1,0,0,0
16qam,128,4,5.000000e-01,1701,ff,554,bf_det_k4_l16_r1_c16_m3_w10g4_d32_s2_q2,41722,1510,bf_det_k4_l16_r1_c16_m3_w10g4_d32_s2_q2,41722,1510,1,1,0.000000e+00,1,1,1,0
16qam,128,4,5.000000e-01,1701,bram,555,bf_det_k4_l16_r4_c16_m4_w10g8_d32_s2_q2,40,749,bf_det_k4_l16_r4_c16_m4_w10g8_d32_s2_q2,40,749,1,1,0.000000e+00,1,1,1,0
16qam,128,4,5.000000e-01,2555,dsp,556,bf_det_k4_l4_r1_c4_m4_w10g8_d32_s2_q2,38,2533,bf_det_k4_l4_r1_c4_m4_w10g8_d32_s2_q2,38,2533,1,1,0.000000e+00,1,1,1,0
16qam,128,4,5.000000e-01,2555,lut,557,bf_det_k4_l4_r1_c4_m4_w12g4_d64_s2_q2,28088,2431,bf_det_k4_l4_r1_c4_m4_w12g4_d32_s2_q2,27468,2431,1,1,2.257000e+00,1,0,0,0
16qam,128,4,5.000000e-01,2555,ff,558,bf_det_k4_l4_r1_c4_m3_w12g4_d32_s2_q2,17188,2433,bf_det_k4_l4_r1_c4_m4_w10g8_d32_s2_q2,16773,2533,1,1,2.474000e+00,1,0,0,0
16qam,128,4,5.000000e-01,2555,bram,559,bf_det_k4_l4_r4_c4_m4_w12g4_d32_s2_q2,16,2333,bf_det_k4_l4_r4_c4_m4_w12g4_d32_s2_q2,16,2333,1,1,0.000000e+00,1,1,1,0
16qam,128,4,5.000000e-01,3839,dsp,560,bf_det_k4_l4_r1_c4_m4_w10g8_d32_s2_q2,38,2533,bf_det_k4_l4_r1_c4_m4_w10g8_d32_s2_q2,38,2533,1,1,0.000000e+00,1,1,1,0
16qam,128,4,5.000000e-01,3839,lut,561,bf_det_k4_l4_r1_c4_m4_w12g4_d64_s2_q2,28088,2431,bf_det_k4_l4_r1_c4_m4_w12g4_d32_s2_q2,27468,2431,1,1,2.257000e+00,1,0,0,0
16qam,128,4,5.000000e-01,3839,ff,562,bf_det_k4_l4_r1_c4_m3_w10g4_d32_s2_q2,16046,3382,bf_det_k4_l4_r1_c4_m4_w10g4_d32_s2_q2,16016,3379,1,1,1.870000e-01,1,0,0,0
16qam,128,4,5.000000e-01,3839,bram,563,bf_det_k4_l4_r4_c4_m4_w12g4_d32_s2_q2,16,2333,bf_det_k4_l4_r4_c4_m4_w12g4_d32_s2_q2,16,2333,1,1,0.000000e+00,1,1,1,0
16qam,128,4,5.000000e-01,5768,dsp,564,bf_det_k4_l4_r1_c4_m4_w10g8_d32_s2_q2,38,2533,bf_det_k4_l4_r1_c4_m4_w10g8_d32_s2_q2,38,2533,1,1,0.000000e+00,1,1,1,0
16qam,128,4,5.000000e-01,5768,lut,565,bf_det_k4_l4_r1_c4_m4_w12g4_d64_s2_q2,28088,2431,bf_det_k4_l4_r1_c4_m4_w12g4_d32_s2_q2,27468,2431,1,1,2.257000e+00,1,0,0,0
16qam,128,4,5.000000e-01,5768,ff,566,bf_det_k4_l4_r1_c4_m3_w10g4_d32_s2_q2,16046,3382,bf_det_k4_l4_r1_c4_m4_w10g4_d32_s2_q2,16016,3379,1,1,1.870000e-01,1,0,0,0
16qam,128,4,5.000000e-01,5768,bram,567,bf_det_k4_l4_r4_c4_m4_w12g4_d32_s2_q2,16,2333,bf_det_k4_l4_r4_c4_m4_w12g4_d32_s2_q2,16,2333,1,1,0.000000e+00,1,1,1,0
16qam,128,4,5.000000e-01,8666,dsp,568,bf_det_k4_l4_r1_c4_m4_w10g8_d32_s2_q2,38,2533,bf_det_k4_l4_r1_c4_m4_w10g8_d32_s2_q2,38,2533,1,1,0.000000e+00,1,1,1,0
16qam,128,4,5.000000e-01,8666,lut,569,bf_det_k4_l1_r4_c4_m4_w12g4_d64_s2_q2,17360,8197,bf_det_k4_l1_r4_c4_m4_w12g4_d32_s2_q2,16706,8197,1,1,3.915000e+00,1,0,0,0
16qam,128,4,5.000000e-01,8666,ff,570,bf_det_k4_l1_r4_c4_m3_w10g8_d32_s2_q2,11567,8619,bf_det_k4_l1_r4_c4_m3_w10g8_d32_s2_q2,11567,8619,1,1,0.000000e+00,1,1,1,0
16qam,128,4,5.000000e-01,8666,bram,571,bf_det_k4_l1_r4_c4_m4_w12g4_d32_s2_q2,14,8197,bf_det_k4_l1_r4_c4_m4_w12g4_d32_s2_q2,14,8197,1,1,0.000000e+00,1,1,1,0
16qam,128,4,5.000000e-01,13021,dsp,572,bf_det_k4_l1_r1_c4_m4_w10g8_d32_s2_q2,20,9255,bf_det_k4_l1_r1_c4_m4_w10g8_d32_s2_q2,20,9255,1,1,0.000000e+00,1,1,1,0
16qam,128,4,5.000000e-01,13021,lut,573,bf_det_k4_l1_r1_c4_m4_w12g4_d64_s2_q2,15481,8865,bf_det_k4_l1_r1_c4_m4_w14g0_d32_s2_q2,14774,12370,1,1,4.785000e+00,1,0,0,0
16qam,128,4,5.000000e-01,13021,ff,574,bf_det_k4_l1_r1_c4_m3_w10g4_d32_s2_q2,9486,12466,bf_det_k4_l1_r1_c4_m3_w10g4_d32_s2_q2,9486,12466,1,1,0.000000e+00,1,1,1,0
16qam,128,4,5.000000e-01,13021,bram,575,bf_det_k4_l1_r4_c4_m4_w12g4_d32_s2_q2,14,8197,bf_det_k4_l1_r4_c4_m4_w12g4_d32_s2_q2,14,8197,1,1,0.000000e+00,1,1,1,0
16qam,128,4,1.000000e+00,710,dsp,288,bf_det_k4_l16_r4_c16_m4_w10g4_d32_s2_q2,275,679,bf_det_k4_l16_r4_c16_m4_w10g4_d32_s2_q2,275,679,1,1,0.000000e+00,1,1,1,0
16qam,128,4,1.000000e+00,710,lut,289,bf_det_k4_l16_r4_c16_m4_w14g0_d64_s2_q2,84673,687,bf_det_k4_l16_r4_c16_m4_w14g0_d32_s2_q2,84021,687,1,1,7.760000e-01,1,0,0,0
16qam,128,4,1.000000e+00,710,ff,290,bf_det_k4_l16_r4_c16_m3_w10g4_d32_s2_q2,49221,687,bf_det_k4_l16_r4_c16_m3_w10g4_d32_s2_q2,49221,687,1,1,0.000000e+00,1,1,1,0
16qam,128,4,1.000000e+00,710,bram,291,bf_det_k4_l16_r4_c16_m4_w10g4_d32_s2_q2,40,679,bf_det_k4_l16_r4_c16_m4_w10g4_d32_s2_q2,40,679,1,1,0.000000e+00,1,1,1,0
16qam,128,4,1.000000e+00,1057,dsp,292,bf_det_k4_l16_r1_c16_m4_w10g4_d32_s2_q2,131,987,bf_det_k4_l16_r1_c16_m4_w10g4_d32_s2_q2,131,987,1,1,0.000000e+00,1,1,1,0
16qam,128,4,1.000000e+00,1057,lut,293,bf_det_k4_l16_r1_c16_m4_w14g0_d64_s2_q2,77049,989,bf_det_k4_l16_r1_c16_m4_w12g4_d32_s2_q2,75493,1027,1,1,2.061000e+00,1,0,0,0
16qam,128,4,1.000000e+00,1057,ff,294,bf_det_k4_l16_r1_c16_m4_w10g4_d32_s2_q2,41862,987,bf_det_k4_l16_r1_c16_m3_w10g4_d32_s2_q2,41722,1019,1,1,3.360000e-01,1,0,0,0
16qam,128,4,1.000000e+00,1057,bram,295,bf_det_k4_l16_r4_c16_m4_w10g4_d32_s2_q2,40,679,bf_det_k4_l16_r4_c16_m4_w10g4_d32_s2_q2,40,679,1,1,0.000000e+00,1,1,1,0
16qam,128,4,1.000000e+00,1573,dsp,296,bf_det_k4_l16_r1_c16_m4_w10g4_d32_s2_q2,131,987,bf_det_k4_l16_r1_c16_m4_w10g4_d32_s2_q2,131,987,1,1,0.000000e+00,1,1,1,0
16qam,128,4,1.000000e+00,1573,lut,297,bf_det_k4_l16_r1_c16_m4_w12g4_d64_s2_q2,76113,1027,bf_det_k4_l16_r1_c16_m4_w12g4_d32_s2_q2,75493,1027,1,1,8.210000e-01,1,0,0,0
16qam,128,4,1.000000e+00,1573,ff,298,bf_det_k4_l16_r1_c16_m3_w10g4_d32_s2_q2,41722,1019,bf_det_k4_l16_r1_c16_m3_w10g4_d32_s2_q2,41722,1019,1,1,0.000000e+00,1,1,1,0
16qam,128,4,1.000000e+00,1573,bram,299,bf_det_k4_l16_r4_c16_m4_w10g4_d32_s2_q2,40,679,bf_det_k4_l16_r4_c16_m4_w10g4_d32_s2_q2,40,679,1,1,0.000000e+00,1,1,1,0
16qam,128,4,1.000000e+00,2341,dsp,300,bf_det_k4_l4_r1_c4_m4_w10g4_d32_s2_q2,38,2295,bf_det_k4_l4_r1_c4_m4_w10g4_d32_s2_q2,38,2295,1,1,0.000000e+00,1,1,1,0
16qam,128,4,1.000000e+00,2341,lut,301,bf_det_k4_l4_r1_c4_m4_w14g0_d64_s2_q2,28258,2311,bf_det_k4_l4_r1_c4_m4_w14g0_d32_s2_q2,27606,2311,1,1,2.362000e+00,1,0,0,0
16qam,128,4,1.000000e+00,2341,ff,302,bf_det_k4_l4_r1_c4_m4_w10g4_d32_s2_q2,16016,2295,bf_det_k4_l4_r1_c4_m4_w10g4_d32_s2_q2,16016,2295,1,1,0.000000e+00,1,1,1,0
16qam,128,4,1.000000e+00,2341,bram,303,bf_det_k4_l4_r4_c4_m4_w10g4_d32_s2_q2,16,2197,bf_det_k4_l4_r4_c4_m4_w10g4_d32_s2_q2,16,2197,1,1,0.000000e+00,1,1,1,0
16qam,128,4,1.000000e+00,3485,dsp,304,bf_det_k4_l4_r1_c4_m4_w10g4_d32_s2_q2,38,2295,bf_det_k4_l4_r1_c4_m4_w10g4_d32_s2_q2,38,2295,1,1,0.000000e+00,1,1,1,0
16qam,128,4,1.000000e+00,3485,lut,305,bf_det_k4_l4_r1_c4_m4_w12g4_d64_s2_q2,28088,2431,bf_det_k4_l4_r1_c4_m4_w12g4_d32_s2_q2,27468,2431,1,1,2.257000e+00,1,0,0,0
16qam,128,4,1.000000e+00,3485,ff,306,bf_det_k4_l4_r1_c4_m3_w10g4_d32_s2_q2,16046,2297,bf_det_k4_l4_r1_c4_m4_w10g4_d32_s2_q2,16016,2295,1,1,1.870000e-01,1,0,0,0
16qam,128,4,1.000000e+00,3485,bram,307,bf_det_k4_l4_r4_c4_m4_w10g4_d32_s2_q2,16,2197,bf_det_k4_l4_r4_c4_m4_w10g4_d32_s2_q2,16,2197,1,1,0.000000e+00,1,1,1,0
16qam,128,4,1.000000e+00,5188,dsp,308,bf_det_k4_l4_r1_c4_m4_w10g4_d32_s2_q2,38,2295,bf_det_k4_l4_r1_c4_m4_w10g4_d32_s2_q2,38,2295,1,1,0.000000e+00,1,1,1,0
16qam,128,4,1.000000e+00,5188,lut,309,bf_det_k4_l4_r1_c4_m4_w12g4_d64_s2_q2,28088,2431,bf_det_k4_l4_r1_c4_m4_w12g4_d32_s2_q2,27468,2431,1,1,2.257000e+00,1,0,0,0
16qam,128,4,1.000000e+00,5188,ff,310,bf_det_k4_l4_r1_c4_m3_w10g4_d32_s2_q2,16046,2297,bf_det_k4_l4_r1_c4_m4_w10g4_d32_s2_q2,16016,2295,1,1,1.870000e-01,1,0,0,0
16qam,128,4,1.000000e+00,5188,bram,311,bf_det_k4_l4_r4_c4_m4_w10g4_d32_s2_q2,16,2197,bf_det_k4_l4_r4_c4_m4_w10g4_d32_s2_q2,16,2197,1,1,0.000000e+00,1,1,1,0
16qam,128,4,1.000000e+00,7723,dsp,312,bf_det_k4_l4_r1_c4_m4_w10g4_d32_s2_q2,38,2295,bf_det_k4_l4_r1_c4_m4_w10g4_d32_s2_q2,38,2295,1,1,0.000000e+00,1,1,1,0
16qam,128,4,1.000000e+00,7723,lut,313,bf_det_k4_l1_r4_c4_m4_w14g0_d64_s2_q2,17453,7693,bf_det_k4_l1_r4_c4_m4_w14g0_d32_s2_q2,16767,7693,1,1,4.091000e+00,1,0,0,0
16qam,128,4,1.000000e+00,7723,ff,314,bf_det_k4_l1_r4_c4_m3_w10g4_d32_s2_q2,11362,7709,bf_det_k4_l1_r4_c4_m3_w10g4_d32_s2_q2,11362,7709,1,1,0.000000e+00,1,1,1,0
16qam,128,4,1.000000e+00,7723,bram,315,bf_det_k4_l1_r4_c4_m4_w10g4_d32_s2_q2,14,7677,bf_det_k4_l1_r4_c4_m4_w10g4_d32_s2_q2,14,7677,1,1,0.000000e+00,1,1,1,0
16qam,128,4,1.000000e+00,11497,dsp,316,bf_det_k4_l1_r1_c4_m4_w10g4_d32_s2_q2,20,8345,bf_det_k4_l1_r1_c4_m4_w10g4_d32_s2_q2,20,8345,1,1,0.000000e+00,1,1,1,0
16qam,128,4,1.000000e+00,11497,lut,317,bf_det_k4_l1_r1_c4_m4_w12g4_d64_s2_q2,15481,8865,bf_det_k4_l1_r1_c4_m4_w14g0_d32_s2_q2,14774,8409,1,1,4.785000e+00,1,0,0,0
16qam,128,4,1.000000e+00,11497,ff,318,bf_det_k4_l1_r1_c4_m3_w10g4_d32_s2_q2,9486,8473,bf_det_k4_l1_r1_c4_m3_w10g4_d32_s2_q2,9486,8473,1,1,0.000000e+00,1,1,1,0
16qam,128,4,1.000000e+00,11497,bram,319,bf_det_k4_l1_r4_c4_m4_w10g4_d32_s2_q2,14,7677,bf_det_k4_l1_r4_c4_m4_w10g4_d32_s2_q2,14,7677,1,1,0.000000e+00,1,1,1,0
16qam,128,8,2.500000e-01,1345,dsp,576,bf_det_k8_l16_r8_c16_m4_w10g8_d32_s2_q2,467,1313,bf_det_k8_l16_r8_c16_m4_w10g8_d32_s2_q2,467,1313,1,1,0.000000e+00,1,1,1,0
16qam,128,8,2.500000e-01,1345,lut,577,bf_det_k8_l16_r8_c16_m4_w12g4_d64_s2_q2,96158,1268,bf_det_k8_l16_r8_c16_m4_w12g4_d32_s2_q2,95545,1268,1,1,6.420000e-01,1,0,0,0
16qam,128,8,2.500000e-01,1345,ff,578,bf_det_k8_l16_r8_c16_m3_w12g4_d32_s2_q2,67761,1280,bf_det_k8_l16_r8_c16_m3_w10g8_d32_s2_q2,62698,1325,1,1,8.075000e+00,1,0,0,0
16qam,128,8,2.500000e-01,1345,bram,579,bf_det_k8_l16_r8_c16_m4_w10g8_d32_s2_q2,49,1313,bf_det_k8_l16_r8_c16_m4_w10g8_d32_s2_q2,49,1313,1,1,0.000000e+00,1,1,1,0
16qam,128,8,2.500000e-01,2012,dsp,580,bf_det_k8_l16_r4_c16_m4_w10g8_d32_s2_q2,275,1499,bf_det_k8_l16_r4_c16_m4_w10g8_d32_s2_q2,275,1499,1,1,0.000000e+00,1,1,1,0
16qam,128,8,2.500000e-01,2012,lut,581,bf_det_k8_l16_r4_c16_m4_w12g4_d64_s2_q2,86720,1454,bf_det_k8_l16_r4_c16_m4_w12g4_d32_s2_q2,86107,1454,1,1,7.120000e-01,1,0,0,0
16qam,128,8,2.500000e-01,2012,ff,582,bf_det_k8_l16_r4_c16_m3_w10g8_d32_s2_q2,53494,1523,bf_det_k8_l16_r4_c16_m3_w10g8_d32_s2_q2,53494,1523,1,1,0.000000e+00,1,1,1,0
16qam,128,8,2.500000e-01,2012,bram,583,bf_det_k8_l16_r8_c16_m4_w10g8_d32_s2_q2,49,1313,bf_det_k8_l16_r8_c16_m4_w10g8_d32_s2_q2,49,1313,1,1,0.000000e+00,1,1,1,0
16qam,128,8,2.500000e-01,3009,dsp,584,bf_det_k8_l16_r1_c16_m4_w10g8_d32_s2_q2,131,2567,bf_det_k8_l16_r1_c16_m4_w10g8_d32_s2_q2,131,2567,1,1,0.000000e+00,1,1,1,0
16qam,128,8,2.500000e-01,3009,lut,585,bf_det_k8_l16_r1_c16_m4_w12g4_d64_s2_q2,79317,2522,bf_det_k8_l16_r1_c16_m4_w12g4_d32_s2_q2,78704,2522,1,1,7.790000e-01,1,0,0,0
16qam,128,8,2.500000e-01,3009,ff,586,bf_det_k8_l16_r1_c16_m3_w12g4_d32_s2_q2,47874,2618,bf_det_k8_l16_r1_c16_m3_w10g8_d32_s2_q2,45843,2663,1,1,4.430000e+00,1,0,0,0
16qam,128,8,2.500000e-01,3009,bram,587,bf_det_k8_l16_r8_c16_m4_w10g8_d32_s2_q2,49,1313,bf_det_k8_l16_r8_c16_m4_w10g8_d32_s2_q2,49,1313,1,1,0.000000e+00,1,1,1,0
16qam,128,8,2.500000e-01,4501,dsp,588,bf_det_k8_l4_r8_c4_m4_w10g8_d32_s2_q2,119,4445,bf_det_k8_l4_r8_c4_m4_w10g8_d32_s2_q2,119,4445,1,1,0.000000e+00,1,1,1,0
16qam,128,8,2.500000e-01,4501,lut,589,bf_det_k8_l4_r8_c4_m4_w12g4_d64_s2_q2,35303,4292,bf_det_k8_l4_r8_c4_m4_w12g4_d32_s2_q2,34690,4292,1,1,1.767000e+00,1,0,0,0
16qam,128,8,2.500000e-01,4501,ff,590,bf_det_k8_l4_r8_c4_m3_w12g4_d32_s2_q2,21753,4340,bf_det_k8_l4_r8_c4_m3_w10g8_d32_s2_q2,20704,4493,1,1,5.067000e+00,1,0,0,0
16qam,128,8,2.500000e-01,4501,bram,591,bf_det_k8_l4_r8_c4_m4_w12g4_d32_s2_q2,19,4292,bf_det_k8_l4_r8_c4_m4_w12g4_d32_s2_q2,19,4292,1,1,0.000000e+00,1,1,1,0
16qam,128,8,2.500000e-01,6733,dsp,592,bf_det_k8_l4_r1_c4_m4_w10g8_d32_s2_q2,38,5723,bf_det_k8_l4_r1_c4_m3_w10g8_d32_s2_q2,38,5723,1,1,0.000000e+00,1,0,1,0
16qam,128,8,2.500000e-01,6733,lut,593,bf_det_k8_l4_r1_c4_m4_w12g4_d64_s2_q2,31319,5570,bf_det_k8_l4_r1_c4_m3_w12g4_d32_s2_q2,30602,5573,1,1,2.343000e+00,1,0,0,0
16qam,128,8,2.500000e-01,6733,ff,594,bf_det_k8_l4_r1_c4_m3_w10g8_d32_s2_q2,17299,5723,bf_det_k8_l4_r1_c4_m3_w10g8_d32_s2_q2,17299,5723,1,1,0.000000e+00,1,1,1,0
16qam,128,8,2.500000e-01,6733,bram,595,bf_det_k8_l4_r8_c4_m4_w12g4_d32_s2_q2,19,4292,bf_det_k8_l4_r8_c4_m4_w12g4_d32_s2_q2,19,4292,1,1,0.000000e+00,1,1,1,0
16qam,128,8,2.500000e-01,10071,dsp,596,bf_det_k8_l4_r1_c4_m4_w10g8_d32_s2_q2,38,5723,bf_det_k8_l4_r1_c4_m3_w10g8_d32_s2_q2,38,5723,1,1,0.000000e+00,1,0,1,0
16qam,128,8,2.500000e-01,10071,lut,597,bf_det_k8_l4_r1_c4_m4_w12g4_d64_s2_q2,31319,5570,bf_det_k8_l4_r1_c4_m3_w12g4_d32_s2_q2,30602,5573,1,1,2.343000e+00,1,0,0,0
16qam,128,8,2.500000e-01,10071,ff,598,bf_det_k8_l4_r1_c4_m3_w10g8_d32_s2_q2,17299,5723,bf_det_k8_l4_r1_c4_m3_w10g8_d32_s2_q2,17299,5723,1,1,0.000000e+00,1,1,1,0
16qam,128,8,2.500000e-01,10071,bram,599,bf_det_k8_l4_r8_c4_m4_w12g4_d32_s2_q2,19,4292,bf_det_k8_l4_r8_c4_m4_w12g4_d32_s2_q2,19,4292,1,1,0.000000e+00,1,1,1,0
16qam,128,8,2.500000e-01,15065,dsp,600,bf_det_k8_l4_r1_c4_m4_w10g8_d32_s2_q2,38,5723,bf_det_k8_l4_r1_c4_m3_w10g8_d32_s2_q2,38,5723,1,1,0.000000e+00,1,0,1,0
16qam,128,8,2.500000e-01,15065,lut,601,bf_det_k8_l1_r4_c4_m4_w12g4_d64_s2_q2,18241,15266,bf_det_k8_l1_r8_c4_m4_w12g4_d32_s2_q2,20102,14804,1,1,-9.258000e+00,1,0,0,0
16qam,128,8,2.500000e-01,15065,ff,602,bf_det_k8_l1_r4_c4_m4_w12g4_d32_s2_q2,12626,15266,bf_det_k8_l1_r8_c4_m3_w12g4_d32_s2_q2,14964,14852,1,1,-1.562400e+01,1,0,0,0
16qam,128,8,2.500000e-01,15065,bram,603,bf_det_k8_l1_r8_c4_m4_w12g4_d32_s2_q2,15,14804,bf_det_k8_l1_r8_c4_m4_w12g4_d32_s2_q2,15,14804,1,1,0.000000e+00,1,1,1,0
16qam,128,8,2.500000e-01,22535,dsp,604,bf_det_k8_l1_r1_c4_m4_w10g8_d32_s2_q2,20,18431,bf_det_k8_l1_r1_c4_m4_w10g8_d32_s2_q2,20,18431,1,1,0.000000e+00,1,1,1,0
16qam,128,8,2.500000e-01,22535,lut,605,bf_det_k8_l1_r1_c4_m4_w12g4_d64_s2_q2,16275,17846,bf_det_k8_l1_r1_c4_m4_w16g0_d32_s2_q2,15618,18006,1,1,4.207000e+00,1,0,0,0
16qam,128,8,2.500000e-01,22535,ff,606,bf_det_k8_l1_r1_c4_m3_w10g8_d32_s2_q2,9800,18815,bf_det_k8_l1_r1_c4_m3_w10g8_d32_s2_q2,9800,18815,1,1,0.000000e+00,1,1,1,0
16qam,128,8,2.500000e-01,22535,bram,607,bf_det_k8_l1_r8_c4_m4_w12g4_d32_s2_q2,15,14804,bf_det_k8_l1_r8_c4_m4_w12g4_d32_s2_q2,15,14804,1,1,0.000000e+00,1,1,1,0
16qam,128,8,5.000000e-01,1345,dsp,608,bf_det_k8_l16_r8_c16_m4_w10g8_d32_s2_q2,467,1313,bf_det_k8_l16_r8_c16_m4_w10g8_d32_s2_q2,467,1313,1,1,0.000000e+00,1,1,1,0
16qam,128,8,5.000000e-01,1345,lut,609,bf_det_k8_l16_r8_c16_m4_w12g4_d64_s2_q2,96158,1268,bf_det_k8_l16_r8_c16_m4_w12g4_d32_s2_q2,95545,1268,1,1,6.420000e-01,1,0,0,0
16qam,128,8,5.000000e-01,1345,ff,610,bf_det_k8_l16_r8_c16_m3_w12g4_d32_s2_q2,67761,1280,bf_det_k8_l16_r8_c16_m3_w10g8_d32_s2_q2,62698,1325,1,1,8.075000e+00,1,0,0,0
16qam,128,8,5.000000e-01,1345,bram,611,bf_det_k8_l16_r8_c16_m4_w10g8_d32_s2_q2,49,1313,bf_det_k8_l16_r8_c16_m4_w10g8_d32_s2_q2,49,1313,1,1,0.000000e+00,1,1,1,0
16qam,128,8,5.000000e-01,2035,dsp,612,bf_det_k8_l16_r4_c16_m4_w10g8_d32_s2_q2,275,1499,bf_det_k8_l16_r4_c16_m4_w10g8_d32_s2_q2,275,1499,1,1,0.000000e+00,1,1,1,0
16qam,128,8,5.000000e-01,2035,lut,613,bf_det_k8_l16_r4_c16_m4_w12g4_d64_s2_q2,86720,1454,bf_det_k8_l16_r4_c16_m4_w12g4_d32_s2_q2,86107,1454,1,1,7.120000e-01,1,0,0,0
16qam,128,8,5.000000e-01,2035,ff,614,bf_det_k8_l16_r4_c16_m3_w10g4_d32_s2_q2,50529,1873,bf_det_k8_l16_r4_c16_m3_w10g4_d32_s2_q2,50529,1873,1,1,0.000000e+00,1,1,1,0
16qam,128,8,5.000000e-01,2035,bram,615,bf_det_k8_l16_r8_c16_m4_w10g8_d32_s2_q2,49,1313,bf_det_k8_l16_r8_c16_m4_w10g8_d32_s2_q2,49,1313,1,1,0.000000e+00,1,1,1,0
16qam,128,8,5.000000e-01,3079,dsp,616,bf_det_k8_l16_r1_c16_m4_w10g8_d32_s2_q2,131,2567,bf_det_k8_l16_r1_c16_m4_w10g8_d32_s2_q2,131,2567,1,1,0.000000e+00,1,1,1,0
16qam,128,8,5.000000e-01,3079,lut,617,bf_det_k8_l16_r1_c16_m4_w12g4_d64_s2_q2,79317,2522,bf_det_k8_l16_r1_c16_m4_w12g4_d32_s2_q2,78704,2522,1,1,7.790000e-01,1,0,0,0
16qam,128,8,5.000000e-01,3079,ff,618,bf_det_k8_l16_r1_c16_m3_w12g4_d32_s2_q2,47874,2618,bf_det_k8_l16_r1_c16_m3_w10g8_d32_s2_q2,45843,2663,1,1,4.430000e+00,1,0,0,0
16qam,128,8,5.000000e-01,3079,bram,619,bf_det_k8_l16_r8_c16_m4_w10g8_d32_s2_q2,49,1313,bf_det_k8_l16_r8_c16_m4_w10g8_d32_s2_q2,49,1313,1,1,0.000000e+00,1,1,1,0
16qam,128,8,5.000000e-01,4659,dsp,620,bf_det_k8_l4_r8_c4_m4_w10g8_d32_s2_q2,119,4445,bf_det_k8_l4_r8_c4_m4_w10g8_d32_s2_q2,119,4445,1,1,0.000000e+00,1,1,1,0
16qam,128,8,5.000000e-01,4659,lut,621,bf_det_k8_l4_r8_c4_m4_w12g4_d64_s2_q2,35303,4292,bf_det_k8_l4_r8_c4_m4_w12g4_d32_s2_q2,34690,4292,1,1,1.767000e+00,1,0,0,0
16qam,128,8,5.000000e-01,4659,ff,622,bf_det_k8_l4_r8_c4_m3_w10g8_d32_s2_q2,20704,4493,bf_det_k8_l4_r8_c4_m3_w10g8_d32_s2_q2,20704,4493,1,1,0.000000e+00,1,1,1,0
16qam,128,8,5.000000e-01,4659,bram,623,bf_det_k8_l4_r8_c4_m4_w12g4_d32_s2_q2,19,4292,bf_det_k8_l4_r8_c4_m4_w12g4_d32_s2_q2,19,4292,1,1,0.000000e+00,1,1,1,0
16qam,128,8,5.000000e-01,7049,dsp,624,bf_det_k8_l4_r1_c4_m4_w10g8_d32_s2_q2,38,5723,bf_det_k8_l4_r1_c4_m3_w10g8_d32_s2_q2,38,5723,1,1,0.000000e+00,1,0,1,0
16qam,128,8,5.000000e-01,7049,lut,625,bf_det_k8_l4_r1_c4_m4_w12g4_d64_s2_q2,31319,5570,bf_det_k8_l4_r1_c4_m3_w12g4_d32_s2_q2,30602,5573,1,1,2.343000e+00,1,0,0,0
16qam,128,8,5.000000e-01,7049,ff,626,bf_det_k8_l4_r1_c4_m3_w10g8_d32_s2_q2,17299,5723,bf_det_k8_l4_r1_c4_m3_w10g8_d32_s2_q2,17299,5723,1,1,0.000000e+00,1,1,1,0
16qam,128,8,5.000000e-01,7049,bram,627,bf_det_k8_l4_r8_c4_m4_w12g4_d32_s2_q2,19,4292,bf_det_k8_l4_r8_c4_m4_w12g4_d32_s2_q2,19,4292,1,1,0.000000e+00,1,1,1,0
16qam,128,8,5.000000e-01,10666,dsp,628,bf_det_k8_l4_r1_c4_m4_w10g8_d32_s2_q2,38,5723,bf_det_k8_l4_r1_c4_m3_w10g8_d32_s2_q2,38,5723,1,1,0.000000e+00,1,0,1,0
16qam,128,8,5.000000e-01,10666,lut,629,bf_det_k8_l4_r1_c4_m4_w12g4_d64_s2_q2,31319,5570,bf_det_k8_l4_r1_c4_m3_w12g4_d32_s2_q2,30602,5573,1,1,2.343000e+00,1,0,0,0
16qam,128,8,5.000000e-01,10666,ff,630,bf_det_k8_l4_r1_c4_m3_w10g4_d32_s2_q2,16542,7091,bf_det_k8_l4_r1_c4_m3_w10g4_d32_s2_q2,16542,7091,1,1,0.000000e+00,1,1,1,0
16qam,128,8,5.000000e-01,10666,bram,631,bf_det_k8_l4_r8_c4_m4_w12g4_d32_s2_q2,19,4292,bf_det_k8_l4_r8_c4_m4_w12g4_d32_s2_q2,19,4292,1,1,0.000000e+00,1,1,1,0
16qam,128,8,5.000000e-01,16139,dsp,632,bf_det_k8_l4_r1_c4_m4_w10g8_d32_s2_q2,38,5723,bf_det_k8_l4_r1_c4_m3_w10g8_d32_s2_q2,38,5723,1,1,0.000000e+00,1,0,1,0
16qam,128,8,5.000000e-01,16139,lut,633,bf_det_k8_l1_r4_c4_m4_w12g4_d64_s2_q2,18241,15266,bf_det_k8_l1_r4_c4_m4_w12g4_d32_s2_q2,17594,15266,1,1,3.677000e+00,1,0,0,0
16qam,128,8,5.000000e-01,16139,ff,634,bf_det_k8_l1_r4_c4_m3_w10g8_d32_s2_q2,11705,15947,bf_det_k8_l1_r4_c4_m3_w10g8_d32_s2_q2,11705,15947,1,1,0.000000e+00,1,1,1,0
16qam,128,8,5.000000e-01,16139,bram,635,bf_det_k8_l1_r8_c4_m4_w12g4_d32_s2_q2,15,14804,bf_det_k8_l1_r8_c4_m4_w12g4_d32_s2_q2,15,14804,1,1,0.000000e+00,1,1,1,0
16qam,128,8,5.000000e-01,24420,dsp,636,bf_det_k8_l1_r1_c4_m4_w10g8_d32_s2_q2,20,18431,bf_det_k8_l1_r1_c4_m4_w10g8_d32_s2_q2,20,18431,1,1,0.000000e+00,1,1,1,0
16qam,128,8,5.000000e-01,24420,lut,637,bf_det_k8_l1_r1_c4_m4_w12g4_d64_s2_q2,16275,17846,bf_det_k8_l1_r1_c4_m4_w14g0_d32_s2_q2,15580,22763,1,1,4.461000e+00,1,0,0,0
16qam,128,8,5.000000e-01,24420,ff,638,bf_det_k8_l1_r1_c4_m3_w10g4_d32_s2_q2,9595,23019,bf_det_k8_l1_r1_c4_m3_w10g4_d32_s2_q2,9595,23019,1,1,0.000000e+00,1,1,1,0
16qam,128,8,5.000000e-01,24420,bram,639,bf_det_k8_l1_r8_c4_m4_w12g4_d32_s2_q2,15,14804,bf_det_k8_l1_r8_c4_m4_w12g4_d32_s2_q2,15,14804,1,1,0.000000e+00,1,1,1,0
16qam,128,8,1.000000e+00,869,dsp,640,bf_det_k8_l16_r8_c16_m4_w10g4_d32_s2_q2,467,823,bf_det_k8_l16_r8_c16_m4_w10g4_d32_s2_q2,467,823,1,1,0.000000e+00,1,1,1,0
16qam,128,8,1.000000e+00,869,lut,641,bf_det_k8_l16_r8_c16_m4_w14g0_d64_s2_q2,98503,831,bf_det_k8_l16_r8_c16_m4_w12g4_d32_s2_q2,95545,863,1,1,3.096000e+00,1,0,0,0
16qam,128,8,1.000000e+00,869,ff,642,bf_det_k8_l16_r8_c16_m3_w10g4_d32_s2_q2,59733,831,bf_det_k8_l16_r8_c16_m3_w10g4_d32_s2_q2,59733,831,1,1,0.000000e+00,1,1,1,0
16qam,128,8,1.000000e+00,869,bram,643,bf_det_k8_l16_r8_c16_m4_w10g4_d32_s2_q2,49,823,bf_det_k8_l16_r8_c16_m4_w10g4_d32_s2_q2,49,823,1,1,0.000000e+00,1,1,1,0
16qam,128,8,1.000000e+00,1308,dsp,644,bf_det_k8_l16_r4_c16_m4_w10g4_d32_s2_q2,275,947,bf_det_k8_l16_r4_c16_m4_w10g4_d32_s2_q2,275,947,1,1,0.000000e+00,1,1,1,0
16qam,128,8,1.000000e+00,1308,lut,645,bf_det_k8_l16_r4_c16_m4_w12g4_d64_s2_q2,86720,987,bf_det_k8_l16_r4_c16_m4_w12g4_d32_s2_q2,86107,987,1,1,7.120000e-01,1,0,0,0
16qam,128,8,1.000000e+00,1308,ff,646,bf_det_k8_l16_r4_c16_m3_w10g4_d32_s2_q2,50529,963,bf_det_k8_l16_r4_c16_m3_w10g4_d32_s2_q2,50529,963,1,1,0.000000e+00,1,1,1,0
16qam,128,8,1.000000e+00,1308,bram,647,bf_det_k8_l16_r8_c16_m4_w10g4_d32_s2_q2,49,823,bf_det_k8_l16_r8_c16_m4_w10g4_d32_s2_q2,49,823,1,1,0.000000e+00,1,1,1,0
16qam,128,8,1.000000e+00,1969,dsp,648,bf_det_k8_l16_r1_c16_m4_w10g4_d32_s2_q2,131,1659,bf_det_k8_l16_r1_c16_m4_w10g4_d32_s2_q2,131,1659,1,1,0.000000e+00,1,1,1,0
16qam,128,8,1.000000e+00,1969,lut,649,bf_det_k8_l16_r1_c16_m4_w12g4_d64_s2_q2,79317,1699,bf_det_k8_l16_r1_c16_m4_w12g4_d32_s2_q2,78704,1699,1,1,7.790000e-01,1,0,0,0
16qam,128,8,1.000000e+00,1969,ff,650,bf_det_k8_l16_r1_c16_m3_w10g4_d32_s2_q2,42878,1723,bf_det_k8_l16_r1_c16_m3_w10g4_d32_s2_q2,42878,1723,1,1,0.000000e+00,1,1,1,0
16qam,128,8,1.000000e+00,1969,bram,651,bf_det_k8_l16_r8_c16_m4_w10g4_d32_s2_q2,49,823,bf_det_k8_l16_r8_c16_m4_w10g4_d32_s2_q2,49,823,1,1,0.000000e+00,1,1,1,0
16qam,128,8,1.000000e+00,2963,dsp,652,bf_det_k8_l4_r8_c4_m4_w10g4_d32_s2_q2,119,2789,bf_det_k8_l4_r8_c4_m4_w10g4_d32_s2_q2,119,2789,1,1,0.000000e+00,1,1,1,0
16qam,128,8,1.000000e+00,2963,lut,653,bf_det_k8_l4_r8_c4_m4_w12g4_d64_s2_q2,35303,2925,bf_det_k8_l4_r8_c4_m4_w14g0_d32_s2_q2,34558,2805,1,1,2.156000e+00,1,0,0,0
16qam,128,8,1.000000e+00,2963,ff,654,bf_det_k8_l4_r8_c4_m3_w10g4_d32_s2_q2,19947,2821,bf_det_k8_l4_r8_c4_m3_w10g4_d32_s2_q2,19947,2821,1,1,0.000000e+00,1,1,1,0
16qam,128,8,1.000000e+00,2963,bram,655,bf_det_k8_l4_r8_c4_m4_w10g4_d32_s2_q2,19,2789,bf_det_k8_l4_r8_c4_m4_w10g4_d32_s2_q2,19,2789,1,1,0.000000e+00,1,1,1,0
16qam,128,8,1.000000e+00,4461,dsp,656,bf_det_k8_l4_r1_c4_m4_w10g4_d32_s2_q2,38,3641,bf_det_k8_l4_r1_c4_m3_w10g4_d32_s2_q2,38,3641,1,1,0.000000e+00,1,0,1,0
16qam,128,8,1.000000e+00,4461,lut,657,bf_det_k8_l4_r1_c4_m4_w12g4_d64_s2_q2,31319,3777,bf_det_k8_l4_r1_c4_m3_w12g4_d32_s2_q2,30602,3779,1,1,2.343000e+00,1,0,0,0
16qam,128,8,1.000000e+00,4461,ff,658,bf_det_k8_l4_r1_c4_m3_w10g4_d32_s2_q2,16542,3641,bf_det_k8_l4_r1_c4_m3_w10g4_d32_s2_q2,16542,3641,1,1,0.000000e+00,1,1,1,0
16qam,128,8,1.000000e+00,4461,bram,659,bf_det_k8_l4_r8_c4_m4_w10g4_d32_s2_q2,19,2789,bf_det_k8_l4_r8_c4_m4_w10g4_d32_s2_q2,19,2789,1,1,0.000000e+00,1,1,1,0
16qam,128,8,1.000000e+00,6715,dsp,660,bf_det_k8_l4_r1_c4_m4_w10g4_d32_s2_q2,38,3641,bf_det_k8_l4_r1_c4_m3_w10g4_d32_s2_q2,38,3641,1,1,0.000000e+00,1,0,1,0
16qam,128,8,1.000000e+00,6715,lut,661,bf_det_k8_l4_r1_c4_m4_w12g4_d64_s2_q2,31319,3777,bf_det_k8_l4_r1_c4_m3_w12g4_d32_s2_q2,30602,3779,1,1,2.343000e+00,1,0,0,0
16qam,128,8,1.000000e+00,6715,ff,662,bf_det_k8_l4_r1_c4_m3_w10g4_d32_s2_q2,16542,3641,bf_det_k8_l4_r1_c4_m3_w10g4_d32_s2_q2,16542,3641,1,1,0.000000e+00,1,1,1,0
16qam,128,8,1.000000e+00,6715,bram,663,bf_det_k8_l4_r8_c4_m4_w10g4_d32_s2_q2,19,2789,bf_det_k8_l4_r8_c4_m4_w10g4_d32_s2_q2,19,2789,1,1,0.000000e+00,1,1,1,0
16qam,128,8,1.000000e+00,10108,dsp,664,bf_det_k8_l4_r1_c4_m4_w10g4_d32_s2_q2,38,3641,bf_det_k8_l4_r1_c4_m3_w10g4_d32_s2_q2,38,3641,1,1,0.000000e+00,1,0,1,0
16qam,128,8,1.000000e+00,10108,lut,665,bf_det_k8_l1_r4_c4_m4_w14g0_d64_s2_q2,18363,9937,bf_det_k8_l1_r4_c4_m4_w14g0_d32_s2_q2,17684,9937,1,1,3.840000e+00,1,0,0,0
16qam,128,8,1.000000e+00,10108,ff,666,bf_det_k8_l1_r4_c4_m3_w10g4_d32_s2_q2,11500,9969,bf_det_k8_l1_r4_c4_m3_w10g4_d32_s2_q2,11500,9969,1,1,0.000000e+00,1,1,1,0
16qam,128,8,1.000000e+00,10108,bram,667,bf_det_k8_l1_r8_c4_m4_w10g4_d32_s2_q2,15,9597,bf_det_k8_l1_r8_c4_m4_w10g4_d32_s2_q2,15,9597,1,1,0.000000e+00,1,1,1,0
16qam,128,8,1.000000e+00,15217,dsp,668,bf_det_k8_l1_r1_c4_m4_w10g4_d32_s2_q2,20,11625,bf_det_k8_l1_r1_c4_m4_w10g4_d32_s2_q2,20,11625,1,1,0.000000e+00,1,1,1,0
16qam,128,8,1.000000e+00,15217,lut,669,bf_det_k8_l1_r1_c4_m4_w12g4_d64_s2_q2,16275,12145,bf_det_k8_l1_r1_c4_m4_w14g0_d32_s2_q2,15580,11753,1,1,4.461000e+00,1,0,0,0
16qam,128,8,1.000000e+00,15217,ff,670,bf_det_k8_l1_r1_c4_m3_w10g4_d32_s2_q2,9595,11881,bf_det_k8_l1_r1_c4_m3_w10g4_d32_s2_q2,9595,11881,1,1,0.000000e+00,1,1,1,0
16qam,128,8,1.000000e+00,15217,bram,671,bf_det_k8_l1_r8_c4_m4_w10g4_d32_s2_q2,15,9597,bf_det_k8_l1_r8_c4_m4_w10g4_d32_s2_q2,15,9597,1,1,0.000000e+00,1,1,1,0
16qam,128,16,2.500000e-01,2378,dsp,672,bf_det_k16_l16_r16_c16_m3_w12g4_d32_s2_q2,963,2233,bf_det_k16_l16_r16_c16_m3_w16g0_d32_s2_q2,963,2223,1,1,0.000000e+00,1,0,1,0
16qam,128,16,2.500000e-01,2378,lut,673,bf_det_k16_l16_r16_c16_m4_w12g4_d64_s2_q2,120229,2217,bf_det_k16_l16_r16_c16_m4_w12g4_d32_s2_q2,119617,2217,1,1,5.120000e-01,1,0,0,0
16qam,128,16,2.500000e-01,2378,ff,674,bf_det_k16_l16_r16_c16_m3_w12g4_d32_s2_q2,93299,2233,bf_det_k16_l16_r16_c16_m3_w12g4_d32_s2_q2,93299,2233,1,1,0.000000e+00,1,1,1,0
16qam,128,16,2.500000e-01,2378,bram,675,bf_det_k16_l16_r16_c16_m4_w12g4_d32_s2_q2,59,2217,bf_det_k16_l16_r16_c16_m4_w12g4_d32_s2_q2,59,2217,1,1,0.000000e+00,1,1,1,0
16qam,128,16,2.500000e-01,3795,dsp,676,bf_det_k16_l16_r4_c16_m3_w12g4_d32_s2_q2,387,3253,bf_det_k16_l16_r4_c16_m3_w16g0_d32_s2_q2,387,3243,1,1,0.000000e+00,1,0,1,0
16qam,128,16,2.500000e-01,3795,lut,677,bf_det_k16_l16_r4_c16_m4_w12g4_d64_s2_q2,92207,3189,bf_det_k16_l16_r4_c16_m4_w12g4_d32_s2_q2,91595,3189,1,1,6.680000e-01,1,0,0,0
16qam,128,16,2.500000e-01,3795,ff,678,bf_det_k16_l16_r4_c16_m3_w12g4_d32_s2_q2,60456,3253,bf_det_k16_l16_r4_c16_m3_w12g4_d32_s2_q2,60456,3253,1,1,0.000000e+00,1,1,1,0
16qam,128,16,2.500000e-01,3795,bram,679,bf_det_k16_l16_r16_c16_m4_w12g4_d32_s2_q2,59,2217,bf_det_k16_l16_r16_c16_m4_w12g4_d32_s2_q2,59,2217,1,1,0.000000e+00,1,1,1,0
16qam,128,16,2.500000e-01,6054,dsp,680,bf_det_k16_l16_r4_c16_m3_w12g4_d32_s2_q2,387,3253,bf_det_k16_l16_r4_c16_m3_w16g0_d32_s2_q2,387,3243,1,1,0.000000e+00,1,0,1,0
16qam,128,16,2.500000e-01,6054,lut,681,bf_det_k16_l16_r4_c16_m4_w12g4_d64_s2_q2,92207,3189,bf_det_k16_l16_r4_c16_m4_w12g4_d32_s2_q2,91595,3189,1,1,6.680000e-01,1,0,0,0
16qam,128,16,2.500000e-01,6054,ff,682,bf_det_k16_l16_r4_c16_m3_w12g4_d32_s2_q2,60456,3253,bf_det_k16_l16_r4_c16_m3_w12g4_d32_s2_q2,60456,3253,1,1,0.000000e+00,1,1,1,0
16qam,128,16,2.500000e-01,6054,bram,683,bf_det_k16_l16_r16_c16_m4_w12g4_d32_s2_q2,59,2217,bf_det_k16_l16_r16_c16_m4_w12g4_d32_s2_q2,59,2217,1,1,0.000000e+00,1,1,1,0
16qam,128,16,2.500000e-01,9660,dsp,684,bf_det_k16_l16_r1_c16_m3_w12g4_d32_s2_q2,243,7025,bf_det_k16_l16_r1_c16_m3_w14g4_d32_s2_q2,243,6961,1,1,0.000000e+00,1,0,1,0
16qam,128,16,2.500000e-01,9660,lut,685,bf_det_k16_l4_r16_c4_m4_w12g4_d64_s2_q2,43527,7899,bf_det_k16_l4_r16_c4_m4_w12g4_d32_s2_q2,42915,7899,1,1,1.426000e+00,1,0,0,0
16qam,128,16,2.500000e-01,9660,ff,686,bf_det_k16_l4_r16_c4_m3_w12g4_d32_s2_q2,27927,7931,bf_det_k16_l4_r16_c4_m3_w12g4_d32_s2_q2,27927,7931,1,1,0.000000e+00,1,1,1,0
16qam,128,16,2.500000e-01,9660,bram,687,bf_det_k16_l4_r16_c4_m4_w12g4_d32_s2_q2,51,7899,bf_det_k16_l4_r16_c4_m4_w12g4_d32_s2_q2,51,7899,1,1,0.000000e+00,1,1,1,0
16qam,128,16,2.500000e-01,15412,dsp,688,bf_det_k16_l4_r4_c4_m3_w12g4_d32_s2_q2,99,10739,bf_det_k16_l4_r4_c4_m3_w16g0_d32_s2_q2,99,10667,1,1,0.000000e+00,1,0,1,0
16qam,128,16,2.500000e-01,15412,lut,689,bf_det_k16_l4_r4_c4_m4_w12g4_d64_s2_q2,36070,10611,bf_det_k16_l4_r4_c4_m4_w12g4_d32_s2_q2,35458,10611,1,1,1.726000e+00,1,0,0,0
16qam,128,16,2.500000e-01,15412,ff,690,bf_det_k16_l4_r4_c4_m3_w12g4_d32_s2_q2,19633,10739,bf_det_k16_l4_r4_c4_m3_w12g4_d32_s2_q2,19633,10739,1,1,0.000000e+00,1,1,1,0
16qam,128,16,2.500000e-01,15412,bram,691,bf_det_k16_l4_r16_c4_m4_w12g4_d32_s2_q2,51,7899,bf_det_k16_l4_r16_c4_m4_w12g4_d32_s2_q2,51,7899,1,1,0.000000e+00,1,1,1,0
16qam,128,16,2.500000e-01,24590,dsp,692,bf_det_k16_l4_r1_c4_m3_w12g4_d32_s2_q2,66,15719,bf_det_k16_l4_r1_c4_m3_w16g0_d32_s2_q2,66,15647,1,1,0.000000e+00,1,0,1,0
16qam,128,16,2.500000e-01,24590,lut,693,bf_det_k16_l4_r1_c4_m4_w12g4_d64_s2_q2,34636,15711,bf_det_k16_l4_r1_c4_m4_w14g0_d32_s2_q2,34020,22999,1,1,1.811000e+00,1,0,0,0
16qam,128,16,2.500000e-01,24590,ff,694,bf_det_k16_l4_r1_c4_m3_w12g4_d32_s2_q2,18140,15719,bf_det_k16_l4_r1_c4_m3_w12g4_d32_s2_q2,18140,15719,1,1,0.000000e+00,1,1,1,0
16qam,128,16,2.500000e-01,24590,bram,695,bf_det_k16_l4_r16_c4_m4_w12g4_d32_s2_q2,51,7899,bf_det_k16_l4_r16_c4_m4_w12g4_d32_s2_q2,51,7899,1,1,0.000000e+00,1,1,1,0
16qam,128,16,2.500000e-01,39235,dsp,696,bf_det_k16_l4_r1_c4_m3_w12g4_d32_s2_q2,66,15719,bf_det_k16_l1_r4_c4_m3_w16g0_d32_s2_q2,63,29371,1,1,4.762000e+00,1,0,0,0
16qam,128,16,2.500000e-01,39235,lut,697,bf_det_k16_l1_r4_c4_m4_w12g4_d64_s2_q2,19694,29531,bf_det_k16_l1_r4_c4_m4_w12g4_d32_s2_q2,19048,29531,1,1,3.391000e+00,1,0,0,0
16qam,128,16,2.500000e-01,39235,ff,698,bf_det_k16_l1_r4_c4_m3_w12g4_d32_s2_q2,12365,29659,bf_det_k16_l1_r4_c4_m3_w12g4_d32_s2_q2,12365,29659,1,1,0.000000e+00,1,1,1,0
16qam,128,16,2.500000e-01,39235,bram,699,bf_det_k16_l1_r16_c4_m4_w12g4_d32_s2_q2,27,26723,bf_det_k16_l1_r16_c4_m4_w16g0_d32_s2_q2,27,26435,1,1,0.000000e+00,1,0,1,0
16qam,128,16,2.500000e-01,62601,dsp,700,bf_det_k16_l1_r1_c4_m3_w12g4_d32_s2_q2,27,40763,bf_det_k16_l1_r1_c4_m3_w16g0_d32_s2_q2,27,40475,1,1,0.000000e+00,1,0,1,0
16qam,128,16,2.500000e-01,62601,lut,701,bf_det_k16_l1_r1_c4_m4_w12g4_d64_s2_q2,17601,40251,bf_det_k16_l1_r1_c4_m4_w14g0_d32_s2_q2,16891,58189,1,1,4.203000e+00,1,0,0,0
16qam,128,16,2.500000e-01,62601,ff,702,bf_det_k16_l1_r1_c4_m3_w12g4_d32_s2_q2,10089,40763,bf_det_k16_l1_r1_c4_m3_w12g4_d32_s2_q2,10089,40763,1,1,0.000000e+00,1,1,1,0
16qam,128,16,2.500000e-01,62601,bram,703,bf_det_k16_l1_r16_c4_m4_w12g4_d32_s2_q2,27,26723,bf_det_k16_l1_r16_c4_m4_w16g0_d32_s2_q2,27,26435,1,1,0.000000e+00,1,0,1,0
16qam,128,16,5.000000e-01,1750,dsp,704,bf_det_k16_l16_r16_c16_m3_w14g0_d32_s2_q2,963,1642,bf_det_k16_l16_r16_c16_m4_w10g8_d32_s2_q2,851,1729,1,1,1.316100e+01,0,0,0,0
16qam,128,16,5.000000e-01,1750,lut,705,bf_det_k16_l16_r16_c16_m4_w12g4_d64_s2_q2,120229,1684,bf_det_k16_l16_r16_c16_m4_w12g4_d32_s2_q2,119617,1684,1,1,5.120000e-01,1,0,0,0
16qam,128,16,5.000000e-01,1750,ff,706,bf_det_k16_l16_r16_c16_m3_w12g4_d32_s2_q2,93299,1696,bf_det_k16_l16_r16_c16_m3_w10g8_d32_s2_q2,84412,1741,1,1,1.052800e+01,0,0,0,0
16qam,128,16,5.000000e-01,1750,bram,707,bf_det_k16_l16_r16_c16_m4_w12g4_d32_s2_q2,59,1684,bf_det_k16_l16_r16_c16_m4_w10g8_d32_s2_q2,49,1729,1,1,2.040800e+01,0,0,0,0
16qam,128,16,5.000000e-01,2756,dsp,708,bf_det_k16_l16_r4_c16_m4_w10g8_d32_s2_q2,275,2458,bf_det_k16_l16_r4_c16_m4_w10g8_d32_s2_q2,275,2458,1,1,0.000000e+00,1,1,1,0
16qam,128,16,5.000000e-01,2756,lut,709,bf_det_k16_l16_r4_c16_m4_w12g4_d64_s2_q2,92207,2413,bf_det_k16_l16_r4_c16_m4_w12g4_d32_s2_q2,91595,2413,1,1,6.680000e-01,1,0,0,0
16qam,128,16,5.000000e-01,2756,ff,710,bf_det_k16_l16_r4_c16_m3_w10g8_d32_s2_q2,56569,2506,bf_det_k16_l16_r4_c16_m3_w10g8_d32_s2_q2,56569,2506,1,1,0.000000e+00,1,1,1,0
16qam,128,16,5.000000e-01,2756,bram,711,bf_det_k16_l16_r16_c16_m4_w10g8_d32_s2_q2,49,1729,bf_det_k16_l16_r16_c16_m4_w10g8_d32_s2_q2,49,1729,1,1,0.000000e+00,1,1,1,0
16qam,128,16,5.000000e-01,4341,dsp,712,bf_det_k16_l16_r4_c16_m4_w10g8_d32_s2_q2,275,2458,bf_det_k16_l16_r4_c16_m4_w10g8_d32_s2_q2,275,2458,1,1,0.000000e+00,1,1,1,0
16qam,128,16,5.000000e-01,4341,lut,713,bf_det_k16_l16_r4_c16_m4_w12g4_d64_s2_q2,92207,2413,bf_det_k16_l16_r4_c16_m4_w12g4_d32_s2_q2,91595,2413,1,1,6.680000e-01,1,0,0,0
16qam,128,16,5.000000e-01,4341,ff,714,bf_det_k16_l16_r4_c16_m3_w10g4_d32_s2_q2,53604,3173,bf_det_k16_l16_r4_c16_m3_w10g4_d32_s2_q2,53604,3173,1,1,0.000000e+00,1,1,1,0
16qam,128,16,5.000000e-01,4341,bram,715,bf_det_k16_l16_r16_c16_m4_w10g8_d32_s2_q2,49,1729,bf_det_k16_l16_r16_c16_m4_w10g8_d32_s2_q2,49,1729,1,1,0.000000e+00,1,1,1,0
16qam,128,16,5.000000e-01,6838,dsp,716,bf_det_k16_l16_r1_c16_m4_w10g8_d32_s2_q2,131,5143,bf_det_k16_l16_r1_c16_m4_w10g8_d32_s2_q2,131,5143,1,1,0.000000e+00,1,1,1,0
16qam,128,16,5.000000e-01,6838,lut,717,bf_det_k16_l4_r16_c4_m4_w12g4_d64_s2_q2,43527,6004,bf_det_k16_l4_r16_c4_m4_w12g4_d32_s2_q2,42915,6004,1,1,1.426000e+00,1,0,0,0
16qam,128,16,5.000000e-01,6838,ff,718,bf_det_k16_l4_r16_c4_m3_w10g8_d32_s2_q2,25798,6181,bf_det_k16_l4_r16_c4_m3_w10g8_d32_s2_q2,25798,6181,1,1,0.000000e+00,1,1,1,0
16qam,128,16,5.000000e-01,6838,bram,719,bf_det_k16_l16_r16_c16_m4_w10g8_d32_s2_q2,49,1729,bf_det_k16_l16_r16_c16_m4_w10g8_d32_s2_q2,49,1729,1,1,0.000000e+00,1,1,1,0
16qam,128,16,5.000000e-01,10771,dsp,720,bf_det_k16_l4_r4_c4_m4_w10g8_d32_s2_q2,71,8191,bf_det_k16_l4_r4_c4_m4_w10g8_d32_s2_q2,71,8191,1,1,0.000000e+00,1,1,1,0
16qam,128,16,5.000000e-01,10771,lut,721,bf_det_k16_l4_r4_c4_m4_w12g4_d64_s2_q2,36070,8038,bf_det_k16_l4_r4_c4_m4_w12g4_d32_s2_q2,35458,8038,1,1,1.726000e+00,1,0,0,0
16qam,128,16,5.000000e-01,10771,ff,722,bf_det_k16_l4_r4_c4_m3_w10g4_d32_s2_q2,18005,10467,bf_det_k16_l4_r4_c4_m3_w10g4_d32_s2_q2,18005,10467,1,1,0.000000e+00,1,1,1,0
16qam,128,16,5.000000e-01,10771,bram,723,bf_det_k16_l16_r16_c16_m4_w10g8_d32_s2_q2,49,1729,bf_det_k16_l16_r16_c16_m4_w10g8_d32_s2_q2,49,1729,1,1,0.000000e+00,1,1,1,0
16qam,128,16,5.000000e-01,16968,dsp,724,bf_det_k16_l4_r1_c4_m4_w10g8_d32_s2_q2,38,12019,bf_det_k16_l4_r1_c4_m3_w10g8_d32_s2_q2,38,12019,1,1,0.000000e+00,1,0,1,0
16qam,128,16,5.000000e-01,16968,lut,725,bf_det_k16_l4_r1_c4_m4_w12g4_d64_s2_q2,34636,11863,bf_det_k16_l4_r1_c4_m4_w14g0_d32_s2_q2,34020,11659,1,1,1.811000e+00,1,0,0,0
16qam,128,16,5.000000e-01,16968,ff,726,bf_det_k16_l4_r1_c4_m3_w10g4_d32_s2_q2,16886,15443,bf_det_k16_l4_r1_c4_m3_w10g4_d32_s2_q2,16886,15443,1,1,0.000000e+00,1,1,1,0
16qam,128,16,5.000000e-01,16968,bram,727,bf_det_k16_l16_r16_c16_m4_w10g8_d32_s2_q2,49,1729,bf_det_k16_l16_r16_c16_m4_w10g8_d32_s2_q2,49,1729,1,1,0.000000e+00,1,1,1,0
16qam,128,16,5.000000e-01,26729,dsp,728,bf_det_k16_l4_r1_c4_m4_w10g8_d32_s2_q2,38,12019,bf_det_k16_l4_r1_c4_m3_w10g8_d32_s2_q2,38,12019,1,1,0.000000e+00,1,0,1,0
16qam,128,16,5.000000e-01,26729,lut,729,bf_det_k16_l1_r4_c4_m4_w12g4_d64_s2_q2,19694,22462,bf_det_k16_l1_r4_c4_m4_w12g4_d32_s2_q2,19048,22462,1,1,3.391000e+00,1,0,0,0
16qam,128,16,5.000000e-01,26729,ff,730,bf_det_k16_l1_r4_c4_m3_w10g8_d32_s2_q2,11917,23143,bf_det_k16_l1_r4_c4_m3_w10g8_d32_s2_q2,11917,23143,1,1,0.000000e+00,1,1,1,0
16qam,128,16,5.000000e-01,26729,bram,731,bf_det_k16_l1_r16_c4_m4_w14g0_d32_s2_q2,27,19576,bf_det_k16_l1_r16_c4_m4_w14g0_d32_s2_q2,27,19576,1,1,0.000000e+00,1,1,1,0
16qam,128,16,5.000000e-01,42105,dsp,732,bf_det_k16_l1_r1_c4_m4_w10g8_d32_s2_q2,20,31087,bf_det_k16_l1_r1_c4_m4_w10g8_d32_s2_q2,20,31087,1,1,0.000000e+00,1,1,1,0
16qam,128,16,5.000000e-01,42105,lut,733,bf_det_k16_l1_r1_c4_m4_w12g4_d64_s2_q2,17601,30502,bf_det_k16_l1_r1_c4_m4_w14g0_d32_s2_q2,16891,29722,1,1,4.203000e+00,1,0,0,0
16qam,128,16,5.000000e-01,42105,ff,734,bf_det_k16_l1_r1_c4_m3_w10g4_d32_s2_q2,9762,39723,bf_det_k16_l1_r1_c4_m3_w10g4_d32_s2_q2,9762,39723,1,1,0.000000e+00,1,1,1,0
16qam,128,16,5.000000e-01,42105,bram,735,bf_det_k16_l1_r16_c4_m4_w14g0_d32_s2_q2,27,19576,bf_det_k16_l1_r16_c4_m4_w14g0_d32_s2_q2,27,19576,1,1,0.000000e+00,1,1,1,0
16qam,128,16,1.000000e+00,1739,dsp,736,bf_det_k16_l16_r16_c16_m4_w10g4_d32_s2_q2,851,1624,bf_det_k16_l16_r16_c16_m4_w10g4_d32_s2_q2,851,1624,1,1,0.000000e+00,1,1,1,0
16qam,128,16,1.000000e+00,1739,lut,737,bf_det_k16_l16_r16_c16_m4_w12g4_d64_s2_q2,120229,1684,bf_det_k16_l16_r16_c16_m4_w12g4_d32_s2_q2,119617,1684,1,1,5.120000e-01,1,0,0,0
16qam,128,16,1.000000e+00,1739,ff,738,bf_det_k16_l16_r16_c16_m3_w10g4_d32_s2_q2,81447,1636,bf_det_k16_l16_r16_c16_m3_w10g4_d32_s2_q2,81447,1636,1,1,0.000000e+00,1,1,1,0
16qam,128,16,1.000000e+00,1739,bram,739,bf_det_k16_l16_r16_c16_m4_w10g4_d32_s2_q2,49,1624,bf_det_k16_l16_r16_c16_m4_w10g4_d32_s2_q2,49,1624,1,1,0.000000e+00,1,1,1,0
16qam,128,16,1.000000e+00,2681,dsp,740,bf_det_k16_l16_r4_c16_m4_w10g4_d32_s2_q2,275,2353,bf_det_k16_l16_r4_c16_m4_w10g4_d32_s2_q2,275,2353,1,1,0.000000e+00,1,1,1,0
16qam,128,16,1.000000e+00,2681,lut,741,bf_det_k16_l16_r4_c16_m4_w12g4_d64_s2_q2,92207,2413,bf_det_k16_l16_r4_c16_m4_w12g4_d32_s2_q2,91595,2413,1,1,6.680000e-01,1,0,0,0
16qam,128,16,1.000000e+00,2681,ff,742,bf_det_k16_l16_r4_c16_m3_w10g4_d32_s2_q2,53604,2401,bf_det_k16_l16_r4_c16_m3_w10g4_d32_s2_q2,53604,2401,1,1,0.000000e+00,1,1,1,0
16qam,128,16,1.000000e+00,2681,bram,743,bf_det_k16_l16_r16_c16_m4_w10g4_d32_s2_q2,49,1624,bf_det_k16_l16_r16_c16_m4_w10g4_d32_s2_q2,49,1624,1,1,0.000000e+00,1,1,1,0
16qam,128,16,1.000000e+00,4132,dsp,744,bf_det_k16_l16_r4_c16_m4_w10g4_d32_s2_q2,275,2353,bf_det_k16_l16_r4_c16_m4_w10g4_d32_s2_q2,275,2353,1,1,0.000000e+00,1,1,1,0
16qam,128,16,1.000000e+00,4132,lut,745,bf_det_k16_l16_r4_c16_m4_w12g4_d64_s2_q2,92207,2413,bf_det_k16_l16_r4_c16_m4_w12g4_d32_s2_q2,91595,2413,1,1,6.680000e-01,1,0,0,0
16qam,128,16,1.000000e+00,4132,ff,746,bf_det_k16_l16_r4_c16_m3_w10g4_d32_s2_q2,53604,2401,bf_det_k16_l16_r4_c16_m3_w10g4_d32_s2_q2,53604,2401,1,1,0.000000e+00,1,1,1,0
16qam,128,16,1.000000e+00,4132,bram,747,bf_det_k16_l16_r16_c16_m4_w10g4_d32_s2_q2,49,1624,bf_det_k16_l16_r16_c16_m4_w10g4_d32_s2_q2,49,1624,1,1,0.000000e+00,1,1,1,0
16qam,128,16,1.000000e+00,6369,dsp,748,bf_det_k16_l16_r1_c16_m4_w10g4_d32_s2_q2,131,5038,bf_det_k16_l16_r1_c16_m4_w10g4_d32_s2_q2,131,5038,1,1,0.000000e+00,1,1,1,0
16qam,128,16,1.000000e+00,6369,lut,749,bf_det_k16_l4_r16_c4_m4_w12g4_d64_s2_q2,43527,6004,bf_det_k16_l4_r16_c4_m4_w12g4_d32_s2_q2,42915,6004,1,1,1.426000e+00,1,0,0,0
16qam,128,16,1.000000e+00,6369,ff,750,bf_det_k16_l4_r16_c4_m3_w10g4_d32_s2_q2,25041,5824,bf_det_k16_l4_r16_c4_m3_w10g4_d32_s2_q2,25041,5824,1,1,0.000000e+00,1,1,1,0
16qam,128,16,1.000000e+00,6369,bram,751,bf_det_k16_l16_r16_c16_m4_w10g4_d32_s2_q2,49,1624,bf_det_k16_l16_r16_c16_m4_w10g4_d32_s2_q2,49,1624,1,1,0.000000e+00,1,1,1,0
16qam,128,16,1.000000e+00,9816,dsp,752,bf_det_k16_l4_r4_c4_m4_w10g4_d32_s2_q2,71,7834,bf_det_k16_l4_r4_c4_m4_w10g4_d32_s2_q2,71,7834,1,1,0.000000e+00,1,1,1,0
16qam,128,16,1.000000e+00,9816,lut,753,bf_det_k16_l4_r4_c4_m4_w12g4_d64_s2_q2,36070,8038,bf_det_k16_l4_r4_c4_m4_w12g4_d32_s2_q2,35458,8038,1,1,1.726000e+00,1,0,0,0
16qam,128,16,1.000000e+00,9816,ff,754,bf_det_k16_l4_r4_c4_m3_w10g4_d32_s2_q2,18005,7930,bf_det_k16_l4_r4_c4_m3_w10g4_d32_s2_q2,18005,7930,1,1,0.000000e+00,1,1,1,0
16qam,128,16,1.000000e+00,9816,bram,755,bf_det_k16_l16_r16_c16_m4_w10g4_d32_s2_q2,49,1624,bf_det_k16_l16_r16_c16_m4_w10g4_d32_s2_q2,49,1624,1,1,0.000000e+00,1,1,1,0
16qam,128,16,1.000000e+00,15130,dsp,756,bf_det_k16_l4_r1_c4_m4_w10g4_d32_s2_q2,38,11662,bf_det_k16_l4_r1_c4_m3_w10g4_d32_s2_q2,38,11662,1,1,0.000000e+00,1,0,1,0
16qam,128,16,1.000000e+00,15130,lut,757,bf_det_k16_l4_r1_c4_m4_w12g4_d64_s2_q2,34636,11863,bf_det_k16_l4_r1_c4_m4_w14g0_d32_s2_q2,34020,11659,1,1,1.811000e+00,1,0,0,0
16qam,128,16,1.000000e+00,15130,ff,758,bf_det_k16_l4_r1_c4_m3_w10g4_d32_s2_q2,16886,11662,bf_det_k16_l4_r1_c4_m3_w10g4_d32_s2_q2,16886,11662,1,1,0.000000e+00,1,1,1,0
16qam,128,16,1.000000e+00,15130,bram,759,bf_det_k16_l16_r16_c16_m4_w10g4_d32_s2_q2,49,1624,bf_det_k16_l16_r16_c16_m4_w10g4_d32_s2_q2,49,1624,1,1,0.000000e+00,1,1,1,0
16qam,128,16,1.000000e+00,23321,dsp,760,bf_det_k16_l4_r1_c4_m4_w10g4_d32_s2_q2,38,11662,bf_det_k16_l4_r1_c4_m3_w10g4_d32_s2_q2,38,11662,1,1,0.000000e+00,1,0,1,0
16qam,128,16,1.000000e+00,23321,lut,761,bf_det_k16_l1_r4_c4_m4_w12g4_d64_s2_q2,19694,22462,bf_det_k16_l1_r4_c4_m4_w12g4_d32_s2_q2,19048,22462,1,1,3.391000e+00,1,0,0,0
16qam,128,16,1.000000e+00,23321,ff,762,bf_det_k16_l1_r4_c4_m3_w10g4_d32_s2_q2,11712,21778,bf_det_k16_l1_r4_c4_m3_w10g4_d32_s2_q2,11712,21778,1,1,0.000000e+00,1,1,1,0
16qam,128,16,1.000000e+00,23321,bram,763,bf_det_k16_l1_r16_c4_m4_w10g4_d32_s2_q2,27,19576,bf_det_k16_l1_r16_c4_m4_w10g4_d32_s2_q2,27,19576,1,1,0.000000e+00,1,1,1,0
16qam,128,16,1.000000e+00,35947,dsp,764,bf_det_k16_l1_r1_c4_m4_w10g4_d32_s2_q2,20,29722,bf_det_k16_l1_r1_c4_m4_w10g4_d32_s2_q2,20,29722,1,1,0.000000e+00,1,1,1,0
16qam,128,16,1.000000e+00,35947,lut,765,bf_det_k16_l1_r1_c4_m4_w12g4_d64_s2_q2,17601,30502,bf_det_k16_l1_r1_c4_m4_w14g0_d32_s2_q2,16891,29722,1,1,4.203000e+00,1,0,0,0
16qam,128,16,1.000000e+00,35947,ff,766,bf_det_k16_l1_r1_c4_m3_w10g4_d32_s2_q2,9762,30106,bf_det_k16_l1_r1_c4_m3_w10g4_d32_s2_q2,9762,30106,1,1,0.000000e+00,1,1,1,0
16qam,128,16,1.000000e+00,35947,bram,767,bf_det_k16_l1_r16_c4_m4_w10g4_d32_s2_q2,27,19576,bf_det_k16_l1_r16_c4_m4_w10g4_d32_s2_q2,27,19576,1,1,0.000000e+00,1,1,1,0
64qam,32,4,2.500000e-01,1245,dsp,768,bf_det_k4_l16_r4_c16_m3_w16g4_d32_s2_q2,387,1169,bf_det_k4_l16_r4_c16_m3_w16g4_d32_s2_q2,387,1169,1,1,0.000000e+00,1,1,1,0
64qam,32,4,2.500000e-01,1245,lut,769,bf_det_k4_l16_r4_c16_m4_w16g4_d64_s2_q2,94871,1163,bf_det_k4_l16_r4_c16_m4_w14g8_d32_s2_q2,91302,1237,1,1,3.909000e+00,1,0,0,0
64qam,32,4,2.500000e-01,1245,ff,770,bf_det_k4_l16_r4_c16_m3_w16g4_d32_s2_q2,68363,1169,bf_det_k4_l16_r4_c16_m3_w14g8_d32_s2_q2,65736,1243,1,1,3.996000e+00,1,0,0,0
64qam,32,4,2.500000e-01,1245,bram,771,bf_det_k4_l16_r4_c16_m4_w16g4_d32_s2_q2,79,1163,bf_det_k4_l16_r4_c16_m4_w14g8_d32_s2_q2,56,1237,1,1,4.107100e+01,0,0,0,0
64qam,32,4,2.500000e-01,1858,dsp,772,bf_det_k4_l16_r1_c16_m3_w16g4_d32_s2_q2,243,1667,bf_det_k4_l16_r1_c16_m3_w16g4_d32_s2_q2,243,1667,1,1,0.000000e+00,1,1,1,0
64qam,32,4,2.500000e-01,1858,lut,773,bf_det_k4_l16_r1_c16_m4_w14g8_d64_s2_q2,84330,1690,bf_det_k4_l16_r1_c16_m4_w14g8_d32_s2_q2,83678,1690,1,1,7.790000e-01,1,0,0,0
64qam,32,4,2.500000e-01,1858,ff,774,bf_det_k4_l16_r1_c16_m3_w14g8_d32_s2_q2,55619,1714,bf_det_k4_l16_r1_c16_m3_w14g8_d32_s2_q2,55619,1714,1,1,0.000000e+00,1,1,1,0
64qam,32,4,2.500000e-01,1858,bram,775,bf_det_k4_l16_r4_c16_m4_w12g8_d32_s2_q2,48,1541,bf_det_k4_l16_r4_c16_m4_w12g8_d32_s2_q2,48,1541,1,1,0.000000e+00,1,1,1,0
64qam,32,4,2.500000e-01,2773,dsp,776,bf_det_k4_l16_r1_c16_m3_w16g4_d32_s2_q2,243,1667,bf_det_k4_l16_r1_c16_m3_w16g4_d32_s2_q2,243,1667,1,1,0.000000e+00,1,1,1,0
64qam,32,4,2.500000e-01,2773,lut,777,bf_det_k4_l16_r1_c16_m4_w12g8_d64_s2_q2,79061,2157,bf_det_k4_l16_r1_c16_m4_w12g8_d32_s2_q2,78441,2157,1,1,7.900000e-01,1,0,0,0
64qam,32,4,2.500000e-01,2773,ff,778,bf_det_k4_l16_r1_c16_m3_w12g8_d32_s2_q2,49491,2221,bf_det_k4_l16_r1_c16_m3_w12g8_d32_s2_q2,49491,2221,1,1,0.000000e+00,1,1,1,0
64qam,32,4,2.500000e-01,2773,bram,779,bf_det_k4_l16_r4_c16_m4_w12g8_d32_s2_q2,48,1541,bf_det_k4_l16_r4_c16_m4_w12g8_d32_s2_q2,48,1541,1,1,0.000000e+00,1,1,1,0
64qam,32,4,2.500000e-01,4137,dsp,780,bf_det_k4_l4_r1_c4_m4_w16g4_d32_s2_q2,70,3908,bf_det_k4_l4_r1_c4_m3_w16g4_d32_s2_q2,66,3914,1,1,6.061000e+00,1,0,0,0
64qam,32,4,2.500000e-01,4137,lut,781,bf_det_k4_l4_r1_c4_m4_w14g8_d64_s2_q2,30275,4168,bf_det_k4_l4_r1_c4_m4_w16g4_d32_s2_q2,29944,3908,1,1,1.105000e+00,1,0,0,0
64qam,32,4,2.500000e-01,4137,ff,782,bf_det_k4_l4_r1_c4_m4_w14g8_d32_s2_q2,19460,4168,bf_det_k4_l4_r1_c4_m3_w16g4_d32_s2_q2,19674,3914,1,1,-1.088000e+00,1,0,0,0
64qam,32,4,2.500000e-01,4137,bram,783,bf_det_k4_l4_r4_c4_m4_w14g8_d32_s2_q2,20,4045,bf_det_k4_l4_r4_c4_m4_w14g8_d32_s2_q2,20,4045,1,1,0.000000e+00,1,1,1,0
64qam,32,4,2.500000e-01,6174,dsp,784,bf_det_k4_l4_r1_c4_m3_w16g4_d32_s2_q2,66,3914,bf_det_k4_l4_r1_c4_m3_w16g4_d32_s2_q2,66,3914,1,1,0.000000e+00,1,1,1,0
64qam,32,4,2.500000e-01,6174,lut,785,bf_det_k4_l4_r1_c4_m4_w12g8_d64_s2_q2,28916,5211,bf_det_k4_l4_r1_c4_m4_w12g8_d32_s2_q2,28296,5211,1,1,2.191000e+00,1,0,0,0
64qam,32,4,2.500000e-01,6174,ff,786,bf_det_k4_l4_r1_c4_m3_w12g8_d32_s2_q2,17945,5215,bf_det_k4_l4_r1_c4_m4_w12g8_d32_s2_q2,17935,5211,1,1,5.600000e-02,1,0,0,0
64qam,32,4,2.500000e-01,6174,bram,787,bf_det_k4_l4_r4_c4_m4_w12g8_d32_s2_q2,16,5015,bf_det_k4_l4_r4_c4_m4_w12g8_d32_s2_q2,16,5015,1,1,0.000000e+00,1,1,1,0
64qam,32,4,2.500000e-01,9212,dsp,788,bf_det_k4_l4_r1_c4_m3_w16g4_d32_s2_q2,66,3914,bf_det_k4_l4_r1_c4_m3_w16g4_d32_s2_q2,66,3914,1,1,0.000000e+00,1,1,1,0
64qam,32,4,2.500000e-01,9212,lut,789,bf_det_k4_l4_r1_c4_m4_w12g8_d64_s2_q2,28916,5211,bf_det_k4_l4_r1_c4_m4_w12g8_d32_s2_q2,28296,5211,1,1,2.191000e+00,1,0,0,0
64qam,32,4,2.500000e-01,9212,ff,790,bf_det_k4_l4_r1_c4_m3_w12g8_d32_s2_q2,17945,5215,bf_det_k4_l4_r1_c4_m4_w12g8_d32_s2_q2,17935,5211,1,1,5.600000e-02,1,0,0,0
64qam,32,4,2.500000e-01,9212,bram,791,bf_det_k4_l4_r4_c4_m4_w12g8_d32_s2_q2,16,5015,bf_det_k4_l4_r4_c4_m4_w12g8_d32_s2_q2,16,5015,1,1,0.000000e+00,1,1,1,0
64qam,32,4,2.500000e-01,13747,dsp,792,bf_det_k4_l4_r1_c4_m3_w16g4_d32_s2_q2,66,3914,bf_det_k4_l1_r4_c4_m3_w16g4_d32_s2_q2,63,13241,1,1,4.762000e+00,1,0,0,0
64qam,32,4,2.500000e-01,13747,lut,793,bf_det_k4_l1_r4_c4_m4_w16g4_d64_s2_q2,17851,13217,bf_det_k4_l1_r4_c4_m4_w16g4_d32_s2_q2,17377,13217,1,1,2.728000e+00,1,0,0,0
64qam,32,4,2.500000e-01,13747,ff,794,bf_det_k4_l1_r4_c4_m3_w16g4_d32_s2_q2,13220,13241,bf_det_k4_l1_r4_c4_m3_w16g4_d32_s2_q2,13220,13241,1,1,0.000000e+00,1,1,1,0
64qam,32,4,2.500000e-01,13747,bram,795,bf_det_k4_l1_r4_c4_m4_w16g4_d32_s2_q2,15,13217,bf_det_k4_l1_r4_c4_m4_w16g4_d32_s2_q2,15,13217,1,1,0.000000e+00,1,1,1,0
64qam,32,4,2.500000e-01,20513,dsp,796,bf_det_k4_l1_r1_c4_m3_w16g4_d32_s2_q2,27,14387,bf_det_k4_l1_r1_c4_m3_w16g4_d32_s2_q2,27,14387,1,1,0.000000e+00,1,1,1,0
64qam,32,4,2.500000e-01,20513,lut,797,bf_det_k4_l1_r1_c4_m4_w12g8_d64_s2_q2,15776,19063,bf_det_k4_l1_r1_c4_m4_w12g8_d32_s2_q2,15122,19063,1,1,4.325000e+00,1,0,0,0
64qam,32,4,2.500000e-01,20513,ff,798,bf_det_k4_l1_r1_c4_m3_w12g8_d32_s2_q2,9995,19319,bf_det_k4_l1_r1_c4_m3_w12g8_d32_s2_q2,9995,19319,1,1,0.000000e+00,1,1,1,0
64qam,32,4,2.500000e-01,20513,bram,799,bf_det_k4_l1_r4_c4_m4_w14g8_d32_s2_q2,14,14221,bf_det_k4_l1_r4_c4_m4_w14g8_d32_s2_q2,14,14221,1,1,0.000000e+00,1,1,1,0
64qam,32,4,5.000000e-01,1180,dsp,800,bf_det_k4_l16_r4_c16_m3_w14g4_d32_s2_q2,387,1123,bf_det_k4_l16_r4_c16_m3_w14g4_d32_s2_q2,387,1123,1,1,0.000000e+00,1,1,1,0
64qam,32,4,5.000000e-01,1180,lut,801,bf_det_k4_l16_r4_c16_m4_w14g4_d64_s2_q2,88753,1117,bf_det_k4_l16_r4_c16_m4_w12g8_d32_s2_q2,85686,1165,1,1,3.579000e+00,1,0,0,0
64qam,32,4,5.000000e-01,1180,ff,802,bf_det_k4_l16_r4_c16_m3_w14g4_d32_s2_q2,62384,1123,bf_det_k4_l16_r4_c16_m3_w12g8_d32_s2_q2,58342,1177,1,1,6.928000e+00,1,0,0,0
64qam,32,4,5.000000e-01,1180,bram,803,bf_det_k4_l16_r4_c16_m4_w14g4_d32_s2_q2,56,1117,bf_det_k4_l16_r4_c16_m4_w12g8_d32_s2_q2,48,1165,1,1,1.666700e+01,0,0,0,0
64qam,32,4,5.000000e-01,1729,dsp,804,bf_det_k4_l16_r1_c16_m3_w14g4_d32_s2_q2,243,1594,bf_det_k4_l16_r1_c16_m3_w14g4_d32_s2_q2,243,1594,1,1,0.000000e+00,1,1,1,0
64qam,32,4,5.000000e-01,1729,lut,805,bf_det_k4_l16_r1_c16_m4_w12g8_d64_s2_q2,79061,1627,bf_det_k4_l16_r1_c16_m4_w12g8_d32_s2_q2,78441,1627,1,1,7.900000e-01,1,0,0,0
64qam,32,4,5.000000e-01,1729,ff,806,bf_det_k4_l16_r1_c16_m4_w12g8_d32_s2_q2,49663,1627,bf_det_k4_l16_r1_c16_m3_w12g8_d32_s2_q2,49491,1675,1,1,3.480000e-01,1,0,0,0
64qam,32,4,5.000000e-01,1729,bram,807,bf_det_k4_l16_r4_c16_m4_w12g8_d32_s2_q2,48,1165,bf_det_k4_l16_r4_c16_m4_w12g8_d32_s2_q2,48,1165,1,1,0.000000e+00,1,1,1,0
64qam,32,4,5.000000e-01,2533,dsp,808,bf_det_k4_l16_r1_c16_m3_w14g4_d32_s2_q2,243,1594,bf_det_k4_l16_r1_c16_m3_w14g4_d32_s2_q2,243,1594,1,1,0.000000e+00,1,1,1,0
64qam,32,4,5.000000e-01,2533,lut,809,bf_det_k4_l16_r1_c16_m4_w12g8_d64_s2_q2,79061,1627,bf_det_k4_l16_r1_c16_m4_w12g8_d32_s2_q2,78441,1627,1,1,7.900000e-01,1,0,0,0
64qam,32,4,5.000000e-01,2533,ff,810,bf_det_k4_l16_r1_c16_m3_w12g8_d32_s2_q2,49491,1675,bf_det_k4_l16_r1_c16_m3_w12g8_d32_s2_q2,49491,1675,1,1,0.000000e+00,1,1,1,0
64qam,32,4,5.000000e-01,2533,bram,811,bf_det_k4_l16_r4_c16_m4_w12g8_d32_s2_q2,48,1165,bf_det_k4_l16_r4_c16_m4_w12g8_d32_s2_q2,48,1165,1,1,0.000000e+00,1,1,1,0
64qam,32,4,5.000000e-01,3711,dsp,812,bf_det_k4_l4_r4_c4_m3_w14g4_d32_s2_q2,99,3661,bf_det_k4_l4_r4_c4_m3_w14g4_d32_s2_q2,99,3661,1,1,0.000000e+00,1,1,1,0
64qam,32,4,5.000000e-01,3711,lut,813,bf_det_k4_l4_r4_c4_m4_w14g4_d64_s2_q2,30559,3637,bf_det_k4_l4_r4_c4_m4_w14g4_d32_s2_q2,29907,3637,1,1,2.180000e+00,1,0,0,0
64qam,32,4,5.000000e-01,3711,ff,814,bf_det_k4_l4_r4_c4_m3_w14g4_d32_s2_q2,20230,3661,bf_det_k4_l4_r4_c4_m3_w14g4_d32_s2_q2,20230,3661,1,1,0.000000e+00,1,1,1,0
64qam,32,4,5.000000e-01,3711,bram,815,bf_det_k4_l4_r4_c4_m4_w14g4_d32_s2_q2,20,3637,bf_det_k4_l4_r4_c4_m4_w14g4_d32_s2_q2,20,3637,1,1,0.000000e+00,1,1,1,0
64qam,32,4,5.000000e-01,5437,dsp,816,bf_det_k4_l4_r1_c4_m3_w14g4_d32_s2_q2,66,3766,bf_det_k4_l4_r1_c4_m3_w14g4_d32_s2_q2,66,3766,1,1,0.000000e+00,1,1,1,0
64qam,32,4,5.000000e-01,5437,lut,817,bf_det_k4_l4_r1_c4_m4_w12g8_d64_s2_q2,28916,3940,bf_det_k4_l4_r1_c4_m4_w12g8_d32_s2_q2,28296,3940,1,1,2.191000e+00,1,0,0,0
64qam,32,4,5.000000e-01,5437,ff,818,bf_det_k4_l4_r1_c4_m3_w12g8_d32_s2_q2,17945,3943,bf_det_k4_l4_r1_c4_m4_w12g8_d32_s2_q2,17935,3940,1,1,5.600000e-02,1,0,0,0
64qam,32,4,5.000000e-01,5437,bram,819,bf_det_k4_l4_r4_c4_m4_w12g8_d32_s2_q2,16,3793,bf_det_k4_l4_r4_c4_m4_w12g8_d32_s2_q2,16,3793,1,1,0.000000e+00,1,1,1,0
64qam,32,4,5.000000e-01,7965,dsp,820,bf_det_k4_l4_r1_c4_m3_w14g4_d32_s2_q2,66,3766,bf_det_k4_l4_r1_c4_m3_w14g4_d32_s2_q2,66,3766,1,1,0.000000e+00,1,1,1,0
64qam,32,4,5.000000e-01,7965,lut,821,bf_det_k4_l4_r1_c4_m4_w12g8_d64_s2_q2,28916,3940,bf_det_k4_l4_r1_c4_m4_w12g8_d32_s2_q2,28296,3940,1,1,2.191000e+00,1,0,0,0
64qam,32,4,5.000000e-01,7965,ff,822,bf_det_k4_l4_r1_c4_m3_w12g8_d32_s2_q2,17945,3943,bf_det_k4_l4_r1_c4_m4_w12g8_d32_s2_q2,17935,3940,1,1,5.600000e-02,1,0,0,0
64qam,32,4,5.000000e-01,7965,bram,823,bf_det_k4_l4_r4_c4_m4_w12g8_d32_s2_q2,16,3793,bf_det_k4_l4_r4_c4_m4_w12g8_d32_s2_q2,16,3793,1,1,0.000000e+00,1,1,1,0
64qam,32,4,5.000000e-01,11669,dsp,824,bf_det_k4_l4_r1_c4_m3_w14g4_d32_s2_q2,66,3766,bf_det_k4_l4_r1_c4_m3_w14g4_d32_s2_q2,66,3766,1,1,0.000000e+00,1,1,1,0
64qam,32,4,5.000000e-01,11669,lut,825,bf_det_k4_l4_r1_c4_m4_w12g8_d64_s2_q2,28916,3940,bf_det_k4_l4_r1_c4_m4_w12g8_d32_s2_q2,28296,3940,1,1,2.191000e+00,1,0,0,0
64qam,32,4,5.000000e-01,11669,ff,826,bf_det_k4_l4_r1_c4_m3_w12g8_d32_s2_q2,17945,3943,bf_det_k4_l4_r1_c4_m4_w12g8_d32_s2_q2,17935,3940,1,1,5.600000e-02,1,0,0,0
64qam,32,4,5.000000e-01,11669,bram,827,bf_det_k4_l4_r4_c4_m4_w12g8_d32_s2_q2,16,3793,bf_det_k4_l4_r4_c4_m4_w12g8_d32_s2_q2,16,3793,1,1,0.000000e+00,1,1,1,0
64qam,32,4,5.000000e-01,17096,dsp,828,bf_det_k4_l1_r1_c4_m3_w14g4_d32_s2_q2,27,13831,bf_det_k4_l1_r1_c4_m3_w14g4_d32_s2_q2,27,13831,1,1,0.000000e+00,1,1,1,0
64qam,32,4,5.000000e-01,17096,lut,829,bf_det_k4_l1_r1_c4_m4_w12g8_d64_s2_q2,15776,14419,bf_det_k4_l1_r1_c4_m4_w12g8_d32_s2_q2,15122,14419,1,1,4.325000e+00,1,0,0,0
64qam,32,4,5.000000e-01,17096,ff,830,bf_det_k4_l1_r1_c4_m3_w12g8_d32_s2_q2,9995,14611,bf_det_k4_l1_r1_c4_m3_w12g8_d32_s2_q2,9995,14611,1,1,0.000000e+00,1,1,1,0
64qam,32,4,5.000000e-01,17096,bram,831,bf_det_k4_l1_r4_c4_m4_w14g4_d32_s2_q2,14,12661,bf_det_k4_l1_r4_c4_m4_w14g4_d32_s2_q2,14,12661,1,1,0.000000e+00,1,1,1,0
64qam,32,4,1.000000e+00,1180,dsp,800,bf_det_k4_l16_r4_c16_m3_w14g4_d32_s2_q2,387,1123,bf_det_k4_l16_r4_c16_m3_w14g4_d32_s2_q2,387,1123,1,1,0.000000e+00,1,1,1,0
64qam,32,4,1.000000e+00,1180,lut,801,bf_det_k4_l16_r4_c16_m4_w14g4_d64_s2_q2,88753,1117,bf_det_k4_l16_r4_c16_m4_w12g8_d32_s2_q2,85686,1165,1,1,3.579000e+00,1,0,0,0
64qam,32,4,1.000000e+00,1180,ff,802,bf_det_k4_l16_r4_c16_m3_w14g4_d32_s2_q2,62384,1123,bf_det_k4_l16_r4_c16_m3_w12g8_d32_s2_q2,58342,1177,1,1,6.928000e+00,1,0,0,0
64qam,32,4,1.000000e+00,1180,bram,803,bf_det_k4_l16_r4_c16_m4_w14g4_d32_s2_q2,56,1117,bf_det_k4_l16_r4_c16_m4_w12g8_d32_s2_q2,48,1165,1,1,1.666700e+01,0,0,0,0
64qam,32,4,1.000000e+00,1729,dsp,804,bf_det_k4_l16_r1_c16_m3_w14g4_d32_s2_q2,243,1594,bf_det_k4_l16_r1_c16_m3_w14g4_d32_s2_q2,243,1594,1,1,0.000000e+00,1,1,1,0
64qam,32,4,1.000000e+00,1729,lut,805,bf_det_k4_l16_r1_c16_m4_w12g8_d64_s2_q2,79061,1627,bf_det_k4_l16_r1_c16_m4_w12g8_d32_s2_q2,78441,1627,1,1,7.900000e-01,1,0,0,0
64qam,32,4,1.000000e+00,1729,ff,806,bf_det_k4_l16_r1_c16_m4_w12g8_d32_s2_q2,49663,1627,bf_det_k4_l16_r1_c16_m3_w12g8_d32_s2_q2,49491,1675,1,1,3.480000e-01,1,0,0,0
64qam,32,4,1.000000e+00,1729,bram,807,bf_det_k4_l16_r4_c16_m4_w12g8_d32_s2_q2,48,1165,bf_det_k4_l16_r4_c16_m4_w12g8_d32_s2_q2,48,1165,1,1,0.000000e+00,1,1,1,0
64qam,32,4,1.000000e+00,2533,dsp,808,bf_det_k4_l16_r1_c16_m3_w14g4_d32_s2_q2,243,1594,bf_det_k4_l16_r1_c16_m3_w14g4_d32_s2_q2,243,1594,1,1,0.000000e+00,1,1,1,0
64qam,32,4,1.000000e+00,2533,lut,809,bf_det_k4_l16_r1_c16_m4_w12g8_d64_s2_q2,79061,1627,bf_det_k4_l16_r1_c16_m4_w12g8_d32_s2_q2,78441,1627,1,1,7.900000e-01,1,0,0,0
64qam,32,4,1.000000e+00,2533,ff,810,bf_det_k4_l16_r1_c16_m3_w12g8_d32_s2_q2,49491,1675,bf_det_k4_l16_r1_c16_m3_w12g8_d32_s2_q2,49491,1675,1,1,0.000000e+00,1,1,1,0
64qam,32,4,1.000000e+00,2533,bram,811,bf_det_k4_l16_r4_c16_m4_w12g8_d32_s2_q2,48,1165,bf_det_k4_l16_r4_c16_m4_w12g8_d32_s2_q2,48,1165,1,1,0.000000e+00,1,1,1,0
64qam,32,4,1.000000e+00,3711,dsp,812,bf_det_k4_l4_r4_c4_m3_w14g4_d32_s2_q2,99,3661,bf_det_k4_l4_r4_c4_m3_w14g4_d32_s2_q2,99,3661,1,1,0.000000e+00,1,1,1,0
64qam,32,4,1.000000e+00,3711,lut,813,bf_det_k4_l4_r4_c4_m4_w14g4_d64_s2_q2,30559,3637,bf_det_k4_l4_r4_c4_m4_w14g4_d32_s2_q2,29907,3637,1,1,2.180000e+00,1,0,0,0
64qam,32,4,1.000000e+00,3711,ff,814,bf_det_k4_l4_r4_c4_m3_w14g4_d32_s2_q2,20230,3661,bf_det_k4_l4_r4_c4_m3_w14g4_d32_s2_q2,20230,3661,1,1,0.000000e+00,1,1,1,0
64qam,32,4,1.000000e+00,3711,bram,815,bf_det_k4_l4_r4_c4_m4_w14g4_d32_s2_q2,20,3637,bf_det_k4_l4_r4_c4_m4_w14g4_d32_s2_q2,20,3637,1,1,0.000000e+00,1,1,1,0
64qam,32,4,1.000000e+00,5437,dsp,816,bf_det_k4_l4_r1_c4_m3_w14g4_d32_s2_q2,66,3766,bf_det_k4_l4_r1_c4_m3_w14g4_d32_s2_q2,66,3766,1,1,0.000000e+00,1,1,1,0
64qam,32,4,1.000000e+00,5437,lut,817,bf_det_k4_l4_r1_c4_m4_w12g8_d64_s2_q2,28916,3940,bf_det_k4_l4_r1_c4_m4_w12g8_d32_s2_q2,28296,3940,1,1,2.191000e+00,1,0,0,0
64qam,32,4,1.000000e+00,5437,ff,818,bf_det_k4_l4_r1_c4_m3_w12g8_d32_s2_q2,17945,3943,bf_det_k4_l4_r1_c4_m4_w12g8_d32_s2_q2,17935,3940,1,1,5.600000e-02,1,0,0,0
64qam,32,4,1.000000e+00,5437,bram,819,bf_det_k4_l4_r4_c4_m4_w12g8_d32_s2_q2,16,3793,bf_det_k4_l4_r4_c4_m4_w12g8_d32_s2_q2,16,3793,1,1,0.000000e+00,1,1,1,0
64qam,32,4,1.000000e+00,7965,dsp,820,bf_det_k4_l4_r1_c4_m3_w14g4_d32_s2_q2,66,3766,bf_det_k4_l4_r1_c4_m3_w14g4_d32_s2_q2,66,3766,1,1,0.000000e+00,1,1,1,0
64qam,32,4,1.000000e+00,7965,lut,821,bf_det_k4_l4_r1_c4_m4_w12g8_d64_s2_q2,28916,3940,bf_det_k4_l4_r1_c4_m4_w12g8_d32_s2_q2,28296,3940,1,1,2.191000e+00,1,0,0,0
64qam,32,4,1.000000e+00,7965,ff,822,bf_det_k4_l4_r1_c4_m3_w12g8_d32_s2_q2,17945,3943,bf_det_k4_l4_r1_c4_m4_w12g8_d32_s2_q2,17935,3940,1,1,5.600000e-02,1,0,0,0
64qam,32,4,1.000000e+00,7965,bram,823,bf_det_k4_l4_r4_c4_m4_w12g8_d32_s2_q2,16,3793,bf_det_k4_l4_r4_c4_m4_w12g8_d32_s2_q2,16,3793,1,1,0.000000e+00,1,1,1,0
64qam,32,4,1.000000e+00,11669,dsp,824,bf_det_k4_l4_r1_c4_m3_w14g4_d32_s2_q2,66,3766,bf_det_k4_l4_r1_c4_m3_w14g4_d32_s2_q2,66,3766,1,1,0.000000e+00,1,1,1,0
64qam,32,4,1.000000e+00,11669,lut,825,bf_det_k4_l4_r1_c4_m4_w12g8_d64_s2_q2,28916,3940,bf_det_k4_l4_r1_c4_m4_w12g8_d32_s2_q2,28296,3940,1,1,2.191000e+00,1,0,0,0
64qam,32,4,1.000000e+00,11669,ff,826,bf_det_k4_l4_r1_c4_m3_w12g8_d32_s2_q2,17945,3943,bf_det_k4_l4_r1_c4_m4_w12g8_d32_s2_q2,17935,3940,1,1,5.600000e-02,1,0,0,0
64qam,32,4,1.000000e+00,11669,bram,827,bf_det_k4_l4_r4_c4_m4_w12g8_d32_s2_q2,16,3793,bf_det_k4_l4_r4_c4_m4_w12g8_d32_s2_q2,16,3793,1,1,0.000000e+00,1,1,1,0
64qam,32,4,1.000000e+00,17096,dsp,828,bf_det_k4_l1_r1_c4_m3_w14g4_d32_s2_q2,27,13831,bf_det_k4_l1_r1_c4_m3_w14g4_d32_s2_q2,27,13831,1,1,0.000000e+00,1,1,1,0
64qam,32,4,1.000000e+00,17096,lut,829,bf_det_k4_l1_r1_c4_m4_w12g8_d64_s2_q2,15776,14419,bf_det_k4_l1_r1_c4_m4_w12g8_d32_s2_q2,15122,14419,1,1,4.325000e+00,1,0,0,0
64qam,32,4,1.000000e+00,17096,ff,830,bf_det_k4_l1_r1_c4_m3_w12g8_d32_s2_q2,9995,14611,bf_det_k4_l1_r1_c4_m3_w12g8_d32_s2_q2,9995,14611,1,1,0.000000e+00,1,1,1,0
64qam,32,4,1.000000e+00,17096,bram,831,bf_det_k4_l1_r4_c4_m4_w14g4_d32_s2_q2,14,12661,bf_det_k4_l1_r4_c4_m4_w14g4_d32_s2_q2,14,12661,1,1,0.000000e+00,1,1,1,0
64qam,32,8,2.500000e-01,2902,dsp,832,bf_det_k8_l16_r8_c16_m3_w16g4_d32_s2_q2,579,2703,bf_det_k8_l16_r8_c16_m3_w16g4_d32_s2_q2,579,2703,1,1,0.000000e+00,1,1,1,0
64qam,32,8,2.500000e-01,2902,lut,833,bf_det_k8_l16_r8_c16_m4_w14g8_d64_s2_q2,105784,2837,bf_det_k8_l16_r8_c16_m4_w14g8_d32_s2_q2,105139,2837,1,1,6.130000e-01,1,0,0,0
64qam,32,8,2.500000e-01,2902,ff,834,bf_det_k8_l16_r8_c16_m3_w14g8_d32_s2_q2,79912,2849,bf_det_k8_l16_r8_c16_m3_w14g8_d32_s2_q2,79912,2849,1,1,0.000000e+00,1,1,1,0
64qam,32,8,2.500000e-01,2902,bram,835,bf_det_k8_l16_r8_c16_m4_w14g8_d32_s2_q2,69,2837,bf_det_k8_l16_r8_c16_m4_w14g8_d32_s2_q2,69,2837,1,1,0.000000e+00,1,1,1,0
64qam,32,8,2.500000e-01,4287,dsp,836,bf_det_k8_l16_r4_c16_m3_w16g4_d32_s2_q2,387,3099,bf_det_k8_l16_r4_c16_m3_w16g4_d32_s2_q2,387,3099,1,1,0.000000e+00,1,1,1,0
64qam,32,8,2.500000e-01,4287,lut,837,bf_det_k8_l16_r4_c16_m4_w14g8_d64_s2_q2,95834,3221,bf_det_k8_l16_r4_c16_m4_w14g8_d32_s2_q2,95189,3221,1,1,6.780000e-01,1,0,0,0
64qam,32,8,2.500000e-01,4287,ff,838,bf_det_k8_l16_r4_c16_m3_w14g8_d32_s2_q2,67387,3245,bf_det_k8_l16_r4_c16_m3_w14g8_d32_s2_q2,67387,3245,1,1,0.000000e+00,1,1,1,0
64qam,32,8,2.500000e-01,4287,bram,839,bf_det_k8_l16_r8_c16_m4_w14g8_d32_s2_q2,69,2837,bf_det_k8_l16_r8_c16_m4_w14g8_d32_s2_q2,69,2837,1,1,0.000000e+00,1,1,1,0
64qam,32,8,2.500000e-01,6331,dsp,840,bf_det_k8_l16_r1_c16_m3_w16g4_d32_s2_q2,243,5379,bf_det_k8_l16_r1_c16_m3_w16g4_d32_s2_q2,243,5379,1,1,0.000000e+00,1,1,1,0
64qam,32,8,2.500000e-01,6331,lut,841,bf_det_k8_l16_r1_c16_m4_w14g8_d64_s2_q2,88037,5429,bf_det_k8_l16_r1_c16_m4_w14g8_d32_s2_q2,87392,5429,1,1,7.380000e-01,1,0,0,0
64qam,32,8,2.500000e-01,6331,ff,842,bf_det_k8_l16_r1_c16_m3_w14g8_d32_s2_q2,57161,5525,bf_det_k8_l16_r1_c16_m3_w14g8_d32_s2_q2,57161,5525,1,1,0.000000e+00,1,1,1,0
64qam,32,8,2.500000e-01,6331,bram,843,bf_det_k8_l16_r8_c16_m4_w14g8_d32_s2_q2,69,2837,bf_det_k8_l16_r8_c16_m4_w14g8_d32_s2_q2,69,2837,1,1,0.000000e+00,1,1,1,0
64qam,32,8,2.500000e-01,9350,dsp,844,bf_det_k8_l4_r8_c4_m3_w16g4_d32_s2_q2,147,9147,bf_det_k8_l4_r8_c4_m3_w16g4_d32_s2_q2,147,9147,1,1,0.000000e+00,1,1,1,0
64qam,32,8,2.500000e-01,9350,lut,845,bf_det_k8_l4_r8_c4_m4_w16g4_d64_s2_q2,37325,9099,bf_det_k8_l4_r8_c4_m4_w16g4_d32_s2_q2,36910,9099,1,1,1.124000e+00,1,0,0,0
64qam,32,8,2.500000e-01,9350,ff,846,bf_det_k8_l4_r8_c4_m3_w16g4_d32_s2_q2,25291,9147,bf_det_k8_l4_r8_c4_m3_w16g4_d32_s2_q2,25291,9147,1,1,0.000000e+00,1,1,1,0
64qam,32,8,2.500000e-01,9350,bram,847,bf_det_k8_l4_r8_c4_m4_w16g4_d32_s2_q2,56,9099,bf_det_k8_l4_r8_c4_m4_w16g4_d32_s2_q2,56,9099,1,1,0.000000e+00,1,1,1,0
64qam,32,8,2.500000e-01,13809,dsp,848,bf_det_k8_l4_r1_c4_m3_w16g4_d32_s2_q2,66,11613,bf_det_k8_l4_r1_c4_m3_w16g4_d32_s2_q2,66,11613,1,1,0.000000e+00,1,1,1,0
64qam,32,8,2.500000e-01,13809,lut,849,bf_det_k8_l4_r1_c4_m4_w16g4_d64_s2_q2,33149,11607,bf_det_k8_l4_r1_c4_m3_w14g8_d32_s2_q2,32695,12125,1,1,1.389000e+00,1,0,0,0
64qam,32,8,2.500000e-01,13809,ff,850,bf_det_k8_l4_r1_c4_m3_w14g8_d32_s2_q2,20037,12125,bf_det_k8_l4_r1_c4_m3_w16g4_d32_s2_q2,19686,11613,1,1,1.783000e+00,1,0,0,0
64qam,32,8,2.500000e-01,13809,bram,851,bf_det_k8_l4_r8_c4_m4_w14g8_d32_s2_q2,24,9563,bf_det_k8_l4_r8_c4_m4_w14g8_d32_s2_q2,24,9563,1,1,0.000000e+00,1,1,1,0
64qam,32,8,2.500000e-01,20395,dsp,852,bf_det_k8_l4_r1_c4_m3_w16g4_d32_s2_q2,66,11613,bf_det_k8_l4_r1_c4_m3_w16g4_d32_s2_q2,66,11613,1,1,0.000000e+00,1,1,1,0
64qam,32,8,2.500000e-01,20395,lut,853,bf_det_k8_l4_r1_c4_m4_w16g4_d64_s2_q2,33149,11607,bf_det_k8_l4_r1_c4_m3_w14g8_d32_s2_q2,32695,12125,1,1,1.389000e+00,1,0,0,0
64qam,32,8,2.500000e-01,20395,ff,854,bf_det_k8_l4_r1_c4_m3_w14g8_d32_s2_q2,20037,12125,bf_det_k8_l4_r1_c4_m3_w16g4_d32_s2_q2,19686,11613,1,1,1.783000e+00,1,0,0,0
64qam,32,8,2.500000e-01,20395,bram,855,bf_det_k8_l4_r8_c4_m4_w14g8_d32_s2_q2,24,9563,bf_det_k8_l4_r8_c4_m4_w14g8_d32_s2_q2,24,9563,1,1,0.000000e+00,1,1,1,0
64qam,32,8,2.500000e-01,30122,dsp,856,bf_det_k8_l4_r1_c4_m3_w16g4_d32_s2_q2,66,11613,bf_det_k8_l4_r1_c4_m3_w16g4_d32_s2_q2,66,11613,1,1,0.000000e+00,1,1,1,0
64qam,32,8,2.500000e-01,30122,lut,857,bf_det_k8_l4_r1_c4_m4_w16g4_d64_s2_q2,33149,11607,bf_det_k8_l4_r1_c4_m3_w14g8_d32_s2_q2,32695,12125,1,1,1.389000e+00,1,0,0,0
64qam,32,8,2.500000e-01,30122,ff,858,bf_det_k8_l4_r1_c4_m3_w14g8_d32_s2_q2,20037,12125,bf_det_k8_l4_r1_c4_m3_w16g4_d32_s2_q2,19686,11613,1,1,1.783000e+00,1,0,0,0
64qam,32,8,2.500000e-01,30122,bram,859,bf_det_k8_l4_r8_c4_m4_w14g8_d32_s2_q2,24,9563,bf_det_k8_l4_r8_c4_m4_w14g8_d32_s2_q2,24,9563,1,1,0.000000e+00,1,1,1,0
64qam,32,8,2.500000e-01,44488,dsp,860,bf_det_k8_l1_r1_c4_m3_w16g4_d32_s2_q2,27,38415,bf_det_k8_l1_r1_c4_m3_w16g4_d32_s2_q2,27,38415,1,1,0.000000e+00,1,1,1,0
64qam,32,8,2.500000e-01,44488,lut,861,bf_det_k8_l1_r1_c4_m4_w16g4_d64_s2_q2,16427,38031,bf_det_k8_l1_r1_c4_m4_w16g4_d32_s2_q2,15976,38031,1,1,2.823000e+00,1,0,0,0
64qam,32,8,2.500000e-01,44488,ff,862,bf_det_k8_l1_r1_c4_m3_w14g8_d32_s2_q2,10467,40007,bf_det_k8_l1_r1_c4_m3_w16g4_d32_s2_q2,10445,38415,1,1,2.110000e-01,1,0,0,0
64qam,32,8,2.500000e-01,44488,bram,863,bf_det_k8_l1_r8_c4_m4_w14g8_d32_s2_q2,15,33203,bf_det_k8_l1_r8_c4_m4_w14g8_d32_s2_q2,15,33203,1,1,0.000000e+00,1,1,1,0
64qam,32,8,5.000000e-01,2773,dsp,96,bf_det_k8_l16_r8_c16_m3_w14g4_d32_s2_q2,579,2609,bf_det_k8_l16_r8_c16_m3_w14g4_d32_s2_q2,579,2609,1,1,0.000000e+00,1,1,1,0
64qam,32,8,5.000000e-01,2773,lut,97,bf_det_k8_l16_r8_c16_m4_w12g8_d64_s2_q2,99106,2693,bf_det_k8_l16_r8_c16_m4_w12g8_d32_s2_q2,98493,2693,1,1,6.220000e-01,1,0,0,0
64qam,32,8,5.000000e-01,2773,ff,98,bf_det_k8_l16_r8_c16_m3_w12g8_d32_s2_q2,70726,2717,bf_det_k8_l16_r8_c16_m3_w12g8_d32_s2_q2,70726,2717,1,1,0.000000e+00,1,1,1,0
64qam,32,8,5.000000e-01,2773,bram,99,bf_det_k8_l16_r8_c16_m4_w12g8_d32_s2_q2,59,2693,bf_det_k8_l16_r8_c16_m4_w12g8_d32_s2_q2,59,2693,1,1,0.000000e+00,1,1,1,0
64qam,32,8,5.000000e-01,4122,dsp,100,bf_det_k8_l16_r4_c16_m3_w14g4_d32_s2_q2,387,3005,bf_det_k8_l16_r4_c16_m3_w14g4_d32_s2_q2,387,3005,1,1,0.000000e+00,1,1,1,0
64qam,32,8,5.000000e-01,4122,lut,101,bf_det_k8_l16_r4_c16_m4_w12g8_d64_s2_q2,89668,3065,bf_det_k8_l16_r4_c16_m4_w12g8_d32_s2_q2,89055,3065,1,1,6.880000e-01,1,0,0,0
64qam,32,8,5.000000e-01,4122,ff,102,bf_det_k8_l16_r4_c16_m3_w12g8_d32_s2_q2,59850,3113,bf_det_k8_l16_r4_c16_m3_w12g8_d32_s2_q2,59850,3113,1,1,0.000000e+00,1,1,1,0
64qam,32,8,5.000000e-01,4122,bram,103,bf_det_k8_l16_r8_c16_m4_w12g8_d32_s2_q2,59,2693,bf_det_k8_l16_r8_c16_m4_w12g8_d32_s2_q2,59,2693,1,1,0.000000e+00,1,1,1,0
64qam,32,8,5.000000e-01,6127,dsp,104,bf_det_k8_l16_r1_c16_m3_w14g4_d32_s2_q2,243,5285,bf_det_k8_l16_r1_c16_m3_w14g4_d32_s2_q2,243,5285,1,1,0.000000e+00,1,1,1,0
64qam,32,8,5.000000e-01,6127,lut,105,bf_det_k8_l16_r1_c16_m4_w12g8_d64_s2_q2,82265,5201,bf_det_k8_l16_r1_c16_m4_w12g8_d32_s2_q2,81652,5201,1,1,7.510000e-01,1,0,0,0
64qam,32,8,5.000000e-01,6127,ff,106,bf_det_k8_l16_r1_c16_m3_w12g8_d32_s2_q2,50839,5393,bf_det_k8_l16_r1_c16_m3_w12g8_d32_s2_q2,50839,5393,1,1,0.000000e+00,1,1,1,0
64qam,32,8,5.000000e-01,6127,bram,107,bf_det_k8_l16_r8_c16_m4_w12g8_d32_s2_q2,59,2693,bf_det_k8_l16_r8_c16_m4_w12g8_d32_s2_q2,59,2693,1,1,0.000000e+00,1,1,1,0
64qam,32,8,5.000000e-01,9109,dsp,108,bf_det_k8_l4_r8_c4_m3_w14g4_d32_s2_q2,147,8843,bf_det_k8_l4_r8_c4_m3_w14g4_d32_s2_q2,147,8843,1,1,0.000000e+00,1,1,1,0
64qam,32,8,5.000000e-01,9109,lut,109,bf_det_k8_l4_r8_c4_m4_w14g4_d64_s2_q2,36323,8747,bf_det_k8_l4_r8_c4_m4_w12g8_d32_s2_q2,35518,9107,1,1,2.266000e+00,1,0,0,0
64qam,32,8,5.000000e-01,9109,ff,110,bf_det_k8_l4_r8_c4_m3_w14g4_d32_s2_q2,24084,8843,bf_det_k8_l4_r8_c4_m3_w14g4_d32_s2_q2,24084,8843,1,1,0.000000e+00,1,1,1,0
64qam,32,8,5.000000e-01,9109,bram,111,bf_det_k8_l4_r8_c4_m4_w14g4_d32_s2_q2,24,8747,bf_det_k8_l4_r8_c4_m4_w12g8_d32_s2_q2,19,9107,1,1,2.631600e+01,0,0,0,0
64qam,32,8,5.000000e-01,13541,dsp,112,bf_det_k8_l4_r1_c4_m3_w14g4_d32_s2_q2,66,11309,bf_det_k8_l4_r1_c4_m3_w14g4_d32_s2_q2,66,11309,1,1,0.000000e+00,1,1,1,0
64qam,32,8,5.000000e-01,13541,lut,113,bf_det_k8_l4_r1_c4_m4_w12g8_d64_s2_q2,32147,11663,bf_det_k8_l4_r1_c4_m3_w12g8_d32_s2_q2,31430,11669,1,1,2.281000e+00,1,0,0,0
64qam,32,8,5.000000e-01,13541,ff,114,bf_det_k8_l4_r1_c4_m3_w12g8_d32_s2_q2,18315,11669,bf_det_k8_l4_r1_c4_m3_w12g8_d32_s2_q2,18315,11669,1,1,0.000000e+00,1,1,1,0
64qam,32,8,5.000000e-01,13541,bram,115,bf_det_k8_l4_r8_c4_m4_w12g8_d32_s2_q2,19,9107,bf_det_k8_l4_r8_c4_m4_w12g8_d32_s2_q2,19,9107,1,1,0.000000e+00,1,1,1,0
64qam,32,8,5.000000e-01,20130,dsp,116,bf_det_k8_l4_r1_c4_m3_w14g4_d32_s2_q2,66,11309,bf_det_k8_l4_r1_c4_m3_w14g4_d32_s2_q2,66,11309,1,1,0.000000e+00,1,1,1,0
64qam,32,8,5.000000e-01,20130,lut,117,bf_det_k8_l4_r1_c4_m4_w12g8_d64_s2_q2,32147,11663,bf_det_k8_l4_r1_c4_m3_w12g8_d32_s2_q2,31430,11669,1,1,2.281000e+00,1,0,0,0
64qam,32,8,5.000000e-01,20130,ff,118,bf_det_k8_l4_r1_c4_m3_w12g8_d32_s2_q2,18315,11669,bf_det_k8_l4_r1_c4_m3_w12g8_d32_s2_q2,18315,11669,1,1,0.000000e+00,1,1,1,0
64qam,32,8,5.000000e-01,20130,bram,119,bf_det_k8_l4_r8_c4_m4_w12g8_d32_s2_q2,19,9107,bf_det_k8_l4_r8_c4_m4_w12g8_d32_s2_q2,19,9107,1,1,0.000000e+00,1,1,1,0
64qam,32,8,5.000000e-01,29926,dsp,120,bf_det_k8_l4_r1_c4_m3_w14g4_d32_s2_q2,66,11309,bf_det_k8_l4_r1_c4_m3_w14g4_d32_s2_q2,66,11309,1,1,0.000000e+00,1,1,1,0
64qam,32,8,5.000000e-01,29926,lut,121,bf_det_k8_l4_r1_c4_m4_w12g8_d64_s2_q2,32147,11663,bf_det_k8_l4_r1_c4_m3_w12g8_d32_s2_q2,31430,11669,1,1,2.281000e+00,1,0,0,0
64qam,32,8,5.000000e-01,29926,ff,122,bf_det_k8_l4_r1_c4_m3_w12g8_d32_s2_q2,18315,11669,bf_det_k8_l4_r1_c4_m3_w12g8_d32_s2_q2,18315,11669,1,1,0.000000e+00,1,1,1,0
64qam,32,8,5.000000e-01,29926,bram,123,bf_det_k8_l4_r8_c4_m4_w12g8_d32_s2_q2,19,9107,bf_det_k8_l4_r8_c4_m4_w12g8_d32_s2_q2,19,9107,1,1,0.000000e+00,1,1,1,0
64qam,32,8,5.000000e-01,44488,dsp,124,bf_det_k8_l1_r1_c4_m3_w14g4_d32_s2_q2,27,36887,bf_det_k8_l1_r1_c4_m3_w14g4_d32_s2_q2,27,36887,1,1,0.000000e+00,1,1,1,0
64qam,32,8,5.000000e-01,44488,lut,125,bf_det_k8_l1_r1_c4_m4_w12g8_d64_s2_q2,16570,37679,bf_det_k8_l1_r1_c4_m4_w12g8_d32_s2_q2,15923,37679,1,1,4.063000e+00,1,0,0,0
64qam,32,8,5.000000e-01,44488,ff,126,bf_det_k8_l1_r1_c4_m3_w12g8_d32_s2_q2,10115,38447,bf_det_k8_l1_r1_c4_m3_w12g8_d32_s2_q2,10115,38447,1,1,0.000000e+00,1,1,1,0
64qam,32,8,5.000000e-01,44488,bram,127,bf_det_k8_l1_r8_c4_m4_w14g4_d32_s2_q2,15,30083,bf_det_k8_l1_r8_c4_m4_w14g4_d32_s2_q2,15,30083,1,1,0.000000e+00,1,1,1,0
64qam,32,8,1.000000e+00,2773,dsp,96,bf_det_k8_l16_r8_c16_m3_w14g4_d32_s2_q2,579,2609,bf_det_k8_l16_r8_c16_m3_w14g4_d32_s2_q2,579,2609,1,1,0.000000e+00,1,1,1,0
64qam,32,8,1.000000e+00,2773,lut,97,bf_det_k8_l16_r8_c16_m4_w12g8_d64_s2_q2,99106,2693,bf_det_k8_l16_r8_c16_m4_w12g8_d32_s2_q2,98493,2693,1,1,6.220000e-01,1,0,0,0
64qam,32,8,1.000000e+00,2773,ff,98,bf_det_k8_l16_r8_c16_m3_w12g8_d32_s2_q2,70726,2717,bf_det_k8_l16_r8_c16_m3_w12g8_d32_s2_q2,70726,2717,1,1,0.000000e+00,1,1,1,0
64qam,32,8,1.000000e+00,2773,bram,99,bf_det_k8_l16_r8_c16_m4_w12g8_d32_s2_q2,59,2693,bf_det_k8_l16_r8_c16_m4_w12g8_d32_s2_q2,59,2693,1,1,0.000000e+00,1,1,1,0
64qam,32,8,1.000000e+00,4122,dsp,100,bf_det_k8_l16_r4_c16_m3_w14g4_d32_s2_q2,387,3005,bf_det_k8_l16_r4_c16_m3_w14g4_d32_s2_q2,387,3005,1,1,0.000000e+00,1,1,1,0
64qam,32,8,1.000000e+00,4122,lut,101,bf_det_k8_l16_r4_c16_m4_w12g8_d64_s2_q2,89668,3065,bf_det_k8_l16_r4_c16_m4_w12g8_d32_s2_q2,89055,3065,1,1,6.880000e-01,1,0,0,0
64qam,32,8,1.000000e+00,4122,ff,102,bf_det_k8_l16_r4_c16_m3_w12g8_d32_s2_q2,59850,3113,bf_det_k8_l16_r4_c16_m3_w12g8_d32_s2_q2,59850,3113,1,1,0.000000e+00,1,1,1,0
64qam,32,8,1.000000e+00,4122,bram,103,bf_det_k8_l16_r8_c16_m4_w12g8_d32_s2_q2,59,2693,bf_det_k8_l16_r8_c16_m4_w12g8_d32_s2_q2,59,2693,1,1,0.000000e+00,1,1,1,0
64qam,32,8,1.000000e+00,6127,dsp,104,bf_det_k8_l16_r1_c16_m3_w14g4_d32_s2_q2,243,5285,bf_det_k8_l16_r1_c16_m3_w14g4_d32_s2_q2,243,5285,1,1,0.000000e+00,1,1,1,0
64qam,32,8,1.000000e+00,6127,lut,105,bf_det_k8_l16_r1_c16_m4_w12g8_d64_s2_q2,82265,5201,bf_det_k8_l16_r1_c16_m4_w12g8_d32_s2_q2,81652,5201,1,1,7.510000e-01,1,0,0,0
64qam,32,8,1.000000e+00,6127,ff,106,bf_det_k8_l16_r1_c16_m3_w12g8_d32_s2_q2,50839,5393,bf_det_k8_l16_r1_c16_m3_w12g8_d32_s2_q2,50839,5393,1,1,0.000000e+00,1,1,1,0
64qam,32,8,1.000000e+00,6127,bram,107,bf_det_k8_l16_r8_c16_m4_w12g8_d32_s2_q2,59,2693,bf_det_k8_l16_r8_c16_m4_w12g8_d32_s2_q2,59,2693,1,1,0.000000e+00,1,1,1,0
64qam,32,8,1.000000e+00,9109,dsp,108,bf_det_k8_l4_r8_c4_m3_w14g4_d32_s2_q2,147,8843,bf_det_k8_l4_r8_c4_m3_w14g4_d32_s2_q2,147,8843,1,1,0.000000e+00,1,1,1,0
64qam,32,8,1.000000e+00,9109,lut,109,bf_det_k8_l4_r8_c4_m4_w14g4_d64_s2_q2,36323,8747,bf_det_k8_l4_r8_c4_m4_w12g8_d32_s2_q2,35518,9107,1,1,2.266000e+00,1,0,0,0
64qam,32,8,1.000000e+00,9109,ff,110,bf_det_k8_l4_r8_c4_m3_w14g4_d32_s2_q2,24084,8843,bf_det_k8_l4_r8_c4_m3_w14g4_d32_s2_q2,24084,8843,1,1,0.000000e+00,1,1,1,0
64qam,32,8,1.000000e+00,9109,bram,111,bf_det_k8_l4_r8_c4_m4_w14g4_d32_s2_q2,24,8747,bf_det_k8_l4_r8_c4_m4_w12g8_d32_s2_q2,19,9107,1,1,2.631600e+01,0,0,0,0
64qam,32,8,1.000000e+00,13541,dsp,112,bf_det_k8_l4_r1_c4_m3_w14g4_d32_s2_q2,66,11309,bf_det_k8_l4_r1_c4_m3_w14g4_d32_s2_q2,66,11309,1,1,0.000000e+00,1,1,1,0
64qam,32,8,1.000000e+00,13541,lut,113,bf_det_k8_l4_r1_c4_m4_w12g8_d64_s2_q2,32147,11663,bf_det_k8_l4_r1_c4_m3_w12g8_d32_s2_q2,31430,11669,1,1,2.281000e+00,1,0,0,0
64qam,32,8,1.000000e+00,13541,ff,114,bf_det_k8_l4_r1_c4_m3_w12g8_d32_s2_q2,18315,11669,bf_det_k8_l4_r1_c4_m3_w12g8_d32_s2_q2,18315,11669,1,1,0.000000e+00,1,1,1,0
64qam,32,8,1.000000e+00,13541,bram,115,bf_det_k8_l4_r8_c4_m4_w12g8_d32_s2_q2,19,9107,bf_det_k8_l4_r8_c4_m4_w12g8_d32_s2_q2,19,9107,1,1,0.000000e+00,1,1,1,0
64qam,32,8,1.000000e+00,20130,dsp,116,bf_det_k8_l4_r1_c4_m3_w14g4_d32_s2_q2,66,11309,bf_det_k8_l4_r1_c4_m3_w14g4_d32_s2_q2,66,11309,1,1,0.000000e+00,1,1,1,0
64qam,32,8,1.000000e+00,20130,lut,117,bf_det_k8_l4_r1_c4_m4_w12g8_d64_s2_q2,32147,11663,bf_det_k8_l4_r1_c4_m3_w12g8_d32_s2_q2,31430,11669,1,1,2.281000e+00,1,0,0,0
64qam,32,8,1.000000e+00,20130,ff,118,bf_det_k8_l4_r1_c4_m3_w12g8_d32_s2_q2,18315,11669,bf_det_k8_l4_r1_c4_m3_w12g8_d32_s2_q2,18315,11669,1,1,0.000000e+00,1,1,1,0
64qam,32,8,1.000000e+00,20130,bram,119,bf_det_k8_l4_r8_c4_m4_w12g8_d32_s2_q2,19,9107,bf_det_k8_l4_r8_c4_m4_w12g8_d32_s2_q2,19,9107,1,1,0.000000e+00,1,1,1,0
64qam,32,8,1.000000e+00,29926,dsp,120,bf_det_k8_l4_r1_c4_m3_w14g4_d32_s2_q2,66,11309,bf_det_k8_l4_r1_c4_m3_w14g4_d32_s2_q2,66,11309,1,1,0.000000e+00,1,1,1,0
64qam,32,8,1.000000e+00,29926,lut,121,bf_det_k8_l4_r1_c4_m4_w12g8_d64_s2_q2,32147,11663,bf_det_k8_l4_r1_c4_m3_w12g8_d32_s2_q2,31430,11669,1,1,2.281000e+00,1,0,0,0
64qam,32,8,1.000000e+00,29926,ff,122,bf_det_k8_l4_r1_c4_m3_w12g8_d32_s2_q2,18315,11669,bf_det_k8_l4_r1_c4_m3_w12g8_d32_s2_q2,18315,11669,1,1,0.000000e+00,1,1,1,0
64qam,32,8,1.000000e+00,29926,bram,123,bf_det_k8_l4_r8_c4_m4_w12g8_d32_s2_q2,19,9107,bf_det_k8_l4_r8_c4_m4_w12g8_d32_s2_q2,19,9107,1,1,0.000000e+00,1,1,1,0
64qam,32,8,1.000000e+00,44488,dsp,124,bf_det_k8_l1_r1_c4_m3_w14g4_d32_s2_q2,27,36887,bf_det_k8_l1_r1_c4_m3_w14g4_d32_s2_q2,27,36887,1,1,0.000000e+00,1,1,1,0
64qam,32,8,1.000000e+00,44488,lut,125,bf_det_k8_l1_r1_c4_m4_w12g8_d64_s2_q2,16570,37679,bf_det_k8_l1_r1_c4_m4_w12g8_d32_s2_q2,15923,37679,1,1,4.063000e+00,1,0,0,0
64qam,32,8,1.000000e+00,44488,ff,126,bf_det_k8_l1_r1_c4_m3_w12g8_d32_s2_q2,10115,38447,bf_det_k8_l1_r1_c4_m3_w12g8_d32_s2_q2,10115,38447,1,1,0.000000e+00,1,1,1,0
64qam,32,8,1.000000e+00,44488,bram,127,bf_det_k8_l1_r8_c4_m4_w14g4_d32_s2_q2,15,30083,bf_det_k8_l1_r8_c4_m4_w14g4_d32_s2_q2,15,30083,1,1,0.000000e+00,1,1,1,0
64qam,32,16,2.500000e-01,7709,dsp,864,bf_det_k16_l16_r16_c16_m3_w14g8_d32_s2_q2,963,7213,bf_det_k16_l16_r16_c16_m3_w14g8_d32_s2_q2,963,7213,1,1,0.000000e+00,1,1,1,0
64qam,32,16,2.500000e-01,7709,lut,865,bf_det_k16_l16_r16_c16_m4_w14g8_d64_s2_q2,131695,7189,bf_det_k16_l16_r16_c16_m4_w14g8_d32_s2_q2,131051,7189,1,1,4.910000e-01,1,0,0,0
64qam,32,16,2.500000e-01,7709,ff,866,bf_det_k16_l16_r16_c16_m3_w14g8_d32_s2_q2,109066,7213,bf_det_k16_l16_r16_c16_m3_w14g8_d32_s2_q2,109066,7213,1,1,0.000000e+00,1,1,1,0
64qam,32,16,2.500000e-01,7709,bram,867,bf_det_k16_l16_r16_c16_m4_w14g8_d32_s2_q2,69,7189,bf_det_k16_l16_r16_c16_m4_w14g8_d32_s2_q2,69,7189,1,1,0.000000e+00,1,1,1,0
64qam,32,16,2.500000e-01,11669,dsp,868,bf_det_k16_l16_r4_c16_m3_w14g8_d32_s2_q2,387,10165,bf_det_k16_l16_r4_c16_m3_w14g8_d32_s2_q2,387,10165,1,1,0.000000e+00,1,1,1,0
64qam,32,16,2.500000e-01,11669,lut,869,bf_det_k16_l16_r4_c16_m4_w14g8_d64_s2_q2,102055,10069,bf_det_k16_l16_r4_c16_m4_w14g8_d32_s2_q2,101411,10069,1,1,6.350000e-01,1,0,0,0
64qam,32,16,2.500000e-01,11669,ff,870,bf_det_k16_l16_r4_c16_m3_w14g8_d32_s2_q2,71613,10165,bf_det_k16_l16_r4_c16_m3_w14g8_d32_s2_q2,71613,10165,1,1,0.000000e+00,1,1,1,0
64qam,32,16,2.500000e-01,11669,bram,871,bf_det_k16_l16_r16_c16_m4_w14g8_d32_s2_q2,69,7189,bf_det_k16_l16_r16_c16_m4_w14g8_d32_s2_q2,69,7189,1,1,0.000000e+00,1,1,1,0
64qam,32,16,2.500000e-01,17662,dsp,872,bf_det_k16_l16_r4_c16_m3_w14g8_d32_s2_q2,387,10165,bf_det_k16_l16_r4_c16_m3_w14g8_d32_s2_q2,387,10165,1,1,0.000000e+00,1,1,1,0
64qam,32,16,2.500000e-01,17662,lut,873,bf_det_k16_l16_r4_c16_m4_w14g8_d64_s2_q2,102055,10069,bf_det_k16_l16_r4_c16_m4_w14g8_d32_s2_q2,101411,10069,1,1,6.350000e-01,1,0,0,0
64qam,32,16,2.500000e-01,17662,ff,874,bf_det_k16_l16_r4_c16_m3_w14g8_d32_s2_q2,71613,10165,bf_det_k16_l16_r4_c16_m3_w14g8_d32_s2_q2,71613,10165,1,1,0.000000e+00,1,1,1,0
64qam,32,16,2.500000e-01,17662,bram,875,bf_det_k16_l16_r16_c16_m4_w14g8_d32_s2_q2,69,7189,bf_det_k16_l16_r16_c16_m4_w14g8_d32_s2_q2,69,7189,1,1,0.000000e+00,1,1,1,0
64qam,32,16,2.500000e-01,26735,dsp,876,bf_det_k16_l16_r1_c16_m3_w14g8_d32_s2_q2,243,21193,bf_det_k16_l16_r1_c16_m3_w14g8_d32_s2_q2,243,21193,1,1,0.000000e+00,1,1,1,0
64qam,32,16,2.500000e-01,26735,lut,877,bf_det_k16_l4_r16_c4_m4_w14g8_d64_s2_q2,46292,25303,bf_det_k16_l4_r16_c4_m4_w14g8_d32_s2_q2,45648,25303,1,1,1.411000e+00,1,0,0,0
64qam,32,16,2.500000e-01,26735,ff,878,bf_det_k16_l4_r16_c4_m3_w14g8_d32_s2_q2,31875,25399,bf_det_k16_l4_r16_c4_m3_w14g8_d32_s2_q2,31875,25399,1,1,0.000000e+00,1,1,1,0
64qam,32,16,2.500000e-01,26735,bram,879,bf_det_k16_l4_r16_c4_m4_w14g8_d32_s2_q2,56,25303,bf_det_k16_l4_r16_c4_m4_w14g8_d32_s2_q2,56,25303,1,1,0.000000e+00,1,1,1,0
64qam,32,16,2.500000e-01,40469,dsp,880,bf_det_k16_l4_r4_c4_m3_w14g8_d32_s2_q2,99,33823,bf_det_k16_l4_r4_c4_m3_w14g8_d32_s2_q2,99,33823,1,1,0.000000e+00,1,1,1,0
64qam,32,16,2.500000e-01,40469,lut,881,bf_det_k16_l4_r4_c4_m4_w14g8_d64_s2_q2,38219,33439,bf_det_k16_l4_r4_c4_m4_w14g8_d32_s2_q2,37575,33439,1,1,1.714000e+00,1,0,0,0
64qam,32,16,2.500000e-01,40469,ff,882,bf_det_k16_l4_r4_c4_m3_w14g8_d32_s2_q2,22141,33823,bf_det_k16_l4_r4_c4_m3_w14g8_d32_s2_q2,22141,33823,1,1,0.000000e+00,1,1,1,0
64qam,32,16,2.500000e-01,40469,bram,883,bf_det_k16_l4_r16_c4_m4_w14g8_d32_s2_q2,56,25303,bf_det_k16_l4_r16_c4_m4_w14g8_d32_s2_q2,56,25303,1,1,0.000000e+00,1,1,1,0
64qam,32,16,2.500000e-01,61257,dsp,884,bf_det_k16_l4_r1_c4_m3_w14g8_d32_s2_q2,66,48763,bf_det_k16_l4_r1_c4_m3_w14g8_d32_s2_q2,66,48763,1,1,0.000000e+00,1,1,1,0
64qam,32,16,2.500000e-01,61257,lut,885,bf_det_k16_l4_r1_c4_m4_w14g8_d64_s2_q2,36681,48739,bf_det_k16_l4_r1_c4_m4_w14g8_d32_s2_q2,36037,48739,1,1,1.787000e+00,1,0,0,0
64qam,32,16,2.500000e-01,61257,ff,886,bf_det_k16_l4_r1_c4_m3_w14g8_d32_s2_q2,20364,48763,bf_det_k16_l4_r1_c4_m3_w14g8_d32_s2_q2,20364,48763,1,1,0.000000e+00,1,1,1,0
64qam,32,16,2.500000e-01,61257,bram,887,bf_det_k16_l4_r16_c4_m4_w14g8_d32_s2_q2,56,25303,bf_det_k16_l4_r16_c4_m4_w14g8_d32_s2_q2,56,25303,1,1,0.000000e+00,1,1,1,0
64qam,32,16,2.500000e-01,92724,dsp,888,bf_det_k16_l4_r1_c4_m3_w14g8_d32_s2_q2,66,48763,bf_det_k16_l4_r1_c4_m3_w14g8_d32_s2_q2,66,48763,1,1,0.000000e+00,1,1,1,0
64qam,32,16,2.500000e-01,92724,lut,889,bf_det_k16_l1_r16_c4_m4_w14g8_d64_s2_q2,28826,86239,bf_det_k16_l1_r16_c4_m4_w14g8_d32_s2_q2,28148,86239,1,1,2.409000e+00,1,0,0,0
64qam,32,16,2.500000e-01,92724,ff,890,bf_det_k16_l4_r1_c4_m3_w14g8_d32_s2_q2,20364,48763,bf_det_k16_l4_r1_c4_m3_w14g8_d32_s2_q2,20364,48763,1,1,0.000000e+00,1,1,1,0
64qam,32,16,2.500000e-01,92724,bram,891,bf_det_k16_l1_r16_c4_m4_w14g8_d32_s2_q2,27,86239,bf_det_k16_l1_r16_c4_m4_w14g8_d32_s2_q2,27,86239,1,1,0.000000e+00,1,1,1,0
64qam,32,16,2.500000e-01,140355,dsp,892,bf_det_k16_l1_r1_c4_m3_w14g8_d32_s2_q2,27,128359,bf_det_k16_l1_r1_c4_m3_w14g8_d32_s2_q2,27,128359,1,1,0.000000e+00,1,1,1,0
64qam,32,16,2.500000e-01,140355,lut,893,bf_det_k16_l1_r1_c4_m4_w14g8_d64_s2_q2,18269,126823,bf_det_k16_l1_r1_c4_m4_w14g8_d32_s2_q2,17591,126823,1,1,3.854000e+00,1,0,0,0
64qam,32,16,2.500000e-01,140355,ff,894,bf_det_k16_l1_r1_c4_m3_w14g8_d32_s2_q2,10661,128359,bf_det_k16_l1_r1_c4_m3_w14g8_d32_s2_q2,10661,128359,1,1,0.000000e+00,1,1,1,0
64qam,32,16,2.500000e-01,140355,bram,895,bf_det_k16_l1_r16_c4_m4_w14g8_d32_s2_q2,27,86239,bf_det_k16_l1_r16_c4_m4_w14g8_d32_s2_q2,27,86239,1,1,0.000000e+00,1,1,1,0
64qam,32,16,5.000000e-01,7709,dsp,864,bf_det_k16_l16_r16_c16_m3_w14g8_d32_s2_q2,963,7213,bf_det_k16_l16_r16_c16_m3_w14g8_d32_s2_q2,963,7213,1,1,0.000000e+00,1,1,1,0
64qam,32,16,5.000000e-01,7709,lut,865,bf_det_k16_l16_r16_c16_m4_w14g8_d64_s2_q2,131695,7189,bf_det_k16_l16_r16_c16_m4_w14g8_d32_s2_q2,131051,7189,1,1,4.910000e-01,1,0,0,0
64qam,32,16,5.000000e-01,7709,ff,866,bf_det_k16_l16_r16_c16_m3_w14g8_d32_s2_q2,109066,7213,bf_det_k16_l16_r16_c16_m3_w14g8_d32_s2_q2,109066,7213,1,1,0.000000e+00,1,1,1,0
64qam,32,16,5.000000e-01,7709,bram,867,bf_det_k16_l16_r16_c16_m4_w14g8_d32_s2_q2,69,7189,bf_det_k16_l16_r16_c16_m4_w14g8_d32_s2_q2,69,7189,1,1,0.000000e+00,1,1,1,0
64qam,32,16,5.000000e-01,11669,dsp,868,bf_det_k16_l16_r4_c16_m3_w14g8_d32_s2_q2,387,10165,bf_det_k16_l16_r4_c16_m3_w14g8_d32_s2_q2,387,10165,1,1,0.000000e+00,1,1,1,0
64qam,32,16,5.000000e-01,11669,lut,869,bf_det_k16_l16_r4_c16_m4_w14g8_d64_s2_q2,102055,10069,bf_det_k16_l16_r4_c16_m4_w14g8_d32_s2_q2,101411,10069,1,1,6.350000e-01,1,0,0,0
64qam,32,16,5.000000e-01,11669,ff,870,bf_det_k16_l16_r4_c16_m3_w14g8_d32_s2_q2,71613,10165,bf_det_k16_l16_r4_c16_m3_w14g8_d32_s2_q2,71613,10165,1,1,0.000000e+00,1,1,1,0
64qam,32,16,5.000000e-01,11669,bram,871,bf_det_k16_l16_r16_c16_m4_w14g8_d32_s2_q2,69,7189,bf_det_k16_l16_r16_c16_m4_w14g8_d32_s2_q2,69,7189,1,1,0.000000e+00,1,1,1,0
64qam,32,16,5.000000e-01,17662,dsp,872,bf_det_k16_l16_r4_c16_m3_w14g8_d32_s2_q2,387,10165,bf_det_k16_l16_r4_c16_m3_w14g8_d32_s2_q2,387,10165,1,1,0.000000e+00,1,1,1,0
64qam,32,16,5.000000e-01,17662,lut,873,bf_det_k16_l16_r4_c16_m4_w14g8_d64_s2_q2,102055,10069,bf_det_k16_l16_r4_c16_m4_w14g8_d32_s2_q2,101411,10069,1,1,6.350000e-01,1,0,0,0
64qam,32,16,5.000000e-01,17662,ff,874,bf_det_k16_l16_r4_c16_m3_w14g8_d32_s2_q2,71613,10165,bf_det_k16_l16_r4_c16_m3_w14g8_d32_s2_q2,71613,10165,1,1,0.000000e+00,1,1,1,0
64qam,32,16,5.000000e-01,17662,bram,875,bf_det_k16_l16_r16_c16_m4_w14g8_d32_s2_q2,69,7189,bf_det_k16_l16_r16_c16_m4_w14g8_d32_s2_q2,69,7189,1,1,0.000000e+00,1,1,1,0
64qam,32,16,5.000000e-01,26735,dsp,876,bf_det_k16_l16_r1_c16_m3_w14g8_d32_s2_q2,243,21193,bf_det_k16_l16_r1_c16_m3_w14g8_d32_s2_q2,243,21193,1,1,0.000000e+00,1,1,1,0
64qam,32,16,5.000000e-01,26735,lut,877,bf_det_k16_l4_r16_c4_m4_w14g8_d64_s2_q2,46292,25303,bf_det_k16_l4_r16_c4_m4_w14g8_d32_s2_q2,45648,25303,1,1,1.411000e+00,1,0,0,0
64qam,32,16,5.000000e-01,26735,ff,878,bf_det_k16_l4_r16_c4_m3_w14g8_d32_s2_q2,31875,25399,bf_det_k16_l4_r16_c4_m3_w14g8_d32_s2_q2,31875,25399,1,1,0.000000e+00,1,1,1,0
64qam,32,16,5.000000e-01,26735,bram,879,bf_det_k16_l4_r16_c4_m4_w14g8_d32_s2_q2,56,25303,bf_det_k16_l4_r16_c4_m4_w14g8_d32_s2_q2,56,25303,1,1,0.000000e+00,1,1,1,0
64qam,32,16,5.000000e-01,40469,dsp,880,bf_det_k16_l4_r4_c4_m3_w14g8_d32_s2_q2,99,33823,bf_det_k16_l4_r4_c4_m3_w14g8_d32_s2_q2,99,33823,1,1,0.000000e+00,1,1,1,0
64qam,32,16,5.000000e-01,40469,lut,881,bf_det_k16_l4_r4_c4_m4_w14g8_d64_s2_q2,38219,33439,bf_det_k16_l4_r4_c4_m4_w14g8_d32_s2_q2,37575,33439,1,1,1.714000e+00,1,0,0,0
64qam,32,16,5.000000e-01,40469,ff,882,bf_det_k16_l4_r4_c4_m3_w14g8_d32_s2_q2,22141,33823,bf_det_k16_l4_r4_c4_m3_w14g8_d32_s2_q2,22141,33823,1,1,0.000000e+00,1,1,1,0
64qam,32,16,5.000000e-01,40469,bram,883,bf_det_k16_l4_r16_c4_m4_w14g8_d32_s2_q2,56,25303,bf_det_k16_l4_r16_c4_m4_w14g8_d32_s2_q2,56,25303,1,1,0.000000e+00,1,1,1,0
64qam,32,16,5.000000e-01,61257,dsp,884,bf_det_k16_l4_r1_c4_m3_w14g8_d32_s2_q2,66,48763,bf_det_k16_l4_r1_c4_m3_w14g8_d32_s2_q2,66,48763,1,1,0.000000e+00,1,1,1,0
64qam,32,16,5.000000e-01,61257,lut,885,bf_det_k16_l4_r1_c4_m4_w14g8_d64_s2_q2,36681,48739,bf_det_k16_l4_r1_c4_m4_w14g8_d32_s2_q2,36037,48739,1,1,1.787000e+00,1,0,0,0
64qam,32,16,5.000000e-01,61257,ff,886,bf_det_k16_l4_r1_c4_m3_w14g8_d32_s2_q2,20364,48763,bf_det_k16_l4_r1_c4_m3_w14g8_d32_s2_q2,20364,48763,1,1,0.000000e+00,1,1,1,0
64qam,32,16,5.000000e-01,61257,bram,887,bf_det_k16_l4_r16_c4_m4_w14g8_d32_s2_q2,56,25303,bf_det_k16_l4_r16_c4_m4_w14g8_d32_s2_q2,56,25303,1,1,0.000000e+00,1,1,1,0
64qam,32,16,5.000000e-01,92724,dsp,888,bf_det_k16_l4_r1_c4_m3_w14g8_d32_s2_q2,66,48763,bf_det_k16_l4_r1_c4_m3_w14g8_d32_s2_q2,66,48763,1,1,0.000000e+00,1,1,1,0
64qam,32,16,5.000000e-01,92724,lut,889,bf_det_k16_l1_r16_c4_m4_w14g8_d64_s2_q2,28826,86239,bf_det_k16_l1_r16_c4_m4_w14g8_d32_s2_q2,28148,86239,1,1,2.409000e+00,1,0,0,0
64qam,32,16,5.000000e-01,92724,ff,890,bf_det_k16_l4_r1_c4_m3_w14g8_d32_s2_q2,20364,48763,bf_det_k16_l4_r1_c4_m3_w14g8_d32_s2_q2,20364,48763,1,1,0.000000e+00,1,1,1,0
64qam,32,16,5.000000e-01,92724,bram,891,bf_det_k16_l1_r16_c4_m4_w14g8_d32_s2_q2,27,86239,bf_det_k16_l1_r16_c4_m4_w14g8_d32_s2_q2,27,86239,1,1,0.000000e+00,1,1,1,0
64qam,32,16,5.000000e-01,140355,dsp,892,bf_det_k16_l1_r1_c4_m3_w14g8_d32_s2_q2,27,128359,bf_det_k16_l1_r1_c4_m3_w14g8_d32_s2_q2,27,128359,1,1,0.000000e+00,1,1,1,0
64qam,32,16,5.000000e-01,140355,lut,893,bf_det_k16_l1_r1_c4_m4_w14g8_d64_s2_q2,18269,126823,bf_det_k16_l1_r1_c4_m4_w14g8_d32_s2_q2,17591,126823,1,1,3.854000e+00,1,0,0,0
64qam,32,16,5.000000e-01,140355,ff,894,bf_det_k16_l1_r1_c4_m3_w14g8_d32_s2_q2,10661,128359,bf_det_k16_l1_r1_c4_m3_w14g8_d32_s2_q2,10661,128359,1,1,0.000000e+00,1,1,1,0
64qam,32,16,5.000000e-01,140355,bram,895,bf_det_k16_l1_r16_c4_m4_w14g8_d32_s2_q2,27,86239,bf_det_k16_l1_r16_c4_m4_w14g8_d32_s2_q2,27,86239,1,1,0.000000e+00,1,1,1,0
64qam,32,16,1.000000e+00,7489,dsp,896,bf_det_k16_l16_r16_c16_m3_w16g4_d32_s2_q2,963,6923,bf_det_k16_l16_r16_c16_m3_w16g4_d32_s2_q2,963,6923,1,1,0.000000e+00,1,1,1,0
64qam,32,16,1.000000e+00,7489,lut,897,bf_det_k16_l16_r16_c16_m4_w14g8_d64_s2_q2,131695,7189,bf_det_k16_l16_r16_c16_m4_w14g8_d32_s2_q2,131051,7189,1,1,4.910000e-01,1,0,0,0
64qam,32,16,1.000000e+00,7489,ff,898,bf_det_k16_l16_r16_c16_m3_w14g8_d32_s2_q2,109066,7213,bf_det_k16_l16_r16_c16_m3_w14g8_d32_s2_q2,109066,7213,1,1,0.000000e+00,1,1,1,0
64qam,32,16,1.000000e+00,7489,bram,899,bf_det_k16_l16_r16_c16_m4_w14g8_d32_s2_q2,69,7189,bf_det_k16_l16_r16_c16_m4_w14g8_d32_s2_q2,69,7189,1,1,0.000000e+00,1,1,1,0
64qam,32,16,1.000000e+00,11383,dsp,900,bf_det_k16_l16_r4_c16_m3_w16g4_d32_s2_q2,387,9983,bf_det_k16_l16_r4_c16_m3_w16g4_d32_s2_q2,387,9983,1,1,0.000000e+00,1,1,1,0
64qam,32,16,1.000000e+00,11383,lut,901,bf_det_k16_l16_r4_c16_m4_w14g8_d64_s2_q2,102055,10069,bf_det_k16_l16_r4_c16_m4_w14g8_d32_s2_q2,101411,10069,1,1,6.350000e-01,1,0,0,0
64qam,32,16,1.000000e+00,11383,ff,902,bf_det_k16_l16_r4_c16_m3_w14g8_d32_s2_q2,71613,10165,bf_det_k16_l16_r4_c16_m3_w14g8_d32_s2_q2,71613,10165,1,1,0.000000e+00,1,1,1,0
64qam,32,16,1.000000e+00,11383,bram,903,bf_det_k16_l16_r16_c16_m4_w14g8_d32_s2_q2,69,7189,bf_det_k16_l16_r16_c16_m4_w14g8_d32_s2_q2,69,7189,1,1,0.000000e+00,1,1,1,0
64qam,32,16,1.000000e+00,17301,dsp,904,bf_det_k16_l16_r4_c16_m3_w16g4_d32_s2_q2,387,9983,bf_det_k16_l16_r4_c16_m3_w16g4_d32_s2_q2,387,9983,1,1,0.000000e+00,1,1,1,0
64qam,32,16,1.000000e+00,17301,lut,905,bf_det_k16_l16_r4_c16_m4_w14g8_d64_s2_q2,102055,10069,bf_det_k16_l16_r4_c16_m4_w14g8_d32_s2_q2,101411,10069,1,1,6.350000e-01,1,0,0,0
64qam,32,16,1.000000e+00,17301,ff,906,bf_det_k16_l16_r4_c16_m3_w14g8_d32_s2_q2,71613,10165,bf_det_k16_l16_r4_c16_m3_w14g8_d32_s2_q2,71613,10165,1,1,0.000000e+00,1,1,1,0
64qam,32,16,1.000000e+00,17301,bram,907,bf_det_k16_l16_r16_c16_m4_w14g8_d32_s2_q2,69,7189,bf_det_k16_l16_r16_c16_m4_w14g8_d32_s2_q2,69,7189,1,1,0.000000e+00,1,1,1,0
64qam,32,16,1.000000e+00,26297,dsp,908,bf_det_k16_l16_r1_c16_m3_w16g4_d32_s2_q2,243,21299,bf_det_k16_l16_r1_c16_m3_w14g8_d32_s2_q2,243,21193,1,1,0.000000e+00,1,0,1,0
64qam,32,16,1.000000e+00,26297,lut,909,bf_det_k16_l4_r16_c4_m4_w14g8_d64_s2_q2,46292,25303,bf_det_k16_l4_r16_c4_m4_w14g8_d32_s2_q2,45648,25303,1,1,1.411000e+00,1,0,0,0
64qam,32,16,1.000000e+00,26297,ff,910,bf_det_k16_l4_r16_c4_m3_w14g8_d32_s2_q2,31875,25399,bf_det_k16_l4_r16_c4_m3_w14g8_d32_s2_q2,31875,25399,1,1,0.000000e+00,1,1,1,0
64qam,32,16,1.000000e+00,26297,bram,911,bf_det_k16_l4_r16_c4_m4_w16g4_d32_s2_q2,56,24287,bf_det_k16_l4_r16_c4_m4_w16g4_d32_s2_q2,56,24287,1,1,0.000000e+00,1,1,1,0
64qam,32,16,1.000000e+00,39970,dsp,912,bf_det_k16_l4_r4_c4_m3_w16g4_d32_s2_q2,99,32807,bf_det_k16_l4_r4_c4_m3_w16g4_d32_s2_q2,99,32807,1,1,0.000000e+00,1,1,1,0
64qam,32,16,1.000000e+00,39970,lut,913,bf_det_k16_l4_r4_c4_m4_w14g8_d64_s2_q2,38219,33439,bf_det_k16_l4_r4_c4_m4_w14g8_d32_s2_q2,37575,33439,1,1,1.714000e+00,1,0,0,0
64qam,32,16,1.000000e+00,39970,ff,914,bf_det_k16_l4_r4_c4_m3_w14g8_d32_s2_q2,22141,33823,bf_det_k16_l4_r4_c4_m3_w14g8_d32_s2_q2,22141,33823,1,1,0.000000e+00,1,1,1,0
64qam,32,16,1.000000e+00,39970,bram,915,bf_det_k16_l4_r16_c4_m4_w16g4_d32_s2_q2,56,24287,bf_det_k16_l4_r16_c4_m4_w16g4_d32_s2_q2,56,24287,1,1,0.000000e+00,1,1,1,0
64qam,32,16,1.000000e+00,60752,dsp,916,bf_det_k16_l4_r1_c4_m3_w16g4_d32_s2_q2,66,47747,bf_det_k16_l4_r1_c4_m3_w16g4_d32_s2_q2,66,47747,1,1,0.000000e+00,1,1,1,0
64qam,32,16,1.000000e+00,60752,lut,917,bf_det_k16_l4_r1_c4_m4_w14g8_d64_s2_q2,36681,48739,bf_det_k16_l4_r1_c4_m4_w14g8_d32_s2_q2,36037,48739,1,1,1.787000e+00,1,0,0,0
64qam,32,16,1.000000e+00,60752,ff,918,bf_det_k16_l4_r1_c4_m3_w14g8_d32_s2_q2,20364,48763,bf_det_k16_l4_r1_c4_m3_w14g8_d32_s2_q2,20364,48763,1,1,0.000000e+00,1,1,1,0
64qam,32,16,1.000000e+00,60752,bram,919,bf_det_k16_l4_r16_c4_m4_w16g4_d32_s2_q2,56,24287,bf_det_k16_l4_r16_c4_m4_w16g4_d32_s2_q2,56,24287,1,1,0.000000e+00,1,1,1,0
64qam,32,16,1.000000e+00,92341,dsp,920,bf_det_k16_l4_r1_c4_m3_w16g4_d32_s2_q2,66,47747,bf_det_k16_l1_r4_c4_m3_w16g4_d32_s2_q2,63,91127,1,1,4.762000e+00,1,0,0,0
64qam,32,16,1.000000e+00,92341,lut,921,bf_det_k16_l1_r4_c4_m4_w16g4_d64_s2_q2,20132,90743,bf_det_k16_l1_r4_c4_m4_w16g4_d32_s2_q2,19682,90743,1,1,2.286000e+00,1,0,0,0
64qam,32,16,1.000000e+00,92341,ff,922,bf_det_k16_l1_r4_c4_m3_w16g4_d32_s2_q2,13673,91127,bf_det_k16_l1_r4_c4_m3_w16g4_d32_s2_q2,13673,91127,1,1,0.000000e+00,1,1,1,0
64qam,32,16,1.000000e+00,92341,bram,923,bf_det_k16_l1_r16_c4_m4_w16g4_d32_s2_q2,27,82319,bf_det_k16_l1_r16_c4_m4_w16g4_d32_s2_q2,27,82319,1,1,0.000000e+00,1,1,1,0
64qam,32,16,1.000000e+00,140355,dsp,924,bf_det_k16_l1_r1_c4_m3_w16g4_d32_s2_q2,27,124439,bf_det_k16_l1_r1_c4_m3_w16g4_d32_s2_q2,27,124439,1,1,0.000000e+00,1,1,1,0
64qam,32,16,1.000000e+00,140355,lut,925,bf_det_k16_l1_r1_c4_m4_w14g8_d64_s2_q2,18269,126823,bf_det_k16_l1_r1_c4_m4_w16g4_d32_s2_q2,17399,122903,1,1,5.000000e+00,1,0,0,0
64qam,32,16,1.000000e+00,140355,ff,926,bf_det_k16_l1_r1_c4_m3_w14g8_d32_s2_q2,10661,128359,bf_det_k16_l1_r1_c4_m3_w14g8_d32_s2_q2,10661,128359,1,1,0.000000e+00,1,1,1,0
64qam,32,16,1.000000e+00,140355,bram,927,bf_det_k16_l1_r16_c4_m4_w16g4_d32_s2_q2,27,82319,bf_det_k16_l1_r16_c4_m4_w16g4_d32_s2_q2,27,82319,1,1,0.000000e+00,1,1,1,0
64qam,64,4,2.500000e-01,1180,dsp,800,bf_det_k4_l16_r4_c16_m3_w14g4_d32_s2_q2,387,1123,bf_det_k4_l16_r4_c16_m3_w14g4_d32_s2_q2,387,1123,1,1,0.000000e+00,1,1,1,0
64qam,64,4,2.500000e-01,1180,lut,801,bf_det_k4_l16_r4_c16_m4_w14g4_d64_s2_q2,88753,1117,bf_det_k4_l16_r4_c16_m4_w12g8_d32_s2_q2,85686,1165,1,1,3.579000e+00,1,0,0,0
64qam,64,4,2.500000e-01,1180,ff,802,bf_det_k4_l16_r4_c16_m3_w14g4_d32_s2_q2,62384,1123,bf_det_k4_l16_r4_c16_m3_w12g8_d32_s2_q2,58342,1177,1,1,6.928000e+00,1,0,0,0
64qam,64,4,2.500000e-01,1180,bram,803,bf_det_k4_l16_r4_c16_m4_w14g4_d32_s2_q2,56,1117,bf_det_k4_l16_r4_c16_m4_w12g8_d32_s2_q2,48,1165,1,1,1.666700e+01,0,0,0,0
64qam,64,4,2.500000e-01,1729,dsp,804,bf_det_k4_l16_r1_c16_m3_w14g4_d32_s2_q2,243,1594,bf_det_k4_l16_r1_c16_m3_w14g4_d32_s2_q2,243,1594,1,1,0.000000e+00,1,1,1,0
64qam,64,4,2.500000e-01,1729,lut,805,bf_det_k4_l16_r1_c16_m4_w12g8_d64_s2_q2,79061,1627,bf_det_k4_l16_r1_c16_m4_w12g8_d32_s2_q2,78441,1627,1,1,7.900000e-01,1,0,0,0
64qam,64,4,2.500000e-01,1729,ff,806,bf_det_k4_l16_r1_c16_m4_w12g8_d32_s2_q2,49663,1627,bf_det_k4_l16_r1_c16_m3_w12g8_d32_s2_q2,49491,1675,1,1,3.480000e-01,1,0,0,0
64qam,64,4,2.500000e-01,1729,bram,807,bf_det_k4_l16_r4_c16_m4_w12g8_d32_s2_q2,48,1165,bf_det_k4_l16_r4_c16_m4_w12g8_d32_s2_q2,48,1165,1,1,0.000000e+00,1,1,1,0
64qam,64,4,2.500000e-01,2533,dsp,808,bf_det_k4_l16_r1_c16_m3_w14g4_d32_s2_q2,243,1594,bf_det_k4_l16_r1_c16_m3_w14g4_d32_s2_q2,243,1594,1,1,0.000000e+00,1,1,1,0
64qam,64,4,2.500000e-01,2533,lut,809,bf_det_k4_l16_r1_c16_m4_w12g8_d64_s2_q2,79061,1627,bf_det_k4_l16_r1_c16_m4_w12g8_d32_s2_q2,78441,1627,1,1,7.900000e-01,1,0,0,0
64qam,64,4,2.500000e-01,2533,ff,810,bf_det_k4_l16_r1_c16_m3_w12g8_d32_s2_q2,49491,1675,bf_det_k4_l16_r1_c16_m3_w12g8_d32_s2_q2,49491,1675,1,1,0.000000e+00,1,1,1,0
64qam,64,4,2.500000e-01,2533,bram,811,bf_det_k4_l16_r4_c16_m4_w12g8_d32_s2_q2,48,1165,bf_det_k4_l16_r4_c16_m4_w12g8_d32_s2_q2,48,1165,1,1,0.000000e+00,1,1,1,0
64qam,64,4,2.500000e-01,3711,dsp,812,bf_det_k4_l4_r4_c4_m3_w14g4_d32_s2_q2,99,3661,bf_det_k4_l4_r4_c4_m3_w14g4_d32_s2_q2,99,3661,1,1,0.000000e+00,1,1,1,0
64qam,64,4,2.500000e-01,3711,lut,813,bf_det_k4_l4_r4_c4_m4_w14g4_d64_s2_q2,30559,3637,bf_det_k4_l4_r4_c4_m4_w14g4_d32_s2_q2,29907,3637,1,1,2.180000e+00,1,0,0,0
64qam,64,4,2.500000e-01,3711,ff,814,bf_det_k4_l4_r4_c4_m3_w14g4_d32_s2_q2,20230,3661,bf_det_k4_l4_r4_c4_m3_w14g4_d32_s2_q2,20230,3661,1,1,0.000000e+00,1,1,1,0
64qam,64,4,2.500000e-01,3711,bram,815,bf_det_k4_l4_r4_c4_m4_w14g4_d32_s2_q2,20,3637,bf_det_k4_l4_r4_c4_m4_w14g4_d32_s2_q2,20,3637,1,1,0.000000e+00,1,1,1,0
64qam,64,4,2.500000e-01,5437,dsp,816,bf_det_k4_l4_r1_c4_m3_w14g4_d32_s2_q2,66,3766,bf_det_k4_l4_r1_c4_m3_w14g4_d32_s2_q2,66,3766,1,1,0.000000e+00,1,1,1,0
64qam,64,4,2.500000e-01,5437,lut,817,bf_det_k4_l4_r1_c4_m4_w12g8_d64_s2_q2,28916,3940,bf_det_k4_l4_r1_c4_m4_w12g8_d32_s2_q2,28296,3940,1,1,2.191000e+00,1,0,0,0
64qam,64,4,2.500000e-01,5437,ff,818,bf_det_k4_l4_r1_c4_m3_w12g8_d32_s2_q2,17945,3943,bf_det_k4_l4_r1_c4_m4_w12g8_d32_s2_q2,17935,3940,1,1,5.600000e-02,1,0,0,0
64qam,64,4,2.500000e-01,5437,bram,819,bf_det_k4_l4_r4_c4_m4_w12g8_d32_s2_q2,16,3793,bf_det_k4_l4_r4_c4_m4_w12g8_d32_s2_q2,16,3793,1,1,0.000000e+00,1,1,1,0
64qam,64,4,2.500000e-01,7965,dsp,820,bf_det_k4_l4_r1_c4_m3_w14g4_d32_s2_q2,66,3766,bf_det_k4_l4_r1_c4_m3_w14g4_d32_s2_q2,66,3766,1,1,0.000000e+00,1,1,1,0
64qam,64,4,2.500000e-01,7965,lut,821,bf_det_k4_l4_r1_c4_m4_w12g8_d64_s2_q2,28916,3940,bf_det_k4_l4_r1_c4_m4_w12g8_d32_s2_q2,28296,3940,1,1,2.191000e+00,1,0,0,0
64qam,64,4,2.500000e-01,7965,ff,822,bf_det_k4_l4_r1_c4_m3_w12g8_d32_s2_q2,17945,3943,bf_det_k4_l4_r1_c4_m4_w12g8_d32_s2_q2,17935,3940,1,1,5.600000e-02,1,0,0,0
64qam,64,4,2.500000e-01,7965,bram,823,bf_det_k4_l4_r4_c4_m4_w12g8_d32_s2_q2,16,3793,bf_det_k4_l4_r4_c4_m4_w12g8_d32_s2_q2,16,3793,1,1,0.000000e+00,1,1,1,0
64qam,64,4,2.500000e-01,11669,dsp,824,bf_det_k4_l4_r1_c4_m3_w14g4_d32_s2_q2,66,3766,bf_det_k4_l4_r1_c4_m3_w14g4_d32_s2_q2,66,3766,1,1,0.000000e+00,1,1,1,0
64qam,64,4,2.500000e-01,11669,lut,825,bf_det_k4_l4_r1_c4_m4_w12g8_d64_s2_q2,28916,3940,bf_det_k4_l4_r1_c4_m4_w12g8_d32_s2_q2,28296,3940,1,1,2.191000e+00,1,0,0,0
64qam,64,4,2.500000e-01,11669,ff,826,bf_det_k4_l4_r1_c4_m3_w12g8_d32_s2_q2,17945,3943,bf_det_k4_l4_r1_c4_m4_w12g8_d32_s2_q2,17935,3940,1,1,5.600000e-02,1,0,0,0
64qam,64,4,2.500000e-01,11669,bram,827,bf_det_k4_l4_r4_c4_m4_w12g8_d32_s2_q2,16,3793,bf_det_k4_l4_r4_c4_m4_w12g8_d32_s2_q2,16,3793,1,1,0.000000e+00,1,1,1,0
64qam,64,4,2.500000e-01,17096,dsp,828,bf_det_k4_l1_r1_c4_m3_w14g4_d32_s2_q2,27,13831,bf_det_k4_l1_r1_c4_m3_w14g4_d32_s2_q2,27,13831,1,1,0.000000e+00,1,1,1,0
64qam,64,4,2.500000e-01,17096,lut,829,bf_det_k4_l1_r1_c4_m4_w12g8_d64_s2_q2,15776,14419,bf_det_k4_l1_r1_c4_m4_w12g8_d32_s2_q2,15122,14419,1,1,4.325000e+00,1,0,0,0
64qam,64,4,2.500000e-01,17096,ff,830,bf_det_k4_l1_r1_c4_m3_w12g8_d32_s2_q2,9995,14611,bf_det_k4_l1_r1_c4_m3_w12g8_d32_s2_q2,9995,14611,1,1,0.000000e+00,1,1,1,0
64qam,64,4,2.500000e-01,17096,bram,831,bf_det_k4_l1_r4_c4_m4_w14g4_d32_s2_q2,14,12661,bf_det_k4_l1_r4_c4_m4_w14g4_d32_s2_q2,14,12661,1,1,0.000000e+00,1,1,1,0
64qam,64,4,5.000000e-01,1180,dsp,800,bf_det_k4_l16_r4_c16_m3_w14g4_d32_s2_q2,387,1123,bf_det_k4_l16_r4_c16_m3_w14g4_d32_s2_q2,387,1123,1,1,0.000000e+00,1,1,1,0
64qam,64,4,5.000000e-01,1180,lut,801,bf_det_k4_l16_r4_c16_m4_w14g4_d64_s2_q2,88753,1117,bf_det_k4_l16_r4_c16_m4_w12g8_d32_s2_q2,85686,1165,1,1,3.579000e+00,1,0,0,0
64qam,64,4,5.000000e-01,1180,ff,802,bf_det_k4_l16_r4_c16_m3_w14g4_d32_s2_q2,62384,1123,bf_det_k4_l16_r4_c16_m3_w12g8_d32_s2_q2,58342,1177,1,1,6.928000e+00,1,0,0,0
64qam,64,4,5.000000e-01,1180,bram,803,bf_det_k4_l16_r4_c16_m4_w14g4_d32_s2_q2,56,1117,bf_det_k4_l16_r4_c16_m4_w12g8_d32_s2_q2,48,1165,1,1,1.666700e+01,0,0,0,0
64qam,64,4,5.000000e-01,1729,dsp,804,bf_det_k4_l16_r1_c16_m3_w14g4_d32_s2_q2,243,1594,bf_det_k4_l16_r1_c16_m3_w14g4_d32_s2_q2,243,1594,1,1,0.000000e+00,1,1,1,0
64qam,64,4,5.000000e-01,1729,lut,805,bf_det_k4_l16_r1_c16_m4_w12g8_d64_s2_q2,79061,1627,bf_det_k4_l16_r1_c16_m4_w12g8_d32_s2_q2,78441,1627,1,1,7.900000e-01,1,0,0,0
64qam,64,4,5.000000e-01,1729,ff,806,bf_det_k4_l16_r1_c16_m4_w12g8_d32_s2_q2,49663,1627,bf_det_k4_l16_r1_c16_m3_w12g8_d32_s2_q2,49491,1675,1,1,3.480000e-01,1,0,0,0
64qam,64,4,5.000000e-01,1729,bram,807,bf_det_k4_l16_r4_c16_m4_w12g8_d32_s2_q2,48,1165,bf_det_k4_l16_r4_c16_m4_w12g8_d32_s2_q2,48,1165,1,1,0.000000e+00,1,1,1,0
64qam,64,4,5.000000e-01,2533,dsp,808,bf_det_k4_l16_r1_c16_m3_w14g4_d32_s2_q2,243,1594,bf_det_k4_l16_r1_c16_m3_w14g4_d32_s2_q2,243,1594,1,1,0.000000e+00,1,1,1,0
64qam,64,4,5.000000e-01,2533,lut,809,bf_det_k4_l16_r1_c16_m4_w12g8_d64_s2_q2,79061,1627,bf_det_k4_l16_r1_c16_m4_w12g8_d32_s2_q2,78441,1627,1,1,7.900000e-01,1,0,0,0
64qam,64,4,5.000000e-01,2533,ff,810,bf_det_k4_l16_r1_c16_m3_w12g8_d32_s2_q2,49491,1675,bf_det_k4_l16_r1_c16_m3_w12g8_d32_s2_q2,49491,1675,1,1,0.000000e+00,1,1,1,0
64qam,64,4,5.000000e-01,2533,bram,811,bf_det_k4_l16_r4_c16_m4_w12g8_d32_s2_q2,48,1165,bf_det_k4_l16_r4_c16_m4_w12g8_d32_s2_q2,48,1165,1,1,0.000000e+00,1,1,1,0
64qam,64,4,5.000000e-01,3711,dsp,812,bf_det_k4_l4_r4_c4_m3_w14g4_d32_s2_q2,99,3661,bf_det_k4_l4_r4_c4_m3_w14g4_d32_s2_q2,99,3661,1,1,0.000000e+00,1,1,1,0
64qam,64,4,5.000000e-01,3711,lut,813,bf_det_k4_l4_r4_c4_m4_w14g4_d64_s2_q2,30559,3637,bf_det_k4_l4_r4_c4_m4_w14g4_d32_s2_q2,29907,3637,1,1,2.180000e+00,1,0,0,0
64qam,64,4,5.000000e-01,3711,ff,814,bf_det_k4_l4_r4_c4_m3_w14g4_d32_s2_q2,20230,3661,bf_det_k4_l4_r4_c4_m3_w14g4_d32_s2_q2,20230,3661,1,1,0.000000e+00,1,1,1,0
64qam,64,4,5.000000e-01,3711,bram,815,bf_det_k4_l4_r4_c4_m4_w14g4_d32_s2_q2,20,3637,bf_det_k4_l4_r4_c4_m4_w14g4_d32_s2_q2,20,3637,1,1,0.000000e+00,1,1,1,0
64qam,64,4,5.000000e-01,5437,dsp,816,bf_det_k4_l4_r1_c4_m3_w14g4_d32_s2_q2,66,3766,bf_det_k4_l4_r1_c4_m3_w14g4_d32_s2_q2,66,3766,1,1,0.000000e+00,1,1,1,0
64qam,64,4,5.000000e-01,5437,lut,817,bf_det_k4_l4_r1_c4_m4_w12g8_d64_s2_q2,28916,3940,bf_det_k4_l4_r1_c4_m4_w12g8_d32_s2_q2,28296,3940,1,1,2.191000e+00,1,0,0,0
64qam,64,4,5.000000e-01,5437,ff,818,bf_det_k4_l4_r1_c4_m3_w12g8_d32_s2_q2,17945,3943,bf_det_k4_l4_r1_c4_m4_w12g8_d32_s2_q2,17935,3940,1,1,5.600000e-02,1,0,0,0
64qam,64,4,5.000000e-01,5437,bram,819,bf_det_k4_l4_r4_c4_m4_w12g8_d32_s2_q2,16,3793,bf_det_k4_l4_r4_c4_m4_w12g8_d32_s2_q2,16,3793,1,1,0.000000e+00,1,1,1,0
64qam,64,4,5.000000e-01,7965,dsp,820,bf_det_k4_l4_r1_c4_m3_w14g4_d32_s2_q2,66,3766,bf_det_k4_l4_r1_c4_m3_w14g4_d32_s2_q2,66,3766,1,1,0.000000e+00,1,1,1,0
64qam,64,4,5.000000e-01,7965,lut,821,bf_det_k4_l4_r1_c4_m4_w12g8_d64_s2_q2,28916,3940,bf_det_k4_l4_r1_c4_m4_w12g8_d32_s2_q2,28296,3940,1,1,2.191000e+00,1,0,0,0
64qam,64,4,5.000000e-01,7965,ff,822,bf_det_k4_l4_r1_c4_m3_w12g8_d32_s2_q2,17945,3943,bf_det_k4_l4_r1_c4_m4_w12g8_d32_s2_q2,17935,3940,1,1,5.600000e-02,1,0,0,0
64qam,64,4,5.000000e-01,7965,bram,823,bf_det_k4_l4_r4_c4_m4_w12g8_d32_s2_q2,16,3793,bf_det_k4_l4_r4_c4_m4_w12g8_d32_s2_q2,16,3793,1,1,0.000000e+00,1,1,1,0
64qam,64,4,5.000000e-01,11669,dsp,824,bf_det_k4_l4_r1_c4_m3_w14g4_d32_s2_q2,66,3766,bf_det_k4_l4_r1_c4_m3_w14g4_d32_s2_q2,66,3766,1,1,0.000000e+00,1,1,1,0
64qam,64,4,5.000000e-01,11669,lut,825,bf_det_k4_l4_r1_c4_m4_w12g8_d64_s2_q2,28916,3940,bf_det_k4_l4_r1_c4_m4_w12g8_d32_s2_q2,28296,3940,1,1,2.191000e+00,1,0,0,0
64qam,64,4,5.000000e-01,11669,ff,826,bf_det_k4_l4_r1_c4_m3_w12g8_d32_s2_q2,17945,3943,bf_det_k4_l4_r1_c4_m4_w12g8_d32_s2_q2,17935,3940,1,1,5.600000e-02,1,0,0,0
64qam,64,4,5.000000e-01,11669,bram,827,bf_det_k4_l4_r4_c4_m4_w12g8_d32_s2_q2,16,3793,bf_det_k4_l4_r4_c4_m4_w12g8_d32_s2_q2,16,3793,1,1,0.000000e+00,1,1,1,0
64qam,64,4,5.000000e-01,17096,dsp,828,bf_det_k4_l1_r1_c4_m3_w14g4_d32_s2_q2,27,13831,bf_det_k4_l1_r1_c4_m3_w14g4_d32_s2_q2,27,13831,1,1,0.000000e+00,1,1,1,0
64qam,64,4,5.000000e-01,17096,lut,829,bf_det_k4_l1_r1_c4_m4_w12g8_d64_s2_q2,15776,14419,bf_det_k4_l1_r1_c4_m4_w12g8_d32_s2_q2,15122,14419,1,1,4.325000e+00,1,0,0,0
64qam,64,4,5.000000e-01,17096,ff,830,bf_det_k4_l1_r1_c4_m3_w12g8_d32_s2_q2,9995,14611,bf_det_k4_l1_r1_c4_m3_w12g8_d32_s2_q2,9995,14611,1,1,0.000000e+00,1,1,1,0
64qam,64,4,5.000000e-01,17096,bram,831,bf_det_k4_l1_r4_c4_m4_w14g4_d32_s2_q2,14,12661,bf_det_k4_l1_r4_c4_m4_w14g4_d32_s2_q2,14,12661,1,1,0.000000e+00,1,1,1,0
64qam,64,4,1.000000e+00,1170,dsp,928,bf_det_k4_l16_r4_c16_m4_w10g8_d32_s2_q2,275,1105,bf_det_k4_l16_r4_c16_m4_w10g8_d32_s2_q2,275,1105,1,1,0.000000e+00,1,1,1,0
64qam,64,4,1.000000e+00,1170,lut,929,bf_det_k4_l16_r4_c16_m4_w14g4_d64_s2_q2,88753,1117,bf_det_k4_l16_r4_c16_m4_w12g8_d32_s2_q2,85686,1165,1,1,3.579000e+00,1,0,0,0
64qam,64,4,1.000000e+00,1170,ff,930,bf_det_k4_l16_r4_c16_m3_w10g8_d32_s2_q2,52186,1117,bf_det_k4_l16_r4_c16_m3_w10g8_d32_s2_q2,52186,1117,1,1,0.000000e+00,1,1,1,0
64qam,64,4,1.000000e+00,1170,bram,931,bf_det_k4_l16_r4_c16_m4_w10g8_d32_s2_q2,40,1105,bf_det_k4_l16_r4_c16_m4_w10g8_d32_s2_q2,40,1105,1,1,0.000000e+00,1,1,1,0
64qam,64,4,1.000000e+00,1734,dsp,932,bf_det_k4_l16_r1_c16_m4_w10g8_d32_s2_q2,131,1567,bf_det_k4_l16_r1_c16_m4_w10g8_d32_s2_q2,131,1567,1,1,0.000000e+00,1,1,1,0
64qam,64,4,1.000000e+00,1734,lut,933,bf_det_k4_l16_r1_c16_m4_w12g8_d64_s2_q2,79061,1627,bf_det_k4_l16_r1_c16_m4_w12g8_d32_s2_q2,78441,1627,1,1,7.900000e-01,1,0,0,0
64qam,64,4,1.000000e+00,1734,ff,934,bf_det_k4_l16_r1_c16_m3_w10g8_d32_s2_q2,44687,1615,bf_det_k4_l16_r1_c16_m3_w10g8_d32_s2_q2,44687,1615,1,1,0.000000e+00,1,1,1,0
64qam,64,4,1.000000e+00,1734,bram,935,bf_det_k4_l16_r4_c16_m4_w10g8_d32_s2_q2,40,1105,bf_det_k4_l16_r4_c16_m4_w10g8_d32_s2_q2,40,1105,1,1,0.000000e+00,1,1,1,0
64qam,64,4,1.000000e+00,2569,dsp,936,bf_det_k4_l16_r1_c16_m4_w10g8_d32_s2_q2,131,1567,bf_det_k4_l16_r1_c16_m4_w10g8_d32_s2_q2,131,1567,1,1,0.000000e+00,1,1,1,0
64qam,64,4,1.000000e+00,2569,lut,937,bf_det_k4_l16_r1_c16_m4_w12g4_d64_s2_q2,76113,2017,bf_det_k4_l16_r1_c16_m4_w12g4_d32_s2_q2,75493,2017,1,1,8.210000e-01,1,0,0,0
64qam,64,4,1.000000e+00,2569,ff,938,bf_det_k4_l16_r1_c16_m3_w12g4_d32_s2_q2,46526,2081,bf_det_k4_l16_r1_c16_m3_w10g8_d32_s2_q2,44687,1615,1,1,4.115000e+00,1,0,0,0
64qam,64,4,1.000000e+00,2569,bram,939,bf_det_k4_l16_r4_c16_m4_w10g8_d32_s2_q2,40,1105,bf_det_k4_l16_r4_c16_m4_w10g8_d32_s2_q2,40,1105,1,1,0.000000e+00,1,1,1,0
64qam,64,4,1.000000e+00,3807,dsp,940,bf_det_k4_l4_r1_c4_m4_w10g8_d32_s2_q2,38,3736,bf_det_k4_l4_r1_c4_m4_w10g8_d32_s2_q2,38,3736,1,1,0.000000e+00,1,1,1,0
64qam,64,4,1.000000e+00,3807,lut,941,bf_det_k4_l4_r1_c4_m4_w14g4_d64_s2_q2,29378,3760,bf_det_k4_l4_r1_c4_m4_w14g4_d32_s2_q2,28726,3760,1,1,2.270000e+00,1,0,0,0
64qam,64,4,1.000000e+00,3807,ff,942,bf_det_k4_l4_r1_c4_m4_w10g8_d32_s2_q2,16773,3736,bf_det_k4_l4_r1_c4_m4_w10g8_d32_s2_q2,16773,3736,1,1,0.000000e+00,1,1,1,0
64qam,64,4,1.000000e+00,3807,bram,943,bf_det_k4_l4_r4_c4_m4_w10g8_d32_s2_q2,16,3589,bf_det_k4_l4_r4_c4_m4_w10g8_d32_s2_q2,16,3589,1,1,0.000000e+00,1,1,1,0
64qam,64,4,1.000000e+00,5641,dsp,944,bf_det_k4_l4_r1_c4_m4_w10g8_d32_s2_q2,38,3736,bf_det_k4_l4_r1_c4_m4_w10g8_d32_s2_q2,38,3736,1,1,0.000000e+00,1,1,1,0
64qam,64,4,1.000000e+00,5641,lut,945,bf_det_k4_l4_r1_c4_m4_w12g4_d64_s2_q2,28088,4735,bf_det_k4_l4_r1_c4_m4_w12g4_d32_s2_q2,27468,4735,1,1,2.257000e+00,1,0,0,0
64qam,64,4,1.000000e+00,5641,ff,946,bf_det_k4_l4_r1_c4_m3_w10g8_d32_s2_q2,16803,3739,bf_det_k4_l4_r1_c4_m4_w10g8_d32_s2_q2,16773,3736,1,1,1.790000e-01,1,0,0,0
64qam,64,4,1.000000e+00,5641,bram,947,bf_det_k4_l4_r4_c4_m4_w10g8_d32_s2_q2,16,3589,bf_det_k4_l4_r4_c4_m4_w10g8_d32_s2_q2,16,3589,1,1,0.000000e+00,1,1,1,0
64qam,64,4,1.000000e+00,8358,dsp,948,bf_det_k4_l4_r1_c4_m4_w10g8_d32_s2_q2,38,3736,bf_det_k4_l4_r1_c4_m4_w10g8_d32_s2_q2,38,3736,1,1,0.000000e+00,1,1,1,0
64qam,64,4,1.000000e+00,8358,lut,949,bf_det_k4_l4_r1_c4_m4_w12g4_d64_s2_q2,28088,4735,bf_det_k4_l4_r1_c4_m4_w12g4_d32_s2_q2,27468,4735,1,1,2.257000e+00,1,0,0,0
64qam,64,4,1.000000e+00,8358,ff,950,bf_det_k4_l4_r1_c4_m3_w10g8_d32_s2_q2,16803,3739,bf_det_k4_l4_r1_c4_m4_w10g8_d32_s2_q2,16773,3736,1,1,1.790000e-01,1,0,0,0
64qam,64,4,1.000000e+00,8358,bram,951,bf_det_k4_l4_r4_c4_m4_w10g8_d32_s2_q2,16,3589,bf_det_k4_l4_r4_c4_m4_w10g8_d32_s2_q2,16,3589,1,1,0.000000e+00,1,1,1,0
64qam,64,4,1.000000e+00,12385,dsp,952,bf_det_k4_l4_r1_c4_m4_w10g8_d32_s2_q2,38,3736,bf_det_k4_l4_r1_c4_m4_w10g8_d32_s2_q2,38,3736,1,1,0.000000e+00,1,1,1,0
64qam,64,4,1.000000e+00,12385,lut,953,bf_det_k4_l4_r1_c4_m4_w12g4_d64_s2_q2,28088,4735,bf_det_k4_l4_r1_c4_m4_w12g4_d32_s2_q2,27468,4735,1,1,2.257000e+00,1,0,0,0
64qam,64,4,1.000000e+00,12385,ff,954,bf_det_k4_l4_r1_c4_m3_w10g8_d32_s2_q2,16803,3739,bf_det_k4_l4_r1_c4_m4_w10g8_d32_s2_q2,16773,3736,1,1,1.790000e-01,1,0,0,0
64qam,64,4,1.000000e+00,12385,bram,955,bf_det_k4_l4_r4_c4_m4_w10g8_d32_s2_q2,16,3589,bf_det_k4_l4_r4_c4_m4_w10g8_d32_s2_q2,16,3589,1,1,0.000000e+00,1,1,1,0
64qam,64,4,1.000000e+00,18353,dsp,956,bf_det_k4_l1_r1_c4_m4_w10g8_d32_s2_q2,20,13639,bf_det_k4_l1_r1_c4_m4_w10g8_d32_s2_q2,20,13639,1,1,0.000000e+00,1,1,1,0
64qam,64,4,1.000000e+00,18353,lut,957,bf_det_k4_l1_r1_c4_m4_w12g4_d64_s2_q2,15481,17243,bf_det_k4_l1_r1_c4_m4_w12g4_d32_s2_q2,14827,17243,1,1,4.411000e+00,1,0,0,0
64qam,64,4,1.000000e+00,18353,ff,958,bf_det_k4_l1_r1_c4_m3_w10g8_d32_s2_q2,9691,13831,bf_det_k4_l1_r1_c4_m3_w10g8_d32_s2_q2,9691,13831,1,1,0.000000e+00,1,1,1,0
64qam,64,4,1.000000e+00,18353,bram,959,bf_det_k4_l1_r4_c4_m4_w10g8_d32_s2_q2,14,12637,bf_det_k4_l1_r4_c4_m4_w10g8_d32_s2_q2,14,12637,1,1,0.000000e+00,1,1,1,0
64qam,64,8,2.500000e-01,1864,dsp,960,bf_det_k8_l16_r8_c16_m3_w14g4_d32_s2_q2,579,1757,bf_det_k8_l16_r8_c16_m3_w14g4_d32_s2_q2,579,1757,1,1,0.000000e+00,1,1,1,0
64qam,64,8,2.500000e-01,1864,lut,961,bf_det_k8_l16_r8_c16_m4_w12g8_d64_s2_q2,99106,1813,bf_det_k8_l16_r8_c16_m4_w12g8_d32_s2_q2,98493,1813,1,1,6.220000e-01,1,0,0,0
64qam,64,8,2.500000e-01,1864,ff,962,bf_det_k8_l16_r8_c16_m3_w14g4_d32_s2_q2,76560,1757,bf_det_k8_l16_r8_c16_m3_w12g8_d32_s2_q2,70726,1829,1,1,8.249000e+00,1,0,0,0
64qam,64,8,2.500000e-01,1864,bram,963,bf_det_k8_l16_r8_c16_m4_w12g8_d32_s2_q2,59,1813,bf_det_k8_l16_r8_c16_m4_w12g8_d32_s2_q2,59,1813,1,1,0.000000e+00,1,1,1,0
64qam,64,8,2.500000e-01,2770,dsp,964,bf_det_k8_l16_r4_c16_m3_w14g4_d32_s2_q2,387,2021,bf_det_k8_l16_r4_c16_m3_w14g4_d32_s2_q2,387,2021,1,1,0.000000e+00,1,1,1,0
64qam,64,8,2.500000e-01,2770,lut,965,bf_det_k8_l16_r4_c16_m4_w12g8_d64_s2_q2,89668,2061,bf_det_k8_l16_r4_c16_m4_w12g8_d32_s2_q2,89055,2061,1,1,6.880000e-01,1,0,0,0
64qam,64,8,2.500000e-01,2770,ff,966,bf_det_k8_l16_r4_c16_m3_w12g8_d32_s2_q2,59850,2093,bf_det_k8_l16_r4_c16_m3_w12g8_d32_s2_q2,59850,2093,1,1,0.000000e+00,1,1,1,0
64qam,64,8,2.500000e-01,2770,bram,967,bf_det_k8_l16_r8_c16_m4_w12g8_d32_s2_q2,59,1813,bf_det_k8_l16_r8_c16_m4_w12g8_d32_s2_q2,59,1813,1,1,0.000000e+00,1,1,1,0
64qam,64,8,2.500000e-01,4117,dsp,968,bf_det_k8_l16_r1_c16_m3_w14g4_d32_s2_q2,243,3541,bf_det_k8_l16_r1_c16_m3_w14g4_d32_s2_q2,243,3541,1,1,0.000000e+00,1,1,1,0
64qam,64,8,2.500000e-01,4117,lut,969,bf_det_k8_l16_r1_c16_m4_w12g8_d64_s2_q2,82265,3485,bf_det_k8_l16_r1_c16_m4_w12g8_d32_s2_q2,81652,3485,1,1,7.510000e-01,1,0,0,0
64qam,64,8,2.500000e-01,4117,ff,970,bf_det_k8_l16_r1_c16_m3_w12g8_d32_s2_q2,50839,3613,bf_det_k8_l16_r1_c16_m3_w12g8_d32_s2_q2,50839,3613,1,1,0.000000e+00,1,1,1,0
64qam,64,8,2.500000e-01,4117,bram,971,bf_det_k8_l16_r8_c16_m4_w12g8_d32_s2_q2,59,1813,bf_det_k8_l16_r8_c16_m4_w12g8_d32_s2_q2,59,1813,1,1,0.000000e+00,1,1,1,0
64qam,64,8,2.500000e-01,6119,dsp,972,bf_det_k8_l4_r8_c4_m3_w14g4_d32_s2_q2,147,5959,bf_det_k8_l4_r8_c4_m3_w14g4_d32_s2_q2,147,5959,1,1,0.000000e+00,1,1,1,0
64qam,64,8,2.500000e-01,6119,lut,973,bf_det_k8_l4_r8_c4_m4_w14g4_d64_s2_q2,36323,5895,bf_det_k8_l4_r8_c4_m4_w14g4_d32_s2_q2,35678,5895,1,1,1.808000e+00,1,0,0,0
64qam,64,8,2.500000e-01,6119,ff,974,bf_det_k8_l4_r8_c4_m3_w14g4_d32_s2_q2,24084,5959,bf_det_k8_l4_r8_c4_m3_w14g4_d32_s2_q2,24084,5959,1,1,0.000000e+00,1,1,1,0
64qam,64,8,2.500000e-01,6119,bram,975,bf_det_k8_l4_r8_c4_m4_w14g4_d32_s2_q2,24,5895,bf_det_k8_l4_r8_c4_m4_w14g4_d32_s2_q2,24,5895,1,1,0.000000e+00,1,1,1,0
64qam,64,8,2.500000e-01,9094,dsp,976,bf_det_k8_l4_r1_c4_m3_w14g4_d32_s2_q2,66,7603,bf_det_k8_l4_r1_c4_m3_w14g4_d32_s2_q2,66,7603,1,1,0.000000e+00,1,1,1,0
64qam,64,8,2.500000e-01,9094,lut,977,bf_det_k8_l4_r1_c4_m4_w12g8_d64_s2_q2,32147,7839,bf_det_k8_l4_r1_c4_m3_w12g8_d32_s2_q2,31430,7843,1,1,2.281000e+00,1,0,0,0
64qam,64,8,2.500000e-01,9094,ff,978,bf_det_k8_l4_r1_c4_m3_w12g8_d32_s2_q2,18315,7843,bf_det_k8_l4_r1_c4_m3_w12g8_d32_s2_q2,18315,7843,1,1,0.000000e+00,1,1,1,0
64qam,64,8,2.500000e-01,9094,bram,979,bf_det_k8_l4_r8_c4_m4_w12g8_d32_s2_q2,19,6135,bf_det_k8_l4_r8_c4_m4_w12g8_d32_s2_q2,19,6135,1,1,0.000000e+00,1,1,1,0
64qam,64,8,2.500000e-01,13515,dsp,980,bf_det_k8_l4_r1_c4_m3_w14g4_d32_s2_q2,66,7603,bf_det_k8_l4_r1_c4_m3_w14g4_d32_s2_q2,66,7603,1,1,0.000000e+00,1,1,1,0
64qam,64,8,2.500000e-01,13515,lut,981,bf_det_k8_l4_r1_c4_m4_w12g8_d64_s2_q2,32147,7839,bf_det_k8_l4_r1_c4_m3_w12g8_d32_s2_q2,31430,7843,1,1,2.281000e+00,1,0,0,0
64qam,64,8,2.500000e-01,13515,ff,982,bf_det_k8_l4_r1_c4_m3_w12g8_d32_s2_q2,18315,7843,bf_det_k8_l4_r1_c4_m3_w12g8_d32_s2_q2,18315,7843,1,1,0.000000e+00,1,1,1,0
64qam,64,8,2.500000e-01,13515,bram,983,bf_det_k8_l4_r8_c4_m4_w12g8_d32_s2_q2,19,6135,bf_det_k8_l4_r8_c4_m4_w12g8_d32_s2_q2,19,6135,1,1,0.000000e+00,1,1,1,0
64qam,64,8,2.500000e-01,20086,dsp,984,bf_det_k8_l4_r1_c4_m3_w14g4_d32_s2_q2,66,7603,bf_det_k8_l4_r1_c4_m3_w14g4_d32_s2_q2,66,7603,1,1,0.000000e+00,1,1,1,0
64qam,64,8,2.500000e-01,20086,lut,985,bf_det_k8_l4_r1_c4_m4_w12g8_d64_s2_q2,32147,7839,bf_det_k8_l4_r1_c4_m3_w12g8_d32_s2_q2,31430,7843,1,1,2.281000e+00,1,0,0,0
64qam,64,8,2.500000e-01,20086,ff,986,bf_det_k8_l4_r1_c4_m3_w12g8_d32_s2_q2,18315,7843,bf_det_k8_l4_r1_c4_m3_w12g8_d32_s2_q2,18315,7843,1,1,0.000000e+00,1,1,1,0
64qam,64,8,2.500000e-01,20086,bram,987,bf_det_k8_l4_r8_c4_m4_w12g8_d32_s2_q2,19,6135,bf_det_k8_l4_r8_c4_m4_w12g8_d32_s2_q2,19,6135,1,1,0.000000e+00,1,1,1,0
64qam,64,8,2.500000e-01,29852,dsp,988,bf_det_k8_l1_r1_c4_m3_w14g4_d32_s2_q2,27,24839,bf_det_k8_l1_r1_c4_m3_w14g4_d32_s2_q2,27,24839,1,1,0.000000e+00,1,1,1,0
64qam,64,8,2.500000e-01,29852,lut,989,bf_det_k8_l1_r1_c4_m4_w12g8_d64_s2_q2,16570,25367,bf_det_k8_l1_r1_c4_m4_w12g8_d32_s2_q2,15923,25367,1,1,4.063000e+00,1,0,0,0
64qam,64,8,2.500000e-01,29852,ff,990,bf_det_k8_l1_r1_c4_m3_w12g8_d32_s2_q2,10115,25879,bf_det_k8_l1_r1_c4_m3_w12g8_d32_s2_q2,10115,25879,1,1,0.000000e+00,1,1,1,0
64qam,64,8,2.500000e-01,29852,bram,991,bf_det_k8_l1_r8_c4_m4_w14g4_d32_s2_q2,15,20303,bf_det_k8_l1_r8_c4_m4_w14g4_d32_s2_q2,15,20303,1,1,0.000000e+00,1,1,1,0
64qam,64,8,5.000000e-01,1864,dsp,128,bf_det_k8_l16_r8_c16_m3_w14g4_d32_s2_q2,579,1757,bf_det_k8_l16_r8_c16_m3_w14g4_d32_s2_q2,579,1757,1,1,0.000000e+00,1,1,1,0
64qam,64,8,5.000000e-01,1864,lut,129,bf_det_k8_l16_r8_c16_m4_w12g8_d64_s2_q2,99106,1813,bf_det_k8_l16_r8_c16_m4_w12g8_d32_s2_q2,98493,1813,1,1,6.220000e-01,1,0,0,0
64qam,64,8,5.000000e-01,1864,ff,130,bf_det_k8_l16_r8_c16_m3_w14g4_d32_s2_q2,76560,1757,bf_det_k8_l16_r8_c16_m3_w12g8_d32_s2_q2,70726,1829,1,1,8.249000e+00,1,0,0,0
64qam,64,8,5.000000e-01,1864,bram,131,bf_det_k8_l16_r8_c16_m4_w12g8_d32_s2_q2,59,1813,bf_det_k8_l16_r8_c16_m4_w12g8_d32_s2_q2,59,1813,1,1,0.000000e+00,1,1,1,0
64qam,64,8,5.000000e-01,2867,dsp,132,bf_det_k8_l16_r4_c16_m3_w14g4_d32_s2_q2,387,2021,bf_det_k8_l16_r4_c16_m3_w14g4_d32_s2_q2,387,2021,1,1,0.000000e+00,1,1,1,0
64qam,64,8,5.000000e-01,2867,lut,133,bf_det_k8_l16_r4_c16_m4_w12g8_d64_s2_q2,89668,2061,bf_det_k8_l16_r4_c16_m4_w12g4_d32_s2_q2,86107,2855,1,1,4.136000e+00,1,0,0,0
64qam,64,8,5.000000e-01,2867,ff,134,bf_det_k8_l16_r4_c16_m3_w12g8_d32_s2_q2,59850,2093,bf_det_k8_l16_r4_c16_m4_w12g4_d32_s2_q2,58737,2855,1,1,1.895000e+00,1,0,0,0
64qam,64,8,5.000000e-01,2867,bram,135,bf_det_k8_l16_r8_c16_m4_w12g8_d32_s2_q2,59,1813,bf_det_k8_l16_r8_c16_m4_w12g8_d32_s2_q2,59,1813,1,1,0.000000e+00,1,1,1,0
64qam,64,8,5.000000e-01,4410,dsp,136,bf_det_k8_l16_r1_c16_m3_w14g4_d32_s2_q2,243,3541,bf_det_k8_l16_r1_c16_m3_w14g4_d32_s2_q2,243,3541,1,1,0.000000e+00,1,1,1,0
64qam,64,8,5.000000e-01,4410,lut,137,bf_det_k8_l16_r1_c16_m4_w12g8_d64_s2_q2,82265,3485,bf_det_k8_l16_r1_c16_m4_w12g8_d32_s2_q2,81652,3485,1,1,7.510000e-01,1,0,0,0
64qam,64,8,5.000000e-01,4410,ff,138,bf_det_k8_l16_r1_c16_m3_w12g8_d32_s2_q2,50839,3613,bf_det_k8_l16_r1_c16_m3_w12g8_d32_s2_q2,50839,3613,1,1,0.000000e+00,1,1,1,0
64qam,64,8,5.000000e-01,4410,bram,139,bf_det_k8_l16_r8_c16_m4_w12g8_d32_s2_q2,59,1813,bf_det_k8_l16_r8_c16_m4_w12g8_d32_s2_q2,59,1813,1,1,0.000000e+00,1,1,1,0
64qam,64,8,5.000000e-01,6784,dsp,140,bf_det_k8_l4_r4_c4_m3_w14g4_d32_s2_q2,99,6639,bf_det_k8_l4_r4_c4_m3_w14g4_d32_s2_q2,99,6639,1,1,0.000000e+00,1,1,1,0
64qam,64,8,5.000000e-01,6784,lut,141,bf_det_k8_l4_r4_c4_m4_w14g4_d64_s2_q2,33664,6511,bf_det_k8_l4_r4_c4_m4_w12g8_d32_s2_q2,32795,6751,1,1,2.650000e+00,1,0,0,0
64qam,64,8,5.000000e-01,6784,ff,142,bf_det_k8_l4_r4_c4_m3_w14g4_d32_s2_q2,20932,6639,bf_det_k8_l4_r4_c4_m4_w12g8_d32_s2_q2,20651,6751,1,1,1.361000e+00,1,0,0,0
64qam,64,8,5.000000e-01,6784,bram,143,bf_det_k8_l4_r8_c4_m4_w12g8_d32_s2_q2,19,6135,bf_det_k8_l4_r8_c4_m4_w12g8_d32_s2_q2,19,6135,1,1,0.000000e+00,1,1,1,0
64qam,64,8,5.000000e-01,10435,dsp,144,bf_det_k8_l4_r1_c4_m3_w14g4_d32_s2_q2,66,7603,bf_det_k8_l4_r1_c4_m3_w14g4_d32_s2_q2,66,7603,1,1,0.000000e+00,1,1,1,0
64qam,64,8,5.000000e-01,10435,lut,145,bf_det_k8_l4_r1_c4_m4_w12g8_d64_s2_q2,32147,7839,bf_det_k8_l4_r1_c4_m3_w12g8_d32_s2_q2,31430,7843,1,1,2.281000e+00,1,0,0,0
64qam,64,8,5.000000e-01,10435,ff,146,bf_det_k8_l4_r1_c4_m3_w12g8_d32_s2_q2,18315,7843,bf_det_k8_l4_r1_c4_m3_w12g8_d32_s2_q2,18315,7843,1,1,0.000000e+00,1,1,1,0
64qam,64,8,5.000000e-01,10435,bram,147,bf_det_k8_l4_r8_c4_m4_w12g8_d32_s2_q2,19,6135,bf_det_k8_l4_r8_c4_m4_w12g8_d32_s2_q2,19,6135,1,1,0.000000e+00,1,1,1,0
64qam,64,8,5.000000e-01,16050,dsp,148,bf_det_k8_l4_r1_c4_m3_w14g4_d32_s2_q2,66,7603,bf_det_k8_l4_r1_c4_m3_w14g4_d32_s2_q2,66,7603,1,1,0.000000e+00,1,1,1,0
64qam,64,8,5.000000e-01,16050,lut,149,bf_det_k8_l4_r1_c4_m4_w12g4_d64_s2_q2,31319,10949,bf_det_k8_l4_r1_c4_m3_w12g4_d32_s2_q2,30602,10955,1,1,2.343000e+00,1,0,0,0
64qam,64,8,5.000000e-01,16050,ff,150,bf_det_k8_l4_r1_c4_m3_w12g4_d32_s2_q2,17558,10955,bf_det_k8_l4_r1_c4_m3_w12g4_d32_s2_q2,17558,10955,1,1,0.000000e+00,1,1,1,0
64qam,64,8,5.000000e-01,16050,bram,151,bf_det_k8_l4_r8_c4_m4_w12g8_d32_s2_q2,19,6135,bf_det_k8_l4_r8_c4_m4_w12g8_d32_s2_q2,19,6135,1,1,0.000000e+00,1,1,1,0
64qam,64,8,5.000000e-01,24689,dsp,152,bf_det_k8_l1_r1_c4_m4_w14g4_d32_s2_q2,31,24583,bf_det_k8_l1_r1_c4_m4_w14g4_d32_s2_q2,31,24583,1,1,0.000000e+00,1,1,1,0
64qam,64,8,5.000000e-01,24689,lut,153,bf_det_k8_l1_r1_c4_m4_w14g4_d64_s2_q2,16636,24583,bf_det_k8_l1_r1_c4_m4_w14g4_d32_s2_q2,15957,24583,1,1,4.255000e+00,1,0,0,0
64qam,64,8,5.000000e-01,24689,ff,154,bf_det_k8_l1_r1_c4_m4_w14g4_d32_s2_q2,10372,24583,bf_det_k8_l1_r1_c4_m4_w14g4_d32_s2_q2,10372,24583,1,1,0.000000e+00,1,1,1,0
64qam,64,8,5.000000e-01,24689,bram,155,bf_det_k8_l1_r8_c4_m4_w14g4_d32_s2_q2,15,20303,bf_det_k8_l1_r8_c4_m4_w14g4_d32_s2_q2,15,20303,1,1,0.000000e+00,1,1,1,0
64qam,64,8,5.000000e-01,37976,dsp,156,bf_det_k8_l1_r1_c4_m3_w14g4_d32_s2_q2,27,24839,bf_det_k8_l1_r1_c4_m3_w14g4_d32_s2_q2,27,24839,1,1,0.000000e+00,1,1,1,0
64qam,64,8,5.000000e-01,37976,lut,157,bf_det_k8_l1_r1_c4_m4_w12g4_d64_s2_q2,16275,34949,bf_det_k8_l1_r1_c4_m4_w16g0_d32_s2_q2,15618,35301,1,1,4.207000e+00,1,0,0,0
64qam,64,8,5.000000e-01,37976,ff,158,bf_det_k8_l1_r1_c4_m3_w12g4_d32_s2_q2,9910,35717,bf_det_k8_l1_r1_c4_m3_w12g4_d32_s2_q2,9910,35717,1,1,0.000000e+00,1,1,1,0
64qam,64,8,5.000000e-01,37976,bram,159,bf_det_k8_l1_r8_c4_m4_w14g4_d32_s2_q2,15,20303,bf_det_k8_l1_r8_c4_m4_w14g4_d32_s2_q2,15,20303,1,1,0.000000e+00,1,1,1,0
64qam,64,8,1.000000e+00,1410,dsp,992,bf_det_k8_l16_r8_c16_m3_w14g4_d32_s2_q2,579,1331,bf_det_k8_l16_r8_c16_m3_w14g4_d32_s2_q2,579,1331,1,1,0.000000e+00,1,1,1,0
64qam,64,8,1.000000e+00,1410,lut,993,bf_det_k8_l16_r8_c16_m4_w12g8_d64_s2_q2,99106,1373,bf_det_k8_l16_r8_c16_m4_w12g8_d32_s2_q2,98493,1373,1,1,6.220000e-01,1,0,0,0
64qam,64,8,1.000000e+00,1410,ff,994,bf_det_k8_l16_r8_c16_m3_w14g4_d32_s2_q2,76560,1331,bf_det_k8_l16_r8_c16_m3_w12g8_d32_s2_q2,70726,1385,1,1,8.249000e+00,1,0,0,0
64qam,64,8,1.000000e+00,1410,bram,995,bf_det_k8_l16_r8_c16_m4_w12g8_d32_s2_q2,59,1373,bf_det_k8_l16_r8_c16_m4_w12g8_d32_s2_q2,59,1373,1,1,0.000000e+00,1,1,1,0
64qam,64,8,1.000000e+00,2132,dsp,996,bf_det_k8_l16_r4_c16_m3_w14g4_d32_s2_q2,387,1529,bf_det_k8_l16_r4_c16_m3_w14g4_d32_s2_q2,387,1529,1,1,0.000000e+00,1,1,1,0
64qam,64,8,1.000000e+00,2132,lut,997,bf_det_k8_l16_r4_c16_m4_w12g4_d64_s2_q2,86720,1921,bf_det_k8_l16_r4_c16_m4_w12g4_d32_s2_q2,86107,1921,1,1,7.120000e-01,1,0,0,0
64qam,64,8,1.000000e+00,2132,ff,998,bf_det_k8_l16_r4_c16_m3_w12g4_d32_s2_q2,56885,1953,bf_det_k8_l16_r4_c16_m3_w12g4_d32_s2_q2,56885,1953,1,1,0.000000e+00,1,1,1,0
64qam,64,8,1.000000e+00,2132,bram,999,bf_det_k8_l16_r8_c16_m4_w12g8_d32_s2_q2,59,1373,bf_det_k8_l16_r8_c16_m4_w12g8_d32_s2_q2,59,1373,1,1,0.000000e+00,1,1,1,0
64qam,64,8,1.000000e+00,3225,dsp,1000,bf_det_k8_l16_r1_c16_m3_w14g4_d32_s2_q2,243,2669,bf_det_k8_l16_r1_c16_m3_w14g4_d32_s2_q2,243,2669,1,1,0.000000e+00,1,1,1,0
64qam,64,8,1.000000e+00,3225,lut,1001,bf_det_k8_l16_r1_c16_m4_w12g8_d64_s2_q2,82265,2627,bf_det_k8_l16_r1_c16_m4_w12g8_d32_s2_q2,81652,2627,1,1,7.510000e-01,1,0,0,0
64qam,64,8,1.000000e+00,3225,ff,1002,bf_det_k8_l16_r1_c16_m3_w12g8_d32_s2_q2,50839,2723,bf_det_k8_l16_r1_c16_m3_w12g8_d32_s2_q2,50839,2723,1,1,0.000000e+00,1,1,1,0
64qam,64,8,1.000000e+00,3225,bram,1003,bf_det_k8_l16_r8_c16_m4_w12g8_d32_s2_q2,59,1373,bf_det_k8_l16_r8_c16_m4_w12g8_d32_s2_q2,59,1373,1,1,0.000000e+00,1,1,1,0
64qam,64,8,1.000000e+00,4877,dsp,1004,bf_det_k8_l4_r8_c4_m3_w14g4_d32_s2_q2,147,4517,bf_det_k8_l4_r8_c4_m3_w14g4_d32_s2_q2,147,4517,1,1,0.000000e+00,1,1,1,0
64qam,64,8,1.000000e+00,4877,lut,1005,bf_det_k8_l4_r8_c4_m4_w12g8_d64_s2_q2,36131,4649,bf_det_k8_l4_r8_c4_m4_w12g8_d32_s2_q2,35518,4649,1,1,1.726000e+00,1,0,0,0
64qam,64,8,1.000000e+00,4877,ff,1006,bf_det_k8_l4_r8_c4_m3_w12g8_d32_s2_q2,22510,4697,bf_det_k8_l4_r8_c4_m3_w12g8_d32_s2_q2,22510,4697,1,1,0.000000e+00,1,1,1,0
64qam,64,8,1.000000e+00,4877,bram,1007,bf_det_k8_l4_r8_c4_m4_w12g8_d32_s2_q2,19,4649,bf_det_k8_l4_r8_c4_m4_w12g8_d32_s2_q2,19,4649,1,1,0.000000e+00,1,1,1,0
64qam,64,8,1.000000e+00,7375,dsp,1008,bf_det_k8_l4_r1_c4_m3_w14g4_d32_s2_q2,66,5750,bf_det_k8_l4_r1_c4_m3_w14g4_d32_s2_q2,66,5750,1,1,0.000000e+00,1,1,1,0
64qam,64,8,1.000000e+00,7375,lut,1009,bf_det_k8_l4_r1_c4_m4_w12g4_d64_s2_q2,31319,7363,bf_det_k8_l4_r1_c4_m3_w12g4_d32_s2_q2,30602,7367,1,1,2.343000e+00,1,0,0,0
64qam,64,8,1.000000e+00,7375,ff,1010,bf_det_k8_l4_r1_c4_m4_w12g4_d32_s2_q2,18057,7363,bf_det_k8_l4_r1_c4_m3_w12g4_d32_s2_q2,17558,7367,1,1,2.842000e+00,1,0,0,0
64qam,64,8,1.000000e+00,7375,bram,1011,bf_det_k8_l4_r8_c4_m4_w12g8_d32_s2_q2,19,4649,bf_det_k8_l4_r8_c4_m4_w12g8_d32_s2_q2,19,4649,1,1,0.000000e+00,1,1,1,0
64qam,64,8,1.000000e+00,11154,dsp,1012,bf_det_k8_l4_r1_c4_m3_w14g4_d32_s2_q2,66,5750,bf_det_k8_l4_r1_c4_m3_w14g4_d32_s2_q2,66,5750,1,1,0.000000e+00,1,1,1,0
64qam,64,8,1.000000e+00,11154,lut,1013,bf_det_k8_l4_r1_c4_m4_w12g4_d64_s2_q2,31319,7363,bf_det_k8_l4_r1_c4_m3_w12g4_d32_s2_q2,30602,7367,1,1,2.343000e+00,1,0,0,0
64qam,64,8,1.000000e+00,11154,ff,1014,bf_det_k8_l4_r1_c4_m3_w12g4_d32_s2_q2,17558,7367,bf_det_k8_l4_r1_c4_m3_w12g4_d32_s2_q2,17558,7367,1,1,0.000000e+00,1,1,1,0
64qam,64,8,1.000000e+00,11154,bram,1015,bf_det_k8_l4_r8_c4_m4_w12g8_d32_s2_q2,19,4649,bf_det_k8_l4_r8_c4_m4_w12g8_d32_s2_q2,19,4649,1,1,0.000000e+00,1,1,1,0
64qam,64,8,1.000000e+00,16868,dsp,1016,bf_det_k8_l4_r1_c4_m3_w14g4_d32_s2_q2,66,5750,bf_det_k8_l1_r4_c4_m3_w14g4_d32_s2_q2,63,15947,1,1,4.762000e+00,1,0,0,0
64qam,64,8,1.000000e+00,16868,lut,1017,bf_det_k8_l1_r4_c4_m4_w12g8_d64_s2_q2,18536,16631,bf_det_k8_l1_r4_c4_m4_w12g8_d32_s2_q2,17889,16631,1,1,3.617000e+00,1,0,0,0
64qam,64,8,1.000000e+00,16868,ff,1018,bf_det_k8_l1_r4_c4_m3_w12g8_d32_s2_q2,12346,16727,bf_det_k8_l1_r4_c4_m3_w12g8_d32_s2_q2,12346,16727,1,1,0.000000e+00,1,1,1,0
64qam,64,8,1.000000e+00,16868,bram,1019,bf_det_k8_l1_r8_c4_m4_w14g4_d32_s2_q2,15,15413,bf_det_k8_l1_r8_c4_m4_w14g4_d32_s2_q2,15,15413,1,1,0.000000e+00,1,1,1,0
64qam,64,8,1.000000e+00,25511,dsp,1020,bf_det_k8_l1_r1_c4_m3_w14g4_d32_s2_q2,27,18815,bf_det_k8_l1_r1_c4_m3_w14g4_d32_s2_q2,27,18815,1,1,0.000000e+00,1,1,1,0
64qam,64,8,1.000000e+00,25511,lut,1021,bf_det_k8_l1_r1_c4_m4_w12g4_d64_s2_q2,16275,23547,bf_det_k8_l1_r1_c4_m4_w16g0_d32_s2_q2,15618,23771,1,1,4.207000e+00,1,0,0,0
64qam,64,8,1.000000e+00,25511,ff,1022,bf_det_k8_l1_r1_c4_m3_w12g4_d32_s2_q2,9910,24059,bf_det_k8_l1_r1_c4_m3_w12g4_d32_s2_q2,9910,24059,1,1,0.000000e+00,1,1,1,0
64qam,64,8,1.000000e+00,25511,bram,1023,bf_det_k8_l1_r8_c4_m4_w14g4_d32_s2_q2,15,15413,bf_det_k8_l1_r8_c4_m4_w14g4_d32_s2_q2,15,15413,1,1,0.000000e+00,1,1,1,0
64qam,64,16,2.500000e-01,3656,dsp,1024,bf_det_k16_l16_r16_c16_m3_w14g4_d32_s2_q2,963,3409,bf_det_k16_l16_r16_c16_m3_w14g4_d32_s2_q2,963,3409,1,1,0.000000e+00,1,1,1,0
64qam,64,16,2.500000e-01,3656,lut,1025,bf_det_k16_l16_r16_c16_m4_w12g8_d64_s2_q2,123177,3493,bf_det_k16_l16_r16_c16_m4_w12g8_d32_s2_q2,122565,3493,1,1,4.990000e-01,1,0,0,0
64qam,64,16,2.500000e-01,3656,ff,1026,bf_det_k16_l16_r16_c16_m3_w12g8_d32_s2_q2,96264,3517,bf_det_k16_l16_r16_c16_m3_w12g8_d32_s2_q2,96264,3517,1,1,0.000000e+00,1,1,1,0
64qam,64,16,2.500000e-01,3656,bram,1027,bf_det_k16_l16_r16_c16_m4_w12g8_d32_s2_q2,59,3493,bf_det_k16_l16_r16_c16_m4_w12g8_d32_s2_q2,59,3493,1,1,0.000000e+00,1,1,1,0
64qam,64,16,2.500000e-01,5583,dsp,1028,bf_det_k16_l16_r4_c16_m3_w14g4_d32_s2_q2,387,4885,bf_det_k16_l16_r4_c16_m3_w14g4_d32_s2_q2,387,4885,1,1,0.000000e+00,1,1,1,0
64qam,64,16,2.500000e-01,5583,lut,1029,bf_det_k16_l16_r4_c16_m4_w12g8_d64_s2_q2,95155,4951,bf_det_k16_l16_r4_c16_m4_w12g8_d32_s2_q2,94543,4951,1,1,6.470000e-01,1,0,0,0
64qam,64,16,2.500000e-01,5583,ff,1030,bf_det_k16_l16_r4_c16_m3_w12g8_d32_s2_q2,63421,5047,bf_det_k16_l16_r4_c16_m3_w12g8_d32_s2_q2,63421,5047,1,1,0.000000e+00,1,1,1,0
64qam,64,16,2.500000e-01,5583,bram,1031,bf_det_k16_l16_r16_c16_m4_w12g8_d32_s2_q2,59,3493,bf_det_k16_l16_r16_c16_m4_w12g8_d32_s2_q2,59,3493,1,1,0.000000e+00,1,1,1,0
64qam,64,16,2.500000e-01,8524,dsp,1032,bf_det_k16_l16_r4_c16_m3_w14g4_d32_s2_q2,387,4885,bf_det_k16_l16_r4_c16_m3_w14g4_d32_s2_q2,387,4885,1,1,0.000000e+00,1,1,1,0
64qam,64,16,2.500000e-01,8524,lut,1033,bf_det_k16_l16_r4_c16_m4_w12g8_d64_s2_q2,95155,4951,bf_det_k16_l16_r4_c16_m4_w12g8_d32_s2_q2,94543,4951,1,1,6.470000e-01,1,0,0,0
64qam,64,16,2.500000e-01,8524,ff,1034,bf_det_k16_l16_r4_c16_m3_w12g8_d32_s2_q2,63421,5047,bf_det_k16_l16_r4_c16_m3_w12g8_d32_s2_q2,63421,5047,1,1,0.000000e+00,1,1,1,0
64qam,64,16,2.500000e-01,8524,bram,1035,bf_det_k16_l16_r16_c16_m4_w12g8_d32_s2_q2,59,3493,bf_det_k16_l16_r16_c16_m4_w12g8_d32_s2_q2,59,3493,1,1,0.000000e+00,1,1,1,0
64qam,64,16,2.500000e-01,13015,dsp,1036,bf_det_k16_l16_r1_c16_m3_w14g4_d32_s2_q2,243,10399,bf_det_k16_l16_r1_c16_m3_w14g4_d32_s2_q2,243,10399,1,1,0.000000e+00,1,1,1,0
64qam,64,16,2.500000e-01,13015,lut,1037,bf_det_k16_l4_r16_c4_m4_w12g8_d64_s2_q2,44355,12403,bf_det_k16_l4_r16_c4_m4_w12g8_d32_s2_q2,43743,12403,1,1,1.399000e+00,1,0,0,0
64qam,64,16,2.500000e-01,13015,ff,1038,bf_det_k16_l4_r16_c4_m3_w12g8_d32_s2_q2,28684,12451,bf_det_k16_l4_r16_c4_m3_w12g8_d32_s2_q2,28684,12451,1,1,0.000000e+00,1,1,1,0
64qam,64,16,2.500000e-01,13015,bram,1039,bf_det_k16_l4_r16_c4_m4_w12g8_d32_s2_q2,51,12403,bf_det_k16_l4_r16_c4_m4_w12g8_d32_s2_q2,51,12403,1,1,0.000000e+00,1,1,1,0
64qam,64,16,2.500000e-01,19873,dsp,1040,bf_det_k16_l4_r4_c4_m3_w14g4_d32_s2_q2,99,16255,bf_det_k16_l4_r4_c4_m3_w14g4_d32_s2_q2,99,16255,1,1,0.000000e+00,1,1,1,0
64qam,64,16,2.500000e-01,19873,lut,1041,bf_det_k16_l4_r4_c4_m4_w12g8_d64_s2_q2,36898,16471,bf_det_k16_l4_r4_c4_m4_w12g8_d32_s2_q2,36286,16471,1,1,1.687000e+00,1,0,0,0
64qam,64,16,2.500000e-01,19873,ff,1042,bf_det_k16_l4_r4_c4_m3_w12g8_d32_s2_q2,20390,16663,bf_det_k16_l4_r4_c4_m3_w12g8_d32_s2_q2,20390,16663,1,1,0.000000e+00,1,1,1,0
64qam,64,16,2.500000e-01,19873,bram,1043,bf_det_k16_l4_r16_c4_m4_w12g8_d32_s2_q2,51,12403,bf_det_k16_l4_r16_c4_m4_w12g8_d32_s2_q2,51,12403,1,1,0.000000e+00,1,1,1,0
64qam,64,16,2.500000e-01,30345,dsp,1044,bf_det_k16_l4_r1_c4_m3_w14g4_d32_s2_q2,66,23725,bf_det_k16_l4_r1_c4_m3_w14g4_d32_s2_q2,66,23725,1,1,0.000000e+00,1,1,1,0
64qam,64,16,2.500000e-01,30345,lut,1045,bf_det_k16_l4_r1_c4_m4_w12g8_d64_s2_q2,35464,24121,bf_det_k16_l4_r1_c4_m4_w12g8_d32_s2_q2,34852,24121,1,1,1.756000e+00,1,0,0,0
64qam,64,16,2.500000e-01,30345,ff,1046,bf_det_k16_l4_r1_c4_m3_w12g8_d32_s2_q2,18897,24133,bf_det_k16_l4_r1_c4_m3_w12g8_d32_s2_q2,18897,24133,1,1,0.000000e+00,1,1,1,0
64qam,64,16,2.500000e-01,30345,bram,1047,bf_det_k16_l4_r16_c4_m4_w12g8_d32_s2_q2,51,12403,bf_det_k16_l4_r16_c4_m4_w12g8_d32_s2_q2,51,12403,1,1,0.000000e+00,1,1,1,0
64qam,64,16,2.500000e-01,46334,dsp,1048,bf_det_k16_l4_r1_c4_m3_w14g4_d32_s2_q2,66,23725,bf_det_k16_l1_r4_c4_m3_w14g4_d32_s2_q2,63,45031,1,1,4.762000e+00,1,0,0,0
64qam,64,16,2.500000e-01,46334,lut,1049,bf_det_k16_l1_r4_c4_m4_w12g8_d64_s2_q2,19989,46399,bf_det_k16_l1_r4_c4_m4_w14g4_d32_s2_q2,19443,44839,1,1,2.808000e+00,1,0,0,0
64qam,64,16,2.500000e-01,46334,ff,1050,bf_det_k16_l1_r4_c4_m4_w12g8_d32_s2_q2,13427,46399,bf_det_k16_l1_r4_c4_m3_w14g4_d32_s2_q2,13033,45031,1,1,3.023000e+00,1,0,0,0
64qam,64,16,2.500000e-01,46334,bram,1051,bf_det_k16_l1_r16_c4_m4_w14g4_d32_s2_q2,27,40627,bf_det_k16_l1_r16_c4_m4_w14g4_d32_s2_q2,27,40627,1,1,0.000000e+00,1,1,1,0
64qam,64,16,2.500000e-01,70749,dsp,1052,bf_det_k16_l1_r1_c4_m3_w14g4_d32_s2_q2,27,61687,bf_det_k16_l1_r1_c4_m3_w14g4_d32_s2_q2,27,61687,1,1,0.000000e+00,1,1,1,0
64qam,64,16,2.500000e-01,70749,lut,1053,bf_det_k16_l1_r1_c4_m4_w12g8_d64_s2_q2,17896,62479,bf_det_k16_l1_r1_c4_m4_w12g8_d32_s2_q2,17250,62479,1,1,3.745000e+00,1,0,0,0
64qam,64,16,2.500000e-01,70749,ff,1054,bf_det_k16_l1_r1_c4_m3_w12g8_d32_s2_q2,10294,63247,bf_det_k16_l1_r1_c4_m3_w12g8_d32_s2_q2,10294,63247,1,1,0.000000e+00,1,1,1,0
64qam,64,16,2.500000e-01,70749,bram,1055,bf_det_k16_l1_r16_c4_m4_w14g4_d32_s2_q2,27,40627,bf_det_k16_l1_r16_c4_m4_w14g4_d32_s2_q2,27,40627,1,1,0.000000e+00,1,1,1,0
64qam,64,16,5.000000e-01,3656,dsp,1024,bf_det_k16_l16_r16_c16_m3_w14g4_d32_s2_q2,963,3409,bf_det_k16_l16_r16_c16_m3_w14g4_d32_s2_q2,963,3409,1,1,0.000000e+00,1,1,1,0
64qam,64,16,5.000000e-01,3656,lut,1025,bf_det_k16_l16_r16_c16_m4_w12g8_d64_s2_q2,123177,3493,bf_det_k16_l16_r16_c16_m4_w12g8_d32_s2_q2,122565,3493,1,1,4.990000e-01,1,0,0,0
64qam,64,16,5.000000e-01,3656,ff,1026,bf_det_k16_l16_r16_c16_m3_w12g8_d32_s2_q2,96264,3517,bf_det_k16_l16_r16_c16_m3_w12g8_d32_s2_q2,96264,3517,1,1,0.000000e+00,1,1,1,0
64qam,64,16,5.000000e-01,3656,bram,1027,bf_det_k16_l16_r16_c16_m4_w12g8_d32_s2_q2,59,3493,bf_det_k16_l16_r16_c16_m4_w12g8_d32_s2_q2,59,3493,1,1,0.000000e+00,1,1,1,0
64qam,64,16,5.000000e-01,5583,dsp,1028,bf_det_k16_l16_r4_c16_m3_w14g4_d32_s2_q2,387,4885,bf_det_k16_l16_r4_c16_m3_w14g4_d32_s2_q2,387,4885,1,1,0.000000e+00,1,1,1,0
64qam,64,16,5.000000e-01,5583,lut,1029,bf_det_k16_l16_r4_c16_m4_w12g8_d64_s2_q2,95155,4951,bf_det_k16_l16_r4_c16_m4_w12g8_d32_s2_q2,94543,4951,1,1,6.470000e-01,1,0,0,0
64qam,64,16,5.000000e-01,5583,ff,1030,bf_det_k16_l16_r4_c16_m3_w12g8_d32_s2_q2,63421,5047,bf_det_k16_l16_r4_c16_m3_w12g8_d32_s2_q2,63421,5047,1,1,0.000000e+00,1,1,1,0
64qam,64,16,5.000000e-01,5583,bram,1031,bf_det_k16_l16_r16_c16_m4_w12g8_d32_s2_q2,59,3493,bf_det_k16_l16_r16_c16_m4_w12g8_d32_s2_q2,59,3493,1,1,0.000000e+00,1,1,1,0
64qam,64,16,5.000000e-01,8524,dsp,1032,bf_det_k16_l16_r4_c16_m3_w14g4_d32_s2_q2,387,4885,bf_det_k16_l16_r4_c16_m3_w14g4_d32_s2_q2,387,4885,1,1,0.000000e+00,1,1,1,0
64qam,64,16,5.000000e-01,8524,lut,1033,bf_det_k16_l16_r4_c16_m4_w12g8_d64_s2_q2,95155,4951,bf_det_k16_l16_r4_c16_m4_w12g8_d32_s2_q2,94543,4951,1,1,6.470000e-01,1,0,0,0
64qam,64,16,5.000000e-01,8524,ff,1034,bf_det_k16_l16_r4_c16_m3_w12g8_d32_s2_q2,63421,5047,bf_det_k16_l16_r4_c16_m3_w12g8_d32_s2_q2,63421,5047,1,1,0.000000e+00,1,1,1,0
64qam,64,16,5.000000e-01,8524,bram,1035,bf_det_k16_l16_r16_c16_m4_w12g8_d32_s2_q2,59,3493,bf_det_k16_l16_r16_c16_m4_w12g8_d32_s2_q2,59,3493,1,1,0.000000e+00,1,1,1,0
64qam,64,16,5.000000e-01,13015,dsp,1036,bf_det_k16_l16_r1_c16_m3_w14g4_d32_s2_q2,243,10399,bf_det_k16_l16_r1_c16_m3_w14g4_d32_s2_q2,243,10399,1,1,0.000000e+00,1,1,1,0
64qam,64,16,5.000000e-01,13015,lut,1037,bf_det_k16_l4_r16_c4_m4_w12g8_d64_s2_q2,44355,12403,bf_det_k16_l4_r16_c4_m4_w12g8_d32_s2_q2,43743,12403,1,1,1.399000e+00,1,0,0,0
64qam,64,16,5.000000e-01,13015,ff,1038,bf_det_k16_l4_r16_c4_m3_w12g8_d32_s2_q2,28684,12451,bf_det_k16_l4_r16_c4_m3_w12g8_d32_s2_q2,28684,12451,1,1,0.000000e+00,1,1,1,0
64qam,64,16,5.000000e-01,13015,bram,1039,bf_det_k16_l4_r16_c4_m4_w12g8_d32_s2_q2,51,12403,bf_det_k16_l4_r16_c4_m4_w12g8_d32_s2_q2,51,12403,1,1,0.000000e+00,1,1,1,0
64qam,64,16,5.000000e-01,19873,dsp,1040,bf_det_k16_l4_r4_c4_m3_w14g4_d32_s2_q2,99,16255,bf_det_k16_l4_r4_c4_m3_w14g4_d32_s2_q2,99,16255,1,1,0.000000e+00,1,1,1,0
64qam,64,16,5.000000e-01,19873,lut,1041,bf_det_k16_l4_r4_c4_m4_w12g8_d64_s2_q2,36898,16471,bf_det_k16_l4_r4_c4_m4_w12g8_d32_s2_q2,36286,16471,1,1,1.687000e+00,1,0,0,0
64qam,64,16,5.000000e-01,19873,ff,1042,bf_det_k16_l4_r4_c4_m3_w12g8_d32_s2_q2,20390,16663,bf_det_k16_l4_r4_c4_m3_w12g8_d32_s2_q2,20390,16663,1,1,0.000000e+00,1,1,1,0
64qam,64,16,5.000000e-01,19873,bram,1043,bf_det_k16_l4_r16_c4_m4_w12g8_d32_s2_q2,51,12403,bf_det_k16_l4_r16_c4_m4_w12g8_d32_s2_q2,51,12403,1,1,0.000000e+00,1,1,1,0
64qam,64,16,5.000000e-01,30345,dsp,1044,bf_det_k16_l4_r1_c4_m3_w14g4_d32_s2_q2,66,23725,bf_det_k16_l4_r1_c4_m3_w14g4_d32_s2_q2,66,23725,1,1,0.000000e+00,1,1,1,0
64qam,64,16,5.000000e-01,30345,lut,1045,bf_det_k16_l4_r1_c4_m4_w12g8_d64_s2_q2,35464,24121,bf_det_k16_l4_r1_c4_m4_w12g8_d32_s2_q2,34852,24121,1,1,1.756000e+00,1,0,0,0
64qam,64,16,5.000000e-01,30345,ff,1046,bf_det_k16_l4_r1_c4_m3_w12g8_d32_s2_q2,18897,24133,bf_det_k16_l4_r1_c4_m3_w12g8_d32_s2_q2,18897,24133,1,1,0.000000e+00,1,1,1,0
64qam,64,16,5.000000e-01,30345,bram,1047,bf_det_k16_l4_r16_c4_m4_w12g8_d32_s2_q2,51,12403,bf_det_k16_l4_r16_c4_m4_w12g8_d32_s2_q2,51,12403,1,1,0.000000e+00,1,1,1,0
64qam,64,16,5.000000e-01,46334,dsp,1048,bf_det_k16_l4_r1_c4_m3_w14g4_d32_s2_q2,66,23725,bf_det_k16_l1_r4_c4_m3_w14g4_d32_s2_q2,63,45031,1,1,4.762000e+00,1,0,0,0
64qam,64,16,5.000000e-01,46334,lut,1049,bf_det_k16_l1_r4_c4_m4_w12g8_d64_s2_q2,19989,46399,bf_det_k16_l1_r4_c4_m4_w14g4_d32_s2_q2,19443,44839,1,1,2.808000e+00,1,0,0,0
64qam,64,16,5.000000e-01,46334,ff,1050,bf_det_k16_l1_r4_c4_m4_w12g8_d32_s2_q2,13427,46399,bf_det_k16_l1_r4_c4_m3_w14g4_d32_s2_q2,13033,45031,1,1,3.023000e+00,1,0,0,0
64qam,64,16,5.000000e-01,46334,bram,1051,bf_det_k16_l1_r16_c4_m4_w14g4_d32_s2_q2,27,40627,bf_det_k16_l1_r16_c4_m4_w14g4_d32_s2_q2,27,40627,1,1,0.000000e+00,1,1,1,0
64qam,64,16,5.000000e-01,70749,dsp,1052,bf_det_k16_l1_r1_c4_m3_w14g4_d32_s2_q2,27,61687,bf_det_k16_l1_r1_c4_m3_w14g4_d32_s2_q2,27,61687,1,1,0.000000e+00,1,1,1,0
64qam,64,16,5.000000e-01,70749,lut,1053,bf_det_k16_l1_r1_c4_m4_w12g8_d64_s2_q2,17896,62479,bf_det_k16_l1_r1_c4_m4_w12g8_d32_s2_q2,17250,62479,1,1,3.745000e+00,1,0,0,0
64qam,64,16,5.000000e-01,70749,ff,1054,bf_det_k16_l1_r1_c4_m3_w12g8_d32_s2_q2,10294,63247,bf_det_k16_l1_r1_c4_m3_w12g8_d32_s2_q2,10294,63247,1,1,0.000000e+00,1,1,1,0
64qam,64,16,5.000000e-01,70749,bram,1055,bf_det_k16_l1_r16_c4_m4_w14g4_d32_s2_q2,27,40627,bf_det_k16_l1_r16_c4_m4_w14g4_d32_s2_q2,27,40627,1,1,0.000000e+00,1,1,1,0
64qam,64,16,1.000000e+00,3526,dsp,416,bf_det_k16_l16_r16_c16_m3_w12g4_d32_s2_q2,963,3307,bf_det_k16_l16_r16_c16_m3_w16g0_d32_s2_q2,963,3293,1,1,0.000000e+00,1,0,1,0
64qam,64,16,1.000000e+00,3526,lut,417,bf_det_k16_l16_r16_c16_m4_w12g4_d64_s2_q2,120229,3283,bf_det_k16_l16_r16_c16_m4_w12g4_d32_s2_q2,119617,3283,1,1,5.120000e-01,1,0,0,0
64qam,64,16,1.000000e+00,3526,ff,418,bf_det_k16_l16_r16_c16_m3_w12g4_d32_s2_q2,93299,3307,bf_det_k16_l16_r16_c16_m3_w12g4_d32_s2_q2,93299,3307,1,1,0.000000e+00,1,1,1,0
64qam,64,16,1.000000e+00,3526,bram,419,bf_det_k16_l16_r16_c16_m4_w12g4_d32_s2_q2,59,3283,bf_det_k16_l16_r16_c16_m4_w12g4_d32_s2_q2,59,3283,1,1,0.000000e+00,1,1,1,0
64qam,64,16,1.000000e+00,5412,dsp,420,bf_det_k16_l16_r4_c16_m3_w12g4_d32_s2_q2,387,4837,bf_det_k16_l16_r4_c16_m3_w16g0_d32_s2_q2,387,4823,1,1,0.000000e+00,1,0,1,0
64qam,64,16,1.000000e+00,5412,lut,421,bf_det_k16_l16_r4_c16_m4_w12g4_d64_s2_q2,92207,4741,bf_det_k16_l16_r4_c16_m4_w12g4_d32_s2_q2,91595,4741,1,1,6.680000e-01,1,0,0,0
64qam,64,16,1.000000e+00,5412,ff,422,bf_det_k16_l16_r4_c16_m3_w12g4_d32_s2_q2,60456,4837,bf_det_k16_l16_r4_c16_m3_w12g4_d32_s2_q2,60456,4837,1,1,0.000000e+00,1,1,1,0
64qam,64,16,1.000000e+00,5412,bram,423,bf_det_k16_l16_r16_c16_m4_w12g4_d32_s2_q2,59,3283,bf_det_k16_l16_r16_c16_m4_w12g4_d32_s2_q2,59,3283,1,1,0.000000e+00,1,1,1,0
64qam,64,16,1.000000e+00,8307,dsp,424,bf_det_k16_l16_r4_c16_m3_w12g4_d32_s2_q2,387,4837,bf_det_k16_l16_r4_c16_m3_w16g0_d32_s2_q2,387,4823,1,1,0.000000e+00,1,0,1,0
64qam,64,16,1.000000e+00,8307,lut,425,bf_det_k16_l16_r4_c16_m4_w12g4_d64_s2_q2,92207,4741,bf_det_k16_l16_r4_c16_m4_w12g4_d32_s2_q2,91595,4741,1,1,6.680000e-01,1,0,0,0
64qam,64,16,1.000000e+00,8307,ff,426,bf_det_k16_l16_r4_c16_m3_w12g4_d32_s2_q2,60456,4837,bf_det_k16_l16_r4_c16_m3_w12g4_d32_s2_q2,60456,4837,1,1,0.000000e+00,1,1,1,0
64qam,64,16,1.000000e+00,8307,bram,427,bf_det_k16_l16_r16_c16_m4_w12g4_d32_s2_q2,59,3283,bf_det_k16_l16_r16_c16_m4_w12g4_d32_s2_q2,59,3283,1,1,0.000000e+00,1,1,1,0
64qam,64,16,1.000000e+00,12749,dsp,428,bf_det_k16_l16_r1_c16_m3_w12g4_d32_s2_q2,243,10495,bf_det_k16_l16_r1_c16_m3_w14g4_d32_s2_q2,243,10399,1,1,0.000000e+00,1,0,1,0
64qam,64,16,1.000000e+00,12749,lut,429,bf_det_k16_l4_r16_c4_m4_w12g4_d64_s2_q2,43527,11689,bf_det_k16_l4_r16_c4_m4_w12g4_d32_s2_q2,42915,11689,1,1,1.426000e+00,1,0,0,0
64qam,64,16,1.000000e+00,12749,ff,430,bf_det_k16_l4_r16_c4_m3_w12g4_d32_s2_q2,27927,11737,bf_det_k16_l4_r16_c4_m3_w12g4_d32_s2_q2,27927,11737,1,1,0.000000e+00,1,1,1,0
64qam,64,16,1.000000e+00,12749,bram,431,bf_det_k16_l4_r16_c4_m4_w12g4_d32_s2_q2,51,11689,bf_det_k16_l4_r16_c4_m4_w12g4_d32_s2_q2,51,11689,1,1,0.000000e+00,1,1,1,0
64qam,64,16,1.000000e+00,19568,dsp,432,bf_det_k16_l4_r4_c4_m3_w12g4_d32_s2_q2,99,15949,bf_det_k16_l4_r4_c4_m3_w16g0_d32_s2_q2,99,15845,1,1,0.000000e+00,1,0,1,0
64qam,64,16,1.000000e+00,19568,lut,433,bf_det_k16_l4_r4_c4_m4_w12g4_d64_s2_q2,36070,15757,bf_det_k16_l4_r4_c4_m4_w12g4_d32_s2_q2,35458,15757,1,1,1.726000e+00,1,0,0,0
64qam,64,16,1.000000e+00,19568,ff,434,bf_det_k16_l4_r4_c4_m3_w12g4_d32_s2_q2,19633,15949,bf_det_k16_l4_r4_c4_m3_w12g4_d32_s2_q2,19633,15949,1,1,0.000000e+00,1,1,1,0
64qam,64,16,1.000000e+00,19568,bram,435,bf_det_k16_l4_r16_c4_m4_w12g4_d32_s2_q2,51,11689,bf_det_k16_l4_r16_c4_m4_w12g4_d32_s2_q2,51,11689,1,1,0.000000e+00,1,1,1,0
64qam,64,16,1.000000e+00,30033,dsp,436,bf_det_k16_l4_r1_c4_m3_w12g4_d32_s2_q2,66,23419,bf_det_k16_l4_r1_c4_m3_w16g0_d32_s2_q2,66,23315,1,1,0.000000e+00,1,0,1,0
64qam,64,16,1.000000e+00,30033,lut,437,bf_det_k16_l4_r1_c4_m4_w12g4_d64_s2_q2,34636,23407,bf_det_k16_l4_r1_c4_m4_w12g4_d32_s2_q2,34024,23407,1,1,1.799000e+00,1,0,0,0
64qam,64,16,1.000000e+00,30033,ff,438,bf_det_k16_l4_r1_c4_m3_w12g4_d32_s2_q2,18140,23419,bf_det_k16_l4_r1_c4_m3_w12g4_d32_s2_q2,18140,23419,1,1,0.000000e+00,1,1,1,0
64qam,64,16,1.000000e+00,30033,bram,439,bf_det_k16_l4_r16_c4_m4_w12g4_d32_s2_q2,51,11689,bf_det_k16_l4_r16_c4_m4_w12g4_d32_s2_q2,51,11689,1,1,0.000000e+00,1,1,1,0
64qam,64,16,1.000000e+00,46096,dsp,440,bf_det_k16_l4_r1_c4_m3_w12g4_d32_s2_q2,66,23419,bf_det_k16_l1_r4_c4_m3_w16g0_d32_s2_q2,63,43445,1,1,4.762000e+00,1,0,0,0
64qam,64,16,1.000000e+00,46096,lut,441,bf_det_k16_l1_r4_c4_m4_w12g4_d64_s2_q2,19694,43669,bf_det_k16_l1_r4_c4_m4_w12g4_d32_s2_q2,19048,43669,1,1,3.391000e+00,1,0,0,0
64qam,64,16,1.000000e+00,46096,ff,442,bf_det_k16_l1_r4_c4_m3_w12g4_d32_s2_q2,12365,43861,bf_det_k16_l1_r4_c4_m3_w12g4_d32_s2_q2,12365,43861,1,1,0.000000e+00,1,1,1,0
64qam,64,16,1.000000e+00,46096,bram,443,bf_det_k16_l1_r16_c4_m4_w12g4_d32_s2_q2,27,39457,bf_det_k16_l1_r16_c4_m4_w16g0_d32_s2_q2,27,39041,1,1,0.000000e+00,1,0,1,0
64qam,64,16,1.000000e+00,70749,dsp,444,bf_det_k16_l1_r1_c4_m3_w12g4_d32_s2_q2,27,60517,bf_det_k16_l1_r1_c4_m3_w16g0_d32_s2_q2,27,60101,1,1,0.000000e+00,1,0,1,0
64qam,64,16,1.000000e+00,70749,lut,445,bf_det_k16_l1_r1_c4_m4_w12g4_d64_s2_q2,17601,59749,bf_det_k16_l1_r1_c4_m4_w12g4_d32_s2_q2,16955,59749,1,1,3.810000e+00,1,0,0,0
64qam,64,16,1.000000e+00,70749,ff,446,bf_det_k16_l1_r1_c4_m3_w12g4_d32_s2_q2,10089,60517,bf_det_k16_l1_r1_c4_m3_w12g4_d32_s2_q2,10089,60517,1,1,0.000000e+00,1,1,1,0
64qam,64,16,1.000000e+00,70749,bram,447,bf_det_k16_l1_r16_c4_m4_w12g4_d32_s2_q2,27,39457,bf_det_k16_l1_r16_c4_m4_w16g0_d32_s2_q2,27,39041,1,1,0.000000e+00,1,0,1,0
64qam,128,4,2.500000e-01,1180,dsp,800,bf_det_k4_l16_r4_c16_m3_w14g4_d32_s2_q2,387,1123,bf_det_k4_l16_r4_c16_m3_w14g4_d32_s2_q2,387,1123,1,1,0.000000e+00,1,1,1,0
64qam,128,4,2.500000e-01,1180,lut,801,bf_det_k4_l16_r4_c16_m4_w14g4_d64_s2_q2,88753,1117,bf_det_k4_l16_r4_c16_m4_w12g8_d32_s2_q2,85686,1165,1,1,3.579000e+00,1,0,0,0
64qam,128,4,2.500000e-01,1180,ff,802,bf_det_k4_l16_r4_c16_m3_w14g4_d32_s2_q2,62384,1123,bf_det_k4_l16_r4_c16_m3_w12g8_d32_s2_q2,58342,1177,1,1,6.928000e+00,1,0,0,0
64qam,128,4,2.500000e-01,1180,bram,803,bf_det_k4_l16_r4_c16_m4_w14g4_d32_s2_q2,56,1117,bf_det_k4_l16_r4_c16_m4_w12g8_d32_s2_q2,48,1165,1,1,1.666700e+01,0,0,0,0
64qam,128,4,2.500000e-01,1729,dsp,804,bf_det_k4_l16_r1_c16_m3_w14g4_d32_s2_q2,243,1594,bf_det_k4_l16_r1_c16_m3_w14g4_d32_s2_q2,243,1594,1,1,0.000000e+00,1,1,1,0
64qam,128,4,2.500000e-01,1729,lut,805,bf_det_k4_l16_r1_c16_m4_w12g8_d64_s2_q2,79061,1627,bf_det_k4_l16_r1_c16_m4_w12g8_d32_s2_q2,78441,1627,1,1,7.900000e-01,1,0,0,0
64qam,128,4,2.500000e-01,1729,ff,806,bf_det_k4_l16_r1_c16_m4_w12g8_d32_s2_q2,49663,1627,bf_det_k4_l16_r1_c16_m3_w12g8_d32_s2_q2,49491,1675,1,1,3.480000e-01,1,0,0,0
64qam,128,4,2.500000e-01,1729,bram,807,bf_det_k4_l16_r4_c16_m4_w12g8_d32_s2_q2,48,1165,bf_det_k4_l16_r4_c16_m4_w12g8_d32_s2_q2,48,1165,1,1,0.000000e+00,1,1,1,0
64qam,128,4,2.500000e-01,2533,dsp,808,bf_det_k4_l16_r1_c16_m3_w14g4_d32_s2_q2,243,1594,bf_det_k4_l16_r1_c16_m3_w14g4_d32_s2_q2,243,1594,1,1,0.000000e+00,1,1,1,0
64qam,128,4,2.500000e-01,2533,lut,809,bf_det_k4_l16_r1_c16_m4_w12g8_d64_s2_q2,79061,1627,bf_det_k4_l16_r1_c16_m4_w12g8_d32_s2_q2,78441,1627,1,1,7.900000e-01,1,0,0,0
64qam,128,4,2.500000e-01,2533,ff,810,bf_det_k4_l16_r1_c16_m3_w12g8_d32_s2_q2,49491,1675,bf_det_k4_l16_r1_c16_m3_w12g8_d32_s2_q2,49491,1675,1,1,0.000000e+00,1,1,1,0
64qam,128,4,2.500000e-01,2533,bram,811,bf_det_k4_l16_r4_c16_m4_w12g8_d32_s2_q2,48,1165,bf_det_k4_l16_r4_c16_m4_w12g8_d32_s2_q2,48,1165,1,1,0.000000e+00,1,1,1,0
64qam,128,4,2.500000e-01,3711,dsp,812,bf_det_k4_l4_r4_c4_m3_w14g4_d32_s2_q2,99,3661,bf_det_k4_l4_r4_c4_m3_w14g4_d32_s2_q2,99,3661,1,1,0.000000e+00,1,1,1,0
64qam,128,4,2.500000e-01,3711,lut,813,bf_det_k4_l4_r4_c4_m4_w14g4_d64_s2_q2,30559,3637,bf_det_k4_l4_r4_c4_m4_w14g4_d32_s2_q2,29907,3637,1,1,2.180000e+00,1,0,0,0
64qam,128,4,2.500000e-01,3711,ff,814,bf_det_k4_l4_r4_c4_m3_w14g4_d32_s2_q2,20230,3661,bf_det_k4_l4_r4_c4_m3_w14g4_d32_s2_q2,20230,3661,1,1,0.000000e+00,1,1,1,0
64qam,128,4,2.500000e-01,3711,bram,815,bf_det_k4_l4_r4_c4_m4_w14g4_d32_s2_q2,20,3637,bf_det_k4_l4_r4_c4_m4_w14g4_d32_s2_q2,20,3637,1,1,0.000000e+00,1,1,1,0
64qam,128,4,2.500000e-01,5437,dsp,816,bf_det_k4_l4_r1_c4_m3_w14g4_d32_s2_q2,66,3766,bf_det_k4_l4_r1_c4_m3_w14g4_d32_s2_q2,66,3766,1,1,0.000000e+00,1,1,1,0
64qam,128,4,2.500000e-01,5437,lut,817,bf_det_k4_l4_r1_c4_m4_w12g8_d64_s2_q2,28916,3940,bf_det_k4_l4_r1_c4_m4_w12g8_d32_s2_q2,28296,3940,1,1,2.191000e+00,1,0,0,0
64qam,128,4,2.500000e-01,5437,ff,818,bf_det_k4_l4_r1_c4_m3_w12g8_d32_s2_q2,17945,3943,bf_det_k4_l4_r1_c4_m4_w12g8_d32_s2_q2,17935,3940,1,1,5.600000e-02,1,0,0,0
64qam,128,4,2.500000e-01,5437,bram,819,bf_det_k4_l4_r4_c4_m4_w12g8_d32_s2_q2,16,3793,bf_det_k4_l4_r4_c4_m4_w12g8_d32_s2_q2,16,3793,1,1,0.000000e+00,1,1,1,0
64qam,128,4,2.500000e-01,7965,dsp,820,bf_det_k4_l4_r1_c4_m3_w14g4_d32_s2_q2,66,3766,bf_det_k4_l4_r1_c4_m3_w14g4_d32_s2_q2,66,3766,1,1,0.000000e+00,1,1,1,0
64qam,128,4,2.500000e-01,7965,lut,821,bf_det_k4_l4_r1_c4_m4_w12g8_d64_s2_q2,28916,3940,bf_det_k4_l4_r1_c4_m4_w12g8_d32_s2_q2,28296,3940,1,1,2.191000e+00,1,0,0,0
64qam,128,4,2.500000e-01,7965,ff,822,bf_det_k4_l4_r1_c4_m3_w12g8_d32_s2_q2,17945,3943,bf_det_k4_l4_r1_c4_m4_w12g8_d32_s2_q2,17935,3940,1,1,5.600000e-02,1,0,0,0
64qam,128,4,2.500000e-01,7965,bram,823,bf_det_k4_l4_r4_c4_m4_w12g8_d32_s2_q2,16,3793,bf_det_k4_l4_r4_c4_m4_w12g8_d32_s2_q2,16,3793,1,1,0.000000e+00,1,1,1,0
64qam,128,4,2.500000e-01,11669,dsp,824,bf_det_k4_l4_r1_c4_m3_w14g4_d32_s2_q2,66,3766,bf_det_k4_l4_r1_c4_m3_w14g4_d32_s2_q2,66,3766,1,1,0.000000e+00,1,1,1,0
64qam,128,4,2.500000e-01,11669,lut,825,bf_det_k4_l4_r1_c4_m4_w12g8_d64_s2_q2,28916,3940,bf_det_k4_l4_r1_c4_m4_w12g8_d32_s2_q2,28296,3940,1,1,2.191000e+00,1,0,0,0
64qam,128,4,2.500000e-01,11669,ff,826,bf_det_k4_l4_r1_c4_m3_w12g8_d32_s2_q2,17945,3943,bf_det_k4_l4_r1_c4_m4_w12g8_d32_s2_q2,17935,3940,1,1,5.600000e-02,1,0,0,0
64qam,128,4,2.500000e-01,11669,bram,827,bf_det_k4_l4_r4_c4_m4_w12g8_d32_s2_q2,16,3793,bf_det_k4_l4_r4_c4_m4_w12g8_d32_s2_q2,16,3793,1,1,0.000000e+00,1,1,1,0
64qam,128,4,2.500000e-01,17096,dsp,828,bf_det_k4_l1_r1_c4_m3_w14g4_d32_s2_q2,27,13831,bf_det_k4_l1_r1_c4_m3_w14g4_d32_s2_q2,27,13831,1,1,0.000000e+00,1,1,1,0
64qam,128,4,2.500000e-01,17096,lut,829,bf_det_k4_l1_r1_c4_m4_w12g8_d64_s2_q2,15776,14419,bf_det_k4_l1_r1_c4_m4_w12g8_d32_s2_q2,15122,14419,1,1,4.325000e+00,1,0,0,0
64qam,128,4,2.500000e-01,17096,ff,830,bf_det_k4_l1_r1_c4_m3_w12g8_d32_s2_q2,9995,14611,bf_det_k4_l1_r1_c4_m3_w12g8_d32_s2_q2,9995,14611,1,1,0.000000e+00,1,1,1,0
64qam,128,4,2.500000e-01,17096,bram,831,bf_det_k4_l1_r4_c4_m4_w14g4_d32_s2_q2,14,12661,bf_det_k4_l1_r4_c4_m4_w14g4_d32_s2_q2,14,12661,1,1,0.000000e+00,1,1,1,0
64qam,128,4,5.000000e-01,797,dsp,1056,bf_det_k4_l16_r4_c16_m3_w14g4_d32_s2_q2,387,761,bf_det_k4_l16_r4_c16_m3_w14g4_d32_s2_q2,387,761,1,1,0.000000e+00,1,1,1,0
64qam,128,4,5.000000e-01,797,lut,1057,bf_det_k4_l16_r4_c16_m4_w14g4_d64_s2_q2,88753,757,bf_det_k4_l16_r4_c16_m4_w12g8_d32_s2_q2,85686,789,1,1,3.579000e+00,1,0,0,0
64qam,128,4,5.000000e-01,797,ff,1058,bf_det_k4_l16_r4_c16_m3_w14g4_d32_s2_q2,62384,761,bf_det_k4_l16_r4_c16_m3_w12g8_d32_s2_q2,58342,797,1,1,6.928000e+00,1,0,0,0
64qam,128,4,5.000000e-01,797,bram,1059,bf_det_k4_l16_r4_c16_m4_w14g4_d32_s2_q2,56,757,bf_det_k4_l16_r4_c16_m4_w12g8_d32_s2_q2,48,789,1,1,1.666700e+01,0,0,0,0
64qam,128,4,5.000000e-01,1247,dsp,1060,bf_det_k4_l16_r1_c16_m3_w14g4_d32_s2_q2,243,1075,bf_det_k4_l16_r1_c16_m3_w14g4_d32_s2_q2,243,1075,1,1,0.000000e+00,1,1,1,0
64qam,128,4,5.000000e-01,1247,lut,1061,bf_det_k4_l16_r1_c16_m4_w12g8_d64_s2_q2,79061,1097,bf_det_k4_l16_r1_c16_m4_w12g8_d32_s2_q2,78441,1097,1,1,7.900000e-01,1,0,0,0
64qam,128,4,5.000000e-01,1247,ff,1062,bf_det_k4_l16_r1_c16_m3_w12g8_d32_s2_q2,49491,1129,bf_det_k4_l16_r1_c16_m3_w12g8_d32_s2_q2,49491,1129,1,1,0.000000e+00,1,1,1,0
64qam,128,4,5.000000e-01,1247,bram,1063,bf_det_k4_l16_r4_c16_m4_w12g8_d32_s2_q2,48,789,bf_det_k4_l16_r4_c16_m4_w12g8_d32_s2_q2,48,789,1,1,0.000000e+00,1,1,1,0
64qam,128,4,5.000000e-01,1952,dsp,1064,bf_det_k4_l16_r1_c16_m3_w14g4_d32_s2_q2,243,1075,bf_det_k4_l16_r1_c16_m3_w14g4_d32_s2_q2,243,1075,1,1,0.000000e+00,1,1,1,0
64qam,128,4,5.000000e-01,1952,lut,1065,bf_det_k4_l16_r1_c16_m4_w12g8_d64_s2_q2,79061,1097,bf_det_k4_l16_r1_c16_m4_w12g8_d32_s2_q2,78441,1097,1,1,7.900000e-01,1,0,0,0
64qam,128,4,5.000000e-01,1952,ff,1066,bf_det_k4_l16_r1_c16_m3_w12g8_d32_s2_q2,49491,1129,bf_det_k4_l16_r1_c16_m3_w12g8_d32_s2_q2,49491,1129,1,1,0.000000e+00,1,1,1,0
64qam,128,4,5.000000e-01,1952,bram,1067,bf_det_k4_l16_r4_c16_m4_w12g8_d32_s2_q2,48,789,bf_det_k4_l16_r4_c16_m4_w12g8_d32_s2_q2,48,789,1,1,0.000000e+00,1,1,1,0
64qam,128,4,5.000000e-01,3056,dsp,1068,bf_det_k4_l4_r1_c4_m3_w14g4_d32_s2_q2,66,2553,bf_det_k4_l4_r1_c4_m3_w14g4_d32_s2_q2,66,2553,1,1,0.000000e+00,1,1,1,0
64qam,128,4,5.000000e-01,3056,lut,1069,bf_det_k4_l4_r1_c4_m4_w12g8_d64_s2_q2,28916,2669,bf_det_k4_l4_r1_c4_m4_w12g8_d32_s2_q2,28296,2669,1,1,2.191000e+00,1,0,0,0
64qam,128,4,5.000000e-01,3056,ff,1070,bf_det_k4_l4_r1_c4_m3_w12g8_d32_s2_q2,17945,2671,bf_det_k4_l4_r1_c4_m4_w12g8_d32_s2_q2,17935,2669,1,1,5.600000e-02,1,0,0,0
64qam,128,4,5.000000e-01,3056,bram,1071,bf_det_k4_l4_r4_c4_m4_w12g8_d32_s2_q2,16,2571,bf_det_k4_l4_r4_c4_m4_w12g8_d32_s2_q2,16,2571,1,1,0.000000e+00,1,1,1,0
64qam,128,4,5.000000e-01,4784,dsp,1072,bf_det_k4_l4_r1_c4_m3_w14g4_d32_s2_q2,66,2553,bf_det_k4_l4_r1_c4_m3_w14g4_d32_s2_q2,66,2553,1,1,0.000000e+00,1,1,1,0
64qam,128,4,5.000000e-01,4784,lut,1073,bf_det_k4_l4_r1_c4_m4_w12g4_d64_s2_q2,28088,4735,bf_det_k4_l4_r1_c4_m4_w12g4_d32_s2_q2,27468,4735,1,1,2.257000e+00,1,0,0,0
64qam,128,4,5.000000e-01,4784,ff,1074,bf_det_k4_l4_r1_c4_m4_w12g4_d32_s2_q2,17178,4735,bf_det_k4_l4_r1_c4_m4_w12g4_d32_s2_q2,17178,4735,1,1,0.000000e+00,1,1,1,0
64qam,128,4,5.000000e-01,4784,bram,1075,bf_det_k4_l4_r4_c4_m4_w12g8_d32_s2_q2,16,2571,bf_det_k4_l4_r4_c4_m4_w12g8_d32_s2_q2,16,2571,1,1,0.000000e+00,1,1,1,0
64qam,128,4,5.000000e-01,7489,dsp,1076,bf_det_k4_l4_r1_c4_m3_w14g4_d32_s2_q2,66,2553,bf_det_k4_l4_r1_c4_m3_w14g4_d32_s2_q2,66,2553,1,1,0.000000e+00,1,1,1,0
64qam,128,4,5.000000e-01,7489,lut,1077,bf_det_k4_l4_r1_c4_m4_w12g4_d64_s2_q2,28088,4735,bf_det_k4_l4_r1_c4_m4_w12g4_d32_s2_q2,27468,4735,1,1,2.257000e+00,1,0,0,0
64qam,128,4,5.000000e-01,7489,ff,1078,bf_det_k4_l4_r1_c4_m3_w12g4_d32_s2_q2,17188,4739,bf_det_k4_l4_r1_c4_m4_w12g4_d32_s2_q2,17178,4735,1,1,5.800000e-02,1,0,0,0
64qam,128,4,5.000000e-01,7489,bram,1079,bf_det_k4_l4_r4_c4_m4_w12g8_d32_s2_q2,16,2571,bf_det_k4_l4_r4_c4_m4_w12g8_d32_s2_q2,16,2571,1,1,0.000000e+00,1,1,1,0
64qam,128,4,5.000000e-01,11724,dsp,1080,bf_det_k4_l1_r1_c4_m3_w14g4_d32_s2_q2,27,9383,bf_det_k4_l1_r1_c4_m3_w14g4_d32_s2_q2,27,9383,1,1,0.000000e+00,1,1,1,0
64qam,128,4,5.000000e-01,11724,lut,1081,bf_det_k4_l1_r1_c4_m4_w12g8_d64_s2_q2,15776,9775,bf_det_k4_l1_r1_c4_m4_w12g8_d32_s2_q2,15122,9775,1,1,4.325000e+00,1,0,0,0
64qam,128,4,5.000000e-01,11724,ff,1082,bf_det_k4_l1_r1_c4_m3_w12g8_d32_s2_q2,9995,9903,bf_det_k4_l1_r1_c4_m3_w12g8_d32_s2_q2,9995,9903,1,1,0.000000e+00,1,1,1,0
64qam,128,4,5.000000e-01,11724,bram,1083,bf_det_k4_l1_r4_c4_m4_w14g4_d32_s2_q2,14,8603,bf_det_k4_l1_r4_c4_m4_w14g4_d32_s2_q2,14,8603,1,1,0.000000e+00,1,1,1,0
64qam,128,4,5.000000e-01,18353,dsp,1084,bf_det_k4_l1_r1_c4_m3_w14g4_d32_s2_q2,27,9383,bf_det_k4_l1_r1_c4_m3_w14g4_d32_s2_q2,27,9383,1,1,0.000000e+00,1,1,1,0
64qam,128,4,5.000000e-01,18353,lut,1085,bf_det_k4_l1_r1_c4_m4_w12g4_d64_s2_q2,15481,17243,bf_det_k4_l1_r1_c4_m4_w12g4_d32_s2_q2,14827,17243,1,1,4.411000e+00,1,0,0,0
64qam,128,4,5.000000e-01,18353,ff,1086,bf_det_k4_l1_r1_c4_m3_w12g4_d32_s2_q2,9790,17499,bf_det_k4_l1_r1_c4_m3_w12g4_d32_s2_q2,9790,17499,1,1,0.000000e+00,1,1,1,0
64qam,128,4,5.000000e-01,18353,bram,1087,bf_det_k4_l1_r4_c4_m4_w14g4_d32_s2_q2,14,8603,bf_det_k4_l1_r4_c4_m4_w14g4_d32_s2_q2,14,8603,1,1,0.000000e+00,1,1,1,0
64qam,128,4,1.000000e+00,753,dsp,512,bf_det_k4_l16_r4_c16_m3_w12g4_d32_s2_q2,387,727,bf_det_k4_l16_r4_c16_m4_w10g8_d32_s2_q2,275,749,1,1,4.072700e+01,0,0,0,0
64qam,128,4,1.000000e+00,753,lut,513,bf_det_k4_l16_r4_c16_m4_w12g4_d64_s2_q2,83358,719,bf_det_k4_l16_r4_c16_m4_w12g4_d32_s2_q2,82738,719,1,1,7.490000e-01,1,0,0,0
64qam,128,4,1.000000e+00,753,ff,514,bf_det_k4_l16_r4_c16_m3_w12g4_d32_s2_q2,55377,727,bf_det_k4_l16_r4_c16_m4_w10g8_d32_s2_q2,53725,749,1,1,3.075000e+00,1,0,0,0
64qam,128,4,1.000000e+00,753,bram,515,bf_det_k4_l16_r4_c16_m4_w12g4_d32_s2_q2,48,719,bf_det_k4_l16_r4_c16_m4_w10g8_d32_s2_q2,40,749,1,1,2.000000e+01,0,0,0,0
64qam,128,4,1.000000e+00,1112,dsp,516,bf_det_k4_l16_r1_c16_m4_w10g8_d32_s2_q2,131,1057,bf_det_k4_l16_r1_c16_m4_w10g8_d32_s2_q2,131,1057,1,1,0.000000e+00,1,1,1,0
64qam,128,4,1.000000e+00,1112,lut,517,bf_det_k4_l16_r1_c16_m4_w12g4_d64_s2_q2,76113,1027,bf_det_k4_l16_r1_c16_m4_w12g4_d32_s2_q2,75493,1027,1,1,8.210000e-01,1,0,0,0
64qam,128,4,1.000000e+00,1112,ff,518,bf_det_k4_l16_r1_c16_m3_w12g4_d32_s2_q2,46526,1059,bf_det_k4_l16_r1_c16_m3_w10g8_d32_s2_q2,44687,1089,1,1,4.115000e+00,1,0,0,0
64qam,128,4,1.000000e+00,1112,bram,519,bf_det_k4_l16_r4_c16_m4_w10g8_d32_s2_q2,40,749,bf_det_k4_l16_r4_c16_m4_w10g8_d32_s2_q2,40,749,1,1,0.000000e+00,1,1,1,0
64qam,128,4,1.000000e+00,1641,dsp,520,bf_det_k4_l16_r1_c16_m4_w10g8_d32_s2_q2,131,1057,bf_det_k4_l16_r1_c16_m4_w10g8_d32_s2_q2,131,1057,1,1,0.000000e+00,1,1,1,0
64qam,128,4,1.000000e+00,1641,lut,521,bf_det_k4_l16_r1_c16_m4_w12g4_d64_s2_q2,76113,1027,bf_det_k4_l16_r1_c16_m4_w12g4_d32_s2_q2,75493,1027,1,1,8.210000e-01,1,0,0,0
64qam,128,4,1.000000e+00,1641,ff,522,bf_det_k4_l16_r1_c16_m3_w12g4_d32_s2_q2,46526,1059,bf_det_k4_l16_r1_c16_m3_w10g8_d32_s2_q2,44687,1089,1,1,4.115000e+00,1,0,0,0
64qam,128,4,1.000000e+00,1641,bram,523,bf_det_k4_l16_r4_c16_m4_w10g8_d32_s2_q2,40,749,bf_det_k4_l16_r4_c16_m4_w10g8_d32_s2_q2,40,749,1,1,0.000000e+00,1,1,1,0
64qam,128,4,1.000000e+00,2422,dsp,524,bf_det_k4_l4_r1_c4_m4_w12g4_d32_s2_q2,70,2431,bf_det_k4_l4_r1_c4_m3_w16g0_d32_s2_q2,66,2411,1,1,6.061000e+00,1,0,0,0
64qam,128,4,1.000000e+00,2422,lut,525,bf_det_k4_l4_r1_c4_m4_w12g4_d64_s2_q2,28088,2431,bf_det_k4_l4_r4_c4_m4_w12g4_d32_s2_q2,28585,2333,1,1,-1.739000e+00,1,0,0,0
64qam,128,4,1.000000e+00,2422,ff,526,bf_det_k4_l4_r1_c4_m4_w12g4_d32_s2_q2,17178,2431,bf_det_k4_l4_r4_c4_m3_w12g4_d32_s2_q2,18532,2365,1,1,-7.306000e+00,1,0,0,0
64qam,128,4,1.000000e+00,2422,bram,527,bf_det_k4_l4_r4_c4_m4_w12g4_d32_s2_q2,16,2333,bf_det_k4_l4_r4_c4_m4_w12g4_d32_s2_q2,16,2333,1,1,0.000000e+00,1,1,1,0
64qam,128,4,1.000000e+00,3575,dsp,528,bf_det_k4_l4_r1_c4_m4_w10g8_d32_s2_q2,38,2533,bf_det_k4_l4_r1_c4_m4_w10g8_d32_s2_q2,38,2533,1,1,0.000000e+00,1,1,1,0
64qam,128,4,1.000000e+00,3575,lut,529,bf_det_k4_l4_r1_c4_m4_w12g4_d64_s2_q2,28088,2431,bf_det_k4_l4_r1_c4_m4_w12g4_d32_s2_q2,27468,2431,1,1,2.257000e+00,1,0,0,0
64qam,128,4,1.000000e+00,3575,ff,530,bf_det_k4_l4_r1_c4_m3_w10g8_d32_s2_q2,16803,2535,bf_det_k4_l4_r1_c4_m4_w10g8_d32_s2_q2,16773,2533,1,1,1.790000e-01,1,0,0,0
64qam,128,4,1.000000e+00,3575,bram,531,bf_det_k4_l4_r4_c4_m4_w12g4_d32_s2_q2,16,2333,bf_det_k4_l4_r4_c4_m4_w12g4_d32_s2_q2,16,2333,1,1,0.000000e+00,1,1,1,0
64qam,128,4,1.000000e+00,5277,dsp,532,bf_det_k4_l4_r1_c4_m4_w10g8_d32_s2_q2,38,2533,bf_det_k4_l4_r1_c4_m4_w10g8_d32_s2_q2,38,2533,1,1,0.000000e+00,1,1,1,0
64qam,128,4,1.000000e+00,5277,lut,533,bf_det_k4_l4_r1_c4_m4_w12g4_d64_s2_q2,28088,2431,bf_det_k4_l4_r1_c4_m4_w12g4_d32_s2_q2,27468,2431,1,1,2.257000e+00,1,0,0,0
64qam,128,4,1.000000e+00,5277,ff,534,bf_det_k4_l4_r1_c4_m3_w10g8_d32_s2_q2,16803,2535,bf_det_k4_l4_r1_c4_m4_w10g8_d32_s2_q2,16773,2533,1,1,1.790000e-01,1,0,0,0
64qam,128,4,1.000000e+00,5277,bram,535,bf_det_k4_l4_r4_c4_m4_w12g4_d32_s2_q2,16,2333,bf_det_k4_l4_r4_c4_m4_w12g4_d32_s2_q2,16,2333,1,1,0.000000e+00,1,1,1,0
64qam,128,4,1.000000e+00,7789,dsp,536,bf_det_k4_l4_r1_c4_m4_w10g8_d32_s2_q2,38,2533,bf_det_k4_l4_r1_c4_m4_w10g8_d32_s2_q2,38,2533,1,1,0.000000e+00,1,1,1,0
64qam,128,4,1.000000e+00,7789,lut,537,bf_det_k4_l4_r1_c4_m4_w12g4_d64_s2_q2,28088,2431,bf_det_k4_l4_r1_c4_m4_w12g4_d32_s2_q2,27468,2431,1,1,2.257000e+00,1,0,0,0
64qam,128,4,1.000000e+00,7789,ff,538,bf_det_k4_l4_r1_c4_m3_w10g8_d32_s2_q2,16803,2535,bf_det_k4_l4_r1_c4_m4_w10g8_d32_s2_q2,16773,2533,1,1,1.790000e-01,1,0,0,0
64qam,128,4,1.000000e+00,7789,bram,539,bf_det_k4_l4_r4_c4_m4_w12g4_d32_s2_q2,16,2333,bf_det_k4_l4_r4_c4_m4_w12g4_d32_s2_q2,16,2333,1,1,0.000000e+00,1,1,1,0
64qam,128,4,1.000000e+00,11497,dsp,540,bf_det_k4_l1_r1_c4_m4_w10g8_d32_s2_q2,20,9255,bf_det_k4_l1_r1_c4_m4_w10g8_d32_s2_q2,20,9255,1,1,0.000000e+00,1,1,1,0
64qam,128,4,1.000000e+00,11497,lut,541,bf_det_k4_l1_r1_c4_m4_w12g4_d64_s2_q2,15481,8865,bf_det_k4_l1_r1_c4_m4_w12g4_d32_s2_q2,14827,8865,1,1,4.411000e+00,1,0,0,0
64qam,128,4,1.000000e+00,11497,ff,542,bf_det_k4_l1_r1_c4_m3_w10g8_d32_s2_q2,9691,9383,bf_det_k4_l1_r1_c4_m3_w10g8_d32_s2_q2,9691,9383,1,1,0.000000e+00,1,1,1,0
64qam,128,4,1.000000e+00,11497,bram,543,bf_det_k4_l1_r4_c4_m4_w12g4_d32_s2_q2,14,8197,bf_det_k4_l1_r4_c4_m4_w12g4_d32_s2_q2,14,8197,1,1,0.000000e+00,1,1,1,0
64qam,128,8,2.500000e-01,1410,dsp,1088,bf_det_k8_l16_r8_c16_m3_w14g4_d32_s2_q2,579,1331,bf_det_k8_l16_r8_c16_m3_w14g4_d32_s2_q2,579,1331,1,1,0.000000e+00,1,1,1,0
64qam,128,8,2.500000e-01,1410,lut,1089,bf_det_k8_l16_r8_c16_m4_w12g8_d64_s2_q2,99106,1373,bf_det_k8_l16_r8_c16_m4_w12g8_d32_s2_q2,98493,1373,1,1,6.220000e-01,1,0,0,0
64qam,128,8,2.500000e-01,1410,ff,1090,bf_det_k8_l16_r8_c16_m3_w14g4_d32_s2_q2,76560,1331,bf_det_k8_l16_r8_c16_m3_w12g8_d32_s2_q2,70726,1385,1,1,8.249000e+00,1,0,0,0
64qam,128,8,2.500000e-01,1410,bram,1091,bf_det_k8_l16_r8_c16_m4_w12g8_d32_s2_q2,59,1373,bf_det_k8_l16_r8_c16_m4_w12g8_d32_s2_q2,59,1373,1,1,0.000000e+00,1,1,1,0
64qam,128,8,2.500000e-01,2095,dsp,1092,bf_det_k8_l16_r4_c16_m3_w14g4_d32_s2_q2,387,1529,bf_det_k8_l16_r4_c16_m3_w14g4_d32_s2_q2,387,1529,1,1,0.000000e+00,1,1,1,0
64qam,128,8,2.500000e-01,2095,lut,1093,bf_det_k8_l16_r4_c16_m4_w12g8_d64_s2_q2,89668,1559,bf_det_k8_l16_r4_c16_m4_w12g8_d32_s2_q2,89055,1559,1,1,6.880000e-01,1,0,0,0
64qam,128,8,2.500000e-01,2095,ff,1094,bf_det_k8_l16_r4_c16_m3_w12g8_d32_s2_q2,59850,1583,bf_det_k8_l16_r4_c16_m3_w12g8_d32_s2_q2,59850,1583,1,1,0.000000e+00,1,1,1,0
64qam,128,8,2.500000e-01,2095,bram,1095,bf_det_k8_l16_r8_c16_m4_w12g8_d32_s2_q2,59,1373,bf_det_k8_l16_r8_c16_m4_w12g8_d32_s2_q2,59,1373,1,1,0.000000e+00,1,1,1,0
64qam,128,8,2.500000e-01,3112,dsp,1096,bf_det_k8_l16_r1_c16_m3_w14g4_d32_s2_q2,243,2669,bf_det_k8_l16_r1_c16_m3_w14g4_d32_s2_q2,243,2669,1,1,0.000000e+00,1,1,1,0
64qam,128,8,2.500000e-01,3112,lut,1097,bf_det_k8_l16_r1_c16_m4_w12g8_d64_s2_q2,82265,2627,bf_det_k8_l16_r1_c16_m4_w12g8_d32_s2_q2,81652,2627,1,1,7.510000e-01,1,0,0,0
64qam,128,8,2.500000e-01,3112,ff,1098,bf_det_k8_l16_r1_c16_m3_w12g8_d32_s2_q2,50839,2723,bf_det_k8_l16_r1_c16_m3_w12g8_d32_s2_q2,50839,2723,1,1,0.000000e+00,1,1,1,0
64qam,128,8,2.500000e-01,3112,bram,1099,bf_det_k8_l16_r8_c16_m4_w12g8_d32_s2_q2,59,1373,bf_det_k8_l16_r8_c16_m4_w12g8_d32_s2_q2,59,1373,1,1,0.000000e+00,1,1,1,0
64qam,128,8,2.500000e-01,4624,dsp,1100,bf_det_k8_l4_r8_c4_m3_w14g4_d32_s2_q2,147,4517,bf_det_k8_l4_r8_c4_m3_w14g4_d32_s2_q2,147,4517,1,1,0.000000e+00,1,1,1,0
64qam,128,8,2.500000e-01,4624,lut,1101,bf_det_k8_l4_r8_c4_m4_w14g4_d64_s2_q2,36323,4469,bf_det_k8_l4_r8_c4_m4_w14g4_d32_s2_q2,35678,4469,1,1,1.808000e+00,1,0,0,0
64qam,128,8,2.500000e-01,4624,ff,1102,bf_det_k8_l4_r8_c4_m3_w14g4_d32_s2_q2,24084,4517,bf_det_k8_l4_r8_c4_m3_w14g4_d32_s2_q2,24084,4517,1,1,0.000000e+00,1,1,1,0
64qam,128,8,2.500000e-01,4624,bram,1103,bf_det_k8_l4_r8_c4_m4_w14g4_d32_s2_q2,24,4469,bf_det_k8_l4_r8_c4_m4_w14g4_d32_s2_q2,24,4469,1,1,0.000000e+00,1,1,1,0
64qam,128,8,2.500000e-01,6870,dsp,1104,bf_det_k8_l4_r1_c4_m3_w14g4_d32_s2_q2,66,5750,bf_det_k8_l4_r1_c4_m3_w14g4_d32_s2_q2,66,5750,1,1,0.000000e+00,1,1,1,0
64qam,128,8,2.500000e-01,6870,lut,1105,bf_det_k8_l4_r1_c4_m4_w12g8_d64_s2_q2,32147,5927,bf_det_k8_l4_r1_c4_m3_w12g8_d32_s2_q2,31430,5930,1,1,2.281000e+00,1,0,0,0
64qam,128,8,2.500000e-01,6870,ff,1106,bf_det_k8_l4_r1_c4_m3_w12g8_d32_s2_q2,18315,5930,bf_det_k8_l4_r1_c4_m3_w12g8_d32_s2_q2,18315,5930,1,1,0.000000e+00,1,1,1,0
64qam,128,8,2.500000e-01,6870,bram,1107,bf_det_k8_l4_r8_c4_m4_w12g8_d32_s2_q2,19,4649,bf_det_k8_l4_r8_c4_m4_w12g8_d32_s2_q2,19,4649,1,1,0.000000e+00,1,1,1,0
64qam,128,8,2.500000e-01,10208,dsp,1108,bf_det_k8_l4_r1_c4_m3_w14g4_d32_s2_q2,66,5750,bf_det_k8_l4_r1_c4_m3_w14g4_d32_s2_q2,66,5750,1,1,0.000000e+00,1,1,1,0
64qam,128,8,2.500000e-01,10208,lut,1109,bf_det_k8_l4_r1_c4_m4_w12g8_d64_s2_q2,32147,5927,bf_det_k8_l4_r1_c4_m3_w12g8_d32_s2_q2,31430,5930,1,1,2.281000e+00,1,0,0,0
64qam,128,8,2.500000e-01,10208,ff,1110,bf_det_k8_l4_r1_c4_m3_w12g8_d32_s2_q2,18315,5930,bf_det_k8_l4_r1_c4_m3_w12g8_d32_s2_q2,18315,5930,1,1,0.000000e+00,1,1,1,0
64qam,128,8,2.500000e-01,10208,bram,1111,bf_det_k8_l4_r8_c4_m4_w12g8_d32_s2_q2,19,4649,bf_det_k8_l4_r8_c4_m4_w12g8_d32_s2_q2,19,4649,1,1,0.000000e+00,1,1,1,0
64qam,128,8,2.500000e-01,15167,dsp,1112,bf_det_k8_l4_r1_c4_m3_w14g4_d32_s2_q2,66,5750,bf_det_k8_l4_r1_c4_m3_w14g4_d32_s2_q2,66,5750,1,1,0.000000e+00,1,1,1,0
64qam,128,8,2.500000e-01,15167,lut,1113,bf_det_k8_l4_r1_c4_m4_w12g8_d64_s2_q2,32147,5927,bf_det_k8_l4_r1_c4_m3_w12g8_d32_s2_q2,31430,5930,1,1,2.281000e+00,1,0,0,0
64qam,128,8,2.500000e-01,15167,ff,1114,bf_det_k8_l4_r1_c4_m3_w12g8_d32_s2_q2,18315,5930,bf_det_k8_l4_r1_c4_m3_w12g8_d32_s2_q2,18315,5930,1,1,0.000000e+00,1,1,1,0
64qam,128,8,2.500000e-01,15167,bram,1115,bf_det_k8_l4_r8_c4_m4_w12g8_d32_s2_q2,19,4649,bf_det_k8_l4_r8_c4_m4_w12g8_d32_s2_q2,19,4649,1,1,0.000000e+00,1,1,1,0
64qam,128,8,2.500000e-01,22535,dsp,1116,bf_det_k8_l1_r1_c4_m3_w14g4_d32_s2_q2,27,18815,bf_det_k8_l1_r1_c4_m3_w14g4_d32_s2_q2,27,18815,1,1,0.000000e+00,1,1,1,0
64qam,128,8,2.500000e-01,22535,lut,1117,bf_det_k8_l1_r1_c4_m4_w12g8_d64_s2_q2,16570,19211,bf_det_k8_l1_r1_c4_m4_w12g8_d32_s2_q2,15923,19211,1,1,4.063000e+00,1,0,0,0
64qam,128,8,2.500000e-01,22535,ff,1118,bf_det_k8_l1_r1_c4_m3_w12g8_d32_s2_q2,10115,19595,bf_det_k8_l1_r1_c4_m3_w12g8_d32_s2_q2,10115,19595,1,1,0.000000e+00,1,1,1,0
64qam,128,8,2.500000e-01,22535,bram,1119,bf_det_k8_l1_r8_c4_m4_w14g4_d32_s2_q2,15,15413,bf_det_k8_l1_r8_c4_m4_w14g4_d32_s2_q2,15,15413,1,1,0.000000e+00,1,1,1,0
64qam,128,8,5.000000e-01,1345,dsp,1120,bf_det_k8_l16_r8_c16_m3_w12g4_d32_s2_q2,579,1280,bf_det_k8_l16_r8_c16_m3_w16g0_d32_s2_q2,579,1272,1,1,0.000000e+00,1,0,1,0
64qam,128,8,5.000000e-01,1345,lut,1121,bf_det_k8_l16_r8_c16_m4_w12g4_d64_s2_q2,96158,1268,bf_det_k8_l16_r8_c16_m4_w12g4_d32_s2_q2,95545,1268,1,1,6.420000e-01,1,0,0,0
64qam,128,8,5.000000e-01,1345,ff,1122,bf_det_k8_l16_r8_c16_m3_w12g4_d32_s2_q2,67761,1280,bf_det_k8_l16_r8_c16_m3_w12g4_d32_s2_q2,67761,1280,1,1,0.000000e+00,1,1,1,0
64qam,128,8,5.000000e-01,1345,bram,1123,bf_det_k8_l16_r8_c16_m4_w12g4_d32_s2_q2,59,1268,bf_det_k8_l16_r8_c16_m4_w12g4_d32_s2_q2,59,1268,1,1,0.000000e+00,1,1,1,0
64qam,128,8,5.000000e-01,2012,dsp,1124,bf_det_k8_l16_r4_c16_m3_w12g4_d32_s2_q2,387,1478,bf_det_k8_l16_r4_c16_m3_w16g0_d32_s2_q2,387,1470,1,1,0.000000e+00,1,0,1,0
64qam,128,8,5.000000e-01,2012,lut,1125,bf_det_k8_l16_r4_c16_m4_w12g4_d64_s2_q2,86720,1454,bf_det_k8_l16_r4_c16_m4_w12g4_d32_s2_q2,86107,1454,1,1,7.120000e-01,1,0,0,0
64qam,128,8,5.000000e-01,2012,ff,1126,bf_det_k8_l16_r4_c16_m3_w12g4_d32_s2_q2,56885,1478,bf_det_k8_l16_r4_c16_m3_w12g4_d32_s2_q2,56885,1478,1,1,0.000000e+00,1,1,1,0
64qam,128,8,5.000000e-01,2012,bram,1127,bf_det_k8_l16_r8_c16_m4_w12g4_d32_s2_q2,59,1268,bf_det_k8_l16_r8_c16_m4_w12g4_d32_s2_q2,59,1268,1,1,0.000000e+00,1,1,1,0
64qam,128,8,5.000000e-01,3009,dsp,1128,bf_det_k8_l16_r1_c16_m3_w12g4_d32_s2_q2,243,2618,bf_det_k8_l16_r1_c16_m3_w16g0_d32_s2_q2,243,2610,1,1,0.000000e+00,1,0,1,0
64qam,128,8,5.000000e-01,3009,lut,1129,bf_det_k8_l16_r1_c16_m4_w12g4_d64_s2_q2,79317,2522,bf_det_k8_l16_r1_c16_m4_w12g4_d32_s2_q2,78704,2522,1,1,7.790000e-01,1,0,0,0
64qam,128,8,5.000000e-01,3009,ff,1130,bf_det_k8_l16_r1_c16_m3_w12g4_d32_s2_q2,47874,2618,bf_det_k8_l16_r1_c16_m3_w12g4_d32_s2_q2,47874,2618,1,1,0.000000e+00,1,1,1,0
64qam,128,8,5.000000e-01,3009,bram,1131,bf_det_k8_l16_r8_c16_m4_w12g4_d32_s2_q2,59,1268,bf_det_k8_l16_r8_c16_m4_w12g4_d32_s2_q2,59,1268,1,1,0.000000e+00,1,1,1,0
64qam,128,8,5.000000e-01,4501,dsp,1132,bf_det_k8_l4_r8_c4_m3_w12g4_d32_s2_q2,147,4340,bf_det_k8_l4_r8_c4_m3_w16g0_d32_s2_q2,147,4308,1,1,0.000000e+00,1,0,1,0
64qam,128,8,5.000000e-01,4501,lut,1133,bf_det_k8_l4_r8_c4_m4_w12g4_d64_s2_q2,35303,4292,bf_det_k8_l4_r8_c4_m4_w12g4_d32_s2_q2,34690,4292,1,1,1.767000e+00,1,0,0,0
64qam,128,8,5.000000e-01,4501,ff,1134,bf_det_k8_l4_r8_c4_m3_w12g4_d32_s2_q2,21753,4340,bf_det_k8_l4_r8_c4_m3_w12g4_d32_s2_q2,21753,4340,1,1,0.000000e+00,1,1,1,0
64qam,128,8,5.000000e-01,4501,bram,1135,bf_det_k8_l4_r8_c4_m4_w12g4_d32_s2_q2,19,4292,bf_det_k8_l4_r8_c4_m4_w12g4_d32_s2_q2,19,4292,1,1,0.000000e+00,1,1,1,0
64qam,128,8,5.000000e-01,6733,dsp,1136,bf_det_k8_l4_r1_c4_m3_w12g4_d32_s2_q2,66,5573,bf_det_k8_l4_r1_c4_m3_w16g0_d32_s2_q2,66,5541,1,1,0.000000e+00,1,0,1,0
64qam,128,8,5.000000e-01,6733,lut,1137,bf_det_k8_l4_r1_c4_m4_w12g4_d64_s2_q2,31319,5570,bf_det_k8_l4_r1_c4_m3_w12g4_d32_s2_q2,30602,5573,1,1,2.343000e+00,1,0,0,0
64qam,128,8,5.000000e-01,6733,ff,1138,bf_det_k8_l4_r1_c4_m3_w12g4_d32_s2_q2,17558,5573,bf_det_k8_l4_r1_c4_m3_w12g4_d32_s2_q2,17558,5573,1,1,0.000000e+00,1,1,1,0
64qam,128,8,5.000000e-01,6733,bram,1139,bf_det_k8_l4_r8_c4_m4_w12g4_d32_s2_q2,19,4292,bf_det_k8_l4_r8_c4_m4_w12g4_d32_s2_q2,19,4292,1,1,0.000000e+00,1,1,1,0
64qam,128,8,5.000000e-01,10071,dsp,1140,bf_det_k8_l4_r1_c4_m3_w12g4_d32_s2_q2,66,5573,bf_det_k8_l4_r1_c4_m3_w16g0_d32_s2_q2,66,5541,1,1,0.000000e+00,1,0,1,0
64qam,128,8,5.000000e-01,10071,lut,1141,bf_det_k8_l4_r1_c4_m4_w12g4_d64_s2_q2,31319,5570,bf_det_k8_l4_r1_c4_m3_w12g4_d32_s2_q2,30602,5573,1,1,2.343000e+00,1,0,0,0
64qam,128,8,5.000000e-01,10071,ff,1142,bf_det_k8_l4_r1_c4_m3_w12g4_d32_s2_q2,17558,5573,bf_det_k8_l4_r1_c4_m3_w12g4_d32_s2_q2,17558,5573,1,1,0.000000e+00,1,1,1,0
64qam,128,8,5.000000e-01,10071,bram,1143,bf_det_k8_l4_r8_c4_m4_w12g4_d32_s2_q2,19,4292,bf_det_k8_l4_r8_c4_m4_w12g4_d32_s2_q2,19,4292,1,1,0.000000e+00,1,1,1,0
64qam,128,8,5.000000e-01,15065,dsp,1144,bf_det_k8_l4_r1_c4_m3_w12g4_d32_s2_q2,66,5573,bf_det_k8_l4_r1_c4_m3_w16g0_d32_s2_q2,66,5541,1,1,0.000000e+00,1,0,1,0
64qam,128,8,5.000000e-01,15065,lut,1145,bf_det_k8_l1_r4_c4_m4_w12g4_d64_s2_q2,18241,15266,bf_det_k8_l1_r8_c4_m4_w12g4_d32_s2_q2,20102,14804,1,1,-9.258000e+00,1,0,0,0
64qam,128,8,5.000000e-01,15065,ff,1146,bf_det_k8_l1_r4_c4_m4_w12g4_d32_s2_q2,12626,15266,bf_det_k8_l1_r8_c4_m3_w12g4_d32_s2_q2,14964,14852,1,1,-1.562400e+01,1,0,0,0
64qam,128,8,5.000000e-01,15065,bram,1147,bf_det_k8_l1_r8_c4_m4_w12g4_d32_s2_q2,15,14804,bf_det_k8_l1_r8_c4_m4_w12g4_d32_s2_q2,15,14804,1,1,0.000000e+00,1,1,1,0
64qam,128,8,5.000000e-01,22535,dsp,1148,bf_det_k8_l1_r1_c4_m3_w12g4_d32_s2_q2,27,18230,bf_det_k8_l1_r1_c4_m3_w16g0_d32_s2_q2,27,18198,1,1,0.000000e+00,1,0,1,0
64qam,128,8,5.000000e-01,22535,lut,1149,bf_det_k8_l1_r1_c4_m4_w12g4_d64_s2_q2,16275,17846,bf_det_k8_l1_r1_c4_m4_w16g0_d32_s2_q2,15618,18006,1,1,4.207000e+00,1,0,0,0
64qam,128,8,5.000000e-01,22535,ff,1150,bf_det_k8_l1_r1_c4_m3_w12g4_d32_s2_q2,9910,18230,bf_det_k8_l1_r1_c4_m3_w12g4_d32_s2_q2,9910,18230,1,1,0.000000e+00,1,1,1,0
64qam,128,8,5.000000e-01,22535,bram,1151,bf_det_k8_l1_r8_c4_m4_w12g4_d32_s2_q2,15,14804,bf_det_k8_l1_r8_c4_m4_w12g4_d32_s2_q2,15,14804,1,1,0.000000e+00,1,1,1,0
64qam,128,8,1.000000e+00,1345,dsp,576,bf_det_k8_l16_r8_c16_m4_w10g8_d32_s2_q2,467,1313,bf_det_k8_l16_r8_c16_m4_w10g8_d32_s2_q2,467,1313,1,1,0.000000e+00,1,1,1,0
64qam,128,8,1.000000e+00,1345,lut,577,bf_det_k8_l16_r8_c16_m4_w12g4_d64_s2_q2,96158,1268,bf_det_k8_l16_r8_c16_m4_w12g4_d32_s2_q2,95545,1268,1,1,6.420000e-01,1,0,0,0
64qam,128,8,1.000000e+00,1345,ff,578,bf_det_k8_l16_r8_c16_m3_w12g4_d32_s2_q2,67761,1280,bf_det_k8_l16_r8_c16_m3_w10g8_d32_s2_q2,62698,1325,1,1,8.075000e+00,1,0,0,0
64qam,128,8,1.000000e+00,1345,bram,579,bf_det_k8_l16_r8_c16_m4_w10g8_d32_s2_q2,49,1313,bf_det_k8_l16_r8_c16_m4_w10g8_d32_s2_q2,49,1313,1,1,0.000000e+00,1,1,1,0
64qam,128,8,1.000000e+00,2012,dsp,580,bf_det_k8_l16_r4_c16_m4_w10g8_d32_s2_q2,275,1499,bf_det_k8_l16_r4_c16_m4_w10g8_d32_s2_q2,275,1499,1,1,0.000000e+00,1,1,1,0
64qam,128,8,1.000000e+00,2012,lut,581,bf_det_k8_l16_r4_c16_m4_w12g4_d64_s2_q2,86720,1454,bf_det_k8_l16_r4_c16_m4_w12g4_d32_s2_q2,86107,1454,1,1,7.120000e-01,1,0,0,0
64qam,128,8,1.000000e+00,2012,ff,582,bf_det_k8_l16_r4_c16_m3_w10g8_d32_s2_q2,53494,1523,bf_det_k8_l16_r4_c16_m3_w10g8_d32_s2_q2,53494,1523,1,1,0.000000e+00,1,1,1,0
64qam,128,8,1.000000e+00,2012,bram,583,bf_det_k8_l16_r8_c16_m4_w10g8_d32_s2_q2,49,1313,bf_det_k8_l16_r8_c16_m4_w10g8_d32_s2_q2,49,1313,1,1,0.000000e+00,1,1,1,0
64qam,128,8,1.000000e+00,3009,dsp,584,bf_det_k8_l16_r1_c16_m4_w10g8_d32_s2_q2,131,2567,bf_det_k8_l16_r1_c16_m4_w10g8_d32_s2_q2,131,2567,1,1,0.000000e+00,1,1,1,0
64qam,128,8,1.000000e+00,3009,lut,585,bf_det_k8_l16_r1_c16_m4_w12g4_d64_s2_q2,79317,2522,bf_det_k8_l16_r1_c16_m4_w12g4_d32_s2_q2,78704,2522,1,1,7.790000e-01,1,0,0,0
64qam,128,8,1.000000e+00,3009,ff,586,bf_det_k8_l16_r1_c16_m3_w12g4_d32_s2_q2,47874,2618,bf_det_k8_l16_r1_c16_m3_w10g8_d32_s2_q2,45843,2663,1,1,4.430000e+00,1,0,0,0
64qam,128,8,1.000000e+00,3009,bram,587,bf_det_k8_l16_r8_c16_m4_w10g8_d32_s2_q2,49,1313,bf_det_k8_l16_r8_c16_m4_w10g8_d32_s2_q2,49,1313,1,1,0.000000e+00,1,1,1,0
64qam,128,8,1.000000e+00,4501,dsp,588,bf_det_k8_l4_r8_c4_m4_w10g8_d32_s2_q2,119,4445,bf_det_k8_l4_r8_c4_m4_w10g8_d32_s2_q2,119,4445,1,1,0.000000e+00,1,1,1,0
64qam,128,8,1.000000e+00,4501,lut,589,bf_det_k8_l4_r8_c4_m4_w12g4_d64_s2_q2,35303,4292,bf_det_k8_l4_r8_c4_m4_w12g4_d32_s2_q2,34690,4292,1,1,1.767000e+00,1,0,0,0
64qam,128,8,1.000000e+00,4501,ff,590,bf_det_k8_l4_r8_c4_m3_w12g4_d32_s2_q2,21753,4340,bf_det_k8_l4_r8_c4_m3_w10g8_d32_s2_q2,20704,4493,1,1,5.067000e+00,1,0,0,0
64qam,128,8,1.000000e+00,4501,bram,591,bf_det_k8_l4_r8_c4_m4_w12g4_d32_s2_q2,19,4292,bf_det_k8_l4_r8_c4_m4_w12g4_d32_s2_q2,19,4292,1,1,0.000000e+00,1,1,1,0
64qam,128,8,1.000000e+00,6733,dsp,592,bf_det_k8_l4_r1_c4_m4_w10g8_d32_s2_q2,38,5723,bf_det_k8_l4_r1_c4_m3_w10g8_d32_s2_q2,38,5723,1,1,0.000000e+00,1,0,1,0
64qam,128,8,1.000000e+00,6733,lut,593,bf_det_k8_l4_r1_c4_m4_w12g4_d64_s2_q2,31319,5570,bf_det_k8_l4_r1_c4_m3_w12g4_d32_s2_q2,30602,5573,1,1,2.343000e+00,1,0,0,0
64qam,128,8,1.000000e+00,6733,ff,594,bf_det_k8_l4_r1_c4_m3_w10g8_d32_s2_q2,17299,5723,bf_det_k8_l4_r1_c4_m3_w10g8_d32_s2_q2,17299,5723,1,1,0.000000e+00,1,1,1,0
64qam,128,8,1.000000e+00,6733,bram,595,bf_det_k8_l4_r8_c4_m4_w12g4_d32_s2_q2,19,4292,bf_det_k8_l4_r8_c4_m4_w12g4_d32_s2_q2,19,4292,1,1,0.000000e+00,1,1,1,0
64qam,128,8,1.000000e+00,10071,dsp,596,bf_det_k8_l4_r1_c4_m4_w10g8_d32_s2_q2,38,5723,bf_det_k8_l4_r1_c4_m3_w10g8_d32_s2_q2,38,5723,1,1,0.000000e+00,1,0,1,0
64qam,128,8,1.000000e+00,10071,lut,597,bf_det_k8_l4_r1_c4_m4_w12g4_d64_s2_q2,31319,5570,bf_det_k8_l4_r1_c4_m3_w12g4_d32_s2_q2,30602,5573,1,1,2.343000e+00,1,0,0,0
64qam,128,8,1.000000e+00,10071,ff,598,bf_det_k8_l4_r1_c4_m3_w10g8_d32_s2_q2,17299,5723,bf_det_k8_l4_r1_c4_m3_w10g8_d32_s2_q2,17299,5723,1,1,0.000000e+00,1,1,1,0
64qam,128,8,1.000000e+00,10071,bram,599,bf_det_k8_l4_r8_c4_m4_w12g4_d32_s2_q2,19,4292,bf_det_k8_l4_r8_c4_m4_w12g4_d32_s2_q2,19,4292,1,1,0.000000e+00,1,1,1,0
64qam,128,8,1.000000e+00,15065,dsp,600,bf_det_k8_l4_r1_c4_m4_w10g8_d32_s2_q2,38,5723,bf_det_k8_l4_r1_c4_m3_w10g8_d32_s2_q2,38,5723,1,1,0.000000e+00,1,0,1,0
64qam,128,8,1.000000e+00,15065,lut,601,bf_det_k8_l1_r4_c4_m4_w12g4_d64_s2_q2,18241,15266,bf_det_k8_l1_r8_c4_m4_w12g4_d32_s2_q2,20102,14804,1,1,-9.258000e+00,1,0,0,0
64qam,128,8,1.000000e+00,15065,ff,602,bf_det_k8_l1_r4_c4_m4_w12g4_d32_s2_q2,12626,15266,bf_det_k8_l1_r8_c4_m3_w12g4_d32_s2_q2,14964,14852,1,1,-1.562400e+01,1,0,0,0
64qam,128,8,1.000000e+00,15065,bram,603,bf_det_k8_l1_r8_c4_m4_w12g4_d32_s2_q2,15,14804,bf_det_k8_l1_r8_c4_m4_w12g4_d32_s2_q2,15,14804,1,1,0.000000e+00,1,1,1,0
64qam,128,8,1.000000e+00,22535,dsp,604,bf_det_k8_l1_r1_c4_m4_w10g8_d32_s2_q2,20,18431,bf_det_k8_l1_r1_c4_m4_w10g8_d32_s2_q2,20,18431,1,1,0.000000e+00,1,1,1,0
64qam,128,8,1.000000e+00,22535,lut,605,bf_det_k8_l1_r1_c4_m4_w12g4_d64_s2_q2,16275,17846,bf_det_k8_l1_r1_c4_m4_w16g0_d32_s2_q2,15618,18006,1,1,4.207000e+00,1,0,0,0
64qam,128,8,1.000000e+00,22535,ff,606,bf_det_k8_l1_r1_c4_m3_w10g8_d32_s2_q2,9800,18815,bf_det_k8_l1_r1_c4_m3_w10g8_d32_s2_q2,9800,18815,1,1,0.000000e+00,1,1,1,0
64qam,128,8,1.000000e+00,22535,bram,607,bf_det_k8_l1_r8_c4_m4_w12g4_d32_s2_q2,15,14804,bf_det_k8_l1_r8_c4_m4_w12g4_d32_s2_q2,15,14804,1,1,0.000000e+00,1,1,1,0
64qam,128,16,2.500000e-01,2465,dsp,1152,bf_det_k16_l16_r16_c16_m3_w14g4_d32_s2_q2,963,2301,bf_det_k16_l16_r16_c16_m3_w14g4_d32_s2_q2,963,2301,1,1,0.000000e+00,1,1,1,0
64qam,128,16,2.500000e-01,2465,lut,1153,bf_det_k16_l16_r16_c16_m4_w12g8_d64_s2_q2,123177,2357,bf_det_k16_l16_r16_c16_m4_w12g8_d32_s2_q2,122565,2357,1,1,4.990000e-01,1,0,0,0
64qam,128,16,2.500000e-01,2465,ff,1154,bf_det_k16_l16_r16_c16_m3_w12g8_d32_s2_q2,96264,2373,bf_det_k16_l16_r16_c16_m3_w12g8_d32_s2_q2,96264,2373,1,1,0.000000e+00,1,1,1,0
64qam,128,16,2.500000e-01,2465,bram,1155,bf_det_k16_l16_r16_c16_m4_w12g8_d32_s2_q2,59,2357,bf_det_k16_l16_r16_c16_m4_w12g8_d32_s2_q2,59,2357,1,1,0.000000e+00,1,1,1,0
64qam,128,16,2.500000e-01,3927,dsp,1156,bf_det_k16_l16_r4_c16_m3_w14g4_d32_s2_q2,387,3285,bf_det_k16_l16_r4_c16_m3_w14g4_d32_s2_q2,387,3285,1,1,0.000000e+00,1,1,1,0
64qam,128,16,2.500000e-01,3927,lut,1157,bf_det_k16_l16_r4_c16_m4_w12g8_d64_s2_q2,95155,3329,bf_det_k16_l16_r4_c16_m4_w12g8_d32_s2_q2,94543,3329,1,1,6.470000e-01,1,0,0,0
64qam,128,16,2.500000e-01,3927,ff,1158,bf_det_k16_l16_r4_c16_m3_w12g8_d32_s2_q2,63421,3393,bf_det_k16_l16_r4_c16_m3_w12g8_d32_s2_q2,63421,3393,1,1,0.000000e+00,1,1,1,0
64qam,128,16,2.500000e-01,3927,bram,1159,bf_det_k16_l16_r16_c16_m4_w12g8_d32_s2_q2,59,2357,bf_det_k16_l16_r16_c16_m4_w12g8_d32_s2_q2,59,2357,1,1,0.000000e+00,1,1,1,0
64qam,128,16,2.500000e-01,6257,dsp,1160,bf_det_k16_l16_r4_c16_m3_w14g4_d32_s2_q2,387,3285,bf_det_k16_l16_r4_c16_m3_w14g4_d32_s2_q2,387,3285,1,1,0.000000e+00,1,1,1,0
64qam,128,16,2.500000e-01,6257,lut,1161,bf_det_k16_l16_r4_c16_m4_w12g8_d64_s2_q2,95155,3329,bf_det_k16_l16_r4_c16_m4_w12g8_d32_s2_q2,94543,3329,1,1,6.470000e-01,1,0,0,0
64qam,128,16,2.500000e-01,6257,ff,1162,bf_det_k16_l16_r4_c16_m3_w12g8_d32_s2_q2,63421,3393,bf_det_k16_l16_r4_c16_m3_w12g8_d32_s2_q2,63421,3393,1,1,0.000000e+00,1,1,1,0
64qam,128,16,2.500000e-01,6257,bram,1163,bf_det_k16_l16_r16_c16_m4_w12g8_d32_s2_q2,59,2357,bf_det_k16_l16_r16_c16_m4_w12g8_d32_s2_q2,59,2357,1,1,0.000000e+00,1,1,1,0
64qam,128,16,2.500000e-01,9969,dsp,1164,bf_det_k16_l16_r1_c16_m3_w14g4_d32_s2_q2,243,6961,bf_det_k16_l16_r1_c16_m3_w14g4_d32_s2_q2,243,6961,1,1,0.000000e+00,1,1,1,0
64qam,128,16,2.500000e-01,9969,lut,1165,bf_det_k16_l4_r16_c4_m4_w12g8_d64_s2_q2,44355,8375,bf_det_k16_l4_r16_c4_m4_w12g8_d32_s2_q2,43743,8375,1,1,1.399000e+00,1,0,0,0
64qam,128,16,2.500000e-01,9969,ff,1166,bf_det_k16_l4_r16_c4_m3_w12g8_d32_s2_q2,28684,8407,bf_det_k16_l4_r16_c4_m3_w12g8_d32_s2_q2,28684,8407,1,1,0.000000e+00,1,1,1,0
64qam,128,16,2.500000e-01,9969,bram,1167,bf_det_k16_l4_r16_c4_m4_w12g8_d32_s2_q2,51,8375,bf_det_k16_l4_r16_c4_m4_w12g8_d32_s2_q2,51,8375,1,1,0.000000e+00,1,1,1,0
64qam,128,16,2.500000e-01,15882,dsp,1168,bf_det_k16_l4_r4_c4_m3_w14g4_d32_s2_q2,99,10943,bf_det_k16_l4_r4_c4_m3_w14g4_d32_s2_q2,99,10943,1,1,0.000000e+00,1,1,1,0
64qam,128,16,2.500000e-01,15882,lut,1169,bf_det_k16_l4_r4_c4_m4_w12g8_d64_s2_q2,36898,11087,bf_det_k16_l4_r4_c4_m4_w12g8_d32_s2_q2,36286,11087,1,1,1.687000e+00,1,0,0,0
64qam,128,16,2.500000e-01,15882,ff,1170,bf_det_k16_l4_r4_c4_m3_w12g8_d32_s2_q2,20390,11215,bf_det_k16_l4_r4_c4_m3_w12g8_d32_s2_q2,20390,11215,1,1,0.000000e+00,1,1,1,0
64qam,128,16,2.500000e-01,15882,bram,1171,bf_det_k16_l4_r16_c4_m4_w12g8_d32_s2_q2,51,8375,bf_det_k16_l4_r16_c4_m4_w12g8_d32_s2_q2,51,8375,1,1,0.000000e+00,1,1,1,0
64qam,128,16,2.500000e-01,25305,dsp,1172,bf_det_k16_l4_r1_c4_m3_w14g4_d32_s2_q2,66,15923,bf_det_k16_l4_r1_c4_m3_w14g4_d32_s2_q2,66,15923,1,1,0.000000e+00,1,1,1,0
64qam,128,16,2.500000e-01,25305,lut,1173,bf_det_k16_l4_r1_c4_m4_w12g8_d64_s2_q2,35464,16187,bf_det_k16_l4_r1_c4_m4_w12g8_d32_s2_q2,34852,16187,1,1,1.756000e+00,1,0,0,0
64qam,128,16,2.500000e-01,25305,ff,1174,bf_det_k16_l4_r1_c4_m3_w12g8_d32_s2_q2,18897,16195,bf_det_k16_l4_r1_c4_m3_w12g8_d32_s2_q2,18897,16195,1,1,0.000000e+00,1,1,1,0
64qam,128,16,2.500000e-01,25305,bram,1175,bf_det_k16_l4_r16_c4_m4_w12g8_d32_s2_q2,51,8375,bf_det_k16_l4_r16_c4_m4_w12g8_d32_s2_q2,51,8375,1,1,0.000000e+00,1,1,1,0
64qam,128,16,2.500000e-01,40318,dsp,1176,bf_det_k16_l4_r1_c4_m3_w14g4_d32_s2_q2,66,15923,bf_det_k16_l1_r4_c4_m3_w14g4_d32_s2_q2,63,30439,1,1,4.762000e+00,1,0,0,0
64qam,128,16,2.500000e-01,40318,lut,1177,bf_det_k16_l1_r4_c4_m4_w12g8_d64_s2_q2,19989,31351,bf_det_k16_l1_r4_c4_m4_w12g8_d32_s2_q2,19343,31351,1,1,3.340000e+00,1,0,0,0
64qam,128,16,2.500000e-01,40318,ff,1178,bf_det_k16_l1_r4_c4_m3_w12g8_d32_s2_q2,12570,31479,bf_det_k16_l1_r4_c4_m3_w12g8_d32_s2_q2,12570,31479,1,1,0.000000e+00,1,1,1,0
64qam,128,16,2.500000e-01,40318,bram,1179,bf_det_k16_l1_r16_c4_m4_w14g4_d32_s2_q2,27,27503,bf_det_k16_l1_r16_c4_m4_w14g4_d32_s2_q2,27,27503,1,1,0.000000e+00,1,1,1,0
64qam,128,16,2.500000e-01,64237,dsp,1180,bf_det_k16_l1_r1_c4_m3_w14g4_d32_s2_q2,27,41543,bf_det_k16_l1_r1_c4_m3_w14g4_d32_s2_q2,27,41543,1,1,0.000000e+00,1,1,1,0
64qam,128,16,2.500000e-01,64237,lut,1181,bf_det_k16_l1_r1_c4_m4_w12g8_d64_s2_q2,17896,42071,bf_det_k16_l1_r1_c4_m4_w16g0_d32_s2_q2,17041,59333,1,1,5.017000e+00,1,0,0,0
64qam,128,16,2.500000e-01,64237,ff,1182,bf_det_k16_l1_r1_c4_m3_w12g8_d32_s2_q2,10294,42583,bf_det_k16_l1_r1_c4_m3_w12g8_d32_s2_q2,10294,42583,1,1,0.000000e+00,1,1,1,0
64qam,128,16,2.500000e-01,64237,bram,1183,bf_det_k16_l1_r16_c4_m4_w14g4_d32_s2_q2,27,27503,bf_det_k16_l1_r16_c4_m4_w14g4_d32_s2_q2,27,27503,1,1,0.000000e+00,1,1,1,0
64qam,128,16,5.000000e-01,2378,dsp,448,bf_det_k16_l16_r16_c16_m3_w12g4_d32_s2_q2,963,2233,bf_det_k16_l16_r16_c16_m3_w16g0_d32_s2_q2,963,2223,1,1,0.000000e+00,1,0,1,0
64qam,128,16,5.000000e-01,2378,lut,449,bf_det_k16_l16_r16_c16_m4_w12g4_d64_s2_q2,120229,2217,bf_det_k16_l16_r16_c16_m4_w12g4_d32_s2_q2,119617,2217,1,1,5.120000e-01,1,0,0,0
64qam,128,16,5.000000e-01,2378,ff,450,bf_det_k16_l16_r16_c16_m3_w12g4_d32_s2_q2,93299,2233,bf_det_k16_l16_r16_c16_m3_w12g4_d32_s2_q2,93299,2233,1,1,0.000000e+00,1,1,1,0
64qam,128,16,5.000000e-01,2378,bram,451,bf_det_k16_l16_r16_c16_m4_w12g4_d32_s2_q2,59,2217,bf_det_k16_l16_r16_c16_m4_w12g4_d32_s2_q2,59,2217,1,1,0.000000e+00,1,1,1,0
64qam,128,16,5.000000e-01,3648,dsp,452,bf_det_k16_l16_r4_c16_m3_w12g4_d32_s2_q2,387,3253,bf_det_k16_l16_r4_c16_m3_w16g0_d32_s2_q2,387,3243,1,1,0.000000e+00,1,0,1,0
64qam,128,16,5.000000e-01,3648,lut,453,bf_det_k16_l16_r4_c16_m4_w12g4_d64_s2_q2,92207,3189,bf_det_k16_l16_r4_c16_m4_w12g4_d32_s2_q2,91595,3189,1,1,6.680000e-01,1,0,0,0
64qam,128,16,5.000000e-01,3648,ff,454,bf_det_k16_l16_r4_c16_m3_w12g4_d32_s2_q2,60456,3253,bf_det_k16_l16_r4_c16_m3_w12g4_d32_s2_q2,60456,3253,1,1,0.000000e+00,1,1,1,0
64qam,128,16,5.000000e-01,3648,bram,455,bf_det_k16_l16_r16_c16_m4_w12g4_d32_s2_q2,59,2217,bf_det_k16_l16_r16_c16_m4_w12g4_d32_s2_q2,59,2217,1,1,0.000000e+00,1,1,1,0
64qam,128,16,5.000000e-01,5597,dsp,456,bf_det_k16_l16_r4_c16_m3_w12g4_d32_s2_q2,387,3253,bf_det_k16_l16_r4_c16_m3_w16g0_d32_s2_q2,387,3243,1,1,0.000000e+00,1,0,1,0
64qam,128,16,5.000000e-01,5597,lut,457,bf_det_k16_l16_r4_c16_m4_w12g4_d64_s2_q2,92207,3189,bf_det_k16_l16_r4_c16_m4_w12g4_d32_s2_q2,91595,3189,1,1,6.680000e-01,1,0,0,0
64qam,128,16,5.000000e-01,5597,ff,458,bf_det_k16_l16_r4_c16_m3_w12g4_d32_s2_q2,60456,3253,bf_det_k16_l16_r4_c16_m3_w12g4_d32_s2_q2,60456,3253,1,1,0.000000e+00,1,1,1,0
64qam,128,16,5.000000e-01,5597,bram,459,bf_det_k16_l16_r16_c16_m4_w12g4_d32_s2_q2,59,2217,bf_det_k16_l16_r16_c16_m4_w12g4_d32_s2_q2,59,2217,1,1,0.000000e+00,1,1,1,0
64qam,128,16,5.000000e-01,8585,dsp,460,bf_det_k16_l16_r1_c16_m3_w12g4_d32_s2_q2,243,7025,bf_det_k16_l16_r1_c16_m3_w14g4_d32_s2_q2,243,6961,1,1,0.000000e+00,1,0,1,0
64qam,128,16,5.000000e-01,8585,lut,461,bf_det_k16_l4_r16_c4_m4_w12g4_d64_s2_q2,43527,7899,bf_det_k16_l4_r16_c4_m4_w12g4_d32_s2_q2,42915,7899,1,1,1.426000e+00,1,0,0,0
64qam,128,16,5.000000e-01,8585,ff,462,bf_det_k16_l4_r16_c4_m3_w12g4_d32_s2_q2,27927,7931,bf_det_k16_l4_r16_c4_m3_w12g4_d32_s2_q2,27927,7931,1,1,0.000000e+00,1,1,1,0
64qam,128,16,5.000000e-01,8585,bram,463,bf_det_k16_l4_r16_c4_m4_w12g4_d32_s2_q2,51,7899,bf_det_k16_l4_r16_c4_m4_w12g4_d32_s2_q2,51,7899,1,1,0.000000e+00,1,1,1,0
64qam,128,16,5.000000e-01,13171,dsp,464,bf_det_k16_l4_r4_c4_m3_w12g4_d32_s2_q2,99,10739,bf_det_k16_l4_r4_c4_m3_w16g0_d32_s2_q2,99,10667,1,1,0.000000e+00,1,0,1,0
64qam,128,16,5.000000e-01,13171,lut,465,bf_det_k16_l4_r4_c4_m4_w12g4_d64_s2_q2,36070,10611,bf_det_k16_l4_r4_c4_m4_w12g4_d32_s2_q2,35458,10611,1,1,1.726000e+00,1,0,0,0
64qam,128,16,5.000000e-01,13171,ff,466,bf_det_k16_l4_r4_c4_m3_w12g4_d32_s2_q2,19633,10739,bf_det_k16_l4_r4_c4_m3_w12g4_d32_s2_q2,19633,10739,1,1,0.000000e+00,1,1,1,0
64qam,128,16,5.000000e-01,13171,bram,467,bf_det_k16_l4_r16_c4_m4_w12g4_d32_s2_q2,51,7899,bf_det_k16_l4_r16_c4_m4_w12g4_d32_s2_q2,51,7899,1,1,0.000000e+00,1,1,1,0
64qam,128,16,5.000000e-01,20204,dsp,468,bf_det_k16_l4_r1_c4_m3_w12g4_d32_s2_q2,66,15719,bf_det_k16_l4_r1_c4_m3_w16g0_d32_s2_q2,66,15647,1,1,0.000000e+00,1,0,1,0
64qam,128,16,5.000000e-01,20204,lut,469,bf_det_k16_l4_r1_c4_m4_w12g4_d64_s2_q2,34636,15711,bf_det_k16_l4_r1_c4_m4_w12g4_d32_s2_q2,34024,15711,1,1,1.799000e+00,1,0,0,0
64qam,128,16,5.000000e-01,20204,ff,470,bf_det_k16_l4_r1_c4_m3_w12g4_d32_s2_q2,18140,15719,bf_det_k16_l4_r1_c4_m3_w12g4_d32_s2_q2,18140,15719,1,1,0.000000e+00,1,1,1,0
64qam,128,16,5.000000e-01,20204,bram,471,bf_det_k16_l4_r16_c4_m4_w12g4_d32_s2_q2,51,7899,bf_det_k16_l4_r16_c4_m4_w12g4_d32_s2_q2,51,7899,1,1,0.000000e+00,1,1,1,0
64qam,128,16,5.000000e-01,30995,dsp,472,bf_det_k16_l4_r1_c4_m3_w12g4_d32_s2_q2,66,15719,bf_det_k16_l1_r4_c4_m3_w16g0_d32_s2_q2,63,29371,1,1,4.762000e+00,1,0,0,0
64qam,128,16,5.000000e-01,30995,lut,473,bf_det_k16_l1_r4_c4_m4_w12g4_d64_s2_q2,19694,29531,bf_det_k16_l1_r4_c4_m4_w12g4_d32_s2_q2,19048,29531,1,1,3.391000e+00,1,0,0,0
64qam,128,16,5.000000e-01,30995,ff,474,bf_det_k16_l1_r4_c4_m3_w12g4_d32_s2_q2,12365,29659,bf_det_k16_l1_r4_c4_m3_w12g4_d32_s2_q2,12365,29659,1,1,0.000000e+00,1,1,1,0
64qam,128,16,5.000000e-01,30995,bram,475,bf_det_k16_l1_r16_c4_m4_w12g4_d32_s2_q2,27,26723,bf_det_k16_l1_r16_c4_m4_w16g0_d32_s2_q2,27,26435,1,1,0.000000e+00,1,0,1,0
64qam,128,16,5.000000e-01,47548,dsp,476,bf_det_k16_l1_r1_c4_m3_w12g4_d32_s2_q2,27,40763,bf_det_k16_l1_r1_c4_m3_w16g0_d32_s2_q2,27,40475,1,1,0.000000e+00,1,0,1,0
64qam,128,16,5.000000e-01,47548,lut,477,bf_det_k16_l1_r1_c4_m4_w12g4_d64_s2_q2,17601,40251,bf_det_k16_l1_r1_c4_m4_w12g4_d32_s2_q2,16955,40251,1,1,3.810000e+00,1,0,0,0
64qam,128,16,5.000000e-01,47548,ff,478,bf_det_k16_l1_r1_c4_m3_w12g4_d32_s2_q2,10089,40763,bf_det_k16_l1_r1_c4_m3_w12g4_d32_s2_q2,10089,40763,1,1,0.000000e+00,1,1,1,0
64qam,128,16,5.000000e-01,47548,bram,479,bf_det_k16_l1_r16_c4_m4_w12g4_d32_s2_q2,27,26723,bf_det_k16_l1_r16_c4_m4_w16g0_d32_s2_q2,27,26435,1,1,0.000000e+00,1,0,1,0
64qam,128,16,1.000000e+00,2378,dsp,672,bf_det_k16_l16_r16_c16_m3_w12g4_d32_s2_q2,963,2233,bf_det_k16_l16_r16_c16_m3_w16g0_d32_s2_q2,963,2223,1,1,0.000000e+00,1,0,1,0
64qam,128,16,1.000000e+00,2378,lut,673,bf_det_k16_l16_r16_c16_m4_w12g4_d64_s2_q2,120229,2217,bf_det_k16_l16_r16_c16_m4_w12g4_d32_s2_q2,119617,2217,1,1,5.120000e-01,1,0,0,0
64qam,128,16,1.000000e+00,2378,ff,674,bf_det_k16_l16_r16_c16_m3_w12g4_d32_s2_q2,93299,2233,bf_det_k16_l16_r16_c16_m3_w12g4_d32_s2_q2,93299,2233,1,1,0.000000e+00,1,1,1,0
64qam,128,16,1.000000e+00,2378,bram,675,bf_det_k16_l16_r16_c16_m4_w12g4_d32_s2_q2,59,2217,bf_det_k16_l16_r16_c16_m4_w12g4_d32_s2_q2,59,2217,1,1,0.000000e+00,1,1,1,0
64qam,128,16,1.000000e+00,3795,dsp,676,bf_det_k16_l16_r4_c16_m3_w12g4_d32_s2_q2,387,3253,bf_det_k16_l16_r4_c16_m3_w16g0_d32_s2_q2,387,3243,1,1,0.000000e+00,1,0,1,0
64qam,128,16,1.000000e+00,3795,lut,677,bf_det_k16_l16_r4_c16_m4_w12g4_d64_s2_q2,92207,3189,bf_det_k16_l16_r4_c16_m4_w12g4_d32_s2_q2,91595,3189,1,1,6.680000e-01,1,0,0,0
64qam,128,16,1.000000e+00,3795,ff,678,bf_det_k16_l16_r4_c16_m3_w12g4_d32_s2_q2,60456,3253,bf_det_k16_l16_r4_c16_m3_w12g4_d32_s2_q2,60456,3253,1,1,0.000000e+00,1,1,1,0
64qam,128,16,1.000000e+00,3795,bram,679,bf_det_k16_l16_r16_c16_m4_w12g4_d32_s2_q2,59,2217,bf_det_k16_l16_r16_c16_m4_w12g4_d32_s2_q2,59,2217,1,1,0.000000e+00,1,1,1,0
64qam,128,16,1.000000e+00,6054,dsp,680,bf_det_k16_l16_r4_c16_m3_w12g4_d32_s2_q2,387,3253,bf_det_k16_l16_r4_c16_m3_w16g0_d32_s2_q2,387,3243,1,1,0.000000e+00,1,0,1,0
64qam,128,16,1.000000e+00,6054,lut,681,bf_det_k16_l16_r4_c16_m4_w12g4_d64_s2_q2,92207,3189,bf_det_k16_l16_r4_c16_m4_w12g4_d32_s2_q2,91595,3189,1,1,6.680000e-01,1,0,0,0
64qam,128,16,1.000000e+00,6054,ff,682,bf_det_k16_l16_r4_c16_m3_w12g4_d32_s2_q2,60456,3253,bf_det_k16_l16_r4_c16_m3_w12g4_d32_s2_q2,60456,3253,1,1,0.000000e+00,1,1,1,0
64qam,128,16,1.000000e+00,6054,bram,683,bf_det_k16_l16_r16_c16_m4_w12g4_d32_s2_q2,59,2217,bf_det_k16_l16_r16_c16_m4_w12g4_d32_s2_q2,59,2217,1,1,0.000000e+00,1,1,1,0
64qam,128,16,1.000000e+00,9660,dsp,684,bf_det_k16_l16_r1_c16_m3_w12g4_d32_s2_q2,243,7025,bf_det_k16_l16_r1_c16_m3_w14g4_d32_s2_q2,243,6961,1,1,0.000000e+00,1,0,1,0
64qam,128,16,1.000000e+00,9660,lut,685,bf_det_k16_l4_r16_c4_m4_w12g4_d64_s2_q2,43527,7899,bf_det_k16_l4_r16_c4_m4_w12g4_d32_s2_q2,42915,7899,1,1,1.426000e+00,1,0,0,0
64qam,128,16,1.000000e+00,9660,ff,686,bf_det_k16_l4_r16_c4_m3_w12g4_d32_s2_q2,27927,7931,bf_det_k16_l4_r16_c4_m3_w12g4_d32_s2_q2,27927,7931,1,1,0.000000e+00,1,1,1,0
64qam,128,16,1.000000e+00,9660,bram,687,bf_det_k16_l4_r16_c4_m4_w12g4_d32_s2_q2,51,7899,bf_det_k16_l4_r16_c4_m4_w12g4_d32_s2_q2,51,7899,1,1,0.000000e+00,1,1,1,0
64qam,128,16,1.000000e+00,15412,dsp,688,bf_det_k16_l4_r4_c4_m3_w12g4_d32_s2_q2,99,10739,bf_det_k16_l4_r4_c4_m3_w16g0_d32_s2_q2,99,10667,1,1,0.000000e+00,1,0,1,0
64qam,128,16,1.000000e+00,15412,lut,689,bf_det_k16_l4_r4_c4_m4_w12g4_d64_s2_q2,36070,10611,bf_det_k16_l4_r4_c4_m4_w12g4_d32_s2_q2,35458,10611,1,1,1.726000e+00,1,0,0,0
64qam,128,16,1.000000e+00,15412,ff,690,bf_det_k16_l4_r4_c4_m3_w12g4_d32_s2_q2,19633,10739,bf_det_k16_l4_r4_c4_m3_w12g4_d32_s2_q2,19633,10739,1,1,0.000000e+00,1,1,1,0
64qam,128,16,1.000000e+00,15412,bram,691,bf_det_k16_l4_r16_c4_m4_w12g4_d32_s2_q2,51,7899,bf_det_k16_l4_r16_c4_m4_w12g4_d32_s2_q2,51,7899,1,1,0.000000e+00,1,1,1,0
64qam,128,16,1.000000e+00,24590,dsp,692,bf_det_k16_l4_r1_c4_m3_w12g4_d32_s2_q2,66,15719,bf_det_k16_l4_r1_c4_m3_w16g0_d32_s2_q2,66,15647,1,1,0.000000e+00,1,0,1,0
64qam,128,16,1.000000e+00,24590,lut,693,bf_det_k16_l4_r1_c4_m4_w12g4_d64_s2_q2,34636,15711,bf_det_k16_l4_r1_c4_m4_w14g0_d32_s2_q2,34020,22999,1,1,1.811000e+00,1,0,0,0
64qam,128,16,1.000000e+00,24590,ff,694,bf_det_k16_l4_r1_c4_m3_w12g4_d32_s2_q2,18140,15719,bf_det_k16_l4_r1_c4_m3_w12g4_d32_s2_q2,18140,15719,1,1,0.000000e+00,1,1,1,0
64qam,128,16,1.000000e+00,24590,bram,695,bf_det_k16_l4_r16_c4_m4_w12g4_d32_s2_q2,51,7899,bf_det_k16_l4_r16_c4_m4_w12g4_d32_s2_q2,51,7899,1,1,0.000000e+00,1,1,1,0
64qam,128,16,1.000000e+00,39235,dsp,696,bf_det_k16_l4_r1_c4_m3_w12g4_d32_s2_q2,66,15719,bf_det_k16_l1_r4_c4_m3_w16g0_d32_s2_q2,63,29371,1,1,4.762000e+00,1,0,0,0
64qam,128,16,1.000000e+00,39235,lut,697,bf_det_k16_l1_r4_c4_m4_w12g4_d64_s2_q2,19694,29531,bf_det_k16_l1_r4_c4_m4_w12g4_d32_s2_q2,19048,29531,1,1,3.391000e+00,1,0,0,0
64qam,128,16,1.000000e+00,39235,ff,698,bf_det_k16_l1_r4_c4_m3_w12g4_d32_s2_q2,12365,29659,bf_det_k16_l1_r4_c4_m3_w12g4_d32_s2_q2,12365,29659,1,1,0.000000e+00,1,1,1,0
64qam,128,16,1.000000e+00,39235,bram,699,bf_det_k16_l1_r16_c4_m4_w12g4_d32_s2_q2,27,26723,bf_det_k16_l1_r16_c4_m4_w16g0_d32_s2_q2,27,26435,1,1,0.000000e+00,1,0,1,0
64qam,128,16,1.000000e+00,62601,dsp,700,bf_det_k16_l1_r1_c4_m3_w12g4_d32_s2_q2,27,40763,bf_det_k16_l1_r1_c4_m3_w16g0_d32_s2_q2,27,40475,1,1,0.000000e+00,1,0,1,0
64qam,128,16,1.000000e+00,62601,lut,701,bf_det_k16_l1_r1_c4_m4_w12g4_d64_s2_q2,17601,40251,bf_det_k16_l1_r1_c4_m4_w14g0_d32_s2_q2,16891,58189,1,1,4.203000e+00,1,0,0,0
64qam,128,16,1.000000e+00,62601,ff,702,bf_det_k16_l1_r1_c4_m3_w12g4_d32_s2_q2,10089,40763,bf_det_k16_l1_r1_c4_m3_w12g4_d32_s2_q2,10089,40763,1,1,0.000000e+00,1,1,1,0
64qam,128,16,1.000000e+00,62601,bram,703,bf_det_k16_l1_r16_c4_m4_w12g4_d32_s2_q2,27,26723,bf_det_k16_l1_r16_c4_m4_w16g0_d32_s2_q2,27,26435,1,1,0.000000e+00,1,0,1,0
qpsk,32,4,2.500000e-01,1115,dsp,1184,bf_det_k4_l16_r4_c16_m3_w12g4_d32_s2_q2,387,1072,bf_det_k4_l16_r4_c16_m4_w10g8_d32_s2_q2,275,1105,1,1,4.072700e+01,0,0,0,0
qpsk,32,4,2.500000e-01,1115,lut,1185,bf_det_k4_l16_r4_c16_m4_w12g4_d64_s2_q2,83358,1060,bf_det_k4_l16_r4_c16_m4_w12g4_d32_s2_q2,82738,1060,1,1,7.490000e-01,1,0,0,0
qpsk,32,4,2.500000e-01,1115,ff,1186,bf_det_k4_l16_r4_c16_m3_w12g4_d32_s2_q2,55377,1072,bf_det_k4_l16_r4_c16_m4_w10g8_d32_s2_q2,53725,1105,1,1,3.075000e+00,1,0,0,0
qpsk,32,4,2.500000e-01,1115,bram,1187,bf_det_k4_l16_r4_c16_m4_w12g4_d32_s2_q2,48,1060,bf_det_k4_l16_r4_c16_m4_w10g8_d32_s2_q2,40,1105,1,1,2.000000e+01,0,0,0,0
qpsk,32,4,2.500000e-01,1649,dsp,1188,bf_det_k4_l16_r1_c16_m4_w10g8_d32_s2_q2,131,1567,bf_det_k4_l16_r1_c16_m4_w10g8_d32_s2_q2,131,1567,1,1,0.000000e+00,1,1,1,0
qpsk,32,4,2.500000e-01,1649,lut,1189,bf_det_k4_l16_r1_c16_m4_w12g4_d64_s2_q2,76113,1522,bf_det_k4_l16_r1_c16_m4_w12g4_d32_s2_q2,75493,1522,1,1,8.210000e-01,1,0,0,0
qpsk,32,4,2.500000e-01,1649,ff,1190,bf_det_k4_l16_r1_c16_m3_w12g4_d32_s2_q2,46526,1570,bf_det_k4_l16_r1_c16_m3_w10g8_d32_s2_q2,44687,1615,1,1,4.115000e+00,1,0,0,0
qpsk,32,4,2.500000e-01,1649,bram,1191,bf_det_k4_l16_r4_c16_m4_w10g8_d32_s2_q2,40,1105,bf_det_k4_l16_r4_c16_m4_w10g8_d32_s2_q2,40,1105,1,1,0.000000e+00,1,1,1,0
qpsk,32,4,2.500000e-01,2439,dsp,1192,bf_det_k4_l16_r1_c16_m4_w10g8_d32_s2_q2,131,1567,bf_det_k4_l16_r1_c16_m4_w10g8_d32_s2_q2,131,1567,1,1,0.000000e+00,1,1,1,0
qpsk,32,4,2.500000e-01,2439,lut,1193,bf_det_k4_l16_r1_c16_m4_w12g4_d64_s2_q2,76113,1522,bf_det_k4_l16_r1_c16_m4_w12g4_d32_s2_q2,75493,1522,1,1,8.210000e-01,1,0,0,0
qpsk,32,4,2.500000e-01,2439,ff,1194,bf_det_k4_l16_r1_c16_m3_w10g4_d32_s2_q2,41722,2001,bf_det_k4_l16_r1_c16_m3_w10g4_d32_s2_q2,41722,2001,1,1,0.000000e+00,1,1,1,0
qpsk,32,4,2.500000e-01,2439,bram,1195,bf_det_k4_l16_r4_c16_m4_w10g8_d32_s2_q2,40,1105,bf_det_k4_l16_r4_c16_m4_w10g8_d32_s2_q2,40,1105,1,1,0.000000e+00,1,1,1,0
qpsk,32,4,2.500000e-01,3608,dsp,1196,bf_det_k4_l4_r1_c4_m4_w12g4_d32_s2_q2,70,3583,bf_det_k4_l4_r1_c4_m3_w16g0_d32_s2_q2,66,3557,1,1,6.061000e+00,1,0,0,0
qpsk,32,4,2.500000e-01,3608,lut,1197,bf_det_k4_l4_r1_c4_m4_w12g4_d64_s2_q2,28088,3583,bf_det_k4_l4_r1_c4_m4_w12g4_d32_s2_q2,27468,3583,1,1,2.257000e+00,1,0,0,0
qpsk,32,4,2.500000e-01,3608,ff,1198,bf_det_k4_l4_r1_c4_m4_w12g4_d32_s2_q2,17178,3583,bf_det_k4_l4_r1_c4_m4_w12g4_d32_s2_q2,17178,3583,1,1,0.000000e+00,1,1,1,0
qpsk,32,4,2.500000e-01,3608,bram,1199,bf_det_k4_l4_r4_c4_m4_w12g4_d32_s2_q2,16,3436,bf_det_k4_l4_r4_c4_m4_w12g4_d32_s2_q2,16,3436,1,1,0.000000e+00,1,1,1,0
qpsk,32,4,2.500000e-01,5336,dsp,1200,bf_det_k4_l4_r1_c4_m4_w10g8_d32_s2_q2,38,3736,bf_det_k4_l4_r1_c4_m4_w10g8_d32_s2_q2,38,3736,1,1,0.000000e+00,1,1,1,0
qpsk,32,4,2.500000e-01,5336,lut,1201,bf_det_k4_l4_r1_c4_m4_w12g4_d64_s2_q2,28088,3583,bf_det_k4_l4_r1_c4_m4_w12g4_d32_s2_q2,27468,3583,1,1,2.257000e+00,1,0,0,0
qpsk,32,4,2.500000e-01,5336,ff,1202,bf_det_k4_l4_r1_c4_m3_w10g4_d32_s2_q2,16046,4467,bf_det_k4_l4_r1_c4_m4_w10g4_d32_s2_q2,16016,4463,1,1,1.870000e-01,1,0,0,0
qpsk,32,4,2.500000e-01,5336,bram,1203,bf_det_k4_l4_r4_c4_m4_w12g4_d32_s2_q2,16,3436,bf_det_k4_l4_r4_c4_m4_w12g4_d32_s2_q2,16,3436,1,1,0.000000e+00,1,1,1,0
qpsk,32,4,2.500000e-01,7891,dsp,1204,bf_det_k4_l4_r1_c4_m4_w10g8_d32_s2_q2,38,3736,bf_det_k4_l4_r1_c4_m4_w10g8_d32_s2_q2,38,3736,1,1,0.000000e+00,1,1,1,0
qpsk,32,4,2.500000e-01,7891,lut,1205,bf_det_k4_l4_r1_c4_m4_w12g4_d64_s2_q2,28088,3583,bf_det_k4_l4_r1_c4_m4_w12g4_d32_s2_q2,27468,3583,1,1,2.257000e+00,1,0,0,0
qpsk,32,4,2.500000e-01,7891,ff,1206,bf_det_k4_l4_r1_c4_m3_w10g4_d32_s2_q2,16046,4467,bf_det_k4_l4_r1_c4_m4_w10g4_d32_s2_q2,16016,4463,1,1,1.870000e-01,1,0,0,0
qpsk,32,4,2.500000e-01,7891,bram,1207,bf_det_k4_l4_r4_c4_m4_w12g4_d32_s2_q2,16,3436,bf_det_k4_l4_r4_c4_m4_w12g4_d32_s2_q2,16,3436,1,1,0.000000e+00,1,1,1,0
qpsk,32,4,2.500000e-01,11671,dsp,1208,bf_det_k4_l4_r1_c4_m4_w10g8_d32_s2_q2,38,3736,bf_det_k4_l4_r1_c4_m4_w10g8_d32_s2_q2,38,3736,1,1,0.000000e+00,1,1,1,0
qpsk,32,4,2.500000e-01,11671,lut,1209,bf_det_k4_l4_r1_c4_m4_w12g4_d64_s2_q2,28088,3583,bf_det_k4_l4_r1_c4_m4_w12g4_d32_s2_q2,27468,3583,1,1,2.257000e+00,1,0,0,0
qpsk,32,4,2.500000e-01,11671,ff,1210,bf_det_k4_l4_r1_c4_m3_w10g4_d32_s2_q2,16046,4467,bf_det_k4_l4_r1_c4_m4_w10g4_d32_s2_q2,16016,4463,1,1,1.870000e-01,1,0,0,0
qpsk,32,4,2.500000e-01,11671,bram,1211,bf_det_k4_l4_r4_c4_m4_w12g4_d32_s2_q2,16,3436,bf_det_k4_l4_r4_c4_m4_w12g4_d32_s2_q2,16,3436,1,1,0.000000e+00,1,1,1,0
qpsk,32,4,2.500000e-01,17262,dsp,1212,bf_det_k4_l1_r1_c4_m4_w10g8_d32_s2_q2,20,13639,bf_det_k4_l1_r1_c4_m4_w10g8_d32_s2_q2,20,13639,1,1,0.000000e+00,1,1,1,0
qpsk,32,4,2.500000e-01,17262,lut,1213,bf_det_k4_l1_r1_c4_m4_w12g4_d64_s2_q2,15481,13054,bf_det_k4_l1_r1_c4_m4_w14g0_d32_s2_q2,14774,16331,1,1,4.785000e+00,1,0,0,0
qpsk,32,4,2.500000e-01,17262,ff,1214,bf_det_k4_l1_r1_c4_m3_w10g4_d32_s2_q2,9486,16459,bf_det_k4_l1_r1_c4_m3_w10g4_d32_s2_q2,9486,16459,1,1,0.000000e+00,1,1,1,0
qpsk,32,4,2.500000e-01,17262,bram,1215,bf_det_k4_l1_r4_c4_m4_w12g4_d32_s2_q2,14,12052,bf_det_k4_l1_r4_c4_m4_w12g4_d32_s2_q2,14,12052,1,1,0.000000e+00,1,1,1,0
qpsk,32,4,5.000000e-01,710,dsp,288,bf_det_k4_l16_r4_c16_m4_w10g4_d32_s2_q2,275,679,bf_det_k4_l16_r4_c16_m4_w10g4_d32_s2_q2,275,679,1,1,0.000000e+00,1,1,1,0
qpsk,32,4,5.000000e-01,710,lut,289,bf_det_k4_l16_r4_c16_m4_w14g0_d64_s2_q2,84673,687,bf_det_k4_l16_r4_c16_m4_w14g0_d32_s2_q2,84021,687,1,1,7.760000e-01,1,0,0,0
qpsk,32,4,5.000000e-01,710,ff,290,bf_det_k4_l16_r4_c16_m3_w10g4_d32_s2_q2,49221,687,bf_det_k4_l16_r4_c16_m3_w10g4_d32_s2_q2,49221,687,1,1,0.000000e+00,1,1,1,0
qpsk,32,4,5.000000e-01,710,bram,291,bf_det_k4_l16_r4_c16_m4_w10g4_d32_s2_q2,40,679,bf_det_k4_l16_r4_c16_m4_w10g4_d32_s2_q2,40,679,1,1,0.000000e+00,1,1,1,0
qpsk,32,4,5.000000e-01,1057,dsp,292,bf_det_k4_l16_r1_c16_m4_w10g4_d32_s2_q2,131,987,bf_det_k4_l16_r1_c16_m4_w10g4_d32_s2_q2,131,987,1,1,0.000000e+00,1,1,1,0
qpsk,32,4,5.000000e-01,1057,lut,293,bf_det_k4_l16_r1_c16_m4_w14g0_d64_s2_q2,77049,989,bf_det_k4_l16_r1_c16_m4_w12g4_d32_s2_q2,75493,1027,1,1,2.061000e+00,1,0,0,0
qpsk,32,4,5.000000e-01,1057,ff,294,bf_det_k4_l16_r1_c16_m4_w10g4_d32_s2_q2,41862,987,bf_det_k4_l16_r1_c16_m3_w10g4_d32_s2_q2,41722,1019,1,1,3.360000e-01,1,0,0,0
qpsk,32,4,5.000000e-01,1057,bram,295,bf_det_k4_l16_r4_c16_m4_w10g4_d32_s2_q2,40,679,bf_det_k4_l16_r4_c16_m4_w10g4_d32_s2_q2,40,679,1,1,0.000000e+00,1,1,1,0
qpsk,32,4,5.000000e-01,1573,dsp,296,bf_det_k4_l16_r1_c16_m4_w10g4_d32_s2_q2,131,987,bf_det_k4_l16_r1_c16_m4_w10g4_d32_s2_q2,131,987,1,1,0.000000e+00,1,1,1,0
qpsk,32,4,5.000000e-01,1573,lut,297,bf_det_k4_l16_r1_c16_m4_w12g4_d64_s2_q2,76113,1027,bf_det_k4_l16_r1_c16_m4_w12g4_d32_s2_q2,75493,1027,1,1,8.210000e-01,1,0,0,0
qpsk,32,4,5.000000e-01,1573,ff,298,bf_det_k4_l16_r1_c16_m3_w10g4_d32_s2_q2,41722,1019,bf_det_k4_l16_r1_c16_m3_w10g4_d32_s2_q2,41722,1019,1,1,0.000000e+00,1,1,1,0
qpsk,32,4,5.000000e-01,1573,bram,299,bf_det_k4_l16_r4_c16_m4_w10g4_d32_s2_q2,40,679,bf_det_k4_l16_r4_c16_m4_w10g4_d32_s2_q2,40,679,1,1,0.000000e+00,1,1,1,0
qpsk,32,4,5.000000e-01,2341,dsp,300,bf_det_k4_l4_r1_c4_m4_w10g4_d32_s2_q2,38,2295,bf_det_k4_l4_r1_c4_m4_w10g4_d32_s2_q2,38,2295,1,1,0.000000e+00,1,1,1,0
qpsk,32,4,5.000000e-01,2341,lut,301,bf_det_k4_l4_r1_c4_m4_w14g0_d64_s2_q2,28258,2311,bf_det_k4_l4_r1_c4_m4_w14g0_d32_s2_q2,27606,2311,1,1,2.362000e+00,1,0,0,0
qpsk,32,4,5.000000e-01,2341,ff,302,bf_det_k4_l4_r1_c4_m4_w10g4_d32_s2_q2,16016,2295,bf_det_k4_l4_r1_c4_m4_w10g4_d32_s2_q2,16016,2295,1,1,0.000000e+00,1,1,1,0
qpsk,32,4,5.000000e-01,2341,bram,303,bf_det_k4_l4_r4_c4_m4_w10g4_d32_s2_q2,16,2197,bf_det_k4_l4_r4_c4_m4_w10g4_d32_s2_q2,16,2197,1,1,0.000000e+00,1,1,1,0
qpsk,32,4,5.000000e-01,3485,dsp,304,bf_det_k4_l4_r1_c4_m4_w10g4_d32_s2_q2,38,2295,bf_det_k4_l4_r1_c4_m4_w10g4_d32_s2_q2,38,2295,1,1,0.000000e+00,1,1,1,0
qpsk,32,4,5.000000e-01,3485,lut,305,bf_det_k4_l4_r1_c4_m4_w12g4_d64_s2_q2,28088,2431,bf_det_k4_l4_r1_c4_m4_w12g4_d32_s2_q2,27468,2431,1,1,2.257000e+00,1,0,0,0
qpsk,32,4,5.000000e-01,3485,ff,306,bf_det_k4_l4_r1_c4_m3_w10g4_d32_s2_q2,16046,2297,bf_det_k4_l4_r1_c4_m4_w10g4_d32_s2_q2,16016,2295,1,1,1.870000e-01,1,0,0,0
qpsk,32,4,5.000000e-01,3485,bram,307,bf_det_k4_l4_r4_c4_m4_w10g4_d32_s2_q2,16,2197,bf_det_k4_l4_r4_c4_m4_w10g4_d32_s2_q2,16,2197,1,1,0.000000e+00,1,1,1,0
qpsk,32,4,5.000000e-01,5188,dsp,308,bf_det_k4_l4_r1_c4_m4_w10g4_d32_s2_q2,38,2295,bf_det_k4_l4_r1_c4_m4_w10g4_d32_s2_q2,38,2295,1,1,0.000000e+00,1,1,1,0
qpsk,32,4,5.000000e-01,5188,lut,309,bf_det_k4_l4_r1_c4_m4_w12g4_d64_s2_q2,28088,2431,bf_det_k4_l4_r1_c4_m4_w12g4_d32_s2_q2,27468,2431,1,1,2.257000e+00,1,0,0,0
qpsk,32,4,5.000000e-01,5188,ff,310,bf_det_k4_l4_r1_c4_m3_w10g4_d32_s2_q2,16046,2297,bf_det_k4_l4_r1_c4_m4_w10g4_d32_s2_q2,16016,2295,1,1,1.870000e-01,1,0,0,0
qpsk,32,4,5.000000e-01,5188,bram,311,bf_det_k4_l4_r4_c4_m4_w10g4_d32_s2_q2,16,2197,bf_det_k4_l4_r4_c4_m4_w10g4_d32_s2_q2,16,2197,1,1,0.000000e+00,1,1,1,0
qpsk,32,4,5.000000e-01,7723,dsp,312,bf_det_k4_l4_r1_c4_m4_w10g4_d32_s2_q2,38,2295,bf_det_k4_l4_r1_c4_m4_w10g4_d32_s2_q2,38,2295,1,1,0.000000e+00,1,1,1,0
qpsk,32,4,5.000000e-01,7723,lut,313,bf_det_k4_l1_r4_c4_m4_w14g0_d64_s2_q2,17453,7693,bf_det_k4_l1_r4_c4_m4_w14g0_d32_s2_q2,16767,7693,1,1,4.091000e+00,1,0,0,0
qpsk,32,4,5.000000e-01,7723,ff,314,bf_det_k4_l1_r4_c4_m3_w10g4_d32_s2_q2,11362,7709,bf_det_k4_l1_r4_c4_m3_w10g4_d32_s2_q2,11362,7709,1,1,0.000000e+00,1,1,1,0
qpsk,32,4,5.000000e-01,7723,bram,315,bf_det_k4_l1_r4_c4_m4_w10g4_d32_s2_q2,14,7677,bf_det_k4_l1_r4_c4_m4_w10g4_d32_s2_q2,14,7677,1,1,0.000000e+00,1,1,1,0
qpsk,32,4,5.000000e-01,11497,dsp,316,bf_det_k4_l1_r1_c4_m4_w10g4_d32_s2_q2,20,8345,bf_det_k4_l1_r1_c4_m4_w10g4_d32_s2_q2,20,8345,1,1,0.000000e+00,1,1,1,0
qpsk,32,4,5.000000e-01,11497,lut,317,bf_det_k4_l1_r1_c4_m4_w12g4_d64_s2_q2,15481,8865,bf_det_k4_l1_r1_c4_m4_w14g0_d32_s2_q2,14774,8409,1,1,4.785000e+00,1,0,0,0
qpsk,32,4,5.000000e-01,11497,ff,318,bf_det_k4_l1_r1_c4_m3_w10g4_d32_s2_q2,9486,8473,bf_det_k4_l1_r1_c4_m3_w10g4_d32_s2_q2,9486,8473,1,1,0.000000e+00,1,1,1,0
qpsk,32,4,5.000000e-01,11497,bram,319,bf_det_k4_l1_r4_c4_m4_w10g4_d32_s2_q2,14,7677,bf_det_k4_l1_r4_c4_m4_w10g4_d32_s2_q2,14,7677,1,1,0.000000e+00,1,1,1,0
qpsk,32,4,1.000000e+00,710,dsp,1216,bf_det_k4_l16_r4_c16_m4_w10g4_d32_s2_q2,275,679,bf_det_k4_l16_r4_c16_m4_w8g8_d32_s2_q2,179,707,1,1,5.363100e+01,0,0,0,0
qpsk,32,4,1.000000e+00,710,lut,1217,bf_det_k4_l16_r4_c16_m4_w14g0_d64_s2_q2,84673,687,bf_det_k4_l16_r4_c16_m4_w14g0_d32_s2_q2,84021,687,1,1,7.760000e-01,1,0,0,0
qpsk,32,4,1.000000e+00,710,ff,1218,bf_det_k4_l16_r4_c16_m3_w10g4_d32_s2_q2,49221,687,bf_det_k4_l16_r4_c16_m4_w8g8_d32_s2_q2,45797,707,1,1,7.476000e+00,1,0,0,0
qpsk,32,4,1.000000e+00,710,bram,1219,bf_det_k4_l16_r4_c16_m4_w10g4_d32_s2_q2,40,679,bf_det_k4_l16_r4_c16_m4_w8g8_d32_s2_q2,36,707,1,1,1.111100e+01,0,0,0,0
qpsk,32,4,1.000000e+00,1066,dsp,1220,bf_det_k4_l16_r1_c16_m4_w8g8_d32_s2_q2,83,1015,bf_det_k4_l16_r1_c16_m4_w8g8_d32_s2_q2,83,1015,1,1,0.000000e+00,1,1,1,0
qpsk,32,4,1.000000e+00,1066,lut,1221,bf_det_k4_l16_r1_c16_m4_w14g0_d64_s2_q2,77049,989,bf_det_k4_l16_r1_c16_m3_w8g8_d32_s2_q2,74443,1047,1,1,3.501000e+00,1,0,0,0
qpsk,32,4,1.000000e+00,1066,ff,1222,bf_det_k4_l16_r1_c16_m4_w8g8_d32_s2_q2,38531,1015,bf_det_k4_l16_r1_c16_m3_w8g8_d32_s2_q2,38423,1047,1,1,2.810000e-01,1,0,0,0
qpsk,32,4,1.000000e+00,1066,bram,1223,bf_det_k4_l16_r4_c16_m4_w8g8_d32_s2_q2,36,707,bf_det_k4_l16_r4_c16_m4_w8g8_d32_s2_q2,36,707,1,1,0.000000e+00,1,1,1,0
qpsk,32,4,1.000000e+00,1600,dsp,1224,bf_det_k4_l16_r1_c16_m4_w8g8_d32_s2_q2,83,1015,bf_det_k4_l16_r1_c16_m4_w8g8_d32_s2_q2,83,1015,1,1,0.000000e+00,1,1,1,0
qpsk,32,4,1.000000e+00,1600,lut,1225,bf_det_k4_l16_r1_c16_m4_w12g0_d64_s2_q2,71451,1402,bf_det_k4_l16_r1_c16_m3_w8g4_d32_s2_q2,70661,1434,1,1,1.118000e+00,1,0,0,0
qpsk,32,4,1.000000e+00,1600,ff,1226,bf_det_k4_l16_r1_c16_m3_w8g4_d32_s2_q2,35071,1434,bf_det_k4_l16_r1_c16_m3_w8g4_d32_s2_q2,35071,1434,1,1,0.000000e+00,1,1,1,0
qpsk,32,4,1.000000e+00,1600,bram,1227,bf_det_k4_l16_r4_c16_m4_w8g8_d32_s2_q2,36,707,bf_det_k4_l16_r4_c16_m4_w8g8_d32_s2_q2,36,707,1,1,0.000000e+00,1,1,1,0
qpsk,32,4,1.000000e+00,2402,dsp,1228,bf_det_k4_l4_r1_c4_m4_w8g8_d32_s2_q2,26,2383,bf_det_k4_l4_r1_c4_m4_w8g8_d32_s2_q2,26,2383,1,1,0.000000e+00,1,1,1,0
qpsk,32,4,1.000000e+00,2402,lut,1229,bf_det_k4_l4_r1_c4_m4_w12g4_d64_s2_q2,28088,2431,bf_det_k4_l4_r1_c4_m3_w8g8_d32_s2_q2,27085,2385,1,1,3.703000e+00,1,0,0,0
qpsk,32,4,1.000000e+00,2402,ff,1230,bf_det_k4_l4_r1_c4_m4_w8g8_d32_s2_q2,15091,2383,bf_det_k4_l4_r1_c4_m4_w8g8_d32_s2_q2,15091,2383,1,1,0.000000e+00,1,1,1,0
qpsk,32,4,1.000000e+00,2402,bram,1231,bf_det_k4_l4_r4_c4_m4_w8g8_d32_s2_q2,12,2285,bf_det_k4_l4_r4_c4_m4_w8g8_d32_s2_q2,12,2285,1,1,0.000000e+00,1,1,1,0
qpsk,32,4,1.000000e+00,3606,dsp,1232,bf_det_k4_l4_r1_c4_m4_w8g8_d32_s2_q2,26,2383,bf_det_k4_l4_r1_c4_m4_w8g8_d32_s2_q2,26,2383,1,1,0.000000e+00,1,1,1,0
qpsk,32,4,1.000000e+00,3606,lut,1233,bf_det_k4_l4_r1_c4_m3_w8g4_d64_s2_q2,26599,3114,bf_det_k4_l4_r1_c4_m3_w8g4_d32_s2_q2,26027,3114,1,1,2.198000e+00,1,0,0,0
qpsk,32,4,1.000000e+00,3606,ff,1234,bf_det_k4_l4_r1_c4_m3_w8g4_d32_s2_q2,14287,3114,bf_det_k4_l4_r1_c4_m4_w8g4_d32_s2_q2,14235,3111,1,1,3.650000e-01,1,0,0,0
qpsk,32,4,1.000000e+00,3606,bram,1235,bf_det_k4_l4_r4_c4_m4_w8g8_d32_s2_q2,12,2285,bf_det_k4_l4_r4_c4_m4_w8g8_d32_s2_q2,12,2285,1,1,0.000000e+00,1,1,1,0
qpsk,32,4,1.000000e+00,5414,dsp,1236,bf_det_k4_l4_r1_c4_m4_w8g8_d32_s2_q2,26,2383,bf_det_k4_l4_r1_c4_m4_w8g8_d32_s2_q2,26,2383,1,1,0.000000e+00,1,1,1,0
qpsk,32,4,1.000000e+00,5414,lut,1237,bf_det_k4_l4_r1_c4_m3_w8g4_d64_s2_q2,26599,3114,bf_det_k4_l4_r1_c4_m3_w8g4_d32_s2_q2,26027,3114,1,1,2.198000e+00,1,0,0,0
qpsk,32,4,1.000000e+00,5414,ff,1238,bf_det_k4_l4_r1_c4_m3_w8g4_d32_s2_q2,14287,3114,bf_det_k4_l4_r1_c4_m4_w8g4_d32_s2_q2,14235,3111,1,1,3.650000e-01,1,0,0,0
qpsk,32,4,1.000000e+00,5414,bram,1239,bf_det_k4_l4_r4_c4_m4_w8g8_d32_s2_q2,12,2285,bf_det_k4_l4_r4_c4_m4_w8g8_d32_s2_q2,12,2285,1,1,0.000000e+00,1,1,1,0
qpsk,32,4,1.000000e+00,8128,dsp,1240,bf_det_k4_l4_r1_c4_m4_w8g8_d32_s2_q2,26,2383,bf_det_k4_l4_r1_c4_m4_w8g8_d32_s2_q2,26,2383,1,1,0.000000e+00,1,1,1,0
qpsk,32,4,1.000000e+00,8128,lut,1241,bf_det_k4_l1_r4_c4_m4_w12g4_d64_s2_q2,17360,8197,bf_det_k4_l1_r4_c4_m3_w8g8_d32_s2_q2,16692,7973,1,1,4.002000e+00,1,0,0,0
qpsk,32,4,1.000000e+00,8128,ff,1242,bf_det_k4_l1_r4_c4_m3_w8g8_d32_s2_q2,10756,7973,bf_det_k4_l1_r4_c4_m3_w8g8_d32_s2_q2,10756,7973,1,1,0.000000e+00,1,1,1,0
qpsk,32,4,1.000000e+00,8128,bram,1243,bf_det_k4_l4_r4_c4_m4_w8g8_d32_s2_q2,12,2285,bf_det_k4_l4_r4_c4_m4_w8g8_d32_s2_q2,12,2285,1,1,0.000000e+00,1,1,1,0
qpsk,32,4,1.000000e+00,12203,dsp,1244,bf_det_k4_l1_r1_c4_m4_w8g8_d32_s2_q2,14,8609,bf_det_k4_l1_r1_c4_m4_w8g8_d32_s2_q2,14,8609,1,1,0.000000e+00,1,1,1,0
qpsk,32,4,1.000000e+00,12203,lut,1245,bf_det_k4_l1_r1_c4_m4_w12g0_d64_s2_q2,15047,11494,bf_det_k4_l1_r1_c4_m4_w12g0_d32_s2_q2,14393,11494,1,1,4.544000e+00,1,0,0,0
qpsk,32,4,1.000000e+00,12203,ff,1246,bf_det_k4_l1_r1_c4_m3_w8g4_d32_s2_q2,8974,11334,bf_det_k4_l1_r1_c4_m3_w8g4_d32_s2_q2,8974,11334,1,1,0.000000e+00,1,1,1,0
qpsk,32,4,1.000000e+00,12203,bram,1247,bf_det_k4_l4_r4_c4_m4_w8g8_d32_s2_q2,12,2285,bf_det_k4_l4_r4_c4_m4_w8g8_d32_s2_q2,12,2285,1,1,0.000000e+00,1,1,1,0
qpsk,32,8,2.500000e-01,1410,dsp,1248,bf_det_k8_l16_r8_c16_m3_w14g4_d32_s2_q2,579,1331,bf_det_k8_l16_r8_c16_m3_w14g4_d32_s2_q2,579,1331,1,1,0.000000e+00,1,1,1,0
qpsk,32,8,2.500000e-01,1410,lut,1249,bf_det_k8_l16_r8_c16_m4_w12g8_d64_s2_q2,99106,1373,bf_det_k8_l16_r8_c16_m4_w12g8_d32_s2_q2,98493,1373,1,1,6.220000e-01,1,0,0,0
qpsk,32,8,2.500000e-01,1410,ff,1250,bf_det_k8_l16_r8_c16_m3_w14g4_d32_s2_q2,76560,1331,bf_det_k8_l16_r8_c16_m3_w12g8_d32_s2_q2,70726,1385,1,1,8.249000e+00,1,0,0,0
qpsk,32,8,2.500000e-01,1410,bram,1251,bf_det_k8_l16_r8_c16_m4_w12g8_d32_s2_q2,59,1373,bf_det_k8_l16_r8_c16_m4_w12g8_d32_s2_q2,59,1373,1,1,0.000000e+00,1,1,1,0
qpsk,32,8,2.500000e-01,2243,dsp,1252,bf_det_k8_l16_r4_c16_m4_w10g8_d32_s2_q2,275,1981,bf_det_k8_l16_r4_c16_m4_w10g8_d32_s2_q2,275,1981,1,1,0.000000e+00,1,1,1,0
qpsk,32,8,2.500000e-01,2243,lut,1253,bf_det_k8_l16_r4_c16_m4_w12g4_d64_s2_q2,86720,1921,bf_det_k8_l16_r4_c16_m4_w12g4_d32_s2_q2,86107,1921,1,1,7.120000e-01,1,0,0,0
qpsk,32,8,2.500000e-01,2243,ff,1254,bf_det_k8_l16_r4_c16_m3_w10g8_d32_s2_q2,53494,2013,bf_det_k8_l16_r4_c16_m3_w10g8_d32_s2_q2,53494,2013,1,1,0.000000e+00,1,1,1,0
qpsk,32,8,2.500000e-01,2243,bram,1255,bf_det_k8_l16_r8_c16_m4_w10g8_d32_s2_q2,49,1733,bf_det_k8_l16_r8_c16_m4_w10g8_d32_s2_q2,49,1733,1,1,0.000000e+00,1,1,1,0
qpsk,32,8,2.500000e-01,3568,dsp,1256,bf_det_k8_l16_r1_c16_m4_w10g8_d32_s2_q2,131,3405,bf_det_k8_l16_r1_c16_m4_w10g8_d32_s2_q2,131,3405,1,1,0.000000e+00,1,1,1,0
qpsk,32,8,2.500000e-01,3568,lut,1257,bf_det_k8_l16_r1_c16_m4_w12g4_d64_s2_q2,79317,3345,bf_det_k8_l16_r1_c16_m4_w12g4_d32_s2_q2,78704,3345,1,1,7.790000e-01,1,0,0,0
qpsk,32,8,2.500000e-01,3568,ff,1258,bf_det_k8_l16_r1_c16_m4_w12g4_d32_s2_q2,48046,3345,bf_det_k8_l16_r1_c16_m3_w10g8_d32_s2_q2,45843,3533,1,1,4.806000e+00,1,0,0,0
qpsk,32,8,2.500000e-01,3568,bram,1259,bf_det_k8_l16_r8_c16_m4_w10g8_d32_s2_q2,49,1733,bf_det_k8_l16_r8_c16_m4_w10g8_d32_s2_q2,49,1733,1,1,0.000000e+00,1,1,1,0
qpsk,32,8,2.500000e-01,5675,dsp,1260,bf_det_k8_l4_r4_c4_m3_w14g4_d32_s2_q2,99,5027,bf_det_k8_l4_r4_c4_m3_w14g4_d32_s2_q2,99,5027,1,1,0.000000e+00,1,1,1,0
qpsk,32,8,2.500000e-01,5675,lut,1261,bf_det_k8_l4_r4_c4_m4_w12g8_d64_s2_q2,33408,5111,bf_det_k8_l4_r4_c4_m4_w12g8_d32_s2_q2,32795,5111,1,1,1.869000e+00,1,0,0,0
qpsk,32,8,2.500000e-01,5675,ff,1262,bf_det_k8_l4_r4_c4_m3_w12g8_d32_s2_q2,19782,5207,bf_det_k8_l4_r4_c4_m3_w12g8_d32_s2_q2,19782,5207,1,1,0.000000e+00,1,1,1,0
qpsk,32,8,2.500000e-01,5675,bram,1263,bf_det_k8_l4_r8_c4_m4_w12g8_d32_s2_q2,19,4649,bf_det_k8_l4_r8_c4_m4_w12g8_d32_s2_q2,19,4649,1,1,0.000000e+00,1,1,1,0
qpsk,32,8,2.500000e-01,9027,dsp,1264,bf_det_k8_l4_r1_c4_m4_w10g8_d32_s2_q2,38,7567,bf_det_k8_l4_r1_c4_m3_w10g8_d32_s2_q2,38,7567,1,1,0.000000e+00,1,0,1,0
qpsk,32,8,2.500000e-01,9027,lut,1265,bf_det_k8_l4_r1_c4_m4_w12g4_d64_s2_q2,31319,7363,bf_det_k8_l4_r1_c4_m3_w12g4_d32_s2_q2,30602,7367,1,1,2.343000e+00,1,0,0,0
qpsk,32,8,2.500000e-01,9027,ff,1266,bf_det_k8_l4_r1_c4_m3_w10g8_d32_s2_q2,17299,7567,bf_det_k8_l4_r1_c4_m3_w10g8_d32_s2_q2,17299,7567,1,1,0.000000e+00,1,1,1,0
qpsk,32,8,2.500000e-01,9027,bram,1267,bf_det_k8_l4_r8_c4_m4_w12g8_d32_s2_q2,19,4649,bf_det_k8_l4_r8_c4_m4_w12g8_d32_s2_q2,19,4649,1,1,0.000000e+00,1,1,1,0
qpsk,32,8,2.500000e-01,14360,dsp,1268,bf_det_k8_l4_r1_c4_m4_w10g8_d32_s2_q2,38,7567,bf_det_k8_l4_r1_c4_m3_w10g8_d32_s2_q2,38,7567,1,1,0.000000e+00,1,0,1,0
qpsk,32,8,2.500000e-01,14360,lut,1269,bf_det_k8_l4_r1_c4_m4_w12g4_d64_s2_q2,31319,7363,bf_det_k8_l4_r1_c4_m3_w12g4_d32_s2_q2,30602,7367,1,1,2.343000e+00,1,0,0,0
qpsk,32,8,2.500000e-01,14360,ff,1270,bf_det_k8_l4_r1_c4_m3_w10g8_d32_s2_q2,17299,7567,bf_det_k8_l4_r1_c4_m3_w10g8_d32_s2_q2,17299,7567,1,1,0.000000e+00,1,1,1,0
qpsk,32,8,2.500000e-01,14360,bram,1271,bf_det_k8_l4_r8_c4_m4_w12g8_d32_s2_q2,19,4649,bf_det_k8_l4_r8_c4_m4_w12g8_d32_s2_q2,19,4649,1,1,0.000000e+00,1,1,1,0
qpsk,32,8,2.500000e-01,22844,dsp,1272,bf_det_k8_l1_r1_c4_m3_w14g4_d32_s2_q2,27,18815,bf_det_k8_l1_r1_c4_m3_w14g4_d32_s2_q2,27,18815,1,1,0.000000e+00,1,1,1,0
qpsk,32,8,2.500000e-01,22844,lut,1273,bf_det_k8_l1_r1_c4_m4_w12g8_d64_s2_q2,16570,19211,bf_det_k8_l1_r1_c4_m4_w12g8_d32_s2_q2,15923,19211,1,1,4.063000e+00,1,0,0,0
qpsk,32,8,2.500000e-01,22844,ff,1274,bf_det_k8_l1_r1_c4_m3_w12g8_d32_s2_q2,10115,19595,bf_det_k8_l1_r1_c4_m3_w12g8_d32_s2_q2,10115,19595,1,1,0.000000e+00,1,1,1,0
qpsk,32,8,2.500000e-01,22844,bram,1275,bf_det_k8_l1_r8_c4_m4_w14g4_d32_s2_q2,15,15413,bf_det_k8_l1_r8_c4_m4_w14g4_d32_s2_q2,15,15413,1,1,0.000000e+00,1,1,1,0
qpsk,32,8,2.500000e-01,36340,dsp,1276,bf_det_k8_l1_r1_c4_m4_w10g8_d32_s2_q2,20,24327,bf_det_k8_l1_r1_c4_m4_w10g8_d32_s2_q2,20,24327,1,1,0.000000e+00,1,1,1,0
qpsk,32,8,2.500000e-01,36340,lut,1277,bf_det_k8_l1_r1_c4_m4_w12g4_d64_s2_q2,16275,23547,bf_det_k8_l1_r1_c4_m4_w14g0_d32_s2_q2,15580,33773,1,1,4.461000e+00,1,0,0,0
qpsk,32,8,2.500000e-01,36340,ff,1278,bf_det_k8_l1_r1_c4_m3_w10g8_d32_s2_q2,9800,24839,bf_det_k8_l1_r1_c4_m3_w10g8_d32_s2_q2,9800,24839,1,1,0.000000e+00,1,1,1,0
qpsk,32,8,2.500000e-01,36340,bram,1279,bf_det_k8_l1_r8_c4_m4_w14g4_d32_s2_q2,15,15413,bf_det_k8_l1_r8_c4_m4_w14g4_d32_s2_q2,15,15413,1,1,0.000000e+00,1,1,1,0
qpsk,32,8,5.000000e-01,1280,dsp,384,bf_det_k8_l16_r8_c16_m4_w10g4_d32_s2_q2,467,1208,bf_det_k8_l16_r8_c16_m4_w10g4_d32_s2_q2,467,1208,1,1,0.000000e+00,1,1,1,0
qpsk,32,8,5.000000e-01,1280,lut,385,bf_det_k8_l16_r8_c16_m4_w14g0_d64_s2_q2,98503,1220,bf_det_k8_l16_r8_c16_m4_w12g4_d32_s2_q2,95545,1268,1,1,3.096000e+00,1,0,0,0
qpsk,32,8,5.000000e-01,1280,ff,386,bf_det_k8_l16_r8_c16_m3_w10g4_d32_s2_q2,59733,1220,bf_det_k8_l16_r8_c16_m3_w10g4_d32_s2_q2,59733,1220,1,1,0.000000e+00,1,1,1,0
qpsk,32,8,5.000000e-01,1280,bram,387,bf_det_k8_l16_r8_c16_m4_w10g4_d32_s2_q2,49,1208,bf_det_k8_l16_r8_c16_m4_w10g4_d32_s2_q2,49,1208,1,1,0.000000e+00,1,1,1,0
qpsk,32,8,5.000000e-01,1928,dsp,388,bf_det_k8_l16_r4_c16_m4_w10g4_d32_s2_q2,275,1394,bf_det_k8_l16_r4_c16_m4_w10g4_d32_s2_q2,275,1394,1,1,0.000000e+00,1,1,1,0
qpsk,32,8,5.000000e-01,1928,lut,389,bf_det_k8_l16_r4_c16_m4_w12g4_d64_s2_q2,86720,1454,bf_det_k8_l16_r4_c16_m4_w12g4_d32_s2_q2,86107,1454,1,1,7.120000e-01,1,0,0,0
qpsk,32,8,5.000000e-01,1928,ff,390,bf_det_k8_l16_r4_c16_m3_w10g4_d32_s2_q2,50529,1418,bf_det_k8_l16_r4_c16_m3_w10g4_d32_s2_q2,50529,1418,1,1,0.000000e+00,1,1,1,0
qpsk,32,8,5.000000e-01,1928,bram,391,bf_det_k8_l16_r8_c16_m4_w10g4_d32_s2_q2,49,1208,bf_det_k8_l16_r8_c16_m4_w10g4_d32_s2_q2,49,1208,1,1,0.000000e+00,1,1,1,0
qpsk,32,8,5.000000e-01,2905,dsp,392,bf_det_k8_l16_r1_c16_m4_w10g4_d32_s2_q2,131,2462,bf_det_k8_l16_r1_c16_m4_w10g4_d32_s2_q2,131,2462,1,1,0.000000e+00,1,1,1,0
qpsk,32,8,5.000000e-01,2905,lut,393,bf_det_k8_l16_r1_c16_m4_w12g4_d64_s2_q2,79317,2522,bf_det_k8_l16_r1_c16_m4_w12g4_d32_s2_q2,78704,2522,1,1,7.790000e-01,1,0,0,0
qpsk,32,8,5.000000e-01,2905,ff,394,bf_det_k8_l16_r1_c16_m3_w10g4_d32_s2_q2,42878,2558,bf_det_k8_l16_r1_c16_m3_w10g4_d32_s2_q2,42878,2558,1,1,0.000000e+00,1,1,1,0
qpsk,32,8,5.000000e-01,2905,bram,395,bf_det_k8_l16_r8_c16_m4_w10g4_d32_s2_q2,49,1208,bf_det_k8_l16_r8_c16_m4_w10g4_d32_s2_q2,49,1208,1,1,0.000000e+00,1,1,1,0
qpsk,32,8,5.000000e-01,4375,dsp,396,bf_det_k8_l4_r8_c4_m4_w10g4_d32_s2_q2,119,4088,bf_det_k8_l4_r8_c4_m4_w10g4_d32_s2_q2,119,4088,1,1,0.000000e+00,1,1,1,0
qpsk,32,8,5.000000e-01,4375,lut,397,bf_det_k8_l4_r8_c4_m4_w12g4_d64_s2_q2,35303,4292,bf_det_k8_l4_r8_c4_m4_w14g0_d32_s2_q2,34558,4112,1,1,2.156000e+00,1,0,0,0
qpsk,32,8,5.000000e-01,4375,ff,398,bf_det_k8_l4_r8_c4_m3_w10g4_d32_s2_q2,19947,4136,bf_det_k8_l4_r8_c4_m3_w10g4_d32_s2_q2,19947,4136,1,1,0.000000e+00,1,1,1,0
qpsk,32,8,5.000000e-01,4375,bram,399,bf_det_k8_l4_r8_c4_m4_w10g4_d32_s2_q2,19,4088,bf_det_k8_l4_r8_c4_m4_w10g4_d32_s2_q2,19,4088,1,1,0.000000e+00,1,1,1,0
qpsk,32,8,5.000000e-01,6591,dsp,400,bf_det_k8_l4_r1_c4_m4_w10g4_d32_s2_q2,38,5366,bf_det_k8_l4_r1_c4_m3_w10g4_d32_s2_q2,38,5366,1,1,0.000000e+00,1,0,1,0
qpsk,32,8,5.000000e-01,6591,lut,401,bf_det_k8_l4_r1_c4_m4_w12g4_d64_s2_q2,31319,5570,bf_det_k8_l4_r1_c4_m3_w12g4_d32_s2_q2,30602,5573,1,1,2.343000e+00,1,0,0,0
qpsk,32,8,5.000000e-01,6591,ff,402,bf_det_k8_l4_r1_c4_m3_w10g4_d32_s2_q2,16542,5366,bf_det_k8_l4_r1_c4_m3_w10g4_d32_s2_q2,16542,5366,1,1,0.000000e+00,1,1,1,0
qpsk,32,8,5.000000e-01,6591,bram,403,bf_det_k8_l4_r8_c4_m4_w10g4_d32_s2_q2,19,4088,bf_det_k8_l4_r8_c4_m4_w10g4_d32_s2_q2,19,4088,1,1,0.000000e+00,1,1,1,0
qpsk,32,8,5.000000e-01,9929,dsp,404,bf_det_k8_l4_r1_c4_m4_w10g4_d32_s2_q2,38,5366,bf_det_k8_l4_r1_c4_m3_w10g4_d32_s2_q2,38,5366,1,1,0.000000e+00,1,0,1,0
qpsk,32,8,5.000000e-01,9929,lut,405,bf_det_k8_l4_r1_c4_m4_w12g4_d64_s2_q2,31319,5570,bf_det_k8_l4_r1_c4_m3_w12g4_d32_s2_q2,30602,5573,1,1,2.343000e+00,1,0,0,0
qpsk,32,8,5.000000e-01,9929,ff,406,bf_det_k8_l4_r1_c4_m3_w10g4_d32_s2_q2,16542,5366,bf_det_k8_l4_r1_c4_m3_w10g4_d32_s2_q2,16542,5366,1,1,0.000000e+00,1,1,1,0
qpsk,32,8,5.000000e-01,9929,bram,407,bf_det_k8_l4_r8_c4_m4_w10g4_d32_s2_q2,19,4088,bf_det_k8_l4_r8_c4_m4_w10g4_d32_s2_q2,19,4088,1,1,0.000000e+00,1,1,1,0
qpsk,32,8,5.000000e-01,14958,dsp,408,bf_det_k8_l4_r1_c4_m4_w10g4_d32_s2_q2,38,5366,bf_det_k8_l4_r1_c4_m3_w10g4_d32_s2_q2,38,5366,1,1,0.000000e+00,1,0,1,0
qpsk,32,8,5.000000e-01,14958,lut,409,bf_det_k8_l1_r4_c4_m4_w14g0_d64_s2_q2,18363,14534,bf_det_k8_l1_r4_c4_m4_w14g0_d32_s2_q2,17684,14534,1,1,3.840000e+00,1,0,0,0
qpsk,32,8,5.000000e-01,14958,ff,410,bf_det_k8_l1_r4_c4_m3_w10g4_d32_s2_q2,11500,14582,bf_det_k8_l1_r4_c4_m3_w10g4_d32_s2_q2,11500,14582,1,1,0.000000e+00,1,1,1,0
qpsk,32,8,5.000000e-01,14958,bram,411,bf_det_k8_l1_r8_c4_m4_w10g4_d32_s2_q2,15,14024,bf_det_k8_l1_r8_c4_m4_w10g4_d32_s2_q2,15,14024,1,1,0.000000e+00,1,1,1,0
qpsk,32,8,5.000000e-01,22535,dsp,412,bf_det_k8_l1_r1_c4_m4_w10g4_d32_s2_q2,20,17066,bf_det_k8_l1_r1_c4_m4_w10g4_d32_s2_q2,20,17066,1,1,0.000000e+00,1,1,1,0
qpsk,32,8,5.000000e-01,22535,lut,413,bf_det_k8_l1_r1_c4_m4_w12g4_d64_s2_q2,16275,17846,bf_det_k8_l1_r1_c4_m4_w14g0_d32_s2_q2,15580,17258,1,1,4.461000e+00,1,0,0,0
qpsk,32,8,5.000000e-01,22535,ff,414,bf_det_k8_l1_r1_c4_m3_w10g4_d32_s2_q2,9595,17450,bf_det_k8_l1_r1_c4_m3_w10g4_d32_s2_q2,9595,17450,1,1,0.000000e+00,1,1,1,0
qpsk,32,8,5.000000e-01,22535,bram,415,bf_det_k8_l1_r8_c4_m4_w10g4_d32_s2_q2,15,14024,bf_det_k8_l1_r8_c4_m4_w10g4_d32_s2_q2,15,14024,1,1,0.000000e+00,1,1,1,0
qpsk,32,8,1.000000e+00,1280,dsp,1280,bf_det_k8_l16_r8_c16_m4_w10g4_d32_s2_q2,467,1208,bf_det_k8_l16_r8_c16_m4_w10g4_d32_s2_q2,467,1208,1,1,0.000000e+00,1,1,1,0
qpsk,32,8,1.000000e+00,1280,lut,1281,bf_det_k8_l16_r8_c16_m4_w14g0_d64_s2_q2,98503,1220,bf_det_k8_l16_r8_c16_m4_w12g4_d32_s2_q2,95545,1268,1,1,3.096000e+00,1,0,0,0
qpsk,32,8,1.000000e+00,1280,ff,1282,bf_det_k8_l16_r8_c16_m3_w10g4_d32_s2_q2,59733,1220,bf_det_k8_l16_r8_c16_m3_w10g4_d32_s2_q2,59733,1220,1,1,0.000000e+00,1,1,1,0
qpsk,32,8,1.000000e+00,1280,bram,1283,bf_det_k8_l16_r8_c16_m4_w10g4_d32_s2_q2,49,1208,bf_det_k8_l16_r8_c16_m4_w10g4_d32_s2_q2,49,1208,1,1,0.000000e+00,1,1,1,0
qpsk,32,8,1.000000e+00,1938,dsp,1284,bf_det_k8_l16_r4_c16_m4_w10g4_d32_s2_q2,275,1394,bf_det_k8_l16_r4_c16_m4_w10g4_d32_s2_q2,275,1394,1,1,0.000000e+00,1,1,1,0
qpsk,32,8,1.000000e+00,1938,lut,1285,bf_det_k8_l16_r4_c16_m4_w12g0_d64_s2_q2,82058,1761,bf_det_k8_l16_r4_c16_m4_w12g0_d32_s2_q2,81445,1761,1,1,7.530000e-01,1,0,0,0
qpsk,32,8,1.000000e+00,1938,ff,1286,bf_det_k8_l16_r4_c16_m3_w10g4_d32_s2_q2,50529,1418,bf_det_k8_l16_r4_c16_m3_w10g4_d32_s2_q2,50529,1418,1,1,0.000000e+00,1,1,1,0
qpsk,32,8,1.000000e+00,1938,bram,1287,bf_det_k8_l16_r8_c16_m4_w10g4_d32_s2_q2,49,1208,bf_det_k8_l16_r8_c16_m4_w10g4_d32_s2_q2,49,1208,1,1,0.000000e+00,1,1,1,0
qpsk,32,8,1.000000e+00,2933,dsp,1288,bf_det_k8_l16_r1_c16_m4_w10g4_d32_s2_q2,131,2462,bf_det_k8_l16_r1_c16_m4_w10g4_d32_s2_q2,131,2462,1,1,0.000000e+00,1,1,1,0
qpsk,32,8,1.000000e+00,2933,lut,1289,bf_det_k8_l16_r1_c16_m4_w12g4_d64_s2_q2,79317,2522,bf_det_k8_l16_r1_c16_m4_w12g4_d32_s2_q2,78704,2522,1,1,7.790000e-01,1,0,0,0
qpsk,32,8,1.000000e+00,2933,ff,1290,bf_det_k8_l16_r1_c16_m3_w10g4_d32_s2_q2,42878,2558,bf_det_k8_l16_r1_c16_m3_w10g4_d32_s2_q2,42878,2558,1,1,0.000000e+00,1,1,1,0
qpsk,32,8,1.000000e+00,2933,bram,1291,bf_det_k8_l16_r8_c16_m4_w10g4_d32_s2_q2,49,1208,bf_det_k8_l16_r8_c16_m4_w10g4_d32_s2_q2,49,1208,1,1,0.000000e+00,1,1,1,0
qpsk,32,8,1.000000e+00,4441,dsp,1292,bf_det_k8_l4_r8_c4_m4_w10g4_d32_s2_q2,119,4088,bf_det_k8_l4_r8_c4_m4_w10g4_d32_s2_q2,119,4088,1,1,0.000000e+00,1,1,1,0
qpsk,32,8,1.000000e+00,4441,lut,1293,bf_det_k8_l4_r8_c4_m4_w12g4_d64_s2_q2,35303,4292,bf_det_k8_l4_r8_c4_m4_w14g0_d32_s2_q2,34558,4112,1,1,2.156000e+00,1,0,0,0
qpsk,32,8,1.000000e+00,4441,ff,1294,bf_det_k8_l4_r8_c4_m3_w10g4_d32_s2_q2,19947,4136,bf_det_k8_l4_r8_c4_m3_w10g4_d32_s2_q2,19947,4136,1,1,0.000000e+00,1,1,1,0
qpsk,32,8,1.000000e+00,4441,bram,1295,bf_det_k8_l4_r8_c4_m4_w10g4_d32_s2_q2,19,4088,bf_det_k8_l4_r8_c4_m4_w10g4_d32_s2_q2,19,4088,1,1,0.000000e+00,1,1,1,0
qpsk,32,8,1.000000e+00,6723,dsp,1296,bf_det_k8_l4_r1_c4_m4_w10g4_d32_s2_q2,38,5366,bf_det_k8_l4_r1_c4_m3_w10g4_d32_s2_q2,38,5366,1,1,0.000000e+00,1,0,1,0
qpsk,32,8,1.000000e+00,6723,lut,1297,bf_det_k8_l4_r1_c4_m4_w12g4_d64_s2_q2,31319,5570,bf_det_k8_l4_r1_c4_m3_w12g4_d32_s2_q2,30602,5573,1,1,2.343000e+00,1,0,0,0
qpsk,32,8,1.000000e+00,6723,ff,1298,bf_det_k8_l4_r1_c4_m3_w10g4_d32_s2_q2,16542,5366,bf_det_k8_l4_r1_c4_m3_w10g4_d32_s2_q2,16542,5366,1,1,0.000000e+00,1,1,1,0
qpsk,32,8,1.000000e+00,6723,bram,1299,bf_det_k8_l4_r8_c4_m4_w10g4_d32_s2_q2,19,4088,bf_det_k8_l4_r8_c4_m4_w10g4_d32_s2_q2,19,4088,1,1,0.000000e+00,1,1,1,0
qpsk,32,8,1.000000e+00,10178,dsp,1300,bf_det_k8_l4_r1_c4_m4_w10g4_d32_s2_q2,38,5366,bf_det_k8_l4_r1_c4_m3_w10g4_d32_s2_q2,38,5366,1,1,0.000000e+00,1,0,1,0
qpsk,32,8,1.000000e+00,10178,lut,1301,bf_det_k8_l4_r1_c4_m4_w12g0_d64_s2_q2,30041,6819,bf_det_k8_l4_r1_c4_m3_w12g0_d32_s2_q2,29324,6823,1,1,2.445000e+00,1,0,0,0
qpsk,32,8,1.000000e+00,10178,ff,1302,bf_det_k8_l4_r1_c4_m3_w10g4_d32_s2_q2,16542,5366,bf_det_k8_l4_r1_c4_m3_w10g4_d32_s2_q2,16542,5366,1,1,0.000000e+00,1,1,1,0
qpsk,32,8,1.000000e+00,10178,bram,1303,bf_det_k8_l4_r8_c4_m4_w10g4_d32_s2_q2,19,4088,bf_det_k8_l4_r8_c4_m4_w10g4_d32_s2_q2,19,4088,1,1,0.000000e+00,1,1,1,0
qpsk,32,8,1.000000e+00,15410,dsp,1304,bf_det_k8_l4_r1_c4_m4_w10g4_d32_s2_q2,38,5366,bf_det_k8_l4_r1_c4_m3_w10g4_d32_s2_q2,38,5366,1,1,0.000000e+00,1,0,1,0
qpsk,32,8,1.000000e+00,15410,lut,1305,bf_det_k8_l1_r4_c4_m4_w12g4_d64_s2_q2,18241,15266,bf_det_k8_l1_r4_c4_m4_w12g4_d32_s2_q2,17594,15266,1,1,3.677000e+00,1,0,0,0
qpsk,32,8,1.000000e+00,15410,ff,1306,bf_det_k8_l1_r4_c4_m3_w10g4_d32_s2_q2,11500,14582,bf_det_k8_l1_r4_c4_m3_w10g4_d32_s2_q2,11500,14582,1,1,0.000000e+00,1,1,1,0
qpsk,32,8,1.000000e+00,15410,bram,1307,bf_det_k8_l1_r8_c4_m4_w10g4_d32_s2_q2,15,14024,bf_det_k8_l1_r8_c4_m4_w10g4_d32_s2_q2,15,14024,1,1,0.000000e+00,1,1,1,0
qpsk,32,8,1.000000e+00,23329,dsp,1308,bf_det_k8_l1_r1_c4_m4_w10g4_d32_s2_q2,20,17066,bf_det_k8_l1_r1_c4_m4_w10g4_d32_s2_q2,20,17066,1,1,0.000000e+00,1,1,1,0
qpsk,32,8,1.000000e+00,23329,lut,1309,bf_det_k8_l1_r1_c4_m4_w12g0_d64_s2_q2,15841,21467,bf_det_k8_l1_r1_c4_m4_w12g0_d32_s2_q2,15194,21467,1,1,4.258000e+00,1,0,0,0
qpsk,32,8,1.000000e+00,23329,ff,1310,bf_det_k8_l1_r1_c4_m3_w10g4_d32_s2_q2,9595,17450,bf_det_k8_l1_r1_c4_m3_w10g4_d32_s2_q2,9595,17450,1,1,0.000000e+00,1,1,1,0
qpsk,32,8,1.000000e+00,23329,bram,1311,bf_det_k8_l1_r8_c4_m4_w10g4_d32_s2_q2,15,14024,bf_det_k8_l1_r8_c4_m4_w10g4_d32_s2_q2,15,14024,1,1,0.000000e+00,1,1,1,0
qpsk,32,16,2.500000e-01,3546,dsp,1312,bf_det_k16_l16_r16_c16_m3_w16g0_d32_s2_q2,963,3293,bf_det_k16_l16_r16_c16_m3_w16g0_d32_s2_q2,963,3293,1,1,0.000000e+00,1,1,1,0
qpsk,32,16,2.500000e-01,3546,lut,1313,bf_det_k16_l16_r16_c16_m4_w14g4_d64_s2_q2,128494,3397,bf_det_k16_l16_r16_c16_m4_w12g8_d32_s2_q2,122565,3493,1,1,4.837000e+00,1,0,0,0
qpsk,32,16,2.500000e-01,3546,ff,1314,bf_det_k16_l16_r16_c16_m3_w14g4_d32_s2_q2,105714,3409,bf_det_k16_l16_r16_c16_m3_w12g8_d32_s2_q2,96264,3517,1,1,9.817000e+00,1,0,0,0
qpsk,32,16,2.500000e-01,3546,bram,1315,bf_det_k16_l16_r16_c16_m4_w14g4_d32_s2_q2,69,3397,bf_det_k16_l16_r16_c16_m4_w12g8_d32_s2_q2,59,3493,1,1,1.694900e+01,0,0,0,0
qpsk,32,16,2.500000e-01,5585,dsp,1316,bf_det_k16_l16_r4_c16_m3_w16g0_d32_s2_q2,387,4823,bf_det_k16_l16_r4_c16_m3_w16g0_d32_s2_q2,387,4823,1,1,0.000000e+00,1,1,1,0
qpsk,32,16,2.500000e-01,5585,lut,1317,bf_det_k16_l16_r4_c16_m4_w12g8_d64_s2_q2,95155,4951,bf_det_k16_l16_r4_c16_m4_w12g8_d32_s2_q2,94543,4951,1,1,6.470000e-01,1,0,0,0
qpsk,32,16,2.500000e-01,5585,ff,1318,bf_det_k16_l16_r4_c16_m3_w12g8_d32_s2_q2,63421,5047,bf_det_k16_l16_r4_c16_m3_w12g8_d32_s2_q2,63421,5047,1,1,0.000000e+00,1,1,1,0
qpsk,32,16,2.500000e-01,5585,bram,1319,bf_det_k16_l16_r16_c16_m4_w12g8_d32_s2_q2,59,3493,bf_det_k16_l16_r16_c16_m4_w12g8_d32_s2_q2,59,3493,1,1,0.000000e+00,1,1,1,0
qpsk,32,16,2.500000e-01,8796,dsp,1320,bf_det_k16_l16_r4_c16_m3_w16g0_d32_s2_q2,387,4823,bf_det_k16_l16_r4_c16_m3_w16g0_d32_s2_q2,387,4823,1,1,0.000000e+00,1,1,1,0
qpsk,32,16,2.500000e-01,8796,lut,1321,bf_det_k16_l16_r4_c16_m4_w12g4_d64_s2_q2,92207,6293,bf_det_k16_l16_r4_c16_m4_w12g4_d32_s2_q2,91595,6293,1,1,6.680000e-01,1,0,0,0
qpsk,32,16,2.500000e-01,8796,ff,1322,bf_det_k16_l16_r4_c16_m3_w12g4_d32_s2_q2,60456,6421,bf_det_k16_l16_r4_c16_m3_w12g4_d32_s2_q2,60456,6421,1,1,0.000000e+00,1,1,1,0
qpsk,32,16,2.500000e-01,8796,bram,1323,bf_det_k16_l16_r16_c16_m4_w12g8_d32_s2_q2,59,3493,bf_det_k16_l16_r16_c16_m4_w12g8_d32_s2_q2,59,3493,1,1,0.000000e+00,1,1,1,0
qpsk,32,16,2.500000e-01,13854,dsp,1324,bf_det_k16_l16_r1_c16_m3_w16g0_d32_s2_q2,243,10481,bf_det_k16_l16_r1_c16_m3_w14g4_d32_s2_q2,243,10399,1,1,0.000000e+00,1,0,1,0
qpsk,32,16,2.500000e-01,13854,lut,1325,bf_det_k16_l4_r16_c4_m4_w12g8_d64_s2_q2,44355,12403,bf_det_k16_l4_r16_c4_m4_w12g8_d32_s2_q2,43743,12403,1,1,1.399000e+00,1,0,0,0
qpsk,32,16,2.500000e-01,13854,ff,1326,bf_det_k16_l4_r16_c4_m3_w12g8_d32_s2_q2,28684,12451,bf_det_k16_l4_r16_c4_m3_w12g8_d32_s2_q2,28684,12451,1,1,0.000000e+00,1,1,1,0
qpsk,32,16,2.500000e-01,13854,bram,1327,bf_det_k16_l4_r16_c4_m4_w12g8_d32_s2_q2,51,12403,bf_det_k16_l4_r16_c4_m4_w12g8_d32_s2_q2,51,12403,1,1,0.000000e+00,1,1,1,0
qpsk,32,16,2.500000e-01,21820,dsp,1328,bf_det_k16_l4_r4_c4_m3_w16g0_d32_s2_q2,99,15845,bf_det_k16_l4_r4_c4_m3_w16g0_d32_s2_q2,99,15845,1,1,0.000000e+00,1,1,1,0
qpsk,32,16,2.500000e-01,21820,lut,1329,bf_det_k16_l4_r4_c4_m4_w12g4_d64_s2_q2,36070,20903,bf_det_k16_l4_r4_c4_m4_w12g4_d32_s2_q2,35458,20903,1,1,1.726000e+00,1,0,0,0
qpsk,32,16,2.500000e-01,21820,ff,1330,bf_det_k16_l4_r4_c4_m3_w12g4_d32_s2_q2,19633,21159,bf_det_k16_l4_r4_c4_m3_w12g4_d32_s2_q2,19633,21159,1,1,0.000000e+00,1,1,1,0
qpsk,32,16,2.500000e-01,21820,bram,1331,bf_det_k16_l4_r16_c4_m4_w12g8_d32_s2_q2,51,12403,bf_det_k16_l4_r16_c4_m4_w12g8_d32_s2_q2,51,12403,1,1,0.000000e+00,1,1,1,0
qpsk,32,16,2.500000e-01,34366,dsp,1332,bf_det_k16_l4_r1_c4_m3_w16g0_d32_s2_q2,66,23315,bf_det_k16_l4_r1_c4_m3_w16g0_d32_s2_q2,66,23315,1,1,0.000000e+00,1,1,1,0
qpsk,32,16,2.500000e-01,34366,lut,1333,bf_det_k16_l4_r1_c4_m4_w12g4_d64_s2_q2,34636,31103,bf_det_k16_l4_r1_c4_m4_w12g4_d32_s2_q2,34024,31103,1,1,1.799000e+00,1,0,0,0
qpsk,32,16,2.500000e-01,34366,ff,1334,bf_det_k16_l4_r1_c4_m3_w12g4_d32_s2_q2,18140,31119,bf_det_k16_l4_r1_c4_m3_w12g4_d32_s2_q2,18140,31119,1,1,0.000000e+00,1,1,1,0
qpsk,32,16,2.500000e-01,34366,bram,1335,bf_det_k16_l4_r16_c4_m4_w12g8_d32_s2_q2,51,12403,bf_det_k16_l4_r16_c4_m4_w12g8_d32_s2_q2,51,12403,1,1,0.000000e+00,1,1,1,0
qpsk,32,16,2.500000e-01,54126,dsp,1336,bf_det_k16_l4_r1_c4_m3_w16g0_d32_s2_q2,66,23315,bf_det_k16_l1_r4_c4_m3_w16g0_d32_s2_q2,63,43445,1,1,4.762000e+00,1,0,0,0
qpsk,32,16,2.500000e-01,54126,lut,1337,bf_det_k16_l1_r4_c4_m4_w12g8_d64_s2_q2,19989,46399,bf_det_k16_l1_r4_c4_m4_w16g0_d32_s2_q2,19324,43253,1,1,3.441000e+00,1,0,0,0
qpsk,32,16,2.500000e-01,54126,ff,1338,bf_det_k16_l1_r4_c4_m3_w12g8_d32_s2_q2,12570,46591,bf_det_k16_l1_r4_c4_m3_w12g8_d32_s2_q2,12570,46591,1,1,0.000000e+00,1,1,1,0
qpsk,32,16,2.500000e-01,54126,bram,1339,bf_det_k16_l1_r16_c4_m4_w16g0_d32_s2_q2,27,39041,bf_det_k16_l1_r16_c4_m4_w16g0_d32_s2_q2,27,39041,1,1,0.000000e+00,1,1,1,0
qpsk,32,16,2.500000e-01,85247,dsp,1340,bf_det_k16_l1_r1_c4_m3_w16g0_d32_s2_q2,27,60101,bf_det_k16_l1_r1_c4_m3_w16g0_d32_s2_q2,27,60101,1,1,0.000000e+00,1,1,1,0
qpsk,32,16,2.500000e-01,85247,lut,1341,bf_det_k16_l1_r1_c4_m4_w12g4_d64_s2_q2,17601,79247,bf_det_k16_l1_r1_c4_m4_w12g4_d32_s2_q2,16955,79247,1,1,3.810000e+00,1,0,0,0
qpsk,32,16,2.500000e-01,85247,ff,1342,bf_det_k16_l1_r1_c4_m3_w12g4_d32_s2_q2,10089,80271,bf_det_k16_l1_r1_c4_m3_w12g4_d32_s2_q2,10089,80271,1,1,0.000000e+00,1,1,1,0
qpsk,32,16,2.500000e-01,85247,bram,1343,bf_det_k16_l1_r16_c4_m4_w16g0_d32_s2_q2,27,39041,bf_det_k16_l1_r16_c4_m4_w16g0_d32_s2_q2,27,39041,1,1,0.000000e+00,1,1,1,0
qpsk,32,16,5.000000e-01,3526,dsp,1344,bf_det_k16_l16_r16_c16_m4_w10g8_d32_s2_q2,851,3373,bf_det_k16_l16_r16_c16_m4_w10g8_d32_s2_q2,851,3373,1,1,0.000000e+00,1,1,1,0
qpsk,32,16,5.000000e-01,3526,lut,1345,bf_det_k16_l16_r16_c16_m4_w12g4_d64_s2_q2,120229,3283,bf_det_k16_l16_r16_c16_m4_w12g4_d32_s2_q2,119617,3283,1,1,5.120000e-01,1,0,0,0
qpsk,32,16,5.000000e-01,3526,ff,1346,bf_det_k16_l16_r16_c16_m3_w10g8_d32_s2_q2,84412,3397,bf_det_k16_l16_r16_c16_m3_w10g8_d32_s2_q2,84412,3397,1,1,0.000000e+00,1,1,1,0
qpsk,32,16,5.000000e-01,3526,bram,1347,bf_det_k16_l16_r16_c16_m4_w10g8_d32_s2_q2,49,3373,bf_det_k16_l16_r16_c16_m4_w10g8_d32_s2_q2,49,3373,1,1,0.000000e+00,1,1,1,0
qpsk,32,16,5.000000e-01,5412,dsp,1348,bf_det_k16_l16_r4_c16_m4_w10g8_d32_s2_q2,275,4831,bf_det_k16_l16_r4_c16_m4_w10g8_d32_s2_q2,275,4831,1,1,0.000000e+00,1,1,1,0
qpsk,32,16,5.000000e-01,5412,lut,1349,bf_det_k16_l16_r4_c16_m4_w12g4_d64_s2_q2,92207,4741,bf_det_k16_l16_r4_c16_m4_w12g4_d32_s2_q2,91595,4741,1,1,6.680000e-01,1,0,0,0
qpsk,32,16,5.000000e-01,5412,ff,1350,bf_det_k16_l16_r4_c16_m3_w10g8_d32_s2_q2,56569,4927,bf_det_k16_l16_r4_c16_m3_w10g8_d32_s2_q2,56569,4927,1,1,0.000000e+00,1,1,1,0
qpsk,32,16,5.000000e-01,5412,bram,1351,bf_det_k16_l16_r16_c16_m4_w10g8_d32_s2_q2,49,3373,bf_det_k16_l16_r16_c16_m4_w10g8_d32_s2_q2,49,3373,1,1,0.000000e+00,1,1,1,0
qpsk,32,16,5.000000e-01,8307,dsp,1352,bf_det_k16_l16_r4_c16_m4_w10g8_d32_s2_q2,275,4831,bf_det_k16_l16_r4_c16_m4_w10g8_d32_s2_q2,275,4831,1,1,0.000000e+00,1,1,1,0
qpsk,32,16,5.000000e-01,8307,lut,1353,bf_det_k16_l16_r4_c16_m4_w12g4_d64_s2_q2,92207,4741,bf_det_k16_l16_r4_c16_m4_w12g4_d32_s2_q2,91595,4741,1,1,6.680000e-01,1,0,0,0
qpsk,32,16,5.000000e-01,8307,ff,1354,bf_det_k16_l16_r4_c16_m3_w10g8_d32_s2_q2,56569,4927,bf_det_k16_l16_r4_c16_m3_w10g8_d32_s2_q2,56569,4927,1,1,0.000000e+00,1,1,1,0
qpsk,32,16,5.000000e-01,8307,bram,1355,bf_det_k16_l16_r16_c16_m4_w10g8_d32_s2_q2,49,3373,bf_det_k16_l16_r16_c16_m4_w10g8_d32_s2_q2,49,3373,1,1,0.000000e+00,1,1,1,0
qpsk,32,16,5.000000e-01,12749,dsp,1356,bf_det_k16_l16_r1_c16_m4_w10g8_d32_s2_q2,131,10201,bf_det_k16_l16_r1_c16_m4_w10g8_d32_s2_q2,131,10201,1,1,0.000000e+00,1,1,1,0
qpsk,32,16,5.000000e-01,12749,lut,1357,bf_det_k16_l4_r16_c4_m4_w12g4_d64_s2_q2,43527,11689,bf_det_k16_l4_r16_c4_m4_w12g4_d32_s2_q2,42915,11689,1,1,1.426000e+00,1,0,0,0
qpsk,32,16,5.000000e-01,12749,ff,1358,bf_det_k16_l4_r16_c4_m3_w10g8_d32_s2_q2,25798,12043,bf_det_k16_l4_r16_c4_m3_w10g8_d32_s2_q2,25798,12043,1,1,0.000000e+00,1,1,1,0
qpsk,32,16,5.000000e-01,12749,bram,1359,bf_det_k16_l16_r16_c16_m4_w10g8_d32_s2_q2,49,3373,bf_det_k16_l16_r16_c16_m4_w10g8_d32_s2_q2,49,3373,1,1,0.000000e+00,1,1,1,0
qpsk,32,16,5.000000e-01,19568,dsp,1360,bf_det_k16_l4_r4_c4_m4_w10g8_d32_s2_q2,71,16063,bf_det_k16_l4_r4_c4_m4_w10g8_d32_s2_q2,71,16063,1,1,0.000000e+00,1,1,1,0
qpsk,32,16,5.000000e-01,19568,lut,1361,bf_det_k16_l4_r4_c4_m4_w12g4_d64_s2_q2,36070,15757,bf_det_k16_l4_r4_c4_m4_w12g4_d32_s2_q2,35458,15757,1,1,1.726000e+00,1,0,0,0
qpsk,32,16,5.000000e-01,19568,ff,1362,bf_det_k16_l4_r4_c4_m3_w10g8_d32_s2_q2,18762,16255,bf_det_k16_l4_r4_c4_m3_w10g8_d32_s2_q2,18762,16255,1,1,0.000000e+00,1,1,1,0
qpsk,32,16,5.000000e-01,19568,bram,1363,bf_det_k16_l16_r16_c16_m4_w10g8_d32_s2_q2,49,3373,bf_det_k16_l16_r16_c16_m4_w10g8_d32_s2_q2,49,3373,1,1,0.000000e+00,1,1,1,0
qpsk,32,16,5.000000e-01,30033,dsp,1364,bf_det_k16_l4_r1_c4_m4_w10g8_d32_s2_q2,38,23719,bf_det_k16_l4_r1_c4_m3_w10g8_d32_s2_q2,38,23719,1,1,0.000000e+00,1,0,1,0
qpsk,32,16,5.000000e-01,30033,lut,1365,bf_det_k16_l4_r1_c4_m4_w12g4_d64_s2_q2,34636,23407,bf_det_k16_l4_r1_c4_m4_w12g4_d32_s2_q2,34024,23407,1,1,1.799000e+00,1,0,0,0
qpsk,32,16,5.000000e-01,30033,ff,1366,bf_det_k16_l4_r1_c4_m3_w10g8_d32_s2_q2,17643,23719,bf_det_k16_l4_r1_c4_m3_w10g8_d32_s2_q2,17643,23719,1,1,0.000000e+00,1,1,1,0
qpsk,32,16,5.000000e-01,30033,bram,1367,bf_det_k16_l16_r16_c16_m4_w10g8_d32_s2_q2,49,3373,bf_det_k16_l16_r16_c16_m4_w10g8_d32_s2_q2,49,3373,1,1,0.000000e+00,1,1,1,0
qpsk,32,16,5.000000e-01,46096,dsp,1368,bf_det_k16_l4_r1_c4_m4_w10g8_d32_s2_q2,38,23719,bf_det_k16_l4_r1_c4_m3_w10g8_d32_s2_q2,38,23719,1,1,0.000000e+00,1,0,1,0
qpsk,32,16,5.000000e-01,46096,lut,1369,bf_det_k16_l1_r4_c4_m4_w12g4_d64_s2_q2,19694,43669,bf_det_k16_l1_r4_c4_m4_w12g4_d32_s2_q2,19048,43669,1,1,3.391000e+00,1,0,0,0
qpsk,32,16,5.000000e-01,46096,ff,1370,bf_det_k16_l1_r4_c4_m3_w10g8_d32_s2_q2,11917,45031,bf_det_k16_l1_r4_c4_m3_w10g8_d32_s2_q2,11917,45031,1,1,0.000000e+00,1,1,1,0
qpsk,32,16,5.000000e-01,46096,bram,1371,bf_det_k16_l1_r16_c4_m4_w12g4_d32_s2_q2,27,39457,bf_det_k16_l1_r16_c4_m4_w16g0_d32_s2_q2,27,39041,1,1,0.000000e+00,1,0,1,0
qpsk,32,16,5.000000e-01,70749,dsp,1372,bf_det_k16_l1_r1_c4_m4_w10g8_d32_s2_q2,20,60919,bf_det_k16_l1_r1_c4_m4_w10g8_d32_s2_q2,20,60919,1,1,0.000000e+00,1,1,1,0
qpsk,32,16,5.000000e-01,70749,lut,1373,bf_det_k16_l1_r1_c4_m4_w12g4_d64_s2_q2,17601,59749,bf_det_k16_l1_r1_c4_m4_w12g4_d32_s2_q2,16955,59749,1,1,3.810000e+00,1,0,0,0
qpsk,32,16,5.000000e-01,70749,ff,1374,bf_det_k16_l1_r1_c4_m3_w10g8_d32_s2_q2,9967,61687,bf_det_k16_l1_r1_c4_m3_w10g8_d32_s2_q2,9967,61687,1,1,0.000000e+00,1,1,1,0
qpsk,32,16,5.000000e-01,70749,bram,1375,bf_det_k16_l1_r16_c4_m4_w12g4_d32_s2_q2,27,39457,bf_det_k16_l1_r16_c4_m4_w16g0_d32_s2_q2,27,39041,1,1,0.000000e+00,1,0,1,0
qpsk,32,16,1.000000e+00,3397,dsp,1376,bf_det_k16_l16_r16_c16_m4_w10g4_d32_s2_q2,851,3163,bf_det_k16_l16_r16_c16_m4_w10g4_d32_s2_q2,851,3163,1,1,0.000000e+00,1,1,1,0
qpsk,32,16,1.000000e+00,3397,lut,1377,bf_det_k16_l16_r16_c16_m4_w12g4_d64_s2_q2,120229,3283,bf_det_k16_l16_r16_c16_m4_w12g4_d32_s2_q2,119617,3283,1,1,5.120000e-01,1,0,0,0
qpsk,32,16,1.000000e+00,3397,ff,1378,bf_det_k16_l16_r16_c16_m3_w10g4_d32_s2_q2,81447,3187,bf_det_k16_l16_r16_c16_m3_w10g4_d32_s2_q2,81447,3187,1,1,0.000000e+00,1,1,1,0
qpsk,32,16,1.000000e+00,3397,bram,1379,bf_det_k16_l16_r16_c16_m4_w10g4_d32_s2_q2,49,3163,bf_det_k16_l16_r16_c16_m4_w10g4_d32_s2_q2,49,3163,1,1,0.000000e+00,1,1,1,0
qpsk,32,16,1.000000e+00,5241,dsp,1380,bf_det_k16_l16_r4_c16_m4_w10g4_d32_s2_q2,275,4621,bf_det_k16_l16_r4_c16_m4_w10g4_d32_s2_q2,275,4621,1,1,0.000000e+00,1,1,1,0
qpsk,32,16,1.000000e+00,5241,lut,1381,bf_det_k16_l16_r4_c16_m4_w12g4_d64_s2_q2,92207,4741,bf_det_k16_l16_r4_c16_m4_w12g4_d32_s2_q2,91595,4741,1,1,6.680000e-01,1,0,0,0
qpsk,32,16,1.000000e+00,5241,ff,1382,bf_det_k16_l16_r4_c16_m3_w10g4_d32_s2_q2,53604,4717,bf_det_k16_l16_r4_c16_m3_w10g4_d32_s2_q2,53604,4717,1,1,0.000000e+00,1,1,1,0
qpsk,32,16,1.000000e+00,5241,bram,1383,bf_det_k16_l16_r16_c16_m4_w10g4_d32_s2_q2,49,3163,bf_det_k16_l16_r16_c16_m4_w10g4_d32_s2_q2,49,3163,1,1,0.000000e+00,1,1,1,0
qpsk,32,16,1.000000e+00,8087,dsp,1384,bf_det_k16_l16_r4_c16_m4_w10g4_d32_s2_q2,275,4621,bf_det_k16_l16_r4_c16_m4_w10g4_d32_s2_q2,275,4621,1,1,0.000000e+00,1,1,1,0
qpsk,32,16,1.000000e+00,8087,lut,1385,bf_det_k16_l16_r4_c16_m4_w12g4_d64_s2_q2,92207,4741,bf_det_k16_l16_r4_c16_m4_w12g4_d32_s2_q2,91595,4741,1,1,6.680000e-01,1,0,0,0
qpsk,32,16,1.000000e+00,8087,ff,1386,bf_det_k16_l16_r4_c16_m3_w10g4_d32_s2_q2,53604,4717,bf_det_k16_l16_r4_c16_m3_w10g4_d32_s2_q2,53604,4717,1,1,0.000000e+00,1,1,1,0
qpsk,32,16,1.000000e+00,8087,bram,1387,bf_det_k16_l16_r16_c16_m4_w10g4_d32_s2_q2,49,3163,bf_det_k16_l16_r16_c16_m4_w10g4_d32_s2_q2,49,3163,1,1,0.000000e+00,1,1,1,0
qpsk,32,16,1.000000e+00,12479,dsp,1388,bf_det_k16_l16_r1_c16_m4_w10g4_d32_s2_q2,131,9991,bf_det_k16_l16_r1_c16_m4_w10g4_d32_s2_q2,131,9991,1,1,0.000000e+00,1,1,1,0
qpsk,32,16,1.000000e+00,12479,lut,1389,bf_det_k16_l4_r16_c4_m4_w12g4_d64_s2_q2,43527,11689,bf_det_k16_l4_r16_c4_m4_w12g4_d32_s2_q2,42915,11689,1,1,1.426000e+00,1,0,0,0
qpsk,32,16,1.000000e+00,12479,ff,1390,bf_det_k16_l4_r16_c4_m3_w10g4_d32_s2_q2,25041,11329,bf_det_k16_l4_r16_c4_m3_w10g4_d32_s2_q2,25041,11329,1,1,0.000000e+00,1,1,1,0
qpsk,32,16,1.000000e+00,12479,bram,1391,bf_det_k16_l16_r16_c16_m4_w10g4_d32_s2_q2,49,3163,bf_det_k16_l16_r16_c16_m4_w10g4_d32_s2_q2,49,3163,1,1,0.000000e+00,1,1,1,0
qpsk,32,16,1.000000e+00,19256,dsp,1392,bf_det_k16_l4_r4_c4_m4_w10g4_d32_s2_q2,71,15349,bf_det_k16_l4_r4_c4_m4_w10g4_d32_s2_q2,71,15349,1,1,0.000000e+00,1,1,1,0
qpsk,32,16,1.000000e+00,19256,lut,1393,bf_det_k16_l4_r4_c4_m4_w12g4_d64_s2_q2,36070,15757,bf_det_k16_l4_r4_c4_m4_w12g4_d32_s2_q2,35458,15757,1,1,1.726000e+00,1,0,0,0
qpsk,32,16,1.000000e+00,19256,ff,1394,bf_det_k16_l4_r4_c4_m3_w10g4_d32_s2_q2,18005,15541,bf_det_k16_l4_r4_c4_m3_w10g4_d32_s2_q2,18005,15541,1,1,0.000000e+00,1,1,1,0
qpsk,32,16,1.000000e+00,19256,bram,1395,bf_det_k16_l16_r16_c16_m4_w10g4_d32_s2_q2,49,3163,bf_det_k16_l16_r16_c16_m4_w10g4_d32_s2_q2,49,3163,1,1,0.000000e+00,1,1,1,0
qpsk,32,16,1.000000e+00,29713,dsp,1396,bf_det_k16_l4_r1_c4_m4_w10g4_d32_s2_q2,38,23005,bf_det_k16_l4_r1_c4_m3_w10g4_d32_s2_q2,38,23005,1,1,0.000000e+00,1,0,1,0
qpsk,32,16,1.000000e+00,29713,lut,1397,bf_det_k16_l4_r1_c4_m4_w12g4_d64_s2_q2,34636,23407,bf_det_k16_l4_r1_c4_m4_w14g0_d32_s2_q2,34020,22999,1,1,1.811000e+00,1,0,0,0
qpsk,32,16,1.000000e+00,29713,ff,1398,bf_det_k16_l4_r1_c4_m3_w10g4_d32_s2_q2,16886,23005,bf_det_k16_l4_r1_c4_m3_w10g4_d32_s2_q2,16886,23005,1,1,0.000000e+00,1,1,1,0
qpsk,32,16,1.000000e+00,29713,bram,1399,bf_det_k16_l16_r16_c16_m4_w10g4_d32_s2_q2,49,3163,bf_det_k16_l16_r16_c16_m4_w10g4_d32_s2_q2,49,3163,1,1,0.000000e+00,1,1,1,0
qpsk,32,16,1.000000e+00,45850,dsp,1400,bf_det_k16_l4_r1_c4_m4_w10g4_d32_s2_q2,38,23005,bf_det_k16_l4_r1_c4_m3_w10g4_d32_s2_q2,38,23005,1,1,0.000000e+00,1,0,1,0
qpsk,32,16,1.000000e+00,45850,lut,1401,bf_det_k16_l1_r4_c4_m4_w12g4_d64_s2_q2,19694,43669,bf_det_k16_l1_r4_c4_m4_w12g4_d32_s2_q2,19048,43669,1,1,3.391000e+00,1,0,0,0
qpsk,32,16,1.000000e+00,45850,ff,1402,bf_det_k16_l1_r4_c4_m3_w10g4_d32_s2_q2,11712,42301,bf_det_k16_l1_r4_c4_m3_w10g4_d32_s2_q2,11712,42301,1,1,0.000000e+00,1,1,1,0
qpsk,32,16,1.000000e+00,45850,bram,1403,bf_det_k16_l1_r16_c4_m4_w10g4_d32_s2_q2,27,37897,bf_det_k16_l1_r16_c4_m4_w10g4_d32_s2_q2,27,37897,1,1,0.000000e+00,1,1,1,0
qpsk,32,16,1.000000e+00,70749,dsp,1404,bf_det_k16_l1_r1_c4_m4_w10g4_d32_s2_q2,20,58189,bf_det_k16_l1_r1_c4_m4_w10g4_d32_s2_q2,20,58189,1,1,0.000000e+00,1,1,1,0
qpsk,32,16,1.000000e+00,70749,lut,1405,bf_det_k16_l1_r1_c4_m4_w12g4_d64_s2_q2,17601,59749,bf_det_k16_l1_r1_c4_m4_w14g0_d32_s2_q2,16891,58189,1,1,4.203000e+00,1,0,0,0
qpsk,32,16,1.000000e+00,70749,ff,1406,bf_det_k16_l1_r1_c4_m3_w10g4_d32_s2_q2,9762,58957,bf_det_k16_l1_r1_c4_m3_w10g4_d32_s2_q2,9762,58957,1,1,0.000000e+00,1,1,1,0
qpsk,32,16,1.000000e+00,70749,bram,1407,bf_det_k16_l1_r16_c4_m4_w10g4_d32_s2_q2,27,37897,bf_det_k16_l1_r16_c4_m4_w10g4_d32_s2_q2,27,37897,1,1,0.000000e+00,1,1,1,0
qpsk,64,4,2.500000e-01,710,dsp,288,bf_det_k4_l16_r4_c16_m4_w10g4_d32_s2_q2,275,679,bf_det_k4_l16_r4_c16_m4_w10g4_d32_s2_q2,275,679,1,1,0.000000e+00,1,1,1,0
qpsk,64,4,2.500000e-01,710,lut,289,bf_det_k4_l16_r4_c16_m4_w14g0_d64_s2_q2,84673,687,bf_det_k4_l16_r4_c16_m4_w14g0_d32_s2_q2,84021,687,1,1,7.760000e-01,1,0,0,0
qpsk,64,4,2.500000e-01,710,ff,290,bf_det_k4_l16_r4_c16_m3_w10g4_d32_s2_q2,49221,687,bf_det_k4_l16_r4_c16_m3_w10g4_d32_s2_q2,49221,687,1,1,0.000000e+00,1,1,1,0
qpsk,64,4,2.500000e-01,710,bram,291,bf_det_k4_l16_r4_c16_m4_w10g4_d32_s2_q2,40,679,bf_det_k4_l16_r4_c16_m4_w10g4_d32_s2_q2,40,679,1,1,0.000000e+00,1,1,1,0
qpsk,64,4,2.500000e-01,1057,dsp,292,bf_det_k4_l16_r1_c16_m4_w10g4_d32_s2_q2,131,987,bf_det_k4_l16_r1_c16_m4_w10g4_d32_s2_q2,131,987,1,1,0.000000e+00,1,1,1,0
qpsk,64,4,2.500000e-01,1057,lut,293,bf_det_k4_l16_r1_c16_m4_w14g0_d64_s2_q2,77049,989,bf_det_k4_l16_r1_c16_m4_w12g4_d32_s2_q2,75493,1027,1,1,2.061000e+00,1,0,0,0
qpsk,64,4,2.500000e-01,1057,ff,294,bf_det_k4_l16_r1_c16_m4_w10g4_d32_s2_q2,41862,987,bf_det_k4_l16_r1_c16_m3_w10g4_d32_s2_q2,41722,1019,1,1,3.360000e-01,1,0,0,0
qpsk,64,4,2.500000e-01,1057,bram,295,bf_det_k4_l16_r4_c16_m4_w10g4_d32_s2_q2,40,679,bf_det_k4_l16_r4_c16_m4_w10g4_d32_s2_q2,40,679,1,1,0.000000e+00,1,1,1,0
qpsk,64,4,2.500000e-01,1573,dsp,296,bf_det_k4_l16_r1_c16_m4_w10g4_d32_s2_q2,131,987,bf_det_k4_l16_r1_c16_m4_w10g4_d32_s2_q2,131,987,1,1,0.000000e+00,1,1,1,0
qpsk,64,4,2.500000e-01,1573,lut,297,bf_det_k4_l16_r1_c16_m4_w12g4_d64_s2_q2,76113,1027,bf_det_k4_l16_r1_c16_m4_w12g4_d32_s2_q2,75493,1027,1,1,8.210000e-01,1,0,0,0
qpsk,64,4,2.500000e-01,1573,ff,298,bf_det_k4_l16_r1_c16_m3_w10g4_d32_s2_q2,41722,1019,bf_det_k4_l16_r1_c16_m3_w10g4_d32_s2_q2,41722,1019,1,1,0.000000e+00,1,1,1,0
qpsk,64,4,2.500000e-01,1573,bram,299,bf_det_k4_l16_r4_c16_m4_w10g4_d32_s2_q2,40,679,bf_det_k4_l16_r4_c16_m4_w10g4_d32_s2_q2,40,679,1,1,0.000000e+00,1,1,1,0
qpsk,64,4,2.500000e-01,2341,dsp,300,bf_det_k4_l4_r1_c4_m4_w10g4_d32_s2_q2,38,2295,bf_det_k4_l4_r1_c4_m4_w10g4_d32_s2_q2,38,2295,1,1,0.000000e+00,1,1,1,0
qpsk,64,4,2.500000e-01,2341,lut,301,bf_det_k4_l4_r1_c4_m4_w14g0_d64_s2_q2,28258,2311,bf_det_k4_l4_r1_c4_m4_w14g0_d32_s2_q2,27606,2311,1,1,2.362000e+00,1,0,0,0
qpsk,64,4,2.500000e-01,2341,ff,302,bf_det_k4_l4_r1_c4_m4_w10g4_d32_s2_q2,16016,2295,bf_det_k4_l4_r1_c4_m4_w10g4_d32_s2_q2,16016,2295,1,1,0.000000e+00,1,1,1,0
qpsk,64,4,2.500000e-01,2341,bram,303,bf_det_k4_l4_r4_c4_m4_w10g4_d32_s2_q2,16,2197,bf_det_k4_l4_r4_c4_m4_w10g4_d32_s2_q2,16,2197,1,1,0.000000e+00,1,1,1,0
qpsk,64,4,2.500000e-01,3485,dsp,304,bf_det_k4_l4_r1_c4_m4_w10g4_d32_s2_q2,38,2295,bf_det_k4_l4_r1_c4_m4_w10g4_d32_s2_q2,38,2295,1,1,0.000000e+00,1,1,1,0
qpsk,64,4,2.500000e-01,3485,lut,305,bf_det_k4_l4_r1_c4_m4_w12g4_d64_s2_q2,28088,2431,bf_det_k4_l4_r1_c4_m4_w12g4_d32_s2_q2,27468,2431,1,1,2.257000e+00,1,0,0,0
qpsk,64,4,2.500000e-01,3485,ff,306,bf_det_k4_l4_r1_c4_m3_w10g4_d32_s2_q2,16046,2297,bf_det_k4_l4_r1_c4_m4_w10g4_d32_s2_q2,16016,2295,1,1,1.870000e-01,1,0,0,0
qpsk,64,4,2.500000e-01,3485,bram,307,bf_det_k4_l4_r4_c4_m4_w10g4_d32_s2_q2,16,2197,bf_det_k4_l4_r4_c4_m4_w10g4_d32_s2_q2,16,2197,1,1,0.000000e+00,1,1,1,0
qpsk,64,4,2.500000e-01,5188,dsp,308,bf_det_k4_l4_r1_c4_m4_w10g4_d32_s2_q2,38,2295,bf_det_k4_l4_r1_c4_m4_w10g4_d32_s2_q2,38,2295,1,1,0.000000e+00,1,1,1,0
qpsk,64,4,2.500000e-01,5188,lut,309,bf_det_k4_l4_r1_c4_m4_w12g4_d64_s2_q2,28088,2431,bf_det_k4_l4_r1_c4_m4_w12g4_d32_s2_q2,27468,2431,1,1,2.257000e+00,1,0,0,0
qpsk,64,4,2.500000e-01,5188,ff,310,bf_det_k4_l4_r1_c4_m3_w10g4_d32_s2_q2,16046,2297,bf_det_k4_l4_r1_c4_m4_w10g4_d32_s2_q2,16016,2295,1,1,1.870000e-01,1,0,0,0
qpsk,64,4,2.500000e-01,5188,bram,311,bf_det_k4_l4_r4_c4_m4_w10g4_d32_s2_q2,16,2197,bf_det_k4_l4_r4_c4_m4_w10g4_d32_s2_q2,16,2197,1,1,0.000000e+00,1,1,1,0
qpsk,64,4,2.500000e-01,7723,dsp,312,bf_det_k4_l4_r1_c4_m4_w10g4_d32_s2_q2,38,2295,bf_det_k4_l4_r1_c4_m4_w10g4_d32_s2_q2,38,2295,1,1,0.000000e+00,1,1,1,0
qpsk,64,4,2.500000e-01,7723,lut,313,bf_det_k4_l1_r4_c4_m4_w14g0_d64_s2_q2,17453,7693,bf_det_k4_l1_r4_c4_m4_w14g0_d32_s2_q2,16767,7693,1,1,4.091000e+00,1,0,0,0
qpsk,64,4,2.500000e-01,7723,ff,314,bf_det_k4_l1_r4_c4_m3_w10g4_d32_s2_q2,11362,7709,bf_det_k4_l1_r4_c4_m3_w10g4_d32_s2_q2,11362,7709,1,1,0.000000e+00,1,1,1,0
qpsk,64,4,2.500000e-01,7723,bram,315,bf_det_k4_l1_r4_c4_m4_w10g4_d32_s2_q2,14,7677,bf_det_k4_l1_r4_c4_m4_w10g4_d32_s2_q2,14,7677,1,1,0.000000e+00,1,1,1,0
qpsk,64,4,2.500000e-01,11497,dsp,316,bf_det_k4_l1_r1_c4_m4_w10g4_d32_s2_q2,20,8345,bf_det_k4_l1_r1_c4_m4_w10g4_d32_s2_q2,20,8345,1,1,0.000000e+00,1,1,1,0
qpsk,64,4,2.500000e-01,11497,lut,317,bf_det_k4_l1_r1_c4_m4_w12g4_d64_s2_q2,15481,8865,bf_det_k4_l1_r1_c4_m4_w14g0_d32_s2_q2,14774,8409,1,1,4.785000e+00,1,0,0,0
qpsk,64,4,2.500000e-01,11497,ff,318,bf_det_k4_l1_r1_c4_m3_w10g4_d32_s2_q2,9486,8473,bf_det_k4_l1_r1_c4_m3_w10g4_d32_s2_q2,9486,8473,1,1,0.000000e+00,1,1,1,0
qpsk,64,4,2.500000e-01,11497,bram,319,bf_det_k4_l1_r4_c4_m4_w10g4_d32_s2_q2,14,7677,bf_det_k4_l1_r4_c4_m4_w10g4_d32_s2_q2,14,7677,1,1,0.000000e+00,1,1,1,0
qpsk,64,4,5.000000e-01,710,dsp,1408,bf_det_k4_l16_r4_c16_m4_w10g4_d32_s2_q2,275,679,bf_det_k4_l16_r4_c16_m4_w8g8_d32_s2_q2,179,707,1,1,5.363100e+01,0,0,0,0
qpsk,64,4,5.000000e-01,710,lut,1409,bf_det_k4_l16_r4_c16_m4_w14g0_d64_s2_q2,84673,687,bf_det_k4_l16_r4_c16_m4_w14g0_d32_s2_q2,84021,687,1,1,7.760000e-01,1,0,0,0
qpsk,64,4,5.000000e-01,710,ff,1410,bf_det_k4_l16_r4_c16_m3_w10g4_d32_s2_q2,49221,687,bf_det_k4_l16_r4_c16_m4_w8g8_d32_s2_q2,45797,707,1,1,7.476000e+00,1,0,0,0
qpsk,64,4,5.000000e-01,710,bram,1411,bf_det_k4_l16_r4_c16_m4_w10g4_d32_s2_q2,40,679,bf_det_k4_l16_r4_c16_m4_w8g8_d32_s2_q2,36,707,1,1,1.111100e+01,0,0,0,0
qpsk,64,4,5.000000e-01,1066,dsp,1412,bf_det_k4_l16_r1_c16_m4_w8g8_d32_s2_q2,83,1015,bf_det_k4_l16_r1_c16_m4_w8g8_d32_s2_q2,83,1015,1,1,0.000000e+00,1,1,1,0
qpsk,64,4,5.000000e-01,1066,lut,1413,bf_det_k4_l16_r1_c16_m4_w14g0_d64_s2_q2,77049,989,bf_det_k4_l16_r1_c16_m3_w8g8_d32_s2_q2,74443,1047,1,1,3.501000e+00,1,0,0,0
qpsk,64,4,5.000000e-01,1066,ff,1414,bf_det_k4_l16_r1_c16_m4_w8g8_d32_s2_q2,38531,1015,bf_det_k4_l16_r1_c16_m3_w8g8_d32_s2_q2,38423,1047,1,1,2.810000e-01,1,0,0,0
qpsk,64,4,5.000000e-01,1066,bram,1415,bf_det_k4_l16_r4_c16_m4_w8g8_d32_s2_q2,36,707,bf_det_k4_l16_r4_c16_m4_w8g8_d32_s2_q2,36,707,1,1,0.000000e+00,1,1,1,0
qpsk,64,4,5.000000e-01,1600,dsp,1416,bf_det_k4_l16_r1_c16_m4_w8g8_d32_s2_q2,83,1015,bf_det_k4_l16_r1_c16_m4_w8g8_d32_s2_q2,83,1015,1,1,0.000000e+00,1,1,1,0
qpsk,64,4,5.000000e-01,1600,lut,1417,bf_det_k4_l16_r1_c16_m4_w12g0_d64_s2_q2,71451,1402,bf_det_k4_l16_r1_c16_m4_w12g0_d32_s2_q2,70831,1402,1,1,8.750000e-01,1,0,0,0
qpsk,64,4,5.000000e-01,1600,ff,1418,bf_det_k4_l16_r1_c16_m3_w8g8_d32_s2_q2,38423,1047,bf_det_k4_l16_r1_c16_m3_w8g8_d32_s2_q2,38423,1047,1,1,0.000000e+00,1,1,1,0
qpsk,64,4,5.000000e-01,1600,bram,1419,bf_det_k4_l16_r4_c16_m4_w8g8_d32_s2_q2,36,707,bf_det_k4_l16_r4_c16_m4_w8g8_d32_s2_q2,36,707,1,1,0.000000e+00,1,1,1,0
qpsk,64,4,5.000000e-01,2402,dsp,1420,bf_det_k4_l4_r1_c4_m4_w8g8_d32_s2_q2,26,2383,bf_det_k4_l4_r1_c4_m4_w8g8_d32_s2_q2,26,2383,1,1,0.000000e+00,1,1,1,0
qpsk,64,4,5.000000e-01,2402,lut,1421,bf_det_k4_l4_r1_c4_m4_w12g4_d64_s2_q2,28088,2431,bf_det_k4_l4_r1_c4_m3_w8g8_d32_s2_q2,27085,2385,1,1,3.703000e+00,1,0,0,0
qpsk,64,4,5.000000e-01,2402,ff,1422,bf_det_k4_l4_r1_c4_m4_w8g8_d32_s2_q2,15091,2383,bf_det_k4_l4_r1_c4_m4_w8g8_d32_s2_q2,15091,2383,1,1,0.000000e+00,1,1,1,0
qpsk,64,4,5.000000e-01,2402,bram,1423,bf_det_k4_l4_r4_c4_m4_w8g8_d32_s2_q2,12,2285,bf_det_k4_l4_r4_c4_m4_w8g8_d32_s2_q2,12,2285,1,1,0.000000e+00,1,1,1,0
qpsk,64,4,5.000000e-01,3606,dsp,1424,bf_det_k4_l4_r1_c4_m4_w8g8_d32_s2_q2,26,2383,bf_det_k4_l4_r1_c4_m4_w8g8_d32_s2_q2,26,2383,1,1,0.000000e+00,1,1,1,0
qpsk,64,4,5.000000e-01,3606,lut,1425,bf_det_k4_l4_r1_c4_m4_w12g0_d64_s2_q2,26810,3175,bf_det_k4_l4_r1_c4_m4_w12g0_d32_s2_q2,26190,3175,1,1,2.367000e+00,1,0,0,0
qpsk,64,4,5.000000e-01,3606,ff,1426,bf_det_k4_l4_r1_c4_m3_w8g8_d32_s2_q2,15143,2385,bf_det_k4_l4_r1_c4_m4_w8g8_d32_s2_q2,15091,2383,1,1,3.450000e-01,1,0,0,0
qpsk,64,4,5.000000e-01,3606,bram,1427,bf_det_k4_l4_r4_c4_m4_w8g8_d32_s2_q2,12,2285,bf_det_k4_l4_r4_c4_m4_w8g8_d32_s2_q2,12,2285,1,1,0.000000e+00,1,1,1,0
qpsk,64,4,5.000000e-01,5414,dsp,1428,bf_det_k4_l4_r1_c4_m4_w8g8_d32_s2_q2,26,2383,bf_det_k4_l4_r1_c4_m4_w8g8_d32_s2_q2,26,2383,1,1,0.000000e+00,1,1,1,0
qpsk,64,4,5.000000e-01,5414,lut,1429,bf_det_k4_l4_r1_c4_m4_w12g0_d64_s2_q2,26810,3175,bf_det_k4_l4_r1_c4_m4_w12g0_d32_s2_q2,26190,3175,1,1,2.367000e+00,1,0,0,0
qpsk,64,4,5.000000e-01,5414,ff,1430,bf_det_k4_l4_r1_c4_m3_w8g8_d32_s2_q2,15143,2385,bf_det_k4_l4_r1_c4_m4_w8g8_d32_s2_q2,15091,2383,1,1,3.450000e-01,1,0,0,0
qpsk,64,4,5.000000e-01,5414,bram,1431,bf_det_k4_l4_r4_c4_m4_w8g8_d32_s2_q2,12,2285,bf_det_k4_l4_r4_c4_m4_w8g8_d32_s2_q2,12,2285,1,1,0.000000e+00,1,1,1,0
qpsk,64,4,5.000000e-01,8128,dsp,1432,bf_det_k4_l4_r1_c4_m4_w8g8_d32_s2_q2,26,2383,bf_det_k4_l4_r1_c4_m4_w8g8_d32_s2_q2,26,2383,1,1,0.000000e+00,1,1,1,0
qpsk,64,4,5.000000e-01,8128,lut,1433,bf_det_k4_l1_r4_c4_m4_w12g4_d64_s2_q2,17360,8197,bf_det_k4_l1_r4_c4_m3_w8g8_d32_s2_q2,16692,7973,1,1,4.002000e+00,1,0,0,0
qpsk,64,4,5.000000e-01,8128,ff,1434,bf_det_k4_l1_r4_c4_m3_w8g8_d32_s2_q2,10756,7973,bf_det_k4_l1_r4_c4_m3_w8g8_d32_s2_q2,10756,7973,1,1,0.000000e+00,1,1,1,0
qpsk,64,4,5.000000e-01,8128,bram,1435,bf_det_k4_l4_r4_c4_m4_w8g8_d32_s2_q2,12,2285,bf_det_k4_l4_r4_c4_m4_w8g8_d32_s2_q2,12,2285,1,1,0.000000e+00,1,1,1,0
qpsk,64,4,5.000000e-01,12203,dsp,1436,bf_det_k4_l1_r1_c4_m4_w8g8_d32_s2_q2,14,8609,bf_det_k4_l1_r1_c4_m4_w8g8_d32_s2_q2,14,8609,1,1,0.000000e+00,1,1,1,0
qpsk,64,4,5.000000e-01,12203,lut,1437,bf_det_k4_l1_r1_c4_m4_w12g0_d64_s2_q2,15047,11494,bf_det_k4_l1_r1_c4_m4_w12g0_d32_s2_q2,14393,11494,1,1,4.544000e+00,1,0,0,0
qpsk,64,4,5.000000e-01,12203,ff,1438,bf_det_k4_l1_r1_c4_m3_w8g8_d32_s2_q2,9206,8737,bf_det_k4_l1_r1_c4_m3_w8g8_d32_s2_q2,9206,8737,1,1,0.000000e+00,1,1,1,0
qpsk,64,4,5.000000e-01,12203,bram,1439,bf_det_k4_l4_r4_c4_m4_w8g8_d32_s2_q2,12,2285,bf_det_k4_l4_r4_c4_m4_w8g8_d32_s2_q2,12,2285,1,1,0.000000e+00,1,1,1,0
qpsk,64,4,1.000000e+00,710,dsp,1216,bf_det_k4_l16_r4_c16_m4_w10g4_d32_s2_q2,275,679,bf_det_k4_l16_r4_c16_m4_w8g8_d32_s2_q2,179,707,1,1,5.363100e+01,0,0,0,0
qpsk,64,4,1.000000e+00,710,lut,1217,bf_det_k4_l16_r4_c16_m4_w14g0_d64_s2_q2,84673,687,bf_det_k4_l16_r4_c16_m4_w14g0_d32_s2_q2,84021,687,1,1,7.760000e-01,1,0,0,0
qpsk,64,4,1.000000e+00,710,ff,1218,bf_det_k4_l16_r4_c16_m3_w10g4_d32_s2_q2,49221,687,bf_det_k4_l16_r4_c16_m4_w8g8_d32_s2_q2,45797,707,1,1,7.476000e+00,1,0,0,0
qpsk,64,4,1.000000e+00,710,bram,1219,bf_det_k4_l16_r4_c16_m4_w10g4_d32_s2_q2,40,679,bf_det_k4_l16_r4_c16_m4_w8g8_d32_s2_q2,36,707,1,1,1.111100e+01,0,0,0,0
qpsk,64,4,1.000000e+00,1066,dsp,1220,bf_det_k4_l16_r1_c16_m4_w8g8_d32_s2_q2,83,1015,bf_det_k4_l16_r1_c16_m4_w8g8_d32_s2_q2,83,1015,1,1,0.000000e+00,1,1,1,0
qpsk,64,4,1.000000e+00,1066,lut,1221,bf_det_k4_l16_r1_c16_m4_w14g0_d64_s2_q2,77049,989,bf_det_k4_l16_r1_c16_m3_w8g8_d32_s2_q2,74443,1047,1,1,3.501000e+00,1,0,0,0
qpsk,64,4,1.000000e+00,1066,ff,1222,bf_det_k4_l16_r1_c16_m4_w8g8_d32_s2_q2,38531,1015,bf_det_k4_l16_r1_c16_m3_w8g8_d32_s2_q2,38423,1047,1,1,2.810000e-01,1,0,0,0
qpsk,64,4,1.000000e+00,1066,bram,1223,bf_det_k4_l16_r4_c16_m4_w8g8_d32_s2_q2,36,707,bf_det_k4_l16_r4_c16_m4_w8g8_d32_s2_q2,36,707,1,1,0.000000e+00,1,1,1,0
qpsk,64,4,1.000000e+00,1600,dsp,1224,bf_det_k4_l16_r1_c16_m4_w8g8_d32_s2_q2,83,1015,bf_det_k4_l16_r1_c16_m4_w8g8_d32_s2_q2,83,1015,1,1,0.000000e+00,1,1,1,0
qpsk,64,4,1.000000e+00,1600,lut,1225,bf_det_k4_l16_r1_c16_m4_w12g0_d64_s2_q2,71451,1402,bf_det_k4_l16_r1_c16_m3_w8g4_d32_s2_q2,70661,1434,1,1,1.118000e+00,1,0,0,0
qpsk,64,4,1.000000e+00,1600,ff,1226,bf_det_k4_l16_r1_c16_m3_w8g4_d32_s2_q2,35071,1434,bf_det_k4_l16_r1_c16_m3_w8g4_d32_s2_q2,35071,1434,1,1,0.000000e+00,1,1,1,0
qpsk,64,4,1.000000e+00,1600,bram,1227,bf_det_k4_l16_r4_c16_m4_w8g8_d32_s2_q2,36,707,bf_det_k4_l16_r4_c16_m4_w8g8_d32_s2_q2,36,707,1,1,0.000000e+00,1,1,1,0
qpsk,64,4,1.000000e+00,2402,dsp,1228,bf_det_k4_l4_r1_c4_m4_w8g8_d32_s2_q2,26,2383,bf_det_k4_l4_r1_c4_m4_w8g8_d32_s2_q2,26,2383,1,1,0.000000e+00,1,1,1,0
qpsk,64,4,1.000000e+00,2402,lut,1229,bf_det_k4_l4_r1_c4_m4_w12g4_d64_s2_q2,28088,2431,bf_det_k4_l4_r1_c4_m3_w8g8_d32_s2_q2,27085,2385,1,1,3.703000e+00,1,0,0,0
qpsk,64,4,1.000000e+00,2402,ff,1230,bf_det_k4_l4_r1_c4_m4_w8g8_d32_s2_q2,15091,2383,bf_det_k4_l4_r1_c4_m4_w8g8_d32_s2_q2,15091,2383,1,1,0.000000e+00,1,1,1,0
qpsk,64,4,1.000000e+00,2402,bram,1231,bf_det_k4_l4_r4_c4_m4_w8g8_d32_s2_q2,12,2285,bf_det_k4_l4_r4_c4_m4_w8g8_d32_s2_q2,12,2285,1,1,0.000000e+00,1,1,1,0
qpsk,64,4,1.000000e+00,3606,dsp,1232,bf_det_k4_l4_r1_c4_m4_w8g8_d32_s2_q2,26,2383,bf_det_k4_l4_r1_c4_m4_w8g8_d32_s2_q2,26,2383,1,1,0.000000e+00,1,1,1,0
qpsk,64,4,1.000000e+00,3606,lut,1233,bf_det_k4_l4_r1_c4_m3_w8g4_d64_s2_q2,26599,3114,bf_det_k4_l4_r1_c4_m3_w8g4_d32_s2_q2,26027,3114,1,1,2.198000e+00,1,0,0,0
qpsk,64,4,1.000000e+00,3606,ff,1234,bf_det_k4_l4_r1_c4_m3_w8g4_d32_s2_q2,14287,3114,bf_det_k4_l4_r1_c4_m4_w8g4_d32_s2_q2,14235,3111,1,1,3.650000e-01,1,0,0,0
qpsk,64,4,1.000000e+00,3606,bram,1235,bf_det_k4_l4_r4_c4_m4_w8g8_d32_s2_q2,12,2285,bf_det_k4_l4_r4_c4_m4_w8g8_d32_s2_q2,12,2285,1,1,0.000000e+00,1,1,1,0
qpsk,64,4,1.000000e+00,5414,dsp,1236,bf_det_k4_l4_r1_c4_m4_w8g8_d32_s2_q2,26,2383,bf_det_k4_l4_r1_c4_m4_w8g8_d32_s2_q2,26,2383,1,1,0.000000e+00,1,1,1,0
qpsk,64,4,1.000000e+00,5414,lut,1237,bf_det_k4_l4_r1_c4_m3_w8g4_d64_s2_q2,26599,3114,bf_det_k4_l4_r1_c4_m3_w8g4_d32_s2_q2,26027,3114,1,1,2.198000e+00,1,0,0,0
qpsk,64,4,1.000000e+00,5414,ff,1238,bf_det_k4_l4_r1_c4_m3_w8g4_d32_s2_q2,14287,3114,bf_det_k4_l4_r1_c4_m4_w8g4_d32_s2_q2,14235,3111,1,1,3.650000e-01,1,0,0,0
qpsk,64,4,1.000000e+00,5414,bram,1239,bf_det_k4_l4_r4_c4_m4_w8g8_d32_s2_q2,12,2285,bf_det_k4_l4_r4_c4_m4_w8g8_d32_s2_q2,12,2285,1,1,0.000000e+00,1,1,1,0
qpsk,64,4,1.000000e+00,8128,dsp,1240,bf_det_k4_l4_r1_c4_m4_w8g8_d32_s2_q2,26,2383,bf_det_k4_l4_r1_c4_m4_w8g8_d32_s2_q2,26,2383,1,1,0.000000e+00,1,1,1,0
qpsk,64,4,1.000000e+00,8128,lut,1241,bf_det_k4_l1_r4_c4_m4_w12g4_d64_s2_q2,17360,8197,bf_det_k4_l1_r4_c4_m3_w8g8_d32_s2_q2,16692,7973,1,1,4.002000e+00,1,0,0,0
qpsk,64,4,1.000000e+00,8128,ff,1242,bf_det_k4_l1_r4_c4_m3_w8g8_d32_s2_q2,10756,7973,bf_det_k4_l1_r4_c4_m3_w8g8_d32_s2_q2,10756,7973,1,1,0.000000e+00,1,1,1,0
qpsk,64,4,1.000000e+00,8128,bram,1243,bf_det_k4_l4_r4_c4_m4_w8g8_d32_s2_q2,12,2285,bf_det_k4_l4_r4_c4_m4_w8g8_d32_s2_q2,12,2285,1,1,0.000000e+00,1,1,1,0
qpsk,64,4,1.000000e+00,12203,dsp,1244,bf_det_k4_l1_r1_c4_m4_w8g8_d32_s2_q2,14,8609,bf_det_k4_l1_r1_c4_m4_w8g8_d32_s2_q2,14,8609,1,1,0.000000e+00,1,1,1,0
qpsk,64,4,1.000000e+00,12203,lut,1245,bf_det_k4_l1_r1_c4_m4_w12g0_d64_s2_q2,15047,11494,bf_det_k4_l1_r1_c4_m4_w12g0_d32_s2_q2,14393,11494,1,1,4.544000e+00,1,0,0,0
qpsk,64,4,1.000000e+00,12203,ff,1246,bf_det_k4_l1_r1_c4_m3_w8g4_d32_s2_q2,8974,11334,bf_det_k4_l1_r1_c4_m3_w8g4_d32_s2_q2,8974,11334,1,1,0.000000e+00,1,1,1,0
qpsk,64,4,1.000000e+00,12203,bram,1247,bf_det_k4_l4_r4_c4_m4_w8g8_d32_s2_q2,12,2285,bf_det_k4_l4_r4_c4_m4_w8g8_d32_s2_q2,12,2285,1,1,0.000000e+00,1,1,1,0
qpsk,64,8,2.500000e-01,1280,dsp,384,bf_det_k8_l16_r8_c16_m4_w10g4_d32_s2_q2,467,1208,bf_det_k8_l16_r8_c16_m4_w10g4_d32_s2_q2,467,1208,1,1,0.000000e+00,1,1,1,0
qpsk,64,8,2.500000e-01,1280,lut,385,bf_det_k8_l16_r8_c16_m4_w14g0_d64_s2_q2,98503,1220,bf_det_k8_l16_r8_c16_m4_w12g4_d32_s2_q2,95545,1268,1,1,3.096000e+00,1,0,0,0
qpsk,64,8,2.500000e-01,1280,ff,386,bf_det_k8_l16_r8_c16_m3_w10g4_d32_s2_q2,59733,1220,bf_det_k8_l16_r8_c16_m3_w10g4_d32_s2_q2,59733,1220,1,1,0.000000e+00,1,1,1,0
qpsk,64,8,2.500000e-01,1280,bram,387,bf_det_k8_l16_r8_c16_m4_w10g4_d32_s2_q2,49,1208,bf_det_k8_l16_r8_c16_m4_w10g4_d32_s2_q2,49,1208,1,1,0.000000e+00,1,1,1,0
qpsk,64,8,2.500000e-01,1928,dsp,388,bf_det_k8_l16_r4_c16_m4_w10g4_d32_s2_q2,275,1394,bf_det_k8_l16_r4_c16_m4_w10g4_d32_s2_q2,275,1394,1,1,0.000000e+00,1,1,1,0
qpsk,64,8,2.500000e-01,1928,lut,389,bf_det_k8_l16_r4_c16_m4_w12g4_d64_s2_q2,86720,1454,bf_det_k8_l16_r4_c16_m4_w12g4_d32_s2_q2,86107,1454,1,1,7.120000e-01,1,0,0,0
qpsk,64,8,2.500000e-01,1928,ff,390,bf_det_k8_l16_r4_c16_m3_w10g4_d32_s2_q2,50529,1418,bf_det_k8_l16_r4_c16_m3_w10g4_d32_s2_q2,50529,1418,1,1,0.000000e+00,1,1,1,0
qpsk,64,8,2.500000e-01,1928,bram,391,bf_det_k8_l16_r8_c16_m4_w10g4_d32_s2_q2,49,1208,bf_det_k8_l16_r8_c16_m4_w10g4_d32_s2_q2,49,1208,1,1,0.000000e+00,1,1,1,0
qpsk,64,8,2.500000e-01,2905,dsp,392,bf_det_k8_l16_r1_c16_m4_w10g4_d32_s2_q2,131,2462,bf_det_k8_l16_r1_c16_m4_w10g4_d32_s2_q2,131,2462,1,1,0.000000e+00,1,1,1,0
qpsk,64,8,2.500000e-01,2905,lut,393,bf_det_k8_l16_r1_c16_m4_w12g4_d64_s2_q2,79317,2522,bf_det_k8_l16_r1_c16_m4_w12g4_d32_s2_q2,78704,2522,1,1,7.790000e-01,1,0,0,0
qpsk,64,8,2.500000e-01,2905,ff,394,bf_det_k8_l16_r1_c16_m3_w10g4_d32_s2_q2,42878,2558,bf_det_k8_l16_r1_c16_m3_w10g4_d32_s2_q2,42878,2558,1,1,0.000000e+00,1,1,1,0
qpsk,64,8,2.500000e-01,2905,bram,395,bf_det_k8_l16_r8_c16_m4_w10g4_d32_s2_q2,49,1208,bf_det_k8_l16_r8_c16_m4_w10g4_d32_s2_q2,49,1208,1,1,0.000000e+00,1,1,1,0
qpsk,64,8,2.500000e-01,4375,dsp,396,bf_det_k8_l4_r8_c4_m4_w10g4_d32_s2_q2,119,4088,bf_det_k8_l4_r8_c4_m4_w10g4_d32_s2_q2,119,4088,1,1,0.000000e+00,1,1,1,0
qpsk,64,8,2.500000e-01,4375,lut,397,bf_det_k8_l4_r8_c4_m4_w12g4_d64_s2_q2,35303,4292,bf_det_k8_l4_r8_c4_m4_w14g0_d32_s2_q2,34558,4112,1,1,2.156000e+00,1,0,0,0
qpsk,64,8,2.500000e-01,4375,ff,398,bf_det_k8_l4_r8_c4_m3_w10g4_d32_s2_q2,19947,4136,bf_det_k8_l4_r8_c4_m3_w10g4_d32_s2_q2,19947,4136,1,1,0.000000e+00,1,1,1,0
qpsk,64,8,2.500000e-01,4375,bram,399,bf_det_k8_l4_r8_c4_m4_w10g4_d32_s2_q2,19,4088,bf_det_k8_l4_r8_c4_m4_w10g4_d32_s2_q2,19,4088,1,1,0.000000e+00,1,1,1,0
qpsk,64,8,2.500000e-01,6591,dsp,400,bf_det_k8_l4_r1_c4_m4_w10g4_d32_s2_q2,38,5366,bf_det_k8_l4_r1_c4_m3_w10g4_d32_s2_q2,38,5366,1,1,0.000000e+00,1,0,1,0
qpsk,64,8,2.500000e-01,6591,lut,401,bf_det_k8_l4_r1_c4_m4_w12g4_d64_s2_q2,31319,5570,bf_det_k8_l4_r1_c4_m3_w12g4_d32_s2_q2,30602,5573,1,1,2.343000e+00,1,0,0,0
qpsk,64,8,2.500000e-01,6591,ff,402,bf_det_k8_l4_r1_c4_m3_w10g4_d32_s2_q2,16542,5366,bf_det_k8_l4_r1_c4_m3_w10g4_d32_s2_q2,16542,5366,1,1,0.000000e+00,1,1,1,0
qpsk,64,8,2.500000e-01,6591,bram,403,bf_det_k8_l4_r8_c4_m4_w10g4_d32_s2_q2,19,4088,bf_det_k8_l4_r8_c4_m4_w10g4_d32_s2_q2,19,4088,1,1,0.000000e+00,1,1,1,0
qpsk,64,8,2.500000e-01,9929,dsp,404,bf_det_k8_l4_r1_c4_m4_w10g4_d32_s2_q2,38,5366,bf_det_k8_l4_r1_c4_m3_w10g4_d32_s2_q2,38,5366,1,1,0.000000e+00,1,0,1,0
qpsk,64,8,2.500000e-01,9929,lut,405,bf_det_k8_l4_r1_c4_m4_w12g4_d64_s2_q2,31319,5570,bf_det_k8_l4_r1_c4_m3_w12g4_d32_s2_q2,30602,5573,1,1,2.343000e+00,1,0,0,0
qpsk,64,8,2.500000e-01,9929,ff,406,bf_det_k8_l4_r1_c4_m3_w10g4_d32_s2_q2,16542,5366,bf_det_k8_l4_r1_c4_m3_w10g4_d32_s2_q2,16542,5366,1,1,0.000000e+00,1,1,1,0
qpsk,64,8,2.500000e-01,9929,bram,407,bf_det_k8_l4_r8_c4_m4_w10g4_d32_s2_q2,19,4088,bf_det_k8_l4_r8_c4_m4_w10g4_d32_s2_q2,19,4088,1,1,0.000000e+00,1,1,1,0
qpsk,64,8,2.500000e-01,14958,dsp,408,bf_det_k8_l4_r1_c4_m4_w10g4_d32_s2_q2,38,5366,bf_det_k8_l4_r1_c4_m3_w10g4_d32_s2_q2,38,5366,1,1,0.000000e+00,1,0,1,0
qpsk,64,8,2.500000e-01,14958,lut,409,bf_det_k8_l1_r4_c4_m4_w14g0_d64_s2_q2,18363,14534,bf_det_k8_l1_r4_c4_m4_w14g0_d32_s2_q2,17684,14534,1,1,3.840000e+00,1,0,0,0
qpsk,64,8,2.500000e-01,14958,ff,410,bf_det_k8_l1_r4_c4_m3_w10g4_d32_s2_q2,11500,14582,bf_det_k8_l1_r4_c4_m3_w10g4_d32_s2_q2,11500,14582,1,1,0.000000e+00,1,1,1,0
qpsk,64,8,2.500000e-01,14958,bram,411,bf_det_k8_l1_r8_c4_m4_w10g4_d32_s2_q2,15,14024,bf_det_k8_l1_r8_c4_m4_w10g4_d32_s2_q2,15,14024,1,1,0.000000e+00,1,1,1,0
qpsk,64,8,2.500000e-01,22535,dsp,412,bf_det_k8_l1_r1_c4_m4_w10g4_d32_s2_q2,20,17066,bf_det_k8_l1_r1_c4_m4_w10g4_d32_s2_q2,20,17066,1,1,0.000000e+00,1,1,1,0
qpsk,64,8,2.500000e-01,22535,lut,413,bf_det_k8_l1_r1_c4_m4_w12g4_d64_s2_q2,16275,17846,bf_det_k8_l1_r1_c4_m4_w14g0_d32_s2_q2,15580,17258,1,1,4.461000e+00,1,0,0,0
qpsk,64,8,2.500000e-01,22535,ff,414,bf_det_k8_l1_r1_c4_m3_w10g4_d32_s2_q2,9595,17450,bf_det_k8_l1_r1_c4_m3_w10g4_d32_s2_q2,9595,17450,1,1,0.000000e+00,1,1,1,0
qpsk,64,8,2.500000e-01,22535,bram,415,bf_det_k8_l1_r8_c4_m4_w10g4_d32_s2_q2,15,14024,bf_det_k8_l1_r8_c4_m4_w10g4_d32_s2_q2,15,14024,1,1,0.000000e+00,1,1,1,0
qpsk,64,8,5.000000e-01,833,dsp,1440,bf_det_k8_l16_r8_c16_m3_w12g0_d32_s2_q2,579,791,bf_det_k8_l16_r8_c16_m4_w10g4_d32_s2_q2,467,823,1,1,2.398300e+01,0,0,0,0
qpsk,64,8,5.000000e-01,833,lut,1441,bf_det_k8_l16_r8_c16_m4_w12g0_d64_s2_q2,91496,783,bf_det_k8_l16_r8_c16_m4_w12g0_d32_s2_q2,90883,783,1,1,6.740000e-01,1,0,0,0
qpsk,64,8,5.000000e-01,833,ff,1442,bf_det_k8_l16_r8_c16_m3_w12g0_d32_s2_q2,64329,791,bf_det_k8_l16_r8_c16_m3_w10g4_d32_s2_q2,59733,831,1,1,7.694000e+00,1,0,0,0
qpsk,64,8,5.000000e-01,833,bram,1443,bf_det_k8_l16_r8_c16_m4_w12g0_d32_s2_q2,59,783,bf_det_k8_l16_r8_c16_m4_w10g4_d32_s2_q2,49,823,1,1,2.040800e+01,0,0,0,0
qpsk,64,8,5.000000e-01,1261,dsp,1444,bf_det_k8_l16_r4_c16_m4_w10g4_d32_s2_q2,275,947,bf_det_k8_l16_r4_c16_m4_w10g4_d32_s2_q2,275,947,1,1,0.000000e+00,1,1,1,0
qpsk,64,8,5.000000e-01,1261,lut,1445,bf_det_k8_l16_r4_c16_m4_w12g0_d64_s2_q2,82058,907,bf_det_k8_l16_r4_c16_m4_w12g0_d32_s2_q2,81445,907,1,1,7.530000e-01,1,0,0,0
qpsk,64,8,5.000000e-01,1261,ff,1446,bf_det_k8_l16_r4_c16_m3_w10g4_d32_s2_q2,50529,963,bf_det_k8_l16_r4_c16_m3_w10g4_d32_s2_q2,50529,963,1,1,0.000000e+00,1,1,1,0
qpsk,64,8,5.000000e-01,1261,bram,1447,bf_det_k8_l16_r8_c16_m4_w10g4_d32_s2_q2,49,823,bf_det_k8_l16_r8_c16_m4_w10g4_d32_s2_q2,49,823,1,1,0.000000e+00,1,1,1,0
qpsk,64,8,5.000000e-01,1909,dsp,1448,bf_det_k8_l16_r1_c16_m4_w10g4_d32_s2_q2,131,1659,bf_det_k8_l16_r1_c16_m4_w10g4_d32_s2_q2,131,1659,1,1,0.000000e+00,1,1,1,0
qpsk,64,8,5.000000e-01,1909,lut,1449,bf_det_k8_l16_r1_c16_m4_w12g0_d64_s2_q2,74655,1619,bf_det_k8_l16_r1_c16_m4_w12g0_d32_s2_q2,74042,1619,1,1,8.280000e-01,1,0,0,0
qpsk,64,8,5.000000e-01,1909,ff,1450,bf_det_k8_l16_r1_c16_m3_w12g0_d32_s2_q2,44442,1683,bf_det_k8_l16_r1_c16_m3_w10g4_d32_s2_q2,42878,1723,1,1,3.648000e+00,1,0,0,0
qpsk,64,8,5.000000e-01,1909,bram,1451,bf_det_k8_l16_r8_c16_m4_w10g4_d32_s2_q2,49,823,bf_det_k8_l16_r8_c16_m4_w10g4_d32_s2_q2,49,823,1,1,0.000000e+00,1,1,1,0
qpsk,64,8,5.000000e-01,2892,dsp,1452,bf_det_k8_l4_r8_c4_m4_w10g4_d32_s2_q2,119,2789,bf_det_k8_l4_r8_c4_m4_w10g4_d32_s2_q2,119,2789,1,1,0.000000e+00,1,1,1,0
qpsk,64,8,5.000000e-01,2892,lut,1453,bf_det_k8_l4_r8_c4_m4_w12g0_d64_s2_q2,34025,2653,bf_det_k8_l4_r8_c4_m4_w12g0_d32_s2_q2,33412,2653,1,1,1.835000e+00,1,0,0,0
qpsk,64,8,5.000000e-01,2892,ff,1454,bf_det_k8_l4_r8_c4_m3_w10g4_d32_s2_q2,19947,2821,bf_det_k8_l4_r8_c4_m3_w10g4_d32_s2_q2,19947,2821,1,1,0.000000e+00,1,1,1,0
qpsk,64,8,5.000000e-01,2892,bram,1455,bf_det_k8_l4_r8_c4_m4_w12g0_d32_s2_q2,19,2653,bf_det_k8_l4_r8_c4_m4_w12g0_d32_s2_q2,19,2653,1,1,0.000000e+00,1,1,1,0
qpsk,64,8,5.000000e-01,4380,dsp,1456,bf_det_k8_l4_r1_c4_m4_w10g4_d32_s2_q2,38,3641,bf_det_k8_l4_r1_c4_m3_w10g4_d32_s2_q2,38,3641,1,1,0.000000e+00,1,0,1,0
qpsk,64,8,5.000000e-01,4380,lut,1457,bf_det_k8_l4_r1_c4_m4_w12g0_d64_s2_q2,30041,3505,bf_det_k8_l4_r1_c4_m3_w12g0_d32_s2_q2,29324,3507,1,1,2.445000e+00,1,0,0,0
qpsk,64,8,5.000000e-01,4380,ff,1458,bf_det_k8_l4_r1_c4_m3_w10g4_d32_s2_q2,16542,3641,bf_det_k8_l4_r1_c4_m3_w10g4_d32_s2_q2,16542,3641,1,1,0.000000e+00,1,1,1,0
qpsk,64,8,5.000000e-01,4380,bram,1459,bf_det_k8_l4_r8_c4_m4_w12g0_d32_s2_q2,19,2653,bf_det_k8_l4_r8_c4_m4_w12g0_d32_s2_q2,19,2653,1,1,0.000000e+00,1,1,1,0
qpsk,64,8,5.000000e-01,6633,dsp,1460,bf_det_k8_l4_r1_c4_m4_w10g4_d32_s2_q2,38,3641,bf_det_k8_l4_r1_c4_m3_w10g4_d32_s2_q2,38,3641,1,1,0.000000e+00,1,0,1,0
qpsk,64,8,5.000000e-01,6633,lut,1461,bf_det_k8_l4_r1_c4_m4_w12g0_d64_s2_q2,30041,3505,bf_det_k8_l4_r1_c4_m3_w12g0_d32_s2_q2,29324,3507,1,1,2.445000e+00,1,0,0,0
qpsk,64,8,5.000000e-01,6633,ff,1462,bf_det_k8_l4_r1_c4_m3_w10g4_d32_s2_q2,16542,3641,bf_det_k8_l4_r1_c4_m3_w10g4_d32_s2_q2,16542,3641,1,1,0.000000e+00,1,1,1,0
qpsk,64,8,5.000000e-01,6633,bram,1463,bf_det_k8_l4_r8_c4_m4_w12g0_d32_s2_q2,19,2653,bf_det_k8_l4_r8_c4_m4_w12g0_d32_s2_q2,19,2653,1,1,0.000000e+00,1,1,1,0
qpsk,64,8,5.000000e-01,10047,dsp,1464,bf_det_k8_l4_r1_c4_m4_w10g4_d32_s2_q2,38,3641,bf_det_k8_l4_r1_c4_m3_w10g4_d32_s2_q2,38,3641,1,1,0.000000e+00,1,0,1,0
qpsk,64,8,5.000000e-01,10047,lut,1465,bf_det_k8_l1_r4_c4_m4_w12g0_d64_s2_q2,17807,9385,bf_det_k8_l1_r4_c4_m4_w12g0_d32_s2_q2,17160,9385,1,1,3.770000e+00,1,0,0,0
qpsk,64,8,5.000000e-01,10047,ff,1466,bf_det_k8_l1_r4_c4_m3_w10g4_d32_s2_q2,11500,9969,bf_det_k8_l1_r4_c4_m3_w10g4_d32_s2_q2,11500,9969,1,1,0.000000e+00,1,1,1,0
qpsk,64,8,5.000000e-01,10047,bram,1467,bf_det_k8_l1_r8_c4_m4_w12g0_d32_s2_q2,15,9077,bf_det_k8_l1_r8_c4_m4_w12g0_d32_s2_q2,15,9077,1,1,0.000000e+00,1,1,1,0
qpsk,64,8,5.000000e-01,15217,dsp,1468,bf_det_k8_l1_r1_c4_m4_w10g4_d32_s2_q2,20,11625,bf_det_k8_l1_r1_c4_m4_w10g4_d32_s2_q2,20,11625,1,1,0.000000e+00,1,1,1,0
qpsk,64,8,5.000000e-01,15217,lut,1469,bf_det_k8_l1_r1_c4_m4_w12g0_d64_s2_q2,15841,11105,bf_det_k8_l1_r1_c4_m4_w12g0_d32_s2_q2,15194,11105,1,1,4.258000e+00,1,0,0,0
qpsk,64,8,5.000000e-01,15217,ff,1470,bf_det_k8_l1_r1_c4_m3_w10g4_d32_s2_q2,9595,11881,bf_det_k8_l1_r1_c4_m3_w10g4_d32_s2_q2,9595,11881,1,1,0.000000e+00,1,1,1,0
qpsk,64,8,5.000000e-01,15217,bram,1471,bf_det_k8_l1_r8_c4_m4_w12g0_d32_s2_q2,15,9077,bf_det_k8_l1_r8_c4_m4_w12g0_d32_s2_q2,15,9077,1,1,0.000000e+00,1,1,1,0
qpsk,64,8,1.000000e+00,826,dsp,1472,bf_det_k8_l16_r8_c16_m4_w8g4_d32_s2_q2,307,771,bf_det_k8_l16_r8_c16_m4_w8g4_d32_s2_q2,307,771,1,1,0.000000e+00,1,1,1,0
qpsk,64,8,1.000000e+00,826,lut,1473,bf_det_k8_l16_r8_c16_m4_w12g0_d64_s2_q2,91496,783,bf_det_k8_l16_r8_c16_m3_w8g4_d32_s2_q2,90067,779,1,1,1.587000e+00,1,0,0,0
qpsk,64,8,1.000000e+00,826,ff,1474,bf_det_k8_l16_r8_c16_m3_w8g4_d32_s2_q2,50115,779,bf_det_k8_l16_r8_c16_m3_w8g4_d32_s2_q2,50115,779,1,1,0.000000e+00,1,1,1,0
qpsk,64,8,1.000000e+00,826,bram,1475,bf_det_k8_l16_r8_c16_m4_w8g4_d32_s2_q2,44,771,bf_det_k8_l16_r8_c16_m4_w8g4_d32_s2_q2,44,771,1,1,0.000000e+00,1,1,1,0
qpsk,64,8,1.000000e+00,1252,dsp,1476,bf_det_k8_l16_r4_c16_m4_w8g4_d32_s2_q2,179,895,bf_det_k8_l16_r4_c16_m4_w8g4_d32_s2_q2,179,895,1,1,0.000000e+00,1,1,1,0
qpsk,64,8,1.000000e+00,1252,lut,1477,bf_det_k8_l16_r4_c16_m4_w12g0_d64_s2_q2,82058,907,bf_det_k8_l16_r4_c16_m3_w8g4_d32_s2_q2,80757,911,1,1,1.611000e+00,1,0,0,0
qpsk,64,8,1.000000e+00,1252,ff,1478,bf_det_k8_l16_r4_c16_m3_w8g4_d32_s2_q2,42583,911,bf_det_k8_l16_r4_c16_m3_w8g4_d32_s2_q2,42583,911,1,1,0.000000e+00,1,1,1,0
qpsk,64,8,1.000000e+00,1252,bram,1479,bf_det_k8_l16_r8_c16_m4_w8g4_d32_s2_q2,44,771,bf_det_k8_l16_r8_c16_m4_w8g4_d32_s2_q2,44,771,1,1,0.000000e+00,1,1,1,0
qpsk,64,8,1.000000e+00,1898,dsp,1480,bf_det_k8_l16_r1_c16_m4_w8g4_d32_s2_q2,83,1607,bf_det_k8_l16_r1_c16_m4_w8g4_d32_s2_q2,83,1607,1,1,0.000000e+00,1,1,1,0
qpsk,64,8,1.000000e+00,1898,lut,1481,bf_det_k8_l16_r1_c16_m4_w12g0_d64_s2_q2,74655,1619,bf_det_k8_l16_r1_c16_m3_w8g4_d32_s2_q2,73492,1671,1,1,1.582000e+00,1,0,0,0
qpsk,64,8,1.000000e+00,1898,ff,1482,bf_det_k8_l16_r1_c16_m3_w8g4_d32_s2_q2,36292,1671,bf_det_k8_l16_r1_c16_m3_w8g4_d32_s2_q2,36292,1671,1,1,0.000000e+00,1,1,1,0
qpsk,64,8,1.000000e+00,1898,bram,1483,bf_det_k8_l16_r8_c16_m4_w8g4_d32_s2_q2,44,771,bf_det_k8_l16_r8_c16_m4_w8g4_d32_s2_q2,44,771,1,1,0.000000e+00,1,1,1,0
qpsk,64,8,1.000000e+00,2878,dsp,1484,bf_det_k8_l4_r8_c4_m4_w8g4_d32_s2_q2,79,2605,bf_det_k8_l4_r8_c4_m4_w8g4_d32_s2_q2,79,2605,1,1,0.000000e+00,1,1,1,0
qpsk,64,8,1.000000e+00,2878,lut,1485,bf_det_k8_l4_r8_c4_m4_w12g0_d64_s2_q2,34025,2653,bf_det_k8_l4_r8_c4_m3_w8g4_d32_s2_q2,32829,2637,1,1,3.643000e+00,1,0,0,0
qpsk,64,8,1.000000e+00,2878,ff,1486,bf_det_k8_l4_r8_c4_m3_w8g4_d32_s2_q2,17415,2637,bf_det_k8_l4_r8_c4_m3_w8g4_d32_s2_q2,17415,2637,1,1,0.000000e+00,1,1,1,0
qpsk,64,8,1.000000e+00,2878,bram,1487,bf_det_k8_l4_r8_c4_m4_w8g4_d32_s2_q2,14,2605,bf_det_k8_l4_r8_c4_m4_w8g4_d32_s2_q2,14,2605,1,1,0.000000e+00,1,1,1,0
qpsk,64,8,1.000000e+00,4364,dsp,1488,bf_det_k8_l4_r1_c4_m4_w8g4_d32_s2_q2,26,3457,bf_det_k8_l4_r1_c4_m4_w8g4_d32_s2_q2,26,3457,1,1,0.000000e+00,1,1,1,0
qpsk,64,8,1.000000e+00,4364,lut,1489,bf_det_k8_l4_r1_c4_m3_w8g4_d64_s2_q2,29648,3457,bf_det_k8_l4_r1_c4_m3_w8g4_d32_s2_q2,29077,3457,1,1,1.964000e+00,1,0,0,0
qpsk,64,8,1.000000e+00,4364,ff,1490,bf_det_k8_l4_r1_c4_m3_w8g4_d32_s2_q2,14718,3457,bf_det_k8_l4_r1_c4_m3_w8g4_d32_s2_q2,14718,3457,1,1,0.000000e+00,1,1,1,0
qpsk,64,8,1.000000e+00,4364,bram,1491,bf_det_k8_l4_r8_c4_m4_w8g4_d32_s2_q2,14,2605,bf_det_k8_l4_r8_c4_m4_w8g4_d32_s2_q2,14,2605,1,1,0.000000e+00,1,1,1,0
qpsk,64,8,1.000000e+00,6617,dsp,1492,bf_det_k8_l4_r1_c4_m4_w8g4_d32_s2_q2,26,3457,bf_det_k8_l4_r1_c4_m4_w8g4_d32_s2_q2,26,3457,1,1,0.000000e+00,1,1,1,0
qpsk,64,8,1.000000e+00,6617,lut,1493,bf_det_k8_l4_r1_c4_m3_w8g4_d64_s2_q2,29648,3457,bf_det_k8_l4_r1_c4_m3_w8g4_d32_s2_q2,29077,3457,1,1,1.964000e+00,1,0,0,0
qpsk,64,8,1.000000e+00,6617,ff,1494,bf_det_k8_l4_r1_c4_m3_w8g4_d32_s2_q2,14718,3457,bf_det_k8_l4_r1_c4_m3_w8g4_d32_s2_q2,14718,3457,1,1,0.000000e+00,1,1,1,0
qpsk,64,8,1.000000e+00,6617,bram,1495,bf_det_k8_l4_r8_c4_m4_w8g4_d32_s2_q2,14,2605,bf_det_k8_l4_r8_c4_m4_w8g4_d32_s2_q2,14,2605,1,1,0.000000e+00,1,1,1,0
qpsk,64,8,1.000000e+00,10035,dsp,1496,bf_det_k8_l4_r1_c4_m4_w8g4_d32_s2_q2,26,3457,bf_det_k8_l4_r1_c4_m4_w8g4_d32_s2_q2,26,3457,1,1,0.000000e+00,1,1,1,0
qpsk,64,8,1.000000e+00,10035,lut,1497,bf_det_k8_l1_r4_c4_m4_w12g0_d64_s2_q2,17807,9385,bf_det_k8_l1_r4_c4_m3_w8g4_d32_s2_q2,17149,9193,1,1,3.837000e+00,1,0,0,0
qpsk,64,8,1.000000e+00,10035,ff,1498,bf_det_k8_l1_r4_c4_m3_w8g4_d32_s2_q2,10649,9193,bf_det_k8_l1_r4_c4_m3_w8g4_d32_s2_q2,10649,9193,1,1,0.000000e+00,1,1,1,0
qpsk,64,8,1.000000e+00,10035,bram,1499,bf_det_k8_l4_r8_c4_m4_w8g4_d32_s2_q2,14,2605,bf_det_k8_l4_r8_c4_m4_w8g4_d32_s2_q2,14,2605,1,1,0.000000e+00,1,1,1,0
qpsk,64,8,1.000000e+00,15217,dsp,1500,bf_det_k8_l1_r1_c4_m4_w8g4_d32_s2_q2,14,10849,bf_det_k8_l1_r1_c4_m4_w8g4_d32_s2_q2,14,10849,1,1,0.000000e+00,1,1,1,0
qpsk,64,8,1.000000e+00,15217,lut,1501,bf_det_k8_l1_r1_c4_m4_w12g0_d64_s2_q2,15841,11105,bf_det_k8_l1_r1_c4_m4_w12g0_d32_s2_q2,15194,11105,1,1,4.258000e+00,1,0,0,0
qpsk,64,8,1.000000e+00,15217,ff,1502,bf_det_k8_l1_r1_c4_m3_w8g4_d32_s2_q2,9070,11105,bf_det_k8_l1_r1_c4_m3_w8g4_d32_s2_q2,9070,11105,1,1,0.000000e+00,1,1,1,0
qpsk,64,8,1.000000e+00,15217,bram,1503,bf_det_k8_l4_r8_c4_m4_w8g4_d32_s2_q2,14,2605,bf_det_k8_l4_r8_c4_m4_w8g4_d32_s2_q2,14,2605,1,1,0.000000e+00,1,1,1,0
qpsk,64,16,2.500000e-01,2292,dsp,1504,bf_det_k16_l16_r16_c16_m4_w10g4_d32_s2_q2,851,2137,bf_det_k16_l16_r16_c16_m4_w10g4_d32_s2_q2,851,2137,1,1,0.000000e+00,1,1,1,0
qpsk,64,16,2.500000e-01,2292,lut,1505,bf_det_k16_l16_r16_c16_m4_w12g4_d64_s2_q2,120229,2217,bf_det_k16_l16_r16_c16_m4_w12g4_d32_s2_q2,119617,2217,1,1,5.120000e-01,1,0,0,0
qpsk,64,16,2.500000e-01,2292,ff,1506,bf_det_k16_l16_r16_c16_m3_w10g4_d32_s2_q2,81447,2153,bf_det_k16_l16_r16_c16_m3_w10g4_d32_s2_q2,81447,2153,1,1,0.000000e+00,1,1,1,0
qpsk,64,16,2.500000e-01,2292,bram,1507,bf_det_k16_l16_r16_c16_m4_w10g4_d32_s2_q2,49,2137,bf_det_k16_l16_r16_c16_m4_w10g4_d32_s2_q2,49,2137,1,1,0.000000e+00,1,1,1,0
qpsk,64,16,2.500000e-01,3534,dsp,1508,bf_det_k16_l16_r4_c16_m4_w10g4_d32_s2_q2,275,3109,bf_det_k16_l16_r4_c16_m4_w10g4_d32_s2_q2,275,3109,1,1,0.000000e+00,1,1,1,0
qpsk,64,16,2.500000e-01,3534,lut,1509,bf_det_k16_l16_r4_c16_m4_w12g4_d64_s2_q2,92207,3189,bf_det_k16_l16_r4_c16_m4_w12g4_d32_s2_q2,91595,3189,1,1,6.680000e-01,1,0,0,0
qpsk,64,16,2.500000e-01,3534,ff,1510,bf_det_k16_l16_r4_c16_m3_w10g4_d32_s2_q2,53604,3173,bf_det_k16_l16_r4_c16_m3_w10g4_d32_s2_q2,53604,3173,1,1,0.000000e+00,1,1,1,0
qpsk,64,16,2.500000e-01,3534,bram,1511,bf_det_k16_l16_r16_c16_m4_w10g4_d32_s2_q2,49,2137,bf_det_k16_l16_r16_c16_m4_w10g4_d32_s2_q2,49,2137,1,1,0.000000e+00,1,1,1,0
qpsk,64,16,2.500000e-01,5450,dsp,1512,bf_det_k16_l16_r4_c16_m4_w10g4_d32_s2_q2,275,3109,bf_det_k16_l16_r4_c16_m4_w10g4_d32_s2_q2,275,3109,1,1,0.000000e+00,1,1,1,0
qpsk,64,16,2.500000e-01,5450,lut,1513,bf_det_k16_l16_r4_c16_m4_w12g4_d64_s2_q2,92207,3189,bf_det_k16_l16_r4_c16_m4_w12g4_d32_s2_q2,91595,3189,1,1,6.680000e-01,1,0,0,0
qpsk,64,16,2.500000e-01,5450,ff,1514,bf_det_k16_l16_r4_c16_m3_w10g4_d32_s2_q2,53604,3173,bf_det_k16_l16_r4_c16_m3_w10g4_d32_s2_q2,53604,3173,1,1,0.000000e+00,1,1,1,0
qpsk,64,16,2.500000e-01,5450,bram,1515,bf_det_k16_l16_r16_c16_m4_w10g4_d32_s2_q2,49,2137,bf_det_k16_l16_r16_c16_m4_w10g4_d32_s2_q2,49,2137,1,1,0.000000e+00,1,1,1,0
qpsk,64,16,2.500000e-01,8405,dsp,1516,bf_det_k16_l16_r1_c16_m4_w10g4_d32_s2_q2,131,6689,bf_det_k16_l16_r1_c16_m4_w10g4_d32_s2_q2,131,6689,1,1,0.000000e+00,1,1,1,0
qpsk,64,16,2.500000e-01,8405,lut,1517,bf_det_k16_l4_r16_c4_m4_w12g4_d64_s2_q2,43527,7899,bf_det_k16_l4_r16_c4_m4_w12g4_d32_s2_q2,42915,7899,1,1,1.426000e+00,1,0,0,0
qpsk,64,16,2.500000e-01,8405,ff,1518,bf_det_k16_l4_r16_c4_m3_w10g4_d32_s2_q2,25041,7659,bf_det_k16_l4_r16_c4_m3_w10g4_d32_s2_q2,25041,7659,1,1,0.000000e+00,1,1,1,0
qpsk,64,16,2.500000e-01,8405,bram,1519,bf_det_k16_l16_r16_c16_m4_w10g4_d32_s2_q2,49,2137,bf_det_k16_l16_r16_c16_m4_w10g4_d32_s2_q2,49,2137,1,1,0.000000e+00,1,1,1,0
qpsk,64,16,2.500000e-01,12963,dsp,1520,bf_det_k16_l4_r4_c4_m4_w10g4_d32_s2_q2,71,10339,bf_det_k16_l4_r4_c4_m4_w10g4_d32_s2_q2,71,10339,1,1,0.000000e+00,1,1,1,0
qpsk,64,16,2.500000e-01,12963,lut,1521,bf_det_k16_l4_r4_c4_m4_w12g4_d64_s2_q2,36070,10611,bf_det_k16_l4_r4_c4_m4_w12g4_d32_s2_q2,35458,10611,1,1,1.726000e+00,1,0,0,0
qpsk,64,16,2.500000e-01,12963,ff,1522,bf_det_k16_l4_r4_c4_m3_w10g4_d32_s2_q2,18005,10467,bf_det_k16_l4_r4_c4_m3_w10g4_d32_s2_q2,18005,10467,1,1,0.000000e+00,1,1,1,0
qpsk,64,16,2.500000e-01,12963,bram,1523,bf_det_k16_l16_r16_c16_m4_w10g4_d32_s2_q2,49,2137,bf_det_k16_l16_r16_c16_m4_w10g4_d32_s2_q2,49,2137,1,1,0.000000e+00,1,1,1,0
qpsk,64,16,2.500000e-01,19991,dsp,1524,bf_det_k16_l4_r1_c4_m4_w10g4_d32_s2_q2,38,15443,bf_det_k16_l4_r1_c4_m3_w10g4_d32_s2_q2,38,15443,1,1,0.000000e+00,1,0,1,0
qpsk,64,16,2.500000e-01,19991,lut,1525,bf_det_k16_l4_r1_c4_m4_w12g4_d64_s2_q2,34636,15711,bf_det_k16_l4_r1_c4_m4_w14g0_d32_s2_q2,34020,15439,1,1,1.811000e+00,1,0,0,0
qpsk,64,16,2.500000e-01,19991,ff,1526,bf_det_k16_l4_r1_c4_m3_w10g4_d32_s2_q2,16886,15443,bf_det_k16_l4_r1_c4_m3_w10g4_d32_s2_q2,16886,15443,1,1,0.000000e+00,1,1,1,0
qpsk,64,16,2.500000e-01,19991,bram,1527,bf_det_k16_l16_r16_c16_m4_w10g4_d32_s2_q2,49,2137,bf_det_k16_l16_r16_c16_m4_w10g4_d32_s2_q2,49,2137,1,1,0.000000e+00,1,1,1,0
qpsk,64,16,2.500000e-01,30831,dsp,1528,bf_det_k16_l4_r1_c4_m4_w10g4_d32_s2_q2,38,15443,bf_det_k16_l4_r1_c4_m3_w10g4_d32_s2_q2,38,15443,1,1,0.000000e+00,1,0,1,0
qpsk,64,16,2.500000e-01,30831,lut,1529,bf_det_k16_l1_r4_c4_m4_w12g4_d64_s2_q2,19694,29531,bf_det_k16_l1_r4_c4_m4_w12g4_d32_s2_q2,19048,29531,1,1,3.391000e+00,1,0,0,0
qpsk,64,16,2.500000e-01,30831,ff,1530,bf_det_k16_l1_r4_c4_m3_w10g4_d32_s2_q2,11712,28619,bf_det_k16_l1_r4_c4_m3_w10g4_d32_s2_q2,11712,28619,1,1,0.000000e+00,1,1,1,0
qpsk,64,16,2.500000e-01,30831,bram,1531,bf_det_k16_l1_r16_c4_m4_w10g4_d32_s2_q2,27,25683,bf_det_k16_l1_r16_c4_m4_w10g4_d32_s2_q2,27,25683,1,1,0.000000e+00,1,1,1,0
qpsk,64,16,2.500000e-01,47548,dsp,1532,bf_det_k16_l1_r1_c4_m4_w10g4_d32_s2_q2,20,39211,bf_det_k16_l1_r1_c4_m4_w10g4_d32_s2_q2,20,39211,1,1,0.000000e+00,1,1,1,0
qpsk,64,16,2.500000e-01,47548,lut,1533,bf_det_k16_l1_r1_c4_m4_w12g4_d64_s2_q2,17601,40251,bf_det_k16_l1_r1_c4_m4_w14g0_d32_s2_q2,16891,39211,1,1,4.203000e+00,1,0,0,0
qpsk,64,16,2.500000e-01,47548,ff,1534,bf_det_k16_l1_r1_c4_m3_w10g4_d32_s2_q2,9762,39723,bf_det_k16_l1_r1_c4_m3_w10g4_d32_s2_q2,9762,39723,1,1,0.000000e+00,1,1,1,0
qpsk,64,16,2.500000e-01,47548,bram,1535,bf_det_k16_l1_r16_c4_m4_w10g4_d32_s2_q2,27,25683,bf_det_k16_l1_r16_c4_m4_w10g4_d32_s2_q2,27,25683,1,1,0.000000e+00,1,1,1,0
qpsk,64,16,5.000000e-01,1685,dsp,1536,bf_det_k16_l16_r16_c16_m4_w10g4_d32_s2_q2,851,1624,bf_det_k16_l16_r16_c16_m4_w10g4_d32_s2_q2,851,1624,1,1,0.000000e+00,1,1,1,0
qpsk,64,16,5.000000e-01,1685,lut,1537,bf_det_k16_l16_r16_c16_m4_w12g0_d64_s2_q2,115567,1564,bf_det_k16_l16_r16_c16_m4_w12g0_d32_s2_q2,114955,1564,1,1,5.320000e-01,1,0,0,0
qpsk,64,16,5.000000e-01,1685,ff,1538,bf_det_k16_l16_r16_c16_m3_w10g4_d32_s2_q2,81447,1636,bf_det_k16_l16_r16_c16_m3_w10g4_d32_s2_q2,81447,1636,1,1,0.000000e+00,1,1,1,0
qpsk,64,16,5.000000e-01,1685,bram,1539,bf_det_k16_l16_r16_c16_m4_w10g4_d32_s2_q2,49,1624,bf_det_k16_l16_r16_c16_m4_w10g4_d32_s2_q2,49,1624,1,1,0.000000e+00,1,1,1,0
qpsk,64,16,5.000000e-01,2608,dsp,1540,bf_det_k16_l16_r4_c16_m4_w10g4_d32_s2_q2,275,2353,bf_det_k16_l16_r4_c16_m4_w10g4_d32_s2_q2,275,2353,1,1,0.000000e+00,1,1,1,0
qpsk,64,16,5.000000e-01,2608,lut,1541,bf_det_k16_l16_r4_c16_m4_w12g0_d64_s2_q2,87545,2293,bf_det_k16_l16_r4_c16_m4_w12g0_d32_s2_q2,86933,2293,1,1,7.040000e-01,1,0,0,0
qpsk,64,16,5.000000e-01,2608,ff,1542,bf_det_k16_l16_r4_c16_m3_w10g4_d32_s2_q2,53604,2401,bf_det_k16_l16_r4_c16_m3_w10g4_d32_s2_q2,53604,2401,1,1,0.000000e+00,1,1,1,0
qpsk,64,16,5.000000e-01,2608,bram,1543,bf_det_k16_l16_r16_c16_m4_w10g4_d32_s2_q2,49,1624,bf_det_k16_l16_r16_c16_m4_w10g4_d32_s2_q2,49,1624,1,1,0.000000e+00,1,1,1,0
qpsk,64,16,5.000000e-01,4039,dsp,1544,bf_det_k16_l16_r4_c16_m4_w10g4_d32_s2_q2,275,2353,bf_det_k16_l16_r4_c16_m4_w10g4_d32_s2_q2,275,2353,1,1,0.000000e+00,1,1,1,0
qpsk,64,16,5.000000e-01,4039,lut,1545,bf_det_k16_l16_r4_c16_m4_w12g0_d64_s2_q2,87545,2293,bf_det_k16_l16_r4_c16_m4_w12g0_d32_s2_q2,86933,2293,1,1,7.040000e-01,1,0,0,0
qpsk,64,16,5.000000e-01,4039,ff,1546,bf_det_k16_l16_r4_c16_m3_w10g4_d32_s2_q2,53604,2401,bf_det_k16_l16_r4_c16_m3_w10g4_d32_s2_q2,53604,2401,1,1,0.000000e+00,1,1,1,0
qpsk,64,16,5.000000e-01,4039,bram,1547,bf_det_k16_l16_r16_c16_m4_w10g4_d32_s2_q2,49,1624,bf_det_k16_l16_r16_c16_m4_w10g4_d32_s2_q2,49,1624,1,1,0.000000e+00,1,1,1,0
qpsk,64,16,5.000000e-01,6253,dsp,1548,bf_det_k16_l16_r1_c16_m4_w10g4_d32_s2_q2,131,5038,bf_det_k16_l16_r1_c16_m4_w10g4_d32_s2_q2,131,5038,1,1,0.000000e+00,1,1,1,0
qpsk,64,16,5.000000e-01,6253,lut,1549,bf_det_k16_l4_r16_c4_m4_w12g0_d64_s2_q2,42249,5596,bf_det_k16_l4_r16_c4_m4_w12g0_d32_s2_q2,41637,5596,1,1,1.470000e+00,1,0,0,0
qpsk,64,16,5.000000e-01,6253,ff,1550,bf_det_k16_l4_r16_c4_m3_w10g4_d32_s2_q2,25041,5824,bf_det_k16_l4_r16_c4_m3_w10g4_d32_s2_q2,25041,5824,1,1,0.000000e+00,1,1,1,0
qpsk,64,16,5.000000e-01,6253,bram,1551,bf_det_k16_l16_r16_c16_m4_w10g4_d32_s2_q2,49,1624,bf_det_k16_l16_r16_c16_m4_w10g4_d32_s2_q2,49,1624,1,1,0.000000e+00,1,1,1,0
qpsk,64,16,5.000000e-01,9682,dsp,1552,bf_det_k16_l4_r4_c4_m4_w10g4_d32_s2_q2,71,7834,bf_det_k16_l4_r4_c4_m4_w10g4_d32_s2_q2,71,7834,1,1,0.000000e+00,1,1,1,0
qpsk,64,16,5.000000e-01,9682,lut,1553,bf_det_k16_l4_r4_c4_m4_w12g0_d64_s2_q2,34792,7630,bf_det_k16_l4_r4_c4_m4_w12g0_d32_s2_q2,34180,7630,1,1,1.791000e+00,1,0,0,0
qpsk,64,16,5.000000e-01,9682,ff,1554,bf_det_k16_l4_r4_c4_m3_w10g4_d32_s2_q2,18005,7930,bf_det_k16_l4_r4_c4_m3_w10g4_d32_s2_q2,18005,7930,1,1,0.000000e+00,1,1,1,0
qpsk,64,16,5.000000e-01,9682,bram,1555,bf_det_k16_l16_r16_c16_m4_w10g4_d32_s2_q2,49,1624,bf_det_k16_l16_r16_c16_m4_w10g4_d32_s2_q2,49,1624,1,1,0.000000e+00,1,1,1,0
qpsk,64,16,5.000000e-01,14993,dsp,1556,bf_det_k16_l4_r1_c4_m4_w10g4_d32_s2_q2,38,11662,bf_det_k16_l4_r1_c4_m3_w10g4_d32_s2_q2,38,11662,1,1,0.000000e+00,1,0,1,0
qpsk,64,16,5.000000e-01,14993,lut,1557,bf_det_k16_l4_r1_c4_m4_w12g0_d64_s2_q2,33358,11455,bf_det_k16_l4_r1_c4_m4_w12g0_d32_s2_q2,32746,11455,1,1,1.869000e+00,1,0,0,0
qpsk,64,16,5.000000e-01,14993,ff,1558,bf_det_k16_l4_r1_c4_m3_w10g4_d32_s2_q2,16886,11662,bf_det_k16_l4_r1_c4_m3_w10g4_d32_s2_q2,16886,11662,1,1,0.000000e+00,1,1,1,0
qpsk,64,16,5.000000e-01,14993,bram,1559,bf_det_k16_l16_r16_c16_m4_w10g4_d32_s2_q2,49,1624,bf_det_k16_l16_r16_c16_m4_w10g4_d32_s2_q2,49,1624,1,1,0.000000e+00,1,1,1,0
qpsk,64,16,5.000000e-01,23215,dsp,1560,bf_det_k16_l4_r1_c4_m4_w10g4_d32_s2_q2,38,11662,bf_det_k16_l4_r1_c4_m3_w10g4_d32_s2_q2,38,11662,1,1,0.000000e+00,1,0,1,0
qpsk,64,16,5.000000e-01,23215,lut,1561,bf_det_k16_l1_r4_c4_m4_w12g0_d64_s2_q2,19260,20902,bf_det_k16_l1_r4_c4_m4_w12g0_d32_s2_q2,18614,20902,1,1,3.471000e+00,1,0,0,0
qpsk,64,16,5.000000e-01,23215,ff,1562,bf_det_k16_l1_r4_c4_m3_w10g4_d32_s2_q2,11712,21778,bf_det_k16_l1_r4_c4_m3_w10g4_d32_s2_q2,11712,21778,1,1,0.000000e+00,1,1,1,0
qpsk,64,16,5.000000e-01,23215,bram,1563,bf_det_k16_l1_r16_c4_m4_w12g0_d32_s2_q2,27,18796,bf_det_k16_l1_r16_c4_m4_w12g0_d32_s2_q2,27,18796,1,1,0.000000e+00,1,1,1,0
qpsk,64,16,5.000000e-01,35947,dsp,1564,bf_det_k16_l1_r1_c4_m4_w10g4_d32_s2_q2,20,29722,bf_det_k16_l1_r1_c4_m4_w10g4_d32_s2_q2,20,29722,1,1,0.000000e+00,1,1,1,0
qpsk,64,16,5.000000e-01,35947,lut,1565,bf_det_k16_l1_r1_c4_m4_w12g0_d64_s2_q2,17167,28942,bf_det_k16_l1_r1_c4_m4_w12g0_d32_s2_q2,16521,28942,1,1,3.910000e+00,1,0,0,0
qpsk,64,16,5.000000e-01,35947,ff,1566,bf_det_k16_l1_r1_c4_m3_w10g4_d32_s2_q2,9762,30106,bf_det_k16_l1_r1_c4_m3_w10g4_d32_s2_q2,9762,30106,1,1,0.000000e+00,1,1,1,0
qpsk,64,16,5.000000e-01,35947,bram,1567,bf_det_k16_l1_r16_c4_m4_w12g0_d32_s2_q2,27,18796,bf_det_k16_l1_r16_c4_m4_w12g0_d32_s2_q2,27,18796,1,1,0.000000e+00,1,1,1,0
qpsk,64,16,1.000000e+00,1685,dsp,1536,bf_det_k16_l16_r16_c16_m4_w10g4_d32_s2_q2,851,1624,bf_det_k16_l16_r16_c16_m4_w10g4_d32_s2_q2,851,1624,1,1,0.000000e+00,1,1,1,0
qpsk,64,16,1.000000e+00,1685,lut,1537,bf_det_k16_l16_r16_c16_m4_w12g0_d64_s2_q2,115567,1564,bf_det_k16_l16_r16_c16_m4_w12g0_d32_s2_q2,114955,1564,1,1,5.320000e-01,1,0,0,0
qpsk,64,16,1.000000e+00,1685,ff,1538,bf_det_k16_l16_r16_c16_m3_w10g4_d32_s2_q2,81447,1636,bf_det_k16_l16_r16_c16_m3_w10g4_d32_s2_q2,81447,1636,1,1,0.000000e+00,1,1,1,0
qpsk,64,16,1.000000e+00,1685,bram,1539,bf_det_k16_l16_r16_c16_m4_w10g4_d32_s2_q2,49,1624,bf_det_k16_l16_r16_c16_m4_w10g4_d32_s2_q2,49,1624,1,1,0.000000e+00,1,1,1,0
qpsk,64,16,1.000000e+00,2608,dsp,1540,bf_det_k16_l16_r4_c16_m4_w10g4_d32_s2_q2,275,2353,bf_det_k16_l16_r4_c16_m4_w10g4_d32_s2_q2,275,2353,1,1,0.000000e+00,1,1,1,0
qpsk,64,16,1.000000e+00,2608,lut,1541,bf_det_k16_l16_r4_c16_m4_w12g0_d64_s2_q2,87545,2293,bf_det_k16_l16_r4_c16_m4_w12g0_d32_s2_q2,86933,2293,1,1,7.040000e-01,1,0,0,0
qpsk,64,16,1.000000e+00,2608,ff,1542,bf_det_k16_l16_r4_c16_m3_w10g4_d32_s2_q2,53604,2401,bf_det_k16_l16_r4_c16_m3_w10g4_d32_s2_q2,53604,2401,1,1,0.000000e+00,1,1,1,0
qpsk,64,16,1.000000e+00,2608,bram,1543,bf_det_k16_l16_r16_c16_m4_w10g4_d32_s2_q2,49,1624,bf_det_k16_l16_r16_c16_m4_w10g4_d32_s2_q2,49,1624,1,1,0.000000e+00,1,1,1,0
qpsk,64,16,1.000000e+00,4039,dsp,1544,bf_det_k16_l16_r4_c16_m4_w10g4_d32_s2_q2,275,2353,bf_det_k16_l16_r4_c16_m4_w10g4_d32_s2_q2,275,2353,1,1,0.000000e+00,1,1,1,0
qpsk,64,16,1.000000e+00,4039,lut,1545,bf_det_k16_l16_r4_c16_m4_w12g0_d64_s2_q2,87545,2293,bf_det_k16_l16_r4_c16_m4_w12g0_d32_s2_q2,86933,2293,1,1,7.040000e-01,1,0,0,0
qpsk,64,16,1.000000e+00,4039,ff,1546,bf_det_k16_l16_r4_c16_m3_w10g4_d32_s2_q2,53604,2401,bf_det_k16_l16_r4_c16_m3_w10g4_d32_s2_q2,53604,2401,1,1,0.000000e+00,1,1,1,0
qpsk,64,16,1.000000e+00,4039,bram,1547,bf_det_k16_l16_r16_c16_m4_w10g4_d32_s2_q2,49,1624,bf_det_k16_l16_r16_c16_m4_w10g4_d32_s2_q2,49,1624,1,1,0.000000e+00,1,1,1,0
qpsk,64,16,1.000000e+00,6253,dsp,1548,bf_det_k16_l16_r1_c16_m4_w10g4_d32_s2_q2,131,5038,bf_det_k16_l16_r1_c16_m4_w10g4_d32_s2_q2,131,5038,1,1,0.000000e+00,1,1,1,0
qpsk,64,16,1.000000e+00,6253,lut,1549,bf_det_k16_l4_r16_c4_m4_w12g0_d64_s2_q2,42249,5596,bf_det_k16_l4_r16_c4_m4_w12g0_d32_s2_q2,41637,5596,1,1,1.470000e+00,1,0,0,0
qpsk,64,16,1.000000e+00,6253,ff,1550,bf_det_k16_l4_r16_c4_m3_w10g4_d32_s2_q2,25041,5824,bf_det_k16_l4_r16_c4_m3_w10g4_d32_s2_q2,25041,5824,1,1,0.000000e+00,1,1,1,0
qpsk,64,16,1.000000e+00,6253,bram,1551,bf_det_k16_l16_r16_c16_m4_w10g4_d32_s2_q2,49,1624,bf_det_k16_l16_r16_c16_m4_w10g4_d32_s2_q2,49,1624,1,1,0.000000e+00,1,1,1,0
qpsk,64,16,1.000000e+00,9682,dsp,1552,bf_det_k16_l4_r4_c4_m4_w10g4_d32_s2_q2,71,7834,bf_det_k16_l4_r4_c4_m4_w10g4_d32_s2_q2,71,7834,1,1,0.000000e+00,1,1,1,0
qpsk,64,16,1.000000e+00,9682,lut,1553,bf_det_k16_l4_r4_c4_m4_w12g0_d64_s2_q2,34792,7630,bf_det_k16_l4_r4_c4_m4_w12g0_d32_s2_q2,34180,7630,1,1,1.791000e+00,1,0,0,0
qpsk,64,16,1.000000e+00,9682,ff,1554,bf_det_k16_l4_r4_c4_m3_w10g4_d32_s2_q2,18005,7930,bf_det_k16_l4_r4_c4_m3_w10g4_d32_s2_q2,18005,7930,1,1,0.000000e+00,1,1,1,0
qpsk,64,16,1.000000e+00,9682,bram,1555,bf_det_k16_l16_r16_c16_m4_w10g4_d32_s2_q2,49,1624,bf_det_k16_l16_r16_c16_m4_w10g4_d32_s2_q2,49,1624,1,1,0.000000e+00,1,1,1,0
qpsk,64,16,1.000000e+00,14993,dsp,1556,bf_det_k16_l4_r1_c4_m4_w10g4_d32_s2_q2,38,11662,bf_det_k16_l4_r1_c4_m3_w10g4_d32_s2_q2,38,11662,1,1,0.000000e+00,1,0,1,0
qpsk,64,16,1.000000e+00,14993,lut,1557,bf_det_k16_l4_r1_c4_m4_w12g0_d64_s2_q2,33358,11455,bf_det_k16_l4_r1_c4_m4_w12g0_d32_s2_q2,32746,11455,1,1,1.869000e+00,1,0,0,0
qpsk,64,16,1.000000e+00,14993,ff,1558,bf_det_k16_l4_r1_c4_m3_w10g4_d32_s2_q2,16886,11662,bf_det_k16_l4_r1_c4_m3_w10g4_d32_s2_q2,16886,11662,1,1,0.000000e+00,1,1,1,0
qpsk,64,16,1.000000e+00,14993,bram,1559,bf_det_k16_l16_r16_c16_m4_w10g4_d32_s2_q2,49,1624,bf_det_k16_l16_r16_c16_m4_w10g4_d32_s2_q2,49,1624,1,1,0.000000e+00,1,1,1,0
qpsk,64,16,1.000000e+00,23215,dsp,1560,bf_det_k16_l4_r1_c4_m4_w10g4_d32_s2_q2,38,11662,bf_det_k16_l4_r1_c4_m3_w10g4_d32_s2_q2,38,11662,1,1,0.000000e+00,1,0,1,0
qpsk,64,16,1.000000e+00,23215,lut,1561,bf_det_k16_l1_r4_c4_m4_w12g0_d64_s2_q2,19260,20902,bf_det_k16_l1_r4_c4_m4_w12g0_d32_s2_q2,18614,20902,1,1,3.471000e+00,1,0,0,0
qpsk,64,16,1.000000e+00,23215,ff,1562,bf_det_k16_l1_r4_c4_m3_w10g4_d32_s2_q2,11712,21778,bf_det_k16_l1_r4_c4_m3_w10g4_d32_s2_q2,11712,21778,1,1,0.000000e+00,1,1,1,0
qpsk,64,16,1.000000e+00,23215,bram,1563,bf_det_k16_l1_r16_c4_m4_w12g0_d32_s2_q2,27,18796,bf_det_k16_l1_r16_c4_m4_w12g0_d32_s2_q2,27,18796,1,1,0.000000e+00,1,1,1,0
qpsk,64,16,1.000000e+00,35947,dsp,1564,bf_det_k16_l1_r1_c4_m4_w10g4_d32_s2_q2,20,29722,bf_det_k16_l1_r1_c4_m4_w10g4_d32_s2_q2,20,29722,1,1,0.000000e+00,1,1,1,0
qpsk,64,16,1.000000e+00,35947,lut,1565,bf_det_k16_l1_r1_c4_m4_w12g0_d64_s2_q2,17167,28942,bf_det_k16_l1_r1_c4_m4_w12g0_d32_s2_q2,16521,28942,1,1,3.910000e+00,1,0,0,0
qpsk,64,16,1.000000e+00,35947,ff,1566,bf_det_k16_l1_r1_c4_m3_w10g4_d32_s2_q2,9762,30106,bf_det_k16_l1_r1_c4_m3_w10g4_d32_s2_q2,9762,30106,1,1,0.000000e+00,1,1,1,0
qpsk,64,16,1.000000e+00,35947,bram,1567,bf_det_k16_l1_r16_c4_m4_w12g0_d32_s2_q2,27,18796,bf_det_k16_l1_r16_c4_m4_w12g0_d32_s2_q2,27,18796,1,1,0.000000e+00,1,1,1,0
qpsk,128,4,2.500000e-01,710,dsp,288,bf_det_k4_l16_r4_c16_m4_w10g4_d32_s2_q2,275,679,bf_det_k4_l16_r4_c16_m4_w10g4_d32_s2_q2,275,679,1,1,0.000000e+00,1,1,1,0
qpsk,128,4,2.500000e-01,710,lut,289,bf_det_k4_l16_r4_c16_m4_w14g0_d64_s2_q2,84673,687,bf_det_k4_l16_r4_c16_m4_w14g0_d32_s2_q2,84021,687,1,1,7.760000e-01,1,0,0,0
qpsk,128,4,2.500000e-01,710,ff,290,bf_det_k4_l16_r4_c16_m3_w10g4_d32_s2_q2,49221,687,bf_det_k4_l16_r4_c16_m3_w10g4_d32_s2_q2,49221,687,1,1,0.000000e+00,1,1,1,0
qpsk,128,4,2.500000e-01,710,bram,291,bf_det_k4_l16_r4_c16_m4_w10g4_d32_s2_q2,40,679,bf_det_k4_l16_r4_c16_m4_w10g4_d32_s2_q2,40,679,1,1,0.000000e+00,1,1,1,0
qpsk,128,4,2.500000e-01,1057,dsp,292,bf_det_k4_l16_r1_c16_m4_w10g4_d32_s2_q2,131,987,bf_det_k4_l16_r1_c16_m4_w10g4_d32_s2_q2,131,987,1,1,0.000000e+00,1,1,1,0
qpsk,128,4,2.500000e-01,1057,lut,293,bf_det_k4_l16_r1_c16_m4_w14g0_d64_s2_q2,77049,989,bf_det_k4_l16_r1_c16_m4_w12g4_d32_s2_q2,75493,1027,1,1,2.061000e+00,1,0,0,0
qpsk,128,4,2.500000e-01,1057,ff,294,bf_det_k4_l16_r1_c16_m4_w10g4_d32_s2_q2,41862,987,bf_det_k4_l16_r1_c16_m3_w10g4_d32_s2_q2,41722,1019,1,1,3.360000e-01,1,0,0,0
qpsk,128,4,2.500000e-01,1057,bram,295,bf_det_k4_l16_r4_c16_m4_w10g4_d32_s2_q2,40,679,bf_det_k4_l16_r4_c16_m4_w10g4_d32_s2_q2,40,679,1,1,0.000000e+00,1,1,1,0
qpsk,128,4,2.500000e-01,1573,dsp,296,bf_det_k4_l16_r1_c16_m4_w10g4_d32_s2_q2,131,987,bf_det_k4_l16_r1_c16_m4_w10g4_d32_s2_q2,131,987,1,1,0.000000e+00,1,1,1,0
qpsk,128,4,2.500000e-01,1573,lut,297,bf_det_k4_l16_r1_c16_m4_w12g4_d64_s2_q2,76113,1027,bf_det_k4_l16_r1_c16_m4_w12g4_d32_s2_q2,75493,1027,1,1,8.210000e-01,1,0,0,0
qpsk,128,4,2.500000e-01,1573,ff,298,bf_det_k4_l16_r1_c16_m3_w10g4_d32_s2_q2,41722,1019,bf_det_k4_l16_r1_c16_m3_w10g4_d32_s2_q2,41722,1019,1,1,0.000000e+00,1,1,1,0
qpsk,128,4,2.500000e-01,1573,bram,299,bf_det_k4_l16_r4_c16_m4_w10g4_d32_s2_q2,40,679,bf_det_k4_l16_r4_c16_m4_w10g4_d32_s2_q2,40,679,1,1,0.000000e+00,1,1,1,0
qpsk,128,4,2.500000e-01,2341,dsp,300,bf_det_k4_l4_r1_c4_m4_w10g4_d32_s2_q2,38,2295,bf_det_k4_l4_r1_c4_m4_w10g4_d32_s2_q2,38,2295,1,1,0.000000e+00,1,1,1,0
qpsk,128,4,2.500000e-01,2341,lut,301,bf_det_k4_l4_r1_c4_m4_w14g0_d64_s2_q2,28258,2311,bf_det_k4_l4_r1_c4_m4_w14g0_d32_s2_q2,27606,2311,1,1,2.362000e+00,1,0,0,0
qpsk,128,4,2.500000e-01,2341,ff,302,bf_det_k4_l4_r1_c4_m4_w10g4_d32_s2_q2,16016,2295,bf_det_k4_l4_r1_c4_m4_w10g4_d32_s2_q2,16016,2295,1,1,0.000000e+00,1,1,1,0
qpsk,128,4,2.500000e-01,2341,bram,303,bf_det_k4_l4_r4_c4_m4_w10g4_d32_s2_q2,16,2197,bf_det_k4_l4_r4_c4_m4_w10g4_d32_s2_q2,16,2197,1,1,0.000000e+00,1,1,1,0
qpsk,128,4,2.500000e-01,3485,dsp,304,bf_det_k4_l4_r1_c4_m4_w10g4_d32_s2_q2,38,2295,bf_det_k4_l4_r1_c4_m4_w10g4_d32_s2_q2,38,2295,1,1,0.000000e+00,1,1,1,0
qpsk,128,4,2.500000e-01,3485,lut,305,bf_det_k4_l4_r1_c4_m4_w12g4_d64_s2_q2,28088,2431,bf_det_k4_l4_r1_c4_m4_w12g4_d32_s2_q2,27468,2431,1,1,2.257000e+00,1,0,0,0
qpsk,128,4,2.500000e-01,3485,ff,306,bf_det_k4_l4_r1_c4_m3_w10g4_d32_s2_q2,16046,2297,bf_det_k4_l4_r1_c4_m4_w10g4_d32_s2_q2,16016,2295,1,1,1.870000e-01,1,0,0,0
qpsk,128,4,2.500000e-01,3485,bram,307,bf_det_k4_l4_r4_c4_m4_w10g4_d32_s2_q2,16,2197,bf_det_k4_l4_r4_c4_m4_w10g4_d32_s2_q2,16,2197,1,1,0.000000e+00,1,1,1,0
qpsk,128,4,2.500000e-01,5188,dsp,308,bf_det_k4_l4_r1_c4_m4_w10g4_d32_s2_q2,38,2295,bf_det_k4_l4_r1_c4_m4_w10g4_d32_s2_q2,38,2295,1,1,0.000000e+00,1,1,1,0
qpsk,128,4,2.500000e-01,5188,lut,309,bf_det_k4_l4_r1_c4_m4_w12g4_d64_s2_q2,28088,2431,bf_det_k4_l4_r1_c4_m4_w12g4_d32_s2_q2,27468,2431,1,1,2.257000e+00,1,0,0,0
qpsk,128,4,2.500000e-01,5188,ff,310,bf_det_k4_l4_r1_c4_m3_w10g4_d32_s2_q2,16046,2297,bf_det_k4_l4_r1_c4_m4_w10g4_d32_s2_q2,16016,2295,1,1,1.870000e-01,1,0,0,0
qpsk,128,4,2.500000e-01,5188,bram,311,bf_det_k4_l4_r4_c4_m4_w10g4_d32_s2_q2,16,2197,bf_det_k4_l4_r4_c4_m4_w10g4_d32_s2_q2,16,2197,1,1,0.000000e+00,1,1,1,0
qpsk,128,4,2.500000e-01,7723,dsp,312,bf_det_k4_l4_r1_c4_m4_w10g4_d32_s2_q2,38,2295,bf_det_k4_l4_r1_c4_m4_w10g4_d32_s2_q2,38,2295,1,1,0.000000e+00,1,1,1,0
qpsk,128,4,2.500000e-01,7723,lut,313,bf_det_k4_l1_r4_c4_m4_w14g0_d64_s2_q2,17453,7693,bf_det_k4_l1_r4_c4_m4_w14g0_d32_s2_q2,16767,7693,1,1,4.091000e+00,1,0,0,0
qpsk,128,4,2.500000e-01,7723,ff,314,bf_det_k4_l1_r4_c4_m3_w10g4_d32_s2_q2,11362,7709,bf_det_k4_l1_r4_c4_m3_w10g4_d32_s2_q2,11362,7709,1,1,0.000000e+00,1,1,1,0
qpsk,128,4,2.500000e-01,7723,bram,315,bf_det_k4_l1_r4_c4_m4_w10g4_d32_s2_q2,14,7677,bf_det_k4_l1_r4_c4_m4_w10g4_d32_s2_q2,14,7677,1,1,0.000000e+00,1,1,1,0
qpsk,128,4,2.500000e-01,11497,dsp,316,bf_det_k4_l1_r1_c4_m4_w10g4_d32_s2_q2,20,8345,bf_det_k4_l1_r1_c4_m4_w10g4_d32_s2_q2,20,8345,1,1,0.000000e+00,1,1,1,0
qpsk,128,4,2.500000e-01,11497,lut,317,bf_det_k4_l1_r1_c4_m4_w12g4_d64_s2_q2,15481,8865,bf_det_k4_l1_r1_c4_m4_w14g0_d32_s2_q2,14774,8409,1,1,4.785000e+00,1,0,0,0
qpsk,128,4,2.500000e-01,11497,ff,318,bf_det_k4_l1_r1_c4_m3_w10g4_d32_s2_q2,9486,8473,bf_det_k4_l1_r1_c4_m3_w10g4_d32_s2_q2,9486,8473,1,1,0.000000e+00,1,1,1,0
qpsk,128,4,2.500000e-01,11497,bram,319,bf_det_k4_l1_r4_c4_m4_w10g4_d32_s2_q2,14,7677,bf_det_k4_l1_r4_c4_m4_w10g4_d32_s2_q2,14,7677,1,1,0.000000e+00,1,1,1,0
qpsk,128,4,5.000000e-01,710,dsp,1216,bf_det_k4_l16_r4_c16_m4_w10g4_d32_s2_q2,275,679,bf_det_k4_l16_r4_c16_m4_w8g8_d32_s2_q2,179,707,1,1,5.363100e+01,0,0,0,0
qpsk,128,4,5.000000e-01,710,lut,1217,bf_det_k4_l16_r4_c16_m4_w14g0_d64_s2_q2,84673,687,bf_det_k4_l16_r4_c16_m4_w14g0_d32_s2_q2,84021,687,1,1,7.760000e-01,1,0,0,0
qpsk,128,4,5.000000e-01,710,ff,1218,bf_det_k4_l16_r4_c16_m3_w10g4_d32_s2_q2,49221,687,bf_det_k4_l16_r4_c16_m4_w8g8_d32_s2_q2,45797,707,1,1,7.476000e+00,1,0,0,0
qpsk,128,4,5.000000e-01,710,bram,1219,bf_det_k4_l16_r4_c16_m4_w10g4_d32_s2_q2,40,679,bf_det_k4_l16_r4_c16_m4_w8g8_d32_s2_q2,36,707,1,1,1.111100e+01,0,0,0,0
qpsk,128,4,5.000000e-01,1066,dsp,1220,bf_det_k4_l16_r1_c16_m4_w8g8_d32_s2_q2,83,1015,bf_det_k4_l16_r1_c16_m4_w8g8_d32_s2_q2,83,1015,1,1,0.000000e+00,1,1,1,0
qpsk,128,4,5.000000e-01,1066,lut,1221,bf_det_k4_l16_r1_c16_m4_w14g0_d64_s2_q2,77049,989,bf_det_k4_l16_r1_c16_m3_w8g8_d32_s2_q2,74443,1047,1,1,3.501000e+00,1,0,0,0
qpsk,128,4,5.000000e-01,1066,ff,1222,bf_det_k4_l16_r1_c16_m4_w8g8_d32_s2_q2,38531,1015,bf_det_k4_l16_r1_c16_m3_w8g8_d32_s2_q2,38423,1047,1,1,2.810000e-01,1,0,0,0
qpsk,128,4,5.000000e-01,1066,bram,1223,bf_det_k4_l16_r4_c16_m4_w8g8_d32_s2_q2,36,707,bf_det_k4_l16_r4_c16_m4_w8g8_d32_s2_q2,36,707,1,1,0.000000e+00,1,1,1,0
qpsk,128,4,5.000000e-01,1600,dsp,1224,bf_det_k4_l16_r1_c16_m4_w8g8_d32_s2_q2,83,1015,bf_det_k4_l16_r1_c16_m4_w8g8_d32_s2_q2,83,1015,1,1,0.000000e+00,1,1,1,0
qpsk,128,4,5.000000e-01,1600,lut,1225,bf_det_k4_l16_r1_c16_m4_w12g0_d64_s2_q2,71451,1402,bf_det_k4_l16_r1_c16_m3_w8g4_d32_s2_q2,70661,1434,1,1,1.118000e+00,1,0,0,0
qpsk,128,4,5.000000e-01,1600,ff,1226,bf_det_k4_l16_r1_c16_m3_w8g4_d32_s2_q2,35071,1434,bf_det_k4_l16_r1_c16_m3_w8g4_d32_s2_q2,35071,1434,1,1,0.000000e+00,1,1,1,0
qpsk,128,4,5.000000e-01,1600,bram,1227,bf_det_k4_l16_r4_c16_m4_w8g8_d32_s2_q2,36,707,bf_det_k4_l16_r4_c16_m4_w8g8_d32_s2_q2,36,707,1,1,0.000000e+00,1,1,1,0
qpsk,128,4,5.000000e-01,2402,dsp,1228,bf_det_k4_l4_r1_c4_m4_w8g8_d32_s2_q2,26,2383,bf_det_k4_l4_r1_c4_m4_w8g8_d32_s2_q2,26,2383,1,1,0.000000e+00,1,1,1,0
qpsk,128,4,5.000000e-01,2402,lut,1229,bf_det_k4_l4_r1_c4_m4_w12g4_d64_s2_q2,28088,2431,bf_det_k4_l4_r1_c4_m3_w8g8_d32_s2_q2,27085,2385,1,1,3.703000e+00,1,0,0,0
qpsk,128,4,5.000000e-01,2402,ff,1230,bf_det_k4_l4_r1_c4_m4_w8g8_d32_s2_q2,15091,2383,bf_det_k4_l4_r1_c4_m4_w8g8_d32_s2_q2,15091,2383,1,1,0.000000e+00,1,1,1,0
qpsk,128,4,5.000000e-01,2402,bram,1231,bf_det_k4_l4_r4_c4_m4_w8g8_d32_s2_q2,12,2285,bf_det_k4_l4_r4_c4_m4_w8g8_d32_s2_q2,12,2285,1,1,0.000000e+00,1,1,1,0
qpsk,128,4,5.000000e-01,3606,dsp,1232,bf_det_k4_l4_r1_c4_m4_w8g8_d32_s2_q2,26,2383,bf_det_k4_l4_r1_c4_m4_w8g8_d32_s2_q2,26,2383,1,1,0.000000e+00,1,1,1,0
qpsk,128,4,5.000000e-01,3606,lut,1233,bf_det_k4_l4_r1_c4_m3_w8g4_d64_s2_q2,26599,3114,bf_det_k4_l4_r1_c4_m3_w8g4_d32_s2_q2,26027,3114,1,1,2.198000e+00,1,0,0,0
qpsk,128,4,5.000000e-01,3606,ff,1234,bf_det_k4_l4_r1_c4_m3_w8g4_d32_s2_q2,14287,3114,bf_det_k4_l4_r1_c4_m4_w8g4_d32_s2_q2,14235,3111,1,1,3.650000e-01,1,0,0,0
qpsk,128,4,5.000000e-01,3606,bram,1235,bf_det_k4_l4_r4_c4_m4_w8g8_d32_s2_q2,12,2285,bf_det_k4_l4_r4_c4_m4_w8g8_d32_s2_q2,12,2285,1,1,0.000000e+00,1,1,1,0
qpsk,128,4,5.000000e-01,5414,dsp,1236,bf_det_k4_l4_r1_c4_m4_w8g8_d32_s2_q2,26,2383,bf_det_k4_l4_r1_c4_m4_w8g8_d32_s2_q2,26,2383,1,1,0.000000e+00,1,1,1,0
qpsk,128,4,5.000000e-01,5414,lut,1237,bf_det_k4_l4_r1_c4_m3_w8g4_d64_s2_q2,26599,3114,bf_det_k4_l4_r1_c4_m3_w8g4_d32_s2_q2,26027,3114,1,1,2.198000e+00,1,0,0,0
qpsk,128,4,5.000000e-01,5414,ff,1238,bf_det_k4_l4_r1_c4_m3_w8g4_d32_s2_q2,14287,3114,bf_det_k4_l4_r1_c4_m4_w8g4_d32_s2_q2,14235,3111,1,1,3.650000e-01,1,0,0,0
qpsk,128,4,5.000000e-01,5414,bram,1239,bf_det_k4_l4_r4_c4_m4_w8g8_d32_s2_q2,12,2285,bf_det_k4_l4_r4_c4_m4_w8g8_d32_s2_q2,12,2285,1,1,0.000000e+00,1,1,1,0
qpsk,128,4,5.000000e-01,8128,dsp,1240,bf_det_k4_l4_r1_c4_m4_w8g8_d32_s2_q2,26,2383,bf_det_k4_l4_r1_c4_m4_w8g8_d32_s2_q2,26,2383,1,1,0.000000e+00,1,1,1,0
qpsk,128,4,5.000000e-01,8128,lut,1241,bf_det_k4_l1_r4_c4_m4_w12g4_d64_s2_q2,17360,8197,bf_det_k4_l1_r4_c4_m3_w8g8_d32_s2_q2,16692,7973,1,1,4.002000e+00,1,0,0,0
qpsk,128,4,5.000000e-01,8128,ff,1242,bf_det_k4_l1_r4_c4_m3_w8g8_d32_s2_q2,10756,7973,bf_det_k4_l1_r4_c4_m3_w8g8_d32_s2_q2,10756,7973,1,1,0.000000e+00,1,1,1,0
qpsk,128,4,5.000000e-01,8128,bram,1243,bf_det_k4_l4_r4_c4_m4_w8g8_d32_s2_q2,12,2285,bf_det_k4_l4_r4_c4_m4_w8g8_d32_s2_q2,12,2285,1,1,0.000000e+00,1,1,1,0
qpsk,128,4,5.000000e-01,12203,dsp,1244,bf_det_k4_l1_r1_c4_m4_w8g8_d32_s2_q2,14,8609,bf_det_k4_l1_r1_c4_m4_w8g8_d32_s2_q2,14,8609,1,1,0.000000e+00,1,1,1,0
qpsk,128,4,5.000000e-01,12203,lut,1245,bf_det_k4_l1_r1_c4_m4_w12g0_d64_s2_q2,15047,11494,bf_det_k4_l1_r1_c4_m4_w12g0_d32_s2_q2,14393,11494,1,1,4.544000e+00,1,0,0,0
qpsk,128,4,5.000000e-01,12203,ff,1246,bf_det_k4_l1_r1_c4_m3_w8g4_d32_s2_q2,8974,11334,bf_det_k4_l1_r1_c4_m3_w8g4_d32_s2_q2,8974,11334,1,1,0.000000e+00,1,1,1,0
qpsk,128,4,5.000000e-01,12203,bram,1247,bf_det_k4_l4_r4_c4_m4_w8g8_d32_s2_q2,12,2285,bf_det_k4_l4_r4_c4_m4_w8g8_d32_s2_q2,12,2285,1,1,0.000000e+00,1,1,1,0
qpsk,128,4,1.000000e+00,330,dsp,1568,,,,bf_det_k4_l16_r4_c16_m4_w10g0_d32_s2_q2,275,318,0,0,,0,0,0,0
qpsk,128,4,1.000000e+00,330,lut,1569,,,,bf_det_k4_l16_r4_c16_m3_w10g0_d32_s2_q2,80447,322,0,0,,0,0,0,0
qpsk,128,4,1.000000e+00,330,ff,1570,,,,bf_det_k4_l16_r4_c16_m3_w10g0_d32_s2_q2,45789,322,0,0,,0,0,0,0
qpsk,128,4,1.000000e+00,330,bram,1571,,,,bf_det_k4_l16_r4_c16_m4_w10g0_d32_s2_q2,40,318,0,0,,0,0,0,0
qpsk,128,4,1.000000e+00,531,dsp,1572,bf_det_k4_l16_r1_c16_m4_w10g0_d32_s2_q2,131,472,bf_det_k4_l16_r1_c16_m4_w10g0_d32_s2_q2,131,472,1,1,0.000000e+00,1,1,1,0
qpsk,128,4,1.000000e+00,531,lut,1573,bf_det_k4_l16_r1_c16_m4_w12g0_d64_s2_q2,71451,492,bf_det_k4_l16_r1_c16_m4_w12g0_d32_s2_q2,70831,492,1,1,8.750000e-01,1,0,0,0
qpsk,128,4,1.000000e+00,531,ff,1574,bf_det_k4_l16_r1_c16_m3_w10g0_d32_s2_q2,38290,488,bf_det_k4_l16_r1_c16_m3_w10g0_d32_s2_q2,38290,488,1,1,0.000000e+00,1,1,1,0
qpsk,128,4,1.000000e+00,531,bram,1575,bf_det_k4_l16_r4_c16_m4_w10g0_d32_s2_q2,40,318,bf_det_k4_l16_r4_c16_m4_w10g0_d32_s2_q2,40,318,1,1,0.000000e+00,1,1,1,0
qpsk,128,4,1.000000e+00,856,dsp,1576,bf_det_k4_l16_r1_c16_m4_w10g0_d32_s2_q2,131,472,bf_det_k4_l16_r1_c16_m4_w10g0_d32_s2_q2,131,472,1,1,0.000000e+00,1,1,1,0
qpsk,128,4,1.000000e+00,856,lut,1577,bf_det_k4_l16_r1_c16_m4_w12g0_d64_s2_q2,71451,492,bf_det_k4_l16_r1_c16_m4_w12g0_d32_s2_q2,70831,492,1,1,8.750000e-01,1,0,0,0
qpsk,128,4,1.000000e+00,856,ff,1578,bf_det_k4_l16_r1_c16_m3_w10g0_d32_s2_q2,38290,488,bf_det_k4_l16_r1_c16_m3_w10g0_d32_s2_q2,38290,488,1,1,0.000000e+00,1,1,1,0
qpsk,128,4,1.000000e+00,856,bram,1579,bf_det_k4_l16_r4_c16_m4_w8g4_d32_s2_q2,36,627,bf_det_k4_l16_r4_c16_m4_w8g4_d32_s2_q2,36,627,1,1,0.000000e+00,1,1,1,0
qpsk,128,4,1.000000e+00,1380,dsp,1580,bf_det_k4_l4_r1_c4_m4_w10g0_d32_s2_q2,38,1075,bf_det_k4_l4_r1_c4_m4_w10g0_d32_s2_q2,38,1075,1,1,0.000000e+00,1,1,1,0
qpsk,128,4,1.000000e+00,1380,lut,1581,bf_det_k4_l4_r1_c4_m4_w12g0_d64_s2_q2,26810,1143,bf_det_k4_l4_r1_c4_m4_w12g0_d32_s2_q2,26190,1143,1,1,2.367000e+00,1,0,0,0
qpsk,128,4,1.000000e+00,1380,ff,1582,bf_det_k4_l4_r1_c4_m3_w10g0_d32_s2_q2,15170,1076,bf_det_k4_l4_r1_c4_m4_w10g0_d32_s2_q2,15140,1075,1,1,1.980000e-01,1,0,0,0
qpsk,128,4,1.000000e+00,1380,bram,1583,bf_det_k4_l4_r4_c4_m4_w10g0_d32_s2_q2,16,1026,bf_det_k4_l4_r4_c4_m4_w10g0_d32_s2_q2,16,1026,1,1,0.000000e+00,1,1,1,0
qpsk,128,4,1.000000e+00,2224,dsp,1584,bf_det_k4_l4_r1_c4_m4_w8g4_d32_s2_q2,26,2111,bf_det_k4_l4_r1_c4_m4_w8g4_d32_s2_q2,26,2111,1,1,0.000000e+00,1,1,1,0
qpsk,128,4,1.000000e+00,2224,lut,1585,bf_det_k4_l4_r1_c4_m4_w12g0_d64_s2_q2,26810,1143,bf_det_k4_l4_r1_c4_m3_w8g4_d32_s2_q2,26027,2113,1,1,3.008000e+00,1,0,0,0
qpsk,128,4,1.000000e+00,2224,ff,1586,bf_det_k4_l4_r1_c4_m4_w8g4_d32_s2_q2,14235,2111,bf_det_k4_l4_r1_c4_m4_w8g4_d32_s2_q2,14235,2111,1,1,0.000000e+00,1,1,1,0
qpsk,128,4,1.000000e+00,2224,bram,1587,bf_det_k4_l4_r4_c4_m4_w8g4_d32_s2_q2,12,2013,bf_det_k4_l4_r4_c4_m4_w8g4_d32_s2_q2,12,2013,1,1,0.000000e+00,1,1,1,0
qpsk,128,4,1.000000e+00,3585,dsp,1588,bf_det_k4_l4_r1_c4_m4_w8g4_d32_s2_q2,26,2111,bf_det_k4_l4_r1_c4_m4_w8g4_d32_s2_q2,26,2111,1,1,0.000000e+00,1,1,1,0
qpsk,128,4,1.000000e+00,3585,lut,1589,bf_det_k4_l1_r4_c4_m3_w10g0_d64_s2_q2,17194,3578,bf_det_k4_l1_r4_c4_m3_w10g0_d32_s2_q2,16556,3578,1,1,3.854000e+00,1,0,0,0
qpsk,128,4,1.000000e+00,3585,ff,1590,bf_det_k4_l1_r4_c4_m3_w10g0_d32_s2_q2,11125,3578,bf_det_k4_l1_r4_c4_m3_w10g0_d32_s2_q2,11125,3578,1,1,0.000000e+00,1,1,1,0
qpsk,128,4,1.000000e+00,3585,bram,1591,bf_det_k4_l4_r4_c4_m4_w8g4_d32_s2_q2,12,2013,bf_det_k4_l4_r4_c4_m4_w8g4_d32_s2_q2,12,2013,1,1,0.000000e+00,1,1,1,0
qpsk,128,4,1.000000e+00,5779,dsp,1592,bf_det_k4_l1_r1_c4_m4_w10g0_d32_s2_q2,20,3896,bf_det_k4_l1_r1_c4_m4_w10g0_d32_s2_q2,20,3896,1,1,0.000000e+00,1,1,1,0
qpsk,128,4,1.000000e+00,5779,lut,1593,bf_det_k4_l1_r1_c4_m4_w12g0_d64_s2_q2,15047,4156,bf_det_k4_l1_r1_c4_m4_w12g0_d32_s2_q2,14393,4156,1,1,4.544000e+00,1,0,0,0
qpsk,128,4,1.000000e+00,5779,ff,1594,bf_det_k4_l1_r1_c4_m3_w10g0_d32_s2_q2,9249,3960,bf_det_k4_l1_r1_c4_m3_w10g0_d32_s2_q2,9249,3960,1,1,0.000000e+00,1,1,1,0
qpsk,128,4,1.000000e+00,5779,bram,1595,bf_det_k4_l4_r4_c4_m4_w8g4_d32_s2_q2,12,2013,bf_det_k4_l4_r4_c4_m4_w8g4_d32_s2_q2,12,2013,1,1,0.000000e+00,1,1,1,0
qpsk,128,4,1.000000e+00,9315,dsp,1596,bf_det_k4_l1_r1_c4_m4_w8g4_d32_s2_q2,14,7569,bf_det_k4_l1_r1_c4_m4_w8g4_d32_s2_q2,14,7569,1,1,0.000000e+00,1,1,1,0
qpsk,128,4,1.000000e+00,9315,lut,1597,bf_det_k4_l1_r1_c4_m4_w12g0_d64_s2_q2,15047,4156,bf_det_k4_l1_r1_c4_m4_w12g0_d32_s2_q2,14393,4156,1,1,4.544000e+00,1,0,0,0
qpsk,128,4,1.000000e+00,9315,ff,1598,bf_det_k4_l1_r1_c4_m3_w8g4_d32_s2_q2,8974,7697,bf_det_k4_l1_r1_c4_m3_w8g4_d32_s2_q2,8974,7697,1,1,0.000000e+00,1,1,1,0
qpsk,128,4,1.000000e+00,9315,bram,1599,bf_det_k4_l4_r4_c4_m4_w8g4_d32_s2_q2,12,2013,bf_det_k4_l4_r4_c4_m4_w8g4_d32_s2_q2,12,2013,1,1,0.000000e+00,1,1,1,0
qpsk,128,8,2.500000e-01,833,dsp,1440,bf_det_k8_l16_r8_c16_m3_w12g0_d32_s2_q2,579,791,bf_det_k8_l16_r8_c16_m4_w10g4_d32_s2_q2,467,823,1,1,2.398300e+01,0,0,0,0
qpsk,128,8,2.500000e-01,833,lut,1441,bf_det_k8_l16_r8_c16_m4_w12g0_d64_s2_q2,91496,783,bf_det_k8_l16_r8_c16_m4_w12g0_d32_s2_q2,90883,783,1,1,6.740000e-01,1,0,0,0
qpsk,128,8,2.500000e-01,833,ff,1442,bf_det_k8_l16_r8_c16_m3_w12g0_d32_s2_q2,64329,791,bf_det_k8_l16_r8_c16_m3_w10g4_d32_s2_q2,59733,831,1,1,7.694000e+00,1,0,0,0
qpsk,128,8,2.500000e-01,833,bram,1443,bf_det_k8_l16_r8_c16_m4_w12g0_d32_s2_q2,59,783,bf_det_k8_l16_r8_c16_m4_w10g4_d32_s2_q2,49,823,1,1,2.040800e+01,0,0,0,0
qpsk,128,8,2.500000e-01,1261,dsp,1444,bf_det_k8_l16_r4_c16_m4_w10g4_d32_s2_q2,275,947,bf_det_k8_l16_r4_c16_m4_w10g4_d32_s2_q2,275,947,1,1,0.000000e+00,1,1,1,0
qpsk,128,8,2.500000e-01,1261,lut,1445,bf_det_k8_l16_r4_c16_m4_w12g0_d64_s2_q2,82058,907,bf_det_k8_l16_r4_c16_m4_w12g0_d32_s2_q2,81445,907,1,1,7.530000e-01,1,0,0,0
qpsk,128,8,2.500000e-01,1261,ff,1446,bf_det_k8_l16_r4_c16_m3_w10g4_d32_s2_q2,50529,963,bf_det_k8_l16_r4_c16_m3_w10g4_d32_s2_q2,50529,963,1,1,0.000000e+00,1,1,1,0
qpsk,128,8,2.500000e-01,1261,bram,1447,bf_det_k8_l16_r8_c16_m4_w10g4_d32_s2_q2,49,823,bf_det_k8_l16_r8_c16_m4_w10g4_d32_s2_q2,49,823,1,1,0.000000e+00,1,1,1,0
qpsk,128,8,2.500000e-01,1909,dsp,1448,bf_det_k8_l16_r1_c16_m4_w10g4_d32_s2_q2,131,1659,bf_det_k8_l16_r1_c16_m4_w10g4_d32_s2_q2,131,1659,1,1,0.000000e+00,1,1,1,0
qpsk,128,8,2.500000e-01,1909,lut,1449,bf_det_k8_l16_r1_c16_m4_w12g0_d64_s2_q2,74655,1619,bf_det_k8_l16_r1_c16_m4_w12g0_d32_s2_q2,74042,1619,1,1,8.280000e-01,1,0,0,0
qpsk,128,8,2.500000e-01,1909,ff,1450,bf_det_k8_l16_r1_c16_m3_w12g0_d32_s2_q2,44442,1683,bf_det_k8_l16_r1_c16_m3_w10g4_d32_s2_q2,42878,1723,1,1,3.648000e+00,1,0,0,0
qpsk,128,8,2.500000e-01,1909,bram,1451,bf_det_k8_l16_r8_c16_m4_w10g4_d32_s2_q2,49,823,bf_det_k8_l16_r8_c16_m4_w10g4_d32_s2_q2,49,823,1,1,0.000000e+00,1,1,1,0
qpsk,128,8,2.500000e-01,2892,dsp,1452,bf_det_k8_l4_r8_c4_m4_w10g4_d32_s2_q2,119,2789,bf_det_k8_l4_r8_c4_m4_w10g4_d32_s2_q2,119,2789,1,1,0.000000e+00,1,1,1,0
qpsk,128,8,2.500000e-01,2892,lut,1453,bf_det_k8_l4_r8_c4_m4_w12g0_d64_s2_q2,34025,2653,bf_det_k8_l4_r8_c4_m4_w12g0_d32_s2_q2,33412,2653,1,1,1.835000e+00,1,0,0,0
qpsk,128,8,2.500000e-01,2892,ff,1454,bf_det_k8_l4_r8_c4_m3_w10g4_d32_s2_q2,19947,2821,bf_det_k8_l4_r8_c4_m3_w10g4_d32_s2_q2,19947,2821,1,1,0.000000e+00,1,1,1,0
qpsk,128,8,2.500000e-01,2892,bram,1455,bf_det_k8_l4_r8_c4_m4_w12g0_d32_s2_q2,19,2653,bf_det_k8_l4_r8_c4_m4_w12g0_d32_s2_q2,19,2653,1,1,0.000000e+00,1,1,1,0
qpsk,128,8,2.500000e-01,4380,dsp,1456,bf_det_k8_l4_r1_c4_m4_w10g4_d32_s2_q2,38,3641,bf_det_k8_l4_r1_c4_m3_w10g4_d32_s2_q2,38,3641,1,1,0.000000e+00,1,0,1,0
qpsk,128,8,2.500000e-01,4380,lut,1457,bf_det_k8_l4_r1_c4_m4_w12g0_d64_s2_q2,30041,3505,bf_det_k8_l4_r1_c4_m3_w12g0_d32_s2_q2,29324,3507,1,1,2.445000e+00,1,0,0,0
qpsk,128,8,2.500000e-01,4380,ff,1458,bf_det_k8_l4_r1_c4_m3_w10g4_d32_s2_q2,16542,3641,bf_det_k8_l4_r1_c4_m3_w10g4_d32_s2_q2,16542,3641,1,1,0.000000e+00,1,1,1,0
qpsk,128,8,2.500000e-01,4380,bram,1459,bf_det_k8_l4_r8_c4_m4_w12g0_d32_s2_q2,19,2653,bf_det_k8_l4_r8_c4_m4_w12g0_d32_s2_q2,19,2653,1,1,0.000000e+00,1,1,1,0
qpsk,128,8,2.500000e-01,6633,dsp,1460,bf_det_k8_l4_r1_c4_m4_w10g4_d32_s2_q2,38,3641,bf_det_k8_l4_r1_c4_m3_w10g4_d32_s2_q2,38,3641,1,1,0.000000e+00,1,0,1,0
qpsk,128,8,2.500000e-01,6633,lut,1461,bf_det_k8_l4_r1_c4_m4_w12g0_d64_s2_q2,30041,3505,bf_det_k8_l4_r1_c4_m3_w12g0_d32_s2_q2,29324,3507,1,1,2.445000e+00,1,0,0,0
qpsk,128,8,2.500000e-01,6633,ff,1462,bf_det_k8_l4_r1_c4_m3_w10g4_d32_s2_q2,16542,3641,bf_det_k8_l4_r1_c4_m3_w10g4_d32_s2_q2,16542,3641,1,1,0.000000e+00,1,1,1,0
qpsk,128,8,2.500000e-01,6633,bram,1463,bf_det_k8_l4_r8_c4_m4_w12g0_d32_s2_q2,19,2653,bf_det_k8_l4_r8_c4_m4_w12g0_d32_s2_q2,19,2653,1,1,0.000000e+00,1,1,1,0
qpsk,128,8,2.500000e-01,10047,dsp,1464,bf_det_k8_l4_r1_c4_m4_w10g4_d32_s2_q2,38,3641,bf_det_k8_l4_r1_c4_m3_w10g4_d32_s2_q2,38,3641,1,1,0.000000e+00,1,0,1,0
qpsk,128,8,2.500000e-01,10047,lut,1465,bf_det_k8_l1_r4_c4_m4_w12g0_d64_s2_q2,17807,9385,bf_det_k8_l1_r4_c4_m4_w12g0_d32_s2_q2,17160,9385,1,1,3.770000e+00,1,0,0,0
qpsk,128,8,2.500000e-01,10047,ff,1466,bf_det_k8_l1_r4_c4_m3_w10g4_d32_s2_q2,11500,9969,bf_det_k8_l1_r4_c4_m3_w10g4_d32_s2_q2,11500,9969,1,1,0.000000e+00,1,1,1,0
qpsk,128,8,2.500000e-01,10047,bram,1467,bf_det_k8_l1_r8_c4_m4_w12g0_d32_s2_q2,15,9077,bf_det_k8_l1_r8_c4_m4_w12g0_d32_s2_q2,15,9077,1,1,0.000000e+00,1,1,1,0
qpsk,128,8,2.500000e-01,15217,dsp,1468,bf_det_k8_l1_r1_c4_m4_w10g4_d32_s2_q2,20,11625,bf_det_k8_l1_r1_c4_m4_w10g4_d32_s2_q2,20,11625,1,1,0.000000e+00,1,1,1,0
qpsk,128,8,2.500000e-01,15217,lut,1469,bf_det_k8_l1_r1_c4_m4_w12g0_d64_s2_q2,15841,11105,bf_det_k8_l1_r1_c4_m4_w12g0_d32_s2_q2,15194,11105,1,1,4.258000e+00,1,0,0,0
qpsk,128,8,2.500000e-01,15217,ff,1470,bf_det_k8_l1_r1_c4_m3_w10g4_d32_s2_q2,9595,11881,bf_det_k8_l1_r1_c4_m3_w10g4_d32_s2_q2,9595,11881,1,1,0.000000e+00,1,1,1,0
qpsk,128,8,2.500000e-01,15217,bram,1471,bf_det_k8_l1_r8_c4_m4_w12g0_d32_s2_q2,15,9077,bf_det_k8_l1_r8_c4_m4_w12g0_d32_s2_q2,15,9077,1,1,0.000000e+00,1,1,1,0
qpsk,128,8,5.000000e-01,833,dsp,1600,bf_det_k8_l16_r8_c16_m3_w12g0_d32_s2_q2,579,791,bf_det_k8_l16_r8_c16_m4_w10g4_d32_s2_q2,467,823,1,1,2.398300e+01,0,0,0,0
qpsk,128,8,5.000000e-01,833,lut,1601,bf_det_k8_l16_r8_c16_m4_w12g0_d64_s2_q2,91496,783,bf_det_k8_l16_r8_c16_m4_w12g0_d32_s2_q2,90883,783,1,1,6.740000e-01,1,0,0,0
qpsk,128,8,5.000000e-01,833,ff,1602,bf_det_k8_l16_r8_c16_m3_w12g0_d32_s2_q2,64329,791,bf_det_k8_l16_r8_c16_m3_w10g4_d32_s2_q2,59733,831,1,1,7.694000e+00,1,0,0,0
qpsk,128,8,5.000000e-01,833,bram,1603,bf_det_k8_l16_r8_c16_m4_w12g0_d32_s2_q2,59,783,bf_det_k8_l16_r8_c16_m4_w10g4_d32_s2_q2,49,823,1,1,2.040800e+01,0,0,0,0
qpsk,128,8,5.000000e-01,1340,dsp,1604,bf_det_k8_l16_r4_c16_m4_w8g8_d32_s2_q2,179,975,bf_det_k8_l16_r4_c16_m4_w8g8_d32_s2_q2,179,975,1,1,0.000000e+00,1,1,1,0
qpsk,128,8,5.000000e-01,1340,lut,1605,bf_det_k8_l16_r4_c16_m4_w12g0_d64_s2_q2,82058,907,bf_det_k8_l16_r4_c16_m4_w12g0_d32_s2_q2,81445,907,1,1,7.530000e-01,1,0,0,0
qpsk,128,8,5.000000e-01,1340,ff,1606,bf_det_k8_l16_r4_c16_m3_w8g8_d32_s2_q2,45935,991,bf_det_k8_l16_r4_c16_m3_w8g8_d32_s2_q2,45935,991,1,1,0.000000e+00,1,1,1,0
qpsk,128,8,5.000000e-01,1340,bram,1607,bf_det_k8_l16_r8_c16_m4_w8g8_d32_s2_q2,44,851,bf_det_k8_l16_r8_c16_m4_w8g8_d32_s2_q2,44,851,1,1,0.000000e+00,1,1,1,0
qpsk,128,8,5.000000e-01,2157,dsp,1608,bf_det_k8_l16_r1_c16_m4_w8g8_d32_s2_q2,83,1687,bf_det_k8_l16_r1_c16_m4_w8g8_d32_s2_q2,83,1687,1,1,0.000000e+00,1,1,1,0
qpsk,128,8,5.000000e-01,2157,lut,1609,bf_det_k8_l16_r1_c16_m4_w12g0_d64_s2_q2,74655,1619,bf_det_k8_l16_r1_c16_m4_w12g0_d32_s2_q2,74042,1619,1,1,8.280000e-01,1,0,0,0
qpsk,128,8,5.000000e-01,2157,ff,1610,bf_det_k8_l16_r1_c16_m3_w8g8_d32_s2_q2,39644,1751,bf_det_k8_l16_r1_c16_m3_w8g8_d32_s2_q2,39644,1751,1,1,0.000000e+00,1,1,1,0
qpsk,128,8,5.000000e-01,2157,bram,1611,bf_det_k8_l16_r8_c16_m4_w8g8_d32_s2_q2,44,851,bf_det_k8_l16_r8_c16_m4_w8g8_d32_s2_q2,44,851,1,1,0.000000e+00,1,1,1,0
qpsk,128,8,5.000000e-01,3472,dsp,1612,bf_det_k8_l4_r4_c4_m4_w8g8_d32_s2_q2,47,3185,bf_det_k8_l4_r4_c4_m4_w8g8_d32_s2_q2,47,3185,1,1,0.000000e+00,1,1,1,0
qpsk,128,8,5.000000e-01,3472,lut,1613,bf_det_k8_l4_r4_c4_m4_w12g0_d64_s2_q2,31302,2961,bf_det_k8_l4_r4_c4_m4_w12g0_d32_s2_q2,30689,2961,1,1,1.997000e+00,1,0,0,0
qpsk,128,8,5.000000e-01,3472,ff,1614,bf_det_k8_l4_r4_c4_m3_w8g8_d32_s2_q2,16375,3249,bf_det_k8_l4_r4_c4_m3_w8g8_d32_s2_q2,16375,3249,1,1,0.000000e+00,1,1,1,0
qpsk,128,8,5.000000e-01,3472,bram,1615,bf_det_k8_l4_r8_c4_m4_w8g8_d32_s2_q2,14,2877,bf_det_k8_l4_r8_c4_m4_w8g8_d32_s2_q2,14,2877,1,1,0.000000e+00,1,1,1,0
qpsk,128,8,5.000000e-01,5589,dsp,1616,bf_det_k8_l4_r1_c4_m4_w8g8_d32_s2_q2,26,3729,bf_det_k8_l4_r1_c4_m4_w8g8_d32_s2_q2,26,3729,1,1,0.000000e+00,1,1,1,0
qpsk,128,8,5.000000e-01,5589,lut,1617,bf_det_k8_l4_r1_c4_m4_w12g0_d64_s2_q2,30041,3505,bf_det_k8_l4_r1_c4_m3_w12g0_d32_s2_q2,29324,3507,1,1,2.445000e+00,1,0,0,0
qpsk,128,8,5.000000e-01,5589,ff,1618,bf_det_k8_l4_r1_c4_m3_w8g8_d32_s2_q2,15574,3729,bf_det_k8_l4_r1_c4_m3_w8g8_d32_s2_q2,15574,3729,1,1,0.000000e+00,1,1,1,0
qpsk,128,8,5.000000e-01,5589,bram,1619,bf_det_k8_l4_r8_c4_m4_w8g8_d32_s2_q2,14,2877,bf_det_k8_l4_r8_c4_m4_w8g8_d32_s2_q2,14,2877,1,1,0.000000e+00,1,1,1,0
qpsk,128,8,5.000000e-01,8998,dsp,1620,bf_det_k8_l4_r1_c4_m4_w8g8_d32_s2_q2,26,3729,bf_det_k8_l4_r1_c4_m4_w8g8_d32_s2_q2,26,3729,1,1,0.000000e+00,1,1,1,0
qpsk,128,8,5.000000e-01,8998,lut,1621,bf_det_k8_l1_r8_c4_m4_w12g0_d64_s2_q2,20315,9077,bf_det_k8_l4_r1_c4_m3_w8g4_d32_s2_q2,29077,6739,1,1,-3.013400e+01,1,0,0,0
qpsk,128,8,5.000000e-01,8998,ff,1622,bf_det_k8_l4_r1_c4_m3_w8g4_d32_s2_q2,14718,6739,bf_det_k8_l4_r1_c4_m3_w8g4_d32_s2_q2,14718,6739,1,1,0.000000e+00,1,1,1,0
qpsk,128,8,5.000000e-01,8998,bram,1623,bf_det_k8_l4_r8_c4_m4_w8g8_d32_s2_q2,14,2877,bf_det_k8_l4_r8_c4_m4_w8g8_d32_s2_q2,14,2877,1,1,0.000000e+00,1,1,1,0
qpsk,128,8,5.000000e-01,14485,dsp,1624,bf_det_k8_l1_r1_c4_m4_w8g8_d32_s2_q2,14,11889,bf_det_k8_l1_r1_c4_m4_w8g8_d32_s2_q2,14,11889,1,1,0.000000e+00,1,1,1,0
qpsk,128,8,5.000000e-01,14485,lut,1625,bf_det_k8_l1_r1_c4_m4_w12g0_d64_s2_q2,15841,11105,bf_det_k8_l1_r1_c4_m4_w12g0_d32_s2_q2,15194,11105,1,1,4.258000e+00,1,0,0,0
qpsk,128,8,5.000000e-01,14485,ff,1626,bf_det_k8_l1_r1_c4_m3_w8g8_d32_s2_q2,9302,12145,bf_det_k8_l1_r1_c4_m3_w8g8_d32_s2_q2,9302,12145,1,1,0.000000e+00,1,1,1,0
qpsk,128,8,5.000000e-01,14485,bram,1627,bf_det_k8_l4_r8_c4_m4_w8g8_d32_s2_q2,14,2877,bf_det_k8_l4_r8_c4_m4_w8g8_d32_s2_q2,14,2877,1,1,0.000000e+00,1,1,1,0
qpsk,128,8,5.000000e-01,23319,dsp,1628,bf_det_k8_l1_r1_c4_m4_w8g8_d32_s2_q2,14,11889,bf_det_k8_l1_r1_c4_m4_w8g8_d32_s2_q2,14,11889,1,1,0.000000e+00,1,1,1,0
qpsk,128,8,5.000000e-01,23319,lut,1629,bf_det_k8_l1_r1_c4_m4_w12g0_d64_s2_q2,15841,11105,bf_det_k8_l1_r1_c4_m4_w12g0_d32_s2_q2,15194,11105,1,1,4.258000e+00,1,0,0,0
qpsk,128,8,5.000000e-01,23319,ff,1630,bf_det_k8_l1_r1_c4_m3_w8g4_d32_s2_q2,9070,21531,bf_det_k8_l1_r1_c4_m3_w8g4_d32_s2_q2,9070,21531,1,1,0.000000e+00,1,1,1,0
qpsk,128,8,5.000000e-01,23319,bram,1631,bf_det_k8_l4_r8_c4_m4_w8g8_d32_s2_q2,14,2877,bf_det_k8_l4_r8_c4_m4_w8g8_d32_s2_q2,14,2877,1,1,0.000000e+00,1,1,1,0
qpsk,128,8,1.000000e+00,826,dsp,1632,bf_det_k8_l16_r8_c16_m4_w8g4_d32_s2_q2,307,771,bf_det_k8_l16_r8_c16_m4_w8g4_d32_s2_q2,307,771,1,1,0.000000e+00,1,1,1,0
qpsk,128,8,1.000000e+00,826,lut,1633,bf_det_k8_l16_r8_c16_m4_w12g0_d64_s2_q2,91496,783,bf_det_k8_l16_r8_c16_m3_w8g4_d32_s2_q2,90067,779,1,1,1.587000e+00,1,0,0,0
qpsk,128,8,1.000000e+00,826,ff,1634,bf_det_k8_l16_r8_c16_m3_w8g4_d32_s2_q2,50115,779,bf_det_k8_l16_r8_c16_m3_w8g4_d32_s2_q2,50115,779,1,1,0.000000e+00,1,1,1,0
qpsk,128,8,1.000000e+00,826,bram,1635,bf_det_k8_l16_r8_c16_m4_w8g4_d32_s2_q2,44,771,bf_det_k8_l16_r8_c16_m4_w8g4_d32_s2_q2,44,771,1,1,0.000000e+00,1,1,1,0
qpsk,128,8,1.000000e+00,1270,dsp,1636,bf_det_k8_l16_r4_c16_m4_w8g4_d32_s2_q2,179,895,bf_det_k8_l16_r4_c16_m4_w8g4_d32_s2_q2,179,895,1,1,0.000000e+00,1,1,1,0
qpsk,128,8,1.000000e+00,1270,lut,1637,bf_det_k8_l16_r4_c16_m4_w12g0_d64_s2_q2,82058,907,bf_det_k8_l16_r4_c16_m3_w8g4_d32_s2_q2,80757,911,1,1,1.611000e+00,1,0,0,0
qpsk,128,8,1.000000e+00,1270,ff,1638,bf_det_k8_l16_r4_c16_m3_w8g4_d32_s2_q2,42583,911,bf_det_k8_l16_r4_c16_m3_w8g4_d32_s2_q2,42583,911,1,1,0.000000e+00,1,1,1,0
qpsk,128,8,1.000000e+00,1270,bram,1639,bf_det_k8_l16_r8_c16_m4_w8g4_d32_s2_q2,44,771,bf_det_k8_l16_r8_c16_m4_w8g4_d32_s2_q2,44,771,1,1,0.000000e+00,1,1,1,0
qpsk,128,8,1.000000e+00,1953,dsp,1640,bf_det_k8_l16_r1_c16_m4_w8g4_d32_s2_q2,83,1607,bf_det_k8_l16_r1_c16_m4_w8g4_d32_s2_q2,83,1607,1,1,0.000000e+00,1,1,1,0
qpsk,128,8,1.000000e+00,1953,lut,1641,bf_det_k8_l16_r1_c16_m4_w12g0_d64_s2_q2,74655,1619,bf_det_k8_l16_r1_c16_m3_w8g4_d32_s2_q2,73492,1671,1,1,1.582000e+00,1,0,0,0
qpsk,128,8,1.000000e+00,1953,ff,1642,bf_det_k8_l16_r1_c16_m3_w8g4_d32_s2_q2,36292,1671,bf_det_k8_l16_r1_c16_m3_w8g4_d32_s2_q2,36292,1671,1,1,0.000000e+00,1,1,1,0
qpsk,128,8,1.000000e+00,1953,bram,1643,bf_det_k8_l16_r8_c16_m4_w8g4_d32_s2_q2,44,771,bf_det_k8_l16_r8_c16_m4_w8g4_d32_s2_q2,44,771,1,1,0.000000e+00,1,1,1,0
qpsk,128,8,1.000000e+00,3004,dsp,1644,bf_det_k8_l4_r4_c4_m4_w8g4_d32_s2_q2,47,2913,bf_det_k8_l4_r4_c4_m4_w8g4_d32_s2_q2,47,2913,1,1,0.000000e+00,1,1,1,0
qpsk,128,8,1.000000e+00,3004,lut,1645,bf_det_k8_l4_r4_c4_m4_w12g0_d64_s2_q2,31302,2961,bf_det_k8_l4_r4_c4_m3_w8g4_d32_s2_q2,30330,2977,1,1,3.205000e+00,1,0,0,0
qpsk,128,8,1.000000e+00,3004,ff,1646,bf_det_k8_l4_r4_c4_m4_w8g4_d32_s2_q2,16244,2913,bf_det_k8_l4_r4_c4_m3_w8g4_d32_s2_q2,15519,2977,1,1,4.672000e+00,1,0,0,0
qpsk,128,8,1.000000e+00,3004,bram,1647,bf_det_k8_l4_r8_c4_m4_w8g4_d32_s2_q2,14,2605,bf_det_k8_l4_r8_c4_m4_w8g4_d32_s2_q2,14,2605,1,1,0.000000e+00,1,1,1,0
qpsk,128,8,1.000000e+00,4622,dsp,1648,bf_det_k8_l4_r1_c4_m4_w8g4_d32_s2_q2,26,3457,bf_det_k8_l4_r1_c4_m4_w8g4_d32_s2_q2,26,3457,1,1,0.000000e+00,1,1,1,0
qpsk,128,8,1.000000e+00,4622,lut,1649,bf_det_k8_l4_r1_c4_m3_w8g4_d64_s2_q2,29648,3457,bf_det_k8_l4_r1_c4_m3_w8g4_d32_s2_q2,29077,3457,1,1,1.964000e+00,1,0,0,0
qpsk,128,8,1.000000e+00,4622,ff,1650,bf_det_k8_l4_r1_c4_m3_w8g4_d32_s2_q2,14718,3457,bf_det_k8_l4_r1_c4_m3_w8g4_d32_s2_q2,14718,3457,1,1,0.000000e+00,1,1,1,0
qpsk,128,8,1.000000e+00,4622,bram,1651,bf_det_k8_l4_r8_c4_m4_w8g4_d32_s2_q2,14,2605,bf_det_k8_l4_r8_c4_m4_w8g4_d32_s2_q2,14,2605,1,1,0.000000e+00,1,1,1,0
qpsk,128,8,1.000000e+00,7109,dsp,1652,bf_det_k8_l4_r1_c4_m4_w8g4_d32_s2_q2,26,3457,bf_det_k8_l4_r1_c4_m4_w8g4_d32_s2_q2,26,3457,1,1,0.000000e+00,1,1,1,0
qpsk,128,8,1.000000e+00,7109,lut,1653,bf_det_k8_l4_r1_c4_m3_w8g4_d64_s2_q2,29648,3457,bf_det_k8_l4_r1_c4_m3_w8g4_d32_s2_q2,29077,3457,1,1,1.964000e+00,1,0,0,0
qpsk,128,8,1.000000e+00,7109,ff,1654,bf_det_k8_l4_r1_c4_m3_w8g4_d32_s2_q2,14718,3457,bf_det_k8_l4_r1_c4_m3_w8g4_d32_s2_q2,14718,3457,1,1,0.000000e+00,1,1,1,0
qpsk,128,8,1.000000e+00,7109,bram,1655,bf_det_k8_l4_r8_c4_m4_w8g4_d32_s2_q2,14,2605,bf_det_k8_l4_r8_c4_m4_w8g4_d32_s2_q2,14,2605,1,1,0.000000e+00,1,1,1,0
qpsk,128,8,1.000000e+00,10937,dsp,1656,bf_det_k8_l4_r1_c4_m4_w8g4_d32_s2_q2,26,3457,bf_det_k8_l1_r1_c4_m4_w8g4_d32_s2_q2,14,10849,1,1,8.571400e+01,0,0,0,0
qpsk,128,8,1.000000e+00,10937,lut,1657,bf_det_k8_l1_r4_c4_m4_w12g0_d64_s2_q2,17807,9385,bf_det_k8_l1_r1_c4_m4_w8g4_d32_s2_q2,15513,10849,1,1,1.478800e+01,0,0,0,0
qpsk,128,8,1.000000e+00,10937,ff,1658,bf_det_k8_l1_r4_c4_m3_w8g4_d32_s2_q2,10649,9193,bf_det_k8_l1_r1_c4_m4_w8g4_d32_s2_q2,9104,10849,1,1,1.697100e+01,0,0,0,0
qpsk,128,8,1.000000e+00,10937,bram,1659,bf_det_k8_l4_r8_c4_m4_w8g4_d32_s2_q2,14,2605,bf_det_k8_l4_r8_c4_m4_w8g4_d32_s2_q2,14,2605,1,1,0.000000e+00,1,1,1,0
qpsk,128,8,1.000000e+00,16824,dsp,1660,bf_det_k8_l1_r1_c4_m4_w8g4_d32_s2_q2,14,10849,bf_det_k8_l1_r1_c4_m4_w8g4_d32_s2_q2,14,10849,1,1,0.000000e+00,1,1,1,0
qpsk,128,8,1.000000e+00,16824,lut,1661,bf_det_k8_l1_r1_c4_m4_w12g0_d64_s2_q2,15841,11105,bf_det_k8_l1_r1_c4_m4_w12g0_d32_s2_q2,15194,11105,1,1,4.258000e+00,1,0,0,0
qpsk,128,8,1.000000e+00,16824,ff,1662,bf_det_k8_l1_r1_c4_m3_w8g4_d32_s2_q2,9070,11105,bf_det_k8_l1_r1_c4_m3_w8g4_d32_s2_q2,9070,11105,1,1,0.000000e+00,1,1,1,0
qpsk,128,8,1.000000e+00,16824,bram,1663,bf_det_k8_l4_r8_c4_m4_w8g4_d32_s2_q2,14,2605,bf_det_k8_l4_r8_c4_m4_w8g4_d32_s2_q2,14,2605,1,1,0.000000e+00,1,1,1,0
qpsk,128,16,2.500000e-01,1739,dsp,1664,bf_det_k16_l16_r16_c16_m4_w10g4_d32_s2_q2,851,1624,bf_det_k16_l16_r16_c16_m4_w10g4_d32_s2_q2,851,1624,1,1,0.000000e+00,1,1,1,0
qpsk,128,16,2.500000e-01,1739,lut,1665,bf_det_k16_l16_r16_c16_m4_w12g4_d64_s2_q2,120229,1684,bf_det_k16_l16_r16_c16_m4_w12g4_d32_s2_q2,119617,1684,1,1,5.120000e-01,1,0,0,0
qpsk,128,16,2.500000e-01,1739,ff,1666,bf_det_k16_l16_r16_c16_m3_w10g4_d32_s2_q2,81447,1636,bf_det_k16_l16_r16_c16_m3_w10g4_d32_s2_q2,81447,1636,1,1,0.000000e+00,1,1,1,0
qpsk,128,16,2.500000e-01,1739,bram,1667,bf_det_k16_l16_r16_c16_m4_w10g4_d32_s2_q2,49,1624,bf_det_k16_l16_r16_c16_m4_w10g4_d32_s2_q2,49,1624,1,1,0.000000e+00,1,1,1,0
qpsk,128,16,2.500000e-01,2732,dsp,1668,bf_det_k16_l16_r4_c16_m4_w10g4_d32_s2_q2,275,2353,bf_det_k16_l16_r4_c16_m4_w10g4_d32_s2_q2,275,2353,1,1,0.000000e+00,1,1,1,0
qpsk,128,16,2.500000e-01,2732,lut,1669,bf_det_k16_l16_r4_c16_m4_w12g4_d64_s2_q2,92207,2413,bf_det_k16_l16_r4_c16_m4_w12g4_d32_s2_q2,91595,2413,1,1,6.680000e-01,1,0,0,0
qpsk,128,16,2.500000e-01,2732,ff,1670,bf_det_k16_l16_r4_c16_m3_w10g4_d32_s2_q2,53604,2401,bf_det_k16_l16_r4_c16_m3_w10g4_d32_s2_q2,53604,2401,1,1,0.000000e+00,1,1,1,0
qpsk,128,16,2.500000e-01,2732,bram,1671,bf_det_k16_l16_r16_c16_m4_w10g4_d32_s2_q2,49,1624,bf_det_k16_l16_r16_c16_m4_w10g4_d32_s2_q2,49,1624,1,1,0.000000e+00,1,1,1,0
qpsk,128,16,2.500000e-01,4291,dsp,1672,bf_det_k16_l16_r4_c16_m4_w10g4_d32_s2_q2,275,2353,bf_det_k16_l16_r4_c16_m4_w10g4_d32_s2_q2,275,2353,1,1,0.000000e+00,1,1,1,0
qpsk,128,16,2.500000e-01,4291,lut,1673,bf_det_k16_l16_r4_c16_m4_w12g0_d64_s2_q2,87545,3029,bf_det_k16_l16_r4_c16_m4_w12g0_d32_s2_q2,86933,3029,1,1,7.040000e-01,1,0,0,0
qpsk,128,16,2.500000e-01,4291,ff,1674,bf_det_k16_l16_r4_c16_m3_w10g4_d32_s2_q2,53604,2401,bf_det_k16_l16_r4_c16_m3_w10g4_d32_s2_q2,53604,2401,1,1,0.000000e+00,1,1,1,0
qpsk,128,16,2.500000e-01,4291,bram,1675,bf_det_k16_l16_r16_c16_m4_w10g4_d32_s2_q2,49,1624,bf_det_k16_l16_r16_c16_m4_w10g4_d32_s2_q2,49,1624,1,1,0.000000e+00,1,1,1,0
qpsk,128,16,2.500000e-01,6740,dsp,1676,bf_det_k16_l16_r1_c16_m4_w10g4_d32_s2_q2,131,5038,bf_det_k16_l16_r1_c16_m4_w10g4_d32_s2_q2,131,5038,1,1,0.000000e+00,1,1,1,0
qpsk,128,16,2.500000e-01,6740,lut,1677,bf_det_k16_l4_r16_c4_m4_w12g4_d64_s2_q2,43527,6004,bf_det_k16_l4_r16_c4_m4_w12g4_d32_s2_q2,42915,6004,1,1,1.426000e+00,1,0,0,0
qpsk,128,16,2.500000e-01,6740,ff,1678,bf_det_k16_l4_r16_c4_m3_w10g4_d32_s2_q2,25041,5824,bf_det_k16_l4_r16_c4_m3_w10g4_d32_s2_q2,25041,5824,1,1,0.000000e+00,1,1,1,0
qpsk,128,16,2.500000e-01,6740,bram,1679,bf_det_k16_l16_r16_c16_m4_w10g4_d32_s2_q2,49,1624,bf_det_k16_l16_r16_c16_m4_w10g4_d32_s2_q2,49,1624,1,1,0.000000e+00,1,1,1,0
qpsk,128,16,2.500000e-01,10586,dsp,1680,bf_det_k16_l4_r4_c4_m4_w10g4_d32_s2_q2,71,7834,bf_det_k16_l4_r4_c4_m4_w10g4_d32_s2_q2,71,7834,1,1,0.000000e+00,1,1,1,0
qpsk,128,16,2.500000e-01,10586,lut,1681,bf_det_k16_l4_r4_c4_m4_w12g0_d64_s2_q2,34792,10067,bf_det_k16_l4_r4_c4_m4_w12g0_d32_s2_q2,34180,10067,1,1,1.791000e+00,1,0,0,0
qpsk,128,16,2.500000e-01,10586,ff,1682,bf_det_k16_l4_r4_c4_m3_w10g4_d32_s2_q2,18005,7930,bf_det_k16_l4_r4_c4_m3_w10g4_d32_s2_q2,18005,7930,1,1,0.000000e+00,1,1,1,0
qpsk,128,16,2.500000e-01,10586,bram,1683,bf_det_k16_l16_r16_c16_m4_w10g4_d32_s2_q2,49,1624,bf_det_k16_l16_r16_c16_m4_w10g4_d32_s2_q2,49,1624,1,1,0.000000e+00,1,1,1,0
qpsk,128,16,2.500000e-01,16628,dsp,1684,bf_det_k16_l4_r1_c4_m4_w10g4_d32_s2_q2,38,11662,bf_det_k16_l4_r1_c4_m3_w10g4_d32_s2_q2,38,11662,1,1,0.000000e+00,1,0,1,0
qpsk,128,16,2.500000e-01,16628,lut,1685,bf_det_k16_l4_r1_c4_m4_w12g0_d64_s2_q2,33358,15167,bf_det_k16_l4_r1_c4_m4_w12g0_d32_s2_q2,32746,15167,1,1,1.869000e+00,1,0,0,0
qpsk,128,16,2.500000e-01,16628,ff,1686,bf_det_k16_l4_r1_c4_m3_w10g4_d32_s2_q2,16886,11662,bf_det_k16_l4_r1_c4_m3_w10g4_d32_s2_q2,16886,11662,1,1,0.000000e+00,1,1,1,0
qpsk,128,16,2.500000e-01,16628,bram,1687,bf_det_k16_l16_r16_c16_m4_w10g4_d32_s2_q2,49,1624,bf_det_k16_l16_r16_c16_m4_w10g4_d32_s2_q2,49,1624,1,1,0.000000e+00,1,1,1,0
qpsk,128,16,2.500000e-01,26118,dsp,1688,bf_det_k16_l4_r1_c4_m4_w10g4_d32_s2_q2,38,11662,bf_det_k16_l4_r1_c4_m3_w10g4_d32_s2_q2,38,11662,1,1,0.000000e+00,1,0,1,0
qpsk,128,16,2.500000e-01,26118,lut,1689,bf_det_k16_l1_r4_c4_m4_w12g4_d64_s2_q2,19694,22462,bf_det_k16_l1_r4_c4_m4_w12g4_d32_s2_q2,19048,22462,1,1,3.391000e+00,1,0,0,0
qpsk,128,16,2.500000e-01,26118,ff,1690,bf_det_k16_l1_r4_c4_m3_w10g4_d32_s2_q2,11712,21778,bf_det_k16_l1_r4_c4_m3_w10g4_d32_s2_q2,11712,21778,1,1,0.000000e+00,1,1,1,0
qpsk,128,16,2.500000e-01,26118,bram,1691,bf_det_k16_l1_r16_c4_m4_w10g4_d32_s2_q2,27,19576,bf_det_k16_l1_r16_c4_m4_w10g4_d32_s2_q2,27,19576,1,1,0.000000e+00,1,1,1,0
qpsk,128,16,2.500000e-01,41025,dsp,1692,bf_det_k16_l1_r1_c4_m4_w10g4_d32_s2_q2,20,29722,bf_det_k16_l1_r1_c4_m4_w10g4_d32_s2_q2,20,29722,1,1,0.000000e+00,1,1,1,0
qpsk,128,16,2.500000e-01,41025,lut,1693,bf_det_k16_l1_r1_c4_m4_w12g0_d64_s2_q2,17167,38171,bf_det_k16_l1_r1_c4_m4_w12g0_d32_s2_q2,16521,38171,1,1,3.910000e+00,1,0,0,0
qpsk,128,16,2.500000e-01,41025,ff,1694,bf_det_k16_l1_r1_c4_m3_w10g4_d32_s2_q2,9762,30106,bf_det_k16_l1_r1_c4_m3_w10g4_d32_s2_q2,9762,30106,1,1,0.000000e+00,1,1,1,0
qpsk,128,16,2.500000e-01,41025,bram,1695,bf_det_k16_l1_r16_c4_m4_w10g4_d32_s2_q2,27,19576,bf_det_k16_l1_r16_c4_m4_w10g4_d32_s2_q2,27,19576,1,1,0.000000e+00,1,1,1,0
qpsk,128,16,5.000000e-01,1685,dsp,1536,bf_det_k16_l16_r16_c16_m4_w10g4_d32_s2_q2,851,1624,bf_det_k16_l16_r16_c16_m4_w10g4_d32_s2_q2,851,1624,1,1,0.000000e+00,1,1,1,0
qpsk,128,16,5.000000e-01,1685,lut,1537,bf_det_k16_l16_r16_c16_m4_w12g0_d64_s2_q2,115567,1564,bf_det_k16_l16_r16_c16_m4_w12g0_d32_s2_q2,114955,1564,1,1,5.320000e-01,1,0,0,0
qpsk,128,16,5.000000e-01,1685,ff,1538,bf_det_k16_l16_r16_c16_m3_w10g4_d32_s2_q2,81447,1636,bf_det_k16_l16_r16_c16_m3_w10g4_d32_s2_q2,81447,1636,1,1,0.000000e+00,1,1,1,0
qpsk,128,16,5.000000e-01,1685,bram,1539,bf_det_k16_l16_r16_c16_m4_w10g4_d32_s2_q2,49,1624,bf_det_k16_l16_r16_c16_m4_w10g4_d32_s2_q2,49,1624,1,1,0.000000e+00,1,1,1,0
qpsk,128,16,5.000000e-01,2608,dsp,1540,bf_det_k16_l16_r4_c16_m4_w10g4_d32_s2_q2,275,2353,bf_det_k16_l16_r4_c16_m4_w10g4_d32_s2_q2,275,2353,1,1,0.000000e+00,1,1,1,0
qpsk,128,16,5.000000e-01,2608,lut,1541,bf_det_k16_l16_r4_c16_m4_w12g0_d64_s2_q2,87545,2293,bf_det_k16_l16_r4_c16_m4_w12g0_d32_s2_q2,86933,2293,1,1,7.040000e-01,1,0,0,0
qpsk,128,16,5.000000e-01,2608,ff,1542,bf_det_k16_l16_r4_c16_m3_w10g4_d32_s2_q2,53604,2401,bf_det_k16_l16_r4_c16_m3_w10g4_d32_s2_q2,53604,2401,1,1,0.000000e+00,1,1,1,0
qpsk,128,16,5.000000e-01,2608,bram,1543,bf_det_k16_l16_r16_c16_m4_w10g4_d32_s2_q2,49,1624,bf_det_k16_l16_r16_c16_m4_w10g4_d32_s2_q2,49,1624,1,1,0.000000e+00,1,1,1,0
qpsk,128,16,5.000000e-01,4039,dsp,1544,bf_det_k16_l16_r4_c16_m4_w10g4_d32_s2_q2,275,2353,bf_det_k16_l16_r4_c16_m4_w10g4_d32_s2_q2,275,2353,1,1,0.000000e+00,1,1,1,0
qpsk,128,16,5.000000e-01,4039,lut,1545,bf_det_k16_l16_r4_c16_m4_w12g0_d64_s2_q2,87545,2293,bf_det_k16_l16_r4_c16_m4_w12g0_d32_s2_q2,86933,2293,1,1,7.040000e-01,1,0,0,0
qpsk,128,16,5.000000e-01,4039,ff,1546,bf_det_k16_l16_r4_c16_m3_w10g4_d32_s2_q2,53604,2401,bf_det_k16_l16_r4_c16_m3_w10g4_d32_s2_q2,53604,2401,1,1,0.000000e+00,1,1,1,0
qpsk,128,16,5.000000e-01,4039,bram,1547,bf_det_k16_l16_r16_c16_m4_w10g4_d32_s2_q2,49,1624,bf_det_k16_l16_r16_c16_m4_w10g4_d32_s2_q2,49,1624,1,1,0.000000e+00,1,1,1,0
qpsk,128,16,5.000000e-01,6253,dsp,1548,bf_det_k16_l16_r1_c16_m4_w10g4_d32_s2_q2,131,5038,bf_det_k16_l16_r1_c16_m4_w10g4_d32_s2_q2,131,5038,1,1,0.000000e+00,1,1,1,0
qpsk,128,16,5.000000e-01,6253,lut,1549,bf_det_k16_l4_r16_c4_m4_w12g0_d64_s2_q2,42249,5596,bf_det_k16_l4_r16_c4_m4_w12g0_d32_s2_q2,41637,5596,1,1,1.470000e+00,1,0,0,0
qpsk,128,16,5.000000e-01,6253,ff,1550,bf_det_k16_l4_r16_c4_m3_w10g4_d32_s2_q2,25041,5824,bf_det_k16_l4_r16_c4_m3_w10g4_d32_s2_q2,25041,5824,1,1,0.000000e+00,1,1,1,0
qpsk,128,16,5.000000e-01,6253,bram,1551,bf_det_k16_l16_r16_c16_m4_w10g4_d32_s2_q2,49,1624,bf_det_k16_l16_r16_c16_m4_w10g4_d32_s2_q2,49,1624,1,1,0.000000e+00,1,1,1,0
qpsk,128,16,5.000000e-01,9682,dsp,1552,bf_det_k16_l4_r4_c4_m4_w10g4_d32_s2_q2,71,7834,bf_det_k16_l4_r4_c4_m4_w10g4_d32_s2_q2,71,7834,1,1,0.000000e+00,1,1,1,0
qpsk,128,16,5.000000e-01,9682,lut,1553,bf_det_k16_l4_r4_c4_m4_w12g0_d64_s2_q2,34792,7630,bf_det_k16_l4_r4_c4_m4_w12g0_d32_s2_q2,34180,7630,1,1,1.791000e+00,1,0,0,0
qpsk,128,16,5.000000e-01,9682,ff,1554,bf_det_k16_l4_r4_c4_m3_w10g4_d32_s2_q2,18005,7930,bf_det_k16_l4_r4_c4_m3_w10g4_d32_s2_q2,18005,7930,1,1,0.000000e+00,1,1,1,0
qpsk,128,16,5.000000e-01,9682,bram,1555,bf_det_k16_l16_r16_c16_m4_w10g4_d32_s2_q2,49,1624,bf_det_k16_l16_r16_c16_m4_w10g4_d32_s2_q2,49,1624,1,1,0.000000e+00,1,1,1,0
qpsk,128,16,5.000000e-01,14993,dsp,1556,bf_det_k16_l4_r1_c4_m4_w10g4_d32_s2_q2,38,11662,bf_det_k16_l4_r1_c4_m3_w10g4_d32_s2_q2,38,11662,1,1,0.000000e+00,1,0,1,0
qpsk,128,16,5.000000e-01,14993,lut,1557,bf_det_k16_l4_r1_c4_m4_w12g0_d64_s2_q2,33358,11455,bf_det_k16_l4_r1_c4_m4_w12g0_d32_s2_q2,32746,11455,1,1,1.869000e+00,1,0,0,0
qpsk,128,16,5.000000e-01,14993,ff,1558,bf_det_k16_l4_r1_c4_m3_w10g4_d32_s2_q2,16886,11662,bf_det_k16_l4_r1_c4_m3_w10g4_d32_s2_q2,16886,11662,1,1,0.000000e+00,1,1,1,0
qpsk,128,16,5.000000e-01,14993,bram,1559,bf_det_k16_l16_r16_c16_m4_w10g4_d32_s2_q2,49,1624,bf_det_k16_l16_r16_c16_m4_w10g4_d32_s2_q2,49,1624,1,1,0.000000e+00,1,1,1,0
qpsk,128,16,5.000000e-01,23215,dsp,1560,bf_det_k16_l4_r1_c4_m4_w10g4_d32_s2_q2,38,11662,bf_det_k16_l4_r1_c4_m3_w10g4_d32_s2_q2,38,11662,1,1,0.000000e+00,1,0,1,0
qpsk,128,16,5.000000e-01,23215,lut,1561,bf_det_k16_l1_r4_c4_m4_w12g0_d64_s2_q2,19260,20902,bf_det_k16_l1_r4_c4_m4_w12g0_d32_s2_q2,18614,20902,1,1,3.471000e+00,1,0,0,0
qpsk,128,16,5.000000e-01,23215,ff,1562,bf_det_k16_l1_r4_c4_m3_w10g4_d32_s2_q2,11712,21778,bf_det_k16_l1_r4_c4_m3_w10g4_d32_s2_q2,11712,21778,1,1,0.000000e+00,1,1,1,0
qpsk,128,16,5.000000e-01,23215,bram,1563,bf_det_k16_l1_r16_c4_m4_w12g0_d32_s2_q2,27,18796,bf_det_k16_l1_r16_c4_m4_w12g0_d32_s2_q2,27,18796,1,1,0.000000e+00,1,1,1,0
qpsk,128,16,5.000000e-01,35947,dsp,1564,bf_det_k16_l1_r1_c4_m4_w10g4_d32_s2_q2,20,29722,bf_det_k16_l1_r1_c4_m4_w10g4_d32_s2_q2,20,29722,1,1,0.000000e+00,1,1,1,0
qpsk,128,16,5.000000e-01,35947,lut,1565,bf_det_k16_l1_r1_c4_m4_w12g0_d64_s2_q2,17167,28942,bf_det_k16_l1_r1_c4_m4_w12g0_d32_s2_q2,16521,28942,1,1,3.910000e+00,1,0,0,0
qpsk,128,16,5.000000e-01,35947,ff,1566,bf_det_k16_l1_r1_c4_m3_w10g4_d32_s2_q2,9762,30106,bf_det_k16_l1_r1_c4_m3_w10g4_d32_s2_q2,9762,30106,1,1,0.000000e+00,1,1,1,0
qpsk,128,16,5.000000e-01,35947,bram,1567,bf_det_k16_l1_r16_c4_m4_w12g0_d32_s2_q2,27,18796,bf_det_k16_l1_r16_c4_m4_w12g0_d32_s2_q2,27,18796,1,1,0.000000e+00,1,1,1,0
qpsk,128,16,1.000000e+00,1107,dsp,1696,bf_det_k16_l16_r16_c16_m4_w8g4_d64_s2_q2,563,1059,bf_det_k16_l16_r16_c16_m4_w8g4_d32_s2_q2,563,1059,1,1,0.000000e+00,1,0,1,0
qpsk,128,16,1.000000e+00,1107,lut,1697,bf_det_k16_l16_r16_c16_m3_w10g0_d64_s2_q2,119308,1039,bf_det_k16_l16_r16_c16_m3_w8g4_d32_s2_q2,112939,1067,1,1,5.639000e+00,1,0,0,0
qpsk,128,16,1.000000e+00,1107,ff,1698,bf_det_k16_l16_r16_c16_m4_w8g4_d64_s2_q2,74377,1059,bf_det_k16_l16_r16_c16_m3_w8g4_d32_s2_q2,67909,1067,1,1,9.525000e+00,1,0,0,0
qpsk,128,16,1.000000e+00,1107,bram,1699,bf_det_k16_l16_r16_c16_m4_w8g4_d64_s2_q2,48,1059,bf_det_k16_l16_r16_c16_m4_w8g4_d32_s2_q2,44,1059,1,1,9.091000e+00,1,0,0,0
qpsk,128,16,1.000000e+00,1721,dsp,1700,bf_det_k16_l16_r4_c16_m4_w8g4_d32_s2_q2,179,1545,bf_det_k16_l16_r4_c16_m4_w8g4_d32_s2_q2,179,1545,1,1,0.000000e+00,1,1,1,0
qpsk,128,16,1.000000e+00,1721,lut,1701,bf_det_k16_l16_r4_c16_m4_w12g0_d64_s2_q2,87545,1557,bf_det_k16_l16_r4_c16_m3_w8g4_d32_s2_q2,85373,1577,1,1,2.544000e+00,1,0,0,0
qpsk,128,16,1.000000e+00,1721,ff,1702,bf_det_k16_l16_r4_c16_m3_w8g4_d32_s2_q2,45066,1577,bf_det_k16_l16_r4_c16_m3_w8g4_d32_s2_q2,45066,1577,1,1,0.000000e+00,1,1,1,0
qpsk,128,16,1.000000e+00,1721,bram,1703,bf_det_k16_l16_r4_c16_m4_w8g4_d32_s2_q2,44,1545,bf_det_k16_l16_r16_c16_m4_w8g4_d32_s2_q2,44,1059,1,1,0.000000e+00,1,0,1,0
qpsk,128,16,1.000000e+00,2677,dsp,1704,bf_det_k16_l16_r4_c16_m4_w8g4_d32_s2_q2,179,1545,bf_det_k16_l16_r4_c16_m4_w8g4_d32_s2_q2,179,1545,1,1,0.000000e+00,1,1,1,0
qpsk,128,16,1.000000e+00,2677,lut,1705,bf_det_k16_l16_r4_c16_m4_w12g0_d64_s2_q2,87545,1557,bf_det_k16_l16_r4_c16_m3_w8g4_d32_s2_q2,85373,1577,1,1,2.544000e+00,1,0,0,0
qpsk,128,16,1.000000e+00,2677,ff,1706,bf_det_k16_l16_r4_c16_m3_w8g4_d32_s2_q2,45066,1577,bf_det_k16_l16_r4_c16_m3_w8g4_d32_s2_q2,45066,1577,1,1,0.000000e+00,1,1,1,0
qpsk,128,16,1.000000e+00,2677,bram,1707,bf_det_k16_l16_r4_c16_m4_w8g4_d32_s2_q2,44,1545,bf_det_k16_l16_r16_c16_m4_w8g4_d32_s2_q2,44,1059,1,1,0.000000e+00,1,0,1,0
qpsk,128,16,1.000000e+00,4163,dsp,1708,bf_det_k16_l16_r1_c16_m4_w8g4_d32_s2_q2,83,3335,bf_det_k16_l16_r1_c16_m4_w8g4_d32_s2_q2,83,3335,1,1,0.000000e+00,1,1,1,0
qpsk,128,16,1.000000e+00,4163,lut,1709,bf_det_k16_l4_r16_c4_m4_w12g0_d64_s2_q2,42249,3837,bf_det_k16_l4_r16_c4_m3_w8g4_d32_s2_q2,41230,3789,1,1,2.472000e+00,1,0,0,0
qpsk,128,16,1.000000e+00,4163,ff,1710,bf_det_k16_l4_r16_c4_m3_w8g4_d32_s2_q2,21735,3789,bf_det_k16_l4_r16_c4_m3_w8g4_d32_s2_q2,21735,3789,1,1,0.000000e+00,1,1,1,0
qpsk,128,16,1.000000e+00,4163,bram,1711,bf_det_k16_l16_r4_c16_m4_w8g4_d32_s2_q2,44,1545,bf_det_k16_l16_r16_c16_m4_w8g4_d32_s2_q2,44,1059,1,1,0.000000e+00,1,0,1,0
qpsk,128,16,1.000000e+00,6473,dsp,1712,bf_det_k16_l4_r4_c4_m4_w8g4_d32_s2_q2,47,5129,bf_det_k16_l4_r4_c4_m4_w8g4_d32_s2_q2,47,5129,1,1,0.000000e+00,1,1,1,0
qpsk,128,16,1.000000e+00,6473,lut,1713,bf_det_k16_l4_r4_c4_m4_w12g0_d64_s2_q2,34792,5193,bf_det_k16_l4_r4_c4_m3_w8g4_d32_s2_q2,33717,5193,1,1,3.188000e+00,1,0,0,0
qpsk,128,16,1.000000e+00,6473,ff,1714,bf_det_k16_l4_r4_c4_m3_w8g4_d32_s2_q2,15957,5193,bf_det_k16_l4_r4_c4_m3_w8g4_d32_s2_q2,15957,5193,1,1,0.000000e+00,1,1,1,0
qpsk,128,16,1.000000e+00,6473,bram,1715,bf_det_k16_l16_r4_c16_m4_w8g4_d32_s2_q2,44,1545,bf_det_k16_l16_r16_c16_m4_w8g4_d32_s2_q2,44,1059,1,1,0.000000e+00,1,0,1,0
qpsk,128,16,1.000000e+00,10067,dsp,1716,bf_det_k16_l4_r1_c4_m4_w8g4_d32_s2_q2,26,7679,bf_det_k16_l4_r1_c4_m4_w8g4_d32_s2_q2,26,7679,1,1,0.000000e+00,1,1,1,0
qpsk,128,16,1.000000e+00,10067,lut,1717,bf_det_k16_l4_r1_c4_m4_w12g0_d64_s2_q2,33358,7743,bf_det_k16_l4_r1_c4_m3_w8g4_d32_s2_q2,32395,7681,1,1,2.973000e+00,1,0,0,0
qpsk,128,16,1.000000e+00,10067,ff,1718,bf_det_k16_l4_r1_c4_m3_w8g4_d32_s2_q2,15142,7681,bf_det_k16_l4_r1_c4_m3_w8g4_d32_s2_q2,15142,7681,1,1,0.000000e+00,1,1,1,0
qpsk,128,16,1.000000e+00,10067,bram,1719,bf_det_k16_l16_r4_c16_m4_w8g4_d32_s2_q2,44,1545,bf_det_k16_l16_r16_c16_m4_w8g4_d32_s2_q2,44,1059,1,1,0.000000e+00,1,0,1,0
qpsk,128,16,1.000000e+00,15655,dsp,1720,bf_det_k16_l4_r1_c4_m4_w8g4_d32_s2_q2,26,7679,bf_det_k16_l4_r1_c4_m4_w8g4_d32_s2_q2,26,7679,1,1,0.000000e+00,1,1,1,0
qpsk,128,16,1.000000e+00,15655,lut,1721,bf_det_k16_l1_r4_c4_m4_w12g0_d64_s2_q2,19260,14353,bf_det_k16_l1_r4_c4_m3_w8g4_d32_s2_q2,18515,14161,1,1,4.024000e+00,1,0,0,0
qpsk,128,16,1.000000e+00,15655,ff,1722,bf_det_k16_l1_r4_c4_m3_w8g4_d32_s2_q2,10841,14161,bf_det_k16_l1_r4_c4_m3_w8g4_d32_s2_q2,10841,14161,1,1,0.000000e+00,1,1,1,0
qpsk,128,16,1.000000e+00,15655,bram,1723,bf_det_k16_l1_r16_c4_m4_w8g4_d32_s2_q2,23,12693,bf_det_k16_l1_r16_c4_m4_w8g4_d32_s2_q2,23,12693,1,1,0.000000e+00,1,1,1,0
qpsk,128,16,1.000000e+00,24346,dsp,1724,bf_det_k16_l1_r1_c4_m4_w8g4_d32_s2_q2,14,19457,bf_det_k16_l1_r1_c4_m4_w8g4_d32_s2_q2,14,19457,1,1,0.000000e+00,1,1,1,0
qpsk,128,16,1.000000e+00,24346,lut,1725,bf_det_k16_l1_r1_c4_m4_w12g0_d64_s2_q2,17167,19713,bf_det_k16_l1_r1_c4_m4_w12g0_d32_s2_q2,16521,19713,1,1,3.910000e+00,1,0,0,0
qpsk,128,16,1.000000e+00,24346,ff,1726,bf_det_k16_l1_r1_c4_m3_w8g4_d32_s2_q2,9217,19713,bf_det_k16_l1_r1_c4_m3_w8g4_d32_s2_q2,9217,19713,1,1,0.000000e+00,1,1,1,0
qpsk,128,16,1.000000e+00,24346,bram,1727,bf_det_k16_l1_r16_c4_m4_w8g4_d32_s2_q2,23,12693,bf_det_k16_l1_r16_c4_m4_w8g4_d32_s2_q2,23,12693,1,1,0.000000e+00,1,1,1,0
