22978
8975
729
-15088
-12595
-30083
-27838
-31685
-21282
20530
9792
27050
237
6988
30850
15040
8668
2859
3926
28512
-14592
20699
11198
-32589
-6938
23422
3559
-30567
17359
15050
22713
-21257
-26917
23801
-31320
2717
-27499
-13127
-1242
-5067
-6342
-30913
-32418
-24623
-32226
11182
1678
9646
-15906
7561
17305
-7624
-2562
32585
19987
31512
-7896
12159
29497
9860
22302
12350
13369
-7280
24586
-23915
5171
14515
22641
1661
-8165
-12436
-5049
-929
14340
25525
-27988
28445
2054
-9320
11320
4687
-16083
-11674
14385
6180
289
-10623
17082
-7103
-11261
25577
-15472
-17881
14036
8073
-29587
-27262
-8052
21800
-6499
18815
-12029
-17081
19116
24673
-27572
-28930
11223
-10741
4826
-22920
23595
-3255
25886
19419
13457
-17653
17498
-29359
4593
-6256
32548
-19759
29263
-26821
8072
5264
26145
-13193
26350
11271
25585
-19693
16924
28974
-29584
-8841
8946
-25855
659
8461
17300
27994
-5910
-3908
-1691
29792
-19940
-7
-29503
-4901
29184
7878
-9856
32446
6799
29421
-31698
-2619
21951
16890
-6063
-169
-5228
1921
-17679
18729
-27676
-5594
-14296
15367
16337
13837
27817
28315
-20667
-25236
-24094
15008
30823
28011
11025
30666
24331
-31805
-24954
23831
-27371
31535
21454
29963
-9154
-23019
1105
30974
-8702
25554
-7614
21127
-17723
-1312
-11348
-17540
25735
19784
-23616
27756
30865
-15327
-4822
2551
10295
-3752
-23019
28247
12584
-30114
20598
15204
-20758
7495
109
-30910
28010
14366
-12438
-31720
-26787
16905
-22981
836
26129
28121
-15210
-28438
-336
22368
8169
-28398
9841
-10204
-17943
-4568
24464
30543
-23524
4078
17137
-15804
-14900
-16930
-19031
25435
-18441
-17966
-24547
-24606
18249
-13872
19790
5644
23488
3544
17312
20297
-28769
3963
-2972
-13867
-3117
-5709
-536
20848
21331
8290
13781
30086
8972
-8559
-27389
3447
-17599
6155
-31084
22825
29134
-23235
20915
-6127
-30037
26867
28895
-29946
6118
21148
18995
-5546
23587
21614
-25339
-32116
-26069
-8845
-25580
-27615
-15811
10001
1584
-14822
29521
13281
8808
29084
18713
-24457
-30347
23906
-6040
-28871
-1536
-7814
-4517
-4603
-12180
-731
-555
31225
12631
18067
-32242
-12527
31700
-15084
652
23797
9083
24989
-21994
701
8886
-10205
4861
32434
15503
-12063
-28578
-20794
-14941
24910
-15010
20469
-14823
11002
1762
30042
4351
27899
30276
16269
8413
23638
32535
-16571
4098
-23512
-25892
11145
-29653
14065
21028
-21821
11821
-6845
25780
26886
5079
4023
13800
5133
16113
-20046
18491
1705
16505
1535
-12678
-26940
1662
31584
-30420
4678
-3466
-32348
2855
17868
15828
31343
1905
5889
30527
-11818
19562
-20480
-9050
11306
5217
-19982
10444
5091
27555
6700
25190
30305
-27029
-28033
166
-2
3605
15997
-12102
-21154
11803
-7336
28162
-28647
13709
14803
-15006
-27017
-11912
-6876
31419
24479
-17624
-1816
6546
27041
-23919
17427
27868
27218
-14612
-24419
6147
-27947
-24249
-28160
-18947
24173
11315
8786
31811
-225
-30147
-22051
-15710
11385
-9369
-11927
-25416
13820
-31164
-2599
16018
489
12257
18983
-18030
-26690
-29075
5161
-15464
-19843
15397
20194
29779
-731
1481
32027
243
-20779
-16006
30344
-29937
19720
9666
-1229
21856
20547
-3933
6740
17281
10166
-949
27111
25087
-28491
3087
21953
-27235
-7746
569
-11434
12802
32376
-8922
18428
-25091
-948
-32417
-5071
-31849
24741
30761
-27079
20842
13658
-13056
18950
30298
19608
12617
-11647
6977
19440
14065
-18001
-5767
-9024
12763
-5411
-5279
2713
5201
-25388
27849
-6099
-21269
-32749
-4273
16015
-13350
23060
-19687
-23663
-7137
13355
-13136
21043
-31400
31577
-29680
22530
-32537
-4974
-12488
31436
10150
31063
-5600
240
149
16609
599
27121
-20189
-1564
-16597
23841
-23767
13209
26991
-13506
-14472
17540
5984
4632
25175
-26618
-14873
-7119
27359
-27936
-3105
-1562
-31817
-4684
9747
-4998
-12737
5655
31515
-24728
-14012
28427
-13343
12061
-9739
21219
5593
26004
9012
5460
-750
-30133
-24860
13860
9147
4523
-25109
21361
19410
2107
-16102
20528
1423
32572
-14384
-9795
19898
-21560
-11674
-7100
14825
16583
18903
-3983
7561
5792
17833
-24422
-11919
14819
-19547
-14413
31363
-20276
32641
23786
-22542
4221
-11552
-1016
7197
26137
28265
-27132
-21038
12855
-19257
-11274
5600
-21273
32401
11455
-17877
-8991
9709
-11148
7977
29076
-8818
-19707
-14041
797
3652
-31195
9383
-22062
8512
25127
-20092
18956
-30539
3724
10946
-18190
18452
3784
-5376
-31972
-23943
13958
-6098
14204
30214
9571
15837
7296
-13096
-27937
7413
-16620
-24843
4874
7216
-6935
8496
32245
16923
27770
-28322
-22807
-9273
5895
12813
12859
26639
-23820
-21530
-12282
-21776
14150
-5768
26287
-14175
-10372
-13180
-17109
22322
21088
-13389
5569
24808
-1535
26378
-15981
-17964
-28007
8616
-31596
-21103
5240
-3891
-20244
830
31164
31668
-25725
16593
-3140
-2244
-6904
22076
-17544
5548
16302
-5611
9417
-25006
14795
-12860
-27342
-13410
-9651
9480
1299
21830
-4803
25342
-30107
-11468
-20053
-7716
29165
-23906
-22114
-6021
23072
-32236
21111
18313
-7125
-29958
-2177
13191
21233
-22383
11841
3598
22081
13777
16881
23260
12535
-6922
27064
3721
21155
-26030
-21033
3096
16267
29554
-27088
23615
-4860
29507
-6767
27483
-19519
-10296
28698
31766
-26557
-23235
-32447
28496
-11606
2017
32161
22208
-15421
-8298
21672
-360
-21423
28922
5660
18126
30042
7295
14189
23512
31490
2410
4886
11056
31675
-3193
22088
-14563
18235
-25453
25460
-10482
8617
-23512
-9414
-26486
1853
31903
-17925
-15146
18189
-20413
-21622
-18633
5059
242
2352
-30973
11265
-12221
17071
21843
-25571
-13450
8188
-21311
-5639
-9824
7484
15971
12712
-11961
5601
19786
15262
18871
1312
5334
-2434
7371
-13975
-2646
-17751
280
12799
18705
12826
-21341
-19957
-8268
30922
-30944
11216
-13494
2045
-27071
22359
24431
-884
18341
-1577
14879
-15842
-11912
-22536
-3007
13868
18453
22551
-20257
11652
-15059
-8597
-8484
4962
5783
4155
-28515
28610
23085
-7362
4694
-21969
8831
24702
28071
25868
-29156
-29605
15523
-19778
-20377
8931
-28859
18929
-21043
6992
8552
-20213
-6484
-25059
31518
391
-23062
20677
15708
-18543
-10555
-27845
3715
3345
-29301
-20198
-2977
-28350
15848
17908
13746
21051
19730
-6663
-3310
-13496
-21617
-14607
14631
-9112
32557
5040
10830
1823
19471
-9480
7358
9006
23980
11519
6426
3819
-29171
-7387
-12321
8120
-12060
6022
-97
-10465
459
-12898
-18580
2998
32028
7362
7669
7261
25037
-7679
-4984
4310
3831
31835
-20978
-4717
-18955
22479
3498
-27439
-20634
24590
-3752
28947
-26747
-15607
3104
-31975
-7143
-1114
-17183
-20794
27963
30908
16
26063
-912
30190
-29934
6807
-30002
993
25136
21804
-18759
9984
-21819
-16479
-4790
28461
11216
-3952
-19298
17927
5937
61
10089
-20752
27120
-13375
-1422
4876
-21305
-23397
-1649
-31868
6838
-4333
-17103
17183
-11389
7481
-19032
-11525
8288
14237
9197
-1015
-16273
32735
26946
18090
-13661
21668
5152
-15759
18428
-22788
5211
-19707
-27931
-4440
-3477
796
-32386
-20015
-27384
18346
-29523
24145
-18798
-12059
-10698
528
-8828
6184
-7971
14573
32083
-23104
-24946
-14361
-19468
15119
14770
4469
32312
26210
31574
-3418
3531
-6121
-14266
-12681
15959
-17605
-23162
9880
2455
-15422
-12894
23742
-30103
-15031
3842
11361
4834
4468
17916
8418
8422
25914
16961
-21628
30637
-22950
29156
-24780
31588
-27759
25340
2243
4156
-21907
-24147
20130
-16774
-31287
-2962
-8218
-3197
-1757
-28481
-18578
-15090
-9444
-5008
-18168
19743
-14299
-4055
27975
32605
-5428
-7357
-7480
-9471
7285
9145
10757
18368
10503
-15082
-27214
-5765
5367
27288
15461
-11910
19370
10180
5802
23339
-24211
-452
-27280
15827
-11597
17891
28020
23340
-1795
7896
25917
-25222
-2643
-13554
16719
31971
-975
-3059
13677
-16091
-11982
-21886
25550
455
-15355
7960
-32364
-8784
14494
30349
11573
-24526
10282
14123
12282
-23618
5653
-7253
-25214
31705
11088
22282
-32336
-5445
-20786
26650
-5186
10679
-7972
28421
-24972
-24260
-4787
5499
8101
24100
-8031
29446
13664
4816
-17635
15853
-23343
-28998
16311
-16826
11057
4053
-4629
-2963
-23805
-12784
10727
-7849
16381
29299
-22024
-20242
12406
-16090
-9461
27001
27205
27793
16484
-29607
-14829
8625
28706
-15903
-31115
13117
-20656
25046
-16915
-24471
15209
-19321
1714
30911
-2335
-13356
-18185
-384
16807
15310
-25094
6002
-16559
-8741
20077
21337
-3209
-16511
24695
23243
6662
-5367
18975
-6951
-20487
29521
-12045
12400
-8081
30966
-381
4549
-1805
25133
21133
2560
-21418
-10552
23034
31191
25496
30171
-27819
-5222
-32153
-28399
-13583
5179
-6505
-6067
30831
32633
-28089
-9951
18435
-9070
-1611
1104
-24257
-3273
-8777
-5709
-7806
-32594
-16806
12631
-13477
32086
-5249
-9031
30294
-19671
-2697
20117
29500
28213
-30768
136
-28436
-4858
-30946
-14198
10875
22532
-18335
-6028
5008
17773
19357
32497
-11023
3198
-16668
-32353
14772
-2607
-1580
860
-22990
14889
-27038
-28322
15543
-7866
23619
21383
25582
-19930
661
30016
-22712
22023
-17980
-13131
-3046
-488
23059
22353
9843
-3264
-14798
-15024
16773
-8748
-4231
-13312
31638
-6231
-4671
24335
22098
-24507
-31815
24045
14301
27669
-6654
-18617
-65
-21550
-19738
13950
28148
-14308
-19685
24325
4036
11212
6379
14257
23490
-27055
-2185
21090
21619
22368
1566
-16290
29906
28671
14195
-4202
27007
-12661
28990
14926
19808
14382
-24749
-25975
-24614
29860
7618
27478
-14995
1981
-7527
14535
-21376
18500
17181
10795
23232
32675
-24065
21742
1103
22070
-6881
-28405
19006
-23234
-2295
13910
15126
-29664
4332
-27025
31342
1069
-5267
-6430
31959
15767
-5542
14938
-20797
-6575
18486
20222
-14961
-404
4309
23335
9569
1450
-19682
-479
-30514
9931
31918
6053
20800
-6928
-24661
-7424
22804
8719
-15852
17544
-16562
-16348
17866
-12676
16866
32711
22672
20049
-23813
2193
16225
25128
-1978
-18603
-11411
-4506
15355
-22535
22619
31274
-11636
26183
-22623
-20512
32223
5725
27472
-334
-13773
-16186
20605
-26723
-26890
7345
27036
-17270
17999
12134
-19867
13067
-13390
1056
6262
-21288
-9454
13343
15481
-19847
6053
-25267
-19201
28197
7216
27935
-31847
-24509
-25445
-10970
-22204
-3442
-9590
11704
-31988
-3943
28174
23100
-17072
-19768
-15032
26047
-8150
-23941
28884
19102
-9712
8507
-4514
-31708
-13206
-4599
31211
927
-8857
-23420
-27294
6593
10353
8234
14195
-23125
-8373
1123
-18915
11403
-5948
23845
-3994
-15330
32459
31873
23490
594
7923
-19557
-20060
20276
12315
-126
16973
-21043
-27828
571
-7898
-17769
-11348
-17677
4615
-3976
10030
-31341
-20881
-8769
-1989
20519
32254
-30353
-31730
21668
-8455
26739
-10859
20300
-6188
-28362
24195
-21741
-4044
-16886
25105
-9185
4950
-29678
-4941
-21638
-16234
-23667
21208
25580
9450
162
-18860
4205
-24244
-2680
-24548
-23050
26808
-2738
-6332
-4313
20991
-1222
25910
-14389
-17936
-19162
-30634
-32616
-20950
-11872
17889
-8659
-31758
-6435
4202
-31959
-20234
29632
17475
10599
-1352
-18063
3216
17241
-13540
-3925
-2846
10960
-29773
8832
20284
-29118
26705
6940
16557
-10963
-287
15645
22530
6518
-32518
2839
10876
-14337
17523
18036
-11361
-14169
23368
12434
-32756
-15103
8658
8091
-13041
26360
8429
-10820
-16295
-7696
-19020
-7833
8268
19013
-201
-2644
-20495
552
25308
10637
25060
1082
3248
-25744
13506
26421
-3186
4527
19755
-10334
21879
-10132
17311
17969
-16833
11779
-31164
16548
10371
-30495
-5816
23431
25838
-9203
23582
24973
2211
-24123
-8032
10777
13958
32719
13721
9701
11946
16742
22441
32736
5067
-17845
1051
24916
1108
30779
25492
22452
-8733
24209
22407
-4386
320
8468
-27176
-32723
-3344
6687
-13685
24818
1827
-31457
23154
-112
-21008
5775
-1624
-29557
5406
12619
17682
-17510
28899
21266
3316
-5359
27631
-3291
-10712
-292
17322
6375
17283
-7547
3360
-9941
-21379
-4221
-7458
24589
-13707
29174
30597
-22503
9477
14374
26806
30840
-13359
4606
-4657
2017
4415
8576
-9521
-15572
-2851
28892
6508
17774
-30915
-26257
-10499
-32424
-32754
5688
-1145
-2180
7077
21104
-26674
16814
-16903
13103
19922
31843
22300
10673
-7358
-12997
20592
-21089
-14606
-14871
13507
32367
2979
25340
-3926
24783
10252
19245
-31891
25037
-22123
-10244
-13512
22336
11833
-21797
13515
-14616
11846
2714
17538
26197
-27555
10032
-25829
27619
23288
29242
-9383
7339
4480
-28230
229
1465
8300
-15807
-27726
-31183
17680
13828
-24681
26658
11886
-19852
-6414
30299
-508
-32276
11252
30395
-8454
22617
-29751
-28200
30422
-11031
1486
-15857
15869
-7925
2050
27988
20951
31081
4234
-30668
-24724
-14130
9299
27590
-21448
-25456
21210
6039
11866
-11604
28823
8037
8459
21908
-18012
12667
3744
144
17810
-14725
13886
19982
-10336
-17085
10181
-16467
28525
-27207
12111
-3324
-8697
3695
26919
-23207
21471
-5388
23277
16865
-25767
-18313
-13709
-27138
19013
1335
-14759
15864
-27938
-30273
12010
16568
19612
5797
9290
-20387
-10169
-23659
3917
11688
-31358
-21457
4106
4957
23383
15373
-27653
-26517
-7647
-27968
-21964
-15625
-7864
15871
-31916
1064
21480
17991
-247
-11432
-4200
4205
6671
29648
22939
15073
-13680
6921
-15237
-2283
-29525
-15171
-15310
9645
-28429
-14216
-30045
-20106
3455
-15591
-20721
16150
-27902
-24158
27309
30677
-23021
20529
-26554
-2614
30846
-1971
10942
26984
14795
-31179
4142
-24841
-28155
20880
22405
22349
-5373
-4723
-7048
22631
-23901
26358
-25349
-11879
1457
-32180
4505
-32610
1224
-20718
7413
572
24749
1416
275
-8504
-7921
8471
-15954
-17610
-12659
2829
3985
-3114
19357
-23859
-3859
13064
-30097
-21607
-20438
24219
-26828
6218
-10923
3963
12083
19452
5945
9826
10625
-18075
-2976
28988
-25574
-23644
-13353
1056
718
13371
-186
-16044
-16800
10780
21318
31784
-4371
17563
22639
6741
-15369
-24060
28962
7248
-25438
-5459
17641
-67
-31446
-14431
-17281
-4128
24284
-9466
-9824
24782
28342
-31354
28142
-15757
19673
-20450
-6809
-3645
23479
30739
-2812
3755
-24500
-28746
23065
30134
20725
-18974
-23884
2573
24020
27061
1242
-5399
15963
26604
-15193
4038
-18648
20065
22827
-15098
6567
-17721
-23088
-30424
-8791
-9583
23529
14155
-2079
-18473
-10693
-24792
-10424
-4529
21275
25428
-2996
-13586
29383
28083
-12308
22841
16808
-6943
-14045
-27135
17553
-3552
-31615
-23487
-24261
20083
-15778
6842
24254
-5131
-11633
-17157
-1080
20196
-25753
20172
4369
25008
-26477
31946
-23488
-10194
19724
4588
-16784
25987
-28754
1941
6673
30652
-23167
-22185
-29307
-25671
21663
2040
-6739
-17615
23951
-1178
15992
-1364
-19598
-22170
-27210
-31434
-21538
8966
-356
11085
-9323
-15048
21756
23761
-2016
24380
3588
13522
-7376
-31655
16705
-840
12382
-9525
12174
30499
17799
21308
-6645
2714
-24964
27616
20836
1143
-10124
3793
12567
31107
32012
-11826
13222
30054
26652
8184
-31893
-29865
6797
-25761
-26390
32736
24412
-11348
30162
3745
-30530
10174
-24035
-9847
21807
31896
12247
-13043
31565
-31818
16810
12505
6172
-15841
2571
-16932
-32122
15263
18600
-17918
-7603
28254
-25779
27132
3069
1213
-8523
2777
6937
-31013
-31676
22045
-21957
28837
2610
-15085
7202
-10164
-27381
28441
8937
28855
22362
-11794
-13974
10349
1397
-28171
26615
2426
13301
28482
-19221
28975
30572
6303
-10350
9412
21246
-26157
-3112
-25844
18990
2387
27585
-888
26392
19084
19962
14996
-11602
-17599
27042
26313
-22719
-21110
-15716
-29389
9591
27775
16264
-24442
-29470
26307
-15148
20087
-8584
18338
22757
24675
-32643
-13458
25558
6104
-10832
26477
7639
-31132
28558
20675
-28732
31222
2965
29669
-18205
-24619
13254
-26657
20828
-13314
-16630
7222
23586
19820
-21142
17661
-1306
8668
-24165
-1908
-12615
-16567
-8250
-26861
12797
13286
-12003
10783
1943
6947
9916
11063
18725
6678
-13531
27037
-29076
8100
-17233
-22332
3011
2656
24751
10036
10324
1081
7030
5462
-30686
9879
-129
24274
-11083
3527
-10000
6792
30106
-12608
-22056
19329
-26977
-2038
-12774
-11957
9351
-8872
-15099
-10596
13488
-2983
12785
32016
-4051
6564
21934
-7471
-11549
-2898
8073
6248
2622
-20432
-28070
-596
-10013
-30410
4137
-21919
31198
17931
18589
13969
-1252
-11956
-19893
-15386
-15076
13482
-29988
32764
5346
-8449
-4966
6769
10390
18828
2061
-32017
-5454
18577
-9698
-13282
-30106
-20901
31651
19452
-27840
30464
-31100
4546
-18658
6662
-23843
-12553
19295
30275
-22831
27215
-10490
-29548
-31900
10712
28283
-9864
-11729
-28322
22470
-2333
30273
21124
14906
14291
-15681
24111
-515
-18190
18523
-32130
13018
32537
21467
15341
2921
-22742
10322
-10725
-8966
31134
-20224
29709
12926
4063
-32580
22190
18604
-29199
-32294
-16026
7654
-10734
6200
9992
-25854
26031
6042
-24336
16898
-2643
2358
28413
11322
11169
13675
17616
-19274
31388
27958
14188
-11303
-30751
5485
20894
-26006
16605
32532
-22367
10101
556
-2505
28854
4333
-27516
-30987
-14526
-17035
19430
31109
-1951
-27458
15742
-23482
19438
4789
-9456
17955
-29040
23125
-19821
23673
-3046
17053
-17461
-9984
32231
5346
-11526
20520
-639
-23669
27581
-27433
5511
-2715
5916
-12430
-11620
-32524
30855
1105
24095
-8325
27308
25109
-1045
-10868
-27008
10660
281
4461
-16609
-13130
4258
-2123
8017
-8674
8299
-17198
-9112
-26993
19028
-29353
-29642
-18173
12733
-27308
29916
-22897
20059
-24582
-16925
-8304
22657
-17160
10966
-32480
-16604
-30612
-17253
32116
7937
-16703
16808
-30093
-19551
8258
11366
3384
-30400
-7285
16523
15291
-26821
28638
8757
-6793
29216
-8171
-10629
929
-32050
-17402
-5442
-21367
19108
-7296
3085
11601
-26818
-31801
12508
-23699
27436
20192
-25351
-11001
30479
3876
-17294
-29132
-26406
3327
21610
-30951
-9949
-19186
13623
-3415
-19942
1560
19753
-24556
-25324
-2685
-23058
18381
9147
13486
-4671
-8580
-17133
-253
5804
19595
23324
-15521
25493
-23579
5574
30736
6009
24445
-5794
24522
10770
-1497
7520
-30452
-22640
15922
23684
19015
-3211
30482
-13563
-30424
-20107
20500
-27471
-10696
-2874
10917
8999
26251
11933
-16278
-31042
32337
20623
-30288
-29545
-25250
-31354
-1267
-957
14349
-21204
27950
-28695
22758
-2303
30835
-23850
-3844
3570
-6140
-30876
5862
17343
12579
9771
26403
-23482
6030
11746
26605
30703
-5527
-31174
17783
24260
32641
14622
-27606
30451
13581
30185
26421
15663
25853
1841
24429
19698
-14501
5419
-6141
-14478
530
23583
30780
-19729
-15365
-16391
10518
15495
17024
17016
-23155
-10835
24270
-30007
342
20900
29903
-24353
25538
-25199
29323
-21802
-20787
-14151
21931
980
23777
-30436
29312
14480
9800
-9340
-8616
-4670
5694
17197
-22422
22436
32518
11593
14563
21036
-10515
-9969
27451
-24963
13919
19844
-10937
-9662
28140
-20045
-11512
14003
-11800
14923
-30820
-8919
13166
27359
-25691
2380
-29579
-20106
10228
439
30694
21057
-28563
22741
17029
-17853
-17783
23278
23673
-32604
-31973
-31203
-20045
32412
31139
22322
4940
-4861
-24136
10509
-32459
29806
-5962
1284
-4298
28841
2149
20596
11848
21532
-22678
-10887
-11904
-27502
-29296
-9966
32538
15324
-4991
19666
11697
-26299
-14073
5168
-23448
-8860
-20085
-23343
-31773
-6780
12339
9575
32092
-25230
-26765
-27654
-21939
-2233
19772
9217
8938
-15206
29347
30719
-8867
4623
-4715
-12616
-13999
28115
19948
22457
-20479
-5621
-7878
29317
10446
18499
27091
-31218
20501
3717
-27200
28757
23860
12749
19092
-7285
-1918
22928
3524
27227
-3722
-14678
-29134
31097
-11779
-23629
27071
-9155
6464
29945
-26334
31082
3371
1079
7761
5003
20397
31409
5346
-31977
-19573
9896
30797
-22783
-13352
-21007
14769
21764
12302
25617
27739
6071
17368
-24970
-7360
-18476
-29622
-555
10245
14889
-31990
-13144
-29334
-9143
-31251
30540
4792
-19621
18837
6107
-28164
12437
-11843
-25130
-7919
-32323
26177
-28344
9590
13003
-6243
-796
27656
17998
12263
7510
11288
-13745
13899
-25287
2741
-2537
-2131
6465
30965
18193
4707
-9734
-6148
21465
-26636
23529
-20169
-2419
31672
30190
30258
10369
-32573
-66
-27670
-21372
11723
27529
-18481
15162
10725
8588
-19018
28425
-6761
833
-11411
21600
-16615
-17019
18029
29824
-12858
-9434
27174
-31871
-20400
-2606
25882
-32642
-22709
-27941
-13373
-21067
31699
-856
-29667
-28426
22170
13959
-22041
30021
1251
19695
30028
-2285
-24974
28092
-8068
-439
536
-4916
9976
3748
-10733
-12273
-16467
-30628
26726
8898
-32240
-30829
31537
31373
-22984
28995
-17628
28580
15180
-16479
16584
26514
853
12601
-31356
30361
-18176
-4781
-19138
29630
25710
-23401
-2698
-30170
17527
24474
26623
7961
-7003
31694
27779
29863
11823
1758
6872
-10667
-3233
-7017
-3794
-29933
-11536
-32188
-14490
-655
-974
-20625
-6052
-8471
-15577
17571
-27937
-30768
31016
6826
4766
2354
-10751
-11007
22302
-8770
-849
26501
22010
-14495
-21970
31148
-23227
1226
-17350
18653
23607
11426
17342
754
-11270
-31937
28412
2629
23616
-8719
-7335
-11899
6544
-10519
31774
-6424
13520
-13613
-19809
-2312
6463
13701
25641
7388
2118
-1832
-2139
-30553
16082
31415
-3012
-10011
8725
-2901
-32308
9326
17223
-14810
30214
-6099
22624
15824
20755
7343
-1731
8646
15424
22203
-711
18178
-25327
-13201
-30571
-3016
-9949
18305
22061
-11167
-1956
23242
-25492
6581
-30569
-32244
1825
30626
-16489
10445
9091
11196
-13388
5288
-3697
-8961
-23502
-15496
-6173
-26200
4497
-2721
1996
-14684
-26072
-27188
23595
-24747
14016
24594
-23015
28041
-25543
-24085
-21407
-22422
-5883
-23466
-16723
-8207
-17784
-25887
8365
7090
-24943
-22253
-18809
3197
27161
-5143
-25055
-30788
-18169
4186
26771
-28293
18419
670
-3391
-10836
30772
-7264
-11343
-3870
6141
-16474
-19441
24033
-2672
-3623
-16692
30551
14467
29877
-20697
-30725
25296
21802
26013
-14626
17600
-30098
25292
31856
-12951
-9020
-29374
435
26759
-54
5037
26545
-29888
-7730
18083
9572
-11698
1486
29622
23727
31759
-28388
6726
30816
26728
7108
-9369
-29706
-14769
15999
15084
-17667
3857
15621
-31150
-17176
-9914
27943
-32203
-27440
-12515
28851
-2118
-21213
-9048
8939
1582
-19320
-30837
12534
29420
16984
-18933
-32561
-27255
16787
6950
1192
11209
710
-11739
-28846
27227
6936
-22641
11294
-21496
28184
22520
-25160
-3334
-27528
3917
18765
17549
-6125
-1605
7782
25589
-28929
-18095
-25923
-686
-32560
-21634
-3113
-17176
-4650
7431
17438
6684
19189
-7779
5905
-32169
26779
-3387
-25278
-15092
-30718
32458
9915
5141
-4469
25275
-5646
12533
13484
-26777
-18176
-610
3153
29471
27916
2055
-11800
-23503
6625
17201
8059
18219
26252
15370
19275
10532
20042
22995
8007
-4567
9291
-10465
-30440
25926
2136
-27148
-19854
30743
19554
-21076
-4890
-10859
24405
19782
-16681
-24582
29364
-8331
-28763
9753
24767
-11103
11234
22608
11139
-13475
17927
5886
-21699
-9659
30109
-25582
3269
-14521
-20994
20719
-12930
-11997
188
-10138
-31793
25464
12601
27246
5496
4852
31574
-25533
22537
-15781
17644
19104
-19656
-7915
-7237
28063
30546
-7918
-31577
31918
17427
10194
-2885
-14500
15745
3092
20279
19682
11232
-16503
28533
-13420
26903
-5478
-2299
-8988
8921
28801
-30246
9644
-18816
5888
13046
29277
306
-6426
21415
12202
29765
-21722
9611
21880
9377
-11263
14767
-1435
1093
-30969
-5256
-23143
15659
20602
20075
11519
-21997
-32446
17567
17154
979
8310
-4798
29359
-9903
28209
-328
-5126
3419
-25485
-10803
-5275
-9082
-6763
5883
1
24302
-16432
18478
-11389
-30119
-28572
11650
16541
24114
-14461
-20161
11850
-7335
-14633
-9068
22371
-31781
-17155
18384
-24865
-30765
18416
16030
-17820
2937
-21328
13958
4650
19257
-28675
-4295
3834
-27623
-31565
26763
-4693
30128
-5552
30557
-27169
16972
-27390
-31275
5704
-9196
-32499
28774
15186
-11604
-8615
-25716
-15544
-4657
29559
25658
-31302
-977
8320
-13789
-31598
15324
-7734
-23859
-12285
-1685
-27503
2627
18559
-548
4709
9510
-27700
-27427
31271
-13914
-25511
-4297
-520
-4302
-30769
4921
-6173
23044
-553
27824
23350
-15387
11635
-11610
-9682
1488
-20690
13527
-29805
-4403
-11239
-13849
-28651
-30141
-21240
-4416
9879
-21784
-19560
28201
-8263
-25801
-32304
22836
27045
20024
22338
792
-26567
-26462
12095
20550
-539
11622
21095
23900
-21054
-19632
-20965
-9403
29753
15615
-19120
29440
-4261
18157
-21809
14311
-11470
1916
-11112
24327
7058
5118
1909
-26954
29935
30414
20174
9843
15954
-19042
-13323
-12522
-12919
-6882
-2785
-32038
-13542
-3274
-20593
28543
-19879
29944
-7924
-3308
-10735
25969
28907
-4937
6883
-17089
24236
-20257
-26305
-16900
-30204
-23731
21871
-8282
-4108
-6812
3320
-6958
-14896
-30533
-4377
-22205
-24072
-13300
32219
4776
3253
-22429
-26292
-31125
23040
22046
-4583
13213
8860
-3910
-22463
-32213
-6843
-17840
-132
-19275
-181
1981
20955
25668
-276
-32345
-12944
-17893
-15221
15450
-12603
3996
-1814
27348
-15448
5020
-30740
-12726
-19711
-24498
5122
24694
-15039
-13958
-11022
-5172
-15822
19733
-26426
-20189
-20946
24510
-16091
-1481
22239
-7407
-18270
-21807
21521
-7202
15944
-23829
31083
-29624
16619
4512
-25224
7811
28838
-6316
22419
15607
-3695
-26580
-4353
-12329
-30740
21014
-18505
29227
14082
18560
-25525
-20553
32226
2661
-31348
-26443
32176
-25077
-13356
-24468
-2565
5297
2980
15442
-13792
-16635
-18318
12093
-29454
-1317
21196
-17732
30953
20043
-24540
10802
23581
22733
14453
31725
16398
9037
-7353
6347
-28995
-13252
12479
-3508
30285
94
10404
-7592
-17430
27295
2407
-23574
-24794
-18841
14278
-6432
11328
-10390
-3487
-26884
-32201
4617
-28812
3766
11926
26716
12610
-12294
4928
-2682
-17847
24224
10690
-15798
-25854
-4436
8367
5153
4739
2700
-9471
-24015
-18405
-30062
14718
7805
-20907
-14927
-22456
-1995
8700
-31200
10526
-24319
-26086
22357
-15579
26965
-26307
31771
27120
-26074
-32219
21350
-9765
-16824
-22491
-20796
-2164
18225
26662
-16854
13590
28775
-9164
4979
-20536
24081
13435
10826
2746
-14719
14436
18222
-29829
-8026
-21422
5170
-11805
-25688
-2194
-23447
4551
13718
4069
-1764
2812
5903
4333
-18949
-5409
-12776
-14496
-21193
1188
-20236
-24782
31911
16336
-32681
29683
-4823
-29223
22669
18502
-10776
-18099
-3528
-10721
-13577
-30571
18727
30742
-7432
4069
-3305
-27422
-17064
-11695
-5841
31279
9247
-28834
18870
27387
-10222
-14451
-32730
-27664
4710
8168
-16832
25967
16046
-8755
7908
-10052
-29166
-15574
4412
-12371
-1373
-28343
24483
345
24061
-10383
8852
-21880
25164
14573
27543
25771
-14313
20129
-14465
-23885
-3776
27101
23145
-5977
22622
27170
23631
-27287
-14647
31705
25078
-26429
-31269
16084
-4560
14051
25679
16853
-5359
-16734
22450
16248
-10445
845
-26303
-29685
-4719
-26377
11361
-14403
32738
22770
-11983
-4878
26311
-14809
29300
2287
-27769
-11127
-22461
-12578
15302
-19779
-4767
-9746
32319
-21910
-19425
4856
-19315
-8072
-22510
-30185
8471
-18605
-21207
-1415
-981
-14548
-15930
25056
25531
-28952
-24001
9694
23693
23657
28840
27578
8095
-1036
-24364
-6351
-14475
-30432
-15666
-2317
-13055
9824
-9898
-10603
28464
-22169
-14593
-1926
32758
-22131
-7553
3796
-28111
-2819
-6874
32427
4892
-22093
4514
8861
24194
-19700
-20891
-5344
-28337
16216
26938
-187
10124
-9130
29244
25502
999
24387
-29864
-7699
-7786
-26565
18930
-10298
-31200
-20538
21540
16047
-2168
9080
8906
337
17248
-31695
19216
30545
2711
-31886
20010
1798
-27675
-4480
-28668
-15605
6443
25558
32134
-10286
-9983
4266
14849
-24212
-7930
-29332
12446
22297
6423
-24323
-3840
-23905
10428
10278
-8266
-18685
-25824
18407
-17970
-27876
22183
-30725
3159
-7912
-774
24049
16407
-23956
2817
-32422
-25024
-1175
-6978
-3350
358
-4066
-22026
-17705
-23527
13781
20735
23046
9576
-3021
-14387
27912
-12182
14200
-6996
-27736
-25667
28864
28956
-7020
20583
8406
-14519
-21269
20069
1391
-1235
-18319
21000
10145
-5966
-12724
-1001
32559
-24315
-25632
-31499
4194
4865
-20738
7359
-13406
26598
23616
8111
83
-21088
-26935
21196
14982
25254
-3664
3410
-27350
5188
-1013
-20275
-3570
15858
5491
-20109
-4301
23088
6612
7061
13358
-25317
32077
31891
3776
-26705
-3892
-18535
13896
32008
27122
18203
-31261
24046
-30405
1702
31281
22052
3015
21294
-29375
-8008
10510
-9853
-26442
-981
-25812
-2823
-6375
10988
10728
11814
20979
-2816
23191
-29449
-7421
-10276
31469
-30435
-23628
1106
11187
-29705
-17588
-30828
13646
-6577
-2010
12948
-30783
-1815
-29842
4013
-13376
636
-26384
-24425
12325
25981
-2573
-20994
9438
30423
10918
-30759
-29656
6356
-5598
-20170
11985
-30351
26418
-31531
29228
20795
-7687
-23324
5003
21596
28443
-25031
-29808
31623
31207
-10868
-2963
-17810
22894
-1457
-21770
-17738
28563
-17273
17986
5549
10022
26440
-21427
32695
-4046
-28122
5615
-2419
-6426
-19155
25747
-29435
3328
-19682
-26932
-17174
24598
14432
-12367
28913
-21524
-5231
9363
-27910
20183
-11954
-13743
-6383
-827
937
30669
-32222
-3804
9905
-8320
-12157
3304
2268
13571
785
9386
-22282
-30593
-20798
28813
22205
-2719
23565
13383
-7236
6465
-26321
-22006
-27705
32423
-32231
18816
22373
11319
5038
-15094
-830
-20220
-25775
-26894
29100
3777
12817
-18934
-28376
-5183
-3485
17108
13570
6984
-2420
-11960
-26845
-26684
29785
-12572
-8140
-19838
-31155
2966
-22996
-5086
-28355
-9254
32275
-7447
7886
-6030
-8461
-4836
9823
-11329
-19068
17018
28904
1911
8686
-32028
25483
-5856
-22101
-18023
18508
6255
16931
22241
-27948
15949
-19257
-24707
21940
32
5840
-2261
-32123
-3960
23633
-8582
-32331
12235
15505
-24794
30218
-29499
-28006
9402
-7702
-19626
-22595
-9265
24453
27660
-349
-23469
13367
22923
16539
-6177
11183
-20202
30541
31777
-13710
7055
12639
-18204
30100
17263
18561
-8485
-30113
2114
-16153
-9401
23950
-22053
-16491
21492
12880
13543
4335
-15690
29321
1814
-26574
-31934
-18281
22598
-11051
-18198
-30744
-12604
5655
25601
26420
-19888
7616
11560
-26169
-29151
1275
4731
-22880
17703
-31160
4365
-8656
32414
-14073
5952
-28975
-5215
11810
-13369
27852
8749
8981
14434
24887
-6032
-9492
29525
3347
12308
-1675
7184
-25151
-13784
18946
31690
-6194
-16874
-8334
-421
4805
-2648
-24053
-1956
4358
-9127
27130
13949
-31807
20640
20658
-23884
21736
-30094
19148
-3635
26190
32738
-22028
10942
-12337
7189
-10812
-3478
19236
19478
-4753
-28478
11452
7699
5672
20610
29404
-8969
8275
-3248
20849
-12931
-15711
-2872
14747
10353
-19403
-32744
7439
-30021
-18028
1448
21526
-19724
-7666
-18155
23078
-4047
-15398
3545
-27728
15887
18730
-19658
-23136
24093
-9882
22781
2776
5164
32527
-24187
-782
-4361
-29445
-28473
9110
30589
19820
-22731
114
24792
-27812
1657
13845
-12048
26576
-27515
-28520
4254
-14513
-6989
-20961
-25001
-18902
-27453
-10580
-1980
-22175
-23859
-21182
-15262
4251
31504
15718
13556
-5318
14635
26587
31224
-29607
-20667
-7282
26143
12229
-27395
6997
11657
4312
-14667
9020
22337
27458
26516
5563
1654
-32004
-7149
-30234
-9379
31665
28873
29845
23536
-19783
24426
9694
11512
18342
-31546
21253
-4291
17669
27627
-11051
-26809
31184
-8983
26448
26719
-12266
-14335
9485
18330
-29800
-13701
-14122
-5139
-16646
-21015
31867
24995
-2689
28415
-9727
9290
18839
25445
17210
-8547
-22914
32560
-24896
21993
-10550
14740
-23606
-28286
-21473
26285
-19220
21864
-13191
-10273
10991
-1341
2668
-27768
-10840
-13172
2296
-6820
-27045
-7959
-9599
17775
2113
25865
-14668
-5198
27208
-22068
-9581
26602
15547
-23357
-25633
7094
24494
1159
1060
-6560
9520
-23251
16888
7318
-24422
27831
21374
-16939
412
29305
-11310
1519
-13519
13831
2271
1122
829
-22026
26773
-27413
-13248
-30530
-16264
-29744
2983
-3384
-13132
-9952
1373
14177
-7965
-6437
-15731
-781
2296
-23913
-12928
14363
-25461
-12734
-10388
17275
-874
12051
19259
9382
-20947
-31854
2021
20740
-24258
7781
11447
6983
-3732
22003
12894
-18991
-12510
6131
15015
31059
6889
21612
-14461
27517
24779
1546
-2935
-27789
957
10654
31477
21506
-2691
-13993
7508
-2592
-11904
-14192
-722
-20969
-14454
23118
28937
11699
-29186
2440
-6587
21531
-5516
-16649
21901
11413
-21175
29472
-17127
20167
-9719
13200
-5977
23448
486
-10677
-943
-9216
11168
-32135
-6588
12714
-17847
23737
-29679
-5233
-28999
25176
-31235
21286
-29878
17509
20797
-8945
17288
18873
-18100
7457
22914
29692
-23212
-23376
-153
19378
-25750
-4000
28880
-16152
8191
-30717
10135
28109
22093
-30013
57
23788
25813
-7766
-13378
25902
-2896
-12211
23061
10793
11531
-8847
24988
-10809
4033
9615
-419
18057
14119
-23510
4535
-27235
25617
-17199
14895
-23184
-25183
-16843
-16063
27747
31722
26635
-24103
7728
12430
26635
-26968
-13589
24815
-26597
-2810
-8800
15905
24877
-28258
-30919
-6604
24574
10962
-2772
13145
16020
22001
1778
-14949
-26852
26973
15320
14311
-24406
-7584
29165
-23802
765
-26175
9524
31348
-31818
-10247
-23775
28072
20801
26384
-28957
30235
-30017
19038
-27093
2667
-21343
-31075
16423
-26145
10823
31960
19056
-1092
17158
25336
-28524
-26936
-16566
23083
28095
-14257
2323
-4339
13368
9784
31262
5852
27977
-27897
27973
-2787
-5875
23805
2340
-11354
-28365
-17797
-29641
-6101
2261
-31513
-17693
-13968
-9677
4364
-16424
16616
-2173
20268
28004
8743
-17675
-31396
-27424
-30550
29704
6141
8986
-28762
-8500
12513
190
-4429
-26419
-879
-12381
12580
-30237
3991
-22933
1105
-1683
16951
-27362
4986
-11572
-16001
6041
8162
23735
13331
-17791
-28225
-8989
-4509
-14598
14061
-14003
18736
30156
14017
-4386
20382
20278
2528
-22954
-24444
-2531
-28554
-2125
-29762
8016
-5906
11320
1229
-7056
12239
-19774
-7526
29146
4819
-8492
28010
-24580
-17192
2733
19384
-19209
-25454
19710
-6763
12498
12020
6549
11022
-31755
-21461
-5076
11524
3418
-18002
17290
631
-10427
-24913
28549
16171
-3510
560
-27121
-29234
-4195
-31855
22356
-27891
-20442
-13101
-11634
2545
31295
10317
-27956
-20669
-10559
31551
-3973
24905
-1225
19447
3173
9977
12127
-14340
-7145
-15648
-30508
-21441
-10571
-13410
-31376
5444
58
3462
24191
4898
-27250
12877
-6112
-13781
27070
4436
21646
-4186
15617
30777
13803
7859
-32263
-7925
-4211
32743
25524
14785
14562
-20377
-9704
26500
3971
-23783
7810
10158
23832
-1355
3188
18795
23223
-14747
15520
-30666
32552
-4408
-10407
-3291
1028
-28791
8586
-11098
-31793
8886
2566
-7314
-1962
5306
-14503
31379
7577
-12495
14502
21715
11155
-7131
26630
-2367
-2292
-30550
13898
-24968
-21005
-28216
10019
-29129
-24118
-15240
19397
-5145
20445
-21541
-23641
1240
27849
16700
-712
-8642
27081
17252
23923
-18983
-9608
-14821
15006
-54
25003
-30761
32698
-3433
-16163
21587
18938
20902
-7404
31559
-28309
-17845
-14366
-22058
-22334
32348
14559
12200
2968
-2255
-22808
-468
6859
16634
-22228
-21605
4722
-19453
-10230
-16450
16944
-3959
-421
-22321
21227
25211
-9710
-6305
-6229
-32660
-14874
13619
12693
20823
28032
-24917
-28145
-4421
5499
-5058
2227
-31669
22422
24283
-1521
-3492
8572
3466
-13235
8339
7654
27743
21015
-31820
-24988
11800
11251
454
-25082
5883
18402
-1051
1430
16402
7069
-18484
-6635
29777
-1212
19399
-21143
-18484
20954
-22230
-16608
-12402
6711
19291
12141
5702
-13384
-14231
-24867
13024
-22351
4083
-23427
17279
-1473
14737
-10251
-19461
-23081
13962
25753
-26166
-15935
2354
-32747
3997
-12123
4353
-15875
-24440
-6814
-30956
-17261
10476
-10613
-18354
3690
-18662
-28353
-6765
-28294
26705
-16066
9858
-3884
2258
1770
20828
-12838
-4172
-30880
-18359
25265
-6044
-14083
22046
41
9067
-26437
12617
-23409
-28232
11412
28429
-17147
24510
7312
-32615
1647
9197
2077
5288
26209
12630
-1773
8548
27117
-26934
6641
-27586
15878
-14577
-1902
-15395
8802
22079
26152
-22916
5896
27013
12956
-32442
-20057
-2154
-27618
-10693
29679
10480
-20765
877
-12230
-17357
-6057
-7735
20777
16818
-13327
-2442
-22467
32189
-4754
-31337
21310
5017
-29882
18768
2202
11477
13371
-32396
-2195
22793
24414
15517
-7784
-31381
13563
-1747
-21708
1650
-23834
-17930
8783
5283
-4584
28162
2617
-26675
7642
27172
-14334
18243
-741
31781
22349
15224
-26836
13861
4667
-23021
21510
6339
-31410
26009
14120
19697
-19541
-5481
-10989
24552
-32522
-19106
-10412
-29896
21970
-8767
-27514
-15925
27318
112
-4583
13105
-363
5930
-14086
24162
28532
-22055
-19795
8542
18290
23147
1727
8122
-12109
-26954
11688
-8555
19195
-15127
24814
31211
-28702
-16425
-31558
-11822
-14974
-29440
-11206
22502
-15192
-31697
-20391
11437
-14348
-14159
15138
-28575
-9232
30894
5693
-32676
3363
-10970
20708
15412
10907
-2914
21088
12071
3460
-6102
-29518
-26458
-8989
29931
-14699
-21032
-19130
-20892
9824
-2288
21522
-4333
17983
-11232
-12703
-19797
-3019
6360
-13468
-6896
-8734
29063
-3315
-9570
32061
-24215
-27478
46
-5984
-21576
27252
-30114
5137
-18097
-9252
27226
16841
-30194
31527
5354
16389
6515
26953
22655
4201
-25728
-13045
-10034
-23922
-24439
29007
-27214
-20032
30283
19363
-20584
6152
18729
-6109
-13583
-12644
-16403
-31703
1524
26594
-19473
4129
18087
17590
-3790
10445
16374
25693
2858
-25995
-14351
12597
-32476
13331
23534
-1910
-25736
-20124
245
-3923
-19525
-31510
32005
14356
-19070
31939
1092
22909
-13064
-320
-23677
14025
23852
-11736
-6718
-10159
5179
-7696
-4637
18286
23878
-9565
27902
6706
14199
19264
-32734
28191
31028
13029
-1693
2495
3823
20685
-26645
-7217
3336
-2183
-14697
23270
9965
-28971
-10795
22130
-20061
18433
-20834
30868
-24898
-13819
-31153
6022
-16126
25785
3642
-31255
22209
21182
17604
20689
-25377
9872
7004
5126
-29025
29945
-28475
-6861
12858
-7140
-7303
-8938
-10416
244
-19425
13419
27002
-3974
28909
-4383
31124
-20432
-15138
3246
-4537
-18792
8089
8008
-20104
31446
-14387
-3574
12519
-22791
29323
32279
26678
-7202
14345
-13
-28731
24479
-30580
13659
3069
-2272
-22035
23786
5212
-16488
-20248
-20861
-23867
9956
4995
-7729
-1474
2283
-19660
16466
24105
-1830
16139
28821
16998
-23131
-26591
22217
4163
18937
15872
-25033
-7315
3357
11213
18608
26055
-5584
2130
-970
-23970
16088
-17877
23694
18562
-6973
18066
22093
-25339
20469
5264
-24994
8837
11064
-4271
21218
-13748
22088
-23280
-5364
24905
-18644
26003
-21575
-30431
23106
28485
-10911
31308
20042
-774
7093
-7111
-18528
26986
-5263
-16286
20103
17576
24256
7136
-9650
1122
18381
11975
-29016
23144
1885
27732
-23698
20477
30307
17475
13000
9953
-9536
11432
30237
10834
-26202
-7108
-3332
21681
-12546
-9775
32271
-11725
-26971
-15027
1808
30731
-18165
-14449
12810
15247
-1924
-19007
23130
7543
14163
27478
17123
-15474
-12143
-23036
-22524
-13138
-7451
9756
-30315
-17417
-16812
-7780
7490
-16951
-19542
3177
-30235
30126
4153
12115
18383
-27906
-20373
-32126
27730
-27590
-10373
-23667
1989
-19126
8715
2188
3172
14863
5410
19001
-25988
-11464
18
6063
16373
-23253
-23497
9279
28097
-23838
-28611
15993
18349
-5234
-7409
30173
-13524
-29001
22907
10584
21030
-32007
7013
27521
-7785
10086
18979
17573
-22893
25263
-6556
419
-5160
17241
-22347
-8874
-6342
31928
-8675
13813
-23371
9719
-23051
31017
30508
-922
-28262
-15911
-24650
23570
30590
-16327
29512
14087
-10787
8784
-26032
31897
7121
20158
-4057
15989
29626
17668
-24358
-17074
18233
-16455
-31141
-29230
-19160
-17376
-13073
25462
-21993
2354
19331
30560
-21392
21145
-2573
-29785
-24292
-32353
18088
-3953
11224
-26631
-29557
29019
-20995
-30252
8174
-16452
-5079
-29441
-12969
5917
8497
-30485
25184
17996
-1995
-20416
-18138
-10257
2223
-27920
6303
-3157
-19034
32361
15213
6000
2773
18979
10272
-30282
-3076
9761
-4019
16551
-18997
-12894
25665
-11370
-19835
-13355
-16426
7394
-8943
-14306
31001
-24142
3400
31425
-23189
12388
22251
9872
-13741
17966
-31396
3711
15222
-2252
30255
-7616
25874
-19738
-30297
-13253
-2498
4750
-20259
-23422
-12891
3783
-20494
11070
18614
-9902
-14403
-4039
30530
-4702
1633
-25067
4723
-20345
18863
-12134
11840
-3010
23742
17270
-24423
-16048
-291
14013
3111
10340
-25616
9702
15244
-1453
-3016
236
7874
19126
23813
-22324
13659
17350
17769
-8616
-13579
-26402
-3457
-19631
27735
14689
-7274
-11990
-1889
-4439
-24244
-2765
11082
-9231
-17941
-1923
-21986
-17993
24212
20083
-21175
-18774
5848
17740
-15325
26292
-1055
-28474
27353
32238
17961
21015
17547
-12327
-26702
12673
-25754
5749
17750
-11670
-1406
-2248
22718
-10617
-8160
5730
8466
-9939
-15232
-3039
-6487
-25239
-113
40
-21314
-5357
-7429
-31341
-9449
-31700
-16994
-16126
16987
-12494
6981
10919
-4372
20617
4862
-6301
-3445
-26796
-11003
-13366
-18262
-23231
13069
32196
-31895
-31084
-26113
21093
4408
-28582
-13814
-32493
-13945
8114
17609
32066
32213
20997
2097
-24843
-32599
4112
6645
-2959
16768
27676
-20883
-16759
-16849
21838
-19109
2291
18624
4795
28251
22436
19826
24220
-7613
3836
18422
9443
3001
-21830
-5918
-6904
-2859
6116
-24002
31310
30918
-6658
21201
26612
-19103
-16103
9497
-30340
-25873
-1650
-26532
14124
-23164
6422
4607
29667
-11862
31694
22046
27607
7062
-13984
23340
-26624
30356
-18182
-25355
-20346
-11485
-14290
-6547
22656
-8792
14425
-17095
-1898
13581
-21384
-21041
-9903
13394
20069
-7287
30884
1956
5799
10252
17285
9720
-11772
-16989
23090
-2228
-10823
-10696
8373
31397
13410
8460
21226
-11063
18028
-16399
-2556
-31906
16465
-27547
-19899
20455
-16054
-17053
-24650
9319
7955
29562
-4737
-24849
-2282
28455
-10957
-20343
17533
25247
-25192
14984
27029
21044
17528
-9442
599
-13783
32055
6009
-74
7745
26873
23581
-21894
-24787
12297
-6232
-9829
-18019
20686
-9370
6516
-15494
7991
-24912
3787
-12756
-5010
32433
20162
12595
7194
5906
-12881
19671
-10357
9433
11207
-2355
-5427
1071
-31667
-29595
-22701
15966
4679
-9359
-27788
21834
-24818
-5721
19315
11907
3998
-4186
-11318
-22582
-30232
1258
-293
30464
-4724
-16650
-3376
-20238
-21474
22489
7847
-7850
-28553
706
-9795
4058
7110
5344
-26576
20117
-29844
-6039
-22912
416
5075
-27340
32374
24679
-17583
11339
-28380
-10897
-17800
-21140
32023
1906
-1696
-21316
5296
-8810
-16090
3241
-30280
-668
-14241
3580
-21741
32667
-23013
-18654
17959
-3581
14196
-29249
-26595
20292
6280
5607
25459
27918
27316
10331
12616
-1567
-12299
1955
2004
-3187
4096
-10893
-5104
6851
23440
-5443
-15833
21005
-29309
24132
-1805
-10623
-31739
12563
23832
-4537
-235
-16816
-18588
32073
31257
-17163
21733
10505
23556
17200
-28978
12773
28889
-26977
-10543
-14021
14804
12017
-16688
-16045
-2913
30690
19977
-3795
-3310
3418
-14617
246
-11155
-4491
30872
-2264
-17779
27341
13827
-31234
-23864
30787
-15366
-25258
29923
-4554
6691
12621
6038
19678
-13812
10353
-13903
-643
-21314
25581
9223
-4278
-23884
-16554
-3603
18405
-581
4226
-13667
-23969
-13440
-11154
-25736
-26917
-31265
2704
-5419
-22942
16651
14148
26751
3637
25952
30872
-4605
-32006
-5771
14163
-10742
-19420
-17973
-30509
11101
8399
13182
2996
-14457
-12953
23312
480
7417
-29158
-28055
-4773
30780
5036
31575
24557
18895
22752
32531
19478
-9234
27655
-24215
-5369
25613
-3340
-25649
-32166
-31286
-2796
-22682
596
3879
3616
32737
29734
-30778
-27378
2236
-12413
-31292
-4852
-5331
21432
-30664
10037
21759
19968
-23254
-26059
-20018
-11069
-26606
-31593
8177
27755
15637
14357
-18713
-9163
11985
318
3278
-32130
-23393
18580
15418
27402
-5130
-15912
-14720
13219
8630
814
-2344
10929
-29189
4751
6007
1654
-31778
5951
-32767
-25758
17222
-26976
-9416
-12239
-30441
-26943
11853
-7969
6485
-27422
11839
-21881
-5286
13466
-10851
-31186
6764
5825
-22219
-9882
-16721
16499
1112
19738
-20150
-25179
-8236
-6571
-11835
-9538
-18744
9016
13256
-11532
-32107
9614
1185
21792
-9492
-10750
507
5813
1760
20751
-29506
31676
9341
24142
-12062
31095
28000
31993
-18485
-28546
-5414
6370
-13772
-32009
-8226
-26625
-23804
-22972
6898
31597
-24686
10971
2561
9181
25475
-29499
10360
-4258
28209
19442
1342
-3242
27336
-30623
14450
-8870
-4050
-30815
11376
-15309
1762
23770
-32241
13510
4102
-15316
11900
3282
6362
-6459
27375
13256
26055
-3676
22502
24428
-32090
28000
-16484
23369
28406
-24352
-1057
-14279
-9744
26517
-32523
28734
-3332
29575
-5009
-31994
-22234
-10198
-24726
-4036
13359
-6460
4368
-30892
26652
-16714
21956
29164
-22424
26806
-19429
-24248
31727
-29508
30387
13872
30886
-21221
13185
-13259
-12595
32700
-24983
25106
26008
-22599
23559
-8411
-3021
-6080
17436
-28891
6278
-704
-4472
-20228
18199
20780
3229
25379
21672
7899
-21460
-18184
10601
1382
-6799
-5131
-30027
27814
-28294
28416
-20298
2683
-22955
-15730
-30698
-16468
-26821
-19980
-23617
-3561
-4684
14607
-15038
-30539
-29019
13986
-18954
-12040
16919
-9084
-12365
32739
4555
-20600
-2466
16533
5542
-7136
9881
24126
-16673
19757
2730
-19716
-7725
-32101
12941
32018
-21350
32170
6164
-16757
11143
-16417
423
17774
-28862
19948
-28850
-4011
-17597
15279
-4831
29822
11493
19951
7133
-3435
-19005
23957
22574
-11607
32382
-28720
8056
-32319
-11462
19339
28131
-16255
-31032
-6150
18103
12933
-31838
-31268
-20394
962
14225
-24824
-1480
-24571
-28054
4618
22053
15115
-24942
-9073
-24333
-18722
-19276
-2074
-7447
-5919
27113
-386
20414
28429
11984
8998
31615
-26503
-2404
-24708
21911
-30714
-7671
6921
25339
17854
-30846
-667
31041
-5927
-30280
25573
-2817
-30838
5049
30641
-28179
9286
8491
21347
2425
17665
25847
25229
-16246
-25945
2499
-11794
29834
6416
967
-13565
-23333
6055
32111
26283
-15835
11350
-7255
-28727
22791
-24700
-1069
31032
-9198
-28152
29538
22444
12783
31892
-22609
-22139
-9519
13373
24548
20186
-14892
29585
5435
22485
-4338
16302
-8912
17718
2901
18226
15840
-26797
-27407
-10632
-4909
23275
29375
15591
-19172
29595
23952
22364
-32184
9963
-5605
2185
21393
-25701
-24997
-4338
28542
30274
18441
-29726
29075
30428
-27542
-26622
-31356
17403
-13142
-24266
-28407
-12039
20556
-12696
7216
-9497
-24240
23509
-19319
-20914
19969
24336
-4483
-8191
-7526
-28080
10792
24782
-184
17507
952
-3464
25337
10087
-21935
11616
-16292
-6562
21540
3165
-16642
-6307
-15626
-1377
22518
13325
8416
-5568
-31824
-6288
12169
17813
-27221
-13616
-23383
-10103
-2866
-4740
-17964
-17836
-28218
24313
-21764
-6542
2254
-11252
-21551
-28694
5871
-18113
26253
6800
-32669
-29609
-3623
30888
23393
32487
-7927
-23514
17881
-29471
23114
-5257
-30911
-15350
-12355
-21935
3374
-26025
12293
-798
-13616
24695
11971
31848
-16140
-10564
30422
-6765
-25752
10038
9882
-7596
19324
26571
-19414
19212
11061
5955
31086
10418
-29679
13946
6850
10541
10505
-9769
-17163
2667
1638
-13400
10230
-14174
-1680
11407
17571
-4762
-8596
22332
3146
-18346
12420
-15674
-27176
23922
28486
-9302
-3879
30951
-28758
-24099
13194
23406
-4959
3438
27639
2403
-21226
2190
-8994
-20813
22199
18058
-29666
-6320
-2449
8274
-3733
9285
1939
24096
-32198
27967
-18464
2439
11084
-19264
15503
1662
11351
32709
28571
-13625
3133
-17272
-2989
15748
11171
25592
4891
-19968
29141
13948
22010
29721
12695
4161
-9462
25219
-5083
12068
29819
10989
11662
-23907
28688
-17936
-32458
-17046
-6308
-8402
18582
-24396
9100
-20001
-31595
20816
29747
-15544
27793
-28917
16647
-21641
-8987
-16576
-32741
-22664
-23644
-11045
-31674
-13356
-27617
18510
27052
-5782
-2070
16896
-657
14122
23779
-10705
-4058
-16421
-10884
30498
24898
10374
256
-25992
32684
17566
5329
-30815
19501
7701
8434
24297
-28583
-29378
15320
3862
20426
-28708
15203
21215
5041
17953
-10169
-22987
30768
-11269
28615
-14899
-3386
-514
15896
2064
23884
-14632
26551
13781
-11161
-20054
-11957
-29469
28691
20166
-20624
-22249
19489
29739
15581
11791
-2129
-9691
-12740
-16367
26860
-4505
23425
-20265
-14444
-12061
-28881
-20217
21412
-31477
-28027
-1494
-30208
15998
19168
20515
-17701
-14037
-17554
21665
31941
14805
-23323
13527
-3086
-2205
15744
1952
-10922
-24385
16185
23398
-26612
10204
-9155
-8549
-14396
-6720
22033
-4923
6744
-5367
-4437
-21523
18004
-17738
20658
-22002
15752
14626
7159
-29807
3683
-4458
25180
-29938
15252
-23281
7280
-6317
14257
-17076
30410
-20490
12536
-2995
-8384
-9286
17085
-20013
32514
-14455
6557
-23459
-28362
6331
-1610
-4044
-16128
2429
15853
4799
11087
24061
-27074
-9979
22073
3892
13716
-13202
12607
-13557
-25626
-6503
29405
-9658
-24353
12303
-5519
-5038
18989
-29489
25067
-32752
16644
-5007
4785
-5908
7698
6294
-28196
-10436
19079
24296
30395
7321
24934
15026
29870
-22912
5545
-17129
18994
-6216
-5369
7290
-14984
-21133
-32526
18446
13734
-11383
-10516
16425
18587
10737
24737
-26892
-26838
11371
-19071
19565
-32595
32568
-15870
-10552
-7738
-30418
4601
-9274
20156
5579
11946
2678
-12058
-30719
31907
-30726
-30819
-3977
-24629
24756
-30316
-28090
15482
21599
-5373
2368
-3734
25083
20776
-9412
11403
20709
6201
3728
5073
-22511
-11885
-19590
13761
30825
-10552
-12824
-11097
-29924
-31846
-3863
-572
5426
24883
12528
16006
-32730
25610
-20359
30013
-32378
8866
-19074
11766
9045
16431
-12751
14612
-20026
-4444
17206
-3412
2187
6987
9028
-32057
19888
23524
-17194
15837
-28901
-10080
10716
629
19392
-9802
1159
12496
20235
18030
-9090
-17994
14100
-27300
1765
-7057
-11309
-18513
11172
-5548
-24730
6702
-204
-21919
12672
-16315
14183
-21280
-24882
-29134
15951
-23616
-25648
6205
19490
-572
10534
-167
-17121
26070
4557
-30064
27505
-15141
-29493
-12748
13902
-6007
11628
-24915
8148
26799
8469
-21533
-12026
21958
-31303
-13787
-7522
-32086
23614
-12278
1423
-21924
-14871
5163
-17632
29013
1501
2291
20571
-2357
-29978
12901
-27187
-17164
-1243
-21496
17935
5418
11148
-4482
9363
-32671
19572
-17443
-18894
-9961
3382
32447
-5309
-15872
20533
26797
30600
-20584
21379
18111
4225
-1978
27451
-9974
-25547
-17868
5202
-32386
25777
27276
9799
-18731
6340
-21097
498
-22586
-27072
25702
-24445
-5801
16578
-12363
-16989
19837
19660
-32132
-26586
8174
17791
9859
-3707
-5835
19913
-25772
-31810
19696
16422
-8540
-5815
31795
30766
3466
-16285
8859
-6149
29092
10834
-12759
13487
20311
12311
-13525
21714
-21957
28631
5515
14587
-3185
880
27447
16163
4019
31550
13636
-32509
-31402
17313
-19380
-4418
-28712
12047
-2879
-18608
-16837
-17775
6866
17877
-28754
17076
3554
10744
-28322
-29886
-5399
-4046
-30063
-15574
23085
-28720
13421
-19541
8484
8844
9886
-12078
9531
23275
-13108
13994
10169
-17577
-18249
24416
15268
-28930
-12194
-8872
3137
4203
-30811
4903
12658
-26862
-6149
14448
10085
29370
4293
14524
14014
6396
17809
-14524
11102
-9604
-22494
-30835
-3638
-14958
8224
5819
-6140
1265
-13143
-24700
-20234
-10141
13924
3364
7292
1659
-10618
-23771
-22028
21686
-21074
23397
-22724
23483
-22588
9091
-16461
17226
28374
19015
-10559
-156
19658
-21951
-12225
-7108
25085
11934
-5061
15750
-3849
-25464
-10008
-25143
18460
-10785
21121
31647
-7760
-23582
15887
-29903
-13727
-19509
-4397
16087
-3859
28982
29151
-30499
29969
-27775
-23457
16744
-10234
-4273
2450
-23060
9420
20807
-26662
-25062
317
-2747
-5629
-17747
19716
23163
31741
-3687
11202
29029
25717
11391
25591
-23868
-14108
-1224
9273
21920
-15265
-23599
-596
18534
30959
32693
4756
-15243
21284
-20782
-16370
9694
28469
-25802
21424
19113
-22747
-20981
-14629
4694
22854
-30952
23650
-20113
19096
12833
-26627
7148
10620
-23508
26294
-20308
24611
15359
-7299
32692
4701
-15496
32562
19205
13660
-29070
-27416
-1872
22107
27807
-19541
6393
20632
-9868
-21567
14378
26918
4563
5743
323
-22600
20484
29888
18335
9456
-3826
28313
11073
7948
5804
-27473
-10630
-19775
-20969
5383
3496
11657
-11556
-23249
17281
9329
22582
9595
10473
14556
-15619
-16439
-828
-15144
28559
-23018
-4541
5099
-13796
-12020
19179
6900
30102
14080
5058
10404
7325
5569
5302
-10619
7082
14931
18006
-8191
-4874
-582
764
14883
-24876
12641
832
26514
23263
-5748
-27207
13210
26707
-30379
-23696
10205
-3010
385
5072
-2820
31422
-14019
11796
-22114
6214
941
9160
15692
-8980
24437
30742
-32171
29203
-15588
-14439
-10905
-29071
9797
-18518
8638
-29409
25977
23634
13874
-9403
-16990
25992
11971
107
-17645
-28811
11300
24588
17784
-18222
752
14548
-16280
-30528
6554
-31289
26929
-10364
14110
3017
12830
20992
26303
29871
-7597
-29465
-15595
-20214
4164
6781
5508
808
24209
-2683
22984
24190
582
19823
-16009
-3103
11153
-18410
-2196
-30806
13697
-9911
-21195
18215
3777
-27466
-27209
18770
21833
-20393
21568
26490
-20967
-24693
-20225
-11688
-19321
-11879
19842
32613
19127
-9227
-22787
15987
-16851
-10206
27483
-2684
-20734
9271
-11244
714
9899
-17990
7360
-21829
-18711
29078
17496
6675
19505
-3096
11838
-4742
28905
26886
6
-17340
10591
-18263
-29042
13803
-30668
-9455
-25973
4881
-7400
-17907
16107
28041
28337
21304
15279
20973
-10604
-30004
31706
-31400
-4178
-28108
20634
-10210
-29056
-11469
-32750
23005
-6826
22429
30068
21940
-15328
-1113
-14034
3861
6254
-4168
3069
-8560
-9460
-27204
22938
19759
15264
5250
31494
2976
-31326
1892
30845
-22200
-12316
21546
-28342
11535
-7509
-3513
-13337
-9527
-13287
-28062
323
23777
-7377
8098
30485
17369
-23482
23760
-23859
-9738
21395
-6153
29031
27220
-14969
-25691
-153
-3434
-22629
9426
-10721
-23612
348
-10760
10210
-15465
26644
29286
9523
-32693
25714
-19593
-8079
31708
24332
-13582
20105
-19388
4948
20870
31027
18100
-6068
-7119
-11254
-4146
3291
-11427
3934
21785
10902
-22257
15619
1051
-10683
-10630
118
-29968
13334
25726
-16750
-9118
20990
1729
4994
-11022
21104
-21077
-10626
920
-10842
-2241
2656
15797
-21493
19368
14667
9400
-28362
-27545
-21509
-16428
26418
-21087
-20114
-29379
-7117
14486
-77
-11103
23439
1104
17889
-574
14247
-4324
10991
28077
-21429
2424
-17570
-23714
1935
-26823
3702
-1245
19615
-25409
4992
6732
24946
271
27374
22661
7621
9789
-10723
26762
-27795
10478
24732
20969
-27177
4011
-27938
-1518
-19418
19912
-311
23758
-2407
2894
8450
25898
1952
1793
-5938
13845
1115
-13260
-21302
20873
6421
-28642
13794
9877
-11506
22752
-23353
-21640
32138
-22293
-30986
-32746
16299
-7488
5891
-11026
-2005
26328
25862
26591
-5331
10648
-28266
8480
18900
24871
8305
10427
-18739
-23237
-5386
-20220
-16422
-11563
-22254
21819
-4343
25462
-14449
15718
-25993
18492
17259
-26576
22997
7199
32064
5917
9710
-13926
-29008
32250
-27747
-31785
11938
-11028
-14418
18193
-29975
-11607
-11443
-27663
-30785
9932
-9546
-5283
-9749
-14714
-29807
-24863
29540
29233
16299
12749
15228
28431
-16216
28534
-22644
-15648
27774
-27527
-26150
26863
-21588
8654
23147
-13818
25968
-8402
-5995
-725
21151
7346
-30964
-28086
-18149
-17472
25423
-24138
-30283
24742
18796
-2239
7619
16478
-11762
13823
-16893
-20220
16069
5299
3747
-23985
-11969
-16203
-7552
15108
21437
-12500
17502
14695
-27008
-17533
23167
22331
-19795
11925
22284
17629
19078
24281
-21061
3620
4149
-15875
19637
-2260
-21098
-31155
-9780
-3578
16638
-6475
7708
-29618
21631
-26444
23020
9299
-4901
-29172
16093
-7167
-13524
-12411
-11598
-32128
2848
-27893
27758
21432
7274
15560
15137
-15254
6329
14156
28108
-23615
-21791
15023
-28842
-24750
-27695
6079
11450
32617
-18701
28855
31190
-27463
-12855
6163
-24967
-1567
-25482
-29398
31492
13395
14833
374
-3820
8279
29411
-23863
4805
-20114
-25745
13974
-26269
27948
-18063
-9439
-21510
31716
-26866
-18412
16575
-20446
29321
14969
23579
-15900
-16766
29773
28945
-29677
27880
4458
26316
19818
-13534
15803
27086
30128
-31058
-17773
-13723
7611
-26290
-24237
-13972
-23232
-6517
15734
32509
12807
-17002
18023
31336
24446
30789
-20526
22018
14100
24264
20408
1649
-16841
32039
-702
8077
-11807
18723
-26326
-26217
23612
15806
16527
13449
-32060
12871
-6515
-29890
20834
-11923
30053
-14098
-16702
-30352
29619
-9157
-2128
-31027
-29522
-31898
-31806
-20983
-26475
-20196
3364
29227
32332
16611
21670
-16572
30547
-21488
28205
-12437
25927
-11962
20533
4995
7513
22313
12654
14486
29225
9721
9646
-7217
-27131
-11816
2094
-25351
19070
19312
-25355
11050
-27658
-27398
22876
1817
-26916
13842
-22688
-20634
1098
5667
4287
-13531
18737
-13869
14732
26139
-27888
-19293
4010
-18419
12299
14750
32063
-24373
19515
32298
26198
-25289
-11267
-6239
1432
-17313
-29189
18170
19671
-30670
6103
6388
12960
-3193
32609
28788
20764
-1278
-18008
-18597
-26991
30656
-10532
-18131
11573
-11339
-30192
1691
19709
-27596
6485
30298
21656
-21113
-10387
-2842
-11546
-11760
-25037
1266
-22477
10016
-13690
-3192
-11340
2142
-5626
12473
-2447
12184
29031
-13105
27273
12967
-26723
5539
-21448
25553
3263
12768
-14434
-26762
-10809
17853
32610
-26767
30068
31651
-27089
12296
10609
9139
29748
-4740
-19907
-29841
5112
-22528
-3145
-20631
-21559
-10476
17708
-4271
23699
25923
23829
-9830
123
-28162
-14091
17100
-7866
-30049
-4587
27992
3907
-13508
11672
-6503
184
32577
22998
-11456
5342
2085
27467
23562
23955
12064
-17822
-13945
-17111
17003
5025
1649
15337
-30615
-14827
16958
27781
20685
-6297
-22134
-8882
-6127
20702
-988
-24616
9961
32513
23522
28763
-23389
25060
23666
-621
-4678
25193
-8115
-3445
-20426
-23401
20304
23897
15846
5347
-32297
-19939
16074
-16144
-24785
6183
-30064
-13382
-7371
-21110
5395
-13053
6188
-26922
-30800
10964
-18793
14143
-32083
-16058
-26884
20404
-13058
27071
-4889
26920
21831
10779
-8518
-3548
23111
-29063
-23233
31399
-29143
19953
-11504
-16453
-18015
19659
29469
-28987
-27780
31840
21282
-24709
24179
-26003
-20837
22075
32160
-28231
10136
-11757
3642
-18316
25496
-16760
-8394
-8466
-23678
6475
30349
1651
15732
31679
9058
26067
16462
-6363
-17726
8931
-4144
17156
-8301
-25751
24110
7863
29635
14905
13591
12557
-30802
-30712
-2851
29203
-13607
-32705
15304
-26498
-11145
-18453
-16542
10167
8888
127
-20750
-31523
-26556
-12496
-24210
-19760
-30834
12389
1603
24058
-26212
22496
-4817
-23261
3605
-10707
21709
-24276
-31704
23351
-18034
25421
-15308
17380
7898
11953
19568
1754
22102
26773
5502
-26822
-9766
22448
-17311
-5520
10072
8959
-556
11900
6938
-5199
2400
-23013
21121
12178
-6399
431
-28467
-3229
26448
23860
4305
26181
-19504
-18719
29171
-2110
15840
-21121
-29994
5084
-1133
-2440
30045
13071
1159
26937
-21432
-3163
-1888
30217
12154
-16659
-24683
22968
14080
7592
25198
-9599
7559
-26524
26693
3147
-20960
25198
-12635
1069
29500
-18383
-29904
-6055
-16011
31760
-18393
12958
3795
25874
-23030
-32522
22539
-30069
-22237
4733
27602
-12936
-17554
20679
26656
10379
-21257
-5753
-12962
6422
-31687
20196
19084
3758
17870
-28738
22781
-8854
-22458
-4372
-2959
-13015
-16438
4088
-26884
13415
20630
9145
-2453
-11003
16851
20125
-27582
4813
-13988
-560
-17483
-20543
25419
29547
-955
-23545
-11539
-11401
-162
9547
-10807
15101
-30698
-24581
28200
27504
15139
30705
26367
22969
-14632
8860
28405
2918
12380
29937
27967
13036
32165
25395
-2377
13131
13055
-31781
-31100
-17141
10813
8347
-1654
22209
1657
14485
4331
5119
-2607
-25180
-10756
3859
6683
-10212
7111
3457
-20567
1967
-27253
18734
26199
23610
-9413
-32677
244
-2419
-2489
12076
-30631
-9516
8043
19061
-7400
-32299
-19347
-21964
3364
2861
-32752
-28763
-18466
11141
-12505
27682
-30439
21908
-10921
13111
23927
27110
-17425
14599
-31524
12974
-3544
-32542
-20200
-20299
30096
11455
-7748
18793
9144
30605
22251
18349
-22445
-15232
11719
-9412
29885
19503
29876
2192
-31198
-17037
-11321
-11011
25955
-10187
23893
-1845
-16654
31821
18341
-8431
6866
-15085
12111
-7085
-30433
20353
-8984
-27706
-8859
16589
18934
25953
2659
-11324
-26815
29509
-4724
25938
-27706
31068
18578
30229
24531
-12001
-29370
28720
-14208
-18910
23005
8038
4566
6447
26057
-14469
-26471
21426
-19731
-27898
-4533
27577
15242
-26376
29890
28138
5550
-28083
-2798
15264
-15476
-23076
17415
-24653
28036
-9956
2566
-25396
-20594
-30690
32138
-26018
31742
-27282
-1094
28165
16114
29186
-24922
-17631
13949
10055
-19216
-27763
21709
-3069
-29273
7303
8981
19653
-12577
25527
17718
-27224
24877
2335
4025
20245
1738
-15882
6437
-18370
23005
31075
6503
12907
22296
-22199
5417
-19447
-4591
6322
-2765
18547
22611
29704
30896
3796
12011
-16664
-25985
-16266
-31049
32062
-19152
26216
-17313
3874
17962
-423
24189
-20112
9605
-2901
-8297
14248
-1516
-18231
30621
-9925
24147
-10669
3505
-28983
21241
10403
-22013
-18319
-7610
26658
-18206
31976
29053
-29697
-32759
20268
-21705
-13817
24458
866
635
13984
-16163
12699
-17244
10050
20769
-16871
2950
-30419
-28351
22068
4267
-7594
-2435
23982
14409
12577
-1486
-10589
10663
-11804
9645
-5154
13996
7671
-13406
3573
-428
17718
23477
19228
4487
-11779
-11992
-14800
2000
872
-22449
-19002
2695
-306
-32722
3206
31915
-18952
1249
5811
-10704
9263
25867
-25316
-7809
21310
-28403
-2004
20032
-9067
-8020
3809
16162
-25206
25492
-93
11537
-25758
-14683
-26198
7758
25912
31862
5761
-23216
15757
12056
-22980
17485
-28999
13821
-2532
5778
-12461
-25804
-27261
7885
-21361
-11292
5970
9116
-27683
8564
28997
4537
-32056
20045
-8724
-24742
-6011
7633
-19995
-16425
13725
1449
29626
32121
-11244
-20953
-27541
31037
-13266
-21788
-24244
-11442
22816
12346
-13997
-1864
6630
-4294
-16001
-32490
-30288
-16079
1411
-8169
16963
10364
22475
22703
-13107
-26287
-27974
-22348
-15522
-17065
-1160
-14738
25988
10686
21525
-18561
-20757
25287
3123
21528
3845
-8924
-7635
-16304
5227
4435
28280
2746
-25757
13985
28775
-18759
2423
-8445
14668
29856
-9756
-22862
-29577
3272
-19473
30226
-20646
8687
-947
-25358
-1077
-12153
7591
12082
2771
27647
26077
-9100
21228
-19561
21918
-2189
8816
5572
30697
3337
32265
20062
-32641
-15859
47
22070
-21105
22286
27753
23817
-16226
-4886
21759
9805
-6917
4742
-28201
15685
-3923
-10924
10938
-9007
8197
-1907
239
10003
-21750
31162
32106
19564
11497
-4214
11652
-2128
-22217
2841
24351
-21236
-17896
-31824
1125
19978
-28778
-8290
8435
1409
11322
23155
25504
-25269
13354
11183
21949
-6866
-11604
25528
28644
31268
-19955
-18176
-31370
-3401
15419
3146
19863
-7714
22908
-10703
-20066
-2602
26429
27318
8905
26504
-28217
-22940
29117
-19182
-9928
22819
-20510
17948
-7166
-23613
15514
-10754
4759
-27042
20960
30601
4914
8751
24726
27472
-17337
15456
-4073
-30926
1661
-23274
-25359
-1720
13048
-7909
11058
27036
-13119
7069
-1690
25178
30519
14849
12091
20264
8401
-2473
-6403
31016
393
13732
27817
10697
10215
26243
20168
12374
10602
-14636
-28299
22601
-21747
-2786
-29123
-13065
-18527
17919
-29082
-7945
19746
-20810
29352
-8577
-17737
-11618
-25114
2355
-4787
-25833
-665
20861
18667
-8502
-6583
-19137
22355
30558
30141
-2908
-7829
13211
29423
19220
-6423
22725
16988
-16312
13350
30418
-14849
32451
-30169
17303
-13783
-29464
-25440
-1003
5717
19494
-31626
-24608
13126
-12875
4078
-21172
-2359
10495
30952
-3727
20763
22749
-32043
23016
-29264
8371
7819
23431
15251
30441
11454
-24137
-24895
21923
14599
11109
21812
-8441
8660
-15281
17498
-14578
-6036
32363
-20929
-8957
18066
10370
-26218
28202
-24519
23184
18137
17938
-31443
7119
-21674
8109
9557
24220
1273
18426
14259
10511
-12455
23982
20465
31585
13784
5716
2666
7981
-20880
31694
-9754
16937
-19633
-20792
7490
-5381
21071
-9201
-16304
-3680
27793
-28945
6147
5172
20602
-28067
9588
-23001
-14829
9360
28105
4447
27418
-9809
-5607
27997
16945
-1839
19595
13447
5349
174
335
23787
-6347
-5364
3404
28971
-12648
6425
-18501
268
5834
6871
-29905
-24979
557
10630
22129
-10347
-30844
6907
21959
-7913
30211
-23765
-26473
-9141
-28010
-19569
-30783
-4484
5365
-19225
-6204
31069
11373
-27099
-20761
-1834
13064
-15111
-4972
-1586
29444
20623
12433
15926
5563
32341
2109
20129
-5604
-31823
-25567
6586
19857
-22631
9688
-22688
-19332
-18753
-30220
-24120
-25831
5845
-31802
21808
30495
4153
5751
-19384
-5531
852
-8361
12860
21001
-21845
-2293
-21323
28225
-10593
10005
145
-18744
18500
25143
7016
15685
2786
-19164
68
7368
27050
1717
-31152
-21561
-1397
645
666
25530
5817
20861
-20715
25004
-22944
31271
5310
32613
9357
16935
27532
31581
-14283
-23607
-6252
-3292
-17827
-24419
-7877
-3695
-24776
-29510
8054
-31469
30195
228
-19306
-5610
19347
18326
16922
-19747
-14494
-24169
12015
-24450
-5479
10359
151
-21068
-11431
-14473
-12016
12026
-2809
-839
3450
-15042
-20676
932
-10990
-22952
-20528
-11856
27956
20545
-25007
25131
17837
29438
-10840
-8418
-1261
-15245
18686
-30408
-3544
7988
-22017
-11040
-11921
-29896
22386
2417
-25684
-21545
-2863
-22352
-656
-29570
-20971
26839
21501
3006
-20284
-24472
-28602
-23119
-22184
28695
17503
-27812
-6489
7700
10760
-30809
-26625
-7755
-10172
28992
15944
-8724
13917
-3633
25834
-28123
18199
-28069
6293
4832
10353
29750
-30485
24062
4548
9860
3312
31363
4377
-4473
4510
30000
-19806
1580
31270
-28610
-18213
-2324
-61
30593
-6798
-5456
-2385
31813
-20840
-7280
-23016
-22175
-18209
-16088
6164
-17060
27731
5404
25691
-22322
12412
-9281
-24737
30834
26846
-25197
20281
9995
28731
-17927
9095
-6208
-22819
-27668
-8027
16693
2955
22896
-21195
16937
-7703
-11231
-12884
2693
28153
-12213
5003
31417
-29409
-4775
11374
20865
30555
-26881
29104
29298
11816
25244
-388
12494
15803
-1180
-29310
11764
-11967
22004
11996
-24036
-26558
11455
-8231
3466
-1681
8758
30736
-15706
19197
27184
2744
611
2713
4844
-32629
6496
-22188
-19268
24380
-22553
26016
8426
23933
-19659
15962
-23047
-8189
4409
-637
30545
18107
24740
-17106
306
-16333
13996
1561
-18054
10914
-17689
15759
4535
-18822
24346
16610
29321
-5633
24333
-8247
-18356
-12143
27358
16014
-19119
-21466
7629
-2752
18796
-25543
-14419
18548
13740
7815
1088
-21397
10105
-14307
16090
-23148
-6316
-9220
8139
20869
8560
-9922
-21786
23226
-10082
668
-27338
-2691
16840
7250
4806
12647
-7840
8839
-30747
31968
3531
-2023
2746
5542
-2709
17401
21485
-15100
-31881
576
27683
32305
31045
15258
-22975
27935
24291
-31569
7519
20719
26894
30899
16194
2913
10785
-29642
18488
3586
-14317
-3752
-141
20447
-702
20278
-22351
27830
-17747
11006
-31717
-18302
25131
27897
-29722
22964
-26646
-12055
12982
-2301
23926
-5237
12901
-4704
13940
24217
-8277
-3809
18595
-22530
17898
294
-9191
19450
27658
-28094
-2809
29889
11314
11744
-6479
1245
4825
10811
-27126
12021
-5200
-19073
17225
-707
22209
-27958
-10428
-22152
-29174
2755
-21708
-7916
-14222
-1526
-339
-12698
-15522
-27341
-8495
16524
-31643
-16832
-5627
23769
12872
-4675
-3349
-18310
-20053
6110
28201
6196
-20695
18558
24138
27696
-20273
13269
-22879
15374
-803
27274
10505
23219
-3082
32179
534
4701
8091
-7592
-1093
16973
29940
-25217
-22852
1770
-7122
-31610
-24398
-21655
-19821
-10570
7866
27412
24022
-5170
-9518
-11524
23249
-28520
-7856
-10102
13716
2570
-25499
-13761
3387
18093
-30236
-8608
-23401
29171
-12825
-31922
-29555
-22571
24406
16566
21057
8749
28299
6016
-18041
-26616
-3531
-6407
20249
14642
-14668
6784
9655
986
-10142
-3063
-8068
-30938
11493
18711
28792
30343
20314
25616
-9959
-10346
-28232
850
30735
23022
-10472
-22472
14374
-22709
-29008
-19314
-31996
19220
9279
-2611
23866
-3902
-4417
16558
9001
3233
13299
-21099
22907
5836
-26810
-29242
2263
22298
-3782
17873
-10469
-10472
-8475
-30664
-5542
26979
-21494
23540
23835
-23283
-13843
-31493
-6572
217
5558
-24257
12205
4908
-621
10494
-3760
-21530
-8740
14126
270
2597
-17479
17587
-31441
-30197
27207
3335
-20413
3780
-6520
15752
2527
-14519
-10756
30159
-4724
-16799
-7064
21376
-3075
-18704
17603
5347
1554
1503
24219
-19238
11412
15617
1050
14368
-10967
-8596
-27700
-11987
-12264
3149
7983
26217
-375
-8965
-24148
-14663
4644
-23289
-13610
2366
-15166
-15700
-12529
-13401
12255
12659
10748
-28444
-27232
9068
-19144
12393
6473
32374
-27065
32720
17198
-1158
15902
-28383
-21025
-2215
31873
-5203
20259
4456
-25121
15884
25627
27269
-13787
19958
-1723
9545
-23648
777
-3475
-11
20956
-19669
4297
14350
-27908
9769
-11802
-12753
2857
-30419
-3510
-10348
-1114
24380
32339
3499
-372
-23171
31543
18287
-28937
6824
25343
-7017
-5479
-18908
23526
16023
27515
-23313
2657
27101
-26035
-26731
-8750
-3022
-28096
142
20839
-10794
31408
-18875
11769
-12507
-7769
27745
15931
29034
32565
-5704
-1859
-25526
-26475
15448
6028
12344
23339
-29856
12579
-13752
19230
-12658
-1915
-26848
18000
21462
7897
-14358
-21270
-22024
21757
31405
-10139
-10579
11446
17742
-4652
20055
27551
24368
-8179
14482
-23176
-7650
-7734
25405
-20869
31867
24204
-18249
-4786
-15058
68
4366
20967
-30306
25744
25465
11460
24452
5261
20967
9515
-14561
20942
13832
-10022
22764
22426
22961
32188
-5752
-7288
-25661
19500
-23372
21210
20846
-2013
-6033
19315
29154
-29165
21422
-26220
-24952
-30382
5514
23561
-26245
-6847
2333
15331
25458
-13378
32654
23360
24032
-12690
18238
12380
4791
26675
1133
-5476
-7476
22791
6397
12957
3304
-25932
24938
-5768
-28585
19767
1631
29679
26133
-16958
5244
-15213
-16927
-32665
-681
12627
27822
4723
25782
15363
4194
-30983
-24565
10774
-21003
13099
-29433
27462
15921
-30040
-10797
8031
-24135
29369
-5541
7986
-625
-17392
-13729
-5977
-8624
16109
23884
24551
-22618
1056
28582
7755
4816
30565
-18707
10103
17220
-2634
-30204
-25911
-1002
17038
10068
26633
6910
-5952
32295
-11558
16670
-24562
-2681
-4377
-14009
31211
25979
6315
4182
-3708
13496
-32548
31592
8
20670
-13201
-16270
-18582
9966
-10398
-20486
19191
21884
6337
20357
-12180
-28545
22055
-26021
3352
-21413
10295
13344
-7226
6467
21327
-9301
1048
8564
-6166
8327
-10581
-16435
11236
-4793
27155
-28459
30292
6653
-13312
-32055
6771
-20258
-18834
21155
25494
-9529
28647
-23566
7252
-30965
22207
-23071
-27536
-11543
11889
7879
17215
-17711
26427
-15973
22895
15439
8190
-14739
-22587
-24514
21988
-18149
-17529
-16401
10054
17474
-28994
-16389
-13881
15515
542
18447
20523
-20743
-31464
-32554
-23409
-5171
18267
-9065
-25287
9999
-22503
-17715
18614
-29889
-18471
8119
4213
-21963
-10911
-7407
-27500
-16507
24563
-32278
-12625
8713
-4979
-4967
17897
37
21330
-4185
-24045
21822
-12960
-27508
20143
26098
9601
17374
-19390
11147
24968
-19335
2605
30671
9727
-25220
4951
-15811
-22842
27446
-26305
-4981
-4026
-4709
-15178
-8380
26599
1225
21714
-7262
31031
-9442
-16959
-29812
-7721
-9944
14504
2265
-9801
-23712
6618
19729
27326
16277
27312
9824
-15601
15310
-28249
-29458
12168
28066
13410
17971
-19907
-28095
-5235
-2877
-3174
3969
9339
-27292
25105
32008
24896
2060
-25395
11739
15349
32705
746
-30343
14957
-23999
-25943
-28406
-16930
6951
-11834
-29042
-13521
25880
10706
2708
7387
-31377
-3610
-16505
-18691
26614
29838
19829
-9163
-3036
23383
26455
-22631
-8177
4864
-22235
-17945
15909
18133
9498
12548
8461
-31610
7743
31266
-11495
3925
-1226
29073
27547
26343
-22486
16178
8684
17874
-30745
19266
31857
-22638
20277
-11194
-25722
15632
21130
6741
13268
-31278
-16185
30731
19189
32762
8264
-24679
-28268
-2608
-29381
-23831
23464
-5640
17032
14474
-23839
-21908
29163
27843
21546
-24255
24414
16914
-19203
22635
-18051
283
-30282
21259
-7141
25994
-24202
-10931
-30436
13122
32287
5404
-7294
-16910
-7445
-19900
3914
30404
-26218
-28219
8354
-5122
27374
19711
-27546
21835
3417
3556
11052
25843
-20698
1785
-11439
-13188
-19138
27097
25147
2470
269
-13832
-10010
7079
5177
-25445
31574
-7490
-17368
-21479
9941
696
18208
-8546
-30058
-11853
-19770
-31054
-22413
-19259
-11192
-14922
-26155
374
11720
14970
28871
29109
-32051
1252
28195
-9681
9016
-11030
-30476
-32510
-1622
11010
-30781
-940
-20918
-29297
15787
2860
-8192
32141
-30149
-24324
24101
625
5115
8694
-25621
-21728
-2569
-31449
-1774
-17640
11466
-11241
-25396
-26991
-29540
-10040
-2445
-14253
32142
-31639
4853
-24687
23396
-2691
1466
25504
13115
-12642
25608
29104
3073
21321
-24511
18534
-10518
16048
-25529
25160
9058
-32558
13127
-7530
-3734
23125
-4776
31850
15910
18388
3380
-3244
-1039
-18074
22452
-18187
-6247
-31203
-8277
427
-4323
-24290
-7512
17192
12350
26686
18094
32335
13755
9645
12459
-23538
26360
17592
-9726
20576
-23837
-14008
-11521
-11179
18562
14362
-17369
17176
-13300
-20662
-24401
-25745
9858
12541
-30982
-13436
-14141
20310
25525
-29951
-31895
-14688
-29467
14639
-17540
-29811
25313
-22110
20393
-4665
-9481
-22211
8542
-1640
-9236
3148
14088
-30098
3289
-19201
-24430
-7890
-23540
-23330
-22549
-26841
-24525
4447
21251
9879
12706
-27333
-10873
14797
13779
-27469
-28528
-27189
17600
9511
-17354
32392
6804
11782
-32641
-25521
9504
-2817
27691
-16302
24618
-14470
16677
12763
-30145
-694
-19047
12587
-22057
2939
15047
-19348
2095
10544
-30622
24154
-2280
-25989
1411
17805
8980
19386
21213
12059
-29595
9156
-11174
915
18144
7303
-22913
-10149
-14321
31647
14172
16669
-1281
824
2759
18488
-15218
-29108
-24566
31887
-28372
-23421
13333
10438
-5236
-23653
-23594
-11264
-16909
3926
-30078
-22774
30226
4102
-5781
-12487
-14797
30875
27121
-27825
3686
24753
11877
-8834
19585
-30086
-30368
22503
-24229
-26091
10474
-31278
-8108
5419
20305
15351
-26098
22218
11828
-13267
32718
-4565
-16907
7525
-31056
-8850
7793
28810
-7011
4969
5951
-12447
-27317
11184
20312
14494
3472
31296
-16951
-7650
-6650
23333
-16523
5980
30361
240
-10836
5686
-1436
28223
-3427
16852
-25353
27730
14233
10669
-24544
27229
-4889
-25784
23199
-27326
11694
-2155
-15556
-16894
25749
-10675
30987
-6501
9388
-19279
27714
23299
-20160
2046
549
-6683
174
-401
284
-32321
6827
-18997
-10346
28990
800
-17642
13461
-30739
-4635
10934
8574
21201
275
-4830
19142
13036
20537
15466
32683
-14706
12393
13640
275
-29563
26832
21295
13464
10728
-31653
-20005
-22449
-10989
-30443
-30806
19267
-31915
31362
-4785
25654
25729
-18058
-5256
-14891
-297
29024
9497
2115
5512
-17935
-26362
-23223
5944
5043
-13694
-3925
-30557
-26045
-30877
-3332
-8032
32692
21992
-9572
-31025
-20532
31376
17662
-12206
-13049
-17829
-4347
1216
3304
-27765
-21757
-23793
10875
14942
-29905
6359
-29658
-6587
-27430
5894
30531
-12415
-21383
6823
4582
5063
-3836
10497
28313
-29364
-11983
13165
17001
703
25813
27969
17318
22485
25836
-581
-13663
8802
-19342
-2144
-25005
6974
9488
-12881
24261
119
-26368
-30807
-8954
3816
26626
-1813
8731
-17300
-31735
21537
24781
21079
-15853
-1013
-5188
31291
15690
-2444
-14869
-891
-31339
13032
-10524
10481
-11882
-12518
2986
28840
-29253
26526
15359
-28596
-30978
-22701
4646
12448
8033
-373
-12216
-23733
-1196
-7156
1942
-6495
-5549
5121
-25621
18098
6589
-9272
-22229
10963
-9303
10756
-21143
2337
26548
6144
8006
-22268
-17747
-1594
5931
-4454
30751
4280
-32121
1941
-25341
-32586
-4372
858
18520
-925
-32735
-16051
26680
-4424
-20539
-26805
12906
24434
16966
24736
-10210
27517
-20948
18799
18341
24153
-11647
8639
-23000
15776
-26222
-2533
27605
9091
32156
-28587
19462
4662
-4009
-10668
-9582
-27757
32469
-3802
-32380
19080
16627
22286
19727
-24778
-27836
-28344
2971
-7349
18894
-7395
13540
23157
5391
5730
-12248
18975
19361
-22208
-21922
-29354
11620
29657
-23081
-31375
-7635
12686
28736
-5810
-28078
-5042
6068
29958
-22890
11444
-9170
20333
-25408
-12794
26944
-31782
32336
-11925
2948
20635
8998
-16445
-19119
-18572
164
-9756
27713
-5248
8599
19613
-13790
-22806
25602
-3260
-15812
9420
15419
-16322
14702
-5478
-24403
-24013
8666
-16412
4530
4487
-8518
-8254
-7832
-3947
-27138
25402
22923
-26528
31144
8294
-15852
1366
-5760
-22308
-13521
-7616
-7410
-22110
30189
-16946
-13414
5934
-32194
17808
-18468
14407
16639
-6453
27062
19739
-18697
12855
-6389
-22334
32623
1798
-32424
-1562
-1925
5278
22153
-17869
7726
-10622
13211
-11374
5695
31158
-11311
-32622
31025
9031
3935
5994
28675
-11561
13151
-686
32750
25323
11369
-13792
24866
-1308
-2279
-23874
-14407
15502
-27290
-27658
30679
-22491
20957
-9354
29383
-722
4586
6924
1155
-32509
5861
21682
30919
14305
-26627
-9106
-20087
-1607
13132
-12709
-9911
31415
-24794
-4567
28516
-29161
15230
16754
-4498
-12649
23793
-6639
-8542
27794
23886
-29070
-2643
-1491
-20396
24931
884
2888
-26756
-9564
10713
7103
30664
20612
-32004
-16939
5992
32165
-11123
20028
-27291
-30437
16092
-3973
13678
-861
25891
-12060
-11590
31879
11950
10491
10883
24933
-29432
-24628
25878
2708
8995
-1384
-4776
14817
-2004
-6784
-6724
25915
10019
24344
454
-23768
-31211
-10404
5369
-15148
20033
-9127
-4275
17350
15276
-20660
12212
-28899
-17322
3069
-8991
18729
6174
-26094
11514
21955
10426
-22231
16235
-28539
-13077
4445
-2448
16037
-2764
-32671
2184
-12123
-25058
-24096
-9724
2797
-28183
18055
-27400
4619
1037
-15676
32484
-16602
19823
10143
-8850
21945
32555
3851
-14859
9740
-9906
-3604
9090
8584
13587
30641
-9011
20083
9483
-32236
6592
2205
28957
734
-3687
-27161
1766
21246
23906
-4615
-11045
13078
18921
-15746
-1609
29351
-20102
-10807
18774
11316
25719
-9305
-2238
-25350
-26927
-31114
-22893
24898
23763
5226
2634
5979
32686
-23571
18243
-12382
-11600
14896
4879
-7490
356
-1032
-14460
-18617
15137
-28404
-25445
1119
-24492
19723
-20466
-30320
-22481
-23370
29833
25575
-1503
18125
32331
18569
29606
25876
-11653
20250
23291
-12566
-21250
5350
-13886
31294
-7756
-13288
19487
5055
-29329
17528
26832
7863
-22108
5290
12352
-5818
-30296
6672
11718
-18614
-10025
-17682
5763
-26042
21274
10207
10572
-8328
30995
25604
7943
-25430
-12407
-31211
17929
-16265
-4304
-9803
1399
11491
23340
-15423
15242
26564
-4841
14426
-6663
31785
2798
30581
-30834
20295
5879
25290
-8502
-10709
15092
-6336
16744
20584
-22329
-1917
7754
-6812
-25087
-27042
32217
-12247
20050
-17014
-8792
-7228
31954
13275
26692
18050
17213
-2371
-11260
-21003
6044
-24223
10119
-21653
6893
-25534
10484
23496
27649
-13524
2588
282
-8343
-25311
21722
24238
24174
-31095
-8799
-24066
32297
-11031
6586
20401
26671
-12214
-20694
-14024
2768
-26971
-10177
-9030
-6082
12650
-7024
21156
20523
18723
32614
16673
-19470
-30724
31245
13490
-27873
-5032
27303
-16896
-10413
26820
-12307
9812
32333
21448
2441
-28402
32395
-22766
-20704
27138
20314
27909
12298
-8792
31150
7076
22594
-28890
-32621
5241
14666
-24511
12054
-872
-19581
-30408
29473
17220
-6583
-7427
5249
28204
-3984
-27539
32633
27789
-22131
-30658
27118
26602
3662
9794
21120
6150
6402
-19535
2969
27515
-14212
-29356
-6682
22332
-15972
32029
14302
-9307
-23737
11084
-6812
23614
19706
3384
11434
-31614
5091
-16564
-29820
7317
-2096
-22435
11999
-28046
13025
32105
11648
-32761
24974
-31047
2505
-27001
-1684
13371
-6009
-32279
-12477
9411
3520
24418
-28918
26418
4428
-25896
23412
-16756
-10397
-21461
25366
5501
-11780
22333
-5176
-22149
12237
-4438
-23963
-7934
-10115
5113
-32618
9012
-26363
4816
-15977
1239
30874
6513
9625
-25538
-22300
-24397
-28791
3655
1155
-19906
-31955
4026
-9172
16383
6181
20194
-25290
-24418
-12
-27464
11846
-29952
4386
-1427
-12139
-23496
1197
21414
30542
-17511
18284
-3458
-24415
-14425
142
-19879
6792
28938
23149
-28037
-19465
15219
-27366
-16080
20973
-26080
11620
-21672
-20858
-7812
-8591
9936
-6905
12260
29173
-25043
-2582
-5259
8569
-25144
-16229
-20492
-22375
-17628
-21512
28596
-9659
-14474
-3300
-20220
-15440
31660
-11495
12669
26443
-4459
-736
29904
-3612
23649
-28509
28180
25240
9165
18828
-16116
-4167
20913
6516
21170
15690
9996
23506
31274
-18344
-6187
2446
-7228
1630
25059
-25796
-9999
5928
30784
19833
26442
-20432
11151
17645
26553
17589
-23077
-9560
12230
22445
16829
8015
-15418
13265
-22519
-28040
-32427
-29629
-8806
22503
6085
-12433
8538
-5110
-19601
24640
14977
-28443
-14165
-4650
24574
-31449
8488
22359
30116
8696
-5902
25191
-19263
-13402
11107
3302
15902
24280
9948
22503
-16300
19828
-21645
-10867
14485
-2306
-27387
22861
-9462
20677
-5484
-21398
32767
14033
-12203
8903
19662
-23261
4846
14302
1981
21148
2450
19999
12993
12258
24827
26110
6098
586
-4250
2296
-27514
-31836
-26274
22800
-13244
-23443
21647
-10421
18054
-16705
-31238
-9138
11705
28135
-18388
-11943
15413
27177
-22758
-31499
-337
-15980
4438
10857
22080
18008
8757
28321
-7344
-7570
29839
-22118
2359
9498
-10488
17965
-17506
-12989
8761
7591
-13890
7569
26770
-11790
12694
-19649
13142
-15478
-15063
-32336
-22928
23446
-27236
3524
28081
-13794
5855
32150
9712
32409
12331
26720
-9154
1415
-2694
-21971
-15670
18232
-24223
32261
14269
9042
31221
-26454
-15667
-29179
-19570
-28738
1233
-29470
-16682
-28120
-24125
23793
-17718
11136
24480
-9129
32284
5086
-11373
17981
-8875
24178
20323
12643
-29714
28981
-5294
4905
13556
-5368
13912
11041
10491
3903
-27846
-11407
-8660
8137
11741
23494
31281
-2432
266
15961
3750
-3987
23710
-20253
-21420
15771
10579
-1539
-17148
-17562
-4957
988
6836
-8386
-17792
-27416
7530
-3484
-14038
31797
-16343
7984
15417
11783
26316
-13971
-486
9306
-22547
31399
-3211
28598
19230
-13452
-21540
19685
-20456
17827
24800
3314
15610
21125
11716
21802
29259
10893
16247
-22808
-20904
-2246
31829
24756
29995
29704
-23672
-19697
10126
21744
-17311
-22495
-14302
22912
15074
604
-31829
-8558
3703
30772
30539
4948
9775
-30158
-14459
11201
32649
-18310
-13633
8412
-15229
-6683
-10982
15915
-4715
-15793
-18411
-5954
-29359
-448
13783
9726
-26484
24096
942
-23016
-21294
22271
24449
1407
616
21338
3878
-19787
12321
21811
18922
9812
29946
-14986
-19238
-15243
-7385
20382
-7770
22230
-8330
3237
12647
-14165
7509
-31384
21569
13659
18387
-57
26798
-2881
24940
22581
24211
-31401
-24894
-14714
-15791
-19689
-9530
-41
-28862
16295
22115
22417
-23930
-23854
9199
23455
-14302
-19196
-27091
-15454
21931
-20986
9366
16856
-20577
-8332
27960
-25698
4362
13797
4632
-28066
-31496
-8129
-31204
-15971
-26905
28338
-7247
7210
3484
-11245
1864
16191
21095
-21859
-21870
-1414
1190
-25485
22922
10939
-29252
14690
944
-2655
-15400
18702
30637
-11712
-26808
238
-9351
-15512
-23173
32569
-6271
-17795
17864
5320
-29108
-32555
-5662
21442
22901
-8088
-19219
21341
24031
4355
-29452
26129
-22526
9218
17232
26669
-18989
-32759
-25926
-21230
2844
16904
-6517
-19487
-14812
32158
-31246
-519
-31893
1879
-10448
12004
-8306
9841
-29888
-17038
-10196
-1938
28007
-22643
740
31302
-10462
26564
17323
15555
14772
8074
17025
-18467
6861
6492
-30806
20065
-27846
-17968
23349
23198
24001
-3312
-6366
-11870
27184
-16915
9430
20345
17722
18513
-2753
-17139
-7589
738
-7088
20478
-11458
-25708
-14258
19423
30064
9093
-19163
16826
-5791
9301
-1773
-9312
-2715
19712
-21059
29469
-8912
26809
-3035
2006
-8262
-24736
-26523
-8998
-28035
-17836
23473
5061
-19741
-29509
-9860
-20264
30798
-9899
-6146
12215
-12813
-23150
-18764
-16646
-380
13525
9103
-32768
4922
7098
-2759
22254
-26908
11825
1247
19131
-19139
25314
15187
-29510
27508
-26516
24456
24276
-27505
12149
-9325
-13353
-16199
-23804
-30898
21502
32686
-2516
-17048
8112
-24201
16349
10014
12141
-21050
-24339
-17408
26324
-28131
5352
7445
-18850
13380
-25400
11159
-30104
-13967
-24837
9238
9250
25887
-18225
-16434
30848
-18465
-938
20836
25724
-11101
11294
26662
-11073
18826
-21968
-25113
14571
-30095
9034
19290
13712
-3294
-15069
-27643
-19480
25045
1968
-31451
24244
13963
27760
1548
1795
771
14434
22020
-15264
10433
5985
7934
24488
24089
10282
27464
17920
8873
30097
26717
999
-1229
-29586
-26210
-17934
-31662
-5253
-30345
-28946
30181
5143
-23560
-5809
-29302
24237
30882
-8804
-6240
10699
29871
15239
8316
8170
-13101
-31476
-342
-17549
-8579
14596
29212
-8720
-7288
8403
3333
510
-29228
32548
-32179
-7111
-1495
5419
-15407
18378
-7410
-3883
-8147
-18292
13802
-19639
-22499
17838
30176
-12093
-28001
-18225
-17560
-31724
-23523
759
-3872
-19455
-26344
15088
-24119
28291
-6938
-20662
-32457
29006
26237
-31845
-24687
-11153
-12933
14234
26831
8104
-6748
-17721
-2666
627
18261
-28710
1152
-4404
-16137
-23120
16167
5505
-22136
-24894
23974
-20531
-8573
-24184
-3229
665
15526
5643
-18843
4342
18334
11214
-21001
1932
-10989
-11651
-8172
21169
-29257
-19586
-9352
9536
-25627
3713
-32413
-22259
-1528
-13813
25933
16861
10
31938
20762
28883
-6411
24284
2696
-20320
-25602
-15555
6350
14950
-29632
-11188
17944
-31512
14103
32414
13981
22201
-32596
4315
-6192
14542
-13300
18965
22042
546
15852
-16695
-16482
2118
9740
-7411
-20107
4163
-15480
5524
-21925
26423
-30801
-26365
10945
27619
9142
18322
3350
-12177
11711
-720
-669
-4487
21358
32744
21170
-17769
-14537
11550
-27277
17370
5532
-14827
-30448
21814
-13477
15907
20802
-2972
-30265
13837
-22231
-29390
329
-18291
18641
30870
3734
-7542
10638
-18144
-4838
25146
2978
26301
-5369
-4346
24212
-29219
-12456
7758
-25379
-21741
9931
-2439
12836
-1071
-28227
29795
15052
-27892
23249
1356
-26021
-18312
-920
-12052
-24138
18572
-14015
11565
-5438
-5022
32737
783
-458
1834
-27942
17180
15368
9047
3359
3484
-27820
-16253
19749
-666
-898
-2372
-8465
-7647
2532
22068
-8218
-5650
20852
-26355
2498
-13034
14087
-18908
10137
3035
31853
28937
-30665
17724
-22964
-25194
8592
-23021
-26481
-30845
26997
-32448
-16613
26817
-12081
14498
28520
-23029
12853
30215
-31363
-16466
1853
-26429
-10852
-23411
-16981
-25357
-30901
-22027
2319
7766
-18211
-5845
19978
21185
25440
-1349
5583
-13407
-21247
10953
-5979
-2829
-17764
31861
4925
-7316
-9072
22333
-14241
-21006
5553
-7151
-17914
20765
-11287
-1197
4776
31686
-10798
-3933
-11336
-19754
-28478
2269
-28772
-17857
21701
-3431
-30061
31040
-9612
-12060
-7483
32696
16875
9079
-6589
-19765
-5051
18178
-3682
6222
-32330
15017
11812
15067
-18702
25152
30977
-26811
14795
-6972
19447
-19298
-14805
-22656
-3519
-6062
4290
599
24666
-3064
-17736
25940
-29844
22325
-1091
-31394
-6279
-20629
-2706
-16981
23942
-19079
-28829
14493
10831
12748
-4702
29849
6252
27115
22866
3046
-13181
-12517
-26552
-10668
-6808
13698
-3382
-495
13403
27331
20222
7667
-24441
18224
-27285
32643
30495
-9063
32593
15564
-15723
-17514
-27838
-15659
9137
-365
15901
1925
-3162
8149
-17834
18710
-20702
-11329
11740
-5756
-10133
25940
-25360
32311
-20966
-30858
27128
-12083
-2481
-20641
18374
3459
22655
5759
-11825
-2097
16950
14948
18999
9165
16376
-25929
-6602
993
31358
-25370
6017
6540
22673
21653
1319
19120
-11473
-29731
-7637
11413
-14714
-10350
17802
-16788
30913
-9470
-30635
-752
-13863
8842
-13544
27861
-23536
-726
16193
1093
-28694
-19378
-23307
4174
3726
23590
28892
10670
6713
21718
23062
-11841
12336
-23282
26345
-17796
20373
16756
16613
-9695
-22019
25805
7751
-31274
16051
-4540
18503
-26822
21478
21881
1373
-24474
-12200
107
-10123
25384
8976
27624
1660
-30242
9688
16721
28161
14915
31365
18281
21445
1991
13907
-4490
-4557
132
21007
32196
-9384
-29339
9729
14080
26688
-16156
5381
-3205
-7971
2980
-20855
-30593
12581
24404
-3693
2859
-23476
14013
-6916
-31387
23568
11747
27626
-26878
27192
-13365
-32027
27026
-9981
22166
-13314
7974
13929
12634
-20558
11823
-18960
7721
24539
-446
-1049
1676
18707
-2156
11264
27088
-8038
-4656
24030
2991
26229
-20731
29291
-28901
-9740
-9875
30539
-22015
2065
7819
-29413
-6703
-6245
21847
24211
-20451
699
-13711
-25757
25017
4149
-26837
-7677
-14900
20372
-31096
-8794
-16646
10123
-3385
-16461
10170
-16335
-22892
-28979
26339
-27266
-5746
-21852
21936
-27025
17392
-10092
-91
16977
10211
-19144
-4917
21385
2215
-20409
-20128
1215
27458
-21453
26928
-3755
18360
-29622
1999
-18381
-29212
32425
-27044
4161
-8508
26027
-2387
-8194
31203
-9495
-20545
-13462
-26442
-30183
27314
140
31573
13732
18030
6670
12381
-4404
9712
-19992
-6258
15496
23043
13101
27907
-5898
16584
-22232
10211
19443
13218
26454
-11922
10008
-18059
-1772
-31307
26271
-4583
-12882
18495
-752
-6282
32752
18968
-20514
-30706
12271
4666
-2372
-10576
18001
-19741
32464
22153
5439
2403
15510
10582
-7815
-26482
-16002
-31072
8445
27320
-19927
-29675
12957
-2458
-2902
-9375
-29598
28516
-13173
-17910
27404
-16996
26985
25149
6062
-22505
-8033
-27032
12036
-31703
-30854
-31066
13865
-18588
2303
-17841
14952
-1325
31979
11269
12182
-19259
26498
-21096
-6202
-31887
29260
17873
32187
18006
25779
17425
-27456
5293
-27768
-4340
22343
-29014
19215
25962
-29034
2680
-28200
-20198
20130
10246
-12169
22761
-9075
15684
-7156
-3897
-31454
12900
3041
7907
-25146
26640
9543
825
-26449
-18216
29940
4165
22592
-19425
15459
3007
-30874
15713
-1329
17156
-17640
-8805
-7828
-7222
3741
25495
14806
10292
5512
-1662
-21547
18107
-21088
-7842
4504
-15312
-15478
-30947
8485
15032
-21261
-28183
22343
-13469
-301
-16735
2443
15851
14940
-26927
7060
586
21912
-7940
-19046
-19931
19843
-30472
18755
16194
-19118
-9130
-28850
-9069
-24446
-26721
-3414
5808
3477
-12187
-17587
32398
-1312
26397
-4957
-2958
9853
-24496
20110
-8240
-25177
-10029
32472
29947
-12511
23102
-28452
24789
3286
-25804
-21607
30880
16657
28839
-24828
10917
-17322
-11649
17019
30134
28040
-16723
-7466
-7408
18724
10653
13250
27993
6592
-4681
1837
26297
-28186
2953
13001
6060
26430
-1468
-20634
1270
-7947
-12512
-14753
28390
-13633
-8783
8888
16322
-18107
-7166
1357
-25141
29484
-31825
-23386
-14113
13017
-16133
-20293
-17506
-17457
-28115
-29484
-12547
18937
-3710
-29739
28169
-3711
3224
6358
-16945
16141
31715
-9137
2694
20069
-16056
-24810
32439
-11409
-96
-28464
-16618
-27796
9701
3281
17040
-12151
-12413
-3353
13996
4757
3787
-29240
28469
-16639
-18138
28579
-11166
-24120
591
6662
23264
-5603
-15093
-14981
-17765
-8020
15310
26056
13659
13115
-18584
21125
-15031
-6474
-5120
-27661
-22948
-11787
19987
16932
-19872
2532
30342
18376
-10065
-19802
32257
17666
28960
-19376
-28464
15920
-5578
8081
-32194
-29018
-9353
28820
-11051
27403
-1445
-4784
21842
-24544
-3474
-9106
-24506
-6154
-29689
-16910
8894
-9112
-3559
20364
-32482
6325
11976
3297
-10080
-12313
-8987
15821
31582
-23843
24235
-20315
-7815
1787
15595
-4630
6189
16923
-4261
25333
5695
-3032
-9520
-29535
26313
-30416
-12288
25891
2803
-3313
9382
-20498
-6611
-13789
-336
-16570
14109
2266
22822
-17179
-10881
16332
-11908
30863
5901
15157
-25936
24770
-6966
13493
17268
-24785
-20527
32585
13496
22028
-16708
28416
-25269
27983
-2179
-12478
-14629
13535
29007
19524
17802
14757
-21461
32167
15710
-24115
-15478
-16981
-24022
-31178
-20360
-11914
-17561
7598
-8719
-10002
-24832
10675
5770
-5324
-27056
-25319
30032
13775
13460
-16994
-3628
-12952
27985
-1142
1618
12951
26030
17175
-5778
-3004
21448
-18924
-5049
27086
1446
23468
-20489
-8552
-24928
-21490
-30987
22849
-21183
14914
13017
20149
10052
-422
12843
23143
-14401
-28012
-16954
21593
27328
-21836
29848
30834
-21596
-12032
-10817
32694
-6187
-28605
-11943
-7054
-25473
16922
-7636
10923
-5909
-7451
16096
-7091
1506
10309
27230
30768
-9382
-5126
-5357
-354
19765
15580
26155
16763
13014
32237
-21411
-28485
-14513
-19816
-704
6154
-30355
-16024
20987
30750
11403
25255
-18082
21181
22037
-20055
15412
-24936
-6588
8078
-13097
-19197
28539
8234
15977
-24340
-22886
26807
-15933
10161
22133
23408
24726
-16269
-16403
12360
26626
3744
28765
-11873
3007
954
-23080
-9976
-5536
-27198
-24820
22402
-20563
12473
-3790
2689
-25350
18104
1807
-14168
-24477
2709
-5011
-31530
-17854
-24483
-18408
5478
-2903
25741
-19847
-6923
-8157
-25985
-27002
-28035
-29618
-12838
-22321
20235
30177
8401
12978
18160
25532
8475
26790
-16442
27153
-13852
19091
-17987
-30519
-25698
20674
-24797
-4674
-11703
-29496
17738
-25633
-15661
-11386
1034
9284
-20403
-13317
2824
-24462
29737
5408
-13233
-8898
-20289
-3057
19133
19943
-7204
17153
24294
-3582
17144
8227
-4015
12969
-10990
-30651
18042
31762
15711
-23266
22328
25854
-9570
25601
-5779
15472
24442
5416
5156
32304
18451
21653
-7127
-13160
27989
-14087
-29593
-7798
23986
-8695
-8503
-3471
-31289
30829
28770
-16836
17954
5809
31736
16611
15323
-31124
4765
-11034
6560
-19678
-4090
32533
12065
19160
17230
-23227
18792
21509
32693
-8217
21657
-19949
7370
-14638
-3914
-12298
-18437
-30635
-30615
-18836
11571
-10156
17794
-31666
-25178
18218
13840
-14139
25033
12613
-10253
-21721
6345
4804
16724
25812
27381
6716
11904
1387
-15430
-23138
25721
-31780
31915
-27588
-24954
17417
-10633
-32739
6410
-3392
-27381
-17080
5872
-18683
20454
14263
14155
330
-19383
-10530
-18667
-28775
14745
17275
-25035
24717
-5304
-21600
21521
-21913
-29048
23673
22681
-21743
8662
-1092
-27104
-28656
-23011
14827
-11282
-673
-7268
-31856
-21904
-30754
29834
18763
-19799
-9319
26695
-3256
-21917
11440
23514
7872
-15583
13289
-21988
26788
-19155
16614
8290
123
-9897
-25204
8917
21485
-12633
9427
27656
22045
20699
5204
12325
-7277
8167
-20639
12999
-11000
-11625
22414
-16464
13742
2571
-11998
6183
-3079
-21869
25331
26642
13381
1760
-24642
23261
24651
7855
20554
-29755
8838
936
-16637
-18476
-5679
-15246
-14347
25204
-3008
25464
-29836
10061
4781
15341
-32400
-23386
-28435
13376
-6131
7756
30990
13489
-16179
-17346
-11159
-25570
-17469
14349
-30617
-15301
-10242
30212
27944
-1158
19195
32360
19432
14932
-6922
-29345
-15745
28677
1766
26873
-31997
-5200
-23805
-31270
3512
21658
13521
11678
2724
8952
-17345
8599
-9435
15819
23882
3597
31177
-32304
28756
11011
-26097
1828
-32159
12470
21886
29993
-18861
-587
-21718
-31064
14776
2163
-9037
-15544
28430
87
-30011
28036
6362
15429
12775
-24245
13702
12893
14001
23273
-24481
-31453
-7890
9913
6080
-29601
9595
5094
4700
-16318
12334
18383
24836
-7047
-26603
2047
-17003
-13086
-4276
5725
-28418
-13540
-6581
-20083
-21092
-7689
30492
-20783
23548
-14333
-30807
-22241
-20412
3312
-29749
-18004
-18068
-17598
-8093
-24546
4418
-18771
-5995
-17030
-22173
31768
-19139
10621
11774
-31571
-16479
-24
-13327
23733
-24215
16184
-29297
-27038
3928
18402
16169
19659
14047
-13915
26456
21783
-25934
-8317
-12439
-25467
14030
1023
8055
-629
29585
1596
12711
-6719
-22736
-23905
-16053
-16011
3281
27849
-11228
18784
-7110
-8152
744
-18960
-13763
-22771
13342
-5620
29858
-30016
-9159
17597
-11985
24906
28377
-15389
23553
20397
-26787
16532
-26357
-79
1957
25977
-14770
-836
-20976
-1065
-11017
-1944
-32691
28472
14555
-19859
-11705
4016
-6448
-25741
17603
1504
9976
-25134
12317
-25384
-13889
-22877
-20427
-23994
-16026
-7776
-32298
6051
5643
-14049
13964
-30327
17753
-19371
-3180
825
-15388
16932
-10887
27212
28073
4612
27671
7619
-5612
-12258
22329
3457
-10651
-10564
31388
6477
6234
-32743
-22993
8102
8177
-4430
-4147
29883
21464
20676
20611
-2628
-13572
-16554
-32124
27086
-9219
28726
18829
26298
-29705
28511
-27425
-27569
-15000
18332
23007
-1769
-26140
-7675
-32449
13521
30608
-14926
-20974
-18000
1318
-20682
-28696
-6521
-27266
27505
20964
20130
-19283
-3923
20293
15963
-4378
14012
-16125
-30996
22043
14567
6247
-17419
26988
9817
-13574
-13749
-14412
8016
-22216
32469
-10720
-17418
6857
-900
-19995
16999
22271
-9165
-3497
13237
-18952
26319
-2670
2602
-8273
23440
-23735
24135
4260
7807
30022
19601
-567
-24971
-28830
-11790
-18864
20651
-25055
-5155
-27058
15875
-29791
-2023
-9961
10201
24111
5117
-1577
-29931
11854
-13539
13351
-22372
-23713
4731
20195
-603
-15426
-653
4249
-25706
-28882
5573
7412
-20742
24380
30104
9010
18320
-10493
11051
-25871
-19590
-3080
-31780
14259
968
-29319
-25835
21757
9788
27866
29563
-20218
19507
9633
24557
18061
-2471
-11822
-17948
20725
-30216
-26223
-13066
-23969
31245
-12255
-18421
789
32404
9866
26506
-32133
2925
-7361
-17648
-12287
12162
-354
-2179
-9223
-14584
-6420
22932
-26088
-2202
27000
18101
31743
31151
25125
-32061
-14503
10687
-7527
-30750
-23817
2345
-31250
-19779
30904
28976
21069
-17879
29999
-16823
-25190
23489
32408
25816
29524
13423
-31079
24953
11878
29142
-20366
-27782
-18016
-11347
-16462
-14308
13629
14834
-23714
16676
19274
-22783
9378
27807
-59
-22213
-18590
-28656
8733
340
3845
10482
-21621
-28106
896
-29038
-3719
-21563
136
15380
-6241
9312
18966
22299
-18933
-15256
-14185
-29969
-10930
-23748
634
729
-26936
-18657
1594
12420
3685
20200
28014
32527
-16569
3921
26171
-12102
17525
-29270
-22851
30519
-9958
-16584
-29471
-21259
-5339
-30818
26802
1412
-22708
-23495
-8017
-26186
-4097
-4613
-6702
-6329
30337
27024
-16644
-27646
29261
-10852
-3222
4731
25715
4714
320
6717
2156
13433
-30809
30198
31240
-22930
28362
-26788
14957
-13167
16010
24310
-18399
-24673
29996
1539
2554
-15406
20412
7660
23775
17574
19478
-374
-23617
15444
8440
23861
14156
-14976
27059
-3974
28123
5332
24607
-13386
-16989
5470
-8308
10438
18721
29544
-8388
13672
26171
-5117
-3600
-26852
8462
-24161
-4345
24231
11040
27710
15319
25956
3730
-18729
-1504
871
9197
-4025
-3419
6542
-11100
-8340
-24705
30747
-27622
-4239
17041
23551
9365
-13828
15766
-31946
264
8127
8623
8768
8464
-11363
26995
-25720
17996
-19445
-30799
-13517
-22650
7030
3265
-4434
-17459
16158
820
6313
10846
-9151
-1545
15653
10883
30594
-28998
2912
-1614
19663
-14695
12923
-2825
31073
29293
-22515
-12787
-4310
17130
26730
16236
-5140
22276
4286
-25422
-15472
-9583
-13216
12407
5573
17004
-16336
25986
-27789
5741
9021
16811
-9661
-23425
-8954
737
-12939
-3426
-28731
-6340
-6836
-27018
-23405
-3226
8754
-7349
-11860
-17592
22459
10311
-1707
23590
20218
-30217
-20198
-2836
18637
26589
-21322
16475
-31872
-20225
1843
-8876
-5753
12917
-18487
-8570
29390
5114
5037
14457
23341
27870
-29332
-15781
-21948
30254
-16780
944
-26595
15264
32284
25650
-6021
-27009
-26373
-1579
-3476
12240
30509
3227
6016
13185
28820
-7194
-23463
14115
14244
-6517
13996
14504
2486
7971
-16603
1855
-5148
-22163
1268
-31838
23741
29674
2674
-6803
20402
15762
-11722
30656
-11568
-13436
10587
-22998
32439
-18783
-25936
8760
24679
-24579
-27136
-20065
28266
-11952
-4233
-1434
-4418
-11788
-4370
160
-10253
16375
-4857
26960
21271
-28091
10187
10368
-27078
5149
-8719
-22916
27324
9582
16675
-20560
22321
-17234
31246
8928
29777
-18006
361
-25529
14246
-18573
-18305
7814
-801
-4154
15143
13926
-24870
10258
6026
-14842
15323
21498
-28378
-17177
-19321
16589
-25312
-6759
3505
-20086
-4946
-29272
-2678
-25656
30161
26322
2943
29567
31566
-20144
-25549
25895
-19120
27744
-18877
-1231
-25678
17755
30593
-17393
17765
20333
13422
18552
4521
12341
-26350
-32553
25258
26704
-29572
-13714
-22086
-11514
3197
3442
2047
10112
31854
-29534
-8607
2465
17790
10405
-28665
19890
-30467
-18624
28319
3830
25161
-1278
26218
22903
-22924
13115
-5112
11899
9928
-16348
9719
16843
-925
-12067
12257
-17444
-23541
-9668
-3263
21557
-30204
-10610
4420
-15495
701
-27399
27170
1582
-27716
-26221
30557
-10264
29269
22967
22406
-21934
22427
-25355
-22660
-29914
30642
-17175
2415
-25357
8651
-25387
-13658
-8789
8395
-23861
-22477
31913
-5596
25692
17085
13702
11708
-32126
29996
10181
-22405
-4966
-12486
-29951
19945
-15163
-14730
-26913
5428
19938
29413
2049
-14930
27838
-9654
-24085
-12532
4202
-27542
28887
7001
-15310
9468
-4241
9138
30487
-2059
8798
-8947
-5440
-22689
25284
5052
-21394
-30232
-5259
10023
5986
3536
-6324
-30635
-4347
-21703
13385
19732
-17991
-23125
16553
-27640
-594
-18210
-13384
-16981
15065
30364
13337
-4128
-11971
-15531
3974
17130
28131
-2558
9040
3759
21734
9541
-10857
-26596
3534
19755
-28602
29309
18818
-23610
9672
13590
31454
30907
-7304
10170
-1243
804
29003
-16181
19958
32320
27309
25457
-24395
18486
4256
-26317
13951
-19857
4614
-1771
-15395
-21147
-24443
7154
-3390
-22643
11951
10637
3541
-17671
31960
-27736
20537
-2492
-32141
20656
-23405
14383
-29637
11073
21310
-18672
-11969
10986
-20474
-31523
-11347
28901
-7106
25615
80
-24356
29986
27009
-1997
-19486
703
1102
21796
-23809
12628
13958
15992
17764
-715
13172
-11463
-22625
30875
-6976
-22376
17340
24955
-8346
31221
-25161
-2538
2613
-12858
7768
-19410
27603
29934
-21827
-29395
31537
16604
-28096
-28920
4253
10379
7052
-32642
-9616
-14905
14298
6909
-16235
4227
31019
-7576
-26694
25807
-9525
6541
-24600
-9438
-3894
20422
29092
14296
30043
-21914
-16723
19600
-23972
-21434
-11293
12335
-18009
-26109
-32402
30952
-18461
31263
-13164
7168
29498
-19104
1665
32570
17775
-17446
-25225
-24071
13383
-19921
-30993
15230
-3963
25946
-5346
13127
28469
12141
24334
11858
-1850
28237
4039
3720
-23318
31105
31673
-12014
-15053
-1724
-2667
-32751
11810
30974
-19636
31629
-20980
21563
-9667
22039
3044
7457
22775
-29423
13209
-21128
-6120
-19430
-15270
-3361
6138
15463
-31309
31262
-3454
-27273
6178
-10038
-16589
-32618
-31678
27014
-13115
9202
-31243
-28773
15096
22890
24345
5605
6069
4484
-24020
-12653
11797
-25954
-9631
26902
7451
-21722
730
-7088
-14153
-2294
-3887
25213
-3419
27204
8078
30905
-880
29914
12234
22156
22565
25263
18915
2340
-28017
-1728
21342
-1830
-14514
8153
-16373
-5858
31002
29562
24861
-31947
10862
20321
32213
-2818
16823
-19366
32038
-11441
-31526
-27040
-6725
-15692
-13716
-15645
23462
-1965
29915
19810
-10764
32227
11452
-27367
21314
30886
-12308
-26376
-15810
13554
24503
-28515
11280
-6006
-29197
-5126
-29655
-5942
-22127
-18750
22096
-411
-10578
-25501
3104
-16073
15223
-166
-2165
887
19805
30402
11200
-22785
-4830
9200
-17587
-17671
-12141
17129
-9664
5989
-1590
1715
-16408
7285
-26091
2037
18048
-10194
-17689
-25974
22999
-21940
-15874
-9238
-5450
-30110
-12876
24728
12634
-3888
18965
-10903
-21475
10478
5042
-22548
12677
8651
-18468
16534
5066
-20917
12675
7414
31386
-32667
27105
-3162
11256
-15804
10189
-30915
-25214
-23147
-16093
3544
31118
1755
12496
-6230
28954
9491
7683
-17890
27814
30789
-19456
-18036
31862
10026
22043
-13254
9274
25577
-2157
-29161
16373
-7733
-11607
-9736
-28722
-10206
5801
-32052
15699
4642
-1660
23025
32558
9607
-6760
380
17343
-8682
-32433
18940
12243
-16175
-5726
-13754
1435
9373
10904
-23797
5510
5248
-18388
27714
-12328
1225
25551
4402
-15511
20354
32439
-840
28350
-23415
-12305
-26904
-8927
25181
19376
-2681
-27004
31867
4867
16152
-17890
11055
-3006
-12872
2040
-19178
15784
16305
18657
-1189
24751
-12130
-16680
-20819
2311
-16121
16346
2790
-18835
14100
27196
-16439
-13386
-4804
-25394
-6682
19579
8262
-16231
6367
-16344
4166
23574
-9992
18743
10110
-27447
-14124
-19438
-16292
-6633
-4062
-4961
31046
21894
-3023
24492
5883
32600
-31822
-21328
30566
-30136
3901
3213
-8216
-21080
-5726
577
-31170
-11192
-9338
18441
11077
-28137
19064
-7600
1005
6539
32686
12339
-24747
-6182
-8234
27749
-31510
23449
-28138
30605
8027
-19636
11807
-30411
-23829
-658
14406
-10358
-23173
13469
-29222
-10780
-4583
-22639
4256
16148
25484
6524
17701
2617
32638
6137
28710
-24080
15399
31530
-20799
2156
15372
10012
-30560
-16462
24935
-814
28071
14286
13417
18217
8526
-3269
-13590
2644
-27941
14161
13637
-9389
-7930
5106
12149
32569
-19621
-4962
18004
-10020
14402
26433
-28437
-14407
-156
9748
-8039
-551
9969
5808
-1249
-11754
2416
9704
-30775
18369
23696
-27704
9989
30535
29355
-8921
-21650
-10039
-7231
-15859
-7727
30345
-1033
-28765
-7279
-29959
-21840
1406
-5663
-24060
27284
28508
-12770
32120
-19612
13066
5506
-25469
14259
-14189
22923
-2744
6586
32326
2953
-32042
-3831
-31752
-9526
32638
21228
-10595
19916
-3083
-23220
22897
-694
-24684
-24050
24005
6721
13357
27486
25383
4618
21242
-6335
-24429
-11514
-13955
5856
14203
31006
9291
11309
5392
-5984
-27443
7628
9967
-28914
-5705
-26136
-21152
24312
22548
-132
-22292
5763
30533
-7809
19878
-12041
12453
22243
22675
18447
-4443
-19288
12199
-32570
16332
23297
-3427
5585
10546
-7632
8432
1206
-1013
23639
-28852
-3567
14502
-1347
-22124
1799
-959
10170
-429
21931
-14679
23319
-27453
23191
29706
-30233
11376
-5951
17224
-19384
-14766
20064
-21119
6299
8795
4898
10385
12110
14080
-10634
13646
-1570
-14419
-26305
29331
-11656
-747
-6217
13774
-13100
13078
13297
26305
-19540
8153
14315
12049
-5270
-20701
-21452
-4360
2863
14304
12645
-14476
-32392
-17653
9075
12375
-26155
-28992
-25059
20393
-29858
-28148
-18547
-31341
-16332
5072
-12904
18267
1190
-25828
-20508
-24487
-27910
24287
-26244
-15813
-25829
32060
15394
-1068
-2147
-3731
28027
-3956
-25431
-16062
18138
-19865
-5685
28048
30526
-5290
-32507
3722
1318
-20099
-9573
20997
-24427
6344
9474
-23444
-7573
10399
15794
21487
-3389
18272
-4309
-24760
-9436
21771
-15950
-1634
-20895
10720
11042
-27874
-1565
2480
28603
-16913
-21402
-7171
-27887
-8598
22134
-26656
18985
-20031
-30999
6321
-20184
6259
-18614
3740
29751
-27154
28490
26801
-30607
17139
17774
14339
-2055
-20715
10399
-3408
-9180
21895
2187
-6812
-19843
-12141
16634
-9127
-22196
-30101
-29661
-15856
17373
14944
-4464
-29408
-24206
9864
-18737
-26459
-12669
-4095
27719
-17921
-14041
-23534
12485
-11506
-529
-24063
23333
-7216
30105
-1819
18894
9366
29813
25327
-30077
-27981
3941
-7114
11091
19554
-4920
18834
-15681
-2581
-21801
14411
-4784
4244
20843
32062
25501
6241
-23119
22292
31630
-22123
27630
9415
-15830
1598
26988
17062
-27683
-16506
29914
-10902
-5286
-3327
-1194
-2461
14705
-13379
-3687
4753
-2087
-13046
-6277
429
-27006
-27990
32704
-15103
14346
25869
12011
-18793
23905
-23959
-3366
-8560
-30485
-22724
-5409
10471
16815
-22945
1610
-3633
15774
-1061
-1808
-18743
16985
11801
10038
29227
-9972
-25467
-19705
11645
-27307
-983
10119
27157
-20337
3736
-5400
-2001
-12507
23593
-9321
-7344
-11547
-16233
6612
-11483
-5304
-27370
-20185
19724
-5942
-27370
-29261
2472
25620
-15073
22028
-11507
20769
-8665
9381
-19785
-13588
-5051
31939
-14152
15248
32535
13778
2946
-12876
6651
10908
-31897
-18483
-18600
-6375
-19937
-4253
17185
17662
27863
-10006
-16885
4368
19076
-319
-28102
-10081
-3162
-17953
8116
16934
19843
-1248
18098
-6286
-30181
-23874
24508
8496
3606
16473
14765
-1638
20893
-17537
9346
-8514
31253
-20037
30874
7241
-32116
-22763
-16211
-24764
-26712
-25680
-3508
-12379
22815
26830
29906
27077
-25074
-11361
-20102
-19104
-14525
-11033
-21620
23748
12904
14736
-7959
-19828
15830
19485
-564
-12710
26149
16180
-14923
-22053
21383
-29096
32163
6859
-30873
-2807
28046
-22933
-30189
7734
-26113
7956
-10706
23044
-16165
12815
15256
7557
-22241
24391
-7898
1636
-24223
16546
3821
-26910
