# Vitis SSR FFT verification output
# raw STORED integers of ap_fixed<27,13>, unsigned two's-complement
# out_W out_I n_vectors n_samples
27 13 8 1024
133099008 61952
132927 82993
45276 124385
112580 49682
113301 112622
124315 45384
197838 105582
189121 40212
825353 43526
133965087 89757
134080224 147784
134217364 68151
11263 136189
29855 70561
83234 131474
46400 75027
255691 104251
133912513 157795
134094906 193188
26098 97885
16087 173737
29001 109200
63091 174607
14736 127725
113779 174675
133995046 220936
9817 226957
147381 122581
104018 219424
115673 159753
143224 235909
104548 200355
184807 261764
134215975 298547
267300 288442
388021 204698
331121 359700
391610 335773
486689 474093
576592 530255
872960 758876
1273272 1158650
3608316 2725139
127307642 128763524
132426583 132972964
133192007 133466809
133499244 133771551
133624700 133842060
133783317 133960742
133769766 133991255
134009296 133977629
134002642 133956507
133843954 134199069
133919859 134098164
133949953 134189032
133938949 134140926
134007695 134192327
133953362 134172140
134104522 134146105
134009528 134156217
133811314 219734
133944028 24287
133960830 110864
133941911 49486
133992508 101731
133929101 82019
134025154 84837
133881527 149658
133675553 482643
133929620 110622
133916573 230894
133881942 175652
133908111 250594
133823684 253765
133866099 307486
133679750 443326
133440393 876186
133957213 54918
133796795 374899
133682795 401030
133611763 586961
133395197 738353
133199397 1061799
132553715 1763820
130707410 4373297
134181256 127933954
3268719 131713554
1476425 132775506
995952 133262520
688690 133446639
603567 133600186
423270 133709196
458082 133708035
134125743 467749
292096 133958311
251021 133847436
261462 133955260
184724 133939116
225526 133986975
131729 134025708
192909 134027886
134215431 155261
222777 133895931
158161 133858154
174941 134003464
108674 133977526
158921 134022240
81261 134041728
147338 134031541
40806 134178797
186421 133821068
104107 133862499
129484 134042124
67940 133996113
123596 134036831
53660 134038461
119923 134017468
41447 134083511
136997 133824710
52657 133939798
95373 134133384
35393 134046086
95861 134081184
28774 134067954
93180 134044802
23587 134082281
91259 133910697
19427 134079070
1480974 130880966
15554 134103795
80179 134138304
12444 134115363
75610 134098223
10205 134131135
66942 134028298
14998 1401
93253 130237
2312 134109950
73206 134162659
2729 134137222
66845 134131426
4933 134166956
60404 134108621
25920 71757
104475 127544
134185252 134007557
57166 134120861
134201339 134100331
51157 134107389
134208919 134142748
47158 134103725
19242 30329
78685 56
134083023 133761168
14474 134023335
134154245 134005811
7858 134019558
134161715 134043099
134211635 133997423
134171772 134081831
134186236 133950780
133821054 133273950
134172478 133936726
134063966 133865916
134120030 133842787
134020207 133798916
134016312 133658690
133871952 133539053
133628598 132965069
131746460 129717056
404084 570428
1525849 2608860
621851 901463
374473 599806
355447 431459
283082 428326
307566 336077
467254 675280
133946674 133713719
134159980 134132943
99998 20299
37902 45696
101903 20230
60642 72253
83067 134212375
96233 111359
134000590 133862840
134196580 134191126
122066 34516
30524 30353
90999 134215780
40267 38743
57959 134180380
43054 39215
134103621 134015596
88207 78584
199919 88997
67638 55509
129729 20391
74034 56497
98217 134206742
86010 60784
19351 134140050
215376 152275
278726 111032
105305 58845
188357 31077
141166 69814
190427 13510
207380 88296
228038 1262
468170 187352
660924 129088
1851193 259221
133354198 134092769
133859442 134208729
134042517 134175401
134098315 35471
134132336 134182851
51336 96341
134212048 134206806
133981703 134168817
134173221 134181670
134119467 10293
134176433 134179784
134167780 28274
134171141 134176259
20060 52977
134118550 134157155
133887424 134147814
134191685 134183145
134111290 8768
134166289 134175669
134141299 19511
134134678 134168158
134156659 25084
134012153 134139695
133818451 134163823
95739 134212944
134147937 26067
134191122 134186494
134144509 27296
134127887 134176626
134120507 25489
133978075 134157205
133844217 134208432
507910 38245
44864 46817
58139 134199686
134201228 40933
134177536 134191682
134155480 39092
134034612 134186366
133967256 34353
3532688 65112
211945 46916
132995072 1377280
69350 44288
44476 134196659
19171 45329
134146531 134202136
134137174 51985
133198478 57046
366487 16566
265912 134174411
132281 34665
115647 134187421
94650 37799
34448 134197754
64882 41714
134016195 21411
442072 134189215
275954 134150726
128928 28368
133667 134177223
121227 28998
85523 134187707
135715 24448
24150 134204672
410428 134161805
193148 134155384
56151 48745
97050 134185138
93747 38451
75190 134194416
129071 28017
62175 134202712
298104 134181467
56828 134210599
134174817 110989
45978 6938
47278 85377
38907 26482
87948 88391
31447 61919
176462 90083
134165665 188361
134138048 395510
115435 677578
134038575 132808447
134173380 133820479
12986 134029030
134179191 134050688
54170 134104646
134071973 134181008
134099407 41358
61398 134065745
20470 134182909
9194 134116021
36216 134182265
134195351 134148598
43095 134183434
134104377 11527
134191538 27912
173653 133989438
66205 134169096
50070 134095324
69604 134165757
15713 134125933
76196 134157785
134183753 134173914
97050 134133404
298262 133824503
77069 134149554
71985 134054857
92932 134125752
49659 134071494
115480 134090240
44707 134067192
201735 133969662
403633 133593766
134174566 51070
23831 134062936
64009 134107324
39637 134013547
119345 133992862
87412 133894102
285856 133667488
661091 132881313
133095358 1539773
133651921 251420
132921331 133877223
448350 518875
182011 314564
42590 229478
89756 187449
134153294 294149
653823 133159987
104444 134105739
86754 59310
38689 134208244
87600 28985
23882 528
101059 134192291
22075 134204988
245036 133785601
134195462 96391
23295 163603
134213952 37340
54097 68652
134214237 30516
69127 12817
134214311 25246
110178 134066663
134159848 238177
15901 220924
134206265 52448
46483 95319
134205549 56645
55188 53783
134202680 75619
64247 134216016
134172887 283252
37466 187406
134214556 134214435
53883 73264
134209673 38538
56913 49982
134207379 74828
58421 34547
134201179 227621
57371 70949
134214684 134105126
59249 22174
1391886 133627838
59278 10845
134211899 30510
58782 134215659
134216558 115961
54215 134145371
134194666 134001614
58442 134216497
134205799 134170843
56118 134195906
134208618 134204257
51975 134168640
134212725 17044
31463 134047492
134167314 133970493
70890 62915
134204117 134186590
57360 134206871
134206716 134200671
47137 134162093
134206679 134200781
14915 134042122
134164098 134046463
134312 248043
4101 31296
77439 42756
3468 23175
61743 134205549
5040 20824
34893 134126903
339 541
306372 584985
27108 55842
112160 79886
36206 59122
105210 40952
63718 92043
127345 53628
185620 289302
987418 1648225
133984904 133611613
14800 133811072
46948 133494958
133872991 1011838
134043475 173051
134094255 134174702
134029973 134130905
133715356 133495936
519366 923427
252482 381604
74748 223419
119256 161207
45048 161617
75936 86676
43715 146352
6920 134207917
376905 542363
178249 190361
27128 109342
107512 98496
44224 122854
91294 74503
72445 147300
83827 62147
271146 340279
69644 44727
134166193 18612
70583 43286
11015 76793
67643 38890
48020 107916
64955 35556
153749 192992
134176560 134168102
134105393 134197988
58447 30992
134209869 64341
54780 30636
29731 95275
45487 29375
83467 138136
134141575 134179467
134149172 57632
174358 153292
152024 268908
743768 921688
133856797 133804100
134077366 134010875
134135555 134157465
134033702 134049468
134105371 134172106
135988 10711
134199357 12993
45640 134191452
134217352 27207
13555 134181575
15498 37327
134159453 134156039
55163 54581
295069 74006
29189 45484
103490 2044
50440 53034
73525 134209213
79750 61632
49936 134201854
192601 91629
399826 76327
134181522 30020
99011 134213319
52467 51550
94029 134210713
109175 62091
111487 134212480
257345 85604
408109 40497
133880226 134209150
9805 134194658
134205319 40468
55172 134200143
77915 50178
97886 134203147
225693 59659
309689 134214367
132535655 134178609
134071133 134190526
134093695 40985
134192095 134196146
132819456 44544
25271 134196679
123652 42041
146126 134192118
1681525 134180766
133907401 134217072
133991226 62934
134118867 134206986
134138637 54636
134161139 134205233
10742 46192
134205946 134201037
335181 134216217
133806941 48297
133957284 94142
134102684 4111
134104467 72301
134119053 4097
134159950 63658
134112708 8745
29429 44299
133810251 91830
134016519 108473
134158128 2429
134127103 81561
134131964 13224
134153509 76787
134098725 28085
134171022 74104
133902851 105591
134140072 89623
32658 134195113
134172831 81222
134170219 13567
134178556 84118
134125423 39754
134180211 90890
134013362 104717
26075 71495
70114 134202397
134137582 155492
134089272 147398
133883878 495455
691276 133272584
218079 134007258
43597 134089557
225626 134072839
200412 134019212
20261 4134
44190 134130857
49666 134209555
16818 134154507
73274 134195549
1987 134167942
168611 134121826
93933 134095646
134113721 123517
134199886 134186216
134214474 42747
134192798 134192925
29798 14206
134186216 134199231
88982 134175030
134184047 134201316
133981122 279023
134167059 515
134177132 84955
134156939 11162
134202693 58163
134138046 32088
134217079 40804
134064480 119178
133864275 467994
14828 134129623
134193889 63284
134159560 134215448
134187953 65318
134110777 55622
134151613 105813
133969169 247952
133695929 767477
490787 133307145
161675 133889229
70635 133834386
54832 133803149
133978192 132908004
298081 424750
144203 47512
345250 133892734
133321504 1850869
134111127 447260
134161514 182778
1874 201115
134174003 135263
22110 142139
134161379 154008
26678 122764
133963458 645996
50346 56593
14585 134178766
43427 69102
134203567 32969
43335 65595
134186429 82806
41453 69232
134128470 284080
98227 134080818
29283 134074920
54908 14523
134214152 134192293
54309 11996
134203413 17161
56474 134213644
134189542 89095
93006 133995869
11042 134072125
47397 40926
134208087 134191889
51441 9144
134203933 218
54267 134192334
134201645 19770
65509 134022104
134206066 134165392
43826 135526
134201735 17069
48775 49251
134201601 29204
1447666 586298
134202064 39749
46893 134122334
134204494 87801
60994 244107
134204107 50677
55540 90584
134206416 65399
54119 53591
134210402 87944
50284 11013
10199 201280
93163 296740
134202491 11370
64832 88249
134213136 65949
63671 68296
5994 106435
65020 62983
38823 230811
113911 247399
134164973 134075170
62466 32901
134209406 19533
66255 36258
10871 73252
71214 40639
46943 165429
95724 96552
134049855 133783815
59425 134200881
134203232 134185487
68734 134208182
12342 14910
70322 134189214
33702 33924
30964 134072029
133719543 133114888
249094 232632
139782 100351
265640 97315
299510 82778
726720 134104732
133220455 1030842
6269 622009
810425 1767886
133343601 133052801
133772054 133808834
134003656 134016875
133994360 134103178
134090508 134115069
134078538 134202369
134128430 134153099
134203202 137548
133762763 133677410
133969980 134051171
134131435 134147067
134064445 134168979
134133516 134149498
134093048 134203322
134116456 134132330
134113498 9487
133894145 133902634
134096985 134212281
11691 36090
134120480 21277
134182013 134208804
134129037 32846
134149303 134182489
134133790 41279
134026803 134082639
9250 124971
96537 113110
134157812 72710
5351 44306
134164032 85817
134190354 29174
134178017 108103
134135541 6385
95254 220128
119401 170304
134132146 135356
134216442 147830
134148946 249804
134165882 350638
134015667 1505745
74300 133475413
155536 134060103
99631 134069519
134076081 134069595
134213894 134097587
134152764 134160321
134198634 134123782
134187929 134201385
134187463 134137318
57239 35033
134174095 134143876
133931894 134122386
134167029 134150067
134099440 134198555
134152768 134151939
134133694 96
134129895 134150397
134170370 17170
134033009 134126679
133815353 134135663
134201270 134180824
134089423 2742
134139277 134167885
134103257 10941
134090505 134160754
134094943 13369
133947618 134137096
133781191 134176874
206767 10238
134157751 31653
134187861 134188717
134127335 29746
134106012 134180249
134089018 28355
133955033 134168900
133854086 11831
1021684 53028
82588 48658
72790 134199466
134199682 43281
134173930 134195192
134148549 43408
132643840 132798464
134004884 47100
130683560 65795
248403 35539
180375 134188000
58830 41191
36026 134194202
11569 43880
134153790 134203059
134166201 50597
133702203 42431
364856 134212989
229920 134162136
86322 30808
77651 134182345
59676 33363
11568 134192934
53142 32892
134103597 2403
378959 134171444
183149 134147701
36317 33482
55776 134176976
46324 28821
18158 134185448
69623 19051
134203000 134194006
284991 134159259
48710 134169312
134141209 65911
134200941 134190104
134196118 43141
134177718 134195863
5137 27857
134154474 134201050
109742 134190539
134072941 13852
133983088 125263
134072753 61
134033836 79841
133961685 18647
133862768 88846
133238679 121276
1955799 133979049
322034 2651
111838 113560
191147 134165966
125466 46182
88717 134195700
101465 38530
27916 2663
91174 32381
134120094 85889
134171230 127941
139649 134116180
64883 37058
46019 134182877
64670 32264
4339 134213262
62601 29842
134144842 62260
36252 50577
236463 133986045
77710 7921
61625 134147028
78558 3050
27476 134177397
88053 134206570
134214749 134207213
141186 134142034
338625 133809012
27282 52074
43103 134146700
68921 134216806
32003 134155788
101444 134170412
46331 134131768
213029 134010080
438067 133569573
133933255 502932
134114996 124764
134172112 159810
134152453 71051
14180 68333
13965 134159118
843729 132863131
132714090 2615405
2064985 130561038
355852 133509200
190926 133947171
91240 133989361
116197 134079687
36460 134088807
107328 134086374
10133 134137678
370528 133459587
12642 134124048
33107 27245
134216049 134152136
52554 134190741
134210174 134161153
67059 134142247
134209732 134155254
143797 133889228
134150437 124724
134212001 152013
134186017 5136
26042 41821
134185478 4447
36865 134213334
134182477 14604
55777 134117625
134137877 236423
134217706 179589
134184422 134215549
23363 55406
134180341 19194
27852 24490
134176234 49443
30531 134214128
134158423 234164
20077 105162
134186983 134131964
27119 17059
134180583 134201927
27187 1469
134178402 24618
26523 134208124
1358578 3518530
25208 134184135
134172513 134016228
23872 134188349
134173498 134151473
21753 134175281
134174020 134189268
18476 134154995
134178065 25433
5004 134050532
134140452 133936475
20489 134196402
134162063 134131534
13161 134153826
134163638 134153553
4510 134114311
134163865 134161934
134192694 133984025
134114114 133944421
46085 86421
134161801 134159003
15117 134171464
134160694 134154487
134217032 134112467
134157587 134141370
134182027 133999284
134126084 134040619
143321 303891
134177150 134180882
33725 134183639
134172989 134150471
14196 134108997
134176874 134132580
134213752 134033518
134205486 134154934
413506 677368
134135804 133934201
27257 133957328
134171666 133879088
34988 133772243
19934 133668739
184614 133356994
979156 132990714
125554461 125744464
1280785 3920301
356555 1560834
78027 960279
78488 692692
134201096 577269
134212004 416914
134156522 410305
134039554 106041
371800 940513
158180 519104
134209719 393556
50318 349299
134196133 355027
14257 288593
134204642 352152
134196864 240152
236614 620504
32368 295965
134106631 239838
134201305 246113
134134980 275379
134181094 233281
134156101 305536
134165065 230676
70295 438965
134077913 171826
133968536 177402
134102425 221064
134027381 261276
134071218 232908
134030089 307852
134023369 248740
134053783 387965
133837750 192616
133757195 273527
133898481 365515
133748765 442346
133707083 480141
133510516 659388
133217654 817728
132479338 1480270
127058952 5360410
3407769 131580830
1528216 133250665
876317 133660579
695410 133800442
513339 133955204
433100 133953619
371301 134073507
224468 133989642
276392 134128281
491187 134182107
260862 134180989
305101 134149253
236351 134209969
238439 134155358
228337 16074
166160 134153414
287392 54648
505555 61657
156452 27140
244332 134208520
186023 47381
211272 134208547
216252 63520
199101 134212945
341625 97508
518271 68591
134169917 21099
156821 134215298
115793 59288
165433 3329
180650 73536
189279 9732
323723 93290
436518 38789
133574193 134213368
134208644 134212577
134198411 61943
52951 2379
62919 68291
62857 456
129575 60763
41595 134185582
36352 110080
55759 134214296
39186 33455
25110 53841
134026364 116903
43758 25120
9581 41768
134168601 42651
1277455 499180
310219 92806
168538 90321
138686 98888
279102 195201
18493 134210466
82335 74221
107817 107066
133647528 133899100
39463 134085320
45302 47331
50666 71131
134155718 134206559
134063474 229628
51293 56203
24884 49777
369997 490792
134196294 135751
152340 152508
130816 164727
241001 350071
392174 527370
133950022 133928027
134172106 11917
134042473 133892807
134183608 39185
1364 134124660
134213014 26515
134168482 134113550
134178232 32890
474686 133873267
26975 134180206
44422 334027
1828 78375
134084850 39031
30446 46600
2441 208870
134206104 78173
134120986 134184046
59605 237334
77651 134106570
22854 99937
134215238 185788
35096 134168062
69479 134098125
20262 8913
134215467 28337
168540 134117495
134154662 207896
7527 54902
13811 33179
133835069 134125934
134124050 148371
134191168 38170
134188327 8777
134114608 134130755
163485 134051785
64812 134066037
90659 133892499
337246 132854780
134025985 1127099
134110014 497427
134136601 348258
134144963 282940
134105512 266351
134146816 219005
134150659 195020
134160502 160290
54888 331178
134137315 205503
134122762 188611
134078903 182256
134207930 134203313
134178172 167414
134148095 156902
134093905 142851
169312 8089
134181891 225503
134173495 195853
134187167 199644
133873043 230470
82222 79137
134214516 131579
32082 152739
133924377 78157
134217274 174408
134135742 148283
134094097 143998
72025 263902
133623674 133127914
134088911 17610
134033560 13071
121803 190952
45092 13028
134198672 152096
27971 162475
134137612 30029
243551 134193706
133934923 215454
134118805 245427
133852815 134144242
133922973 13972
134121582 100046
134029144 26801
134116535 156521
134057361 57707
134121599 259561
133996109 134189964
134214373 417905
134124925 244485
134206766 20744
134117724 256834
134060091 90395
134083408 156668
134197348 165837
134047909 431787
133934191 133952618
133934227 134157734
133704478 134062220
62712 102255
134128807 185813
134090703 83869
134068833 134185081
134150358 133991530
133983777 739925
134020422 388552
134055797 261964
133419221 1376098
133879578 465921
133855342 525494
133784399 670961
133551236 1425090
85265 133642009
134002305 72819
133911422 265250
133994008 458478
133467156 608990
133269343 902849
132653262 1613788
129056646 5665190
3765492 129897986
1367611 132566401
836015 133157233
579972 133423781
477234 133622318
461409 133617700
499225 133606946
1060728 133255466
134162488 134112320
134193320 133960606
29160 133912046
106688 133856394
40040 133958001
134128491 133794821
134063927 133693993
133615879 133497172
134148423 131133779
425492 1353099
231647 452852
108375 238423
287346 83208
149641 176741
221640 90192
539235 64273
134201776 22839
133860929 69236
134185654 25648
90328 28719
134150524 134208463
89395 91695
134164546 134197314
133935474 134120475
161373 56613
100336 180578
55800 134149375
134191178 134123160
143438 134191687
207333 134090408
22262 116173
249681 176710
134182487 134166695
58124 134191587
134105563 134212139
49381 57041
134138939 134138477
134112640 134108272
454871 399884
134147670 134094673
93538 98755
55558 62538
39161 176865
134183968 134152994
41648 116050
134209487 145292
133866186 511638
323166 54729
136556 134123233
137041 134182762
198629 134215879
34903 136766
54267 134178786
78612 134209987
120073 28512
134118959 133870528
34334 8305
49100 1861
56699 134206506
62110 64756
57936 97048
60190 85871
56367 102866
134140615 356741
111867 39616
112360 77750
139553 108679
309952 298514
134136379 84648
12333 130412
43134 168635
155511 121305
134167384 215272
134211344 366301
134205146 597752
23941 1274600
541213 129365737
139331 133311409
96562 133723954
134195139 133982736
134196353 134036518
73820 134009996
57620 134051609
134070184 134208258
134019870 134047352
183887 134125541
146177 134140311
269859 134099612
176130 39507
49769 134093827
85505 134150992
344025 134094600
66498 34975
113369 134027915
99620 134140063
134182921 134186326
132024 134159276
134096944 126289
60617 12587
133961070 26508
80896 22528
134168774 8047
110069 57564
262079 103818
165215 161838
527526 741812
134101833 133972540
393682 27488
21603 134200866
10908 67935
53101 134134462
134120454 134151942
134215193 22000
134120518 99013
489529 133996467
133893566 133871709
91306 134180790
93636 134204647
134140053 134169734
159653 87364
63099 12856
45674 1452
134137765 134025613
684278 764711
137546 164851
109314 167109
68509 302405
65255 134162976
116531 120789
124276 192450
137773 372896
133540687 132361420
45992 134103068
96835 10800
174702 87490
133934276 112653
13556 193324
67581 348145
151984 842431
133469656 128925015
134162481 133452596
4125 133732818
57605 133759288
491942 132537128
134082389 112918
134152132 134150677
134179998 133991034
133906897 1156798
1877 142934
134184291 80030
134165696 38852
134037483 150815
184421 201297
23243 153080
134178160 229608
298567 133744828
134213445 134014703
22171 134198226
5392 21736
93075 134113522
106781 134045892
30769 134216475
72011 134166559
133884145 379370
133913601 203469
62492 58187
32503 59681
134098667 173961
134108525 104543
51561 213490
134171553 266340
352911 130964
252039 637798
133765201 132783970
134080776 133902151
67043 133985259
134214775 134084443
81344 133981534
88606 134095021
133953311 134199600
134161560 134156523
336840 134051590
134128358 134181303
133969080 134189704
134052627 134171442
133967452 134118336
134079782 134210554
144284 134199767
134191411 134171380
134137987 134092488
134151479 124280
95660 68609
134214607 41665
134190664 65932
168268 134065121
134027932 134108555
134137270 134163109
134154174 134174574
131377 134162300
134010697 134088186
134073662 134117345
134041930 134089872
133621284 133799450
157750 90902
12491 134193210
134192471 134144418
134130098 134012345
107130 108806
47490 134194873
75032 134130309
259078 133953462
133679250 457299
134022352 120996
134077933 75047
134116222 110862
134174974 134065069
134105213 134147353
134104084 134140104
134087945 134077489
142475 204415
134115468 134167198
134111961 134129341
134092980 134020225
134132906 134149738
134141018 60089
134136009 9630
134143594 41252
134175838 133983813
134036627 134211011
134067907 134177633
134046911 44349
134001186 133935202
198519 133972725
134196918 133971924
134181321 133881582
134118631 134022008
26038 134000369
134152058 133789090
134187019 133474119
134021606 133296728
133574653 123840373
134187995 1403191
134121092 729668
134211400 338508
19638 214494
134099053 305565
134023242 371522
112648 134210140
180854 49150
133928059 45961
134148183 134197543
134047526 79231
134083800 11018
50005 113660
162801 134102320
133919114 174980
134023250 86298
134032510 264804
133974012 92898
134127648 2988
134088770 4141
134179683 134094779
133638071 173887
162479 134137172
25501 134171769
80650 134171133
134172155 134138334
134044163 134145057
134076136 134094632
134010433 133913891
1027582 405042
133741827 91895
133919888 25351
133930369 134196348
133821190 103110
133949340 134207755
133832136 134163259
133594103 134094699
131438586 133985454
874946 248379
296861 85049
152216 37424
243872 48279
134050700 134139236
133987614 134090293
133750499 133944320
131740568 132686201
959459 573444
441941 271503
296874 174321
172799 35123
227821 377481
224835 244309
261453 276975
761008 854843
133998248 134193739
5769 24214
45396 63966
124132 165914
392217 102477
134176738 43666
134187772 32621
134006670 133841788
132806 414155
134211070 241885
134201309 332896
134132350 442156
133966805 1592146
445817 132478050
194019 133727184
193788 93953
134151 133877348
134203067 134074394
68806 134075175
73837 134211766
86234 134071024
133988975 134016651
72345 134087008
131572 133811977
68828 7436
146300 104177
48810 134142678
98012 134052338
47068 11566
26368 106055
88744 134113307
134184852 176819
128431 134114297
193356 134102182
134096957 69754
134156422 113410
60337 134193094
81821 134204239
134149564 134153562
204042 134031530
30561 21570
52444 36035
572928 1058618
135039 134090842
10095 4977
10883 23745
134189963 128013
134058054 81276
19852 1825
134192289 33390
133981982 138058
184009 134157120
178701 134180424
148750 134206073
168806 13218
168458 134128323
58415 134216352
71152 12420
79742 31869
165571 134021973
58793 2109
61952 18944
59971 35842
134020614 207049
74642 5799
67784 25609
58802 40348
133990371 39830
147789 21069
128889 46110
152537 69510
481942 217555
133977470 134120676
134178324 4025
134210387 29214
215689 177799
134204125 134146360
17670 30286
22669 55400
134098332 134199327
548946 133194401
39004 9743
34020 42494
134050463 134077645
134090168 64097
30729 22142
1800 22945
69164 152018
134070808 134193545
154303 142517
68510 94086
198362 390701
88040 221197
13713 134211577
35920 103663
134199420 134194468
8980 124353
111848 134192752
44708 136380
134182666 133979523
8297 66190
133929828 166911
26816 96045
23438 273461
10754 176296
134144931 137120
84046 232899
18436 838888
97319 710340
348453 1915120
133857032 132819717
134097378 133666944
134100076 133994540
134083187 134143113
134149316 134132485
178001 133554621
134189490 134031095
134145220 134091592
367525 134023980
134147871 13501
134183101 134149278
134195074 134115837
134176204 133907920
133474247 781809
133949306 189539
133969083 128451
133919174 13627
134033877 177229
133881164 239660
133703965 346391
133066164 785863
2648007 132416492
495031 133844568
216204 134022209
88226 134088553
32935 134180982
134125350 134197168
133959204 33644
133390157 211767
1805076 133102885
580281 133977006
359772 134046635
249784 134067502
370261 133943626
301747 134112283
342172 134085043
605007 134036893
133876791 133703551
133823511 216854
134050259 45062
134127722 8447
133932928 134179849
134193120 134166101
134089945 134149045
133918738 134087852
391892 70021
269583 159738
66059 134216218
134217646 134177114
142023 21678
71940 134014013
82275 134215866
185478 57442
133951216 133947040
6257 133985703
134109326 134141101
134155631 134145870
133999573 134006378
133876815 134027127
116971 134003680
134126155 133885612
148796 134186204
5478 133980751
97279 134012575
6123 133788313
97025 133713929
94787 132932936
133699893 10513869
2183 1247573
134109224 396392
134173070 332630
68019 184181
134193338 288952
134166746 56131
134213601 85273
217609 71194
134004013 134135888
134107762 215948
134109646 84701
134075225 134208043
1225 71815
134161339 201895
134156660 113136
134154395 71315
134106558 378668
134175207 134183102
134156077 30014
134143608 47963
115682 134166710
134210173 134104935
134187874 134154036
134195731 134142855
134045 134068815
134057408 26264
134090824 134149922
134065016 134056498
133833217 133567019
131708 443458
14800 171720
134198054 106688
134130561 97359
38291 90037
9314 44903
3810 31642
134189879 48282
133845913 256130
134174450 35888
134209692 11380
84600 134177646
53686 83852
134172718 22496
134207604 11853
125361 134194719
134168879 207913
134081837 134165558
134104979 134184431
134030154 134188661
32587 134054624
134143695 101467
134138404 27330
133994409 15041
130804 134191504
134117975 73185
134199154 24113
74487 25174
134086268 134216954
376752 139207
44604 46483
214699 95711
134068264 19156
134180228 159369
134103697 52805
134007336 79138
134124528 290879
133741230 1376176
167912 133487213
134055543 133736818
202172 134056799
186605 134042802
14061 134148157
145464 134196527
40015 134102815
120887 134149119
134026997 134059787
239808 166546
134100427 133974270
134159082 134027905
32054 134204757
134133370 133974062
6661 134102879
134208172 134080964
134137596 134169398
133999643 133513790
130190 24718
115884 134155275
262906 134079827
134170609 94874
134208099 134133999
26177 134159672
88459 20698
67782 862475
134142949 133710714
134161933 133780958
134111210 133612183
535674 936291
123717 134132428
105270 133914308
136714 133568948
697348 129256315
134119691 902904
134177955 409187
134167833 272208
133837170 406348
188255 34019
143332 9610
184373 134129868
1029533 132468262
134068436 307837
134184833 195275
3094 163550
95042 97845
134161976 134175210
134203583 73822
134194401 105569
133670943 698119
134198112 195928
47859 60504
44093 65684
134165810 149482
134147450 98717
99358 63314
118830 71014
609953 134038859
401339 320335
134063197 134196128
134171166 45161
100369 26181
134209031 151110
134170343 134212870
134173178 79023
133760803 238027
134081740 290259
496035 133521708
128748 134100648
134167556 134187417
77253 134201051
134133254 31402
43008 15360
372048 34347
26451 22516
134060489 134125002
92469 90234
215998 115908
72491 109606
86268 221000
47845 134215860
133998588 134186361
29335 84938
3362 144614
138489 134201846
134167114 134211991
78835 82793
118152 96489
133941652 164360
189260 300797
30365 194564
32339 224648
134141147 185266
168916 478594
78687 534727
116758 943879
529540 4904703
133945732 132625455
134141143 133605361
134159573 133853832
134128477 134026151
134150624 133788230
134182991 133999744
134156391 134042634
134054374 134064188
379937 34700
91766 134129014
55490 134133407
45374 134135050
134161343 8137
9636 134176807
8508 134182293
5865 134198126
134198687 133825086
134211143 134193424
134202950 134209912
134184395 33112
134088358 134136931
63732 134083176
21991 134132720
5331 134131500
134117363 111576
122308 134210024
69565 134207419
90325 134204125
79647 333538
133746012 133770030
134092711 134115630
134121409 134172893
8485 134030796
134177810 133993048
134169559 134139170
134153027 134169808
155619 133900295
447307 133671475
134089557 134199764
134144167 134141863
134012582 31509
134008605 134160715
134214063 134148423
134213797 134101703
133885337 79560
133998239 134112090
134205771 112872
134099141 23938
17133 134148688
134131578 134206411
134118381 133973923
134020381 134145651
235684 134006252
134215868 134078263
95269 133977730
134197338 134069397
134016252 134086126
134077850 134053805
133821348 133998390
178757 134029726
133720510 134008260
133995296 133956242
133977262 133853927
134059423 133924612
134200773 133793112
134127353 133536448
134207366 132596191
133322243 2696929
294480 796196
134151862 363983
134104584 220393
36206 59307
134000254 8442
134077701 10076
134151331 17034
544120 240665
132954540 133436530
133538160 133758506
133567858 133723472
133429511 133516104
133559979 133648074
133264930 133294315
132726638 132645680
130352608 129810577
4948480 6026123
1373008 1809224
737036 1068317
448846 803300
486055 285517
244290 270012
108870 82259
133997393 133638481
816764 1480294
303789 629871
200747 433773
111474 254026
133905553 133815663
256230 583875
198556 517698
218230 783419
91695 133844144
82926 123196
105932 133603
136045 168509
287693 134122007
133924005 238867
134159164 72704
11149 134028307
134108930 467220
105711 295904
3755 197336
14392 111443
134173834 264342
60893 409533
134168232 215658
134085211 370251
98911 134103731
86650 134078146
134198580 126764
134168682 153762
65135 134205883
110680 134198820
134151734 42566
82720 134109800
134002325 171959
133966727 39223
320164 229277
122704 65526
134155607 158010
134165473 113888
134203528 259554
134025530 223242
93754 52520
594 128860
133699058 1260362
134194266 134192381
137437 134169949
109031 134194191
209205 134165274
177389 134199617
134143336 43179
18327 33738
154539 76013
134146014 134121378
134055757 134183419
134111266 134177090
134102719 134141543
134052138 122485
60007 16834
6688 134211072
134204560 134192455
134009544 110031
80655 2219
56832 134200820
80868 134190485
444449 134150609
134111236 134159948
134181120 134156023
680 134151156
186940 8747
134041173 133987230
134089306 133950219
134056083 133791812
133781891 133015873
430554 1541681
127443 458799
67807 254083
134172301 54323
35503 331103
64114 192167
67788 169747
136711 249682
133834904 176214
45958 99330
60719 114893
153954 273166
130362 93257
134205206 15380
10620 28881
134201628 134154203
68821 205188
16338 134140370
31591 134183816
5217 133978894
102411 21122
134151202 236849
15061 127050
36769 228626
48296 54985
134101759 102668
14602 105504
2911 369861
60093 26214
502726 386473
134208374 9612
39908 134137595
6848 95364
22616 182772
2340 10586
120840 133970685
134130818 216895
133927142 470181
367577 133867051
91634 28456
134281 134174628
138972 134209056
134155151 41380
133956057 400299
106818 134195202
101304 9800
134110741 134059318
164738 134139615
65954 31216
77899 41488
107351 196795
689781 133807145
11597 64187
24734 69714
134183352 145431
791 46662
104908 25350
115603 39434
212683 49710
132564874 498369
33722 43888
43974 58623
62513 79310
71204 134169624
15854 54629
20087 75285
10187 112409
16384 134201344
16083 134201346
15781 134201355
15480 134201369
15179 134201388
14878 134201412
14578 134201443
14279 134201479
13980 134201521
13683 134201567
13385 134201620
13089 134201677
12795 134201742
12501 134201808
12208 134201884
11917 134201964
11628 134202049
11340 134202138
11054 134202235
10770 134202335
10487 134202440
10206 134202551
9928 134202668
9653 134202789
9379 134202915
9108 134203046
8839 134203183
8571 134203324
8309 134203471
8047 134203620
7788 134203778
7533 134203938
7282 134204105
7032 134204273
6786 134204449
6544 134204628
6304 134204810
6067 134204997
5835 134205190
5606 134205386
5381 134205587
5160 134205790
4941 134206000
4727 134206212
4518 134206429
4311 134206648
4109 134206874
3911 134207101
3719 134207334
3530 134207567
3345 134207806
3165 134208047
2989 134208292
2816 134208541
2650 134208792
2488 134209046
2330 134209304
2178 134209562
2030 134209827
1886 134210092
1750 134210360
1614 134210629
1487 134210904
1365 134211180
1248 134211458
1134 134211736
1027 134212019
925 134212302
826 134212587
734 134212875
647 134213163
566 134213453
491 134213745
420 134214038
355 134214333
294 134214629
241 134214925
190 134215222
148 134215522
111 134215821
78 134216120
50 134216421
31 134216722
14 134217023
3 134217325
134217726 134217626
0 200
7 500
18 802
35 1103
59 1403
87 1705
122 2003
159 2303
206 2602
256 2899
315 3195
375 3490
442 3785
516 4076
592 4368
674 4658
763 4946
857 5233
957 5518
1059 5800
1169 6082
1283 6361
1404 6637
1527 6912
1659 7186
1792 7456
1935 7722
2077 7986
2228 8248
2381 8507
2540 8763
2704 9019
2873 9268
3045 9515
3223 9760
3403 9998
3591 10237
3781 10471
3976 10699
4173 10928
4379 11150
4587 11369
4799 11585
5013 11795
5233 12003
5456 12206
5682 12406
5911 12601
6146 12792
6383 12977
6623 13159
6866 13336
7114 13510
7364 13678
7618 13840
7872 14002
8133 14155
8396 14304
8661 14449
8927 14589
9197 14723
9469 14853
9743 14979
10021 15099
10300 15214
10580 15322
10863 15427
11147 15525
11435 15619
11723 15709
12012 15790
12304 15870
12598 15942
12891 16009
13188 16068
13482 16126
13781 16175
14078 16220
14377 16261
14677 16297
14978 16324
15278 16348
15580 16364
15879 16377
16183 16383
16483 16385
16785 16379
17086 16370
17389 16353
17689 16333
17990 16304
18289 16273
18588 16234
18886 16192
19183 16143
19482 16090
19777 16029
20070 15964
20365 15893
20655 15819
20947 15735
21236 15650
21522 15556
21808 15462
22092 15358
22374 15250
22654 15136
22932 15018
23207 14895
23480 14767
23751 14634
24019 14496
24285 14353
24547 14206
24807 14053
25064 13896
25319 13733
25571 13568
25817 13395
26064 13222
26306 13038
26543 12853
26778 12664
27011 12472
27238 12273
27461 12072
27683 11867
27900 11656
28112 11442
28320 11225
28524 11004
28725 10779
28921 10549
29115 10317
29301 10080
29485 9843
29664 9598
29839 9352
30007 9101
30174 8851
30333 8594
30488 8336
30640 8076
30788 7812
30928 7545
31065 7277
31196 7005
31322 6733
31444 6455
31561 6177
31671 5896
31778 5615
31878 5329
31974 5044
32062 4755
32148 4467
32228 4176
32301 3885
32371 3590
32435 3294
32492 2999
32545 2703
32592 2403
32634 2107
32669 1805
32701 1505
32723 1206
32746 905
32758 603
32765 301
32768 0
32766 134217427
32757 134217125
32743 134216824
32724 134216523
32700 134216222
32669 134215922
32633 134215623
32591 134215324
32545 134215027
32492 134214729
32435 134214433
32370 134214139
32304 134213845
32228 134213552
32148 134213261
32063 134212972
31974 134212684
31877 134212398
31777 134212114
31672 134211831
31561 134211550
31444 134211272
31323 134210997
31197 134210723
31066 134210452
30929 134210183
30788 134209915
30641 134209653
30492 134209391
30334 134209132
30174 134208877
30007 134208626
29839 134208376
29663 134208130
29484 134207888
29302 134207648
29115 134207411
28922 134207179
28726 134206950
28525 134206725
28322 134206504
28112 134206285
27900 134206071
27683 134205862
27464 134205655
27238 134205453
27011 134205255
26778 134205063
26545 134204874
26306 134204689
26065 134204509
25820 134204333
25571 134204160
25320 134203994
25066 134203832
24808 134203674
24550 134203522
24285 134203374
24020 134203230
23752 134203094
23483 134202958
23208 134202831
22932 134202709
22654 134202592
22376 134202478
22093 134202371
21810 134202269
21525 134202170
21237 134202078
20949 134201991
20659 134201910
20367 134201835
20074 134201764
19779 134201699
19483 134201638
19187 134201585
18890 134201534
18590 134201492
18291 134201455
17992 134201422
17691 134201394
17390 134201375
17089 134201358
16787 134201347
16486 134201342
16184 134201344
15884 134201351
15582 134201362
15281 134201379
14981 134201403
14679 134201431
14381 134201466
14081 134201503
13782 134201550
13485 134201600
13189 134201659
12894 134201719
12599 134201786
12308 134201860
12016 134201936
11726 134202018
11438 134202107
11151 134202201
10866 134202301
10584 134202403
10302 134202513
10023 134202627
9747 134202748
9472 134202871
9198 134203003
8928 134203136
8662 134203279
8398 134203421
8136 134203572
7877 134203725
7621 134203884
7365 134204048
7116 134204217
6869 134204389
6624 134204567
6386 134204747
6147 134204935
5913 134205125
5685 134205320
5456 134205517
5234 134205723
5015 134205931
4799 134206143
4589 134206357
4381 134206577
4178 134206800
3978 134207026
3783 134207255
3592 134207490
3407 134207727
3225 134207967
3048 134208210
2874 134208458
2706 134208708
2544 134208962
2382 134209216
2229 134209477
2080 134209740
1935 134210005
1795 134210271
1661 134210541
1531 134210813
1405 134211087
1285 134211365
1170 134211644
1062 134211924
957 134212207
859 134212491
765 134212779
675 134213067
594 134213356
514 134213648
442 134213942
375 134214235
316 134214532
258 134214826
209 134215125
164 134215422
123 134215721
87 134216021
60 134216322
36 134216622
20 134216924
7 134217223
1 134217527
134217727 99
5 401
14 702
31 1005
51 1305
80 1606
111 1905
150 2204
192 2502
241 2799
294 3098
355 3393
420 3686
491 3981
565 4271
649 4563
734 4852
828 5138
922 5424
1026 5708
1134 5990
1248 6270
1366 6548
1489 6823
1617 7096
1750 7367
1888 7635
2031 7901
2178 8163
2331 8423
2488 8680
2651 8935
2816 9187
2989 9433
3162 9680
3346 9922
3531 10159
3720 10394
3912 10627
4111 10854
4312 11077
4517 11299
4728 11516
4942 11728
5159 11936
5380 12140
5605 12341
5835 12537
6067 12731
6304 12917
6541 13101
6786 13280
7032 13455
7283 13623
7533 13790
7790 13949
8048 14104
8308 14256
8572 14404
8839 14544
9107 14681
9379 14812
9651 14938
9929 15060
10207 15177
10488 15287
10769 15394
11055 15494
11340 15590
11629 15678
11917 15764
12208 15844
12499 15917
12794 15987
13090 16051
13385 16108
13681 16161
13981 16208
14277 16250
14579 16285
14879 16317
15178 16339
15479 16362
15781 16374
16083 16381
16384 16384
16685 16382
16987 16373
17288 16359
17589 16340
17890 16316
18190 16285
18489 16249
18788 16207
19085 16161
19383 16108
19679 16051
19973 15986
20267 15920
20560 15844
20851 15764
21140 15679
21428 15590
21714 15493
21998 15393
22281 15288
22562 15177
22840 15060
23115 14939
23389 14813
23660 14682
23929 14545
24197 14404
24459 14257
24721 14108
24980 13950
25235 13790
25486 13623
25736 13455
25982 13279
26224 13100
26464 12918
26701 12731
26933 12538
27162 12342
27387 12141
27608 11938
27827 11728
28041 11516
28250 11299
28457 11080
28659 10854
28857 10627
29049 10394
29238 10161
29423 9922
29603 9681
29779 9436
29952 9187
30118 8936
30280 8682
30438 8424
30590 8166
30738 7901
30882 7636
31018 7368
31154 7099
31281 6824
31403 6548
31520 6270
31634 5992
31741 5709
31843 5426
31942 5141
32034 4853
32121 4565
32202 4275
32277 3983
32348 3690
32413 3395
32474 3099
32527 2803
32578 2506
32620 2206
32657 1907
32690 1608
32718 1307
32737 1006
32754 705
32765 403
32770 102
32768 134217528
32761 134217228
32750 134216926
32733 134216625
32709 134216325
32681 134216023
32646 134215725
32609 134215425
32562 134215126
32512 134214829
32453 134214533
32393 134214238
32326 134213943
32252 134213652
32176 134213360
32094 134213070
32005 134212782
31911 134212495
31811 134212210
31709 134211928
31599 134211646
31485 134211367
31364 134211091
31241 134210816
31109 134210542
30976 134210272
30833 134210006
30691 134209742
30540 134209480
30387 134209221
30228 134208965
30064 134208709
29895 134208460
29723 134208213
29545 134207968
29365 134207730
29177 134207491
28987 134207257
28792 134207029
28595 134206800
28389 134206578
28181 134206359
27969 134206143
27755 134205933
27535 134205725
27312 134205522
27086 134205322
26857 134205127
26622 134204936
26385 134204751
26145 134204569
25902 134204392
25654 134204218
25404 134204050
25150 134203888
24896 134203726
24635 134203573
24372 134203424
24107 134203279
23841 134203139
23571 134203005
23299 134202875
23025 134202749
22747 134202629
22468 134202514
22188 134202406
21905 134202301
21621 134202203
21333 134202109
21045 134202019
20756 134201938
20464 134201858
20170 134201786
19877 134201719
19580 134201660
19286 134201602
18987 134201553
18690 134201508
18391 134201467
18091 134201431
17790 134201404
17490 134201380
17188 134201364
16889 134201351
16585 134201345
16285 134201343
15983 134201349
15682 134201358
15379 134201375
15079 134201395
14778 134201424
14479 134201455
14180 134201494
13882 134201536
13585 134201585
13286 134201638
12991 134201699
12698 134201764
12403 134201835
12113 134201909
11821 134201993
11532 134202078
11246 134202172
10960 134202266
10676 134202370
10394 134202478
10114 134202592
9836 134202710
9561 134202833
9288 134202961
9017 134203094
8749 134203232
8483 134203375
8221 134203522
7961 134203675
7704 134203832
7449 134203995
7197 134204160
6951 134204333
6704 134204506
6462 134204690
6225 134204875
5990 134205064
5757 134205256
5530 134205455
5307 134205656
5085 134205861
4868 134206072
4656 134206286
4448 134206503
4244 134206724
4043 134206949
3847 134207179
3653 134207411
3467 134207648
3283 134207885
3104 134208130
2929 134208376
2761 134208627
2594 134208877
2435 134209134
2280 134209392
2128 134209652
1980 134209916
1840 134210183
1703 134210451
1572 134210723
1446 134210995
1324 134211273
1207 134211551
1097 134211832
990 134212113
890 134212399
794 134212684
706 134212973
620 134213261
540 134213552
467 134213843
397 134214138
333 134214434
276 134214729
223 134215025
176 134215325
134 134215621
99 134215923
67 134216223
45 134216522
22 134216823
10 134217125
3 134217427
0 0
2 301
11 603
25 904
44 1205
68 1506
99 1806
135 2105
177 2404
223 2701
276 2999
333 3295
398 3589
464 3883
540 4176
620 4467
705 4756
794 5044
891 5330
991 5614
1096 5897
1207 6178
1324 6456
1445 6731
1571 7005
1702 7276
1839 7545
1980 7813
2127 8075
2276 8337
2434 8596
2594 8851
2761 9102
2929 9352
3105 9598
3284 9840
3466 10080
3653 10317
3846 10549
4042 10778
4243 11003
4446 11224
4656 11443
4868 11657
5085 11866
5304 12073
5530 12275
5757 12473
5990 12665
6223 12854
6462 13039
6703 13219
6948 13395
7197 13568
7448 13734
7702 13896
7960 14054
8218 14206
8483 14354
8748 14498
9016 14634
9285 14770
9560 14897
9836 15019
10114 15136
10392 15250
10675 15357
10958 15459
11243 15558
11531 15650
11819 15737
12109 15818
12401 15893
12694 15964
12989 16029
13285 16090
13581 16143
13878 16194
14178 16236
14477 16273
14776 16306
15077 16334
15378 16353
15679 16370
15981 16381
16282 16386
16584 16384
16884 16377
17186 16366
17487 16349
17787 16325
18089 16297
18387 16262
18687 16225
18986 16178
19283 16128
19579 16069
19874 16009
20169 15942
20460 15868
20752 15792
21042 15710
21330 15621
21617 15527
21902 15427
22184 15325
22466 15215
22745 15101
23021 14980
23296 14857
23570 14725
23840 14592
24106 14449
24370 14307
24632 14156
24891 14003
25147 13844
25403 13680
25652 13511
25899 13339
26144 13161
26382 12981
26621 12793
26855 12603
27083 12408
27312 12211
27534 12005
27753 11797
27969 11585
28179 11371
28387 11151
28590 10928
28790 10702
28985 10473
29176 10238
29361 10001
29543 9761
29720 9518
29894 9270
30062 9020
30224 8766
30386 8512
30539 8251
30688 7988
30833 7723
30973 7457
31107 7187
31237 6915
31363 6641
31483 6363
31598 6084
31706 5804
31811 5521
31909 5237
32003 4949
32093 4661
32174 4372
32254 4080
32326 3786
32393 3493
32452 3196
32510 2902
32559 2603
32604 2306
32645 2007
32681 1707
32708 1406
32732 1106
32748 804
32761 505
32767 201
32769 134217629
32763 134217327
32754 134217026
32737 134216723
32717 134216423
32688 134216122
32657 134215823
32618 134215524
32576 134215226
32527 134214929
32474 134214630
32413 134214335
32348 134214042
32277 134213747
32203 134213457
32119 134213165
32034 134212876
31940 134212590
31846 134212304
31742 134212020
31634 134211738
31520 134211458
31402 134211180
31279 134210905
31151 134210632
31018 134210361
30880 134210093
30737 134209827
30590 134209565
30437 134209305
30280 134209048
30117 134208793
29952 134208541
29779 134208295
29606 134208048
29422 134207806
29237 134207569
29048 134207334
28856 134207101
28657 134206874
28456 134206651
28251 134206429
28040 134206212
27826 134206000
27609 134205792
27388 134205588
27163 134205387
26933 134205191
26701 134204997
26464 134204811
26227 134204627
25982 134204448
25736 134204273
25485 134204105
25235 134203938
24978 134203779
24720 134203624
24460 134203472
24196 134203324
23929 134203184
23661 134203047
23389 134202916
23117 134202790
22839 134202668
22561 134202551
22280 134202441
21999 134202334
21713 134202234
21428 134202138
21139 134202050
20851 134201964
20560 134201884
20269 134201811
19974 134201741
19678 134201677
19383 134201620
19087 134201567
18787 134201520
18491 134201478
18189 134201443
17889 134201411
17590 134201389
17289 134201366
16987 134201354
16685 134201347
12641280 124104704
0 0
0 0
0 0
0 0
0 0
0 0
0 0
0 0
0 0
0 0
0 0
0 0
0 0
0 0
0 0
0 0
0 0
0 0
0 0
0 0
0 0
0 0
0 0
0 0
0 0
0 0
0 0
0 0
0 0
0 0
0 0
0 0
0 0
0 0
0 0
0 0
0 0
0 0
0 0
0 0
0 0
0 0
0 0
0 0
0 0
0 0
0 0
0 0
0 0
0 0
0 0
0 0
0 0
0 0
0 0
0 0
0 0
0 0
0 0
0 0
0 0
0 0
0 0
0 0
0 0
0 0
0 0
0 0
0 0
0 0
0 0
0 0
0 0
0 0
0 0
0 0
0 0
0 0
0 0
0 0
0 0
0 0
0 0
0 0
0 0
0 0
0 0
0 0
0 0
0 0
0 0
0 0
0 0
0 0
0 0
0 0
0 0
0 0
0 0
0 0
0 0
0 0
0 0
0 0
0 0
0 0
0 0
0 0
0 0
0 0
0 0
0 0
0 0
0 0
0 0
0 0
0 0
0 0
0 0
0 0
0 0
0 0
0 0
0 0
0 0
0 0
0 0
0 0
0 0
0 0
0 0
0 0
0 0
0 0
0 0
0 0
0 0
0 0
0 0
0 0
0 0
0 0
0 0
0 0
0 0
0 0
0 0
0 0
0 0
0 0
0 0
0 0
0 0
0 0
0 0
0 0
0 0
0 0
0 0
0 0
0 0
0 0
0 0
0 0
0 0
0 0
0 0
0 0
0 0
0 0
0 0
0 0
0 0
0 0
0 0
0 0
0 0
0 0
0 0
0 0
0 0
0 0
0 0
0 0
0 0
0 0
0 0
0 0
0 0
0 0
0 0
0 0
0 0
0 0
0 0
0 0
0 0
0 0
0 0
0 0
0 0
0 0
0 0
0 0
0 0
0 0
0 0
0 0
0 0
0 0
0 0
0 0
0 0
0 0
0 0
0 0
0 0
0 0
0 0
0 0
0 0
0 0
0 0
0 0
0 0
0 0
0 0
0 0
0 0
0 0
0 0
0 0
0 0
0 0
0 0
0 0
0 0
0 0
0 0
0 0
0 0
0 0
0 0
0 0
0 0
0 0
0 0
0 0
0 0
0 0
0 0
0 0
0 0
0 0
0 0
0 0
0 0
0 0
0 0
0 0
0 0
0 0
0 0
0 0
0 0
0 0
0 0
0 0
0 0
0 0
0 0
0 0
0 0
0 0
0 0
0 0
0 0
0 0
0 0
0 0
0 0
0 0
0 0
0 0
0 0
0 0
0 0
0 0
0 0
0 0
0 0
0 0
0 0
0 0
0 0
0 0
0 0
0 0
0 0
0 0
0 0
0 0
0 0
0 0
0 0
0 0
0 0
0 0
0 0
0 0
0 0
0 0
0 0
0 0
0 0
0 0
0 0
0 0
0 0
0 0
0 0
0 0
0 0
0 0
0 0
0 0
0 0
0 0
0 0
0 0
0 0
0 0
0 0
0 0
0 0
0 0
0 0
0 0
0 0
0 0
0 0
0 0
0 0
0 0
0 0
0 0
0 0
0 0
0 0
0 0
0 0
0 0
0 0
0 0
0 0
0 0
0 0
0 0
0 0
0 0
0 0
0 0
0 0
0 0
0 0
0 0
0 0
0 0
0 0
0 0
0 0
0 0
0 0
0 0
0 0
0 0
0 0
0 0
0 0
0 0
0 0
0 0
0 0
0 0
0 0
0 0
0 0
0 0
0 0
0 0
0 0
0 0
0 0
0 0
0 0
0 0
0 0
0 0
0 0
0 0
0 0
0 0
0 0
0 0
0 0
0 0
0 0
0 0
0 0
0 0
0 0
0 0
0 0
0 0
0 0
0 0
0 0
0 0
0 0
0 0
0 0
0 0
0 0
0 0
0 0
0 0
0 0
0 0
0 0
0 0
0 0
0 0
0 0
0 0
0 0
0 0
0 0
0 0
0 0
0 0
0 0
0 0
0 0
0 0
0 0
0 0
0 0
0 0
0 0
0 0
0 0
0 0
0 0
0 0
0 0
0 0
0 0
0 0
0 0
0 0
0 0
0 0
0 0
0 0
0 0
0 0
0 0
0 0
0 0
0 0
0 0
0 0
0 0
0 0
0 0
0 0
0 0
0 0
0 0
0 0
0 0
0 0
0 0
0 0
0 0
0 0
0 0
0 0
0 0
0 0
0 0
0 0
0 0
0 0
0 0
0 0
0 0
0 0
0 0
0 0
0 0
0 0
0 0
0 0
0 0
0 0
0 0
0 0
0 0
0 0
0 0
0 0
0 0
0 0
0 0
0 0
0 0
0 0
0 0
0 0
0 0
0 0
0 0
0 0
0 0
0 0
0 0
0 0
0 0
0 0
0 0
0 0
0 0
0 0
0 0
0 0
0 0
0 0
0 0
0 0
0 0
0 0
0 0
0 0
0 0
0 0
0 0
0 0
0 0
0 0
0 0
0 0
0 0
0 0
0 0
0 0
0 0
0 0
0 0
0 0
0 0
0 0
0 0
0 0
0 0
0 0
0 0
0 0
0 0
0 0
0 0
0 0
0 0
0 0
0 0
0 0
0 0
0 0
0 0
0 0
0 0
0 0
0 0
0 0
0 0
0 0
0 0
0 0
0 0
0 0
0 0
0 0
0 0
0 0
0 0
0 0
0 0
0 0
0 0
0 0
0 0
0 0
0 0
0 0
0 0
0 0
0 0
0 0
0 0
0 0
0 0
0 0
0 0
0 0
0 0
0 0
0 0
0 0
0 0
0 0
0 0
0 0
0 0
0 0
0 0
0 0
0 0
0 0
0 0
0 0
0 0
0 0
0 0
0 0
0 0
0 0
0 0
0 0
0 0
0 0
0 0
0 0
0 0
0 0
0 0
0 0
0 0
0 0
0 0
0 0
0 0
0 0
0 0
0 0
0 0
0 0
0 0
0 0
0 0
0 0
0 0
0 0
0 0
0 0
0 0
0 0
0 0
0 0
0 0
0 0
0 0
0 0
0 0
0 0
0 0
0 0
0 0
0 0
0 0
0 0
0 0
0 0
0 0
0 0
0 0
0 0
0 0
0 0
0 0
0 0
0 0
0 0
0 0
0 0
0 0
0 0
0 0
0 0
0 0
0 0
0 0
0 0
0 0
0 0
0 0
0 0
0 0
0 0
0 0
0 0
0 0
0 0
0 0
0 0
0 0
0 0
0 0
0 0
0 0
0 0
0 0
0 0
0 0
0 0
0 0
0 0
0 0
0 0
0 0
0 0
0 0
0 0
0 0
0 0
0 0
0 0
0 0
0 0
0 0
0 0
0 0
0 0
0 0
0 0
0 0
0 0
0 0
0 0
0 0
0 0
0 0
0 0
0 0
0 0
0 0
0 0
0 0
0 0
0 0
0 0
0 0
0 0
0 0
0 0
0 0
0 0
0 0
0 0
0 0
0 0
0 0
0 0
0 0
0 0
0 0
0 0
0 0
0 0
0 0
0 0
0 0
0 0
0 0
0 0
0 0
0 0
0 0
0 0
0 0
0 0
0 0
0 0
0 0
0 0
0 0
0 0
0 0
0 0
0 0
0 0
0 0
0 0
0 0
0 0
0 0
0 0
0 0
0 0
0 0
0 0
0 0
0 0
0 0
0 0
0 0
0 0
0 0
0 0
0 0
0 0
0 0
0 0
0 0
0 0
0 0
0 0
0 0
0 0
0 0
0 0
0 0
0 0
0 0
0 0
0 0
0 0
0 0
0 0
0 0
0 0
0 0
0 0
0 0
0 0
0 0
0 0
0 0
0 0
0 0
0 0
0 0
0 0
0 0
0 0
0 0
0 0
0 0
0 0
0 0
0 0
0 0
0 0
0 0
0 0
0 0
0 0
0 0
0 0
0 0
0 0
0 0
0 0
0 0
0 0
0 0
0 0
0 0
0 0
0 0
0 0
0 0
0 0
0 0
0 0
0 0
0 0
0 0
0 0
0 0
0 0
0 0
0 0
0 0
0 0
0 0
0 0
0 0
0 0
0 0
0 0
0 0
0 0
0 0
0 0
0 0
0 0
0 0
0 0
0 0
0 0
0 0
0 0
0 0
0 0
0 0
0 0
0 0
0 0
0 0
0 0
0 0
0 0
0 0
0 0
0 0
0 0
0 0
0 0
0 0
0 0
0 0
0 0
0 0
0 0
0 0
0 0
0 0
0 0
0 0
0 0
0 0
0 0
0 0
0 0
0 0
0 0
0 0
0 0
0 0
0 0
0 0
0 0
0 0
0 0
0 0
0 0
0 0
0 0
0 0
0 0
0 0
0 0
0 0
0 0
0 0
0 0
0 0
0 0
0 0
0 0
0 0
0 0
0 0
0 0
0 0
0 0
0 0
0 0
0 0
0 0
0 0
0 0
0 0
0 0
0 0
0 0
0 0
0 0
0 0
0 0
0 0
0 0
0 0
0 0
0 0
0 0
0 0
0 0
0 0
0 0
0 0
0 0
0 0
0 0
0 0
0 0
0 0
0 0
0 0
0 0
0 0
0 0
0 0
0 0
0 0
0 0
0 0
0 0
0 0
0 0
0 0
0 0
0 0
134217216 134217216
112856376 134152192
123405672 10680160
134152192 7120272
0 0
129945791 134152129
130525624 3558554
134152192 3051100
0 0
131844834 134152130
131949166 2133396
134152192 1941148
0 0
132575421 134152129
132558974 1521968
134152192 1423002
0 0
132962317 134152177
132897486 1181910
134152192 1122992
0 0
133201930 134152178
133112720 965064
134152192 927186
0 0
133364951 134152177
133261580 814598
134152192 789336
0 0
133483074 134152178
133370574 703978
134152192 686964
0 0
133572606 134152178
133453798 619116
134152192 607972
0 0
133642891 134152179
133519384 551918
134152192 545094
0 0
133699476 134152180
133572382 497268
134152192 493896
0 0
133746033 134152179
133616048 451964
134152192 451318
0 0
133785063 134152177
133652668 413708
134152192 415400
0 0
133818246 134152178
133683768 380962
134152192 384674
0 0
133846811 134152177
133710470 352598
134152192 358068
0 0
133871656 134152178
133733694 327724
134152192 334796
0 0
133893443 134152189
133753966 305766
134152192 314320
0 0
133912798 134152190
133771900 286166
134152192 296090
0 0
133930005 134152191
133787834 268542
134152192 279776
0 0
133945482 134152190
133802052 252608
134152192 265064
0 0
133959470 134152190
133814828 238138
134152192 251766
0 0
133972149 134152191
133826358 224880
134152192 239670
0 0
133983704 134152190
133836788 212714
134152192 228616
0 0
133994305 134152191
133846316 201458
134152192 218412
0 0
134004051 134152189
133854954 191054
134152192 209090
0 0
134013044 134152190
133862896 181332
134152192 200420
0 0
134021359 134152191
133870196 172268
134152192 192438
0 0
134029090 134152190
133876890 163776
134152192 184950
0 0
134036312 134152190
133883060 155780
134152192 177990
0 0
134043053 134152191
133888772 148240
134152192 171468
0 0
134049346 134152190
133894070 141096
134152192 165346
0 0
134055279 134152191
133898956 134334
134152192 159632
0 0
134060868 134152190
133903526 127902
134152192 154166
0 0
134066127 134152191
133907752 121766
134152192 149078
0 0
134071092 134152192
133911686 115894
134152192 144230
0 0
134075797 134152191
133915342 110294
134152192 139680
0 0
134080253 134152191
133918774 104904
134152192 135318
0 0
134084496 134152192
133921958 99710
134152192 131202
0 0
134088505 134152191
133924936 94758
134152192 127290
0 0
134092330 134152192
133927692 89938
134152192 123528
0 0
134096026 134152192
133930282 85264
134152192 119950
0 0
134099521 134152193
133932694 80770
134152192 116522
0 0
134102864 134152194
133934950 76378
134152192 113250
0 0
134106067 134152193
133937052 72120
134152192 110110
0 0
134109147 134152191
133938990 68008
134152192 107090
0 0
134112090 134152192
133940818 63970
134152192 104202
0 0
134114927 134152191
133942478 60042
134152192 101430
0 0
134117654 134152192
133944034 56200
134152192 98756
0 0
134120295 134152189
133945506 52414
134152192 96158
0 0
134122834 134152190
133946840 48722
134152192 93674
0 0
134125281 134152191
133948032 45076
134152192 91258
0 0
134127654 134152190
133949174 41506
134152192 88932
0 0
134129914 134152190
133950192 38022
134152192 86682
0 0
134132157 134152191
133951122 34542
134152192 84496
0 0
134134292 134152190
133951950 31138
134152192 82394
0 0
134136381 134152191
133952712 27752
134152192 80338
0 0
134138371 134152189
133953328 24390
134152192 78376
0 0
134140322 134152190
133953892 21084
134152192 76454
0 0
134142211 134152191
133954390 17800
134152192 74574
0 0
134144066 134152190
133954782 14532
134152192 72782
0 0
134145864 134152190
133955118 11308
134152192 70988
0 0
134147619 134152191
133955364 8068
134152192 69246
0 0
134149316 134152190
133955514 4832
134152192 67572
0 0
134151005 134152191
133955646 1616
134152192 65886
100663296 0
134152608 134152192
133955568 134216128
134152192 64336
0 0
134154185 134152193
133955482 134212902
134152192 62784
0 0
134155718 134152194
133955338 134209684
134152192 61242
0 0
134157221 134152193
133955114 134206440
134152192 59748
0 0
134158685 134152193
133954774 134203198
134152192 58310
0 0
134160150 134152194
133954364 134199936
134152192 56890
0 0
134161557 134152193
133953906 134196638
134152192 55492
0 0
134162920 134152194
133953342 134193354
134152192 54146
0 0
134164280 134152194
133952678 134189992
134152192 52790
0 0
134165605 134152195
133951934 134186618
134152192 51480
0 0
134166906 134152196
133951122 134183176
134152192 50170
0 0
134168159 134152195
133950200 134179744
134152192 48954
0 0
134169441 134152193
133949170 134176184
134152192 47672
0 0
134170656 134152194
133948058 134172622
134152192 46440
0 0
134171905 134152193
133946836 134168998
134152192 45230
0 0
134173068 134152194
133945520 134165312
134152192 44044
0 0
134174231 134152193
133944074 134161528
134152192 42916
0 0
134175396 134152194
133942524 134157688
134152192 41778
0 0
134176511 134152195
133940796 134153752
134152192 40672
0 0
134177640 134152194
133939014 134149694
134152192 39524
0 0
134178730 134152194
133937026 134145592
134152192 38464
0 0
134179793 134152195
133934938 134141322
134152192 37382
0 0
134180876 134152194
133932716 134136976
134152192 36328
0 0
134181921 134152195
133930298 134132480
134152192 35288
0 0
134182943 134152193
133927714 134127796
134152192 34252
0 0
134183994 134152194
133924938 134122994
134152192 33226
0 0
134184981 134152195
133921950 134118014
134152192 32240
0 0
134185996 134152194
133918792 134112826
134152192 31228
0 0
134186980 134152194
133915344 134107434
134152192 30268
0 0
134187969 134152195
133911688 134101818
134152192 29290
0 0
134188906 134152194
133907748 134095966
134152192 28340
0 0
134189885 134152195
133903524 134089824
134152192 27362
0 0
134190830 134152192
133898968 134083392
134152192 26454
0 0
134191737 134152193
133894078 134076640
134152192 25506
0 0
134192662 134152194
133888780 134069496
134152192 24594
0 0
134193595 134152193
133883080 134061944
134152192 23688
0 0
134194511 134152193
133876888 134053954
134152192 22762
0 0
134195414 134152194
133870196 134045464
134152192 21866
0 0
134196315 134152193
133862902 134036388
134152192 20982
0 0
134197208 134152194
133855010 134026672
134152192 20040
0 0
134198060 134152194
133846296 134016274
134152192 19234
0 0
134198943 134152195
133836804 134005036
134152192 18350
0 0
134199806 134152196
133826348 133992824
134152192 17478
0 0
134200661 134152195
133814814 133979586
134152192 16638
0 0
134201521 134152193
133802056 133965098
134152192 15778
0 0
134202356 134152194
133787824 133949180
134152192 14938
0 0
134203241 134152193
133771908 133931584
134152192 14098
0 0
134204072 134152194
133754016 133911978
134152192 13220
0 0
134204917 134152193
133733656 133889984
134152192 12410
0 0
134205746 134152194
133710462 133865108
134152192 11570
0 0
134206571 134152195
133683740 133836746
134152192 10770
0 0
134207398 134152194
133652642 133804004
134152192 9926
0 0
134208206 134152194
133616048 133765756
134152192 9104
0 0
134209029 134152195
133572370 133720444
134152192 8294
0 0
134209850 134152194
133519394 133665816
134152192 7466
0 0
134210667 134152195
133453792 133598578
134152192 6652
0 0
134211471 134152193
133370564 133513748
134152192 5836
0 0
134212262 134152194
133261550 133403130
134152192 5066
0 0
134213089 134152195
133112720 133252674
134152192 4224
0 0
134213892 134152194
132897472 133035854
134152192 3442
0 0
134214702 134152194
132558952 132695650
134152192 2608
0 0
134215511 134152195
131949146 132084262
134152192 1810
0 0
134216328 134152194
130525644 130659094
134152192 1012
0 0
134217141 134152195
123405726 123537558
134152192 166
100663808 33553920
208 134152192
10549912 10680160
134152192 134217120
0 0
991 134152193
3429960 3558618
134152192 134216316
0 0
1806 134152194
2006418 2133460
134152192 134215508
0 0
2629 134152193
1396610 1522032
134152192 134214718
0 0
3425 134152193
1058098 1181926
134152192 134213900
0 0
4238 134152194
842864 965080
134152192 134213118
0 0
5047 134152193
694004 814614
134152192 134212300
0 0
5850 134152194
585010 703994
134152192 134211492
0 0
6662 134152194
501786 619132
134152192 134210684
0 0
7463 134152195
436200 551934
134152192 134209854
0 0
8288 134152196
383202 497284
134152192 134209044
0 0
9121 134152195
339536 451980
134152192 134208210
0 0
9911 134152193
302916 413724
134152192 134207388
0 0
10742 134152194
271816 380978
134152192 134206566
0 0
11551 134152193
245114 352614
134152192 134205752
0 0
12428 134152194
221890 327740
134152192 134204892
0 0
13251 134152193
201618 305770
134152192 134204052
0 0
14078 134152194
183684 286170
134152192 134203242
0 0
14941 134152195
167750 268546
134152192 134202384
0 0
15782 134152194
153532 252612
134152192 134201528
0 0
16622 134152194
140756 238142
134152192 134200650
0 0
17513 134152195
129226 224884
134152192 134199806
0 0
18356 134152194
118796 212718
134152192 134198924
0 0
19221 134152195
109268 201462
134152192 134198076
0 0
20103 134152193
100630 191058
134152192 134197198
0 0
20984 134152194
92688 181336
134152192 134196288
0 0
21875 134152195
85388 172272
134152192 134195406
0 0
22758 134152194
78694 163780
134152192 134194506
0 0
23672 134152194
72524 155784
134152192 134193598
0 0
24589 134152195
66812 148244
134152192 134192696
0 0
25510 134152194
61514 141100
134152192 134191778
0 0
26443 134152195
56628 134338
134152192 134190796
0 0
27372 134152194
52058 127906
134152192 134189882
0 0
28331 134152195
47832 121770
134152192 134188914
0 0
29276 134152196
43898 115898
134152192 134187978
0 0
30253 134152195
40242 110298
134152192 134186968
0 0
31237 134152195
36810 104908
134152192 134186006
0 0
32256 134152196
33626 99714
134152192 134184986
0 0
33257 134152195
30648 94762
134152192 134183994
0 0
34262 134152196
27892 89942
134152192 134182956
0 0
35318 134152196
25302 85268
134152192 134181910
0 0
36333 134152197
22890 80774
134152192 134180866
0 0
37372 134152198
20634 76382
134152192 134179798
0 0
38455 134152197
18532 72124
134152192 134178718
0 0
39567 134152195
16594 68012
134152192 134177654
0 0
40658 134152196
14766 63974
134152192 134176514
0 0
41783 134152195
13106 60046
134152192 134175374
0 0
42914 134152196
11550 56204
134152192 134174240
0 0
44079 134152193
10078 52418
134152192 134173074
0 0
45258 134152194
8744 48726
134152192 134171890
0 0
46449 134152195
7552 45080
134152192 134170666
0 0
47674 134152194
6410 41510
134152192 134169448
0 0
48906 134152194
5392 38026
134152192 134168194
0 0
50169 134152195
4462 34546
134152192 134166940
0 0
51472 134152194
3634 31142
134152192 134165606
0 0
52753 134152195
2872 27756
134152192 134164294
0 0
54107 134152193
2256 24394
134152192 134162932
0 0
55494 134152194
1692 21088
134152192 134161542
0 0
56883 134152195
1194 17804
134152192 134160158
0 0
58302 134152194
802 14536
134152192 134158710
0 0
59756 134152194
466 11312
134152192 134157244
0 0
61235 134152195
220 8072
134152192 134155730
0 0
62780 134152194
70 4836
134152192 134154200
0 0
64337 134152195
134217666 1620
134152192 134152686
0 0
65944 134152192
16 134216128
134152192 134150944
0 0
67573 134152193
102 134212902
134152192 134149320
0 0
69258 134152194
246 134209684
134152192 134147630
0 0
70981 134152193
470 134206440
134152192 134145876
0 0
72769 134152193
810 134203198
134152192 134144062
0 0
74570 134152194
1220 134199936
134152192 134142214
0 0
76441 134152193
1678 134196638
134152192 134140328
0 0
78372 134152194
2242 134193354
134152192 134138398
0 0
80372 134152194
2906 134189992
134152192 134136346
0 0
82413 134152195
3650 134186618
134152192 134134292
0 0
84506 134152196
4462 134183176
134152192 134132122
0 0
86691 134152195
5384 134179744
134152192 134129942
0 0
88941 134152193
6414 134176184
134152192 134127644
0 0
91268 134152194
7526 134172622
134152192 134125280
0 0
93665 134152193
8748 134168998
134152192 134122830
0 0
96144 134152194
10064 134165312
134152192 134120324
0 0
98723 134152193
11510 134161528
134152192 134117656
0 0
101404 134152194
13060 134157688
134152192 134114954
0 0
104191 134152195
14788 134153752
134152192 134112104
0 0
107092 134152194
16570 134149694
134152192 134109124
0 0
110102 134152194
18558 134145592
134152192 134106064
0 0
113249 134152195
20646 134141322
134152192 134102870
0 0
116508 134152194
22868 134136976
134152192 134099516
0 0
119929 134152195
25286 134132480
134152192 134096016
0 0
123519 134152193
27870 134127796
134152192 134092356
0 0
127286 134152194
30646 134122994
134152192 134088514
0 0
131193 134152195
33634 134118014
134152192 134084492
0 0
135320 134152194
36792 134112826
134152192 134080252
0 0
139696 134152194
40240 134107434
134152192 134075800
0 0
144237 134152195
43896 134101818
134152192 134071090
0 0
149066 134152194
47836 134095966
134152192 134066136
0 0
154185 134152195
52060 134089824
134152192 134060826
0 0
159586 134152192
56616 134083392
134152192 134055290
0 0
165353 134152193
61506 134076640
134152192 134049382
0 0
171466 134152194
66804 134069496
134152192 134043062
0 0
177967 134152193
72504 134061944
134152192 134036320
0 0
184939 134152193
78696 134053954
134152192 134029114
0 0
192402 134152194
85388 134045464
134152192 134021370
0 0
200463 134152193
92682 134036388
134152192 134013030
0 0
209072 134152194
100574 134026672
134152192 134004092
0 0
218452 134152194
109288 134016274
134152192 133994314
0 0
228615 134152195
118780 134005036
134152192 133983718
0 0
239694 134152196
129236 133992824
134152192 133972146
0 0
251749 134152195
140770 133979586
134152192 133959470
0 0
265073 134152193
153528 133965098
134152192 133945486
0 0
279776 134152194
167760 133949180
134152192 133930026
0 0
296077 134152193
183676 133931584
134152192 133912818
0 0
314304 134152194
201568 133911978
134152192 133893552
0 0
334837 134152193
221928 133889984
134152192 133871638
0 0
358094 134152194
245122 133865108
134152192 133846818
0 0
384707 134152195
271844 133836746
134152192 133818242
0 0
415430 134152194
302942 133804004
134152192 133785078
0 0
451338 134152194
339536 133765756
134152192 133746036
0 0
493909 134152195
383214 133720444
134152192 133699470
0 0
545126 134152194
436190 133665816
134152192 133642878
0 0
607991 134152195
501792 133598578
134152192 133572620
0 0
687003 134152193
585020 133513748
134152192 133483064
0 0
789358 134152194
694034 133403130
134152192 133364938
0 0
927225 134152195
842864 133252674
134152192 133201908
0 0
1123016 134152194
1058112 133035854
134152192 132962322
0 0
1423106 134152194
1396632 132695650
134152192 132575392
0 0
1941211 134152195
2006438 132084262
134152192 131844830
0 0
3051172 134152194
3429940 130659094
134152192 129945792
0 0
7120253 134152195
10549858 123537558
134152192 112856422
100663296 100663296
24386160 134086656
12062216 121893368
393216 14240544
112595264 21098176
125673863 134086593
126966998 6988523
134086656 6102268
0 0
129471936 134086594
129815708 4139814
134086656 3882366
126838368 6855072
16561923 393153
117178210 16777312
134086656 2581426
111824896 20295680
131706901 134086641
131715560 2240009
393216 118615994
129688668 4004757
132186134 134086642
132147644 1807926
134086656 1854386
0 0
132512185 134086641
132446977 1508592
134086656 1578686
130911467 2781958
9571450 393202
3802281 130153288
134086656 9880838
0 0
132927484 134086642
132834666 1120904
393216 129586212
131591739 2101687
133068047 134086643
132967447 988124
134086656 1090202
0 0
133181224 134086644
133075094 880478
134086656 987796
132025438 1667989
6798259 393203
131896764 2058808
134086656 6920158
126100288 6020288
133352401 134086641
133238944 716626
393216 166388
132326392 1367034
133418772 134086642
133302786 652785
134086656 769358
0 0
133475889 134086641
133357862 597708
134086656 716158
132547648 1145778
4697856 393202
132277384 1678186
134086656 990848
108937216 16891904
133569159 134086653
133448196 507385
393216 129574820
132717321 976116
133607854 134086654
133485736 469846
134086656 592178
0 0
133642277 134086655
133519285 436298
134086656 559552
132851763 841674
2900540 393214
1394687 132560896
134086656 131194672
128983021 3137552
133701214 134086654
133576691 378891
393216 133737502
132961020 732418
133726573 134086655
133601481 354102
134086656 479348
0 0
133749672 134086654
133624066 331516
134086656 457242
133051637 641801
1430339 393215
131850319 2105263
134086656 131314898
0 0
133790375 134086653
133663897 291684
393216 133431850
133128128 565309
133808352 134086654
133681561 274021
134086656 400850
0 0
133824993 134086655
133697921 257662
134086656 384878
133193567 499871
369660 393214
306924 133648659
134086656 17252
130238519 1882054
133854906 134086654
133727278 228303
393216 131701544
133250320 443117
133868379 134086655
133740528 215054
134086656 342922
0 0
133880974 134086654
133752972 202609
134086656 330692
133300033 393404
133984035 393215
134057094 134116215
134086656 2565920
0 0
133904006 134086654
133775623 179959
393216 308334
133344045 349393
133914521 134086655
133785980 169603
134086656 298164
0 0
133924462 134086656
133795800 159784
134086656 288462
133383241 310197
133819637 393215
132784689 1170895
134086656 2610984
130952107 1168467
133942777 134086655
133813870 141713
393216 132966728
133418492 274947
133951274 134086656
133822235 133349
134086656 262408
0 0
133959273 134086655
133830189 125394
134086656 254578
133450312 243127
134008274 393216
751556 133204027
134086656 603402
0 0
133974324 134086656
133845019 110565
393216 132952472
133479304 214136
133981299 134086657
133851930 103655
134086656 233044
0 0
133988006 134086658
133858585 97001
134086656 226488
133505806 187633
196707 393217
133175221 780365
134086656 132902230
131419691 700884
134000565 134086655
133870986 84598
393216 328692
133530143 163297
134006442 134086656
133876847 78738
134086656 208410
0 0
134012125 134086655
133882437 73147
134086656 202850
133552616 140824
664706 393216
133876075 79509
134086656 132718740
123746304 2082816
134022863 134086653
133893088 62494
393216 132840764
133573481 119957
134027930 134086654
133898119 57464
134086656 187344
0 0
134032827 134086655
133902965 52619
134086656 182516
133592925 100513
1051502 393214
299070 133656514
134086656 134064436
131755357 365217
134042104 134086654
133912170 43413
393216 133813326
133611061 82378
134046585 134086655
133916580 39004
134086656 168998
0 0
134050852 134086654
133920817 34766
134086656 164782
133628083 65356
1255153 393215
133088973 866610
134086656 1199422
0 0
134059009 134086653
133928937 26645
393216 42238
133644053 49385
134062904 134086654
133932812 22771
134086656 152924
0 0
134066713 134086655
133936589 18995
134086656 149150
133659133 34304
1232288 393214
352410 133603174
134086656 1344126
132012312 108262
134073998 134086654
133943809 11773
393216 133001540
133673423 20015
134077511 134086655
133947294 8289
134086656 138492
0 0
134080912 134086654
133950688 4894
134086656 135134
133686986 6452
1001237 393215
133816587 138995
134086656 409034
100663296 0
134087488 134086656
133957168 134216144
393216 128672
133699776 134211392
134090647 134086657
133960308 134213005
134086656 125556
0 0
134093712 134086658
133963380 134209934
134086656 122486
133712096 134199072
631689 393217
133590984 364602
134086656 133684416
132218752 134119552
134099645 134086657
133969302 134204011
393216 133893862
133723800 134187369
134102566 134086658
133972168 134201146
134086656 113788
0 0
134105387 134086657
133974995 134198318
134086656 110972
133734987 134176182
222712 393218
418053 133537532
134086656 133558238
0 0
134110832 134086658
133980418 134192896
393216 133368730
133745777 134165393
134113475 134086659
133983045 134190270
134086656 102968
0 0
134116086 134086660
133985680 134187636
134086656 100338
133756120 134155051
134093397 393219
133396178 559410
134086656 134119466
132391552 133946752
134121153 134086657
133990714 134182600
393216 352240
133766124 134145046
134123596 134086658
133993168 134180147
134086656 92868
0 0
134126071 134086657
133995570 134177744
134086656 90470
133775794 134135376
133886770 393218
16254 133939332
134086656 429564
127220992 132825856
134130733 134086657
134000274 134173039
393216 133602948
133785055 134126114
134133072 134086658
134002564 134170750
134086656 83552
0 0
134135285 134086659
134004777 134168538
134086656 81342
133794093 134117076
133858044 393218
3869 133951718
134086656 458942
132540759 133797546
134139734 134086658
134009165 134164149
393216 133831964
133802842 134108328
134141865 134086659
134011347 134161968
134086656 74764
0 0
134144022 134086658
134013464 134159850
134086656 72654
133811321 134099849
133996163 393219
133484307 471279
134086656 161944
0 0
134148161 134086657
134017649 134155664
393216 312572
133819576 134091593
134150254 134086658
134019689 134153625
134086656 66456
0 0
134152233 134086659
134021673 134151642
134086656 64482
133827659 134083511
29920 393218
370086 133585501
134086656 134190956
132673229 133665076
134156226 134086658
134025646 134147667
393216 133484250
133835510 134075659
134158205 134086659
134027598 134145716
134086656 58574
0 0
134160074 134086658
134029512 134143801
134086656 56674
133843233 134067936
314427 393219
133720344 235241
134086656 27008
0 0
134163932 134086656
134033303 134140009
393216 52910
133850749 134060419
134165747 134086657
134035162 134138151
134086656 51012
0 0
134167608 134086658
134037020 134136294
134086656 49190
133858145 134053023
546967 393217
133949995 5591
134086656 79796
132794035 133544269
134171291 134086657
134040662 134132651
393216 96040
133865430 134045739
134173100 134086658
134042473 134130841
134086656 43740
0 0
134174875 134086657
134044247 134129066
134086656 41962
133872590 134038579
660036 393218
257702 133697883
134086656 134147754
0 0
134178390 134086658
134047751 134125563
393216 133572848
133879538 134031632
134180149 134086659
134049492 134123823
134086656 36688
0 0
134181892 134086660
134051247 134122069
134086656 34964
133886466 134024703
620997 393219
133511749 443839
134086656 133962850
132906480 133431825
134185311 134086657
134054684 134118630
393216 363800
133893289 134017881
134186988 134086658
134056375 134116940
134086656 29874
0 0
134188739 134086657
134058045 134115269
134086656 28186
133900098 134011072
438660 393218
216305 133739281
134086656 134075048
129189120 130857728
134192103 134086657
134061400 134111912
393216 134033970
133906791 134004377
134193770 134086658
134063083 134110230
134086656 23142
0 0
134195399 134086659
134064737 134108577
134086656 21526
133913389 133997779
160940 393218
134046822 134126492
134086656 280250
133013571 133324733
134198680 134086658
134068018 134105295
393216 133842386
133919979 133991190
134200349 134086659
134069662 134103652
134086656 16586
0 0
134201968 134086658
134071303 134102010
134086656 14954
133926515 133984654
134077991 393219
133733321 222264
134086656 577418
0 0
134205207 134086657
134074549 134098763
393216 484316
133932963 133978205
134206812 134086658
134076152 134097161
134086656 10124
0 0
134208453 134086659
134077783 134095531
134086656 8446
133939445 133971722
133832236 393218
382150 133573436
134086656 318516
133117654 133220650
134211682 134086658
134081033 134092279
393216 133808270
133945935 133965233
134213297 134086659
134082610 134090703
134086656 3612
0 0
134214948 134086658
134084286 134089026
134086656 2020
133952418 133958750
133703327 393219
133653499 302085
134086656 133854058
0 0
416 134086656
134087480 134085832
393216 134216512
133958784 133952384
1983 134086657
134089072 134084241
134086656 134214900
0 0
3604 134086658
134090682 134082632
134086656 134213294
133965248 133945920
133721451 393217
134213514 133959800
134086656 133417238
133220672 133117632
6849 134086657
134093906 134079407
393216 407050
133971670 133939499
8478 134086658
134095516 134077798
134086656 134208486
0 0
10101 134086657
134097123 134076190
134086656 134206858
133978155 133933014
133876006 393218
134757 133820828
134086656 133753830
0 0
13324 134086658
134100382 134072932
393216 133730984
133984643 133926527
14935 134086659
134101995 134071320
134086656 134201974
0 0
16568 134086660
134103650 134069666
134086656 134200348
133991200 133919971
134119335 393219
133604960 350628
134086656 405014
133324672 133013632
19817 134086657
134106922 134066392
393216 372808
133997760 133913410
21488 134086658
134108570 134064745
134086656 134195398
0 0
23117 134086657
134110226 134063088
134086656 134193774
134004394 133906776
161152 393218
384320 133571266
134086656 947604
130857728 129189120
26503 134086657
134113576 134059737
393216 181224
134011063 133900106
28158 134086658
134115244 134058070
134086656 134188746
0 0
29885 134086659
134116939 134056376
134086656 134187032
134017847 133893322
358752 393218
133894225 61362
134086656 546568
133431831 132906474
33246 134086658
134120343 134052971
393216 133851314
134024690 133886480
35009 134086659
134122061 134051254
134086656 134181868
0 0
36716 134086658
134123804 134049510
134086656 134180122
134031601 133879569
431951 393219
133960675 134212639
134086656 133734834
0 0
40207 134086657
134127297 134046016
393216 642238
134038654 133872515
41976 134086658
134129075 134044239
134086656 134174842
0 0
43745 134086659
134130851 134042464
134086656 134173086
134045745 133865425
350912 393218
393958 133561629
134086656 133077408
133544339 132793966
47346 134086658
134134468 134038845
393216 134118976
134053004 133858165
49175 134086659
134136296 134037018
134086656 134167642
0 0
51030 134086658
134138134 134035179
134086656 134165812
134060431 133850738
127539 393219
133587592 367993
134086656 133480292
0 0
54746 134086658
134141881 134031433
393216 134162034
134067987 133843183
56657 134086659
134143798 134029517
134086656 134160104
0 0
58550 134086660
134145738 134027578
134086656 134158206
134075639 133835531
134031065 393219
267743 133687845
134086656 365548
133665045 132673261
62477 134086659
134149632 134023683
393216 730536
134083534 133827637
64506 134086660
134151641 134021675
134086656 134152256
0 0
66529 134086659
134153615 134019700
134086656 134150250
134091598 133819573
133704414 393220
3094 133952493
134086656 1079622
0 0
70636 134086660
134157761 134015555
393216 133902056
134099858 133811314
72671 134086661
134159856 134013461
134086656 134144008
0 0
74750 134086662
134161987 134011331
134086656 134141872
134108380 133802791
133450391 393221
133709519 246071
134086656 675094
133797653 132540652
79133 134086659
134166312 134007004
393216 382608
134117069 133794103
81310 134086660
134168525 134004792
134086656 134135310
0 0
83565 134086659
134170791 134002525
134086656 134133026
134126126 133785046
133338190 393220
580773 133374815
134086656 133751076
132825856 127220992
88159 134086657
134175390 133997924
393216 611300
134135437 133775733
90526 134086658
134177751 133995564
134086656 134126052
0 0
92899 134086659
134180195 133993121
134086656 134123600
134145039 133766131
133400710 393218
133708694 246894
134086656 132990560
133946707 132391599
97816 134086658
134185098 133988217
393216 133861754
134155009 133756162
100333 134086659
134187652 133985664
134086656 134116146
0 0
102944 134086658
134190225 133983090
134086656 134113486
134165355 133745816
133624029 393219
32717 133922870
134086656 133338610
0 0
108213 134086657
134195589 133977725
393216 844942
134176155 133735015
110972 134086658
134198326 133974989
134086656 134105368
0 0
113753 134086659
134201119 133972197
134086656 134102582
134187333 133723836
133947896 393218
410058 133545530
134086656 189210
134119434 132218872
119518 134086658
134206881 133966433
393216 319436
134199071 133712099
122463 134086659
134209886 133963429
134086656 134093728
0 0
125560 134086658
134212958 133960356
134086656 134090658
134211292 133699878
60745 393219
133495995 459591
134086656 895730
0 100663296
131888 134086656
1616 133953968
393216 134084160
6528 133686912
135143 134086657
4918 133950667
134086656 134080908
0 0
138516 134086658
8286 133947300
134086656 134077526
20032 133673408
292861 393217
667564 133288022
134086656 576512
108352 132012224
145537 134086657
15340 133940245
393216 1210910
34334 133659107
149150 134086658
19020 133936566
134086656 134066692
0 0
152883 134086657
22761 133932824
134086656 134062956
49367 133644074
337672 393218
134017581 134155732
134086656 133842286
0 0
160744 134086658
30650 133924936
393216 134169538
65405 133628037
164803 134086659
34769 133920818
134086656 134050848
0 0
169010 134086660
39016 133916572
134086656 134046518
82390 133611053
146845 393219
133881362 74226
134086656 133228394
365248 131755328
177881 134086657
47956 133907630
393216 397588
100540 133592902
182536 134086658
52640 133902947
134086656 134032824
0 0
187319 134086657
57482 133898104
134086656 134027950
119936 133573506
133947342 393218
923002 133032584
134086656 133460168
2082816 123746304
197445 134086657
67714 133887871
393216 1369136
140769 133552672
202816 134086658
73096 133882490
134086656 134012164
0 0
208393 134086659
78759 133876828
134086656 134006482
163305 133530136
133374020 393218
133365547 590040
134086656 134115306
700837 131419740
220202 134086658
90693 133864893
393216 133879868
187664 133505778
226505 134086659
97051 133858536
134086656 133988020
0 0
233018 134086658
103626 133851960
134086656 133981302
214129 133479313
132764995 393219
611267 133344319
134086656 203172
0 0
247041 134086657
117801 133837784
393216 1254420
243134 133450307
254574 134086658
125387 133830199
134086656 133959300
0 0
262389 134086659
133347 133822240
134086656 133951242
274965 133418477
132266120 393218
446352 133509235
134086656 134171272
1168489 130952088
279390 134086658
150536 133805049
393216 1237798
310190 133383251
288489 134086659
159806 133795780
134086656 133924462
0 0
298134 134086658
169594 133785991
134086656 133914550
349411 133344030
132016207 393219
133282218 673367
134086656 133895252
0 0
319172 134086656
190953 133764631
393216 133892850
393347 133300093
330711 134086657
202604 133752981
134086656 133881040
0 0
342940 134086658
215042 133740544
134086656 133868390
443103 133250337
132112255 393217
1713949 132241637
134086656 134058416
1881997 130238579
369875 134086657
242472 133713113
393216 2494912
499832 133193609
384808 134086658
257663 133697923
134086656 133825012
0 0
400919 134086657
274029 133681556
134086656 133808346
565292 133128149
132579868 393218
133424616 530969
134086656 53694
0 0
436906 134086658
310745 133644841
393216 757224
641800 133051642
457237 134086659
331474 133624113
134086656 133749708
0 0
479376 134086660
354141 133601447
134086656 133726556
732456 132960985
133353293 393219
252783 133702805
134086656 133607050
3137488 128983087
530147 134086657
406162 133549424
393216 439236
841659 132851783
559556 134086658
436305 133519282
134086656 133642326
0 0
592175 134086657
469819 133485767
134086656 133607906
976052 132717390
48572 393218
2319207 131636379
134086656 131931672
16891904 108937216
669675 134086657
549674 133405910
393216 4579374
1145827 132547613
716186 134086658
597743 133357842
134086656 133475910
0 0
769419 134086659
652831 133302755
134086656 133418766
1367079 132326361
816988 393218
131636294 2319292
134086656 130864754
6020365 126100211
902676 134086658
791510 133164075
393216 133938846
1667975 132025466
987805 134086659
880494 133075092
134086656 133181198
0 0
1090240 134086658
988103 132967482
134086656 133068018
2101719 131591722
946835 393219
4760541 129195044
134086656 133114870
0 0
1374011 134086657
1289001 132666583
393216 4378144
2782009 130911431
1578724 134086658
1508638 132446947
134086656 132512152
0 0
1854441 134086659
1807909 132147677
134086656 132186086
4004761 129688678
133272432 393218
1089318 132866268
134086656 6705724
20295688 111824888
2846206 134086658
2918709 131036875
393216 14563034
6855123 126838317
3882417 134086659
4139902 129815683
134086656 129471912
0 0
6102344 134086658
6988568 126967016
134086656 125673836
21098172 112595268
111487395 393219
131277559 2678025
134086656 8182354
33553408 33553408
0 0
0 0
0 0
0 0
0 0
0 0
0 0
0 0
0 0
0 0
0 0
0 0
0 0
0 0
0 0
0 0
0 0
0 0
0 0
0 0
0 0
0 0
0 0
0 0
0 0
0 0
0 0
0 0
0 0
0 0
0 0
0 0
0 0
0 0
0 0
0 0
0 0
0 0
0 0
0 0
0 0
0 0
0 0
0 0
0 0
0 0
0 0
0 0
0 0
0 0
0 0
0 0
0 0
0 0
0 0
0 0
0 0
0 0
0 0
0 0
0 0
0 0
0 0
0 0
0 0
0 0
0 0
0 0
0 0
0 0
0 0
0 0
0 0
0 0
0 0
0 0
0 0
0 0
0 0
0 0
0 0
0 0
0 0
0 0
0 0
0 0
0 0
0 0
0 0
0 0
0 0
0 0
0 0
0 0
0 0
0 0
0 0
0 0
0 0
0 0
0 0
0 0
0 0
0 0
0 0
0 0
0 0
0 0
0 0
0 0
0 0
0 0
0 0
0 0
0 0
0 0
0 0
0 0
0 0
0 0
0 0
0 0
0 0
0 0
0 0
0 0
0 0
0 0
0 0
0 0
0 0
0 0
0 0
0 0
0 0
0 0
0 0
0 0
0 0
0 0
0 0
0 0
0 0
0 0
0 0
0 0
0 0
0 0
0 0
0 0
0 0
0 0
0 0
0 0
0 0
0 0
0 0
0 0
0 0
0 0
0 0
0 0
0 0
0 0
0 0
0 0
0 0
0 0
0 0
0 0
0 0
0 0
0 0
0 0
0 0
0 0
0 0
0 0
0 0
0 0
0 0
0 0
0 0
0 0
0 0
0 0
0 0
0 0
0 0
0 0
0 0
0 0
0 0
0 0
0 0
0 0
0 0
0 0
0 0
0 0
0 0
0 0
0 0
0 0
0 0
0 0
0 0
0 0
0 0
0 0
0 0
0 0
0 0
0 0
0 0
0 0
0 0
0 0
0 0
0 0
0 0
0 0
0 0
0 0
0 0
0 0
0 0
0 0
0 0
0 0
0 0
0 0
0 0
0 0
0 0
0 0
0 0
0 0
0 0
0 0
0 0
0 0
0 0
0 0
0 0
0 0
0 0
0 0
0 0
0 0
0 0
0 0
0 0
0 0
0 0
0 0
0 0
0 0
0 0
0 0
0 0
0 0
0 0
0 0
0 0
0 0
0 0
0 0
0 0
0 0
0 0
0 0
0 0
0 0
0 0
0 0
0 0
0 0
0 0
0 0
0 0
0 0
0 0
0 0
0 0
0 0
0 0
0 0
0 0
0 0
0 0
0 0
0 0
0 0
0 0
0 0
0 0
0 0
0 0
0 0
0 0
0 0
0 0
0 0
0 0
0 0
0 0
0 0
0 0
0 0
0 0
0 0
0 0
0 0
0 0
0 0
0 0
0 0
0 0
0 0
0 0
0 0
0 0
0 0
0 0
0 0
0 0
0 0
0 0
0 0
0 0
0 0
0 0
0 0
0 0
0 0
0 0
0 0
0 0
0 0
0 0
0 0
0 0
0 0
0 0
0 0
0 0
0 0
0 0
0 0
0 0
0 0
0 0
0 0
0 0
0 0
0 0
0 0
0 0
0 0
0 0
0 0
0 0
0 0
0 0
0 0
0 0
0 0
0 0
0 0
0 0
0 0
0 0
0 0
0 0
0 0
0 0
0 0
0 0
0 0
0 0
0 0
0 0
0 0
0 0
0 0
0 0
0 0
0 0
0 0
0 0
0 0
0 0
0 0
0 0
0 0
0 0
0 0
0 0
0 0
0 0
0 0
0 0
0 0
0 0
0 0
0 0
0 0
0 0
0 0
0 0
0 0
0 0
0 0
0 0
0 0
0 0
0 0
0 0
0 0
0 0
0 0
0 0
0 0
0 0
0 0
0 0
0 0
0 0
0 0
0 0
0 0
0 0
0 0
0 0
0 0
0 0
0 0
0 0
0 0
0 0
0 0
0 0
0 0
0 0
0 0
0 0
0 0
0 0
0 0
0 0
0 0
0 0
0 0
0 0
0 0
0 0
0 0
0 0
0 0
0 0
0 0
0 0
0 0
0 0
0 0
0 0
0 0
0 0
0 0
0 0
0 0
0 0
0 0
0 0
0 0
0 0
0 0
0 0
0 0
0 0
0 0
0 0
0 0
0 0
0 0
0 0
0 0
0 0
0 0
0 0
0 0
0 0
0 0
0 0
0 0
0 0
0 0
0 0
0 0
0 0
0 0
0 0
0 0
0 0
0 0
0 0
0 0
0 0
0 0
0 0
0 0
0 0
0 0
0 0
0 0
0 0
0 0
0 0
0 0
0 0
0 0
0 0
0 0
0 0
0 0
0 0
0 0
0 0
0 0
0 0
0 0
0 0
0 0
0 0
0 0
0 0
0 0
0 0
0 0
0 0
0 0
0 0
0 0
0 0
0 0
0 0
0 0
0 0
0 0
0 0
0 0
0 0
0 0
0 0
0 0
0 0
0 0
0 0
0 0
0 0
0 0
0 0
0 0
0 0
0 0
0 0
0 0
0 0
0 0
0 0
0 0
0 0
0 0
0 0
0 0
0 0
0 0
0 0
0 0
0 0
0 0
0 0
0 0
0 0
0 0
0 0
0 0
0 0
0 0
0 0
0 0
0 0
0 0
0 0
0 0
0 0
0 0
0 0
0 0
0 0
0 0
0 0
0 0
0 0
0 0
0 0
0 0
0 0
0 0
0 0
0 0
0 0
0 0
0 0
0 0
0 0
0 0
0 0
0 0
0 0
0 0
0 0
0 0
0 0
0 0
0 0
0 0
0 0
0 0
0 0
0 0
0 0
0 0
0 0
0 0
0 0
0 0
0 0
0 0
0 0
0 0
0 0
0 0
0 0
0 0
0 0
0 0
0 0
0 0
0 0
0 0
0 0
0 0
0 0
0 0
0 0
0 0
0 0
0 0
0 0
0 0
0 0
0 0
0 0
0 0
0 0
0 0
0 0
0 0
0 0
0 0
0 0
0 0
0 0
0 0
0 0
0 0
0 0
0 0
0 0
0 0
0 0
0 0
0 0
0 0
0 0
0 0
0 0
0 0
0 0
0 0
0 0
0 0
0 0
0 0
0 0
0 0
0 0
0 0
0 0
0 0
0 0
0 0
0 0
0 0
0 0
0 0
0 0
0 0
0 0
0 0
0 0
0 0
0 0
0 0
0 0
0 0
0 0
0 0
0 0
0 0
0 0
0 0
0 0
0 0
0 0
0 0
0 0
0 0
0 0
0 0
0 0
0 0
0 0
0 0
0 0
0 0
0 0
0 0
0 0
0 0
0 0
0 0
0 0
0 0
0 0
0 0
0 0
0 0
0 0
0 0
0 0
0 0
0 0
0 0
0 0
0 0
0 0
0 0
0 0
0 0
0 0
0 0
0 0
0 0
0 0
0 0
0 0
0 0
0 0
0 0
0 0
0 0
0 0
0 0
0 0
0 0
0 0
0 0
0 0
0 0
0 0
0 0
0 0
0 0
0 0
0 0
0 0
0 0
0 0
0 0
0 0
0 0
0 0
0 0
0 0
0 0
0 0
0 0
0 0
0 0
0 0
0 0
0 0
0 0
0 0
0 0
0 0
0 0
0 0
0 0
0 0
0 0
0 0
0 0
0 0
0 0
0 0
0 0
0 0
0 0
0 0
0 0
0 0
0 0
0 0
0 0
0 0
0 0
0 0
0 0
0 0
0 0
0 0
0 0
0 0
0 0
0 0
0 0
0 0
0 0
0 0
0 0
0 0
0 0
0 0
0 0
0 0
0 0
0 0
0 0
0 0
0 0
0 0
0 0
0 0
0 0
0 0
0 0
0 0
0 0
0 0
0 0
0 0
0 0
0 0
0 0
0 0
0 0
0 0
0 0
0 0
0 0
0 0
0 0
0 0
0 0
0 0
0 0
0 0
0 0
0 0
0 0
0 0
0 0
0 0
0 0
0 0
0 0
0 0
0 0
0 0
0 0
0 0
0 0
0 0
0 0
0 0
0 0
0 0
0 0
0 0
0 0
0 0
0 0
0 0
0 0
0 0
0 0
0 0
0 0
0 0
0 0
0 0
0 0
0 0
0 0
0 0
0 0
0 0
0 0
0 0
0 0
0 0
0 0
0 0
0 0
0 0
0 0
0 0
0 0
0 0
0 0
0 0
0 0
0 0
0 0
0 0
0 0
0 0
0 0
0 0
0 0
0 0
0 0
0 0
0 0
0 0
0 0
0 0
0 0
0 0
0 0
0 0
0 0
0 0
0 0
0 0
0 0
0 0
0 0
0 0
0 0
0 0
0 0
0 0
0 0
0 0
0 0
0 0
0 0
0 0
0 0
0 0
0 0
0 0
0 0
0 0
0 0
0 0
0 0
0 0
0 0
0 0
0 0
0 0
0 0
0 0
0 0
0 0
0 0
0 0
0 0
0 0
0 0
0 0
0 0
0 0
0 0
0 0
0 0
0 0
0 0
0 0
0 0
0 0
0 0
0 0
0 0
0 0
0 0
0 0
0 0
0 0
0 0
0 0
0 0
0 0
0 0
0 0
0 0
0 0
125435904 10355200
129253136 134027542
56669 5277279
59626 1738107
93865 134187137
133226082 134127855
134149224 1756739
134205814 743841
46919 134202792
133668471 134138970
134124181 1050870
134186313 471845
31262 134207984
133839270 134143261
134113441 747116
134177178 344319
23431 134210629
133930217 134145552
134107478 577472
134171904 270086
18725 134212185
133986914 134146952
134103676 468665
134168457 221254
15588 134213220
134025824 134147883
134101022 392656
134166035 186576
13346 134213954
134054277 134148572
134099104 336334
134164227 160541
11659 134214508
134076136 134149091
134097618 292685
134162833 140188
10345 134214931
134093533 134149487
134096442 257778
134161722 123784
9291 134215264
134107713 134149811
134095495 229059
134160810 110190
8426 134215543
134119599 134150065
134094713 204930
134160066 98715
7713 134215761
134129750 134150270
134094051 184214
134159436 88838
7098 134215956
134138546 134150454
134093480 166235
134158884 80224
6569 134216100
134146294 134150614
134092996 150387
134158407 72594
6116 134216237
134153195 134150736
134092557 136222
134158005 65751
7808757 130984271
134159409 134150855
134092185 123476
134157642 59580
5361 134216459
134165047 134150959
134091845 111849
134157296 53958
5046 134216554
134170250 134151041
134091563 101159
134157022 48740
4761 134216624
134175051 134151106
134091290 91216
134156753 43891
4503 134216691
134179541 134151159
134091034 81999
134156515 39374
4268 134216750
134183750 134151221
134090813 73277
134156297 35123
4052 134216789
134187728 134151269
134090611 65066
134156086 31078
3857 134216834
134191515 134151301
134090423 57222
134155917 27215
3681 134216865
134195166 134151340
134090262 49717
134155741 23515
3516 134216888
134198664 134151354
134090094 42470
134155589 19924
3361 134216905
134202052 134151375
134089946 35468
134155431 16474
3216 134216931
134205327 134151406
134089812 28646
134155304 13088
3080 134216939
134208582 134151410
134089670 21959
134155182 9773
2951 134216945
134211757 134151410
134089549 15385
134155066 6491
2838 134216942
134214873 134151416
134089437 8897
134154941 3251
2726 134216950
290 134151422
134089332 2428
134154838 2
130640286 127671051
3401 134151397
134089225 134213721
134154742 134214516
2528 134216930
6515 134151388
134089132 134207261
134154641 134211283
2428 134216917
9662 134151378
134089031 134200736
134154551 134207993
2342 134216896
12853 134151360
134088943 134194134
134154465 134204677
2254 134216870
16099 134151326
134088871 134187428
134154386 134201277
2175 134216838
19430 134151295
134088794 134180556
134154320 134197813
2092 134216802
22852 134151264
134088705 134173478
134154225 134194238
2023 134216754
26350 134151220
134088641 134166180
134154154 134190527
1949 134216708
30022 134151179
134088559 134158586
134154095 134186653
1887 134216659
33855 134151111
134088502 134150665
134154042 134182597
1816 134216593
37858 134151052
134088435 134142281
134153944 134178334
1754 134216523
42102 134150963
134088371 134133465
134153908 134173836
1686 134216438
46636 134150880
134088319 134124086
134153855 134169003
1629 134216346
51466 134150783
134088263 134114004
134153790 134163824
1579 134216234
56703 134150664
134088202 134103147
134153727 134158210
1525 134216119
62383 134150538
134088138 134091295
134153676 134152092
2005085 129378759
68626 134150404
134088102 134078229
134153621 134145312
1414 134215817
75513 134150245
134088045 134063781
134153584 134137808
1364 134215633
83233 134150053
134087997 134047569
134153532 134129338
1319 134215410
91975 134149817
134087948 134029189
134153455 134119706
1265 134215161
101986 134149562
134087907 134008031
134153432 134108574
1219 134214855
113663 134149226
134087856 133983306
134153378 134095532
1180 134214483
127471 134148843
134087809 133953874
134153318 134079878
1134 134214032
144208 134148365
134087770 133918070
134153285 134060736
1089 134213462
164960 134147757
134087720 133873330
134153242 134036614
1048 134212731
191530 134146977
134087676 133815517
134153200 134005169
1002 134211755
226975 134145913
134087642 133737481
134153167 133962122
958 134210361
276879 134144391
134087598 133625766
134153136 133899353
921 134208289
352906 134142060
134087567 133451416
134153088 133798580
878 134204823
483408 134138022
134087525 133139332
134153042 133609224
840 134197877
761885 134129361
134087475 132414036
134153013 133118627
804 134177026
1780096 134097586
134087446 128796019
134152961 128711789
133693952 6292480
128878418 102382
134087467 5423821
134152925 1835968
735 42751
133151730 134186591
134087362 1805741
134152887 785908
709 21916
133627458 134171779
134087329 1080452
134152855 498755
658 14952
133811070 134166083
134087291 768350
134152823 364168
625 11483
133908773 134163062
134087255 594025
134152793 285795
582 9404
133969657 134161199
134087221 482288
134152737 234306
548 8020
134011397 134159936
134087189 404251
134152703 197746
511 7035
134041902 134159017
134087155 346441
134152676 170342
481 6292
134065316 134158319
134087120 301679
134152648 148941
445 5715
134083889 134157775
134087075 265883
134152607 131691
411 5254
134099053 134157361
134087049 236417
134152582 117428
372 4883
134111734 134156984
134087016 211707
134152541 105392
339 4571
134122544 134156704
134086975 190524
134152496 95044
303 4305
134131901 134156445
134086950 172127
134152458 86010
269 4078
134140099 134156219
134086900 155925
134152433 78058
223 3888
134147409 134156034
134086875 141454
134152407 70903
266467 646625
134153959 134155873
134086828 128429
134152356 64476
159 3567
134159931 134155723
134086800 116568
134152320 58618
121 3431
134165401 134155592
134086759 105647
134152280 53200
90 3307
134170449 134155474
134086723 95541
134152241 48171
49 3203
134175121 134155365
134086690 86149
134152222 43505
14 3106
134179537 134155270
134086655 77293
134152183 39107
134217706 3013
134183697 134155186
134086600 68955
134152132 34930
134217654 2939
134187650 134155104
134086580 60993
134152085 30967
134217626 2856
134191416 134155030
134086524 53395
134152057 27167
134217582 2794
134195040 134154964
134086492 46054
134152019 23488
134217544 2726
134198526 134154911
134086451 38979
134151962 19949
134217507 2664
134201929 134154844
134086417 32071
134151945 16495
134217461 2610
134205238 134154782
134086365 25326
134151891 13112
134217419 2559
134208498 134154737
134086328 18702
134151834 9791
134217367 2503
134211720 134154697
134086268 12148
134151790 6514
134217322 2462
134214894 134154632
134086220 5646
134151750 3224
613791 133097034
335 134154595
134086183 134216899
134151702 134217694
134217234 2368
3515 134154554
134086128 134210419
134151655 134214417
134217178 2327
6696 134154506
134086085 134203864
134151607 134211107
134217120 2286
9941 134154466
134086023 134197252
134151541 134207777
134217068 2246
13195 134154430
134085965 134190518
134151504 134204385
134217011 2210
16562 134154387
134085906 134183640
134151426 134200899
134216944 2168
19962 134154348
134085847 134176584
134151365 134197326
134216887 2134
23490 134154324
134085783 134169278
134151294 134193627
134216809 2094
27168 134154277
134085701 134161706
134151217 134189779
134216737 2057
30979 134154243
134085628 134153791
134151148 134185741
134216658 2021
34972 134154210
134085547 134145453
134151068 134181528
134216574 1973
39200 134154169
134085463 134136677
134150964 134177036
134216484 1938
43694 134154118
134085357 134127334
134150889 134172273
134216383 1896
48492 134154079
134085253 134117310
134150780 134167154
134216281 1854
53675 134154036
134085140 134106497
134150667 134161598
134216167 1799
59259 134153986
134085014 134094735
134150516 134155564
131893113 133257275
65436 134153934
134084889 134081798
134150392 134148883
134215883 1700
72239 134153881
134084732 134067454
134150212 134141508
134215714 1643
79823 134153825
134084553 134051377
134150038 134133186
134215534 1577
88420 134153748
134084352 134033153
134149828 134123739
134215307 1499
98246 134153674
134084112 134012214
134149592 134112806
134215065 1409
109718 134153585
134083850 133987726
134149282 134099996
134214760 1315
123279 134153459
134083504 133958597
134148966 134084666
134214398 1192
139644 134153345
134083094 133923164
134148540 134065917
134213941 1034
159983 134153178
134082611 133878873
134147990 134042322
134213365 842
185959 134152968
134081947 133821694
134147282 134011533
134212600 587
220638 134152696
134081056 133744533
134146316 133969417
134211545 238
269428 134152318
134079777 133634063
134144914 133908041
134209969 134217439
343710 134151734
134077770 133461687
134142612 133809528
134207339 134216564
471194 134150716
134074187 133153176
134138313 133624443
134202112 134214823
743181 134148547
134065811 132436176
134127174 133144964
134186452 134209606
1737604 134140586
134024079 128859900
134027037 128838233
125960192 126487040
129002806 134196224
134149293 5362443
134193900 1795507
31271 12735
133176002 134162839
134107490 1786153
134170032 769293
15629 7518
133640639 134159128
134099127 1069184
134163523 488639
10390 5780
133820006 134157693
134095535 760654
134160492 357067
7759 4909
133915457 134156944
134093544 588320
134158690 280450
6181 4391
133974970 134156482
134092260 477831
134157543 230100
5122 4038
134015786 134156159
134091360 400668
134156727 194348
4360 3794
134045631 134155940
134090706 343502
134156105 167541
3789 3606
134068508 134155767
134090206 299233
134155641 146586
3337 3463
134086713 134155619
134089802 263816
134155252 129692
2971 3356
134101547 134155525
134089471 234683
134154928 115724
2672 3257
134113985 134155433
134089193 210212
134154662 103949
2417 3181
134124566 134155354
134088965 189240
134154454 93800
2204 3116
134133760 134155298
134088766 171033
134154244 84948
2011 3070
134141808 134155238
134088576 154999
134154079 77142
1848 3019
134148983 134155212
134088423 140660
134153919 70145
2324613 133258503
134155431 134155169
134088289 127750
134153788 63834
1565 2951
134161309 134155129
134088153 116007
134153682 58084
1452 2922
134166694 134155103
134088061 105189
134153562 52772
1345 2902
134171683 134155094
134087952 95172
134153473 47843
1247 2879
134176319 134155073
134087854 85871
134153367 43232
1150 2860
134180672 134155045
134087769 77093
134153263 38909
1072 2849
134184784 134155039
134087697 68834
134153214 34830
985 2836
134188669 134155025
134087605 60950
134153131 30925
917 2827
134192422 134155020
134087538 53377
134153045 27179
852 2824
134196022 134155020
134087472 46108
134152975 23582
783 2821
134199478 134155017
134087416 39096
134152923 20104
722 2815
134202859 134155002
134087360 32260
134152888 16682
660 2817
134206190 134155010
134087284 25559
134152826 13367
601 2819
134209407 134155014
134087237 18991
134152774 10091
556 2826
134212625 134155006
134087177 12487
134152699 6879
492 2824
134215804 134155008
134087132 6044
134152656 3628
133603938 2354421
1249 134155033
134087081 134217345
134152604 422
400 2850
4403 134155048
134087034 134210915
134152565 134214931
352 2857
7616 134155052
134086979 134204428
134152505 134211703
314 2872
10851 134155066
134086933 134197868
134152469 134208417
268 2888
14141 134155084
134086907 134191184
134152426 134205073
229 2908
17500 134155105
134086866 134184356
134152378 134201651
184 2926
20946 134155130
134086815 134177384
134152351 134198136
141 2960
24488 134155146
134086779 134170138
134152296 134194481
103 2982
28192 134155177
134086733 134162628
134152255 134190729
59 3015
32031 134155207
134086708 134154787
134152240 134186771
22 3055
36092 134155250
134086653 134146547
134152202 134182612
134217714 3095
40342 134155303
134086617 134137839
134152162 134178218
134217680 3132
44892 134155336
134086587 134128578
134152123 134173539
134217639 3180
49766 134155391
134086555 134118660
134152084 134168518
134217601 3244
55005 134155446
134086514 134107935
134152027 134163078
134217571 3309
60689 134155528
134086476 134096285
134152008 134157156
133951261 646287
66966 134155584
134086444 134083485
134151977 134150626
134217498 3459
73877 134155669
134086405 134069267
134151946 134143382
134217462 3555
81613 134155777
134086367 134053387
134151910 134135236
134217427 3668
90373 134155893
134086340 134035353
134151845 134125974
134217391 3799
100380 134156024
134086301 134014627
134151824 134115282
134217357 3957
112061 134156194
134086260 133990406
134151796 134102746
134217324 4143
125907 134156395
134086227 133961594
134151758 134087754
134217288 4370
142630 134156639
134086200 133926544
134151723 134069420
134217251 4656
163390 134156941
134086158 133882766
134151698 134046342
134217210 5023
189974 134157351
134086124 133826227
134151658 134016259
134217174 5523
225421 134157865
134086090 133749957
134151625 133975102
134217140 6221
275351 134158629
134086046 133640752
134151572 133915141
134217107 7263
351376 134159802
134086023 133470342
134151558 133818890
134217066 9005
481878 134161828
134085985 133165436
134151504 133638088
134217032 12477
760349 134166173
134085951 132456776
134151467 133169743
134216990 22912
1778574 134182052
134085900 128922223
134151427 128963147
118226432 132122624
128876868 134070792
134085875 5299601
134151409 1753534
134216925 134198917
133150178 134137571
134085840 1765039
134151359 751162
134216887 134209346
133625916 134144983
134085791 1056410
134151325 477009
134216846 134212824
133809534 134147831
134085753 751464
134151283 348470
134216805 134214567
133907225 134149338
134085711 581111
134151241 273625
134216760 134215612
133968107 134150279
134085675 471896
134151195 224416
134216718 134216310
134009853 134150914
134085641 395605
134151155 189486
134216679 134216809
134040354 134151383
134085591 339071
134151104 163264
134216639 134217190
134063740 134151731
134085548 295323
134151086 142773
134216597 134217487
134082321 134152023
134085505 260291
134151027 126253
134216551 134217722
134097483 134152231
134085457 231461
134150980 112590
134216510 185
134110142 134152422
134085418 207271
134150927 101056
134216463 347
134120936 134152580
134085361 186518
134150898 91114
134216419 487
134130273 134152715
134085324 168489
134150830 82462
134216367 612
134138455 134152833
134085260 152601
134150785 74802
134216309 720
134145761 134152934
134085209 138416
134150725 67945
132212643 129381321
134152293 134153011
134085166 125629
134150690 61746
134216207 899
134158249 134153109
134085106 113996
134150630 56100
134216149 969
134163703 134153184
134085057 103293
134150568 50896
134216096 1043
134168713 134153242
134084999 93351
134150513 46027
134216037 1103
134173379 134153323
134084930 84141
134150460 41525
134215976 1164
134177769 134153384
134084871 75429
134150393 37277
134215914 1225
134181891 134153430
134084804 67233
134150324 33246
134215848 1271
134185814 134153486
134084744 59403
134150255 29409
134215780 1324
134189544 134153526
134084664 51911
134150189 25723
134215710 1370
134193154 134153590
134084598 44696
134150113 22154
134215624 1424
134196604 134153625
134084523 37717
134150040 18741
134215551 1466
134199961 134153676
134084439 30927
134149963 15375
134215475 1510
134203250 134153714
134084357 24272
134149865 12096
134215381 1557
134206482 134153759
134084278 17742
134149790 8855
134215295 1605
134209638 134153801
134084178 11300
134149702 5660
134215204 1644
134212760 134153854
134084072 4870
134149592 2470
3577441 13707702
134215883 134153891
134083983 134216227
134149492 134217036
134215002 1728
1271 134153930
134083870 134209829
134149391 134213853
134214890 1775
4398 134153980
134083757 134203352
134149273 134210645
134214772 1822
7571 134154032
134083641 134196826
134149133 134207377
134214646 1872
10757 134154080
134083501 134190190
134149008 134204077
134214513 1924
14028 134154141
134083362 134183400
134148872 134200689
134214372 1980
17356 134154182
134083221 134176430
134148719 134197200
134214213 2032
20796 134154230
134083065 134169216
134148560 134193589
134214043 2092
24390 134154299
134082883 134161768
134148385 134189855
134213865 2153
28087 134154359
134082698 134153957
134148194 134185935
134213672 2215
31970 134154424
134082493 134145715
134147982 134181802
134213458 2293
36032 134154493
134082273 134137051
134147754 134177446
134213226 2368
40390 134154582
134082025 134127826
134147489 134172797
134212965 2458
45028 134154675
134081761 134117942
134147226 134167804
134212683 2544
50009 134154758
134081460 134107277
134146907 134162414
134212369 2653
55433 134154880
134081132 134095661
134146576 134156540
126408973 130988399
61352 134154994
134080753 134082892
134146190 134150055
134211617 2900
67899 134155125
134080322 134068742
134145730 134142862
134211156 3045
75179 134155281
134079827 134052907
134145232 134134776
134210636 3221
83424 134155450
134079268 134034929
134144636 134125577
134210017 3417
92844 134155668
134078596 134014288
134143964 134114950
134209303 3659
103822 134155915
134077814 133990150
134143120 134102518
134208440 3935
116771 134156227
134076852 133961447
134142138 134087650
134207380 4286
132438 134156583
134075672 133926518
134140904 134069435
134206067 4720
151823 134157032
134074219 133882911
134139318 134046530
134204389 5280
176649 134157632
134072277 133826586
134137236 134016675
134202136 6011
209714 134158430
134069636 133750593
134134360 133975835
134199001 7056
256218 134159582
134065839 133641803
134130142 133916337
134194295 8613
327004 134161328
134059868 133472079
134123338 133820838
134186461 11216
448416 134164354
134049135 133168332
134110501 133641449
134170808 16427
707409 134170855
134024079 132462468
134077110 133176818
134123866 32064
1654162 134194692
133898907 128941806
133776691 129003571
